frame,t,mode,sub,x_m,y_m,z_m,vx,vy,vz,speed_mps,hspeed_mps,height_above_floor_m,anchor_x,anchor_y,anchor_z,rope_m,tension,chain,trick,zip_target,zt_x,zt_y,zt_z,cam_x,cam_y,cam_z,cam_yaw_deg,cam_pitch_deg,cam_vfov_deg,cam_dist_m,motion_blur,in_move_x,in_move_y,in_swing,in_jump,in_sprint,in_zip,in_drop,in_quick,cam_orbit_pitch_deg,cam_auto_pitch_deg,cam_occ_hold,hero_bbox_h,hero_bbox_w,hero_cy,hero_in_frame,cam_hero_dist_m,cam_in_geometry,frame_s_target,in_trick,anim_node,anim_clip,anim_weight,air_flavor,pose_sig,pcm_x,pcm_y,pcm_z,pcm_pitch,pcm_yaw,pcm_fov,px_top,px_bottom,px_left,px_right,head_hip_dz,limb_z,body_rope_deg,web_on,wall_frac,hero_occl,hero_cx,pcm_roll,flip_prog,flip_t,flip_pitch_deg,flip_twist_deg,flip_rate_dps,flip_shape,flip_shape_legs,body_axis_deg,body_pitch_deg,body_roll_deg,flip_armed,flipcam_k,flipcam_yaw_deg,flipcam_elev_deg,flipcam_sky,sky_tall_m,sky_peak_want_m
0,0.0000,air,apex,-250.000,190.400,27.997,0.000,24.000,-0.220,24.001,24.000,26.884,0.00,0.00,0.00,0.00,0.000,0,,0,0.00,0.00,0.00,-250.300,187.000,28.597,84.96,-14.80,58.01,3.466,0.000,0.00,1.00,0,0,0,0,0,0,-14.80,-7.19,-0.02,0.4449,0.2598,0.4531,1,3.466,0,0.424,0,None,None,1.000,-1,0.011 0.586 -0.684 0.442 0.631 0.166 -0.361 -0.742 0.160 -0.396,-250.30,186.60,28.60,-14.83,84.96,89.17,228,692,696,1152,0.579,0.387 0.135 -0.727 -0.235,-1.0,0,0.000,0.000,0.4957,0.00,,-1.000,0.0,0.0,0.0,,,10.2,10.2,0.2,,0.000,0.0,11.5,-1.00,-1.0,0.0
1,0.0167,air,apex,-250.000,190.800,27.991,0.000,24.000,-0.440,24.004,24.000,26.878,0.00,0.00,0.00,0.00,0.000,0,,0,0.00,0.00,0.00,-250.300,187.033,28.596,85.45,-13.93,58.03,3.827,0.000,0.00,1.00,0,0,0,0,0,0,-13.93,-7.99,-0.03,0.4067,0.2121,0.4493,1,3.827,0,0.424,0,air_rise,airRise,1.000,2,-0.018 0.577 -0.561 0.056 0.558 0.070 -0.082 -0.883 0.133 -0.880,-250.30,187.00,28.60,-14.80,84.96,89.17,208,712,768,1160,0.592,0.045 0.082 -0.900 -0.893,-1.0,0,0.000,0.000,0.5009,-0.00,,-1.000,0.0,0.0,0.0,,,2.1,1.0,-1.9,,0.000,0.0,11.5,-1.00,-1.0,0.0
2,0.0333,air,apex,-250.000,191.200,27.981,0.000,24.000,-0.660,24.009,24.000,26.868,0.00,0.00,0.00,0.00,0.000,0,,0,0.00,0.00,0.00,-250.300,187.132,28.593,85.78,-13.37,58.07,4.125,0.000,0.00,1.00,0,0,0,0,0,0,-13.37,-9.12,-0.05,0.4698,0.0865,0.4016,1,4.125,0,0.424,0,air_rise,airRise,1.000,2,-0.040 0.564 -0.109 0.835 0.063 0.842 -0.134 -0.695 0.200 -0.787,-250.30,187.03,28.60,-13.93,85.45,89.20,180,688,880,1028,0.590,0.773 0.783 -0.711 -0.717,-1.0,0,0.000,0.000,0.4992,0.00,,-1.000,0.0,0.0,0.0,,,5.9,-4.7,-3.6,,0.000,0.0,11.5,-1.00,-1.0,0.0
3,0.0500,air,apex,-250.000,191.600,27.967,0.000,24.000,-0.880,24.016,24.000,26.854,0.00,0.00,0.00,0.00,0.000,0,,0,0.00,0.00,0.00,-250.300,187.300,28.588,86.01,-13.03,58.12,4.355,0.000,0.00,1.00,0,0,0,0,0,0,-13.03,-10.43,-0.07,0.4383,0.0858,0.4027,1,4.355,0,0.424,0,air_rise,airRise,1.000,2,-0.055 0.567 -0.130 0.827 0.042 0.840 -0.115 -0.703 0.219 -0.775,-250.30,187.13,28.59,-13.37,85.78,89.24,204,672,884,1024,0.590,0.762 0.778 -0.714 -0.703,-1.0,0,0.000,0.000,0.4998,-0.00,,-1.000,0.0,0.0,0.0,,,6.2,-3.5,-5.1,,0.000,0.0,11.5,-1.00,-1.0,0.0
4,0.0667,air,apex,-250.000,192.000,27.950,0.000,24.000,-1.100,24.025,24.000,26.837,0.00,0.00,0.00,0.00,0.000,0,,0,0.00,0.00,0.00,-250.300,187.527,28.579,86.16,-12.82,58.18,4.527,0.000,0.00,1.00,0,0,0,0,0,0,-12.82,-11.83,-0.08,0.4152,0.0855,0.4037,1,4.527,0,0.424,0,air_rise,airRise,1.000,2,-0.068 0.570 -0.146 0.819 0.026 0.835 -0.100 -0.708 0.234 -0.763,-250.30,187.30,28.59,-13.03,86.01,89.30,220,656,884,1024,0.589,0.751 0.770 -0.715 -0.688,-1.0,0,0.000,0.000,0.5002,0.00,,-1.000,0.0,0.0,0.0,,,6.8,-2.3,-6.4,,0.000,0.0,11.5,-1.00,-1.0,0.0
5,0.0833,air,apex,-250.000,192.400,27.928,0.000,24.000,-1.320,24.036,24.000,26.815,0.00,0.00,0.00,0.00,0.000,0,,0,0.00,0.00,0.00,-250.299,187.810,28.566,86.27,-12.73,58.25,4.644,0.000,0.00,1.00,0,0,0,0,0,0,-12.73,-13.26,-0.10,0.3988,0.0854,0.4046,1,4.644,0,0.424,0,air_rise,airRise,1.000,2,-0.077 0.573 -0.157 0.811 0.014 0.830 -0.089 -0.712 0.244 -0.753,-250.30,187.53,28.58,-12.82,86.16,89.37,232,644,884,1028,0.588,0.739 0.761 -0.715 -0.674,-1.0,0,0.000,0.000,0.5005,0.00,,-1.000,0.0,0.0,0.0,,,7.5,-1.0,-7.4,,0.000,0.0,11.5,-1.00,-1.0,0.0
6,0.1000,air,apex,-250.000,192.800,27.904,0.000,24.000,-1.540,24.049,24.000,26.791,0.00,0.00,0.00,0.00,0.000,0,,0,0.00,0.00,0.00,-250.294,188.209,28.551,86.34,-12.84,58.33,4.645,0.000,0.00,1.00,0,0,0,0,0,0,-12.84,-14.67,-0.12,0.3934,0.0865,0.4053,1,4.645,0,0.424,0,air_rise,airRise,1.000,2,-0.083 0.575 -0.164 0.803 0.007 0.825 -0.083 -0.715 0.249 -0.743,-250.30,187.81,28.57,-12.73,86.27,89.46,244,636,884,1028,0.588,0.726 0.751 -0.713 -0.659,-1.0,0,0.000,0.000,0.5007,-0.00,,-1.000,0.0,0.0,0.0,,,8.1,0.3,-8.1,,0.000,0.0,11.5,-1.00,-1.0,0.0
7,0.1167,air,apex,-250.000,193.200,27.875,0.000,24.000,-1.760,24.064,24.000,26.762,0.00,0.00,0.00,0.00,0.000,0,,0,0.00,0.00,0.00,-250.290,188.609,28.531,86.39,-12.95,58.41,4.647,0.000,0.00,1.00,0,0,0,0,0,0,-12.95,-16.02,-0.13,0.3884,0.0867,0.4061,1,4.647,0,0.424,0,air_rise,airRise,1.000,2,-0.085 0.577 -0.164 0.796 0.006 0.818 -0.081 -0.717 0.250 -0.735,-250.29,188.21,28.55,-12.84,86.34,89.55,244,636,884,1028,0.587,0.715 0.740 -0.711 -0.647,-1.0,0,0.000,0.000,0.5008,-0.00,,-1.000,0.0,0.0,0.0,,,8.5,1.6,-8.3,,0.000,0.0,11.5,-1.00,-1.0,0.0
8,0.1333,air,apex,-250.000,193.600,27.843,0.000,24.000,-1.980,24.082,24.000,26.730,0.00,0.00,0.00,0.00,0.000,0,,0,0.00,0.00,0.00,-250.287,189.009,28.508,86.42,-13.05,58.50,4.648,0.000,0.00,1.00,0,0,0,0,0,0,-13.05,-17.29,-0.15,0.3837,0.0857,0.4071,1,4.648,0,0.425,0,air_rise,airRise,1.000,2,-0.082 0.579 -0.160 0.790 0.010 0.811 -0.085 -0.718 0.245 -0.728,-250.29,188.61,28.53,-12.95,86.39,89.64,248,636,884,1028,0.587,0.704 0.728 -0.707 -0.635,-1.0,0,0.000,0.000,0.5008,0.00,,-1.000,0.0,0.0,0.0,,,8.6,2.8,-8.1,,0.000,0.0,11.5,-1.00,-1.0,0.0
9,0.1500,air,apex,-250.000,194.000,27.807,0.000,24.000,-2.200,24.101,24.000,26.694,0.00,0.00,0.00,0.00,0.000,0,,0,0.00,0.00,0.00,-250.286,189.409,28.482,86.44,-13.16,58.59,4.649,0.000,0.00,1.00,0,0,0,0,0,0,-13.16,-18.47,-0.17,0.3795,0.0836,0.4083,1,4.649,0,0.425,0,air_rise,airRise,1.000,2,-0.075 0.582 -0.149 0.785 0.021 0.804 -0.094 -0.717 0.235 -0.723,-250.29,189.01,28.51,-13.05,86.42,89.75,252,632,884,1028,0.587,0.694 0.716 -0.703 -0.626,-1.0,0,0.000,0.000,0.5007,-0.00,,-1.000,0.0,0.0,0.0,,,8.5,4.1,-7.5,,0.000,0.0,11.5,-1.00,-1.0,0.0
10,0.1667,air,apex,-250.000,194.400,27.768,0.000,24.000,-2.420,24.122,24.000,26.655,0.00,0.00,0.00,0.00,0.000,0,,0,0.00,0.00,0.00,-250.284,189.809,28.451,86.45,-13.26,58.69,4.650,0.000,0.00,1.00,0,0,0,0,0,0,-13.26,-19.56,-0.18,0.3757,0.0804,0.4095,1,4.650,0,0.425,0,air_rise,airRise,1.000,2,-0.063 0.585 -0.134 0.780 0.036 0.796 -0.109 -0.715 0.221 -0.719,-250.29,189.41,28.48,-13.16,86.44,89.86,256,632,888,1024,0.587,0.685 0.704 -0.697 -0.618,-1.0,0,0.000,0.000,0.5006,-0.00,,-1.000,0.0,0.0,0.0,,,8.2,5.2,-6.4,,0.000,0.0,11.5,-1.00,-1.0,0.0
11,0.1833,air,apex,-250.000,194.800,27.725,0.000,24.000,-2.640,24.145,24.000,26.612,0.00,0.00,0.00,0.00,0.000,0,,0,0.00,0.00,0.00,-250.284,190.209,28.417,86.46,-13.36,58.79,4.652,0.000,0.00,1.00,0,0,0,0,0,0,-13.36,-20.54,-0.20,0.3725,0.0762,0.4109,1,4.652,0,0.425,0,air_rise,airRise,1.000,2,-0.046 0.587 -0.113 0.776 0.057 0.788 -0.129 -0.712 0.202 -0.717,-250.28,189.81,28.45,-13.26,86.45,89.97,260,632,888,1024,0.588,0.677 0.692 -0.690 -0.613,-1.0,0,0.000,0.000,0.5004,-0.00,,-1.000,0.0,0.0,0.0,,,7.9,6.2,-4.8,,0.000,0.0,11.5,-1.00,-1.0,0.0
12,0.2000,air,apex,-250.000,195.200,27.678,0.000,24.000,-2.860,24.170,24.000,26.565,0.00,0.00,0.00,0.00,0.000,0,,0,0.00,0.00,0.00,-250.283,190.609,28.380,86.47,-13.46,58.89,4.653,0.000,0.00,1.00,0,0,0,0,0,0,-13.46,-21.43,-0.22,0.3696,0.0709,0.4125,1,4.653,0,0.426,0,air_rise,airRise,1.000,2,-0.024 0.589 -0.087 0.772 0.083 0.778 -0.155 -0.706 0.178 -0.716,-250.28,190.21,28.42,-13.36,86.46,90.08,260,632,892,1020,0.588,0.671 0.679 -0.681 -0.609,-1.0,0,0.000,0.000,0.5001,-0.00,,-1.000,0.0,0.0,0.0,,,7.7,7.1,-2.8,,0.000,0.0,11.5,-1.00,-1.0,0.0
13,0.2167,air,apex,-250.000,195.600,27.628,0.000,24.000,-3.080,24.197,24.000,26.515,0.00,0.00,0.00,0.00,0.000,0,,0,0.00,0.00,0.00,-250.283,191.009,28.338,86.47,-13.55,58.99,4.655,0.000,0.00,1.00,0,0,0,0,0,0,-13.55,-22.23,-0.23,0.3670,0.0670,0.4142,1,4.655,0,0.426,0,air_rise,airRise,1.000,2,0.002 0.591 -0.056 0.769 0.113 0.768 -0.185 -0.698 0.150 -0.717,-250.28,190.61,28.38,-13.46,86.47,90.20,260,632,896,1016,0.588,0.665 0.665 -0.670 -0.607,-1.0,0,0.000,0.000,0.4987,-0.00,,-1.000,0.0,0.0,0.0,,,7.9,7.9,-0.3,,0.000,0.0,11.5,-1.00,-1.0,0.0
14,0.2333,air,apex,-250.000,196.000,27.574,0.000,24.000,-3.300,24.226,24.000,26.461,0.00,0.00,0.00,0.00,0.000,0,,0,0.00,0.00,0.00,-250.283,191.409,28.293,86.48,-13.65,59.09,4.656,0.000,0.00,1.00,0,0,0,0,0,0,-13.65,-22.94,-0.25,0.3645,0.0738,0.4160,1,4.656,0,0.427,0,air_rise,airRise,1.000,2,0.032 0.590 -0.022 0.766 0.147 0.756 -0.220 -0.687 0.118 -0.718,-250.28,191.01,28.34,-13.55,86.47,90.32,264,632,904,1020,0.586,0.659 0.651 -0.656 -0.606,-1.0,0,0.000,0.000,0.4982,-0.00,,-1.000,0.0,0.0,0.0,,,8.9,8.5,2.6,,0.000,0.0,11.5,-1.00,-1.0,0.0
15,0.2500,air,apex,-250.000,196.400,27.516,0.000,24.000,-3.520,24.257,24.000,26.403,0.00,0.00,0.00,0.00,0.000,0,,0,0.00,0.00,0.00,-250.283,191.809,28.245,86.48,-13.74,59.20,4.657,0.000,0.00,1.00,0,0,0,0,0,0,-13.74,-23.57,-0.27,0.3620,0.0815,0.4179,1,4.657,0,0.427,0,air_rise,airRise,1.000,2,0.066 0.587 0.017 0.762 0.185 0.742 -0.258 -0.673 0.082 -0.720,-250.28,191.41,28.29,-13.65,86.48,90.44,264,632,904,1024,0.583,0.653 0.635 -0.640 -0.606,-1.0,0,0.000,0.000,0.4978,-0.00,,-1.000,0.0,0.0,0.0,,,10.7,9.0,5.9,,0.000,0.0,11.5,-1.00,-1.0,0.0
16,0.2667,air,apex,-250.000,196.800,27.452,0.000,24.000,-3.920,24.318,24.000,26.339,0.00,0.00,0.00,0.00,0.000,0,,0,0.00,0.00,0.00,-250.282,192.209,28.192,86.48,-13.85,59.30,4.659,0.000,0.00,1.00,0,0,0,0,0,0,-13.85,-24.12,-0.28,0.3591,0.0897,0.4199,1,4.659,0,0.428,0,air_rise,airRise,1.000,2,0.103 0.582 0.058 0.756 0.224 0.727 -0.298 -0.656 0.043 -0.721,-250.28,191.81,28.24,-13.74,86.48,90.56,268,632,896,1032,0.578,0.646 0.618 -0.621 -0.606,-1.0,0,0.000,0.000,0.4974,-0.00,,-1.000,0.0,0.0,0.0,,,13.3,9.3,9.6,,0.000,0.0,11.5,-1.00,-1.0,0.0
17,0.2833,air,fall,-250.000,197.200,27.382,0.000,24.000,-4.320,24.386,24.000,26.269,0.00,0.00,0.00,0.00,0.000,0,,0,0.00,0.00,0.00,-250.282,192.609,28.135,86.48,-13.99,59.40,4.661,0.000,0.00,1.00,0,0,0,0,0,0,-13.99,-24.61,-0.30,0.3557,0.0982,0.4221,1,4.661,0,0.428,0,air_rise,airRise,1.000,2,0.142 0.574 0.103 0.749 0.266 0.709 -0.340 -0.634 0.001 -0.722,-250.28,192.21,28.19,-13.85,86.48,90.68,268,632,884,1040,0.569,0.638 0.599 -0.598 -0.606,-1.0,0,0.000,0.000,0.4969,-0.00,,-1.000,0.0,0.0,0.0,,,16.3,9.5,13.5,,0.000,0.0,11.5,-1.00,-1.0,0.0
18,0.3000,air,fall,-250.000,197.600,27.305,0.000,24.000,-4.720,24.460,24.000,26.192,0.00,0.00,0.00,0.00,0.000,0,,0,0.00,0.00,0.00,-250.282,193.009,28.072,86.48,-14.14,59.50,4.664,0.000,0.00,1.00,0,0,0,0,0,0,-14.14,-25.03,-0.32,0.3516,0.1067,0.4245,1,4.664,0,0.429,0,air_rise,airRise,1.000,2,0.183 0.562 0.150 0.741 0.309 0.689 -0.383 -0.609 -0.044 -0.721,-250.28,192.61,28.14,-13.99,86.48,90.80,272,632,876,1044,0.558,0.629 0.578 -0.573 -0.605,-1.0,0,0.000,0.000,0.4965,-0.00,,-1.000,0.0,0.0,0.0,,,19.8,9.5,17.7,,0.000,0.0,11.5,-1.00,-1.0,0.0
19,0.3167,air,fall,-250.000,198.000,27.221,0.000,24.000,-5.120,24.540,24.000,26.108,0.00,0.00,0.00,0.00,0.000,0,,0,0.00,0.00,0.00,-250.282,193.409,28.004,86.48,-14.29,59.60,4.666,0.000,0.00,1.00,0,0,0,0,0,0,-14.29,-25.39,-0.33,0.3502,0.1127,0.4261,1,4.666,0,0.429,0,air_rise,airRise,1.000,2,0.214 0.549 0.187 0.737 0.343 0.677 -0.415 -0.589 -0.080 -0.724,-250.28,193.01,28.07,-14.14,86.48,90.92,276,632,868,1052,0.549,0.627 0.568 -0.555 -0.610,-1.0,0,0.000,0.000,0.4963,0.00,,-1.000,0.0,0.0,0.0,,,22.2,8.5,20.8,,0.000,0.0,11.5,-1.00,-1.0,0.0
20,0.3333,air,fall,-250.000,198.400,27.131,0.000,24.000,-5.520,24.627,24.000,26.018,0.00,0.00,0.00,0.00,0.000,0,,0,0.00,0.00,0.00,-250.282,193.809,27.930,86.48,-14.45,59.70,4.669,0.000,0.00,1.00,0,0,0,0,0,0,-14.45,-25.71,-0.35,0.3485,0.1181,0.4276,1,4.669,0,0.430,0,air_rise,airRise,1.000,2,0.241 0.536 0.222 0.732 0.374 0.665 -0.443 -0.569 -0.115 -0.725,-250.28,193.41,28.00,-14.29,86.48,91.03,280,636,860,1056,0.540,0.625 0.559 -0.537 -0.614,-1.0,0,0.000,0.000,0.4962,-0.00,,-1.000,0.0,0.0,0.0,,,24.6,7.3,23.7,,0.000,0.0,11.5,-1.00,-1.0,0.0
21,0.3500,air,fall,-250.000,198.800,27.034,0.000,24.000,-5.920,24.719,24.000,25.921,0.00,0.00,0.00,0.00,0.000,0,,0,0.00,0.00,0.00,-250.282,194.209,27.849,86.48,-14.61,59.80,4.672,0.000,0.00,1.00,0,0,0,0,0,0,-14.61,-25.98,-0.37,0.3464,0.1227,0.4291,1,4.672,0,0.431,0,air_rise,airRise,1.000,2,0.265 0.523 0.254 0.727 0.402 0.653 -0.468 -0.549 -0.147 -0.726,-250.28,193.81,27.93,-14.45,86.48,91.15,284,636,856,1064,0.530,0.623 0.549 -0.520 -0.617,-1.0,0,0.000,0.000,0.4960,0.00,,-1.000,0.0,0.0,0.0,,,26.8,6.0,26.3,,0.000,0.0,11.5,-1.00,-1.0,0.0
22,0.3667,air,fall,-250.000,199.200,26.930,0.000,24.000,-6.320,24.818,24.000,25.817,0.00,0.00,0.00,0.00,0.000,0,,0,0.00,0.00,0.00,-250.282,194.609,27.762,86.48,-14.76,59.90,4.675,0.000,0.00,1.00,0,0,0,0,0,0,-14.76,-26.21,-0.38,0.3444,0.1265,0.4305,1,4.675,0,0.431,0,air_rise,airRise,1.000,2,0.285 0.509 0.283 0.722 0.428 0.642 -0.490 -0.531 -0.177 -0.726,-250.28,194.21,27.85,-14.61,86.48,91.27,288,636,852,1068,0.520,0.621 0.542 -0.506 -0.620,-1.0,0,0.000,0.000,0.4960,0.00,,-1.000,0.0,0.0,0.0,,,28.8,4.6,28.6,,0.000,0.0,11.5,-1.00,-1.0,0.0
23,0.3833,air,fall,-250.000,199.600,26.820,0.000,24.000,-6.720,24.923,24.000,25.707,0.00,0.00,0.00,0.00,0.000,0,,0,0.00,0.00,0.00,-250.282,195.009,27.668,86.48,-14.92,60.00,4.677,0.000,0.00,1.00,0,0,0,0,0,0,-14.92,-26.40,-0.40,0.3426,0.1308,0.4317,1,4.677,0,0.432,0,air_rise,airRise,1.000,2,0.302 0.496 0.308 0.717 0.450 0.633 -0.508 -0.514 -0.203 -0.726,-250.28,194.61,27.76,-14.76,86.48,91.38,292,636,848,1068,0.511,0.619 0.536 -0.493 -0.623,-1.0,0,0.000,0.000,0.4966,-0.00,,-1.000,0.0,0.0,0.0,,,30.6,3.0,30.5,,0.000,0.0,11.5,-1.00,-1.0,0.0
24,0.4000,swing,swingLow,-250.030,199.905,26.584,-3.536,12.737,-21.360,25.119,13.219,25.471,-237.51,230.53,36.41,20.18,0.063,0,,0,0.00,0.00,0.00,-250.288,195.340,27.550,86.76,-16.40,60.10,4.674,0.000,0.00,1.00,1,0,0,0,0,0,-16.40,-26.53,-0.42,0.3458,0.0726,0.4205,1,4.674,0,0.432,0,air_spread,airRise,1.000,2,-0.040 0.587 -0.107 0.744 0.057 0.753 -0.137 -0.708 0.197 -0.691,-250.28,195.01,27.67,-14.92,86.48,91.49,296,636,844,1072,0.585,0.614 0.626 -0.666 -0.557,64.3,1,0.000,0.000,0.5016,-0.00,,-1.000,0.0,0.0,0.0,,,9.4,6.9,-6.5,,0.000,0.0,11.5,-1.00,-1.0,0.0
25,0.4167,swing,swingLow,-250.083,200.123,26.226,-3.078,13.308,-21.423,25.407,13.659,25.113,-237.51,230.53,36.41,20.18,0.173,0,,0,0.00,0.00,0.00,-250.298,195.653,27.380,87.25,-19.01,60.19,4.622,0.000,0.00,1.00,1,0,0,0,0,0,-19.01,-26.58,-0.43,0.3308,0.0826,0.4289,1,4.622,0,0.431,0,swing,airRise,1.000,2,-0.077 0.588 -0.158 0.674 0.018 0.697 -0.095 -0.704 0.239 -0.617,-250.29,195.34,27.55,-16.40,86.76,91.60,276,628,900,1016,0.557,0.489 0.514 -0.619 -0.432,52.8,1,0.000,0.000,0.5029,-0.00,,-1.000,0.0,0.0,0.0,,,20.2,16.2,-12.7,,0.000,0.0,11.5,-1.00,-1.0,0.0
26,0.4333,swing,swingLow,-250.129,200.350,25.867,-2.634,13.889,-21.462,25.700,14.136,24.754,-237.51,230.53,36.41,20.18,0.267,0,,0,0.00,0.00,0.00,-250.311,195.946,27.152,87.63,-20.91,60.29,4.591,0.000,0.00,1.00,1,0,0,0,0,0,-20.91,-26.56,-0.45,0.3054,0.0934,0.4382,1,4.591,0,0.429,0,swing,airRise,1.000,2,-0.116 0.572 -0.228 0.558 -0.018 0.591 -0.034 -0.671 0.283 -0.492,-250.30,195.65,27.38,-19.01,87.25,91.71,284,628,892,1032,0.496,0.313 0.349 -0.528 -0.253,38.9,1,0.000,0.000,0.5038,-0.00,,-1.000,0.0,0.0,0.0,,,33.3,28.6,-20.1,,0.000,0.0,11.5,-1.00,-1.0,0.0
27,0.4500,swing,swingLow,-250.168,200.587,25.508,-2.197,14.479,-21.478,25.996,14.645,24.395,-237.51,230.53,36.41,20.18,0.347,0,,0,0.00,0.00,0.00,-250.325,196.223,26.877,87.94,-21.92,60.38,4.576,0.000,0.00,1.00,1,0,0,0,0,0,-21.92,-26.48,-0.47,0.2890,0.1011,0.4435,1,4.576,0,0.426,0,swing,airRise,1.000,2,-0.167 0.539 -0.316 0.466 -0.064 0.475 0.014 -0.626 0.308 -0.373,-250.31,195.95,27.15,-20.91,87.63,91.83,292,620,880,1040,0.432,0.188 0.199 -0.440 -0.105,28.3,1,0.000,0.000,0.5023,-0.00,,-1.000,0.0,0.0,0.0,,,43.3,37.7,-28.4,,0.000,0.0,11.5,-1.00,-1.0,0.0
28,0.4667,swing,swingLow,-250.200,200.834,25.149,-1.773,15.079,-21.469,26.295,15.182,24.036,-237.51,230.53,36.41,20.18,0.416,0,,0,0.00,0.00,0.00,-250.337,196.489,26.570,88.20,-21.88,60.48,4.573,0.000,0.00,1.00,1,0,0,0,0,0,-21.88,-26.34,-0.48,0.2714,0.1079,0.4570,1,4.573,0,0.423,0,swing,airRise,1.000,2,-0.210 0.502 -0.396 0.404 -0.087 0.356 0.055 -0.575 0.322 -0.262,-250.33,196.22,26.88,-21.92,87.94,91.94,308,620,872,1044,0.377,0.118 0.072 -0.363 0.014,20.9,1,0.000,0.000,0.4986,-0.00,,-1.000,0.0,0.0,0.0,,,50.6,44.6,-35.4,,0.000,0.0,11.5,-1.00,-1.0,0.0
29,0.4833,swing,swingLow,-250.225,201.091,24.790,-1.363,15.687,-21.432,26.595,15.746,23.677,-237.51,230.53,36.41,20.18,0.476,0,,0,0.00,0.00,0.00,-250.342,196.749,26.243,88.45,-21.84,60.58,4.580,0.000,0.00,1.00,1,0,0,0,0,0,-21.84,-26.16,-0.50,0.2542,0.1139,0.4651,1,4.580,0,0.420,0,swing,airRise,1.000,2,-0.245 0.468 -0.473 0.376 -0.084 0.250 0.090 -0.525 0.331 -0.170,-250.34,196.49,26.57,-21.88,88.20,92.05,336,624,860,1040,0.333,0.089 -0.030 -0.295 0.107,15.9,1,0.000,0.000,0.4940,-0.00,,-1.000,0.0,0.0,0.0,,,55.9,49.9,-41.2,,0.000,0.0,11.5,-1.00,-1.0,0.0
30,0.5000,swing,swingLow,-250.243,201.358,24.432,-0.960,16.302,-21.370,26.895,16.330,23.319,-237.51,230.53,36.41,20.18,0.529,0,,0,0.00,0.00,0.00,-250.341,197.006,25.902,88.70,-21.80,60.68,4.594,0.000,0.00,1.00,1,0,0,0,0,0,-21.80,-25.93,-0.52,0.2376,0.1220,0.4694,1,4.594,0,0.416,0,swing,airRise,1.000,2,-0.275 0.437 -0.544 0.376 -0.059 0.167 0.120 -0.478 0.339 -0.098,-250.34,196.75,26.24,-21.84,88.45,92.16,356,620,844,1040,0.297,0.093 -0.103 -0.235 0.175,13.1,1,0.000,0.000,0.4881,-0.00,,-1.000,0.0,0.0,0.0,,,60.0,54.1,-46.2,,0.000,0.0,11.5,-1.00,-1.0,0.0
31,0.5167,swing,swingLow,-250.254,201.635,24.076,-0.570,16.924,-21.279,27.194,16.933,22.963,-237.51,230.53,36.41,20.18,0.575,0,,0,0.00,0.00,0.00,-250.332,197.266,25.554,88.97,-21.75,60.77,4.614,0.000,0.00,1.00,1,0,0,0,0,0,-21.75,-25.67,-0.53,0.2227,0.1297,0.4708,1,4.614,0,0.413,0,swing,airRise,1.000,2,-0.300 0.410 -0.605 0.398 -0.016 0.112 0.145 -0.433 0.352 -0.049,-250.34,197.01,25.90,-21.80,88.70,92.27,372,616,832,1036,0.267,0.122 -0.145 -0.183 0.219,12.1,1,0.000,0.000,0.4830,-0.00,,-1.000,0.0,0.0,0.0,,,63.3,57.6,-50.3,,0.000,0.0,11.5,-1.00,-1.0,0.0
32,0.5333,swing,swingLow,-250.259,201.923,23.721,-0.192,17.552,-21.159,27.492,17.553,22.608,-237.51,230.53,36.41,20.18,0.616,0,,0,0.00,0.00,0.00,-250.315,197.529,25.203,89.27,-21.69,60.88,4.638,0.000,0.00,1.00,1,0,0,0,0,0,-21.69,-25.37,-0.55,0.2138,0.1364,0.4681,1,4.638,0,0.410,0,swing,airRise,1.000,2,-0.320 0.386 -0.645 0.435 0.038 0.089 0.164 -0.392 0.372 -0.020,-250.33,197.27,25.55,-21.75,88.97,92.38,384,608,820,1036,0.242,0.169 -0.156 -0.138 0.241,12.3,1,0.000,0.000,0.4794,0.00,,-1.000,0.0,0.0,0.0,,,65.9,60.6,-53.8,,0.000,0.0,11.5,-1.00,-1.0,0.0
33,0.5500,swing,swingLow,-250.258,202.222,23.368,0.176,18.184,-21.009,27.787,18.185,22.255,-237.51,230.53,36.41,20.18,0.654,0,,0,0.00,0.00,0.00,-250.290,197.798,24.850,89.59,-21.63,60.98,4.665,0.000,0.00,1.00,1,0,0,0,0,0,-21.63,-25.05,-0.57,0.2116,0.1418,0.4620,1,4.665,0,0.406,0,swing,airRise,1.000,2,-0.334 0.367 -0.660 0.479 0.091 0.095 0.174 -0.356 0.398 -0.012,-250.32,197.53,25.20,-21.69,89.27,92.50,392,600,812,1040,0.222,0.224 -0.138 -0.101 0.241,12.9,1,0.000,0.000,0.4776,-0.00,,-1.000,0.0,0.0,0.0,,,68.0,63.0,-56.3,,0.000,0.0,11.5,-1.00,-1.0,0.0
34,0.5667,swing,swingLow,-250.251,202.531,23.019,0.532,18.820,-20.830,28.078,18.828,21.906,-237.51,230.53,36.41,20.18,0.688,0,,0,0.00,0.00,0.00,-250.257,198.075,24.497,89.93,-21.56,61.08,4.695,0.000,0.00,1.00,1,0,0,0,0,0,-21.56,-24.70,-0.58,0.2128,0.1465,0.4563,1,4.695,0,0.403,0,swing,swingLowL,1.000,2,-0.346 0.356 -0.655 0.522 0.132 0.130 0.182 -0.332 0.436 -0.030,-250.29,197.80,24.85,-21.63,89.59,92.62,388,592,808,1044,0.212,0.277 -0.095 -0.080 0.214,13.9,1,0.000,0.000,0.4782,-0.00,,-1.000,0.0,0.0,0.0,,,69.0,64.2,-57.6,,0.000,0.0,11.5,-1.00,-1.0,0.0
35,0.5833,swing,swingLow,-250.239,202.850,22.672,0.877,19.459,-20.620,28.365,19.478,21.559,-237.51,230.53,36.41,20.18,0.719,0,,0,0.00,0.00,0.00,-250.217,198.360,24.146,90.28,-21.47,61.19,4.726,0.000,0.00,1.00,1,0,0,0,0,0,-21.47,-24.33,-0.60,0.2082,0.1534,0.4552,1,4.726,0,0.400,0,swing,swingCornerBankL,1.000,2,-0.360 0.349 -0.664 0.523 0.151 0.182 0.194 -0.317 0.486 -0.062,-250.26,198.07,24.50,-21.56,89.93,92.73,392,588,800,1056,0.209,0.285 -0.036 -0.071 0.167,15.2,1,0.000,0.000,0.4793,-0.00,,-1.000,0.0,0.0,0.0,,,69.3,64.4,-58.3,,0.000,0.0,11.5,-1.00,-1.0,0.0
36,0.6000,swing,swingLow,-250.220,203.181,22.329,1.210,20.098,-20.378,28.647,20.134,21.216,-237.51,230.53,36.41,20.18,0.748,0,,0,0.00,0.00,0.00,-250.170,198.654,23.796,90.63,-21.37,61.30,4.759,0.000,0.00,1.00,1,0,0,0,0,0,-21.37,-23.94,-0.62,0.2041,0.1593,0.4539,1,4.759,0,0.398,0,swing,swingCornerBankL,1.000,2,-0.372 0.342 -0.671 0.524 0.158 0.235 0.201 -0.305 0.534 -0.094,-250.22,198.36,24.15,-21.47,90.28,92.86,392,584,796,1064,0.207,0.292 0.024 -0.065 0.118,16.4,1,0.000,0.000,0.4807,-0.00,,-1.000,0.0,0.0,0.0,,,69.5,64.6,-58.8,,0.000,0.0,11.5,-1.00,-1.0,0.0
37,0.6167,swing,swingLow,-250.197,203.522,21.991,1.531,20.737,-20.105,28.923,20.793,20.878,-237.51,230.53,36.41,20.18,0.776,0,,0,0.00,0.00,0.00,-250.118,198.958,23.450,90.99,-21.24,61.40,4.792,0.000,0.00,1.00,1,0,0,0,0,0,-21.24,-23.54,-0.63,0.2025,0.1636,0.4533,1,4.792,0,0.396,0,swing,swingCornerBankL,1.000,2,-0.380 0.338 -0.676 0.525 0.155 0.284 0.206 -0.296 0.575 -0.121,-250.17,198.65,23.80,-21.37,90.63,92.98,396,584,796,1068,0.206,0.299 0.079 -0.062 0.073,17.2,1,0.000,0.000,0.4819,-0.00,,-1.000,0.0,0.0,0.0,,,69.6,64.7,-59.0,,0.000,0.0,11.5,-1.00,-1.0,0.0
38,0.6333,swing,swingLow,-250.168,203.873,21.658,1.841,21.373,-19.800,29.193,21.453,20.545,-237.51,230.53,36.41,20.18,0.801,0,,0,0.00,0.00,0.00,-250.060,199.275,23.106,91.34,-21.10,61.52,4.823,0.000,0.00,1.00,1,0,0,0,0,0,-21.10,-23.13,-0.65,0.2019,0.1663,0.4530,1,4.823,0,0.394,0,swing,swingCornerBankL,1.000,2,-0.386 0.335 -0.679 0.528 0.147 0.323 0.209 -0.291 0.607 -0.142,-250.12,198.96,23.45,-21.24,90.99,93.10,396,580,792,1076,0.207,0.307 0.124 -0.063 0.033,17.7,1,0.000,0.000,0.4828,-0.00,,-1.000,0.0,0.0,0.0,,,69.5,64.6,-58.8,,0.000,0.0,11.5,-1.00,-1.0,0.0
39,0.6500,swing,swingLow,-250.134,204.236,21.330,2.137,22.007,-19.462,29.456,22.110,20.217,-237.51,230.53,36.41,20.18,0.826,0,,0,0.00,0.00,0.00,-249.998,199.638,22.767,91.69,-20.93,61.63,4.819,0.000,0.00,1.00,1,0,0,0,0,0,-20.93,-22.70,-0.67,0.2033,0.1686,0.4544,1,4.819,0,0.392,0,swing,swingCornerBankL,1.000,2,-0.390 0.335 -0.680 0.533 0.136 0.350 0.212 -0.292 0.629 -0.158,-250.06,199.27,23.11,-21.10,91.34,93.23,396,580,788,1076,0.210,0.317 0.157 -0.070 0.001,17.8,1,0.000,0.000,0.4833,0.00,,-1.000,0.0,0.0,0.0,,,69.2,64.3,-58.1,,0.000,0.0,11.5,-1.00,-1.0,0.0
40,0.6667,swing,swingLow,-250.095,204.608,21.008,2.422,22.635,-19.093,29.711,22.764,19.895,-237.51,230.53,36.41,20.18,0.849,0,,0,0.00,0.00,0.00,-249.933,200.011,22.432,92.02,-20.73,61.74,4.816,0.001,0.00,1.00,1,0,0,0,0,0,-20.73,-22.27,-0.68,0.2052,0.1700,0.4557,1,4.816,0,0.391,0,swing,swingCornerBankL,1.000,2,-0.391 0.337 -0.680 0.540 0.128 0.365 0.215 -0.298 0.642 -0.172,-250.00,199.64,22.77,-20.93,91.69,93.36,396,584,788,1080,0.215,0.329 0.176 -0.081 -0.024,17.7,1,0.000,0.000,0.4833,-0.00,,-1.000,0.0,0.0,0.0,,,68.6,63.8,-57.1,,0.000,0.0,11.5,-1.00,-1.0,0.0
41,0.6833,swing,swingLow,-250.052,204.991,20.692,2.697,23.257,-18.691,29.958,23.413,19.579,-237.51,230.53,36.41,20.18,0.871,0,,0,0.00,0.00,0.00,-249.863,200.395,22.103,92.35,-20.50,61.86,4.811,0.001,0.00,1.00,1,0,0,0,0,0,-20.50,-21.82,-0.70,0.2100,0.1705,0.4581,1,4.811,0,0.391,0,swing,swingCornerBankL,1.000,2,-0.390 0.342 -0.680 0.550 0.122 0.369 0.220 -0.310 0.648 -0.187,-249.93,200.01,22.43,-20.73,92.02,93.49,396,588,784,1076,0.222,0.344 0.182 -0.098 -0.048,17.4,1,0.000,0.000,0.4830,0.00,,-1.000,0.0,0.0,0.0,,,67.8,63.0,-55.7,,0.000,0.0,11.5,-1.00,-1.0,0.0
42,0.7000,swing,swingLow,-250.004,205.385,20.383,2.955,23.870,-18.257,30.197,24.053,19.270,-237.51,230.53,36.41,20.18,0.892,0,,0,0.00,0.00,0.00,-249.791,200.790,21.779,92.66,-20.24,61.98,4.807,0.001,0.00,1.00,1,0,0,0,0,0,-20.24,-21.38,-0.72,0.2155,0.1705,0.4607,1,4.807,0,0.390,0,swing,swingCornerBankL,1.000,2,-0.388 0.347 -0.679 0.559 0.119 0.369 0.224 -0.323 0.651 -0.202,-249.86,200.40,22.10,-20.50,92.35,93.62,396,592,784,1076,0.231,0.359 0.185 -0.116 -0.070,16.9,1,0.000,0.000,0.4827,-0.00,,-1.000,0.0,0.0,0.0,,,66.9,62.2,-54.1,,0.000,0.0,11.5,-1.00,-1.0,0.0
43,0.7167,swing,swingLow,-249.952,205.788,20.082,3.203,24.474,-17.791,30.426,24.682,18.969,-237.51,230.53,36.41,20.18,0.912,0,,0,0.00,0.00,0.00,-249.716,201.195,21.461,92.95,-19.95,62.10,4.802,0.002,0.00,1.00,1,0,0,0,0,0,-19.95,-20.92,-0.73,0.2213,0.1702,0.4635,1,4.802,0,0.390,0,swing,swingCornerBankL,1.000,2,-0.386 0.353 -0.677 0.570 0.117 0.367 0.228 -0.337 0.651 -0.217,-249.79,200.79,21.78,-20.24,92.66,93.75,396,600,784,1076,0.240,0.375 0.187 -0.136 -0.092,16.3,1,0.000,0.000,0.4825,0.01,,-1.000,0.0,0.0,0.0,,,65.9,61.3,-52.4,,0.000,0.0,11.5,-1.00,-1.0,0.0
44,0.7333,swing,swingLow,-249.896,206.202,19.789,3.440,25.065,-17.294,30.646,25.300,18.676,-237.51,230.53,36.41,20.18,0.928,0,,0,0.00,0.00,0.00,-249.638,201.609,21.150,93.22,-19.62,62.22,4.797,0.003,0.00,1.00,1,0,0,0,0,0,-19.62,-20.47,-0.75,0.2273,0.1697,0.4665,1,4.797,0,0.391,0,swing,swingCornerBankL,1.000,2,-0.383 0.359 -0.676 0.580 0.117 0.364 0.232 -0.353 0.650 -0.232,-249.72,201.19,21.46,-19.95,92.95,93.89,396,604,780,1076,0.250,0.392 0.188 -0.157 -0.113,15.6,1,0.000,0.000,0.4823,0.04,,-1.000,0.0,0.0,0.0,,,64.9,60.3,-50.6,,0.000,0.0,11.5,-1.00,-1.0,0.0
45,0.7500,swing,swingLow,-249.837,206.625,19.505,3.660,25.644,-16.766,30.856,25.904,18.392,-237.51,230.53,36.41,20.18,0.941,0,,0,0.00,0.00,0.00,-249.558,202.034,20.847,93.47,-19.25,62.34,4.792,0.004,0.00,1.00,1,0,0,0,0,0,-19.25,-20.01,-0.77,0.2335,0.1690,0.4698,1,4.792,0,0.391,0,swing,swingCornerBankL,1.000,2,-0.379 0.366 -0.675 0.591 0.118 0.360 0.235 -0.369 0.646 -0.246,-249.64,201.61,21.15,-19.62,93.22,94.03,396,612,780,1076,0.259,0.409 0.189 -0.179 -0.133,14.9,1,0.000,0.000,0.4821,0.09,,-1.000,0.0,0.0,0.0,,,63.9,59.4,-48.8,,0.000,0.0,11.5,-1.00,-1.0,0.0
46,0.7667,swing,swingLow,-249.774,207.058,19.230,3.870,26.207,-16.207,31.056,26.491,18.117,-237.51,230.53,36.41,20.18,0.952,0,,0,0.00,0.00,0.00,-249.476,202.468,20.551,93.71,-18.84,62.47,4.786,0.005,0.00,1.00,1,0,0,0,0,0,-18.84,-19.56,-0.78,0.2396,0.1681,0.4733,1,4.786,0,0.392,0,swing,swingCornerBankL,1.000,2,-0.375 0.372 -0.673 0.601 0.118 0.355 0.238 -0.385 0.642 -0.261,-249.56,202.03,20.85,-19.25,93.47,94.16,396,620,780,1072,0.269,0.427 0.189 -0.202 -0.155,14.1,1,0.000,0.000,0.4820,0.14,,-1.000,0.0,0.0,0.0,,,62.8,58.4,-46.9,,0.000,0.0,11.5,-1.00,-1.0,0.0
47,0.7833,swing,swingLow,-249.707,207.500,18.964,4.070,26.754,-15.619,31.246,27.061,17.851,-237.51,230.53,36.41,20.18,0.960,0,,0,0.00,0.00,0.00,-249.392,202.911,20.264,93.92,-18.38,62.59,4.780,0.007,0.00,1.00,1,0,0,0,0,0,-18.38,-19.10,-0.80,0.2461,0.1670,0.4772,1,4.780,0,0.394,0,swing,swingCornerBankL,1.000,2,-0.370 0.379 -0.672 0.612 0.118 0.348 0.241 -0.402 0.636 -0.276,-249.48,202.47,20.55,-18.84,93.71,94.30,396,628,780,1072,0.280,0.444 0.187 -0.226 -0.177,13.3,1,0.000,0.000,0.4819,0.20,,-1.000,0.0,0.0,0.0,,,61.7,57.4,-45.0,,0.000,0.0,11.5,-1.00,-1.0,0.0
48,0.8000,swing,swingLow,-249.637,207.951,18.708,4.251,27.282,-15.002,31.424,27.611,17.595,-237.51,230.53,36.41,20.18,0.968,0,,0,0.00,0.00,0.00,-249.307,203.363,19.985,94.12,-17.88,62.72,4.774,0.008,0.00,1.00,1,0,0,0,0,0,-17.88,-18.65,-0.82,0.2522,0.1658,0.4815,1,4.774,0,0.395,0,swing,swingCornerBankL,1.000,2,-0.365 0.385 -0.670 0.623 0.117 0.340 0.243 -0.419 0.629 -0.292,-249.39,202.91,20.26,-18.38,93.92,94.44,400,636,780,1072,0.290,0.462 0.185 -0.250 -0.200,12.4,1,0.000,0.000,0.4818,0.26,,-1.000,0.0,0.0,0.0,,,60.6,56.4,-43.2,,0.000,0.0,11.5,-1.00,-1.0,0.0
49,0.8167,swing,swingLow,-249.565,208.411,18.463,4.422,27.790,-14.357,31.591,28.140,17.350,-237.51,230.53,36.41,20.18,0.973,0,,0,0.00,0.00,0.00,-249.219,203.824,19.715,94.31,-17.33,62.84,4.767,0.010,0.00,1.00,1,0,0,0,0,0,-17.33,-18.19,-0.83,0.2584,0.1644,0.4861,1,4.767,0,0.397,0,swing,swingCornerBankL,1.000,2,-0.360 0.391 -0.668 0.633 0.114 0.333 0.244 -0.436 0.622 -0.307,-249.31,203.36,19.98,-17.88,94.12,94.58,400,644,784,1068,0.299,0.480 0.183 -0.276 -0.224,11.6,1,0.000,0.000,0.4818,0.33,,-1.000,0.0,0.0,0.0,,,59.5,55.4,-41.4,,0.000,0.0,11.5,-1.00,-1.0,0.0
50,0.8333,swing,swingLow,-249.490,208.878,18.229,4.584,28.277,-13.686,31.748,28.646,17.116,-237.51,230.53,36.41,20.18,0.978,0,,0,0.00,0.00,0.00,-249.131,204.292,19.456,94.48,-16.71,62.97,4.761,0.012,0.00,1.00,1,0,0,0,0,0,-16.71,-17.75,-0.85,0.2643,0.1629,0.4915,1,4.761,0,0.399,0,swing,swingCornerBankL,1.000,2,-0.354 0.397 -0.667 0.642 0.110 0.323 0.245 -0.453 0.614 -0.323,-249.22,203.82,19.72,-17.33,94.31,94.72,400,652,784,1068,0.309,0.497 0.180 -0.301 -0.249,10.7,1,0.000,0.000,0.4818,0.39,,-1.000,0.0,0.0,0.0,,,58.3,54.4,-39.6,,0.000,0.0,11.5,-1.00,-1.0,0.0
51,0.8500,swing,swingLow,-249.412,209.354,18.007,4.725,28.741,-12.989,31.892,29.127,16.894,-237.51,230.53,36.41,20.18,0.982,0,,0,0.00,0.00,0.00,-249.040,204.769,19.207,94.63,-15.61,63.09,4.754,0.014,0.00,1.00,1,0,0,0,0,0,-15.61,-17.30,-0.87,0.2701,0.1612,0.5034,1,4.754,0,0.401,0,swing,swingCornerBankL,1.000,2,-0.349 0.400 -0.665 0.649 0.104 0.312 0.245 -0.466 0.605 -0.337,-249.13,204.29,19.46,-16.71,94.48,94.87,404,660,788,1064,0.319,0.515 0.177 -0.326 -0.274,9.9,1,0.000,0.000,0.4819,0.44,,-1.000,0.0,0.0,0.0,,,57.2,53.3,-38.0,,0.000,0.0,11.5,-1.00,-1.0,0.0
52,0.8667,swing,swingLow,-249.332,209.837,17.796,4.858,29.180,-12.268,32.024,29.582,16.683,-237.51,230.53,36.41,20.18,0.985,0,,0,0.00,0.00,0.00,-248.949,205.253,18.968,94.77,-14.46,63.22,4.747,0.017,0.00,1.00,1,0,0,0,0,0,-14.46,-16.87,-0.88,0.2751,0.1595,0.5155,1,4.747,0,0.404,0,swing,swingCornerBankL,1.000,2,-0.343 0.403 -0.663 0.654 0.096 0.301 0.244 -0.476 0.597 -0.352,-249.04,204.77,19.21,-15.61,94.63,95.01,412,676,788,1064,0.328,0.532 0.176 -0.349 -0.300,9.1,1,0.000,0.000,0.4821,0.50,,-1.000,0.0,0.0,0.0,,,56.1,52.3,-36.4,,0.000,0.0,11.5,-1.00,-1.0,0.0
53,0.8833,swing,swingLow,-249.250,210.328,17.598,4.982,29.593,-11.524,32.146,30.009,16.485,-237.51,230.53,36.41,20.18,0.988,0,,0,0.00,0.00,0.00,-248.856,205.744,18.741,94.90,-13.26,63.35,4.740,0.019,0.00,1.00,1,0,0,0,0,0,-13.26,-16.44,-0.90,0.2803,0.1576,0.5281,1,4.740,0,0.406,0,swing,swingBottomL,1.000,2,-0.338 0.406 -0.661 0.660 0.087 0.290 0.242 -0.486 0.588 -0.366,-248.95,205.25,18.97,-14.46,94.77,95.15,424,692,792,1064,0.338,0.549 0.176 -0.373 -0.326,8.3,1,0.000,0.000,0.4823,0.55,,-1.000,0.0,0.0,0.0,,,55.0,51.3,-34.9,,0.000,0.0,11.5,-1.00,-1.0,0.0
54,0.9000,swing,swingBottom,-249.166,210.824,17.412,5.085,29.979,-10.759,32.255,30.408,16.299,-237.51,230.53,36.41,20.18,0.990,0,,0,0.00,0.00,0.00,-248.763,206.242,18.525,95.03,-12.14,63.47,4.733,0.022,0.00,1.00,1,0,0,0,0,0,-12.14,-16.01,-0.92,0.2845,0.1558,0.5388,1,4.733,0,0.409,0,swing,swingBottomL,1.000,2,-0.332 0.409 -0.659 0.665 0.078 0.282 0.238 -0.494 0.579 -0.381,-248.86,205.74,18.74,-13.26,94.90,95.29,436,708,788,1060,0.347,0.566 0.177 -0.392 -0.351,7.6,1,0.000,0.000,0.4824,0.60,,-1.000,0.0,0.0,0.0,,,53.9,50.3,-33.4,,0.000,0.0,11.5,-1.00,-1.0,0.0
55,0.9167,swing,swingBottom,-249.080,211.328,17.239,5.180,30.337,-9.973,32.352,30.776,16.126,-237.51,230.53,36.41,20.18,0.992,0,,0,0.00,0.00,0.00,-248.668,206.746,18.322,95.14,-11.21,63.60,4.726,0.025,0.00,1.00,1,0,0,0,0,0,-11.21,-15.60,-0.93,0.2882,0.1540,0.5464,1,4.726,0,0.412,0,swing,swingBottomL,1.000,2,-0.327 0.412 -0.657 0.672 0.068 0.278 0.234 -0.502 0.570 -0.396,-248.76,206.24,18.53,-12.14,95.03,95.43,444,720,796,1060,0.356,0.583 0.181 -0.411 -0.375,6.9,1,0.000,0.000,0.4826,0.65,,-1.000,0.0,0.0,0.0,,,52.9,49.3,-32.1,,0.000,0.0,11.5,-1.00,-1.0,0.0
56,0.9333,swing,swingBottom,-248.993,211.836,17.079,5.266,30.666,-9.171,32.438,31.114,15.966,-237.51,230.53,36.41,20.18,0.993,0,,0,0.00,0.00,0.00,-248.573,207.256,18.130,95.24,-10.42,63.72,4.719,0.028,0.00,1.00,1,0,0,0,0,0,-10.42,-15.19,-0.95,0.2910,0.1521,0.5513,1,4.719,0,0.415,0,swing,swingBottomL,1.000,2,-0.322 0.416 -0.655 0.681 0.059 0.275 0.229 -0.508 0.560 -0.411,-248.67,206.75,18.32,-11.21,95.14,95.56,448,728,792,1056,0.365,0.599 0.185 -0.425 -0.399,6.2,1,0.000,0.000,0.4826,0.69,,-1.000,0.0,0.0,0.0,,,51.8,48.2,-30.9,,0.000,0.0,11.5,-1.00,-1.0,0.0
57,0.9500,swing,swingBottom,-248.905,212.350,16.933,5.332,30.964,-8.351,32.510,31.419,15.820,-237.51,230.53,36.41,20.18,0.995,0,,0,0.00,0.00,0.00,-248.477,207.770,17.952,95.34,-9.75,63.84,4.711,0.032,0.00,1.00,1,0,0,0,0,0,-9.75,-14.80,-0.97,0.2931,0.1502,0.5541,1,4.711,0,0.418,0,swing,swingBottomL,1.000,2,-0.317 0.421 -0.654 0.690 0.051 0.275 0.224 -0.512 0.551 -0.424,-248.57,207.26,18.13,-10.42,95.24,95.70,452,736,796,1056,0.374,0.615 0.191 -0.438 -0.420,5.6,1,0.000,0.000,0.4826,0.72,,-1.000,0.0,0.0,0.0,,,50.7,47.2,-29.8,,0.000,0.0,11.5,-1.00,-1.0,0.0
58,0.9667,swing,swingBottom,-248.816,212.869,16.801,5.390,31.230,-7.516,32.571,31.692,15.688,-237.51,230.53,36.41,20.18,0.996,0,,0,0.00,0.00,0.00,-248.380,208.290,17.786,95.44,-9.17,63.96,4.704,0.035,0.00,1.00,1,0,0,0,0,0,-9.17,-14.41,-0.98,0.2940,0.1484,0.5548,1,4.704,0,0.421,0,swing,swingBottomL,1.000,2,-0.313 0.425 -0.652 0.699 0.045 0.276 0.216 -0.512 0.543 -0.437,-248.48,207.77,17.95,-9.75,95.34,95.84,456,740,796,1052,0.382,0.631 0.198 -0.445 -0.441,5.0,1,0.000,0.000,0.4826,0.75,,-1.000,0.0,0.0,0.0,,,49.6,46.1,-28.8,,0.000,0.0,11.5,-1.00,-1.0,0.0
59,0.9833,swing,swingBottom,-248.726,213.392,16.682,5.441,31.464,-6.669,32.620,31.931,15.569,-237.51,230.53,36.41,20.18,0.996,0,,0,0.00,0.00,0.00,-248.283,208.813,17.634,95.53,-8.66,64.08,4.697,0.038,0.00,1.00,1,0,0,0,0,0,-8.66,-14.04,-1.00,0.2944,0.1464,0.5542,1,4.697,0,0.425,0,swing,swingBottomL,1.000,2,-0.308 0.430 -0.651 0.708 0.039 0.278 0.209 -0.511 0.533 -0.448,-248.38,208.29,17.79,-9.17,95.44,95.97,456,740,800,1052,0.391,0.647 0.205 -0.450 -0.459,4.4,1,0.000,0.000,0.4825,0.78,,-1.000,0.0,0.0,0.0,,,48.5,45.0,-27.8,,0.000,0.0,11.5,-1.00,-1.0,0.0
60,1.0000,swing,swingBottom,-248.635,213.918,16.578,5.471,31.666,-5.811,32.656,32.135,15.465,-237.51,230.53,36.41,20.18,0.997,0,,0,0.00,0.00,0.00,-248.185,209.340,17.495,95.61,-8.20,64.20,4.691,0.042,0.00,1.00,1,0,0,0,0,0,-8.20,-13.68,-1.02,0.2935,0.1444,0.5522,1,4.691,0,0.428,0,swing,swingBottomL,1.000,2,-0.304 0.436 -0.649 0.718 0.037 0.280 0.200 -0.506 0.524 -0.458,-248.28,208.81,17.63,-8.66,95.53,96.10,456,740,800,1048,0.399,0.661 0.212 -0.450 -0.475,3.9,1,0.000,0.000,0.4824,0.79,,-1.000,0.0,0.0,0.0,,,47.5,43.9,-27.0,,0.000,0.0,11.5,-1.00,-1.0,0.0
61,1.0167,swing,swingBottom,-248.544,214.447,16.489,5.495,31.834,-4.944,32.680,32.304,15.376,-237.51,230.53,36.41,20.18,0.998,0,,0,0.00,0.00,0.00,-248.087,209.870,17.371,95.70,-7.79,64.32,4.684,0.045,0.00,1.00,1,0,0,0,0,0,-7.79,-13.33,-1.03,0.2919,0.1424,0.5492,1,4.684,0,0.431,0,swing,swingBottomL,1.000,2,-0.301 0.441 -0.648 0.728 0.036 0.283 0.191 -0.498 0.515 -0.466,-248.19,209.34,17.50,-8.20,95.61,96.23,452,736,804,1048,0.407,0.676 0.219 -0.447 -0.489,3.5,1,0.000,0.000,0.4822,0.81,,-1.000,0.0,0.0,0.0,,,46.4,42.8,-26.3,,0.000,0.0,11.5,-1.00,-1.0,0.0
62,1.0333,swing,swingBottom,-248.452,214.979,16.414,5.512,31.967,-4.070,32.694,32.439,15.301,-237.51,230.53,36.41,20.18,0.998,0,,0,0.00,0.00,0.00,-247.989,210.403,17.260,95.78,-7.40,64.43,4.677,0.048,0.00,1.00,1,0,0,0,0,0,-7.40,-12.99,-1.05,0.2896,0.1404,0.5454,1,4.677,0,0.435,0,swing,swingBottomL,1.000,2,-0.297 0.446 -0.647 0.737 0.038 0.285 0.182 -0.486 0.506 -0.472,-248.09,209.87,17.37,-7.79,95.70,96.36,452,732,804,1044,0.414,0.690 0.224 -0.440 -0.500,3.1,1,0.000,0.000,0.4819,0.82,,-1.000,0.0,0.0,0.0,,,45.4,41.7,-25.6,,0.000,0.0,11.5,-1.00,-1.0,0.0
63,1.0500,swing,swingBottom,-248.361,215.513,16.353,5.510,32.067,-3.190,32.693,32.537,15.240,-237.51,230.53,36.41,20.18,0.998,0,,0,0.00,0.00,0.00,-247.891,210.937,17.164,95.86,-7.03,64.54,4.671,0.052,0.00,1.00,1,0,0,0,0,0,-7.03,-12.67,-1.07,0.2867,0.1383,0.5409,1,4.671,0,0.438,0,swing,swingBottomL,1.000,2,-0.294 0.451 -0.647 0.747 0.041 0.286 0.171 -0.472 0.496 -0.476,-247.99,210.40,17.26,-7.40,95.78,96.49,448,724,804,1040,0.422,0.703 0.229 -0.429 -0.509,2.7,1,0.000,0.000,0.4817,0.82,,-1.000,0.0,0.0,0.0,,,44.3,40.6,-25.1,,0.000,0.0,11.5,-1.00,-1.0,0.0
64,1.0667,swing,swingBottom,-248.269,216.048,16.307,5.502,32.132,-2.307,32.681,32.600,15.194,-237.51,230.53,36.41,20.18,0.999,0,,0,0.00,0.00,0.00,-247.793,211.473,17.082,95.94,-6.67,64.65,4.665,0.055,0.00,1.00,1,0,0,0,0,0,-6.67,-12.37,-1.08,0.2834,0.1363,0.5359,1,4.665,0,0.442,0,swing,swingBottomL,1.000,2,-0.291 0.455 -0.646 0.755 0.046 0.286 0.161 -0.455 0.487 -0.478,-247.89,210.94,17.16,-7.03,95.86,96.61,444,720,808,1040,0.429,0.716 0.232 -0.416 -0.514,2.3,1,0.000,0.000,0.4814,0.82,,-1.000,0.0,0.0,0.0,,,43.3,39.5,-24.6,,0.000,0.0,11.5,-1.00,-1.0,0.0
65,1.0833,swing,swingBottom,-248.178,216.584,16.276,5.488,32.163,-1.424,32.659,32.628,15.163,-237.51,230.53,36.41,20.18,0.999,0,,0,0.00,0.00,0.00,-247.695,212.009,17.014,96.03,-6.31,64.76,4.659,0.058,0.00,1.00,1,0,0,0,0,0,-6.31,-12.07,-1.10,0.2796,0.1344,0.5307,1,4.659,0,0.446,0,swing,swingBottomL,1.000,2,-0.289 0.460 -0.646 0.764 0.053 0.284 0.150 -0.437 0.477 -0.478,-247.79,211.47,17.08,-6.67,95.94,96.73,440,712,808,1036,0.436,0.729 0.234 -0.401 -0.517,2.0,1,0.000,0.000,0.4810,0.81,,-1.000,0.0,0.0,0.0,,,42.3,38.4,-24.2,,0.000,0.0,11.5,-1.00,-1.0,0.0
66,1.1000,swing,swingBottom,-248.087,217.120,16.260,5.456,32.159,-0.540,32.623,32.618,15.147,-237.51,230.53,36.41,20.18,0.999,0,,0,0.00,0.00,0.00,-247.597,212.546,16.962,96.11,-5.95,64.86,4.653,0.062,0.00,1.00,1,0,0,0,0,0,-5.95,-11.80,-1.12,0.2757,0.1325,0.5254,1,4.653,0,0.450,0,swing,swingBottomL,1.000,2,-0.286 0.464 -0.645 0.772 0.061 0.280 0.140 -0.417 0.467 -0.476,-247.69,212.01,17.01,-6.31,96.03,96.85,436,704,808,1036,0.442,0.740 0.233 -0.385 -0.518,1.7,1,0.000,0.000,0.4808,0.80,,-1.000,0.0,0.0,0.0,,,41.3,37.3,-23.9,,0.000,0.0,11.5,-1.00,-1.0,0.0
67,1.1167,swing,swingBottom,-247.997,217.656,16.258,5.439,32.231,0.343,32.688,32.687,15.145,-237.51,230.53,36.41,20.18,0.999,0,,0,0.00,0.00,0.00,-247.500,213.083,16.923,96.19,-5.59,64.96,4.648,0.065,0.00,1.00,1,0,0,0,0,0,-5.59,-11.54,-1.13,0.2715,0.1309,0.5201,1,4.648,0,0.453,0,swing,swingBottomL,1.000,2,-0.284 0.468 -0.645 0.780 0.070 0.275 0.129 -0.397 0.459 -0.472,-247.60,212.55,16.96,-5.95,96.11,96.96,432,696,812,1032,0.449,0.752 0.232 -0.368 -0.516,1.5,1,0.000,0.000,0.4806,0.79,,-1.000,0.0,0.0,0.0,,,40.4,36.2,-23.6,,0.000,0.0,11.5,-1.00,-1.0,0.0
68,1.1333,swing,swingBottom,-247.906,218.195,16.272,5.434,32.379,1.238,32.855,32.832,15.159,-237.51,230.53,36.41,20.18,0.999,0,,0,0.00,0.00,0.00,-247.404,213.623,16.900,96.27,-5.24,65.06,4.643,0.068,0.00,1.00,1,0,0,0,0,0,-5.24,-11.30,-1.15,0.2678,0.1295,0.5150,1,4.643,0,0.457,0,swing,swingBottomL,1.000,2,-0.282 0.472 -0.645 0.788 0.081 0.268 0.120 -0.379 0.452 -0.469,-247.50,213.08,16.92,-5.59,96.19,97.07,432,688,812,1032,0.455,0.762 0.228 -0.353 -0.512,1.3,1,0.000,0.000,0.4804,0.77,,-1.000,0.0,0.0,0.0,,,39.5,35.0,-23.4,,0.000,0.0,11.5,-1.00,-1.0,0.0
69,1.1500,swing,swingBottom,-247.816,218.737,16.300,5.412,32.491,2.145,33.008,32.939,15.187,-237.51,230.53,36.41,20.18,1.000,0,,0,0.00,0.00,0.00,-247.309,214.165,16.891,96.33,-4.89,65.15,4.638,0.071,0.00,1.00,1,0,0,0,0,0,-4.89,-11.07,-1.17,0.2639,0.1283,0.5098,1,4.638,0,0.460,0,swing,swingBottomL,1.000,2,-0.281 0.476 -0.645 0.794 0.093 0.260 0.111 -0.361 0.446 -0.464,-247.40,213.62,16.90,-5.24,96.27,97.18,428,680,812,1028,0.460,0.772 0.223 -0.337 -0.508,1.1,1,0.000,0.000,0.4804,0.75,,-1.000,0.0,0.0,0.0,,,38.7,34.0,-23.3,,0.000,0.0,11.5,-1.00,-1.0,0.0
70,1.1667,swing,swingBottom,-247.726,219.280,16.343,5.384,32.566,3.062,33.150,33.008,15.230,-237.51,230.53,36.41,20.18,1.000,0,,0,0.00,0.00,0.00,-247.214,214.708,16.897,96.40,-4.55,65.24,4.633,0.074,0.00,1.00,1,0,0,0,0,0,-4.55,-10.86,-1.18,0.2611,0.1271,0.5050,1,4.633,0,0.463,0,swing,swingBottomL,1.000,2,-0.280 0.479 -0.645 0.801 0.105 0.253 0.104 -0.348 0.440 -0.458,-247.31,214.16,16.89,-4.89,96.33,97.28,424,676,816,1028,0.465,0.782 0.218 -0.326 -0.501,1.0,1,0.000,0.000,0.4803,0.73,,-1.000,0.0,0.0,0.0,,,37.9,33.0,-23.2,,0.000,0.0,11.5,-1.00,-1.0,0.0
71,1.1833,swing,swingBottom,-247.637,219.823,16.402,5.352,32.605,3.986,33.281,33.041,15.289,-237.51,230.53,36.41,20.18,1.000,0,,0,0.00,0.00,0.00,-247.119,215.253,16.918,96.46,-4.22,65.34,4.629,0.077,0.00,1.00,1,0,0,0,0,0,-4.22,-10.67,-1.20,0.2585,0.1257,0.5001,1,4.629,0,0.466,0,swing,swingBottomL,1.000,2,-0.278 0.482 -0.645 0.807 0.118 0.244 0.097 -0.335 0.432 -0.449,-247.21,214.71,16.90,-4.55,96.40,97.38,420,668,816,1028,0.470,0.791 0.213 -0.316 -0.491,0.9,1,0.000,0.000,0.4801,0.71,,-1.000,0.0,0.0,0.0,,,37.0,31.9,-23.1,,0.000,0.0,11.5,-1.00,-1.0,0.0
72,1.2000,swing,swingBottom,-247.549,220.367,16.476,5.302,32.606,4.917,33.398,33.034,15.363,-237.51,230.53,36.41,20.18,1.000,0,,0,0.00,0.00,0.00,-247.026,215.797,16.954,96.53,-3.91,65.42,4.625,0.080,0.00,1.00,1,0,0,0,0,0,-3.91,-10.50,-1.22,0.2572,0.1243,0.4957,1,4.625,0,0.468,0,swing,swingBottomL,1.000,2,-0.277 0.486 -0.645 0.813 0.131 0.238 0.092 -0.328 0.423 -0.438,-247.12,215.25,16.92,-4.22,96.46,97.48,416,664,816,1024,0.475,0.799 0.209 -0.311 -0.480,0.7,1,0.000,0.000,0.4799,0.68,,-1.000,0.0,0.0,0.0,,,36.2,30.8,-23.0,,0.000,0.0,11.5,-1.00,-1.0,0.0
73,1.2167,swing,swingBottom,-247.461,220.911,16.566,5.248,32.569,5.851,33.504,32.989,15.453,-237.51,230.53,36.41,20.18,1.000,0,,0,0.00,0.00,0.00,-246.933,216.342,17.006,96.59,-3.61,65.51,4.621,0.083,0.00,1.00,1,0,0,0,0,0,-3.61,-10.34,-1.23,0.2563,0.1228,0.4911,1,4.621,0,0.470,0,swing,swingBottomL,1.000,2,-0.275 0.489 -0.645 0.819 0.144 0.232 0.088 -0.322 0.413 -0.425,-247.03,215.80,16.95,-3.91,96.53,97.58,412,660,816,1024,0.480,0.807 0.205 -0.307 -0.465,0.6,1,0.000,0.000,0.4796,0.65,,-1.000,0.0,0.0,0.0,,,35.4,29.7,-23.0,,0.000,0.0,11.5,-1.00,-1.0,0.0
74,1.2333,swing,swingBottom,-247.375,221.454,16.672,5.190,32.495,6.786,33.600,32.907,15.559,-237.51,230.53,36.41,20.18,1.000,0,,0,0.00,0.00,0.00,-246.841,216.885,17.073,96.66,-3.33,65.60,4.617,0.086,0.00,1.00,1,0,0,0,0,0,-3.33,-10.21,-1.25,0.2569,0.1213,0.4872,1,4.617,0,0.471,0,swing,swingBottomL,1.000,2,-0.274 0.492 -0.644 0.825 0.156 0.227 0.087 -0.323 0.403 -0.411,-246.93,216.34,17.01,-3.61,96.59,97.67,408,656,820,1024,0.484,0.815 0.203 -0.310 -0.449,0.6,1,0.000,0.000,0.4793,0.62,,-1.000,0.0,0.0,0.0,,,34.6,28.6,-22.9,,0.000,0.0,11.5,-1.00,-1.0,0.0
75,1.2500,swing,swingBottom,-247.289,221.995,16.793,5.116,32.383,7.722,33.682,32.785,15.680,-237.51,230.53,36.41,20.18,1.000,0,,0,0.00,0.00,0.00,-246.749,217.427,17.155,96.74,-3.06,65.68,4.614,0.090,0.00,1.00,1,0,0,0,0,0,-3.06,-10.09,-1.27,0.2577,0.1198,0.4831,1,4.614,0,0.472,0,swing,swingBottomL,1.000,2,-0.272 0.495 -0.644 0.830 0.168 0.223 0.085 -0.324 0.392 -0.394,-246.84,216.88,17.07,-3.33,96.66,97.77,404,652,820,1020,0.489,0.822 0.202 -0.312 -0.431,0.6,1,0.000,0.000,0.4790,0.59,,-1.000,0.0,0.0,0.0,,,33.8,27.5,-22.9,,0.000,0.0,11.5,-1.00,-1.0,0.0
76,1.2667,swing,swingBottom,-247.205,222.534,16.929,5.038,32.234,8.655,33.754,32.625,15.816,-237.51,230.53,36.41,20.18,1.000,0,,0,0.00,0.00,0.00,-246.659,217.966,17.253,96.82,-2.81,65.77,4.611,0.093,0.00,1.00,1,0,0,0,0,0,-2.81,-9.99,-1.28,0.2598,0.1184,0.4797,1,4.611,0,0.472,0,swing,swingBottomL,1.000,2,-0.271 0.498 -0.644 0.835 0.179 0.223 0.087 -0.331 0.381 -0.376,-246.75,217.43,17.16,-3.06,96.74,97.86,400,648,820,1020,0.493,0.829 0.203 -0.321 -0.411,0.7,1,0.000,0.000,0.4787,0.56,,-1.000,0.0,0.0,0.0,,,33.1,26.4,-22.9,,0.000,0.0,11.5,-1.00,-1.0,0.0
77,1.2833,swing,swingBottom,-247.122,223.070,17.081,4.958,32.047,9.583,33.815,32.429,15.968,-237.51,230.53,36.41,20.18,1.000,0,,0,0.00,0.00,0.00,-246.569,218.503,17.366,96.90,-2.57,65.85,4.609,0.096,0.00,1.00,1,0,0,0,0,0,-2.57,-9.91,-1.30,0.2620,0.1169,0.4760,1,4.609,0,0.472,0,swing,swingBottomL,1.000,2,-0.269 0.501 -0.644 0.840 0.189 0.222 0.089 -0.338 0.369 -0.356,-246.66,217.97,17.25,-2.81,96.82,97.95,396,648,824,1020,0.496,0.835 0.204 -0.330 -0.389,0.9,1,0.000,0.000,0.4783,0.53,,-1.000,0.0,0.0,0.0,,,32.4,25.3,-22.8,,0.000,0.0,11.5,-1.00,-1.0,0.0
78,1.3000,swing,swingBottom,-247.040,223.602,17.249,4.863,31.824,10.506,33.864,32.193,16.136,-237.51,230.53,36.41,20.18,1.000,0,,0,0.00,0.00,0.00,-246.481,219.037,17.495,96.99,-2.34,65.93,4.607,0.100,0.00,1.00,1,0,0,0,0,0,-2.34,-9.86,-1.32,0.2652,0.1155,0.4728,1,4.607,0,0.472,0,swing,swingBottomL,1.000,2,-0.268 0.504 -0.644 0.844 0.197 0.225 0.092 -0.350 0.358 -0.336,-246.57,218.50,17.37,-2.57,96.90,98.04,392,644,820,1016,0.500,0.840 0.208 -0.343 -0.367,1.1,1,0.000,0.000,0.4780,0.51,,-1.000,0.0,0.0,0.0,,,31.7,24.2,-22.8,,0.000,0.0,11.5,-1.00,-1.0,0.0
79,1.3167,swing,swingBottom,-246.961,224.131,17.432,4.767,31.564,11.420,33.903,31.921,16.319,-237.51,230.53,36.41,20.18,1.000,0,,0,0.00,0.00,0.00,-246.394,219.566,17.639,97.08,-2.13,66.00,4.605,0.103,0.00,1.00,1,0,0,0,0,0,-2.13,-9.82,-1.33,0.2683,0.1141,0.4694,1,4.605,0,0.471,0,swing,swingBottomL,1.000,2,-0.267 0.506 -0.644 0.848 0.205 0.228 0.096 -0.362 0.345 -0.314,-246.48,219.04,17.50,-2.34,96.99,98.12,384,644,820,1016,0.503,0.845 0.213 -0.356 -0.343,1.4,1,0.000,0.000,0.4776,0.48,,-1.000,0.0,0.0,0.0,,,31.0,23.2,-22.9,,0.000,0.0,11.5,-1.00,-1.0,0.0
80,1.3333,swing,swingHigh,-246.882,224.655,17.629,4.668,31.268,12.324,33.931,31.614,16.516,-237.51,230.53,36.41,20.18,1.000,0,,0,0.00,0.00,0.00,-246.308,220.091,17.829,97.17,-2.31,66.08,4.604,0.107,0.00,1.00,1,0,0,0,0,0,-2.31,-9.80,-1.35,0.2728,0.1128,0.4663,1,4.604,0,0.470,0,swing,swingBottomL,1.000,2,-0.265 0.509 -0.644 0.853 0.211 0.236 0.101 -0.378 0.334 -0.286,-246.39,219.57,17.64,-2.13,97.08,98.21,380,644,824,1016,0.506,0.850 0.220 -0.372 -0.318,1.7,1,0.000,0.000,0.4772,0.46,,-1.000,0.0,0.0,0.0,,,30.4,22.1,-22.9,,0.000,0.0,11.5,-1.00,-1.0,0.0
81,1.3500,swing,swingHigh,-246.806,225.173,17.842,4.556,30.936,13.216,33.948,31.270,16.729,-237.51,230.53,36.41,20.18,1.000,0,,0,0.00,0.00,0.00,-246.223,220.610,18.042,97.28,-2.60,66.15,4.604,0.110,0.00,1.00,1,0,0,0,0,0,-2.60,-9.80,-1.37,0.2772,0.1116,0.4630,1,4.604,0,0.469,0,swing,swingBottomL,1.000,2,-0.264 0.512 -0.644 0.857 0.217 0.246 0.107 -0.394 0.321 -0.256,-246.31,220.09,17.83,-2.31,97.17,98.29,376,644,824,1012,0.509,0.854 0.228 -0.389 -0.292,2.0,1,0.000,0.000,0.4767,0.44,,-1.000,0.0,0.0,0.0,,,29.8,21.1,-22.9,,0.000,0.0,11.5,-1.00,-1.0,0.0
82,1.3667,swing,swingHigh,-246.731,225.686,18.070,4.443,30.571,14.095,33.955,30.892,16.957,-237.51,230.53,36.41,20.18,1.000,0,,0,0.00,0.00,0.00,-246.140,221.124,18.270,97.39,-2.90,66.23,4.604,0.114,0.00,1.00,1,0,0,0,0,0,-2.90,-9.82,-1.38,0.2822,0.1106,0.4597,1,4.604,0,0.467,0,swing,swingBottomL,1.000,2,-0.261 0.516 -0.643 0.862 0.223 0.255 0.113 -0.412 0.310 -0.226,-246.22,220.61,18.04,-2.60,97.28,98.37,368,644,824,1012,0.512,0.859 0.236 -0.407 -0.267,2.5,1,0.000,0.000,0.4765,0.42,,-1.000,0.0,0.0,0.0,,,29.0,20.0,-22.7,,0.000,0.0,11.5,-1.00,-1.0,0.0
83,1.3833,swing,swingHigh,-246.659,226.192,18.312,4.330,30.171,14.958,33.953,30.481,17.199,-237.51,230.53,36.41,20.18,1.000,0,,0,0.00,0.00,0.00,-246.059,221.632,18.512,97.50,-3.21,66.30,4.604,0.117,0.00,1.00,1,0,0,0,0,0,-3.21,-9.86,-1.40,0.2863,0.1098,0.4563,1,4.604,0,0.465,0,swing,swingBottomL,1.000,2,-0.261 0.518 -0.644 0.864 0.228 0.269 0.120 -0.430 0.298 -0.194,-246.14,221.12,18.27,-2.90,97.39,98.45,364,640,824,1008,0.514,0.861 0.248 -0.425 -0.240,2.8,1,0.000,0.000,0.4761,0.40,,-1.000,0.0,0.0,0.0,,,28.6,19.1,-22.9,,0.000,0.0,11.5,-1.00,-1.0,0.0
84,1.4000,swing,swingHigh,-246.588,226.692,18.569,4.205,29.740,15.804,33.940,30.035,17.456,-237.51,230.53,36.41,20.18,1.000,0,,0,0.00,0.00,0.00,-245.978,222.132,18.769,97.62,-3.52,66.37,4.604,0.121,0.00,1.00,1,0,0,0,0,0,-3.52,-9.93,-1.42,0.2905,0.1091,0.4529,1,4.604,0,0.463,0,swing,swingBottomL,1.000,2,-0.261 0.520 -0.645 0.865 0.231 0.285 0.127 -0.448 0.287 -0.163,-246.06,221.63,18.51,-3.21,97.50,98.53,356,640,824,1008,0.516,0.862 0.263 -0.445 -0.214,3.2,1,0.000,0.000,0.4758,0.38,,-1.000,0.0,0.0,0.0,,,28.3,18.1,-23.1,,0.000,0.0,11.5,-1.00,-1.0,0.0
85,1.4167,swing,swingHigh,-246.520,227.183,18.839,4.080,29.276,16.632,33.917,29.559,17.726,-237.51,230.53,36.41,20.18,1.000,0,,0,0.00,0.00,0.00,-245.900,222.625,19.039,97.74,-3.84,66.43,4.604,0.124,0.00,1.00,1,0,0,0,0,0,-3.84,-10.01,-1.43,0.2941,0.1092,0.4493,1,4.604,0,0.461,0,swing,swingBottomL,1.000,2,-0.261 0.521 -0.646 0.866 0.235 0.302 0.133 -0.465 0.276 -0.131,-245.98,222.13,18.77,-3.52,97.62,98.60,352,640,824,1008,0.518,0.864 0.278 -0.463 -0.187,3.6,1,0.000,0.000,0.4758,0.36,,-1.000,0.0,0.0,0.0,,,27.9,17.2,-23.3,,0.000,0.0,11.5,-1.00,-1.0,0.0
86,1.4333,swing,swingHigh,-246.453,227.667,19.123,3.955,28.782,17.440,33.885,29.053,18.010,-237.51,230.53,36.41,20.18,1.000,0,,0,0.00,0.00,0.00,-245.823,223.111,19.323,97.87,-4.17,66.50,4.604,0.127,0.00,1.00,1,0,0,0,0,0,-4.17,-10.12,-1.45,0.2974,0.1097,0.4455,1,4.604,0,0.458,0,swing,swingHighL,1.000,2,-0.261 0.522 -0.648 0.866 0.239 0.322 0.140 -0.481 0.266 -0.099,-245.90,222.63,19.04,-3.84,97.74,98.67,348,636,824,1004,0.519,0.864 0.296 -0.481 -0.161,4.0,1,0.000,0.000,0.4760,0.34,,-1.000,0.0,0.0,0.0,,,27.6,16.2,-23.5,,0.000,0.0,11.5,-1.00,-1.0,0.0
87,1.4500,swing,swingHigh,-246.389,228.143,19.420,3.821,28.259,18.226,33.844,28.517,18.307,-237.51,230.53,36.41,20.18,1.000,0,,0,0.00,0.00,0.00,-245.748,223.587,19.620,98.00,-4.50,66.56,4.604,0.130,0.00,1.00,1,0,0,0,0,0,-4.50,-10.24,-1.47,0.3001,0.1105,0.4414,1,4.604,0,0.455,0,swing,swingHighL,1.000,2,-0.261 0.523 -0.649 0.865 0.242 0.341 0.147 -0.494 0.256 -0.068,-245.82,223.11,19.32,-4.17,97.87,98.74,340,632,824,1008,0.520,0.864 0.314 -0.498 -0.134,4.4,1,0.000,0.000,0.4762,0.32,,-1.000,0.0,0.0,0.0,,,27.4,15.3,-23.7,,0.000,0.0,11.5,-1.00,-1.0,0.0
88,1.4667,swing,swingHigh,-246.327,228.609,19.730,3.688,27.708,18.990,33.793,27.953,18.617,-237.51,230.53,36.41,20.18,1.000,0,,0,0.00,0.00,0.00,-245.675,224.055,19.930,98.14,-4.83,66.62,4.604,0.133,0.00,1.00,1,0,0,0,0,0,-4.83,-10.39,-1.48,0.3022,0.1114,0.4370,1,4.604,0,0.452,0,swing,swingHighL,1.000,2,-0.262 0.524 -0.650 0.863 0.245 0.363 0.153 -0.506 0.248 -0.037,-245.75,223.59,19.62,-4.50,98.00,98.81,336,632,824,1008,0.521,0.864 0.334 -0.513 -0.109,4.9,1,0.000,0.000,0.4765,0.31,,-1.000,0.0,0.0,0.0,,,27.1,14.4,-23.9,,0.000,0.0,11.5,-1.00,-1.0,0.0
89,1.4833,swing,swingHigh,-246.267,229.066,20.053,3.556,27.131,19.730,33.734,27.363,18.940,-237.51,230.53,36.41,20.18,1.000,0,,0,0.00,0.00,0.00,-245.604,224.514,20.253,98.28,-5.17,66.68,4.604,0.135,0.00,1.00,1,0,0,0,0,0,-5.17,-10.56,-1.50,0.3037,0.1123,0.4323,1,4.604,0,0.449,0,swing,swingHighL,1.000,2,-0.262 0.524 -0.651 0.861 0.248 0.386 0.158 -0.515 0.240 -0.006,-245.68,224.06,19.93,-4.83,98.14,98.87,328,624,824,1008,0.522,0.863 0.355 -0.526 -0.083,5.4,1,0.000,0.000,0.4767,0.29,,-1.000,0.0,0.0,0.0,,,27.0,13.5,-24.2,,0.000,0.0,11.5,-1.00,-1.0,0.0
90,1.5000,swing,swingHigh,-246.209,229.513,20.387,3.417,26.528,20.445,33.666,26.747,19.274,-237.51,230.53,36.41,20.18,1.000,0,,0,0.00,0.00,0.00,-245.535,224.963,20.587,98.43,-5.51,66.73,4.604,0.138,0.00,1.00,1,0,0,0,0,0,-5.51,-10.74,-1.52,0.3052,0.1133,0.4270,1,4.604,0,0.446,0,swing,swingHighL,1.000,2,-0.258 0.525 -0.651 0.861 0.253 0.405 0.163 -0.521 0.233 0.024,-245.60,224.51,20.25,-5.17,98.28,98.94,324,620,824,1008,0.524,0.865 0.373 -0.537 -0.058,6.1,1,0.000,0.000,0.4772,0.28,,-1.000,0.0,0.0,0.0,,,26.4,12.4,-24.0,,0.000,0.0,11.5,-1.00,-1.0,0.0
91,1.5167,swing,swingHigh,-246.154,229.950,20.734,3.279,25.901,21.134,33.589,26.108,19.621,-237.51,230.53,36.41,20.18,1.000,0,,0,0.00,0.00,0.00,-245.467,225.401,20.934,98.58,-5.85,66.79,4.604,0.140,0.00,1.00,1,0,0,0,0,0,-5.85,-10.95,-1.53,0.3055,0.1144,0.4216,1,4.604,0,0.443,0,swing,swingHighL,1.000,2,-0.258 0.525 -0.652 0.858 0.256 0.429 0.167 -0.524 0.226 0.054,-245.53,224.96,20.59,-5.51,98.43,99.00,316,616,824,1008,0.525,0.863 0.396 -0.544 -0.033,6.7,1,0.000,0.000,0.4775,0.27,,-1.000,0.0,0.0,0.0,,,26.2,11.4,-24.2,,0.000,0.0,11.5,-1.00,-1.0,0.0
92,1.5333,swing,swingHigh,-246.101,230.376,21.091,3.143,25.252,21.796,33.505,25.447,19.978,-237.51,230.53,36.41,20.18,1.000,0,,0,0.00,0.00,0.00,-245.401,225.829,21.291,98.74,-6.19,66.84,4.604,0.142,0.00,1.00,1,0,0,0,0,0,-6.19,-11.18,-1.55,0.3053,0.1155,0.4159,1,4.604,0,0.439,0,swing,swingHighL,1.000,2,-0.258 0.525 -0.652 0.855 0.259 0.454 0.170 -0.523 0.221 0.083,-245.47,225.40,20.93,-5.85,98.58,99.05,312,608,824,1012,0.526,0.862 0.420 -0.549 -0.009,7.3,1,0.000,0.000,0.4778,0.25,,-1.000,0.0,0.0,0.0,,,26.1,10.5,-24.4,,0.000,0.0,11.5,-1.00,-1.0,0.0
93,1.5500,swing,swingHigh,-246.050,230.791,21.460,3.002,24.582,22.430,33.412,24.764,20.347,-237.51,230.53,36.41,20.18,1.000,0,,0,0.00,0.00,0.00,-245.338,226.246,21.660,98.91,-6.53,66.89,4.604,0.144,0.00,1.00,1,0,0,0,0,0,-6.53,-11.43,-1.57,0.3046,0.1167,0.4099,1,4.604,0,0.436,0,swing,swingHighL,1.000,2,-0.257 0.524 -0.652 0.851 0.263 0.478 0.172 -0.518 0.217 0.111,-245.40,225.83,21.29,-6.19,98.74,99.11,308,604,824,1012,0.526,0.859 0.444 -0.551 0.014,7.9,1,0.000,0.000,0.4783,0.20,,-1.000,0.0,0.0,0.0,,,26.0,9.5,-24.6,,0.000,0.0,11.5,-1.00,-1.0,0.0
94,1.5667,swing,swingHigh,-246.001,231.194,21.838,2.863,23.892,23.036,33.312,24.063,20.725,-237.51,230.53,36.41,20.18,1.000,0,,0,0.00,0.00,0.00,-245.276,226.652,22.038,99.07,-6.87,66.93,4.604,0.145,0.00,1.00,1,0,0,0,0,0,-6.87,-11.70,-1.58,0.3033,0.1178,0.4036,1,4.604,0,0.432,0,swing,swingHighL,1.000,2,-0.256 0.524 -0.651 0.847 0.266 0.502 0.173 -0.510 0.213 0.139,-245.34,226.25,21.66,-6.53,98.91,99.16,300,596,824,1012,0.526,0.857 0.469 -0.549 0.038,8.4,1,0.000,0.000,0.4787,0.10,,-1.000,0.0,0.0,0.0,,,26.0,8.5,-24.9,,0.000,0.0,11.5,-1.00,-1.0,0.0
95,1.5833,swing,swingHigh,-245.955,231.586,22.227,2.727,23.185,23.613,33.204,23.344,21.114,-237.51,230.53,36.41,20.18,1.000,0,,0,0.00,0.00,0.00,-245.216,227.046,22.427,99.24,-7.21,66.97,4.604,0.146,0.00,1.00,1,0,0,0,0,0,-7.21,-11.99,-1.60,0.3016,0.1190,0.3971,1,4.604,0,0.429,0,swing,swingHighL,1.000,2,-0.255 0.523 -0.651 0.842 0.269 0.526 0.174 -0.499 0.211 0.166,-245.28,226.65,22.04,-6.87,99.07,99.21,296,588,824,1012,0.526,0.853 0.494 -0.545 0.061,9.0,1,0.000,0.000,0.4793,-0.04,,-1.000,0.0,0.0,0.0,,,26.0,7.4,-25.2,,0.000,0.0,11.5,-1.00,-1.0,0.0
96,1.6000,swing,swingHigh,-245.911,231.967,22.625,2.586,22.461,24.160,33.089,22.609,21.512,-237.51,230.53,36.41,20.18,1.000,0,,0,0.00,0.00,0.00,-245.158,227.429,22.825,99.42,-7.55,67.01,4.604,0.147,0.00,1.00,1,0,0,0,0,0,-7.55,-12.30,-1.62,0.2994,0.1201,0.3905,1,4.604,0,0.425,0,swing,swingHighL,1.000,2,-0.254 0.521 -0.650 0.836 0.273 0.550 0.174 -0.485 0.210 0.193,-245.22,227.05,22.43,-7.21,99.24,99.25,288,580,820,1016,0.526,0.849 0.518 -0.537 0.084,9.6,1,0.000,0.000,0.4798,-0.19,,-1.000,0.0,0.0,0.0,,,26.1,6.3,-25.5,,0.000,0.0,11.5,-1.00,-1.0,0.0
97,1.6167,swing,swingHigh,-245.870,232.334,23.031,2.449,21.722,24.678,32.967,21.860,21.918,-237.51,230.53,36.41,20.18,1.000,0,,0,0.00,0.00,0.00,-245.102,227.799,23.231,99.60,-7.89,67.05,4.604,0.147,0.00,1.00,1,0,0,0,0,0,-7.89,-12.63,-1.63,0.2969,0.1213,0.3837,1,4.604,0,0.421,0,swing,swingHighL,1.000,2,-0.253 0.519 -0.648 0.830 0.276 0.572 0.174 -0.467 0.210 0.219,-245.16,227.43,22.82,-7.55,99.42,99.29,284,568,824,1016,0.525,0.845 0.543 -0.527 0.107,10.2,1,0.000,0.000,0.4803,-0.36,,-1.000,0.0,0.0,0.0,,,26.2,5.2,-25.8,,0.000,0.0,11.5,-1.00,-1.0,0.0
98,1.6333,swing,swingHigh,-245.830,232.690,23.446,2.315,20.970,25.165,32.839,21.098,22.333,-237.51,230.53,36.41,20.18,1.000,0,,0,0.00,0.00,0.00,-245.049,228.157,23.646,99.78,-8.23,67.08,4.604,0.147,0.00,1.00,1,0,0,0,0,0,-8.23,-12.97,-1.65,0.2942,0.1225,0.3769,1,4.604,0,0.417,0,swing,swingHighL,1.000,2,-0.251 0.517 -0.647 0.823 0.279 0.593 0.174 -0.448 0.211 0.246,-245.10,227.80,23.23,-7.89,99.60,99.33,276,560,824,1020,0.524,0.840 0.566 -0.515 0.130,10.8,1,0.000,0.000,0.4809,-0.56,,-1.000,0.0,0.0,0.0,,,26.4,4.0,-26.2,,0.000,0.0,11.5,-1.00,-1.0,0.0
99,1.6500,swing,swingHigh,-245.793,233.033,23.869,2.179,20.207,25.621,32.703,20.324,22.756,-237.51,230.53,36.41,20.18,1.000,0,,0,0.00,0.00,0.00,-244.997,228.502,24.069,99.97,-8.56,67.11,4.604,0.146,0.00,1.00,1,0,0,0,0,0,-8.56,-13.34,-1.67,0.2912,0.1236,0.3701,1,4.604,0,0.414,0,swing,swingHighL,1.000,2,-0.250 0.515 -0.646 0.816 0.281 0.612 0.175 -0.426 0.214 0.271,-245.05,228.16,23.65,-8.23,99.78,99.37,272,552,824,1020,0.523,0.834 0.588 -0.500 0.153,11.4,1,0.000,0.000,0.4815,-0.76,,-1.000,0.0,0.0,0.0,,,26.7,2.8,-26.6,,0.000,0.0,11.5,-1.00,-1.0,0.0
100,1.6667,air,release,-245.771,233.242,24.250,2.707,25.111,45.751,52.259,25.256,23.137,0.00,0.00,0.00,0.00,0.000,0,,0,0.00,0.00,0.00,-244.944,228.806,24.437,100.55,-8.79,67.14,4.516,0.148,0.00,1.00,1,1,0,0,0,0,-8.79,-13.67,-1.68,0.3082,0.1221,0.3601,1,4.516,0,0.410,1,swing,swingHighL,1.000,2,-0.218 0.523 -0.590 0.834 0.291 0.616 0.107 -0.423 0.152 0.269,-245.00,228.50,24.07,-8.56,99.97,99.40,264,544,824,1024,0.536,0.864 0.588 -0.505 0.144,-1.0,0,0.000,0.000,0.4838,-0.98,,-1.000,0.0,0.0,0.0,,,23.8,-0.0,-23.8,corkscrew,0.000,0.0,11.5,-1.00,61.7,67.7
101,1.6833,air,release,-245.726,233.661,25.008,2.707,25.111,45.351,51.910,25.256,23.895,0.00,0.00,0.00,0.00,0.000,0,,0,0.00,0.00,0.00,-244.901,229.135,25.158,100.33,-8.68,67.19,4.602,0.157,0.00,1.00,0,0,0,0,0,0,-8.68,-13.95,-1.70,0.3066,0.1145,0.3537,1,4.602,0,0.405,0,air_tuck,swingHighL,1.000,1,-0.190 0.531 -0.539 0.853 0.302 0.617 0.054 -0.424 0.111 0.258,-244.94,228.81,24.44,-8.79,100.55,99.44,248,540,828,1024,0.546,0.889 0.588 -0.509 0.133,-1.0,0,0.000,0.000,0.4843,-0.93,,-1.000,0.0,0.0,0.0,,,21.3,-2.0,-21.2,corkscrew,0.000,0.0,11.5,-1.00,61.7,67.7
102,1.7000,air,release,-245.680,234.079,25.759,2.707,25.111,44.951,51.560,25.256,24.646,0.00,0.00,0.00,0.00,0.000,0,,0,0.00,0.00,0.00,-244.872,229.551,25.855,100.12,-8.44,67.25,4.601,0.172,0.00,1.00,0,0,0,0,0,0,-8.44,-14.21,-1.72,0.3114,0.1139,0.3531,1,4.601,0,0.400,0,air_tuck,swingHighL,1.000,1,-0.197 0.538 -0.551 0.842 0.287 0.626 0.035 -0.466 0.096 0.179,-244.90,229.14,25.16,-8.68,100.33,99.49,252,540,828,1016,0.548,0.875 0.591 -0.547 0.055,-1.0,0,0.000,0.000,0.4830,-0.89,,-1.000,0.0,0.0,0.0,,,20.9,1.6,-20.9,corkscrew,0.000,0.0,11.5,-1.00,61.7,67.7
103,1.7167,air,release,-245.635,234.498,26.503,2.707,25.111,44.551,51.212,25.256,25.390,0.00,0.00,0.00,0.00,0.000,0,,0,0.00,0.00,0.00,-244.840,229.967,26.533,99.96,-8.04,67.31,4.600,0.191,0.00,1.00,0,0,0,0,0,0,-8.04,-14.49,-1.73,0.3144,0.1144,0.3510,1,4.600,0,0.395,0,air_tuck,swingHighL,1.000,1,-0.196 0.545 -0.558 0.830 0.284 0.634 0.015 -0.496 0.088 0.102,-244.87,229.55,25.85,-8.44,100.12,99.55,244,540,828,1016,0.550,0.861 0.595 -0.572 -0.016,-1.0,0,0.000,0.000,0.4824,-0.84,,-1.000,0.0,0.0,0.0,,,20.4,4.2,-20.0,corkscrew,0.000,0.0,11.5,-1.00,61.7,67.7
104,1.7333,air,release,-245.590,234.916,27.240,2.707,25.111,44.151,50.865,25.256,26.127,0.00,0.00,0.00,0.00,0.000,0,,0,0.00,0.00,0.00,-244.805,230.384,27.196,99.83,-7.55,67.38,4.600,0.213,0.00,1.00,0,0,0,0,0,0,-7.55,-14.80,-1.75,0.3157,0.1161,0.3496,1,4.600,0,0.389,0,air_tuck,swingHighL,1.000,1,-0.196 0.550 -0.571 0.818 0.287 0.646 -0.003 -0.525 0.092 0.014,-244.84,229.97,26.53,-8.04,99.96,99.62,240,540,828,1020,0.550,0.845 0.606 -0.596 -0.095,-1.0,0,0.000,0.000,0.4819,-0.80,,-1.000,0.0,0.0,0.0,,,20.4,7.3,-19.2,corkscrew,0.000,0.0,11.5,-1.00,61.7,67.7
105,1.7500,air,release,-245.545,235.335,27.971,2.707,25.111,43.751,50.518,25.256,26.858,0.00,0.00,0.00,0.00,0.000,0,,0,0.00,0.00,0.00,-244.768,230.801,27.848,99.73,-6.97,67.46,4.602,0.238,0.00,1.00,0,0,0,0,0,0,-6.97,-15.15,-1.77,0.3150,0.1188,0.3491,1,4.602,0,0.384,0,air_tuck,swingHighL,1.000,1,-0.198 0.553 -0.591 0.806 0.292 0.661 -0.017 -0.552 0.106 -0.078,-244.81,230.38,27.20,-7.55,99.83,99.69,240,536,828,1020,0.548,0.827 0.620 -0.617 -0.177,-1.0,0,0.000,0.000,0.4814,-0.76,,-1.000,0.0,0.0,0.0,,,21.1,11.0,-18.4,corkscrew,0.000,0.0,11.5,-1.00,61.7,67.7
106,1.7667,air,release,-245.500,235.753,28.695,2.707,25.111,43.351,50.172,25.256,27.582,0.00,0.00,0.00,0.00,0.000,0,,0,0.00,0.00,0.00,-244.728,231.218,28.490,99.66,-6.33,67.55,4.605,0.264,0.00,1.00,0,0,0,0,0,0,-6.33,-15.56,-1.78,0.3114,0.1219,0.3507,1,4.605,0,0.380,0,air_tuck,swingHighL,1.000,1,-0.200 0.551 -0.621 0.790 0.296 0.670 -0.023 -0.581 0.130 -0.173,-244.77,230.80,27.85,-6.97,99.73,99.78,240,536,824,1024,0.541,0.802 0.629 -0.637 -0.258,-1.0,0,0.000,0.000,0.4803,-0.72,,-1.000,0.0,0.0,0.0,,,23.0,15.6,-17.7,corkscrew,0.000,0.0,11.5,-1.00,61.7,67.7
107,1.7833,air,release,-245.455,236.172,29.413,2.707,25.111,42.951,49.826,25.256,28.300,0.00,0.00,0.00,0.00,0.000,0,,0,0.00,0.00,0.00,-244.687,231.636,29.124,99.61,-5.67,67.63,4.609,0.293,0.00,1.00,0,0,0,0,0,0,-5.67,-16.02,-1.80,0.3035,0.1255,0.3552,1,4.609,0,0.375,0,air_tuck,swingHighL,1.000,1,-0.203 0.542 -0.663 0.762 0.300 0.669 -0.018 -0.610 0.163 -0.264,-244.73,231.22,28.49,-6.33,99.66,99.86,244,536,820,1024,0.527,0.764 0.628 -0.657 -0.334,-1.0,0,0.000,0.000,0.4789,-0.69,,-1.000,0.0,0.0,0.0,,,26.2,21.1,-16.9,corkscrew,0.000,0.0,11.5,-1.00,61.7,67.7
108,1.8000,air,release,-245.410,236.590,30.124,2.707,25.111,42.551,49.482,25.256,29.011,0.00,0.00,0.00,0.00,0.000,0,,0,0.00,0.00,0.00,-244.645,232.054,29.752,99.57,-4.98,67.72,4.615,0.322,0.00,1.00,0,0,0,0,0,0,-4.98,-16.54,-1.82,0.2897,0.1286,0.3636,1,4.615,0,0.371,0,air_tuck,swingHighL,1.000,1,-0.204 0.523 -0.716 0.713 0.305 0.637 -0.002 -0.639 0.204 -0.348,-244.69,231.64,29.12,-5.67,99.61,99.96,256,540,816,1024,0.503,0.703 0.596 -0.677 -0.401,-1.0,0,0.000,0.000,0.4772,-0.66,,-1.000,0.0,0.0,0.0,,,31.0,27.8,-15.9,corkscrew,0.000,0.0,11.5,-1.00,61.7,67.7
109,1.8167,air,release,-245.365,237.009,30.828,2.707,25.111,42.151,49.139,25.256,29.715,0.00,0.00,0.00,0.00,0.000,0,,0,0.00,0.00,0.00,-244.602,232.472,30.376,99.54,-4.28,67.81,4.622,0.351,0.00,1.00,0,0,0,0,0,0,-4.28,-17.10,-1.83,0.2672,0.1308,0.3766,1,4.622,0,0.368,0,air_tuck,swingHighL,1.000,1,-0.198 0.490 -0.768 0.624 0.321 0.571 0.023 -0.664 0.247 -0.415,-244.64,232.05,29.75,-4.98,99.57,100.05,276,544,812,1028,0.467,0.603 0.532 -0.691 -0.453,-1.0,0,0.000,0.000,0.4766,-0.62,,-1.000,0.0,0.0,0.0,,,37.2,35.6,-14.0,corkscrew,0.000,0.0,11.5,-1.00,61.7,67.7
110,1.8333,air,release,-245.319,237.427,31.526,2.707,25.111,41.751,48.796,25.256,30.413,0.00,0.00,0.00,0.00,0.000,0,,0,0.00,0.00,0.00,-244.559,232.891,30.995,99.52,-3.58,67.91,4.631,0.381,0.00,1.00,0,0,0,0,0,0,-3.58,-17.72,-1.85,0.2328,0.1290,0.3919,1,4.631,0,0.365,0,air_tuck,swingHighL,1.000,1,-0.196 0.450 -0.805 0.477 0.323 0.488 0.051 -0.665 0.281 -0.441,-244.60,232.47,30.38,-4.28,99.54,100.15,296,544,812,1024,0.427,0.450 0.453 -0.684 -0.466,-1.0,0,0.000,0.000,0.4765,-0.59,,-1.000,0.0,0.0,0.0,,,43.2,42.3,-13.0,corkscrew,0.000,0.0,11.5,-1.00,61.7,67.7
111,1.8500,air,release,-245.274,237.846,32.216,2.707,25.111,41.351,48.454,25.256,31.103,0.00,0.00,0.00,0.00,0.000,0,,0,0.00,0.00,0.00,-244.516,233.309,31.611,99.50,-2.89,68.00,4.640,0.411,0.00,1.00,0,0,0,0,0,0,-2.89,-18.38,-1.87,0.2181,0.1232,0.3927,1,4.640,0,0.362,0,air_tuck,releaseTuck,1.000,1,-0.204 0.414 -0.804 0.293 0.300 0.407 0.073 -0.638 0.296 -0.424,-244.56,232.89,30.99,-3.58,99.52,100.25,304,536,816,1020,0.394,0.265 0.379 -0.650 -0.440,-1.0,0,0.000,0.000,0.4778,-0.56,,-1.000,0.0,0.0,0.0,,,47.7,46.9,-13.9,corkscrew,0.000,0.0,11.5,-1.00,61.7,67.7
112,1.8667,air,release,-245.229,238.264,32.901,2.707,25.111,40.951,48.113,25.256,31.788,0.00,0.00,0.00,0.00,0.000,0,,0,0.00,0.00,0.00,-244.472,233.727,32.224,99.47,-2.21,68.10,4.650,0.440,0.00,1.00,0,0,0,0,0,0,-2.21,-19.09,-1.88,0.2063,0.1138,0.3908,1,4.650,0,0.360,0,air_tuck,releaseTuck,1.000,1,-0.205 0.376 -0.727 0.109 0.273 0.325 0.085 -0.603 0.302 -0.401,-244.52,233.31,31.61,-2.89,99.50,100.35,312,528,836,1024,0.359,0.082 0.303 -0.610 -0.410,-1.0,0,0.000,0.000,0.4844,-0.54,,-1.000,0.0,0.0,0.0,,,52.0,51.4,-14.2,corkscrew,0.000,0.0,11.5,-1.00,61.7,67.7
113,1.8833,air,release,-245.184,238.683,33.578,2.707,25.111,40.551,47.773,25.256,32.465,0.00,0.00,0.00,0.00,0.000,0,,0,0.00,0.00,0.00,-244.429,234.145,32.834,99.45,-1.55,68.20,4.660,0.469,0.00,1.00,0,0,0,0,0,0,-1.55,-19.83,-1.90,0.1931,0.0998,0.3873,1,4.660,0,0.358,0,air_tuck,releaseTuck,1.000,1,-0.201 0.334 -0.578 -0.031 0.238 0.239 0.089 -0.553 0.299 -0.367,-244.47,233.73,32.22,-2.21,99.47,100.45,320,520,860,1024,0.320,-0.052 0.224 -0.556 -0.371,-1.0,0,0.000,0.000,0.4923,-0.51,,-1.000,0.0,0.0,0.0,,,56.5,56.1,-13.7,corkscrew,0.000,0.0,11.5,-1.00,61.7,67.7
114,1.9000,air,release,-245.139,239.101,34.249,2.707,25.111,40.151,47.434,25.256,33.136,0.00,0.00,0.00,0.00,0.000,0,,0,0.00,0.00,0.00,-244.386,234.563,33.441,99.43,-0.91,68.29,4.670,0.496,0.00,1.00,0,0,0,0,0,0,-0.91,-20.60,-1.92,0.1802,0.0951,0.3840,1,4.670,0,0.357,0,air_tuck,releaseTuck,1.000,1,-0.193 0.291 -0.480 -0.108 0.209 0.181 0.087 -0.506 0.294 -0.334,-244.43,234.15,32.83,-1.55,99.45,100.56,328,508,868,1028,0.282,-0.120 0.173 -0.507 -0.335,-1.0,0,0.000,0.000,0.4950,-0.49,,-1.000,0.0,0.0,0.0,,,60.7,60.5,-12.7,corkscrew,0.000,0.0,11.5,-1.00,61.7,67.7
115,1.9167,air,release,-245.094,239.520,34.913,2.707,25.111,39.751,47.096,25.256,33.800,0.00,0.00,0.00,0.00,0.000,0,,0,0.00,0.00,0.00,-244.343,234.982,34.046,99.40,-0.29,68.39,4.681,0.523,0.01,1.00,0,0,0,0,0,0,-0.29,-21.37,-1.93,0.1659,0.0889,0.3804,1,4.681,0,0.356,0,air_tuck,releaseTuck,1.000,1,-0.181 0.247 -0.395 -0.147 0.177 0.132 0.078 -0.452 0.281 -0.298,-244.39,234.56,33.44,-0.91,99.43,100.66,332,496,880,1028,0.243,-0.153 0.130 -0.452 -0.297,-1.0,0,0.000,0.000,0.4977,-0.46,,-1.000,0.0,0.0,0.0,,,64.9,64.8,-10.6,corkscrew,0.000,0.0,11.5,-1.00,61.7,67.7
116,1.9333,air,release,-245.049,239.938,35.571,2.707,25.111,39.351,46.759,25.256,34.458,0.00,0.00,0.00,0.00,0.000,0,,0,0.00,0.00,0.00,-244.300,235.400,34.648,99.37,0.30,68.48,4.692,0.549,0.01,1.00,0,0,0,0,0,0,0.30,-22.14,-1.95,0.1521,0.0830,0.3773,1,4.692,0,0.355,0,air_tuck,releaseTuck,1.000,1,-0.167 0.203 -0.335 -0.170 0.166 0.096 0.065 -0.404 0.269 -0.268,-244.34,234.98,34.05,-0.29,99.40,100.76,336,484,888,1024,0.205,-0.170 0.100 -0.404 -0.265,-1.0,0,0.000,0.000,0.4998,-0.44,,-1.000,0.0,0.0,0.0,,,69.0,69.0,-7.4,corkscrew,0.000,0.0,11.5,-1.00,61.7,67.7
117,1.9500,air,release,-245.004,240.357,36.222,2.707,25.111,38.951,46.423,25.256,35.109,0.00,0.00,0.00,0.00,0.000,0,,0,0.00,0.00,0.00,-244.257,235.818,35.248,99.34,0.87,68.57,4.702,0.573,0.01,1.00,0,0,0,0,0,0,0.87,-22.87,-1.97,0.1382,0.0773,0.3743,1,4.702,0,0.355,0,air_tuck,releaseTuck,1.000,1,-0.151 0.160 -0.294 -0.182 0.157 0.065 0.049 -0.358 0.253 -0.240,-244.30,235.40,34.65,0.30,99.37,100.86,340,472,896,1024,0.167,-0.176 0.075 -0.357 -0.237,-1.0,0,0.000,0.000,0.5012,-0.42,,-1.000,0.0,0.0,0.0,,,72.9,72.8,-2.5,corkscrew,0.000,0.0,11.5,-1.00,61.7,67.7
118,1.9667,air,release,-244.958,240.775,36.866,2.707,25.111,38.551,46.088,25.256,35.753,0.00,0.00,0.00,0.00,0.000,0,,0,0.00,0.00,0.00,-244.214,236.236,35.844,99.31,1.42,68.66,4.712,0.596,0.01,1.00,0,0,0,0,0,0,1.42,-23.56,-1.98,0.1259,0.0732,0.3722,1,4.712,0,0.355,0,air_tuck,releaseTuck,1.000,1,-0.136 0.119 -0.268 -0.195 0.158 0.033 0.032 -0.322 0.239 -0.219,-244.26,235.82,35.25,0.87,99.34,100.95,344,460,896,1020,0.132,-0.184 0.048 -0.322 -0.217,-1.0,0,0.000,0.000,0.5019,-0.40,,-1.000,0.0,0.0,0.0,,,76.5,76.5,4.5,corkscrew,0.000,0.0,11.5,-1.00,61.7,67.7
119,1.9833,air,release,-244.913,241.194,37.503,2.707,25.111,38.151,45.754,25.256,36.390,0.00,0.00,0.00,0.00,0.000,0,,0,0.00,0.00,0.00,-244.172,236.654,36.438,99.28,1.94,68.75,4.722,0.617,0.01,1.00,0,0,0,0,0,0,1.94,-24.21,-2.00,0.1143,0.0706,0.3709,1,4.722,0,0.356,0,air_tuck,releaseTuck,1.000,1,-0.123 0.081 -0.261 -0.203 0.156 -0.003 0.010 -0.291 0.221 -0.210,-244.21,236.24,35.84,1.42,99.31,101.05,348,452,900,1020,0.099,-0.188 0.016 -0.293 -0.208,-1.0,0,0.000,0.000,0.5013,-0.38,,-1.000,0.0,0.0,0.0,,,79.9,79.9,14.1,corkscrew,0.000,0.0,11.5,-1.00,61.7,67.7
120,2.0000,air,release,-244.868,241.612,38.134,2.707,25.111,37.751,45.421,25.256,37.021,0.00,0.00,0.00,0.00,0.000,0,,0,0.00,0.00,0.00,-244.130,237.072,37.028,99.24,2.44,68.84,4.731,0.638,0.01,1.00,0,0,0,0,0,0,2.44,-24.81,-2.02,0.1053,0.0685,0.3704,1,4.731,0,0.356,0,air_tuck,releaseTuck,1.000,1,-0.114 0.046 -0.262 -0.214 0.156 -0.041 -0.007 -0.273 0.207 -0.207,-244.17,236.65,36.44,1.94,99.28,101.14,348,448,900,1016,0.069,-0.195 -0.017 -0.275 -0.206,-1.0,0,0.000,0.000,0.5008,-0.36,,-1.000,0.0,0.0,0.0,,,83.0,83.0,26.4,corkscrew,0.000,0.0,11.5,-1.00,61.7,67.7
121,2.0167,air,release,-244.823,242.031,38.758,2.707,25.111,37.351,45.089,25.256,37.645,0.00,0.00,0.00,0.00,0.000,0,,0,0.00,0.00,0.00,-244.088,237.490,37.616,99.20,2.91,68.93,4.740,0.656,0.01,1.00,0,0,0,0,0,0,2.91,-25.37,-2.03,0.1014,0.0669,0.3688,1,4.740,0,0.357,0,air_tuck,releaseTuck,1.000,1,-0.111 0.017 -0.269 -0.224 0.152 -0.076 -0.021 -0.262 0.196 -0.211,-244.13,237.07,37.03,2.44,99.24,101.24,348,444,900,1012,0.044,-0.202 -0.047 -0.265 -0.210,-1.0,0,0.000,0.000,0.5004,-0.34,,-1.000,0.0,0.0,0.0,,,85.5,85.5,41.0,corkscrew,0.000,0.0,11.5,-1.00,61.7,67.7
122,2.0333,air,release,-244.778,242.449,39.376,2.707,25.111,36.951,44.758,25.256,38.263,0.00,0.00,0.00,0.00,0.000,0,,0,0.00,0.00,0.00,-244.046,237.908,38.199,99.16,3.37,69.01,4.748,0.673,0.01,1.00,0,0,0,0,0,0,3.37,-25.87,-2.05,0.0996,0.0656,0.3684,1,4.748,0,0.358,0,air_tuck,releaseTuck,1.000,1,-0.112 -0.006 -0.282 -0.234 0.147 -0.110 -0.033 -0.261 0.187 -0.222,-244.09,237.49,37.62,2.91,99.20,101.33,348,440,900,1012,0.026,-0.208 -0.078 -0.266 -0.222,-1.0,0,0.000,0.000,0.5000,-0.33,,-1.000,0.0,0.0,0.0,,,87.4,87.4,55.3,corkscrew,0.000,0.0,11.5,-1.00,61.7,67.7
123,2.0500,air,release,-244.733,242.868,39.987,2.653,25.117,36.551,44.428,25.256,38.874,0.00,0.00,0.00,0.00,0.000,0,,0,0.00,0.00,0.00,-244.004,238.326,38.779,99.13,3.79,69.09,4.756,0.689,0.01,1.00,0,0,0,0,0,0,3.79,-26.33,-2.07,0.0977,0.0652,0.3682,1,4.756,0,0.359,0,air_tuck,releaseTuck,1.000,1,-0.115 -0.028 -0.297 -0.241 0.139 -0.146 -0.046 -0.260 0.176 -0.233,-244.05,237.91,38.20,3.37,99.16,101.41,348,440,900,1008,0.007,-0.213 -0.110 -0.266 -0.235,-1.0,0,0.000,0.000,0.4993,-0.31,,-1.000,0.0,0.0,0.0,,,89.3,89.3,77.4,corkscrew,0.000,0.0,11.5,-1.00,61.7,67.7
124,2.0667,air,rise,-244.690,243.287,40.591,2.575,25.125,36.151,44.100,25.256,39.478,0.00,0.00,0.00,0.00,0.000,0,,0,0.00,0.00,0.00,-243.963,238.745,39.355,99.10,4.20,69.17,4.763,0.703,0.01,1.00,0,0,0,0,0,0,4.20,-26.75,-2.08,0.0982,0.0650,0.3695,1,4.763,0,0.361,0,air_tuck,releaseTuck,1.000,1,-0.120 -0.049 -0.314 -0.248 0.129 -0.183 -0.059 -0.259 0.165 -0.245,-244.00,238.33,38.78,3.79,99.13,101.50,348,440,900,1008,-0.010,-0.217 -0.143 -0.267 -0.247,-1.0,0,0.000,0.000,0.4984,-0.29,,-1.000,0.0,0.0,0.0,,,91.0,91.0,111.2,corkscrew,0.000,0.0,11.5,-1.00,61.7,67.7
125,2.0833,air,rise,-244.649,243.705,41.188,2.472,25.135,35.751,43.772,25.256,40.075,0.00,0.00,0.00,0.00,0.000,0,,0,0.00,0.00,0.00,-243.922,239.163,39.927,99.09,4.59,69.25,4.770,0.716,0.02,1.00,0,0,0,0,0,0,4.59,-27.13,-2.10,0.0988,0.0651,0.3706,1,4.770,0,0.362,0,air_tuck,releaseTuck,1.000,1,-0.127 -0.071 -0.331 -0.252 0.116 -0.220 -0.073 -0.256 0.152 -0.255,-243.96,238.74,39.35,4.20,99.10,101.58,348,440,900,1004,-0.028,-0.220 -0.178 -0.266 -0.259,-1.0,0,0.000,0.000,0.4975,-0.28,,-1.000,0.0,0.0,0.0,,,92.8,92.8,150.4,corkscrew,0.000,0.0,11.5,-1.00,61.7,67.7
126,2.1000,air,rise,-244.609,244.125,41.779,2.346,25.147,35.351,43.446,25.256,40.666,0.00,0.00,0.00,0.00,0.000,0,,0,0.00,0.00,0.00,-243.882,239.582,40.494,99.09,4.95,69.32,4.776,0.727,0.02,1.00,0,0,0,0,0,0,4.95,-27.48,-2.12,0.1002,0.0650,0.3724,1,4.776,0,0.363,0,air_tuck,releaseTuck,1.000,1,-0.137 -0.089 -0.350 -0.254 0.100 -0.257 -0.088 -0.251 0.137 -0.264,-243.92,239.16,39.93,4.59,99.09,101.66,348,440,900,1004,-0.043,-0.220 -0.212 -0.264 -0.270,-1.0,0,0.000,0.000,0.4965,-0.27,,-1.000,0.0,0.0,0.0,,,94.4,94.4,175.8,corkscrew,0.000,0.0,11.5,-1.00,61.7,67.7
127,2.1167,air,rise,-244.572,244.544,42.363,2.195,25.161,34.951,43.121,25.256,41.250,0.00,0.00,0.00,0.00,0.000,0,,0,0.00,0.00,0.00,-243.844,240.002,41.057,99.10,5.30,69.40,4.782,0.736,0.02,1.00,0,0,0,0,0,0,5.30,-27.79,-2.13,0.1042,0.0652,0.3757,1,4.782,0,0.365,0,air_rise,releaseTuck,1.000,1,-0.148 -0.108 -0.370 -0.254 0.080 -0.292 -0.103 -0.244 0.122 -0.271,-243.88,239.58,40.49,4.95,99.09,101.74,348,444,900,1000,-0.059,-0.219 -0.245 -0.259 -0.279,-1.0,0,0.000,0.000,0.4954,-0.25,,-1.000,0.0,0.0,0.0,,,96.0,96.0,-168.8,corkscrew,0.000,0.0,11.5,-1.00,61.7,67.7
128,2.1333,air,rise,-244.537,244.963,42.941,2.020,25.175,34.551,42.798,25.256,41.828,0.00,0.00,0.00,0.00,0.000,0,,0,0.00,0.00,0.00,-243.807,240.422,41.615,99.13,5.62,69.46,4.787,0.744,0.02,1.00,0,0,0,0,0,0,5.62,-28.07,-2.15,0.1074,0.0652,0.3781,1,4.787,0,0.366,0,air_rise,releaseTuck,1.000,1,-0.159 -0.109 -0.391 -0.243 0.056 -0.318 -0.119 -0.240 0.106 -0.284,-243.84,240.00,41.06,5.30,99.10,101.82,348,448,900,1000,-0.057,-0.207 -0.268 -0.257 -0.294,-1.0,0,0.000,0.000,0.4944,-0.24,,-1.000,0.0,0.0,0.0,,,95.8,95.8,-155.0,corkscrew,0.000,0.0,11.5,-1.00,61.7,67.7
129,2.1500,air,rise,-244.506,245.383,43.512,1.820,25.191,34.151,42.476,25.256,42.399,0.00,0.00,0.00,0.00,0.000,0,,0,0.00,0.00,0.00,-243.772,240.842,42.168,99.18,5.93,69.53,4.792,0.750,0.02,1.00,0,0,0,0,0,0,5.93,-28.32,-2.17,0.1090,0.0646,0.3793,1,4.792,0,0.368,0,air_rise,releaseTuck,1.000,1,-0.165 -0.082 -0.410 -0.217 0.028 -0.327 -0.140 -0.245 0.087 -0.310,-243.81,240.42,41.61,5.62,99.13,101.89,348,452,896,1000,-0.027,-0.177 -0.273 -0.264 -0.322,-1.0,0,0.000,0.000,0.4933,-0.23,,-1.000,0.0,0.0,0.0,,,92.7,92.7,-127.3,corkscrew,0.000,0.0,11.5,-1.00,61.7,67.7
130,2.1667,air,rise,-244.478,245.803,44.076,1.597,25.206,33.751,42.155,25.256,42.963,0.00,0.00,0.00,0.00,0.000,0,,0,0.00,0.00,0.00,-243.740,241.263,42.717,99.24,6.22,69.60,4.797,0.754,0.02,1.00,0,0,0,0,0,0,6.22,-28.55,-2.18,0.1079,0.0631,0.3796,1,4.797,0,0.370,0,air_rise,releaseTuck,1.000,1,-0.158 -0.030 -0.424 -0.172 -0.002 -0.315 -0.166 -0.255 0.064 -0.344,-243.77,240.84,42.17,5.93,99.18,101.96,352,456,896,996,0.029,-0.128 -0.255 -0.276 -0.359,-1.0,0,0.000,0.000,0.4924,-0.22,,-1.000,0.0,0.0,0.0,,,87.1,87.1,-48.1,corkscrew,0.000,0.0,11.5,-1.00,61.7,67.7
131,2.1833,air,rise,-244.455,246.223,44.633,1.349,25.220,33.351,41.835,25.256,43.520,0.00,0.00,0.00,0.00,0.000,0,,0,0.00,0.00,0.00,-243.710,241.684,43.260,99.32,6.50,69.66,4.801,0.755,0.02,1.00,0,0,0,0,0,0,6.50,-28.76,-2.20,0.1185,0.0607,0.3835,1,4.801,0,0.371,0,air_rise,releaseTuck,1.000,1,-0.132 0.044 -0.425 -0.108 -0.024 -0.278 -0.199 -0.271 0.034 -0.387,-243.74,241.26,42.72,6.22,99.24,102.03,356,464,900,1000,0.106,-0.056 -0.211 -0.294 -0.406,-1.0,0,0.000,0.000,0.4922,-0.21,,-1.000,0.0,0.0,0.0,,,79.3,79.3,-6.4,corkscrew,0.000,0.0,11.5,-1.00,61.7,67.7
132,2.2000,air,rise,-244.436,246.644,45.184,1.076,25.233,32.951,41.517,25.256,44.071,0.00,0.00,0.00,0.00,0.000,0,,0,0.00,0.00,0.00,-243.684,242.106,43.798,99.41,6.75,69.72,4.804,0.754,0.02,1.00,0,0,0,0,0,0,6.75,-28.96,-2.22,0.1382,0.0593,0.3843,1,4.804,0,0.373,0,air_rise,releaseTuck,1.000,1,-0.082 0.134 -0.402 -0.018 -0.030 -0.208 -0.243 -0.290 -0.004 -0.436,-243.71,241.68,43.26,6.50,99.32,102.09,352,480,900,1000,0.198,0.044 -0.132 -0.315 -0.458,-1.0,0,0.000,0.000,0.4945,-0.20,,-1.000,0.0,0.0,0.0,,,69.9,69.9,8.5,corkscrew,0.000,0.0,11.5,-1.00,61.7,67.7
133,2.2167,air,rise,-244.422,247.065,45.728,0.780,25.244,32.551,41.200,25.256,44.615,0.00,0.00,0.00,0.00,0.000,0,,0,0.00,0.00,0.00,-243.661,242.528,44.330,99.52,7.00,69.77,4.808,0.751,0.03,1.00,0,0,0,0,0,0,7.00,-29.13,-2.23,0.1592,0.0648,0.3849,1,4.808,0,0.374,0,air_rise,releaseTuck,1.000,1,-0.005 0.231 -0.344 0.096 -0.007 -0.106 -0.296 -0.310 -0.051 -0.487,-243.68,242.11,43.80,6.75,99.41,102.15,340,492,908,1008,0.294,0.168 -0.021 -0.335 -0.512,-1.0,0,0.000,0.000,0.4967,-0.19,,-1.000,0.0,0.0,0.0,,,59.6,59.1,17.5,corkscrew,0.000,0.0,11.5,-1.00,61.7,67.7
134,2.2333,air,rise,-244.413,247.485,46.266,0.459,25.252,32.151,40.885,25.256,45.153,0.00,0.00,0.00,0.00,0.000,0,,0,0.00,0.00,0.00,-243.642,242.951,44.857,99.64,7.23,69.82,4.811,0.747,0.03,1.00,0,0,0,0,0,0,7.23,-29.29,-2.25,0.1800,0.0770,0.3855,1,4.811,0,0.376,0,air_rise,airRise,1.000,1,0.094 0.321 -0.244 0.230 0.056 0.024 -0.357 -0.329 -0.107 -0.537,-243.66,242.53,44.33,7.00,99.52,102.21,328,504,896,1016,0.379,0.308 0.115 -0.351 -0.564,-1.0,0,0.000,0.000,0.4967,-0.18,,-1.000,0.0,0.0,0.0,,,49.5,47.2,24.4,corkscrew,0.000,0.0,11.5,-1.00,61.7,67.7
135,2.2500,air,rise,-244.409,247.906,46.797,0.113,25.256,31.751,40.571,25.256,45.684,0.00,0.00,0.00,0.00,0.000,0,,0,0.00,0.00,0.00,-243.627,243.373,45.379,99.79,7.44,69.87,4.814,0.740,0.03,1.00,0,0,0,0,0,0,7.44,-29.44,-2.27,0.1982,0.0897,0.3861,1,4.814,0,0.378,0,air_rise,airRise,1.000,1,0.201 0.390 -0.105 0.364 0.156 0.162 -0.421 -0.340 -0.170 -0.582,-243.64,242.95,44.86,7.23,99.64,102.27,316,516,880,1032,0.438,0.446 0.254 -0.359 -0.610,-1.0,0,0.000,0.000,0.4971,-0.17,,-1.000,0.0,0.0,0.0,,,41.8,34.2,30.3,corkscrew,0.000,0.0,11.5,-1.00,61.7,67.7
136,2.2667,air,rise,-244.409,248.327,47.321,0.000,25.256,31.351,40.259,25.256,46.208,0.00,0.00,0.00,0.00,0.000,0,,0,0.00,0.00,0.00,-243.617,243.796,45.894,99.92,7.64,69.92,4.816,0.732,0.03,1.00,0,0,0,0,0,0,7.64,-29.58,-2.28,0.2127,0.1012,0.3870,1,4.816,0,0.379,0,air_rise,airRise,1.000,1,0.297 0.429 0.054 0.482 0.279 0.290 -0.482 -0.347 -0.233 -0.618,-243.63,243.37,45.38,7.44,99.79,102.32,304,524,872,1044,0.463,0.559 0.377 -0.359 -0.646,-1.0,0,0.000,0.000,0.4976,-0.16,,-1.000,0.0,0.0,0.0,,,38.3,19.2,35.3,corkscrew,0.000,0.0,11.5,-1.00,61.7,67.7
137,2.2833,air,rise,-244.409,248.748,47.839,0.000,25.256,30.951,39.948,25.256,46.726,0.00,0.00,0.00,0.00,0.000,0,,0,0.00,0.00,0.00,-243.610,244.218,46.404,100.00,7.83,69.96,4.818,0.723,0.03,1.00,0,0,0,0,0,0,7.83,-29.71,-2.30,0.2227,0.1100,0.3883,1,4.818,0,0.380,0,air_rise,airRise,1.000,1,0.366 0.440 0.207 0.569 0.400 0.392 -0.532 -0.348 -0.290 -0.646,-243.62,243.80,45.89,7.64,99.92,102.36,296,532,860,1056,0.457,0.636 0.468 -0.354 -0.672,-1.0,0,0.000,0.000,0.4981,-0.15,,-1.000,0.0,0.0,0.0,,,39.4,2.7,39.3,corkscrew,0.000,0.0,11.5,-1.00,61.7,67.7
138,2.3000,air,rise,-244.409,249.169,48.349,0.000,25.256,30.551,39.639,25.256,47.236,0.00,0.00,0.00,0.00,0.000,0,,0,0.00,0.00,0.00,-243.607,244.640,46.908,100.05,8.01,70.00,4.821,0.712,0.03,1.00,0,0,0,0,0,0,8.01,-29.83,-2.32,0.2361,0.1170,0.3863,1,4.821,0,0.382,0,air_rise,airRise,1.000,1,0.406 0.430 0.332 0.623 0.498 0.463 -0.570 -0.347 -0.337 -0.667,-243.61,244.22,46.40,7.83,100.00,102.41,296,536,856,1068,0.431,0.675 0.523 -0.346 -0.690,-1.0,0,0.000,0.000,0.4991,-0.15,,-1.000,0.0,0.0,0.0,,,43.3,-13.5,42.4,corkscrew,0.000,0.0,11.5,-1.00,61.7,67.7
139,2.3167,air,rise,-244.409,249.590,48.854,0.000,25.256,30.151,39.332,25.256,47.741,0.00,0.00,0.00,0.00,0.000,0,,0,0.00,0.00,0.00,-243.605,245.061,47.406,100.07,8.17,70.04,4.822,0.700,0.03,1.00,0,0,0,0,0,0,8.17,-29.94,-2.33,0.2477,0.1260,0.3839,1,4.822,0,0.383,0,air_rise,airRise,1.000,1,0.422 0.411 0.420 0.649 0.565 0.506 -0.597 -0.347 -0.371 -0.681,-243.61,244.64,46.91,8.01,100.05,102.45,296,536,852,1076,0.397,0.687 0.550 -0.340 -0.701,-1.0,0,0.000,0.000,0.5021,-0.14,,-1.000,0.0,0.0,0.0,,,48.0,-27.0,44.6,corkscrew,0.000,0.0,11.5,-1.00,61.7,67.7
140,2.3333,air,rise,-244.409,250.011,49.351,0.000,25.256,29.751,39.026,25.256,48.238,0.00,0.00,0.00,0.00,0.000,0,,0,0.00,0.00,0.00,-243.605,245.482,47.898,100.07,8.32,70.07,4.824,0.687,0.03,1.00,0,0,0,0,0,0,8.32,-30.05,-2.35,0.2563,0.1317,0.3822,1,4.824,0,0.384,0,air_rise,airRise,1.000,1,0.422 0.391 0.472 0.660 0.603 0.530 -0.613 -0.350 -0.391 -0.692,-243.61,245.06,47.41,8.17,100.07,102.49,292,540,852,1076,0.367,0.685 0.561 -0.338 -0.710,-1.0,0,0.000,0.000,0.5042,-0.13,,-1.000,0.0,0.0,0.0,,,51.8,-36.5,46.0,corkscrew,0.000,0.0,11.5,-1.00,61.7,67.7
141,2.3500,air,rise,-244.409,250.432,49.842,0.000,25.256,29.351,38.722,25.256,48.729,0.00,0.00,0.00,0.00,0.000,0,,0,0.00,0.00,0.00,-243.606,245.903,48.384,100.05,8.46,70.10,4.826,0.673,0.04,1.00,0,0,0,0,0,0,8.46,-30.15,-2.37,0.2619,0.1342,0.3815,1,4.826,0,0.385,0,air_rise,airRise,1.000,1,0.416 0.380 0.494 0.665 0.616 0.544 -0.619 -0.357 -0.397 -0.699,-243.61,245.48,47.90,8.32,100.07,102.52,292,540,852,1080,0.349,0.682 0.567 -0.342 -0.716,-1.0,0,0.000,0.000,0.5053,-0.13,,-1.000,0.0,0.0,0.0,,,54.0,-41.6,46.4,corkscrew,0.000,0.0,11.5,-1.00,61.7,67.7
142,2.3667,air,rise,-244.409,250.853,50.326,0.000,25.256,28.951,38.419,25.256,49.213,0.00,0.00,0.00,0.00,0.000,0,,0,0.00,0.00,0.00,-243.608,246.323,48.863,100.03,8.60,70.12,4.827,0.658,0.04,1.00,0,0,0,0,0,0,8.60,-30.25,-2.38,0.2645,0.1335,0.3820,1,4.827,0,0.387,0,air_rise,airRise,1.000,1,0.409 0.382 0.491 0.670 0.611 0.555 -0.617 -0.368 -0.388 -0.705,-243.61,245.90,48.38,8.46,100.05,102.55,292,544,852,1080,0.349,0.685 0.576 -0.353 -0.723,-1.0,0,0.000,0.000,0.5051,-0.12,,-1.000,0.0,0.0,0.0,,,54.0,-42.5,45.7,corkscrew,0.000,0.0,11.5,-1.00,61.7,67.7
143,2.3833,air,rise,-244.409,251.274,50.804,0.000,25.256,28.551,38.119,25.256,49.691,0.00,0.00,0.00,0.00,0.000,0,,0,0.00,0.00,0.00,-243.610,246.744,49.337,100.01,8.72,70.14,4.828,0.643,0.04,1.00,0,0,0,0,0,0,8.72,-30.34,-2.40,0.2661,0.1308,0.3829,1,4.828,0,0.388,0,air_rise,airRise,1.000,1,0.401 0.393 0.472 0.677 0.594 0.565 -0.609 -0.384 -0.369 -0.710,-243.61,246.32,48.86,8.60,100.03,102.57,292,544,852,1080,0.360,0.695 0.588 -0.370 -0.730,-1.0,0,0.000,0.000,0.5043,-0.11,,-1.000,0.0,0.0,0.0,,,52.6,-41.1,44.3,corkscrew,0.000,0.0,11.5,-1.00,61.7,67.7
144,2.4000,air,rise,-244.409,251.695,51.275,0.000,25.256,28.151,37.820,25.256,50.162,0.00,0.00,0.00,0.00,0.000,0,,0,0.00,0.00,0.00,-243.612,247.164,49.804,99.98,8.83,70.16,4.829,0.627,0.04,1.00,0,0,0,0,0,0,8.83,-30.43,-2.42,0.2686,0.1273,0.3837,1,4.829,0,0.389,0,air_rise,airRise,1.000,1,0.391 0.407 0.448 0.688 0.573 0.580 -0.597 -0.404 -0.344 -0.718,-243.61,246.74,49.34,8.72,100.01,102.59,292,548,852,1076,0.375,0.708 0.605 -0.391 -0.739,-1.0,0,0.000,0.000,0.5033,-0.11,,-1.000,0.0,0.0,0.0,,,50.8,-39.4,42.4,corkscrew,0.000,0.0,11.5,-1.00,61.7,67.7
145,2.4167,air,rise,-244.409,252.116,51.739,0.000,25.256,27.751,37.523,25.256,50.626,0.00,0.00,0.00,0.00,0.000,0,,0,0.00,0.00,0.00,-243.614,247.585,50.265,99.95,8.94,70.17,4.830,0.610,0.04,1.00,0,0,0,0,0,0,8.94,-30.52,-2.43,0.2716,0.1229,0.3842,1,4.830,0,0.389,0,air_rise,airRise,1.000,1,0.377 0.423 0.418 0.700 0.546 0.597 -0.582 -0.427 -0.313 -0.726,-243.61,247.16,49.80,8.83,99.98,102.61,292,548,856,1068,0.392,0.722 0.624 -0.416 -0.750,-1.0,0,0.000,0.000,0.5022,-0.10,,-1.000,0.0,0.0,0.0,,,48.7,-37.5,40.0,corkscrew,0.000,0.0,11.5,-1.00,61.7,67.7
146,2.4333,air,rise,-244.409,252.537,52.196,0.000,25.256,27.351,37.229,25.256,51.083,0.00,0.00,0.00,0.00,0.000,0,,0,0.00,0.00,0.00,-243.616,248.006,50.720,99.92,9.04,70.18,4.831,0.593,0.04,1.00,0,0,0,0,0,0,9.04,-30.60,-2.45,0.2750,0.1177,0.3846,1,4.831,0,0.390,0,air_rise,airRise,1.000,1,0.359 0.442 0.383 0.714 0.515 0.616 -0.563 -0.453 -0.277 -0.735,-243.61,247.59,50.27,8.94,99.95,102.62,292,552,856,1068,0.411,0.738 0.645 -0.444 -0.761,-1.0,0,0.000,0.000,0.5010,-0.10,,-1.000,0.0,0.0,0.0,,,46.2,-35.5,37.3,corkscrew,0.000,0.0,11.5,-1.00,61.7,67.7
147,2.4500,air,rise,-244.409,252.958,52.647,0.000,25.256,26.951,36.936,25.256,51.534,0.00,0.00,0.00,0.00,0.000,0,,0,0.00,0.00,0.00,-243.619,248.426,51.168,99.89,9.13,70.18,4.832,0.575,0.04,1.00,0,0,0,0,0,0,9.13,-30.68,-2.47,0.2784,0.1116,0.3849,1,4.832,0,0.391,0,air_rise,airRise,1.000,1,0.338 0.461 0.343 0.727 0.479 0.636 -0.539 -0.482 -0.237 -0.743,-243.62,248.01,50.72,9.04,99.92,102.63,288,556,860,1060,0.431,0.754 0.668 -0.474 -0.771,-1.0,0,0.000,0.000,0.4997,-0.09,,-1.000,0.0,0.0,0.0,,,43.4,-33.4,34.2,corkscrew,0.000,0.0,11.5,-1.00,61.7,67.7
148,2.4667,air,rise,-244.409,253.379,53.091,0.000,25.256,26.551,36.645,25.256,51.978,0.00,0.00,0.00,0.00,0.000,0,,0,0.00,0.00,0.00,-243.624,248.846,51.610,99.83,9.21,70.18,4.833,0.558,0.04,1.00,0,0,0,0,0,0,9.21,-30.76,-2.48,0.2816,0.1050,0.3849,1,4.833,0,0.392,0,air_rise,airRise,1.000,1,0.314 0.481 0.298 0.740 0.439 0.657 -0.511 -0.511 -0.192 -0.751,-243.62,248.43,51.17,9.13,99.89,102.63,288,556,864,1056,0.452,0.769 0.691 -0.505 -0.781,-1.0,0,0.000,0.000,0.4986,-0.09,,-1.000,0.0,0.0,0.0,,,40.4,-31.2,30.9,corkscrew,0.000,0.0,11.5,-1.00,61.7,67.7
149,2.4833,air,rise,-244.409,253.800,53.529,0.000,25.256,26.151,36.356,25.256,52.416,0.00,0.00,0.00,0.00,0.000,0,,0,0.00,0.00,0.00,-243.632,249.266,52.046,99.73,9.29,70.18,4.833,0.540,0.04,1.00,0,0,0,0,0,0,9.29,-30.84,-2.50,0.2843,0.1003,0.3849,1,4.833,0,0.393,0,air_rise,airRise,1.000,1,0.285 0.502 0.250 0.752 0.395 0.677 -0.479 -0.541 -0.143 -0.756,-243.62,248.85,51.61,9.21,99.83,102.63,284,560,868,1052,0.473,0.783 0.713 -0.537 -0.788,-1.0,0,0.000,0.000,0.4987,-0.08,,-1.000,0.0,0.0,0.0,,,37.2,-29.1,27.2,corkscrew,0.000,0.0,11.5,-1.00,61.7,67.7
150,2.5000,air,rise,-244.409,254.220,53.960,0.000,25.256,25.751,36.069,25.256,52.847,0.00,0.00,0.00,0.00,0.000,0,,0,0.00,0.00,0.00,-243.645,249.684,52.475,99.56,9.36,70.17,4.834,0.521,0.04,1.00,0,0,0,0,0,0,9.36,-30.92,-2.52,0.2865,0.0949,0.3846,1,4.834,0,0.393,0,air_rise,airRise,1.000,1,0.252 0.521 0.198 0.761 0.347 0.695 -0.443 -0.571 -0.092 -0.759,-243.63,249.27,52.05,9.29,99.73,102.63,284,560,872,1048,0.493,0.794 0.734 -0.568 -0.793,-1.0,0,0.000,0.000,0.4990,-0.08,,-1.000,0.0,0.0,0.0,,,33.7,-27.0,23.3,corkscrew,0.000,0.0,11.5,-1.00,61.7,67.7
151,2.5167,air,rise,-244.409,254.641,54.384,0.000,25.256,25.351,35.785,25.256,53.271,0.00,0.00,0.00,0.00,0.000,0,,0,0.00,0.00,0.00,-243.664,250.102,52.897,99.32,9.43,70.15,4.834,0.503,0.04,1.00,0,0,0,0,0,0,9.43,-30.99,-2.53,0.2874,0.0888,0.3843,1,4.834,0,0.394,0,air_rise,airRise,1.000,1,0.216 0.539 0.144 0.766 0.297 0.711 -0.402 -0.600 -0.038 -0.758,-243.65,249.68,52.47,9.36,99.56,102.62,280,560,876,1044,0.513,0.802 0.752 -0.598 -0.794,-1.0,0,0.000,0.000,0.4992,-0.08,,-1.000,0.0,0.0,0.0,,,30.2,-25.0,19.3,corkscrew,0.000,0.0,11.5,-1.00,61.7,67.7
152,2.5333,air,rise,-244.409,255.062,54.801,0.000,25.256,24.951,35.503,25.256,53.688,0.00,0.00,0.00,0.00,0.000,0,,0,0.00,0.00,0.00,-243.689,250.519,53.313,99.01,9.49,70.14,4.835,0.484,0.04,1.00,0,0,0,0,0,0,9.49,-31.07,-2.55,0.2872,0.0821,0.3839,1,4.835,0,0.394,0,air_rise,airRise,1.000,1,0.177 0.555 0.088 0.769 0.245 0.724 -0.358 -0.626 0.016 -0.753,-243.66,250.10,52.90,9.43,99.32,102.61,276,564,884,1036,0.530,0.807 0.767 -0.626 -0.792,-1.0,0,0.000,0.000,0.4995,-0.07,,-1.000,0.0,0.0,0.0,,,26.7,-23.1,15.1,corkscrew,0.000,0.0,11.5,-1.00,61.7,67.7
153,2.5500,air,rise,-244.409,255.483,55.212,0.000,25.256,24.551,35.223,25.256,54.099,0.00,0.00,0.00,0.00,0.000,0,,0,0.00,0.00,0.00,-243.718,250.935,53.723,98.64,9.55,70.12,4.835,0.466,0.04,1.00,0,0,0,0,0,0,9.55,-31.14,-2.57,0.2854,0.0749,0.3835,1,4.835,0,0.395,0,air_rise,airRise,1.000,1,0.136 0.569 0.032 0.767 0.191 0.733 -0.311 -0.650 0.071 -0.744,-243.69,250.52,53.31,9.49,99.01,102.59,276,560,892,1032,0.545,0.807 0.778 -0.651 -0.786,-1.0,0,0.000,0.000,0.4997,-0.07,,-1.000,0.0,0.0,0.0,,,23.3,-21.1,10.9,corkscrew,0.000,0.0,11.5,-1.00,61.7,67.7
154,2.5667,air,rise,-244.409,255.904,55.616,0.000,25.256,24.151,34.945,25.256,54.557,0.00,0.00,0.00,0.00,0.000,0,,0,0.00,0.00,0.00,-243.752,251.351,54.126,98.21,9.60,70.09,4.835,0.447,0.04,1.00,0,0,0,0,0,0,9.60,-31.21,-2.58,0.2822,0.0672,0.3832,1,4.835,0,0.395,0,air_rise,airRise,1.000,1,0.092 0.580 -0.024 0.760 0.138 0.738 -0.263 -0.670 0.125 -0.731,-243.72,250.94,53.72,9.55,98.64,102.57,272,560,900,1024,0.557,0.804 0.786 -0.672 -0.775,-1.0,0,0.000,0.000,0.5000,-0.07,,-1.000,0.0,0.0,0.0,,,20.2,-19.3,6.6,corkscrew,0.000,0.0,11.5,-1.00,61.7,67.7
155,2.5833,air,rise,-244.409,256.325,56.014,0.000,25.256,23.751,34.670,25.256,55.123,0.00,0.00,0.00,0.00,0.000,0,,0,0.00,0.00,0.00,-243.790,251.767,54.522,97.73,9.65,70.06,4.836,0.429,0.04,1.00,0,0,0,0,0,0,9.65,-31.28,-2.60,0.2773,0.0592,0.3829,1,4.836,0,0.396,0,air_fall,airRise,1.000,1,0.048 0.587 -0.078 0.749 0.084 0.739 -0.212 -0.686 0.176 -0.713,-243.75,251.35,54.13,9.60,98.21,102.54,272,560,908,1020,0.566,0.796 0.789 -0.690 -0.760,-1.0,0,0.000,0.000,0.5002,-0.06,,-1.000,0.0,0.0,0.0,,,17.6,-17.4,2.4,corkscrew,0.000,0.0,11.5,-1.00,61.7,67.7
156,2.6000,air,rise,-244.409,256.746,56.405,0.000,25.256,23.351,34.397,25.256,55.514,0.00,0.00,0.00,0.00,0.000,0,,0,0.00,0.00,0.00,-243.831,252.183,54.912,97.22,9.69,70.03,4.836,0.411,0.04,1.00,0,0,0,0,0,0,9.69,-31.36,-2.62,0.2702,0.0601,0.3846,1,4.836,0,0.396,0,air_fall,airRise,1.000,1,0.002 0.591 -0.138 0.725 0.037 0.726 -0.162 -0.698 0.229 -0.684,-243.79,251.77,54.52,9.65,97.73,102.52,272,556,916,1012,0.573,0.777 0.782 -0.707 -0.738,-1.0,0,0.000,0.000,0.5048,-0.06,,-1.000,0.0,0.0,0.0,,,15.0,-14.9,-1.8,corkscrew,0.000,0.0,11.5,-1.00,61.7,67.7
157,2.6167,air,rise,-244.409,257.167,56.789,0.000,25.256,22.951,34.127,25.256,55.898,0.00,0.00,0.00,0.00,0.000,0,,0,0.00,0.00,0.00,-243.874,252.598,55.295,96.68,9.74,70.00,4.836,0.393,0.04,1.00,0,0,0,0,0,0,9.74,-31.43,-2.63,0.2614,0.0697,0.3910,1,4.836,0,0.396,0,air_fall,airRise,1.000,1,-0.044 0.591 -0.204 0.675 0.004 0.691 -0.112 -0.702 0.280 -0.638,-243.83,252.18,54.91,9.69,97.22,102.48,272,552,912,1012,0.579,0.737 0.757 -0.720 -0.700,-1.0,0,0.000,0.000,0.5054,-0.06,,-1.000,0.0,0.0,0.0,,,12.5,-11.2,-5.7,corkscrew,0.000,0.0,11.5,-1.00,61.7,67.7
158,2.6333,air,rise,-244.409,257.588,57.166,0.000,25.256,22.551,33.859,25.256,56.275,0.00,0.00,0.00,0.00,0.000,0,,0,0.00,0.00,0.00,-243.918,253.014,55.672,96.13,9.78,69.96,4.837,0.375,0.04,1.00,0,0,0,0,0,0,9.78,-31.50,-2.65,0.2505,0.0788,0.3967,1,4.837,0,0.397,0,air_fall,airRise,1.000,1,-0.089 0.586 -0.270 0.596 -0.009 0.634 -0.068 -0.693 0.325 -0.572,-243.87,252.60,55.30,9.74,96.68,102.44,280,556,908,1024,0.582,0.670 0.713 -0.724 -0.645,-1.0,0,0.000,0.000,0.5060,-0.05,,-1.000,0.0,0.0,0.0,,,11.3,-6.3,-9.4,corkscrew,0.000,0.0,11.5,-1.00,61.7,67.7
159,2.6500,air,rise,-244.409,258.009,57.537,0.000,25.256,22.151,33.594,25.256,56.646,0.00,0.00,0.00,0.00,0.000,0,,0,0.00,0.00,0.00,-243.963,253.431,56.042,95.56,9.82,69.91,4.837,0.357,0.04,1.00,0,0,0,0,0,0,9.82,-31.57,-2.67,0.2410,0.0864,0.3983,1,4.837,0,0.397,0,air_fall,airRise,1.000,1,-0.130 0.573 -0.328 0.484 0.004 0.555 -0.033 -0.663 0.359 -0.484,-243.92,253.01,55.67,9.78,96.13,102.40,284,552,900,1036,0.578,0.573 0.648 -0.711 -0.572,-1.0,0,0.000,0.000,0.5066,-0.05,,-1.000,0.0,0.0,0.0,,,12.8,-0.3,-12.8,corkscrew,0.000,0.0,11.5,-1.00,61.7,67.7
160,2.6667,air,rise,-244.409,258.430,57.901,0.000,25.256,21.751,33.332,25.256,57.010,0.00,0.00,0.00,0.00,0.000,0,,0,0.00,0.00,0.00,-244.009,253.847,56.406,95.00,9.85,69.86,4.837,0.339,0.04,1.00,0,0,0,0,0,0,9.85,-31.64,-2.68,0.2251,0.0919,0.3986,1,4.837,0,0.397,0,air_fall,airRise,1.000,1,-0.166 0.550 -0.372 0.344 0.046 0.461 -0.015 -0.609 0.377 -0.377,-243.96,253.43,56.04,9.82,95.56,102.36,292,544,896,1044,0.567,0.445 0.566 -0.677 -0.479,-1.0,0,0.000,0.000,0.5068,-0.05,,-1.000,0.0,0.0,0.0,,,17.1,6.7,-15.9,corkscrew,0.000,0.0,11.5,-1.00,61.7,67.7
161,2.6833,air,rise,-244.409,258.851,58.259,0.000,25.256,21.351,33.072,25.256,57.368,0.00,0.00,0.00,0.00,0.000,0,,0,0.00,0.00,0.00,-244.053,254.265,56.763,94.44,9.88,69.81,4.837,0.322,0.04,1.00,0,0,0,0,0,0,9.88,-31.71,-2.70,0.2022,0.0946,0.3969,1,4.837,0,0.398,0,air_fall,airRise,1.000,1,-0.193 0.516 -0.399 0.185 0.117 0.360 -0.019 -0.528 0.376 -0.255,-244.01,253.85,56.41,9.85,95.00,102.31,304,532,888,1048,0.546,0.295 0.474 -0.616 -0.370,-1.0,0,0.000,0.000,0.5064,-0.05,,-1.000,0.0,0.0,0.0,,,22.9,14.4,-18.5,corkscrew,0.000,0.0,11.5,-1.00,61.7,67.7
162,2.7000,air,rise,-244.409,259.272,58.610,0.000,25.256,20.951,32.815,25.256,57.719,0.00,0.00,0.00,0.00,0.000,0,,0,0.00,0.00,0.00,-244.098,254.682,57.113,93.89,9.91,69.76,4.837,0.305,0.04,1.00,0,0,0,0,0,0,9.91,-31.78,-2.72,0.1730,0.0942,0.3931,1,4.837,0,0.398,0,air_fall,fall,1.000,1,-0.209 0.473 -0.412 0.022 0.209 0.266 -0.048 -0.425 0.357 -0.123,-244.05,254.26,56.76,9.88,94.44,102.25,316,512,888,1048,0.515,0.135 0.382 -0.531 -0.249,-1.0,0,0.000,0.000,0.5054,-0.04,,-1.000,0.0,0.0,0.0,,,29.4,22.7,-20.7,corkscrew,0.000,0.0,11.5,-1.00,61.7,67.7
163,2.7167,air,rise,-244.409,259.693,58.954,0.000,25.256,20.551,32.561,25.256,58.063,0.00,0.00,0.00,0.00,0.000,0,,0,0.00,0.00,0.00,-244.141,255.101,57.457,93.35,9.94,69.70,4.837,0.289,0.04,1.00,0,0,0,0,0,0,9.94,-31.85,-2.73,0.1440,0.0912,0.3899,1,4.837,0,0.398,0,air_fall,fall,1.000,1,-0.213 0.423 -0.413 -0.128 0.307 0.191 -0.102 -0.307 0.322 0.010,-244.10,254.68,57.11,9.91,93.89,102.20,332,488,884,1044,0.477,-0.017 0.304 -0.427 -0.124,-1.0,0,0.000,0.000,0.5036,-0.04,,-1.000,0.0,0.0,0.0,,,36.1,31.0,-22.5,corkscrew,0.000,0.0,11.5,-1.00,61.7,67.7
164,2.7333,air,rise,-244.409,260.114,59.292,0.000,25.256,20.151,32.310,25.256,58.401,0.00,0.00,0.00,0.00,0.000,0,,0,0.00,0.00,0.00,-244.182,255.519,57.794,92.83,9.97,69.64,4.838,0.273,0.04,1.00,0,0,0,0,0,0,9.97,-31.92,-2.75,0.1508,0.0865,0.3921,1,4.838,0,0.398,0,air_fall,fall,1.000,1,-0.207 0.368 -0.410 -0.251 0.399 0.143 -0.174 -0.185 0.277 0.137,-244.14,255.10,57.46,9.94,93.35,102.14,344,484,884,1036,0.434,-0.147 0.246 -0.314 -0.002,-1.0,0,0.000,0.000,0.5012,-0.04,,-1.000,0.0,0.0,0.0,,,42.6,38.9,-23.7,corkscrew,0.000,0.0,11.5,-1.00,61.7,67.7
165,2.7500,air,rise,-244.409,260.535,59.622,0.000,25.256,19.751,32.062,25.256,58.731,0.00,0.00,0.00,0.00,0.000,0,,0,0.00,0.00,0.00,-244.223,255.938,58.125,92.33,10.00,69.57,4.838,0.257,0.04,1.00,0,0,0,0,0,0,10.00,-31.99,-2.77,0.1884,0.0937,0.3886,1,4.838,0,0.398,0,air_fall,fall,1.000,1,-0.193 0.314 -0.409 -0.342 0.472 0.121 -0.257 -0.070 0.229 0.250,-244.18,255.52,57.79,9.97,92.83,102.07,340,504,884,1040,0.389,-0.246 0.213 -0.202 0.109,-1.0,0,0.000,0.000,0.5040,-0.04,,-1.000,0.0,0.0,0.0,,,48.6,46.1,-24.5,corkscrew,0.000,0.0,11.5,-1.00,61.7,67.7
166,2.7667,air,rise,-244.409,260.955,59.947,0.000,25.256,19.351,31.817,25.256,59.056,0.00,0.00,0.00,0.00,0.000,0,,0,0.00,0.00,0.00,-244.261,256.358,58.449,91.85,10.00,69.51,4.838,0.241,0.04,1.00,0,0,0,0,0,0,10.00,-32.06,-2.78,0.2166,0.1096,0.3846,1,4.838,0,0.399,0,air_fall,fall,1.000,1,-0.174 0.265 -0.411 -0.402 0.523 0.120 -0.339 0.029 0.184 0.344,-244.22,255.94,58.12,10.00,92.33,102.00,324,512,880,1052,0.346,-0.315 0.199 -0.101 0.205,-1.0,0,0.000,0.000,0.5022,-0.04,,-1.000,0.0,0.0,0.0,,,53.9,52.2,-24.7,corkscrew,0.000,0.0,11.5,-1.00,61.7,67.7
167,2.7833,air,rise,-244.409,261.376,60.264,0.000,25.256,18.951,31.576,25.256,59.373,0.00,0.00,0.00,0.00,0.000,0,,0,0.00,0.00,0.00,-244.298,256.778,58.766,91.39,10.00,69.43,4.838,0.227,0.04,1.00,0,0,0,0,0,0,10.00,-32.13,-2.80,0.2366,0.1223,0.3809,1,4.838,0,0.399,0,air_fall,fall,1.000,1,-0.152 0.221 -0.416 -0.437 0.553 0.130 -0.412 0.107 0.147 0.418,-244.26,256.36,58.45,10.00,91.85,101.93,312,524,864,1060,0.308,-0.358 0.198 -0.018 0.281,-1.0,0,0.000,0.000,0.5003,-0.03,,-1.000,0.0,0.0,0.0,,,58.2,57.2,-24.5,corkscrew,0.000,0.0,11.5,-1.00,61.7,67.7
168,2.8000,air,rise,-244.409,261.797,60.575,0.000,25.256,18.551,31.337,25.256,59.684,0.00,0.00,0.00,0.00,0.000,0,,0,0.00,0.00,0.00,-244.333,257.198,59.077,90.96,10.00,69.36,4.838,0.212,0.04,1.00,0,0,0,0,0,0,10.00,-32.20,-2.82,0.2498,0.1312,0.3782,1,4.838,0,0.399,0,air_fall,fall,1.000,1,-0.132 0.187 -0.423 -0.456 0.568 0.142 -0.469 0.164 0.120 0.472,-244.30,256.78,58.77,10.00,91.39,101.86,300,524,852,1068,0.278,-0.382 0.200 0.045 0.337,-1.0,0,0.000,0.000,0.4986,-0.03,,-1.000,0.0,0.0,0.0,,,61.6,60.9,-24.0,corkscrew,0.000,0.0,11.5,-1.00,61.7,67.7
169,2.8167,air,rise,-244.409,262.218,60.879,0.000,25.256,18.151,31.102,25.256,59.988,0.00,0.00,0.00,0.00,0.000,0,,0,0.00,0.00,0.00,-244.365,257.619,59.381,90.55,10.00,69.28,4.838,0.198,0.04,1.00,0,0,0,0,0,0,10.00,-32.26,-2.83,0.2572,0.1366,0.3764,1,4.838,0,0.399,0,air_fall,fall,1.000,1,-0.116 0.164 -0.428 -0.464 0.573 0.150 -0.508 0.200 0.107 0.504,-244.33,257.20,59.08,10.00,90.96,101.78,296,528,844,1068,0.257,-0.394 0.201 0.087 0.371,-1.0,0,0.000,0.000,0.4972,-0.03,,-1.000,0.0,0.0,0.0,,,63.9,63.4,-23.4,corkscrew,0.000,0.0,11.5,-1.00,61.7,67.7
170,2.8333,air,rise,-244.409,262.639,61.177,0.000,25.256,17.751,30.870,25.256,60.286,0.00,0.00,0.00,0.00,0.000,0,,0,0.00,0.00,0.00,-244.396,258.039,59.678,90.16,10.00,69.20,4.838,0.185,0.04,1.00,0,0,0,0,0,0,10.00,-32.33,-2.85,0.2595,0.1391,0.3758,1,4.838,0,0.399,0,air_fall,fall,1.000,1,-0.106 0.152 -0.431 -0.467 0.575 0.147 -0.526 0.217 0.105 0.515,-244.37,257.62,59.38,10.00,90.55,101.70,292,528,840,1068,0.246,-0.397 0.195 0.107 0.381,-1.0,0,0.000,0.000,0.4965,-0.03,,-1.000,0.0,0.0,0.0,,,65.1,64.6,-22.9,corkscrew,0.000,0.0,11.5,-1.00,61.7,67.7
171,2.8500,air,rise,-244.409,263.060,61.468,0.000,25.256,17.351,30.642,25.256,60.577,0.00,0.00,0.00,0.00,0.000,0,,0,0.00,0.00,0.00,-244.425,258.460,59.969,89.80,10.00,69.12,4.838,0.172,0.04,1.00,0,0,0,0,0,0,10.00,-32.40,-2.87,0.2590,0.1401,0.3758,1,4.838,0,0.399,0,air_fall,fall,1.000,1,-0.099 0.148 -0.434 -0.466 0.575 0.137 -0.532 0.226 0.113 0.513,-244.40,258.04,59.68,10.00,90.16,101.62,292,528,836,1068,0.243,-0.395 0.182 0.117 0.378,-1.0,0,0.000,0.000,0.4962,-0.03,,-1.000,0.0,0.0,0.0,,,65.5,65.1,-22.5,corkscrew,0.000,0.0,11.5,-1.00,61.7,67.7
172,2.8667,air,rise,-244.409,263.481,61.752,0.000,25.256,16.951,30.417,25.256,60.861,0.00,0.00,0.00,0.00,0.000,0,,0,0.00,0.00,0.00,-244.453,258.881,60.253,89.46,10.00,69.04,4.838,0.159,0.04,1.00,0,0,0,0,0,0,10.00,-32.47,-2.88,0.2575,0.1407,0.3757,1,4.838,0,0.399,0,air_fall,fall,1.000,1,-0.091 0.146 -0.441 -0.460 0.575 0.124 -0.535 0.238 0.125 0.509,-244.43,258.46,59.97,10.00,89.80,101.53,292,532,836,1072,0.241,-0.390 0.167 0.130 0.373,-1.0,0,0.000,0.000,0.4961,-0.03,,-1.000,0.0,0.0,0.0,,,65.7,65.3,-21.8,corkscrew,0.000,0.0,11.5,-1.00,61.7,67.7
173,2.8833,air,rise,-244.409,263.902,62.029,0.000,25.256,16.551,30.196,25.256,61.138,0.00,0.00,0.00,0.00,0.000,0,,0,0.00,0.00,0.00,-244.478,259.303,60.530,89.14,10.00,68.95,4.838,0.147,0.04,1.00,0,0,0,0,0,0,10.00,-32.54,-2.90,0.2546,0.1409,0.3757,1,4.838,0,0.399,0,air_fall,fall,1.000,1,-0.084 0.145 -0.452 -0.451 0.575 0.108 -0.535 0.251 0.141 0.501,-244.45,258.88,60.25,10.00,89.46,101.44,292,528,836,1068,0.240,-0.380 0.149 0.144 0.364,-1.0,0,0.000,0.000,0.4961,-0.03,,-1.000,0.0,0.0,0.0,,,65.7,65.4,-21.0,corkscrew,0.000,0.0,11.5,-1.00,61.7,67.7
174,2.9000,air,rise,-244.409,264.323,62.300,0.000,25.256,16.151,29.979,25.256,61.409,0.00,0.00,0.00,0.00,0.000,0,,0,0.00,0.00,0.00,-244.502,259.724,60.801,88.85,10.00,68.86,4.838,0.136,0.04,1.00,0,0,0,0,0,0,10.00,-32.61,-2.92,0.2507,0.1407,0.3757,1,4.838,0,0.399,0,air_fall,fall,1.000,1,-0.076 0.146 -0.465 -0.437 0.574 0.089 -0.532 0.268 0.160 0.491,-244.48,259.30,60.53,10.00,89.14,101.35,292,528,836,1072,0.241,-0.365 0.128 0.161 0.353,-1.0,0,0.000,0.000,0.4963,-0.02,,-1.000,0.0,0.0,0.0,,,65.6,65.3,-19.8,corkscrew,0.000,0.0,11.5,-1.00,61.7,67.7
175,2.9167,air,rise,-244.409,264.744,62.564,0.000,25.256,15.751,29.765,25.256,61.673,0.00,0.00,0.00,0.00,0.000,0,,0,0.00,0.00,0.00,-244.524,260.145,61.065,88.58,10.00,68.77,4.838,0.125,0.04,1.00,0,0,0,0,0,0,10.00,-32.68,-2.93,0.2451,0.1401,0.3757,1,4.838,0,0.399,0,air_fall,fall,1.000,1,-0.068 0.149 -0.481 -0.419 0.573 0.068 -0.527 0.286 0.181 0.476,-244.50,259.72,60.80,10.00,88.85,101.25,292,524,836,1072,0.244,-0.347 0.105 0.180 0.337,-1.0,0,0.000,0.000,0.4966,-0.02,,-1.000,0.0,0.0,0.0,,,65.3,65.1,-18.5,corkscrew,0.000,0.0,11.5,-1.00,61.7,67.7
176,2.9333,air,rise,-244.409,265.165,62.822,0.000,25.256,15.351,29.556,25.256,61.931,0.00,0.00,0.00,0.00,0.000,0,,0,0.00,0.00,0.00,-244.544,260.567,61.322,88.32,10.00,68.67,4.838,0.114,0.03,1.00,0,0,0,0,0,0,10.00,-32.75,-2.95,0.2384,0.1390,0.3757,1,4.838,0,0.400,0,air_fall,fall,1.000,1,-0.060 0.153 -0.498 -0.396 0.572 0.044 -0.517 0.305 0.204 0.460,-244.52,260.15,61.07,10.00,88.58,101.16,296,520,836,1072,0.248,-0.324 0.080 0.199 0.319,-1.0,0,0.000,0.000,0.4970,-0.02,,-1.000,0.0,0.0,0.0,,,64.9,64.7,-16.9,corkscrew,0.000,0.0,11.5,-1.00,61.7,67.7
177,2.9500,air,rise,-244.409,265.586,63.073,0.000,25.256,14.951,29.350,25.256,62.182,0.00,0.00,0.00,0.00,0.000,0,,0,0.00,0.00,0.00,-244.563,260.988,61.573,88.09,10.00,68.58,4.838,0.105,0.03,1.00,0,0,0,0,0,0,10.00,-32.82,-2.97,0.2300,0.1375,0.3757,1,4.838,0,0.400,0,air_fall,fall,1.000,1,-0.051 0.158 -0.517 -0.369 0.569 0.018 -0.505 0.326 0.228 0.438,-244.54,260.57,61.32,10.00,88.32,101.06,296,516,836,1068,0.253,-0.296 0.052 0.219 0.297,-1.0,0,0.000,0.000,0.4975,-0.02,,-1.000,0.0,0.0,0.0,,,64.3,64.1,-15.1,corkscrew,0.000,0.0,11.5,-1.00,61.7,67.7
178,2.9667,air,rise,-244.409,266.007,63.317,0.000,25.256,14.551,29.148,25.256,62.426,0.00,0.00,0.00,0.00,0.000,0,,0,0.00,0.00,0.00,-244.580,261.410,61.817,87.87,10.00,68.48,4.838,0.095,0.03,1.00,0,0,0,0,0,0,10.00,-32.89,-2.98,0.2206,0.1355,0.3757,1,4.838,0,0.400,0,air_fall,fall,1.000,1,-0.041 0.165 -0.535 -0.338 0.567 -0.009 -0.490 0.347 0.251 0.415,-244.56,260.99,61.57,10.00,88.09,100.96,300,516,840,1068,0.260,-0.265 0.024 0.240 0.273,-1.0,0,0.000,0.000,0.4981,-0.02,,-1.000,0.0,0.0,0.0,,,63.6,63.5,-13.1,corkscrew,0.000,0.0,11.5,-1.00,61.7,67.7
179,2.9833,air,rise,-244.409,266.428,63.554,0.000,25.256,14.151,28.951,25.256,62.663,0.00,0.00,0.00,0.00,0.000,0,,0,0.00,0.00,0.00,-244.596,261.831,62.055,87.68,10.00,68.38,4.838,0.086,0.03,1.00,0,0,0,0,0,0,10.00,-32.95,-3.00,0.2095,0.1330,0.3757,1,4.838,0,0.400,0,air_fall,fall,1.000,1,-0.030 0.173 -0.553 -0.303 0.562 -0.038 -0.472 0.367 0.274 0.387,-244.58,261.41,61.82,10.00,87.87,100.85,304,508,844,1068,0.267,-0.229 -0.006 0.259 0.244,-1.0,0,0.000,0.000,0.4988,-0.02,,-1.000,0.0,0.0,0.0,,,62.8,62.7,-10.9,corkscrew,0.000,0.0,11.5,-1.00,61.7,67.7
180,3.0000,air,rise,-244.409,266.849,63.785,0.000,25.256,13.751,28.757,25.256,62.894,0.00,0.00,0.00,0.00,0.000,0,,0,0.00,0.00,0.00,-244.610,262.253,62.286,87.49,10.16,68.28,4.838,0.078,0.03,1.00,0,0,0,0,0,0,10.16,-33.02,-3.02,0.2021,0.1300,0.3754,1,4.838,0,0.400,0,air_fall,fall,1.000,1,-0.019 0.180 -0.569 -0.265 0.557 -0.069 -0.451 0.388 0.294 0.361,-244.60,261.83,62.05,10.00,87.68,100.75,308,504,848,1068,0.275,-0.190 -0.036 0.278 0.214,-1.0,0,0.000,0.000,0.4996,-0.02,,-1.000,0.0,0.0,0.0,,,61.9,61.8,-8.5,corkscrew,0.006,-0.7,19.1,1.00,61.7,67.7
181,3.0167,air,rise,-244.409,267.270,64.009,0.000,25.256,13.351,28.568,25.256,63.118,0.00,0.00,0.00,0.00,0.000,0,,0,0.00,0.00,0.00,-244.624,262.677,62.510,87.33,10.33,68.18,4.836,0.071,0.03,1.00,0,0,0,0,0,0,10.33,-33.09,-3.03,0.1999,0.1279,0.3721,1,4.836,0,0.400,0,air_fall,fall,1.000,1,-0.005 0.188 -0.584 -0.224 0.550 -0.099 -0.428 0.407 0.312 0.330,-244.61,262.25,62.29,10.16,87.49,100.64,316,500,852,1068,0.284,-0.147 -0.067 0.294 0.181,-1.0,0,0.000,0.000,0.4997,-0.02,,-1.000,0.0,0.0,0.0,,,60.9,60.9,-5.9,corkscrew,0.021,-1.7,19.2,1.00,61.7,67.7
182,3.0333,air,rise,-244.409,267.690,64.227,0.000,25.256,12.951,28.383,25.256,63.336,0.00,0.00,0.00,0.00,0.000,0,,0,0.00,0.00,0.00,-244.636,263.107,62.729,87.17,10.37,68.07,4.828,0.064,0.03,1.00,0,0,0,0,0,0,10.37,-33.16,-3.05,0.1976,0.1284,0.3667,1,4.828,0,0.400,0,air_fallCalm,fall,1.000,1,0.009 0.197 -0.595 -0.180 0.543 -0.130 -0.404 0.423 0.326 0.299,-244.62,262.68,62.51,10.33,87.33,100.53,316,496,856,1064,0.293,-0.102 -0.097 0.308 0.149,-1.0,0,0.000,0.000,0.4986,-0.02,,-1.000,0.0,0.0,0.0,,,59.9,59.9,-3.1,corkscrew,0.044,-3.2,19.5,1.00,61.7,67.7
183,3.0500,air,rise,-244.409,268.111,64.438,0.000,25.256,12.551,28.203,25.256,63.547,0.00,0.00,0.00,0.00,0.000,0,,0,0.00,0.00,0.00,-244.649,263.547,62.941,86.99,10.44,67.97,4.810,0.057,0.03,1.00,0,0,0,0,0,0,10.44,-33.23,-3.07,0.1966,0.1284,0.3648,1,4.810,0,0.400,0,air_fallCalm,fall,1.000,1,0.025 0.213 -0.601 -0.130 0.534 -0.159 -0.380 0.422 0.336 0.259,-244.64,263.11,62.73,10.37,87.17,100.42,316,484,852,1064,0.308,-0.051 -0.125 0.304 0.107,-1.0,0,0.000,0.000,0.4976,-0.02,,-1.000,0.0,0.0,0.0,,,58.2,58.2,-0.2,corkscrew,0.073,-5.0,19.8,1.00,61.7,67.7
184,3.0667,air,rise,-244.409,268.532,64.642,0.000,25.256,12.151,28.027,25.256,63.751,0.00,0.00,0.00,0.00,0.000,0,,0,0.00,0.00,0.00,-244.666,264.000,63.148,86.75,10.54,67.86,4.779,0.051,0.03,1.00,0,0,0,0,0,0,10.54,-33.30,-3.08,0.1975,0.1281,0.3692,1,4.779,0,0.400,0,air_fallCalm,fall,1.000,1,0.044 0.239 -0.599 -0.074 0.526 -0.184 -0.362 0.392 0.337 0.208,-244.65,263.55,62.94,10.44,86.99,100.31,320,484,852,1060,0.333,0.007 -0.147 0.267 0.053,-1.0,0,0.000,0.000,0.4970,-0.01,,-1.000,0.0,0.0,0.0,,,55.3,55.3,2.8,corkscrew,0.107,-7.2,20.2,1.00,61.7,67.7
185,3.0833,air,rise,-244.409,268.953,64.839,0.000,25.256,11.751,27.856,25.256,63.948,0.00,0.00,0.00,0.00,0.000,0,,0,0.00,0.00,0.00,-244.694,264.469,63.350,86.37,10.70,67.75,4.734,0.045,0.03,1.00,0,0,0,0,0,0,10.70,-33.37,-3.10,0.1916,0.1273,0.3763,1,4.734,0,0.400,0,air_fallCalm,fall,1.000,1,0.067 0.274 -0.589 -0.012 0.519 -0.202 -0.356 0.332 0.325 0.145,-244.67,264.00,63.15,10.54,86.75,100.20,328,484,852,1060,0.365,0.070 -0.162 0.199 -0.013,-1.0,0,0.000,0.000,0.4968,-0.01,,-1.000,0.0,0.0,0.0,,,51.5,51.4,6.0,corkscrew,0.144,-9.6,20.6,1.00,61.7,67.7
186,3.1000,air,rise,-244.409,269.374,65.030,0.000,25.256,11.351,27.690,25.256,64.139,0.00,0.00,0.00,0.00,0.000,0,,0,0.00,0.00,0.00,-244.737,264.984,63.544,85.73,11.03,67.65,4.646,0.040,0.03,1.00,0,0,0,0,0,0,11.03,-33.44,-3.12,0.1795,0.1269,0.3860,1,4.646,0,0.400,0,air_fallCalm,fall,1.000,1,0.097 0.314 -0.568 0.051 0.516 -0.212 -0.368 0.246 0.298 0.077,-244.69,264.47,63.35,10.70,86.37,100.09,344,488,852,1060,0.401,0.137 -0.166 0.106 -0.086,-1.0,0,0.000,0.000,0.4972,-0.01,,-1.000,0.0,0.0,0.0,,,46.9,46.6,9.3,corkscrew,0.182,-12.1,21.0,1.00,61.7,67.7
187,3.1167,air,rise,-244.409,269.795,65.214,0.000,25.256,10.951,27.528,25.256,64.323,0.00,0.00,0.00,0.00,0.000,0,,0,0.00,0.00,0.00,-244.802,265.562,63.744,84.71,11.48,67.54,4.498,0.036,0.03,1.00,0,0,0,0,0,0,11.48,-33.50,-3.13,0.1605,0.1313,0.3980,1,4.498,0,0.400,0,air_fallCalm,fall,1.000,1,0.133 0.355 -0.536 0.115 0.519 -0.212 -0.402 0.141 0.253 0.003,-244.74,264.98,63.54,11.03,85.73,99.97,352,492,852,1060,0.438,0.206 -0.161 -0.005 -0.165,-1.0,0,0.000,0.000,0.4966,-0.01,,-1.000,0.0,0.0,0.0,,,42.0,41.0,12.6,corkscrew,0.223,-14.7,21.5,1.00,61.7,67.7
188,3.1333,air,rise,-244.409,270.216,65.392,0.000,25.256,10.551,27.372,25.256,64.501,0.00,0.00,0.00,0.00,0.000,0,,0,0.00,0.00,0.00,-244.891,266.193,63.955,83.17,11.97,67.43,4.299,0.032,0.03,1.00,0,0,0,0,0,0,11.97,-33.57,-3.15,0.1607,0.1466,0.3986,1,4.299,0,0.401,0,air_fallCalm,fall,1.000,1,0.173 0.397 -0.493 0.177 0.531 -0.200 -0.457 0.022 0.190 -0.073,-244.80,265.56,63.74,11.48,84.71,99.86,340,492,840,1064,0.471,0.274 -0.146 -0.123 -0.245,-1.0,0,0.000,0.000,0.4924,-0.01,,-1.000,0.0,0.0,0.0,,,37.0,34.9,16.0,corkscrew,0.263,-17.3,21.9,1.00,61.7,67.7
189,3.1500,air,rise,-244.409,270.637,65.563,0.000,25.256,10.151,27.220,25.256,64.672,0.00,0.00,0.00,0.00,0.000,0,,0,0.00,0.00,0.00,-245.004,266.859,64.167,81.05,12.53,67.32,4.072,0.028,0.03,1.00,0,0,0,0,0,0,12.53,-33.64,-3.17,0.1741,0.1667,0.3914,1,4.072,0,0.401,0,air_fallCalm,fallCalm,1.000,1,0.214 0.435 -0.440 0.237 0.550 -0.179 -0.528 -0.100 0.112 -0.149,-244.89,266.19,63.95,11.97,83.17,99.74,324,492,816,1072,0.498,0.339 -0.123 -0.236 -0.324,-1.0,0,0.000,0.000,0.4878,-0.01,,-1.000,0.0,0.0,0.0,,,32.6,28.2,19.3,corkscrew,0.304,-20.0,22.4,1.00,61.7,67.7
190,3.1667,air,rise,-244.409,271.058,65.727,0.000,25.256,9.751,27.073,25.256,64.836,0.00,0.00,0.00,0.00,0.000,0,,0,0.00,0.00,0.00,-245.137,267.536,64.371,78.32,13.17,67.21,3.843,0.025,0.03,1.00,0,0,0,0,0,0,13.17,-33.71,-3.18,0.1953,0.1894,0.3865,1,3.843,0,0.401,0,air_fallCalm,fallCalm,1.000,1,0.248 0.467 -0.380 0.291 0.575 -0.149 -0.599 -0.214 0.025 -0.220,-245.00,266.86,64.17,12.53,81.05,99.62,308,496,796,1084,0.515,0.398 -0.097 -0.331 -0.394,-1.0,0,0.000,0.000,0.4846,-0.01,,-1.000,0.0,0.0,0.0,,,29.5,21.2,22.4,corkscrew,0.344,-22.6,22.8,1.00,61.7,67.7
191,3.1833,air,rise,-244.409,271.479,65.885,0.000,25.256,9.351,26.932,25.256,64.994,0.00,0.00,0.00,0.00,0.000,0,,0,0.00,0.00,0.00,-245.281,268.206,64.562,75.08,13.89,67.10,3.636,0.022,0.03,1.00,0,0,0,0,0,0,13.89,-33.78,-3.20,0.2336,0.2101,0.3891,1,3.636,0,0.402,0,air_fallCalm,fallCalm,1.000,1,0.272 0.493 -0.318 0.340 0.601 -0.117 -0.657 -0.312 -0.064 -0.285,-245.14,267.54,64.37,13.17,78.32,99.51,292,528,776,1096,0.523,0.451 -0.073 -0.399 -0.455,-1.0,0,0.000,0.000,0.4842,-0.01,,-1.000,0.0,0.0,0.0,,,28.1,14.0,25.2,corkscrew,0.384,-25.1,23.2,1.00,61.7,67.7
192,3.2000,air,rise,-244.409,271.900,66.035,0.000,25.256,8.951,26.796,25.256,65.144,0.00,0.00,0.00,0.00,0.000,0,,0,0.00,0.00,0.00,-245.426,268.854,64.737,71.53,14.63,66.99,3.464,0.019,0.03,1.00,0,0,0,0,0,0,14.63,-33.84,-3.22,0.2765,0.2250,0.3939,1,3.464,0,0.402,0,air_fallCalm,fallCalm,1.000,1,0.281 0.512 -0.258 0.381 0.621 -0.083 -0.689 -0.391 -0.144 -0.342,-245.28,268.21,64.56,13.89,75.08,99.39,276,556,764,1112,0.522,0.495 -0.052 -0.440 -0.504,-1.0,0,0.000,0.000,0.4873,-0.01,,-1.000,0.0,0.0,0.0,,,28.4,6.9,27.8,corkscrew,0.422,-27.6,23.7,1.00,61.7,67.7
193,3.2167,air,trick,-244.409,272.321,66.183,0.000,25.256,8.823,26.753,25.256,65.292,0.00,0.00,0.00,0.00,0.000,0,corkscrew,0,0.00,0.00,0.00,-245.566,269.475,64.897,67.88,15.37,66.88,3.330,0.017,0.03,1.00,0,0,0,0,0,0,15.37,-33.90,-3.23,0.3128,0.2323,0.3961,1,3.330,0,0.402,0,air_fallCalm,fallCalm,1.000,1,0.271 0.527 -0.211 0.412 0.632 -0.046 -0.686 -0.454 -0.204 -0.391,-245.43,268.85,64.74,14.63,71.53,99.27,256,576,760,1132,0.517,0.527 -0.031 -0.463 -0.541,-1.0,0,0.000,0.000,0.4935,-0.01,corkscrew,0.000,0.0,0.0,76.8,Layout,Layout,29.5,0.0,29.5,,0.460,-30.0,24.1,1.00,61.7,67.7
194,3.2333,air,trick,-244.409,272.742,66.328,0.000,25.256,8.695,26.711,25.256,65.437,0.00,0.00,0.00,0.00,0.000,0,corkscrew,0,0.00,0.00,0.00,-245.694,270.071,65.046,64.31,16.09,66.77,3.229,0.015,0.02,1.00,0,0,0,0,0,0,16.09,-33.95,-3.25,0.3417,0.2339,0.3976,1,3.229,0,0.403,0,flip_corkscrew,fallCalm,1.000,1,0.245 0.541 -0.178 0.420 0.633 -0.009 -0.655 -0.505 -0.243 -0.417,-245.57,269.48,64.90,15.37,67.88,99.16,240,592,768,1148,0.515,0.539 -0.011 -0.478 -0.558,-1.0,0,0.000,0.000,0.5010,-0.01,corkscrew,0.017,1.3,0.0,84.3,Layout,Layout,29.8,-4.6,29.5,,0.495,-32.3,24.5,1.00,61.7,67.7
195,3.2500,air,trick,-244.409,273.163,66.472,0.000,25.256,8.567,26.670,25.256,65.581,0.00,0.00,0.00,0.00,0.000,0,corkscrew,0,0.00,0.00,0.00,-245.810,270.644,65.189,60.93,16.74,66.67,3.155,0.013,0.02,1.00,0,0,0,0,0,0,16.74,-34.00,-3.27,0.3643,0.2368,0.4021,1,3.155,0,0.403,0,flip_corkscrew,fallCalm,1.000,1,0.224 0.550 -0.167 0.386 0.622 0.002 -0.631 -0.548 -0.271 -0.447,-245.69,270.07,65.05,16.09,64.31,99.04,232,604,768,1156,0.523,0.517 -0.013 -0.512 -0.587,-1.0,0,0.000,0.000,0.5041,-0.01,corkscrew,0.033,2.9,0.0,103.7,Layout,Layout,28.2,-4.3,27.9,,0.529,-34.6,24.8,1.00,61.7,67.7
196,3.2667,air,trick,-244.409,273.584,66.613,0.000,25.256,8.439,26.629,25.256,65.722,0.00,0.00,0.00,0.00,0.000,0,corkscrew,0,0.00,0.00,0.00,-245.912,271.198,65.326,57.78,17.34,66.56,3.099,0.011,0.02,1.00,0,0,0,0,0,0,17.34,-34.05,-3.28,0.3938,0.2340,0.4125,1,3.099,0,0.404,0,flip_corkscrew,fallCalm,1.000,1,0.198 0.560 -0.172 0.315 0.598 0.002 -0.587 -0.627 -0.291 -0.528,-245.81,270.64,65.19,16.74,60.93,98.92,224,632,776,1160,0.537,0.461 -0.024 -0.587 -0.662,-1.0,0,0.000,0.000,0.5071,-0.01,corkscrew,0.050,4.8,0.0,130.4,Layout,Layout,25.3,-3.1,25.1,,0.562,-36.7,25.2,1.00,61.7,67.7
197,3.2833,air,trick,-244.409,274.071,66.772,0.000,29.256,9.511,30.763,29.256,65.881,0.00,0.00,0.00,0.00,0.000,0,corkscrew,0,0.00,0.00,0.00,-246.003,271.783,65.473,55.15,17.83,66.46,3.076,0.010,0.02,1.00,0,0,0,0,0,0,17.83,-34.09,-3.30,0.4215,0.2239,0.4265,1,3.076,0,0.404,0,flip_corkscrew,fallCalm,1.000,1,0.172 0.566 -0.185 0.215 0.562 -0.007 -0.522 -0.713 -0.282 -0.630,-245.91,271.20,65.33,17.34,57.78,98.81,220,676,792,1156,0.553,0.372 -0.043 -0.677 -0.751,-1.0,0,0.000,0.000,0.5098,-0.01,corkscrew,0.067,7.2,0.0,159.9,Layout,Layout,21.5,-1.0,21.4,,0.593,-38.7,25.5,1.00,61.7,67.7
198,3.3000,air,trick,-244.409,274.559,66.929,0.000,29.256,9.383,30.724,29.256,66.038,0.00,0.00,0.00,0.00,0.000,0,corkscrew,0,0.00,0.00,0.00,-246.082,272.376,65.623,52.54,18.31,66.37,3.045,0.009,0.02,1.00,0,0,0,0,0,0,18.31,-34.12,-3.32,0.4480,0.2103,0.4424,1,3.045,0,0.405,0,flip_corkscrew,flipLayout,1.000,1,0.151 0.567 -0.197 0.099 0.512 -0.018 -0.445 -0.780 -0.244 -0.715,-246.00,271.78,65.47,17.83,55.15,98.70,220,708,812,1144,0.567,0.260 -0.065 -0.759 -0.823,-1.0,0,0.000,0.000,0.5118,-0.01,corkscrew,0.083,10.1,0.0,187.6,Layout,Layout,17.3,2.0,17.2,,0.622,-40.6,25.9,1.00,61.7,67.7
199,3.3167,air,trick,-244.409,275.046,67.084,0.000,29.256,9.255,30.685,29.256,66.193,0.00,0.00,0.00,0.00,0.000,0,corkscrew,0,0.00,0.00,0.00,-246.152,272.964,65.771,50.08,18.76,66.29,3.016,0.009,0.02,1.00,0,0,0,0,0,0,18.76,-34.16,-3.33,0.4598,0.1944,0.4543,1,3.016,0,0.405,0,flip_corkscrew,flipLayout,1.000,1,0.139 0.558 -0.207 -0.010 0.451 -0.024 -0.374 -0.814 -0.195 -0.761,-246.08,272.38,65.62,18.31,52.54,98.60,224,728,832,1124,0.576,0.144 -0.084 -0.816 -0.862,-1.0,0,0.000,0.000,0.5116,-0.01,corkscrew,0.100,13.5,0.0,208.9,Layout,Layout,14.1,5.7,12.9,,0.650,-42.3,26.2,1.00,61.7,67.7
200,3.3333,air,trick,-244.409,275.534,67.236,0.000,29.256,9.127,30.647,29.256,66.345,0.00,0.00,0.00,0.00,0.000,0,corkscrew,0,0.00,0.00,0.00,-246.213,273.543,65.916,47.83,19.18,66.22,2.993,0.009,0.02,1.00,0,0,0,0,0,0,19.18,-34.18,-3.35,0.4585,0.1792,0.4626,1,2.993,0,0.406,0,flip_corkscrew,flipLayout,1.000,1,0.135 0.540 -0.216 -0.091 0.385 -0.020 -0.327 -0.816 -0.157 -0.769,-246.15,272.96,65.77,18.76,50.08,98.52,236,736,844,1104,0.578,0.046 -0.092 -0.846 -0.876,-1.0,0,0.000,0.000,0.5084,-0.01,corkscrew,0.117,17.0,0.0,219.1,Layout,Layout,13.3,10.1,8.8,,0.676,-44.0,26.4,1.00,61.7,67.7
201,3.3500,air,trick,-244.409,276.022,67.387,0.000,29.256,8.999,30.609,29.256,66.496,0.00,0.00,0.00,0.00,0.000,0,corkscrew,0,0.00,0.00,0.00,-246.267,274.114,66.059,45.77,19.55,66.16,2.976,0.009,0.02,1.00,0,0,0,0,0,0,19.55,-34.21,-3.37,0.4487,0.1676,0.4682,1,2.976,0,0.407,0,flip_corkscrew,flipLayout,1.000,1,0.142 0.515 -0.226 -0.134 0.322 -0.005 -0.308 -0.797 -0.143 -0.750,-246.21,273.54,65.92,19.18,47.83,98.44,248,740,852,1084,0.572,-0.017 -0.088 -0.854 -0.871,-1.0,0,0.000,0.000,0.5027,-0.01,corkscrew,0.133,20.7,0.0,219.4,Layout,Layout,15.5,14.6,5.2,,0.700,-45.6,26.7,1.00,61.7,67.7
202,3.3667,air,trick,-244.409,276.509,67.535,0.000,29.256,8.871,30.572,29.256,66.644,0.00,0.00,0.00,0.00,0.000,0,corkscrew,0,0.00,0.00,0.00,-246.314,274.676,66.200,43.89,19.90,66.11,2.961,0.010,0.02,1.00,0,0,0,0,0,0,19.90,-34.23,-3.38,0.4354,0.1618,0.4723,1,2.961,0,0.407,0,flip_corkscrew,flipLayout,1.000,1,0.157 0.486 -0.223 -0.152 0.275 0.006 -0.316 -0.766 -0.154 -0.714,-246.27,274.11,66.06,19.55,45.77,98.38,260,736,848,1064,0.560,-0.053 -0.081 -0.847 -0.855,-1.0,0,0.000,0.000,0.4955,-0.01,corkscrew,0.150,24.4,0.0,219.4,Layout,Layout,19.3,19.2,2.5,,0.723,-47.1,27.0,1.00,61.7,67.7
203,3.3833,air,trick,-244.409,276.997,67.681,0.000,29.256,8.743,30.535,29.256,66.790,0.00,0.00,0.00,0.00,0.000,0,corkscrew,0,0.00,0.00,0.00,-246.356,275.233,66.339,42.18,20.22,66.06,2.950,0.010,0.02,1.00,0,0,0,0,0,0,20.22,-34.25,-3.40,0.4221,0.1638,0.4725,1,2.950,0,0.408,0,flip_corkscrew,flipLayout,1.000,1,0.180 0.457 -0.179 -0.175 0.257 -0.012 -0.345 -0.730 -0.184 -0.671,-246.31,274.68,66.20,19.90,43.89,98.32,276,732,836,1060,0.544,-0.083 -0.089 -0.829 -0.831,-1.0,0,0.000,0.000,0.4886,-0.01,corkscrew,0.167,28.0,0.0,219.3,Layout,Layout,23.6,23.6,0.7,,0.744,-48.5,27.2,1.00,61.7,67.7
204,3.4000,air,trick,-244.409,277.484,67.826,0.000,29.256,8.615,30.498,29.256,66.935,0.00,0.00,0.00,0.00,0.000,0,corkscrew,0,0.00,0.00,0.00,-246.393,275.783,66.476,40.63,20.51,66.02,2.941,0.011,0.02,1.00,0,0,0,0,0,0,20.51,-34.27,-3.42,0.4076,0.1727,0.4712,1,2.941,0,0.408,0,flip_corkscrew,flipLayout,1.000,1,0.209 0.430 -0.096 -0.204 0.265 -0.057 -0.386 -0.693 -0.228 -0.629,-246.36,275.23,66.34,20.22,42.18,98.27,288,720,820,1064,0.526,-0.112 -0.112 -0.804 -0.804,-1.0,0,0.000,0.000,0.4831,-0.01,corkscrew,0.183,31.7,0.0,218.4,Layout,Layout,27.6,27.6,0.1,,0.764,-49.7,27.4,1.00,61.7,67.7
205,3.4167,air,trick,-244.409,277.972,67.968,0.000,29.256,8.487,30.462,29.256,67.077,0.00,0.00,0.00,0.00,0.000,0,corkscrew,0,0.00,0.00,0.00,-246.425,276.328,66.611,39.21,20.78,65.98,2.934,0.012,0.02,1.00,0,0,0,0,0,0,20.78,-34.28,-3.43,0.3926,0.1832,0.4691,1,2.934,0,0.409,0,flip_corkscrew,flipLayout,1.000,1,0.239 0.405 0.012 -0.223 0.280 -0.107 -0.431 -0.658 -0.274 -0.590,-246.39,275.78,66.48,20.51,40.63,98.22,296,712,800,1068,0.507,-0.131 -0.131 -0.776 -0.776,-1.0,0,0.000,0.000,0.4783,-0.01,corkscrew,0.200,35.3,0.0,216.6,Layout,Layout,31.3,31.3,0.0,,0.783,-50.9,27.6,1.00,61.7,67.7
206,3.4333,air,trick,-244.409,278.460,68.107,0.000,29.256,8.359,30.427,29.256,67.216,0.00,0.00,0.00,0.00,0.000,0,corkscrew,0,0.00,0.00,0.00,-246.454,276.867,66.745,37.91,21.03,65.95,2.928,0.012,0.02,1.00,0,0,0,0,0,0,21.03,-34.30,-3.45,0.3761,0.1958,0.4665,1,2.928,0,0.409,0,flip_corkscrew,flipTwist,1.000,1,0.268 0.379 0.130 -0.219 0.295 -0.143 -0.475 -0.621 -0.320 -0.550,-246.43,276.33,66.61,20.78,39.21,98.18,308,700,780,1072,0.486,-0.130 -0.130 -0.746 -0.746,-1.0,0,0.000,0.000,0.4750,-0.00,corkscrew,0.217,38.9,0.0,214.2,Twist,Layout,35.0,35.0,0.0,,0.800,-52.1,27.8,1.00,61.7,67.7
207,3.4500,air,trick,-244.409,278.947,68.245,0.000,29.256,8.231,30.392,29.256,67.354,0.00,0.00,0.00,0.00,0.000,0,corkscrew,0,0.00,0.00,0.00,-246.479,277.403,66.876,36.73,21.27,65.92,2.923,0.013,0.02,1.00,0,0,0,0,0,0,21.27,-34.31,-3.47,0.3590,0.2076,0.4634,1,2.923,0,0.410,0,flip_corkscrew,flipTwist,1.000,1,0.297 0.352 0.241 -0.190 0.310 -0.156 -0.516 -0.583 -0.364 -0.507,-246.45,276.87,66.74,21.03,37.91,98.14,316,684,760,1076,0.464,-0.108 -0.107 -0.713 -0.712,-1.0,0,0.000,0.000,0.4719,-0.00,corkscrew,0.233,42.4,0.6,211.5,Twist,Layout,38.6,38.6,0.0,,0.816,-53.1,28.0,1.00,61.7,67.7
208,3.4667,air,trick,-244.409,279.435,68.381,0.000,29.256,8.103,30.358,29.256,67.490,0.00,0.00,0.00,0.00,0.000,0,corkscrew,0,0.00,0.00,0.00,-246.502,277.934,67.006,35.65,21.48,65.89,2.919,0.014,0.02,1.00,0,0,0,0,0,0,21.48,-34.32,-3.48,0.3434,0.2320,0.4598,1,2.919,0,0.410,0,flip_corkscrew,flipTwist,1.000,1,0.324 0.324 0.335 -0.142 0.330 -0.145 -0.552 -0.548 -0.410 -0.460,-246.48,277.40,66.88,21.27,36.73,98.11,324,672,740,1096,0.440,-0.070 -0.070 -0.682 -0.672,-1.0,0,0.000,0.000,0.4762,-0.00,corkscrew,0.250,45.9,3.2,208.8,Twist,Layout,42.2,42.2,0.0,,0.831,-54.1,28.1,1.00,61.7,67.7
209,3.4833,air,trick,-244.409,279.922,68.514,0.000,29.256,7.975,30.324,29.256,67.623,0.00,0.00,0.00,0.00,0.000,0,corkscrew,0,0.00,0.00,0.00,-246.522,278.462,67.134,34.66,21.68,65.87,2.916,0.015,0.02,1.00,0,0,0,0,0,0,21.68,-34.33,-3.50,0.3290,0.2499,0.4556,1,2.916,0,0.411,0,flip_corkscrew,flipTwist,1.000,1,0.350 0.296 0.401 -0.088 0.356 -0.126 -0.582 -0.513 -0.457 -0.408,-246.50,277.93,67.01,21.48,35.65,98.09,332,656,724,1116,0.414,-0.028 -0.036 -0.651 -0.627,-1.0,0,0.000,0.000,0.4786,-0.00,corkscrew,0.267,49.4,7.7,206.1,Twist,Layout,45.7,45.7,0.1,,0.845,-55.0,28.3,1.00,61.7,67.7
210,3.5000,air,trick,-244.409,280.410,68.646,0.000,29.256,7.847,30.290,29.256,67.755,0.00,0.00,0.00,0.00,0.000,0,corkscrew,0,0.00,0.00,0.00,-246.539,278.986,67.260,33.77,21.87,65.85,2.913,0.016,0.02,1.00,0,0,0,0,0,0,21.87,-34.33,-3.52,0.3153,0.2619,0.4508,1,2.913,0,0.411,0,flip_corkscrew,flipTwist,1.000,1,0.374 0.267 0.441 -0.039 0.385 -0.109 -0.606 -0.478 -0.506 -0.354,-246.52,278.46,67.13,21.68,34.66,98.06,340,640,712,1128,0.388,0.007 -0.018 -0.622 -0.577,-1.0,0,0.000,0.000,0.4788,-0.00,corkscrew,0.283,52.8,14.1,203.8,Twist,Layout,49.2,49.2,0.1,,0.857,-55.8,28.4,1.00,61.7,67.7
211,3.5167,air,trick,-244.409,280.898,68.775,0.000,29.256,7.719,30.257,29.256,67.884,0.00,0.00,0.00,0.00,0.000,0,corkscrew,0,0.00,0.00,0.00,-246.555,279.507,67.384,32.94,22.04,65.84,2.911,0.017,0.02,1.00,0,0,0,0,0,0,22.04,-34.34,-3.53,0.3014,0.2695,0.4453,1,2.911,0,0.412,0,flip_corkscrew,flipTwist,1.000,1,0.396 0.238 0.462 -0.005 0.413 -0.103 -0.627 -0.441 -0.556 -0.299,-246.54,278.99,67.26,21.87,33.77,98.04,344,628,700,1132,0.360,0.027 -0.020 -0.591 -0.522,-1.0,0,0.000,0.000,0.4776,-0.00,corkscrew,0.300,56.2,22.3,202.0,Twist,Layout,52.6,52.6,0.2,,0.869,-56.5,28.6,1.00,61.7,67.7
212,3.5333,air,trick,-244.409,281.385,68.902,0.000,29.256,7.591,30.225,29.256,68.011,0.00,0.00,0.00,0.00,0.000,0,corkscrew,0,0.00,0.00,0.00,-246.569,280.025,67.506,32.20,22.20,65.82,2.909,0.017,0.02,1.00,0,0,0,0,0,0,22.20,-34.34,-3.55,0.2858,0.2765,0.4391,1,2.909,0,0.412,0,flip_corkscrew,flipTwist,1.000,1,0.417 0.208 0.468 0.020 0.436 -0.100 -0.645 -0.400 -0.604 -0.246,-246.56,279.51,67.38,22.04,32.94,98.03,344,608,688,1136,0.332,0.034 -0.037 -0.558 -0.465,-1.0,0,0.000,0.000,0.4747,-0.00,corkscrew,0.317,59.5,32.2,200.9,Twist,Twist,56.0,56.0,0.2,,0.880,-57.2,28.7,1.00,61.7,67.7
213,3.5500,air,trick,-244.409,281.873,69.027,0.000,29.256,7.463,30.193,29.256,68.136,0.00,0.00,0.00,0.00,0.000,0,corkscrew,0,0.00,0.00,0.00,-246.582,280.541,67.627,31.51,22.35,65.81,2.907,0.018,0.02,1.00,0,0,0,0,0,0,22.35,-34.35,-3.57,0.2674,0.2822,0.4324,1,2.907,0,0.413,0,flip_corkscrew,flipTwist,1.000,1,0.436 0.178 0.467 0.055 0.455 -0.084 -0.662 -0.355 -0.648 -0.195,-246.57,280.03,67.51,22.20,32.20,98.01,344,592,676,1136,0.302,0.052 -0.045 -0.520 -0.409,-1.0,0,0.000,0.000,0.4704,-0.00,corkscrew,0.333,62.9,43.7,200.6,Twist,Twist,59.4,59.4,0.3,,0.890,-57.9,28.8,1.00,61.7,67.7
214,3.5667,air,trick,-244.409,282.361,69.149,0.000,29.256,7.335,30.162,29.256,68.258,0.00,0.00,0.00,0.00,0.000,0,corkscrew,0,0.00,0.00,0.00,-246.593,281.054,67.746,30.89,22.48,65.80,2.906,0.019,0.02,1.00,0,0,0,0,0,0,22.48,-34.35,-3.58,0.2513,0.2841,0.4225,1,2.906,0,0.413,0,flip_corkscrew,flipTwist,1.000,1,0.454 0.148 0.459 0.102 0.467 -0.053 -0.679 -0.304 -0.687 -0.149,-246.58,280.54,67.63,22.35,31.51,98.00,344,572,660,1132,0.272,0.085 -0.037 -0.477 -0.355,-1.0,0,0.000,0.000,0.4659,-0.00,corkscrew,0.350,66.2,56.8,200.6,Twist,Twist,62.8,62.8,0.4,,0.899,-58.5,28.9,1.00,61.7,67.7
215,3.5833,air,trick,-244.409,282.848,69.270,0.000,29.256,7.207,30.131,29.256,68.379,0.00,0.00,0.00,0.00,0.000,0,corkscrew,0,0.00,0.00,0.00,-246.603,281.565,67.863,30.32,22.61,65.79,2.905,0.019,0.02,1.00,0,0,0,0,0,0,22.61,-34.36,-3.60,0.2486,0.2921,0.4042,1,2.905,0,0.414,0,flip_corkscrew,flipTwist,1.000,1,0.469 0.117 0.442 0.157 0.470 -0.005 -0.696 -0.248 -0.720 -0.107,-246.59,281.05,67.75,22.48,30.89,97.99,348,552,648,1128,0.240,0.132 -0.011 -0.428 -0.304,-1.0,0,0.000,0.000,0.4659,-0.00,corkscrew,0.367,69.6,71.2,200.6,Twist,Twist,66.1,66.1,0.5,,0.908,-59.0,29.0,1.00,61.7,67.7
216,3.6000,air,trick,-244.409,283.336,69.389,0.000,29.256,7.079,30.101,29.256,68.498,0.00,0.00,0.00,0.00,0.000,0,corkscrew,0,0.00,0.00,0.00,-246.612,282.074,67.978,29.80,22.73,65.78,2.904,0.020,0.01,1.00,0,0,0,0,0,0,22.73,-34.36,-3.62,0.2397,0.2991,0.3879,1,2.904,0,0.414,0,flip_corkscrew,flipTwist,1.000,1,0.483 0.086 0.419 0.213 0.465 0.055 -0.713 -0.189 -0.748 -0.069,-246.60,281.57,67.86,22.61,30.32,97.98,348,528,640,1136,0.208,0.189 0.033 -0.375 -0.257,-1.0,0,0.000,0.000,0.4666,-0.00,corkscrew,0.383,72.9,86.8,200.6,Twist,Twist,69.5,69.5,0.6,,0.916,-59.6,29.1,1.00,61.7,67.7
217,3.6167,air,trick,-244.409,283.823,69.505,0.000,29.256,6.951,30.071,29.256,68.614,0.00,0.00,0.00,0.00,0.000,0,corkscrew,0,0.00,0.00,0.00,-246.620,282.581,68.091,29.33,22.84,65.77,2.903,0.021,0.01,1.00,0,0,0,0,0,0,22.84,-34.36,-3.63,0.2229,0.3022,0.3752,1,2.903,0,0.414,0,flip_corkscrew,flipTwist,1.000,1,0.495 0.055 0.391 0.261 0.452 0.121 -0.728 -0.128 -0.770 -0.033,-246.61,282.07,67.98,22.73,29.80,97.97,332,508,632,1144,0.175,0.248 0.092 -0.318 -0.212,-1.0,0,0.000,0.000,0.4664,-0.00,corkscrew,0.400,76.3,103.4,200.6,Twist,Twist,72.8,72.8,0.7,,0.923,-60.0,29.2,1.00,61.7,67.7
218,3.6333,air,trick,-244.409,284.311,69.619,0.000,29.256,6.823,30.041,29.256,68.728,0.00,0.00,0.00,0.00,0.000,0,corkscrew,0,0.00,0.00,0.00,-246.627,283.087,68.202,28.90,22.94,65.77,2.903,0.021,0.01,1.00,0,0,0,0,0,0,22.94,-34.36,-3.65,0.2130,0.3013,0.3762,1,2.903,0,0.415,0,flip_corkscrew,flipTwist,1.000,1,0.505 0.023 0.360 0.291 0.432 0.184 -0.742 -0.066 -0.788 0.002,-246.62,282.58,68.09,22.84,29.33,97.96,328,504,628,1144,0.142,0.301 0.159 -0.259 -0.168,-1.0,0,0.000,0.000,0.4648,-0.00,corkscrew,0.417,79.6,120.8,200.6,Twist,Twist,76.2,76.2,0.7,,0.930,-60.4,29.2,1.00,61.7,67.7
219,3.6500,air,trick,-244.409,284.799,69.731,0.000,29.256,6.695,30.013,29.256,68.840,0.00,0.00,0.00,0.00,0.000,0,corkscrew,0,0.00,0.00,0.00,-246.634,283.591,68.312,28.50,23.03,65.76,2.902,0.021,0.01,1.00,0,0,0,0,0,0,23.03,-34.37,-3.67,0.1902,0.2969,0.3814,1,2.902,0,0.415,0,flip_corkscrew,flipTwist,1.000,1,0.513 -0.009 0.328 0.295 0.407 0.234 -0.753 -0.002 -0.802 0.036,-246.63,283.09,68.20,22.94,28.90,97.95,332,496,624,1144,0.108,0.335 0.225 -0.196 -0.127,-1.0,0,0.000,0.000,0.4622,-0.00,corkscrew,0.433,82.9,138.9,200.6,Twist,Twist,79.5,79.5,0.7,,0.936,-60.8,29.3,1.00,61.7,67.7
220,3.6667,air,trick,-244.409,285.286,69.841,0.000,29.256,6.567,29.984,29.256,68.950,0.00,0.00,0.00,0.00,0.000,0,corkscrew,0,0.00,0.00,0.00,-246.640,284.093,68.419,28.15,23.12,65.76,2.902,0.022,0.01,1.00,0,0,0,0,0,0,23.12,-34.37,-3.68,0.1804,0.2897,0.3798,1,2.902,0,0.416,0,flip_corkscrew,flipTwist,1.000,1,0.520 -0.041 0.298 0.267 0.380 0.260 -0.762 0.064 -0.812 0.068,-246.63,283.59,68.31,23.03,28.50,97.95,352,496,624,1148,0.074,0.342 0.277 -0.128 -0.088,-1.0,0,0.000,0.000,0.4587,-0.00,corkscrew,0.450,86.3,157.4,200.6,Twist,Twist,82.9,82.9,0.6,,0.941,-61.2,29.4,1.00,61.7,67.7
221,3.6833,air,trick,-244.409,285.774,69.949,0.000,29.256,6.439,29.956,29.256,69.058,0.00,0.00,0.00,0.00,0.000,0,corkscrew,0,0.00,0.00,0.00,-246.645,284.594,68.524,27.82,23.20,65.75,2.902,0.022,0.01,1.00,0,0,0,0,0,0,23.20,-34.37,-3.70,0.2004,0.2854,0.3880,1,2.902,0,0.416,0,flip_corkscrew,flipTwist,1.000,1,0.524 -0.073 0.270 0.205 0.351 0.255 -0.770 0.129 -0.818 0.100,-246.64,284.09,68.42,23.12,28.15,97.94,360,496,624,1152,0.039,0.317 0.305 -0.059 -0.052,-1.0,0,0.000,0.000,0.4572,-0.00,corkscrew,0.467,89.6,176.2,200.6,Twist,Twist,86.3,86.3,0.2,,0.946,-61.5,29.4,1.00,61.7,67.7
222,3.7000,air,trick,-244.409,286.261,70.055,0.000,29.256,6.311,29.929,29.256,69.164,0.00,0.00,0.00,0.00,0.000,0,corkscrew,0,0.00,0.00,0.00,-246.650,285.094,68.628,27.52,23.27,65.75,2.901,0.022,0.01,1.00,0,0,0,0,0,0,23.27,-34.37,-3.72,0.2276,0.2835,0.3936,1,2.901,0,0.416,0,flip_corkscrew,flipTwist,1.000,1,0.526 -0.105 0.245 0.116 0.322 0.216 -0.775 0.192 -0.820 0.133,-246.64,284.59,68.52,23.20,27.82,97.93,352,508,624,1152,0.003,0.258 0.304 0.011 -0.015,-1.0,0,0.000,0.000,0.4573,-0.00,corkscrew,0.483,93.0,195.1,200.6,Twist,Twist,89.7,89.7,-8.8,,0.951,-61.8,29.5,1.00,61.7,67.7
223,3.7167,air,trick,-244.409,286.749,70.159,0.000,29.256,6.183,29.903,29.256,69.268,0.00,0.00,0.00,0.00,0.000,0,corkscrew,0,0.00,0.00,0.00,-246.654,285.593,68.730,27.25,23.34,65.74,2.901,0.022,0.01,1.00,0,0,0,0,0,0,23.34,-34.37,-3.73,0.2605,0.2809,0.3936,1,2.901,0,0.416,0,flip_corkscrew,flipTwist,1.000,1,0.526 -0.137 0.222 0.008 0.294 0.148 -0.778 0.250 -0.819 0.170,-246.65,285.09,68.63,23.27,27.52,97.93,348,528,628,1156,-0.032,0.171 0.269 0.079 0.024,-1.0,0,0.000,0.000,0.4575,-0.00,corkscrew,0.500,96.3,213.7,200.6,Twist,Twist,93.1,93.1,-178.0,,0.955,-62.1,29.5,1.00,61.7,67.7
224,3.7333,air,trick,-244.409,287.237,70.260,0.000,29.256,6.055,29.876,29.256,69.369,0.00,0.00,0.00,0.00,0.000,0,corkscrew,0,0.00,0.00,0.00,-246.658,286.090,68.829,27.01,23.40,65.74,2.901,0.022,0.01,1.00,0,0,0,0,0,0,23.40,-34.37,-3.75,0.2871,0.2790,0.3930,1,2.901,0,0.417,0,flip_corkscrew,flipTwist,1.000,1,0.524 -0.169 0.201 -0.106 0.265 0.057 -0.778 0.302 -0.814 0.212,-246.65,285.59,68.73,23.34,27.25,97.92,328,548,628,1156,-0.068,0.066 0.205 0.143 0.066,-1.0,0,0.000,0.000,0.4588,-0.00,corkscrew,0.517,99.7,232.0,200.6,Twist,Twist,96.5,96.5,-178.6,,0.959,-62.4,29.6,1.00,61.7,67.7
225,3.7500,air,trick,-244.409,287.724,70.359,0.000,29.256,5.927,29.851,29.256,69.468,0.00,0.00,0.00,0.00,0.000,0,corkscrew,0,0.00,0.00,0.00,-246.661,286.587,68.927,26.79,23.46,65.73,2.901,0.022,0.01,1.00,0,0,0,0,0,0,23.46,-34.37,-3.77,0.3123,0.2762,0.3939,1,2.901,0,0.417,0,flip_corkscrew,flipTwist,1.000,1,0.521 -0.200 0.182 -0.214 0.236 -0.046 -0.776 0.349 -0.805 0.257,-246.66,286.09,68.83,23.40,27.01,97.92,316,564,636,1160,-0.103,-0.047 0.118 0.202 0.113,-1.0,0,0.000,0.000,0.4602,-0.00,corkscrew,0.533,103.0,249.8,200.6,Twist,Twist,100.0,100.0,-178.9,,0.963,-62.6,29.6,1.00,61.7,67.7
226,3.7667,air,trick,-244.409,288.212,70.456,0.000,29.256,5.799,29.825,29.256,69.565,0.00,0.00,0.00,0.00,0.000,0,corkscrew,0,0.00,0.00,0.00,-246.664,287.083,69.023,26.59,23.51,65.73,2.901,0.022,0.01,1.00,0,0,0,0,0,0,23.51,-34.37,-3.78,0.3471,0.2724,0.4016,1,2.901,0,0.417,0,flip_corkscrew,flipTwist,1.000,1,0.515 -0.230 0.166 -0.306 0.208 -0.150 -0.771 0.389 -0.793 0.307,-246.66,286.59,68.93,23.46,26.79,97.92,304,572,640,1160,-0.138,-0.155 0.020 0.256 0.163,-1.0,0,0.000,0.000,0.4619,-0.00,corkscrew,0.550,106.3,266.7,200.6,Twist,Twist,103.5,103.5,-179.2,,0.966,-62.8,29.6,1.00,61.7,67.7
227,3.7833,air,trick,-244.409,288.699,70.552,0.000,29.256,5.671,29.801,29.256,69.661,0.00,0.00,0.00,0.00,0.000,0,corkscrew,0,0.00,0.00,0.00,-246.667,287.578,69.116,26.40,23.56,65.73,2.901,0.022,0.01,1.00,0,0,0,0,0,0,23.56,-34.37,-3.80,0.3741,0.2676,0.4066,1,2.901,0,0.417,0,flip_corkscrew,flipTwist,1.000,1,0.508 -0.260 0.152 -0.376 0.180 -0.245 -0.764 0.426 -0.778 0.358,-246.66,287.08,69.02,23.51,26.59,97.91,292,588,648,1160,-0.173,-0.250 -0.081 0.304 0.217,-1.0,0,0.000,0.000,0.4638,-0.00,corkscrew,0.567,109.7,282.7,200.6,Twist,Twist,106.9,106.9,-179.3,,0.969,-63.0,29.7,1.00,61.7,67.7
228,3.8000,air,trick,-244.409,289.187,70.644,0.000,29.256,5.543,29.777,29.256,69.753,0.00,0.00,0.00,0.00,0.000,0,corkscrew,0,0.00,0.00,0.00,-246.669,288.073,69.208,26.24,23.61,65.72,2.900,0.022,0.01,1.00,0,0,0,0,0,0,23.61,-34.37,-3.82,0.3932,0.2618,0.4086,1,2.900,0,0.417,0,flip_corkscrew,flipTwist,1.000,1,0.498 -0.288 0.141 -0.422 0.154 -0.323 -0.753 0.459 -0.760 0.410,-246.67,287.58,69.12,23.56,26.40,97.91,284,608,656,1160,-0.206,-0.326 -0.174 0.349 0.273,-1.0,0,0.000,0.000,0.4660,-0.00,corkscrew,0.583,113.0,297.6,200.6,Twist,Twist,110.4,110.4,-179.5,,0.972,-63.2,29.7,1.00,61.7,67.7
229,3.8167,air,trick,-244.409,289.675,70.735,0.000,29.256,5.415,29.753,29.256,69.844,0.00,0.00,0.00,0.00,0.000,0,corkscrew,0,0.00,0.00,0.00,-246.671,288.567,69.297,26.09,23.65,65.72,2.900,0.022,0.01,1.00,0,0,0,0,0,0,23.65,-34.38,-3.83,0.4055,0.2551,0.4073,1,2.900,0,0.418,0,flip_corkscrew,flipTwist,1.000,1,0.487 -0.316 0.133 -0.446 0.130 -0.383 -0.741 0.491 -0.739 0.460,-246.67,288.07,69.21,23.61,26.24,97.90,272,620,664,1156,-0.239,-0.382 -0.256 0.392 0.330,-1.0,0,0.000,0.000,0.4683,-0.00,corkscrew,0.600,116.4,311.2,200.6,Twist,Twist,113.8,113.8,-179.6,,0.974,-63.3,29.7,1.00,61.7,67.7
230,3.8333,air,trick,-244.409,290.162,70.824,0.000,29.256,5.287,29.730,29.256,69.933,0.00,0.00,0.00,0.00,0.000,0,corkscrew,0,0.00,0.00,0.00,-246.673,289.060,69.385,25.95,23.69,65.71,2.900,0.022,0.01,1.00,0,0,0,0,0,0,23.69,-34.38,-3.85,0.4163,0.2476,0.4012,1,2.900,0,0.418,0,flip_corkscrew,flipTwist,1.000,1,0.474 -0.342 0.127 -0.452 0.107 -0.425 -0.725 0.522 -0.715 0.509,-246.67,288.57,69.30,23.65,26.09,97.90,264,624,676,1156,-0.272,-0.419 -0.321 0.432 0.386,-1.0,0,0.000,0.000,0.4707,-0.00,corkscrew,0.617,119.7,323.4,200.6,Twist,Twist,117.2,117.2,-179.7,,0.977,-63.5,29.7,1.00,61.7,67.7
231,3.8500,air,trick,-244.409,290.650,70.910,0.000,29.256,5.159,29.708,29.256,70.019,0.00,0.00,0.00,0.00,0.000,0,corkscrew,0,0.00,0.00,0.00,-246.675,289.553,69.471,25.83,23.72,65.71,2.900,0.021,0.01,1.00,0,0,0,0,0,0,23.72,-34.38,-3.87,0.4221,0.2394,0.3941,1,2.900,0,0.418,0,flip_corkscrew,flipTwist,1.000,1,0.459 -0.367 0.123 -0.447 0.087 -0.450 -0.706 0.552 -0.689 0.554,-246.67,289.06,69.38,23.69,25.95,97.89,252,620,688,1152,-0.303,-0.441 -0.371 0.472 0.439,-1.0,0,0.000,0.000,0.4732,-0.00,corkscrew,0.633,123.1,334.0,200.6,Twist,Twist,120.7,120.7,-179.8,,0.979,-63.6,29.8,1.00,61.7,67.7
232,3.8667,air,trick,-244.409,291.137,70.995,0.000,29.256,5.031,29.686,29.256,70.104,0.00,0.00,0.00,0.00,0.000,0,corkscrew,0,0.00,0.00,0.00,-246.677,290.045,69.554,25.72,23.75,65.70,2.900,0.021,0.01,1.00,0,0,0,0,0,0,23.75,-34.38,-3.88,0.4286,0.2309,0.3888,1,2.900,0,0.418,0,flip_corkscrew,flipTwist,1.000,1,0.444 -0.388 0.104 -0.435 0.059 -0.460 -0.684 0.582 -0.661 0.595,-246.68,289.55,69.47,23.72,25.83,97.89,240,616,700,1148,-0.330,-0.450 -0.409 0.511 0.490,-1.0,0,0.000,0.000,0.4758,-0.00,corkscrew,0.650,126.4,342.9,200.6,Twist,Twist,123.8,123.8,180.0,,0.981,-63.8,29.8,1.00,61.7,67.7
233,3.8833,air,trick,-244.409,291.625,71.077,0.000,29.256,4.903,29.664,29.256,70.186,0.00,0.00,0.00,0.00,0.000,0,corkscrew,0,0.00,0.00,0.00,-246.678,290.537,69.635,25.62,23.79,65.70,2.900,0.021,0.01,1.00,0,0,0,0,0,0,23.79,-34.38,-3.90,0.4401,0.2242,0.3874,1,2.900,0,0.418,0,flip_corkscrew,flipTwist,1.000,1,0.433 -0.404 0.041 -0.422 0.010 -0.445 -0.659 0.612 -0.631 0.633,-246.68,290.05,69.55,23.75,25.72,97.88,228,616,712,1144,-0.350,-0.447 -0.435 0.550 0.538,-1.0,0,0.000,0.000,0.4789,-0.00,corkscrew,0.667,129.8,350.0,199.6,Twist,Twist,126.2,126.2,179.7,,0.983,-63.9,29.8,1.00,61.7,67.7
234,3.9000,air,trick,-244.409,292.113,71.157,0.000,29.256,4.775,29.643,29.256,70.266,0.00,0.00,0.00,0.00,0.000,0,corkscrew,0,0.00,0.00,0.00,-246.680,291.028,69.715,25.53,23.81,65.69,2.900,0.020,0.01,1.00,0,0,0,0,0,0,23.81,-34.38,-3.92,0.4384,0.2182,0.3807,1,2.900,0,0.418,0,flip_corkscrew,flipTwist,1.000,1,0.424 -0.414 -0.061 -0.418 -0.030 -0.391 -0.632 0.641 -0.601 0.666,-246.68,290.54,69.64,23.79,25.62,97.88,220,624,724,1144,-0.365,-0.435 -0.440 0.587 0.582,-1.0,0,0.000,0.000,0.4821,-0.00,corkscrew,0.683,133.0,355.2,189.5,Twist,Twist,127.9,127.9,179.6,,0.984,-64.0,29.8,1.00,61.7,67.7
235,3.9167,air,trick,-244.409,292.600,71.235,0.000,29.256,4.647,29.623,29.256,70.344,0.00,0.00,0.00,0.00,0.000,0,corkscrew,0,0.00,0.00,0.00,-246.681,291.519,69.792,25.45,23.84,65.69,2.900,0.020,0.01,1.00,0,0,0,0,0,0,23.84,-34.38,-3.93,0.4339,0.2122,0.3739,1,2.900,0,0.419,0,flip_corkscrew,flipTwist,1.000,1,0.418 -0.421 -0.178 -0.435 -0.017 -0.298 -0.604 0.666 -0.571 0.694,-246.68,291.03,69.71,23.81,25.53,97.87,216,624,736,1140,-0.373,-0.413 -0.420 0.621 0.620,-1.0,0,0.000,0.000,0.4852,-0.00,corkscrew,0.700,136.0,358.6,172.9,Twist,Twist,128.9,128.9,179.8,,0.986,-64.1,29.8,1.00,61.7,67.7
236,3.9333,air,trick,-244.409,293.088,71.311,0.000,29.256,4.519,29.603,29.256,70.420,0.00,0.00,0.00,0.00,0.000,0,corkscrew,0,0.00,0.00,0.00,-246.682,292.010,69.867,25.38,23.86,65.68,2.900,0.020,0.01,1.00,0,0,0,0,0,0,23.86,-34.38,-3.95,0.4452,0.2064,0.3762,1,2.900,0,0.419,0,flip_corkscrew,flipSwan,1.000,1,0.414 -0.425 -0.255 -0.480 0.085 -0.190 -0.576 0.689 -0.543 0.717,-246.68,291.52,69.79,23.84,25.45,97.87,208,628,748,1140,-0.377,-0.384 -0.385 0.651 0.651,-1.0,0,0.000,0.000,0.4880,-0.00,corkscrew,0.717,138.8,360.0,154.8,Swan,Twist,129.4,129.4,180.0,,0.987,-64.2,29.9,1.00,61.7,67.7
237,3.9500,air,trick,-244.409,293.575,71.385,0.000,29.256,4.391,29.584,29.256,70.494,0.00,0.00,0.00,0.00,0.000,0,corkscrew,0,0.00,0.00,0.00,-246.683,292.500,69.940,25.31,23.88,65.68,2.900,0.019,0.01,1.00,0,0,0,0,0,0,23.88,-34.38,-3.97,0.4584,0.2100,0.3804,1,2.900,0,0.419,0,flip_corkscrew,flipSwan,1.000,1,0.413 -0.425 -0.234 -0.541 0.267 -0.112 -0.550 0.708 -0.517 0.736,-246.68,292.01,69.87,23.86,25.38,97.86,204,632,760,1136,-0.379,-0.353 -0.353 0.678 0.678,-1.0,0,0.000,0.000,0.4951,-0.00,corkscrew,0.733,141.2,360.0,137.9,Swan,Twist,129.6,129.6,-180.0,,0.988,-64.2,29.9,1.00,61.7,67.7
238,3.9667,air,trick,-244.409,294.063,71.456,0.000,29.256,4.263,29.565,29.256,70.565,0.00,0.00,0.00,0.00,0.000,0,corkscrew,0,0.00,0.00,0.00,-246.683,292.990,70.012,25.25,23.90,65.67,2.900,0.019,0.01,1.00,0,0,0,0,0,0,23.90,-34.38,-3.98,0.4696,0.2428,0.3841,1,2.900,0,0.419,0,flip_corkscrew,flipSwan,1.000,1,0.413 -0.425 -0.125 -0.594 0.472 -0.081 -0.526 0.723 -0.493 0.752,-246.68,292.50,69.94,23.88,25.31,97.85,200,636,772,1172,-0.379,-0.333 -0.333 0.700 0.700,-1.0,0,0.000,0.000,0.5164,-0.00,corkscrew,0.750,143.4,360.0,123.7,Swan,Twist,129.7,129.7,-180.0,,0.989,-64.3,29.9,1.00,61.7,67.7
239,3.9833,air,trick,-244.409,294.551,71.526,0.000,29.256,4.135,29.547,29.256,70.635,0.00,0.00,0.00,0.00,0.000,0,corkscrew,0,0.00,0.00,0.00,-246.684,293.480,70.080,25.20,23.92,65.66,2.900,0.019,0.01,1.00,0,0,0,0,0,0,23.92,-34.38,-4.00,0.4782,0.2800,0.3859,1,2.900,0,0.419,0,flip_corkscrew,flipSwan,1.000,1,0.412 -0.425 0.013 -0.628 0.637 -0.091 -0.497 0.740 -0.462 0.770,-246.68,292.99,70.01,23.90,25.25,97.85,196,644,784,1252,-0.379,-0.326 -0.326 0.726 0.726,-1.0,0,0.000,0.000,0.5409,-0.00,corkscrew,0.767,145.3,360.0,112.4,Swan,Twist,129.8,129.8,-180.0,,0.990,-64.4,29.9,1.00,61.7,67.7
240,4.0000,air,trick,-244.409,295.038,71.593,0.000,29.256,4.007,29.529,29.256,70.702,0.00,0.00,0.00,0.00,0.000,0,corkscrew,0,0.00,0.00,0.00,-246.685,293.970,70.147,25.15,23.94,65.66,2.900,0.018,0.01,1.00,0,0,0,0,0,0,23.94,-34.38,-4.02,0.4852,0.2937,0.3863,1,2.900,0,0.419,0,flip_corkscrew,flipSwan,1.000,1,0.409 -0.428 0.124 -0.647 0.737 -0.117 -0.460 0.758 -0.420 0.792,-246.68,293.48,70.08,23.92,25.20,97.84,192,648,800,1292,-0.383,-0.328 -0.328 0.756 0.756,-1.0,0,0.000,0.000,0.5550,-0.00,corkscrew,0.783,147.1,360.0,103.8,Swan,Twist,130.3,130.3,-180.0,,0.991,-64.4,29.9,1.00,61.7,67.7
241,4.0167,air,trick,-244.409,295.526,71.658,0.000,29.256,3.879,29.512,29.256,70.767,0.00,0.00,0.00,0.00,0.000,0,corkscrew,0,0.00,0.00,0.00,-246.685,294.459,70.212,25.11,23.95,65.65,2.900,0.018,0.01,1.00,0,0,0,0,0,0,23.95,-34.38,-4.03,0.4914,0.2925,0.3864,1,2.900,0,0.419,0,flip_corkscrew,flipSwan,1.000,1,0.403 -0.433 0.178 -0.659 0.776 -0.142 -0.416 0.774 -0.370 0.814,-246.68,293.97,70.15,23.94,25.15,97.83,188,652,816,1308,-0.390,-0.339 -0.339 0.787 0.787,-1.0,0,0.000,0.000,0.5629,-0.00,corkscrew,0.800,148.8,360.0,97.9,Swan,Twist,131.2,131.2,-180.0,,0.992,-64.5,29.9,1.00,61.7,67.7
242,4.0333,air,trick,-244.409,296.013,71.721,0.000,29.256,3.751,29.496,29.256,70.830,0.00,0.00,0.00,0.00,0.000,0,corkscrew,0,0.00,0.00,0.00,-246.686,294.948,70.275,25.07,23.97,65.65,2.900,0.017,0.01,1.00,0,0,0,0,0,0,23.97,-34.38,-4.05,0.4969,0.2830,0.3869,1,2.900,0,0.419,0,flip_corkscrew,flipSwan,1.000,1,0.393 -0.442 0.175 -0.672 0.771 -0.155 -0.368 0.787 -0.313 0.835,-246.69,294.46,70.21,23.95,25.11,97.83,184,656,836,1304,-0.402,-0.354 -0.354 0.817 0.817,-1.0,0,0.000,0.000,0.5673,-0.00,corkscrew,0.817,150.4,360.0,94.5,Swan,Swan,132.8,132.8,-180.0,,0.993,-64.5,29.9,1.00,61.7,67.7
243,4.0500,air,trick,-244.409,296.501,71.782,0.000,29.256,3.623,29.480,29.256,70.891,0.00,0.00,0.00,0.00,0.000,0,corkscrew,0,0.00,0.00,0.00,-246.686,295.437,70.335,25.04,23.98,65.64,2.900,0.017,0.01,1.00,0,0,0,0,0,0,23.98,-34.38,-4.07,0.5011,0.2724,0.3879,1,2.900,0,0.419,0,flip_corkscrew,flipSwan,1.000,1,0.383 -0.451 0.166 -0.683 0.761 -0.166 -0.315 0.796 -0.252 0.851,-246.69,294.95,70.27,23.97,25.07,97.82,180,660,852,1304,-0.414,-0.368 -0.368 0.842 0.842,-1.0,0,0.000,0.000,0.5715,-0.00,corkscrew,0.833,152.0,360.0,93.6,Swan,Swan,134.5,134.5,-180.0,,0.993,-64.6,29.9,1.00,61.7,67.7
244,4.0667,air,trick,-244.409,296.989,71.841,0.000,29.256,3.495,29.464,29.256,70.950,0.00,0.00,0.00,0.00,0.000,0,corkscrew,0,0.00,0.00,0.00,-246.687,295.926,70.394,25.01,23.99,65.63,2.900,0.017,0.01,1.00,0,0,0,0,0,0,23.99,-34.38,-4.08,0.5039,0.2617,0.3895,1,2.900,0,0.419,0,flip_corkscrew,flipSwan,1.000,1,0.372 -0.460 0.157 -0.695 0.751 -0.177 -0.262 0.800 -0.190 0.863,-246.69,295.44,70.34,23.98,25.04,97.81,180,660,872,1300,-0.426,-0.383 -0.383 0.863 0.863,-1.0,0,0.000,0.000,0.5756,-0.00,corkscrew,0.850,153.5,360.0,93.6,Swan,Swan,136.1,136.1,-180.0,,0.994,-64.6,29.9,1.00,61.7,67.7
245,4.0833,air,trick,-244.409,297.476,71.898,0.000,29.256,3.367,29.449,29.256,71.007,0.00,0.00,0.00,0.00,0.000,0,corkscrew,0,0.00,0.00,0.00,-246.687,296.415,70.450,24.99,24.00,65.62,2.900,0.016,0.01,1.00,0,0,0,0,0,0,24.00,-34.38,-4.10,0.5055,0.2516,0.3917,1,2.900,0,0.419,0,flip_corkscrew,flipSwan,1.000,1,0.361 -0.468 0.147 -0.706 0.741 -0.187 -0.209 0.799 -0.129 0.869,-246.69,295.93,70.39,23.99,25.01,97.80,184,664,888,1300,-0.438,-0.397 -0.397 0.878 0.878,-1.0,0,0.000,0.000,0.5793,-0.00,corkscrew,0.867,155.1,360.0,93.6,Swan,Swan,137.7,137.7,-180.0,,0.995,-64.6,29.9,1.00,61.7,67.7
246,4.1000,air,trick,-244.409,297.964,71.952,0.000,29.256,3.239,29.435,29.256,71.061,0.00,0.00,0.00,0.00,0.000,0,corkscrew,0,0.00,0.00,0.00,-246.687,296.903,70.505,24.96,24.01,65.62,2.900,0.016,0.01,1.00,0,0,0,0,0,0,24.01,-34.38,-4.12,0.5061,0.2425,0.3942,1,2.900,0,0.419,0,flip_corkscrew,flipSwan,1.000,1,0.350 -0.476 0.137 -0.716 0.730 -0.197 -0.162 0.796 -0.075 0.871,-246.69,296.41,70.45,24.00,24.99,97.80,184,668,904,1296,-0.449,-0.410 -0.410 0.888 0.888,-1.0,0,0.000,0.000,0.5825,-0.00,corkscrew,0.883,156.7,360.0,93.6,Swan,Swan,139.3,139.3,-180.0,,0.995,-64.7,29.9,1.00,61.7,67.7
247,4.1167,air,trick,-244.409,298.451,72.005,0.000,29.256,3.111,29.421,29.256,71.114,0.00,0.00,0.00,0.00,0.000,0,corkscrew,0,0.00,0.00,0.00,-246.688,297.392,70.557,24.94,24.02,65.61,2.900,0.016,0.01,1.00,0,0,0,0,0,0,24.02,-34.38,-4.13,0.5063,0.2347,0.3969,1,2.900,0,0.419,0,flip_corkscrew,flipSwan,1.000,1,0.338 -0.484 0.126 -0.726 0.719 -0.207 -0.122 0.790 -0.031 0.870,-246.69,296.90,70.50,24.01,24.96,97.79,188,672,912,1292,-0.459,-0.423 -0.423 0.893 0.893,-1.0,0,0.000,0.000,0.5849,-0.00,corkscrew,0.900,158.2,360.0,93.6,Swan,Swan,140.9,140.9,-180.0,,0.995,-64.7,30.0,1.00,61.7,67.7
248,4.1333,air,trick,-244.409,298.939,72.055,0.000,29.256,2.983,29.408,29.256,71.164,0.00,0.00,0.00,0.00,0.000,0,corkscrew,0,0.00,0.00,0.00,-246.688,297.880,70.607,24.93,24.03,65.60,2.900,0.015,0.01,1.00,0,0,0,0,0,0,24.03,-34.38,-4.15,0.5065,0.2305,0.3995,1,2.900,0,0.420,0,flip_corkscrew,flipSwan,1.000,1,0.326 -0.491 0.115 -0.736 0.708 -0.217 -0.093 0.786 -0.000 0.867,-246.69,297.39,70.56,24.02,24.94,97.78,188,676,916,1288,-0.470,-0.436 -0.436 0.895 0.895,-1.0,0,0.000,0.000,0.5854,-0.00,corkscrew,0.917,159.8,360.0,93.6,Swan,Swan,142.6,142.6,-180.0,,0.996,-64.7,30.0,1.00,61.7,67.7
249,4.1500,air,trick,-244.409,299.427,72.103,0.000,29.256,2.855,29.395,29.256,71.212,0.00,0.00,0.00,0.00,0.000,0,corkscrew,0,0.00,0.00,0.00,-246.688,298.368,70.655,24.91,24.04,65.59,2.900,0.015,0.01,1.00,0,0,0,0,0,0,24.04,-34.38,-4.17,0.5068,0.2274,0.4020,1,2.900,0,0.420,0,flip_corkscrew,flipSwan,1.000,1,0.314 -0.498 0.104 -0.745 0.696 -0.226 -0.070 0.782 0.023 0.864,-246.69,297.88,70.61,24.03,24.93,97.77,192,676,916,1288,-0.480,-0.449 -0.449 0.896 0.896,-1.0,0,0.000,0.000,0.5853,-0.00,corkscrew,0.933,161.3,360.0,93.6,Swan,Swan,144.2,144.2,-180.0,,0.996,-64.8,30.0,1.00,61.7,67.7
250,4.1667,air,trick,-244.409,299.914,72.149,0.000,29.256,2.727,29.383,29.256,71.258,0.00,0.00,0.00,0.00,0.000,0,corkscrew,0,0.00,0.00,0.00,-246.688,298.857,70.701,24.90,24.05,65.59,2.900,0.015,0.01,1.00,0,0,0,0,0,0,24.05,-34.38,-4.18,0.5069,0.2242,0.4044,1,2.900,0,0.420,0,flip_corkscrew,flipSwan,1.000,1,0.302 -0.504 0.092 -0.754 0.684 -0.234 -0.048 0.778 0.046 0.860,-246.69,298.37,70.65,24.04,24.91,97.76,192,680,920,1284,-0.489,-0.461 -0.461 0.897 0.897,-1.0,0,0.000,0.000,0.5852,-0.00,corkscrew,0.950,162.9,360.0,93.6,Swan,Swan,145.8,145.8,-180.0,,0.997,-64.8,30.0,1.00,61.7,67.7
251,4.1833,air,trick,-244.409,300.402,72.193,0.000,29.256,2.599,29.371,29.256,71.302,0.00,0.00,0.00,0.00,0.000,0,corkscrew,0,0.00,0.00,0.00,-246.688,299.345,70.744,24.89,24.05,65.58,2.900,0.014,0.01,1.00,0,0,0,0,0,0,24.05,-34.38,-4.20,0.5068,0.2209,0.4069,1,2.900,0,0.420,0,flip_corkscrew,flipSwan,1.000,1,0.289 -0.510 0.080 -0.763 0.672 -0.243 -0.025 0.773 0.069 0.856,-246.69,298.86,70.70,24.05,24.90,97.75,196,684,920,1280,-0.499,-0.473 -0.473 0.896 0.896,-1.0,0,0.000,0.000,0.5851,-0.00,corkscrew,0.967,164.5,360.0,93.6,Swan,Swan,147.4,147.4,-180.0,,0.997,-64.8,30.0,1.00,61.7,67.7
252,4.2000,air,trick,-244.409,300.889,72.234,0.000,29.256,2.471,29.360,29.256,71.343,0.00,0.00,0.00,0.00,0.000,0,corkscrew,0,0.00,0.00,0.00,-246.688,299.833,70.786,24.88,24.06,65.57,2.900,0.014,0.01,1.00,0,0,0,0,0,0,24.06,-34.38,-4.22,0.5065,0.2190,0.4094,1,2.900,0,0.420,0,flip_corkscrew,flipSwan,1.000,1,0.276 -0.516 0.068 -0.771 0.659 -0.251 -0.002 0.767 0.093 0.851,-246.69,299.34,70.74,24.05,24.89,97.75,196,684,920,1276,-0.507,-0.484 -0.484 0.895 0.895,-1.0,0,0.000,0.000,0.5842,-0.00,corkscrew,0.983,166.0,360.0,93.6,Swan,Swan,149.0,149.0,-180.0,,0.997,-64.8,30.0,1.00,61.7,67.7
253,4.2167,air,trick,-244.409,301.377,72.274,0.000,29.256,2.343,29.350,29.256,71.383,0.00,0.00,0.00,0.00,0.000,0,corkscrew,0,0.00,0.00,0.00,-246.688,300.321,70.825,24.87,24.07,65.56,2.900,0.014,0.01,1.00,0,0,0,0,0,0,24.07,-34.38,-4.23,0.5060,0.2171,0.4118,1,2.900,0,0.420,0,flip_corkscrew,flipSwan,1.000,1,0.263 -0.521 0.055 -0.779 0.647 -0.258 0.021 0.761 0.116 0.845,-246.69,299.83,70.79,24.06,24.88,97.74,200,688,920,1272,-0.516,-0.495 -0.495 0.893 0.893,-1.0,0,0.000,0.000,0.5832,-0.00,corkscrew,1.000,167.6,360.0,93.6,Swan,Swan,150.6,150.6,-180.0,,0.997,-64.8,30.0,1.00,61.7,67.7
254,4.2333,air,trick,-244.409,301.865,72.312,0.000,29.256,2.215,29.340,29.256,71.421,0.00,0.00,0.00,0.00,0.000,0,corkscrew,0,0.00,0.00,0.00,-246.689,300.809,70.863,24.86,24.07,65.56,2.900,0.013,0.01,1.00,0,0,0,0,0,0,24.07,-34.38,-4.25,0.5054,0.2151,0.4144,1,2.900,0,0.420,0,flip_corkscrew,flipSwan,1.000,1,0.250 -0.525 0.042 -0.786 0.634 -0.265 0.043 0.754 0.139 0.838,-246.69,300.32,70.83,24.07,24.87,97.73,204,692,924,1268,-0.524,-0.506 -0.506 0.891 0.891,-1.0,0,0.000,0.000,0.5821,-0.00,corkscrew,1.017,169.1,360.0,93.6,Swan,Swan,152.3,152.3,-180.0,,0.998,-64.9,30.0,1.00,61.7,67.7
255,4.2500,air,trick,-244.409,302.352,72.347,0.000,29.256,2.087,29.331,29.256,71.456,0.00,0.00,0.00,0.00,0.000,0,corkscrew,0,0.00,0.00,0.00,-246.689,301.296,70.898,24.85,24.08,65.55,2.900,0.013,0.00,1.00,0,0,0,0,0,0,24.08,-34.38,-4.27,0.5046,0.2130,0.4169,1,2.900,0,0.420,0,flip_corkscrew,flipSwan,1.000,1,0.236 -0.530 0.029 -0.793 0.620 -0.272 0.066 0.747 0.162 0.831,-246.69,300.81,70.86,24.07,24.86,97.72,208,692,924,1264,-0.531,-0.516 -0.516 0.888 0.888,-1.0,0,0.000,0.000,0.5810,-0.00,corkscrew,1.033,170.7,360.0,93.6,Swan,Swan,153.9,153.9,-180.0,,0.998,-64.9,30.0,1.00,61.7,67.7
256,4.2667,air,trick,-244.409,302.840,72.380,0.000,29.256,1.959,29.322,29.256,71.489,0.00,0.00,0.00,0.00,0.000,0,corkscrew,0,0.00,0.00,0.00,-246.689,301.784,70.931,24.85,24.08,65.54,2.900,0.013,0.00,1.00,0,0,0,0,0,0,24.08,-34.38,-4.28,0.5036,0.2116,0.4195,1,2.900,0,0.420,0,flip_corkscrew,flipSwan,1.000,1,0.223 -0.534 0.015 -0.799 0.607 -0.278 0.088 0.738 0.185 0.824,-246.69,301.30,70.90,24.08,24.85,97.71,208,696,924,1260,-0.539,-0.526 -0.526 0.884 0.884,-1.0,0,0.000,0.000,0.5794,-0.00,corkscrew,1.050,172.3,360.0,93.6,Swan,Swan,155.5,155.5,-180.0,,0.998,-64.9,30.0,1.00,61.7,67.7
257,4.2833,air,trick,-244.409,303.327,72.411,0.000,29.256,1.831,29.314,29.256,71.520,0.00,0.00,0.00,0.00,0.000,0,corkscrew,0,0.00,0.00,0.00,-246.689,302.272,70.962,24.85,24.09,65.53,2.900,0.013,0.00,1.00,0,0,0,0,0,0,24.09,-34.38,-4.30,0.5024,0.2112,0.4221,1,2.900,0,0.420,0,flip_corkscrew,flipSwan,1.000,1,0.209 -0.537 0.001 -0.805 0.593 -0.284 0.110 0.730 0.208 0.816,-246.69,301.78,70.93,24.08,24.85,97.70,212,696,924,1256,-0.545,-0.535 -0.535 0.879 0.879,-1.0,0,0.000,0.000,0.5773,-0.00,corkscrew,1.067,173.8,360.0,93.6,Swan,Swan,157.1,157.1,-180.0,,0.998,-64.9,30.0,1.00,61.7,67.7
258,4.3000,air,trick,-244.409,303.815,72.440,0.000,29.256,1.703,29.306,29.256,71.549,0.00,0.00,0.00,0.00,0.000,0,corkscrew,0,0.00,0.00,0.00,-246.689,302.760,70.991,24.84,24.09,65.52,2.900,0.012,0.00,1.00,0,0,0,0,0,0,24.09,-34.38,-4.32,0.5010,0.2107,0.4247,1,2.900,0,0.420,0,flip_corkscrew,flipSwan,1.000,1,0.195 -0.540 -0.013 -0.811 0.579 -0.289 0.133 0.720 0.231 0.807,-246.69,302.27,70.96,24.09,24.85,97.69,216,700,924,1248,-0.552,-0.544 -0.544 0.874 0.874,-1.0,0,0.000,0.000,0.5751,-0.00,corkscrew,1.083,175.4,360.0,93.6,Swan,Swan,158.7,158.7,-180.0,,0.998,-64.9,30.0,1.00,61.7,67.7
259,4.3167,air,trick,-244.409,304.303,72.467,0.000,29.256,1.575,29.299,29.256,71.576,0.00,0.00,0.00,0.00,0.000,0,corkscrew,0,0.00,0.00,0.00,-246.689,303.247,71.017,24.84,24.09,65.52,2.900,0.012,0.00,1.00,0,0,0,0,0,0,24.09,-34.38,-4.33,0.4994,0.2102,0.4273,1,2.900,0,0.420,0,flip_corkscrew,flipSwan,1.000,1,0.180 -0.543 -0.027 -0.816 0.565 -0.294 0.155 0.710 0.253 0.797,-246.69,302.76,70.99,24.09,24.84,97.69,220,700,924,1244,-0.557,-0.552 -0.552 0.868 0.868,-1.0,0,0.000,0.000,0.5728,-0.00,corkscrew,1.100,176.9,360.0,93.6,Swan,Swan,160.4,160.4,-180.0,,0.999,-64.9,30.0,1.00,61.7,67.7
260,4.3333,air,trick,-244.409,304.790,72.491,0.000,29.256,1.447,29.292,29.256,71.600,0.00,0.00,0.00,0.00,0.000,0,corkscrew,0,0.00,0.00,0.00,-246.689,303.735,71.042,24.84,24.10,65.51,2.900,0.012,0.00,1.00,0,0,0,0,0,0,24.10,-34.38,-4.35,0.4976,0.2096,0.4299,1,2.900,0,0.420,0,flip_corkscrew,flipSwan,1.000,1,0.166 -0.545 -0.041 -0.820 0.550 -0.299 0.176 0.700 0.276 0.787,-246.69,303.25,71.02,24.09,24.84,97.68,224,704,924,1240,-0.563,-0.560 -0.560 0.861 0.861,-1.0,0,0.000,0.000,0.5704,-0.00,corkscrew,1.117,178.5,360.0,93.6,Swan,Swan,162.0,162.0,-180.0,,0.999,-64.9,30.0,1.00,61.7,67.7
261,4.3500,air,trick,-244.409,305.278,72.514,0.000,29.256,1.319,29.286,29.256,71.623,0.00,0.00,0.00,0.00,0.000,0,corkscrew,0,0.00,0.00,0.00,-246.690,304.226,71.065,24.76,24.10,65.50,2.900,0.012,0.00,1.00,0,0,0,0,0,0,24.10,-34.38,-4.37,0.4956,0.2087,0.4324,1,2.900,0,0.420,0,flip_corkscrew,flipSwan,1.000,1,0.152 -0.547 -0.055 -0.825 0.535 -0.302 0.198 0.688 0.298 0.777,-246.69,303.74,71.04,24.10,24.84,97.67,228,704,920,1236,-0.568,-0.568 -0.568 0.854 0.854,-1.0,0,0.000,0.000,0.5681,-0.00,corkscrew,1.133,180.1,360.0,93.6,Swan,Swan,163.6,163.6,-180.0,,0.999,-65.0,30.0,1.00,61.7,67.7
262,4.3667,air,trick,-244.409,305.766,72.534,0.000,29.256,1.191,29.281,29.256,71.643,0.00,0.00,0.00,0.00,0.000,0,corkscrew,0,0.00,0.00,0.00,-246.694,304.723,71.085,24.52,24.10,65.49,2.900,0.012,0.00,1.00,0,0,0,0,0,0,24.10,-34.38,-4.38,0.4936,0.2071,0.4349,1,2.900,0,0.420,0,flip_corkscrew,flipSwan,1.000,1,0.137 -0.548 -0.067 -0.829 0.518 -0.305 0.221 0.677 0.320 0.766,-246.69,304.23,71.06,24.10,24.76,97.66,232,708,920,1228,-0.572,-0.575 -0.575 0.846 0.846,-1.0,0,0.000,0.000,0.5656,-0.00,corkscrew,1.150,181.6,360.0,93.6,Swan,Swan,165.2,165.2,-180.0,,0.999,-65.2,30.0,1.00,61.7,67.7
263,4.3833,air,trick,-244.409,306.253,72.553,0.000,29.256,1.063,29.276,29.256,71.662,0.00,0.00,0.00,0.00,0.000,0,corkscrew,0,0.00,0.00,0.00,-246.701,305.224,71.103,24.18,24.11,65.48,2.900,0.011,0.00,1.00,0,0,0,0,0,0,24.11,-34.38,-4.40,0.4916,0.2050,0.4372,1,2.900,0,0.420,0,flip_corkscrew,flipSwan,1.000,1,0.123 -0.549 -0.077 -0.832 0.500 -0.307 0.244 0.665 0.342 0.755,-246.69,304.72,71.08,24.10,24.52,97.65,236,708,916,1224,-0.576,-0.582 -0.582 0.837 0.837,-1.0,0,0.000,0.000,0.5631,-0.00,corkscrew,1.167,183.2,360.0,93.6,Swan,Swan,166.8,166.8,-180.0,,0.999,-65.6,30.0,1.00,61.7,67.7
264,4.4000,air,trick,-244.409,306.741,72.569,0.000,29.256,0.935,29.271,29.256,71.678,0.00,0.00,0.00,0.00,0.000,0,corkscrew,0,0.00,0.00,0.00,-246.708,305.730,71.119,23.74,24.11,65.48,2.900,0.011,0.00,1.00,0,0,0,0,0,0,24.11,-34.38,-4.42,0.4895,0.2025,0.4396,1,2.900,0,0.420,0,flip_corkscrew,flipSwan,1.000,1,0.108 -0.549 -0.087 -0.835 0.480 -0.308 0.267 0.653 0.364 0.744,-246.70,305.22,71.10,24.11,24.18,97.64,240,712,912,1216,-0.580,-0.588 -0.588 0.827 0.827,-1.0,0,0.000,0.000,0.5606,-0.00,corkscrew,1.183,184.7,360.0,93.6,Swan,Swan,168.5,168.5,-180.0,,0.999,-66.0,30.0,1.00,61.7,67.7
265,4.4167,air,trick,-244.409,307.228,72.583,0.000,29.256,0.807,29.267,29.256,71.692,0.00,0.00,0.00,0.00,0.000,0,corkscrew,0,0.00,0.00,0.00,-246.717,306.237,71.133,23.24,24.11,65.47,2.900,0.011,0.00,1.00,0,0,0,0,0,0,24.11,-34.38,-4.43,0.4873,0.1995,0.4418,1,2.900,0,0.420,0,flip_corkscrew,flipSwan,1.000,1,0.094 -0.549 -0.096 -0.838 0.460 -0.309 0.290 0.641 0.386 0.732,-246.71,305.73,71.12,24.11,23.74,97.64,244,712,908,1208,-0.583,-0.593 -0.593 0.817 0.817,-1.0,0,0.000,0.000,0.5579,-0.00,corkscrew,1.200,186.3,360.0,93.6,Swan,Swan,170.1,170.1,-180.0,,0.999,-66.6,30.0,1.00,61.7,67.7
266,4.4333,air,trick,-244.409,307.716,72.595,0.000,29.256,0.679,29.264,29.256,71.704,0.00,0.00,0.00,0.00,0.000,0,corkscrew,0,0.00,0.00,0.00,-246.727,306.747,71.145,22.69,24.11,65.46,2.900,0.011,0.00,1.00,0,0,0,0,0,0,24.11,-34.38,-4.45,0.4850,0.1962,0.4439,1,2.900,0,0.420,0,flip_corkscrew,flipSwan,1.000,1,0.079 -0.548 -0.105 -0.841 0.439 -0.309 0.313 0.628 0.408 0.721,-246.72,306.24,71.13,24.11,23.24,97.63,244,712,908,1200,-0.586,-0.599 -0.599 0.807 0.807,-1.0,0,0.000,0.000,0.5551,-0.00,corkscrew,1.217,187.9,360.0,93.6,Swan,Swan,171.7,171.7,-180.0,,0.999,-67.1,30.0,1.00,61.7,67.7
267,4.4500,air,trick,-244.409,308.204,72.604,0.000,29.256,0.551,29.261,29.256,71.713,0.00,0.00,0.00,0.00,0.000,0,corkscrew,0,0.00,0.00,0.00,-246.736,307.258,71.155,22.11,24.12,65.45,2.900,0.011,0.00,1.00,0,0,0,0,0,0,24.12,-34.38,-4.47,0.4827,0.1925,0.4460,1,2.900,0,0.420,0,flip_corkscrew,flipSwan,1.000,1,0.064 -0.547 -0.113 -0.843 0.417 -0.309 0.337 0.616 0.429 0.709,-246.73,306.75,71.14,24.11,22.69,97.62,248,716,904,1192,-0.588,-0.603 -0.603 0.795 0.795,-1.0,0,0.000,0.000,0.5522,-0.00,corkscrew,1.233,189.4,360.0,93.6,Swan,Swan,173.3,173.3,-180.0,,0.999,-67.7,30.0,1.00,61.7,67.7
268,4.4667,air,trick,-244.409,308.691,72.612,0.000,29.256,0.423,29.259,29.256,71.721,0.00,0.00,0.00,0.00,0.000,0,corkscrew,0,0.00,0.00,0.00,-246.746,307.770,71.162,21.51,24.12,65.45,2.900,0.011,0.00,1.00,0,0,0,0,0,0,24.12,-34.38,-4.48,0.4791,0.1875,0.4475,1,2.900,0,0.420,0,flip_corkscrew,flipSwan,1.000,1,0.041 -0.545 -0.141 -0.841 0.378 -0.303 0.360 0.602 0.451 0.697,-246.74,307.26,71.15,24.12,22.11,97.61,252,716,896,1176,-0.590,-0.606 -0.606 0.783 0.783,-1.0,0,0.000,0.000,0.5459,-0.00,corkscrew,1.250,191.0,360.0,93.6,Swan,Swan,175.7,175.7,-180.0,,0.999,-68.3,30.0,1.00,61.7,67.7
269,4.4833,air,trick,-244.409,309.179,72.617,0.000,29.256,0.295,29.258,29.256,71.726,0.00,0.00,0.00,0.00,0.000,0,corkscrew,0,0.00,0.00,0.00,-246.756,308.283,71.168,20.90,24.12,65.44,2.900,0.011,0.00,1.00,0,0,0,0,0,0,24.12,-34.38,-4.50,0.4699,0.1779,0.4462,1,2.900,0,0.420,0,flip_corkscrew,flipSwan,1.000,1,-0.003 -0.541 -0.221 -0.823 0.291 -0.274 0.383 0.589 0.472 0.684,-246.75,307.77,71.16,24.12,21.51,97.60,256,708,876,1136,-0.593,-0.595 -0.595 0.770 0.770,-1.0,0,0.000,0.000,0.5299,-0.00,corkscrew,1.267,192.5,360.0,94.0,Swan,Swan,179.7,-179.7,-180.0,,0.999,-68.9,30.0,1.00,61.7,67.7
270,4.5000,air,trick,-244.409,309.666,72.621,0.000,29.256,0.167,29.257,29.256,71.730,0.00,0.00,0.00,0.00,0.000,0,corkscrew,0,0.00,0.00,0.00,-246.765,308.795,71.171,20.29,24.12,65.43,2.900,0.010,0.00,1.00,0,0,0,0,0,0,24.12,-34.38,-4.52,0.4514,0.1708,0.4403,1,2.900,0,0.420,0,flip_corkscrew,flipSwan,1.000,1,-0.064 -0.528 -0.340 -0.772 0.162 -0.216 0.407 0.575 0.493 0.671,-246.76,308.28,71.17,24.12,20.90,97.60,260,692,844,1108,-0.589,-0.556 -0.556 0.757 0.757,-1.0,0,0.000,0.000,0.5096,-0.00,corkscrew,1.283,194.1,360.0,98.0,Swan,Swan,173.4,-173.4,-180.0,,1.000,-69.5,30.0,1.00,61.7,67.7
271,4.5167,air,trick,-244.409,310.154,72.622,0.000,29.256,0.039,29.256,29.256,71.731,0.00,0.00,0.00,0.00,0.000,0,corkscrew,0,0.00,0.00,0.00,-246.774,309.308,71.172,19.69,24.12,65.43,2.900,0.010,0.00,1.00,0,0,0,0,0,0,24.12,-34.38,-4.53,0.4186,0.1944,0.4277,1,2.900,0,0.420,0,flip_corkscrew,flipSwan,1.000,1,-0.137 -0.504 -0.474 -0.672 0.006 -0.124 0.431 0.560 0.515 0.656,-246.77,308.80,71.17,24.12,20.29,97.59,264,680,808,1112,-0.574,-0.474 -0.474 0.742 0.742,-1.0,0,0.000,0.000,0.5014,-0.00,corkscrew,1.300,195.8,360.0,106.5,Swan,Swan,165.7,-165.7,-180.0,,1.000,-70.1,30.0,1.00,61.7,67.7
272,4.5333,air,trick,-244.409,310.642,72.621,0.000,29.256,-0.089,29.256,29.256,71.730,0.00,0.00,0.00,0.00,0.000,0,corkscrew,0,0.00,0.00,0.00,-246.783,309.820,71.171,19.10,24.12,65.42,2.900,0.010,0.00,1.00,0,0,0,0,0,0,24.12,-34.38,-4.55,0.3810,0.2143,0.4132,1,2.900,0,0.420,0,flip_corkscrew,flipTuck,1.000,1,-0.216 -0.466 -0.586 -0.521 -0.151 -0.006 0.457 0.542 0.540 0.639,-246.77,309.31,71.17,24.12,19.69,97.58,268,664,772,1120,-0.545,-0.346 -0.346 0.724 0.724,-1.0,0,0.000,0.000,0.4952,-0.00,corkscrew,1.317,197.7,360.0,120.7,Tuck,Swan,157.2,-157.2,-180.0,,1.000,-70.7,30.0,1.00,61.7,67.7
273,4.5500,air,trick,-244.409,311.129,72.618,0.000,29.256,-0.217,29.257,29.256,71.727,0.00,0.00,0.00,0.00,0.000,0,corkscrew,0,0.00,0.00,0.00,-246.791,310.331,71.168,18.52,24.13,65.41,2.900,0.010,0.00,1.00,0,0,0,0,0,0,24.13,-34.38,-4.57,0.3561,0.2259,0.4060,1,2.900,0,0.420,0,flip_corkscrew,flipTuck,1.000,1,-0.293 -0.415 -0.650 -0.340 -0.275 0.117 0.487 0.521 0.567 0.618,-246.78,309.82,71.17,24.12,19.10,97.57,272,644,760,1128,-0.499,-0.192 -0.192 0.703 0.703,-1.0,0,0.000,0.000,0.4938,-0.00,corkscrew,1.333,199.9,360.0,142.9,Tuck,Swan,148.2,-148.2,-180.0,,1.000,-71.3,30.0,1.00,61.7,67.7
274,4.5667,air,trick,-244.409,311.617,72.613,0.000,29.256,-0.345,29.258,29.256,71.722,0.00,0.00,0.00,0.00,0.000,0,corkscrew,0,0.00,0.00,0.00,-246.798,310.842,71.163,17.97,24.13,65.41,2.900,0.010,0.00,1.00,0,0,0,0,0,0,24.13,-34.38,-4.58,0.3511,0.2281,0.3899,1,2.900,0,0.420,0,flip_corkscrew,flipTuck,1.000,1,-0.362 -0.353 -0.655 -0.164 -0.349 0.222 0.520 0.494 0.598 0.593,-246.79,310.33,71.17,24.13,18.52,97.57,276,616,764,1136,-0.440,-0.041 -0.041 0.677 0.677,-1.0,0,0.000,0.000,0.4977,-0.00,corkscrew,1.350,202.6,360.0,177.1,Tuck,Swan,139.1,-139.1,-180.0,,1.000,-71.9,30.0,1.00,61.7,67.7
275,4.5833,air,trick,-244.409,312.104,72.605,0.000,29.256,-0.473,29.260,29.256,71.714,0.00,0.00,0.00,0.00,0.000,0,corkscrew,0,0.00,0.00,0.00,-246.805,311.352,71.155,17.43,24.13,65.40,2.900,0.010,0.00,1.00,0,0,0,0,0,0,24.13,-34.38,-4.60,0.3421,0.2236,0.3806,1,2.900,0,0.420,0,flip_corkscrew,flipTuck,1.000,1,-0.420 -0.285 -0.620 -0.020 -0.374 0.300 0.533 0.477 0.614 0.582,-246.80,310.84,71.16,24.13,17.97,97.56,276,588,756,1140,-0.372,0.084 0.084 0.661 0.661,-1.0,0,0.000,0.000,0.5036,-0.00,corkscrew,1.367,205.9,360.0,231.4,Tuck,Swan,130.2,-130.2,-180.0,,1.000,-72.4,30.0,1.00,61.7,67.7
276,4.6000,air,trick,-244.409,312.592,72.596,0.000,29.256,-0.601,29.262,29.256,71.705,0.00,0.00,0.00,0.00,0.000,0,corkscrew,0,0.00,0.00,0.00,-246.812,311.861,71.146,16.92,24.13,65.40,2.900,0.010,0.00,1.00,0,0,0,0,0,0,24.13,-34.38,-4.62,0.3279,0.2262,0.3734,1,2.900,0,0.420,0,flip_corkscrew,flipTuck,1.000,1,-0.466 -0.214 -0.568 0.086 -0.366 0.357 0.520 0.468 0.610 0.589,-246.81,311.35,71.16,24.13,17.43,97.55,272,568,744,1140,-0.298,0.179 0.179 0.656 0.656,-1.0,0,0.000,0.000,0.5036,-0.00,corkscrew,1.383,210.4,360.0,319.1,Tuck,Swan,121.5,-121.5,-180.0,,1.000,-72.9,30.0,1.00,61.7,67.7
277,4.6167,air,trick,-244.409,313.080,72.584,0.000,29.256,-0.729,29.265,29.256,71.693,0.00,0.00,0.00,0.00,0.000,0,corkscrew,0,0.00,0.00,0.00,-246.818,312.369,71.134,16.44,24.13,65.39,2.900,0.010,0.00,1.00,0,0,0,0,0,0,24.13,-34.38,-4.63,0.3150,0.2243,0.3646,1,2.900,0,0.420,0,flip_corkscrew,flipTuck,1.000,1,-0.503 -0.141 -0.517 0.160 -0.339 0.406 0.480 0.455 0.582 0.597,-246.81,311.86,71.15,24.13,16.92,97.55,264,556,732,1132,-0.221,0.254 0.254 0.647 0.647,-1.0,0,0.000,0.000,0.5035,-0.00,corkscrew,1.400,216.8,360.0,457.2,Tuck,Swan,112.8,-112.8,-180.0,,1.000,-73.4,30.0,1.00,61.7,67.7
278,4.6333,air,trick,-244.409,313.567,72.570,0.000,29.256,-0.857,29.269,29.256,71.679,0.00,0.00,0.00,0.00,0.000,0,corkscrew,0,0.00,0.00,0.00,-246.824,312.876,71.120,15.98,24.13,65.38,2.900,0.010,0.00,1.00,0,0,0,0,0,0,24.13,-34.38,-4.65,0.3061,0.2216,0.3515,1,2.900,0,0.420,0,flip_corkscrew,flipTuck,1.000,1,-0.531 -0.059 -0.469 0.216 -0.297 0.462 0.417 0.418 0.532 0.582,-246.82,312.37,71.13,24.13,16.44,97.54,260,544,724,1120,-0.133,0.322 0.322 0.609 0.609,-1.0,0,0.000,0.000,0.5011,-0.00,corkscrew,1.417,225.9,360.0,630.5,Tuck,Tuck,103.5,-103.5,-180.0,,1.000,-73.9,30.0,1.00,61.7,67.7
279,4.6500,air,trick,-244.409,314.055,72.554,0.000,29.256,-0.985,29.273,29.256,71.663,0.00,0.00,0.00,0.00,0.000,0,corkscrew,0,0.00,0.00,0.00,-246.829,313.382,71.105,15.54,24.13,65.38,2.900,0.010,0.00,1.00,0,0,0,0,0,0,24.13,-34.38,-4.67,0.2914,0.2154,0.3367,1,2.900,0,0.420,0,flip_corkscrew,flipTuck,1.000,1,-0.547 0.044 -0.399 0.272 -0.230 0.520 0.340 0.351 0.459 0.526,-246.82,312.88,71.12,24.13,15.98,97.53,260,524,720,1104,-0.020,0.395 0.395 0.530 0.530,-1.0,0,0.000,0.000,0.4969,-0.00,corkscrew,1.433,237.3,360.0,702.1,Tuck,Tuck,92.1,-92.1,180.0,,1.000,-74.3,30.0,1.00,61.7,67.7
280,4.6667,air,trick,-244.409,314.542,72.536,0.000,29.256,-1.113,29.277,29.256,71.645,0.00,0.00,0.00,0.00,0.000,0,corkscrew,0,0.00,0.00,0.00,-246.834,313.887,71.087,15.13,24.13,65.37,2.900,0.010,0.00,1.00,0,0,0,0,0,0,24.13,-34.38,-4.68,0.2813,0.2017,0.3289,1,2.900,0,0.420,0,flip_corkscrew,flipTuck,1.000,1,-0.541 0.147 -0.314 0.313 -0.148 0.563 0.259 0.268 0.372 0.438,-246.83,313.38,71.10,24.13,15.54,97.53,252,500,720,1092,0.096,0.452 0.452 0.425 0.425,-1.0,0,0.000,0.000,0.4929,-0.00,corkscrew,1.450,249.0,360.0,702.1,Tuck,Tuck,80.3,-80.3,0.0,,1.000,-74.7,30.0,1.00,61.7,67.7
281,4.6833,air,trick,-244.409,315.030,72.516,0.000,29.256,-1.241,29.283,29.256,71.625,0.00,0.00,0.00,0.00,0.000,0,corkscrew,0,0.00,0.00,0.00,-246.838,314.391,71.066,14.74,24.14,65.37,2.900,0.010,0.00,1.00,0,0,0,0,0,0,24.14,-34.38,-4.70,0.2783,0.1847,0.3294,1,2.900,0,0.420,0,flip_corkscrew,flipTuck,1.000,1,-0.512 0.245 -0.218 0.337 -0.056 0.589 0.198 0.182 0.298 0.337,-246.83,313.89,71.09,24.13,15.13,97.52,248,500,732,1080,0.208,0.491 0.491 0.314 0.314,-1.0,0,0.000,0.000,0.4909,-0.00,corkscrew,1.467,260.7,360.0,702.1,Tuck,Tuck,68.5,-68.5,0.0,,1.000,-75.1,30.0,1.00,61.7,67.7
282,4.7000,air,trick,-244.409,315.518,72.494,0.000,29.256,-1.369,29.288,29.256,71.603,0.00,0.00,0.00,0.00,0.000,0,corkscrew,0,0.00,0.00,0.00,-246.842,314.894,71.044,14.38,24.14,65.37,2.900,0.010,0.00,1.00,0,0,0,0,0,0,24.14,-34.38,-4.72,0.2718,0.1668,0.3317,1,2.900,0,0.420,0,flip_corkscrew,flipTuck,1.000,1,-0.461 0.333 -0.117 0.342 0.042 0.596 0.161 0.108 0.248 0.247,-246.84,314.39,71.07,24.14,14.74,97.52,252,500,752,1072,0.311,0.510 0.510 0.218 0.218,-1.0,0,0.000,0.000,0.4917,-0.00,corkscrew,1.483,272.4,360.0,702.1,Tuck,Tuck,56.8,-56.8,0.0,,1.000,-75.5,30.0,1.00,61.7,67.7
283,4.7167,air,trick,-244.409,316.005,72.470,0.000,29.256,-1.497,29.295,29.256,71.579,0.00,0.00,0.00,0.00,0.000,0,corkscrew,0,0.00,0.00,0.00,-246.846,315.396,71.020,14.04,24.14,65.36,2.900,0.010,0.00,1.00,0,0,0,0,0,0,24.14,-34.38,-4.73,0.2704,0.1490,0.3333,1,2.900,0,0.420,0,flip_corkscrew,flipTuck,1.000,1,-0.390 0.407 -0.015 0.328 0.141 0.584 0.145 0.052 0.223 0.180,-246.84,314.89,71.04,24.14,14.38,97.51,252,500,776,1068,0.402,0.507 0.507 0.148 0.148,-1.0,0,0.000,0.000,0.4952,-0.00,corkscrew,1.500,284.1,360.0,702.1,Tuck,Tuck,45.0,-45.0,0.0,,1.000,-75.8,30.0,1.00,61.7,67.7
284,4.7333,air,trick,-244.409,316.493,72.443,0.000,29.256,-1.625,29.301,29.256,71.552,0.00,0.00,0.00,0.00,0.000,0,corkscrew,0,0.00,0.00,0.00,-246.849,315.897,70.993,13.72,24.14,65.36,2.900,0.010,0.00,1.00,1,0,0,0,0,0,24.14,-34.38,-4.75,0.2847,0.1439,0.3391,1,2.900,0,0.420,0,flip_corkscrew,flipTuck,1.000,1,-0.303 0.464 0.086 0.296 0.239 0.552 0.152 0.011 0.226 0.135,-246.85,315.40,71.02,24.14,14.04,97.51,248,500,808,1068,0.475,0.483 0.483 0.101 0.101,-1.0,0,0.000,0.000,0.5070,-0.00,corkscrew,1.517,295.8,360.0,702.1,Tuck,Tuck,33.3,-33.3,0.0,,1.000,-76.2,30.0,1.00,61.7,67.7
285,4.7500,air,trick,-244.409,316.980,72.414,0.000,29.256,-1.753,29.309,29.256,71.523,0.00,0.00,0.00,0.00,0.000,0,corkscrew,0,0.00,0.00,0.00,-246.852,316.397,70.964,13.43,24.14,65.35,2.900,0.010,0.00,1.00,1,0,0,0,0,0,24.14,-34.38,-4.77,0.2957,0.1459,0.3458,1,2.900,0,0.420,0,flip_corkscrew,flipTuck,1.000,1,-0.210 0.501 0.170 0.248 0.325 0.527 0.168 -0.029 0.241 0.096,-246.85,315.90,70.99,24.14,13.72,97.50,244,500,836,1072,0.527,0.446 0.459 0.059 0.059,-1.0,0,0.000,0.000,0.5202,-0.00,corkscrew,1.533,307.5,360.0,702.1,Tuck,Tuck,22.3,-22.3,0.0,,1.000,-76.5,30.0,1.00,61.7,67.7
286,4.7667,air,trick,-244.409,317.468,72.384,0.000,29.256,-1.881,29.317,29.256,71.493,0.00,0.00,0.00,0.00,0.000,0,corkscrew,0,0.00,0.00,0.00,-246.855,316.897,70.934,13.15,24.14,65.35,2.900,0.010,0.00,1.00,1,0,0,0,0,0,24.14,-34.38,-4.78,0.3067,0.1492,0.3519,1,2.900,0,0.420,0,flip_corkscrew,flipTuck,1.000,1,-0.125 0.521 0.230 0.193 0.401 0.531 0.176 -0.070 0.248 0.057,-246.85,316.40,70.96,24.14,13.43,97.50,240,512,860,1096,0.558,0.408 0.458 0.015 0.015,-1.0,0,0.000,0.000,0.5322,-0.00,corkscrew,1.550,319.1,360.0,662.5,Tuck,Tuck,13.0,-13.0,0.0,,1.000,-76.7,30.0,1.00,61.7,67.7
287,4.7833,air,trick,-244.409,317.956,72.351,0.000,29.256,-2.009,29.325,29.256,71.460,0.00,0.00,0.00,0.00,0.000,0,corkscrew,0,0.00,0.00,0.00,-246.857,317.395,70.901,12.89,24.14,65.35,2.900,0.010,0.00,1.00,1,0,0,0,0,0,24.14,-34.38,-4.80,0.3175,0.1524,0.3556,1,2.900,0,0.420,0,flip_corkscrew,flipTuck,1.000,1,-0.063 0.529 0.255 0.147 0.458 0.571 0.176 -0.104 0.248 0.023,-246.85,316.90,70.93,24.14,13.15,97.50,236,524,876,1120,0.573,0.385 0.492 -0.022 -0.022,-1.0,0,0.000,0.000,0.5417,-0.00,corkscrew,1.567,328.8,360.0,502.8,Tuck,Tuck,6.5,-6.5,0.0,,1.000,-77.0,30.0,1.00,61.7,67.7
288,4.8000,air,trick,-244.409,318.443,72.316,0.000,29.256,-2.137,29.334,29.256,71.425,0.00,0.00,0.00,0.00,0.000,0,corkscrew,0,0.00,0.00,0.00,-246.860,317.893,70.866,12.66,24.14,65.34,2.900,0.010,0.00,1.00,1,0,0,0,0,0,24.14,-34.38,-4.82,0.3471,0.1522,0.3468,1,2.900,0,0.420,0,flip_corkscrew,flipTuck,1.000,1,-0.033 0.533 0.244 0.122 0.480 0.650 0.172 -0.128 0.243 -0.000,-246.86,317.40,70.90,24.14,12.89,97.49,220,536,892,1132,0.580,0.387 0.569 -0.049 -0.049,-1.0,0,0.000,0.000,0.5460,-0.00,corkscrew,1.583,335.9,360.0,356.3,Tuck,Tuck,3.4,-3.4,0.0,,1.000,-77.2,30.0,1.00,61.7,67.7
289,4.8167,air,trick,-244.409,318.931,72.278,0.000,29.256,-2.265,29.344,29.256,71.387,0.00,0.00,0.00,0.00,0.000,0,corkscrew,0,0.00,0.00,0.00,-246.862,318.390,70.828,12.44,24.14,65.34,2.900,0.010,0.00,1.00,1,0,0,0,0,0,24.14,-34.38,-4.83,0.3862,0.1451,0.3312,1,2.900,0,0.420,0,flip_corkscrew,flipReach,1.000,1,-0.027 0.536 0.202 0.119 0.462 0.752 0.168 -0.145 0.237 -0.016,-246.86,317.89,70.87,24.14,12.66,97.49,184,544,900,1124,0.585,0.410 0.673 -0.068 -0.068,-1.0,0,0.000,0.000,0.5444,-0.00,corkscrew,1.600,341.0,360.0,258.6,Reach,Tuck,2.7,-2.7,0.0,,1.000,-77.5,30.0,1.00,61.7,67.7
290,4.8333,air,trick,-244.409,319.418,72.239,0.000,29.256,-2.393,29.354,29.256,71.348,0.00,0.00,0.00,0.00,0.000,0,corkscrew,0,0.00,0.00,0.00,-246.864,318.886,70.789,12.23,24.14,65.34,2.900,0.010,0.00,1.00,1,0,0,0,0,0,24.14,-34.38,-4.85,0.4183,0.1308,0.3179,1,2.900,0,0.420,0,flip_corkscrew,flipReach,1.000,1,-0.033 0.539 0.140 0.130 0.407 0.850 0.163 -0.157 0.232 -0.027,-246.86,318.39,70.83,24.14,12.44,97.49,156,548,904,1104,0.588,0.443 0.780 -0.082 -0.082,-1.0,0,0.000,0.000,0.5377,-0.00,corkscrew,1.617,344.7,360.0,197.2,Reach,Tuck,3.3,-3.3,0.0,,1.000,-77.7,30.0,1.00,61.7,67.7
291,4.8500,air,trick,-244.409,319.906,72.198,0.000,29.256,-2.521,29.365,29.256,71.307,0.00,0.00,0.00,0.00,0.000,0,corkscrew,0,0.00,0.00,0.00,-246.865,319.382,70.748,12.04,24.14,65.34,2.900,0.010,0.00,1.00,1,0,0,0,0,0,24.14,-34.38,-4.87,0.4390,0.1135,0.3101,1,2.900,0,0.420,0,flip_corkscrew,flipReach,1.000,1,-0.045 0.542 0.071 0.148 0.330 0.925 0.162 -0.169 0.230 -0.037,-246.86,318.89,70.79,24.14,12.23,97.48,140,552,904,1076,0.589,0.475 0.867 -0.094 -0.094,-1.0,0,0.000,0.000,0.5288,-0.00,corkscrew,1.633,347.7,360.0,156.7,Reach,Tuck,4.5,-4.5,0.0,,1.000,-77.9,30.0,1.00,61.7,67.7
292,4.8667,air,trick,-244.409,320.394,72.154,0.000,29.256,-2.649,29.376,29.256,71.263,0.00,0.00,0.00,0.00,0.000,0,corkscrew,0,0.00,0.00,0.00,-246.867,319.877,70.704,11.87,24.14,65.33,2.900,0.010,0.00,1.00,1,0,0,0,0,0,24.14,-34.38,-4.88,0.4537,0.0991,0.3106,1,2.900,0,0.420,0,flip_corkscrew,flipReach,1.000,1,-0.056 0.543 0.010 0.166 0.254 0.969 0.180 -0.201 0.252 -0.062,-246.87,319.38,70.75,24.14,12.04,97.48,132,560,904,1060,0.590,0.501 0.925 -0.124 -0.124,-1.0,0,0.000,0.000,0.5213,-0.00,corkscrew,1.650,350.0,360.0,126.9,Reach,Tuck,5.5,-5.5,0.0,,1.000,-78.0,30.0,1.00,61.7,67.7
293,4.8833,air,trick,-244.409,320.881,72.108,0.000,29.256,-2.777,29.388,29.256,71.217,0.00,0.00,0.00,0.00,0.000,0,corkscrew,0,0.00,0.00,0.00,-246.868,320.372,70.658,11.71,24.14,65.33,2.900,0.010,0.00,1.00,1,0,0,0,0,0,24.14,-34.38,-4.90,0.4688,0.1049,0.3183,1,2.900,0,0.420,0,flip_corkscrew,flipReach,1.000,1,-0.061 0.543 -0.031 0.179 0.202 0.988 0.215 -0.261 0.292 -0.109,-246.87,319.88,70.70,24.14,11.87,97.48,132,576,908,1076,0.590,0.517 0.956 -0.179 -0.179,-1.0,0,0.000,0.000,0.5243,-0.00,corkscrew,1.667,351.9,360.0,104.6,Reach,Tuck,6.0,-6.0,0.0,,1.000,-78.2,30.0,1.00,61.7,67.7
294,4.9000,air,trick,-244.409,321.369,72.060,0.000,29.256,-2.905,29.400,29.256,71.169,0.00,0.00,0.00,0.00,0.000,0,corkscrew,0,0.00,0.00,0.00,-246.870,320.866,70.610,11.56,24.14,65.33,2.900,0.010,0.00,1.00,1,0,0,0,0,0,24.14,-34.38,-4.92,0.4898,0.1131,0.3307,1,2.900,0,0.420,0,flip_corkscrew,flipReach,1.000,1,-0.055 0.544 -0.042 0.183 0.190 0.992 0.253 -0.350 0.336 -0.185,-246.87,320.37,70.66,24.14,11.71,97.48,136,604,908,1096,0.591,0.522 0.965 -0.266 -0.266,-1.0,0,0.000,0.000,0.5294,-0.00,corkscrew,1.683,353.5,360.0,87.5,Reach,Tuck,5.5,-5.5,0.0,,1.000,-78.4,30.0,1.00,61.7,67.7
295,4.9167,air,trick,-244.409,321.856,72.010,0.000,29.256,-3.033,29.413,29.256,71.119,0.00,0.00,0.00,0.00,0.000,0,corkscrew,0,0.00,0.00,0.00,-246.871,321.359,70.560,11.42,24.14,65.33,2.900,0.010,0.00,1.00,1,0,0,0,0,0,24.14,-34.38,-4.93,0.5181,0.1182,0.3463,1,2.900,0,0.420,0,flip_corkscrew,flipReach,1.000,1,-0.041 0.544 -0.029 0.180 0.212 0.988 0.278 -0.461 0.364 -0.287,-246.87,320.87,70.61,24.14,11.56,97.48,136,636,912,1108,0.592,0.520 0.961 -0.381 -0.381,-1.0,0,0.000,0.000,0.5336,-0.00,corkscrew,1.700,354.9,360.0,74.4,Reach,Reach,4.1,-4.1,0.0,,1.000,-78.5,30.0,1.00,61.7,67.7
296,4.9333,air,trick,-244.409,322.344,71.958,0.000,29.256,-3.161,29.427,29.256,71.067,0.00,0.00,0.00,0.00,0.000,0,corkscrew,0,0.00,0.00,0.00,-246.872,321.852,70.508,11.30,24.14,65.33,2.900,0.010,0.00,1.00,1,0,0,0,0,0,24.14,-34.38,-4.95,0.5496,0.1184,0.3633,1,2.900,0,0.420,0,flip_corkscrew,flipReach,1.000,1,-0.029 0.543 -0.018 0.176 0.231 0.984 0.275 -0.579 0.361 -0.403,-246.87,321.36,70.56,24.14,11.42,97.47,140,672,916,1112,0.593,0.517 0.958 -0.509 -0.509,-1.0,0,0.000,0.000,0.5352,-0.00,corkscrew,1.717,356.0,360.0,64.2,Reach,Reach,2.9,-2.9,0.0,,1.000,-78.6,30.0,1.00,61.7,67.7
297,4.9500,air,trick,-244.409,322.832,71.904,0.000,29.256,-3.289,29.441,29.256,71.013,0.00,0.00,0.00,0.00,0.000,0,corkscrew,0,0.00,0.00,0.00,-246.873,322.345,70.454,11.18,24.14,65.33,2.900,0.010,0.00,1.00,1,0,0,0,0,0,24.14,-34.38,-4.97,0.5789,0.1130,0.3791,1,2.900,0,0.420,0,flip_corkscrew,flipReach,1.000,1,-0.019 0.543 -0.007 0.173 0.248 0.980 0.242 -0.681 0.324 -0.512,-246.87,321.85,70.51,24.14,11.30,97.47,140,704,916,1104,0.593,0.515 0.954 -0.628 -0.628,-1.0,0,0.000,0.000,0.5337,-0.00,corkscrew,1.733,357.0,360.0,54.2,Reach,Reach,1.8,-1.8,0.0,,1.000,-78.7,30.0,1.00,61.7,67.7
298,4.9667,air,trick,-244.409,323.319,71.847,0.000,29.256,-3.417,29.455,29.256,70.956,0.00,0.00,0.00,0.00,0.000,0,corkscrew,0,0.00,0.00,0.00,-246.874,322.837,70.397,11.08,24.14,65.33,2.900,0.010,0.00,1.00,1,0,0,0,0,0,24.14,-34.38,-4.98,0.6015,0.1038,0.3912,1,2.900,0,0.420,0,flip_corkscrew,flipReach,1.000,1,-0.010 0.542 0.001 0.170 0.262 0.976 0.191 -0.753 0.265 -0.597,-246.87,322.34,70.45,24.14,11.18,97.47,140,732,916,1092,0.593,0.512 0.950 -0.720 -0.720,-1.0,0,0.000,0.000,0.5302,-0.00,corkscrew,1.750,357.8,360.0,44.3,Reach,Reach,1.0,-1.0,0.0,,1.000,-78.8,30.0,1.00,61.7,67.7
299,4.9833,air,trick,-244.409,323.807,71.789,0.000,29.256,-3.545,29.470,29.256,70.898,0.00,0.00,0.00,0.00,0.000,0,corkscrew,0,0.00,0.00,0.00,-246.875,323.329,70.339,10.98,24.14,65.33,2.900,0.010,0.00,1.00,1,0,0,0,0,0,24.14,-34.38,-5.00,0.6158,0.0942,0.3991,1,2.900,0,0.420,0,flip_corkscrew,flipReach,1.000,1,-0.002 0.542 0.008 0.168 0.273 0.974 0.138 -0.795 0.206 -0.652,-246.87,322.84,70.40,24.14,11.08,97.47,144,748,916,1076,0.593,0.510 0.947 -0.778 -0.778,-1.0,0,0.000,0.000,0.5263,-0.00,corkscrew,1.767,358.5,360.0,34.9,Reach,Reach,0.2,-0.2,0.0,,1.000,-78.9,30.0,1.00,61.7,67.7
300,5.0000,air,trick,-244.409,324.294,71.728,0.000,29.256,-3.673,29.486,29.256,70.837,0.00,0.00,0.00,0.00,0.000,0,corkscrew,0,0.00,0.00,0.00,-246.875,323.820,70.278,10.89,24.14,65.33,2.900,0.010,0.00,1.00,1,0,0,0,0,0,24.14,-34.38,-5.02,0.6229,0.0946,0.4033,1,2.900,0,0.420,0,flip_corkscrew,flipReach,1.000,1,0.003 0.541 0.014 0.166 0.282 0.971 0.100 -0.815 0.163 -0.681,-246.87,323.33,70.34,24.14,10.98,97.47,144,756,916,1068,0.593,0.509 0.945 -0.808 -0.808,-1.0,0,0.000,0.000,0.5272,-0.00,corkscrew,1.783,359.0,360.0,26.6,Reach,Reach,0.3,0.3,0.0,,1.000,-79.0,30.0,1.00,61.7,67.7
301,5.0167,air,trick,-244.409,324.782,71.665,0.000,29.256,-3.801,29.502,29.256,70.774,0.00,0.00,0.00,0.00,0.000,0,corkscrew,0,0.00,0.00,0.00,-246.876,324.311,70.215,10.81,24.14,65.33,2.900,0.010,0.00,1.00,1,0,0,0,0,0,24.14,-34.38,-5.03,0.6244,0.0952,0.4045,1,2.900,0,0.420,0,flip_corkscrew,flipReach,1.000,1,0.008 0.541 0.019 0.165 0.289 0.969 0.085 -0.820 0.147 -0.687,-246.88,323.82,70.28,24.14,10.89,97.47,144,760,916,1072,0.593,0.507 0.943 -0.816 -0.816,-1.0,0,0.000,0.000,0.5280,-0.00,corkscrew,1.800,359.4,360.0,19.7,Reach,Reach,0.8,0.8,0.0,,1.000,-79.1,30.0,1.00,61.7,67.7
302,5.0333,air,trick,-244.409,325.270,71.600,0.000,29.256,-3.929,29.519,29.256,70.709,0.00,0.00,0.00,0.00,0.000,0,corkscrew,0,0.00,0.00,0.00,-246.877,324.802,70.150,10.74,24.14,65.33,2.900,0.011,0.00,1.00,1,0,0,0,0,0,24.14,-34.38,-5.05,0.6240,0.0956,0.4048,1,2.900,0,0.420,0,flip_corkscrew,flipReach,1.000,1,0.011 0.540 0.022 0.164 0.294 0.968 0.080 -0.820 0.143 -0.686,-246.88,324.31,70.22,24.14,10.81,97.47,144,760,916,1076,0.593,0.507 0.942 -0.816 -0.816,-1.0,0,0.000,0.000,0.5287,-0.00,corkscrew,1.817,359.7,360.0,14.8,Reach,Reach,1.1,1.1,0.0,,1.000,-79.2,30.0,1.00,61.7,67.7
303,5.0500,air,trick,-244.409,325.757,71.533,0.000,29.256,-4.057,29.536,29.256,70.642,0.00,0.00,0.00,0.00,0.000,0,corkscrew,0,0.00,0.00,0.00,-246.877,325.292,70.083,10.67,24.14,65.33,2.900,0.011,0.00,1.00,1,0,0,0,0,0,24.14,-34.38,-5.07,0.6237,0.0959,0.4050,1,2.900,0,0.420,0,flip_corkscrew,flipReach,1.000,1,0.014 0.540 0.026 0.163 0.298 0.967 0.076 -0.821 0.139 -0.685,-246.88,324.80,70.15,24.14,10.74,97.47,144,760,916,1076,0.593,0.506 0.940 -0.816 -0.816,-1.0,0,0.000,0.000,0.5292,-0.00,corkscrew,1.833,359.9,360.0,12.3,Reach,Reach,1.4,1.4,0.0,,1.000,-79.3,30.0,1.00,61.7,67.7
304,5.0667,air,trick,-244.409,326.246,71.465,0.000,29.306,-4.121,29.595,29.306,70.574,0.00,0.00,0.00,0.00,0.000,0,corkscrew,0,0.00,0.00,0.00,-246.878,325.783,70.015,10.60,24.14,65.34,2.900,0.011,0.00,1.00,1,0,0,0,0,0,24.14,-34.38,-5.08,0.6191,0.1040,0.4076,1,2.900,0,0.420,0,flip_corkscrew,flipReach,1.000,1,0.042 0.537 0.050 0.153 0.342 0.952 0.037 -0.823 0.100 -0.685,-246.88,325.29,70.08,24.14,10.67,97.48,144,760,916,1076,0.592,0.497 0.928 -0.820 -0.820,-1.0,0,0.000,0.000,0.5320,-0.00,corkscrew,1.850,360.0,360.0,0.0,Reach,Reach,4.1,4.1,0.0,,1.000,-79.3,30.0,1.00,61.7,67.7
305,5.0833,air,trick,-244.409,326.735,71.395,0.000,29.356,-4.185,29.653,29.356,70.504,0.00,0.00,0.00,0.00,0.000,0,corkscrew,0,0.00,0.00,0.00,-246.878,326.275,69.945,10.55,24.14,65.37,2.900,0.011,0.00,1.00,1,0,0,0,0,0,24.14,-34.39,-5.10,0.6147,0.1146,0.4094,1,2.900,0,0.420,0,flip_corkscrew,flipReach,1.000,1,0.063 0.533 0.069 0.146 0.375 0.939 0.008 -0.823 0.071 -0.684,-246.88,325.78,70.01,24.14,10.60,97.49,148,760,916,1092,0.590,0.490 0.917 -0.822 -0.822,-1.0,0,0.000,0.000,0.5318,-0.00,corkscrew,1.867,360.0,360.0,0.0,Reach,Reach,6.2,6.2,0.0,,1.000,-79.4,30.0,1.00,61.7,67.7
306,5.1000,air,trick,-244.409,327.224,71.325,0.000,29.406,-4.249,29.712,29.406,70.434,0.00,0.00,0.00,0.00,0.000,0,corkscrew,0,0.00,0.00,0.00,-246.879,326.767,69.875,10.49,24.13,65.42,2.900,0.011,0.00,1.00,1,0,0,0,0,0,24.13,-34.40,-5.12,0.6106,0.1228,0.4108,1,2.900,0,0.420,0,flip_corkscrew,flipReach,1.000,1,0.080 0.530 0.083 0.139 0.401 0.929 -0.016 -0.822 0.047 -0.682,-246.88,326.27,69.95,24.14,10.55,97.52,156,760,916,1100,0.588,0.484 0.907 -0.823 -0.823,-1.0,0,0.000,0.000,0.5317,-0.00,corkscrew,1.883,360.0,360.0,0.0,Reach,Reach,7.9,7.9,0.0,,1.000,-79.4,30.0,1.00,61.7,67.7
307,5.1167,air,trick,-244.409,327.715,71.253,0.000,29.456,-4.313,29.770,29.456,70.362,0.00,0.00,0.00,0.00,0.000,0,corkscrew,0,0.00,0.00,0.00,-246.879,327.260,69.803,10.45,24.13,65.49,2.900,0.012,0.00,1.00,1,0,0,0,0,0,24.13,-34.41,-5.13,0.6068,0.1292,0.4119,1,2.900,0,0.420,0,flip_corkscrew,flipReach,1.000,1,0.093 0.528 0.095 0.134 0.421 0.920 -0.034 -0.821 0.029 -0.681,-246.88,326.77,69.87,24.13,10.49,97.58,160,756,916,1108,0.586,0.479 0.899 -0.823 -0.823,-1.0,0,0.000,0.000,0.5315,-0.00,corkscrew,1.900,360.0,360.0,0.0,Reach,Reach,9.2,9.2,0.0,,1.000,-79.5,30.0,1.00,61.7,67.7
308,5.1333,air,trick,-244.409,328.207,71.181,0.000,29.506,-4.377,29.829,29.506,70.290,0.00,0.00,0.00,0.00,0.000,0,corkscrew,0,0.00,0.00,0.00,-246.879,327.753,69.731,10.40,24.12,65.56,2.900,0.012,0.00,1.00,1,0,0,0,0,0,24.12,-34.43,-5.15,0.6034,0.1342,0.4127,1,2.900,0,0.420,0,flip_corkscrew,flipReach,1.000,1,0.104 0.525 0.104 0.130 0.437 0.912 -0.049 -0.820 0.014 -0.679,-246.88,327.26,69.80,24.13,10.45,97.65,160,756,916,1112,0.584,0.475 0.892 -0.823 -0.823,-1.0,0,0.000,0.000,0.5314,-0.00,corkscrew,1.917,360.0,360.0,0.0,Reach,Reach,10.2,10.2,0.0,,1.000,-79.5,30.0,1.00,61.7,67.7
309,5.1500,air,trick,-244.409,328.699,71.107,0.000,29.556,-4.441,29.888,29.556,70.216,0.00,0.00,0.00,0.00,0.000,0,corkscrew,0,0.00,0.00,0.00,-246.880,328.247,69.657,10.36,24.11,65.65,2.900,0.012,0.00,1.00,1,0,0,0,0,0,24.11,-34.45,-5.17,0.6002,0.1381,0.4133,1,2.900,0,0.420,0,flip_corkscrew,flipReach,1.000,1,0.112 0.523 0.111 0.126 0.449 0.906 -0.061 -0.819 0.002 -0.678,-246.88,327.75,69.73,24.12,10.40,97.73,164,756,916,1116,0.582,0.472 0.886 -0.822 -0.822,-1.0,0,0.000,0.000,0.5312,-0.00,corkscrew,1.933,360.0,360.0,0.0,Reach,Reach,11.1,11.1,0.0,,1.000,-79.6,30.0,1.00,61.7,67.7
310,5.1667,air,trick,-244.409,329.192,71.032,0.000,29.606,-4.505,29.947,29.606,70.141,0.00,0.00,0.00,0.00,0.000,0,corkscrew,0,0.00,0.00,0.00,-246.880,328.742,69.582,10.33,24.10,65.75,2.900,0.013,0.00,1.00,1,0,0,0,0,0,24.10,-34.47,-5.18,0.5974,0.1410,0.4138,1,2.900,0,0.420,0,flip_corkscrew,flipReach,1.000,1,0.118 0.522 0.117 0.123 0.459 0.902 -0.070 -0.818 -0.007 -0.677,-246.88,328.25,69.66,24.11,10.36,97.83,168,756,912,1120,0.581,0.469 0.882 -0.822 -0.822,-1.0,0,0.000,0.000,0.5311,-0.00,corkscrew,1.950,360.0,360.0,0.0,Reach,Reach,11.7,11.7,0.0,,1.000,-79.6,30.0,1.00,61.7,67.7
311,5.1833,air,trick,-244.409,329.686,70.956,0.000,29.656,-4.569,30.006,29.656,70.065,0.00,0.00,0.00,0.00,0.000,0,corkscrew,0,0.00,0.00,0.00,-246.880,329.238,69.506,10.30,24.08,65.86,2.900,0.013,0.00,1.00,1,0,0,0,0,0,24.08,-34.49,-5.20,0.5948,0.1432,0.4141,1,2.900,0,0.420,0,flip_corkscrew,flipReach,1.000,1,0.124 0.520 0.121 0.121 0.466 0.898 -0.077 -0.817 -0.014 -0.676,-246.88,328.74,69.58,24.10,10.33,97.93,168,752,908,1124,0.580,0.467 0.878 -0.822 -0.822,-1.0,0,0.000,0.000,0.5310,-0.00,corkscrew,1.967,360.0,360.0,0.0,Reach,Reach,12.2,12.2,0.0,,1.000,-79.7,30.0,1.00,61.7,67.7
312,5.2000,air,trick,-244.409,330.181,70.879,0.000,29.706,-4.633,30.065,29.706,69.988,0.00,0.00,0.00,0.00,0.000,0,corkscrew,0,0.00,0.00,0.00,-246.881,329.734,69.429,10.27,24.07,65.97,2.900,0.014,0.00,1.00,1,0,0,0,0,0,24.07,-34.52,-5.22,0.5924,0.1449,0.4144,1,2.900,0,0.420,0,flip_corkscrew,flipReach,1.000,1,0.128 0.519 0.125 0.120 0.472 0.895 -0.083 -0.816 -0.020 -0.676,-246.88,329.24,69.51,24.08,10.30,98.05,168,752,908,1124,0.579,0.465 0.875 -0.821 -0.821,-1.0,0,0.000,0.000,0.5309,-0.00,corkscrew,1.983,360.0,360.0,0.0,Reach,Reach,12.6,12.6,0.0,,1.000,-79.7,30.0,1.00,61.7,67.7
313,5.2167,air,trick,-244.409,330.677,70.801,0.000,29.756,-4.697,30.125,29.756,69.910,0.00,0.00,0.00,0.00,0.000,0,corkscrew,0,0.00,0.00,0.00,-246.881,330.231,69.351,10.24,24.06,66.09,2.900,0.015,0.00,1.00,1,0,0,0,0,0,24.06,-34.54,-5.23,0.5902,0.1461,0.4146,1,2.900,0,0.420,0,flip_corkscrew,flipReach,1.000,1,0.131 0.518 0.128 0.118 0.477 0.892 -0.087 -0.816 -0.025 -0.675,-246.88,329.73,69.43,24.07,10.27,98.17,172,752,904,1128,0.578,0.463 0.872 -0.821 -0.821,-1.0,0,0.000,0.000,0.5308,-0.00,corkscrew,2.000,360.0,360.0,0.0,Reach,Reach,13.0,13.0,0.0,,1.000,-79.7,30.0,1.00,61.7,67.7
314,5.2333,air,trick,-244.409,331.174,70.722,0.000,29.806,-4.761,30.184,29.806,69.831,0.00,0.00,0.00,0.00,0.000,0,corkscrew,0,0.00,0.00,0.00,-246.881,330.728,69.272,10.21,24.04,66.22,2.900,0.015,0.00,1.00,1,0,0,0,0,0,24.04,-34.57,-5.25,0.5881,0.1470,0.4148,1,2.900,0,0.420,0,flip_corkscrew,flipReach,1.000,1,0.133 0.518 0.130 0.117 0.481 0.890 -0.091 -0.815 -0.028 -0.675,-246.88,330.23,69.35,24.06,10.24,98.30,172,752,904,1128,0.578,0.462 0.871 -0.821 -0.821,-1.0,0,0.000,0.000,0.5307,-0.00,corkscrew,2.017,360.0,360.0,0.0,Reach,Reach,13.2,13.2,0.0,,1.000,-79.7,30.0,1.00,61.7,67.7
315,5.2500,air,trick,-244.409,331.671,70.642,0.000,29.856,-4.825,30.244,29.856,69.751,0.00,0.00,0.00,0.00,0.000,0,corkscrew,0,0.00,0.00,0.00,-246.881,331.227,69.192,10.19,24.03,66.34,2.900,0.016,0.00,1.00,1,0,0,0,0,0,24.03,-34.60,-5.27,0.5862,0.1476,0.4149,1,2.900,0,0.420,0,flip_corkscrew,flipReach,1.000,1,0.136 0.517 0.132 0.117 0.484 0.889 -0.093 -0.815 -0.031 -0.675,-246.88,330.73,69.27,24.04,10.21,98.44,172,748,904,1128,0.577,0.461 0.869 -0.820 -0.820,-1.0,0,0.000,0.000,0.5306,-0.00,corkscrew,2.033,360.0,360.0,0.0,Reach,Reach,13.4,13.4,0.0,,1.000,-79.8,30.0,1.00,61.7,67.7
316,5.2667,air,dive,-244.409,332.169,70.561,0.000,29.906,-4.912,30.307,29.906,69.670,0.00,0.00,0.00,0.00,0.000,0,,0,0.00,0.00,0.00,-246.881,331.726,69.111,10.17,24.01,66.47,2.900,0.017,0.00,1.00,1,0,0,0,0,0,24.01,-34.62,-5.28,0.5851,0.1502,0.4142,1,2.900,0,0.420,0,flip_corkscrew,flipReach,1.000,1,0.141 0.518 0.139 0.123 0.492 0.886 -0.101 -0.816 -0.040 -0.679,-246.88,331.23,69.19,24.03,10.19,98.58,176,748,900,1128,0.576,0.466 0.862 -0.818 -0.822,-1.0,0,0.000,0.000,0.5308,-0.00,,-1.000,0.0,0.0,0.0,,,13.9,13.9,0.6,,0.997,-79.8,30.0,-1.00,61.7,67.7
317,5.2833,air,dive,-244.409,332.668,70.477,0.000,29.956,-5.022,30.374,29.956,69.586,0.00,0.00,0.00,0.00,0.000,0,,0,0.00,0.00,0.00,-246.881,332.226,69.027,10.15,24.00,66.61,2.900,0.018,0.00,1.00,1,0,0,0,0,0,24.00,-34.65,-5.30,0.5845,0.1565,0.4125,1,2.900,0,0.420,0,air_dive,flipReach,1.000,1,0.155 0.521 0.154 0.140 0.510 0.879 -0.119 -0.818 -0.060 -0.689,-246.88,331.73,69.11,24.01,10.17,98.72,176,748,900,1132,0.573,0.480 0.845 -0.811 -0.824,-1.0,0,0.000,0.000,0.5313,-0.00,,-1.000,0.0,0.0,0.0,,,15.1,15.0,2.2,,0.990,-79.8,30.0,-1.00,61.7,67.7
318,5.3000,air,dive,-244.409,333.168,70.392,0.000,30.006,-5.132,30.442,30.006,69.501,0.00,0.00,0.00,0.00,0.000,0,,0,0.00,0.00,0.00,-246.882,332.726,68.942,10.15,23.98,66.74,2.900,0.019,0.00,1.00,1,0,0,0,0,0,23.98,-34.68,-5.32,0.5821,0.1706,0.4098,1,2.900,0,0.420,0,air_dive,flipReach,1.000,1,0.179 0.522 0.180 0.154 0.547 0.861 -0.155 -0.816 -0.100 -0.699,-246.88,332.23,69.03,24.00,10.15,98.86,172,744,888,1140,0.566,0.488 0.808 -0.800 -0.824,-1.0,0,0.000,0.000,0.5326,-0.00,,-1.000,0.0,0.0,0.0,,,17.6,17.1,4.4,,0.979,-79.8,30.0,-1.00,61.7,67.7
319,5.3167,air,dive,-244.409,333.669,70.305,0.000,30.056,-5.242,30.510,30.056,69.414,0.00,0.00,0.00,0.00,0.000,0,,0,0.00,0.00,0.00,-246.882,333.226,68.856,10.15,23.96,66.88,2.900,0.020,0.00,1.00,1,0,0,0,0,0,23.96,-34.71,-5.33,0.5746,0.1935,0.4070,1,2.900,0,0.420,0,air_dive,flipReach,1.000,1,0.213 0.517 0.214 0.151 0.602 0.824 -0.214 -0.807 -0.164 -0.700,-246.88,332.73,68.94,23.98,10.15,99.00,172,740,872,1160,0.553,0.478 0.744 -0.780 -0.817,-1.0,0,0.000,0.000,0.5347,-0.00,,-1.000,0.0,0.0,0.0,,,21.2,20.3,6.7,,0.964,-79.8,30.0,-1.00,61.7,67.7
320,5.3333,air,dive,-244.409,334.171,70.217,0.000,30.106,-5.352,30.578,30.106,69.326,0.00,0.00,0.00,0.00,0.000,0,,0,0.00,0.00,0.00,-246.882,333.727,68.767,10.18,23.93,67.01,2.900,0.021,0.00,1.00,1,0,0,0,0,0,23.93,-34.74,-5.35,0.5586,0.2244,0.4051,1,2.900,0,0.420,0,air_dive,flipReach,1.000,1,0.253 0.506 0.247 0.130 0.662 0.763 -0.289 -0.786 -0.246 -0.685,-246.88,333.23,68.86,23.96,10.15,99.15,176,728,848,1188,0.536,0.450 0.653 -0.750 -0.796,-1.0,0,0.000,0.000,0.5353,-0.00,,-1.000,0.0,0.0,0.0,,,25.5,24.3,8.8,,0.947,-79.9,30.0,-1.00,61.7,67.7
321,5.3500,air,dive,-244.409,334.673,70.126,0.000,30.156,-5.462,30.647,30.156,69.235,0.00,0.00,0.00,0.00,0.000,0,,0,0.00,0.00,0.00,-246.882,334.227,68.677,10.23,23.90,67.15,2.900,0.022,0.00,1.00,1,0,0,0,0,0,23.90,-34.76,-5.37,0.5322,0.2583,0.4053,1,2.900,0,0.420,0,air_dive,flipReach,1.000,1,0.293 0.488 0.274 0.090 0.711 0.682 -0.371 -0.753 -0.339 -0.647,-246.88,333.73,68.77,23.93,10.18,99.30,188,716,812,1220,0.515,0.405 0.542 -0.711 -0.759,-1.0,0,0.000,0.000,0.5345,-0.00,,-1.000,0.0,0.0,0.0,,,29.9,28.6,10.3,,0.927,-79.9,30.0,-1.00,61.7,67.7
322,5.3667,air,dive,-244.409,335.176,70.034,0.000,30.206,-5.572,30.716,30.206,69.143,0.00,0.00,0.00,0.00,0.000,0,,0,0.00,0.00,0.00,-246.882,334.726,68.585,10.32,23.86,67.28,2.901,0.023,0.00,1.00,1,0,0,0,0,0,23.86,-34.79,-5.38,0.4957,0.2892,0.4081,1,2.901,0,0.420,0,air_dive,flipReach,1.000,1,0.330 0.464 0.291 0.036 0.738 0.586 -0.453 -0.707 -0.433 -0.585,-246.88,334.23,68.68,23.90,10.23,99.44,212,700,776,1244,0.492,0.344 0.420 -0.663 -0.701,-1.0,0,0.000,0.000,0.5314,-0.00,,-1.000,0.0,0.0,0.0,,,34.0,32.9,10.8,,0.905,-79.9,30.0,-1.00,61.7,67.7
323,5.3833,air,dive,-244.409,335.680,69.939,0.000,30.256,-5.682,30.785,30.256,69.048,0.00,0.00,0.00,0.00,0.000,0,,0,0.00,0.00,0.00,-246.881,335.224,68.492,10.45,23.82,67.42,2.901,0.024,0.00,1.00,1,0,0,0,0,0,23.82,-34.82,-5.40,0.4524,0.3126,0.4128,1,2.901,0,0.420,0,air_dive,flipReach,1.000,1,0.361 0.438 0.298 -0.029 0.737 0.488 -0.529 -0.652 -0.519 -0.495,-246.88,334.73,68.59,23.86,10.32,99.58,240,680,740,1256,0.471,0.273 0.303 -0.611 -0.624,-1.0,0,0.000,0.000,0.5257,-0.00,,-1.000,0.0,0.0,0.0,,,37.6,36.8,10.2,,0.881,-79.9,30.0,-1.00,61.7,67.7
324,5.4000,air,dive,-244.409,336.185,69.843,0.000,30.306,-5.792,30.855,30.306,68.952,0.00,0.00,0.00,0.00,0.000,0,,0,0.00,0.00,0.00,-246.881,335.722,68.397,10.62,23.76,67.55,2.901,0.026,0.00,1.00,1,0,0,0,0,0,23.76,-34.84,-5.42,0.4075,0.3257,0.4182,1,2.901,0,0.420,0,air_dive,fallCalm,1.000,1,0.385 0.411 0.296 -0.097 0.710 0.399 -0.593 -0.592 -0.589 -0.383,-246.88,335.22,68.49,23.82,10.45,99.73,276,660,708,1256,0.451,0.196 0.204 -0.557 -0.526,-1.0,0,0.000,0.000,0.5178,-0.00,,-1.000,0.0,0.0,0.0,,,40.5,40.1,8.2,,0.856,-79.9,30.0,-1.00,61.7,67.7
325,5.4167,air,dive,-244.409,336.691,69.745,0.000,30.356,-5.902,30.925,30.356,68.854,0.00,0.00,0.00,0.00,0.000,0,,0,0.00,0.00,0.00,-246.880,336.218,68.301,10.84,23.70,67.68,2.901,0.027,0.00,1.00,1,0,0,0,0,0,23.70,-34.87,-5.43,0.3668,0.3284,0.4227,1,2.901,0,0.419,0,air_dive,fallCalm,1.000,1,0.401 0.384 0.288 -0.162 0.665 0.330 -0.645 -0.534 -0.638 -0.256,-246.88,335.72,68.40,23.76,10.62,99.87,300,640,688,1244,0.436,0.121 0.133 -0.506 -0.414,-1.0,0,0.000,0.000,0.5090,-0.00,,-1.000,0.0,0.0,0.0,,,42.7,42.6,5.1,,0.831,-79.9,30.0,-1.00,61.7,67.7
326,5.4333,air,dive,-244.409,337.197,69.646,0.000,30.406,-6.012,30.995,30.406,68.755,0.00,0.00,0.00,0.00,0.000,0,,0,0.00,0.00,0.00,-246.878,336.712,68.204,11.13,23.62,67.81,2.900,0.028,0.00,1.00,1,0,0,0,0,0,23.62,-34.90,-5.45,0.3343,0.3227,0.4255,1,2.900,0,0.419,0,air_dive,fallCalm,1.000,1,0.408 0.361 0.279 -0.220 0.613 0.283 -0.683 -0.481 -0.665 -0.124,-246.88,336.22,68.30,23.70,10.84,100.01,308,624,676,1224,0.425,0.052 0.090 -0.461 -0.294,-1.0,0,0.000,0.000,0.5012,-0.00,,-1.000,0.0,0.0,0.0,,,44.2,44.2,1.0,,0.804,-79.9,30.0,-1.00,61.7,67.7
327,5.4500,air,dive,-244.409,337.705,69.544,0.000,30.456,-6.122,31.065,30.456,68.653,0.00,0.00,0.00,0.00,0.000,0,,0,0.00,0.00,0.00,-246.876,337.203,68.105,11.49,23.54,67.94,2.899,0.030,0.00,1.00,1,0,0,0,0,0,23.54,-34.92,-5.47,0.3175,0.3120,0.4237,1,2.899,0,0.419,0,air_dive,fallCalm,1.000,1,0.405 0.341 0.269 -0.264 0.566 0.256 -0.708 -0.439 -0.672 -0.002,-246.88,336.71,68.20,23.62,11.13,100.15,320,608,672,1204,0.420,-0.004 0.073 -0.426 -0.178,-1.0,0,0.000,0.000,0.4956,-0.00,,-1.000,0.0,0.0,0.0,,,45.0,44.9,-3.6,,0.777,-79.9,30.0,-1.00,61.7,67.7
328,5.4667,air,dive,-244.409,338.213,69.441,0.000,30.506,-6.232,31.136,30.506,68.550,0.00,0.00,0.00,0.00,0.000,0,,0,0.00,0.00,0.00,-246.872,337.692,68.005,11.94,23.45,68.07,2.898,0.032,0.00,1.00,1,0,0,0,0,0,23.45,-34.95,-5.48,0.3052,0.2999,0.4224,1,2.898,0,0.419,0,air_dive,fallCalm,1.000,1,0.396 0.326 0.259 -0.298 0.529 0.243 -0.725 -0.405 -0.666 0.103,-246.88,337.20,68.11,23.54,11.49,100.29,328,600,676,1188,0.418,-0.047 0.073 -0.400 -0.073,-1.0,0,0.000,0.000,0.4925,-0.00,,-1.000,0.0,0.0,0.0,,,45.2,45.0,-8.1,,0.750,-79.9,30.0,-1.00,61.7,67.7
329,5.4833,air,dive,-244.409,338.722,69.335,0.000,30.556,-6.342,31.207,30.556,68.444,0.00,0.00,0.00,0.00,0.000,0,,0,0.00,0.00,0.00,-246.867,338.178,67.904,12.47,23.35,68.19,2.896,0.033,0.00,1.00,1,0,0,0,0,0,23.35,-34.97,-5.50,0.2962,0.2892,0.4211,1,2.896,0,0.419,0,air_dive,fallCalm,1.000,1,0.383 0.311 0.249 -0.325 0.507 0.241 -0.736 -0.378 -0.653 0.189,-246.87,337.69,68.01,23.45,11.94,100.42,328,592,684,1176,0.416,-0.081 0.085 -0.379 0.015,-1.0,0,0.000,0.000,0.4918,-0.00,,-1.000,0.0,0.0,0.0,,,45.5,44.8,-12.5,,0.723,-79.9,30.0,-1.00,61.7,67.7
330,5.5000,air,dive,-244.409,339.232,69.228,0.000,30.606,-6.452,31.279,30.606,68.337,0.00,0.00,0.00,0.00,0.000,0,,0,0.00,0.00,0.00,-246.860,338.661,67.802,13.12,23.24,68.32,2.893,0.035,0.00,1.00,1,0,0,0,0,0,23.24,-34.99,-5.52,0.2995,0.2812,0.4146,1,2.893,0,0.418,0,air_dive,fallCalm,1.000,1,0.369 0.296 0.235 -0.351 0.500 0.250 -0.744 -0.356 -0.638 0.253,-246.87,338.18,67.90,23.35,12.47,100.55,328,588,692,1168,0.413,-0.111 0.105 -0.364 0.083,-1.0,0,0.000,0.000,0.4926,-0.00,,-1.000,0.0,0.0,0.0,,,45.9,44.6,-16.6,,0.696,-79.9,30.0,-1.00,61.7,67.7
331,5.5167,air,dive,-244.409,339.743,69.119,0.000,30.656,-6.562,31.351,30.656,68.228,0.00,0.00,0.00,0.00,0.000,0,,0,0.00,0.00,0.00,-246.851,339.140,67.698,13.88,23.12,68.44,2.889,0.037,0.00,1.00,1,0,0,0,0,0,23.12,-35.01,-5.53,0.3092,0.2783,0.4112,1,2.889,0,0.418,0,air_dive,fallCalm,1.000,1,0.354 0.279 0.219 -0.376 0.502 0.265 -0.744 -0.346 -0.628 0.272,-246.86,338.66,67.80,23.24,13.12,100.68,328,584,696,1168,0.408,-0.138 0.131 -0.369 0.097,-1.0,0,0.000,0.000,0.4928,-0.00,,-1.000,0.0,0.0,0.0,,,46.5,44.6,-20.6,,0.669,-79.9,30.0,-1.00,61.7,67.7
332,5.5333,air,dive,-244.409,340.254,69.009,0.000,30.706,-6.672,31.423,30.706,68.118,0.00,0.00,0.00,0.00,0.000,0,,0,0.00,0.00,0.00,-246.839,339.614,67.594,14.77,22.98,68.56,2.884,0.039,0.00,1.00,1,0,0,0,0,0,22.98,-35.04,-5.55,0.3224,0.2792,0.4102,1,2.884,0,0.418,0,air_dive,fallCalm,1.000,1,0.339 0.261 0.202 -0.401 0.504 0.277 -0.743 -0.332 -0.618 0.286,-246.85,339.14,67.70,23.12,13.88,100.81,320,584,696,1168,0.401,-0.166 0.153 -0.370 0.105,-1.0,0,0.000,0.000,0.4911,-0.00,,-1.000,0.0,0.0,0.0,,,47.5,44.8,-24.3,,0.642,-80.0,30.0,-1.00,61.7,67.7
333,5.5500,air,dive,-244.409,340.767,68.896,0.000,30.756,-6.782,31.495,30.756,68.005,0.00,0.00,0.00,0.00,0.000,0,,0,0.00,0.00,0.00,-246.826,340.083,67.489,15.80,22.84,68.67,2.879,0.040,0.00,1.00,1,0,0,0,0,0,22.84,-35.06,-5.57,0.3367,0.2802,0.4085,1,2.879,0,0.417,0,air_dive,fallCalm,1.000,1,0.325 0.242 0.185 -0.425 0.506 0.284 -0.745 -0.313 -0.607 0.303,-246.84,339.61,67.59,22.98,14.77,100.94,312,592,692,1164,0.391,-0.193 0.171 -0.364 0.114,-1.0,0,0.000,0.000,0.4894,-0.00,,-1.000,0.0,0.0,0.0,,,48.7,45.3,-27.7,,0.616,-80.0,30.0,-1.00,61.7,67.7
334,5.5667,air,dive,-244.409,341.280,68.782,0.000,30.806,-6.892,31.568,30.806,67.891,0.00,0.00,0.00,0.00,0.000,0,,0,0.00,0.00,0.00,-246.812,340.546,67.382,16.99,22.64,68.79,2.876,0.042,0.00,1.00,1,0,0,0,0,0,22.64,-35.08,-5.58,0.3512,0.2810,0.4062,1,2.876,0,0.417,0,air_dive,fallCalm,1.000,1,0.311 0.223 0.166 -0.447 0.507 0.289 -0.747 -0.289 -0.594 0.322,-246.83,340.08,67.49,22.84,15.80,101.06,300,600,688,1164,0.380,-0.218 0.185 -0.352 0.126,-1.0,0,0.000,0.000,0.4876,-0.00,,-1.000,0.0,0.0,0.0,,,50.1,46.1,-30.7,,0.590,-80.0,30.0,-1.00,61.7,67.7
335,5.5833,air,dive,-244.409,341.794,68.665,0.000,30.856,-7.002,31.641,30.856,67.774,0.00,0.00,0.00,0.00,0.000,0,,0,0.00,0.00,0.00,-246.801,340.999,67.275,18.38,22.37,68.90,2.878,0.045,0.00,1.00,1,0,0,0,0,0,22.37,-35.10,-5.60,0.3651,0.2811,0.4033,1,2.878,0,0.417,0,air_dive,fallCalm,1.000,1,0.298 0.205 0.147 -0.467 0.507 0.290 -0.751 -0.262 -0.580 0.341,-246.81,340.55,67.38,22.64,16.99,101.18,292,604,684,1160,0.368,-0.242 0.195 -0.334 0.138,-1.0,0,0.000,0.000,0.4860,-0.00,,-1.000,0.0,0.0,0.0,,,51.6,47.0,-33.5,,0.565,-80.0,30.0,-1.00,61.7,67.7
336,5.6000,air,dive,-244.409,342.294,68.541,0.000,30.000,-7.622,30.953,30.000,67.650,0.00,0.00,0.00,0.00,0.000,0,,0,0.00,0.00,0.00,-246.790,341.436,67.163,19.81,22.01,69.01,2.881,0.047,0.00,1.00,1,0,0,0,0,0,22.01,-35.12,-5.62,0.3784,0.2813,0.4000,1,2.881,0,0.416,0,air_dive,fallCalm,1.000,1,0.286 0.189 0.127 -0.484 0.508 0.289 -0.757 -0.233 -0.566 0.360,-246.80,341.00,67.28,22.37,18.38,101.30,280,608,680,1156,0.356,-0.264 0.202 -0.312 0.152,-1.0,0,0.000,0.000,0.4843,-0.00,,-1.000,0.0,0.0,0.0,,,53.0,48.1,-35.9,,0.540,-80.0,30.0,-1.00,61.7,67.7
337,5.6167,air,dive,-244.409,342.794,68.406,0.000,30.000,-8.242,31.112,30.000,67.515,0.00,0.00,0.00,0.00,0.000,0,,0,0.00,0.00,0.00,-246.774,341.863,67.044,21.48,21.60,69.11,2.883,0.048,0.00,1.00,1,0,0,0,0,0,21.60,-35.13,-5.63,0.3915,0.2821,0.3962,1,2.883,0,0.416,0,air_dive,fallFast,1.000,1,0.274 0.175 0.106 -0.499 0.508 0.285 -0.762 -0.202 -0.549 0.379,-246.79,341.44,67.16,22.01,19.81,101.41,268,612,676,1156,0.344,-0.284 0.206 -0.286 0.165,-1.0,0,0.000,0.000,0.4825,-0.00,,-1.000,0.0,0.0,0.0,,,54.4,49.3,-37.9,,0.516,-80.0,30.0,-1.00,61.7,67.7
338,5.6333,air,dive,-244.409,343.294,68.261,0.000,30.000,-8.862,31.282,30.000,67.370,0.00,0.00,0.00,0.00,0.000,0,,0,0.00,0.00,0.00,-246.753,342.283,66.916,23.34,21.14,69.21,2.885,0.050,0.00,1.00,1,0,0,0,0,0,21.14,-35.15,-5.65,0.4039,0.2829,0.3921,1,2.885,0,0.416,0,air_dive,fallFast,1.000,1,0.263 0.162 0.084 -0.511 0.509 0.280 -0.768 -0.170 -0.530 0.397,-246.77,341.86,67.04,21.60,21.48,101.52,260,616,672,1152,0.333,-0.301 0.208 -0.257 0.179,-1.0,0,0.000,0.000,0.4809,-0.00,,-1.000,0.0,0.0,0.0,,,55.7,50.5,-39.5,,0.493,-80.0,30.0,-1.00,61.7,67.7
339,5.6500,air,dive,-244.409,343.794,68.106,0.000,30.000,-9.482,31.463,30.000,67.215,0.00,0.00,0.00,0.00,0.000,0,,0,0.00,0.00,0.00,-246.726,342.695,66.780,25.37,20.64,69.31,2.887,0.052,0.00,1.00,1,0,0,0,0,0,20.64,-35.17,-5.67,0.4152,0.2837,0.3876,1,2.887,0,0.415,0,air_dive,fallFast,1.000,1,0.252 0.152 0.059 -0.520 0.510 0.272 -0.774 -0.137 -0.508 0.413,-246.75,342.28,66.92,21.14,23.34,101.63,248,620,668,1152,0.323,-0.314 0.206 -0.226 0.191,-1.0,0,0.000,0.000,0.4794,-0.00,,-1.000,0.0,0.0,0.0,,,56.8,51.7,-40.6,,0.470,-80.0,30.0,-1.00,61.7,67.7
340,5.6667,air,dive,-244.409,344.294,67.940,0.000,30.000,-10.102,31.655,30.000,67.049,0.00,0.00,0.00,0.00,0.000,0,,0,0.00,0.00,0.00,-246.694,343.102,66.637,27.54,20.08,69.41,2.887,0.054,0.00,1.00,1,0,0,0,0,0,20.08,-35.19,-5.68,0.4249,0.2846,0.3830,1,2.887,0,0.415,0,air_dive,fallFast,1.000,1,0.241 0.145 0.034 -0.525 0.512 0.263 -0.779 -0.103 -0.484 0.427,-246.73,342.70,66.78,20.64,25.37,101.73,240,620,668,1148,0.315,-0.324 0.203 -0.193 0.202,-1.0,0,0.000,0.000,0.4781,-0.00,,-1.000,0.0,0.0,0.0,,,57.8,52.9,-41.3,,0.448,-80.0,30.0,-1.00,61.7,67.7
341,5.6833,air,dive,-244.409,344.794,67.764,0.000,30.000,-10.722,31.858,30.000,66.873,0.00,0.00,0.00,0.00,0.000,0,,0,0.00,0.00,0.00,-246.655,343.505,66.488,29.86,19.45,69.50,2.887,0.055,0.00,1.00,1,0,0,0,0,0,19.45,-35.20,-5.70,0.4327,0.2853,0.3784,1,2.887,0,0.414,0,air_dive,fallFast,1.000,1,0.230 0.142 0.007 -0.526 0.514 0.252 -0.783 -0.069 -0.457 0.438,-246.69,343.10,66.64,20.08,27.54,101.83,232,620,664,1144,0.308,-0.330 0.196 -0.159 0.210,-1.0,0,0.000,0.000,0.4770,-0.00,,-1.000,0.0,0.0,0.0,,,58.5,53.9,-41.6,,0.427,-80.0,30.0,-1.00,61.7,67.7
342,5.7000,air,dive,-244.409,345.294,67.577,0.000,30.000,-11.342,32.072,30.000,66.686,0.00,0.00,0.00,0.00,0.000,0,,0,0.00,0.00,0.00,-246.610,343.903,66.333,32.29,18.72,69.59,2.886,0.057,0.00,1.00,1,0,0,0,0,0,18.72,-35.22,-5.72,0.4381,0.2863,0.3739,1,2.886,0,0.414,0,air_dive,fallFast,1.000,1,0.220 0.142 -0.022 -0.523 0.519 0.239 -0.785 -0.035 -0.429 0.444,-246.66,343.50,66.49,19.45,29.86,101.93,224,620,664,1144,0.304,-0.332 0.188 -0.124 0.217,-1.0,0,0.000,0.000,0.4762,-0.00,,-1.000,0.0,0.0,0.0,,,59.0,54.7,-41.3,,0.407,-80.0,30.0,-1.00,61.7,67.7
343,5.7167,air,dive,-244.409,345.794,67.381,0.000,30.000,-11.962,32.297,30.000,66.490,0.00,0.00,0.00,0.00,0.000,0,,0,0.00,0.00,0.00,-246.558,344.299,66.173,34.83,17.90,69.68,2.883,0.059,0.00,1.00,1,0,0,0,0,0,17.90,-35.23,-5.73,0.4405,0.2871,0.3696,1,2.883,0,0.413,0,air_dive,fallFast,1.000,1,0.210 0.145 -0.053 -0.514 0.523 0.224 -0.785 -0.001 -0.397 0.446,-246.61,343.90,66.33,18.72,32.29,102.02,216,620,664,1144,0.301,-0.330 0.178 -0.089 0.220,-1.0,0,0.000,0.000,0.4755,-0.00,,-1.000,0.0,0.0,0.0,,,59.2,55.3,-40.6,,0.387,-80.0,30.0,-1.00,61.7,67.7
344,5.7333,air,dive,-244.409,346.294,67.173,0.000,30.000,-12.582,32.532,30.000,66.282,0.00,0.00,0.00,0.00,0.000,0,,0,0.00,0.00,0.00,-246.499,344.693,66.008,37.45,16.96,69.77,2.879,0.062,0.00,1.00,1,0,0,0,0,0,16.96,-35.24,-5.75,0.4402,0.2882,0.3657,1,2.879,0,0.413,0,air_dive,fallFast,1.000,1,0.200 0.153 -0.085 -0.500 0.530 0.207 -0.783 0.032 -0.365 0.443,-246.56,344.30,66.17,17.90,34.83,102.12,212,616,660,1144,0.301,-0.323 0.166 -0.054 0.222,-1.0,0,0.000,0.000,0.4752,-0.00,,-1.000,0.0,0.0,0.0,,,59.2,55.7,-39.3,,0.368,-80.0,30.0,-1.00,61.7,67.7
345,5.7500,air,dive,-244.409,346.794,66.956,0.000,30.000,-13.202,32.776,30.000,66.065,0.00,0.00,0.00,0.00,0.000,0,,0,0.00,0.00,0.00,-246.434,345.087,65.838,40.13,15.91,69.86,2.874,0.065,0.00,1.00,1,0,0,0,0,0,15.91,-35.26,-5.77,0.4361,0.2890,0.3623,1,2.874,0,0.413,0,air_dive,fallFast,1.000,1,0.191 0.164 -0.118 -0.480 0.538 0.187 -0.779 0.065 -0.331 0.434,-246.50,344.69,66.01,16.96,37.45,102.21,212,608,660,1148,0.303,-0.312 0.151 -0.019 0.219,-1.0,0,0.000,0.000,0.4750,-0.00,,-1.000,0.0,0.0,0.0,,,58.9,55.8,-37.5,,0.350,-80.0,30.0,-1.00,61.7,67.7
346,5.7667,air,dive,-244.409,347.294,66.728,0.000,30.000,-13.822,33.031,30.000,65.837,0.00,0.00,0.00,0.00,0.000,0,,0,0.00,0.00,0.00,-246.365,345.480,65.665,42.85,14.73,69.95,2.872,0.068,0.00,1.00,1,0,0,0,0,0,14.73,-35.27,-5.78,0.4278,0.2897,0.3595,1,2.872,0,0.412,0,air_dive,fallFast,1.000,1,0.183 0.179 -0.152 -0.454 0.548 0.165 -0.772 0.097 -0.296 0.420,-246.43,345.09,65.84,15.91,40.13,102.30,212,608,660,1148,0.307,-0.296 0.135 0.015 0.216,-1.0,0,0.000,0.000,0.4752,-0.00,,-1.000,0.0,0.0,0.0,,,58.4,55.7,-35.3,,0.333,-80.0,30.0,-1.00,61.7,67.7
347,5.7833,air,dive,-244.409,347.794,66.490,0.000,30.000,-14.442,33.295,30.000,65.599,0.00,0.00,0.00,0.00,0.000,0,,0,0.00,0.00,0.00,-246.299,345.863,65.486,45.62,13.32,70.03,2.882,0.071,0.00,1.00,1,0,0,0,0,0,13.32,-35.28,-5.80,0.4118,0.2883,0.3582,1,2.882,0,0.412,0,air_dive,fallFast,1.000,1,0.175 0.198 -0.187 -0.421 0.558 0.141 -0.761 0.126 -0.260 0.398,-246.36,345.48,65.66,14.73,42.85,102.39,212,600,664,1152,0.313,-0.275 0.116 0.048 0.208,-1.0,0,0.000,0.000,0.4757,-0.00,,-1.000,0.0,0.0,0.0,,,57.7,55.4,-32.5,,0.316,-80.0,30.0,-1.00,61.7,67.7
348,5.8000,air,dive,-244.409,348.294,66.242,0.000,30.000,-15.062,33.569,30.000,65.351,0.00,0.00,0.00,0.00,0.000,0,,0,0.00,0.00,0.00,-246.235,346.238,65.304,48.40,11.74,70.12,2.905,0.075,0.00,1.00,1,0,0,0,0,0,11.74,-35.29,-5.82,0.3892,0.2854,0.3583,1,2.905,0,0.411,0,air_dive,fallFast,1.000,1,0.168 0.220 -0.222 -0.380 0.570 0.115 -0.747 0.151 -0.224 0.370,-246.30,345.86,65.49,13.32,45.62,102.48,220,588,664,1152,0.321,-0.250 0.095 0.078 0.199,-1.0,0,0.000,0.000,0.4765,-0.00,,-1.000,0.0,0.0,0.0,,,56.8,54.9,-29.3,,0.300,-80.0,30.0,-1.00,61.7,67.7
349,5.8167,air,dive,-244.409,348.794,65.983,0.000,30.000,-15.682,33.851,30.000,65.092,0.00,0.00,0.00,0.00,0.000,0,,0,0.00,0.00,0.00,-246.171,346.608,65.116,51.13,10.02,70.21,2.938,0.080,0.00,1.00,1,0,0,0,0,0,10.02,-35.31,-5.83,0.3602,0.2806,0.3600,1,2.938,0,0.411,0,air_dive,fallFast,1.000,1,0.164 0.245 -0.256 -0.332 0.581 0.087 -0.731 0.173 -0.188 0.335,-246.23,346.24,65.30,11.74,48.40,102.57,228,576,672,1152,0.330,-0.220 0.073 0.106 0.187,-1.0,0,0.000,0.000,0.4775,-0.00,,-1.000,0.0,0.0,0.0,,,55.7,54.2,-25.7,,0.284,-80.0,30.0,-1.00,61.7,67.7
350,5.8333,air,dive,-244.409,349.294,65.714,0.000,30.000,-16.302,34.143,30.000,64.823,0.00,0.00,0.00,0.00,0.000,0,,0,0.00,0.00,0.00,-246.107,346.975,64.924,53.80,8.20,70.30,2.981,0.084,0.00,1.00,1,0,0,0,0,0,8.20,-35.32,-5.85,0.3265,0.2744,0.3629,1,2.981,0,0.411,0,air_dive,fallFast,1.000,1,0.161 0.272 -0.287 -0.279 0.593 0.058 -0.711 0.189 -0.155 0.296,-246.17,346.61,65.12,10.02,51.13,102.67,240,564,676,1152,0.340,-0.187 0.049 0.130 0.172,-1.0,0,0.000,0.000,0.4787,-0.00,,-1.000,0.0,0.0,0.0,,,54.5,53.3,-21.6,,0.270,-80.0,30.0,-1.00,61.7,67.7
351,5.8500,air,dive,-244.409,349.794,65.434,0.000,30.000,-16.922,34.443,30.000,64.543,0.00,0.00,0.00,0.00,0.000,0,,0,0.00,0.00,0.00,-246.042,347.339,64.725,56.36,6.31,70.39,3.032,0.090,0.00,1.00,1,0,0,0,0,0,6.31,-35.33,-5.87,0.2887,0.2668,0.3670,1,3.032,0,0.410,0,air_dive,fallFast,1.000,1,0.161 0.300 -0.316 -0.221 0.603 0.029 -0.690 0.199 -0.123 0.251,-246.11,346.97,64.92,8.20,53.80,102.76,252,548,684,1148,0.351,-0.150 0.024 0.150 0.154,-1.0,0,0.000,0.000,0.4800,-0.00,,-1.000,0.0,0.0,0.0,,,53.1,52.4,-17.3,,0.255,-80.0,30.0,-1.00,61.7,67.7
352,5.8667,air,dive,-244.409,350.294,65.145,0.000,30.000,-17.542,34.752,30.000,64.254,0.00,0.00,0.00,0.00,0.000,0,,0,0.00,0.00,0.00,-245.978,347.702,64.521,58.82,4.38,70.48,3.093,0.096,0.00,1.00,1,0,0,0,0,0,4.38,-35.34,-5.88,0.2486,0.2580,0.3717,1,3.093,0,0.410,0,air_dive,fallFast,1.000,1,0.163 0.328 -0.341 -0.159 0.612 0.001 -0.668 0.201 -0.094 0.202,-246.04,347.34,64.73,6.31,56.36,102.85,272,536,696,1148,0.362,-0.110 -0.001 0.165 0.135,-1.0,0,0.000,0.000,0.4814,-0.00,,-1.000,0.0,0.0,0.0,,,51.7,51.3,-12.8,,0.242,-80.0,30.0,-1.00,61.7,67.7
353,5.8833,air,dive,-244.409,350.794,64.844,0.000,30.000,-18.162,35.069,30.000,63.953,0.00,0.00,0.00,0.00,0.000,0,,0,0.00,0.00,0.00,-245.913,348.065,64.311,61.15,2.45,70.57,3.161,0.103,0.00,1.00,1,0,0,0,0,0,2.45,-35.35,-5.90,0.2087,0.2484,0.3761,1,3.161,0,0.410,0,air_dive,fallFast,1.000,1,0.168 0.355 -0.361 -0.094 0.620 -0.027 -0.645 0.196 -0.068 0.150,-245.98,347.70,64.52,4.38,58.82,102.94,292,516,704,1144,0.374,-0.067 -0.027 0.175 0.113,-1.0,0,0.000,0.000,0.4828,-0.00,,-1.000,0.0,0.0,0.0,,,50.3,50.1,-8.2,,0.229,-80.0,30.0,-1.00,61.7,67.7
354,5.9000,air,dive,-244.409,351.294,64.534,0.000,30.000,-18.782,35.394,30.000,63.643,0.00,0.00,0.00,0.00,0.000,0,,0,0.00,0.00,0.00,-245.848,348.429,64.093,63.34,0.53,70.66,3.236,0.110,0.00,1.00,1,0,0,0,0,0,0.53,-35.35,-5.92,0.1729,0.2383,0.3807,1,3.236,0,0.410,0,air_dive,fallFast,1.000,1,0.176 0.381 -0.377 -0.029 0.625 -0.052 -0.623 0.184 -0.046 0.097,-245.91,348.07,64.31,2.45,61.15,103.04,312,500,716,1140,0.385,-0.023 -0.052 0.179 0.089,-1.0,0,0.000,0.000,0.4843,-0.00,,-1.000,0.0,0.0,0.0,,,48.8,48.8,-3.4,,0.217,-80.0,30.0,-1.00,61.7,67.7
355,5.9167,air,dive,-244.409,351.794,64.213,0.000,30.000,-19.402,35.727,30.000,63.322,0.00,0.00,0.00,0.00,0.000,0,,0,0.00,0.00,0.00,-245.783,348.794,63.868,65.39,-1.35,70.75,3.318,0.119,0.00,1.00,1,0,0,0,0,0,-1.35,-35.36,-5.93,0.1661,0.2283,0.3872,1,3.318,0,0.410,0,air_dive,fallFast,1.000,1,0.187 0.404 -0.387 0.037 0.629 -0.075 -0.603 0.164 -0.028 0.042,-245.85,348.43,64.09,0.53,63.34,103.13,320,484,728,1132,0.395,0.023 -0.076 0.177 0.063,-1.0,0,0.000,0.000,0.4856,-0.00,,-1.000,0.0,0.0,0.0,,,47.4,47.4,1.2,,0.205,-80.0,30.0,-1.00,61.7,67.7
356,5.9333,air,dive,-244.409,352.294,63.882,0.000,30.000,-20.022,36.068,30.000,62.991,0.00,0.00,0.00,0.00,0.000,0,,0,0.00,0.00,0.00,-245.720,349.160,63.635,67.30,-3.16,70.85,3.406,0.128,0.00,1.00,1,0,0,0,0,0,-3.16,-35.37,-5.95,0.1656,0.2185,0.3904,1,3.406,0,0.410,0,air_dive,fallFast,1.000,1,0.200 0.425 -0.393 0.102 0.632 -0.096 -0.586 0.137 -0.015 -0.014,-245.78,348.79,63.87,-1.35,65.39,103.23,316,488,740,1128,0.405,0.068 -0.100 0.169 0.035,-1.0,0,0.000,0.000,0.4867,-0.00,,-1.000,0.0,0.0,0.0,,,46.2,46.0,5.8,,0.194,-80.0,30.0,-1.00,61.7,67.7
357,5.9500,air,dive,-244.409,352.794,63.541,0.000,30.000,-20.642,36.415,30.000,62.650,0.00,0.00,0.00,0.00,0.000,0,,0,0.00,0.00,0.00,-245.658,349.530,63.392,69.07,-4.91,70.95,3.498,0.137,0.00,1.00,1,0,0,0,0,0,-4.91,-35.39,-5.97,0.1699,0.2091,0.3909,1,3.498,0,0.410,0,air_dive,fallFast,1.000,1,0.215 0.442 -0.393 0.164 0.632 -0.113 -0.573 0.104 -0.006 -0.068,-245.72,349.16,63.63,-3.16,67.30,103.33,312,492,752,1120,0.414,0.113 -0.121 0.155 0.006,-1.0,0,0.000,0.000,0.4876,-0.00,,-1.000,0.0,0.0,0.0,,,45.0,44.5,10.2,,0.184,-80.0,30.0,-1.00,61.7,67.7
358,5.9667,air,dive,-244.409,353.294,63.189,0.000,30.000,-21.262,36.770,30.000,62.298,0.00,0.00,0.00,0.00,0.000,0,,0,0.00,0.00,0.00,-245.597,349.902,63.140,70.71,-6.57,71.05,3.594,0.148,0.00,1.00,1,0,0,0,0,0,-6.57,-35.40,-5.98,0.1721,0.2003,0.3914,1,3.594,0,0.410,0,air_dive,fallFast,1.000,1,0.231 0.457 -0.389 0.224 0.632 -0.128 -0.565 0.066 -0.002 -0.122,-245.66,349.53,63.39,-4.91,69.07,103.43,308,492,760,1116,0.421,0.157 -0.141 0.136 -0.023,-1.0,0,0.000,0.000,0.4882,-0.00,,-1.000,0.0,0.0,0.0,,,44.0,43.0,14.3,,0.174,-80.0,30.0,-1.00,61.7,67.7
359,5.9833,air,dive,-244.409,353.794,62.827,0.000,30.000,-21.882,37.132,30.000,61.936,0.00,0.00,0.00,0.00,0.000,0,,0,0.00,0.00,0.00,-245.537,350.278,62.878,72.21,-8.14,71.15,3.693,0.159,0.00,1.00,1,0,0,0,0,0,-8.14,-35.42,-6.00,0.1731,0.1923,0.3919,1,3.693,0,0.410,0,air_dive,fallFast,1.000,1,0.248 0.468 -0.380 0.279 0.630 -0.140 -0.562 0.025 -0.002 -0.173,-245.60,349.90,63.14,-6.57,70.71,103.53,308,496,768,1108,0.427,0.198 -0.158 0.112 -0.053,-1.0,0,0.000,0.000,0.4887,-0.00,,-1.000,0.0,0.0,0.0,,,43.2,41.4,18.1,,0.164,-80.0,30.0,-1.00,61.7,67.7
360,6.0000,air,dive,-244.409,354.294,62.454,0.000,30.000,-22.502,37.501,30.000,61.563,0.00,0.00,0.00,0.00,0.000,0,,0,0.00,0.00,0.00,-245.480,350.658,62.606,73.59,-9.62,71.25,3.793,0.171,0.00,1.00,1,0,0,0,0,0,-9.62,-35.45,-6.02,0.1765,0.1852,0.3944,1,3.793,0,0.410,0,air_dive,fallFast,1.000,1,0.266 0.475 -0.368 0.330 0.628 -0.149 -0.564 -0.018 -0.007 -0.222,-245.54,350.28,62.88,-8.14,72.21,103.63,308,504,776,1104,0.432,0.237 -0.173 0.085 -0.083,-1.0,0,0.000,0.000,0.4889,-0.00,,-1.000,0.0,0.0,0.0,,,42.6,39.7,21.7,,0.155,-80.0,30.0,-1.00,61.7,67.7
361,6.0167,air,dive,-244.409,354.794,62.072,0.000,30.000,-23.122,37.876,30.000,61.181,0.00,0.00,0.00,0.00,0.000,0,,0,0.00,0.00,0.00,-245.424,351.043,62.322,74.86,-11.01,71.35,3.894,0.185,0.00,1.00,1,0,0,0,0,0,-11.01,-35.48,-6.03,0.1800,0.1791,0.3975,1,3.894,0,0.411,0,air_dive,fallFast,1.000,1,0.283 0.480 -0.353 0.376 0.626 -0.155 -0.571 -0.061 -0.015 -0.267,-245.48,350.66,62.61,-9.62,73.59,103.74,308,508,780,1100,0.436,0.274 -0.186 0.056 -0.111,-1.0,0,0.000,0.000,0.4889,-0.00,,-1.000,0.0,0.0,0.0,,,42.1,37.9,24.8,,0.147,-80.0,30.0,-1.00,61.7,67.7
362,6.0333,air,dive,-244.409,355.294,61.678,0.000,30.000,-23.742,38.258,30.000,60.787,0.00,0.00,0.00,0.00,0.000,0,,0,0.00,0.00,0.00,-245.371,351.432,62.027,76.01,-12.31,71.45,3.995,0.199,0.00,1.00,1,0,0,0,0,0,-12.31,-35.52,-6.05,0.1873,0.1737,0.4030,1,3.995,0,0.411,0,air_dive,fallFast,1.000,1,0.300 0.482 -0.337 0.417 0.623 -0.159 -0.582 -0.103 -0.026 -0.310,-245.42,351.04,62.32,-11.01,74.86,103.84,312,516,784,1092,0.438,0.306 -0.196 0.025 -0.140,-1.0,0,0.000,0.000,0.4887,-0.00,,-1.000,0.0,0.0,0.0,,,41.8,36.0,27.6,,0.138,-80.0,30.0,-1.00,61.7,67.7
363,6.0500,air,dive,-244.409,355.794,61.275,0.000,30.000,-24.362,38.646,30.000,60.384,0.00,0.00,0.00,0.00,0.000,0,,0,0.00,0.00,0.00,-245.321,351.827,61.720,77.06,-13.52,71.56,4.095,0.213,0.00,1.00,1,0,0,0,0,0,-13.52,-35.57,-6.07,0.1924,0.1690,0.4079,1,4.095,0,0.411,0,air_dive,fallFast,1.000,1,0.315 0.482 -0.320 0.452 0.621 -0.161 -0.597 -0.143 -0.038 -0.348,-245.37,351.43,62.03,-12.31,76.01,103.95,312,528,788,1088,0.440,0.336 -0.203 -0.007 -0.166,-1.0,0,0.000,0.000,0.4886,-0.00,,-1.000,0.0,0.0,0.0,,,41.6,34.0,30.1,,0.131,-80.0,30.0,-1.00,61.7,67.7
364,6.0667,air,dive,-244.409,356.294,60.861,0.000,30.000,-24.982,39.040,30.000,59.970,0.00,0.00,0.00,0.00,0.000,0,,0,0.00,0.00,0.00,-245.272,352.227,61.401,78.02,-14.64,71.67,4.193,0.229,0.00,1.00,1,0,0,0,0,0,-14.64,-35.63,-6.08,0.1964,0.1648,0.4124,1,4.193,0,0.412,0,air_dive,fallFast,1.000,1,0.328 0.481 -0.302 0.483 0.618 -0.161 -0.614 -0.180 -0.052 -0.384,-245.32,351.83,61.72,-13.52,77.06,104.06,316,536,792,1084,0.442,0.361 -0.208 -0.039 -0.192,-1.0,0,0.000,0.000,0.4884,-0.00,,-1.000,0.0,0.0,0.0,,,41.5,31.9,32.1,,0.123,-80.0,30.0,-1.00,61.7,67.7
365,6.0833,air,dive,-244.409,356.794,60.437,0.000,30.000,-25.602,39.439,30.000,59.546,0.00,0.00,0.00,0.00,0.000,0,,0,0.00,0.00,0.00,-245.227,352.632,61.069,78.89,-15.68,71.78,4.289,0.246,0.00,1.00,1,0,0,0,0,0,-15.68,-35.71,-6.10,0.1992,0.1611,0.4159,1,4.289,0,0.413,0,air_dive,fallFast,1.000,1,0.339 0.479 -0.287 0.508 0.617 -0.158 -0.632 -0.213 -0.066 -0.415,-245.27,352.23,61.40,-14.64,78.02,104.17,320,544,796,1080,0.443,0.383 -0.211 -0.071 -0.215,-1.0,0,0.000,0.000,0.4882,-0.00,,-1.000,0.0,0.0,0.0,,,41.4,29.9,33.7,,0.116,-80.0,30.0,-1.00,61.7,67.7
366,6.1000,air,dive,-244.409,357.294,60.003,0.000,30.000,-26.222,39.845,30.000,59.112,0.00,0.00,0.00,0.00,0.000,0,,0,0.00,0.00,0.00,-245.184,353.042,60.724,79.67,-16.64,71.89,4.382,0.263,0.00,1.00,1,0,0,0,0,0,-16.64,-35.80,-6.12,0.2016,0.1575,0.4191,1,4.382,0,0.413,0,air_dive,fallFast,1.000,1,0.347 0.476 -0.273 0.529 0.615 -0.153 -0.650 -0.243 -0.079 -0.443,-245.23,352.63,61.07,-15.68,78.89,104.28,324,548,800,1076,0.445,0.401 -0.210 -0.102 -0.237,-1.0,0,0.000,0.000,0.4882,-0.00,,-1.000,0.0,0.0,0.0,,,41.2,27.8,34.9,,0.110,-80.0,30.0,-1.00,61.7,67.7
367,6.1167,air,dive,-244.409,357.794,59.558,0.000,30.000,-26.842,40.255,30.000,58.667,0.00,0.00,0.00,0.00,0.000,0,,0,0.00,0.00,0.00,-245.143,353.458,60.367,80.39,-17.54,72.00,4.471,0.282,0.00,1.00,1,0,0,0,0,0,-17.54,-35.91,-6.13,0.2027,0.1543,0.4217,1,4.471,0,0.414,0,air_dive,fallFast,1.000,1,0.353 0.474 -0.262 0.545 0.614 -0.146 -0.666 -0.271 -0.090 -0.467,-245.18,353.04,60.72,-16.64,79.67,104.39,324,552,800,1076,0.447,0.415 -0.207 -0.132 -0.256,-1.0,0,0.000,0.000,0.4884,-0.00,,-1.000,0.0,0.0,0.0,,,40.9,25.8,35.8,,0.103,-80.0,30.0,-1.00,61.7,67.7
368,6.1333,air,dive,-244.409,358.294,59.103,0.000,30.000,-27.462,40.671,30.000,58.212,0.00,0.00,0.00,0.00,0.000,0,,0,0.00,0.00,0.00,-245.106,353.879,59.996,81.04,-18.36,72.11,4.558,0.301,0.00,1.00,1,0,0,0,0,0,-18.36,-36.03,-6.15,0.2063,0.1511,0.4228,1,4.558,0,0.415,0,air_dive,fallCalm,1.000,1,0.356 0.473 -0.254 0.557 0.613 -0.137 -0.679 -0.295 -0.098 -0.490,-245.14,353.46,60.37,-17.54,80.39,104.50,328,556,804,1072,0.450,0.426 -0.202 -0.161 -0.274,-1.0,0,0.000,0.000,0.4886,-0.00,,-1.000,0.0,0.0,0.0,,,40.5,23.9,36.2,,0.098,-80.0,30.0,-1.00,61.7,67.7
369,6.1500,air,dive,-244.409,358.794,58.637,0.000,30.000,-28.082,41.092,30.000,57.746,0.00,0.00,0.00,0.00,0.000,0,,0,0.00,0.00,0.00,-245.067,354.333,59.613,81.62,-19.20,72.22,4.613,0.322,0.00,1.00,1,0,0,0,0,0,-19.20,-36.17,-6.17,0.2099,0.1490,0.4241,1,4.613,0,0.416,0,air_dive,fallCalm,1.000,1,0.356 0.473 -0.251 0.565 0.614 -0.125 -0.688 -0.319 -0.103 -0.509,-245.11,353.88,60.00,-18.36,81.04,104.62,332,560,808,1072,0.453,0.432 -0.195 -0.189 -0.288,-1.0,0,0.000,0.000,0.4890,-0.00,,-1.000,0.0,0.0,0.0,,,40.0,22.3,36.2,,0.092,-80.0,30.0,-1.00,61.7,67.7
370,6.1667,air,dive,-244.409,359.294,58.161,0.000,30.000,-28.702,41.519,30.000,57.270,0.00,0.00,0.00,0.00,0.000,0,,0,0.00,0.00,0.00,-245.027,354.818,59.216,82.14,-20.06,72.34,4.640,0.343,0.00,1.00,1,0,0,0,0,0,-20.06,-36.33,-6.18,0.2140,0.1475,0.4257,1,4.640,0,0.417,0,air_dive,fallCalm,1.000,1,0.352 0.475 -0.251 0.570 0.613 -0.111 -0.694 -0.341 -0.103 -0.526,-245.07,354.33,59.61,-19.20,81.62,104.73,336,564,812,1068,0.458,0.436 -0.185 -0.217 -0.300,-1.0,0,0.000,0.000,0.4895,-0.00,,-1.000,0.0,0.0,0.0,,,39.3,21.0,35.9,,0.087,-80.0,30.0,-1.00,61.7,67.7
371,6.1833,air,dive,-244.409,359.794,57.675,0.000,30.000,-29.322,41.950,30.000,56.784,0.00,0.00,0.00,0.00,0.000,0,,0,0.00,0.00,0.00,-244.991,355.305,58.806,82.62,-20.87,72.45,4.666,0.365,0.00,1.00,1,0,0,0,0,0,-20.87,-36.51,-6.20,0.2165,0.1459,0.4273,1,4.666,0,0.418,0,air_dive,fallCalm,1.000,1,0.346 0.479 -0.256 0.571 0.614 -0.094 -0.696 -0.364 -0.098 -0.540,-245.03,354.82,59.22,-20.06,82.14,104.85,336,564,812,1068,0.464,0.435 -0.172 -0.244 -0.309,-1.0,0,0.000,0.000,0.4901,-0.00,,-1.000,0.0,0.0,0.0,,,38.4,20.0,35.1,,0.082,-80.0,30.0,-1.00,61.7,67.7
372,6.2000,air,dive,-244.409,360.294,57.179,0.000,30.000,-29.942,42.385,30.000,56.288,0.00,0.00,0.00,0.00,0.000,0,,0,0.00,0.00,0.00,-244.958,355.793,58.382,83.05,-21.63,72.56,4.692,0.387,0.00,1.00,1,0,0,0,0,0,-21.63,-36.71,-6.22,0.2178,0.1438,0.4292,1,4.692,0,0.419,0,air_dive,fallCalm,1.000,1,0.336 0.485 -0.266 0.569 0.614 -0.075 -0.693 -0.388 -0.089 -0.552,-244.99,355.30,58.81,-20.87,82.62,104.96,336,568,816,1068,0.471,0.431 -0.158 -0.270 -0.315,-1.0,0,0.000,0.000,0.4908,-0.00,,-1.000,0.0,0.0,0.0,,,37.3,19.4,34.1,,0.077,-80.0,30.0,-1.00,61.7,67.7
373,6.2167,air,dive,-244.409,360.794,56.672,0.000,30.000,-30.562,42.826,30.000,55.781,0.00,0.00,0.00,0.00,0.000,0,,0,0.00,0.00,0.00,-244.928,356.282,57.946,83.44,-22.00,72.68,4.717,0.411,0.00,1.00,1,0,0,0,0,0,-22.00,-36.93,-6.23,0.2175,0.1415,0.4354,1,4.717,0,0.420,0,air_dive,fallCalm,1.000,1,0.324 0.493 -0.280 0.561 0.614 -0.056 -0.685 -0.411 -0.074 -0.557,-244.96,355.79,58.38,-21.63,83.05,105.08,336,572,820,1068,0.479,0.422 -0.142 -0.296 -0.317,-1.0,0,0.000,0.000,0.4916,-0.00,,-1.000,0.0,0.0,0.0,,,36.1,19.3,32.6,,0.072,-80.0,30.0,-1.00,61.7,67.7
374,6.2333,air,dive,-244.409,361.294,56.155,0.000,30.000,-31.182,43.270,30.000,55.264,0.00,0.00,0.00,0.00,0.000,0,,0,0.00,0.00,0.00,-244.901,356.773,57.496,83.80,-22.00,72.79,4.742,0.435,0.00,1.00,1,0,0,0,0,0,-22.00,-37.18,-6.25,0.2160,0.1389,0.4457,1,4.742,0,0.422,0,air_dive,fallCalm,1.000,1,0.308 0.504 -0.298 0.549 0.613 -0.036 -0.673 -0.434 -0.055 -0.556,-244.93,356.28,57.95,-22.00,83.44,105.19,344,576,824,1064,0.487,0.409 -0.125 -0.320 -0.315,-1.0,0,0.000,0.000,0.4924,-0.00,,-1.000,0.0,0.0,0.0,,,34.8,19.6,30.9,,0.068,-80.0,30.0,-1.00,61.7,67.7
375,6.2500,air,dive,-244.409,361.794,55.628,0.000,30.000,-31.802,43.719,30.000,54.737,0.00,0.00,0.00,0.00,0.000,0,,0,0.00,0.00,0.00,-244.876,357.264,57.033,84.11,-22.00,72.90,4.766,0.460,0.00,1.00,1,0,0,0,0,0,-22.00,-37.44,-6.27,0.2153,0.1360,0.4544,1,4.766,0,0.423,0,air_dive,fallCalm,1.000,1,0.289 0.516 -0.320 0.532 0.612 -0.015 -0.657 -0.458 -0.032 -0.552,-244.90,356.77,57.50,-22.00,83.80,105.31,352,588,828,1064,0.495,0.392 -0.107 -0.343 -0.309,-1.0,0,0.000,0.000,0.4933,-0.00,,-1.000,0.0,0.0,0.0,,,33.5,20.2,28.7,,0.064,-80.0,30.0,-1.00,61.7,67.7
376,6.2667,air,dive,-244.409,362.294,55.090,0.000,30.000,-32.422,44.172,30.000,54.199,0.00,0.00,0.00,0.00,0.000,0,,0,0.00,0.00,0.00,-244.854,357.757,56.558,84.40,-22.00,73.01,4.789,0.485,0.00,1.00,1,0,0,0,0,0,-22.00,-37.73,-6.28,0.2151,0.1327,0.4619,1,4.789,0,0.424,0,air_dive,fallCalm,1.000,1,0.266 0.529 -0.344 0.511 0.609 0.007 -0.636 -0.483 -0.004 -0.545,-244.88,357.26,57.03,-22.00,84.11,105.42,360,596,832,1064,0.502,0.370 -0.088 -0.362 -0.298,-1.0,0,0.000,0.000,0.4943,-0.00,,-1.000,0.0,0.0,0.0,,,32.2,21.3,26.3,,0.060,-80.0,30.0,-1.00,61.7,67.7
377,6.2833,air,dive,-244.409,362.794,54.542,0.000,30.000,-33.042,44.629,30.000,53.651,0.00,0.00,0.00,0.00,0.000,0,,0,0.00,0.00,0.00,-244.834,358.251,56.069,84.65,-22.00,73.12,4.812,0.512,0.00,1.00,1,0,0,0,0,0,-22.00,-38.04,-6.30,0.2142,0.1292,0.4686,1,4.812,0,0.426,0,air_dive,fallCalm,1.000,1,0.241 0.542 -0.371 0.486 0.605 0.030 -0.611 -0.507 0.026 -0.533,-244.85,357.76,56.56,-22.00,84.40,105.53,368,604,836,1060,0.508,0.343 -0.070 -0.378 -0.282,-1.0,0,0.000,0.000,0.4952,-0.00,,-1.000,0.0,0.0,0.0,,,31.2,22.7,23.6,,0.057,-80.0,30.0,-1.00,61.7,67.7
378,6.3000,air,dive,-244.409,363.294,53.983,0.000,30.000,-33.662,45.090,30.000,53.092,0.00,0.00,0.00,0.00,0.000,0,,0,0.00,0.00,0.00,-244.817,358.745,55.568,84.88,-22.00,73.23,4.834,0.538,0.00,1.00,1,0,0,0,0,0,-22.00,-38.37,-6.32,0.2124,0.1253,0.4747,1,4.834,0,0.427,0,air_dive,fallCalm,1.000,1,0.212 0.554 -0.399 0.456 0.599 0.051 -0.581 -0.528 0.059 -0.517,-244.83,358.25,56.07,-22.00,84.65,105.64,376,612,840,1060,0.511,0.311 -0.053 -0.389 -0.261,-1.0,0,0.000,0.000,0.4962,-0.00,,-1.000,0.0,0.0,0.0,,,30.5,24.5,20.6,,0.054,-80.0,30.0,-1.00,61.7,67.7
379,6.3167,air,dive,-244.409,363.794,53.414,0.000,30.000,-34.282,45.555,30.000,52.523,0.00,0.00,0.00,0.00,0.000,0,,0,0.00,0.00,0.00,-244.801,359.240,55.054,85.09,-22.00,73.34,4.856,0.565,0.00,1.00,1,0,0,0,0,0,-22.00,-38.73,-6.33,0.2101,0.1212,0.4804,1,4.856,0,0.428,0,air_dive,fallCalm,1.000,1,0.180 0.564 -0.427 0.421 0.592 0.071 -0.549 -0.545 0.093 -0.496,-244.82,358.74,55.57,-22.00,84.88,105.75,384,616,848,1056,0.511,0.273 -0.037 -0.393 -0.234,-1.0,0,0.000,0.000,0.4973,-0.00,,-1.000,0.0,0.0,0.0,,,30.5,26.5,17.3,,0.050,-80.0,30.0,-1.00,61.7,67.7
380,6.3333,swing,swingLow,-244.375,364.095,52.756,4.116,6.328,-44.362,45.000,7.549,51.865,-274.61,416.35,109.39,50.57,0.063,0,,0,0.00,0.00,0.00,-244.793,359.608,54.516,84.68,-22.00,73.57,4.838,0.591,0.00,1.00,1,0,0,0,0,0,-22.00,-38.97,-6.35,0.2128,0.1092,0.5005,1,4.838,0,0.429,0,air_dive,fallCalm,1.000,1,0.075 0.578 -0.475 0.282 0.586 0.139 -0.461 -0.586 0.141 -0.385,-244.80,359.24,55.05,-22.00,85.09,105.86,392,620,852,1056,0.494,0.114 0.034 -0.406 -0.103,19.3,1,0.000,0.000,0.5034,-0.00,,-1.000,0.0,0.0,0.0,,,33.6,26.6,23.5,,0.047,-80.0,30.0,-1.00,61.7,67.7
381,6.3500,swing,swingLow,-244.314,364.205,52.017,3.468,6.906,-44.331,45.000,7.728,51.126,-274.61,416.35,109.39,50.57,0.172,0,,0,0.00,0.00,0.00,-244.780,359.933,53.817,83.78,-22.00,74.04,4.660,0.615,0.00,1.00,1,0,0,0,0,0,-22.00,-39.00,-6.37,0.2078,0.1217,0.5158,1,4.660,0,0.429,0,swing,fallCalm,1.000,1,0.126 0.558 -0.436 0.284 0.604 0.066 -0.522 -0.505 0.084 -0.343,-244.79,359.61,54.52,-22.00,84.68,106.09,412,640,876,1056,0.459,0.098 -0.026 -0.317 -0.049,13.4,1,0.000,0.000,0.5014,-0.00,,-1.000,0.0,0.0,0.0,,,39.2,32.0,27.7,,0.045,-80.0,30.0,-1.00,61.7,67.7
382,6.3667,swing,swingLow,-244.263,364.325,51.278,2.878,7.489,-44.279,45.000,8.023,50.387,-274.61,416.35,109.39,50.57,0.263,0,,0,0.00,0.00,0.00,-244.761,360.209,53.078,83.10,-22.00,74.69,4.520,0.637,0.00,1.00,1,0,0,0,0,0,-22.00,-38.90,-6.38,0.1984,0.1387,0.5217,1,4.520,0,0.427,0,swing,fallCalm,1.000,1,0.179 0.537 -0.390 0.289 0.684 0.064 -0.582 -0.428 0.019 -0.319,-244.78,359.93,53.82,-22.00,83.78,106.56,432,652,860,1076,0.432,0.091 -0.025 -0.244 -0.020,8.2,1,0.000,0.000,0.5026,-0.00,,-1.000,0.0,0.0,0.0,,,43.3,35.7,31.4,,0.042,-80.0,30.0,-1.00,61.7,67.7
383,6.3833,swing,swingLow,-244.222,364.454,50.541,2.315,8.074,-44.209,45.000,8.399,49.650,-274.61,416.35,109.39,50.57,0.338,0,,0,0.00,0.00,0.00,-244.740,360.442,52.341,82.63,-22.00,75.47,4.428,0.657,0.00,1.00,1,0,0,0,0,0,-22.00,-38.69,-6.40,0.1910,0.1524,0.5262,1,4.428,0,0.425,0,swing,fallCalm,1.000,1,0.231 0.518 -0.345 0.311 0.768 0.091 -0.620 -0.367 -0.038 -0.316,-244.76,360.21,53.08,-22.00,83.10,107.21,444,656,848,1092,0.415,0.106 0.005 -0.188 -0.015,3.3,1,0.000,0.000,0.5054,-0.00,,-1.000,0.0,0.0,0.0,,,45.6,37.3,34.2,,0.039,-80.0,30.0,-1.00,61.7,67.7
384,6.4000,swing,swingLow,-244.190,364.594,49.804,1.777,8.660,-44.123,45.000,8.840,48.913,-274.61,416.35,109.39,50.57,0.400,0,,0,0.00,0.00,0.00,-244.722,360.643,51.604,82.32,-22.00,76.32,4.374,0.675,0.00,1.00,1,0,0,0,0,0,-22.00,-38.43,-6.42,0.1939,0.1628,0.5335,1,4.374,0,0.422,0,swing,fallCalm,1.000,1,0.270 0.504 -0.306 0.329 0.845 0.165 -0.643 -0.318 -0.091 -0.328,-244.74,360.44,52.34,-22.00,82.63,107.98,452,664,840,1112,0.408,0.120 0.082 -0.143 -0.029,1.5,1,0.000,0.000,0.5091,-0.00,,-1.000,0.0,0.0,0.0,,,46.6,37.8,35.6,,0.037,-80.0,30.0,-1.00,61.7,67.7
385,6.4167,swing,swingLow,-244.166,364.743,49.070,1.263,9.247,-44.022,45.000,9.333,48.179,-274.61,416.35,109.39,50.57,0.453,0,,0,0.00,0.00,0.00,-244.709,360.823,50.870,82.11,-22.00,77.20,4.347,0.691,0.00,1.00,1,0,0,0,0,0,-22.00,-38.13,-6.43,0.1964,0.1689,0.5389,1,4.347,0,0.420,0,swing,fallCalm,1.000,1,0.300 0.493 -0.272 0.344 0.896 0.272 -0.656 -0.280 -0.140 -0.348,-244.72,360.64,51.60,-22.00,82.32,108.81,460,672,840,1124,0.405,0.136 0.195 -0.109 -0.053,4.5,1,0.000,0.000,0.5123,-0.00,,-1.000,0.0,0.0,0.0,,,46.9,37.7,36.4,,0.035,-80.0,30.0,-1.00,61.7,67.7
386,6.4333,swing,swingLow,-244.151,364.901,48.337,0.773,9.835,-43.905,45.000,9.865,47.446,-274.61,416.35,109.39,50.57,0.496,0,,0,0.00,0.00,0.00,-244.704,360.989,50.137,81.96,-22.00,78.07,4.342,0.707,0.00,1.00,1,0,0,0,0,0,-22.00,-37.82,-6.45,0.1975,0.1702,0.5425,1,4.342,0,0.417,0,swing,fallCalm,1.000,1,0.323 0.484 -0.242 0.360 0.909 0.396 -0.664 -0.253 -0.186 -0.370,-244.71,360.82,50.87,-22.00,82.11,109.66,464,680,840,1124,0.405,0.154 0.322 -0.085 -0.083,7.4,1,0.000,0.000,0.5142,-0.00,,-1.000,0.0,0.0,0.0,,,47.0,37.3,37.0,,0.033,-80.0,30.0,-1.00,61.7,67.7
387,6.4500,swing,swingLow,-244.143,365.070,47.606,0.306,10.423,-43.775,45.000,10.427,46.715,-274.61,416.35,109.39,50.57,0.533,0,,0,0.00,0.00,0.00,-244.707,361.149,49.406,81.81,-22.00,78.88,4.351,0.720,0.00,1.00,1,0,0,0,0,0,-22.00,-37.51,-6.47,0.2096,0.1668,0.5385,1,4.351,0,0.413,0,swing,fallCalm,1.000,1,0.342 0.475 -0.214 0.377 0.882 0.514 -0.670 -0.236 -0.227 -0.392,-244.70,360.99,50.14,-22.00,81.96,110.50,468,684,840,1128,0.405,0.173 0.441 -0.073 -0.114,9.9,1,0.000,0.000,0.5143,-0.00,,-1.000,0.0,0.0,0.0,,,47.0,36.9,37.4,,0.031,-80.0,30.0,-1.00,61.7,67.7
388,6.4667,swing,swingLow,-244.143,365.248,46.878,-0.140,11.011,-43.632,45.000,11.012,45.987,-274.61,416.35,109.39,50.57,0.564,0,,0,0.00,0.00,0.00,-244.720,361.308,48.678,81.67,-22.00,79.60,4.370,0.733,0.00,1.00,1,0,0,0,0,0,-22.00,-37.20,-6.48,0.2243,0.1600,0.5310,1,4.370,0,0.410,0,swing,swingLow,1.000,1,0.356 0.468 -0.188 0.394 0.827 0.611 -0.674 -0.230 -0.260 -0.409,-244.71,361.15,49.41,-22.00,81.81,111.27,464,684,844,1116,0.404,0.192 0.537 -0.073 -0.144,11.9,1,0.000,0.000,0.5131,-0.00,,-1.000,0.0,0.0,0.0,,,47.1,36.8,37.7,,0.029,-80.0,30.0,-1.00,61.7,67.7
389,6.4833,swing,swingLow,-244.150,365.437,46.152,-0.565,11.600,-43.475,45.000,11.614,45.261,-274.61,416.35,109.39,50.57,0.591,0,,0,0.00,0.00,0.00,-244.743,361.469,47.952,81.51,-22.00,80.24,4.397,0.745,0.00,1.00,1,0,0,0,0,0,-22.00,-36.91,-6.50,0.2329,0.1522,0.5255,1,4.397,0,0.407,0,swing,swingLow,1.000,1,0.370 0.459 -0.158 0.414 0.762 0.677 -0.682 -0.233 -0.291 -0.426,-244.72,361.31,48.68,-22.00,81.67,111.96,456,684,848,1108,0.403,0.215 0.601 -0.087 -0.176,14.0,1,0.000,0.000,0.5112,-0.00,,-1.000,0.0,0.0,0.0,,,47.1,36.3,38.2,,0.027,-80.0,30.0,-1.00,61.7,67.7
390,6.5000,swing,swingLow,-244.165,365.635,45.428,-0.970,12.189,-43.307,45.000,12.227,44.537,-274.61,416.35,109.39,50.57,0.614,0,,0,0.00,0.00,0.00,-244.775,361.635,47.228,81.32,-22.00,80.77,4.428,0.755,0.00,1.00,1,0,0,0,0,0,-22.00,-36.63,-6.52,0.2353,0.1451,0.5216,1,4.428,0,0.404,0,swing,swingCornerBank,1.000,1,0.384 0.449 -0.123 0.436 0.702 0.713 -0.694 -0.240 -0.320 -0.437,-244.74,361.47,47.95,-22.00,81.51,112.55,452,680,848,1096,0.401,0.240 0.635 -0.108 -0.204,16.3,1,0.000,0.000,0.5093,0.00,,-1.000,0.0,0.0,0.0,,,47.4,35.9,39.1,,0.025,-80.0,30.0,-1.00,61.7,67.7
391,6.5167,swing,swingLow,-244.185,365.842,44.708,-1.356,12.777,-43.127,45.000,12.849,43.817,-274.61,416.35,109.39,50.57,0.633,0,,0,0.00,0.00,0.00,-244.815,361.808,46.508,81.12,-22.00,81.22,4.462,0.765,0.00,1.00,1,0,0,0,0,0,-22.00,-36.38,-6.53,0.2298,0.1442,0.5205,1,4.462,0,0.402,0,swing,swingCornerBank,1.000,1,0.397 0.438 -0.087 0.457 0.705 0.704 -0.706 -0.248 -0.344 -0.442,-244.77,361.64,47.23,-22.00,81.32,113.05,452,676,852,1100,0.396,0.265 0.633 -0.134 -0.227,18.5,1,0.000,0.000,0.5105,0.01,,-1.000,0.0,0.0,0.0,,,47.9,35.6,40.2,,0.024,-80.0,30.0,-1.00,61.7,67.7
392,6.5333,swing,swingLow,-244.212,366.060,43.991,-1.724,13.365,-42.935,45.000,13.476,43.100,-274.61,416.35,109.39,50.57,0.650,0,,0,0.00,0.00,0.00,-244.864,361.989,45.791,80.91,-22.00,81.58,4.499,0.774,0.00,1.00,1,0,0,0,0,0,-22.00,-36.15,-6.55,0.2236,0.1429,0.5188,1,4.499,0,0.399,0,swing,swingCornerBank,1.000,1,0.409 0.426 -0.050 0.476 0.708 0.694 -0.718 -0.255 -0.362 -0.441,-244.82,361.81,46.51,-22.00,81.12,113.47,456,672,856,1100,0.391,0.288 0.629 -0.162 -0.243,20.5,1,0.000,0.000,0.5114,0.03,,-1.000,0.0,0.0,0.0,,,48.6,35.5,41.4,,0.022,-80.0,30.0,-1.00,61.7,67.7
393,6.5500,swing,swingLow,-244.245,366.288,43.277,-2.074,13.952,-42.732,45.000,14.106,42.386,-274.61,416.35,109.39,50.57,0.665,0,,0,0.00,0.00,0.00,-244.919,362.178,45.077,80.68,-22.00,81.88,4.537,0.782,0.00,1.00,1,0,0,0,0,0,-22.00,-35.94,-6.57,0.2178,0.1414,0.5169,1,4.537,0,0.397,0,swing,swingCornerBank,1.000,1,0.419 0.416 -0.018 0.490 0.709 0.686 -0.726 -0.258 -0.374 -0.438,-244.86,361.99,45.79,-22.00,80.91,113.80,456,664,860,1104,0.386,0.308 0.625 -0.185 -0.255,22.2,1,0.000,0.000,0.5122,0.06,,-1.000,0.0,0.0,0.0,,,49.2,35.5,42.4,,0.021,-80.0,30.0,-1.00,61.7,67.7
394,6.5667,swing,swingLow,-244.283,366.525,42.567,-2.408,14.539,-42.519,45.000,14.737,41.676,-274.61,416.35,109.39,50.57,0.678,0,,0,0.00,0.00,0.00,-244.981,362.377,44.367,80.44,-22.00,82.11,4.575,0.790,0.00,1.00,1,0,0,0,0,0,-22.00,-35.75,-6.58,0.2131,0.1398,0.5149,1,4.575,0,0.394,0,swing,swingCornerBank,1.000,1,0.425 0.409 0.004 0.499 0.709 0.682 -0.730 -0.258 -0.383 -0.435,-244.92,362.18,45.08,-22.00,80.68,114.07,456,660,860,1104,0.383,0.323 0.624 -0.202 -0.264,23.4,1,0.000,0.000,0.5129,0.09,,-1.000,0.0,0.0,0.0,,,49.5,35.4,43.0,,0.020,-80.0,30.0,-1.00,61.7,67.7
395,6.5833,swing,swingLow,-244.327,366.772,41.860,-2.726,15.124,-42.295,45.000,15.368,40.969,-274.61,416.35,109.39,50.57,0.690,0,,0,0.00,0.00,0.00,-245.049,362.585,43.660,80.21,-22.00,82.28,4.614,0.796,0.00,1.00,1,0,0,0,0,0,-22.00,-35.58,-6.60,0.2098,0.1380,0.5128,1,4.614,0,0.392,0,swing,swingCornerBank,1.000,1,0.427 0.405 0.017 0.506 0.706 0.681 -0.732 -0.258 -0.388 -0.434,-244.98,362.38,44.37,-22.00,80.44,114.28,456,656,864,1104,0.382,0.334 0.626 -0.213 -0.273,24.1,1,0.000,0.000,0.5133,0.14,,-1.000,0.0,0.0,0.0,,,49.6,35.3,43.1,,0.019,-80.0,30.0,-1.00,61.7,67.7
396,6.6000,swing,swingLow,-244.375,367.029,41.157,-3.029,15.708,-42.061,45.000,15.997,40.266,-274.61,416.35,109.39,50.57,0.701,0,,0,0.00,0.00,0.00,-245.122,362.803,42.957,79.98,-22.00,82.41,4.654,0.803,0.00,1.00,1,0,0,0,0,0,-22.00,-35.42,-6.62,0.2082,0.1362,0.5108,1,4.654,0,0.390,0,swing,swingCornerBank,1.000,1,0.426 0.406 0.020 0.510 0.701 0.685 -0.733 -0.261 -0.390 -0.438,-245.05,362.58,43.66,-22.00,80.21,114.45,456,652,864,1100,0.385,0.341 0.631 -0.222 -0.282,24.3,1,0.000,0.000,0.5134,0.20,,-1.000,0.0,0.0,0.0,,,49.2,35.1,42.7,,0.017,-80.0,30.0,-1.00,61.7,67.7
397,6.6167,swing,swingLow,-244.429,367.295,40.458,-3.318,16.290,-41.816,45.000,16.625,39.567,-274.61,416.35,109.39,50.57,0.710,0,,0,0.00,0.00,0.00,-245.200,363.030,42.258,79.75,-22.00,82.50,4.693,0.808,0.00,1.00,1,0,0,0,0,0,-22.00,-35.29,-6.63,0.2080,0.1344,0.5088,1,4.693,0,0.388,0,swing,swingCornerBank,1.000,1,0.422 0.410 0.015 0.512 0.694 0.691 -0.732 -0.266 -0.391 -0.445,-245.12,362.80,42.96,-22.00,79.98,114.56,452,652,868,1100,0.389,0.344 0.640 -0.227 -0.291,24.0,1,0.000,0.000,0.5133,0.27,,-1.000,0.0,0.0,0.0,,,48.6,34.9,41.8,,0.016,-80.0,30.0,-1.00,61.7,67.7
398,6.6333,swing,swingLow,-244.487,367.571,39.763,-3.592,16.871,-41.563,45.000,17.249,38.872,-274.61,416.35,109.39,50.57,0.719,0,,0,0.00,0.00,0.00,-245.282,363.268,41.563,79.54,-22.00,82.57,4.732,0.813,0.00,1.00,1,0,0,0,0,0,-22.00,-35.17,-6.65,0.2085,0.1327,0.5067,1,4.732,0,0.387,0,swing,swingCornerBank,1.000,1,0.416 0.415 0.003 0.513 0.686 0.700 -0.731 -0.272 -0.390 -0.454,-245.20,363.03,42.26,-22.00,79.75,114.65,452,648,868,1096,0.396,0.346 0.650 -0.230 -0.302,23.4,1,0.000,0.000,0.5129,0.35,,-1.000,0.0,0.0,0.0,,,47.8,34.5,40.8,,0.015,-80.0,30.0,-1.00,61.7,67.7
399,6.6500,swing,swingLow,-244.550,367.857,39.072,-3.854,17.450,-41.299,45.000,17.871,38.181,-274.61,416.35,109.39,50.57,0.728,0,,0,0.00,0.00,0.00,-245.368,363.515,40.872,79.33,-22.00,82.60,4.771,0.818,0.00,1.00,1,0,0,0,0,0,-22.00,-35.07,-6.67,0.2095,0.1311,0.5046,1,4.771,0,0.385,0,swing,swingCornerBank,1.000,1,0.409 0.422 -0.013 0.512 0.677 0.711 -0.729 -0.279 -0.389 -0.465,-245.28,363.27,41.56,-22.00,79.54,114.71,448,648,868,1096,0.404,0.348 0.662 -0.230 -0.313,22.8,1,0.000,0.000,0.5125,0.43,,-1.000,0.0,0.0,0.0,,,46.8,33.9,39.5,,0.014,-80.0,30.0,-1.00,61.7,67.7
400,6.6667,swing,swingLow,-244.617,368.153,38.386,-4.103,18.027,-41.027,45.000,18.488,37.495,-274.61,416.35,109.39,50.57,0.735,0,,0,0.00,0.00,0.00,-245.457,363.773,40.186,79.14,-22.00,82.62,4.809,0.823,0.00,1.00,1,0,0,0,0,0,-22.00,-34.97,-6.68,0.2107,0.1295,0.5023,1,4.809,0,0.384,0,swing,swingCornerBank,1.000,1,0.401 0.430 -0.033 0.510 0.669 0.722 -0.727 -0.285 -0.388 -0.477,-245.37,363.52,40.87,-22.00,79.33,114.74,444,644,868,1096,0.412,0.349 0.675 -0.227 -0.325,22.0,1,0.000,0.000,0.5119,0.52,,-1.000,0.0,0.0,0.0,,,45.7,33.3,38.2,,0.014,-80.0,30.0,-1.00,61.7,67.7
401,6.6833,swing,swingLow,-244.688,368.458,37.705,-4.339,18.602,-40.745,45.000,19.101,36.814,-274.61,416.35,109.39,50.57,0.743,0,,0,0.00,0.00,0.00,-245.549,364.040,39.505,78.97,-22.00,82.62,4.848,0.827,0.00,1.00,1,0,0,0,0,0,-22.00,-34.89,-6.70,0.2123,0.1279,0.5001,1,4.848,0,0.382,0,swing,swingCornerBank,1.000,1,0.391 0.439 -0.057 0.508 0.659 0.734 -0.724 -0.289 -0.385 -0.490,-245.46,363.77,40.19,-22.00,79.14,114.76,444,644,868,1096,0.421,0.349 0.689 -0.220 -0.338,21.1,1,0.000,0.000,0.5112,0.61,,-1.000,0.0,0.0,0.0,,,44.5,32.5,36.7,,0.013,-80.0,30.0,-1.00,61.7,67.7
402,6.7000,swing,swingLow,-244.763,368.773,37.028,-4.565,19.174,-40.454,45.000,19.710,36.137,-274.61,416.35,109.39,50.57,0.749,0,,0,0.00,0.00,0.00,-245.644,364.317,38.828,78.81,-22.00,82.61,4.885,0.830,0.00,1.00,1,0,0,0,0,0,-22.00,-34.82,-6.72,0.2140,0.1263,0.4977,1,4.885,0,0.381,0,swing,swingCornerBank,1.000,1,0.381 0.448 -0.082 0.504 0.649 0.747 -0.720 -0.292 -0.383 -0.502,-245.55,364.04,39.50,-22.00,78.97,114.76,440,644,868,1092,0.430,0.349 0.703 -0.210 -0.351,20.2,1,0.000,0.000,0.5105,0.69,,-1.000,0.0,0.0,0.0,,,43.2,31.8,35.2,,0.012,-80.0,30.0,-1.00,61.7,67.7
403,6.7167,swing,swingLow,-244.841,369.097,36.357,-4.779,19.744,-40.154,45.000,20.314,35.466,-274.61,416.35,109.39,50.57,0.756,0,,0,0.00,0.00,0.00,-245.742,364.604,38.157,78.67,-22.00,82.59,4.923,0.833,0.00,1.00,1,0,0,0,0,0,-22.00,-34.76,-6.73,0.2157,0.1247,0.4954,1,4.923,0,0.380,0,swing,swingLow,1.000,1,0.370 0.457 -0.110 0.499 0.639 0.760 -0.714 -0.292 -0.379 -0.516,-245.64,364.32,38.83,-22.00,78.81,114.75,436,640,868,1088,0.440,0.349 0.718 -0.196 -0.363,19.3,1,0.000,0.000,0.5098,0.78,,-1.000,0.0,0.0,0.0,,,41.9,31.0,33.6,,0.011,-80.0,30.0,-1.00,61.7,67.7
404,6.7333,swing,swingLow,-244.923,369.431,35.690,-4.983,20.310,-39.845,45.000,20.913,34.799,-274.61,416.35,109.39,50.57,0.762,0,,0,0.00,0.00,0.00,-245.837,364.924,37.490,78.54,-22.00,82.55,4.939,0.836,0.00,1.00,1,0,0,0,0,0,-22.00,-34.71,-6.75,0.2186,0.1235,0.4941,1,4.939,0,0.379,0,swing,swingLow,1.000,1,0.358 0.466 -0.139 0.494 0.628 0.773 -0.707 -0.289 -0.375 -0.528,-245.74,364.60,38.16,-22.00,78.67,114.72,432,640,868,1084,0.449,0.348 0.733 -0.180 -0.374,18.3,1,0.000,0.000,0.5091,0.87,,-1.000,0.0,0.0,0.0,,,40.5,30.1,32.1,,0.010,-80.0,30.0,-1.00,61.7,67.7
405,6.7500,swing,swingLow,-245.008,369.774,35.028,-5.177,20.874,-39.528,45.000,21.506,34.137,-274.61,416.35,109.39,50.57,0.768,0,,0,0.00,0.00,0.00,-245.931,365.268,36.828,78.43,-22.00,82.52,4.939,0.839,0.00,1.00,1,0,0,0,0,0,-22.00,-34.66,-6.77,0.2222,0.1226,0.4935,1,4.939,0,0.378,0,swing,swingLow,1.000,1,0.346 0.475 -0.168 0.488 0.618 0.786 -0.699 -0.284 -0.371 -0.540,-245.84,364.92,37.49,-22.00,78.54,114.70,428,640,868,1084,0.458,0.349 0.747 -0.161 -0.385,17.4,1,0.000,0.000,0.5084,0.96,,-1.000,0.0,0.0,0.0,,,39.2,29.3,30.5,,0.010,-80.0,30.0,-1.00,61.7,67.7
406,6.7667,swing,swingLow,-245.096,370.126,34.372,-5.361,21.435,-39.202,45.000,22.095,33.481,-274.61,416.35,109.39,50.57,0.774,0,,0,0.00,0.00,0.00,-246.027,365.622,36.172,78.33,-22.00,82.48,4.939,0.842,0.00,1.00,1,0,0,0,0,0,-22.00,-34.62,-6.78,0.2255,0.1216,0.4928,1,4.939,0,0.377,0,swing,swingLow,1.000,1,0.334 0.484 -0.196 0.481 0.607 0.799 -0.689 -0.278 -0.366 -0.550,-245.93,365.27,36.83,-22.00,78.43,114.66,428,640,868,1080,0.467,0.348 0.762 -0.141 -0.392,16.4,1,0.000,0.000,0.5078,1.05,,-1.000,0.0,0.0,0.0,,,37.8,28.5,29.0,,0.009,-80.0,30.0,-1.00,61.7,67.7
407,6.7833,swing,swingLow,-245.188,370.488,33.722,-5.536,21.992,-38.868,45.000,22.678,32.831,-274.61,416.35,109.39,50.57,0.780,0,,0,0.00,0.00,0.00,-246.125,365.985,35.522,78.25,-22.00,82.43,4.939,0.844,0.00,1.00,1,0,0,0,0,0,-22.00,-34.59,-6.80,0.2287,0.1205,0.4920,1,4.939,0,0.377,0,swing,swingLow,1.000,1,0.322 0.492 -0.224 0.475 0.595 0.812 -0.678 -0.270 -0.362 -0.560,-246.03,365.62,36.17,-22.00,78.33,114.63,424,644,872,1076,0.475,0.348 0.776 -0.120 -0.399,15.5,1,0.000,0.000,0.5072,1.14,,-1.000,0.0,0.0,0.0,,,36.5,27.8,27.5,,0.009,-80.0,30.0,-1.00,61.7,67.7
408,6.8000,swing,swingLow,-245.282,370.859,33.077,-5.702,22.546,-38.525,45.000,23.256,32.186,-274.61,416.35,109.39,50.57,0.785,0,,0,0.00,0.00,0.00,-246.224,366.358,34.877,78.18,-22.00,82.39,4.939,0.846,0.00,1.00,1,0,0,0,0,0,-22.00,-34.56,-6.82,0.2316,0.1192,0.4911,1,4.939,0,0.376,0,swing,swingLow,1.000,1,0.309 0.499 -0.250 0.467 0.584 0.824 -0.666 -0.262 -0.358 -0.567,-246.12,365.99,35.52,-22.00,78.25,114.59,420,644,868,1076,0.483,0.347 0.790 -0.101 -0.401,14.6,1,0.000,0.000,0.5067,1.24,,-1.000,0.0,0.0,0.0,,,35.3,27.0,26.1,,0.008,-80.0,30.0,-1.00,61.7,67.7
409,6.8167,swing,swingLow,-245.378,371.240,32.438,-5.860,23.096,-38.174,45.000,23.827,31.547,-274.61,416.35,109.39,50.57,0.791,0,,0,0.00,0.00,0.00,-246.325,366.739,34.238,78.12,-22.00,82.34,4.939,0.848,0.00,1.00,1,0,0,0,0,0,-22.00,-34.53,-6.83,0.2342,0.1179,0.4901,1,4.939,0,0.375,0,swing,swingLow,1.000,1,0.297 0.507 -0.275 0.460 0.573 0.836 -0.654 -0.254 -0.354 -0.572,-246.22,366.36,34.88,-22.00,78.18,114.55,420,644,872,1076,0.491,0.347 0.803 -0.082 -0.402,13.8,1,0.000,0.000,0.5062,1.33,,-1.000,0.0,0.0,0.0,,,34.1,26.3,24.7,,0.008,-80.0,30.0,-1.00,61.7,67.7
410,6.8333,swing,swingLow,-245.477,371.629,31.804,-6.010,23.642,-37.815,45.000,24.394,30.913,-274.61,416.35,109.39,50.57,0.796,0,,0,0.00,0.00,0.00,-246.428,367.129,33.604,78.07,-22.00,82.24,4.939,0.850,0.00,1.00,1,0,0,0,0,0,-22.00,-34.51,-6.85,0.2366,0.1166,0.4890,1,4.939,0,0.375,0,swing,swingLow,1.000,1,0.285 0.513 -0.297 0.450 0.562 0.847 -0.641 -0.248 -0.351 -0.574,-246.33,366.74,34.24,-22.00,78.12,114.50,416,644,872,1072,0.497,0.344 0.816 -0.068 -0.398,13.1,1,0.000,0.000,0.5057,1.42,,-1.000,0.0,0.0,0.0,,,32.9,25.6,23.4,,0.007,-80.0,30.0,-1.00,61.7,67.7
411,6.8500,swing,swingLow,-245.579,372.028,31.177,-6.152,24.184,-37.447,45.000,24.954,30.286,-274.61,416.35,109.39,50.57,0.801,0,,0,0.00,0.00,0.00,-246.532,367.528,32.977,78.04,-22.00,82.04,4.939,0.852,0.00,1.00,1,0,0,0,0,0,-22.00,-34.47,-6.87,0.2392,0.1155,0.4878,1,4.939,0,0.374,0,swing,swingLow,1.000,1,0.274 0.519 -0.317 0.441 0.551 0.858 -0.629 -0.243 -0.349 -0.575,-246.43,367.13,33.60,-22.00,78.07,114.41,416,644,872,1072,0.503,0.341 0.828 -0.056 -0.392,12.4,1,0.000,0.000,0.5053,1.51,,-1.000,0.0,0.0,0.0,,,31.8,25.0,22.2,,0.007,-80.0,30.0,-1.00,61.7,67.7
412,6.8667,swing,swingLow,-245.683,372.435,30.556,-6.287,24.721,-37.072,45.000,25.508,29.665,-274.61,416.35,109.39,50.57,0.807,0,,0,0.00,0.00,0.00,-246.638,367.936,32.356,78.02,-22.00,81.76,4.939,0.853,0.00,1.00,1,0,0,0,0,0,-22.00,-34.40,-6.88,0.2417,0.1145,0.4864,1,4.939,0,0.374,0,swing,swingLow,1.000,1,0.263 0.525 -0.334 0.430 0.540 0.868 -0.618 -0.241 -0.347 -0.573,-246.53,367.53,32.98,-22.00,78.04,114.22,412,644,872,1068,0.509,0.335 0.840 -0.048 -0.383,11.7,1,0.000,0.000,0.5048,1.61,,-1.000,0.0,0.0,0.0,,,30.8,24.4,21.1,,0.006,-80.0,30.0,-1.00,61.7,67.7
413,6.8833,swing,swingLow,-245.789,372.851,29.942,-6.415,25.255,-36.689,45.000,26.056,29.051,-274.61,416.35,109.39,50.57,0.812,0,,0,0.00,0.00,0.00,-246.745,368.352,31.742,78.01,-22.00,81.42,4.939,0.854,0.00,1.00,1,0,0,0,0,0,-22.00,-34.29,-6.90,0.2440,0.1136,0.4849,1,4.939,0,0.374,0,swing,swingLow,1.000,1,0.252 0.530 -0.350 0.418 0.530 0.877 -0.607 -0.241 -0.346 -0.569,-246.64,367.94,32.36,-22.00,78.02,113.96,408,644,872,1064,0.514,0.328 0.851 -0.043 -0.371,11.2,1,0.000,0.000,0.5044,1.70,,-1.000,0.0,0.0,0.0,,,29.8,23.9,20.0,,0.006,-80.0,30.0,-1.00,61.7,67.7
414,6.9000,swing,swingLow,-245.897,373.277,29.333,-6.536,25.783,-36.298,45.000,26.599,28.442,-274.61,416.35,109.39,50.57,0.817,0,,0,0.00,0.00,0.00,-246.853,368.778,31.133,78.00,-22.00,81.04,4.939,0.856,0.00,1.00,1,0,0,0,0,0,-22.00,-34.12,-6.92,0.2462,0.1128,0.4833,1,4.939,0,0.373,0,swing,swingLow,1.000,1,0.242 0.534 -0.361 0.403 0.520 0.887 -0.597 -0.247 -0.345 -0.562,-246.74,368.35,31.74,-22.00,78.01,113.65,408,640,872,1064,0.518,0.317 0.861 -0.046 -0.357,10.6,1,0.000,0.000,0.5039,1.78,,-1.000,0.0,0.0,0.0,,,29.0,23.4,19.1,,0.005,-80.0,30.0,-1.00,61.7,67.7
415,6.9167,swing,swingLow,-246.007,373.711,28.732,-6.650,26.307,-35.899,45.000,27.135,27.841,-274.61,416.35,109.39,50.57,0.822,0,,0,0.00,0.00,0.00,-246.963,369.212,30.532,78.01,-22.00,80.63,4.939,0.857,0.00,1.00,1,0,0,0,0,0,-22.00,-33.90,-6.93,0.2483,0.1122,0.4816,1,4.939,0,0.373,0,swing,swingLow,1.000,1,0.233 0.538 -0.370 0.388 0.510 0.895 -0.588 -0.255 -0.345 -0.554,-246.85,368.78,31.13,-22.00,78.00,113.30,404,640,872,1064,0.522,0.305 0.871 -0.052 -0.341,10.1,1,0.000,0.000,0.5035,1.86,,-1.000,0.0,0.0,0.0,,,28.2,23.0,18.2,,0.005,-80.0,30.0,-1.00,61.7,67.7
416,6.9333,swing,swingLow,-246.119,374.154,28.137,-6.759,26.826,-35.492,45.000,27.664,27.246,-274.61,416.35,109.39,50.57,0.827,0,,0,0.00,0.00,0.00,-247.074,369.654,29.937,78.02,-22.00,80.19,4.939,0.858,0.00,1.00,1,0,0,0,0,0,-22.00,-33.62,-6.95,0.2501,0.1116,0.4797,1,4.939,0,0.373,0,swing,swingLow,1.000,1,0.225 0.542 -0.376 0.370 0.501 0.903 -0.580 -0.266 -0.344 -0.543,-246.96,369.21,30.53,-22.00,78.01,112.91,400,640,872,1060,0.525,0.289 0.881 -0.064 -0.323,9.6,1,0.000,0.000,0.5031,1.94,,-1.000,0.0,0.0,0.0,,,27.5,22.6,17.3,,0.005,-80.0,30.0,-1.00,61.7,67.7
417,6.9500,swing,swingLow,-246.233,374.605,27.549,-6.861,27.340,-35.078,45.000,28.188,26.658,-274.61,416.35,109.39,50.57,0.831,0,,0,0.00,0.00,0.00,-247.186,370.105,29.349,78.04,-22.00,79.75,4.939,0.859,0.00,1.00,1,0,0,0,0,0,-22.00,-33.28,-6.97,0.2516,0.1111,0.4778,1,4.939,0,0.372,0,swing,swingLow,1.000,1,0.217 0.545 -0.379 0.352 0.493 0.910 -0.573 -0.280 -0.343 -0.532,-247.07,369.65,29.94,-22.00,78.02,112.51,396,640,872,1060,0.528,0.272 0.889 -0.078 -0.304,9.2,1,0.000,0.000,0.5026,2.00,,-1.000,0.0,0.0,0.0,,,26.8,22.2,16.6,,0.005,-80.0,30.0,-1.00,61.7,67.7
418,6.9667,swing,swingLow,-246.348,375.065,26.968,-6.958,27.849,-34.656,45.000,28.705,26.077,-274.61,416.35,109.39,50.57,0.836,0,,0,0.00,0.00,0.00,-247.299,370.565,28.768,78.06,-22.00,79.30,4.939,0.859,0.00,1.00,1,0,0,0,0,0,-22.00,-32.89,-6.98,0.2529,0.1107,0.4758,1,4.939,0,0.372,0,swing,swingLow,1.000,1,0.209 0.548 -0.379 0.332 0.484 0.917 -0.566 -0.296 -0.342 -0.519,-247.19,370.11,29.35,-22.00,78.04,112.09,396,636,872,1060,0.531,0.253 0.898 -0.097 -0.284,8.8,1,0.000,0.000,0.5022,2.06,,-1.000,0.0,0.0,0.0,,,26.2,21.9,15.9,,0.004,-80.0,30.0,-1.00,61.7,67.7
419,6.9833,swing,swingLow,-246.465,375.533,26.393,-7.050,28.352,-34.227,45.000,29.215,25.502,-274.61,416.35,109.39,50.57,0.841,0,,0,0.00,0.00,0.00,-247.414,371.032,28.193,78.09,-22.00,78.85,4.939,0.860,0.00,1.00,1,0,0,0,0,0,-22.00,-32.45,-7.00,0.2540,0.1103,0.4737,1,4.939,0,0.372,0,swing,swingLow,1.000,1,0.203 0.550 -0.377 0.312 0.477 0.924 -0.560 -0.314 -0.340 -0.506,-247.30,370.56,28.77,-22.00,78.06,111.67,392,636,872,1056,0.533,0.234 0.906 -0.118 -0.264,8.4,1,0.000,0.000,0.5018,2.11,,-1.000,0.0,0.0,0.0,,,25.7,21.6,15.3,,0.004,-80.0,30.0,-1.00,61.7,67.7
420,7.0000,swing,swingLow,-246.583,376.010,25.827,-7.136,28.850,-33.790,45.000,29.719,24.936,-274.61,416.35,109.39,50.57,0.845,0,,0,0.00,0.00,0.00,-247.530,371.509,27.627,78.12,-22.00,78.41,4.939,0.861,0.00,1.00,1,0,0,0,0,0,-22.00,-31.97,-7.02,0.2550,0.1099,0.4717,1,4.939,0,0.372,0,swing,swingLow,1.000,1,0.197 0.552 -0.372 0.291 0.470 0.930 -0.554 -0.333 -0.338 -0.493,-247.41,371.03,28.19,-22.00,78.09,111.24,388,632,872,1056,0.535,0.213 0.913 -0.141 -0.245,8.0,1,0.000,0.000,0.5014,2.15,,-1.000,0.0,0.0,0.0,,,25.2,21.4,14.7,,0.004,-80.0,30.0,-1.00,61.7,67.7
421,7.0167,swing,swingLow,-246.703,376.495,25.267,-7.217,29.342,-33.347,45.000,30.216,24.376,-274.61,416.35,109.39,50.57,0.850,0,,0,0.00,0.00,0.00,-247.646,371.993,27.067,78.16,-22.00,77.98,4.940,0.862,0.00,1.00,1,0,0,0,0,0,-22.00,-31.45,-7.03,0.2557,0.1095,0.4696,1,4.940,0,0.372,0,swing,swingLow,1.000,1,0.191 0.554 -0.365 0.271 0.463 0.935 -0.549 -0.353 -0.335 -0.479,-247.53,371.51,27.63,-22.00,78.12,110.82,388,632,872,1056,0.537,0.192 0.920 -0.167 -0.226,7.7,1,0.000,0.000,0.5011,2.18,,-1.000,0.0,0.0,0.0,,,24.8,21.1,14.2,,0.003,-80.0,30.0,-1.00,61.7,67.7
422,7.0333,swing,swingLow,-246.824,376.988,24.715,-7.293,29.828,-32.896,45.000,30.706,23.824,-274.61,416.35,109.39,50.57,0.854,0,,0,0.00,0.00,0.00,-247.764,372.485,26.515,78.20,-22.00,77.56,4.940,0.862,0.00,1.00,1,0,0,0,0,0,-22.00,-30.89,-7.05,0.2566,0.1091,0.4678,1,4.940,0,0.372,0,swing,swingLow,1.000,1,0.186 0.555 -0.356 0.251 0.457 0.940 -0.544 -0.373 -0.332 -0.467,-247.65,371.99,27.07,-22.00,78.16,110.41,384,628,872,1052,0.539,0.171 0.927 -0.193 -0.211,7.3,1,0.000,0.000,0.5008,2.20,,-1.000,0.0,0.0,0.0,,,24.4,20.9,13.7,,0.003,-80.0,30.0,-1.00,61.7,67.7
423,7.0500,swing,swingLow,-246.946,377.489,24.171,-7.365,30.308,-32.438,45.000,31.190,23.280,-274.61,416.35,109.39,50.57,0.859,0,,0,0.00,0.00,0.00,-247.883,372.986,25.971,78.24,-22.00,77.15,4.940,0.863,0.00,1.00,1,0,0,0,0,0,-22.00,-30.30,-7.07,0.2573,0.1088,0.4659,1,4.940,0,0.372,0,swing,swingLow,1.000,1,0.182 0.556 -0.345 0.232 0.451 0.944 -0.539 -0.394 -0.328 -0.456,-247.76,372.49,26.52,-22.00,78.20,110.00,384,628,872,1052,0.540,0.151 0.933 -0.220 -0.195,7.0,1,0.000,0.000,0.5005,2.21,,-1.000,0.0,0.0,0.0,,,24.0,20.6,13.3,,0.003,-80.0,30.0,-1.00,61.7,67.7
424,7.0667,swing,swingLow,-247.069,377.998,23.634,-7.433,30.782,-31.972,45.000,31.666,22.743,-274.61,416.35,109.39,50.57,0.863,0,,0,0.00,0.00,0.00,-248.003,373.494,25.434,78.29,-22.00,76.76,4.940,0.863,0.00,1.00,1,0,0,0,0,0,-22.00,-29.68,-7.08,0.2583,0.1084,0.4643,1,4.940,0,0.372,0,swing,swingLow,1.000,1,0.177 0.558 -0.333 0.215 0.446 0.948 -0.534 -0.413 -0.323 -0.447,-247.88,372.99,25.97,-22.00,78.24,109.61,380,628,872,1052,0.541,0.132 0.939 -0.246 -0.184,6.7,1,0.000,0.000,0.5003,2.21,,-1.000,0.0,0.0,0.0,,,23.6,20.4,13.0,,0.003,-80.0,30.0,-1.00,61.7,67.7
425,7.0833,swing,swingLow,-247.193,378.515,23.105,-7.496,31.249,-31.500,45.000,32.136,22.214,-274.61,416.35,109.39,50.57,0.868,0,,0,0.00,0.00,0.00,-248.124,374.010,24.905,78.33,-22.00,76.38,4.940,0.864,0.00,1.00,1,0,0,0,0,0,-22.00,-29.04,-7.10,0.2591,0.1081,0.4628,1,4.940,0,0.372,0,swing,swingLow,1.000,1,0.174 0.558 -0.320 0.199 0.442 0.952 -0.530 -0.432 -0.318 -0.439,-248.00,373.49,25.43,-22.00,78.29,109.23,380,624,872,1052,0.543,0.115 0.944 -0.274 -0.174,6.4,1,0.000,0.000,0.5001,2.20,,-1.000,0.0,0.0,0.0,,,23.3,20.2,12.6,,0.003,-80.0,30.0,-1.00,61.7,67.7
426,7.1000,swing,swingLow,-247.319,379.040,22.584,-7.554,31.708,-31.019,44.996,32.595,21.693,-274.61,416.35,109.39,50.57,0.872,0,,0,0.00,0.00,0.00,-248.245,374.534,24.384,78.38,-22.00,76.02,4.940,0.864,0.00,1.00,1,0,0,0,0,0,-22.00,-28.37,-7.12,0.2605,0.1078,0.4616,1,4.940,0,0.373,0,swing,swingLow,1.000,1,0.171 0.559 -0.307 0.185 0.438 0.954 -0.526 -0.449 -0.314 -0.435,-248.12,374.01,24.90,-22.00,78.33,108.87,376,624,872,1048,0.544,0.099 0.949 -0.298 -0.170,6.2,1,0.000,0.000,0.5000,2.16,,-1.000,0.0,0.0,0.0,,,23.0,20.0,12.3,,0.002,-80.0,30.0,-1.00,61.7,67.7
427,7.1167,swing,swingLow,-247.445,379.572,22.071,-7.608,32.156,-30.527,44.987,33.043,21.180,-274.61,416.35,109.39,50.57,0.876,0,,0,0.00,0.00,0.00,-248.368,375.065,23.871,78.43,-22.00,75.68,4.940,0.865,0.00,1.00,1,0,0,0,0,0,-22.00,-27.70,-7.13,0.2618,0.1076,0.4606,1,4.940,0,0.373,0,swing,swingLow,1.000,1,0.168 0.560 -0.294 0.172 0.436 0.957 -0.522 -0.467 -0.309 -0.432,-248.25,374.53,24.38,-22.00,78.38,108.52,376,624,872,1048,0.545,0.085 0.954 -0.324 -0.167,5.9,1,0.000,0.000,0.4999,2.09,,-1.000,0.0,0.0,0.0,,,22.7,19.8,12.1,,0.002,-80.0,30.0,-1.00,61.7,67.7
428,7.1333,swing,swingLow,-247.572,380.111,21.566,-7.657,32.594,-30.027,44.973,33.481,20.675,-274.61,416.35,109.39,50.57,0.880,0,,0,0.00,0.00,0.00,-248.491,375.604,23.366,78.48,-22.00,75.36,4.940,0.865,0.00,1.00,1,0,0,0,0,0,-22.00,-27.01,-7.15,0.2638,0.1074,0.4600,1,4.940,0,0.374,0,swing,swingLow,1.000,1,0.166 0.560 -0.282 0.161 0.433 0.959 -0.518 -0.481 -0.304 -0.434,-248.37,375.07,23.87,-22.00,78.43,108.19,372,628,872,1048,0.546,0.073 0.958 -0.347 -0.170,5.7,1,0.000,0.000,0.4998,2.01,,-1.000,0.0,0.0,0.0,,,22.4,19.5,11.8,,0.002,-80.0,30.0,-1.00,61.7,67.7
429,7.1500,swing,swingLow,-247.700,380.658,21.070,-7.702,33.021,-29.517,44.954,33.907,20.179,-274.61,416.35,109.39,50.57,0.884,0,,0,0.00,0.00,0.00,-248.615,376.150,22.870,78.53,-22.00,75.06,4.940,0.865,0.00,1.00,1,0,0,0,0,0,-22.00,-26.31,-7.17,0.2672,0.1072,0.4603,1,4.940,0,0.375,0,swing,swingLow,1.000,1,0.164 0.560 -0.270 0.152 0.431 0.960 -0.515 -0.496 -0.299 -0.436,-248.49,375.60,23.37,-22.00,78.48,107.87,372,628,872,1048,0.547,0.062 0.961 -0.370 -0.174,5.4,1,0.000,0.000,0.4997,1.92,,-1.000,0.0,0.0,0.0,,,22.1,19.3,11.6,,0.002,-80.0,30.0,-1.00,61.7,67.7
430,7.1667,swing,swingLow,-247.829,381.212,20.583,-7.742,33.436,-28.998,44.931,34.321,19.692,-274.61,416.35,109.39,50.57,0.888,0,,0,0.00,0.00,0.00,-248.740,376.703,22.383,78.58,-22.00,74.77,4.940,0.865,0.00,1.00,1,0,0,0,0,0,-22.00,-25.60,-7.18,0.2706,0.1070,0.4606,1,4.940,0,0.376,0,swing,swingLow,1.000,1,0.162 0.561 -0.260 0.145 0.430 0.962 -0.512 -0.509 -0.293 -0.443,-248.62,376.15,22.87,-22.00,78.53,107.57,368,632,872,1048,0.548,0.054 0.965 -0.390 -0.184,5.2,1,0.000,0.000,0.4997,1.83,,-1.000,0.0,0.0,0.0,,,21.9,19.1,11.4,,0.002,-80.0,30.0,-1.00,61.7,67.7
431,7.1833,swing,swingLow,-247.958,381.773,20.104,-7.779,33.841,-28.471,44.903,34.724,19.213,-274.61,416.35,109.39,50.57,0.892,0,,0,0.00,0.00,0.00,-248.866,377.263,21.900,78.62,-22.00,74.50,4.938,0.866,0.00,1.00,1,0,0,0,0,0,-22.00,-24.89,-7.20,0.2739,0.1068,0.4604,1,4.938,0,0.377,0,swing,swingLow,1.000,1,0.161 0.561 -0.250 0.139 0.428 0.963 -0.508 -0.521 -0.288 -0.449,-248.74,376.70,22.38,-22.00,78.58,107.29,368,632,872,1048,0.549,0.047 0.968 -0.411 -0.195,5.0,1,0.000,0.000,0.4997,1.74,,-1.000,0.0,0.0,0.0,,,21.6,18.9,11.2,,0.002,-80.0,30.0,-1.00,61.7,67.7
432,7.2000,swing,swingLow,-248.088,382.340,19.634,-7.812,34.234,-27.935,44.871,35.114,18.743,-274.61,416.35,109.39,50.57,0.895,0,,0,0.00,0.00,0.00,-248.992,377.830,21.420,78.67,-22.00,74.25,4.935,0.866,0.00,1.00,1,0,0,0,0,0,-22.00,-24.17,-7.22,0.2770,0.1067,0.4594,1,4.935,0,0.378,0,swing,swingLow,1.000,1,0.159 0.561 -0.243 0.135 0.427 0.964 -0.505 -0.533 -0.282 -0.460,-248.87,377.26,21.90,-22.00,78.62,107.02,368,636,872,1048,0.549,0.042 0.971 -0.430 -0.210,4.7,1,0.000,0.000,0.4997,1.65,,-1.000,0.0,0.0,0.0,,,21.4,18.7,11.1,,0.002,-80.0,30.0,-1.00,61.7,67.7
433,7.2167,swing,swingLow,-248.218,382.913,19.173,-7.841,34.615,-27.392,44.833,35.492,18.282,-274.61,416.35,109.39,50.57,0.898,0,,0,0.00,0.00,0.00,-249.119,378.402,20.945,78.71,-22.00,74.01,4.930,0.866,0.00,1.00,1,0,0,0,0,0,-22.00,-23.45,-7.23,0.2801,0.1065,0.4578,1,4.930,0,0.379,0,swing,swingLow,1.000,1,0.158 0.561 -0.236 0.132 0.426 0.964 -0.502 -0.545 -0.276 -0.470,-248.99,377.83,21.42,-22.00,78.67,106.77,364,636,872,1048,0.550,0.038 0.973 -0.450 -0.224,4.5,1,0.000,0.000,0.4997,1.57,,-1.000,0.0,0.0,0.0,,,21.1,18.5,11.0,,0.002,-80.0,30.0,-1.00,61.7,67.7
434,7.2333,swing,swingLow,-248.349,383.493,18.721,-7.866,34.985,-26.842,44.791,35.858,17.830,-274.61,416.35,109.39,50.57,0.902,0,,0,0.00,0.00,0.00,-249.246,378.982,20.476,78.76,-22.00,73.79,4.923,0.865,0.00,1.00,1,0,0,0,0,0,-22.00,-22.74,-7.25,0.2829,0.1064,0.4557,1,4.923,0,0.381,0,swing,swingLow,1.000,1,0.157 0.561 -0.231 0.131 0.425 0.964 -0.498 -0.555 -0.270 -0.483,-249.12,378.40,20.95,-22.00,78.71,106.53,360,636,872,1048,0.551,0.036 0.975 -0.468 -0.243,4.3,1,0.000,0.000,0.4998,1.50,,-1.000,0.0,0.0,0.0,,,20.9,18.3,10.9,,0.001,-80.0,30.0,-1.00,61.7,67.7
435,7.2500,swing,swingLow,-248.480,384.079,18.278,-7.888,35.341,-26.284,44.745,36.211,17.387,-274.61,416.35,109.39,50.57,0.905,0,,0,0.00,0.00,0.00,-249.374,379.567,20.014,78.80,-22.00,73.58,4.916,0.865,0.00,1.00,1,0,0,0,0,0,-22.00,-22.02,-7.27,0.2857,0.1062,0.4532,1,4.916,0,0.382,0,swing,swingLow,1.000,1,0.156 0.562 -0.226 0.130 0.425 0.965 -0.494 -0.565 -0.264 -0.495,-249.25,378.98,20.48,-22.00,78.76,106.31,356,636,872,1048,0.552,0.034 0.977 -0.485 -0.262,4.1,1,0.000,0.000,0.4999,1.42,,-1.000,0.0,0.0,0.0,,,20.7,18.1,10.8,,0.001,-80.0,30.0,-1.00,61.7,67.7
436,7.2667,swing,swingLow,-248.612,384.671,17.845,-7.906,35.686,-25.720,44.693,36.551,16.954,-274.61,416.35,109.39,50.57,0.907,0,,0,0.00,0.00,0.00,-249.503,380.158,19.560,78.84,-22.00,73.39,4.909,0.865,0.00,1.00,1,0,0,0,0,0,-22.00,-21.31,-7.28,0.2883,0.1060,0.4505,1,4.909,0,0.384,0,swing,swingLow,1.000,1,0.155 0.562 -0.222 0.130 0.425 0.964 -0.490 -0.574 -0.257 -0.509,-249.37,379.57,20.01,-22.00,78.80,106.10,352,632,872,1048,0.553,0.034 0.979 -0.502 -0.283,3.8,1,0.000,0.000,0.5000,1.35,,-1.000,0.0,0.0,0.0,,,20.5,17.9,10.7,,0.001,-80.0,30.0,-1.00,61.7,67.7
437,7.2833,swing,swingLow,-248.744,385.268,17.421,-7.921,36.017,-25.150,44.637,36.878,16.530,-274.61,416.35,109.39,50.57,0.910,0,,0,0.00,0.00,0.00,-249.631,380.755,19.114,78.87,-22.00,73.21,4.901,0.864,0.00,1.00,1,0,0,0,0,0,-22.00,-20.60,-7.30,0.2907,0.1058,0.4476,1,4.901,0,0.385,0,swing,swingLow,1.000,1,0.154 0.562 -0.218 0.131 0.424 0.964 -0.486 -0.582 -0.250 -0.523,-249.50,380.16,19.56,-22.00,78.84,105.91,348,632,872,1048,0.554,0.034 0.980 -0.518 -0.303,3.6,1,0.000,0.000,0.5002,1.29,,-1.000,0.0,0.0,0.0,,,20.3,17.7,10.6,,0.001,-80.0,30.0,-1.00,61.7,67.7
438,7.3000,swing,swingLow,-248.876,385.871,17.007,-7.933,36.336,-24.573,44.577,37.192,16.116,-274.61,416.35,109.39,50.57,0.913,0,,0,0.00,0.00,0.00,-249.761,381.357,18.677,78.91,-22.00,73.04,4.894,0.863,0.00,1.00,1,0,0,0,0,0,-22.00,-19.90,-7.32,0.2929,0.1056,0.4445,1,4.894,0,0.387,0,swing,swingLow,1.000,1,0.153 0.562 -0.215 0.133 0.424 0.964 -0.481 -0.589 -0.243 -0.537,-249.63,380.75,19.11,-22.00,78.87,105.73,344,628,876,1048,0.554,0.035 0.981 -0.533 -0.326,3.4,1,0.000,0.000,0.5004,1.22,,-1.000,0.0,0.0,0.0,,,20.1,17.5,10.6,,0.001,-80.0,30.0,-1.00,61.7,67.7
439,7.3167,swing,swingLow,-249.008,386.479,16.603,-7.942,36.641,-23.992,44.511,37.492,15.712,-274.61,416.35,109.39,50.57,0.915,0,,0,0.00,0.00,0.00,-249.890,381.965,18.249,78.94,-22.00,72.89,4.886,0.862,0.00,1.00,1,0,0,0,0,0,-22.00,-19.20,-7.33,0.2959,0.1053,0.4417,1,4.886,0,0.389,0,swing,swingLow,1.000,1,0.152 0.562 -0.211 0.136 0.424 0.963 -0.476 -0.595 -0.236 -0.551,-249.76,381.36,18.68,-22.00,78.91,105.56,340,628,876,1044,0.555,0.036 0.983 -0.547 -0.348,3.2,1,0.000,0.000,0.5006,1.16,,-1.000,0.0,0.0,0.0,,,19.9,17.3,10.5,,0.001,-80.0,30.0,-1.00,61.7,67.7
440,7.3333,swing,swingLow,-249.140,387.092,16.208,-7.948,36.934,-23.405,44.441,37.779,15.317,-274.61,416.35,109.39,50.57,0.917,0,,0,0.00,0.00,0.00,-250.020,382.577,17.831,78.97,-22.00,72.74,4.878,0.861,0.00,1.00,1,0,0,0,0,0,-22.00,-18.51,-7.35,0.2991,0.1049,0.4391,1,4.878,0,0.390,0,swing,swingLow,1.000,1,0.152 0.562 -0.208 0.139 0.424 0.963 -0.471 -0.600 -0.229 -0.565,-249.89,381.96,18.25,-22.00,78.94,105.40,336,624,876,1048,0.556,0.039 0.984 -0.560 -0.370,3.0,1,0.000,0.000,0.5009,1.11,,-1.000,0.0,0.0,0.0,,,19.7,17.1,10.5,,0.001,-80.0,30.0,-1.00,61.7,67.7
441,7.3500,swing,swingLow,-249.273,387.710,15.823,-7.952,37.212,-22.813,44.367,38.053,14.932,-274.61,416.35,109.39,50.57,0.919,0,,0,0.00,0.00,0.00,-250.150,383.194,17.422,79.00,-22.00,72.61,4.870,0.860,0.00,1.00,1,0,0,0,0,0,-22.00,-17.83,-7.37,0.3021,0.1045,0.4363,1,4.870,0,0.392,0,swing,swingLow,1.000,1,0.151 0.562 -0.205 0.143 0.424 0.962 -0.465 -0.604 -0.221 -0.578,-250.02,382.58,17.83,-22.00,78.97,105.26,332,624,876,1048,0.557,0.041 0.985 -0.573 -0.392,2.8,1,0.000,0.000,0.5012,1.05,,-1.000,0.0,0.0,0.0,,,19.6,16.9,10.5,,0.001,-80.0,30.0,-1.00,61.7,67.7
442,7.3667,swing,swingLow,-249.405,388.332,15.448,-7.953,37.478,-22.217,44.288,38.312,14.557,-274.61,416.35,109.39,50.57,0.921,0,,0,0.00,0.00,0.00,-250.281,383.816,17.022,79.03,-22.00,72.48,4.862,0.858,0.00,1.00,1,0,0,0,0,0,-22.00,-17.16,-7.38,0.3051,0.1041,0.4335,1,4.862,0,0.394,0,swing,swingLow,1.000,1,0.151 0.562 -0.201 0.147 0.424 0.961 -0.459 -0.607 -0.213 -0.591,-250.15,383.19,17.42,-22.00,79.00,105.12,324,624,876,1048,0.557,0.045 0.985 -0.584 -0.415,2.5,1,0.000,0.000,0.5015,1.00,,-1.000,0.0,0.0,0.0,,,19.4,16.7,10.5,,0.001,-80.0,30.0,-1.00,61.7,67.7
443,7.3833,swing,swingLow,-249.537,388.958,15.083,-7.951,37.729,-21.617,44.204,38.558,14.192,-274.61,416.35,109.39,50.57,0.922,0,,0,0.00,0.00,0.00,-250.411,384.442,16.633,79.05,-22.00,72.37,4.854,0.856,0.00,1.00,1,0,0,0,0,0,-22.00,-16.49,-7.40,0.3082,0.1035,0.4304,1,4.854,0,0.396,0,swing,swingLow,1.000,1,0.147 0.562 -0.197 0.149 0.422 0.962 -0.452 -0.609 -0.205 -0.602,-250.28,383.82,17.02,-22.00,79.03,105.00,320,620,880,1048,0.558,0.045 0.988 -0.594 -0.436,2.4,1,0.000,0.000,0.5018,0.95,,-1.000,0.0,0.0,0.0,,,19.1,16.5,10.1,,0.001,-80.0,30.0,-1.00,61.7,67.7
444,7.4000,swing,swingLow,-249.670,389.589,14.727,-7.940,37.967,-21.013,44.115,38.789,13.836,-274.61,416.35,109.39,50.57,0.924,0,,0,0.00,0.00,0.00,-250.542,385.072,16.253,79.07,-22.00,72.26,4.846,0.854,0.00,1.00,1,0,0,0,0,0,-22.00,-15.84,-7.42,0.3109,0.1029,0.4274,1,4.846,0,0.398,0,swing,swingLow,1.000,1,0.147 0.562 -0.193 0.155 0.421 0.961 -0.445 -0.610 -0.196 -0.614,-250.41,384.44,16.63,-22.00,79.05,104.88,316,620,880,1048,0.559,0.050 0.988 -0.604 -0.457,2.2,1,0.000,0.000,0.5022,0.91,,-1.000,0.0,0.0,0.0,,,18.9,16.3,10.1,,0.001,-80.0,30.0,-1.00,61.7,67.7
445,7.4167,swing,swingLow,-249.802,390.223,14.382,-7.919,38.192,-20.406,44.019,39.004,13.491,-274.61,416.35,109.39,50.57,0.925,0,,0,0.00,0.00,0.00,-250.672,385.706,15.883,79.09,-22.00,72.16,4.839,0.852,0.00,1.00,1,0,0,0,0,0,-22.00,-15.20,-7.43,0.3135,0.1023,0.4242,1,4.839,0,0.400,0,swing,swingBottom,1.000,1,0.146 0.562 -0.189 0.162 0.421 0.960 -0.438 -0.610 -0.187 -0.624,-250.54,385.07,16.25,-22.00,79.07,104.77,312,616,880,1048,0.560,0.055 0.989 -0.612 -0.478,2.1,1,0.000,0.000,0.5026,0.86,,-1.000,0.0,0.0,0.0,,,18.7,16.0,10.1,,0.001,-80.0,30.0,-1.00,61.7,67.7
446,7.4333,swing,swingLow,-249.933,390.861,14.048,-7.897,38.402,-19.796,43.920,39.205,13.157,-274.61,416.35,109.39,50.57,0.926,0,,0,0.00,0.00,0.00,-250.803,386.344,15.524,79.10,-22.00,72.07,4.831,0.850,0.00,1.00,1,0,0,0,0,0,-22.00,-14.56,-7.45,0.3159,0.1016,0.4210,1,4.831,0,0.402,0,swing,swingBottom,1.000,1,0.146 0.562 -0.184 0.169 0.421 0.959 -0.430 -0.609 -0.178 -0.633,-250.67,385.71,15.88,-22.00,79.09,104.67,308,616,884,1048,0.560,0.061 0.990 -0.620 -0.497,1.9,1,0.000,0.000,0.5030,0.82,,-1.000,0.0,0.0,0.0,,,18.5,15.8,10.1,,0.001,-80.0,30.0,-1.00,61.7,67.7
447,7.4500,swing,swingLow,-250.064,391.503,13.723,-7.863,38.598,-19.184,43.814,39.391,12.832,-274.61,416.35,109.39,50.57,0.926,0,,0,0.00,0.00,0.00,-250.933,386.985,15.174,79.11,-22.00,71.99,4.823,0.847,0.00,1.00,1,0,0,0,0,0,-22.00,-13.94,-7.47,0.3182,0.1009,0.4176,1,4.823,0,0.404,0,swing,swingBottom,1.000,1,0.145 0.562 -0.179 0.177 0.420 0.958 -0.421 -0.607 -0.169 -0.642,-250.80,386.34,15.52,-22.00,79.10,104.58,300,612,884,1048,0.561,0.067 0.990 -0.626 -0.516,1.7,1,0.000,0.000,0.5033,0.78,,-1.000,0.0,0.0,0.0,,,18.3,15.6,10.1,,0.001,-80.0,30.0,-1.00,61.7,67.7
448,7.4667,swing,swingLow,-250.195,392.147,13.409,-7.819,38.781,-18.570,43.702,39.561,12.518,-274.61,416.35,109.39,50.57,0.927,0,,0,0.00,0.00,0.00,-251.064,387.630,14.834,79.11,-22.00,71.91,4.816,0.844,0.00,1.00,1,0,0,0,0,0,-22.00,-13.33,-7.48,0.3203,0.1001,0.4141,1,4.816,0,0.406,0,swing,swingBottom,1.000,1,0.144 0.562 -0.174 0.186 0.419 0.957 -0.412 -0.604 -0.159 -0.650,-250.93,386.99,15.17,-22.00,79.11,104.49,296,612,884,1048,0.562,0.074 0.991 -0.632 -0.533,1.6,1,0.000,0.000,0.5037,0.74,,-1.000,0.0,0.0,0.0,,,18.1,15.4,10.1,,0.001,-80.0,30.0,-1.00,61.7,67.7
449,7.4833,swing,swingLow,-250.324,392.794,13.104,-7.775,38.949,-17.954,43.587,39.717,12.213,-274.61,416.35,109.39,50.57,0.927,0,,0,0.00,0.00,0.00,-251.193,388.277,14.505,79.11,-22.00,71.84,4.808,0.841,0.00,1.00,1,0,0,0,0,0,-22.00,-12.73,-7.50,0.3222,0.0993,0.4106,1,4.808,0,0.408,0,swing,swingBottom,1.000,1,0.144 0.562 -0.169 0.195 0.418 0.956 -0.403 -0.599 -0.150 -0.656,-251.06,387.63,14.83,-22.00,79.11,104.41,292,608,888,1048,0.562,0.081 0.991 -0.636 -0.550,1.5,1,0.000,0.000,0.5041,0.71,,-1.000,0.0,0.0,0.0,,,17.9,15.1,10.1,,0.001,-80.0,30.0,-1.00,61.7,67.7
450,7.5000,swing,swingLow,-250.453,393.444,12.811,-7.721,39.103,-17.337,43.465,39.858,11.920,-274.61,416.35,109.39,50.57,0.927,0,,0,0.00,0.00,0.00,-251.323,388.927,14.185,79.10,-22.00,71.77,4.801,0.837,0.00,1.00,1,0,0,0,0,0,-22.00,-12.14,-7.52,0.3239,0.0984,0.4069,1,4.801,0,0.410,0,swing,swingBottom,1.000,1,0.143 0.561 -0.163 0.206 0.417 0.955 -0.393 -0.593 -0.141 -0.661,-251.19,388.28,14.50,-22.00,79.11,104.34,288,604,888,1048,0.563,0.090 0.992 -0.639 -0.565,1.4,1,0.000,0.000,0.5045,0.67,,-1.000,0.0,0.0,0.0,,,17.7,14.9,10.1,,0.001,-80.0,30.0,-1.00,61.7,67.7
451,7.5167,swing,swingLow,-250.581,394.097,12.527,-7.657,39.243,-16.720,43.338,39.983,11.636,-274.61,416.35,109.39,50.57,0.927,0,,0,0.00,0.00,0.00,-251.452,389.580,13.876,79.09,-22.00,71.71,4.794,0.834,0.00,1.00,1,0,0,0,0,0,-22.00,-11.56,-7.53,0.3256,0.0975,0.4031,1,4.794,0,0.412,0,swing,swingBottom,1.000,1,0.142 0.561 -0.157 0.217 0.416 0.954 -0.383 -0.586 -0.131 -0.666,-251.32,388.93,14.19,-22.00,79.10,104.27,284,604,892,1044,0.564,0.099 0.992 -0.641 -0.579,1.3,1,0.000,0.000,0.5048,0.64,,-1.000,0.0,0.0,0.0,,,17.5,14.6,10.1,,0.000,-80.0,30.0,-1.00,61.7,67.7
452,7.5333,swing,swingLow,-250.708,394.752,12.254,-7.594,39.368,-16.103,43.207,40.094,11.363,-274.61,416.35,109.39,50.57,0.927,0,,0,0.00,0.00,0.00,-251.580,390.235,13.577,79.07,-22.00,71.66,4.787,0.830,0.00,1.00,1,0,0,0,0,0,-22.00,-11.00,-7.55,0.3270,0.0966,0.3991,1,4.787,0,0.414,0,swing,swingBottom,1.000,1,0.141 0.561 -0.150 0.229 0.414 0.953 -0.373 -0.578 -0.122 -0.669,-251.45,389.58,13.88,-22.00,79.09,104.21,276,600,892,1048,0.564,0.109 0.993 -0.642 -0.591,1.2,1,0.000,0.000,0.5052,0.61,,-1.000,0.0,0.0,0.0,,,17.3,14.3,10.1,,0.000,-80.0,30.0,-1.00,61.7,67.7
453,7.5500,swing,swingLow,-250.833,395.408,11.991,-7.522,39.480,-15.486,43.070,40.190,11.100,-274.61,416.35,109.39,50.57,0.926,0,,0,0.00,0.00,0.00,-251.707,390.892,13.289,79.05,-22.00,71.60,4.780,0.825,0.00,1.00,1,0,0,0,0,0,-22.00,-10.45,-7.57,0.3283,0.0956,0.3951,1,4.780,0,0.416,0,swing,swingBottom,1.000,1,0.140 0.560 -0.144 0.241 0.413 0.952 -0.363 -0.569 -0.114 -0.671,-251.58,390.23,13.58,-22.00,79.07,104.15,272,596,892,1048,0.565,0.119 0.994 -0.641 -0.603,1.2,1,0.000,0.000,0.5055,0.58,,-1.000,0.0,0.0,0.0,,,17.1,14.1,10.1,,0.000,-80.0,30.0,-1.00,61.7,67.7
454,7.5667,swing,swingLow,-250.958,396.067,11.738,-7.442,39.577,-14.869,42.928,40.271,10.847,-274.61,416.35,109.39,50.57,0.926,0,,0,0.00,0.00,0.00,-251.834,391.551,13.010,79.02,-22.00,71.56,4.773,0.821,0.00,1.00,1,0,0,0,0,0,-22.00,-9.91,-7.58,0.3294,0.0947,0.3910,1,4.773,0,0.418,0,swing,swingBottom,1.000,1,0.140 0.560 -0.137 0.254 0.412 0.950 -0.354 -0.558 -0.105 -0.672,-251.71,390.89,13.29,-22.00,79.05,104.10,268,592,896,1044,0.565,0.131 0.994 -0.640 -0.612,1.2,1,0.000,0.000,0.5058,0.55,,-1.000,0.0,0.0,0.0,,,16.9,13.8,10.1,,0.000,-80.0,30.0,-1.00,61.7,67.7
455,7.5833,swing,swingBottom,-251.081,396.726,11.495,-7.363,39.660,-14.254,42.782,40.338,10.604,-274.61,416.35,109.39,50.57,0.925,0,,0,0.00,0.00,0.00,-251.959,392.211,12.742,78.99,-21.65,71.51,4.766,0.816,0.00,1.00,1,0,0,0,0,0,-21.65,-9.39,-7.60,0.3302,0.0935,0.3912,1,4.766,0,0.421,0,swing,swingBottom,1.000,1,0.135 0.561 -0.131 0.263 0.409 0.953 -0.344 -0.549 -0.097 -0.672,-251.83,391.55,13.01,-22.00,79.02,104.05,260,588,896,1044,0.566,0.140 0.997 -0.637 -0.621,1.5,1,0.000,0.000,0.5059,0.52,,-1.000,0.0,0.0,0.0,,,16.4,13.5,9.7,,0.000,-80.0,30.0,-1.00,61.7,67.7
456,7.6000,swing,swingBottom,-251.202,397.387,11.263,-7.277,39.729,-13.641,42.631,40.390,10.372,-274.61,416.35,109.39,50.57,0.924,0,,0,0.00,0.00,0.00,-252.083,392.873,12.484,78.96,-21.18,71.47,4.759,0.811,0.00,1.00,1,0,0,0,0,0,-21.18,-8.87,-7.62,0.3305,0.0925,0.3931,1,4.759,0,0.423,0,swing,swingBottom,1.000,1,0.134 0.562 -0.126 0.274 0.407 0.955 -0.335 -0.539 -0.089 -0.673,-251.96,392.21,12.74,-21.65,78.99,104.01,260,588,896,1044,0.567,0.152 0.998 -0.632 -0.630,1.6,1,0.000,0.000,0.5061,0.50,,-1.000,0.0,0.0,0.0,,,16.1,13.2,9.6,,0.000,-80.0,30.0,-1.00,61.7,67.7
457,7.6167,swing,swingBottom,-251.323,398.049,11.041,-7.183,39.784,-13.029,42.475,40.428,10.150,-274.61,416.35,109.39,50.57,0.922,0,,0,0.00,0.00,0.00,-252.207,393.535,12.237,78.92,-20.71,71.43,4.753,0.805,0.00,1.00,1,0,0,0,0,0,-20.71,-8.38,-7.63,0.3308,0.0914,0.3949,1,4.753,0,0.425,0,swing,swingBottom,1.000,1,0.132 0.563 -0.120 0.285 0.405 0.957 -0.326 -0.530 -0.081 -0.673,-252.08,392.87,12.48,-21.18,78.96,103.96,264,592,900,1044,0.568,0.164 0.998 -0.627 -0.638,1.7,1,0.000,0.000,0.5063,0.47,,-1.000,0.0,0.0,0.0,,,15.9,12.9,9.6,,0.000,-80.0,30.0,-1.00,61.7,67.7
458,7.6333,swing,swingBottom,-251.441,398.712,10.829,-7.092,39.826,-12.420,42.316,40.452,9.938,-274.61,416.35,109.39,50.57,0.921,0,,0,0.00,0.00,0.00,-252.329,394.199,12.000,78.87,-20.24,71.40,4.747,0.799,0.00,1.00,1,0,0,0,0,0,-20.24,-7.89,-7.65,0.3312,0.0904,0.3968,1,4.747,0,0.427,0,swing,swingBottom,1.000,1,0.130 0.563 -0.116 0.296 0.403 0.958 -0.317 -0.520 -0.073 -0.674,-252.21,393.54,12.24,-20.71,78.92,103.92,268,592,900,1044,0.568,0.178 0.999 -0.620 -0.646,1.8,1,0.000,0.000,0.5064,0.45,,-1.000,0.0,0.0,0.0,,,15.6,12.6,9.5,,0.000,-80.0,30.0,-1.00,61.7,67.7
459,7.6500,swing,swingBottom,-251.558,399.376,10.627,-6.994,39.853,-11.814,42.151,40.462,9.736,-274.61,416.35,109.39,50.57,0.919,0,,0,0.00,0.00,0.00,-252.449,394.863,11.772,78.83,-19.77,71.36,4.740,0.793,0.00,1.00,1,0,0,0,0,0,-19.77,-7.42,-7.67,0.3314,0.0895,0.3987,1,4.740,0,0.429,0,swing,swingBottom,1.000,1,0.129 0.564 -0.111 0.308 0.401 0.960 -0.308 -0.509 -0.065 -0.675,-252.33,394.20,12.00,-20.24,78.87,103.89,268,596,900,1044,0.569,0.191 1.000 -0.612 -0.655,1.9,1,0.000,0.000,0.5065,0.43,,-1.000,0.0,0.0,0.0,,,15.3,12.3,9.4,,0.000,-80.0,30.0,-1.00,61.7,67.7
460,7.6667,swing,swingBottom,-251.673,400.040,10.436,-6.891,39.867,-11.211,41.982,40.458,9.545,-274.61,416.35,109.39,50.57,0.917,0,,0,0.00,0.00,0.00,-252.569,395.527,11.555,78.78,-19.30,71.33,4.734,0.786,0.00,1.00,1,0,0,0,0,0,-19.30,-6.96,-7.68,0.3317,0.0886,0.4006,1,4.734,0,0.431,0,swing,swingBottom,1.000,1,0.127 0.564 -0.108 0.320 0.400 0.961 -0.300 -0.498 -0.058 -0.676,-252.45,394.86,11.77,-19.77,78.83,103.85,268,596,904,1040,0.569,0.206 1.001 -0.602 -0.663,2.0,1,0.000,0.000,0.5065,0.41,,-1.000,0.0,0.0,0.0,,,15.0,12.0,9.4,,0.000,-80.0,30.0,-1.00,61.7,67.7
461,7.6833,swing,swingBottom,-251.787,400.703,10.254,-6.791,39.867,-10.611,41.810,40.441,9.363,-274.61,416.35,109.39,50.57,0.915,0,,0,0.00,0.00,0.00,-252.686,396.192,11.349,78.72,-18.83,71.30,4.728,0.779,0.00,1.00,1,0,0,0,0,0,-18.83,-6.52,-7.70,0.3320,0.0877,0.4025,1,4.728,0,0.433,0,swing,swingBottom,1.000,1,0.126 0.565 -0.104 0.333 0.398 0.962 -0.291 -0.487 -0.050 -0.677,-252.57,395.53,11.56,-19.30,78.78,103.82,272,600,904,1040,0.570,0.220 1.001 -0.592 -0.671,2.1,1,0.000,0.000,0.5066,0.39,,-1.000,0.0,0.0,0.0,,,14.8,11.6,9.3,,0.000,-80.0,30.0,-1.00,61.7,67.7
462,7.7000,swing,swingBottom,-251.899,401.367,10.082,-6.684,39.853,-10.016,41.633,40.410,9.191,-274.61,416.35,109.39,50.57,0.913,0,,0,0.00,0.00,0.00,-252.803,396.857,11.152,78.67,-18.36,71.28,4.723,0.772,0.00,1.00,1,0,0,0,0,0,-18.36,-6.09,-7.72,0.3322,0.0869,0.4044,1,4.723,0,0.435,0,swing,swingBottom,1.000,1,0.124 0.565 -0.100 0.346 0.396 0.963 -0.283 -0.476 -0.043 -0.679,-252.69,396.19,11.35,-18.83,78.72,103.79,272,600,904,1040,0.570,0.236 1.002 -0.581 -0.680,2.2,1,0.000,0.000,0.5066,0.37,,-1.000,0.0,0.0,0.0,,,14.5,11.3,9.3,,0.000,-80.0,30.0,-1.00,61.7,67.7
463,7.7167,swing,swingBottom,-252.009,402.030,9.920,-6.571,39.827,-9.425,41.451,40.365,9.029,-274.61,416.35,109.39,50.57,0.910,0,,0,0.00,0.00,0.00,-252.918,397.521,10.965,78.60,-17.90,71.25,4.717,0.765,0.00,1.00,1,0,0,0,0,0,-17.90,-5.67,-7.73,0.3323,0.0861,0.4063,1,4.717,0,0.438,0,swing,swingBottom,1.000,1,0.123 0.565 -0.097 0.359 0.394 0.964 -0.276 -0.464 -0.035 -0.681,-252.80,396.86,11.15,-18.36,78.67,103.76,276,604,904,1040,0.571,0.252 1.002 -0.569 -0.687,2.2,1,0.000,0.000,0.5067,0.35,,-1.000,0.0,0.0,0.0,,,14.2,10.9,9.3,,0.000,-80.0,30.0,-1.00,61.7,67.7
464,7.7333,swing,swingBottom,-252.117,402.693,9.768,-6.462,39.787,-8.838,41.266,40.308,8.877,-274.61,416.35,109.39,50.57,0.908,0,,0,0.00,0.00,0.00,-253.031,398.185,10.788,78.54,-17.43,71.22,4.712,0.757,0.00,1.00,1,0,0,0,0,0,-17.43,-5.27,-7.75,0.3324,0.0853,0.4082,1,4.712,0,0.440,0,swing,swingBottom,1.000,1,0.121 0.566 -0.093 0.372 0.393 0.965 -0.268 -0.453 -0.028 -0.683,-252.92,397.52,10.97,-17.90,78.60,103.74,276,604,904,1040,0.571,0.268 1.002 -0.557 -0.695,2.3,1,0.000,0.000,0.5067,0.33,,-1.000,0.0,0.0,0.0,,,13.9,10.6,9.2,,0.000,-80.0,30.0,-1.00,61.7,67.7
465,7.7500,swing,swingBottom,-252.223,403.355,9.626,-6.347,39.734,-8.256,41.076,40.238,8.735,-274.61,416.35,109.39,50.57,0.905,0,,0,0.00,0.00,0.00,-253.142,398.848,10.622,78.47,-16.97,71.20,4.706,0.748,0.00,1.00,1,0,0,0,0,0,-16.97,-4.88,-7.77,0.3324,0.0846,0.4101,1,4.706,0,0.442,0,swing,swingBottom,1.000,1,0.120 0.566 -0.090 0.385 0.391 0.966 -0.261 -0.441 -0.021 -0.684,-253.03,398.18,10.79,-17.43,78.54,103.71,280,608,904,1040,0.572,0.285 1.003 -0.545 -0.702,2.4,1,0.000,0.000,0.5067,0.32,,-1.000,0.0,0.0,0.0,,,13.6,10.2,9.2,,0.000,-80.0,30.0,-1.00,61.7,67.7
466,7.7667,swing,swingBottom,-252.328,404.016,9.493,-6.229,39.668,-7.680,40.882,40.154,8.602,-274.61,416.35,109.39,50.57,0.902,0,,0,0.00,0.00,0.00,-253.252,399.510,10.465,78.40,-16.50,71.18,4.701,0.740,0.00,1.00,1,0,0,0,0,0,-16.50,-4.50,-7.78,0.3324,0.0839,0.4119,1,4.701,0,0.444,0,swing,swingBottom,1.000,1,0.118 0.566 -0.086 0.398 0.389 0.966 -0.254 -0.430 -0.014 -0.686,-253.14,398.85,10.62,-16.97,78.47,103.69,280,608,908,1036,0.572,0.301 1.003 -0.532 -0.708,2.4,1,0.000,0.000,0.5066,0.30,,-1.000,0.0,0.0,0.0,,,13.3,9.8,9.2,,0.000,-80.0,30.0,-1.00,61.7,67.7
467,7.7833,swing,swingBottom,-252.430,404.676,9.370,-6.114,39.590,-7.109,40.685,40.060,8.479,-274.61,416.35,109.39,50.57,0.899,0,,0,0.00,0.00,0.00,-253.360,400.171,10.317,78.33,-16.04,71.16,4.696,0.731,0.00,1.00,1,0,0,0,0,0,-16.04,-4.14,-7.80,0.3323,0.0833,0.4138,1,4.696,0,0.446,0,swing,swingBottom,1.000,1,0.117 0.566 -0.083 0.411 0.387 0.967 -0.248 -0.419 -0.007 -0.687,-253.25,399.51,10.46,-16.50,78.40,103.67,284,612,908,1036,0.572,0.318 1.003 -0.519 -0.714,2.4,1,0.000,0.000,0.5066,0.29,,-1.000,0.0,0.0,0.0,,,13.0,9.4,9.2,,0.000,-80.0,30.0,-1.00,61.7,67.7
468,7.8000,swing,swingBottom,-252.530,405.334,9.257,-5.995,39.500,-6.544,40.484,39.952,8.366,-274.61,416.35,109.39,50.57,0.896,0,,0,0.00,0.00,0.00,-253.467,400.831,10.180,78.26,-15.58,71.13,4.692,0.721,0.00,1.00,1,0,0,0,0,0,-15.58,-3.79,-7.82,0.3322,0.0827,0.4156,1,4.692,0,0.448,0,swing,swingBottom,1.000,1,0.116 0.566 -0.080 0.423 0.385 0.967 -0.242 -0.408 -0.001 -0.688,-253.36,400.17,10.32,-16.04,78.33,103.64,288,612,908,1036,0.573,0.334 1.003 -0.506 -0.719,2.5,1,0.000,0.000,0.5065,0.27,,-1.000,0.0,0.0,0.0,,,12.7,9.0,9.2,,0.000,-80.0,30.0,-1.00,61.7,67.7
469,7.8167,swing,swingBottom,-252.629,405.991,9.152,-5.872,39.397,-5.985,40.279,39.832,8.261,-274.61,416.35,109.39,50.57,0.892,0,,0,0.00,0.00,0.00,-253.571,401.488,10.052,78.18,-15.13,71.11,4.687,0.712,0.00,1.00,1,0,0,0,0,0,-15.13,-3.46,-7.83,0.3320,0.0823,0.4173,1,4.687,0,0.450,0,swing,swingBottom,1.000,1,0.114 0.566 -0.077 0.434 0.383 0.968 -0.236 -0.398 0.006 -0.689,-253.47,400.83,10.18,-15.58,78.26,103.62,288,616,908,1036,0.573,0.349 1.003 -0.493 -0.724,2.5,1,0.000,0.000,0.5064,0.26,,-1.000,0.0,0.0,0.0,,,12.5,8.6,9.2,,0.000,-80.0,30.0,-1.00,61.7,67.7
470,7.8333,swing,swingBottom,-252.725,406.646,9.057,-5.754,39.282,-5.433,40.071,39.701,8.166,-274.61,416.35,109.39,50.57,0.889,0,,0,0.00,0.00,0.00,-253.674,402.145,9.933,78.10,-14.68,71.09,4.683,0.701,0.00,1.00,1,0,0,0,0,0,-14.68,-3.14,-7.85,0.3318,0.0820,0.4191,1,4.683,0,0.452,0,swing,swingBottom,1.000,1,0.113 0.566 -0.075 0.444 0.381 0.969 -0.231 -0.388 0.012 -0.690,-253.57,401.49,10.05,-15.13,78.18,103.60,292,616,908,1032,0.573,0.363 1.004 -0.481 -0.728,2.5,1,0.000,0.000,0.5062,0.25,,-1.000,0.0,0.0,0.0,,,12.2,8.2,9.2,,0.000,-80.0,30.0,-1.00,61.7,67.7
471,7.8500,swing,swingBottom,-252.820,407.299,8.971,-5.622,39.155,-4.887,39.858,39.557,8.080,-274.61,416.35,109.39,50.57,0.885,0,,0,0.00,0.00,0.00,-253.775,402.799,9.824,78.02,-14.23,71.07,4.678,0.691,0.00,1.00,1,0,0,0,0,0,-14.23,-2.83,-7.87,0.3316,0.0817,0.4208,1,4.678,0,0.454,0,swing,swingBottom,1.000,1,0.111 0.567 -0.073 0.453 0.379 0.969 -0.227 -0.379 0.017 -0.691,-253.67,402.14,9.93,-14.68,78.10,103.58,292,616,908,1036,0.574,0.377 1.004 -0.469 -0.731,2.5,1,0.000,0.000,0.5060,0.24,,-1.000,0.0,0.0,0.0,,,11.9,7.8,9.2,,0.000,-80.0,30.0,-1.00,61.7,67.7
472,7.8667,swing,swingBottom,-252.912,407.949,8.895,-5.479,39.017,-4.349,39.639,39.400,8.004,-274.61,416.35,109.39,50.57,0.881,0,,0,0.00,0.00,0.00,-253.873,403.451,9.724,77.93,-13.78,71.05,4.674,0.680,0.00,1.00,1,0,0,0,0,0,-13.78,-2.54,-7.88,0.3314,0.0814,0.4226,1,4.674,0,0.456,0,swing,swingBottom,1.000,1,0.110 0.567 -0.072 0.460 0.377 0.970 -0.222 -0.371 0.022 -0.691,-253.77,402.80,9.82,-14.23,78.02,103.55,296,620,908,1032,0.574,0.389 1.004 -0.459 -0.733,2.5,1,0.000,0.000,0.5057,0.22,,-1.000,0.0,0.0,0.0,,,11.6,7.3,9.1,,0.000,-80.0,30.0,-1.00,61.7,67.7
473,7.8833,swing,swingBottom,-253.001,408.597,8.827,-5.340,38.868,-3.819,39.418,39.233,7.936,-274.61,416.35,109.39,50.57,0.877,0,,0,0.00,0.00,0.00,-253.970,404.101,9.634,77.84,-13.34,71.03,4.670,0.669,0.00,1.00,1,0,0,0,0,0,-13.34,-2.26,-7.90,0.3313,0.0811,0.4243,1,4.670,0,0.459,0,swing,swingBottom,1.000,1,0.108 0.567 -0.071 0.467 0.374 0.971 -0.218 -0.363 0.027 -0.691,-253.87,403.45,9.72,-13.78,77.93,103.53,296,620,908,1032,0.574,0.400 1.005 -0.448 -0.735,2.5,1,0.000,0.000,0.5054,0.21,,-1.000,0.0,0.0,0.0,,,11.3,6.9,9.1,,0.000,-80.0,30.0,-1.00,61.7,67.7
474,7.9000,swing,swingBottom,-253.089,409.243,8.767,-5.210,38.707,-3.295,39.195,39.056,7.876,-274.61,416.35,109.39,50.57,0.873,0,,0,0.00,0.00,0.00,-254.065,404.748,9.552,77.74,-12.90,71.01,4.666,0.658,0.00,1.00,1,0,0,0,0,0,-12.90,-2.00,-7.92,0.3312,0.0809,0.4260,1,4.666,0,0.461,0,swing,swingBottom,1.000,1,0.106 0.567 -0.071 0.473 0.372 0.972 -0.216 -0.356 0.029 -0.691,-253.97,404.10,9.63,-13.34,77.84,103.51,300,624,908,1032,0.575,0.409 1.005 -0.439 -0.735,2.6,1,0.000,0.000,0.5051,0.20,,-1.000,0.0,0.0,0.0,,,11.0,6.4,9.0,,0.000,-80.0,30.0,-1.00,61.7,67.7
475,7.9167,swing,swingBottom,-253.174,409.886,8.717,-5.088,38.536,-2.780,38.970,38.870,7.826,-274.61,416.35,109.39,50.57,0.869,0,,0,0.00,0.00,0.00,-254.158,405.392,9.479,77.65,-12.46,70.98,4.663,0.646,0.00,1.00,1,0,0,0,0,0,-12.46,-1.74,-7.93,0.3310,0.0808,0.4277,1,4.663,0,0.463,0,swing,swingBottom,1.000,1,0.105 0.567 -0.070 0.478 0.371 0.972 -0.213 -0.349 0.032 -0.691,-254.07,404.75,9.55,-12.90,77.74,103.49,300,624,908,1032,0.575,0.418 1.005 -0.430 -0.735,2.6,1,0.000,0.000,0.5049,0.19,,-1.000,0.0,0.0,0.0,,,10.8,5.9,9.0,,0.000,-80.0,30.0,-1.00,61.7,67.7
476,7.9333,swing,swingBottom,-253.257,410.526,8.675,-4.970,38.354,-2.272,38.741,38.675,7.784,-274.61,416.35,109.39,50.57,0.864,0,,0,0.00,0.00,0.00,-254.249,406.034,9.416,77.55,-12.03,70.96,4.659,0.634,0.00,1.00,1,0,0,0,0,0,-12.03,-1.51,-7.95,0.3309,0.0806,0.4295,1,4.659,0,0.465,0,swing,swingBottom,1.000,1,0.104 0.567 -0.069 0.481 0.369 0.973 -0.212 -0.343 0.033 -0.690,-254.16,405.39,9.48,-12.46,77.65,103.46,304,628,908,1028,0.575,0.425 1.005 -0.422 -0.734,2.5,1,0.000,0.000,0.5048,0.18,,-1.000,0.0,0.0,0.0,,,10.6,5.5,9.1,,0.000,-80.0,30.0,-1.00,61.7,67.7
477,7.9500,swing,swingBottom,-253.339,411.162,8.641,-4.847,38.157,-1.772,38.504,38.464,7.750,-274.61,416.35,109.39,50.57,0.860,0,,0,0.00,0.00,0.00,-254.337,406.672,9.361,77.46,-11.60,70.93,4.656,0.621,0.00,1.00,1,0,0,0,0,0,-11.60,-1.28,-7.97,0.3308,0.0805,0.4313,1,4.656,0,0.467,0,swing,swingBottom,1.000,1,0.103 0.567 -0.069 0.484 0.368 0.973 -0.209 -0.338 0.035 -0.689,-254.25,406.03,9.42,-12.03,77.55,103.44,304,628,908,1032,0.575,0.432 1.005 -0.415 -0.733,2.4,1,0.000,0.000,0.5046,0.17,,-1.000,0.0,0.0,0.0,,,10.4,5.0,9.2,,0.000,-80.0,30.0,-1.00,61.7,67.7
478,7.9667,swing,swingBottom,-253.418,411.796,8.616,-4.725,37.972,-1.282,38.286,38.265,7.725,-274.61,416.35,109.39,50.57,0.855,0,,0,0.00,0.00,0.00,-254.424,407.307,9.314,77.37,-11.18,70.91,4.653,0.609,0.00,1.00,1,0,0,0,0,0,-11.18,-1.07,-7.98,0.3309,0.0804,0.4331,1,4.653,0,0.469,0,swing,swingBottom,1.000,1,0.102 0.567 -0.069 0.486 0.367 0.974 -0.208 -0.334 0.035 -0.688,-254.34,406.67,9.36,-11.60,77.46,103.41,308,632,904,1028,0.575,0.437 1.005 -0.409 -0.731,2.3,1,0.000,0.000,0.5045,0.17,,-1.000,0.0,0.0,0.0,,,10.2,4.5,9.2,,0.000,-80.0,30.0,-1.00,61.7,67.7
