frame,t,mode,sub,x_m,y_m,z_m,vx,vy,vz,speed_mps,hspeed_mps,height_above_floor_m,anchor_x,anchor_y,anchor_z,rope_m,tension,chain,trick,zip_target,zt_x,zt_y,zt_z,cam_x,cam_y,cam_z,cam_yaw_deg,cam_pitch_deg,cam_vfov_deg,cam_dist_m,motion_blur,in_move_x,in_move_y,in_swing,in_jump,in_sprint,in_zip,in_drop,in_quick,cam_orbit_pitch_deg,cam_auto_pitch_deg,cam_occ_hold,hero_bbox_h,hero_bbox_w,hero_cy,hero_in_frame,cam_hero_dist_m,cam_in_geometry,frame_s_target,in_trick,anim_node,anim_clip,anim_weight,air_flavor,pose_sig,pcm_x,pcm_y,pcm_z,pcm_pitch,pcm_yaw,pcm_fov,px_top,px_bottom,px_left,px_right,head_hip_dz,limb_z,body_rope_deg,web_on,wall_frac,hero_occl,hero_cx,pcm_roll,flip_prog,flip_t,flip_pitch_deg,flip_twist_deg,flip_rate_dps,flip_shape,flip_shape_legs,body_axis_deg,body_pitch_deg,body_roll_deg,flip_armed,flipcam_k,flipcam_yaw_deg,flipcam_elev_deg,flipcam_sky,sky_tall_m,sky_peak_want_m,cam_slew,hero_fill_cd,flipcam_sun_deg,view_sun_deg,flow_roof_m,flow_rise_m,flipcam_glare,flipcam_dist_m,flipcam_tier,flipcam_abort,flipcam_zk,cam_lens25,flow_apex_want_z,flow_gap_m,in_cap,vp_cap,vp_focus,look_px,ground_src,wall_ik_w,gait_ph,swing_leg_w,tuck_w,tuck_wrist_shin_m,tuck_knee_gap_m,flip_scale,foot_wall_l,foot_wall_r,hand_wall_l,hand_wall_r,zip_why,body_vel_deg,body_wallup_deg,cam_enclosed,vis_pts,vis_up_m,setbacks,topouts,tunnel_stops,cam_slew8,zip_reach_w,solid_mode,flip_cancels,air_fast_w,air_track_k,hero_vis_top,hero_vis_bottom,hero_vis_px,foot_sep_run_m,knee_gap_lat_m,knee_wall_l,knee_wall_r,limb_wall_max_m,body_run_elev_deg,torso_wallup_deg,chest_run_deg,side_up_k,ankle_sep_plane_m,hip_wall_m,ankle_sep_3d_m,alt_apex_want_m,cam_look_dir,cam_gnd_crane_m,cam_gnd_stop,rope_drawn,rope_ax,rope_ay,rope_bx,rope_by,rope_wpx_a,rope_wpx_b,rope_look,cam_perch_hold
0,0.0000,ground,walk,250.000,-315.008,0.950,0.000,-0.640,0.000,0.640,0.640,1.600,0.00,0.00,0.00,0.00,0.000,0,,0,0.00,0.00,0.00,250.300,-311.208,1.550,-94.51,-3.88,58.00,3.859,0.000,0.00,1.00,0,0,1,0,0,0,-3.88,-8.02,-0.02,0.4140,0.1088,0.6185,1,3.859,0,0.580,0,ground,idle,1.000,-1,-0.002 0.590 -0.282 -0.054 0.293 -0.057 -0.170 -0.893 0.158 -0.894,0.00,0.00,0.00,0.00,0.00,80.00,-1,-1,-1,-1,0.593,-0.060 -0.060 -0.890 -0.890,-1.0,0,-1.000,-1.000,0.5000,0.00,,-1.000,0.0,0.0,0.0,,,2.3,-2.3,0.0,,0.000,0.0,11.5,-1.00,-1.0,0.0,0,1500,-1.0,146.9,-1.0,0.0,0.00,5.00,-1,0,0.000,0,0.00,73.06,0,0,1,0.0,2,0.00,0.000,0.00,0.00,0.426,0.269,0.000,-1.000,-1.000,-1.000,-1.000,None,-1.0,-1.0,0,4,0.00,0,0,0,0,0.00,2,0,0.000,0.000,-1,-1,-1,-1,-1,-1,-1,-1,-999,-1,-1,0,-1,-1,-1,-1.0,0,0.00,0,0,-1,-1,-1,-1,-1,-1,0,0
1,0.0167,ground,walk,250.000,-315.027,0.950,0.000,-1.280,0.000,1.280,1.280,1.600,0.00,0.00,0.00,0.00,0.000,0,,0,0.00,0.00,0.00,250.300,-311.210,1.550,-94.49,-3.84,58.00,3.876,0.000,0.00,1.00,0,0,1,0,0,0,-3.84,-3.88,-0.03,0.4122,0.1084,0.6184,1,3.876,0,0.580,0,ground,idle,1.000,-1,-0.002 0.590 -0.282 -0.054 0.293 -0.057 -0.170 -0.893 0.158 -0.894,250.30,-311.21,1.55,-3.88,-94.51,89.16,-1,-1,-1,-1,0.593,-0.060 -0.060 -0.890 -0.890,-1.0,0,-1.000,-1.000,0.5000,-0.00,,-1.000,0.0,0.0,0.0,,,2.3,-2.3,0.0,,0.000,0.0,11.5,-1.00,-1.0,0.0,0,1500,-1.0,117.7,-1.0,0.0,0.00,5.00,-1,0,0.000,0,0.00,73.06,0,0,1,0.0,2,0.00,0.000,0.00,0.00,0.426,0.269,0.000,-1.000,-1.000,-1.000,-1.000,None,92.3,-1.0,0,4,0.00,0,0,0,0,0.00,2,0,0.000,0.000,-1,-1,-1,-1,-1,-1,-1,-1,-999,-1,-1,0,-1,-1,-1,-1.0,0,0.00,0,0,-1,-1,-1,-1,-1,-1,0,0
2,0.0333,ground,walk,250.000,-315.056,0.950,0.000,-1.920,0.000,1.920,1.920,1.600,0.00,0.00,0.00,0.00,0.000,0,,0,0.00,0.00,0.00,250.300,-311.215,1.550,-94.47,-3.78,58.00,3.899,0.000,0.00,1.00,0,0,1,0,0,0,-3.78,-3.84,-0.05,0.4120,0.1063,0.6210,1,3.899,0,0.580,0,ground,idle,1.000,-1,-0.002 0.591 -0.279 -0.060 0.289 -0.053 -0.164 -0.891 0.146 -0.892,250.30,-311.21,1.55,-3.84,-94.49,89.16,-1,-1,-1,-1,0.593,-0.065 -0.058 -0.891 -0.886,-1.0,0,-1.000,-1.000,0.4997,-0.00,,-1.000,0.0,0.0,0.0,,,1.8,-1.8,-0.1,,0.000,0.0,11.5,-1.00,-1.0,0.0,0,1500,-1.0,117.7,-1.0,0.0,0.00,5.00,-1,0,0.000,0,0.00,73.06,0,0,1,0.0,2,0.00,0.000,0.00,0.00,0.430,0.268,0.000,-1.000,-1.000,-1.000,-1.000,None,91.8,-1.0,0,4,0.00,0,0,0,0,0.00,2,0,0.000,0.000,-1,-1,-1,-1,-1,-1,-1,-1,-999,-1,-1,0,-1,-1,-1,-1.0,0,0.00,0,0,-1,-1,-1,-1,-1,-1,0,0
3,0.0500,ground,walk,250.000,-315.096,0.950,0.000,-2.560,0.000,2.560,2.560,1.600,0.00,0.00,0.00,0.00,0.000,0,,0,0.00,0.00,0.00,250.300,-311.226,1.550,-94.43,-3.72,58.00,3.927,0.000,0.00,1.00,0,0,1,0,0,0,-3.72,-3.85,-0.07,0.4114,0.1041,0.6236,1,3.927,0,0.580,0,ground,idle,1.000,-1,-0.002 0.591 -0.275 -0.065 0.284 -0.050 -0.158 -0.887 0.134 -0.887,250.30,-311.22,1.55,-3.78,-94.47,89.16,-1,-1,-1,-1,0.593,-0.069 -0.055 -0.889 -0.880,-1.0,0,-1.000,-1.000,0.4994,-0.00,,-1.000,0.0,0.0,0.0,,,1.3,-1.3,-0.1,,0.000,0.0,11.5,-1.00,-1.0,0.0,0,1500,-1.0,117.8,-1.0,0.0,0.00,5.00,-1,0,0.000,0,0.00,73.06,0,0,1,0.0,2,0.00,0.000,0.00,0.00,0.437,0.271,0.000,-1.000,-1.000,-1.000,-1.000,None,91.3,-1.0,0,4,0.00,0,0,0,0,0.00,2,0,0.000,0.000,-1,-1,-1,-1,-1,-1,-1,-1,-999,-1,-1,0,-1,-1,-1,-1.0,0,0.00,0,0,-1,-1,-1,-1,-1,-1,0,0
4,0.0667,ground,walk,250.000,-315.147,0.950,0.000,-3.200,0.000,3.200,3.200,1.600,0.00,0.00,0.00,0.00,0.000,0,,0,0.00,0.00,0.00,250.300,-311.245,1.550,-94.40,-3.65,58.00,3.959,0.000,0.00,1.00,0,0,1,0,0,0,-3.65,-3.87,-0.08,0.4117,0.1014,0.6283,1,3.959,0,0.580,0,ground,idle,1.000,-1,-0.001 0.592 -0.268 -0.067 0.280 -0.024 -0.145 -0.878 0.117 -0.872,250.30,-311.23,1.55,-3.72,-94.43,89.16,-1,-1,-1,-1,0.593,-0.069 -0.033 -0.882 -0.862,-1.0,0,-1.000,-1.000,0.4989,-0.00,,-1.000,0.0,0.0,0.0,,,0.1,-0.0,-0.1,,0.000,0.0,11.5,-1.00,-1.0,0.0,0,1500,-1.0,117.8,-1.0,0.0,0.00,5.00,-1,0,0.000,0,0.00,73.06,0,0,1,0.0,2,0.00,0.000,0.00,0.00,0.470,0.278,0.000,-1.000,-1.000,-1.000,-1.000,None,90.0,-1.0,0,4,0.00,0,0,0,0,0.00,2,0,0.000,0.000,-1,-1,-1,-1,-1,-1,-1,-1,-999,-1,-1,0,-1,-1,-1,-1.0,0,0.00,0,0,-1,-1,-1,-1,-1,-1,0,0
5,0.0833,ground,run,250.000,-315.205,0.950,0.000,-3.600,0.000,3.600,3.600,1.600,0.00,0.00,0.00,0.00,0.000,0,,0,0.00,0.00,0.00,250.300,-311.272,1.550,-94.36,-3.58,58.00,3.990,0.000,0.00,1.00,0,0,1,0,0,0,-3.58,-3.91,-0.10,0.4096,0.0989,0.6316,1,3.990,0,0.580,0,ground,idle,1.000,-1,0.001 0.592 -0.262 -0.066 0.276 0.004 -0.130 -0.866 0.103 -0.850,250.30,-311.24,1.55,-3.65,-94.40,89.16,-1,-1,-1,-1,0.593,-0.066 -0.008 -0.872 -0.837,-1.0,0,-1.000,-1.000,0.4984,0.00,,-1.000,0.0,0.0,0.0,,,1.3,1.3,0.0,,0.000,0.0,11.5,-1.00,-1.0,0.0,0,1500,-1.0,117.8,-1.0,0.0,0.00,5.00,-1,0,0.000,0,0.00,73.06,0,0,1,0.0,2,0.00,0.000,0.00,0.00,0.505,0.284,0.000,-1.000,-1.000,-1.000,-1.000,None,88.7,-1.0,0,4,0.00,0,0,0,0,0.00,2,0,0.000,0.000,-1,-1,-1,-1,-1,-1,-1,-1,-999,-1,-1,0,-1,-1,-1,-1.0,0,0.00,0,0,-1,-1,-1,-1,-1,-1,0,0
6,0.1000,ground,run,250.000,-315.270,0.950,0.000,-4.000,0.000,4.000,4.000,1.600,0.00,0.00,0.00,0.00,0.000,0,,0,0.00,0.00,0.00,250.300,-311.306,1.550,-94.33,-3.52,58.00,4.020,0.000,0.00,1.00,0,0,1,0,0,0,-3.52,-3.96,-0.12,0.4056,0.0966,0.6337,1,4.020,0,0.580,0,ground,jog,1.000,-1,0.004 0.592 -0.256 -0.062 0.273 0.032 -0.115 -0.854 0.092 -0.825,250.30,-311.27,1.55,-3.58,-94.36,89.16,-1,-1,-1,-1,0.592,-0.060 0.018 -0.859 -0.811,-1.0,0,-1.000,-1.000,0.4981,-0.00,,-1.000,0.0,0.0,0.0,,,2.6,2.6,0.1,,0.000,0.0,11.5,-1.00,-1.0,0.0,0,1500,-1.0,117.8,-1.0,0.0,0.00,5.00,-1,0,0.000,0,0.00,73.06,0,0,1,0.0,2,0.00,0.000,0.00,0.00,0.535,0.286,0.000,-1.000,-1.000,-1.000,-1.000,None,87.4,-1.0,0,4,0.00,0,0,0,0,0.00,2,0,0.000,0.000,-1,-1,-1,-1,-1,-1,-1,-1,-999,-1,-1,0,-1,-1,-1,-1.0,0,0.00,0,0,-1,-1,-1,-1,-1,-1,0,0
7,0.1167,ground,run,250.000,-315.342,0.950,0.000,-4.400,0.000,4.400,4.400,1.600,0.00,0.00,0.00,0.00,0.000,0,,0,0.00,0.00,0.00,250.300,-311.349,1.550,-94.30,-3.46,58.00,4.048,0.000,0.00,1.00,0,0,1,0,0,0,-3.46,-4.02,-0.13,0.3961,0.0950,0.6322,1,4.048,0,0.580,0,ground,jog,1.000,-1,0.006 0.592 -0.250 -0.053 0.273 0.070 -0.102 -0.846 0.089 -0.797,250.30,-311.31,1.55,-3.52,-94.33,89.16,-1,-1,-1,-1,0.591,-0.052 0.054 -0.849 -0.785,-1.0,0,-1.000,-1.000,0.4981,0.00,,-1.000,0.0,0.0,0.0,,,3.7,3.7,0.3,,0.000,0.0,11.5,-1.00,-1.0,0.0,0,1500,-1.0,117.9,-1.0,0.0,0.00,5.00,-1,0,0.000,0,0.00,73.06,0,0,1,0.0,2,0.00,0.000,0.00,0.00,0.557,0.266,0.000,-1.000,-1.000,-1.000,-1.000,None,86.3,-1.0,0,4,0.00,0,0,0,0,0.00,2,0,0.000,0.000,-1,-1,-1,-1,-1,-1,-1,-1,-999,-1,-1,0,-1,-1,-1,-1.0,0,0.00,0,0,-1,-1,-1,-1,-1,-1,0,0
8,0.1333,ground,run,250.000,-315.420,0.950,0.000,-4.800,0.000,4.800,4.800,1.600,0.00,0.00,0.00,0.00,0.000,0,,0,0.00,0.00,0.00,250.300,-311.400,1.550,-94.27,-3.40,58.00,4.076,0.000,0.00,1.00,0,0,1,0,0,0,-3.40,-4.09,-0.15,0.3802,0.0929,0.6277,1,4.076,0,0.580,0,ground,jog,1.000,-1,0.009 0.592 -0.242 -0.042 0.271 0.114 -0.088 -0.837 0.089 -0.755,250.30,-311.35,1.55,-3.46,-94.30,89.16,-1,-1,-1,-1,0.590,-0.040 0.097 -0.837 -0.746,-1.0,0,-1.000,-1.000,0.4984,-0.00,,-1.000,0.0,0.0,0.0,,,4.9,4.9,0.5,,0.000,0.0,11.5,-1.00,-1.0,0.0,0,1500,-1.0,117.9,-1.0,0.0,0.00,5.00,-1,0,0.000,0,0.00,73.06,0,0,1,0.0,2,0.00,0.000,0.00,0.00,0.563,0.249,0.000,-1.000,-1.000,-1.000,-1.000,None,85.1,-1.0,0,4,0.00,0,0,0,0,0.00,2,0,0.000,0.000,-1,-1,-1,-1,-1,-1,-1,-1,-999,-1,-1,0,-1,-1,-1,-1.0,0,0.00,0,0,-1,-1,-1,-1,-1,-1,0,0
9,0.1500,ground,run,250.000,-315.505,0.950,0.000,-5.200,0.000,5.200,5.200,1.600,0.00,0.00,0.00,0.00,0.000,0,,0,0.00,0.00,0.00,250.300,-311.458,1.550,-94.24,-3.34,58.00,4.102,0.000,0.00,1.00,0,0,1,0,0,0,-3.34,-4.17,-0.17,0.3690,0.0901,0.6258,1,4.102,0,0.580,0,ground,jog,1.000,-1,0.011 0.591 -0.232 -0.027 0.267 0.157 -0.083 -0.823 0.091 -0.696,250.30,-311.40,1.55,-3.40,-94.27,89.16,-1,-1,-1,-1,0.588,-0.026 0.140 -0.820 -0.690,-1.0,0,-1.000,-1.000,0.4989,-0.00,,-1.000,0.0,0.0,0.0,,,6.2,6.1,0.6,,0.000,0.0,11.5,-1.00,-1.0,0.0,0,1500,-1.0,117.9,-1.0,0.0,0.00,5.00,-1,0,0.000,0,0.00,73.06,0,0,1,0.0,2,0.00,0.000,0.00,0.00,0.549,0.271,0.000,-1.000,-1.000,-1.000,-1.000,None,83.9,-1.0,0,4,0.00,0,0,0,0,0.00,2,0,0.000,0.000,-1,-1,-1,-1,-1,-1,-1,-1,-999,-1,-1,0,-1,-1,-1,-1.0,0,0.00,0,0,-1,-1,-1,-1,-1,-1,0,0
10,0.1667,ground,run,250.000,-315.597,0.950,0.000,-5.600,0.000,5.600,5.600,1.600,0.00,0.00,0.00,0.00,0.000,0,,0,0.00,0.00,0.00,250.300,-311.524,1.550,-94.21,-3.29,58.00,4.128,0.000,0.00,1.00,0,0,1,0,0,0,-3.29,-4.26,-0.18,0.3701,0.0868,0.6308,1,4.128,0,0.580,0,ground,jog,1.000,-1,0.015 0.588 -0.218 -0.006 0.262 0.199 -0.079 -0.803 0.092 -0.617,250.30,-311.46,1.55,-3.34,-94.24,89.16,-1,-1,-1,-1,0.584,-0.006 0.182 -0.794 -0.616,-1.0,0,-1.000,-1.000,0.4997,-0.00,,-1.000,0.0,0.0,0.0,,,8.8,8.7,0.8,,0.000,0.0,11.5,-1.00,-1.0,0.0,0,1500,-1.0,117.9,-1.0,0.0,0.00,5.00,-1,0,0.000,0,0.00,73.06,0,0,1,0.0,2,0.00,0.000,0.00,0.00,0.513,0.352,0.000,-1.000,-1.000,-1.000,-1.000,None,81.3,-1.0,0,4,0.00,0,0,0,0,0.00,2,0,0.000,0.000,-1,-1,-1,-1,-1,-1,-1,-1,-999,-1,-1,0,-1,-1,-1,-1.0,0,0.00,0,0,-1,-1,-1,-1,-1,-1,0,0
11,0.1833,ground,run,250.000,-315.695,0.950,0.000,-6.000,0.000,6.000,6.000,1.600,0.00,0.00,0.00,0.00,0.000,0,,0,0.00,0.00,0.00,250.300,-311.597,1.550,-94.19,-3.24,58.00,4.153,0.000,0.00,1.00,0,0,1,0,0,0,-3.24,-4.35,-0.20,0.3725,0.0835,0.6363,1,4.153,0,0.580,0,ground,jog,1.000,-1,0.019 0.584 -0.203 0.018 0.253 0.219 -0.080 -0.774 0.094 -0.549,250.30,-311.52,1.55,-3.29,-94.21,89.16,-1,-1,-1,-1,0.578,0.015 0.203 -0.761 -0.552,-1.0,0,-1.000,-1.000,0.5003,-0.00,,-1.000,0.0,0.0,0.0,,,11.6,11.6,1.0,,0.000,0.0,11.5,-1.00,-1.0,0.0,0,1500,-1.0,117.9,-1.0,0.0,0.00,5.00,-1,0,0.000,0,0.00,73.06,0,0,1,0.0,2,0.00,0.000,0.00,0.00,0.473,0.462,0.000,-1.000,-1.000,-1.000,-1.000,None,78.4,-1.0,0,4,0.00,0,0,0,0,0.00,2,0,0.000,0.000,-1,-1,-1,-1,-1,-1,-1,-1,-999,-1,-1,0,-1,-1,-1,-1.0,0,0.00,0,0,-1,-1,-1,-1,-1,-1,0,0
12,0.2000,ground,run,250.000,-315.800,0.950,0.000,-6.400,0.000,6.400,6.400,1.600,0.00,0.00,0.00,0.00,0.000,0,,0,0.00,0.00,0.00,250.300,-311.676,1.550,-94.16,-3.19,58.00,4.178,0.000,0.00,1.00,0,0,1,0,0,0,-3.19,-4.44,-0.22,0.3779,0.0817,0.6396,1,4.178,0,0.580,0,ground,jog,1.000,-1,0.020 0.580 -0.198 0.021 0.248 0.181 -0.086 -0.763 0.096 -0.558,250.30,-311.60,1.55,-3.24,-94.19,89.16,-1,-1,-1,-1,0.574,0.016 0.166 -0.746 -0.565,-1.0,0,-1.000,-1.000,0.5005,-0.00,,-1.000,0.0,0.0,0.0,,,13.1,13.1,1.0,,0.000,0.0,11.5,-1.00,-1.0,0.0,0,1500,-1.0,118.0,-1.0,0.0,0.00,5.00,-1,0,0.000,0,0.00,73.06,0,0,1,0.0,2,0.00,0.000,0.00,0.00,0.481,0.525,0.000,-1.000,-1.000,-1.000,-1.000,None,76.9,-1.0,0,4,0.00,0,0,0,0,0.00,2,0,0.000,0.000,-1,-1,-1,-1,-1,-1,-1,-1,-999,-1,-1,0,-1,-1,-1,-1.0,0,0.00,0,0,-1,-1,-1,-1,-1,-1,0,0
13,0.2167,ground,run,250.000,-315.912,0.950,0.000,-6.800,0.000,6.800,6.800,1.600,0.00,0.00,0.00,0.00,0.000,0,,0,0.00,0.00,0.00,250.300,-311.763,1.550,-94.14,-3.14,58.00,4.203,0.000,0.00,1.00,0,0,1,0,0,0,-3.14,-4.54,-0.23,0.3817,0.0796,0.6415,1,4.203,0,0.580,0,ground,jog,1.000,-1,0.020 0.577 -0.194 0.028 0.240 0.137 -0.093 -0.748 0.097 -0.580,250.30,-311.68,1.55,-3.19,-94.16,89.16,-1,-1,-1,-1,0.570,0.021 0.124 -0.728 -0.590,-1.0,0,-1.000,-1.000,0.5007,-0.00,,-1.000,0.0,0.0,0.0,,,14.6,14.6,0.9,,0.000,0.0,11.5,-1.00,-1.0,0.0,0,1500,-1.0,118.0,-1.0,0.0,0.00,5.00,-1,0,0.000,0,0.00,73.06,0,0,1,0.0,2,0.00,0.000,0.00,0.00,0.499,0.565,0.000,-1.000,-1.000,-1.000,-1.000,None,75.4,-1.0,0,4,0.00,0,0,0,0,0.00,2,0,0.000,0.000,-1,-1,-1,-1,-1,-1,-1,-1,-999,-1,-1,0,-1,-1,-1,-1.0,0,0.00,0,0,-1,-1,-1,-1,-1,-1,0,0
14,0.2333,ground,run,250.000,-316.030,0.950,0.000,-7.200,0.000,7.200,7.200,1.600,0.00,0.00,0.00,0.00,0.000,0,,0,0.00,0.00,0.00,250.300,-311.856,1.550,-94.11,-3.09,58.00,4.227,0.000,0.00,1.00,0,0,1,0,0,0,-3.09,-4.64,-0.25,0.3820,0.0773,0.6412,1,4.227,0,0.580,0,ground,jog,1.000,-1,0.019 0.573 -0.190 0.042 0.230 0.095 -0.098 -0.725 0.098 -0.606,250.30,-311.76,1.55,-3.14,-94.14,89.16,-1,-1,-1,-1,0.565,0.032 0.084 -0.702 -0.619,-1.0,0,-1.000,-1.000,0.5008,-0.00,,-1.000,0.0,0.0,0.0,,,16.1,16.1,0.8,,0.000,0.0,11.5,-1.00,-1.0,0.0,0,1500,-1.0,118.0,-1.0,0.0,0.00,5.00,-1,0,0.000,0,0.00,73.06,0,0,1,0.0,2,0.00,0.000,0.00,0.00,0.475,0.586,0.000,-1.000,-1.000,-1.000,-1.000,None,73.9,-1.0,0,4,0.00,0,0,0,0,0.00,2,0,0.000,0.000,-1,-1,-1,-1,-1,-1,-1,-1,-999,-1,-1,0,-1,-1,-1,-1.0,0,0.00,0,0,-1,-1,-1,-1,-1,-1,0,0
15,0.2500,ground,run,250.000,-316.155,0.950,0.000,-7.600,0.000,7.600,7.600,1.600,0.00,0.00,0.00,0.00,0.000,0,,0,0.00,0.00,0.00,250.300,-311.956,1.550,-94.09,-3.04,58.00,4.252,0.000,0.00,1.00,0,0,1,0,0,0,-3.04,-4.74,-0.27,0.3796,0.0750,0.6394,1,4.252,0,0.580,0,ground,run,1.000,-1,0.018 0.569 -0.190 0.066 0.218 0.062 -0.103 -0.698 0.098 -0.638,250.30,-311.86,1.55,-3.09,-94.11,89.16,-1,-1,-1,-1,0.560,0.052 0.055 -0.674 -0.652,-1.0,0,-1.000,-1.000,0.5010,0.00,,-1.000,0.0,0.0,0.0,,,17.6,17.6,0.6,,0.000,0.0,11.5,-1.00,-1.0,0.0,0,1500,-1.0,118.0,-1.0,0.0,0.00,5.00,-1,0,0.000,0,0.00,73.06,0,0,1,0.0,2,0.00,0.000,0.00,0.00,0.467,0.589,0.000,-1.000,-1.000,-1.000,-1.000,None,72.4,-1.0,0,4,0.00,0,0,0,0,0.00,2,0,0.000,0.000,-1,-1,-1,-1,-1,-1,-1,-1,-999,-1,-1,0,-1,-1,-1,-1.0,0,0.00,0,0,-1,-1,-1,-1,-1,-1,0,0
16,0.2667,ground,run,250.000,-316.287,0.950,0.000,-8.000,0.000,8.000,8.000,1.600,0.00,0.00,0.00,0.00,0.000,0,,0,0.00,0.00,0.00,250.300,-312.063,1.550,-94.06,-3.00,58.00,4.277,0.000,0.00,1.00,0,0,1,0,0,0,-3.00,-4.84,-0.28,0.3700,0.0730,0.6346,1,4.277,0,0.580,0,ground,run,1.000,-1,0.017 0.564 -0.192 0.101 0.206 0.046 -0.105 -0.658 0.096 -0.671,250.30,-311.96,1.55,-3.04,-94.09,89.16,-1,-1,-1,-1,0.554,0.084 0.044 -0.634 -0.687,-1.0,0,-1.000,-1.000,0.5011,-0.00,,-1.000,0.0,0.0,0.0,,,19.1,19.1,0.3,,0.000,0.0,11.5,-1.00,-1.0,0.0,0,1500,-1.0,118.0,-1.0,0.0,0.00,5.00,-1,0,0.000,0,0.00,73.06,0,0,1,0.0,2,0.00,0.000,0.00,0.00,0.487,0.562,0.000,-1.000,-1.000,-1.000,-1.000,None,70.9,-1.0,0,4,0.00,0,0,0,0,0.00,2,0,0.000,0.000,-1,-1,-1,-1,-1,-1,-1,-1,-999,-1,-1,0,-1,-1,-1,-1.0,0,0.00,0,0,-1,-1,-1,-1,-1,-1,0,0
17,0.2833,ground,run,250.000,-316.425,0.950,0.000,-8.400,0.000,8.400,8.400,1.600,0.00,0.00,0.00,0.00,0.000,0,,0,0.00,0.00,0.00,250.300,-312.177,1.550,-94.04,-2.95,58.00,4.301,0.000,0.00,1.00,0,0,1,0,0,0,-2.95,-4.94,-0.30,0.3555,0.0716,0.6279,1,4.301,0,0.580,0,ground,run,1.000,-1,0.015 0.558 -0.197 0.144 0.196 0.055 -0.105 -0.611 0.094 -0.705,250.30,-312.06,1.55,-3.00,-94.06,89.16,-1,-1,-1,-1,0.548,0.124 0.057 -0.587 -0.721,-1.0,0,-1.000,-1.000,0.5012,-0.00,,-1.000,0.0,0.0,0.0,,,20.6,20.6,0.0,,0.000,0.0,11.5,-1.00,-1.0,0.0,0,1500,-1.0,118.1,-1.0,0.0,0.00,5.00,-1,0,0.000,0,0.00,73.06,0,0,1,0.0,2,0.00,0.000,0.00,0.00,0.533,0.518,0.000,-1.000,-1.000,-1.000,-1.000,None,69.4,-1.0,0,4,0.00,0,0,0,0,0.00,2,0,0.000,0.000,-1,-1,-1,-1,-1,-1,-1,-1,-999,-1,-1,0,-1,-1,-1,-1.0,0,0.00,0,0,-1,-1,-1,-1,-1,-1,0,0
18,0.3000,ground,run,250.000,-316.570,0.950,0.000,-8.800,0.000,8.800,8.800,1.600,0.00,0.00,0.00,0.00,0.000,0,,0,0.00,0.00,0.00,250.300,-312.297,1.550,-94.02,-2.91,58.00,4.325,0.000,0.00,1.00,0,0,1,0,0,0,-2.91,-5.04,-0.32,0.3365,0.0720,0.6203,1,4.325,0,0.580,0,ground,run,1.000,-1,0.012 0.552 -0.205 0.190 0.188 0.090 -0.104 -0.555 0.089 -0.737,250.30,-312.18,1.55,-2.95,-94.04,89.16,-1,-1,-1,-1,0.541,0.169 0.096 -0.533 -0.753,-1.0,0,-1.000,-1.000,0.5009,-0.00,,-1.000,0.0,0.0,0.0,,,22.2,22.2,-0.4,,0.000,0.0,11.5,-1.00,-1.0,0.0,0,1500,-1.0,118.1,-1.0,0.0,0.00,5.00,-1,0,0.000,0,0.00,73.06,0,0,1,0.0,2,0.00,0.000,0.00,0.00,0.610,0.456,0.000,-1.000,-1.000,-1.000,-1.000,None,67.8,-1.0,0,4,0.00,0,0,0,0,0.00,2,0,0.000,0.000,-1,-1,-1,-1,-1,-1,-1,-1,-999,-1,-1,0,-1,-1,-1,-1.0,0,0.00,0,0,-1,-1,-1,-1,-1,-1,0,0
19,0.3167,ground,run,250.000,-316.722,0.950,0.000,-9.200,0.000,9.200,9.200,1.600,0.00,0.00,0.00,0.00,0.000,0,,0,0.00,0.00,0.00,250.300,-312.424,1.550,-93.99,-2.86,58.00,4.350,0.000,0.00,1.00,0,0,1,0,0,0,-2.86,-5.14,-0.33,0.3173,0.0733,0.6133,1,4.350,0,0.580,0,ground,run,1.000,-1,0.009 0.545 -0.214 0.235 0.185 0.148 -0.102 -0.501 0.084 -0.768,250.30,-312.30,1.55,-2.91,-94.02,89.16,-1,-1,-1,-1,0.534,0.213 0.158 -0.482 -0.782,-1.0,0,-1.000,-1.000,0.5007,0.00,,-1.000,0.0,0.0,0.0,,,23.8,23.8,-0.8,,0.000,0.0,11.5,-1.00,-1.0,0.0,0,1500,-1.0,118.1,-1.0,0.0,0.00,5.00,-1,0,0.000,0,0.00,73.06,0,0,1,0.0,2,0.00,0.000,0.00,0.00,0.694,0.391,0.000,-1.000,-1.000,-1.000,-1.000,None,66.2,-1.0,0,4,0.00,0,0,0,0,0.00,2,0,0.000,0.000,-1,-1,-1,-1,-1,-1,-1,-1,-999,-1,-1,0,-1,-1,-1,-1.0,0,0.00,0,0,-1,-1,-1,-1,-1,-1,0,0
20,0.3333,ground,run,250.000,-316.880,0.950,0.000,-9.600,0.000,9.600,9.600,1.600,0.00,0.00,0.00,0.00,0.000,0,,0,0.00,0.00,0.00,250.300,-312.558,1.550,-93.97,-2.82,58.00,4.374,0.000,0.00,1.00,0,0,1,0,0,0,-2.82,-5.25,-0.35,0.3072,0.0750,0.6117,1,4.374,0,0.580,0,ground,run,1.000,-1,0.006 0.537 -0.223 0.272 0.185 0.221 -0.099 -0.453 0.078 -0.796,250.30,-312.42,1.55,-2.86,-93.99,89.16,-1,-1,-1,-1,0.525,0.249 0.233 -0.436 -0.808,-1.0,0,-1.000,-1.000,0.5007,-0.00,,-1.000,0.0,0.0,0.0,,,25.4,25.4,-1.2,,0.000,0.0,11.5,-1.00,-1.0,0.0,0,1500,-1.0,118.1,-1.0,0.0,0.00,5.00,-1,0,0.000,0,0.00,73.06,0,0,1,0.0,2,0.00,0.000,0.00,0.00,0.732,0.326,0.000,-1.000,-1.000,-1.000,-1.000,None,64.6,-1.0,0,4,0.00,0,0,0,0,0.00,2,0,0.000,0.000,-1,-1,-1,-1,-1,-1,-1,-1,-999,-1,-1,0,-1,-1,-1,-1.0,0,0.00,0,0,-1,-1,-1,-1,-1,-1,0,0
21,0.3500,ground,run,250.000,-317.043,0.950,0.000,-9.800,0.000,9.800,9.800,1.600,0.00,0.00,0.00,0.00,0.000,0,,0,0.00,0.00,0.00,250.300,-312.698,1.550,-93.95,-2.77,58.00,4.397,0.000,0.00,1.00,0,0,1,0,0,0,-2.77,-5.35,-0.37,0.3113,0.0769,0.6176,1,4.397,0,0.580,0,ground,run,1.000,-1,0.004 0.528 -0.231 0.299 0.188 0.296 -0.095 -0.410 0.070 -0.813,250.30,-312.56,1.55,-2.82,-93.97,89.16,-1,-1,-1,-1,0.516,0.276 0.309 -0.396 -0.822,-1.0,0,-1.000,-1.000,0.5008,-0.00,,-1.000,0.0,0.0,0.0,,,27.1,27.0,-1.6,,0.000,0.0,11.5,-1.00,-1.0,0.0,0,1500,-1.0,118.1,-1.0,0.0,0.00,5.00,-1,0,0.000,0,0.00,73.06,0,0,1,0.0,2,0.00,0.000,0.00,0.00,0.780,0.276,0.000,-1.000,-1.000,-1.000,-1.000,None,63.0,-1.0,0,4,0.00,0,0,0,0,0.00,2,0,0.000,0.000,-1,-1,-1,-1,-1,-1,-1,-1,-999,-1,-1,0,-1,-1,-1,-1.0,0,0.00,0,0,-1,-1,-1,-1,-1,-1,0,0
22,0.3667,ground,run,250.000,-317.207,0.950,0.000,-9.800,0.000,9.800,9.800,1.600,0.00,0.00,0.00,0.00,0.000,0,,0,0.00,0.00,0.00,250.300,-312.844,1.550,-93.93,-2.74,58.00,4.414,0.000,0.00,1.00,0,0,1,0,0,0,-2.74,-5.44,-0.38,0.3164,0.0782,0.6217,1,4.414,0,0.580,0,ground,run,1.000,-1,0.002 0.522 -0.232 0.299 0.194 0.346 -0.091 -0.366 0.062 -0.809,250.30,-312.70,1.55,-2.77,-93.95,89.16,-1,-1,-1,-1,0.509,0.277 0.359 -0.355 -0.814,-1.0,0,-1.000,-1.000,0.5015,-0.00,,-1.000,0.0,0.0,0.0,,,28.5,28.4,-1.9,,0.000,0.0,11.5,-1.00,-1.0,0.0,0,1500,-1.0,118.1,-1.0,0.0,0.00,5.00,-1,0,0.000,0,0.00,73.06,0,0,1,0.0,2,0.00,0.000,0.00,0.00,0.769,0.252,0.000,-1.000,-1.000,-1.000,-1.000,None,61.6,-1.0,0,4,0.00,0,0,0,0,0.00,2,0,0.000,0.000,-1,-1,-1,-1,-1,-1,-1,-1,-999,-1,-1,0,-1,-1,-1,-1.0,0,0.00,0,0,-1,-1,-1,-1,-1,-1,0,0
23,0.3833,ground,run,250.000,-317.370,0.950,0.000,-9.800,0.000,9.800,9.800,1.600,0.00,0.00,0.00,0.00,0.000,0,,0,0.00,0.00,0.00,250.300,-312.995,1.550,-93.92,-2.72,58.00,4.426,0.000,0.00,1.00,0,0,1,0,0,0,-2.72,-5.54,-0.40,0.3222,0.0789,0.6261,1,4.426,0,0.580,0,ground,run,1.000,-1,0.000 0.518 -0.233 0.293 0.198 0.365 -0.083 -0.340 0.054 -0.803,250.30,-312.84,1.55,-2.74,-93.93,89.16,-1,-1,-1,-1,0.505,0.270 0.378 -0.332 -0.802,-1.0,0,-1.000,-1.000,0.5019,-0.00,,-1.000,0.0,0.0,0.0,,,29.2,29.2,-2.2,,0.000,0.0,11.5,-1.00,-1.0,0.0,0,1500,-1.0,118.1,-1.0,0.0,0.00,5.00,-1,0,0.000,0,0.00,73.06,0,0,1,0.0,2,0.00,0.000,0.00,0.00,0.766,0.249,0.000,-1.000,-1.000,-1.000,-1.000,None,60.9,-1.0,0,4,0.00,0,0,0,0,0.00,2,0,0.000,0.000,-1,-1,-1,-1,-1,-1,-1,-1,-999,-1,-1,0,-1,-1,-1,-1.0,0,0.00,0,0,-1,-1,-1,-1,-1,-1,0,0
24,0.4000,ground,run,250.000,-317.533,0.950,0.000,-9.800,0.000,9.800,9.800,1.600,0.00,0.00,0.00,0.00,0.000,0,,0,0.00,0.00,0.00,250.300,-313.149,1.550,-93.91,-2.71,58.00,4.435,0.000,0.00,1.00,0,0,1,0,0,0,-2.71,-5.64,-0.42,0.3257,0.0790,0.6318,1,4.435,0,0.580,0,ground,run,1.000,-1,-0.001 0.517 -0.233 0.281 0.199 0.349 -0.076 -0.339 0.047 -0.792,250.30,-312.99,1.55,-2.72,-93.92,89.16,-1,-1,-1,-1,0.504,0.258 0.362 -0.334 -0.786,-1.0,0,-1.000,-1.000,0.5021,0.00,,-1.000,0.0,0.0,0.0,,,29.4,29.3,-2.3,,0.000,0.0,11.5,-1.00,-1.0,0.0,0,1500,-1.0,118.1,-1.0,0.0,0.00,5.00,-1,0,0.000,0,0.00,73.06,0,0,1,0.0,2,0.00,0.000,0.00,0.00,0.760,0.319,0.000,-1.000,-1.000,-1.000,-1.000,None,60.7,-1.0,0,4,0.00,0,0,0,0,0.00,2,0,0.000,0.000,-1,-1,-1,-1,-1,-1,-1,-1,-999,-1,-1,0,-1,-1,-1,-1.0,0,0.00,0,0,-1,-1,-1,-1,-1,-1,0,0
25,0.4167,ground,run,250.000,-317.697,0.950,0.000,-9.800,0.000,9.800,9.800,1.600,0.00,0.00,0.00,0.00,0.000,0,,0,0.00,0.00,0.00,250.300,-313.306,1.550,-93.91,-2.70,58.00,4.441,0.000,0.00,1.00,0,0,1,0,0,0,-2.70,-5.73,-0.43,0.3291,0.0785,0.6378,1,4.441,0,0.580,0,ground,run,1.000,-1,-0.001 0.516 -0.231 0.257 0.198 0.312 -0.066 -0.351 0.041 -0.774,250.30,-313.15,1.55,-2.71,-93.91,89.16,-1,-1,-1,-1,0.503,0.235 0.324 -0.350 -0.763,-1.0,0,-1.000,-1.000,0.5021,-0.00,,-1.000,0.0,0.0,0.0,,,29.6,29.5,-2.3,,0.000,0.0,11.5,-1.00,-1.0,0.0,0,1500,-1.0,118.2,-1.0,0.0,0.00,5.00,-1,0,0.000,0,0.00,73.06,0,0,1,0.0,2,0.00,0.000,0.00,0.00,0.757,0.452,0.000,-1.000,-1.000,-1.000,-1.000,None,60.5,-1.0,0,4,0.00,0,0,0,0,0.00,2,0,0.000,0.000,-1,-1,-1,-1,-1,-1,-1,-1,-999,-1,-1,0,-1,-1,-1,-1.0,0,0.00,0,0,-1,-1,-1,-1,-1,-1,0,0
26,0.4333,ground,run,250.000,-317.860,0.950,0.000,-9.800,0.000,9.800,9.800,1.600,0.00,0.00,0.00,0.00,0.000,0,,0,0.00,0.00,0.00,250.300,-313.465,1.550,-93.91,-2.69,58.00,4.446,0.000,0.00,1.00,0,0,1,0,0,0,-2.69,-5.82,-0.45,0.3365,0.0775,0.6425,1,4.446,0,0.580,0,ground,run,1.000,-1,-0.000 0.515 -0.228 0.222 0.197 0.256 -0.061 -0.364 0.037 -0.752,250.30,-313.31,1.55,-2.70,-93.91,89.16,-1,-1,-1,-1,0.502,0.201 0.268 -0.366 -0.737,-1.0,0,-1.000,-1.000,0.5020,-0.00,,-1.000,0.0,0.0,0.0,,,29.7,29.6,-2.2,,0.000,0.0,11.5,-1.00,-1.0,0.0,0,1500,-1.0,118.2,-1.0,0.0,0.00,5.00,-1,0,0.000,0,0.00,73.06,0,0,1,0.0,2,0.00,0.000,0.00,0.00,0.742,0.575,0.000,-1.000,-1.000,-1.000,-1.000,None,60.4,-1.0,0,4,0.00,0,0,0,0,0.00,2,0,0.000,0.000,-1,-1,-1,-1,-1,-1,-1,-1,-999,-1,-1,0,-1,-1,-1,-1.0,0,0.00,0,0,-1,-1,-1,-1,-1,-1,0,0
27,0.4500,ground,run,250.000,-318.023,0.950,0.000,-9.800,0.000,9.800,9.800,1.600,0.00,0.00,0.00,0.00,0.000,0,,0,0.00,0.00,0.00,250.300,-313.626,1.550,-93.90,-2.68,58.00,4.449,0.000,0.00,1.00,0,0,1,0,0,0,-2.68,-5.91,-0.47,0.3444,0.0761,0.6470,1,4.449,0,0.580,0,ground,run,1.000,-1,0.001 0.515 -0.222 0.180 0.195 0.187 -0.060 -0.387 0.034 -0.734,250.30,-313.47,1.55,-2.69,-93.91,89.16,-1,-1,-1,-1,0.502,0.160 0.197 -0.393 -0.716,-1.0,0,-1.000,-1.000,0.5019,0.00,,-1.000,0.0,0.0,0.0,,,29.7,29.7,-2.1,,0.000,0.0,11.5,-1.00,-1.0,0.0,0,1500,-1.0,118.2,-1.0,0.0,0.00,5.00,-1,0,0.000,0,0.00,73.06,0,0,1,0.0,2,0.00,0.000,0.00,0.00,0.662,0.654,0.000,-1.000,-1.000,-1.000,-1.000,None,60.3,-1.0,0,4,0.00,0,0,0,0,0.00,2,0,0.000,0.000,-1,-1,-1,-1,-1,-1,-1,-1,-999,-1,-1,0,-1,-1,-1,-1.0,0,0.00,0,0,-1,-1,-1,-1,-1,-1,0,0
28,0.4667,ground,run,250.000,-318.187,0.950,0.000,-9.800,0.000,9.800,9.800,1.600,0.00,0.00,0.00,0.00,0.000,0,,0,0.00,0.00,0.00,250.300,-313.787,1.550,-93.90,-2.68,58.00,4.451,0.000,0.00,1.00,0,0,1,0,0,0,-2.68,-6.00,-0.48,0.3514,0.0746,0.6506,1,4.451,0,0.580,0,ground,run,1.000,-1,0.003 0.515 -0.215 0.133 0.195 0.114 -0.056 -0.414 0.032 -0.717,250.30,-313.63,1.55,-2.68,-93.90,89.16,-1,-1,-1,-1,0.503,0.115 0.122 -0.424 -0.695,-1.0,0,-1.000,-1.000,0.5017,-0.00,,-1.000,0.0,0.0,0.0,,,29.7,29.7,-1.9,,0.000,0.0,11.5,-1.00,-1.0,0.0,0,1500,-1.0,118.2,-1.0,0.0,0.00,5.00,-1,0,0.000,0,0.00,73.06,0,0,1,0.0,2,0.00,0.000,0.00,0.00,0.561,0.711,0.000,-1.000,-1.000,-1.000,-1.000,None,60.3,-1.0,0,4,0.00,0,0,0,0,0.00,2,0,0.000,0.000,-1,-1,-1,-1,-1,-1,-1,-1,-999,-1,-1,0,-1,-1,-1,-1.0,0,0.00,0,0,-1,-1,-1,-1,-1,-1,0,0
29,0.4833,ground,run,250.000,-318.350,0.950,0.000,-9.800,0.000,9.800,9.800,1.600,0.00,0.00,0.00,0.00,0.000,0,,0,0.00,0.00,0.00,250.300,-313.949,1.550,-93.90,-2.68,58.00,4.452,0.000,0.00,1.00,0,0,1,0,0,0,-2.68,-6.08,-0.50,0.3533,0.0734,0.6498,1,4.452,0,0.580,0,ground,run,1.000,-1,0.006 0.516 -0.208 0.088 0.197 0.050 -0.049 -0.449 0.031 -0.694,250.30,-313.79,1.55,-2.68,-93.90,89.16,-1,-1,-1,-1,0.503,0.072 0.054 -0.462 -0.671,-1.0,0,-1.000,-1.000,0.5015,0.00,,-1.000,0.0,0.0,0.0,,,29.7,29.6,-1.6,,0.000,0.0,11.5,-1.00,-1.0,0.0,0,1500,-1.0,118.2,-1.0,0.0,0.00,5.00,-1,0,0.000,0,0.00,73.06,0,0,1,0.0,2,0.00,0.000,0.00,0.00,0.491,0.727,0.000,-1.000,-1.000,-1.000,-1.000,None,60.4,-1.0,0,4,0.00,0,0,0,0,0.00,2,0,0.000,0.000,-1,-1,-1,-1,-1,-1,-1,-1,-999,-1,-1,0,-1,-1,-1,-1.0,0,0.00,0,0,-1,-1,-1,-1,-1,-1,0,0
30,0.5000,ground,run,250.000,-318.513,0.950,0.000,-9.800,0.000,9.800,9.800,1.600,0.00,0.00,0.00,0.00,0.000,0,,0,0.00,0.00,0.00,250.300,-314.111,1.550,-93.90,-2.68,58.00,4.453,0.000,0.00,1.00,0,0,1,0,0,0,-2.68,-6.16,-0.52,0.3524,0.0728,0.6468,1,4.453,0,0.580,0,ground,run,1.000,-1,0.009 0.517 -0.202 0.053 0.202 0.005 -0.044 -0.494 0.030 -0.671,250.30,-313.95,1.55,-2.68,-93.90,89.16,-1,-1,-1,-1,0.504,0.040 0.005 -0.509 -0.646,-1.0,0,-1.000,-1.000,0.5014,-0.00,,-1.000,0.0,0.0,0.0,,,29.6,29.6,-1.2,,0.000,0.0,11.5,-1.00,-1.0,0.0,0,1500,-1.0,118.2,-1.0,0.0,0.00,5.00,-1,0,0.000,0,0.00,73.06,0,0,1,0.0,2,0.00,0.000,0.00,0.00,0.471,0.719,0.000,-1.000,-1.000,-1.000,-1.000,None,60.4,-1.0,0,4,0.00,0,0,0,0,0.00,2,0,0.000,0.000,-1,-1,-1,-1,-1,-1,-1,-1,-999,-1,-1,0,-1,-1,-1,-1.0,0,0.00,0,0,-1,-1,-1,-1,-1,-1,0,0
31,0.5167,ground,run,250.000,-318.677,0.950,0.000,-9.800,0.000,9.800,9.800,1.600,0.00,0.00,0.00,0.00,0.000,0,,0,0.00,0.00,0.00,250.300,-314.274,1.550,-93.90,-2.67,58.00,4.453,0.000,0.00,1.00,0,0,1,0,0,0,-2.67,-6.24,-0.53,0.3451,0.0732,0.6402,1,4.453,0,0.580,0,ground,run,1.000,-1,0.012 0.518 -0.197 0.034 0.212 -0.011 -0.041 -0.547 0.030 -0.633,250.30,-314.11,1.55,-2.68,-93.90,89.16,-1,-1,-1,-1,0.505,0.026 -0.017 -0.563 -0.608,-1.0,0,-1.000,-1.000,0.5013,-0.00,,-1.000,0.0,0.0,0.0,,,29.4,29.4,-0.8,,0.000,0.0,11.5,-1.00,-1.0,0.0,0,1500,-1.0,118.2,-1.0,0.0,0.00,5.00,-1,0,0.000,0,0.00,73.06,0,0,1,0.0,2,0.00,0.000,0.00,0.00,0.467,0.684,0.000,-1.000,-1.000,-1.000,-1.000,None,60.6,-1.0,0,4,0.00,0,0,0,0,0.00,2,0,0.000,0.000,-1,-1,-1,-1,-1,-1,-1,-1,-999,-1,-1,0,-1,-1,-1,-1.0,0,0.00,0,0,-1,-1,-1,-1,-1,-1,0,0
32,0.5333,ground,run,250.000,-318.840,0.950,0.000,-9.800,0.000,9.800,9.800,1.600,0.00,0.00,0.00,0.00,0.000,0,,0,0.00,0.00,0.00,250.300,-314.437,1.550,-93.90,-2.67,58.00,4.454,0.000,0.00,1.00,0,0,1,0,0,0,-2.67,-6.32,-0.55,0.3324,0.0747,0.6307,1,4.454,0,0.580,0,ground,run,1.000,-1,0.016 0.519 -0.195 0.039 0.225 0.002 -0.041 -0.604 0.032 -0.581,250.30,-314.27,1.55,-2.67,-93.90,89.16,-1,-1,-1,-1,0.506,0.035 -0.008 -0.621 -0.557,-1.0,0,-1.000,-1.000,0.5012,0.00,,-1.000,0.0,0.0,0.0,,,29.3,29.3,-0.4,,0.000,0.0,11.5,-1.00,-1.0,0.0,0,1500,-1.0,118.2,-1.0,0.0,0.00,5.00,-1,0,0.000,0,0.00,73.06,0,0,1,0.0,2,0.00,0.000,0.00,0.00,0.422,0.631,0.000,-1.000,-1.000,-1.000,-1.000,None,60.7,-1.0,0,4,0.00,0,0,0,0,0.00,2,0,0.000,0.000,-1,-1,-1,-1,-1,-1,-1,-1,-999,-1,-1,0,-1,-1,-1,-1.0,0,0.00,0,0,-1,-1,-1,-1,-1,-1,0,0
33,0.5500,ground,run,250.000,-319.003,0.950,0.000,-9.800,0.000,9.800,9.800,1.600,0.00,0.00,0.00,0.00,0.000,0,,0,0.00,0.00,0.00,250.300,-314.600,1.550,-93.90,-2.67,58.00,4.454,0.000,0.00,1.00,0,0,1,0,0,0,-2.67,-6.39,-0.57,0.3197,0.0771,0.6230,1,4.454,0,0.580,0,ground,run,1.000,-1,0.019 0.519 -0.196 0.067 0.239 0.040 -0.039 -0.654 0.034 -0.534,250.30,-314.44,1.55,-2.67,-93.90,89.16,-1,-1,-1,-1,0.507,0.067 0.026 -0.671 -0.510,-1.0,0,-1.000,-1.000,0.5010,-0.00,,-1.000,0.0,0.0,0.0,,,29.2,29.2,0.0,,0.000,0.0,11.5,-1.00,-1.0,0.0,0,1500,-1.0,118.2,-1.0,0.0,0.00,5.00,-1,0,0.000,0,0.00,73.06,0,0,1,0.0,2,0.00,0.000,0.00,0.00,0.517,0.573,0.000,-1.000,-1.000,-1.000,-1.000,None,60.8,-1.0,0,4,0.00,0,0,0,0,0.00,2,0,0.000,0.000,-1,-1,-1,-1,-1,-1,-1,-1,-999,-1,-1,0,-1,-1,-1,-1.0,0,0.00,0,0,-1,-1,-1,-1,-1,-1,0,0
34,0.5667,ground,run,250.000,-319.167,0.950,0.000,-9.800,0.000,9.800,9.800,1.600,0.00,0.00,0.00,0.00,0.000,0,,0,0.00,0.00,0.00,250.300,-314.763,1.550,-93.90,-2.67,58.00,4.454,0.000,0.00,1.00,0,0,1,0,0,0,-2.67,-6.47,-0.58,0.3066,0.0804,0.6157,1,4.454,0,0.580,0,ground,run,1.000,-1,0.023 0.520 -0.201 0.117 0.255 0.096 -0.039 -0.700 0.037 -0.487,250.30,-314.60,1.55,-2.67,-93.90,89.16,-1,-1,-1,-1,0.507,0.121 0.078 -0.717 -0.465,-1.0,0,-1.000,-1.000,0.5007,-0.00,,-1.000,0.0,0.0,0.0,,,29.1,29.1,0.5,,0.000,0.0,11.5,-1.00,-1.0,0.0,0,1500,-1.0,118.2,-1.0,0.0,0.00,5.00,-1,0,0.000,0,0.00,73.06,0,0,1,0.0,2,0.00,0.000,0.00,0.00,0.620,0.512,0.000,-1.000,-1.000,-1.000,-1.000,None,60.9,-1.0,0,4,0.00,0,0,0,0,0.00,2,0,0.000,0.000,-1,-1,-1,-1,-1,-1,-1,-1,-999,-1,-1,0,-1,-1,-1,-1.0,0,0.00,0,0,-1,-1,-1,-1,-1,-1,0,0
35,0.5833,ground,run,250.000,-319.330,0.950,0.000,-9.800,0.000,9.800,9.800,1.600,0.00,0.00,0.00,0.00,0.000,0,,0,0.00,0.00,0.00,250.300,-314.926,1.550,-93.90,-2.67,58.00,4.454,0.000,0.00,1.00,0,0,1,0,0,0,-2.67,-6.53,-0.60,0.2959,0.0836,0.6108,1,4.454,0,0.580,0,ground,run,1.000,-1,0.027 0.520 -0.207 0.176 0.268 0.152 -0.039 -0.740 0.041 -0.452,250.30,-314.76,1.55,-2.67,-93.90,89.16,-1,-1,-1,-1,0.507,0.183 0.133 -0.755 -0.432,-1.0,0,-1.000,-1.000,0.5003,-0.00,,-1.000,0.0,0.0,0.0,,,29.0,29.0,0.9,,0.000,0.0,11.5,-1.00,-1.0,0.0,0,1500,-1.0,118.2,-1.0,0.0,0.00,5.00,-1,0,0.000,0,0.00,73.06,0,0,1,0.0,2,0.00,0.000,0.00,0.00,0.696,0.447,0.000,-1.000,-1.000,-1.000,-1.000,None,61.0,-1.0,0,4,0.00,0,0,0,0,0.00,2,0,0.000,0.000,-1,-1,-1,-1,-1,-1,-1,-1,-999,-1,-1,0,-1,-1,-1,-1.0,0,0.00,0,0,-1,-1,-1,-1,-1,-1,0,0
36,0.6000,ground,run,250.000,-319.493,0.950,0.000,-9.800,0.000,9.800,9.800,1.600,0.00,0.00,0.00,0.00,0.000,0,,0,0.00,0.00,0.00,250.300,-315.090,1.550,-93.90,-2.67,58.00,4.454,0.000,0.00,1.00,0,0,1,0,0,0,-2.67,-6.60,-0.62,0.2921,0.0869,0.6098,1,4.454,0,0.580,0,ground,run,1.000,-1,0.030 0.520 -0.214 0.244 0.280 0.209 -0.041 -0.775 0.045 -0.418,250.30,-314.93,1.55,-2.67,-93.90,89.16,-1,-1,-1,-1,0.507,0.253 0.188 -0.788 -0.400,-1.0,0,-1.000,-1.000,0.4998,-0.00,,-1.000,0.0,0.0,0.0,,,29.0,29.0,1.2,,0.000,0.0,11.5,-1.00,-1.0,0.0,0,1500,-1.0,118.2,-1.0,0.0,0.00,5.00,-1,0,0.000,0,0.00,65.86,0,0,1,0.0,2,0.00,0.000,0.00,0.00,0.730,0.381,0.000,-1.000,-1.000,-1.000,-1.000,None,61.0,-1.0,0,4,0.00,0,0,0,0,0.00,2,0,0.000,0.000,-1,-1,-1,-1,-1,-1,-1,-1,-999,-1,-1,0,-1,-1,-1,-1.0,0,0.00,0,0,-1,-1,-1,-1,-1,-1,0,0
37,0.6167,ground,run,250.000,-319.657,0.950,0.000,-9.800,0.000,9.800,9.800,1.600,0.00,0.00,0.00,0.00,0.000,0,,0,0.00,0.00,0.00,250.300,-315.253,1.550,-93.90,-2.67,58.00,4.454,0.000,0.00,1.00,0,0,1,0,0,0,-2.67,-6.67,-0.63,0.2990,0.0894,0.6149,1,4.454,0,0.580,0,ground,run,1.000,-1,0.033 0.519 -0.220 0.297 0.287 0.248 -0.043 -0.796 0.049 -0.392,250.30,-315.09,1.55,-2.67,-93.90,89.16,-1,-1,-1,-1,0.507,0.308 0.227 -0.807 -0.376,-1.0,0,-1.000,-1.000,0.4994,-0.00,,-1.000,0.0,0.0,0.0,,,29.1,29.0,1.6,,0.000,0.0,11.5,-1.00,-1.0,0.0,0,1500,-1.0,118.2,-1.0,0.0,0.00,5.00,-1,0,0.000,0,0.00,65.86,0,0,1,0.0,2,0.00,0.000,0.00,0.00,0.748,0.323,0.000,-1.000,-1.000,-1.000,-1.000,None,61.0,-1.0,0,4,0.00,0,0,0,0,0.00,2,0,0.000,0.000,-1,-1,-1,-1,-1,-1,-1,-1,-999,-1,-1,0,-1,-1,-1,-1.0,0,0.00,0,0,-1,-1,-1,-1,-1,-1,0,0
38,0.6333,ground,run,250.000,-319.820,0.950,0.000,-9.800,0.000,9.800,9.800,1.600,0.00,0.00,0.00,0.00,0.000,0,,0,0.00,0.00,0.00,250.300,-315.416,1.550,-93.90,-2.67,58.00,4.454,0.000,0.00,1.00,0,0,1,0,0,0,-2.67,-6.73,-0.65,0.3086,0.0915,0.6179,1,4.454,0,0.580,0,ground,run,1.000,-1,0.036 0.518 -0.226 0.347 0.293 0.280 -0.046 -0.809 0.053 -0.363,250.30,-315.25,1.55,-2.67,-93.90,89.16,-1,-1,-1,-1,0.506,0.357 0.259 -0.817 -0.349,-1.0,0,-1.000,-1.000,0.4990,-0.00,,-1.000,0.0,0.0,0.0,,,29.2,29.1,1.9,,0.000,0.0,11.5,-1.00,-1.0,0.0,0,1500,-1.0,118.2,-1.0,0.0,0.00,5.00,-1,0,0.000,0,0.00,65.86,0,0,1,0.0,2,0.00,0.000,0.00,0.00,0.769,0.278,0.000,-1.000,-1.000,-1.000,-1.000,None,60.9,-1.0,0,4,0.00,0,0,0,0,0.00,2,0,0.000,0.000,-1,-1,-1,-1,-1,-1,-1,-1,-999,-1,-1,0,-1,-1,-1,-1.0,0,0.00,0,0,-1,-1,-1,-1,-1,-1,0,0
39,0.6500,ground,run,250.000,-319.983,0.950,0.000,-9.800,0.000,9.800,9.800,1.600,0.00,0.00,0.00,0.00,0.000,0,,0,0.00,0.00,0.00,250.300,-315.580,1.550,-93.90,-2.67,58.00,4.455,0.000,0.00,1.00,0,0,1,0,0,0,-2.67,-6.79,-0.67,0.3166,0.0926,0.6228,1,4.455,0,0.580,0,ground,run,1.000,-1,0.037 0.517 -0.230 0.363 0.296 0.288 -0.052 -0.812 0.055 -0.350,250.30,-315.42,1.55,-2.67,-93.90,89.16,-1,-1,-1,-1,0.505,0.374 0.267 -0.815 -0.339,-1.0,0,-1.000,-1.000,0.4987,0.00,,-1.000,0.0,0.0,0.0,,,29.3,29.3,2.1,,0.000,0.0,11.5,-1.00,-1.0,0.0,0,1500,-1.0,118.2,-1.0,0.0,0.00,5.00,-1,0,0.000,0,0.00,65.86,0,0,1,0.0,2,0.00,0.000,0.00,0.00,0.768,0.244,0.000,-1.000,-1.000,-1.000,-1.000,None,60.8,-1.0,0,4,0.00,0,0,0,0,0.00,2,0,0.000,0.000,-1,-1,-1,-1,-1,-1,-1,-1,-999,-1,-1,0,-1,-1,-1,-1.0,0,0.00,0,0,-1,-1,-1,-1,-1,-1,0,0
40,0.6667,ground,run,250.000,-320.147,0.950,0.000,-9.800,0.000,9.800,9.800,1.600,0.00,0.00,0.00,0.00,0.000,0,,0,0.00,0.00,0.00,250.300,-315.743,1.550,-93.90,-2.67,58.00,4.455,0.000,0.00,1.00,0,0,1,0,0,0,-2.67,-6.84,-0.68,0.3209,0.0933,0.6270,1,4.455,0,0.580,0,ground,run,1.000,-1,0.039 0.516 -0.233 0.368 0.297 0.289 -0.059 -0.797 0.057 -0.333,250.30,-315.58,1.55,-2.67,-93.90,89.16,-1,-1,-1,-1,0.504,0.380 0.268 -0.795 -0.325,-1.0,0,-1.000,-1.000,0.4985,0.00,,-1.000,0.0,0.0,0.0,,,29.5,29.4,2.2,,0.000,0.0,11.5,-1.00,-1.0,0.0,0,1500,-1.0,118.2,-1.0,0.0,0.00,5.00,-1,0,0.000,0,0.00,65.86,0,0,1,0.0,2,0.00,0.000,0.00,0.00,0.764,0.261,0.000,-1.000,-1.000,-1.000,-1.000,None,60.6,-1.0,0,4,0.00,0,0,0,0,0.00,2,0,0.000,0.000,-1,-1,-1,-1,-1,-1,-1,-1,-999,-1,-1,0,-1,-1,-1,-1.0,0,0.00,0,0,-1,-1,-1,-1,-1,-1,0,0
41,0.6833,ground,run,250.000,-320.310,0.950,0.000,-9.800,0.000,9.800,9.800,1.600,0.00,0.00,0.00,0.00,0.000,0,,0,0.00,0.00,0.00,250.300,-315.906,1.550,-93.90,-2.67,58.00,4.455,0.000,0.00,1.00,0,0,1,0,0,0,-2.67,-6.90,-0.70,0.3246,0.0930,0.6335,1,4.455,0,0.580,0,ground,run,1.000,-1,0.039 0.516 -0.232 0.339 0.295 0.269 -0.068 -0.784 0.058 -0.347,250.30,-315.74,1.55,-2.67,-93.90,89.16,-1,-1,-1,-1,0.503,0.350 0.249 -0.777 -0.342,-1.0,0,-1.000,-1.000,0.4984,0.00,,-1.000,0.0,0.0,0.0,,,29.6,29.5,2.3,,0.000,0.0,11.5,-1.00,-1.0,0.0,0,1500,-1.0,118.2,-1.0,0.0,0.00,5.00,-1,0,0.000,0,0.00,65.86,0,0,1,0.0,2,0.00,0.000,0.00,0.00,0.761,0.361,0.000,-1.000,-1.000,-1.000,-1.000,None,60.5,-1.0,0,4,0.00,0,0,0,0,0.00,2,0,0.000,0.000,-1,-1,-1,-1,-1,-1,-1,-1,-999,-1,-1,0,-1,-1,-1,-1.0,0,0.00,0,0,-1,-1,-1,-1,-1,-1,0,0
42,0.7000,ground,run,250.000,-320.473,0.950,0.000,-9.800,0.000,9.800,9.800,1.600,0.00,0.00,0.00,0.00,0.000,0,,0,0.00,0.00,0.00,250.300,-316.070,1.550,-93.90,-2.67,58.00,4.455,0.000,0.00,1.00,0,0,1,0,0,0,-2.67,-6.95,-0.72,0.3289,0.0923,0.6385,1,4.455,0,0.580,0,ground,run,1.000,-1,0.040 0.515 -0.231 0.300 0.292 0.246 -0.075 -0.762 0.062 -0.351,250.30,-315.91,1.55,-2.67,-93.90,89.16,-1,-1,-1,-1,0.502,0.311 0.226 -0.751 -0.350,-1.0,0,-1.000,-1.000,0.4985,0.00,,-1.000,0.0,0.0,0.0,,,29.7,29.7,2.3,,0.000,0.0,11.5,-1.00,-1.0,0.0,0,1500,-1.0,118.2,-1.0,0.0,0.00,5.00,-1,0,0.000,0,0.00,65.86,0,0,1,0.0,2,0.00,0.000,0.00,0.00,0.754,0.501,0.000,-1.000,-1.000,-1.000,-1.000,None,60.3,-1.0,0,4,0.00,0,0,0,0,0.00,2,0,0.000,0.000,-1,-1,-1,-1,-1,-1,-1,-1,-999,-1,-1,0,-1,-1,-1,-1.0,0,0.00,0,0,-1,-1,-1,-1,-1,-1,0,0
43,0.7167,ground,run,250.000,-320.637,0.950,0.000,-9.800,0.000,9.800,9.800,1.600,0.00,0.00,0.00,0.00,0.000,0,,0,0.00,0.00,0.00,250.300,-316.233,1.550,-93.90,-2.67,58.00,4.455,0.000,0.00,1.00,0,0,1,0,0,0,-2.67,-7.00,-0.73,0.3383,0.0902,0.6439,1,4.455,0,0.580,0,ground,run,1.000,-1,0.039 0.515 -0.226 0.233 0.284 0.205 -0.085 -0.748 0.070 -0.374,250.30,-316.07,1.55,-2.67,-93.90,89.16,-1,-1,-1,-1,0.502,0.243 0.186 -0.732 -0.378,-1.0,0,-1.000,-1.000,0.4988,0.00,,-1.000,0.0,0.0,0.0,,,29.8,29.7,2.2,,0.000,0.0,11.5,-1.00,-1.0,0.0,0,1500,-1.0,118.2,-1.0,0.0,0.00,5.00,-1,0,0.000,0,0.00,65.86,0,0,1,0.0,2,0.00,0.000,0.00,0.00,0.726,0.604,0.000,-1.000,-1.000,-1.000,-1.000,None,60.3,-1.0,0,4,0.00,0,0,0,0,0.00,2,0,0.000,0.000,-1,-1,-1,-1,-1,-1,-1,-1,-999,-1,-1,0,-1,-1,-1,-1.0,0,0.00,0,0,-1,-1,-1,-1,-1,-1,0,0
44,0.7333,ground,run,250.000,-320.800,0.950,0.000,-9.800,0.000,9.800,9.800,1.600,0.00,0.00,0.00,0.00,0.000,0,,0,0.00,0.00,0.00,250.300,-316.396,1.550,-93.90,-2.67,58.00,4.455,0.000,0.00,1.00,0,0,1,0,0,0,-2.67,-7.05,-0.75,0.3462,0.0877,0.6485,1,4.455,0,0.580,0,ground,run,1.000,-1,0.037 0.515 -0.220 0.166 0.275 0.163 -0.092 -0.726 0.079 -0.392,250.30,-316.23,1.55,-2.67,-93.90,89.16,-1,-1,-1,-1,0.502,0.174 0.145 -0.707 -0.399,-1.0,0,-1.000,-1.000,0.4992,0.00,,-1.000,0.0,0.0,0.0,,,29.8,29.8,2.1,,0.000,0.0,11.5,-1.00,-1.0,0.0,0,1500,-1.0,118.2,-1.0,0.0,0.00,5.00,-1,0,0.000,0,0.00,65.86,0,0,1,0.0,2,0.00,0.000,0.00,0.00,0.626,0.687,0.000,-1.000,-1.000,-1.000,-1.000,None,60.2,-1.0,0,4,0.00,0,0,0,0,0.00,2,0,0.000,0.000,-1,-1,-1,-1,-1,-1,-1,-1,-999,-1,-1,0,-1,-1,-1,-1.0,0,0.00,0,0,-1,-1,-1,-1,-1,-1,0,0
45,0.7500,ground,run,250.000,-320.963,0.950,0.000,-9.800,0.000,9.800,9.800,1.600,0.00,0.00,0.00,0.00,0.000,0,,0,0.00,0.00,0.00,250.300,-316.560,1.550,-93.90,-2.67,58.00,4.455,0.000,0.00,1.00,0,0,1,0,0,0,-2.67,-7.10,-0.77,0.3512,0.0839,0.6500,1,4.455,0,0.580,0,ground,run,1.000,-1,0.035 0.515 -0.211 0.091 0.262 0.114 -0.098 -0.708 0.083 -0.428,250.30,-316.40,1.55,-2.67,-93.90,89.16,-1,-1,-1,-1,0.502,0.096 0.098 -0.686 -0.438,-1.0,0,-1.000,-1.000,0.4998,0.00,,-1.000,0.0,0.0,0.0,,,29.8,29.7,1.8,,0.000,0.0,11.5,-1.00,-1.0,0.0,0,1500,-1.0,118.2,-1.0,0.0,0.00,5.00,-1,0,0.000,0,0.00,65.86,0,0,1,0.0,2,0.00,0.000,0.00,0.00,0.531,0.719,0.000,-1.000,-1.000,-1.000,-1.000,None,60.3,-1.0,0,4,0.00,0,0,0,0,0.00,2,0,0.000,0.000,-1,-1,-1,-1,-1,-1,-1,-1,-999,-1,-1,0,-1,-1,-1,-1.0,0,0.00,0,0,-1,-1,-1,-1,-1,-1,0,0
46,0.7667,ground,run,250.000,-321.127,0.950,0.000,-9.800,0.000,9.800,9.800,1.600,0.00,0.00,0.00,0.00,0.000,0,,0,0.00,0.00,0.00,250.300,-316.723,1.550,-93.90,-2.67,58.00,4.455,0.000,0.00,1.00,0,0,1,0,0,0,-2.67,-7.14,-0.78,0.3539,0.0800,0.6497,1,4.455,0,0.580,0,ground,run,1.000,-1,0.032 0.516 -0.203 0.034 0.247 0.073 -0.102 -0.689 0.086 -0.460,250.30,-316.56,1.55,-2.67,-93.90,89.16,-1,-1,-1,-1,0.503,0.035 0.060 -0.665 -0.473,-1.0,0,-1.000,-1.000,0.5003,0.00,,-1.000,0.0,0.0,0.0,,,29.7,29.7,1.5,,0.000,0.0,11.5,-1.00,-1.0,0.0,0,1500,-1.0,118.2,-1.0,0.0,0.00,5.00,-1,0,0.000,0,0.00,65.86,0,0,1,0.0,2,0.00,0.000,0.00,0.00,0.477,0.739,0.000,-1.000,-1.000,-1.000,-1.000,None,60.3,-1.0,0,4,0.00,0,0,0,0,0.00,2,0,0.000,0.000,-1,-1,-1,-1,-1,-1,-1,-1,-999,-1,-1,0,-1,-1,-1,-1.0,0,0.00,0,0,-1,-1,-1,-1,-1,-1,0,0
47,0.7833,ground,run,250.000,-321.290,0.950,0.000,-9.800,0.000,9.800,9.800,1.600,0.00,0.00,0.00,0.00,0.000,0,,0,0.00,0.00,0.00,250.300,-316.886,1.550,-93.90,-2.67,58.00,4.455,0.000,0.00,1.00,0,0,1,0,0,0,-2.67,-7.19,-0.80,0.3487,0.0760,0.6440,1,4.455,0,0.580,0,ground,run,1.000,-1,0.029 0.517 -0.196 -0.002 0.230 0.042 -0.103 -0.655 0.085 -0.513,250.30,-316.72,1.55,-2.67,-93.90,89.16,-1,-1,-1,-1,0.504,-0.006 0.033 -0.631 -0.528,-1.0,0,-1.000,-1.000,0.5008,0.00,,-1.000,0.0,0.0,0.0,,,29.6,29.5,1.1,,0.000,0.0,11.5,-1.00,-1.0,0.0,0,1500,-1.0,118.2,-1.0,0.0,0.00,5.00,-1,0,0.000,0,0.00,65.86,0,0,1,0.0,2,0.00,0.000,0.00,0.00,0.477,0.708,0.000,-1.000,-1.000,-1.000,-1.000,None,60.5,-1.0,0,4,0.00,0,0,0,0,0.00,2,0,0.000,0.000,-1,-1,-1,-1,-1,-1,-1,-1,-999,-1,-1,0,-1,-1,-1,-1.0,0,0.00,0,0,-1,-1,-1,-1,-1,-1,0,0
48,0.8000,ground,run,250.000,-321.453,0.950,0.000,-9.800,0.000,9.800,9.800,1.600,0.00,0.00,0.00,0.00,0.000,0,,0,0.00,0.00,0.00,250.300,-317.050,1.550,-93.90,-2.67,58.00,4.455,0.000,0.00,1.00,0,0,1,0,0,0,-2.67,-7.23,-0.82,0.3401,0.0729,0.6363,1,4.455,0,0.580,0,ground,run,1.000,-1,0.025 0.518 -0.192 -0.009 0.214 0.032 -0.104 -0.615 0.088 -0.566,250.30,-316.89,1.55,-2.67,-93.90,89.16,-1,-1,-1,-1,0.505,-0.017 0.027 -0.591 -0.582,-1.0,0,-1.000,-1.000,0.5010,0.00,,-1.000,0.0,0.0,0.0,,,29.4,29.4,0.7,,0.000,0.0,11.5,-1.00,-1.0,0.0,0,1500,-1.0,118.2,-1.0,0.0,0.00,5.00,-1,0,0.000,0,0.00,65.86,0,0,1,0.0,2,0.00,0.000,0.00,0.00,0.446,0.669,0.000,-1.000,-1.000,-1.000,-1.000,None,60.6,-1.0,0,4,0.00,0,0,0,0,0.00,2,0,0.000,0.000,-1,-1,-1,-1,-1,-1,-1,-1,-999,-1,-1,0,-1,-1,-1,-1.0,0,0.00,0,0,-1,-1,-1,-1,-1,-1,0,0
49,0.8167,ground,run,250.000,-321.617,0.950,0.000,-9.800,0.000,9.800,9.800,1.600,0.00,0.00,0.00,0.00,0.000,0,,0,0.00,0.00,0.00,250.300,-317.213,1.550,-93.90,-2.67,58.00,4.455,0.000,0.00,1.00,0,0,1,0,0,0,-2.67,-7.27,-0.83,0.3275,0.0709,0.6279,1,4.455,0,0.580,0,ground,run,1.000,-1,0.022 0.519 -0.193 0.014 0.201 0.045 -0.104 -0.566 0.087 -0.622,250.30,-317.05,1.55,-2.67,-93.90,89.16,-1,-1,-1,-1,0.506,0.001 0.044 -0.542 -0.638,-1.0,0,-1.000,-1.000,0.5011,0.00,,-1.000,0.0,0.0,0.0,,,29.3,29.3,0.3,,0.000,0.0,11.5,-1.00,-1.0,0.0,0,1500,-1.0,118.2,-1.0,0.0,0.00,5.00,-1,0,0.000,0,0.00,65.86,0,0,1,0.0,2,0.00,0.000,0.00,0.00,0.450,0.612,0.000,-1.000,-1.000,-1.000,-1.000,None,60.7,-1.0,0,4,0.00,0,0,0,0,0.00,2,0,0.000,0.000,-1,-1,-1,-1,-1,-1,-1,-1,-999,-1,-1,0,-1,-1,-1,-1.0,0,0.00,0,0,-1,-1,-1,-1,-1,-1,0,0
50,0.8333,ground,run,250.000,-321.780,0.950,0.000,-9.800,0.000,9.800,9.800,1.600,0.00,0.00,0.00,0.00,0.000,0,,0,0.00,0.00,0.00,250.300,-317.376,1.550,-93.90,-2.67,58.00,4.455,0.000,0.00,1.00,0,0,1,0,0,0,-2.67,-7.30,-0.85,0.3129,0.0702,0.6190,1,4.455,0,0.580,0,ground,run,1.000,-1,0.018 0.519 -0.197 0.061 0.191 0.082 -0.103 -0.512 0.086 -0.672,250.30,-317.21,1.55,-2.67,-93.90,89.16,-1,-1,-1,-1,0.507,0.044 0.085 -0.489 -0.689,-1.0,0,-1.000,-1.000,0.5010,0.00,,-1.000,0.0,0.0,0.0,,,29.1,29.1,-0.2,,0.000,0.0,11.5,-1.00,-1.0,0.0,0,1500,-1.0,118.2,-1.0,0.0,0.00,5.00,-1,0,0.000,0,0.00,65.86,0,0,1,0.0,2,0.00,0.000,0.00,0.00,0.555,0.552,0.000,-1.000,-1.000,-1.000,-1.000,None,60.9,-1.0,0,4,0.00,0,0,0,0,0.00,2,0,0.000,0.000,-1,-1,-1,-1,-1,-1,-1,-1,-999,-1,-1,0,-1,-1,-1,-1.0,0,0.00,0,0,-1,-1,-1,-1,-1,-1,0,0
51,0.8500,ground,run,250.000,-321.943,0.950,0.000,-9.800,0.000,9.800,9.800,1.600,0.00,0.00,0.00,0.00,0.000,0,,0,0.00,0.00,0.00,250.300,-317.540,1.550,-93.90,-2.67,58.00,4.455,0.000,0.00,1.00,0,0,1,0,0,0,-2.67,-7.34,-0.87,0.3022,0.0707,0.6137,1,4.455,0,0.580,0,ground,run,1.000,-1,0.014 0.520 -0.203 0.116 0.186 0.134 -0.102 -0.475 0.083 -0.715,250.30,-317.38,1.55,-2.67,-93.90,89.16,-1,-1,-1,-1,0.507,0.096 0.141 -0.454 -0.730,-1.0,0,-1.000,-1.000,0.5010,0.00,,-1.000,0.0,0.0,0.0,,,29.1,29.1,-0.6,,0.000,0.0,11.5,-1.00,-1.0,0.0,0,1500,-1.0,118.2,-1.0,0.0,0.00,5.00,-1,0,0.000,0,0.00,65.86,0,0,1,0.0,2,0.00,0.000,0.00,0.00,0.651,0.489,0.000,-1.000,-1.000,-1.000,-1.000,None,60.9,-1.0,0,4,0.00,0,0,0,0,0.00,2,0,0.000,0.000,-1,-1,-1,-1,-1,-1,-1,-1,-999,-1,-1,0,-1,-1,-1,-1.0,0,0.00,0,0,-1,-1,-1,-1,-1,-1,0,0
52,0.8667,ground,run,250.000,-322.107,0.950,0.000,-9.800,0.000,9.800,9.800,1.600,0.00,0.00,0.00,0.00,0.000,0,,0,0.00,0.00,0.00,250.300,-317.703,1.550,-93.90,-2.67,58.00,4.455,0.000,0.00,1.00,0,0,1,0,0,0,-2.67,-7.37,-0.88,0.2910,0.0721,0.6085,1,4.455,0,0.580,0,ground,run,1.000,-1,0.010 0.520 -0.211 0.177 0.185 0.202 -0.101 -0.437 0.080 -0.753,250.30,-317.54,1.55,-2.67,-93.90,89.16,-1,-1,-1,-1,0.507,0.155 0.211 -0.418 -0.767,-1.0,0,-1.000,-1.000,0.5010,0.00,,-1.000,0.0,0.0,0.0,,,29.0,29.0,-1.0,,0.000,0.0,11.5,-1.00,-1.0,0.0,0,1500,-1.0,118.2,-1.0,0.0,0.00,5.00,-1,0,0.000,0,0.00,65.86,0,0,1,0.0,2,0.00,0.000,0.00,0.00,0.711,0.426,0.000,-1.000,-1.000,-1.000,-1.000,None,61.0,-1.0,0,4,0.00,0,0,0,0,0.00,2,0,0.000,0.000,-1,-1,-1,-1,-1,-1,-1,-1,-999,-1,-1,0,-1,-1,-1,-1.0,0,0.00,0,0,-1,-1,-1,-1,-1,-1,0,0
53,0.8833,ground,run,250.000,-322.270,0.950,0.000,-9.800,0.000,9.800,9.800,1.600,0.00,0.00,0.00,0.00,0.000,0,,0,0.00,0.00,0.00,250.300,-317.866,1.550,-93.90,-2.67,58.00,4.455,0.000,0.00,1.00,0,0,1,0,0,0,-2.67,-7.41,-0.90,0.2954,0.0738,0.6120,1,4.455,0,0.580,0,ground,run,1.000,-1,0.007 0.520 -0.219 0.223 0.187 0.260 -0.098 -0.409 0.075 -0.783,250.30,-317.70,1.55,-2.67,-93.90,89.16,-1,-1,-1,-1,0.507,0.201 0.271 -0.392 -0.795,-1.0,0,-1.000,-1.000,0.5012,0.00,,-1.000,0.0,0.0,0.0,,,29.0,29.0,-1.3,,0.000,0.0,11.5,-1.00,-1.0,0.0,0,1500,-1.0,118.2,-1.0,0.0,0.00,5.00,-1,0,0.000,0,0.00,65.86,0,0,1,0.0,2,0.00,0.000,0.00,0.00,0.736,0.360,0.000,-1.000,-1.000,-1.000,-1.000,None,61.0,-1.0,0,4,0.00,0,0,0,0,0.00,2,0,0.000,0.000,-1,-1,-1,-1,-1,-1,-1,-1,-999,-1,-1,0,-1,-1,-1,-1.0,0,0.00,0,0,-1,-1,-1,-1,-1,-1,0,0
54,0.9000,ground,run,250.000,-322.433,0.950,0.000,-9.800,0.000,9.800,9.800,1.600,0.00,0.00,0.00,0.00,0.000,0,,0,0.00,0.00,0.00,250.300,-318.030,1.550,-93.90,-2.67,58.00,4.455,0.000,0.00,1.00,0,0,1,0,0,0,-2.67,-7.44,-0.92,0.3047,0.0758,0.6170,1,4.455,0,0.580,0,ground,run,1.000,-1,0.004 0.519 -0.226 0.265 0.191 0.319 -0.095 -0.379 0.070 -0.808,250.30,-317.87,1.55,-2.67,-93.90,89.16,-1,-1,-1,-1,0.506,0.242 0.331 -0.364 -0.817,-1.0,0,-1.000,-1.000,0.5014,0.00,,-1.000,0.0,0.0,0.0,,,29.1,29.1,-1.7,,0.000,0.0,11.5,-1.00,-1.0,0.0,0,1500,-1.0,118.2,-1.0,0.0,0.00,5.00,-1,0,0.000,0,0.00,66.99,0,0,1,0.0,2,0.00,0.000,0.00,0.00,0.756,0.301,0.000,-1.000,-1.000,-1.000,-1.000,None,61.0,-1.0,0,4,0.00,0,0,0,0,0.00,2,0,0.000,0.000,-1,-1,-1,-1,-1,-1,-1,-1,-999,-1,-1,0,-1,-1,-1,-1.0,0,0.00,0,0,-1,-1,-1,-1,-1,-1,0,0
55,0.9167,ground,run,250.000,-322.597,0.950,0.000,-9.800,0.000,9.800,9.800,1.600,0.00,0.00,0.00,0.00,0.000,0,,0,0.00,0.00,0.00,250.300,-318.193,1.550,-93.90,-2.67,58.00,4.455,0.000,0.00,1.00,0,0,1,0,0,0,-2.67,-7.47,-0.93,0.3125,0.0771,0.6204,1,4.455,0,0.580,0,ground,run,1.000,-1,0.002 0.518 -0.230 0.283 0.194 0.349 -0.092 -0.359 0.063 -0.809,250.30,-318.03,1.55,-2.67,-93.90,89.16,-1,-1,-1,-1,0.505,0.260 0.361 -0.347 -0.815,-1.0,0,-1.000,-1.000,0.5017,0.00,,-1.000,0.0,0.0,0.0,,,29.2,29.2,-1.9,,0.000,0.0,11.5,-1.00,-1.0,0.0,0,1500,-1.0,118.2,-1.0,0.0,0.00,5.00,-1,0,0.000,0,0.00,66.99,0,0,1,0.0,2,0.00,0.000,0.00,0.00,0.764,0.262,0.000,-1.000,-1.000,-1.000,-1.000,None,60.8,-1.0,0,4,0.00,0,0,0,0,0.00,2,0,0.000,0.000,-1,-1,-1,-1,-1,-1,-1,-1,-999,-1,-1,0,-1,-1,-1,-1.0,0,0.00,0,0,-1,-1,-1,-1,-1,-1,0,0
56,0.9333,ground,run,250.000,-322.760,0.950,0.000,-9.800,0.000,9.800,9.800,1.600,0.00,0.00,0.00,0.00,0.000,0,,0,0.00,0.00,0.00,250.300,-318.356,1.550,-93.90,-2.67,58.00,4.455,0.000,0.00,1.00,0,0,1,0,0,0,-2.67,-7.49,-0.95,0.3186,0.0783,0.6240,1,4.455,0,0.580,0,ground,run,1.000,-1,0.000 0.517 -0.233 0.294 0.198 0.370 -0.085 -0.339 0.056 -0.803,250.30,-318.19,1.55,-2.67,-93.90,89.16,-1,-1,-1,-1,0.504,0.272 0.383 -0.330 -0.804,-1.0,0,-1.000,-1.000,0.5019,0.00,,-1.000,0.0,0.0,0.0,,,29.4,29.3,-2.1,,0.000,0.0,11.5,-1.00,-1.0,0.0,0,1500,-1.0,118.2,-1.0,0.0,0.00,5.00,-1,0,0.000,0,0.00,66.99,0,0,1,0.0,2,0.00,0.000,0.00,0.00,0.768,0.243,0.000,-1.000,-1.000,-1.000,-1.000,None,60.7,-1.0,0,4,0.00,0,0,0,0,0.00,2,0,0.000,0.000,-1,-1,-1,-1,-1,-1,-1,-1,-999,-1,-1,0,-1,-1,-1,-1.0,0,0.00,0,0,-1,-1,-1,-1,-1,-1,0,0
57,0.9500,ground,run,250.000,-322.923,0.950,0.000,-9.800,0.000,9.800,9.800,1.600,0.00,0.00,0.00,0.00,0.000,0,,0,0.00,0.00,0.00,250.300,-318.520,1.550,-93.90,-2.67,58.00,4.455,0.000,0.00,1.00,0,0,1,0,0,0,-2.67,-7.52,-0.97,0.3234,0.0785,0.6298,1,4.455,0,0.580,0,ground,run,1.000,-1,-0.000 0.516 -0.233 0.283 0.199 0.356 -0.079 -0.337 0.049 -0.796,250.30,-318.36,1.55,-2.67,-93.90,89.16,-1,-1,-1,-1,0.503,0.261 0.369 -0.330 -0.792,-1.0,0,-1.000,-1.000,0.5020,0.00,,-1.000,0.0,0.0,0.0,,,29.5,29.5,-2.3,,0.000,0.0,11.5,-1.00,-1.0,0.0,0,1500,-1.0,118.2,-1.0,0.0,0.00,5.00,-1,0,0.000,0,0.00,66.99,0,0,1,0.0,2,0.00,0.000,0.00,0.00,0.760,0.286,0.000,-1.000,-1.000,-1.000,-1.000,None,60.6,-1.0,0,4,0.00,0,0,0,0,0.00,2,0,0.000,0.000,-1,-1,-1,-1,-1,-1,-1,-1,-999,-1,-1,0,-1,-1,-1,-1.0,0,0.00,0,0,-1,-1,-1,-1,-1,-1,0,0
58,0.9667,ground,run,250.000,-323.087,0.950,0.000,-9.800,0.000,9.800,9.800,1.600,0.00,0.00,0.00,0.00,0.000,0,,0,0.00,0.00,0.00,250.300,-318.683,1.550,-93.90,-2.67,58.00,4.455,0.000,0.00,1.00,0,0,1,0,0,0,-2.67,-7.55,-0.98,0.3258,0.0785,0.6358,1,4.455,0,0.580,0,ground,run,1.000,-1,-0.001 0.515 -0.232 0.266 0.199 0.330 -0.069 -0.344 0.042 -0.778,250.30,-318.52,1.55,-2.67,-93.90,89.16,-1,-1,-1,-1,0.503,0.244 0.342 -0.341 -0.769,-1.0,0,-1.000,-1.000,0.5021,0.00,,-1.000,0.0,0.0,0.0,,,29.7,29.6,-2.3,,0.000,0.0,11.5,-1.00,-1.0,0.0,0,1500,-1.0,118.2,-1.0,0.0,0.00,5.00,-1,0,0.000,0,0.00,66.99,0,0,1,0.0,2,0.00,0.000,0.00,0.00,0.759,0.409,0.000,-1.000,-1.000,-1.000,-1.000,None,60.4,-1.0,0,4,0.00,0,0,0,0,0.00,2,0,0.000,0.000,-1,-1,-1,-1,-1,-1,-1,-1,-999,-1,-1,0,-1,-1,-1,-1.0,0,0.00,0,0,-1,-1,-1,-1,-1,-1,0,0
59,0.9833,ground,run,250.000,-323.250,0.950,0.000,-9.800,0.000,9.800,9.800,1.600,0.00,0.00,0.00,0.00,0.000,0,,0,0.00,0.00,0.00,250.300,-318.846,1.550,-93.90,-2.67,58.00,4.455,0.000,0.00,1.00,0,0,1,0,0,0,-2.67,-7.57,-1.00,0.3333,0.0776,0.6409,1,4.455,0,0.580,0,ground,run,1.000,-1,-0.000 0.515 -0.229 0.232 0.197 0.274 -0.062 -0.360 0.038 -0.759,250.30,-318.68,1.55,-2.67,-93.90,89.16,-1,-1,-1,-1,0.502,0.211 0.286 -0.361 -0.745,-1.0,0,-1.000,-1.000,0.5020,0.00,,-1.000,0.0,0.0,0.0,,,29.8,29.7,-2.3,,0.000,0.0,11.5,-1.00,-1.0,0.0,0,1500,-1.0,118.2,-1.0,0.0,0.00,5.00,-1,0,0.000,0,0.00,66.99,0,0,1,0.0,2,0.00,0.000,0.00,0.00,0.748,0.543,0.000,-1.000,-1.000,-1.000,-1.000,None,60.3,-1.0,0,4,0.00,0,0,0,0,0.00,2,0,0.000,0.000,-1,-1,-1,-1,-1,-1,-1,-1,-999,-1,-1,0,-1,-1,-1,-1.0,0,0.00,0,0,-1,-1,-1,-1,-1,-1,0,0
60,1.0000,ground,run,250.000,-323.413,0.950,0.000,-9.800,0.000,9.800,9.800,1.600,0.00,0.00,0.00,0.00,0.000,0,,0,0.00,0.00,0.00,250.300,-319.010,1.550,-93.90,-2.67,58.00,4.455,0.000,0.00,1.00,0,0,1,0,0,0,-2.67,-7.59,-1.02,0.3409,0.0765,0.6454,1,4.455,0,0.580,0,ground,run,1.000,-1,0.001 0.515 -0.224 0.194 0.196 0.212 -0.060 -0.376 0.034 -0.737,250.30,-318.85,1.55,-2.67,-93.90,89.16,-1,-1,-1,-1,0.502,0.174 0.222 -0.381 -0.720,-1.0,0,-1.000,-1.000,0.5019,0.00,,-1.000,0.0,0.0,0.0,,,29.8,29.8,-2.2,,0.000,0.0,11.5,-1.00,-1.0,0.0,0,1500,-1.0,118.2,-1.0,0.0,0.00,5.00,-1,0,0.000,0,0.00,65.86,0,0,1,0.0,2,0.00,0.000,0.00,0.00,0.697,0.635,0.000,-1.000,-1.000,-1.000,-1.000,None,60.3,-1.0,0,4,0.00,0,0,0,0,0.00,2,0,0.000,0.000,-1,-1,-1,-1,-1,-1,-1,-1,-999,-1,-1,0,-1,-1,-1,-1.0,0,0.00,0,0,-1,-1,-1,-1,-1,-1,0,0
61,1.0167,ground,run,250.000,-323.577,0.950,0.000,-9.800,0.000,9.800,9.800,1.600,0.00,0.00,0.00,0.00,0.000,0,,0,0.00,0.00,0.00,250.300,-319.173,1.550,-93.90,-2.67,58.00,4.455,0.000,0.00,1.00,0,0,1,0,0,0,-2.67,-7.62,-1.03,0.3492,0.0750,0.6497,1,4.455,0,0.580,0,ground,run,1.000,-1,0.002 0.515 -0.217 0.146 0.195 0.136 -0.058 -0.407 0.033 -0.722,250.30,-319.01,1.55,-2.67,-93.90,89.16,-1,-1,-1,-1,0.502,0.128 0.144 -0.416 -0.702,-1.0,0,-1.000,-1.000,0.5018,0.00,,-1.000,0.0,0.0,0.0,,,29.8,29.8,-2.0,,0.000,0.0,11.5,-1.00,-1.0,0.0,0,1500,-1.0,118.2,-1.0,0.0,0.00,5.00,-1,0,0.000,0,0.00,65.86,0,0,1,0.0,2,0.00,0.000,0.00,0.00,0.590,0.696,0.000,-1.000,-1.000,-1.000,-1.000,None,60.3,-1.0,0,4,0.00,0,0,0,0,0.00,2,0,0.000,0.000,-1,-1,-1,-1,-1,-1,-1,-1,-999,-1,-1,0,-1,-1,-1,-1.0,0,0.00,0,0,-1,-1,-1,-1,-1,-1,0,0
62,1.0333,ground,run,250.000,-323.740,0.950,0.000,-9.800,0.000,9.800,9.800,1.600,0.00,0.00,0.00,0.00,0.000,0,,0,0.00,0.00,0.00,250.300,-319.336,1.550,-93.90,-2.67,58.00,4.455,0.000,0.00,1.00,0,0,1,0,0,0,-2.67,-7.64,-1.05,0.3529,0.0737,0.6505,1,4.455,0,0.580,0,ground,run,1.000,-1,0.005 0.515 -0.211 0.101 0.196 0.069 -0.052 -0.435 0.031 -0.700,250.30,-319.17,1.55,-2.67,-93.90,89.16,-1,-1,-1,-1,0.503,0.085 0.074 -0.447 -0.678,-1.0,0,-1.000,-1.000,0.5016,0.00,,-1.000,0.0,0.0,0.0,,,29.8,29.7,-1.7,,0.000,0.0,11.5,-1.00,-1.0,0.0,0,1500,-1.0,118.2,-1.0,0.0,0.00,5.00,-1,0,0.000,0,0.00,65.86,0,0,1,0.0,2,0.00,0.000,0.00,0.00,0.508,0.729,0.000,-1.000,-1.000,-1.000,-1.000,None,60.3,-1.0,0,4,0.00,0,0,0,0,0.00,2,0,0.000,0.000,-1,-1,-1,-1,-1,-1,-1,-1,-999,-1,-1,0,-1,-1,-1,-1.0,0,0.00,0,0,-1,-1,-1,-1,-1,-1,0,0
63,1.0500,ground,run,250.000,-323.903,0.950,0.000,-9.800,0.000,9.800,9.800,1.600,0.00,0.00,0.00,0.00,0.000,0,,0,0.00,0.00,0.00,250.300,-319.500,1.550,-93.90,-2.67,58.00,4.455,0.000,0.00,1.00,0,0,1,0,0,0,-2.67,-7.66,-1.07,0.3526,0.0728,0.6478,1,4.455,0,0.580,0,ground,run,1.000,-1,0.008 0.516 -0.203 0.061 0.200 0.016 -0.045 -0.481 0.030 -0.678,250.30,-319.34,1.55,-2.67,-93.90,89.16,-1,-1,-1,-1,0.503,0.048 0.017 -0.495 -0.654,-1.0,0,-1.000,-1.000,0.5015,0.00,,-1.000,0.0,0.0,0.0,,,29.6,29.6,-1.3,,0.000,0.0,11.5,-1.00,-1.0,0.0,0,1500,-1.0,118.2,-1.0,0.0,0.00,5.00,-1,0,0.000,0,0.00,65.86,0,0,1,0.0,2,0.00,0.000,0.00,0.00,0.472,0.722,0.000,-1.000,-1.000,-1.000,-1.000,None,60.4,-1.0,0,4,0.00,0,0,0,0,0.00,2,0,0.000,0.000,-1,-1,-1,-1,-1,-1,-1,-1,-999,-1,-1,0,-1,-1,-1,-1.0,0,0.00,0,0,-1,-1,-1,-1,-1,-1,0,0
64,1.0667,ground,run,250.000,-324.067,0.950,0.000,-9.800,0.000,9.800,9.800,1.600,0.00,0.00,0.00,0.00,0.000,0,,0,0.00,0.00,0.00,250.300,-319.663,1.550,-93.90,-2.67,58.00,4.455,0.000,0.00,1.00,0,0,1,0,0,0,-2.67,-7.68,-1.08,0.3482,0.0729,0.6427,1,4.455,0,0.580,0,ground,run,1.000,-1,0.011 0.517 -0.198 0.038 0.208 -0.009 -0.042 -0.529 0.030 -0.647,250.30,-319.50,1.55,-2.67,-93.90,89.16,-1,-1,-1,-1,0.504,0.028 -0.013 -0.545 -0.622,-1.0,0,-1.000,-1.000,0.5014,0.00,,-1.000,0.0,0.0,0.0,,,29.5,29.5,-1.0,,0.000,0.0,11.5,-1.00,-1.0,0.0,0,1500,-1.0,118.2,-1.0,0.0,0.00,5.00,-1,0,0.000,0,0.00,65.86,0,0,1,0.0,2,0.00,0.000,0.00,0.00,0.487,0.700,0.000,-1.000,-1.000,-1.000,-1.000,None,60.5,-1.0,0,4,0.00,0,0,0,0,0.00,2,0,0.000,0.000,-1,-1,-1,-1,-1,-1,-1,-1,-999,-1,-1,0,-1,-1,-1,-1.0,0,0.00,0,0,-1,-1,-1,-1,-1,-1,0,0
65,1.0833,ground,run,250.000,-324.230,0.950,0.000,-9.800,0.000,9.800,9.800,1.600,0.00,0.00,0.00,0.00,0.000,0,,0,0.00,0.00,0.00,250.300,-319.826,1.550,-93.90,-2.67,58.00,4.455,0.000,0.00,1.00,0,0,1,0,0,0,-2.67,-7.69,-1.10,0.3365,0.0741,0.6337,1,4.455,0,0.580,0,ground,run,1.000,-1,0.015 0.518 -0.195 0.035 0.221 -0.005 -0.041 -0.587 0.031 -0.597,250.30,-319.66,1.55,-2.67,-93.90,89.16,-1,-1,-1,-1,0.505,0.030 -0.014 -0.604 -0.573,-1.0,0,-1.000,-1.000,0.5013,0.00,,-1.000,0.0,0.0,0.0,,,29.4,29.4,-0.5,,0.000,0.0,11.5,-1.00,-1.0,0.0,0,1500,-1.0,118.2,-1.0,0.0,0.00,5.00,-1,0,0.000,0,0.00,65.86,0,0,1,0.0,2,0.00,0.000,0.00,0.00,0.430,0.648,0.000,-1.000,-1.000,-1.000,-1.000,None,60.6,-1.0,0,4,0.00,0,0,0,0,0.00,2,0,0.000,0.000,-1,-1,-1,-1,-1,-1,-1,-1,-999,-1,-1,0,-1,-1,-1,-1.0,0,0.00,0,0,-1,-1,-1,-1,-1,-1,0,0
66,1.1000,ground,run,250.000,-324.393,0.950,0.000,-9.800,0.000,9.800,9.800,1.600,0.00,0.00,0.00,0.00,0.000,0,,0,0.00,0.00,0.00,250.300,-319.990,1.550,-93.90,-2.67,58.00,4.455,0.000,0.00,1.00,0,0,1,0,0,0,-2.67,-7.71,-1.12,0.3233,0.0763,0.6250,1,4.455,0,0.580,0,ground,run,1.000,-1,0.018 0.519 -0.196 0.056 0.235 0.027 -0.040 -0.639 0.033 -0.547,250.30,-319.83,1.55,-2.67,-93.90,89.16,-1,-1,-1,-1,0.506,0.055 0.013 -0.656 -0.523,-1.0,0,-1.000,-1.000,0.5011,0.00,,-1.000,0.0,0.0,0.0,,,29.2,29.2,-0.1,,0.000,0.0,11.5,-1.00,-1.0,0.0,0,1500,-1.0,118.2,-1.0,0.0,0.00,5.00,-1,0,0.000,0,0.00,65.86,0,0,1,0.0,2,0.00,0.000,0.00,0.00,0.486,0.592,0.000,-1.000,-1.000,-1.000,-1.000,None,60.8,-1.0,0,4,0.00,0,0,0,0,0.00,2,0,0.000,0.000,-1,-1,-1,-1,-1,-1,-1,-1,-999,-1,-1,0,-1,-1,-1,-1.0,0,0.00,0,0,-1,-1,-1,-1,-1,-1,0,0
67,1.1167,ground,run,250.000,-324.557,0.950,0.000,-9.800,0.000,9.800,9.800,1.600,0.00,0.00,0.00,0.00,0.000,0,,0,0.00,0.00,0.00,250.300,-320.153,1.550,-93.90,-2.67,58.00,4.455,0.000,0.00,1.00,0,0,1,0,0,0,-2.67,-7.73,-1.13,0.3107,0.0793,0.6180,1,4.455,0,0.580,0,ground,run,1.000,-1,0.022 0.520 -0.199 0.099 0.250 0.077 -0.039 -0.686 0.036 -0.502,250.30,-319.99,1.55,-2.67,-93.90,89.16,-1,-1,-1,-1,0.507,0.102 0.060 -0.703 -0.479,-1.0,0,-1.000,-1.000,0.5008,0.00,,-1.000,0.0,0.0,0.0,,,29.1,29.1,0.3,,0.000,0.0,11.5,-1.00,-1.0,0.0,0,1500,-1.0,118.2,-1.0,0.0,0.00,5.00,-1,0,0.000,0,0.00,65.86,0,0,1,0.0,2,0.00,0.000,0.00,0.00,0.588,0.531,0.000,-1.000,-1.000,-1.000,-1.000,None,60.9,-1.0,0,4,0.00,0,0,0,0,0.00,2,0,0.000,0.000,-1,-1,-1,-1,-1,-1,-1,-1,-999,-1,-1,0,-1,-1,-1,-1.0,0,0.00,0,0,-1,-1,-1,-1,-1,-1,0,0
68,1.1333,ground,run,250.000,-324.720,0.950,0.000,-9.800,0.000,9.800,9.800,1.600,0.00,0.00,0.00,0.00,0.000,0,,0,0.00,0.00,0.00,250.300,-320.316,1.550,-93.90,-2.67,58.00,4.455,0.000,0.00,1.00,0,0,1,0,0,0,-2.67,-7.74,-1.15,0.2988,0.0826,0.6120,1,4.455,0,0.580,0,ground,run,1.000,-1,0.026 0.520 -0.205 0.158 0.264 0.136 -0.039 -0.728 0.040 -0.461,250.30,-320.15,1.55,-2.67,-93.90,89.16,-1,-1,-1,-1,0.507,0.164 0.116 -0.744 -0.440,-1.0,0,-1.000,-1.000,0.5004,0.00,,-1.000,0.0,0.0,0.0,,,29.0,29.0,0.7,,0.000,0.0,11.5,-1.00,-1.0,0.0,0,1500,-1.0,118.2,-1.0,0.0,0.00,5.00,-1,0,0.000,0,0.00,65.86,0,0,1,0.0,2,0.00,0.000,0.00,0.00,0.684,0.467,0.000,-1.000,-1.000,-1.000,-1.000,None,61.0,-1.0,0,4,0.00,0,0,0,0,0.00,2,0,0.000,0.000,-1,-1,-1,-1,-1,-1,-1,-1,-999,-1,-1,0,-1,-1,-1,-1.0,0,0.00,0,0,-1,-1,-1,-1,-1,-1,0,0
69,1.1500,ground,run,250.000,-324.883,0.950,0.000,-9.800,0.000,9.800,9.800,1.600,0.00,0.00,0.00,0.00,0.000,0,,0,0.00,0.00,0.00,250.300,-320.480,1.550,-93.90,-2.67,58.00,4.455,0.000,0.00,1.00,0,0,1,0,0,0,-2.67,-7.76,-1.17,0.2895,0.0859,0.6083,1,4.455,0,0.580,0,ground,run,1.000,-1,0.029 0.520 -0.211 0.222 0.276 0.191 -0.040 -0.765 0.044 -0.429,250.30,-320.32,1.55,-2.67,-93.90,89.16,-1,-1,-1,-1,0.507,0.230 0.171 -0.779 -0.410,-1.0,0,-1.000,-1.000,0.5000,0.00,,-1.000,0.0,0.0,0.0,,,29.0,29.0,1.1,,0.000,0.0,11.5,-1.00,-1.0,0.0,0,1500,-1.0,118.2,-1.0,0.0,0.00,5.00,-1,0,0.000,0,0.00,65.86,0,0,1,0.0,2,0.00,0.000,0.00,0.00,0.720,0.401,0.000,-1.000,-1.000,-1.000,-1.000,None,61.0,-1.0,0,4,0.00,0,0,0,0,0.00,2,0,0.000,0.000,-1,-1,-1,-1,-1,-1,-1,-1,-999,-1,-1,0,-1,-1,-1,-1.0,0,0.00,0,0,-1,-1,-1,-1,-1,-1,0,0
70,1.1667,ground,run,250.000,-325.047,0.950,0.000,-9.800,0.000,9.800,9.800,1.600,0.00,0.00,0.00,0.00,0.000,0,,0,0.00,0.00,0.00,250.300,-320.643,1.550,-93.90,-2.67,58.00,4.455,0.000,0.00,1.00,0,0,1,0,0,0,-2.67,-7.77,-1.18,0.2970,0.0887,0.6134,1,4.455,0,0.580,0,ground,run,1.000,-1,0.032 0.519 -0.218 0.283 0.285 0.238 -0.042 -0.791 0.048 -0.399,250.30,-320.48,1.55,-2.67,-93.90,89.16,-1,-1,-1,-1,0.507,0.293 0.217 -0.803 -0.382,-1.0,0,-1.000,-1.000,0.4995,0.00,,-1.000,0.0,0.0,0.0,,,29.0,29.0,1.5,,0.000,0.0,11.5,-1.00,-1.0,0.0,0,1500,-1.0,118.2,-1.0,0.0,0.00,5.00,-1,0,0.000,0,0.00,65.86,0,0,1,0.0,2,0.00,0.000,0.00,0.00,0.744,0.340,0.000,-1.000,-1.000,-1.000,-1.000,None,61.0,-1.0,0,4,0.00,0,0,0,0,0.00,2,0,0.000,0.000,-1,-1,-1,-1,-1,-1,-1,-1,-999,-1,-1,0,-1,-1,-1,-1.0,0,0.00,0,0,-1,-1,-1,-1,-1,-1,0,0
71,1.1833,ground,run,250.000,-325.210,0.950,0.000,-9.800,0.000,9.800,9.800,1.600,0.00,0.00,0.00,0.00,0.000,0,,0,0.00,0.00,0.00,250.300,-320.806,1.550,-93.90,-2.67,58.00,4.455,0.000,0.00,1.00,0,0,1,0,0,0,-2.67,-7.78,-1.20,0.3054,0.0909,0.6172,1,4.455,0,0.580,0,ground,run,1.000,-1,0.035 0.519 -0.224 0.331 0.292 0.270 -0.045 -0.805 0.052 -0.372,250.30,-320.64,1.55,-2.67,-93.90,89.16,-1,-1,-1,-1,0.506,0.342 0.249 -0.814 -0.358,-1.0,0,-1.000,-1.000,0.4991,0.00,,-1.000,0.0,0.0,0.0,,,29.1,29.1,1.8,,0.000,0.0,11.5,-1.00,-1.0,0.0,0,1500,-1.0,118.2,-1.0,0.0,0.00,5.00,-1,0,0.000,0,0.00,65.86,0,0,1,0.0,2,0.00,0.000,0.00,0.00,0.758,0.290,0.000,-1.000,-1.000,-1.000,-1.000,None,60.9,-1.0,0,4,0.00,0,0,0,0,0.00,2,0,0.000,0.000,-1,-1,-1,-1,-1,-1,-1,-1,-999,-1,-1,0,-1,-1,-1,-1.0,0,0.00,0,0,-1,-1,-1,-1,-1,-1,0,0
72,1.2000,ground,run,250.000,-325.373,0.950,0.000,-9.800,0.000,9.800,9.800,1.600,0.00,0.00,0.00,0.00,0.000,0,,0,0.00,0.00,0.00,250.300,-320.970,1.550,-93.90,-2.67,58.00,4.455,0.000,0.00,1.00,0,0,1,0,0,0,-2.67,-7.80,-1.22,0.3146,0.0923,0.6212,1,4.455,0,0.580,0,ground,run,1.000,-1,0.037 0.518 -0.229 0.361 0.295 0.287 -0.050 -0.813 0.055 -0.353,250.30,-320.81,1.55,-2.67,-93.90,89.16,-1,-1,-1,-1,0.505,0.372 0.266 -0.818 -0.341,-1.0,0,-1.000,-1.000,0.4988,0.00,,-1.000,0.0,0.0,0.0,,,29.3,29.2,2.0,,0.000,0.0,11.5,-1.00,-1.0,0.0,0,1500,-1.0,118.2,-1.0,0.0,0.00,5.00,-1,0,0.000,0,0.00,65.86,0,0,1,0.0,2,0.00,0.000,0.00,0.00,0.768,0.250,0.000,-1.000,-1.000,-1.000,-1.000,None,60.8,-1.0,0,4,0.00,0,0,0,0,0.00,2,0,0.000,0.000,-1,-1,-1,-1,-1,-1,-1,-1,-999,-1,-1,0,-1,-1,-1,-1.0,0,0.00,0,0,-1,-1,-1,-1,-1,-1,0,0
73,1.2167,ground,run,250.000,-325.537,0.950,0.000,-9.800,0.000,9.800,9.800,1.600,0.00,0.00,0.00,0.00,0.000,0,,0,0.00,0.00,0.00,250.300,-321.133,1.550,-93.90,-2.67,58.00,4.455,0.000,0.00,1.00,0,0,1,0,0,0,-2.67,-7.81,-1.23,0.3200,0.0931,0.6259,1,4.455,0,0.580,0,ground,run,1.000,-1,0.038 0.517 -0.232 0.367 0.296 0.288 -0.057 -0.803 0.057 -0.339,250.30,-320.97,1.55,-2.67,-93.90,89.16,-1,-1,-1,-1,0.504,0.378 0.268 -0.803 -0.330,-1.0,0,-1.000,-1.000,0.4985,0.00,,-1.000,0.0,0.0,0.0,,,29.4,29.4,2.2,,0.000,0.0,11.5,-1.00,-1.0,0.0,0,1500,-1.0,118.2,-1.0,0.0,0.00,5.00,-1,0,0.000,0,0.00,65.86,0,0,1,0.0,2,0.00,0.000,0.00,0.00,0.765,0.250,0.000,-1.000,-1.000,-1.000,-1.000,None,60.7,-1.0,0,4,0.00,0,0,0,0,0.00,2,0,0.000,0.000,-1,-1,-1,-1,-1,-1,-1,-1,-999,-1,-1,0,-1,-1,-1,-1.0,0,0.00,0,0,-1,-1,-1,-1,-1,-1,0,0
74,1.2333,ground,run,250.000,-325.700,0.950,0.000,-9.800,0.000,9.800,9.800,1.600,0.00,0.00,0.00,0.00,0.000,0,,0,0.00,0.00,0.00,250.300,-321.296,1.550,-93.90,-2.67,58.00,4.455,0.000,0.00,1.00,0,0,1,0,0,0,-2.67,-7.82,-1.25,0.3235,0.0932,0.6313,1,4.455,0,0.580,0,ground,run,1.000,-1,0.039 0.516 -0.233 0.350 0.296 0.277 -0.065 -0.788 0.058 -0.340,250.30,-321.13,1.55,-2.67,-93.90,89.16,-1,-1,-1,-1,0.503,0.362 0.257 -0.783 -0.335,-1.0,0,-1.000,-1.000,0.4984,0.00,,-1.000,0.0,0.0,0.0,,,29.6,29.5,2.3,,0.000,0.0,11.5,-1.00,-1.0,0.0,0,1500,-1.0,118.2,-1.0,0.0,0.00,5.00,-1,0,0.000,0,0.00,65.86,0,0,1,0.0,2,0.00,0.000,0.00,0.00,0.761,0.321,0.000,-1.000,-1.000,-1.000,-1.000,None,60.5,-1.0,0,4,0.00,0,0,0,0,0.00,2,0,0.000,0.000,-1,-1,-1,-1,-1,-1,-1,-1,-999,-1,-1,0,-1,-1,-1,-1.0,0,0.00,0,0,-1,-1,-1,-1,-1,-1,0,0
75,1.2500,ground,run,250.000,-325.863,0.950,0.000,-9.800,0.000,9.800,9.800,1.600,0.00,0.00,0.00,0.00,0.000,0,,0,0.00,0.00,0.00,250.300,-321.460,1.550,-93.90,-2.67,58.00,4.455,0.000,0.00,1.00,0,0,1,0,0,0,-2.67,-7.83,-1.27,0.3274,0.0925,0.6374,1,4.455,0,0.580,0,ground,run,1.000,-1,0.040 0.515 -0.231 0.312 0.293 0.253 -0.073 -0.771 0.061 -0.352,250.30,-321.30,1.55,-2.67,-93.90,89.16,-1,-1,-1,-1,0.502,0.323 0.233 -0.760 -0.350,-1.0,0,-1.000,-1.000,0.4985,0.00,,-1.000,0.0,0.0,0.0,,,29.7,29.6,2.3,,0.000,0.0,11.5,-1.00,-1.0,0.0,0,1500,-1.0,118.2,-1.0,0.0,0.00,5.00,-1,0,0.000,0,0.00,65.86,0,0,1,0.0,2,0.00,0.000,0.00,0.00,0.757,0.459,0.000,-1.000,-1.000,-1.000,-1.000,None,60.4,-1.0,0,4,0.00,0,0,0,0,0.00,2,0,0.000,0.000,-1,-1,-1,-1,-1,-1,-1,-1,-999,-1,-1,0,-1,-1,-1,-1.0,0,0.00,0,0,-1,-1,-1,-1,-1,-1,0,0
76,1.2667,ground,run,250.000,-326.027,0.950,0.000,-9.800,0.000,9.800,9.800,1.600,0.00,0.00,0.00,0.00,0.000,0,,0,0.00,0.00,0.00,250.300,-321.623,1.550,-93.90,-2.67,58.00,4.455,0.000,0.00,1.00,0,0,1,0,0,0,-2.67,-7.84,-1.28,0.3352,0.0910,0.6422,1,4.455,0,0.580,0,ground,run,1.000,-1,0.039 0.515 -0.228 0.255 0.287 0.218 -0.082 -0.752 0.067 -0.365,250.30,-321.46,1.55,-2.67,-93.90,89.16,-1,-1,-1,-1,0.502,0.265 0.199 -0.738 -0.368,-1.0,0,-1.000,-1.000,0.4987,0.00,,-1.000,0.0,0.0,0.0,,,29.8,29.7,2.2,,0.000,0.0,11.5,-1.00,-1.0,0.0,0,1500,-1.0,118.2,-1.0,0.0,0.00,5.00,-1,0,0.000,0,0.00,65.86,0,0,1,0.0,2,0.00,0.000,0.00,0.00,0.740,0.577,0.000,-1.000,-1.000,-1.000,-1.000,None,60.3,-1.0,0,4,0.00,0,0,0,0,0.00,2,0,0.000,0.000,-1,-1,-1,-1,-1,-1,-1,-1,-999,-1,-1,0,-1,-1,-1,-1.0,0,0.00,0,0,-1,-1,-1,-1,-1,-1,0,0
77,1.2833,ground,run,250.000,-326.190,0.950,0.000,-9.800,0.000,9.800,9.800,1.600,0.00,0.00,0.00,0.00,0.000,0,,0,0.00,0.00,0.00,250.300,-321.786,1.550,-93.90,-2.67,58.00,4.455,0.000,0.00,1.00,0,0,1,0,0,0,-2.67,-7.85,-1.30,0.3441,0.0885,0.6472,1,4.455,0,0.580,0,ground,run,1.000,-1,0.038 0.515 -0.222 0.185 0.278 0.176 -0.090 -0.734 0.076 -0.388,250.30,-321.62,1.55,-2.67,-93.90,89.16,-1,-1,-1,-1,0.502,0.194 0.157 -0.716 -0.394,-1.0,0,-1.000,-1.000,0.4991,0.00,,-1.000,0.0,0.0,0.0,,,29.8,29.8,2.1,,0.000,0.0,11.5,-1.00,-1.0,0.0,0,1500,-1.0,118.2,-1.0,0.0,0.00,5.00,-1,0,0.000,0,0.00,65.86,0,0,1,0.0,2,0.00,0.000,0.00,0.00,0.656,0.663,0.000,-1.000,-1.000,-1.000,-1.000,None,60.3,-1.0,0,4,0.00,0,0,0,0,0.00,2,0,0.000,0.000,-1,-1,-1,-1,-1,-1,-1,-1,-999,-1,-1,0,-1,-1,-1,-1.0,0,0.00,0,0,-1,-1,-1,-1,-1,-1,0,0
78,1.3000,ground,run,250.000,-326.353,0.950,0.000,-9.800,0.000,9.800,9.800,1.600,0.00,0.00,0.00,0.00,0.000,0,,0,0.00,0.00,0.00,250.300,-321.950,1.550,-93.90,-2.67,58.00,4.455,0.000,0.00,1.00,0,0,1,0,0,0,-2.67,-7.86,-1.32,0.3500,0.0851,0.6498,1,4.455,0,0.580,0,ground,run,1.000,-1,0.036 0.515 -0.214 0.113 0.266 0.129 -0.097 -0.714 0.083 -0.416,250.30,-321.79,1.55,-2.67,-93.90,89.16,-1,-1,-1,-1,0.502,0.119 0.113 -0.693 -0.425,-1.0,0,-1.000,-1.000,0.4996,0.00,,-1.000,0.0,0.0,0.0,,,29.8,29.8,1.9,,0.000,0.0,11.5,-1.00,-1.0,0.0,0,1500,-1.0,118.2,-1.0,0.0,0.00,5.00,-1,0,0.000,0,0.00,65.86,0,0,1,0.0,2,0.00,0.000,0.00,0.00,0.557,0.712,0.000,-1.000,-1.000,-1.000,-1.000,None,60.3,-1.0,0,4,0.00,0,0,0,0,0.00,2,0,0.000,0.000,-1,-1,-1,-1,-1,-1,-1,-1,-999,-1,-1,0,-1,-1,-1,-1.0,0,0.00,0,0,-1,-1,-1,-1,-1,-1,0,0
79,1.3167,ground,run,250.000,-326.517,0.950,0.000,-9.800,0.000,9.800,9.800,1.600,0.00,0.00,0.00,0.00,0.000,0,,0,0.00,0.00,0.00,250.300,-322.113,1.550,-93.90,-2.67,58.00,4.455,0.000,0.00,1.00,0,0,1,0,0,0,-2.67,-7.87,-1.33,0.3533,0.0812,0.6499,1,4.455,0,0.580,0,ground,run,1.000,-1,0.033 0.516 -0.206 0.049 0.251 0.084 -0.101 -0.695 0.085 -0.451,250.30,-321.95,1.55,-2.67,-93.90,89.16,-1,-1,-1,-1,0.503,0.051 0.070 -0.672 -0.463,-1.0,0,-1.000,-1.000,0.5002,0.00,,-1.000,0.0,0.0,0.0,,,29.7,29.7,1.6,,0.000,0.0,11.5,-1.00,-1.0,0.0,0,1500,-1.0,118.2,-1.0,0.0,0.00,5.00,-1,0,0.000,0,0.00,65.86,0,0,1,0.0,2,0.00,0.000,0.00,0.00,0.488,0.733,0.000,-1.000,-1.000,-1.000,-1.000,None,60.3,-1.0,0,4,0.00,0,0,0,0,0.00,2,0,0.000,0.000,-1,-1,-1,-1,-1,-1,-1,-1,-999,-1,-1,0,-1,-1,-1,-1.0,0,0.00,0,0,-1,-1,-1,-1,-1,-1,0,0
80,1.3333,ground,run,250.000,-326.680,0.950,0.000,-9.800,0.000,9.800,9.800,1.600,0.00,0.00,0.00,0.00,0.000,0,,0,0.00,0.00,0.00,250.300,-322.276,1.550,-93.90,-2.67,58.00,4.455,0.000,0.00,1.00,0,0,1,0,0,0,-2.67,-7.88,-1.35,0.3508,0.0772,0.6462,1,4.455,0,0.580,0,ground,run,1.000,-1,0.030 0.517 -0.198 0.006 0.235 0.050 -0.103 -0.667 0.085 -0.496,250.30,-322.11,1.55,-2.67,-93.90,89.16,-1,-1,-1,-1,0.504,0.003 0.039 -0.643 -0.511,-1.0,0,-1.000,-1.000,0.5006,0.00,,-1.000,0.0,0.0,0.0,,,29.6,29.6,1.2,,0.000,0.0,11.5,-1.00,-1.0,0.0,0,1500,-1.0,118.2,-1.0,0.0,0.00,5.00,-1,0,0.000,0,0.00,65.86,0,0,1,0.0,2,0.00,0.000,0.00,0.00,0.472,0.720,0.000,-1.000,-1.000,-1.000,-1.000,None,60.4,-1.0,0,4,0.00,0,0,0,0,0.00,2,0,0.000,0.000,-1,-1,-1,-1,-1,-1,-1,-1,-999,-1,-1,0,-1,-1,-1,-1.0,0,0.00,0,0,-1,-1,-1,-1,-1,-1,0,0
81,1.3500,ground,run,250.000,-326.843,0.950,0.000,-9.800,0.000,9.800,9.800,1.600,0.00,0.00,0.00,0.00,0.000,0,,0,0.00,0.00,0.00,250.300,-322.440,1.550,-93.90,-2.67,58.00,4.455,0.000,0.00,1.00,0,0,1,0,0,0,-2.67,-7.89,-1.37,0.3430,0.0737,0.6388,1,4.455,0,0.580,0,ground,run,1.000,-1,0.027 0.518 -0.193 -0.010 0.218 0.033 -0.104 -0.628 0.087 -0.550,250.30,-322.28,1.55,-2.67,-93.90,89.16,-1,-1,-1,-1,0.505,-0.017 0.026 -0.604 -0.566,-1.0,0,-1.000,-1.000,0.5010,0.00,,-1.000,0.0,0.0,0.0,,,29.5,29.5,0.8,,0.000,0.0,11.5,-1.00,-1.0,0.0,0,1500,-1.0,118.2,-1.0,0.0,0.00,5.00,-1,0,0.000,0,0.00,65.86,0,0,1,0.0,2,0.00,0.000,0.00,0.00,0.464,0.681,0.000,-1.000,-1.000,-1.000,-1.000,None,60.5,-1.0,0,4,0.00,0,0,0,0,0.00,2,0,0.000,0.000,-1,-1,-1,-1,-1,-1,-1,-1,-999,-1,-1,0,-1,-1,-1,-1.0,0,0.00,0,0,-1,-1,-1,-1,-1,-1,0,0
82,1.3667,ground,run,250.000,-327.007,0.950,0.000,-9.800,0.000,9.800,9.800,1.600,0.00,0.00,0.00,0.00,0.000,0,,0,0.00,0.00,0.00,250.300,-322.603,1.550,-93.90,-2.67,58.00,4.455,0.000,0.00,1.00,0,0,1,0,0,0,-2.67,-7.89,-1.38,0.3316,0.0714,0.6304,1,4.455,0,0.580,0,ground,run,1.000,-1,0.023 0.518 -0.192 0.005 0.204 0.038 -0.104 -0.582 0.087 -0.605,250.30,-322.44,1.55,-2.67,-93.90,89.16,-1,-1,-1,-1,0.506,-0.007 0.036 -0.558 -0.622,-1.0,0,-1.000,-1.000,0.5011,0.00,,-1.000,0.0,0.0,0.0,,,29.3,29.3,0.4,,0.000,0.0,11.5,-1.00,-1.0,0.0,0,1500,-1.0,118.2,-1.0,0.0,0.00,5.00,-1,0,0.000,0,0.00,65.86,0,0,1,0.0,2,0.00,0.000,0.00,0.00,0.421,0.629,0.000,-1.000,-1.000,-1.000,-1.000,None,60.7,-1.0,0,4,0.00,0,0,0,0,0.00,2,0,0.000,0.000,-1,-1,-1,-1,-1,-1,-1,-1,-999,-1,-1,0,-1,-1,-1,-1.0,0,0.00,0,0,-1,-1,-1,-1,-1,-1,0,0
83,1.3833,ground,run,250.000,-327.170,0.950,0.000,-9.800,0.000,9.800,9.800,1.600,0.00,0.00,0.00,0.00,0.000,0,,0,0.00,0.00,0.00,250.300,-322.766,1.550,-93.90,-2.67,58.00,4.455,0.000,0.00,1.00,0,0,1,0,0,0,-2.67,-7.90,-1.40,0.3176,0.0702,0.6218,1,4.455,0,0.580,0,ground,run,1.000,-1,0.019 0.519 -0.195 0.044 0.193 0.068 -0.104 -0.528 0.086 -0.657,250.30,-322.60,1.55,-2.67,-93.90,89.16,-1,-1,-1,-1,0.507,0.028 0.070 -0.506 -0.674,-1.0,0,-1.000,-1.000,0.5011,0.00,,-1.000,0.0,0.0,0.0,,,29.2,29.2,-0.0,,0.000,0.0,11.5,-1.00,-1.0,0.0,0,1500,-1.0,118.2,-1.0,0.0,0.00,5.00,-1,0,0.000,0,0.00,65.86,0,0,1,0.0,2,0.00,0.000,0.00,0.00,0.523,0.571,0.000,-1.000,-1.000,-1.000,-1.000,None,60.8,-1.0,0,4,0.00,0,0,0,0,0.00,2,0,0.000,0.000,-1,-1,-1,-1,-1,-1,-1,-1,-999,-1,-1,0,-1,-1,-1,-1.0,0,0.00,0,0,-1,-1,-1,-1,-1,-1,0,0
84,1.4000,ground,run,250.000,-327.333,0.950,0.000,-9.800,0.000,9.800,9.800,1.600,0.00,0.00,0.00,0.00,0.000,0,,0,0.00,0.00,0.00,250.300,-322.930,1.550,-93.90,-2.67,58.00,4.455,0.000,0.00,1.00,0,0,1,0,0,0,-2.67,-7.91,-1.42,0.3055,0.0704,0.6153,1,4.455,0,0.580,0,ground,run,1.000,-1,0.015 0.520 -0.201 0.098 0.187 0.117 -0.102 -0.487 0.084 -0.702,250.30,-322.77,1.55,-2.67,-93.90,89.16,-1,-1,-1,-1,0.507,0.079 0.122 -0.465 -0.718,-1.0,0,-1.000,-1.000,0.5010,0.00,,-1.000,0.0,0.0,0.0,,,29.1,29.1,-0.5,,0.000,0.0,11.5,-1.00,-1.0,0.0,0,1500,-1.0,118.2,-1.0,0.0,0.00,5.00,-1,0,0.000,0,0.00,66.99,0,0,1,0.0,2,0.00,0.000,0.00,0.00,0.622,0.509,0.000,-1.000,-1.000,-1.000,-1.000,None,60.9,-1.0,0,4,0.00,0,0,0,0,0.00,2,0,0.000,0.000,-1,-1,-1,-1,-1,-1,-1,-1,-999,-1,-1,0,-1,-1,-1,-1.0,0,0.00,0,0,-1,-1,-1,-1,-1,-1,0,0
85,1.4167,ground,run,250.000,-327.497,0.950,0.000,-9.800,0.000,9.800,9.800,1.600,0.00,0.00,0.00,0.00,0.000,0,,0,0.00,0.00,0.00,250.300,-323.093,1.550,-93.90,-2.67,58.00,4.455,0.000,0.00,1.00,0,0,1,0,0,0,-2.67,-7.91,-1.43,0.2944,0.0716,0.6100,1,4.455,0,0.580,0,ground,run,1.000,-1,0.011 0.520 -0.209 0.158 0.185 0.180 -0.101 -0.448 0.081 -0.741,250.30,-322.93,1.55,-2.67,-93.90,89.16,-1,-1,-1,-1,0.507,0.137 0.188 -0.429 -0.756,-1.0,0,-1.000,-1.000,0.5010,0.00,,-1.000,0.0,0.0,0.0,,,29.0,29.0,-0.9,,0.000,0.0,11.5,-1.00,-1.0,0.0,0,1500,-1.0,118.2,-1.0,0.0,0.00,5.00,-1,0,0.000,0,0.00,66.99,0,0,1,0.0,2,0.00,0.000,0.00,0.00,0.699,0.446,0.000,-1.000,-1.000,-1.000,-1.000,None,61.0,-1.0,0,4,0.00,0,0,0,0,0.00,2,0,0.000,0.000,-1,-1,-1,-1,-1,-1,-1,-1,-999,-1,-1,0,-1,-1,-1,-1.0,0,0.00,0,0,-1,-1,-1,-1,-1,-1,0,0
86,1.4333,ground,run,250.000,-327.660,0.950,0.000,-9.800,0.000,9.800,9.800,1.600,0.00,0.00,0.00,0.00,0.000,0,,0,0.00,0.00,0.00,250.300,-323.256,1.550,-93.90,-2.67,58.00,4.455,0.000,0.00,1.00,0,0,1,0,0,0,-2.67,-7.92,-1.45,0.2928,0.0733,0.6103,1,4.455,0,0.580,0,ground,run,1.000,-1,0.008 0.520 -0.216 0.210 0.186 0.242 -0.099 -0.418 0.076 -0.774,250.30,-323.09,1.55,-2.67,-93.90,89.16,-1,-1,-1,-1,0.507,0.187 0.252 -0.400 -0.787,-1.0,0,-1.000,-1.000,0.5011,0.00,,-1.000,0.0,0.0,0.0,,,29.0,29.0,-1.2,,0.000,0.0,11.5,-1.00,-1.0,0.0,0,1500,-1.0,118.2,-1.0,0.0,0.00,5.00,-1,0,0.000,0,0.00,66.99,0,0,1,0.0,2,0.00,0.000,0.00,0.00,0.729,0.380,0.000,-1.000,-1.000,-1.000,-1.000,None,61.0,-1.0,0,4,0.00,0,0,0,0,0.00,2,0,0.000,0.000,-1,-1,-1,-1,-1,-1,-1,-1,-999,-1,-1,0,-1,-1,-1,-1.0,0,0.00,0,0,-1,-1,-1,-1,-1,-1,0,0
87,1.4500,ground,run,250.000,-327.823,0.950,0.000,-9.800,0.000,9.800,9.800,1.600,0.00,0.00,0.00,0.00,0.000,0,,0,0.00,0.00,0.00,250.300,-323.420,1.550,-93.90,-2.67,58.00,4.455,0.000,0.00,1.00,0,0,1,0,0,0,-2.67,-7.92,-1.47,0.3011,0.0752,0.6159,1,4.455,0,0.580,0,ground,run,1.000,-1,0.005 0.519 -0.224 0.254 0.190 0.303 -0.096 -0.388 0.071 -0.802,250.30,-323.26,1.55,-2.67,-93.90,89.16,-1,-1,-1,-1,0.507,0.231 0.314 -0.372 -0.812,-1.0,0,-1.000,-1.000,0.5013,0.00,,-1.000,0.0,0.0,0.0,,,29.1,29.0,-1.6,,0.000,0.0,11.5,-1.00,-1.0,0.0,0,1500,-1.0,118.2,-1.0,0.0,0.00,5.00,-1,0,0.000,0,0.00,66.99,0,0,1,0.0,2,0.00,0.000,0.00,0.00,0.750,0.317,0.000,-1.000,-1.000,-1.000,-1.000,None,61.0,-1.0,0,4,0.00,0,0,0,0,0.00,2,0,0.000,0.000,-1,-1,-1,-1,-1,-1,-1,-1,-999,-1,-1,0,-1,-1,-1,-1.0,0,0.00,0,0,-1,-1,-1,-1,-1,-1,0,0
88,1.4667,ground,run,250.000,-327.987,0.950,0.000,-9.800,0.000,9.800,9.800,1.600,0.00,0.00,0.00,0.00,0.000,0,,0,0.00,0.00,0.00,250.300,-323.583,1.550,-93.90,-2.67,58.00,4.455,0.000,0.00,1.00,0,0,1,0,0,0,-2.67,-7.93,-1.48,0.3103,0.0767,0.6194,1,4.455,0,0.580,0,ground,run,1.000,-1,0.003 0.518 -0.228 0.278 0.193 0.340 -0.093 -0.366 0.065 -0.810,250.30,-323.42,1.55,-2.67,-93.90,89.16,-1,-1,-1,-1,0.506,0.255 0.352 -0.353 -0.817,-1.0,0,-1.000,-1.000,0.5016,0.00,,-1.000,0.0,0.0,0.0,,,29.2,29.1,-1.9,,0.000,0.0,11.5,-1.00,-1.0,0.0,0,1500,-1.0,118.2,-1.0,0.0,0.00,5.00,-1,0,0.000,0,0.00,66.99,0,0,1,0.0,2,0.00,0.000,0.00,0.00,0.764,0.272,0.000,-1.000,-1.000,-1.000,-1.000,None,60.9,-1.0,0,4,0.00,0,0,0,0,0.00,2,0,0.000,0.000,-1,-1,-1,-1,-1,-1,-1,-1,-999,-1,-1,0,-1,-1,-1,-1.0,0,0.00,0,0,-1,-1,-1,-1,-1,-1,0,0
89,1.4833,ground,run,250.000,-328.150,0.950,0.000,-9.800,0.000,9.800,9.800,1.600,0.00,0.00,0.00,0.00,0.000,0,,0,0.00,0.00,0.00,250.300,-323.746,1.550,-93.90,-2.67,58.00,4.455,0.000,0.00,1.00,0,0,1,0,0,0,-2.67,-7.93,-1.50,0.3168,0.0781,0.6226,1,4.455,0,0.580,0,ground,run,1.000,-1,0.001 0.517 -0.232 0.293 0.197 0.368 -0.087 -0.343 0.058 -0.805,250.30,-323.58,1.55,-2.67,-93.90,89.16,-1,-1,-1,-1,0.505,0.271 0.380 -0.333 -0.807,-1.0,0,-1.000,-1.000,0.5018,0.00,,-1.000,0.0,0.0,0.0,,,29.3,29.3,-2.1,,0.000,0.0,11.5,-1.00,-1.0,0.0,0,1500,-1.0,118.2,-1.0,0.0,0.00,5.00,-1,0,0.000,0,0.00,66.99,0,0,1,0.0,2,0.00,0.000,0.00,0.00,0.768,0.245,0.000,-1.000,-1.000,-1.000,-1.000,None,60.8,-1.0,0,4,0.00,0,0,0,0,0.00,2,0,0.000,0.000,-1,-1,-1,-1,-1,-1,-1,-1,-999,-1,-1,0,-1,-1,-1,-1.0,0,0.00,0,0,-1,-1,-1,-1,-1,-1,0,0
90,1.5000,ground,run,250.000,-328.313,0.950,0.000,-9.800,0.000,9.800,9.800,1.600,0.00,0.00,0.00,0.00,0.000,0,,0,0.00,0.00,0.00,250.300,-323.910,1.550,-93.90,-2.67,58.00,4.455,0.000,0.00,1.00,0,0,1,0,0,0,-2.67,-7.94,-1.52,0.3222,0.0785,0.6281,1,4.455,0,0.580,0,ground,run,1.000,-1,-0.000 0.516 -0.233 0.287 0.198 0.360 -0.081 -0.338 0.051 -0.800,250.30,-323.75,1.55,-2.67,-93.90,89.16,-1,-1,-1,-1,0.504,0.264 0.373 -0.331 -0.798,-1.0,0,-1.000,-1.000,0.5020,0.00,,-1.000,0.0,0.0,0.0,,,29.5,29.4,-2.2,,0.000,0.0,11.5,-1.00,-1.0,0.0,0,1500,-1.0,118.2,-1.0,0.0,0.00,5.00,-1,0,0.000,0,0.00,58.66,0,0,1,0.0,2,0.00,0.000,0.00,0.00,0.763,0.265,0.000,-1.000,-1.000,-1.000,-1.000,None,60.6,-1.0,0,4,0.00,0,0,0,0,0.00,2,0,0.000,0.000,-1,-1,-1,-1,-1,-1,-1,-1,-999,-1,-1,0,-1,-1,-1,-1.0,0,0.00,0,0,-1,-1,-1,-1,-1,-1,0,0
91,1.5167,ground,run,250.000,-328.477,0.950,0.000,-9.800,0.000,9.800,9.800,1.600,0.00,0.00,0.00,0.00,0.000,0,,0,0.00,0.00,0.00,250.300,-324.073,1.550,-93.90,-2.67,58.00,4.455,0.000,0.00,1.00,0,0,1,0,0,0,-2.67,-7.94,-1.53,0.3251,0.0786,0.6336,1,4.455,0,0.580,0,ground,run,1.000,-1,-0.001 0.516 -0.233 0.274 0.199 0.342 -0.072 -0.339 0.044 -0.783,250.30,-323.91,1.55,-2.67,-93.90,89.16,-1,-1,-1,-1,0.503,0.252 0.355 -0.335 -0.776,-1.0,0,-1.000,-1.000,0.5021,0.00,,-1.000,0.0,0.0,0.0,,,29.6,29.6,-2.3,,0.000,0.0,11.5,-1.00,-1.0,0.0,0,1500,-1.0,118.2,-1.0,0.0,0.00,5.00,-1,0,0.000,0,0.00,58.66,0,0,1,0.0,2,0.00,0.000,0.00,0.00,0.760,0.367,0.000,-1.000,-1.000,-1.000,-1.000,None,60.5,-1.0,0,4,0.00,0,0,0,0,0.00,2,0,0.000,0.000,-1,-1,-1,-1,-1,-1,-1,-1,-999,-1,-1,0,-1,-1,-1,-1.0,0,0.00,0,0,-1,-1,-1,-1,-1,-1,0,0
92,1.5333,ground,run,250.000,-328.640,0.950,0.000,-9.800,0.000,9.800,9.800,1.600,0.00,0.00,0.00,0.00,0.000,0,,0,0.00,0.00,0.00,250.300,-324.236,1.550,-93.90,-2.67,58.00,4.455,0.000,0.00,1.00,0,0,1,0,0,0,-2.67,-7.95,-1.55,0.3311,0.0779,0.6396,1,4.455,0,0.580,0,ground,run,1.000,-1,-0.001 0.515 -0.230 0.243 0.198 0.291 -0.063 -0.357 0.040 -0.766,250.30,-324.07,1.55,-2.67,-93.90,89.16,-1,-1,-1,-1,0.502,0.221 0.303 -0.358 -0.754,-1.0,0,-1.000,-1.000,0.5021,0.00,,-1.000,0.0,0.0,0.0,,,29.7,29.7,-2.3,,0.000,0.0,11.5,-1.00,-1.0,0.0,0,1500,-1.0,118.2,-1.0,0.0,0.00,5.00,-1,0,0.000,0,0.00,58.66,0,0,1,0.0,2,0.00,0.000,0.00,0.00,0.753,0.504,0.000,-1.000,-1.000,-1.000,-1.000,None,60.4,-1.0,0,4,0.00,0,0,0,0,0.00,2,0,0.000,0.000,-1,-1,-1,-1,-1,-1,-1,-1,-999,-1,-1,0,-1,-1,-1,-1.0,0,0.00,0,0,-1,-1,-1,-1,-1,-1,0,0
93,1.5500,ground,run,250.000,-328.803,0.950,0.000,-9.800,0.000,9.800,9.800,1.600,0.00,0.00,0.00,0.00,0.000,0,,0,0.00,0.00,0.00,250.300,-324.400,1.550,-93.90,-2.67,58.00,4.455,0.000,0.00,1.00,0,0,1,0,0,0,-2.67,-7.95,-1.57,0.3382,0.0770,0.6440,1,4.455,0,0.580,0,ground,run,1.000,-1,0.000 0.515 -0.226 0.208 0.197 0.234 -0.061 -0.367 0.035 -0.742,250.30,-324.24,1.55,-2.67,-93.90,89.16,-1,-1,-1,-1,0.502,0.188 0.246 -0.371 -0.725,-1.0,0,-1.000,-1.000,0.5020,0.00,,-1.000,0.0,0.0,0.0,,,29.8,29.8,-2.2,,0.000,0.0,11.5,-1.00,-1.0,0.0,0,1500,-1.0,118.2,-1.0,0.0,0.00,5.00,-1,0,0.000,0,0.00,58.66,0,0,1,0.0,2,0.00,0.000,0.00,0.00,0.729,0.613,0.000,-1.000,-1.000,-1.000,-1.000,None,60.3,-1.0,0,4,0.00,0,0,0,0,0.00,2,0,0.000,0.000,-1,-1,-1,-1,-1,-1,-1,-1,-999,-1,-1,0,-1,-1,-1,-1.0,0,0.00,0,0,-1,-1,-1,-1,-1,-1,0,0
94,1.5667,ground,run,250.000,-328.967,0.950,0.000,-9.800,0.000,9.800,9.800,1.600,0.00,0.00,0.00,0.00,0.000,0,,0,0.00,0.00,0.00,250.300,-324.563,1.550,-93.90,-2.67,58.00,4.455,0.000,0.00,1.00,0,0,1,0,0,0,-2.67,-7.96,-1.58,0.3469,0.0754,0.6486,1,4.455,0,0.580,0,ground,run,1.000,-1,0.002 0.515 -0.220 0.160 0.195 0.158 -0.059 -0.399 0.034 -0.728,250.30,-324.40,1.55,-2.67,-93.90,89.16,-1,-1,-1,-1,0.502,0.141 0.167 -0.407 -0.708,-1.0,0,-1.000,-1.000,0.5018,0.00,,-1.000,0.0,0.0,0.0,,,29.8,29.8,-2.0,,0.000,0.0,11.5,-1.00,-1.0,0.0,0,1500,-1.0,118.2,-1.0,0.0,0.00,5.00,-1,0,0.000,0,0.00,58.66,0,0,1,0.0,2,0.00,0.000,0.00,0.00,0.621,0.678,0.000,-1.000,-1.000,-1.000,-1.000,None,60.3,-1.0,0,4,0.00,0,0,0,0,0.00,2,0,0.000,0.000,-1,-1,-1,-1,-1,-1,-1,-1,-999,-1,-1,0,-1,-1,-1,-1.0,0,0.00,0,0,-1,-1,-1,-1,-1,-1,0,0
95,1.5833,ground,run,250.000,-329.130,0.950,0.000,-9.800,0.000,9.800,9.800,1.600,0.00,0.00,0.00,0.00,0.000,0,,0,0.00,0.00,0.00,250.300,-324.726,1.550,-93.90,-2.67,58.00,4.455,0.000,0.00,1.00,0,0,1,0,0,0,-2.67,-7.96,-1.60,0.3526,0.0741,0.6511,1,4.455,0,0.580,0,ground,run,1.000,-1,0.004 0.515 -0.213 0.116 0.195 0.090 -0.054 -0.421 0.031 -0.707,250.30,-324.56,1.55,-2.67,-93.90,89.16,-1,-1,-1,-1,0.502,0.099 0.096 -0.432 -0.685,-1.0,0,-1.000,-1.000,0.5016,0.00,,-1.000,0.0,0.0,0.0,,,29.8,29.8,-1.8,,0.000,0.0,11.5,-1.00,-1.0,0.0,0,1500,-1.0,118.2,-1.0,0.0,0.00,5.00,-1,0,0.000,0,0.00,58.66,0,0,1,0.0,2,0.00,0.000,0.00,0.00,0.529,0.728,0.000,-1.000,-1.000,-1.000,-1.000,None,60.3,-1.0,0,4,0.00,0,0,0,0,0.00,2,0,0.000,0.000,-1,-1,-1,-1,-1,-1,-1,-1,-999,-1,-1,0,-1,-1,-1,-1.0,0,0.00,0,0,-1,-1,-1,-1,-1,-1,0,0
96,1.6000,ground,run,250.000,-329.293,0.950,0.000,-9.800,0.000,9.800,9.800,1.600,0.00,0.00,0.00,0.00,0.000,0,,0,0.00,0.00,0.00,250.300,-324.890,1.550,-93.90,-2.67,58.00,4.455,0.000,0.00,1.00,0,0,1,0,0,0,-2.67,-7.96,-1.62,0.3528,0.0730,0.6487,1,4.455,0,0.580,0,ground,run,1.000,-1,0.007 0.516 -0.205 0.072 0.199 0.030 -0.047 -0.467 0.030 -0.685,250.30,-324.73,1.55,-2.67,-93.90,89.16,-1,-1,-1,-1,0.503,0.058 0.032 -0.481 -0.661,-1.0,0,-1.000,-1.000,0.5015,0.00,,-1.000,0.0,0.0,0.0,,,29.7,29.7,-1.4,,0.000,0.0,11.5,-1.00,-1.0,0.0,0,1500,-1.0,118.2,-1.0,0.0,0.00,5.00,-1,0,0.000,0,0.00,58.66,0,0,1,0.0,2,0.00,0.000,0.00,0.00,0.477,0.724,0.000,-1.000,-1.000,-1.000,-1.000,None,60.3,-1.0,0,4,0.00,0,0,0,0,0.00,2,0,0.000,0.000,-1,-1,-1,-1,-1,-1,-1,-1,-999,-1,-1,0,-1,-1,-1,-1.0,0,0.00,0,0,-1,-1,-1,-1,-1,-1,0,0
97,1.6167,ground,run,250.000,-329.457,0.950,0.000,-9.800,0.000,9.800,9.800,1.600,0.00,0.00,0.00,0.00,0.000,0,,0,0.00,0.00,0.00,250.300,-325.053,1.550,-93.90,-2.67,58.00,4.455,0.000,0.00,1.00,0,0,1,0,0,0,-2.67,-7.97,-1.63,0.3511,0.0728,0.6451,1,4.455,0,0.580,0,ground,run,1.000,-1,0.010 0.517 -0.200 0.044 0.205 -0.005 -0.043 -0.511 0.030 -0.660,250.30,-324.89,1.55,-2.67,-93.90,89.16,-1,-1,-1,-1,0.504,0.033 -0.007 -0.527 -0.636,-1.0,0,-1.000,-1.000,0.5014,0.00,,-1.000,0.0,0.0,0.0,,,29.6,29.6,-1.1,,0.000,0.0,11.5,-1.00,-1.0,0.0,0,1500,-1.0,118.2,-1.0,0.0,0.00,5.00,-1,0,0.000,0,0.00,58.66,0,0,1,0.0,2,0.00,0.000,0.00,0.00,0.478,0.715,0.000,-1.000,-1.000,-1.000,-1.000,None,60.4,-1.0,0,4,0.00,0,0,0,0,0.00,2,0,0.000,0.000,-1,-1,-1,-1,-1,-1,-1,-1,-999,-1,-1,0,-1,-1,-1,-1.0,0,0.00,0,0,-1,-1,-1,-1,-1,-1,0,0
98,1.6333,ground,run,250.000,-329.620,0.950,0.000,-9.800,0.000,9.800,9.800,1.600,0.00,0.00,0.00,0.00,0.000,0,,0,0.00,0.00,0.00,250.300,-325.216,1.550,-93.90,-2.67,58.00,4.455,0.000,0.00,1.00,0,0,1,0,0,0,-2.67,-7.97,-1.65,0.3404,0.0736,0.6366,1,4.455,0,0.580,0,ground,run,1.000,-1,0.014 0.518 -0.196 0.033 0.216 -0.009 -0.041 -0.569 0.030 -0.613,250.30,-325.05,1.55,-2.67,-93.90,89.16,-1,-1,-1,-1,0.505,0.027 -0.017 -0.586 -0.589,-1.0,0,-1.000,-1.000,0.5013,0.00,,-1.000,0.0,0.0,0.0,,,29.4,29.4,-0.7,,0.000,0.0,11.5,-1.00,-1.0,0.0,0,1500,-1.0,118.2,-1.0,0.0,0.00,5.00,-1,0,0.000,0,0.00,58.66,0,0,1,0.0,2,0.00,0.000,0.00,0.00,0.444,0.664,0.000,-1.000,-1.000,-1.000,-1.000,None,60.6,-1.0,0,4,0.00,0,0,0,0,0.00,2,0,0.000,0.000,-1,-1,-1,-1,-1,-1,-1,-1,-999,-1,-1,0,-1,-1,-1,-1.0,0,0.00,0,0,-1,-1,-1,-1,-1,-1,0,0
99,1.6500,ground,run,250.000,-329.783,0.950,0.000,-9.800,0.000,9.800,9.800,1.600,0.00,0.00,0.00,0.00,0.000,0,,0,0.00,0.00,0.00,250.300,-325.380,1.550,-93.90,-2.67,58.00,4.455,0.000,0.00,1.00,0,0,1,0,0,0,-2.67,-7.97,-1.67,0.3269,0.0755,0.6270,1,4.455,0,0.580,0,ground,run,1.000,-1,0.017 0.519 -0.195 0.048 0.230 0.015 -0.041 -0.624 0.033 -0.560,250.30,-325.22,1.55,-2.67,-93.90,89.16,-1,-1,-1,-1,0.506,0.046 0.003 -0.641 -0.536,-1.0,0,-1.000,-1.000,0.5012,0.00,,-1.000,0.0,0.0,0.0,,,29.3,29.3,-0.2,,0.000,0.0,11.5,-1.00,-1.0,0.0,0,1500,-1.0,118.2,-1.0,0.0,0.00,5.00,-1,0,0.000,0,0.00,58.66,0,0,1,0.0,2,0.00,0.000,0.00,0.00,0.455,0.610,0.000,-1.000,-1.000,-1.000,-1.000,None,60.7,-1.0,0,4,0.00,0,0,0,0,0.00,2,0,0.000,0.000,-1,-1,-1,-1,-1,-1,-1,-1,-999,-1,-1,0,-1,-1,-1,-1.0,0,0.00,0,0,-1,-1,-1,-1,-1,-1,0,0
100,1.6667,ground,run,250.000,-329.947,0.950,0.000,-9.800,0.000,9.800,9.800,1.600,0.00,0.00,0.00,0.00,0.000,0,,0,0.00,0.00,0.00,250.300,-325.543,1.550,-93.90,-2.67,58.00,4.455,0.000,0.00,1.00,0,0,1,0,0,0,-2.67,-7.98,-1.68,0.3147,0.0783,0.6202,1,4.455,0,0.580,0,ground,run,1.000,-1,0.021 0.519 -0.198 0.084 0.245 0.060 -0.039 -0.672 0.035 -0.516,250.30,-325.38,1.55,-2.67,-93.90,89.16,-1,-1,-1,-1,0.507,0.086 0.044 -0.689 -0.493,-1.0,0,-1.000,-1.000,0.5009,0.00,,-1.000,0.0,0.0,0.0,,,29.1,29.1,0.2,,0.000,0.0,11.5,-1.00,-1.0,0.0,0,1500,-1.0,118.2,-1.0,0.0,0.00,5.00,-1,0,0.000,0,0.00,58.66,0,0,1,0.0,2,0.00,0.000,0.00,0.00,0.556,0.550,0.000,-1.000,-1.000,-1.000,-1.000,None,60.9,-1.0,0,4,0.00,0,0,0,0,0.00,2,0,0.000,0.000,-1,-1,-1,-1,-1,-1,-1,-1,-999,-1,-1,0,-1,-1,-1,-1.0,0,0.00,0,0,-1,-1,-1,-1,-1,-1,0,0
101,1.6833,ground,run,250.000,-330.110,0.950,0.000,-9.800,0.000,9.800,9.800,1.600,0.00,0.00,0.00,0.00,0.000,0,,0,0.00,0.00,0.00,250.300,-325.706,1.550,-93.90,-2.67,58.00,4.455,0.000,0.00,1.00,0,0,1,0,0,0,-2.67,-7.98,-1.70,0.3017,0.0817,0.6132,1,4.455,0,0.580,0,ground,run,1.000,-1,0.025 0.520 -0.203 0.141 0.261 0.119 -0.040 -0.716 0.039 -0.470,250.30,-325.54,1.55,-2.67,-93.90,89.16,-1,-1,-1,-1,0.507,0.146 0.101 -0.732 -0.449,-1.0,0,-1.000,-1.000,0.5006,0.00,,-1.000,0.0,0.0,0.0,,,29.0,29.0,0.6,,0.000,0.0,11.5,-1.00,-1.0,0.0,0,1500,-1.0,118.2,-1.0,0.0,0.00,5.00,-1,0,0.000,0,0.00,58.66,0,0,1,0.0,2,0.00,0.000,0.00,0.00,0.658,0.488,0.000,-1.000,-1.000,-1.000,-1.000,None,61.0,-1.0,0,4,0.00,0,0,0,0,0.00,2,0,0.000,0.000,-1,-1,-1,-1,-1,-1,-1,-1,-999,-1,-1,0,-1,-1,-1,-1.0,0,0.00,0,0,-1,-1,-1,-1,-1,-1,0,0
102,1.7000,ground,run,250.000,-330.273,0.950,0.000,-9.800,0.000,9.800,9.800,1.600,0.00,0.00,0.00,0.00,0.000,0,,0,0.00,0.00,0.00,250.300,-325.870,1.550,-93.90,-2.67,58.00,4.455,0.000,0.00,1.00,0,0,1,0,0,0,-2.67,-7.98,-1.72,0.2920,0.0849,0.6092,1,4.455,0,0.580,0,ground,run,1.000,-1,0.028 0.520 -0.209 0.201 0.273 0.174 -0.040 -0.754 0.042 -0.439,250.30,-325.71,1.55,-2.67,-93.90,89.16,-1,-1,-1,-1,0.507,0.209 0.154 -0.768 -0.420,-1.0,0,-1.000,-1.000,0.5001,0.00,,-1.000,0.0,0.0,0.0,,,29.0,29.0,1.0,,0.000,0.0,11.5,-1.00,-1.0,0.0,0,1500,-1.0,118.2,-1.0,0.0,0.00,5.00,-1,0,0.000,0,0.00,58.66,0,0,1,0.0,2,0.00,0.000,0.00,0.00,0.710,0.421,0.000,-1.000,-1.000,-1.000,-1.000,None,61.0,-1.0,0,4,0.00,0,0,0,0,0.00,2,0,0.000,0.000,-1,-1,-1,-1,-1,-1,-1,-1,-999,-1,-1,0,-1,-1,-1,-1.0,0,0.00,0,0,-1,-1,-1,-1,-1,-1,0,0
103,1.7167,ground,run,250.000,-330.437,0.950,0.000,-9.800,0.000,9.800,9.800,1.600,0.00,0.00,0.00,0.00,0.000,0,,0,0.00,0.00,0.00,250.300,-326.033,1.550,-93.90,-2.67,58.00,4.455,0.000,0.00,1.00,0,0,1,0,0,0,-2.67,-7.98,-1.73,0.2951,0.0880,0.6118,1,4.455,0,0.580,0,ground,run,1.000,-1,0.031 0.520 -0.216 0.269 0.283 0.228 -0.042 -0.786 0.046 -0.406,250.30,-325.87,1.55,-2.67,-93.90,89.16,-1,-1,-1,-1,0.507,0.278 0.207 -0.798 -0.389,-1.0,0,-1.000,-1.000,0.4996,0.00,,-1.000,0.0,0.0,0.0,,,29.0,29.0,1.4,,0.000,0.0,11.5,-1.00,-1.0,0.0,0,1500,-1.0,118.2,-1.0,0.0,0.00,5.00,-1,0,0.000,0,0.00,58.66,0,0,1,0.0,2,0.00,0.000,0.00,0.00,0.740,0.358,0.000,-1.000,-1.000,-1.000,-1.000,None,61.0,-1.0,0,4,0.00,0,0,0,0,0.00,2,0,0.000,0.000,-1,-1,-1,-1,-1,-1,-1,-1,-999,-1,-1,0,-1,-1,-1,-1.0,0,0.00,0,0,-1,-1,-1,-1,-1,-1,0,0
104,1.7333,ground,run,250.000,-330.600,0.950,0.000,-9.800,0.000,9.800,9.800,1.600,0.00,0.00,0.00,0.00,0.000,0,,0,0.00,0.00,0.00,250.300,-326.196,1.550,-93.90,-2.67,58.00,4.455,0.000,0.00,1.00,0,0,1,0,0,0,-2.67,-7.98,-1.75,0.3021,0.0902,0.6164,1,4.455,0,0.580,0,ground,run,1.000,-1,0.034 0.519 -0.223 0.316 0.290 0.260 -0.044 -0.801 0.050 -0.381,250.30,-326.03,1.55,-2.67,-93.90,89.16,-1,-1,-1,-1,0.506,0.326 0.239 -0.811 -0.366,-1.0,0,-1.000,-1.000,0.4992,0.00,,-1.000,0.0,0.0,0.0,,,29.1,29.1,1.7,,0.000,0.0,11.5,-1.00,-1.0,0.0,0,1500,-1.0,118.2,-1.0,0.0,0.00,5.00,-1,0,0.000,0,0.00,58.66,0,0,1,0.0,2,0.00,0.000,0.00,0.00,0.753,0.304,0.000,-1.000,-1.000,-1.000,-1.000,None,60.9,-1.0,0,4,0.00,0,0,0,0,0.00,2,0,0.000,0.000,-1,-1,-1,-1,-1,-1,-1,-1,-999,-1,-1,0,-1,-1,-1,-1.0,0,0.00,0,0,-1,-1,-1,-1,-1,-1,0,0
105,1.7500,ground,run,250.000,-330.763,0.950,0.000,-9.800,0.000,9.800,9.800,1.600,0.00,0.00,0.00,0.00,0.000,0,,0,0.00,0.00,0.00,250.300,-326.360,1.550,-93.90,-2.67,58.00,4.455,0.000,0.00,1.00,0,0,1,0,0,0,-2.67,-7.99,-1.77,0.3123,0.0921,0.6194,1,4.455,0,0.580,0,ground,run,1.000,-1,0.036 0.518 -0.228 0.359 0.295 0.287 -0.048 -0.812 0.054 -0.355,250.30,-326.20,1.55,-2.67,-93.90,89.16,-1,-1,-1,-1,0.505,0.370 0.266 -0.819 -0.342,-1.0,0,-1.000,-1.000,0.4988,0.00,,-1.000,0.0,0.0,0.0,,,29.2,29.2,2.0,,0.000,0.0,11.5,-1.00,-1.0,0.0,0,1500,-1.0,118.2,-1.0,0.0,0.00,5.00,-1,0,0.000,0,0.00,58.66,0,0,1,0.0,2,0.00,0.000,0.00,0.00,0.768,0.262,0.000,-1.000,-1.000,-1.000,-1.000,None,60.8,-1.0,0,4,0.00,0,0,0,0,0.00,2,0,0.000,0.000,-1,-1,-1,-1,-1,-1,-1,-1,-999,-1,-1,0,-1,-1,-1,-1.0,0,0.00,0,0,-1,-1,-1,-1,-1,-1,0,0
106,1.7667,ground,run,250.000,-330.927,0.950,0.000,-9.800,0.000,9.800,9.800,1.600,0.00,0.00,0.00,0.00,0.000,0,,0,0.00,0.00,0.00,250.300,-326.523,1.550,-93.90,-2.67,58.00,4.455,0.000,0.00,1.00,0,0,1,0,0,0,-2.67,-7.99,-1.78,0.3187,0.0929,0.6246,1,4.455,0,0.580,0,ground,run,1.000,-1,0.038 0.517 -0.231 0.365 0.296 0.288 -0.055 -0.808 0.056 -0.344,250.30,-326.36,1.55,-2.67,-93.90,89.16,-1,-1,-1,-1,0.504,0.376 0.267 -0.810 -0.335,-1.0,0,-1.000,-1.000,0.4986,0.00,,-1.000,0.0,0.0,0.0,,,29.4,29.3,2.1,,0.000,0.0,11.5,-1.00,-1.0,0.0,0,1500,-1.0,118.2,-1.0,0.0,0.00,5.00,-1,0,0.000,0,0.00,58.66,0,0,1,0.0,2,0.00,0.000,0.00,0.00,0.767,0.244,0.000,-1.000,-1.000,-1.000,-1.000,None,60.7,-1.0,0,4,0.00,0,0,0,0,0.00,2,0,0.000,0.000,-1,-1,-1,-1,-1,-1,-1,-1,-999,-1,-1,0,-1,-1,-1,-1.0,0,0.00,0,0,-1,-1,-1,-1,-1,-1,0,0
107,1.7833,ground,run,250.000,-331.090,0.950,0.000,-9.800,0.000,9.800,9.800,1.600,0.00,0.00,0.00,0.00,0.000,0,,0,0.00,0.00,0.00,250.300,-326.686,1.550,-93.90,-2.67,58.00,4.455,0.000,0.00,1.00,0,0,1,0,0,0,-2.67,-7.99,-1.80,0.3222,0.0933,0.6290,1,4.455,0,0.580,0,ground,run,1.000,-1,0.039 0.516 -0.233 0.362 0.297 0.284 -0.063 -0.791 0.058 -0.333,250.30,-326.52,1.55,-2.67,-93.90,89.16,-1,-1,-1,-1,0.503,0.374 0.264 -0.787 -0.325,-1.0,0,-1.000,-1.000,0.4984,0.00,,-1.000,0.0,0.0,0.0,,,29.5,29.5,2.3,,0.000,0.0,11.5,-1.00,-1.0,0.0,0,1500,-1.0,118.2,-1.0,0.0,0.00,5.00,-1,0,0.000,0,0.00,58.66,0,0,1,0.0,2,0.00,0.000,0.00,0.00,0.761,0.286,0.000,-1.000,-1.000,-1.000,-1.000,None,60.6,-1.0,0,4,0.00,0,0,0,0,0.00,2,0,0.000,0.000,-1,-1,-1,-1,-1,-1,-1,-1,-999,-1,-1,0,-1,-1,-1,-1.0,0,0.00,0,0,-1,-1,-1,-1,-1,-1,0,0
108,1.8000,ground,jumpCharge,250.000,-331.253,0.950,0.000,-9.800,0.000,9.800,9.800,1.600,0.00,0.00,0.00,0.00,0.000,0,,0,0.00,0.00,0.00,250.300,-326.850,1.550,-93.90,-2.67,58.00,4.455,0.000,0.00,1.00,0,1,1,0,0,0,-2.67,-7.99,-1.82,0.3261,0.0929,0.6359,1,4.455,0,0.580,0,ground,run,1.000,-1,0.039 0.517 -0.232 0.322 0.293 0.264 -0.071 -0.779 0.060 -0.351,250.30,-326.69,1.55,-2.67,-93.90,89.16,-1,-1,-1,-1,0.505,0.333 0.244 -0.770 -0.349,-1.0,0,-1.000,-1.000,0.4984,0.00,,-1.000,0.0,0.0,0.0,,,29.2,29.1,2.3,,0.000,0.0,11.5,-1.00,-1.0,0.0,0,1500,-1.0,118.2,-1.0,0.0,0.00,5.00,-1,0,0.000,0,0.00,59.82,0,0,1,0.0,2,0.00,0.000,0.00,0.00,0.759,0.415,0.000,-1.000,-1.000,-1.000,-1.000,None,60.9,-1.0,0,4,0.00,0,0,0,0,0.00,2,0,0.000,0.000,-1,-1,-1,-1,-1,-1,-1,-1,-999,-1,-1,0,-1,-1,-1,-1.0,0,0.00,0,0,-1,-1,-1,-1,-1,-1,0,0
109,1.8167,ground,jumpCharge,250.000,-331.417,0.950,0.000,-9.800,0.000,9.800,9.800,1.600,0.00,0.00,0.00,0.00,0.000,0,,0,0.00,0.00,0.00,250.300,-327.013,1.550,-93.90,-2.67,58.00,4.455,0.000,0.00,1.00,0,1,1,0,0,0,-2.67,-7.99,-1.83,0.3333,0.0920,0.6402,1,4.455,0,0.580,0,jumpCharge,run,1.000,-1,0.039 0.518 -0.230 0.274 0.289 0.238 -0.078 -0.759 0.065 -0.355,250.30,-326.85,1.55,-2.67,-93.90,89.16,-1,-1,-1,-1,0.506,0.285 0.219 -0.746 -0.356,-1.0,0,-1.000,-1.000,0.4984,0.00,,-1.000,0.0,0.0,0.0,,,29.0,28.9,2.3,,0.000,0.0,11.5,-1.00,-1.0,0.0,0,1500,-1.0,118.2,-1.0,0.0,0.00,5.00,-1,0,0.000,0,0.00,59.82,0,0,1,0.0,2,0.00,0.000,0.00,0.00,0.747,0.549,0.000,-1.000,-1.000,-1.000,-1.000,None,61.1,-1.0,0,4,0.00,0,0,0,0,0.00,2,0,0.000,0.000,-1,-1,-1,-1,-1,-1,-1,-1,-999,-1,-1,0,-1,-1,-1,-1.0,0,0.00,0,0,-1,-1,-1,-1,-1,-1,0,0
110,1.8333,ground,jumpCharge,250.000,-331.580,0.950,0.000,-9.800,0.000,9.800,9.800,1.600,0.00,0.00,0.00,0.00,0.000,0,,0,0.00,0.00,0.00,250.300,-327.176,1.550,-93.90,-2.67,58.00,4.455,0.000,0.00,1.00,0,1,1,0,0,0,-2.67,-8.00,-1.85,0.3427,0.0894,0.6467,1,4.455,0,0.580,0,jumpCharge,run,1.000,-1,0.037 0.518 -0.223 0.205 0.280 0.180 -0.091 -0.745 0.077 -0.381,250.30,-327.01,1.55,-2.67,-93.90,89.16,-1,-1,-1,-1,0.506,0.214 0.162 -0.729 -0.386,-1.0,0,-1.000,-1.000,0.4988,0.00,,-1.000,0.0,0.0,0.0,,,29.0,29.0,2.1,,0.000,0.0,11.5,-1.00,-1.0,0.0,0,1500,-1.0,118.2,-1.0,0.0,0.00,5.00,-1,0,0.000,0,0.00,59.82,0,0,1,0.0,2,0.00,0.000,0.00,0.00,0.693,0.628,0.000,-1.000,-1.000,-1.000,-1.000,None,61.0,-1.0,0,4,0.00,0,0,0,0,0.00,2,0,0.000,0.000,-1,-1,-1,-1,-1,-1,-1,-1,-999,-1,-1,0,-1,-1,-1,-1.0,0,0.00,0,0,-1,-1,-1,-1,-1,-1,0,0
111,1.8500,ground,jumpCharge,250.000,-331.743,0.950,0.000,-9.800,0.000,9.800,9.800,1.600,0.00,0.00,0.00,0.00,0.000,0,,0,0.00,0.00,0.00,250.300,-327.340,1.550,-93.90,-2.67,58.00,4.455,0.000,0.00,1.00,0,1,1,0,0,0,-2.67,-8.00,-1.87,0.3476,0.0856,0.6531,1,4.455,0,0.580,0,jumpCharge,run,1.000,-1,0.035 0.516 -0.216 0.144 0.264 0.100 -0.111 -0.724 0.092 -0.402,250.30,-327.18,1.55,-2.67,-93.90,89.16,-1,-1,-1,-1,0.503,0.152 0.084 -0.706 -0.409,-1.0,0,-1.000,-1.000,0.4990,0.00,,-1.000,0.0,0.0,0.0,,,29.7,29.7,1.8,,0.000,0.0,11.5,-1.00,-1.0,0.0,0,1500,-1.0,118.2,-1.0,0.0,0.00,5.00,-1,0,0.000,0,0.00,59.82,0,0,1,0.0,2,0.00,0.000,0.00,0.00,0.613,0.671,0.000,-1.000,-1.000,-1.000,-1.000,None,60.3,-1.0,0,4,0.00,0,0,0,0,0.00,2,0,0.000,0.000,-1,-1,-1,-1,-1,-1,-1,-1,-999,-1,-1,0,-1,-1,-1,-1.0,0,0.00,0,0,-1,-1,-1,-1,-1,-1,0,0
112,1.8667,ground,jumpCharge,250.000,-331.907,0.950,0.000,-9.800,0.000,9.800,9.800,1.600,0.00,0.00,0.00,0.00,0.000,0,,0,0.00,0.00,0.00,250.300,-327.503,1.550,-93.90,-2.67,58.00,4.455,0.000,0.00,1.00,0,1,1,0,0,0,-2.67,-8.00,-1.88,0.3466,0.0802,0.6570,1,4.455,0,0.580,0,jumpCharge,run,1.000,-1,0.032 0.512 -0.207 0.090 0.240 0.020 -0.139 -0.706 0.105 -0.439,250.30,-327.34,1.55,-2.67,-93.90,89.16,-1,-1,-1,-1,0.499,0.095 0.009 -0.688 -0.447,-1.0,0,-1.000,-1.000,0.4989,0.00,,-1.000,0.0,0.0,0.0,,,30.8,30.8,1.4,,0.000,0.0,11.5,-1.00,-1.0,0.0,0,1500,-1.0,118.2,-1.0,0.0,0.00,5.00,-1,0,0.000,0,0.00,59.82,0,0,1,0.0,2,0.00,0.000,0.00,0.00,0.554,0.649,0.000,-1.000,-1.000,-1.000,-1.000,None,59.2,-1.0,0,4,0.00,0,0,0,0,0.00,2,0,0.000,0.000,-1,-1,-1,-1,-1,-1,-1,-1,-999,-1,-1,0,-1,-1,-1,-1.0,0,0.00,0,0,-1,-1,-1,-1,-1,-1,0,0
113,1.8833,ground,jumpCharge,250.000,-332.070,0.950,0.000,-9.800,0.000,9.800,9.800,1.600,0.00,0.00,0.00,0.00,0.000,0,,0,0.00,0.00,0.00,250.300,-327.666,1.550,-93.90,-2.67,58.00,4.455,0.000,0.00,1.00,0,1,1,0,0,0,-2.67,-8.00,-1.90,0.3382,0.0747,0.6588,1,4.455,0,0.580,0,jumpCharge,run,1.000,-1,0.029 0.506 -0.199 0.056 0.212 -0.011 -0.171 -0.675 0.121 -0.469,250.30,-327.50,1.55,-2.67,-93.90,89.16,-1,-1,-1,-1,0.492,0.060 -0.016 -0.659 -0.478,-1.0,0,-1.000,-1.000,0.4984,0.00,,-1.000,0.0,0.0,0.0,,,32.3,32.2,0.9,,0.000,0.0,11.5,-1.00,-1.0,0.0,0,1500,-1.0,118.2,-1.0,0.0,0.00,5.00,-1,0,0.000,0,0.00,59.82,0,0,1,0.0,2,0.00,0.000,0.00,0.00,0.524,0.594,0.000,-1.000,-1.000,-1.000,-1.000,None,57.8,-1.0,0,4,0.00,0,0,0,0,0.00,2,0,0.000,0.000,-1,-1,-1,-1,-1,-1,-1,-1,-999,-1,-1,0,-1,-1,-1,-1.0,0,0.00,0,0,-1,-1,-1,-1,-1,-1,0,0
114,1.9000,ground,jumpCharge,250.000,-332.231,0.950,0.000,-9.577,0.000,9.577,9.577,1.600,0.00,0.00,0.00,0.00,0.000,0,,0,0.00,0.00,0.00,250.300,-327.829,1.550,-93.90,-2.68,58.00,4.452,0.000,0.00,1.00,0,1,1,0,0,0,-2.68,-8.00,-1.92,0.3169,0.0734,0.6547,1,4.452,0,0.580,0,jumpCharge,jumpCrouch,1.000,-1,0.026 0.498 -0.191 0.040 0.188 0.020 -0.196 -0.609 0.141 -0.494,250.30,-327.67,1.55,-2.67,-93.90,89.16,-1,-1,-1,-1,0.484,0.043 0.022 -0.597 -0.500,-1.0,0,-1.000,-1.000,0.4971,0.00,,-1.000,0.0,0.0,0.0,,,33.9,33.9,0.4,,0.000,0.0,11.5,-1.00,-1.0,0.0,0,1500,-1.0,118.2,-1.0,0.0,0.00,5.00,-1,0,0.000,0,0.00,40.66,0,0,1,0.0,2,0.00,0.000,0.00,0.00,0.516,0.490,0.000,-1.000,-1.000,-1.000,-1.000,None,56.1,-1.0,0,4,0.00,0,0,0,0,0.00,2,0,0.000,0.000,-1,-1,-1,-1,-1,-1,-1,-1,-999,-1,-1,0,-1,-1,-1,-1.0,0,0.00,0,0,-1,-1,-1,-1,-1,-1,0,0
115,1.9167,ground,jumpCharge,250.000,-332.387,0.950,0.000,-9.355,0.000,9.355,9.355,1.600,0.00,0.00,0.00,0.00,0.000,0,,0,0.00,0.00,0.00,250.300,-327.992,1.550,-93.90,-2.69,58.00,4.447,0.000,0.00,1.00,0,1,1,0,0,0,-2.69,-8.00,-1.93,0.2930,0.0744,0.6507,1,4.447,0,0.580,0,jumpCharge,jumpCrouch,1.000,-1,0.024 0.489 -0.184 0.048 0.170 0.094 -0.208 -0.532 0.160 -0.494,250.30,-327.83,1.55,-2.68,-93.90,89.16,-1,-1,-1,-1,0.474,0.052 0.100 -0.525 -0.498,-1.0,0,-1.000,-1.000,0.4964,0.00,,-1.000,0.0,0.0,0.0,,,35.7,35.7,0.1,,0.000,0.0,11.5,-1.00,-1.0,0.0,0,1500,-1.0,118.2,-1.0,0.0,0.00,5.00,-1,0,0.000,0,0.00,40.66,0,0,1,0.0,2,0.00,0.000,0.00,0.00,0.575,0.393,0.000,-1.000,-1.000,-1.000,-1.000,None,54.3,-1.0,0,4,0.00,0,0,0,0,0.00,2,0,0.000,0.000,-1,-1,-1,-1,-1,-1,-1,-1,-999,-1,-1,0,-1,-1,-1,-1.0,0,0.00,0,0,-1,-1,-1,-1,-1,-1,0,0
116,1.9333,ground,jumpCharge,250.000,-332.541,0.950,0.000,-9.132,0.000,9.132,9.132,1.600,0.00,0.00,0.00,0.00,0.000,0,,0,0.00,0.00,0.00,250.300,-328.153,1.550,-93.91,-2.70,58.00,4.439,0.000,0.00,1.00,0,1,1,0,0,0,-2.70,-8.00,-1.95,0.2702,0.0737,0.6483,1,4.439,0,0.580,0,jumpCharge,jumpCrouch,1.000,-1,0.023 0.480 -0.177 0.084 0.158 0.175 -0.207 -0.458 0.174 -0.469,250.30,-327.99,1.55,-2.69,-93.90,89.16,-1,-1,-1,-1,0.463,0.090 0.184 -0.453 -0.471,-1.0,0,-1.000,-1.000,0.4966,-0.00,,-1.000,0.0,0.0,0.0,,,37.5,37.5,-0.2,,0.000,0.0,11.5,-1.00,-1.0,0.0,0,1500,-1.0,118.2,-1.0,0.0,0.00,5.00,-1,0,0.000,0,0.00,40.66,0,0,1,0.0,2,0.00,0.000,0.00,0.00,0.655,0.318,0.000,-1.000,-1.000,-1.000,-1.000,None,52.5,-1.0,0,4,0.00,0,0,0,0,0.00,2,0,0.000,0.000,-1,-1,-1,-1,-1,-1,-1,-1,-999,-1,-1,0,-1,-1,-1,-1.0,0,0.00,0,0,-1,-1,-1,-1,-1,-1,0,0
117,1.9500,ground,jumpCharge,250.000,-332.690,0.950,0.000,-8.909,0.000,8.909,8.909,1.600,0.00,0.00,0.00,0.00,0.000,0,,0,0.00,0.00,0.00,250.300,-328.312,1.550,-93.92,-2.72,58.00,4.429,0.000,0.00,1.00,0,1,1,0,0,0,-2.72,-8.00,-1.97,0.2526,0.0736,0.6479,1,4.429,0,0.580,0,jumpCharge,jumpCrouch,1.000,-1,0.023 0.470 -0.172 0.146 0.151 0.239 -0.201 -0.400 0.183 -0.429,250.30,-328.15,1.55,-2.70,-93.91,89.16,-1,-1,-1,-1,0.453,0.154 0.249 -0.398 -0.429,-1.0,0,-1.000,-1.000,0.4978,-0.00,,-1.000,0.0,0.0,0.0,,,39.1,39.1,-0.2,,0.000,0.0,11.5,-1.00,-1.0,0.0,0,1500,-1.0,118.2,-1.0,0.0,0.00,5.00,-1,0,0.000,0,0.00,40.66,0,0,1,0.0,2,0.00,0.000,0.00,0.00,0.690,0.271,0.000,-1.000,-1.000,-1.000,-1.000,None,50.9,-1.0,0,4,0.00,0,0,0,0,0.00,2,0,0.000,0.000,-1,-1,-1,-1,-1,-1,-1,-1,-999,-1,-1,0,-1,-1,-1,-1.0,0,0.00,0,0,-1,-1,-1,-1,-1,-1,0,0
118,1.9667,ground,jumpCharge,250.000,-332.836,0.950,0.000,-8.686,0.000,8.686,8.686,1.600,0.00,0.00,0.00,0.00,0.000,0,,0,0.00,0.00,0.00,250.300,-328.468,1.550,-93.93,-2.74,58.00,4.419,0.000,0.00,1.00,0,1,1,0,0,0,-2.74,-8.01,-1.98,0.2423,0.0731,0.6498,1,4.419,0,0.580,0,jumpCharge,jumpCrouch,1.000,-1,0.025 0.462 -0.169 0.219 0.145 0.275 -0.194 -0.365 0.186 -0.385,250.30,-328.31,1.55,-2.72,-93.92,89.16,-1,-1,-1,-1,0.445,0.228 0.285 -0.364 -0.384,-1.0,0,-1.000,-1.000,0.4988,0.00,,-1.000,0.0,0.0,0.0,,,40.5,40.5,-0.2,,0.000,0.0,11.5,-1.00,-1.0,0.0,0,1500,-1.0,118.2,-1.0,0.0,0.00,5.00,-1,0,0.000,0,0.00,40.66,0,0,1,0.0,2,0.00,0.000,0.00,0.00,0.688,0.244,0.000,-1.000,-1.000,-1.000,-1.000,None,49.5,-1.0,0,4,0.00,0,0,0,0,0.00,2,0,0.000,0.000,-1,-1,-1,-1,-1,-1,-1,-1,-999,-1,-1,0,-1,-1,-1,-1.0,0,0.00,0,0,-1,-1,-1,-1,-1,-1,0,0
119,1.9833,ground,jumpCharge,250.000,-332.978,0.950,0.000,-8.464,0.000,8.464,8.464,1.600,0.00,0.00,0.00,0.00,0.000,0,,0,0.00,0.00,0.00,250.300,-328.622,1.550,-93.94,-2.76,58.00,4.407,0.000,0.00,1.00,0,1,1,0,0,0,-2.76,-8.01,-2.00,0.2372,0.0727,0.6517,1,4.407,0,0.580,0,jumpCharge,jumpCrouch,1.000,-1,0.026 0.457 -0.167 0.276 0.141 0.290 -0.189 -0.347 0.185 -0.354,250.30,-328.47,1.55,-2.74,-93.93,89.16,-1,-1,-1,-1,0.439,0.285 0.300 -0.346 -0.352,-1.0,0,-1.000,-1.000,0.4994,-0.00,,-1.000,0.0,0.0,0.0,,,41.3,41.3,-0.0,,0.000,0.0,11.5,-1.00,-1.0,0.0,0,1500,-1.0,118.1,-1.0,0.0,0.00,5.00,-1,0,0.000,0,0.00,40.66,0,0,1,0.0,2,0.00,0.000,0.00,0.00,0.673,0.230,0.000,-1.000,-1.000,-1.000,-1.000,None,48.7,-1.0,0,4,0.00,0,0,0,0,0.00,2,0,0.000,0.000,-1,-1,-1,-1,-1,-1,-1,-1,-999,-1,-1,0,-1,-1,-1,-1.0,0,0.00,0,0,-1,-1,-1,-1,-1,-1,0,0
120,2.0000,ground,jumpCharge,250.000,-333.116,0.950,0.000,-8.241,0.000,8.241,8.241,1.600,0.00,0.00,0.00,0.00,0.000,0,,0,0.00,0.00,0.00,250.300,-328.773,1.550,-93.95,-2.78,58.00,4.395,0.000,0.00,1.00,0,1,1,0,0,0,-2.78,-8.01,-2.02,0.2361,0.0727,0.6522,1,4.395,0,0.580,0,jumpCharge,jumpCrouch,1.000,-1,0.027 0.456 -0.167 0.294 0.140 0.293 -0.189 -0.343 0.185 -0.344,250.30,-328.62,1.55,-2.76,-93.94,89.16,-1,-1,-1,-1,0.437,0.303 0.303 -0.343 -0.343,-1.0,0,-1.000,-1.000,0.4995,-0.00,,-1.000,0.0,0.0,0.0,,,41.5,41.5,0.0,,0.000,0.0,11.5,-1.00,-1.0,0.0,0,1500,-1.0,118.1,-1.0,0.0,0.00,5.00,-1,0,0.000,0,0.00,40.66,0,0,1,0.0,2,0.00,0.000,0.00,0.00,0.668,0.226,0.000,-1.000,-1.000,-1.000,-1.000,None,48.5,-1.0,0,4,0.00,0,0,0,0,0.00,2,0,0.000,0.000,-1,-1,-1,-1,-1,-1,-1,-1,-999,-1,-1,0,-1,-1,-1,-1.0,0,0.00,0,0,-1,-1,-1,-1,-1,-1,0,0
121,2.0167,ground,jumpCharge,250.000,-333.250,0.950,0.000,-8.018,0.000,8.018,8.018,1.600,0.00,0.00,0.00,0.00,0.000,0,,0,0.00,0.00,0.00,250.300,-328.920,1.550,-93.96,-2.80,58.00,4.382,0.000,0.00,1.00,0,1,1,0,0,0,-2.80,-8.01,-2.03,0.2367,0.0729,0.6525,1,4.382,0,0.580,0,jumpCharge,jumpCrouch,1.000,-1,0.027 0.456 -0.167 0.296 0.140 0.295 -0.189 -0.342 0.185 -0.344,250.30,-328.77,1.55,-2.78,-93.95,89.16,-1,-1,-1,-1,0.437,0.305 0.305 -0.342 -0.342,-1.0,0,-1.000,-1.000,0.4995,0.00,,-1.000,0.0,0.0,0.0,,,41.6,41.6,0.0,,0.000,0.0,11.5,-1.00,-1.0,0.0,0,1500,-1.0,118.1,-1.0,0.0,0.00,5.00,-1,0,0.000,0,0.00,40.66,0,0,1,0.0,2,0.00,0.000,0.00,0.00,0.669,0.226,0.000,-1.000,-1.000,-1.000,-1.000,None,48.4,-1.0,0,4,0.00,0,0,0,0,0.00,2,0,0.000,0.000,-1,-1,-1,-1,-1,-1,-1,-1,-999,-1,-1,0,-1,-1,-1,-1.0,0,0.00,0,0,-1,-1,-1,-1,-1,-1,0,0
122,2.0333,ground,jumpCharge,250.000,-333.381,0.950,0.000,-7.795,0.000,7.795,7.795,1.600,0.00,0.00,0.00,0.00,0.000,0,,0,0.00,0.00,0.00,250.300,-329.064,1.550,-93.97,-2.82,58.00,4.369,0.000,0.00,1.00,0,1,1,0,0,0,-2.82,-8.01,-2.05,0.2373,0.0731,0.6528,1,4.369,0,0.580,0,jumpCharge,jumpCrouch,1.000,-1,0.027 0.456 -0.167 0.297 0.140 0.296 -0.188 -0.342 0.185 -0.343,250.30,-328.92,1.55,-2.80,-93.96,89.16,-1,-1,-1,-1,0.437,0.307 0.307 -0.342 -0.342,-1.0,0,-1.000,-1.000,0.4995,0.00,,-1.000,0.0,0.0,0.0,,,41.6,41.6,0.0,,0.000,0.0,11.5,-1.00,-1.0,0.0,0,1500,-1.0,118.1,-1.0,0.0,0.00,5.00,-1,0,0.000,0,0.00,40.66,0,0,1,0.0,2,0.00,0.000,0.00,0.00,0.670,0.226,0.000,-1.000,-1.000,-1.000,-1.000,None,48.4,-1.0,0,4,0.00,0,0,0,0,0.00,2,0,0.000,0.000,-1,-1,-1,-1,-1,-1,-1,-1,-999,-1,-1,0,-1,-1,-1,-1.0,0,0.00,0,0,-1,-1,-1,-1,-1,-1,0,0
123,2.0500,ground,jumpCharge,250.000,-333.508,0.950,0.000,-7.573,0.000,7.573,7.573,1.600,0.00,0.00,0.00,0.00,0.000,0,,0,0.00,0.00,0.00,250.300,-329.204,1.550,-93.99,-2.85,58.00,4.356,0.000,0.00,1.00,0,1,1,0,0,0,-2.85,-8.01,-2.07,0.2379,0.0734,0.6530,1,4.356,0,0.580,0,jumpCharge,jumpCrouch,1.000,-1,0.027 0.456 -0.167 0.299 0.140 0.298 -0.188 -0.342 0.185 -0.343,250.30,-329.06,1.55,-2.82,-93.97,89.16,-1,-1,-1,-1,0.437,0.309 0.309 -0.341 -0.341,-1.0,0,-1.000,-1.000,0.4995,0.00,,-1.000,0.0,0.0,0.0,,,41.6,41.6,0.0,,0.000,0.0,11.5,-1.00,-1.0,0.0,0,1500,-1.0,118.1,-1.0,0.0,0.00,5.00,-1,0,0.000,0,0.00,40.66,0,0,1,0.0,2,0.00,0.000,0.00,0.00,0.672,0.226,0.000,-1.000,-1.000,-1.000,-1.000,None,48.4,-1.0,0,4,0.00,0,0,0,0,0.00,2,0,0.000,0.000,-1,-1,-1,-1,-1,-1,-1,-1,-999,-1,-1,0,-1,-1,-1,-1.0,0,0.00,0,0,-1,-1,-1,-1,-1,-1,0,0
124,2.0667,ground,jumpCharge,250.000,-333.632,0.950,0.000,-7.350,0.000,7.350,7.350,1.600,0.00,0.00,0.00,0.00,0.000,0,,0,0.00,0.00,0.00,250.300,-329.341,1.550,-94.00,-2.87,58.00,4.343,0.000,0.00,1.00,0,1,1,0,0,0,-2.87,-8.01,-2.08,0.2385,0.0736,0.6533,1,4.343,0,0.580,0,jumpCharge,jumpCrouch,1.000,-1,0.027 0.455 -0.167 0.301 0.140 0.300 -0.188 -0.341 0.185 -0.342,250.30,-329.20,1.55,-2.85,-93.99,89.16,-1,-1,-1,-1,0.437,0.311 0.311 -0.341 -0.341,-1.0,0,-1.000,-1.000,0.4995,-0.00,,-1.000,0.0,0.0,0.0,,,41.6,41.6,0.0,,0.000,0.0,11.5,-1.00,-1.0,0.0,0,1500,-1.0,118.1,-1.0,0.0,0.00,5.00,-1,0,0.000,0,0.00,40.66,0,0,1,0.0,2,0.00,0.000,0.00,0.00,0.673,0.226,0.000,-1.000,-1.000,-1.000,-1.000,None,48.4,-1.0,0,4,0.00,0,0,0,0,0.00,2,0,0.000,0.000,-1,-1,-1,-1,-1,-1,-1,-1,-999,-1,-1,0,-1,-1,-1,-1.0,0,0.00,0,0,-1,-1,-1,-1,-1,-1,0,0
125,2.0833,ground,jumpCharge,250.000,-333.752,0.950,0.000,-7.127,0.000,7.127,7.127,1.600,0.00,0.00,0.00,0.00,0.000,0,,0,0.00,0.00,0.00,250.300,-329.474,1.550,-94.01,-2.90,58.00,4.329,0.000,0.00,1.00,0,1,1,0,0,0,-2.90,-8.01,-2.10,0.2391,0.0738,0.6536,1,4.329,0,0.580,0,jumpCharge,jumpCrouch,1.000,-1,0.027 0.455 -0.167 0.303 0.140 0.302 -0.188 -0.341 0.185 -0.342,250.30,-329.34,1.55,-2.87,-94.00,89.16,-1,-1,-1,-1,0.436,0.313 0.313 -0.341 -0.341,-1.0,0,-1.000,-1.000,0.4995,-0.00,,-1.000,0.0,0.0,0.0,,,41.7,41.7,0.0,,0.000,0.0,11.5,-1.00,-1.0,0.0,0,1500,-1.0,118.1,-1.0,0.0,0.00,5.00,-1,0,0.000,0,0.00,40.66,0,0,1,0.0,2,0.00,0.000,0.00,0.00,0.675,0.226,0.000,-1.000,-1.000,-1.000,-1.000,None,48.3,-1.0,0,4,0.00,0,0,0,0,0.00,2,0,0.000,0.000,-1,-1,-1,-1,-1,-1,-1,-1,-999,-1,-1,0,-1,-1,-1,-1.0,0,0.00,0,0,-1,-1,-1,-1,-1,-1,0,0
126,2.1000,ground,jumpCharge,250.000,-333.868,0.950,0.000,-6.905,0.000,6.905,6.905,1.600,0.00,0.00,0.00,0.00,0.000,0,,0,0.00,0.00,0.00,250.300,-329.604,1.550,-94.02,-2.92,58.00,4.316,0.000,0.00,1.00,0,1,1,0,0,0,-2.92,-8.01,-2.12,0.2398,0.0740,0.6538,1,4.316,0,0.580,0,jumpCharge,jumpCrouch,1.000,-1,0.027 0.455 -0.167 0.305 0.140 0.304 -0.188 -0.340 0.185 -0.342,250.30,-329.47,1.55,-2.90,-94.01,89.16,-1,-1,-1,-1,0.436,0.314 0.314 -0.340 -0.340,-1.0,0,-1.000,-1.000,0.4995,0.00,,-1.000,0.0,0.0,0.0,,,41.7,41.7,0.0,,0.000,0.0,11.5,-1.00,-1.0,0.0,0,1500,-1.0,118.1,-1.0,0.0,0.00,5.00,-1,0,0.000,0,0.00,40.66,0,0,1,0.0,2,0.00,0.000,0.00,0.00,0.676,0.226,0.000,-1.000,-1.000,-1.000,-1.000,None,48.3,-1.0,0,4,0.00,0,0,0,0,0.00,2,0,0.000,0.000,-1,-1,-1,-1,-1,-1,-1,-1,-999,-1,-1,0,-1,-1,-1,-1.0,0,0.00,0,0,-1,-1,-1,-1,-1,-1,0,0
127,2.1167,ground,jumpCharge,250.000,-333.980,0.950,0.000,-6.682,0.000,6.682,6.682,1.600,0.00,0.00,0.00,0.00,0.000,0,,0,0.00,0.00,0.00,250.300,-329.730,1.550,-94.04,-2.95,58.00,4.303,0.000,0.00,1.00,0,1,1,0,0,0,-2.95,-8.01,-2.13,0.2404,0.0743,0.6541,1,4.303,0,0.580,0,jumpCharge,jumpCrouch,1.000,-1,0.027 0.455 -0.167 0.306 0.140 0.305 -0.188 -0.340 0.185 -0.341,250.30,-329.60,1.55,-2.92,-94.02,89.16,-1,-1,-1,-1,0.436,0.316 0.316 -0.340 -0.340,-1.0,0,-1.000,-1.000,0.4995,-0.00,,-1.000,0.0,0.0,0.0,,,41.7,41.7,0.0,,0.000,0.0,11.5,-1.00,-1.0,0.0,0,1500,-1.0,118.1,-1.0,0.0,0.00,5.00,-1,0,0.000,0,0.00,40.66,0,0,1,0.0,2,0.00,0.000,0.00,0.00,0.678,0.226,0.000,-1.000,-1.000,-1.000,-1.000,None,48.3,-1.0,0,4,0.00,0,0,0,0,0.00,2,0,0.000,0.000,-1,-1,-1,-1,-1,-1,-1,-1,-999,-1,-1,0,-1,-1,-1,-1.0,0,0.00,0,0,-1,-1,-1,-1,-1,-1,0,0
128,2.1333,ground,jumpCharge,250.000,-334.088,0.950,0.000,-6.459,0.000,6.459,6.459,1.600,0.00,0.00,0.00,0.00,0.000,0,,0,0.00,0.00,0.00,250.300,-329.852,1.550,-94.05,-2.97,58.00,4.289,0.000,0.00,1.00,0,1,1,0,0,0,-2.97,-8.01,-2.15,0.2411,0.0745,0.6544,1,4.289,0,0.580,0,jumpCharge,jumpCrouch,1.000,-1,0.027 0.455 -0.167 0.308 0.140 0.307 -0.188 -0.340 0.185 -0.341,250.30,-329.73,1.55,-2.95,-94.04,89.16,-1,-1,-1,-1,0.436,0.318 0.318 -0.339 -0.339,-1.0,0,-1.000,-1.000,0.4995,-0.00,,-1.000,0.0,0.0,0.0,,,41.8,41.8,0.0,,0.000,0.0,11.5,-1.00,-1.0,0.0,0,1500,-1.0,118.1,-1.0,0.0,0.00,5.00,-1,0,0.000,0,0.00,40.66,0,0,1,0.0,2,0.00,0.000,0.00,0.00,0.679,0.226,0.000,-1.000,-1.000,-1.000,-1.000,None,48.2,-1.0,0,4,0.00,0,0,0,0,0.00,2,0,0.000,0.000,-1,-1,-1,-1,-1,-1,-1,-1,-999,-1,-1,0,-1,-1,-1,-1.0,0,0.00,0,0,-1,-1,-1,-1,-1,-1,0,0
129,2.1500,ground,jumpCharge,250.000,-334.193,0.950,0.000,-6.236,0.000,6.236,6.236,1.600,0.00,0.00,0.00,0.00,0.000,0,,0,0.00,0.00,0.00,250.300,-329.971,1.550,-94.06,-3.00,58.00,4.276,0.000,0.00,1.00,0,1,1,0,0,0,-3.00,-8.01,-2.17,0.2418,0.0747,0.6547,1,4.276,0,0.580,0,jumpCharge,jumpCrouch,1.000,-1,0.028 0.455 -0.168 0.310 0.140 0.309 -0.188 -0.339 0.185 -0.341,250.30,-329.85,1.55,-2.97,-94.05,89.16,-1,-1,-1,-1,0.435,0.320 0.320 -0.339 -0.339,-1.0,0,-1.000,-1.000,0.4995,0.00,,-1.000,0.0,0.0,0.0,,,41.8,41.8,0.0,,0.000,0.0,11.5,-1.00,-1.0,0.0,0,1500,-1.0,118.1,-1.0,0.0,0.00,5.00,-1,0,0.000,0,0.00,40.66,0,0,1,0.0,2,0.00,0.000,0.00,0.00,0.680,0.226,0.000,-1.000,-1.000,-1.000,-1.000,None,48.2,-1.0,0,4,0.00,0,0,0,0,0.00,2,0,0.000,0.000,-1,-1,-1,-1,-1,-1,-1,-1,-999,-1,-1,0,-1,-1,-1,-1.0,0,0.00,0,0,-1,-1,-1,-1,-1,-1,0,0
130,2.1667,ground,jumpCharge,250.000,-334.294,0.950,0.000,-6.014,0.000,6.014,6.014,1.600,0.00,0.00,0.00,0.00,0.000,0,,0,0.00,0.00,0.00,250.300,-330.086,1.550,-94.08,-3.02,58.00,4.262,0.000,0.00,1.00,0,1,1,0,0,0,-3.02,-8.01,-2.18,0.2424,0.0750,0.6549,1,4.262,0,0.580,0,jumpCharge,jumpCrouch,1.000,-1,0.028 0.455 -0.168 0.311 0.140 0.310 -0.188 -0.339 0.185 -0.340,250.30,-329.97,1.55,-3.00,-94.06,89.16,-1,-1,-1,-1,0.435,0.321 0.321 -0.339 -0.339,-1.0,0,-1.000,-1.000,0.4995,-0.00,,-1.000,0.0,0.0,0.0,,,41.8,41.8,0.0,,0.000,0.0,11.5,-1.00,-1.0,0.0,0,1500,-1.0,118.1,-1.0,0.0,0.00,5.00,-1,0,0.000,0,0.00,40.66,0,0,1,0.0,2,0.00,0.000,0.00,0.00,0.681,0.226,0.000,-1.000,-1.000,-1.000,-1.000,None,48.2,-1.0,0,4,0.00,0,0,0,0,0.00,2,0,0.000,0.000,-1,-1,-1,-1,-1,-1,-1,-1,-999,-1,-1,0,-1,-1,-1,-1.0,0,0.00,0,0,-1,-1,-1,-1,-1,-1,0,0
131,2.1833,ground,jumpCharge,250.000,-334.392,0.950,0.000,-5.791,0.000,5.791,5.791,1.600,0.00,0.00,0.00,0.00,0.000,0,,0,0.00,0.00,0.00,250.300,-330.197,1.550,-94.09,-3.05,58.00,4.248,0.000,0.00,1.00,0,1,1,0,0,0,-3.05,-8.01,-2.20,0.2431,0.0752,0.6552,1,4.248,0,0.580,0,jumpCharge,jumpCrouch,1.000,-1,0.028 0.455 -0.168 0.313 0.140 0.311 -0.188 -0.339 0.185 -0.340,250.30,-330.09,1.55,-3.02,-94.08,89.16,-1,-1,-1,-1,0.435,0.323 0.323 -0.339 -0.339,-1.0,0,-1.000,-1.000,0.4995,0.00,,-1.000,0.0,0.0,0.0,,,41.9,41.9,0.0,,0.000,0.0,11.5,-1.00,-1.0,0.0,0,1500,-1.0,118.0,-1.0,0.0,0.00,5.00,-1,0,0.000,0,0.00,40.66,0,0,1,0.0,2,0.00,0.000,0.00,0.00,0.682,0.226,0.000,-1.000,-1.000,-1.000,-1.000,None,48.1,-1.0,0,4,0.00,0,0,0,0,0.00,2,0,0.000,0.000,-1,-1,-1,-1,-1,-1,-1,-1,-999,-1,-1,0,-1,-1,-1,-1.0,0,0.00,0,0,-1,-1,-1,-1,-1,-1,0,0
132,2.2000,air,jumpLaunch,250.000,-334.451,1.084,0.000,-7.124,16.075,17.583,7.124,1.734,0.00,0.00,0.00,0.00,0.000,0,,0,0.00,0.00,0.00,250.300,-330.335,1.569,-94.17,-1.72,58.00,4.156,0.000,0.00,1.00,0,0,1,0,0,0,-1.72,-7.84,-2.22,0.2490,0.0772,0.6568,1,4.156,0,0.579,0,jumpCharge,jumpCrouch,1.000,-1,0.027 0.456 -0.169 0.313 0.139 0.312 -0.188 -0.339 0.186 -0.340,250.30,-330.20,1.55,-3.05,-94.09,89.16,-1,-1,-1,-1,0.445,0.319 0.319 -0.339 -0.339,-1.0,0,-1.000,-1.000,0.4994,-0.00,,-1.000,0.0,0.0,0.0,,,40.3,40.3,0.0,,0.000,0.0,11.5,-1.00,-1.0,0.0,0,1500,-1.0,118.0,-1.0,0.0,0.00,5.00,-1,0,0.000,0,0.00,40.52,0,0,1,0.0,2,0.00,0.000,0.00,0.00,0.683,0.226,0.000,-1.000,-1.000,-1.000,-1.000,None,16.4,-1.0,0,4,0.00,0,0,0,0,0.00,2,0,0.000,0.000,-1,-1,-1,-1,-1,-1,-1,-1,-999,-1,-1,0,-1,-1,-1,-1.0,0,0.00,0,0,-1,-1,-1,-1,-1,-1,0,0
133,2.2167,air,jumpLaunch,250.000,-334.573,1.347,0.000,-7.391,15.675,17.330,7.391,0.457,0.00,0.00,0.00,0.00,0.000,0,,0,0.00,0.00,0.00,250.300,-330.501,1.640,-94.21,0.68,58.01,4.094,0.000,0.00,1.00,0,0,1,0,0,0,0.68,-7.38,-2.23,0.2489,0.0782,0.6552,1,4.094,0,0.576,0,jumpLaunch,jumpCrouch,1.000,2,0.026 0.448 -0.170 0.318 0.138 0.319 -0.187 -0.339 0.187 -0.338,250.30,-330.33,1.57,-1.72,-94.17,89.16,-1,-1,-1,-1,0.452,0.316 0.316 -0.339 -0.338,-1.0,0,-1.000,-1.000,0.5000,-0.00,,-1.000,0.0,0.0,0.0,,,39.3,39.3,-0.1,,0.000,0.0,11.5,-1.00,-1.0,0.0,0,1500,-1.0,117.7,-1.0,0.0,0.00,5.00,-1,0,0.000,0,0.00,40.52,0,0,1,0.0,4,0.00,0.000,0.00,0.00,0.684,0.226,0.000,-1.000,-1.000,-1.000,-1.000,None,14.0,-1.0,0,4,0.00,0,0,0,0,0.00,2,0,0.000,0.000,-1,-1,-1,-1,-1,-1,-1,-1,-999,-1,-1,0,-1,-1,-1,-1.0,0,0.00,0,0,-1,-1,-1,-1,-1,-1,0,0
134,2.2333,air,jumpLaunch,250.000,-334.700,1.603,0.000,-7.658,15.275,17.087,7.658,0.653,0.00,0.00,0.00,0.00,0.000,0,,0,0.00,0.00,0.00,250.300,-330.672,1.803,-94.26,1.66,58.02,4.044,0.000,0.00,1.00,0,0,1,0,0,0,1.66,-6.75,-2.25,0.2502,0.0793,0.6519,1,4.044,0,0.571,0,jumpLaunch,jumpCrouch,1.000,2,0.023 0.446 -0.173 0.317 0.135 0.321 -0.184 -0.341 0.190 -0.336,250.30,-330.50,1.64,0.68,-94.21,89.17,-1,-1,-1,-1,0.456,0.312 0.315 -0.341 -0.337,-1.0,0,-1.000,-1.000,0.5009,-0.00,,-1.000,0.0,0.0,0.0,,,38.6,38.6,-0.5,,0.000,0.0,11.5,-1.00,-1.0,0.0,0,1500,-1.0,117.3,-1.0,0.0,0.00,5.00,-1,0,0.000,0,0.00,40.52,0,0,1,0.0,2,0.00,0.000,0.00,0.00,0.684,0.226,0.000,-1.000,-1.000,-1.000,-1.000,None,12.0,-1.0,0,4,0.00,0,0,0,0,0.00,2,0,0.000,0.000,-1,-1,-1,-1,-1,-1,-1,-1,-999,-1,-1,0,-1,-1,-1,-1.0,0,0.00,0,0,-1,-1,-1,-1,-1,-1,0,0
135,2.2500,air,jumpLaunch,250.000,-334.831,1.853,0.000,-7.924,14.875,16.854,7.924,0.903,0.00,0.00,0.00,0.00,0.000,0,,0,0.00,0.00,0.00,250.300,-330.839,2.053,-94.30,1.28,58.03,4.008,0.000,0.00,1.00,0,0,1,0,0,0,1.28,-6.01,-2.27,0.2512,0.0807,0.6465,1,4.008,0,0.565,0,jumpLaunch,jumpCrouch,1.000,2,0.017 0.449 -0.177 0.311 0.130 0.318 -0.179 -0.342 0.194 -0.333,250.30,-330.67,1.80,1.66,-94.26,89.18,-1,-1,-1,-1,0.458,0.306 0.313 -0.342 -0.333,-1.0,0,-1.000,-1.000,0.5019,0.00,,-1.000,0.0,0.0,0.0,,,38.4,38.4,-1.2,,0.000,0.0,11.5,-1.00,-1.0,0.0,0,1500,-1.0,117.1,-1.0,0.0,0.00,5.00,-1,0,0.000,0,0.00,40.52,0,0,1,0.0,2,0.00,0.000,0.00,0.00,0.680,0.226,0.000,-1.000,-1.000,-1.000,-1.000,None,10.4,-1.0,0,4,0.00,0,0,0,0,0.00,2,0,0.000,0.000,-1,-1,-1,-1,-1,-1,-1,-1,-999,-1,-1,0,-1,-1,-1,-1.0,0,0.00,0,0,-1,-1,-1,-1,-1,-1,0,0
136,2.2667,air,jumpLaunch,250.000,-334.966,2.096,0.000,-8.191,14.475,16.632,8.191,1.146,0.00,0.00,0.00,0.00,0.000,0,,0,0.00,0.00,0.00,250.300,-331.000,2.296,-94.33,0.88,58.04,3.983,0.000,0.00,1.00,0,0,1,0,0,0,0.88,-5.22,-2.28,0.2521,0.0830,0.6419,1,3.983,0,0.559,0,jumpLaunch,jumpCrouch,1.000,2,0.010 0.450 -0.184 0.305 0.124 0.318 -0.173 -0.341 0.200 -0.324,250.30,-330.84,2.05,1.28,-94.30,89.19,-1,-1,-1,-1,0.456,0.302 0.315 -0.341 -0.325,-1.0,0,-1.000,-1.000,0.5029,-0.00,,-1.000,0.0,0.0,0.0,,,38.7,38.7,-2.3,,0.000,0.0,11.5,-1.00,-1.0,0.0,0,1500,-1.0,117.1,-1.0,0.0,0.00,5.00,-1,0,0.000,0,0.00,40.52,0,0,1,0.0,2,0.00,0.000,0.00,0.00,0.674,0.226,0.000,-1.000,-1.000,-1.000,-1.000,None,9.4,-1.0,0,4,0.00,0,0,0,0,0.00,2,0,0.000,0.000,-1,-1,-1,-1,-1,-1,-1,-1,-999,-1,-1,0,-1,-1,-1,-1.0,0,0.00,0,0,-1,-1,-1,-1,-1,-1,0,0
137,2.2833,air,jumpLaunch,250.000,-335.106,2.332,0.000,-8.458,14.075,16.421,8.458,1.382,0.00,0.00,0.00,0.00,0.000,0,,0,0.00,0.00,0.00,250.300,-331.155,2.532,-94.34,0.46,58.06,3.967,0.000,0.00,1.00,0,0,1,0,0,0,0.46,-4.43,-2.30,0.2514,0.0856,0.6379,1,3.967,0,0.553,0,jumpLaunch,jumpLaunchHigh,1.000,2,0.001 0.447 -0.192 0.302 0.118 0.322 -0.166 -0.335 0.206 -0.311,250.30,-331.00,2.30,0.88,-94.33,89.21,-1,-1,-1,-1,0.450,0.300 0.321 -0.335 -0.311,-1.0,0,-1.000,-1.000,0.5040,-0.00,,-1.000,0.0,0.0,0.0,,,39.6,39.6,-3.4,,0.000,0.0,11.5,-1.00,-1.0,0.0,0,1500,-1.0,117.1,-1.0,0.0,0.00,5.00,-1,0,0.000,0,0.00,40.52,0,0,1,0.0,2,0.00,0.000,0.00,0.00,0.665,0.225,0.000,-1.000,-1.000,-1.000,-1.000,None,9.0,-1.0,0,4,0.00,0,0,0,0,0.00,2,0,0.000,0.000,-1,-1,-1,-1,-1,-1,-1,-1,-999,-1,-1,0,-1,-1,-1,-1.0,0,0.00,0,0,-1,-1,-1,-1,-1,-1,0,0
138,2.3000,air,jumpLaunch,250.000,-335.250,2.561,0.000,-8.724,13.675,16.221,8.724,1.611,0.00,0.00,0.00,0.00,0.000,0,,0,0.00,0.00,0.00,250.300,-331.306,2.761,-94.35,0.05,58.07,3.961,0.000,0.00,1.00,0,0,1,0,0,0,0.05,-3.66,-2.32,0.2510,0.0890,0.6335,1,3.961,0,0.546,0,jumpLaunch,jumpLaunchHigh,1.000,2,-0.007 0.442 -0.205 0.312 0.114 0.340 -0.160 -0.333 0.212 -0.300,250.30,-331.16,2.53,0.46,-94.34,89.23,-1,-1,-1,-1,0.443,0.312 0.340 -0.333 -0.300,-1.0,0,-1.000,-1.000,0.5047,-0.00,,-1.000,0.0,0.0,0.0,,,40.7,40.6,-4.6,,0.000,0.0,11.5,-1.00,-1.0,0.0,0,1500,-1.0,117.2,-1.0,0.0,0.00,5.00,-1,0,0.000,0,0.00,39.04,0,0,1,0.0,2,0.00,0.000,0.00,0.00,0.671,0.225,0.000,-1.000,-1.000,-1.000,-1.000,None,8.8,-1.0,0,4,0.00,0,0,0,0,0.00,2,0,0.000,0.000,-1,-1,-1,-1,-1,-1,-1,-1,-999,-1,-1,0,-1,-1,-1,-1.0,0,0.00,0,0,-1,-1,-1,-1,-1,-1,0,0
139,2.3167,air,jumpLaunch,250.000,-335.399,2.784,0.000,-8.991,13.275,16.033,8.991,1.834,0.00,0.00,0.00,0.00,0.000,0,,0,0.00,0.00,0.00,250.300,-331.455,2.984,-94.35,-0.35,58.09,3.961,0.000,0.00,1.00,0,0,1,0,0,0,-0.35,-2.92,-2.33,0.2536,0.0925,0.6275,1,3.961,0,0.540,0,jumpLaunch,jumpLaunchHigh,1.000,2,-0.013 0.436 -0.221 0.331 0.112 0.366 -0.155 -0.331 0.217 -0.291,250.30,-331.31,2.76,0.05,-94.35,89.24,-1,-1,-1,-1,0.434,0.332 0.368 -0.331 -0.290,-1.0,0,-1.000,-1.000,0.5049,0.00,,-1.000,0.0,0.0,0.0,,,42.0,41.8,-5.6,,0.000,0.0,11.5,-1.00,-1.0,0.0,0,1500,-1.0,117.3,-1.0,0.0,0.00,5.00,-1,0,0.000,0,0.00,39.04,0,0,1,0.0,2,0.00,0.000,0.00,0.00,0.686,0.226,0.000,-1.000,-1.000,-1.000,-1.000,None,8.8,-1.0,0,4,0.00,0,0,0,0,0.00,2,0,0.000,0.000,-1,-1,-1,-1,-1,-1,-1,-1,-999,-1,-1,0,-1,-1,-1,-1.0,0,0.00,0,0,-1,-1,-1,-1,-1,-1,0,0
140,2.3333,air,jumpLaunch,250.000,-335.549,3.001,0.000,-9.000,12.875,15.709,9.000,2.051,0.00,0.00,0.00,0.00,0.000,0,,0,0.00,0.00,0.00,250.300,-331.603,3.201,-94.35,-0.74,58.10,3.963,0.000,0.00,1.00,0,0,1,0,0,0,-0.74,-2.23,-2.35,0.2560,0.0941,0.6172,1,3.963,0,0.534,0,jumpLaunch,jumpLaunchHigh,1.000,2,-0.017 0.434 -0.226 0.330 0.107 0.369 -0.150 -0.339 0.220 -0.295,250.30,-331.45,2.98,-0.35,-94.35,89.26,-1,-1,-1,-1,0.429,0.332 0.372 -0.339 -0.295,-1.0,0,-1.000,-1.000,0.5050,0.00,,-1.000,0.0,0.0,0.0,,,42.7,42.5,-6.2,,0.000,0.0,11.5,-1.00,-1.0,0.0,0,1500,-1.0,117.3,-1.0,0.0,0.00,5.00,-1,0,0.000,0,0.00,39.04,0,0,1,0.0,2,0.00,0.000,0.00,0.00,0.693,0.228,0.000,-1.000,-1.000,-1.000,-1.000,None,8.9,-1.0,0,4,0.00,0,0,0,0,0.00,2,0,0.000,0.000,-1,-1,-1,-1,-1,-1,-1,-1,-999,-1,-1,0,-1,-1,-1,-1.0,0,0.00,0,0,-1,-1,-1,-1,-1,-1,0,0
141,2.3500,air,jumpLaunch,250.000,-335.699,3.210,0.000,-9.000,12.475,15.383,9.000,2.260,0.00,0.00,0.00,0.00,0.000,0,,0,0.00,0.00,0.00,250.300,-331.751,3.410,-94.35,-1.11,58.12,3.965,0.000,0.00,1.00,0,0,1,0,0,0,-1.11,-1.59,-2.37,0.2582,0.0945,0.6063,1,3.965,0,0.528,0,jumpLaunch,jumpLaunchHigh,1.000,2,-0.017 0.433 -0.225 0.329 0.105 0.368 -0.149 -0.350 0.221 -0.306,250.30,-331.60,3.20,-0.74,-94.35,89.28,-1,-1,-1,-1,0.425,0.332 0.372 -0.349 -0.304,-1.0,0,-1.000,-1.000,0.5046,0.00,,-1.000,0.0,0.0,0.0,,,43.3,43.1,-6.3,,0.000,0.0,11.5,-1.00,-1.0,0.0,0,1500,-1.0,117.4,-1.0,0.0,0.00,5.00,-1,0,0.000,0,0.00,39.04,0,0,1,0.0,2,0.00,0.000,0.00,0.00,0.701,0.229,0.000,-1.000,-1.000,-1.000,-1.000,None,8.6,-1.0,0,4,0.00,0,0,0,0,0.00,2,0,0.000,0.000,-1,-1,-1,-1,-1,-1,-1,-1,-999,-1,-1,0,-1,-1,-1,-1.0,0,0.00,0,0,-1,-1,-1,-1,-1,-1,0,0
142,2.3667,air,rise,250.000,-335.849,3.413,0.000,-9.000,12.075,15.060,9.000,2.463,0.00,0.00,0.00,0.00,0.000,0,,0,0.00,0.00,0.00,250.300,-331.899,3.613,-94.34,-1.45,58.13,3.966,0.000,0.00,1.00,0,0,1,0,0,0,-1.45,-1.02,-2.38,0.2630,0.0882,0.5946,1,3.966,0,0.523,0,jumpLaunch,jumpLaunchHigh,1.000,2,-0.015 0.447 -0.165 0.198 0.085 0.225 -0.152 -0.380 0.221 -0.340,250.30,-331.75,3.41,-1.11,-94.35,89.30,-1,-1,-1,-1,0.437,0.202 0.230 -0.379 -0.338,-1.0,0,-1.000,-1.000,0.5064,0.00,,-1.000,0.0,0.0,0.0,,,41.5,41.3,-5.7,,0.000,0.0,11.5,-1.00,-1.0,0.0,0,1500,-1.0,117.5,-1.0,0.0,0.00,5.00,-1,0,0.000,0,0.00,39.04,0,0,1,0.0,2,0.00,0.000,0.00,0.00,0.596,0.238,0.000,-1.000,-1.000,-1.000,-1.000,None,6.3,-1.0,0,4,0.00,0,0,0,0,0.00,2,0,0.000,0.000,-1,-1,-1,-1,-1,-1,-1,-1,-999,-1,-1,0,-1,-1,-1,-1.0,0,0.00,0,0,-1,-1,-1,-1,-1,-1,0,0
143,2.3833,air,rise,250.000,-335.999,3.609,0.000,-9.000,11.675,14.741,9.000,2.659,0.00,0.00,0.00,0.00,0.000,0,,0,0.00,0.00,0.00,250.300,-332.048,3.809,-94.34,-1.77,58.14,3.968,0.000,0.00,1.00,0,0,1,0,0,0,-1.77,-0.50,-2.40,0.2725,0.0830,0.5801,1,3.968,0,0.518,0,air_rise,jumpLaunchHigh,1.000,2,-0.007 0.463 -0.109 0.076 0.071 0.091 -0.159 -0.408 0.213 -0.377,250.30,-331.90,3.61,-1.45,-94.34,89.31,-1,-1,-1,-1,0.452,0.080 0.096 -0.406 -0.375,-1.0,0,-1.000,-1.000,0.5061,0.00,,-1.000,0.0,0.0,0.0,,,39.3,39.2,-4.4,,0.000,0.0,11.5,-1.00,-1.0,0.0,0,1500,-1.0,117.5,-1.0,0.0,0.00,5.00,-1,0,0.000,0,0.00,39.04,0,0,1,0.0,2,0.00,0.000,0.00,0.00,0.489,0.244,0.000,-1.000,-1.000,-1.000,-1.000,None,3.8,-1.0,0,4,0.00,0,0,0,0,0.00,2,0,0.000,0.000,-1,-1,-1,-1,-1,-1,-1,-1,-999,-1,-1,0,-1,-1,-1,-1.0,0,0.00,0,0,-1,-1,-1,-1,-1,-1,0,0
144,2.4000,air,rise,250.000,-336.149,3.799,0.000,-9.000,11.275,14.427,9.000,2.849,0.00,0.00,0.00,0.00,0.000,0,,0,0.00,0.00,0.00,250.300,-332.197,3.999,-94.34,-2.07,58.15,3.968,0.000,0.00,1.00,0,0,1,0,0,0,-2.07,-0.04,-2.42,0.3021,0.0808,0.5657,1,3.968,0,0.513,0,air_rise,jumpLaunchHigh,1.000,2,0.000 0.509 -0.046 -0.081 0.072 -0.075 -0.166 -0.485 0.199 -0.469,250.30,-332.05,3.81,-1.77,-94.34,89.33,-1,-1,-1,-1,0.499,-0.085 -0.079 -0.482 -0.465,-1.0,0,-1.000,-1.000,0.5033,-0.00,,-1.000,0.0,0.0,0.0,,,31.5,31.4,-2.6,,0.000,0.0,11.5,-1.00,-1.0,0.0,0,1500,-1.0,117.6,-1.0,0.0,0.00,5.00,-1,0,0.000,0,0.00,37.81,0,0,1,0.0,2,0.00,0.000,0.00,0.00,0.300,0.257,0.000,-1.000,-1.000,-1.000,-1.000,None,7.5,-1.0,0,4,0.00,0,0,0,0,0.00,2,0,0.000,0.000,-1,-1,-1,-1,-1,-1,-1,-1,-999,-1,-1,0,-1,-1,-1,-1.0,0,0.00,0,0,-1,-1,-1,-1,-1,-1,0,0
145,2.4167,air,rise,250.000,-336.299,3.982,0.000,-9.000,10.875,14.116,9.000,3.032,0.00,0.00,0.00,0.00,0.000,0,,0,0.00,0.00,0.00,250.300,-332.346,4.182,-94.34,-2.34,58.16,3.969,0.000,0.00,1.00,0,0,1,0,0,0,-2.34,0.37,-2.43,0.3317,0.0770,0.5524,1,3.969,0,0.509,0,air_rise,jumpLaunchHigh,1.000,2,0.015 0.546 -0.051 0.019 0.114 0.020 -0.174 -0.556 0.164 -0.558,250.30,-332.20,4.00,-2.07,-94.34,89.34,-1,-1,-1,-1,0.537,0.002 0.003 -0.553 -0.553,-1.0,0,-1.000,-1.000,0.4989,-0.00,,-1.000,0.0,0.0,0.0,,,23.5,23.5,-0.3,,0.000,0.0,11.5,-1.00,-1.0,0.0,0,1500,-1.0,117.6,-1.0,0.0,0.00,5.00,-1,0,0.000,0,0.00,37.81,0,0,1,0.0,2,0.00,0.000,0.00,0.00,0.379,0.260,0.000,-1.000,-1.000,-1.000,-1.000,None,16.1,-1.0,0,4,0.00,0,0,0,0,0.00,2,0,0.000,0.000,-1,-1,-1,-1,-1,-1,-1,-1,-999,-1,-1,0,-1,-1,-1,-1.0,0,0.00,0,0,-1,-1,-1,-1,-1,-1,0,0
146,2.4333,air,rise,250.000,-336.449,4.158,0.000,-9.000,10.475,13.810,9.000,3.208,0.00,0.00,0.00,0.00,0.000,0,,0,0.00,0.00,0.00,250.300,-332.496,4.358,-94.34,-2.58,58.17,3.970,0.000,0.00,1.00,0,0,1,0,0,0,-2.58,0.73,-2.45,0.3704,0.0829,0.5433,1,3.970,0,0.505,0,air_rise,jumpLaunchHigh,1.000,2,0.036 0.575 -0.097 0.295 0.195 0.281 -0.196 -0.654 0.117 -0.675,250.30,-332.35,4.18,-2.34,-94.34,89.35,-1,-1,-1,-1,0.570,0.272 0.258 -0.650 -0.668,-1.0,0,-1.000,-1.000,0.4982,0.00,,-1.000,0.0,0.0,0.0,,,14.0,13.8,2.5,,0.000,0.0,11.5,-1.00,-1.0,0.0,0,1500,-1.0,117.7,-1.0,0.0,0.00,5.00,-1,0,0.000,0,0.00,37.81,0,0,1,0.0,2,0.00,0.000,0.00,0.00,0.732,0.263,0.000,-1.000,-1.000,-1.000,-1.000,None,26.9,-1.0,0,4,0.00,0,0,0,0,0.00,2,0,0.000,0.000,-1,-1,-1,-1,-1,-1,-1,-1,-999,-1,-1,0,-1,-1,-1,-1.0,0,0.00,0,0,-1,-1,-1,-1,-1,-1,0,0
147,2.4500,air,rise,250.000,-336.599,4.328,0.000,-9.000,10.075,13.509,9.000,3.378,0.00,0.00,0.00,0.00,0.000,0,,0,0.00,0.00,0.00,250.300,-332.645,4.528,-94.34,-2.80,58.18,3.970,0.000,0.00,1.00,0,0,1,0,0,0,-2.80,1.03,-2.47,0.4127,0.0963,0.5263,1,3.970,0,0.501,0,air_rise,jumpLaunchHigh,1.000,2,0.063 0.585 -0.113 0.575 0.280 0.533 -0.222 -0.729 0.048 -0.763,250.30,-332.50,4.36,-2.58,-94.34,89.36,-1,-1,-1,-1,0.583,0.554 0.513 -0.723 -0.755,-1.0,0,-1.000,-1.000,0.5014,0.00,,-1.000,0.0,0.0,0.0,,,7.4,4.5,5.8,,0.000,0.0,11.5,-1.00,-1.0,0.0,0,1500,-1.0,117.7,-1.0,0.0,0.00,5.00,-1,0,0.000,0,0.00,37.81,0,0,1,0.0,2,0.00,0.000,0.00,0.00,1.014,0.252,0.000,-1.000,-1.000,-1.000,-1.000,None,37.6,-1.0,0,4,0.00,0,0,0,0,0.00,2,0,0.000,0.000,-1,-1,-1,-1,-1,-1,-1,-1,-999,-1,-1,0,-1,-1,-1,-1.0,0,0.00,0,0,-1,-1,-1,-1,-1,-1,0,0
148,2.4667,air,rise,250.000,-336.749,4.491,0.000,-9.000,9.675,13.214,9.000,3.541,0.00,0.00,0.00,0.00,0.000,0,,0,0.00,0.00,0.00,250.300,-332.795,4.691,-94.34,-2.99,58.19,3.970,0.000,0.00,1.00,0,0,1,0,0,0,-2.99,1.30,-2.48,0.4765,0.1153,0.5016,1,3.970,0,0.498,0,air_rise,jumpLaunchHigh,1.000,2,0.097 0.580 -0.086 0.746 0.358 0.670 -0.275 -0.797 -0.020 -0.842,250.30,-332.65,4.53,-2.80,-94.34,89.37,-1,-1,-1,-1,0.581,0.730 0.655 -0.790 -0.831,-1.0,0,-1.000,-1.000,0.5042,-0.00,,-1.000,0.0,0.0,0.0,,,9.5,-0.6,9.5,,0.000,0.0,11.5,-1.00,-1.0,0.0,0,1500,-1.0,117.7,-1.0,0.0,0.00,5.00,-1,0,0.000,0,0.00,37.81,0,0,1,0.0,2,0.00,0.000,0.00,0.00,1.197,0.241,0.000,-1.000,-1.000,-1.000,-1.000,None,44.3,-1.0,0,4,0.00,0,0,0,0,0.00,2,0,0.000,0.000,-1,-1,-1,-1,-1,-1,-1,-1,-999,-1,-1,0,-1,-1,-1,-1.0,0,0.00,0,0,-1,-1,-1,-1,-1,-1,0,0
149,2.4833,air,rise,250.000,-336.899,4.647,0.000,-9.000,9.275,12.924,9.000,3.697,0.00,0.00,0.00,0.00,0.000,0,,0,0.00,0.00,0.00,250.300,-332.945,4.851,-94.34,-3.22,58.19,3.971,0.000,0.00,1.00,0,0,1,0,0,0,-3.22,1.52,-2.50,0.5208,0.1358,0.4760,1,3.971,0,0.496,0,air_rise,jumpLaunchHigh,1.000,2,0.133 0.567 -0.031 0.864 0.432 0.752 -0.331 -0.822 -0.092 -0.873,250.30,-332.80,4.69,-2.99,-94.34,89.38,-1,-1,-1,-1,0.572,0.856 0.745 -0.814 -0.861,-1.0,0,-1.000,-1.000,0.5080,-0.00,,-1.000,0.0,0.0,0.0,,,14.5,-5.4,13.5,,0.000,0.0,11.5,-1.00,-1.0,0.0,0,1500,-1.0,117.8,-1.0,0.0,0.00,5.00,-1,0,0.000,0,0.00,37.81,0,0,1,0.0,2,0.00,0.000,0.00,0.00,1.299,0.226,0.000,-1.000,-1.000,-1.000,-1.000,None,50.8,-1.0,0,4,0.00,0,0,0,0,0.00,2,0,0.000,0.000,-1,-1,-1,-1,-1,-1,-1,-1,-999,-1,-1,0,-1,-1,-1,-1.0,0,0.00,0,0,-1,-1,-1,-1,-1,-1,0,0
150,2.5000,air,rise,250.000,-337.049,4.796,0.000,-9.000,8.875,12.640,9.000,3.846,0.00,0.00,0.00,0.00,0.000,0,,0,0.00,0.00,0.00,250.300,-333.095,5.009,-94.34,-3.49,58.20,3.971,0.000,0.00,1.00,0,0,1,0,0,0,-3.49,1.71,-2.52,0.5334,0.1543,0.4610,1,3.971,0,0.493,0,air_rise,jumpLaunchHigh,1.000,2,0.175 0.557 0.048 0.921 0.499 0.778 -0.388 -0.794 -0.150 -0.862,250.30,-332.95,4.85,-3.22,-94.34,89.39,-1,-1,-1,-1,0.562,0.914 0.771 -0.786 -0.848,-1.0,0,-1.000,-1.000,0.5102,-0.00,,-1.000,0.0,0.0,0.0,,,18.3,-4.9,17.7,,0.000,0.0,11.5,-1.00,-1.0,0.0,0,1500,-1.0,117.8,-1.0,0.0,0.00,5.00,-1,0,0.000,0,0.00,36.81,0,0,1,0.0,2,0.00,0.000,0.00,0.00,1.354,0.232,0.000,-1.000,-1.000,-1.000,-1.000,None,52.5,-1.0,0,4,0.00,0,0,0,0,0.00,2,0,0.000,0.000,-1,-1,-1,-1,-1,-1,-1,-1,-999,-1,-1,0,-1,-1,-1,-1.0,0,0.00,0,0,-1,-1,-1,-1,-1,-1,0,0
151,2.5167,air,rise,250.000,-337.199,4.939,0.000,-9.000,8.475,12.362,9.000,3.989,0.00,0.00,0.00,0.00,0.000,0,,0,0.00,0.00,0.00,250.300,-333.245,5.163,-94.34,-3.78,58.20,3.972,0.000,0.00,1.00,0,0,1,0,0,0,-3.78,1.87,-2.53,0.5419,0.1683,0.4487,1,3.972,0,0.491,0,air_rise,jumpLaunchHigh,1.000,2,0.205 0.546 0.119 0.955 0.547 0.792 -0.431 -0.770 -0.192 -0.853,250.30,-333.09,5.01,-3.49,-94.34,89.39,-1,-1,-1,-1,0.551,0.950 0.789 -0.762 -0.838,-1.0,0,-1.000,-1.000,0.5127,-0.00,,-1.000,0.0,0.0,0.0,,,21.4,-5.4,20.8,,0.000,0.0,11.5,-1.00,-1.0,0.0,0,1500,-1.0,117.9,-1.0,0.0,0.00,5.00,-1,0,0.000,0,0.00,36.81,0,0,1,0.0,2,0.00,0.000,0.00,0.00,1.392,0.239,0.000,-1.000,-1.000,-1.000,-1.000,None,55.0,-1.0,0,4,0.00,0,0,0,0,0.00,2,0,0.000,0.000,-1,-1,-1,-1,-1,-1,-1,-1,-999,-1,-1,0,-1,-1,-1,-1.0,0,0.00,0,0,-1,-1,-1,-1,-1,-1,0,0
152,2.5333,air,rise,250.000,-337.349,5.076,0.000,-9.000,8.075,12.092,9.000,4.126,0.00,0.00,0.00,0.00,0.000,0,,0,0.00,0.00,0.00,250.300,-333.395,5.313,-94.34,-4.09,58.20,3.973,0.000,0.00,1.00,0,0,1,0,0,0,-4.09,2.00,-2.55,0.5305,0.1770,0.4463,1,3.973,0,0.490,0,air_rise,jumpLaunchHigh,1.000,2,0.234 0.536 0.182 0.949 0.576 0.776 -0.464 -0.730 -0.224 -0.833,250.30,-333.24,5.16,-3.78,-94.34,89.39,-1,-1,-1,-1,0.542,0.941 0.769 -0.723 -0.817,-1.0,0,-1.000,-1.000,0.5134,-0.00,,-1.000,0.0,0.0,0.0,,,24.0,-4.3,23.7,,0.000,0.0,11.5,-1.00,-1.0,0.0,0,1500,-1.0,117.9,-1.0,0.0,0.00,5.00,-1,0,0.000,0,0.00,36.81,0,0,1,0.0,2,0.00,0.000,0.00,0.00,1.400,0.253,0.000,-1.000,-1.000,-1.000,-1.000,None,56.0,-1.0,0,4,0.00,0,0,0,0,0.00,2,0,0.000,0.000,-1,-1,-1,-1,-1,-1,-1,-1,-999,-1,-1,0,-1,-1,-1,-1.0,0,0.00,0,0,-1,-1,-1,-1,-1,-1,0,0
153,2.5500,air,rise,250.000,-337.499,5.205,0.000,-9.000,7.675,11.828,9.000,4.255,0.00,0.00,0.00,0.00,0.000,0,,0,0.00,0.00,0.00,250.300,-333.545,5.457,-94.34,-4.39,58.20,3.974,0.000,0.00,1.00,0,0,1,0,0,0,-4.39,2.10,-2.57,0.5159,0.1832,0.4458,1,3.974,0,0.488,0,air_rise,jumpLaunchHigh,1.000,2,0.259 0.525 0.234 0.933 0.598 0.754 -0.490 -0.686 -0.249 -0.812,250.30,-333.39,5.31,-4.09,-94.34,89.39,-1,-1,-1,-1,0.531,0.921 0.742 -0.680 -0.795,-1.0,0,-1.000,-1.000,0.5138,0.00,,-1.000,0.0,0.0,0.0,,,26.4,-3.5,26.3,,0.000,0.0,11.5,-1.00,-1.0,0.0,0,1500,-1.0,117.9,-1.0,0.0,0.00,5.00,-1,0,0.000,0,0.00,36.81,0,0,1,0.0,2,0.00,0.000,0.00,0.00,1.397,0.268,0.000,-1.000,-1.000,-1.000,-1.000,None,57.4,-1.0,0,4,0.00,0,0,0,0,0.00,2,0,0.000,0.000,-1,-1,-1,-1,-1,-1,-1,-1,-999,-1,-1,0,-1,-1,-1,-1.0,0,0.00,0,0,-1,-1,-1,-1,-1,-1,0,0
154,2.5667,air,rise,250.000,-337.649,5.328,0.000,-9.000,7.275,11.573,9.000,4.378,0.00,0.00,0.00,0.00,0.000,0,,0,0.00,0.00,0.00,250.300,-333.695,5.595,-94.34,-4.69,58.20,3.975,0.000,0.00,1.00,0,0,1,0,0,0,-4.69,2.18,-2.58,0.4956,0.1848,0.4475,1,3.975,0,0.487,0,air_rise,airRise,1.000,2,0.280 0.515 0.277 0.901 0.603 0.724 -0.502 -0.631 -0.264 -0.782,250.30,-333.54,5.46,-4.39,-94.34,89.39,-1,-1,-1,-1,0.521,0.884 0.708 -0.627 -0.763,-1.0,0,-1.000,-1.000,0.5135,0.00,,-1.000,0.0,0.0,0.0,,,28.6,-2.4,28.5,,0.000,0.0,11.5,-1.00,-1.0,0.0,0,1500,-1.0,118.0,-1.0,0.0,0.00,5.00,-1,0,0.000,0,0.00,36.81,0,0,1,0.0,2,0.00,0.000,0.00,0.00,1.367,0.285,0.000,-1.000,-1.000,-1.000,-1.000,None,58.4,-1.0,0,4,0.00,0,0,0,0,0.00,2,0,0.000,0.000,-1,-1,-1,-1,-1,-1,-1,-1,-999,-1,-1,0,-1,-1,-1,-1.0,0,0.00,0,0,-1,-1,-1,-1,-1,-1,0,0
155,2.5833,air,rise,250.000,-337.799,5.444,0.000,-9.000,6.875,11.325,9.000,4.494,0.00,0.00,0.00,0.00,0.000,0,,0,0.00,0.00,0.00,250.300,-333.845,5.728,-94.34,-4.98,58.20,3.976,0.000,0.00,1.00,0,0,1,0,0,0,-4.98,2.24,-2.60,0.4767,0.1847,0.4496,1,3.976,0,0.486,0,air_rise,airRise,1.000,2,0.298 0.506 0.311 0.868 0.602 0.697 -0.507 -0.579 -0.272 -0.753,250.30,-333.69,5.60,-4.69,-94.34,89.39,-1,-1,-1,-1,0.511,0.847 0.676 -0.576 -0.734,-1.0,0,-1.000,-1.000,0.5132,-0.00,,-1.000,0.0,0.0,0.0,,,30.5,-1.9,30.4,,0.000,0.0,11.5,-1.00,-1.0,0.0,0,1500,-1.0,118.0,-1.0,0.0,0.00,5.00,-1,0,0.000,0,0.00,36.81,0,0,1,0.0,2,0.00,0.000,0.00,0.00,1.324,0.301,0.000,-1.000,-1.000,-1.000,-1.000,None,60.0,-1.0,0,4,0.00,0,0,0,0,0.00,2,0,0.000,0.000,-1,-1,-1,-1,-1,-1,-1,-1,-999,-1,-1,0,-1,-1,-1,-1.0,0,0.00,0,0,-1,-1,-1,-1,-1,-1,0,0
156,2.6000,air,rise,250.000,-337.949,5.554,0.000,-9.000,6.475,11.087,9.000,4.604,0.00,0.00,0.00,0.00,0.000,0,,0,0.00,0.00,0.00,250.300,-333.995,5.853,-94.34,-5.27,58.20,3.977,0.000,0.00,1.00,1,0,1,0,0,0,-5.27,2.28,-2.62,0.4605,0.1835,0.4540,1,3.977,0,0.485,0,air_spread,airRise,1.000,2,0.312 0.497 0.335 0.832 0.593 0.671 -0.512 -0.541 -0.279 -0.735,250.30,-333.84,5.73,-4.98,-94.34,89.39,-1,-1,-1,-1,0.503,0.808 0.646 -0.539 -0.715,-1.0,1,-1.000,-1.000,0.5119,0.00,,-1.000,0.0,0.0,0.0,,,32.0,-1.9,32.0,,0.000,0.0,11.5,-1.00,-1.0,0.0,0,1500,-1.0,118.1,-1.0,0.0,0.00,5.00,-1,0,0.000,0,0.00,36.05,0,0,1,0.0,2,0.00,0.000,0.00,0.00,1.280,0.315,0.000,-1.000,-1.000,-1.000,-1.000,None,61.8,-1.0,0,4,0.00,0,0,0,0,0.00,2,0,0.000,0.000,-1,-1,-1,-1,-1,-1,-1,-1,-999,-1,-1,0,-1,-1,-1,-1.0,0,0.00,0,1,0.58324,0.30889,1.14459,-0.64931,3.70,4.84,0,0
157,2.6167,air,rise,250.000,-338.099,5.657,0.000,-9.000,6.075,10.858,9.000,4.707,0.00,0.00,0.00,0.00,0.000,0,,0,0.00,0.00,0.00,250.300,-334.145,5.973,-94.34,-5.54,58.19,3.978,0.000,0.00,1.00,1,0,1,0,0,0,-5.54,2.31,-2.63,0.4495,0.1845,0.4540,1,3.978,0,0.485,0,air_spread,airRise,1.000,2,0.323 0.490 0.341 0.815 0.600 0.645 -0.514 -0.513 -0.285 -0.717,250.30,-333.99,5.85,-5.27,-94.34,89.39,-1,-1,-1,-1,0.496,0.787 0.618 -0.513 -0.698,-1.0,1,-1.000,-1.000,0.5125,-0.00,,-1.000,0.0,0.0,0.0,,,33.2,-1.5,33.2,,0.000,0.0,11.5,-1.00,-1.0,0.0,0,1500,-1.0,118.1,-1.0,0.0,0.00,5.00,-1,0,0.000,0,0.00,36.05,0,0,1,0.0,2,0.00,0.000,0.00,0.00,1.251,0.318,0.000,-1.000,-1.000,-1.000,-1.000,None,63.3,-1.0,0,4,0.00,0,0,0,0,0.00,2,0,0.000,0.000,-1,-1,-1,-1,-1,-1,-1,-1,-999,-1,-1,0,-1,-1,-1,-1.0,0,0.00,0,1,0.58420,0.31461,1.27799,-0.87168,3.69,5.58,0,0
158,2.6333,air,rise,250.000,-338.249,5.753,0.000,-9.000,5.675,10.640,9.000,4.803,0.00,0.00,0.00,0.00,0.000,0,,0,0.00,0.00,0.00,250.300,-334.295,6.086,-94.34,-5.81,58.19,3.980,0.000,0.00,1.00,1,0,1,0,0,0,-5.81,2.33,-2.65,0.4391,0.1891,0.4565,1,3.980,0,0.484,0,air_spread,airRise,1.000,2,0.329 0.485 0.326 0.796 0.627 0.612 -0.520 -0.493 -0.284 -0.703,250.30,-334.14,5.97,-5.54,-94.34,89.39,-1,-1,-1,-1,0.492,0.764 0.581 -0.494 -0.683,-1.0,1,-1.000,-1.000,0.5139,-0.00,,-1.000,0.0,0.0,0.0,,,34.0,-1.3,34.0,,0.000,0.0,11.5,-1.00,-1.0,0.0,0,1500,-1.0,118.1,-1.0,0.0,0.00,5.00,-1,0,0.000,0,0.00,36.05,0,0,1,0.0,2,0.00,0.000,0.00,0.00,1.238,0.326,0.000,-1.000,-1.000,-1.000,-1.000,None,64.8,-1.0,0,4,0.00,0,0,0,0,0.00,2,0,0.000,0.000,-1,-1,-1,-1,-1,-1,-1,-1,-999,-1,-1,0,-1,-1,-1,-1.0,0,0.00,0,1,0.58716,0.32301,1.32666,-0.94962,3.67,5.85,0,0
159,2.6500,air,rise,250.000,-338.399,5.843,0.000,-9.000,5.275,10.432,9.000,4.893,0.00,0.00,0.00,0.00,0.000,0,,0,0.00,0.00,0.00,250.300,-334.445,6.192,-94.34,-6.06,58.19,3.981,0.000,0.00,1.00,1,0,1,0,0,0,-6.06,2.33,-2.67,0.4288,0.1937,0.4603,1,3.981,0,0.484,0,air_spread,airRise,1.000,2,0.333 0.483 0.290 0.777 0.654 0.578 -0.526 -0.477 -0.273 -0.689,250.30,-334.29,6.09,-5.81,-94.34,89.38,-1,-1,-1,-1,0.489,0.740 0.544 -0.479 -0.668,-1.0,1,-1.000,-1.000,0.5148,-0.00,,-1.000,0.0,0.0,0.0,,,34.3,-1.0,34.3,,0.000,0.0,11.5,-1.00,-1.0,0.0,0,1500,-1.0,118.2,-1.0,0.0,0.00,5.00,-1,0,0.000,0,0.00,36.05,0,0,1,0.0,2,0.00,0.000,0.00,0.00,1.230,0.336,0.000,-1.000,-1.000,-1.000,-1.000,None,66.1,-1.0,0,4,0.00,0,0,0,0,0.00,2,0,0.000,0.000,-1,-1,-1,-1,-1,-1,-1,-1,-999,-1,-1,0,-1,-1,-1,-1.0,0,0.00,0,1,0.58975,0.33195,1.34718,-0.97956,3.66,5.96,0,0
160,2.6667,air,rise,250.000,-338.549,5.926,0.000,-9.000,4.875,10.236,9.000,4.976,0.00,0.00,0.00,0.00,0.000,0,,0,0.00,0.00,0.00,250.300,-334.595,6.291,-94.34,-6.31,58.18,3.983,0.000,0.00,1.00,1,0,1,0,0,0,-6.31,2.32,-2.68,0.4207,0.1992,0.4649,1,3.983,0,0.484,0,air_spread,airRise,1.000,2,0.332 0.483 0.232 0.761 0.686 0.550 -0.535 -0.467 -0.257 -0.679,250.30,-334.44,6.19,-6.06,-94.34,89.38,-1,-1,-1,-1,0.490,0.719 0.514 -0.470 -0.655,-1.0,1,-1.000,-1.000,0.5157,-0.00,,-1.000,0.0,0.0,0.0,,,34.3,-1.1,34.3,,0.000,0.0,11.5,-1.00,-1.0,0.0,0,1500,-1.0,118.2,-1.0,0.0,0.00,5.00,-1,0,0.000,0,0.00,36.05,0,0,1,0.0,2,0.00,0.000,0.00,0.00,1.234,0.350,0.000,-1.000,-1.000,-1.000,-1.000,None,67.7,-1.0,0,4,0.00,0,0,0,0,0.00,2,0,0.000,0.000,-1,-1,-1,-1,-1,-1,-1,-1,-999,-1,-1,0,-1,-1,-1,-1.0,0,0.00,0,1,0.59266,0.34001,1.36479,-1.00461,3.66,6.06,0,0
161,2.6833,swing,swingLow,249.970,-338.630,5.881,-3.566,-9.694,-5.330,11.623,10.329,4.931,266.00,-347.26,21.38,18.89,0.040,0,,0,0.00,0.00,0.00,250.298,-334.739,6.367,-94.32,-7.85,58.23,3.935,0.000,0.00,1.00,1,0,1,0,0,0,-7.85,2.32,-2.70,0.4420,0.1309,0.4667,1,3.935,0,0.483,0,air_spread,airRise,1.000,2,0.084 0.586 -0.160 0.688 0.440 0.751 -0.289 -0.655 0.062 -0.675,250.30,-334.59,6.29,-6.31,-94.34,89.37,-1,-1,-1,-1,0.584,0.617 0.696 -0.649 -0.629,40.3,1,-1.000,-1.000,0.5028,-0.00,,-1.000,0.0,0.0,0.0,,,9.7,3.0,9.3,,0.000,0.0,11.5,-1.00,-1.0,0.0,0,1500,-1.0,118.2,-1.0,0.0,0.00,5.00,-1,0,0.000,0,0.00,36.05,0,0,1,0.0,2,0.00,0.000,0.00,0.00,1.251,0.367,0.000,-1.000,-1.000,-1.000,-1.000,None,114.0,-1.0,0,4,0.00,0,0,0,0,0.00,2,0,0.000,0.000,-1,-1,-1,-1,-1,-1,-1,-1,-999,-1,-1,0,-1,-1,-1,-1.0,0,0.00,0,1,0.54961,0.29827,1.41696,-1.11251,3.67,6.40,0,0
162,2.7000,swing,swingLow,249.917,-338.795,5.790,-3.076,-9.971,-5.487,11.789,10.434,4.840,266.00,-347.26,21.38,18.89,0.110,0,,0,0.00,0.00,0.00,250.292,-334.879,6.400,-93.80,-8.92,58.41,3.981,0.000,0.00,1.00,1,0,1,0,0,0,-8.92,2.34,-2.72,0.4078,0.1604,0.4881,1,3.981,0,0.481,0,swing,airRise,1.000,2,0.152 0.572 -0.175 0.629 0.557 0.674 -0.381 -0.613 0.007 -0.635,250.30,-334.74,6.37,-7.85,-94.32,89.43,-1,-1,-1,-1,0.563,0.542 0.606 -0.598 -0.572,31.8,1,-1.000,-1.000,0.4949,0.00,,-1.000,0.0,0.0,0.0,,,18.2,6.8,17.0,,0.000,0.0,11.5,-1.00,-1.0,0.0,0,1500,-1.0,118.4,-1.0,0.0,0.00,5.00,-1,0,0.000,0,0.00,35.82,0,0,1,0.0,2,0.00,0.000,0.08,0.00,1.281,0.386,0.000,-1.000,-1.000,-1.000,-1.000,None,110.0,-1.0,0,4,0.00,0,0,0,0,0.00,2,0,0.000,0.000,-1,-1,-1,-1,-1,-1,-1,-1,-999,-1,-1,0,-1,-1,-1,-1.0,0,0.00,0,1,0.55449,0.33216,1.43794,-1.17378,3.57,6.56,0,0
163,2.7167,swing,swingLow,249.871,-338.964,5.696,-2.599,-10.251,-5.636,11.983,10.575,4.746,266.00,-347.26,21.38,18.89,0.169,0,,0,0.00,0.00,0.00,250.281,-335.021,6.393,-92.78,-9.22,58.75,4.025,0.000,0.00,1.00,1,0,1,0,0,0,-9.22,2.37,-2.73,0.3696,0.1982,0.5148,1,4.025,0,0.478,0,swing,airRise,1.000,2,0.224 0.545 -0.131 0.593 0.749 0.512 -0.447 -0.549 -0.078 -0.609,250.29,-334.88,6.40,-8.92,-93.80,89.65,-1,-1,-1,-1,0.527,0.502 0.446 -0.524 -0.538,22.9,1,-1.000,-1.000,0.4927,-0.00,,-1.000,0.0,0.0,0.0,,,27.1,11.1,25.3,,0.000,0.0,11.5,-1.00,-1.0,0.0,0,1500,-1.0,119.0,-1.0,0.0,0.00,5.00,-1,0,0.000,0,0.00,35.82,0,0,1,0.0,2,0.00,0.000,0.17,0.00,1.330,0.343,0.000,-1.000,-1.000,-1.000,-1.000,None,105.4,-1.0,0,4,0.00,0,0,0,0,0.00,2,0,0.000,0.000,-1,-1,-1,-1,-1,-1,-1,-1,-999,-1,-1,0,-1,-1,-1,-1.0,0,0.00,0,1,0.56650,0.38148,1.41389,-1.15869,3.52,6.46,0,0
164,2.7333,swing,swingLow,249.834,-339.138,5.600,-2.129,-10.534,-5.777,12.201,10.747,4.650,266.00,-347.26,21.38,18.89,0.218,0,,0,0.00,0.00,0.00,250.270,-335.168,6.354,-91.52,-9.02,59.21,4.064,0.000,0.00,1.00,1,0,1,0,0,0,-9.02,2.41,-2.75,0.3514,0.2137,0.5323,1,4.064,0,0.475,0,swing,airRise,1.000,2,0.293 0.505 -0.089 0.566 0.809 0.494 -0.495 -0.491 -0.152 -0.578,250.28,-335.02,6.39,-9.22,-92.78,90.04,-1,-1,-1,-1,0.483,0.478 0.434 -0.458 -0.505,14.2,1,-1.000,-1.000,0.4813,0.00,,-1.000,0.0,0.0,0.0,,,35.3,14.4,33.5,,0.000,0.0,11.5,-1.00,-1.0,0.0,0,1500,-1.0,120.1,-1.0,0.0,0.00,5.00,-1,0,0.000,0,0.00,35.82,0,0,1,0.0,2,0.00,0.000,0.25,0.00,1.374,0.325,0.000,-1.000,-1.000,-1.000,-1.000,None,101.6,-1.0,0,4,0.00,0,0,0,0,0.00,2,0,0.000,0.000,-1,-1,-1,-1,-1,-1,-1,-1,-999,-1,-1,0,-1,-1,-1,-1.0,0,0.00,0,1,0.56232,0.40326,1.36649,-1.10088,3.47,6.21,0,0
165,2.7500,swing,swingLow,249.804,-339.317,5.501,-1.671,-10.820,-5.907,12.440,10.948,4.551,266.00,-347.26,21.38,18.89,0.259,0,,0,0.00,0.00,0.00,250.260,-335.322,6.293,-90.20,-8.55,59.77,4.098,0.000,0.00,1.00,1,0,1,0,0,0,-8.55,2.45,-2.77,0.3390,0.2239,0.5466,1,4.098,0,0.471,0,swing,airRise,1.000,2,0.344 0.466 -0.065 0.539 0.843 0.501 -0.530 -0.438 -0.218 -0.543,250.27,-335.17,6.35,-9.02,-91.52,90.58,-1,-1,-1,-1,0.442,0.459 0.450 -0.400 -0.472,7.3,1,-1.000,-1.000,0.4695,0.00,,-1.000,0.0,0.0,0.0,,,41.7,17.5,39.8,,0.000,0.0,11.5,-1.00,-1.0,0.0,0,1500,-1.0,121.3,-1.0,0.0,0.00,5.00,-1,0,0.000,0,0.00,35.82,0,0,1,0.0,2,0.00,0.000,0.33,0.00,1.412,0.306,0.000,-1.000,-1.000,-1.000,-1.000,None,98.5,-1.0,0,4,0.00,0,0,0,0,0.00,2,0,0.000,0.000,-1,-1,-1,-1,-1,-1,-1,-1,-999,-1,-1,0,-1,-1,-1,-1.0,0,0.00,0,1,0.55551,0.42047,1.31261,-1.02781,3.44,5.91,0,0
166,2.7667,swing,swingLow,249.782,-339.501,5.401,-1.226,-11.110,-6.027,12.698,11.177,4.451,266.00,-347.26,21.38,18.89,0.294,0,,0,0.00,0.00,0.00,250.256,-335.482,6.217,-88.94,-7.94,60.38,4.128,0.000,0.00,1.00,1,0,1,0,0,0,-7.94,2.49,-2.78,0.3348,0.2295,0.5570,1,4.128,0,0.468,0,swing,airRise,1.000,2,0.381 0.431 -0.051 0.521 0.849 0.526 -0.559 -0.392 -0.277 -0.508,250.26,-335.32,6.29,-8.55,-90.20,91.23,-1,-1,-1,-1,0.407,0.450 0.485 -0.353 -0.440,1.8,1,-1.000,-1.000,0.4573,-0.00,,-1.000,0.0,0.0,0.0,,,46.6,20.2,44.8,,0.000,0.0,11.5,-1.00,-1.0,0.0,0,1500,-1.0,122.5,-1.0,0.0,0.00,5.00,-1,0,0.000,0,0.00,35.82,0,0,1,0.0,2,0.00,0.000,0.42,0.00,1.438,0.287,0.000,-1.000,-1.000,-1.000,-1.000,None,95.9,-1.0,0,4,0.00,0,0,0,0,0.00,2,0,0.000,0.000,-1,-1,-1,-1,-1,-1,-1,-1,-999,-1,-1,0,-1,-1,-1,-1.0,0,0.00,0,1,0.54631,0.43392,1.26148,-0.95543,3.42,5.62,0,0
167,2.7833,swing,swingLow,249.766,-339.689,5.299,-0.794,-11.402,-6.133,12.972,11.430,4.349,266.00,-347.26,21.38,18.89,0.324,0,,0,0.00,0.00,0.00,250.260,-335.648,6.131,-87.79,-7.29,61.02,4.155,0.000,0.00,1.00,1,0,1,0,0,0,-7.29,2.53,-2.80,0.3181,0.2331,0.5726,1,4.155,0,0.464,0,swing,airRise,1.000,2,0.410 0.399 -0.041 0.512 0.855 0.507 -0.584 -0.351 -0.331 -0.470,250.26,-335.48,6.22,-7.94,-88.94,91.93,-1,-1,-1,-1,0.377,0.452 0.470 -0.312 -0.407,2.7,1,-1.000,-1.000,0.4459,-0.00,,-1.000,0.0,0.0,0.0,,,50.5,22.7,48.8,,0.000,0.0,11.5,-1.00,-1.0,0.0,0,1500,-1.0,123.7,-1.0,0.0,0.00,5.00,-1,0,0.000,0,0.00,35.82,0,0,1,0.0,2,0.00,0.000,0.50,0.00,1.444,0.269,0.000,-1.000,-1.000,-1.000,-1.000,None,93.8,-1.0,0,4,0.00,0,0,0,0,0.00,2,0,0.000,0.000,-1,-1,-1,-1,-1,-1,-1,-1,-999,-1,-1,0,-1,-1,-1,-1.0,0,0.00,0,1,0.53742,0.45585,1.21687,-0.89096,3.37,5.37,0,0
168,2.8000,swing,swingLow,249.758,-339.883,5.195,-0.373,-11.698,-6.228,13.258,11.704,4.245,266.00,-347.26,21.38,18.89,0.350,0,,0,0.00,0.00,0.00,250.271,-335.820,6.038,-86.78,-6.64,61.66,4.180,0.000,0.00,1.00,1,0,1,0,0,0,-6.64,2.57,-2.82,0.3019,0.2361,0.5869,1,4.180,0,0.461,0,swing,airRise,1.000,2,0.432 0.372 -0.030 0.514 0.859 0.492 -0.605 -0.316 -0.378 -0.433,250.26,-335.65,6.13,-7.29,-87.79,92.67,-1,-1,-1,-1,0.351,0.464 0.459 -0.278 -0.375,6.4,1,-1.000,-1.000,0.4356,-0.00,,-1.000,0.0,0.0,0.0,,,53.6,24.8,51.9,,0.000,0.0,11.5,-1.00,-1.0,0.0,0,1500,-1.0,124.8,-1.0,0.0,0.00,5.00,-1,0,0.000,0,0.00,36.41,0,0,1,0.0,2,0.00,0.000,0.58,0.00,1.448,0.251,0.000,-1.000,-1.000,-1.000,-1.000,None,92.1,-1.0,0,4,0.00,0,0,0,0,0.00,2,0,0.000,0.000,-1,-1,-1,-1,-1,-1,-1,-1,-999,-1,-1,0,-1,-1,-1,-1.0,0,0.00,0,1,0.52925,0.47547,1.17959,-0.83673,3.32,5.16,0,0
169,2.8167,swing,swingLow,249.757,-340.081,5.089,0.037,-11.997,-6.308,13.555,11.997,4.139,266.00,-347.26,21.38,18.89,0.372,0,,0,0.00,0.00,0.00,250.290,-335.999,5.941,-85.92,-6.02,62.29,4.204,0.000,0.00,1.00,1,0,1,0,0,0,-6.02,2.61,-2.83,0.2879,0.2384,0.5994,1,4.204,0,0.458,0,swing,airRise,1.000,2,0.449 0.350 -0.019 0.524 0.861 0.481 -0.623 -0.287 -0.418 -0.396,250.27,-335.82,6.04,-6.64,-86.78,93.40,-1,-1,-1,-1,0.331,0.483 0.451 -0.250 -0.344,9.4,1,-1.000,-1.000,0.4265,-0.00,,-1.000,0.0,0.0,0.0,,,56.0,26.8,54.3,,0.000,0.0,11.5,-1.00,-1.0,0.0,0,1500,-1.0,125.7,-1.0,0.0,0.00,5.00,-1,0,0.000,0,0.00,36.41,0,0,1,0.0,2,0.00,0.000,0.65,0.00,1.450,0.233,0.000,-1.000,-1.000,-1.000,-1.000,None,90.6,-1.0,0,4,0.00,0,0,0,0,0.00,2,0,0.000,0.000,-1,-1,-1,-1,-1,-1,-1,-1,-999,-1,-1,0,-1,-1,-1,-1.0,0,0.00,0,1,0.52177,0.49277,1.14913,-0.79265,3.28,4.99,0,0
170,2.8333,swing,swingLow,249.763,-340.284,4.983,0.443,-12.298,-6.377,13.860,12.306,4.033,266.00,-347.26,21.38,18.89,0.393,0,,0,0.00,0.00,0.00,250.319,-336.182,5.840,-85.18,-5.45,62.90,4.227,0.000,0.00,1.00,1,0,1,0,0,0,-5.45,2.64,-2.85,0.2809,0.2398,0.6090,1,4.227,0,0.454,0,swing,swingCornerBank,1.000,2,0.460 0.335 -0.006 0.537 0.861 0.475 -0.637 -0.265 -0.448 -0.366,250.29,-336.00,5.94,-6.02,-85.92,94.11,-1,-1,-1,-1,0.318,0.503 0.448 -0.230 -0.319,11.6,1,-1.000,-1.000,0.4185,-0.00,,-1.000,0.0,0.0,0.0,,,57.5,28.4,55.9,,0.000,0.0,11.5,-1.00,-1.0,0.0,0,1500,-1.0,126.5,-1.0,0.0,0.00,5.00,-1,0,0.000,0,0.00,36.41,0,0,1,0.0,2,0.00,0.000,0.65,0.00,1.451,0.218,0.000,-1.000,-1.000,-1.000,-1.000,None,89.4,-1.0,0,4,0.00,0,0,0,0,0.00,2,0,0.000,0.000,-1,-1,-1,-1,-1,-1,-1,-1,-999,-1,-1,0,-1,-1,-1,-1.0,0,0.00,0,1,0.51489,0.50762,1.12449,-0.75767,3.24,4.85,0,0
171,2.8500,swing,swingLow,249.775,-340.493,4.875,0.839,-12.600,-6.430,14.171,12.628,3.925,266.00,-347.26,21.38,18.89,0.411,0,,0,0.00,0.00,0.00,250.355,-336.371,5.737,-84.55,-4.92,63.49,4.250,0.000,0.00,1.00,1,0,1,0,0,0,-4.92,2.67,-2.87,0.2783,0.2394,0.6192,1,4.250,0,0.452,0,swing,swingCornerBank,1.000,2,0.466 0.326 0.005 0.541 0.859 0.475 -0.648 -0.250 -0.459 -0.353,250.32,-336.18,5.84,-5.45,-85.18,94.79,-1,-1,-1,-1,0.311,0.512 0.451 -0.220 -0.311,12.9,1,-1.000,-1.000,0.4118,0.00,,-1.000,0.0,0.0,0.0,,,58.3,29.5,56.6,,0.000,0.0,11.5,-1.00,-1.0,0.0,0,1500,-1.0,127.2,-1.0,0.0,0.00,5.00,-1,0,0.000,0,0.00,36.41,0,0,1,0.0,2,0.00,0.000,0.65,0.00,1.450,0.219,0.000,-1.000,-1.000,-1.000,-1.000,None,88.5,-1.0,0,4,0.00,0,0,0,0,0.00,2,0,0.000,0.000,-1,-1,-1,-1,-1,-1,-1,-1,-999,-1,-1,0,-1,-1,-1,-1.0,0,0.00,0,1,0.50847,0.52004,1.10462,-0.73042,3.21,4.73,0,0
172,2.8667,swing,swingLow,249.793,-340.706,4.767,1.224,-12.905,-6.468,14.487,12.963,3.817,266.00,-347.26,21.38,18.89,0.427,0,,0,0.00,0.00,0.00,250.399,-336.566,5.632,-84.02,-4.42,64.04,4.273,0.000,0.00,1.00,1,0,1,0,0,0,-4.42,2.70,-2.88,0.2787,0.2383,0.6291,1,4.273,0,0.449,0,swing,swingCornerBank,1.000,2,0.466 0.325 0.011 0.548 0.855 0.481 -0.655 -0.247 -0.462 -0.349,250.35,-336.37,5.74,-4.92,-84.55,95.44,-1,-1,-1,-1,0.312,0.523 0.459 -0.220 -0.311,13.2,1,-1.000,-1.000,0.4059,0.00,,-1.000,0.0,0.0,0.0,,,58.1,29.9,56.3,,0.000,0.0,11.5,-1.00,-1.0,0.0,0,1500,-1.0,127.7,-1.0,0.0,0.00,5.00,-1,0,0.000,0,0.00,36.41,0,0,1,0.0,2,0.00,0.000,0.65,0.00,1.449,0.220,0.000,-1.000,-1.000,-1.000,-1.000,None,87.9,-1.0,0,4,0.00,0,0,0,0,0.00,2,0,0.000,0.000,-1,-1,-1,-1,-1,-1,-1,-1,-999,-1,-1,0,-1,-1,-1,-1.0,0,0.00,0,1,0.50240,0.52997,1.08853,-0.70957,3.18,4.64,0,0
173,2.8833,swing,swingLow,249.818,-340.925,4.658,1.604,-13.211,-6.492,14.807,13.308,3.708,266.00,-347.26,21.38,18.89,0.443,0,,0,0.00,0.00,0.00,250.450,-336.765,5.526,-83.56,-3.96,64.58,4.296,0.000,0.00,1.00,1,0,1,0,0,0,-3.96,2.72,-2.90,0.2785,0.2372,0.6375,1,4.296,0,0.447,0,swing,swingCornerBank,1.000,2,0.468 0.322 0.022 0.555 0.852 0.484 -0.663 -0.240 -0.467 -0.342,250.40,-336.57,5.63,-4.42,-84.02,96.06,-1,-1,-1,-1,0.311,0.534 0.465 -0.217 -0.309,13.8,1,-1.000,-1.000,0.4005,-0.00,,-1.000,0.0,0.0,0.0,,,58.2,30.5,56.3,,0.000,0.0,11.5,-1.00,-1.0,0.0,0,1500,-1.0,128.2,-1.0,0.0,0.00,5.00,-1,0,0.000,0,0.00,36.41,0,0,1,0.0,2,0.00,0.000,0.65,0.00,1.448,0.221,0.000,-1.000,-1.000,-1.000,-1.000,None,87.3,-1.0,0,4,0.00,0,0,0,0,0.00,2,0,0.000,0.000,-1,-1,-1,-1,-1,-1,-1,-1,-999,-1,-1,0,-1,-1,-1,-1.0,0,0.00,0,1,0.49678,0.53927,1.07537,-0.69391,3.15,4.57,0,0
174,2.9000,swing,swingLow,249.850,-341.149,4.549,1.973,-13.518,-6.499,15.128,13.661,3.599,266.00,-347.26,21.38,18.89,0.457,0,,0,0.00,0.00,0.00,250.507,-336.970,5.418,-83.15,-3.54,65.08,4.318,0.000,0.00,1.00,1,0,1,0,0,0,-3.54,2.74,-2.92,0.2778,0.2360,0.6449,1,4.318,0,0.445,0,swing,swingCornerBank,1.000,2,0.470 0.319 0.034 0.562 0.849 0.486 -0.670 -0.232 -0.471 -0.336,250.45,-336.77,5.53,-3.96,-83.56,96.65,-1,-1,-1,-1,0.309,0.543 0.469 -0.213 -0.307,14.5,1,-1.000,-1.000,0.3952,-0.00,,-1.000,0.0,0.0,0.0,,,58.3,31.0,56.4,,0.000,0.0,11.5,-1.00,-1.0,0.0,0,1500,-1.0,128.6,-1.0,0.0,0.00,5.00,-1,0,0.000,0,0.00,37.06,0,0,1,0.0,2,0.00,0.000,0.65,0.00,1.445,0.223,0.000,-1.000,-1.000,-1.000,-1.000,None,86.6,-1.0,0,4,0.00,0,0,0,0,0.00,2,0,0.000,0.000,-1,-1,-1,-1,-1,-1,-1,-1,-999,-1,-1,0,-1,-1,-1,-1.0,0,0.00,0,1,0.49143,0.54770,1.06451,-0.68245,3.13,4.51,0,0
175,2.9167,swing,swingLow,249.887,-341.377,4.440,2.332,-13.826,-6.489,15.450,14.021,3.490,266.00,-347.26,21.38,18.89,0.471,0,,0,0.00,0.00,0.00,250.571,-337.180,5.310,-82.77,-3.14,65.56,4.341,0.000,0.00,1.00,1,0,1,0,0,0,-3.14,2.76,-2.93,0.2774,0.2346,0.6515,1,4.341,0,0.444,0,swing,swingCornerBank,1.000,2,0.471 0.317 0.044 0.567 0.845 0.489 -0.675 -0.226 -0.474 -0.331,250.51,-336.97,5.42,-3.54,-83.15,97.21,-1,-1,-1,-1,0.309,0.552 0.474 -0.210 -0.306,14.9,1,-1.000,-1.000,0.3902,-0.00,,-1.000,0.0,0.0,0.0,,,58.4,31.4,56.4,,0.000,0.0,11.5,-1.00,-1.0,0.0,0,1500,-1.0,128.9,-1.0,0.0,0.00,5.00,-1,0,0.000,0,0.00,37.06,0,0,1,0.0,2,0.00,0.000,0.65,0.00,1.443,0.226,0.000,-1.000,-1.000,-1.000,-1.000,None,86.0,-1.0,0,4,0.00,0,0,0,0,0.00,2,0,0.000,0.000,-1,-1,-1,-1,-1,-1,-1,-1,-999,-1,-1,0,-1,-1,-1,-1.0,0,0.00,0,1,0.48618,0.55489,1.05547,-0.67452,3.10,4.46,0,0
176,2.9333,swing,swingLow,249.930,-341.611,4.331,2.669,-14.136,-6.460,15.769,14.385,3.381,266.00,-347.26,21.38,18.89,0.484,0,,0,0.00,0.00,0.00,250.640,-337.395,5.202,-82.39,-2.77,65.98,4.364,0.000,0.00,1.00,1,0,1,0,0,0,-2.77,2.78,-2.95,0.2776,0.2331,0.6576,1,4.364,0,0.443,0,swing,swingCornerBank,1.000,2,0.471 0.317 0.050 0.571 0.840 0.494 -0.678 -0.224 -0.475 -0.331,250.57,-337.18,5.31,-3.14,-82.77,97.72,-1,-1,-1,-1,0.310,0.558 0.481 -0.210 -0.309,15.1,1,-1.000,-1.000,0.3853,-0.01,,-1.000,0.0,0.0,0.0,,,58.1,31.5,56.1,,0.000,0.0,11.5,-1.00,-1.0,0.0,0,1500,-1.0,129.2,-1.0,0.0,0.00,5.00,-1,0,0.000,0,0.00,37.06,0,0,1,0.0,2,0.00,0.000,0.65,0.00,1.441,0.229,0.000,-1.000,-1.000,-1.000,-1.000,None,85.5,-1.0,0,4,0.00,0,0,0,0,0.00,2,0,0.000,0.000,-1,-1,-1,-1,-1,-1,-1,-1,-999,-1,-1,0,-1,-1,-1,-1.0,0,0.00,0,1,0.48089,0.56056,1.04801,-0.67009,3.08,4.43,0,0
177,2.9500,swing,swingLow,249.978,-341.850,4.223,2.997,-14.445,-6.414,16.087,14.752,3.273,266.00,-347.26,21.38,18.89,0.496,0,,0,0.00,0.00,0.00,250.714,-337.615,5.094,-82.02,-2.50,66.35,4.386,0.000,0.00,1.00,1,0,1,0,0,0,-2.50,2.79,-2.97,0.2783,0.2314,0.6622,1,4.386,0,0.442,0,swing,swingCornerBank,1.000,2,0.470 0.319 0.054 0.574 0.835 0.500 -0.679 -0.225 -0.474 -0.333,250.64,-337.39,5.20,-2.77,-82.39,98.18,-1,-1,-1,-1,0.313,0.563 0.489 -0.213 -0.314,15.1,1,-1.000,-1.000,0.3805,-0.03,,-1.000,0.0,0.0,0.0,,,57.7,31.5,55.6,,0.000,0.0,11.5,-1.00,-1.0,0.0,0,1500,-1.0,129.5,-1.0,0.0,0.00,5.00,-1,0,0.000,0,0.00,37.06,0,0,1,0.0,2,0.00,0.000,0.65,0.00,1.439,0.231,0.000,-1.000,-1.000,-1.000,-1.000,None,85.0,-1.0,0,4,0.00,0,0,0,0,0.00,2,0,0.000,0.000,-1,-1,-1,-1,-1,-1,-1,-1,-999,-1,-1,0,-1,-1,-1,-1.0,0,0.00,0,1,0.47554,0.56407,1.04269,-0.67139,3.06,4.41,0,0
178,2.9667,swing,swingLow,250.032,-342.095,4.116,3.315,-14.753,-6.351,16.401,15.121,3.166,266.00,-347.26,21.38,18.89,0.508,0,,0,0.00,0.00,0.00,250.793,-337.840,4.985,-81.62,-2.33,66.67,4.409,0.000,0.00,1.00,1,0,1,0,0,0,-2.33,2.80,-2.98,0.2793,0.2296,0.6651,1,4.409,0,0.441,0,swing,swingCornerBank,1.000,2,0.467 0.324 0.054 0.576 0.829 0.509 -0.677 -0.231 -0.473 -0.340,250.71,-337.61,5.09,-2.50,-82.02,98.58,-1,-1,-1,-1,0.318,0.566 0.499 -0.221 -0.323,14.9,1,-1.000,-1.000,0.3758,-0.05,,-1.000,0.0,0.0,0.0,,,57.1,31.2,54.9,,0.000,0.0,11.5,-1.00,-1.0,0.0,0,1500,-1.0,129.9,-1.0,0.0,0.00,5.00,-1,0,0.000,0,0.00,37.06,0,0,1,0.0,2,0.00,0.000,0.65,0.00,1.438,0.233,0.000,-1.000,-1.000,-1.000,-1.000,None,84.7,-1.0,0,4,0.00,0,0,0,0,0.00,2,0,0.000,0.000,-1,-1,-1,-1,-1,-1,-1,-1,-999,-1,-1,0,-1,-1,-1,-1.0,0,0.00,0,1,0.47013,0.56522,1.03956,-0.67900,3.04,4.41,0,0
179,2.9833,swing,swingBottom,250.091,-342.344,4.011,3.617,-15.061,-6.269,16.710,15.489,3.061,266.00,-347.26,21.38,18.89,0.520,0,,0,0.00,0.00,0.00,250.876,-338.071,4.878,-81.21,-2.28,66.95,4.431,0.000,0.00,1.00,1,0,1,0,0,0,-2.28,2.82,-3.00,0.2804,0.2278,0.6663,1,4.431,0,0.441,0,swing,swingCornerBank,1.000,2,0.464 0.329 0.052 0.577 0.823 0.518 -0.674 -0.239 -0.471 -0.349,250.79,-337.84,4.99,-2.33,-81.62,98.93,-1,-1,-1,-1,0.324,0.568 0.510 -0.230 -0.333,14.6,1,-1.000,-1.000,0.3710,-0.08,,-1.000,0.0,0.0,0.0,,,56.5,30.8,54.2,,0.000,0.0,11.5,-1.00,-1.0,0.0,0,1500,-1.0,130.2,-1.0,0.0,0.00,5.00,-1,0,0.000,0,0.00,37.06,0,0,1,0.0,2,0.00,0.000,0.65,0.00,1.436,0.235,0.000,-1.000,-1.000,-1.000,-1.000,None,84.4,-1.0,0,4,0.00,0,0,0,0,0.00,2,0,0.000,0.000,-1,-1,-1,-1,-1,-1,-1,-1,-999,-1,-1,0,-1,-1,-1,-1.0,0,0.00,0,1,0.46457,0.56431,1.03857,-0.69300,3.03,4.43,0,0
180,3.0000,swing,swingBottom,250.154,-342.599,3.906,3.909,-15.367,-6.169,17.014,15.856,2.956,266.00,-347.26,21.38,18.89,0.532,0,,0,0.00,0.00,0.00,250.963,-338.306,4.771,-80.77,-2.34,67.18,4.453,0.000,0.00,1.00,1,0,1,0,0,0,-2.34,2.83,-3.02,0.2816,0.2260,0.6656,1,4.453,0,0.441,0,swing,swingCornerBank,1.000,2,0.460 0.335 0.049 0.579 0.818 0.529 -0.671 -0.248 -0.468 -0.360,250.88,-338.07,4.88,-2.28,-81.21,99.22,-1,-1,-1,-1,0.330,0.569 0.520 -0.239 -0.344,14.2,1,-1.000,-1.000,0.3660,-0.12,,-1.000,0.0,0.0,0.0,,,55.7,30.3,53.4,,0.000,0.0,11.5,-1.00,-1.0,0.0,0,1500,-1.0,130.6,-1.0,0.0,0.00,5.00,-1,0,0.000,0,0.00,37.70,0,0,1,0.0,2,0.00,0.000,0.65,0.00,1.436,0.237,0.000,-1.000,-1.000,-1.000,-1.000,None,84.1,-1.0,0,4,0.00,0,0,0,0,0.00,2,0,0.000,0.000,-1,-1,-1,-1,-1,-1,-1,-1,-999,-1,-1,0,-1,-1,-1,-1.0,0,0.00,0,1,0.45884,0.56150,1.03965,-0.71341,3.02,4.46,0,0
181,3.0167,swing,swingBottom,250.223,-342.858,3.804,4.192,-15.670,-6.051,17.313,16.221,2.854,266.00,-347.26,21.38,18.89,0.543,0,,0,0.00,0.00,0.00,251.053,-338.547,4.665,-80.31,-2.50,67.38,4.474,0.000,0.00,1.00,1,0,1,0,0,0,-2.50,2.84,-3.03,0.2826,0.2243,0.6634,1,4.474,0,0.441,0,swing,swingCornerBank,1.000,2,0.456 0.342 0.045 0.580 0.813 0.540 -0.666 -0.259 -0.465 -0.373,250.96,-338.31,4.77,-2.34,-80.77,99.47,-1,-1,-1,-1,0.337,0.570 0.532 -0.250 -0.356,13.8,1,-1.000,-1.000,0.3610,-0.17,,-1.000,0.0,0.0,0.0,,,54.9,29.7,52.5,,0.000,0.0,11.5,-1.00,-1.0,0.0,0,1500,-1.0,131.1,-1.0,0.0,0.00,5.00,-1,0,0.000,0,0.00,37.70,0,0,1,0.0,2,0.00,0.000,0.65,0.00,1.436,0.238,0.000,-1.000,-1.000,-1.000,-1.000,None,83.9,-1.0,0,4,0.00,0,0,0,0,0.00,2,0,0.000,0.000,-1,-1,-1,-1,-1,-1,-1,-1,-999,-1,-1,0,-1,-1,-1,-1.0,0,0.00,0,1,0.45306,0.55694,1.04299,-0.74051,3.01,4.52,0,0
182,3.0333,swing,swingBottom,250.296,-343.123,3.704,4.456,-15.971,-5.914,17.604,16.581,2.754,266.00,-347.26,21.38,18.89,0.554,0,,0,0.00,0.00,0.00,251.147,-338.793,4.561,-79.88,-2.74,67.54,4.495,0.000,0.00,1.00,1,0,1,0,0,0,-2.74,2.84,-3.05,0.2835,0.2224,0.6595,1,4.495,0,0.441,0,swing,swingCornerBank,1.000,2,0.452 0.349 0.040 0.581 0.808 0.551 -0.661 -0.270 -0.462 -0.387,251.05,-338.55,4.67,-2.50,-80.31,99.68,-1,-1,-1,-1,0.344,0.570 0.543 -0.261 -0.368,13.2,1,-1.000,-1.000,0.3562,-0.22,,-1.000,0.0,0.0,0.0,,,54.0,29.0,51.6,,0.000,0.0,11.5,-1.00,-1.0,0.0,0,1500,-1.0,131.5,-1.0,0.0,0.00,5.00,-1,0,0.000,0,0.00,37.70,0,0,1,0.0,2,0.00,0.000,0.65,0.00,1.437,0.239,0.000,-1.000,-1.000,-1.000,-1.000,None,83.7,-1.0,0,4,0.00,0,0,0,0,0.00,2,0,0.000,0.000,-1,-1,-1,-1,-1,-1,-1,-1,-999,-1,-1,0,-1,-1,-1,-1.0,0,0.00,0,1,0.44743,0.55082,1.04915,-0.77505,3.00,4.59,0,0
183,3.0500,swing,swingBottom,250.373,-343.392,3.606,4.711,-16.268,-5.760,17.889,16.937,2.656,266.00,-347.26,21.38,18.89,0.565,0,,0,0.00,0.00,0.00,251.243,-339.043,4.458,-79.48,-3.07,67.68,4.516,0.000,0.00,1.00,1,0,1,0,0,0,-3.07,2.85,-3.07,0.2848,0.2203,0.6539,1,4.516,0,0.442,0,swing,swingCornerBank,1.000,2,0.448 0.356 0.034 0.582 0.804 0.563 -0.655 -0.282 -0.459 -0.401,251.15,-338.79,4.56,-2.74,-79.88,99.86,-1,-1,-1,-1,0.351,0.570 0.555 -0.272 -0.381,12.7,1,-1.000,-1.000,0.3519,-0.28,,-1.000,0.0,0.0,0.0,,,53.1,28.3,50.7,,0.000,0.0,11.5,-1.00,-1.0,0.0,0,1500,-1.0,132.0,-1.0,0.0,0.00,5.00,-1,0,0.000,0,0.00,37.70,0,0,1,0.0,2,0.00,0.000,0.65,0.00,1.438,0.240,0.000,-1.000,-1.000,-1.000,-1.000,None,83.5,-1.0,0,4,0.00,0,0,0,0,0.00,2,0,0.000,0.000,-1,-1,-1,-1,-1,-1,-1,-1,-999,-1,-1,0,-1,-1,-1,-1.0,0,0.00,0,1,0.44215,0.54341,1.05859,-0.81768,2.99,4.70,0,0
184,3.0667,swing,swingBottom,250.454,-343.667,3.511,4.957,-16.561,-5.588,18.168,17.287,2.561,266.00,-347.26,21.38,18.89,0.576,0,,0,0.00,0.00,0.00,251.343,-339.299,4.358,-79.13,-3.45,67.80,4.536,0.000,0.00,1.00,1,0,1,0,0,0,-3.45,2.86,-3.08,0.2870,0.2180,0.6467,1,4.536,0,0.442,0,swing,swingCornerBank,1.000,2,0.443 0.364 0.029 0.583 0.800 0.575 -0.649 -0.294 -0.456 -0.417,251.24,-339.04,4.46,-3.07,-79.48,100.01,-1,-1,-1,-1,0.359,0.569 0.567 -0.283 -0.395,12.1,1,-1.000,-1.000,0.3481,-0.34,,-1.000,0.0,0.0,0.0,,,52.2,27.5,49.7,,0.000,0.0,11.5,-1.00,-1.0,0.0,0,1500,-1.0,132.4,-1.0,0.0,0.00,5.00,-1,0,0.000,0,0.00,37.70,0,0,1,0.0,2,0.00,0.000,0.65,0.00,1.439,0.241,0.000,-1.000,-1.000,-1.000,-1.000,None,83.4,-1.0,0,4,0.00,0,0,0,0,0.00,2,0,0.000,0.000,-1,-1,-1,-1,-1,-1,-1,-1,-999,-1,-1,0,-1,-1,-1,-1.0,0,0.00,0,1,0.43733,0.53495,1.07153,-0.86872,2.98,4.82,0,0
185,3.0833,swing,swingBottom,250.540,-343.946,3.419,5.183,-16.849,-5.397,18.436,17.628,2.469,266.00,-347.26,21.38,18.89,0.587,0,,0,0.00,0.00,0.00,251.445,-339.560,4.259,-78.84,-3.86,67.90,4.556,0.000,0.00,1.00,1,0,1,0,0,0,-3.86,2.87,-3.10,0.2889,0.2155,0.6386,1,4.556,0,0.443,0,swing,swingCornerBank,1.000,2,0.439 0.371 0.024 0.583 0.797 0.587 -0.643 -0.305 -0.453 -0.432,251.34,-339.30,4.36,-3.45,-79.13,100.14,-1,-1,-1,-1,0.366,0.569 0.578 -0.295 -0.408,11.5,1,-1.000,-1.000,0.3449,-0.41,,-1.000,0.0,0.0,0.0,,,51.3,26.7,48.8,,0.000,0.0,11.5,-1.00,-1.0,0.0,0,1500,-1.0,132.9,-1.0,0.0,0.00,5.00,-1,0,0.000,0,0.00,37.70,0,0,1,0.0,2,0.00,0.000,0.65,0.00,1.439,0.242,0.000,-1.000,-1.000,-1.000,-1.000,None,83.3,-1.0,0,4,0.00,0,0,0,0,0.00,2,0,0.000,0.000,-1,-1,-1,-1,-1,-1,-1,-1,-999,-1,-1,0,-1,-1,-1,-1.0,0,0.00,0,1,0.43294,0.52577,1.08807,-0.92821,2.98,4.98,0,0
186,3.1000,swing,swingBottom,250.629,-344.230,3.330,5.400,-17.131,-5.190,18.697,17.962,2.380,266.00,-347.26,21.38,18.89,0.597,0,,0,0.00,0.00,0.00,251.549,-339.826,4.164,-78.60,-4.28,67.99,4.576,0.000,0.00,1.00,1,0,1,0,0,0,-4.28,2.88,-3.12,0.2905,0.2129,0.6300,1,4.576,0,0.444,0,swing,swingCornerBank,1.000,2,0.434 0.379 0.019 0.583 0.794 0.598 -0.637 -0.317 -0.450 -0.448,251.44,-339.56,4.26,-3.86,-78.84,100.24,-1,-1,-1,-1,0.374,0.568 0.590 -0.306 -0.422,10.9,1,-1.000,-1.000,0.3422,-0.48,,-1.000,0.0,0.0,0.0,,,50.4,25.8,47.9,,0.000,0.0,11.5,-1.00,-1.0,0.0,0,1500,-1.0,133.2,-1.0,0.0,0.00,5.00,-1,0,0.000,0,0.00,38.28,0,0,1,0.0,2,0.00,0.000,0.65,0.00,1.440,0.242,0.000,-1.000,-1.000,-1.000,-1.000,None,83.2,-1.0,0,4,0.00,0,0,0,0,0.00,2,0,0.000,0.000,-1,-1,-1,-1,-1,-1,-1,-1,-999,-1,-1,0,-1,-1,-1,-1.0,0,0.00,0,1,0.42899,0.51624,1.10810,-0.99583,2.97,5.16,0,0
187,3.1167,swing,swingBottom,250.721,-344.519,3.246,5.609,-17.407,-4.965,18.950,18.288,2.296,266.00,-347.26,21.38,18.89,0.608,0,,0,0.00,0.00,0.00,251.656,-340.097,4.071,-78.40,-4.69,68.07,4.594,0.000,0.00,1.00,1,0,1,0,0,0,-4.69,2.89,-3.13,0.2921,0.2101,0.6213,1,4.594,0,0.445,0,swing,swingCornerBank,1.000,2,0.430 0.386 0.014 0.582 0.792 0.609 -0.630 -0.329 -0.447 -0.463,251.55,-339.83,4.16,-4.28,-78.60,100.34,-1,-1,-1,-1,0.381,0.566 0.602 -0.317 -0.436,10.2,1,-1.000,-1.000,0.3400,-0.55,,-1.000,0.0,0.0,0.0,,,49.5,24.9,47.0,,0.000,0.0,11.5,-1.00,-1.0,0.0,0,1500,-1.0,133.5,-1.0,0.0,0.00,5.00,-1,0,0.000,0,0.00,38.28,0,0,1,0.0,2,0.00,0.000,0.65,0.00,1.440,0.243,0.000,-1.000,-1.000,-1.000,-1.000,None,83.1,-1.0,0,4,0.00,0,0,0,0,0.00,2,0,0.000,0.000,-1,-1,-1,-1,-1,-1,-1,-1,-999,-1,-1,0,-1,-1,-1,-1.0,0,0.00,0,1,0.42547,0.50671,1.13131,-1.07083,2.97,5.36,0,0
188,3.1333,swing,swingBottom,250.817,-344.812,3.164,5.796,-17.676,-4.723,19.192,18.602,2.214,266.00,-347.26,21.38,18.89,0.618,0,,0,0.00,0.00,0.00,251.765,-340.373,3.981,-78.25,-5.05,68.14,4.612,0.000,0.00,1.00,1,0,1,0,0,0,-5.05,2.90,-3.15,0.2935,0.2073,0.6130,1,4.612,0,0.446,0,swing,swingCornerBank,1.000,2,0.426 0.393 0.010 0.581 0.790 0.620 -0.624 -0.339 -0.445 -0.478,251.66,-340.10,4.07,-4.69,-78.40,100.42,-1,-1,-1,-1,0.388,0.564 0.613 -0.328 -0.450,9.6,1,-1.000,-1.000,0.3382,-0.62,,-1.000,0.0,0.0,0.0,,,48.5,23.9,46.2,,0.000,0.0,11.5,-1.00,-1.0,0.0,0,1500,-1.0,133.8,-1.0,0.0,0.00,5.00,-1,0,0.000,0,0.00,38.28,0,0,1,0.0,2,0.00,0.000,0.65,0.00,1.441,0.244,0.000,-1.000,-1.000,-1.000,-1.000,None,83.0,-1.0,0,4,0.00,0,0,0,0,0.00,2,0,0.000,0.000,-1,-1,-1,-1,-1,-1,-1,-1,-999,-1,-1,0,-1,-1,-1,-1.0,0,0.00,0,1,0.42229,0.49762,1.15721,-1.15180,2.96,5.58,0,0
189,3.1500,swing,swingBottom,250.922,-345.117,3.128,5.974,-17.937,-4.465,19.426,18.906,2.178,266.00,-347.26,21.38,18.85,0.628,0,,0,0.00,0.00,0.00,251.877,-340.654,3.901,-78.03,-5.31,68.20,4.630,0.000,0.00,1.00,1,0,1,0,0,0,-5.31,2.91,-3.17,0.2935,0.2043,0.5992,1,4.630,0,0.448,0,swing,swingCornerBank,1.000,2,0.421 0.399 0.005 0.580 0.788 0.630 -0.617 -0.349 -0.441 -0.491,251.77,-340.37,3.98,-5.05,-78.25,100.50,-1,-1,-1,-1,0.395,0.563 0.624 -0.339 -0.462,8.9,1,-1.000,-1.000,0.3366,-0.69,,-1.000,0.0,0.0,0.0,,,47.6,23.0,45.3,,0.000,0.0,11.5,-1.00,-1.0,0.0,0,1500,-1.0,134.0,-1.0,0.0,0.00,5.00,-1,0,0.000,0,0.00,38.28,0,0,1,0.0,2,0.00,0.000,0.65,0.00,1.442,0.245,0.000,-1.000,-1.000,-1.000,-1.000,None,82.9,-1.0,0,4,0.00,0,0,0,0,0.00,2,0,0.000,0.000,-1,-1,-1,-1,-1,-1,-1,-1,-999,-1,-1,0,-1,-1,-1,-1.0,0,0.00,0,1,0.41930,0.48365,1.18193,-1.23034,2.96,5.80,0,0
190,3.1667,swing,swingBottom,251.036,-345.433,3.131,6.144,-18.190,-4.190,19.652,19.200,2.181,266.00,-347.26,21.38,18.77,0.638,0,,0,0.00,0.00,0.00,251.992,-340.941,3.839,-77.79,-5.47,68.26,4.647,0.000,0.00,1.00,1,0,1,0,0,0,-5.47,2.93,-3.18,0.2929,0.2014,0.5830,1,4.647,0,0.449,0,swing,swingCornerBank,1.000,2,0.417 0.405 0.001 0.578 0.786 0.639 -0.610 -0.358 -0.437 -0.503,251.88,-340.65,3.90,-5.31,-78.03,100.56,-1,-1,-1,-1,0.402,0.561 0.634 -0.349 -0.475,8.3,1,-1.000,-1.000,0.3353,-0.76,,-1.000,0.0,0.0,0.0,,,46.8,22.0,44.5,,0.000,0.0,11.5,-1.00,-1.0,0.0,0,1500,-1.0,134.2,-1.0,0.0,0.00,5.00,-1,0,0.000,0,0.00,38.28,0,0,1,0.0,2,0.00,0.000,0.65,0.00,1.443,0.246,0.000,-1.000,-1.000,-1.000,-1.000,None,82.9,-1.0,0,4,0.00,0,0,0,0,0.00,2,0,0.000,0.000,-1,-1,-1,-1,-1,-1,-1,-1,-999,-1,-1,0,-1,-1,-1,-1.0,0,0.00,0,1,0.41654,0.46743,1.20570,-1.30532,2.95,6.01,0,0
191,3.1833,swing,swingBottom,251.150,-345.750,3.131,6.291,-18.434,-3.897,19.864,19.478,2.181,266.00,-347.26,21.38,18.70,0.648,0,,0,0.00,0.00,0.00,252.108,-341.251,3.797,-77.77,-5.50,68.26,4.648,0.000,0.00,1.00,1,0,1,0,0,0,-5.50,2.94,-3.20,0.2940,0.1992,0.5732,1,4.648,0,0.451,0,swing,swingCornerBank,1.000,2,0.414 0.410 -0.002 0.576 0.786 0.647 -0.604 -0.366 -0.434 -0.514,251.99,-340.94,3.84,-5.47,-77.79,100.63,-1,-1,-1,-1,0.408,0.559 0.644 -0.358 -0.487,7.6,1,-1.000,-1.000,0.3353,-0.82,,-1.000,0.0,0.0,0.0,,,46.0,21.0,43.8,,0.000,0.0,11.5,-1.00,-1.0,0.0,0,1500,-1.0,134.5,-1.0,0.0,0.00,5.00,-1,0,0.000,0,0.00,38.28,0,0,1,0.0,2,0.00,0.000,0.65,0.00,1.443,0.247,0.000,-1.000,-1.000,-1.000,-1.000,None,82.8,-1.0,0,4,0.00,0,0,0,0,0.00,2,0,0.000,0.000,-1,-1,-1,-1,-1,-1,-1,-1,-999,-1,-1,0,-1,-1,-1,-1.0,0,0.00,0,1,0.41543,0.45704,1.23684,-1.38996,2.96,6.26,0,0
192,3.2000,swing,swingBottom,251.266,-346.069,3.130,6.430,-18.669,-3.589,20.069,19.745,2.180,266.00,-347.26,21.38,18.64,0.658,0,,0,0.00,0.00,0.00,252.226,-341.570,3.770,-78.05,-5.50,68.17,4.644,0.000,0.00,1.00,1,0,1,0,0,0,-5.50,2.95,-3.22,0.2958,0.1971,0.5665,1,4.644,0,0.453,0,swing,swingBottom,1.000,2,0.411 0.415 -0.003 0.574 0.787 0.653 -0.599 -0.372 -0.434 -0.522,252.11,-341.25,3.80,-5.50,-77.77,100.63,-1,-1,-1,-1,0.414,0.557 0.653 -0.366 -0.497,7.1,1,-1.000,-1.000,0.3374,-0.88,,-1.000,0.0,0.0,0.0,,,45.2,19.9,43.2,,0.000,0.0,11.5,-1.00,-1.0,0.0,0,1500,-1.0,134.5,-1.0,0.0,0.00,5.00,-1,0,0.000,0,0.00,38.48,0,0,1,0.0,2,0.00,0.000,0.65,0.00,1.443,0.249,0.000,-1.000,-1.000,-1.000,-1.000,None,82.8,-1.0,0,4,0.00,0,0,0,0,0.00,2,0,0.000,0.000,-1,-1,-1,-1,-1,-1,-1,-1,-999,-1,-1,0,-1,-1,-1,-1.0,0,0.00,0,1,0.41638,0.44984,1.28292,-1.50359,2.97,6.61,0,0
193,3.2167,swing,swingBottom,251.383,-346.390,3.129,6.562,-18.893,-3.266,20.265,20.000,2.179,266.00,-347.26,21.38,18.58,0.668,0,,0,0.00,0.00,0.00,252.347,-341.892,3.754,-78.57,-5.50,67.99,4.642,0.000,0.00,1.00,1,0,1,0,0,0,-5.50,2.97,-3.23,0.2976,0.1946,0.5615,1,4.642,0,0.455,0,swing,swingBottom,1.000,2,0.409 0.419 -0.005 0.571 0.789 0.659 -0.595 -0.378 -0.433 -0.530,252.23,-341.57,3.77,-5.50,-78.05,100.52,-1,-1,-1,-1,0.419,0.555 0.662 -0.375 -0.507,6.5,1,-1.000,-1.000,0.3412,-0.94,,-1.000,0.0,0.0,0.0,,,44.5,18.9,42.6,,0.000,0.0,11.5,-1.00,-1.0,0.0,0,1500,-1.0,134.2,-1.0,0.0,0.00,5.00,-1,0,0.000,0,0.00,38.48,0,0,1,0.0,2,0.00,0.000,0.65,0.00,1.444,0.251,0.000,-1.000,-1.000,-1.000,-1.000,None,82.8,-1.0,0,4,0.00,0,0,0,0,0.00,2,0,0.000,0.000,-1,-1,-1,-1,-1,-1,-1,-1,-999,-1,-1,0,-1,-1,-1,-1.0,0,0.00,0,1,0.41881,0.44433,1.34494,-1.65114,2.98,7.07,0,0
194,3.2333,swing,swingBottom,251.500,-346.713,3.128,6.668,-19.106,-2.926,20.447,20.236,2.178,266.00,-347.26,21.38,18.53,0.677,0,,0,0.00,0.00,0.00,252.470,-342.216,3.743,-79.28,-5.50,67.75,4.641,0.000,0.00,1.00,1,0,1,0,0,0,-5.50,2.98,-3.25,0.2993,0.1919,0.5575,1,4.641,0,0.456,0,swing,swingBottom,1.000,2,0.407 0.423 -0.006 0.568 0.790 0.665 -0.590 -0.383 -0.434 -0.538,252.35,-341.89,3.75,-5.50,-78.57,100.34,-1,-1,-1,-1,0.425,0.553 0.670 -0.382 -0.516,6.0,1,-1.000,-1.000,0.3462,-1.00,,-1.000,0.0,0.0,0.0,,,43.7,17.8,42.0,,0.000,0.0,11.5,-1.00,-1.0,0.0,0,1500,-1.0,133.7,-1.0,0.0,0.00,5.00,-1,0,0.000,0,0.00,38.48,0,0,1,0.0,2,0.00,0.000,0.65,0.00,1.444,0.254,0.000,-1.000,-1.000,-1.000,-1.000,None,82.8,-1.0,0,4,0.00,0,0,0,0,0.00,2,0,0.000,0.000,-1,-1,-1,-1,-1,-1,-1,-1,-999,-1,-1,0,-1,-1,-1,-1.0,0,0.00,0,1,0.42238,0.43981,1.42533,-1.83982,3.00,7.66,0,0
195,3.2500,swing,swingBottom,251.619,-347.038,3.129,6.768,-19.307,-2.573,20.620,20.459,2.179,266.00,-347.26,21.38,18.48,0.686,0,,0,0.00,0.00,0.00,252.595,-342.543,3.737,-80.12,-5.50,67.47,4.640,0.000,0.00,1.00,1,0,1,0,0,0,-5.50,3.00,-3.27,0.3008,0.1891,0.5538,1,4.640,0,0.458,0,swing,swingBottom,1.000,2,0.404 0.426 -0.007 0.566 0.791 0.669 -0.586 -0.387 -0.434 -0.543,252.47,-342.22,3.74,-5.50,-79.28,100.09,-1,-1,-1,-1,0.430,0.551 0.678 -0.389 -0.524,5.5,1,-1.000,-1.000,0.3521,-1.05,,-1.000,0.0,0.0,0.0,,,43.1,16.6,41.5,,0.000,0.0,11.5,-1.00,-1.0,0.0,0,1500,-1.0,133.0,-1.0,0.0,0.00,5.00,-1,0,0.000,0,0.00,38.48,0,0,1,0.0,2,0.00,0.000,0.65,0.00,1.444,0.257,0.000,-1.000,-1.000,-1.000,-1.000,None,82.8,-1.0,0,4,0.00,0,0,0,0,0.00,2,0,0.000,0.000,-1,-1,-1,-1,-1,-1,-1,-1,-999,-1,-1,0,-1,-1,-1,-1.0,0,0.00,0,1,0.42682,0.43580,1.52815,-2.08050,3.02,8.42,0,0
196,3.2667,swing,swingBottom,251.738,-347.365,3.131,6.860,-19.496,-2.208,20.785,20.668,2.181,266.00,-347.26,21.38,18.44,0.695,0,,0,0.00,0.00,0.00,252.720,-342.871,3.734,-81.06,-5.50,67.16,4.639,0.000,0.00,1.00,1,0,1,0,0,0,-5.50,3.02,-3.28,0.3022,0.1863,0.5504,1,4.639,0,0.460,0,swing,swingBottom,1.000,2,0.402 0.429 -0.009 0.563 0.792 0.674 -0.581 -0.391 -0.434 -0.549,252.59,-342.54,3.74,-5.50,-80.12,99.79,-1,-1,-1,-1,0.434,0.548 0.686 -0.396 -0.531,5.0,1,-1.000,-1.000,0.3588,-1.09,,-1.000,0.0,0.0,0.0,,,42.4,15.5,41.0,,0.000,0.0,11.5,-1.00,-1.0,0.0,0,1500,-1.0,132.2,-1.0,0.0,0.00,5.00,-1,0,0.000,0,0.00,38.48,0,0,1,0.0,2,0.00,0.000,0.65,0.00,1.444,0.260,0.000,-1.000,-1.000,-1.000,-1.000,None,82.8,-1.0,0,4,0.00,0,0,0,0,0.00,2,0,0.000,0.000,-1,-1,-1,-1,-1,-1,-1,-1,-999,-1,-1,0,-1,-1,-1,-1.0,0,0.00,0,1,0.43195,0.43198,1.65988,-2.38985,3.04,9.41,0,0
197,3.2833,swing,swingBottom,251.857,-347.694,3.135,6.927,-19.672,-1.829,20.936,20.856,2.185,266.00,-347.26,21.38,18.40,0.704,0,,0,0.00,0.00,0.00,252.847,-343.202,3.733,-82.07,-5.50,66.83,4.639,0.000,0.00,1.00,1,0,1,0,0,0,-5.50,3.04,-3.30,0.3036,0.1834,0.5468,1,4.639,0,0.463,0,swing,swingBottom,1.000,2,0.399 0.432 -0.012 0.560 0.792 0.678 -0.576 -0.394 -0.433 -0.553,252.72,-342.87,3.73,-5.50,-81.06,99.45,-1,-1,-1,-1,0.439,0.546 0.694 -0.402 -0.537,4.6,1,-1.000,-1.000,0.3659,-1.14,,-1.000,0.0,0.0,0.0,,,41.7,14.3,40.5,,0.000,0.0,11.5,-1.00,-1.0,0.0,0,1500,-1.0,131.2,-1.0,0.0,0.00,5.00,-1,0,0.000,0,0.00,38.48,0,0,1,0.0,2,0.00,0.000,0.65,0.00,1.443,0.264,0.000,-1.000,-1.000,-1.000,-1.000,None,82.8,-1.0,0,4,0.00,0,0,0,0,0.00,2,0,0.000,0.000,-1,-1,-1,-1,-1,-1,-1,-1,-999,-1,-1,0,-1,-1,-1,-1.0,0,0.00,0,1,0.43756,0.42819,1.83115,-2.79465,3.06,10.69,0,0
198,3.3000,swing,swingBottom,251.977,-348.025,3.142,6.988,-19.834,-1.439,21.078,21.029,2.192,266.00,-347.26,21.38,18.36,0.712,0,,0,0.00,0.00,0.00,252.974,-343.535,3.734,-83.12,-5.50,66.48,4.638,0.000,0.00,1.00,1,0,1,0,0,0,-5.50,3.06,-3.32,0.3049,0.1807,0.5432,1,4.638,0,0.465,0,swing,swingBottom,1.000,2,0.396 0.435 -0.015 0.557 0.791 0.682 -0.570 -0.397 -0.432 -0.556,252.85,-343.20,3.73,-5.50,-82.07,99.09,-1,-1,-1,-1,0.443,0.544 0.701 -0.407 -0.542,4.1,1,-1.000,-1.000,0.3733,-1.17,,-1.000,0.0,0.0,0.0,,,41.2,13.1,40.1,,0.000,0.0,11.5,-1.00,-1.0,0.0,0,1500,-1.0,130.2,-1.0,0.0,0.00,5.00,-1,0,0.000,0,0.00,38.46,0,0,1,0.0,2,0.00,0.000,0.65,0.00,1.442,0.268,0.000,-1.000,-1.000,-1.000,-1.000,None,82.9,-1.0,0,4,0.00,0,0,0,0,0.00,2,0,0.000,0.000,-1,-1,-1,-1,-1,-1,-1,-1,-999,-1,-1,0,-1,-1,-1,-1.0,0,0.00,0,1,0.44349,0.42436,2.05975,-3.33895,3.08,12.43,0,0
199,3.3167,swing,swingBottom,252.097,-348.358,3.153,7.042,-19.982,-1.040,21.212,21.186,2.203,266.00,-347.26,21.38,18.33,0.720,0,,0,0.00,0.00,0.00,253.101,-343.869,3.738,-84.19,-5.50,66.13,4.637,0.000,0.00,1.00,1,0,1,0,0,0,-5.50,3.08,-3.33,0.3062,0.1781,0.5395,1,4.637,0,0.467,0,swing,swingBottom,1.000,2,0.393 0.437 -0.020 0.553 0.790 0.686 -0.563 -0.398 -0.430 -0.559,252.97,-343.53,3.73,-5.50,-83.12,98.72,-1,-1,-1,-1,0.447,0.540 0.708 -0.411 -0.546,3.7,1,-1.000,-1.000,0.3809,-1.20,,-1.000,0.0,0.0,0.0,,,40.6,11.9,39.7,,0.000,0.0,11.5,-1.00,-1.0,0.0,0,1500,-1.0,129.2,-1.0,0.0,0.00,5.00,-1,0,0.000,0,0.00,38.46,0,0,1,0.0,2,0.00,0.000,0.65,0.00,1.442,0.272,0.000,-1.000,-1.000,-1.000,-1.000,None,82.9,-1.0,0,4,0.00,0,0,0,0,0.00,2,0,0.000,0.000,-1,-1,-1,-1,-1,-1,-1,-1,-999,-1,-1,0,-1,-1,-1,-1.0,0,0.00,0,1,0.44965,0.42040,2.37724,-4.10056,3.11,14.86,0,0
200,3.3333,swing,swingBottom,252.218,-348.693,3.167,7.072,-20.115,-0.629,21.331,21.322,2.217,266.00,-347.26,21.38,18.30,0.728,0,,0,0.00,0.00,0.00,253.228,-344.205,3.744,-85.27,-5.50,65.78,4.636,0.000,0.00,1.00,1,0,1,0,0,0,-5.50,3.11,-3.35,0.3074,0.1756,0.5356,1,4.636,0,0.469,0,swing,swingBottom,1.000,2,0.389 0.439 -0.025 0.549 0.787 0.689 -0.555 -0.400 -0.428 -0.560,253.10,-343.87,3.74,-5.50,-84.19,98.34,-1,-1,-1,-1,0.451,0.537 0.714 -0.415 -0.549,3.3,1,-1.000,-1.000,0.3885,-1.22,,-1.000,0.0,0.0,0.0,,,40.1,10.7,39.4,,0.000,0.0,11.5,-1.00,-1.0,0.0,0,1500,-1.0,128.1,-1.0,0.0,0.00,5.00,-1,0,0.000,0,0.00,38.46,0,0,1,0.0,2,0.00,0.000,0.65,0.00,1.440,0.277,0.000,-1.000,-1.000,-1.000,-1.000,None,83.0,-1.0,0,4,0.00,0,0,0,0,0.00,2,0,0.000,0.000,-1,-1,-1,-1,-1,-1,-1,-1,-999,-1,-1,0,-1,-1,-1,-1.0,0,0.00,0,1,0.45590,0.41630,2.84584,-5.23234,3.13,18.47,0,0
201,3.3500,swing,swingBottom,252.338,-349.029,3.186,7.095,-20.233,-0.211,21.442,21.441,2.236,266.00,-347.26,21.38,18.28,0.735,0,,0,0.00,0.00,0.00,253.355,-344.543,3.754,-86.34,-5.50,65.43,4.635,0.000,0.00,1.00,1,0,1,0,0,0,-5.50,3.13,-3.37,0.3086,0.1732,0.5315,1,4.635,0,0.471,0,swing,swingBottom,1.000,2,0.385 0.441 -0.031 0.545 0.783 0.691 -0.547 -0.400 -0.425 -0.561,253.23,-344.21,3.74,-5.50,-85.27,97.96,-1,-1,-1,-1,0.454,0.533 0.719 -0.418 -0.552,3.0,1,-1.000,-1.000,0.3961,-1.24,,-1.000,0.0,0.0,0.0,,,39.6,9.5,39.1,,0.000,0.0,11.5,-1.00,-1.0,0.0,0,1500,-1.0,127.1,-1.0,0.0,0.00,5.00,-1,0,0.000,0,0.00,38.46,0,0,1,0.0,2,0.00,0.000,0.65,0.00,1.439,0.281,0.000,-1.000,-1.000,-1.000,-1.000,None,83.1,-1.0,0,4,0.00,0,0,0,0,0.00,2,0,0.000,0.000,-1,-1,-1,-1,-1,-1,-1,-1,-999,-1,-1,0,-1,-1,-1,-1.0,0,0.00,0,1,0.46217,0.41210,3.60489,-7.07631,3.16,24.36,0,0
202,3.3667,swing,swingBottom,252.459,-349.368,3.209,7.150,-20.441,0.217,21.656,21.655,2.259,266.00,-347.26,21.38,18.26,0.741,0,,0,0.00,0.00,0.00,253.482,-344.883,3.768,-87.38,-5.50,65.09,4.634,0.000,0.00,1.00,1,0,1,0,0,0,-5.50,3.16,-3.38,0.3101,0.1709,0.5275,1,4.634,0,0.474,0,swing,swingBottom,1.000,2,0.380 0.442 -0.038 0.540 0.779 0.693 -0.538 -0.400 -0.422 -0.562,253.36,-344.54,3.75,-5.50,-86.34,97.58,-1,-1,-1,-1,0.456,0.528 0.724 -0.420 -0.553,2.7,1,-1.000,-1.000,0.4036,-1.24,,-1.000,0.0,0.0,0.0,,,39.2,8.3,38.8,,0.000,0.0,11.5,-1.00,-1.0,0.0,0,1500,-1.0,126.0,-1.0,0.0,0.00,5.00,-1,0,0.000,0,0.00,38.46,0,0,1,0.0,2,0.00,0.000,0.65,0.00,1.438,0.286,0.000,-1.000,-1.000,-1.000,-1.000,None,83.1,-1.0,0,4,0.00,0,0,0,0,0.00,2,0,0.000,0.000,-1,-1,-1,-1,-1,-1,-1,-1,-999,-1,-1,0,-1,-1,-1,-1.0,0,0.00,0,1,0.46842,0.40780,5.04212,-10.58394,3.19,35.58,0,0
203,3.3833,swing,swingBottom,252.580,-349.711,3.237,7.210,-20.719,0.663,21.947,21.937,2.287,266.00,-347.26,21.38,18.23,0.749,0,,0,0.00,0.00,0.00,253.607,-345.227,3.785,-88.39,-5.50,64.77,4.633,0.000,0.00,1.00,1,0,1,0,0,0,-5.50,3.18,-3.40,0.3112,0.1693,0.5233,1,4.633,0,0.476,0,swing,swingBottom,1.000,2,0.377 0.443 -0.044 0.535 0.775 0.694 -0.529 -0.398 -0.420 -0.561,253.48,-344.88,3.77,-5.50,-87.38,97.22,-1,-1,-1,-1,0.458,0.523 0.727 -0.421 -0.554,2.5,1,-1.000,-1.000,0.4108,-1.25,,-1.000,0.0,0.0,0.0,,,39.0,7.1,38.7,,0.000,0.0,11.5,-1.00,-1.0,0.0,0,1500,-1.0,125.0,-1.0,0.0,0.00,5.00,-1,0,0.000,0,0.00,38.46,0,0,1,0.0,2,0.00,0.000,0.65,0.00,1.436,0.290,0.000,-1.000,-1.000,-1.000,-1.000,None,83.1,-1.0,0,4,0.00,0,0,0,0,0.00,2,0,0.000,0.000,-1,-1,-1,-1,-1,-1,-1,-1,-999,-1,-1,0,-1,-1,-1,-1.0,0,0.00,0,1,0.47461,0.40349,8.79938,-19.78337,3.21,64.99,0,0
204,3.4000,swing,swingBottom,252.702,-350.058,3.271,7.253,-20.954,1.125,22.203,22.174,2.321,266.00,-347.26,21.38,18.22,0.756,0,,0,0.00,0.00,0.00,253.733,-345.575,3.807,-89.35,-5.50,64.45,4.631,0.000,0.00,1.00,1,0,1,0,0,0,-5.50,3.21,-3.42,0.3125,0.1680,0.5189,1,4.631,0,0.477,0,swing,swingBottom,1.000,2,0.372 0.443 -0.052 0.530 0.769 0.695 -0.519 -0.396 -0.416 -0.560,253.61,-345.23,3.79,-5.50,-88.39,96.86,-1,-1,-1,-1,0.460,0.517 0.731 -0.420 -0.554,2.3,1,-1.000,-1.000,0.4176,-1.24,,-1.000,0.0,0.0,0.0,,,38.8,6.0,38.5,,0.000,0.0,11.5,-1.00,-1.0,0.0,0,1500,-1.0,124.0,-1.0,0.0,0.00,5.00,-1,0,0.000,0,0.00,37.19,0,0,1,0.0,2,0.00,0.000,0.65,0.00,1.434,0.295,0.000,-1.000,-1.000,-1.000,-1.000,None,83.0,-1.0,0,4,0.00,0,0,0,0,0.00,2,0,0.000,0.000,-1,-1,-1,-1,-1,-1,-1,-1,-999,-1,-1,0,-1,-1,-1,-1.0,0,0.00,0,1,0.48062,0.39901,44.73607,-107.92457,3.24,346.84,0,0
205,3.4167,swing,swingBottom,252.825,-350.409,3.311,7.281,-21.150,1.600,22.425,22.368,2.361,266.00,-347.26,21.38,18.20,0.764,0,,0,0.00,0.00,0.00,253.858,-345.926,3.834,-90.27,-5.50,64.16,4.630,0.000,0.00,1.00,1,0,1,0,0,0,-5.50,3.24,-3.43,0.3139,0.1667,0.5144,1,4.630,0,0.479,0,swing,swingBottom,1.000,2,0.367 0.443 -0.061 0.523 0.763 0.696 -0.507 -0.393 -0.412 -0.560,253.73,-345.58,3.81,-5.50,-89.35,96.51,-1,-1,-1,-1,0.461,0.511 0.734 -0.420 -0.554,2.1,1,-1.000,-1.000,0.4242,-1.23,,-1.000,0.0,0.0,0.0,,,38.6,4.8,38.4,,0.000,0.0,11.5,-1.00,-1.0,0.0,0,1500,-1.0,123.1,-1.0,0.0,0.00,5.00,-1,0,0.000,0,0.00,37.19,0,0,1,0.0,2,0.00,0.000,0.65,0.00,1.432,0.299,0.000,-1.000,-1.000,-1.000,-1.000,None,83.0,-1.0,0,4,0.00,0,0,0,0,0.00,2,0,0.000,0.000,-1,-1,-1,-1,-1,-1,-1,-1,-999,-1,-1,0,-1,-1,-1,-1.0,0,0.00,0,1,0.48644,0.39431,101.44668,-249.14035,3.27,883.33,0,0
206,3.4333,swing,swingBottom,252.947,-350.762,3.357,7.277,-21.306,2.086,22.611,22.514,2.407,266.00,-347.26,21.38,18.18,0.773,0,,0,0.00,0.00,0.00,253.983,-346.280,3.866,-91.16,-5.50,63.88,4.628,0.000,0.00,1.00,1,0,1,0,0,0,-5.50,3.27,-3.45,0.3153,0.1653,0.5097,1,4.628,0,0.480,0,swing,swingBottom,1.000,2,0.362 0.444 -0.071 0.517 0.756 0.696 -0.495 -0.390 -0.406 -0.559,253.86,-345.93,3.83,-5.50,-90.27,96.19,-1,-1,-1,-1,0.462,0.505 0.736 -0.418 -0.555,1.9,1,-1.000,-1.000,0.4306,-1.21,,-1.000,0.0,0.0,0.0,,,38.3,3.6,38.3,,0.000,0.0,11.5,-1.00,-1.0,0.0,0,1500,-1.0,122.1,-1.0,0.0,0.00,5.00,-1,0,0.000,0,0.00,37.19,0,0,1,0.0,2,0.00,0.000,0.65,0.00,1.429,0.304,0.000,-1.000,-1.000,-1.000,-1.000,None,83.0,-1.0,0,4,0.00,0,0,0,0,0.00,2,0,0.000,0.000,-1,-1,-1,-1,-1,-1,-1,-1,-999,-1,-1,0,-1,-1,-1,-1.0,0,0.00,0,1,0.49198,0.38942,90.54956,-224.46214,3.30,883.22,0,0
207,3.4500,swing,swingBottom,253.068,-351.117,3.410,7.261,-21.425,2.580,22.768,22.622,2.460,266.00,-347.26,21.38,18.17,0.780,0,,0,0.00,0.00,0.00,254.107,-346.635,3.904,-92.01,-5.50,63.61,4.626,0.000,0.00,1.00,1,0,1,0,0,0,-5.50,3.30,-3.47,0.3170,0.1639,0.5050,1,4.626,0,0.481,0,swing,swingBottom,1.000,2,0.356 0.444 -0.081 0.511 0.748 0.696 -0.482 -0.386 -0.401 -0.560,253.98,-346.28,3.87,-5.50,-91.16,95.88,-1,-1,-1,-1,0.464,0.498 0.738 -0.415 -0.557,1.7,1,-1.000,-1.000,0.4367,-1.19,,-1.000,0.0,0.0,0.0,,,38.2,2.3,38.1,,0.000,0.0,11.5,-1.00,-1.0,0.0,0,1500,-1.0,121.3,-1.0,0.0,0.00,5.00,-1,0,0.000,0,0.00,37.19,0,0,1,0.0,2,0.00,0.000,0.65,0.00,1.425,0.309,0.000,-1.000,-1.000,-1.000,-1.000,None,83.1,-1.0,0,4,0.00,0,0,0,0,0.00,2,0,0.000,0.000,-1,-1,-1,-1,-1,-1,-1,-1,-999,-1,-1,0,-1,-1,-1,-1.0,0,0.00,0,1,0.49724,0.38441,81.73427,-204.59096,3.32,882.85,0,0
208,3.4667,swing,swingBottom,253.190,-351.473,3.470,7.233,-21.508,3.078,22.900,22.692,2.520,266.00,-347.26,21.38,18.16,0.788,0,,0,0.00,0.00,0.00,254.232,-346.993,3.947,-92.82,-5.50,63.37,4.625,0.000,0.00,1.00,1,0,1,0,0,0,-5.50,3.34,-3.48,0.3186,0.1624,0.5001,1,4.625,0,0.481,0,swing,swingBottom,1.000,2,0.350 0.444 -0.092 0.504 0.740 0.696 -0.467 -0.381 -0.395 -0.560,254.11,-346.64,3.90,-5.50,-92.01,95.59,-1,-1,-1,-1,0.465,0.491 0.740 -0.412 -0.558,1.4,1,-1.000,-1.000,0.4426,-1.16,,-1.000,0.0,0.0,0.0,,,38.0,1.1,38.0,,0.000,0.0,11.5,-1.00,-1.0,0.0,0,1500,-1.0,120.4,-1.0,0.0,0.00,5.00,-1,0,0.000,0,0.00,37.19,0,0,1,0.0,2,0.00,0.000,0.65,0.00,1.422,0.314,0.000,-1.000,-1.000,-1.000,-1.000,None,83.1,-1.0,0,4,0.00,0,0,0,0,0.00,2,0,0.000,0.000,-1,-1,-1,-1,-1,-1,-1,-1,-999,-1,-1,0,-1,-1,-1,-1.0,0,0.00,0,1,0.50223,0.37925,74.44208,-188.23574,3.35,882.20,0,0
209,3.4833,swing,swingBottom,253.310,-351.831,3.537,7.178,-21.559,3.581,23.002,22.722,2.587,266.00,-347.26,21.38,18.14,0.794,0,,0,0.00,0.00,0.00,254.356,-347.351,3.998,-93.61,-5.50,63.14,4.623,0.000,0.00,1.00,1,0,1,0,0,0,-5.50,3.37,-3.50,0.3205,0.1610,0.4953,1,4.623,0,0.482,0,swing,swingBottom,1.000,2,0.343 0.443 -0.103 0.497 0.731 0.696 -0.453 -0.376 -0.389 -0.561,254.23,-346.99,3.95,-5.50,-92.82,95.31,-1,-1,-1,-1,0.465,0.485 0.741 -0.408 -0.560,1.2,1,-1.000,-1.000,0.4482,-1.13,,-1.000,0.0,0.0,0.0,,,37.8,-0.2,37.8,,0.000,0.0,11.5,-1.00,-1.0,0.0,0,1500,-1.0,119.6,-1.0,0.0,0.00,5.00,-1,0,0.000,0,0.00,37.19,0,0,1,0.0,2,0.00,0.000,0.65,0.00,1.418,0.319,0.000,-1.000,-1.000,-1.000,-1.000,None,83.1,-1.0,0,4,0.00,0,0,0,0,0.00,2,0,0.000,0.000,-1,-1,-1,-1,-1,-1,-1,-1,-999,-1,-1,0,-1,-1,-1,-1.0,0,0.00,0,1,0.50689,0.37402,68.29490,-174.52434,3.38,881.27,0,0
210,3.5000,swing,swingBottom,253.429,-352.189,3.611,7.117,-21.587,4.086,23.095,22.730,2.661,266.00,-347.26,21.38,18.13,0.800,0,,0,0.00,0.00,0.00,254.480,-347.710,4.055,-94.36,-5.50,62.93,4.621,0.000,0.00,1.00,1,0,1,0,0,0,-5.50,3.40,-3.52,0.3223,0.1596,0.4904,1,4.621,0,0.482,0,swing,swingBottom,1.000,2,0.336 0.443 -0.115 0.490 0.721 0.695 -0.438 -0.370 -0.383 -0.563,254.36,-347.35,4.00,-5.50,-93.61,95.06,-1,-1,-1,-1,0.466,0.478 0.742 -0.404 -0.563,1.1,1,-1.000,-1.000,0.4534,-1.10,,-1.000,0.0,0.0,0.0,,,37.7,-1.5,37.7,,0.000,0.0,11.5,-1.00,-1.0,0.0,0,1500,-1.0,118.8,-1.0,0.0,0.00,5.00,-1,0,0.000,0,0.00,37.16,0,0,1,0.0,2,0.00,0.000,0.65,0.00,1.415,0.324,0.000,-1.000,-1.000,-1.000,-1.000,None,83.2,-1.0,0,4,0.00,0,0,0,0,0.00,2,0,0.000,0.000,-1,-1,-1,-1,-1,-1,-1,-1,-999,-1,-1,0,-1,-1,-1,-1.0,0,0.00,0,1,0.51125,0.36874,63.03337,-162.85406,3.40,880.08,0,0
211,3.5167,swing,swingBottom,253.547,-352.547,3.693,7.052,-21.597,4.593,23.179,22.720,2.743,266.00,-347.26,21.38,18.12,0.806,0,,0,0.00,0.00,0.00,254.604,-348.070,4.119,-95.08,-5.50,62.74,4.620,0.000,0.00,1.00,1,0,1,0,0,0,-5.50,3.44,-3.53,0.3243,0.1582,0.4856,1,4.620,0,0.481,0,swing,swingBottom,1.000,2,0.329 0.443 -0.126 0.484 0.711 0.693 -0.424 -0.365 -0.377 -0.565,254.48,-347.71,4.05,-5.50,-94.36,94.83,-1,-1,-1,-1,0.466,0.472 0.743 -0.399 -0.566,0.9,1,-1.000,-1.000,0.4584,-1.06,,-1.000,0.0,0.0,0.0,,,37.6,-2.8,37.6,,0.000,0.0,11.5,-1.00,-1.0,0.0,0,1500,-1.0,118.1,-1.0,0.0,0.00,5.00,-1,0,0.000,0,0.00,37.16,0,0,1,0.0,2,0.00,0.000,0.65,0.00,1.411,0.328,0.000,-1.000,-1.000,-1.000,-1.000,None,83.2,-1.0,0,4,0.00,0,0,0,0,0.00,2,0,0.000,0.000,-1,-1,-1,-1,-1,-1,-1,-1,-999,-1,-1,0,-1,-1,-1,-1.0,0,0.00,0,1,0.51531,0.36344,58.47324,-152.79541,3.43,878.61,0,0
212,3.5333,swing,swingBottom,253.664,-352.905,3.782,6.966,-21.589,5.103,23.251,22.685,2.832,266.00,-347.26,21.38,18.12,0.810,0,,0,0.00,0.00,0.00,254.726,-348.430,4.190,-95.77,-5.50,62.56,4.618,0.000,0.00,1.00,1,0,1,0,0,0,-5.50,3.48,-3.55,0.3262,0.1567,0.4807,1,4.618,0,0.481,0,swing,swingBottom,1.000,2,0.321 0.442 -0.137 0.478 0.701 0.692 -0.409 -0.358 -0.370 -0.567,254.60,-348.07,4.12,-5.50,-95.08,94.61,-1,-1,-1,-1,0.466,0.466 0.742 -0.394 -0.570,0.9,1,-1.000,-1.000,0.4631,-1.02,,-1.000,0.0,0.0,0.0,,,37.6,-4.1,37.5,,0.000,0.0,11.5,-1.00,-1.0,0.0,0,1500,-1.0,117.4,-1.0,0.0,0.00,5.00,-1,0,0.000,0,0.00,37.16,0,0,1,0.0,2,0.00,0.000,0.65,0.00,1.407,0.333,0.000,-1.000,-1.000,-1.000,-1.000,None,83.2,-1.0,0,4,0.00,0,0,0,0,0.00,2,0,0.000,0.000,-1,-1,-1,-1,-1,-1,-1,-1,-999,-1,-1,0,-1,-1,-1,-1.0,0,0.00,0,1,0.51905,0.35810,54.47357,-144.02390,3.46,876.89,0,0
213,3.5500,swing,swingBottom,253.779,-353.263,3.879,6.877,-21.561,5.612,23.316,22.631,2.929,266.00,-347.26,21.38,18.11,0.815,0,,0,0.00,0.00,0.00,254.848,-348.789,4.268,-96.43,-5.50,62.40,4.616,0.000,0.00,1.00,1,0,1,0,0,0,-5.50,3.51,-3.57,0.3280,0.1551,0.4757,1,4.616,0,0.480,0,swing,swingBottom,1.000,2,0.314 0.441 -0.146 0.473 0.691 0.690 -0.394 -0.351 -0.362 -0.570,254.73,-348.43,4.19,-5.50,-95.77,94.41,-1,-1,-1,-1,0.466,0.462 0.742 -0.387 -0.573,0.9,1,-1.000,-1.000,0.4675,-0.98,,-1.000,0.0,0.0,0.0,,,37.6,-5.4,37.4,,0.000,0.0,11.5,-1.00,-1.0,0.0,0,1500,-1.0,116.7,-1.0,0.0,0.00,5.00,-1,0,0.000,0,0.00,37.16,0,0,1,0.0,2,0.00,0.000,0.65,0.00,1.402,0.337,0.000,-1.000,-1.000,-1.000,-1.000,None,83.2,-1.0,0,4,0.00,0,0,0,0,0.00,2,0,0.000,0.000,-1,-1,-1,-1,-1,-1,-1,-1,-999,-1,-1,0,-1,-1,-1,-1.0,0,0.00,0,1,0.52247,0.35281,50.93276,-136.29945,3.48,874.93,0,0
214,3.5667,swing,swingBottom,253.892,-353.621,3.984,6.785,-21.514,6.121,23.374,22.559,3.034,266.00,-347.26,21.38,18.10,0.818,0,,0,0.00,0.00,0.00,254.968,-349.149,4.354,-97.05,-5.50,62.26,4.615,0.000,0.00,1.00,1,0,1,0,0,0,-5.50,3.55,-3.58,0.3296,0.1534,0.4707,1,4.615,0,0.479,0,swing,swingBottom,1.000,2,0.306 0.440 -0.156 0.468 0.680 0.687 -0.377 -0.343 -0.354 -0.571,254.85,-348.79,4.27,-5.50,-96.43,94.23,-1,-1,-1,-1,0.466,0.457 0.741 -0.380 -0.576,1.0,1,-1.000,-1.000,0.4717,-0.93,,-1.000,0.0,0.0,0.0,,,37.6,-6.7,37.2,,0.000,0.0,11.5,-1.00,-1.0,0.0,0,1500,-1.0,116.1,-1.0,0.0,0.00,5.00,-1,0,0.000,0,0.00,37.16,0,0,1,0.0,2,0.00,0.000,0.65,0.00,1.397,0.341,0.000,-1.000,-1.000,-1.000,-1.000,None,83.2,-1.0,0,4,0.00,0,0,0,0,0.00,2,0,0.000,0.000,-1,-1,-1,-1,-1,-1,-1,-1,-999,-1,-1,0,-1,-1,-1,-1.0,0,0.00,0,1,0.52562,0.34753,47.77099,-129.43301,3.51,872.73,0,0
215,3.5833,swing,swingBottom,254.004,-353.977,4.096,6.673,-21.449,6.628,23.421,22.463,3.146,266.00,-347.26,21.38,18.09,0.821,0,,0,0.00,0.00,0.00,255.087,-349.507,4.447,-97.65,-5.50,62.13,4.613,0.000,0.00,1.00,1,0,1,0,0,0,-5.50,3.59,-3.60,0.3312,0.1516,0.4656,1,4.613,0,0.478,0,swing,swingBottom,1.000,2,0.299 0.439 -0.164 0.465 0.669 0.684 -0.362 -0.334 -0.345 -0.572,254.97,-349.15,4.35,-5.50,-97.05,94.07,-1,-1,-1,-1,0.465,0.454 0.739 -0.372 -0.578,1.2,1,-1.000,-1.000,0.4757,-0.89,,-1.000,0.0,0.0,0.0,,,37.6,-8.0,37.1,,0.000,0.0,11.5,-1.00,-1.0,0.0,0,1500,-1.0,115.4,-1.0,0.0,0.00,5.00,-1,0,0.000,0,0.00,37.16,0,0,1,0.0,2,0.00,0.000,0.65,0.00,1.391,0.345,0.000,-1.000,-1.000,-1.000,-1.000,None,83.2,-1.0,0,4,0.00,0,0,0,0,0.00,2,0,0.000,0.000,-1,-1,-1,-1,-1,-1,-1,-1,-999,-1,-1,0,-1,-1,-1,-1.0,0,0.00,0,1,0.52847,0.34230,44.92894,-123.27817,3.53,870.33,0,0
216,3.6000,swing,swingBottom,254.114,-354.333,4.216,6.560,-21.365,7.132,23.460,22.350,3.266,266.00,-347.26,21.38,18.09,0.823,0,,0,0.00,0.00,0.00,255.205,-349.864,4.548,-98.22,-5.50,62.01,4.612,0.000,0.00,1.00,1,0,1,0,0,0,-5.50,3.63,-3.62,0.3325,0.1498,0.4605,1,4.612,0,0.477,0,swing,swingBottom,1.000,2,0.291 0.438 -0.172 0.463 0.658 0.681 -0.346 -0.324 -0.335 -0.572,255.09,-349.51,4.45,-5.50,-97.65,93.92,-1,-1,-1,-1,0.465,0.452 0.737 -0.362 -0.580,1.5,1,-1.000,-1.000,0.4794,-0.85,,-1.000,0.0,0.0,0.0,,,37.7,-9.2,37.1,,0.000,0.0,11.5,-1.00,-1.0,0.0,0,1500,-1.0,114.9,-1.0,0.0,0.00,5.00,-1,0,0.000,0,0.00,36.25,0,0,1,0.0,2,0.00,0.000,0.65,0.00,1.384,0.349,0.000,-1.000,-1.000,-1.000,-1.000,None,83.2,-1.0,0,4,0.00,0,0,0,0,0.00,2,0,0.000,0.000,-1,-1,-1,-1,-1,-1,-1,-1,-999,-1,-1,0,-1,-1,-1,-1.0,0,0.00,0,1,0.53105,0.33715,42.35647,-117.71757,3.55,867.72,0,0
217,3.6167,swing,swingBottom,254.222,-354.687,4.344,6.444,-21.263,7.633,23.493,22.219,3.394,266.00,-347.26,21.38,18.08,0.825,0,,0,0.00,0.00,0.00,255.321,-350.220,4.657,-98.76,-5.50,61.90,4.611,0.000,0.00,1.00,1,0,1,0,0,0,-5.50,3.67,-3.63,0.3337,0.1479,0.4554,1,4.611,0,0.475,0,swing,swingBottom,1.000,2,0.284 0.436 -0.179 0.462 0.648 0.677 -0.330 -0.314 -0.325 -0.572,255.21,-349.86,4.55,-5.50,-98.22,93.79,-1,-1,-1,-1,0.464,0.452 0.735 -0.352 -0.581,1.7,1,-1.000,-1.000,0.4829,-0.80,,-1.000,0.0,0.0,0.0,,,37.8,-10.5,37.0,,0.000,0.0,11.5,-1.00,-1.0,0.0,0,1500,-1.0,114.3,-1.0,0.0,0.00,5.00,-1,0,0.000,0,0.00,36.25,0,0,1,0.0,2,0.00,0.000,0.65,0.00,1.377,0.353,0.000,-1.000,-1.000,-1.000,-1.000,None,83.2,-1.0,0,4,0.00,0,0,0,0,0.00,2,0,0.000,0.000,-1,-1,-1,-1,-1,-1,-1,-1,-999,-1,-1,0,-1,-1,-1,-1.0,0,0.00,0,1,0.53339,0.33207,40.01599,-112.66284,3.58,864.94,0,0
218,3.6333,swing,swingHigh,254.327,-355.039,4.480,6.311,-21.144,8.130,23.515,22.065,3.530,266.00,-347.26,21.38,18.08,0.826,0,,0,0.00,0.00,0.00,255.436,-350.574,4.773,-99.28,-5.50,61.81,4.609,0.000,0.00,1.00,1,0,1,0,0,0,-5.50,3.71,-3.65,0.3346,0.1459,0.4503,1,4.609,0,0.473,0,swing,swingBottom,1.000,2,0.276 0.435 -0.185 0.461 0.637 0.673 -0.314 -0.302 -0.314 -0.570,255.32,-350.22,4.66,-5.50,-98.76,93.67,-1,-1,-1,-1,0.463,0.451 0.732 -0.342 -0.581,2.0,1,-1.000,-1.000,0.4861,-0.77,,-1.000,0.0,0.0,0.0,,,37.9,-11.7,36.9,,0.000,0.0,11.5,-1.00,-1.0,0.0,0,1500,-1.0,113.8,-1.0,0.0,0.00,5.00,-1,0,0.000,0,0.00,36.25,0,0,1,0.0,2,0.00,0.000,0.65,0.00,1.370,0.356,0.000,-1.000,-1.000,-1.000,-1.000,None,83.1,-1.0,0,4,0.00,0,0,0,0,0.00,2,0,0.000,0.000,-1,-1,-1,-1,-1,-1,-1,-1,-999,-1,-1,0,-1,-1,-1,-1.0,0,0.00,0,1,0.53546,0.32707,37.87191,-108.03919,3.60,861.99,0,0
219,3.6500,swing,swingHigh,254.431,-355.389,4.624,6.177,-21.006,8.621,23.531,21.895,3.674,266.00,-347.26,21.38,18.08,0.827,0,,0,0.00,0.00,0.00,255.549,-350.927,4.898,-99.78,-5.50,61.73,4.608,0.000,0.00,1.00,1,0,1,0,0,0,-5.50,3.75,-3.67,0.3360,0.1435,0.4450,1,4.608,0,0.471,0,swing,swingBottom,1.000,2,0.267 0.434 -0.192 0.460 0.625 0.671 -0.297 -0.292 -0.301 -0.570,255.44,-350.57,4.77,-5.50,-99.28,93.56,-1,-1,-1,-1,0.463,0.451 0.731 -0.332 -0.582,2.5,1,-1.000,-1.000,0.4892,-0.73,,-1.000,0.0,0.0,0.0,,,37.8,-12.9,36.6,,0.000,0.0,11.5,-1.00,-1.0,0.0,0,1500,-1.0,113.2,-1.0,0.0,0.00,5.00,-1,0,0.000,0,0.00,36.25,0,0,1,0.0,2,0.00,0.000,0.65,0.00,1.362,0.359,0.000,-1.000,-1.000,-1.000,-1.000,None,83.0,-1.0,0,4,0.00,0,0,0,0,0.00,2,0,0.000,0.000,-1,-1,-1,-1,-1,-1,-1,-1,-999,-1,-1,0,-1,-1,-1,-1.0,0,0.00,0,1,0.53716,0.32173,35.89231,-103.80810,3.62,858.89,0,0
220,3.6667,swing,swingHigh,254.532,-355.736,4.775,6.043,-20.851,9.106,23.541,21.709,3.825,266.00,-347.26,21.38,18.07,0.827,0,,0,0.00,0.00,0.00,255.660,-351.276,5.030,-100.25,-5.50,61.66,4.607,0.000,0.00,1.00,1,0,1,0,0,0,-5.50,3.79,-3.68,0.3361,0.1416,0.4399,1,4.607,0,0.469,0,swing,swingBottom,1.000,2,0.261 0.431 -0.197 0.463 0.615 0.665 -0.282 -0.279 -0.291 -0.566,255.55,-350.93,4.90,-5.50,-99.78,93.47,-1,-1,-1,-1,0.461,0.454 0.726 -0.319 -0.580,2.7,1,-1.000,-1.000,0.4920,-0.69,,-1.000,0.0,0.0,0.0,,,38.1,-14.0,36.7,,0.000,0.0,11.5,-1.00,-1.0,0.0,0,1500,-1.0,112.8,-1.0,0.0,0.00,5.00,-1,0,0.000,0,0.00,36.25,0,0,1,0.0,2,0.00,0.000,0.65,0.00,1.354,0.361,0.000,-1.000,-1.000,-1.000,-1.000,None,82.9,-1.0,0,4,0.00,0,0,0,0,0.00,2,0,0.000,0.000,-1,-1,-1,-1,-1,-1,-1,-1,-999,-1,-1,0,-1,-1,-1,-1.0,0,0.00,0,1,0.53887,0.31727,34.07618,-99.86281,3.64,855.67,0,0
221,3.6833,swing,swingHigh,254.631,-356.081,4.934,5.899,-20.679,9.584,23.543,21.504,3.984,266.00,-347.26,21.38,18.07,0.826,0,,0,0.00,0.00,0.00,255.769,-351.624,5.169,-100.70,-5.50,61.60,4.606,0.000,0.00,1.00,1,0,1,0,0,0,-5.50,3.83,-3.70,0.3359,0.1397,0.4348,1,4.606,0,0.467,0,swing,swingBottom,1.000,2,0.255 0.429 -0.201 0.466 0.606 0.659 -0.269 -0.266 -0.279 -0.561,255.66,-351.28,5.03,-5.50,-100.25,93.39,-1,-1,-1,-1,0.459,0.458 0.721 -0.307 -0.577,3.0,1,-1.000,-1.000,0.4946,-0.66,,-1.000,0.0,0.0,0.0,,,38.5,-15.2,36.8,,0.000,0.0,11.5,-1.00,-1.0,0.0,0,1500,-1.0,112.3,-1.0,0.0,0.00,5.00,-1,0,0.000,0,0.00,36.25,0,0,1,0.0,2,0.00,0.000,0.65,0.00,1.345,0.363,0.000,-1.000,-1.000,-1.000,-1.000,None,82.8,-1.0,0,4,0.00,0,0,0,0,0.00,2,0,0.000,0.000,-1,-1,-1,-1,-1,-1,-1,-1,-999,-1,-1,0,-1,-1,-1,-1.0,0,0.00,0,1,0.54039,0.31292,32.39357,-96.20024,3.66,852.33,0,0
222,3.7000,swing,swingHigh,254.727,-356.423,5.100,5.756,-20.490,10.055,23.539,21.283,4.150,266.00,-347.26,21.38,18.07,0.826,0,,0,0.00,0.00,0.00,255.876,-351.969,5.317,-101.14,-5.50,61.54,4.605,0.000,0.00,1.00,1,0,1,0,0,0,-5.50,3.87,-3.72,0.3355,0.1376,0.4299,1,4.605,0,0.465,0,swing,swingBottom,1.000,2,0.250 0.426 -0.205 0.470 0.596 0.652 -0.255 -0.252 -0.268 -0.556,255.77,-351.62,5.17,-5.50,-100.70,93.32,-1,-1,-1,-1,0.457,0.463 0.715 -0.294 -0.573,3.2,1,-1.000,-1.000,0.4971,-0.63,,-1.000,0.0,0.0,0.0,,,38.8,-16.3,36.9,,0.000,0.0,11.5,-1.00,-1.0,0.0,0,1500,-1.0,111.8,-1.0,0.0,0.00,5.00,-1,0,0.000,0,0.00,34.17,0,0,1,0.0,2,0.00,0.000,0.65,0.00,1.336,0.364,0.000,-1.000,-1.000,-1.000,-1.000,None,82.7,-1.0,0,4,0.00,0,0,0,0,0.00,2,0,0.000,0.000,-1,-1,-1,-1,-1,-1,-1,-1,-999,-1,-1,0,-1,-1,-1,-1.0,0,0.00,0,1,0.54171,0.30882,30.82918,-92.77781,3.67,848.90,0,0
223,3.7167,swing,swingHigh,254.822,-356.762,5.273,5.614,-20.285,10.517,23.529,21.048,4.323,266.00,-347.26,21.38,18.06,0.824,0,,0,0.00,0.00,0.00,255.981,-352.311,5.473,-101.55,-5.50,61.50,4.604,0.000,0.00,1.00,1,0,1,0,0,0,-5.50,3.91,-3.73,0.3347,0.1356,0.4253,1,4.604,0,0.463,0,swing,swingBottom,1.000,2,0.244 0.423 -0.208 0.475 0.587 0.645 -0.242 -0.239 -0.256 -0.549,255.88,-351.97,5.32,-5.50,-101.14,93.26,-1,-1,-1,-1,0.454,0.469 0.710 -0.281 -0.568,3.5,1,-1.000,-1.000,0.4995,-0.60,,-1.000,0.0,0.0,0.0,,,39.2,-17.3,37.0,,0.000,0.0,11.5,-1.00,-1.0,0.0,0,1500,-1.0,111.4,-1.0,0.0,0.00,5.00,-1,0,0.000,0,0.00,34.17,0,0,1,0.0,2,0.00,0.000,0.65,0.00,1.327,0.364,0.000,-1.000,-1.000,-1.000,-1.000,None,82.5,-1.0,0,4,0.00,0,0,0,0,0.00,2,0,0.000,0.000,-1,-1,-1,-1,-1,-1,-1,-1,-999,-1,-1,0,-1,-1,-1,-1.0,0,0.00,0,1,0.54290,0.30526,29.37415,-89.55019,3.69,845.36,0,0
224,3.7333,swing,swingHigh,254.913,-357.098,5.453,5.443,-20.065,10.969,23.506,20.790,4.503,266.00,-347.26,21.38,18.06,0.822,0,,0,0.00,0.00,0.00,256.083,-352.649,5.653,-101.95,-5.50,61.46,4.604,0.000,0.00,1.00,1,0,1,0,0,0,-5.50,3.96,-3.75,0.3341,0.1328,0.4239,1,4.604,0,0.460,0,swing,swingBottom,1.000,2,0.235 0.422 -0.215 0.477 0.575 0.642 -0.226 -0.226 -0.240 -0.543,255.98,-352.31,5.47,-5.50,-101.55,93.21,-1,-1,-1,-1,0.454,0.471 0.708 -0.269 -0.564,4.1,1,-1.000,-1.000,0.5016,-0.57,,-1.000,0.0,0.0,0.0,,,39.1,-18.5,36.6,,0.000,0.0,11.5,-1.00,-1.0,0.0,0,1501,-1.0,111.0,-1.0,0.0,0.00,5.00,-1,0,0.000,0,0.00,34.17,0,0,1,0.0,2,0.00,0.000,0.65,0.00,1.318,0.365,0.000,-1.000,-1.000,-1.000,-1.000,None,82.4,-1.0,0,4,0.00,0,0,0,0,0.00,2,0,0.000,0.000,-1,-1,-1,-1,-1,-1,-1,-1,-999,-1,-1,0,-1,-1,-1,-1.0,0,0.00,0,1,0.54353,0.30454,27.99748,-86.30422,3.71,841.13,0,0
225,3.7500,swing,swingHigh,255.002,-357.430,5.641,5.274,-19.830,11.411,23.479,20.519,4.691,266.00,-347.26,21.38,18.06,0.820,0,,0,0.00,0.00,0.00,256.184,-352.984,5.841,-102.34,-5.50,61.42,4.604,0.000,0.00,1.00,1,0,1,0,0,0,-5.50,4.00,-3.77,0.3324,0.1303,0.4225,1,4.604,0,0.458,0,swing,swingBottom,1.000,2,0.228 0.420 -0.219 0.482 0.565 0.637 -0.213 -0.213 -0.226 -0.535,256.08,-352.65,5.65,-5.50,-101.95,93.16,-1,-1,-1,-1,0.453,0.477 0.703 -0.255 -0.557,4.5,1,-1.000,-1.000,0.5036,-0.54,,-1.000,0.0,0.0,0.0,,,39.4,-19.5,36.5,,0.000,0.0,11.5,-1.00,-1.0,0.0,0,1502,-1.0,110.6,-1.0,0.0,0.00,5.00,-1,0,0.000,0,0.00,34.17,0,0,1,0.0,2,0.00,0.000,0.65,0.00,1.309,0.365,0.000,-1.000,-1.000,-1.000,-1.000,None,82.2,-1.0,0,4,0.00,0,0,0,0,0.00,2,0,0.000,0.000,-1,-1,-1,-1,-1,-1,-1,-1,-999,-1,-1,0,-1,-1,-1,-1.0,0,0.00,0,1,0.54411,0.30445,26.71083,-83.20832,3.72,836.86,0,0
226,3.7667,swing,swingHigh,255.087,-357.758,5.836,5.107,-19.580,11.843,23.446,20.235,4.886,266.00,-347.26,21.38,18.06,0.817,0,,0,0.00,0.00,0.00,256.282,-353.315,6.036,-102.71,-5.50,61.40,4.604,0.000,0.00,1.00,1,0,1,0,0,0,-5.50,4.04,-3.78,0.3305,0.1278,0.4211,1,4.604,0,0.455,0,swing,swingHigh,1.000,2,0.222 0.418 -0.225 0.487 0.555 0.631 -0.200 -0.199 -0.212 -0.526,256.18,-352.98,5.84,-5.50,-102.34,93.12,-1,-1,-1,-1,0.451,0.482 0.698 -0.242 -0.550,4.9,1,-1.000,-1.000,0.5054,-0.51,,-1.000,0.0,0.0,0.0,,,39.6,-20.6,36.4,,0.000,0.0,11.5,-1.00,-1.0,0.0,0,1503,-1.0,110.2,-1.0,0.0,0.00,5.00,-1,0,0.000,0,0.00,34.17,0,0,1,0.0,2,0.00,0.000,0.65,0.00,1.299,0.364,0.000,-1.000,-1.000,-1.000,-1.000,None,82.0,-1.0,0,4,0.00,0,0,0,0,0.00,2,0,0.000,0.000,-1,-1,-1,-1,-1,-1,-1,-1,-999,-1,-1,0,-1,-1,-1,-1.0,0,0.00,0,1,0.54455,0.30443,25.49820,-80.26753,3.73,832.57,0,0
227,3.7833,swing,swingHigh,255.171,-358.081,6.038,4.936,-19.316,12.263,23.406,19.936,5.088,266.00,-347.26,21.38,18.06,0.813,0,,0,0.00,0.00,0.00,256.378,-353.642,6.238,-103.08,-5.50,61.37,4.604,0.000,0.00,1.00,1,0,1,0,0,0,-5.50,4.08,-3.80,0.3281,0.1264,0.4197,1,4.604,0,0.452,0,swing,swingHigh,1.000,2,0.215 0.416 -0.229 0.492 0.545 0.625 -0.187 -0.185 -0.197 -0.515,256.28,-353.32,6.04,-5.50,-102.71,93.09,-1,-1,-1,-1,0.449,0.488 0.693 -0.229 -0.541,5.3,1,-1.000,-1.000,0.5066,-0.49,,-1.000,0.0,0.0,0.0,,,39.9,-21.6,36.4,,0.000,0.0,11.5,-1.00,-1.0,0.0,0,1505,-1.0,109.9,-1.0,0.0,0.00,5.00,-1,0,0.000,0,0.00,34.17,0,0,1,0.0,2,0.00,0.000,0.65,0.00,1.290,0.363,0.000,-1.000,-1.000,-1.000,-1.000,None,81.8,-1.0,0,4,0.00,0,0,0,0,0.00,2,0,0.000,0.000,-1,-1,-1,-1,-1,-1,-1,-1,-999,-1,-1,0,-1,-1,-1,-1.0,0,0.00,0,1,0.54487,0.30458,24.35464,-77.46354,3.75,828.28,0,0
228,3.8000,swing,swingHigh,255.251,-358.400,6.247,4.767,-19.038,12.673,23.361,19.626,5.297,266.00,-347.26,21.38,18.06,0.809,0,,0,0.00,0.00,0.00,256.472,-353.965,6.447,-103.43,-5.50,61.36,4.604,0.000,0.00,1.00,1,0,1,0,0,0,-5.50,4.12,-3.82,0.3254,0.1263,0.4183,1,4.604,0,0.450,0,swing,swingHigh,1.000,2,0.209 0.413 -0.234 0.497 0.536 0.619 -0.176 -0.171 -0.182 -0.503,256.38,-353.64,6.24,-5.50,-103.08,93.07,-1,-1,-1,-1,0.447,0.495 0.688 -0.215 -0.531,5.7,1,-1.000,-1.000,0.5069,-0.46,,-1.000,0.0,0.0,0.0,,,40.2,-22.6,36.3,,0.000,0.0,11.5,-1.00,-1.0,0.0,0,1507,-1.0,109.5,-1.0,0.0,0.00,5.00,-1,0,0.000,0,0.00,34.22,0,0,1,0.0,2,0.00,0.000,0.65,0.00,1.280,0.361,0.000,-1.000,-1.000,-1.000,-1.000,None,81.6,-1.0,0,4,0.00,0,0,0,0,0.00,2,0,0.000,0.000,-1,-1,-1,-1,-1,-1,-1,-1,-999,-1,-1,0,-1,-1,-1,-1.0,0,0.00,0,1,0.54508,0.30489,23.27498,-74.78376,3.76,824.00,0,0
229,3.8167,swing,swingHigh,255.328,-358.714,6.462,4.601,-18.747,13.070,23.312,19.303,5.512,266.00,-347.26,21.38,18.06,0.805,0,,0,0.00,0.00,0.00,256.562,-354.283,6.662,-103.77,-5.50,61.34,4.604,0.000,0.00,1.00,1,0,1,0,0,0,-5.50,4.16,-3.83,0.3224,0.1263,0.4169,1,4.604,0,0.447,0,swing,swingHigh,1.000,2,0.203 0.410 -0.239 0.503 0.526 0.612 -0.164 -0.156 -0.167 -0.490,256.47,-353.96,6.45,-5.50,-103.43,93.05,-1,-1,-1,-1,0.445,0.501 0.682 -0.200 -0.519,6.1,1,-1.000,-1.000,0.5072,-0.44,,-1.000,0.0,0.0,0.0,,,40.5,-23.6,36.3,,0.000,0.0,11.5,-1.00,-1.0,0.0,0,1509,-1.0,109.2,-1.0,0.0,0.00,5.00,-1,0,0.000,0,0.00,34.22,0,0,1,0.0,2,0.00,0.000,0.65,0.00,1.270,0.359,0.000,-1.000,-1.000,-1.000,-1.000,None,81.3,-1.0,0,4,0.00,0,0,0,0,0.00,2,0,0.000,0.000,-1,-1,-1,-1,-1,-1,-1,-1,-999,-1,-1,0,-1,-1,-1,-1.0,0,0.00,0,1,0.54522,0.30537,22.25519,-72.21706,3.77,819.74,0,0
230,3.8333,swing,swingHigh,255.403,-359.023,6.684,4.425,-18.444,13.454,23.254,18.967,5.734,266.00,-347.26,21.38,18.05,0.800,0,,0,0.00,0.00,0.00,256.651,-354.596,6.884,-104.11,-5.50,61.33,4.604,0.000,0.00,1.00,1,0,1,0,0,0,-5.50,4.20,-3.85,0.3190,0.1263,0.4156,1,4.604,0,0.444,0,swing,swingHigh,1.000,2,0.197 0.408 -0.245 0.509 0.517 0.605 -0.153 -0.141 -0.152 -0.476,256.56,-354.28,6.66,-5.50,-103.77,93.03,-1,-1,-1,-1,0.443,0.508 0.676 -0.186 -0.506,6.5,1,-1.000,-1.000,0.5073,-0.42,,-1.000,0.0,0.0,0.0,,,40.9,-24.6,36.3,,0.000,0.0,11.5,-1.00,-1.0,0.0,0,1512,-1.0,108.8,-1.0,0.0,0.00,5.00,-1,0,0.000,0,0.00,34.22,0,0,1,0.0,2,0.00,0.000,0.65,0.00,1.259,0.357,0.000,-1.000,-1.000,-1.000,-1.000,None,81.1,-1.0,0,4,0.00,0,0,0,0,0.00,2,0,0.000,0.000,-1,-1,-1,-1,-1,-1,-1,-1,-999,-1,-1,0,-1,-1,-1,-1.0,0,0.00,0,1,0.54523,0.30593,21.28703,-69.75737,3.78,815.53,0,0
231,3.8500,swing,swingHigh,255.474,-359.327,6.912,4.252,-18.129,13.825,23.192,18.621,5.962,266.00,-347.26,21.38,18.05,0.795,0,,0,0.00,0.00,0.00,256.737,-354.904,7.112,-104.43,-5.60,61.32,4.604,0.000,0.00,1.00,1,0,1,0,0,0,-5.60,4.24,-3.87,0.3155,0.1263,0.4126,1,4.604,0,0.441,0,swing,swingHigh,1.000,2,0.191 0.404 -0.250 0.514 0.508 0.597 -0.142 -0.125 -0.137 -0.460,256.65,-354.60,6.88,-5.50,-104.11,93.02,-1,-1,-1,-1,0.440,0.514 0.670 -0.171 -0.493,7.0,1,-1.000,-1.000,0.5073,-0.40,,-1.000,0.0,0.0,0.0,,,41.2,-25.6,36.3,,0.000,0.0,11.5,-1.00,-1.0,0.0,0,1515,-1.0,108.5,-1.0,0.0,0.00,5.00,-1,0,0.000,0,0.00,34.22,0,0,1,0.0,2,0.00,0.000,0.65,0.00,1.249,0.354,0.000,-1.000,-1.000,-1.000,-1.000,None,80.9,-1.0,0,4,0.00,0,0,0,0,0.00,2,0,0.000,0.000,-1,-1,-1,-1,-1,-1,-1,-1,-999,-1,-1,0,-1,-1,-1,-1.0,0,0.00,0,1,0.54516,0.30506,20.33709,-67.29822,3.80,811.36,0,0
232,3.8667,swing,swingHigh,255.543,-359.626,7.146,4.083,-17.803,14.183,23.125,18.265,6.196,266.00,-347.26,21.38,18.05,0.790,0,,0,0.00,0.00,0.00,256.820,-355.207,7.346,-104.75,-5.87,61.32,4.604,0.000,0.00,1.00,1,0,1,0,0,0,-5.87,4.26,-3.88,0.3120,0.1265,0.4071,1,4.604,0,0.438,0,swing,swingHigh,1.000,2,0.186 0.399 -0.256 0.519 0.499 0.586 -0.132 -0.108 -0.123 -0.442,256.74,-354.90,7.11,-5.60,-104.43,93.01,-1,-1,-1,-1,0.438,0.521 0.663 -0.155 -0.478,7.4,1,-1.000,-1.000,0.5072,-0.38,,-1.000,0.0,0.0,0.0,,,41.6,-26.6,36.3,,0.000,0.0,11.5,-1.00,-1.0,0.0,0,1518,-1.0,108.2,-1.0,0.0,0.00,5.00,-1,0,0.000,0,0.00,34.22,0,0,1,0.0,2,0.00,0.000,0.65,0.00,1.238,0.351,0.000,-1.000,-1.000,-1.000,-1.000,None,80.6,-1.0,0,4,0.00,0,0,0,0,0.00,2,0,0.000,0.000,-1,-1,-1,-1,-1,-1,-1,-1,-999,-1,-1,0,-1,-1,-1,-1.0,0,0.00,0,1,0.54507,0.30163,19.39089,-64.78872,3.81,807.26,0,0
233,3.8833,swing,swingHigh,255.609,-359.919,7.386,3.906,-17.467,14.527,23.051,17.898,6.436,266.00,-347.26,21.38,18.05,0.784,0,,0,0.00,0.00,0.00,256.900,-355.504,7.586,-105.06,-6.14,61.31,4.604,0.000,0.00,1.00,1,0,1,0,0,0,-6.14,4.27,-3.90,0.3084,0.1267,0.4016,1,4.604,0,0.435,0,swing,swingHigh,1.000,2,0.180 0.394 -0.262 0.523 0.490 0.575 -0.122 -0.090 -0.108 -0.423,256.82,-355.21,7.35,-5.87,-104.75,93.00,-1,-1,-1,-1,0.435,0.527 0.657 -0.140 -0.462,7.8,1,-1.000,-1.000,0.5070,-0.36,,-1.000,0.0,0.0,0.0,,,42.0,-27.5,36.3,,0.000,0.0,11.5,-1.00,-1.0,0.0,0,1522,-1.0,107.9,-1.0,0.0,0.00,5.00,-1,0,0.000,0,0.00,34.22,0,0,1,0.0,2,0.00,0.000,0.65,0.00,1.227,0.349,0.000,-1.000,-1.000,-1.000,-1.000,None,80.4,-1.0,0,4,0.00,0,0,0,0,0.00,2,0,0.000,0.000,-1,-1,-1,-1,-1,-1,-1,-1,-999,-1,-1,0,-1,-1,-1,-1.0,0,0.00,0,1,0.54484,0.29831,18.48937,-62.40944,3.83,803.24,0,0
234,3.9000,swing,swingHigh,255.672,-360.207,7.631,3.733,-17.120,14.857,22.973,17.522,6.681,266.00,-347.26,21.38,18.05,0.778,0,,0,0.00,0.00,0.00,256.978,-355.796,7.831,-105.36,-6.40,61.31,4.604,0.000,0.00,1.00,1,0,1,0,0,0,-6.40,4.26,-3.92,0.3046,0.1269,0.3961,1,4.604,0,0.432,0,swing,swingHigh,1.000,2,0.174 0.389 -0.268 0.527 0.481 0.564 -0.113 -0.072 -0.093 -0.403,256.90,-355.50,7.59,-6.14,-105.06,93.00,-1,-1,-1,-1,0.432,0.532 0.650 -0.124 -0.446,8.2,1,-1.000,-1.000,0.5066,-0.33,,-1.000,0.0,0.0,0.0,,,42.4,-28.5,36.3,,0.000,0.0,11.5,-1.00,-1.0,0.0,0,1527,-1.0,107.6,-1.0,0.0,0.00,5.00,-1,0,0.000,0,0.00,32.83,0,0,1,0.0,2,0.00,0.000,0.65,0.00,1.216,0.346,0.000,-1.000,-1.000,-1.000,-1.000,None,80.1,-1.0,0,4,0.00,0,0,0,0,0.00,2,0,0.000,0.000,-1,-1,-1,-1,-1,-1,-1,-1,-999,-1,-1,0,-1,-1,-1,-1.0,0,0.00,0,1,0.54446,0.29507,17.61724,-60.16054,3.84,799.29,0,0
235,3.9167,air,release,255.697,-360.321,7.829,2.983,-13.679,23.754,27.572,14.000,6.879,0.00,0.00,0.00,0.00,0.000,0,,0,0.00,0.00,0.00,257.054,-356.059,8.029,-106.62,-6.70,61.32,4.477,0.000,0.00,1.00,0,0,1,0,0,0,-6.70,4.24,-3.93,0.3482,0.1245,0.3761,1,4.477,0,0.430,0,swing,swingHigh,1.000,2,0.163 0.458 -0.277 0.538 0.463 0.701 -0.099 -0.145 -0.074 -0.457,256.98,-355.80,7.83,-6.40,-105.36,93.00,-1,-1,-1,-1,0.493,0.532 0.777 -0.197 -0.493,-1.0,0,-1.000,-1.000,0.5092,-0.26,,-1.000,0.0,0.0,0.0,,,32.6,-17.9,28.9,,0.000,0.0,11.5,-1.00,-1.0,0.0,0,1562,-1.0,107.4,-1.0,0.0,0.00,5.00,-1,0,0.000,0,0.00,32.83,0,0,1,0.0,2,0.00,0.000,0.65,0.00,1.204,0.344,0.000,-1.000,-1.000,-1.000,-1.000,None,54.0,-1.0,0,4,0.00,0,0,0,0,0.00,2,0,0.000,0.000,-1,-1,-1,-1,-1,-1,-1,-1,-999,-1,-1,0,-1,-1,-1,33.0,0,0.00,0,1,1.17814,-2.13374,16.73822,-60.96411,14.01,749.83,0,0
236,3.9333,air,release,255.747,-360.549,8.220,2.983,-13.679,23.354,27.228,14.000,7.270,0.00,0.00,0.00,0.00,0.000,0,,0,0.00,0.00,0.00,257.121,-356.304,8.420,-106.99,-6.87,61.33,4.467,0.000,-0.00,1.00,0,0,1,0,0,0,-6.87,4.20,-3.95,0.3744,0.1238,0.3818,1,4.467,0,0.428,0,air_tuck,swingHigh,1.000,1,0.158 0.502 -0.282 0.538 0.453 0.794 -0.088 -0.199 -0.060 -0.490,257.05,-356.06,8.03,-6.70,-106.62,93.00,-1,-1,-1,-1,0.530,0.523 0.859 -0.249 -0.519,-1.0,0,-1.000,-1.000,0.5105,-0.25,,-1.000,0.0,0.0,0.0,,,25.2,-10.0,23.5,,0.000,0.0,11.5,-1.00,-1.0,0.0,0,1573,-1.0,106.2,-1.0,0.0,0.00,5.00,-1,0,0.000,0,0.00,32.83,0,0,1,0.0,2,0.00,0.000,0.57,0.04,1.192,0.341,0.000,-1.000,-1.000,-1.000,-1.000,None,46.1,-1.0,0,4,0.00,0,0,0,0,0.00,2,0,0.076,0.000,-1,-1,-1,-1,-1,-1,-1,-1,-999,-1,-1,0,-1,-1,-1,33.0,0,0.00,0,0,-1,-1,-1,-1,-1,-1,0,0
237,3.9500,air,release,255.796,-360.777,8.604,2.983,-13.679,22.954,26.886,14.000,7.654,0.00,0.00,0.00,0.00,0.000,0,,0,0.00,0.00,0.00,257.183,-356.538,8.804,-107.26,-6.99,61.36,4.464,0.000,-0.00,1.00,0,0,1,0,0,0,-6.99,4.14,-3.97,0.3517,0.1258,0.3945,1,4.464,0,0.427,0,air_tuck,swingHigh,1.000,1,0.175 0.503 -0.230 0.534 0.443 0.680 -0.088 -0.185 -0.043 -0.512,257.12,-356.30,8.42,-6.87,-106.99,93.02,-1,-1,-1,-1,0.530,0.513 0.744 -0.236 -0.541,-1.0,0,-1.000,-1.000,0.5046,-0.24,,-1.000,0.0,0.0,0.0,,,25.3,-7.9,24.4,,0.000,0.0,11.5,-1.00,-1.0,0.0,0,1580,-1.0,105.8,-1.0,0.0,0.00,5.00,-1,0,0.000,0,0.00,32.83,0,0,1,0.0,2,0.00,0.000,0.48,0.16,1.125,0.441,0.000,-1.000,-1.000,-1.000,-1.000,None,45.1,-1.0,0,4,0.00,0,0,0,0,0.00,2,0,0.152,0.000,-1,-1,-1,-1,-1,-1,-1,-1,-999,-1,-1,0,-1,-1,-1,33.0,0,0.00,0,0,-1,-1,-1,-1,-1,-1,0,0
238,3.9667,air,release,255.846,-361.005,8.982,2.983,-13.679,22.554,26.546,14.000,8.032,0.00,0.00,0.00,0.00,0.000,0,,0,0.00,0.00,0.00,257.242,-356.768,9.182,-107.45,-7.06,61.39,4.465,0.000,-0.00,1.00,0,0,1,0,0,0,-7.06,4.04,-3.98,0.3076,0.1242,0.4212,1,4.465,0,0.427,0,air_tuck,swingHigh,1.000,1,0.178 0.518 -0.181 0.491 0.406 0.530 -0.095 -0.220 -0.036 -0.540,257.18,-356.54,8.80,-6.99,-107.26,93.05,-1,-1,-1,-1,0.541,0.461 0.581 -0.269 -0.566,-1.0,0,-1.000,-1.000,0.5112,-0.23,,-1.000,0.0,0.0,0.0,,,22.9,-4.1,22.6,,0.000,0.0,11.5,-1.00,-1.0,0.0,0,1585,-1.0,105.6,-1.0,0.0,0.00,5.00,-1,0,0.000,0,0.00,32.83,0,0,1,0.0,2,0.00,0.000,0.40,0.32,0.977,0.416,0.000,-1.000,-1.000,-1.000,-1.000,None,41.6,-1.0,0,4,0.00,0,0,0,0,0.00,2,0,0.227,0.000,-1,-1,-1,-1,-1,-1,-1,-1,-999,-1,-1,0,-1,-1,-1,33.0,0,0.00,0,0,-1,-1,-1,-1,-1,-1,0,0
239,3.9833,air,release,255.896,-361.233,9.353,2.983,-13.679,22.154,26.207,14.000,8.403,0.00,0.00,0.00,0.00,0.000,0,,0,0.00,0.00,0.00,257.297,-356.996,9.553,-107.58,-7.10,61.43,4.467,0.000,-0.00,1.00,0,0,1,0,0,0,-7.10,3.91,-4.00,0.2820,0.1188,0.4381,1,4.467,0,0.427,0,air_tuck,swingHigh,1.000,1,0.180 0.535 -0.132 0.394 0.359 0.352 -0.109 -0.266 -0.027 -0.561,257.24,-356.77,9.18,-7.06,-107.45,93.09,-1,-1,-1,-1,0.551,0.356 0.383 -0.310 -0.584,-1.0,0,-1.000,-1.000,0.5162,-0.22,,-1.000,0.0,0.0,0.0,,,20.0,0.9,20.0,,0.000,0.0,11.5,-1.00,-1.0,0.0,0,1588,-1.0,105.4,-1.0,0.0,0.00,5.00,-1,0,0.000,0,0.00,32.83,0,0,1,0.0,2,0.00,0.000,0.32,0.50,0.781,0.371,0.000,-1.000,-1.000,-1.000,-1.000,None,36.7,-1.0,0,4,0.00,0,0,0,0,0.00,2,0,0.303,0.000,-1,-1,-1,-1,-1,-1,-1,-1,-999,-1,-1,0,-1,-1,-1,33.0,0,0.00,0,0,-1,-1,-1,-1,-1,-1,0,0
240,4.0000,air,release,255.946,-361.461,9.717,2.983,-13.679,21.754,25.869,14.000,8.767,0.00,0.00,0.00,0.00,0.000,0,,0,0.00,0.00,0.00,257.350,-357.223,9.917,-107.69,-7.12,61.47,4.469,0.000,-0.00,1.00,0,0,1,0,0,0,-7.12,3.74,-4.02,0.2857,0.1005,0.4401,1,4.469,0,0.427,0,air_tuck,swingHigh,1.000,1,0.181 0.550 -0.089 0.251 0.307 0.162 -0.128 -0.312 -0.017 -0.577,257.30,-357.00,9.55,-7.10,-107.58,93.13,-1,-1,-1,-1,0.558,0.205 0.172 -0.349 -0.593,-1.0,0,-1.000,-1.000,0.5134,-0.20,,-1.000,0.0,0.0,0.0,,,17.9,7.0,16.6,,0.000,0.0,11.5,-1.00,-1.0,0.0,0,1589,-1.0,105.3,-1.0,0.0,0.00,5.00,-1,0,0.000,0,0.00,29.55,0,0,1,0.0,2,0.00,0.000,0.23,0.66,0.581,0.316,0.000,-1.000,-1.000,-1.000,-1.000,None,30.3,-1.0,0,4,0.00,0,0,0,0,0.00,2,0,0.227,0.000,-1,-1,-1,-1,-1,-1,-1,-1,-999,-1,-1,0,-1,-1,-1,33.0,0,0.00,0,0,-1,-1,-1,-1,-1,-1,0,0
241,4.0167,air,release,255.995,-361.689,10.074,2.983,-13.679,21.354,25.534,14.000,9.124,0.00,0.00,0.00,0.00,0.000,0,,0,0.00,0.00,0.00,257.402,-357.449,10.274,-107.76,-7.12,61.51,4.471,0.000,-0.00,1.00,0,0,1,0,0,0,-7.12,3.53,-4.03,0.2834,0.0779,0.4414,1,4.471,0,0.428,0,air_tuck,swingHigh,1.000,1,0.177 0.559 -0.019 0.099 0.259 0.022 -0.062 -0.366 0.021 -0.580,257.35,-357.22,9.92,-7.12,-107.69,93.17,-1,-1,-1,-1,0.557,0.045 0.012 -0.407 -0.600,-1.0,0,-1.000,-1.000,0.5125,-0.19,,-1.000,0.0,0.0,0.0,,,18.4,14.0,12.4,,0.000,0.0,11.5,-1.00,-1.0,0.0,0,1590,-1.0,105.2,-1.0,0.0,0.00,5.00,-1,0,0.000,0,0.00,29.55,0,0,1,0.0,2,0.00,0.000,0.15,0.79,0.358,0.270,0.000,-1.000,-1.000,-1.000,-1.000,None,22.5,-1.0,0,4,0.00,0,0,0,0,0.00,2,0,0.152,0.000,-1,-1,-1,-1,-1,-1,-1,-1,-999,-1,-1,0,-1,-1,-1,33.0,0,0.00,0,0,-1,-1,-1,-1,-1,-1,0,0
242,4.0333,air,release,256.045,-361.917,10.425,2.983,-13.679,20.954,25.200,14.000,9.475,0.00,0.00,0.00,0.00,0.000,0,,0,0.00,0.00,0.00,257.453,-357.676,10.625,-107.82,-7.11,61.55,4.473,0.000,-0.00,1.00,0,0,1,0,0,0,-7.11,3.28,-4.05,0.2797,0.0674,0.4452,1,4.473,0,0.429,0,air_tuck,swingHigh,1.000,1,0.169 0.555 0.035 0.003 0.237 -0.066 0.025 -0.443 0.057 -0.591,257.40,-357.45,10.27,-7.12,-107.76,93.22,-1,-1,-1,-1,0.541,-0.051 -0.088 -0.485 -0.613,-1.0,0,-1.000,-1.000,0.5079,-0.19,,-1.000,0.0,0.0,0.0,,,22.8,21.9,7.1,,0.000,0.0,11.5,-1.00,-1.0,0.0,0,1590,-1.0,105.1,-1.0,0.0,0.00,5.00,-1,0,0.000,0,0.00,29.55,0,0,1,0.0,2,0.00,0.000,0.07,0.85,0.208,0.230,0.000,-1.000,-1.000,-1.000,-1.000,None,13.6,-1.0,0,4,0.00,0,0,0,0,0.00,2,0,0.076,0.000,-1,-1,-1,-1,-1,-1,-1,-1,-999,-1,-1,0,-1,-1,-1,33.0,0,0.00,0,0,-1,-1,-1,-1,-1,-1,0,0
243,4.0500,air,release,256.095,-362.145,10.770,2.983,-13.679,20.554,24.869,14.000,9.820,0.00,0.00,0.00,0.00,0.000,0,,0,0.00,0.00,0.00,257.502,-357.902,10.970,-107.86,-7.09,61.60,4.474,0.000,-0.00,1.00,0,0,1,0,0,0,-7.09,3.00,-4.07,0.2750,0.0656,0.4525,1,4.474,0,0.429,0,air_tuck,swingHigh,1.000,1,0.158 0.531 0.061 -0.068 0.236 -0.088 0.138 -0.525 0.085 -0.617,257.45,-357.68,10.63,-7.11,-107.82,93.27,-1,-1,-1,-1,0.504,-0.122 -0.114 -0.567 -0.637,-1.0,0,-1.000,-1.000,0.5072,-0.18,,-1.000,0.0,0.0,0.0,,,30.8,30.8,0.7,,0.000,0.0,11.5,-1.00,-1.0,0.0,0,1590,-1.0,105.0,-1.0,0.0,0.00,5.00,-1,0,0.000,0,0.00,29.55,0,0,1,0.0,2,0.00,0.000,0.00,0.85,0.167,0.209,0.000,-1.000,-1.000,-1.000,-1.000,None,3.5,-1.0,0,4,0.00,0,0,0,0,0.00,2,0,0.000,0.000,-1,-1,-1,-1,-1,-1,-1,-1,-999,-1,-1,0,-1,-1,-1,33.0,0,0.00,0,0,-1,-1,-1,-1,-1,-1,0,0
244,4.0667,air,release,256.144,-362.373,11.107,2.983,-13.679,20.154,24.539,14.000,10.157,0.00,0.00,0.00,0.00,0.000,0,,0,0.00,0.00,0.00,257.551,-358.129,11.307,-107.89,-7.06,61.64,4.476,0.000,-0.00,1.00,0,0,1,0,0,0,-7.06,2.69,-4.08,0.2710,0.0659,0.4647,1,4.476,0,0.430,0,air_tuck,swingHigh,1.000,1,0.144 0.481 0.107 -0.137 0.287 -0.132 0.145 -0.588 0.198 -0.659,257.50,-357.90,10.97,-7.09,-107.86,93.32,-1,-1,-1,-1,0.440,-0.192 -0.155 -0.638 -0.666,-1.0,0,-1.000,-1.000,0.5075,-0.17,,-1.000,0.0,0.0,0.0,,,41.3,41.0,-7.4,,0.000,0.0,11.5,-1.00,-1.0,0.0,0,1589,-1.0,105.0,-1.0,0.0,0.00,5.00,-1,0,0.000,0,0.00,29.55,0,0,1,0.0,2,0.00,0.000,0.00,0.85,0.147,0.178,0.000,-1.000,-1.000,-1.000,-1.000,None,8.4,-1.0,0,4,0.00,0,0,0,0,0.00,2,0,0.000,0.000,-1,-1,-1,-1,-1,-1,-1,-1,-999,-1,-1,0,-1,-1,-1,33.0,0,0.00,0,0,-1,-1,-1,-1,-1,-1,0,0
245,4.0833,air,release,256.194,-362.601,11.438,2.983,-13.679,19.754,24.212,14.000,10.488,0.00,0.00,0.00,0.00,0.000,0,,0,0.00,0.00,0.00,257.599,-358.355,11.638,-107.91,-7.04,61.68,4.477,0.000,-0.00,1.00,0,0,1,0,0,0,-7.04,2.36,-4.10,0.2503,0.0691,0.4730,1,4.477,0,0.431,0,air_tuck,releaseTuck,1.000,1,0.130 0.400 0.108 -0.231 0.312 -0.173 0.132 -0.635 0.230 -0.629,257.55,-358.13,11.31,-7.06,-107.89,93.37,-1,-1,-1,-1,0.348,-0.280 -0.194 -0.665 -0.621,-1.0,0,-1.000,-1.000,0.5092,-0.16,,-1.000,0.0,0.0,0.0,,,53.5,52.7,-18.6,,0.000,0.0,11.5,-1.00,-1.0,0.0,0,1588,-1.0,105.0,-1.0,0.0,0.00,5.00,-1,0,0.000,0,0.00,29.55,0,0,1,0.0,2,0.00,0.000,0.00,0.85,0.124,0.175,0.000,-1.000,-1.000,-1.000,-1.000,None,20.7,-1.0,0,4,0.00,0,0,0,0,0.00,2,0,0.000,0.000,-1,-1,-1,-1,-1,-1,-1,-1,-999,-1,-1,0,-1,-1,-1,33.0,0,0.00,0,0,-1,-1,-1,-1,-1,-1,0,0
246,4.1000,air,release,256.244,-362.829,11.762,2.983,-13.679,19.354,23.886,14.000,10.812,0.00,0.00,0.00,0.00,0.000,0,,0,0.00,0.00,0.00,257.647,-358.582,11.962,-107.92,-7.01,61.71,4.477,0.000,-0.01,1.00,0,0,1,0,0,0,-7.01,2.00,-4.12,0.2334,0.0719,0.4734,1,4.477,0,0.432,0,air_tuck,releaseTuck,1.000,1,0.130 0.342 0.120 -0.279 0.343 -0.195 0.118 -0.617 0.252 -0.577,257.60,-358.36,11.64,-7.04,-107.91,93.41,-1,-1,-1,-1,0.284,-0.323 -0.215 -0.634 -0.562,-1.0,0,-1.000,-1.000,0.5109,-0.15,,-1.000,0.0,0.0,0.0,,,60.9,60.0,-25.7,,0.000,0.0,11.5,-1.00,-1.0,0.0,0,1587,-1.0,104.9,-1.0,0.0,0.00,5.00,-1,0,0.000,0,0.00,27.51,0,0,1,0.0,2,0.00,0.000,0.00,0.85,0.106,0.172,0.000,-1.000,-1.000,-1.000,-1.000,None,27.5,-1.0,0,4,0.00,0,0,0,0,0.00,2,0,0.000,0.000,-1,-1,-1,-1,-1,-1,-1,-1,-999,-1,-1,0,-1,-1,-1,33.0,0,0.00,0,0,-1,-1,-1,-1,-1,-1,0,0
247,4.1167,air,release,256.294,-363.057,12.080,2.983,-13.679,18.954,23.564,14.000,11.130,0.00,0.00,0.00,0.00,0.000,0,,0,0.00,0.00,0.00,257.694,-358.808,12.280,-107.91,-6.98,61.74,4.478,0.000,-0.01,1.00,0,0,1,0,0,0,-6.98,1.62,-4.13,0.2241,0.0737,0.4731,1,4.478,0,0.432,0,air_tuck,releaseTuck,1.000,1,0.143 0.303 0.139 -0.303 0.368 -0.209 0.104 -0.576 0.262 -0.523,257.65,-358.58,11.96,-7.01,-107.92,93.45,-1,-1,-1,-1,0.243,-0.344 -0.228 -0.586 -0.506,-1.0,0,-1.000,-1.000,0.5121,-0.14,,-1.000,0.0,0.0,0.0,,,65.3,64.6,-28.6,,0.000,0.0,11.5,-1.00,-1.0,0.0,0,1585,-1.0,104.9,-1.0,0.0,0.00,5.00,-1,0,0.000,0,0.00,27.51,0,0,1,0.0,2,0.00,0.000,0.00,0.85,0.095,0.169,0.000,-1.000,-1.000,-1.000,-1.000,None,30.8,-1.0,0,4,0.00,0,0,0,0,0.00,2,0,0.000,0.000,-1,-1,-1,-1,-1,-1,-1,-1,-999,-1,-1,0,-1,-1,-1,33.0,0,0.00,0,0,-1,-1,-1,-1,-1,-1,0,0
248,4.1333,air,release,256.343,-363.285,12.391,2.983,-13.679,18.554,23.243,14.000,11.441,0.00,0.00,0.00,0.00,0.000,0,,0,0.00,0.00,0.00,257.741,-359.034,12.591,-107.90,-6.96,61.77,4.479,0.000,-0.01,1.00,0,0,1,0,0,0,-6.96,1.22,-4.15,0.2111,0.0746,0.4708,1,4.479,0,0.433,0,air_tuck,releaseTuck,1.000,1,0.161 0.264 0.148 -0.305 0.380 -0.226 0.081 -0.519 0.261 -0.463,257.69,-358.81,12.28,-6.98,-107.91,93.49,-1,-1,-1,-1,0.203,-0.343 -0.244 -0.524 -0.443,-1.0,0,-1.000,-1.000,0.5128,-0.14,,-1.000,0.0,0.0,0.0,,,69.5,69.0,-31.0,,0.000,0.0,11.5,-1.00,-1.0,0.0,0,1583,-1.0,104.9,-1.0,0.0,0.00,5.00,-1,0,0.000,0,0.00,27.51,0,0,1,0.0,2,0.00,0.000,0.00,0.85,0.081,0.167,0.000,-1.000,-1.000,-1.000,-1.000,None,34.0,-1.0,0,4,0.00,0,0,0,0,0.00,2,0,0.000,0.000,-1,-1,-1,-1,-1,-1,-1,-1,-999,-1,-1,0,-1,-1,-1,33.0,0,0.00,0,0,-1,-1,-1,-1,-1,-1,0,0
249,4.1500,air,release,256.393,-363.513,12.695,2.983,-13.679,18.154,22.925,14.000,11.745,0.00,0.00,0.00,0.00,0.000,0,,0,0.00,0.00,0.00,257.787,-359.260,12.895,-107.87,-6.93,61.80,4.479,0.000,-0.01,1.00,0,0,1,0,0,0,-6.93,0.81,-4.17,0.1990,0.0730,0.4680,1,4.479,0,0.434,0,air_tuck,releaseTuck,1.000,1,0.181 0.228 0.152 -0.293 0.381 -0.224 0.064 -0.471 0.253 -0.409,257.74,-359.03,12.59,-6.96,-107.90,93.52,-1,-1,-1,-1,0.167,-0.329 -0.241 -0.471 -0.389,-1.0,0,-1.000,-1.000,0.5122,-0.13,,-1.000,0.0,0.0,0.0,,,73.2,72.9,-32.3,,0.000,0.0,11.5,-1.00,-1.0,0.0,0,1581,-1.0,104.9,-1.0,0.0,0.00,5.00,-1,0,0.000,0,0.00,27.51,0,0,1,0.0,2,0.00,0.000,0.00,0.85,0.073,0.164,0.000,-1.000,-1.000,-1.000,-1.000,None,36.6,-1.0,0,4,0.00,0,0,0,0,0.00,2,0,0.000,0.000,-1,-1,-1,-1,-1,-1,-1,-1,-999,-1,-1,0,-1,-1,-1,33.0,0,0.00,0,0,-1,-1,-1,-1,-1,-1,0,0
250,4.1667,air,release,256.443,-363.741,12.992,2.983,-13.679,17.754,22.610,14.000,12.042,0.00,0.00,0.00,0.00,0.000,0,,0,0.00,0.00,0.00,257.833,-359.486,13.192,-107.84,-6.91,61.82,4.480,0.000,-0.01,1.00,0,0,1,0,0,0,-6.91,0.38,-4.18,0.1857,0.0761,0.4641,1,4.480,0,0.434,0,air_tuck,releaseTuck,1.000,1,0.203 0.195 0.152 -0.279 0.373 -0.209 0.042 -0.419 0.238 -0.355,257.79,-359.26,12.89,-6.93,-107.87,93.55,-1,-1,-1,-1,0.134,-0.312 -0.225 -0.416 -0.335,-1.0,0,-1.000,-1.000,0.5138,-0.12,,-1.000,0.0,0.0,0.0,,,76.5,76.3,-32.3,,0.000,0.0,11.5,-1.00,-1.0,0.0,0,1579,-1.0,105.0,-1.0,0.0,0.00,5.00,-1,0,0.000,0,0.00,27.51,0,0,1,0.0,2,0.00,0.000,0.00,0.85,0.063,0.163,0.000,-1.000,-1.000,-1.000,-1.000,None,38.9,-1.0,0,4,0.00,0,0,0,0,0.00,2,0,0.000,0.000,-1,-1,-1,-1,-1,-1,-1,-1,-999,-1,-1,0,-1,-1,-1,33.0,0,0.00,0,0,-1,-1,-1,-1,-1,-1,0,0
251,4.1833,air,release,256.492,-363.969,13.283,2.983,-13.679,17.354,22.297,14.000,12.333,0.00,0.00,0.00,0.00,0.000,0,,0,0.00,0.00,0.00,257.878,-359.712,13.483,-107.80,-6.89,61.83,4.481,0.000,-0.01,1.00,0,0,1,0,0,0,-6.89,-0.06,-4.20,0.1741,0.0791,0.4606,1,4.481,0,0.435,0,air_tuck,releaseTuck,1.000,1,0.226 0.166 0.151 -0.268 0.364 -0.193 0.024 -0.377 0.221 -0.312,257.83,-359.49,13.19,-6.91,-107.84,93.57,-1,-1,-1,-1,0.106,-0.301 -0.209 -0.373 -0.291,-1.0,0,-1.000,-1.000,0.5153,-0.12,,-1.000,0.0,0.0,0.0,,,79.3,79.2,-30.4,,0.000,0.0,11.5,-1.00,-1.0,0.0,0,1576,-1.0,105.0,-1.0,0.0,0.00,5.00,-1,0,0.000,0,0.00,27.51,0,0,1,0.0,2,0.00,0.000,0.00,0.85,0.056,0.161,0.000,-1.000,-1.000,-1.000,-1.000,None,40.7,-1.0,0,4,0.00,0,0,0,0,0.00,2,0,0.000,0.000,-1,-1,-1,-1,-1,-1,-1,-1,-999,-1,-1,0,-1,-1,-1,33.0,0,0.00,0,0,-1,-1,-1,-1,-1,-1,0,0
252,4.2000,air,release,256.542,-364.197,13.568,2.983,-13.679,16.954,21.987,14.000,12.618,0.00,0.00,0.00,0.00,0.000,0,,0,0.00,0.00,0.00,257.922,-359.938,13.768,-107.75,-6.87,61.84,4.481,0.000,-0.01,1.00,0,0,1,0,0,0,-6.87,-0.50,-4.22,0.1630,0.0816,0.4570,1,4.481,0,0.435,0,air_tuck,releaseTuck,1.000,1,0.247 0.141 0.147 -0.257 0.354 -0.177 0.004 -0.337 0.201 -0.273,257.88,-359.71,13.48,-6.89,-107.80,93.59,-1,-1,-1,-1,0.081,-0.289 -0.192 -0.333 -0.254,-1.0,0,-1.000,-1.000,0.5164,-0.11,,-1.000,0.0,0.0,0.0,,,81.7,81.7,-25.4,,0.000,0.0,11.5,-1.00,-1.0,0.0,0,1574,-1.0,105.0,-1.0,0.0,0.00,5.00,-1,0,0.000,0,0.00,25.70,0,0,1,0.0,2,0.00,0.000,0.00,0.85,0.050,0.160,0.000,-1.000,-1.000,-1.000,-1.000,None,42.3,-1.0,0,4,0.00,0,0,0,0,0.00,2,0,0.000,0.000,-1,-1,-1,-1,-1,-1,-1,-1,-999,-1,-1,0,-1,-1,-1,33.0,0,0.00,0,0,-1,-1,-1,-1,-1,-1,0,0
253,4.2167,air,release,256.592,-364.424,13.845,2.983,-13.679,16.554,21.680,14.000,12.895,0.00,0.00,0.00,0.00,0.000,0,,0,0.00,0.00,0.00,257.967,-360.163,14.045,-107.70,-6.85,61.85,4.482,0.000,-0.02,1.00,0,0,1,0,0,0,-6.85,-0.95,-4.23,0.1536,0.0835,0.4543,1,4.482,0,0.436,0,air_tuck,releaseTuck,1.000,1,0.266 0.115 0.142 -0.253 0.344 -0.169 -0.013 -0.308 0.181 -0.246,257.92,-359.94,13.77,-6.87,-107.75,93.60,-1,-1,-1,-1,0.057,-0.284 -0.184 -0.304 -0.227,-1.0,0,-1.000,-1.000,0.5170,-0.11,,-1.000,0.0,0.0,0.0,,,84.2,84.2,-16.9,,0.000,0.0,11.5,-1.00,-1.0,0.0,0,1571,-1.0,105.1,-1.0,0.0,0.00,5.00,-1,0,0.000,0,0.00,25.70,0,0,1,0.0,2,0.00,0.000,0.00,0.85,0.047,0.160,0.000,-1.000,-1.000,-1.000,-1.000,None,44.0,-1.0,0,4,0.00,0,0,0,0,0.00,2,0,0.000,0.000,-1,-1,-1,-1,-1,-1,-1,-1,-999,-1,-1,0,-1,-1,-1,33.0,0,0.00,0,0,-1,-1,-1,-1,-1,-1,0,0
254,4.2333,air,release,256.642,-364.652,14.116,2.983,-13.679,16.154,21.376,14.000,13.166,0.00,0.00,0.00,0.00,0.000,0,,0,0.00,0.00,0.00,258.011,-360.388,14.316,-107.63,-6.84,61.85,4.483,0.000,-0.02,1.00,0,0,1,0,0,0,-6.84,-1.40,-4.25,0.1438,0.0848,0.4524,1,4.483,0,0.436,0,air_tuck,releaseTuck,1.000,1,0.281 0.089 0.128 -0.252 0.330 -0.171 -0.035 -0.284 0.159 -0.230,257.97,-360.16,14.05,-6.85,-107.70,93.61,-1,-1,-1,-1,0.031,-0.282 -0.187 -0.280 -0.212,-1.0,0,-1.000,-1.000,0.5173,-0.10,,-1.000,0.0,0.0,0.0,,,86.8,86.8,2.0,,0.000,0.0,11.5,-1.00,-1.0,0.0,0,1568,-1.0,105.1,-1.0,0.0,0.00,5.00,-1,0,0.000,0,0.00,25.70,0,0,1,0.0,2,0.00,0.000,0.00,0.85,0.045,0.160,0.000,-1.000,-1.000,-1.000,-1.000,None,45.9,-1.0,0,4,0.00,0,0,0,0,0.00,2,0,0.000,0.000,-1,-1,-1,-1,-1,-1,-1,-1,-999,-1,-1,0,-1,-1,-1,33.0,0,0.00,0,0,-1,-1,-1,-1,-1,-1,0,0
255,4.2500,air,release,256.691,-364.880,14.380,2.983,-13.679,15.754,21.075,14.000,13.430,0.00,0.00,0.00,0.00,0.000,0,,0,0.00,0.00,0.00,258.054,-360.614,14.580,-107.56,-6.82,61.84,4.484,0.000,-0.02,1.00,0,0,1,0,0,0,-6.82,-1.86,-4.27,0.1359,0.0878,0.4516,1,4.484,0,0.436,0,air_tuck,releaseTuck,1.000,1,0.291 0.064 0.113 -0.255 0.318 -0.181 -0.054 -0.270 0.141 -0.223,258.01,-360.39,14.32,-6.84,-107.63,93.61,-1,-1,-1,-1,0.007,-0.286 -0.196 -0.266 -0.206,-1.0,0,-1.000,-1.000,0.5161,-0.10,,-1.000,0.0,0.0,0.0,,,89.3,89.3,62.4,,0.000,0.0,11.5,-1.00,-1.0,0.0,0,1564,-1.0,105.2,-1.0,0.0,0.00,5.00,-1,0,0.000,0,0.00,25.70,0,0,1,0.0,2,0.00,0.000,0.00,0.85,0.045,0.159,0.000,-1.000,-1.000,-1.000,-1.000,None,47.7,-1.0,0,4,0.00,0,0,0,0,0.00,2,0,0.000,0.000,-1,-1,-1,-1,-1,-1,-1,-1,-999,-1,-1,0,-1,-1,-1,33.0,0,0.00,0,0,-1,-1,-1,-1,-1,-1,0,0
256,4.2667,air,release,256.741,-365.108,14.638,2.983,-13.679,15.354,20.778,14.000,13.688,0.00,0.00,0.00,0.00,0.000,0,,0,0.00,0.00,0.00,258.098,-360.839,14.838,-107.49,-6.81,61.83,4.485,0.000,-0.02,1.00,0,0,1,0,0,0,-6.81,-2.31,-4.28,0.1294,0.0903,0.4512,1,4.485,0,0.437,0,air_tuck,releaseTuck,1.000,1,0.296 0.042 0.097 -0.260 0.306 -0.195 -0.071 -0.261 0.125 -0.224,258.05,-360.61,14.58,-6.82,-107.56,93.60,-1,-1,-1,-1,-0.014,-0.290 -0.211 -0.257 -0.207,-1.0,0,-1.000,-1.000,0.5146,-0.09,,-1.000,0.0,0.0,0.0,,,91.4,91.4,123.9,,0.000,0.0,11.5,-1.00,-1.0,0.0,0,1561,-1.0,105.3,-1.0,0.0,0.00,5.00,-1,0,0.000,0,0.00,25.70,0,0,1,0.0,2,0.00,0.000,0.00,0.79,0.045,0.159,0.000,-1.000,-1.000,-1.000,-1.000,None,49.1,-1.0,0,4,0.00,0,0,0,0,0.00,2,0,0.000,0.000,-1,-1,-1,-1,-1,-1,-1,-1,-999,-1,-1,0,-1,-1,-1,33.0,0,0.00,0,0,-1,-1,-1,-1,-1,-1,0,0
257,4.2833,air,release,256.791,-365.336,14.889,2.983,-13.679,14.954,20.484,14.000,13.939,0.00,0.00,0.00,0.00,0.000,0,,0,0.00,0.00,0.00,258.141,-361.064,15.089,-107.41,-6.80,61.82,4.485,0.000,-0.02,1.00,0,0,1,0,0,0,-6.80,-2.77,-4.30,0.1256,0.0929,0.4518,1,4.485,0,0.437,0,air_tuck,releaseTuck,1.000,1,0.295 0.028 0.082 -0.261 0.305 -0.206 -0.087 -0.262 0.111 -0.235,258.10,-360.84,14.84,-6.81,-107.49,93.59,-1,-1,-1,-1,-0.028,-0.293 -0.223 -0.258 -0.218,-1.0,0,-1.000,-1.000,0.5137,-0.09,,-1.000,0.0,0.0,0.0,,,92.8,92.9,142.9,,0.000,0.0,11.5,-1.00,-1.0,0.0,0,1558,-1.0,105.3,-1.0,0.0,0.00,5.00,-1,0,0.000,0,0.00,25.70,0,0,1,0.0,2,0.00,0.000,0.00,0.66,0.050,0.159,0.000,-1.000,-1.000,-1.000,-1.000,None,49.8,-1.0,0,4,0.00,0,0,0,0,0.00,2,0,0.000,0.000,-1,-1,-1,-1,-1,-1,-1,-1,-999,-1,-1,0,-1,-1,-1,33.0,0,0.00,0,0,-1,-1,-1,-1,-1,-1,0,0
258,4.3000,air,release,256.840,-365.564,15.133,2.953,-13.685,14.554,20.194,14.000,14.183,0.00,0.00,0.00,0.00,0.000,0,,0,0.00,0.00,0.00,258.183,-361.288,15.333,-107.32,-6.79,61.80,4.487,0.000,-0.03,1.00,0,0,1,0,0,0,-6.79,-3.22,-4.32,0.1220,0.0967,0.4520,1,4.487,0,0.437,0,air_tuck,releaseTuck,1.000,1,0.293 0.012 0.067 -0.255 0.318 -0.211 -0.103 -0.262 0.097 -0.246,258.14,-361.06,15.09,-6.80,-107.41,93.57,-1,-1,-1,-1,-0.044,-0.293 -0.230 -0.258 -0.229,-1.0,0,-1.000,-1.000,0.5132,-0.08,,-1.000,0.0,0.0,0.0,,,94.5,94.5,154.7,,0.000,0.0,11.5,-1.00,-1.0,0.0,0,1554,-1.0,105.4,-1.0,0.0,0.00,5.00,-1,0,0.000,0,0.00,24.14,0,0,1,0.0,2,0.00,0.000,0.00,0.50,0.067,0.159,0.000,-1.000,-1.000,-1.000,-1.000,None,50.6,-1.0,0,4,0.00,0,0,0,0,0.00,2,0,0.000,0.000,-1,-1,-1,-1,-1,-1,-1,-1,-999,-1,-1,0,-1,-1,-1,33.0,0,0.00,0,0,-1,-1,-1,-1,-1,-1,0,0
259,4.3167,air,rise,256.889,-365.793,15.371,2.910,-13.694,14.154,19.908,14.000,14.421,0.00,0.00,0.00,0.00,0.000,0,,0,0.00,0.00,0.00,258.225,-361.513,15.571,-107.24,-6.78,61.77,4.488,0.000,-0.03,1.00,0,0,1,0,0,0,-6.78,-3.67,-4.33,0.1211,0.1011,0.4510,1,4.488,0,0.437,0,air_tuck,releaseTuck,1.000,1,0.288 -0.003 0.052 -0.245 0.340 -0.213 -0.120 -0.263 0.081 -0.257,258.18,-361.29,15.33,-6.79,-107.32,93.55,-1,-1,-1,-1,-0.060,-0.289 -0.237 -0.259 -0.240,-1.0,0,-1.000,-1.000,0.5132,-0.08,,-1.000,0.0,0.0,0.0,,,96.1,96.1,163.2,,0.000,0.0,11.5,-1.00,-1.0,0.0,0,1551,-1.0,105.5,-1.0,0.0,0.00,5.00,-1,0,0.000,0,0.00,24.14,0,0,1,0.0,2,0.00,0.000,0.00,0.32,0.093,0.158,0.000,-1.000,-1.000,-1.000,-1.000,None,51.4,-1.0,0,4,0.00,0,0,0,0,0.00,2,0,0.000,0.000,-1,-1,-1,-1,-1,-1,-1,-1,-999,-1,-1,0,-1,-1,-1,33.0,0,0.00,0,0,-1,-1,-1,-1,-1,-1,0,0
260,4.3333,air,rise,256.937,-366.021,15.601,2.854,-13.706,13.754,19.626,14.000,14.651,0.00,0.00,0.00,0.00,0.000,0,,0,0.00,0.00,0.00,258.267,-361.738,15.801,-107.16,-6.77,61.75,4.490,0.000,-0.03,1.00,0,0,1,0,0,0,-6.77,-4.12,-4.35,0.1216,0.1056,0.4509,1,4.490,0,0.437,0,air_tuck,releaseTuck,1.000,1,0.281 -0.020 0.035 -0.232 0.365 -0.219 -0.139 -0.262 0.065 -0.267,258.23,-361.51,15.57,-6.78,-107.24,93.52,-1,-1,-1,-1,-0.077,-0.283 -0.246 -0.258 -0.250,-1.0,0,-1.000,-1.000,0.5131,-0.08,,-1.000,0.0,0.0,0.0,,,97.9,97.9,170.0,,0.000,0.0,11.5,-1.00,-1.0,0.0,0,1548,-1.0,105.6,-1.0,0.0,0.00,5.00,-1,0,0.000,0,0.00,24.14,0,0,1,0.0,2,0.00,0.000,0.00,0.16,0.128,0.158,0.000,-1.000,-1.000,-1.000,-1.000,None,52.4,-1.0,0,4,0.00,0,0,0,0,0.00,2,0,0.000,0.000,-1,-1,-1,-1,-1,-1,-1,-1,-999,-1,-1,0,-1,-1,-1,33.0,0,0.00,0,0,-1,-1,-1,-1,-1,-1,0,0
261,4.3500,air,rise,256.983,-366.250,15.826,2.785,-13.720,13.354,19.347,14.000,14.876,0.00,0.00,0.00,0.00,0.000,0,,0,0.00,0.00,0.00,258.308,-361.962,16.026,-107.09,-6.77,61.71,4.492,0.000,-0.03,1.00,0,0,1,0,0,0,-6.77,-4.56,-4.37,0.1224,0.1095,0.4513,1,4.492,0,0.438,0,air_tuck,releaseTuck,1.000,1,0.271 -0.035 0.018 -0.219 0.386 -0.229 -0.157 -0.260 0.048 -0.276,258.27,-361.74,15.80,-6.77,-107.16,93.49,-1,-1,-1,-1,-0.092,-0.276 -0.261 -0.256 -0.258,-1.0,0,-1.000,-1.000,0.5129,-0.07,,-1.000,0.0,0.0,0.0,,,99.4,99.4,175.7,,0.000,0.0,11.5,-1.00,-1.0,0.0,0,1546,-1.0,105.6,-1.0,0.0,0.00,5.00,-1,0,0.000,0,0.00,24.14,0,0,1,0.0,2,0.00,0.000,0.00,0.04,0.172,0.158,0.000,-1.000,-1.000,-1.000,-1.000,None,53.1,-1.0,0,4,0.00,0,0,0,0,0.00,2,0,0.000,0.000,-1,-1,-1,-1,-1,-1,-1,-1,-999,-1,-1,0,-1,-1,-1,33.0,0,0.00,0,0,-1,-1,-1,-1,-1,-1,0,0
262,4.3667,air,rise,257.029,-366.479,16.043,2.703,-13.737,12.954,19.073,14.000,15.093,0.00,0.00,0.00,0.00,0.000,0,,0,0.00,0.00,0.00,258.348,-362.187,16.243,-107.02,-6.76,61.67,4.494,0.000,-0.04,1.00,0,0,1,0,0,0,-6.76,-5.00,-4.38,0.1226,0.1124,0.4515,1,4.494,0,0.438,0,air_rise,releaseTuck,1.000,1,0.259 -0.051 -0.003 -0.209 0.396 -0.248 -0.175 -0.256 0.031 -0.283,258.31,-361.96,16.03,-6.77,-107.09,93.45,-1,-1,-1,-1,-0.108,-0.271 -0.284 -0.252 -0.265,-1.0,0,-1.000,-1.000,0.5122,-0.07,,-1.000,0.0,0.0,0.0,,,101.1,101.1,-179.4,,0.000,0.0,11.5,-1.00,-1.0,0.0,0,1543,-1.0,105.7,-1.0,0.0,0.00,5.00,-1,0,0.000,0,0.00,24.14,0,0,1,0.0,2,0.00,0.000,0.00,0.00,0.207,0.158,0.000,-1.000,-1.000,-1.000,-1.000,None,53.9,-1.0,0,4,0.00,0,0,0,0,0.00,2,0,0.000,0.000,-1,-1,-1,-1,-1,-1,-1,-1,-999,-1,-1,0,-1,-1,-1,33.0,0,0.00,0,0,-1,-1,-1,-1,-1,-1,0,0
263,4.3833,air,rise,257.073,-366.708,16.254,2.607,-13.755,12.554,18.804,14.000,15.304,0.00,0.00,0.00,0.00,0.000,0,,0,0.00,0.00,0.00,258.388,-362.412,16.454,-106.95,-6.75,61.63,4.497,0.000,-0.04,1.00,0,0,1,0,0,0,-6.75,-5.43,-4.40,0.1251,0.0960,0.4525,1,4.497,0,0.438,0,air_rise,releaseTuck,1.000,1,0.249 -0.049 -0.020 -0.196 0.391 -0.265 -0.193 -0.256 0.014 -0.296,258.35,-362.19,16.24,-6.76,-107.02,93.41,-1,-1,-1,-1,-0.108,-0.260 -0.303 -0.251 -0.279,-1.0,0,-1.000,-1.000,0.5021,-0.06,,-1.000,0.0,0.0,0.0,,,101.0,101.0,-175.1,,0.000,0.0,11.5,-1.00,-1.0,0.0,0,1541,-1.0,105.8,-1.0,0.0,0.00,5.00,-1,0,0.000,0,0.00,24.14,0,0,1,0.0,2,0.00,0.000,0.00,0.00,0.227,0.160,0.000,-1.000,-1.000,-1.000,-1.000,None,52.9,-1.0,0,4,0.00,0,0,0,0,0.00,2,0,0.000,0.000,-1,-1,-1,-1,-1,-1,-1,-1,-999,-1,-1,0,-1,-1,-1,33.0,0,0.00,0,0,-1,-1,-1,-1,-1,-1,0,0
264,4.4000,air,rise,257.115,-366.937,16.458,2.498,-13.775,12.154,18.539,14.000,15.508,0.00,0.00,0.00,0.00,0.000,0,,0,0.00,0.00,0.00,258.426,-362.637,16.658,-106.89,-6.74,61.59,4.500,0.000,-0.04,1.00,0,0,1,0,0,0,-6.74,-5.86,-4.42,0.1321,0.0972,0.4546,1,4.500,0,0.438,0,air_rise,releaseTuck,1.000,1,0.245 -0.021 -0.027 -0.172 0.383 -0.268 -0.214 -0.266 -0.006 -0.323,258.39,-362.41,16.45,-6.75,-106.95,93.36,-1,-1,-1,-1,-0.081,-0.239 -0.310 -0.261 -0.305,-1.0,0,-1.000,-1.000,0.5007,-0.06,,-1.000,0.0,0.0,0.0,,,98.2,98.2,-171.2,,0.000,0.0,11.5,-1.00,-1.0,0.0,0,1539,-1.0,105.8,-1.0,0.0,0.00,5.00,-1,0,0.000,0,0.00,23.86,0,0,1,0.0,2,0.00,0.000,0.00,0.00,0.250,0.165,0.000,-1.000,-1.000,-1.000,-1.000,None,49.2,-1.0,0,4,0.00,0,0,0,0,0.00,2,0,0.000,0.000,-1,-1,-1,-1,-1,-1,-1,-1,-999,-1,-1,0,-1,-1,-1,33.0,0,0.00,0,0,-1,-1,-1,-1,-1,-1,0,0
265,4.4167,air,rise,257.155,-367.167,16.656,2.376,-13.797,11.754,18.280,14.000,15.706,0.00,0.00,0.00,0.00,0.000,0,,0,0.00,0.00,0.00,258.463,-362.862,16.856,-106.84,-6.73,61.54,4.504,0.000,-0.04,1.00,0,0,1,0,0,0,-6.73,-6.28,-4.43,0.1428,0.0993,0.4576,1,4.504,0,0.438,0,air_rise,releaseTuck,1.000,1,0.249 0.033 -0.019 -0.129 0.383 -0.248 -0.236 -0.281 -0.027 -0.360,258.43,-362.64,16.66,-6.74,-106.89,93.31,-1,-1,-1,-1,-0.026,-0.199 -0.295 -0.277 -0.342,-1.0,0,-1.000,-1.000,0.4998,-0.06,,-1.000,0.0,0.0,0.0,,,92.7,92.7,-167.1,,0.000,0.0,11.5,-1.00,-1.0,0.0,0,1537,-1.0,105.9,-1.0,0.0,0.00,5.00,-1,0,0.000,0,0.00,23.86,0,0,1,0.0,2,0.00,0.000,0.00,0.00,0.296,0.174,0.000,-1.000,-1.000,-1.000,-1.000,None,42.7,-1.0,0,4,0.00,0,0,0,0,0.00,2,0,0.000,0.000,-1,-1,-1,-1,-1,-1,-1,-1,-999,-1,-1,0,-1,-1,-1,33.0,0,0.00,0,0,-1,-1,-1,-1,-1,-1,0,0
266,4.4333,air,rise,257.193,-367.397,16.847,2.240,-13.820,11.354,18.025,14.000,15.897,0.00,0.00,0.00,0.00,0.000,0,,0,0.00,0.00,0.00,258.498,-363.088,17.047,-106.79,-6.72,61.49,4.507,0.000,-0.05,1.00,0,0,1,0,0,0,-6.72,-6.69,-4.45,0.1652,0.1026,0.4572,1,4.507,0,0.438,0,air_rise,releaseTuck,1.000,1,0.262 0.110 0.005 -0.064 0.394 -0.202 -0.260 -0.304 -0.053 -0.407,258.46,-362.86,16.86,-6.73,-106.84,93.25,-1,-1,-1,-1,0.051,-0.138 -0.254 -0.301 -0.388,-1.0,0,-1.000,-1.000,0.4994,-0.06,,-1.000,0.0,0.0,0.0,,,84.9,84.9,14.5,,0.000,0.0,11.5,-1.00,-1.0,0.0,0,1536,-1.0,106.0,-1.0,0.0,0.00,5.00,-1,0,0.000,0,0.00,23.86,0,0,1,0.0,2,0.00,0.000,0.00,0.00,0.369,0.188,0.000,-1.000,-1.000,-1.000,-1.000,None,34.0,-1.0,0,4,0.00,0,0,0,0,0.00,2,0,0.000,0.000,-1,-1,-1,-1,-1,-1,-1,-1,-999,-1,-1,0,-1,-1,-1,33.0,0,0.00,0,0,-1,-1,-1,-1,-1,-1,0,0
267,4.4500,air,rise,257.228,-367.628,17.031,2.091,-13.843,10.954,17.776,14.000,16.081,0.00,0.00,0.00,0.00,0.000,0,,0,0.00,0.00,0.00,258.531,-363.313,17.231,-106.76,-6.71,61.43,4.512,0.000,-0.05,1.00,0,0,1,0,0,0,-6.71,-7.09,-4.47,0.1917,0.1070,0.4566,1,4.512,0,0.438,0,air_rise,releaseTuck,1.000,1,0.281 0.203 0.048 0.030 0.417 -0.121 -0.286 -0.332 -0.081 -0.460,258.50,-363.09,17.05,-6.72,-106.79,93.19,-1,-1,-1,-1,0.148,-0.048 -0.179 -0.331 -0.442,-1.0,0,-1.000,-1.000,0.4996,-0.05,,-1.000,0.0,0.0,0.0,,,75.1,75.1,17.7,,0.000,0.0,11.5,-1.00,-1.0,0.0,0,1535,-1.0,106.0,-1.0,0.0,0.00,5.00,-1,0,0.000,0,0.00,23.86,0,0,1,0.0,2,0.00,0.000,0.00,0.00,0.468,0.207,0.000,-1.000,-1.000,-1.000,-1.000,None,23.6,-1.0,0,4,0.00,0,0,0,0,0.00,2,0,0.000,0.000,-1,-1,-1,-1,-1,-1,-1,-1,-999,-1,-1,0,-1,-1,-1,33.0,0,0.00,0,0,-1,-1,-1,-1,-1,-1,0,0
268,4.4667,air,rise,257.261,-367.859,17.209,1.928,-13.867,10.554,17.532,14.000,16.259,0.00,0.00,0.00,0.00,0.000,0,,0,0.00,0.00,0.00,258.563,-363.539,17.409,-106.73,-6.70,61.37,4.516,0.000,-0.05,1.00,0,0,1,0,0,0,-6.70,-7.49,-4.48,0.2202,0.1122,0.4556,1,4.516,0,0.438,0,air_rise,releaseTuck,1.000,1,0.300 0.303 0.107 0.151 0.451 -0.007 -0.311 -0.362 -0.110 -0.518,258.53,-363.31,17.23,-6.71,-106.76,93.13,-1,-1,-1,-1,0.255,0.071 -0.068 -0.365 -0.501,-1.0,0,-1.000,-1.000,0.5007,-0.05,,-1.000,0.0,0.0,0.0,,,63.9,63.6,20.3,,0.000,0.0,11.5,-1.00,-1.0,0.0,0,1534,-1.0,106.0,-1.0,0.0,0.00,5.00,-1,0,0.000,0,0.00,23.86,0,0,1,0.0,2,0.00,0.000,0.00,0.00,0.575,0.233,0.000,-1.000,-1.000,-1.000,-1.000,None,14.1,-1.0,0,4,0.00,0,0,0,0,0.00,2,0,0.000,0.000,-1,-1,-1,-1,-1,-1,-1,-1,-999,-1,-1,0,-1,-1,-1,33.0,0,0.00,0,0,-1,-1,-1,-1,-1,-1,0,0
269,4.4833,air,rise,257.291,-368.090,17.379,1.752,-13.890,10.154,17.294,14.000,16.429,0.00,0.00,0.00,0.00,0.000,0,,0,0.00,0.00,0.00,258.592,-363.766,17.579,-106.71,-6.68,61.31,4.521,0.000,-0.06,1.00,0,0,1,0,0,0,-6.68,-7.88,-4.50,0.2484,0.1177,0.4544,1,4.521,0,0.439,0,air_rise,airRise,1.000,1,0.313 0.397 0.177 0.294 0.492 0.137 -0.332 -0.391 -0.138 -0.577,258.56,-363.54,17.41,-6.70,-106.73,93.06,-1,-1,-1,-1,0.361,0.218 0.076 -0.400 -0.562,-1.0,0,-1.000,-1.000,0.5026,-0.05,,-1.000,0.0,0.0,0.0,,,51.9,50.3,22.6,,0.000,0.0,11.5,-1.00,-1.0,0.0,0,1533,-1.0,106.1,-1.0,0.0,0.00,5.00,-1,0,0.000,0,0.00,23.86,0,0,1,0.0,2,0.00,0.000,0.00,0.00,0.667,0.264,0.000,-1.000,-1.000,-1.000,-1.000,None,15.3,-1.0,0,4,0.00,0,0,0,0,0.00,2,0,0.000,0.000,-1,-1,-1,-1,-1,-1,-1,-1,-999,-1,-1,0,-1,-1,-1,33.0,0,0.00,0,0,-1,-1,-1,-1,-1,-1,0,0
270,4.5000,air,rise,257.318,-368.322,17.544,1.562,-13.913,9.754,17.063,14.000,16.594,0.00,0.00,0.00,0.00,0.000,0,,0,0.00,0.00,0.00,258.620,-363.992,17.744,-106.70,-6.67,61.25,4.526,0.000,-0.06,1.00,0,0,1,0,0,0,-6.67,-8.26,-4.52,0.2759,0.1225,0.4521,1,4.526,0,0.439,0,air_rise,airRise,1.000,1,0.313 0.469 0.246 0.443 0.528 0.291 -0.348 -0.416 -0.164 -0.631,258.59,-363.77,17.58,-6.68,-106.71,93.00,-1,-1,-1,-1,0.448,0.375 0.237 -0.431 -0.619,-1.0,0,-1.000,-1.000,0.5050,-0.05,,-1.000,0.0,0.0,0.0,,,40.4,35.7,24.4,,0.000,0.0,11.5,-1.00,-1.0,0.0,0,1533,-1.0,106.1,-1.0,0.0,0.00,5.00,-1,0,0.000,0,0.00,21.72,0,0,1,0.0,2,0.00,0.000,0.00,0.00,0.767,0.296,0.000,-1.000,-1.000,-1.000,-1.000,None,27.7,-1.0,0,4,0.00,0,0,0,0,0.00,2,0,0.000,0.000,-1,-1,-1,-1,-1,-1,-1,-1,-999,-1,-1,0,-1,-1,-1,33.0,0,0.00,0,0,-1,-1,-1,-1,-1,-1,0,0
271,4.5167,air,rise,257.341,-368.554,17.701,1.358,-13.934,9.354,16.837,14.000,16.751,0.00,0.00,0.00,0.00,0.000,0,,0,0.00,0.00,0.00,258.644,-364.219,17.904,-106.70,-6.69,61.18,4.531,0.000,-0.06,1.00,0,0,1,0,0,0,-6.69,-8.64,-4.53,0.3036,0.1256,0.4474,1,4.531,0,0.439,0,air_rise,airRise,1.000,1,0.296 0.510 0.300 0.576 0.550 0.434 -0.357 -0.433 -0.185 -0.678,258.62,-363.99,17.74,-6.67,-106.70,92.92,-1,-1,-1,-1,0.504,0.522 0.392 -0.456 -0.670,-1.0,0,-1.000,-1.000,0.5076,-0.04,,-1.000,0.0,0.0,0.0,,,31.2,20.2,25.7,,0.000,0.0,11.5,-1.00,-1.0,0.0,0,1533,-1.0,106.1,-1.0,0.0,0.00,5.00,-1,0,0.000,0,0.00,21.72,0,0,1,0.0,2,0.00,0.000,0.00,0.00,0.865,0.327,0.000,-1.000,-1.000,-1.000,-1.000,None,42.5,-1.0,0,4,0.00,0,0,0,0,0.00,2,0,0.000,0.000,-1,-1,-1,-1,-1,-1,-1,-1,-999,-1,-1,0,-1,-1,-1,33.0,0,0.00,0,0,-1,-1,-1,-1,-1,-1,0,0
272,4.5333,air,rise,257.361,-368.787,17.852,1.140,-13.953,8.954,16.618,14.000,16.902,0.00,0.00,0.00,0.00,0.000,0,,0,0.00,0.00,0.00,258.666,-364.447,18.063,-106.71,-6.77,61.11,4.537,0.000,-0.06,1.00,0,0,1,0,0,0,-6.77,-9.00,-4.55,0.3371,0.1266,0.4373,1,4.537,0,0.439,0,air_rise,airRise,1.000,1,0.263 0.517 0.331 0.675 0.551 0.546 -0.360 -0.442 -0.201 -0.716,258.64,-364.22,17.90,-6.69,-106.70,92.85,-1,-1,-1,-1,0.527,0.638 0.519 -0.473 -0.713,-1.0,0,-1.000,-1.000,0.5097,-0.04,,-1.000,0.0,0.0,0.0,,,27.0,5.0,26.6,,0.000,0.0,11.5,-1.00,-1.0,0.0,0,1532,-1.0,106.1,-1.0,0.0,0.00,5.00,-1,0,0.000,0,0.00,21.72,0,0,1,0.0,2,0.00,0.000,0.00,0.00,0.955,0.352,0.000,-1.000,-1.000,-1.000,-1.000,None,56.9,-1.0,0,4,0.00,0,0,0,0,0.00,2,0,0.000,0.000,-1,-1,-1,-1,-1,-1,-1,-1,-999,-1,-1,0,-1,-1,-1,33.0,0,0.00,0,0,-1,-1,-1,-1,-1,-1,0,0
273,4.5500,air,rise,257.377,-369.019,17.996,0.909,-13.970,8.554,16.406,14.000,17.046,0.00,0.00,0.00,0.00,0.000,0,,0,0.00,0.00,0.00,258.685,-364.675,18.218,-106.73,-6.89,61.05,4.543,0.000,-0.07,1.00,0,0,1,0,0,0,-6.89,-9.36,-4.57,0.3628,0.1257,0.4287,1,4.543,0,0.439,0,air_rise,airRise,1.000,1,0.222 0.499 0.338 0.736 0.532 0.620 -0.358 -0.446 -0.210 -0.744,258.67,-364.45,18.06,-6.77,-106.71,92.77,-1,-1,-1,-1,0.523,0.716 0.609 -0.484 -0.745,-1.0,0,-1.000,-1.000,0.5110,-0.04,,-1.000,0.0,0.0,0.0,,,28.1,-8.7,27.0,,0.000,0.0,11.5,-1.00,-1.0,0.0,0,1532,-1.0,106.1,-1.0,0.0,0.00,5.00,-1,0,0.000,0,0.00,21.72,0,0,1,0.0,2,0.00,0.000,0.00,0.00,1.031,0.371,0.000,-1.000,-1.000,-1.000,-1.000,None,69.9,-1.0,0,4,0.00,0,0,0,0,0.00,2,0,0.000,0.000,-1,-1,-1,-1,-1,-1,-1,-1,-999,-1,-1,0,-1,-1,-1,33.0,0,0.00,0,0,-1,-1,-1,-1,-1,-1,0,0
274,4.5667,air,rise,257.389,-369.252,18.134,0.664,-13.984,8.154,16.201,14.000,17.184,0.00,0.00,0.00,0.00,0.000,0,,0,0.00,0.00,0.00,258.701,-364.903,18.368,-106.76,-7.03,60.98,4.549,0.000,-0.07,1.00,0,0,1,0,0,0,-7.03,-9.71,-4.58,0.3816,0.1237,0.4219,1,4.549,0,0.439,0,air_rise,airRise,1.000,1,0.182 0.469 0.329 0.764 0.500 0.661 -0.355 -0.449 -0.214 -0.764,258.69,-364.67,18.22,-6.89,-106.73,92.69,-1,-1,-1,-1,0.504,0.760 0.664 -0.493 -0.768,-1.0,0,-1.000,-1.000,0.5117,-0.04,,-1.000,0.0,0.0,0.0,,,31.8,-19.7,26.9,,0.000,0.0,11.5,-1.00,-1.0,0.0,0,1532,-1.0,106.1,-1.0,0.0,0.00,5.00,-1,0,0.000,0,0.00,21.72,0,0,1,0.0,2,0.00,0.000,0.00,0.00,1.090,0.385,0.000,-1.000,-1.000,-1.000,-1.000,None,80.5,-1.0,0,4,0.00,0,0,0,0,0.00,2,0,0.000,0.000,-1,-1,-1,-1,-1,-1,-1,-1,-999,-1,-1,0,-1,-1,-1,33.0,0,0.00,0,0,-1,-1,-1,-1,-1,-1,0,0
275,4.5833,air,rise,257.397,-369.486,18.265,0.406,-13.994,7.754,16.004,14.000,17.315,0.00,0.00,0.00,0.00,0.000,0,,0,0.00,0.00,0.00,258.714,-365.132,18.514,-106.81,-7.19,60.90,4.555,0.000,-0.07,1.00,0,0,1,0,0,0,-7.19,-10.05,-4.60,0.3933,0.1211,0.4179,1,4.555,0,0.439,0,air_rise,airRise,1.000,1,0.147 0.440 0.311 0.772 0.466 0.680 -0.351 -0.454 -0.212 -0.777,258.70,-364.90,18.37,-7.03,-106.76,92.61,-1,-1,-1,-1,0.483,0.780 0.695 -0.503 -0.784,-1.0,0,-1.000,-1.000,0.5116,-0.04,,-1.000,0.0,0.0,0.0,,,35.5,-27.3,26.3,,0.000,0.0,11.5,-1.00,-1.0,0.0,0,1533,-1.0,106.1,-1.0,0.0,0.00,5.00,-1,0,0.000,0,0.00,21.72,0,0,1,0.0,2,0.00,0.000,0.00,0.00,1.131,0.393,0.000,-1.000,-1.000,-1.000,-1.000,None,88.5,-1.0,0,4,0.00,0,0,0,0,0.00,2,0,0.000,0.000,-1,-1,-1,-1,-1,-1,-1,-1,-999,-1,-1,0,-1,-1,-1,33.0,0,0.00,0,0,-1,-1,-1,-1,-1,-1,0,0
276,4.6000,air,rise,257.401,-369.719,18.389,0.134,-13.999,7.354,15.814,14.000,17.439,0.00,0.00,0.00,0.00,0.000,0,,0,0.00,0.00,0.00,258.724,-365.361,18.653,-106.87,-7.36,60.83,4.562,0.000,-0.07,1.00,0,0,1,0,0,0,-7.36,-10.38,-4.62,0.4001,0.1184,0.4161,1,4.562,0,0.440,0,air_rise,airRise,1.000,1,0.125 0.422 0.293 0.774 0.439 0.691 -0.349 -0.463 -0.207 -0.787,258.71,-365.13,18.51,-7.19,-106.81,92.53,-1,-1,-1,-1,0.470,0.789 0.711 -0.514 -0.794,-1.0,0,-1.000,-1.000,0.5109,-0.03,,-1.000,0.0,0.0,0.0,,,37.7,-31.5,25.2,,0.000,0.0,11.5,-1.00,-1.0,0.0,0,1533,-1.0,106.0,-1.0,0.0,0.00,5.00,-1,0,0.000,0,0.00,20.88,0,0,1,0.0,2,0.00,0.000,0.00,0.00,1.156,0.396,0.000,-1.000,-1.000,-1.000,-1.000,None,93.5,-1.0,0,4,0.00,0,0,0,0,0.00,2,0,0.000,0.000,-1,-1,-1,-1,-1,-1,-1,-1,-999,-1,-1,0,-1,-1,-1,33.0,0,0.00,0,0,-1,-1,-1,-1,-1,-1,0,0
277,4.6167,air,rise,257.401,-369.952,18.507,0.000,-14.000,6.954,15.632,14.000,17.557,0.00,0.00,0.00,0.00,0.000,0,,0,0.00,0.00,0.00,258.729,-365.590,18.787,-106.92,-7.53,60.76,4.568,0.000,-0.07,1.00,0,0,1,0,0,0,-7.53,-10.70,-4.63,0.4029,0.1168,0.4161,1,4.568,0,0.440,0,air_rise,airRise,1.000,1,0.117 0.421 0.281 0.778 0.425 0.699 -0.350 -0.476 -0.199 -0.792,258.72,-365.36,18.65,-7.36,-106.87,92.45,-1,-1,-1,-1,0.470,0.793 0.720 -0.526 -0.798,-1.0,0,-1.000,-1.000,0.5100,-0.03,,-1.000,0.0,0.0,0.0,,,37.6,-32.0,24.2,,0.000,0.0,11.5,-1.00,-1.0,0.0,0,1534,-1.0,106.0,-1.0,0.0,0.00,5.00,-1,0,0.000,0,0.00,20.88,0,0,1,0.0,2,0.00,0.000,0.00,0.00,1.163,0.396,0.000,-1.000,-1.000,-1.000,-1.000,None,95.2,-1.0,0,4,0.00,0,0,0,0,0.00,2,0,0.000,0.000,-1,-1,-1,-1,-1,-1,-1,-1,-999,-1,-1,0,-1,-1,-1,33.0,0,0.00,0,0,-1,-1,-1,-1,-1,-1,0,0
278,4.6333,air,rise,257.401,-370.186,18.618,0.000,-14.000,6.554,15.458,14.000,17.668,0.00,0.00,0.00,0.00,0.000,0,,0,0.00,0.00,0.00,258.732,-365.820,18.914,-106.94,-7.71,60.69,4.574,0.000,-0.08,1.00,0,0,1,0,0,0,-7.71,-11.02,-4.65,0.4039,0.1157,0.4170,1,4.574,0,0.440,0,air_rise,airRise,1.000,1,0.117 0.431 0.274 0.783 0.418 0.707 -0.351 -0.490 -0.190 -0.795,258.73,-365.59,18.79,-7.53,-106.92,92.37,-1,-1,-1,-1,0.479,0.795 0.725 -0.539 -0.797,-1.0,0,-1.000,-1.000,0.5091,-0.03,,-1.000,0.0,0.0,0.0,,,36.1,-30.4,23.4,,0.000,0.0,11.5,-1.00,-1.0,0.0,0,1534,-1.0,106.0,-1.0,0.0,0.00,5.00,-1,0,0.000,0,0.00,20.88,0,0,1,0.0,2,0.00,0.000,0.00,0.00,1.162,0.395,0.000,-1.000,-1.000,-1.000,-1.000,None,95.0,-1.0,0,4,0.00,0,0,0,0,0.00,2,0,0.000,0.000,-1,-1,-1,-1,-1,-1,-1,-1,-999,-1,-1,0,-1,-1,-1,33.0,0,0.00,0,0,-1,-1,-1,-1,-1,-1,0,0
279,4.6500,air,rise,257.401,-370.419,18.722,0.000,-14.000,6.154,15.293,14.000,17.772,0.00,0.00,0.00,0.00,0.000,0,,0,0.00,0.00,0.00,258.732,-366.050,19.034,-106.93,-7.89,60.61,4.578,0.000,-0.08,1.00,0,0,1,0,0,0,-7.89,-11.32,-4.67,0.4050,0.1141,0.4180,1,4.578,0,0.440,0,air_rise,airRise,1.000,1,0.115 0.441 0.263 0.789 0.409 0.716 -0.349 -0.506 -0.178 -0.798,258.73,-365.82,18.91,-7.71,-106.94,92.28,-1,-1,-1,-1,0.489,0.797 0.731 -0.553 -0.797,-1.0,0,-1.000,-1.000,0.5082,-0.03,,-1.000,0.0,0.0,0.0,,,34.4,-28.7,22.4,,0.000,0.0,11.5,-1.00,-1.0,0.0,0,1533,-1.0,106.0,-1.0,0.0,0.00,5.00,-1,0,0.000,0,0.00,20.88,0,0,1,0.0,2,0.00,0.000,0.00,0.00,1.160,0.393,0.000,-1.000,-1.000,-1.000,-1.000,None,94.7,-1.0,0,4,0.00,0,0,0,0,0.00,2,0,0.000,0.000,-1,-1,-1,-1,-1,-1,-1,-1,-999,-1,-1,0,-1,-1,-1,33.0,0,0.00,0,0,-1,-1,-1,-1,-1,-1,0,0
280,4.6667,air,rise,257.401,-370.652,18.819,0.000,-14.000,5.754,15.136,14.000,17.869,0.00,0.00,0.00,0.00,0.000,0,,0,0.00,0.00,0.00,258.730,-366.280,19.148,-106.90,-8.07,60.54,4.581,0.000,-0.08,1.00,0,0,1,0,0,0,-8.07,-11.62,-4.68,0.4062,0.1117,0.4189,1,4.581,0,0.441,0,air_rise,airRise,1.000,1,0.111 0.453 0.249 0.794 0.397 0.726 -0.345 -0.523 -0.163 -0.800,258.73,-366.05,19.03,-7.89,-106.93,92.20,-1,-1,-1,-1,0.500,0.799 0.737 -0.569 -0.796,-1.0,0,-1.000,-1.000,0.5071,-0.03,,-1.000,0.0,0.0,0.0,,,32.5,-27.0,21.1,,0.000,0.0,11.5,-1.00,-1.0,0.0,0,1531,-1.0,106.0,-1.0,0.0,0.00,5.00,-1,0,0.000,0,0.00,20.88,0,0,1,0.0,2,0.00,0.000,0.00,0.00,1.158,0.391,0.000,-1.000,-1.000,-1.000,-1.000,None,94.4,-1.0,0,4,0.00,0,0,0,0,0.00,2,0,0.000,0.000,-1,-1,-1,-1,-1,-1,-1,-1,-999,-1,-1,0,-1,-1,-1,33.0,0,0.00,0,0,-1,-1,-1,-1,-1,-1,0,0
281,4.6833,air,rise,257.401,-370.886,18.910,0.000,-14.000,5.354,14.989,14.000,17.960,0.00,0.00,0.00,0.00,0.000,0,,0,0.00,0.00,0.00,258.727,-366.511,19.256,-106.86,-8.25,60.46,4.584,0.000,-0.08,1.00,0,0,1,0,0,0,-8.25,-11.91,-4.70,0.4074,0.1086,0.4199,1,4.584,0,0.441,0,air_rise,airRise,1.000,1,0.104 0.466 0.232 0.800 0.381 0.737 -0.337 -0.542 -0.145 -0.803,258.73,-366.28,19.15,-8.07,-106.90,92.11,-1,-1,-1,-1,0.512,0.801 0.744 -0.585 -0.794,-1.0,0,-1.000,-1.000,0.5060,-0.03,,-1.000,0.0,0.0,0.0,,,30.4,-25.1,19.5,,0.000,0.0,11.5,-1.00,-1.0,0.0,0,1529,-1.0,106.1,-1.0,0.0,0.00,5.00,-1,0,0.000,0,0.00,20.88,0,0,1,0.0,2,0.00,0.000,0.00,0.00,1.157,0.390,0.000,-1.000,-1.000,-1.000,-1.000,None,94.0,-1.0,0,4,0.00,0,0,0,0,0.00,2,0,0.000,0.000,-1,-1,-1,-1,-1,-1,-1,-1,-999,-1,-1,0,-1,-1,-1,33.0,0,0.00,0,0,-1,-1,-1,-1,-1,-1,0,0
282,4.7000,air,rise,257.401,-371.119,18.994,0.000,-14.000,4.954,14.851,14.000,18.044,0.00,0.00,0.00,0.00,0.000,0,,0,0.00,0.00,0.00,258.723,-366.742,19.357,-106.79,-8.42,60.39,4.587,0.000,-0.08,1.00,0,0,1,0,0,0,-8.42,-12.18,-4.72,0.4083,0.1047,0.4209,1,4.587,0,0.441,0,air_rise,airRise,1.000,1,0.094 0.480 0.211 0.806 0.362 0.748 -0.326 -0.562 -0.124 -0.804,258.73,-366.51,19.26,-8.25,-106.86,92.03,-1,-1,-1,-1,0.524,0.802 0.750 -0.603 -0.791,-1.0,0,-1.000,-1.000,0.5048,-0.03,,-1.000,0.0,0.0,0.0,,,28.0,-23.2,17.5,,0.000,0.0,11.5,-1.00,-1.0,0.0,0,1526,-1.0,106.1,-1.0,0.0,0.00,5.00,-1,0,0.000,0,0.00,20.27,0,0,1,0.0,2,0.00,0.000,0.00,0.00,1.155,0.389,0.000,-1.000,-1.000,-1.000,-1.000,None,93.6,-1.0,0,4,0.00,0,0,0,0,0.00,2,0,0.000,0.000,-1,-1,-1,-1,-1,-1,-1,-1,-999,-1,-1,0,-1,-1,-1,33.0,0,0.00,0,0,-1,-1,-1,-1,-1,-1,0,0
283,4.7167,swing,swingLow,257.362,-371.301,18.935,-4.643,-7.872,-11.839,14.956,9.139,17.985,266.00,-390.27,33.70,27.83,0.031,1,,0,0.00,0.00,0.00,258.713,-366.969,19.431,-107.31,-9.85,60.32,4.565,0.000,-0.08,1.00,1,0,1,0,0,0,-9.85,-12.44,-4.73,0.3699,0.0722,0.4317,1,4.565,0,0.441,0,air_rise,airRise,1.000,1,-0.030 0.585 0.018 0.762 0.176 0.762 -0.178 -0.700 0.065 -0.714,258.72,-366.74,19.36,-8.42,-106.79,91.94,-1,-1,-1,-1,0.593,0.694 0.702 -0.692 -0.639,56.1,1,-1.000,-1.000,0.4858,-0.02,,-1.000,0.0,0.0,0.0,,,2.7,1.5,-2.3,,0.000,0.0,11.5,-1.00,-1.0,0.0,0,1533,-1.0,106.2,-1.0,0.0,0.00,5.00,-1,0,0.000,0,0.00,20.27,0,0,1,0.0,2,0.00,0.000,0.00,0.00,1.153,0.388,0.000,-1.000,-1.000,-1.000,-1.000,None,140.8,-1.0,0,4,0.00,0,0,0,0,0.00,2,0,0.000,0.000,-1,-1,-1,-1,-1,-1,-1,-1,-999,-1,-1,0,-1,-1,-1,33.0,0,0.00,0,1,0.50403,0.28879,0.82008,-0.25867,3.08,3.35,0,0
284,4.7333,swing,swingLow,257.284,-371.436,18.735,-4.675,-8.176,-12.055,15.297,9.418,17.785,266.00,-390.27,33.70,27.83,0.085,1,,0,0.00,0.00,0.00,258.691,-367.183,19.446,-108.30,-12.03,60.25,4.535,0.000,-0.09,1.00,1,0,1,0,0,0,-12.03,-12.67,-4.75,0.3580,0.0874,0.4432,1,4.535,0,0.439,0,swing,airRise,1.000,1,0.035 0.590 0.089 0.731 0.247 0.717 -0.252 -0.677 0.000 -0.690,258.71,-366.97,19.43,-9.85,-107.31,91.86,-1,-1,-1,-1,0.588,0.634 0.629 -0.652 -0.586,46.9,1,-1.000,-1.000,0.4862,0.29,,-1.000,0.0,0.0,0.0,,,7.8,5.8,5.3,,0.000,0.0,11.5,-1.00,-1.0,0.0,0,1551,-1.0,105.9,-1.0,0.0,0.00,5.00,-1,0,0.000,0,0.00,20.27,0,0,1,0.0,2,0.00,0.000,0.08,0.00,1.152,0.387,0.000,-1.000,-1.000,-1.000,-1.000,None,135.9,-1.0,0,4,0.00,0,0,0,0,0.00,2,0,0.000,0.000,-1,-1,-1,-1,-1,-1,-1,-1,-999,-1,-1,0,-1,-1,-1,33.0,0,0.00,0,1,0.51366,0.30492,0.90139,-0.43318,3.06,3.79,0,0
285,4.7500,swing,swingLow,257.206,-371.575,18.531,-4.712,-8.486,-12.262,15.639,9.706,17.581,266.00,-390.27,33.70,27.83,0.131,1,,0,0.00,0.00,0.00,258.655,-367.382,19.394,-109.07,-13.29,60.17,4.519,0.000,-0.09,1.00,1,0,1,0,0,0,-13.29,-12.86,-4.77,0.3362,0.1047,0.4566,1,4.519,0,0.437,0,swing,airRise,1.000,1,0.093 0.585 0.107 0.654 0.340 0.644 -0.324 -0.637 -0.070 -0.638,258.69,-367.18,19.45,-12.03,-108.30,91.78,-1,-1,-1,-1,0.564,0.529 0.523 -0.584 -0.506,36.3,1,-1.000,-1.000,0.4863,0.59,,-1.000,0.0,0.0,0.0,,,18.1,13.4,12.7,,0.000,0.0,11.5,-1.00,-1.0,0.0,0,1569,-1.0,105.1,-1.0,0.0,0.00,5.00,-1,0,0.000,0,0.00,20.27,0,0,1,0.0,2,0.00,0.000,0.17,0.00,1.189,0.369,0.000,-1.000,-1.000,-1.000,-1.000,None,127.2,-1.0,0,4,0.00,0,0,0,0,0.00,2,0,0.000,0.000,-1,-1,-1,-1,-1,-1,-1,-1,-999,-1,-1,0,-1,-1,-1,33.0,0,0.00,0,1,0.52493,0.33052,0.94249,-0.53337,3.00,4.06,0,0
286,4.7667,swing,swingLow,257.127,-371.720,18.324,-4.745,-8.802,-12.462,15.977,9.999,17.374,266.00,-390.27,33.70,27.83,0.170,1,,0,0.00,0.00,0.00,258.606,-367.567,19.288,-109.60,-13.87,60.11,4.513,0.000,-0.09,1.00,1,0,1,0,0,0,-13.87,-13.02,-4.78,0.3141,0.1241,0.4705,1,4.513,0,0.433,0,swing,airRise,1.000,1,0.159 0.568 0.136 0.579 0.444 0.586 -0.381 -0.588 -0.128 -0.590,258.66,-367.38,19.39,-13.29,-109.07,91.69,-1,-1,-1,-1,0.532,0.441 0.447 -0.509 -0.440,27.3,1,-1.000,-1.000,0.4888,0.88,,-1.000,0.0,0.0,0.0,,,26.3,17.9,20.5,,0.000,0.0,11.5,-1.00,-1.0,0.0,0,1584,-1.0,104.5,-1.0,0.0,0.00,5.00,-1,0,0.000,0,0.00,20.27,0,0,1,0.0,2,0.00,0.000,0.25,0.00,1.236,0.335,0.000,-1.000,-1.000,-1.000,-1.000,None,121.2,-1.0,0,4,0.00,0,0,0,0,0.00,2,0,0.000,0.000,-1,-1,-1,-1,-1,-1,-1,-1,-999,-1,-1,0,-1,-1,-1,33.0,0,0.00,0,1,0.53710,0.35254,0.96368,-0.59109,2.98,4.21,0,0
287,4.7833,swing,swingLow,257.047,-371.870,18.113,-4.760,-9.122,-12.653,16.309,10.289,17.163,266.00,-390.27,33.70,27.83,0.204,1,,0,0.00,0.00,0.00,258.547,-367.741,19.143,-109.95,-14.04,60.06,4.512,0.000,-0.09,1.00,1,0,1,0,0,0,-14.04,-13.14,-4.80,0.2978,0.1401,0.4827,1,4.512,0,0.430,0,swing,airRise,1.000,1,0.207 0.548 0.136 0.508 0.529 0.555 -0.421 -0.537 -0.177 -0.549,258.61,-367.57,19.29,-13.87,-109.60,91.61,-1,-1,-1,-1,0.502,0.366 0.409 -0.436 -0.391,20.8,1,-1.000,-1.000,0.4918,1.14,,-1.000,0.0,0.0,0.0,,,32.1,21.2,26.3,,0.000,0.0,11.5,-1.00,-1.0,0.0,0,1594,-1.0,104.1,-1.0,0.0,0.00,5.00,-1,0,0.000,0,0.00,20.27,0,0,1,0.0,2,0.00,0.000,0.33,0.00,1.294,0.303,0.000,-1.000,-1.000,-1.000,-1.000,None,116.7,-1.0,0,4,0.00,0,0,0,0,0.00,2,0,0.000,0.000,-1,-1,-1,-1,-1,-1,-1,-1,-999,-1,-1,0,-1,-1,-1,33.0,0,0.00,0,1,0.54724,0.36884,0.97630,-0.62951,2.98,4.31,0,0
288,4.8000,swing,swingLow,256.968,-372.026,17.900,-4.757,-9.447,-12.837,16.634,10.577,16.950,266.00,-390.27,33.70,27.83,0.233,1,,0,0.00,0.00,0.00,258.480,-367.908,18.972,-110.15,-13.98,60.08,4.516,0.000,-0.09,1.00,1,0,1,0,0,0,-13.98,-13.21,-4.82,0.2905,0.1531,0.4912,1,4.516,0,0.426,0,swing,airRise,1.000,1,0.242 0.529 0.110 0.442 0.601 0.549 -0.448 -0.488 -0.218 -0.518,258.55,-367.74,19.14,-14.04,-109.95,91.56,-1,-1,-1,-1,0.478,0.304 0.403 -0.371 -0.355,16.0,1,-1.000,-1.000,0.4953,1.39,,-1.000,0.0,0.0,0.0,,,36.3,23.6,30.6,,0.000,0.0,11.5,-1.00,-1.0,0.0,0,1600,-1.0,103.8,-1.0,0.0,0.00,5.00,-1,0,0.000,0,0.00,21.37,0,0,1,0.0,2,0.00,0.000,0.42,0.00,1.353,0.272,0.000,-1.000,-1.000,-1.000,-1.000,None,113.4,-1.0,0,4,0.00,0,0,0,0,0.00,2,0,0.000,0.000,-1,-1,-1,-1,-1,-1,-1,-1,-999,-1,-1,0,-1,-1,-1,33.0,0,0.00,0,1,0.55611,0.37997,0.98390,-0.65757,2.98,4.37,0,0
289,4.8167,swing,swingLow,256.889,-372.187,17.683,-4.753,-9.777,-13.012,16.956,10.871,16.733,266.00,-390.27,33.70,27.83,0.258,1,,0,0.00,0.00,0.00,258.407,-368.070,18.784,-110.24,-13.80,60.19,4.523,0.000,-0.09,1.00,1,0,1,0,0,0,-13.80,-13.26,-4.83,0.2878,0.1633,0.4978,1,4.523,0,0.422,0,swing,airRise,1.000,1,0.268 0.514 0.062 0.387 0.662 0.564 -0.464 -0.444 -0.254 -0.495,258.48,-367.91,18.97,-13.98,-110.15,91.59,-1,-1,-1,-1,0.459,0.258 0.422 -0.316 -0.332,12.5,1,-1.000,-1.000,0.4990,1.62,,-1.000,0.0,0.0,0.0,,,39.3,25.3,33.8,,0.000,0.0,11.5,-1.00,-1.0,0.0,0,1602,-1.0,103.6,-1.0,0.0,0.00,5.00,-1,0,0.000,0,0.00,21.37,0,0,1,0.0,2,0.00,0.000,0.50,0.00,1.396,0.244,0.000,-1.000,-1.000,-1.000,-1.000,None,111.0,-1.0,0,4,0.00,0,0,0,0,0.00,2,0,0.000,0.000,-1,-1,-1,-1,-1,-1,-1,-1,-999,-1,-1,0,-1,-1,-1,33.0,0,0.00,0,1,0.56374,0.38650,0.98787,-0.67879,2.99,4.42,0,0
290,4.8333,swing,swingLow,256.809,-372.353,17.464,-4.746,-10.113,-13.178,17.276,11.171,16.514,266.00,-390.27,33.70,27.83,0.281,1,,0,0.00,0.00,0.00,258.331,-368.232,18.583,-110.26,-13.58,60.40,4.534,0.000,-0.09,1.00,1,0,1,0,0,0,-13.58,-13.27,-4.85,0.2879,0.1710,0.5024,1,4.534,0,0.418,0,swing,airRise,1.000,1,0.290 0.499 -0.005 0.349 0.708 0.591 -0.475 -0.407 -0.288 -0.477,258.41,-368.07,18.78,-13.80,-110.24,91.72,-1,-1,-1,-1,0.443,0.233 0.457 -0.270 -0.315,9.8,1,-1.000,-1.000,0.5026,1.84,,-1.000,0.0,0.0,0.0,,,41.7,26.5,36.5,,0.000,0.0,11.5,-1.00,-1.0,0.0,0,1601,-1.0,103.5,-1.0,0.0,0.00,5.00,-1,0,0.000,0,0.00,21.37,0,0,1,0.0,2,0.00,0.000,0.58,0.00,1.429,0.220,0.000,-1.000,-1.000,-1.000,-1.000,None,109.2,-1.0,0,4,0.00,0,0,0,0,0.00,2,0,0.000,0.000,-1,-1,-1,-1,-1,-1,-1,-1,-999,-1,-1,0,-1,-1,-1,33.0,0,0.00,0,1,0.56989,0.38981,0.98947,-0.69598,3.00,4.45,0,0
291,4.8500,swing,swingLow,256.730,-372.525,17.242,-4.737,-10.454,-13.334,17.594,11.477,16.292,266.00,-390.27,33.70,27.83,0.301,1,,0,0.00,0.00,0.00,258.253,-368.393,18.375,-110.23,-13.37,60.68,4.547,0.000,-0.09,1.00,1,0,1,0,0,0,-13.37,-13.24,-4.87,0.2916,0.1746,0.5050,1,4.547,0,0.414,0,swing,swingLow,1.000,1,0.302 0.490 -0.089 0.332 0.731 0.633 -0.476 -0.381 -0.313 -0.466,258.33,-368.23,18.58,-13.58,-110.26,91.95,-1,-1,-1,-1,0.431,0.233 0.508 -0.238 -0.305,7.9,1,-1.000,-1.000,0.5056,2.04,,-1.000,0.0,0.0,0.0,,,43.3,27.8,38.1,,0.000,0.0,11.5,-1.00,-1.0,0.0,0,1599,-1.0,103.4,-1.0,0.0,0.00,5.00,-1,0,0.000,0,0.00,21.37,0,0,1,0.0,2,0.00,0.000,0.65,0.00,1.459,0.201,0.000,-1.000,-1.000,-1.000,-1.000,None,107.5,-1.0,0,4,0.00,0,0,0,0,0.00,2,0,0.000,0.000,-1,-1,-1,-1,-1,-1,-1,-1,-999,-1,-1,0,-1,-1,-1,33.0,0,0.00,0,1,0.57356,0.38975,0.98969,-0.71121,3.00,4.47,0,0
292,4.8667,swing,swingLow,256.652,-372.703,17.017,-4.726,-10.800,-13.481,17.909,11.789,16.067,266.00,-390.27,33.70,27.83,0.319,1,,0,0.00,0.00,0.00,258.174,-368.557,18.161,-110.16,-13.18,61.03,4.562,0.000,-0.09,1.00,1,0,1,0,0,0,-13.18,-13.19,-4.88,0.2946,0.1760,0.5062,1,4.562,0,0.410,0,swing,swingLow,1.000,1,0.315 0.479 -0.165 0.340 0.739 0.671 -0.479 -0.356 -0.338 -0.453,258.25,-368.39,18.38,-13.37,-110.23,92.27,-1,-1,-1,-1,0.419,0.257 0.555 -0.211 -0.294,6.1,1,-1.000,-1.000,0.5075,2.22,,-1.000,0.0,0.0,0.0,,,45.0,29.0,39.8,,0.000,0.0,11.5,-1.00,-1.0,0.0,0,1596,-1.0,103.4,-1.0,0.0,0.00,5.00,-1,0,0.000,0,0.00,21.37,0,0,1,0.0,2,0.00,0.000,0.65,0.00,1.478,0.187,0.000,-1.000,-1.000,-1.000,-1.000,None,105.9,-1.0,0,4,0.00,0,0,0,0,0.00,2,0,0.000,0.000,-1,-1,-1,-1,-1,-1,-1,-1,-999,-1,-1,0,-1,-1,-1,33.0,0,0.00,0,1,0.57539,0.38959,0.98924,-0.72585,3.00,4.49,0,0
293,4.8833,swing,swingLow,256.573,-372.887,16.790,-4.702,-11.150,-13.619,18.218,12.101,15.840,266.00,-390.27,33.70,27.83,0.336,1,,0,0.00,0.00,0.00,258.095,-368.725,17.943,-110.08,-13.02,61.44,4.579,0.000,-0.09,1.00,1,0,1,0,0,0,-13.02,-13.11,-4.90,0.3017,0.1740,0.5079,1,4.579,0,0.407,0,swing,swingLow,1.000,1,0.320 0.477 -0.227 0.354 0.730 0.710 -0.474 -0.332 -0.348 -0.455,258.17,-368.56,18.16,-13.18,-110.16,92.68,-1,-1,-1,-1,0.418,0.286 0.603 -0.186 -0.298,5.9,1,-1.000,-1.000,0.5088,2.39,,-1.000,0.0,0.0,0.0,,,45.2,28.8,40.1,,0.000,0.0,11.5,-1.00,-1.0,0.0,0,1592,-1.0,103.5,-1.0,0.0,0.00,5.00,-1,0,0.000,0,0.00,21.37,0,0,1,0.0,2,0.00,0.000,0.65,0.00,1.489,0.182,0.000,-1.000,-1.000,-1.000,-1.000,None,105.6,-1.0,0,4,0.00,0,0,0,0,0.00,2,0,0.000,0.000,-1,-1,-1,-1,-1,-1,-1,-1,-999,-1,-1,0,-1,-1,-1,33.0,0,0.00,0,1,0.57538,0.38835,0.98858,-0.74077,3.00,4.51,0,0
294,4.9000,swing,swingLow,256.495,-373.077,16.561,-4.665,-11.504,-13.747,18.522,12.414,15.611,266.00,-390.27,33.70,27.83,0.351,1,,0,0.00,0.00,0.00,258.016,-368.896,17.721,-109.99,-12.89,61.89,4.597,0.000,-0.09,1.00,1,0,1,0,0,0,-12.89,-13.00,-4.92,0.3044,0.1709,0.5125,1,4.597,0,0.403,0,swing,swingLow,1.000,1,0.321 0.480 -0.276 0.386 0.727 0.724 -0.467 -0.318 -0.356 -0.466,258.09,-368.72,17.94,-13.02,-110.08,93.14,-1,-1,-1,-1,0.422,0.333 0.620 -0.172 -0.313,6.5,1,-1.000,-1.000,0.5100,2.54,,-1.000,0.0,0.0,0.0,,,44.6,27.8,39.7,,0.000,0.0,11.5,-1.00,-1.0,0.0,0,1588,-1.0,103.5,-1.0,0.0,0.00,5.00,-1,0,0.000,0,0.00,21.44,0,0,1,0.0,2,0.00,0.000,0.65,0.00,1.493,0.177,0.000,-1.000,-1.000,-1.000,-1.000,None,106.1,-1.0,0,4,0.00,0,0,0,0,0.00,2,0,0.000,0.000,-1,-1,-1,-1,-1,-1,-1,-1,-999,-1,-1,0,-1,-1,-1,33.0,0,0.00,0,1,0.57535,0.39156,0.98798,-0.75645,2.98,4.52,0,0
295,4.9167,swing,swingLow,256.418,-373.272,16.330,-4.628,-11.862,-13.864,18.824,12.733,15.380,266.00,-390.27,33.70,27.83,0.365,1,,0,0.00,0.00,0.00,257.938,-369.072,17.496,-109.90,-12.79,62.37,4.616,0.000,-0.09,1.00,1,0,1,0,0,0,-12.79,-12.87,-4.93,0.3058,0.1681,0.5161,1,4.616,0,0.400,0,swing,swingLow,1.000,1,0.322 0.481 -0.307 0.425 0.724 0.735 -0.462 -0.305 -0.364 -0.477,258.02,-368.90,17.72,-12.89,-109.99,93.65,-1,-1,-1,-1,0.426,0.385 0.633 -0.160 -0.326,7.0,1,-1.000,-1.000,0.5112,2.67,,-1.000,0.0,0.0,0.0,,,44.0,26.9,39.5,,0.000,0.0,11.5,-1.00,-1.0,0.0,0,1584,-1.0,103.6,-1.0,0.0,0.00,5.00,-1,0,0.000,0,0.00,21.44,0,0,1,0.0,2,0.00,0.000,0.65,0.00,1.496,0.173,0.000,-1.000,-1.000,-1.000,-1.000,None,106.4,-1.0,0,4,0.00,0,0,0,0,0.00,2,0,0.000,0.000,-1,-1,-1,-1,-1,-1,-1,-1,-999,-1,-1,0,-1,-1,-1,33.0,0,0.00,0,1,0.57520,0.39449,0.98766,-0.77318,2.95,4.54,0,0
296,4.9333,swing,swingLow,256.341,-373.474,16.097,-4.584,-12.225,-13.971,19.122,13.056,15.147,266.00,-390.27,33.70,27.83,0.378,1,,0,0.00,0.00,0.00,257.860,-369.254,17.269,-109.80,-12.72,62.88,4.636,0.000,-0.09,1.00,1,0,1,0,0,0,-12.72,-12.72,-4.95,0.3062,0.1652,0.5189,1,4.636,0,0.397,0,swing,swingLow,1.000,1,0.324 0.482 -0.322 0.463 0.721 0.744 -0.458 -0.294 -0.372 -0.486,257.94,-369.07,17.50,-12.79,-109.90,94.20,-1,-1,-1,-1,0.428,0.433 0.645 -0.150 -0.338,7.4,1,-1.000,-1.000,0.5121,2.79,,-1.000,0.0,0.0,0.0,,,43.7,26.2,39.3,,0.000,0.0,11.5,-1.00,-1.0,0.0,0,1580,-1.0,103.7,-1.0,0.0,0.00,5.00,-1,0,0.000,0,0.00,21.44,0,0,1,0.0,2,0.00,0.000,0.65,0.00,1.498,0.170,0.000,-1.000,-1.000,-1.000,-1.000,None,106.6,-1.0,0,4,0.00,0,0,0,0,0.00,2,0,0.000,0.000,-1,-1,-1,-1,-1,-1,-1,-1,-999,-1,-1,0,-1,-1,-1,33.0,0,0.00,0,1,0.57496,0.39720,0.98774,-0.79113,2.92,4.57,0,0
297,4.9500,swing,swingLow,256.265,-373.681,15.862,-4.534,-12.591,-14.068,19.416,13.382,14.912,266.00,-390.27,33.70,27.83,0.391,1,,0,0.00,0.00,0.00,257.783,-369.440,17.040,-109.70,-12.66,63.41,4.656,0.000,-0.09,1.00,1,0,1,0,0,0,-12.66,-12.55,-4.97,0.3055,0.1625,0.5209,1,4.656,0,0.395,0,swing,swingLow,1.000,1,0.326 0.482 -0.327 0.494 0.719 0.751 -0.456 -0.287 -0.378 -0.493,257.86,-369.25,17.27,-12.72,-109.80,94.77,-1,-1,-1,-1,0.430,0.472 0.654 -0.144 -0.349,7.7,1,-1.000,-1.000,0.5127,2.89,,-1.000,0.0,0.0,0.0,,,43.4,25.6,39.2,,0.000,0.0,11.5,-1.00,-1.0,0.0,0,1576,-1.0,103.8,-1.0,0.0,0.00,5.00,-1,0,0.000,0,0.00,21.44,0,0,1,0.0,2,0.00,0.000,0.65,0.00,1.500,0.169,0.000,-1.000,-1.000,-1.000,-1.000,None,106.6,-1.0,0,4,0.00,0,0,0,0,0.00,2,0,0.000,0.000,-1,-1,-1,-1,-1,-1,-1,-1,-999,-1,-1,0,-1,-1,-1,33.0,0,0.00,0,1,0.57466,0.39968,0.98828,-0.81032,2.89,4.60,0,0
298,4.9667,swing,swingLow,256.190,-373.895,15.626,-4.483,-12.960,-14.154,19.708,13.714,14.676,266.00,-390.27,33.70,27.83,0.403,1,,0,0.00,0.00,0.00,257.708,-369.633,16.808,-109.60,-12.62,63.95,4.676,0.000,-0.09,1.00,1,0,1,0,0,0,-12.62,-12.36,-4.98,0.3037,0.1603,0.5224,1,4.676,0,0.392,0,swing,swingLow,1.000,1,0.328 0.482 -0.325 0.518 0.717 0.756 -0.458 -0.283 -0.384 -0.499,257.78,-369.44,17.04,-12.66,-109.70,95.36,-1,-1,-1,-1,0.431,0.500 0.661 -0.140 -0.357,7.9,1,-1.000,-1.000,0.5133,2.97,,-1.000,0.0,0.0,0.0,,,43.2,25.2,39.2,,0.000,0.0,11.5,-1.00,-1.0,0.0,0,1572,-1.0,103.9,-1.0,0.0,0.00,5.00,-1,0,0.000,0,0.00,21.44,0,0,1,0.0,2,0.00,0.000,0.65,0.00,1.500,0.168,0.000,-1.000,-1.000,-1.000,-1.000,None,106.6,-1.0,0,4,0.00,0,0,0,0,0.00,2,0,0.000,0.000,-1,-1,-1,-1,-1,-1,-1,-1,-999,-1,-1,0,-1,-1,-1,33.0,0,0.00,0,1,0.57432,0.40204,0.98928,-0.83059,2.86,4.63,0,0
299,4.9833,swing,swingLow,256.116,-374.115,15.389,-4.426,-13.334,-14.229,19.996,14.049,14.439,266.00,-390.27,33.70,27.83,0.415,1,,0,0.00,0.00,0.00,257.633,-369.831,16.575,-109.50,-12.56,64.50,4.697,0.000,-0.09,1.00,1,0,1,0,0,0,-12.56,-12.16,-5.00,0.3010,0.1586,0.5237,1,4.697,0,0.390,0,swing,swingLow,1.000,1,0.330 0.482 -0.321 0.532 0.715 0.759 -0.463 -0.283 -0.389 -0.504,257.71,-369.63,16.81,-12.62,-109.60,95.96,-1,-1,-1,-1,0.432,0.518 0.666 -0.142 -0.364,8.0,1,-1.000,-1.000,0.5137,3.04,,-1.000,0.0,0.0,0.0,,,43.2,24.9,39.2,,0.000,0.0,11.5,-1.00,-1.0,0.0,0,1568,-1.0,104.0,-1.0,0.0,0.00,5.00,-1,0,0.000,0,0.00,21.44,0,0,1,0.0,2,0.00,0.000,0.65,0.00,1.499,0.170,0.000,-1.000,-1.000,-1.000,-1.000,None,106.3,-1.0,0,4,0.00,0,0,0,0,0.00,2,0,0.000,0.000,-1,-1,-1,-1,-1,-1,-1,-1,-999,-1,-1,0,-1,-1,-1,33.0,0,0.00,0,1,0.57397,0.40456,0.99048,-0.85085,2.83,4.66,0,0
300,5.0000,swing,swingLow,256.043,-374.341,15.150,-4.364,-13.710,-14.292,20.280,14.388,14.200,266.00,-390.27,33.70,27.83,0.426,1,,0,0.00,0.00,0.00,257.560,-370.035,16.340,-109.41,-12.48,65.07,4.718,0.000,-0.09,1.00,1,0,1,0,0,0,-12.48,-11.94,-5.02,0.2976,0.1570,0.5249,1,4.718,0,0.388,0,swing,swingLow,1.000,1,0.332 0.482 -0.317 0.537 0.714 0.760 -0.471 -0.288 -0.392 -0.507,257.63,-369.83,16.57,-12.56,-109.50,96.57,-1,-1,-1,-1,0.432,0.523 0.669 -0.147 -0.370,8.0,1,-1.000,-1.000,0.5139,3.09,,-1.000,0.0,0.0,0.0,,,43.1,24.7,39.2,,0.000,0.0,11.5,-1.00,-1.0,0.0,0,1565,-1.0,104.0,-1.0,0.0,0.00,5.00,-1,0,0.000,0,0.00,22.86,0,0,1,0.0,2,0.00,0.000,0.65,0.00,1.497,0.172,0.000,-1.000,-1.000,-1.000,-1.000,None,106.0,-1.0,0,4,0.00,0,0,0,0,0.00,2,0,0.000,0.000,-1,-1,-1,-1,-1,-1,-1,-1,-999,-1,-1,0,-1,-1,-1,33.0,0,0.00,0,1,0.57362,0.40721,0.99184,-0.87098,2.79,4.69,0,0
301,5.0167,swing,swingLow,255.971,-374.574,14.911,-4.301,-14.089,-14.344,20.561,14.731,13.961,266.00,-390.27,33.70,27.83,0.437,1,,0,0.00,0.00,0.00,257.488,-370.245,16.103,-109.32,-12.38,65.63,4.739,0.000,-0.09,1.00,1,0,1,0,0,0,-12.38,-11.71,-5.03,0.2940,0.1555,0.5262,1,4.739,0,0.386,0,swing,swingLow,1.000,1,0.334 0.481 -0.312 0.539 0.712 0.761 -0.480 -0.295 -0.395 -0.509,257.56,-370.03,16.34,-12.48,-109.41,97.19,-1,-1,-1,-1,0.433,0.524 0.672 -0.156 -0.374,8.0,1,-1.000,-1.000,0.5139,3.13,,-1.000,0.0,0.0,0.0,,,43.1,24.6,39.2,,0.000,0.0,11.5,-1.00,-1.0,0.0,0,1561,-1.0,104.1,-1.0,0.0,0.00,5.00,-1,0,0.000,0,0.00,22.86,0,0,1,0.0,2,0.00,0.000,0.65,0.00,1.496,0.174,0.000,-1.000,-1.000,-1.000,-1.000,None,105.7,-1.0,0,4,0.00,0,0,0,0,0.00,2,0,0.000,0.000,-1,-1,-1,-1,-1,-1,-1,-1,-999,-1,-1,0,-1,-1,-1,33.0,0,0.00,0,1,0.57322,0.40995,0.99343,-0.89111,2.76,4.73,0,0
302,5.0333,swing,swingLow,255.900,-374.812,14.670,-4.233,-14.471,-14.384,20.838,15.078,13.720,266.00,-390.27,33.70,27.83,0.447,1,,0,0.00,0.00,0.00,257.414,-370.469,15.865,-109.23,-12.23,66.19,4.753,0.000,-0.09,1.00,1,0,1,0,0,0,-12.23,-11.47,-5.05,0.2910,0.1543,0.5284,1,4.753,0,0.385,0,swing,swingLow,1.000,1,0.336 0.480 -0.308 0.540 0.710 0.762 -0.489 -0.302 -0.398 -0.511,257.49,-370.25,16.10,-12.38,-109.32,97.81,-1,-1,-1,-1,0.433,0.525 0.675 -0.165 -0.379,8.0,1,-1.000,-1.000,0.5140,3.15,,-1.000,0.0,0.0,0.0,,,43.0,24.5,39.2,,0.000,0.0,11.5,-1.00,-1.0,0.0,0,1558,-1.0,104.2,-1.0,0.0,0.00,5.00,-1,0,0.000,0,0.00,22.86,0,0,1,0.0,2,0.00,0.000,0.65,0.00,1.494,0.177,0.000,-1.000,-1.000,-1.000,-1.000,None,105.3,-1.0,0,4,0.00,0,0,0,0,0.00,2,0,0.000,0.000,-1,-1,-1,-1,-1,-1,-1,-1,-999,-1,-1,0,-1,-1,-1,33.0,0,0.00,0,1,0.57292,0.41341,0.99521,-0.91047,2.72,4.76,0,0
303,5.0500,swing,swingLow,255.830,-375.058,14.429,-4.160,-14.855,-14.412,21.112,15.427,13.479,266.00,-390.27,33.70,27.83,0.458,1,,0,0.00,0.00,0.00,257.338,-370.712,15.627,-109.14,-12.09,66.70,4.753,0.000,-0.09,1.00,1,0,1,0,0,0,-12.09,-11.21,-5.07,0.2893,0.1537,0.5310,1,4.753,0,0.383,0,swing,swingLow,1.000,1,0.338 0.480 -0.304 0.540 0.708 0.763 -0.498 -0.310 -0.401 -0.513,257.41,-370.47,15.87,-12.23,-109.23,98.41,-1,-1,-1,-1,0.434,0.525 0.678 -0.175 -0.384,8.1,1,-1.000,-1.000,0.5141,3.16,,-1.000,0.0,0.0,0.0,,,42.9,24.3,39.1,,0.000,0.0,11.5,-1.00,-1.0,0.0,0,1555,-1.0,104.3,-1.0,0.0,0.00,5.00,-1,0,0.000,0,0.00,22.86,0,0,1,0.0,2,0.00,0.000,0.65,0.00,1.492,0.179,0.000,-1.000,-1.000,-1.000,-1.000,None,105.0,-1.0,0,4,0.00,0,0,0,0,0.00,2,0,0.000,0.000,-1,-1,-1,-1,-1,-1,-1,-1,-999,-1,-1,0,-1,-1,-1,33.0,0,0.00,0,1,0.57283,0.41666,0.99860,-0.93413,2.70,4.81,0,0
304,5.0667,swing,swingLow,255.761,-375.309,14.188,-4.088,-15.242,-14.428,21.382,15.781,13.238,266.00,-390.27,33.70,27.83,0.468,1,,0,0.00,0.00,0.00,257.263,-370.961,15.387,-109.05,-11.97,67.17,4.754,0.000,-0.09,1.00,1,0,1,0,0,0,-11.97,-10.95,-5.08,0.2878,0.1531,0.5331,1,4.754,0,0.382,0,swing,swingLow,1.000,1,0.339 0.480 -0.299 0.540 0.706 0.763 -0.506 -0.319 -0.403 -0.515,257.34,-370.71,15.63,-12.09,-109.14,98.96,-1,-1,-1,-1,0.435,0.524 0.682 -0.185 -0.389,8.1,1,-1.000,-1.000,0.5141,3.15,,-1.000,0.0,0.0,0.0,,,42.8,24.2,39.0,,0.000,0.0,11.5,-1.00,-1.0,0.0,0,1552,-1.0,104.3,-1.0,0.0,0.00,5.00,-1,0,0.000,0,0.00,22.86,0,0,1,0.0,2,0.00,0.000,0.65,0.00,1.490,0.181,0.000,-1.000,-1.000,-1.000,-1.000,None,104.6,-1.0,0,4,0.00,0,0,0,0,0.00,2,0,0.000,0.000,-1,-1,-1,-1,-1,-1,-1,-1,-999,-1,-1,0,-1,-1,-1,33.0,0,0.00,0,1,0.57276,0.41941,1.00339,-0.96188,2.69,4.87,0,0
305,5.0833,swing,swingLow,255.694,-375.567,13.947,-4.010,-15.630,-14.431,21.648,16.136,12.997,266.00,-390.27,33.70,27.83,0.479,1,,0,0.00,0.00,0.00,257.189,-371.217,15.147,-108.96,-11.86,67.58,4.754,0.000,-0.09,1.00,1,0,1,0,0,0,-11.86,-10.68,-5.10,0.2866,0.1527,0.5349,1,4.754,0,0.382,0,swing,swingLow,1.000,1,0.341 0.479 -0.295 0.539 0.705 0.765 -0.515 -0.329 -0.405 -0.517,257.26,-370.96,15.39,-11.97,-109.05,99.46,-1,-1,-1,-1,0.436,0.522 0.685 -0.198 -0.394,8.1,1,-1.000,-1.000,0.5141,3.13,,-1.000,0.0,0.0,0.0,,,42.7,24.0,38.9,,0.000,0.0,11.5,-1.00,-1.0,0.0,0,1549,-1.0,104.4,-1.0,0.0,0.00,5.00,-1,0,0.000,0,0.00,22.86,0,0,1,0.0,2,0.00,0.000,0.65,0.00,1.489,0.183,0.000,-1.000,-1.000,-1.000,-1.000,None,104.2,-1.0,0,4,0.00,0,0,0,0,0.00,2,0,0.000,0.000,-1,-1,-1,-1,-1,-1,-1,-1,-999,-1,-1,0,-1,-1,-1,33.0,0,0.00,0,1,0.57271,0.42168,1.00965,-0.99399,2.67,4.94,0,0
306,5.1000,swing,swingLow,255.628,-375.832,13.706,-3.928,-16.020,-14.422,21.910,16.494,12.756,266.00,-390.27,33.70,27.83,0.489,1,,0,0.00,0.00,0.00,257.116,-371.479,14.906,-108.88,-11.78,67.93,4.754,0.000,-0.09,1.00,1,0,1,0,0,0,-11.78,-10.40,-5.12,0.2858,0.1524,0.5364,1,4.754,0,0.381,0,swing,swingLow,1.000,1,0.342 0.479 -0.290 0.537 0.703 0.766 -0.523 -0.339 -0.406 -0.520,257.19,-371.22,15.15,-11.86,-108.96,99.90,-1,-1,-1,-1,0.437,0.520 0.689 -0.210 -0.399,8.1,1,-1.000,-1.000,0.5142,3.09,,-1.000,0.0,0.0,0.0,,,42.5,23.8,38.8,,0.000,0.0,11.5,-1.00,-1.0,0.0,0,1546,-1.0,104.5,-1.0,0.0,0.00,5.00,-1,0,0.000,0,0.00,25.56,0,0,1,0.0,2,0.00,0.000,0.65,0.00,1.488,0.185,0.000,-1.000,-1.000,-1.000,-1.000,None,103.9,-1.0,0,4,0.00,0,0,0,0,0.00,2,0,0.000,0.000,-1,-1,-1,-1,-1,-1,-1,-1,-999,-1,-1,0,-1,-1,-1,33.0,0,0.00,0,1,0.57268,0.42352,1.01740,-1.03058,2.66,5.02,0,0
307,5.1167,swing,swingLow,255.563,-376.103,13.465,-3.846,-16.410,-14.401,22.169,16.855,12.515,266.00,-390.27,33.70,27.83,0.499,1,,0,0.00,0.00,0.00,257.045,-371.748,14.666,-108.79,-11.70,68.24,4.754,0.000,-0.08,1.00,1,0,1,0,0,0,-11.70,-10.12,-5.13,0.2851,0.1522,0.5376,1,4.754,0,0.381,0,swing,swingLow,1.000,1,0.343 0.479 -0.286 0.535 0.702 0.767 -0.531 -0.350 -0.408 -0.522,257.12,-371.48,14.91,-11.78,-108.88,100.28,-1,-1,-1,-1,0.438,0.516 0.694 -0.224 -0.403,8.2,1,-1.000,-1.000,0.5142,3.04,,-1.000,0.0,0.0,0.0,,,42.3,23.6,38.6,,0.000,0.0,11.5,-1.00,-1.0,0.0,0,1544,-1.0,104.6,-1.0,0.0,0.00,5.00,-1,0,0.000,0,0.00,25.56,0,0,1,0.0,2,0.00,0.000,0.65,0.00,1.487,0.186,0.000,-1.000,-1.000,-1.000,-1.000,None,103.6,-1.0,0,4,0.00,0,0,0,0,0.00,2,0,0.000,0.000,-1,-1,-1,-1,-1,-1,-1,-1,-999,-1,-1,0,-1,-1,-1,33.0,0,0.00,0,1,0.57269,0.42504,1.02699,-1.07149,2.65,5.13,0,0
308,5.1333,swing,swingLow,255.500,-376.381,13.224,-3.765,-16.802,-14.365,22.425,17.219,12.274,266.00,-390.27,33.70,27.83,0.509,1,,0,0.00,0.00,0.00,256.975,-372.024,14.425,-108.71,-11.64,68.51,4.754,0.000,-0.08,1.00,1,0,1,0,0,0,-11.64,-9.83,-5.15,0.2846,0.1522,0.5386,1,4.754,0,0.380,0,swing,swingLow,1.000,1,0.344 0.479 -0.280 0.532 0.701 0.768 -0.538 -0.361 -0.409 -0.524,257.05,-371.75,14.67,-11.70,-108.79,100.61,-1,-1,-1,-1,0.440,0.513 0.698 -0.238 -0.408,8.2,1,-1.000,-1.000,0.5141,2.96,,-1.000,0.0,0.0,0.0,,,42.1,23.4,38.4,,0.000,0.0,11.5,-1.00,-1.0,0.0,0,1541,-1.0,104.6,-1.0,0.0,0.00,5.00,-1,0,0.000,0,0.00,25.56,0,0,1,0.0,2,0.00,0.000,0.65,0.00,1.486,0.187,0.000,-1.000,-1.000,-1.000,-1.000,None,103.3,-1.0,0,4,0.00,0,0,0,0,0.00,2,0,0.000,0.000,-1,-1,-1,-1,-1,-1,-1,-1,-999,-1,-1,0,-1,-1,-1,33.0,0,0.00,0,1,0.57271,0.42625,1.03846,-1.11701,2.64,5.24,0,0
309,5.1500,swing,swingLow,255.438,-376.665,12.984,-3.686,-17.195,-14.317,22.677,17.586,12.034,266.00,-390.27,33.70,27.83,0.519,1,,0,0.00,0.00,0.00,256.907,-372.306,14.184,-108.63,-11.58,68.74,4.754,0.000,-0.08,1.00,1,0,1,0,0,0,-11.58,-9.53,-5.17,0.2844,0.1521,0.5393,1,4.754,0,0.381,0,swing,swingLow,1.000,1,0.344 0.479 -0.276 0.529 0.699 0.769 -0.545 -0.373 -0.410 -0.527,256.98,-372.02,14.42,-11.64,-108.71,100.89,-1,-1,-1,-1,0.442,0.508 0.703 -0.254 -0.413,8.1,1,-1.000,-1.000,0.5141,2.85,,-1.000,0.0,0.0,0.0,,,41.8,23.1,38.2,,0.000,0.0,11.5,-1.00,-1.0,0.0,0,1539,-1.0,104.7,-1.0,0.0,0.00,5.00,-1,0,0.000,0,0.00,25.56,0,0,1,0.0,2,0.00,0.000,0.65,0.00,1.485,0.188,0.000,-1.000,-1.000,-1.000,-1.000,None,103.0,-1.0,0,4,0.00,0,0,0,0,0.00,2,0,0.000,0.000,-1,-1,-1,-1,-1,-1,-1,-1,-999,-1,-1,0,-1,-1,-1,33.0,0,0.00,0,1,0.57271,0.42708,1.05177,-1.16768,2.64,5.37,0,0
310,5.1667,swing,swingLow,255.377,-376.955,12.745,-3.607,-17.588,-14.255,22.925,17.954,11.795,266.00,-390.27,33.70,27.83,0.529,1,,0,0.00,0.00,0.00,256.840,-372.594,13.944,-108.55,-11.54,68.94,4.754,0.000,-0.08,1.00,1,0,1,0,0,0,-11.54,-9.23,-5.18,0.2844,0.1520,0.5398,1,4.754,0,0.381,0,swing,swingLow,1.000,1,0.344 0.480 -0.271 0.525 0.698 0.771 -0.551 -0.385 -0.411 -0.530,256.91,-372.31,14.18,-11.58,-108.63,101.13,-1,-1,-1,-1,0.444,0.503 0.709 -0.269 -0.418,8.1,1,-1.000,-1.000,0.5141,2.72,,-1.000,0.0,0.0,0.0,,,41.5,22.8,37.9,,0.000,0.0,11.5,-1.00,-1.0,0.0,0,1537,-1.0,104.8,-1.0,0.0,0.00,5.00,-1,0,0.000,0,0.00,25.56,0,0,1,0.0,2,0.00,0.000,0.65,0.00,1.485,0.189,0.000,-1.000,-1.000,-1.000,-1.000,None,102.7,-1.0,0,4,0.00,0,0,0,0,0.00,2,0,0.000,0.000,-1,-1,-1,-1,-1,-1,-1,-1,-999,-1,-1,0,-1,-1,-1,33.0,0,0.00,0,1,0.57268,0.42751,1.06682,-1.22430,2.63,5.52,0,0
311,5.1833,swing,swingLow,255.318,-377.253,12.508,-3.519,-17.980,-14.180,23.168,18.321,11.558,266.00,-390.27,33.70,27.83,0.538,1,,0,0.00,0.00,0.00,256.775,-372.889,13.704,-108.45,-11.52,69.11,4.753,0.000,-0.08,1.00,1,0,1,0,0,0,-11.52,-8.92,-5.20,0.2847,0.1519,0.5399,1,4.753,0,0.381,0,swing,swingLow,1.000,1,0.344 0.480 -0.266 0.520 0.696 0.774 -0.557 -0.398 -0.411 -0.532,256.84,-372.59,13.94,-11.54,-108.55,101.34,-1,-1,-1,-1,0.446,0.497 0.715 -0.286 -0.423,8.0,1,-1.000,-1.000,0.5140,2.58,,-1.000,0.0,0.0,0.0,,,41.1,22.5,37.6,,0.000,0.0,11.5,-1.00,-1.0,0.0,0,1535,-1.0,104.9,-1.0,0.0,0.00,5.00,-1,0,0.000,0,0.00,25.56,0,0,1,0.0,2,0.00,0.000,0.65,0.00,1.485,0.189,0.000,-1.000,-1.000,-1.000,-1.000,None,102.4,-1.0,0,4,0.00,0,0,0,0,0.00,2,0,0.000,0.000,-1,-1,-1,-1,-1,-1,-1,-1,-999,-1,-1,0,-1,-1,-1,33.0,0,0.00,0,1,0.57258,0.42756,1.08332,-1.28714,2.63,5.69,0,0
312,5.2000,swing,swingLow,255.260,-377.556,12.271,-3.421,-18.370,-14.093,23.405,18.686,11.321,266.00,-390.27,33.70,27.83,0.548,1,,0,0.00,0.00,0.00,256.711,-373.191,13.465,-108.33,-11.50,69.26,4.752,0.000,-0.08,1.00,1,0,1,0,0,0,-11.50,-8.61,-5.22,0.2851,0.1518,0.5399,1,4.752,0,0.382,0,swing,swingLow,1.000,1,0.344 0.481 -0.262 0.515 0.694 0.776 -0.561 -0.411 -0.410 -0.536,256.78,-372.89,13.70,-11.52,-108.45,101.52,-1,-1,-1,-1,0.449,0.491 0.721 -0.302 -0.428,7.9,1,-1.000,-1.000,0.5137,2.46,,-1.000,0.0,0.0,0.0,,,40.8,22.1,37.3,,0.000,0.0,11.5,-1.00,-1.0,0.0,0,1533,-1.0,104.9,-1.0,0.0,0.00,5.00,-1,0,0.000,0,0.00,59.08,0,0,1,0.0,2,0.00,0.000,0.65,0.00,1.485,0.189,0.000,-1.000,-1.000,-1.000,-1.000,None,102.2,-1.0,0,4,0.00,0,0,0,0,0.00,2,0,0.000,0.000,-1,-1,-1,-1,-1,-1,-1,-1,-999,-1,-1,0,-1,-1,-1,33.0,0,0.00,0,1,0.57226,0.42730,1.10083,-1.35582,2.63,5.87,0,0
313,5.2167,swing,swingLow,255.204,-377.866,12.037,-3.325,-18.760,-13.992,23.638,19.052,11.087,266.00,-390.27,33.70,27.83,0.558,1,,0,0.00,0.00,0.00,256.649,-373.499,13.228,-108.19,-11.50,69.34,4.752,0.000,-0.08,1.00,1,0,1,0,0,0,-11.50,-8.30,-5.23,0.2857,0.1519,0.5395,1,4.752,0,0.383,0,swing,swingLow,1.000,1,0.343 0.482 -0.256 0.510 0.693 0.778 -0.566 -0.424 -0.410 -0.538,256.71,-373.19,13.47,-11.50,-108.33,101.67,-1,-1,-1,-1,0.451,0.484 0.727 -0.320 -0.432,7.9,1,-1.000,-1.000,0.5134,2.34,,-1.000,0.0,0.0,0.0,,,40.4,21.7,37.0,,0.000,0.0,11.5,-1.00,-1.0,0.0,0,1530,-1.0,105.1,-1.0,0.0,0.00,5.00,-1,0,0.000,0,0.00,59.08,0,0,1,0.0,2,0.00,0.000,0.65,0.00,1.485,0.189,0.000,-1.000,-1.000,-1.000,-1.000,None,101.9,-1.0,0,4,0.00,0,0,0,0,0.00,2,0,0.000,0.000,-1,-1,-1,-1,-1,-1,-1,-1,-999,-1,-1,0,-1,-1,-1,33.0,0,0.00,0,1,0.57195,0.42671,1.12066,-1.43374,2.63,6.08,0,0
314,5.2333,swing,swingLow,255.150,-378.183,11.804,-3.226,-19.148,-13.878,23.867,19.418,10.854,266.00,-390.27,33.70,27.83,0.567,1,,0,0.00,0.00,0.00,256.588,-373.814,12.991,-108.07,-11.50,69.31,4.751,0.000,-0.08,1.00,1,0,1,0,0,0,-11.50,-7.99,-5.25,0.2868,0.1523,0.5391,1,4.751,0,0.384,0,swing,swingLow,1.000,1,0.343 0.483 -0.250 0.505 0.691 0.781 -0.570 -0.437 -0.410 -0.540,256.65,-373.50,13.23,-11.50,-108.19,101.76,-1,-1,-1,-1,0.454,0.478 0.732 -0.337 -0.436,7.9,1,-1.000,-1.000,0.5132,2.22,,-1.000,0.0,0.0,0.0,,,40.1,21.4,36.7,,0.000,0.0,11.5,-1.00,-1.0,0.0,0,1529,-1.0,105.2,-1.0,0.0,0.00,5.00,-1,0,0.000,0,0.00,59.08,0,0,1,0.0,2,0.00,0.000,0.65,0.00,1.486,0.190,0.000,-1.000,-1.000,-1.000,-1.000,None,101.6,-1.0,0,4,0.00,0,0,0,0,0.00,2,0,0.000,0.000,-1,-1,-1,-1,-1,-1,-1,-1,-999,-1,-1,0,-1,-1,-1,33.0,0,0.00,0,1,0.57186,0.42587,1.14396,-1.52377,2.64,6.32,0,0
315,5.2500,swing,swingLow,255.097,-378.506,11.573,-3.124,-19.534,-13.750,24.091,19.782,10.623,266.00,-390.27,33.70,27.83,0.577,1,,0,0.00,0.00,0.00,256.529,-374.135,12.756,-107.95,-11.50,69.19,4.750,0.000,-0.07,1.00,1,0,1,0,0,0,-11.50,-7.67,-5.27,0.2885,0.1528,0.5386,1,4.750,0,0.385,0,swing,swingLow,1.000,1,0.342 0.483 -0.243 0.500 0.689 0.783 -0.574 -0.450 -0.409 -0.542,256.59,-373.81,12.99,-11.50,-108.07,101.72,-1,-1,-1,-1,0.456,0.471 0.738 -0.354 -0.440,7.8,1,-1.000,-1.000,0.5131,2.12,,-1.000,0.0,0.0,0.0,,,39.7,20.9,36.4,,0.000,0.0,11.5,-1.00,-1.0,0.0,0,1527,-1.0,105.3,-1.0,0.0,0.00,5.00,-1,0,0.000,0,0.00,59.08,0,0,1,0.0,2,0.00,0.000,0.65,0.00,1.486,0.191,0.000,-1.000,-1.000,-1.000,-1.000,None,101.4,-1.0,0,4,0.00,0,0,0,0,0.00,2,0,0.000,0.000,-1,-1,-1,-1,-1,-1,-1,-1,-999,-1,-1,0,-1,-1,-1,33.0,0,0.00,0,1,0.57192,0.42471,1.17081,-1.62649,2.65,6.60,0,0
316,5.2667,swing,swingLow,255.046,-378.836,11.344,-3.023,-19.917,-13.608,24.311,20.145,10.394,266.00,-390.27,33.70,27.83,0.586,1,,0,0.00,0.00,0.00,256.472,-374.462,12.523,-107.84,-11.50,69.01,4.748,0.000,-0.07,1.00,1,0,1,0,0,0,-11.50,-7.35,-5.28,0.2906,0.1534,0.5380,1,4.748,0,0.386,0,swing,swingLow,1.000,1,0.341 0.484 -0.237 0.495 0.687 0.786 -0.577 -0.462 -0.408 -0.545,256.53,-374.13,12.76,-11.50,-107.95,101.60,-1,-1,-1,-1,0.459,0.465 0.745 -0.370 -0.444,7.8,1,-1.000,-1.000,0.5131,2.01,,-1.000,0.0,0.0,0.0,,,39.3,20.5,36.1,,0.000,0.0,11.5,-1.00,-1.0,0.0,0,1525,-1.0,105.4,-1.0,0.0,0.00,5.00,-1,0,0.000,0,0.00,59.08,0,0,1,0.0,2,0.00,0.000,0.65,0.00,1.487,0.192,0.000,-1.000,-1.000,-1.000,-1.000,None,101.2,-1.0,0,4,0.00,0,0,0,0,0.00,2,0,0.000,0.000,-1,-1,-1,-1,-1,-1,-1,-1,-999,-1,-1,0,-1,-1,-1,33.0,0,0.00,0,1,0.57210,0.42331,1.20146,-1.74306,2.67,6.92,0,0
317,5.2833,swing,swingLow,254.997,-379.172,11.118,-2.920,-20.297,-13.453,24.525,20.506,10.168,266.00,-390.27,33.70,27.83,0.596,1,,0,0.00,0.00,0.00,256.416,-374.796,12.291,-107.74,-11.50,68.78,4.747,0.000,-0.07,1.00,1,0,1,0,0,0,-11.50,-7.03,-5.30,0.2929,0.1540,0.5373,1,4.747,0,0.387,0,swing,swingLow,1.000,1,0.340 0.485 -0.230 0.491 0.685 0.789 -0.579 -0.473 -0.407 -0.547,256.47,-374.46,12.52,-11.50,-107.84,101.41,-1,-1,-1,-1,0.462,0.460 0.751 -0.386 -0.447,7.7,1,-1.000,-1.000,0.5132,1.91,,-1.000,0.0,0.0,0.0,,,38.9,20.0,35.7,,0.000,0.0,11.5,-1.00,-1.0,0.0,0,1523,-1.0,105.5,-1.0,0.0,0.00,5.00,-1,0,0.000,0,0.00,59.08,0,0,1,0.0,2,0.00,0.000,0.65,0.00,1.488,0.194,0.000,-1.000,-1.000,-1.000,-1.000,None,100.9,-1.0,0,4,0.00,0,0,0,0,0.00,2,0,0.000,0.000,-1,-1,-1,-1,-1,-1,-1,-1,-999,-1,-1,0,-1,-1,-1,33.0,0,0.00,0,1,0.57237,0.42167,1.23624,-1.87498,2.69,7.29,0,0
318,5.3000,swing,swingLow,254.949,-379.514,10.895,-2.814,-20.674,-13.285,24.735,20.865,9.945,266.00,-390.27,33.70,27.83,0.605,1,,0,0.00,0.00,0.00,256.362,-375.136,12.062,-107.65,-11.50,68.51,4.746,0.000,-0.07,1.00,1,0,1,0,0,0,-11.50,-6.71,-5.32,0.2955,0.1546,0.5364,1,4.746,0,0.388,0,swing,swingLow,1.000,1,0.339 0.487 -0.223 0.486 0.682 0.792 -0.580 -0.483 -0.405 -0.549,256.42,-374.80,12.29,-11.50,-107.74,101.17,-1,-1,-1,-1,0.464,0.454 0.757 -0.401 -0.451,7.7,1,-1.000,-1.000,0.5133,1.82,,-1.000,0.0,0.0,0.0,,,38.4,19.5,35.4,,0.000,0.0,11.5,-1.00,-1.0,0.0,0,1521,-1.0,105.6,-1.0,0.0,0.00,5.00,-1,0,0.000,0,0.00,59.51,0,0,1,0.0,2,0.00,0.000,0.65,0.00,1.489,0.196,0.000,-1.000,-1.000,-1.000,-1.000,None,100.7,-1.0,0,4,0.00,0,0,0,0,0.00,2,0,0.000,0.000,-1,-1,-1,-1,-1,-1,-1,-1,-999,-1,-1,0,-1,-1,-1,33.0,0,0.00,0,1,0.57270,0.41982,1.27563,-2.02421,2.71,7.70,0,0
319,5.3167,swing,swingLow,254.903,-379.862,10.675,-2.710,-21.048,-13.102,24.940,21.221,9.725,266.00,-390.27,33.70,27.83,0.614,1,,0,0.00,0.00,0.00,256.310,-375.483,11.835,-107.56,-11.50,68.21,4.744,0.000,-0.07,1.00,1,0,1,0,0,0,-11.50,-6.38,-5.33,0.2983,0.1552,0.5355,1,4.744,0,0.390,0,swing,swingLow,1.000,1,0.337 0.488 -0.217 0.483 0.679 0.795 -0.581 -0.493 -0.403 -0.551,256.36,-375.14,12.06,-11.50,-107.65,100.89,-1,-1,-1,-1,0.467,0.450 0.764 -0.416 -0.455,7.6,1,-1.000,-1.000,0.5136,1.73,,-1.000,0.0,0.0,0.0,,,38.0,19.0,35.0,,0.000,0.0,11.5,-1.00,-1.0,0.0,0,1520,-1.0,105.7,-1.0,0.0,0.00,5.00,-1,0,0.000,0,0.00,59.51,0,0,1,0.0,2,0.00,0.000,0.65,0.00,1.490,0.198,0.000,-1.000,-1.000,-1.000,-1.000,None,100.6,-1.0,0,4,0.00,0,0,0,0,0.00,2,0,0.000,0.000,-1,-1,-1,-1,-1,-1,-1,-1,-999,-1,-1,0,-1,-1,-1,33.0,0,0.00,0,1,0.57307,0.41777,1.32044,-2.19324,2.73,8.18,0,0
320,5.3333,swing,swingLow,254.859,-380.217,10.457,-2.610,-21.417,-12.905,25.140,21.575,9.507,266.00,-390.27,33.70,27.83,0.623,1,,0,0.00,0.00,0.00,256.260,-375.835,11.611,-107.48,-11.50,67.91,4.742,0.000,-0.07,1.00,1,0,1,0,0,0,-11.50,-6.06,-5.35,0.3012,0.1558,0.5344,1,4.742,0,0.391,0,swing,swingLow,1.000,1,0.335 0.489 -0.211 0.480 0.677 0.799 -0.581 -0.502 -0.401 -0.554,256.31,-375.48,11.84,-11.50,-107.56,100.58,-1,-1,-1,-1,0.471,0.446 0.771 -0.430 -0.459,7.5,1,-1.000,-1.000,0.5138,1.64,,-1.000,0.0,0.0,0.0,,,37.5,18.4,34.6,,0.000,0.0,11.5,-1.00,-1.0,0.0,0,1518,-1.0,105.8,-1.0,0.0,0.00,5.00,-1,0,0.000,0,0.00,59.51,0,0,1,0.0,2,0.00,0.000,0.65,0.00,1.491,0.202,0.000,-1.000,-1.000,-1.000,-1.000,None,100.4,-1.0,0,4,0.00,0,0,0,0,0.00,2,0,0.000,0.000,-1,-1,-1,-1,-1,-1,-1,-1,-999,-1,-1,0,-1,-1,-1,33.0,0,0.00,0,1,0.57345,0.41554,1.37154,-2.38553,2.76,8.71,0,0
321,5.3500,swing,swingLow,254.817,-380.577,10.244,-2.513,-21.782,-12.694,25.336,21.926,9.294,266.00,-390.27,33.70,27.83,0.632,1,,0,0.00,0.00,0.00,256.211,-376.194,11.390,-107.40,-11.50,67.59,4.741,0.000,-0.07,1.00,1,0,1,0,0,0,-11.50,-5.74,-5.37,0.3042,0.1562,0.5331,1,4.741,0,0.393,0,swing,swingLow,1.000,1,0.333 0.491 -0.206 0.477 0.673 0.802 -0.579 -0.510 -0.398 -0.556,256.26,-375.84,11.61,-11.50,-107.48,100.25,-1,-1,-1,-1,0.474,0.442 0.778 -0.443 -0.463,7.3,1,-1.000,-1.000,0.5141,1.55,,-1.000,0.0,0.0,0.0,,,37.0,17.8,34.2,,0.000,0.0,11.5,-1.00,-1.0,0.0,0,1517,-1.0,105.9,-1.0,0.0,0.00,5.00,-1,0,0.000,0,0.00,59.51,0,0,1,0.0,2,0.00,0.000,0.65,0.00,1.493,0.205,0.000,-1.000,-1.000,-1.000,-1.000,None,100.3,-1.0,0,4,0.00,0,0,0,0,0.00,2,0,0.000,0.000,-1,-1,-1,-1,-1,-1,-1,-1,-999,-1,-1,0,-1,-1,-1,33.0,0,0.00,0,1,0.57381,0.41308,1.43007,-2.60566,2.78,9.33,0,0
322,5.3667,swing,swingLow,254.776,-380.944,10.033,-2.418,-22.142,-12.469,25.526,22.273,9.083,266.00,-390.27,33.70,27.83,0.641,1,,0,0.00,0.00,0.00,256.164,-376.559,11.171,-107.32,-11.50,67.27,4.739,0.000,-0.06,1.00,1,0,1,0,0,0,-11.50,-5.42,-5.38,0.3073,0.1565,0.5317,1,4.739,0,0.395,0,swing,swingLow,1.000,1,0.330 0.492 -0.201 0.474 0.670 0.806 -0.577 -0.517 -0.395 -0.559,256.21,-376.19,11.39,-11.50,-107.40,99.91,-1,-1,-1,-1,0.477,0.439 0.785 -0.455 -0.467,7.2,1,-1.000,-1.000,0.5145,1.46,,-1.000,0.0,0.0,0.0,,,36.4,17.2,33.8,,0.000,0.0,11.5,-1.00,-1.0,0.0,0,1516,-1.0,106.0,-1.0,0.0,0.00,5.00,-1,0,0.000,0,0.00,59.51,0,0,1,0.0,2,0.00,0.000,0.65,0.00,1.494,0.209,0.000,-1.000,-1.000,-1.000,-1.000,None,100.2,-1.0,0,4,0.00,0,0,0,0,0.00,2,0,0.000,0.000,-1,-1,-1,-1,-1,-1,-1,-1,-999,-1,-1,0,-1,-1,-1,33.0,0,0.00,0,1,0.57414,0.41041,1.49758,-2.85959,2.81,10.05,0,0
323,5.3833,swing,swingLow,254.736,-381.317,9.827,-2.320,-22.496,-12.231,25.711,22.615,8.877,266.00,-390.27,33.70,27.83,0.650,1,,0,0.00,0.00,0.00,256.119,-376.930,10.956,-107.25,-11.50,66.95,4.737,0.000,-0.06,1.00,1,0,1,0,0,0,-11.50,-5.09,-5.40,0.3104,0.1568,0.5301,1,4.737,0,0.396,0,swing,swingLow,1.000,1,0.327 0.494 -0.198 0.472 0.666 0.810 -0.574 -0.523 -0.391 -0.561,256.16,-376.56,11.17,-11.50,-107.32,99.57,-1,-1,-1,-1,0.481,0.436 0.792 -0.467 -0.471,7.0,1,-1.000,-1.000,0.5148,1.38,,-1.000,0.0,0.0,0.0,,,35.8,16.5,33.4,,0.000,0.0,11.5,-1.00,-1.0,0.0,0,1515,-1.0,106.0,-1.0,0.0,0.00,5.00,-1,0,0.000,0,0.00,59.51,0,0,1,0.0,2,0.00,0.000,0.65,0.00,1.496,0.214,0.000,-1.000,-1.000,-1.000,-1.000,None,100.0,-1.0,0,4,0.00,0,0,0,0,0.00,2,0,0.000,0.000,-1,-1,-1,-1,-1,-1,-1,-1,-999,-1,-1,0,-1,-1,-1,33.0,0,0.00,0,1,0.57446,0.40756,1.57611,-3.15520,2.83,10.88,0,0
324,5.4000,swing,swingLow,254.699,-381.695,9.625,-2.222,-22.843,-11.980,25.890,22.951,8.675,266.00,-390.27,33.70,27.83,0.658,1,,0,0.00,0.00,0.00,256.075,-377.306,10.745,-107.18,-11.50,66.65,4.734,0.000,-0.06,1.00,1,0,1,0,0,0,-11.50,-4.77,-5.42,0.3135,0.1570,0.5283,1,4.734,0,0.398,0,swing,swingLow,1.000,1,0.324 0.496 -0.195 0.470 0.663 0.813 -0.571 -0.529 -0.388 -0.564,256.12,-376.93,10.96,-11.50,-107.25,99.23,-1,-1,-1,-1,0.484,0.433 0.800 -0.478 -0.476,6.8,1,-1.000,-1.000,0.5152,1.29,,-1.000,0.0,0.0,0.0,,,35.3,15.8,32.9,,0.000,0.0,11.5,-1.00,-1.0,0.0,0,1514,-1.0,106.1,-1.0,0.0,0.00,5.00,-1,0,0.000,0,0.00,60.78,0,0,1,0.0,2,0.00,0.000,0.65,0.00,1.498,0.218,0.000,-1.000,-1.000,-1.000,-1.000,None,100.0,-1.0,0,4,0.00,0,0,0,0,0.00,2,0,0.000,0.000,-1,-1,-1,-1,-1,-1,-1,-1,-999,-1,-1,0,-1,-1,-1,33.0,0,0.00,0,1,0.57476,0.40458,1.66845,-3.50314,2.86,11.86,0,0
325,5.4167,swing,swingLow,254.663,-382.080,9.427,-2.125,-23.185,-11.716,26.063,23.282,8.477,266.00,-390.27,33.70,27.83,0.667,1,,0,0.00,0.00,0.00,256.034,-377.689,10.537,-107.12,-11.50,66.35,4.732,0.000,-0.06,1.00,1,0,1,0,0,0,-11.50,-4.45,-5.43,0.3165,0.1571,0.5264,1,4.732,0,0.400,0,swing,swingBottom,1.000,1,0.321 0.497 -0.193 0.468 0.659 0.816 -0.567 -0.534 -0.384 -0.566,256.08,-377.31,10.74,-11.50,-107.18,98.90,-1,-1,-1,-1,0.488,0.431 0.807 -0.488 -0.480,6.6,1,-1.000,-1.000,0.5157,1.21,,-1.000,0.0,0.0,0.0,,,34.7,15.1,32.5,,0.000,0.0,11.5,-1.00,-1.0,0.0,0,1513,-1.0,106.2,-1.0,0.0,0.00,5.00,-1,0,0.000,0,0.00,60.78,0,0,1,0.0,2,0.00,0.000,0.65,0.00,1.500,0.223,0.000,-1.000,-1.000,-1.000,-1.000,None,99.9,-1.0,0,4,0.00,0,0,0,0,0.00,2,0,0.000,0.000,-1,-1,-1,-1,-1,-1,-1,-1,-999,-1,-1,0,-1,-1,-1,33.0,0,0.00,0,1,0.57504,0.40151,1.77859,-3.91852,2.88,13.04,0,0
326,5.4333,swing,swingLow,254.628,-382.469,9.234,-2.030,-23.519,-11.438,26.231,23.606,8.284,266.00,-390.27,33.70,27.83,0.675,1,,0,0.00,0.00,0.00,255.994,-378.077,10.333,-107.06,-11.50,66.06,4.730,0.000,-0.06,1.00,1,0,1,0,0,0,-11.50,-4.14,-5.45,0.3193,0.1571,0.5244,1,4.730,0,0.402,0,swing,swingBottom,1.000,1,0.318 0.499 -0.191 0.467 0.655 0.820 -0.562 -0.538 -0.379 -0.568,256.03,-377.69,10.54,-11.50,-107.12,98.58,-1,-1,-1,-1,0.491,0.430 0.813 -0.496 -0.484,6.4,1,-1.000,-1.000,0.5161,1.13,,-1.000,0.0,0.0,0.0,,,34.1,14.4,32.1,,0.000,0.0,11.5,-1.00,-1.0,0.0,0,1512,-1.0,106.2,-1.0,0.0,0.00,5.00,-1,0,0.000,0,0.00,60.78,0,0,1,0.0,2,0.00,0.000,0.65,0.00,1.501,0.228,0.000,-1.000,-1.000,-1.000,-1.000,None,99.8,-1.0,0,4,0.00,0,0,0,0,0.00,2,0,0.000,0.000,-1,-1,-1,-1,-1,-1,-1,-1,-999,-1,-1,0,-1,-1,-1,33.0,0,0.00,0,1,0.57529,0.39833,1.91226,-4.42309,2.91,14.47,0,0
327,5.4500,swing,swingLow,254.595,-382.865,9.045,-1.938,-23.845,-11.147,26.393,23.924,8.095,266.00,-390.27,33.70,27.83,0.683,1,,0,0.00,0.00,0.00,255.955,-378.470,10.134,-107.00,-11.50,65.79,4.727,0.000,-0.06,1.00,1,0,1,0,0,0,-11.50,-3.82,-5.47,0.3221,0.1570,0.5222,1,4.727,0,0.404,0,swing,swingBottom,1.000,1,0.315 0.500 -0.190 0.466 0.651 0.823 -0.557 -0.541 -0.375 -0.571,255.99,-378.08,10.33,-11.50,-107.06,98.27,-1,-1,-1,-1,0.494,0.429 0.820 -0.504 -0.489,6.2,1,-1.000,-1.000,0.5165,1.06,,-1.000,0.0,0.0,0.0,,,33.5,13.6,31.7,,0.000,0.0,11.5,-1.00,-1.0,0.0,0,1511,-1.0,106.3,-1.0,0.0,0.00,5.00,-1,0,0.000,0,0.00,60.78,0,0,1,0.0,2,0.00,0.000,0.65,0.00,1.503,0.232,0.000,-1.000,-1.000,-1.000,-1.000,None,99.7,-1.0,0,4,0.00,0,0,0,0,0.00,2,0,0.000,0.000,-1,-1,-1,-1,-1,-1,-1,-1,-999,-1,-1,0,-1,-1,-1,33.0,0,0.00,0,1,0.57547,0.39502,2.07804,-5.04933,2.93,16.25,0,0
328,5.4667,swing,swingLow,254.564,-383.265,8.862,-1.848,-24.164,-10.844,26.550,24.234,7.912,266.00,-390.27,33.70,27.83,0.691,1,,0,0.00,0.00,0.00,255.919,-378.869,9.939,-106.94,-11.50,65.54,4.724,0.000,-0.06,1.00,1,0,1,0,0,0,-11.50,-3.51,-5.48,0.3248,0.1568,0.5198,1,4.724,0,0.406,0,swing,swingBottom,1.000,1,0.311 0.501 -0.191 0.464 0.647 0.826 -0.551 -0.543 -0.370 -0.573,255.96,-378.47,10.13,-11.50,-107.00,97.98,-1,-1,-1,-1,0.497,0.428 0.826 -0.512 -0.493,6.0,1,-1.000,-1.000,0.5169,0.99,,-1.000,0.0,0.0,0.0,,,33.0,12.9,31.3,,0.000,0.0,11.5,-1.00,-1.0,0.0,0,1510,-1.0,106.4,-1.0,0.0,0.00,5.00,-1,0,0.000,0,0.00,60.78,0,0,1,0.0,2,0.00,0.000,0.65,0.00,1.501,0.237,0.000,-1.000,-1.000,-1.000,-1.000,None,99.6,-1.0,0,4,0.00,0,0,0,0,0.00,2,0,0.000,0.000,-1,-1,-1,-1,-1,-1,-1,-1,-999,-1,-1,0,-1,-1,-1,33.0,0,0.00,0,1,0.57561,0.39158,2.28927,-5.84775,2.96,18.52,0,0
329,5.4833,swing,swingLow,254.534,-383.671,8.683,-1.747,-24.473,-10.530,26.699,24.535,7.733,266.00,-390.27,33.70,27.83,0.699,1,,0,0.00,0.00,0.00,255.884,-379.274,9.748,-106.88,-11.50,65.30,4.722,0.000,-0.06,1.00,1,0,1,0,0,0,-11.50,-3.20,-5.50,0.3274,0.1565,0.5173,1,4.722,0,0.408,0,swing,swingBottom,1.000,1,0.308 0.503 -0.192 0.463 0.643 0.828 -0.545 -0.544 -0.366 -0.576,255.92,-378.87,9.94,-11.50,-106.94,97.70,-1,-1,-1,-1,0.500,0.427 0.832 -0.518 -0.498,5.8,1,-1.000,-1.000,0.5173,0.92,,-1.000,0.0,0.0,0.0,,,32.4,12.1,30.9,,0.000,0.0,11.5,-1.00,-1.0,0.0,0,1509,-1.0,106.4,-1.0,0.0,0.00,5.00,-1,0,0.000,0,0.00,60.78,0,0,1,0.0,2,0.00,0.000,0.65,0.00,1.500,0.241,0.000,-1.000,-1.000,-1.000,-1.000,None,99.6,-1.0,0,4,0.00,0,0,0,0,0.00,2,0,0.000,0.000,-1,-1,-1,-1,-1,-1,-1,-1,-999,-1,-1,0,-1,-1,-1,33.0,0,0.00,0,1,0.57574,0.38810,2.56767,-6.90079,2.98,21.52,0,0
330,5.5000,swing,swingLow,254.506,-384.082,8.510,-1.637,-24.772,-10.205,26.842,24.826,7.560,266.00,-390.27,33.70,27.83,0.707,1,,0,0.00,0.00,0.00,255.850,-379.683,9.563,-106.82,-11.50,65.08,4.719,0.000,-0.05,1.00,1,0,1,0,0,0,-11.50,-2.89,-5.52,0.3297,0.1562,0.5147,1,4.719,0,0.410,0,swing,swingBottom,1.000,1,0.305 0.504 -0.194 0.462 0.639 0.830 -0.539 -0.545 -0.361 -0.578,255.88,-379.27,9.75,-11.50,-106.88,97.44,-1,-1,-1,-1,0.503,0.426 0.838 -0.523 -0.502,5.6,1,-1.000,-1.000,0.5178,0.85,,-1.000,0.0,0.0,0.0,,,31.9,11.4,30.5,,0.000,0.0,11.5,-1.00,-1.0,0.0,0,1509,-1.0,106.5,-1.0,0.0,0.00,5.00,-1,0,0.000,0,0.00,61.90,0,0,1,0.0,2,0.00,0.000,0.65,0.00,1.498,0.245,0.000,-1.000,-1.000,-1.000,-1.000,None,99.5,-1.0,0,4,0.00,0,0,0,0,0.00,2,0,0.000,0.000,-1,-1,-1,-1,-1,-1,-1,-1,-999,-1,-1,0,-1,-1,-1,33.0,0,0.00,0,1,0.57592,0.38463,2.95105,-8.35208,3.01,25.66,0,0
331,5.5167,swing,swingLow,254.479,-384.498,8.343,-1.530,-25.062,-9.869,26.979,25.109,7.393,266.00,-390.27,33.70,27.83,0.714,1,,0,0.00,0.00,0.00,255.819,-380.097,9.382,-106.77,-11.50,64.87,4.716,0.000,-0.05,1.00,1,0,1,0,0,0,-11.50,-2.59,-5.53,0.3318,0.1559,0.5121,1,4.716,0,0.412,0,swing,swingBottom,1.000,1,0.302 0.504 -0.195 0.462 0.635 0.831 -0.534 -0.544 -0.357 -0.580,255.85,-379.68,9.56,-11.50,-106.82,97.20,-1,-1,-1,-1,0.506,0.427 0.842 -0.527 -0.507,5.5,1,-1.000,-1.000,0.5183,0.79,,-1.000,0.0,0.0,0.0,,,31.4,10.6,30.2,,0.000,0.0,11.5,-1.00,-1.0,0.0,0,1508,-1.0,106.5,-1.0,0.0,0.00,5.00,-1,0,0.000,0,0.00,61.90,0,0,1,0.0,2,0.00,0.000,0.65,0.00,1.496,0.249,0.000,-1.000,-1.000,-1.000,-1.000,None,99.4,-1.0,0,4,0.00,0,0,0,0,0.00,2,0,0.000,0.000,-1,-1,-1,-1,-1,-1,-1,-1,-999,-1,-1,0,-1,-1,-1,33.0,0,0.00,0,1,0.57610,0.38126,3.51389,-10.48395,3.03,31.75,0,0
332,5.5333,swing,swingLow,254.455,-384.919,8.181,-1.423,-25.342,-9.522,27.109,25.382,7.231,266.00,-390.27,33.70,27.83,0.722,1,,0,0.00,0.00,0.00,255.789,-380.516,9.207,-106.71,-11.50,64.69,4.713,0.000,-0.05,1.00,1,0,1,0,0,0,-11.50,-2.29,-5.55,0.3336,0.1556,0.5094,1,4.713,0,0.414,0,swing,swingBottom,1.000,1,0.299 0.505 -0.198 0.463 0.632 0.832 -0.528 -0.542 -0.353 -0.582,255.82,-380.10,9.38,-11.50,-106.77,96.98,-1,-1,-1,-1,0.508,0.428 0.846 -0.530 -0.511,5.4,1,-1.000,-1.000,0.5187,0.73,,-1.000,0.0,0.0,0.0,,,31.0,9.9,29.9,,0.000,0.0,11.5,-1.00,-1.0,0.0,0,1507,-1.0,106.6,-1.0,0.0,0.00,5.00,-1,0,0.000,0,0.00,61.90,0,0,1,0.0,2,0.00,0.000,0.65,0.00,1.493,0.253,0.000,-1.000,-1.000,-1.000,-1.000,None,99.3,-1.0,0,4,0.00,0,0,0,0,0.00,2,0,0.000,0.000,-1,-1,-1,-1,-1,-1,-1,-1,-999,-1,-1,0,-1,-1,-1,33.0,0,0.00,0,1,0.57626,0.37789,4.42280,-13.92783,3.05,41.59,0,0
333,5.5500,swing,swingLow,254.432,-385.344,8.025,-1.316,-25.611,-9.163,27.233,25.645,7.075,266.00,-390.27,33.70,27.83,0.729,1,,0,0.00,0.00,0.00,255.761,-380.940,9.037,-106.65,-11.50,64.52,4.710,0.000,-0.05,1.00,1,0,1,0,0,0,-11.50,-1.99,-5.57,0.3354,0.1552,0.5066,1,4.710,0,0.417,0,swing,swingBottom,1.000,1,0.296 0.505 -0.200 0.464 0.628 0.832 -0.522 -0.541 -0.349 -0.584,255.79,-380.52,9.21,-11.50,-106.71,96.77,-1,-1,-1,-1,0.510,0.430 0.850 -0.532 -0.516,5.3,1,-1.000,-1.000,0.5192,0.67,,-1.000,0.0,0.0,0.0,,,30.6,9.1,29.7,,0.000,0.0,11.5,-1.00,-1.0,0.0,0,1507,-1.0,106.6,-1.0,0.0,0.00,5.00,-1,0,0.000,0,0.00,61.90,0,0,1,0.0,2,0.00,0.000,0.65,0.00,1.491,0.256,0.000,-1.000,-1.000,-1.000,-1.000,None,99.2,-1.0,0,4,0.00,0,0,0,0,0.00,2,0,0.000,0.000,-1,-1,-1,-1,-1,-1,-1,-1,-999,-1,-1,0,-1,-1,-1,33.0,0,0.00,0,1,0.57637,0.37446,6.14218,-20.44410,3.07,60.23,0,0
334,5.5667,swing,swingBottom,254.411,-385.773,7.875,-1.212,-25.870,-8.794,27.351,25.898,6.925,266.00,-390.27,33.70,27.83,0.736,1,,0,0.00,0.00,0.00,255.735,-381.368,8.873,-106.59,-11.50,64.36,4.707,0.000,-0.05,1.00,1,0,1,0,0,0,-11.50,-1.70,-5.58,0.3373,0.1548,0.5037,1,4.707,0,0.419,0,swing,swingBottom,1.000,1,0.293 0.505 -0.204 0.465 0.624 0.833 -0.515 -0.538 -0.345 -0.586,255.76,-380.94,9.04,-11.50,-106.65,96.58,-1,-1,-1,-1,0.512,0.432 0.854 -0.533 -0.521,5.2,1,-1.000,-1.000,0.5196,0.61,,-1.000,0.0,0.0,0.0,,,30.2,8.3,29.4,,0.000,0.0,11.5,-1.00,-1.0,0.0,0,1506,-1.0,106.7,-1.0,0.0,0.00,5.00,-1,0,0.000,0,0.00,61.90,0,0,1,0.0,2,0.00,0.000,0.65,0.00,1.488,0.259,0.000,-1.000,-1.000,-1.000,-1.000,None,99.1,-1.0,0,4,0.00,0,0,0,0,0.00,2,0,0.000,0.000,-1,-1,-1,-1,-1,-1,-1,-1,-999,-1,-1,0,-1,-1,-1,33.0,0,0.00,0,1,0.57643,0.37094,10.64182,-37.49898,3.09,109.03,0,0
335,5.5833,swing,swingBottom,254.392,-386.207,7.731,-1.115,-26.118,-8.414,27.462,26.141,6.781,266.00,-390.27,33.70,27.83,0.742,1,,0,0.00,0.00,0.00,255.711,-381.800,8.714,-106.54,-11.50,64.22,4.704,0.000,-0.05,1.00,1,0,1,0,0,0,-11.50,-1.41,-5.60,0.3392,0.1542,0.5006,1,4.704,0,0.421,0,swing,swingBottom,1.000,1,0.290 0.505 -0.207 0.466 0.620 0.833 -0.509 -0.536 -0.341 -0.589,255.74,-381.37,8.87,-11.50,-106.59,96.41,-1,-1,-1,-1,0.514,0.434 0.857 -0.535 -0.527,5.1,1,-1.000,-1.000,0.5200,0.56,,-1.000,0.0,0.0,0.0,,,29.8,7.5,29.1,,0.000,0.0,11.5,-1.00,-1.0,0.0,0,1506,-1.0,106.8,-1.0,0.0,0.00,5.00,-1,0,0.000,0,0.00,61.90,0,0,1,0.0,2,0.00,0.000,0.65,0.00,1.486,0.261,0.000,-1.000,-1.000,-1.000,-1.000,None,99.0,-1.0,0,4,0.00,0,0,0,0,0.00,2,0,0.000,0.000,-1,-1,-1,-1,-1,-1,-1,-1,-999,-1,-1,0,-1,-1,-1,33.0,0,0.00,0,1,0.57642,0.36735,53.51083,-199.98881,3.11,574.12,0,0
336,5.6000,swing,swingBottom,254.374,-386.645,7.594,-1.023,-26.354,-8.023,27.567,26.374,6.644,266.00,-390.27,33.70,27.83,0.748,1,,0,0.00,0.00,0.00,255.688,-382.236,8.562,-106.48,-11.50,64.10,4.701,0.000,-0.05,1.00,1,0,1,0,0,0,-11.50,-1.13,-5.62,0.3412,0.1535,0.4974,1,4.701,0,0.423,0,swing,swingBottom,1.000,1,0.286 0.506 -0.211 0.467 0.615 0.833 -0.501 -0.533 -0.336 -0.592,255.71,-381.80,8.71,-11.50,-106.54,96.26,-1,-1,-1,-1,0.516,0.435 0.860 -0.535 -0.532,4.9,1,-1.000,-1.000,0.5204,0.51,,-1.000,0.0,0.0,0.0,,,29.4,6.7,28.9,,0.000,0.0,11.5,-1.00,-1.0,0.0,0,1505,-1.0,106.8,-1.0,0.0,0.00,5.00,-1,0,0.000,0,0.00,62.81,0,0,1,0.0,2,0.00,0.000,0.65,0.00,1.483,0.264,0.000,-1.000,-1.000,-1.000,-1.000,None,98.9,-1.0,0,4,0.00,0,0,0,0,0.00,2,0,0.000,0.000,-1,-1,-1,-1,-1,-1,-1,-1,-999,-1,-1,0,-1,-1,-1,33.0,0,0.00,0,1,0.57632,0.36363,99.79461,-377.48462,3.13,1172.58,0,0
337,5.6167,swing,swingBottom,254.358,-387.086,7.464,-0.934,-26.578,-7.622,27.665,26.595,6.514,266.00,-390.27,33.70,27.83,0.755,1,,0,0.00,0.00,0.00,255.668,-382.677,8.416,-106.44,-11.50,63.99,4.697,0.000,-0.04,1.00,1,0,1,0,0,0,-11.50,-0.85,-5.63,0.3432,0.1527,0.4942,1,4.697,0,0.426,0,swing,swingBottom,1.000,1,0.283 0.506 -0.215 0.467 0.610 0.834 -0.494 -0.531 -0.331 -0.595,255.69,-382.24,8.56,-11.50,-106.48,96.12,-1,-1,-1,-1,0.518,0.436 0.864 -0.536 -0.539,4.7,1,-1.000,-1.000,0.5208,0.47,,-1.000,0.0,0.0,0.0,,,29.0,5.9,28.6,,0.000,0.0,11.5,-1.00,-1.0,0.0,0,1505,-1.0,106.9,-1.0,0.0,0.00,5.00,-1,0,0.000,0,0.00,62.81,0,0,1,0.0,2,0.00,0.000,0.65,0.00,1.481,0.266,0.000,-1.000,-1.000,-1.000,-1.000,None,98.8,-1.0,0,4,0.00,0,0,0,0,0.00,2,0,0.000,0.000,-1,-1,-1,-1,-1,-1,-1,-1,-999,-1,-1,0,-1,-1,-1,33.0,0,0.00,0,1,0.57614,0.35980,91.42791,-347.80905,3.15,1175.66,0,0
338,5.6333,swing,swingBottom,254.343,-387.531,7.340,-0.846,-26.790,-7.213,27.757,26.803,6.390,266.00,-390.27,33.70,27.83,0.760,1,,0,0.00,0.00,0.00,255.649,-383.120,8.276,-106.39,-11.50,63.89,4.694,0.000,-0.04,1.00,1,0,1,0,0,0,-11.50,-0.58,-5.65,0.3451,0.1517,0.4908,1,4.694,0,0.428,0,swing,swingBottom,1.000,1,0.279 0.506 -0.219 0.467 0.605 0.834 -0.486 -0.528 -0.326 -0.599,255.67,-382.68,8.42,-11.50,-106.44,96.00,-1,-1,-1,-1,0.520,0.437 0.867 -0.537 -0.544,4.5,1,-1.000,-1.000,0.5211,0.42,,-1.000,0.0,0.0,0.0,,,28.6,5.1,28.2,,0.000,0.0,11.5,-1.00,-1.0,0.0,0,1504,-1.0,106.9,-1.0,0.0,0.00,5.00,-1,0,0.000,0,0.00,62.81,0,0,1,0.0,2,0.00,0.000,0.65,0.00,1.478,0.268,0.000,-1.000,-1.000,-1.000,-1.000,None,98.8,-1.0,0,4,0.00,0,0,0,0,0.00,2,0,0.000,0.000,-1,-1,-1,-1,-1,-1,-1,-1,-999,-1,-1,0,-1,-1,-1,33.0,0,0.00,0,1,0.57592,0.35587,84.24313,-322.35886,3.16,1178.46,0,0
339,5.6500,swing,swingBottom,254.330,-387.980,7.223,-0.758,-26.989,-6.795,27.841,26.999,6.273,266.00,-390.27,33.70,27.83,0.766,1,,0,0.00,0.00,0.00,255.631,-383.568,8.142,-106.35,-11.50,63.81,4.691,0.000,-0.04,1.00,1,0,1,0,0,0,-11.50,-0.32,-5.67,0.3470,0.1508,0.4873,1,4.691,0,0.430,0,swing,swingBottom,1.000,1,0.275 0.506 -0.222 0.467 0.600 0.834 -0.478 -0.525 -0.322 -0.602,255.65,-383.12,8.28,-11.50,-106.39,95.89,-1,-1,-1,-1,0.521,0.438 0.870 -0.537 -0.551,4.3,1,-1.000,-1.000,0.5214,0.38,,-1.000,0.0,0.0,0.0,,,28.2,4.3,28.0,,0.000,0.0,11.5,-1.00,-1.0,0.0,0,1504,-1.0,107.0,-1.0,0.0,0.00,5.00,-1,0,0.000,0,0.00,62.81,0,0,1,0.0,2,0.00,0.000,0.65,0.00,1.475,0.270,0.000,-1.000,-1.000,-1.000,-1.000,None,98.7,-1.0,0,4,0.00,0,0,0,0,0.00,2,0,0.000,0.000,-1,-1,-1,-1,-1,-1,-1,-1,-999,-1,-1,0,-1,-1,-1,33.0,0,0.00,0,1,0.57566,0.35192,78.00416,-300.29006,3.18,1180.98,0,0
340,5.6667,swing,swingBottom,254.318,-388.431,7.113,-0.673,-27.174,-6.369,27.919,27.183,6.163,266.00,-390.27,33.70,27.83,0.771,1,,0,0.00,0.00,0.00,255.616,-384.018,8.016,-106.30,-11.50,63.74,4.688,0.000,-0.04,1.00,1,0,1,0,0,0,-11.50,-0.06,-5.68,0.3487,0.1499,0.4838,1,4.688,0,0.433,0,swing,swingBottom,1.000,1,0.271 0.506 -0.225 0.468 0.594 0.834 -0.470 -0.521 -0.317 -0.606,255.63,-383.57,8.14,-11.50,-106.35,95.80,-1,-1,-1,-1,0.523,0.440 0.873 -0.536 -0.557,4.2,1,-1.000,-1.000,0.5217,0.34,,-1.000,0.0,0.0,0.0,,,27.8,3.4,27.7,,0.000,0.0,11.5,-1.00,-1.0,0.0,0,1504,-1.0,107.0,-1.0,0.0,0.00,5.00,-1,0,0.000,0,0.00,62.81,0,0,1,0.0,2,0.00,0.000,0.65,0.00,1.473,0.272,0.000,-1.000,-1.000,-1.000,-1.000,None,98.6,-1.0,0,4,0.00,0,0,0,0,0.00,2,0,0.000,0.000,-1,-1,-1,-1,-1,-1,-1,-1,-999,-1,-1,0,-1,-1,-1,33.0,0,0.00,0,1,0.57537,0.34795,72.53248,-280.96375,3.20,1183.25,0,0
341,5.6833,swing,swingBottom,254.307,-388.886,7.011,-0.585,-27.346,-5.937,27.990,27.353,6.061,266.00,-390.27,33.70,27.83,0.776,1,,0,0.00,0.00,0.00,255.602,-384.472,7.896,-106.27,-11.50,63.67,4.684,0.000,-0.04,1.00,1,0,1,0,0,0,-11.50,0.20,-5.70,0.3504,0.1490,0.4803,1,4.684,0,0.435,0,swing,swingBottom,1.000,1,0.267 0.506 -0.227 0.469 0.589 0.833 -0.463 -0.518 -0.313 -0.610,255.62,-384.02,8.02,-11.50,-106.30,95.72,-1,-1,-1,-1,0.524,0.442 0.875 -0.535 -0.564,4.0,1,-1.000,-1.000,0.5220,0.31,,-1.000,0.0,0.0,0.0,,,27.5,2.6,27.4,,0.000,0.0,11.5,-1.00,-1.0,0.0,0,1504,-1.0,107.0,-1.0,0.0,0.00,5.00,-1,0,0.000,0,0.00,62.81,0,0,1,0.0,2,0.00,0.000,0.65,0.00,1.471,0.274,0.000,-1.000,-1.000,-1.000,-1.000,None,98.6,-1.0,0,4,0.00,0,0,0,0,0.00,2,0,0.000,0.000,-1,-1,-1,-1,-1,-1,-1,-1,-999,-1,-1,0,-1,-1,-1,33.0,0,0.00,0,1,0.57508,0.34399,67.69432,-263.89796,3.21,1185.28,0,0
342,5.7000,swing,swingBottom,254.298,-389.343,6.916,-0.492,-27.504,-5.499,28.053,27.509,5.966,266.00,-390.27,33.70,27.83,0.781,1,,0,0.00,0.00,0.00,255.589,-384.928,7.783,-106.23,-11.50,63.62,4.681,0.000,-0.04,1.00,1,0,1,0,0,0,-11.50,0.44,-5.72,0.3520,0.1481,0.4767,1,4.681,0,0.438,0,swing,swingBottom,1.000,1,0.263 0.505 -0.230 0.470 0.584 0.831 -0.456 -0.514 -0.309 -0.613,255.60,-384.47,7.90,-11.50,-106.27,95.65,-1,-1,-1,-1,0.525,0.444 0.877 -0.534 -0.570,3.9,1,-1.000,-1.000,0.5222,0.27,,-1.000,0.0,0.0,0.0,,,27.3,1.8,27.2,,0.000,0.0,11.5,-1.00,-1.0,0.0,0,1504,-1.0,107.1,-1.0,0.0,0.00,5.00,-1,0,0.000,0,0.00,63.49,0,0,1,0.0,2,0.00,0.000,0.65,0.00,1.468,0.275,0.000,-1.000,-1.000,-1.000,-1.000,None,98.5,-1.0,0,4,0.00,0,0,0,0,0.00,2,0,0.000,0.000,-1,-1,-1,-1,-1,-1,-1,-1,-999,-1,-1,0,-1,-1,-1,33.0,0,0.00,0,1,0.57480,0.34006,63.38621,-248.72106,3.23,1187.09,0,0
343,5.7167,swing,swingBottom,254.291,-389.803,6.828,-0.402,-27.648,-5.054,28.110,27.651,5.878,266.00,-390.27,33.70,27.83,0.786,1,,0,0.00,0.00,0.00,255.579,-385.387,7.677,-106.19,-11.50,63.58,4.678,0.000,-0.04,1.00,1,0,1,0,0,0,-11.50,0.68,-5.73,0.3534,0.1472,0.4731,1,4.678,0,0.440,0,swing,swingBottom,1.000,1,0.259 0.504 -0.231 0.472 0.580 0.829 -0.449 -0.510 -0.305 -0.617,255.59,-384.93,7.78,-11.50,-106.23,95.60,-1,-1,-1,-1,0.526,0.447 0.878 -0.532 -0.576,3.8,1,-1.000,-1.000,0.5225,0.24,,-1.000,0.0,0.0,0.0,,,27.1,0.9,27.1,,0.000,0.0,11.5,-1.00,-1.0,0.0,0,1503,-1.0,107.1,-1.0,0.0,0.00,5.00,-1,0,0.000,0,0.00,63.49,0,0,1,0.0,2,0.00,0.000,0.65,0.00,1.466,0.276,0.000,-1.000,-1.000,-1.000,-1.000,None,98.4,-1.0,0,4,0.00,0,0,0,0,0.00,2,0,0.000,0.000,-1,-1,-1,-1,-1,-1,-1,-1,-999,-1,-1,0,-1,-1,-1,33.0,0,0.00,0,1,0.57451,0.33619,59.52493,-235.13335,3.24,1188.69,0,0
344,5.7333,swing,swingBottom,254.285,-390.265,6.747,-0.315,-27.778,-4.604,28.159,27.780,5.797,266.00,-390.27,33.70,27.83,0.790,1,,0,0.00,0.00,0.00,255.569,-385.848,7.578,-106.15,-11.50,63.55,4.674,0.000,-0.04,1.00,1,0,1,0,0,0,-11.50,0.91,-5.75,0.3547,0.1464,0.4695,1,4.674,0,0.443,0,swing,swingBottom,1.000,1,0.256 0.503 -0.232 0.474 0.575 0.827 -0.443 -0.506 -0.302 -0.620,255.58,-385.39,7.68,-11.50,-106.19,95.55,-1,-1,-1,-1,0.527,0.451 0.879 -0.531 -0.583,3.7,1,-1.000,-1.000,0.5227,0.22,,-1.000,0.0,0.0,0.0,,,26.9,0.0,26.9,,0.000,0.0,11.5,-1.00,-1.0,0.0,0,1503,-1.0,107.2,-1.0,0.0,0.00,5.00,-1,0,0.000,0,0.00,63.49,0,0,1,0.0,2,0.00,0.000,0.65,0.00,1.464,0.277,0.000,-1.000,-1.000,-1.000,-1.000,None,98.4,-1.0,0,4,0.00,0,0,0,0,0.00,2,0,0.000,0.000,-1,-1,-1,-1,-1,-1,-1,-1,-999,-1,-1,0,-1,-1,-1,33.0,0,0.00,0,1,0.57420,0.33233,56.04231,-222.89342,3.26,1190.10,0,0
345,5.7500,swing,swingBottom,254.280,-390.730,6.674,-0.230,-27.894,-4.148,28.201,27.895,5.724,266.00,-390.27,33.70,27.83,0.794,1,,0,0.00,0.00,0.00,255.562,-386.312,7.487,-106.12,-11.50,63.53,4.671,0.000,-0.04,1.00,1,0,1,0,0,0,-11.50,1.13,-5.77,0.3560,0.1456,0.4658,1,4.671,0,0.445,0,swing,swingBottom,1.000,1,0.252 0.502 -0.233 0.477 0.570 0.825 -0.437 -0.502 -0.298 -0.624,255.57,-385.85,7.58,-11.50,-106.15,95.52,-1,-1,-1,-1,0.527,0.454 0.879 -0.529 -0.589,3.6,1,-1.000,-1.000,0.5228,0.19,,-1.000,0.0,0.0,0.0,,,26.8,-0.8,26.8,,0.000,0.0,11.5,-1.00,-1.0,0.0,0,1503,-1.0,107.2,-1.0,0.0,0.00,5.00,-1,0,0.000,0,0.00,63.49,0,0,1,0.0,2,0.00,0.000,0.65,0.00,1.462,0.277,0.000,-1.000,-1.000,-1.000,-1.000,None,98.3,-1.0,0,4,0.00,0,0,0,0,0.00,2,0,0.000,0.000,-1,-1,-1,-1,-1,-1,-1,-1,-999,-1,-1,0,-1,-1,-1,33.0,0,0.00,0,1,0.57386,0.32845,52.88328,-211.80741,3.27,1191.33,0,0
346,5.7667,swing,swingBottom,254.277,-391.195,6.609,-0.148,-27.994,-3.688,28.236,27.995,5.659,266.00,-390.27,33.70,27.83,0.797,1,,0,0.00,0.00,0.00,255.556,-386.777,7.403,-106.09,-11.50,63.51,4.668,0.000,-0.03,1.00,1,0,1,0,0,0,-11.50,1.34,-5.78,0.3572,0.1447,0.4622,1,4.668,0,0.448,0,swing,swingBottom,1.000,1,0.249 0.500 -0.234 0.479 0.564 0.822 -0.431 -0.499 -0.294 -0.628,255.56,-386.31,7.49,-11.50,-106.12,95.49,-1,-1,-1,-1,0.528,0.458 0.880 -0.527 -0.596,3.5,1,-1.000,-1.000,0.5230,0.17,,-1.000,0.0,0.0,0.0,,,26.7,-1.7,26.6,,0.000,0.0,11.5,-1.00,-1.0,0.0,0,1503,-1.0,107.2,-1.0,0.0,0.00,5.00,-1,0,0.000,0,0.00,63.49,0,0,1,0.0,2,0.00,0.000,0.65,0.00,1.460,0.277,0.000,-1.000,-1.000,-1.000,-1.000,None,98.3,-1.0,0,4,0.00,0,0,0,0,0.00,2,0,0.000,0.000,-1,-1,-1,-1,-1,-1,-1,-1,-999,-1,-1,0,-1,-1,-1,33.0,0,0.00,0,1,0.57349,0.32454,50.00354,-201.71699,3.28,1192.39,0,0
347,5.7833,swing,swingBottom,254.275,-391.663,6.551,-0.068,-28.080,-3.223,28.264,28.080,5.601,266.00,-390.27,33.70,27.83,0.801,1,,0,0.00,0.00,0.00,255.552,-387.243,7.326,-106.06,-11.50,63.50,4.665,0.000,-0.03,1.00,1,0,1,0,0,0,-11.50,1.54,-5.80,0.3585,0.1438,0.4584,1,4.665,0,0.450,0,swing,swingBottom,1.000,1,0.245 0.499 -0.234 0.482 0.559 0.819 -0.425 -0.496 -0.290 -0.631,255.56,-386.78,7.40,-11.50,-106.09,95.47,-1,-1,-1,-1,0.528,0.462 0.880 -0.526 -0.603,3.4,1,-1.000,-1.000,0.5231,0.15,,-1.000,0.0,0.0,0.0,,,26.6,-2.6,26.5,,0.000,0.0,11.5,-1.00,-1.0,0.0,0,1503,-1.0,107.2,-1.0,0.0,0.00,5.00,-1,0,0.000,0,0.00,63.49,0,0,1,0.0,2,0.00,0.000,0.65,0.00,1.458,0.277,0.000,-1.000,-1.000,-1.000,-1.000,None,98.2,-1.0,0,4,0.00,0,0,0,0,0.00,2,0,0.000,0.000,-1,-1,-1,-1,-1,-1,-1,-1,-999,-1,-1,0,-1,-1,-1,33.0,0,0.00,0,1,0.57308,0.32062,47.36698,-192.49324,3.30,1193.32,0,0
348,5.8000,swing,swingBottom,254.275,-392.132,6.501,0.009,-28.151,-2.755,28.285,28.151,5.551,266.00,-390.27,33.70,27.83,0.804,1,,0,0.00,0.00,0.00,255.549,-387.712,7.257,-106.03,-11.50,63.50,4.662,0.000,-0.03,1.00,1,0,1,0,0,0,-11.50,1.72,-5.82,0.3597,0.1429,0.4547,1,4.662,0,0.453,0,swing,swingBottom,1.000,1,0.241 0.497 -0.234 0.484 0.554 0.816 -0.419 -0.493 -0.286 -0.635,255.55,-387.24,7.33,-11.50,-106.06,95.46,-1,-1,-1,-1,0.528,0.466 0.880 -0.525 -0.609,3.3,1,-1.000,-1.000,0.5232,0.13,,-1.000,0.0,0.0,0.0,,,26.5,-3.5,26.3,,0.000,0.0,11.5,-1.00,-1.0,0.0,0,1503,-1.0,107.3,-1.0,0.0,0.00,5.00,-1,0,0.000,0,0.00,68.64,0,0,1,0.0,2,0.00,0.000,0.65,0.00,1.457,0.277,0.000,-1.000,-1.000,-1.000,-1.000,None,98.2,-1.0,0,4,0.00,0,0,0,0,0.00,2,0,0.000,0.000,-1,-1,-1,-1,-1,-1,-1,-1,-999,-1,-1,0,-1,-1,-1,33.0,0,0.00,0,1,0.57263,0.31668,44.94342,-184.02823,3.31,1194.10,0,0
349,5.8167,swing,swingBottom,254.275,-392.601,6.459,0.083,-28.206,-2.284,28.299,28.207,5.509,266.00,-390.27,33.70,27.83,0.806,1,,0,0.00,0.00,0.00,255.547,-388.181,7.196,-106.01,-11.36,63.50,4.659,0.000,-0.03,1.00,1,0,1,0,0,0,-11.36,1.89,-5.83,0.3607,0.1419,0.4530,1,4.659,0,0.455,0,swing,swingBottom,1.000,1,0.237 0.496 -0.234 0.487 0.548 0.814 -0.414 -0.490 -0.283 -0.639,255.55,-387.71,7.26,-11.50,-106.03,95.46,-1,-1,-1,-1,0.528,0.470 0.879 -0.524 -0.616,3.2,1,-1.000,-1.000,0.5232,0.11,,-1.000,0.0,0.0,0.0,,,26.5,-4.5,26.2,,0.000,0.0,11.5,-1.00,-1.0,0.0,0,1503,-1.0,107.3,-1.0,0.0,0.00,5.00,-1,0,0.000,0,0.00,68.64,0,0,1,0.0,2,0.00,0.000,0.65,0.00,1.456,0.276,0.000,-1.000,-1.000,-1.000,-1.000,None,98.2,-1.0,0,4,0.00,0,0,0,0,0.00,2,0,0.000,0.000,-1,-1,-1,-1,-1,-1,-1,-1,-999,-1,-1,0,-1,-1,-1,33.0,0,0.00,0,1,0.57212,0.31485,42.94577,-177.29083,3.32,1194.77,0,0
350,5.8333,swing,swingBottom,254.278,-393.072,6.425,0.203,-28.246,-1.820,28.306,28.247,5.475,266.00,-390.27,33.70,27.83,0.809,1,,0,0.00,0.00,0.00,255.547,-388.651,7.143,-105.99,-11.03,63.51,4.656,0.000,-0.03,1.00,1,0,1,0,0,0,-11.03,2.04,-5.85,0.3612,0.1411,0.4543,1,4.656,0,0.458,0,swing,swingBottom,1.000,1,0.234 0.495 -0.233 0.489 0.543 0.812 -0.409 -0.489 -0.279 -0.642,255.55,-388.18,7.20,-11.36,-106.01,95.46,-1,-1,-1,-1,0.527,0.474 0.878 -0.522 -0.622,3.2,1,-1.000,-1.000,0.5233,0.09,,-1.000,0.0,0.0,0.0,,,26.6,-5.4,26.2,,0.000,0.0,11.5,-1.00,-1.0,0.0,0,1503,-1.0,107.3,-1.0,0.0,0.00,5.00,-1,0,0.000,0,0.00,68.64,0,0,1,0.0,2,0.00,0.000,0.65,0.00,1.455,0.275,0.000,-1.000,-1.000,-1.000,-1.000,None,98.1,-1.0,0,4,0.00,0,0,0,0,0.00,2,0,0.000,0.000,-1,-1,-1,-1,-1,-1,-1,-1,-999,-1,-1,0,-1,-1,-1,33.0,0,0.00,0,1,0.57177,0.31613,41.38303,-172.30561,3.33,1195.33,0,0
351,5.8500,swing,swingBottom,254.283,-393.543,6.399,0.371,-28.270,-1.365,28.306,28.273,5.449,266.00,-390.27,33.70,27.83,0.811,1,,0,0.00,0.00,0.00,255.549,-389.121,7.097,-105.95,-10.69,63.52,4.653,0.000,-0.03,1.00,1,0,1,0,0,0,-10.69,2.19,-5.87,0.3612,0.1406,0.4560,1,4.653,0,0.460,0,swing,swingBottom,1.000,1,0.232 0.493 -0.231 0.492 0.540 0.808 -0.405 -0.486 -0.278 -0.644,255.55,-388.65,7.14,-11.03,-105.99,95.47,-1,-1,-1,-1,0.526,0.478 0.875 -0.520 -0.627,3.3,1,-1.000,-1.000,0.5236,0.08,,-1.000,0.0,0.0,0.0,,,26.9,-6.2,26.3,,0.000,0.0,11.5,-1.00,-1.0,0.0,0,1503,-1.0,107.3,-1.0,0.0,0.00,5.00,-1,0,0.000,0,0.00,68.64,0,0,1,0.0,2,0.00,0.000,0.65,0.00,1.455,0.274,0.000,-1.000,-1.000,-1.000,-1.000,None,98.1,-1.0,0,4,0.00,0,0,0,0,0.00,2,0,0.000,0.000,-1,-1,-1,-1,-1,-1,-1,-1,-999,-1,-1,0,-1,-1,-1,33.0,0,0.00,0,1,0.57182,0.31804,39.93148,-167.59546,3.34,1195.79,0,0
352,5.8667,swing,swingBottom,254.291,-394.014,6.379,0.539,-28.279,-0.909,28.299,28.285,5.429,266.00,-390.27,33.70,27.83,0.812,1,,0,0.00,0.00,0.00,255.553,-389.591,7.059,-105.90,-10.34,63.53,4.650,0.000,-0.03,1.00,1,0,1,0,0,0,-10.34,2.32,-5.88,0.3606,0.1408,0.4581,1,4.650,0,0.463,0,swing,swingBottom,1.000,1,0.232 0.490 -0.227 0.498 0.539 0.803 -0.406 -0.484 -0.278 -0.645,255.55,-389.12,7.10,-10.69,-105.95,95.48,-1,-1,-1,-1,0.524,0.487 0.869 -0.518 -0.632,3.6,1,-1.000,-1.000,0.5239,0.07,,-1.000,0.0,0.0,0.0,,,27.3,-7.1,26.6,,0.000,0.0,11.5,-1.00,-1.0,0.0,0,1503,-1.0,107.3,-1.0,0.0,0.00,5.00,-1,0,0.000,0,0.00,68.64,0,0,1,0.0,2,0.00,0.000,0.65,0.00,1.455,0.271,0.000,-1.000,-1.000,-1.000,-1.000,None,98.0,-1.0,0,4,0.00,0,0,0,0,0.00,2,0,0.000,0.000,-1,-1,-1,-1,-1,-1,-1,-1,-999,-1,-1,0,-1,-1,-1,33.0,0,0.00,0,1,0.57214,0.32061,38.58226,-163.15156,3.35,1196.15,0,0
353,5.8833,swing,swingBottom,254.301,-394.485,6.368,0.647,-28.274,-0.441,28.284,28.281,5.418,266.00,-390.27,33.70,27.83,0.814,1,,0,0.00,0.00,0.00,255.560,-390.061,7.028,-105.85,-9.99,63.55,4.647,0.000,-0.03,1.00,1,0,1,0,0,0,-9.99,2.44,-5.90,0.3598,0.1409,0.4602,1,4.647,0,0.465,0,swing,swingBottom,1.000,1,0.231 0.488 -0.225 0.507 0.536 0.798 -0.408 -0.483 -0.278 -0.646,255.55,-389.59,7.06,-10.34,-105.90,95.49,-1,-1,-1,-1,0.521,0.498 0.864 -0.517 -0.636,3.9,1,-1.000,-1.000,0.5240,0.06,,-1.000,0.0,0.0,0.0,,,27.8,-8.1,27.0,,0.000,0.0,11.5,-1.00,-1.0,0.0,0,1503,-1.0,107.3,-1.0,0.0,0.00,5.00,-1,0,0.000,0,0.00,68.64,0,0,1,0.0,2,0.00,0.000,0.65,0.00,1.455,0.268,0.000,-1.000,-1.000,-1.000,-1.000,None,98.0,-1.0,0,4,0.00,0,0,0,0,0.00,2,0,0.000,0.000,-1,-1,-1,-1,-1,-1,-1,-1,-999,-1,-1,0,-1,-1,-1,33.0,0,0.00,0,1,0.57222,0.32326,37.30354,-158.98697,3.36,1196.44,0,0
354,5.9000,swing,swingBottom,254.312,-394.957,6.365,0.697,-28.365,0.038,28.374,28.374,5.415,266.00,-390.27,33.70,27.83,0.815,1,,0,0.00,0.00,0.00,255.568,-390.532,7.005,-105.82,-9.63,63.57,4.644,0.000,-0.03,1.00,1,0,1,0,0,0,-9.63,2.55,-5.92,0.3599,0.1403,0.4620,1,4.644,0,0.468,0,swing,swingBottom,1.000,1,0.228 0.486 -0.224 0.513 0.530 0.796 -0.409 -0.485 -0.276 -0.649,255.56,-390.06,7.03,-9.99,-105.85,95.51,-1,-1,-1,-1,0.520,0.506 0.861 -0.518 -0.640,3.9,1,-1.000,-1.000,0.5238,0.05,,-1.000,0.0,0.0,0.0,,,28.1,-9.1,27.0,,0.000,0.0,11.5,-1.00,-1.0,0.0,0,1503,-1.0,107.3,-1.0,0.0,0.00,5.00,-1,0,0.000,0,0.00,67.64,0,0,1,0.0,2,0.00,0.000,0.65,0.00,1.455,0.265,0.000,-1.000,-1.000,-1.000,-1.000,None,98.0,-1.0,0,4,0.00,0,0,0,0,0.00,2,0,0.000,0.000,-1,-1,-1,-1,-1,-1,-1,-1,-999,-1,-1,0,-1,-1,-1,33.0,0,0.00,0,1,0.57174,0.32532,36.05702,-155.06143,3.36,1196.66,0,0
355,5.9167,swing,swingBottom,254.324,-395.432,6.370,0.748,-28.553,0.527,28.568,28.563,5.420,266.00,-390.27,33.70,27.83,0.817,1,,0,0.00,0.00,0.00,255.577,-391.006,6.991,-105.78,-9.27,63.59,4.642,0.000,-0.03,1.00,1,0,1,0,0,0,-9.27,2.66,-5.93,0.3608,0.1389,0.4635,1,4.642,0,0.470,0,swing,swingBottom,1.000,1,0.223 0.486 -0.225 0.514 0.521 0.796 -0.404 -0.488 -0.271 -0.652,255.57,-390.53,7.01,-9.63,-105.82,95.53,-1,-1,-1,-1,0.519,0.509 0.861 -0.520 -0.646,3.7,1,-1.000,-1.000,0.5236,0.04,,-1.000,0.0,0.0,0.0,,,28.2,-10.1,26.8,,0.000,0.0,11.5,-1.00,-1.0,0.0,0,1503,-1.0,107.3,-1.0,0.0,0.00,5.00,-1,0,0.000,0,0.00,67.64,0,0,1,0.0,2,0.00,0.000,0.65,0.00,1.455,0.263,0.000,-1.000,-1.000,-1.000,-1.000,None,98.1,-1.0,0,4,0.00,0,0,0,0,0.00,2,0,0.000,0.000,-1,-1,-1,-1,-1,-1,-1,-1,-999,-1,-1,0,-1,-1,-1,33.0,0,0.00,0,1,0.57089,0.32670,34.83278,-151.28772,3.37,1196.83,0,0
356,5.9333,swing,swingBottom,254.336,-395.910,6.383,0.797,-28.725,1.025,28.754,28.736,5.433,266.00,-390.27,33.70,27.83,0.819,1,,0,0.00,0.00,0.00,255.587,-391.484,6.984,-105.75,-8.91,63.62,4.639,0.000,-0.03,1.00,1,0,1,0,0,0,-8.91,2.75,-5.95,0.3620,0.1371,0.4648,1,4.639,0,0.473,0,swing,swingBottom,1.000,1,0.217 0.486 -0.226 0.511 0.512 0.797 -0.396 -0.491 -0.264 -0.657,255.58,-391.01,6.99,-9.27,-105.78,95.56,-1,-1,-1,-1,0.519,0.507 0.861 -0.522 -0.653,3.3,1,-1.000,-1.000,0.5235,0.03,,-1.000,0.0,0.0,0.0,,,28.2,-11.0,26.5,,0.000,0.0,11.5,-1.00,-1.0,0.0,0,1503,-1.0,107.3,-1.0,0.0,0.00,5.00,-1,0,0.000,0,0.00,67.64,0,0,1,0.0,2,0.00,0.000,0.65,0.00,1.456,0.262,0.000,-1.000,-1.000,-1.000,-1.000,None,98.1,-1.0,0,4,0.00,0,0,0,0,0.00,2,0,0.000,0.000,-1,-1,-1,-1,-1,-1,-1,-1,-999,-1,-1,0,-1,-1,-1,33.0,0,0.00,0,1,0.56992,0.32767,33.63679,-147.61521,3.38,1196.95,0,0
357,5.9500,swing,swingBottom,254.350,-396.391,6.404,0.845,-28.879,1.532,28.932,28.892,5.454,266.00,-390.27,33.70,27.83,0.822,1,,0,0.00,0.00,0.00,255.598,-391.964,6.985,-105.72,-8.55,63.64,4.636,0.000,-0.03,1.00,1,0,1,0,0,0,-8.55,2.84,-5.97,0.3629,0.1356,0.4659,1,4.636,0,0.475,0,swing,swingBottom,1.000,1,0.212 0.486 -0.227 0.509 0.505 0.797 -0.389 -0.493 -0.258 -0.660,255.59,-391.48,6.98,-8.91,-105.75,95.59,-1,-1,-1,-1,0.519,0.505 0.861 -0.524 -0.658,3.1,1,-1.000,-1.000,0.5234,0.02,,-1.000,0.0,0.0,0.0,,,28.2,-11.8,26.3,,0.000,0.0,11.5,-1.00,-1.0,0.0,0,1503,-1.0,107.3,-1.0,0.0,0.00,5.00,-1,0,0.000,0,0.00,67.64,0,0,1,0.0,2,0.00,0.000,0.65,0.00,1.457,0.260,0.000,-1.000,-1.000,-1.000,-1.000,None,97.9,-1.0,0,4,0.00,0,0,0,0,0.00,2,0,0.000,0.000,-1,-1,-1,-1,-1,-1,-1,-1,-999,-1,-1,0,-1,-1,-1,33.0,0,0.00,0,1,0.56901,0.32859,32.48131,-144.03878,3.38,1197.01,0,0
358,5.9667,swing,swingBottom,254.364,-396.874,6.434,0.892,-29.017,2.047,29.103,29.031,5.484,266.00,-390.27,33.70,27.83,0.826,1,,0,0.00,0.00,0.00,255.610,-392.446,6.994,-105.69,-8.21,63.67,4.634,0.000,-0.02,1.00,1,0,1,0,0,0,-8.21,2.92,-5.98,0.3636,0.1342,0.4668,1,4.634,0,0.477,0,swing,swingBottom,1.000,1,0.208 0.486 -0.228 0.507 0.498 0.797 -0.383 -0.494 -0.252 -0.664,255.60,-391.96,6.98,-8.55,-105.72,95.62,-1,-1,-1,-1,0.518,0.504 0.860 -0.525 -0.663,2.9,1,-1.000,-1.000,0.5232,0.02,,-1.000,0.0,0.0,0.0,,,28.4,-12.7,26.1,,0.000,0.0,11.5,-1.00,-1.0,0.0,0,1503,-1.0,107.3,-1.0,0.0,0.00,5.00,-1,0,0.000,0,0.00,67.64,0,0,1,0.0,2,0.00,0.000,0.65,0.00,1.458,0.259,0.000,-1.000,-1.000,-1.000,-1.000,None,97.8,-1.0,0,4,0.00,0,0,0,0,0.00,2,0,0.000,0.000,-1,-1,-1,-1,-1,-1,-1,-1,-999,-1,-1,0,-1,-1,-1,33.0,0,0.00,0,1,0.56810,0.32939,31.35629,-140.52803,3.39,1197.02,0,0
359,5.9833,swing,swingBottom,254.379,-397.360,6.472,0.931,-29.138,2.572,29.266,29.153,5.522,266.00,-390.27,33.70,27.83,0.829,1,,0,0.00,0.00,0.00,255.623,-392.931,7.011,-105.67,-7.88,63.71,4.631,0.001,-0.02,1.00,1,0,1,0,0,0,-7.88,3.00,-6.00,0.3641,0.1329,0.4674,1,4.631,0,0.478,0,swing,swingBottom,1.000,1,0.203 0.486 -0.229 0.506 0.492 0.797 -0.377 -0.495 -0.247 -0.667,255.61,-392.45,6.99,-8.21,-105.69,95.65,-1,-1,-1,-1,0.517,0.504 0.858 -0.525 -0.668,2.7,1,-1.000,-1.000,0.5229,0.01,,-1.000,0.0,0.0,0.0,,,28.5,-13.5,26.0,,0.000,0.0,11.5,-1.00,-1.0,0.0,0,1503,-1.0,107.3,-1.0,0.0,0.00,5.00,-1,0,0.000,0,0.00,67.64,0,0,1,0.0,2,0.00,0.000,0.65,0.00,1.459,0.258,0.000,-1.000,-1.000,-1.000,-1.000,None,97.6,-1.0,0,4,0.00,0,0,0,0,0.00,2,0,0.000,0.000,-1,-1,-1,-1,-1,-1,-1,-1,-999,-1,-1,0,-1,-1,-1,33.0,0,0.00,0,1,0.56716,0.32998,30.25858,-137.07908,3.40,1196.98,0,0
360,6.0000,swing,swingBottom,254.395,-397.847,6.520,0.963,-29.240,3.105,29.421,29.256,5.570,266.00,-390.27,33.70,27.83,0.833,1,,0,0.00,0.00,0.00,255.637,-393.418,7.037,-105.65,-7.56,63.74,4.629,0.001,-0.02,1.00,1,0,1,0,0,0,-7.56,3.07,-6.02,0.3645,0.1315,0.4677,1,4.629,0,0.479,0,swing,swingBottom,1.000,1,0.199 0.485 -0.229 0.504 0.485 0.796 -0.371 -0.496 -0.241 -0.669,255.62,-392.93,7.01,-7.88,-105.67,95.69,-1,-1,-1,-1,0.516,0.503 0.856 -0.525 -0.672,2.6,1,-1.000,-1.000,0.5227,0.01,,-1.000,0.0,0.0,0.0,,,28.7,-14.3,25.9,,0.000,0.0,11.5,-1.00,-1.0,0.0,0,1503,-1.0,107.3,-1.0,0.0,0.00,5.00,-1,0,0.000,0,0.00,67.49,0,0,1,0.0,2,0.00,0.000,0.65,0.00,1.459,0.256,0.000,-1.000,-1.000,-1.000,-1.000,None,97.5,-1.0,0,4,0.00,0,0,0,0,0.00,2,0,0.000,0.000,-1,-1,-1,-1,-1,-1,-1,-1,-999,-1,-1,0,-1,-1,-1,33.0,0,0.00,0,1,0.56618,0.33034,29.18565,-133.68958,3.40,1196.88,0,0
361,6.0167,swing,swingBottom,254.411,-398.336,6.576,0.994,-29.325,3.644,29.567,29.342,5.626,266.00,-390.27,33.70,27.83,0.837,1,,0,0.00,0.00,0.00,255.651,-393.906,7.072,-105.63,-7.25,63.78,4.627,0.001,-0.02,1.00,1,0,1,0,0,0,-7.25,3.14,-6.03,0.3648,0.1301,0.4677,1,4.627,0,0.480,0,swing,swingBottom,1.000,1,0.195 0.484 -0.231 0.503 0.479 0.794 -0.365 -0.497 -0.235 -0.672,255.64,-393.42,7.04,-7.56,-105.65,95.73,-1,-1,-1,-1,0.515,0.503 0.853 -0.525 -0.676,2.4,1,-1.000,-1.000,0.5224,0.00,,-1.000,0.0,0.0,0.0,,,29.0,-15.2,25.8,,0.000,0.0,11.5,-1.00,-1.0,0.0,0,1503,-1.0,107.2,-1.0,0.0,0.00,5.00,-1,0,0.000,0,0.00,67.49,0,0,1,0.0,2,0.00,0.000,0.65,0.00,1.460,0.255,0.000,-1.000,-1.000,-1.000,-1.000,None,97.3,-1.0,0,4,0.00,0,0,0,0,0.00,2,0,0.000,0.000,-1,-1,-1,-1,-1,-1,-1,-1,-999,-1,-1,0,-1,-1,-1,33.0,0,0.00,0,1,0.56518,0.33046,28.13777,-130.35706,3.41,1196.74,0,0
362,6.0333,swing,swingBottom,254.427,-398.826,6.642,1.029,-29.392,4.188,29.707,29.410,5.692,266.00,-390.27,33.70,27.83,0.841,1,,0,0.00,0.00,0.00,255.667,-394.396,7.115,-105.62,-6.96,63.82,4.624,0.001,-0.02,1.00,1,0,1,0,0,0,-6.96,3.21,-6.05,0.3650,0.1287,0.4675,1,4.624,0,0.481,0,swing,swingBottom,1.000,1,0.190 0.484 -0.232 0.502 0.473 0.793 -0.359 -0.498 -0.229 -0.675,255.65,-393.91,7.07,-7.25,-105.63,95.77,-1,-1,-1,-1,0.513,0.502 0.851 -0.525 -0.680,2.3,1,-1.000,-1.000,0.5221,0.00,,-1.000,0.0,0.0,0.0,,,29.2,-16.0,25.7,,0.000,0.0,11.5,-1.00,-1.0,0.0,0,1503,-1.0,107.2,-1.0,0.0,0.00,5.00,-1,0,0.000,0,0.00,67.49,0,0,1,0.0,2,0.00,0.000,0.65,0.00,1.460,0.253,0.000,-1.000,-1.000,-1.000,-1.000,None,97.2,-1.0,0,4,0.00,0,0,0,0,0.00,2,0,0.000,0.000,-1,-1,-1,-1,-1,-1,-1,-1,-999,-1,-1,0,-1,-1,-1,33.0,0,0.00,0,1,0.56420,0.33038,27.11829,-127.07982,3.41,1196.54,0,0
363,6.0500,swing,swingBottom,254.445,-399.316,6.716,1.066,-29.441,4.736,29.838,29.460,5.766,266.00,-390.27,33.70,27.83,0.845,1,,0,0.00,0.00,0.00,255.683,-394.886,7.167,-105.61,-6.68,63.87,4.622,0.002,-0.02,1.00,1,0,1,0,0,0,-6.68,3.27,-6.07,0.3650,0.1275,0.4670,1,4.622,0,0.482,0,swing,swingBottom,1.000,1,0.187 0.482 -0.234 0.501 0.467 0.790 -0.353 -0.498 -0.224 -0.677,255.67,-394.40,7.12,-6.96,-105.62,95.82,-1,-1,-1,-1,0.512,0.503 0.847 -0.525 -0.684,2.3,1,-1.000,-1.000,0.5218,0.00,,-1.000,0.0,0.0,0.0,,,29.5,-16.8,25.6,,0.000,0.0,11.5,-1.00,-1.0,0.0,0,1504,-1.0,107.2,-1.0,0.0,0.00,5.00,-1,0,0.000,0,0.00,67.49,0,0,1,0.0,2,0.00,0.000,0.65,0.00,1.461,0.251,0.000,-1.000,-1.000,-1.000,-1.000,None,97.0,-1.0,0,4,0.00,0,0,0,0,0.00,2,0,0.000,0.000,-1,-1,-1,-1,-1,-1,-1,-1,-999,-1,-1,0,-1,-1,-1,33.0,0,0.00,0,1,0.56329,0.33018,26.13133,-123.86075,3.42,1196.29,0,0
364,6.0667,swing,swingBottom,254.462,-399.808,6.800,1.103,-29.471,5.288,29.962,29.492,5.850,266.00,-390.27,33.70,27.83,0.849,1,,0,0.00,0.00,0.00,255.700,-395.378,7.229,-105.60,-6.41,63.91,4.620,0.002,-0.02,1.00,1,0,1,0,0,0,-6.41,3.33,-6.08,0.3647,0.1263,0.4663,1,4.620,0,0.482,0,swing,swingBottom,1.000,1,0.183 0.481 -0.235 0.502 0.461 0.787 -0.348 -0.498 -0.218 -0.678,255.68,-394.89,7.17,-6.68,-105.61,95.87,-1,-1,-1,-1,0.510,0.504 0.843 -0.524 -0.686,2.2,1,-1.000,-1.000,0.5215,0.00,,-1.000,0.0,0.0,0.0,,,29.9,-17.6,25.6,,0.000,0.0,11.5,-1.00,-1.0,0.0,0,1504,-1.0,107.2,-1.0,0.0,0.00,5.00,-1,0,0.000,0,0.00,67.49,0,0,1,0.0,2,0.00,0.000,0.65,0.00,1.461,0.249,0.000,-1.000,-1.000,-1.000,-1.000,None,96.8,-1.0,0,4,0.00,0,0,0,0,0.00,2,0,0.000,0.000,-1,-1,-1,-1,-1,-1,-1,-1,-999,-1,-1,0,-1,-1,-1,33.0,0,0.00,0,1,0.56243,0.32985,25.17729,-120.70513,3.43,1196.00,0,0
365,6.0833,swing,swingBottom,254.481,-400.300,6.893,1.136,-29.483,5.844,30.078,29.505,5.943,266.00,-390.27,33.70,27.83,0.852,1,,0,0.00,0.00,0.00,255.718,-395.869,7.299,-105.60,-6.16,63.96,4.618,0.003,-0.02,1.00,1,0,1,0,0,0,-6.16,3.39,-6.10,0.3643,0.1252,0.4654,1,4.618,0,0.482,0,swing,swingBottom,1.000,1,0.180 0.480 -0.236 0.503 0.456 0.784 -0.343 -0.498 -0.213 -0.679,255.70,-395.38,7.23,-6.41,-105.60,95.92,-1,-1,-1,-1,0.508,0.505 0.839 -0.524 -0.689,2.3,1,-1.000,-1.000,0.5213,0.00,,-1.000,0.0,0.0,0.0,,,30.2,-18.4,25.6,,0.000,0.0,11.5,-1.00,-1.0,0.0,0,1504,-1.0,107.1,-1.0,0.0,0.00,5.00,-1,0,0.000,0,0.00,67.49,0,0,1,0.0,2,0.00,0.000,0.65,0.00,1.462,0.247,0.000,-1.000,-1.000,-1.000,-1.000,None,96.5,-1.0,0,4,0.00,0,0,0,0,0.00,2,0,0.000,0.000,-1,-1,-1,-1,-1,-1,-1,-1,-999,-1,-1,0,-1,-1,-1,33.0,0,0.00,0,1,0.56160,0.32937,24.25472,-117.61846,3.43,1195.66,0,0
366,6.1000,air,release,254.487,-400.468,7.174,0.780,-20.244,33.800,39.406,20.259,6.224,0.00,0.00,0.00,0.00,0.000,1,,0,0.00,0.00,0.00,255.784,-396.160,7.404,-106.75,-4.12,64.02,4.505,0.006,-0.02,1.00,0,0,1,0,0,0,-4.12,3.47,-6.12,0.3830,0.1233,0.4565,1,4.505,0,0.481,0,swing,swingBottom,1.000,1,0.179 0.525 -0.241 0.504 0.457 0.875 -0.340 -0.541 -0.203 -0.694,255.72,-395.87,7.30,-6.16,-105.60,95.97,-1,-1,-1,-1,0.538,0.501 0.901 -0.551 -0.693,-1.0,0,-1.000,-1.000,0.5225,0.00,,-1.000,0.0,0.0,0.0,,,23.8,-9.4,22.2,,0.000,0.0,11.5,-1.00,-1.0,0.0,0,1532,-1.0,107.1,-1.0,0.0,0.00,5.00,-1,0,0.000,0,0.00,66.83,0,0,1,0.0,2,0.00,0.000,0.65,0.00,1.462,0.244,0.000,-1.000,-1.000,-1.000,-1.000,None,45.0,-1.0,0,4,0.00,0,0,0,0,0.00,2,0,0.000,0.000,-1,-1,-1,-1,-1,-1,-1,-1,-999,-1,-1,0,-1,-1,-1,35.5,0,0.00,0,1,1.03859,-2.17842,24.77646,-126.36658,8.40,1121.21,0,0
367,6.1167,air,release,254.500,-400.806,7.733,0.780,-20.244,33.400,39.064,20.259,6.783,0.00,0.00,0.00,0.00,0.000,1,,0,0.00,0.00,0.00,255.846,-396.427,7.933,-107.07,-3.86,64.09,4.585,0.012,-0.02,1.00,0,0,1,0,0,0,-3.86,3.58,-6.13,0.3862,0.1200,0.4524,1,4.585,0,0.479,0,air_fallCalm,swingBottom,1.000,3,0.177 0.547 -0.246 0.498 0.456 0.920 -0.335 -0.559 -0.193 -0.692,255.78,-396.16,7.40,-4.12,-106.75,96.03,-1,-1,-1,-1,0.554,0.491 0.936 -0.563 -0.685,-1.0,0,-1.000,-1.000,0.5093,0.00,,-1.000,0.0,0.0,0.0,,,19.5,-2.2,19.4,,0.000,0.0,11.5,-1.00,-1.0,0.0,0,1543,-1.0,105.7,-1.0,0.0,0.00,5.00,-1,0,0.000,0,0.00,66.83,0,0,1,0.0,2,0.00,0.000,0.57,0.00,1.462,0.242,0.000,-1.000,-1.000,-1.000,-1.000,None,38.1,-1.0,0,4,0.00,0,0,0,0,0.00,2,0,0.076,0.075,-1,-1,-1,-1,-1,-1,-1,-1,-999,-1,-1,0,-1,-1,-1,35.5,0,0.00,0,0,-1,-1,-1,-1,-1,-1,0,0
368,6.1333,air,release,254.513,-401.143,8.284,0.780,-20.244,33.000,38.722,20.259,7.334,0.00,0.00,0.00,0.00,0.000,1,,0,0.00,0.00,0.00,255.881,-396.751,8.484,-107.29,-4.05,64.19,4.604,0.021,-0.02,1.00,0,0,1,0,0,0,-4.05,3.71,-6.15,0.3841,0.1112,0.4543,1,4.604,0,0.476,0,air_fallCalm,swingBottom,1.000,3,0.160 0.551 -0.236 0.441 0.451 0.885 -0.267 -0.540 -0.094 -0.739,255.85,-396.43,7.93,-3.86,-107.07,96.12,-1,-1,-1,-1,0.558,0.430 0.906 -0.552 -0.740,-1.0,0,-1.000,-1.000,0.5133,0.00,,-1.000,0.0,0.0,0.0,,,17.8,-2.4,17.7,,0.000,0.0,11.5,-1.00,-1.0,0.0,0,1550,-1.0,105.3,-1.0,0.0,0.00,5.00,-1,0,0.000,0,0.00,66.83,0,0,1,0.0,2,0.00,0.000,0.48,0.00,1.409,0.351,0.000,-1.000,-1.000,-1.000,-1.000,None,37.8,-1.0,0,4,0.00,0,0,0,0,0.00,2,0,0.152,0.139,-1,-1,-1,-1,-1,-1,-1,-1,-999,-1,-1,0,-1,-1,-1,35.5,0,0.00,0,0,-1,-1,-1,-1,-1,-1,0,0
369,6.1500,air,release,254.526,-401.481,8.829,0.780,-20.244,32.600,38.382,20.259,7.879,0.00,0.00,0.00,0.00,0.000,1,,0,0.00,0.00,0.00,255.905,-397.092,9.029,-107.44,-4.29,64.29,4.604,0.033,-0.02,1.00,0,0,1,0,0,0,-4.29,3.81,-6.17,0.3720,0.1151,0.4546,1,4.604,0,0.473,0,air_fallCalm,swingBottom,1.000,3,0.167 0.552 -0.224 0.473 0.470 0.831 -0.290 -0.511 -0.092 -0.726,255.88,-396.75,8.48,-4.05,-107.29,96.22,-1,-1,-1,-1,0.558,0.461 0.854 -0.525 -0.726,-1.0,0,-1.000,-1.000,0.5135,0.00,,-1.000,0.0,0.0,0.0,,,17.9,-0.9,17.9,,0.000,0.0,11.5,-1.00,-1.0,0.0,0,1555,-1.0,105.1,-1.0,0.0,0.00,5.00,-1,0,0.000,0,0.00,66.83,0,0,1,0.0,2,0.00,0.000,0.40,0.00,1.384,0.367,0.000,-1.000,-1.000,-1.000,-1.000,None,36.8,-1.0,0,4,0.00,0,0,0,0,0.00,2,0,0.227,0.193,-1,-1,-1,-1,-1,-1,-1,-1,-999,-1,-1,0,-1,-1,-1,35.5,0,0.00,0,0,-1,-1,-1,-1,-1,-1,0,0
370,6.1667,air,release,254.539,-401.818,9.368,0.780,-20.244,32.200,38.043,20.259,8.418,0.00,0.00,0.00,0.00,0.000,1,,0,0.00,0.00,0.00,255.926,-397.432,9.568,-107.54,-4.55,64.41,4.604,0.046,-0.02,1.00,0,0,1,0,0,0,-4.55,3.88,-6.18,0.3606,0.1203,0.4561,1,4.604,0,0.470,0,air_fallCalm,swingBottom,1.000,3,0.172 0.554 -0.223 0.497 0.494 0.778 -0.314 -0.498 -0.090 -0.719,255.91,-397.09,9.03,-4.29,-107.44,96.34,-1,-1,-1,-1,0.560,0.482 0.803 -0.511 -0.717,-1.0,0,-1.000,-1.000,0.5132,0.00,,-1.000,0.0,0.0,0.0,,,17.6,1.7,17.5,,0.000,0.0,11.5,-1.00,-1.0,0.0,0,1558,-1.0,105.0,-1.0,0.0,0.00,5.00,-1,0,0.000,0,0.00,66.83,0,0,1,0.0,2,0.00,0.000,0.32,0.00,1.364,0.378,0.000,-1.000,-1.000,-1.000,-1.000,None,34.7,-1.0,0,4,0.00,0,0,0,0,0.00,2,0,0.303,0.238,-1,-1,-1,-1,-1,-1,-1,-1,-999,-1,-1,0,-1,-1,-1,35.5,0,0.00,0,0,-1,-1,-1,-1,-1,-1,0,0
371,6.1833,air,release,254.552,-402.155,9.899,0.780,-20.244,31.800,37.705,20.259,8.949,0.00,0.00,0.00,0.00,0.000,1,,0,0.00,0.00,0.00,255.945,-397.771,10.099,-107.61,-4.82,64.53,4.604,0.059,-0.02,1.00,0,0,1,0,0,0,-4.82,3.89,-6.20,0.3491,0.1264,0.4585,1,4.604,0,0.466,0,air_fallCalm,swingBottom,1.000,3,0.178 0.557 -0.229 0.511 0.524 0.725 -0.339 -0.496 -0.091 -0.715,255.93,-397.43,9.57,-4.55,-107.54,96.46,-1,-1,-1,-1,0.560,0.493 0.750 -0.508 -0.708,-1.0,0,-1.000,-1.000,0.5130,0.00,,-1.000,0.0,0.0,0.0,,,17.6,5.2,16.9,,0.000,0.0,11.5,-1.00,-1.0,0.0,0,1561,-1.0,105.0,-1.0,0.0,0.00,5.00,-1,0,0.000,0,0.00,66.83,0,0,1,0.0,2,0.00,0.000,0.23,0.00,1.335,0.387,0.000,-1.000,-1.000,-1.000,-1.000,None,31.7,-1.0,0,4,0.00,0,0,0,0,0.00,2,0,0.379,0.276,-1,-1,-1,-1,-1,-1,-1,-1,-999,-1,-1,0,-1,-1,-1,35.5,0,0.00,0,0,-1,-1,-1,-1,-1,-1,0,0
372,6.2000,air,release,254.565,-402.493,10.424,0.780,-20.244,31.400,37.368,20.259,9.474,0.00,0.00,0.00,0.00,0.000,1,,0,0.00,0.00,0.00,255.962,-398.110,10.624,-107.67,-5.10,64.66,4.604,0.074,-0.02,1.00,0,0,1,0,0,0,-5.10,3.84,-6.22,0.3362,0.1338,0.4614,1,4.604,0,0.463,0,air_fallCalm,swingBottom,1.000,3,0.182 0.559 -0.242 0.517 0.560 0.672 -0.365 -0.501 -0.093 -0.708,255.94,-397.77,10.10,-4.82,-107.61,96.60,-1,-1,-1,-1,0.558,0.495 0.697 -0.509 -0.695,-1.0,0,-1.000,-1.000,0.5133,0.00,,-1.000,0.0,0.0,0.0,,,18.3,9.2,16.1,,0.000,0.0,11.5,-1.00,-1.0,0.0,0,1563,-1.0,104.9,-1.0,0.0,0.00,5.00,-1,0,0.000,0,0.00,63.58,0,0,1,0.0,2,0.00,0.000,0.15,0.00,1.293,0.396,0.000,-1.000,-1.000,-1.000,-1.000,None,28.2,-1.0,0,4,0.00,0,0,0,0,0.00,2,0,0.455,0.306,-1,-1,-1,-1,-1,-1,-1,-1,-999,-1,-1,0,-1,-1,-1,35.5,0,0.00,0,0,-1,-1,-1,-1,-1,-1,0,0
373,6.2167,air,release,254.578,-402.830,10.943,0.780,-20.244,31.000,37.033,20.259,9.993,0.00,0.00,0.00,0.00,0.000,1,,0,0.00,0.00,0.00,255.978,-398.448,11.143,-107.71,-5.38,64.79,4.604,0.088,-0.02,1.00,0,0,1,0,0,0,-5.38,3.73,-6.23,0.3208,0.1413,0.4640,1,4.604,0,0.459,0,air_fallCalm,swingBottom,1.000,3,0.185 0.558 -0.263 0.515 0.599 0.618 -0.390 -0.509 -0.094 -0.693,255.96,-398.11,10.62,-5.10,-107.67,96.74,-1,-1,-1,-1,0.554,0.488 0.641 -0.511 -0.672,-1.0,0,-1.000,-1.000,0.5137,0.00,,-1.000,0.0,0.0,0.0,,,19.8,13.5,15.0,,0.000,0.0,11.5,-1.00,-1.0,0.0,0,1564,-1.0,104.9,-1.0,0.0,0.00,5.00,-1,0,0.000,0,0.00,63.58,0,0,1,0.0,2,0.00,0.000,0.07,0.00,1.249,0.404,0.000,-1.000,-1.000,-1.000,-1.000,None,24.3,-1.0,0,4,0.00,0,0,0,0,0.00,2,0,0.530,0.329,-1,-1,-1,-1,-1,-1,-1,-1,-999,-1,-1,0,-1,-1,-1,35.5,0,0.00,0,0,-1,-1,-1,-1,-1,-1,0,0
374,6.2333,air,release,254.591,-403.167,11.454,0.780,-20.244,30.600,36.698,20.259,10.504,0.00,0.00,0.00,0.00,0.000,1,,0,0.00,0.00,0.00,255.993,-398.786,11.654,-107.74,-5.65,64.93,4.604,0.102,-0.02,1.00,0,0,1,0,0,0,-5.65,3.55,-6.25,0.3025,0.1485,0.4660,1,4.604,0,0.455,0,air_fallCalm,swingBottom,1.000,3,0.185 0.556 -0.290 0.507 0.635 0.563 -0.412 -0.514 -0.092 -0.668,255.98,-398.45,11.14,-5.38,-107.71,96.89,-1,-1,-1,-1,0.546,0.475 0.584 -0.509 -0.638,-1.0,0,-1.000,-1.000,0.5141,0.00,,-1.000,0.0,0.0,0.0,,,22.0,18.0,13.6,,0.000,0.0,11.5,-1.00,-1.0,0.0,0,1565,-1.0,104.9,-1.0,0.0,0.00,5.00,-1,0,0.000,0,0.00,63.58,0,0,1,0.0,2,0.00,0.000,0.00,0.00,1.204,0.412,0.000,-1.000,-1.000,-1.000,-1.000,None,20.1,-1.0,0,4,0.00,0,0,0,0,0.00,2,0,0.606,0.346,-1,-1,-1,-1,-1,-1,-1,-1,-999,-1,-1,0,-1,-1,-1,35.5,0,0.00,0,0,-1,-1,-1,-1,-1,-1,0,0
375,6.2500,air,release,254.604,-403.505,11.959,0.780,-20.244,30.200,36.365,20.259,11.009,0.00,0.00,0.00,0.00,0.000,1,,0,0.00,0.00,0.00,256.008,-399.124,12.159,-107.76,-5.92,65.06,4.604,0.115,-0.01,1.00,0,0,1,0,0,0,-5.92,3.32,-6.27,0.2817,0.1542,0.4665,1,4.604,0,0.452,0,air_fallCalm,swingBottom,1.000,3,0.181 0.550 -0.325 0.492 0.666 0.509 -0.427 -0.514 -0.086 -0.633,255.99,-398.79,11.65,-5.65,-107.74,97.04,-1,-1,-1,-1,0.536,0.457 0.526 -0.500 -0.592,-1.0,0,-1.000,-1.000,0.5142,0.00,,-1.000,0.0,0.0,0.0,,,24.8,22.3,11.9,,0.000,0.0,11.5,-1.00,-1.0,0.0,0,1566,-1.0,104.9,-1.0,0.0,0.00,5.00,-1,0,0.000,0,0.00,63.58,0,0,1,0.0,2,0.00,0.000,0.00,0.00,1.157,0.417,0.000,-1.000,-1.000,-1.000,-1.000,None,15.9,-1.0,0,4,0.00,0,0,0,0,0.00,2,0,0.682,0.359,-1,-1,-1,-1,-1,-1,-1,-1,-999,-1,-1,0,-1,-1,-1,35.5,0,0.00,0,0,-1,-1,-1,-1,-1,-1,0,0
376,6.2667,air,release,254.617,-403.842,12.458,0.780,-20.244,29.800,36.034,20.259,11.508,0.00,0.00,0.00,0.00,0.000,1,,0,0.00,0.00,0.00,256.023,-399.462,12.658,-107.79,-6.18,65.20,4.604,0.128,-0.01,1.00,0,0,1,0,0,0,-6.18,3.03,-6.28,0.2591,0.1576,0.4658,1,4.604,0,0.449,0,air_fallCalm,fallCalm,1.000,3,0.173 0.542 -0.368 0.474 0.687 0.458 -0.432 -0.509 -0.077 -0.590,256.01,-399.12,12.16,-5.92,-107.76,97.18,-1,-1,-1,-1,0.522,0.436 0.472 -0.483 -0.539,-1.0,0,-1.000,-1.000,0.5142,0.00,,-1.000,0.0,0.0,0.0,,,27.9,26.6,9.7,,0.000,0.0,11.5,-1.00,-1.0,0.0,0,1567,-1.0,104.9,-1.0,0.0,0.00,5.00,-1,0,0.000,0,0.00,63.58,0,0,1,0.0,2,0.00,0.000,0.00,0.00,1.110,0.413,0.000,-1.000,-1.000,-1.000,-1.000,None,11.5,-1.0,0,4,0.00,0,0,0,0,0.00,2,0,0.758,0.366,-1,-1,-1,-1,-1,-1,-1,-1,-999,-1,-1,0,-1,-1,-1,35.5,0,0.00,0,0,-1,-1,-1,-1,-1,-1,0,0
377,6.2833,air,release,254.630,-404.180,12.949,0.780,-20.244,29.400,35.704,20.259,11.999,0.00,0.00,0.00,0.00,0.000,1,,0,0.00,0.00,0.00,256.037,-399.800,13.149,-107.80,-6.43,65.33,4.604,0.140,-0.01,1.00,0,0,1,0,0,0,-6.43,2.69,-6.30,0.2418,0.1584,0.4605,1,4.604,0,0.445,0,air_fallCalm,fallCalm,1.000,3,0.162 0.531 -0.412 0.454 0.695 0.416 -0.428 -0.492 -0.063 -0.542,256.02,-399.46,12.66,-6.18,-107.79,97.33,-1,-1,-1,-1,0.505,0.414 0.426 -0.455 -0.481,-1.0,0,-1.000,-1.000,0.5140,0.00,,-1.000,0.0,0.0,0.0,,,31.2,30.7,7.1,,0.000,0.0,11.5,-1.00,-1.0,0.0,0,1568,-1.0,104.9,-1.0,0.0,0.00,5.00,-1,0,0.000,0,0.00,63.58,0,0,1,0.0,2,0.00,0.000,0.00,0.00,1.064,0.409,0.000,-1.000,-1.000,-1.000,-1.000,None,7.2,-1.0,0,4,0.00,0,0,0,0,0.00,2,0,0.833,0.369,-1,-1,-1,-1,-1,-1,-1,-1,-999,-1,-1,0,-1,-1,-1,35.5,0,0.00,0,0,-1,-1,-1,-1,-1,-1,0,0
378,6.3000,air,release,254.643,-404.517,13.434,0.780,-20.244,29.000,35.375,20.259,12.484,0.00,0.00,0.00,0.00,0.000,1,,0,0.00,0.00,0.00,256.051,-400.138,13.634,-107.82,-6.67,65.47,4.604,0.151,-0.01,1.00,0,0,1,0,0,0,-6.67,2.30,-6.32,0.2257,0.1568,0.4534,1,4.604,0,0.442,0,air_fallCalm,fallCalm,1.000,3,0.147 0.518 -0.455 0.435 0.689 0.389 -0.416 -0.464 -0.043 -0.491,256.04,-399.80,13.15,-6.43,-107.80,97.48,-1,-1,-1,-1,0.486,0.393 0.394 -0.416 -0.422,-1.0,0,-1.000,-1.000,0.5136,0.00,,-1.000,0.0,0.0,0.0,,,34.8,34.7,4.0,,0.000,0.0,11.5,-1.00,-1.0,0.0,0,1568,-1.0,105.0,-1.0,0.0,0.00,5.00,-1,0,0.000,0,0.00,60.57,0,0,1,0.0,2,0.00,0.000,0.00,0.00,1.024,0.404,0.000,-1.000,-1.000,-1.000,-1.000,None,3.3,-1.0,0,4,0.00,0,0,0,0,0.00,2,0,0.909,0.368,-1,-1,-1,-1,-1,-1,-1,-1,-999,-1,-1,0,-1,-1,-1,35.5,0,0.00,0,0,-1,-1,-1,-1,-1,-1,0,0
379,6.3167,air,release,254.656,-404.854,13.913,0.780,-20.244,28.600,35.048,20.259,12.963,0.00,0.00,0.00,0.00,0.000,1,,0,0.00,0.00,0.00,256.065,-400.475,14.113,-107.83,-6.90,65.60,4.604,0.161,-0.01,1.00,0,0,1,0,0,0,-6.90,1.87,-6.33,0.2232,0.1548,0.4491,1,4.604,0,0.439,0,air_fallCalm,fallCalm,1.000,3,0.135 0.521 -0.488 0.443 0.673 0.376 -0.407 -0.458 -0.033 -0.483,256.05,-400.14,13.63,-6.67,-107.82,97.62,-1,-1,-1,-1,0.487,0.401 0.382 -0.404 -0.411,-1.0,0,-1.000,-1.000,0.5134,0.00,,-1.000,0.0,0.0,0.0,,,34.6,34.6,2.5,,0.000,0.0,11.5,-1.00,-1.0,0.0,0,1569,-1.0,105.0,-1.0,0.0,0.00,5.00,-1,0,0.000,0,0.00,60.57,0,0,1,0.0,2,0.00,0.000,0.00,0.00,0.996,0.399,0.000,-1.000,-1.000,-1.000,-1.000,None,2.1,-1.0,0,4,0.00,0,0,0,0,0.00,2,0,0.985,0.364,-1,-1,-1,-1,-1,-1,-1,-1,-999,-1,-1,0,-1,-1,-1,35.5,0,0.00,0,0,-1,-1,-1,-1,-1,-1,0,0
380,6.3333,air,release,254.669,-405.192,14.384,0.780,-20.244,28.200,34.722,20.259,13.434,0.00,0.00,0.00,0.00,0.000,1,,0,0.00,0.00,0.00,256.079,-400.813,14.584,-107.84,-7.12,65.72,4.604,0.169,-0.01,1.00,0,0,1,0,0,0,-7.12,1.40,-6.35,0.2258,0.1577,0.4463,1,4.604,0,0.437,0,air_fallCalm,fallCalm,1.000,3,0.124 0.528 -0.518 0.459 0.656 0.383 -0.397 -0.460 -0.025 -0.493,256.06,-400.48,14.11,-6.90,-107.83,97.76,-1,-1,-1,-1,0.495,0.420 0.393 -0.402 -0.419,-1.0,0,-1.000,-1.000,0.5111,0.00,,-1.000,0.0,0.0,0.0,,,33.4,33.4,1.5,,0.000,0.0,11.5,-1.00,-1.0,0.0,0,1569,-1.0,105.0,-1.0,0.0,0.00,5.00,-1,0,0.000,0,0.00,60.57,0,0,1,0.0,2,0.00,0.000,0.00,0.00,0.987,0.395,0.000,-1.000,-1.000,-1.000,-1.000,None,2.6,-1.0,0,4,0.00,0,0,0,0,0.00,2,0,1.000,0.358,-1,-1,-1,-1,-1,-1,-1,-1,-999,-1,-1,0,-1,-1,-1,35.5,0,0.00,0,0,-1,-1,-1,-1,-1,-1,0,0
381,6.3500,air,release,254.682,-405.529,14.849,0.780,-20.244,27.800,34.398,20.259,13.899,0.00,0.00,0.00,0.00,0.000,1,,0,0.00,0.00,0.00,256.092,-401.151,15.049,-107.85,-7.33,65.84,4.604,0.177,-0.01,1.00,0,0,1,0,0,0,-7.33,0.90,-6.37,0.2283,0.1584,0.4437,1,4.604,0,0.434,0,air_fallCalm,fallCalm,1.000,3,0.112 0.536 -0.531 0.463 0.647 0.398 -0.386 -0.472 -0.012 -0.501,256.08,-400.81,14.58,-7.12,-107.84,97.90,-1,-1,-1,-1,0.502,0.424 0.408 -0.412 -0.426,-1.0,0,-1.000,-1.000,0.5100,0.00,,-1.000,0.0,0.0,0.0,,,32.1,32.1,0.5,,0.000,0.0,11.5,-1.00,-1.0,0.0,0,1569,-1.0,105.0,-1.0,0.0,0.00,5.00,-1,0,0.000,0,0.00,60.57,0,0,1,0.0,2,0.00,0.000,0.00,0.00,0.988,0.396,0.000,-1.000,-1.000,-1.000,-1.000,None,4.0,-1.0,0,4,0.00,0,0,0,0,0.00,2,0,1.000,0.348,-1,-1,-1,-1,-1,-1,-1,-1,-999,-1,-1,0,-1,-1,-1,35.5,0,0.00,0,0,-1,-1,-1,-1,-1,-1,0,0
382,6.3667,air,release,254.695,-405.867,15.308,0.780,-20.244,27.400,34.076,20.259,14.358,0.00,0.00,0.00,0.00,0.000,1,,0,0.00,0.00,0.00,256.106,-401.488,15.508,-107.86,-7.53,65.95,4.604,0.183,-0.01,1.00,0,0,1,0,0,0,-7.53,0.37,-6.38,0.2300,0.1584,0.4409,1,4.604,0,0.431,0,air_fallCalm,fallCalm,1.000,3,0.099 0.542 -0.540 0.464 0.640 0.414 -0.375 -0.483 0.002 -0.506,256.09,-401.15,15.05,-7.33,-107.85,98.03,-1,-1,-1,-1,0.509,0.425 0.424 -0.422 -0.429,-1.0,0,-1.000,-1.000,0.5092,0.00,,-1.000,0.0,0.0,0.0,,,30.9,30.9,-0.6,,0.000,0.0,11.5,-1.00,-1.0,0.0,0,1570,-1.0,105.0,-1.0,0.0,0.00,5.00,-1,0,0.000,0,0.00,60.57,0,0,1,0.0,2,0.00,0.000,0.00,0.00,0.990,0.399,0.000,-1.000,-1.000,-1.000,-1.000,None,5.6,-1.0,0,4,0.00,0,0,0,0,0.00,2,0,1.000,0.337,-1,-1,-1,-1,-1,-1,-1,-1,-999,-1,-1,0,-1,-1,-1,35.5,0,0.00,0,0,-1,-1,-1,-1,-1,-1,0,0
383,6.3833,air,release,254.708,-406.204,15.759,0.780,-20.244,27.000,33.755,20.259,14.809,0.00,0.00,0.00,0.00,0.000,1,,0,0.00,0.00,0.00,256.119,-401.826,15.959,-107.86,-7.72,66.06,4.604,0.188,-0.01,1.00,0,0,1,0,0,0,-7.72,-0.18,-6.40,0.2310,0.1579,0.4380,1,4.604,0,0.429,0,air_fallCalm,fallCalm,1.000,3,0.087 0.548 -0.548 0.467 0.632 0.431 -0.365 -0.492 0.017 -0.508,256.11,-401.49,15.51,-7.53,-107.86,98.15,-1,-1,-1,-1,0.514,0.427 0.442 -0.430 -0.430,-1.0,0,-1.000,-1.000,0.5082,0.00,,-1.000,0.0,0.0,0.0,,,29.9,29.8,-1.7,,0.000,0.0,11.5,-1.00,-1.0,0.0,0,1570,-1.0,105.1,-1.0,0.0,0.00,5.00,-1,0,0.000,0,0.00,60.57,0,0,1,0.0,2,0.00,0.000,0.00,0.00,0.994,0.402,0.000,-1.000,-1.000,-1.000,-1.000,None,7.2,-1.0,0,4,0.00,0,0,0,0,0.00,2,0,1.000,0.324,-1,-1,-1,-1,-1,-1,-1,-1,-999,-1,-1,0,-1,-1,-1,35.5,0,0.00,0,0,-1,-1,-1,-1,-1,-1,0,0
384,6.4000,air,release,254.721,-406.541,16.204,0.780,-20.244,26.600,33.436,20.259,15.254,0.00,0.00,0.00,0.00,0.000,1,,0,0.00,0.00,0.00,256.133,-402.163,16.404,-107.86,-7.90,66.16,4.604,0.191,-0.01,1.00,0,0,1,0,0,0,-7.90,-0.76,-6.42,0.2331,0.1572,0.4341,1,4.604,0,0.427,0,air_fallCalm,fallCalm,1.000,3,0.075 0.552 -0.556 0.469 0.624 0.450 -0.354 -0.498 0.032 -0.507,256.12,-401.83,15.96,-7.72,-107.86,98.27,-1,-1,-1,-1,0.519,0.429 0.460 -0.435 -0.428,-1.0,0,-1.000,-1.000,0.5073,0.00,,-1.000,0.0,0.0,0.0,,,29.1,29.0,-2.8,,0.000,0.0,11.5,-1.00,-1.0,0.0,0,1570,-1.0,105.1,-1.0,0.0,0.00,5.00,-1,0,0.000,0,0.00,58.94,0,0,1,0.0,2,0.00,0.000,0.00,0.00,1.000,0.407,0.000,-1.000,-1.000,-1.000,-1.000,None,8.7,-1.0,0,4,0.00,0,0,0,0,0.00,2,0,1.000,0.309,-1,-1,-1,-1,-1,-1,-1,-1,-999,-1,-1,0,-1,-1,-1,35.5,0,0.00,0,0,-1,-1,-1,-1,-1,-1,0,0
385,6.4167,air,release,254.734,-406.879,16.643,0.780,-20.244,26.200,33.119,20.259,15.693,0.00,0.00,0.00,0.00,0.000,1,,0,0.00,0.00,0.00,256.146,-402.501,16.843,-107.87,-8.07,66.26,4.604,0.192,-0.01,1.00,0,0,1,0,0,0,-8.07,-1.35,-6.43,0.2360,0.1561,0.4291,1,4.604,0,0.425,0,air_fallCalm,fallCalm,1.000,3,0.067 0.554 -0.560 0.475 0.618 0.466 -0.348 -0.498 0.043 -0.503,256.13,-402.16,16.40,-7.90,-107.86,98.38,-1,-1,-1,-1,0.521,0.434 0.476 -0.434 -0.422,-1.0,0,-1.000,-1.000,0.5066,0.00,,-1.000,0.0,0.0,0.0,,,28.7,28.5,-3.5,,0.000,0.0,11.5,-1.00,-1.0,0.0,0,1570,-1.0,105.1,-1.0,0.0,0.00,5.00,-1,0,0.000,0,0.00,58.94,0,0,1,0.0,2,0.00,0.000,0.00,0.00,1.006,0.411,0.000,-1.000,-1.000,-1.000,-1.000,None,9.7,-1.0,0,4,0.00,0,0,0,0,0.00,2,0,1.000,0.293,-1,-1,-1,-1,-1,-1,-1,-1,-999,-1,-1,0,-1,-1,-1,35.5,0,0.00,0,0,-1,-1,-1,-1,-1,-1,0,0
386,6.4333,air,release,254.747,-407.216,17.074,0.780,-20.244,25.800,32.803,20.259,16.124,0.00,0.00,0.00,0.00,0.000,1,,0,0.00,0.00,0.00,256.159,-402.838,17.274,-107.87,-8.23,66.35,4.604,0.191,-0.01,1.00,0,0,1,0,0,0,-8.23,-1.95,-6.45,0.2379,0.1547,0.4241,1,4.604,0,0.423,0,air_fallCalm,fallCalm,1.000,3,0.060 0.556 -0.562 0.481 0.612 0.483 -0.343 -0.495 0.052 -0.495,256.15,-402.50,16.84,-8.07,-107.87,98.48,-1,-1,-1,-1,0.521,0.439 0.491 -0.430 -0.413,-1.0,0,-1.000,-1.000,0.5060,0.00,,-1.000,0.0,0.0,0.0,,,28.5,28.3,-4.3,,0.000,0.0,11.5,-1.00,-1.0,0.0,0,1570,-1.0,105.1,-1.0,0.0,0.00,5.00,-1,0,0.000,0,0.00,58.94,0,0,1,0.0,2,0.00,0.000,0.00,0.00,1.013,0.417,0.000,-1.000,-1.000,-1.000,-1.000,None,10.5,-1.0,0,4,0.00,0,0,0,0,0.00,2,0,1.000,0.277,-1,-1,-1,-1,-1,-1,-1,-1,-999,-1,-1,0,-1,-1,-1,35.5,0,0.00,0,0,-1,-1,-1,-1,-1,-1,0,0
387,6.4500,air,release,254.760,-407.554,17.499,0.780,-20.244,25.400,32.490,20.259,16.549,0.00,0.00,0.00,0.00,0.000,1,,0,0.00,0.00,0.00,256.172,-403.175,17.699,-107.87,-8.38,66.43,4.604,0.189,-0.01,1.00,0,0,1,0,0,0,-8.38,-2.57,-6.47,0.2389,0.1532,0.4194,1,4.604,0,0.421,0,air_fallCalm,fallCalm,1.000,3,0.055 0.556 -0.562 0.488 0.608 0.498 -0.341 -0.489 0.059 -0.485,256.16,-402.84,17.27,-8.23,-107.87,98.58,-1,-1,-1,-1,0.520,0.444 0.505 -0.421 -0.400,-1.0,0,-1.000,-1.000,0.5056,0.00,,-1.000,0.0,0.0,0.0,,,28.7,28.4,-4.8,,0.000,0.0,11.5,-1.00,-1.0,0.0,0,1570,-1.0,105.1,-1.0,0.0,0.00,5.00,-1,0,0.000,0,0.00,58.94,0,0,1,0.0,2,0.00,0.000,0.00,0.00,1.021,0.422,0.000,-1.000,-1.000,-1.000,-1.000,None,11.0,-1.0,0,4,0.00,0,0,0,0,0.00,2,0,1.000,0.259,-1,-1,-1,-1,-1,-1,-1,-1,-999,-1,-1,0,-1,-1,-1,35.5,0,0.00,0,0,-1,-1,-1,-1,-1,-1,0,0
388,6.4667,air,release,254.773,-407.891,17.918,0.780,-20.244,25.000,32.178,20.259,16.968,0.00,0.00,0.00,0.00,0.000,1,,0,0.00,0.00,0.00,256.185,-403.513,18.118,-107.86,-8.52,66.50,4.604,0.185,-0.01,1.00,0,0,1,0,0,0,-8.52,-3.20,-6.48,0.2391,0.1515,0.4150,1,4.604,0,0.419,0,air_fallCalm,fallCalm,1.000,3,0.052 0.555 -0.560 0.495 0.603 0.513 -0.341 -0.479 0.065 -0.472,256.17,-403.18,17.70,-8.38,-107.87,98.66,-1,-1,-1,-1,0.518,0.449 0.518 -0.409 -0.385,-1.0,0,-1.000,-1.000,0.5053,0.00,,-1.000,0.0,0.0,0.0,,,29.2,28.9,-5.4,,0.000,0.0,11.5,-1.00,-1.0,0.0,0,1570,-1.0,105.2,-1.0,0.0,0.00,5.00,-1,0,0.000,0,0.00,58.94,0,0,1,0.0,2,0.00,0.000,0.00,0.00,1.029,0.428,0.000,-1.000,-1.000,-1.000,-1.000,None,11.2,-1.0,0,4,0.00,0,0,0,0,0.00,2,0,1.000,0.242,-1,-1,-1,-1,-1,-1,-1,-1,-999,-1,-1,0,-1,-1,-1,35.5,0,0.00,0,0,-1,-1,-1,-1,-1,-1,0,0
389,6.4833,air,release,254.786,-408.228,18.329,0.737,-20.245,24.600,31.868,20.259,17.379,0.00,0.00,0.00,0.00,0.000,1,,0,0.00,0.00,0.00,256.197,-403.850,18.529,-107.87,-8.66,66.57,4.604,0.180,-0.01,1.00,0,0,1,0,0,0,-8.66,-3.83,-6.50,0.2390,0.1497,0.4108,1,4.604,0,0.417,0,air_fallCalm,fallCalm,1.000,3,0.049 0.553 -0.558 0.501 0.599 0.527 -0.340 -0.468 0.070 -0.459,256.18,-403.51,18.12,-8.52,-107.86,98.74,-1,-1,-1,-1,0.515,0.454 0.530 -0.397 -0.370,-1.0,0,-1.000,-1.000,0.5051,0.00,,-1.000,0.0,0.0,0.0,,,29.7,29.3,-5.9,,0.000,0.0,11.5,-1.00,-1.0,0.0,0,1570,-1.0,105.2,-1.0,0.0,0.00,5.00,-1,0,0.000,0,0.00,58.94,0,0,1,0.0,2,0.00,0.000,0.00,0.00,1.036,0.433,0.000,-1.000,-1.000,-1.000,-1.000,None,11.4,-1.0,0,4,0.00,0,0,0,0,0.00,2,0,1.000,0.224,-1,-1,-1,-1,-1,-1,-1,-1,-999,-1,-1,0,-1,-1,-1,35.5,0,0.00,0,0,-1,-1,-1,-1,-1,-1,0,0
390,6.5000,air,rise,254.797,-408.566,18.734,0.673,-20.247,24.200,31.560,20.259,17.784,0.00,0.00,0.00,0.00,0.000,1,,0,0.00,0.00,0.00,256.210,-404.188,18.934,-107.88,-8.78,66.62,4.604,0.174,-0.01,1.00,0,0,1,0,0,0,-8.78,-4.46,-6.52,0.2389,0.1480,0.4068,1,4.604,0,0.416,0,air_tuck,fallCalm,1.000,3,0.045 0.552 -0.556 0.507 0.593 0.542 -0.339 -0.459 0.076 -0.446,256.20,-403.85,18.53,-8.66,-107.87,98.82,-1,-1,-1,-1,0.513,0.457 0.543 -0.386 -0.355,-1.0,0,-1.000,-1.000,0.5047,0.00,,-1.000,0.0,0.0,0.0,,,30.2,29.7,-6.4,,0.000,0.0,11.5,-1.00,-1.0,0.0,0,1570,-1.0,105.2,-1.0,0.0,0.00,5.00,-1,0,0.000,0,0.00,55.27,0,0,1,0.0,2,0.00,0.000,0.00,0.04,1.044,0.439,0.000,-1.000,-1.000,-1.000,-1.000,None,11.6,-1.0,0,4,0.00,0,0,0,0,0.00,2,0,1.000,0.207,-1,-1,-1,-1,-1,-1,-1,-1,-999,-1,-1,0,-1,-1,-1,35.5,0,0.00,0,0,-1,-1,-1,-1,-1,-1,0,0
391,6.5167,air,rise,254.808,-408.903,19.133,0.591,-20.250,23.800,31.255,20.259,18.183,0.00,0.00,0.00,0.00,0.000,1,,0,0.00,0.00,0.00,256.221,-404.526,19.333,-107.90,-8.90,66.68,4.604,0.167,-0.01,1.00,0,0,1,0,0,0,-8.90,-5.10,-6.53,0.2385,0.1442,0.4027,1,4.604,0,0.414,0,air_tuck,fallCalm,1.000,3,0.040 0.549 -0.542 0.464 0.568 0.512 -0.330 -0.447 0.075 -0.430,256.21,-404.19,18.93,-8.78,-107.88,98.88,-1,-1,-1,-1,0.508,0.416 0.512 -0.372 -0.337,-1.0,0,-1.000,-1.000,0.5003,0.00,,-1.000,0.0,0.0,0.0,,,31.1,30.5,-7.2,,0.000,0.0,11.5,-1.00,-1.0,0.0,0,1571,-1.0,105.2,-1.0,0.0,0.00,5.00,-1,0,0.000,0,0.00,55.27,0,0,1,0.0,2,0.00,0.000,0.00,0.16,1.005,0.432,0.000,-1.000,-1.000,-1.000,-1.000,None,11.6,-1.0,0,4,0.00,0,0,0,0,0.00,2,0,0.933,0.189,-1,-1,-1,-1,-1,-1,-1,-1,-999,-1,-1,0,-1,-1,-1,35.5,0,0.00,0,0,-1,-1,-1,-1,-1,-1,0,0
392,6.5333,air,rise,254.816,-409.241,19.524,0.489,-20.253,23.400,30.951,20.259,18.574,0.00,0.00,0.00,0.00,0.000,1,,0,0.00,0.00,0.00,256.232,-404.864,19.724,-107.93,-9.01,66.72,4.604,0.159,-0.01,1.00,0,0,1,0,0,0,-9.01,-5.74,-6.55,0.2095,0.1329,0.4148,1,4.604,0,0.413,0,air_tuck,fallCalm,1.000,3,0.036 0.543 -0.497 0.328 0.513 0.384 -0.314 -0.445 0.059 -0.403,256.22,-404.53,19.33,-8.90,-107.90,98.93,-1,-1,-1,-1,0.499,0.286 0.386 -0.367 -0.307,-1.0,0,-1.000,-1.000,0.4989,0.00,,-1.000,0.0,0.0,0.0,,,32.9,32.2,-8.2,,0.000,0.0,11.5,-1.00,-1.0,0.0,0,1572,-1.0,105.2,-1.0,0.0,0.00,5.00,-1,0,0.000,0,0.00,55.27,0,0,1,0.0,2,0.00,0.000,0.00,0.32,0.871,0.408,0.000,-1.000,-1.000,-1.000,-1.000,None,11.1,-1.0,0,4,0.00,0,0,0,0,0.00,2,0,0.857,0.173,-1,-1,-1,-1,-1,-1,-1,-1,-999,-1,-1,0,-1,-1,-1,35.5,0,0.00,0,0,-1,-1,-1,-1,-1,-1,0,0
393,6.5500,air,rise,254.823,-409.578,19.909,0.367,-20.255,23.000,30.650,20.259,18.959,0.00,0.00,0.00,0.00,0.000,1,,0,0.00,0.00,0.00,256.242,-405.203,20.109,-107.97,-9.12,66.75,4.604,0.151,-0.01,1.00,0,0,1,0,0,0,-9.12,-6.38,-6.57,0.2051,0.1118,0.4143,1,4.604,0,0.412,0,air_tuck,fallCalm,1.000,3,0.033 0.531 -0.433 0.149 0.439 0.218 -0.288 -0.441 0.037 -0.379,256.23,-404.86,19.72,-9.01,-107.93,98.98,-1,-1,-1,-1,0.482,0.117 0.226 -0.360 -0.280,-1.0,0,-1.000,-1.000,0.5003,0.00,,-1.000,0.0,0.0,0.0,,,35.6,34.9,-9.5,,0.000,0.0,11.5,-1.00,-1.0,0.0,0,1574,-1.0,105.2,-1.0,0.0,0.00,5.00,-1,0,0.000,0,0.00,55.27,0,0,1,0.0,2,0.00,0.000,0.00,0.50,0.694,0.367,0.000,-1.000,-1.000,-1.000,-1.000,None,10.1,-1.0,0,4,0.00,0,0,0,0,0.00,2,0,0.782,0.157,-1,-1,-1,-1,-1,-1,-1,-1,-999,-1,-1,0,-1,-1,-1,35.5,0,0.00,0,0,-1,-1,-1,-1,-1,-1,0,0
394,6.5667,air,rise,254.827,-409.916,20.288,0.226,-20.257,22.600,30.351,20.259,19.338,0.00,0.00,0.00,0.00,0.000,1,,0,0.00,0.00,0.00,256.251,-405.542,20.488,-108.03,-9.22,66.78,4.604,0.143,-0.01,1.00,0,0,1,0,0,0,-9.22,-7.02,-6.58,0.1982,0.0943,0.4140,1,4.604,0,0.410,0,air_tuck,fallCalm,1.000,3,0.033 0.513 -0.354 -0.038 0.354 0.044 -0.257 -0.434 0.014 -0.361,256.24,-405.20,20.11,-9.12,-107.97,99.02,-1,-1,-1,-1,0.459,-0.054 0.062 -0.350 -0.260,-1.0,0,-1.000,-1.000,0.5002,0.00,,-1.000,0.0,0.0,0.0,,,39.3,38.5,-11.0,,0.000,0.0,11.5,-1.00,-1.0,0.0,0,1576,-1.0,105.1,-1.0,0.0,0.00,5.00,-1,0,0.000,0,0.00,55.27,0,0,1,0.0,2,0.00,0.000,0.00,0.66,0.507,0.316,0.000,-1.000,-1.000,-1.000,-1.000,None,9.2,-1.0,0,4,0.00,0,0,0,0,0.00,2,0,0.706,0.142,-1,-1,-1,-1,-1,-1,-1,-1,-999,-1,-1,0,-1,-1,-1,35.5,0,0.00,0,0,-1,-1,-1,-1,-1,-1,0,0
395,6.5833,air,rise,254.829,-410.254,20.659,0.066,-20.258,22.200,30.054,20.259,19.709,0.00,0.00,0.00,0.00,0.000,1,,0,0.00,0.00,0.00,256.258,-405.881,20.859,-108.09,-9.31,66.80,4.604,0.134,-0.02,1.00,0,0,1,0,0,0,-9.31,-7.65,-6.60,0.1875,0.0828,0.4137,1,4.604,0,0.409,0,air_tuck,fallCalm,1.000,3,0.036 0.485 -0.255 -0.124 0.260 -0.035 -0.229 -0.418 -0.003 -0.347,256.25,-405.54,20.49,-9.22,-108.03,99.05,-1,-1,-1,-1,0.424,-0.131 -0.017 -0.334 -0.246,-1.0,0,-1.000,-1.000,0.4997,0.00,,-1.000,0.0,0.0,0.0,,,44.4,43.6,-12.6,,0.000,0.0,11.5,-1.00,-1.0,0.0,0,1579,-1.0,105.1,-1.0,0.0,0.00,5.00,-1,0,0.000,0,0.00,55.27,0,0,1,0.0,2,0.00,0.000,0.00,0.79,0.409,0.265,0.000,-1.000,-1.000,-1.000,-1.000,None,9.3,-1.0,0,4,0.00,0,0,0,0,0.00,2,0,0.630,0.128,-1,-1,-1,-1,-1,-1,-1,-1,-999,-1,-1,0,-1,-1,-1,35.5,0,0.00,0,0,-1,-1,-1,-1,-1,-1,0,0
396,6.6000,air,rise,254.829,-410.591,21.024,0.000,-20.259,21.800,29.760,20.259,20.074,0.00,0.00,0.00,0.00,0.000,1,,0,0.00,0.00,0.00,256.263,-406.220,21.224,-108.16,-9.40,66.82,4.604,0.125,-0.02,1.00,0,0,1,0,0,0,-9.40,-8.28,-6.62,0.1745,0.0740,0.4142,1,4.604,0,0.408,0,air_tuck,fallCalm,1.000,3,0.045 0.446 -0.186 -0.142 0.207 -0.060 -0.211 -0.401 -0.004 -0.335,256.26,-405.88,20.86,-9.31,-108.09,99.07,-1,-1,-1,-1,0.377,-0.149 -0.047 -0.318 -0.236,-1.0,0,-1.000,-1.000,0.4971,0.00,,-1.000,0.0,0.0,0.0,,,50.5,49.8,-14.7,,0.000,0.0,11.5,-1.00,-1.0,0.0,0,1582,-1.0,105.0,-1.0,0.0,0.00,5.00,-1,0,0.000,0,0.00,52.98,0,0,1,0.0,2,0.00,0.000,0.00,0.85,0.383,0.225,0.000,-1.000,-1.000,-1.000,-1.000,None,11.8,-1.0,0,4,0.00,0,0,0,0,0.00,2,0,0.554,0.115,-1,-1,-1,-1,-1,-1,-1,-1,-999,-1,-1,0,-1,-1,-1,35.5,0,0.00,0,0,-1,-1,-1,-1,-1,-1,0,0
397,6.6167,air,rise,254.829,-410.929,21.383,0.000,-20.259,21.400,29.468,20.259,20.433,0.00,0.00,0.00,0.00,0.000,1,,0,0.00,0.00,0.00,256.266,-406.559,21.583,-108.21,-9.48,66.82,4.604,0.116,-0.02,1.00,0,0,1,0,0,0,-9.48,-8.91,-6.63,0.1626,0.0721,0.4177,1,4.604,0,0.407,0,air_tuck,releaseTuck,1.000,3,0.061 0.391 -0.153 -0.167 0.194 -0.088 -0.208 -0.381 0.012 -0.316,256.26,-406.22,21.22,-9.40,-108.16,99.08,-1,-1,-1,-1,0.314,-0.176 -0.080 -0.303 -0.220,-1.0,0,-1.000,-1.000,0.4960,0.00,,-1.000,0.0,0.0,0.0,,,57.9,57.4,-17.3,,0.000,0.0,11.5,-1.00,-1.0,0.0,0,1584,-1.0,105.0,-1.0,0.0,0.00,5.00,-1,0,0.000,0,0.00,52.98,0,0,1,0.0,2,0.00,0.000,0.00,0.85,0.361,0.204,0.000,-1.000,-1.000,-1.000,-1.000,None,16.9,-1.0,0,4,0.00,0,0,0,0,0.00,2,0,0.479,0.103,-1,-1,-1,-1,-1,-1,-1,-1,-999,-1,-1,0,-1,-1,-1,35.5,0,0.00,0,0,-1,-1,-1,-1,-1,-1,0,0
398,6.6333,air,rise,254.829,-411.267,21.734,0.000,-20.259,21.000,29.179,20.259,20.784,0.00,0.00,0.00,0.00,0.000,1,,0,0.00,0.00,0.00,256.269,-406.898,21.934,-108.24,-9.55,66.82,4.604,0.107,-0.02,1.00,0,0,1,0,0,0,-9.55,-9.53,-6.65,0.1503,0.0739,0.4232,1,4.604,0,0.406,0,air_tuck,releaseTuck,1.000,3,0.081 0.321 -0.140 -0.206 0.207 -0.127 -0.212 -0.361 0.039 -0.288,256.27,-406.56,21.58,-9.48,-108.21,99.09,-1,-1,-1,-1,0.236,-0.219 -0.123 -0.290 -0.198,-1.0,0,-1.000,-1.000,0.4960,0.00,,-1.000,0.0,0.0,0.0,,,66.4,66.1,-21.0,,0.000,0.0,11.5,-1.00,-1.0,0.0,0,1585,-1.0,105.0,-1.0,0.0,0.00,5.00,-1,0,0.000,0,0.00,52.98,0,0,1,0.0,2,0.00,0.000,0.00,0.85,0.329,0.200,0.000,-1.000,-1.000,-1.000,-1.000,None,23.8,-1.0,0,4,0.00,0,0,0,0,0.00,2,0,0.403,0.093,-1,-1,-1,-1,-1,-1,-1,-1,-999,-1,-1,0,-1,-1,-1,35.5,0,0.00,0,0,-1,-1,-1,-1,-1,-1,0,0
399,6.6500,air,rise,254.829,-411.604,22.079,0.000,-20.259,20.600,28.892,20.259,21.129,0.00,0.00,0.00,0.00,0.000,1,,0,0.00,0.00,0.00,256.270,-407.236,22.279,-108.26,-9.62,66.81,4.604,0.098,-0.02,1.00,0,0,1,0,0,0,-9.62,-10.15,-6.67,0.1379,0.0749,0.4280,1,4.604,0,0.405,0,air_tuck,releaseTuck,1.000,3,0.103 0.234 -0.128 -0.252 0.218 -0.179 -0.214 -0.333 0.062 -0.254,256.27,-406.90,21.93,-9.55,-108.24,99.09,-1,-1,-1,-1,0.143,-0.267 -0.176 -0.271 -0.173,-1.0,0,-1.000,-1.000,0.4960,0.00,,-1.000,0.0,0.0,0.0,,,75.9,75.8,-28.4,,0.000,0.0,11.5,-1.00,-1.0,0.0,0,1586,-1.0,104.9,-1.0,0.0,0.00,5.00,-1,0,0.000,0,0.00,52.98,0,0,1,0.0,2,0.00,0.000,0.00,0.85,0.278,0.194,0.000,-1.000,-1.000,-1.000,-1.000,None,32.1,-1.0,0,4,0.00,0,0,0,0,0.00,2,0,0.327,0.084,-1,-1,-1,-1,-1,-1,-1,-1,-999,-1,-1,0,-1,-1,-1,35.5,0,0.00,0,0,-1,-1,-1,-1,-1,-1,0,0
400,6.6667,air,rise,254.829,-411.942,22.418,0.000,-20.259,20.200,28.609,20.259,21.468,0.00,0.00,0.00,0.00,0.000,1,,0,0.00,0.00,0.00,256.271,-407.574,22.618,-108.27,-9.69,66.80,4.604,0.090,-0.02,1.00,0,0,1,0,0,0,-9.69,-10.76,-6.68,0.1248,0.0759,0.4327,1,4.604,0,0.404,0,air_tuck,releaseTuck,1.000,3,0.125 0.135 -0.118 -0.300 0.221 -0.239 -0.212 -0.294 0.078 -0.219,256.27,-407.24,22.28,-9.62,-108.26,99.08,-1,-1,-1,-1,0.040,-0.315 -0.237 -0.240 -0.149,-1.0,0,-1.000,-1.000,0.4967,0.00,,-1.000,0.0,0.0,0.0,,,86.0,86.0,-55.7,,0.000,0.0,11.5,-1.00,-1.0,0.0,0,1586,-1.0,104.9,-1.0,0.0,0.00,5.00,-1,0,0.000,0,0.00,52.98,0,0,1,0.0,2,0.00,0.000,0.00,0.85,0.206,0.187,0.000,-1.000,-1.000,-1.000,-1.000,None,41.3,-1.0,0,4,0.00,0,0,0,0,0.00,2,0,0.251,0.075,-1,-1,-1,-1,-1,-1,-1,-1,-999,-1,-1,0,-1,-1,-1,35.5,0,0.00,0,0,-1,-1,-1,-1,-1,-1,0,0
401,6.6833,air,rise,254.829,-412.280,22.749,0.000,-20.259,19.800,28.328,20.259,21.799,0.00,0.00,0.00,0.00,0.000,1,,0,0.00,0.00,0.00,256.271,-407.912,22.949,-108.28,-9.75,66.78,4.604,0.082,-0.02,1.00,0,0,1,0,0,0,-9.75,-11.37,-6.70,0.1166,0.0759,0.4342,1,4.604,0,0.403,0,air_tuck,releaseTuck,1.000,3,0.143 0.035 -0.111 -0.348 0.211 -0.301 -0.203 -0.259 0.083 -0.196,256.27,-407.57,22.62,-9.69,-108.27,99.07,-1,-1,-1,-1,-0.060,-0.360 -0.297 -0.214 -0.136,-1.0,0,-1.000,-1.000,0.4979,0.00,,-1.000,0.0,0.0,0.0,,,96.0,96.0,-146.9,,0.000,0.0,11.5,-1.00,-1.0,0.0,0,1587,-1.0,104.9,-1.0,0.0,0.00,5.00,-1,0,0.000,0,0.00,52.98,0,0,1,0.0,2,0.00,0.000,0.00,0.85,0.125,0.180,0.000,-1.000,-1.000,-1.000,-1.000,None,50.5,-1.0,0,4,0.00,0,0,0,0,0.00,2,0,0.175,0.068,-1,-1,-1,-1,-1,-1,-1,-1,-999,-1,-1,0,-1,-1,-1,35.5,0,0.00,0,0,-1,-1,-1,-1,-1,-1,0,0
402,6.7000,air,rise,254.829,-412.617,23.074,0.000,-20.259,19.400,28.049,20.259,22.124,0.00,0.00,0.00,0.00,0.000,1,,0,0.00,0.00,0.00,256.272,-408.249,23.274,-108.28,-9.81,66.75,4.604,0.074,-0.02,1.00,0,0,1,0,0,0,-9.81,-11.96,-6.72,0.1112,0.0754,0.4336,1,4.604,0,0.402,0,air_tuck,releaseTuck,1.000,3,0.154 -0.064 -0.105 -0.373 0.191 -0.351 -0.189 -0.219 0.080 -0.181,256.27,-407.91,22.95,-9.75,-108.28,99.04,-1,-1,-1,-1,-0.156,-0.384 -0.347 -0.182 -0.131,-1.0,0,-1.000,-1.000,0.4995,0.00,,-1.000,0.0,0.0,0.0,,,105.8,105.8,-172.8,,0.000,0.0,11.5,-1.00,-1.0,0.0,0,1587,-1.0,104.9,-1.0,0.0,0.00,5.00,-1,0,0.000,0,0.00,50.93,0,0,1,0.0,2,0.00,0.000,0.00,0.85,0.062,0.175,0.000,-1.000,-1.000,-1.000,-1.000,None,59.6,-1.0,0,4,0.00,0,0,0,0,0.00,2,0,0.100,0.061,-1,-1,-1,-1,-1,-1,-1,-1,-999,-1,-1,0,-1,-1,-1,35.5,0,0.00,0,0,-1,-1,-1,-1,-1,-1,0,0
403,6.7167,air,rise,254.829,-412.955,23.393,0.000,-20.259,19.000,27.774,20.259,22.443,0.00,0.00,0.00,0.00,0.000,1,,0,0.00,0.00,0.00,256.271,-408.587,23.593,-108.27,-9.86,66.72,4.604,0.066,-0.02,1.00,0,0,1,0,0,0,-9.86,-12.55,-6.73,0.1066,0.0777,0.4313,1,4.604,0,0.402,0,air_tuck,releaseTuck,1.000,3,0.159 -0.143 -0.094 -0.366 0.182 -0.355 -0.171 -0.211 0.070 -0.194,256.27,-408.25,23.27,-9.81,-108.28,99.01,-1,-1,-1,-1,-0.231,-0.383 -0.358 -0.179 -0.151,-1.0,0,-1.000,-1.000,0.5031,0.00,,-1.000,0.0,0.0,0.0,,,114.0,114.0,-178.9,,0.000,0.0,11.5,-1.00,-1.0,0.0,0,1587,-1.0,104.9,-1.0,0.0,0.00,5.00,-1,0,0.000,0,0.00,50.93,0,0,1,0.0,2,0.00,0.000,0.00,0.85,0.051,0.177,0.000,-1.000,-1.000,-1.000,-1.000,None,67.1,-1.0,0,4,0.00,0,0,0,0,0.00,2,0,0.024,0.055,-1,-1,-1,-1,-1,-1,-1,-1,-999,-1,-1,0,-1,-1,-1,35.5,0,0.00,0,0,-1,-1,-1,-1,-1,-1,0,0
404,6.7333,air,rise,254.829,-413.292,23.704,0.000,-20.259,18.600,27.502,20.259,22.754,0.00,0.00,0.00,0.00,0.000,1,,0,0.00,0.00,0.00,256.271,-408.924,23.904,-108.27,-9.91,66.68,4.604,0.060,-0.02,1.00,0,0,1,0,0,0,-9.91,-13.14,-6.75,0.1040,0.0753,0.4296,1,4.604,0,0.401,0,air_tuck,releaseTuck,1.000,3,0.159 -0.203 -0.079 -0.356 0.179 -0.354 -0.144 -0.213 0.044 -0.218,256.27,-408.59,23.59,-9.86,-108.27,98.98,-1,-1,-1,-1,-0.287,-0.378 -0.362 -0.186 -0.181,-1.0,0,-1.000,-1.000,0.5055,0.00,,-1.000,0.0,0.0,0.0,,,120.6,120.6,178.7,,0.000,0.0,11.5,-1.00,-1.0,0.0,0,1586,-1.0,104.9,-1.0,0.0,0.00,5.00,-1,0,0.000,0,0.00,50.93,0,0,1,0.0,2,0.00,0.000,0.00,0.85,0.043,0.204,0.000,-1.000,-1.000,-1.000,-1.000,None,73.1,-1.0,0,4,0.00,0,0,0,0,0.00,2,0,0.000,0.049,-1,-1,-1,-1,-1,-1,-1,-1,-999,-1,-1,0,-1,-1,-1,35.5,0,0.00,0,0,-1,-1,-1,-1,-1,-1,0,0
405,6.7500,air,rise,254.829,-413.630,24.009,0.000,-20.259,18.200,27.233,20.259,23.059,0.00,0.00,0.00,0.00,0.000,1,,0,0.00,0.00,0.00,256.271,-409.262,24.209,-108.27,-9.95,66.63,4.604,0.053,-0.02,1.00,0,0,1,0,0,0,-9.95,-13.71,-6.77,0.1072,0.0769,0.4305,1,4.604,0,0.400,0,air_tuck,releaseTuck,1.000,3,0.156 -0.243 -0.090 -0.353 0.153 -0.360 -0.168 -0.195 0.051 -0.216,256.27,-408.92,23.90,-9.91,-108.27,98.94,-1,-1,-1,-1,-0.322,-0.374 -0.368 -0.169 -0.178,-1.0,0,-1.000,-1.000,0.5035,0.00,,-1.000,0.0,0.0,0.0,,,125.0,125.0,177.8,,0.000,0.0,11.5,-1.00,-1.0,0.0,0,1586,-1.0,104.9,-1.0,0.0,0.00,5.00,-1,0,0.000,0,0.00,50.93,0,0,1,0.0,2,0.00,0.000,0.00,0.85,0.049,0.159,0.000,-1.000,-1.000,-1.000,-1.000,None,76.9,-1.0,0,4,0.00,0,0,0,0,0.00,2,0,0.000,0.045,-1,-1,-1,-1,-1,-1,-1,-1,-999,-1,-1,0,-1,-1,-1,35.5,0,0.00,0,0,-1,-1,-1,-1,-1,-1,0,0
406,6.7667,air,rise,254.829,-413.968,24.308,0.000,-20.259,17.800,26.968,20.259,23.358,0.00,0.00,0.00,0.00,0.000,1,,0,0.00,0.00,0.00,256.270,-409.599,24.508,-108.26,-9.99,66.58,4.604,0.048,-0.02,1.00,0,0,1,0,0,0,-9.99,-14.28,-6.78,0.1111,0.0770,0.4312,1,4.604,0,0.400,0,air_tuck,releaseTuck,1.000,3,0.152 -0.270 -0.103 -0.348 0.137 -0.363 -0.175 -0.170 0.039 -0.204,256.27,-409.26,24.21,-9.95,-108.27,98.89,-1,-1,-1,-1,-0.347,-0.368 -0.370 -0.145 -0.166,-1.0,0,-1.000,-1.000,0.5025,0.00,,-1.000,0.0,0.0,0.0,,,128.2,128.2,177.6,,0.000,0.0,11.5,-1.00,-1.0,0.0,0,1586,-1.0,105.0,-1.0,0.0,0.00,5.00,-1,0,0.000,0,0.00,50.93,0,0,1,0.0,2,0.00,0.000,0.00,0.85,0.047,0.159,0.000,-1.000,-1.000,-1.000,-1.000,None,79.5,-1.0,0,4,0.00,0,0,0,0,0.00,2,0,0.000,0.040,-1,-1,-1,-1,-1,-1,-1,-1,-999,-1,-1,0,-1,-1,-1,35.5,0,0.00,0,0,-1,-1,-1,-1,-1,-1,0,0
407,6.7833,air,rise,254.829,-414.305,24.599,0.000,-20.259,17.400,26.705,20.259,23.649,0.00,0.00,0.00,0.00,0.000,1,,0,0.00,0.00,0.00,256.270,-409.937,24.799,-108.26,-10.03,66.53,4.604,0.042,-0.02,1.00,0,0,1,0,0,0,-10.03,-14.84,-6.80,0.1152,0.0768,0.4316,1,4.604,0,0.399,0,air_tuck,releaseTuck,1.000,3,0.145 -0.296 -0.119 -0.345 0.118 -0.370 -0.185 -0.152 0.025 -0.196,256.27,-409.60,24.51,-9.99,-108.26,98.83,-1,-1,-1,-1,-0.370,-0.363 -0.375 -0.127 -0.156,-1.0,0,-1.000,-1.000,0.5014,0.00,,-1.000,0.0,0.0,0.0,,,131.3,131.4,177.9,,0.000,0.0,11.5,-1.00,-1.0,0.0,0,1586,-1.0,105.0,-1.0,0.0,0.00,5.00,-1,0,0.000,0,0.00,50.93,0,0,1,0.0,2,0.00,0.000,0.00,0.85,0.046,0.159,0.000,-1.000,-1.000,-1.000,-1.000,None,82.0,-1.0,0,4,0.00,0,0,0,0,0.00,2,0,0.000,0.036,-1,-1,-1,-1,-1,-1,-1,-1,-999,-1,-1,0,-1,-1,-1,35.5,0,0.00,0,0,-1,-1,-1,-1,-1,-1,0,0
408,6.8000,air,rise,254.829,-414.643,24.884,0.000,-20.259,17.000,26.446,20.259,23.934,0.00,0.00,0.00,0.00,0.000,1,,0,0.00,0.00,0.00,256.270,-410.274,25.084,-108.25,-10.06,66.47,4.604,0.038,-0.02,1.00,0,0,1,0,0,0,-10.06,-15.39,-6.82,0.1198,0.0762,0.4317,1,4.604,0,0.398,0,air_tuck,releaseTuck,1.000,3,0.133 -0.320 -0.136 -0.340 0.097 -0.376 -0.194 -0.133 0.011 -0.187,256.27,-409.94,24.80,-10.03,-108.26,98.77,-1,-1,-1,-1,-0.392,-0.357 -0.378 -0.108 -0.147,-1.0,0,-1.000,-1.000,0.5002,0.00,,-1.000,0.0,0.0,0.0,,,134.4,134.4,178.8,,0.000,0.0,11.5,-1.00,-1.0,0.0,0,1586,-1.0,105.0,-1.0,0.0,0.00,5.00,-1,0,0.000,0,0.00,51.53,0,0,1,0.0,2,0.00,0.000,0.00,0.85,0.045,0.159,0.000,-1.000,-1.000,-1.000,-1.000,None,84.4,-1.0,0,4,0.00,0,0,0,0,0.00,2,0,0.000,0.032,-1,-1,-1,-1,-1,-1,-1,-1,-999,-1,-1,0,-1,-1,-1,35.5,0,0.00,0,0,-1,-1,-1,-1,-1,-1,0,0
409,6.8167,air,rise,254.829,-414.981,25.163,0.000,-20.259,16.600,26.191,20.259,24.213,0.00,0.00,0.00,0.00,0.000,1,,0,0.00,0.00,0.00,256.269,-410.612,25.363,-108.25,-10.10,66.40,4.604,0.033,-0.02,1.00,0,0,1,0,0,0,-10.10,-15.93,-6.83,0.1241,0.0766,0.4316,1,4.604,0,0.398,0,air_tuck,releaseTuck,1.000,3,0.118 -0.342 -0.156 -0.335 0.073 -0.383 -0.204 -0.117 -0.004 -0.180,256.27,-410.27,25.08,-10.06,-108.25,98.71,-1,-1,-1,-1,-0.412,-0.351 -0.382 -0.092 -0.138,-1.0,0,-1.000,-1.000,0.4996,0.00,,-1.000,0.0,0.0,0.0,,,137.3,137.3,-179.9,,0.000,0.0,11.5,-1.00,-1.0,0.0,0,1585,-1.0,105.0,-1.0,0.0,0.00,5.00,-1,0,0.000,0,0.00,51.53,0,0,1,0.0,2,0.00,0.000,0.00,0.85,0.045,0.159,0.000,-1.000,-1.000,-1.000,-1.000,None,86.7,-1.0,0,4,0.00,0,0,0,0,0.00,2,0,0.000,0.029,-1,-1,-1,-1,-1,-1,-1,-1,-999,-1,-1,0,-1,-1,-1,35.5,0,0.00,0,0,-1,-1,-1,-1,-1,-1,0,0
410,6.8333,air,rise,254.829,-415.318,25.434,0.000,-20.259,16.200,25.939,20.259,24.484,0.00,0.00,0.00,0.00,0.000,1,,0,0.00,0.00,0.00,256.269,-410.950,25.634,-108.24,-10.12,66.33,4.604,0.029,-0.02,1.00,0,0,1,0,0,0,-10.12,-16.46,-6.85,0.1283,0.0765,0.4314,1,4.604,0,0.397,0,air_tuck,releaseTuck,1.000,3,0.098 -0.363 -0.178 -0.328 0.048 -0.388 -0.213 -0.100 -0.017 -0.172,256.27,-410.61,25.36,-10.10,-108.25,98.64,-1,-1,-1,-1,-0.430,-0.342 -0.385 -0.075 -0.129,-1.0,0,-1.000,-1.000,0.4990,0.00,,-1.000,0.0,0.0,0.0,,,140.2,140.2,-178.0,,0.000,0.0,11.5,-1.00,-1.0,0.0,0,1585,-1.0,105.0,-1.0,0.0,0.00,5.00,-1,0,0.000,0,0.00,51.53,0,0,1,0.0,2,0.00,0.000,0.00,0.79,0.045,0.159,0.000,-1.000,-1.000,-1.000,-1.000,None,88.8,-1.0,0,4,0.00,0,0,0,0,0.00,2,0,0.000,0.026,-1,-1,-1,-1,-1,-1,-1,-1,-999,-1,-1,0,-1,-1,-1,35.5,0,0.00,0,0,-1,-1,-1,-1,-1,-1,0,0
411,6.8500,air,rise,254.829,-415.656,25.699,0.000,-20.259,15.800,25.691,20.259,24.749,0.00,0.00,0.00,0.00,0.000,1,,0,0.00,0.00,0.00,256.269,-411.287,25.899,-108.24,-10.15,66.25,4.604,0.026,-0.02,1.00,0,0,1,0,0,0,-10.15,-16.99,-6.87,0.1335,0.0760,0.4318,1,4.604,0,0.397,0,air_tuck,releaseTuck,1.000,3,0.075 -0.380 -0.202 -0.326 0.032 -0.400 -0.223 -0.085 -0.031 -0.165,256.27,-410.95,25.63,-10.12,-108.24,98.56,-1,-1,-1,-1,-0.445,-0.341 -0.396 -0.059 -0.120,-1.0,0,-1.000,-1.000,0.4982,0.00,,-1.000,0.0,0.0,0.0,,,142.7,142.8,-175.8,,0.000,0.0,11.5,-1.00,-1.0,0.0,0,1585,-1.0,105.0,-1.0,0.0,0.00,5.00,-1,0,0.000,0,0.00,51.53,0,0,1,0.0,2,0.00,0.000,0.00,0.66,0.050,0.159,0.000,-1.000,-1.000,-1.000,-1.000,None,90.7,-1.0,0,4,0.00,0,0,0,0,0.00,2,0,0.000,0.024,-1,-1,-1,-1,-1,-1,-1,-1,-999,-1,-1,0,-1,-1,-1,35.5,0,0.00,0,0,-1,-1,-1,-1,-1,-1,0,0
412,6.8667,air,rise,254.829,-415.994,25.958,0.000,-20.259,15.400,25.447,20.259,25.008,0.00,0.00,0.00,0.00,0.000,1,,0,0.00,0.00,0.00,256.269,-411.625,26.158,-108.24,-10.17,66.18,4.604,0.023,-0.02,1.00,0,0,1,0,0,0,-10.17,-17.50,-6.88,0.1401,0.0750,0.4330,1,4.604,0,0.397,0,air_tuck,releaseTuck,1.000,3,0.047 -0.395 -0.229 -0.328 0.025 -0.422 -0.231 -0.068 -0.043 -0.157,256.27,-411.29,25.90,-10.15,-108.24,98.48,-1,-1,-1,-1,-0.459,-0.348 -0.420 -0.041 -0.111,-1.0,0,-1.000,-1.000,0.4975,0.00,,-1.000,0.0,0.0,0.0,,,144.9,145.3,-173.2,,0.000,0.0,11.5,-1.00,-1.0,0.0,0,1585,-1.0,105.0,-1.0,0.0,0.00,5.00,-1,0,0.000,0,0.00,51.53,0,0,1,0.0,2,0.00,0.000,0.00,0.50,0.067,0.159,0.000,-1.000,-1.000,-1.000,-1.000,None,92.5,-1.0,0,4,0.00,0,0,0,0,0.00,2,0,0.006,0.021,-1,-1,-1,-1,-1,-1,-1,-1,-999,-1,-1,0,-1,-1,-1,35.5,0,0.00,0,0,-1,-1,-1,-1,-1,-1,0,0
413,6.8833,air,rise,254.829,-416.331,26.209,0.000,-20.259,15.000,25.207,20.259,25.259,0.00,0.00,0.00,0.00,0.000,1,,0,0.00,0.00,0.00,256.268,-411.962,26.409,-108.23,-10.18,66.09,4.604,0.020,-0.02,1.00,0,0,1,0,0,0,-10.18,-18.01,-6.90,0.1470,0.0736,0.4345,1,4.604,0,0.396,0,air_tuck,releaseTuck,1.000,3,0.018 -0.406 -0.260 -0.333 0.023 -0.453 -0.239 -0.053 -0.053 -0.148,256.27,-411.62,26.16,-10.17,-108.24,98.39,-1,-1,-1,-1,-0.468,-0.361 -0.454 -0.024 -0.101,-1.0,0,-1.000,-1.000,0.4967,0.00,,-1.000,0.0,0.0,0.0,,,146.6,147.5,-170.4,,0.000,0.0,11.5,-1.00,-1.0,0.0,0,1585,-1.0,105.0,-1.0,0.0,0.00,5.00,-1,0,0.000,0,0.00,51.53,0,0,1,0.0,2,0.00,0.000,0.00,0.32,0.093,0.158,0.000,-1.000,-1.000,-1.000,-1.000,None,94.0,-1.0,0,4,0.00,0,0,0,0,0.00,2,0,0.081,0.019,-1,-1,-1,-1,-1,-1,-1,-1,-999,-1,-1,0,-1,-1,-1,35.5,0,0.00,0,0,-1,-1,-1,-1,-1,-1,0,0
414,6.9000,air,rise,254.829,-416.669,26.454,0.000,-20.259,14.600,24.971,20.259,25.504,0.00,0.00,0.00,0.00,0.000,1,,0,0.00,0.00,0.00,256.266,-412.299,26.654,-108.20,-10.20,66.01,4.604,0.018,-0.02,1.00,1,0,1,0,0,0,-10.20,-18.51,-6.92,0.1692,0.0753,0.4265,1,4.604,0,0.396,0,air_tuck,releaseTuck,1.000,3,-0.014 -0.415 -0.309 -0.316 0.051 -0.489 -0.221 0.018 -0.025 -0.089,256.27,-411.96,26.41,-10.18,-108.23,98.30,-1,-1,-1,-1,-0.476,-0.353 -0.492 0.045 -0.041,-1.0,1,-1.000,-1.000,0.4980,0.00,,-1.000,0.0,0.0,0.0,,,147.9,149.6,-167.4,,0.000,0.0,11.5,-1.00,-1.0,0.0,0,1583,-1.0,105.0,-1.0,0.0,0.00,5.00,-1,0,0.000,0,0.00,49.96,0,0,1,0.0,2,0.00,0.000,0.00,0.16,0.161,0.245,0.000,-1.000,-1.000,-1.000,-1.000,None,95.3,-1.0,0,4,0.00,0,0,0,0,0.00,2,0,0.157,0.017,-1,-1,-1,-1,-1,-1,-1,-1,-999,-1,-1,0,-1,-1,-1,35.5,0,0.00,0,1,0.47748,0.43775,0.37203,0.18469,2.75,2.25,0,0
415,6.9167,air,rise,254.829,-417.007,26.693,0.000,-20.259,14.200,24.740,20.259,25.743,0.00,0.00,0.00,0.00,0.000,1,,0,0.00,0.00,0.00,256.259,-412.635,26.893,-108.12,-10.21,65.92,4.604,0.016,-0.02,1.00,1,0,1,0,0,0,-10.21,-19.00,-6.93,0.1884,0.0822,0.4165,1,4.604,0,0.395,0,air_fall,releaseTuck,1.000,3,-0.045 -0.421 -0.345 -0.305 0.068 -0.530 -0.198 0.086 0.013 -0.039,256.27,-412.30,26.65,-10.20,-108.20,98.21,-1,-1,-1,-1,-0.480,-0.354 -0.538 0.111 0.008,-1.0,1,-1.000,-1.000,0.4993,0.00,,-1.000,0.0,0.0,0.0,,,148.6,151.5,-164.5,,0.000,0.0,11.5,-1.00,-1.0,0.0,0,1580,-1.0,105.0,-1.0,0.0,0.00,5.00,-1,0,0.000,0,0.00,49.96,0,0,1,0.0,2,0.00,0.000,0.00,0.00,0.323,0.212,0.000,-1.000,-1.000,-1.000,-1.000,None,96.3,-1.0,0,4,0.00,0,0,0,0,0.00,2,0,0.233,0.016,-1,-1,-1,-1,-1,-1,-1,-1,-999,-1,-1,0,-1,-1,-1,35.5,0,0.00,0,1,0.47514,0.43613,0.35627,0.15762,2.73,2.30,0,0
416,6.9333,air,rise,254.829,-417.344,26.924,0.000,-20.259,13.800,24.512,20.259,25.974,0.00,0.00,0.00,0.00,0.000,1,,0,0.00,0.00,0.00,256.248,-412.969,27.124,-107.97,-10.22,65.83,4.604,0.014,-0.02,1.00,1,0,1,0,0,0,-10.22,-19.48,-6.95,0.2008,0.0970,0.4069,1,4.604,0,0.395,0,air_fall,releaseTuck,1.000,3,-0.072 -0.421 -0.430 -0.288 0.098 -0.592 -0.172 0.150 0.056 0.007,256.26,-412.63,26.89,-10.21,-108.12,98.11,-1,-1,-1,-1,-0.480,-0.356 -0.609 0.175 0.055,-1.0,1,-1.000,-1.000,0.5006,0.00,,-1.000,0.0,0.0,0.0,,,148.4,152.4,-161.8,,0.000,0.0,11.5,-1.00,-1.0,0.0,0,1574,-1.0,105.1,-1.0,0.0,0.00,5.00,-1,0,0.000,0,0.00,49.96,0,0,1,0.0,2,0.00,0.000,0.00,0.00,0.539,0.238,0.000,-1.000,-1.000,-1.000,-1.000,None,96.4,-1.0,0,4,0.00,0,0,0,0,0.00,2,0,0.309,0.014,-1,-1,-1,-1,-1,-1,-1,-1,-999,-1,-1,0,-1,-1,-1,35.5,0,0.00,0,1,0.46877,0.43435,0.34806,0.15049,2.67,2.32,0,0
417,6.9500,air,rise,254.829,-417.682,27.149,0.000,-20.259,13.400,24.289,20.259,26.199,0.00,0.00,0.00,0.00,0.000,1,,0,0.00,0.00,0.00,256.232,-413.301,27.349,-107.76,-10.23,65.73,4.604,0.012,-0.02,1.00,1,0,1,0,0,0,-10.23,-19.95,-6.97,0.2175,0.1041,0.4023,1,4.604,0,0.395,0,air_fall,releaseTuck,1.000,3,-0.087 -0.414 -0.487 -0.228 0.106 -0.608 -0.146 0.212 0.098 0.048,256.25,-412.97,27.12,-10.22,-107.97,98.01,-1,-1,-1,-1,-0.474,-0.306 -0.628 0.237 0.098,-1.0,1,-1.000,-1.000,0.4976,0.00,,-1.000,0.0,0.0,0.0,,,146.7,151.5,-159.9,,0.000,0.0,11.5,-1.00,-1.0,0.0,0,1566,-1.0,105.3,-1.0,0.0,0.00,5.00,-1,0,0.000,0,0.00,49.96,0,0,1,0.0,2,0.00,0.000,0.00,0.00,0.673,0.284,0.000,-1.000,-1.000,-1.000,-1.000,None,94.7,-1.0,0,4,0.00,0,0,0,0,0.00,2,0,0.384,0.013,-1,-1,-1,-1,-1,-1,-1,-1,-999,-1,-1,0,-1,-1,-1,35.5,0,0.00,0,1,0.46432,0.42571,0.34186,0.14933,2.65,2.33,0,0
418,6.9667,air,rise,254.829,-418.019,27.368,0.000,-20.259,13.000,24.071,20.259,26.418,0.00,0.00,0.00,0.00,0.000,1,,0,0.00,0.00,0.00,256.210,-413.632,27.568,-107.47,-10.23,65.63,4.604,0.010,-0.02,1.00,1,0,1,0,0,0,-10.23,-20.41,-6.98,0.2337,0.1079,0.3979,1,4.604,0,0.395,0,air_fall,releaseTuck,1.000,3,-0.090 -0.400 -0.518 -0.159 0.126 -0.621 -0.122 0.274 0.142 0.088,256.23,-413.30,27.35,-10.23,-107.76,97.91,-1,-1,-1,-1,-0.464,-0.249 -0.644 0.302 0.142,-1.0,1,-1.000,-1.000,0.4962,0.00,,-1.000,0.0,0.0,0.0,,,144.2,148.9,-158.5,,0.000,0.0,11.5,-1.00,-1.0,0.0,0,1556,-1.0,105.5,-1.0,0.0,0.00,5.00,-1,0,0.000,0,0.00,49.96,0,0,1,0.0,2,0.00,0.000,0.00,0.00,0.791,0.333,0.000,-1.000,-1.000,-1.000,-1.000,None,91.5,-1.0,0,4,0.00,0,0,0,0,0.00,2,0,0.394,0.011,-1,-1,-1,-1,-1,-1,-1,-1,-999,-1,-1,0,-1,-1,-1,35.5,0,0.00,0,1,0.46212,0.41623,0.33613,0.15075,2.64,2.34,0,0
419,6.9833,air,rise,254.829,-418.357,27.579,0.000,-20.259,12.600,23.857,20.259,26.629,0.00,0.00,0.00,0.00,0.000,1,,0,0.00,0.00,0.00,256.183,-413.961,27.779,-107.12,-10.23,65.53,4.604,0.009,-0.02,1.00,1,0,1,0,0,0,-10.23,-20.87,-7.00,0.2415,0.1092,0.3956,1,4.604,0,0.394,0,air_fall,releaseTuck,1.000,3,-0.081 -0.377 -0.530 -0.093 0.133 -0.621 -0.126 0.297 0.151 0.096,256.21,-413.63,27.57,-10.23,-107.47,97.80,-1,-1,-1,-1,-0.448,-0.193 -0.647 0.333 0.157,-1.0,1,-1.000,-1.000,0.4953,0.00,,-1.000,0.0,0.0,0.0,,,140.9,144.8,-157.9,,0.000,0.0,11.5,-1.00,-1.0,0.0,0,1544,-1.0,105.8,-1.0,0.0,0.00,5.00,-1,0,0.000,0,0.00,49.96,0,0,1,0.0,2,0.00,0.000,0.00,0.00,0.849,0.349,0.000,-1.000,-1.000,-1.000,-1.000,None,86.9,-1.0,0,4,0.00,0,0,0,0,0.00,2,0,0.362,0.010,-1,-1,-1,-1,-1,-1,-1,-1,-999,-1,-1,0,-1,-1,-1,35.5,0,0.00,0,1,0.46125,0.40757,0.33014,0.15287,2.64,2.35,0,0
420,7.0000,air,rise,254.829,-418.695,27.784,0.000,-20.259,12.200,23.648,20.259,26.834,0.00,0.00,0.00,0.00,0.000,1,,0,0.00,0.00,0.00,256.152,-414.289,27.984,-106.71,-10.23,65.43,4.604,0.008,-0.02,1.00,1,0,1,0,0,0,-10.23,-21.31,-7.02,0.2457,0.1083,0.3941,1,4.604,0,0.394,0,air_fall,releaseTuck,1.000,3,-0.061 -0.346 -0.525 -0.026 0.137 -0.614 -0.148 0.303 0.142 0.087,256.18,-413.96,27.78,-10.23,-107.12,97.69,-1,-1,-1,-1,-0.423,-0.137 -0.643 0.350 0.159,-1.0,1,-1.000,-1.000,0.4950,0.00,,-1.000,0.0,0.0,0.0,,,136.6,139.5,-157.9,,0.000,0.0,11.5,-1.00,-1.0,0.0,0,1532,-1.0,106.1,-1.0,0.0,0.00,5.00,-1,0,0.000,0,0.00,48.63,0,0,1,0.0,2,0.00,0.000,0.00,0.00,0.901,0.356,0.000,-1.000,-1.000,-1.000,-1.000,None,81.0,-1.0,0,4,0.00,0,0,0,0,0.00,2,0,0.332,0.009,-1,-1,-1,-1,-1,-1,-1,-1,-999,-1,-1,0,-1,-1,-1,35.5,0,0.00,0,1,0.46162,0.39917,0.32359,0.15486,2.63,2.36,0,0
421,7.0167,air,rise,254.829,-419.032,27.983,0.000,-20.259,11.800,23.445,20.259,27.033,0.00,0.00,0.00,0.00,0.000,1,,0,0.00,0.00,0.00,256.116,-414.616,28.183,-106.25,-10.23,65.32,4.604,0.007,-0.02,1.00,1,0,1,0,0,0,-10.23,-21.75,-7.03,0.2513,0.1059,0.3919,1,4.604,0,0.394,0,air_fall,releaseTuck,1.000,3,-0.031 -0.304 -0.498 0.040 0.156 -0.603 -0.168 0.318 0.143 0.085,256.15,-414.29,27.98,-10.23,-106.71,97.58,-1,-1,-1,-1,-0.389,-0.084 -0.634 0.377 0.170,-1.0,1,-1.000,-1.000,0.4959,0.00,,-1.000,0.0,0.0,0.0,,,131.4,133.3,-158.6,,0.000,0.0,11.5,-1.00,-1.0,0.0,0,1521,-1.0,106.5,-1.0,0.0,0.00,5.00,-1,0,0.000,0,0.00,48.63,0,0,1,0.0,2,0.00,0.000,0.00,0.00,0.978,0.375,0.000,-1.000,-1.000,-1.000,-1.000,None,74.1,-1.0,0,4,0.00,0,0,0,0,0.00,2,0,0.302,0.008,-1,-1,-1,-1,-1,-1,-1,-1,-999,-1,-1,0,-1,-1,-1,35.5,0,0.00,0,1,0.46370,0.39145,0.31650,0.15668,2.62,2.37,0,0
422,7.0333,air,rise,254.829,-419.370,28.174,0.000,-20.259,11.400,23.246,20.259,27.224,0.00,0.00,0.00,0.00,0.000,1,,0,0.00,0.00,0.00,256.078,-414.943,28.374,-105.75,-10.22,65.22,4.604,0.006,-0.02,1.00,1,0,1,0,0,0,-10.22,-22.17,-7.05,0.2582,0.1025,0.3888,1,4.604,0,0.394,0,air_fall,fall,1.000,3,0.007 -0.251 -0.453 0.103 0.190 -0.587 -0.183 0.343 0.158 0.090,256.12,-414.62,28.18,-10.23,-106.25,97.47,-1,-1,-1,-1,-0.342,-0.034 -0.622 0.412 0.186,-1.0,1,-1.000,-1.000,0.4978,0.00,,-1.000,0.0,0.0,0.0,,,125.4,126.3,-160.0,,0.000,0.0,11.5,-1.00,-1.0,0.0,0,1512,-1.0,107.0,-1.0,0.0,0.00,5.00,-1,0,0.000,0,0.00,48.63,0,0,1,0.0,2,0.00,0.000,0.00,0.00,1.065,0.402,0.000,-1.000,-1.000,-1.000,-1.000,None,66.3,-1.0,0,4,0.00,0,0,0,0,0.00,2,0,0.274,0.007,-1,-1,-1,-1,-1,-1,-1,-1,-999,-1,-1,0,-1,-1,-1,35.5,0,0.00,0,1,0.46719,0.38440,0.30894,0.15834,2.62,2.39,0,0
423,7.0500,air,rise,254.829,-419.708,28.359,0.000,-20.259,11.000,23.052,20.259,27.409,0.00,0.00,0.00,0.00,0.000,1,,0,0.00,0.00,0.00,256.037,-415.269,28.559,-105.22,-10.21,65.11,4.604,0.005,-0.02,1.00,1,0,1,0,0,0,-10.21,-22.59,-7.07,0.2649,0.0979,0.3850,1,4.604,0,0.394,0,air_fall,fall,1.000,3,0.049 -0.185 -0.395 0.163 0.238 -0.564 -0.193 0.372 0.182 0.100,256.08,-414.94,28.37,-10.22,-105.75,97.35,-1,-1,-1,-1,-0.282,0.015 -0.602 0.451 0.207,-1.0,1,-1.000,-1.000,0.5009,0.00,,-1.000,0.0,0.0,0.0,,,118.4,118.8,-162.4,,0.000,0.0,11.5,-1.00,-1.0,0.0,0,1505,-1.0,107.4,-1.0,0.0,0.00,5.00,-1,0,0.000,0,0.00,48.63,0,0,1,0.0,2,0.00,0.000,0.00,0.00,1.147,0.434,0.000,-1.000,-1.000,-1.000,-1.000,None,57.7,-1.0,0,4,0.00,0,0,0,0,0.00,2,0,0.248,0.007,-1,-1,-1,-1,-1,-1,-1,-1,-999,-1,-1,0,-1,-1,-1,35.5,0,0.00,0,1,0.47161,0.37783,0.30097,0.15985,2.61,2.41,0,0
424,7.0667,air,rise,254.829,-420.045,28.538,0.000,-20.259,10.600,22.864,20.259,27.588,0.00,0.00,0.00,0.00,0.000,1,,0,0.00,0.00,0.00,255.994,-415.595,28.738,-104.67,-10.20,65.00,4.604,0.005,-0.02,1.00,1,0,1,0,0,0,-10.20,-23.00,-7.08,0.2701,0.0983,0.3810,1,4.604,0,0.394,0,air_fall,fall,1.000,3,0.090 -0.111 -0.330 0.220 0.296 -0.532 -0.200 0.402 0.211 0.113,256.04,-415.27,28.56,-10.21,-105.22,97.23,-1,-1,-1,-1,-0.211,0.063 -0.573 0.488 0.228,-1.0,1,-1.000,-1.000,0.5018,0.00,,-1.000,0.0,0.0,0.0,,,110.9,110.9,-166.2,,0.000,0.0,11.5,-1.00,-1.0,0.0,0,1501,-1.0,108.0,-1.0,0.0,0.00,5.00,-1,0,0.000,0,0.00,48.63,0,0,1,0.0,2,0.00,0.000,0.00,0.00,1.214,0.469,0.000,-1.000,-1.000,-1.000,-1.000,None,48.8,-1.0,0,4,0.00,0,0,0,0,0.00,2,0,0.223,0.006,-1,-1,-1,-1,-1,-1,-1,-1,-999,-1,-1,0,-1,-1,-1,35.5,0,0.00,0,1,0.47639,0.37151,0.29265,0.16121,2.60,2.42,0,0
425,7.0833,air,rise,254.829,-420.383,28.709,0.000,-20.259,10.200,22.681,20.259,27.759,0.00,0.00,0.00,0.00,0.000,1,,0,0.00,0.00,0.00,255.951,-415.922,28.909,-104.11,-10.19,64.89,4.604,0.004,-0.02,1.00,1,0,1,0,0,0,-10.19,-23.40,-7.10,0.2720,0.0997,0.3772,1,4.604,0,0.394,0,air_fall,fall,1.000,3,0.127 -0.031 -0.318 0.270 0.359 -0.491 -0.208 0.426 0.239 0.125,255.99,-415.60,28.74,-10.20,-104.67,97.11,-1,-1,-1,-1,-0.133,0.111 -0.533 0.518 0.247,-1.0,1,-1.000,-1.000,0.5025,0.00,,-1.000,0.0,0.0,0.0,,,102.9,102.9,-173.7,,0.000,0.0,11.5,-1.00,-1.0,0.0,0,1500,-1.0,108.5,-1.0,0.0,0.00,5.00,-1,0,0.000,0,0.00,48.63,0,0,1,0.0,2,0.00,0.000,0.00,0.00,1.230,0.502,0.000,-1.000,-1.000,-1.000,-1.000,None,39.7,-1.0,0,4,0.00,0,0,0,0,0.00,2,0,0.199,0.005,-1,-1,-1,-1,-1,-1,-1,-1,-999,-1,-1,0,-1,-1,-1,35.5,0,0.00,0,1,0.47665,0.36519,0.28405,0.16242,2.61,2.44,0,0
426,7.1000,air,rise,254.829,-420.721,28.874,0.000,-20.259,9.800,22.504,20.259,27.924,0.00,0.00,0.00,0.00,0.000,1,,0,0.00,0.00,0.00,255.907,-416.249,29.074,-103.55,-10.18,64.78,4.604,0.003,-0.02,1.00,1,0,1,0,0,0,-10.18,-23.79,-7.12,0.2693,0.1013,0.3733,1,4.604,0,0.394,0,air_fall,fall,1.000,3,0.154 0.048 -0.313 0.316 0.421 -0.441 -0.221 0.442 0.260 0.133,255.95,-415.92,28.91,-10.19,-104.11,96.99,-1,-1,-1,-1,-0.053,0.158 -0.484 0.537 0.261,-1.0,1,-1.000,-1.000,0.5030,0.00,,-1.000,0.0,0.0,0.0,,,95.1,95.1,162.5,,0.000,0.0,11.5,-1.00,-1.0,0.0,0,1500,-1.0,109.0,-1.0,0.0,0.00,5.00,-1,0,0.000,0,0.00,47.54,0,0,1,0.0,2,0.00,0.000,0.00,0.00,1.233,0.531,0.000,-1.000,-1.000,-1.000,-1.000,None,31.0,-1.0,0,4,0.00,0,0,0,0,0.00,2,0,0.177,0.005,-1,-1,-1,-1,-1,-1,-1,-1,-999,-1,-1,0,-1,-1,-1,35.5,0,0.00,0,1,0.47643,0.35901,0.27520,0.16350,2.61,2.46,0,0
427,7.1167,air,rise,254.829,-421.058,29.033,0.000,-20.259,9.400,22.333,20.259,28.083,0.00,0.00,0.00,0.00,0.000,1,,0,0.00,0.00,0.00,255.862,-416.576,29.235,-102.98,-10.19,64.66,4.604,0.003,-0.02,1.00,1,0,1,0,0,0,-10.19,-24.17,-7.13,0.2622,0.1064,0.3698,1,4.604,0,0.394,0,air_fall,fall,1.000,3,0.170 0.123 -0.315 0.358 0.475 -0.385 -0.238 0.447 0.273 0.137,255.91,-416.25,29.07,-10.18,-103.55,96.87,-1,-1,-1,-1,0.023,0.201 -0.429 0.545 0.270,-1.0,1,-1.000,-1.000,0.5050,0.00,,-1.000,0.0,0.0,0.0,,,87.7,87.7,59.5,,0.000,0.0,11.5,-1.00,-1.0,0.0,0,1500,-1.0,109.6,-1.0,0.0,0.00,5.00,-1,0,0.000,0,0.00,47.54,0,0,1,0.0,2,0.00,0.000,0.00,0.00,1.229,0.556,0.000,-1.000,-1.000,-1.000,-1.000,None,22.9,-1.0,0,4,0.00,0,0,0,0,0.00,2,0,0.157,0.004,-1,-1,-1,-1,-1,-1,-1,-1,-999,-1,-1,0,-1,-1,-1,35.5,0,0.00,0,1,0.47570,0.35329,0.26610,0.16399,2.61,2.48,0,0
428,7.1333,air,rise,254.829,-421.396,29.184,0.000,-20.259,9.000,22.168,20.259,28.234,0.00,0.00,0.00,0.00,0.000,1,,0,0.00,0.00,0.00,255.819,-416.904,29.394,-102.43,-10.26,64.55,4.605,0.003,-0.02,1.00,1,0,1,0,0,0,-10.26,-24.54,-7.15,0.2516,0.1128,0.3668,1,4.605,0,0.394,0,air_fall,fall,1.000,3,0.175 0.186 -0.325 0.390 0.518 -0.330 -0.261 0.441 0.279 0.136,255.86,-416.58,29.24,-10.19,-102.98,96.75,-1,-1,-1,-1,0.089,0.235 -0.373 0.543 0.273,-1.0,1,-1.000,-1.000,0.5069,0.00,,-1.000,0.0,0.0,0.0,,,81.3,81.3,30.4,,0.000,0.0,11.5,-1.00,-1.0,0.0,0,1500,-1.0,110.1,-1.0,0.0,0.00,5.00,-1,0,0.000,0,0.00,47.54,0,0,1,0.0,2,0.00,0.000,0.00,0.00,1.221,0.575,0.000,-1.000,-1.000,-1.000,-1.000,None,16.0,-1.0,0,4,0.00,0,0,0,0,0.00,2,0,0.138,0.004,-1,-1,-1,-1,-1,-1,-1,-1,-999,-1,-1,0,-1,-1,-1,35.5,0,0.00,0,1,0.47442,0.34857,0.25674,0.16358,2.62,2.51,0,0
429,7.1500,air,rise,254.829,-421.734,29.329,0.000,-20.259,8.600,22.008,20.259,28.379,0.00,0.00,0.00,0.00,0.000,1,,0,0.00,0.00,0.00,255.776,-417.232,29.549,-101.88,-10.37,64.44,4.605,0.002,-0.02,1.00,1,0,1,0,0,0,-10.37,-24.90,-7.17,0.2390,0.1207,0.3649,1,4.605,0,0.394,0,air_fall,fall,1.000,3,0.169 0.234 -0.341 0.412 0.547 -0.279 -0.287 0.426 0.279 0.130,255.82,-416.90,29.39,-10.26,-102.43,96.62,-1,-1,-1,-1,0.139,0.257 -0.322 0.531 0.272,-1.0,1,-1.000,-1.000,0.5066,0.00,,-1.000,0.0,0.0,0.0,,,76.2,76.2,21.3,,0.000,0.0,11.5,-1.00,-1.0,0.0,0,1500,-1.0,110.7,-1.0,0.0,0.00,5.00,-1,0,0.000,0,0.00,47.54,0,0,1,0.0,2,0.00,0.000,0.00,0.00,1.214,0.586,0.000,-1.000,-1.000,-1.000,-1.000,None,10.6,-1.0,0,4,0.00,0,0,0,0,0.00,2,0,0.121,0.004,-1,-1,-1,-1,-1,-1,-1,-1,-999,-1,-1,0,-1,-1,-1,35.5,0,0.00,0,1,0.47271,0.34527,0.24717,0.16246,2.62,2.53,0,0
430,7.1667,air,rise,254.829,-422.071,29.468,0.000,-20.259,8.200,21.855,20.259,28.518,0.00,0.00,0.00,0.00,0.000,1,,0,0.00,0.00,0.00,255.734,-417.561,29.700,-101.35,-10.50,64.32,4.606,0.002,-0.02,1.00,1,0,1,0,0,0,-10.50,-25.26,-7.18,0.2273,0.1270,0.3643,1,4.606,0,0.394,0,air_fall,fall,1.000,3,0.156 0.262 -0.361 0.416 0.561 -0.240 -0.315 0.406 0.274 0.125,255.78,-417.23,29.55,-10.37,-101.88,96.50,-1,-1,-1,-1,0.167,0.259 -0.282 0.514 0.271,-1.0,1,-1.000,-1.000,0.5055,0.00,,-1.000,0.0,0.0,0.0,,,73.4,73.4,15.8,,0.000,0.0,11.5,-1.00,-1.0,0.0,0,1500,-1.0,111.2,-1.0,0.0,0.00,5.00,-1,0,0.000,0,0.00,47.54,0,0,1,0.0,2,0.00,0.000,0.00,0.00,1.213,0.590,0.000,-1.000,-1.000,-1.000,-1.000,None,7.1,-1.0,0,4,0.00,0,0,0,0,0.00,2,0,0.105,0.003,-1,-1,-1,-1,-1,-1,-1,-1,-999,-1,-1,0,-1,-1,-1,35.5,0,0.00,0,1,0.47076,0.34458,0.23742,0.16079,2.62,2.56,0,0
431,7.1833,air,rise,254.829,-422.409,29.599,0.000,-20.259,7.800,21.708,20.259,28.649,0.00,0.00,0.00,0.00,0.000,1,,0,0.00,0.00,0.00,255.693,-417.891,29.846,-100.83,-10.66,64.21,4.607,0.002,-0.02,1.00,1,0,1,0,0,0,-10.66,-25.60,-7.20,0.2160,0.1324,0.3646,1,4.607,0,0.394,0,air_fall,fall,1.000,3,0.140 0.277 -0.382 0.408 0.569 -0.209 -0.344 0.382 0.266 0.121,255.73,-417.56,29.70,-10.50,-101.35,96.37,-1,-1,-1,-1,0.181,0.250 -0.250 0.493 0.272,-1.0,1,-1.000,-1.000,0.5040,0.00,,-1.000,0.0,0.0,0.0,,,72.0,71.9,11.4,,0.000,0.0,11.5,-1.00,-1.0,0.0,0,1500,-1.0,111.8,-1.0,0.0,0.00,5.00,-1,0,0.000,0,0.00,47.54,0,0,1,0.0,2,0.00,0.000,0.00,0.00,1.216,0.590,0.000,-1.000,-1.000,-1.000,-1.000,None,4.7,-1.0,0,4,0.00,0,0,0,0,0.00,2,0,0.090,0.003,-1,-1,-1,-1,-1,-1,-1,-1,-999,-1,-1,0,-1,-1,-1,35.5,0,0.00,0,1,0.46881,0.34551,0.22754,0.15873,2.62,2.59,0,0
432,7.2000,air,rise,254.829,-422.746,29.724,0.000,-20.259,7.400,21.568,20.259,28.774,0.00,0.00,0.00,0.00,0.000,1,,0,0.00,0.00,0.00,255.654,-418.221,29.987,-100.33,-10.82,64.10,4.607,0.001,-0.01,1.00,1,0,1,0,0,0,-10.82,-25.94,-7.22,0.2037,0.1379,0.3650,1,4.607,0,0.394,0,air_fall,fall,1.000,3,0.124 0.291 -0.402 0.401 0.575 -0.177 -0.374 0.357 0.257 0.119,255.69,-417.89,29.85,-10.66,-100.83,96.25,-1,-1,-1,-1,0.193,0.240 -0.216 0.470 0.274,-1.0,1,-1.000,-1.000,0.5025,0.00,,-1.000,0.0,0.0,0.0,,,70.7,70.6,7.5,,0.000,0.0,11.5,-1.00,-1.0,0.0,0,1500,-1.0,112.3,-1.0,0.0,0.00,5.00,-1,0,0.000,0,0.00,46.69,0,0,1,0.0,2,0.00,0.000,0.00,0.00,1.218,0.590,0.000,-1.000,-1.000,-1.000,-1.000,None,2.6,-1.0,0,4,0.00,0,0,0,0,0.00,2,0,0.078,0.003,-1,-1,-1,-1,-1,-1,-1,-1,-999,-1,-1,0,-1,-1,-1,35.5,0,0.00,0,1,0.46689,0.34652,0.21755,0.15637,2.62,2.61,0,0
433,7.2167,air,rise,254.829,-423.084,29.843,0.000,-20.259,7.000,21.434,20.259,28.893,0.00,0.00,0.00,0.00,0.000,1,,0,0.00,0.00,0.00,255.616,-418.552,30.121,-99.86,-10.99,63.98,4.608,0.001,-0.01,1.00,1,0,1,0,0,0,-10.99,-26.26,-7.23,0.1903,0.1431,0.3657,1,4.608,0,0.394,0,air_fall,fall,1.000,3,0.107 0.303 -0.422 0.393 0.580 -0.143 -0.403 0.329 0.247 0.116,255.65,-418.22,29.99,-10.82,-100.33,96.12,-1,-1,-1,-1,0.205,0.230 -0.182 0.444 0.276,-1.0,1,-1.000,-1.000,0.5010,0.00,,-1.000,0.0,0.0,0.0,,,69.5,69.5,3.7,,0.000,0.0,11.5,-1.00,-1.0,0.0,0,1500,-1.0,112.8,-1.0,0.0,0.00,5.00,-1,0,0.000,0,0.00,46.69,0,0,1,0.0,2,0.00,0.000,0.00,0.00,1.219,0.590,0.000,-1.000,-1.000,-1.000,-1.000,None,1.9,-1.0,0,4,0.00,0,0,0,0,0.00,2,0,0.066,0.002,-1,-1,-1,-1,-1,-1,-1,-1,-999,-1,-1,0,-1,-1,-1,35.5,0,0.00,0,1,0.46500,0.34752,0.20746,0.15379,2.62,2.64,0,0
434,7.2333,air,rise,254.829,-423.422,29.954,0.000,-20.259,6.600,21.307,20.259,29.004,0.00,0.00,0.00,0.00,0.000,1,,0,0.00,0.00,0.00,255.580,-418.884,30.249,-99.40,-11.16,63.87,4.609,0.001,-0.01,1.00,1,0,1,0,0,0,-11.16,-26.58,-7.25,0.1758,0.1481,0.3666,1,4.609,0,0.394,0,air_fall,fall,1.000,3,0.089 0.314 -0.441 0.386 0.583 -0.109 -0.430 0.298 0.237 0.114,255.62,-418.55,30.12,-10.99,-99.86,96.00,-1,-1,-1,-1,0.215,0.221 -0.146 0.416 0.278,-1.0,1,-1.000,-1.000,0.4995,0.00,,-1.000,0.0,0.0,0.0,,,68.5,68.5,0.2,,0.000,0.0,11.5,-1.00,-1.0,0.0,0,1500,-1.0,113.3,-1.0,0.0,0.00,5.00,-1,0,0.000,0,0.00,46.69,0,0,1,0.0,2,0.00,0.000,0.00,0.00,1.220,0.590,0.000,-1.000,-1.000,-1.000,-1.000,None,3.5,-1.0,0,4,0.00,0,0,0,0,0.00,2,0,0.056,0.002,-1,-1,-1,-1,-1,-1,-1,-1,-999,-1,-1,0,-1,-1,-1,35.5,0,0.00,0,1,0.46312,0.34849,0.19730,0.15101,2.61,2.67,0,0
435,7.2500,air,rise,254.829,-423.759,30.059,0.000,-20.259,6.200,21.186,20.259,29.109,0.00,0.00,0.00,0.00,0.000,1,,0,0.00,0.00,0.00,255.546,-419.216,30.370,-98.97,-11.33,63.76,4.610,0.001,-0.01,1.00,1,0,1,0,0,0,-11.33,-26.89,-7.27,0.1604,0.1528,0.3678,1,4.610,0,0.395,0,air_fall,fall,1.000,3,0.071 0.324 -0.461 0.380 0.584 -0.074 -0.456 0.265 0.227 0.110,255.58,-418.88,30.25,-11.16,-99.40,95.87,-1,-1,-1,-1,0.224,0.213 -0.110 0.384 0.278,-1.0,1,-1.000,-1.000,0.4981,0.00,,-1.000,0.0,0.0,0.0,,,67.5,67.5,-3.3,,0.000,0.0,11.5,-1.00,-1.0,0.0,0,1500,-1.0,113.7,-1.0,0.0,0.00,5.00,-1,0,0.000,0,0.00,46.69,0,0,1,0.0,2,0.00,0.000,0.00,0.00,1.220,0.590,0.000,-1.000,-1.000,-1.000,-1.000,None,5.6,-1.0,0,4,0.00,0,0,0,0,0.00,2,0,0.047,0.002,-1,-1,-1,-1,-1,-1,-1,-1,-999,-1,-1,0,-1,-1,-1,35.5,0,0.00,0,1,0.46126,0.34938,0.18706,0.14805,2.61,2.71,0,0
436,7.2667,air,rise,254.829,-424.097,30.158,0.000,-20.259,5.800,21.072,20.259,29.208,0.00,0.00,0.00,0.00,0.000,1,,0,0.00,0.00,0.00,255.514,-419.548,30.485,-98.56,-11.50,63.65,4.612,0.001,-0.01,1.00,1,0,1,0,0,0,-11.50,-27.18,-7.28,0.1442,0.1569,0.3693,1,4.612,0,0.395,0,air_fall,fall,1.000,3,0.053 0.334 -0.479 0.374 0.584 -0.039 -0.479 0.229 0.218 0.107,255.55,-419.22,30.37,-11.33,-98.97,95.75,-1,-1,-1,-1,0.232,0.206 -0.073 0.351 0.279,-1.0,1,-1.000,-1.000,0.4969,0.00,,-1.000,0.0,0.0,0.0,,,66.6,66.6,-6.7,,0.000,0.0,11.5,-1.00,-1.0,0.0,0,1500,-1.0,114.2,-1.0,0.0,0.00,5.00,-1,0,0.000,0,0.00,46.69,0,0,1,0.0,2,0.00,0.000,0.00,0.00,1.221,0.589,0.000,-1.000,-1.000,-1.000,-1.000,None,7.9,-1.0,0,4,0.00,0,0,0,0,0.00,2,0,0.039,0.002,-1,-1,-1,-1,-1,-1,-1,-1,-999,-1,-1,0,-1,-1,-1,35.5,0,0.00,0,1,0.45940,0.35019,0.17676,0.14492,2.61,2.74,0,0
437,7.2833,air,rise,254.829,-424.435,30.249,0.000,-20.259,5.400,20.966,20.259,29.299,0.00,0.00,0.00,0.00,0.000,1,,0,0.00,0.00,0.00,255.483,-419.881,30.593,-98.18,-11.67,63.54,4.613,0.001,-0.01,1.00,1,0,1,0,0,0,-11.67,-27.47,-7.30,0.1277,0.1602,0.3711,1,4.613,0,0.395,0,air_fall,fall,1.000,3,0.034 0.342 -0.498 0.370 0.581 -0.004 -0.498 0.191 0.210 0.101,255.51,-419.55,30.48,-11.50,-98.56,95.62,-1,-1,-1,-1,0.240,0.200 -0.037 0.316 0.277,-1.0,1,-1.000,-1.000,0.4958,0.00,,-1.000,0.0,0.0,0.0,,,65.8,65.7,-10.0,,0.000,0.0,11.5,-1.00,-1.0,0.0,0,1500,-1.0,114.6,-1.0,0.0,0.00,5.00,-1,0,0.000,0,0.00,46.69,0,0,1,0.0,2,0.00,0.000,0.00,0.00,1.222,0.589,0.000,-1.000,-1.000,-1.000,-1.000,None,10.2,-1.0,0,4,0.00,0,0,0,0,0.00,2,0,0.032,0.002,-1,-1,-1,-1,-1,-1,-1,-1,-999,-1,-1,0,-1,-1,-1,35.5,0,0.00,0,1,0.45754,0.35087,0.16638,0.14163,2.61,2.77,0,0
438,7.3000,air,rise,254.829,-424.772,30.334,0.000,-20.259,5.000,20.866,20.259,29.384,0.00,0.00,0.00,0.00,0.000,1,,0,0.00,0.00,0.00,255.454,-420.215,30.695,-97.81,-11.84,63.43,4.614,0.001,-0.01,1.00,1,0,1,0,0,0,-11.84,-27.75,-7.32,0.1109,0.1628,0.3731,1,4.614,0,0.396,0,air_fall,fall,1.000,3,0.014 0.350 -0.516 0.366 0.578 0.029 -0.513 0.152 0.202 0.097,255.48,-419.88,30.59,-11.67,-98.18,95.50,-1,-1,-1,-1,0.247,0.195 -0.003 0.280 0.277,-1.0,1,-1.000,-1.000,0.4949,0.00,,-1.000,0.0,0.0,0.0,,,65.0,64.9,-13.3,,0.000,0.0,11.5,-1.00,-1.0,0.0,0,1500,-1.0,115.0,-1.0,0.0,0.00,5.00,-1,0,0.000,0,0.00,46.08,0,0,1,0.0,2,0.00,0.000,0.00,0.00,1.224,0.588,0.000,-1.000,-1.000,-1.000,-1.000,None,12.6,-1.0,0,4,0.00,0,0,0,0,0.00,2,0,0.026,0.001,-1,-1,-1,-1,-1,-1,-1,-1,-999,-1,-1,0,-1,-1,-1,35.5,0,0.00,0,1,0.45568,0.35144,0.15594,0.13816,2.61,2.80,0,0
439,7.3167,swing,swingLow,254.989,-424.799,30.363,19.145,-3.255,3.420,19.719,19.420,29.413,234.00,-443.19,36.27,28.44,0.030,2,,0,0.00,0.00,0.00,255.442,-420.505,30.782,-96.03,-12.89,63.32,4.338,0.001,-0.01,1.00,1,0,1,0,0,0,-12.89,-28.00,-7.33,0.1582,0.1881,0.3678,1,4.338,0,0.396,0,air_fall,fall,1.000,3,0.054 0.455 -0.437 0.566 0.585 0.062 -0.585 -0.010 0.105 -0.132,255.45,-420.22,30.69,-11.84,-97.81,95.38,-1,-1,-1,-1,0.363,0.391 0.044 0.122 0.073,51.3,1,-1.000,-1.000,0.4918,0.00,,-1.000,0.0,0.0,0.0,,,51.6,12.8,-51.1,,0.000,0.0,11.5,-1.00,-1.0,0.0,0,1500,-1.0,115.4,-1.0,0.0,0.00,5.00,-1,0,0.000,0,0.00,46.08,0,0,1,0.0,2,0.00,0.000,0.00,0.00,1.226,0.587,0.000,-1.000,-1.000,-1.000,-1.000,None,75.7,-1.0,0,4,0.00,0,0,0,0,0.00,2,0,0.021,0.001,-1,-1,-1,-1,-1,-1,-1,-1,-999,-1,-1,0,-1,-1,-1,35.5,0,0.00,0,1,0.46049,0.31336,0.12367,0.11570,2.81,2.91,0,0
440,7.3333,swing,swingLow,255.293,-424.858,30.414,17.936,-3.717,3.013,18.564,18.317,29.464,234.00,-443.19,36.27,28.44,0.076,2,,0,0.00,0.00,0.00,255.467,-420.749,30.856,-92.44,-13.48,63.21,4.136,0.000,-0.01,1.00,1,0,1,0,0,0,-13.48,-28.19,-7.35,0.1649,0.2085,0.3781,1,4.136,0,0.395,0,swing,fall,1.000,3,0.029 0.448 -0.418 0.479 0.569 0.154 -0.654 -0.093 -0.004 -0.089,255.44,-420.51,30.78,-12.89,-96.03,95.26,-1,-1,-1,-1,0.348,0.281 0.152 0.029 0.126,51.6,1,-1.000,-1.000,0.4891,0.02,,-1.000,0.0,0.0,0.0,,,53.4,16.7,-52.7,,0.000,0.0,11.5,-1.00,-1.0,0.0,0,1500,-1.0,117.2,-1.0,0.0,0.00,5.00,-1,0,0.000,0,0.00,46.08,0,0,1,0.0,2,0.00,0.000,0.08,0.00,1.228,0.586,0.000,-1.000,-1.000,-1.000,-1.000,None,74.1,-1.0,0,4,0.00,0,0,0,0,0.00,2,0,0.000,0.001,-1,-1,-1,-1,-1,-1,-1,-1,-999,-1,-1,0,-1,-1,-1,35.5,0,0.00,0,1,0.46133,0.32553,0.06265,0.09418,2.89,3.11,0,0
441,7.3500,swing,swingLow,255.581,-424.925,30.460,17.275,-4.197,2.626,17.971,17.778,29.510,234.00,-443.19,36.27,28.44,0.110,2,,0,0.00,0.00,0.00,255.539,-420.950,30.919,-89.46,-14.00,63.09,4.002,0.000,-0.01,1.00,1,0,1,0,0,0,-14.00,-28.34,-7.37,0.1833,0.2036,0.3859,1,4.002,0,0.394,0,swing,fall,1.000,3,-0.014 0.434 -0.441 0.305 0.537 0.205 -0.628 -0.228 -0.069 -0.085,255.47,-420.75,30.86,-13.48,-92.44,95.13,-1,-1,-1,-1,0.327,0.087 0.206 -0.107 0.130,49.6,1,-1.000,-1.000,0.4959,0.02,,-1.000,0.0,0.0,0.0,,,55.9,17.8,-55.3,,0.000,0.0,11.5,-1.00,-1.0,0.0,0,1500,-1.0,120.7,-1.0,0.0,0.00,5.00,-1,0,0.000,0,0.00,46.08,0,0,1,0.0,2,0.00,0.000,0.17,0.00,1.278,0.388,0.000,-1.000,-1.000,-1.000,-1.000,None,74.9,-1.0,0,4,0.00,0,0,0,0,0.00,2,0,0.000,0.001,-1,-1,-1,-1,-1,-1,-1,-1,-999,-1,-1,0,-1,-1,-1,35.5,0,0.00,0,1,0.45849,0.35434,0.00390,0.07359,2.93,3.31,0,0
442,7.3667,swing,swingLow,255.868,-425.001,30.499,17.111,-4.750,2.265,17.901,17.758,29.549,234.00,-443.19,36.27,28.44,0.136,2,,0,0.00,0.00,0.00,255.653,-421.116,30.975,-87.16,-14.44,62.98,3.920,0.000,-0.01,1.00,1,0,1,0,0,0,-14.44,-28.46,-7.38,0.2345,0.1867,0.3971,1,3.920,0,0.393,0,swing,fall,1.000,3,-0.095 0.413 -0.530 0.274 0.464 0.333 -0.539 -0.366 -0.097 -0.118,255.54,-420.95,30.92,-14.00,-89.46,95.01,-1,-1,-1,-1,0.300,0.058 0.335 -0.235 0.097,43.5,1,-1.000,-1.000,0.4993,0.02,,-1.000,0.0,0.0,0.0,,,59.2,12.3,-59.0,,0.000,0.0,11.5,-1.00,-1.0,0.0,0,1500,-1.0,123.6,-1.0,0.0,0.00,5.00,-1,0,0.000,0,0.00,46.08,0,0,1,0.0,2,0.00,0.000,0.25,0.00,1.327,0.356,0.000,-1.000,-1.000,-1.000,-1.000,None,79.9,-1.0,0,4,0.00,0,0,0,0,0.00,2,0,0.000,0.001,-1,-1,-1,-1,-1,-1,-1,-1,-999,-1,-1,0,-1,-1,-1,35.5,0,0.00,0,1,0.44959,0.35748,-0.04937,0.05503,3.01,3.51,0,0
443,7.3833,swing,swingLow,256.151,-425.086,30.532,16.946,-5.245,1.903,17.841,17.739,29.582,234.00,-443.19,36.27,28.44,0.157,2,,0,0.00,0.00,0.00,255.798,-421.256,31.024,-85.59,-14.82,62.86,3.878,0.000,-0.01,1.00,1,0,1,0,0,0,-14.82,-28.56,-7.40,0.2978,0.1601,0.3971,1,3.878,0,0.392,0,swing,fall,1.000,3,-0.181 0.387 -0.608 0.249 0.357 0.438 -0.409 -0.478 -0.093 -0.170,255.65,-421.12,30.97,-14.44,-87.16,94.88,-1,-1,-1,-1,0.271,0.038 0.440 -0.334 0.045,36.4,1,-1.000,-1.000,0.5026,0.02,,-1.000,0.0,0.0,0.0,,,62.4,2.4,-62.4,,0.000,0.0,11.5,-1.00,-1.0,0.0,0,1500,-1.0,125.8,-1.0,0.0,0.00,5.00,-1,0,0.000,0,0.00,46.08,0,0,1,0.0,2,0.00,0.000,0.33,0.00,1.382,0.342,0.000,-1.000,-1.000,-1.000,-1.000,None,86.1,-1.0,0,4,0.00,0,0,0,0,0.00,2,0,0.000,0.001,-1,-1,-1,-1,-1,-1,-1,-1,-999,-1,-1,0,-1,-1,-1,35.5,0,0.00,0,1,0.44344,0.36073,-0.09316,0.03944,3.06,3.67,0,0
444,7.4000,swing,swingLow,256.432,-425.178,30.559,16.785,-5.690,1.540,17.790,17.723,29.609,234.00,-443.19,36.27,28.44,0.174,2,,0,0.00,0.00,0.00,255.967,-421.379,31.066,-84.65,-15.16,62.74,3.861,0.000,-0.01,1.00,1,0,1,0,0,0,-15.16,-28.64,-7.42,0.3434,0.1517,0.3958,1,3.861,0,0.390,0,swing,fall,1.000,3,-0.264 0.351 -0.675 0.222 0.232 0.515 -0.253 -0.552 -0.065 -0.223,255.80,-421.26,31.02,-14.82,-85.59,94.75,-1,-1,-1,-1,0.237,0.018 0.516 -0.394 -0.007,28.8,1,-1.000,-1.000,0.4949,0.02,,-1.000,0.0,0.0,0.0,,,66.2,-11.7,-66.1,,0.000,0.0,11.5,-1.00,-1.0,0.0,0,1500,-1.0,127.4,-1.0,0.0,0.00,5.00,-1,0,0.000,0,0.00,44.59,0,0,1,0.0,2,0.00,0.000,0.42,0.00,1.418,0.340,0.000,-1.000,-1.000,-1.000,-1.000,None,92.8,-1.0,0,4,0.00,0,0,0,0,0.00,2,0,0.000,0.001,-1,-1,-1,-1,-1,-1,-1,-1,-999,-1,-1,0,-1,-1,-1,35.5,0,0.00,0,1,0.44036,0.36504,-0.12601,0.02709,3.10,3.80,0,0
445,7.4167,swing,swingLow,256.710,-425.278,30.580,16.726,-6.147,1.185,17.859,17.819,29.630,234.00,-443.19,36.27,28.44,0.187,2,,0,0.00,0.00,0.00,256.152,-421.492,31.102,-84.21,-15.46,62.63,3.863,0.000,-0.01,1.00,1,0,1,0,0,0,-15.46,-28.71,-7.43,0.3664,0.1442,0.3939,1,3.863,0,0.389,0,swing,fall,1.000,3,-0.335 0.312 -0.732 0.197 0.113 0.555 -0.091 -0.583 -0.016 -0.267,255.97,-421.38,31.07,-15.16,-84.65,94.61,-1,-1,-1,-1,0.202,-0.000 0.558 -0.415 -0.051,21.4,1,-1.000,-1.000,0.4908,0.02,,-1.000,0.0,0.0,0.0,,,70.0,-28.2,-69.6,,0.000,0.0,11.5,-1.00,-1.0,0.0,0,1500,-1.0,128.3,-1.0,0.0,0.00,5.00,-1,0,0.000,0,0.00,44.59,0,0,1,0.0,2,0.00,0.000,0.50,0.00,1.443,0.319,0.000,-1.000,-1.000,-1.000,-1.000,None,99.2,-1.0,0,4,0.00,0,0,0,0,0.00,2,0,0.000,0.001,-1,-1,-1,-1,-1,-1,-1,-1,-999,-1,-1,0,-1,-1,-1,35.5,0,0.00,0,1,0.44011,0.36979,-0.14865,0.01769,3.12,3.89,0,0
446,7.4333,swing,swingLow,256.990,-425.386,30.595,16.766,-6.627,0.835,18.048,18.029,29.645,234.00,-443.19,36.27,28.44,0.199,2,,0,0.00,0.00,0.00,256.347,-421.599,31.132,-84.12,-15.74,62.51,3.878,0.000,-0.01,1.00,1,0,1,0,0,0,-15.74,-28.78,-7.45,0.3702,0.1562,0.3895,1,3.878,0,0.388,0,swing,fall,1.000,3,-0.393 0.266 -0.777 0.169 0.000 0.575 0.063 -0.574 0.047 -0.291,256.15,-421.49,31.10,-15.46,-84.21,94.48,-1,-1,-1,-1,0.161,-0.021 0.580 -0.398 -0.075,14.7,1,-1.000,-1.000,0.4996,0.02,,-1.000,0.0,0.0,0.0,,,74.1,-44.8,-73.5,,0.000,0.0,11.5,-1.00,-1.0,0.0,0,1500,-1.0,128.7,-1.0,0.0,0.00,5.00,-1,0,0.000,0,0.00,44.59,0,0,1,0.0,2,0.00,0.000,0.58,0.00,1.461,0.285,0.000,-1.000,-1.000,-1.000,-1.000,None,105.0,-1.0,0,4,0.00,0,0,0,0,0.00,2,0,0.000,0.001,-1,-1,-1,-1,-1,-1,-1,-1,-999,-1,-1,0,-1,-1,-1,35.5,0,0.00,0,1,0.44272,0.37575,-0.16343,0.01056,3.14,3.95,0,0
447,7.4500,swing,swingLow,257.270,-425.501,30.604,16.796,-7.109,0.481,18.245,18.239,29.654,234.00,-443.19,36.27,28.44,0.209,2,,0,0.00,0.00,0.00,256.550,-421.706,31.157,-84.29,-15.98,62.39,3.903,0.000,-0.01,1.00,1,0,1,0,0,0,-15.98,-28.84,-7.47,0.3593,0.1716,0.3832,1,3.903,0,0.386,0,swing,fall,1.000,3,-0.437 0.222 -0.810 0.141 -0.098 0.580 0.197 -0.534 0.117 -0.293,256.35,-421.60,31.13,-15.74,-84.12,94.35,-1,-1,-1,-1,0.122,-0.043 0.588 -0.354 -0.079,9.3,1,-1.000,-1.000,0.5126,0.02,,-1.000,0.0,0.0,0.0,,,78.1,-58.7,-77.3,,0.000,0.0,11.5,-1.00,-1.0,0.0,0,1500,-1.0,128.8,-1.0,0.0,0.00,5.00,-1,0,0.000,0,0.00,44.59,0,0,1,0.0,2,0.00,0.000,0.65,0.00,1.473,0.251,0.000,-1.000,-1.000,-1.000,-1.000,None,109.5,-1.0,0,4,0.00,0,0,0,0,0.00,2,0,0.000,0.001,-1,-1,-1,-1,-1,-1,-1,-1,-999,-1,-1,0,-1,-1,-1,35.5,0,0.00,0,1,0.44778,0.38203,-0.17209,0.00514,3.15,3.99,0,0
448,7.4667,swing,swingLow,257.551,-425.625,30.608,16.815,-7.592,0.123,18.450,18.449,29.658,234.00,-443.19,36.27,28.44,0.218,2,,0,0.00,0.00,0.00,256.757,-421.814,31.175,-84.65,-16.21,62.28,3.934,0.000,-0.01,1.00,1,0,1,0,0,0,-16.21,-28.89,-7.48,0.3455,0.1920,0.3788,1,3.934,0,0.385,0,swing,swingLowL,1.000,3,-0.461 0.196 -0.833 0.129 -0.164 0.576 0.286 -0.494 0.170 -0.289,256.55,-421.71,31.16,-15.98,-84.29,94.22,-1,-1,-1,-1,0.101,-0.050 0.588 -0.312 -0.077,6.4,1,-1.000,-1.000,0.5302,0.02,,-1.000,0.0,0.0,0.0,,,80.2,-65.8,-79.4,,0.000,0.0,11.5,-1.00,-1.0,0.0,0,1500,-1.0,128.6,-1.0,0.0,0.00,5.00,-1,0,0.000,0,0.00,44.59,0,0,1,0.0,2,0.00,0.000,0.65,0.00,1.480,0.225,0.000,-1.000,-1.000,-1.000,-1.000,None,112.2,-1.0,0,4,0.00,0,0,0,0,0.00,2,0,0.000,0.000,-1,-1,-1,-1,-1,-1,-1,-1,-999,-1,-1,0,-1,-1,-1,35.5,0,0.00,0,1,0.45499,0.38593,-0.17618,0.00091,3.15,4.01,0,0
449,7.4833,swing,swingLow,257.829,-425.756,30.605,16.628,-7.967,-0.236,18.440,18.438,29.655,234.00,-443.19,36.27,28.44,0.226,2,,0,0.00,0.00,0.00,256.968,-421.926,31.187,-85.16,-16.42,62.16,3.968,0.000,-0.01,1.00,1,0,1,0,0,0,-16.42,-28.94,-7.50,0.3312,0.2060,0.3771,1,3.968,0,0.384,0,swing,swingLowL,1.000,3,-0.480 0.174 -0.850 0.117 -0.205 0.567 0.339 -0.460 0.198 -0.269,256.76,-421.81,31.17,-16.21,-84.65,94.09,-1,-1,-1,-1,0.081,-0.058 0.583 -0.277 -0.056,4.9,1,-1.000,-1.000,0.5457,0.02,,-1.000,0.0,0.0,0.0,,,82.1,-71.4,-81.3,,0.000,0.0,11.5,-1.00,-1.0,0.0,0,1500,-1.0,128.2,-1.0,0.0,0.00,5.00,-1,0,0.000,0,0.00,44.59,0,0,1,0.0,2,0.00,0.000,0.65,0.00,1.484,0.218,0.000,-1.000,-1.000,-1.000,-1.000,None,114.2,-1.0,0,4,0.00,0,0,0,0,0.00,2,0,0.000,0.000,-1,-1,-1,-1,-1,-1,-1,-1,-999,-1,-1,0,-1,-1,-1,35.5,0,0.00,0,1,0.46334,0.38989,-0.17630,-0.00243,3.15,4.01,0,0
450,7.5000,swing,swingLow,258.104,-425.892,30.597,16.441,-8.325,-0.596,18.438,18.428,29.647,234.00,-443.19,36.27,28.44,0.232,2,,0,0.00,0.00,0.00,257.181,-422.042,31.193,-85.80,-16.63,62.05,4.004,0.000,-0.01,1.00,1,0,1,0,0,0,-16.63,-28.98,-7.52,0.3156,0.2183,0.3752,1,4.004,0,0.382,0,swing,swingLowL,1.000,3,-0.494 0.151 -0.863 0.104 -0.240 0.558 0.385 -0.421 0.224 -0.244,256.97,-421.93,31.19,-16.42,-85.16,93.96,-1,-1,-1,-1,0.062,-0.068 0.576 -0.238 -0.030,5.3,1,-1.000,-1.000,0.5611,0.01,,-1.000,0.0,0.0,0.0,,,84.0,-76.5,-83.4,,0.000,0.0,11.5,-1.00,-1.0,0.0,0,1500,-1.0,127.8,-1.0,0.0,0.00,5.00,-1,0,0.000,0,0.00,40.95,0,0,1,0.0,2,0.00,0.000,0.65,0.00,1.485,0.211,0.000,-1.000,-1.000,-1.000,-1.000,None,115.9,-1.0,0,4,0.00,0,0,0,0,0.00,2,0,0.000,0.000,-1,-1,-1,-1,-1,-1,-1,-1,-999,-1,-1,0,-1,-1,-1,35.5,0,0.00,0,1,0.47248,0.39427,-0.17350,-0.00522,3.14,4.01,0,0
451,7.5167,swing,swingLow,258.376,-426.035,30.582,16.249,-8.675,-0.955,18.444,18.420,29.632,234.00,-443.19,36.27,28.44,0.238,2,,0,0.00,0.00,0.00,257.395,-422.164,31.194,-86.52,-16.83,61.95,4.040,0.000,-0.01,1.00,1,0,1,0,0,0,-16.83,-29.03,-7.53,0.2997,0.2287,0.3734,1,4.040,0,0.381,0,swing,swingLowL,1.000,3,-0.505 0.130 -0.873 0.091 -0.271 0.551 0.423 -0.381 0.249 -0.216,257.18,-422.04,31.19,-16.63,-85.80,93.84,-1,-1,-1,-1,0.043,-0.078 0.568 -0.198 -0.000,6.9,1,-1.000,-1.000,0.5762,0.01,,-1.000,0.0,0.0,0.0,,,85.9,-81.0,-85.4,,0.000,0.0,11.5,-1.00,-1.0,0.0,0,1500,-1.0,127.1,-1.0,0.0,0.00,5.00,-1,0,0.000,0,0.00,40.95,0,0,1,0.0,2,0.00,0.000,0.65,0.00,1.485,0.206,0.000,-1.000,-1.000,-1.000,-1.000,None,117.2,-1.0,0,4,0.00,0,0,0,0,0.00,2,0,0.000,0.000,-1,-1,-1,-1,-1,-1,-1,-1,-999,-1,-1,0,-1,-1,-1,35.5,0,0.00,0,1,0.48220,0.39882,-0.16882,-0.00776,3.14,3.99,0,0
452,7.5333,swing,swingLow,258.645,-426.183,30.561,16.053,-9.017,-1.313,18.459,18.412,29.611,234.00,-443.19,36.27,28.44,0.242,2,,0,0.00,0.00,0.00,257.610,-422.291,31.188,-87.29,-17.02,61.84,4.076,0.000,-0.01,1.00,1,0,1,0,0,0,-17.02,-29.07,-7.55,0.2845,0.2372,0.3720,1,4.076,0,0.380,0,swing,swingLowL,1.000,3,-0.513 0.111 -0.878 0.079 -0.297 0.544 0.452 -0.341 0.271 -0.186,257.40,-422.16,31.19,-16.83,-86.52,93.72,-1,-1,-1,-1,0.025,-0.088 0.561 -0.158 0.031,8.8,1,-1.000,-1.000,0.5907,0.01,,-1.000,0.0,0.0,0.0,,,87.6,-84.9,-87.3,,0.000,0.0,11.5,-1.00,-1.0,0.0,0,1500,-1.0,126.4,-1.0,0.0,0.00,5.00,-1,0,0.000,0,0.00,40.95,0,0,1,0.0,2,0.00,0.000,0.65,0.00,1.484,0.203,0.000,-1.000,-1.000,-1.000,-1.000,None,118.0,-1.0,0,4,0.00,0,0,0,0,0.00,2,0,0.000,0.000,-1,-1,-1,-1,-1,-1,-1,-1,-999,-1,-1,0,-1,-1,-1,35.5,0,0.00,0,1,0.49235,0.40330,-0.16293,-0.01041,3.14,3.98,0,0
453,7.5500,swing,swingLow,258.910,-426.336,30.535,15.858,-9.344,-1.671,18.482,18.406,29.585,234.00,-443.19,36.27,28.44,0.246,2,,0,0.00,0.00,0.00,257.825,-422.424,31.176,-88.09,-17.20,61.74,4.111,0.000,-0.01,1.00,1,0,1,0,0,0,-17.20,-29.10,-7.57,0.2707,0.2439,0.3712,1,4.111,0,0.379,0,swing,swingLowL,1.000,3,-0.517 0.094 -0.880 0.069 -0.318 0.540 0.471 -0.305 0.290 -0.156,257.61,-422.29,31.19,-17.02,-87.29,93.60,-1,-1,-1,-1,0.009,-0.097 0.553 -0.122 0.063,10.6,1,-1.000,-1.000,0.6046,0.00,,-1.000,0.0,0.0,0.0,,,89.1,-88.2,-89.0,,0.000,0.0,11.5,-1.00,-1.0,0.0,0,1500,-1.0,125.7,-1.0,0.0,0.00,5.00,-1,0,0.000,0,0.00,40.95,0,0,1,0.0,2,0.00,0.000,0.65,0.00,1.481,0.202,0.000,-1.000,-1.000,-1.000,-1.000,None,118.3,-1.0,0,4,0.00,0,0,0,0,0.00,2,0,0.000,0.000,-1,-1,-1,-1,-1,-1,-1,-1,-999,-1,-1,0,-1,-1,-1,35.5,0,0.00,0,1,0.50276,0.40755,-0.15639,-0.01334,3.14,3.96,0,0
454,7.5667,swing,swingLow,259.173,-426.495,30.502,15.662,-9.660,-2.028,18.512,18.401,29.552,234.00,-443.19,36.27,28.44,0.249,2,,0,0.00,0.00,0.00,258.041,-422.562,31.159,-88.92,-17.36,61.64,4.145,0.000,-0.01,1.00,1,0,1,0,0,0,-17.36,-29.13,-7.58,0.2591,0.2492,0.3715,1,4.145,0,0.378,0,swing,swingLowL,1.000,3,-0.519 0.081 -0.878 0.062 -0.334 0.537 0.482 -0.274 0.305 -0.127,257.83,-422.42,31.18,-17.20,-88.09,93.48,-1,-1,-1,-1,-0.005,-0.105 0.547 -0.090 0.093,12.1,1,-1.000,-1.000,0.6178,-0.02,,-1.000,0.0,0.0,0.0,,,90.5,-91.0,-90.5,,0.000,0.0,11.5,-1.00,-1.0,0.0,0,1500,-1.0,124.9,-1.0,0.0,0.00,5.00,-1,0,0.000,0,0.00,40.95,0,0,1,0.0,2,0.00,0.000,0.65,0.00,1.477,0.203,0.000,-1.000,-1.000,-1.000,-1.000,None,118.2,-1.0,0,4,0.00,0,0,0,0,0.00,2,0,0.000,0.000,-1,-1,-1,-1,-1,-1,-1,-1,-999,-1,-1,0,-1,-1,-1,35.5,0,0.00,0,1,0.51331,0.41173,-0.14944,-0.01628,3.14,3.94,0,0
455,7.5833,swing,swingLow,259.431,-426.660,30.464,15.459,-9.973,-2.384,18.551,18.397,29.514,234.00,-443.19,36.27,28.44,0.252,2,,0,0.00,0.00,0.00,258.256,-422.706,31.135,-89.75,-17.38,61.55,4.179,0.000,-0.01,1.00,1,0,1,0,0,0,-17.38,-29.16,-7.60,0.2502,0.2532,0.3747,1,4.179,0,0.377,0,swing,swingLowL,1.000,3,-0.519 0.071 -0.874 0.056 -0.343 0.538 0.484 -0.248 0.317 -0.099,258.04,-422.56,31.16,-17.36,-88.92,93.37,-1,-1,-1,-1,-0.016,-0.110 0.542 -0.065 0.121,13.3,1,-1.000,-1.000,0.6302,-0.05,,-1.000,0.0,0.0,0.0,,,91.5,-93.3,-91.7,,0.000,0.0,11.5,-1.00,-1.0,0.0,0,1500,-1.0,124.1,-1.0,0.0,0.00,5.00,-1,0,0.000,0,0.00,40.95,0,0,1,0.0,2,0.00,0.000,0.65,0.00,1.473,0.205,0.000,-1.000,-1.000,-1.000,-1.000,None,117.6,-1.0,0,4,0.00,0,0,0,0,0.00,2,0,0.000,0.000,-1,-1,-1,-1,-1,-1,-1,-1,-999,-1,-1,0,-1,-1,-1,35.5,0,0.00,0,1,0.52389,0.41742,-0.14151,-0.01701,3.14,3.91,0,0
456,7.6000,swing,swingLow,259.687,-426.829,30.420,15.250,-10.284,-2.744,18.598,18.394,29.470,234.00,-443.19,36.27,28.44,0.254,2,,0,0.00,0.00,0.00,258.471,-422.855,31.106,-90.57,-17.25,61.45,4.212,0.000,-0.00,1.00,1,0,1,0,0,0,-17.25,-29.18,-7.62,0.2440,0.2563,0.3813,1,4.212,0,0.377,0,swing,swingLowL,1.000,3,-0.516 0.064 -0.868 0.053 -0.346 0.542 0.480 -0.229 0.323 -0.073,258.26,-422.71,31.14,-17.38,-89.75,93.26,-1,-1,-1,-1,-0.024,-0.114 0.539 -0.045 0.147,14.1,1,-1.000,-1.000,0.6418,-0.09,,-1.000,0.0,0.0,0.0,,,92.3,-95.1,-92.6,,0.000,0.0,11.5,-1.00,-1.0,0.0,0,1500,-1.0,123.3,-1.0,0.0,0.00,5.00,-1,0,0.000,0,0.00,41.11,0,0,1,0.0,2,0.00,0.000,0.65,0.00,1.469,0.209,0.000,-1.000,-1.000,-1.000,-1.000,None,116.6,-1.0,0,4,0.00,0,0,0,0,0.00,2,0,0.000,0.000,-1,-1,-1,-1,-1,-1,-1,-1,-999,-1,-1,0,-1,-1,-1,35.5,0,0.00,0,1,0.53422,0.42480,-0.13317,-0.01534,3.14,3.89,0,0
457,7.6167,swing,swingLow,259.939,-427.004,30.369,15.037,-10.586,-3.119,18.652,18.390,29.419,234.00,-443.19,36.27,28.44,0.257,2,,0,0.00,0.00,0.00,258.686,-423.010,31.070,-91.32,-16.98,61.36,4.244,0.000,-0.00,1.00,1,0,1,0,0,0,-16.98,-29.20,-7.63,0.2387,0.2591,0.3905,1,4.244,0,0.376,0,swing,swingLowL,1.000,3,-0.514 0.057 -0.863 0.048 -0.347 0.547 0.475 -0.211 0.331 -0.047,258.47,-422.86,31.11,-17.25,-90.57,93.16,-1,-1,-1,-1,-0.031,-0.117 0.536 -0.029 0.170,14.8,1,-1.000,-1.000,0.6525,-0.15,,-1.000,0.0,0.0,0.0,,,93.0,-96.8,-93.4,,0.000,0.0,11.5,-1.00,-1.0,0.0,0,1500,-1.0,122.6,-1.0,0.0,0.00,5.00,-1,0,0.000,0,0.00,41.11,0,0,1,0.0,2,0.00,0.000,0.65,0.00,1.465,0.212,0.000,-1.000,-1.000,-1.000,-1.000,None,115.6,-1.0,0,4,0.00,0,0,0,0,0.00,2,0,0.000,0.000,-1,-1,-1,-1,-1,-1,-1,-1,-999,-1,-1,0,-1,-1,-1,35.5,0,0.00,0,1,0.54373,0.43418,-0.12544,-0.01164,3.14,3.86,0,0
458,7.6333,swing,swingLow,260.187,-427.183,30.312,14.818,-10.880,-3.511,18.716,18.383,29.362,234.00,-443.19,36.27,28.44,0.259,2,,0,0.00,0.00,0.00,258.900,-423.170,31.028,-92.00,-16.57,61.28,4.275,0.000,-0.00,1.00,1,0,1,0,0,0,-16.57,-29.22,-7.65,0.2339,0.2617,0.4016,1,4.275,0,0.375,0,swing,swingLowL,1.000,3,-0.512 0.050 -0.859 0.043 -0.347 0.550 0.471 -0.193 0.339 -0.020,258.69,-423.01,31.07,-16.98,-91.32,93.05,-1,-1,-1,-1,-0.038,-0.119 0.532 -0.014 0.191,15.5,1,-1.000,-1.000,0.6621,-0.21,,-1.000,0.0,0.0,0.0,,,93.7,-98.3,-94.1,,0.000,0.0,11.5,-1.00,-1.0,0.0,0,1500,-1.0,121.8,-1.0,0.0,0.00,5.00,-1,0,0.000,0,0.00,41.11,0,0,1,0.0,2,0.00,0.000,0.65,0.00,1.461,0.215,0.000,-1.000,-1.000,-1.000,-1.000,None,114.6,-1.0,0,4,0.00,0,0,0,0,0.00,2,0,0.000,0.000,-1,-1,-1,-1,-1,-1,-1,-1,-999,-1,-1,0,-1,-1,-1,35.5,0,0.00,0,1,0.55217,0.44540,-0.11900,-0.00638,3.14,3.83,0,0
459,7.6500,swing,swingLow,260.432,-427.367,30.248,14.600,-11.161,-3.902,18.787,18.378,29.298,234.00,-443.19,36.27,28.44,0.261,2,,0,0.00,0.00,0.00,259.114,-423.335,30.981,-92.58,-16.07,61.19,4.305,0.000,-0.00,1.00,1,0,1,0,0,0,-16.07,-29.23,-7.67,0.2293,0.2642,0.4144,1,4.305,0,0.375,0,swing,swingLowL,1.000,3,-0.511 0.043 -0.856 0.037 -0.347 0.552 0.469 -0.174 0.349 0.007,258.90,-423.17,31.03,-16.57,-92.00,92.96,-1,-1,-1,-1,-0.043,-0.121 0.529 0.000 0.211,16.1,1,-1.000,-1.000,0.6704,-0.29,,-1.000,0.0,0.0,0.0,,,94.2,-99.8,-94.6,,0.000,0.0,11.5,-1.00,-1.0,0.0,0,1500,-1.0,121.2,-1.0,0.0,0.00,5.00,-1,0,0.000,0,0.00,41.11,0,0,1,0.0,2,0.00,0.000,0.65,0.00,1.457,0.217,0.000,-1.000,-1.000,-1.000,-1.000,None,113.7,-1.0,0,4,0.00,0,0,0,0,0.00,2,0,0.000,0.000,-1,-1,-1,-1,-1,-1,-1,-1,-999,-1,-1,0,-1,-1,-1,35.5,0,0.00,0,1,0.55949,0.45802,-0.11415,0.00003,3.14,3.81,0,0
460,7.6667,swing,swingLow,260.673,-427.556,30.178,14.384,-11.430,-4.292,18.867,18.372,29.228,234.00,-443.19,36.27,28.44,0.264,2,,0,0.00,0.00,0.00,259.327,-423.505,30.926,-93.08,-15.48,61.11,4.334,0.000,0.00,1.00,1,0,1,0,0,0,-15.48,-29.23,-7.68,0.2250,0.2665,0.4282,1,4.334,0,0.374,0,swing,swingLowL,1.000,3,-0.511 0.036 -0.855 0.031 -0.346 0.554 0.468 -0.156 0.361 0.034,259.11,-423.33,30.98,-16.07,-92.58,92.86,-1,-1,-1,-1,-0.048,-0.121 0.525 0.012 0.229,16.6,1,-1.000,-1.000,0.6776,-0.38,,-1.000,0.0,0.0,0.0,,,94.6,-101.0,-95.1,,0.000,0.0,11.5,-1.00,-1.0,0.0,0,1500,-1.0,120.6,-1.0,0.0,0.00,5.00,-1,0,0.000,0,0.00,41.11,0,0,1,0.0,2,0.00,0.000,0.65,0.00,1.454,0.219,0.000,-1.000,-1.000,-1.000,-1.000,None,112.9,-1.0,0,4,0.00,0,0,0,0,0.00,2,0,0.000,0.000,-1,-1,-1,-1,-1,-1,-1,-1,-999,-1,-1,0,-1,-1,-1,35.5,0,0.00,0,1,0.56572,0.47154,-0.11103,0.00718,3.14,3.80,0,0
461,7.6833,swing,swingLow,260.911,-427.749,30.101,14.158,-11.694,-4.701,18.955,18.363,29.151,234.00,-443.19,36.27,28.44,0.266,2,,0,0.00,0.00,0.00,259.540,-423.680,30.866,-93.49,-14.84,61.04,4.361,0.000,0.00,1.00,1,0,1,0,0,0,-14.84,-29.23,-7.70,0.2221,0.2688,0.4425,1,4.361,0,0.374,0,swing,swingLowL,1.000,3,-0.512 0.030 -0.856 0.025 -0.343 0.555 0.470 -0.139 0.373 0.058,259.33,-423.50,30.93,-15.48,-93.08,92.77,-1,-1,-1,-1,-0.051,-0.121 0.522 0.022 0.244,17.0,1,-1.000,-1.000,0.6837,-0.46,,-1.000,0.0,0.0,0.0,,,94.9,-101.8,-95.4,,0.000,0.0,11.5,-1.00,-1.0,0.0,0,1500,-1.0,120.1,-1.0,0.0,0.00,5.00,-1,0,0.000,0,0.00,41.11,0,0,1,0.0,2,0.00,0.000,0.65,0.00,1.451,0.220,0.000,-1.000,-1.000,-1.000,-1.000,None,112.2,-1.0,0,4,0.00,0,0,0,0,0.00,2,0,0.000,0.000,-1,-1,-1,-1,-1,-1,-1,-1,-999,-1,-1,0,-1,-1,-1,35.5,0,0.00,0,1,0.57086,0.48552,-0.10960,0.01447,3.14,3.79,0,0
462,7.7000,swing,swingLow,261.144,-427.946,30.018,13.921,-11.954,-5.129,19.052,18.349,28.918,234.00,-443.19,36.27,28.44,0.268,2,,0,0.00,0.00,0.00,259.752,-423.859,30.799,-93.84,-14.18,60.97,4.388,0.000,0.00,1.00,1,0,1,0,0,0,-14.18,-29.22,-7.72,0.2198,0.2711,0.4570,1,4.388,0,0.373,0,swing,swingLowL,1.000,3,-0.514 0.025 -0.859 0.019 -0.341 0.556 0.473 -0.124 0.385 0.080,259.54,-423.68,30.87,-14.84,-93.49,92.68,-1,-1,-1,-1,-0.053,-0.120 0.521 0.031 0.257,17.4,1,-1.000,-1.000,0.6888,-0.55,,-1.000,0.0,0.0,0.0,,,95.1,-102.3,-95.6,,0.000,0.0,11.5,-1.00,-1.0,0.0,0,1500,-1.0,119.7,-1.0,0.0,0.00,5.00,-1,0,0.000,0,0.00,37.95,0,0,1,0.0,2,0.00,0.000,0.65,0.00,1.449,0.221,0.000,-1.000,-1.000,-1.000,-1.000,None,111.6,-1.0,0,4,0.00,0,0,0,0,0.00,2,0,0.000,0.000,-1,-1,-1,-1,-1,-1,-1,-1,-999,-1,-1,0,-1,-1,-1,35.5,0,0.00,0,1,0.57504,0.49965,-0.10972,0.02133,3.15,3.78,0,0
463,7.7167,swing,swingLow,261.373,-428.148,29.926,13.671,-12.208,-5.577,19.158,18.328,28.826,234.00,-443.19,36.27,28.44,0.271,2,,0,0.00,0.00,0.00,259.963,-424.043,30.725,-94.14,-13.54,60.90,4.413,0.000,0.01,1.00,1,0,1,0,0,0,-13.54,-29.19,-7.73,0.2173,0.2730,0.4713,1,4.413,0,0.373,0,swing,swingLowL,1.000,3,-0.517 0.020 -0.862 0.014 -0.338 0.556 0.477 -0.108 0.399 0.102,259.75,-423.86,30.80,-14.18,-93.84,92.60,-1,-1,-1,-1,-0.054,-0.118 0.518 0.039 0.269,17.7,1,-1.000,-1.000,0.6931,-0.63,,-1.000,0.0,0.0,0.0,,,95.3,-102.8,-95.7,,0.000,0.0,11.5,-1.00,-1.0,0.0,0,1500,-1.0,119.4,-1.0,0.0,0.00,5.00,-1,0,0.000,0,0.00,37.95,0,0,1,0.0,2,0.00,0.000,0.65,0.00,1.447,0.221,0.000,-1.000,-1.000,-1.000,-1.000,None,111.0,-1.0,0,4,0.00,0,0,0,0,0.00,2,0,0.000,0.000,-1,-1,-1,-1,-1,-1,-1,-1,-999,-1,-1,0,-1,-1,-1,35.5,0,0.00,0,1,0.57845,0.51362,-0.11126,0.02721,3.15,3.79,0,0
464,7.7333,swing,swingLow,261.599,-428.354,29.827,13.408,-12.455,-6.044,19.273,18.300,28.727,234.00,-443.19,36.27,28.44,0.274,2,,0,0.00,0.00,0.00,260.173,-424.232,30.644,-94.39,-12.94,60.83,4.438,0.000,0.01,1.00,1,0,1,0,0,0,-12.94,-29.16,-7.75,0.2147,0.2747,0.4849,1,4.438,0,0.373,0,swing,swingCornerBankL,1.000,3,-0.519 0.015 -0.866 0.008 -0.335 0.555 0.482 -0.093 0.414 0.123,259.96,-424.04,30.72,-13.54,-94.14,92.52,-1,-1,-1,-1,-0.056,-0.117 0.516 0.048 0.281,18.1,1,-1.000,-1.000,0.6965,-0.72,,-1.000,0.0,0.0,0.0,,,95.4,-103.4,-95.9,,0.000,0.0,11.5,-1.00,-1.0,0.0,0,1500,-1.0,119.0,-1.0,0.0,0.00,5.00,-1,0,0.000,0,0.00,37.95,0,0,1,0.0,2,0.00,0.000,0.65,0.00,1.445,0.221,0.000,-1.000,-1.000,-1.000,-1.000,None,110.3,-1.0,0,4,0.00,0,0,0,0,0.00,2,0,0.000,0.000,-1,-1,-1,-1,-1,-1,-1,-1,-999,-1,-1,0,-1,-1,-1,35.5,0,0.00,0,1,0.58122,0.52705,-0.11408,0.03161,3.16,3.79,0,0
465,7.7500,swing,swingLow,261.819,-428.564,29.720,13.129,-12.697,-6.531,19.397,18.264,28.620,234.00,-443.19,36.27,28.44,0.277,2,,0,0.00,0.00,0.00,260.382,-424.425,30.556,-94.62,-12.42,60.77,4.461,0.000,0.01,1.00,1,0,1,0,0,0,-12.42,-29.12,-7.77,0.2119,0.2769,0.4977,1,4.461,0,0.372,0,swing,swingCornerBankL,1.000,3,-0.522 0.010 -0.869 0.004 -0.332 0.553 0.486 -0.079 0.430 0.144,260.17,-424.23,30.64,-12.94,-94.39,92.45,-1,-1,-1,-1,-0.058,-0.116 0.512 0.057 0.294,18.5,1,-1.000,-1.000,0.6997,-0.80,,-1.000,0.0,0.0,0.0,,,95.6,-104.0,-96.1,,0.000,0.0,11.5,-1.00,-1.0,0.0,0,1500,-1.0,118.8,-1.0,0.0,0.00,5.00,-1,0,0.000,0,0.00,37.95,0,0,1,0.0,2,0.00,0.000,0.65,0.00,1.443,0.221,0.000,-1.000,-1.000,-1.000,-1.000,None,109.6,-1.0,0,4,0.00,0,0,0,0,0.00,2,0,0.000,0.000,-1,-1,-1,-1,-1,-1,-1,-1,-999,-1,-1,0,-1,-1,-1,35.5,0,0.00,0,1,0.58343,0.53957,-0.11806,0.03408,3.17,3.81,0,0
466,7.7667,swing,swingLow,262.035,-428.778,29.605,12.833,-12.933,-7.035,19.530,18.219,28.505,234.00,-443.19,36.27,28.44,0.280,2,,0,0.00,0.00,0.00,260.589,-424.621,30.460,-94.84,-11.99,60.71,4.483,0.000,0.01,1.00,1,0,1,0,0,0,-11.99,-29.07,-7.78,0.2100,0.2788,0.5096,1,4.483,0,0.372,0,swing,swingCornerBankL,1.000,3,-0.524 0.006 -0.873 -0.000 -0.329 0.551 0.490 -0.065 0.446 0.163,260.38,-424.42,30.56,-12.42,-94.62,92.38,-1,-1,-1,-1,-0.059,-0.116 0.507 0.066 0.305,18.9,1,-1.000,-1.000,0.7023,-0.88,,-1.000,0.0,0.0,0.0,,,95.8,-104.6,-96.3,,0.000,0.0,11.5,-1.00,-1.0,0.0,0,1500,-1.0,118.5,-1.0,0.0,0.00,5.00,-1,0,0.000,0,0.00,37.95,0,0,1,0.0,2,0.00,0.000,0.65,0.00,1.441,0.222,0.000,-1.000,-1.000,-1.000,-1.000,None,108.9,-1.0,0,4,0.00,0,0,0,0,0.00,2,0,0.000,0.000,-1,-1,-1,-1,-1,-1,-1,-1,-999,-1,-1,0,-1,-1,-1,35.5,0,0.00,0,1,0.58520,0.55074,-0.12308,0.03417,3.17,3.82,0,0
467,7.7833,swing,swingLow,262.245,-428.995,29.481,12.523,-13.157,-7.557,19.673,18.164,28.381,234.00,-443.19,36.27,28.44,0.283,2,,0,0.00,0.00,0.00,260.794,-424.823,30.356,-95.04,-11.68,60.66,4.504,0.000,0.01,1.00,1,0,1,0,0,0,-11.68,-29.02,-7.80,0.2089,0.2803,0.5204,1,4.504,0,0.372,0,swing,swingCornerBankL,1.000,3,-0.527 0.002 -0.877 -0.003 -0.327 0.547 0.494 -0.052 0.463 0.181,260.59,-424.62,30.46,-11.99,-94.84,92.31,-1,-1,-1,-1,-0.061,-0.115 0.501 0.075 0.317,19.4,1,-1.000,-1.000,0.7044,-0.96,,-1.000,0.0,0.0,0.0,,,96.0,-105.3,-96.4,,0.000,0.0,11.5,-1.00,-1.0,0.0,0,1500,-1.0,118.3,-1.0,0.0,0.00,5.00,-1,0,0.000,0,0.00,37.95,0,0,1,0.0,2,0.00,0.000,0.65,0.00,1.440,0.221,0.000,-1.000,-1.000,-1.000,-1.000,None,108.1,-1.0,0,4,0.00,0,0,0,0,0.00,2,0,0.000,0.000,-1,-1,-1,-1,-1,-1,-1,-1,-999,-1,-1,0,-1,-1,-1,35.5,0,0.00,0,1,0.58658,0.56018,-0.12909,0.03145,3.18,3.85,0,0
468,7.8000,swing,swingLow,262.451,-429.217,29.348,12.197,-13.371,-8.094,19.826,18.099,28.248,234.00,-443.19,36.27,28.44,0.287,2,,0,0.00,0.00,0.00,260.997,-425.028,30.244,-95.24,-11.52,60.61,4.524,0.000,0.02,1.00,1,0,1,0,0,0,-11.52,-28.95,-7.82,0.2079,0.2816,0.5291,1,4.524,0,0.372,0,swing,swingCornerBankL,1.000,3,-0.530 -0.001 -0.881 -0.004 -0.324 0.544 0.498 -0.042 0.480 0.196,260.79,-424.82,30.36,-11.68,-95.04,92.25,-1,-1,-1,-1,-0.063,-0.113 0.496 0.083 0.328,19.8,1,-1.000,-1.000,0.7060,-1.04,,-1.000,0.0,0.0,0.0,,,96.1,-105.9,-96.6,,0.000,0.0,11.5,-1.00,-1.0,0.0,0,1500,-1.0,118.0,-1.0,0.0,0.00,5.00,-1,0,0.000,0,0.00,38.62,0,0,1,0.0,2,0.00,0.000,0.65,0.00,1.438,0.221,0.000,-1.000,-1.000,-1.000,-1.000,None,107.3,-1.0,0,4,0.00,0,0,0,0,0.00,2,0,0.000,0.000,-1,-1,-1,-1,-1,-1,-1,-1,-999,-1,-1,0,-1,-1,-1,35.5,0,0.00,0,1,0.58762,0.56746,-0.13608,0.02550,3.19,3.88,0,0
469,7.8167,swing,swingLow,262.650,-429.442,29.206,11.851,-13.578,-8.644,19.989,18.023,28.106,234.00,-443.19,36.27,28.44,0.291,2,,0,0.00,0.00,0.00,261.198,-425.236,30.124,-95.31,-11.50,60.56,4.543,0.000,0.02,1.00,1,0,1,0,0,0,-11.50,-28.88,-7.83,0.2067,0.2820,0.5354,1,4.543,0,0.371,0,swing,swingCornerBankL,1.000,3,-0.533 -0.002 -0.886 -0.003 -0.322 0.540 0.504 -0.033 0.498 0.208,261.00,-425.03,30.24,-11.52,-95.24,92.19,-1,-1,-1,-1,-0.064,-0.111 0.489 0.092 0.337,20.2,1,-1.000,-1.000,0.7057,-1.12,,-1.000,0.0,0.0,0.0,,,96.2,-106.3,-96.7,,0.000,0.0,11.5,-1.00,-1.0,0.0,0,1500,-1.0,117.8,-1.0,0.0,0.00,5.00,-1,0,0.000,0,0.00,38.62,0,0,1,0.0,2,0.00,0.000,0.65,0.00,1.436,0.221,0.000,-1.000,-1.000,-1.000,-1.000,None,106.6,-1.0,0,4,0.00,0,0,0,0,0.00,2,0,0.000,0.000,-1,-1,-1,-1,-1,-1,-1,-1,-999,-1,-1,0,-1,-1,-1,35.5,0,0.00,0,1,0.58721,0.57245,-0.14722,0.01533,3.19,3.93,0,0
470,7.8333,swing,swingLow,262.844,-429.670,29.055,11.485,-13.778,-9.204,20.161,17.937,27.955,234.00,-443.19,36.27,28.44,0.295,2,,0,0.00,0.00,0.00,261.396,-425.449,29.995,-95.15,-11.50,60.52,4.560,0.000,0.02,1.00,1,0,1,0,0,0,-11.50,-28.80,-7.85,0.2050,0.2812,0.5410,1,4.560,0,0.371,0,swing,swingCornerBankL,1.000,3,-0.538 -0.004 -0.893 -0.003 -0.321 0.536 0.512 -0.024 0.517 0.220,261.20,-425.24,30.12,-11.50,-95.31,92.14,-1,-1,-1,-1,-0.064,-0.108 0.483 0.099 0.345,20.6,1,-1.000,-1.000,0.7026,-1.19,,-1.000,0.0,0.0,0.0,,,96.2,-106.7,-96.7,,0.000,0.0,11.5,-1.00,-1.0,0.0,0,1500,-1.0,117.8,-1.0,0.0,0.00,5.00,-1,0,0.000,0,0.00,38.62,0,0,1,0.0,2,0.00,0.000,0.65,0.00,1.435,0.221,0.000,-1.000,-1.000,-1.000,-1.000,None,105.8,-1.0,0,4,0.00,0,0,0,0,0.00,2,0,0.000,0.000,-1,-1,-1,-1,-1,-1,-1,-1,-999,-1,-1,0,-1,-1,-1,35.5,0,0.00,0,1,0.58454,0.57681,-0.16454,0.00226,3.19,4.00,0,0
471,7.8500,swing,swingLow,263.031,-429.901,28.894,11.113,-13.958,-9.772,20.343,17.842,27.794,234.00,-443.19,36.27,28.44,0.300,2,,0,0.00,0.00,0.00,261.590,-425.665,29.857,-94.81,-11.50,60.48,4.577,0.000,0.02,1.00,1,0,1,0,0,0,-11.50,-28.72,-7.87,0.2031,0.2793,0.5464,1,4.577,0,0.371,0,swing,swingCornerBankL,1.000,3,-0.543 -0.006 -0.901 -0.002 -0.320 0.531 0.522 -0.015 0.538 0.231,261.40,-425.45,29.99,-11.50,-95.15,92.09,-1,-1,-1,-1,-0.064,-0.105 0.476 0.107 0.352,21.0,1,-1.000,-1.000,0.6972,-1.26,,-1.000,0.0,0.0,0.0,,,96.2,-106.9,-96.7,,0.000,0.0,11.5,-1.00,-1.0,0.0,0,1500,-1.0,117.9,-1.0,0.0,0.00,5.00,-1,0,0.000,0,0.00,38.62,0,0,1,0.0,2,0.00,0.000,0.65,0.00,1.433,0.221,0.000,-1.000,-1.000,-1.000,-1.000,None,105.1,-1.0,0,4,0.00,0,0,0,0,0.00,2,0,0.000,0.000,-1,-1,-1,-1,-1,-1,-1,-1,-999,-1,-1,0,-1,-1,-1,35.5,0,0.00,0,1,0.58009,0.58090,-0.18714,-0.01327,3.20,4.09,0,0
472,7.8667,swing,swingLow,263.213,-430.135,28.724,10.733,-14.121,-10.346,20.534,17.737,27.624,234.00,-443.19,36.27,28.44,0.304,2,,0,0.00,0.00,0.00,261.781,-425.885,29.710,-94.34,-11.50,60.44,4.592,0.000,0.03,1.00,1,0,1,0,0,0,-11.50,-28.62,-7.88,0.2012,0.2768,0.5516,1,4.592,0,0.371,0,swing,swingCornerBankL,1.000,3,-0.548 -0.007 -0.909 -0.002 -0.321 0.525 0.533 -0.007 0.558 0.241,261.59,-425.67,29.86,-11.50,-94.81,92.04,-1,-1,-1,-1,-0.064,-0.101 0.469 0.113 0.357,21.4,1,-1.000,-1.000,0.6902,-1.33,,-1.000,0.0,0.0,0.0,,,96.2,-107.1,-96.6,,0.000,0.0,11.5,-1.00,-1.0,0.0,0,1500,-1.0,118.3,-1.0,0.0,0.00,5.00,-1,0,0.000,0,0.00,38.62,0,0,1,0.0,2,0.00,0.000,0.65,0.00,1.432,0.221,0.000,-1.000,-1.000,-1.000,-1.000,None,104.4,-1.0,0,4,0.00,0,0,0,0,0.00,2,0,0.000,0.000,-1,-1,-1,-1,-1,-1,-1,-1,-999,-1,-1,0,-1,-1,-1,35.5,0,0.00,0,1,0.57427,0.58478,-0.21456,-0.03131,3.20,4.21,0,0
473,7.8833,swing,swingLow,263.387,-430.371,28.544,10.331,-14.280,-10.922,20.735,17.626,27.444,234.00,-443.19,36.27,28.44,0.310,2,,0,0.00,0.00,0.00,261.968,-426.108,29.553,-93.77,-11.50,60.41,4.606,0.000,0.03,1.00,1,0,1,0,0,0,-11.50,-28.52,-7.90,0.1990,0.2739,0.5566,1,4.606,0,0.371,0,swing,swingCornerBankL,1.000,3,-0.554 -0.009 -0.918 -0.001 -0.323 0.519 0.545 0.002 0.578 0.250,261.78,-425.88,29.71,-11.50,-94.34,92.00,-1,-1,-1,-1,-0.063,-0.096 0.461 0.120 0.361,21.7,1,-1.000,-1.000,0.6819,-1.40,,-1.000,0.0,0.0,0.0,,,96.1,-107.2,-96.5,,0.000,0.0,11.5,-1.00,-1.0,0.0,0,1500,-1.0,118.7,-1.0,0.0,0.00,5.00,-1,0,0.000,0,0.00,38.62,0,0,1,0.0,2,0.00,0.000,0.65,0.00,1.431,0.221,0.000,-1.000,-1.000,-1.000,-1.000,None,103.7,-1.0,0,4,0.00,0,0,0,0,0.00,2,0,0.000,0.000,-1,-1,-1,-1,-1,-1,-1,-1,-999,-1,-1,0,-1,-1,-1,35.5,0,0.00,0,1,0.56743,0.58848,-0.24631,-0.05188,3.20,4.34,0,0
474,7.9000,swing,swingLow,263.555,-430.611,28.354,9.909,-14.435,-11.497,20.945,17.508,27.254,234.00,-443.19,36.27,28.44,0.315,2,,0,0.00,0.00,0.00,262.150,-426.334,29.388,-93.14,-11.50,60.38,4.619,0.000,0.03,1.00,1,0,1,0,0,0,-11.50,-28.41,-7.92,0.1968,0.2707,0.5614,1,4.619,0,0.371,0,swing,swingCornerBankL,1.000,3,-0.559 -0.010 -0.927 -0.000 -0.326 0.513 0.557 0.010 0.598 0.258,261.97,-426.11,29.55,-11.50,-93.77,91.96,-1,-1,-1,-1,-0.062,-0.092 0.453 0.126 0.365,22.1,1,-1.000,-1.000,0.6728,-1.46,,-1.000,0.0,0.0,0.0,,,96.0,-107.2,-96.4,,0.000,0.0,11.5,-1.00,-1.0,0.0,0,1500,-1.0,119.3,-1.0,0.0,0.00,5.00,-1,0,0.000,0,0.00,16.59,0,0,1,0.0,2,0.00,0.000,0.65,0.00,1.430,0.222,0.000,-1.000,-1.000,-1.000,-1.000,None,103.0,-1.0,0,4,0.00,0,0,0,0,0.00,2,0,0.000,0.000,-1,-1,-1,-1,-1,-1,-1,-1,-999,-1,-1,0,-1,-1,-1,35.5,0,0.00,0,1,0.55986,0.59204,-0.28203,-0.07508,3.20,4.49,0,0
475,7.9167,swing,swingLow,263.715,-430.852,28.155,9.488,-14.559,-12.068,21.157,17.378,27.055,234.00,-443.19,36.27,28.44,0.321,2,,0,0.00,0.00,0.00,262.328,-426.563,29.212,-92.47,-11.50,60.36,4.630,0.000,0.04,1.00,1,0,1,0,0,0,-11.50,-28.29,-7.93,0.1947,0.2675,0.5659,1,4.630,0,0.371,0,swing,swingCornerBankL,1.000,3,-0.564 -0.011 -0.935 0.001 -0.329 0.507 0.569 0.017 0.616 0.265,262.15,-426.33,29.39,-11.50,-93.14,91.93,-1,-1,-1,-1,-0.060,-0.086 0.446 0.131 0.366,22.4,1,-1.000,-1.000,0.6632,-1.52,,-1.000,0.0,0.0,0.0,,,95.8,-107.0,-96.2,,0.000,0.0,11.5,-1.00,-1.0,0.0,0,1500,-1.0,119.9,-1.0,0.0,0.00,5.00,-1,0,0.000,0,0.00,16.59,0,0,1,0.0,2,0.00,0.000,0.65,0.00,1.429,0.223,0.000,-1.000,-1.000,-1.000,-1.000,None,102.4,-1.0,0,4,0.00,0,0,0,0,0.00,2,0,0.000,0.000,-1,-1,-1,-1,-1,-1,-1,-1,-999,-1,-1,0,-1,-1,-1,35.5,0,0.00,0,1,0.55179,0.59541,-0.32153,-0.10103,3.20,4.66,0,0
476,7.9333,swing,swingLow,263.869,-431.095,27.947,9.092,-14.669,-12.601,21.368,17.258,26.847,234.00,-443.19,36.27,28.44,0.327,2,,0,0.00,0.00,0.00,262.501,-426.794,29.027,-91.77,-11.50,60.34,4.641,0.000,0.04,1.00,1,0,1,0,0,0,-11.50,-28.16,-7.95,0.1928,0.2644,0.5701,1,4.641,0,0.371,0,swing,swingCornerBankL,1.000,3,-0.569 -0.011 -0.943 0.003 -0.332 0.501 0.581 0.023 0.633 0.270,262.33,-426.56,29.21,-11.50,-92.47,91.91,-1,-1,-1,-1,-0.057,-0.080 0.438 0.134 0.366,22.6,1,-1.000,-1.000,0.6533,-1.58,,-1.000,0.0,0.0,0.0,,,95.6,-106.5,-95.9,,0.000,0.0,11.5,-1.00,-1.0,0.0,0,1500,-1.0,120.5,-1.0,0.0,0.00,5.00,-1,0,0.000,0,0.00,16.59,0,0,1,0.0,2,0.00,0.000,0.65,0.00,1.428,0.224,0.000,-1.000,-1.000,-1.000,-1.000,None,101.9,-1.0,0,4,0.00,0,0,0,0,0.00,2,0,0.000,0.000,-1,-1,-1,-1,-1,-1,-1,-1,-999,-1,-1,0,-1,-1,-1,35.5,0,0.00,0,1,0.54340,0.59857,-0.36491,-0.12998,3.21,4.85,0,0
477,7.9500,swing,swingLow,264.016,-431.340,27.730,8.678,-14.780,-13.116,21.582,17.139,26.630,234.00,-443.19,36.27,28.44,0.333,2,,0,0.00,0.00,0.00,262.668,-427.029,28.833,-91.07,-11.50,60.32,4.650,0.000,0.04,1.00,1,0,1,0,0,0,-11.50,-28.02,-7.97,0.1909,0.2614,0.5742,1,4.650,0,0.371,0,swing,swingCornerBankL,1.000,3,-0.573 -0.010 -0.950 0.006 -0.336 0.495 0.593 0.028 0.648 0.274,262.50,-426.79,29.03,-11.50,-91.77,91.88,-1,-1,-1,-1,-0.054,-0.073 0.431 0.137 0.364,22.9,1,-1.000,-1.000,0.6433,-1.63,,-1.000,0.0,0.0,0.0,,,95.3,-106.0,-95.5,,0.000,0.0,11.5,-1.00,-1.0,0.0,0,1500,-1.0,121.2,-1.0,0.0,0.00,5.00,-1,0,0.000,0,0.00,16.59,0,0,1,0.0,2,0.00,0.000,0.65,0.00,1.428,0.225,0.000,-1.000,-1.000,-1.000,-1.000,None,101.4,-1.0,0,4,0.00,0,0,0,0,0.00,2,0,0.000,0.000,-1,-1,-1,-1,-1,-1,-1,-1,-999,-1,-1,0,-1,-1,-1,35.5,0,0.00,0,1,0.53487,0.60153,-0.41213,-0.16212,3.21,5.06,0,0
478,7.9667,swing,swingLow,264.156,-431.587,27.504,8.210,-14.876,-13.658,21.800,16.992,26.404,234.00,-443.19,36.27,28.44,0.340,2,,0,0.00,0.00,0.00,262.827,-427.265,28.630,-90.34,-11.50,60.31,4.660,0.000,0.04,1.00,1,0,1,0,0,0,-11.50,-27.87,-7.98,0.1891,0.2586,0.5781,1,4.660,0,0.370,0,swing,swingCornerBankL,1.000,3,-0.577 -0.009 -0.956 0.008 -0.341 0.489 0.604 0.033 0.661 0.277,262.67,-427.03,28.83,-11.50,-91.07,91.87,-1,-1,-1,-1,-0.051,-0.065 0.424 0.139 0.362,23.1,1,-1.000,-1.000,0.6333,-1.69,,-1.000,0.0,0.0,0.0,,,94.9,-105.5,-95.2,,0.000,0.0,11.5,-1.00,-1.0,0.0,0,1500,-1.0,121.9,-1.0,0.0,0.00,5.00,-1,0,0.000,0,0.00,16.59,0,0,1,0.0,2,0.00,0.000,0.65,0.00,1.427,0.226,0.000,-1.000,-1.000,-1.000,-1.000,None,100.8,-1.0,0,4,0.00,0,0,0,0,0.00,2,0,0.000,0.000,-1,-1,-1,-1,-1,-1,-1,-1,-999,-1,-1,0,-1,-1,-1,35.5,0,0.00,0,1,0.52635,0.60439,-0.46458,-0.19832,3.22,5.29,0,0
479,7.9833,swing,swingLow,264.287,-431.835,27.269,7.711,-14.942,-14.234,22.030,16.814,26.169,234.00,-443.19,36.27,28.44,0.347,2,,0,0.00,0.00,0.00,262.978,-427.503,28.418,-89.63,-11.50,60.31,4.669,0.000,0.05,1.00,1,0,1,0,0,0,-11.50,-27.71,-8.00,0.1873,0.2560,0.5820,1,4.669,0,0.370,0,swing,swingCornerBankL,1.000,3,-0.580 -0.009 -0.961 0.011 -0.347 0.483 0.616 0.038 0.674 0.279,262.83,-427.26,28.63,-11.50,-90.34,91.85,-1,-1,-1,-1,-0.047,-0.058 0.417 0.141 0.359,23.3,1,-1.000,-1.000,0.6235,-1.74,,-1.000,0.0,0.0,0.0,,,94.5,-104.8,-94.8,,0.000,0.0,11.5,-1.00,-1.0,0.0,0,1500,-1.0,122.6,-1.0,0.0,0.00,5.00,-1,0,0.000,0,0.00,16.59,0,0,1,0.0,2,0.00,0.000,0.65,0.00,1.426,0.227,0.000,-1.000,-1.000,-1.000,-1.000,None,100.2,-1.0,0,4,0.00,0,0,0,0,0.00,2,0,0.000,0.000,-1,-1,-1,-1,-1,-1,-1,-1,-999,-1,-1,0,-1,-1,-1,35.5,0,0.00,0,1,0.51790,0.60730,-0.52122,-0.23841,3.23,5.55,0,0
480,8.0000,swing,swingLow,264.379,-432.057,27.012,3.407,-11.758,-16.325,20.405,12.242,25.912,234.00,-443.19,36.27,28.44,0.354,2,,0,0.00,0.00,0.00,263.120,-427.741,28.194,-89.21,-11.50,60.30,4.649,0.000,0.05,1.00,1,0,1,0,0,0,-11.50,-27.54,-8.02,0.1859,0.2567,0.5897,1,4.649,0,0.370,0,swing,swingCornerBankL,1.000,3,-0.584 -0.004 -0.968 0.020 -0.351 0.471 0.634 0.052 0.693 0.284,262.98,-427.50,28.42,-11.50,-89.63,91.85,-1,-1,-1,-1,-0.037,-0.042 0.403 0.149 0.354,23.7,1,-1.000,-1.000,0.6137,-1.78,,-1.000,0.0,0.0,0.0,,,93.6,-113.2,-93.7,,0.000,0.0,11.5,-1.00,-1.0,0.0,0,1500,-1.0,123.3,-1.0,0.0,0.00,5.00,-1,0,0.000,0,0.00,18.48,0,0,1,0.0,2,0.00,0.000,0.65,0.00,1.425,0.228,0.000,-1.000,-1.000,-1.000,-1.000,None,92.2,-1.0,0,4,0.00,0,0,0,0,0.00,2,0,0.000,0.000,-1,-1,-1,-1,-1,-1,-1,-1,-999,-1,-1,0,-1,-1,-1,35.5,0,0.00,0,1,0.50823,0.61307,-0.56800,-0.27627,3.28,5.77,0,0
481,8.0167,swing,swingLow,264.397,-432.225,26.720,0.612,-9.837,-17.708,20.266,9.856,25.620,234.00,-443.19,36.27,28.44,0.354,2,,0,0.00,0.00,0.00,263.239,-427.971,27.955,-89.30,-11.50,60.30,4.578,0.000,0.05,1.00,1,0,1,0,0,0,-11.50,-27.36,-8.03,0.1863,0.2616,0.6038,1,4.578,0,0.370,0,swing,swingCornerBankL,1.000,3,-0.587 0.005 -0.973 0.033 -0.354 0.456 0.651 0.066 0.712 0.286,263.12,-427.74,28.19,-11.50,-89.21,91.84,-1,-1,-1,-1,-0.024,-0.020 0.383 0.157 0.345,24.3,1,-1.000,-1.000,0.6040,-1.82,,-1.000,0.0,0.0,0.0,,,92.3,146.2,-92.3,,0.000,0.0,11.5,-1.00,-1.0,0.0,0,1500,-1.0,123.7,-1.0,0.0,0.00,5.00,-1,0,0.000,0,0.00,18.48,0,0,1,0.0,2,0.00,0.000,0.65,0.00,1.424,0.230,0.000,-1.000,-1.000,-1.000,-1.000,None,87.2,-1.0,0,4,0.00,0,0,0,0,0.00,2,0,0.000,0.000,-1,-1,-1,-1,-1,-1,-1,-1,-999,-1,-1,0,-1,-1,-1,35.5,0,0.00,0,1,0.49699,0.62434,-0.59038,-0.30502,3.37,5.88,0,0
482,8.0333,swing,swingLow,264.399,-432.386,26.419,-0.021,-9.742,-18.161,20.609,9.742,25.319,234.00,-443.19,36.27,28.44,0.354,2,,0,0.00,0.00,0.00,263.327,-428.188,27.698,-89.28,-11.50,60.29,4.518,0.000,0.06,1.00,1,0,1,0,0,0,-11.50,-27.18,-8.05,0.1901,0.2635,0.6183,1,4.518,0,0.370,0,swing,swingCornerBankL,1.000,3,-0.588 0.011 -0.973 0.045 -0.355 0.440 0.665 0.087 0.732 0.301,263.24,-427.97,27.96,-11.50,-89.30,91.83,-1,-1,-1,-1,-0.014,-0.003 0.362 0.168 0.344,25.0,1,-1.000,-1.000,0.5939,-1.86,,-1.000,0.0,0.0,0.0,,,91.3,111.9,-91.3,,0.000,0.0,11.5,-1.00,-1.0,0.0,0,1500,-1.0,123.7,-1.0,0.0,0.00,5.00,-1,0,0.000,0,0.00,18.48,0,0,1,0.0,2,0.00,0.000,0.65,0.00,1.422,0.244,0.000,-1.000,-1.000,-1.000,-1.000,None,87.3,-1.0,0,4,0.00,0,0,0,0,0.00,2,0,0.000,0.000,-1,-1,-1,-1,-1,-1,-1,-1,-999,-1,-1,0,-1,-1,-1,35.5,0,0.00,0,1,0.48674,0.63409,-0.61687,-0.33805,3.46,6.02,0,0
483,8.0500,swing,swingLow,264.395,-432.549,26.111,-0.388,-9.834,-18.515,20.968,9.841,25.011,234.00,-443.19,36.27,28.44,0.356,2,,0,0.00,0.00,0.00,263.384,-428.391,27.424,-89.05,-11.50,60.29,4.476,0.000,0.06,1.00,1,0,1,0,0,0,-11.50,-26.98,-8.07,0.1931,0.2649,0.6300,1,4.476,0,0.370,0,swing,swingCornerBankL,1.000,3,-0.588 0.016 -0.971 0.056 -0.362 0.425 0.674 0.093 0.743 0.297,263.33,-428.19,27.70,-11.50,-89.28,91.83,-1,-1,-1,-1,-0.005,0.012 0.345 0.165 0.329,25.6,1,-1.000,-1.000,0.5850,-1.90,,-1.000,0.0,0.0,0.0,,,90.5,97.5,-90.5,,0.000,0.0,11.5,-1.00,-1.0,0.0,0,1500,-1.0,123.7,-1.0,0.0,0.00,5.00,-1,0,0.000,0,0.00,18.48,0,0,1,0.0,2,0.00,0.000,0.65,0.00,1.417,0.255,0.000,-1.000,-1.000,-1.000,-1.000,None,87.7,-1.0,0,4,0.00,0,0,0,0,0.00,2,0,0.000,0.000,-1,-1,-1,-1,-1,-1,-1,-1,-999,-1,-1,0,-1,-1,-1,35.5,0,0.00,0,1,0.47773,0.64120,-0.65462,-0.37925,3.52,6.20,0,0
484,8.0667,swing,swingLow,264.385,-432.714,25.798,-0.704,-9.949,-18.858,21.333,9.974,24.698,234.00,-443.19,36.27,28.44,0.360,2,,0,0.00,0.00,0.00,263.412,-428.582,27.138,-88.61,-11.50,60.29,4.451,0.000,0.06,1.00,1,0,1,0,0,0,-11.50,-26.76,-8.08,0.1917,0.2664,0.6367,1,4.451,0,0.370,0,swing,swingCornerBankL,1.000,3,-0.588 0.021 -0.969 0.067 -0.375 0.414 0.682 0.090 0.745 0.285,263.38,-428.39,27.42,-11.50,-89.05,91.83,-1,-1,-1,-1,0.003,0.027 0.333 0.160 0.311,26.0,1,-1.000,-1.000,0.5774,-1.93,,-1.000,0.0,0.0,0.0,,,89.7,86.4,-89.7,,0.000,0.0,11.5,-1.00,-1.0,0.0,0,1500,-1.0,123.9,-1.0,0.0,0.00,5.00,-1,0,0.000,0,0.00,18.48,0,0,1,0.0,2,0.00,0.000,0.65,0.00,1.414,0.254,0.000,-1.000,-1.000,-1.000,-1.000,None,88.1,-1.0,0,4,0.00,0,0,0,0,0.00,2,0,0.000,0.000,-1,-1,-1,-1,-1,-1,-1,-1,-999,-1,-1,0,-1,-1,-1,35.5,0,0.00,0,1,0.46979,0.64569,-0.70551,-0.43018,3.57,6.45,0,0
485,8.0833,swing,swingLow,264.370,-432.881,25.479,-1.038,-10.086,-19.188,21.702,10.139,24.379,234.00,-443.19,36.27,28.44,0.366,2,,0,0.00,0.00,0.00,263.417,-428.764,26.841,-88.01,-11.50,60.29,4.439,0.000,0.06,1.00,1,0,1,0,0,0,-11.50,-26.53,-8.10,0.1899,0.2671,0.6411,1,4.439,0,0.370,0,swing,swingCornerBankL,1.000,3,-0.587 0.027 -0.966 0.077 -0.389 0.407 0.688 0.086 0.746 0.272,263.41,-428.58,27.14,-11.50,-88.61,91.82,-1,-1,-1,-1,0.011,0.041 0.326 0.153 0.294,26.3,1,-1.000,-1.000,0.5703,-1.97,,-1.000,0.0,0.0,0.0,,,88.9,78.6,-88.9,,0.000,0.0,11.5,-1.00,-1.0,0.0,0,1500,-1.0,124.3,-1.0,0.0,0.00,5.00,-1,0,0.000,0,0.00,18.48,0,0,1,0.0,2,0.00,0.000,0.65,0.00,1.411,0.252,0.000,-1.000,-1.000,-1.000,-1.000,None,88.4,-1.0,0,4,0.00,0,0,0,0,0.00,2,0,0.000,0.000,-1,-1,-1,-1,-1,-1,-1,-1,-999,-1,-1,0,-1,-1,-1,35.5,0,0.00,0,1,0.46277,0.64845,-0.76918,-0.49135,3.61,6.77,0,0
486,8.1000,swing,swingLow,264.349,-433.050,25.155,-1.388,-10.244,-19.505,22.075,10.338,24.055,234.00,-443.19,36.27,28.44,0.373,2,,0,0.00,0.00,0.00,263.403,-428.939,26.535,-87.32,-11.50,60.29,4.438,0.000,0.07,1.00,1,0,1,0,0,0,-11.50,-26.29,-8.12,0.1887,0.2675,0.6441,1,4.438,0,0.370,0,swing,swingCornerBankL,1.000,3,-0.585 0.035 -0.964 0.090 -0.395 0.403 0.695 0.081 0.748 0.258,263.42,-428.76,26.84,-11.50,-88.01,91.82,-1,-1,-1,-1,0.023,0.059 0.322 0.145 0.276,26.2,1,-1.000,-1.000,0.5638,-2.00,,-1.000,0.0,0.0,0.0,,,87.8,71.3,-87.8,,0.000,0.0,11.5,-1.00,-1.0,0.0,0,1500,-1.0,124.9,-1.0,0.0,0.00,5.00,-1,0,0.000,0,0.00,19.05,0,0,1,0.0,2,0.00,0.000,0.65,0.00,1.411,0.249,0.000,-1.000,-1.000,-1.000,-1.000,None,88.9,-1.0,0,4,0.00,0,0,0,0,0.00,2,0,0.000,0.000,-1,-1,-1,-1,-1,-1,-1,-1,-999,-1,-1,0,-1,-1,-1,35.5,0,0.00,0,1,0.45628,0.64957,-0.84477,-0.56308,3.64,7.14,0,0
487,8.1167,swing,swingLow,264.322,-433.222,24.826,-1.749,-10.424,-19.808,22.452,10.570,23.726,234.00,-443.19,36.27,28.44,0.381,2,,0,0.00,0.00,0.00,263.376,-429.111,26.221,-86.58,-11.50,60.30,4.444,0.000,0.07,1.00,1,0,1,0,0,0,-11.50,-26.03,-8.13,0.1873,0.2672,0.6462,1,4.444,0,0.370,0,swing,swingCornerBankL,1.000,3,-0.583 0.042 -0.961 0.100 -0.403 0.400 0.701 0.075 0.749 0.246,263.40,-428.94,26.53,-11.50,-87.32,91.83,-1,-1,-1,-1,0.032,0.074 0.320 0.136 0.260,26.3,1,-1.000,-1.000,0.5577,-2.02,,-1.000,0.0,0.0,0.0,,,86.9,67.6,-86.8,,0.000,0.0,11.5,-1.00,-1.0,0.0,0,1500,-1.0,125.6,-1.0,0.0,0.00,5.00,-1,0,0.000,0,0.00,19.05,0,0,1,0.0,2,0.00,0.000,0.65,0.00,1.410,0.247,0.000,-1.000,-1.000,-1.000,-1.000,None,89.2,-1.0,0,4,0.00,0,0,0,0,0.00,2,0,0.000,0.000,-1,-1,-1,-1,-1,-1,-1,-1,-999,-1,-1,0,-1,-1,-1,35.5,0,0.00,0,1,0.45053,0.65029,-0.93116,-0.64549,3.66,7.57,0,0
488,8.1333,swing,swingLow,264.289,-433.397,24.491,-2.120,-10.624,-20.097,22.830,10.833,23.391,234.00,-443.19,36.27,28.44,0.391,2,,0,0.00,0.00,0.00,263.339,-429.280,25.902,-85.85,-11.50,60.31,4.455,0.000,0.07,1.00,1,0,1,0,0,0,-11.50,-25.75,-8.15,0.1859,0.2663,0.6478,1,4.455,0,0.370,0,swing,swingCornerBankL,1.000,3,-0.581 0.047 -0.958 0.110 -0.411 0.398 0.705 0.069 0.748 0.236,263.38,-429.11,26.22,-11.50,-86.58,91.84,-1,-1,-1,-1,0.041,0.087 0.320 0.128 0.247,26.4,1,-1.000,-1.000,0.5519,-2.05,,-1.000,0.0,0.0,0.0,,,86.0,65.7,-86.0,,0.000,0.0,11.5,-1.00,-1.0,0.0,0,1500,-1.0,126.3,-1.0,0.0,0.00,5.00,-1,0,0.000,0,0.00,19.05,0,0,1,0.0,2,0.00,0.000,0.65,0.00,1.409,0.246,0.000,-1.000,-1.000,-1.000,-1.000,None,89.3,-1.0,0,4,0.00,0,0,0,0,0.00,2,0,0.000,0.000,-1,-1,-1,-1,-1,-1,-1,-1,-999,-1,-1,0,-1,-1,-1,35.5,0,0.00,0,1,0.44537,0.65068,-1.02701,-0.73855,3.68,8.05,0,0
489,8.1500,swing,swingLow,264.250,-433.576,24.152,-2.500,-10.843,-20.370,23.211,11.127,23.052,234.00,-443.19,36.27,28.44,0.401,2,,0,0.00,0.00,0.00,263.294,-429.449,25.576,-85.16,-11.50,60.32,4.469,0.000,0.07,1.00,1,0,1,0,0,0,-11.50,-25.46,-8.17,0.1849,0.2651,0.6489,1,4.469,0,0.370,0,swing,swingCornerBankL,1.000,3,-0.578 0.052 -0.954 0.118 -0.419 0.398 0.709 0.063 0.748 0.227,263.34,-429.28,25.90,-11.50,-85.85,91.85,-1,-1,-1,-1,0.048,0.099 0.320 0.119 0.234,26.4,1,-1.000,-1.000,0.5465,-2.08,,-1.000,0.0,0.0,0.0,,,85.3,64.5,-85.2,,0.000,0.0,11.5,-1.00,-1.0,0.0,0,1500,-1.0,127.0,-1.0,0.0,0.00,5.00,-1,0,0.000,0,0.00,19.05,0,0,1,0.0,2,0.00,0.000,0.65,0.00,1.407,0.245,0.000,-1.000,-1.000,-1.000,-1.000,None,89.4,-1.0,0,4,0.00,0,0,0,0,0.00,2,0,0.000,0.000,-1,-1,-1,-1,-1,-1,-1,-1,-999,-1,-1,0,-1,-1,-1,35.5,0,0.00,0,1,0.44071,0.65076,-1.13070,-0.84194,3.69,8.57,0,0
490,8.1667,swing,swingLow,264.204,-433.759,23.809,-2.885,-11.081,-20.626,23.591,11.451,22.709,234.00,-443.19,36.27,28.44,0.411,2,,0,0.00,0.00,0.00,263.245,-429.619,25.245,-84.54,-11.50,60.34,4.486,0.000,0.08,1.00,1,0,1,0,0,0,-11.50,-25.15,-8.18,0.1842,0.2637,0.6498,1,4.486,0,0.370,0,swing,swingCornerBankL,1.000,3,-0.576 0.058 -0.950 0.127 -0.425 0.399 0.712 0.056 0.748 0.217,263.29,-429.45,25.58,-11.50,-85.16,91.86,-1,-1,-1,-1,0.056,0.111 0.322 0.110 0.222,26.5,1,-1.000,-1.000,0.5415,-2.10,,-1.000,0.0,0.0,0.0,,,84.6,63.7,-84.5,,0.000,0.0,11.5,-1.00,-1.0,0.0,0,1500,-1.0,127.7,-1.0,0.0,0.00,5.00,-1,0,0.000,0,0.00,19.05,0,0,1,0.0,2,0.00,0.000,0.65,0.00,1.406,0.245,0.000,-1.000,-1.000,-1.000,-1.000,None,89.4,-1.0,0,4,0.00,0,0,0,0,0.00,2,0,0.000,0.000,-1,-1,-1,-1,-1,-1,-1,-1,-999,-1,-1,0,-1,-1,-1,35.5,0,0.00,0,1,0.43644,0.65048,-1.24034,-0.95505,3.69,9.14,0,0
491,8.1833,swing,swingLow,264.152,-433.946,23.462,-3.274,-11.338,-20.864,23.971,11.802,22.362,234.00,-443.19,36.27,28.44,0.423,2,,0,0.00,0.00,0.00,263.192,-429.790,24.909,-84.01,-11.50,60.36,4.504,0.000,0.08,1.00,1,0,1,0,0,0,-11.50,-24.83,-8.20,0.1839,0.2622,0.6504,1,4.504,0,0.370,0,swing,swingCornerBankL,1.000,3,-0.573 0.063 -0.946 0.136 -0.430 0.401 0.714 0.049 0.748 0.208,263.25,-429.62,25.25,-11.50,-84.54,91.88,-1,-1,-1,-1,0.063,0.123 0.326 0.101 0.211,26.4,1,-1.000,-1.000,0.5367,-2.13,,-1.000,0.0,0.0,0.0,,,83.8,62.9,-83.7,,0.000,0.0,11.5,-1.00,-1.0,0.0,0,1500,-1.0,128.3,-1.0,0.0,0.00,5.00,-1,0,0.000,0,0.00,19.05,0,0,1,0.0,2,0.00,0.000,0.65,0.00,1.405,0.244,0.000,-1.000,-1.000,-1.000,-1.000,None,89.4,-1.0,0,4,0.00,0,0,0,0,0.00,2,0,0.000,0.000,-1,-1,-1,-1,-1,-1,-1,-1,-999,-1,-1,0,-1,-1,-1,35.5,0,0.00,0,1,0.43251,0.64983,-1.35372,-1.07686,3.69,9.73,0,0
492,8.2000,swing,swingLow,264.093,-434.137,23.110,-3.667,-11.612,-21.086,24.350,12.178,22.010,234.00,-443.19,36.27,28.44,0.435,2,,0,0.00,0.00,0.00,263.137,-429.965,24.569,-83.57,-11.50,60.39,4.523,0.000,0.08,1.00,1,0,1,0,0,0,-11.50,-24.49,-8.22,0.1840,0.2606,0.6508,1,4.523,0,0.370,0,swing,swingCornerBankL,1.000,3,-0.570 0.069 -0.942 0.145 -0.433 0.404 0.716 0.041 0.748 0.199,263.19,-429.79,24.91,-11.50,-84.01,91.91,-1,-1,-1,-1,0.071,0.135 0.330 0.091 0.200,26.3,1,-1.000,-1.000,0.5323,-2.15,,-1.000,0.0,0.0,0.0,,,83.1,62.2,-82.9,,0.000,0.0,11.5,-1.00,-1.0,0.0,0,1500,-1.0,128.8,-1.0,0.0,0.00,5.00,-1,0,0.000,0,0.00,21.10,0,0,1,0.0,2,0.00,0.000,0.65,0.00,1.404,0.243,0.000,-1.000,-1.000,-1.000,-1.000,None,89.4,-1.0,0,4,0.00,0,0,0,0,0.00,2,0,0.000,0.000,-1,-1,-1,-1,-1,-1,-1,-1,-999,-1,-1,0,-1,-1,-1,35.5,0,0.00,0,1,0.42885,0.64878,-1.46819,-1.20570,3.69,10.33,0,0
493,8.2167,swing,swingLow,264.028,-434.334,22.756,-4.061,-11.904,-21.288,24.726,12.578,21.656,234.00,-443.19,36.27,28.44,0.447,2,,0,0.00,0.00,0.00,263.081,-430.143,24.224,-83.23,-11.50,60.42,4.541,0.000,0.08,1.00,1,0,1,0,0,0,-11.50,-24.14,-8.23,0.1844,0.2591,0.6509,1,4.541,0,0.370,0,swing,swingCornerBankL,1.000,3,-0.568 0.076 -0.939 0.155 -0.433 0.408 0.717 0.032 0.750 0.189,263.14,-429.96,24.57,-11.50,-83.57,91.94,-1,-1,-1,-1,0.079,0.147 0.335 0.081 0.189,26.1,1,-1.000,-1.000,0.5280,-2.17,,-1.000,0.0,0.0,0.0,,,82.3,61.3,-82.1,,0.000,0.0,11.5,-1.00,-1.0,0.0,0,1500,-1.0,129.3,-1.0,0.0,0.00,5.00,-1,0,0.000,0,0.00,21.10,0,0,1,0.0,2,0.00,0.000,0.65,0.00,1.404,0.242,0.000,-1.000,-1.000,-1.000,-1.000,None,89.5,-1.0,0,4,0.00,0,0,0,0,0.00,2,0,0.000,0.000,-1,-1,-1,-1,-1,-1,-1,-1,-999,-1,-1,0,-1,-1,-1,35.5,0,0.00,0,1,0.42542,0.64730,-1.58079,-1.33936,3.68,10.93,0,0
494,8.2333,swing,swingLow,263.956,-434.535,22.398,-4.453,-12.214,-21.469,25.098,13.000,21.298,234.00,-443.19,36.27,28.44,0.460,2,,0,0.00,0.00,0.00,263.023,-430.325,23.876,-83.01,-11.50,60.46,4.559,0.000,0.09,1.00,1,0,1,0,0,0,-11.50,-23.78,-8.25,0.1850,0.2575,0.6508,1,4.559,0,0.370,0,swing,swingCornerBankL,1.000,3,-0.565 0.083 -0.936 0.166 -0.432 0.413 0.717 0.023 0.751 0.178,263.08,-430.14,24.22,-11.50,-83.23,91.98,-1,-1,-1,-1,0.087,0.160 0.340 0.071 0.178,25.9,1,-1.000,-1.000,0.5241,-2.18,,-1.000,0.0,0.0,0.0,,,81.5,60.5,-81.2,,0.000,0.0,11.5,-1.00,-1.0,0.0,0,1500,-1.0,129.6,-1.0,0.0,0.00,5.00,-1,0,0.000,0,0.00,21.10,0,0,1,0.0,2,0.00,0.000,0.65,0.00,1.404,0.241,0.000,-1.000,-1.000,-1.000,-1.000,None,89.5,-1.0,0,4,0.00,0,0,0,0,0.00,2,0,0.000,0.000,-1,-1,-1,-1,-1,-1,-1,-1,-999,-1,-1,0,-1,-1,-1,35.5,0,0.00,0,1,0.42221,0.64538,-1.68835,-1.47515,3.67,11.52,0,0
495,8.2500,swing,swingLow,263.878,-434.742,22.037,-4.847,-12.537,-21.631,25.467,13.442,20.937,234.00,-443.19,36.27,28.44,0.473,2,,0,0.00,0.00,0.00,262.958,-430.511,23.523,-82.80,-11.50,60.50,4.578,0.000,0.09,1.00,1,0,1,0,0,0,-11.50,-23.41,-8.27,0.1858,0.2559,0.6504,1,4.578,0,0.370,0,swing,swingCornerBankL,1.000,3,-0.563 0.091 -0.933 0.178 -0.429 0.418 0.718 0.013 0.753 0.167,263.02,-430.32,23.88,-11.50,-83.01,92.02,-1,-1,-1,-1,0.095,0.173 0.346 0.060 0.166,25.6,1,-1.000,-1.000,0.5204,-2.19,,-1.000,0.0,0.0,0.0,,,80.6,59.5,-80.2,,0.000,0.0,11.5,-1.00,-1.0,0.0,0,1500,-1.0,129.8,-1.0,0.0,0.00,5.00,-1,0,0.000,0,0.00,21.10,0,0,1,0.0,2,0.00,0.000,0.65,0.00,1.404,0.240,0.000,-1.000,-1.000,-1.000,-1.000,None,89.6,-1.0,0,4,0.00,0,0,0,0,0.00,2,0,0.000,0.000,-1,-1,-1,-1,-1,-1,-1,-1,-999,-1,-1,0,-1,-1,-1,35.5,0,0.00,0,1,0.41932,0.64301,-1.80468,-1.62399,3.66,12.16,0,0
496,8.2667,swing,swingLow,263.793,-434.954,21.674,-5.245,-12.873,-21.775,25.833,13.900,20.574,234.00,-443.19,36.27,28.44,0.487,2,,0,0.00,0.00,0.00,262.882,-430.701,23.168,-82.57,-11.50,60.55,4.599,0.000,0.09,1.00,1,0,1,0,0,0,-11.50,-23.02,-8.28,0.1865,0.2541,0.6495,1,4.599,0,0.370,0,swing,swingCornerBankL,1.000,3,-0.561 0.099 -0.930 0.190 -0.425 0.424 0.718 0.002 0.756 0.156,262.96,-430.51,23.52,-11.50,-82.80,92.07,-1,-1,-1,-1,0.105,0.187 0.353 0.049 0.154,25.1,1,-1.000,-1.000,0.5170,-2.19,,-1.000,0.0,0.0,0.0,,,79.7,58.5,-79.2,,0.000,0.0,11.5,-1.00,-1.0,0.0,0,1500,-1.0,130.0,-1.0,0.0,0.00,5.00,-1,0,0.000,0,0.00,21.10,0,0,1,0.0,2,0.00,0.000,0.65,0.00,1.405,0.239,0.000,-1.000,-1.000,-1.000,-1.000,None,89.6,-1.0,0,4,0.00,0,0,0,0,0.00,2,0,0.000,0.000,-1,-1,-1,-1,-1,-1,-1,-1,-999,-1,-1,0,-1,-1,-1,35.5,0,0.00,0,1,0.41676,0.64017,-1.94030,-1.79504,3.64,12.91,0,0
497,8.2833,swing,swingLow,263.702,-435.171,21.309,-5.644,-13.220,-21.898,26.195,14.375,20.209,234.00,-443.19,36.27,28.44,0.501,2,,0,0.00,0.00,0.00,262.800,-430.896,22.809,-82.37,-11.50,60.61,4.620,0.000,0.09,1.00,1,0,1,0,0,0,-11.50,-22.62,-8.30,0.1872,0.2523,0.6484,1,4.620,0,0.370,0,swing,swingCornerBankL,1.000,3,-0.558 0.108 -0.927 0.202 -0.420 0.429 0.719 -0.008 0.758 0.144,262.88,-430.70,23.17,-11.50,-82.57,92.13,-1,-1,-1,-1,0.114,0.201 0.359 0.037 0.142,24.7,1,-1.000,-1.000,0.5139,-2.17,,-1.000,0.0,0.0,0.0,,,78.8,57.5,-78.2,,0.000,0.0,11.5,-1.00,-1.0,0.0,0,1500,-1.0,130.2,-1.0,0.0,0.00,5.00,-1,0,0.000,0,0.00,21.10,0,0,1,0.0,2,0.00,0.000,0.65,0.00,1.407,0.238,0.000,-1.000,-1.000,-1.000,-1.000,None,89.7,-1.0,0,4,0.00,0,0,0,0,0.00,2,0,0.000,0.000,-1,-1,-1,-1,-1,-1,-1,-1,-999,-1,-1,0,-1,-1,-1,35.5,0,0.00,0,1,0.41451,0.63708,-2.08663,-1.98059,3.63,13.72,0,0
498,8.3000,swing,swingLow,263.604,-435.395,20.942,-6.043,-13.580,-22.000,26.551,14.864,19.842,234.00,-443.19,36.27,28.44,0.515,2,,0,0.00,0.00,0.00,262.721,-431.097,22.448,-82.34,-11.50,60.66,4.640,0.000,0.09,1.00,1,0,1,0,0,0,-11.50,-22.21,-8.32,0.1881,0.2507,0.6471,1,4.640,0,0.370,0,swing,swingCornerBankL,1.000,3,-0.556 0.116 -0.925 0.214 -0.413 0.435 0.719 -0.019 0.761 0.133,262.80,-430.90,22.81,-11.50,-82.37,92.19,-1,-1,-1,-1,0.124,0.215 0.366 0.026 0.130,24.2,1,-1.000,-1.000,0.5110,-2.13,,-1.000,0.0,0.0,0.0,,,77.8,56.4,-77.1,,0.000,0.0,11.5,-1.00,-1.0,0.0,0,1500,-1.0,130.4,-1.0,0.0,0.00,5.00,-1,0,0.000,0,0.00,47.03,0,0,1,0.0,2,0.00,0.000,0.65,0.00,1.408,0.237,0.000,-1.000,-1.000,-1.000,-1.000,None,89.8,-1.0,0,4,0.00,0,0,0,0,0.00,2,0,0.000,0.000,-1,-1,-1,-1,-1,-1,-1,-1,-999,-1,-1,0,-1,-1,-1,35.5,0,0.00,0,1,0.41236,0.63378,-2.21081,-2.15215,3.61,14.42,0,0
499,8.3167,swing,swingLow,263.499,-435.625,20.573,-6.427,-13.958,-22.075,26.897,15.367,19.473,234.00,-443.19,36.27,28.44,0.529,2,,0,0.00,0.00,0.00,262.653,-431.305,22.084,-82.53,-11.50,60.73,4.655,0.000,0.10,1.00,1,0,1,0,0,0,-11.50,-21.80,-8.33,0.1894,0.2491,0.6458,1,4.655,0,0.370,0,swing,swingCornerBankL,1.000,3,-0.554 0.126 -0.924 0.227 -0.404 0.442 0.718 -0.031 0.765 0.120,262.72,-431.10,22.45,-11.50,-82.34,92.26,-1,-1,-1,-1,0.134,0.230 0.373 0.014 0.118,23.6,1,-1.000,-1.000,0.5082,-2.06,,-1.000,0.0,0.0,0.0,,,76.8,55.3,-76.0,,0.000,0.0,11.5,-1.00,-1.0,0.0,0,1500,-1.0,130.5,-1.0,0.0,0.00,5.00,-1,0,0.000,0,0.00,47.03,0,0,1,0.0,2,0.00,0.000,0.65,0.00,1.410,0.236,0.000,-1.000,-1.000,-1.000,-1.000,None,89.9,-1.0,0,4,0.00,0,0,0,0,0.00,2,0,0.000,0.000,-1,-1,-1,-1,-1,-1,-1,-1,-999,-1,-1,0,-1,-1,-1,35.5,0,0.00,0,1,0.41022,0.63009,-2.28581,-2.28379,3.59,14.88,0,0
500,8.3333,swing,swingLow,263.389,-435.862,20.203,-6.794,-14.354,-22.120,27.230,15.880,19.103,234.00,-443.19,36.27,28.44,0.543,2,,0,0.00,0.00,0.00,262.591,-431.520,21.719,-82.91,-11.50,60.80,4.667,0.000,0.10,1.00,1,0,1,0,0,0,-11.50,-21.37,-8.35,0.1909,0.2477,0.6443,1,4.667,0,0.370,0,swing,swingCornerBankL,1.000,3,-0.553 0.136 -0.923 0.241 -0.393 0.449 0.717 -0.043 0.769 0.107,262.65,-431.30,22.08,-11.50,-82.53,92.33,-1,-1,-1,-1,0.144,0.245 0.380 0.001 0.105,22.9,1,-1.000,-1.000,0.5055,-1.97,,-1.000,0.0,0.0,0.0,,,75.8,54.1,-74.9,,0.000,0.0,11.5,-1.00,-1.0,0.0,0,1500,-1.0,130.3,-1.0,0.0,0.00,5.00,-1,0,0.000,0,0.00,47.03,0,0,1,0.0,2,0.00,0.000,0.65,0.00,1.412,0.235,0.000,-1.000,-1.000,-1.000,-1.000,None,90.1,-1.0,0,4,0.00,0,0,0,0,0.00,2,0,0.000,0.000,-1,-1,-1,-1,-1,-1,-1,-1,-999,-1,-1,0,-1,-1,-1,35.5,0,0.00,0,1,0.40817,0.62581,-2.31546,-2.37717,3.57,15.12,0,0
501,8.3500,swing,swingLow,263.272,-436.105,19.833,-7.159,-14.758,-22.143,27.557,16.403,18.733,234.00,-443.19,36.27,28.44,0.558,2,,0,0.00,0.00,0.00,262.533,-431.742,21.352,-83.43,-11.50,60.87,4.678,0.000,0.10,1.00,1,0,1,0,0,0,-11.50,-20.94,-8.37,0.1927,0.2463,0.6426,1,4.678,0,0.370,0,swing,swingCornerBankL,1.000,3,-0.551 0.148 -0.922 0.257 -0.379 0.456 0.716 -0.058 0.774 0.091,262.59,-431.52,21.72,-11.50,-82.91,92.41,-1,-1,-1,-1,0.156,0.262 0.387 -0.012 0.091,22.1,1,-1.000,-1.000,0.5029,-1.87,,-1.000,0.0,0.0,0.0,,,74.6,52.7,-73.6,,0.000,0.0,11.5,-1.00,-1.0,0.0,0,1500,-1.0,129.9,-1.0,0.0,0.00,5.00,-1,0,0.000,0,0.00,47.03,0,0,1,0.0,2,0.00,0.000,0.65,0.00,1.416,0.233,0.000,-1.000,-1.000,-1.000,-1.000,None,90.3,-1.0,0,4,0.00,0,0,0,0,0.00,2,0,0.000,0.000,-1,-1,-1,-1,-1,-1,-1,-1,-999,-1,-1,0,-1,-1,-1,35.5,0,0.00,0,1,0.40619,0.62086,-2.30748,-2.43771,3.55,15.17,0,0
502,8.3667,swing,swingLow,263.149,-436.355,19.463,-7.519,-15.171,-22.143,27.875,16.932,18.363,234.00,-443.19,36.27,28.44,0.572,2,,0,0.00,0.00,0.00,262.474,-431.971,20.984,-84.04,-11.50,60.95,4.689,0.000,0.10,1.00,1,0,1,0,0,0,-11.50,-20.49,-8.38,0.1945,0.2454,0.6407,1,4.689,0,0.370,0,swing,swingCornerBankL,1.000,3,-0.549 0.161 -0.922 0.275 -0.361 0.462 0.715 -0.073 0.779 0.074,262.53,-431.74,21.35,-11.50,-83.43,92.50,-1,-1,-1,-1,0.168,0.280 0.393 -0.026 0.077,21.3,1,-1.000,-1.000,0.5006,-1.78,,-1.000,0.0,0.0,0.0,,,73.4,51.2,-72.2,,0.000,0.0,11.5,-1.00,-1.0,0.0,0,1500,-1.0,129.4,-1.0,0.0,0.00,5.00,-1,0,0.000,0,0.00,47.03,0,0,1,0.0,2,0.00,0.000,0.65,0.00,1.420,0.232,0.000,-1.000,-1.000,-1.000,-1.000,None,90.6,-1.0,0,4,0.00,0,0,0,0,0.00,2,0,0.000,0.000,-1,-1,-1,-1,-1,-1,-1,-1,-999,-1,-1,0,-1,-1,-1,35.5,0,0.00,0,1,0.40438,0.61533,-2.27676,-2.47745,3.52,15.10,0,0
503,8.3833,swing,swingLow,263.020,-436.612,19.093,-7.875,-15.592,-22.119,28.185,17.468,17.993,234.00,-443.19,36.27,28.44,0.587,2,,0,0.00,0.00,0.00,262.412,-432.207,20.615,-84.70,-11.50,61.04,4.700,0.000,0.10,0.99,1,0,1,0,0,0,-11.50,-20.04,-8.40,0.1960,0.2448,0.6384,1,4.700,0,0.371,0,swing,swingCornerBankL,1.000,3,-0.547 0.174 -0.921 0.293 -0.342 0.469 0.713 -0.088 0.783 0.057,262.47,-431.97,20.98,-11.50,-84.04,92.59,-1,-1,-1,-1,0.181,0.299 0.399 -0.041 0.062,20.4,1,-1.000,-1.000,0.4989,-1.69,,-1.000,0.0,0.0,0.0,,,72.1,49.8,-70.8,,0.000,0.0,11.5,-1.00,-1.0,0.0,0,1500,-1.0,128.8,-1.0,0.0,0.00,5.00,-1,0,0.000,0,0.00,47.03,0,0,1,0.0,2,0.00,0.000,0.65,0.00,1.424,0.230,0.000,-1.000,-1.000,-1.000,-1.000,None,90.9,-1.0,0,4,0.00,0,0,0,0,0.00,2,0,0.000,0.000,-1,-1,-1,-1,-1,-1,-1,-1,-999,-1,-1,0,-1,-1,-1,35.5,0,0.00,0,1,0.40282,0.60947,-2.23857,-2.51009,3.50,14.99,0,0
504,8.4000,swing,swingLow,262.886,-436.876,18.724,-8.226,-16.019,-22.071,28.486,18.008,17.624,234.00,-443.19,36.27,28.44,0.601,2,,0,0.00,0.00,0.00,262.344,-432.449,20.245,-85.36,-11.50,61.13,4.712,0.000,0.10,0.99,1,0,1,0,0,0,-11.50,-19.59,-8.42,0.1974,0.2439,0.6359,1,4.712,0,0.371,0,swing,swingCornerBankL,1.000,3,-0.545 0.187 -0.920 0.311 -0.322 0.475 0.712 -0.104 0.787 0.040,262.41,-432.21,20.61,-11.50,-84.70,92.68,-1,-1,-1,-1,0.193,0.317 0.405 -0.055 0.047,19.5,1,-1.000,-1.000,0.4973,-1.61,,-1.000,0.0,0.0,0.0,,,70.8,48.4,-69.3,,0.000,0.0,11.5,-1.00,-1.0,0.0,0,1500,-1.0,128.2,-1.0,0.0,0.00,5.00,-1,0,0.000,0,0.00,49.24,0,0,1,0.0,2,0.00,0.000,0.65,0.00,1.428,0.228,0.000,-1.000,-1.000,-1.000,-1.000,None,91.2,-1.0,0,4,0.00,0,0,0,0,0.00,2,0,0.000,0.000,-1,-1,-1,-1,-1,-1,-1,-1,-999,-1,-1,0,-1,-1,-1,35.5,0,0.00,0,1,0.40153,0.60332,-2.20286,-2.54531,3.47,14.90,0,0
505,8.4167,swing,swingLow,262.745,-437.147,18.356,-8.575,-16.451,-21.999,28.777,18.552,17.256,234.00,-443.19,36.27,28.44,0.616,2,,0,0.00,0.00,0.00,262.267,-432.698,19.876,-86.01,-11.50,61.22,4.726,0.000,0.10,0.99,1,0,1,0,0,0,-11.50,-19.12,-8.43,0.1985,0.2428,0.6330,1,4.726,0,0.372,0,swing,swingCornerBankL,1.000,3,-0.542 0.200 -0.919 0.330 -0.301 0.481 0.709 -0.121 0.790 0.023,262.34,-432.45,20.25,-11.50,-85.36,92.79,-1,-1,-1,-1,0.206,0.335 0.411 -0.070 0.033,18.5,1,-1.000,-1.000,0.4958,-1.53,,-1.000,0.0,0.0,0.0,,,69.6,47.0,-67.9,,0.000,0.0,11.5,-1.00,-1.0,0.0,0,1500,-1.0,127.5,-1.0,0.0,0.00,5.00,-1,0,0.000,0,0.00,49.24,0,0,1,0.0,2,0.00,0.000,0.65,0.00,1.432,0.226,0.000,-1.000,-1.000,-1.000,-1.000,None,91.5,-1.0,0,4,0.00,0,0,0,0,0.00,2,0,0.000,0.000,-1,-1,-1,-1,-1,-1,-1,-1,-999,-1,-1,0,-1,-1,-1,35.5,0,0.00,0,1,0.40053,0.59695,-2.17565,-2.58958,3.44,14.86,0,0
506,8.4333,swing,swingLow,262.599,-437.425,17.989,-8.919,-16.886,-21.904,29.060,19.097,16.889,234.00,-443.19,36.27,28.44,0.630,2,,0,0.00,0.00,0.00,262.182,-432.954,19.508,-86.63,-11.50,61.32,4.741,0.000,0.10,0.99,1,0,1,0,0,0,-11.50,-18.65,-8.45,0.1994,0.2415,0.6299,1,4.741,0,0.373,0,swing,swingCornerBankL,1.000,3,-0.538 0.213 -0.917 0.347 -0.280 0.486 0.707 -0.137 0.792 0.006,262.27,-432.70,19.88,-11.50,-86.01,92.89,-1,-1,-1,-1,0.218,0.353 0.416 -0.085 0.019,17.7,1,-1.000,-1.000,0.4945,-1.46,,-1.000,0.0,0.0,0.0,,,68.3,45.7,-66.5,,0.000,0.0,11.5,-1.00,-1.0,0.0,0,1500,-1.0,126.9,-1.0,0.0,0.00,5.00,-1,0,0.000,0,0.00,49.24,0,0,1,0.0,2,0.00,0.000,0.65,0.00,1.437,0.224,0.000,-1.000,-1.000,-1.000,-1.000,None,91.7,-1.0,0,4,0.00,0,0,0,0,0.00,2,0,0.000,0.000,-1,-1,-1,-1,-1,-1,-1,-1,-999,-1,-1,0,-1,-1,-1,35.5,0,0.00,0,1,0.39979,0.59046,-2.16063,-2.64695,3.41,14.88,0,0
507,8.4500,swing,swingLow,262.447,-437.711,17.624,-9.258,-17.325,-21.784,29.333,19.644,16.524,234.00,-443.19,36.27,28.44,0.644,2,,0,0.00,0.00,0.00,262.087,-433.217,19.140,-87.21,-11.50,61.42,4.757,0.000,0.10,0.99,1,0,1,0,0,0,-11.50,-18.18,-8.47,0.1999,0.2399,0.6266,1,4.757,0,0.373,0,swing,swingCornerBankL,1.000,3,-0.535 0.225 -0.916 0.364 -0.259 0.490 0.704 -0.153 0.794 -0.011,262.18,-432.95,19.51,-11.50,-86.63,93.00,-1,-1,-1,-1,0.229,0.371 0.420 -0.100 0.004,16.8,1,-1.000,-1.000,0.4934,-1.38,,-1.000,0.0,0.0,0.0,,,67.1,44.4,-65.1,,0.000,0.0,11.5,-1.00,-1.0,0.0,0,1500,-1.0,126.3,-1.0,0.0,0.00,5.00,-1,0,0.000,0,0.00,49.24,0,0,1,0.0,2,0.00,0.000,0.65,0.00,1.441,0.222,0.000,-1.000,-1.000,-1.000,-1.000,None,91.9,-1.0,0,4,0.00,0,0,0,0,0.00,2,0,0.000,0.000,-1,-1,-1,-1,-1,-1,-1,-1,-999,-1,-1,0,-1,-1,-1,35.5,0,0.00,0,1,0.39933,0.58397,-2.16050,-2.71936,3.38,14.99,0,0
508,8.4667,swing,swingLow,262.290,-438.004,17.261,-9.591,-17.766,-21.639,29.595,20.190,16.161,234.00,-443.19,36.27,28.44,0.658,2,,0,0.00,0.00,0.00,261.983,-433.486,18.773,-87.75,-11.50,61.53,4.774,0.000,0.10,0.99,1,0,1,0,0,0,-11.50,-17.70,-8.48,0.2002,0.2380,0.6232,1,4.774,0,0.375,0,swing,swingCornerBankL,1.000,3,-0.531 0.236 -0.914 0.379 -0.239 0.494 0.702 -0.169 0.794 -0.027,262.09,-433.22,19.14,-11.50,-87.21,93.12,-1,-1,-1,-1,0.241,0.388 0.425 -0.116 -0.010,15.9,1,-1.000,-1.000,0.4924,-1.29,,-1.000,0.0,0.0,0.0,,,65.9,43.2,-63.8,,0.000,0.0,11.5,-1.00,-1.0,0.0,0,1500,-1.0,125.7,-1.0,0.0,0.00,5.00,-1,0,0.000,0,0.00,49.24,0,0,1,0.0,2,0.00,0.000,0.65,0.00,1.445,0.220,0.000,-1.000,-1.000,-1.000,-1.000,None,92.1,-1.0,0,4,0.00,0,0,0,0,0.00,2,0,0.000,0.000,-1,-1,-1,-1,-1,-1,-1,-1,-999,-1,-1,0,-1,-1,-1,35.5,0,0.00,0,1,0.39912,0.57751,-2.17697,-2.80916,3.35,15.18,0,0
509,8.4833,swing,swingLow,262.127,-438.305,16.901,-9.917,-18.209,-21.470,29.848,20.734,15.801,234.00,-443.19,36.27,28.44,0.672,2,,0,0.00,0.00,0.00,261.869,-433.762,18.408,-88.24,-11.50,61.64,4.793,0.001,0.10,0.99,1,0,1,0,0,0,-11.50,-17.22,-8.50,0.2001,0.2360,0.6195,1,4.793,0,0.376,0,swing,swingCornerBankL,1.000,3,-0.527 0.247 -0.912 0.394 -0.220 0.498 0.699 -0.185 0.794 -0.042,261.98,-433.49,18.77,-11.50,-87.75,93.24,-1,-1,-1,-1,0.252,0.405 0.429 -0.132 -0.024,15.1,1,-1.000,-1.000,0.4915,-1.17,,-1.000,0.0,0.0,0.0,,,64.7,42.0,-62.5,,0.000,0.0,11.5,-1.00,-1.0,0.0,0,1500,-1.0,125.2,-1.0,0.0,0.00,5.00,-1,0,0.000,0,0.00,49.24,0,0,1,0.0,2,0.00,0.000,0.65,0.00,1.449,0.218,0.000,-1.000,-1.000,-1.000,-1.000,None,92.3,-1.0,0,4,0.00,0,0,0,0,0.00,2,0,0.000,0.000,-1,-1,-1,-1,-1,-1,-1,-1,-999,-1,-1,0,-1,-1,-1,35.5,0,0.00,0,1,0.39912,0.57109,-2.21155,-2.91889,3.32,15.47,0,0
510,8.5000,swing,swingLow,261.959,-438.613,16.544,-10.236,-18.652,-21.277,30.089,21.276,15.444,234.00,-443.19,36.27,28.44,0.686,2,,0,0.00,0.00,0.00,261.746,-434.045,18.045,-88.69,-11.50,61.75,4.812,0.001,0.10,0.99,1,0,1,0,0,0,-11.50,-16.73,-8.52,0.1998,0.2339,0.6157,1,4.812,0,0.377,0,swing,swingCornerBankL,1.000,3,-0.523 0.257 -0.909 0.408 -0.201 0.500 0.695 -0.200 0.793 -0.057,261.87,-433.76,18.41,-11.50,-88.24,93.36,-1,-1,-1,-1,0.263,0.421 0.432 -0.148 -0.038,14.3,1,-1.000,-1.000,0.4908,-1.03,,-1.000,0.0,0.0,0.0,,,63.6,40.8,-61.2,,0.000,0.0,11.5,-1.00,-1.0,0.0,0,1500,-1.0,124.7,-1.0,0.0,0.00,5.00,-1,0,0.000,0,0.00,51.42,0,0,1,0.0,2,0.00,0.000,0.65,0.00,1.453,0.217,0.000,-1.000,-1.000,-1.000,-1.000,None,92.5,-1.0,0,4,0.00,0,0,0,0,0.00,2,0,0.000,0.000,-1,-1,-1,-1,-1,-1,-1,-1,-999,-1,-1,0,-1,-1,-1,35.5,0,0.00,0,1,0.39930,0.56470,-2.26533,-3.05289,3.29,15.87,0,0
511,8.5167,swing,swingLow,261.785,-438.928,16.191,-10.545,-19.095,-21.059,30.320,21.814,15.091,234.00,-443.19,36.27,28.44,0.700,2,,0,0.00,0.00,0.00,261.614,-434.336,17.685,-89.10,-11.50,61.86,4.832,0.002,0.10,0.99,1,0,1,0,0,0,-11.50,-16.24,-8.53,0.1992,0.2316,0.6118,1,4.832,0,0.379,0,swing,swingCornerBankL,1.000,3,-0.519 0.267 -0.907 0.422 -0.182 0.502 0.692 -0.215 0.791 -0.071,261.75,-434.05,18.05,-11.50,-88.69,93.49,-1,-1,-1,-1,0.273,0.437 0.435 -0.164 -0.053,13.5,1,-1.000,-1.000,0.4901,-0.87,,-1.000,0.0,0.0,0.0,,,62.5,39.7,-60.0,,0.000,0.0,11.5,-1.00,-1.0,0.0,0,1500,-1.0,124.2,-1.0,0.0,0.00,5.00,-1,0,0.000,0,0.00,51.42,0,0,1,0.0,2,0.00,0.000,0.65,0.00,1.456,0.215,0.000,-1.000,-1.000,-1.000,-1.000,None,92.6,-1.0,0,4,0.00,0,0,0,0,0.00,2,0,0.000,0.000,-1,-1,-1,-1,-1,-1,-1,-1,-999,-1,-1,0,-1,-1,-1,35.5,0,0.00,0,1,0.39964,0.55830,-2.34005,-3.21586,3.26,16.39,0,0
512,8.5333,swing,swingLow,261.607,-439.250,15.841,-10.846,-19.538,-20.818,30.541,22.346,14.741,234.00,-443.19,36.27,28.44,0.713,2,,0,0.00,0.00,0.00,261.473,-434.640,17.327,-89.47,-11.50,61.98,4.846,0.003,0.10,0.99,1,0,1,0,0,0,-11.50,-15.75,-8.55,0.2011,0.2295,0.6094,1,4.846,0,0.380,0,swing,swingCornerBankL,1.000,3,-0.515 0.276 -0.904 0.434 -0.165 0.504 0.689 -0.231 0.789 -0.086,261.61,-434.34,17.68,-11.50,-89.10,93.62,-1,-1,-1,-1,0.283,0.452 0.438 -0.180 -0.067,12.7,1,-1.000,-1.000,0.4895,-0.72,,-1.000,0.0,0.0,0.0,,,61.4,38.5,-58.8,,0.000,0.0,11.5,-1.00,-1.0,0.0,0,1500,-1.0,123.8,-1.0,0.0,0.00,5.00,-1,0,0.000,0,0.00,51.42,0,0,1,0.0,2,0.00,0.000,0.65,0.00,1.460,0.214,0.000,-1.000,-1.000,-1.000,-1.000,None,92.7,-1.0,0,4,0.00,0,0,0,0,0.00,2,0,0.000,0.000,-1,-1,-1,-1,-1,-1,-1,-1,-999,-1,-1,0,-1,-1,-1,35.5,0,0.00,0,1,0.39992,0.55227,-2.44392,-3.42005,3.24,17.08,0,0
513,8.5500,swing,swingLow,261.424,-439.580,15.496,-11.138,-19.977,-20.552,30.750,22.873,14.396,234.00,-443.19,36.27,28.44,0.726,2,,0,0.00,0.00,0.00,261.324,-434.972,16.973,-89.80,-11.50,62.10,4.841,0.003,0.10,0.99,1,0,1,0,0,0,-11.50,-15.25,-8.57,0.2041,0.2284,0.6082,1,4.841,0,0.382,0,swing,swingCornerBankL,1.000,3,-0.511 0.285 -0.901 0.447 -0.148 0.504 0.685 -0.246 0.787 -0.100,261.47,-434.64,17.33,-11.50,-89.47,93.76,-1,-1,-1,-1,0.293,0.467 0.439 -0.196 -0.081,11.9,1,-1.000,-1.000,0.4889,-0.56,,-1.000,0.0,0.0,0.0,,,60.3,37.4,-57.6,,0.000,0.0,11.5,-1.00,-1.0,0.0,0,1500,-1.0,123.5,-1.0,0.0,0.00,5.00,-1,0,0.000,0,0.00,51.42,0,0,1,0.0,2,0.00,0.000,0.65,0.00,1.463,0.212,0.000,-1.000,-1.000,-1.000,-1.000,None,92.8,-1.0,0,4,0.00,0,0,0,0,0.00,2,0,0.000,0.001,-1,-1,-1,-1,-1,-1,-1,-1,-999,-1,-1,0,-1,-1,-1,35.5,0,0.00,0,1,0.39983,0.54717,-2.59221,-3.68776,3.23,18.04,0,0
514,8.5667,swing,swingLow,261.235,-439.918,15.155,-11.420,-20.414,-20.263,30.948,23.391,14.055,234.00,-443.19,36.27,28.44,0.739,2,,0,0.00,0.00,0.00,261.167,-435.310,16.622,-90.10,-11.50,62.22,4.836,0.005,0.10,0.99,1,0,1,0,0,0,-11.50,-14.76,-8.58,0.2068,0.2272,0.6069,1,4.836,0,0.384,0,swing,swingCornerBankL,1.000,3,-0.506 0.293 -0.898 0.459 -0.133 0.504 0.681 -0.262 0.783 -0.114,261.32,-434.97,16.97,-11.50,-89.80,93.89,-1,-1,-1,-1,0.303,0.482 0.441 -0.213 -0.096,11.2,1,-1.000,-1.000,0.4883,-0.41,,-1.000,0.0,0.0,0.0,,,59.2,36.4,-56.5,,0.000,0.0,11.5,-1.00,-1.0,0.0,0,1500,-1.0,123.2,-1.0,0.0,0.00,5.00,-1,0,0.000,0,0.00,51.42,0,0,1,0.0,2,0.00,0.000,0.65,0.00,1.467,0.211,0.000,-1.000,-1.000,-1.000,-1.000,None,92.9,-1.0,0,4,0.00,0,0,0,0,0.00,2,0,0.000,0.001,-1,-1,-1,-1,-1,-1,-1,-1,-999,-1,-1,0,-1,-1,-1,35.5,0,0.00,0,1,0.39985,0.54200,-2.77778,-4.01352,3.22,19.22,0,0
515,8.5833,swing,swingLow,261.043,-440.262,14.820,-11.692,-20.847,-19.951,31.134,23.902,13.720,234.00,-443.19,36.27,28.44,0.751,2,,0,0.00,0.00,0.00,261.003,-435.656,16.275,-90.37,-11.50,62.35,4.831,0.006,0.10,0.99,1,0,1,0,0,0,-11.50,-14.26,-8.60,0.2094,0.2259,0.6053,1,4.831,0,0.386,0,swing,swingCornerBankL,1.000,3,-0.502 0.302 -0.895 0.470 -0.118 0.504 0.677 -0.278 0.780 -0.129,261.17,-435.31,16.62,-11.50,-90.10,94.03,-1,-1,-1,-1,0.312,0.496 0.441 -0.230 -0.110,10.5,1,-1.000,-1.000,0.4878,-0.26,,-1.000,0.0,0.0,0.0,,,58.2,35.3,-55.4,,0.000,0.0,11.5,-1.00,-1.0,0.0,0,1500,-1.0,122.9,-1.0,0.0,0.00,5.00,-1,0,0.000,0,0.00,51.42,0,0,1,0.0,2,0.00,0.000,0.65,0.00,1.470,0.210,0.000,-1.000,-1.000,-1.000,-1.000,None,92.9,-1.0,0,4,0.00,0,0,0,0,0.00,2,0,0.000,0.003,-1,-1,-1,-1,-1,-1,-1,-1,-999,-1,-1,0,-1,-1,-1,35.5,0,0.00,0,1,0.39997,0.53676,-3.01106,-4.41489,3.21,20.70,0,0
516,8.6000,swing,swingLow,260.846,-440.614,14.489,-11.953,-21.274,-19.616,31.309,24.402,13.539,234.00,-443.19,36.27,28.44,0.763,2,,0,0.00,0.00,0.00,260.832,-436.009,15.933,-90.61,-11.50,62.47,4.826,0.007,0.10,0.99,1,0,1,0,0,0,-11.50,-13.77,-8.62,0.2123,0.2245,0.6034,1,4.826,0,0.388,0,swing,swingCornerBankL,1.000,3,-0.497 0.310 -0.892 0.481 -0.105 0.503 0.672 -0.293 0.776 -0.143,261.00,-435.66,16.28,-11.50,-90.37,94.17,-1,-1,-1,-1,0.321,0.510 0.442 -0.247 -0.125,9.8,1,-1.000,-1.000,0.4873,-0.12,,-1.000,0.0,0.0,0.0,,,57.2,34.3,-54.3,,0.000,0.0,11.5,-1.00,-1.0,0.0,0,1500,-1.0,122.6,-1.0,0.0,0.00,5.00,-1,0,0.000,0,0.00,52.32,0,0,1,0.0,2,0.00,0.000,0.65,0.00,1.473,0.209,0.000,-1.000,-1.000,-1.000,-1.000,None,93.0,-1.0,0,4,0.00,0,0,0,0,0.00,2,0,0.000,0.004,-1,-1,-1,-1,-1,-1,-1,-1,-999,-1,-1,0,-1,-1,-1,35.5,0,0.00,0,1,0.40016,0.53146,-3.30750,-4.91760,3.21,22.57,0,0
517,8.6167,swing,swingLow,260.644,-440.973,14.165,-12.203,-21.696,-19.260,31.473,24.892,13.215,234.00,-443.19,36.27,28.44,0.775,2,,0,0.00,0.00,0.00,260.653,-436.369,15.596,-90.83,-11.50,62.60,4.821,0.009,0.10,1.00,1,0,1,0,0,0,-11.50,-13.28,-8.63,0.2168,0.2230,0.6004,1,4.821,0,0.390,0,swing,swingCornerBankL,1.000,3,-0.492 0.317 -0.888 0.491 -0.092 0.502 0.668 -0.309 0.771 -0.156,260.83,-436.01,15.93,-11.50,-90.61,94.31,-1,-1,-1,-1,0.329,0.523 0.442 -0.264 -0.139,9.1,1,-1.000,-1.000,0.4868,0.01,,-1.000,0.0,0.0,0.0,,,56.2,33.2,-53.3,,0.000,0.0,11.5,-1.00,-1.0,0.0,0,1500,-1.0,122.4,-1.0,0.0,0.00,5.00,-1,0,0.000,0,0.00,52.32,0,0,1,0.0,2,0.00,0.000,0.65,0.00,1.475,0.208,0.000,-1.000,-1.000,-1.000,-1.000,None,93.0,-1.0,0,4,0.00,0,0,0,0,0.00,2,0,0.000,0.006,-1,-1,-1,-1,-1,-1,-1,-1,-999,-1,-1,0,-1,-1,-1,35.5,0,0.00,0,1,0.40042,0.52612,-3.69098,-5.56076,3.20,24.98,0,0
518,8.6333,swing,swingLow,260.439,-441.339,13.847,-12.443,-22.110,-18.881,31.626,25.371,12.897,234.00,-443.19,36.27,28.44,0.787,2,,0,0.00,0.00,0.00,260.469,-436.735,15.264,-91.02,-11.50,62.73,4.816,0.011,0.10,1.00,1,0,1,0,0,0,-11.50,-12.79,-8.65,0.2212,0.2214,0.5973,1,4.816,0,0.392,0,swing,swingCornerBankL,1.000,3,-0.487 0.324 -0.884 0.501 -0.082 0.500 0.663 -0.325 0.766 -0.170,260.65,-436.37,15.60,-11.50,-90.83,94.45,-1,-1,-1,-1,0.337,0.535 0.442 -0.282 -0.154,8.5,1,-1.000,-1.000,0.4864,0.13,,-1.000,0.0,0.0,0.0,,,55.3,32.2,-52.4,,0.000,0.0,11.5,-1.00,-1.0,0.0,0,1500,-1.0,122.2,-1.0,0.0,0.00,5.00,-1,0,0.000,0,0.00,52.32,0,0,1,0.0,2,0.00,0.000,0.65,0.00,1.478,0.207,0.000,-1.000,-1.000,-1.000,-1.000,None,93.0,-1.0,0,4,0.00,0,0,0,0,0.00,2,0,0.000,0.009,-1,-1,-1,-1,-1,-1,-1,-1,-999,-1,-1,0,-1,-1,-1,35.5,0,0.00,0,1,0.40075,0.52073,-4.20007,-6.40733,3.19,28.17,0,0
519,8.6500,swing,swingLow,260.230,-441.711,13.535,-12.670,-22.517,-18.482,31.767,25.837,12.585,234.00,-443.19,36.27,28.44,0.798,2,,0,0.00,0.00,0.00,260.278,-437.109,14.937,-91.19,-11.50,62.86,4.811,0.013,0.10,1.00,1,0,1,0,0,0,-11.50,-12.31,-8.67,0.2254,0.2197,0.5940,1,4.811,0,0.394,0,swing,swingLowL,1.000,3,-0.483 0.331 -0.881 0.510 -0.072 0.499 0.657 -0.340 0.760 -0.184,260.47,-436.74,15.26,-11.50,-91.02,94.60,-1,-1,-1,-1,0.345,0.547 0.442 -0.299 -0.168,7.9,1,-1.000,-1.000,0.4859,0.24,,-1.000,0.0,0.0,0.0,,,54.4,31.2,-51.5,,0.000,0.0,11.5,-1.00,-1.0,0.0,0,1500,-1.0,122.0,-1.0,0.0,0.00,5.00,-1,0,0.000,0,0.00,52.32,0,0,1,0.0,2,0.00,0.000,0.65,0.00,1.480,0.206,0.000,-1.000,-1.000,-1.000,-1.000,None,93.0,-1.0,0,4,0.00,0,0,0,0,0.00,2,0,0.000,0.012,-1,-1,-1,-1,-1,-1,-1,-1,-999,-1,-1,0,-1,-1,-1,35.5,0,0.00,0,1,0.40112,0.51531,-4.90115,-7.56558,3.18,32.56,0,0
520,8.6667,swing,swingLow,260.017,-442.090,13.230,-12.886,-22.914,-18.062,31.896,26.289,12.280,234.00,-443.19,36.27,28.44,0.808,2,,0,0.00,0.00,0.00,260.082,-437.489,14.617,-91.35,-11.50,62.99,4.806,0.015,0.10,1.00,1,0,1,0,0,0,-11.50,-11.83,-8.68,0.2294,0.2180,0.5906,1,4.806,0,0.397,0,swing,swingBottomL,1.000,3,-0.478 0.337 -0.876 0.519 -0.064 0.497 0.652 -0.356 0.754 -0.197,260.28,-437.11,14.94,-11.50,-91.19,94.74,-1,-1,-1,-1,0.352,0.558 0.442 -0.316 -0.182,7.3,1,-1.000,-1.000,0.4855,0.34,,-1.000,0.0,0.0,0.0,,,53.5,30.3,-50.6,,0.000,0.0,11.5,-1.00,-1.0,0.0,0,1500,-1.0,121.8,-1.0,0.0,0.00,5.00,-1,0,0.000,0,0.00,52.32,0,0,1,0.0,2,0.00,0.000,0.65,0.00,1.482,0.205,0.000,-1.000,-1.000,-1.000,-1.000,None,92.9,-1.0,0,4,0.00,0,0,0,0,0.00,2,0,0.000,0.015,-1,-1,-1,-1,-1,-1,-1,-1,-999,-1,-1,0,-1,-1,-1,35.5,0,0.00,0,1,0.40154,0.50986,-5.91883,-9.23856,3.18,38.92,0,0
521,8.6833,swing,swingLow,259.801,-442.476,12.933,-13.091,-23.302,-17.623,32.015,26.728,11.983,234.00,-443.19,36.27,28.44,0.819,2,,0,0.00,0.00,0.00,259.881,-437.875,14.303,-91.48,-11.50,63.12,4.801,0.018,0.10,1.00,1,0,1,0,0,0,-11.50,-11.36,-8.70,0.2332,0.2162,0.5871,1,4.801,0,0.399,0,swing,swingBottomL,1.000,3,-0.473 0.344 -0.872 0.527 -0.057 0.496 0.646 -0.371 0.747 -0.209,260.08,-437.49,14.62,-11.50,-91.35,94.89,-1,-1,-1,-1,0.359,0.569 0.442 -0.333 -0.195,6.8,1,-1.000,-1.000,0.4851,0.43,,-1.000,0.0,0.0,0.0,,,52.6,29.3,-49.8,,0.000,0.0,11.5,-1.00,-1.0,0.0,0,1500,-1.0,121.6,-1.0,0.0,0.00,5.00,-1,0,0.000,0,0.00,52.32,0,0,1,0.0,2,0.00,0.000,0.65,0.00,1.484,0.205,0.000,-1.000,-1.000,-1.000,-1.000,None,92.9,-1.0,0,4,0.00,0,0,0,0,0.00,2,0,0.000,0.018,-1,-1,-1,-1,-1,-1,-1,-1,-999,-1,-1,0,-1,-1,-1,35.5,0,0.00,0,1,0.40200,0.50438,-7.51724,-11.85659,3.17,48.91,0,0
522,8.7000,swing,swingLow,259.581,-442.868,12.643,-13.283,-23.680,-17.165,32.122,27.151,11.693,234.00,-443.19,36.27,28.44,0.828,2,,0,0.00,0.00,0.00,259.674,-438.268,13.995,-91.60,-11.50,63.24,4.796,0.021,0.10,1.00,1,0,1,0,0,0,-11.50,-10.89,-8.72,0.2368,0.2144,0.5834,1,4.796,0,0.402,0,swing,swingBottomL,1.000,3,-0.468 0.349 -0.868 0.535 -0.052 0.495 0.639 -0.386 0.740 -0.222,259.88,-437.88,14.30,-11.50,-91.48,95.03,-1,-1,-1,-1,0.366,0.579 0.443 -0.350 -0.209,6.3,1,-1.000,-1.000,0.4847,0.52,,-1.000,0.0,0.0,0.0,,,51.8,28.3,-49.1,,0.000,0.0,11.5,-1.00,-1.0,0.0,0,1500,-1.0,121.5,-1.0,0.0,0.00,5.00,-1,0,0.000,0,0.00,58.90,0,0,1,0.0,2,0.00,0.000,0.65,0.00,1.485,0.204,0.000,-1.000,-1.000,-1.000,-1.000,None,92.8,-1.0,0,4,0.00,0,0,0,0,0.00,2,0,0.000,0.022,-1,-1,-1,-1,-1,-1,-1,-1,-999,-1,-1,0,-1,-1,-1,35.5,0,0.00,0,1,0.40249,0.49889,-10.37075,-16.51807,3.17,66.74,0,0
523,8.7167,swing,swingLow,259.359,-443.267,12.360,-13.463,-24.046,-16.690,32.218,27.558,11.410,234.00,-443.19,36.27,28.44,0.838,2,,0,0.00,0.00,0.00,259.463,-438.667,13.695,-91.71,-11.50,63.37,4.791,0.023,0.09,1.00,1,0,1,0,0,0,-11.50,-10.42,-8.73,0.2401,0.2125,0.5796,1,4.791,0,0.404,0,swing,swingBottomL,1.000,3,-0.464 0.355 -0.863 0.542 -0.049 0.495 0.633 -0.401 0.732 -0.234,259.67,-438.27,14.00,-11.50,-91.60,95.17,-1,-1,-1,-1,0.372,0.588 0.444 -0.367 -0.222,5.8,1,-1.000,-1.000,0.4843,0.60,,-1.000,0.0,0.0,0.0,,,51.0,27.3,-48.3,,0.000,0.0,11.5,-1.00,-1.0,0.0,0,1500,-1.0,121.4,-1.0,0.0,0.00,5.00,-1,0,0.000,0,0.00,58.90,0,0,1,0.0,2,0.00,0.000,0.65,0.00,1.486,0.204,0.000,-1.000,-1.000,-1.000,-1.000,None,92.8,-1.0,0,4,0.00,0,0,0,0,0.00,2,0,0.000,0.026,-1,-1,-1,-1,-1,-1,-1,-1,-999,-1,-1,0,-1,-1,-1,35.5,0,0.00,0,1,0.40300,0.49337,-16.86449,-27.10770,3.16,107.29,0,0
524,8.7333,swing,swingLow,259.133,-443.671,12.086,-13.631,-24.399,-16.197,32.303,27.949,11.136,234.00,-443.19,36.27,28.44,0.847,2,,0,0.00,0.00,0.00,259.248,-439.072,13.402,-91.80,-11.50,63.50,4.785,0.026,0.09,1.00,1,0,1,0,0,0,-11.50,-9.95,-8.75,0.2434,0.2105,0.5757,1,4.785,0,0.407,0,swing,swingBottomL,1.000,3,-0.459 0.360 -0.858 0.549 -0.046 0.494 0.626 -0.415 0.723 -0.245,259.46,-438.67,13.69,-11.50,-91.71,95.32,-1,-1,-1,-1,0.378,0.597 0.445 -0.383 -0.234,5.4,1,-1.000,-1.000,0.4839,0.67,,-1.000,0.0,0.0,0.0,,,50.3,26.3,-47.7,,0.000,0.0,11.5,-1.00,-1.0,0.0,0,1500,-1.0,121.3,-1.0,0.0,0.00,5.00,-1,0,0.000,0,0.00,58.90,0,0,1,0.0,2,0.00,0.000,0.65,0.00,1.487,0.203,0.000,-1.000,-1.000,-1.000,-1.000,None,92.7,-1.0,0,4,0.00,0,0,0,0,0.00,2,0,0.000,0.030,-1,-1,-1,-1,-1,-1,-1,-1,-999,-1,-1,0,-1,-1,-1,35.5,0,0.00,0,1,0.40354,0.48783,-45.91367,-74.44034,3.16,288.71,0,0
525,8.7500,swing,swingLow,258.905,-444.081,11.820,-13.787,-24.740,-15.688,32.377,28.322,10.870,234.00,-443.19,36.27,28.44,0.855,2,,0,0.00,0.00,0.00,259.029,-439.482,13.116,-91.87,-11.50,63.63,4.780,0.029,0.09,1.00,1,0,1,0,0,0,-11.50,-9.49,-8.77,0.2464,0.2085,0.5717,1,4.780,0,0.409,0,swing,swingBottomL,1.000,3,-0.454 0.365 -0.853 0.556 -0.045 0.495 0.619 -0.429 0.715 -0.255,259.25,-439.07,13.40,-11.50,-91.80,95.46,-1,-1,-1,-1,0.384,0.606 0.447 -0.399 -0.246,5.0,1,-1.000,-1.000,0.4835,0.73,,-1.000,0.0,0.0,0.0,,,49.5,25.3,-47.0,,0.000,0.0,11.5,-1.00,-1.0,0.0,0,1500,-1.0,121.2,-1.0,0.0,0.00,5.00,-1,0,0.000,0,0.00,58.90,0,0,1,0.0,2,0.00,0.000,0.65,0.00,1.488,0.203,0.000,-1.000,-1.000,-1.000,-1.000,None,92.7,-1.0,0,4,0.00,0,0,0,0,0.00,2,0,0.000,0.034,-1,-1,-1,-1,-1,-1,-1,-1,-999,-1,-1,0,-1,-1,-1,35.5,0,0.00,0,1,0.40410,0.48225,-216.87594,-355.33411,3.16,1431.98,0,0
526,8.7667,swing,swingLow,258.674,-444.497,11.563,-13.930,-25.067,-15.164,32.440,28.678,10.613,234.00,-443.19,36.27,28.44,0.864,2,,0,0.00,0.00,0.00,258.806,-439.898,12.839,-91.94,-11.50,63.75,4.774,0.032,0.09,1.00,1,0,1,0,0,0,-11.50,-9.03,-8.78,0.2493,0.2065,0.5676,1,4.774,0,0.412,0,swing,swingBottomL,1.000,3,-0.449 0.369 -0.848 0.562 -0.045 0.496 0.611 -0.442 0.705 -0.265,259.03,-439.48,13.12,-11.50,-91.87,95.60,-1,-1,-1,-1,0.389,0.614 0.450 -0.414 -0.258,4.6,1,-1.000,-1.000,0.4830,0.77,,-1.000,0.0,0.0,0.0,,,48.8,24.3,-46.4,,0.000,0.0,11.5,-1.00,-1.0,0.0,0,1500,-1.0,121.1,-1.0,0.0,0.00,5.00,-1,0,0.000,0,0.00,58.90,0,0,1,0.0,2,0.00,0.000,0.65,0.00,1.488,0.202,0.000,-1.000,-1.000,-1.000,-1.000,None,92.6,-1.0,0,4,0.00,0,0,0,0,0.00,2,0,0.000,0.039,-1,-1,-1,-1,-1,-1,-1,-1,-999,-1,-1,0,-1,-1,-1,35.5,0,0.00,0,1,0.40468,0.47664,-196.44268,-325.90584,3.15,1427.76,0,0
527,8.7833,swing,swingBottom,258.441,-444.917,11.315,-14.061,-25.381,-14.626,32.493,29.015,10.365,234.00,-443.19,36.27,28.44,0.871,2,,0,0.00,0.00,0.00,258.579,-440.319,12.569,-91.99,-11.50,63.87,4.768,0.036,0.09,1.00,1,0,1,0,0,0,-11.50,-8.58,-8.80,0.2520,0.2044,0.5633,1,4.768,0,0.414,0,swing,swingBottomL,1.000,3,-0.444 0.373 -0.842 0.567 -0.046 0.497 0.603 -0.455 0.695 -0.275,258.81,-439.90,12.84,-11.50,-91.94,95.74,-1,-1,-1,-1,0.394,0.622 0.453 -0.429 -0.268,4.3,1,-1.000,-1.000,0.4826,0.81,,-1.000,0.0,0.0,0.0,,,48.1,23.2,-45.9,,0.000,0.0,11.5,-1.00,-1.0,0.0,0,1500,-1.0,121.1,-1.0,0.0,0.00,5.00,-1,0,0.000,0,0.00,58.90,0,0,1,0.0,2,0.00,0.000,0.65,0.00,1.489,0.202,0.000,-1.000,-1.000,-1.000,-1.000,None,92.6,-1.0,0,4,0.00,0,0,0,0,0.00,2,0,0.000,0.043,-1,-1,-1,-1,-1,-1,-1,-1,-999,-1,-1,0,-1,-1,-1,35.5,0,0.00,0,1,0.40527,0.47101,-178.94098,-300.66240,3.15,1423.59,0,0
528,8.8000,swing,swingBottom,258.207,-445.343,11.076,-14.180,-25.679,-14.074,32.535,29.334,10.126,234.00,-443.19,36.27,28.44,0.878,2,,0,0.00,0.00,0.00,258.349,-440.745,12.309,-92.03,-11.50,64.00,4.763,0.039,0.09,1.00,1,0,1,0,0,0,-11.50,-8.13,-8.82,0.2546,0.2023,0.5590,1,4.763,0,0.417,0,swing,swingBottomL,1.000,3,-0.439 0.377 -0.837 0.572 -0.047 0.500 0.595 -0.467 0.685 -0.283,258.58,-440.32,12.57,-11.50,-91.99,95.87,-1,-1,-1,-1,0.399,0.629 0.457 -0.443 -0.278,4.0,1,-1.000,-1.000,0.4822,0.84,,-1.000,0.0,0.0,0.0,,,47.5,22.2,-45.3,,0.000,0.0,11.5,-1.00,-1.0,0.0,0,1500,-1.0,121.0,-1.0,0.0,0.00,5.00,-1,0,0.000,0,0.00,60.67,0,0,1,0.0,2,0.00,0.000,0.65,0.00,1.489,0.202,0.000,-1.000,-1.000,-1.000,-1.000,None,92.5,-1.0,0,4,0.00,0,0,0,0,0.00,2,0,0.000,0.047,-1,-1,-1,-1,-1,-1,-1,-1,-999,-1,-1,0,-1,-1,-1,35.5,0,0.00,0,1,0.40587,0.46537,-163.80771,-278.79810,3.15,1419.50,0,0
529,8.8167,swing,swingBottom,257.970,-445.774,10.846,-14.286,-25.962,-13.510,32.567,29.633,9.896,234.00,-443.19,36.27,28.44,0.885,2,,0,0.00,0.00,0.00,258.117,-441.176,12.056,-92.06,-11.50,64.12,4.757,0.042,0.09,1.00,1,0,1,0,0,0,-11.50,-7.69,-8.83,0.2570,0.2002,0.5546,1,4.757,0,0.420,0,swing,swingBottomL,1.000,3,-0.434 0.381 -0.831 0.577 -0.049 0.502 0.587 -0.478 0.675 -0.291,258.35,-440.75,12.31,-11.50,-92.03,96.01,-1,-1,-1,-1,0.404,0.636 0.462 -0.457 -0.287,3.8,1,-1.000,-1.000,0.4818,0.85,,-1.000,0.0,0.0,0.0,,,46.8,21.1,-44.8,,0.000,0.0,11.5,-1.00,-1.0,0.0,0,1500,-1.0,121.0,-1.0,0.0,0.00,5.00,-1,0,0.000,0,0.00,60.67,0,0,1,0.0,2,0.00,0.000,0.65,0.00,1.489,0.202,0.000,-1.000,-1.000,-1.000,-1.000,None,92.5,-1.0,0,4,0.00,0,0,0,0,0.00,2,0,0.000,0.051,-1,-1,-1,-1,-1,-1,-1,-1,-999,-1,-1,0,-1,-1,-1,35.5,0,0.00,0,1,0.40649,0.45971,-150.61203,-259.69633,3.15,1415.49,0,0
530,8.8333,swing,swingBottom,257.731,-446.210,10.625,-14.381,-26.229,-12.935,32.589,29.912,9.675,234.00,-443.19,36.27,28.44,0.891,2,,0,0.00,0.00,0.00,257.882,-441.612,11.813,-92.08,-11.50,64.23,4.751,0.045,0.09,1.00,1,0,1,0,0,0,-11.50,-7.25,-8.85,0.2592,0.1981,0.5500,1,4.751,0,0.422,0,swing,swingBottomL,1.000,3,-0.429 0.384 -0.824 0.582 -0.050 0.506 0.579 -0.489 0.664 -0.298,258.12,-441.18,12.06,-11.50,-92.06,96.14,-1,-1,-1,-1,0.408,0.642 0.467 -0.470 -0.295,3.5,1,-1.000,-1.000,0.4814,0.86,,-1.000,0.0,0.0,0.0,,,46.2,20.0,-44.4,,0.000,0.0,11.5,-1.00,-1.0,0.0,0,1500,-1.0,120.9,-1.0,0.0,0.00,5.00,-1,0,0.000,0,0.00,60.67,0,0,1,0.0,2,0.00,0.000,0.65,0.00,1.489,0.201,0.000,-1.000,-1.000,-1.000,-1.000,None,92.5,-1.0,0,4,0.00,0,0,0,0,0.00,2,0,0.000,0.055,-1,-1,-1,-1,-1,-1,-1,-1,-999,-1,-1,0,-1,-1,-1,35.5,0,0.00,0,1,0.40711,0.45404,-139.02115,-242.88116,3.15,1411.56,0,0
531,8.8500,swing,swingBottom,257.491,-446.649,10.415,-14.464,-26.479,-12.350,32.602,30.172,9.465,234.00,-443.19,36.27,28.44,0.897,2,,0,0.00,0.00,0.00,257.644,-442.052,11.579,-92.09,-11.50,64.35,4.745,0.049,0.08,1.00,1,0,1,0,0,0,-11.50,-6.83,-8.87,0.2613,0.1960,0.5454,1,4.745,0,0.425,0,swing,swingBottomL,1.000,3,-0.424 0.387 -0.818 0.586 -0.052 0.509 0.570 -0.499 0.654 -0.304,257.88,-441.61,11.81,-11.50,-92.08,96.27,-1,-1,-1,-1,0.412,0.648 0.473 -0.482 -0.303,3.3,1,-1.000,-1.000,0.4810,0.86,,-1.000,0.0,0.0,0.0,,,45.6,18.9,-43.9,,0.000,0.0,11.5,-1.00,-1.0,0.0,0,1500,-1.0,120.9,-1.0,0.0,0.00,5.00,-1,0,0.000,0,0.00,60.67,0,0,1,0.0,2,0.00,0.000,0.65,0.00,1.489,0.201,0.000,-1.000,-1.000,-1.000,-1.000,None,92.5,-1.0,0,4,0.00,0,0,0,0,0.00,2,0,0.000,0.058,-1,-1,-1,-1,-1,-1,-1,-1,-999,-1,-1,0,-1,-1,-1,35.5,0,0.00,0,1,0.40774,0.44836,-128.77168,-227.97575,3.15,1407.73,0,0
532,8.8667,swing,swingBottom,257.250,-447.093,10.214,-14.535,-26.713,-11.755,32.604,30.411,9.264,234.00,-443.19,36.27,28.44,0.902,2,,0,0.00,0.00,0.00,257.405,-442.495,11.355,-92.09,-11.50,64.46,4.739,0.052,0.08,1.00,1,0,1,0,0,0,-11.50,-6.40,-8.88,0.2632,0.1940,0.5407,1,4.739,0,0.428,0,swing,swingBottomL,1.000,3,-0.419 0.390 -0.812 0.589 -0.053 0.513 0.562 -0.508 0.643 -0.310,257.64,-442.05,11.58,-11.50,-92.09,96.40,-1,-1,-1,-1,0.416,0.654 0.480 -0.494 -0.310,3.2,1,-1.000,-1.000,0.4806,0.86,,-1.000,0.0,0.0,0.0,,,45.1,17.7,-43.5,,0.000,0.0,11.5,-1.00,-1.0,0.0,0,1500,-1.0,120.9,-1.0,0.0,0.00,5.00,-1,0,0.000,0,0.00,60.67,0,0,1,0.0,2,0.00,0.000,0.65,0.00,1.488,0.201,0.000,-1.000,-1.000,-1.000,-1.000,None,92.5,-1.0,0,4,0.00,0,0,0,0,0.00,2,0,0.000,0.061,-1,-1,-1,-1,-1,-1,-1,-1,-999,-1,-1,0,-1,-1,-1,35.5,0,0.00,0,1,0.40838,0.44270,-119.65570,-214.68317,3.16,1404.01,0,0
533,8.8833,swing,swingBottom,257.008,-447.540,10.023,-14.594,-26.930,-11.152,32.598,30.630,9.073,234.00,-443.19,36.27,28.44,0.907,2,,0,0.00,0.00,0.00,257.163,-442.943,11.140,-92.09,-11.50,64.57,4.734,0.055,0.08,1.00,1,0,1,0,0,0,-11.50,-5.99,-8.90,0.2650,0.1919,0.5360,1,4.734,0,0.430,0,swing,swingBottomL,1.000,3,-0.414 0.393 -0.805 0.593 -0.053 0.517 0.553 -0.517 0.633 -0.315,257.40,-442.50,11.35,-11.50,-92.09,96.52,-1,-1,-1,-1,0.420,0.659 0.486 -0.504 -0.317,3.0,1,-1.000,-1.000,0.4802,0.85,,-1.000,0.0,0.0,0.0,,,44.5,16.6,-43.2,,0.000,0.0,11.5,-1.00,-1.0,0.0,0,1500,-1.0,120.9,-1.0,0.0,0.00,5.00,-1,0,0.000,0,0.00,60.67,0,0,1,0.0,2,0.00,0.000,0.65,0.00,1.488,0.202,0.000,-1.000,-1.000,-1.000,-1.000,None,92.6,-1.0,0,4,0.00,0,0,0,0,0.00,2,0,0.000,0.064,-1,-1,-1,-1,-1,-1,-1,-1,-999,-1,-1,0,-1,-1,-1,35.5,0,0.00,0,1,0.40901,0.43703,-111.50370,-202.76104,3.16,1400.38,0,0
534,8.9000,swing,swingBottom,256.765,-447.991,9.843,-14.642,-27.130,-10.542,32.582,30.829,8.893,234.00,-443.19,36.27,28.44,0.912,2,,0,0.00,0.00,0.00,256.920,-443.394,10.934,-92.07,-11.50,64.68,4.728,0.058,0.08,1.00,1,0,1,0,0,0,-11.50,-5.59,-8.92,0.2668,0.1900,0.5311,1,4.728,0,0.433,0,swing,swingBottomL,1.000,3,-0.409 0.395 -0.799 0.595 -0.053 0.521 0.545 -0.525 0.622 -0.320,257.16,-442.94,11.14,-11.50,-92.09,96.65,-1,-1,-1,-1,0.423,0.664 0.492 -0.515 -0.323,2.9,1,-1.000,-1.000,0.4799,0.83,,-1.000,0.0,0.0,0.0,,,44.0,15.4,-42.8,,0.000,0.0,11.5,-1.00,-1.0,0.0,0,1500,-1.0,120.9,-1.0,0.0,0.00,5.00,-1,0,0.000,0,0.00,65.30,0,0,1,0.0,2,0.00,0.000,0.65,0.00,1.488,0.202,0.000,-1.000,-1.000,-1.000,-1.000,None,92.6,-1.0,0,4,0.00,0,0,0,0,0.00,2,0,0.000,0.067,-1,-1,-1,-1,-1,-1,-1,-1,-999,-1,-1,0,-1,-1,-1,35.5,0,0.00,0,1,0.40965,0.43138,-104.17978,-192.01576,3.16,1396.87,0,0
535,8.9167,swing,swingBottom,256.521,-448.445,9.672,-14.679,-27.312,-9.927,32.557,31.007,8.722,234.00,-443.19,36.27,28.44,0.915,2,,0,0.00,0.00,0.00,256.676,-443.848,10.739,-92.05,-11.50,64.78,4.722,0.061,0.08,1.00,1,0,1,0,0,0,-11.50,-5.19,-8.93,0.2684,0.1880,0.5262,1,4.722,0,0.436,0,swing,swingBottomL,1.000,3,-0.404 0.397 -0.792 0.598 -0.052 0.524 0.536 -0.532 0.612 -0.324,256.92,-443.39,10.93,-11.50,-92.07,96.76,-1,-1,-1,-1,0.426,0.668 0.498 -0.524 -0.328,2.7,1,-1.000,-1.000,0.4796,0.81,,-1.000,0.0,0.0,0.0,,,43.6,14.2,-42.5,,0.000,0.0,11.5,-1.00,-1.0,0.0,0,1500,-1.0,120.9,-1.0,0.0,0.00,5.00,-1,0,0.000,0,0.00,65.30,0,0,1,0.0,2,0.00,0.000,0.65,0.00,1.488,0.202,0.000,-1.000,-1.000,-1.000,-1.000,None,92.7,-1.0,0,4,0.00,0,0,0,0,0.00,2,0,0.000,0.069,-1,-1,-1,-1,-1,-1,-1,-1,-999,-1,-1,0,-1,-1,-1,35.5,0,0.00,0,1,0.41028,0.42573,-97.57011,-182.28474,3.17,1393.48,0,0
536,8.9333,swing,swingBottom,256.277,-448.902,9.512,-14.705,-27.476,-9.306,32.523,31.163,8.562,234.00,-443.19,36.27,28.44,0.919,2,,0,0.00,0.00,0.00,256.430,-444.304,10.554,-92.02,-11.50,64.89,4.716,0.064,0.08,1.00,1,0,1,0,0,0,-11.50,-4.81,-8.95,0.2699,0.1862,0.5213,1,4.716,0,0.439,0,swing,swingBottomL,1.000,3,-0.398 0.399 -0.785 0.600 -0.050 0.527 0.528 -0.538 0.603 -0.328,256.68,-443.85,10.74,-11.50,-92.05,96.88,-1,-1,-1,-1,0.429,0.672 0.504 -0.532 -0.333,2.6,1,-1.000,-1.000,0.4793,0.79,,-1.000,0.0,0.0,0.0,,,43.1,12.9,-42.2,,0.000,0.0,11.5,-1.00,-1.0,0.0,0,1500,-1.0,121.0,-1.0,0.0,0.00,5.00,-1,0,0.000,0,0.00,65.30,0,0,1,0.0,2,0.00,0.000,0.65,0.00,1.487,0.202,0.000,-1.000,-1.000,-1.000,-1.000,None,92.8,-1.0,0,4,0.00,0,0,0,0,0.00,2,0,0.000,0.071,-1,-1,-1,-1,-1,-1,-1,-1,-999,-1,-1,0,-1,-1,-1,35.5,0,0.00,0,1,0.41091,0.42012,-91.58254,-173.43721,3.17,1390.20,0,0
537,8.9500,swing,swingBottom,256.033,-449.361,9.362,-14.720,-27.622,-8.681,32.481,31.300,8.412,234.00,-443.19,36.27,28.44,0.922,2,,0,0.00,0.00,0.00,256.184,-444.764,10.378,-91.99,-11.50,64.98,4.711,0.067,0.08,1.00,1,0,1,0,0,0,-11.50,-4.43,-8.97,0.2713,0.1844,0.5163,1,4.711,0,0.441,0,swing,swingBottomL,1.000,3,-0.393 0.400 -0.778 0.602 -0.047 0.530 0.520 -0.544 0.593 -0.332,256.43,-444.30,10.55,-11.50,-92.02,96.99,-1,-1,-1,-1,0.432,0.676 0.509 -0.540 -0.338,2.5,1,-1.000,-1.000,0.4790,0.76,,-1.000,0.0,0.0,0.0,,,42.7,11.7,-42.0,,0.000,0.0,11.5,-1.00,-1.0,0.0,0,1500,-1.0,121.0,-1.0,0.0,0.00,5.00,-1,0,0.000,0,0.00,65.30,0,0,1,0.0,2,0.00,0.000,0.65,0.00,1.487,0.203,0.000,-1.000,-1.000,-1.000,-1.000,None,92.9,-1.0,0,4,0.00,0,0,0,0,0.00,2,0,0.000,0.073,-1,-1,-1,-1,-1,-1,-1,-1,-999,-1,-1,0,-1,-1,-1,35.5,0,0.00,0,1,0.41153,0.41452,-86.17812,-165.43763,3.18,1387.07,0,0
538,8.9667,swing,swingBottom,255.788,-449.823,9.223,-14.725,-27.751,-8.052,32.431,31.415,8.273,234.00,-443.19,36.27,28.44,0.924,2,,0,0.00,0.00,0.00,255.937,-445.225,10.213,-91.95,-11.50,65.08,4.705,0.069,0.07,1.00,1,0,1,0,0,0,-11.50,-4.07,-8.98,0.2726,0.1826,0.5114,1,4.705,0,0.444,0,swing,swingBottomL,1.000,3,-0.388 0.401 -0.771 0.603 -0.044 0.532 0.513 -0.549 0.584 -0.335,256.18,-444.76,10.38,-11.50,-91.99,97.10,-1,-1,-1,-1,0.434,0.679 0.514 -0.547 -0.343,2.4,1,-1.000,-1.000,0.4787,0.73,,-1.000,0.0,0.0,0.0,,,42.3,10.4,-41.7,,0.000,0.0,11.5,-1.00,-1.0,0.0,0,1500,-1.0,121.0,-1.0,0.0,0.00,5.00,-1,0,0.000,0,0.00,65.30,0,0,1,0.0,2,0.00,0.000,0.65,0.00,1.488,0.203,0.000,-1.000,-1.000,-1.000,-1.000,None,93.0,-1.0,0,4,0.00,0,0,0,0,0.00,2,0,0.000,0.074,-1,-1,-1,-1,-1,-1,-1,-1,-999,-1,-1,0,-1,-1,-1,35.5,0,0.00,0,1,0.41215,0.40897,-81.20163,-158.01971,3.18,1384.04,0,0
539,8.9833,swing,swingBottom,255.543,-450.287,9.094,-14.720,-27.861,-7.422,32.373,31.510,8.144,234.00,-443.19,36.27,28.44,0.926,2,,0,0.00,0.00,0.00,255.688,-445.689,10.059,-91.89,-11.50,65.17,4.700,0.072,0.07,1.00,1,0,1,0,0,0,-11.50,-3.71,-9.00,0.2739,0.1809,0.5064,1,4.700,0,0.447,0,swing,swingBottomL,1.000,3,-0.383 0.402 -0.764 0.604 -0.040 0.533 0.506 -0.553 0.576 -0.338,255.94,-445.23,10.21,-11.50,-91.95,97.20,-1,-1,-1,-1,0.437,0.682 0.518 -0.553 -0.347,2.3,1,-1.000,-1.000,0.4785,0.70,,-1.000,0.0,0.0,0.0,,,42.0,9.1,-41.5,,0.000,0.0,11.5,-1.00,-1.0,0.0,0,1500,-1.0,121.1,-1.0,0.0,0.00,5.00,-1,0,0.000,0,0.00,65.30,0,0,1,0.0,2,0.00,0.000,0.65,0.00,1.488,0.205,0.000,-1.000,-1.000,-1.000,-1.000,None,93.1,-1.0,0,4,0.00,0,0,0,0,0.00,2,0,0.000,0.074,-1,-1,-1,-1,-1,-1,-1,-1,-999,-1,-1,0,-1,-1,-1,35.5,0,0.00,0,1,0.41274,0.40344,-76.64989,-151.20596,3.19,1381.13,0,0
540,9.0000,swing,swingBottom,255.299,-450.752,8.976,-14.705,-27.953,-6.791,32.306,31.585,8.026,234.00,-443.19,36.27,28.44,0.928,2,,0,0.00,0.00,0.00,255.440,-446.154,9.914,-91.84,-11.50,65.26,4.695,0.074,0.07,1.00,1,0,1,0,0,0,-11.50,-3.37,-9.02,0.2751,0.1793,0.5014,1,4.695,0,0.450,0,swing,swingBottomL,1.000,3,-0.378 0.403 -0.757 0.604 -0.035 0.534 0.499 -0.557 0.568 -0.340,255.69,-445.69,10.06,-11.50,-91.89,97.30,-1,-1,-1,-1,0.439,0.685 0.521 -0.558 -0.352,2.2,1,-1.000,-1.000,0.4782,0.67,,-1.000,0.0,0.0,0.0,,,41.6,7.8,-41.3,,0.000,0.0,11.5,-1.00,-1.0,0.0,0,1500,-1.0,121.1,-1.0,0.0,0.00,5.00,-1,0,0.000,0,0.00,65.04,0,0,1,0.0,2,0.00,0.000,0.65,0.00,1.489,0.206,0.000,-1.000,-1.000,-1.000,-1.000,None,93.3,-1.0,0,4,0.00,0,0,0,0,0.00,2,0,0.000,0.074,-1,-1,-1,-1,-1,-1,-1,-1,-999,-1,-1,0,-1,-1,-1,35.5,0,0.00,0,1,0.41334,0.39795,-72.47556,-144.92965,3.20,1378.35,0,0
541,9.0167,swing,swingBottom,255.055,-451.218,8.868,-14.681,-28.027,-6.159,32.233,31.639,7.918,234.00,-443.19,36.27,28.44,0.929,2,,0,0.00,0.00,0.00,255.191,-446.620,9.780,-91.77,-11.50,65.34,4.690,0.076,0.07,1.00,1,0,1,0,0,0,-11.50,-3.04,-9.03,0.2762,0.1777,0.4964,1,4.690,0,0.452,0,swing,swingBottomL,1.000,3,-0.372 0.403 -0.750 0.604 -0.030 0.534 0.493 -0.560 0.560 -0.342,255.44,-446.15,9.91,-11.50,-91.84,97.40,-1,-1,-1,-1,0.441,0.687 0.524 -0.562 -0.356,2.1,1,-1.000,-1.000,0.4780,0.64,,-1.000,0.0,0.0,0.0,,,41.4,6.5,-41.1,,0.000,0.0,11.5,-1.00,-1.0,0.0,0,1500,-1.0,121.2,-1.0,0.0,0.00,5.00,-1,0,0.000,0,0.00,65.04,0,0,1,0.0,2,0.00,0.000,0.65,0.00,1.490,0.209,0.000,-1.000,-1.000,-1.000,-1.000,None,93.4,-1.0,0,4,0.00,0,0,0,0,0.00,2,0,0.000,0.074,-1,-1,-1,-1,-1,-1,-1,-1,-999,-1,-1,0,-1,-1,-1,35.5,0,0.00,0,1,0.41390,0.39250,-68.63970,-139.12688,3.20,1375.71,0,0
542,9.0333,swing,swingBottom,254.811,-451.686,8.771,-14.648,-28.082,-5.528,32.152,31.673,7.821,234.00,-443.19,36.27,28.44,0.930,2,,0,0.00,0.00,0.00,254.942,-447.088,9.657,-91.70,-11.50,65.43,4.685,0.078,0.07,1.00,1,0,1,0,0,0,-11.50,-2.72,-9.05,0.2772,0.1761,0.4915,1,4.685,0,0.455,0,swing,swingBottomL,1.000,3,-0.367 0.403 -0.744 0.604 -0.024 0.533 0.487 -0.563 0.552 -0.344,255.19,-446.62,9.78,-11.50,-91.77,97.49,-1,-1,-1,-1,0.442,0.689 0.526 -0.566 -0.360,2.1,1,-1.000,-1.000,0.4778,0.61,,-1.000,0.0,0.0,0.0,,,41.1,5.1,-41.0,,0.000,0.0,11.5,-1.00,-1.0,0.0,0,1500,-1.0,121.2,-1.0,0.0,0.00,5.00,-1,0,0.000,0,0.00,65.04,0,0,1,0.0,2,0.00,0.000,0.65,0.00,1.491,0.211,0.000,-1.000,-1.000,-1.000,-1.000,None,93.6,-1.0,0,4,0.00,0,0,0,0,0.00,2,0,0.000,0.074,-1,-1,-1,-1,-1,-1,-1,-1,-999,-1,-1,0,-1,-1,-1,35.5,0,0.00,0,1,0.41445,0.38711,-65.10651,-133.74930,3.21,1373.19,0,0
543,9.0500,swing,swingBottom,254.568,-452.154,8.684,-14.606,-28.120,-4.899,32.064,31.687,7.734,234.00,-443.19,36.27,28.44,0.930,2,,0,0.00,0.00,0.00,254.694,-447.556,9.544,-91.63,-11.50,65.50,4.680,0.080,0.07,1.00,1,0,1,0,0,0,-11.50,-2.41,-9.07,0.2782,0.1746,0.4865,1,4.680,0,0.458,0,swing,swingBottomL,1.000,3,-0.362 0.403 -0.737 0.604 -0.018 0.532 0.482 -0.565 0.545 -0.345,254.94,-447.09,9.66,-11.50,-91.70,97.58,-1,-1,-1,-1,0.444,0.691 0.527 -0.569 -0.363,2.0,1,-1.000,-1.000,0.4775,0.58,,-1.000,0.0,0.0,0.0,,,40.9,3.8,-40.9,,0.000,0.0,11.5,-1.00,-1.0,0.0,0,1500,-1.0,121.3,-1.0,0.0,0.00,5.00,-1,0,0.000,0,0.00,65.04,0,0,1,0.0,2,0.00,0.000,0.65,0.00,1.490,0.215,0.000,-1.000,-1.000,-1.000,-1.000,None,93.8,-1.0,0,4,0.00,0,0,0,0,0.00,2,0,0.000,0.073,-1,-1,-1,-1,-1,-1,-1,-1,-999,-1,-1,0,-1,-1,-1,35.5,0,0.00,0,1,0.41497,0.38176,-61.84437,-128.75404,3.22,1370.80,0,0
544,9.0667,swing,swingBottom,254.326,-452.623,8.608,-14.557,-28.140,-4.272,31.969,31.682,7.658,234.00,-443.19,36.27,28.44,0.930,2,,0,0.00,0.00,0.00,254.445,-448.025,9.442,-91.55,-11.50,65.58,4.675,0.081,0.07,1.00,1,0,1,0,0,0,-11.50,-2.12,-9.08,0.2792,0.1732,0.4817,1,4.675,0,0.460,0,swing,swingBottomL,1.000,3,-0.357 0.403 -0.730 0.603 -0.012 0.531 0.477 -0.566 0.537 -0.346,254.69,-447.56,9.54,-11.50,-91.63,97.66,-1,-1,-1,-1,0.445,0.693 0.527 -0.572 -0.366,2.0,1,-1.000,-1.000,0.4773,0.55,,-1.000,0.0,0.0,0.0,,,40.8,2.5,-40.8,,0.000,0.0,11.5,-1.00,-1.0,0.0,0,1500,-1.0,121.4,-1.0,0.0,0.00,5.00,-1,0,0.000,0,0.00,65.04,0,0,1,0.0,2,0.00,0.000,0.65,0.00,1.488,0.219,0.000,-1.000,-1.000,-1.000,-1.000,None,93.9,-1.0,0,4,0.00,0,0,0,0,0.00,2,0,0.000,0.071,-1,-1,-1,-1,-1,-1,-1,-1,-999,-1,-1,0,-1,-1,-1,35.5,0,0.00,0,1,0.41548,0.37647,-58.82589,-124.10442,3.23,1368.55,0,0
545,9.0833,swing,swingBottom,254.084,-453.092,8.542,-14.499,-28.142,-3.649,31.867,31.658,7.592,234.00,-443.19,36.27,28.44,0.930,2,,0,0.00,0.00,0.00,254.198,-448.494,9.350,-91.46,-11.50,65.65,4.670,0.082,0.06,1.00,1,0,1,0,0,0,-11.50,-1.83,-9.10,0.2803,0.1718,0.4766,1,4.670,0,0.463,0,swing,swingBottomL,1.000,3,-0.352 0.402 -0.724 0.602 -0.005 0.530 0.473 -0.567 0.530 -0.346,254.45,-448.02,9.44,-11.50,-91.55,97.74,-1,-1,-1,-1,0.445,0.694 0.527 -0.573 -0.369,1.9,1,-1.000,-1.000,0.4770,0.52,,-1.000,0.0,0.0,0.0,,,40.7,1.2,-40.7,,0.000,0.0,11.5,-1.00,-1.0,0.0,0,1500,-1.0,121.4,-1.0,0.0,0.00,5.00,-1,0,0.000,0,0.00,65.04,0,0,1,0.0,2,0.00,0.000,0.65,0.00,1.486,0.223,0.000,-1.000,-1.000,-1.000,-1.000,None,94.1,-1.0,0,4,0.00,0,0,0,0,0.00,2,0,0.000,0.070,-1,-1,-1,-1,-1,-1,-1,-1,-999,-1,-1,0,-1,-1,-1,35.5,0,0.00,0,1,0.41597,0.37124,-56.02718,-119.76807,3.24,1366.42,0,0
546,9.1000,swing,swingBottom,253.844,-453.561,8.487,-14.426,-28.127,-3.028,31.756,31.611,7.537,234.00,-443.19,36.27,28.44,0.929,2,,0,0.00,0.00,0.00,253.951,-448.962,9.268,-91.37,-11.50,65.71,4.666,0.083,0.06,1.00,1,0,1,0,0,0,-11.50,-1.57,-9.12,0.2815,0.1704,0.4717,1,4.666,0,0.466,0,swing,swingBottomL,1.000,3,-0.347 0.401 -0.717 0.600 0.002 0.528 0.468 -0.568 0.523 -0.345,254.20,-448.49,9.35,-11.50,-91.46,97.82,-1,-1,-1,-1,0.446,0.695 0.527 -0.575 -0.371,1.9,1,-1.000,-1.000,0.4768,0.50,,-1.000,0.0,0.0,0.0,,,40.6,-0.1,-40.6,,0.000,0.0,11.5,-1.00,-1.0,0.0,0,1500,-1.0,121.5,-1.0,0.0,0.00,5.00,-1,0,0.000,0,0.00,65.52,0,0,1,0.0,2,0.00,0.000,0.65,0.00,1.485,0.228,0.000,-1.000,-1.000,-1.000,-1.000,None,94.2,-1.0,0,4,0.00,0,0,0,0,0.00,2,0,0.000,0.067,-1,-1,-1,-1,-1,-1,-1,-1,-999,-1,-1,0,-1,-1,-1,35.5,0,0.00,0,1,0.41647,0.36604,-53.42570,-115.71915,3.25,1364.43,0,0
547,9.1167,swing,swingBottom,253.605,-454.030,8.442,-14.340,-28.095,-2.410,31.635,31.543,7.492,234.00,-443.19,36.27,28.44,0.927,2,,0,0.00,0.00,0.00,253.704,-449.431,9.197,-91.27,-11.50,65.77,4.662,0.084,0.06,1.00,1,0,1,0,0,0,-11.50,-1.31,-9.13,0.2826,0.1689,0.4666,1,4.662,0,0.468,0,swing,swingBottomL,1.000,3,-0.342 0.400 -0.710 0.599 0.009 0.526 0.463 -0.568 0.516 -0.344,253.95,-448.96,9.27,-11.50,-91.37,97.89,-1,-1,-1,-1,0.447,0.696 0.526 -0.576 -0.373,1.9,1,-1.000,-1.000,0.4766,0.47,,-1.000,0.0,0.0,0.0,,,40.5,-1.4,-40.5,,0.000,0.0,11.5,-1.00,-1.0,0.0,0,1500,-1.0,121.6,-1.0,0.0,0.00,5.00,-1,0,0.000,0,0.00,65.52,0,0,1,0.0,2,0.00,0.000,0.65,0.00,1.483,0.234,0.000,-1.000,-1.000,-1.000,-1.000,None,94.4,-1.0,0,4,0.00,0,0,0,0,0.00,2,0,0.000,0.065,-1,-1,-1,-1,-1,-1,-1,-1,-999,-1,-1,0,-1,-1,-1,35.5,0,0.00,0,1,0.41698,0.36081,-51.00044,-111.93153,3.26,1362.57,0,0
548,9.1333,swing,swingBottom,253.368,-454.497,8.407,-14.247,-28.045,-1.799,31.508,31.457,7.457,234.00,-443.19,36.27,28.44,0.926,2,,0,0.00,0.00,0.00,253.459,-449.898,9.137,-91.17,-11.17,65.83,4.658,0.084,0.06,1.00,1,0,1,0,0,0,-11.17,-1.07,-9.15,0.2837,0.1674,0.4663,1,4.658,0,0.471,0,swing,swingBottomL,1.000,3,-0.338 0.400 -0.704 0.600 0.017 0.524 0.458 -0.569 0.509 -0.345,253.70,-449.43,9.20,-11.50,-91.27,97.96,-1,-1,-1,-1,0.447,0.696 0.524 -0.576 -0.375,1.8,1,-1.000,-1.000,0.4765,0.45,,-1.000,0.0,0.0,0.0,,,40.5,-2.6,-40.5,,0.000,0.0,11.5,-1.00,-1.0,0.0,0,1500,-1.0,121.7,-1.0,0.0,0.00,5.00,-1,0,0.000,0,0.00,65.52,0,0,1,0.0,2,0.00,0.000,0.65,0.00,1.481,0.239,0.000,-1.000,-1.000,-1.000,-1.000,None,94.5,-1.0,0,4,0.00,0,0,0,0,0.00,2,0,0.000,0.062,-1,-1,-1,-1,-1,-1,-1,-1,-999,-1,-1,0,-1,-1,-1,35.5,0,0.00,0,1,0.41762,0.36021,-49.17070,-109.37282,3.26,1360.83,0,0
549,9.1500,swing,swingBottom,253.132,-454.964,8.382,-14.131,-27.979,-1.192,31.368,31.345,7.432,234.00,-443.19,36.27,28.44,0.923,2,,0,0.00,0.00,0.00,253.215,-450.365,9.086,-91.06,-10.69,65.88,4.654,0.083,0.06,1.00,1,0,1,0,0,0,-10.69,-0.84,-9.17,0.2848,0.1658,0.4679,1,4.654,0,0.473,0,swing,swingBottomL,1.000,3,-0.333 0.402 -0.697 0.604 0.025 0.521 0.452 -0.570 0.502 -0.345,253.46,-449.90,9.14,-11.17,-91.17,98.02,-1,-1,-1,-1,0.448,0.698 0.522 -0.576 -0.376,1.7,1,-1.000,-1.000,0.4765,0.43,,-1.000,0.0,0.0,0.0,,,40.4,-3.7,-40.4,,0.000,0.0,11.5,-1.00,-1.0,0.0,0,1500,-1.0,121.8,-1.0,0.0,0.00,5.00,-1,0,0.000,0,0.00,65.52,0,0,1,0.0,2,0.00,0.000,0.65,0.00,1.479,0.245,0.000,-1.000,-1.000,-1.000,-1.000,None,94.5,-1.0,0,4,0.00,0,0,0,0,0.00,2,0,0.000,0.059,-1,-1,-1,-1,-1,-1,-1,-1,-999,-1,-1,0,-1,-1,-1,35.5,0,0.00,0,1,0.41832,0.36156,-47.62421,-107.38141,3.27,1359.23,0,0
550,9.1667,swing,swingBottom,252.899,-455.429,8.367,-13.994,-27.896,-0.590,31.215,31.209,7.417,234.00,-443.19,36.27,28.44,0.921,2,,0,0.00,0.00,0.00,252.972,-450.830,9.046,-90.94,-10.23,65.93,4.650,0.082,0.06,1.00,1,0,1,0,0,0,-10.23,-0.62,-9.18,0.2859,0.1641,0.4693,1,4.650,0,0.475,0,swing,swingBottomL,1.000,3,-0.328 0.404 -0.690 0.607 0.034 0.518 0.446 -0.570 0.494 -0.346,253.21,-450.36,9.09,-10.69,-91.06,98.08,-1,-1,-1,-1,0.448,0.699 0.519 -0.576 -0.377,1.6,1,-1.000,-1.000,0.4765,0.41,,-1.000,0.0,0.0,0.0,,,40.4,-4.8,-40.2,,0.000,0.0,11.5,-1.00,-1.0,0.0,0,1500,-1.0,121.9,-1.0,0.0,0.00,5.00,-1,0,0.000,0,0.00,65.52,0,0,1,0.0,2,0.00,0.000,0.65,0.00,1.477,0.251,0.000,-1.000,-1.000,-1.000,-1.000,None,94.5,-1.0,0,4,0.00,0,0,0,0,0.00,2,0,0.000,0.056,-1,-1,-1,-1,-1,-1,-1,-1,-999,-1,-1,0,-1,-1,-1,35.5,0,0.00,0,1,0.41909,0.36256,-46.11298,-105.41424,3.27,1357.76,0,0
551,9.1833,swing,swingBottom,252.668,-455.893,8.363,-13.853,-27.797,0.004,31.058,31.058,7.413,234.00,-443.19,36.27,28.44,0.918,2,,0,0.00,0.00,0.00,252.731,-451.294,9.016,-90.81,-9.79,65.98,4.646,0.081,0.06,1.00,1,0,1,0,0,0,-9.79,-0.42,-9.20,0.2871,0.1623,0.4702,1,4.646,0,0.477,0,swing,swingBottomL,1.000,3,-0.323 0.405 -0.683 0.611 0.044 0.515 0.439 -0.571 0.484 -0.346,252.97,-450.83,9.05,-10.23,-90.94,98.13,-1,-1,-1,-1,0.449,0.700 0.515 -0.577 -0.378,1.5,1,-1.000,-1.000,0.4764,0.39,,-1.000,0.0,0.0,0.0,,,40.3,-5.9,-40.1,,0.000,0.0,11.5,-1.00,-1.0,0.0,0,1500,-1.0,122.0,-1.0,0.0,0.00,5.00,-1,0,0.000,0,0.00,65.52,0,0,1,0.0,2,0.00,0.000,0.65,0.00,1.475,0.257,0.000,-1.000,-1.000,-1.000,-1.000,None,94.5,-1.0,0,4,0.00,0,0,0,0,0.00,2,0,0.000,0.053,-1,-1,-1,-1,-1,-1,-1,-1,-999,-1,-1,0,-1,-1,-1,35.5,0,0.00,0,1,0.41990,0.36319,-44.63352,-103.45803,3.28,1356.42,0,0
552,9.2000,air,release,252.576,-456.076,8.630,-10.935,-21.942,32.125,40.410,24.515,7.680,0.00,0.00,0.00,0.00,0.000,2,,0,0.00,0.00,0.00,252.504,-451.614,9.034,-89.10,-7.09,66.03,4.481,0.082,0.05,1.00,0,0,1,0,0,0,-6.82,-0.19,-9.22,0.3144,0.1588,0.4565,1,4.481,0,0.478,0,swing,swingBottomL,1.000,3,-0.315 0.464 -0.679 0.731 0.072 0.508 0.412 -0.584 0.471 -0.393,252.73,-451.29,9.02,-9.79,-90.81,98.18,-1,-1,-1,-1,0.484,0.778 0.497 -0.573 -0.407,-1.0,0,-1.000,-1.000,0.4743,0.37,,-1.000,0.0,0.0,0.0,,,34.7,4.3,-34.5,,0.000,0.0,11.5,-1.00,-1.0,0.0,2,1500,-1.0,122.0,-1.0,0.0,0.00,5.00,-1,0,0.000,0,0.00,65.38,0,0,1,0.0,2,0.00,0.000,0.65,0.00,1.472,0.263,0.000,-1.000,-1.000,-1.000,-1.000,None,46.3,-1.0,0,4,0.00,0,0,0,0,0.00,2,0,0.000,0.049,-1,-1,-1,-1,-1,-1,-1,-1,-999,-1,-1,0,-1,-1,-1,38.0,0,0.00,0,1,-0.78841,-2.58956,-45.48278,-111.00983,11.29,1272.57,0,0
553,9.2167,air,release,252.394,-456.442,9.161,-10.935,-21.942,31.725,40.093,24.515,8.211,0.00,0.00,0.00,0.00,0.000,2,,0,0.00,0.00,0.00,252.294,-451.914,9.361,-88.75,-4.39,66.09,4.533,0.087,0.05,1.00,0,0,1,0,0,0,-4.21,0.08,-9.23,0.3239,0.1533,0.4485,1,4.533,0,0.477,0,air_rise,swingBottomL,1.000,2,-0.305 0.497 -0.670 0.807 0.099 0.483 0.383 -0.570 0.455 -0.419,252.50,-451.61,9.03,-7.09,-89.10,98.23,-1,-1,-1,-1,0.503,0.826 0.470 -0.555 -0.423,-1.0,0,-1.000,-1.000,0.4861,0.35,,-1.000,0.0,0.0,0.0,,,31.3,11.4,-29.8,,0.000,0.0,11.5,-1.00,-1.0,0.0,2,1500,-1.0,123.5,-1.0,0.0,0.00,5.00,-1,0,0.000,0,0.00,65.38,0,0,1,0.0,2,0.00,0.000,0.57,0.00,1.469,0.269,0.000,-1.000,-1.000,-1.000,-1.000,None,38.6,-1.0,0,4,0.00,0,0,0,0,0.00,2,0,0.076,0.128,-1,-1,-1,-1,-1,-1,-1,-1,-999,-1,-1,0,-1,-1,-1,38.0,0,0.00,0,0,-1,-1,-1,-1,-1,-1,0,0
554,9.2333,air,release,252.212,-456.808,9.684,-10.935,-21.942,31.325,39.777,24.515,8.734,0.00,0.00,0.00,0.00,0.000,2,,0,0.00,0.00,0.00,252.094,-452.215,9.884,-88.54,-4.30,66.16,4.598,0.095,0.05,1.00,0,0,1,0,0,0,-4.30,0.35,-9.25,0.3241,0.1339,0.4565,1,4.598,0,0.476,0,air_rise,swingBottomL,1.000,2,-0.291 0.501 -0.653 0.772 0.090 0.397 0.260 -0.627 0.332 -0.496,252.29,-451.91,9.36,-4.39,-88.75,98.30,-1,-1,-1,-1,0.509,0.796 0.381 -0.620 -0.511,-1.0,0,-1.000,-1.000,0.4784,0.33,,-1.000,0.0,0.0,0.0,,,30.1,9.3,-29.1,,0.000,0.0,11.5,-1.00,-1.0,0.0,0,1500,-1.0,123.5,-1.0,0.0,0.00,5.00,-1,0,0.000,0,0.00,65.38,0,0,1,0.0,2,0.00,0.000,0.48,0.00,1.393,0.368,0.000,-1.000,-1.000,-1.000,-1.000,None,39.8,-1.0,0,4,0.00,0,0,0,0,0.00,2,0,0.152,0.196,-1,-1,-1,-1,-1,-1,-1,-1,-999,-1,-1,0,-1,-1,-1,38.0,0,0.00,0,0,-1,-1,-1,-1,-1,-1,0,0
555,9.2500,air,release,252.030,-457.173,10.202,-10.935,-21.942,30.925,39.463,24.515,9.252,0.00,0.00,0.00,0.00,0.000,2,,0,0.00,0.00,0.00,251.901,-452.575,10.402,-88.41,-4.46,66.24,4.604,0.105,0.05,1.00,0,0,1,0,0,0,-4.46,0.59,-9.27,0.3096,0.1345,0.4553,1,4.604,0,0.474,0,air_rise,swingBottomL,1.000,2,-0.291 0.501 -0.647 0.719 0.079 0.427 0.259 -0.598 0.341 -0.456,252.09,-452.22,9.88,-4.30,-88.54,98.38,-1,-1,-1,-1,0.509,0.747 0.409 -0.590 -0.477,-1.0,0,-1.000,-1.000,0.4788,0.32,,-1.000,0.0,0.0,0.0,,,30.1,9.0,-29.1,,0.000,0.0,11.5,-1.00,-1.0,0.0,0,1500,-1.0,123.7,-1.0,0.0,0.00,5.00,-1,0,0.000,0,0.00,65.38,0,0,1,0.0,2,0.00,0.000,0.40,0.00,1.359,0.398,0.000,-1.000,-1.000,-1.000,-1.000,None,40.3,-1.0,0,4,0.00,0,0,0,0,0.00,2,0,0.227,0.255,-1,-1,-1,-1,-1,-1,-1,-1,-999,-1,-1,0,-1,-1,-1,38.0,0,0.00,0,0,-1,-1,-1,-1,-1,-1,0,0
556,9.2667,air,release,251.847,-457.539,10.712,-10.935,-21.942,30.525,39.150,24.515,9.762,0.00,0.00,0.00,0.00,0.000,2,,0,0.00,0.00,0.00,251.711,-452.941,10.912,-88.32,-4.68,66.33,4.604,0.117,0.05,1.00,0,0,1,0,0,0,-4.68,0.77,-9.28,0.2967,0.1355,0.4546,1,4.604,0,0.471,0,air_rise,swingBottomL,1.000,2,-0.287 0.505 -0.641 0.669 0.081 0.448 0.254 -0.577 0.354 -0.440,251.90,-452.58,10.40,-4.46,-88.41,98.46,-1,-1,-1,-1,0.513,0.700 0.427 -0.567 -0.464,-1.0,0,-1.000,-1.000,0.4794,0.30,,-1.000,0.0,0.0,0.0,,,29.4,9.7,-28.3,,0.000,0.0,11.5,-1.00,-1.0,0.0,0,1500,-1.0,123.8,-1.0,0.0,0.00,5.00,-1,0,0.000,0,0.00,65.38,0,0,1,0.0,2,0.00,0.000,0.32,0.00,1.333,0.414,0.000,-1.000,-1.000,-1.000,-1.000,None,39.5,-1.0,0,4,0.00,0,0,0,0,0.00,2,0,0.303,0.304,-1,-1,-1,-1,-1,-1,-1,-1,-999,-1,-1,0,-1,-1,-1,38.0,0,0.00,0,0,-1,-1,-1,-1,-1,-1,0,0
557,9.2833,air,release,251.665,-457.905,11.216,-10.935,-21.942,30.125,38.839,24.515,10.266,0.00,0.00,0.00,0.00,0.000,2,,0,0.00,0.00,0.00,251.524,-453.307,11.416,-88.25,-4.92,66.42,4.604,0.130,0.05,1.00,0,0,1,0,0,0,-4.92,0.89,-9.30,0.2845,0.1375,0.4545,1,4.604,0,0.468,0,air_rise,swingBottomL,1.000,2,-0.281 0.512 -0.639 0.622 0.093 0.460 0.248 -0.563 0.375 -0.445,251.71,-452.94,10.91,-4.68,-88.32,98.56,-1,-1,-1,-1,0.518,0.654 0.435 -0.551 -0.470,-1.0,0,-1.000,-1.000,0.4803,0.29,,-1.000,0.0,0.0,0.0,,,28.4,11.3,-26.7,,0.000,0.0,11.5,-1.00,-1.0,0.0,0,1500,-1.0,124.0,-1.0,0.0,0.00,5.00,-1,0,0.000,0,0.00,65.38,0,0,1,0.0,2,0.00,0.000,0.23,0.00,1.315,0.419,0.000,-1.000,-1.000,-1.000,-1.000,None,37.5,-1.0,0,4,0.00,0,0,0,0,0.00,2,0,0.379,0.346,-1,-1,-1,-1,-1,-1,-1,-1,-999,-1,-1,0,-1,-1,-1,38.0,0,0.00,0,0,-1,-1,-1,-1,-1,-1,0,0
558,9.3000,air,release,251.483,-458.270,11.713,-10.935,-21.942,29.725,38.530,24.515,10.763,0.00,0.00,0.00,0.00,0.000,2,,0,0.00,0.00,0.00,251.338,-453.673,11.913,-88.21,-5.17,66.52,4.604,0.143,0.05,1.00,0,0,1,0,0,0,-5.17,0.95,-9.32,0.2732,0.1401,0.4549,1,4.604,0,0.464,0,air_rise,swingBottomL,1.000,2,-0.272 0.521 -0.641 0.577 0.115 0.463 0.239 -0.556 0.400 -0.466,251.52,-453.31,11.42,-4.92,-88.25,98.66,-1,-1,-1,-1,0.524,0.609 0.433 -0.539 -0.490,-1.0,0,-1.000,-1.000,0.4814,0.27,,-1.000,0.0,0.0,0.0,,,27.2,13.4,-24.5,,0.000,0.0,11.5,-1.00,-1.0,0.0,0,1500,-1.0,124.1,-1.0,0.0,0.00,5.00,-1,0,0.000,0,0.00,63.43,0,0,1,0.0,2,0.00,0.000,0.15,0.00,1.290,0.418,0.000,-1.000,-1.000,-1.000,-1.000,None,34.8,-1.0,0,4,0.00,0,0,0,0,0.00,2,0,0.455,0.381,-1,-1,-1,-1,-1,-1,-1,-1,-999,-1,-1,0,-1,-1,-1,38.0,0,0.00,0,0,-1,-1,-1,-1,-1,-1,0,0
559,9.3167,air,release,251.301,-458.636,12.203,-10.935,-21.942,29.325,38.222,24.515,11.253,0.00,0.00,0.00,0.00,0.000,2,,0,0.00,0.00,0.00,251.154,-454.038,12.403,-88.18,-5.44,66.61,4.604,0.157,0.05,1.00,0,0,1,0,0,0,-5.44,0.93,-9.33,0.2629,0.1432,0.4557,1,4.604,0,0.461,0,air_rise,swingBottomL,1.000,2,-0.260 0.529 -0.645 0.535 0.144 0.458 0.229 -0.555 0.427 -0.498,251.34,-453.67,11.91,-5.17,-88.21,98.76,-1,-1,-1,-1,0.530,0.566 0.424 -0.533 -0.517,-1.0,0,-1.000,-1.000,0.4827,0.26,,-1.000,0.0,0.0,0.0,,,26.1,16.0,-21.7,,0.000,0.0,11.5,-1.00,-1.0,0.0,0,1500,-1.0,124.1,-1.0,0.0,0.00,5.00,-1,0,0.000,0,0.00,63.43,0,0,1,0.0,2,0.00,0.000,0.07,0.00,1.240,0.413,0.000,-1.000,-1.000,-1.000,-1.000,None,31.4,-1.0,0,4,0.00,0,0,0,0,0.00,2,0,0.530,0.409,-1,-1,-1,-1,-1,-1,-1,-1,-999,-1,-1,0,-1,-1,-1,38.0,0,0.00,0,0,-1,-1,-1,-1,-1,-1,0,0
560,9.3333,air,release,251.118,-459.002,12.687,-10.935,-21.942,28.925,37.916,24.515,11.737,0.00,0.00,0.00,0.00,0.000,2,,0,0.00,0.00,0.00,250.970,-454.404,12.887,-88.17,-5.71,66.71,4.604,0.171,0.05,1.00,0,0,1,0,0,0,-5.71,0.85,-9.35,0.2528,0.1458,0.4568,1,4.604,0,0.457,0,air_rise,swingBottomL,1.000,2,-0.244 0.537 -0.649 0.495 0.180 0.446 0.214 -0.556 0.450 -0.532,251.15,-454.04,12.40,-5.44,-88.18,98.87,-1,-1,-1,-1,0.533,0.523 0.408 -0.528 -0.544,-1.0,0,-1.000,-1.000,0.4841,0.25,,-1.000,0.0,0.0,0.0,,,25.4,18.7,-18.4,,0.000,0.0,11.5,-1.00,-1.0,0.0,0,1500,-1.0,124.2,-1.0,0.0,0.00,5.00,-1,0,0.000,0,0.00,63.43,0,0,1,0.0,2,0.00,0.000,0.00,0.00,1.187,0.405,0.000,-1.000,-1.000,-1.000,-1.000,None,27.6,-1.0,0,4,0.00,0,0,0,0,0.00,2,0,0.606,0.431,-1,-1,-1,-1,-1,-1,-1,-1,-999,-1,-1,0,-1,-1,-1,38.0,0,0.00,0,0,-1,-1,-1,-1,-1,-1,0,0
561,9.3500,air,release,250.936,-459.367,13.164,-10.935,-21.942,28.525,37.612,24.515,12.214,0.00,0.00,0.00,0.00,0.000,2,,0,0.00,0.00,0.00,250.788,-454.770,13.364,-88.16,-5.98,66.81,4.604,0.184,0.05,1.00,0,0,1,0,0,0,-5.98,0.70,-9.37,0.2430,0.1478,0.4586,1,4.604,0,0.454,0,air_rise,swingBottomL,1.000,2,-0.225 0.543 -0.649 0.456 0.224 0.429 0.195 -0.561 0.465 -0.560,250.97,-454.40,12.89,-5.71,-88.17,98.97,-1,-1,-1,-1,0.534,0.481 0.387 -0.526 -0.562,-1.0,0,-1.000,-1.000,0.4858,0.23,,-1.000,0.0,0.0,0.0,,,25.3,21.5,-14.7,,0.000,0.0,11.5,-1.00,-1.0,0.0,0,1500,-1.0,124.2,-1.0,0.0,0.00,5.00,-1,0,0.000,0,0.00,63.43,0,0,1,0.0,2,0.00,0.000,0.00,0.00,1.132,0.395,0.000,-1.000,-1.000,-1.000,-1.000,None,23.4,-1.0,0,4,0.00,0,0,0,0,0.00,2,0,0.682,0.448,-1,-1,-1,-1,-1,-1,-1,-1,-999,-1,-1,0,-1,-1,-1,38.0,0,0.00,0,0,-1,-1,-1,-1,-1,-1,0,0
562,9.3667,air,release,250.754,-459.733,13.634,-10.935,-21.942,28.125,37.309,24.515,12.684,0.00,0.00,0.00,0.00,0.000,2,,0,0.00,0.00,0.00,250.607,-455.135,13.834,-88.17,-6.24,66.91,4.604,0.197,0.05,1.00,0,0,1,0,0,0,-6.24,0.49,-9.38,0.2407,0.1476,0.4571,1,4.604,0,0.450,0,air_rise,airRise,1.000,2,-0.203 0.545 -0.643 0.419 0.280 0.406 0.173 -0.568 0.466 -0.577,250.79,-454.77,13.36,-5.98,-88.16,99.08,-1,-1,-1,-1,0.531,0.440 0.361 -0.525 -0.565,-1.0,0,-1.000,-1.000,0.4872,0.22,,-1.000,0.0,0.0,0.0,,,26.1,24.4,-10.5,,0.000,0.0,11.5,-1.00,-1.0,0.0,0,1500,-1.0,124.3,-1.0,0.0,0.00,5.00,-1,0,0.000,0,0.00,63.43,0,0,1,0.0,2,0.00,0.000,0.00,0.00,1.076,0.381,0.000,-1.000,-1.000,-1.000,-1.000,None,19.2,-1.0,0,4,0.00,0,0,0,0,0.00,2,0,0.758,0.459,-1,-1,-1,-1,-1,-1,-1,-1,-999,-1,-1,0,-1,-1,-1,38.0,0,0.00,0,0,-1,-1,-1,-1,-1,-1,0,0
563,9.3833,air,release,250.572,-460.099,14.098,-10.935,-21.942,27.725,37.009,24.515,13.148,0.00,0.00,0.00,0.00,0.000,2,,0,0.00,0.00,0.00,250.426,-455.501,14.298,-88.19,-6.50,67.01,4.604,0.209,0.05,1.00,0,0,1,0,0,0,-6.50,0.22,-9.40,0.2380,0.1455,0.4538,1,4.604,0,0.447,0,air_rise,airRise,1.000,2,-0.179 0.543 -0.630 0.387 0.338 0.379 0.146 -0.566 0.454 -0.575,250.61,-455.14,13.83,-6.24,-88.17,99.18,-1,-1,-1,-1,0.523,0.405 0.333 -0.514 -0.549,-1.0,0,-1.000,-1.000,0.4882,0.21,,-1.000,0.0,0.0,0.0,,,28.0,27.5,-6.0,,0.000,0.0,11.5,-1.00,-1.0,0.0,0,1500,-1.0,124.3,-1.0,0.0,0.00,5.00,-1,0,0.000,0,0.00,63.43,0,0,1,0.0,2,0.00,0.000,0.00,0.00,1.021,0.372,0.000,-1.000,-1.000,-1.000,-1.000,None,15.0,-1.0,0,4,0.00,0,0,0,0,0.00,2,0,0.833,0.467,-1,-1,-1,-1,-1,-1,-1,-1,-999,-1,-1,0,-1,-1,-1,38.0,0,0.00,0,0,-1,-1,-1,-1,-1,-1,0,0
564,9.4000,air,release,250.390,-460.465,14.555,-10.935,-21.942,27.325,36.710,24.515,13.605,0.00,0.00,0.00,0.00,0.000,2,,0,0.00,0.00,0.00,250.247,-455.867,14.755,-88.23,-6.75,67.10,4.604,0.220,0.05,1.00,0,0,1,0,0,0,-6.75,-0.10,-9.42,0.2318,0.1419,0.4497,1,4.604,0,0.444,0,air_rise,airRise,1.000,2,-0.153 0.536 -0.610 0.364 0.400 0.349 0.114 -0.552 0.433 -0.557,250.43,-455.50,14.30,-6.50,-88.19,99.29,-1,-1,-1,-1,0.510,0.380 0.302 -0.491 -0.518,-1.0,0,-1.000,-1.000,0.4885,0.20,,-1.000,0.0,0.0,0.0,,,30.6,30.6,-1.1,,0.000,0.0,11.5,-1.00,-1.0,0.0,0,1500,-1.0,124.3,-1.0,0.0,0.00,5.00,-1,0,0.000,0,0.00,60.39,0,0,1,0.0,2,0.00,0.000,0.00,0.00,0.971,0.366,0.000,-1.000,-1.000,-1.000,-1.000,None,11.3,-1.0,0,4,0.00,0,0,0,0,0.00,2,0,0.909,0.470,-1,-1,-1,-1,-1,-1,-1,-1,-999,-1,-1,0,-1,-1,-1,38.0,0,0.00,0,0,-1,-1,-1,-1,-1,-1,0,0
565,9.4167,air,release,250.207,-460.830,15.006,-10.935,-21.942,26.925,36.413,24.515,14.056,0.00,0.00,0.00,0.00,0.000,2,,0,0.00,0.00,0.00,250.068,-456.232,15.206,-88.27,-6.99,67.19,4.604,0.231,0.06,1.00,0,0,1,0,0,0,-6.99,-0.47,-9.43,0.2256,0.1394,0.4453,1,4.604,0,0.441,0,air_rise,airRise,1.000,2,-0.133 0.529 -0.594 0.349 0.459 0.328 0.088 -0.537 0.412 -0.535,250.25,-455.87,14.76,-6.75,-88.23,99.39,-1,-1,-1,-1,0.498,0.366 0.282 -0.469 -0.486,-1.0,0,-1.000,-1.000,0.4879,0.19,,-1.000,0.0,0.0,0.0,,,32.9,32.8,2.7,,0.000,0.0,11.5,-1.00,-1.0,0.0,0,1500,-1.0,124.3,-1.0,0.0,0.00,5.00,-1,0,0.000,0,0.00,60.39,0,0,1,0.0,2,0.00,0.000,0.00,0.00,0.933,0.362,0.000,-1.000,-1.000,-1.000,-1.000,None,9.7,-1.0,0,4,0.00,0,0,0,0,0.00,2,0,0.985,0.470,-1,-1,-1,-1,-1,-1,-1,-1,-999,-1,-1,0,-1,-1,-1,38.0,0,0.00,0,0,-1,-1,-1,-1,-1,-1,0,0
566,9.4333,air,release,250.025,-461.196,15.449,-10.935,-21.942,26.525,36.119,24.515,14.499,0.00,0.00,0.00,0.00,0.000,2,,0,0.00,0.00,0.00,249.890,-456.598,15.649,-88.33,-7.21,67.28,4.604,0.240,0.06,1.00,0,0,1,0,0,0,-7.21,-0.88,-9.45,0.2262,0.1432,0.4418,1,4.604,0,0.438,0,air_rise,airRise,1.000,2,-0.129 0.531 -0.592 0.331 0.508 0.334 0.085 -0.544 0.407 -0.525,250.07,-456.23,15.21,-6.99,-88.27,99.49,-1,-1,-1,-1,0.498,0.355 0.290 -0.472 -0.473,-1.0,0,-1.000,-1.000,0.4877,0.18,,-1.000,0.0,0.0,0.0,,,32.8,32.8,3.2,,0.000,0.0,11.5,-1.00,-1.0,0.0,0,1500,-1.0,124.3,-1.0,0.0,0.00,5.00,-1,0,0.000,0,0.00,60.39,0,0,1,0.0,2,0.00,0.000,0.00,0.00,0.915,0.360,0.000,-1.000,-1.000,-1.000,-1.000,None,10.3,-1.0,0,4,0.00,0,0,0,0,0.00,2,0,1.000,0.467,-1,-1,-1,-1,-1,-1,-1,-1,-999,-1,-1,0,-1,-1,-1,38.0,0,0.00,0,0,-1,-1,-1,-1,-1,-1,0,0
567,9.4500,air,release,249.843,-461.562,15.886,-10.935,-21.942,26.125,35.826,24.515,14.936,0.00,0.00,0.00,0.00,0.000,2,,0,0.00,0.00,0.00,249.714,-456.963,16.086,-88.40,-7.43,67.36,4.604,0.248,0.06,1.00,0,0,1,0,0,0,-7.43,-1.32,-9.47,0.2254,0.1455,0.4380,1,4.604,0,0.435,0,air_rise,airRise,1.000,2,-0.126 0.532 -0.592 0.328 0.520 0.339 0.081 -0.544 0.404 -0.526,249.89,-456.60,15.65,-7.21,-88.33,99.58,-1,-1,-1,-1,0.499,0.354 0.294 -0.470 -0.471,-1.0,0,-1.000,-1.000,0.4880,0.17,,-1.000,0.0,0.0,0.0,,,32.8,32.7,3.4,,0.000,0.0,11.5,-1.00,-1.0,0.0,0,1500,-1.0,124.3,-1.0,0.0,0.00,5.00,-1,0,0.000,0,0.00,60.39,0,0,1,0.0,2,0.00,0.000,0.00,0.00,0.911,0.361,0.000,-1.000,-1.000,-1.000,-1.000,None,10.9,-1.0,0,4,0.00,0,0,0,0,0.00,2,0,1.000,0.461,-1,-1,-1,-1,-1,-1,-1,-1,-999,-1,-1,0,-1,-1,-1,38.0,0,0.00,0,0,-1,-1,-1,-1,-1,-1,0,0
568,9.4667,air,release,249.661,-461.927,16.317,-10.935,-21.942,25.725,35.535,24.515,15.367,0.00,0.00,0.00,0.00,0.000,2,,0,0.00,0.00,0.00,249.538,-457.329,16.517,-88.48,-7.64,67.44,4.604,0.255,0.06,1.00,0,0,1,0,0,0,-7.64,-1.80,-9.48,0.2244,0.1462,0.4341,1,4.604,0,0.433,0,air_rise,airRise,1.000,2,-0.124 0.534 -0.594 0.329 0.521 0.346 0.078 -0.543 0.403 -0.526,249.71,-456.96,16.09,-7.43,-88.40,99.67,-1,-1,-1,-1,0.499,0.355 0.300 -0.466 -0.470,-1.0,0,-1.000,-1.000,0.4877,0.17,,-1.000,0.0,0.0,0.0,,,32.7,32.6,3.5,,0.000,0.0,11.5,-1.00,-1.0,0.0,0,1500,-1.0,124.2,-1.0,0.0,0.00,5.00,-1,0,0.000,0,0.00,60.39,0,0,1,0.0,2,0.00,0.000,0.00,0.00,0.911,0.363,0.000,-1.000,-1.000,-1.000,-1.000,None,11.4,-1.0,0,4,0.00,0,0,0,0,0.00,2,0,1.000,0.452,-1,-1,-1,-1,-1,-1,-1,-1,-999,-1,-1,0,-1,-1,-1,38.0,0,0.00,0,0,-1,-1,-1,-1,-1,-1,0,0
569,9.4833,air,release,249.478,-462.293,16.741,-10.935,-21.942,25.325,35.247,24.515,15.791,0.00,0.00,0.00,0.00,0.000,2,,0,0.00,0.00,0.00,249.363,-457.694,16.941,-88.57,-7.83,67.52,4.604,0.260,0.07,1.00,0,0,1,0,0,0,-7.83,-2.30,-9.50,0.2231,0.1467,0.4304,1,4.604,0,0.430,0,air_rise,airRise,1.000,2,-0.124 0.535 -0.597 0.331 0.521 0.357 0.077 -0.540 0.404 -0.525,249.54,-457.33,16.52,-7.64,-88.48,99.76,-1,-1,-1,-1,0.500,0.358 0.309 -0.461 -0.467,-1.0,0,-1.000,-1.000,0.4874,0.16,,-1.000,0.0,0.0,0.0,,,32.6,32.5,3.4,,0.000,0.0,11.5,-1.00,-1.0,0.0,0,1500,-1.0,124.2,-1.0,0.0,0.00,5.00,-1,0,0.000,0,0.00,60.39,0,0,1,0.0,2,0.00,0.000,0.00,0.00,0.913,0.366,0.000,-1.000,-1.000,-1.000,-1.000,None,11.9,-1.0,0,4,0.00,0,0,0,0,0.00,2,0,1.000,0.442,-1,-1,-1,-1,-1,-1,-1,-1,-999,-1,-1,0,-1,-1,-1,38.0,0,0.00,0,0,-1,-1,-1,-1,-1,-1,0,0
570,9.5000,air,release,249.296,-462.659,17.158,-10.935,-21.942,24.925,34.960,24.515,16.208,0.00,0.00,0.00,0.00,0.000,2,,0,0.00,0.00,0.00,249.189,-458.060,17.358,-88.68,-8.02,67.59,4.604,0.264,-0.59,0.81,0,0,1,0,0,0,-8.02,-2.82,-9.52,0.2216,0.1471,0.4269,1,4.604,0,0.428,0,air_rise,airRise,1.000,2,-0.125 0.536 -0.600 0.335 0.520 0.370 0.077 -0.536 0.407 -0.521,249.36,-457.69,16.94,-7.83,-88.57,99.84,-1,-1,-1,-1,0.500,0.362 0.321 -0.455 -0.462,-1.0,0,-1.000,-1.000,0.4869,0.15,,-1.000,0.0,0.0,0.0,,,32.6,32.5,3.2,,0.000,0.0,11.5,-1.00,-1.0,0.0,0,1500,-1.0,124.1,-1.0,0.0,0.00,5.00,-1,0,0.000,0,0.00,57.79,0,0,1,0.0,2,0.00,0.000,0.00,0.00,0.918,0.369,0.000,-1.000,-1.000,-1.000,-1.000,None,12.3,-1.0,0,4,0.00,0,0,0,0,0.00,2,0,1.000,0.429,-1,-1,-1,-1,-1,-1,-1,-1,-999,-1,-1,0,-1,-1,-1,38.0,0,0.00,0,0,-1,-1,-1,-1,-1,-1,0,0
571,9.5167,air,release,249.114,-463.024,17.568,-10.935,-21.942,24.525,34.676,24.515,16.618,0.00,0.00,0.00,0.00,0.000,2,,0,0.00,0.00,0.00,249.016,-458.425,17.768,-88.79,-8.19,67.65,4.604,0.265,-0.59,0.81,0,0,1,0,0,0,-8.19,-3.37,-9.53,0.2193,0.1472,0.4235,1,4.604,0,0.426,0,air_rise,airRise,1.000,2,-0.131 0.535 -0.606 0.338 0.514 0.387 0.081 -0.529 0.415 -0.512,249.19,-458.06,17.36,-8.02,-88.68,99.91,-1,-1,-1,-1,0.499,0.365 0.336 -0.446 -0.452,-1.0,0,-1.000,-1.000,0.4862,0.14,,-1.000,0.0,0.0,0.0,,,32.8,32.8,2.6,,0.000,0.0,11.5,-1.00,-1.0,0.0,0,1500,-1.0,124.0,-1.0,0.0,0.00,5.00,-1,0,0.000,0,0.00,57.79,0,0,1,0.0,2,0.00,0.000,0.00,0.00,0.925,0.373,0.000,-1.000,-1.000,-1.000,-1.000,None,12.4,-1.0,0,4,0.00,0,0,0,0,0.00,2,0,1.000,0.415,-1,-1,-1,-1,-1,-1,-1,-1,-999,-1,-1,0,-1,-1,-1,38.0,0,0.00,0,0,-1,-1,-1,-1,-1,-1,0,0
572,9.5333,air,release,248.932,-463.390,17.972,-10.935,-21.942,24.125,34.395,24.515,17.022,0.00,0.00,0.00,0.00,0.000,2,,0,0.00,0.00,0.00,248.844,-458.791,18.172,-88.91,-8.35,67.71,4.604,0.265,-0.58,0.81,0,0,1,0,0,0,-8.35,-3.92,-9.55,0.2166,0.1471,0.4203,1,4.604,0,0.423,0,air_rise,airRise,1.000,2,-0.136 0.534 -0.612 0.343 0.507 0.405 0.086 -0.521 0.424 -0.501,249.02,-458.43,17.77,-8.19,-88.79,99.98,-1,-1,-1,-1,0.497,0.370 0.351 -0.435 -0.440,-1.0,0,-1.000,-1.000,0.4853,0.14,,-1.000,0.0,0.0,0.0,,,33.2,33.2,2.0,,0.000,0.0,11.5,-1.00,-1.0,0.0,0,1500,-1.0,123.9,-1.0,0.0,0.00,5.00,-1,0,0.000,0,0.00,57.79,0,0,1,0.0,2,0.00,0.000,0.00,0.00,0.933,0.378,0.000,-1.000,-1.000,-1.000,-1.000,None,12.4,-1.0,0,4,0.00,0,0,0,0,0.00,2,0,1.000,0.399,-1,-1,-1,-1,-1,-1,-1,-1,-999,-1,-1,0,-1,-1,-1,38.0,0,0.00,0,0,-1,-1,-1,-1,-1,-1,0,0
573,9.5500,air,release,248.749,-463.756,18.369,-10.935,-21.942,23.725,34.115,24.515,17.419,0.00,0.00,0.00,0.00,0.000,2,,0,0.00,0.00,0.00,248.673,-459.156,18.569,-89.05,-8.50,67.76,4.604,0.264,-0.58,0.82,0,0,1,0,0,0,-8.50,-4.50,-9.57,0.2133,0.1472,0.4173,1,4.604,0,0.422,0,air_rise,airRise,1.000,2,-0.143 0.532 -0.619 0.349 0.498 0.423 0.092 -0.510 0.433 -0.487,248.84,-458.79,18.17,-8.35,-88.91,100.04,-1,-1,-1,-1,0.494,0.376 0.366 -0.423 -0.425,-1.0,0,-1.000,-1.000,0.4846,0.13,,-1.000,0.0,0.0,0.0,,,33.7,33.7,1.3,,0.000,0.0,11.5,-1.00,-1.0,0.0,0,1500,-1.0,123.8,-1.0,0.0,0.00,5.00,-1,0,0.000,0,0.00,57.79,0,0,1,0.0,2,0.00,0.000,0.00,0.00,0.944,0.383,0.000,-1.000,-1.000,-1.000,-1.000,None,12.3,-1.0,0,4,0.00,0,0,0,0,0.00,2,0,1.000,0.383,-1,-1,-1,-1,-1,-1,-1,-1,-999,-1,-1,0,-1,-1,-1,38.0,0,0.00,0,0,-1,-1,-1,-1,-1,-1,0,0
574,9.5667,air,release,248.567,-464.121,18.759,-10.935,-21.942,23.325,33.838,24.515,17.809,0.00,0.00,0.00,0.00,0.000,2,,0,0.00,0.00,0.00,248.502,-459.522,18.959,-89.19,-8.65,67.81,4.604,0.260,-0.58,0.82,0,0,1,0,0,0,-8.65,-5.08,-9.58,0.2095,0.1489,0.4144,1,4.604,0,0.420,0,air_rise,airRise,1.000,2,-0.150 0.529 -0.627 0.356 0.488 0.440 0.098 -0.498 0.443 -0.472,248.67,-459.16,18.57,-8.50,-89.05,100.10,-1,-1,-1,-1,0.490,0.383 0.381 -0.408 -0.408,-1.0,0,-1.000,-1.000,0.4848,0.12,,-1.000,0.0,0.0,0.0,,,34.4,34.4,0.6,,0.000,0.0,11.5,-1.00,-1.0,0.0,0,1500,-1.0,123.7,-1.0,0.0,0.00,5.00,-1,0,0.000,0,0.00,57.79,0,0,1,0.0,2,0.00,0.000,0.00,0.00,0.956,0.388,0.000,-1.000,-1.000,-1.000,-1.000,None,12.1,-1.0,0,4,0.00,0,0,0,0,0.00,2,0,1.000,0.365,-1,-1,-1,-1,-1,-1,-1,-1,-999,-1,-1,0,-1,-1,-1,38.0,0,0.00,0,0,-1,-1,-1,-1,-1,-1,0,0
575,9.5833,air,release,248.384,-464.487,19.143,-10.982,-21.918,22.925,33.564,24.515,18.193,0.00,0.00,0.00,0.00,0.000,2,,0,0.00,0.00,0.00,248.332,-459.887,19.343,-89.35,-8.78,67.85,4.604,0.256,-0.57,0.82,0,0,1,0,0,0,-8.78,-5.66,-9.60,0.2056,0.1508,0.4116,1,4.604,0,0.418,0,air_rise,airRise,1.000,2,-0.158 0.526 -0.635 0.363 0.475 0.459 0.105 -0.485 0.454 -0.454,248.50,-459.52,18.96,-8.65,-89.19,100.15,-1,-1,-1,-1,0.486,0.389 0.397 -0.393 -0.390,-1.0,0,-1.000,-1.000,0.4850,0.12,,-1.000,0.0,0.0,0.0,,,35.1,35.1,-0.1,,0.000,0.0,11.5,-1.00,-1.0,0.0,0,1500,-1.0,123.5,-1.0,0.0,0.00,5.00,-1,0,0.000,0,0.00,57.79,0,0,1,0.0,2,0.00,0.000,0.00,0.00,0.968,0.393,0.000,-1.000,-1.000,-1.000,-1.000,None,11.9,-1.0,0,4,0.00,0,0,0,0,0.00,2,0,1.000,0.347,-1,-1,-1,-1,-1,-1,-1,-1,-999,-1,-1,0,-1,-1,-1,38.0,0,0.00,0,0,-1,-1,-1,-1,-1,-1,0,0
576,9.6000,air,rise,248.200,-464.852,19.520,-11.050,-21.884,22.525,33.292,24.515,18.570,0.00,0.00,0.00,0.00,0.000,2,,0,0.00,0.00,0.00,248.162,-460.252,19.720,-89.52,-8.90,67.89,4.604,0.250,-0.57,0.82,0,0,1,0,0,0,-8.90,-6.26,-9.62,0.2016,0.1526,0.4089,1,4.604,0,0.416,0,air_spread,airRise,1.000,2,-0.166 0.522 -0.643 0.369 0.460 0.478 0.112 -0.471 0.464 -0.436,248.33,-459.89,19.34,-8.78,-89.35,100.19,-1,-1,-1,-1,0.481,0.393 0.413 -0.377 -0.371,-1.0,0,-1.000,-1.000,0.4852,0.11,,-1.000,0.0,0.0,0.0,,,35.8,35.8,-0.9,,0.000,0.0,11.5,-1.00,-1.0,0.0,0,1500,-1.0,123.4,-1.0,0.0,0.00,5.00,-1,0,0.000,0,0.00,54.49,0,0,1,0.0,2,0.00,0.000,0.00,0.00,0.980,0.399,0.000,-1.000,-1.000,-1.000,-1.000,None,11.7,-1.0,0,4,0.00,0,0,0,0,0.00,2,0,1.000,0.329,-1,-1,-1,-1,-1,-1,-1,-1,-999,-1,-1,0,-1,-1,-1,38.0,0,0.00,0,0,-1,-1,-1,-1,-1,-1,0,0
577,9.6167,air,rise,248.015,-465.216,19.891,-11.139,-21.838,22.125,33.023,24.515,18.941,0.00,0.00,0.00,0.00,0.000,2,,0,0.00,0.00,0.00,247.992,-460.616,20.091,-89.72,-9.02,67.92,4.604,0.244,-0.57,0.82,0,0,1,0,0,0,-9.02,-6.85,-9.63,0.1968,0.1546,0.4064,1,4.604,0,0.415,0,air_spread,airRise,1.000,2,-0.177 0.518 -0.653 0.372 0.443 0.497 0.119 -0.455 0.476 -0.415,248.16,-460.25,19.72,-8.90,-89.52,100.23,-1,-1,-1,-1,0.475,0.396 0.429 -0.359 -0.348,-1.0,0,-1.000,-1.000,0.4854,0.11,,-1.000,0.0,0.0,0.0,,,36.8,36.7,-1.7,,0.000,0.0,11.5,-1.00,-1.0,0.0,0,1500,-1.0,123.2,-1.0,0.0,0.00,5.00,-1,0,0.000,0,0.00,54.49,0,0,1,0.0,2,0.00,0.000,0.00,0.00,0.991,0.405,0.000,-1.000,-1.000,-1.000,-1.000,None,11.3,-1.0,0,4,0.00,0,0,0,0,0.00,2,0,1.000,0.310,-1,-1,-1,-1,-1,-1,-1,-1,-999,-1,-1,0,-1,-1,-1,38.0,0,0.00,0,0,-1,-1,-1,-1,-1,-1,0,0
578,9.6333,air,rise,247.828,-465.579,20.254,-11.249,-21.782,21.725,32.756,24.515,19.304,0.00,0.00,0.00,0.00,0.000,2,,0,0.00,0.00,0.00,247.823,-460.979,20.454,-89.93,-9.13,67.94,4.604,0.236,-0.56,0.83,0,0,1,0,0,0,-9.13,-7.45,-9.65,0.1906,0.1570,0.4039,1,4.604,0,0.414,0,air_spread,airRise,1.000,2,-0.189 0.510 -0.664 0.372 0.423 0.513 0.128 -0.435 0.488 -0.388,247.99,-460.62,20.09,-9.02,-89.72,100.26,-1,-1,-1,-1,0.466,0.394 0.442 -0.337 -0.321,-1.0,0,-1.000,-1.000,0.4858,0.10,,-1.000,0.0,0.0,0.0,,,38.2,38.1,-2.7,,0.000,0.0,11.5,-1.00,-1.0,0.0,0,1500,-1.0,123.1,-1.0,0.0,0.00,5.00,-1,0,0.000,0,0.00,54.49,0,0,1,0.0,2,0.00,0.000,0.00,0.00,1.002,0.411,0.000,-1.000,-1.000,-1.000,-1.000,None,10.6,-1.0,0,4,0.00,0,0,0,0,0.00,2,0,1.000,0.291,-1,-1,-1,-1,-1,-1,-1,-1,-999,-1,-1,0,-1,-1,-1,38.0,0,0.00,0,0,-1,-1,-1,-1,-1,-1,0,0
579,9.6500,air,rise,247.639,-465.941,20.611,-11.380,-21.714,21.325,32.492,24.515,19.661,0.00,0.00,0.00,0.00,0.000,2,,0,0.00,0.00,0.00,247.653,-461.341,20.811,-90.17,-9.23,67.96,4.604,0.228,-0.56,0.83,0,0,1,0,0,0,-9.23,-8.05,-9.67,0.1831,0.1595,0.4017,1,4.604,0,0.412,0,air_spread,airRise,1.000,2,-0.203 0.500 -0.677 0.369 0.399 0.528 0.137 -0.411 0.501 -0.357,247.82,-460.98,20.45,-9.13,-89.93,100.29,-1,-1,-1,-1,0.455,0.388 0.453 -0.310 -0.288,-1.0,0,-1.000,-1.000,0.4861,0.10,,-1.000,0.0,0.0,0.0,,,39.9,39.9,-3.8,,0.000,0.0,11.5,-1.00,-1.0,0.0,0,1500,-1.0,122.9,-1.0,0.0,0.00,5.00,-1,0,0.000,0,0.00,54.49,0,0,1,0.0,2,0.00,0.000,0.00,0.00,1.012,0.417,0.000,-1.000,-1.000,-1.000,-1.000,None,9.6,-1.0,0,4,0.00,0,0,0,0,0.00,2,0,1.000,0.272,-1,-1,-1,-1,-1,-1,-1,-1,-999,-1,-1,0,-1,-1,-1,38.0,0,0.00,0,0,-1,-1,-1,-1,-1,-1,0,0
580,9.6667,air,rise,247.448,-466.302,20.962,-11.530,-21.634,20.925,32.231,24.515,20.012,0.00,0.00,0.00,0.00,0.000,2,,0,0.00,0.00,0.00,247.482,-461.702,21.162,-90.43,-9.33,67.97,4.604,0.219,-0.55,0.83,0,0,1,0,0,0,-9.33,-8.64,-9.68,0.1780,0.1621,0.3977,1,4.604,0,0.411,0,air_spread,airRise,1.000,2,-0.218 0.488 -0.692 0.362 0.373 0.540 0.146 -0.383 0.512 -0.322,247.65,-461.34,20.81,-9.23,-90.17,100.31,-1,-1,-1,-1,0.440,0.379 0.461 -0.280 -0.252,-1.0,0,-1.000,-1.000,0.4865,0.09,,-1.000,0.0,0.0,0.0,,,42.0,41.9,-4.9,,0.000,0.0,11.5,-1.00,-1.0,0.0,0,1500,-1.0,122.6,-1.0,0.0,0.00,5.00,-1,0,0.000,0,0.00,54.49,0,0,1,0.0,2,0.00,0.000,0.00,0.00,1.021,0.423,0.000,-1.000,-1.000,-1.000,-1.000,None,8.4,-1.0,0,4,0.00,0,0,0,0,0.00,2,0,1.000,0.253,-1,-1,-1,-1,-1,-1,-1,-1,-999,-1,-1,0,-1,-1,-1,38.0,0,0.00,0,0,-1,-1,-1,-1,-1,-1,0,0
581,9.6833,air,rise,247.253,-466.662,21.306,-11.701,-21.542,20.525,31.973,24.515,20.356,0.00,0.00,0.00,0.00,0.000,2,,0,0.00,0.00,0.00,247.310,-462.062,21.506,-90.71,-9.42,67.98,4.604,0.210,-0.55,0.84,0,0,1,0,0,0,-9.42,-9.24,-9.70,0.1774,0.1646,0.3955,1,4.604,0,0.410,0,air_spread,airRise,1.000,2,-0.233 0.474 -0.706 0.352 0.346 0.548 0.154 -0.353 0.523 -0.285,247.48,-461.70,21.16,-9.33,-90.43,100.32,-1,-1,-1,-1,0.424,0.365 0.465 -0.248 -0.213,-1.0,0,-1.000,-1.000,0.4869,0.09,,-1.000,0.0,0.0,0.0,,,44.4,44.2,-6.1,,0.000,0.0,11.5,-1.00,-1.0,0.0,0,1500,-1.0,122.4,-1.0,0.0,0.00,5.00,-1,0,0.000,0,0.00,54.49,0,0,1,0.0,2,0.00,0.000,0.00,0.00,1.029,0.430,0.000,-1.000,-1.000,-1.000,-1.000,None,7.3,-1.0,0,4,0.00,0,0,0,0,0.00,2,0,1.000,0.235,-1,-1,-1,-1,-1,-1,-1,-1,-999,-1,-1,0,-1,-1,-1,38.0,0,0.00,0,0,-1,-1,-1,-1,-1,-1,0,0
582,9.7000,air,rise,247.056,-467.019,21.643,-11.892,-21.438,20.125,31.717,24.515,20.693,0.00,0.00,0.00,0.00,0.000,2,,0,0.00,0.00,0.00,247.136,-462.420,21.843,-91.00,-9.50,67.98,4.604,0.200,-0.55,0.84,0,0,1,0,0,0,-9.50,-9.83,-9.72,0.1778,0.1669,0.3946,1,4.604,0,0.409,0,air_spread,airRise,1.000,2,-0.249 0.457 -0.721 0.337 0.317 0.554 0.161 -0.322 0.532 -0.244,247.31,-462.06,21.51,-9.42,-90.71,100.33,-1,-1,-1,-1,0.405,0.347 0.466 -0.214 -0.171,-1.0,0,-1.000,-1.000,0.4873,0.08,,-1.000,0.0,0.0,0.0,,,46.9,46.7,-7.5,,0.000,0.0,11.5,-1.00,-1.0,0.0,0,1500,-1.0,122.1,-1.0,0.0,0.00,5.00,-1,0,0.000,0,0.00,53.31,0,0,1,0.0,2,0.00,0.000,0.00,0.00,1.037,0.436,0.000,-1.000,-1.000,-1.000,-1.000,None,6.5,-1.0,0,4,0.00,0,0,0,0,0.00,2,0,1.000,0.216,-1,-1,-1,-1,-1,-1,-1,-1,-999,-1,-1,0,-1,-1,-1,38.0,0,0.00,0,0,-1,-1,-1,-1,-1,-1,0,0
583,9.7167,air,rise,246.855,-467.375,21.973,-12.102,-21.320,19.725,31.465,24.515,21.023,0.00,0.00,0.00,0.00,0.000,2,,0,0.00,0.00,0.00,246.961,-462.777,22.173,-91.32,-9.57,67.97,4.604,0.190,-0.54,0.84,0,0,1,0,0,0,-9.57,-10.42,-9.73,0.1774,0.1690,0.3940,1,4.604,0,0.408,0,air_spread,releaseSpread,1.000,2,-0.265 0.439 -0.736 0.319 0.287 0.557 0.167 -0.289 0.539 -0.202,247.14,-462.42,21.84,-9.50,-91.00,100.33,-1,-1,-1,-1,0.384,0.325 0.465 -0.179 -0.128,-1.0,0,-1.000,-1.000,0.4877,0.08,,-1.000,0.0,0.0,0.0,,,49.6,49.3,-9.0,,0.000,0.0,11.5,-1.00,-1.0,0.0,0,1500,-1.0,121.8,-1.0,0.0,0.00,5.00,-1,0,0.000,0,0.00,53.31,0,0,1,0.0,2,0.00,0.000,0.00,0.00,1.044,0.441,0.000,-1.000,-1.000,-1.000,-1.000,None,6.2,-1.0,0,4,0.00,0,0,0,0,0.00,2,0,1.000,0.199,-1,-1,-1,-1,-1,-1,-1,-1,-999,-1,-1,0,-1,-1,-1,38.0,0,0.00,0,0,-1,-1,-1,-1,-1,-1,0,0
584,9.7333,air,rise,246.650,-467.729,22.297,-12.332,-21.188,19.325,31.216,24.515,21.347,0.00,0.00,0.00,0.00,0.000,2,,0,0.00,0.00,0.00,246.783,-463.131,22.497,-91.66,-9.65,67.96,4.604,0.180,-0.54,0.84,0,0,1,0,0,0,-9.65,-11.00,-9.75,0.1763,0.1708,0.3936,1,4.604,0,0.407,0,air_spread,releaseSpread,1.000,2,-0.282 0.419 -0.751 0.296 0.256 0.557 0.172 -0.255 0.545 -0.159,246.96,-462.78,22.17,-9.57,-91.32,100.32,-1,-1,-1,-1,0.362,0.300 0.461 -0.144 -0.084,-1.0,0,-1.000,-1.000,0.4880,0.07,,-1.000,0.0,0.0,0.0,,,52.3,52.0,-10.7,,0.000,0.0,11.5,-1.00,-1.0,0.0,0,1500,-1.0,121.5,-1.0,0.0,0.00,5.00,-1,0,0.000,0,0.00,53.31,0,0,1,0.0,2,0.00,0.000,0.00,0.00,1.050,0.447,0.000,-1.000,-1.000,-1.000,-1.000,None,6.6,-1.0,0,4,0.00,0,0,0,0,0.00,2,0,1.000,0.182,-1,-1,-1,-1,-1,-1,-1,-1,-999,-1,-1,0,-1,-1,-1,38.0,0,0.00,0,0,-1,-1,-1,-1,-1,-1,0,0
585,9.7500,air,rise,246.442,-468.080,22.614,-12.580,-21.041,18.925,30.970,24.515,21.664,0.00,0.00,0.00,0.00,0.000,2,,0,0.00,0.00,0.00,246.603,-463.483,22.814,-92.01,-9.71,67.95,4.604,0.169,-0.53,0.85,0,0,1,0,0,0,-9.71,-11.58,-9.77,0.1745,0.1723,0.3935,1,4.604,0,0.406,0,air_spread,releaseSpread,1.000,2,-0.298 0.398 -0.765 0.271 0.225 0.555 0.176 -0.222 0.549 -0.115,246.78,-463.13,22.50,-9.65,-91.66,100.31,-1,-1,-1,-1,0.338,0.271 0.454 -0.109 -0.040,-1.0,0,-1.000,-1.000,0.4882,0.07,,-1.000,0.0,0.0,0.0,,,55.1,54.8,-12.6,,0.000,0.0,11.5,-1.00,-1.0,0.0,0,1500,-1.0,121.2,-1.0,0.0,0.00,5.00,-1,0,0.000,0,0.00,53.31,0,0,1,0.0,2,0.00,0.000,0.00,0.00,1.055,0.453,0.000,-1.000,-1.000,-1.000,-1.000,None,7.7,-1.0,0,4,0.00,0,0,0,0,0.00,2,0,1.000,0.166,-1,-1,-1,-1,-1,-1,-1,-1,-999,-1,-1,0,-1,-1,-1,38.0,0,0.00,0,0,-1,-1,-1,-1,-1,-1,0,0
586,9.7667,air,rise,246.229,-468.429,22.924,-12.847,-20.880,18.525,30.727,24.515,21.974,0.00,0.00,0.00,0.00,0.000,2,,0,0.00,0.00,0.00,246.420,-463.833,23.124,-92.38,-9.77,67.93,4.604,0.159,-0.53,0.85,0,0,1,0,0,0,-9.77,-12.15,-9.78,0.1722,0.1734,0.3935,1,4.604,0,0.405,0,air_spread,releaseSpread,1.000,2,-0.313 0.375 -0.777 0.243 0.194 0.551 0.179 -0.190 0.550 -0.072,246.60,-463.48,22.81,-9.71,-92.01,100.29,-1,-1,-1,-1,0.314,0.240 0.446 -0.076 0.004,-1.0,0,-1.000,-1.000,0.4884,0.07,,-1.000,0.0,0.0,0.0,,,57.9,57.5,-14.7,,0.000,0.0,11.5,-1.00,-1.0,0.0,0,1500,-1.0,120.9,-1.0,0.0,0.00,5.00,-1,0,0.000,0,0.00,53.31,0,0,1,0.0,2,0.00,0.000,0.00,0.00,1.060,0.458,0.000,-1.000,-1.000,-1.000,-1.000,None,9.2,-1.0,0,4,0.00,0,0,0,0,0.00,2,0,1.000,0.151,-1,-1,-1,-1,-1,-1,-1,-1,-999,-1,-1,0,-1,-1,-1,38.0,0,0.00,0,0,-1,-1,-1,-1,-1,-1,0,0
587,9.7833,air,rise,246.011,-468.775,23.228,-13.131,-20.702,18.125,30.488,24.515,22.278,0.00,0.00,0.00,0.00,0.000,2,,0,0.00,0.00,0.00,246.234,-464.180,23.428,-92.78,-9.83,67.90,4.604,0.149,-0.52,0.85,0,0,1,0,0,0,-9.83,-12.71,-9.80,0.1694,0.1741,0.3936,1,4.604,0,0.404,0,air_spread,releaseSpread,1.000,2,-0.328 0.353 -0.788 0.212 0.163 0.545 0.180 -0.160 0.550 -0.030,246.42,-463.83,23.12,-9.77,-92.38,100.27,-1,-1,-1,-1,0.290,0.208 0.437 -0.044 0.046,-1.0,0,-1.000,-1.000,0.4884,0.06,,-1.000,0.0,0.0,0.0,,,60.6,60.2,-17.0,,0.000,0.0,11.5,-1.00,-1.0,0.0,0,1500,-1.0,120.5,-1.0,0.0,0.00,5.00,-1,0,0.000,0,0.00,53.31,0,0,1,0.0,2,0.00,0.000,0.00,0.00,1.064,0.463,0.000,-1.000,-1.000,-1.000,-1.000,None,10.9,-1.0,0,4,0.00,0,0,0,0,0.00,2,0,1.000,0.137,-1,-1,-1,-1,-1,-1,-1,-1,-999,-1,-1,0,-1,-1,-1,38.0,0,0.00,0,0,-1,-1,-1,-1,-1,-1,0,0
588,9.8000,air,rise,245.789,-469.117,23.525,-13.432,-20.508,17.725,30.252,24.515,22.575,0.00,0.00,0.00,0.00,0.000,2,,0,0.00,0.00,0.00,246.044,-464.525,23.725,-93.19,-9.88,67.87,4.604,0.139,-0.52,0.86,0,0,1,0,0,0,-9.88,-13.27,-9.82,0.1665,0.1745,0.3937,1,4.604,0,0.404,0,air_spread,releaseSpread,1.000,2,-0.341 0.330 -0.797 0.181 0.134 0.538 0.181 -0.131 0.548 0.010,246.23,-464.18,23.43,-9.83,-92.78,100.24,-1,-1,-1,-1,0.266,0.175 0.427 -0.015 0.086,-1.0,0,-1.000,-1.000,0.4884,0.06,,-1.000,0.0,0.0,0.0,,,63.2,62.8,-19.6,,0.000,0.0,11.5,-1.00,-1.0,0.0,0,1500,-1.0,120.1,-1.0,0.0,0.00,5.00,-1,0,0.000,0,0.00,50.49,0,0,1,0.0,2,0.00,0.000,0.00,0.00,1.067,0.468,0.000,-1.000,-1.000,-1.000,-1.000,None,12.6,-1.0,0,4,0.00,0,0,0,0,0.00,2,0,1.000,0.123,-1,-1,-1,-1,-1,-1,-1,-1,-999,-1,-1,0,-1,-1,-1,38.0,0,0.00,0,0,-1,-1,-1,-1,-1,-1,0,0
589,9.8167,air,rise,245.561,-469.457,23.815,-13.751,-20.296,17.325,30.019,24.515,22.865,0.00,0.00,0.00,0.00,0.000,2,,0,0.00,0.00,0.00,245.851,-464.866,24.015,-93.62,-9.93,67.83,4.604,0.129,-0.51,0.86,0,0,1,0,0,0,-9.93,-13.82,-9.83,0.1634,0.1745,0.3938,1,4.604,0,0.403,0,air_spread,releaseSpread,1.000,2,-0.353 0.309 -0.805 0.151 0.106 0.531 0.180 -0.106 0.544 0.047,246.04,-464.52,23.73,-9.88,-93.19,100.21,-1,-1,-1,-1,0.244,0.142 0.417 0.010 0.122,-1.0,0,-1.000,-1.000,0.4882,0.06,,-1.000,0.0,0.0,0.0,,,65.6,65.2,-22.2,,0.000,0.0,11.5,-1.00,-1.0,0.0,0,1500,-1.0,119.7,-1.0,0.0,0.00,5.00,-1,0,0.000,0,0.00,50.49,0,0,1,0.0,2,0.00,0.000,0.00,0.00,1.070,0.472,0.000,-1.000,-1.000,-1.000,-1.000,None,14.2,-1.0,0,4,0.00,0,0,0,0,0.00,2,0,1.000,0.111,-1,-1,-1,-1,-1,-1,-1,-1,-999,-1,-1,0,-1,-1,-1,38.0,0,0.00,0,0,-1,-1,-1,-1,-1,-1,0,0
590,9.8333,air,rise,245.327,-469.792,24.099,-14.085,-20.065,16.925,29.790,24.515,23.149,0.00,0.00,0.00,0.00,0.000,2,,0,0.00,0.00,0.00,245.653,-465.204,24.299,-94.06,-9.97,67.79,4.604,0.119,-0.51,0.86,0,0,1,0,0,0,-9.97,-14.37,-9.85,0.1606,0.1742,0.3937,1,4.604,0,0.402,0,air_spread,releaseSpread,1.000,2,-0.364 0.290 -0.810 0.122 0.080 0.525 0.179 -0.085 0.539 0.080,245.85,-464.87,24.02,-9.93,-93.62,100.17,-1,-1,-1,-1,0.223,0.112 0.409 0.032 0.154,-1.0,0,-1.000,-1.000,0.4879,0.06,,-1.000,0.0,0.0,0.0,,,67.7,67.3,-24.9,,0.000,0.0,11.5,-1.00,-1.0,0.0,0,1500,-1.0,119.3,-1.0,0.0,0.00,5.00,-1,0,0.000,0,0.00,50.49,0,0,1,0.0,2,0.00,0.000,0.00,0.00,1.073,0.476,0.000,-1.000,-1.000,-1.000,-1.000,None,15.6,-1.0,0,4,0.00,0,0,0,0,0.00,2,0,1.000,0.100,-1,-1,-1,-1,-1,-1,-1,-1,-999,-1,-1,0,-1,-1,-1,38.0,0,0.00,0,0,-1,-1,-1,-1,-1,-1,0,0
591,9.8500,air,rise,245.088,-470.123,24.376,-14.434,-19.816,16.525,29.564,24.515,23.426,0.00,0.00,0.00,0.00,0.000,2,,0,0.00,0.00,0.00,245.451,-465.538,24.576,-94.53,-10.01,67.75,4.604,0.110,-0.50,0.86,0,0,1,0,0,0,-10.01,-14.90,-9.87,0.1582,0.1737,0.3934,1,4.604,0,0.402,0,air_spread,releaseSpread,1.000,2,-0.374 0.273 -0.815 0.096 0.056 0.520 0.178 -0.067 0.534 0.108,245.65,-465.20,24.30,-9.97,-94.06,100.13,-1,-1,-1,-1,0.206,0.086 0.402 0.050 0.182,-1.0,0,-1.000,-1.000,0.4874,0.05,,-1.000,0.0,0.0,0.0,,,69.5,69.2,-27.4,,0.000,0.0,11.5,-1.00,-1.0,0.0,0,1500,-1.0,118.9,-1.0,0.0,0.00,5.00,-1,0,0.000,0,0.00,50.49,0,0,1,0.0,2,0.00,0.000,0.00,0.00,1.075,0.480,0.000,-1.000,-1.000,-1.000,-1.000,None,16.7,-1.0,0,4,0.00,0,0,0,0,0.00,2,0,0.999,0.090,-1,-1,-1,-1,-1,-1,-1,-1,-999,-1,-1,0,-1,-1,-1,38.0,0,0.00,0,0,-1,-1,-1,-1,-1,-1,0,0
592,9.8667,air,rise,244.843,-470.450,24.647,-14.797,-19.546,16.125,29.343,24.515,23.697,0.00,0.00,0.00,0.00,0.000,2,,0,0.00,0.00,0.00,245.245,-465.868,24.847,-95.01,-10.04,67.70,4.604,0.101,-0.50,0.87,0,0,1,0,0,0,-10.04,-15.43,-9.88,0.1560,0.1731,0.3931,1,4.604,0,0.401,0,air_spread,releaseSpread,1.000,2,-0.382 0.258 -0.818 0.072 0.036 0.515 0.177 -0.052 0.528 0.134,245.45,-465.54,24.58,-10.01,-94.53,100.08,-1,-1,-1,-1,0.190,0.061 0.395 0.065 0.206,-1.0,0,-1.000,-1.000,0.4869,0.05,,-1.000,0.0,0.0,0.0,,,71.2,70.8,-29.6,,0.000,0.0,11.5,-1.00,-1.0,0.0,0,1500,-1.0,118.4,-1.0,0.0,0.00,5.00,-1,0,0.000,0,0.00,50.49,0,0,1,0.0,2,0.00,0.000,0.00,0.00,1.077,0.483,0.000,-1.000,-1.000,-1.000,-1.000,None,17.6,-1.0,0,4,0.00,0,0,0,0,0.00,2,0,0.994,0.081,-1,-1,-1,-1,-1,-1,-1,-1,-999,-1,-1,0,-1,-1,-1,38.0,0,0.00,0,0,-1,-1,-1,-1,-1,-1,0,0
593,9.8833,air,rise,244.592,-470.772,24.910,-15.174,-19.254,15.725,29.125,24.515,23.960,0.00,0.00,0.00,0.00,0.000,2,,0,0.00,0.00,0.00,245.033,-466.194,25.110,-95.50,-10.07,67.65,4.604,0.093,-0.49,0.87,0,0,1,0,0,0,-10.07,-15.95,-9.90,0.1532,0.1722,0.3930,1,4.604,0,0.401,0,air_spread,releaseSpread,1.000,2,-0.389 0.242 -0.820 0.049 0.019 0.507 0.174 -0.039 0.521 0.158,245.24,-465.87,24.85,-10.04,-95.01,100.03,-1,-1,-1,-1,0.174,0.037 0.386 0.079 0.230,-1.0,0,-1.000,-1.000,0.4863,0.05,,-1.000,0.0,0.0,0.0,,,72.8,72.5,-31.7,,0.000,0.0,11.5,-1.00,-1.0,0.0,0,1500,-1.0,118.0,-1.0,0.0,0.00,5.00,-1,0,0.000,0,0.00,50.49,0,0,1,0.0,2,0.00,0.000,0.00,0.00,1.078,0.486,0.000,-1.000,-1.000,-1.000,-1.000,None,18.4,-1.0,0,4,0.00,0,0,0,0,0.00,2,0,0.988,0.073,-1,-1,-1,-1,-1,-1,-1,-1,-999,-1,-1,0,-1,-1,-1,38.0,0,0.00,0,0,-1,-1,-1,-1,-1,-1,0,0
594,9.9000,air,rise,244.334,-471.089,25.168,-15.564,-18.941,15.325,28.911,24.515,24.218,0.00,0.00,0.00,0.00,0.000,2,,0,0.00,0.00,0.00,244.817,-466.515,25.368,-96.02,-10.10,67.59,4.604,0.084,-0.49,0.87,0,0,1,0,0,0,-10.10,-16.46,-9.92,0.1502,0.1710,0.3932,1,4.604,0,0.400,0,air_spread,releaseSpread,1.000,2,-0.394 0.227 -0.821 0.025 0.006 0.497 0.170 -0.026 0.511 0.182,245.03,-466.19,25.11,-10.07,-95.50,99.97,-1,-1,-1,-1,0.158,0.013 0.375 0.092 0.254,-1.0,0,-1.000,-1.000,0.4857,0.05,,-1.000,0.0,0.0,0.0,,,74.4,74.1,-33.4,,0.000,0.0,11.5,-1.00,-1.0,0.0,0,1500,-1.0,117.5,-1.0,0.0,0.00,5.00,-1,0,0.000,0,0.00,48.84,0,0,1,0.0,2,0.00,0.000,0.00,0.00,1.078,0.489,0.000,-1.000,-1.000,-1.000,-1.000,None,19.0,-1.0,0,4,0.00,0,0,0,0,0.00,2,0,0.978,0.066,-1,-1,-1,-1,-1,-1,-1,-1,-999,-1,-1,0,-1,-1,-1,38.0,0,0.00,0,0,-1,-1,-1,-1,-1,-1,0,0
595,9.9167,air,rise,244.072,-471.402,25.418,-15.758,-18.780,14.925,28.701,24.515,24.468,0.00,0.00,0.00,0.00,0.000,2,,0,0.00,0.00,0.00,244.595,-466.832,25.618,-96.53,-10.12,67.53,4.604,0.077,-0.48,0.88,0,0,1,0,0,0,-10.12,-16.96,-9.93,0.1479,0.1694,0.3930,1,4.604,0,0.400,0,air_spread,releaseSpread,1.000,2,-0.396 0.213 -0.820 0.005 -0.000 0.485 0.164 -0.014 0.501 0.205,244.82,-466.51,25.37,-10.10,-96.02,99.91,-1,-1,-1,-1,0.143,-0.009 0.361 0.104 0.276,-1.0,0,-1.000,-1.000,0.4851,0.04,,-1.000,0.0,0.0,0.0,,,75.9,75.7,-35.9,,0.000,0.0,11.5,-1.00,-1.0,0.0,0,1500,-1.0,117.0,-1.0,0.0,0.00,5.00,-1,0,0.000,0,0.00,48.84,0,0,1,0.0,2,0.00,0.000,0.00,0.00,1.078,0.492,0.000,-1.000,-1.000,-1.000,-1.000,None,19.7,-1.0,0,4,0.00,0,0,0,0,0.00,2,0,0.967,0.059,-1,-1,-1,-1,-1,-1,-1,-1,-999,-1,-1,0,-1,-1,-1,38.0,0,0.00,0,0,-1,-1,-1,-1,-1,-1,0,0
596,9.9333,air,rise,243.809,-471.715,25.662,-15.758,-18.780,14.525,28.495,24.515,24.712,0.00,0.00,0.00,0.00,0.000,2,,0,0.00,0.00,0.00,244.368,-467.149,25.862,-96.98,-10.15,67.47,4.604,0.069,-0.48,0.88,0,0,1,0,0,0,-10.15,-17.46,-9.95,0.1514,0.1679,0.3899,1,4.604,0,0.399,0,air_spread,releaseSpread,1.000,2,-0.395 0.201 -0.819 -0.009 0.001 0.469 0.156 -0.002 0.491 0.224,244.59,-466.83,25.62,-10.12,-96.53,99.85,-1,-1,-1,-1,0.130,-0.024 0.343 0.116 0.295,-1.0,0,-1.000,-1.000,0.4846,0.04,,-1.000,0.0,0.0,0.0,,,77.3,77.1,-38.8,,0.000,0.0,11.5,-1.00,-1.0,0.0,0,1500,-1.0,116.5,-1.0,0.0,0.00,5.00,-1,0,0.000,0,0.00,48.84,0,0,1,0.0,2,0.00,0.000,0.00,0.00,1.077,0.495,0.000,-1.000,-1.000,-1.000,-1.000,None,20.4,-1.0,0,4,0.00,0,0,0,0,0.00,2,0,0.954,0.053,-1,-1,-1,-1,-1,-1,-1,-1,-999,-1,-1,0,-1,-1,-1,38.0,0,0.00,0,0,-1,-1,-1,-1,-1,-1,0,0
597,9.9500,air,rise,243.546,-472.028,25.899,-15.758,-18.780,14.125,28.293,24.515,24.949,0.00,0.00,0.00,0.00,0.000,2,,0,0.00,0.00,0.00,244.136,-467.466,26.099,-97.37,-10.16,67.40,4.604,0.063,-0.47,0.88,0,0,1,0,0,0,-10.16,-17.95,-9.97,0.1545,0.1662,0.3870,1,4.604,0,0.399,0,air_spread,releaseSpread,1.000,2,-0.391 0.190 -0.818 -0.018 0.009 0.450 0.148 0.010 0.481 0.242,244.37,-467.15,25.86,-10.15,-96.98,99.78,-1,-1,-1,-1,0.117,-0.035 0.323 0.128 0.312,-1.0,0,-1.000,-1.000,0.4842,0.04,,-1.000,0.0,0.0,0.0,,,78.5,78.3,-40.8,,0.000,0.0,11.5,-1.00,-1.0,0.0,0,1500,-1.0,116.0,-1.0,0.0,0.00,5.00,-1,0,0.000,0,0.00,48.84,0,0,1,0.0,2,0.00,0.000,0.00,0.00,1.075,0.497,0.000,-1.000,-1.000,-1.000,-1.000,None,20.7,-1.0,0,4,0.00,0,0,0,0,0.00,2,0,0.939,0.048,-1,-1,-1,-1,-1,-1,-1,-1,-999,-1,-1,0,-1,-1,-1,38.0,0,0.00,0,0,-1,-1,-1,-1,-1,-1,0,0
598,9.9667,air,rise,243.284,-472.341,26.129,-15.758,-18.780,13.725,28.096,24.515,25.179,0.00,0.00,0.00,0.00,0.000,2,,0,0.00,0.00,0.00,243.902,-467.783,26.329,-97.72,-10.18,67.33,4.604,0.056,-0.47,0.88,0,0,1,0,0,0,-10.18,-18.42,-9.98,0.1571,0.1646,0.3844,1,4.604,0,0.399,0,air_spread,releaseSpread,1.000,2,-0.385 0.181 -0.815 -0.022 0.024 0.428 0.137 0.022 0.471 0.257,244.14,-467.47,26.10,-10.16,-97.37,99.71,-1,-1,-1,-1,0.106,-0.041 0.300 0.140 0.327,-1.0,0,-1.000,-1.000,0.4838,0.04,,-1.000,0.0,0.0,0.0,,,79.6,79.4,-41.7,,0.000,0.0,11.5,-1.00,-1.0,0.0,0,1500,-1.0,115.6,-1.0,0.0,0.00,5.00,-1,0,0.000,0,0.00,48.84,0,0,1,0.0,2,0.00,0.000,0.00,0.00,1.073,0.500,0.000,-1.000,-1.000,-1.000,-1.000,None,20.8,-1.0,0,4,0.00,0,0,0,0,0.00,2,0,0.923,0.043,-1,-1,-1,-1,-1,-1,-1,-1,-999,-1,-1,0,-1,-1,-1,38.0,0,0.00,0,0,-1,-1,-1,-1,-1,-1,0,0
599,9.9833,air,rise,243.021,-472.654,26.353,-15.758,-18.780,13.325,27.902,24.515,25.403,0.00,0.00,0.00,0.00,0.000,2,,0,0.00,0.00,0.00,243.666,-468.100,26.553,-98.06,-10.19,67.25,4.604,0.050,-0.46,0.89,0,0,1,0,0,0,-10.19,-18.89,-10.00,0.1592,0.1630,0.3823,1,4.604,0,0.398,0,air_spread,releaseSpread,1.000,2,-0.376 0.175 -0.813 -0.022 0.044 0.407 0.126 0.031 0.462 0.268,243.90,-467.78,26.33,-10.18,-97.72,99.63,-1,-1,-1,-1,0.098,-0.043 0.278 0.149 0.339,-1.0,0,-1.000,-1.000,0.4835,0.04,,-1.000,0.0,0.0,0.0,,,80.4,80.3,-41.0,,0.000,0.0,11.5,-1.00,-1.0,0.0,0,1500,-1.0,115.3,-1.0,0.0,0.00,5.00,-1,0,0.000,0,0.00,48.84,0,0,1,0.0,2,0.00,0.000,0.00,0.00,1.070,0.502,0.000,-1.000,-1.000,-1.000,-1.000,None,20.5,-1.0,0,4,0.00,0,0,0,0,0.00,2,0,0.905,0.039,-1,-1,-1,-1,-1,-1,-1,-1,-999,-1,-1,0,-1,-1,-1,38.0,0,0.00,0,0,-1,-1,-1,-1,-1,-1,0,0
600,10.0000,air,rise,242.758,-472.967,26.570,-15.758,-18.780,12.925,27.714,24.515,25.620,0.00,0.00,0.00,0.00,0.000,2,,0,0.00,0.00,0.00,243.430,-468.417,26.770,-98.40,-10.20,67.18,4.604,0.045,-0.46,0.89,1,0,1,0,0,0,-10.20,-19.35,-10.02,0.1607,0.1617,0.3810,1,4.604,0,0.398,0,air_spread,releaseSpread,1.000,2,-0.366 0.173 -0.810 -0.015 0.068 0.387 0.114 0.035 0.455 0.274,243.67,-468.10,26.55,-10.19,-98.06,99.55,-1,-1,-1,-1,0.095,-0.039 0.258 0.154 0.345,-1.0,0,-1.000,-1.000,0.4833,0.03,,-1.000,0.0,0.0,0.0,,,80.7,80.6,-38.2,,0.000,0.0,11.5,-1.00,-1.0,0.0,0,1500,-1.0,115.0,-1.0,0.0,0.00,5.00,-1,0,0.000,0,0.00,47.44,0,0,1,0.0,2,0.00,0.000,0.00,0.00,1.067,0.505,0.000,-1.000,-1.000,-1.000,-1.000,None,19.8,-1.0,0,4,0.00,0,0,0,0,0.00,2,0,0.886,0.035,-1,-1,-1,-1,-1,-1,-1,-1,-999,-1,-1,0,-1,-1,-1,38.0,0,0.00,0,0,-1,-1,-1,-1,-1,-1,0,0
601,10.0167,air,rise,242.496,-473.280,26.780,-15.758,-18.780,12.525,27.529,24.515,25.830,0.00,0.00,0.00,0.00,0.000,2,,0,0.00,0.00,0.00,243.198,-468.734,26.980,-98.78,-10.20,67.10,4.604,0.040,-0.45,0.89,1,0,1,0,0,0,-10.20,-19.80,-10.03,0.1616,0.1605,0.3803,1,4.604,0,0.398,0,air_spread,releaseSpread,1.000,2,-0.352 0.176 -0.806 -0.002 0.097 0.369 0.101 0.035 0.448 0.276,243.43,-468.42,26.77,-10.20,-98.40,99.47,-1,-1,-1,-1,0.096,-0.029 0.240 0.155 0.347,-1.0,0,-1.000,-1.000,0.4833,0.03,,-1.000,0.0,0.0,0.0,,,80.6,80.6,-32.9,,0.000,0.0,11.5,-1.00,-1.0,0.0,0,1500,-1.0,114.6,-1.0,0.0,0.00,5.00,-1,0,0.000,0,0.00,47.44,0,0,1,0.0,2,0.00,0.000,0.00,0.00,1.064,0.507,0.000,-1.000,-1.000,-1.000,-1.000,None,18.6,-1.0,0,4,0.00,0,0,0,0,0.00,2,0,0.867,0.031,-1,-1,-1,-1,-1,-1,-1,-1,-999,-1,-1,0,-1,-1,-1,38.0,0,0.00,0,0,-1,-1,-1,-1,-1,-1,0,0
602,10.0333,air,rise,242.233,-473.593,26.984,-15.758,-18.780,12.125,27.350,24.515,26.034,0.00,0.00,0.00,0.00,0.000,2,,0,0.00,0.00,0.00,242.970,-469.053,27.184,-99.22,-10.21,67.02,4.604,0.035,-0.44,0.90,1,0,1,0,0,0,-10.21,-20.24,-10.05,0.1620,0.1594,0.3801,1,4.604,0,0.398,0,air_spread,releaseSpread,1.000,2,-0.336 0.181 -0.802 0.015 0.130 0.351 0.087 0.033 0.442 0.273,243.20,-468.73,26.98,-10.20,-98.78,99.39,-1,-1,-1,-1,0.099,-0.015 0.223 0.153 0.347,-1.0,0,-1.000,-1.000,0.4835,0.03,,-1.000,0.0,0.0,0.0,,,80.3,80.3,-25.4,,0.000,0.0,11.5,-1.00,-1.0,0.0,0,1500,-1.0,114.3,-1.0,0.0,0.00,5.00,-1,0,0.000,0,0.00,47.44,0,0,1,0.0,2,0.00,0.000,0.00,0.00,1.060,0.510,0.000,-1.000,-1.000,-1.000,-1.000,None,17.2,-1.0,0,4,0.00,0,0,0,0,0.00,2,0,0.847,0.028,-1,-1,-1,-1,-1,-1,-1,-1,-999,-1,-1,0,-1,-1,-1,38.0,0,0.00,0,0,-1,-1,-1,-1,-1,-1,0,0
603,10.0500,air,rise,241.971,-473.906,27.181,-15.758,-18.780,11.725,27.175,24.515,26.231,0.00,0.00,0.00,0.00,0.000,2,,0,0.00,0.00,0.00,242.748,-469.373,27.381,-99.74,-10.21,66.93,4.604,0.031,-0.44,0.90,1,0,1,0,0,0,-10.21,-20.68,-10.07,0.1620,0.1581,0.3803,1,4.604,0,0.397,0,air_spread,releaseSpread,1.000,2,-0.318 0.189 -0.795 0.037 0.166 0.332 0.070 0.029 0.436 0.268,242.97,-469.05,27.18,-10.21,-99.22,99.30,-1,-1,-1,-1,0.104,0.003 0.206 0.149 0.343,-1.0,0,-1.000,-1.000,0.4838,0.03,,-1.000,0.0,0.0,0.0,,,79.8,79.8,-16.1,,0.000,0.0,11.5,-1.00,-1.0,0.0,0,1500,-1.0,113.8,-1.0,0.0,0.00,5.00,-1,0,0.000,0,0.00,47.44,0,0,1,0.0,2,0.00,0.000,0.00,0.00,1.056,0.513,0.000,-1.000,-1.000,-1.000,-1.000,None,15.6,-1.0,0,4,0.00,0,0,0,0,0.00,2,0,0.827,0.025,-1,-1,-1,-1,-1,-1,-1,-1,-999,-1,-1,0,-1,-1,-1,38.0,0,0.00,0,0,-1,-1,-1,-1,-1,-1,0,0
604,10.0667,air,rise,241.708,-474.219,27.372,-15.758,-18.780,11.325,27.004,24.515,26.422,0.00,0.00,0.00,0.00,0.000,2,,0,0.00,0.00,0.00,242.532,-469.694,27.572,-100.32,-10.21,66.85,4.604,0.028,-0.43,0.90,1,0,1,0,0,0,-10.21,-21.10,-10.08,0.1615,0.1566,0.3808,1,4.604,0,0.397,0,air_spread,releaseSpread,1.000,2,-0.296 0.198 -0.787 0.062 0.204 0.312 0.051 0.023 0.430 0.261,242.75,-469.37,27.38,-10.21,-99.74,99.21,-1,-1,-1,-1,0.112,0.024 0.188 0.144 0.337,-1.0,0,-1.000,-1.000,0.4843,0.03,,-1.000,0.0,0.0,0.0,,,79.1,79.1,-5.9,,0.000,0.0,11.5,-1.00,-1.0,0.0,0,1500,-1.0,113.3,-1.0,0.0,0.00,5.00,-1,0,0.000,0,0.00,47.44,0,0,1,0.0,2,0.00,0.000,0.00,0.00,1.052,0.515,0.000,-1.000,-1.000,-1.000,-1.000,None,13.9,-1.0,0,4,0.00,0,0,0,0,0.00,2,0,0.806,0.023,-1,-1,-1,-1,-1,-1,-1,-1,-999,-1,-1,0,-1,-1,-1,38.0,0,0.00,0,0,-1,-1,-1,-1,-1,-1,0,0
605,10.0833,air,rise,241.445,-474.532,27.555,-15.758,-18.780,10.925,26.839,24.515,26.605,0.00,0.00,0.00,0.00,0.000,2,,0,0.00,0.00,0.00,242.322,-470.017,27.755,-100.98,-10.20,66.76,4.604,0.025,-0.43,0.90,1,0,1,0,0,0,-10.20,-21.52,-10.10,0.1605,0.1548,0.3815,1,4.604,0,0.397,0,air_spread,releaseSpread,1.000,2,-0.272 0.208 -0.777 0.090 0.242 0.291 0.030 0.016 0.423 0.251,242.53,-469.69,27.57,-10.21,-100.32,99.12,-1,-1,-1,-1,0.120,0.047 0.170 0.137 0.329,-1.0,0,-1.000,-1.000,0.4848,0.03,,-1.000,0.0,0.0,0.0,,,78.2,78.2,4.1,,0.000,0.0,11.5,-1.00,-1.0,0.0,0,1500,-1.0,112.8,-1.0,0.0,0.00,5.00,-1,0,0.000,0,0.00,47.44,0,0,1,0.0,2,0.00,0.000,0.00,0.00,1.047,0.518,0.000,-1.000,-1.000,-1.000,-1.000,None,12.3,-1.0,0,4,0.00,0,0,0,0,0.00,2,0,0.785,0.021,-1,-1,-1,-1,-1,-1,-1,-1,-999,-1,-1,0,-1,-1,-1,38.0,0,0.00,0,0,-1,-1,-1,-1,-1,-1,0,0
606,10.1000,air,rise,241.183,-474.845,27.732,-15.758,-18.780,10.525,26.679,24.515,26.782,0.00,0.00,0.00,0.00,0.000,2,,0,0.00,0.00,0.00,242.116,-470.341,27.932,-101.70,-10.20,66.67,4.604,0.022,-0.42,0.91,1,0,1,0,0,0,-10.20,-21.92,-10.12,0.1591,0.1528,0.3824,1,4.604,0,0.397,0,air_spread,releaseSpread,1.000,2,-0.246 0.219 -0.764 0.120 0.281 0.268 0.007 0.008 0.416 0.239,242.32,-470.02,27.76,-10.20,-100.98,99.03,-1,-1,-1,-1,0.129,0.073 0.151 0.130 0.320,-1.0,0,-1.000,-1.000,0.4854,0.02,,-1.000,0.0,0.0,0.0,,,77.3,77.3,13.0,,0.000,0.0,11.5,-1.00,-1.0,0.0,0,1500,-1.0,112.1,-1.0,0.0,0.00,5.00,-1,0,0.000,0,0.00,47.41,0,0,1,0.0,2,0.00,0.000,0.00,0.00,1.042,0.521,0.000,-1.000,-1.000,-1.000,-1.000,None,10.9,-1.0,0,4,0.00,0,0,0,0,0.00,2,0,0.763,0.019,-1,-1,-1,-1,-1,-1,-1,-1,-999,-1,-1,0,-1,-1,-1,38.0,0,0.00,0,0,-1,-1,-1,-1,-1,-1,0,0
607,10.1167,air,rise,240.920,-475.158,27.903,-15.758,-18.780,10.125,26.524,24.515,26.953,0.00,0.00,0.00,0.00,0.000,2,,0,0.00,0.00,0.00,241.914,-470.667,28.103,-102.47,-10.19,66.58,4.604,0.019,-0.41,0.91,1,0,1,0,0,0,-10.19,-22.32,-10.13,0.1572,0.1504,0.3834,1,4.604,0,0.397,0,air_fallCalm,releaseSpread,1.000,2,-0.217 0.230 -0.749 0.152 0.318 0.244 -0.018 -0.000 0.408 0.226,242.12,-470.34,27.93,-10.20,-101.70,98.93,-1,-1,-1,-1,0.139,0.100 0.132 0.122 0.309,-1.0,0,-1.000,-1.000,0.4862,0.02,,-1.000,0.0,0.0,0.0,,,76.3,76.3,20.6,,0.000,0.0,11.5,-1.00,-1.0,0.0,0,1500,-1.0,111.4,-1.0,0.0,0.00,5.00,-1,0,0.000,0,0.00,47.41,0,0,1,0.0,2,0.00,0.000,0.00,0.00,1.037,0.524,0.000,-1.000,-1.000,-1.000,-1.000,None,10.1,-1.0,0,4,0.00,0,0,0,0,0.00,2,0,0.742,0.017,-1,-1,-1,-1,-1,-1,-1,-1,-999,-1,-1,0,-1,-1,-1,38.0,0,0.00,0,0,-1,-1,-1,-1,-1,-1,0,0
608,10.1333,air,rise,240.657,-475.471,28.067,-15.758,-18.780,9.725,26.374,24.515,27.117,0.00,0.00,0.00,0.00,0.000,2,,0,0.00,0.00,0.00,241.715,-470.994,28.267,-103.29,-10.18,66.49,4.604,0.017,-0.41,0.91,1,0,1,0,0,0,-10.18,-22.71,-10.15,0.1545,0.1478,0.3849,1,4.604,0,0.397,0,air_fallCalm,releaseSpread,1.000,2,-0.187 0.243 -0.730 0.186 0.354 0.220 -0.044 -0.011 0.399 0.209,241.91,-470.67,28.10,-10.19,-102.47,98.83,-1,-1,-1,-1,0.151,0.130 0.113 0.112 0.295,-1.0,0,-1.000,-1.000,0.4870,0.02,,-1.000,0.0,0.0,0.0,,,75.1,75.0,26.4,,0.000,0.0,11.5,-1.00,-1.0,0.0,0,1500,-1.0,110.6,-1.0,0.0,0.00,5.00,-1,0,0.000,0,0.00,47.41,0,0,1,0.0,2,0.00,0.000,0.00,0.00,1.032,0.527,0.000,-1.000,-1.000,-1.000,-1.000,None,9.9,-1.0,0,4,0.00,0,0,0,0,0.00,2,0,0.721,0.015,-1,-1,-1,-1,-1,-1,-1,-1,-999,-1,-1,0,-1,-1,-1,38.0,0,0.00,0,0,-1,-1,-1,-1,-1,-1,0,0
609,10.1500,air,rise,240.395,-475.784,28.224,-15.758,-18.780,9.325,26.229,24.515,27.274,0.00,0.00,0.00,0.00,0.000,2,,0,0.00,0.00,0.00,241.518,-471.324,28.427,-104.13,-10.20,66.40,4.604,0.015,-0.40,0.92,1,0,1,0,0,0,-10.20,-23.09,-10.17,0.1508,0.1449,0.3871,1,4.604,0,0.397,0,air_fallCalm,releaseSpread,1.000,2,-0.155 0.260 -0.708 0.221 0.386 0.199 -0.072 -0.025 0.390 0.186,241.71,-470.99,28.27,-10.18,-103.29,98.73,-1,-1,-1,-1,0.166,0.161 0.096 0.098 0.276,-1.0,0,-1.000,-1.000,0.4880,0.02,,-1.000,0.0,0.0,0.0,,,73.6,73.4,30.5,,0.000,0.0,11.5,-1.00,-1.0,0.0,0,1500,-1.0,109.8,-1.0,0.0,0.00,5.00,-1,0,0.000,0,0.00,47.41,0,0,1,0.0,2,0.00,0.000,0.00,0.00,1.024,0.529,0.000,-1.000,-1.000,-1.000,-1.000,None,10.4,-1.0,0,4,0.00,0,0,0,0,0.00,2,0,0.701,0.013,-1,-1,-1,-1,-1,-1,-1,-1,-999,-1,-1,0,-1,-1,-1,38.0,0,0.00,0,0,-1,-1,-1,-1,-1,-1,0,0
610,10.1667,air,rise,240.132,-476.097,28.374,-15.758,-18.780,8.925,26.089,24.515,27.424,0.00,0.00,0.00,0.00,0.000,2,,0,0.00,0.00,0.00,241.323,-471.654,28.585,-105.00,-10.28,66.30,4.605,0.013,-0.39,0.92,1,0,1,0,0,0,-10.28,-23.46,-10.18,0.1458,0.1416,0.3900,1,4.605,0,0.397,0,air_fallCalm,releaseSpread,1.000,2,-0.122 0.278 -0.683 0.257 0.415 0.179 -0.101 -0.043 0.379 0.159,241.52,-471.32,28.43,-10.20,-104.13,98.63,-1,-1,-1,-1,0.184,0.193 0.080 0.081 0.253,-1.0,0,-1.000,-1.000,0.4889,0.02,,-1.000,0.0,0.0,0.0,,,71.8,71.4,33.2,,0.000,0.0,11.5,-1.00,-1.0,0.0,0,1502,-1.0,109.0,-1.0,0.0,0.00,5.00,-1,0,0.000,0,0.00,47.41,0,0,1,0.0,2,0.00,0.000,0.00,0.00,1.015,0.531,0.000,-1.000,-1.000,-1.000,-1.000,None,11.9,-1.0,0,4,0.00,0,0,0,0,0.00,2,0,0.681,0.012,-1,-1,-1,-1,-1,-1,-1,-1,-999,-1,-1,0,-1,-1,-1,38.0,0,0.00,0,0,-1,-1,-1,-1,-1,-1,0,0
611,10.1833,air,rise,239.869,-476.410,28.518,-15.758,-18.780,8.525,25.955,24.515,27.568,0.00,0.00,0.00,0.00,0.000,2,,0,0.00,0.00,0.00,241.128,-471.986,28.740,-105.87,-10.40,66.21,4.605,0.011,-0.39,0.92,1,0,1,0,0,0,-10.40,-23.82,-10.20,0.1398,0.1378,0.3936,1,4.605,0,0.397,0,air_fallCalm,releaseSpread,1.000,2,-0.089 0.299 -0.654 0.292 0.442 0.162 -0.131 -0.064 0.366 0.127,241.32,-471.65,28.59,-10.28,-105.00,98.53,-1,-1,-1,-1,0.204,0.224 0.067 0.061 0.226,-1.0,0,-1.000,-1.000,0.4899,0.02,,-1.000,0.0,0.0,0.0,,,69.8,69.2,35.0,,0.000,0.0,11.5,-1.00,-1.0,0.0,0,1513,-1.0,108.2,-1.0,0.0,0.00,5.00,-1,0,0.000,0,0.00,47.41,0,0,1,0.0,2,0.00,0.000,0.00,0.00,1.005,0.533,0.000,-1.000,-1.000,-1.000,-1.000,None,14.1,-1.0,0,4,0.00,0,0,0,0,0.00,2,0,0.661,0.011,-1,-1,-1,-1,-1,-1,-1,-1,-999,-1,-1,0,-1,-1,-1,38.0,0,0.00,0,0,-1,-1,-1,-1,-1,-1,0,0
612,10.2000,air,rise,239.607,-476.723,28.655,-15.758,-18.780,8.125,25.826,24.515,27.705,0.00,0.00,0.00,0.00,0.000,2,,0,0.00,0.00,0.00,240.933,-472.319,28.890,-106.75,-10.55,66.12,4.606,0.010,-0.38,0.92,1,0,1,0,0,0,-10.55,-24.17,-10.22,0.1415,0.1336,0.3933,1,4.606,0,0.397,0,air_fallCalm,releaseSpread,1.000,2,-0.055 0.321 -0.624 0.325 0.466 0.147 -0.163 -0.086 0.351 0.092,241.13,-471.99,28.74,-10.40,-105.87,98.43,-1,-1,-1,-1,0.225,0.254 0.055 0.039 0.195,-1.0,0,-1.000,-1.000,0.4907,0.02,,-1.000,0.0,0.0,0.0,,,67.6,66.6,36.1,,0.000,0.0,11.5,-1.00,-1.0,0.0,0,1531,-1.0,107.3,-1.0,0.0,0.00,5.00,-1,0,0.000,0,0.00,-8.50,0,0,1,0.0,2,0.00,0.000,0.00,0.00,0.994,0.535,0.000,-1.000,-1.000,-1.000,-1.000,None,16.9,-1.0,0,4,0.00,0,0,0,0,0.00,2,0,0.642,0.010,-1,-1,-1,-1,-1,-1,-1,-1,-999,-1,-1,0,-1,-1,-1,38.0,0,0.00,0,0,-1,-1,-1,-1,-1,-1,0,0
613,10.2167,air,rise,239.344,-477.036,28.785,-15.758,-18.780,7.725,25.703,24.515,27.835,0.00,0.00,0.00,0.00,0.000,2,,0,0.00,0.00,0.00,240.737,-472.652,29.035,-107.63,-10.70,66.02,4.607,0.009,-0.38,0.93,1,0,1,0,0,0,-10.70,-24.51,-10.23,0.1461,0.1314,0.3915,1,4.607,0,0.397,0,air_fallCalm,releaseSpread,1.000,2,-0.022 0.343 -0.593 0.355 0.488 0.136 -0.195 -0.110 0.332 0.053,240.93,-472.32,28.89,-10.55,-106.75,98.33,-1,-1,-1,-1,0.247,0.282 0.046 0.017 0.162,-1.0,0,-1.000,-1.000,0.4926,0.02,,-1.000,0.0,0.0,0.0,,,65.3,63.9,36.7,,0.000,0.0,11.5,-1.00,-1.0,0.0,0,1558,-1.0,106.5,-1.0,0.0,0.00,5.00,-1,0,0.000,0,0.00,-8.50,0,0,1,0.0,2,0.00,0.000,0.00,0.00,0.982,0.536,0.000,-1.000,-1.000,-1.000,-1.000,None,20.0,-1.0,0,4,0.00,0,0,0,0,0.00,2,0,0.623,0.009,-1,-1,-1,-1,-1,-1,-1,-1,-999,-1,-1,0,-1,-1,-1,38.0,0,0.00,0,0,-1,-1,-1,-1,-1,-1,0,0
614,10.2333,air,rise,239.082,-477.349,28.909,-15.758,-18.780,7.325,25.586,24.515,27.959,0.00,0.00,0.00,0.00,0.000,2,,0,0.00,0.00,0.00,240.541,-472.987,29.174,-108.49,-10.87,65.92,4.608,0.007,-0.37,0.93,1,0,1,0,0,0,-10.87,-24.85,-10.25,0.1503,0.1307,0.3899,1,4.608,0,0.398,0,air_fallCalm,fallCalm,1.000,2,0.011 0.364 -0.561 0.383 0.508 0.127 -0.228 -0.134 0.312 0.012,240.74,-472.65,29.04,-10.70,-107.63,98.22,-1,-1,-1,-1,0.270,0.307 0.041 -0.007 0.126,-1.0,0,-1.000,-1.000,0.4953,0.02,,-1.000,0.0,0.0,0.0,,,62.9,61.0,37.0,,0.000,0.0,11.5,-1.00,-1.0,0.0,0,1590,-1.0,105.7,-1.0,0.0,0.00,5.00,-1,0,0.000,0,0.00,-8.50,0,0,1,0.0,2,0.00,0.000,0.00,0.00,0.970,0.536,0.000,-1.000,-1.000,-1.000,-1.000,None,23.5,-1.0,0,4,0.00,0,0,0,0,0.00,2,0,0.605,0.008,-1,-1,-1,-1,-1,-1,-1,-1,-999,-1,-1,0,-1,-1,-1,38.0,0,0.00,0,0,-1,-1,-1,-1,-1,-1,0,0
615,10.2500,air,rise,238.819,-477.662,29.026,-15.758,-18.780,6.925,25.474,24.515,28.076,0.00,0.00,0.00,0.00,0.000,2,,0,0.00,0.00,0.00,240.343,-473.322,29.307,-109.35,-11.04,65.83,4.609,0.007,-0.36,0.93,1,0,1,0,0,0,-11.04,-25.17,-10.27,0.1566,0.1298,0.3896,1,4.609,0,0.398,0,air_fallCalm,fallCalm,1.000,2,0.042 0.386 -0.529 0.408 0.527 0.123 -0.260 -0.158 0.290 -0.030,240.54,-472.99,29.17,-10.87,-108.49,98.12,-1,-1,-1,-1,0.293,0.330 0.038 -0.032 0.089,-1.0,0,-1.000,-1.000,0.4979,0.02,,-1.000,0.0,0.0,0.0,,,60.4,57.9,37.0,,0.000,0.0,11.5,-1.00,-1.0,0.0,0,1629,-1.0,104.8,-1.0,0.0,0.00,5.00,-1,0,0.000,0,0.00,-8.50,0,0,1,0.0,2,0.00,0.000,0.00,0.00,0.958,0.536,0.000,-1.000,-1.000,-1.000,-1.000,None,27.0,-1.0,0,4,0.00,0,0,0,0,0.00,2,0,0.588,0.007,-1,-1,-1,-1,-1,-1,-1,-1,-999,-1,-1,0,-1,-1,-1,38.0,0,0.00,0,0,-1,-1,-1,-1,-1,-1,0,0
616,10.2667,air,rise,238.556,-477.975,29.137,-15.758,-18.780,6.525,25.369,24.515,28.187,0.00,0.00,0.00,0.00,0.000,2,,0,0.00,0.00,0.00,240.143,-473.658,29.434,-110.18,-11.22,65.73,4.610,0.006,-0.36,0.93,1,0,1,0,0,0,-11.22,-25.48,-10.28,0.1640,0.1288,0.3903,1,4.610,0,0.398,0,air_fallCalm,fallCalm,1.000,2,0.070 0.405 -0.499 0.429 0.544 0.122 -0.290 -0.182 0.266 -0.073,240.34,-473.32,29.31,-11.04,-109.35,98.02,-1,-1,-1,-1,0.315,0.351 0.040 -0.057 0.051,-1.0,0,-1.000,-1.000,0.5003,0.02,,-1.000,0.0,0.0,0.0,,,58.0,54.7,36.7,,0.000,0.0,11.5,-1.00,-1.0,0.0,0,1674,-1.0,104.0,-1.0,0.0,0.00,5.00,-1,0,0.000,0,0.00,-8.50,0,0,1,0.0,2,0.00,0.000,0.00,0.00,0.947,0.535,0.000,-1.000,-1.000,-1.000,-1.000,None,30.6,-1.0,0,4,0.00,0,0,0,0,0.00,2,0,0.571,0.006,-1,-1,-1,-1,-1,-1,-1,-1,-999,-1,-1,0,-1,-1,-1,38.0,0,0.00,0,0,-1,-1,-1,-1,-1,-1,0,0
617,10.2833,air,rise,238.294,-478.288,29.240,-15.758,-18.780,6.125,25.269,24.515,28.290,0.00,0.00,0.00,0.00,0.000,2,,0,0.00,0.00,0.00,239.942,-473.994,29.554,-110.99,-11.39,65.64,4.611,0.005,-0.35,0.94,1,0,1,0,0,0,-11.39,-25.79,-10.30,0.1707,0.1278,0.3910,1,4.611,0,0.398,0,air_fallCalm,fallCalm,1.000,2,0.095 0.424 -0.471 0.448 0.559 0.125 -0.318 -0.206 0.243 -0.115,240.14,-473.66,29.43,-11.22,-110.18,97.91,-1,-1,-1,-1,0.336,0.369 0.045 -0.082 0.013,-1.0,0,-1.000,-1.000,0.5026,0.01,,-1.000,0.0,0.0,0.0,,,55.5,51.5,36.2,,0.000,0.0,11.5,-1.00,-1.0,0.0,0,1723,-1.0,103.2,-1.0,0.0,0.00,5.00,-1,0,0.000,0,0.00,-8.50,0,0,1,0.0,2,0.00,0.000,0.00,0.00,0.938,0.534,0.000,-1.000,-1.000,-1.000,-1.000,None,34.1,-1.0,0,4,0.00,0,0,0,0,0.00,2,0,0.555,0.006,-1,-1,-1,-1,-1,-1,-1,-1,-999,-1,-1,0,-1,-1,-1,38.0,0,0.00,0,0,-1,-1,-1,-1,-1,-1,0,0
618,10.3000,air,rise,238.031,-478.601,29.337,-15.758,-18.780,5.725,25.175,24.515,28.387,0.00,0.00,0.00,0.00,0.000,2,,0,0.00,0.00,0.00,239.738,-474.330,29.668,-111.78,-11.56,65.54,4.612,0.004,-0.34,0.94,1,0,1,0,0,0,-11.56,-26.09,-10.32,0.1767,0.1270,0.3918,1,4.612,0,0.398,0,air_fallCalm,fallCalm,1.000,2,0.116 0.442 -0.446 0.465 0.571 0.130 -0.343 -0.230 0.220 -0.156,239.94,-473.99,29.55,-11.39,-110.99,97.81,-1,-1,-1,-1,0.357,0.386 0.052 -0.107 -0.025,-1.0,0,-1.000,-1.000,0.5045,0.01,,-1.000,0.0,0.0,0.0,,,53.1,48.3,35.5,,0.000,0.0,11.5,-1.00,-1.0,0.0,0,1775,-1.0,102.5,-1.0,0.0,0.00,5.00,-1,0,0.000,0,0.00,-9.18,0,0,1,0.0,2,0.00,0.000,0.00,0.00,0.930,0.532,0.000,-1.000,-1.000,-1.000,-1.000,None,37.4,-1.0,0,4,0.00,0,0,0,0,0.00,2,0,0.540,0.005,-1,-1,-1,-1,-1,-1,-1,-1,-999,-1,-1,0,-1,-1,-1,38.0,0,0.00,0,0,-1,-1,-1,-1,-1,-1,0,0
619,10.3167,air,rise,237.768,-478.914,29.428,-15.758,-18.780,5.325,25.087,24.515,28.478,0.00,0.00,0.00,0.00,0.000,2,,0,0.00,0.00,0.00,239.532,-474.666,29.775,-112.55,-11.73,65.45,4.613,0.004,-0.34,0.94,1,0,1,0,0,0,-11.73,-26.38,-10.33,0.1818,0.1311,0.3926,1,4.613,0,0.399,0,air_fallCalm,fallCalm,1.000,2,0.133 0.457 -0.426 0.480 0.581 0.137 -0.364 -0.254 0.199 -0.194,239.74,-474.33,29.67,-11.56,-111.78,97.70,-1,-1,-1,-1,0.376,0.400 0.061 -0.132 -0.061,-1.0,0,-1.000,-1.000,0.5038,0.01,,-1.000,0.0,0.0,0.0,,,50.7,45.3,34.5,,0.000,0.0,11.5,-1.00,-1.0,0.0,0,1830,-1.0,101.7,-1.0,0.0,0.00,5.00,-1,0,0.000,0,0.00,-9.18,0,0,1,0.0,2,0.00,0.000,0.00,0.00,0.923,0.531,0.000,-1.000,-1.000,-1.000,-1.000,None,40.6,-1.0,0,4,0.00,0,0,0,0,0.00,2,0,0.526,0.005,-1,-1,-1,-1,-1,-1,-1,-1,-999,-1,-1,0,-1,-1,-1,38.0,0,0.00,0,0,-1,-1,-1,-1,-1,-1,0,0
620,10.3333,air,rise,237.506,-479.227,29.512,-15.758,-18.780,4.925,25.005,24.515,28.562,0.00,0.00,0.00,0.00,0.000,2,,0,0.00,0.00,0.00,239.324,-475.002,29.875,-113.29,-11.90,65.35,4.614,0.003,-0.33,0.94,1,0,1,0,0,0,-11.90,-26.65,-10.35,0.1861,0.1343,0.3934,1,4.614,0,0.399,0,air_fallCalm,fallCalm,1.000,2,0.145 0.472 -0.411 0.492 0.588 0.145 -0.381 -0.277 0.182 -0.229,239.53,-474.67,29.77,-11.73,-112.55,97.60,-1,-1,-1,-1,0.394,0.413 0.072 -0.156 -0.095,-1.0,1,-1.000,-1.000,0.5033,0.01,,-1.000,0.0,0.0,0.0,,,48.4,42.4,33.4,,0.000,0.0,11.5,-1.00,-1.0,0.0,0,1888,-1.0,101.0,-1.0,0.0,0.00,5.00,-1,0,0.000,0,0.00,-9.18,0,0,1,0.0,2,0.00,0.000,0.00,0.00,0.918,0.530,0.000,-1.000,-1.000,-1.000,-1.000,None,43.5,-1.0,0,4,0.00,0,0,0,0,0.00,2,0,0.513,0.004,-1,-1,-1,-1,-1,-1,-1,-1,-999,-1,-1,0,-1,-1,-1,38.0,0,0.00,0,1,0.55284,0.37976,1.13203,0.16032,2.73,3.67,0,0
621,10.3500,swing,swingLow,237.305,-479.173,29.492,-24.070,6.407,-2.319,25.016,24.908,28.542,266.00,-509.39,36.26,26.96,0.043,3,,0,0.00,0.00,0.00,239.141,-475.260,29.955,-114.50,-13.48,65.26,4.347,0.003,-0.32,0.95,1,0,1,0,0,0,-13.48,-26.90,-10.37,0.2286,0.1258,0.4165,1,4.347,0,0.399,0,air_fallCalm,fallCalm,1.000,2,0.011 0.571 -0.521 0.492 0.451 0.340 -0.187 -0.505 0.369 -0.390,239.32,-475.00,29.88,-11.90,-113.29,97.50,-1,-1,-1,-1,0.517,0.472 0.238 -0.375 -0.277,70.5,1,-1.000,-1.000,0.4650,0.01,,-1.000,0.0,0.0,0.0,,,29.4,4.2,29.2,,0.000,0.0,11.5,-1.00,-1.0,0.0,0,2033,-1.0,100.3,-1.0,0.0,0.00,5.00,-1,0,0.000,0,0.00,-9.18,0,0,1,0.0,2,0.00,0.000,0.00,0.00,0.914,0.529,0.000,-1.000,-1.000,-1.000,-1.000,None,91.0,-1.0,0,4,0.00,0,0,0,0,0.00,2,0,0.501,0.004,-1,-1,-1,-1,-1,-1,-1,-1,-999,-1,-1,0,-1,-1,-1,38.0,0,0.00,0,1,0.51271,0.36164,1.32544,0.07377,2.60,4.46,0,0
622,10.3667,swing,swingLow,236.903,-479.071,29.449,-24.185,5.945,-2.610,25.041,24.905,28.499,266.00,-509.39,36.26,26.96,0.118,3,,0,0.00,0.00,0.00,238.950,-475.458,30.002,-117.28,-14.98,65.16,4.189,0.002,-0.32,0.95,1,0,1,0,0,0,-14.98,-27.10,-10.38,0.2696,0.1306,0.3885,1,4.189,0,0.398,0,swing,fallCalm,1.000,2,0.150 0.564 -0.385 0.602 0.543 0.262 -0.301 -0.491 0.266 -0.512,239.14,-475.26,29.95,-13.48,-114.50,97.39,-1,-1,-1,-1,0.516,0.590 0.153 -0.357 -0.394,59.5,1,-1.000,-1.000,0.4667,-0.03,,-1.000,0.0,0.0,0.0,,,29.6,-9.6,28.4,,0.000,0.0,11.5,-1.00,-1.0,0.0,0,2482,-1.0,99.3,-1.0,0.0,0.00,5.00,-1,0,0.000,0,0.00,-9.18,0,0,1,0.0,2,0.00,0.000,0.08,0.00,0.930,0.528,0.000,-1.000,-1.000,-1.000,-1.000,None,103.7,-1.0,0,4,0.00,0,0,0,0,0.00,2,0,0.425,0.003,-1,-1,-1,-1,-1,-1,-1,-1,-999,-1,-1,0,-1,-1,-1,38.0,0,0.00,0,1,0.51476,0.35803,1.55687,-0.01113,2.76,5.44,0,0
623,10.3833,swing,swingLow,236.499,-478.976,29.402,-24.293,5.479,-2.900,25.072,24.903,28.452,266.00,-509.39,36.26,26.96,0.179,3,,0,0.00,0.00,0.00,238.736,-475.594,30.019,-118.97,-16.11,65.07,4.101,0.002,-0.31,0.95,1,0,1,0,0,0,-16.11,-27.27,-10.40,0.3161,0.1603,0.3828,1,4.101,0,0.397,0,swing,fallCalm,1.000,2,0.291 0.511 -0.233 0.646 0.618 0.112 -0.423 -0.426 0.109 -0.597,238.95,-475.46,30.00,-14.98,-117.28,97.29,-1,-1,-1,-1,0.468,0.639 -0.002 -0.292 -0.475,46.2,1,-1.000,-1.000,0.4512,-0.05,,-1.000,0.0,0.0,0.0,,,37.9,-24.9,32.0,,0.000,0.0,11.5,-1.00,-1.0,0.0,0,2947,-1.0,96.8,-1.0,0.0,0.00,5.00,-1,0,0.000,0,0.00,-9.18,0,0,1,0.0,2,0.00,0.000,0.17,0.00,0.947,0.518,0.000,-1.000,-1.000,-1.000,-1.000,None,117.0,-1.0,0,4,0.00,0,0,0,0,0.00,2,0,0.349,0.003,-1,-1,-1,-1,-1,-1,-1,-1,-999,-1,-1,0,-1,-1,-1,38.0,0,0.00,0,1,0.51238,0.37410,1.74040,-0.07841,2.86,6.25,0,0
624,10.4000,swing,swingLow,236.093,-478.889,29.349,-24.394,5.011,-3.188,25.106,24.903,28.399,266.00,-509.39,36.26,26.96,0.229,3,,0,0.00,0.00,0.00,238.496,-475.679,30.012,-119.80,-16.91,64.98,4.064,0.002,-0.31,0.95,1,0,1,0,0,0,-16.91,-27.40,-10.42,0.3420,0.1877,0.3792,1,4.064,0,0.396,0,swing,fallCalm,1.000,2,0.410 0.423 -0.080 0.671 0.679 -0.034 -0.507 -0.354 -0.050 -0.629,238.74,-475.59,30.02,-16.11,-118.97,97.19,-1,-1,-1,-1,0.385,0.666 -0.151 -0.219 -0.505,32.5,1,-1.000,-1.000,0.4333,-0.05,,-1.000,0.0,0.0,0.0,,,49.5,-40.6,38.6,,0.000,0.0,11.5,-1.00,-1.0,0.0,0,3358,-1.0,95.4,-1.0,0.0,0.00,5.00,-1,0,0.000,0,0.00,-9.20,0,0,1,0.0,2,0.00,0.000,0.25,0.00,0.994,0.498,0.000,-1.000,-1.000,-1.000,-1.000,None,129.4,-1.0,0,4,0.00,0,0,0,0,0.00,2,0,0.273,0.003,-1,-1,-1,-1,-1,-1,-1,-1,-999,-1,-1,0,-1,-1,-1,38.0,0,0.00,0,1,0.50672,0.39603,1.86352,-0.12582,2.93,6.80,0,0
625,10.4167,swing,swingLow,235.686,-478.810,29.292,-24.488,4.540,-3.474,25.146,24.905,28.342,266.00,-509.39,36.26,26.96,0.271,3,,0,0.00,0.00,0.00,238.234,-475.724,29.987,-120.04,-17.47,64.90,4.061,0.002,-0.30,0.95,1,0,1,0,0,0,-17.47,-27.50,-10.43,0.3477,0.2104,0.3787,1,4.061,0,0.395,0,swing,fallCalm,1.000,2,0.485 0.336 0.034 0.663 0.742 -0.129 -0.558 -0.300 -0.186 -0.626,238.50,-475.68,30.01,-16.91,-119.80,97.10,-1,-1,-1,-1,0.303,0.661 -0.248 -0.163 -0.501,21.8,1,-1.000,-1.000,0.4171,-0.05,,-1.000,0.0,0.0,0.0,,,59.3,-53.1,45.9,,0.000,0.0,11.5,-1.00,-1.0,0.0,0,3692,-1.0,94.7,-1.0,0.0,0.00,5.00,-1,0,0.000,0,0.00,-9.20,0,0,1,0.0,2,0.00,0.000,0.33,0.00,1.080,0.470,0.000,-1.000,-1.000,-1.000,-1.000,None,138.1,-1.0,0,4,0.00,0,0,0,0,0.00,2,0,0.198,0.003,-1,-1,-1,-1,-1,-1,-1,-1,-999,-1,-1,0,-1,-1,-1,38.0,0,0.00,0,1,0.50012,0.41305,1.92960,-0.15435,2.98,7.10,0,0
626,10.4333,swing,swingLow,235.277,-478.738,29.230,-24.574,4.065,-3.759,25.190,24.908,28.280,266.00,-509.39,36.26,26.96,0.305,3,,0,0.00,0.00,0.00,237.954,-475.742,29.949,-119.93,-17.86,64.81,4.081,0.001,-0.29,0.96,1,0,1,0,0,0,-17.86,-27.58,-10.45,0.3402,0.2308,0.3789,1,4.081,0,0.393,0,swing,fallCalm,1.000,2,0.531 0.259 0.113 0.641 0.813 -0.175 -0.591 -0.262 -0.302 -0.595,238.23,-475.72,29.99,-17.47,-120.04,97.00,-1,-1,-1,-1,0.229,0.641 -0.292 -0.120 -0.469,13.6,1,-1.000,-1.000,0.4025,-0.04,,-1.000,0.0,0.0,0.0,,,67.3,-63.0,53.8,,0.000,0.0,11.5,-1.00,-1.0,0.0,0,3954,-1.0,94.5,-1.0,0.0,0.00,5.00,-1,0,0.000,0,0.00,-9.20,0,0,1,0.0,2,0.00,0.000,0.42,0.00,1.186,0.434,0.000,-1.000,-1.000,-1.000,-1.000,None,143.7,-1.0,0,4,0.00,0,0,0,0,0.00,2,0,0.122,0.002,-1,-1,-1,-1,-1,-1,-1,-1,-999,-1,-1,0,-1,-1,-1,38.0,0,0.00,0,1,0.49414,0.42357,1.95772,-0.17019,3.01,7.23,0,0
627,10.4500,swing,swingLow,234.867,-478.675,29.164,-24.654,3.587,-4.041,25.239,24.913,28.214,266.00,-509.39,36.26,26.96,0.334,3,,0,0.00,0.00,0.00,237.660,-475.743,29.901,-119.66,-18.15,64.73,4.116,0.001,-0.29,0.96,1,0,1,0,0,0,-18.15,-27.64,-10.47,0.3248,0.2496,0.3784,1,4.116,0,0.392,0,swing,fallCalm,1.000,2,0.556 0.200 0.158 0.615 0.890 -0.172 -0.615 -0.236 -0.400 -0.547,237.95,-475.74,29.95,-17.86,-119.93,96.91,-1,-1,-1,-1,0.172,0.618 -0.282 -0.088 -0.418,8.1,1,-1.000,-1.000,0.3895,-0.04,,-1.000,0.0,0.0,0.0,,,73.2,-70.1,61.2,,0.000,0.0,11.5,-1.00,-1.0,0.0,0,4158,-1.0,94.7,-1.0,0.0,0.00,5.00,-1,0,0.000,0,0.00,-9.20,0,0,1,0.0,2,0.00,0.000,0.50,0.00,1.295,0.391,0.000,-1.000,-1.000,-1.000,-1.000,None,146.6,-1.0,0,4,0.00,0,0,0,0,0.00,2,0,0.046,0.002,-1,-1,-1,-1,-1,-1,-1,-1,-999,-1,-1,0,-1,-1,-1,38.0,0,0.00,0,1,0.48905,0.42603,1.96847,-0.18008,3.05,7.28,0,0
628,10.4667,swing,swingLow,234.455,-478.620,29.093,-24.726,3.106,-4.321,25.292,24.920,28.143,266.00,-509.39,36.26,26.96,0.358,3,,0,0.00,0.00,0.00,237.356,-475.735,29.846,-119.34,-18.36,64.65,4.160,0.001,-0.28,0.96,1,0,1,0,0,0,-18.36,-27.68,-10.48,0.3043,0.2659,0.3759,1,4.160,0,0.390,0,swing,fallCalm,1.000,2,0.570 0.152 0.187 0.592 0.958 -0.134 -0.635 -0.213 -0.482 -0.481,237.66,-475.74,29.90,-18.15,-119.66,96.82,-1,-1,-1,-1,0.125,0.599 -0.233 -0.059 -0.350,4.9,1,-1.000,-1.000,0.3773,-0.04,,-1.000,0.0,0.0,0.0,,,77.9,-75.6,68.4,,0.000,0.0,11.5,-1.00,-1.0,0.0,0,4317,-1.0,95.0,-1.0,0.0,0.00,5.00,-1,0,0.000,0,0.00,-9.20,0,0,1,0.0,2,0.00,0.000,0.58,0.00,1.389,0.347,0.000,-1.000,-1.000,-1.000,-1.000,None,147.6,-1.0,0,4,0.00,0,0,0,0,0.00,2,0,0.000,0.002,-1,-1,-1,-1,-1,-1,-1,-1,-999,-1,-1,0,-1,-1,-1,38.0,0,0.00,0,1,0.48376,0.42240,1.97424,-0.18783,3.09,7.31,0,0
629,10.4833,swing,swingLow,234.043,-478.572,29.017,-24.790,2.621,-4.599,25.349,24.929,28.067,266.00,-509.39,36.26,26.96,0.378,3,,0,0.00,0.00,0.00,237.045,-475.722,29.784,-119.06,-18.53,64.57,4.211,0.001,-0.27,0.96,1,0,1,0,0,0,-18.53,-27.70,-10.50,0.2915,0.2775,0.3682,1,4.211,0,0.388,0,swing,swingLow,1.000,2,0.578 0.116 0.216 0.573 1.002 -0.080 -0.648 -0.185 -0.543 -0.407,237.36,-475.73,29.85,-18.36,-119.34,96.73,-1,-1,-1,-1,0.089,0.587 -0.166 -0.026 -0.272,4.6,1,-1.000,-1.000,0.3655,-0.04,,-1.000,0.0,0.0,0.0,,,81.4,-79.8,74.6,,0.000,0.0,11.5,-1.00,-1.0,0.0,0,4445,-1.0,95.3,-1.0,0.0,0.00,5.00,-1,0,0.000,0,0.00,-9.20,0,0,1,0.0,2,0.00,0.000,0.65,0.00,1.464,0.216,0.000,-1.000,-1.000,-1.000,-1.000,None,147.2,-1.0,0,4,0.00,0,0,0,0,0.00,2,0,0.000,0.002,-1,-1,-1,-1,-1,-1,-1,-1,-999,-1,-1,0,-1,-1,-1,38.0,0,0.00,0,1,0.47690,0.41561,1.98282,-0.19584,3.13,7.35,0,0
630,10.5000,swing,swingLow,233.629,-478.533,28.936,-24.848,2.133,-4.875,25.411,24.939,27.986,266.00,-509.39,36.26,26.96,0.395,3,,0,0.00,0.00,0.00,236.728,-475.709,29.716,-118.86,-18.67,64.49,4.265,0.001,-0.27,0.96,1,0,1,0,0,0,-18.67,-27.71,-10.52,0.2764,0.2824,0.3658,1,4.265,0,0.387,0,swing,swingLow,1.000,2,0.581 0.099 0.242 0.562 1.018 -0.030 -0.655 -0.166 -0.578 -0.355,237.05,-475.72,29.78,-18.53,-119.06,96.64,-1,-1,-1,-1,0.073,0.584 -0.102 -0.006 -0.220,5.6,1,-1.000,-1.000,0.3548,-0.04,,-1.000,0.0,0.0,0.0,,,83.0,-81.6,77.4,,0.000,0.0,11.5,-1.00,-1.0,0.0,0,4549,-1.0,95.6,-1.0,0.0,0.00,5.00,-1,0,0.000,0,0.00,-8.78,0,0,1,0.0,2,0.00,0.000,0.65,0.00,1.477,0.207,0.000,-1.000,-1.000,-1.000,-1.000,None,146.7,-1.0,0,4,0.00,0,0,0,0,0.00,2,0,0.000,0.001,-1,-1,-1,-1,-1,-1,-1,-1,-999,-1,-1,0,-1,-1,-1,38.0,0,0.00,0,1,0.46807,0.40911,1.99868,-0.20554,3.16,7.43,0,0
631,10.5167,swing,swingLow,233.214,-478.502,28.851,-24.898,1.641,-5.148,25.477,24.952,27.901,266.00,-509.39,36.26,26.96,0.409,3,,0,0.00,0.00,0.00,236.406,-475.699,29.643,-118.76,-18.79,64.42,4.321,0.001,-0.26,0.97,1,0,1,0,0,0,-18.79,-27.71,-10.53,0.2647,0.2832,0.3656,1,4.321,0,0.385,0,swing,swingLow,1.000,2,0.583 0.086 0.252 0.553 1.021 -0.031 -0.645 -0.144 -0.597 -0.319,236.73,-475.71,29.72,-18.67,-118.86,96.56,-1,-1,-1,-1,0.060,0.579 -0.100 0.020 -0.185,6.7,1,-1.000,-1.000,0.3452,-0.03,,-1.000,0.0,0.0,0.0,,,84.2,-83.0,79.6,,0.000,0.0,11.5,-1.00,-1.0,0.0,0,4634,-1.0,95.8,-1.0,0.0,0.00,5.00,-1,0,0.000,0,0.00,-8.78,0,0,1,0.0,2,0.00,0.000,0.65,0.00,1.480,0.206,0.000,-1.000,-1.000,-1.000,-1.000,None,146.2,-1.0,0,4,0.00,0,0,0,0,0.00,2,0,0.000,0.001,-1,-1,-1,-1,-1,-1,-1,-1,-999,-1,-1,0,-1,-1,-1,38.0,0,0.00,0,1,0.45934,0.41277,2.02414,-0.21777,3.16,7.54,0,0
632,10.5333,swing,swingLow,232.799,-478.480,28.761,-24.940,1.146,-5.418,25.547,24.966,27.811,266.00,-509.39,36.26,26.96,0.421,3,,0,0.00,0.00,0.00,236.080,-475.693,29.565,-118.76,-18.89,64.35,4.378,0.001,-0.26,0.97,1,0,1,0,0,0,-18.89,-27.70,-10.55,0.2536,0.2830,0.3648,1,4.378,0,0.384,0,swing,swingLow,1.000,2,0.585 0.072 0.265 0.544 1.024 -0.035 -0.636 -0.120 -0.613 -0.283,236.41,-475.70,29.64,-18.79,-118.76,96.48,-1,-1,-1,-1,0.048,0.576 -0.101 0.046 -0.150,7.8,1,-1.000,-1.000,0.3371,-0.03,,-1.000,0.0,0.0,0.0,,,85.4,-84.4,81.8,,0.000,0.0,11.5,-1.00,-1.0,0.0,0,4705,-1.0,95.9,-1.0,0.0,0.00,5.00,-1,0,0.000,0,0.00,-8.78,0,0,1,0.0,2,0.00,0.000,0.65,0.00,1.482,0.203,0.000,-1.000,-1.000,-1.000,-1.000,None,145.4,-1.0,0,4,0.00,0,0,0,0,0.00,2,0,0.000,0.001,-1,-1,-1,-1,-1,-1,-1,-1,-999,-1,-1,0,-1,-1,-1,38.0,0,0.00,0,1,0.45159,0.41652,2.06030,-0.23299,3.15,7.71,0,0
633,10.5500,swing,swingLow,232.383,-478.465,28.667,-24.975,0.647,-5.685,25.621,24.983,27.717,266.00,-509.39,36.26,26.96,0.432,3,,0,0.00,0.00,0.00,235.749,-475.694,29.483,-118.84,-18.99,64.29,4.436,0.000,-0.25,0.97,1,0,1,0,0,0,-18.99,-27.68,-10.57,0.2425,0.2821,0.3638,1,4.436,0,0.383,0,swing,swingLow,1.000,2,0.587 0.058 0.281 0.538 1.026 -0.040 -0.629 -0.095 -0.626 -0.248,236.08,-475.69,29.57,-18.89,-118.76,96.40,-1,-1,-1,-1,0.036,0.573 -0.103 0.073 -0.116,8.8,1,-1.000,-1.000,0.3302,-0.03,,-1.000,0.0,0.0,0.0,,,86.6,-85.8,84.0,,0.000,0.0,11.5,-1.00,-1.0,0.0,0,4764,-1.0,95.9,-1.0,0.0,0.00,5.00,-1,0,0.000,0,0.00,-8.78,0,0,1,0.0,2,0.00,0.000,0.65,0.00,1.483,0.201,0.000,-1.000,-1.000,-1.000,-1.000,None,144.4,-1.0,0,4,0.00,0,0,0,0,0.00,2,0,0.000,0.001,-1,-1,-1,-1,-1,-1,-1,-1,-999,-1,-1,0,-1,-1,-1,38.0,0,0.00,0,1,0.44474,0.42027,2.10766,-0.25182,3.14,7.92,0,0
634,10.5667,swing,swingLow,231.967,-478.459,28.569,-25.001,0.145,-5.949,25.700,25.002,27.619,266.00,-509.39,36.26,26.96,0.441,3,,0,0.00,0.00,0.00,235.416,-475.700,29.396,-119.01,-19.07,64.23,4.493,0.000,-0.24,0.97,1,0,1,0,0,0,-19.07,-27.64,-10.58,0.2316,0.2813,0.3632,1,4.493,0,0.381,0,swing,swingLow,1.000,2,0.588 0.045 0.299 0.533 1.026 -0.046 -0.624 -0.070 -0.636 -0.215,235.75,-475.69,29.48,-18.99,-118.84,96.33,-1,-1,-1,-1,0.024,0.571 -0.106 0.099 -0.083,9.8,1,-1.000,-1.000,0.3245,-0.02,,-1.000,0.0,0.0,0.0,,,87.7,-87.2,86.1,,0.000,0.0,11.5,-1.00,-1.0,0.0,0,4813,-1.0,95.9,-1.0,0.0,0.00,5.00,-1,0,0.000,0,0.00,-8.78,0,0,1,0.0,2,0.00,0.000,0.65,0.00,1.483,0.199,0.000,-1.000,-1.000,-1.000,-1.000,None,143.3,-1.0,0,4,0.00,0,0,0,0,0.00,2,0,0.000,0.001,-1,-1,-1,-1,-1,-1,-1,-1,-999,-1,-1,0,-1,-1,-1,38.0,0,0.00,0,1,0.43869,0.42392,2.16648,-0.27480,3.13,8.19,0,0
635,10.5833,swing,swingLow,231.550,-478.461,28.466,-25.020,-0.361,-6.209,25.782,25.023,27.516,266.00,-509.39,36.26,26.96,0.450,3,,0,0.00,0.00,0.00,235.079,-475.714,29.304,-119.23,-19.15,64.17,4.550,0.000,-0.24,0.97,1,0,1,0,0,0,-19.15,-27.60,-10.60,0.2212,0.2802,0.3629,1,4.550,0,0.380,0,swing,swingLow,1.000,2,0.589 0.033 0.316 0.528 1.026 -0.052 -0.623 -0.045 -0.643 -0.184,235.42,-475.70,29.40,-19.07,-119.01,96.26,-1,-1,-1,-1,0.012,0.568 -0.110 0.125 -0.053,10.7,1,-1.000,-1.000,0.3196,-0.00,,-1.000,0.0,0.0,0.0,,,88.8,-88.5,88.0,,0.000,0.0,11.5,-1.00,-1.0,0.0,0,4854,-1.0,95.7,-1.0,0.0,0.00,5.00,-1,0,0.000,0,0.00,-8.78,0,0,1,0.0,2,0.00,0.000,0.65,0.00,1.483,0.199,0.000,-1.000,-1.000,-1.000,-1.000,None,142.0,-1.0,0,4,0.00,0,0,0,0,0.00,2,0,0.000,0.001,-1,-1,-1,-1,-1,-1,-1,-1,-999,-1,-1,0,-1,-1,-1,38.0,0,0.00,0,1,0.43333,0.42742,2.23703,-0.30230,3.11,8.51,0,0
636,10.6000,swing,swingLow,231.133,-478.472,28.359,-25.031,-0.871,-6.466,25.867,25.046,27.409,266.00,-509.39,36.26,26.96,0.457,3,,0,0.00,0.00,0.00,234.738,-475.735,29.208,-119.50,-19.20,64.11,4.606,0.000,-0.23,0.97,1,0,1,0,0,0,-19.20,-27.55,-10.62,0.2154,0.2790,0.3655,1,4.606,0,0.379,0,swing,swingLow,1.000,2,0.590 0.022 0.333 0.525 1.025 -0.059 -0.625 -0.020 -0.647 -0.157,235.08,-475.71,29.30,-19.15,-119.23,96.20,-1,-1,-1,-1,0.002,0.565 -0.114 0.150 -0.027,11.5,1,-1.000,-1.000,0.3154,0.03,,-1.000,0.0,0.0,0.0,,,89.8,-89.8,89.7,,0.000,0.0,11.5,-1.00,-1.0,0.0,0,4888,-1.0,95.5,-1.0,0.0,0.00,5.00,-1,0,0.000,0,0.00,-8.20,0,0,1,0.0,2,0.00,0.000,0.65,0.00,1.481,0.199,0.000,-1.000,-1.000,-1.000,-1.000,None,140.6,-1.0,0,4,0.00,0,0,0,0,0.00,2,0,0.000,0.001,-1,-1,-1,-1,-1,-1,-1,-1,-999,-1,-1,0,-1,-1,-1,38.0,0,0.00,0,1,0.42857,0.43107,2.31885,-0.33398,3.10,8.89,0,0
637,10.6167,swing,swingLow,230.716,-478.491,28.247,-25.034,-1.384,-6.720,25.957,25.072,27.297,266.00,-509.39,36.26,26.96,0.464,3,,0,0.00,0.00,0.00,234.394,-475.763,29.107,-119.79,-19.07,64.06,4.660,0.000,-0.23,0.97,1,0,1,0,0,0,-19.07,-27.49,-10.63,0.2135,0.2777,0.3726,1,4.660,0,0.378,0,swing,swingLow,1.000,2,0.590 0.012 0.346 0.525 1.022 -0.065 -0.631 0.005 -0.648 -0.133,234.74,-475.73,29.21,-19.20,-119.50,96.14,-1,-1,-1,-1,-0.007,0.561 -0.117 0.173 -0.005,12.3,1,-1.000,-1.000,0.3118,0.07,,-1.000,0.0,0.0,0.0,,,90.7,-90.9,91.2,,0.000,0.0,11.5,-1.00,-1.0,0.0,0,4915,-1.0,95.3,-1.0,0.0,0.00,5.00,-1,0,0.000,0,0.00,-8.20,0,0,1,0.0,2,0.00,0.000,0.65,0.00,1.478,0.201,0.000,-1.000,-1.000,-1.000,-1.000,None,139.2,-1.0,0,4,0.00,0,0,0,0,0.00,2,0,0.000,0.001,-1,-1,-1,-1,-1,-1,-1,-1,-999,-1,-1,0,-1,-1,-1,38.0,0,0.00,0,1,0.42435,0.43683,2.40705,-0.36585,3.08,9.29,0,0
638,10.6333,swing,swingLow,230.298,-478.519,28.131,-25.028,-1.901,-6.969,26.050,25.100,27.181,266.00,-509.39,36.26,26.96,0.471,3,,0,0.00,0.00,0.00,234.021,-475.817,29.002,-120.11,-18.82,64.01,4.682,0.000,-0.22,0.98,1,0,1,0,0,0,-18.82,-27.43,-10.65,0.2125,0.2781,0.3821,1,4.682,0,0.377,0,swing,swingLow,1.000,2,0.590 0.004 0.357 0.526 1.019 -0.070 -0.640 0.030 -0.648 -0.114,234.39,-475.76,29.11,-19.07,-119.79,96.08,-1,-1,-1,-1,-0.015,0.557 -0.120 0.194 0.013,12.9,1,-1.000,-1.000,0.3087,0.13,,-1.000,0.0,0.0,0.0,,,91.5,-91.9,92.3,,0.000,0.0,11.5,-1.00,-1.0,0.0,0,4936,-1.0,95.0,-1.0,0.0,0.00,5.00,-1,0,0.000,0,0.00,-8.20,0,0,1,0.0,2,0.00,0.000,0.65,0.00,1.474,0.205,0.000,-1.000,-1.000,-1.000,-1.000,None,137.7,-1.0,0,4,0.00,0,0,0,0,0.00,2,0,0.000,0.001,-1,-1,-1,-1,-1,-1,-1,-1,-999,-1,-1,0,-1,-1,-1,38.0,0,0.00,0,1,0.42138,0.44523,2.50884,-0.40118,3.08,9.76,0,0
639,10.6500,swing,swingLow,229.882,-478.556,28.012,-25.014,-2.422,-7.215,26.146,25.131,27.062,266.00,-509.39,36.26,26.96,0.477,3,,0,0.00,0.00,0.00,233.630,-475.890,28.893,-120.44,-18.44,63.96,4.684,0.000,-0.21,0.98,1,0,1,0,0,0,-18.44,-27.35,-10.67,0.2117,0.2791,0.3941,1,4.684,0,0.377,0,swing,swingLow,1.000,2,0.590 -0.004 0.366 0.527 1.016 -0.075 -0.650 0.055 -0.647 -0.096,234.02,-475.82,29.00,-18.82,-120.11,96.02,-1,-1,-1,-1,-0.022,0.553 -0.122 0.214 0.028,13.5,1,-1.000,-1.000,0.3063,0.20,,-1.000,0.0,0.0,0.0,,,92.1,-92.8,93.3,,0.000,0.0,11.5,-1.00,-1.0,0.0,0,4953,-1.0,94.7,-1.0,0.0,0.00,5.00,-1,0,0.000,0,0.00,-8.20,0,0,1,0.0,2,0.00,0.000,0.65,0.00,1.470,0.207,0.000,-1.000,-1.000,-1.000,-1.000,None,136.3,-1.0,0,4,0.00,0,0,0,0,0.00,2,0,0.000,0.001,-1,-1,-1,-1,-1,-1,-1,-1,-999,-1,-1,0,-1,-1,-1,38.0,0,0.00,0,1,0.41933,0.45617,2.62237,-0.43931,3.09,10.27,0,0
640,10.6667,swing,swingLow,229.465,-478.601,27.888,-24.991,-2.947,-7.456,26.246,25.165,26.938,266.00,-509.39,36.26,26.96,0.483,3,,0,0.00,0.00,0.00,233.237,-475.968,28.780,-120.76,-17.89,63.92,4.686,0.000,-0.21,0.98,1,0,1,0,0,0,-17.89,-27.27,-10.68,0.2109,0.2797,0.4082,1,4.686,0,0.376,0,swing,swingLow,1.000,2,0.590 -0.011 0.375 0.528 1.014 -0.080 -0.660 0.079 -0.647 -0.079,233.63,-475.89,28.89,-18.44,-120.44,95.97,-1,-1,-1,-1,-0.028,0.549 -0.125 0.231 0.041,14.0,1,-1.000,-1.000,0.3045,0.28,,-1.000,0.0,0.0,0.0,,,92.7,-93.6,94.1,,0.000,0.0,11.5,-1.00,-1.0,0.0,0,4967,-1.0,94.3,-1.0,0.0,0.00,5.00,-1,0,0.000,0,0.00,-8.20,0,0,1,0.0,2,0.00,0.000,0.65,0.00,1.467,0.210,0.000,-1.000,-1.000,-1.000,-1.000,None,134.9,-1.0,0,4,0.00,0,0,0,0,0.00,2,0,0.000,0.001,-1,-1,-1,-1,-1,-1,-1,-1,-999,-1,-1,0,-1,-1,-1,38.0,0,0.00,0,1,0.41762,0.46915,2.74269,-0.47818,3.10,10.82,0,0
641,10.6833,swing,swingLow,229.049,-478.655,27.760,-24.960,-3.475,-7.693,26.349,25.201,26.810,266.00,-509.39,36.26,26.96,0.488,3,,0,0.00,0.00,0.00,232.842,-476.053,28.662,-121.09,-17.22,63.88,4.688,0.000,-0.20,0.98,1,0,1,0,0,0,-17.22,-27.18,-10.70,0.2100,0.2799,0.4238,1,4.688,0,0.375,0,swing,swingLow,1.000,2,0.590 -0.018 0.383 0.528 1.011 -0.086 -0.669 0.103 -0.646 -0.063,233.24,-475.97,28.78,-17.89,-120.76,95.92,-1,-1,-1,-1,-0.034,0.544 -0.127 0.247 0.053,14.6,1,-1.000,-1.000,0.3032,0.37,,-1.000,0.0,0.0,0.0,,,93.3,-94.4,94.9,,0.000,0.0,11.5,-1.00,-1.0,0.0,0,4977,-1.0,93.9,-1.0,0.0,0.00,5.00,-1,0,0.000,0,0.00,-8.20,0,0,1,0.0,2,0.00,0.000,0.65,0.00,1.463,0.212,0.000,-1.000,-1.000,-1.000,-1.000,None,133.6,-1.0,0,4,0.00,0,0,0,0,0.00,2,0,0.000,0.000,-1,-1,-1,-1,-1,-1,-1,-1,-999,-1,-1,0,-1,-1,-1,38.0,0,0.00,0,1,0.41621,0.48372,2.86999,-0.51831,3.11,11.41,0,0
642,10.7000,swing,swingLow,228.633,-478.718,27.628,-24.920,-4.006,-7.925,26.455,25.240,26.678,266.00,-509.39,36.26,26.96,0.494,3,,0,0.00,0.00,0.00,232.445,-476.143,28.540,-121.39,-16.45,63.84,4.690,0.000,-0.20,0.98,1,0,1,0,0,0,-16.45,-27.09,-10.72,0.2089,0.2798,0.4405,1,4.690,0,0.375,0,swing,swingLow,1.000,2,0.590 -0.024 0.390 0.528 1.009 -0.090 -0.678 0.127 -0.646 -0.047,232.84,-476.05,28.66,-17.22,-121.09,95.88,-1,-1,-1,-1,-0.039,0.539 -0.128 0.261 0.064,15.1,1,-1.000,-1.000,0.3022,0.45,,-1.000,0.0,0.0,0.0,,,93.8,-95.2,95.5,,0.000,0.0,11.5,-1.00,-1.0,0.0,0,4984,-1.0,93.5,-1.0,0.0,0.00,5.00,-1,0,0.000,0,0.00,-7.47,0,0,1,0.0,2,0.00,0.000,0.65,0.00,1.460,0.213,0.000,-1.000,-1.000,-1.000,-1.000,None,132.3,-1.0,0,4,0.00,0,0,0,0,0.00,2,0,0.000,0.000,-1,-1,-1,-1,-1,-1,-1,-1,-999,-1,-1,0,-1,-1,-1,38.0,0,0.00,0,1,0.41501,0.49936,3.00504,-0.56080,3.12,12.03,0,0
643,10.7167,swing,swingLow,228.218,-478.789,27.493,-24.871,-4.541,-8.153,26.564,25.282,26.543,266.00,-509.39,36.26,26.96,0.499,3,,0,0.00,0.00,0.00,232.047,-476.240,28.415,-121.68,-15.64,63.81,4.691,0.000,-0.19,0.98,1,0,1,0,0,0,-15.64,-26.99,-10.73,0.2078,0.2794,0.4578,1,4.691,0,0.374,0,swing,swingLow,1.000,2,0.590 -0.029 0.397 0.527 1.007 -0.095 -0.687 0.149 -0.646 -0.032,232.45,-476.14,28.54,-16.45,-121.39,95.84,-1,-1,-1,-1,-0.044,0.534 -0.130 0.274 0.073,15.6,1,-1.000,-1.000,0.3015,0.54,,-1.000,0.0,0.0,0.0,,,94.2,-95.9,96.0,,0.000,0.0,11.5,-1.00,-1.0,0.0,0,4990,-1.0,93.1,-1.0,0.0,0.00,5.00,-1,0,0.000,0,0.00,-7.47,0,0,1,0.0,2,0.00,0.000,0.65,0.00,1.457,0.214,0.000,-1.000,-1.000,-1.000,-1.000,None,131.1,-1.0,0,4,0.00,0,0,0,0,0.00,2,0,0.000,0.000,-1,-1,-1,-1,-1,-1,-1,-1,-999,-1,-1,0,-1,-1,-1,38.0,0,0.00,0,1,0.41401,0.51553,3.14925,-0.60704,3.14,12.69,0,0
644,10.7333,swing,swingLow,227.804,-478.870,27.354,-24.812,-5.080,-8.375,26.676,25.327,26.404,266.00,-509.39,36.26,26.96,0.505,3,,0,0.00,0.00,0.00,231.648,-476.344,28.285,-121.95,-14.81,63.78,4.693,0.000,-0.19,0.98,1,0,1,0,0,0,-14.81,-26.88,-10.75,0.2068,0.2789,0.4750,1,4.693,0,0.374,0,swing,swingLow,1.000,2,0.590 -0.034 0.403 0.526 1.005 -0.098 -0.695 0.169 -0.646 -0.019,232.05,-476.24,28.41,-15.64,-121.68,95.81,-1,-1,-1,-1,-0.048,0.529 -0.131 0.285 0.081,16.0,1,-1.000,-1.000,0.3010,0.62,,-1.000,0.0,0.0,0.0,,,94.6,-96.6,96.5,,0.000,0.0,11.5,-1.00,-1.0,0.0,0,4994,-1.0,92.7,-1.0,0.0,0.00,5.00,-1,0,0.000,0,0.00,-7.47,0,0,1,0.0,2,0.00,0.000,0.65,0.00,1.455,0.214,0.000,-1.000,-1.000,-1.000,-1.000,None,129.9,-1.0,0,4,0.00,0,0,0,0,0.00,2,0,0.000,0.000,-1,-1,-1,-1,-1,-1,-1,-1,-999,-1,-1,0,-1,-1,-1,38.0,0,0.00,0,1,0.41314,0.53169,3.30472,-0.65868,3.15,13.41,0,0
645,10.7500,swing,swingLow,227.391,-478.960,27.211,-24.744,-5.622,-8.593,26.790,25.375,26.261,266.00,-509.39,36.26,26.96,0.510,3,,0,0.00,0.00,0.00,231.249,-476.453,28.152,-122.19,-14.00,63.76,4.695,0.000,-0.18,0.98,1,0,1,0,0,0,-14.00,-26.76,-10.77,0.2061,0.2782,0.4915,1,4.695,0,0.373,0,swing,swingLow,1.000,2,0.589 -0.039 0.408 0.524 1.003 -0.102 -0.702 0.188 -0.647 -0.007,231.65,-476.34,28.28,-14.81,-121.95,95.77,-1,-1,-1,-1,-0.051,0.524 -0.131 0.295 0.089,16.4,1,-1.000,-1.000,0.3008,0.71,,-1.000,0.0,0.0,0.0,,,95.0,-97.2,96.9,,0.000,0.0,11.5,-1.00,-1.0,0.0,0,4996,-1.0,92.3,-1.0,0.0,0.00,5.00,-1,0,0.000,0,0.00,-7.47,0,0,1,0.0,2,0.00,0.000,0.65,0.00,1.452,0.214,0.000,-1.000,-1.000,-1.000,-1.000,None,128.7,-1.0,0,4,0.00,0,0,0,0,0.00,2,0,0.000,0.000,-1,-1,-1,-1,-1,-1,-1,-1,-999,-1,-1,0,-1,-1,-1,38.0,0,0.00,0,1,0.41238,0.54731,3.47435,-0.71764,3.16,14.19,0,0
646,10.7667,swing,swingLow,226.980,-479.059,27.064,-24.667,-6.167,-8.805,26.908,25.426,26.114,266.00,-509.39,36.26,26.96,0.516,3,,0,0.00,0.00,0.00,230.848,-476.570,28.014,-122.41,-13.26,63.74,4.697,0.000,-0.18,0.98,1,0,1,0,0,0,-13.26,-26.64,-10.78,0.2055,0.2774,0.5069,1,4.697,0,0.373,0,swing,swingCornerBank,1.000,2,0.589 -0.043 0.413 0.522 1.001 -0.104 -0.709 0.205 -0.647 0.004,231.25,-476.45,28.15,-14.00,-122.19,95.75,-1,-1,-1,-1,-0.055,0.519 -0.132 0.304 0.095,16.8,1,-1.000,-1.000,0.3006,0.79,,-1.000,0.0,0.0,0.0,,,95.3,-97.8,97.2,,0.000,0.0,11.5,-1.00,-1.0,0.0,0,4998,-1.0,92.0,-1.0,0.0,0.00,5.00,-1,0,0.000,0,0.00,-7.47,0,0,1,0.0,2,0.00,0.000,0.65,0.00,1.450,0.213,0.000,-1.000,-1.000,-1.000,-1.000,None,127.5,-1.0,0,4,0.00,0,0,0,0,0.00,2,0,0.000,0.000,-1,-1,-1,-1,-1,-1,-1,-1,-999,-1,-1,0,-1,-1,-1,38.0,0,0.00,0,1,0.41172,0.56192,3.66200,-0.78614,3.17,15.06,0,0
647,10.7833,swing,swingLow,226.569,-479.166,26.914,-24.580,-6.716,-9.011,27.028,25.481,25.964,266.00,-509.39,36.26,26.96,0.521,3,,0,0.00,0.00,0.00,230.448,-476.693,27.873,-122.59,-12.62,63.72,4.699,0.000,-0.17,0.99,1,0,1,0,0,0,-12.62,-26.51,-10.80,0.2049,0.2766,0.5208,1,4.699,0,0.373,0,swing,swingCornerBank,1.000,2,0.589 -0.046 0.418 0.519 0.999 -0.106 -0.715 0.220 -0.647 0.013,230.85,-476.57,28.01,-13.26,-122.41,95.72,-1,-1,-1,-1,-0.057,0.514 -0.132 0.312 0.100,17.2,1,-1.000,-1.000,0.3006,0.87,,-1.000,0.0,0.0,0.0,,,95.6,-98.3,97.5,,0.000,0.0,11.5,-1.00,-1.0,0.0,0,4999,-1.0,91.7,-1.0,0.0,0.00,5.00,-1,0,0.000,0,0.00,-7.47,0,0,1,0.0,2,0.00,0.000,0.65,0.00,1.448,0.213,0.000,-1.000,-1.000,-1.000,-1.000,None,126.4,-1.0,0,4,0.00,0,0,0,0,0.00,2,0,0.000,0.000,-1,-1,-1,-1,-1,-1,-1,-1,-999,-1,-1,0,-1,-1,-1,38.0,0,0.00,0,1,0.41114,0.57505,3.87288,-0.86695,3.19,16.04,0,0
648,10.8000,swing,swingLow,226.161,-479.284,26.761,-24.483,-7.267,-9.212,27.150,25.539,25.811,266.00,-509.39,36.26,26.96,0.527,3,,0,0.00,0.00,0.00,230.047,-476.823,27.729,-122.75,-12.09,63.70,4.701,0.000,-0.17,0.99,1,0,1,0,0,0,-12.09,-26.38,-10.82,0.2044,0.2757,0.5327,1,4.701,0,0.372,0,swing,swingCornerBank,1.000,2,0.588 -0.049 0.422 0.516 0.998 -0.107 -0.721 0.232 -0.647 0.021,230.45,-476.69,27.87,-12.62,-122.59,95.70,-1,-1,-1,-1,-0.060,0.509 -0.132 0.318 0.105,17.5,1,-1.000,-1.000,0.3007,0.95,,-1.000,0.0,0.0,0.0,,,95.8,-98.9,97.7,,0.000,0.0,11.5,-1.00,-1.0,0.0,0,5000,-1.0,91.4,-1.0,0.0,0.00,5.00,-1,0,0.000,0,0.00,-6.61,0,0,1,0.0,2,0.00,0.000,0.65,0.00,1.446,0.212,0.000,-1.000,-1.000,-1.000,-1.000,None,125.4,-1.0,0,4,0.00,0,0,0,0,0.00,2,0,0.000,0.000,-1,-1,-1,-1,-1,-1,-1,-1,-999,-1,-1,0,-1,-1,-1,38.0,0,0.00,0,1,0.41063,0.58628,4.11414,-0.96357,3.20,17.17,0,0
649,10.8167,swing,swingLow,225.754,-479.410,26.604,-24.376,-7.822,-9.407,27.274,25.600,25.654,266.00,-509.39,36.26,26.96,0.532,3,,0,0.00,0.00,0.00,229.647,-476.959,27.581,-122.89,-11.72,63.69,4.703,0.000,-0.16,0.99,1,0,1,0,0,0,-11.72,-26.24,-10.83,0.2039,0.2747,0.5423,1,4.703,0,0.372,0,swing,swingCornerBank,1.000,2,0.588 -0.051 0.425 0.513 0.996 -0.108 -0.725 0.243 -0.647 0.027,230.05,-476.82,27.73,-12.09,-122.75,95.68,-1,-1,-1,-1,-0.062,0.503 -0.132 0.324 0.109,17.8,1,-1.000,-1.000,0.3008,1.02,,-1.000,0.0,0.0,0.0,,,96.0,-99.3,97.9,,0.000,0.0,11.5,-1.00,-1.0,0.0,0,5000,-1.0,91.1,-1.0,0.0,0.00,5.00,-1,0,0.000,0,0.00,-6.61,0,0,1,0.0,2,0.00,0.000,0.65,0.00,1.444,0.210,0.000,-1.000,-1.000,-1.000,-1.000,None,124.3,-1.0,0,4,0.00,0,0,0,0,0.00,2,0,0.000,0.000,-1,-1,-1,-1,-1,-1,-1,-1,-999,-1,-1,0,-1,-1,-1,38.0,0,0.00,0,1,0.41019,0.59523,4.39589,-1.08074,3.21,18.49,0,0
650,10.8333,swing,swingLow,225.349,-479.545,26.444,-24.259,-8.379,-9.596,27.401,25.665,25.494,266.00,-509.39,36.26,26.96,0.538,3,,0,0.00,0.00,0.00,229.247,-477.103,27.429,-122.99,-11.53,63.68,4.704,0.000,-0.16,0.99,1,0,1,0,0,0,-11.53,-26.09,-10.85,0.2034,0.2737,0.5493,1,4.704,0,0.372,0,swing,swingCornerBank,1.000,2,0.588 -0.053 0.429 0.510 0.995 -0.108 -0.729 0.251 -0.647 0.031,229.65,-476.96,27.58,-11.72,-122.89,95.67,-1,-1,-1,-1,-0.064,0.498 -0.132 0.329 0.113,18.1,1,-1.000,-1.000,0.3010,1.10,,-1.000,0.0,0.0,0.0,,,96.2,-99.8,98.0,,0.000,0.0,11.5,-1.00,-1.0,0.0,0,5000,-1.0,91.0,-1.0,0.0,0.00,5.00,-1,0,0.000,0,0.00,-6.61,0,0,1,0.0,2,0.00,0.000,0.65,0.00,1.443,0.209,0.000,-1.000,-1.000,-1.000,-1.000,None,123.3,-1.0,0,4,0.00,0,0,0,0,0.00,2,0,0.000,0.000,-1,-1,-1,-1,-1,-1,-1,-1,-999,-1,-1,0,-1,-1,-1,38.0,0,0.00,0,1,0.40980,0.60153,4.73279,-1.22516,3.22,20.08,0,0
651,10.8500,swing,swingLow,224.946,-479.690,26.281,-24.132,-8.939,-9.778,27.529,25.734,25.331,266.00,-509.39,36.26,26.96,0.544,3,,0,0.00,0.00,0.00,228.848,-477.254,27.274,-123.21,-11.50,63.67,4.706,0.000,-0.15,0.99,1,0,1,0,0,0,-11.50,-25.94,-10.87,0.2025,0.2721,0.5534,1,4.706,0,0.372,0,swing,swingCornerBank,1.000,2,0.588 -0.055 0.431 0.506 0.994 -0.109 -0.733 0.257 -0.648 0.034,229.25,-477.10,27.43,-11.53,-122.99,95.66,-1,-1,-1,-1,-0.065,0.493 -0.131 0.333 0.116,18.3,1,-1.000,-1.000,0.3027,1.17,,-1.000,0.0,0.0,0.0,,,96.4,-100.2,98.0,,0.000,0.0,11.5,-1.00,-1.0,0.0,0,5000,-1.0,90.8,-1.0,0.0,0.00,5.00,-1,0,0.000,0,0.00,-6.61,0,0,1,0.0,2,0.00,0.000,0.65,0.00,1.441,0.208,0.000,-1.000,-1.000,-1.000,-1.000,None,122.3,-1.0,0,4,0.00,0,0,0,0,0.00,2,0,0.000,0.000,-1,-1,-1,-1,-1,-1,-1,-1,-999,-1,-1,0,-1,-1,-1,38.0,0,0.00,0,1,0.41057,0.60507,5.26085,-1.44837,3.22,22.56,0,0
652,10.8667,swing,swingLow,224.545,-479.845,26.115,-23.993,-9.501,-9.954,27.659,25.806,25.165,266.00,-509.39,36.26,26.96,0.550,3,,0,0.00,0.00,0.00,228.450,-477.413,27.116,-123.65,-11.50,63.67,4.708,0.000,-0.15,0.99,1,0,1,0,0,0,-11.50,-25.79,-10.88,0.2013,0.2694,0.5567,1,4.708,0,0.371,0,swing,swingCornerBank,1.000,2,0.587 -0.057 0.434 0.501 0.993 -0.110 -0.737 0.264 -0.650 0.037,228.85,-477.25,27.27,-11.50,-123.21,95.65,-1,-1,-1,-1,-0.066,0.488 -0.131 0.336 0.118,18.5,1,-1.000,-1.000,0.3068,1.23,,-1.000,0.0,0.0,0.0,,,96.5,-100.6,98.1,,0.000,0.0,11.5,-1.00,-1.0,0.0,0,5000,-1.0,90.6,-1.0,0.0,0.00,5.00,-1,0,0.000,0,0.00,-6.61,0,0,1,0.0,2,0.00,0.000,0.65,0.00,1.440,0.207,0.000,-1.000,-1.000,-1.000,-1.000,None,121.3,-1.0,0,4,0.00,0,0,0,0,0.00,2,0,0.000,0.000,-1,-1,-1,-1,-1,-1,-1,-1,-999,-1,-1,0,-1,-1,-1,38.0,0,0.00,0,1,0.41330,0.60777,6.20933,-1.83771,3.23,27.02,0,0
653,10.8833,swing,swingLow,224.146,-480.008,25.947,-23.844,-10.066,-10.123,27.792,25.882,24.997,266.00,-509.39,36.26,26.96,0.556,3,,0,0.00,0.00,0.00,228.053,-477.579,26.955,-124.26,-11.50,63.67,4.709,0.000,-0.14,0.99,1,0,1,0,0,0,-11.50,-25.62,-10.90,0.1999,0.2659,0.5595,1,4.709,0,0.371,0,swing,swingCornerBank,1.000,2,0.587 -0.059 0.437 0.497 0.991 -0.111 -0.741 0.270 -0.654 0.039,228.45,-477.41,27.12,-11.50,-123.65,95.65,-1,-1,-1,-1,-0.067,0.483 -0.130 0.338 0.120,18.7,1,-1.000,-1.000,0.3128,1.30,,-1.000,0.0,0.0,0.0,,,96.5,-101.0,98.1,,0.000,0.0,11.5,-1.00,-1.0,0.0,0,5000,-1.0,90.2,-1.0,0.0,0.00,5.00,-1,0,0.000,0,0.00,-6.61,0,0,1,0.0,2,0.00,0.000,0.65,0.00,1.439,0.207,0.000,-1.000,-1.000,-1.000,-1.000,None,120.3,-1.0,0,4,0.00,0,0,0,0,0.00,2,0,0.000,0.000,-1,-1,-1,-1,-1,-1,-1,-1,-999,-1,-1,0,-1,-1,-1,38.0,0,0.00,0,1,0.41756,0.61008,7.97255,-2.55213,3.23,35.31,0,0
654,10.9000,swing,swingLow,223.750,-480.181,25.775,-23.685,-10.633,-10.286,27.925,25.962,24.825,266.00,-509.39,36.26,26.96,0.562,3,,0,0.00,0.00,0.00,227.657,-477.753,26.791,-124.99,-11.50,63.68,4.711,0.000,-0.14,0.99,1,0,1,0,0,0,-11.50,-25.46,-10.92,0.1982,0.2619,0.5618,1,4.711,0,0.371,0,swing,swingCornerBank,1.000,2,0.586 -0.061 0.440 0.492 0.990 -0.113 -0.745 0.275 -0.658 0.041,228.05,-477.58,26.96,-11.50,-124.26,95.65,-1,-1,-1,-1,-0.068,0.478 -0.129 0.340 0.121,18.9,1,-1.000,-1.000,0.3201,1.35,,-1.000,0.0,0.0,0.0,,,96.6,-101.3,98.1,,0.000,0.0,11.5,-1.00,-1.0,0.0,0,5000,-1.0,89.6,-1.0,0.0,0.00,5.00,-1,0,0.000,0,0.00,-5.62,0,0,1,0.0,2,0.00,0.000,0.65,0.00,1.438,0.207,0.000,-1.000,-1.000,-1.000,-1.000,None,119.4,-1.0,0,4,0.00,0,0,0,0,0.00,2,0,0.000,0.000,-1,-1,-1,-1,-1,-1,-1,-1,-999,-1,-1,0,-1,-1,-1,38.0,0,0.00,0,1,0.42296,0.61204,11.89554,-4.13212,3.23,53.78,0,0
655,10.9167,swing,swingLow,223.357,-480.364,25.601,-23.514,-11.202,-10.441,28.060,26.046,24.651,266.00,-509.39,36.26,26.96,0.568,3,,0,0.00,0.00,0.00,227.264,-477.935,26.624,-125.81,-11.50,63.68,4.712,0.000,-0.14,0.99,1,0,1,0,0,0,-11.50,-25.28,-10.93,0.1964,0.2577,0.5640,1,4.712,0,0.371,0,swing,swingCornerBank,1.000,2,0.585 -0.063 0.443 0.486 0.988 -0.115 -0.747 0.281 -0.662 0.043,227.66,-477.75,26.79,-11.50,-124.99,95.65,-1,-1,-1,-1,-0.068,0.473 -0.127 0.341 0.122,19.0,1,-1.000,-1.000,0.3284,1.40,,-1.000,0.0,0.0,0.0,,,96.6,-101.7,98.0,,0.000,0.0,11.5,-1.00,-1.0,0.0,0,5000,-1.0,88.9,-1.0,0.0,0.00,5.00,-1,0,0.000,0,0.00,-5.62,0,0,1,0.0,2,0.00,0.000,0.65,0.00,1.437,0.207,0.000,-1.000,-1.000,-1.000,-1.000,None,118.4,-1.0,0,4,0.00,0,0,0,0,0.00,2,0,0.000,0.000,-1,-1,-1,-1,-1,-1,-1,-1,-999,-1,-1,0,-1,-1,-1,38.0,0,0.00,0,1,0.42923,0.61371,26.59226,-10.03547,3.22,123.02,0,0
656,10.9333,swing,swingLow,222.967,-480.556,25.424,-23.332,-11.772,-10.589,28.197,26.133,24.474,266.00,-509.39,36.26,26.96,0.575,3,,0,0.00,0.00,0.00,226.872,-478.125,26.454,-126.69,-11.50,63.69,4.714,0.000,-0.13,0.99,1,0,1,0,0,0,-11.50,-25.10,-10.95,0.1944,0.2534,0.5657,1,4.714,0,0.371,0,swing,swingCornerBank,1.000,2,0.583 -0.066 0.446 0.481 0.986 -0.118 -0.749 0.286 -0.667 0.046,227.26,-477.94,26.62,-11.50,-125.81,95.66,-1,-1,-1,-1,-0.068,0.468 -0.125 0.341 0.122,19.2,1,-1.000,-1.000,0.3373,1.43,,-1.000,0.0,0.0,0.0,,,96.6,-101.9,97.9,,0.000,0.0,11.5,-1.00,-1.0,0.0,0,5000,-1.0,88.1,-1.0,0.0,0.00,5.00,-1,0,0.000,0,0.00,-5.62,0,0,1,0.0,2,0.00,0.000,0.65,0.00,1.436,0.208,0.000,-1.000,-1.000,-1.000,-1.000,None,117.5,-1.0,0,4,0.00,0,0,0,0,0.00,2,0,0.000,0.000,-1,-1,-1,-1,-1,-1,-1,-1,-999,-1,-1,0,-1,-1,-1,38.0,0,0.00,0,1,0.43606,0.61513,416.71873,-165.41725,3.22,2124.62,0,0
657,10.9500,swing,swingLow,222.580,-480.757,25.245,-23.138,-12.344,-10.729,28.335,26.225,24.295,266.00,-509.39,36.26,26.96,0.581,3,,0,0.00,0.00,0.00,226.483,-478.322,26.281,-127.60,-11.50,63.70,4.715,0.000,-0.13,0.99,1,0,1,0,0,0,-11.50,-24.92,-10.97,0.1924,0.2491,0.5673,1,4.715,0,0.371,0,swing,swingCornerBank,1.000,2,0.582 -0.068 0.449 0.474 0.983 -0.121 -0.750 0.291 -0.672 0.048,226.87,-478.12,26.45,-11.50,-126.69,95.67,-1,-1,-1,-1,-0.068,0.463 -0.124 0.341 0.122,19.3,1,-1.000,-1.000,0.3466,1.44,,-1.000,0.0,0.0,0.0,,,96.6,-102.2,97.8,,0.000,0.0,11.5,-1.00,-1.0,0.0,0,5000,-1.0,87.2,-1.0,0.0,0.00,5.00,-1,0,0.000,0,0.00,-5.62,0,0,1,0.0,2,0.00,0.000,0.65,0.00,1.435,0.209,0.000,-1.000,-1.000,-1.000,-1.000,None,116.6,-1.0,0,4,0.00,0,0,0,0,0.00,2,0,0.000,0.000,-1,-1,-1,-1,-1,-1,-1,-1,-999,-1,-1,0,-1,-1,-1,38.0,0,0.00,0,1,0.44326,0.61635,331.25871,-128.02661,3.22,2132.90,0,0
658,10.9667,swing,swingLow,222.196,-480.968,25.064,-22.933,-12.916,-10.862,28.473,26.320,24.114,266.00,-509.39,36.26,26.96,0.588,3,,0,0.00,0.00,0.00,226.096,-478.528,26.106,-128.53,-11.50,63.72,4.717,0.000,-0.12,0.99,1,0,1,0,0,0,-11.50,-24.73,-10.98,0.1903,0.2454,0.5686,1,4.717,0,0.371,0,swing,swingCornerBank,1.000,2,0.580 -0.071 0.453 0.468 0.980 -0.125 -0.750 0.296 -0.677 0.050,226.48,-478.32,26.28,-11.50,-127.60,95.69,-1,-1,-1,-1,-0.067,0.458 -0.122 0.340 0.121,19.3,1,-1.000,-1.000,0.3557,1.41,,-1.000,0.0,0.0,0.0,,,96.5,-102.4,97.6,,0.000,0.0,11.5,-1.00,-1.0,0.0,0,5000,-1.0,86.4,-1.0,0.0,0.00,5.00,-1,0,0.000,0,0.00,-5.62,0,0,1,0.0,2,0.00,0.000,0.65,0.00,1.435,0.211,0.000,-1.000,-1.000,-1.000,-1.000,None,115.7,-1.0,0,4,0.00,0,0,0,0,0.00,2,0,0.000,0.000,-1,-1,-1,-1,-1,-1,-1,-1,-999,-1,-1,0,-1,-1,-1,38.0,0,0.00,0,1,0.45064,0.61743,274.25941,-102.76593,3.22,2140.94,0,0
659,10.9833,swing,swingLow,221.816,-481.189,24.880,-22.716,-13.490,-10.986,28.613,26.420,23.930,266.00,-509.39,36.26,26.96,0.594,3,,0,0.00,0.00,0.00,225.712,-478.742,25.928,-129.45,-11.50,63.74,4.718,0.000,-0.12,0.99,1,0,1,0,0,0,-11.50,-24.54,-11.00,0.1883,0.2424,0.5699,1,4.718,0,0.371,0,swing,swingCornerBank,1.000,2,0.577 -0.073 0.456 0.462 0.976 -0.128 -0.748 0.300 -0.681 0.052,226.10,-478.53,26.11,-11.50,-128.53,95.70,-1,-1,-1,-1,-0.066,0.454 -0.119 0.339 0.120,19.4,1,-1.000,-1.000,0.3646,1.35,,-1.000,0.0,0.0,0.0,,,96.5,-102.6,97.5,,0.000,0.0,11.5,-1.00,-1.0,0.0,0,5000,-1.0,85.5,-1.0,0.0,0.00,5.00,-1,0,0.000,0,0.00,-5.62,0,0,1,0.0,2,0.00,0.000,0.65,0.00,1.434,0.213,0.000,-1.000,-1.000,-1.000,-1.000,None,114.8,-1.0,0,4,0.00,0,0,0,0,0.00,2,0,0.000,0.000,-1,-1,-1,-1,-1,-1,-1,-1,-999,-1,-1,0,-1,-1,-1,38.0,0,0.00,0,1,0.45812,0.61847,233.95832,-84.83073,3.21,2148.73,0,0
660,11.0000,swing,swingLow,221.440,-481.419,24.695,-22.488,-14.064,-11.103,28.753,26.523,23.745,266.00,-509.39,36.26,26.96,0.601,3,,0,0.00,0.00,0.00,225.330,-478.965,25.748,-130.35,-11.50,63.76,4.719,0.000,-0.12,0.99,1,0,1,0,0,0,-11.50,-24.34,-11.02,0.1865,0.2396,0.5710,1,4.719,0,0.371,0,swing,swingCornerBank,1.000,2,0.575 -0.075 0.459 0.456 0.972 -0.131 -0.747 0.304 -0.685 0.054,225.71,-478.74,25.93,-11.50,-129.45,95.72,-1,-1,-1,-1,-0.065,0.450 -0.117 0.337 0.118,19.4,1,-1.000,-1.000,0.3734,1.28,,-1.000,0.0,0.0,0.0,,,96.3,-102.8,97.3,,0.000,0.0,11.5,-1.00,-1.0,0.0,0,4999,-1.0,84.6,-1.0,0.0,0.00,5.00,-1,0,0.000,0,0.00,-4.54,0,0,1,0.0,2,0.00,0.000,0.65,0.00,1.433,0.215,0.000,-1.000,-1.000,-1.000,-1.000,None,113.9,-1.0,0,4,0.00,0,0,0,0,0.00,2,0,0.000,0.000,-1,-1,-1,-1,-1,-1,-1,-1,-999,-1,-1,0,-1,-1,-1,38.0,0,0.00,0,1,0.46559,0.61948,204.21337,-71.59237,3.21,2156.28,0,0
661,11.0167,swing,swingLow,221.067,-481.659,24.508,-22.247,-14.638,-11.211,28.895,26.631,23.558,266.00,-509.39,36.26,26.96,0.608,3,,0,0.00,0.00,0.00,224.952,-479.196,25.566,-131.22,-11.50,63.78,4.720,0.000,-0.11,0.99,1,0,1,0,0,0,-11.50,-24.13,-11.03,0.1849,0.2370,0.5721,1,4.720,0,0.371,0,swing,swingCornerBank,1.000,2,0.572 -0.077 0.462 0.450 0.967 -0.134 -0.744 0.308 -0.689 0.055,225.33,-478.96,25.75,-11.50,-130.35,95.74,-1,-1,-1,-1,-0.064,0.446 -0.114 0.335 0.116,19.4,1,-1.000,-1.000,0.3820,1.22,,-1.000,0.0,0.0,0.0,,,96.2,-102.9,97.0,,0.000,0.0,11.5,-1.00,-1.0,0.0,0,4998,-1.0,83.7,-1.0,0.0,0.00,5.00,-1,0,0.000,0,0.00,-4.54,0,0,1,0.0,2,0.00,0.000,0.65,0.00,1.433,0.217,0.000,-1.000,-1.000,-1.000,-1.000,None,113.1,-1.0,0,4,0.00,0,0,0,0,0.00,2,0,0.000,0.000,-1,-1,-1,-1,-1,-1,-1,-1,-999,-1,-1,0,-1,-1,-1,38.0,0,0.00,0,1,0.47297,0.62047,181.52334,-61.49913,3.21,2163.57,0,0
662,11.0333,swing,swingLow,220.699,-481.908,24.318,-21.994,-15.213,-11.311,29.036,26.742,23.368,266.00,-509.39,36.26,26.96,0.615,3,,0,0.00,0.00,0.00,224.577,-479.435,25.382,-132.06,-11.50,63.81,4.721,0.000,-0.11,0.99,1,0,1,0,0,0,-11.50,-23.93,-11.05,0.1833,0.2346,0.5732,1,4.721,0,0.371,0,swing,swingCornerBank,1.000,2,0.569 -0.078 0.465 0.445 0.963 -0.136 -0.741 0.311 -0.693 0.056,224.95,-479.20,25.57,-11.50,-131.22,95.77,-1,-1,-1,-1,-0.062,0.443 -0.112 0.333 0.113,19.4,1,-1.000,-1.000,0.3904,1.16,,-1.000,0.0,0.0,0.0,,,96.1,-103.0,96.8,,0.000,0.0,11.5,-1.00,-1.0,0.0,0,4997,-1.0,82.9,-1.0,0.0,0.00,5.00,-1,0,0.000,0,0.00,-4.54,0,0,1,0.0,2,0.00,0.000,0.65,0.00,1.432,0.220,0.000,-1.000,-1.000,-1.000,-1.000,None,112.3,-1.0,0,4,0.00,0,0,0,0,0.00,2,0,0.000,0.000,-1,-1,-1,-1,-1,-1,-1,-1,-999,-1,-1,0,-1,-1,-1,38.0,0,0.00,0,1,0.48019,0.62146,163.75481,-53.60536,3.21,2170.61,0,0
663,11.0500,swing,swingLow,220.335,-482.167,24.128,-21.729,-15.786,-11.403,29.178,26.858,23.178,266.00,-509.39,36.26,26.96,0.622,3,,0,0.00,0.00,0.00,224.206,-479.683,25.196,-132.86,-11.50,63.83,4.722,0.000,-0.11,0.99,1,0,1,0,0,0,-11.50,-23.71,-11.07,0.1819,0.2324,0.5742,1,4.722,0,0.372,0,swing,swingCornerBank,1.000,2,0.566 -0.079 0.468 0.440 0.958 -0.138 -0.737 0.313 -0.696 0.056,224.58,-479.44,25.38,-11.50,-132.06,95.80,-1,-1,-1,-1,-0.060,0.440 -0.109 0.330 0.110,19.3,1,-1.000,-1.000,0.3985,1.11,,-1.000,0.0,0.0,0.0,,,95.9,-103.1,96.5,,0.000,0.0,11.5,-1.00,-1.0,0.0,0,4996,-1.0,82.1,-1.0,0.0,0.00,5.00,-1,0,0.000,0,0.00,-4.54,0,0,1,0.0,2,0.00,0.000,0.65,0.00,1.432,0.222,0.000,-1.000,-1.000,-1.000,-1.000,None,111.5,-1.0,0,4,0.00,0,0,0,0,0.00,2,0,0.000,0.000,-1,-1,-1,-1,-1,-1,-1,-1,-999,-1,-1,0,-1,-1,-1,38.0,0,0.00,0,1,0.48718,0.62243,149.55083,-47.19118,3.21,2177.39,0,0
664,11.0667,swing,swingLow,219.975,-482.436,23.936,-21.452,-16.359,-11.485,29.321,26.978,22.986,266.00,-509.39,36.26,26.96,0.629,3,,0,0.00,0.00,0.00,223.839,-479.939,25.008,-133.61,-11.50,63.86,4.723,0.001,-0.10,0.99,1,0,1,0,0,0,-11.50,-23.50,-11.08,0.1805,0.2303,0.5750,1,4.723,0,0.373,0,swing,swingCornerBank,1.000,2,0.563 -0.081 0.471 0.435 0.953 -0.141 -0.733 0.316 -0.698 0.057,224.21,-479.68,25.20,-11.50,-132.86,95.83,-1,-1,-1,-1,-0.058,0.438 -0.106 0.327 0.107,19.3,1,-1.000,-1.000,0.4062,1.03,,-1.000,0.0,0.0,0.0,,,95.7,-103.0,96.3,,0.000,0.0,11.5,-1.00,-1.0,0.0,0,4994,-1.0,81.3,-1.0,0.0,0.00,5.00,-1,0,0.000,0,0.00,-4.54,0,0,1,0.0,2,0.00,0.000,0.65,0.00,1.432,0.225,0.000,-1.000,-1.000,-1.000,-1.000,None,110.7,-1.0,0,4,0.00,0,0,0,0,0.00,2,0,0.000,0.000,-1,-1,-1,-1,-1,-1,-1,-1,-999,-1,-1,0,-1,-1,-1,38.0,0,0.00,0,1,0.49386,0.62338,138.00594,-41.73572,3.21,2183.90,0,0
665,11.0833,swing,swingLow,219.621,-482.714,23.742,-21.162,-16.931,-11.558,29.463,27.101,22.792,266.00,-509.39,36.26,26.96,0.636,3,,0,0.00,0.00,0.00,223.476,-480.204,24.818,-134.31,-11.50,63.90,4.724,0.001,-0.10,1.00,1,0,1,0,0,0,-11.50,-23.28,-11.10,0.1792,0.2283,0.5759,1,4.724,0,0.374,0,swing,swingCornerBank,1.000,2,0.560 -0.082 0.473 0.431 0.948 -0.144 -0.728 0.319 -0.700 0.058,223.84,-479.94,25.01,-11.50,-133.61,95.86,-1,-1,-1,-1,-0.056,0.437 -0.102 0.324 0.103,19.2,1,-1.000,-1.000,0.4135,0.89,,-1.000,0.0,0.0,0.0,,,95.4,-103.0,96.0,,0.000,0.0,11.5,-1.00,-1.0,0.0,0,4991,-1.0,80.6,-1.0,0.0,0.00,5.00,-1,0,0.000,0,0.00,-4.54,0,0,1,0.0,2,0.00,0.000,0.65,0.00,1.431,0.228,0.000,-1.000,-1.000,-1.000,-1.000,None,109.9,-1.0,0,4,0.00,0,0,0,0,0.00,2,0,0.000,0.000,-1,-1,-1,-1,-1,-1,-1,-1,-999,-1,-1,0,-1,-1,-1,38.0,0,0.00,0,1,0.50022,0.62434,128.47045,-37.11760,3.21,2190.14,0,0
666,11.1000,swing,swingLow,219.271,-483.001,23.548,-20.859,-17.501,-11.623,29.606,27.229,22.598,266.00,-509.39,36.26,26.96,0.643,3,,0,0.00,0.00,0.00,223.117,-480.478,24.627,-134.95,-11.50,63.93,4.725,0.001,-0.10,1.00,1,0,1,0,0,0,-11.50,-23.05,-11.12,0.1781,0.2266,0.5767,1,4.725,0,0.375,0,swing,swingCornerBank,1.000,2,0.556 -0.083 0.475 0.427 0.943 -0.147 -0.723 0.321 -0.702 0.058,223.48,-480.20,24.82,-11.50,-134.31,95.90,-1,-1,-1,-1,-0.053,0.436 -0.099 0.320 0.099,19.1,1,-1.000,-1.000,0.4205,0.73,,-1.000,0.0,0.0,0.0,,,95.2,-102.8,95.6,,0.000,0.0,11.5,-1.00,-1.0,0.0,0,4988,-1.0,79.9,-1.0,0.0,0.00,5.00,-1,0,0.000,0,0.00,-3.39,0,0,1,0.0,2,0.00,0.000,0.65,0.00,1.431,0.230,0.000,-1.000,-1.000,-1.000,-1.000,None,109.2,-1.0,0,4,0.00,0,0,0,0,0.00,2,0,0.000,0.000,-1,-1,-1,-1,-1,-1,-1,-1,-999,-1,-1,0,-1,-1,-1,38.0,0,0.00,0,1,0.50628,0.62531,120.48685,-33.19723,3.21,2196.11,0,0
667,11.1167,swing,swingLow,218.926,-483.298,23.352,-20.544,-18.069,-11.678,29.748,27.360,22.402,266.00,-509.39,36.26,26.96,0.651,3,,0,0.00,0.00,0.00,222.762,-480.760,24.435,-135.55,-11.50,63.97,4.726,0.002,-0.09,1.00,1,0,1,0,0,0,-11.50,-22.82,-11.13,0.1771,0.2250,0.5774,1,4.726,0,0.377,0,swing,swingCornerBank,1.000,2,0.553 -0.084 0.477 0.423 0.937 -0.149 -0.718 0.323 -0.703 0.059,223.12,-480.48,24.63,-11.50,-134.95,95.94,-1,-1,-1,-1,-0.050,0.436 -0.095 0.316 0.094,19.0,1,-1.000,-1.000,0.4271,0.56,,-1.000,0.0,0.0,0.0,,,94.9,-102.6,95.3,,0.000,0.0,11.5,-1.00,-1.0,0.0,0,4985,-1.0,79.3,-1.0,0.0,0.00,5.00,-1,0,0.000,0,0.00,-3.39,0,0,1,0.0,2,0.00,0.000,0.65,0.00,1.430,0.232,0.000,-1.000,-1.000,-1.000,-1.000,None,108.5,-1.0,0,4,0.00,0,0,0,0,0.00,2,0,0.000,0.000,-1,-1,-1,-1,-1,-1,-1,-1,-999,-1,-1,0,-1,-1,-1,38.0,0,0.00,0,1,0.51203,0.62630,113.72620,-29.84557,3.21,2201.81,0,0
668,11.1333,swing,swingLow,218.587,-483.605,23.156,-20.217,-18.635,-11.723,29.890,27.495,22.206,266.00,-509.39,36.26,26.96,0.658,3,,0,0.00,0.00,0.00,222.413,-481.051,24.241,-136.09,-11.50,64.01,4.726,0.002,-0.09,1.00,1,0,1,0,0,0,-11.50,-22.59,-11.15,0.1761,0.2236,0.5782,1,4.726,0,0.379,0,swing,swingCornerBank,1.000,2,0.549 -0.085 0.478 0.420 0.932 -0.151 -0.713 0.324 -0.704 0.059,222.76,-480.76,24.43,-11.50,-135.55,95.98,-1,-1,-1,-1,-0.047,0.437 -0.091 0.312 0.089,18.8,1,-1.000,-1.000,0.4334,0.38,,-1.000,0.0,0.0,0.0,,,94.6,-102.3,94.9,,0.000,0.0,11.5,-1.00,-1.0,0.0,0,4980,-1.0,78.7,-1.0,0.0,0.00,5.00,-1,0,0.000,0,0.00,-3.39,0,0,1,0.0,2,0.00,0.000,0.65,0.00,1.430,0.234,0.000,-1.000,-1.000,-1.000,-1.000,None,107.8,-1.0,0,4,0.00,0,0,0,0,0.00,2,0,0.000,0.000,-1,-1,-1,-1,-1,-1,-1,-1,-999,-1,-1,0,-1,-1,-1,38.0,0,0.00,0,1,0.51746,0.62729,107.94137,-26.96971,3.22,2207.24,0,0
669,11.1500,swing,swingLow,218.253,-483.921,22.959,-19.876,-19.198,-11.759,30.032,27.634,22.009,266.00,-509.39,36.26,26.96,0.665,3,,0,0.00,0.00,0.00,222.068,-481.351,24.047,-136.58,-11.50,64.05,4.727,0.003,-0.09,1.00,1,0,1,0,0,0,-11.50,-22.35,-11.17,0.1753,0.2223,0.5789,1,4.727,0,0.381,0,swing,swingCornerBank,1.000,2,0.546 -0.085 0.479 0.418 0.927 -0.153 -0.708 0.325 -0.704 0.058,222.41,-481.05,24.24,-11.50,-136.09,96.02,-1,-1,-1,-1,-0.044,0.438 -0.087 0.308 0.084,18.7,1,-1.000,-1.000,0.4393,0.19,,-1.000,0.0,0.0,0.0,,,94.3,-102.0,94.6,,0.000,0.0,11.5,-1.00,-1.0,0.0,0,4975,-1.0,78.2,-1.0,0.0,0.00,5.00,-1,0,0.000,0,0.00,-3.39,0,0,1,0.0,2,0.00,0.000,0.65,0.00,1.429,0.236,0.000,-1.000,-1.000,-1.000,-1.000,None,107.1,-1.0,0,4,0.00,0,0,0,0,0.00,2,0,0.000,0.000,-1,-1,-1,-1,-1,-1,-1,-1,-999,-1,-1,0,-1,-1,-1,38.0,0,0.00,0,1,0.52259,0.62827,102.94699,-24.50482,3.22,2212.39,0,0
670,11.1667,swing,swingLow,217.925,-484.246,22.762,-19.523,-19.758,-11.786,30.173,27.776,21.812,266.00,-509.39,36.26,26.96,0.673,3,,0,0.00,0.00,0.00,221.729,-481.659,23.851,-137.01,-11.50,64.09,4.727,0.003,-0.08,1.00,1,0,1,0,0,0,-11.50,-22.11,-11.18,0.1746,0.2210,0.5796,1,4.727,0,0.383,0,swing,swingCornerBank,1.000,2,0.542 -0.085 0.479 0.416 0.922 -0.154 -0.704 0.325 -0.703 0.057,222.07,-481.35,24.05,-11.50,-136.58,96.07,-1,-1,-1,-1,-0.040,0.439 -0.082 0.303 0.078,18.5,1,-1.000,-1.000,0.4448,0.01,,-1.000,0.0,0.0,0.0,,,93.9,-101.5,94.2,,0.000,0.0,11.5,-1.00,-1.0,0.0,0,4969,-1.0,77.7,-1.0,0.0,0.00,5.00,-1,0,0.000,0,0.00,-3.39,0,0,1,0.0,2,0.00,0.000,0.65,0.00,1.429,0.238,0.000,-1.000,-1.000,-1.000,-1.000,None,106.5,-1.0,0,4,0.00,0,0,0,0,0.00,2,0,0.000,0.000,-1,-1,-1,-1,-1,-1,-1,-1,-999,-1,-1,0,-1,-1,-1,38.0,0,0.00,0,1,0.52742,0.62923,98.59896,-22.38496,3.22,2217.25,0,0
671,11.1833,swing,swingLow,217.603,-484.580,22.564,-19.157,-20.314,-11.802,30.314,27.922,21.614,266.00,-509.39,36.26,26.96,0.680,3,,0,0.00,0.00,0.00,221.395,-481.976,23.655,-137.40,-11.50,64.14,4.728,0.004,-0.08,1.00,1,0,1,0,0,0,-11.50,-21.87,-11.20,0.1740,0.2199,0.5803,1,4.728,0,0.385,0,swing,swingCornerBank,1.000,2,0.539 -0.084 0.479 0.414 0.917 -0.155 -0.700 0.325 -0.703 0.056,221.73,-481.66,23.85,-11.50,-137.01,96.12,-1,-1,-1,-1,-0.036,0.442 -0.078 0.298 0.073,18.3,1,-1.000,-1.000,0.4500,-0.16,,-1.000,0.0,0.0,0.0,,,93.6,-100.9,93.8,,0.000,0.0,11.5,-1.00,-1.0,0.0,0,4962,-1.0,77.3,-1.0,0.0,0.00,5.00,-1,0,0.000,0,0.00,-3.39,0,0,1,0.0,2,0.00,0.000,0.65,0.00,1.428,0.239,0.000,-1.000,-1.000,-1.000,-1.000,None,105.9,-1.0,0,4,0.00,0,0,0,0,0.00,2,0,0.000,0.000,-1,-1,-1,-1,-1,-1,-1,-1,-999,-1,-1,0,-1,-1,-1,38.0,0,0.00,0,1,0.53194,0.63014,94.78759,-20.55406,3.22,2221.84,0,0
672,11.2000,swing,swingLow,217.288,-484.924,22.366,-18.778,-20.865,-11.808,30.453,28.071,21.416,266.00,-509.39,36.26,26.96,0.688,3,,0,0.00,0.00,0.00,221.067,-482.301,23.458,-137.73,-11.50,64.19,4.728,0.005,-0.08,1.00,1,0,1,0,0,0,-11.50,-21.63,-11.22,0.1736,0.2189,0.5810,1,4.728,0,0.388,0,swing,swingCornerBank,1.000,2,0.535 -0.084 0.478 0.414 0.912 -0.155 -0.696 0.324 -0.702 0.054,221.39,-481.98,23.65,-11.50,-137.40,96.17,-1,-1,-1,-1,-0.033,0.444 -0.073 0.293 0.067,18.1,1,-1.000,-1.000,0.4548,-0.33,,-1.000,0.0,0.0,0.0,,,93.2,-100.2,93.3,,0.000,0.0,11.5,-1.00,-1.0,0.0,0,4954,-1.0,77.0,-1.0,0.0,0.00,5.00,-1,0,0.000,0,0.00,-2.21,0,0,1,0.0,2,0.00,0.000,0.65,0.00,1.428,0.240,0.000,-1.000,-1.000,-1.000,-1.000,None,105.2,-1.0,0,4,0.00,0,0,0,0,0.00,2,0,0.000,0.000,-1,-1,-1,-1,-1,-1,-1,-1,-999,-1,-1,0,-1,-1,-1,38.0,0,0.00,0,1,0.53618,0.63101,91.42318,-18.96573,3.23,2226.14,0,0
673,11.2167,swing,swingLow,216.978,-485.277,22.168,-18.386,-21.412,-11.805,30.592,28.223,21.218,266.00,-509.39,36.26,26.96,0.695,3,,0,0.00,0.00,0.00,220.744,-482.635,23.261,-138.02,-11.50,64.24,4.728,0.006,-0.08,1.00,1,0,1,0,0,0,-11.50,-21.38,-11.23,0.1737,0.2179,0.5819,1,4.728,0,0.391,0,swing,swingCornerBank,1.000,2,0.532 -0.082 0.476 0.413 0.908 -0.155 -0.692 0.323 -0.701 0.052,221.07,-482.30,23.46,-11.50,-137.73,96.22,-1,-1,-1,-1,-0.028,0.447 -0.068 0.287 0.061,17.9,1,-1.000,-1.000,0.4594,-0.49,,-1.000,0.0,0.0,0.0,,,92.8,-99.4,92.9,,0.000,0.0,11.5,-1.00,-1.0,0.0,0,4946,-1.0,76.6,-1.0,0.0,0.00,5.00,-1,0,0.000,0,0.00,-2.21,0,0,1,0.0,2,0.00,0.000,0.65,0.00,1.427,0.241,0.000,-1.000,-1.000,-1.000,-1.000,None,104.7,-1.0,0,4,0.00,0,0,0,0,0.00,2,0,0.000,0.000,-1,-1,-1,-1,-1,-1,-1,-1,-999,-1,-1,0,-1,-1,-1,38.0,0,0.00,0,1,0.54014,0.63183,88.43628,-17.58445,3.23,2230.16,0,0
674,11.2333,swing,swingLow,216.676,-485.639,21.970,-17.982,-21.954,-11.791,30.730,28.378,21.020,266.00,-509.39,36.26,26.96,0.703,3,,0,0.00,0.00,0.00,220.428,-482.978,23.063,-138.26,-11.50,64.29,4.728,0.007,-0.07,1.00,1,0,1,0,0,0,-11.50,-21.13,-11.25,0.1738,0.2171,0.5827,1,4.728,0,0.394,0,swing,swingCornerBank,1.000,2,0.528 -0.081 0.474 0.414 0.903 -0.155 -0.689 0.321 -0.700 0.050,220.74,-482.64,23.26,-11.50,-138.02,96.27,-1,-1,-1,-1,-0.024,0.450 -0.063 0.281 0.054,17.6,1,-1.000,-1.000,0.4636,-0.65,,-1.000,0.0,0.0,0.0,,,92.4,-98.4,92.5,,0.000,0.0,11.5,-1.00,-1.0,0.0,0,4936,-1.0,76.4,-1.0,0.0,0.00,5.00,-1,0,0.000,0,0.00,-2.21,0,0,1,0.0,2,0.00,0.000,0.65,0.00,1.427,0.242,0.000,-1.000,-1.000,-1.000,-1.000,None,104.1,-1.0,0,4,0.00,0,0,0,0,0.00,2,0,0.000,0.001,-1,-1,-1,-1,-1,-1,-1,-1,-999,-1,-1,0,-1,-1,-1,38.0,0,0.00,0,1,0.54383,0.63256,85.76849,-16.38149,3.23,2233.90,0,0
675,11.2500,swing,swingBottom,216.380,-486.010,21.772,-17.564,-22.490,-11.766,30.867,28.536,20.822,266.00,-509.39,36.26,26.96,0.711,3,,0,0.00,0.00,0.00,220.118,-483.329,22.865,-138.45,-11.50,64.34,4.728,0.008,-0.07,1.00,1,0,1,0,0,0,-11.50,-20.87,-11.27,0.1738,0.2163,0.5833,1,4.728,0,0.398,0,swing,swingCornerBank,1.000,2,0.525 -0.079 0.472 0.414 0.899 -0.153 -0.686 0.318 -0.699 0.047,220.43,-482.98,23.06,-11.50,-138.26,96.33,-1,-1,-1,-1,-0.020,0.453 -0.058 0.275 0.048,17.3,1,-1.000,-1.000,0.4675,-0.80,,-1.000,0.0,0.0,0.0,,,91.9,-97.1,92.0,,0.000,0.0,11.5,-1.00,-1.0,0.0,0,4925,-1.0,76.1,-1.0,0.0,0.00,5.00,-1,0,0.000,0,0.00,-2.21,0,0,1,0.0,2,0.00,0.000,0.65,0.00,1.426,0.243,0.000,-1.000,-1.000,-1.000,-1.000,None,103.5,-1.0,0,4,0.00,0,0,0,0,0.00,2,0,0.000,0.002,-1,-1,-1,-1,-1,-1,-1,-1,-999,-1,-1,0,-1,-1,-1,38.0,0,0.00,0,1,0.54726,0.63315,83.37421,-15.33606,3.23,2237.35,0,0
676,11.2667,swing,swingBottom,216.091,-486.390,21.575,-17.134,-23.020,-11.732,31.002,28.697,20.625,266.00,-509.39,36.26,26.96,0.718,3,,0,0.00,0.00,0.00,219.815,-483.689,22.668,-138.61,-11.50,64.39,4.728,0.009,-0.07,1.00,1,0,1,0,0,0,-11.50,-20.62,-11.28,0.1739,0.2156,0.5838,1,4.728,0,0.401,0,swing,swingCornerBank,1.000,2,0.522 -0.077 0.468 0.415 0.895 -0.152 -0.684 0.315 -0.698 0.043,220.12,-483.33,22.87,-11.50,-138.45,96.39,-1,-1,-1,-1,-0.015,0.457 -0.052 0.268 0.041,17.0,1,-1.000,-1.000,0.4711,-0.95,,-1.000,0.0,0.0,0.0,,,91.4,-95.7,91.5,,0.000,0.0,11.5,-1.00,-1.0,0.0,0,4913,-1.0,75.9,-1.0,0.0,0.00,5.00,-1,0,0.000,0,0.00,-2.21,0,0,1,0.0,2,0.00,0.000,0.65,0.00,1.426,0.244,0.000,-1.000,-1.000,-1.000,-1.000,None,103.0,-1.0,0,4,0.00,0,0,0,0,0.00,2,0,0.000,0.003,-1,-1,-1,-1,-1,-1,-1,-1,-999,-1,-1,0,-1,-1,-1,38.0,0,0.00,0,1,0.55046,0.63358,81.21331,-14.42901,3.24,2240.51,0,0
677,11.2833,swing,swingBottom,215.810,-486.778,21.379,-16.692,-23.543,-11.687,31.136,28.860,20.429,266.00,-509.39,36.26,26.96,0.726,3,,0,0.00,0.00,0.00,219.519,-484.057,22.470,-138.72,-11.50,64.45,4.728,0.011,-0.07,1.00,1,0,1,0,0,0,-11.50,-20.36,-11.30,0.1739,0.2149,0.5841,1,4.728,0,0.405,0,swing,swingCornerBank,1.000,2,0.518 -0.074 0.465 0.416 0.891 -0.150 -0.682 0.311 -0.697 0.039,219.82,-483.69,22.67,-11.50,-138.61,96.45,-1,-1,-1,-1,-0.009,0.461 -0.046 0.261 0.033,16.7,1,-1.000,-1.000,0.4745,-1.09,,-1.000,0.0,0.0,0.0,,,90.9,-93.9,91.0,,0.000,0.0,11.5,-1.00,-1.0,0.0,0,4900,-1.0,75.8,-1.0,0.0,0.00,5.00,-1,0,0.000,0,0.00,-2.21,0,0,1,0.0,2,0.00,0.000,0.65,0.00,1.426,0.244,0.000,-1.000,-1.000,-1.000,-1.000,None,102.5,-1.0,0,4,0.00,0,0,0,0,0.00,2,0,0.000,0.004,-1,-1,-1,-1,-1,-1,-1,-1,-999,-1,-1,0,-1,-1,-1,38.0,0,0.00,0,1,0.55344,0.63384,79.25403,-13.64432,3.24,2243.39,0,0
678,11.3000,swing,swingBottom,215.536,-487.176,21.183,-16.236,-24.059,-11.631,31.269,29.025,20.233,266.00,-509.39,36.26,26.96,0.733,3,,0,0.00,0.00,0.00,219.229,-484.433,22.274,-138.80,-11.50,64.50,4.727,0.012,-0.06,1.00,1,0,1,0,0,0,-11.50,-20.10,-11.32,0.1739,0.2144,0.5842,1,4.727,0,0.408,0,swing,swingCornerBank,1.000,2,0.515 -0.070 0.461 0.418 0.888 -0.147 -0.681 0.306 -0.696 0.035,219.52,-484.06,22.47,-11.50,-138.72,96.51,-1,-1,-1,-1,-0.004,0.465 -0.040 0.253 0.026,16.3,1,-1.000,-1.000,0.4777,-1.22,,-1.000,0.0,0.0,0.0,,,90.4,-91.7,90.4,,0.000,0.0,11.5,-1.00,-1.0,0.0,0,4886,-1.0,75.7,-1.0,0.0,0.00,5.00,-1,0,0.000,0,0.00,-1.03,0,0,1,0.0,2,0.00,0.000,0.65,0.00,1.425,0.245,0.000,-1.000,-1.000,-1.000,-1.000,None,102.0,-1.0,0,4,0.00,0,0,0,0,0.00,2,0,0.000,0.005,-1,-1,-1,-1,-1,-1,-1,-1,-999,-1,-1,0,-1,-1,-1,38.0,0,0.00,0,1,0.55622,0.63393,77.46941,-12.96736,3.24,2245.99,0,0
679,11.3167,swing,swingBottom,215.270,-487.581,20.989,-15.769,-24.567,-11.565,31.399,29.192,20.039,266.00,-509.39,36.26,26.96,0.741,3,,0,0.00,0.00,0.00,218.947,-484.818,22.077,-138.84,-11.50,64.56,4.727,0.014,-0.06,1.00,1,0,1,0,0,0,-11.50,-19.84,-11.33,0.1739,0.2139,0.5842,1,4.727,0,0.412,0,swing,swingCornerBank,1.000,2,0.512 -0.067 0.456 0.420 0.884 -0.144 -0.680 0.301 -0.695 0.030,219.23,-484.43,22.27,-11.50,-138.80,96.57,-1,-1,-1,-1,0.002,0.469 -0.033 0.245 0.018,16.0,1,-1.000,-1.000,0.4806,-1.35,,-1.000,0.0,0.0,0.0,,,89.8,-89.1,89.8,,0.000,0.0,11.5,-1.00,-1.0,0.0,0,4870,-1.0,75.6,-1.0,0.0,0.00,5.00,-1,0,0.000,0,0.00,-1.03,0,0,1,0.0,2,0.00,0.000,0.65,0.00,1.425,0.245,0.000,-1.000,-1.000,-1.000,-1.000,None,101.5,-1.0,0,4,0.00,0,0,0,0,0.00,2,0,0.000,0.007,-1,-1,-1,-1,-1,-1,-1,-1,-999,-1,-1,0,-1,-1,-1,38.0,0,0.00,0,1,0.55880,0.63385,75.83758,-12.38627,3.24,2248.29,0,0
680,11.3333,swing,swingBottom,215.012,-487.996,20.796,-15.289,-25.066,-11.488,31.528,29.361,19.846,266.00,-509.39,36.26,26.96,0.749,3,,0,0.00,0.00,0.00,218.673,-485.210,21.882,-138.85,-11.50,64.62,4.726,0.016,-0.06,1.00,1,0,1,0,0,0,-11.50,-19.57,-11.35,0.1738,0.2134,0.5840,1,4.726,0,0.416,0,swing,swingCornerBank,1.000,2,0.510 -0.063 0.451 0.422 0.881 -0.141 -0.679 0.296 -0.694 0.024,218.95,-484.82,22.08,-11.50,-138.84,96.63,-1,-1,-1,-1,0.008,0.473 -0.026 0.236 0.010,15.6,1,-1.000,-1.000,0.4832,-1.48,,-1.000,0.0,0.0,0.0,,,89.2,-86.1,89.2,,0.000,0.0,11.5,-1.00,-1.0,0.0,0,4854,-1.0,75.6,-1.0,0.0,0.00,5.00,-1,0,0.000,0,0.00,-1.03,0,0,1,0.0,2,0.00,0.000,0.65,0.00,1.425,0.246,0.000,-1.000,-1.000,-1.000,-1.000,None,101.0,-1.0,0,4,0.00,0,0,0,0,0.00,2,0,0.000,0.009,-1,-1,-1,-1,-1,-1,-1,-1,-999,-1,-1,0,-1,-1,-1,38.0,0,0.00,0,1,0.56119,0.63360,74.33908,-11.89018,3.25,2250.31,0,0
681,11.3500,swing,swingBottom,214.762,-488.418,20.604,-14.797,-25.557,-11.400,31.656,29.532,19.654,266.00,-509.39,36.26,26.96,0.756,3,,0,0.00,0.00,0.00,218.406,-485.611,21.687,-138.82,-11.50,64.68,4.726,0.018,-0.06,1.00,1,0,1,0,0,0,-11.50,-19.31,-11.37,0.1737,0.2130,0.5837,1,4.726,0,0.421,0,swing,swingCornerBank,1.000,2,0.507 -0.059 0.446 0.425 0.879 -0.137 -0.679 0.289 -0.693 0.019,218.67,-485.21,21.88,-11.50,-138.85,96.70,-1,-1,-1,-1,0.014,0.477 -0.019 0.227 0.001,15.1,1,-1.000,-1.000,0.4857,-1.60,,-1.000,0.0,0.0,0.0,,,88.6,-82.7,88.6,,0.000,0.0,11.5,-1.00,-1.0,0.0,0,4836,-1.0,75.6,-1.0,0.0,0.00,5.00,-1,0,0.000,0,0.00,-1.03,0,0,1,0.0,2,0.00,0.000,0.65,0.00,1.426,0.246,0.000,-1.000,-1.000,-1.000,-1.000,None,100.5,-1.0,0,4,0.00,0,0,0,0,0.00,2,0,0.000,0.012,-1,-1,-1,-1,-1,-1,-1,-1,-999,-1,-1,0,-1,-1,-1,38.0,0,0.00,0,1,0.56341,0.63319,72.95792,-11.47016,3.25,2252.05,0,0
682,11.3667,swing,swingBottom,214.520,-488.848,20.413,-14.293,-26.039,-11.302,31.781,29.703,19.463,266.00,-509.39,36.26,26.96,0.763,3,,0,0.00,0.00,0.00,218.147,-486.019,21.494,-138.77,-11.50,64.74,4.725,0.020,-0.06,1.00,1,0,1,0,0,0,-11.50,-19.04,-11.38,0.1736,0.2126,0.5832,1,4.725,0,0.425,0,swing,swingCornerBank,1.000,2,0.504 -0.054 0.441 0.428 0.876 -0.133 -0.679 0.283 -0.693 0.013,218.41,-485.61,21.69,-11.50,-138.82,96.76,-1,-1,-1,-1,0.020,0.482 -0.012 0.218 -0.007,14.7,1,-1.000,-1.000,0.4880,-1.71,,-1.000,0.0,0.0,0.0,,,88.0,-78.7,88.0,,0.000,0.0,11.5,-1.00,-1.0,0.0,0,4817,-1.0,75.6,-1.0,0.0,0.00,5.00,-1,0,0.000,0,0.00,-1.03,0,0,1,0.0,2,0.00,0.000,0.65,0.00,1.426,0.246,0.000,-1.000,-1.000,-1.000,-1.000,None,100.0,-1.0,0,4,0.00,0,0,0,0,0.00,2,0,0.000,0.014,-1,-1,-1,-1,-1,-1,-1,-1,-999,-1,-1,0,-1,-1,-1,38.0,0,0.00,0,1,0.56547,0.63263,71.67978,-11.11797,3.25,2253.50,0,0
683,11.3833,swing,swingBottom,214.287,-489.287,20.225,-13.777,-26.510,-11.193,31.904,29.876,19.125,266.00,-509.39,36.26,26.96,0.771,3,,0,0.00,0.00,0.00,217.896,-486.435,21.301,-138.68,-11.50,64.80,4.724,0.022,-0.05,1.00,1,0,1,0,0,0,-11.50,-18.77,-11.40,0.1735,0.2123,0.5826,1,4.724,0,0.429,0,swing,swingCornerBank,1.000,2,0.501 -0.050 0.435 0.430 0.873 -0.129 -0.679 0.276 -0.692 0.007,218.15,-486.02,21.49,-11.50,-138.77,96.83,-1,-1,-1,-1,0.026,0.486 -0.005 0.209 -0.015,14.3,1,-1.000,-1.000,0.4902,-1.83,,-1.000,0.0,0.0,0.0,,,87.4,-74.2,87.4,,0.000,0.0,11.5,-1.00,-1.0,0.0,0,4797,-1.0,75.6,-1.0,0.0,0.00,5.00,-1,0,0.000,0,0.00,-1.03,0,0,1,0.0,2,0.00,0.000,0.65,0.00,1.426,0.246,0.000,-1.000,-1.000,-1.000,-1.000,None,99.6,-1.0,0,4,0.00,0,0,0,0,0.00,2,0,0.000,0.017,-1,-1,-1,-1,-1,-1,-1,-1,-999,-1,-1,0,-1,-1,-1,38.0,0,0.00,0,1,0.56737,0.63191,70.49271,-10.82672,3.25,2254.66,0,0
684,11.4000,swing,swingBottom,214.062,-489.733,20.038,-13.249,-26.971,-11.074,32.025,30.049,18.938,266.00,-509.39,36.26,26.96,0.778,3,,0,0.00,0.00,0.00,217.653,-486.858,21.111,-138.57,-11.50,64.87,4.723,0.025,-0.05,1.00,1,0,1,0,0,0,-11.50,-18.50,-11.42,0.1733,0.2120,0.5818,1,4.723,0,0.433,0,swing,swingCornerBank,1.000,2,0.499 -0.045 0.429 0.433 0.871 -0.125 -0.680 0.269 -0.692 0.001,217.90,-486.43,21.30,-11.50,-138.68,96.90,-1,-1,-1,-1,0.033,0.490 0.002 0.200 -0.024,13.9,1,-1.000,-1.000,0.4921,-1.93,,-1.000,0.0,0.0,0.0,,,86.8,-69.2,86.7,,0.000,0.0,11.5,-1.00,-1.0,0.0,0,4776,-1.0,75.7,-1.0,0.0,0.00,5.00,-1,0,0.000,0,0.00,0.12,0,0,1,0.0,2,0.00,0.000,0.65,0.00,1.426,0.246,0.000,-1.000,-1.000,-1.000,-1.000,None,99.1,-1.0,0,4,0.00,0,0,0,0,0.00,2,0,0.000,0.021,-1,-1,-1,-1,-1,-1,-1,-1,-999,-1,-1,0,-1,-1,-1,38.0,0,0.00,0,1,0.56912,0.63105,69.38603,-10.59004,3.26,2255.54,0,0
685,11.4167,swing,swingBottom,213.846,-490.187,19.854,-12.710,-27.421,-10.944,32.144,30.223,18.754,266.00,-509.39,36.26,26.96,0.786,3,,0,0.00,0.00,0.00,217.419,-487.289,20.922,-138.44,-11.50,64.93,4.722,0.027,-0.05,1.00,1,0,1,0,0,0,-11.50,-18.22,-11.43,0.1731,0.2117,0.5809,1,4.722,0,0.438,0,swing,swingCornerBank,1.000,2,0.496 -0.041 0.423 0.436 0.868 -0.121 -0.680 0.262 -0.692 -0.005,217.65,-486.86,21.11,-11.50,-138.57,96.97,-1,-1,-1,-1,0.039,0.493 0.008 0.190 -0.032,13.4,1,-1.000,-1.000,0.4940,-2.04,,-1.000,0.0,0.0,0.0,,,86.2,-63.6,86.1,,0.000,0.0,11.5,-1.00,-1.0,0.0,0,4753,-1.0,75.8,-1.0,0.0,0.00,5.00,-1,0,0.000,0,0.00,0.12,0,0,1,0.0,2,0.00,0.000,0.65,0.00,1.426,0.247,0.000,-1.000,-1.000,-1.000,-1.000,None,98.6,-1.0,0,4,0.00,0,0,0,0,0.00,2,0,0.000,0.024,-1,-1,-1,-1,-1,-1,-1,-1,-999,-1,-1,0,-1,-1,-1,38.0,0,0.00,0,1,0.57074,0.63005,68.35064,-10.40255,3.26,2256.14,0,0
686,11.4333,swing,swingBottom,213.640,-490.648,19.671,-12.161,-27.859,-10.803,32.260,30.397,18.571,266.00,-509.39,36.26,26.96,0.793,3,,0,0.00,0.00,0.00,217.194,-487.728,20.734,-138.29,-11.50,64.99,4.721,0.030,-0.05,1.00,1,0,1,0,0,0,-11.50,-17.94,-11.45,0.1729,0.2114,0.5799,1,4.721,0,0.442,0,swing,swingCornerBank,1.000,2,0.494 -0.036 0.417 0.438 0.866 -0.117 -0.681 0.255 -0.691 -0.012,217.42,-487.29,20.92,-11.50,-138.44,97.04,-1,-1,-1,-1,0.045,0.497 0.015 0.181 -0.041,13.0,1,-1.000,-1.000,0.4956,-2.14,,-1.000,0.0,0.0,0.0,,,85.5,-57.6,85.5,,0.000,0.0,11.5,-1.00,-1.0,0.0,0,4730,-1.0,75.9,-1.0,0.0,0.00,5.00,-1,0,0.000,0,0.00,0.12,0,0,1,0.0,2,0.00,0.000,0.65,0.00,1.427,0.247,0.000,-1.000,-1.000,-1.000,-1.000,None,98.1,-1.0,0,4,0.00,0,0,0,0,0.00,2,0,0.000,0.028,-1,-1,-1,-1,-1,-1,-1,-1,-999,-1,-1,0,-1,-1,-1,38.0,0,0.00,0,1,0.57224,0.62891,67.37844,-10.25923,3.26,2256.46,0,0
687,11.4500,swing,swingBottom,213.442,-491.116,19.492,-11.600,-28.284,-10.652,32.373,30.571,18.392,266.00,-509.39,36.26,26.96,0.800,3,,0,0.00,0.00,0.00,216.978,-488.173,20.549,-138.11,-11.50,65.06,4.720,0.033,-0.05,1.00,1,0,1,0,0,0,-11.50,-17.66,-11.47,0.1726,0.2112,0.5788,1,4.720,0,0.447,0,swing,swingCornerBank,1.000,2,0.491 -0.031 0.411 0.441 0.864 -0.113 -0.682 0.247 -0.691 -0.018,217.19,-487.73,20.73,-11.50,-138.29,97.11,-1,-1,-1,-1,0.052,0.501 0.022 0.171 -0.049,12.6,1,-1.000,-1.000,0.4972,-2.24,,-1.000,0.0,0.0,0.0,,,84.9,-51.2,84.9,,0.000,0.0,11.5,-1.00,-1.0,0.0,0,4705,-1.0,76.1,-1.0,0.0,0.00,5.00,-1,0,0.000,0,0.00,0.12,0,0,1,0.0,2,0.00,0.000,0.65,0.00,1.427,0.247,0.000,-1.000,-1.000,-1.000,-1.000,None,97.6,-1.0,0,4,0.00,0,0,0,0,0.00,2,0,0.000,0.032,-1,-1,-1,-1,-1,-1,-1,-1,-999,-1,-1,0,-1,-1,-1,38.0,0,0.00,0,1,0.57361,0.62764,66.46292,-10.15599,3.26,2256.49,0,0
688,11.4667,swing,swingBottom,213.255,-491.592,19.314,-11.029,-28.698,-10.491,32.484,30.744,18.214,266.00,-509.39,36.26,26.96,0.807,3,,0,0.00,0.00,0.00,216.770,-488.625,20.366,-137.92,-11.50,65.12,4.719,0.036,-0.05,1.00,1,0,1,0,0,0,-11.50,-17.38,-11.48,0.1723,0.2109,0.5778,1,4.719,0,0.451,0,swing,swingCornerBank,1.000,2,0.489 -0.029 0.407 0.442 0.861 -0.110 -0.683 0.242 -0.691 -0.023,216.98,-488.17,20.55,-11.50,-138.11,97.18,-1,-1,-1,-1,0.055,0.503 0.027 0.165 -0.056,12.4,1,-1.000,-1.000,0.4986,-2.33,,-1.000,0.0,0.0,0.0,,,84.5,-45.6,84.5,,0.000,0.0,11.5,-1.00,-1.0,0.0,0,4679,-1.0,76.3,-1.0,0.0,0.00,5.00,-1,0,0.000,0,0.00,0.12,0,0,1,0.0,2,0.00,0.000,0.65,0.00,1.427,0.247,0.000,-1.000,-1.000,-1.000,-1.000,None,97.1,-1.0,0,4,0.00,0,0,0,0,0.00,2,0,0.000,0.037,-1,-1,-1,-1,-1,-1,-1,-1,-999,-1,-1,0,-1,-1,-1,38.0,0,0.00,0,1,0.57483,0.62654,65.60436,-10.06990,3.26,2256.24,0,0
689,11.4833,swing,swingBottom,213.076,-492.074,19.140,-10.447,-29.097,-10.319,32.593,30.916,18.040,266.00,-509.39,36.26,26.96,0.814,3,,0,0.00,0.00,0.00,216.573,-489.084,20.186,-137.71,-11.50,65.19,4.717,0.039,-0.04,1.00,1,0,1,0,0,0,-11.50,-17.10,-11.50,0.1717,0.2105,0.5777,1,4.717,0,0.455,0,swing,swingCornerBank,1.000,2,0.488 -0.033 0.407 0.437 0.857 -0.112 -0.682 0.246 -0.692 -0.019,216.77,-488.63,20.37,-11.50,-137.92,97.25,-1,-1,-1,-1,0.052,0.499 0.026 0.167 -0.054,12.8,1,-1.000,-1.000,0.4997,-2.42,,-1.000,0.0,0.0,0.0,,,84.9,-42.8,84.8,,0.000,0.0,11.5,-1.00,-1.0,0.0,0,4652,-1.0,76.5,-1.0,0.0,0.00,5.00,-1,0,0.000,0,0.00,0.12,0,0,1,0.0,2,0.00,0.000,0.65,0.00,1.426,0.247,0.000,-1.000,-1.000,-1.000,-1.000,None,96.1,-1.0,0,4,0.00,0,0,0,0,0.00,2,0,0.000,0.041,-1,-1,-1,-1,-1,-1,-1,-1,-999,-1,-1,0,-1,-1,-1,38.0,0,0.00,0,1,0.57577,0.62622,64.81756,-9.95751,3.26,2255.71,0,0
690,11.5000,swing,swingBottom,212.908,-492.562,18.968,-9.856,-29.483,-10.137,32.698,31.087,17.868,266.00,-509.39,36.26,26.96,0.821,3,,0,0.00,0.00,0.00,216.384,-489.550,20.007,-137.48,-11.50,65.26,4.716,0.042,-0.04,1.00,1,0,1,0,0,0,-11.50,-16.82,-11.52,0.1712,0.2101,0.5775,1,4.716,0,0.458,0,swing,swingCornerBank,1.000,2,0.486 -0.037 0.407 0.433 0.854 -0.115 -0.680 0.249 -0.693 -0.016,216.57,-489.08,20.19,-11.50,-137.71,97.32,-1,-1,-1,-1,0.049,0.496 0.026 0.169 -0.053,13.2,1,-1.000,-1.000,0.5008,-2.51,,-1.000,0.0,0.0,0.0,,,85.2,-39.3,85.2,,0.000,0.0,11.5,-1.00,-1.0,0.0,0,4624,-1.0,76.7,-1.0,0.0,0.00,5.00,-1,0,0.000,0,0.00,1.19,0,0,1,0.0,2,0.00,0.000,0.65,0.00,1.425,0.248,0.000,-1.000,-1.000,-1.000,-1.000,None,95.3,-1.0,0,4,0.00,0,0,0,0,0.00,2,0,0.000,0.046,-1,-1,-1,-1,-1,-1,-1,-1,-999,-1,-1,0,-1,-1,-1,38.0,0,0.00,0,1,0.57662,0.62577,64.06973,-9.87592,3.26,2254.89,0,0
691,11.5167,swing,swingBottom,212.749,-493.057,18.800,-9.255,-29.855,-9.945,32.801,31.257,17.700,266.00,-509.39,36.26,26.96,0.828,3,,0,0.00,0.00,0.00,216.205,-490.021,19.832,-137.24,-11.50,65.32,4.714,0.045,-0.04,1.00,1,0,1,0,0,0,-11.50,-16.54,-11.53,0.1707,0.2097,0.5772,1,4.714,0,0.461,0,swing,swingCornerBank,1.000,2,0.485 -0.041 0.407 0.428 0.851 -0.117 -0.678 0.252 -0.693 -0.014,216.38,-489.55,20.01,-11.50,-137.48,97.39,-1,-1,-1,-1,0.046,0.493 0.025 0.171 -0.052,13.7,1,-1.000,-1.000,0.5017,-2.59,,-1.000,0.0,0.0,0.0,,,85.5,-34.7,85.5,,0.000,0.0,11.5,-1.00,-1.0,0.0,0,4595,-1.0,76.9,-1.0,0.0,0.00,5.00,-1,0,0.000,0,0.00,1.19,0,0,1,0.0,2,0.00,0.000,0.65,0.00,1.424,0.248,0.000,-1.000,-1.000,-1.000,-1.000,None,94.4,-1.0,0,4,0.00,0,0,0,0,0.00,2,0,0.000,0.051,-1,-1,-1,-1,-1,-1,-1,-1,-999,-1,-1,0,-1,-1,-1,38.0,0,0.00,0,1,0.57741,0.62518,63.35767,-9.82282,3.26,2253.81,0,0
692,11.5333,swing,swingBottom,212.601,-493.558,18.635,-8.645,-30.212,-9.743,32.900,31.425,17.535,266.00,-509.39,36.26,26.96,0.835,3,,0,0.00,0.00,0.00,216.037,-490.499,19.659,-136.98,-11.50,65.39,4.713,0.048,-0.04,1.00,1,0,1,0,0,0,-11.50,-16.27,-11.55,0.1701,0.2093,0.5767,1,4.713,0,0.463,0,swing,swingCornerBank,1.000,2,0.484 -0.045 0.406 0.424 0.847 -0.119 -0.677 0.255 -0.694 -0.011,216.21,-490.02,19.83,-11.50,-137.24,97.47,-1,-1,-1,-1,0.043,0.490 0.024 0.173 -0.051,14.1,1,-1.000,-1.000,0.5026,-2.67,,-1.000,0.0,0.0,0.0,,,85.8,-28.8,85.8,,0.000,0.0,11.5,-1.00,-1.0,0.0,0,4564,-1.0,77.1,-1.0,0.0,0.00,5.00,-1,0,0.000,0,0.00,1.19,0,0,1,0.0,2,0.00,0.000,0.65,0.00,1.423,0.249,0.000,-1.000,-1.000,-1.000,-1.000,None,93.5,-1.0,0,4,0.00,0,0,0,0,0.00,2,0,0.000,0.057,-1,-1,-1,-1,-1,-1,-1,-1,-999,-1,-1,0,-1,-1,-1,38.0,0,0.00,0,1,0.57812,0.62446,62.67713,-9.79562,3.26,2252.44,0,0
693,11.5500,swing,swingBottom,212.463,-494.065,18.473,-8.026,-30.553,-9.531,32.996,31.590,17.373,266.00,-509.39,36.26,26.96,0.841,3,,0,0.00,0.00,0.00,215.878,-490.983,19.490,-136.71,-11.50,65.45,4.711,0.052,-0.04,1.00,1,0,1,0,0,0,-11.50,-15.99,-11.57,0.1695,0.2090,0.5761,1,4.711,0,0.465,0,swing,swingCornerBank,1.000,2,0.483 -0.048 0.406 0.420 0.844 -0.121 -0.675 0.258 -0.695 -0.009,216.04,-490.50,19.66,-11.50,-136.98,97.54,-1,-1,-1,-1,0.040,0.487 0.023 0.175 -0.050,14.5,1,-1.000,-1.000,0.5034,-2.75,,-1.000,0.0,0.0,0.0,,,86.0,-21.1,86.0,,0.000,0.0,11.5,-1.00,-1.0,0.0,0,4533,-1.0,77.4,-1.0,0.0,0.00,5.00,-1,0,0.000,0,0.00,1.19,0,0,1,0.0,2,0.00,0.000,0.65,0.00,1.422,0.250,0.000,-1.000,-1.000,-1.000,-1.000,None,92.6,-1.0,0,4,0.00,0,0,0,0,0.00,2,0,0.000,0.062,-1,-1,-1,-1,-1,-1,-1,-1,-999,-1,-1,0,-1,-1,-1,38.0,0,0.00,0,1,0.57877,0.62361,62.02443,-9.79186,3.25,2250.80,0,0
694,11.5667,swing,swingBottom,212.335,-494.577,18.315,-7.399,-30.879,-9.309,33.090,31.753,17.215,266.00,-509.39,36.26,26.96,0.848,3,,0,0.00,0.00,0.00,215.729,-491.472,19.324,-136.43,-11.50,65.52,4.709,0.055,-0.04,1.00,1,0,1,0,0,0,-11.50,-15.72,-11.58,0.1689,0.2087,0.5754,1,4.709,0,0.467,0,swing,swingCornerBank,1.000,2,0.482 -0.052 0.406 0.415 0.841 -0.123 -0.673 0.260 -0.696 -0.007,215.88,-490.98,19.49,-11.50,-136.71,97.61,-1,-1,-1,-1,0.037,0.484 0.023 0.176 -0.050,14.9,1,-1.000,-1.000,0.5042,-2.82,,-1.000,0.0,0.0,0.0,,,86.3,-11.1,86.3,,0.000,0.0,11.5,-1.00,-1.0,0.0,0,4501,-1.0,77.6,-1.0,0.0,0.00,5.00,-1,0,0.000,0,0.00,1.19,0,0,1,0.0,2,0.00,0.000,0.65,0.00,1.421,0.251,0.000,-1.000,-1.000,-1.000,-1.000,None,91.7,-1.0,0,4,0.00,0,0,0,0,0.00,2,0,0.000,0.068,-1,-1,-1,-1,-1,-1,-1,-1,-999,-1,-1,0,-1,-1,-1,38.0,0,0.00,0,1,0.57936,0.62263,61.39656,-9.80952,3.25,2248.89,0,0
695,11.5833,swing,swingBottom,212.218,-495.095,18.161,-6.764,-31.188,-9.078,33.179,31.913,17.061,266.00,-509.39,36.26,26.96,0.854,3,,0,0.00,0.00,0.00,215.591,-491.967,19.161,-136.14,-11.50,65.59,4.707,0.059,-0.04,1.00,1,0,1,0,0,0,-11.50,-15.46,-11.60,0.1683,0.2083,0.5745,1,4.707,0,0.468,0,swing,swingCornerBank,1.000,2,0.481 -0.055 0.405 0.411 0.839 -0.125 -0.671 0.262 -0.697 -0.006,215.73,-491.47,19.32,-11.50,-136.43,97.68,-1,-1,-1,-1,0.035,0.481 0.022 0.178 -0.050,15.3,1,-1.000,-1.000,0.5049,-2.90,,-1.000,0.0,0.0,0.0,,,86.6,1.3,86.6,,0.000,0.0,11.5,-1.00,-1.0,0.0,0,4468,-1.0,77.9,-1.0,0.0,0.00,5.00,-1,0,0.000,0,0.00,1.19,0,0,1,0.0,2,0.00,0.000,0.65,0.00,1.420,0.252,0.000,-1.000,-1.000,-1.000,-1.000,None,90.9,-1.0,0,4,0.00,0,0,0,0,0.00,2,0,0.000,0.073,-1,-1,-1,-1,-1,-1,-1,-1,-999,-1,-1,0,-1,-1,-1,38.0,0,0.00,0,1,0.57991,0.62153,60.79058,-9.84649,3.25,2246.72,0,0
696,11.6000,swing,swingBottom,212.111,-495.617,18.011,-6.122,-31.481,-8.838,33.266,32.070,16.911,266.00,-509.39,36.26,26.96,0.860,3,,0,0.00,0.00,0.00,215.463,-492.467,19.001,-135.84,-11.50,65.66,4.705,0.062,-0.03,1.00,1,0,1,0,0,0,-11.50,-15.19,-11.62,0.1677,0.2079,0.5735,1,4.705,0,0.469,0,swing,swingCornerBank,1.000,2,0.480 -0.059 0.404 0.408 0.836 -0.127 -0.667 0.264 -0.696 -0.004,215.59,-491.97,19.16,-11.50,-136.14,97.76,-1,-1,-1,-1,0.032,0.478 0.022 0.178 -0.050,15.6,1,-1.000,-1.000,0.5056,-2.97,,-1.000,0.0,0.0,0.0,,,86.8,15.4,86.8,,0.000,0.0,11.5,-1.00,-1.0,0.0,0,4435,-1.0,78.2,-1.0,0.0,0.00,5.00,-1,0,0.000,0,0.00,2.14,0,0,1,0.0,2,0.00,0.000,0.65,0.00,1.418,0.253,0.000,-1.000,-1.000,-1.000,-1.000,None,90.0,-1.0,0,4,0.00,0,0,0,0,0.00,2,0,0.000,0.079,-1,-1,-1,-1,-1,-1,-1,-1,-999,-1,-1,0,-1,-1,-1,38.0,0,0.00,0,1,0.58041,0.62031,60.20401,-9.90103,3.25,2244.27,0,0
697,11.6167,swing,swingBottom,212.015,-496.144,17.865,-5.473,-31.756,-8.589,33.349,32.224,16.765,266.00,-509.39,36.26,26.96,0.866,3,,0,0.00,0.00,0.00,215.345,-492.971,18.845,-135.54,-11.50,65.72,4.703,0.066,-0.03,1.00,1,0,1,0,0,0,-11.50,-14.93,-11.63,0.1671,0.2073,0.5724,1,4.703,0,0.469,0,swing,swingCornerBank,1.000,2,0.479 -0.062 0.403 0.404 0.833 -0.128 -0.662 0.266 -0.695 -0.004,215.46,-492.47,19.00,-11.50,-135.84,97.83,-1,-1,-1,-1,0.030,0.475 0.021 0.179 -0.051,16.0,1,-1.000,-1.000,0.5063,-3.03,,-1.000,0.0,0.0,0.0,,,87.1,29.6,87.1,,0.000,0.0,11.5,-1.00,-1.0,0.0,0,4400,-1.0,78.4,-1.0,0.0,0.00,5.00,-1,0,0.000,0,0.00,2.14,0,0,1,0.0,2,0.00,0.000,0.65,0.00,1.417,0.254,0.000,-1.000,-1.000,-1.000,-1.000,None,89.1,-1.0,0,4,0.00,0,0,0,0,0.00,2,0,0.000,0.085,-1,-1,-1,-1,-1,-1,-1,-1,-999,-1,-1,0,-1,-1,-1,38.0,0,0.00,0,1,0.58087,0.61898,59.63467,-9.97145,3.25,2241.55,0,0
698,11.6333,swing,swingBottom,211.930,-496.676,17.723,-4.817,-32.013,-8.330,33.428,32.374,16.623,266.00,-509.39,36.26,26.96,0.872,3,,0,0.00,0.00,0.00,215.239,-493.480,18.694,-135.22,-11.50,65.79,4.701,0.070,-0.03,1.00,1,0,1,0,0,0,-11.50,-14.67,-11.65,0.1664,0.2067,0.5712,1,4.701,0,0.469,0,swing,swingCornerBank,1.000,2,0.478 -0.065 0.402 0.400 0.831 -0.129 -0.656 0.267 -0.692 -0.003,215.35,-492.97,18.85,-11.50,-135.54,97.90,-1,-1,-1,-1,0.028,0.473 0.021 0.179 -0.052,16.4,1,-1.000,-1.000,0.5070,-3.09,,-1.000,0.0,0.0,0.0,,,87.3,42.2,87.3,,0.000,0.0,11.5,-1.00,-1.0,0.0,0,4365,-1.0,78.7,-1.0,0.0,0.00,5.00,-1,0,0.000,0,0.00,2.14,0,0,1,0.0,2,0.00,0.000,0.65,0.00,1.416,0.256,0.000,-1.000,-1.000,-1.000,-1.000,None,88.3,-1.0,0,4,0.00,0,0,0,0,0.00,2,0,0.000,0.091,-1,-1,-1,-1,-1,-1,-1,-1,-999,-1,-1,0,-1,-1,-1,38.0,0,0.00,0,1,0.58129,0.61755,59.08035,-10.05611,3.25,2238.57,0,0
699,11.6500,swing,swingBottom,211.856,-497.212,17.586,-4.155,-32.253,-8.064,33.504,32.519,16.486,266.00,-509.39,36.26,26.96,0.878,3,,0,0.00,0.00,0.00,215.143,-493.994,18.546,-134.90,-11.50,65.85,4.699,0.074,-0.03,1.00,1,0,1,0,0,0,-11.50,-14.42,-11.67,0.1658,0.2060,0.5699,1,4.699,0,0.469,0,swing,swingCornerBank,1.000,2,0.478 -0.068 0.401 0.397 0.829 -0.131 -0.649 0.268 -0.689 -0.003,215.24,-493.48,18.69,-11.50,-135.22,97.97,-1,-1,-1,-1,0.025,0.470 0.021 0.179 -0.054,16.7,1,-1.000,-1.000,0.5077,-3.16,,-1.000,0.0,0.0,0.0,,,87.5,52.5,87.5,,0.000,0.0,11.5,-1.00,-1.0,0.0,0,4329,-1.0,79.0,-1.0,0.0,0.00,5.00,-1,0,0.000,0,0.00,2.14,0,0,1,0.0,2,0.00,0.000,0.65,0.00,1.415,0.257,0.000,-1.000,-1.000,-1.000,-1.000,None,87.5,-1.0,0,4,0.00,0,0,0,0,0.00,2,0,0.000,0.097,-1,-1,-1,-1,-1,-1,-1,-1,-999,-1,-1,0,-1,-1,-1,38.0,0,0.00,0,1,0.58167,0.61600,58.53931,-10.15371,3.24,2235.33,0,0
700,11.6667,swing,swingBottom,211.793,-497.752,17.453,-3.488,-32.474,-7.789,33.576,32.661,16.353,266.00,-509.39,36.26,26.96,0.883,3,,0,0.00,0.00,0.00,215.058,-494.511,18.402,-134.58,-11.50,65.92,4.697,0.077,-0.03,1.00,1,0,1,0,0,0,-11.50,-14.17,-11.68,0.1652,0.2052,0.5685,1,4.697,0,0.468,0,swing,swingCornerBank,1.000,2,0.477 -0.070 0.400 0.394 0.826 -0.132 -0.642 0.269 -0.685 -0.003,215.14,-493.99,18.55,-11.50,-134.90,98.04,-1,-1,-1,-1,0.023,0.468 0.020 0.179 -0.055,17.0,1,-1.000,-1.000,0.5084,-3.21,,-1.000,0.0,0.0,0.0,,,87.7,60.5,87.7,,0.000,0.0,11.5,-1.00,-1.0,0.0,0,4292,-1.0,79.3,-1.0,0.0,0.00,5.00,-1,0,0.000,0,0.00,2.14,0,0,1,0.0,2,0.00,0.000,0.65,0.00,1.414,0.258,0.000,-1.000,-1.000,-1.000,-1.000,None,86.6,-1.0,0,4,0.00,0,0,0,0,0.00,2,0,0.000,0.103,-1,-1,-1,-1,-1,-1,-1,-1,-999,-1,-1,0,-1,-1,-1,38.0,0,0.00,0,1,0.58203,0.61436,58.00969,-10.26261,3.24,2231.82,0,0
701,11.6833,swing,swingHigh,211.742,-498.295,17.324,-2.816,-32.676,-7.506,33.645,32.797,16.224,266.00,-509.39,36.26,26.96,0.889,3,,0,0.00,0.00,0.00,214.985,-495.032,18.263,-134.25,-11.50,65.98,4.695,0.081,-0.03,1.00,1,0,1,0,0,0,-11.50,-13.92,-11.70,0.1646,0.2044,0.5669,1,4.695,0,0.467,0,swing,swingCornerBank,1.000,2,0.476 -0.073 0.399 0.391 0.824 -0.133 -0.634 0.269 -0.681 -0.004,215.06,-494.51,18.40,-11.50,-134.58,98.12,-1,-1,-1,-1,0.021,0.466 0.020 0.179 -0.057,17.4,1,-1.000,-1.000,0.5091,-3.27,,-1.000,0.0,0.0,0.0,,,87.9,66.6,87.9,,0.000,0.0,11.5,-1.00,-1.0,0.0,0,4255,-1.0,79.7,-1.0,0.0,0.00,5.00,-1,0,0.000,0,0.00,2.14,0,0,1,0.0,2,0.00,0.000,0.65,0.00,1.412,0.260,0.000,-1.000,-1.000,-1.000,-1.000,None,85.8,-1.0,0,4,0.00,0,0,0,0,0.00,2,0,0.000,0.109,-1,-1,-1,-1,-1,-1,-1,-1,-999,-1,-1,0,-1,-1,-1,38.0,0,0.00,0,1,0.58235,0.61263,57.49009,-10.38165,3.24,2228.06,0,0
702,11.7000,swing,swingHigh,211.701,-498.841,17.201,-2.140,-32.859,-7.215,33.709,32.928,16.101,266.00,-509.39,36.26,26.96,0.894,3,,0,0.00,0.00,0.00,214.922,-495.557,18.128,-133.92,-11.50,66.05,4.693,0.085,-0.03,1.00,1,0,1,0,0,0,-11.50,-13.68,-11.72,0.1640,0.2036,0.5653,1,4.693,0,0.466,0,swing,swingCornerBank,1.000,2,0.475 -0.075 0.398 0.388 0.822 -0.134 -0.625 0.269 -0.676 -0.004,214.98,-495.03,18.26,-11.50,-134.25,98.19,-1,-1,-1,-1,0.019,0.464 0.020 0.178 -0.059,17.7,1,-1.000,-1.000,0.5098,-3.32,,-1.000,0.0,0.0,0.0,,,88.1,71.3,88.1,,0.000,0.0,11.5,-1.00,-1.0,0.0,0,4218,-1.0,80.0,-1.0,0.0,0.00,5.00,-1,0,0.000,0,0.00,2.95,0,0,1,0.0,2,0.00,0.000,0.65,0.00,1.407,0.262,0.000,-1.000,-1.000,-1.000,-1.000,None,85.0,-1.0,0,4,0.00,0,0,0,0,0.00,2,0,0.000,0.115,-1,-1,-1,-1,-1,-1,-1,-1,-999,-1,-1,0,-1,-1,-1,38.0,0,0.00,0,1,0.58266,0.61080,56.97897,-10.50941,3.24,2224.04,0,0
703,11.7167,swing,swingHigh,211.672,-499.390,17.082,-1.460,-33.022,-6.917,33.770,33.054,15.982,266.00,-509.39,36.26,26.96,0.899,3,,0,0.00,0.00,0.00,214.871,-496.085,17.998,-133.58,-11.50,66.11,4.690,0.089,-0.03,1.00,1,0,1,0,0,0,-11.50,-13.44,-11.73,0.1634,0.2027,0.5636,1,4.690,0,0.464,0,swing,swingCornerBank,1.000,2,0.475 -0.078 0.396 0.385 0.820 -0.135 -0.617 0.269 -0.671 -0.005,214.92,-495.56,18.13,-11.50,-133.92,98.26,-1,-1,-1,-1,0.017,0.461 0.020 0.178 -0.061,18.0,1,-1.000,-1.000,0.5105,-3.38,,-1.000,0.0,0.0,0.0,,,88.3,74.9,88.3,,0.000,0.0,11.5,-1.00,-1.0,0.0,0,4180,-1.0,80.3,-1.0,0.0,0.00,5.00,-1,0,0.000,0,0.00,2.95,0,0,1,0.0,2,0.00,0.000,0.65,0.00,1.402,0.263,0.000,-1.000,-1.000,-1.000,-1.000,None,84.1,-1.0,0,4,0.00,0,0,0,0,0.00,2,0,0.000,0.121,-1,-1,-1,-1,-1,-1,-1,-1,-999,-1,-1,0,-1,-1,-1,38.0,0,0.00,0,1,0.58294,0.60889,56.47508,-10.64476,3.24,2219.76,0,0
704,11.7333,swing,swingHigh,211.654,-499.942,16.968,-0.776,-33.165,-6.612,33.827,33.174,15.868,266.00,-509.39,36.26,26.96,0.904,3,,0,0.00,0.00,0.00,214.831,-496.615,17.872,-133.24,-11.50,66.18,4.688,0.093,-0.03,1.00,1,0,1,0,0,0,-11.50,-13.21,-11.75,0.1628,0.2019,0.5618,1,4.688,0,0.463,0,swing,swingCornerBank,1.000,2,0.474 -0.080 0.395 0.382 0.818 -0.135 -0.608 0.269 -0.666 -0.006,214.87,-496.08,18.00,-11.50,-133.58,98.33,-1,-1,-1,-1,0.016,0.459 0.020 0.177 -0.064,18.3,1,-1.000,-1.000,0.5112,-3.42,,-1.000,0.0,0.0,0.0,,,88.5,77.8,88.5,,0.000,0.0,11.5,-1.00,-1.0,0.0,0,4141,-1.0,80.6,-1.0,0.0,0.00,5.00,-1,0,0.000,0,0.00,2.95,0,0,1,0.0,2,0.00,0.000,0.65,0.00,1.397,0.265,0.000,-1.000,-1.000,-1.000,-1.000,None,83.3,-1.0,0,4,0.00,0,0,0,0,0.00,2,0,0.000,0.126,-1,-1,-1,-1,-1,-1,-1,-1,-999,-1,-1,0,-1,-1,-1,38.0,0,0.00,0,1,0.58319,0.60690,55.97725,-10.78652,3.23,2215.23,0,0
705,11.7500,swing,swingHigh,211.648,-500.496,16.860,-0.090,-33.289,-6.300,33.880,33.289,15.760,266.00,-509.39,36.26,26.96,0.908,3,,0,0.00,0.00,0.00,214.803,-497.148,17.751,-132.90,-11.50,66.24,4.686,0.097,-0.03,1.00,1,0,1,0,0,0,-11.50,-12.98,-11.77,0.1622,0.2010,0.5600,1,4.686,0,0.461,0,swing,swingCornerBank,1.000,2,0.473 -0.082 0.393 0.380 0.816 -0.136 -0.598 0.269 -0.661 -0.006,214.83,-496.62,17.87,-11.50,-133.24,98.39,-1,-1,-1,-1,0.014,0.457 0.020 0.176 -0.066,18.5,1,-1.000,-1.000,0.5118,-3.47,,-1.000,0.0,0.0,0.0,,,88.6,80.1,88.6,,0.000,0.0,11.5,-1.00,-1.0,0.0,0,4103,-1.0,80.9,-1.0,0.0,0.00,5.00,-1,0,0.000,0,0.00,2.95,0,0,1,0.0,2,0.00,0.000,0.65,0.00,1.392,0.267,0.000,-1.000,-1.000,-1.000,-1.000,None,82.5,-1.0,0,4,0.00,0,0,0,0,0.00,2,0,0.000,0.132,-1,-1,-1,-1,-1,-1,-1,-1,-999,-1,-1,0,-1,-1,-1,38.0,0,0.00,0,1,0.58344,0.60483,55.48437,-10.93358,3.23,2210.45,0,0
706,11.7667,swing,swingHigh,211.653,-501.051,16.757,0.598,-33.391,-5.981,33.928,33.397,15.657,266.00,-509.39,36.26,26.96,0.913,3,,0,0.00,0.00,0.00,214.786,-497.683,17.635,-132.56,-11.50,66.30,4.683,0.101,-0.02,1.00,1,0,1,0,0,0,-11.50,-12.76,-11.78,0.1616,0.2001,0.5580,1,4.683,0,0.459,0,swing,swingCornerBank,1.000,2,0.473 -0.084 0.391 0.377 0.814 -0.137 -0.589 0.269 -0.655 -0.007,214.80,-497.15,17.75,-11.50,-132.90,98.46,-1,-1,-1,-1,0.012,0.455 0.020 0.176 -0.068,18.8,1,-1.000,-1.000,0.5124,-3.52,,-1.000,0.0,0.0,0.0,,,88.8,82.0,88.8,,0.000,0.0,11.5,-1.00,-1.0,0.0,0,4064,-1.0,81.3,-1.0,0.0,0.00,5.00,-1,0,0.000,0,0.00,2.95,0,0,1,0.0,2,0.00,0.000,0.65,0.00,1.386,0.269,0.000,-1.000,-1.000,-1.000,-1.000,None,81.7,-1.0,0,4,0.00,0,0,0,0,0.00,2,0,0.000,0.138,-1,-1,-1,-1,-1,-1,-1,-1,-999,-1,-1,0,-1,-1,-1,38.0,0,0.00,0,1,0.58366,0.60269,54.99554,-11.08500,3.23,2205.42,0,0
707,11.7833,swing,swingHigh,211.670,-501.609,16.659,1.287,-33.474,-5.657,33.973,33.499,15.559,266.00,-509.39,36.26,26.96,0.917,3,,0,0.00,0.00,0.00,214.780,-498.220,17.525,-132.22,-11.50,66.36,4.681,0.105,-0.02,1.00,1,0,1,0,0,0,-11.50,-12.54,-11.80,0.1610,0.1992,0.5560,1,4.681,0,0.458,0,swing,swingCornerBank,1.000,2,0.472 -0.086 0.390 0.375 0.812 -0.137 -0.579 0.268 -0.650 -0.008,214.79,-497.68,17.64,-11.50,-132.56,98.53,-1,-1,-1,-1,0.011,0.453 0.020 0.175 -0.070,19.1,1,-1.000,-1.000,0.5131,-3.56,,-1.000,0.0,0.0,0.0,,,88.9,83.6,88.9,,0.000,0.0,11.5,-1.00,-1.0,0.0,0,4025,-1.0,81.6,-1.0,0.0,0.00,5.00,-1,0,0.000,0,0.00,2.95,0,0,1,0.0,2,0.00,0.000,0.65,0.00,1.381,0.271,0.000,-1.000,-1.000,-1.000,-1.000,None,80.9,-1.0,0,4,0.00,0,0,0,0,0.00,2,0,0.000,0.143,-1,-1,-1,-1,-1,-1,-1,-1,-999,-1,-1,0,-1,-1,-1,38.0,0,0.00,0,1,0.58387,0.60049,54.50974,-11.23973,3.23,2200.15,0,0
708,11.8000,swing,swingHigh,211.698,-502.167,16.567,1.977,-33.535,-5.327,34.013,33.593,15.467,266.00,-509.39,36.26,26.96,0.921,3,,0,0.00,0.00,0.00,214.787,-498.759,17.419,-131.89,-11.50,66.42,4.678,0.108,-0.02,1.00,1,0,1,0,0,0,-11.50,-12.32,-11.82,0.1607,0.1983,0.5541,1,4.678,0,0.456,0,swing,swingCornerBank,1.000,2,0.471 -0.088 0.388 0.372 0.810 -0.138 -0.570 0.268 -0.644 -0.009,214.78,-498.22,17.52,-11.50,-132.22,98.59,-1,-1,-1,-1,0.009,0.452 0.021 0.174 -0.073,19.3,1,-1.000,-1.000,0.5137,-3.60,,-1.000,0.0,0.0,0.0,,,89.1,84.8,89.1,,0.000,0.0,11.5,-1.00,-1.0,0.0,0,3986,-1.0,81.9,-1.0,0.0,0.00,5.00,-1,0,0.000,0,0.00,3.59,0,0,1,0.0,2,0.00,0.000,0.65,0.00,1.375,0.272,0.000,-1.000,-1.000,-1.000,-1.000,None,80.1,-1.0,0,4,0.00,0,0,0,0,0.00,2,0,0.000,0.148,-1,-1,-1,-1,-1,-1,-1,-1,-999,-1,-1,0,-1,-1,-1,38.0,0,0.00,0,1,0.58406,0.59822,54.02634,-11.39696,3.23,2194.63,0,0
709,11.8167,swing,swingHigh,211.737,-502.726,16.480,2.668,-33.576,-4.991,34.049,33.682,15.380,266.00,-509.39,36.26,26.96,0.925,3,,0,0.00,0.00,0.00,214.804,-499.298,17.319,-131.55,-11.50,66.48,4.676,0.112,-0.02,1.00,1,0,1,0,0,0,-11.50,-12.11,-11.83,0.1603,0.1974,0.5521,1,4.676,0,0.453,0,swing,swingCornerBank,1.000,2,0.471 -0.090 0.386 0.370 0.808 -0.138 -0.560 0.268 -0.638 -0.010,214.79,-498.76,17.42,-11.50,-131.89,98.66,-1,-1,-1,-1,0.008,0.450 0.021 0.174 -0.075,19.6,1,-1.000,-1.000,0.5143,-3.64,,-1.000,0.0,0.0,0.0,,,89.2,85.9,89.2,,0.000,0.0,11.5,-1.00,-1.0,0.0,0,3947,-1.0,82.2,-1.0,0.0,0.00,5.00,-1,0,0.000,0,0.00,3.59,0,0,1,0.0,2,0.00,0.000,0.65,0.00,1.369,0.274,0.000,-1.000,-1.000,-1.000,-1.000,None,79.4,-1.0,0,4,0.00,0,0,0,0,0.00,2,0,0.000,0.153,-1,-1,-1,-1,-1,-1,-1,-1,-999,-1,-1,0,-1,-1,-1,38.0,0,0.00,0,1,0.58425,0.59590,53.54438,-11.55561,3.23,2188.86,0,0
710,11.8333,swing,swingHigh,211.788,-503.286,16.399,3.358,-33.595,-4.651,34.081,33.763,15.299,266.00,-509.39,36.26,26.96,0.928,3,,0,0.00,0.00,0.00,214.834,-499.839,17.224,-131.21,-11.50,66.54,4.673,0.116,-0.02,1.00,1,0,1,0,0,0,-11.50,-11.91,-11.85,0.1600,0.1965,0.5500,1,4.673,0,0.451,0,swing,swingCornerBank,1.000,2,0.470 -0.091 0.384 0.368 0.806 -0.139 -0.550 0.267 -0.632 -0.011,214.80,-499.30,17.32,-11.50,-131.55,98.72,-1,-1,-1,-1,0.007,0.448 0.021 0.173 -0.077,19.8,1,-1.000,-1.000,0.5149,-3.68,,-1.000,0.0,0.0,0.0,,,89.4,86.8,89.3,,0.000,0.0,11.5,-1.00,-1.0,0.0,0,3908,-1.0,82.6,-1.0,0.0,0.00,5.00,-1,0,0.000,0,0.00,3.59,0,0,1,0.0,2,0.00,0.000,0.65,0.00,1.363,0.276,0.000,-1.000,-1.000,-1.000,-1.000,None,78.6,-1.0,0,4,0.00,0,0,0,0,0.00,2,0,0.000,0.158,-1,-1,-1,-1,-1,-1,-1,-1,-999,-1,-1,0,-1,-1,-1,38.0,0,0.00,0,1,0.58442,0.59352,53.06348,-11.71510,3.23,2182.86,0,0
711,11.8500,swing,swingHigh,211.851,-503.846,16.323,4.047,-33.593,-4.306,34.109,33.836,15.223,266.00,-509.39,36.26,26.96,0.932,3,,0,0.00,0.00,0.00,214.875,-500.380,17.135,-130.88,-11.50,66.60,4.671,0.120,-0.02,1.00,1,0,1,0,0,0,-11.50,-11.71,-11.87,0.1597,0.1956,0.5479,1,4.671,0,0.449,0,swing,swingCornerBank,1.000,2,0.469 -0.093 0.382 0.365 0.804 -0.139 -0.540 0.267 -0.626 -0.012,214.83,-499.84,17.22,-11.50,-131.21,98.79,-1,-1,-1,-1,0.005,0.446 0.021 0.173 -0.079,20.1,1,-1.000,-1.000,0.5154,-3.71,,-1.000,0.0,0.0,0.0,,,89.5,87.6,89.5,,0.000,0.0,11.5,-1.00,-1.0,0.0,0,3870,-1.0,82.9,-1.0,0.0,0.00,5.00,-1,0,0.000,0,0.00,3.59,0,0,1,0.0,2,0.00,0.000,0.65,0.00,1.357,0.278,0.000,-1.000,-1.000,-1.000,-1.000,None,77.8,-1.0,0,4,0.00,0,0,0,0,0.00,2,0,0.000,0.163,-1,-1,-1,-1,-1,-1,-1,-1,-999,-1,-1,0,-1,-1,-1,38.0,0,0.00,0,1,0.58458,0.59110,52.58268,-11.87435,3.22,2176.62,0,0
712,11.8667,swing,swingHigh,211.925,-504.406,16.254,4.734,-33.570,-3.957,34.133,33.902,15.154,266.00,-509.39,36.26,26.96,0.935,3,,0,0.00,0.00,0.00,214.927,-500.921,17.051,-130.54,-11.50,66.65,4.669,0.123,-0.02,1.00,1,0,1,0,0,0,-11.50,-11.52,-11.88,0.1594,0.1948,0.5458,1,4.669,0,0.447,0,swing,swingCornerBank,1.000,2,0.469 -0.094 0.380 0.363 0.802 -0.139 -0.531 0.267 -0.620 -0.013,214.87,-500.38,17.13,-11.50,-130.88,98.85,-1,-1,-1,-1,0.004,0.445 0.021 0.172 -0.081,20.3,1,-1.000,-1.000,0.5160,-3.74,,-1.000,0.0,0.0,0.0,,,89.6,88.2,89.6,,0.000,0.0,11.5,-1.00,-1.0,0.0,0,3831,-1.0,83.2,-1.0,0.0,0.00,5.00,-1,0,0.000,0,0.00,3.59,0,0,1,0.0,2,0.00,0.000,0.65,0.00,1.351,0.280,0.000,-1.000,-1.000,-1.000,-1.000,None,77.0,-1.0,0,4,0.00,0,0,0,0,0.00,2,0,0.000,0.168,-1,-1,-1,-1,-1,-1,-1,-1,-999,-1,-1,0,-1,-1,-1,38.0,0,0.00,0,1,0.58472,0.58864,52.10183,-12.03296,3.22,2170.15,0,0
713,11.8833,swing,swingHigh,212.010,-504.965,16.190,5.419,-33.526,-3.605,34.152,33.961,15.090,266.00,-509.39,36.26,26.96,0.938,3,,0,0.00,0.00,0.00,214.992,-501.462,16.973,-130.22,-11.50,66.71,4.666,0.127,-0.02,1.00,1,0,1,0,0,0,-11.50,-11.34,-11.90,0.1591,0.1939,0.5435,1,4.666,0,0.445,0,swing,swingCornerBank,1.000,2,0.468 -0.096 0.378 0.361 0.800 -0.140 -0.521 0.267 -0.614 -0.014,214.93,-500.92,17.05,-11.50,-130.54,98.91,-1,-1,-1,-1,0.003,0.443 0.022 0.172 -0.083,20.5,1,-1.000,-1.000,0.5165,-3.78,,-1.000,0.0,0.0,0.0,,,89.7,88.8,89.7,,0.000,0.0,11.5,-1.00,-1.0,0.0,0,3793,-1.0,83.5,-1.0,0.0,0.00,5.00,-1,0,0.000,0,0.00,3.59,0,0,1,0.0,2,0.00,0.000,0.65,0.00,1.344,0.282,0.000,-1.000,-1.000,-1.000,-1.000,None,76.3,-1.0,0,4,0.00,0,0,0,0,0.00,2,0,0.000,0.172,-1,-1,-1,-1,-1,-1,-1,-1,-999,-1,-1,0,-1,-1,-1,38.0,0,0.00,0,1,0.58486,0.58613,51.61999,-12.18983,3.22,2163.44,0,0
714,11.9000,swing,swingHigh,212.107,-505.523,16.132,6.101,-33.460,-3.249,34.166,34.011,15.032,266.00,-509.39,36.26,26.96,0.940,3,,0,0.00,0.00,0.00,215.068,-502.002,16.901,-129.89,-11.50,66.76,4.664,0.130,-0.02,1.00,1,0,1,0,0,0,-11.50,-11.16,-11.92,0.1589,0.1930,0.5413,1,4.664,0,0.443,0,swing,swingCornerBank,1.000,2,0.467 -0.097 0.376 0.359 0.798 -0.140 -0.512 0.267 -0.608 -0.015,214.99,-501.46,16.97,-11.50,-130.22,98.97,-1,-1,-1,-1,0.002,0.442 0.022 0.171 -0.085,20.7,1,-1.000,-1.000,0.5171,-3.81,,-1.000,0.0,0.0,0.0,,,89.8,89.3,89.8,,0.000,0.0,11.5,-1.00,-1.0,0.0,0,3755,-1.0,83.9,-1.0,0.0,0.00,5.00,-1,0,0.000,0,0.00,4.02,0,0,1,0.0,2,0.00,0.000,0.65,0.00,1.338,0.284,0.000,-1.000,-1.000,-1.000,-1.000,None,75.5,-1.0,0,4,0.00,0,0,0,0,0.00,2,0,0.000,0.176,-1,-1,-1,-1,-1,-1,-1,-1,-999,-1,-1,0,-1,-1,-1,38.0,0,0.00,0,1,0.58499,0.58360,51.13722,-12.34494,3.22,2156.50,0,0
715,11.9167,swing,swingHigh,212.215,-506.080,16.080,6.780,-33.372,-2.890,34.177,34.054,14.980,266.00,-509.39,36.26,26.96,0.943,3,,0,0.00,0.00,0.00,215.155,-502.542,16.834,-129.57,-11.50,66.81,4.661,0.134,-0.02,1.00,1,0,1,0,0,0,-11.50,-10.98,-11.93,0.1586,0.1921,0.5390,1,4.661,0,0.441,0,swing,swingCornerBank,1.000,2,0.466 -0.099 0.374 0.358 0.796 -0.140 -0.502 0.266 -0.602 -0.016,215.07,-502.00,16.90,-11.50,-129.89,99.02,-1,-1,-1,-1,0.001,0.440 0.022 0.171 -0.087,20.9,1,-1.000,-1.000,0.5176,-3.84,,-1.000,0.0,0.0,0.0,,,89.9,89.7,89.9,,0.000,0.0,11.5,-1.00,-1.0,0.0,0,3718,-1.0,84.2,-1.0,0.0,0.00,5.00,-1,0,0.000,0,0.00,4.02,0,0,1,0.0,2,0.00,0.000,0.65,0.00,1.332,0.286,0.000,-1.000,-1.000,-1.000,-1.000,None,74.8,-1.0,0,4,0.00,0,0,0,0,0.00,2,0,0.000,0.180,-1,-1,-1,-1,-1,-1,-1,-1,-999,-1,-1,0,-1,-1,-1,38.0,0,0.00,0,1,0.58512,0.58103,50.65240,-12.49863,3.22,2149.33,0,0
716,11.9333,swing,swingHigh,212.335,-506.635,16.034,7.454,-33.264,-2.529,34.182,34.089,14.934,266.00,-509.39,36.26,26.96,0.945,3,,0,0.00,0.00,0.00,215.254,-503.080,16.773,-129.25,-11.50,66.86,4.659,0.137,-0.02,1.00,1,0,1,0,0,0,-11.50,-10.82,-11.95,0.1584,0.1912,0.5367,1,4.659,0,0.438,0,swing,swingCornerBank,1.000,2,0.465 -0.100 0.371 0.356 0.794 -0.140 -0.493 0.266 -0.596 -0.016,215.16,-502.54,16.83,-11.50,-129.57,99.08,-1,-1,-1,-1,-0.000,0.439 0.022 0.171 -0.089,21.1,1,-1.000,-1.000,0.5181,-3.86,,-1.000,0.0,0.0,0.0,,,90.0,90.1,90.0,,0.000,0.0,11.5,-1.00,-1.0,0.0,0,3681,-1.0,84.5,-1.0,0.0,0.00,5.00,-1,0,0.000,0,0.00,4.02,0,0,1,0.0,2,0.00,0.000,0.65,0.00,1.326,0.288,0.000,-1.000,-1.000,-1.000,-1.000,None,74.1,-1.0,0,4,0.00,0,0,0,0,0.00,2,0,0.000,0.183,-1,-1,-1,-1,-1,-1,-1,-1,-999,-1,-1,0,-1,-1,-1,38.0,0,0.00,0,1,0.58523,0.57843,50.16569,-12.65227,3.22,2141.94,0,0
717,11.9500,swing,swingHigh,212.465,-507.188,15.994,8.123,-33.134,-2.166,34.184,34.115,14.894,266.00,-509.39,36.26,26.96,0.947,3,,0,0.00,0.00,0.00,215.365,-503.616,16.719,-128.94,-11.50,66.91,4.657,0.140,-0.02,1.00,1,0,1,0,0,0,-11.50,-10.66,-11.97,0.1582,0.1903,0.5343,1,4.657,0,0.436,0,swing,swingCornerBank,1.000,2,0.465 -0.101 0.369 0.354 0.792 -0.141 -0.484 0.266 -0.590 -0.017,215.25,-503.08,16.77,-11.50,-129.25,99.14,-1,-1,-1,-1,-0.001,0.437 0.023 0.171 -0.090,21.3,1,-1.000,-1.000,0.5187,-3.88,,-1.000,0.0,0.0,0.0,,,90.1,90.5,90.1,,0.000,0.0,11.5,-1.00,-1.0,0.0,0,3645,-1.0,84.8,-1.0,0.0,0.00,5.00,-1,0,0.000,0,0.00,4.02,0,0,1,0.0,2,0.00,0.000,0.65,0.00,1.319,0.290,0.000,-1.000,-1.000,-1.000,-1.000,None,73.3,-1.0,0,4,0.00,0,0,0,0,0.00,2,0,0.000,0.186,-1,-1,-1,-1,-1,-1,-1,-1,-999,-1,-1,0,-1,-1,-1,38.0,0,0.00,0,1,0.58534,0.57580,49.67594,-12.80564,3.22,2134.32,0,0
718,11.9667,swing,swingHigh,212.607,-507.739,15.961,8.787,-32.983,-1.801,34.181,34.134,14.861,266.00,-509.39,36.26,26.96,0.949,3,,0,0.00,0.00,0.00,215.487,-504.151,16.670,-128.64,-11.50,66.96,4.654,0.143,-0.02,1.00,1,0,1,0,0,0,-11.50,-10.51,-11.98,0.1580,0.1895,0.5319,1,4.654,0,0.434,0,swing,swingCornerBank,1.000,2,0.464 -0.103 0.367 0.353 0.790 -0.141 -0.474 0.266 -0.584 -0.018,215.36,-503.62,16.72,-11.50,-128.94,99.19,-1,-1,-1,-1,-0.002,0.436 0.023 0.171 -0.092,21.5,1,-1.000,-1.000,0.5192,-3.90,,-1.000,0.0,0.0,0.0,,,90.2,90.7,90.2,,0.000,0.0,11.5,-1.00,-1.0,0.0,0,3609,-1.0,85.1,-1.0,0.0,0.00,5.00,-1,0,0.000,0,0.00,4.02,0,0,1,0.0,2,0.00,0.000,0.65,0.00,1.313,0.292,0.000,-1.000,-1.000,-1.000,-1.000,None,72.6,-1.0,0,4,0.00,0,0,0,0,0.00,2,0,0.000,0.189,-1,-1,-1,-1,-1,-1,-1,-1,-999,-1,-1,0,-1,-1,-1,38.0,0,0.00,0,1,0.58544,0.57315,49.18354,-12.95969,3.22,2126.49,0,0
719,11.9833,swing,swingHigh,212.760,-508.287,15.933,9.445,-32.811,-1.436,34.174,34.143,14.833,266.00,-509.39,36.26,26.96,0.950,3,,0,0.00,0.00,0.00,215.620,-504.684,16.627,-128.34,-11.50,67.01,4.652,0.146,-0.02,1.00,1,0,1,0,0,0,-11.50,-10.36,-12.00,0.1579,0.1886,0.5295,1,4.652,0,0.432,0,swing,swingCornerBank,1.000,2,0.463 -0.104 0.364 0.351 0.788 -0.141 -0.465 0.266 -0.578 -0.019,215.49,-504.15,16.67,-11.50,-128.64,99.24,-1,-1,-1,-1,-0.003,0.435 0.023 0.171 -0.094,21.7,1,-1.000,-1.000,0.5197,-3.92,,-1.000,0.0,0.0,0.0,,,90.3,91.0,90.3,,0.000,0.0,11.5,-1.00,-1.0,0.0,0,3574,-1.0,85.4,-1.0,0.0,0.00,5.00,-1,0,0.000,0,0.00,4.02,0,0,1,0.0,2,0.00,0.000,0.65,0.00,1.306,0.294,0.000,-1.000,-1.000,-1.000,-1.000,None,71.9,-1.0,0,4,0.00,0,0,0,0,0.00,2,0,0.000,0.191,-1,-1,-1,-1,-1,-1,-1,-1,-999,-1,-1,0,-1,-1,-1,38.0,0,0.00,0,1,0.58553,0.57048,48.68726,-13.11352,3.22,2118.43,0,0
720,12.0000,swing,swingHigh,212.924,-508.832,15.911,10.097,-32.618,-1.070,34.162,34.145,14.811,266.00,-509.39,36.26,26.96,0.951,3,,0,0.00,0.00,0.00,215.761,-505.218,16.590,-128.05,-11.50,67.06,4.644,0.149,-0.01,1.00,1,0,1,0,0,0,-11.50,-10.22,-12.02,0.1579,0.1880,0.5273,1,4.644,0,0.430,0,swing,swingCornerBank,1.000,2,0.462 -0.105 0.361 0.350 0.786 -0.141 -0.456 0.267 -0.571 -0.019,215.62,-504.68,16.63,-11.50,-128.34,99.29,-1,-1,-1,-1,-0.004,0.434 0.024 0.171 -0.095,21.9,1,-1.000,-1.000,0.5202,-3.93,,-1.000,0.0,0.0,0.0,,,90.4,91.2,90.4,,0.000,0.0,11.5,-1.00,-1.0,0.0,0,3540,-1.0,85.7,-1.0,0.0,0.00,5.00,-1,0,0.000,0,0.00,4.24,0,0,1,0.0,2,0.00,0.000,0.65,0.00,1.300,0.296,0.000,-1.000,-1.000,-1.000,-1.000,None,71.2,-1.0,0,4,0.00,0,0,0,0,0.00,2,0,0.000,0.194,-1,-1,-1,-1,-1,-1,-1,-1,-999,-1,-1,0,-1,-1,-1,38.0,0,0.00,0,1,0.58573,0.56808,48.13179,-13.22505,3.23,2110.28,0,0
721,12.0167,swing,swingHigh,213.098,-509.373,15.896,10.741,-32.405,-0.703,34.146,34.138,14.796,266.00,-509.39,36.26,26.96,0.952,3,,0,0.00,0.00,0.00,215.909,-505.755,16.560,-127.76,-11.50,67.10,4.630,0.152,-0.01,1.00,1,0,1,0,0,0,-11.50,-10.09,-12.03,0.1583,0.1876,0.5253,1,4.630,0,0.428,0,swing,swingCornerBank,1.000,2,0.461 -0.106 0.359 0.349 0.783 -0.141 -0.447 0.267 -0.565 -0.020,215.76,-505.22,16.59,-11.50,-128.05,99.34,-1,-1,-1,-1,-0.005,0.433 0.024 0.171 -0.096,22.0,1,-1.000,-1.000,0.5208,-3.93,,-1.000,0.0,0.0,0.0,,,90.5,91.5,90.5,,0.000,0.0,11.5,-1.00,-1.0,0.0,0,3507,-1.0,85.9,-1.0,0.0,0.00,5.00,-1,0,0.000,0,0.00,4.24,0,0,1,0.0,2,0.00,0.000,0.65,0.00,1.294,0.298,0.000,-1.000,-1.000,-1.000,-1.000,None,70.5,-1.0,0,4,0.00,0,0,0,0,0.00,2,0,0.000,0.196,-1,-1,-1,-1,-1,-1,-1,-1,-999,-1,-1,0,-1,-1,-1,38.0,0,0.00,0,1,0.58605,0.56605,47.50333,-13.28188,3.24,2102.06,0,0
722,12.0333,swing,swingHigh,213.283,-509.911,15.886,11.377,-32.171,-0.337,34.125,34.123,14.786,266.00,-509.39,36.26,26.96,0.953,3,,0,0.00,0.00,0.00,216.065,-506.294,16.535,-127.48,-11.50,67.14,4.609,0.154,-0.01,1.00,1,0,1,0,0,0,-11.50,-9.97,-12.05,0.1589,0.1876,0.5236,1,4.609,0,0.426,0,swing,swingCornerBank,1.000,2,0.460 -0.107 0.356 0.348 0.781 -0.141 -0.438 0.267 -0.559 -0.021,215.91,-505.76,16.56,-11.50,-127.76,99.39,-1,-1,-1,-1,-0.006,0.432 0.024 0.172 -0.097,22.2,1,-1.000,-1.000,0.5213,-3.93,,-1.000,0.0,0.0,0.0,,,90.6,91.6,90.6,,0.000,0.0,11.5,-1.00,-1.0,0.0,0,3474,-1.0,86.2,-1.0,0.0,0.00,5.00,-1,0,0.000,0,0.00,4.24,0,0,1,0.0,2,0.00,0.000,0.65,0.00,1.287,0.300,0.000,-1.000,-1.000,-1.000,-1.000,None,69.8,-1.0,0,4,0.00,0,0,0,0,0.00,2,0,0.000,0.197,-1,-1,-1,-1,-1,-1,-1,-1,-999,-1,-1,0,-1,-1,-1,38.0,0,0.00,0,1,0.58650,0.56431,46.81492,-13.29243,3.25,2093.77,0,0
723,12.0500,swing,swingHigh,213.479,-510.446,15.883,12.045,-32.022,0.029,34.212,34.212,14.783,266.00,-509.39,36.26,26.96,0.953,3,,0,0.00,0.00,0.00,216.229,-506.833,16.516,-127.20,-11.50,67.18,4.584,0.156,-0.01,1.00,1,0,1,0,0,0,-11.50,-9.85,-12.07,0.1597,0.1877,0.5220,1,4.584,0,0.424,0,swing,swingCornerBank,1.000,2,0.459 -0.108 0.353 0.347 0.779 -0.141 -0.429 0.268 -0.552 -0.022,216.06,-506.29,16.53,-11.50,-127.48,99.43,-1,-1,-1,-1,-0.007,0.431 0.024 0.172 -0.098,22.4,1,-1.000,-1.000,0.5220,-3.92,,-1.000,0.0,0.0,0.0,,,90.6,91.8,90.7,,0.000,0.0,11.5,-1.00,-1.0,0.0,0,3441,-1.0,86.5,-1.0,0.0,0.00,5.00,-1,0,0.000,0,0.00,4.24,0,0,1,0.0,2,0.00,0.000,0.65,0.00,1.281,0.302,0.000,-1.000,-1.000,-1.000,-1.000,None,69.1,-1.0,0,4,0.00,0,0,0,0,0.00,2,0,0.000,0.198,-1,-1,-1,-1,-1,-1,-1,-1,-999,-1,-1,0,-1,-1,-1,38.0,0,0.00,0,1,0.58704,0.56278,46.09598,-13.27330,3.27,2085.38,0,0
724,12.0667,air,release,213.577,-510.706,16.135,11.740,-31.211,30.204,44.991,33.346,15.035,0.00,0.00,0.00,0.00,0.000,3,,0,0.00,0.00,0.00,216.392,-507.349,16.540,-129.92,-11.19,67.23,4.400,0.162,-0.01,1.00,0,0,1,0,0,0,-11.19,-9.70,-12.08,0.1627,0.2012,0.4781,1,4.400,0,0.422,0,swing,swingCornerBank,1.000,2,0.496 -0.029 0.341 0.411 0.834 -0.009 -0.473 0.194 -0.557 -0.095,216.23,-506.83,16.52,-11.50,-127.20,99.48,-1,-1,-1,-1,0.064,0.477 0.141 0.103 -0.159,-1.0,0,-1.000,-1.000,0.5400,-3.91,,-1.000,0.0,0.0,0.0,,,83.7,77.4,82.8,,0.000,0.0,11.5,-1.00,-1.0,0.0,0,3837,-1.0,86.8,-1.0,0.0,0.00,5.00,-1,0,0.000,0,0.00,4.24,0,0,1,0.0,2,0.00,0.000,0.65,0.00,1.274,0.304,0.000,-1.000,-1.000,-1.000,-1.000,None,64.0,-1.0,0,4,0.00,0,0,0,0,0.00,2,0,0.000,0.200,-1,-1,-1,-1,-1,-1,-1,-1,-999,-1,-1,0,-1,-1,-1,34.2,0,0.00,0,0,-1,-1,-1,-1,-1,-1,0,0
725,12.0833,air,release,213.773,-511.226,16.633,11.740,-31.211,29.804,44.724,33.346,15.533,0.00,0.00,0.00,0.00,0.000,3,,0,0.00,0.00,0.00,216.554,-507.841,16.833,-129.35,-8.67,67.28,4.386,0.171,-0.01,1.00,0,0,1,0,0,0,-8.67,-9.52,-12.10,0.1678,0.2036,0.3865,1,4.386,0,0.420,0,air_spread,swingCornerBank,1.000,0,0.529 0.051 0.329 0.469 0.882 0.123 -0.512 0.116 -0.554 -0.157,216.39,-507.35,16.54,-11.19,-129.92,99.53,-1,-1,-1,-1,0.123,0.510 0.237 0.043 -0.202,-1.0,0,-1.000,-1.000,0.5259,-3.93,,-1.000,0.0,0.0,0.0,,,77.8,70.3,74.9,,0.000,0.0,11.5,-1.00,-1.0,0.0,0,3821,-1.0,84.1,-1.0,0.0,0.00,5.00,-1,0,0.000,0,0.00,4.24,0,0,1,0.0,2,0.00,0.000,0.57,0.00,1.268,0.306,0.000,-1.000,-1.000,-1.000,-1.000,None,54.6,-1.0,0,4,0.00,0,0,0,0,0.00,2,0,0.076,0.280,-1,-1,-1,-1,-1,-1,-1,-1,-999,-1,-1,0,-1,-1,-1,34.2,0,0.00,0,0,-1,-1,-1,-1,-1,-1,0,0
726,12.1000,air,release,213.968,-511.746,17.125,11.740,-31.211,29.404,44.458,33.346,16.025,0.00,0.00,0.00,0.00,0.000,3,,0,0.00,0.00,0.00,216.720,-508.327,17.325,-128.78,-8.82,67.35,4.393,0.185,-0.01,1.00,0,0,1,0,0,0,-8.82,-9.33,-12.12,0.1781,0.2046,0.4045,1,4.393,0,0.418,0,air_spread,swingCornerBank,1.000,0,0.530 0.135 0.258 0.454 0.892 0.109 -0.487 0.053 -0.560 -0.276,216.55,-507.84,16.83,-8.67,-129.35,99.59,-1,-1,-1,-1,0.202,0.473 0.232 -0.023 -0.320,-1.0,0,-1.000,-1.000,0.5270,-3.95,,-1.000,0.0,0.0,0.0,,,69.8,60.2,64.4,,0.000,0.0,11.5,-1.00,-1.0,0.0,0,3750,-1.0,84.2,-1.0,0.0,0.00,5.00,-1,0,0.000,0,0.00,3.03,0,0,1,0.0,2,0.00,0.000,0.48,0.00,1.292,0.418,0.000,-1.000,-1.000,-1.000,-1.000,None,47.2,-1.0,0,4,0.00,0,0,0,0,0.00,2,0,0.152,0.352,-1,-1,-1,-1,-1,-1,-1,-1,-999,-1,-1,0,-1,-1,-1,34.2,0,0.00,0,0,-1,-1,-1,-1,-1,-1,0,0
727,12.1167,air,release,214.164,-512.266,17.610,11.740,-31.211,29.004,44.195,33.346,16.720,0.00,0.00,0.00,0.00,0.000,3,,0,0.00,0.00,0.00,216.892,-508.817,17.810,-128.30,-8.97,67.42,4.403,0.202,-0.01,1.00,0,0,1,0,0,0,-8.97,-9.17,-12.13,0.1723,0.2043,0.3958,1,4.403,0,0.416,0,air_spread,swingCornerBank,1.000,0,0.541 0.102 0.315 0.455 0.845 0.000 -0.502 0.099 -0.604 -0.239,216.72,-508.33,17.32,-8.82,-128.78,99.65,-1,-1,-1,-1,0.169,0.471 0.126 0.017 -0.284,-1.0,0,-1.000,-1.000,0.5223,-3.96,,-1.000,0.0,0.0,0.0,,,73.3,65.0,68.5,,0.000,0.0,11.5,-1.00,-1.0,0.0,0,3689,-1.0,84.8,-1.0,0.0,0.00,5.00,-1,0,0.000,0,0.00,3.03,0,0,1,0.0,4,0.00,0.000,0.40,0.00,1.281,0.428,0.000,-1.000,-1.000,-1.000,-1.000,None,49.0,-1.0,0,4,0.00,0,0,0,0,0.00,2,0,0.227,0.417,-1,-1,-1,-1,-1,-1,-1,-1,-999,-1,-1,0,-1,-1,-1,34.2,0,0.00,0,0,-1,-1,-1,-1,-1,-1,0,0
728,12.1333,air,release,214.360,-512.786,18.088,11.740,-31.211,28.604,43.933,33.346,17.198,0.00,0.00,0.00,0.00,0.000,3,,0,0.00,0.00,0.00,217.070,-509.311,18.288,-127.91,-9.12,67.50,4.412,0.221,-0.01,1.00,0,0,1,0,0,0,-9.12,-9.06,-12.15,0.1702,0.2020,0.3916,1,4.412,0,0.414,0,air_spread,swingCornerBank,1.000,0,0.550 0.080 0.349 0.455 0.789 -0.088 -0.522 0.129 -0.639 -0.204,216.89,-508.82,17.81,-8.97,-128.30,99.73,-1,-1,-1,-1,0.146,0.464 0.037 0.043 -0.248,-1.0,0,-1.000,-1.000,0.5175,-3.97,,-1.000,0.0,0.0,0.0,,,75.6,68.7,71.1,,0.000,0.0,11.5,-1.00,-1.0,0.0,0,3640,-1.0,85.3,-1.0,0.0,0.00,5.00,-1,0,0.000,0,0.00,3.03,0,0,1,0.0,4,0.00,0.000,0.32,0.00,1.268,0.432,0.000,-1.000,-1.000,-1.000,-1.000,None,49.6,-1.0,0,4,0.00,0,0,0,0,0.00,2,0,0.303,0.475,-1,-1,-1,-1,-1,-1,-1,-1,-999,-1,-1,0,-1,-1,-1,34.2,0,0.00,0,0,-1,-1,-1,-1,-1,-1,0,0
729,12.1500,air,release,214.555,-513.306,18.560,11.740,-31.211,28.204,43.674,33.346,17.670,0.00,0.00,0.00,0.00,0.000,3,,0,0.00,0.00,0.00,217.252,-509.810,18.760,-127.60,-9.27,67.58,4.420,0.241,-0.01,1.00,0,0,1,0,0,0,-9.27,-9.01,-12.17,0.1693,0.1986,0.3901,1,4.420,0,0.412,0,air_spread,swingCornerBank,1.000,0,0.559 0.067 0.364 0.453 0.731 -0.161 -0.551 0.147 -0.666 -0.173,217.07,-509.31,18.29,-9.12,-127.91,99.81,-1,-1,-1,-1,0.131,0.454 -0.039 0.057 -0.213,-1.0,0,-1.000,-1.000,0.5128,-3.97,,-1.000,0.0,0.0,0.0,,,77.1,71.6,72.6,,0.000,0.0,11.5,-1.00,-1.0,0.0,0,3601,-1.0,85.7,-1.0,0.0,0.00,5.00,-1,0,0.000,0,0.00,3.03,0,0,1,0.0,4,0.00,0.000,0.23,0.00,1.254,0.431,0.000,-1.000,-1.000,-1.000,-1.000,None,49.2,-1.0,0,4,0.00,0,0,0,0,0.00,2,0,0.379,0.528,-1,-1,-1,-1,-1,-1,-1,-1,-999,-1,-1,0,-1,-1,-1,34.2,0,0.00,0,0,-1,-1,-1,-1,-1,-1,0,0
730,12.1667,air,release,214.751,-513.827,19.025,11.740,-31.211,27.804,43.417,33.346,18.135,0.00,0.00,0.00,0.00,0.000,3,,0,0.00,0.00,0.00,217.437,-510.313,19.225,-127.36,-9.42,67.67,4.427,0.263,-0.02,1.00,0,0,1,0,0,0,-9.42,-9.03,-12.18,0.1675,0.1945,0.3890,1,4.427,0,0.411,0,air_spread,swingCornerBank,1.000,0,0.568 0.061 0.357 0.452 0.673 -0.219 -0.590 0.152 -0.685 -0.146,217.25,-509.81,18.76,-9.27,-127.60,99.90,-1,-1,-1,-1,0.122,0.443 -0.101 0.060 -0.180,-1.0,0,-1.000,-1.000,0.5083,-3.96,,-1.000,0.0,0.0,0.0,,,78.0,73.5,73.1,,0.000,0.0,11.5,-1.00,-1.0,0.0,0,3570,-1.0,86.0,-1.0,0.0,0.00,5.00,-1,0,0.000,0,0.00,3.03,0,0,1,0.0,4,0.00,0.000,0.15,0.00,1.198,0.426,0.000,-1.000,-1.000,-1.000,-1.000,None,47.9,-1.0,0,4,0.00,0,0,0,0,0.00,2,0,0.455,0.575,-1,-1,-1,-1,-1,-1,-1,-1,-999,-1,-1,0,-1,-1,-1,34.2,0,0.00,0,0,-1,-1,-1,-1,-1,-1,0,0
731,12.1833,air,release,214.947,-514.347,19.483,11.740,-31.211,27.404,43.162,33.346,18.593,0.00,0.00,0.00,0.00,0.000,3,,0,0.00,0.00,0.00,217.624,-510.819,19.683,-127.16,-9.56,67.75,4.433,0.285,-0.02,1.00,0,0,1,0,0,0,-9.56,-9.10,-12.20,0.1736,0.1895,0.3923,1,4.433,0,0.409,0,air_spread,swingCornerBank,1.000,0,0.575 0.064 0.330 0.451 0.615 -0.261 -0.636 0.147 -0.697 -0.126,217.44,-510.31,19.23,-9.42,-127.36,99.99,-1,-1,-1,-1,0.119,0.430 -0.149 0.055 -0.153,-1.0,0,-1.000,-1.000,0.5040,-3.95,,-1.000,0.0,0.0,0.0,,,78.3,74.6,72.6,,0.000,0.0,11.5,-1.00,-1.0,0.0,0,3544,-1.0,86.2,-1.0,0.0,0.00,5.00,-1,0,0.000,0,0.00,3.03,0,0,1,0.0,4,0.00,0.000,0.07,0.00,1.134,0.416,0.000,-1.000,-1.000,-1.000,-1.000,None,45.8,-1.0,0,4,0.00,0,0,0,0,0.00,2,0,0.530,0.617,-1,-1,-1,-1,-1,-1,-1,-1,-999,-1,-1,0,-1,-1,-1,34.2,0,0.00,0,0,-1,-1,-1,-1,-1,-1,0,0
732,12.2000,air,release,215.142,-514.867,19.935,11.740,-31.211,27.004,42.909,33.346,19.045,0.00,0.00,0.00,0.00,0.000,3,,0,0.00,0.00,0.00,217.812,-511.326,20.135,-126.99,-9.70,67.85,4.439,0.307,-0.02,1.00,0,0,1,0,0,0,-9.70,-9.24,-12.22,0.1832,0.1828,0.3973,1,4.439,0,0.407,0,air_spread,swingCornerBank,1.000,0,0.580 0.073 0.284 0.450 0.559 -0.289 -0.685 0.129 -0.702 -0.115,217.62,-510.82,19.68,-9.56,-127.16,100.09,-1,-1,-1,-1,0.122,0.416 -0.182 0.042 -0.133,-1.0,0,-1.000,-1.000,0.4994,-3.92,,-1.000,0.0,0.0,0.0,,,78.0,75.0,70.8,,0.000,0.0,11.5,-1.00,-1.0,0.0,0,3522,-1.0,86.5,-1.0,0.0,0.00,5.00,-1,0,0.000,0,0.00,-1.54,0,0,1,0.0,4,0.00,0.000,0.00,0.00,1.065,0.404,0.000,-1.000,-1.000,-1.000,-1.000,None,42.9,-1.0,0,4,0.00,0,0,0,0,0.00,2,0,0.606,0.654,-1,-1,-1,-1,-1,-1,-1,-1,-999,-1,-1,0,-1,-1,-1,34.2,0,0.00,0,0,-1,-1,-1,-1,-1,-1,0,0
733,12.2167,air,release,215.338,-515.387,20.380,11.740,-31.211,26.604,42.658,33.346,19.490,0.00,0.00,0.00,0.00,0.000,3,,0,0.00,0.00,0.00,218.001,-511.834,20.580,-126.82,-9.84,67.94,4.445,0.329,-0.03,1.00,0,0,1,0,0,0,-9.84,-9.43,-12.23,0.1899,0.1733,0.4009,1,4.445,0,0.405,0,air_spread,swingCornerBank,1.000,0,0.582 0.088 0.220 0.446 0.505 -0.303 -0.733 0.100 -0.702 -0.114,217.81,-511.33,20.14,-9.70,-126.99,100.18,-1,-1,-1,-1,0.130,0.401 -0.202 0.020 -0.123,-1.0,0,-1.000,-1.000,0.4938,-3.90,,-1.000,0.0,0.0,0.0,,,77.2,74.8,67.7,,0.000,0.0,11.5,-1.00,-1.0,0.0,0,3500,-1.0,86.7,-1.0,0.0,0.00,5.00,-1,0,0.000,0,0.00,-1.54,0,0,1,0.0,4,0.00,0.000,0.00,0.00,0.991,0.386,0.000,-1.000,-1.000,-1.000,-1.000,None,39.3,-1.0,0,4,0.00,0,0,0,0,0.00,2,0,0.682,0.687,-1,-1,-1,-1,-1,-1,-1,-1,-999,-1,-1,0,-1,-1,-1,34.2,0,0.00,0,0,-1,-1,-1,-1,-1,-1,0,0
734,12.2333,air,release,215.534,-515.907,20.819,11.740,-31.211,26.204,42.410,33.346,19.929,0.00,0.00,0.00,0.00,0.000,3,,0,0.00,0.00,0.00,218.190,-512.341,21.019,-126.66,-9.97,68.03,4.452,0.350,-0.03,1.00,0,0,1,0,0,0,-9.97,-9.68,-12.25,0.1886,0.1673,0.4010,1,4.452,0,0.404,0,air_spread,releaseSpread,1.000,0,0.580 0.107 0.139 0.438 0.455 -0.304 -0.773 0.057 -0.699 -0.129,218.00,-511.83,20.58,-9.84,-126.82,100.28,-1,-1,-1,-1,0.141,0.382 -0.208 -0.009 -0.128,-1.0,0,-1.000,-1.000,0.4904,-3.86,,-1.000,0.0,0.0,0.0,,,76.2,74.3,62.9,,0.000,0.0,11.5,-1.00,-1.0,0.0,0,3479,-1.0,86.8,-1.0,0.0,0.00,5.00,-1,0,0.000,0,0.00,-1.54,0,0,1,0.0,4,0.00,0.000,0.00,0.00,0.914,0.360,0.000,-1.000,-1.000,-1.000,-1.000,None,35.2,-1.0,0,4,0.00,0,0,0,0,0.00,2,0,0.758,0.716,-1,-1,-1,-1,-1,-1,-1,-1,-999,-1,-1,0,-1,-1,-1,34.2,0,0.00,0,0,-1,-1,-1,-1,-1,-1,0,0
735,12.2500,air,release,215.729,-516.428,21.250,11.740,-31.211,25.804,42.164,33.346,20.360,0.00,0.00,0.00,0.00,0.000,3,,0,0.00,0.00,0.00,218.379,-512.847,21.450,-126.48,-10.10,68.13,4.458,0.371,-0.03,1.00,0,0,1,0,0,0,-10.10,-9.98,-12.27,0.1822,0.1697,0.3988,1,4.458,0,0.402,0,air_spread,releaseSpread,1.000,0,0.573 0.132 0.063 0.425 0.399 -0.295 -0.798 0.009 -0.701 -0.155,218.19,-512.34,21.02,-9.97,-126.66,100.38,-1,-1,-1,-1,0.158,0.362 -0.203 -0.045 -0.148,-1.0,0,-1.000,-1.000,0.4883,-3.82,,-1.000,0.0,0.0,0.0,,,74.4,72.9,56.9,,0.000,0.0,11.5,-1.00,-1.0,0.0,0,3456,-1.0,87.0,-1.0,0.0,0.00,5.00,-1,0,0.000,0,0.00,-1.54,0,0,1,0.0,4,0.00,0.000,0.00,0.00,0.838,0.336,0.000,-1.000,-1.000,-1.000,-1.000,None,31.4,-1.0,0,4,0.00,0,0,0,0,0.00,2,0,0.833,0.741,-1,-1,-1,-1,-1,-1,-1,-1,-999,-1,-1,0,-1,-1,-1,34.2,0,0.00,0,0,-1,-1,-1,-1,-1,-1,0,0
736,12.2667,air,release,215.925,-516.948,21.675,11.740,-31.211,25.404,41.920,33.346,20.785,0.00,0.00,0.00,0.00,0.000,3,,0,0.00,0.00,0.00,218.567,-513.352,21.875,-126.29,-10.22,68.22,4.466,0.391,-0.04,1.00,0,0,1,0,0,0,-10.22,-10.32,-12.28,0.1756,0.1701,0.3970,1,4.466,0,0.401,0,air_spread,releaseSpread,1.000,0,0.566 0.157 0.000 0.407 0.335 -0.281 -0.813 -0.039 -0.712 -0.190,218.38,-512.85,21.45,-10.10,-126.48,100.48,-1,-1,-1,-1,0.179,0.342 -0.191 -0.085 -0.182,-1.0,0,-1.000,-1.000,0.4865,-3.77,,-1.000,0.0,0.0,0.0,,,72.3,70.8,51.5,,0.000,0.0,11.5,-1.00,-1.0,0.0,0,3431,-1.0,87.2,-1.0,0.0,0.00,5.00,-1,0,0.000,0,0.00,-1.54,0,0,1,0.0,4,0.00,0.000,0.00,0.00,0.764,0.312,0.000,-1.000,-1.000,-1.000,-1.000,None,28.6,-1.0,0,4,0.00,0,0,0,0,0.00,2,0,0.909,0.762,-1,-1,-1,-1,-1,-1,-1,-1,-999,-1,-1,0,-1,-1,-1,34.2,0,0.00,0,0,-1,-1,-1,-1,-1,-1,0,0
737,12.2833,air,release,216.121,-517.468,22.094,11.740,-31.211,25.004,41.679,33.346,21.204,0.00,0.00,0.00,0.00,0.000,3,,0,0.00,0.00,0.00,218.754,-513.856,22.294,-126.08,-10.34,68.31,4.474,0.410,-0.05,1.00,0,0,1,0,0,0,-10.34,-10.70,-12.30,0.1667,0.1702,0.3955,1,4.474,0,0.399,0,air_spread,releaseSpread,1.000,0,0.558 0.178 -0.057 0.385 0.274 -0.261 -0.821 -0.084 -0.724 -0.230,218.57,-513.35,21.88,-10.22,-126.29,100.58,-1,-1,-1,-1,0.197,0.317 -0.175 -0.121 -0.221,-1.0,0,-1.000,-1.000,0.4853,-3.72,,-1.000,0.0,0.0,0.0,,,70.5,69.1,46.5,,0.000,0.0,11.5,-1.00,-1.0,0.0,0,3403,-1.0,87.4,-1.0,0.0,0.00,5.00,-1,0,0.000,0,0.00,-1.54,0,0,1,0.0,4,0.00,0.000,0.00,0.00,0.698,0.289,0.000,-1.000,-1.000,-1.000,-1.000,None,25.9,-1.0,0,4,0.00,0,0,0,0,0.00,2,0,0.985,0.780,-1,-1,-1,-1,-1,-1,-1,-1,-999,-1,-1,0,-1,-1,-1,34.2,0,0.00,0,0,-1,-1,-1,-1,-1,-1,0,0
738,12.3000,air,release,216.316,-517.988,22.506,11.740,-31.211,24.604,41.440,33.346,21.616,0.00,0.00,0.00,0.00,0.000,3,,0,0.00,0.00,0.00,218.940,-514.358,22.706,-125.84,-10.45,68.40,4.484,0.428,-0.05,1.00,0,0,1,0,0,0,-10.45,-11.11,-12.32,0.1556,0.1696,0.3942,1,4.484,0,0.398,0,air_spread,releaseSpread,1.000,0,0.550 0.197 -0.110 0.358 0.221 -0.237 -0.822 -0.126 -0.737 -0.273,218.75,-513.86,22.29,-10.34,-126.08,100.68,-1,-1,-1,-1,0.212,0.290 -0.152 -0.154 -0.264,-1.0,0,-1.000,-1.000,0.4843,-3.66,,-1.000,0.0,0.0,0.0,,,69.0,67.7,42.0,,0.000,0.0,11.5,-1.00,-1.0,0.0,0,3373,-1.0,87.7,-1.0,0.0,0.00,5.00,-1,0,0.000,0,0.00,-4.11,0,0,1,0.0,4,0.00,0.000,0.00,0.00,0.641,0.267,0.000,-1.000,-1.000,-1.000,-1.000,None,23.4,-1.0,0,4,0.00,0,0,0,0,0.00,2,0,1.000,0.794,-1,-1,-1,-1,-1,-1,-1,-1,-999,-1,-1,0,-1,-1,-1,34.2,0,0.00,0,0,-1,-1,-1,-1,-1,-1,0,0
739,12.3167,air,release,216.512,-518.508,22.911,11.740,-31.211,24.204,41.204,33.346,22.021,0.00,0.00,0.00,0.00,0.000,3,,0,0.00,0.00,0.00,219.125,-514.858,23.111,-125.59,-10.56,68.49,4.494,0.444,-0.06,1.00,0,0,1,0,0,0,-10.56,-11.55,-12.33,0.1477,0.1678,0.3928,1,4.494,0,0.397,0,air_spread,releaseSpread,1.000,0,0.541 0.212 -0.136 0.332 0.210 -0.215 -0.818 -0.160 -0.733 -0.297,218.94,-514.36,22.71,-10.45,-125.84,100.78,-1,-1,-1,-1,0.223,0.262 -0.131 -0.183 -0.283,-1.0,0,-1.000,-1.000,0.4839,-3.60,,-1.000,0.0,0.0,0.0,,,67.8,66.7,38.0,,0.000,0.0,11.5,-1.00,-1.0,0.0,0,3340,-1.0,87.9,-1.0,0.0,0.00,5.00,-1,0,0.000,0,0.00,-4.11,0,0,1,0.0,4,0.00,0.000,0.00,0.00,0.621,0.259,0.000,-1.000,-1.000,-1.000,-1.000,None,21.2,-1.0,0,4,0.00,0,0,0,0,0.00,2,0,1.000,0.806,-1,-1,-1,-1,-1,-1,-1,-1,-999,-1,-1,0,-1,-1,-1,34.2,0,0.00,0,0,-1,-1,-1,-1,-1,-1,0,0
740,12.3333,air,release,216.708,-519.028,23.309,11.740,-31.211,23.804,40.970,33.346,22.419,0.00,0.00,0.00,0.00,0.000,3,,0,0.00,0.00,0.00,219.310,-515.357,23.509,-125.31,-10.66,68.58,4.505,0.460,-0.07,1.00,0,0,1,0,0,0,-10.66,-12.02,-12.35,0.1457,0.1658,0.3936,1,4.505,0,0.395,0,air_spread,releaseSpread,1.000,0,0.533 0.225 -0.153 0.309 0.210 -0.198 -0.812 -0.187 -0.725 -0.311,219.13,-514.86,23.11,-10.56,-125.59,100.87,-1,-1,-1,-1,0.231,0.237 -0.114 -0.206 -0.293,-1.0,0,-1.000,-1.000,0.4837,-3.53,,-1.000,0.0,0.0,0.0,,,66.9,66.0,34.5,,0.000,0.0,11.5,-1.00,-1.0,0.0,0,3304,-1.0,88.2,-1.0,0.0,0.00,5.00,-1,0,0.000,0,0.00,-4.11,0,0,1,0.0,4,0.00,0.000,0.00,0.00,0.610,0.255,0.000,-1.000,-1.000,-1.000,-1.000,None,19.3,-1.0,0,4,0.00,0,0,0,0,0.00,2,0,1.000,0.815,-1,-1,-1,-1,-1,-1,-1,-1,-999,-1,-1,0,-1,-1,-1,34.2,0,0.00,0,0,-1,-1,-1,-1,-1,-1,0,0
741,12.3500,air,release,216.903,-519.549,23.701,11.740,-31.211,23.404,40.739,33.346,22.811,0.00,0.00,0.00,0.00,0.000,3,,0,0.00,0.00,0.00,219.493,-515.853,23.901,-125.01,-10.76,68.67,4.517,0.474,-0.08,1.00,0,0,1,0,0,0,-10.76,-12.52,-12.37,0.1447,0.1639,0.3947,1,4.517,0,0.394,0,air_spread,releaseSpread,1.000,0,0.526 0.234 -0.167 0.290 0.211 -0.183 -0.806 -0.209 -0.716 -0.322,219.31,-515.36,23.51,-10.66,-125.31,100.96,-1,-1,-1,-1,0.236,0.216 -0.099 -0.222 -0.299,-1.0,0,-1.000,-1.000,0.4835,-3.46,,-1.000,0.0,0.0,0.0,,,66.4,65.6,31.6,,0.000,0.0,11.5,-1.00,-1.0,0.0,0,3265,-1.0,88.4,-1.0,0.0,0.00,5.00,-1,0,0.000,0,0.00,-4.11,0,0,1,0.0,4,0.00,0.000,0.00,0.00,0.601,0.252,0.000,-1.000,-1.000,-1.000,-1.000,None,17.7,-1.0,0,4,0.00,0,0,0,0,0.00,2,0,1.000,0.822,-1,-1,-1,-1,-1,-1,-1,-1,-999,-1,-1,0,-1,-1,-1,34.2,0,0.00,0,0,-1,-1,-1,-1,-1,-1,0,0
742,12.3667,air,release,217.099,-520.069,24.086,11.740,-31.211,23.004,40.511,33.346,23.196,0.00,0.00,0.00,0.00,0.000,3,,0,0.00,0.00,0.00,219.675,-516.348,24.286,-124.68,-10.85,68.75,4.529,0.486,-0.09,1.00,0,0,1,0,0,0,-10.85,-13.03,-12.38,0.1432,0.1621,0.3953,1,4.529,0,0.393,0,air_spread,releaseSpread,1.000,0,0.520 0.240 -0.177 0.274 0.212 -0.171 -0.800 -0.224 -0.708 -0.328,219.49,-515.85,23.90,-10.76,-125.01,101.05,-1,-1,-1,-1,0.239,0.199 -0.087 -0.233 -0.300,-1.0,0,-1.000,-1.000,0.4834,-3.39,,-1.000,0.0,0.0,0.0,,,66.1,65.4,29.3,,0.000,0.0,11.5,-1.00,-1.0,0.0,0,3223,-1.0,88.8,-1.0,0.0,0.00,5.00,-1,0,0.000,0,0.00,-4.11,0,0,1,0.0,4,0.00,0.000,0.00,0.00,0.595,0.250,0.000,-1.000,-1.000,-1.000,-1.000,None,16.5,-1.0,0,4,0.00,0,0,0,0,0.00,2,0,1.000,0.826,-1,-1,-1,-1,-1,-1,-1,-1,-999,-1,-1,0,-1,-1,-1,34.2,0,0.00,0,0,-1,-1,-1,-1,-1,-1,0,0
743,12.3833,air,release,217.295,-520.589,24.464,11.740,-31.211,22.604,40.285,33.346,23.574,0.00,0.00,0.00,0.00,0.000,3,,0,0.00,0.00,0.00,219.855,-516.842,24.664,-124.34,-10.94,68.83,4.543,0.498,-0.10,1.00,0,0,1,0,0,0,-10.94,-13.55,-12.40,0.1411,0.1603,0.3954,1,4.543,0,0.392,0,air_spread,releaseSpread,1.000,0,0.513 0.244 -0.188 0.260 0.216 -0.160 -0.794 -0.235 -0.699 -0.332,219.67,-516.35,24.29,-10.85,-124.68,101.14,-1,-1,-1,-1,0.239,0.184 -0.076 -0.239 -0.298,-1.0,0,-1.000,-1.000,0.4831,-3.30,,-1.000,0.0,0.0,0.0,,,66.1,65.5,27.0,,0.000,0.0,11.5,-1.00,-1.0,0.0,0,3178,-1.0,89.1,-1.0,0.0,0.00,5.00,-1,0,0.000,0,0.00,-4.11,0,0,1,0.0,4,0.00,0.000,0.00,0.00,0.590,0.249,0.000,-1.000,-1.000,-1.000,-1.000,None,15.3,-1.0,0,4,0.00,0,0,0,0,0.00,2,0,1.000,0.828,-1,-1,-1,-1,-1,-1,-1,-1,-999,-1,-1,0,-1,-1,-1,34.2,0,0.00,0,0,-1,-1,-1,-1,-1,-1,0,0
744,12.4000,air,release,217.490,-521.109,24.836,11.740,-31.211,22.204,40.062,33.346,23.946,0.00,0.00,0.00,0.00,0.000,3,,0,0.00,0.00,0.00,220.035,-517.334,25.036,-123.97,-11.03,68.91,4.557,0.508,-0.11,0.99,0,0,1,0,0,0,-11.03,-14.09,-12.42,0.1385,0.1588,0.3951,1,4.557,0,0.391,0,air_spread,releaseSpread,1.000,0,0.508 0.246 -0.195 0.249 0.220 -0.151 -0.789 -0.241 -0.692 -0.332,219.86,-516.84,24.66,-10.94,-124.34,101.22,-1,-1,-1,-1,0.237,0.172 -0.067 -0.239 -0.292,-1.0,0,-1.000,-1.000,0.4830,-3.19,,-1.000,0.0,0.0,0.0,,,66.3,65.8,25.3,,0.000,0.0,11.5,-1.00,-1.0,0.0,0,3131,-1.0,89.4,-1.0,0.0,0.00,5.00,-1,0,0.000,0,0.00,-6.44,0,0,1,0.0,4,0.00,0.000,0.00,0.00,0.589,0.248,0.000,-1.000,-1.000,-1.000,-1.000,None,14.4,-1.0,0,4,0.00,0,0,0,0,0.00,2,0,1.000,0.827,-1,-1,-1,-1,-1,-1,-1,-1,-999,-1,-1,0,-1,-1,-1,34.2,0,0.00,0,0,-1,-1,-1,-1,-1,-1,0,0
745,12.4167,air,release,217.686,-521.629,25.201,11.740,-31.211,21.804,39.842,33.346,24.311,0.00,0.00,0.00,0.00,0.000,3,,0,0.00,0.00,0.00,220.213,-517.824,25.401,-123.58,-11.11,68.98,4.573,0.517,-0.12,0.99,0,0,1,0,0,0,-11.11,-14.63,-12.43,0.1357,0.1577,0.3942,1,4.573,0,0.390,0,air_spread,releaseSpread,1.000,0,0.505 0.246 -0.201 0.242 0.225 -0.143 -0.785 -0.242 -0.685 -0.329,220.03,-517.33,25.04,-11.03,-123.97,101.30,-1,-1,-1,-1,0.233,0.164 -0.059 -0.236 -0.284,-1.0,0,-1.000,-1.000,0.4829,-3.09,,-1.000,0.0,0.0,0.0,,,66.7,66.3,24.3,,0.000,0.0,11.5,-1.00,-1.0,0.0,0,3081,-1.0,89.8,-1.0,0.0,0.00,5.00,-1,0,0.000,0,0.00,-6.44,0,0,1,0.0,4,0.00,0.000,0.00,0.00,0.589,0.248,0.000,-1.000,-1.000,-1.000,-1.000,None,13.9,-1.0,0,4,0.00,0,0,0,0,0.00,2,0,1.000,0.825,-1,-1,-1,-1,-1,-1,-1,-1,-999,-1,-1,0,-1,-1,-1,34.2,0,0.00,0,0,-1,-1,-1,-1,-1,-1,0,0
746,12.4333,air,release,217.882,-522.150,25.559,11.740,-31.211,21.404,39.624,33.346,24.669,0.00,0.00,0.00,0.00,0.000,3,,0,0.00,0.00,0.00,220.391,-518.313,25.759,-123.18,-11.18,69.05,4.588,0.524,-0.13,0.99,0,0,1,0,0,0,-11.18,-15.19,-12.45,0.1325,0.1568,0.3929,1,4.588,0,0.389,0,air_spread,releaseSpread,1.000,0,0.503 0.244 -0.204 0.238 0.230 -0.138 -0.783 -0.238 -0.681 -0.322,220.21,-517.82,25.40,-11.11,-123.58,101.38,-1,-1,-1,-1,0.228,0.160 -0.053 -0.228 -0.273,-1.0,0,-1.000,-1.000,0.4829,-2.97,,-1.000,0.0,0.0,0.0,,,67.2,66.9,24.1,,0.000,0.0,11.5,-1.00,-1.0,0.0,0,3029,-1.0,90.2,-1.0,0.0,0.00,5.00,-1,0,0.000,0,0.00,-6.44,0,0,1,0.0,4,0.00,0.000,0.00,0.00,0.590,0.249,0.000,-1.000,-1.000,-1.000,-1.000,None,13.8,-1.0,0,4,0.00,0,0,0,0,0.00,2,0,1.000,0.822,-1,-1,-1,-1,-1,-1,-1,-1,-999,-1,-1,0,-1,-1,-1,34.2,0,0.00,0,0,-1,-1,-1,-1,-1,-1,0,0
747,12.4500,air,release,218.077,-522.670,25.911,11.673,-31.236,21.004,39.410,33.346,25.021,0.00,0.00,0.00,0.00,0.000,3,,0,0.00,0.00,0.00,220.566,-518.802,26.111,-122.76,-11.25,69.12,4.604,0.530,-0.14,0.99,0,0,1,0,0,0,-11.25,-15.75,-12.47,0.1292,0.1559,0.3915,1,4.604,0,0.388,0,air_spread,releaseSpread,1.000,0,0.501 0.242 -0.207 0.234 0.237 -0.131 -0.780 -0.234 -0.676 -0.315,220.39,-518.31,25.76,-11.18,-123.18,101.45,-1,-1,-1,-1,0.222,0.155 -0.046 -0.219 -0.262,-1.0,0,-1.000,-1.000,0.4828,-2.85,,-1.000,0.0,0.0,0.0,,,67.8,67.4,24.0,,0.000,0.0,11.5,-1.00,-1.0,0.0,0,2975,-1.0,90.6,-1.0,0.0,0.00,5.00,-1,0,0.000,0,0.00,-6.44,0,0,1,0.0,4,0.00,0.000,0.00,0.00,0.593,0.250,0.000,-1.000,-1.000,-1.000,-1.000,None,13.7,-1.0,0,4,0.00,0,0,0,0,0.00,2,0,1.000,0.816,-1,-1,-1,-1,-1,-1,-1,-1,-999,-1,-1,0,-1,-1,-1,34.2,0,0.00,0,0,-1,-1,-1,-1,-1,-1,0,0
748,12.4667,air,rise,218.270,-523.191,26.256,11.575,-31.272,20.604,39.198,33.346,25.366,0.00,0.00,0.00,0.00,0.000,3,,0,0.00,0.00,0.00,220.731,-519.305,26.456,-122.34,-11.33,69.18,4.604,0.535,-0.15,0.99,0,0,1,0,0,0,-11.33,-16.31,-12.48,0.1263,0.1554,0.3901,1,4.604,0,0.387,0,air_spread,releaseSpread,1.000,0,0.498 0.240 -0.211 0.231 0.245 -0.124 -0.776 -0.229 -0.668 -0.308,220.57,-518.80,26.11,-11.25,-122.76,101.52,-1,-1,-1,-1,0.217,0.151 -0.039 -0.209 -0.249,-1.0,0,-1.000,-1.000,0.4827,-2.73,,-1.000,0.0,0.0,0.0,,,68.4,68.0,23.8,,0.000,0.0,11.5,-1.00,-1.0,0.0,0,2921,-1.0,91.0,-1.0,0.0,0.00,5.00,-1,0,0.000,0,0.00,-6.44,0,0,1,0.0,4,0.00,0.000,0.00,0.00,0.596,0.252,0.000,-1.000,-1.000,-1.000,-1.000,None,13.5,-1.0,0,4,0.00,0,0,0,0,0.00,2,0,1.000,0.809,-1,-1,-1,-1,-1,-1,-1,-1,-999,-1,-1,0,-1,-1,-1,34.2,0,0.00,0,0,-1,-1,-1,-1,-1,-1,0,0
749,12.4833,air,rise,218.461,-523.713,26.595,11.448,-31.319,20.204,38.989,33.346,25.705,0.00,0.00,0.00,0.00,0.000,3,,0,0.00,0.00,0.00,220.893,-519.808,26.795,-121.91,-11.40,69.24,4.604,0.538,-0.16,0.99,0,0,1,0,0,0,-11.40,-16.87,-12.50,0.1245,0.1549,0.3893,1,4.604,0,0.386,0,air_spread,releaseSpread,1.000,0,0.494 0.238 -0.215 0.227 0.255 -0.116 -0.771 -0.223 -0.660 -0.299,220.73,-519.30,26.46,-11.33,-122.34,101.59,-1,-1,-1,-1,0.212,0.146 -0.031 -0.199 -0.235,-1.0,0,-1.000,-1.000,0.4825,-2.61,,-1.000,0.0,0.0,0.0,,,68.9,68.6,23.5,,0.000,0.0,11.5,-1.00,-1.0,0.0,0,2867,-1.0,91.4,-1.0,0.0,0.00,5.00,-1,0,0.000,0,0.00,-6.44,0,0,1,0.0,4,0.00,0.000,0.00,0.00,0.601,0.254,0.000,-1.000,-1.000,-1.000,-1.000,None,13.3,-1.0,0,4,0.00,0,0,0,0,0.00,2,0,1.000,0.801,-1,-1,-1,-1,-1,-1,-1,-1,-999,-1,-1,0,-1,-1,-1,34.2,0,0.00,0,0,-1,-1,-1,-1,-1,-1,0,0
750,12.5000,air,rise,218.650,-524.236,26.926,11.290,-31.377,19.804,38.783,33.346,26.036,0.00,0.00,0.00,0.00,0.000,3,,0,0.00,0.00,0.00,221.053,-520.313,27.126,-121.49,-11.47,69.29,4.604,0.539,-0.17,0.98,0,0,1,0,0,0,-11.47,-17.43,-12.52,0.1230,0.1543,0.3887,1,4.604,0,0.386,0,air_spread,releaseSpread,1.000,0,0.490 0.236 -0.220 0.224 0.267 -0.107 -0.766 -0.217 -0.650 -0.290,220.89,-519.81,26.79,-11.40,-121.91,101.65,-1,-1,-1,-1,0.206,0.141 -0.021 -0.188 -0.221,-1.0,0,-1.000,-1.000,0.4824,-2.49,,-1.000,0.0,0.0,0.0,,,69.5,69.2,23.1,,0.000,0.0,11.5,-1.00,-1.0,0.0,0,2813,-1.0,91.9,-1.0,0.0,0.00,5.00,-1,0,0.000,0,0.00,-8.53,0,0,1,0.0,4,0.00,0.000,0.00,0.00,0.606,0.257,0.000,-1.000,-1.000,-1.000,-1.000,None,13.1,-1.0,0,4,0.00,0,0,0,0,0.00,2,0,1.000,0.792,-1,-1,-1,-1,-1,-1,-1,-1,-999,-1,-1,0,-1,-1,-1,34.2,0,0.00,0,0,-1,-1,-1,-1,-1,-1,0,0
751,12.5167,air,rise,218.836,-524.759,27.251,11.101,-31.444,19.404,38.581,33.346,26.361,0.00,0.00,0.00,0.00,0.000,3,,0,0.00,0.00,0.00,221.209,-520.819,27.451,-121.06,-11.54,69.34,4.604,0.538,-0.19,0.98,0,0,1,0,0,0,-11.54,-18.00,-12.53,0.1214,0.1536,0.3882,1,4.604,0,0.385,0,air_spread,releaseSpread,1.000,0,0.484 0.234 -0.225 0.219 0.280 -0.097 -0.759 -0.211 -0.638 -0.281,221.05,-520.31,27.13,-11.47,-121.49,101.71,-1,-1,-1,-1,0.201,0.136 -0.011 -0.176 -0.205,-1.0,0,-1.000,-1.000,0.4823,-2.37,,-1.000,0.0,0.0,0.0,,,70.1,69.9,22.5,,0.000,0.0,11.5,-1.00,-1.0,0.0,0,2760,-1.0,92.3,-1.0,0.0,0.00,5.00,-1,0,0.000,0,0.00,-8.53,0,0,1,0.0,4,0.00,0.000,0.00,0.00,0.613,0.260,0.000,-1.000,-1.000,-1.000,-1.000,None,12.9,-1.0,0,4,0.00,0,0,0,0,0.00,2,0,1.000,0.781,-1,-1,-1,-1,-1,-1,-1,-1,-999,-1,-1,0,-1,-1,-1,34.2,0,0.00,0,0,-1,-1,-1,-1,-1,-1,0,0
752,12.5333,air,rise,219.018,-525.284,27.570,10.882,-31.520,19.004,38.381,33.346,26.680,0.00,0.00,0.00,0.00,0.000,3,,0,0.00,0.00,0.00,221.363,-521.327,27.770,-120.64,-11.60,69.39,4.604,0.535,-0.20,0.98,0,0,1,0,0,0,-11.60,-18.56,-12.55,0.1197,0.1536,0.3876,1,4.604,0,0.384,0,air_spread,releaseSpread,1.000,0,0.478 0.233 -0.232 0.215 0.295 -0.085 -0.752 -0.204 -0.625 -0.270,221.21,-520.82,27.45,-11.54,-121.06,101.76,-1,-1,-1,-1,0.195,0.129 0.001 -0.164 -0.188,-1.0,0,-1.000,-1.000,0.4826,-2.25,,-1.000,0.0,0.0,0.0,,,70.7,70.5,21.7,,0.000,0.0,11.5,-1.00,-1.0,0.0,0,2707,-1.0,92.7,-1.0,0.0,0.00,5.00,-1,0,0.000,0,0.00,-8.53,0,0,1,0.0,4,0.00,0.000,0.00,0.00,0.620,0.263,0.000,-1.000,-1.000,-1.000,-1.000,None,12.7,-1.0,0,4,0.00,0,0,0,0,0.00,2,0,1.000,0.770,-1,-1,-1,-1,-1,-1,-1,-1,-999,-1,-1,0,-1,-1,-1,34.2,0,0.00,0,0,-1,-1,-1,-1,-1,-1,0,0
753,12.5500,air,rise,219.197,-525.811,27.882,10.633,-31.605,18.604,38.184,33.346,26.992,0.00,0.00,0.00,0.00,0.000,3,,0,0.00,0.00,0.00,221.512,-521.836,28.082,-120.22,-11.66,69.44,4.604,0.532,-0.21,0.98,0,0,1,0,0,0,-11.66,-19.11,-12.57,0.1179,0.1536,0.3871,1,4.604,0,0.383,0,air_spread,releaseSpread,1.000,0,0.472 0.231 -0.239 0.210 0.311 -0.072 -0.744 -0.196 -0.610 -0.258,221.36,-521.33,27.77,-11.60,-120.64,101.81,-1,-1,-1,-1,0.189,0.122 0.014 -0.151 -0.171,-1.0,0,-1.000,-1.000,0.4829,-2.14,,-1.000,0.0,0.0,0.0,,,71.3,71.1,20.8,,0.000,0.0,11.5,-1.00,-1.0,0.0,0,2656,-1.0,93.1,-1.0,0.0,0.00,5.00,-1,0,0.000,0,0.00,-8.53,0,0,1,0.0,4,0.00,0.000,0.00,0.00,0.628,0.267,0.000,-1.000,-1.000,-1.000,-1.000,None,12.4,-1.0,0,4,0.00,0,0,0,0,0.00,2,0,1.000,0.758,-1,-1,-1,-1,-1,-1,-1,-1,-999,-1,-1,0,-1,-1,-1,34.2,0,0.00,0,0,-1,-1,-1,-1,-1,-1,0,0
754,12.5667,air,rise,219.370,-526.339,28.187,10.352,-31.699,18.204,37.991,33.346,27.297,0.00,0.00,0.00,0.00,0.000,3,,0,0.00,0.00,0.00,221.657,-522.347,28.387,-119.81,-11.72,69.48,4.604,0.527,-0.22,0.97,0,0,1,0,0,0,-11.72,-19.67,-12.58,0.1159,0.1534,0.3867,1,4.604,0,0.383,0,air_spread,releaseSpread,1.000,0,0.464 0.229 -0.246 0.203 0.329 -0.058 -0.735 -0.189 -0.594 -0.246,221.51,-521.84,28.08,-11.66,-120.22,101.86,-1,-1,-1,-1,0.183,0.114 0.028 -0.138 -0.152,-1.0,0,-1.000,-1.000,0.4833,-2.04,,-1.000,0.0,0.0,0.0,,,71.9,71.8,19.7,,0.000,0.0,11.5,-1.00,-1.0,0.0,0,2606,-1.0,93.5,-1.0,0.0,0.00,5.00,-1,0,0.000,0,0.00,-8.53,0,0,1,0.0,4,0.00,0.000,0.00,0.00,0.637,0.270,0.000,-1.000,-1.000,-1.000,-1.000,None,12.2,-1.0,0,4,0.00,0,0,0,0,0.00,2,0,1.000,0.744,-1,-1,-1,-1,-1,-1,-1,-1,-999,-1,-1,0,-1,-1,-1,34.2,0,0.00,0,0,-1,-1,-1,-1,-1,-1,0,0
755,12.5833,air,rise,219.539,-526.868,28.485,10.039,-31.799,17.804,37.801,33.346,27.595,0.00,0.00,0.00,0.00,0.000,3,,0,0.00,0.00,0.00,221.798,-522.861,28.685,-119.41,-11.77,69.51,4.604,0.521,-0.24,0.97,0,0,1,0,0,0,-11.77,-20.21,-12.60,0.1137,0.1531,0.3863,1,4.604,0,0.382,0,air_spread,releaseSpread,1.000,0,0.456 0.227 -0.254 0.196 0.347 -0.042 -0.725 -0.180 -0.576 -0.232,221.66,-522.35,28.39,-11.72,-119.81,101.90,-1,-1,-1,-1,0.177,0.105 0.043 -0.125 -0.132,-1.0,0,-1.000,-1.000,0.4838,-1.94,,-1.000,0.0,0.0,0.0,,,72.5,72.4,18.5,,0.000,0.0,11.5,-1.00,-1.0,0.0,0,2558,-1.0,93.9,-1.0,0.0,0.00,5.00,-1,0,0.000,0,0.00,-8.53,0,0,1,0.0,4,0.00,0.000,0.00,0.00,0.647,0.275,0.000,-1.000,-1.000,-1.000,-1.000,None,12.0,-1.0,0,4,0.00,0,0,0,0,0.00,2,0,1.000,0.730,-1,-1,-1,-1,-1,-1,-1,-1,-999,-1,-1,0,-1,-1,-1,34.2,0,0.00,0,0,-1,-1,-1,-1,-1,-1,0,0
756,12.6000,air,rise,219.702,-527.400,28.777,9.695,-31.905,17.404,37.614,33.346,27.887,0.00,0.00,0.00,0.00,0.000,3,,0,0.00,0.00,0.00,221.934,-523.377,28.977,-119.02,-11.83,69.55,4.604,0.514,-0.25,0.97,0,0,1,0,0,0,-11.83,-20.76,-12.62,0.1113,0.1527,0.3859,1,4.604,0,0.382,0,air_spread,releaseSpread,1.000,0,0.446 0.225 -0.263 0.188 0.367 -0.025 -0.715 -0.172 -0.558 -0.217,221.80,-522.86,28.68,-11.77,-119.41,101.94,-1,-1,-1,-1,0.170,0.095 0.060 -0.111 -0.112,-1.0,0,-1.000,-1.000,0.4842,-1.84,,-1.000,0.0,0.0,0.0,,,73.2,73.1,17.1,,0.000,0.0,11.5,-1.00,-1.0,0.0,0,2512,-1.0,94.3,-1.0,0.0,0.00,5.00,-1,0,0.000,0,0.00,-10.38,0,0,1,0.0,4,0.00,0.000,0.00,0.00,0.657,0.279,0.000,-1.000,-1.000,-1.000,-1.000,None,11.8,-1.0,0,4,0.00,0,0,0,0,0.00,2,0,1.000,0.716,-1,-1,-1,-1,-1,-1,-1,-1,-999,-1,-1,0,-1,-1,-1,34.2,0,0.00,0,0,-1,-1,-1,-1,-1,-1,0,0
757,12.6167,air,rise,219.859,-527.933,29.062,9.320,-32.017,17.004,37.431,33.346,28.172,0.00,0.00,0.00,0.00,0.000,3,,0,0.00,0.00,0.00,222.065,-523.896,29.262,-118.65,-11.87,69.57,4.604,0.507,-0.26,0.97,0,0,1,0,0,0,-11.87,-21.29,-12.63,0.1088,0.1521,0.3855,1,4.604,0,0.381,0,air_fallCalm,releaseSpread,1.000,0,0.436 0.223 -0.272 0.179 0.387 -0.006 -0.704 -0.163 -0.538 -0.201,221.93,-523.38,28.98,-11.83,-119.02,101.97,-1,-1,-1,-1,0.163,0.084 0.077 -0.097 -0.090,-1.0,0,-1.000,-1.000,0.4846,-1.75,,-1.000,0.0,0.0,0.0,,,73.9,73.9,15.5,,0.000,0.0,11.5,-1.00,-1.0,0.0,0,2468,-1.0,94.7,-1.0,0.0,0.00,5.00,-1,0,0.000,0,0.00,-10.38,0,0,1,0.0,4,0.00,0.000,0.00,0.00,0.669,0.283,0.000,-1.000,-1.000,-1.000,-1.000,None,11.7,-1.0,0,4,0.00,0,0,0,0,0.00,2,0,1.000,0.701,-1,-1,-1,-1,-1,-1,-1,-1,-999,-1,-1,0,-1,-1,-1,34.2,0,0.00,0,0,-1,-1,-1,-1,-1,-1,0,0
758,12.6333,air,rise,220.009,-528.468,29.340,8.912,-32.133,16.604,37.251,33.346,28.450,0.00,0.00,0.00,0.00,0.000,3,,0,0.00,0.00,0.00,222.190,-524.417,29.540,-118.29,-11.92,69.60,4.604,0.499,-0.27,0.96,0,0,1,0,0,0,-11.92,-21.82,-12.65,0.1093,0.1512,0.3836,1,4.604,0,0.381,0,air_fallCalm,releaseSpread,1.000,0,0.426 0.221 -0.282 0.170 0.407 0.015 -0.692 -0.156 -0.517 -0.187,222.06,-523.90,29.26,-11.87,-118.65,102.00,-1,-1,-1,-1,0.158,0.072 0.096 -0.085 -0.070,-1.0,0,-1.000,-1.000,0.4850,-1.67,,-1.000,0.0,0.0,0.0,,,74.5,74.4,13.7,,0.000,0.0,11.5,-1.00,-1.0,0.0,0,2426,-1.0,95.1,-1.0,0.0,0.00,5.00,-1,0,0.000,0,0.00,-10.38,0,0,1,0.0,4,0.00,0.000,0.00,0.00,0.681,0.288,0.000,-1.000,-1.000,-1.000,-1.000,None,11.5,-1.0,0,4,0.00,0,0,0,0,0.00,2,0,1.000,0.685,-1,-1,-1,-1,-1,-1,-1,-1,-999,-1,-1,0,-1,-1,-1,34.2,0,0.00,0,0,-1,-1,-1,-1,-1,-1,0,0
759,12.6500,air,rise,220.152,-529.005,29.612,8.472,-32.252,16.204,37.074,33.346,28.722,0.00,0.00,0.00,0.00,0.000,3,,0,0.00,0.00,0.00,222.308,-524.941,29.812,-117.95,-11.96,69.62,4.604,0.490,-0.29,0.96,0,0,1,0,0,0,-11.96,-22.34,-12.67,0.1115,0.1500,0.3812,1,4.604,0,0.380,0,air_fallCalm,releaseSpread,1.000,0,0.413 0.223 -0.292 0.161 0.428 0.038 -0.680 -0.152 -0.496 -0.176,222.19,-524.42,29.54,-11.92,-118.29,102.03,-1,-1,-1,-1,0.155,0.061 0.117 -0.077 -0.054,-1.0,0,-1.000,-1.000,0.4854,-1.59,,-1.000,0.0,0.0,0.0,,,74.8,74.7,11.3,,0.000,0.0,11.5,-1.00,-1.0,0.0,0,2387,-1.0,95.4,-1.0,0.0,0.00,5.00,-1,0,0.000,0,0.00,-10.38,0,0,1,0.0,4,0.00,0.000,0.00,0.00,0.694,0.293,0.000,-1.000,-1.000,-1.000,-1.000,None,11.1,-1.0,0,4,0.00,0,0,0,0,0.00,2,0,1.000,0.670,-1,-1,-1,-1,-1,-1,-1,-1,-999,-1,-1,0,-1,-1,-1,34.2,0,0.00,0,0,-1,-1,-1,-1,-1,-1,0,0
760,12.6667,air,rise,220.288,-529.544,29.877,7.999,-32.372,15.804,36.901,33.346,28.987,0.00,0.00,0.00,0.00,0.000,3,,0,0.00,0.00,0.00,222.421,-525.468,30.077,-117.63,-12.00,69.64,4.604,0.481,-0.30,0.95,0,0,1,0,0,0,-12.00,-22.86,-12.68,0.1147,0.1495,0.3791,1,4.604,0,0.380,0,air_fallCalm,releaseSpread,1.000,0,0.400 0.227 -0.304 0.151 0.447 0.063 -0.666 -0.153 -0.473 -0.167,222.31,-524.94,29.81,-11.96,-117.95,102.05,-1,-1,-1,-1,0.155,0.049 0.140 -0.073 -0.041,-1.0,0,-1.000,-1.000,0.4862,-1.51,,-1.000,0.0,0.0,0.0,,,74.8,74.8,8.5,,0.000,0.0,11.5,-1.00,-1.0,0.0,0,2350,-1.0,95.8,-1.0,0.0,0.00,5.00,-1,0,0.000,0,0.00,-10.38,0,0,1,0.0,4,0.00,0.000,0.00,0.00,0.707,0.298,0.000,-1.000,-1.000,-1.000,-1.000,None,10.4,-1.0,0,4,0.00,0,0,0,0,0.00,2,0,1.000,0.653,-1,-1,-1,-1,-1,-1,-1,-1,-999,-1,-1,0,-1,-1,-1,34.2,0,0.00,0,0,-1,-1,-1,-1,-1,-1,0,0
761,12.6833,air,rise,220.415,-530.085,30.135,7.493,-32.493,15.404,36.732,33.346,29.245,0.00,0.00,0.00,0.00,0.000,3,,0,0.00,0.00,0.00,222.526,-525.998,30.335,-117.32,-12.03,69.65,4.604,0.471,-0.31,0.95,0,0,1,0,0,0,-12.03,-23.37,-12.70,0.1194,0.1512,0.3775,1,4.604,0,0.379,0,air_fallCalm,releaseSpread,1.000,0,0.385 0.232 -0.316 0.143 0.466 0.091 -0.652 -0.156 -0.449 -0.162,222.42,-525.47,30.08,-12.00,-117.63,102.07,-1,-1,-1,-1,0.156,0.039 0.164 -0.072 -0.031,-1.0,0,-1.000,-1.000,0.4883,-1.44,,-1.000,0.0,0.0,0.0,,,74.6,74.6,5.5,,0.000,0.0,11.5,-1.00,-1.0,0.0,0,2316,-1.0,96.1,-1.0,0.0,0.00,5.00,-1,0,0.000,0,0.00,-10.38,0,0,1,0.0,4,0.00,0.000,0.00,0.00,0.722,0.303,0.000,-1.000,-1.000,-1.000,-1.000,None,9.5,-1.0,0,4,0.00,0,0,0,0,0.00,2,0,1.000,0.637,-1,-1,-1,-1,-1,-1,-1,-1,-999,-1,-1,0,-1,-1,-1,34.2,0,0.00,0,0,-1,-1,-1,-1,-1,-1,0,0
762,12.7000,air,rise,220.533,-530.628,30.387,6.954,-32.613,15.004,36.566,33.346,29.497,0.00,0.00,0.00,0.00,0.000,3,,0,0.00,0.00,0.00,222.624,-526.531,30.587,-117.04,-12.06,69.66,4.604,0.461,-0.32,0.95,0,0,1,0,0,0,-12.06,-23.87,-12.72,0.1243,0.1526,0.3760,1,4.604,0,0.379,0,air_fallCalm,releaseSpread,1.000,0,0.369 0.239 -0.329 0.134 0.483 0.119 -0.637 -0.160 -0.425 -0.158,222.53,-526.00,30.34,-12.03,-117.32,102.09,-1,-1,-1,-1,0.159,0.028 0.189 -0.072 -0.023,-1.0,0,-1.000,-1.000,0.4903,-1.37,,-1.000,0.0,0.0,0.0,,,74.3,74.3,2.4,,0.000,0.0,11.5,-1.00,-1.0,0.0,0,2285,-1.0,96.4,-1.0,0.0,0.00,5.00,-1,0,0.000,0,0.00,-11.99,0,0,1,0.0,4,0.00,0.000,0.00,0.00,0.737,0.308,0.000,-1.000,-1.000,-1.000,-1.000,None,8.6,-1.0,0,4,0.00,0,0,0,0,0.00,2,0,1.000,0.620,-1,-1,-1,-1,-1,-1,-1,-1,-999,-1,-1,0,-1,-1,-1,34.2,0,0.00,0,0,-1,-1,-1,-1,-1,-1,0,0
763,12.7167,air,rise,220.642,-531.173,30.632,6.382,-32.730,14.604,36.404,33.346,29.742,0.00,0.00,0.00,0.00,0.000,3,,0,0.00,0.00,0.00,222.714,-527.066,30.832,-116.78,-12.09,69.67,4.604,0.451,-0.34,0.94,0,0,1,0,0,0,-12.09,-24.36,-12.73,0.1292,0.1539,0.3745,1,4.604,0,0.378,0,air_fallCalm,releaseSpread,1.000,0,0.352 0.247 -0.342 0.126 0.499 0.149 -0.622 -0.167 -0.400 -0.155,222.62,-526.53,30.59,-12.06,-117.04,102.10,-1,-1,-1,-1,0.163,0.019 0.215 -0.075 -0.017,-1.0,0,-1.000,-1.000,0.4923,-1.30,,-1.000,0.0,0.0,0.0,,,74.0,74.0,-0.8,,0.000,0.0,11.5,-1.00,-1.0,0.0,0,2257,-1.0,96.7,-1.0,0.0,0.00,5.00,-1,0,0.000,0,0.00,-11.99,0,0,1,0.0,4,0.00,0.000,0.00,0.00,0.752,0.313,0.000,-1.000,-1.000,-1.000,-1.000,None,7.6,-1.0,0,4,0.00,0,0,0,0,0.00,2,0,1.000,0.604,-1,-1,-1,-1,-1,-1,-1,-1,-999,-1,-1,0,-1,-1,-1,34.2,0,0.00,0,0,-1,-1,-1,-1,-1,-1,0,0
764,12.7333,air,rise,220.740,-531.720,30.871,5.776,-32.842,14.204,36.245,33.346,29.981,0.00,0.00,0.00,0.00,0.000,3,,0,0.00,0.00,0.00,222.796,-527.605,31.071,-116.54,-12.12,69.68,4.604,0.440,-0.35,0.94,0,0,1,0,0,0,-12.12,-24.85,-12.75,0.1341,0.1548,0.3732,1,4.604,0,0.378,0,air_fallCalm,fallCalm,1.000,0,0.334 0.255 -0.356 0.119 0.513 0.180 -0.606 -0.174 -0.375 -0.152,222.71,-527.07,30.83,-12.09,-116.78,102.11,-1,-1,-1,-1,0.168,0.010 0.241 -0.078 -0.011,-1.0,0,-1.000,-1.000,0.4943,-1.24,,-1.000,0.0,0.0,0.0,,,73.5,73.5,-3.7,,0.000,0.0,11.5,-1.00,-1.0,0.0,0,2231,-1.0,96.9,-1.0,0.0,0.00,5.00,-1,0,0.000,0,0.00,-11.99,0,0,1,0.0,4,0.00,0.000,0.00,0.00,0.767,0.318,0.000,-1.000,-1.000,-1.000,-1.000,None,6.7,-1.0,0,4,0.00,0,0,0,0,0.00,2,0,1.000,0.587,-1,-1,-1,-1,-1,-1,-1,-1,-999,-1,-1,0,-1,-1,-1,34.2,0,0.00,0,0,-1,-1,-1,-1,-1,-1,0,0
765,12.7500,air,rise,220.829,-532.269,31.102,5.137,-32.948,13.804,36.090,33.346,30.212,0.00,0.00,0.00,0.00,0.000,3,,0,0.00,0.00,0.00,222.869,-528.146,31.302,-116.33,-12.14,69.68,4.604,0.430,-0.36,0.93,0,0,1,0,0,0,-12.14,-25.33,-12.77,0.1386,0.1554,0.3720,1,4.604,0,0.378,0,air_fallCalm,fallCalm,1.000,0,0.316 0.263 -0.370 0.112 0.526 0.211 -0.590 -0.181 -0.349 -0.150,222.80,-527.60,31.07,-12.12,-116.54,102.11,-1,-1,-1,-1,0.173,0.002 0.267 -0.081 -0.006,-1.0,0,-1.000,-1.000,0.4961,-1.18,,-1.000,0.0,0.0,0.0,,,73.1,73.0,-6.5,,0.000,0.0,11.5,-1.00,-1.0,0.0,0,2209,-1.0,97.2,-1.0,0.0,0.00,5.00,-1,0,0.000,0,0.00,-11.99,0,0,1,0.0,4,0.00,0.000,0.00,0.00,0.783,0.324,0.000,-1.000,-1.000,-1.000,-1.000,None,5.8,-1.0,0,4,0.00,0,0,0,0,0.00,2,0,1.000,0.570,-1,-1,-1,-1,-1,-1,-1,-1,-999,-1,-1,0,-1,-1,-1,34.2,0,0.00,0,0,-1,-1,-1,-1,-1,-1,0,0
766,12.7667,air,rise,220.906,-532.819,31.327,4.464,-33.046,13.404,35.939,33.346,30.437,0.00,0.00,0.00,0.00,0.000,3,,0,0.00,0.00,0.00,222.933,-528.689,31.527,-116.14,-12.16,69.67,4.604,0.420,-0.37,0.93,0,0,1,0,0,0,-12.16,-25.79,-12.78,0.1427,0.1557,0.3709,1,4.604,0,0.378,0,air_fallCalm,fallCalm,1.000,0,0.297 0.270 -0.383 0.106 0.537 0.241 -0.573 -0.187 -0.324 -0.148,222.87,-528.15,31.30,-12.14,-116.33,102.11,-1,-1,-1,-1,0.177,-0.006 0.292 -0.084 -0.000,-1.0,0,-1.000,-1.000,0.4978,-1.12,,-1.000,0.0,0.0,0.0,,,72.6,72.6,-8.9,,0.000,0.0,11.5,-1.00,-1.0,0.0,0,2189,-1.0,97.4,-1.0,0.0,0.00,5.00,-1,0,0.000,0,0.00,-11.99,0,0,1,0.0,4,0.00,0.000,0.00,0.00,0.799,0.329,0.000,-1.000,-1.000,-1.000,-1.000,None,5.2,-1.0,0,4,0.00,0,0,0,0,0.00,2,0,1.000,0.554,-1,-1,-1,-1,-1,-1,-1,-1,-999,-1,-1,0,-1,-1,-1,34.2,0,0.00,0,0,-1,-1,-1,-1,-1,-1,0,0
767,12.7833,air,rise,220.972,-533.371,31.546,3.758,-33.134,13.004,35.792,33.346,30.656,0.00,0.00,0.00,0.00,0.000,3,,0,0.00,0.00,0.00,222.987,-529.236,31.746,-115.98,-12.18,69.67,4.604,0.409,-0.38,0.92,0,0,1,0,0,0,-12.18,-26.25,-12.80,0.1463,0.1556,0.3701,1,4.604,0,0.377,0,air_fallCalm,fallCalm,1.000,0,0.278 0.276 -0.397 0.101 0.546 0.270 -0.557 -0.193 -0.299 -0.144,222.93,-528.69,31.53,-12.16,-116.14,102.11,-1,-1,-1,-1,0.181,-0.012 0.316 -0.087 0.006,-1.0,0,-1.000,-1.000,0.4994,-1.06,,-1.000,0.0,0.0,0.0,,,72.3,72.2,-11.1,,0.000,0.0,11.5,-1.00,-1.0,0.0,0,2172,-1.0,97.6,-1.0,0.0,0.00,5.00,-1,0,0.000,0,0.00,-11.99,0,0,1,0.0,4,0.00,0.000,0.00,0.00,0.814,0.334,0.000,-1.000,-1.000,-1.000,-1.000,None,4.9,-1.0,0,4,0.00,0,0,0,0,0.00,2,0,1.000,0.537,-1,-1,-1,-1,-1,-1,-1,-1,-999,-1,-1,0,-1,-1,-1,34.2,0,0.00,0,0,-1,-1,-1,-1,-1,-1,0,0
768,12.8000,air,rise,221.025,-533.924,31.757,3.018,-33.209,12.604,35.648,33.346,30.867,0.00,0.00,0.00,0.00,0.000,3,,0,0.00,0.00,0.00,223.031,-529.784,31.957,-115.85,-12.20,69.66,4.604,0.398,-0.40,0.92,0,0,1,0,0,0,-12.20,-26.71,-12.82,0.1492,0.1553,0.3694,1,4.604,0,0.377,0,air_fallCalm,fallCalm,1.000,0,0.259 0.281 -0.410 0.096 0.554 0.298 -0.541 -0.197 -0.274 -0.139,222.99,-529.24,31.75,-12.18,-115.98,102.10,-1,-1,-1,-1,0.183,-0.018 0.337 -0.087 0.013,-1.0,0,-1.000,-1.000,0.5008,-1.01,,-1.000,0.0,0.0,0.0,,,72.0,72.0,-12.9,,0.000,0.0,11.5,-1.00,-1.0,0.0,0,2159,-1.0,97.7,-1.0,0.0,0.00,5.00,-1,0,0.000,0,0.00,-13.36,0,0,1,0.0,4,0.00,0.000,0.00,0.00,0.830,0.339,0.000,-1.000,-1.000,-1.000,-1.000,None,4.8,-1.0,0,4,0.00,0,0,0,0,0.00,2,0,1.000,0.520,-1,-1,-1,-1,-1,-1,-1,-1,-999,-1,-1,0,-1,-1,-1,34.2,0,0.00,0,0,-1,-1,-1,-1,-1,-1,0,0
769,12.8167,air,rise,221.066,-534.478,31.963,2.244,-33.270,12.204,35.509,33.346,31.073,0.00,0.00,0.00,0.00,0.000,3,,0,0.00,0.00,0.00,223.064,-530.335,32.163,-115.75,-12.21,69.65,4.604,0.388,-0.41,0.91,0,0,1,0,0,0,-12.21,-27.15,-12.83,0.1515,0.1547,0.3688,1,4.604,0,0.377,0,air_fallCalm,fallCalm,1.000,0,0.241 0.285 -0.423 0.092 0.560 0.324 -0.526 -0.198 -0.251 -0.132,223.03,-529.78,31.96,-12.20,-115.85,102.10,-1,-1,-1,-1,0.185,-0.024 0.357 -0.086 0.021,-1.0,0,-1.000,-1.000,0.5020,-0.96,,-1.000,0.0,0.0,0.0,,,71.9,71.8,-14.4,,0.000,0.0,11.5,-1.00,-1.0,0.0,0,2149,-1.0,97.8,-1.0,0.0,0.00,5.00,-1,0,0.000,0,0.00,-13.36,0,0,1,0.0,4,0.00,0.000,0.00,0.00,0.845,0.344,0.000,-1.000,-1.000,-1.000,-1.000,None,5.0,-1.0,0,4,0.00,0,0,0,0,0.00,2,0,1.000,0.504,-1,-1,-1,-1,-1,-1,-1,-1,-999,-1,-1,0,-1,-1,-1,34.2,0,0.00,0,0,-1,-1,-1,-1,-1,-1,0,0
770,12.8333,air,rise,221.093,-535.033,32.161,1.437,-33.315,11.804,35.373,33.346,31.271,0.00,0.00,0.00,0.00,0.000,3,,0,0.00,0.00,0.00,223.086,-530.888,32.361,-115.68,-12.22,69.64,4.604,0.378,-0.42,0.91,0,0,1,0,0,0,-12.22,-27.58,-12.85,0.1543,0.1540,0.3678,1,4.604,0,0.377,0,air_fallCalm,fallCalm,1.000,0,0.224 0.286 -0.435 0.088 0.566 0.347 -0.512 -0.197 -0.229 -0.123,223.06,-530.34,32.16,-12.21,-115.75,102.09,-1,-1,-1,-1,0.184,-0.029 0.374 -0.082 0.032,-1.0,0,-1.000,-1.000,0.5031,-0.92,,-1.000,0.0,0.0,0.0,,,71.9,71.9,-15.5,,0.000,0.0,11.5,-1.00,-1.0,0.0,0,2141,-1.0,97.9,-1.0,0.0,0.00,5.00,-1,0,0.000,0,0.00,-13.36,0,0,1,0.0,4,0.00,0.000,0.00,0.00,0.860,0.349,0.000,-1.000,-1.000,-1.000,-1.000,None,5.1,-1.0,0,4,0.00,0,0,0,0,0.00,2,0,1.000,0.488,-1,-1,-1,-1,-1,-1,-1,-1,-999,-1,-1,0,-1,-1,-1,34.2,0,0.00,0,0,-1,-1,-1,-1,-1,-1,0,0
771,12.8500,air,rise,221.107,-535.589,32.353,0.598,-33.341,11.404,35.242,33.346,31.463,0.00,0.00,0.00,0.00,0.000,3,,0,0.00,0.00,0.00,223.097,-531.442,32.553,-115.63,-12.23,69.62,4.604,0.367,-0.43,0.90,0,0,1,0,0,0,-12.23,-28.01,-12.87,0.1574,0.1531,0.3664,1,4.604,0,0.377,0,air_fallCalm,fallCalm,1.000,0,0.209 0.286 -0.445 0.084 0.572 0.367 -0.499 -0.193 -0.208 -0.111,223.09,-530.89,32.36,-12.22,-115.68,102.07,-1,-1,-1,-1,0.181,-0.034 0.388 -0.076 0.045,-1.0,0,-1.000,-1.000,0.5039,-0.87,,-1.000,0.0,0.0,0.0,,,72.2,72.1,-16.4,,0.000,0.0,11.5,-1.00,-1.0,0.0,0,2136,-1.0,98.0,-1.0,0.0,0.00,5.00,-1,0,0.000,0,0.00,-13.36,0,0,1,0.0,4,0.00,0.000,0.00,0.00,0.874,0.355,0.000,-1.000,-1.000,-1.000,-1.000,None,5.3,-1.0,0,4,0.00,0,0,0,0,0.00,2,0,1.000,0.472,-1,-1,-1,-1,-1,-1,-1,-1,-999,-1,-1,0,-1,-1,-1,34.2,0,0.00,0,0,-1,-1,-1,-1,-1,-1,0,0
772,12.8667,air,rise,221.106,-536.145,32.538,-0.274,-33.345,11.004,35.115,33.346,31.648,0.00,0.00,0.00,0.00,0.000,3,,0,0.00,0.00,0.00,223.093,-531.996,32.738,-115.59,-12.23,69.61,4.604,0.357,-0.44,0.90,1,0,1,0,0,0,-12.23,-28.42,-12.88,0.1595,0.1522,0.3652,1,4.604,0,0.377,0,air_fallCalm,fallCalm,1.000,0,0.195 0.283 -0.455 0.079 0.578 0.384 -0.487 -0.184 -0.189 -0.096,223.10,-531.44,32.55,-12.23,-115.63,102.06,-1,-1,-1,-1,0.176,-0.040 0.398 -0.065 0.061,-1.0,0,-1.000,-1.000,0.5046,-0.83,,-1.000,0.0,0.0,0.0,,,72.7,72.7,-16.8,,0.000,0.0,11.5,-1.00,-1.0,0.0,0,2132,-1.0,98.1,-1.0,0.0,0.00,5.00,-1,0,0.000,0,0.00,-13.36,0,0,1,0.0,4,0.00,0.000,0.00,0.00,0.888,0.360,0.000,-1.000,-1.000,-1.000,-1.000,None,5.2,-1.0,0,4,0.00,0,0,0,0,0.00,2,0,1.000,0.456,-1,-1,-1,-1,-1,-1,-1,-1,-999,-1,-1,0,-1,-1,-1,34.2,0,0.00,0,0,-1,-1,-1,-1,-1,-1,0,0
773,12.8833,air,rise,221.090,-536.700,32.716,-1.178,-33.325,10.604,34.991,33.346,31.826,0.00,0.00,0.00,0.00,0.000,3,,0,0.00,0.00,0.00,223.073,-532.550,32.916,-115.54,-12.23,69.59,4.604,0.347,-0.45,0.89,1,0,1,0,0,0,-12.23,-28.83,-12.90,0.1608,0.1511,0.3642,1,4.604,0,0.376,0,air_fallCalm,fallCalm,1.000,0,0.182 0.278 -0.464 0.074 0.582 0.398 -0.476 -0.174 -0.170 -0.080,223.09,-532.00,32.74,-12.23,-115.59,102.04,-1,-1,-1,-1,0.170,-0.045 0.406 -0.053 0.078,-1.0,0,-1.000,-1.000,0.5051,-0.79,,-1.000,0.0,0.0,0.0,,,73.4,73.3,-17.0,,0.000,0.0,11.5,-1.00,-1.0,0.0,0,2127,-1.0,98.1,-1.0,0.0,0.00,5.00,-1,0,0.000,0,0.00,-13.36,0,0,1,0.0,4,0.00,0.000,0.00,0.00,0.901,0.364,0.000,-1.000,-1.000,-1.000,-1.000,None,5.1,-1.0,0,4,0.00,0,0,0,0,0.00,2,0,1.000,0.441,-1,-1,-1,-1,-1,-1,-1,-1,-999,-1,-1,0,-1,-1,-1,34.2,0,0.00,0,0,-1,-1,-1,-1,-1,-1,0,0
774,12.9000,air,rise,221.059,-537.255,32.888,-2.113,-33.279,10.204,34.872,33.346,31.998,0.00,0.00,0.00,0.00,0.000,3,,0,0.00,0.00,0.00,223.036,-533.102,33.088,-115.45,-12.23,69.56,4.604,0.337,-0.46,0.89,1,0,1,0,0,0,-12.23,-29.23,-12.92,0.1619,0.1497,0.3635,1,4.604,0,0.376,0,air_fallCalm,fallCalm,1.000,0,0.169 0.274 -0.473 0.070 0.586 0.412 -0.464 -0.165 -0.152 -0.064,223.07,-532.55,32.92,-12.23,-115.54,102.02,-1,-1,-1,-1,0.164,-0.050 0.412 -0.042 0.094,-1.0,0,-1.000,-1.000,0.5055,-0.75,,-1.000,0.0,0.0,0.0,,,73.9,73.9,-16.7,,0.000,0.0,11.5,-1.00,-1.0,0.0,0,2118,-1.0,98.2,-1.0,0.0,0.00,5.00,-1,0,0.000,0,0.00,-14.49,0,0,1,0.0,4,0.00,0.000,0.00,0.00,0.913,0.369,0.000,-1.000,-1.000,-1.000,-1.000,None,4.9,-1.0,0,4,0.00,0,0,0,0,0.00,2,0,1.000,0.426,-1,-1,-1,-1,-1,-1,-1,-1,-999,-1,-1,0,-1,-1,-1,34.2,0,0.00,0,0,-1,-1,-1,-1,-1,-1,0,0
775,12.9167,air,rise,221.011,-537.809,33.053,-3.078,-33.204,9.804,34.757,33.346,32.163,0.00,0.00,0.00,0.00,0.000,3,,0,0.00,0.00,0.00,222.980,-533.651,33.253,-115.34,-12.23,69.54,4.604,0.328,-0.47,0.88,1,0,1,0,0,0,-12.23,-29.62,-12.93,0.1627,0.1480,0.3629,1,4.604,0,0.376,0,air_fallCalm,fallCalm,1.000,0,0.155 0.271 -0.482 0.066 0.588 0.424 -0.453 -0.157 -0.133 -0.050,223.04,-533.10,33.09,-12.23,-115.45,101.99,-1,-1,-1,-1,0.159,-0.054 0.417 -0.032 0.109,-1.0,0,-1.000,-1.000,0.5058,-0.70,,-1.000,0.0,0.0,0.0,,,74.4,74.4,-16.1,,0.000,0.0,11.5,-1.00,-1.0,0.0,0,2107,-1.0,98.2,-1.0,0.0,0.00,5.00,-1,0,0.000,0,0.00,-14.49,0,0,1,0.0,4,0.00,0.000,0.00,0.00,0.925,0.374,0.000,-1.000,-1.000,-1.000,-1.000,None,4.5,-1.0,0,4,0.00,0,0,0,0,0.00,2,0,1.000,0.411,-1,-1,-1,-1,-1,-1,-1,-1,-999,-1,-1,0,-1,-1,-1,34.2,0,0.00,0,0,-1,-1,-1,-1,-1,-1,0,0
776,12.9333,air,rise,220.948,-538.361,33.211,-4.072,-33.096,9.404,34.647,33.346,32.321,0.00,0.00,0.00,0.00,0.000,3,,0,0.00,0.00,0.00,222.905,-534.198,33.414,-115.19,-12.26,69.51,4.604,0.319,-0.48,0.88,1,0,1,0,0,0,-12.26,-30.00,-12.95,0.1633,0.1461,0.3624,1,4.604,0,0.376,0,air_fallCalm,fallCalm,1.000,0,0.142 0.268 -0.492 0.063 0.588 0.435 -0.441 -0.149 -0.115 -0.037,222.98,-533.65,33.25,-12.23,-115.34,101.97,-1,-1,-1,-1,0.155,-0.058 0.422 -0.023 0.122,-1.0,0,-1.000,-1.000,0.5061,-0.65,,-1.000,0.0,0.0,0.0,,,74.9,74.9,-15.1,,0.000,0.0,11.5,-1.00,-1.0,0.0,0,2091,-1.0,98.3,-1.0,0.0,0.00,5.00,-1,0,0.000,0,0.00,-14.49,0,0,1,0.0,4,0.00,0.000,0.00,0.00,0.936,0.379,0.000,-1.000,-1.000,-1.000,-1.000,None,4.1,-1.0,0,4,0.00,0,0,0,0,0.00,2,0,1.000,0.397,-1,-1,-1,-1,-1,-1,-1,-1,-999,-1,-1,0,-1,-1,-1,34.2,0,0.00,0,0,-1,-1,-1,-1,-1,-1,0,0
777,12.9500,air,rise,220.867,-538.911,33.363,-5.094,-32.955,9.004,34.540,33.346,32.473,0.00,0.00,0.00,0.00,0.000,3,,0,0.00,0.00,0.00,222.813,-534.742,33.573,-115.02,-12.33,69.48,4.605,0.309,-0.49,0.87,1,0,1,0,0,0,-12.33,-30.37,-12.97,0.1639,0.1439,0.3622,1,4.605,0,0.376,0,air_fallCalm,fallCalm,1.000,0,0.128 0.266 -0.501 0.061 0.586 0.446 -0.429 -0.143 -0.097 -0.026,222.91,-534.20,33.41,-12.26,-115.19,101.94,-1,-1,-1,-1,0.151,-0.061 0.425 -0.014 0.135,-1.0,0,-1.000,-1.000,0.5062,-0.59,,-1.000,0.0,0.0,0.0,,,75.3,75.3,-13.6,,0.000,0.0,11.5,-1.00,-1.0,0.0,0,2073,-1.0,98.5,-1.0,0.0,0.00,5.00,-1,0,0.000,0,0.00,-14.49,0,0,1,0.0,4,0.00,0.000,0.00,0.00,0.947,0.383,0.000,-1.000,-1.000,-1.000,-1.000,None,3.5,-1.0,0,4,0.00,0,0,0,0,0.00,2,0,1.000,0.383,-1,-1,-1,-1,-1,-1,-1,-1,-999,-1,-1,0,-1,-1,-1,34.2,0,0.00,0,0,-1,-1,-1,-1,-1,-1,0,0
778,12.9667,air,rise,220.769,-539.458,33.508,-6.135,-32.777,8.604,34.438,33.346,32.618,0.00,0.00,0.00,0.00,0.000,3,,0,0.00,0.00,0.00,222.701,-535.283,33.728,-114.84,-12.45,69.45,4.605,0.301,-0.49,0.87,1,0,1,0,0,0,-12.45,-30.73,-12.98,0.1644,0.1416,0.3620,1,4.605,0,0.376,0,air_fallCalm,fallCalm,1.000,0,0.114 0.265 -0.511 0.060 0.584 0.456 -0.417 -0.138 -0.079 -0.016,222.81,-534.74,33.57,-12.33,-115.02,101.91,-1,-1,-1,-1,0.147,-0.063 0.428 -0.006 0.146,-1.0,0,-1.000,-1.000,0.5062,-0.53,,-1.000,0.0,0.0,0.0,,,75.6,75.6,-11.7,,0.000,0.0,11.5,-1.00,-1.0,0.0,0,2054,-1.0,98.7,-1.0,0.0,0.00,5.00,-1,0,0.000,0,0.00,-14.49,0,0,1,0.0,4,0.00,0.000,0.00,0.00,0.957,0.388,0.000,-1.000,-1.000,-1.000,-1.000,None,2.9,-1.0,0,4,0.00,0,0,0,0,0.00,2,0,1.000,0.369,-1,-1,-1,-1,-1,-1,-1,-1,-999,-1,-1,0,-1,-1,-1,34.2,0,0.00,0,0,-1,-1,-1,-1,-1,-1,0,0
779,12.9833,air,rise,220.654,-540.001,33.647,-7.169,-32.566,8.204,34.340,33.346,32.757,0.00,0.00,0.00,0.00,0.000,3,,0,0.00,0.00,0.00,222.572,-535.821,33.879,-114.65,-12.60,69.42,4.606,0.292,-0.50,0.86,1,0,1,0,0,0,-12.60,-31.08,-13.00,0.1649,0.1391,0.3620,1,4.606,0,0.377,0,air_fallCalm,fallCalm,1.000,0,0.100 0.264 -0.520 0.059 0.580 0.466 -0.406 -0.135 -0.061 -0.007,222.70,-535.28,33.73,-12.45,-114.84,101.88,-1,-1,-1,-1,0.144,-0.064 0.431 0.001 0.156,-1.0,0,-1.000,-1.000,0.5062,-0.46,,-1.000,0.0,0.0,0.0,,,75.9,75.9,-9.5,,0.000,0.0,11.5,-1.00,-1.0,0.0,0,2033,-1.0,98.9,-1.0,0.0,0.00,5.00,-1,0,0.000,0,0.00,-14.49,0,0,1,0.0,4,0.00,0.000,0.00,0.00,0.966,0.392,0.000,-1.000,-1.000,-1.000,-1.000,None,2.3,-1.0,0,4,0.00,0,0,0,0,0.00,2,0,1.000,0.356,-1,-1,-1,-1,-1,-1,-1,-1,-999,-1,-1,0,-1,-1,-1,34.2,0,0.00,0,0,-1,-1,-1,-1,-1,-1,0,0
780,13.0000,air,rise,220.522,-540.541,33.778,-8.197,-32.323,7.804,34.247,33.346,32.888,0.00,0.00,0.00,0.00,0.000,3,,0,0.00,0.00,0.00,222.426,-536.354,34.025,-114.46,-12.76,69.39,4.607,0.283,-0.51,0.86,1,0,1,0,0,0,-12.76,-31.42,-13.02,0.1655,0.1366,0.3620,1,4.607,0,0.377,0,air_fallCalm,fallCalm,1.000,0,0.087 0.264 -0.529 0.059 0.574 0.474 -0.394 -0.131 -0.044 0.000,222.57,-535.82,33.88,-12.60,-114.65,101.85,-1,-1,-1,-1,0.142,-0.065 0.432 0.008 0.166,-1.0,0,-1.000,-1.000,0.5062,-0.38,,-1.000,0.0,0.0,0.0,,,76.2,76.2,-7.0,,0.000,0.0,11.5,-1.00,-1.0,0.0,0,2012,-1.0,99.1,-1.0,0.0,0.00,5.00,-1,0,0.000,0,0.00,-15.38,0,0,1,0.0,4,0.00,0.000,0.00,0.00,0.975,0.396,0.000,-1.000,-1.000,-1.000,-1.000,None,1.8,-1.0,0,4,0.00,0,0,0,0,0.00,2,0,1.000,0.344,-1,-1,-1,-1,-1,-1,-1,-1,-999,-1,-1,0,-1,-1,-1,34.2,0,0.00,0,0,-1,-1,-1,-1,-1,-1,0,0
781,13.0167,air,rise,220.372,-541.077,33.903,-9.216,-32.047,7.404,34.158,33.346,33.013,0.00,0.00,0.00,0.00,0.000,3,,0,0.00,0.00,0.00,222.263,-536.883,34.166,-114.27,-12.93,69.36,4.607,0.275,-0.52,0.86,1,0,1,0,0,0,-12.93,-31.74,-13.03,0.1660,0.1349,0.3622,1,4.607,0,0.377,0,air_fallCalm,fallCalm,1.000,0,0.073 0.264 -0.538 0.059 0.568 0.483 -0.382 -0.129 -0.027 0.007,222.43,-536.35,34.03,-12.76,-114.46,101.81,-1,-1,-1,-1,0.140,-0.066 0.434 0.014 0.174,-1.0,0,-1.000,-1.000,0.5056,-0.30,,-1.000,0.0,0.0,0.0,,,76.4,76.4,-4.2,,0.000,0.0,11.5,-1.00,-1.0,0.0,0,1992,-1.0,99.3,-1.0,0.0,0.00,5.00,-1,0,0.000,0,0.00,-15.38,0,0,1,0.0,4,0.00,0.000,0.00,0.00,0.983,0.400,0.000,-1.000,-1.000,-1.000,-1.000,None,1.5,-1.0,0,4,0.00,0,0,0,0,0.00,2,0,1.000,0.331,-1,-1,-1,-1,-1,-1,-1,-1,-999,-1,-1,0,-1,-1,-1,34.2,0,0.00,0,0,-1,-1,-1,-1,-1,-1,0,0
782,13.0333,air,rise,220.206,-541.607,34.022,-10.226,-31.739,7.004,34.074,33.346,33.132,0.00,0.00,0.00,0.00,0.000,3,,0,0.00,0.00,0.00,222.084,-537.408,34.300,-114.10,-13.11,69.32,4.608,0.267,-0.52,0.85,1,0,1,0,0,0,-13.11,-32.03,-13.05,0.1665,0.1342,0.3623,1,4.608,0,0.377,0,air_fallCalm,fallCalm,1.000,0,0.060 0.265 -0.547 0.059 0.561 0.491 -0.371 -0.127 -0.012 0.013,222.26,-536.88,34.17,-12.93,-114.27,101.78,-1,-1,-1,-1,0.139,-0.066 0.435 0.019 0.181,-1.0,0,-1.000,-1.000,0.5044,-0.21,,-1.000,0.0,0.0,0.0,,,76.5,76.5,-1.1,,0.000,0.0,11.5,-1.00,-1.0,0.0,0,1973,-1.0,99.5,-1.0,0.0,0.00,5.00,-1,0,0.000,0,0.00,-15.38,0,0,1,0.0,4,0.00,0.000,0.00,0.00,0.991,0.404,0.000,-1.000,-1.000,-1.000,-1.000,None,1.7,-1.0,0,4,0.00,0,0,0,0,0.00,2,0,1.000,0.319,-1,-1,-1,-1,-1,-1,-1,-1,-999,-1,-1,0,-1,-1,-1,34.2,0,0.00,0,0,-1,-1,-1,-1,-1,-1,0,0
783,13.0500,air,rise,220.023,-542.132,34.133,-11.226,-31.400,6.604,33.994,33.346,33.243,0.00,0.00,0.00,0.00,0.000,3,,0,0.00,0.00,0.00,221.890,-537.927,34.428,-113.94,-13.29,69.28,4.609,0.260,-0.53,0.85,1,0,1,0,0,0,-13.29,-32.30,-13.07,0.1671,0.1335,0.3625,1,4.609,0,0.377,0,air_fallCalm,fallCalm,1.000,0,0.048 0.266 -0.556 0.060 0.553 0.499 -0.360 -0.126 0.003 0.018,222.08,-537.41,34.30,-13.11,-114.10,101.74,-1,-1,-1,-1,0.137,-0.065 0.436 0.024 0.188,-1.0,0,-1.000,-1.000,0.5032,-0.11,,-1.000,0.0,0.0,0.0,,,76.6,76.6,2.1,,0.000,0.0,11.5,-1.00,-1.0,0.0,0,1956,-1.0,99.7,-1.0,0.0,0.00,5.00,-1,0,0.000,0,0.00,-15.38,0,0,1,0.0,4,0.00,0.000,0.00,0.00,0.998,0.408,0.000,-1.000,-1.000,-1.000,-1.000,None,2.2,-1.0,0,4,0.00,0,0,0,0,0.00,2,0,1.000,0.308,-1,-1,-1,-1,-1,-1,-1,-1,-999,-1,-1,0,-1,-1,-1,34.2,0,0.00,0,0,-1,-1,-1,-1,-1,-1,0,0
784,13.0667,air,rise,219.824,-542.650,34.239,-12.214,-31.028,6.204,33.918,33.346,33.349,0.00,0.00,0.00,0.00,0.000,3,,0,0.00,0.00,0.00,221.680,-538.442,34.549,-113.80,-13.47,69.25,4.610,0.253,-0.54,0.84,1,0,1,0,0,0,-13.47,-32.55,-13.08,0.1676,0.1328,0.3628,1,4.610,0,0.377,0,air_fallCalm,fallCalm,1.000,0,0.036 0.267 -0.564 0.061 0.545 0.506 -0.350 -0.125 0.018 0.023,221.89,-537.93,34.43,-13.29,-113.94,101.70,-1,-1,-1,-1,0.137,-0.064 0.437 0.028 0.194,-1.0,0,-1.000,-1.000,0.5020,-0.01,,-1.000,0.0,0.0,0.0,,,76.7,76.7,5.5,,0.000,0.0,11.5,-1.00,-1.0,0.0,0,1941,-1.0,99.8,-1.0,0.0,0.00,5.00,-1,0,0.000,0,0.00,-15.38,0,0,1,0.0,4,0.00,0.000,0.00,0.00,1.004,0.412,0.000,-1.000,-1.000,-1.000,-1.000,None,3.0,-1.0,0,4,0.00,0,0,0,0,0.00,2,0,1.000,0.297,-1,-1,-1,-1,-1,-1,-1,-1,-999,-1,-1,0,-1,-1,-1,34.2,0,0.00,0,0,-1,-1,-1,-1,-1,-1,0,0
785,13.0833,air,rise,219.608,-543.162,34.337,-13.191,-30.626,5.804,33.847,33.346,33.447,0.00,0.00,0.00,0.00,0.000,3,,0,0.00,0.00,0.00,221.457,-538.950,34.664,-113.70,-13.65,69.21,4.612,0.246,-0.54,0.84,1,0,1,0,0,0,-13.65,-32.77,-13.10,0.1682,0.1321,0.3631,1,4.612,0,0.378,0,air_fallCalm,fallCalm,1.000,0,0.025 0.268 -0.571 0.062 0.536 0.513 -0.340 -0.125 0.031 0.027,221.68,-538.44,34.55,-13.47,-113.80,101.66,-1,-1,-1,-1,0.136,-0.063 0.437 0.032 0.199,-1.0,0,-1.000,-1.000,0.5009,0.10,,-1.000,0.0,0.0,0.0,,,76.8,76.7,9.0,,0.000,0.0,11.5,-1.00,-1.0,0.0,0,1929,-1.0,100.0,-1.0,0.0,0.00,5.00,-1,0,0.000,0,0.00,-15.38,0,0,1,0.0,4,0.00,0.000,0.00,0.00,1.010,0.415,0.000,-1.000,-1.000,-1.000,-1.000,None,4.0,-1.0,0,4,0.00,0,0,0,0,0.00,2,0,1.000,0.286,-1,-1,-1,-1,-1,-1,-1,-1,-999,-1,-1,0,-1,-1,-1,34.2,0,0.00,0,0,-1,-1,-1,-1,-1,-1,0,0
786,13.1000,air,rise,219.376,-543.668,34.429,-14.154,-30.193,5.404,33.781,33.346,33.539,0.00,0.00,0.00,0.00,0.000,3,,0,0.00,0.00,0.00,221.219,-539.453,34.772,-113.62,-13.82,69.17,4.613,0.239,-0.55,0.84,1,0,1,0,0,0,-13.82,-32.97,-13.12,0.1688,0.1314,0.3634,1,4.613,0,0.378,0,air_fallCalm,fallCalm,1.000,0,0.014 0.270 -0.579 0.064 0.527 0.519 -0.331 -0.124 0.044 0.030,221.46,-538.95,34.66,-13.65,-113.70,101.62,-1,-1,-1,-1,0.136,-0.062 0.437 0.035 0.204,-1.0,0,-1.000,-1.000,0.4997,0.20,,-1.000,0.0,0.0,0.0,,,76.8,76.8,12.6,,0.000,0.0,11.5,-1.00,-1.0,0.0,0,1920,-1.0,100.1,-1.0,0.0,0.00,5.00,-1,0,0.000,0,0.00,-16.03,0,0,1,0.0,4,0.00,0.000,0.00,0.00,1.016,0.419,0.000,-1.000,-1.000,-1.000,-1.000,None,5.0,-1.0,0,4,0.00,0,0,0,0,0.00,2,0,1.000,0.276,-1,-1,-1,-1,-1,-1,-1,-1,-999,-1,-1,0,-1,-1,-1,34.2,0,0.00,0,0,-1,-1,-1,-1,-1,-1,0,0
787,13.1167,air,rise,219.128,-544.165,34.514,-15.103,-29.730,5.004,33.719,33.346,33.624,0.00,0.00,0.00,0.00,0.000,3,,0,0.00,0.00,0.00,220.968,-539.949,34.874,-113.58,-14.00,69.13,4.614,0.232,-0.55,0.83,1,0,1,0,0,0,-14.00,-33.15,-13.13,0.1694,0.1306,0.3638,1,4.614,0,0.378,0,air_fallCalm,fallCalm,1.000,0,0.003 0.271 -0.586 0.065 0.518 0.525 -0.322 -0.124 0.056 0.034,221.22,-539.45,34.77,-13.82,-113.62,101.58,-1,-1,-1,-1,0.135,-0.061 0.438 0.038 0.209,-1.0,0,-1.000,-1.000,0.4986,0.30,,-1.000,0.0,0.0,0.0,,,76.8,76.8,16.1,,0.000,0.0,11.5,-1.00,-1.0,0.0,0,1913,-1.0,100.2,-1.0,0.0,0.00,5.00,-1,0,0.000,0,0.00,-16.03,0,0,1,0.0,4,0.00,0.000,0.00,0.00,1.021,0.422,0.000,-1.000,-1.000,-1.000,-1.000,None,6.0,-1.0,0,4,0.00,0,0,0,0,0.00,2,0,1.000,0.266,-1,-1,-1,-1,-1,-1,-1,-1,-999,-1,-1,0,-1,-1,-1,34.2,0,0.00,0,0,-1,-1,-1,-1,-1,-1,0,0
788,13.1333,air,rise,218.865,-544.654,34.592,-16.036,-29.237,4.604,33.662,33.346,33.702,0.00,0.00,0.00,0.00,0.000,3,,0,0.00,0.00,0.00,220.704,-540.438,34.969,-113.57,-14.17,69.09,4.615,0.226,-0.56,0.83,1,0,1,0,0,0,-14.17,-33.30,-13.15,0.1699,0.1299,0.3642,1,4.615,0,0.379,0,air_fallCalm,fallCalm,1.000,0,-0.007 0.273 -0.592 0.066 0.509 0.531 -0.314 -0.124 0.067 0.037,220.97,-539.95,34.87,-14.00,-113.58,101.54,-1,-1,-1,-1,0.135,-0.059 0.438 0.041 0.213,-1.0,0,-1.000,-1.000,0.4975,0.40,,-1.000,0.0,0.0,0.0,,,76.8,76.8,19.5,,0.000,0.0,11.5,-1.00,-1.0,0.0,0,1909,-1.0,100.3,-1.0,0.0,0.00,5.00,-1,0,0.000,0,0.00,-16.03,0,0,1,0.0,4,0.00,0.000,0.00,0.00,1.025,0.425,0.000,-1.000,-1.000,-1.000,-1.000,None,7.1,-1.0,0,4,0.00,0,0,0,0,0.00,2,0,1.000,0.257,-1,-1,-1,-1,-1,-1,-1,-1,-999,-1,-1,0,-1,-1,-1,34.2,0,0.00,0,0,-1,-1,-1,-1,-1,-1,0,0
789,13.1500,air,rise,218.586,-545.135,34.664,-16.954,-28.714,4.204,33.610,33.346,33.774,0.00,0.00,0.00,0.00,0.000,3,,0,0.00,0.00,0.00,220.427,-540.920,35.057,-113.59,-14.34,69.05,4.617,0.220,-0.56,0.83,1,0,1,0,0,0,-14.34,-33.44,-13.17,0.1705,0.1292,0.3646,1,4.617,0,0.379,0,air_fallCalm,fallCalm,1.000,0,-0.016 0.274 -0.598 0.067 0.500 0.537 -0.305 -0.124 0.078 0.040,220.70,-540.44,34.97,-14.17,-113.57,101.50,-1,-1,-1,-1,0.135,-0.058 0.438 0.044 0.217,-1.0,0,-1.000,-1.000,0.4965,0.50,,-1.000,0.0,0.0,0.0,,,76.8,76.8,22.8,,0.000,0.0,11.5,-1.00,-1.0,0.0,0,1909,-1.0,100.3,-1.0,0.0,0.00,5.00,-1,0,0.000,0,0.00,-16.03,0,0,1,0.0,4,0.00,0.000,0.00,0.00,1.030,0.428,0.000,-1.000,-1.000,-1.000,-1.000,None,8.2,-1.0,0,4,0.00,0,0,0,0,0.00,2,0,1.000,0.248,-1,-1,-1,-1,-1,-1,-1,-1,-999,-1,-1,0,-1,-1,-1,34.2,0,0.00,0,0,-1,-1,-1,-1,-1,-1,0,0
790,13.1667,air,rise,218.292,-545.607,34.729,-17.855,-28.163,3.804,33.562,33.346,33.839,0.00,0.00,0.00,0.00,0.000,3,,0,0.00,0.00,0.00,220.138,-541.393,35.139,-113.66,-14.51,69.01,4.618,0.215,-0.56,0.83,1,0,1,0,0,0,-14.51,-33.57,-13.18,0.1711,0.1285,0.3650,1,4.618,0,0.379,0,air_fallCalm,fallCalm,1.000,0,-0.025 0.275 -0.604 0.068 0.491 0.542 -0.298 -0.124 0.088 0.042,220.43,-540.92,35.06,-14.34,-113.59,101.46,-1,-1,-1,-1,0.135,-0.056 0.438 0.046 0.221,-1.0,0,-1.000,-1.000,0.4955,0.59,,-1.000,0.0,0.0,0.0,,,76.8,76.8,26.0,,0.000,0.0,11.5,-1.00,-1.0,0.0,0,1912,-1.0,100.3,-1.0,0.0,0.00,5.00,-1,0,0.000,0,0.00,-16.03,0,0,1,0.0,4,0.00,0.000,0.00,0.00,1.034,0.431,0.000,-1.000,-1.000,-1.000,-1.000,None,9.3,-1.0,0,4,0.00,0,0,0,0,0.00,2,0,1.000,0.240,-1,-1,-1,-1,-1,-1,-1,-1,-999,-1,-1,0,-1,-1,-1,34.2,0,0.00,0,0,-1,-1,-1,-1,-1,-1,0,0
791,13.1833,air,rise,217.983,-546.069,34.787,-18.737,-27.584,3.404,33.519,33.346,33.897,0.00,0.00,0.00,0.00,0.000,3,,0,0.00,0.00,0.00,219.837,-541.859,35.214,-113.76,-14.68,68.97,4.620,0.209,-0.57,0.83,1,0,1,0,0,0,-14.68,-33.68,-13.20,0.1716,0.1279,0.3655,1,4.620,0,0.380,0,air_fallCalm,fallCalm,1.000,0,-0.034 0.276 -0.610 0.069 0.481 0.546 -0.290 -0.124 0.097 0.045,220.14,-541.39,35.14,-14.51,-113.66,101.41,-1,-1,-1,-1,0.135,-0.055 0.438 0.049 0.224,-1.0,0,-1.000,-1.000,0.4945,0.69,,-1.000,0.0,0.0,0.0,,,76.9,76.8,29.0,,0.000,0.0,11.5,-1.00,-1.0,0.0,0,1918,-1.0,100.3,-1.0,0.0,0.00,5.00,-1,0,0.000,0,0.00,-16.03,0,0,1,0.0,4,0.00,0.000,0.00,0.00,1.037,0.434,0.000,-1.000,-1.000,-1.000,-1.000,None,10.3,-1.0,0,4,0.00,0,0,0,0,0.00,2,0,1.000,0.232,-1,-1,-1,-1,-1,-1,-1,-1,-999,-1,-1,0,-1,-1,-1,34.2,0,0.00,0,0,-1,-1,-1,-1,-1,-1,0,0
792,13.2000,air,rise,217.660,-546.521,34.841,-19.601,-26.977,3.184,33.498,33.346,33.951,0.00,0.00,0.00,0.00,0.000,3,,0,0.00,0.00,0.00,219.524,-542.316,35.283,-113.90,-14.82,68.93,4.621,0.204,-0.57,0.82,1,0,1,0,0,0,-14.82,-33.77,-13.22,0.1722,0.1272,0.3660,1,4.621,0,0.380,0,air_fallCalm,fallCalm,1.000,0,-0.043 0.277 -0.616 0.070 0.472 0.551 -0.282 -0.125 0.107 0.048,219.84,-541.86,35.21,-14.68,-113.76,101.37,-1,-1,-1,-1,0.135,-0.054 0.438 0.051 0.227,-1.0,0,-1.000,-1.000,0.4934,0.78,,-1.000,0.0,0.0,0.0,,,76.9,76.7,31.7,,0.000,0.0,11.5,-1.00,-1.0,0.0,0,1927,-1.0,100.2,-1.0,0.0,0.00,5.00,-1,0,0.000,0,0.00,-16.44,0,0,1,0.0,4,0.00,0.000,0.00,0.00,1.040,0.436,0.000,-1.000,-1.000,-1.000,-1.000,None,11.2,-1.0,0,4,0.00,0,0,0,0,0.00,2,0,1.000,0.225,-1,-1,-1,-1,-1,-1,-1,-1,-999,-1,-1,0,-1,-1,-1,34.2,0,0.00,0,0,-1,-1,-1,-1,-1,-1,0,0
793,13.2167,air,apex,217.323,-546.963,34.892,-20.446,-26.343,2.964,33.477,33.346,34.002,0.00,0.00,0.00,0.00,0.000,3,,0,0.00,0.00,0.00,219.200,-542.763,35.346,-114.08,-14.93,68.89,4.622,0.199,-0.57,0.82,1,0,1,0,0,0,-14.93,-33.85,-13.23,0.1728,0.1266,0.3665,1,4.622,0,0.381,0,air_fallCalm,fallCalm,1.000,0,-0.052 0.278 -0.622 0.070 0.462 0.556 -0.275 -0.125 0.116 0.050,219.52,-542.32,35.28,-14.82,-113.90,101.33,-1,-1,-1,-1,0.135,-0.053 0.438 0.052 0.229,-1.0,0,-1.000,-1.000,0.4924,0.87,,-1.000,0.0,0.0,0.0,,,76.8,76.6,34.0,,0.000,0.0,11.5,-1.00,-1.0,0.0,0,1941,-1.0,100.1,-1.0,0.0,0.00,5.00,-1,0,0.000,0,0.00,-16.44,0,0,1,0.0,4,0.00,0.000,0.00,0.00,1.043,0.439,0.000,-1.000,-1.000,-1.000,-1.000,None,12.1,-1.0,0,4,0.00,0,0,0,0,0.00,2,0,1.000,0.218,-1,-1,-1,-1,-1,-1,-1,-1,-999,-1,-1,0,-1,-1,-1,34.2,0,0.00,0,0,-1,-1,-1,-1,-1,-1,0,0
794,13.2333,air,apex,216.972,-547.394,34.938,-21.269,-25.682,2.744,33.459,33.346,34.048,0.00,0.00,0.00,0.00,0.000,3,,0,0.00,0.00,0.00,218.864,-543.201,35.404,-114.29,-15.03,68.85,4.623,0.195,-0.57,0.82,1,0,1,0,0,0,-15.03,-33.93,-13.25,0.1734,0.1261,0.3670,1,4.623,0,0.381,0,air_fallCalm,fallCalm,1.000,0,-0.060 0.279 -0.628 0.070 0.452 0.560 -0.267 -0.126 0.126 0.052,219.20,-542.76,35.35,-14.93,-114.08,101.28,-1,-1,-1,-1,0.136,-0.051 0.439 0.054 0.232,-1.0,0,-1.000,-1.000,0.4914,0.96,,-1.000,0.0,0.0,0.0,,,76.8,76.6,36.0,,0.000,0.0,11.5,-1.00,-1.0,0.0,0,1958,-1.0,99.9,-1.0,0.0,0.00,5.00,-1,0,0.000,0,0.00,-16.44,0,0,1,0.0,4,0.00,0.000,0.00,0.00,1.046,0.441,0.000,-1.000,-1.000,-1.000,-1.000,None,12.9,-1.0,0,4,0.00,0,0,0,0,0.00,2,0,1.000,0.212,-1,-1,-1,-1,-1,-1,-1,-1,-999,-1,-1,0,-1,-1,-1,34.2,0,0.00,0,0,-1,-1,-1,-1,-1,-1,0,0
795,13.2500,air,apex,216.615,-547.819,34.981,-21.434,-25.544,2.524,33.441,33.346,34.091,0.00,0.00,0.00,0.00,0.000,3,,0,0.00,0.00,0.00,218.518,-543.632,35.457,-114.44,-15.12,68.81,4.625,0.191,-0.57,0.82,1,0,1,0,0,0,-15.12,-33.99,-13.27,0.1736,0.1257,0.3675,1,4.625,0,0.382,0,air_fallCalm,fallCalm,1.000,0,-0.068 0.280 -0.633 0.072 0.444 0.563 -0.259 -0.126 0.135 0.054,218.86,-543.20,35.40,-15.03,-114.29,101.24,-1,-1,-1,-1,0.137,-0.048 0.438 0.056 0.233,-1.0,0,-1.000,-1.000,0.4905,1.04,,-1.000,0.0,0.0,0.0,,,76.7,76.5,34.5,,0.000,0.0,11.5,-1.00,-1.0,0.0,0,1970,-1.0,99.7,-1.0,0.0,0.00,5.00,-1,0,0.000,0,0.00,-16.44,0,0,1,0.0,4,0.00,0.000,0.00,0.00,1.048,0.443,0.000,-1.000,-1.000,-1.000,-1.000,None,12.9,-1.0,0,4,0.00,0,0,0,0,0.00,2,0,1.000,0.206,-1,-1,-1,-1,-1,-1,-1,-1,-999,-1,-1,0,-1,-1,-1,34.2,0,0.00,0,0,-1,-1,-1,-1,-1,-1,0,0
796,13.2667,air,apex,216.258,-548.245,35.021,-21.434,-25.544,2.304,33.425,33.346,34.131,0.00,0.00,0.00,0.00,0.000,3,,0,0.00,0.00,0.00,218.163,-544.058,35.506,-114.47,-15.20,68.77,4.626,0.187,-0.57,0.82,1,0,1,0,0,0,-15.20,-34.04,-13.28,0.1730,0.1257,0.3683,1,4.626,0,0.382,0,air_fallCalm,fallCalm,1.000,0,-0.075 0.281 -0.639 0.076 0.439 0.562 -0.251 -0.123 0.145 0.055,218.52,-543.63,35.46,-15.12,-114.44,101.20,-1,-1,-1,-1,0.137,-0.042 0.433 0.060 0.234,-1.0,0,-1.000,-1.000,0.4898,1.13,,-1.000,0.0,0.0,0.0,,,76.7,76.5,32.6,,0.000,0.0,11.5,-1.00,-1.0,0.0,0,1971,-1.0,99.6,-1.0,0.0,0.00,5.00,-1,0,0.000,0,0.00,-16.44,0,0,1,0.0,4,0.00,0.000,0.00,0.00,1.051,0.445,0.000,-1.000,-1.000,-1.000,-1.000,None,12.7,-1.0,0,4,0.00,0,0,0,0,0.00,2,0,1.000,0.200,-1,-1,-1,-1,-1,-1,-1,-1,-999,-1,-1,0,-1,-1,-1,34.2,0,0.00,0,0,-1,-1,-1,-1,-1,-1,0,0
797,13.2833,air,apex,215.900,-548.671,35.056,-21.434,-25.544,2.084,33.411,33.346,34.166,0.00,0.00,0.00,0.00,0.000,3,,0,0.00,0.00,0.00,217.801,-544.482,35.552,-114.40,-15.27,68.73,4.627,0.183,-0.57,0.82,1,0,1,0,0,0,-15.27,-34.09,-13.30,0.1718,0.1258,0.3693,1,4.627,0,0.383,0,air_fallCalm,fallCalm,1.000,0,-0.080 0.281 -0.645 0.083 0.437 0.558 -0.244 -0.119 0.156 0.057,218.16,-544.06,35.51,-15.20,-114.47,101.16,-1,-1,-1,-1,0.137,-0.033 0.426 0.066 0.235,-1.0,0,-1.000,-1.000,0.4891,1.21,,-1.000,0.0,0.0,0.0,,,76.7,76.5,31.2,,0.000,0.0,11.5,-1.00,-1.0,0.0,0,1963,-1.0,99.6,-1.0,0.0,0.00,5.00,-1,0,0.000,0,0.00,-16.44,0,0,1,0.0,4,0.00,0.000,0.00,0.00,1.053,0.447,0.000,-1.000,-1.000,-1.000,-1.000,None,12.7,-1.0,0,4,0.00,0,0,0,0,0.00,2,0,1.000,0.195,-1,-1,-1,-1,-1,-1,-1,-1,-999,-1,-1,0,-1,-1,-1,34.2,0,0.00,0,0,-1,-1,-1,-1,-1,-1,0,0
798,13.3000,air,apex,215.543,-549.097,35.088,-21.434,-25.544,1.864,33.398,33.346,34.198,0.00,0.00,0.00,0.00,0.000,3,,0,0.00,0.00,0.00,217.435,-544.904,35.593,-114.28,-15.34,68.69,4.628,0.180,-0.57,0.82,1,0,1,0,0,0,-15.34,-34.13,-13.32,0.1700,0.1261,0.3704,1,4.628,0,0.383,0,air_fallCalm,fallCalm,1.000,0,-0.084 0.281 -0.650 0.092 0.436 0.553 -0.237 -0.113 0.167 0.059,217.80,-544.48,35.55,-15.27,-114.40,101.12,-1,-1,-1,-1,0.137,-0.023 0.417 0.073 0.236,-1.0,0,-1.000,-1.000,0.4885,1.28,,-1.000,0.0,0.0,0.0,,,76.7,76.6,30.4,,0.000,0.0,11.5,-1.00,-1.0,0.0,0,1951,-1.0,99.6,-1.0,0.0,0.00,5.00,-1,0,0.000,0,0.00,-16.69,0,0,1,0.0,4,0.00,0.000,0.00,0.00,1.054,0.448,0.000,-1.000,-1.000,-1.000,-1.000,None,12.8,-1.0,0,4,0.00,0,0,0,0,0.00,2,0,1.000,0.191,-1,-1,-1,-1,-1,-1,-1,-1,-999,-1,-1,0,-1,-1,-1,34.2,0,0.00,0,0,-1,-1,-1,-1,-1,-1,0,0
799,13.3167,air,apex,215.186,-549.522,35.116,-21.434,-25.544,1.644,33.386,33.346,34.226,0.00,0.00,0.00,0.00,0.000,3,,0,0.00,0.00,0.00,217.067,-545.325,35.630,-114.14,-15.42,68.65,4.629,0.177,-0.57,0.82,1,0,1,0,0,0,-15.42,-34.17,-13.33,0.1678,0.1265,0.3715,1,4.629,0,0.383,0,air_fallCalm,fallCalm,1.000,0,-0.088 0.281 -0.655 0.100 0.436 0.546 -0.229 -0.106 0.178 0.061,217.43,-544.90,35.59,-15.34,-114.28,101.07,-1,-1,-1,-1,0.136,-0.012 0.406 0.081 0.238,-1.0,0,-1.000,-1.000,0.4881,1.35,,-1.000,0.0,0.0,0.0,,,76.8,76.7,30.0,,0.000,0.0,11.5,-1.00,-1.0,0.0,0,1937,-1.0,99.7,-1.0,0.0,0.00,5.00,-1,0,0.000,0,0.00,-16.69,0,0,1,0.0,4,0.00,0.000,0.00,0.00,1.056,0.450,0.000,-1.000,-1.000,-1.000,-1.000,None,12.9,-1.0,0,4,0.00,0,0,0,0,0.00,2,0,1.000,0.186,-1,-1,-1,-1,-1,-1,-1,-1,-999,-1,-1,0,-1,-1,-1,34.2,0,0.00,0,0,-1,-1,-1,-1,-1,-1,0,0
800,13.3333,air,apex,214.829,-549.948,35.141,-21.434,-25.544,1.424,33.376,33.346,34.251,0.00,0.00,0.00,0.00,0.000,3,,0,0.00,0.00,0.00,216.699,-545.745,35.664,-113.99,-15.49,68.61,4.630,0.174,-0.57,0.82,1,0,1,0,0,0,-15.49,-34.20,-13.35,0.1653,0.1268,0.3727,1,4.630,0,0.384,0,air_fallCalm,fallCalm,1.000,0,-0.091 0.280 -0.659 0.109 0.437 0.538 -0.223 -0.097 0.188 0.063,217.07,-545.32,35.63,-15.42,-114.14,101.03,-1,-1,-1,-1,0.134,-0.002 0.394 0.091 0.239,-1.0,0,-1.000,-1.000,0.4876,1.41,,-1.000,0.0,0.0,0.0,,,77.0,76.8,29.9,,0.000,0.0,11.5,-1.00,-1.0,0.0,0,1922,-1.0,99.9,-1.0,0.0,0.00,5.00,-1,0,0.000,0,0.00,-16.69,0,0,1,0.0,4,0.00,0.000,0.00,0.00,1.057,0.451,0.000,-1.000,-1.000,-1.000,-1.000,None,13.0,-1.0,0,4,0.00,0,0,0,0,0.00,2,0,1.000,0.183,-1,-1,-1,-1,-1,-1,-1,-1,-999,-1,-1,0,-1,-1,-1,34.2,0,0.00,0,0,-1,-1,-1,-1,-1,-1,0,0
801,13.3500,air,apex,214.471,-550.374,35.162,-21.434,-25.544,1.204,33.368,33.346,34.272,0.00,0.00,0.00,0.00,0.000,3,,0,0.00,0.00,0.00,216.331,-546.166,35.695,-113.84,-15.56,68.57,4.631,0.171,-0.57,0.82,1,0,1,0,0,0,-15.56,-34.22,-13.37,0.1627,0.1272,0.3738,1,4.631,0,0.384,0,air_fallCalm,fallCalm,1.000,0,-0.094 0.278 -0.663 0.118 0.438 0.529 -0.216 -0.089 0.198 0.066,216.70,-545.75,35.66,-15.49,-113.99,100.99,-1,-1,-1,-1,0.132,0.008 0.382 0.101 0.242,-1.0,0,-1.000,-1.000,0.4873,1.46,,-1.000,0.0,0.0,0.0,,,77.2,77.1,30.0,,0.000,0.0,11.5,-1.00,-1.0,0.0,0,1908,-1.0,100.0,-1.0,0.0,0.00,5.00,-1,0,0.000,0,0.00,-16.69,0,0,1,0.0,4,0.00,0.000,0.00,0.00,1.058,0.453,0.000,-1.000,-1.000,-1.000,-1.000,None,13.1,-1.0,0,4,0.00,0,0,0,0,0.00,2,0,1.000,0.179,-1,-1,-1,-1,-1,-1,-1,-1,-999,-1,-1,0,-1,-1,-1,34.2,0,0.00,0,0,-1,-1,-1,-1,-1,-1,0,0
802,13.3667,air,apex,214.114,-550.800,35.179,-21.434,-25.544,0.984,33.360,33.346,34.289,0.00,0.00,0.00,0.00,0.000,3,,0,0.00,0.00,0.00,215.964,-546.588,35.721,-113.71,-15.63,68.54,4.632,0.169,-0.57,0.82,1,0,1,0,0,0,-15.63,-34.24,-13.38,0.1600,0.1275,0.3750,1,4.632,0,0.385,0,air_fallCalm,fallCalm,1.000,0,-0.096 0.276 -0.666 0.126 0.439 0.520 -0.209 -0.079 0.208 0.070,216.33,-546.17,35.69,-15.56,-113.84,100.95,-1,-1,-1,-1,0.129,0.017 0.368 0.111 0.244,-1.0,0,-1.000,-1.000,0.4870,1.51,,-1.000,0.0,0.0,0.0,,,77.5,77.4,30.3,,0.000,0.0,11.5,-1.00,-1.0,0.0,0,1895,-1.0,100.2,-1.0,0.0,0.00,5.00,-1,0,0.000,0,0.00,-16.69,0,0,1,0.0,4,0.00,0.000,0.00,0.00,1.060,0.454,0.000,-1.000,-1.000,-1.000,-1.000,None,13.1,-1.0,0,4,0.00,0,0,0,0,0.00,2,0,1.000,0.176,-1,-1,-1,-1,-1,-1,-1,-1,-999,-1,-1,0,-1,-1,-1,34.2,0,0.00,0,0,-1,-1,-1,-1,-1,-1,0,0
803,13.3833,air,apex,213.757,-551.225,35.193,-21.434,-25.544,0.764,33.355,33.346,34.303,0.00,0.00,0.00,0.00,0.000,3,,0,0.00,0.00,0.00,215.599,-547.010,35.744,-113.60,-15.70,68.50,4.633,0.167,-0.56,0.83,1,0,1,0,0,0,-15.70,-34.26,-13.40,0.1570,0.1278,0.3762,1,4.633,0,0.385,0,air_fallCalm,fallCalm,1.000,0,-0.099 0.273 -0.669 0.133 0.440 0.510 -0.203 -0.069 0.218 0.073,215.96,-546.59,35.72,-15.63,-113.71,100.92,-1,-1,-1,-1,0.125,0.025 0.355 0.122 0.247,-1.0,0,-1.000,-1.000,0.4867,1.55,,-1.000,0.0,0.0,0.0,,,77.8,77.7,30.7,,0.000,0.0,11.5,-1.00,-1.0,0.0,0,1885,-1.0,100.3,-1.0,0.0,0.00,5.00,-1,0,0.000,0,0.00,-16.69,0,0,1,0.0,4,0.00,0.000,0.00,0.00,1.061,0.455,0.000,-1.000,-1.000,-1.000,-1.000,None,13.1,-1.0,0,4,0.00,0,0,0,0,0.00,2,0,1.000,0.173,-1,-1,-1,-1,-1,-1,-1,-1,-999,-1,-1,0,-1,-1,-1,34.2,0,0.00,0,0,-1,-1,-1,-1,-1,-1,0,0
804,13.4000,air,apex,213.400,-551.651,35.203,-21.434,-25.544,0.544,33.350,33.346,34.313,0.00,0.00,0.00,0.00,0.000,3,,0,0.00,0.00,0.00,215.235,-547.433,35.763,-113.52,-15.77,68.47,4.634,0.165,-0.56,0.83,1,0,1,0,0,0,-15.77,-34.28,-13.42,0.1540,0.1280,0.3774,1,4.634,0,0.386,0,air_fallCalm,fallCalm,1.000,0,-0.101 0.269 -0.672 0.140 0.441 0.499 -0.197 -0.059 0.226 0.078,215.60,-547.01,35.74,-15.70,-113.60,100.88,-1,-1,-1,-1,0.121,0.033 0.341 0.134 0.251,-1.0,0,-1.000,-1.000,0.4864,1.58,,-1.000,0.0,0.0,0.0,,,78.3,78.2,31.2,,0.000,0.0,11.5,-1.00,-1.0,0.0,0,1876,-1.0,100.4,-1.0,0.0,0.00,5.00,-1,0,0.000,0,0.00,-16.80,0,0,1,0.0,4,0.00,0.000,0.00,0.00,1.062,0.456,0.000,-1.000,-1.000,-1.000,-1.000,None,13.0,-1.0,0,4,0.00,0,0,0,0,0.00,2,0,1.000,0.170,-1,-1,-1,-1,-1,-1,-1,-1,-999,-1,-1,0,-1,-1,-1,34.2,0,0.00,0,0,-1,-1,-1,-1,-1,-1,0,0
805,13.4167,air,apex,213.042,-552.077,35.209,-21.434,-25.544,0.324,33.348,33.346,34.319,0.00,0.00,0.00,0.00,0.000,3,,0,0.00,0.00,0.00,214.874,-547.857,35.778,-113.46,-15.85,68.43,4.635,0.163,-0.56,0.83,1,0,1,0,0,0,-15.85,-34.29,-13.43,0.1510,0.1283,0.3785,1,4.635,0,0.386,0,air_fallCalm,fallCalm,1.000,0,-0.103 0.266 -0.674 0.145 0.441 0.489 -0.190 -0.049 0.235 0.082,215.24,-547.43,35.76,-15.77,-113.52,100.84,-1,-1,-1,-1,0.116,0.039 0.327 0.145 0.255,-1.0,0,-1.000,-1.000,0.4861,1.60,,-1.000,0.0,0.0,0.0,,,78.7,78.6,31.7,,0.000,0.0,11.5,-1.00,-1.0,0.0,0,1870,-1.0,100.5,-1.0,0.0,0.00,5.00,-1,0,0.000,0,0.00,-16.80,0,0,1,0.0,4,0.00,0.000,0.00,0.00,1.062,0.457,0.000,-1.000,-1.000,-1.000,-1.000,None,12.8,-1.0,0,4,0.00,0,0,0,0,0.00,2,0,1.000,0.167,-1,-1,-1,-1,-1,-1,-1,-1,-999,-1,-1,0,-1,-1,-1,34.2,0,0.00,0,0,-1,-1,-1,-1,-1,-1,0,0
806,13.4333,air,apex,212.685,-552.503,35.212,-21.434,-25.544,0.104,33.346,33.346,34.322,0.00,0.00,0.00,0.00,0.000,3,,0,0.00,0.00,0.00,214.514,-548.282,35.790,-113.43,-15.92,68.40,4.636,0.161,-0.56,0.83,1,0,1,0,0,0,-15.92,-34.31,-13.45,0.1479,0.1285,0.3797,1,4.636,0,0.387,0,air_fallCalm,fallCalm,1.000,0,-0.106 0.261 -0.677 0.150 0.441 0.478 -0.184 -0.038 0.244 0.088,214.87,-547.86,35.78,-15.85,-113.46,100.81,-1,-1,-1,-1,0.111,0.044 0.312 0.156 0.259,-1.0,0,-1.000,-1.000,0.4859,1.61,,-1.000,0.0,0.0,0.0,,,79.2,79.1,32.1,,0.000,0.0,11.5,-1.00,-1.0,0.0,0,1866,-1.0,100.6,-1.0,0.0,0.00,5.00,-1,0,0.000,0,0.00,-16.80,0,0,1,0.0,4,0.00,0.000,0.00,0.00,1.063,0.458,0.000,-1.000,-1.000,-1.000,-1.000,None,12.6,-1.0,0,4,0.00,0,0,0,0,0.00,2,0,1.000,0.165,-1,-1,-1,-1,-1,-1,-1,-1,-999,-1,-1,0,-1,-1,-1,34.2,0,0.00,0,0,-1,-1,-1,-1,-1,-1,0,0
807,13.4500,air,apex,212.328,-552.928,35.211,-21.434,-25.544,-0.116,33.346,33.346,34.321,0.00,0.00,0.00,0.00,0.000,3,,0,0.00,0.00,0.00,214.156,-548.707,35.798,-113.42,-15.99,68.37,4.637,0.160,-0.55,0.83,1,0,1,0,0,0,-15.99,-34.32,-13.47,0.1447,0.1287,0.3808,1,4.637,0,0.387,0,air_fallCalm,fallCalm,1.000,0,-0.108 0.257 -0.679 0.154 0.441 0.467 -0.177 -0.027 0.252 0.093,214.51,-548.28,35.79,-15.92,-113.43,100.77,-1,-1,-1,-1,0.105,0.048 0.298 0.168 0.263,-1.0,0,-1.000,-1.000,0.4857,1.61,,-1.000,0.0,0.0,0.0,,,79.8,79.7,32.5,,0.000,0.0,11.5,-1.00,-1.0,0.0,0,1864,-1.0,100.6,-1.0,0.0,0.00,5.00,-1,0,0.000,0,0.00,-16.80,0,0,1,0.0,4,0.00,0.000,0.00,0.00,1.064,0.458,0.000,-1.000,-1.000,-1.000,-1.000,None,12.3,-1.0,0,4,0.00,0,0,0,0,0.00,2,0,1.000,0.163,-1,-1,-1,-1,-1,-1,-1,-1,-999,-1,-1,0,-1,-1,-1,34.2,0,0.00,0,0,-1,-1,-1,-1,-1,-1,0,0
808,13.4667,swing,swingLow,212.251,-553.363,35.074,12.113,-26.628,-16.189,33.435,29.254,34.184,171.00,-538.08,76.03,32.28,0.057,4,,0,0.00,0.00,0.00,213.861,-549.054,35.784,-111.29,-17.20,68.34,4.654,0.159,-0.55,0.84,1,0,1,0,0,0,-17.20,-34.33,-13.48,0.1591,0.1085,0.4429,1,4.654,0,0.387,0,air_fallCalm,fallCalm,1.000,0,-0.163 0.372 -0.721 0.239 0.385 0.582 -0.101 -0.191 0.324 -0.060,214.16,-548.71,35.80,-15.99,-113.42,100.74,-1,-1,-1,-1,0.231,0.159 0.419 0.020 0.120,63.1,1,-1.000,-1.000,0.4829,1.60,,-1.000,0.0,0.0,0.0,,,67.0,47.9,-64.4,,0.000,0.0,11.5,-1.00,-1.0,0.0,0,1648,-1.0,100.6,-1.0,0.0,0.00,5.00,-1,0,0.000,0,0.00,-16.80,0,0,1,0.0,4,0.00,0.000,0.00,0.00,1.064,0.459,0.000,-1.000,-1.000,-1.000,-1.000,None,79.1,-1.0,0,4,0.00,0,0,0,0,0.00,2,0,1.000,0.161,-1,-1,-1,-1,-1,-1,-1,-1,-999,-1,-1,0,-1,-1,-1,34.2,0,0.00,0,1,0.44681,0.42544,-1.88196,-3.13269,2.13,14.62,0,0
809,13.4833,swing,swingLow,212.448,-553.809,34.800,11.543,-26.934,-16.465,33.612,29.304,33.910,171.00,-538.08,76.03,32.28,0.157,4,,0,0.00,0.00,0.00,213.650,-549.369,35.714,-107.82,-19.08,68.35,4.690,0.158,-0.54,0.84,1,0,1,0,0,0,-19.08,-34.33,-13.50,0.1864,0.1189,0.4104,1,4.690,0,0.387,0,swing,fallCalm,1.000,0,-0.181 0.480 -0.732 0.318 0.371 0.678 -0.066 -0.374 0.359 -0.236,213.86,-549.05,35.78,-17.20,-111.29,100.71,-1,-1,-1,-1,0.361,0.262 0.543 -0.156 -0.048,54.4,1,-1.000,-1.000,0.5008,1.62,,-1.000,0.0,0.0,0.0,,,52.6,31.7,-49.0,,0.000,0.0,11.5,-1.00,-1.0,0.0,0,1500,-1.0,102.8,-1.0,0.0,0.00,5.00,-1,0,0.000,0,0.00,-16.80,0,0,1,0.0,4,0.00,0.000,0.08,0.00,1.065,0.460,0.000,-1.000,-1.000,-1.000,-1.000,None,88.3,-1.0,0,4,0.00,0,0,0,0,0.00,2,0,0.924,0.160,-1,-1,-1,-1,-1,-1,-1,-1,-999,-1,-1,0,-1,-1,-1,34.2,0,0.00,0,1,0.46033,0.38646,-129.23992,-195.75340,2.23,1165.44,0,0
810,13.5000,swing,swingLow,212.635,-554.260,34.522,10.961,-27.236,-16.733,33.792,29.359,33.632,171.00,-538.08,76.03,32.28,0.240,4,,0,0.00,0.00,0.00,213.514,-549.745,35.581,-106.08,-20.09,68.48,4.720,0.157,-0.54,0.84,1,0,1,0,0,0,-20.09,-34.34,-13.52,0.2213,0.1206,0.4121,1,4.720,0,0.387,0,swing,fallCalm,1.000,0,-0.106 0.561 -0.697 0.445 0.445 0.609 -0.129 -0.562 0.294 -0.409,213.65,-549.37,35.71,-19.08,-107.82,100.72,-1,-1,-1,-1,0.483,0.399 0.546 -0.372 -0.230,50.9,1,-1.000,-1.000,0.5222,1.62,,-1.000,0.0,0.0,0.0,,,34.6,22.2,-29.0,,0.000,0.0,11.5,-1.00,-1.0,0.0,0,1500,-1.0,106.2,-1.0,0.0,0.00,5.00,-1,0,0.000,0,0.00,-16.12,0,0,1,0.0,4,0.00,0.000,0.17,0.00,1.096,0.458,0.000,-1.000,-1.000,-1.000,-1.000,None,96.6,-1.0,0,4,0.00,0,0,0,0,0.00,2,0,0.848,0.161,-1,-1,-1,-1,-1,-1,-1,-1,-999,-1,-1,0,-1,-1,-1,34.2,0,0.00,0,1,0.48085,0.35323,-108.67352,-167.73688,2.31,1547.66,0,0
811,13.5167,swing,swingLow,212.813,-554.717,34.239,10.367,-27.532,-16.992,33.974,29.419,33.349,171.00,-538.08,76.03,32.28,0.310,4,,0,0.00,0.00,0.00,213.453,-550.162,35.396,-105.61,-19.64,68.77,4.743,0.156,-0.53,0.85,1,0,1,0,0,0,-19.64,-34.35,-13.53,0.2515,0.1279,0.4235,1,4.743,0,0.386,0,swing,fallCalm,1.000,0,-0.170 0.563 -0.748 0.369 0.380 0.635 -0.043 -0.658 0.357 -0.454,213.51,-549.75,35.58,-20.09,-106.08,100.86,-1,-1,-1,-1,0.528,0.363 0.602 -0.512 -0.308,39.6,1,-1.000,-1.000,0.5395,1.58,,-1.000,0.0,0.0,0.0,,,26.3,8.4,-25.3,,0.000,0.0,11.5,-1.00,-1.0,0.0,0,1500,-1.0,107.9,-1.0,0.0,0.00,5.00,-1,0,0.000,0,0.00,-16.12,0,0,1,0.0,4,0.00,0.000,0.25,0.00,1.091,0.456,0.000,-1.000,-1.000,-1.000,-1.000,None,109.5,-1.0,0,4,0.00,0,0,0,0,0.00,2,0,0.773,0.162,-1,-1,-1,-1,-1,-1,-1,-1,-999,-1,-1,0,-1,-1,-1,34.2,0,0.00,0,1,0.49585,0.36669,-100.92997,-157.09087,2.40,1828.25,0,0
812,13.5333,swing,swingLow,212.980,-555.178,33.952,9.761,-27.823,-17.243,34.157,29.485,33.062,171.00,-538.08,76.03,32.28,0.369,4,,0,0.00,0.00,0.00,213.452,-550.603,35.174,-105.98,-18.95,69.18,4.759,0.156,-0.53,0.85,1,0,1,0,0,0,-18.95,-34.35,-13.55,0.2691,0.1401,0.4365,1,4.759,0,0.385,0,swing,fallCalm,1.000,0,-0.230 0.540 -0.795 0.294 0.316 0.648 0.038 -0.705 0.405 -0.467,213.45,-550.16,35.40,-19.64,-105.61,101.16,-1,-1,-1,-1,0.536,0.312 0.641 -0.598 -0.348,30.1,1,-1.000,-1.000,0.5588,1.52,,-1.000,0.0,0.0,0.0,,,24.8,-2.8,-24.7,,0.000,0.0,11.5,-1.00,-1.0,0.0,0,1500,-1.0,108.4,-1.0,0.0,0.00,5.00,-1,0,0.000,0,0.00,-16.12,0,0,1,0.0,4,0.00,0.000,0.33,0.00,1.105,0.450,0.000,-1.000,-1.000,-1.000,-1.000,None,119.8,-1.0,0,4,0.00,0,0,0,0,0.00,2,0,0.697,0.166,-1,-1,-1,-1,-1,-1,-1,-1,-999,-1,-1,0,-1,-1,-1,34.2,0,0.00,0,1,0.51023,0.38670,-97.96744,-153.78552,2.47,2019.56,0,0
813,13.5500,swing,swingLow,213.137,-555.645,33.661,9.143,-28.108,-17.486,34.342,29.557,32.771,171.00,-538.08,76.03,32.28,0.419,4,,0,0.00,0.00,0.00,213.495,-551.058,34.925,-106.85,-18.37,69.69,4.771,0.156,-0.52,0.85,1,0,1,0,0,0,-18.37,-34.35,-13.57,0.2783,0.1499,0.4478,1,4.771,0,0.384,0,swing,fallCalm,1.000,0,-0.281 0.507 -0.835 0.240 0.257 0.651 0.114 -0.723 0.441 -0.469,213.45,-550.60,35.17,-18.95,-105.98,101.60,-1,-1,-1,-1,0.524,0.272 0.663 -0.647 -0.367,22.2,1,-1.000,-1.000,0.5759,1.45,,-1.000,0.0,0.0,0.0,,,27.6,-11.9,-25.5,,0.000,0.0,11.5,-1.00,-1.0,0.0,0,1500,-1.0,108.0,-1.0,0.0,0.00,5.00,-1,0,0.000,0,0.00,-16.12,0,0,1,0.0,4,0.00,0.000,0.42,0.00,1.138,0.439,0.000,-1.000,-1.000,-1.000,-1.000,None,127.7,-1.0,0,4,0.00,0,0,0,0,0.00,2,0,0.621,0.170,-1,-1,-1,-1,-1,-1,-1,-1,-999,-1,-1,0,-1,-1,-1,34.2,0,0.00,0,1,0.52313,0.40462,-97.10797,-153.78568,2.52,2136.96,0,0
814,13.5667,swing,swingLow,213.284,-556.115,33.366,8.513,-28.386,-17.719,34.529,29.635,32.476,171.00,-538.08,76.03,32.28,0.462,4,,0,0.00,0.00,0.00,213.566,-551.524,34.660,-107.97,-17.91,70.25,4.778,0.157,-0.52,0.86,1,0,1,0,0,0,-17.91,-34.36,-13.58,0.2817,0.1570,0.4580,1,4.778,0,0.383,0,swing,fallCalm,1.000,0,-0.322 0.472 -0.865 0.214 0.208 0.644 0.185 -0.727 0.466 -0.468,213.49,-551.06,34.93,-18.37,-106.85,102.13,-1,-1,-1,-1,0.503,0.256 0.672 -0.671 -0.377,16.0,1,-1.000,-1.000,0.5906,1.38,,-1.000,0.0,0.0,0.0,,,31.8,-19.2,-27.1,,0.000,0.0,11.5,-1.00,-1.0,0.0,0,1500,-1.0,107.1,-1.0,0.0,0.00,5.00,-1,0,0.000,0,0.00,-16.12,0,0,1,0.0,4,0.00,0.000,0.50,0.00,1.183,0.422,0.000,-1.000,-1.000,-1.000,-1.000,None,133.7,-1.0,0,4,0.00,0,0,0,0,0.00,2,0,0.545,0.176,-1,-1,-1,-1,-1,-1,-1,-1,-999,-1,-1,0,-1,-1,-1,34.2,0,0.00,0,1,0.53447,0.41825,-97.36604,-155.63545,2.57,2197.34,0,0
815,13.5833,swing,swingLow,213.420,-556.591,33.068,7.871,-28.659,-17.943,34.716,29.720,32.178,171.00,-538.08,76.03,32.28,0.499,4,,0,0.00,0.00,0.00,213.654,-551.997,34.382,-109.17,-17.57,70.83,4.784,0.158,-0.51,0.86,1,0,1,0,0,0,-17.57,-34.36,-13.60,0.2813,0.1617,0.4674,1,4.784,0,0.382,0,swing,fallCalm,1.000,0,-0.355 0.439 -0.884 0.213 0.170 0.630 0.250 -0.723 0.483 -0.467,213.57,-551.52,34.66,-17.91,-107.97,102.71,-1,-1,-1,-1,0.479,0.264 0.669 -0.680 -0.382,11.4,1,-1.000,-1.000,0.6031,1.31,,-1.000,0.0,0.0,0.0,,,35.9,-25.1,-29.0,,0.000,0.0,11.5,-1.00,-1.0,0.0,0,1500,-1.0,106.0,-1.0,0.0,0.00,5.00,-1,0,0.000,0,0.00,-16.12,0,0,1,0.0,4,0.00,0.000,0.58,0.00,1.233,0.401,0.000,-1.000,-1.000,-1.000,-1.000,None,138.0,-1.0,0,4,0.00,0,0,0,0,0.00,2,0,0.470,0.183,-1,-1,-1,-1,-1,-1,-1,-1,-999,-1,-1,0,-1,-1,-1,34.2,0,0.00,0,1,0.54452,0.42720,-98.06624,-158.29410,2.61,2218.04,0,0
816,13.6000,swing,swingLow,213.545,-557.071,32.765,7.218,-28.924,-18.157,34.905,29.811,31.875,171.00,-538.08,76.03,32.28,0.530,4,,0,0.00,0.00,0.00,213.751,-552.475,34.096,-110.36,-17.33,71.40,4.789,0.159,-0.50,0.86,1,0,1,0,0,0,-17.33,-34.36,-13.62,0.2787,0.1645,0.4759,1,4.789,0,0.382,0,swing,fallCalm,1.000,0,-0.382 0.410 -0.891 0.232 0.144 0.612 0.313 -0.714 0.495 -0.467,213.65,-552.00,34.38,-17.57,-109.17,103.30,-1,-1,-1,-1,0.456,0.291 0.660 -0.676 -0.384,8.4,1,-1.000,-1.000,0.6138,1.25,,-1.000,0.0,0.0,0.0,,,39.6,-29.6,-31.1,,0.000,0.0,11.5,-1.00,-1.0,0.0,0,1500,-1.0,104.9,-1.0,0.0,0.00,5.00,-1,0,0.000,0,0.00,-14.37,0,0,1,0.0,4,0.00,0.000,0.65,0.00,1.281,0.376,0.000,-1.000,-1.000,-1.000,-1.000,None,140.7,-1.0,0,4,0.00,0,0,0,0,0.00,2,0,0.394,0.191,-1,-1,-1,-1,-1,-1,-1,-1,-999,-1,-1,0,-1,-1,-1,34.2,0,0.00,0,1,0.55349,0.43217,-98.78563,-161.04669,2.64,2216.17,0,0
817,13.6167,swing,swingLow,213.660,-557.555,32.459,6.552,-29.183,-18.361,35.095,29.909,31.569,171.00,-538.08,76.03,32.28,0.558,4,,0,0.00,0.00,0.00,213.849,-552.959,33.803,-111.47,-17.19,71.94,4.792,0.161,-0.50,0.87,1,0,1,0,0,0,-17.19,-34.33,-13.63,0.2756,0.1644,0.4843,1,4.792,0,0.381,0,swing,swingLowL,1.000,0,-0.393 0.395 -0.886 0.276 0.141 0.590 0.355 -0.710 0.494 -0.476,213.75,-552.48,34.10,-17.33,-110.36,103.89,-1,-1,-1,-1,0.444,0.342 0.645 -0.672 -0.391,7.7,1,-1.000,-1.000,0.6225,1.19,,-1.000,0.0,0.0,0.0,,,41.5,-31.8,-32.1,,0.000,0.0,11.5,-1.00,-1.0,0.0,0,1500,-1.0,103.7,-1.0,0.0,0.00,5.00,-1,0,0.000,0,0.00,-14.37,0,0,1,0.0,4,0.00,0.000,0.65,0.00,1.323,0.349,0.000,-1.000,-1.000,-1.000,-1.000,None,142.1,-1.0,0,4,0.00,0,0,0,0,0.00,2,0,0.318,0.200,-1,-1,-1,-1,-1,-1,-1,-1,-999,-1,-1,0,-1,-1,-1,34.2,0,0.00,0,1,0.56168,0.43207,-99.18195,-163.43224,2.68,2207.96,0,0
818,13.6333,swing,swingLow,213.763,-558.044,32.150,5.875,-29.433,-18.555,35.286,30.014,31.260,171.00,-538.08,76.03,32.28,0.583,4,,0,0.00,0.00,0.00,213.945,-553.447,33.504,-112.48,-17.13,72.45,4.795,0.163,-0.49,0.87,1,0,1,0,0,0,-17.13,-34.29,-13.65,0.2704,0.1640,0.4924,1,4.795,0,0.380,0,swing,swingLowL,1.000,0,-0.401 0.383 -0.879 0.322 0.150 0.563 0.390 -0.705 0.487 -0.477,213.85,-552.96,33.80,-17.19,-111.47,104.45,-1,-1,-1,-1,0.434,0.395 0.624 -0.668 -0.386,7.9,1,-1.000,-1.000,0.6295,1.13,,-1.000,0.0,0.0,0.0,,,42.8,-33.6,-32.8,,0.000,0.0,11.5,-1.00,-1.0,0.0,0,1500,-1.0,102.6,-1.0,0.0,0.00,5.00,-1,0,0.000,0,0.00,-14.37,0,0,1,0.0,4,0.00,0.000,0.65,0.00,1.360,0.330,0.000,-1.000,-1.000,-1.000,-1.000,None,143.2,-1.0,0,4,0.00,0,0,0,0,0.00,2,0,0.242,0.211,-1,-1,-1,-1,-1,-1,-1,-1,-999,-1,-1,0,-1,-1,-1,34.2,0,0.00,0,1,0.56852,0.43076,-99.14533,-164.96180,2.70,2201.12,0,0
819,13.6500,swing,swingLow,213.855,-558.536,31.838,5.186,-29.676,-18.738,35.478,30.126,30.948,171.00,-538.08,76.03,32.28,0.605,4,,0,0.00,0.00,0.00,214.036,-553.940,33.202,-113.38,-17.13,72.92,4.798,0.166,-0.48,0.87,1,0,1,0,0,0,-17.13,-34.22,-13.67,0.2658,0.1649,0.4986,1,4.798,0,0.379,0,swing,swingLowL,1.000,0,-0.407 0.371 -0.886 0.353 0.159 0.538 0.425 -0.698 0.477 -0.475,213.94,-553.45,33.50,-17.13,-112.48,104.96,-1,-1,-1,-1,0.426,0.429 0.607 -0.661 -0.378,8.6,1,-1.000,-1.000,0.6341,1.07,,-1.000,0.0,0.0,0.0,,,44.0,-35.1,-33.5,,0.000,0.0,11.5,-1.00,-1.0,0.0,0,1500,-1.0,101.7,-1.0,0.0,0.00,5.00,-1,0,0.000,0,0.00,-14.37,0,0,1,0.0,4,0.00,0.000,0.65,0.00,1.393,0.310,0.000,-1.000,-1.000,-1.000,-1.000,None,144.0,-1.0,0,4,0.00,0,0,0,0,0.00,2,0,0.167,0.221,-1,-1,-1,-1,-1,-1,-1,-1,-999,-1,-1,0,-1,-1,-1,34.2,0,0.00,0,1,0.57250,0.43101,-98.98358,-165.84397,2.72,2195.98,0,0
820,13.6667,swing,swingLow,213.935,-559.033,31.523,4.486,-29.911,-18.910,35.670,30.245,30.633,171.00,-538.08,76.03,32.28,0.625,4,,0,0.00,0.00,0.00,214.121,-554.437,32.895,-114.19,-17.18,73.35,4.800,0.169,-0.48,0.88,1,0,1,0,0,0,-17.18,-34.12,-13.68,0.2624,0.1659,0.5028,1,4.800,0,0.378,0,swing,swingLowL,1.000,0,-0.412 0.360 -0.892 0.387 0.166 0.520 0.460 -0.688 0.468 -0.470,214.04,-553.94,33.20,-17.13,-113.38,105.44,-1,-1,-1,-1,0.417,0.465 0.597 -0.649 -0.365,9.3,1,-1.000,-1.000,0.6375,1.02,,-1.000,0.0,0.0,0.0,,,45.2,-36.5,-34.3,,0.000,0.0,11.5,-1.00,-1.0,0.0,0,1500,-1.0,100.8,-1.0,0.0,0.00,5.00,-1,0,0.000,0,0.00,-14.37,0,0,1,0.0,4,0.00,0.000,0.65,0.00,1.426,0.290,0.000,-1.000,-1.000,-1.000,-1.000,None,144.6,-1.0,0,4,0.00,0,0,0,0,0.00,2,0,0.091,0.233,-1,-1,-1,-1,-1,-1,-1,-1,-999,-1,-1,0,-1,-1,-1,34.2,0,0.00,0,1,0.57536,0.43014,-98.30629,-165.83022,2.72,2192.48,0,0
821,13.6833,swing,swingLow,214.003,-559.534,31.204,3.775,-30.136,-19.072,35.863,30.372,30.314,171.00,-538.08,76.03,32.28,0.643,4,,0,0.00,0.00,0.00,214.198,-554.938,32.585,-114.91,-17.27,73.75,4.803,0.173,-0.47,0.88,1,0,1,0,0,0,-17.27,-34.00,-13.70,0.2598,0.1672,0.5055,1,4.803,0,0.377,0,swing,swingLowL,1.000,0,-0.418 0.350 -0.900 0.424 0.170 0.507 0.494 -0.675 0.459 -0.463,214.12,-554.44,32.89,-17.18,-114.19,105.87,-1,-1,-1,-1,0.408,0.504 0.592 -0.632 -0.348,9.8,1,-1.000,-1.000,0.6400,0.96,,-1.000,0.0,0.0,0.0,,,46.3,-37.5,-35.4,,0.000,0.0,11.5,-1.00,-1.0,0.0,0,1500,-1.0,100.0,-1.0,0.0,0.00,5.00,-1,0,0.000,0,0.00,-14.37,0,0,1,0.0,4,0.00,0.000,0.65,0.00,1.460,0.271,0.000,-1.000,-1.000,-1.000,-1.000,None,144.8,-1.0,0,4,0.00,0,0,0,0,0.00,2,0,0.015,0.246,-1,-1,-1,-1,-1,-1,-1,-1,-999,-1,-1,0,-1,-1,-1,34.2,0,0.00,0,1,0.57720,0.42820,-97.20336,-165.11395,2.73,2190.54,0,0
822,13.7000,swing,swingLow,214.060,-560.038,30.884,3.052,-30.353,-19.221,36.057,30.506,29.994,171.00,-538.08,76.03,32.28,0.659,4,,0,0.00,0.00,0.00,214.266,-555.442,32.272,-115.56,-17.39,74.10,4.805,0.177,-0.46,0.89,1,0,1,0,0,0,-17.39,-33.84,-13.72,0.2568,0.1699,0.5069,1,4.805,0,0.377,0,swing,swingLowL,1.000,0,-0.426 0.340 -0.909 0.461 0.166 0.501 0.529 -0.655 0.455 -0.451,214.20,-554.94,32.58,-17.27,-114.91,106.27,-1,-1,-1,-1,0.398,0.541 0.595 -0.606 -0.324,10.1,1,-1.000,-1.000,0.6420,0.90,,-1.000,0.0,0.0,0.0,,,47.6,-38.5,-37.0,,0.000,0.0,11.5,-1.00,-1.0,0.0,0,1500,-1.0,99.4,-1.0,0.0,0.00,5.00,-1,0,0.000,0,0.00,-12.48,0,0,1,0.0,4,0.00,0.000,0.65,0.00,1.493,0.256,0.000,-1.000,-1.000,-1.000,-1.000,None,144.4,-1.0,0,4,0.00,0,0,0,0,0.00,2,0,0.000,0.259,-1,-1,-1,-1,-1,-1,-1,-1,-999,-1,-1,0,-1,-1,-1,34.2,0,0.00,0,1,0.57812,0.42569,-95.78822,-163.86925,2.73,2189.99,0,0
823,13.7167,swing,swingLow,214.104,-560.545,30.561,2.319,-30.560,-19.359,36.250,30.648,29.671,171.00,-538.08,76.03,32.28,0.675,4,,0,0.00,0.00,0.00,214.325,-555.951,31.955,-116.15,-17.51,74.43,4.807,0.181,-0.45,0.89,1,0,1,0,0,0,-17.51,-33.66,-13.73,0.2474,0.1731,0.5113,1,4.807,0,0.376,0,swing,swingLowL,1.000,0,-0.433 0.331 -0.911 0.464 0.152 0.510 0.550 -0.632 0.466 -0.431,214.27,-555.44,32.27,-17.39,-115.56,106.62,-1,-1,-1,-1,0.389,0.543 0.609 -0.578 -0.298,10.3,1,-1.000,-1.000,0.6442,0.81,,-1.000,0.0,0.0,0.0,,,48.8,-39.2,-38.7,,0.000,0.0,11.5,-1.00,-1.0,0.0,0,1500,-1.0,98.8,-1.0,0.0,0.00,5.00,-1,0,0.000,0,0.00,-12.48,0,0,1,0.0,4,0.00,0.000,0.65,0.00,1.501,0.176,0.000,-1.000,-1.000,-1.000,-1.000,None,143.7,-1.0,0,4,0.00,0,0,0,0,0.00,2,0,0.000,0.273,-1,-1,-1,-1,-1,-1,-1,-1,-999,-1,-1,0,-1,-1,-1,34.2,0,0.00,0,1,0.57882,0.42855,-94.33238,-162.27204,2.72,2190.64,0,0
824,13.7333,swing,swingLow,214.136,-561.056,30.236,1.575,-30.757,-19.484,36.443,30.797,29.346,171.00,-538.08,76.03,32.28,0.690,4,,0,0.00,0.00,0.00,214.375,-556.463,31.637,-116.70,-17.51,74.72,4.809,0.186,-0.45,0.89,1,0,1,0,0,0,-17.51,-33.45,-13.75,0.2447,0.1758,0.5129,1,4.809,0,0.375,0,swing,swingLowL,1.000,0,-0.441 0.324 -0.912 0.460 0.136 0.523 0.564 -0.607 0.483 -0.409,214.33,-555.95,31.96,-17.51,-116.15,106.94,-1,-1,-1,-1,0.380,0.535 0.623 -0.548 -0.272,10.3,1,-1.000,-1.000,0.6461,0.72,,-1.000,0.0,0.0,0.0,,,49.9,-39.6,-40.5,,0.000,0.0,11.5,-1.00,-1.0,0.0,0,1500,-1.0,98.2,-1.0,0.0,0.00,5.00,-1,0,0.000,0,0.00,-12.48,0,0,1,0.0,4,0.00,0.000,0.65,0.00,1.499,0.180,0.000,-1.000,-1.000,-1.000,-1.000,None,142.6,-1.0,0,4,0.00,0,0,0,0,0.00,2,0,0.000,0.288,-1,-1,-1,-1,-1,-1,-1,-1,-999,-1,-1,0,-1,-1,-1,34.2,0,0.00,0,1,0.57915,0.43410,-93.47032,-161.53086,2.71,2192.35,0,0
825,13.7500,swing,swingLow,214.155,-561.571,29.909,0.820,-30.944,-19.597,36.637,30.955,29.019,171.00,-538.08,76.03,32.28,0.704,4,,0,0.00,0.00,0.00,214.415,-556.978,31.315,-117.23,-17.38,74.99,4.810,0.191,-0.44,0.90,1,0,1,0,0,0,-17.38,-33.22,-13.77,0.2423,0.1788,0.5159,1,4.810,0,0.375,0,swing,swingLowL,1.000,0,-0.450 0.319 -0.913 0.456 0.120 0.536 0.575 -0.583 0.501 -0.388,214.38,-556.46,31.64,-17.51,-116.70,107.24,-1,-1,-1,-1,0.372,0.527 0.634 -0.519 -0.246,10.2,1,-1.000,-1.000,0.6476,0.61,,-1.000,0.0,0.0,0.0,,,51.0,-39.8,-42.4,,0.000,0.0,11.5,-1.00,-1.0,0.0,0,1500,-1.0,97.7,-1.0,0.0,0.00,5.00,-1,0,0.000,0,0.00,-12.48,0,0,1,0.0,4,0.00,0.000,0.65,0.00,1.495,0.187,0.000,-1.000,-1.000,-1.000,-1.000,None,141.2,-1.0,0,4,0.00,0,0,0,0,0.00,2,0,0.000,0.303,-1,-1,-1,-1,-1,-1,-1,-1,-999,-1,-1,0,-1,-1,-1,34.2,0,0.00,0,1,0.57912,0.44097,-93.28729,-161.89019,2.70,2194.99,0,0
826,13.7667,swing,swingLow,214.162,-562.088,29.580,0.055,-31.120,-19.698,36.830,31.120,28.690,171.00,-538.08,76.03,32.28,0.717,4,,0,0.00,0.00,0.00,214.446,-557.497,30.991,-117.73,-17.12,75.24,4.812,0.196,-0.43,0.90,1,0,1,0,0,0,-17.12,-32.97,-13.78,0.2401,0.1817,0.5202,1,4.812,0,0.374,0,swing,swingLowL,1.000,0,-0.457 0.314 -0.913 0.453 0.105 0.550 0.583 -0.559 0.521 -0.366,214.42,-556.98,31.32,-17.38,-117.23,107.50,-1,-1,-1,-1,0.363,0.518 0.643 -0.490 -0.223,10.2,1,-1.000,-1.000,0.6488,0.49,,-1.000,0.0,0.0,0.0,,,52.1,-39.9,-44.3,,0.000,0.0,11.5,-1.00,-1.0,0.0,0,1500,-1.0,97.2,-1.0,0.0,0.00,5.00,-1,0,0.000,0,0.00,-12.48,0,0,1,0.0,4,0.00,0.000,0.65,0.00,1.491,0.195,0.000,-1.000,-1.000,-1.000,-1.000,None,139.7,-1.0,0,4,0.00,0,0,0,0,0.00,2,0,0.000,0.319,-1,-1,-1,-1,-1,-1,-1,-1,-999,-1,-1,0,-1,-1,-1,34.2,0,0.00,0,1,0.57884,0.44897,-93.75996,-163.30039,2.68,2198.41,0,0
827,13.7833,swing,swingLow,214.156,-562.608,29.249,-0.719,-31.284,-19.785,37.022,31.292,28.359,171.00,-538.08,76.03,32.28,0.730,4,,0,0.00,0.00,0.00,214.466,-558.018,30.666,-118.23,-16.74,75.47,4.813,0.202,-0.42,0.91,1,0,1,0,0,0,-16.74,-32.69,-13.80,0.2381,0.1842,0.5258,1,4.813,0,0.374,0,swing,swingLowL,1.000,0,-0.464 0.310 -0.913 0.450 0.090 0.563 0.589 -0.536 0.539 -0.344,214.45,-557.50,30.99,-17.12,-117.73,107.75,-1,-1,-1,-1,0.355,0.510 0.650 -0.463 -0.201,10.4,1,-1.000,-1.000,0.6498,0.36,,-1.000,0.0,0.0,0.0,,,53.1,-39.9,-46.0,,0.000,0.0,11.5,-1.00,-1.0,0.0,0,1500,-1.0,96.7,-1.0,0.0,0.00,5.00,-1,0,0.000,0,0.00,-12.48,0,0,1,0.0,4,0.00,0.000,0.65,0.00,1.488,0.202,0.000,-1.000,-1.000,-1.000,-1.000,None,138.2,-1.0,0,4,0.00,0,0,0,0,0.00,2,0,0.000,0.335,-1,-1,-1,-1,-1,-1,-1,-1,-999,-1,-1,0,-1,-1,-1,34.2,0,0.00,0,1,0.57840,0.45794,-94.88345,-165.77204,2.67,2202.49,0,0
828,13.8000,swing,swingLow,214.137,-563.131,28.917,-1.503,-31.437,-19.859,37.215,31.473,28.027,171.00,-538.08,76.03,32.28,0.742,4,,0,0.00,0.00,0.00,214.476,-558.543,30.338,-118.73,-16.26,75.68,4.814,0.209,-0.42,0.91,1,0,1,0,0,0,-16.26,-32.39,-13.82,0.2364,0.1866,0.5323,1,4.814,0,0.373,0,swing,swingLowL,1.000,0,-0.471 0.306 -0.912 0.448 0.076 0.575 0.594 -0.514 0.558 -0.323,214.47,-558.02,30.67,-16.74,-118.23,107.97,-1,-1,-1,-1,0.347,0.502 0.656 -0.437 -0.181,10.7,1,-1.000,-1.000,0.6504,0.24,,-1.000,0.0,0.0,0.0,,,54.1,-39.9,-47.7,,0.000,0.0,11.5,-1.00,-1.0,0.0,0,1500,-1.0,96.2,-1.0,0.0,0.00,5.00,-1,0,0.000,0,0.00,-10.52,0,0,1,0.0,4,0.00,0.000,0.65,0.00,1.484,0.209,0.000,-1.000,-1.000,-1.000,-1.000,None,136.7,-1.0,0,4,0.00,0,0,0,0,0.00,2,0,0.000,0.352,-1,-1,-1,-1,-1,-1,-1,-1,-999,-1,-1,0,-1,-1,-1,34.2,0,0.00,0,1,0.57784,0.46768,-96.64627,-169.32242,2.66,2207.12,0,0
829,13.8167,swing,swingLow,214.105,-563.656,28.584,-2.297,-31.578,-19.920,37.406,31.661,27.694,171.00,-538.08,76.03,32.28,0.754,4,,0,0.00,0.00,0.00,214.475,-559.071,30.009,-119.23,-15.69,75.88,4.816,0.215,-0.41,0.91,1,0,1,0,0,0,-15.69,-32.08,-13.83,0.2352,0.1886,0.5396,1,4.816,0,0.373,0,swing,swingLowL,1.000,0,-0.477 0.303 -0.912 0.447 0.063 0.586 0.596 -0.492 0.575 -0.303,214.48,-558.54,30.34,-16.26,-118.73,108.18,-1,-1,-1,-1,0.340,0.495 0.660 -0.413 -0.163,11.0,1,-1.000,-1.000,0.6509,0.11,,-1.000,0.0,0.0,0.0,,,55.0,-39.8,-49.2,,0.000,0.0,11.5,-1.00,-1.0,0.0,0,1500,-1.0,95.6,-1.0,0.0,0.00,5.00,-1,0,0.000,0,0.00,-10.52,0,0,1,0.0,4,0.00,0.000,0.65,0.00,1.480,0.214,0.000,-1.000,-1.000,-1.000,-1.000,None,135.2,-1.0,0,4,0.00,0,0,0,0,0.00,2,0,0.000,0.369,-1,-1,-1,-1,-1,-1,-1,-1,-999,-1,-1,0,-1,-1,-1,34.2,0,0.00,0,1,0.57721,0.47798,-99.02949,-173.95569,2.64,2212.22,0,0
830,13.8333,swing,swingLow,214.059,-564.183,28.251,-3.099,-31.706,-19.966,37.597,31.857,27.361,171.00,-538.08,76.03,32.28,0.766,4,,0,0.00,0.00,0.00,214.464,-559.601,29.678,-119.74,-15.07,76.06,4.816,0.222,-0.40,0.92,1,0,1,0,0,0,-15.07,-31.75,-13.85,0.2343,0.1904,0.5476,1,4.816,0,0.373,0,swing,swingLowL,1.000,0,-0.482 0.300 -0.911 0.446 0.050 0.596 0.598 -0.472 0.591 -0.283,214.48,-559.07,30.01,-15.69,-119.23,108.38,-1,-1,-1,-1,0.332,0.488 0.663 -0.392 -0.147,11.5,1,-1.000,-1.000,0.6512,-0.01,,-1.000,0.0,0.0,0.0,,,55.8,-39.6,-50.7,,0.000,0.0,11.5,-1.00,-1.0,0.0,0,1500,-1.0,95.1,-1.0,0.0,0.00,5.00,-1,0,0.000,0,0.00,-10.52,0,0,1,0.0,4,0.00,0.000,0.65,0.00,1.476,0.218,0.000,-1.000,-1.000,-1.000,-1.000,None,133.7,-1.0,0,4,0.00,0,0,0,0,0.00,2,0,0.000,0.387,-1,-1,-1,-1,-1,-1,-1,-1,-999,-1,-1,0,-1,-1,-1,34.2,0,0.00,0,1,0.57653,0.48857,-101.99128,-179.63525,2.63,2217.70,0,0
831,13.8500,swing,swingLow,214.000,-564.713,27.916,-3.910,-31.821,-19.999,37.787,32.060,27.026,171.00,-538.08,76.03,32.28,0.778,4,,0,0.00,0.00,0.00,214.441,-560.134,29.346,-120.26,-14.41,76.24,4.817,0.230,-0.39,0.92,1,0,1,0,0,0,-14.41,-31.40,-13.87,0.2334,0.1920,0.5559,1,4.817,0,0.372,0,swing,swingLowL,1.000,0,-0.487 0.298 -0.910 0.445 0.038 0.605 0.598 -0.453 0.606 -0.264,214.46,-559.60,29.68,-15.07,-119.74,108.56,-1,-1,-1,-1,0.326,0.481 0.666 -0.372 -0.133,12.0,1,-1.000,-1.000,0.6513,-0.13,,-1.000,0.0,0.0,0.0,,,56.6,-39.3,-52.0,,0.000,0.0,11.5,-1.00,-1.0,0.0,0,1500,-1.0,94.5,-1.0,0.0,0.00,5.00,-1,0,0.000,0,0.00,-10.52,0,0,1,0.0,4,0.00,0.000,0.65,0.00,1.472,0.222,0.000,-1.000,-1.000,-1.000,-1.000,None,132.3,-1.0,0,4,0.00,0,0,0,0,0.00,2,0,0.000,0.404,-1,-1,-1,-1,-1,-1,-1,-1,-999,-1,-1,0,-1,-1,-1,34.2,0,0.00,0,1,0.57583,0.49917,-105.46377,-186.27758,2.62,2223.50,0,0
832,13.8667,swing,swingLow,213.927,-565.244,27.581,-4.728,-31.923,-20.017,37.975,32.271,26.691,171.00,-538.08,76.03,32.28,0.790,4,,0,0.00,0.00,0.00,214.407,-560.669,29.013,-120.80,-13.75,76.40,4.818,0.238,-0.38,0.92,1,0,1,0,0,0,-13.75,-31.04,-13.88,0.2327,0.1933,0.5644,1,4.818,0,0.372,0,swing,swingLowL,1.000,0,-0.491 0.295 -0.909 0.445 0.027 0.613 0.597 -0.435 0.621 -0.247,214.44,-560.13,29.35,-14.41,-120.26,108.73,-1,-1,-1,-1,0.319,0.476 0.667 -0.354 -0.120,12.5,1,-1.000,-1.000,0.6513,-0.24,,-1.000,0.0,0.0,0.0,,,57.4,-38.9,-53.2,,0.000,0.0,11.5,-1.00,-1.0,0.0,0,1500,-1.0,93.9,-1.0,0.0,0.00,5.00,-1,0,0.000,0,0.00,-10.52,0,0,1,0.0,4,0.00,0.000,0.65,0.00,1.469,0.223,0.000,-1.000,-1.000,-1.000,-1.000,None,130.9,-1.0,0,4,0.00,0,0,0,0,0.00,2,0,0.000,0.422,-1,-1,-1,-1,-1,-1,-1,-1,-999,-1,-1,0,-1,-1,-1,34.2,0,0.00,0,1,0.57513,0.50947,-109.32889,-193.70802,2.61,2229.56,0,0
833,13.8833,swing,swingLow,213.841,-565.777,27.246,-5.554,-32.011,-20.021,38.163,32.489,26.356,171.00,-538.08,76.03,32.28,0.801,4,,0,0.00,0.00,0.00,214.362,-561.206,28.680,-121.35,-13.12,76.56,4.818,0.246,-0.37,0.93,1,0,1,0,0,0,-13.12,-30.67,-13.90,0.2319,0.1943,0.5726,1,4.818,0,0.372,0,swing,swingLowL,1.000,0,-0.495 0.293 -0.907 0.445 0.016 0.619 0.596 -0.419 0.633 -0.230,214.41,-560.67,29.01,-13.75,-120.80,108.89,-1,-1,-1,-1,0.313,0.470 0.667 -0.338 -0.109,13.0,1,-1.000,-1.000,0.6512,-0.35,,-1.000,0.0,0.0,0.0,,,58.0,-38.5,-54.3,,0.000,0.0,11.5,-1.00,-1.0,0.0,0,1500,-1.0,93.3,-1.0,0.0,0.00,5.00,-1,0,0.000,0,0.00,-10.52,0,0,1,0.0,4,0.00,0.000,0.65,0.00,1.465,0.224,0.000,-1.000,-1.000,-1.000,-1.000,None,129.5,-1.0,0,4,0.00,0,0,0,0,0.00,2,0,0.000,0.440,-1,-1,-1,-1,-1,-1,-1,-1,-999,-1,-1,0,-1,-1,-1,34.2,0,0.00,0,1,0.57443,0.51916,-113.40996,-201.64267,2.60,2235.85,0,0
834,13.9000,swing,swingLow,213.741,-566.311,26.911,-6.387,-32.085,-20.010,38.349,32.714,26.021,171.00,-538.08,76.03,32.28,0.812,4,,0,0.00,0.00,0.00,214.304,-561.745,28.346,-121.92,-12.55,76.71,4.818,0.254,-0.37,0.93,1,0,1,0,0,0,-12.55,-30.29,-13.92,0.2311,0.1950,0.5802,1,4.818,0,0.372,0,swing,swingLowL,1.000,0,-0.498 0.291 -0.906 0.445 0.006 0.624 0.594 -0.405 0.646 -0.215,214.36,-561.21,28.68,-13.12,-121.35,109.04,-1,-1,-1,-1,0.308,0.466 0.666 -0.323 -0.100,13.5,1,-1.000,-1.000,0.6509,-0.46,,-1.000,0.0,0.0,0.0,,,58.6,-37.9,-55.3,,0.000,0.0,11.5,-1.00,-1.0,0.0,0,1500,-1.0,92.7,-1.0,0.0,0.00,5.00,-1,0,0.000,0,0.00,-8.51,0,0,1,0.0,4,0.00,0.000,0.65,0.00,1.462,0.223,0.000,-1.000,-1.000,-1.000,-1.000,None,128.1,-1.0,0,4,0.00,0,0,0,0,0.00,2,0,0.000,0.459,-1,-1,-1,-1,-1,-1,-1,-1,-999,-1,-1,0,-1,-1,-1,34.2,0,0.00,0,1,0.57374,0.52787,-117.44755,-209.62668,2.59,2242.32,0,0
835,13.9167,swing,swingLow,213.627,-566.846,26.577,-7.227,-32.144,-19.984,38.533,32.946,25.687,171.00,-538.08,76.03,32.28,0.823,4,,0,0.00,0.00,0.00,214.234,-562.286,28.011,-122.50,-12.07,76.85,4.819,0.262,-0.36,0.93,1,0,1,0,0,0,-12.07,-29.90,-13.93,0.2304,0.1954,0.5867,1,4.819,0,0.371,0,swing,swingLowL,1.000,0,-0.501 0.289 -0.905 0.445 -0.003 0.627 0.591 -0.392 0.656 -0.202,214.30,-561.75,28.35,-12.55,-121.92,109.18,-1,-1,-1,-1,0.303,0.461 0.665 -0.310 -0.091,14.0,1,-1.000,-1.000,0.6504,-0.56,,-1.000,0.0,0.0,0.0,,,59.2,-37.3,-56.2,,0.000,0.0,11.5,-1.00,-1.0,0.0,0,1500,-1.0,92.0,-1.0,0.0,0.00,5.00,-1,0,0.000,0,0.00,-8.51,0,0,1,0.0,4,0.00,0.000,0.65,0.00,1.458,0.222,0.000,-1.000,-1.000,-1.000,-1.000,None,126.8,-1.0,0,4,0.00,0,0,0,0,0.00,2,0,0.000,0.477,-1,-1,-1,-1,-1,-1,-1,-1,-999,-1,-1,0,-1,-1,-1,34.2,0,0.00,0,1,0.57307,0.53525,-121.09729,-217.03586,2.59,2248.96,0,0
836,13.9333,swing,swingLow,213.499,-567.382,26.243,-8.073,-32.188,-19.942,38.716,33.185,25.139,171.00,-538.08,76.03,32.28,0.835,4,,0,0.00,0.00,0.00,214.152,-562.829,27.677,-123.10,-11.72,76.98,4.818,0.271,-0.35,0.94,1,0,1,0,0,0,-11.72,-29.49,-13.95,0.2296,0.1955,0.5918,1,4.818,0,0.371,0,swing,swingLowL,1.000,0,-0.504 0.287 -0.903 0.444 -0.012 0.629 0.588 -0.381 0.665 -0.191,214.23,-562.29,28.01,-12.07,-122.50,109.32,-1,-1,-1,-1,0.299,0.458 0.663 -0.298 -0.084,14.4,1,-1.000,-1.000,0.6499,-0.65,,-1.000,0.0,0.0,0.0,,,59.7,-36.6,-57.0,,0.000,0.0,11.5,-1.00,-1.0,0.0,0,1500,-1.0,91.4,-1.0,0.0,0.00,5.00,-1,0,0.000,0,0.00,-8.51,0,0,1,0.0,4,0.00,0.000,0.65,0.00,1.455,0.220,0.000,-1.000,-1.000,-1.000,-1.000,None,125.5,-1.0,0,4,0.00,0,0,0,0,0.00,2,0,0.000,0.496,-1,-1,-1,-1,-1,-1,-1,-1,-999,-1,-1,0,-1,-1,-1,34.2,0,0.00,0,1,0.57241,0.54094,-123.92887,-223.07410,2.58,2255.73,0,0
837,13.9500,swing,swingLow,213.356,-567.919,25.909,-8.924,-32.216,-19.886,38.897,33.430,24.805,171.00,-538.08,76.03,32.28,0.846,4,,0,0.00,0.00,0.00,214.058,-563.373,27.342,-123.71,-11.53,77.11,4.818,0.280,-0.34,0.94,1,0,1,0,0,0,-11.53,-29.07,-13.97,0.2285,0.1953,0.5949,1,4.818,0,0.371,0,swing,swingLowL,1.000,0,-0.506 0.285 -0.902 0.444 -0.021 0.629 0.584 -0.372 0.673 -0.181,214.15,-562.83,27.68,-11.72,-123.10,109.45,-1,-1,-1,-1,0.295,0.454 0.659 -0.288 -0.077,14.9,1,-1.000,-1.000,0.6491,-0.73,,-1.000,0.0,0.0,0.0,,,60.1,-35.8,-57.8,,0.000,0.0,11.5,-1.00,-1.0,0.0,0,1500,-1.0,90.8,-1.0,0.0,0.00,5.00,-1,0,0.000,0,0.00,-8.51,0,0,1,0.0,4,0.00,0.000,0.65,0.00,1.453,0.218,0.000,-1.000,-1.000,-1.000,-1.000,None,124.3,-1.0,0,4,0.00,0,0,0,0,0.00,2,0,0.000,0.514,-1,-1,-1,-1,-1,-1,-1,-1,-999,-1,-1,0,-1,-1,-1,34.2,0,0.00,0,1,0.57178,0.54457,-125.47215,-226.85652,2.57,2262.62,0,0
838,13.9667,swing,swingLow,213.200,-568.456,25.577,-9.780,-32.229,-19.813,39.076,33.680,24.473,171.00,-538.08,76.03,32.28,0.857,4,,0,0.00,0.00,0.00,213.950,-563.917,27.009,-124.20,-11.50,77.18,4.818,0.290,-0.33,0.94,1,0,1,0,0,0,-11.50,-28.64,-13.98,0.2269,0.1946,0.5959,1,4.818,0,0.371,0,swing,swingLowL,1.000,0,-0.508 0.282 -0.901 0.442 -0.030 0.627 0.581 -0.364 0.681 -0.173,214.06,-563.37,27.34,-11.53,-123.71,109.57,-1,-1,-1,-1,0.291,0.452 0.655 -0.280 -0.071,15.2,1,-1.000,-1.000,0.6474,-0.80,,-1.000,0.0,0.0,0.0,,,60.5,-34.9,-58.4,,0.000,0.0,11.5,-1.00,-1.0,0.0,0,1500,-1.0,90.1,-1.0,0.0,0.00,5.00,-1,0,0.000,0,0.00,-8.51,0,0,1,0.0,4,0.00,0.000,0.65,0.00,1.450,0.215,0.000,-1.000,-1.000,-1.000,-1.000,None,123.0,-1.0,0,4,0.00,0,0,0,0,0.00,2,0,0.000,0.532,-1,-1,-1,-1,-1,-1,-1,-1,-999,-1,-1,0,-1,-1,-1,34.2,0,0.00,0,1,0.57038,0.54599,-124.41242,-225.63881,2.56,2271.74,0,0
839,13.9833,swing,swingLow,213.029,-568.993,25.247,-10.640,-32.226,-19.725,39.253,33.937,23.027,171.00,-538.08,76.03,32.28,0.867,4,,0,0.00,0.00,0.00,213.829,-564.463,26.676,-124.46,-11.50,77.15,4.817,0.299,-0.33,0.95,1,0,1,0,0,0,-11.50,-28.18,-14.00,0.2249,0.1937,0.5959,1,4.817,0,0.371,0,swing,swingCornerBankL,1.000,0,-0.510 0.279 -0.900 0.439 -0.038 0.625 0.580 -0.357 0.689 -0.165,213.95,-563.92,27.01,-11.50,-124.20,109.64,-1,-1,-1,-1,0.288,0.449 0.651 -0.272 -0.066,15.6,1,-1.000,-1.000,0.6442,-0.83,,-1.000,0.0,0.0,0.0,,,60.9,-33.8,-59.0,,0.000,0.0,11.5,-1.00,-1.0,0.0,0,1500,-1.0,89.7,-1.0,0.0,0.00,5.00,-1,0,0.000,0,0.00,-8.51,0,0,1,0.0,4,0.00,0.000,0.65,0.00,1.448,0.213,0.000,-1.000,-1.000,-1.000,-1.000,None,121.8,-1.0,0,4,0.00,0,0,0,0,0.00,2,0,0.000,0.551,-1,-1,-1,-1,-1,-1,-1,-1,-999,-1,-1,0,-1,-1,-1,34.2,0,0.00,0,1,0.56762,0.54674,-121.33384,-220.21594,2.56,2284.73,0,0
840,14.0000,swing,swingLow,212.844,-569.530,24.917,-11.504,-32.206,-19.622,39.428,34.199,22.697,171.00,-538.08,76.03,32.28,0.878,4,,0,0.00,0.00,0.00,213.695,-565.009,26.344,-124.54,-11.50,77.04,4.816,0.309,-0.32,0.95,1,0,1,0,0,0,-11.50,-27.67,-14.02,0.2225,0.1924,0.5955,1,4.816,0,0.371,0,swing,swingCornerBankL,1.000,0,-0.511 0.276 -0.899 0.436 -0.047 0.622 0.581 -0.351 0.696 -0.156,213.83,-564.46,26.68,-11.50,-124.46,109.61,-1,-1,-1,-1,0.285,0.448 0.646 -0.266 -0.061,15.9,1,-1.000,-1.000,0.6398,-0.82,,-1.000,0.0,0.0,0.0,,,61.2,-32.7,-59.5,,0.000,0.0,11.5,-1.00,-1.0,0.0,0,1500,-1.0,89.4,-1.0,0.0,0.00,5.00,-1,0,0.000,0,0.00,-4.72,0,0,1,0.0,4,0.00,0.000,0.65,0.00,1.445,0.212,0.000,-1.000,-1.000,-1.000,-1.000,None,120.6,-1.0,0,4,0.00,0,0,0,0,0.00,2,0,0.000,0.569,-1,-1,-1,-1,-1,-1,-1,-1,-999,-1,-1,0,-1,-1,-1,34.2,0,0.00,0,1,0.56379,0.54717,-117.13810,-212.35246,2.56,2300.80,0,0
841,14.0167,swing,swingLow,212.644,-570.066,24.590,-12.370,-32.169,-19.502,39.600,34.465,23.440,171.00,-538.08,76.03,32.28,0.889,4,,0,0.00,0.00,0.00,213.548,-565.556,26.013,-124.48,-11.50,76.87,4.815,0.319,-0.31,0.95,1,0,1,0,0,0,-11.50,-27.16,-14.03,0.2200,0.1910,0.5949,1,4.815,0,0.371,0,swing,swingCornerBankL,1.000,0,-0.512 0.273 -0.898 0.433 -0.055 0.618 0.582 -0.345 0.703 -0.147,213.70,-565.01,26.34,-11.50,-124.54,109.50,-1,-1,-1,-1,0.283,0.446 0.640 -0.261 -0.057,16.2,1,-1.000,-1.000,0.6344,-0.78,,-1.000,0.0,0.0,0.0,,,61.4,-31.5,-59.9,,0.000,0.0,11.5,-1.00,-1.0,0.0,0,1500,-1.0,89.3,-1.0,0.0,0.00,5.00,-1,0,0.000,0,0.00,-4.72,0,0,1,0.0,2,0.00,0.000,0.65,0.00,1.443,0.211,0.000,-1.000,-1.000,-1.000,-1.000,None,119.4,-1.0,0,4,0.00,0,0,0,0,0.00,2,0,0.000,0.587,-1,-1,-1,-1,-1,-1,-1,-1,-999,-1,-1,0,-1,-1,-1,34.2,0,0.00,0,1,0.55914,0.54740,-112.34619,-203.27149,2.56,2319.29,0,0
842,14.0333,swing,swingLow,212.430,-570.602,24.265,-13.239,-32.115,-19.366,39.770,34.736,23.115,171.00,-538.08,76.03,32.28,0.900,4,,0,0.00,0.00,0.00,213.386,-566.102,25.683,-124.32,-11.50,76.65,4.814,0.329,-0.30,0.95,1,0,1,0,0,0,-11.50,-26.67,-14.05,0.2174,0.1894,0.5942,1,4.814,0,0.371,0,swing,swingCornerBankL,1.000,0,-0.513 0.270 -0.896 0.430 -0.064 0.615 0.583 -0.340 0.710 -0.138,213.55,-565.56,26.01,-11.50,-124.48,109.34,-1,-1,-1,-1,0.281,0.445 0.635 -0.256 -0.053,16.5,1,-1.000,-1.000,0.6284,-0.74,,-1.000,0.0,0.0,0.0,,,61.6,-30.3,-60.3,,0.000,0.0,11.5,-1.00,-1.0,0.0,0,1500,-1.0,89.4,-1.0,0.0,0.00,5.00,-1,0,0.000,0,0.00,-4.72,0,0,1,0.0,2,0.00,0.000,0.65,0.00,1.442,0.212,0.000,-1.000,-1.000,-1.000,-1.000,None,118.3,-1.0,0,4,0.00,0,0,0,0,0.00,2,0,0.000,0.605,-1,-1,-1,-1,-1,-1,-1,-1,-999,-1,-1,0,-1,-1,-1,34.2,0,0.00,0,1,0.55385,0.54745,-107.38325,-193.79475,2.56,2339.64,0,0
843,14.0500,swing,swingLow,212.201,-571.136,23.942,-14.110,-32.043,-19.214,39.937,35.012,22.792,171.00,-538.08,76.03,32.28,0.910,4,,0,0.00,0.00,0.00,213.211,-566.648,25.356,-124.09,-11.50,76.41,4.812,0.339,-0.29,0.96,1,0,1,0,0,0,-11.50,-26.18,-14.07,0.2149,0.1879,0.5935,1,4.812,0,0.371,0,swing,swingCornerBankL,1.000,0,-0.513 0.267 -0.894 0.427 -0.072 0.611 0.585 -0.335 0.715 -0.129,213.39,-566.10,25.68,-11.50,-124.32,109.13,-1,-1,-1,-1,0.279,0.444 0.630 -0.253 -0.049,16.7,1,-1.000,-1.000,0.6218,-0.71,,-1.000,0.0,0.0,0.0,,,61.8,-29.0,-60.6,,0.000,0.0,11.5,-1.00,-1.0,0.0,0,1500,-1.0,89.5,-1.0,0.0,0.00,5.00,-1,0,0.000,0,0.00,-4.72,0,0,1,0.0,2,0.00,0.000,0.65,0.00,1.440,0.214,0.000,-1.000,-1.000,-1.000,-1.000,None,117.2,-1.0,0,4,0.00,0,0,0,0,0.00,2,0,0.000,0.623,-1,-1,-1,-1,-1,-1,-1,-1,-999,-1,-1,0,-1,-1,-1,34.2,0,0.00,0,1,0.54811,0.54738,-102.53347,-184.47064,2.56,2361.40,0,0
844,14.0667,swing,swingLow,211.958,-571.669,23.622,-14.981,-31.953,-19.046,40.102,35.291,22.472,171.00,-538.08,76.03,32.28,0.921,4,,0,0.00,0.00,0.00,213.022,-567.194,25.030,-123.82,-11.50,76.13,4.811,0.349,-0.29,0.96,1,0,1,0,0,0,-11.50,-25.71,-14.08,0.2126,0.1863,0.5927,1,4.811,0,0.372,0,swing,swingCornerBankL,1.000,0,-0.513 0.265 -0.892 0.424 -0.079 0.607 0.588 -0.331 0.719 -0.121,213.21,-566.65,25.36,-11.50,-124.09,108.89,-1,-1,-1,-1,0.278,0.444 0.626 -0.250 -0.046,16.9,1,-1.000,-1.000,0.6150,-0.67,,-1.000,0.0,0.0,0.0,,,61.9,-27.6,-60.9,,0.000,0.0,11.5,-1.00,-1.0,0.0,0,1500,-1.0,89.8,-1.0,0.0,0.00,5.00,-1,0,0.000,0,0.00,-4.72,0,0,1,0.0,2,0.00,0.000,0.65,0.00,1.439,0.216,0.000,-1.000,-1.000,-1.000,-1.000,None,116.1,-1.0,0,4,0.00,0,0,0,0,0.00,2,0,0.000,0.640,-1,-1,-1,-1,-1,-1,-1,-1,-999,-1,-1,0,-1,-1,-1,34.2,0,0.00,0,1,0.54204,0.54719,-97.95986,-175.62017,2.57,2384.16,0,0
845,14.0833,swing,swingLow,211.700,-572.201,23.305,-15.852,-31.845,-18.861,40.263,35.573,22.155,171.00,-538.08,76.03,32.28,0.931,4,,0,0.00,0.00,0.00,212.819,-567.739,24.707,-123.52,-11.50,75.84,4.809,0.360,-0.28,0.96,1,0,1,0,0,0,-11.50,-25.25,-14.10,0.2103,0.1849,0.5917,1,4.809,0,0.373,0,swing,swingCornerBankL,1.000,0,-0.513 0.262 -0.890 0.420 -0.087 0.603 0.590 -0.327 0.722 -0.112,213.02,-567.19,25.03,-11.50,-123.82,108.62,-1,-1,-1,-1,0.277,0.444 0.621 -0.248 -0.042,17.0,1,-1.000,-1.000,0.6080,-0.64,,-1.000,0.0,0.0,0.0,,,62.0,-26.2,-61.1,,0.000,0.0,11.5,-1.00,-1.0,0.0,0,1500,-1.0,90.0,-1.0,0.0,0.00,5.00,-1,0,0.000,0,0.00,-4.72,0,0,1,0.0,2,0.00,0.000,0.65,0.00,1.437,0.219,0.000,-1.000,-1.000,-1.000,-1.000,None,115.1,-1.0,0,4,0.00,0,0,0,0,0.00,2,0,0.000,0.657,-1,-1,-1,-1,-1,-1,-1,-1,-999,-1,-1,0,-1,-1,-1,34.2,0,0.00,0,1,0.53578,0.54687,-93.79776,-167.31907,2.58,2407.59,0,0
846,14.1000,swing,swingLow,211.428,-572.730,22.991,-16.723,-31.719,-18.660,40.422,35.857,21.841,171.00,-538.08,76.03,32.28,0.942,4,,0,0.00,0.00,0.00,212.602,-568.283,24.386,-123.21,-11.50,75.55,4.807,0.370,-0.27,0.96,1,0,1,0,0,0,-11.50,-24.79,-14.12,0.2081,0.1837,0.5905,1,4.807,0,0.374,0,swing,swingCornerBankL,1.000,0,-0.512 0.259 -0.888 0.417 -0.095 0.600 0.593 -0.323 0.724 -0.103,212.82,-567.74,24.71,-11.50,-123.52,108.34,-1,-1,-1,-1,0.277,0.444 0.618 -0.247 -0.039,17.2,1,-1.000,-1.000,0.6010,-0.57,,-1.000,0.0,0.0,0.0,,,62.0,-24.8,-61.3,,0.000,0.0,11.5,-1.00,-1.0,0.0,0,1500,-1.0,90.3,-1.0,0.0,0.00,5.00,-1,0,0.000,0,0.00,-2.79,0,0,1,0.0,2,0.00,0.000,0.65,0.00,1.436,0.223,0.000,-1.000,-1.000,-1.000,-1.000,None,114.1,-1.0,0,4,0.00,0,0,0,0,0.00,2,0,0.000,0.674,-1,-1,-1,-1,-1,-1,-1,-1,-999,-1,-1,0,-1,-1,-1,34.2,0,0.00,0,1,0.52943,0.54643,-90.10288,-159.57833,2.58,2431.40,0,0
847,14.1167,swing,swingLow,211.141,-573.258,22.681,-17.592,-31.574,-18.443,40.578,36.144,21.531,171.00,-538.08,76.03,32.28,0.952,4,,0,0.00,0.00,0.00,212.371,-568.825,24.068,-122.90,-11.50,75.25,4.805,0.381,-0.27,0.96,1,0,1,0,0,0,-11.50,-24.33,-14.13,0.2061,0.1826,0.5893,1,4.805,0,0.375,0,swing,swingCornerBankL,1.000,0,-0.512 0.256 -0.886 0.413 -0.103 0.597 0.596 -0.320 0.725 -0.095,212.60,-568.28,24.39,-11.50,-123.21,108.05,-1,-1,-1,-1,0.276,0.445 0.615 -0.247 -0.037,17.3,1,-1.000,-1.000,0.5940,-0.46,,-1.000,0.0,0.0,0.0,,,62.0,-23.4,-61.4,,0.000,0.0,11.5,-1.00,-1.0,0.0,0,1500,-1.0,90.6,-1.0,0.0,0.00,5.00,-1,0,0.000,0,0.00,-2.79,0,0,1,0.0,2,0.00,0.000,0.65,0.00,1.435,0.227,0.000,-1.000,-1.000,-1.000,-1.000,None,113.2,-1.0,0,4,0.00,0,0,0,0,0.00,2,0,0.000,0.690,-1,-1,-1,-1,-1,-1,-1,-1,-999,-1,-1,0,-1,-1,-1,34.2,0,0.00,0,1,0.52304,0.54593,-86.81379,-152.50261,2.59,2455.35,0,0
848,14.1333,swing,swingLow,210.840,-573.782,22.374,-18.459,-31.410,-18.210,40.730,36.432,21.224,171.00,-538.08,76.03,32.28,0.961,4,,0,0.00,0.00,0.00,212.125,-569.365,23.753,-122.61,-11.50,74.95,4.802,0.392,-0.26,0.97,1,0,1,0,0,0,-11.50,-23.88,-14.15,0.2043,0.1817,0.5880,1,4.802,0,0.376,0,swing,swingCornerBankL,1.000,0,-0.511 0.254 -0.884 0.409 -0.109 0.594 0.598 -0.316 0.726 -0.086,212.37,-568.82,24.07,-11.50,-122.90,107.76,-1,-1,-1,-1,0.276,0.445 0.612 -0.247 -0.035,17.4,1,-1.000,-1.000,0.5871,-0.32,,-1.000,0.0,0.0,0.0,,,62.0,-22.0,-61.5,,0.000,0.0,11.5,-1.00,-1.0,0.0,0,1500,-1.0,90.9,-1.0,0.0,0.00,5.00,-1,0,0.000,0,0.00,-2.79,0,0,1,0.0,2,0.00,0.000,0.65,0.00,1.434,0.232,0.000,-1.000,-1.000,-1.000,-1.000,None,112.3,-1.0,0,4,0.00,0,0,0,0,0.00,2,0,0.000,0.706,-1,-1,-1,-1,-1,-1,-1,-1,-999,-1,-1,0,-1,-1,-1,34.2,0,0.00,0,1,0.51668,0.54539,-83.89041,-146.09124,2.60,2479.24,0,0
849,14.1500,swing,swingLow,210.525,-574.304,22.072,-19.323,-31.227,-17.961,40.879,36.722,20.922,171.00,-538.08,76.03,32.28,0.968,4,,0,0.00,0.00,0.00,211.865,-569.904,23.442,-122.35,-11.50,74.66,4.800,0.402,-0.25,0.97,1,0,1,0,0,0,-11.50,-23.43,-14.17,0.2027,0.1811,0.5867,1,4.800,0,0.378,0,swing,swingCornerBankL,1.000,0,-0.510 0.251 -0.882 0.406 -0.115 0.591 0.600 -0.313 0.725 -0.079,212.12,-569.37,23.75,-11.50,-122.61,107.46,-1,-1,-1,-1,0.276,0.446 0.610 -0.247 -0.033,17.4,1,-1.000,-1.000,0.5803,-0.17,,-1.000,0.0,0.0,0.0,,,62.0,-20.6,-61.5,,0.000,0.0,11.5,-1.00,-1.0,0.0,0,1503,-1.0,91.2,-1.0,0.0,0.00,5.00,-1,0,0.000,0,0.00,-2.79,0,0,1,0.0,2,0.00,0.000,0.65,0.00,1.433,0.236,0.000,-1.000,-1.000,-1.000,-1.000,None,111.4,-1.0,0,4,0.00,0,0,0,0,0.00,2,0,0.000,0.722,-1,-1,-1,-1,-1,-1,-1,-1,-999,-1,-1,0,-1,-1,-1,34.2,0,0.00,0,1,0.51040,0.54482,-81.29518,-140.30757,2.61,2502.89,0,0
850,14.1667,swing,swingLow,210.195,-574.823,21.774,-20.183,-31.025,-17.695,41.024,37.012,20.624,171.00,-538.08,76.03,32.28,0.974,4,,0,0.00,0.00,0.00,211.590,-570.439,23.134,-122.11,-11.50,74.37,4.797,0.413,-0.24,0.97,1,0,1,0,0,0,-11.50,-22.98,-14.18,0.2015,0.1806,0.5855,1,4.797,0,0.380,0,swing,swingCornerBankL,1.000,0,-0.509 0.249 -0.880 0.402 -0.120 0.588 0.602 -0.311 0.725 -0.072,211.86,-569.90,23.44,-11.50,-122.35,107.17,-1,-1,-1,-1,0.277,0.448 0.609 -0.248 -0.032,17.5,1,-1.000,-1.000,0.5737,-0.02,,-1.000,0.0,0.0,0.0,,,61.9,-19.3,-61.5,,0.000,0.0,11.5,-1.00,-1.0,0.0,0,1513,-1.0,91.5,-1.0,0.0,0.00,5.00,-1,0,0.000,0,0.00,-2.79,0,0,1,0.0,2,0.00,0.000,0.65,0.00,1.432,0.240,0.000,-1.000,-1.000,-1.000,-1.000,None,110.6,-1.0,0,4,0.00,0,0,0,0,0.00,2,0,0.000,0.737,-1,-1,-1,-1,-1,-1,-1,-1,-999,-1,-1,0,-1,-1,-1,34.2,0,0.00,0,1,0.50422,0.54421,-78.98765,-135.10937,2.63,2526.17,0,0
851,14.1833,swing,swingLow,209.850,-575.338,21.480,-21.038,-30.803,-17.413,41.166,37.301,20.330,171.00,-538.08,76.03,32.28,0.978,4,,0,0.00,0.00,0.00,211.301,-570.972,22.830,-121.91,-11.50,74.09,4.794,0.424,-0.24,0.97,1,0,1,0,0,0,-11.50,-22.54,-14.20,0.2004,0.1803,0.5843,1,4.794,0,0.382,0,swing,swingCornerBankL,1.000,0,-0.507 0.247 -0.877 0.400 -0.125 0.586 0.603 -0.309 0.724 -0.066,211.59,-570.44,23.13,-11.50,-122.11,106.89,-1,-1,-1,-1,0.278,0.449 0.608 -0.250 -0.031,17.5,1,-1.000,-1.000,0.5673,0.14,,-1.000,0.0,0.0,0.0,,,61.8,-17.9,-61.4,,0.000,0.0,11.5,-1.00,-1.0,0.0,0,1527,-1.0,91.7,-1.0,0.0,0.00,5.00,-1,0,0.000,0,0.00,-2.79,0,0,1,0.0,2,0.00,0.000,0.65,0.00,1.432,0.244,0.000,-1.000,-1.000,-1.000,-1.000,None,109.8,-1.0,0,4,0.00,0,0,0,0,0.00,2,0,0.000,0.751,-1,-1,-1,-1,-1,-1,-1,-1,-999,-1,-1,0,-1,-1,-1,34.2,0,0.00,0,1,0.49819,0.54357,-76.92942,-130.44816,2.64,2548.95,0,0
852,14.2000,swing,swingLow,209.492,-575.849,21.191,-21.887,-30.561,-17.116,41.304,37.590,20.041,171.00,-538.08,76.03,32.28,0.982,4,,0,0.00,0.00,0.00,210.998,-571.502,22.530,-121.74,-11.50,73.83,4.791,0.435,-0.23,0.97,1,0,1,0,0,0,-11.50,-22.09,-14.22,0.1996,0.1801,0.5831,1,4.791,0,0.385,0,swing,swingCornerBankL,1.000,0,-0.506 0.246 -0.874 0.397 -0.128 0.584 0.603 -0.307 0.723 -0.061,211.30,-570.97,22.83,-11.50,-121.91,106.61,-1,-1,-1,-1,0.279,0.451 0.608 -0.252 -0.031,17.4,1,-1.000,-1.000,0.5612,0.29,,-1.000,0.0,0.0,0.0,,,61.7,-16.7,-61.4,,0.000,0.0,11.5,-1.00,-1.0,0.0,0,1548,-1.0,91.9,-1.0,0.0,0.00,5.00,-1,0,0.000,0,0.00,-0.99,0,0,1,0.0,2,0.00,0.000,0.65,0.00,1.431,0.247,0.000,-1.000,-1.000,-1.000,-1.000,None,109.0,-1.0,0,4,0.00,0,0,0,0,0.00,2,0,0.000,0.766,-1,-1,-1,-1,-1,-1,-1,-1,-999,-1,-1,0,-1,-1,-1,34.2,0,0.00,0,1,0.49233,0.54289,-75.09142,-126.26798,2.65,2571.14,0,0
853,14.2167,swing,swingLow,209.119,-576.356,20.908,-22.730,-30.300,-16.803,41.438,37.878,19.758,171.00,-538.08,76.03,32.28,0.986,4,,0,0.00,0.00,0.00,210.680,-572.028,22.235,-121.61,-11.50,73.58,4.788,0.445,-0.22,0.97,1,0,1,0,0,0,-11.50,-21.65,-14.23,0.1990,0.1800,0.5820,1,4.788,0,0.387,0,swing,swingCornerBankL,1.000,0,-0.504 0.244 -0.872 0.395 -0.130 0.582 0.604 -0.306 0.722 -0.057,211.00,-571.50,22.53,-11.50,-121.74,106.35,-1,-1,-1,-1,0.280,0.453 0.607 -0.254 -0.031,17.4,1,-1.000,-1.000,0.5553,0.44,,-1.000,0.0,0.0,0.0,,,61.5,-15.4,-61.3,,0.000,0.0,11.5,-1.00,-1.0,0.0,0,1574,-1.0,92.0,-1.0,0.0,0.00,5.00,-1,0,0.000,0,0.00,-0.99,0,0,1,0.0,2,0.00,0.000,0.65,0.00,1.430,0.251,0.000,-1.000,-1.000,-1.000,-1.000,None,108.3,-1.0,0,4,0.00,0,0,0,0,0.00,2,0,0.000,0.779,-1,-1,-1,-1,-1,-1,-1,-1,-999,-1,-1,0,-1,-1,-1,34.2,0,0.00,0,1,0.48666,0.54216,-73.44607,-122.51394,2.66,2592.67,0,0
854,14.2333,swing,swingLow,208.733,-576.858,20.629,-23.566,-30.020,-16.474,41.568,38.164,19.479,171.00,-538.08,76.03,32.28,0.988,4,,0,0.00,0.00,0.00,210.348,-572.551,21.944,-121.52,-11.50,73.34,4.784,0.456,-0.22,0.98,1,0,1,0,0,0,-11.50,-21.21,-14.25,0.1986,0.1801,0.5809,1,4.784,0,0.390,0,swing,swingCornerBankL,1.000,0,-0.502 0.243 -0.869 0.393 -0.131 0.581 0.604 -0.306 0.721 -0.054,210.68,-572.03,22.23,-11.50,-121.61,106.10,-1,-1,-1,-1,0.281,0.455 0.607 -0.256 -0.032,17.3,1,-1.000,-1.000,0.5496,0.58,,-1.000,0.0,0.0,0.0,,,61.4,-14.3,-61.1,,0.000,0.0,11.5,-1.00,-1.0,0.0,0,1605,-1.0,92.2,-1.0,0.0,0.00,5.00,-1,0,0.000,0,0.00,-0.99,0,0,1,0.0,2,0.00,0.000,0.65,0.00,1.430,0.253,0.000,-1.000,-1.000,-1.000,-1.000,None,107.6,-1.0,0,4,0.00,0,0,0,0,0.00,2,0,0.000,0.793,-1,-1,-1,-1,-1,-1,-1,-1,-999,-1,-1,0,-1,-1,-1,34.2,0,0.00,0,1,0.48120,0.54136,-71.96978,-119.13962,2.68,2613.46,0,0
855,14.2500,swing,swingLow,208.332,-577.355,20.357,-24.393,-29.719,-16.130,41.694,38.448,19.207,171.00,-538.08,76.03,32.28,0.990,4,,0,0.00,0.00,0.00,210.002,-573.069,21.659,-121.47,-11.50,73.11,4.781,0.467,-0.21,0.98,1,0,1,0,0,0,-11.50,-20.77,-14.27,0.1984,0.1802,0.5798,1,4.781,0,0.393,0,swing,swingCornerBankL,1.000,0,-0.499 0.243 -0.866 0.392 -0.131 0.579 0.603 -0.305 0.721 -0.052,210.35,-572.55,21.94,-11.50,-121.52,105.86,-1,-1,-1,-1,0.283,0.457 0.607 -0.259 -0.034,17.2,1,-1.000,-1.000,0.5443,0.71,,-1.000,0.0,0.0,0.0,,,61.2,-13.2,-61.0,,0.000,0.0,11.5,-1.00,-1.0,0.0,0,1642,-1.0,92.3,-1.0,0.0,0.00,5.00,-1,0,0.000,0,0.00,-0.99,0,0,1,0.0,2,0.00,0.000,0.65,0.00,1.429,0.256,0.000,-1.000,-1.000,-1.000,-1.000,None,106.9,-1.0,0,4,0.00,0,0,0,0,0.00,2,0,0.000,0.805,-1,-1,-1,-1,-1,-1,-1,-1,-999,-1,-1,0,-1,-1,-1,34.2,0,0.00,0,1,0.47595,0.54049,-70.64006,-116.10001,2.69,2633.49,0,0
856,14.2667,swing,swingLow,207.918,-577.848,20.090,-25.211,-29.399,-15.770,41.816,38.728,18.940,171.00,-538.08,76.03,32.28,0.992,4,,0,0.00,0.00,0.00,209.642,-573.583,21.378,-121.46,-11.50,72.90,4.777,0.477,-0.21,0.98,1,0,1,0,0,0,-11.50,-20.34,-14.28,0.1984,0.1804,0.5787,1,4.777,0,0.396,0,swing,swingCornerBankL,1.000,0,-0.497 0.242 -0.863 0.391 -0.131 0.578 0.603 -0.305 0.720 -0.051,210.00,-573.07,21.66,-11.50,-121.47,105.63,-1,-1,-1,-1,0.285,0.459 0.608 -0.263 -0.037,17.1,1,-1.000,-1.000,0.5392,0.85,,-1.000,0.0,0.0,0.0,,,61.0,-12.1,-60.8,,0.000,0.0,11.5,-1.00,-1.0,0.0,0,1683,-1.0,92.3,-1.0,0.0,0.00,5.00,-1,0,0.000,0,0.00,-0.99,0,0,1,0.0,2,0.00,0.000,0.65,0.00,1.428,0.258,0.000,-1.000,-1.000,-1.000,-1.000,None,106.2,-1.0,0,4,0.00,0,0,0,0,0.00,2,0,0.000,0.818,-1,-1,-1,-1,-1,-1,-1,-1,-999,-1,-1,0,-1,-1,-1,34.2,0,0.00,0,1,0.47093,0.53953,-69.43845,-113.36100,2.70,2652.70,0,0
857,14.2833,swing,swingBottom,207.491,-578.334,19.829,-26.019,-29.058,-15.396,41.934,39.005,18.679,171.00,-538.08,76.03,32.28,0.993,4,,0,0.00,0.00,0.00,209.267,-574.091,21.103,-121.49,-11.50,72.70,4.773,0.488,-0.20,0.98,1,0,1,0,0,0,-11.50,-19.91,-14.30,0.1986,0.1807,0.5776,1,4.773,0,0.399,0,swing,swingCornerBankL,1.000,0,-0.494 0.242 -0.860 0.391 -0.129 0.577 0.602 -0.306 0.720 -0.051,209.64,-573.58,21.38,-11.50,-121.46,105.41,-1,-1,-1,-1,0.287,0.462 0.608 -0.266 -0.041,17.0,1,-1.000,-1.000,0.5344,0.97,,-1.000,0.0,0.0,0.0,,,60.7,-11.1,-60.6,,0.000,0.0,11.5,-1.00,-1.0,0.0,0,1730,-1.0,92.3,-1.0,0.0,0.00,5.00,-1,0,0.000,0,0.00,-0.99,0,0,1,0.0,2,0.00,0.000,0.65,0.00,1.427,0.260,0.000,-1.000,-1.000,-1.000,-1.000,None,105.6,-1.0,0,4,0.00,0,0,0,0,0.00,2,0,0.000,0.829,-1,-1,-1,-1,-1,-1,-1,-1,-999,-1,-1,0,-1,-1,-1,34.2,0,0.00,0,1,0.46615,0.53841,-68.34675,-110.88999,2.72,2671.08,0,0
858,14.3000,swing,swingBottom,207.050,-578.815,19.575,-26.816,-28.698,-15.007,42.047,39.277,18.425,171.00,-538.08,76.03,32.28,0.995,4,,0,0.00,0.00,0.00,208.879,-574.595,20.834,-121.55,-11.50,72.51,4.769,0.498,-0.19,0.98,1,0,1,0,0,0,-11.50,-19.48,-14.32,0.1989,0.1811,0.5765,1,4.769,0,0.403,0,swing,swingCornerBankL,1.000,0,-0.492 0.243 -0.856 0.391 -0.127 0.576 0.600 -0.308 0.720 -0.052,209.27,-574.09,21.10,-11.50,-121.49,105.21,-1,-1,-1,-1,0.289,0.466 0.608 -0.270 -0.045,16.8,1,-1.000,-1.000,0.5298,1.10,,-1.000,0.0,0.0,0.0,,,60.4,-10.1,-60.3,,0.000,0.0,11.5,-1.00,-1.0,0.0,0,1780,-1.0,92.3,-1.0,0.0,0.00,5.00,-1,0,0.000,0,0.00,0.63,0,0,1,0.0,2,0.00,0.000,0.65,0.00,1.427,0.261,0.000,-1.000,-1.000,-1.000,-1.000,None,105.0,-1.0,0,4,0.00,0,0,0,0,0.00,2,0,0.000,0.840,-1,-1,-1,-1,-1,-1,-1,-1,-999,-1,-1,0,-1,-1,-1,34.2,0,0.00,0,1,0.46162,0.53711,-67.34992,-108.65983,2.73,2688.62,0,0
859,14.3167,swing,swingBottom,206.595,-579.290,19.327,-27.602,-28.319,-14.604,42.156,39.545,18.177,171.00,-538.08,76.03,32.28,0.996,4,,0,0.00,0.00,0.00,208.477,-575.093,20.571,-121.66,-11.50,72.34,4.765,0.509,-0.19,0.98,1,0,1,0,0,0,-11.50,-19.06,-14.33,0.1994,0.1815,0.5754,1,4.765,0,0.406,0,swing,swingCornerBankL,1.000,0,-0.489 0.244 -0.853 0.392 -0.124 0.575 0.599 -0.310 0.719 -0.055,208.88,-574.59,20.83,-11.50,-121.55,105.03,-1,-1,-1,-1,0.292,0.469 0.608 -0.275 -0.051,16.5,1,-1.000,-1.000,0.5255,1.22,,-1.000,0.0,0.0,0.0,,,60.1,-9.2,-60.0,,0.000,0.0,11.5,-1.00,-1.0,0.0,0,1835,-1.0,92.2,-1.0,0.0,0.00,5.00,-1,0,0.000,0,0.00,0.63,0,0,1,0.0,2,0.00,0.000,0.65,0.00,1.426,0.262,0.000,-1.000,-1.000,-1.000,-1.000,None,104.4,-1.0,0,4,0.00,0,0,0,0,0.00,2,0,0.000,0.851,-1,-1,-1,-1,-1,-1,-1,-1,-999,-1,-1,0,-1,-1,-1,34.2,0,0.00,0,1,0.45734,0.53561,-66.43364,-106.64183,2.74,2705.30,0,0
860,14.3333,swing,swingBottom,206.128,-579.758,19.086,-28.374,-27.920,-14.187,42.260,39.807,17.936,171.00,-538.08,76.03,32.28,0.996,4,,0,0.00,0.00,0.00,208.062,-575.584,20.314,-121.79,-11.50,72.18,4.761,0.519,-0.18,0.98,1,0,1,0,0,0,-11.50,-18.64,-14.35,0.2001,0.1819,0.5742,1,4.761,0,0.410,0,swing,swingCornerBankL,1.000,0,-0.485 0.245 -0.850 0.393 -0.120 0.573 0.597 -0.313 0.719 -0.058,208.48,-575.09,20.57,-11.50,-121.66,104.85,-1,-1,-1,-1,0.295,0.474 0.608 -0.280 -0.057,16.3,1,-1.000,-1.000,0.5215,1.33,,-1.000,0.0,0.0,0.0,,,59.7,-8.3,-59.6,,0.000,0.0,11.5,-1.00,-1.0,0.0,0,1894,-1.0,92.1,-1.0,0.0,0.00,5.00,-1,0,0.000,0,0.00,0.63,0,0,1,0.0,2,0.00,0.000,0.65,0.00,1.426,0.263,0.000,-1.000,-1.000,-1.000,-1.000,None,103.8,-1.0,0,4,0.00,0,0,0,0,0.00,2,0,0.000,0.861,-1,-1,-1,-1,-1,-1,-1,-1,-999,-1,-1,0,-1,-1,-1,34.2,0,0.00,0,1,0.45329,0.53391,-65.58813,-104.81533,2.75,2721.12,0,0
861,14.3500,swing,swingBottom,205.648,-580.220,18.853,-29.134,-27.501,-13.756,42.359,40.063,17.703,171.00,-538.08,76.03,32.28,0.997,4,,0,0.00,0.00,0.00,207.633,-576.070,20.064,-121.96,-11.50,72.04,4.757,0.529,-0.18,0.98,1,0,1,0,0,0,-11.50,-18.22,-14.37,0.2009,0.1823,0.5729,1,4.757,0,0.414,0,swing,swingCornerBankL,1.000,0,-0.482 0.247 -0.846 0.395 -0.116 0.572 0.595 -0.316 0.719 -0.063,208.06,-575.58,20.31,-11.50,-121.79,104.69,-1,-1,-1,-1,0.299,0.478 0.608 -0.286 -0.065,16.0,1,-1.000,-1.000,0.5177,1.44,,-1.000,0.0,0.0,0.0,,,59.3,-7.5,-59.2,,0.000,0.0,11.5,-1.00,-1.0,0.0,0,1956,-1.0,92.0,-1.0,0.0,0.00,5.00,-1,0,0.000,0,0.00,0.63,0,0,1,0.0,2,0.00,0.000,0.65,0.00,1.426,0.264,0.000,-1.000,-1.000,-1.000,-1.000,None,103.2,-1.0,0,4,0.00,0,0,0,0,0.00,2,0,0.000,0.871,-1,-1,-1,-1,-1,-1,-1,-1,-999,-1,-1,0,-1,-1,-1,34.2,0,0.00,0,1,0.44947,0.53200,-64.80350,-103.15865,2.77,2736.10,0,0
862,14.3667,swing,swingBottom,205.156,-580.674,18.626,-29.878,-27.063,-13.312,42.454,40.313,17.476,171.00,-538.08,76.03,32.28,0.998,4,,0,0.00,0.00,0.00,207.191,-576.549,19.820,-122.17,-11.50,71.90,4.752,0.539,-0.17,0.99,1,0,1,0,0,0,-11.50,-17.81,-14.38,0.2017,0.1827,0.5716,1,4.752,0,0.417,0,swing,swingCornerBankL,1.000,0,-0.479 0.249 -0.843 0.397 -0.111 0.571 0.593 -0.320 0.719 -0.068,207.63,-576.07,20.06,-11.50,-121.96,104.54,-1,-1,-1,-1,0.302,0.483 0.607 -0.292 -0.073,15.6,1,-1.000,-1.000,0.5141,1.55,,-1.000,0.0,0.0,0.0,,,58.9,-6.7,-58.8,,0.000,0.0,11.5,-1.00,-1.0,0.0,0,2022,-1.0,91.8,-1.0,0.0,0.00,5.00,-1,0,0.000,0,0.00,0.63,0,0,1,0.0,2,0.00,0.000,0.65,0.00,1.426,0.264,0.000,-1.000,-1.000,-1.000,-1.000,None,102.7,-1.0,0,4,0.00,0,0,0,0,0.00,2,0,0.000,0.880,-1,-1,-1,-1,-1,-1,-1,-1,-999,-1,-1,0,-1,-1,-1,34.2,0,0.00,0,1,0.44588,0.52991,-64.07212,-101.65496,2.78,2750.23,0,0
863,14.3833,swing,swingBottom,204.651,-581.121,18.407,-30.608,-26.606,-12.855,42.544,40.555,17.257,171.00,-538.08,76.03,32.28,0.998,4,,0,0.00,0.00,0.00,206.737,-577.020,19.583,-122.40,-11.50,71.78,4.748,0.549,-0.17,0.99,1,0,1,0,0,0,-11.50,-17.40,-14.40,0.2026,0.1831,0.5701,1,4.748,0,0.421,0,swing,swingCornerBankL,1.000,0,-0.475 0.251 -0.840 0.399 -0.106 0.570 0.591 -0.324 0.719 -0.074,207.19,-576.55,19.82,-11.50,-122.17,104.41,-1,-1,-1,-1,0.306,0.488 0.607 -0.298 -0.081,15.3,1,-1.000,-1.000,0.5108,1.65,,-1.000,0.0,0.0,0.0,,,58.4,-6.0,-58.4,,0.000,0.0,11.5,-1.00,-1.0,0.0,0,2090,-1.0,91.6,-1.0,0.0,0.00,5.00,-1,0,0.000,0,0.00,0.63,0,0,1,0.0,2,0.00,0.000,0.65,0.00,1.426,0.265,0.000,-1.000,-1.000,-1.000,-1.000,None,102.2,-1.0,0,4,0.00,0,0,0,0,0.00,2,0,0.000,0.889,-1,-1,-1,-1,-1,-1,-1,-1,-999,-1,-1,0,-1,-1,-1,34.2,0,0.00,0,1,0.44250,0.52762,-63.38636,-100.28697,2.79,2763.53,0,0
864,14.4000,swing,swingBottom,204.134,-581.560,18.196,-31.321,-26.130,-12.386,42.629,40.790,17.046,171.00,-538.08,76.03,32.28,0.998,4,,0,0.00,0.00,0.00,206.269,-577.485,19.354,-122.65,-11.50,71.67,4.743,0.558,-0.16,0.99,1,0,1,0,0,0,-11.50,-17.00,-14.42,0.2036,0.1835,0.5686,1,4.743,0,0.425,0,swing,swingCornerBankL,1.000,0,-0.471 0.254 -0.837 0.401 -0.100 0.569 0.588 -0.328 0.719 -0.080,206.74,-577.02,19.58,-11.50,-122.40,104.28,-1,-1,-1,-1,0.310,0.493 0.606 -0.305 -0.090,14.9,1,-1.000,-1.000,0.5077,1.75,,-1.000,0.0,0.0,0.0,,,58.0,-5.3,-57.9,,0.000,0.0,11.5,-1.00,-1.0,0.0,0,2162,-1.0,91.4,-1.0,0.0,0.00,5.00,-1,0,0.000,0,0.00,2.00,0,0,1,0.0,2,0.00,0.000,0.65,0.00,1.426,0.265,0.000,-1.000,-1.000,-1.000,-1.000,None,101.6,-1.0,0,4,0.00,0,0,0,0,0.00,2,0,0.000,0.897,-1,-1,-1,-1,-1,-1,-1,-1,-999,-1,-1,0,-1,-1,-1,34.2,0,0.00,0,1,0.43934,0.52516,-62.74026,-99.04095,2.80,2776.01,0,0
865,14.4167,swing,swingBottom,203.606,-581.990,17.993,-32.018,-25.636,-11.904,42.709,41.016,16.843,171.00,-538.08,76.03,32.28,0.999,4,,0,0.00,0.00,0.00,205.789,-577.941,19.131,-122.94,-11.50,71.57,4.739,0.568,-0.16,0.99,1,0,1,0,0,0,-11.50,-16.61,-14.43,0.2046,0.1839,0.5670,1,4.739,0,0.429,0,swing,swingCornerBankL,1.000,0,-0.468 0.256 -0.833 0.404 -0.095 0.568 0.586 -0.333 0.719 -0.087,206.27,-577.48,19.35,-11.50,-122.65,104.17,-1,-1,-1,-1,0.314,0.498 0.606 -0.311 -0.099,14.5,1,-1.000,-1.000,0.5048,1.85,,-1.000,0.0,0.0,0.0,,,57.5,-4.7,-57.4,,0.000,0.0,11.5,-1.00,-1.0,0.0,0,2236,-1.0,91.2,-1.0,0.0,0.00,5.00,-1,0,0.000,0,0.00,2.00,0,0,1,0.0,2,0.00,0.000,0.65,0.00,1.426,0.265,0.000,-1.000,-1.000,-1.000,-1.000,None,101.1,-1.0,0,4,0.00,0,0,0,0,0.00,2,0,0.000,0.904,-1,-1,-1,-1,-1,-1,-1,-1,-999,-1,-1,0,-1,-1,-1,34.2,0,0.00,0,1,0.43638,0.52252,-62.12791,-97.90298,2.81,2787.70,0,0
866,14.4333,swing,swingBottom,203.066,-582.413,17.798,-32.696,-25.123,-11.411,42.783,41.234,16.648,171.00,-538.08,76.03,32.28,0.999,4,,0,0.00,0.00,0.00,205.297,-578.390,18.917,-123.24,-11.50,71.47,4.734,0.577,-0.15,0.99,1,0,1,0,0,0,-11.50,-16.22,-14.45,0.2056,0.1843,0.5653,1,4.734,0,0.434,0,swing,swingCornerBankL,1.000,0,-0.464 0.259 -0.830 0.407 -0.089 0.566 0.583 -0.338 0.719 -0.095,205.79,-577.94,19.13,-11.50,-122.94,104.06,-1,-1,-1,-1,0.318,0.503 0.605 -0.318 -0.109,14.1,1,-1.000,-1.000,0.5020,1.94,,-1.000,0.0,0.0,0.0,,,57.0,-4.1,-57.0,,0.000,0.0,11.5,-1.00,-1.0,0.0,0,2312,-1.0,90.9,-1.0,0.0,0.00,5.00,-1,0,0.000,0,0.00,2.00,0,0,1,0.0,2,0.00,0.000,0.65,0.00,1.427,0.265,0.000,-1.000,-1.000,-1.000,-1.000,None,100.6,-1.0,0,4,0.00,0,0,0,0,0.00,2,0,0.000,0.912,-1,-1,-1,-1,-1,-1,-1,-1,-999,-1,-1,0,-1,-1,-1,34.2,0,0.00,0,1,0.43361,0.51971,-61.54464,-96.86185,2.82,2798.60,0,0
867,14.4500,swing,swingBottom,202.515,-582.827,17.611,-33.356,-24.592,-10.907,42.853,41.442,16.461,171.00,-538.08,76.03,32.28,0.999,4,,0,0.00,0.00,0.00,204.793,-578.830,18.710,-123.57,-11.50,71.39,4.730,0.586,-0.15,0.99,1,0,1,0,0,0,-11.50,-15.84,-14.47,0.2067,0.1846,0.5635,1,4.730,0,0.438,0,swing,swingCornerBankL,1.000,0,-0.460 0.262 -0.827 0.410 -0.083 0.565 0.581 -0.344 0.719 -0.103,205.30,-578.39,18.92,-11.50,-123.24,103.97,-1,-1,-1,-1,0.322,0.508 0.603 -0.325 -0.118,13.7,1,-1.000,-1.000,0.4995,2.03,,-1.000,0.0,0.0,0.0,,,56.5,-3.6,-56.5,,0.000,0.0,11.5,-1.00,-1.0,0.0,0,2391,-1.0,90.6,-1.0,0.0,0.00,5.00,-1,0,0.000,0,0.00,2.00,0,0,1,0.0,2,0.00,0.000,0.65,0.00,1.427,0.265,0.000,-1.000,-1.000,-1.000,-1.000,None,100.0,-1.0,0,4,0.00,0,0,0,0,0.00,2,0,0.000,0.918,-1,-1,-1,-1,-1,-1,-1,-1,-999,-1,-1,0,-1,-1,-1,34.2,0,0.00,0,1,0.43103,0.51674,-60.98591,-95.90629,2.83,2808.74,0,0
868,14.4667,swing,swingBottom,201.953,-583.231,17.433,-33.997,-24.044,-10.393,42.918,41.640,16.283,171.00,-538.08,76.03,32.28,0.999,4,,0,0.00,0.00,0.00,204.277,-579.262,18.512,-123.92,-11.50,71.31,4.725,0.595,-0.14,0.99,1,0,1,0,0,0,-11.50,-15.47,-14.48,0.2077,0.1850,0.5615,1,4.725,0,0.442,0,swing,swingCornerBankL,1.000,0,-0.456 0.265 -0.824 0.413 -0.077 0.563 0.578 -0.349 0.719 -0.111,204.79,-578.83,18.71,-11.50,-123.57,103.88,-1,-1,-1,-1,0.327,0.513 0.602 -0.332 -0.128,13.3,1,-1.000,-1.000,0.4971,2.12,,-1.000,0.0,0.0,0.0,,,56.0,-3.1,-56.0,,0.000,0.0,11.5,-1.00,-1.0,0.0,0,2470,-1.0,90.3,-1.0,0.0,0.00,5.00,-1,0,0.000,0,0.00,2.00,0,0,1,0.0,2,0.00,0.000,0.65,0.00,1.427,0.264,0.000,-1.000,-1.000,-1.000,-1.000,None,99.5,-1.0,0,4,0.00,0,0,0,0,0.00,2,0,0.000,0.925,-1,-1,-1,-1,-1,-1,-1,-1,-999,-1,-1,0,-1,-1,-1,34.2,0,0.00,0,1,0.42862,0.51362,-60.44808,-95.02706,2.84,2818.14,0,0
869,14.4833,swing,swingBottom,201.381,-583.627,17.263,-34.618,-23.478,-9.868,42.977,41.828,16.113,171.00,-538.08,76.03,32.28,0.999,4,,0,0.00,0.00,0.00,203.751,-579.684,18.321,-124.28,-11.50,71.25,4.720,0.604,-0.14,0.99,1,0,1,0,0,0,-11.50,-15.10,-14.50,0.2087,0.1853,0.5595,1,4.720,0,0.446,0,swing,swingCornerBankL,1.000,0,-0.453 0.268 -0.821 0.416 -0.071 0.562 0.575 -0.355 0.719 -0.119,204.28,-579.26,18.51,-11.50,-123.92,103.80,-1,-1,-1,-1,0.331,0.518 0.601 -0.339 -0.138,12.9,1,-1.000,-1.000,0.4949,2.21,,-1.000,0.0,0.0,0.0,,,55.5,-2.6,-55.5,,0.000,0.0,11.5,-1.00,-1.0,0.0,0,2552,-1.0,89.9,-1.0,0.0,0.00,5.00,-1,0,0.000,0,0.00,2.00,0,0,1,0.0,2,0.00,0.000,0.65,0.00,1.428,0.264,0.000,-1.000,-1.000,-1.000,-1.000,None,98.9,-1.0,0,4,0.00,0,0,0,0,0.00,2,0,0.000,0.930,-1,-1,-1,-1,-1,-1,-1,-1,-999,-1,-1,0,-1,-1,-1,34.2,0,0.00,0,1,0.42637,0.51035,-59.92942,-94.21830,2.85,2826.81,0,0
870,14.5000,swing,swingBottom,200.798,-584.012,17.102,-35.217,-22.896,-9.335,43.031,42.006,15.952,171.00,-538.08,76.03,32.28,1.000,4,,0,0.00,0.00,0.00,203.213,-580.097,18.139,-124.66,-11.50,71.18,4.715,0.613,-0.13,0.99,1,0,1,0,0,0,-11.50,-14.74,-14.52,0.2098,0.1856,0.5574,1,4.715,0,0.450,0,swing,swingCornerBankL,1.000,0,-0.449 0.271 -0.818 0.419 -0.065 0.560 0.573 -0.360 0.719 -0.128,203.75,-579.68,18.32,-11.50,-124.28,103.73,-1,-1,-1,-1,0.335,0.523 0.599 -0.347 -0.149,12.5,1,-1.000,-1.000,0.4928,2.29,,-1.000,0.0,0.0,0.0,,,55.0,-2.2,-55.0,,0.000,0.0,11.5,-1.00,-1.0,0.0,0,2634,-1.0,89.6,-1.0,0.0,0.00,5.00,-1,0,0.000,0,0.00,3.10,0,0,1,0.0,2,0.00,0.000,0.65,0.00,1.428,0.264,0.000,-1.000,-1.000,-1.000,-1.000,None,98.4,-1.0,0,4,0.00,0,0,0,0,0.00,2,0,0.000,0.936,-1,-1,-1,-1,-1,-1,-1,-1,-999,-1,-1,0,-1,-1,-1,34.2,0,0.00,0,1,0.42428,0.50695,-59.42207,-93.46326,2.86,2834.79,0,0
871,14.5167,swing,swingBottom,200.206,-584.388,16.951,-35.796,-22.297,-8.792,43.079,42.172,15.801,171.00,-538.08,76.03,32.28,1.000,4,,0,0.00,0.00,0.00,202.665,-580.501,17.965,-125.06,-11.50,71.13,4.711,0.621,-0.13,0.99,1,0,1,0,0,0,-11.50,-14.39,-14.53,0.2101,0.1860,0.5550,1,4.711,0,0.454,0,swing,swingCornerBankL,1.000,0,-0.447 0.271 -0.816 0.419 -0.063 0.557 0.572 -0.363 0.720 -0.132,203.21,-580.10,18.14,-11.50,-124.66,103.67,-1,-1,-1,-1,0.336,0.525 0.597 -0.351 -0.155,12.4,1,-1.000,-1.000,0.4910,2.36,,-1.000,0.0,0.0,0.0,,,54.9,-1.7,-54.9,,0.000,0.0,11.5,-1.00,-1.0,0.0,0,2717,-1.0,89.2,-1.0,0.0,0.00,5.00,-1,0,0.000,0,0.00,3.10,0,0,1,0.0,2,0.00,0.000,0.65,0.00,1.428,0.263,0.000,-1.000,-1.000,-1.000,-1.000,None,97.7,-1.0,0,4,0.00,0,0,0,0,0.00,2,0,0.000,0.941,-1,-1,-1,-1,-1,-1,-1,-1,-999,-1,-1,0,-1,-1,-1,34.2,0,0.00,0,1,0.42227,0.50390,-58.94797,-92.75185,2.87,2842.08,0,0
872,14.5333,swing,swingBottom,199.604,-584.754,16.808,-36.352,-21.683,-8.241,43.122,42.327,15.658,171.00,-538.08,76.03,32.28,1.000,4,,0,0.00,0.00,0.00,202.106,-580.894,17.801,-125.47,-11.50,71.08,4.706,0.629,-0.13,0.99,1,0,1,0,0,0,-11.50,-14.05,-14.55,0.2093,0.1867,0.5521,1,4.706,0,0.458,0,swing,swingCornerBankL,1.000,0,-0.449 0.267 -0.815 0.415 -0.066 0.553 0.575 -0.361 0.722 -0.131,202.66,-580.50,17.97,-11.50,-125.06,103.61,-1,-1,-1,-1,0.333,0.522 0.593 -0.351 -0.155,12.9,1,-1.000,-1.000,0.4893,2.44,,-1.000,0.0,0.0,0.0,,,55.3,-0.8,-55.2,,0.000,0.0,11.5,-1.00,-1.0,0.0,0,2801,-1.0,88.8,-1.0,0.0,0.00,5.00,-1,0,0.000,0,0.00,3.10,0,0,1,0.0,2,0.00,0.000,0.65,0.00,1.426,0.263,0.000,-1.000,-1.000,-1.000,-1.000,None,96.7,-1.0,0,4,0.00,0,0,0,0,0.00,2,0,0.000,0.946,-1,-1,-1,-1,-1,-1,-1,-1,-999,-1,-1,0,-1,-1,-1,34.2,0,0.00,0,1,0.42032,0.50143,-58.51322,-92.07247,2.88,2848.71,0,0
873,14.5500,swing,swingBottom,198.993,-585.110,16.674,-36.885,-21.053,-7.682,43.160,42.470,15.524,171.00,-538.08,76.03,32.28,1.000,4,,0,0.00,0.00,0.00,201.538,-581.277,17.645,-125.88,-11.50,71.04,4.701,0.637,-0.12,0.99,1,0,1,0,0,0,-11.50,-13.72,-14.57,0.2085,0.1873,0.5492,1,4.701,0,0.461,0,swing,swingCornerBankL,1.000,0,-0.451 0.263 -0.814 0.412 -0.069 0.549 0.577 -0.360 0.724 -0.130,202.11,-580.89,17.80,-11.50,-125.47,103.56,-1,-1,-1,-1,0.329,0.520 0.590 -0.351 -0.155,13.3,1,-1.000,-1.000,0.4877,2.51,,-1.000,0.0,0.0,0.0,,,55.6,-0.0,-55.6,,0.000,0.0,11.5,-1.00,-1.0,0.0,0,2885,-1.0,88.4,-1.0,0.0,0.00,5.00,-1,0,0.000,0,0.00,3.10,0,0,1,0.0,2,0.00,0.000,0.65,0.00,1.425,0.263,0.000,-1.000,-1.000,-1.000,-1.000,None,95.8,-1.0,0,4,0.00,0,0,0,0,0.00,2,0,0.000,0.950,-1,-1,-1,-1,-1,-1,-1,-1,-999,-1,-1,0,-1,-1,-1,34.2,0,0.00,0,1,0.41848,0.49883,-58.08569,-91.43314,2.88,2854.70,0,0
874,14.5667,swing,swingBottom,198.374,-585.455,16.550,-37.395,-20.408,-7.117,43.192,42.601,15.400,171.00,-538.08,76.03,32.28,1.000,4,,0,0.00,0.00,0.00,200.960,-581.650,17.498,-126.31,-11.50,71.00,4.697,0.644,-0.12,0.99,1,0,1,0,0,0,-11.50,-13.40,-14.58,0.2077,0.1880,0.5462,1,4.697,0,0.463,0,swing,swingCornerBankL,1.000,0,-0.453 0.259 -0.814 0.408 -0.072 0.545 0.579 -0.358 0.726 -0.128,201.54,-581.28,17.64,-11.50,-125.88,103.52,-1,-1,-1,-1,0.326,0.517 0.586 -0.351 -0.155,13.7,1,-1.000,-1.000,0.4862,2.58,,-1.000,0.0,0.0,0.0,,,56.0,0.9,-56.0,,0.000,0.0,11.5,-1.00,-1.0,0.0,0,2969,-1.0,88.0,-1.0,0.0,0.00,5.00,-1,0,0.000,0,0.00,3.10,0,0,1,0.0,2,0.00,0.000,0.65,0.00,1.424,0.263,0.000,-1.000,-1.000,-1.000,-1.000,None,94.8,-1.0,0,3,0.00,0,0,0,0,0.00,2,0,0.000,0.954,-1,-1,-1,-1,-1,-1,-1,-1,-999,-1,-1,0,-1,-1,-1,34.2,0,0.00,0,1,0.41677,0.49612,-57.66496,-90.83130,2.89,2860.06,0,0
875,14.5833,swing,swingBottom,197.746,-585.788,16.436,-37.880,-19.749,-6.545,43.218,42.720,15.286,171.00,-538.08,76.03,32.28,1.000,4,,0,0.00,0.00,0.00,200.317,-582.450,17.894,-129.52,-8.80,70.97,4.459,0.651,-0.11,0.99,1,0,1,0,0,0,-45.43,-13.08,-14.60,0.2335,0.2032,0.6847,1,4.459,0,0.466,0,swing,swingCornerBankL,1.000,0,-0.464 0.270 -0.828 0.428 -0.082 0.552 0.571 -0.355 0.725 -0.132,200.96,-581.65,17.50,-11.50,-126.31,103.48,-1,-1,-1,-1,0.323,0.515 0.583 -0.351 -0.156,14.2,1,-1.000,-1.000,0.4857,2.65,,-1.000,0.0,0.0,0.0,,,56.4,1.7,-56.4,,0.000,0.0,11.5,-1.00,-1.0,0.0,3,3231,-1.0,87.6,-1.0,0.0,0.00,5.00,-1,0,0.000,0,0.00,3.10,0,0,1,0.0,2,0.00,0.000,0.65,0.00,1.423,0.263,0.000,-1.000,-1.000,-1.000,-1.000,None,93.9,-1.0,0,4,0.00,0,0,0,0,0.00,2,0,0.000,0.957,-1,-1,-1,-1,-1,-1,-1,-1,-999,-1,-1,0,-1,-1,-1,34.2,0,0.00,0,1,0.41000,0.63124,-63.67425,-92.25531,3.08,2858.32,0,0
876,14.6000,swing,swingBottom,197.111,-586.111,16.331,-38.342,-19.077,-5.967,43.239,42.825,15.181,171.00,-538.08,76.03,32.28,1.000,4,,0,0.00,0.00,0.00,199.595,-583.220,18.204,-132.44,-6.10,70.94,4.247,0.659,-0.11,0.99,1,0,1,0,0,0,-45.42,-12.78,-14.62,0.2765,0.2258,0.8320,1,4.247,0,0.467,0,swing,swingCornerBankL,1.000,0,-0.474 0.278 -0.840 0.444 -0.091 0.558 0.562 -0.349 0.722 -0.132,200.32,-582.45,17.89,-8.80,-129.52,103.45,-1,-1,-1,-1,0.320,0.512 0.580 -0.352 -0.156,14.6,1,-1.000,-1.000,0.4848,2.71,,-1.000,0.0,0.0,0.0,,,56.7,2.6,-56.7,,0.000,0.0,11.5,-1.00,-1.0,0.0,3,3427,-1.0,84.0,-1.0,0.0,0.00,5.00,-1,0,0.000,0,0.00,3.87,0,0,1,0.0,2,0.00,0.000,0.65,0.00,1.422,0.263,0.000,-1.000,-1.000,-1.000,-1.000,None,92.9,-1.0,0,4,0.00,0,0,0,0,0.00,2,0,0.000,0.961,-1,-1,-1,-1,-1,-1,-1,-1,-999,-1,-1,0,-1,-1,-1,34.2,0,0.00,0,1,0.40013,0.76918,-69.64749,-95.29253,3.38,2857.66,0,0
877,14.6167,swing,swingBottom,196.468,-586.423,16.236,-38.777,-18.391,-5.385,43.254,42.918,15.086,171.00,-538.08,76.03,32.28,1.000,4,,0,0.00,0.00,0.00,198.805,-583.951,18.429,-135.01,-8.55,70.91,4.047,0.665,-0.11,0.99,1,0,1,0,0,0,-45.41,-12.48,-14.63,0.3074,0.2451,0.9066,0,4.047,0,0.469,0,swing,swingCornerBankL,1.000,0,-0.481 0.268 -0.847 0.431 -0.098 0.546 0.556 -0.361 0.720 -0.139,199.60,-583.22,18.20,-6.10,-132.44,103.42,-1,-1,-1,-1,0.317,0.510 0.576 -0.353 -0.156,15.0,1,-1.000,-1.000,0.4814,2.78,,-1.000,0.0,0.0,0.0,,,57.1,3.5,-57.1,,0.000,0.0,11.5,-1.00,-1.0,0.0,1,3544,-1.0,80.7,-1.0,0.0,0.00,5.00,-1,0,0.000,0,0.00,3.87,0,0,1,0.0,2,0.00,0.000,0.65,0.00,1.421,0.263,0.000,-1.000,-1.000,-1.000,-1.000,None,92.0,-1.0,0,4,0.00,0,0,0,0,0.00,2,0,0.000,0.964,-1,-1,-1,-1,-1,-1,-1,-1,-999,-1,-1,0,-1,-1,-1,34.2,0,0.00,0,1,0.38943,0.83800,-63.69155,-78.40794,3.65,2857.90,0,0
878,14.6333,swing,swingBottom,195.818,-586.723,16.150,-39.188,-17.693,-4.798,43.264,42.997,15.000,171.00,-538.08,76.03,32.28,1.000,4,,0,0.00,0.00,0.00,198.122,-584.219,17.609,-134.09,-11.25,70.89,3.703,0.672,-0.10,0.99,1,0,1,0,0,0,-11.50,-12.20,-14.65,0.2891,0.2509,0.7258,1,3.703,0,0.470,0,swing,swingCornerBankL,1.000,0,-0.479 0.253 -0.841 0.410 -0.097 0.531 0.565 -0.367 0.724 -0.139,198.80,-583.95,18.43,-8.55,-135.01,103.39,-1,-1,-1,-1,0.314,0.507 0.573 -0.353 -0.156,15.4,1,-1.000,-1.000,0.4741,2.84,,-1.000,0.0,0.0,0.0,,,57.4,4.5,-57.4,,0.000,0.0,11.5,-1.00,-1.0,0.0,3,3743,-1.0,78.7,-1.0,0.0,0.00,5.00,-1,0,0.000,0,0.00,3.87,0,0,1,0.0,2,0.00,0.000,0.65,0.00,1.420,0.263,0.000,-1.000,-1.000,-1.000,-1.000,None,91.0,-1.0,0,4,0.00,0,0,0,0,0.00,2,0,0.000,0.967,-1,-1,-1,-1,-1,-1,-1,-1,-999,-1,-1,0,-1,-1,-1,34.2,0,0.00,0,1,0.38083,0.65956,-53.96189,-71.21882,3.76,2878.71,0,0
879,14.6500,swing,swingBottom,195.161,-587.011,16.074,-39.572,-16.983,-4.207,43.267,43.062,14.924,171.00,-538.08,76.03,32.28,1.000,4,,0,0.00,0.00,0.00,197.351,-584.127,16.896,-130.49,-11.50,70.87,3.713,0.678,-0.10,0.99,1,0,1,0,0,0,-11.50,-11.93,-14.67,0.2656,0.2442,0.5776,1,3.713,0,0.470,0,swing,swingCornerBankL,1.000,0,-0.468 0.243 -0.821 0.395 -0.090 0.525 0.581 -0.358 0.730 -0.127,198.12,-584.22,17.61,-11.25,-134.09,103.37,-1,-1,-1,-1,0.311,0.505 0.569 -0.354 -0.157,15.8,1,-1.000,-1.000,0.4850,2.89,,-1.000,0.0,0.0,0.0,,,57.8,5.4,-57.7,,0.000,0.0,11.5,-1.00,-1.0,0.0,4,3340,-1.0,80.1,-1.0,0.0,0.00,5.00,-1,0,0.000,0,0.00,3.87,0,0,1,0.0,2,0.00,0.000,0.65,0.00,1.419,0.264,0.000,-1.000,-1.000,-1.000,-1.000,None,90.1,-1.0,0,4,0.00,0,0,0,0,0.00,2,0,0.000,0.969,-1,-1,-1,-1,-1,-1,-1,-1,-999,-1,-1,0,-1,-1,-1,34.2,0,0.00,0,1,0.39521,0.51405,-46.34840,-69.79783,3.75,2887.81,0,0
880,14.6667,swing,swingBottom,194.498,-587.287,16.009,-39.930,-16.261,-3.613,43.266,43.114,14.859,171.00,-538.08,76.03,32.28,1.000,4,,0,0.00,0.00,0.00,196.938,-584.140,16.916,-129.01,-11.50,70.86,4.085,0.684,-0.10,1.00,1,0,1,0,0,0,-11.50,-11.67,-14.68,0.2362,0.2207,0.5725,1,4.085,0,0.470,0,swing,swingCornerBankL,1.000,0,-0.462 0.236 -0.810 0.387 -0.087 0.521 0.588 -0.353 0.730 -0.121,197.35,-584.13,16.90,-11.50,-130.49,103.35,-1,-1,-1,-1,0.308,0.503 0.566 -0.355 -0.156,16.2,1,-1.000,-1.000,0.4746,2.95,,-1.000,0.0,0.0,0.0,,,58.1,6.4,-58.1,,0.000,0.0,11.5,-1.00,-1.0,0.0,0,3405,-1.0,83.6,-1.0,0.0,0.00,5.00,-1,0,0.000,0,0.00,3.87,0,0,1,0.0,2,0.00,0.000,0.65,0.00,1.418,0.264,0.000,-1.000,-1.000,-1.000,-1.000,None,89.1,-1.0,1,4,0.00,0,0,0,0,0.00,2,0,0.000,0.971,-1,-1,-1,-1,-1,-1,-1,-1,-999,-1,-1,0,-1,-1,-1,34.2,0,0.00,0,1,0.39355,0.51826,-48.37597,-72.32736,3.40,2883.19,0,0
881,14.6833,swing,swingBottom,193.830,-587.551,15.953,-40.261,-15.530,-3.017,43.258,43.153,14.803,171.00,-538.08,76.03,32.28,1.000,4,,0,0.00,0.00,0.00,196.448,-584.242,16.946,-129.48,-11.50,70.84,4.335,0.690,-0.09,1.00,1,0,1,0,0,0,-11.50,-11.41,-14.70,0.2207,0.2065,0.5746,1,4.335,0,0.470,0,swing,swingCornerBankL,1.000,0,-0.464 0.233 -0.809 0.384 -0.090 0.517 0.587 -0.352 0.729 -0.119,196.94,-584.14,16.92,-11.50,-129.01,103.33,-1,-1,-1,-1,0.305,0.500 0.562 -0.356 -0.156,16.6,1,-1.000,-1.000,0.4764,3.00,,-1.000,0.0,0.0,0.0,,,58.4,7.4,-58.4,,0.000,0.0,11.5,-1.00,-1.0,0.0,0,3464,-1.0,85.0,-1.0,0.0,0.00,5.00,-1,0,0.000,0,0.00,3.87,0,0,1,0.0,2,0.00,0.000,0.65,0.00,1.417,0.264,0.000,-1.000,-1.000,-1.000,-1.000,None,88.2,-1.0,0,4,0.00,0,0,0,0,0.00,2,0,0.000,0.974,-1,-1,-1,-1,-1,-1,-1,-1,-999,-1,-1,0,-1,-1,-1,34.2,0,0.00,0,1,0.40041,0.52463,-50.90577,-76.42338,3.18,2879.27,0,0
882,14.7000,swing,swingBottom,193.156,-587.803,15.907,-40.565,-14.789,-2.419,43.245,43.177,14.757,171.00,-538.08,76.03,32.28,1.000,4,,0,0.00,0.00,0.00,196.046,-584.224,17.013,-129.94,-11.50,70.83,4.731,0.695,-0.09,1.00,1,0,1,0,0,0,-11.50,-11.18,-14.72,0.2002,0.1874,0.5735,1,4.731,0,0.469,0,swing,swingCornerBankL,1.000,0,-0.465 0.229 -0.808 0.381 -0.092 0.514 0.586 -0.350 0.727 -0.117,196.45,-584.24,16.95,-11.50,-129.48,103.32,-1,-1,-1,-1,0.302,0.498 0.559 -0.356 -0.156,17.0,1,-1.000,-1.000,0.4790,3.05,,-1.000,0.0,0.0,0.0,,,58.8,8.4,-58.7,,0.000,0.0,11.5,-1.00,-1.0,0.0,0,3523,-1.0,84.6,-1.0,0.0,0.00,5.00,-1,0,0.000,0,0.00,4.29,0,0,1,0.0,2,0.00,0.000,0.65,0.00,1.416,0.265,0.000,-1.000,-1.000,-1.000,-1.000,None,87.3,-1.0,0,4,0.00,0,0,0,0,0.00,2,0,0.000,0.975,-1,-1,-1,-1,-1,-1,-1,-1,-999,-1,-1,0,-1,-1,-1,34.2,0,0.00,0,1,0.40987,0.52887,-55.03709,-83.48321,2.88,2872.67,0,0
883,14.7167,swing,swingHigh,192.477,-588.043,15.871,-40.842,-14.038,-1.821,43.226,43.187,14.721,171.00,-538.08,76.03,32.28,1.000,4,,0,0.00,0.00,0.00,195.401,-584.492,17.029,-130.40,-11.50,70.82,4.744,0.700,-0.09,1.00,1,0,1,0,0,0,-11.50,-10.95,-14.73,0.1990,0.1867,0.5815,1,4.744,0,0.469,0,swing,swingCornerBankL,1.000,0,-0.466 0.226 -0.808 0.378 -0.094 0.510 0.585 -0.349 0.724 -0.114,196.05,-584.22,17.01,-11.50,-129.94,103.31,-1,-1,-1,-1,0.299,0.496 0.556 -0.357 -0.155,17.3,1,-1.000,-1.000,0.4786,3.10,,-1.000,0.0,0.0,0.0,,,59.1,9.4,-59.0,,0.000,0.0,11.5,-1.00,-1.0,0.0,0,3577,-1.0,84.1,-1.0,0.0,0.00,5.00,-1,0,0.000,0,0.00,4.29,0,0,1,0.0,2,0.00,0.000,0.65,0.00,1.415,0.266,0.000,-1.000,-1.000,-1.000,-1.000,None,86.4,-1.0,0,4,0.00,0,0,0,0,0.00,2,0,0.000,0.977,-1,-1,-1,-1,-1,-1,-1,-1,-999,-1,-1,0,-1,-1,-1,34.2,0,0.00,0,1,0.40970,0.53793,-54.75603,-82.29860,2.87,2871.00,0,0
884,14.7333,swing,swingHigh,191.794,-588.269,15.845,-41.091,-13.280,-1.222,43.201,43.184,14.695,171.00,-538.08,76.03,32.28,1.000,4,,0,0.00,0.00,0.00,194.752,-584.746,17.043,-130.86,-11.50,70.82,4.754,0.705,-0.09,1.00,1,0,1,0,0,0,-11.50,-10.73,-14.75,0.1978,0.1860,0.5877,1,4.754,0,0.467,0,swing,swingCornerBankL,1.000,0,-0.468 0.223 -0.807 0.375 -0.096 0.506 0.583 -0.348 0.720 -0.112,195.40,-584.49,17.03,-11.50,-130.40,103.30,-1,-1,-1,-1,0.297,0.494 0.553 -0.357 -0.154,17.7,1,-1.000,-1.000,0.4781,3.15,,-1.000,0.0,0.0,0.0,,,59.4,10.4,-59.2,,0.000,0.0,11.5,-1.00,-1.0,0.0,0,3633,-1.0,83.7,-1.0,0.0,0.00,5.00,-1,0,0.000,0,0.00,4.29,0,0,1,0.0,2,0.00,0.000,0.65,0.00,1.414,0.267,0.000,-1.000,-1.000,-1.000,-1.000,None,85.5,-1.0,0,4,0.00,0,0,0,0,0.00,2,0,0.000,0.978,-1,-1,-1,-1,-1,-1,-1,-1,-999,-1,-1,0,-1,-1,-1,34.2,0,0.00,0,1,0.40948,0.54498,-54.44721,-81.23256,2.87,2869.18,0,0
885,14.7500,swing,swingHigh,191.107,-588.483,15.829,-41.312,-12.513,-0.624,43.170,43.166,14.679,171.00,-538.08,76.03,32.28,1.000,4,,0,0.00,0.00,0.00,194.098,-584.988,17.053,-131.32,-11.50,70.81,4.760,0.710,-0.08,1.00,1,0,1,0,0,0,-11.50,-10.53,-14.77,0.1967,0.1854,0.5917,1,4.760,0,0.466,0,swing,swingCornerBankL,1.000,0,-0.469 0.220 -0.806 0.372 -0.098 0.503 0.581 -0.347 0.716 -0.110,194.75,-584.75,17.04,-11.50,-130.86,103.29,-1,-1,-1,-1,0.294,0.492 0.549 -0.358 -0.153,18.0,1,-1.000,-1.000,0.4775,3.19,,-1.000,0.0,0.0,0.0,,,59.7,11.4,-59.5,,0.000,0.0,11.5,-1.00,-1.0,0.0,0,3691,-1.0,83.2,-1.0,0.0,0.00,5.00,-1,0,0.000,0,0.00,4.29,0,0,1,0.0,2,0.00,0.000,0.65,0.00,1.413,0.267,0.000,-1.000,-1.000,-1.000,-1.000,None,84.6,-1.0,0,4,0.00,0,0,0,0,0.00,2,0,0.000,0.980,-1,-1,-1,-1,-1,-1,-1,-1,-999,-1,-1,0,-1,-1,-1,34.2,0,0.00,0,1,0.40920,0.54983,-54.10865,-80.29847,2.87,2867.29,0,0
886,14.7667,swing,swingHigh,190.417,-588.685,15.823,-41.506,-11.740,-0.027,43.134,43.134,14.673,171.00,-538.08,76.03,32.28,1.000,4,,0,0.00,0.00,0.00,193.440,-585.217,17.060,-131.78,-11.50,70.81,4.763,0.714,-0.08,1.00,1,0,1,0,0,0,-11.50,-10.34,-14.78,0.1956,0.1848,0.5937,1,4.763,0,0.465,0,swing,swingCornerBankL,1.000,0,-0.470 0.216 -0.806 0.369 -0.100 0.499 0.579 -0.345 0.712 -0.107,194.10,-584.99,17.05,-11.50,-131.32,103.29,-1,-1,-1,-1,0.291,0.489 0.546 -0.359 -0.152,18.4,1,-1.000,-1.000,0.4769,3.24,,-1.000,0.0,0.0,0.0,,,60.0,12.5,-59.8,,0.000,0.0,11.5,-1.00,-1.0,0.0,0,3751,-1.0,82.8,-1.0,0.0,0.00,5.00,-1,0,0.000,0,0.00,4.29,0,0,1,0.0,2,0.00,0.000,0.65,0.00,1.412,0.268,0.000,-1.000,-1.000,-1.000,-1.000,None,83.7,-1.0,0,4,0.00,0,0,0,0,0.00,2,0,0.000,0.981,-1,-1,-1,-1,-1,-1,-1,-1,-999,-1,-1,0,-1,-1,-1,34.2,0,0.00,0,1,0.40885,0.55251,-53.74167,-79.49501,2.86,2865.33,0,0
887,14.7833,swing,swingHigh,189.721,-588.874,15.826,-41.889,-11.017,0.575,43.317,43.313,14.676,171.00,-538.08,76.03,32.28,1.000,4,,0,0.00,0.00,0.00,192.776,-585.435,17.064,-132.26,-11.50,70.80,4.764,0.718,-0.08,1.00,1,0,1,0,0,0,-11.50,-10.16,-14.80,0.1946,0.1843,0.5939,1,4.764,0,0.463,0,swing,swingCornerBankL,1.000,0,-0.471 0.213 -0.805 0.366 -0.102 0.496 0.576 -0.344 0.708 -0.104,193.44,-585.22,17.06,-11.50,-131.78,103.28,-1,-1,-1,-1,0.289,0.487 0.543 -0.359 -0.151,18.7,1,-1.000,-1.000,0.4763,3.28,,-1.000,0.0,0.0,0.0,,,60.3,13.6,-60.0,,0.000,0.0,11.5,-1.00,-1.0,0.0,0,3815,-1.0,82.3,-1.0,0.0,0.00,5.00,-1,0,0.000,0,0.00,4.29,0,0,1,0.0,2,0.00,0.000,0.65,0.00,1.411,0.269,0.000,-1.000,-1.000,-1.000,-1.000,None,82.8,-1.0,0,4,0.00,0,0,0,0,0.00,2,0,0.000,0.981,-1,-1,-1,-1,-1,-1,-1,-1,-999,-1,-1,0,-1,-1,-1,34.2,0,0.00,0,1,0.40843,0.55320,-53.37325,-78.84824,2.87,2863.29,0,0
888,14.8000,air,release,189.280,-588.990,16.041,-52.957,-13.928,25.800,60.532,54.758,14.891,0.00,0.00,0.00,0.00,0.000,4,,0,0.00,0.00,0.00,192.256,-585.496,17.095,-131.00,-14.20,70.80,4.709,0.723,-0.07,1.00,1,1,1,0,0,0,-16.05,-9.96,-14.82,0.1993,0.1769,0.5255,1,4.709,0,0.461,1,swing,swingCornerBankL,1.000,0,-0.495 0.259 -0.837 0.443 -0.112 0.518 0.531 -0.371 0.692 -0.146,192.78,-585.43,17.06,-11.50,-132.26,103.28,-1,-1,-1,-1,0.319,0.536 0.558 -0.347 -0.161,-1.0,0,-1.000,-1.000,0.4662,3.32,,-1.000,0.0,0.0,0.0,,,56.8,31.7,-54.4,backDouble,0.000,0.0,11.5,-1.00,1.3,32.0,2,3722,-1.0,81.9,-1.0,0.0,0.00,5.00,-1,0,0.000,0,0.00,4.16,0,0,1,0.0,2,0.00,0.000,0.65,0.00,1.409,0.270,0.000,-1.000,-1.000,-1.000,-1.000,None,57.3,-1.0,0,4,0.00,0,0,0,0,0.00,2,0,0.000,0.983,-1,-1,-1,-1,-1,-1,-1,-1,-999,-1,-1,0,-1,-1,-1,34.2,0,0.00,0,0,-1,-1,-1,-1,-1,-1,0,0
889,14.8167,air,release,188.398,-589.222,16.466,-52.851,-13.900,25.400,60.263,54.649,15.316,0.00,0.00,0.00,0.00,0.000,4,,0,0.00,0.00,0.00,191.492,-585.817,17.238,-132.79,-12.87,70.80,4.664,0.729,-0.07,1.00,0,0,1,0,0,0,-12.87,-9.75,-14.83,0.2039,0.1745,0.4436,1,4.664,0,0.458,0,air_fallCalm,swingCornerBankL,1.000,3,-0.496 0.304 -0.829 0.516 -0.107 0.545 0.462 -0.371 0.651 -0.168,192.26,-585.50,17.10,-14.20,-131.00,103.28,-1,-1,-1,-1,0.331,0.555 0.561 -0.319 -0.152,-1.0,0,-1.000,-1.000,0.4952,3.35,,-1.000,0.0,0.0,0.0,,,55.3,41.3,-48.9,backDouble,0.000,0.0,11.5,-1.00,1.3,32.0,0,4016,-1.0,83.6,-1.0,0.0,0.00,5.00,-1,0,0.000,0,0.00,4.16,0,0,1,0.0,2,0.00,0.000,0.57,0.00,1.408,0.271,0.000,-1.000,-1.000,-1.000,-1.000,None,46.1,-1.0,0,4,0.00,0,0,0,0,0.00,2,0,0.076,0.984,-1,-1,-1,-1,-1,-1,-1,-1,-999,-1,-1,0,-1,-1,-1,34.2,0,0.00,0,0,-1,-1,-1,-1,-1,-1,0,0
890,14.8333,air,release,187.519,-589.453,16.885,-52.746,-13.872,25.000,59.996,54.539,15.735,0.00,0.00,0.00,0.00,0.000,4,,0,0.00,0.00,0.00,190.697,-586.128,17.585,-134.19,-12.24,70.80,4.653,0.736,-0.07,1.00,0,0,1,0,0,0,-12.24,-9.55,-14.85,0.2264,0.1632,0.4517,1,4.653,0,0.455,0,air_fallCalm,swingCornerBankL,1.000,3,-0.451 0.374 -0.803 0.511 -0.004 0.458 0.432 -0.488 0.608 -0.276,191.49,-585.82,17.24,-12.87,-132.79,103.28,-1,-1,-1,-1,0.393,0.558 0.448 -0.453 -0.287,-1.0,0,-1.000,-1.000,0.4934,3.39,,-1.000,0.0,0.0,0.0,,,47.9,36.0,-39.8,backDouble,0.000,0.0,11.5,-1.00,1.3,32.0,0,4195,-1.0,81.6,-1.0,0.0,0.00,5.00,-1,0,0.000,0,0.00,4.16,0,0,1,0.0,2,0.00,0.000,0.48,0.00,1.368,0.345,0.000,-1.000,-1.000,-1.000,-1.000,None,43.7,-1.0,0,4,0.00,0,0,0,0,0.00,2,0,0.152,0.986,-1,-1,-1,-1,-1,-1,-1,-1,-999,-1,-1,0,-1,-1,-1,34.2,0,0.00,0,0,-1,-1,-1,-1,-1,-1,0,0
891,14.8500,air,release,186.641,-589.684,17.296,-52.640,-13.844,24.600,59.731,54.430,16.146,0.00,0.00,0.00,0.00,0.000,4,,0,0.00,0.00,0.00,189.880,-586.418,17.909,-135.20,-11.44,70.80,4.641,0.745,-0.07,1.00,0,0,1,0,0,0,-11.44,-9.38,-14.87,0.2166,0.1638,0.4458,1,4.641,0,0.452,0,air_fallCalm,swingCornerBankL,1.000,3,-0.477 0.342 -0.773 0.397 -0.029 0.447 0.482 -0.455 0.647 -0.234,190.70,-586.13,17.58,-12.24,-134.19,103.28,-1,-1,-1,-1,0.360,0.451 0.426 -0.431 -0.262,-1.0,0,-1.000,-1.000,0.4962,3.41,,-1.000,0.0,0.0,0.0,,,52.1,39.9,-44.3,backDouble,0.000,0.0,11.5,-1.00,1.3,32.0,0,4327,-1.0,80.2,-1.0,0.0,0.00,5.00,-1,0,0.000,0,0.00,4.16,0,0,1,0.0,2,0.00,0.000,0.40,0.00,1.287,0.349,0.000,-1.000,-1.000,-1.000,-1.000,None,43.9,-1.0,0,4,0.00,0,0,0,0,0.00,2,0,0.227,0.987,-1,-1,-1,-1,-1,-1,-1,-1,-999,-1,-1,0,-1,-1,-1,34.2,0,0.00,0,0,-1,-1,-1,-1,-1,-1,0,0
892,14.8667,air,release,185.765,-589.914,17.701,-52.535,-13.817,24.200,59.468,54.321,16.551,0.00,0.00,0.00,0.00,0.000,4,,0,0.00,0.00,0.00,189.046,-586.690,18.216,-135.91,-10.51,70.81,4.629,0.753,-0.06,1.00,0,0,1,0,0,0,-10.51,-9.26,-14.88,0.2056,0.1638,0.4404,1,4.629,0,0.449,0,air_fallCalm,swingCornerBankL,1.000,3,-0.496 0.311 -0.737 0.292 -0.044 0.426 0.525 -0.421 0.680 -0.204,189.88,-586.42,17.91,-11.44,-135.20,103.28,-1,-1,-1,-1,0.327,0.348 0.396 -0.405 -0.241,-1.0,0,-1.000,-1.000,0.4989,3.44,,-1.000,0.0,0.0,0.0,,,56.1,44.7,-48.1,backDouble,0.000,0.0,11.5,-1.00,1.3,32.0,0,4422,-1.0,79.0,-1.0,0.0,0.00,5.00,-1,0,0.000,0,0.00,4.16,0,0,1,0.0,2,0.00,0.000,0.32,0.00,1.223,0.347,0.000,-1.000,-1.000,-1.000,-1.000,None,43.1,-1.0,0,4,0.00,0,0,0,0,0.00,2,0,0.303,0.989,-1,-1,-1,-1,-1,-1,-1,-1,-999,-1,-1,0,-1,-1,-1,34.2,0,0.00,0,0,-1,-1,-1,-1,-1,-1,0,0
893,14.8833,air,release,184.891,-590.144,18.100,-52.430,-13.789,23.800,59.207,54.213,16.950,0.00,0.00,0.00,0.00,0.000,4,,0,0.00,0.00,0.00,188.201,-586.950,18.510,-136.38,-9.49,70.81,4.618,0.763,-0.06,1.00,0,0,1,0,0,0,-9.49,-9.19,-14.90,0.1928,0.1643,0.4355,1,4.618,0,0.445,0,air_fallCalm,swingCornerBankL,1.000,3,-0.511 0.279 -0.699 0.193 -0.048 0.397 0.563 -0.385 0.712 -0.180,189.05,-586.69,18.22,-10.51,-135.91,103.28,-1,-1,-1,-1,0.292,0.248 0.361 -0.374 -0.221,-1.0,0,-1.000,-1.000,0.5017,3.45,,-1.000,0.0,0.0,0.0,,,60.2,50.1,-51.7,backDouble,0.000,0.0,11.5,-1.00,1.3,32.0,0,4491,-1.0,78.2,-1.0,0.0,0.00,5.00,-1,0,0.000,0,0.00,4.16,0,0,1,0.0,2,0.00,0.000,0.23,0.00,1.150,0.340,0.000,-1.000,-1.000,-1.000,-1.000,None,41.8,-1.0,0,4,0.00,0,0,0,0,0.00,2,0,0.379,0.990,-1,-1,-1,-1,-1,-1,-1,-1,-999,-1,-1,0,-1,-1,-1,34.2,0,0.00,0,0,-1,-1,-1,-1,-1,-1,0,0
894,14.9000,air,release,184.018,-590.374,18.491,-52.325,-13.761,23.400,58.948,54.104,17.341,0.00,0.00,0.00,0.00,0.000,4,,0,0.00,0.00,0.00,187.347,-587.199,18.793,-136.69,-8.42,70.81,4.610,0.773,-0.06,1.00,0,0,1,0,0,0,-8.42,-9.18,-14.92,0.1790,0.1653,0.4310,1,4.610,0,0.442,0,air_fallCalm,swingCornerBankL,1.000,3,-0.521 0.247 -0.658 0.099 -0.041 0.363 0.594 -0.348 0.741 -0.158,188.20,-586.95,18.51,-9.49,-136.38,103.29,-1,-1,-1,-1,0.257,0.153 0.324 -0.340 -0.197,-1.0,0,-1.000,-1.000,0.5044,3.46,,-1.000,0.0,0.0,0.0,,,64.1,55.8,-55.1,backDouble,0.000,0.0,11.5,-1.00,1.3,32.0,0,4543,-1.0,77.5,-1.0,0.0,0.00,5.00,-1,0,0.000,0,0.00,1.71,0,0,1,0.0,2,0.00,0.000,0.15,0.00,1.079,0.331,0.000,-1.000,-1.000,-1.000,-1.000,None,40.1,-1.0,0,4,0.00,0,0,0,0,0.00,2,0,0.455,0.991,-1,-1,-1,-1,-1,-1,-1,-1,-999,-1,-1,0,-1,-1,-1,34.2,0,0.00,0,0,-1,-1,-1,-1,-1,-1,0,0
895,14.9167,air,release,183.148,-590.603,18.876,-52.221,-13.734,23.000,58.691,53.996,17.726,0.00,0.00,0.00,0.00,0.000,4,,0,0.00,0.00,0.00,186.490,-587.442,19.069,-136.90,-7.32,70.82,4.604,0.783,-0.05,1.00,0,0,1,0,0,0,-7.32,-9.22,-14.93,0.1644,0.1661,0.4268,1,4.604,0,0.439,0,air_fallCalm,swingCornerBankL,1.000,3,-0.525 0.215 -0.613 0.014 -0.021 0.329 0.617 -0.312 0.764 -0.134,187.35,-587.20,18.79,-8.42,-136.69,103.29,-1,-1,-1,-1,0.224,0.065 0.290 -0.307 -0.169,-1.0,0,-1.000,-1.000,0.5070,3.46,,-1.000,0.0,0.0,0.0,,,67.7,61.4,-58.1,backDouble,0.000,0.0,11.5,-1.00,1.3,32.0,0,4583,-1.0,77.0,-1.0,0.0,0.00,5.00,-1,0,0.000,0,0.00,1.71,0,0,1,0.0,2,0.00,0.000,0.07,0.00,1.009,0.322,0.000,-1.000,-1.000,-1.000,-1.000,None,38.0,-1.0,0,4,0.00,0,0,0,0,0.00,2,0,0.530,0.992,-1,-1,-1,-1,-1,-1,-1,-1,-999,-1,-1,0,-1,-1,-1,34.2,0,0.00,0,0,-1,-1,-1,-1,-1,-1,0,0
896,14.9333,air,release,182.278,-590.831,19.255,-52.116,-13.706,22.600,58.436,53.888,18.105,0.00,0.00,0.00,0.00,0.000,4,,0,0.00,0.00,0.00,185.631,-587.681,19.338,-137.05,-6.22,70.82,4.601,0.792,-0.05,1.00,0,0,1,0,0,0,-6.22,-9.31,-14.95,0.1554,0.1737,0.4258,1,4.601,0,0.436,0,air_fallCalm,swingCornerBankL,1.000,3,-0.522 0.184 -0.563 -0.061 0.010 0.296 0.631 -0.278 0.777 -0.108,186.49,-587.44,19.07,-7.32,-136.90,103.29,-1,-1,-1,-1,0.192,-0.013 0.259 -0.274 -0.139,-1.0,0,-1.000,-1.000,0.5058,3.45,,-1.000,0.0,0.0,0.0,,,71.0,66.4,-60.7,backDouble,0.000,0.0,11.5,-1.00,1.3,32.0,0,4616,-1.0,76.6,-1.0,0.0,0.00,5.00,-1,0,0.000,0,0.00,1.71,0,0,1,0.0,2,0.00,0.000,0.00,0.00,0.937,0.312,0.000,-1.000,-1.000,-1.000,-1.000,None,35.6,-1.0,0,4,0.00,0,0,0,0,0.00,2,0,0.606,0.993,-1,-1,-1,-1,-1,-1,-1,-1,-999,-1,-1,0,-1,-1,-1,34.2,0,0.00,0,0,-1,-1,-1,-1,-1,-1,0,0
897,14.9500,air,release,181.411,-591.059,19.626,-52.012,-13.679,22.200,58.182,53.781,18.476,0.00,0.00,0.00,0.00,0.000,4,,0,0.00,0.00,0.00,184.771,-587.917,19.603,-137.17,-5.13,70.83,4.600,0.802,-0.05,1.00,0,0,1,0,0,0,-5.13,-9.46,-14.97,0.1455,0.1735,0.4247,1,4.600,0,0.433,0,air_fallCalm,swingCornerBankL,1.000,3,-0.512 0.156 -0.506 -0.121 0.051 0.267 0.634 -0.246 0.776 -0.083,185.63,-587.68,19.34,-6.22,-137.05,103.30,-1,-1,-1,-1,0.164,-0.078 0.235 -0.245 -0.108,-1.0,0,-1.000,-1.000,0.5072,3.43,,-1.000,0.0,0.0,0.0,,,73.9,70.8,-62.8,backDouble,0.000,0.0,11.5,-1.00,1.3,32.0,0,4644,-1.0,76.2,-1.0,0.0,0.00,5.00,-1,0,0.000,0,0.00,1.71,0,0,1,0.0,2,0.00,0.000,0.00,0.00,0.862,0.299,0.000,-1.000,-1.000,-1.000,-1.000,None,32.8,-1.0,0,4,0.00,0,0,0,0,0.00,2,0,0.682,0.993,-1,-1,-1,-1,-1,-1,-1,-1,-999,-1,-1,0,-1,-1,-1,34.2,0,0.00,0,0,-1,-1,-1,-1,-1,-1,0,0
898,14.9667,air,release,180.546,-591.287,19.991,-51.908,-13.652,21.800,57.931,53.673,18.841,0.00,0.00,0.00,0.00,0.000,4,,0,0.00,0.00,0.00,183.912,-588.152,19.864,-137.26,-4.07,70.83,4.602,0.812,-0.04,1.00,0,0,1,0,0,0,-4.07,-9.65,-14.98,0.1344,0.1684,0.4233,1,4.602,0,0.430,0,air_fallCalm,fallCalm,1.000,3,-0.495 0.130 -0.446 -0.162 0.102 0.246 0.626 -0.218 0.758 -0.064,184.77,-587.92,19.60,-5.13,-137.17,103.30,-1,-1,-1,-1,0.138,-0.124 0.218 -0.219 -0.086,-1.0,0,-1.000,-1.000,0.5097,3.41,,-1.000,0.0,0.0,0.0,,,76.5,74.5,-64.3,backDouble,0.000,0.0,11.5,-1.00,1.3,32.0,0,4668,-1.0,75.9,-1.0,0.0,0.00,5.00,-1,0,0.000,0,0.00,1.71,0,0,1,0.0,2,0.00,0.000,0.00,0.00,0.784,0.280,0.000,-1.000,-1.000,-1.000,-1.000,None,29.7,-1.0,0,4,0.00,0,0,0,0,0.00,2,0,0.758,0.994,-1,-1,-1,-1,-1,-1,-1,-1,-999,-1,-1,0,-1,-1,-1,34.2,0,0.00,0,0,-1,-1,-1,-1,-1,-1,0,0
899,14.9833,air,release,179.682,-591.514,20.350,-51.804,-13.624,21.400,57.682,53.566,19.200,0.00,0.00,0.00,0.00,0.000,4,,0,0.00,0.00,0.00,183.054,-588.386,20.122,-137.36,-3.04,70.83,4.606,0.822,-0.04,1.00,0,0,1,0,0,0,-3.04,-9.89,-15.00,0.1229,0.1612,0.4219,1,4.606,0,0.427,0,air_fallCalm,fallCalm,1.000,3,-0.471 0.106 -0.388 -0.180 0.152 0.229 0.604 -0.188 0.726 -0.047,183.91,-588.15,19.86,-4.07,-137.26,103.31,-1,-1,-1,-1,0.115,-0.147 0.205 -0.194 -0.067,-1.0,0,-1.000,-1.000,0.5118,3.38,,-1.000,0.0,0.0,0.0,,,78.8,77.6,-64.9,backDouble,0.000,0.0,11.5,-1.00,1.3,32.0,0,4690,-1.0,75.6,-1.0,0.0,0.00,5.00,-1,0,0.000,0,0.00,1.71,0,0,1,0.0,2,0.00,0.000,0.00,0.00,0.707,0.261,0.000,-1.000,-1.000,-1.000,-1.000,None,26.3,-1.0,0,4,0.00,0,0,0,0,0.00,2,0,0.833,0.995,-1,-1,-1,-1,-1,-1,-1,-1,-999,-1,-1,0,-1,-1,-1,34.2,0,0.00,0,0,-1,-1,-1,-1,-1,-1,0,0
900,15.0000,air,release,178.820,-591.741,20.701,-51.701,-13.597,21.000,57.436,53.459,19.551,0.00,0.00,0.00,0.00,0.000,4,,0,0.00,0.00,0.00,182.199,-588.619,20.378,-137.45,-2.06,70.84,4.611,0.832,-0.03,1.00,0,0,1,0,0,0,-2.06,-10.17,-15.02,0.1158,0.1541,0.4207,1,4.611,0,0.425,0,air_fallCalm,fallCalm,1.000,3,-0.452 0.110 -0.334 -0.172 0.194 0.219 0.591 -0.197 0.703 -0.072,183.05,-588.39,20.12,-3.04,-137.36,103.31,-1,-1,-1,-1,0.123,-0.144 0.199 -0.209 -0.095,-1.0,0,-1.000,-1.000,0.5137,3.35,,-1.000,0.0,0.0,0.0,,,78.0,77.1,-60.8,backDouble,0.000,0.0,11.5,-1.00,1.3,32.0,0,4710,-1.0,75.4,-1.0,0.0,0.00,5.00,-1,0,0.000,0,0.00,-0.50,0,0,1,0.0,2,0.00,0.000,0.00,0.00,0.635,0.241,0.000,-1.000,-1.000,-1.000,-1.000,None,23.4,-1.0,0,4,0.00,0,0,0,0,0.00,2,0,0.909,0.995,-1,-1,-1,-1,-1,-1,-1,-1,-999,-1,-1,0,-1,-1,-1,34.2,0,0.00,0,0,-1,-1,-1,-1,-1,-1,0,0
901,15.0167,air,release,177.959,-591.967,21.046,-51.597,-13.570,20.600,57.191,53.352,19.896,0.00,0.00,0.00,0.00,0.000,4,,0,0.00,0.00,0.00,181.345,-588.853,20.633,-137.55,-1.13,70.84,4.619,0.841,-0.03,1.00,0,0,1,0,0,0,-1.13,-10.48,-15.03,0.1102,0.1473,0.4197,1,4.619,0,0.423,0,air_fallCalm,fallCalm,1.000,3,-0.436 0.127 -0.286 -0.148 0.230 0.212 0.583 -0.222 0.687 -0.120,182.20,-588.62,20.38,-2.06,-137.45,103.32,-1,-1,-1,-1,0.144,-0.127 0.194 -0.243 -0.149,-1.0,0,-1.000,-1.000,0.5157,3.31,,-1.000,0.0,0.0,0.0,,,75.9,75.0,-54.4,backDouble,0.000,0.0,11.5,-1.00,1.3,32.0,0,4729,-1.0,75.1,-1.0,0.0,0.00,5.00,-1,0,0.000,0,0.00,-0.50,0,0,1,0.0,2,0.00,0.000,0.00,0.00,0.574,0.219,0.000,-1.000,-1.000,-1.000,-1.000,None,20.8,-1.0,0,4,0.00,0,0,0,0,0.00,2,0,0.985,0.996,-1,-1,-1,-1,-1,-1,-1,-1,-999,-1,-1,0,-1,-1,-1,34.2,0,0.00,0,0,-1,-1,-1,-1,-1,-1,0,0
902,15.0333,air,release,177.101,-592.193,21.385,-51.494,-13.543,20.200,56.948,53.245,20.235,0.00,0.00,0.00,0.00,0.000,4,,0,0.00,0.00,0.00,180.493,-589.086,20.885,-137.66,-0.25,70.85,4.627,0.850,-0.02,1.00,0,0,1,0,0,0,-0.25,-10.82,-15.05,0.1058,0.1404,0.4203,1,4.627,0,0.420,0,air_fallCalm,fallCalm,1.000,3,-0.419 0.141 -0.251 -0.113 0.261 0.204 0.573 -0.245 0.669 -0.173,181.34,-588.85,20.63,-1.13,-137.55,103.32,-1,-1,-1,-1,0.163,-0.098 0.188 -0.274 -0.208,-1.0,0,-1.000,-1.000,0.5175,3.27,,-1.000,0.0,0.0,0.0,,,74.0,73.2,-47.9,backDouble,0.000,0.0,11.5,-1.00,1.3,32.0,0,4746,-1.0,74.8,-1.0,0.0,0.00,5.00,-1,0,0.000,0,0.00,-0.50,0,0,1,0.0,2,0.00,0.000,0.00,0.00,0.529,0.195,0.000,-1.000,-1.000,-1.000,-1.000,None,18.2,-1.0,0,4,0.00,0,0,0,0,0.00,2,0,1.000,0.996,-1,-1,-1,-1,-1,-1,-1,-1,-999,-1,-1,0,-1,-1,-1,34.2,0,0.00,0,0,-1,-1,-1,-1,-1,-1,0,0
903,15.0500,air,release,176.244,-592.418,21.716,-51.391,-13.516,19.800,56.708,53.139,20.566,0.00,0.00,0.00,0.00,0.000,4,,0,0.00,0.00,0.00,179.643,-589.319,21.136,-137.78,0.58,70.85,4.636,0.858,-0.01,1.00,0,0,1,0,0,0,0.58,-11.19,-15.07,0.1058,0.1368,0.4210,1,4.636,0,0.418,0,air_fallCalm,fallCalm,1.000,3,-0.400 0.154 -0.253 -0.091 0.280 0.188 0.546 -0.260 0.644 -0.202,180.49,-589.09,20.89,-0.25,-137.66,103.33,-1,-1,-1,-1,0.180,-0.079 0.174 -0.296 -0.243,-1.0,0,-1.000,-1.000,0.5167,3.22,,-1.000,0.0,0.0,0.0,,,72.4,71.7,-41.4,backDouble,0.000,0.0,11.5,-1.00,1.3,32.0,0,4763,-1.0,74.6,-1.0,0.0,0.00,5.00,-1,0,0.000,0,0.00,-0.50,0,0,1,0.0,2,0.00,0.000,0.00,0.00,0.519,0.189,0.000,-1.000,-1.000,-1.000,-1.000,None,15.6,-1.0,0,4,0.00,0,0,0,0,0.00,2,0,1.000,0.996,-1,-1,-1,-1,-1,-1,-1,-1,-999,-1,-1,0,-1,-1,-1,34.2,0,0.00,0,0,-1,-1,-1,-1,-1,-1,0,0
904,15.0667,air,release,175.388,-592.643,22.041,-51.289,-13.489,19.400,56.470,53.033,20.891,0.00,0.00,0.00,0.00,0.000,4,,0,0.00,0.00,0.00,178.795,-589.553,21.386,-137.91,1.35,70.86,4.647,0.867,-0.01,1.00,0,0,1,0,0,0,1.35,-11.58,-15.08,0.1055,0.1334,0.4209,1,4.647,0,0.416,0,air_fallCalm,fallCalm,1.000,3,-0.379 0.163 -0.263 -0.072 0.294 0.170 0.513 -0.270 0.615 -0.220,179.64,-589.32,21.14,0.58,-137.78,103.33,-1,-1,-1,-1,0.193,-0.064 0.157 -0.313 -0.267,-1.0,0,-1.000,-1.000,0.5155,3.16,,-1.000,0.0,0.0,0.0,,,71.0,70.5,-35.0,backDouble,0.000,0.0,11.5,-1.00,1.3,32.0,0,4779,-1.0,74.3,-1.0,0.0,0.00,5.00,-1,0,0.000,0,0.00,-0.50,0,0,1,0.0,2,0.00,0.000,0.00,0.00,0.517,0.189,0.000,-1.000,-1.000,-1.000,-1.000,None,13.2,-1.0,0,4,0.00,0,0,0,0,0.00,2,0,1.000,0.997,-1,-1,-1,-1,-1,-1,-1,-1,-999,-1,-1,0,-1,-1,-1,34.2,0,0.00,0,0,-1,-1,-1,-1,-1,-1,0,0
905,15.0833,air,release,174.535,-592.868,22.360,-51.186,-13.462,19.000,56.234,52.927,21.210,0.00,0.00,0.00,0.00,0.000,4,,0,0.00,0.00,0.00,177.950,-589.786,21.634,-138.05,2.07,70.87,4.657,0.875,-0.00,1.00,0,0,1,0,0,0,2.07,-11.99,-15.10,0.1047,0.1300,0.4207,1,4.657,0,0.415,0,air_fallCalm,fallCalm,1.000,3,-0.359 0.169 -0.272 -0.055 0.307 0.153 0.480 -0.275 0.586 -0.233,178.80,-589.55,21.39,1.35,-137.91,103.34,-1,-1,-1,-1,0.204,-0.049 0.142 -0.324 -0.286,-1.0,0,-1.000,-1.000,0.5141,3.10,,-1.000,0.0,0.0,0.0,,,69.9,69.6,-28.8,backDouble,0.000,0.0,11.5,-1.00,1.3,32.0,0,4794,-1.0,74.1,-1.0,0.0,0.00,5.00,-1,0,0.000,0,0.00,-0.50,0,0,1,0.0,2,0.00,0.000,0.00,0.00,0.515,0.189,0.000,-1.000,-1.000,-1.000,-1.000,None,10.9,-1.0,0,4,0.00,0,0,0,0,0.00,2,0,1.000,0.997,-1,-1,-1,-1,-1,-1,-1,-1,-999,-1,-1,0,-1,-1,-1,34.2,0,0.00,0,0,-1,-1,-1,-1,-1,-1,0,0
906,15.1000,air,release,173.683,-593.092,22.671,-51.084,-13.435,18.600,56.000,52.821,21.521,0.00,0.00,0.00,0.00,0.000,4,,0,0.00,0.00,0.00,177.107,-590.020,21.880,-138.20,2.74,70.87,4.668,0.882,0.01,1.00,0,0,1,0,0,0,2.74,-12.42,-15.12,0.1029,0.1265,0.4202,1,4.668,0,0.413,0,air_fallCalm,fallCalm,1.000,3,-0.338 0.172 -0.280 -0.039 0.317 0.138 0.448 -0.275 0.557 -0.240,177.95,-589.79,21.63,2.07,-138.05,103.34,-1,-1,-1,-1,0.211,-0.037 0.128 -0.332 -0.299,-1.0,0,-1.000,-1.000,0.5128,3.03,,-1.000,0.0,0.0,0.0,,,69.2,69.0,-23.0,backDouble,0.000,0.0,11.5,-1.00,1.3,32.0,0,4809,-1.0,73.8,-1.0,0.0,0.00,5.00,-1,0,0.000,0,0.00,-2.47,0,0,1,0.0,2,0.00,0.000,0.00,0.00,0.513,0.189,0.000,-1.000,-1.000,-1.000,-1.000,None,8.8,-1.0,0,4,0.00,0,0,0,0,0.00,2,0,1.000,0.997,-1,-1,-1,-1,-1,-1,-1,-1,-999,-1,-1,0,-1,-1,-1,34.2,0,0.00,0,0,-1,-1,-1,-1,-1,-1,0,0
907,15.1167,air,release,172.833,-593.315,22.976,-50.982,-13.408,18.200,55.769,52.715,21.826,0.00,0.00,0.00,0.00,0.000,4,,0,0.00,0.00,0.00,176.266,-590.253,22.124,-138.36,3.36,70.88,4.678,0.889,0.01,1.00,0,0,1,0,0,0,3.36,-12.86,-15.13,0.1005,0.1230,0.4194,1,4.678,0,0.412,0,air_fallCalm,fallCalm,1.000,3,-0.318 0.172 -0.287 -0.025 0.326 0.125 0.416 -0.273 0.528 -0.244,177.11,-590.02,21.88,2.74,-138.20,103.35,-1,-1,-1,-1,0.215,-0.025 0.116 -0.336 -0.309,-1.0,0,-1.000,-1.000,0.5115,2.95,,-1.000,0.0,0.0,0.0,,,68.8,68.6,-17.4,backDouble,0.000,0.0,11.5,-1.00,1.3,32.0,0,4822,-1.0,73.6,-1.0,0.0,0.00,5.00,-1,0,0.000,0,0.00,-2.47,0,0,1,0.0,2,0.00,0.000,0.00,0.00,0.512,0.189,0.000,-1.000,-1.000,-1.000,-1.000,None,6.9,-1.0,0,4,0.00,0,0,0,0,0.00,2,0,1.000,0.998,-1,-1,-1,-1,-1,-1,-1,-1,-999,-1,-1,0,-1,-1,-1,34.2,0,0.00,0,0,-1,-1,-1,-1,-1,-1,0,0
908,15.1333,air,release,171.985,-593.538,23.275,-50.880,-13.381,17.800,55.539,52.610,22.125,0.00,0.00,0.00,0.00,0.000,4,,0,0.00,0.00,0.00,175.426,-590.487,22.366,-138.52,3.93,70.88,4.689,0.896,0.02,1.00,0,0,1,0,0,0,3.93,-13.30,-15.15,0.0975,0.1197,0.4183,1,4.689,0,0.411,0,air_fallCalm,fallCalm,1.000,3,-0.300 0.170 -0.294 -0.013 0.333 0.114 0.388 -0.267 0.503 -0.243,176.27,-590.25,22.12,3.36,-138.36,103.35,-1,-1,-1,-1,0.217,-0.015 0.106 -0.336 -0.313,-1.0,0,-1.000,-1.000,0.5104,2.85,,-1.000,0.0,0.0,0.0,,,68.6,68.5,-12.7,backDouble,0.000,0.0,11.5,-1.00,1.3,32.0,0,4836,-1.0,73.3,-1.0,0.0,0.00,5.00,-1,0,0.000,0,0.00,-2.47,0,0,1,0.0,2,0.00,0.000,0.00,0.00,0.510,0.189,0.000,-1.000,-1.000,-1.000,-1.000,None,5.5,-1.0,0,4,0.00,0,0,0,0,0.00,2,0,1.000,0.998,-1,-1,-1,-1,-1,-1,-1,-1,-999,-1,-1,0,-1,-1,-1,34.2,0,0.00,0,0,-1,-1,-1,-1,-1,-1,0,0
909,15.1500,air,release,171.138,-593.761,23.566,-50.778,-13.354,17.400,55.313,52.505,22.416,0.00,0.00,0.00,0.00,0.000,4,,0,0.00,0.00,0.00,174.589,-590.720,22.605,-138.70,4.46,70.88,4.699,0.903,0.03,1.00,0,0,1,0,0,0,4.46,-13.76,-15.17,0.0935,0.1170,0.4167,1,4.699,0,0.409,0,air_fallCalm,fallCalm,1.000,3,-0.285 0.164 -0.299 -0.003 0.338 0.105 0.365 -0.256 0.481 -0.236,175.43,-590.49,22.37,3.93,-138.52,103.36,-1,-1,-1,-1,0.214,-0.006 0.098 -0.331 -0.312,-1.0,0,-1.000,-1.000,0.5094,2.75,,-1.000,0.0,0.0,0.0,,,68.8,68.8,-8.8,backDouble,0.000,0.0,11.5,-1.00,1.3,32.0,0,4849,-1.0,73.1,-1.0,0.0,0.00,5.00,-1,0,0.000,0,0.00,-2.47,0,0,1,0.0,2,0.00,0.000,0.00,0.00,0.510,0.189,0.000,-1.000,-1.000,-1.000,-1.000,None,4.3,-1.0,0,4,0.00,0,0,0,0,0.00,2,0,1.000,0.998,-1,-1,-1,-1,-1,-1,-1,-1,-999,-1,-1,0,-1,-1,-1,34.2,0,0.00,0,0,-1,-1,-1,-1,-1,-1,0,0
910,15.1667,air,release,170.293,-593.983,23.851,-50.676,-13.328,17.000,55.088,52.400,22.701,0.00,0.00,0.00,0.00,0.000,4,,0,0.00,0.00,0.00,173.754,-590.954,22.843,-138.88,4.94,70.89,4.709,0.909,0.03,1.00,0,0,1,0,0,0,4.94,-14.22,-15.18,0.0889,0.1149,0.4148,1,4.709,0,0.408,0,air_fallCalm,fallCalm,1.000,3,-0.273 0.155 -0.303 0.006 0.341 0.098 0.347 -0.242 0.465 -0.225,174.59,-590.72,22.61,4.46,-138.70,103.36,-1,-1,-1,-1,0.209,0.001 0.092 -0.323 -0.306,-1.0,0,-1.000,-1.000,0.5088,2.65,,-1.000,0.0,0.0,0.0,,,69.3,69.3,-6.0,backDouble,0.000,0.0,11.5,-1.00,1.3,32.0,0,4861,-1.0,72.8,-1.0,0.0,0.00,5.00,-1,0,0.000,0,0.00,-2.47,0,0,1,0.0,2,0.00,0.000,0.00,0.00,0.510,0.188,0.000,-1.000,-1.000,-1.000,-1.000,None,3.4,-1.0,0,4,0.00,0,0,0,0,0.00,2,0,1.000,0.998,-1,-1,-1,-1,-1,-1,-1,-1,-999,-1,-1,0,-1,-1,-1,34.2,0,0.00,0,0,-1,-1,-1,-1,-1,-1,0,0
911,15.1833,air,release,169.450,-594.206,24.130,-50.546,-13.410,16.600,54.866,52.295,22.980,0.00,0.00,0.00,0.00,0.000,4,,0,0.00,0.00,0.00,172.921,-591.188,23.077,-139.05,5.39,70.89,4.719,0.915,0.04,1.00,0,0,1,0,0,0,5.39,-14.69,-15.20,0.0847,0.1127,0.4129,1,4.719,0,0.407,0,air_fallCalm,fallCalm,1.000,3,-0.262 0.146 -0.307 0.015 0.344 0.092 0.330 -0.227 0.449 -0.213,173.75,-590.95,22.84,4.94,-138.88,103.37,-1,-1,-1,-1,0.204,0.008 0.086 -0.314 -0.300,-1.0,0,-1.000,-1.000,0.5081,2.54,,-1.000,0.0,0.0,0.0,,,69.9,69.9,-3.3,backDouble,0.000,0.0,11.5,-1.00,1.3,32.0,0,4872,-1.0,72.6,-1.0,0.0,0.00,5.00,-1,0,0.000,0,0.00,-2.47,0,0,1,0.0,2,0.00,0.000,0.00,0.00,0.510,0.188,0.000,-1.000,-1.000,-1.000,-1.000,None,2.8,-1.0,0,4,0.00,0,0,0,0,0.00,2,0,1.000,0.998,-1,-1,-1,-1,-1,-1,-1,-1,-999,-1,-1,0,-1,-1,-1,34.2,0,0.00,0,0,-1,-1,-1,-1,-1,-1,0,0
912,15.2000,air,rise,168.609,-594.432,24.401,-50.403,-13.541,16.200,54.647,52.190,23.251,0.00,0.00,0.00,0.00,0.000,4,,0,0.00,0.00,0.00,172.089,-591.423,23.308,-139.22,5.80,70.90,4.728,0.921,0.05,1.00,0,0,1,0,0,0,5.80,-15.16,-15.22,0.0808,0.1104,0.4108,1,4.728,0,0.406,0,air_tuck,fallCalm,1.000,3,-0.250 0.137 -0.310 0.024 0.347 0.084 0.312 -0.213 0.432 -0.202,172.92,-591.19,23.08,5.39,-139.05,103.37,-1,-1,-1,-1,0.199,0.016 0.080 -0.305 -0.293,-1.0,0,-1.000,-1.000,0.5074,2.43,,-1.000,0.0,0.0,0.0,,,70.4,70.4,-0.6,backDouble,0.000,0.0,11.5,-1.00,1.3,32.0,0,4882,-1.0,72.4,-1.0,0.0,0.00,5.00,-1,0,0.000,0,0.00,-4.20,0,0,1,0.0,2,0.00,0.000,0.00,0.04,0.510,0.188,0.000,-1.000,-1.000,-1.000,-1.000,None,2.4,-1.0,0,4,0.00,0,0,0,0,0.00,2,0,1.000,0.999,-1,-1,-1,-1,-1,-1,-1,-1,-999,-1,-1,0,-1,-1,-1,34.2,0,0.00,0,0,-1,-1,-1,-1,-1,-1,0,0
913,15.2167,air,rise,167.771,-594.659,24.666,-50.247,-13.719,15.800,54.430,52.086,23.516,0.00,0.00,0.00,0.00,0.000,4,,0,0.00,0.00,0.00,171.259,-591.660,23.536,-139.36,6.17,70.90,4.737,0.926,0.06,1.00,0,0,1,0,0,0,6.17,-15.63,-15.23,0.0824,0.1039,0.4064,1,4.737,0,0.406,0,air_tuck,fallCalm,1.000,3,-0.239 0.124 -0.293 0.022 0.349 0.065 0.296 -0.192 0.415 -0.184,172.09,-591.42,23.31,5.80,-139.22,103.38,-1,-1,-1,-1,0.189,0.010 0.058 -0.289 -0.280,-1.0,0,-1.000,-1.000,0.5089,2.32,,-1.000,0.0,0.0,0.0,,,71.4,71.4,2.2,backDouble,0.000,0.0,11.5,-1.00,1.3,32.0,0,4890,-1.0,72.1,-1.0,0.0,0.00,5.00,-1,0,0.000,0,0.00,-4.20,0,0,1,0.0,2,0.00,0.000,0.00,0.16,0.482,0.187,0.000,-1.000,-1.000,-1.000,-1.000,None,1.9,-1.0,0,4,0.00,0,0,0,0,0.00,2,0,0.933,0.999,-1,-1,-1,-1,-1,-1,-1,-1,-999,-1,-1,0,-1,-1,-1,34.2,0,0.00,0,0,-1,-1,-1,-1,-1,-1,0,0
914,15.2333,air,rise,166.936,-594.891,24.925,-50.077,-13.944,15.400,54.215,51.982,23.775,0.00,0.00,0.00,0.00,0.000,4,,0,0.00,0.00,0.00,170.430,-591.900,23.760,-139.48,6.51,70.91,4.745,0.931,0.07,1.00,0,0,1,0,0,0,6.51,-16.09,-15.25,0.0769,0.0994,0.4097,1,4.745,0,0.405,0,air_tuck,fallCalm,1.000,3,-0.230 0.102 -0.268 -0.008 0.326 0.019 0.267 -0.149 0.396 -0.118,171.26,-591.66,23.54,6.17,-139.36,103.38,-1,-1,-1,-1,0.170,-0.021 0.013 -0.251 -0.217,-1.0,0,-1.000,-1.000,0.5089,2.21,,-1.000,0.0,0.0,0.0,,,73.3,73.3,5.2,backDouble,0.000,0.0,11.5,-1.00,1.3,32.0,0,4897,-1.0,72.0,-1.0,0.0,0.00,5.00,-1,0,0.000,0,0.00,-4.20,0,0,1,0.0,2,0.00,0.000,0.00,0.32,0.446,0.205,0.000,-1.000,-1.000,-1.000,-1.000,None,1.5,-1.0,0,4,0.00,0,0,0,0,0.00,2,0,0.857,0.999,-1,-1,-1,-1,-1,-1,-1,-1,-999,-1,-1,0,-1,-1,-1,34.2,0,0.00,0,0,-1,-1,-1,-1,-1,-1,0,0
915,15.2500,air,rise,166.103,-595.127,25.176,-49.892,-14.215,15.000,54.003,51.878,24.026,0.00,0.00,0.00,0.00,0.000,4,,0,0.00,0.00,0.00,169.604,-592.142,23.981,-139.59,6.82,70.91,4.753,0.936,0.07,1.00,0,0,1,0,0,0,6.82,-16.56,-15.27,0.0821,0.0962,0.4054,1,4.753,0,0.404,0,air_tuck,fallCalm,1.000,3,-0.221 0.069 -0.231 -0.036 0.292 -0.018 0.245 -0.101 0.376 -0.042,170.43,-591.90,23.76,6.51,-139.48,103.39,-1,-1,-1,-1,0.141,-0.049 -0.024 -0.207 -0.144,-1.0,0,-1.000,-1.000,0.5080,2.10,,-1.000,0.0,0.0,0.0,,,76.3,76.3,8.9,backDouble,0.000,0.0,11.5,-1.00,1.3,32.0,0,4903,-1.0,71.8,-1.0,0.0,0.00,5.00,-1,0,0.000,0,0.00,-4.20,0,0,1,0.0,2,0.00,0.000,0.00,0.50,0.414,0.212,0.000,-1.000,-1.000,-1.000,-1.000,None,3.2,-1.0,0,4,0.00,0,0,0,0,0.00,2,0,0.782,0.999,-1,-1,-1,-1,-1,-1,-1,-1,-999,-1,-1,0,-1,-1,-1,34.2,0,0.00,0,0,-1,-1,-1,-1,-1,-1,0,0
916,15.2667,air,rise,165.274,-595.367,25.421,-49.693,-14.533,14.600,53.794,51.774,24.271,0.00,0.00,0.00,0.00,0.000,4,,0,0.00,0.00,0.00,168.779,-592.388,24.197,-139.67,7.11,70.92,4.760,0.940,0.08,1.00,0,0,1,0,0,0,7.11,-17.02,-15.28,0.0949,0.0930,0.3956,1,4.760,0,0.404,0,air_tuck,fallCalm,1.000,3,-0.214 0.025 -0.194 -0.056 0.254 -0.041 0.231 -0.053 0.354 0.030,169.60,-592.14,23.98,6.82,-139.59,103.39,-1,-1,-1,-1,0.101,-0.070 -0.048 -0.162 -0.074,-1.0,0,-1.000,-1.000,0.5069,2.00,,-1.000,0.0,0.0,0.0,,,80.2,80.2,14.8,backDouble,0.000,0.0,11.5,-1.00,1.3,32.0,0,4908,-1.0,71.6,-1.0,0.0,0.00,5.00,-1,0,0.000,0,0.00,-4.20,0,0,1,0.0,2,0.00,0.000,0.00,0.66,0.393,0.208,0.000,-1.000,-1.000,-1.000,-1.000,None,6.5,-1.0,0,4,0.00,0,0,0,0,0.00,2,0,0.706,0.999,-1,-1,-1,-1,-1,-1,-1,-1,-999,-1,-1,0,-1,-1,-1,34.2,0,0.00,0,0,-1,-1,-1,-1,-1,-1,0,0
917,15.2833,air,rise,164.449,-595.614,25.660,-49.477,-14.896,14.200,53.587,51.671,24.510,0.00,0.00,0.00,0.00,0.000,4,,0,0.00,0.00,0.00,167.957,-592.639,24.410,-139.73,7.37,70.92,4.767,0.944,0.09,1.00,0,0,1,0,0,0,7.37,-17.48,-15.30,0.1064,0.0896,0.3868,1,4.767,0,0.403,0,air_tuck,fallCalm,1.000,3,-0.208 -0.031 -0.162 -0.071 0.217 -0.057 0.223 -0.001 0.331 0.096,168.78,-592.39,24.20,7.11,-139.67,103.39,-1,-1,-1,-1,0.047,-0.085 -0.064 -0.112 -0.010,-1.0,0,-1.000,-1.000,0.5058,1.90,,-1.000,0.0,0.0,0.0,,,85.5,85.5,31.7,backDouble,0.000,0.0,11.5,-1.00,1.3,32.0,0,4911,-1.0,71.5,-1.0,0.0,0.00,5.00,-1,0,0.000,0,0.00,-4.20,0,0,1,0.0,2,0.00,0.000,0.00,0.79,0.380,0.199,0.000,-1.000,-1.000,-1.000,-1.000,None,11.2,-1.0,0,4,0.00,0,0,0,0,0.00,2,0,0.630,0.999,-1,-1,-1,-1,-1,-1,-1,-1,-999,-1,-1,0,-1,-1,-1,34.2,0,0.00,0,0,-1,-1,-1,-1,-1,-1,0,0
918,15.3000,air,rise,163.627,-595.867,25.891,-49.244,-15.304,13.800,53.382,51.568,24.741,0.00,0.00,0.00,0.00,0.000,4,,0,0.00,0.00,0.00,167.110,-592.855,24.624,-139.18,7.52,70.92,4.777,0.948,0.10,1.00,0,0,1,0,0,0,7.52,-17.93,-15.32,0.1200,0.0876,0.3831,1,4.777,0,0.403,0,air_tuck,fallCalm,1.000,3,-0.209 -0.098 -0.137 -0.086 0.188 -0.076 0.224 0.048 0.316 0.146,167.96,-592.64,24.41,7.37,-139.73,103.40,-1,-1,-1,-1,-0.020,-0.102 -0.084 -0.063 0.041,-1.0,0,-1.000,-1.000,0.5049,1.81,,-1.000,0.0,0.0,0.0,,,91.9,91.9,126.5,backDouble,0.019,55.0,11.5,1.00,1.3,32.0,0,5118,102.0,71.4,-1.0,0.0,0.00,5.00,0,0,0.021,0,0.00,-5.69,0,0,1,0.0,2,0.00,0.000,0.00,0.85,0.369,0.189,0.000,-1.000,-1.000,-1.000,-1.000,None,17.1,-1.0,0,4,0.00,0,0,0,0,0.00,2,0,0.554,0.999,-1,-1,-1,-1,-1,-1,-1,-1,-999,-1,-1,0,-1,-1,-1,34.2,0,0.00,0,0,-1,-1,-1,-1,-1,-1,0,0
919,15.3167,air,rise,162.809,-596.128,26.116,-48.993,-15.756,13.400,53.180,51.464,24.966,0.00,0.00,0.00,0.00,0.000,4,,0,0.00,0.00,0.00,166.238,-593.037,24.843,-138.02,7.52,70.93,4.789,0.952,0.11,0.99,0,0,1,0,0,0,7.52,-18.38,-15.33,0.1363,0.0872,0.3843,1,4.789,0,0.403,0,air_tuck,releaseTuck,1.000,3,-0.215 -0.175 -0.123 -0.105 0.173 -0.103 0.223 0.093 0.313 0.181,167.11,-592.85,24.62,7.52,-139.18,103.40,-1,-1,-1,-1,-0.100,-0.122 -0.111 -0.012 0.081,-1.0,0,-1.000,-1.000,0.5045,1.72,,-1.000,0.0,0.0,0.0,,,99.7,99.7,168.9,backDouble,0.056,55.0,11.5,1.00,1.3,32.0,0,5500,102.0,72.0,-1.0,0.0,0.00,5.00,0,0,0.073,0,0.00,-5.69,0,0,1,0.0,2,0.00,0.000,0.00,0.85,0.353,0.183,0.000,-1.000,-1.000,-1.000,-1.000,None,24.4,-1.0,0,4,0.00,0,0,0,0,0.00,2,0,0.479,0.999,-1,-1,-1,-1,-1,-1,-1,-1,-999,-1,-1,0,-1,-1,-1,34.2,0,0.00,0,0,-1,-1,-1,-1,-1,-1,0,0
920,15.3333,air,rise,161.996,-596.397,26.335,-48.723,-16.252,13.000,52.981,51.362,25.185,0.00,0.00,0.00,0.00,0.000,4,,0,0.00,0.00,0.00,165.338,-593.187,25.065,-136.29,7.39,70.93,4.804,0.955,0.12,0.99,0,0,1,0,0,0,7.39,-18.83,-15.35,0.1486,0.0882,0.3879,1,4.804,0,0.402,0,air_tuck,releaseTuck,1.000,3,-0.226 -0.257 -0.117 -0.127 0.174 -0.137 0.216 0.127 0.319 0.198,166.24,-593.04,24.84,7.52,-138.02,103.41,-1,-1,-1,-1,-0.187,-0.147 -0.147 0.031 0.108,-1.0,0,-1.000,-1.000,0.5048,1.63,,-1.000,0.0,0.0,0.0,,,108.5,108.5,178.0,backDouble,0.113,55.0,11.5,1.00,1.3,32.0,0,5984,102.0,73.1,-1.0,0.0,0.00,5.00,0,0,0.144,0,0.00,-5.69,0,0,1,0.0,2,0.00,0.000,0.00,0.85,0.326,0.185,0.000,-1.000,-1.000,-1.000,-1.000,None,32.7,-1.0,0,4,0.00,0,0,0,0,0.00,2,0,0.403,0.999,-1,-1,-1,-1,-1,-1,-1,-1,-999,-1,-1,0,-1,-1,-1,34.2,0,0.00,0,0,-1,-1,-1,-1,-1,-1,0,0
921,15.3500,air,rise,161.188,-596.674,26.546,-48.431,-16.789,12.600,52.785,51.259,25.396,0.00,0.00,0.00,0.00,0.000,4,,0,0.00,0.00,0.00,164.422,-593.329,25.288,-134.31,7.17,70.93,4.820,0.958,0.12,0.99,0,0,1,0,0,0,7.17,-19.26,-15.37,0.1567,0.0886,0.3934,1,4.820,0,0.402,0,air_tuck,releaseTuck,1.000,3,-0.234 -0.338 -0.107 -0.149 0.179 -0.172 0.202 0.150 0.321 0.200,165.34,-593.19,25.07,7.39,-136.29,103.41,-1,-1,-1,-1,-0.277,-0.173 -0.186 0.066 0.122,-1.0,0,-1.000,-1.000,0.5052,1.55,,-1.000,0.0,0.0,0.0,,,118.2,118.2,-177.4,backDouble,0.178,55.0,11.5,1.00,1.3,32.0,0,6391,102.0,74.8,-1.0,0.0,0.00,5.00,0,0,0.223,0,0.00,-5.69,0,0,1,0.0,2,0.00,0.000,0.00,0.85,0.281,0.185,0.000,-1.000,-1.000,-1.000,-1.000,None,42.0,-1.0,0,4,0.00,0,0,0,0,0.00,2,0,0.327,0.999,-1,-1,-1,-1,-1,-1,-1,-1,-999,-1,-1,0,-1,-1,-1,34.2,0,0.00,0,0,-1,-1,-1,-1,-1,-1,0,0
922,15.3667,air,rise,160.384,-596.961,26.751,-48.118,-17.369,12.200,52.591,51.156,25.601,0.00,0.00,0.00,0.00,0.000,4,,0,0.00,0.00,0.00,163.505,-593.483,25.509,-132.36,6.89,70.94,4.835,0.961,0.13,0.99,0,0,1,0,0,0,6.89,-19.69,-15.38,0.1603,0.0876,0.4002,1,4.835,0,0.401,0,air_tuck,releaseTuck,1.000,3,-0.235 -0.410 -0.090 -0.165 0.186 -0.203 0.177 0.165 0.311 0.185,164.42,-593.33,25.29,7.17,-134.31,103.41,-1,-1,-1,-1,-0.361,-0.193 -0.222 0.095 0.122,-1.0,0,-1.000,-1.000,0.5055,1.48,,-1.000,0.0,0.0,0.0,,,128.3,128.3,-174.3,backDouble,0.244,55.0,11.5,1.00,1.3,32.0,0,6609,102.0,76.8,-1.0,0.0,0.00,5.00,0,0,0.304,0,0.00,-5.69,0,0,1,0.0,2,0.00,0.000,0.00,0.85,0.221,0.186,0.000,-1.000,-1.000,-1.000,-1.000,None,51.8,-1.0,0,4,0.00,0,0,0,0,0.00,2,0,0.251,1.000,-1,-1,-1,-1,-1,-1,-1,-1,-999,-1,-1,0,-1,-1,-1,34.2,0,0.00,0,0,-1,-1,-1,-1,-1,-1,0,0
