frame,t,mode,sub,x_m,y_m,z_m,vx,vy,vz,speed_mps,hspeed_mps,height_above_floor_m,anchor_x,anchor_y,anchor_z,rope_m,tension,chain,trick,zip_target,zt_x,zt_y,zt_z,cam_x,cam_y,cam_z,cam_yaw_deg,cam_pitch_deg,cam_vfov_deg,cam_dist_m,motion_blur,in_move_x,in_move_y,in_swing,in_jump,in_sprint,in_zip,in_drop,in_quick,cam_orbit_pitch_deg,cam_auto_pitch_deg,cam_occ_hold,hero_bbox_h,hero_bbox_w,hero_cy,hero_in_frame,cam_hero_dist_m,cam_in_geometry,frame_s_target,in_trick,anim_node,anim_clip,anim_weight,air_flavor,pose_sig
0,0.0000,ground,walk,289.000,3.008,0.950,0.000,0.640,0.000,0.640,0.640,0.000,0.00,0.00,0.00,0.00,0.000,0,,1,305.97,15.30,40.89,288.700,-2.992,3.350,87.14,-18.58,58.00,6.469,0.000,0.00,1.00,0,0,1,0,0,0,-18.58,-8.02,-0.02,0.2322,0.0645,0.5676,1,6.469,0,0.550,0,ground,idle,1.000,-1,-0.001 0.554 -0.285 -0.030 0.292 -0.039 -0.168 -0.865 0.160 -0.871
1,0.0167,ground,walk,289.000,3.027,0.950,0.000,1.280,0.000,1.280,1.280,0.000,0.00,0.00,0.00,0.00,0.000,0,,0,0.00,0.00,0.00,288.700,-2.990,3.350,87.15,-18.48,58.00,6.485,0.000,0.00,1.00,0,0,1,0,0,0,-18.48,-18.58,-0.03,0.2317,0.0643,0.5684,1,6.485,0,0.551,0,ground,idle,1.000,-1,-0.001 0.555 -0.285 -0.030 0.292 -0.039 -0.168 -0.866 0.160 -0.871
2,0.0333,ground,walk,289.000,3.056,0.950,0.000,1.920,0.000,1.920,1.920,0.000,0.00,0.00,0.00,0.00,0.000,0,,0,0.00,0.00,0.00,288.700,-2.985,3.350,87.16,-18.33,58.00,6.507,0.000,0.00,1.00,0,0,1,0,0,0,-18.33,-18.48,-0.05,0.2375,0.0600,0.5759,1,6.507,0,0.552,0,ground,walk,1.000,-1,-0.002 0.562 -0.267 -0.070 0.269 -0.005 -0.144 -0.811 0.113 -0.879
3,0.0500,ground,walk,289.000,3.096,0.950,0.000,2.560,0.000,2.560,2.560,0.000,0.00,0.00,0.00,0.00,0.000,0,,0,0.00,0.00,0.00,288.700,-2.974,3.350,87.17,-18.14,58.00,6.534,0.000,0.00,1.00,0,0,1,0,0,0,-18.14,-18.46,-0.07,0.2406,0.0557,0.5826,1,6.534,0,0.554,0,ground,walk,1.000,-1,-0.002 0.569 -0.248 -0.093 0.246 0.033 -0.109 -0.731 0.072 -0.860
4,0.0667,ground,walk,289.000,3.147,0.950,0.000,3.200,0.000,3.200,3.200,0.000,0.00,0.00,0.00,0.00,0.000,0,,0,0.00,0.00,0.00,288.700,-2.955,3.350,87.19,-17.94,58.00,6.564,0.000,0.00,1.00,0,0,1,0,0,0,-17.94,-18.39,-0.08,0.2407,0.0544,0.5864,1,6.564,0,0.555,0,ground,walk,1.000,-1,0.001 0.574 -0.239 -0.091 0.242 0.092 -0.085 -0.696 0.058 -0.826
5,0.0833,ground,run,289.000,3.205,0.950,0.000,3.600,0.000,3.600,3.600,0.000,0.00,0.00,0.00,0.00,0.000,0,,0,0.00,0.00,0.00,288.700,-2.928,3.350,87.20,-17.74,58.00,6.593,0.000,0.00,1.00,0,0,1,0,0,0,-17.74,-18.30,-0.10,0.2371,0.0553,0.5862,1,6.593,0,0.557,0,ground,jog,1.000,-1,0.005 0.578 -0.238 -0.071 0.253 0.170 -0.078 -0.723 0.066 -0.785
6,0.1000,ground,run,289.000,3.270,0.950,0.000,4.000,0.000,4.000,4.000,0.000,0.00,0.00,0.00,0.00,0.000,0,,0,0.00,0.00,0.00,288.700,-2.894,3.350,87.21,-17.54,58.00,6.621,0.000,0.00,1.00,0,0,1,0,0,0,-17.54,-18.17,-0.12,0.2282,0.0555,0.5844,1,6.621,0,0.559,0,ground,jog,1.000,-1,0.009 0.581 -0.233 -0.049 0.259 0.246 -0.072 -0.747 0.074 -0.729
7,0.1167,ground,run,289.000,3.342,0.950,0.000,4.400,0.000,4.400,4.400,0.000,0.00,0.00,0.00,0.00,0.000,0,,0,0.00,0.00,0.00,288.700,-2.851,3.350,87.23,-17.34,58.00,6.648,0.000,0.00,1.00,0,0,1,0,0,0,-17.34,-18.01,-0.13,0.2155,0.0547,0.5806,1,6.648,0,0.560,0,ground,jog,1.000,-1,0.012 0.583 -0.226 -0.031 0.258 0.271 -0.061 -0.771 0.082 -0.665
8,0.1333,ground,run,289.000,3.420,0.950,0.000,4.800,0.000,4.800,4.800,0.000,0.00,0.00,0.00,0.00,0.000,0,,0,0.00,0.00,0.00,288.700,-2.800,3.350,87.24,-17.16,58.00,6.674,0.000,0.00,1.00,0,0,1,0,0,0,-17.16,-17.84,-0.15,0.2184,0.0530,0.5844,1,6.674,0,0.562,0,ground,jog,1.000,-1,0.013 0.584 -0.215 -0.004 0.252 0.277 -0.066 -0.792 0.091 -0.589
9,0.1500,ground,run,289.000,3.505,0.950,0.000,5.200,0.000,5.200,5.200,0.000,0.00,0.00,0.00,0.00,0.000,0,,0,0.00,0.00,0.00,288.700,-2.742,3.350,87.25,-16.98,58.00,6.699,0.000,0.00,1.00,0,0,1,0,0,0,-16.98,-17.64,-0.17,0.2254,0.0508,0.5898,1,6.699,0,0.563,0,ground,jog,1.000,-1,0.014 0.585 -0.203 0.042 0.242 0.264 -0.073 -0.804 0.096 -0.544
10,0.1667,ground,run,289.000,3.597,0.950,0.000,5.600,0.000,5.600,5.600,0.000,0.00,0.00,0.00,0.00,0.000,0,,0,0.00,0.00,0.00,288.700,-2.676,3.350,87.26,-16.80,58.00,6.723,0.000,0.00,1.00,0,0,1,0,0,0,-16.80,-17.43,-0.18,0.2308,0.0499,0.5938,1,6.723,0,0.565,0,ground,jog,1.000,-1,0.014 0.586 -0.198 0.068 0.237 0.238 -0.078 -0.810 0.097 -0.535
11,0.1833,ground,run,289.000,3.695,0.950,0.000,6.000,0.000,6.000,6.000,0.000,0.00,0.00,0.00,0.00,0.000,0,,0,0.00,0.00,0.00,288.700,-2.603,3.350,87.27,-16.64,58.00,6.747,0.000,0.00,1.00,0,0,1,0,0,0,-16.64,-17.21,-0.20,0.2363,0.0488,0.5970,1,6.747,0,0.566,0,ground,jog,1.000,-1,0.013 0.587 -0.196 0.097 0.231 0.197 -0.083 -0.812 0.096 -0.541
12,0.2000,ground,run,289.000,3.800,0.950,0.000,6.400,0.000,6.400,6.400,0.000,0.00,0.00,0.00,0.00,0.000,0,,0,0.00,0.00,0.00,288.700,-2.524,3.350,87.28,-16.48,58.00,6.771,0.000,0.00,1.00,0,0,1,0,0,0,-16.48,-16.97,-0.22,0.2402,0.0478,0.5991,1,6.771,0,0.568,0,ground,jog,1.000,-1,0.012 0.588 -0.195 0.136 0.224 0.152 -0.089 -0.804 0.095 -0.556
13,0.2167,ground,run,289.000,3.912,0.950,0.000,6.800,0.000,6.800,6.800,0.000,0.00,0.00,0.00,0.00,0.000,0,,0,0.00,0.00,0.00,288.700,-2.437,3.350,87.29,-16.33,58.00,6.794,0.000,0.00,1.00,0,0,1,0,0,0,-16.33,-16.73,-0.23,0.2418,0.0468,0.5996,1,6.794,0,0.569,0,ground,jog,1.000,-1,0.010 0.589 -0.195 0.185 0.216 0.107 -0.093 -0.785 0.095 -0.577
14,0.2333,ground,run,289.000,4.030,0.950,0.000,7.200,0.000,7.200,7.200,0.000,0.00,0.00,0.00,0.00,0.000,0,,0,0.00,0.00,0.00,288.700,-2.344,3.350,87.31,-16.18,58.00,6.817,0.000,0.00,1.00,0,0,1,0,0,0,-16.18,-16.48,-0.25,0.2377,0.0465,0.5978,1,6.817,0,0.570,0,ground,run,1.000,-1,0.007 0.589 -0.199 0.242 0.208 0.067 -0.094 -0.742 0.092 -0.606
15,0.2500,ground,run,289.000,4.155,0.950,0.000,7.600,0.000,7.600,7.600,0.000,0.00,0.00,0.00,0.00,0.000,0,,0,0.00,0.00,0.00,288.700,-2.244,3.350,87.32,-16.05,58.00,6.841,0.000,0.00,1.00,0,0,1,0,0,0,-16.05,-16.23,-0.27,0.2290,0.0467,0.5942,1,6.841,0,0.571,0,ground,run,1.000,-1,0.004 0.590 -0.205 0.301 0.201 0.040 -0.094 -0.678 0.087 -0.641
16,0.2667,ground,run,289.000,4.287,0.950,0.000,8.000,0.000,8.000,8.000,0.000,0.00,0.00,0.00,0.00,0.000,0,,0,0.00,0.00,0.00,288.700,-2.137,3.350,87.33,-15.91,58.00,6.864,0.000,0.00,1.00,0,0,1,0,0,0,-15.91,-15.98,-0.28,0.2176,0.0475,0.5898,1,6.864,0,0.572,0,ground,run,1.000,-1,-0.000 0.590 -0.214 0.359 0.197 0.029 -0.094 -0.604 0.083 -0.679
17,0.2833,ground,run,289.000,4.425,0.950,0.000,8.400,0.000,8.400,8.400,0.000,0.00,0.00,0.00,0.00,0.000,0,,0,0.00,0.00,0.00,288.700,-2.023,3.350,87.34,-15.79,58.00,6.887,0.000,0.00,1.00,0,0,1,0,0,0,-15.79,-15.72,-0.30,0.2051,0.0486,0.5855,1,6.887,0,0.573,0,ground,run,1.000,-1,-0.004 0.590 -0.222 0.401 0.195 0.035 -0.091 -0.531 0.075 -0.723
18,0.3000,ground,run,289.000,4.570,0.950,0.000,8.800,0.000,8.800,8.800,0.000,0.00,0.00,0.00,0.00,0.000,0,,0,0.00,0.00,0.00,288.700,-1.903,3.350,87.35,-15.67,58.00,6.910,0.000,0.00,1.00,0,0,1,0,0,0,-15.67,-15.47,-0.32,0.2002,0.0496,0.5856,1,6.910,0,0.573,0,ground,run,1.000,-1,-0.008 0.590 -0.230 0.426 0.195 0.049 -0.088 -0.462 0.066 -0.756
19,0.3167,ground,run,289.000,4.722,0.950,0.000,9.200,0.000,9.200,9.200,0.000,0.00,0.00,0.00,0.00,0.000,0,,0,0.00,0.00,0.00,288.700,-1.771,3.350,87.36,-15.57,58.00,6.929,0.001,0.00,1.00,0,0,1,0,0,0,-15.57,-15.21,-0.33,0.2061,0.0504,0.5912,1,6.929,0,0.574,0,ground,run,1.000,-1,-0.012 0.590 -0.235 0.432 0.196 0.061 -0.085 -0.399 0.056 -0.781
20,0.3333,ground,run,289.000,4.880,0.950,0.000,9.600,0.000,9.600,9.600,0.000,0.00,0.00,0.00,0.00,0.000,0,,0,0.00,0.00,0.00,288.701,-1.613,3.350,87.37,-15.53,58.00,6.929,0.001,0.00,1.00,0,0,1,0,0,0,-15.53,-14.96,-0.35,0.2107,0.0506,0.5955,1,6.929,0,0.575,0,ground,run,1.000,-1,-0.012 0.589 -0.234 0.416 0.198 0.076 -0.077 -0.361 0.050 -0.793
21,0.3500,ground,run,289.000,5.043,0.950,0.000,9.800,0.000,9.800,9.800,0.000,0.00,0.00,0.00,0.00,0.000,0,,0,0.00,0.00,0.00,288.702,-1.450,3.350,87.38,-15.49,58.00,6.929,0.002,0.00,1.00,0,0,1,0,0,0,-15.49,-14.71,-0.37,0.2165,0.0505,0.6003,1,6.929,0,0.575,0,ground,run,1.000,-1,-0.012 0.588 -0.229 0.381 0.200 0.083 -0.063 -0.339 0.046 -0.796
22,0.3667,ground,run,289.000,5.207,0.950,0.000,9.800,0.000,9.800,9.800,0.000,0.00,0.00,0.00,0.00,0.000,0,,0,0.00,0.00,0.00,288.703,-1.287,3.350,87.38,-15.46,58.00,6.929,0.002,0.00,1.00,0,0,1,0,0,0,-15.46,-14.46,-0.38,0.2221,0.0501,0.6053,1,6.929,0,0.576,0,ground,run,1.000,-1,-0.011 0.586 -0.223 0.340 0.202 0.083 -0.053 -0.296 0.041 -0.788
23,0.3833,ground,run,289.000,5.370,0.950,0.000,9.800,0.000,9.800,9.800,0.000,0.00,0.00,0.00,0.00,0.000,0,,0,0.00,0.00,0.00,288.704,-1.123,3.350,87.39,-15.43,58.00,6.929,0.003,0.00,1.00,0,0,1,0,0,0,-15.43,-14.22,-0.40,0.2295,0.0493,0.6111,1,6.929,0,0.576,0,ground,run,1.000,-1,-0.009 0.585 -0.216 0.289 0.203 0.061 -0.054 -0.294 0.041 -0.789
24,0.4000,ground,run,289.000,5.533,0.950,0.000,9.800,0.000,9.800,9.800,0.000,0.00,0.00,0.00,0.00,0.000,0,,0,0.00,0.00,0.00,288.704,-0.960,3.350,87.39,-15.40,58.00,6.929,0.003,0.00,1.00,0,0,1,0,0,0,-15.40,-13.98,-0.42,0.2351,0.0486,0.6150,1,6.929,0,0.577,0,ground,run,1.000,-1,-0.007 0.585 -0.211 0.244 0.203 0.035 -0.056 -0.294 0.039 -0.782
25,0.4167,ground,run,289.000,5.697,0.950,0.000,9.800,0.000,9.800,9.800,0.000,0.00,0.00,0.00,0.00,0.000,0,,0,0.00,0.00,0.00,288.704,-0.797,3.350,87.39,-15.38,58.00,6.929,0.004,0.00,1.00,0,0,1,0,0,0,-15.38,-13.75,-0.43,0.2385,0.0478,0.6159,1,6.929,0,0.577,0,ground,run,1.000,-1,-0.005 0.585 -0.205 0.192 0.204 0.020 -0.050 -0.322 0.040 -0.777
26,0.4333,ground,run,289.000,5.860,0.950,0.000,9.800,0.000,9.800,9.800,0.000,0.00,0.00,0.00,0.00,0.000,0,,0,0.00,0.00,0.00,288.705,-0.633,3.350,87.40,-15.36,58.00,6.929,0.005,0.00,1.00,0,0,1,0,0,0,-15.36,-13.52,-0.45,0.2389,0.0473,0.6148,1,6.929,0,0.577,0,ground,run,1.000,-1,-0.001 0.585 -0.201 0.144 0.207 0.024 -0.045 -0.358 0.040 -0.758
27,0.4500,ground,run,289.000,6.023,0.950,0.000,9.800,0.000,9.800,9.800,0.000,0.00,0.00,0.00,0.00,0.000,0,,0,0.00,0.00,0.00,288.705,-0.470,3.350,87.40,-15.34,58.00,6.929,0.006,0.00,1.00,0,0,1,0,0,0,-15.34,-13.30,-0.47,0.2345,0.0473,0.6101,1,6.929,0,0.578,0,ground,run,1.000,-1,0.002 0.586 -0.198 0.101 0.211 0.049 -0.045 -0.413 0.041 -0.714
28,0.4667,ground,run,289.000,6.187,0.950,0.000,9.800,0.000,9.800,9.800,0.000,0.00,0.00,0.00,0.00,0.000,0,,0,0.00,0.00,0.00,288.705,-0.307,3.350,87.40,-15.32,58.00,6.929,0.006,0.00,1.00,0,0,1,0,0,0,-15.32,-13.08,-0.48,0.2276,0.0478,0.6046,1,6.929,0,0.578,0,ground,run,1.000,-1,0.006 0.586 -0.197 0.071 0.217 0.092 -0.047 -0.476 0.042 -0.660
29,0.4833,ground,run,289.000,6.350,0.950,0.000,9.800,0.000,9.800,9.800,0.000,0.00,0.00,0.00,0.00,0.000,0,,0,0.00,0.00,0.00,288.705,-0.143,3.350,87.40,-15.31,58.00,6.929,0.007,0.00,1.00,0,0,1,0,0,0,-15.31,-12.87,-0.50,0.2189,0.0488,0.5993,1,6.929,0,0.578,0,ground,run,1.000,-1,0.010 0.586 -0.199 0.056 0.225 0.148 -0.046 -0.533 0.044 -0.597
30,0.5000,ground,run,289.000,6.513,0.950,0.000,9.800,0.000,9.800,9.800,0.000,0.00,0.00,0.00,0.00,0.000,0,,0,0.00,0.00,0.00,288.705,0.020,3.350,87.40,-15.30,58.00,6.929,0.008,0.00,1.00,0,0,1,0,0,0,-15.30,-12.66,-0.52,0.2117,0.0503,0.5957,1,6.929,0,0.578,0,ground,run,1.000,-1,0.014 0.586 -0.202 0.057 0.234 0.208 -0.045 -0.584 0.046 -0.550
31,0.5167,ground,run,289.000,6.677,0.950,0.000,9.800,0.000,9.800,9.800,0.000,0.00,0.00,0.00,0.00,0.000,0,,0,0.00,0.00,0.00,288.705,0.183,3.350,87.40,-15.28,58.00,6.929,0.008,0.00,1.00,0,0,1,0,0,0,-15.28,-12.47,-0.53,0.2044,0.0519,0.5924,1,6.929,0,0.579,0,ground,run,1.000,-1,0.018 0.586 -0.206 0.072 0.243 0.265 -0.045 -0.633 0.049 -0.504
32,0.5333,ground,run,289.000,6.840,0.950,0.000,9.800,0.000,9.800,9.800,0.000,0.00,0.00,0.00,0.00,0.000,0,,0,0.00,0.00,0.00,288.705,0.347,3.350,87.40,-15.27,58.00,6.929,0.009,0.00,1.00,0,0,1,0,0,0,-15.27,-12.27,-0.55,0.1974,0.0535,0.5897,1,6.929,0,0.579,0,ground,run,1.000,-1,0.021 0.586 -0.211 0.095 0.251 0.314 -0.045 -0.680 0.052 -0.462
33,0.5500,ground,run,289.000,7.003,0.950,0.000,9.800,0.000,9.800,9.800,0.000,0.00,0.00,0.00,0.00,0.000,0,,0,0.00,0.00,0.00,288.705,0.510,3.350,87.40,-15.27,58.00,6.929,0.010,0.00,1.00,0,0,1,0,0,0,-15.27,-12.09,-0.57,0.1918,0.0548,0.5880,1,6.929,0,0.579,0,ground,run,1.000,-1,0.024 0.586 -0.215 0.119 0.257 0.348 -0.046 -0.716 0.054 -0.422
34,0.5667,ground,run,289.000,7.167,0.950,0.000,9.800,0.000,9.800,9.800,0.000,0.00,0.00,0.00,0.00,0.000,0,,0,0.00,0.00,0.00,288.705,0.673,3.350,87.40,-15.26,58.00,6.929,0.011,0.00,1.00,0,0,1,0,0,0,-15.26,-11.91,-0.58,0.1964,0.0559,0.5915,1,6.929,0,0.579,0,ground,run,1.000,-1,0.026 0.585 -0.219 0.142 0.263 0.373 -0.048 -0.742 0.057 -0.382
35,0.5833,ground,run,289.000,7.330,0.950,0.000,9.800,0.000,9.800,9.800,0.000,0.00,0.00,0.00,0.00,0.000,0,,0,0.00,0.00,0.00,288.705,0.837,3.350,87.40,-15.25,58.00,6.929,0.011,0.00,1.00,0,0,1,0,0,0,-15.25,-11.74,-0.60,0.2024,0.0565,0.5959,1,6.929,0,0.579,0,ground,run,1.000,-1,0.028 0.585 -0.222 0.150 0.265 0.379 -0.052 -0.769 0.056 -0.353
36,0.6000,ground,run,289.000,7.493,0.950,0.000,9.800,0.000,9.800,9.800,0.000,0.00,0.00,0.00,0.00,0.000,0,,0,0.00,0.00,0.00,288.705,1.000,3.350,87.40,-15.24,58.00,6.929,0.012,0.00,1.00,0,0,1,0,0,0,-15.24,-11.57,-0.62,0.2069,0.0569,0.5994,1,6.929,0,0.579,0,ground,run,1.000,-1,0.030 0.584 -0.224 0.153 0.266 0.379 -0.057 -0.778 0.054 -0.321
37,0.6167,ground,run,289.000,7.657,0.950,0.000,9.800,0.000,9.800,9.800,0.000,0.00,0.00,0.00,0.00,0.000,0,,0,0.00,0.00,0.00,288.705,1.163,3.350,87.40,-15.24,58.00,6.929,0.012,0.00,1.00,0,0,1,0,0,0,-15.24,-11.41,-0.63,0.2132,0.0565,0.6036,1,6.929,0,0.579,0,ground,run,1.000,-1,0.030 0.584 -0.223 0.136 0.264 0.362 -0.063 -0.789 0.050 -0.320
38,0.6333,ground,run,289.000,7.820,0.950,0.000,9.800,0.000,9.800,9.800,0.000,0.00,0.00,0.00,0.00,0.000,0,,0,0.00,0.00,0.00,288.705,1.327,3.350,87.40,-15.23,58.00,6.929,0.013,0.00,1.00,0,0,1,0,0,0,-15.23,-11.25,-0.65,0.2189,0.0559,0.6075,1,6.929,0,0.579,0,ground,run,1.000,-1,0.030 0.584 -0.222 0.113 0.261 0.338 -0.069 -0.788 0.052 -0.298
39,0.6500,ground,run,289.000,7.983,0.950,0.000,9.800,0.000,9.800,9.800,0.000,0.00,0.00,0.00,0.00,0.000,0,,0,0.00,0.00,0.00,288.705,1.490,3.350,87.40,-15.23,58.00,6.929,0.014,0.00,1.00,0,0,1,0,0,0,-15.23,-11.11,-0.67,0.2256,0.0548,0.6119,1,6.929,0,0.580,0,ground,run,1.000,-1,0.029 0.584 -0.219 0.082 0.255 0.303 -0.076 -0.786 0.063 -0.292
40,0.6667,ground,run,289.000,8.147,0.950,0.000,9.800,0.000,9.800,9.800,0.000,0.00,0.00,0.00,0.00,0.000,0,,0,0.00,0.00,0.00,288.705,1.653,3.350,87.40,-15.23,58.00,6.929,0.014,0.00,1.00,0,0,1,0,0,0,-15.23,-10.96,-0.68,0.2328,0.0533,0.6164,1,6.929,0,0.580,0,ground,run,1.000,-1,0.028 0.584 -0.214 0.052 0.248 0.259 -0.083 -0.787 0.073 -0.298
41,0.6833,ground,run,289.000,8.310,0.950,0.000,9.800,0.000,9.800,9.800,0.000,0.00,0.00,0.00,0.00,0.000,0,,0,0.00,0.00,0.00,288.705,1.817,3.350,87.40,-15.22,58.00,6.929,0.015,0.00,1.00,0,0,1,0,0,0,-15.22,-10.82,-0.70,0.2381,0.0516,0.6190,1,6.929,0,0.580,0,ground,run,1.000,-1,0.025 0.584 -0.208 0.031 0.239 0.211 -0.089 -0.781 0.078 -0.307
42,0.7000,ground,run,289.000,8.473,0.950,0.000,9.800,0.000,9.800,9.800,0.000,0.00,0.00,0.00,0.00,0.000,0,,0,0.00,0.00,0.00,288.705,1.980,3.350,87.40,-15.22,58.00,6.929,0.015,0.00,1.00,0,0,1,0,0,0,-15.22,-10.69,-0.72,0.2385,0.0498,0.6177,1,6.929,0,0.580,0,ground,run,1.000,-1,0.022 0.585 -0.202 0.025 0.229 0.160 -0.091 -0.763 0.076 -0.342
43,0.7167,ground,run,289.000,8.637,0.950,0.000,9.800,0.000,9.800,9.800,0.000,0.00,0.00,0.00,0.00,0.000,0,,0,0.00,0.00,0.00,288.705,2.143,3.350,87.40,-15.22,58.00,6.929,0.015,0.00,1.00,0,0,1,0,0,0,-15.22,-10.57,-0.73,0.2369,0.0482,0.6147,1,6.929,0,0.580,0,ground,run,1.000,-1,0.019 0.585 -0.198 0.039 0.219 0.115 -0.092 -0.736 0.078 -0.385
44,0.7333,ground,run,289.000,8.800,0.950,0.000,9.800,0.000,9.800,9.800,0.000,0.00,0.00,0.00,0.00,0.000,0,,0,0.00,0.00,0.00,288.705,2.307,3.350,87.40,-15.21,58.00,6.929,0.016,0.00,1.00,0,0,1,0,0,0,-15.21,-10.44,-0.75,0.2308,0.0471,0.6090,1,6.929,0,0.580,0,ground,run,1.000,-1,0.015 0.586 -0.195 0.074 0.211 0.078 -0.092 -0.684 0.079 -0.449
45,0.7500,ground,run,289.000,8.963,0.950,0.000,9.800,0.000,9.800,9.800,0.000,0.00,0.00,0.00,0.00,0.000,0,,0,0.00,0.00,0.00,288.705,2.470,3.350,87.40,-15.21,58.00,6.929,0.016,0.00,1.00,0,0,1,0,0,0,-15.21,-10.33,-0.77,0.2231,0.0465,0.6034,1,6.929,0,0.580,0,ground,run,1.000,-1,0.011 0.586 -0.195 0.124 0.204 0.056 -0.092 -0.627 0.079 -0.508
46,0.7667,ground,run,289.000,9.127,0.950,0.000,9.800,0.000,9.800,9.800,0.000,0.00,0.00,0.00,0.00,0.000,0,,0,0.00,0.00,0.00,288.705,2.633,3.350,87.40,-15.21,58.00,6.929,0.017,0.00,1.00,0,0,1,0,0,0,-15.21,-10.22,-0.78,0.2148,0.0465,0.5987,1,6.929,0,0.580,0,ground,run,1.000,-1,0.007 0.586 -0.198 0.184 0.199 0.050 -0.092 -0.570 0.078 -0.563
47,0.7833,ground,run,289.000,9.290,0.950,0.000,9.800,0.000,9.800,9.800,0.000,0.00,0.00,0.00,0.00,0.000,0,,0,0.00,0.00,0.00,288.705,2.797,3.350,87.40,-15.21,58.00,6.929,0.017,0.00,1.00,0,0,1,0,0,0,-15.21,-10.11,-0.80,0.2074,0.0471,0.5950,1,6.929,0,0.580,0,ground,run,1.000,-1,0.003 0.586 -0.203 0.243 0.197 0.058 -0.091 -0.523 0.075 -0.612
48,0.8000,ground,run,289.000,9.453,0.950,0.000,9.800,0.000,9.800,9.800,0.000,0.00,0.00,0.00,0.00,0.000,0,,0,0.00,0.00,0.00,288.705,2.960,3.350,87.40,-15.21,58.00,6.929,0.017,0.00,1.00,0,0,1,0,0,0,-15.21,-10.01,-0.82,0.2004,0.0479,0.5919,1,6.929,0,0.580,0,ground,run,1.000,-1,-0.001 0.586 -0.209 0.298 0.196 0.079 -0.090 -0.479 0.072 -0.658
49,0.8167,ground,run,289.000,9.617,0.950,0.000,9.800,0.000,9.800,9.800,0.000,0.00,0.00,0.00,0.00,0.000,0,,0,0.00,0.00,0.00,288.705,3.123,3.350,87.40,-15.21,58.00,6.929,0.018,0.00,1.00,0,0,1,0,0,0,-15.21,-9.91,-0.83,0.1935,0.0488,0.5893,1,6.929,0,0.580,0,ground,run,1.000,-1,-0.004 0.586 -0.215 0.338 0.196 0.103 -0.089 -0.440 0.068 -0.702
50,0.8333,ground,run,289.000,9.780,0.950,0.000,9.800,0.000,9.800,9.800,0.000,0.00,0.00,0.00,0.00,0.000,0,,0,0.00,0.00,0.00,288.705,3.287,3.350,87.40,-15.20,58.00,6.929,0.018,0.00,1.00,0,0,1,0,0,0,-15.20,-9.82,-0.85,0.1955,0.0497,0.5913,1,6.929,0,0.580,0,ground,run,1.000,-1,-0.007 0.586 -0.221 0.368 0.198 0.127 -0.086 -0.399 0.063 -0.738
51,0.8500,ground,run,289.000,9.943,0.950,0.000,9.800,0.000,9.800,9.800,0.000,0.00,0.00,0.00,0.00,0.000,0,,0,0.00,0.00,0.00,288.705,3.450,3.350,87.40,-15.20,58.00,6.929,0.018,0.00,1.00,0,0,1,0,0,0,-15.20,-9.73,-0.87,0.2001,0.0504,0.5949,1,6.929,0,0.580,0,ground,run,1.000,-1,-0.009 0.585 -0.224 0.383 0.199 0.143 -0.082 -0.365 0.058 -0.758
52,0.8667,ground,run,289.000,10.107,0.950,0.000,9.800,0.000,9.800,9.800,0.000,0.00,0.00,0.00,0.00,0.000,0,,0,0.00,0.00,0.00,288.705,3.613,3.350,87.40,-15.20,58.00,6.929,0.018,0.00,1.00,0,0,1,0,0,0,-15.20,-9.64,-0.88,0.2053,0.0508,0.5987,1,6.929,0,0.580,0,ground,run,1.000,-1,-0.010 0.585 -0.226 0.385 0.201 0.147 -0.074 -0.336 0.052 -0.777
53,0.8833,ground,run,289.000,10.270,0.950,0.000,9.800,0.000,9.800,9.800,0.000,0.00,0.00,0.00,0.00,0.000,0,,0,0.00,0.00,0.00,288.705,3.777,3.350,87.40,-15.20,58.00,6.929,0.019,0.00,1.00,0,0,1,0,0,0,-15.20,-9.56,-0.90,0.2106,0.0509,0.6024,1,6.929,0,0.580,0,ground,run,1.000,-1,-0.011 0.585 -0.226 0.378 0.202 0.141 -0.065 -0.316 0.047 -0.789
54,0.9000,ground,run,289.000,10.433,0.950,0.000,9.800,0.000,9.800,9.800,0.000,0.00,0.00,0.00,0.00,0.000,0,,0,0.00,0.00,0.00,288.705,3.940,3.350,87.40,-15.20,58.00,6.929,0.019,0.00,1.00,0,0,1,0,0,0,-15.20,-9.48,-0.92,0.2168,0.0506,0.6065,1,6.929,0,0.580,0,ground,run,1.000,-1,-0.011 0.584 -0.224 0.356 0.203 0.119 -0.052 -0.312 0.044 -0.792
55,0.9167,ground,run,289.000,10.597,0.950,0.000,9.800,0.000,9.800,9.800,0.000,0.00,0.00,0.00,0.00,0.000,0,,0,0.00,0.00,0.00,288.705,4.103,3.350,87.40,-15.20,58.00,6.929,0.019,0.00,1.00,0,0,1,0,0,0,-15.20,-9.41,-0.93,0.2225,0.0502,0.6102,1,6.929,0,0.580,0,ground,run,1.000,-1,-0.011 0.584 -0.222 0.329 0.203 0.094 -0.050 -0.283 0.040 -0.786
56,0.9333,ground,run,289.000,10.760,0.950,0.000,9.800,0.000,9.800,9.800,0.000,0.00,0.00,0.00,0.00,0.000,0,,0,0.00,0.00,0.00,288.705,4.267,3.350,87.40,-15.20,58.00,6.929,0.019,0.00,1.00,0,0,1,0,0,0,-15.20,-9.34,-0.95,0.2300,0.0493,0.6150,1,6.929,0,0.580,0,ground,run,1.000,-1,-0.009 0.584 -0.216 0.286 0.203 0.060 -0.054 -0.295 0.041 -0.788
57,0.9500,ground,run,289.000,10.923,0.950,0.000,9.800,0.000,9.800,9.800,0.000,0.00,0.00,0.00,0.00,0.000,0,,0,0.00,0.00,0.00,288.705,4.430,3.350,87.40,-15.20,58.00,6.929,0.019,0.00,1.00,0,0,1,0,0,0,-15.20,-9.27,-0.97,0.2355,0.0485,0.6183,1,6.929,0,0.580,0,ground,run,1.000,-1,-0.007 0.584 -0.211 0.241 0.203 0.035 -0.056 -0.296 0.039 -0.781
58,0.9667,ground,run,289.000,11.087,0.950,0.000,9.800,0.000,9.800,9.800,0.000,0.00,0.00,0.00,0.00,0.000,0,,0,0.00,0.00,0.00,288.705,4.593,3.350,87.40,-15.20,58.00,6.929,0.020,0.00,1.00,0,0,1,0,0,0,-15.20,-9.21,-0.98,0.2388,0.0477,0.6189,1,6.929,0,0.580,0,ground,run,1.000,-1,-0.004 0.585 -0.205 0.189 0.204 0.020 -0.050 -0.324 0.040 -0.776
59,0.9833,ground,run,289.000,11.250,0.950,0.000,9.800,0.000,9.800,9.800,0.000,0.00,0.00,0.00,0.00,0.000,0,,0,0.00,0.00,0.00,288.705,4.757,3.350,87.40,-15.20,58.00,6.929,0.020,0.00,1.00,0,0,1,0,0,0,-15.20,-9.15,-1.00,0.2390,0.0473,0.6173,1,6.929,0,0.580,0,ground,run,1.000,-1,-0.001 0.585 -0.201 0.141 0.207 0.025 -0.045 -0.361 0.040 -0.755
60,1.0000,ground,run,289.000,11.413,0.950,0.000,9.800,0.000,9.800,9.800,0.000,0.00,0.00,0.00,0.00,0.000,0,,0,0.00,0.00,0.00,288.705,4.920,3.350,87.40,-15.20,58.00,6.929,0.020,0.00,1.00,0,0,1,0,0,0,-15.20,-9.09,-1.02,0.2344,0.0473,0.6122,1,6.929,0,0.580,0,ground,run,1.000,-1,0.002 0.586 -0.198 0.099 0.211 0.050 -0.045 -0.417 0.041 -0.711
61,1.0167,ground,run,289.000,11.577,0.950,0.000,9.800,0.000,9.800,9.800,0.000,0.00,0.00,0.00,0.00,0.000,0,,0,0.00,0.00,0.00,288.705,5.083,3.350,87.40,-15.20,58.00,6.929,0.020,0.00,1.00,0,0,1,0,0,0,-15.20,-9.04,-1.03,0.2274,0.0479,0.6064,1,6.929,0,0.580,0,ground,run,1.000,-1,0.006 0.586 -0.197 0.069 0.218 0.094 -0.047 -0.480 0.042 -0.656
62,1.0333,ground,run,289.000,11.740,0.950,0.000,9.800,0.000,9.800,9.800,0.000,0.00,0.00,0.00,0.00,0.000,0,,0,0.00,0.00,0.00,288.705,5.247,3.350,87.40,-15.20,58.00,6.929,0.020,0.00,1.00,0,0,1,0,0,0,-15.20,-8.98,-1.05,0.2187,0.0489,0.6009,1,6.929,0,0.580,0,ground,run,1.000,-1,0.010 0.586 -0.199 0.056 0.226 0.150 -0.046 -0.536 0.044 -0.595
63,1.0500,ground,run,289.000,11.903,0.950,0.000,9.800,0.000,9.800,9.800,0.000,0.00,0.00,0.00,0.00,0.000,0,,0,0.00,0.00,0.00,288.705,5.410,3.350,87.40,-15.20,58.00,6.929,0.020,0.00,1.00,0,0,1,0,0,0,-15.20,-8.93,-1.07,0.2115,0.0504,0.5971,1,6.929,0,0.580,0,ground,run,1.000,-1,0.014 0.586 -0.202 0.058 0.235 0.210 -0.045 -0.587 0.046 -0.547
64,1.0667,ground,run,289.000,12.067,0.950,0.000,9.800,0.000,9.800,9.800,0.000,0.00,0.00,0.00,0.00,0.000,0,,0,0.00,0.00,0.00,288.705,5.573,3.350,87.40,-15.20,58.00,6.929,0.020,0.00,1.00,0,0,1,0,0,0,-15.20,-8.89,-1.08,0.2042,0.0519,0.5937,1,6.929,0,0.580,0,ground,run,1.000,-1,0.018 0.586 -0.206 0.073 0.243 0.267 -0.045 -0.635 0.049 -0.502
65,1.0833,ground,run,289.000,12.230,0.950,0.000,9.800,0.000,9.800,9.800,0.000,0.00,0.00,0.00,0.00,0.000,0,,0,0.00,0.00,0.00,288.705,5.737,3.350,87.40,-15.20,58.00,6.929,0.021,0.00,1.00,0,0,1,0,0,0,-15.20,-8.84,-1.10,0.1972,0.0535,0.5908,1,6.929,0,0.580,0,ground,run,1.000,-1,0.021 0.586 -0.211 0.097 0.252 0.315 -0.046 -0.682 0.052 -0.460
66,1.1000,ground,run,289.000,12.393,0.950,0.000,9.800,0.000,9.800,9.800,0.000,0.00,0.00,0.00,0.00,0.000,0,,0,0.00,0.00,0.00,288.705,5.900,3.350,87.40,-15.20,58.00,6.929,0.021,0.00,1.00,0,0,1,0,0,0,-15.20,-8.80,-1.12,0.1921,0.0548,0.5892,1,6.929,0,0.580,0,ground,run,1.000,-1,0.024 0.586 -0.216 0.120 0.258 0.348 -0.046 -0.718 0.054 -0.421
67,1.1167,ground,run,289.000,12.557,0.950,0.000,9.800,0.000,9.800,9.800,0.000,0.00,0.00,0.00,0.00,0.000,0,,0,0.00,0.00,0.00,288.705,6.063,3.350,87.40,-15.20,58.00,6.929,0.021,0.00,1.00,0,0,1,0,0,0,-15.20,-8.76,-1.13,0.1966,0.0560,0.5926,1,6.929,0,0.580,0,ground,run,1.000,-1,0.027 0.585 -0.220 0.143 0.263 0.373 -0.048 -0.744 0.057 -0.380
68,1.1333,ground,run,289.000,12.720,0.950,0.000,9.800,0.000,9.800,9.800,0.000,0.00,0.00,0.00,0.00,0.000,0,,0,0.00,0.00,0.00,288.705,6.227,3.350,87.40,-15.20,58.00,6.929,0.021,0.00,1.00,0,0,1,0,0,0,-15.20,-8.72,-1.15,0.2026,0.0565,0.5969,1,6.929,0,0.580,0,ground,run,1.000,-1,0.028 0.585 -0.222 0.150 0.265 0.379 -0.052 -0.770 0.056 -0.352
69,1.1500,ground,run,289.000,12.883,0.950,0.000,9.800,0.000,9.800,9.800,0.000,0.00,0.00,0.00,0.00,0.000,0,,0,0.00,0.00,0.00,288.705,6.390,3.350,87.40,-15.20,58.00,6.929,0.021,0.00,1.00,0,0,1,0,0,0,-15.20,-8.68,-1.17,0.2071,0.0569,0.6003,1,6.929,0,0.580,0,ground,run,1.000,-1,0.030 0.584 -0.224 0.153 0.266 0.379 -0.057 -0.779 0.054 -0.320
70,1.1667,ground,run,289.000,13.047,0.950,0.000,9.800,0.000,9.800,9.800,0.000,0.00,0.00,0.00,0.00,0.000,0,,0,0.00,0.00,0.00,288.705,6.553,3.350,87.40,-15.20,58.00,6.929,0.021,0.00,1.00,0,0,1,0,0,0,-15.20,-8.65,-1.18,0.2134,0.0565,0.6044,1,6.929,0,0.580,0,ground,run,1.000,-1,0.030 0.584 -0.223 0.135 0.264 0.361 -0.064 -0.789 0.050 -0.319
71,1.1833,ground,run,289.000,13.210,0.950,0.000,9.800,0.000,9.800,9.800,0.000,0.00,0.00,0.00,0.00,0.000,0,,0,0.00,0.00,0.00,288.705,6.717,3.350,87.40,-15.20,58.00,6.929,0.021,0.00,1.00,0,0,1,0,0,0,-15.20,-8.61,-1.20,0.2192,0.0559,0.6083,1,6.929,0,0.580,0,ground,run,1.000,-1,0.030 0.584 -0.222 0.112 0.261 0.337 -0.069 -0.788 0.052 -0.297
72,1.2000,ground,run,289.000,13.373,0.950,0.000,9.800,0.000,9.800,9.800,0.000,0.00,0.00,0.00,0.00,0.000,0,,0,0.00,0.00,0.00,288.705,6.880,3.350,87.40,-15.20,58.00,6.929,0.021,0.00,1.00,0,0,1,0,0,0,-15.20,-8.58,-1.22,0.2259,0.0547,0.6126,1,6.929,0,0.580,0,ground,run,1.000,-1,0.029 0.584 -0.219 0.081 0.255 0.301 -0.076 -0.786 0.063 -0.292
73,1.2167,ground,run,289.000,13.537,0.950,0.000,9.800,0.000,9.800,9.800,0.000,0.00,0.00,0.00,0.00,0.000,0,,0,0.00,0.00,0.00,288.705,7.043,3.350,87.40,-15.20,58.00,6.929,0.021,0.00,1.00,0,0,1,0,0,0,-15.20,-8.55,-1.23,0.2331,0.0532,0.6170,1,6.929,0,0.580,0,ground,run,1.000,-1,0.028 0.584 -0.214 0.051 0.247 0.257 -0.084 -0.787 0.074 -0.298
74,1.2333,ground,run,289.000,13.700,0.950,0.000,9.800,0.000,9.800,9.800,0.000,0.00,0.00,0.00,0.00,0.000,0,,0,0.00,0.00,0.00,288.705,7.207,3.350,87.40,-15.20,58.00,6.929,0.021,0.00,1.00,0,0,1,0,0,0,-15.20,-8.52,-1.25,0.2382,0.0515,0.6194,1,6.929,0,0.580,0,ground,run,1.000,-1,0.025 0.584 -0.208 0.030 0.239 0.209 -0.089 -0.781 0.078 -0.307
75,1.2500,ground,run,289.000,13.863,0.950,0.000,9.800,0.000,9.800,9.800,0.000,0.00,0.00,0.00,0.00,0.000,0,,0,0.00,0.00,0.00,288.705,7.370,3.350,87.40,-15.20,58.00,6.929,0.021,0.00,1.00,0,0,1,0,0,0,-15.20,-8.50,-1.27,0.2385,0.0497,0.6179,1,6.929,0,0.580,0,ground,run,1.000,-1,0.022 0.585 -0.202 0.025 0.229 0.158 -0.091 -0.762 0.076 -0.344
76,1.2667,ground,run,289.000,14.027,0.950,0.000,9.800,0.000,9.800,9.800,0.000,0.00,0.00,0.00,0.00,0.000,0,,0,0.00,0.00,0.00,288.705,7.533,3.350,87.40,-15.20,58.00,6.929,0.021,0.00,1.00,0,0,1,0,0,0,-15.20,-8.47,-1.28,0.2367,0.0481,0.6148,1,6.929,0,0.580,0,ground,run,1.000,-1,0.019 0.585 -0.197 0.040 0.219 0.113 -0.092 -0.734 0.077 -0.388
77,1.2833,ground,run,289.000,14.190,0.950,0.000,9.800,0.000,9.800,9.800,0.000,0.00,0.00,0.00,0.00,0.000,0,,0,0.00,0.00,0.00,288.705,7.697,3.350,87.40,-15.20,58.00,6.929,0.021,0.00,1.00,0,0,1,0,0,0,-15.20,-8.45,-1.30,0.2305,0.0470,0.6090,1,6.929,0,0.580,0,ground,run,1.000,-1,0.015 0.586 -0.195 0.076 0.210 0.077 -0.092 -0.681 0.079 -0.452
78,1.3000,ground,run,289.000,14.353,0.950,0.000,9.800,0.000,9.800,9.800,0.000,0.00,0.00,0.00,0.00,0.000,0,,0,0.00,0.00,0.00,288.705,7.860,3.350,87.40,-15.20,58.00,6.929,0.021,0.00,1.00,0,0,1,0,0,0,-15.20,-8.42,-1.32,0.2228,0.0465,0.6034,1,6.929,0,0.580,0,ground,run,1.000,-1,0.011 0.586 -0.195 0.126 0.204 0.055 -0.092 -0.625 0.079 -0.510
79,1.3167,ground,run,289.000,14.517,0.950,0.000,9.800,0.000,9.800,9.800,0.000,0.00,0.00,0.00,0.00,0.000,0,,0,0.00,0.00,0.00,288.705,8.023,3.350,87.40,-15.20,58.00,6.929,0.021,0.00,1.00,0,0,1,0,0,0,-15.20,-8.40,-1.33,0.2145,0.0465,0.5987,1,6.929,0,0.580,0,ground,run,1.000,-1,0.007 0.586 -0.198 0.187 0.199 0.050 -0.092 -0.568 0.078 -0.565
80,1.3333,wall,wallRun,289.000,14.620,0.950,0.000,0.000,0.000,0.000,0.000,0.000,0.00,0.00,0.00,0.00,0.000,0,,0,0.00,0.00,0.00,288.704,8.158,3.350,87.37,-15.34,58.00,6.899,0.021,0.00,1.00,0,0,1,0,0,0,-15.34,-8.35,-1.35,0.2063,0.0472,0.5598,1,6.899,0,0.579,0,ground,run,1.000,-1,0.002 0.588 -0.203 0.259 0.196 0.055 -0.091 -0.535 0.077 -0.593
81,1.3500,wall,wallRun,289.000,14.620,1.183,0.000,0.000,14.000,14.000,0.000,0.233,0.00,0.00,0.00,0.00,0.000,0,,0,0.00,0.00,0.00,288.703,8.276,3.384,87.32,-14.23,58.00,6.721,0.021,0.00,1.00,0,0,1,0,0,0,-14.23,-8.26,-1.37,0.2015,0.0493,0.5287,1,6.721,0,0.577,0,wallRun,run,1.000,-1,-0.002 0.587 -0.209 0.307 0.195 0.077 -0.090 -0.484 0.074 -0.650
82,1.3667,wall,wallRun,289.000,14.620,1.417,0.000,0.000,14.000,14.000,0.000,0.467,0.00,0.00,0.00,0.00,0.000,0,,0,0.00,0.00,0.00,288.702,8.371,3.474,87.27,-13.52,58.00,6.585,0.021,0.00,1.00,0,0,1,0,0,0,-13.52,-8.12,-1.38,0.2006,0.0509,0.5050,1,6.585,0,0.574,0,wallRun,run,1.000,-1,-0.004 0.587 -0.213 0.336 0.196 0.097 -0.092 -0.446 0.063 -0.691
83,1.3833,wall,wallRun,289.000,14.620,1.650,0.000,0.000,14.000,14.000,0.000,0.700,0.00,0.00,0.00,0.00,0.000,0,,0,0.00,0.00,0.00,288.702,8.444,3.613,87.23,-13.16,58.00,6.487,0.022,0.00,1.00,0,0,1,0,0,0,-13.16,-7.95,-1.40,0.2064,0.0519,0.4888,1,6.487,0,0.570,0,wallRun,run,1.000,-1,-0.004 0.587 -0.215 0.355 0.196 0.113 -0.105 -0.406 0.053 -0.705
84,1.4000,wall,wallRun,289.000,14.620,1.883,0.000,0.000,14.000,14.000,0.000,0.933,0.00,0.00,0.00,0.00,0.000,0,,0,0.00,0.00,0.00,288.701,8.497,3.787,87.21,-13.07,58.00,6.419,0.024,0.00,1.00,0,0,1,0,0,0,-13.07,-7.75,-1.42,0.2134,0.0548,0.4832,1,6.419,0,0.566,0,wallRun,run,1.000,-1,-0.013 0.568 -0.218 0.445 0.195 0.025 -0.114 -0.435 0.062 -0.684
85,1.4167,wall,wallRun,289.000,14.620,2.117,0.000,0.000,14.000,14.000,0.000,1.167,0.00,0.00,0.00,0.00,0.000,0,,0,0.00,0.00,0.00,288.701,8.535,3.984,87.18,-13.14,58.01,6.372,0.025,0.00,1.00,0,0,1,0,0,0,-13.14,-7.52,-1.43,0.2176,0.0579,0.4837,1,6.372,0,0.562,0,wallRun,run,1.000,-1,-0.021 0.504 -0.223 0.470 0.200 -0.051 -0.025 -0.402 0.046 -0.649
86,1.4333,wall,wallRun,289.000,14.620,2.350,0.000,0.000,14.000,14.000,0.000,1.400,0.00,0.00,0.00,0.00,0.000,0,,0,0.00,0.00,0.00,288.701,8.562,4.196,87.17,-13.31,58.01,6.340,0.027,0.00,1.00,0,0,1,0,0,0,-13.31,-7.27,-1.45,0.2272,0.0610,0.4949,1,6.340,0,0.557,0,wallRun,run,1.000,-1,-0.026 0.419 -0.227 0.450 0.210 -0.103 -0.003 -0.300 0.024 -0.663
87,1.4500,wall,wallRun,289.000,14.620,2.583,0.000,0.000,14.000,14.000,0.000,1.633,0.00,0.00,0.00,0.00,0.000,0,,0,0.00,0.00,0.00,288.700,8.581,4.417,87.16,-13.53,58.01,6.319,0.029,0.00,1.00,0,0,1,0,0,0,-13.53,-7.00,-1.47,0.2365,0.0694,0.5116,1,6.319,0,0.553,0,wallRun,run,1.000,-1,-0.032 0.330 -0.233 0.415 0.221 -0.134 -0.029 -0.122 0.005 -0.684
88,1.4667,wall,wallRun,289.000,14.620,2.817,0.000,0.000,14.000,14.000,0.000,1.867,0.00,0.00,0.00,0.00,0.000,0,,0,0.00,0.00,0.00,288.700,8.594,4.644,87.15,-13.77,58.01,6.304,0.031,0.00,1.00,0,0,1,0,0,0,-13.77,-6.72,-1.48,0.2441,0.0802,0.5297,1,6.304,0,0.548,0,wallRun,run,1.000,-1,-0.036 0.244 -0.238 0.371 0.234 -0.150 -0.066 -0.011 0.013 -0.688
89,1.4833,wall,wallRun,289.000,14.620,3.050,0.000,0.000,14.000,14.000,0.000,2.100,0.00,0.00,0.00,0.00,0.000,0,,0,0.00,0.00,0.00,288.700,8.602,4.873,87.15,-14.02,58.02,6.295,0.033,0.00,1.00,0,0,1,0,0,0,-14.02,-6.43,-1.50,0.2396,0.0872,0.5429,1,6.295,0,0.544,0,wallRun,wallRun,1.000,-1,-0.041 0.165 -0.242 0.316 0.250 -0.165 -0.083 0.049 0.093 -0.630
90,1.5000,wall,wallRun,289.000,14.620,3.283,0.000,0.000,14.000,14.000,0.000,2.333,0.00,0.00,0.00,0.00,0.000,0,,0,0.00,0.00,0.00,288.700,8.608,5.104,87.14,-14.27,58.02,6.289,0.035,0.00,1.00,0,0,1,0,0,0,-14.27,-6.12,-1.52,0.2047,0.0738,0.5393,1,6.289,0,0.540,0,wallRun,wallRun,1.000,-1,-0.045 0.095 -0.240 0.261 0.265 -0.171 -0.026 0.117 0.093 -0.404
91,1.5167,wall,wallRun,289.000,14.620,3.517,0.000,0.000,14.000,14.000,0.000,2.567,0.00,0.00,0.00,0.00,0.000,0,,0,0.00,0.00,0.00,288.700,8.612,5.336,87.14,-14.50,58.02,6.284,0.038,0.00,1.00,0,0,1,0,0,0,-14.50,-5.81,-1.53,0.1416,0.0726,0.5194,1,6.284,0,0.537,0,wallRun,wallRun,1.000,-1,-0.048 0.033 -0.238 0.209 0.281 -0.175 -0.027 0.192 0.090 0.240
92,1.5333,wall,wallRun,289.000,14.620,3.750,0.000,0.000,14.000,14.000,0.000,2.800,0.00,0.00,0.00,0.00,0.000,0,,0,0.00,0.00,0.00,288.700,8.615,5.569,87.14,-14.72,58.03,6.282,0.040,0.00,1.00,0,0,1,0,0,0,-14.72,-5.50,-1.55,0.1425,0.0737,0.5250,1,6.282,0,0.533,0,wallRun,wallRun,1.000,-1,-0.049 -0.019 -0.236 0.159 0.294 -0.167 -0.044 0.223 0.220 0.101
93,1.5500,wall,wallRun,289.000,14.620,3.983,0.000,0.000,14.000,14.000,0.000,3.033,0.00,0.00,0.00,0.00,0.000,0,,0,0.00,0.00,0.00,288.700,8.617,5.802,87.14,-14.92,58.03,6.280,0.042,0.00,1.00,0,0,1,0,0,0,-14.92,-5.18,-1.57,0.1385,0.0742,0.5310,1,6.280,0,0.530,0,wallRun,wallRun,1.000,-1,-0.049 -0.064 -0.235 0.118 0.303 -0.147 -0.078 0.191 -0.091 0.031
94,1.5667,wall,wallRun,289.000,14.620,4.217,0.000,0.000,14.000,14.000,0.000,3.267,0.00,0.00,0.00,0.00,0.000,0,,0,0.00,0.00,0.00,288.700,8.618,6.035,87.14,-15.11,58.03,6.279,0.045,0.00,1.00,0,0,1,0,0,0,-15.11,-4.86,-1.58,0.1337,0.0737,0.5393,1,6.279,0,0.527,0,wallRun,wallRun,1.000,-1,-0.047 -0.103 -0.236 0.094 0.303 -0.110 -0.090 0.157 -0.013 0.109
95,1.5833,wall,wallRun,289.000,14.620,4.450,0.000,0.000,14.000,14.000,0.000,3.500,0.00,0.00,0.00,0.00,0.000,0,,0,0.00,0.00,0.00,288.700,8.619,6.268,87.14,-15.29,58.04,6.278,0.047,0.00,1.00,0,0,1,0,0,0,-15.29,-4.54,-1.60,0.1416,0.0723,0.5412,1,6.278,0,0.524,0,wallRun,wallRun,1.000,-1,-0.044 -0.136 -0.239 0.072 0.296 -0.059 -0.093 0.134 0.048 0.182
96,1.6000,wall,wallRun,289.000,14.620,4.683,0.000,0.000,14.000,14.000,0.000,3.733,0.00,0.00,0.00,0.00,0.000,0,,0,0.00,0.00,0.00,288.700,8.619,6.501,87.14,-15.45,58.04,6.277,0.049,0.00,1.00,0,0,1,0,0,0,-15.45,-4.23,-1.62,0.1444,0.0714,0.5429,1,6.277,0,0.522,0,wallRun,wallRun,1.000,-1,-0.039 -0.164 -0.250 0.013 0.281 -0.000 -0.091 0.111 0.070 0.188
97,1.6167,wall,wallRun,289.000,14.620,4.917,0.000,0.000,14.000,14.000,0.000,3.967,0.00,0.00,0.00,0.00,0.000,0,,0,0.00,0.00,0.00,288.700,8.619,6.735,87.14,-15.59,58.05,6.277,0.051,0.00,1.00,0,0,1,0,0,0,-15.59,-3.92,-1.63,0.1441,0.0723,0.5440,1,6.277,0,0.520,0,wallRun,wallRun,1.000,-1,-0.034 -0.187 -0.268 -0.061 0.263 0.055 -0.088 0.096 0.079 0.182
98,1.6333,wall,wallRun,289.000,14.620,5.150,0.000,0.000,14.000,14.000,0.000,4.200,0.00,0.00,0.00,0.00,0.000,0,,0,0.00,0.00,0.00,288.700,8.620,6.968,87.14,-15.72,58.05,6.277,0.053,0.00,1.00,0,0,1,0,0,0,-15.72,-3.61,-1.65,0.1420,0.0735,0.5447,1,6.277,0,0.518,0,wallRun,wallRun,1.000,-1,-0.028 -0.204 -0.292 -0.134 0.246 0.078 -0.083 0.098 0.082 0.169
99,1.6500,wall,wallRun,289.000,14.620,5.383,0.000,0.000,14.000,14.000,0.000,4.433,0.00,0.00,0.00,0.00,0.000,0,,0,0.00,0.00,0.00,288.700,8.620,7.201,87.14,-15.84,58.05,6.277,0.055,0.00,1.00,0,0,1,0,0,0,-15.84,-3.30,-1.67,0.1429,0.0753,0.5476,1,6.277,0,0.516,0,wallRun,wallRun,1.000,-1,-0.023 -0.213 -0.319 -0.194 0.236 0.066 -0.077 0.140 0.082 0.150
100,1.6667,wall,wallRun,289.000,14.620,5.617,0.000,0.000,14.000,14.000,0.000,4.667,0.00,0.00,0.00,0.00,0.000,0,,0,0.00,0.00,0.00,288.700,8.620,7.435,87.14,-15.95,58.06,6.277,0.057,0.00,1.00,0,0,1,0,0,0,-15.95,-3.00,-1.68,0.1388,0.0767,0.5496,1,6.277,0,0.514,0,wallRun,wallRun,1.000,-1,-0.018 -0.217 -0.343 -0.233 0.229 0.050 -0.057 0.194 0.073 0.117
101,1.6833,wall,wallRun,289.000,14.620,5.850,0.000,0.000,14.000,14.000,0.000,4.900,0.00,0.00,0.00,0.00,0.000,0,,0,0.00,0.00,0.00,288.700,8.620,7.668,87.14,-16.05,58.06,6.277,0.059,0.00,1.00,0,0,1,0,0,0,-16.05,-2.71,-1.70,0.1375,0.0808,0.5480,1,6.277,0,0.512,0,wallRun,wallRun,1.000,-1,-0.015 -0.220 -0.358 -0.248 0.226 0.034 0.068 0.201 0.049 0.073
102,1.7000,wall,wallRun,289.000,14.620,6.083,0.000,0.000,14.000,14.000,0.000,5.133,0.00,0.00,0.00,0.00,0.000,0,,0,0.00,0.00,0.00,288.700,8.620,7.901,87.14,-16.13,58.06,6.277,0.060,0.00,1.00,0,0,1,0,0,0,-16.13,-2.42,-1.72,0.1501,0.0786,0.5385,1,6.277,0,0.511,0,wallRun,wallRun,1.000,-1,-0.012 -0.221 -0.363 -0.238 0.224 0.023 -0.031 0.271 0.076 0.053
103,1.7167,wall,wallRun,289.000,14.620,6.317,0.000,0.000,14.000,14.000,0.000,5.367,0.00,0.00,0.00,0.00,0.000,0,,0,0.00,0.00,0.00,288.700,8.620,8.135,87.14,-16.21,58.07,6.277,0.062,0.00,1.00,0,0,1,0,0,0,-16.21,-2.14,-1.73,0.1628,0.0775,0.5382,1,6.277,0,0.510,0,wallRun,wallRun,1.000,-1,-0.012 -0.222 -0.356 -0.204 0.224 0.023 -0.029 0.290 0.068 0.015
104,1.7333,wall,wallRun,289.000,14.620,6.550,0.000,0.000,14.000,14.000,0.000,5.600,0.00,0.00,0.00,0.00,0.000,0,,0,0.00,0.00,0.00,288.700,8.620,8.368,87.14,-16.28,58.07,6.277,0.064,0.00,1.00,0,0,1,0,0,0,-16.28,-1.87,-1.75,0.1682,0.0751,0.5350,1,6.277,0,0.509,0,wallRun,wallRun,1.000,-1,-0.014 -0.224 -0.339 -0.147 0.226 0.034 -0.027 0.306 0.062 0.004
105,1.7500,wall,wallRun,289.000,14.620,6.783,0.000,0.000,14.000,14.000,0.000,5.833,0.00,0.00,0.00,0.00,0.000,0,,0,0.00,0.00,0.00,288.700,8.620,8.601,87.14,-16.34,58.07,6.277,0.065,0.00,1.00,0,0,1,0,0,0,-16.34,-1.60,-1.77,0.1664,0.0730,0.5351,1,6.277,0,0.508,0,wallRun,wallRun,1.000,-1,-0.017 -0.227 -0.316 -0.075 0.233 0.032 -0.028 0.292 0.056 0.009
106,1.7667,wall,wallRun,289.000,14.620,7.017,0.000,0.000,14.000,14.000,0.000,6.067,0.00,0.00,0.00,0.00,0.000,0,,0,0.00,0.00,0.00,288.700,8.620,8.835,87.14,-16.40,58.08,6.277,0.067,0.00,1.00,0,0,1,0,0,0,-16.40,-1.34,-1.78,0.1605,0.0715,0.5360,1,6.277,0,0.507,0,wallRun,wallRun,1.000,-1,-0.022 -0.231 -0.292 -0.000 0.247 -0.026 -0.037 0.261 0.051 0.022
107,1.7833,wall,wallRun,289.000,14.620,7.250,0.000,0.000,14.000,14.000,0.000,6.300,0.00,0.00,0.00,0.00,0.000,0,,0,0.00,0.00,0.00,288.700,8.620,9.068,87.14,-16.45,58.08,6.277,0.068,0.00,1.00,0,0,1,0,0,0,-16.45,-1.09,-1.80,0.1525,0.0718,0.5374,1,6.277,0,0.506,0,wallRun,wallRun,1.000,-1,-0.027 -0.234 -0.272 0.059 0.266 -0.095 -0.048 0.218 0.047 0.045
108,1.8000,wall,wallRun,289.000,14.620,7.483,0.000,0.000,14.000,14.000,0.000,6.533,0.00,0.00,0.00,0.00,0.000,0,,0,0.00,0.00,0.00,288.700,8.620,9.301,87.14,-16.50,58.08,6.277,0.069,0.00,1.00,0,0,1,0,0,0,-16.50,-0.85,-1.82,0.1470,0.0733,0.5396,1,6.277,0,0.505,0,wallRun,wallRun,1.000,-1,-0.033 -0.237 -0.257 0.070 0.291 -0.163 -0.057 0.180 0.047 0.078
109,1.8167,wall,wallRun,289.000,14.620,7.717,0.000,0.000,14.000,14.000,0.000,6.767,0.00,0.00,0.00,0.00,0.000,0,,0,0.00,0.00,0.00,288.700,8.620,9.535,87.14,-16.54,58.08,6.277,0.070,0.00,1.00,0,0,1,0,0,0,-16.54,-0.61,-1.83,0.1457,0.0767,0.5428,1,6.277,0,0.505,0,wallRun,wallRun,1.000,-1,-0.038 -0.238 -0.254 0.058 0.315 -0.218 -0.061 0.150 0.045 0.154
110,1.8333,wall,wallRun,289.000,14.620,7.950,0.000,0.000,14.000,14.000,0.000,7.000,0.00,0.00,0.00,0.00,0.000,0,,0,0.00,0.00,0.00,288.700,8.620,9.768,87.14,-16.57,58.09,6.277,0.071,0.00,1.00,0,0,1,0,0,0,-16.57,-0.38,-1.85,0.1417,0.0795,0.5444,1,6.277,0,0.504,0,wallRun,wallRun,1.000,-1,-0.042 -0.237 -0.251 0.043 0.336 -0.252 -0.047 0.107 -0.008 0.194
111,1.8500,wall,wallRun,289.000,14.620,8.183,0.000,0.000,14.000,14.000,0.000,7.233,0.00,0.00,0.00,0.00,0.000,0,,0,0.00,0.00,0.00,288.700,8.620,10.001,87.14,-16.60,58.09,6.277,0.072,0.00,1.00,0,0,1,0,0,0,-16.60,-0.16,-1.87,0.1485,0.0811,0.5386,1,6.277,0,0.504,0,wallRun,wallRun,1.000,-1,-0.045 -0.235 -0.249 0.029 0.348 -0.261 -0.071 0.074 0.037 0.247
112,1.8667,wall,wallRun,289.000,14.620,8.417,0.000,0.000,14.000,14.000,0.000,7.467,0.00,0.00,0.00,0.00,0.000,0,,0,0.00,0.00,0.00,288.700,8.620,10.235,87.14,-16.63,58.09,6.277,0.073,0.00,1.00,0,0,1,0,0,0,-16.63,0.05,-1.88,0.1526,0.0811,0.5334,1,6.277,0,0.503,0,wallRun,wallRun,1.000,-1,-0.047 -0.234 -0.247 0.021 0.351 -0.244 -0.080 0.031 0.074 0.278
113,1.8833,wall,wallRun,289.000,14.620,8.650,0.000,0.000,14.000,14.000,0.000,7.700,0.00,0.00,0.00,0.00,0.000,0,,0,0.00,0.00,0.00,288.700,8.620,10.468,87.14,-16.65,58.09,6.277,0.074,0.00,1.00,0,0,1,0,0,0,-16.65,0.25,-1.90,0.1637,0.0794,0.5318,1,6.277,0,0.503,0,wallRun,wallRun,1.000,-1,-0.047 -0.232 -0.245 0.026 0.343 -0.203 -0.084 0.006 0.088 0.298
114,1.9000,wall,wallRun,289.000,14.620,8.883,0.000,0.000,14.000,14.000,0.000,7.933,0.00,0.00,0.00,0.00,0.000,0,,0,0.00,0.00,0.00,288.700,8.620,10.701,87.14,-16.68,58.10,6.277,0.075,0.00,1.00,0,0,1,0,0,0,-16.68,0.45,-1.92,0.1721,0.0763,0.5279,1,6.277,0,0.503,0,wallRun,wallRun,1.000,-1,-0.044 -0.234 -0.244 0.049 0.324 -0.137 -0.086 0.003 0.099 0.337
115,1.9167,wall,wallRun,289.000,14.620,9.117,0.000,0.000,14.000,14.000,0.000,8.167,0.00,0.00,0.00,0.00,0.000,0,,0,0.00,0.00,0.00,288.700,8.620,10.935,87.14,-16.70,58.10,6.277,0.076,0.00,1.00,0,0,1,0,0,0,-16.70,0.64,-1.93,0.1661,0.0730,0.5300,1,6.277,0,0.502,0,wallRun,wallRun,1.000,-1,-0.040 -0.236 -0.248 0.019 0.300 -0.062 -0.088 0.009 0.105 0.299
116,1.9333,wall,wallRun,289.000,14.620,9.350,0.000,0.000,14.000,14.000,0.000,8.400,0.00,0.00,0.00,0.00,0.000,0,,0,0.00,0.00,0.00,288.700,8.620,11.168,87.14,-16.71,58.10,6.277,0.077,0.00,1.00,0,0,1,0,0,0,-16.71,0.82,-1.95,0.1586,0.0718,0.5318,1,6.277,0,0.502,0,wallRun,wallRun,1.000,-1,-0.035 -0.238 -0.261 -0.038 0.275 0.009 -0.088 0.025 0.096 0.258
117,1.9500,wall,wallRun,289.000,14.620,9.583,0.000,0.000,14.000,14.000,0.000,8.633,0.00,0.00,0.00,0.00,0.000,0,,0,0.00,0.00,0.00,288.700,8.620,11.401,87.14,-16.73,58.10,6.277,0.078,0.00,1.00,0,0,1,0,0,0,-16.73,1.00,-1.97,0.1496,0.0722,0.5338,1,6.277,0,0.502,0,wallRun,wallRun,1.000,-1,-0.030 -0.241 -0.282 -0.107 0.252 0.053 -0.086 0.051 0.085 0.210
118,1.9667,wall,wallRun,289.000,14.620,9.817,0.000,0.000,14.000,14.000,0.000,8.867,0.00,0.00,0.00,0.00,0.000,0,,0,0.00,0.00,0.00,288.700,8.620,11.635,87.14,-16.74,58.10,6.277,0.078,0.00,1.00,0,0,1,0,0,0,-16.74,1.16,-1.98,0.1446,0.0740,0.5366,1,6.277,0,0.502,0,wallRun,wallRun,1.000,-1,-0.024 -0.242 -0.307 -0.172 0.240 0.061 -0.082 0.100 0.083 0.171
119,1.9833,wall,wallRun,289.000,14.620,10.050,0.000,0.000,14.000,14.000,0.000,9.100,0.00,0.00,0.00,0.00,0.000,0,,0,0.00,0.00,0.00,288.700,8.620,11.868,87.14,-16.75,58.11,6.277,0.079,0.00,1.00,0,0,1,0,0,0,-16.75,1.33,-2.00,0.1419,0.0756,0.5398,1,6.277,0,0.501,0,wallRun,wallRun,1.000,-1,-0.020 -0.242 -0.333 -0.222 0.231 0.045 -0.063 0.163 0.075 0.138
120,2.0000,wall,wallRun,289.000,14.620,10.283,0.000,0.000,14.000,14.000,0.000,9.333,0.00,0.00,0.00,0.00,0.000,0,,0,0.00,0.00,0.00,288.700,8.620,12.101,87.14,-16.76,58.11,6.277,0.079,0.00,1.00,0,0,1,0,0,0,-16.76,1.48,-2.02,0.1380,0.0772,0.5409,1,6.277,0,0.501,0,wallRun,wallRun,1.000,-1,-0.016 -0.240 -0.353 -0.249 0.226 0.030 -0.030 0.189 0.068 0.093
121,2.0167,wall,wallRun,289.000,14.620,10.517,0.000,0.000,14.000,14.000,0.000,9.567,0.00,0.00,0.00,0.00,0.000,0,,0,0.00,0.00,0.00,288.700,8.620,12.335,87.14,-16.77,58.11,6.277,0.080,0.00,1.00,0,0,1,0,0,0,-16.77,1.63,-2.03,0.1456,0.0785,0.5344,1,6.277,0,0.501,0,wallRun,wallRun,1.000,-1,-0.013 -0.238 -0.364 -0.251 0.224 0.016 -0.045 0.246 0.076 0.047
122,2.0333,wall,wallRun,289.000,14.620,10.750,0.000,0.000,14.000,14.000,0.000,9.800,0.00,0.00,0.00,0.00,0.000,0,,0,0.00,0.00,0.00,288.700,8.620,12.568,87.14,-16.78,58.11,6.277,0.080,0.00,1.00,0,0,1,0,0,0,-16.78,1.77,-2.05,0.1595,0.0780,0.5317,1,6.277,0,0.501,0,wallRun,wallRun,1.000,-1,-0.012 -0.236 -0.361 -0.224 0.224 0.013 -0.030 0.290 0.073 0.025
123,2.0500,wall,wallRun,289.000,14.620,10.983,0.000,0.000,14.000,14.000,0.000,10.033,0.00,0.00,0.00,0.00,0.000,0,,0,0.00,0.00,0.00,288.700,8.620,12.801,87.14,-16.79,58.11,6.277,0.081,0.00,1.00,0,0,1,0,0,0,-16.79,1.91,-2.07,0.1677,0.0761,0.5283,1,6.277,0,0.501,0,wallRun,wallRun,1.000,-1,-0.013 -0.235 -0.347 -0.174 0.225 0.026 -0.026 0.318 0.064 0.004
124,2.0667,wall,wallRun,289.000,14.620,11.217,0.000,0.000,14.000,14.000,0.000,10.267,0.00,0.00,0.00,0.00,0.000,0,,0,0.00,0.00,0.00,288.700,8.620,13.035,87.14,-16.79,58.12,6.277,0.081,0.00,1.00,0,0,1,0,0,0,-16.79,2.04,-2.08,0.1685,0.0732,0.5280,1,6.277,0,0.501,0,wallRun,wallRun,1.000,-1,-0.015 -0.236 -0.325 -0.106 0.227 0.031 -0.026 0.313 0.058 0.001
125,2.0833,wall,wallRun,289.000,14.620,11.450,0.000,0.000,14.000,14.000,0.000,10.500,0.00,0.00,0.00,0.00,0.000,0,,0,0.00,0.00,0.00,288.700,8.620,13.268,87.14,-16.80,58.12,6.277,0.082,0.00,1.00,0,0,1,0,0,0,-16.80,2.16,-2.10,0.1644,0.0717,0.5292,1,6.277,0,0.501,0,wallRun,wallRun,1.000,-1,-0.019 -0.237 -0.301 -0.032 0.240 -0.001 -0.033 0.289 0.053 0.010
126,2.1000,wall,wallRun,289.000,14.620,11.683,0.000,0.000,14.000,14.000,0.000,10.733,0.00,0.00,0.00,0.00,0.000,0,,0,0.00,0.00,0.00,288.700,8.620,13.501,87.14,-16.80,58.12,6.277,0.082,0.00,1.00,0,0,1,0,0,0,-16.80,2.28,-2.12,0.1571,0.0713,0.5311,1,6.277,0,0.501,0,wallRun,wallRun,1.000,-1,-0.025 -0.240 -0.280 0.034 0.257 -0.065 -0.043 0.248 0.048 0.029
127,2.1167,wall,wallRun,289.000,14.620,11.917,0.000,0.000,14.000,14.000,0.000,10.967,0.00,0.00,0.00,0.00,0.000,0,,0,0.00,0.00,0.00,288.700,8.620,13.735,87.14,-16.81,58.12,6.277,0.082,0.00,1.00,0,0,1,0,0,0,-16.81,2.40,-2.13,0.1472,0.0723,0.5335,1,6.277,0,0.500,0,wallRun,wallRun,1.000,-1,-0.030 -0.242 -0.262 0.071 0.280 -0.135 -0.054 0.195 0.047 0.058
128,2.1333,wall,wallRun,289.000,14.620,12.150,0.000,0.000,14.000,14.000,0.000,11.200,0.00,0.00,0.00,0.00,0.000,0,,0,0.00,0.00,0.00,288.700,8.620,13.968,87.14,-16.81,58.12,6.277,0.083,0.00,1.00,0,0,1,0,0,0,-16.81,2.50,-2.15,0.1463,0.0754,0.5377,1,6.277,0,0.500,0,wallRun,wallRun,1.000,-1,-0.035 -0.243 -0.256 0.062 0.306 -0.198 -0.061 0.162 0.044 0.109
129,2.1500,wall,wallRun,289.000,14.620,12.383,0.000,0.000,14.000,14.000,0.000,11.433,0.00,0.00,0.00,0.00,0.000,0,,0,0.00,0.00,0.00,288.700,8.620,14.201,87.14,-16.81,58.12,6.277,0.083,0.00,1.00,0,0,1,0,0,0,-16.81,2.61,-2.17,0.1432,0.0785,0.5407,1,6.277,0,0.500,0,wallRun,wallRun,1.000,-1,-0.040 -0.242 -0.252 0.047 0.329 -0.244 -0.068 0.129 0.052 0.170
130,2.1667,wall,wallRun,289.000,14.620,12.617,0.000,0.000,14.000,14.000,0.000,11.667,0.00,0.00,0.00,0.00,0.000,0,,0,0.00,0.00,0.00,288.700,8.620,14.435,87.14,-16.82,58.12,6.277,0.083,0.00,1.00,0,0,1,0,0,0,-16.82,2.71,-2.18,0.1446,0.0838,0.5383,1,6.277,0,0.500,0,wallRun,wallRun,1.000,-1,-0.044 -0.240 -0.250 0.032 0.345 -0.262 -0.068 0.082 0.037 0.215
131,2.1833,wall,wallRun,289.000,14.620,12.850,0.000,0.000,14.000,14.000,0.000,11.900,0.00,0.00,0.00,0.00,0.000,0,,0,0.00,0.00,0.00,288.700,8.620,14.668,87.14,-16.82,58.12,6.277,0.084,0.00,1.00,0,0,1,0,0,0,-16.82,2.80,-2.20,0.1518,0.0812,0.5320,1,6.277,0,0.500,0,wallRun,wallRun,1.000,-1,-0.046 -0.237 -0.248 0.022 0.351 -0.254 -0.074 0.051 0.034 0.276
132,2.2000,wall,wallRun,289.000,14.620,13.083,0.000,0.000,14.000,14.000,0.000,12.133,0.00,0.00,0.00,0.00,0.000,0,,0,0.00,0.00,0.00,288.700,8.620,14.901,87.14,-16.82,58.13,6.277,0.084,0.00,1.00,0,0,1,0,0,0,-16.82,2.89,-2.22,0.1611,0.0800,0.5293,1,6.277,0,0.500,0,wallRun,wallRun,1.000,-1,-0.047 -0.235 -0.246 0.023 0.346 -0.221 -0.085 0.024 0.078 0.301
133,2.2167,wall,wallRun,289.000,14.620,13.317,0.000,0.000,14.000,14.000,0.000,12.367,0.00,0.00,0.00,0.00,0.000,0,,0,0.00,0.00,0.00,288.700,8.620,15.135,87.14,-16.82,58.13,6.277,0.084,0.00,1.00,0,0,1,0,0,0,-16.82,2.98,-2.23,0.1695,0.0774,0.5266,1,6.277,0,0.500,0,wallRun,wallRun,1.000,-1,-0.045 -0.235 -0.245 0.039 0.332 -0.165 -0.085 0.004 0.092 0.328
134,2.2333,wall,wallRun,289.000,14.620,13.550,0.000,0.000,14.000,14.000,0.000,12.600,0.00,0.00,0.00,0.00,0.000,0,,0,0.00,0.00,0.00,288.700,8.620,15.368,87.14,-16.83,58.13,6.277,0.084,0.00,1.00,0,0,1,0,0,0,-16.83,3.06,-2.25,0.1693,0.0741,0.5266,1,6.277,0,0.500,0,wallRun,wallRun,1.000,-1,-0.042 -0.236 -0.245 0.036 0.310 -0.094 -0.088 0.004 0.106 0.321
135,2.2500,wall,wallRun,289.000,14.620,13.783,0.000,0.000,14.000,14.000,0.000,12.833,0.00,0.00,0.00,0.00,0.000,0,,0,0.00,0.00,0.00,288.700,8.620,15.601,87.14,-16.83,58.13,6.277,0.084,0.00,1.00,0,0,1,0,0,0,-16.83,3.14,-2.27,0.1620,0.0718,0.5290,1,6.277,0,0.500,0,wallRun,wallRun,1.000,-1,-0.038 -0.238 -0.255 -0.011 0.286 -0.020 -0.088 0.016 0.101 0.279
136,2.2667,wall,wallRun,289.000,14.620,14.017,0.000,0.000,14.000,14.000,0.000,13.067,0.00,0.00,0.00,0.00,0.000,0,,0,0.00,0.00,0.00,288.700,8.620,15.835,87.14,-16.83,58.13,6.277,0.085,0.00,1.00,0,0,1,0,0,0,-16.83,3.21,-2.28,0.1524,0.0720,0.5317,1,6.277,0,0.500,0,wallRun,wallRun,1.000,-1,-0.033 -0.241 -0.272 -0.078 0.262 0.040 -0.087 0.037 0.090 0.224
137,2.2833,wall,wallRun,289.000,14.620,14.250,0.000,0.000,14.000,14.000,0.000,13.300,0.00,0.00,0.00,0.00,0.000,0,,0,0.00,0.00,0.00,288.700,8.620,16.068,87.14,-16.83,58.13,6.277,0.085,0.00,1.00,0,0,1,0,0,0,-16.83,3.28,-2.30,0.1438,0.0734,0.5339,1,6.277,0,0.500,0,wallRun,wallRun,1.000,-1,-0.027 -0.243 -0.297 -0.148 0.245 0.066 -0.083 0.067 0.085 0.178
138,2.3000,wall,wallRun,289.000,14.620,14.483,0.000,0.000,14.000,14.000,0.000,13.533,0.00,0.00,0.00,0.00,0.000,0,,0,0.00,0.00,0.00,288.700,8.620,16.301,87.14,-16.83,58.13,6.277,0.085,0.00,1.00,0,0,1,0,0,0,-16.83,3.35,-2.32,0.1436,0.0749,0.5373,1,6.277,0,0.500,0,wallRun,wallRun,1.000,-1,-0.022 -0.243 -0.323 -0.204 0.234 0.051 -0.075 0.128 0.082 0.153
139,2.3167,wall,wallRun,289.000,14.620,14.717,0.000,0.000,14.000,14.000,0.000,13.767,0.00,0.00,0.00,0.00,0.000,0,,0,0.00,0.00,0.00,288.700,8.620,16.535,87.14,-16.83,58.13,6.277,0.085,0.00,1.00,0,0,1,0,0,0,-16.83,3.41,-2.33,0.1382,0.0764,0.5401,1,6.277,0,0.500,0,wallRun,wallRun,1.000,-1,-0.017 -0.242 -0.345 -0.240 0.228 0.036 -0.057 0.189 0.075 0.114
140,2.3333,wall,wallRun,289.000,14.620,14.950,0.000,0.000,14.000,14.000,0.000,14.000,0.00,0.00,0.00,0.00,0.000,0,,0,0.00,0.00,0.00,288.700,8.620,16.768,87.14,-16.83,58.13,6.277,0.085,0.00,1.00,0,0,1,0,0,0,-16.83,3.47,-2.35,0.1385,0.0791,0.5380,1,6.277,0,0.500,0,wallRun,wallRun,1.000,-1,-0.014 -0.240 -0.359 -0.250 0.225 0.022 0.065 0.209 0.053 0.066
141,2.3500,wall,wallRun,289.000,14.620,15.183,0.000,0.000,14.000,14.000,0.000,14.233,0.00,0.00,0.00,0.00,0.000,0,,0,0.00,0.00,0.00,288.700,8.620,17.001,87.14,-16.83,58.13,6.277,0.085,0.00,1.00,0,0,1,0,0,0,-16.83,3.53,-2.37,0.1517,0.0781,0.5288,1,6.277,0,0.500,0,wallRun,wallRun,1.000,-1,-0.012 -0.237 -0.362 -0.236 0.224 0.015 -0.029 0.285 0.076 0.048
142,2.3667,wall,wallRun,289.000,14.620,15.417,0.000,0.000,14.000,14.000,0.000,14.467,0.00,0.00,0.00,0.00,0.000,0,,0,0.00,0.00,0.00,288.700,8.620,17.235,87.14,-16.83,58.13,6.277,0.086,0.00,1.00,0,0,1,0,0,0,-16.83,3.59,-2.38,0.1646,0.0769,0.5289,1,6.277,0,0.500,0,wallRun,wallRun,1.000,-1,-0.012 -0.236 -0.354 -0.197 0.225 0.019 -0.028 0.308 0.067 0.010
143,2.3833,wall,wallRun,289.000,14.620,15.650,0.000,0.000,14.000,14.000,0.000,14.700,0.00,0.00,0.00,0.00,0.000,0,,0,0.00,0.00,0.00,288.700,8.620,17.468,87.14,-16.83,58.13,6.277,0.086,0.00,1.00,0,0,1,0,0,0,-16.83,3.64,-2.40,0.1689,0.0743,0.5271,1,6.277,0,0.500,0,wallRun,wallRun,1.000,-1,-0.014 -0.236 -0.336 -0.137 0.225 0.030 -0.026 0.318 0.061 -0.001
144,2.4000,wall,wallRun,289.000,14.620,15.883,0.000,0.000,14.000,14.000,0.000,14.933,0.00,0.00,0.00,0.00,0.000,0,,0,0.00,0.00,0.00,288.700,8.620,17.701,87.14,-16.83,58.14,6.277,0.086,0.00,1.00,0,0,1,0,0,0,-16.83,3.69,-2.42,0.1665,0.0725,0.5280,1,6.277,0,0.500,0,wallRun,wallRun,1.000,-1,-0.017 -0.237 -0.312 -0.065 0.235 0.022 -0.029 0.302 0.055 0.005
145,2.4167,wall,wallRun,289.000,14.620,16.117,0.000,0.000,14.000,14.000,0.000,15.167,0.00,0.00,0.00,0.00,0.000,0,,0,0.00,0.00,0.00,288.700,8.620,17.935,87.14,-16.83,58.14,6.277,0.086,0.00,1.00,0,0,1,0,0,0,-16.83,3.74,-2.43,0.1594,0.0713,0.5301,1,6.277,0,0.500,0,wallRun,wallRun,1.000,-1,-0.022 -0.239 -0.289 0.008 0.249 -0.037 -0.039 0.260 0.050 0.018
146,2.4333,wall,wallRun,289.000,14.620,16.350,0.000,0.000,14.000,14.000,0.000,15.400,0.00,0.00,0.00,0.00,0.000,0,,0,0.00,0.00,0.00,288.700,8.620,18.168,87.14,-16.83,58.14,6.277,0.086,0.00,1.00,0,0,1,0,0,0,-16.83,3.78,-2.45,0.1507,0.0719,0.5324,1,6.277,0,0.500,0,wallRun,wallRun,1.000,-1,-0.028 -0.241 -0.270 0.065 0.270 -0.106 -0.050 0.212 0.046 0.043
147,2.4500,wall,wallRun,289.000,14.620,16.583,0.000,0.000,14.000,14.000,0.000,15.633,0.00,0.00,0.00,0.00,0.000,0,,0,0.00,0.00,0.00,288.700,8.620,18.401,87.14,-16.83,58.14,6.277,0.086,0.00,1.00,0,0,1,0,0,0,-16.83,3.82,-2.47,0.1468,0.0737,0.5354,1,6.277,0,0.500,0,wallRun,wallRun,1.000,-1,-0.033 -0.243 -0.256 0.067 0.294 -0.173 -0.058 0.177 0.047 0.079
148,2.4667,wall,wallRun,289.000,14.620,16.817,0.000,0.000,14.000,14.000,0.000,15.867,0.00,0.00,0.00,0.00,0.000,0,,0,0.00,0.00,0.00,288.700,8.620,18.635,87.14,-16.84,58.14,6.277,0.086,0.00,1.00,0,0,1,0,0,0,-16.84,3.86,-2.48,0.1451,0.0770,0.5388,1,6.277,0,0.500,0,wallRun,wallRun,1.000,-1,-0.038 -0.242 -0.253 0.054 0.319 -0.225 -0.063 0.146 0.046 0.160
149,2.4833,wall,wallRun,289.000,14.620,17.050,0.000,0.000,14.000,14.000,0.000,16.100,0.00,0.00,0.00,0.00,0.000,0,,0,0.00,0.00,0.00,288.700,8.620,18.868,87.14,-16.84,58.14,6.277,0.086,0.00,1.00,0,0,1,0,0,0,-16.84,3.90,-2.50,0.1429,0.0796,0.5396,1,6.277,0,0.500,0,wallRun,wallRun,1.000,-1,-0.042 -0.241 -0.251 0.039 0.338 -0.255 -0.047 0.102 -0.011 0.203
150,2.5000,wall,wallRun,289.000,14.620,17.283,0.000,0.000,14.000,14.000,0.000,16.333,0.00,0.00,0.00,0.00,0.000,0,,0,0.00,0.00,0.00,288.700,8.620,19.101,87.14,-16.84,58.14,6.277,0.086,0.00,1.00,0,0,1,0,0,0,-16.84,3.94,-2.52,0.1499,0.0810,0.5339,1,6.277,0,0.500,0,wallRun,wallRun,1.000,-1,-0.045 -0.238 -0.249 0.026 0.349 -0.259 -0.071 0.071 0.028 0.260
151,2.5167,wall,wallRun,289.000,14.620,17.517,0.000,0.000,14.000,14.000,0.000,16.567,0.00,0.00,0.00,0.00,0.000,0,,0,0.00,0.00,0.00,288.700,8.620,19.335,87.14,-16.84,58.14,6.277,0.086,0.00,1.00,0,0,1,0,0,0,-16.84,3.97,-2.53,0.1539,0.0807,0.5292,1,6.277,0,0.500,0,wallRun,wallRun,1.000,-1,-0.047 -0.236 -0.247 0.021 0.350 -0.238 -0.081 0.031 0.074 0.288
152,2.5333,wall,wallRun,289.000,14.620,17.750,0.000,0.000,14.000,14.000,0.000,16.800,0.00,0.00,0.00,0.00,0.000,0,,0,0.00,0.00,0.00,288.700,8.620,19.568,87.14,-16.84,58.14,6.277,0.086,0.00,1.00,0,0,1,0,0,0,-16.84,4.01,-2.55,0.1654,0.0788,0.5282,1,6.277,0,0.500,0,wallRun,wallRun,1.000,-1,-0.046 -0.235 -0.245 0.029 0.340 -0.193 -0.084 0.005 0.089 0.309
153,2.5500,wall,wallRun,289.000,14.620,17.983,0.000,0.000,14.000,14.000,0.000,17.033,0.00,0.00,0.00,0.00,0.000,0,,0,0.00,0.00,0.00,288.700,8.620,19.801,87.14,-16.84,58.14,6.277,0.086,0.00,1.00,0,0,1,0,0,0,-16.84,4.04,-2.57,0.1723,0.0758,0.5251,1,6.277,0,0.500,0,wallRun,wallRun,1.000,-1,-0.044 -0.235 -0.245 0.051 0.322 -0.128 -0.087 0.001 0.104 0.341
154,2.5667,wall,wallRun,289.000,14.620,18.217,0.000,0.000,14.000,14.000,0.000,17.267,0.00,0.00,0.00,0.00,0.000,0,,0,0.00,0.00,0.00,288.700,8.620,20.035,87.14,-16.84,58.14,6.277,0.086,0.00,1.00,0,0,1,0,0,0,-16.84,4.07,-2.58,0.1647,0.0726,0.5282,1,6.277,0,0.500,0,wallRun,wallRun,1.000,-1,-0.040 -0.237 -0.250 0.013 0.297 -0.051 -0.088 0.010 0.105 0.294
155,2.5833,wall,wallRun,289.000,14.620,18.450,0.000,0.000,14.000,14.000,0.000,17.500,0.00,0.00,0.00,0.00,0.000,0,,0,0.00,0.00,0.00,288.700,8.620,20.268,87.14,-16.84,58.14,6.277,0.086,0.00,1.00,0,0,1,0,0,0,-16.84,4.09,-2.60,0.1568,0.0718,0.5303,1,6.277,0,0.500,0,wallRun,wallRun,1.000,-1,-0.035 -0.240 -0.264 -0.048 0.272 0.018 -0.088 0.027 0.095 0.249
156,2.6000,wall,wallRun,289.000,14.620,18.683,0.000,0.000,14.000,14.000,0.000,17.733,0.00,0.00,0.00,0.00,0.000,0,,0,0.00,0.00,0.00,288.700,8.620,20.501,87.14,-16.84,58.14,6.277,0.086,0.00,1.00,0,0,1,0,0,0,-16.84,4.12,-2.62,0.1481,0.0723,0.5322,1,6.277,0,0.500,0,wallRun,wallRun,1.000,-1,-0.029 -0.242 -0.285 -0.117 0.250 0.057 -0.085 0.054 0.084 0.204
157,2.6167,wall,wallRun,289.000,14.620,18.917,0.000,0.000,14.000,14.000,0.000,17.967,0.00,0.00,0.00,0.00,0.000,0,,0,0.00,0.00,0.00,288.700,8.620,20.735,87.14,-16.84,58.14,6.277,0.086,0.00,1.00,0,0,1,0,0,0,-16.84,4.15,-2.63,0.1444,0.0742,0.5355,1,6.277,0,0.500,0,wallRun,wallRun,1.000,-1,-0.024 -0.243 -0.311 -0.180 0.238 0.058 -0.081 0.108 0.083 0.168
158,2.6333,wall,wallRun,289.000,14.620,19.150,0.000,0.000,14.000,14.000,0.000,18.200,0.00,0.00,0.00,0.00,0.000,0,,0,0.00,0.00,0.00,288.700,8.620,20.968,87.14,-16.84,58.14,6.277,0.086,0.00,1.00,0,0,1,0,0,0,-16.84,4.17,-2.65,0.1410,0.0757,0.5388,1,6.277,0,0.500,0,wallRun,wallRun,1.000,-1,-0.019 -0.242 -0.336 -0.226 0.230 0.042 -0.060 0.174 0.073 0.132
159,2.6500,wall,wallRun,289.000,14.620,19.383,0.000,0.000,14.000,14.000,0.000,18.433,0.00,0.00,0.00,0.00,0.000,0,,0,0.00,0.00,0.00,288.700,8.620,21.201,87.14,-16.84,58.14,6.277,0.087,0.00,1.00,0,0,1,0,0,0,-16.84,4.19,-2.67,0.1375,0.0773,0.5395,1,6.277,0,0.500,0,wallRun,wallRun,1.000,-1,-0.015 -0.241 -0.355 -0.250 0.226 0.028 0.007 0.193 0.057 0.087
160,2.6667,wall,wallRun,289.000,14.620,19.617,0.000,0.000,14.000,14.000,0.000,18.667,0.00,0.00,0.00,0.00,0.000,0,,0,0.00,0.00,0.00,288.700,8.620,21.435,87.14,-16.84,58.14,6.277,0.087,0.00,1.00,0,0,1,0,0,0,-16.84,4.21,-2.68,0.1476,0.0784,0.5319,1,6.277,0,0.500,0,wallRun,wallRun,1.000,-1,-0.013 -0.238 -0.364 -0.248 0.224 0.016 -0.040 0.259 0.076 0.051
161,2.6833,wall,wallRun,289.000,14.620,19.850,0.000,0.000,14.000,14.000,0.000,18.900,0.00,0.00,0.00,0.00,0.000,0,,0,0.00,0.00,0.00,288.700,8.620,21.668,87.14,-16.84,58.14,6.277,0.087,0.00,1.00,0,0,1,0,0,0,-16.84,4.23,-2.70,0.1598,0.0778,0.5311,1,6.277,0,0.500,0,wallRun,wallRun,1.000,-1,-0.012 -0.236 -0.361 -0.220 0.224 0.013 -0.033 0.288 0.070 0.013
162,2.7000,wall,wallRun,289.000,14.620,20.083,0.000,0.000,14.000,14.000,0.000,19.133,0.00,0.00,0.00,0.00,0.000,0,,0,0.00,0.00,0.00,288.700,8.620,21.901,87.14,-16.84,58.14,6.277,0.087,0.00,1.00,0,0,1,0,0,0,-16.84,4.25,-2.72,0.1682,0.0758,0.5272,1,6.277,0,0.500,0,wallRun,wallRun,1.000,-1,-0.013 -0.235 -0.345 -0.166 0.226 0.027 -0.027 0.320 0.063 0.002
163,2.7167,wall,wallRun,289.000,14.620,20.317,0.000,0.000,14.000,14.000,0.000,19.367,0.00,0.00,0.00,0.00,0.000,0,,0,0.00,0.00,0.00,288.700,8.620,22.135,87.14,-16.84,58.14,6.277,0.087,0.00,1.00,0,0,1,0,0,0,-16.84,4.27,-2.73,0.1680,0.0730,0.5274,1,6.277,0,0.500,0,wallRun,wallRun,1.000,-1,-0.016 -0.236 -0.322 -0.096 0.229 0.030 -0.026 0.311 0.057 0.002
164,2.7333,wall,wallRun,289.000,14.620,20.550,0.000,0.000,14.000,14.000,0.000,19.600,0.00,0.00,0.00,0.00,0.000,0,,0,0.00,0.00,0.00,288.700,8.620,22.368,87.14,-16.84,58.14,6.277,0.087,0.00,1.00,0,0,1,0,0,0,-16.84,4.29,-2.75,0.1633,0.0715,0.5288,1,6.277,0,0.500,0,wallRun,wallRun,1.000,-1,-0.020 -0.238 -0.298 -0.022 0.242 -0.010 -0.034 0.284 0.052 0.012
165,2.7500,wall,wallRun,289.000,14.620,20.783,0.000,0.000,14.000,14.000,0.000,19.833,0.00,0.00,0.00,0.00,0.000,0,,0,0.00,0.00,0.00,288.700,8.620,22.601,87.14,-16.84,58.14,6.277,0.087,0.00,1.00,0,0,1,0,0,0,-16.84,4.31,-2.77,0.1557,0.0713,0.5308,1,6.277,0,0.500,0,wallRun,wallRun,1.000,-1,-0.025 -0.240 -0.277 0.042 0.260 -0.075 -0.044 0.241 0.048 0.032
166,2.7667,wall,wallRun,289.000,14.620,21.017,0.000,0.000,14.000,14.000,0.000,20.067,0.00,0.00,0.00,0.00,0.000,0,,0,0.00,0.00,0.00,288.700,8.620,22.835,87.14,-16.84,58.14,6.277,0.087,0.00,1.00,0,0,1,0,0,0,-16.84,4.32,-2.78,0.1466,0.0725,0.5332,1,6.277,0,0.500,0,wallRun,wallRun,1.000,-1,-0.031 -0.242 -0.260 0.070 0.283 -0.144 -0.054 0.192 0.047 0.064
167,2.7833,wall,wallRun,289.000,14.620,21.250,0.000,0.000,14.000,14.000,0.000,20.300,0.00,0.00,0.00,0.00,0.000,0,,0,0.00,0.00,0.00,288.700,8.620,23.068,87.14,-16.84,58.14,6.277,0.087,0.00,1.00,0,0,1,0,0,0,-16.84,4.33,-2.80,0.1461,0.0757,0.5376,1,6.277,0,0.500,0,wallRun,wallRun,1.000,-1,-0.036 -0.243 -0.255 0.060 0.309 -0.205 -0.060 0.159 0.044 0.126
168,2.8000,wall,wallRun,289.000,14.620,21.483,0.000,0.000,14.000,14.000,0.000,20.533,0.00,0.00,0.00,0.00,0.000,0,,0,0.00,0.00,0.00,288.700,8.620,23.301,87.14,-16.84,58.14,6.277,0.087,0.00,1.00,0,0,1,0,0,0,-16.84,4.35,-2.82,0.1416,0.0787,0.5409,1,6.277,0,0.500,0,wallRun,wallRun,1.000,-1,-0.041 -0.242 -0.252 0.045 0.331 -0.247 -0.059 0.121 0.027 0.176
169,2.8167,wall,wallRun,289.000,14.620,21.717,0.000,0.000,14.000,14.000,0.000,20.767,0.00,0.00,0.00,0.00,0.000,0,,0,0.00,0.00,0.00,288.700,8.620,23.535,87.14,-16.84,58.14,6.277,0.087,0.00,1.00,0,0,1,0,0,0,-16.84,4.36,-2.83,0.1440,0.0810,0.5380,1,6.277,0,0.500,0,wallRun,wallRun,1.000,-1,-0.044 -0.240 -0.250 0.030 0.347 -0.265 -0.073 0.074 0.061 0.213
170,2.8333,wall,wallRun,289.000,14.620,21.950,0.000,0.000,14.000,14.000,0.000,21.000,0.00,0.00,0.00,0.00,0.000,0,,0,0.00,0.00,0.00,288.700,8.620,23.768,87.14,-16.84,58.14,6.277,0.087,0.00,1.00,0,0,1,0,0,0,-16.84,4.37,-2.85,0.1515,0.0814,0.5315,1,6.277,0,0.500,0,wallRun,wallRun,1.000,-1,-0.046 -0.237 -0.248 0.020 0.351 -0.252 -0.076 0.041 0.051 0.275
171,2.8500,wall,wallRun,289.000,14.620,22.183,0.000,0.000,14.000,14.000,0.000,21.233,0.00,0.00,0.00,0.00,0.000,0,,0,0.00,0.00,0.00,288.700,8.620,24.001,87.14,-16.84,58.14,6.277,0.087,0.00,1.00,0,0,1,0,0,0,-16.84,4.39,-2.87,0.1626,0.0797,0.5291,1,6.277,0,0.500,0,wallRun,wallRun,1.000,-1,-0.047 -0.235 -0.246 0.024 0.345 -0.215 -0.085 0.019 0.081 0.302
172,2.8667,wall,wallRun,289.000,14.620,22.417,0.000,0.000,14.000,14.000,0.000,21.467,0.00,0.00,0.00,0.00,0.000,0,,0,0.00,0.00,0.00,288.700,8.620,24.235,87.14,-16.84,58.14,6.277,0.087,0.00,1.00,0,0,1,0,0,0,-16.84,4.40,-2.88,0.1704,0.0770,0.5259,1,6.277,0,0.500,0,wallRun,wallRun,1.000,-1,-0.045 -0.235 -0.245 0.042 0.329 -0.156 -0.085 0.003 0.094 0.332
173,2.8833,wall,wallRun,289.000,14.620,22.650,0.000,0.000,14.000,14.000,0.000,21.700,0.00,0.00,0.00,0.00,0.000,0,,0,0.00,0.00,0.00,288.700,8.620,24.468,87.14,-16.84,58.14,6.277,0.087,0.00,1.00,0,0,1,0,0,0,-16.84,4.41,-2.90,0.1681,0.0736,0.5268,1,6.277,0,0.500,0,wallRun,wallRun,1.000,-1,-0.042 -0.236 -0.246 0.031 0.307 -0.083 -0.088 0.006 0.106 0.315
174,2.9000,wall,wallRun,289.000,14.620,22.883,0.000,0.000,14.000,14.000,0.000,21.933,0.00,0.00,0.00,0.00,0.000,0,,0,0.00,0.00,0.00,288.700,8.620,24.701,87.14,-16.84,58.14,6.277,0.087,0.00,1.00,0,0,1,0,0,0,-16.84,4.42,-2.92,0.1610,0.0717,0.5291,1,6.277,0,0.500,0,wallRun,wallRun,1.000,-1,-0.037 -0.239 -0.257 -0.020 0.282 -0.010 -0.088 0.019 0.100 0.274
175,2.9167,wall,wallRun,289.000,14.620,23.117,0.000,0.000,14.000,14.000,0.000,22.167,0.00,0.00,0.00,0.00,0.000,0,,0,0.00,0.00,0.00,288.700,8.620,24.935,87.14,-16.84,58.14,6.277,0.087,0.00,1.00,0,0,1,0,0,0,-16.84,4.43,-2.93,0.1516,0.0720,0.5316,1,6.277,0,0.500,0,wallRun,wallRun,1.000,-1,-0.032 -0.241 -0.275 -0.087 0.258 0.045 -0.087 0.041 0.087 0.220
176,2.9333,wall,wallRun,289.000,14.620,23.350,0.000,0.000,14.000,14.000,0.000,22.400,0.00,0.00,0.00,0.00,0.000,0,,0,0.00,0.00,0.00,288.700,8.620,25.168,87.14,-16.84,58.14,6.277,0.087,0.00,1.00,0,0,1,0,0,0,-16.84,4.44,-2.95,0.1441,0.0735,0.5342,1,6.277,0,0.500,0,wallRun,wallRun,1.000,-1,-0.026 -0.243 -0.300 -0.156 0.243 0.064 -0.083 0.079 0.084 0.176
177,2.9500,wall,wallRun,289.000,14.620,23.583,0.000,0.000,14.000,14.000,0.000,22.633,0.00,0.00,0.00,0.00,0.000,0,,0,0.00,0.00,0.00,288.700,8.620,25.401,87.14,-16.84,58.14,6.277,0.087,0.00,1.00,0,0,1,0,0,0,-16.84,4.44,-2.97,0.1431,0.0752,0.5378,1,6.277,0,0.500,0,wallRun,wallRun,1.000,-1,-0.021 -0.243 -0.327 -0.213 0.233 0.048 -0.072 0.132 0.082 0.147
178,2.9667,wall,wallRun,289.000,14.620,23.817,0.000,0.000,14.000,14.000,0.000,22.867,0.00,0.00,0.00,0.00,0.000,0,,0,0.00,0.00,0.00,288.700,8.620,25.635,87.14,-16.84,58.14,6.277,0.087,0.00,1.00,0,0,1,0,0,0,-16.84,4.45,-2.98,0.1383,0.0766,0.5399,1,6.277,0,0.500,0,wallRun,wallRun,1.000,-1,-0.017 -0.242 -0.349 -0.244 0.227 0.034 -0.058 0.188 0.077 0.107
179,2.9833,wall,wallRun,289.000,14.620,24.050,0.000,0.000,14.000,14.000,0.000,23.100,0.00,0.00,0.00,0.00,0.000,0,,0,0.00,0.00,0.00,288.700,8.620,25.868,87.14,-16.84,58.14,6.277,0.087,0.00,1.00,0,0,1,0,0,0,-16.84,4.46,-3.00,0.1406,0.0781,0.5365,1,6.277,0,0.500,0,wallRun,wallRun,1.000,-1,-0.014 -0.239 -0.361 -0.251 0.225 0.020 0.037 0.221 0.060 0.059
180,3.0000,wall,wallRun,289.000,14.620,24.283,0.000,0.000,14.000,14.000,0.000,23.333,0.00,0.00,0.00,0.00,0.000,0,,0,0.00,0.00,0.00,288.700,8.620,26.101,87.14,-16.84,58.14,6.277,0.087,0.00,1.00,0,0,1,0,0,0,-16.84,4.47,-3.02,0.1547,0.0781,0.5293,1,6.277,0,0.500,0,wallRun,wallRun,1.000,-1,-0.012 -0.237 -0.362 -0.232 0.224 0.014 -0.028 0.289 0.075 0.043
181,3.0167,wall,wallRun,289.000,14.620,24.517,0.000,0.000,14.000,14.000,0.000,23.567,0.00,0.00,0.00,0.00,0.000,0,,0,0.00,0.00,0.00,288.700,8.620,26.335,87.14,-16.84,58.14,6.277,0.087,0.00,1.00,0,0,1,0,0,0,-16.84,4.47,-3.03,0.1658,0.0766,0.5283,1,6.277,0,0.500,0,wallRun,wallRun,1.000,-1,-0.012 -0.236 -0.351 -0.189 0.225 0.022 -0.027 0.312 0.066 0.009
182,3.0333,wall,wallRun,289.000,14.620,24.750,0.000,0.000,14.000,14.000,0.000,23.800,0.00,0.00,0.00,0.00,0.000,0,,0,0.00,0.00,0.00,288.700,8.620,26.568,87.14,-16.84,58.14,6.277,0.087,0.00,1.00,0,0,1,0,0,0,-16.84,4.48,-3.05,0.1688,0.0739,0.5271,1,6.277,0,0.500,0,wallRun,wallRun,1.000,-1,-0.014 -0.236 -0.332 -0.127 0.226 0.030 -0.026 0.317 0.060 -0.000
183,3.0500,wall,wallRun,289.000,14.620,24.983,0.000,0.000,14.000,14.000,0.000,24.033,0.00,0.00,0.00,0.00,0.000,0,,0,0.00,0.00,0.00,288.700,8.620,26.801,87.14,-16.84,58.14,6.277,0.087,0.00,1.00,0,0,1,0,0,0,-16.84,4.48,-3.07,0.1659,0.0721,0.5281,1,6.277,0,0.500,0,wallRun,wallRun,1.000,-1,-0.018 -0.237 -0.308 -0.053 0.236 0.015 -0.030 0.299 0.054 0.006
184,3.0667,wall,wallRun,289.000,14.620,25.217,0.000,0.000,14.000,14.000,0.000,24.267,0.00,0.00,0.00,0.00,0.000,0,,0,0.00,0.00,0.00,288.700,8.620,27.035,87.14,-16.84,58.14,6.277,0.087,0.00,1.00,0,0,1,0,0,0,-16.84,4.49,-3.08,0.1588,0.0712,0.5301,1,6.277,0,0.500,0,wallRun,wallRun,1.000,-1,-0.023 -0.239 -0.286 0.017 0.251 -0.046 -0.040 0.258 0.049 0.022
185,3.0833,wall,wallRun,289.000,14.620,25.450,0.000,0.000,14.000,14.000,0.000,24.500,0.00,0.00,0.00,0.00,0.000,0,,0,0.00,0.00,0.00,288.700,8.620,27.268,87.14,-16.84,58.14,6.277,0.087,0.00,1.00,0,0,1,0,0,0,-16.84,4.50,-3.10,0.1485,0.0722,0.5331,1,6.277,0,0.500,0,wallRun,wallRun,1.000,-1,-0.029 -0.242 -0.268 0.071 0.273 -0.117 -0.053 0.200 0.045 0.047
186,3.1000,wall,wallRun,289.000,14.620,25.683,0.000,0.000,14.000,14.000,0.000,24.733,0.00,0.00,0.00,0.00,0.000,0,,0,0.00,0.00,0.00,288.700,8.620,27.501,87.14,-16.84,58.14,6.277,0.087,0.00,1.00,0,0,1,0,0,0,-16.84,4.50,-3.12,0.1466,0.0743,0.5362,1,6.277,0,0.500,0,wallRun,wallRun,1.000,-1,-0.034 -0.243 -0.256 0.065 0.298 -0.182 -0.060 0.171 0.046 0.084
187,3.1167,wall,wallRun,289.000,14.620,25.917,0.000,0.000,14.000,14.000,0.000,24.967,0.00,0.00,0.00,0.00,0.000,0,,0,0.00,0.00,0.00,288.700,8.620,27.735,87.14,-16.84,58.15,6.277,0.087,0.00,1.00,0,0,1,0,0,0,-16.84,4.51,-3.13,0.1445,0.0775,0.5393,1,6.277,0,0.500,0,wallRun,wallRun,1.000,-1,-0.039 -0.242 -0.253 0.052 0.322 -0.231 -0.064 0.141 0.048 0.166
188,3.1333,wall,wallRun,289.000,14.620,26.150,0.000,0.000,14.000,14.000,0.000,25.200,0.00,0.00,0.00,0.00,0.000,0,,0,0.00,0.00,0.00,288.700,8.620,27.968,87.14,-16.84,58.15,6.277,0.087,0.00,1.00,0,0,1,0,0,0,-16.84,4.51,-3.15,0.1440,0.0823,0.5388,1,6.277,0,0.500,0,wallRun,wallRun,1.000,-1,-0.043 -0.241 -0.250 0.037 0.340 -0.257 -0.053 0.096 -0.003 0.210
189,3.1500,wall,wallRun,289.000,14.620,26.383,0.000,0.000,14.000,14.000,0.000,25.433,0.00,0.00,0.00,0.00,0.000,0,,0,0.00,0.00,0.00,288.700,8.620,28.201,87.14,-16.84,58.15,6.277,0.087,0.00,1.00,0,0,1,0,0,0,-16.84,4.51,-3.17,0.1510,0.0811,0.5329,1,6.277,0,0.500,0,wallRun,wallRun,1.000,-1,-0.046 -0.238 -0.249 0.025 0.350 -0.258 -0.071 0.067 0.024 0.269
190,3.1667,wall,wallRun,289.000,14.620,26.617,0.000,0.000,14.000,14.000,0.000,25.667,0.00,0.00,0.00,0.00,0.000,0,,0,0.00,0.00,0.00,288.700,8.620,28.435,87.14,-16.84,58.15,6.277,0.087,0.00,1.00,0,0,1,0,0,0,-16.84,4.52,-3.18,0.1558,0.0805,0.5287,1,6.277,0,0.500,0,wallRun,wallRun,1.000,-1,-0.047 -0.236 -0.246 0.022 0.349 -0.233 -0.083 0.030 0.075 0.294
191,3.1833,wall,wallRun,289.000,14.620,26.850,0.000,0.000,14.000,14.000,0.000,25.900,0.00,0.00,0.00,0.00,0.000,0,,0,0.00,0.00,0.00,288.700,8.620,28.668,87.14,-16.84,58.15,6.277,0.087,0.00,1.00,0,0,1,0,0,0,-16.84,4.52,-3.20,0.1669,0.0783,0.5275,1,6.277,0,0.500,0,wallRun,wallRun,1.000,-1,-0.046 -0.235 -0.245 0.032 0.337 -0.184 -0.084 0.005 0.089 0.316
192,3.2000,wall,wallRun,289.000,14.620,27.083,0.000,0.000,14.000,14.000,0.000,26.133,0.00,0.00,0.00,0.00,0.000,0,,0,0.00,0.00,0.00,288.700,8.620,28.901,87.14,-16.84,58.15,6.277,0.087,0.00,1.00,0,0,1,0,0,0,-16.84,4.53,-3.22,0.1713,0.0752,0.5255,1,6.277,0,0.500,0,wallRun,wallRun,1.000,-1,-0.043 -0.236 -0.244 0.047 0.318 -0.117 -0.088 0.002 0.105 0.335
193,3.2167,wall,wallRun,289.000,14.620,27.317,0.000,0.000,14.000,14.000,0.000,26.367,0.00,0.00,0.00,0.00,0.000,0,,0,0.00,0.00,0.00,288.700,8.620,29.135,87.14,-16.84,58.15,6.277,0.087,0.00,1.00,0,0,1,0,0,0,-16.84,4.53,-3.23,0.1634,0.0724,0.5286,1,6.277,0,0.500,0,wallRun,wallRun,1.000,-1,-0.039 -0.237 -0.252 0.006 0.294 -0.041 -0.089 0.011 0.104 0.287
194,3.2333,wall,wallRun,289.000,14.620,27.550,0.000,0.000,14.000,14.000,0.000,26.600,0.00,0.00,0.00,0.00,0.000,0,,0,0.00,0.00,0.00,288.700,8.620,29.368,87.14,-16.84,58.15,6.277,0.087,0.00,1.00,0,0,1,0,0,0,-16.84,4.53,-3.25,0.1550,0.0719,0.5309,1,6.277,0,0.500,0,wallRun,wallRun,1.000,-1,-0.034 -0.240 -0.267 -0.058 0.269 0.027 -0.087 0.030 0.094 0.238
195,3.2500,wall,wallRun,289.000,14.620,27.783,0.000,0.000,14.000,14.000,0.000,26.833,0.00,0.00,0.00,0.00,0.000,0,,0,0.00,0.00,0.00,288.700,8.620,29.601,87.14,-16.84,58.15,6.277,0.087,0.00,1.00,0,0,1,0,0,0,-16.84,4.53,-3.27,0.1465,0.0726,0.5325,1,6.277,0,0.500,0,wallRun,wallRun,1.000,-1,-0.028 -0.242 -0.289 -0.127 0.248 0.060 -0.085 0.058 0.084 0.196
196,3.2667,wall,wallRun,289.000,14.620,28.017,0.000,0.000,14.000,14.000,0.000,27.067,0.00,0.00,0.00,0.00,0.000,0,,0,0.00,0.00,0.00,288.700,8.620,29.835,87.14,-16.84,58.15,6.277,0.087,0.00,1.00,0,0,1,0,0,0,-16.84,4.54,-3.28,0.1442,0.0744,0.5360,1,6.277,0,0.500,0,wallRun,wallRun,1.000,-1,-0.023 -0.243 -0.315 -0.188 0.237 0.056 -0.080 0.116 0.082 0.164
197,3.2833,wall,wallRun,289.000,14.620,28.250,0.000,0.000,14.000,14.000,0.000,27.300,0.00,0.00,0.00,0.00,0.000,0,,0,0.00,0.00,0.00,288.700,8.620,30.068,87.14,-16.84,58.15,6.277,0.087,0.00,1.00,0,0,1,0,0,0,-16.84,4.54,-3.30,0.1401,0.0759,0.5392,1,6.277,0,0.500,0,wallRun,wallRun,1.000,-1,-0.019 -0.242 -0.339 -0.231 0.229 0.040 -0.058 0.182 0.073 0.127
198,3.3000,wall,wallRun,289.000,14.620,28.483,0.000,0.000,14.000,14.000,0.000,27.533,0.00,0.00,0.00,0.00,0.000,0,,0,0.00,0.00,0.00,288.700,8.620,30.301,87.14,-16.84,58.15,6.277,0.087,0.00,1.00,0,0,1,0,0,0,-16.84,4.54,-3.32,0.1371,0.0775,0.5393,1,6.277,0,0.500,0,wallRun,wallRun,1.000,-1,-0.015 -0.240 -0.356 -0.250 0.226 0.026 0.045 0.196 0.051 0.081
199,3.3167,wall,wallRun,289.000,14.620,28.717,0.000,0.000,14.000,14.000,0.000,27.767,0.00,0.00,0.00,0.00,0.000,0,,0,0.00,0.00,0.00,288.700,8.620,30.535,87.14,-16.84,58.15,6.277,0.087,0.00,1.00,0,0,1,0,0,0,-16.84,4.55,-3.33,0.1493,0.0783,0.5307,1,6.277,0,0.500,0,wallRun,wallRun,1.000,-1,-0.013 -0.238 -0.363 -0.244 0.224 0.015 -0.035 0.270 0.076 0.052
200,3.3333,wall,wallRun,289.000,14.620,28.950,0.000,0.000,14.000,14.000,0.000,28.000,0.00,0.00,0.00,0.00,0.000,0,,0,0.00,0.00,0.00,288.700,8.620,30.768,87.14,-16.84,58.15,6.277,0.087,0.00,1.00,0,0,1,0,0,0,-16.84,4.55,-3.35,0.1616,0.0775,0.5302,1,6.277,0,0.500,0,wallRun,wallRun,1.000,-1,-0.012 -0.236 -0.358 -0.213 0.224 0.015 -0.031 0.295 0.069 0.012
201,3.3500,wall,wallRun,289.000,14.620,29.183,0.000,0.000,14.000,14.000,0.000,28.233,0.00,0.00,0.00,0.00,0.000,0,,0,0.00,0.00,0.00,288.700,8.620,31.001,87.14,-16.84,58.15,6.277,0.087,0.00,1.00,0,0,1,0,0,0,-16.84,4.55,-3.37,0.1686,0.0755,0.5270,1,6.277,0,0.500,0,wallRun,wallRun,1.000,-1,-0.013 -0.235 -0.343 -0.158 0.226 0.029 -0.027 0.320 0.063 -0.001
202,3.3667,wall,wallRun,289.000,14.620,29.417,0.000,0.000,14.000,14.000,0.000,28.467,0.00,0.00,0.00,0.00,0.000,0,,0,0.00,0.00,0.00,288.700,8.620,31.235,87.14,-16.84,58.15,6.277,0.087,0.00,1.00,0,0,1,0,0,0,-16.84,4.55,-3.38,0.1676,0.0728,0.5276,1,6.277,0,0.500,0,wallRun,wallRun,1.000,-1,-0.016 -0.236 -0.319 -0.086 0.231 0.030 -0.027 0.308 0.057 0.002
203,3.3833,wall,wallRun,289.000,14.620,29.650,0.000,0.000,14.000,14.000,0.000,28.700,0.00,0.00,0.00,0.00,0.000,0,,0,0.00,0.00,0.00,288.700,8.620,31.468,87.14,-16.84,58.15,6.277,0.087,0.00,1.00,0,0,1,0,0,0,-16.84,4.55,-3.40,0.1621,0.0714,0.5292,1,6.277,0,0.500,0,wallRun,wallRun,1.000,-1,-0.021 -0.239 -0.295 -0.011 0.244 -0.018 -0.036 0.277 0.051 0.014
204,3.4000,wall,wallRun,289.000,14.620,29.883,0.000,0.000,14.000,14.000,0.000,28.933,0.00,0.00,0.00,0.00,0.000,0,,0,0.00,0.00,0.00,288.700,8.620,31.701,87.14,-16.84,58.15,6.277,0.087,0.00,1.00,0,0,1,0,0,0,-16.84,4.55,-3.42,0.1543,0.0715,0.5313,1,6.277,0,0.500,0,wallRun,wallRun,1.000,-1,-0.026 -0.241 -0.275 0.050 0.263 -0.085 -0.046 0.233 0.047 0.036
205,3.4167,wall,wallRun,289.000,14.620,30.117,0.000,0.000,14.000,14.000,0.000,29.167,0.00,0.00,0.00,0.00,0.000,0,,0,0.00,0.00,0.00,288.700,8.620,31.935,87.14,-16.84,58.15,6.277,0.087,0.00,1.00,0,0,1,0,0,0,-16.84,4.56,-3.43,0.1468,0.0727,0.5339,1,6.277,0,0.500,0,wallRun,wallRun,1.000,-1,-0.032 -0.242 -0.258 0.069 0.287 -0.154 -0.055 0.187 0.048 0.069
206,3.4333,wall,wallRun,289.000,14.620,30.350,0.000,0.000,14.000,14.000,0.000,29.400,0.00,0.00,0.00,0.00,0.000,0,,0,0.00,0.00,0.00,288.700,8.620,32.168,87.14,-16.84,58.15,6.277,0.087,0.00,1.00,0,0,1,0,0,0,-16.84,4.56,-3.45,0.1459,0.0761,0.5380,1,6.277,0,0.500,0,wallRun,wallRun,1.000,-1,-0.037 -0.243 -0.255 0.058 0.312 -0.212 -0.061 0.155 0.044 0.140
207,3.4500,wall,wallRun,289.000,14.620,30.583,0.000,0.000,14.000,14.000,0.000,29.633,0.00,0.00,0.00,0.00,0.000,0,,0,0.00,0.00,0.00,288.700,8.620,32.401,87.14,-16.84,58.15,6.277,0.087,0.00,1.00,0,0,1,0,0,0,-16.84,4.56,-3.47,0.1400,0.0790,0.5414,1,6.277,0,0.500,0,wallRun,wallRun,1.000,-1,-0.041 -0.241 -0.251 0.043 0.334 -0.250 -0.051 0.114 0.005 0.184
208,3.4667,wall,wallRun,289.000,14.620,30.817,0.000,0.000,14.000,14.000,0.000,29.867,0.00,0.00,0.00,0.00,0.000,0,,0,0.00,0.00,0.00,288.700,8.620,32.635,87.14,-16.84,58.15,6.277,0.087,0.00,1.00,0,0,1,0,0,0,-16.84,4.56,-3.48,0.1463,0.0809,0.5364,1,6.277,0,0.500,0,wallRun,wallRun,1.000,-1,-0.045 -0.239 -0.249 0.029 0.348 -0.263 -0.072 0.075 0.049 0.232
209,3.4833,wall,wallRun,289.000,14.620,31.050,0.000,0.000,14.000,14.000,0.000,30.100,0.00,0.00,0.00,0.00,0.000,0,,0,0.00,0.00,0.00,288.700,8.620,32.868,87.14,-16.84,58.15,6.277,0.087,0.00,1.00,0,0,1,0,0,0,-16.84,4.56,-3.50,0.1508,0.0824,0.5314,1,6.277,0,0.500,0,wallRun,wallRun,1.000,-1,-0.047 -0.237 -0.247 0.019 0.352 -0.250 -0.079 0.030 0.074 0.271
210,3.5000,wall,wallRun,289.000,14.620,31.283,0.000,0.000,14.000,14.000,0.000,30.333,0.00,0.00,0.00,0.00,0.000,0,,0,0.00,0.00,0.00,288.700,8.620,33.101,87.14,-16.84,58.15,6.277,0.087,0.00,1.00,0,0,1,0,0,0,-16.84,4.56,-3.52,0.1634,0.0795,0.5291,1,6.277,0,0.500,0,wallRun,wallRun,1.000,-1,-0.047 -0.235 -0.245 0.024 0.344 -0.209 -0.085 0.012 0.084 0.302
211,3.5167,wall,wallRun,289.000,14.620,31.517,0.000,0.000,14.000,14.000,0.000,30.567,0.00,0.00,0.00,0.00,0.000,0,,0,0.00,0.00,0.00,288.700,8.620,33.335,87.14,-16.84,58.15,6.277,0.087,0.00,1.00,0,0,1,0,0,0,-16.84,4.56,-3.53,0.1712,0.0766,0.5256,1,6.277,0,0.500,0,wallRun,wallRun,1.000,-1,-0.045 -0.235 -0.245 0.045 0.327 -0.147 -0.086 0.003 0.097 0.336
212,3.5333,wall,wallRun,289.000,14.620,31.750,0.000,0.000,14.000,14.000,0.000,30.800,0.00,0.00,0.00,0.00,0.000,0,,0,0.00,0.00,0.00,288.700,8.620,33.568,87.14,-16.84,58.15,6.277,0.087,0.00,1.00,0,0,1,0,0,0,-16.84,4.57,-3.55,0.1670,0.0732,0.5273,1,6.277,0,0.500,0,wallRun,wallRun,1.000,-1,-0.041 -0.237 -0.247 0.025 0.303 -0.073 -0.088 0.007 0.106 0.308
213,3.5500,wall,wallRun,289.000,14.620,31.983,0.000,0.000,14.000,14.000,0.000,31.033,0.00,0.00,0.00,0.00,0.000,0,,0,0.00,0.00,0.00,288.700,8.620,33.801,87.14,-16.84,58.15,6.277,0.087,0.00,1.00,0,0,1,0,0,0,-16.84,4.57,-3.57,0.1598,0.0717,0.5294,1,6.277,0,0.500,0,wallRun,wallRun,1.000,-1,-0.036 -0.239 -0.259 -0.029 0.279 -0.000 -0.088 0.021 0.098 0.267
214,3.5667,wall,wallRun,289.000,14.620,32.217,0.000,0.000,14.000,14.000,0.000,31.267,0.00,0.00,0.00,0.00,0.000,0,,0,0.00,0.00,0.00,288.700,8.620,34.035,87.14,-16.84,58.15,6.277,0.087,0.00,1.00,0,0,1,0,0,0,-16.84,4.57,-3.58,0.1506,0.0720,0.5317,1,6.277,0,0.500,0,wallRun,wallRun,1.000,-1,-0.031 -0.241 -0.278 -0.097 0.255 0.049 -0.086 0.046 0.086 0.216
215,3.5833,wall,wallRun,289.000,14.620,32.450,0.000,0.000,14.000,14.000,0.000,31.500,0.00,0.00,0.00,0.00,0.000,0,,0,0.00,0.00,0.00,288.700,8.620,34.268,87.14,-16.84,58.15,6.277,0.087,0.00,1.00,0,0,1,0,0,0,-16.84,4.57,-3.60,0.1443,0.0737,0.5345,1,6.277,0,0.500,0,wallRun,wallRun,1.000,-1,-0.025 -0.243 -0.304 -0.164 0.242 0.062 -0.083 0.089 0.084 0.174
216,3.6000,wall,wallRun,289.000,14.620,32.683,0.000,0.000,14.000,14.000,0.000,31.733,0.00,0.00,0.00,0.00,0.000,0,,0,0.00,0.00,0.00,288.700,8.620,34.501,87.14,-16.84,58.15,6.277,0.087,0.00,1.00,0,0,1,0,0,0,-16.84,4.57,-3.62,0.1425,0.0754,0.5381,1,6.277,0,0.500,0,wallRun,wallRun,1.000,-1,-0.020 -0.243 -0.330 -0.217 0.232 0.046 -0.067 0.149 0.078 0.143
217,3.6167,wall,wallRun,289.000,14.620,32.917,0.000,0.000,14.000,14.000,0.000,31.967,0.00,0.00,0.00,0.00,0.000,0,,0,0.00,0.00,0.00,288.700,8.620,34.735,87.14,-16.84,58.15,6.277,0.087,0.00,1.00,0,0,1,0,0,0,-16.84,4.57,-3.63,0.1380,0.0770,0.5400,1,6.277,0,0.500,0,wallRun,wallRun,1.000,-1,-0.016 -0.241 -0.352 -0.249 0.227 0.032 -0.060 0.185 0.080 0.099
218,3.6333,wall,wallRun,289.000,14.620,33.150,0.000,0.000,14.000,14.000,0.000,32.200,0.00,0.00,0.00,0.00,0.000,0,,0,0.00,0.00,0.00,288.700,8.620,34.968,87.14,-16.84,58.15,6.277,0.087,0.00,1.00,0,0,1,0,0,0,-16.84,4.57,-3.65,0.1431,0.0782,0.5349,1,6.277,0,0.500,0,wallRun,wallRun,1.000,-1,-0.013 -0.239 -0.362 -0.251 0.225 0.018 -0.003 0.233 0.068 0.053
219,3.6500,wall,wallRun,289.000,14.620,33.383,0.000,0.000,14.000,14.000,0.000,32.433,0.00,0.00,0.00,0.00,0.000,0,,0,0.00,0.00,0.00,288.700,8.620,35.201,87.14,-16.84,58.15,6.277,0.087,0.00,1.00,0,0,1,0,0,0,-16.84,4.57,-3.67,0.1576,0.0780,0.5301,1,6.277,0,0.500,0,wallRun,wallRun,1.000,-1,-0.012 -0.237 -0.361 -0.228 0.224 0.014 -0.028 0.291 0.074 0.035
220,3.6667,wall,wallRun,289.000,14.620,33.617,0.000,0.000,14.000,14.000,0.000,32.667,0.00,0.00,0.00,0.00,0.000,0,,0,0.00,0.00,0.00,288.700,8.620,35.435,87.14,-16.84,58.15,6.277,0.087,0.00,1.00,0,0,1,0,0,0,-16.84,4.57,-3.68,0.1668,0.0763,0.5278,1,6.277,0,0.500,0,wallRun,wallRun,1.000,-1,-0.013 -0.236 -0.349 -0.182 0.225 0.024 -0.026 0.316 0.065 0.007
221,3.6833,wall,wallRun,289.000,14.620,33.850,0.000,0.000,14.000,14.000,0.000,32.900,0.00,0.00,0.00,0.00,0.000,0,,0,0.00,0.00,0.00,288.700,8.620,35.668,87.14,-16.84,58.15,6.277,0.087,0.00,1.00,0,0,1,0,0,0,-16.84,4.57,-3.70,0.1686,0.0735,0.5272,1,6.277,0,0.500,0,wallRun,wallRun,1.000,-1,-0.015 -0.236 -0.329 -0.116 0.226 0.031 -0.026 0.315 0.059 0.000
222,3.7000,wall,wallRun,289.000,14.620,34.083,0.000,0.000,14.000,14.000,0.000,33.133,0.00,0.00,0.00,0.00,0.000,0,,0,0.00,0.00,0.00,288.700,8.620,35.901,87.14,-16.84,58.15,6.277,0.087,0.00,1.00,0,0,1,0,0,0,-16.84,4.57,-3.72,0.1652,0.0719,0.5283,1,6.277,0,0.500,0,wallRun,wallRun,1.000,-1,-0.019 -0.238 -0.305 -0.043 0.238 0.007 -0.031 0.295 0.054 0.008
223,3.7167,wall,wallRun,289.000,14.620,34.317,0.000,0.000,14.000,14.000,0.000,33.367,0.00,0.00,0.00,0.00,0.000,0,,0,0.00,0.00,0.00,288.700,8.620,36.135,87.14,-16.84,58.15,6.277,0.087,0.00,1.00,0,0,1,0,0,0,-16.84,4.57,-3.73,0.1580,0.0712,0.5303,1,6.277,0,0.500,0,wallRun,wallRun,1.000,-1,-0.024 -0.240 -0.283 0.026 0.254 -0.055 -0.041 0.253 0.049 0.025
224,3.7333,wall,wallRun,289.000,14.620,34.550,0.000,0.000,14.000,14.000,0.000,33.600,0.00,0.00,0.00,0.00,0.000,0,,0,0.00,0.00,0.00,288.700,8.620,36.368,87.14,-16.84,58.15,6.277,0.087,0.00,1.00,0,0,1,0,0,0,-16.84,4.57,-3.75,0.1479,0.0722,0.5330,1,6.277,0,0.500,0,wallRun,wallRun,1.000,-1,-0.029 -0.242 -0.265 0.071 0.277 -0.126 -0.053 0.198 0.046 0.052
225,3.7500,wall,wallRun,289.000,14.620,34.783,0.000,0.000,14.000,14.000,0.000,33.833,0.00,0.00,0.00,0.00,0.000,0,,0,0.00,0.00,0.00,288.700,8.620,36.601,87.14,-16.84,58.15,6.277,0.087,0.00,1.00,0,0,1,0,0,0,-16.84,4.58,-3.77,0.1463,0.0750,0.5370,1,6.277,0,0.500,0,wallRun,wallRun,1.000,-1,-0.035 -0.243 -0.257 0.063 0.302 -0.192 -0.061 0.164 0.045 0.089
226,3.7667,wall,wallRun,289.000,14.620,35.017,0.000,0.000,14.000,14.000,0.000,34.067,0.00,0.00,0.00,0.00,0.000,0,,0,0.00,0.00,0.00,288.700,8.620,36.835,87.14,-16.84,58.15,6.277,0.087,0.00,1.00,0,0,1,0,0,0,-16.84,4.58,-3.78,0.1439,0.0780,0.5398,1,6.277,0,0.500,0,wallRun,wallRun,1.000,-1,-0.040 -0.242 -0.252 0.050 0.326 -0.238 -0.066 0.136 0.050 0.169
227,3.7833,wall,wallRun,289.000,14.620,35.250,0.000,0.000,14.000,14.000,0.000,34.300,0.00,0.00,0.00,0.00,0.000,0,,0,0.00,0.00,0.00,288.700,8.620,37.068,87.14,-16.84,58.15,6.277,0.087,0.00,1.00,0,0,1,0,0,0,-16.84,4.58,-3.80,0.1445,0.0845,0.5382,1,6.277,0,0.500,0,wallRun,wallRun,1.000,-1,-0.043 -0.240 -0.250 0.034 0.343 -0.260 -0.060 0.090 0.015 0.214
228,3.8000,wall,wallRun,289.000,14.620,35.483,0.000,0.000,14.000,14.000,0.000,34.533,0.00,0.00,0.00,0.00,0.000,0,,0,0.00,0.00,0.00,288.700,8.620,37.301,87.14,-16.84,58.15,6.277,0.087,0.00,1.00,0,0,1,0,0,0,-16.84,4.58,-3.82,0.1516,0.0811,0.5322,1,6.277,0,0.500,0,wallRun,wallRun,1.000,-1,-0.046 -0.238 -0.248 0.023 0.350 -0.256 -0.072 0.060 0.026 0.274
229,3.8167,wall,wallRun,289.000,14.620,35.717,0.000,0.000,14.000,14.000,0.000,34.767,0.00,0.00,0.00,0.00,0.000,0,,0,0.00,0.00,0.00,288.700,8.620,37.535,87.14,-16.84,58.15,6.277,0.087,0.00,1.00,0,0,1,0,0,0,-16.84,4.58,-3.83,0.1588,0.0802,0.5289,1,6.277,0,0.500,0,wallRun,wallRun,1.000,-1,-0.047 -0.236 -0.246 0.023 0.347 -0.227 -0.084 0.027 0.076 0.298
230,3.8333,wall,wallRun,289.000,14.620,35.950,0.000,0.000,14.000,14.000,0.000,35.000,0.00,0.00,0.00,0.00,0.000,0,,0,0.00,0.00,0.00,288.700,8.620,37.768,87.14,-16.84,58.15,6.277,0.087,0.00,1.00,0,0,1,0,0,0,-16.84,4.58,-3.85,0.1683,0.0778,0.5269,1,6.277,0,0.500,0,wallRun,wallRun,1.000,-1,-0.046 -0.235 -0.245 0.036 0.335 -0.175 -0.084 0.004 0.090 0.323
231,3.8500,wall,wallRun,289.000,14.620,36.183,0.000,0.000,14.000,14.000,0.000,35.233,0.00,0.00,0.00,0.00,0.000,0,,0,0.00,0.00,0.00,288.700,8.620,38.001,87.14,-16.84,58.15,6.277,0.087,0.00,1.00,0,0,1,0,0,0,-16.84,4.58,-3.87,0.1702,0.0746,0.5259,1,6.277,0,0.500,0,wallRun,wallRun,1.000,-1,-0.043 -0.236 -0.244 0.042 0.314 -0.106 -0.088 0.003 0.106 0.328
232,3.8667,wall,wallRun,289.000,14.620,36.417,0.000,0.000,14.000,14.000,0.000,35.467,0.00,0.00,0.00,0.00,0.000,0,,0,0.00,0.00,0.00,288.700,8.620,38.235,87.14,-16.84,58.15,6.277,0.087,0.00,1.00,0,0,1,0,0,0,-16.84,4.58,-3.88,0.1628,0.0721,0.5287,1,6.277,0,0.500,0,wallRun,wallRun,1.000,-1,-0.039 -0.238 -0.253 -0.002 0.290 -0.031 -0.088 0.014 0.102 0.283
233,3.8833,wall,wallRun,289.000,14.620,36.650,0.000,0.000,14.000,14.000,0.000,35.700,0.00,0.00,0.00,0.00,0.000,0,,0,0.00,0.00,0.00,288.700,8.620,38.468,87.14,-16.84,58.15,6.277,0.087,0.00,1.00,0,0,1,0,0,0,-16.84,4.58,-3.90,0.1529,0.0720,0.5316,1,6.277,0,0.500,0,wallRun,wallRun,1.000,-1,-0.033 -0.240 -0.269 -0.068 0.266 0.035 -0.087 0.033 0.093 0.226
234,3.9000,wall,wallRun,289.000,14.620,36.883,0.000,0.000,14.000,14.000,0.000,35.933,0.00,0.00,0.00,0.00,0.000,0,,0,0.00,0.00,0.00,288.700,8.620,38.701,87.14,-16.84,58.15,6.277,0.087,0.00,1.00,0,0,1,0,0,0,-16.84,4.58,-3.92,0.1448,0.0729,0.5329,1,6.277,0,0.500,0,wallRun,wallRun,1.000,-1,-0.028 -0.242 -0.293 -0.137 0.246 0.063 -0.084 0.063 0.085 0.188
235,3.9167,wall,wallRun,289.000,14.620,37.117,0.000,0.000,14.000,14.000,0.000,36.167,0.00,0.00,0.00,0.00,0.000,0,,0,0.00,0.00,0.00,288.700,8.620,38.935,87.14,-16.84,58.15,6.277,0.087,0.00,1.00,0,0,1,0,0,0,-16.84,4.58,-3.93,0.1440,0.0746,0.5365,1,6.277,0,0.500,0,wallRun,wallRun,1.000,-1,-0.022 -0.243 -0.319 -0.196 0.235 0.054 -0.077 0.122 0.082 0.159
236,3.9333,wall,wallRun,289.000,14.620,37.350,0.000,0.000,14.000,14.000,0.000,36.400,0.00,0.00,0.00,0.00,0.000,0,,0,0.00,0.00,0.00,288.700,8.620,39.168,87.14,-16.84,58.15,6.277,0.087,0.00,1.00,0,0,1,0,0,0,-16.84,4.58,-3.95,0.1391,0.0761,0.5396,1,6.277,0,0.500,0,wallRun,wallRun,1.000,-1,-0.018 -0.242 -0.342 -0.235 0.229 0.038 -0.057 0.187 0.073 0.121
237,3.9500,wall,wallRun,289.000,14.620,37.583,0.000,0.000,14.000,14.000,0.000,36.633,0.00,0.00,0.00,0.00,0.000,0,,0,0.00,0.00,0.00,288.700,8.620,39.401,87.14,-16.84,58.15,6.277,0.087,0.00,1.00,0,0,1,0,0,0,-16.84,4.58,-3.97,0.1373,0.0803,0.5389,1,6.277,0,0.500,0,wallRun,wallRun,1.000,-1,-0.014 -0.240 -0.358 -0.250 0.225 0.024 0.068 0.201 0.049 0.073
238,3.9667,wall,wallRun,289.000,14.620,37.817,0.000,0.000,14.000,14.000,0.000,36.867,0.00,0.00,0.00,0.00,0.000,0,,0,0.00,0.00,0.00,288.700,8.620,39.635,87.14,-16.84,58.15,6.277,0.087,0.00,1.00,0,0,1,0,0,0,-16.84,4.58,-3.98,0.1506,0.0782,0.5296,1,6.277,0,0.500,0,wallRun,wallRun,1.000,-1,-0.012 -0.238 -0.363 -0.240 0.224 0.015 -0.032 0.279 0.076 0.052
239,3.9833,wall,wallRun,289.000,14.620,38.050,0.000,0.000,14.000,14.000,0.000,37.100,0.00,0.00,0.00,0.00,0.000,0,,0,0.00,0.00,0.00,288.700,8.620,39.868,87.14,-16.84,58.15,6.277,0.087,0.00,1.00,0,0,1,0,0,0,-16.84,4.58,-4.00,0.1632,0.0772,0.5295,1,6.277,0,0.500,0,wallRun,wallRun,1.000,-1,-0.012 -0.236 -0.356 -0.205 0.224 0.017 -0.029 0.302 0.068 0.011
240,4.0000,wall,wallRun,289.000,14.620,38.283,0.000,0.000,14.000,14.000,0.000,37.333,0.00,0.00,0.00,0.00,0.000,0,,0,0.00,0.00,0.00,288.700,8.620,40.101,87.14,-16.84,58.15,6.277,0.087,0.00,1.00,0,0,1,0,0,0,-16.84,4.58,-4.02,0.1688,0.0749,0.5270,1,6.277,0,0.500,0,wallRun,wallRun,1.000,-1,-0.013 -0.235 -0.339 -0.148 0.225 0.030 -0.027 0.319 0.062 -0.001
241,4.0167,wall,wallRun,289.000,14.620,38.517,0.000,0.000,14.000,14.000,0.000,37.567,0.00,0.00,0.00,0.00,0.000,0,,0,0.00,0.00,0.00,288.700,8.620,40.335,87.14,-16.84,58.15,6.277,0.087,0.00,1.00,0,0,1,0,0,0,-16.84,4.58,-4.03,0.1670,0.0728,0.5278,1,6.277,0,0.500,0,wallRun,wallRun,1.000,-1,-0.017 -0.237 -0.316 -0.076 0.233 0.029 -0.028 0.305 0.056 0.003
242,4.0333,wall,wallRun,289.000,14.620,38.750,0.000,0.000,14.000,14.000,0.000,37.800,0.00,0.00,0.00,0.00,0.000,0,,0,0.00,0.00,0.00,288.700,8.620,40.568,87.14,-16.84,58.15,6.277,0.087,0.00,1.00,0,0,1,0,0,0,-16.84,4.58,-4.05,0.1608,0.0713,0.5296,1,6.277,0,0.500,0,wallRun,wallRun,1.000,-1,-0.022 -0.239 -0.292 -0.002 0.247 -0.028 -0.037 0.269 0.051 0.016
243,4.0500,wall,wallRun,289.000,14.620,38.983,0.000,0.000,14.000,14.000,0.000,38.033,0.00,0.00,0.00,0.00,0.000,0,,0,0.00,0.00,0.00,288.700,8.620,40.801,87.14,-16.84,58.15,6.277,0.087,0.00,1.00,0,0,1,0,0,0,-16.84,4.58,-4.07,0.1526,0.0716,0.5318,1,6.277,0,0.500,0,wallRun,wallRun,1.000,-1,-0.027 -0.241 -0.272 0.058 0.266 -0.095 -0.048 0.223 0.047 0.039
244,4.0667,wall,wallRun,289.000,14.620,39.217,0.000,0.000,14.000,14.000,0.000,38.267,0.00,0.00,0.00,0.00,0.000,0,,0,0.00,0.00,0.00,288.700,8.620,41.035,87.14,-16.84,58.15,6.277,0.087,0.00,1.00,0,0,1,0,0,0,-16.84,4.58,-4.08,0.1469,0.0732,0.5346,1,6.277,0,0.500,0,wallRun,wallRun,1.000,-1,-0.032 -0.243 -0.257 0.068 0.291 -0.163 -0.057 0.183 0.047 0.074
245,4.0833,wall,wallRun,289.000,14.620,39.450,0.000,0.000,14.000,14.000,0.000,38.500,0.00,0.00,0.00,0.00,0.000,0,,0,0.00,0.00,0.00,288.700,8.620,41.268,87.14,-16.84,58.15,6.277,0.087,0.00,1.00,0,0,1,0,0,0,-16.84,4.58,-4.10,0.1455,0.0766,0.5384,1,6.277,0,0.500,0,wallRun,wallRun,1.000,-1,-0.038 -0.243 -0.254 0.056 0.315 -0.218 -0.061 0.151 0.045 0.152
246,4.1000,wall,wallRun,289.000,14.620,39.683,0.000,0.000,14.000,14.000,0.000,38.733,0.00,0.00,0.00,0.00,0.000,0,,0,0.00,0.00,0.00,288.700,8.620,41.501,87.14,-16.84,58.15,6.277,0.087,0.00,1.00,0,0,1,0,0,0,-16.84,4.58,-4.12,0.1414,0.0793,0.5405,1,6.277,0,0.500,0,wallRun,wallRun,1.000,-1,-0.042 -0.241 -0.251 0.041 0.336 -0.252 -0.047 0.108 -0.008 0.194
247,4.1167,wall,wallRun,289.000,14.620,39.917,0.000,0.000,14.000,14.000,0.000,38.967,0.00,0.00,0.00,0.00,0.000,0,,0,0.00,0.00,0.00,288.700,8.620,41.735,87.14,-16.84,58.15,6.277,0.087,0.00,1.00,0,0,1,0,0,0,-16.84,4.58,-4.13,0.1483,0.0810,0.5351,1,6.277,0,0.500,0,wallRun,wallRun,1.000,-1,-0.045 -0.239 -0.249 0.027 0.348 -0.261 -0.071 0.074 0.037 0.248
248,4.1333,wall,wallRun,289.000,14.620,40.150,0.000,0.000,14.000,14.000,0.000,39.200,0.00,0.00,0.00,0.00,0.000,0,,0,0.00,0.00,0.00,288.700,8.620,41.968,87.14,-16.84,58.15,6.277,0.087,0.00,1.00,0,0,1,0,0,0,-16.84,4.58,-4.15,0.1524,0.0810,0.5303,1,6.277,0,0.500,0,wallRun,wallRun,1.000,-1,-0.047 -0.236 -0.247 0.020 0.351 -0.244 -0.080 0.031 0.074 0.280
249,4.1500,wall,wallRun,289.000,14.620,40.383,0.000,0.000,14.000,14.000,0.000,39.433,0.00,0.00,0.00,0.00,0.000,0,,0,0.00,0.00,0.00,288.700,8.620,42.201,87.14,-16.84,58.15,6.277,0.087,0.00,1.00,0,0,1,0,0,0,-16.84,4.58,-4.17,0.1636,0.0793,0.5289,1,6.277,0,0.500,0,wallRun,wallRun,1.000,-1,-0.047 -0.235 -0.245 0.025 0.343 -0.203 -0.084 0.005 0.088 0.301
250,4.1667,air,jumpLaunch,289.000,14.590,40.615,0.000,0.000,13.800,13.800,0.000,39.665,0.00,0.00,0.00,0.00,0.000,0,,0,0.00,0.00,0.00,288.700,8.617,42.434,87.12,-17.03,58.15,6.251,0.087,0.00,1.00,0,0,1,0,0,0,-17.03,4.58,-4.18,0.1475,0.0690,0.5151,1,6.251,0,0.498,0,wallRun,wallRun,1.000,-1,-0.045 -0.190 -0.244 0.063 0.324 -0.133 -0.086 0.025 0.101 0.281
251,4.1833,air,jumpLaunch,289.000,14.593,40.840,0.000,0.267,13.400,13.403,0.267,39.890,0.00,0.00,0.00,0.00,0.000,0,,0,0.00,0.00,0.00,288.700,8.613,42.666,87.13,-17.37,58.15,6.260,0.088,0.00,1.00,0,0,1,0,0,0,-17.37,4.58,-4.20,0.1178,0.0665,0.5047,1,6.260,0,0.494,0,jumpLaunch,wallRun,1.000,2,-0.059 -0.085 -0.251 0.055 0.296 -0.042 -0.097 0.103 0.129 0.113
252,4.2000,air,jumpLaunch,289.000,14.601,41.058,0.000,0.533,13.000,13.011,0.533,40.108,0.00,0.00,0.00,0.00,0.000,0,,0,0.00,0.00,0.00,288.700,8.609,42.895,87.13,-17.85,58.15,6.274,0.090,0.00,1.00,0,0,1,0,0,0,-17.85,4.58,-4.22,0.1197,0.0668,0.4879,1,6.274,0,0.487,0,jumpLaunch,wallRun,1.000,2,-0.073 0.015 -0.259 0.033 0.280 0.018 -0.106 0.188 0.147 -0.002
253,4.2167,air,jumpLaunch,289.000,14.613,41.270,0.000,0.800,12.600,12.625,0.800,40.320,0.00,0.00,0.00,0.00,0.000,0,,1,293.42,15.30,40.89,288.700,8.607,43.120,87.14,-18.44,58.14,6.291,0.091,0.00,1.00,0,0,1,0,0,0,-18.44,4.58,-4.23,0.1472,0.0674,0.4801,1,6.291,0,0.479,0,jumpLaunch,wallRun,1.000,2,-0.083 0.114 -0.270 -0.007 0.265 0.071 -0.110 0.283 0.155 -0.067
254,4.2333,air,jumpLaunch,289.000,14.630,41.475,0.000,1.067,12.200,12.247,1.067,40.525,0.00,0.00,0.00,0.00,0.000,0,,1,293.42,15.30,40.89,288.700,8.609,43.339,87.15,-19.10,58.14,6.310,0.093,0.00,1.00,0,0,1,0,0,0,-19.10,4.58,-4.25,0.1646,0.0676,0.4705,1,6.310,0,0.470,0,jumpLaunch,wallRun,1.000,2,-0.088 0.209 -0.283 -0.049 0.252 0.105 -0.107 0.362 0.152 -0.104
255,4.2500,air,jumpLaunch,289.000,14.651,41.673,0.000,1.333,11.800,11.875,1.333,40.723,0.00,0.00,0.00,0.00,0.000,0,,1,293.42,15.30,40.89,288.700,8.614,43.553,87.15,-19.78,58.14,6.330,0.095,0.00,1.00,0,0,1,0,0,0,-19.78,4.58,-4.27,0.1690,0.0690,0.4621,1,6.330,0,0.461,0,jumpLaunch,wallRun,1.000,2,-0.089 0.298 -0.298 -0.082 0.239 0.117 -0.094 0.402 0.146 -0.121
256,4.2667,air,jumpLaunch,289.000,14.677,41.865,0.000,1.600,11.400,11.512,1.600,40.915,0.00,0.00,0.00,0.00,0.000,0,,1,293.42,15.30,40.89,288.700,8.624,43.760,87.16,-20.48,58.14,6.350,0.096,0.00,1.00,0,0,1,0,0,0,-20.48,4.58,-4.28,0.1563,0.0749,0.4561,1,6.350,0,0.451,0,jumpLaunch,wallRun,1.000,2,-0.085 0.378 -0.315 -0.098 0.228 0.104 -0.077 0.375 0.139 -0.132
257,4.2833,air,jumpLaunch,289.000,14.707,42.050,0.000,1.867,11.000,11.157,1.867,41.100,0.00,0.00,0.00,0.00,0.000,0,,1,293.42,15.30,40.89,288.700,8.638,43.961,87.17,-21.17,58.14,6.370,0.097,0.00,1.00,0,0,1,0,0,0,-21.17,4.58,-4.30,0.1425,0.0814,0.4451,1,6.370,0,0.442,0,jumpLaunch,wallRun,1.000,2,-0.077 0.446 -0.329 -0.091 0.217 0.075 -0.059 0.278 0.132 -0.146
258,4.3000,air,jumpLaunch,289.000,14.741,42.228,0.000,2.133,10.600,10.813,2.133,41.278,0.00,0.00,0.00,0.00,0.000,0,,1,293.42,15.30,40.89,288.700,8.656,44.156,87.18,-21.84,58.13,6.391,0.097,0.00,1.00,0,0,1,0,0,0,-21.84,4.58,-4.32,0.1414,0.0628,0.4322,1,6.391,0,0.433,0,jumpLaunch,jumpLaunchHigh,1.000,2,-0.065 0.499 -0.333 -0.067 0.204 0.041 -0.053 0.148 0.139 -0.080
259,4.3167,air,jumpLaunch,289.000,14.780,42.400,0.000,2.400,10.200,10.479,2.400,41.450,0.00,0.00,0.00,0.00,0.000,0,,1,293.42,15.30,40.89,288.700,8.678,44.344,87.19,-22.48,58.13,6.411,0.097,0.00,1.00,0,0,1,0,0,0,-22.48,4.58,-4.33,0.1418,0.0608,0.4222,1,6.411,0,0.424,0,jumpLaunch,jumpLaunchHigh,1.000,2,-0.051 0.538 -0.327 -0.033 0.188 0.010 -0.067 0.012 0.151 -0.104
260,4.3333,air,rise,289.000,14.823,42.565,0.000,2.667,9.800,10.156,2.667,41.615,0.00,0.00,0.00,0.00,0.000,0,,1,293.42,15.30,40.89,288.700,8.705,44.526,87.19,-23.09,58.13,6.432,0.096,0.00,1.00,0,0,1,0,0,0,-23.09,4.00,-4.35,0.1429,0.0536,0.4130,1,6.432,0,0.416,0,jumpLaunch,jumpLaunchHigh,1.000,2,-0.038 0.559 -0.276 -0.030 0.164 -0.002 -0.067 -0.086 0.140 -0.132
261,4.3500,air,rise,289.000,14.871,42.723,0.000,2.933,9.400,9.847,2.933,41.773,0.00,0.00,0.00,0.00,0.000,0,,1,293.42,15.30,40.89,288.700,8.736,44.701,87.20,-23.66,58.12,6.452,0.094,0.00,1.00,0,0,1,0,0,0,-23.66,2.50,-4.37,0.1499,0.0501,0.4070,1,6.452,0,0.408,0,air_rise,jumpLaunchHigh,1.000,2,-0.024 0.572 -0.212 -0.040 0.138 -0.012 -0.099 -0.223 0.134 -0.160
262,4.3667,air,rise,289.000,14.923,42.875,0.000,3.200,9.000,9.552,3.200,41.925,0.00,0.00,0.00,0.00,0.000,0,,1,293.42,15.30,40.89,288.700,8.772,44.869,87.21,-24.20,58.12,6.473,0.092,0.00,1.00,0,0,1,0,0,0,-24.20,0.42,-4.38,0.1654,0.0472,0.4017,1,6.473,0,0.401,0,air_rise,jumpLaunchHigh,1.000,2,-0.011 0.564 -0.146 -0.016 0.138 0.083 -0.133 -0.333 0.127 -0.188
263,4.3833,air,rise,289.000,14.980,43.020,0.000,3.467,8.600,9.272,3.467,42.070,0.00,0.00,0.00,0.00,0.000,0,,1,293.42,15.30,40.89,288.700,8.812,45.031,87.22,-24.70,58.12,6.494,0.089,0.00,1.00,0,0,1,0,0,0,-24.70,-2.01,-4.40,0.1916,0.0475,0.4022,1,6.494,0,0.395,0,air_rise,jumpLaunchHigh,1.000,2,0.008 0.552 -0.114 0.127 0.155 0.248 -0.140 -0.425 0.118 -0.212
264,4.4000,air,rise,289.000,15.041,43.158,0.000,3.733,8.200,9.010,3.733,1.316,0.00,0.00,0.00,0.00,0.000,0,,1,293.42,15.30,40.89,288.700,8.857,45.186,87.22,-24.96,58.11,6.515,0.085,0.00,1.00,0,0,1,0,0,0,-24.96,-4.06,-4.42,0.2097,0.0596,0.4025,1,6.515,0,0.392,0,air_rise,jumpLaunchHigh,1.000,2,0.032 0.532 -0.117 0.324 0.198 0.408 -0.191 -0.585 0.075 -0.519
265,4.4167,air,rise,289.000,15.107,43.290,0.000,4.000,7.800,8.766,4.000,1.448,0.00,0.00,0.00,0.00,0.000,0,,1,293.42,15.30,40.89,288.700,8.906,45.334,87.23,-24.86,58.11,6.536,0.081,0.00,1.00,0,0,1,0,0,0,-24.86,-5.29,-4.43,0.2317,0.0616,0.3998,1,6.536,0,0.395,0,air_rise,jumpLaunchHigh,1.000,2,0.062 0.507 -0.110 0.514 0.252 0.533 -0.208 -0.673 0.027 -0.596
266,4.4333,air,rise,289.000,15.177,43.415,0.000,4.267,7.400,8.542,4.267,1.573,0.00,0.00,0.00,0.00,0.000,0,,1,293.42,15.30,40.89,288.700,8.960,45.476,87.24,-24.49,58.11,6.556,0.077,0.00,1.00,0,0,1,0,0,0,-24.49,-5.92,-4.45,0.2600,0.0659,0.4014,1,6.556,0,0.403,0,air_rise,jumpLaunchHigh,1.000,2,0.098 0.494 -0.092 0.650 0.314 0.614 -0.262 -0.752 -0.012 -0.676
267,4.4500,air,rise,289.000,15.251,43.533,0.000,4.533,7.000,8.340,4.533,1.691,0.00,0.00,0.00,0.00,0.000,0,,1,293.42,15.30,40.89,288.700,9.018,45.611,87.24,-23.93,58.10,6.577,0.073,0.00,1.00,0,0,1,0,0,0,-23.93,-6.12,-4.47,0.2865,0.0742,0.4018,1,6.577,0,0.413,0,air_rise,jumpLaunchHigh,1.000,2,0.136 0.478 -0.047 0.758 0.387 0.668 -0.318 -0.795 -0.050 -0.728
268,4.4667,air,rise,289.000,15.330,43.645,0.000,4.800,6.600,8.161,4.800,1.803,0.00,0.00,0.00,0.00,0.000,0,,1,293.42,15.30,40.89,288.700,9.080,45.739,87.25,-23.25,58.10,6.598,0.069,0.00,1.00,0,0,1,0,0,0,-23.25,-6.02,-4.48,0.2928,0.0846,0.4064,1,6.598,0,0.425,0,air_rise,jumpLaunchHigh,1.000,2,0.177 0.479 0.006 0.824 0.452 0.695 -0.371 -0.771 -0.076 -0.729
269,4.4833,air,rise,289.000,15.413,43.750,0.000,5.067,6.200,8.007,5.067,1.908,0.00,0.00,0.00,0.00,0.000,0,,1,293.42,15.30,40.89,288.700,9.147,45.860,87.26,-22.47,58.10,6.619,0.064,0.00,1.00,0,0,1,0,0,0,-22.47,-5.71,-4.50,0.2965,0.1009,0.4176,1,6.619,0,0.439,0,air_rise,jumpLaunchHigh,1.000,2,0.208 0.474 0.081 0.761 0.533 0.596 -0.415 -0.737 -0.101 -0.736
270,4.5000,air,rise,289.000,15.501,43.848,0.000,5.333,5.800,7.879,5.333,2.006,0.00,0.00,0.00,0.00,0.000,0,,1,293.42,15.30,40.89,288.700,9.218,45.975,87.27,-21.65,58.09,6.640,0.060,0.00,1.00,0,0,1,0,0,0,-21.65,-5.27,-4.52,0.2991,0.1071,0.4292,1,6.640,0,0.453,0,air_rise,jumpLaunchHigh,1.000,2,0.235 0.474 0.104 0.882 0.570 0.647 -0.443 -0.687 -0.122 -0.731
271,4.5167,air,rise,289.000,15.593,43.940,0.000,5.600,5.400,7.779,5.600,2.098,0.00,0.00,0.00,0.00,0.000,0,,1,293.42,15.30,40.89,288.700,9.294,46.084,87.27,-20.82,58.09,6.661,0.056,0.00,1.00,0,0,1,0,0,0,-20.82,-4.76,-4.53,0.2967,0.1113,0.4439,1,6.661,0,0.468,0,air_rise,airRise,1.000,2,0.259 0.471 0.147 0.885 0.600 0.686 -0.461 -0.637 -0.142 -0.727
272,4.5333,air,rise,289.000,15.690,44.025,0.000,5.867,5.000,7.708,5.867,2.183,0.00,0.00,0.00,0.00,0.000,0,,1,293.42,15.30,40.89,288.700,9.374,46.185,87.28,-19.98,58.09,6.681,0.052,0.00,1.00,0,0,1,0,0,0,-19.98,-4.21,-4.55,0.2907,0.1124,0.4600,1,6.681,0,0.482,0,air_rise,airRise,1.000,2,0.280 0.469 0.191 0.869 0.615 0.711 -0.466 -0.582 -0.152 -0.718
273,4.5500,air,rise,289.000,15.791,44.103,0.000,6.133,4.600,7.667,6.133,2.261,0.00,0.00,0.00,0.00,0.000,0,,0,0.00,0.00,0.00,288.700,9.459,46.280,87.29,-19.17,58.08,6.702,0.048,0.00,1.00,0,0,1,0,0,0,-19.17,-3.66,-4.57,0.2849,0.1121,0.4763,1,6.702,0,0.497,0,air_rise,airRise,1.000,2,0.297 0.465 0.231 0.849 0.621 0.722 -0.468 -0.538 -0.158 -0.713
274,4.5667,air,rise,289.000,15.897,44.175,0.000,6.400,4.200,7.655,6.400,2.333,0.00,0.00,0.00,0.00,0.000,0,,0,0.00,0.00,0.00,288.700,9.548,46.369,87.29,-18.39,58.08,6.723,0.044,0.00,1.00,0,0,1,0,0,0,-18.39,-3.12,-4.58,0.2666,0.1112,0.4864,1,6.723,0,0.510,0,air_spread,airRise,1.000,2,0.311 0.460 0.263 0.825 0.617 0.722 -0.472 -0.509 -0.279 -0.700
275,4.5833,air,rise,289.000,16.007,44.240,0.000,6.667,3.800,7.674,6.667,2.398,0.00,0.00,0.00,0.00,0.000,0,,0,0.00,0.00,0.00,288.700,9.642,46.450,87.30,-17.65,58.08,6.744,0.041,0.00,1.00,0,0,1,0,0,0,-17.65,-2.60,-4.60,0.2615,0.1130,0.5000,1,6.744,0,0.523,0,air_spread,airRise,1.000,2,0.321 0.457 0.268 0.811 0.629 0.709 -0.466 -0.490 -0.279 -0.684
276,4.6000,air,rise,289.000,16.121,44.298,0.000,6.933,3.400,7.722,6.933,2.456,0.00,0.00,0.00,0.00,0.000,0,,0,0.00,0.00,0.00,288.700,9.740,46.525,87.31,-16.95,58.07,6.765,0.037,0.00,1.00,0,0,1,0,0,0,-16.95,-2.12,-4.62,0.2586,0.1133,0.5147,1,6.765,0,0.536,0,air_spread,airRise,1.000,2,0.328 0.456 0.253 0.795 0.637 0.694 -0.476 -0.451 -0.267 -0.682
277,4.6167,air,rise,289.000,16.240,44.352,0.000,7.200,3.180,7.871,7.200,2.510,0.00,0.00,0.00,0.00,0.000,0,,0,0.00,0.00,0.00,288.700,9.842,46.594,87.32,-16.28,58.07,6.786,0.035,0.00,1.00,0,0,1,0,0,0,-16.28,-1.68,-4.63,0.2598,0.1115,0.5307,1,6.786,0,0.547,0,air_spread,airRise,1.000,2,0.331 0.457 0.217 0.779 0.640 0.672 -0.476 -0.429 -0.234 -0.694
278,4.6333,air,apex,289.000,16.363,44.403,0.000,7.467,2.960,8.032,7.467,2.560,0.00,0.00,0.00,0.00,0.000,0,,0,0.00,0.00,0.00,288.700,9.949,46.657,87.32,-15.65,58.07,6.805,0.032,0.00,1.00,0,0,1,0,0,0,-15.65,-1.28,-4.65,0.2601,0.1110,0.5453,1,6.805,0,0.558,0,air_spread,airRise,1.000,2,0.330 0.459 0.160 0.764 0.642 0.636 -0.484 -0.424 -0.210 -0.699
279,4.6500,air,apex,289.000,16.491,44.449,0.000,7.733,2.740,8.204,7.733,2.607,0.00,0.00,0.00,0.00,0.000,0,,0,0.00,0.00,0.00,288.700,10.061,46.715,87.33,-15.05,58.06,6.824,0.030,0.00,1.00,0,0,1,0,0,0,-15.05,-0.92,-4.67,0.2595,0.1104,0.5585,1,6.824,0,0.568,0,air_spread,airRise,1.000,2,0.326 0.464 0.085 0.749 0.645 0.583 -0.489 -0.426 -0.196 -0.697
280,4.6667,air,apex,289.000,16.623,44.492,0.000,8.000,2.520,8.388,8.000,2.650,0.00,0.00,0.00,0.00,0.000,0,,0,0.00,0.00,0.00,288.700,10.176,46.768,87.34,-14.50,58.06,6.843,0.028,0.00,1.00,0,0,1,0,0,0,-14.50,-0.60,-4.68,0.2573,0.1119,0.5697,1,6.843,0,0.578,0,air_spread,releaseSpread,1.000,2,0.319 0.470 -0.005 0.738 0.655 0.512 -0.509 -0.427 -0.172 -0.696
281,4.6833,air,apex,289.000,16.760,44.531,0.000,8.267,2.300,8.581,8.267,2.689,0.00,0.00,0.00,0.00,0.000,0,,0,0.00,0.00,0.00,288.700,10.297,46.817,87.34,-13.99,58.06,6.862,0.026,0.00,1.00,0,0,1,0,0,0,-13.99,-0.32,-4.70,0.2576,0.1102,0.5811,1,6.862,0,0.586,0,air_spread,releaseSpread,1.000,2,0.308 0.478 -0.101 0.727 0.627 0.271 -0.537 -0.429 -0.142 -0.697
282,4.7000,air,apex,289.000,16.901,44.567,0.000,8.533,2.080,8.783,8.533,2.725,0.00,0.00,0.00,0.00,0.000,0,,0,0.00,0.00,0.00,288.700,10.421,46.862,87.35,-13.53,58.06,6.881,0.025,0.00,1.00,0,0,1,0,0,0,-13.53,-0.07,-4.72,0.2548,0.1153,0.5901,1,6.881,0,0.594,0,air_spread,releaseSpread,1.000,2,0.294 0.487 -0.197 0.717 0.664 0.213 -0.557 -0.444 -0.154 -0.667
283,4.7167,air,apex,289.000,17.047,44.599,0.000,8.800,1.860,8.994,8.800,2.757,0.00,0.00,0.00,0.00,0.000,0,,0,0.00,0.00,0.00,288.700,10.553,46.904,87.36,-13.11,58.05,6.897,0.024,0.00,1.00,0,0,1,0,0,0,-13.11,0.15,-4.73,0.2549,0.1199,0.5996,1,6.897,0,0.601,0,air_spread,releaseSpread,1.000,2,0.276 0.497 -0.285 0.709 0.700 0.173 -0.568 -0.468 -0.120 -0.661
284,4.7333,air,apex,289.000,17.196,44.627,0.000,9.000,1.640,9.148,9.000,2.785,0.00,0.00,0.00,0.00,0.000,0,,0,0.00,0.00,0.00,288.701,10.703,46.941,87.36,-12.77,58.05,6.900,0.024,0.00,1.00,0,0,1,0,0,0,-12.77,0.33,-4.75,0.2544,0.1241,0.6082,1,6.900,0,0.608,0,air_spread,releaseSpread,1.000,2,0.254 0.507 -0.361 0.699 0.732 0.153 -0.573 -0.497 -0.077 -0.649
285,4.7500,air,apex,289.000,17.346,44.652,0.000,9.000,1.420,9.111,9.000,2.809,0.00,0.00,0.00,0.00,0.000,0,,0,0.00,0.00,0.00,288.701,10.853,46.975,87.37,-12.46,58.05,6.903,0.023,0.00,1.00,0,0,1,0,0,0,-12.46,0.49,-4.77,0.2524,0.1268,0.6158,1,6.903,0,0.614,0,air_spread,releaseSpread,1.000,2,0.229 0.517 -0.425 0.686 0.754 0.151 -0.570 -0.529 -0.030 -0.631
286,4.7667,air,apex,289.000,17.496,44.673,0.000,9.000,1.200,9.080,9.000,2.830,0.00,0.00,0.00,0.00,0.000,0,,0,0.00,0.00,0.00,288.702,11.003,47.005,87.37,-12.19,58.05,6.906,0.023,0.00,1.00,0,0,1,0,0,0,-12.19,0.63,-4.78,0.2488,0.1281,0.6228,1,6.906,0,0.619,0,air_spread,releaseSpread,1.000,2,0.200 0.526 -0.480 0.668 0.766 0.164 -0.559 -0.563 0.013 -0.611
287,4.7833,air,apex,289.000,17.646,44.690,0.000,9.000,0.980,9.053,9.000,2.848,0.00,0.00,0.00,0.00,0.000,0,,0,0.00,0.00,0.00,288.702,11.153,47.031,87.37,-11.95,58.04,6.909,0.022,0.00,1.00,0,0,1,0,0,0,-11.95,0.74,-4.80,0.2438,0.1310,0.6294,1,6.909,0,0.624,0,air_spread,releaseSpread,1.000,2,0.169 0.535 -0.528 0.645 0.768 0.185 -0.539 -0.597 0.052 -0.592
288,4.8000,air,apex,289.000,17.796,44.703,0.000,9.000,0.760,9.032,9.000,2.861,0.00,0.00,0.00,0.00,0.000,0,,0,0.00,0.00,0.00,288.702,11.303,47.054,87.38,-11.74,58.04,6.912,0.022,0.00,1.00,0,0,1,0,0,0,-11.74,0.83,-4.82,0.2379,0.1351,0.6360,1,6.912,0,0.629,0,air_spread,releaseSpread,1.000,2,0.135 0.542 -0.572 0.615 0.760 0.212 -0.510 -0.631 0.086 -0.576
289,4.8167,air,apex,289.000,17.946,44.713,0.000,9.000,0.540,9.016,9.000,2.871,0.00,0.00,0.00,0.00,0.000,0,,0,0.00,0.00,0.00,288.703,11.453,47.073,87.38,-11.55,58.04,6.915,0.022,0.00,1.00,0,0,1,0,0,0,-11.55,0.91,-4.83,0.2316,0.1375,0.6425,1,6.915,0,0.633,0,air_spread,releaseSpread,1.000,2,0.099 0.548 -0.611 0.578 0.743 0.242 -0.471 -0.660 0.115 -0.567
290,4.8333,air,apex,289.000,18.096,44.720,0.000,9.000,0.320,9.006,9.000,2.877,0.00,0.00,0.00,0.00,0.000,0,,0,0.00,0.00,0.00,288.703,11.603,47.089,87.38,-11.39,58.04,6.918,0.022,0.00,1.00,0,0,1,0,0,0,-11.39,0.97,-4.85,0.2250,0.1389,0.6489,1,6.918,0,0.637,0,air_spread,releaseSpread,1.000,2,0.062 0.552 -0.646 0.536 0.721 0.273 -0.426 -0.687 0.144 -0.560
291,4.8500,air,apex,289.000,18.246,44.722,0.000,9.000,0.100,9.001,9.000,2.880,0.00,0.00,0.00,0.00,0.000,0,,0,0.00,0.00,0.00,288.703,11.753,47.100,87.38,-11.25,58.04,6.921,0.023,0.00,1.00,0,0,1,0,0,0,-11.25,1.02,-4.87,0.2173,0.1397,0.6550,1,6.921,0,0.640,0,air_spread,releaseSpread,1.000,2,0.023 0.553 -0.679 0.491 0.696 0.302 -0.378 -0.710 0.174 -0.550
292,4.8667,air,apex,289.000,18.396,44.721,0.000,9.000,-0.120,9.001,9.000,2.879,0.00,0.00,0.00,0.00,0.000,0,,0,0.00,0.00,0.00,288.703,11.903,47.109,87.38,-11.12,58.04,6.925,0.023,0.00,1.00,0,0,1,0,0,0,-11.12,1.06,-4.88,0.2125,0.1401,0.6589,1,6.925,0,0.643,0,air_spread,releaseSpread,1.000,2,-0.015 0.553 -0.710 0.444 0.670 0.329 -0.328 -0.732 0.203 -0.537
293,4.8833,air,apex,289.000,18.546,44.716,0.000,9.000,-0.340,9.006,9.000,2.874,0.00,0.00,0.00,0.00,0.000,0,,0,0.00,0.00,0.00,288.703,12.053,47.113,87.38,-11.02,58.03,6.928,0.023,0.00,1.00,0,0,1,0,0,0,-11.02,1.09,-4.90,0.2100,0.1401,0.6609,1,6.928,0,0.646,0,air_spread,releaseSpread,1.000,2,-0.053 0.550 -0.737 0.395 0.642 0.353 -0.278 -0.750 0.232 -0.522
294,4.9000,air,apex,289.000,18.696,44.708,0.000,9.000,-0.560,9.017,9.000,2.866,0.00,0.00,0.00,0.00,0.000,0,,0,0.00,0.00,0.00,288.703,12.203,47.114,87.38,-10.93,58.03,6.931,0.023,0.00,1.00,0,0,1,0,0,0,-10.93,1.10,-4.92,0.2108,0.1396,0.6645,1,6.931,0,0.649,0,air_spread,releaseSpread,1.000,2,-0.090 0.546 -0.760 0.344 0.614 0.375 -0.227 -0.765 0.259 -0.504
295,4.9167,air,apex,289.000,18.846,44.696,0.000,9.000,-0.780,9.034,9.000,2.854,0.00,0.00,0.00,0.00,0.000,0,,0,0.00,0.00,0.00,288.703,12.353,47.111,87.38,-10.86,58.03,6.934,0.023,0.00,1.00,0,0,1,0,0,0,-10.86,1.11,-4.93,0.2113,0.1387,0.6681,1,6.934,0,0.651,0,air_spread,releaseSpread,1.000,2,-0.126 0.540 -0.779 0.294 0.585 0.393 -0.177 -0.777 0.284 -0.484
296,4.9333,air,apex,289.000,18.996,44.680,0.000,9.000,-1.000,9.055,9.000,2.838,0.00,0.00,0.00,0.00,0.000,0,,0,0.00,0.00,0.00,288.703,12.503,47.104,87.38,-10.79,58.03,6.937,0.024,0.00,1.00,0,0,1,0,0,0,-10.79,1.12,-4.95,0.2114,0.1375,0.6713,1,6.937,0,0.653,0,air_spread,releaseSpread,1.000,2,-0.160 0.532 -0.794 0.245 0.557 0.407 -0.128 -0.786 0.306 -0.463
297,4.9500,air,apex,289.000,19.146,44.661,0.000,9.000,-1.220,9.082,9.000,2.818,0.00,0.00,0.00,0.00,0.000,0,,0,0.00,0.00,0.00,288.703,12.653,47.094,87.38,-10.74,58.03,6.941,0.024,0.00,1.00,0,0,1,0,0,0,-10.74,1.12,-4.97,0.2111,0.1360,0.6743,1,6.941,0,0.655,0,air_spread,releaseSpread,1.000,2,-0.191 0.524 -0.805 0.197 0.530 0.417 -0.082 -0.792 0.326 -0.441
298,4.9667,air,apex,289.000,19.296,44.638,0.000,9.000,-1.440,9.114,9.000,2.795,0.00,0.00,0.00,0.00,0.000,0,,0,0.00,0.00,0.00,288.703,12.803,47.080,87.38,-10.70,58.03,6.944,0.024,0.00,1.00,0,0,1,0,0,0,-10.70,1.11,-4.98,0.2105,0.1343,0.6771,1,6.944,0,0.657,0,air_spread,releaseSpread,1.000,2,-0.219 0.515 -0.812 0.153 0.505 0.424 -0.038 -0.796 0.342 -0.418
299,4.9833,air,apex,289.000,19.446,44.611,0.000,9.000,-1.660,9.152,9.000,2.769,0.00,0.00,0.00,0.00,0.000,0,,0,0.00,0.00,0.00,288.703,12.953,47.062,87.38,-10.67,58.02,6.947,0.025,0.00,1.00,0,0,1,0,0,0,-10.67,1.10,-5.00,0.2098,0.1326,0.6796,1,6.947,0,0.659,0,air_spread,releaseSpread,1.000,2,-0.245 0.506 -0.817 0.112 0.482 0.427 0.001 -0.798 0.355 -0.395
300,5.0000,air,apex,289.000,19.596,44.580,0.000,9.000,-1.880,9.194,9.000,2.738,0.00,0.00,0.00,0.00,0.000,0,,0,0.00,0.00,0.00,288.703,13.103,47.041,87.38,-10.65,58.02,6.950,0.025,0.00,1.00,0,0,1,0,0,0,-10.65,1.08,-5.02,0.2090,0.1308,0.6819,1,6.950,0,0.660,0,air_spread,releaseSpread,1.000,2,-0.268 0.497 -0.819 0.075 0.461 0.427 0.037 -0.799 0.365 -0.373
301,5.0167,air,apex,289.000,19.746,44.546,0.000,9.000,-2.100,9.242,9.000,2.704,0.00,0.00,0.00,0.00,0.000,0,,0,0.00,0.00,0.00,288.703,13.253,47.016,87.38,-10.63,58.02,6.953,0.025,0.00,1.00,0,0,1,0,0,0,-10.63,1.06,-5.03,0.2084,0.1292,0.6840,1,6.953,0,0.662,0,air_spread,releaseSpread,1.000,2,-0.287 0.490 -0.819 0.042 0.443 0.424 0.067 -0.799 0.371 -0.352
302,5.0333,air,apex,289.000,19.896,44.509,0.000,9.000,-2.320,9.294,9.000,2.666,0.00,0.00,0.00,0.00,0.000,0,,0,0.00,0.00,0.00,288.703,13.403,46.987,87.38,-10.62,58.02,6.957,0.026,0.00,1.00,0,0,1,0,0,0,-10.62,1.04,-5.05,0.2080,0.1276,0.6859,1,6.957,0,0.663,0,air_spread,releaseSpread,1.000,2,-0.302 0.483 -0.817 0.015 0.429 0.417 0.093 -0.799 0.374 -0.332
303,5.0500,air,apex,289.000,20.046,44.467,0.000,9.000,-2.540,9.352,9.000,2.625,0.00,0.00,0.00,0.00,0.000,0,,0,0.00,0.00,0.00,288.703,13.553,46.955,87.38,-10.61,58.02,6.960,0.026,0.00,1.00,0,0,1,0,0,0,-10.61,1.02,-5.07,0.2081,0.1263,0.6877,1,6.960,0,0.664,0,air_spread,releaseSpread,1.000,2,-0.315 0.479 -0.815 -0.007 0.417 0.408 0.113 -0.799 0.374 -0.314
304,5.0667,air,apex,289.000,20.196,44.422,0.000,9.000,-2.760,9.414,9.000,2.580,0.00,0.00,0.00,0.00,0.000,0,,0,0.00,0.00,0.00,288.703,13.703,46.919,87.38,-10.61,58.02,6.963,0.027,0.00,1.00,0,0,1,0,0,0,-10.61,0.99,-5.08,0.2088,0.1252,0.6891,1,6.963,0,0.666,0,air_spread,releaseSpread,1.000,2,-0.323 0.476 -0.812 -0.023 0.409 0.397 0.127 -0.800 0.371 -0.299
305,5.0833,air,apex,289.000,20.346,44.373,0.000,9.000,-2.980,9.481,9.000,2.531,0.00,0.00,0.00,0.00,0.000,0,,0,0.00,0.00,0.00,288.703,13.853,46.880,87.38,-10.62,58.02,6.966,0.027,0.00,1.00,0,0,1,0,0,0,-10.62,0.97,-5.10,0.2099,0.1244,0.6906,1,6.966,0,0.667,0,air_fallCalm,releaseSpread,1.000,2,-0.328 0.476 -0.810 -0.033 0.404 0.384 0.135 -0.801 0.367 -0.285
306,5.1000,air,apex,289.000,20.496,44.321,0.000,9.000,-3.200,9.552,9.000,2.479,0.00,0.00,0.00,0.00,0.000,0,,0,0.00,0.00,0.00,288.703,14.003,46.836,87.38,-10.62,58.02,6.970,0.028,0.00,0.00,0,0,0,0,0,0,-10.62,0.94,-5.12,0.2111,0.1234,0.6919,1,6.970,0,0.668,0,air_fallCalm,releaseSpread,1.000,2,-0.330 0.477 -0.804 -0.039 0.400 0.370 0.137 -0.803 0.361 -0.275
307,5.1167,air,apex,289.000,20.646,44.265,0.000,9.000,-3.420,9.628,9.000,2.423,0.00,0.00,0.00,0.00,0.000,0,,0,0.00,0.00,0.00,288.703,14.153,46.789,87.38,-10.64,58.02,6.973,0.028,0.00,0.00,0,0,0,0,0,0,-10.64,0.91,-5.13,0.2123,0.1220,0.6932,1,6.973,0,0.669,0,air_fallCalm,releaseSpread,1.000,2,-0.328 0.481 -0.795 -0.040 0.397 0.361 0.134 -0.806 0.357 -0.272
308,5.1333,air,apex,289.000,20.796,44.204,0.000,9.000,-3.730,9.742,9.000,2.362,0.00,0.00,0.00,0.00,0.000,0,,0,0.00,0.00,0.00,288.703,14.303,46.739,87.38,-10.66,58.02,6.977,0.029,0.00,0.00,0,0,0,0,0,0,-10.66,0.87,-5.15,0.2140,0.1201,0.6942,1,6.977,0,0.670,0,air_fallCalm,releaseSpread,1.000,2,-0.323 0.486 -0.782 -0.036 0.394 0.355 0.124 -0.809 0.355 -0.275
309,5.1500,air,fall,289.000,20.946,44.137,0.000,9.000,-4.130,9.902,9.000,2.295,0.00,0.00,0.00,0.00,0.000,0,,0,0.00,0.00,0.00,288.703,14.453,46.684,87.38,-10.69,58.01,6.981,0.030,0.00,0.00,0,0,0,0,0,0,-10.69,0.84,-5.17,0.2161,0.1181,0.6951,1,6.981,0,0.670,0,air_fallCalm,releaseSpread,1.000,2,-0.315 0.493 -0.766 -0.027 0.394 0.355 0.109 -0.812 0.353 -0.282
310,5.1667,air,fall,289.000,21.096,44.063,0.000,9.000,-4.530,10.076,9.000,2.221,0.00,0.00,0.00,0.00,0.000,0,,0,0.00,0.00,0.00,288.703,14.603,46.624,87.38,-10.75,58.01,6.986,0.030,0.00,0.00,0,0,0,0,0,0,-10.75,0.81,-5.18,0.2183,0.1158,0.6958,1,6.986,0,0.671,0,air_fallCalm,releaseSpread,1.000,2,-0.302 0.502 -0.747 -0.013 0.394 0.356 0.088 -0.816 0.351 -0.294
311,5.1833,air,fall,289.000,21.246,43.983,0.000,9.000,-4.930,10.262,9.000,2.141,0.00,0.00,0.00,0.00,0.000,0,,0,0.00,0.00,0.00,288.703,14.753,46.558,87.38,-10.81,58.01,6.992,0.031,0.00,0.00,0,0,0,0,0,0,-10.81,0.77,-5.20,0.2207,0.1135,0.6964,1,6.992,0,0.672,0,air_fallCalm,releaseSpread,1.000,2,-0.287 0.512 -0.727 0.008 0.397 0.362 0.061 -0.820 0.349 -0.311
312,5.2000,air,fall,289.000,21.396,43.896,0.000,9.000,-5.330,10.460,9.000,2.053,0.00,0.00,0.00,0.00,0.000,0,,0,0.00,0.00,0.00,288.703,14.903,46.487,87.38,-10.88,58.01,6.997,0.032,0.00,0.00,0,0,0,0,0,0,-10.88,0.73,-5.22,0.2231,0.1112,0.6969,1,6.997,0,0.673,0,air_fallCalm,fallCalm,1.000,2,-0.268 0.523 -0.704 0.034 0.402 0.369 0.029 -0.822 0.345 -0.332
313,5.2167,air,fall,289.000,21.546,43.802,0.000,9.000,-5.730,10.669,9.000,1.960,0.00,0.00,0.00,0.00,0.000,0,,0,0.00,0.00,0.00,288.703,15.053,46.409,87.38,-10.95,58.01,7.003,0.033,0.00,0.00,0,0,0,0,0,0,-10.95,0.68,-5.23,0.2255,0.1091,0.6973,1,7.003,0,0.674,0,air_fallCalm,fallCalm,1.000,2,-0.245 0.535 -0.681 0.065 0.409 0.376 -0.008 -0.824 0.338 -0.355
314,5.2333,air,fall,289.000,21.696,43.701,0.000,9.000,-6.130,10.889,9.000,1.859,0.00,0.00,0.00,0.00,0.000,0,,0,0.00,0.00,0.00,288.703,15.203,46.325,87.38,-11.02,58.01,7.009,0.035,0.00,0.00,0,0,0,0,0,0,-11.02,0.64,-5.25,0.2277,0.1072,0.6977,1,7.009,0,0.675,0,air_fallCalm,fallCalm,1.000,2,-0.218 0.547 -0.656 0.100 0.419 0.380 -0.049 -0.823 0.329 -0.379
315,5.2500,air,fall,289.000,21.846,43.594,0.000,9.000,-6.530,11.119,9.000,1.752,0.00,0.00,0.00,0.00,0.000,0,,0,0.00,0.00,0.00,288.703,15.353,46.234,87.38,-11.10,58.01,7.016,0.036,0.00,0.00,0,0,0,0,0,0,-11.10,0.59,-5.27,0.2295,0.1055,0.6978,1,7.016,0,0.675,0,air_fallCalm,fallCalm,1.000,2,-0.189 0.558 -0.631 0.138 0.431 0.380 -0.094 -0.820 0.315 -0.404
316,5.2667,air,fall,289.000,21.996,43.480,0.000,9.000,-6.930,11.359,9.000,1.638,0.00,0.00,0.00,0.00,0.000,0,,0,0.00,0.00,0.00,288.703,15.503,46.137,87.38,-11.17,58.01,7.022,0.038,0.00,0.00,0,0,0,0,0,0,-11.17,0.54,-5.28,0.2309,0.1040,0.6979,1,7.022,0,0.676,0,air_fallCalm,fallCalm,1.000,2,-0.156 0.568 -0.605 0.176 0.446 0.373 -0.142 -0.814 0.298 -0.428
317,5.2833,air,fall,289.000,22.146,43.360,0.000,9.000,-7.330,11.607,9.000,1.518,0.00,0.00,0.00,0.00,0.000,0,,0,0.00,0.00,0.00,288.703,15.653,46.033,87.38,-11.24,58.01,7.028,0.039,0.00,0.00,0,0,0,0,0,0,-11.24,0.49,-5.30,0.2317,0.1028,0.6979,1,7.028,0,0.677,0,air_fallCalm,fallCalm,1.000,2,-0.121 0.578 -0.580 0.214 0.462 0.359 -0.192 -0.803 0.277 -0.450
318,5.3000,air,fall,289.000,22.296,43.233,0.000,9.000,-7.730,11.864,9.000,1.390,0.00,0.00,0.00,0.00,0.000,0,,0,0.00,0.00,0.00,288.703,15.803,45.922,87.38,-11.32,58.01,7.034,0.041,0.00,0.00,0,0,0,0,0,0,-11.32,0.43,-5.32,0.2317,0.1017,0.6977,1,7.034,0,0.678,0,air_fallCalm,fallCalm,1.000,2,-0.084 0.585 -0.556 0.250 0.479 0.336 -0.243 -0.789 0.253 -0.469
319,5.3167,air,fall,289.000,22.446,43.099,0.000,9.000,-8.130,12.128,9.000,1.257,0.00,0.00,0.00,0.00,0.000,0,,0,0.00,0.00,0.00,288.703,15.953,45.805,87.38,-11.39,58.01,7.041,0.044,0.00,0.00,0,0,0,0,0,0,-11.39,0.38,-5.33,0.2310,0.1009,0.6974,1,7.041,0,0.679,0,air_fallCalm,fallCalm,1.000,2,-0.045 0.590 -0.533 0.284 0.496 0.304 -0.294 -0.770 0.227 -0.483
320,5.3333,air,fall,289.000,22.596,42.958,0.000,9.000,-8.530,12.400,9.000,1.116,0.00,0.00,0.00,0.00,0.000,0,,0,0.00,0.00,0.00,288.703,16.103,45.681,87.38,-11.46,58.01,7.047,0.046,0.00,0.00,0,0,0,0,0,0,-11.46,0.32,-5.35,0.2293,0.1002,0.6970,1,7.047,0,0.680,0,air_fallCalm,fallCalm,1.000,2,-0.006 0.593 -0.514 0.314 0.510 0.263 -0.345 -0.747 0.199 -0.490
321,5.3500,air,fall,289.000,22.746,42.811,0.000,9.000,-8.930,12.679,9.000,0.969,0.00,0.00,0.00,0.00,0.000,0,,0,0.00,0.00,0.00,288.703,16.253,45.551,87.38,-11.53,58.01,7.054,0.049,0.00,0.00,0,0,0,0,0,0,-11.53,0.26,-5.37,0.2267,0.0994,0.6965,1,7.054,0,0.681,0,air_fallCalm,fallCalm,1.000,2,0.034 0.592 -0.496 0.343 0.522 0.216 -0.393 -0.719 0.170 -0.494
322,5.3667,air,fall,289.000,22.896,42.657,0.000,9.000,-9.330,12.963,9.000,0.815,0.00,0.00,0.00,0.00,0.000,0,,0,0.00,0.00,0.00,288.703,16.403,45.413,87.38,-11.60,58.01,7.060,0.052,0.00,0.00,0,0,0,0,0,0,-11.60,0.20,-5.38,0.2232,0.0982,0.6960,1,7.060,0,0.682,0,air_fallCalm,fallCalm,1.000,2,0.073 0.589 -0.476 0.370 0.529 0.170 -0.438 -0.688 0.143 -0.496
323,5.3833,air,fall,289.000,23.046,42.497,0.000,9.000,-9.730,13.254,9.000,0.655,0.00,0.00,0.00,0.00,0.000,0,,0,0.00,0.00,0.00,288.703,16.553,45.269,87.38,-11.67,58.01,7.067,0.056,0.00,0.00,0,0,0,0,0,0,-11.67,0.14,-5.40,0.2187,0.1004,0.6953,1,7.067,0,0.682,0,air_fallCalm,fallCalm,1.000,2,0.110 0.583 -0.456 0.396 0.532 0.125 -0.479 -0.655 0.117 -0.496
324,5.4000,air,fall,289.000,23.196,42.330,0.000,9.000,-10.130,13.551,9.000,0.487,0.00,0.00,0.00,0.00,0.000,0,,0,0.00,0.00,0.00,288.703,16.703,45.119,87.38,-11.74,58.01,7.073,0.059,0.00,0.00,0,0,0,0,0,0,-11.74,0.07,-5.42,0.2152,0.1035,0.6955,1,7.073,0,0.683,0,air_fallCalm,fallCalm,1.000,2,0.146 0.575 -0.435 0.420 0.532 0.082 -0.517 -0.619 0.092 -0.495
325,5.4167,air,fall,289.000,23.346,42.156,0.000,9.000,-10.530,13.852,9.000,41.206,0.00,0.00,0.00,0.00,0.000,0,,0,0.00,0.00,0.00,288.703,16.853,44.962,87.38,-11.99,58.01,7.080,0.064,0.00,0.00,0,0,0,0,0,0,-11.99,-0.49,-5.43,0.2136,0.1058,0.6938,1,7.080,0,0.681,0,air_fallCalm,fallCalm,1.000,2,0.179 0.565 -0.413 0.443 0.528 0.041 -0.549 -0.584 0.069 -0.495
326,5.4333,air,fall,289.000,23.496,41.975,0.000,9.000,-10.930,14.159,9.000,41.025,0.00,0.00,0.00,0.00,0.000,0,,0,0.00,0.00,0.00,288.703,17.003,44.798,87.38,-12.57,58.01,7.086,0.068,0.00,0.00,0,0,0,0,0,0,-12.57,-1.85,-5.45,0.2127,0.1074,0.6860,1,7.086,0,0.674,0,air_fallCalm,fallCalm,1.000,2,0.209 0.554 -0.393 0.465 0.522 0.006 -0.577 -0.550 0.047 -0.497
327,5.4500,ground,idle,289.000,23.646,41.842,0.000,9.000,0.000,9.000,9.000,40.892,0.00,0.00,0.00,0.00,0.000,0,,0,0.00,0.00,0.00,288.703,17.153,44.635,87.38,-12.92,58.01,7.075,0.071,0.00,0.00,0,0,0,0,0,0,-12.92,-3.41,-5.47,0.2195,0.0998,0.6822,1,7.075,0,0.664,0,air_fallCalm,fallCalm,1.000,2,-0.002 0.568 -0.519 0.392 0.495 0.262 -0.351 -0.744 0.197 -0.611
328,5.4667,ground,run,289.000,23.790,41.842,0.000,8.533,0.000,8.533,8.533,40.892,0.00,0.00,0.00,0.00,0.000,0,,0,0.00,0.00,0.00,288.703,17.297,44.499,87.38,-12.42,58.01,7.022,0.072,0.00,0.00,0,0,0,0,0,0,-12.42,-4.80,-5.48,0.2193,0.0995,0.6708,1,7.022,0,0.656,0,ground,fallCalm,1.000,2,-0.001 0.575 -0.520 0.386 0.493 0.249 -0.352 -0.745 0.196 -0.598
329,5.4833,ground,run,289.000,23.927,41.842,0.000,8.067,0.000,8.067,8.067,40.892,0.00,0.00,0.00,0.00,0.000,0,,0,0.00,0.00,0.00,288.702,17.433,44.402,87.37,-12.16,58.01,6.986,0.071,0.00,0.00,0,0,0,0,0,0,-12.16,-6.03,-5.50,0.2209,0.0989,0.6635,1,6.986,0,0.648,0,ground,fallCalm,1.000,2,-0.001 0.576 -0.514 0.386 0.488 0.232 -0.347 -0.744 0.196 -0.609
330,5.5000,ground,run,289.000,24.055,41.842,0.000,7.600,0.000,7.600,7.600,40.892,0.00,0.00,0.00,0.00,0.000,0,,0,0.00,0.00,0.00,288.702,17.567,44.339,87.37,-12.13,58.01,6.958,0.069,0.00,0.00,0,0,0,0,0,0,-12.13,-7.12,-5.52,0.2242,0.0966,0.6580,1,6.958,0,0.641,0,ground,fallCalm,1.000,2,-0.000 0.578 -0.496 0.388 0.477 0.199 -0.331 -0.737 0.195 -0.636
331,5.5167,ground,run,289.000,24.176,41.842,0.000,7.133,0.000,7.133,7.133,40.892,0.00,0.00,0.00,0.00,0.000,0,,0,0.00,0.00,0.00,288.701,17.699,44.299,87.36,-12.26,58.01,6.934,0.066,0.00,0.00,0,0,0,0,0,0,-12.26,-8.07,-5.53,0.2270,0.0928,0.6535,1,6.934,0,0.635,0,ground,fallCalm,1.000,2,-0.000 0.580 -0.469 0.391 0.460 0.154 -0.304 -0.723 0.189 -0.664
332,5.5333,ground,run,289.000,24.289,41.842,0.000,6.667,0.000,6.667,6.667,40.892,0.00,0.00,0.00,0.00,0.000,0,,0,0.00,0.00,0.00,288.701,17.828,44.275,87.35,-12.48,58.01,6.911,0.062,0.00,0.00,0,0,0,0,0,0,-12.48,-8.90,-5.55,0.2290,0.0878,0.6495,1,6.911,0,0.629,0,ground,fallCalm,1.000,2,-0.001 0.583 -0.434 0.390 0.436 0.110 -0.268 -0.701 0.176 -0.689
333,5.5500,ground,run,289.000,24.394,41.842,0.000,6.200,0.000,6.200,6.200,40.892,0.00,0.00,0.00,0.00,0.000,0,,0,0.00,0.00,0.00,288.701,17.952,44.261,87.34,-12.75,58.01,6.888,0.058,0.00,0.00,0,0,0,0,0,0,-12.75,-9.63,-5.57,0.2300,0.0819,0.6461,1,6.888,0,0.624,0,ground,fallCalm,1.000,2,-0.002 0.585 -0.397 0.383 0.404 0.072 -0.229 -0.672 0.158 -0.709
334,5.5667,ground,run,289.000,24.492,41.842,0.000,5.733,0.000,5.733,5.733,40.892,0.00,0.00,0.00,0.00,0.000,0,,0,0.00,0.00,0.00,288.700,18.072,44.253,87.33,-13.05,58.02,6.864,0.054,0.00,0.00,0,0,0,0,0,0,-13.05,-10.26,-5.58,0.2309,0.0754,0.6432,1,6.864,0,0.619,0,ground,fallCalm,1.000,2,-0.003 0.586 -0.360 0.365 0.366 0.046 -0.192 -0.640 0.137 -0.729
335,5.5833,ground,run,289.000,24.582,41.842,0.000,5.267,0.000,5.267,5.267,40.892,0.00,0.00,0.00,0.00,0.000,0,,0,0.00,0.00,0.00,288.700,18.186,44.248,87.32,-13.35,58.02,6.840,0.050,0.00,0.00,0,0,0,0,0,0,-13.35,-10.80,-5.60,0.2320,0.0686,0.6409,1,6.840,0,0.615,0,ground,jog,1.000,2,-0.004 0.588 -0.324 0.338 0.326 0.033 -0.161 -0.609 0.116 -0.751
336,5.6000,ground,idle,289.000,24.590,41.842,0.000,4.800,0.000,4.800,4.800,40.892,0.00,0.00,0.00,0.00,0.000,0,,0,0.00,0.00,0.00,288.700,18.288,44.245,87.28,-13.85,58.02,6.752,0.045,0.00,0.00,0,0,0,0,0,0,-13.85,-11.26,-5.62,0.2347,0.0628,0.6398,1,6.752,0,0.611,0,ground,jog,1.000,2,-0.005 0.587 -0.290 0.313 0.287 0.032 -0.134 -0.576 0.094 -0.772
337,5.6167,ground,idle,289.000,24.590,41.842,0.000,0.000,0.000,0.000,0.000,40.892,0.00,0.00,0.00,0.00,0.000,0,,0,0.00,0.00,0.00,288.700,18.370,44.244,87.24,-14.31,58.02,6.674,0.041,0.00,0.00,0,0,0,0,0,0,-14.31,-11.26,-5.63,0.2371,0.0573,0.6376,1,6.674,0,0.607,0,ground,idle,1.000,2,-0.005 0.587 -0.259 0.277 0.255 0.043 -0.116 -0.563 0.076 -0.790
338,5.6333,ground,idle,289.000,24.590,41.842,0.000,0.000,0.000,0.000,0.000,40.892,0.00,0.00,0.00,0.00,0.000,0,,0,0.00,0.00,0.00,288.700,18.434,44.243,87.21,-14.69,58.02,6.615,0.037,0.00,0.00,0,0,0,0,0,0,-14.69,-11.26,-5.65,0.2343,0.0676,0.6243,1,6.615,0,0.604,0,ground,idle,1.000,2,-0.001 0.567 -0.312 -0.016 0.312 -0.031 -0.182 -0.876 0.166 -0.884
339,5.6500,ground,idle,289.000,24.590,41.842,0.000,0.000,0.000,0.000,0.000,40.892,0.00,0.00,0.00,0.00,0.000,0,,0,0.00,0.00,0.00,288.700,18.480,44.243,87.19,-15.01,58.02,6.571,0.034,0.00,0.00,0,0,0,0,0,0,-15.01,-11.26,-5.67,0.2327,0.0651,0.6201,1,6.571,0,0.601,0,ground,idle,1.000,2,-0.001 0.566 -0.293 -0.030 0.298 -0.040 -0.172 -0.877 0.162 -0.883
340,5.6667,ground,idle,289.000,24.590,41.842,0.000,0.000,0.000,0.000,0.000,40.892,0.00,0.00,0.00,0.00,0.000,0,,0,0.00,0.00,0.00,288.700,18.514,44.242,87.17,-15.27,58.01,6.539,0.030,0.00,0.00,0,0,0,0,0,0,-15.27,-11.26,-5.68,0.2324,0.0643,0.6172,1,6.539,0,0.599,0,ground,idle,1.000,2,-0.001 0.565 -0.286 -0.035 0.293 -0.043 -0.168 -0.877 0.160 -0.881
341,5.6833,ground,idle,289.000,24.590,41.842,0.000,0.000,0.000,0.000,0.000,40.892,0.00,0.00,0.00,0.00,0.000,0,,0,0.00,0.00,0.00,288.700,18.538,44.242,87.16,-15.48,58.01,6.517,0.027,0.00,0.00,0,0,0,0,0,0,-15.48,-11.26,-5.70,0.2330,0.0646,0.6149,1,6.517,0,0.597,0,ground,idle,1.000,2,-0.001 0.565 -0.286 -0.034 0.294 -0.042 -0.168 -0.876 0.160 -0.881
342,5.7000,ground,idle,289.000,24.590,41.842,0.000,0.000,0.000,0.000,0.000,40.892,0.00,0.00,0.00,0.00,0.000,0,,0,0.00,0.00,0.00,288.700,18.555,44.242,87.15,-15.66,58.01,6.502,0.024,0.00,0.00,0,0,0,0,0,0,-15.66,-11.26,-5.72,0.2334,0.0648,0.6130,1,6.502,0,0.595,0,ground,idle,1.000,2,-0.001 0.564 -0.286 -0.034 0.294 -0.042 -0.168 -0.876 0.160 -0.880
343,5.7167,ground,idle,289.000,24.590,41.842,0.000,0.000,0.000,0.000,0.000,40.892,0.00,0.00,0.00,0.00,0.000,0,,0,0.00,0.00,0.00,288.700,18.566,44.242,87.15,-15.80,58.01,6.491,0.021,0.00,0.00,0,0,0,0,0,0,-15.80,-11.26,-5.73,0.2336,0.0649,0.6112,1,6.491,0,0.593,0,ground,idle,1.000,2,-0.001 0.564 -0.287 -0.033 0.294 -0.042 -0.168 -0.876 0.160 -0.880
344,5.7333,ground,idle,289.000,24.590,41.842,0.000,0.000,0.000,0.000,0.000,40.892,0.00,0.00,0.00,0.00,0.000,0,,0,0.00,0.00,0.00,288.700,18.574,44.242,87.15,-15.93,58.01,6.484,0.019,0.00,0.00,0,0,0,0,0,0,-15.93,-11.26,-5.75,0.2338,0.0650,0.6097,1,6.484,0,0.592,0,ground,idle,1.000,2,-0.001 0.563 -0.287 -0.033 0.294 -0.041 -0.168 -0.875 0.160 -0.880
345,5.7500,ground,idle,289.000,24.590,41.842,0.000,0.000,0.000,0.000,0.000,40.892,0.00,0.00,0.00,0.00,0.000,0,,0,0.00,0.00,0.00,288.700,18.579,44.242,87.14,-16.03,58.01,6.479,0.017,0.00,0.00,0,0,0,0,0,0,-16.03,-11.26,-5.77,0.2338,0.0651,0.6083,1,6.479,0,0.590,0,ground,idle,1.000,2,-0.001 0.563 -0.287 -0.033 0.295 -0.041 -0.168 -0.875 0.160 -0.880
346,5.7667,ground,idle,289.000,24.590,41.842,0.000,0.000,0.000,0.000,0.000,40.892,0.00,0.00,0.00,0.00,0.000,0,,0,0.00,0.00,0.00,288.700,18.583,44.242,87.14,-16.12,58.01,6.476,0.015,0.00,0.00,0,0,0,0,0,0,-16.12,-11.26,-5.78,0.2339,0.0652,0.6070,1,6.476,0,0.589,0,ground,idle,1.000,2,-0.001 0.562 -0.288 -0.032 0.295 -0.041 -0.168 -0.875 0.160 -0.879
347,5.7833,ground,idle,289.000,24.590,41.842,0.000,0.000,0.000,0.000,0.000,40.892,0.00,0.00,0.00,0.00,0.000,0,,0,0.00,0.00,0.00,288.700,18.585,44.242,87.14,-16.19,58.01,6.473,0.013,0.00,0.00,0,0,0,0,0,0,-16.19,-11.26,-5.80,0.2339,0.0653,0.6059,1,6.473,0,0.588,0,ground,idle,1.000,2,-0.001 0.562 -0.288 -0.032 0.295 -0.040 -0.168 -0.875 0.160 -0.879
348,5.8000,ground,idle,289.000,24.590,41.842,0.000,0.000,0.000,0.000,0.000,40.892,0.00,0.00,0.00,0.00,0.000,0,,0,0.00,0.00,0.00,288.700,18.587,44.242,87.14,-16.26,58.01,6.472,0.012,0.00,0.00,0,0,0,0,0,0,-16.26,-11.26,-5.82,0.2339,0.0654,0.6050,1,6.472,0,0.587,0,ground,idle,1.000,2,-0.001 0.562 -0.288 -0.032 0.296 -0.040 -0.168 -0.874 0.160 -0.879
349,5.8167,ground,idle,289.000,24.590,41.842,0.000,0.000,0.000,0.000,0.000,40.892,0.00,0.00,0.00,0.00,0.000,0,,0,0.00,0.00,0.00,288.700,18.588,44.242,87.14,-16.31,58.01,6.471,0.010,0.00,0.00,0,0,0,0,0,0,-16.31,-11.26,-5.83,0.2339,0.0655,0.6041,1,6.471,0,0.586,0,ground,idle,1.000,2,-0.001 0.562 -0.289 -0.031 0.296 -0.040 -0.168 -0.874 0.160 -0.879
350,5.8333,ground,idle,289.000,24.590,41.842,0.000,0.000,0.000,0.000,0.000,40.892,0.00,0.00,0.00,0.00,0.000,0,,0,0.00,0.00,0.00,288.700,18.589,44.242,87.14,-16.36,58.01,6.470,0.009,0.00,0.00,0,0,0,0,0,0,-16.36,-11.26,-5.85,0.2339,0.0655,0.6034,1,6.470,0,0.585,0,ground,idle,1.000,2,-0.001 0.561 -0.289 -0.031 0.297 -0.040 -0.168 -0.874 0.160 -0.879
351,5.8500,ground,idle,289.000,24.590,41.842,0.000,0.000,0.000,0.000,0.000,40.892,0.00,0.00,0.00,0.00,0.000,0,,0,0.00,0.00,0.00,288.700,18.589,44.242,87.14,-16.41,58.01,6.470,0.008,0.00,0.00,0,0,0,0,0,0,-16.41,-11.26,-5.87,0.2338,0.0656,0.6027,1,6.470,0,0.585,0,ground,idle,1.000,2,-0.001 0.561 -0.289 -0.031 0.297 -0.039 -0.168 -0.874 0.160 -0.879
352,5.8667,ground,idle,289.000,24.590,41.842,0.000,0.000,0.000,0.000,0.000,40.892,0.00,0.00,0.00,0.00,0.000,0,,0,0.00,0.00,0.00,288.700,18.589,44.242,87.14,-16.44,58.01,6.470,0.007,0.00,0.00,0,0,0,0,0,0,-16.44,-11.26,-5.88,0.2338,0.0657,0.6021,1,6.470,0,0.584,0,ground,idle,1.000,2,-0.001 0.561 -0.290 -0.030 0.297 -0.039 -0.168 -0.874 0.160 -0.879
353,5.8833,ground,idle,289.000,24.590,41.842,0.000,0.000,0.000,0.000,0.000,40.892,0.00,0.00,0.00,0.00,0.000,0,,0,0.00,0.00,0.00,288.700,18.590,44.242,87.14,-16.48,58.01,6.469,0.006,0.00,0.00,0,0,0,0,0,0,-16.48,-11.26,-5.90,0.2338,0.0658,0.6016,1,6.469,0,0.584,0,ground,idle,1.000,2,-0.001 0.561 -0.290 -0.030 0.298 -0.039 -0.168 -0.874 0.160 -0.879
354,5.9000,ground,idle,289.000,24.590,41.842,0.000,0.000,0.000,0.000,0.000,40.892,0.00,0.00,0.00,0.00,0.000,0,,0,0.00,0.00,0.00,288.678,18.591,44.242,86.93,-16.57,58.01,6.469,0.005,0.00,0.00,0,0,0,0,0,0,-16.57,-16.54,-5.92,0.2338,0.0659,0.6001,1,6.469,0,0.583,0,ground,idle,1.000,2,-0.001 0.560 -0.290 -0.029 0.299 -0.039 -0.168 -0.874 0.160 -0.879
355,5.9167,ground,idle,289.000,24.590,41.842,0.000,0.000,0.000,0.000,0.000,40.892,0.00,0.00,0.00,0.00,0.000,0,,0,0.00,0.00,0.00,288.614,18.597,44.242,86.31,-16.67,58.01,6.467,0.005,0.00,0.00,0,0,0,0,0,0,-16.67,-16.64,-5.93,0.2340,0.0659,0.5987,1,6.467,0,0.583,0,ground,idle,1.000,2,-0.001 0.560 -0.290 -0.028 0.300 -0.040 -0.169 -0.873 0.159 -0.879
356,5.9333,ground,idle,289.000,24.590,41.842,0.000,0.000,0.000,0.000,0.000,40.892,0.00,0.00,0.00,0.00,0.000,0,,0,0.00,0.00,0.00,288.505,18.609,44.242,85.27,-16.77,58.01,6.464,0.004,0.00,0.00,0,0,0,0,0,0,-16.77,-16.74,-5.95,0.2344,0.0662,0.5974,1,6.464,0,0.582,0,ground,idle,1.000,2,-0.002 0.560 -0.288 -0.026 0.301 -0.041 -0.170 -0.872 0.157 -0.880
357,5.9500,ground,idle,289.000,24.590,41.842,0.000,0.000,0.000,0.000,0.000,40.892,0.00,0.00,0.00,0.00,0.000,0,,0,0.00,0.00,0.00,288.357,18.628,44.242,83.85,-16.87,58.01,6.459,0.003,0.00,0.00,0,0,0,0,0,0,-16.87,-16.84,-5.97,0.2350,0.0666,0.5962,1,6.459,0,0.582,0,ground,idle,1.000,2,-0.003 0.559 -0.286 -0.024 0.303 -0.043 -0.172 -0.870 0.155 -0.880
358,5.9667,ground,idle,289.000,24.590,41.842,0.000,0.000,0.000,0.000,0.000,40.892,0.00,0.00,0.00,0.00,0.000,0,,0,0.00,0.00,0.00,288.179,18.656,44.242,82.13,-16.98,58.01,6.454,0.003,0.00,0.00,0,0,0,0,0,0,-16.98,-16.94,-5.98,0.2358,0.0670,0.5950,1,6.454,0,0.582,0,ground,idle,1.000,2,-0.004 0.559 -0.283 -0.021 0.304 -0.045 -0.174 -0.868 0.152 -0.882
359,5.9833,ground,idle,289.000,24.590,41.842,0.000,0.000,0.000,0.000,0.000,40.892,0.00,0.00,0.00,0.00,0.000,0,,0,0.00,0.00,0.00,287.979,18.693,44.242,80.18,-17.08,58.01,6.448,0.003,0.00,0.00,0,0,0,0,0,0,-17.08,-17.04,-6.00,0.2366,0.0673,0.5940,1,6.448,0,0.582,0,ground,idle,1.000,2,-0.005 0.558 -0.280 -0.017 0.306 -0.048 -0.175 -0.866 0.148 -0.883
360,6.0000,ground,idle,289.000,24.590,41.842,0.000,0.000,0.000,0.000,0.000,40.892,0.00,0.00,0.00,0.00,0.000,0,,0,0.00,0.00,0.00,287.763,18.740,44.242,78.06,-17.18,58.01,6.443,0.002,0.00,0.00,0,0,0,0,0,0,-17.18,-17.14,-6.02,0.2374,0.0675,0.5929,1,6.443,0,0.581,0,ground,idle,1.000,2,-0.006 0.558 -0.275 -0.014 0.307 -0.051 -0.177 -0.864 0.144 -0.884
361,6.0167,ground,idle,289.000,24.590,41.842,0.000,0.000,0.000,0.000,0.000,40.892,0.00,0.00,0.00,0.00,0.000,0,,0,0.00,0.00,0.00,287.537,18.798,44.242,75.82,-17.27,58.01,6.438,0.002,0.00,0.00,0,0,0,0,0,0,-17.27,-17.24,-6.03,0.2383,0.0677,0.5920,1,6.438,0,0.581,0,ground,idle,1.000,2,-0.007 0.558 -0.270 -0.010 0.307 -0.054 -0.178 -0.862 0.140 -0.886
362,6.0333,ground,idle,289.000,24.590,41.842,0.000,0.000,0.000,0.000,0.000,40.892,0.00,0.00,0.00,0.00,0.000,0,,0,0.00,0.00,0.00,287.305,18.866,44.242,73.50,-17.36,58.01,6.434,0.002,0.00,0.00,0,0,0,0,0,0,-17.36,-17.34,-6.05,0.2392,0.0678,0.5910,1,6.434,0,0.581,0,ground,idle,1.000,2,-0.008 0.557 -0.264 -0.006 0.308 -0.057 -0.180 -0.859 0.135 -0.887
363,6.0500,ground,idle,289.000,24.590,41.842,0.000,0.000,0.000,0.000,0.000,40.892,0.00,0.00,0.00,0.00,0.000,0,,0,0.00,0.00,0.00,287.069,18.944,44.242,71.12,-17.45,58.01,6.431,0.002,0.00,0.00,0,0,0,0,0,0,-17.45,-17.43,-6.07,0.2401,0.0677,0.5901,1,6.431,0,0.581,0,ground,idle,1.000,2,-0.009 0.557 -0.258 -0.002 0.307 -0.061 -0.180 -0.857 0.130 -0.889
364,6.0667,ground,idle,289.000,24.590,41.842,0.000,0.000,0.000,0.000,0.000,40.892,0.00,0.00,0.00,0.00,0.000,0,,0,0.00,0.00,0.00,286.834,19.033,44.242,68.70,-17.53,58.01,6.429,0.001,0.00,0.00,0,0,0,0,0,0,-17.53,-17.51,-6.08,0.2409,0.0676,0.5892,1,6.429,0,0.581,0,ground,idle,1.000,2,-0.011 0.557 -0.251 0.002 0.306 -0.065 -0.181 -0.854 0.125 -0.890
365,6.0833,ground,idle,289.000,24.590,41.842,0.000,0.000,0.000,0.000,0.000,40.892,0.00,0.00,0.00,0.00,0.000,0,,0,0.00,0.00,0.00,286.599,19.133,44.242,66.25,-17.61,58.01,6.427,0.001,0.00,0.00,0,0,0,0,0,0,-17.61,-17.60,-6.10,0.2418,0.0673,0.5883,1,6.427,0,0.581,0,ground,idle,1.000,2,-0.012 0.556 -0.244 0.005 0.305 -0.069 -0.181 -0.852 0.119 -0.892
366,6.1000,ground,idle,289.000,24.590,41.842,0.000,0.000,0.000,0.000,0.000,40.892,0.00,0.00,0.00,0.00,0.000,0,,0,0.00,0.00,0.00,286.367,19.242,44.242,63.79,-17.69,58.01,6.426,0.001,0.00,0.00,0,0,0,0,0,0,-17.69,-17.68,-6.12,0.2426,0.0669,0.5875,1,6.426,0,0.581,0,ground,idle,1.000,2,-0.013 0.556 -0.236 0.009 0.303 -0.072 -0.181 -0.849 0.113 -0.893
367,6.1167,ground,idle,289.000,24.590,41.842,0.000,0.000,0.000,0.000,0.000,40.892,0.00,0.00,0.00,0.00,0.000,0,,0,0.00,0.00,0.00,286.139,19.362,44.242,61.31,-17.76,58.01,6.425,0.001,0.00,0.00,0,0,0,0,0,0,-17.76,-17.75,-6.13,0.2433,0.0664,0.5866,1,6.425,0,0.581,0,ground,idle,1.000,2,-0.015 0.556 -0.227 0.013 0.300 -0.076 -0.181 -0.846 0.107 -0.894
368,6.1333,ground,idle,289.000,24.590,41.842,0.000,0.000,0.000,0.000,0.000,40.892,0.00,0.00,0.00,0.00,0.000,0,,0,0.00,0.00,0.00,285.915,19.492,44.242,58.82,-17.84,58.01,6.424,0.001,0.00,0.00,0,0,0,0,0,0,-17.84,-17.83,-6.15,0.2440,0.0658,0.5857,1,6.424,0,0.580,0,ground,idle,1.000,2,-0.016 0.556 -0.218 0.016 0.297 -0.080 -0.180 -0.843 0.101 -0.896
369,6.1500,ground,idle,289.000,24.590,41.842,0.000,0.000,0.000,0.000,0.000,40.892,0.00,0.00,0.00,0.00,0.000,0,,0,0.00,0.00,0.00,285.697,19.631,44.242,56.33,-17.91,58.01,6.424,0.001,0.00,0.00,0,0,0,0,0,0,-17.91,-17.90,-6.17,0.2447,0.0652,0.5849,1,6.424,0,0.580,0,ground,idle,1.000,2,-0.017 0.556 -0.208 0.020 0.293 -0.084 -0.179 -0.841 0.094 -0.897
370,6.1667,ground,idle,289.000,24.590,41.842,0.000,0.000,0.000,0.000,0.000,40.892,0.00,0.00,0.00,0.00,0.000,0,,0,0.00,0.00,0.00,285.485,19.780,44.242,53.84,-17.98,58.01,6.423,0.001,0.00,0.00,0,0,0,0,0,0,-17.98,-17.98,-6.18,0.2454,0.0648,0.5840,1,6.423,0,0.580,0,ground,idle,1.000,2,-0.019 0.556 -0.198 0.023 0.289 -0.088 -0.178 -0.838 0.087 -0.898
371,6.1833,ground,idle,289.000,24.590,41.842,0.000,0.000,0.000,0.000,0.000,40.892,0.00,0.00,0.00,0.00,0.000,0,,0,0.00,0.00,0.00,285.279,19.938,44.242,51.34,-18.05,58.01,6.423,0.000,0.00,0.00,0,0,0,0,0,0,-18.05,-18.05,-6.20,0.2460,0.0643,0.5831,1,6.423,0,0.580,0,ground,idle,1.000,2,-0.020 0.556 -0.188 0.027 0.284 -0.092 -0.176 -0.835 0.080 -0.899
372,6.2000,ground,idle,289.000,24.590,41.842,0.000,0.000,0.000,0.000,0.000,40.892,0.00,0.00,0.00,0.00,0.000,0,,0,0.00,0.00,0.00,285.079,20.104,44.242,48.85,-18.12,58.00,6.423,0.000,0.00,0.00,0,0,0,0,0,0,-18.12,-18.12,-6.22,0.2465,0.0637,0.5823,1,6.423,0,0.580,0,ground,idle,1.000,2,-0.021 0.555 -0.177 0.030 0.279 -0.095 -0.174 -0.832 0.073 -0.900
373,6.2167,ground,idle,289.000,24.590,41.842,0.000,0.000,0.000,0.000,0.000,40.892,0.00,0.00,0.00,0.00,0.000,0,,0,0.00,0.00,0.00,284.888,20.280,44.242,46.35,-18.19,58.00,6.423,0.000,0.00,0.00,0,0,0,0,0,0,-18.19,-18.19,-6.23,0.2470,0.0630,0.5814,1,6.423,0,0.580,0,ground,idle,1.000,2,-0.022 0.555 -0.166 0.033 0.273 -0.099 -0.171 -0.829 0.066 -0.901
374,6.2333,ground,idle,289.000,24.590,41.842,0.000,0.000,0.000,0.000,0.000,40.892,0.00,0.00,0.00,0.00,0.000,0,,0,0.00,0.00,0.00,284.704,20.463,44.242,43.85,-18.26,58.00,6.423,0.000,0.00,0.00,0,0,0,0,0,0,-18.26,-18.26,-6.25,0.2475,0.0622,0.5805,1,6.423,0,0.580,0,ground,idle,1.000,2,-0.024 0.555 -0.154 0.036 0.266 -0.103 -0.169 -0.827 0.059 -0.902
375,6.2500,ground,idle,289.000,24.590,41.842,0.000,0.000,0.000,0.000,0.000,40.892,0.00,0.00,0.00,0.00,0.000,0,,0,0.00,0.00,0.00,284.528,20.654,44.242,41.35,-18.33,58.00,6.422,0.000,0.00,0.00,0,0,0,0,0,0,-18.33,-18.33,-6.27,0.2480,0.0613,0.5796,1,6.422,0,0.580,0,ground,idle,1.000,2,-0.025 0.555 -0.143 0.039 0.259 -0.106 -0.166 -0.824 0.051 -0.902
376,6.2667,ground,idle,289.000,24.590,41.842,0.000,0.000,0.000,0.000,0.000,40.892,0.00,0.00,0.00,0.00,0.000,0,,0,0.00,0.00,0.00,284.361,20.853,44.242,38.85,-18.40,58.00,6.422,0.000,0.00,0.00,0,0,0,0,0,0,-18.40,-18.40,-6.28,0.2484,0.0602,0.5787,1,6.422,0,0.580,0,ground,idle,1.000,2,-0.026 0.555 -0.130 0.041 0.251 -0.110 -0.162 -0.821 0.044 -0.903
377,6.2833,ground,idle,289.000,24.590,41.842,0.000,0.000,0.000,0.000,0.000,40.892,0.00,0.00,0.00,0.00,0.000,0,,0,0.00,0.00,0.00,284.202,21.059,44.242,36.35,-18.47,58.00,6.422,0.000,0.00,0.00,0,0,0,0,0,0,-18.47,-18.46,-6.30,0.2487,0.0591,0.5778,1,6.422,0,0.580,0,ground,idle,1.000,2,-0.027 0.556 -0.118 0.044 0.243 -0.113 -0.159 -0.819 0.036 -0.903
378,6.3000,ground,idle,289.000,24.590,41.842,0.000,0.000,0.000,0.000,0.000,40.892,0.00,0.00,0.00,0.00,0.000,0,,0,0.00,0.00,0.00,284.053,21.272,44.242,33.85,-18.53,58.00,6.422,0.000,0.00,0.00,0,0,0,0,0,0,-18.53,-18.53,-6.32,0.2491,0.0578,0.5769,1,6.422,0,0.580,0,ground,idle,1.000,2,-0.028 0.556 -0.105 0.046 0.235 -0.117 -0.155 -0.816 0.028 -0.903
379,6.3167,ground,idle,289.000,24.590,41.842,0.000,0.000,0.000,0.000,0.000,40.892,0.00,0.00,0.00,0.00,0.000,0,,0,0.00,0.00,0.00,283.913,21.491,44.242,31.35,-18.60,58.00,6.422,0.000,0.00,0.00,0,0,0,0,0,0,-18.60,-18.60,-6.33,0.2493,0.0564,0.5760,1,6.422,0,0.580,0,ground,idle,1.000,2,-0.029 0.556 -0.092 0.048 0.225 -0.120 -0.150 -0.814 0.020 -0.904
380,6.3333,ground,idle,289.000,24.590,41.842,0.000,0.000,0.000,0.000,0.000,40.892,0.00,0.00,0.00,0.00,0.000,0,,0,0.00,0.00,0.00,283.782,21.716,44.242,28.85,-18.67,58.00,6.422,0.000,0.00,0.00,0,0,0,0,0,0,-18.67,-18.67,-6.35,0.2496,0.0549,0.5750,1,6.422,0,0.580,0,ground,idle,1.000,2,-0.030 0.556 -0.079 0.050 0.216 -0.123 -0.146 -0.811 0.013 -0.904
381,6.3500,ground,idle,289.000,24.590,41.842,0.000,0.000,0.000,0.000,0.000,40.892,0.00,0.00,0.00,0.00,0.000,0,,0,0.00,0.00,0.00,283.662,21.946,44.242,26.35,-18.74,58.00,6.422,0.000,0.00,0.00,0,0,0,0,0,0,-18.74,-18.74,-6.37,0.2498,0.0533,0.5741,1,6.422,0,0.580,0,ground,idle,1.000,2,-0.031 0.556 -0.065 0.052 0.206 -0.126 -0.141 -0.809 0.005 -0.904
382,6.3667,ground,idle,289.000,24.590,41.842,0.000,0.000,0.000,0.000,0.000,40.892,0.00,0.00,0.00,0.00,0.000,0,,0,0.00,0.00,0.00,283.552,22.181,44.242,23.85,-18.80,58.00,6.422,0.000,0.00,0.00,0,0,0,0,0,0,-18.80,-18.80,-6.38,0.2499,0.0516,0.5731,1,6.422,0,0.580,0,ground,idle,1.000,2,-0.032 0.556 -0.052 0.053 0.196 -0.129 -0.136 -0.806 -0.003 -0.904
383,6.3833,ground,idle,289.000,24.590,41.842,0.000,0.000,0.000,0.000,0.000,40.892,0.00,0.00,0.00,0.00,0.000,0,,0,0.00,0.00,0.00,283.452,22.421,44.242,21.35,-18.87,58.00,6.422,0.000,0.00,0.00,0,0,0,0,0,0,-18.87,-18.87,-6.40,0.2500,0.0500,0.5721,1,6.422,0,0.580,0,ground,idle,1.000,2,-0.033 0.556 -0.038 0.055 0.185 -0.132 -0.130 -0.804 -0.011 -0.903
384,6.4000,ground,idle,289.000,24.590,41.842,0.000,0.000,0.000,0.000,0.000,40.892,0.00,0.00,0.00,0.00,0.000,0,,0,0.00,0.00,0.00,283.362,22.665,44.242,18.85,-18.94,58.00,6.422,0.000,0.00,0.00,0,0,0,0,0,0,-18.94,-18.94,-6.42,0.2500,0.0484,0.5711,1,6.422,0,0.580,0,ground,idle,1.000,2,-0.034 0.556 -0.024 0.056 0.173 -0.135 -0.125 -0.802 -0.019 -0.903
385,6.4167,ground,idle,289.000,24.590,41.842,0.000,0.000,0.000,0.000,0.000,40.892,0.00,0.00,0.00,0.00,0.000,0,,0,0.00,0.00,0.00,283.284,22.913,44.242,16.35,-19.01,58.00,6.422,0.000,0.00,0.00,0,0,0,0,0,0,-19.01,-19.00,-6.43,0.2501,0.0467,0.5701,1,6.422,0,0.580,0,ground,idle,1.000,2,-0.035 0.557 -0.010 0.057 0.162 -0.137 -0.119 -0.799 -0.026 -0.903
386,6.4333,ground,idle,289.000,24.590,41.842,0.000,0.000,0.000,0.000,0.000,40.892,0.00,0.00,0.00,0.00,0.000,0,,0,0.00,0.00,0.00,283.216,23.164,44.242,13.85,-19.07,58.00,6.422,0.000,0.00,0.00,0,0,0,0,0,0,-19.07,-19.07,-6.45,0.2500,0.0449,0.5691,1,6.422,0,0.580,0,ground,idle,1.000,2,-0.036 0.557 0.004 0.058 0.150 -0.140 -0.113 -0.797 -0.034 -0.902
387,6.4500,ground,idle,289.000,24.590,41.842,0.000,0.000,0.000,0.000,0.000,40.892,0.00,0.00,0.00,0.00,0.000,0,,0,0.00,0.00,0.00,283.159,23.418,44.242,11.35,-19.14,58.00,6.422,0.000,0.00,0.00,0,0,0,0,0,0,-19.14,-19.14,-6.47,0.2499,0.0430,0.5681,1,6.422,0,0.580,0,ground,idle,1.000,2,-0.036 0.557 0.018 0.058 0.138 -0.142 -0.106 -0.795 -0.042 -0.901
388,6.4667,ground,idle,289.000,24.590,41.842,0.000,0.000,0.000,0.000,0.000,40.892,0.00,0.00,0.00,0.00,0.000,0,,0,0.00,0.00,0.00,283.114,23.673,44.242,8.85,-19.21,58.00,6.422,0.000,0.00,0.00,0,0,0,0,0,0,-19.21,-19.21,-6.48,0.2498,0.0411,0.5670,1,6.422,0,0.580,0,ground,idle,1.000,2,-0.037 0.557 0.032 0.059 0.125 -0.144 -0.100 -0.793 -0.049 -0.900
389,6.4833,ground,idle,289.000,24.590,41.842,0.000,0.000,0.000,0.000,0.000,40.892,0.00,0.00,0.00,0.00,0.000,0,,1,305.97,15.30,40.89,283.079,23.931,44.242,6.35,-19.27,58.00,6.422,0.000,0.00,0.00,0,0,0,0,0,0,-19.27,-19.27,-6.50,0.2496,0.0390,0.5659,1,6.422,0,0.580,0,ground,idle,1.000,2,-0.037 0.558 0.046 0.059 0.112 -0.146 -0.093 -0.791 -0.057 -0.900
390,6.5000,ground,idle,289.000,24.590,41.842,0.000,0.000,0.000,0.000,0.000,40.892,0.00,0.00,0.00,0.00,0.000,0,,1,305.97,15.30,40.89,283.056,24.190,44.242,3.85,-19.34,58.00,6.422,0.000,0.00,0.00,0,0,0,0,0,0,-19.34,-19.34,-6.52,0.2494,0.0369,0.5649,1,6.422,0,0.580,0,ground,idle,1.000,2,-0.038 0.558 0.060 0.059 0.099 -0.148 -0.086 -0.789 -0.064 -0.898
391,6.5167,ground,idle,289.000,24.590,41.842,0.000,0.000,0.000,0.000,0.000,40.892,0.00,0.00,0.00,0.00,0.000,0,,1,305.97,15.30,40.89,283.045,24.450,44.242,1.35,-19.41,58.00,6.422,0.000,0.00,0.00,0,0,0,0,0,0,-19.41,-19.41,-6.53,0.2492,0.0348,0.5638,1,6.422,0,0.580,0,ground,idle,1.000,2,-0.038 0.558 0.074 0.059 0.086 -0.149 -0.079 -0.788 -0.072 -0.897
392,6.5333,ground,idle,289.000,24.590,41.842,0.000,0.000,0.000,0.000,0.000,40.892,0.00,0.00,0.00,0.00,0.000,0,,1,305.97,15.30,40.89,283.044,24.708,44.242,-1.13,-19.47,58.00,6.423,0.000,0.00,0.00,0,0,0,0,0,0,-19.47,-19.47,-6.55,0.2493,0.0343,0.5627,1,6.423,0,0.580,0,ground,idle,1.000,2,-0.038 0.559 0.087 0.058 0.073 -0.151 -0.072 -0.786 -0.079 -0.896
393,6.5500,ground,idle,289.000,24.590,41.842,0.000,0.000,0.000,0.000,0.000,40.892,0.00,0.00,0.00,0.00,0.000,0,,1,305.97,15.30,40.89,283.535,22.113,44.242,24.38,-19.40,58.00,6.462,0.000,0.00,0.00,0,0,0,0,0,0,-19.40,-19.54,-6.57,0.2479,0.0521,0.5610,1,6.462,0,0.580,0,ground,idle,1.000,2,-0.035 0.553 -0.055 0.060 0.202 -0.130 -0.137 -0.802 -0.001 -0.902
394,6.5667,ground,idle,289.000,24.590,41.842,0.000,0.000,0.000,0.000,0.000,40.892,0.00,0.00,0.00,0.00,0.000,0,,0,0.00,0.00,0.00,283.532,22.158,44.242,23.98,-19.52,58.00,6.448,0.000,0.00,0.00,0,0,0,0,0,0,-19.52,-19.47,-6.58,0.2484,0.0520,0.5600,1,6.448,0,0.580,0,ground,idle,1.000,2,-0.035 0.553 -0.053 0.061 0.200 -0.130 -0.136 -0.801 -0.003 -0.902
395,6.5833,ground,idle,289.000,24.590,41.842,0.000,0.000,0.000,0.000,0.000,40.892,0.00,0.00,0.00,0.00,0.000,0,,0,0.00,0.00,0.00,283.519,22.265,44.242,22.98,-19.69,58.00,6.419,0.000,0.00,0.00,0,0,0,0,0,0,-19.69,-19.58,-6.60,0.2495,0.0515,0.5591,1,6.419,0,0.580,0,ground,idle,1.000,2,-0.035 0.553 -0.047 0.063 0.196 -0.132 -0.134 -0.799 -0.006 -0.902
396,6.6000,ground,idle,289.000,24.590,41.842,0.000,0.000,0.000,0.000,0.000,40.892,0.00,0.00,0.00,0.00,0.000,0,,0,0.00,0.00,0.00,283.494,22.417,44.242,21.54,-19.87,58.00,6.388,0.000,0.00,0.00,0,0,0,0,0,0,-19.87,-19.75,-6.62,0.2506,0.0508,0.5581,1,6.388,0,0.580,0,ground,idle,1.000,2,-0.036 0.552 -0.039 0.065 0.190 -0.134 -0.131 -0.797 -0.010 -0.901
397,6.6167,ground,idle,289.000,24.590,41.842,0.000,0.000,0.000,0.000,0.000,40.892,0.00,0.00,0.00,0.00,0.000,0,,0,0.00,0.00,0.00,283.458,22.599,44.242,19.76,-20.04,58.00,6.359,0.000,0.00,0.00,0,0,0,0,0,0,-20.04,-19.93,-6.63,0.2517,0.0499,0.5572,1,6.359,0,0.580,0,ground,idle,1.000,2,-0.037 0.552 -0.029 0.066 0.182 -0.137 -0.127 -0.794 -0.016 -0.901
398,6.6333,ground,idle,289.000,24.590,41.842,0.000,0.000,0.000,0.000,0.000,40.892,0.00,0.00,0.00,0.00,0.000,0,,0,0.00,0.00,0.00,283.417,22.803,44.242,17.75,-20.19,58.00,6.335,0.000,0.00,0.00,0,0,0,0,0,0,-20.19,-20.11,-6.65,0.2526,0.0487,0.5562,1,6.335,0,0.580,0,ground,idle,1.000,2,-0.037 0.552 -0.018 0.068 0.172 -0.140 -0.122 -0.792 -0.022 -0.900
399,6.6500,ground,idle,289.000,24.590,41.842,0.000,0.000,0.000,0.000,0.000,40.892,0.00,0.00,0.00,0.00,0.000,0,,0,0.00,0.00,0.00,283.373,23.021,44.242,15.58,-20.33,58.00,6.316,0.000,0.00,0.00,0,0,0,0,0,0,-20.33,-20.26,-6.67,0.2533,0.0473,0.5552,1,6.316,0,0.580,0,ground,idle,1.000,2,-0.038 0.552 -0.005 0.069 0.162 -0.142 -0.117 -0.789 -0.029 -0.899
400,6.6667,ground,idle,289.000,24.590,41.842,0.000,0.000,0.000,0.000,0.000,40.892,0.00,0.00,0.00,0.00,0.000,0,,0,0.00,0.00,0.00,283.330,23.251,44.242,13.29,-20.45,58.00,6.301,0.000,0.00,0.00,0,0,0,0,0,0,-20.45,-20.40,-6.68,0.2538,0.0457,0.5543,1,6.301,0,0.580,0,ground,idle,1.000,2,-0.038 0.552 0.008 0.070 0.151 -0.145 -0.111 -0.787 -0.036 -0.899
401,6.6833,ground,idle,289.000,24.590,41.842,0.000,0.000,0.000,0.000,0.000,40.892,0.00,0.00,0.00,0.00,0.000,0,,0,0.00,0.00,0.00,283.291,23.488,44.242,10.93,-20.56,58.00,6.291,0.000,0.00,0.00,0,0,0,0,0,0,-20.56,-20.52,-6.70,0.2541,0.0440,0.5533,1,6.291,0,0.580,0,ground,idle,1.000,2,-0.039 0.552 0.021 0.070 0.139 -0.147 -0.105 -0.784 -0.043 -0.898
402,6.7000,ground,idle,289.000,24.590,41.842,0.000,0.000,0.000,0.000,0.000,40.892,0.00,0.00,0.00,0.00,0.000,0,,0,0.00,0.00,0.00,283.258,23.730,44.242,8.51,-20.66,58.00,6.283,0.000,0.00,0.00,0,0,0,0,0,0,-20.66,-20.63,-6.72,0.2543,0.0421,0.5522,1,6.283,0,0.580,0,ground,idle,1.000,2,-0.039 0.552 0.035 0.071 0.127 -0.150 -0.099 -0.782 -0.050 -0.897
403,6.7167,ground,idle,289.000,24.590,41.842,0.000,0.000,0.000,0.000,0.000,40.892,0.00,0.00,0.00,0.00,0.000,0,,1,305.97,15.30,40.89,283.232,23.977,44.242,6.07,-20.74,58.00,6.277,0.000,0.00,0.00,0,0,0,0,0,0,-20.74,-20.72,-6.73,0.2543,0.0401,0.5512,1,6.277,0,0.580,0,ground,idle,1.000,2,-0.039 0.552 0.048 0.071 0.114 -0.152 -0.092 -0.780 -0.058 -0.896
404,6.7333,ground,idle,289.000,24.590,41.842,0.000,0.000,0.000,0.000,0.000,40.892,0.00,0.00,0.00,0.00,0.000,0,,1,305.97,15.30,40.89,283.215,24.226,44.242,3.60,-20.82,58.00,6.273,0.000,0.00,0.00,0,0,0,0,0,0,-20.82,-20.81,-6.75,0.2542,0.0380,0.5501,1,6.273,0,0.580,0,ground,idle,1.000,2,-0.040 0.553 0.062 0.070 0.101 -0.154 -0.086 -0.778 -0.065 -0.895
405,6.7500,ground,idle,289.000,24.590,41.842,0.000,0.000,0.000,0.000,0.000,40.892,0.00,0.00,0.00,0.00,0.000,0,,1,305.97,15.30,40.89,283.208,24.475,44.242,1.14,-20.90,58.00,6.271,0.000,0.00,0.00,0,0,0,0,0,0,-20.90,-20.89,-6.77,0.2541,0.0360,0.5490,1,6.271,0,0.580,0,ground,idle,1.000,2,-0.040 0.553 0.076 0.070 0.088 -0.155 -0.079 -0.776 -0.072 -0.893
406,6.7667,ground,idle,289.000,24.590,41.842,0.000,0.000,0.000,0.000,0.000,40.892,0.00,0.00,0.00,0.00,0.000,0,,1,305.97,15.30,40.89,283.210,24.720,44.242,-1.28,-20.97,58.00,6.269,0.000,0.00,0.00,0,0,0,0,0,0,-20.97,-20.97,-6.78,0.2543,0.0355,0.5480,1,6.269,0,0.580,0,ground,idle,1.000,2,-0.040 0.553 0.089 0.069 0.075 -0.157 -0.072 -0.774 -0.079 -0.892
407,6.7833,ground,idle,289.000,24.590,41.842,0.000,0.000,0.000,0.000,0.000,40.892,0.00,0.00,0.00,0.00,0.000,0,,1,305.97,15.30,40.89,283.294,22.733,44.242,18.03,-20.33,58.00,6.462,0.000,0.00,0.00,0,0,0,0,0,0,-20.33,-21.04,-6.80,0.2477,0.0482,0.5463,1,6.462,0,0.580,0,ground,idle,1.000,2,-0.038 0.551 -0.019 0.070 0.176 -0.139 -0.123 -0.791 -0.021 -0.900
408,6.8000,ground,idle,289.000,24.590,41.842,0.000,0.000,0.000,0.000,0.000,40.892,0.00,0.00,0.00,0.00,0.000,0,,0,0.00,0.00,0.00,283.307,22.771,44.242,17.72,-20.48,58.00,6.441,0.000,0.00,0.00,0,0,0,0,0,0,-20.48,-20.40,-6.82,0.2485,0.0482,0.5452,1,6.441,0,0.580,0,ground,idle,1.000,2,-0.038 0.551 -0.018 0.071 0.174 -0.140 -0.122 -0.790 -0.022 -0.899
409,6.8167,ground,idle,289.000,24.590,41.842,0.000,0.000,0.000,0.000,0.000,40.892,0.00,0.00,0.00,0.00,0.000,0,,0,0.00,0.00,0.00,283.326,22.866,44.242,16.90,-20.70,58.00,6.398,0.000,0.00,0.00,0,0,0,0,0,0,-20.70,-20.54,-6.83,0.2500,0.0479,0.5443,1,6.398,0,0.580,0,ground,idle,1.000,2,-0.038 0.550 -0.013 0.072 0.171 -0.141 -0.120 -0.788 -0.024 -0.899
410,6.8333,ground,idle,289.000,24.590,41.842,0.000,0.000,0.000,0.000,0.000,40.892,0.00,0.00,0.00,0.00,0.000,0,,0,0.00,0.00,0.00,283.338,23.004,44.242,15.65,-20.93,58.00,6.351,0.000,0.00,0.00,0,0,0,0,0,0,-20.93,-20.76,-6.85,0.2517,0.0474,0.5434,1,6.351,0,0.580,0,ground,idle,1.000,2,-0.039 0.549 -0.006 0.074 0.165 -0.144 -0.117 -0.785 -0.028 -0.898
411,6.8500,ground,idle,289.000,24.590,41.842,0.000,0.000,0.000,0.000,0.000,40.892,0.00,0.00,0.00,0.00,0.000,0,,0,0.00,0.00,0.00,283.340,23.174,44.242,14.04,-21.16,58.00,6.309,0.000,0.00,0.00,0,0,0,0,0,0,-21.16,-21.00,-6.87,0.2532,0.0465,0.5424,1,6.309,0,0.580,0,ground,idle,1.000,2,-0.039 0.549 0.003 0.075 0.157 -0.146 -0.113 -0.782 -0.033 -0.897
412,6.8667,ground,idle,289.000,24.590,41.842,0.000,0.000,0.000,0.000,0.000,40.892,0.00,0.00,0.00,0.00,0.000,0,,0,0.00,0.00,0.00,283.333,23.369,44.242,12.16,-21.36,58.00,6.274,0.000,0.00,0.00,0,0,0,0,0,0,-21.36,-21.22,-6.88,0.2544,0.0453,0.5415,1,6.274,0,0.580,0,ground,idle,1.000,2,-0.039 0.549 0.014 0.076 0.148 -0.149 -0.108 -0.779 -0.039 -0.896
413,6.8833,ground,idle,289.000,24.590,41.842,0.000,0.000,0.000,0.000,0.000,40.892,0.00,0.00,0.00,0.00,0.000,0,,0,0.00,0.00,0.00,283.322,23.580,44.242,10.09,-21.53,58.00,6.246,0.000,0.00,0.00,0,0,0,0,0,0,-21.53,-21.42,-6.90,0.2553,0.0439,0.5405,1,6.246,0,0.580,0,ground,idle,1.000,2,-0.039 0.549 0.026 0.076 0.137 -0.151 -0.103 -0.777 -0.045 -0.895
414,6.9000,ground,idle,289.000,24.590,41.842,0.000,0.000,0.000,0.000,0.000,40.892,0.00,0.00,0.00,0.00,0.000,0,,0,0.00,0.00,0.00,283.310,23.803,44.242,7.87,-21.68,58.00,6.225,0.000,0.00,0.00,0,0,0,0,0,0,-21.68,-21.59,-6.92,0.2560,0.0423,0.5395,1,6.225,0,0.580,0,ground,idle,1.000,2,-0.040 0.549 0.038 0.077 0.126 -0.154 -0.097 -0.774 -0.052 -0.894
415,6.9167,ground,idle,289.000,24.590,41.842,0.000,0.000,0.000,0.000,0.000,40.892,0.00,0.00,0.00,0.00,0.000,0,,1,305.97,15.30,40.89,283.300,24.035,44.242,5.56,-21.80,58.00,6.209,0.000,0.00,0.00,0,0,0,0,0,0,-21.80,-21.74,-6.93,0.2564,0.0404,0.5385,1,6.209,0,0.580,0,ground,idle,1.000,2,-0.040 0.549 0.051 0.077 0.114 -0.156 -0.091 -0.772 -0.059 -0.892
416,6.9333,ground,idle,289.000,24.590,41.842,0.000,0.000,0.000,0.000,0.000,40.892,0.00,0.00,0.00,0.00,0.000,0,,1,305.97,15.30,40.89,283.294,24.273,44.242,3.18,-21.91,58.00,6.198,0.000,0.00,0.00,0,0,0,0,0,0,-21.91,-21.87,-6.95,0.2566,0.0384,0.5375,1,6.198,0,0.580,0,ground,idle,1.000,2,-0.040 0.549 0.064 0.076 0.101 -0.158 -0.084 -0.769 -0.066 -0.891
417,6.9500,ground,idle,289.000,24.590,41.842,0.000,0.000,0.000,0.000,0.000,40.892,0.00,0.00,0.00,0.00,0.000,0,,1,305.97,15.30,40.89,283.295,24.514,44.242,0.77,-22.01,58.00,6.190,0.000,0.00,0.00,0,0,0,0,0,0,-22.01,-21.98,-6.97,0.2567,0.0368,0.5364,1,6.190,0,0.580,0,ground,idle,1.000,2,-0.040 0.549 0.078 0.076 0.088 -0.160 -0.078 -0.767 -0.073 -0.890
418,6.9667,ground,idle,289.000,24.590,41.842,0.000,0.000,0.000,0.000,0.000,40.892,0.00,0.00,0.00,0.00,0.000,0,,1,305.97,15.30,40.89,283.302,24.751,44.242,-1.62,-22.10,58.00,6.185,0.000,0.00,0.00,0,0,0,0,0,0,-22.10,-22.08,-6.98,0.2572,0.0364,0.5354,1,6.185,0,0.580,0,ground,idle,1.000,2,-0.039 0.550 0.091 0.075 0.076 -0.161 -0.071 -0.766 -0.080 -0.888
419,6.9833,ground,idle,289.000,24.590,41.842,0.000,0.000,0.000,0.000,0.000,40.892,0.00,0.00,0.00,0.00,0.000,0,,1,305.97,15.30,40.89,283.252,22.868,44.242,16.67,-21.13,58.00,6.462,0.000,0.00,0.00,0,0,0,0,0,0,-21.13,-22.16,-7.00,0.2475,0.0475,0.5335,1,6.462,0,0.580,0,ground,idle,1.000,2,-0.038 0.549 -0.012 0.074 0.171 -0.142 -0.119 -0.785 -0.025 -0.897
420,7.0000,ground,idle,289.000,24.590,41.842,0.000,0.000,0.000,0.000,0.000,40.892,0.00,0.00,0.00,0.00,0.000,0,,0,0.00,0.00,0.00,283.271,22.895,44.242,16.48,-21.28,58.00,6.439,0.000,0.00,0.00,0,0,0,0,0,0,-21.28,-21.20,-7.02,0.2483,0.0476,0.5325,1,6.439,0,0.580,0,ground,idle,1.000,2,-0.038 0.548 -0.011 0.074 0.170 -0.143 -0.119 -0.783 -0.025 -0.897
421,7.0167,ground,idle,289.000,24.590,41.842,0.000,0.000,0.000,0.000,0.000,40.892,0.00,0.00,0.00,0.00,0.000,0,,0,0.00,0.00,0.00,283.303,22.967,44.242,15.90,-21.52,58.00,6.392,0.000,0.00,0.00,0,0,0,0,0,0,-21.52,-21.35,-7.03,0.2500,0.0475,0.5316,1,6.392,0,0.580,0,ground,idle,1.000,2,-0.038 0.548 -0.008 0.076 0.168 -0.144 -0.117 -0.781 -0.027 -0.896
422,7.0333,ground,idle,289.000,24.590,41.842,0.000,0.000,0.000,0.000,0.000,40.892,0.00,0.00,0.00,0.00,0.000,0,,0,0.00,0.00,0.00,283.328,23.081,44.242,14.89,-21.77,58.00,6.341,0.000,0.00,0.00,0,0,0,0,0,0,-21.77,-21.59,-7.05,0.2518,0.0472,0.5306,1,6.341,0,0.580,0,ground,idle,1.000,2,-0.038 0.547 -0.003 0.077 0.163 -0.146 -0.115 -0.778 -0.030 -0.895
423,7.0500,ground,idle,289.000,24.590,41.842,0.000,0.000,0.000,0.000,0.000,40.892,0.00,0.00,0.00,0.00,0.000,0,,0,0.00,0.00,0.00,283.342,23.231,44.242,13.50,-22.01,58.00,6.295,0.000,0.00,0.00,0,0,0,0,0,0,-22.01,-21.84,-7.07,0.2534,0.0465,0.5297,1,6.295,0,0.580,0,ground,idle,1.000,2,-0.038 0.546 0.005 0.078 0.156 -0.148 -0.111 -0.775 -0.035 -0.894
424,7.0667,ground,idle,289.000,24.590,41.842,0.000,0.000,0.000,0.000,0.000,40.892,0.00,0.00,0.00,0.00,0.000,0,,0,0.00,0.00,0.00,283.344,23.408,44.242,11.80,-22.22,58.00,6.256,0.000,0.00,0.00,0,0,0,0,0,0,-22.22,-22.08,-7.08,0.2548,0.0456,0.5288,1,6.256,0,0.580,0,ground,idle,1.000,2,-0.038 0.546 0.015 0.079 0.148 -0.151 -0.107 -0.772 -0.040 -0.893
425,7.0833,ground,idle,289.000,24.590,41.842,0.000,0.000,0.000,0.000,0.000,40.892,0.00,0.00,0.00,0.00,0.000,0,,0,0.00,0.00,0.00,283.340,23.606,44.242,9.86,-22.41,58.00,6.226,0.000,0.00,0.00,0,0,0,0,0,0,-22.41,-22.29,-7.10,0.2559,0.0443,0.5278,1,6.226,0,0.580,0,ground,idle,1.000,2,-0.038 0.546 0.026 0.079 0.138 -0.153 -0.102 -0.769 -0.046 -0.892
426,7.1000,ground,idle,289.000,24.590,41.842,0.000,0.000,0.000,0.000,0.000,40.892,0.00,0.00,0.00,0.00,0.000,0,,0,0.00,0.00,0.00,283.333,23.799,44.242,7.95,-22.49,58.00,6.205,0.000,0.00,0.00,0,0,0,0,0,0,-22.49,-22.41,-7.12,0.2566,0.0430,0.5279,1,6.205,0,0.580,0,ground,idle,1.000,2,-0.038 0.546 0.036 0.079 0.129 -0.155 -0.097 -0.767 -0.052 -0.891
427,7.1167,ground,idle,289.000,24.590,41.842,0.000,0.000,0.000,0.000,0.000,40.892,0.00,0.00,0.00,0.00,0.000,0,,1,305.97,15.30,40.89,283.326,23.961,44.242,6.32,-22.53,58.00,6.192,0.000,0.00,0.00,0,0,0,0,0,0,-22.53,-22.49,-7.13,0.2569,0.0418,0.5279,1,6.192,0,0.580,0,ground,idle,1.000,2,-0.038 0.546 0.045 0.078 0.121 -0.156 -0.093 -0.765 -0.057 -0.890
428,7.1333,ground,idle,289.000,24.590,41.842,0.000,0.000,0.000,0.000,0.000,40.892,0.00,0.00,0.00,0.00,0.000,0,,1,305.97,15.30,40.89,283.320,24.089,44.242,5.04,-22.56,58.00,6.186,0.000,0.00,0.00,0,0,0,0,0,0,-22.56,-22.53,-7.15,0.2570,0.0408,0.5280,1,6.186,0,0.580,0,ground,idle,1.000,2,-0.037 0.547 0.052 0.078 0.114 -0.157 -0.089 -0.764 -0.061 -0.890
429,7.1500,ground,idle,289.000,24.590,41.842,0.000,0.000,0.000,0.000,0.000,40.892,0.00,0.00,0.00,0.00,0.000,0,,1,305.97,15.30,40.89,283.315,24.185,44.242,4.07,-22.57,58.00,6.184,0.000,0.00,0.00,0,0,0,0,0,0,-22.57,-22.56,-7.17,0.2570,0.0401,0.5280,1,6.184,0,0.580,0,ground,idle,1.000,2,-0.037 0.547 0.057 0.077 0.109 -0.158 -0.087 -0.764 -0.063 -0.889
430,7.1667,ground,idle,289.000,24.590,41.842,0.000,0.000,0.000,0.000,0.000,40.892,0.00,0.00,0.00,0.00,0.000,0,,1,305.97,15.30,40.89,283.311,24.255,44.242,3.37,-22.57,58.00,6.183,0.000,0.00,0.00,0,0,0,0,0,0,-22.57,-22.57,-7.18,0.2570,0.0395,0.5280,1,6.183,0,0.580,0,ground,idle,1.000,2,-0.037 0.547 0.061 0.077 0.106 -0.158 -0.085 -0.763 -0.066 -0.889
431,7.1833,ground,idle,289.000,24.590,41.842,0.000,0.000,0.000,0.000,0.000,40.892,0.00,0.00,0.00,0.00,0.000,0,,1,305.97,15.30,40.89,283.309,24.305,44.242,2.86,-22.57,58.00,6.183,0.000,0.00,0.00,0,0,0,0,0,0,-22.57,-22.57,-7.20,0.2569,0.0391,0.5280,1,6.183,0,0.580,0,ground,idle,1.000,2,-0.037 0.547 0.064 0.076 0.104 -0.158 -0.083 -0.763 -0.067 -0.889
432,7.2000,ground,idle,289.000,24.590,41.842,0.000,0.000,0.000,0.000,0.000,40.892,0.00,0.00,0.00,0.00,0.000,0,,1,305.97,15.30,40.89,283.307,24.340,44.242,2.51,-22.57,58.00,6.183,0.000,0.00,0.00,0,0,0,0,0,0,-22.57,-22.57,-7.22,0.2569,0.0389,0.5280,1,6.183,0,0.580,0,ground,idle,1.000,2,-0.036 0.548 0.066 0.076 0.102 -0.158 -0.082 -0.762 -0.068 -0.888
433,7.2167,ground,idle,289.000,24.590,41.842,0.000,0.000,0.000,0.000,0.000,40.892,0.00,0.00,0.00,0.00,0.000,0,,1,305.97,15.30,40.89,283.305,24.364,44.242,2.27,-22.57,58.00,6.184,0.000,0.00,0.00,0,0,0,0,0,0,-22.57,-22.57,-7.23,0.2568,0.0388,0.5280,1,6.184,0,0.580,0,ground,idle,1.000,2,-0.036 0.548 0.067 0.075 0.101 -0.158 -0.082 -0.762 -0.069 -0.888
434,7.2333,ground,idle,289.000,24.590,41.842,0.000,0.000,0.000,0.000,0.000,40.892,0.00,0.00,0.00,0.00,0.000,0,,1,305.97,15.30,40.89,283.305,24.381,44.242,2.10,-22.57,58.00,6.184,0.000,0.00,0.00,0,0,0,0,0,0,-22.57,-22.57,-7.25,0.2568,0.0387,0.5280,1,6.184,0,0.580,0,ground,idle,1.000,2,-0.036 0.548 0.067 0.075 0.101 -0.158 -0.081 -0.762 -0.069 -0.888
435,7.2500,ground,idle,289.000,24.590,41.842,0.000,0.000,0.000,0.000,0.000,40.892,0.00,0.00,0.00,0.00,0.000,0,,1,305.97,15.30,40.89,283.304,24.392,44.242,1.99,-22.57,58.00,6.184,0.000,0.00,0.00,0,0,0,0,0,0,-22.57,-22.57,-7.27,0.2568,0.0387,0.5280,1,6.184,0,0.580,0,ground,idle,1.000,2,-0.035 0.548 0.068 0.074 0.100 -0.158 -0.081 -0.762 -0.070 -0.888
436,7.2667,ground,idle,289.000,24.590,41.842,0.000,0.000,0.000,0.000,0.000,40.892,0.00,0.00,0.00,0.00,0.000,0,,1,305.97,15.30,40.89,283.303,24.400,44.242,1.91,-22.57,58.00,6.184,0.000,0.00,0.00,0,0,0,0,0,0,-22.57,-22.57,-7.28,0.2567,0.0387,0.5280,1,6.184,0,0.580,0,ground,idle,1.000,2,-0.035 0.548 0.068 0.074 0.100 -0.158 -0.081 -0.761 -0.070 -0.887
437,7.2833,ground,idle,289.000,24.590,41.842,0.000,0.000,0.000,0.000,0.000,40.892,0.00,0.00,0.00,0.00,0.000,0,,1,305.97,15.30,40.89,283.303,24.405,44.242,1.86,-22.57,58.00,6.185,0.000,0.00,0.00,0,0,0,0,0,0,-22.57,-22.57,-7.30,0.2567,0.0387,0.5280,1,6.185,0,0.580,0,ground,idle,1.000,2,-0.035 0.548 0.068 0.074 0.100 -0.158 -0.081 -0.761 -0.070 -0.887
438,7.3000,zip,zipFire,289.000,24.590,41.842,0.000,0.000,0.000,0.000,0.000,40.892,0.00,0.00,0.00,0.00,0.000,0,,1,305.97,15.30,40.89,283.303,24.408,44.242,1.83,-22.71,58.00,6.185,0.000,0.00,0.00,0,0,0,1,0,0,-22.71,-22.57,-7.32,0.2530,0.0526,0.5246,1,6.185,0,0.578,0,ground,idle,1.000,2,-0.032 0.542 -0.068 0.074 0.216 -0.131 -0.138 -0.778 0.008 -0.892
439,7.3167,zip,zipFire,289.000,24.590,41.842,0.000,0.000,0.000,0.000,0.000,40.892,0.00,0.00,0.00,0.00,0.000,0,,0,0.00,0.00,0.00,283.303,24.410,44.242,1.80,-23.08,58.00,6.185,0.000,0.00,0.00,0,0,0,1,0,0,-23.08,-22.71,-7.33,0.2488,0.0613,0.5170,1,6.185,0,0.572,0,zip_zipFire,idle,1.000,2,-0.027 0.537 -0.168 0.060 0.280 -0.099 -0.166 -0.796 0.070 -0.885
440,7.3333,zip,zipFire,289.000,24.590,41.842,0.000,0.000,0.000,0.000,0.000,40.892,0.00,0.00,0.00,0.00,0.000,0,,0,0.00,0.00,0.00,283.303,24.412,44.242,1.79,-23.62,58.00,6.185,0.000,0.00,0.00,0,0,0,1,0,0,-23.62,-23.08,-7.35,0.2460,0.0552,0.5071,1,6.185,0,0.563,0,zip_zipFire,idle,1.000,2,-0.017 0.534 -0.223 0.050 0.218 -0.057 -0.173 -0.805 0.113 -0.872
441,7.3500,zip,zipFlight,289.024,24.576,41.843,2.927,-1.721,0.101,3.398,3.396,40.893,0.00,0.00,0.00,0.00,0.000,0,,0,0.00,0.00,0.00,283.294,24.411,44.242,1.64,-24.10,58.85,6.214,0.000,0.00,0.00,0,0,0,1,0,0,-24.10,-23.25,-7.37,0.2408,0.0516,0.4971,1,6.214,0,0.553,0,zip_zipFire,idle,1.000,2,-0.007 0.540 -0.245 0.063 0.155 0.033 -0.171 -0.801 0.142 -0.854
442,7.3667,zip,zipFlight,289.219,24.461,41.850,14.587,-8.572,0.500,16.927,16.919,40.900,0.00,0.00,0.00,0.00,0.000,0,,0,0.00,0.00,0.00,283.286,24.399,44.243,0.60,-24.06,59.53,6.398,0.001,0.00,0.00,0,0,0,1,0,0,-24.06,-23.68,-7.38,0.2354,0.0511,0.4865,1,6.398,0,0.541,0,zip_zipFlight,idle,1.000,2,-0.010 0.562 -0.271 0.080 0.100 0.124 -0.162 -0.798 0.173 -0.834
443,7.3833,zip,zipFlight,289.606,24.234,41.863,26.047,-15.282,0.873,30.212,30.199,40.913,0.00,0.00,0.00,0.00,0.000,0,,0,0.00,0.00,0.00,283.311,24.358,44.247,-1.13,-23.60,60.08,6.732,0.008,0.00,0.00,0,0,0,1,0,0,-23.60,-24.29,-7.40,0.2299,0.0528,0.4770,1,6.732,0,0.529,0,zip_zipFlight,idle,1.000,2,-0.036 0.587 -0.287 0.002 0.034 0.120 -0.120 -0.852 0.217 -0.840
444,7.4000,zip,zipFlight,290.187,23.894,41.882,37.819,-22.130,1.221,43.835,43.818,40.932,0.00,0.00,0.00,0.00,0.000,0,,0,0.00,0.00,0.00,283.407,24.270,44.254,-3.18,-22.92,60.55,7.193,0.022,0.00,0.00,0,0,0,0,0,0,-22.92,-24.99,-7.42,0.2140,0.0527,0.4680,1,7.193,0,0.517,0,zip_zipFlight,idle,1.000,2,-0.074 0.579 -0.260 -0.076 -0.034 0.059 -0.047 -0.827 0.272 -0.760
445,7.4167,zip,zipFlight,290.954,23.446,41.905,48.425,-28.232,1.478,56.073,56.054,40.955,0.00,0.00,0.00,0.00,0.000,0,,0,0.00,0.00,0.00,284.084,24.074,44.266,-5.22,-23.37,60.95,7.291,0.042,0.00,0.00,0,0,0,0,0,0,-23.37,-25.75,-7.43,0.1786,0.0570,0.4509,1,7.291,0,0.505,0,zip_zipFlight,zipFlightLevel,1.000,2,-0.106 0.506 -0.212 -0.059 -0.114 -0.010 0.027 -0.637 0.311 -0.539
446,7.4333,zip,zipFlight,291.768,22.973,41.929,48.775,-28.310,1.387,56.413,56.396,40.979,0.00,0.00,0.00,0.00,0.000,0,,0,0.00,0.00,0.00,284.890,23.794,44.282,-6.80,-24.05,61.29,7.316,0.068,0.00,0.00,0,0,0,0,0,0,-24.05,-26.52,-7.45,0.1125,0.0638,0.4223,1,7.316,0,0.493,0,zip_zipFlight,zipFlightLevel,1.000,2,-0.129 0.384 -0.166 0.057 -0.260 -0.008 0.081 -0.307 0.327 -0.220
447,7.4500,zip,zipFlight,292.585,22.501,41.951,48.921,-28.259,1.282,56.511,56.496,41.001,0.00,0.00,0.00,0.00,0.000,0,,0,0.00,0.00,0.00,285.708,23.452,44.301,-7.88,-24.78,61.58,7.330,0.098,0.00,0.00,0,0,0,0,0,0,-24.78,-27.27,-7.47,0.0638,0.0623,0.3933,1,7.330,0,0.481,0,zip_zipFlight,zipFlightLevel,1.000,2,-0.141 0.239 -0.152 0.201 -0.262 0.271 0.102 0.072 0.314 0.114
448,7.4667,zip,zipFlight,293.403,22.030,41.971,49.129,-28.234,1.170,56.676,56.664,41.021,0.00,0.00,0.00,0.00,0.000,0,,0,0.00,0.00,0.00,286.531,23.065,44.320,-8.57,-25.52,61.84,7.336,0.131,0.00,0.00,0,0,0,0,0,0,-25.52,-27.99,-7.48,0.1100,0.0562,0.3620,1,7.336,0,0.470,0,zip_zipFlight,zipFlightLevel,1.000,2,-0.143 0.098 -0.174 0.304 -0.149 0.091 0.086 0.401 0.275 0.392
449,7.4833,zip,zipFlight,294.221,21.562,41.989,49.215,-28.127,1.045,56.695,56.686,41.039,0.00,0.00,0.00,0.00,0.000,0,,0,0.00,0.00,0.00,287.358,22.647,44.340,-8.98,-26.25,62.07,7.336,0.166,0.00,0.00,0,0,0,0,0,0,-26.25,-28.68,-7.50,0.1472,0.0510,0.3410,1,7.336,0,0.460,0,zip_zipFlight,zipFlightLevel,1.000,2,-0.138 -0.011 -0.201 0.339 -0.131 0.041 0.044 0.617 0.225 0.574
450,7.5000,zip,zipFlight,295.040,21.096,42.004,49.054,-27.866,0.905,56.424,56.417,41.054,0.00,0.00,0.00,0.00,0.000,0,,0,0.00,0.00,0.00,288.189,22.208,44.359,-9.22,-26.98,62.27,7.329,0.202,0.00,0.00,0,0,0,0,0,0,-26.98,-29.31,-7.52,0.1655,0.0465,0.3289,1,7.329,0,0.450,0,zip_zipFlight,zipFlightLevel,1.000,2,-0.129 -0.080 -0.221 0.336 -0.121 0.095 -0.002 0.723 0.181 0.665
451,7.5167,zip,zipFlight,295.862,20.631,42.018,49.315,-27.831,0.762,56.631,56.626,41.068,0.00,0.00,0.00,0.00,0.000,0,,0,0.00,0.00,0.00,289.027,21.756,44.377,-9.34,-27.67,62.45,7.318,0.240,0.00,0.00,0,0,0,0,0,0,-27.67,-29.89,-7.53,0.1717,0.0436,0.3205,1,7.318,0,0.441,0,zip_zipFlight,zipFlightLevel,1.000,2,-0.122 -0.112 -0.228 0.322 -0.111 0.159 -0.037 0.754 0.152 0.693
452,7.5333,zip,zipFlight,296.684,20.170,42.028,49.408,-27.683,0.601,56.637,56.634,41.078,0.00,0.00,0.00,0.00,0.000,0,,0,0.00,0.00,0.00,289.867,21.302,44.393,-9.43,-28.34,62.61,7.304,0.278,0.00,0.00,0,0,0,0,0,0,-28.34,-30.42,-7.55,0.1756,0.0412,0.3129,1,7.304,0,0.433,0,zip_zipFlight,zipFlightLevel,1.000,2,-0.114 -0.135 -0.233 0.309 -0.099 0.215 -0.071 0.771 0.126 0.709
453,7.5500,zip,zipFlight,297.508,19.711,42.036,49.418,-27.469,0.424,56.541,56.540,41.086,0.00,0.00,0.00,0.00,0.000,0,,0,0.00,0.00,0.00,290.715,20.860,44.406,-9.60,-28.98,62.77,7.286,0.317,0.00,0.00,0,0,0,0,0,0,-28.98,-30.90,-7.57,0.1784,0.0396,0.3061,1,7.286,0,0.425,0,zip_zipFlight,zipFlightLevel,1.000,2,-0.105 -0.151 -0.236 0.297 -0.087 0.260 -0.099 0.780 0.101 0.722
454,7.5667,zip,zipFlight,298.334,19.255,42.041,49.705,-27.386,0.230,56.751,56.750,41.091,0.00,0.00,0.00,0.00,0.000,0,,0,0.00,0.00,0.00,291.571,20.447,44.418,-9.99,-29.58,62.92,7.267,0.355,0.00,0.00,0,0,0,0,0,0,-29.58,-31.33,-7.58,0.1804,0.0390,0.2999,1,7.267,0,0.419,0,zip_zipFlight,zipFlightLevel,1.000,2,-0.095 -0.164 -0.236 0.288 -0.072 0.297 -0.127 0.786 0.076 0.730
455,7.5833,zip,zipCatch,299.157,18.804,42.042,49.130,-26.803,0.012,55.966,55.966,41.092,0.00,0.00,0.00,0.00,0.000,0,,0,0.00,0.00,0.00,292.432,20.071,44.426,-10.67,-30.15,63.06,7.247,0.393,0.00,0.00,0,0,0,0,0,0,-30.15,-31.71,-7.60,0.1819,0.0392,0.2943,1,7.247,0,0.412,0,zip_zipFlight,zipFlightLevel,1.000,2,-0.082 -0.173 -0.235 0.280 -0.055 0.326 -0.152 0.786 0.049 0.740
456,7.6000,zip,zipCatch,299.941,18.380,42.039,46.427,-25.060,-0.206,52.759,52.759,41.089,0.00,0.00,0.00,0.00,0.000,0,,0,0.00,0.00,0.00,293.262,19.748,44.432,-11.57,-30.69,63.21,7.226,0.430,0.00,0.00,0,0,0,0,0,0,-30.69,-32.06,-7.62,0.1831,0.0401,0.2892,1,7.226,0,0.407,0,zip_zipCatch,zipFlightLevel,1.000,2,-0.066 -0.180 -0.232 0.273 -0.037 0.346 -0.176 0.786 0.022 0.746
457,7.6167,zip,zipCatch,300.679,17.985,42.034,43.517,-23.224,-0.407,49.328,49.327,41.084,0.00,0.00,0.00,0.00,0.000,0,,0,0.00,0.00,0.00,294.053,19.481,44.434,-12.72,-31.19,63.35,7.205,0.466,0.00,0.00,0,0,0,0,0,0,-31.19,-32.36,-7.63,0.1816,0.0407,0.2837,1,7.205,0,0.402,0,zip_zipCatch,zipFlightLevel,1.000,2,-0.057 -0.158 -0.229 0.280 -0.022 0.382 -0.179 0.765 0.012 0.728
458,7.6333,zip,zipCatch,301.369,17.620,42.024,40.821,-21.526,-0.591,46.152,46.149,41.074,0.00,0.00,0.00,0.00,0.000,0,,0,0.00,0.00,0.00,294.806,19.272,44.434,-14.13,-31.65,63.49,7.184,0.501,0.00,0.00,0,0,0,0,0,0,-31.65,-32.62,-7.65,0.1742,0.0407,0.2781,1,7.184,0,0.397,0,zip_zipCatch,zipFlightLevel,1.000,2,-0.058 -0.094 -0.226 0.303 -0.006 0.436 -0.150 0.701 0.041 0.656
459,7.6500,zip,zipCatch,302.012,17.285,42.013,37.761,-19.662,-0.749,42.580,42.573,41.063,0.00,0.00,0.00,0.00,0.000,0,,0,0.00,0.00,0.00,295.522,19.118,44.429,-15.78,-32.00,63.64,7.163,0.535,0.00,0.00,0,0,0,0,0,0,-32.00,-32.86,-7.67,0.1528,0.0411,0.2778,1,7.163,0,0.393,0,zip_zipCatch,zipFlightLevel,1.000,2,-0.061 0.005 -0.223 0.323 0.025 0.475 -0.108 0.547 0.096 0.508
460,7.6667,zip,zipCatch,302.608,16.977,41.998,35.077,-18.025,-0.890,39.447,39.437,41.048,0.00,0.00,0.00,0.00,0.000,0,,0,0.00,0.00,0.00,296.205,19.015,44.422,-17.66,-32.00,63.79,7.143,0.568,0.00,0.00,0,0,0,0,0,0,-32.00,-33.06,-7.68,0.1096,0.0473,0.2909,1,7.143,0,0.389,0,zip_zipCatch,zipCatch,1.000,2,-0.058 0.121 -0.222 0.323 0.078 0.452 -0.079 0.285 0.159 0.273
461,7.6833,zip,zipCatch,303.154,16.699,41.982,32.169,-16.304,-1.000,36.079,36.065,41.032,0.00,0.00,0.00,0.00,0.000,0,,0,0.00,0.00,0.00,296.851,18.960,44.412,-19.73,-32.00,63.94,7.124,0.599,0.00,0.00,0,0,0,0,0,0,-32.00,-33.24,-7.70,0.0888,0.0534,0.3118,1,7.124,0,0.386,0,zip_zipCatch,zipCatch,1.000,2,-0.047 0.237 -0.232 0.244 0.168 0.285 -0.094 -0.049 0.210 -0.014
462,7.7000,zip,zipCatch,303.653,16.449,41.964,29.065,-14.522,-1.072,32.508,32.491,41.014,0.00,0.00,0.00,0.00,0.000,0,,0,0.00,0.00,0.00,297.463,18.948,44.400,-21.99,-32.00,64.08,7.106,0.629,0.00,0.00,0,0,0,0,0,0,-32.00,-33.40,-7.72,0.0975,0.0581,0.3341,1,7.106,0,0.383,0,zip_zipCatch,zipCatch,1.000,2,-0.028 0.329 -0.265 0.115 0.236 0.145 -0.150 -0.339 0.231 -0.270
463,7.7167,zip,zipCatch,304.104,16.226,41.946,26.189,-12.897,-1.118,29.214,29.192,40.996,0.00,0.00,0.00,0.00,0.000,0,,0,0.00,0.00,0.00,298.043,18.975,44.386,-24.39,-32.00,64.20,7.088,0.657,0.00,0.00,0,0,0,0,0,0,-32.00,-33.53,-7.73,0.1185,0.0654,0.3412,1,7.088,0,0.381,0,zip_zipCatch,zipCatch,1.000,2,-0.007 0.390 -0.315 -0.029 0.302 -0.016 -0.210 -0.467 0.234 -0.419
464,7.7333,zip,zipCatch,304.506,16.030,41.927,23.299,-11.307,-1.130,25.922,25.897,40.977,0.00,0.00,0.00,0.00,0.000,0,,0,0.00,0.00,0.00,298.589,19.036,44.370,-26.93,-32.00,64.31,7.071,0.682,0.00,0.00,0,0,0,0,0,0,-32.00,-33.65,-7.75,0.1296,0.0702,0.3430,1,7.071,0,0.379,0,zip_zipCatch,zipCatch,1.000,2,0.017 0.422 -0.355 -0.107 0.357 -0.111 -0.251 -0.482 0.222 -0.468
465,7.7500,zip,zipCatch,304.859,15.861,41.908,20.316,-9.718,-1.099,22.548,22.521,40.958,0.00,0.00,0.00,0.00,0.000,0,,0,0.00,0.00,0.00,299.103,19.128,44.353,-29.58,-32.00,64.39,7.055,0.701,0.00,0.00,0,0,0,0,0,0,-32.00,-33.75,-7.77,0.1356,0.0712,0.3419,1,7.055,0,0.377,0,zip_zipCatch,zipCatch,1.000,2,0.043 0.444 -0.365 -0.104 0.389 -0.129 -0.291 -0.488 0.217 -0.508
466,7.7667,zip,zipCatch,305.162,15.717,41.891,17.342,-8.182,-1.030,19.203,19.175,40.941,0.00,0.00,0.00,0.00,0.000,0,,0,0.00,0.00,0.00,299.584,19.248,44.335,-32.33,-32.00,64.45,7.040,0.711,0.00,0.00,0,0,0,0,0,0,-32.00,-33.84,-7.78,0.1493,0.0714,0.3402,1,7.040,0,0.375,0,zip_zipCatch,zipCatch,1.000,2,0.067 0.484 -0.357 -0.040 0.426 -0.089 -0.321 -0.490 0.216 -0.549
467,7.7833,zip,zipCatch,305.417,15.598,41.875,14.517,-6.761,-0.933,16.042,16.015,40.925,0.00,0.00,0.00,0.00,0.000,0,,0,0.00,0.00,0.00,300.033,19.393,44.318,-35.17,-32.00,64.47,7.026,0.710,0.00,0.00,0,0,0,0,0,0,-32.00,-33.92,-7.80,0.1675,0.0751,0.3354,1,7.026,0,0.374,0,zip_zipCatch,zipCatch,1.000,2,0.086 0.534 -0.346 0.072 0.466 -0.005 -0.353 -0.508 0.241 -0.607
468,7.8000,zip,zipCatch,305.621,15.504,41.861,11.600,-5.342,-0.795,12.796,12.771,40.911,0.00,0.00,0.00,0.00,0.000,0,,0,0.00,0.00,0.00,300.451,19.558,44.301,-38.10,-32.00,64.47,7.009,0.697,0.00,0.00,0,0,0,0,0,0,-32.00,-33.98,-7.82,0.1778,0.0780,0.3252,1,7.009,0,0.372,0,zip_zipCatch,zipCatch,1.000,2,0.093 0.573 -0.327 0.215 0.511 0.112 -0.366 -0.481 0.285 -0.610
469,7.8167,zip,zipCatch,305.776,15.433,41.850,8.467,-3.863,-0.609,9.326,9.307,40.900,0.00,0.00,0.00,0.00,0.000,0,,0,0.00,0.00,0.00,300.868,19.716,44.285,-41.11,-32.00,64.44,6.954,0.674,0.00,0.00,0,0,0,0,0,0,-32.00,-34.04,-7.83,0.1797,0.0812,0.3144,1,6.954,0,0.371,0,zip_zipCatch,zipCatch,1.000,2,0.090 0.586 -0.318 0.338 0.554 0.208 -0.362 -0.419 0.347 -0.565
470,7.8333,zip,zipCatch,305.878,15.387,41.842,5.383,-2.439,-0.401,5.923,5.909,40.892,0.00,0.00,0.00,0.00,0.000,0,,0,0.00,0.00,0.00,301.278,19.863,44.272,-44.21,-32.00,64.38,6.863,0.642,0.00,0.00,0,0,0,0,0,0,-32.00,-34.09,-7.85,0.1735,0.0839,0.3037,1,6.863,0,0.370,0,zip_zipCatch,zipCatch,1.000,2,0.078 0.578 -0.310 0.442 0.590 0.284 -0.341 -0.322 0.421 -0.477
471,7.8500,perch,perchLand,305.857,15.385,41.842,0.000,0.000,0.000,0.000,0.000,40.892,0.00,0.00,0.00,0.00,0.000,0,,0,0.00,0.00,0.00,301.663,20.003,44.261,-47.76,-31.98,64.28,6.692,0.604,0.00,0.00,0,0,0,0,0,0,-32.00,-34.10,-7.87,0.1664,0.0895,0.3185,1,6.692,0,0.371,0,zip_zipCatch,zipCatch,1.000,2,0.071 0.566 -0.322 0.497 0.611 0.315 -0.330 -0.250 0.459 -0.414
472,7.8667,perch,perchLand,305.857,15.385,41.842,0.000,0.000,0.000,0.000,0.000,40.892,0.00,0.00,0.00,0.00,0.000,0,,1,323.76,-15.30,36.49,302.014,20.139,44.254,-51.04,-32.01,64.17,6.572,0.562,0.00,0.00,0,0,0,0,0,0,-32.00,-34.03,-7.88,0.1626,0.0960,0.3112,1,6.572,0,0.376,0,perch_land,zipCatch,1.000,2,0.063 0.552 -0.335 0.542 0.629 0.338 -0.314 -0.175 0.499 -0.347
473,7.8833,perch,perchLand,305.857,15.385,41.842,0.000,0.000,0.000,0.000,0.000,40.892,0.00,0.00,0.00,0.00,0.000,0,,1,323.76,-15.30,36.49,302.332,20.270,44.249,-54.19,-32.00,64.05,6.487,0.520,0.00,0.00,0,0,0,0,0,0,-32.00,-33.91,-7.90,0.1618,0.0982,0.3088,1,6.487,0,0.384,0,perch_land,zipCatch,1.000,2,0.053 0.537 -0.329 0.561 0.630 0.345 -0.293 -0.131 0.515 -0.314
474,7.9000,perch,perchLand,305.857,15.385,41.842,0.000,0.000,0.000,0.000,0.000,40.892,0.00,0.00,0.00,0.00,0.000,0,,1,323.76,-15.30,36.49,302.622,20.395,44.246,-57.15,-32.00,63.93,6.430,0.476,0.00,0.00,0,0,0,0,0,0,-32.00,-33.73,-7.92,0.1610,0.1000,0.3093,1,6.430,0,0.394,0,perch_land,zipCatch,1.000,2,0.045 0.527 -0.323 0.574 0.632 0.345 -0.275 -0.101 0.528 -0.294
475,7.9167,perch,perchLand,305.857,15.385,41.842,0.000,0.000,0.000,0.000,0.000,40.892,0.00,0.00,0.00,0.00,0.000,0,,1,323.76,-15.30,36.49,302.886,20.511,44.244,-59.90,-32.00,63.80,6.393,0.434,0.00,0.00,0,0,0,0,0,0,-32.00,-33.50,-7.93,0.1646,0.1003,0.3192,1,6.393,0,0.404,0,perch_land,zipCatch,1.000,2,0.048 0.529 -0.310 0.564 0.635 0.325 -0.272 -0.127 0.508 -0.324
476,7.9333,perch,perchLand,305.857,15.385,41.842,0.000,0.000,0.000,0.000,0.000,40.892,0.00,0.00,0.00,0.00,0.000,0,,1,323.76,-15.30,36.49,303.129,20.617,44.243,-62.47,-32.00,63.67,6.371,0.394,0.00,0.00,0,0,0,0,0,0,-32.00,-33.24,-7.95,0.1727,0.0987,0.3394,1,6.371,0,0.416,0,perch_land,perchLand,1.000,2,0.066 0.544 -0.289 0.526 0.639 0.279 -0.264 -0.206 0.426 -0.389
477,7.9500,perch,perchLand,305.857,15.385,41.842,0.000,0.000,0.000,0.000,0.000,40.892,0.00,0.00,0.00,0.00,0.000,0,,1,323.76,-15.30,36.49,303.354,20.714,44.243,-64.84,-32.00,63.54,6.359,0.356,0.00,0.00,0,0,0,0,0,0,-32.00,-32.94,-7.97,0.1820,0.0909,0.3656,1,6.359,0,0.427,0,perch_land,perchLand,1.000,2,0.096 0.561 -0.238 0.425 0.610 0.187 -0.227 -0.299 0.288 -0.443
478,7.9667,perch,perchLand,305.857,15.385,41.842,0.000,0.000,0.000,0.000,0.000,40.892,0.00,0.00,0.00,0.00,0.000,0,,1,323.76,-15.30,36.49,303.563,20.802,44.243,-67.05,-31.31,63.40,6.353,0.320,0.00,0.00,0,0,0,0,0,0,-31.31,-32.61,-7.98,0.1793,0.0851,0.4015,1,6.353,0,0.439,0,perch_land,perchLand,1.000,2,0.137 0.571 -0.176 0.268 0.540 0.062 -0.153 -0.348 0.125 -0.429
479,7.9833,perch,perchLand,305.857,15.385,41.842,0.000,0.000,0.000,0.000,0.000,40.892,0.00,0.00,0.00,0.00,0.000,0,,1,323.76,-15.30,36.49,303.757,20.879,44.242,-69.08,-30.50,63.27,6.353,0.287,0.00,0.00,0,0,0,0,0,0,-30.50,-32.26,-8.00,0.1642,0.0784,0.4264,1,6.353,0,0.450,0,perch_land,perchLand,1.000,2,0.176 0.563 -0.094 0.123 0.434 -0.032 -0.103 -0.289 0.080 -0.343
480,8.0000,perch,perchLand,305.857,15.385,41.842,0.000,0.000,0.000,0.000,0.000,40.892,0.00,0.00,0.00,0.00,0.000,0,,1,323.76,-15.30,36.49,303.937,20.948,44.242,-70.96,-29.71,63.14,6.356,0.257,0.00,0.00,0,0,0,0,0,0,-29.71,-31.89,-8.02,0.1494,0.0773,0.4469,1,6.356,0,0.461,0,perch_land,perchLand,1.000,2,0.209 0.543 -0.012 0.015 0.323 -0.086 -0.079 -0.219 0.072 -0.265
481,8.0167,perch,perchLand,305.857,15.385,41.842,0.000,0.000,0.000,0.000,0.000,40.892,0.00,0.00,0.00,0.00,0.000,0,,1,323.76,-15.30,36.49,304.104,21.008,44.242,-72.69,-28.95,63.01,6.360,0.229,0.00,0.00,0,0,0,0,0,0,-28.95,-31.51,-8.03,0.1404,0.0769,0.4609,1,6.360,0,0.472,0,perch_land,perchLand,1.000,2,0.235 0.520 0.024 -0.029 0.283 -0.109 -0.067 -0.183 0.080 -0.228
482,8.0333,perch,perchLand,305.857,15.385,41.842,0.000,0.000,0.000,0.000,0.000,40.892,0.00,0.00,0.00,0.00,0.000,0,,1,323.76,-15.30,36.49,304.258,21.061,44.242,-74.27,-28.23,62.87,6.367,0.203,0.00,0.00,0,0,0,0,0,0,-28.23,-31.11,-8.05,0.1318,0.0762,0.4743,1,6.367,0,0.482,0,perch_land,perchLand,1.000,2,0.258 0.492 0.056 -0.068 0.247 -0.127 -0.058 -0.150 0.086 -0.195
483,8.0500,perch,perchLand,305.857,15.385,41.842,0.000,0.000,0.000,0.000,0.000,40.892,0.00,0.00,0.00,0.00,0.000,0,,1,323.76,-15.30,36.49,304.400,21.107,44.242,-75.71,-27.56,62.74,6.374,0.180,0.00,0.00,0,0,0,0,0,0,-27.56,-30.71,-8.07,0.1249,0.0752,0.4860,1,6.374,0,0.491,0,perch_land,perchLand,1.000,2,0.278 0.461 0.071 -0.090 0.231 -0.140 -0.051 -0.130 0.093 -0.175
484,8.0667,perch,perchLand,305.857,15.385,41.842,0.000,0.000,0.000,0.000,0.000,40.892,0.00,0.00,0.00,0.00,0.000,0,,1,323.76,-15.30,36.49,304.529,21.146,44.242,-77.02,-26.93,62.59,6.381,0.160,0.00,0.00,0,0,0,0,0,0,-26.93,-30.30,-8.08,0.1178,0.0742,0.4973,1,6.381,0,0.499,0,perch_land,perchLand,1.000,2,0.297 0.426 0.085 -0.111 0.212 -0.152 -0.044 -0.111 0.097 -0.156
485,8.0833,perch,perchLand,305.857,15.385,41.842,0.000,0.000,0.000,0.000,0.000,40.892,0.00,0.00,0.00,0.00,0.000,0,,1,320.03,-15.30,36.49,304.647,21.180,44.242,-78.20,-26.36,62.45,6.388,0.141,0.00,0.00,0,0,0,0,0,0,-26.36,-29.89,-8.10,0.1132,0.0734,0.5069,1,6.388,0,0.507,0,perch_land,perchLand,1.000,2,0.310 0.402 0.098 -0.108 0.214 -0.145 -0.039 -0.099 0.101 -0.144
486,8.1000,perch,perchLand,305.857,15.385,41.842,0.000,0.000,0.000,0.000,0.000,40.892,0.00,0.00,0.00,0.00,0.000,0,,1,320.03,-15.30,36.49,304.753,21.209,44.242,-79.26,-25.83,62.31,6.395,0.124,0.00,0.00,0,0,0,0,0,0,-25.83,-29.47,-8.12,0.1086,0.0725,0.5160,1,6.395,0,0.515,0,perch_land,perchLand,1.000,2,0.322 0.376 0.111 -0.104 0.212 -0.136 -0.034 -0.088 0.104 -0.133
487,8.1167,perch,perchLand,305.857,15.385,41.842,0.000,0.000,0.000,0.000,0.000,40.892,0.00,0.00,0.00,0.00,0.000,0,,1,320.03,-15.30,36.49,304.847,21.233,44.242,-80.21,-25.35,62.17,6.402,0.109,0.00,0.00,0,0,0,0,0,0,-25.35,-29.06,-8.13,0.1079,0.0720,0.5227,1,6.402,0,0.521,0,perch_land,perchLand,1.000,2,0.328 0.371 0.117 -0.102 0.217 -0.134 -0.032 -0.085 0.105 -0.130
488,8.1333,perch,perchLand,305.857,15.385,41.842,0.000,0.000,0.000,0.000,0.000,40.892,0.00,0.00,0.00,0.00,0.000,0,,1,320.03,-15.30,36.49,304.932,21.254,44.242,-81.04,-24.91,62.02,6.408,0.096,0.00,0.00,0,0,0,0,0,0,-24.91,-28.65,-8.15,0.1071,0.0715,0.5290,1,6.408,0,0.527,0,perch_land,perchLand,1.000,2,0.333 0.365 0.121 -0.100 0.220 -0.132 -0.029 -0.083 0.106 -0.127
489,8.1500,perch,perchLand,305.857,15.385,41.842,0.000,0.000,0.000,0.000,0.000,40.892,0.00,0.00,0.00,0.00,0.000,0,,1,320.03,-15.30,36.49,305.006,21.271,44.242,-81.77,-24.51,61.88,6.414,0.085,0.00,0.00,0,0,0,0,0,0,-24.51,-28.24,-8.17,0.1095,0.0711,0.5332,1,6.414,0,0.533,0,perch_land,perchLand,1.000,2,0.334 0.376 0.124 -0.108 0.222 -0.140 -0.029 -0.090 0.106 -0.134
490,8.1667,perch,perchLand,305.857,15.385,41.842,0.000,0.000,0.000,0.000,0.000,40.892,0.00,0.00,0.00,0.00,0.000,0,,1,320.03,-15.30,36.49,305.070,21.286,44.242,-82.40,-24.16,61.74,6.419,0.074,0.00,0.00,0,0,0,0,0,0,-24.16,-27.84,-8.18,0.1119,0.0707,0.5369,1,6.419,0,0.538,0,perch_land,perchLand,1.000,2,0.333 0.386 0.127 -0.116 0.224 -0.148 -0.028 -0.097 0.106 -0.141
491,8.1833,perch,perchLand,305.857,15.385,41.842,0.000,0.000,0.000,0.000,0.000,40.892,0.00,0.00,0.00,0.00,0.000,0,,1,320.03,-15.30,36.49,305.125,21.298,44.242,-82.94,-23.84,61.60,6.424,0.065,0.00,0.00,0,0,0,0,0,0,-23.84,-27.44,-8.20,0.1158,0.0703,0.5394,1,6.424,0,0.542,0,perch_land,perchLand,1.000,2,0.329 0.404 0.128 -0.129 0.225 -0.161 -0.028 -0.108 0.105 -0.152
492,8.2000,perch,perchLand,305.857,15.385,41.842,0.000,0.000,0.000,0.000,0.000,40.892,0.00,0.00,0.00,0.00,0.000,0,,1,320.03,-15.30,36.49,305.171,21.309,44.242,-83.39,-23.55,61.46,6.428,0.057,0.00,0.00,0,0,0,0,0,0,-23.55,-27.05,-8.22,0.1198,0.0701,0.5416,1,6.428,0,0.547,0,perch_land,perchLand,1.000,2,0.323 0.422 0.129 -0.140 0.226 -0.172 -0.028 -0.120 0.104 -0.164
493,8.2167,perch,perchLand,305.857,15.385,41.842,0.000,0.000,0.000,0.000,0.000,40.892,0.00,0.00,0.00,0.00,0.000,0,,1,320.03,-15.30,36.49,305.208,21.317,44.242,-83.76,-23.30,61.33,6.432,0.050,0.00,0.00,0,0,0,0,0,0,-23.30,-26.67,-8.23,0.1236,0.0699,0.5433,1,6.432,0,0.550,0,perch_land,perchLand,1.000,2,0.315 0.439 0.130 -0.155 0.225 -0.186 -0.029 -0.131 0.103 -0.175
494,8.2333,perch,perchLand,305.857,15.385,41.842,0.000,0.000,0.000,0.000,0.000,40.892,0.00,0.00,0.00,0.00,0.000,0,,1,320.03,-15.30,36.49,305.238,21.324,44.242,-84.05,-23.07,61.20,6.436,0.043,0.00,0.00,0,0,0,0,0,0,-23.07,-26.29,-8.25,0.1274,0.0698,0.5447,1,6.436,0,0.554,0,perch_land,perchLand,1.000,2,0.306 0.456 0.130 -0.164 0.226 -0.196 -0.029 -0.143 0.102 -0.186
495,8.2500,perch,perchLand,305.857,15.385,41.842,0.000,0.000,0.000,0.000,0.000,40.892,0.00,0.00,0.00,0.00,0.000,0,,1,320.03,-15.30,36.49,305.260,21.330,44.242,-84.26,-22.87,61.07,6.439,0.038,0.00,0.00,0,0,0,0,0,0,-22.87,-25.93,-8.27,0.1297,0.0697,0.5466,1,6.439,0,0.557,0,perch_land,perchLand,1.000,2,0.300 0.466 0.131 -0.175 0.225 -0.206 -0.030 -0.149 0.101 -0.192
496,8.2667,perch,perchLand,305.857,15.385,41.842,0.000,0.000,0.000,0.000,0.000,40.892,0.00,0.00,0.00,0.00,0.000,0,,1,320.03,-15.30,36.49,305.275,21.334,44.242,-84.41,-22.69,60.95,6.442,0.033,0.00,0.00,0,0,0,0,0,0,-22.69,-25.57,-8.28,0.1319,0.0697,0.5482,1,6.442,0,0.559,0,perch_land,perchLand,1.000,2,0.292 0.475 0.130 -0.177 0.226 -0.208 -0.030 -0.155 0.101 -0.198
497,8.2833,perch,perchLand,305.857,15.385,41.842,0.000,0.000,0.000,0.000,0.000,40.892,0.00,0.00,0.00,0.00,0.000,0,,1,320.03,-15.30,36.49,305.283,21.338,44.242,-84.49,-22.53,60.82,6.444,0.029,0.00,0.00,0,0,0,0,0,0,-22.53,-25.23,-8.30,0.1328,0.0698,0.5502,1,6.444,0,0.562,0,perch_land,perchLand,1.000,2,0.289 0.478 0.130 -0.176 0.227 -0.207 -0.030 -0.157 0.101 -0.199
498,8.3000,perch,perchLand,305.857,15.385,41.842,0.000,0.000,0.000,0.000,0.000,40.892,0.00,0.00,0.00,0.00,0.000,0,,1,320.03,-15.30,36.49,305.285,21.341,44.242,-84.51,-22.39,60.70,6.447,0.025,0.00,0.00,0,0,0,0,0,0,-22.39,-24.89,-8.32,0.1336,0.0700,0.5520,1,6.447,0,0.564,0,perch_land,perchLand,1.000,2,0.285 0.481 0.130 -0.175 0.227 -0.206 -0.030 -0.158 0.101 -0.200
499,8.3167,perch,perchLand,305.857,15.385,41.842,0.000,0.000,0.000,0.000,0.000,40.892,0.00,0.00,0.00,0.00,0.000,0,,1,320.03,-15.30,36.49,305.281,21.343,44.242,-84.47,-22.27,60.59,6.449,0.022,0.00,0.00,0,0,0,0,0,0,-22.27,-24.56,-8.33,0.1340,0.0702,0.5537,1,6.449,0,0.566,0,perch_land,perchLand,1.000,2,0.283 0.482 0.130 -0.175 0.227 -0.206 -0.030 -0.158 0.101 -0.200
500,8.3333,perch,perchLand,305.857,15.385,41.842,0.000,0.000,0.000,0.000,0.000,40.892,0.00,0.00,0.00,0.00,0.000,0,,1,320.03,-15.30,36.49,305.271,21.344,44.242,-84.38,-22.16,60.48,6.451,0.019,0.00,0.00,0,0,0,0,0,0,-22.16,-24.25,-8.35,0.1344,0.0704,0.5553,1,6.451,0,0.567,0,perch_land,perchLand,1.000,2,0.281 0.483 0.129 -0.175 0.227 -0.206 -0.030 -0.158 0.101 -0.200
501,8.3500,perch,perchIdle,305.857,15.385,41.842,0.000,0.000,0.000,0.000,0.000,40.892,0.00,0.00,0.00,0.00,0.000,0,,1,320.03,-15.30,36.49,305.256,21.344,44.242,-84.24,-22.07,60.37,6.452,0.016,0.00,0.00,0,0,0,0,0,0,-22.07,-23.94,-8.37,0.1346,0.0707,0.5568,1,6.452,0,0.569,0,perch_land,perchLand,1.000,2,0.280 0.483 0.129 -0.176 0.226 -0.206 -0.030 -0.158 0.101 -0.199
502,8.3667,perch,perchIdle,305.857,15.385,41.842,0.000,0.000,0.000,0.000,0.000,40.892,0.00,0.00,0.00,0.00,0.000,0,,1,320.03,-15.30,36.49,305.237,21.343,44.242,-84.06,-21.98,60.27,6.454,0.014,0.00,0.00,0,0,0,0,0,0,-21.98,-23.65,-8.38,0.1348,0.0711,0.5581,1,6.454,0,0.570,0,perch_idle,perchLand,1.000,2,0.279 0.483 0.128 -0.177 0.226 -0.207 -0.030 -0.157 0.101 -0.198
503,8.3833,perch,perchIdle,305.857,15.385,41.842,0.000,0.000,0.000,0.000,0.000,40.892,0.00,0.00,0.00,0.00,0.000,0,,1,320.03,-15.30,36.49,305.213,21.342,44.242,-83.83,-21.91,60.16,6.455,0.012,0.00,0.00,0,0,0,0,0,0,-21.91,-23.36,-8.40,0.1347,0.0715,0.5594,1,6.455,0,0.571,0,perch_idle,perchLand,1.000,2,0.279 0.482 0.128 -0.177 0.225 -0.207 -0.031 -0.156 0.102 -0.196
504,8.4000,perch,perchIdle,305.857,15.385,41.842,0.000,0.000,0.000,0.000,0.000,40.892,0.00,0.00,0.00,0.00,0.000,0,,1,320.03,-15.30,36.49,305.184,21.340,44.242,-83.56,-21.85,60.07,6.456,0.011,0.00,0.00,0,0,0,0,0,0,-21.85,-23.08,-8.42,0.1343,0.0719,0.5608,1,6.456,0,0.572,0,perch_idle,perchLand,1.000,2,0.280 0.479 0.127 -0.177 0.223 -0.206 -0.031 -0.153 0.102 -0.193
505,8.4167,perch,perchIdle,305.857,15.385,41.842,0.000,0.000,0.000,0.000,0.000,40.892,0.00,0.00,0.00,0.00,0.000,0,,1,320.03,-15.30,36.49,305.152,21.338,44.242,-83.25,-21.79,59.97,6.457,0.009,0.00,0.00,0,0,0,0,0,0,-21.79,-22.82,-8.43,0.1336,0.0724,0.5621,1,6.457,0,0.573,0,perch_idle,perchLand,1.000,2,0.281 0.475 0.126 -0.174 0.222 -0.203 -0.031 -0.150 0.102 -0.189
506,8.4333,perch,perchIdle,305.857,15.385,41.842,0.000,0.000,0.000,0.000,0.000,40.892,0.00,0.00,0.00,0.00,0.000,0,,1,320.03,-15.30,36.49,305.117,21.334,44.242,-82.90,-21.74,59.88,6.458,0.008,0.00,0.00,0,0,0,0,0,0,-21.74,-22.56,-8.45,0.1330,0.0729,0.5633,1,6.458,0,0.574,0,perch_idle,perchIdle,1.000,2,0.282 0.472 0.125 -0.170 0.222 -0.198 -0.032 -0.147 0.102 -0.186
507,8.4500,perch,perchIdle,305.857,15.385,41.842,0.000,0.000,0.000,0.000,0.000,40.892,0.00,0.00,0.00,0.00,0.000,0,,1,320.03,-15.30,36.49,305.077,21.330,44.242,-82.53,-21.70,59.80,6.459,0.007,0.00,0.00,0,0,0,0,0,0,-21.70,-22.32,-8.47,0.1326,0.0734,0.5643,1,6.459,0,0.575,0,perch_idle,perchIdle,1.000,2,0.283 0.469 0.123 -0.167 0.221 -0.195 -0.032 -0.144 0.102 -0.183
508,8.4667,perch,perchIdle,305.857,15.385,41.842,0.000,0.000,0.000,0.000,0.000,40.892,0.00,0.00,0.00,0.00,0.000,0,,1,320.03,-15.30,36.49,305.035,21.325,44.242,-82.12,-21.67,59.71,6.459,0.006,0.00,0.00,0,0,0,0,0,0,-21.67,-22.08,-8.48,0.1324,0.0739,0.5651,1,6.459,0,0.575,0,perch_idle,perchIdle,1.000,2,0.283 0.467 0.121 -0.164 0.219 -0.192 -0.033 -0.143 0.102 -0.181
509,8.4833,perch,perchIdle,305.857,15.385,41.842,0.000,0.000,0.000,0.000,0.000,40.892,0.00,0.00,0.00,0.00,0.000,0,,1,320.03,-15.30,36.49,304.990,21.320,44.242,-81.69,-21.64,59.63,6.460,0.005,0.00,0.00,0,0,0,0,0,0,-21.64,-21.85,-8.50,0.1325,0.0744,0.5657,1,6.460,0,0.576,0,perch_idle,perchIdle,1.000,2,0.282 0.466 0.119 -0.163 0.218 -0.191 -0.034 -0.143 0.102 -0.180
510,8.5000,perch,perchIdle,305.857,15.385,41.842,0.000,0.000,0.000,0.000,0.000,40.892,0.00,0.00,0.00,0.00,0.000,0,,1,320.03,-15.30,36.49,304.943,21.313,44.242,-81.23,-21.61,59.56,6.461,0.004,0.00,0.00,0,0,0,0,0,0,-21.61,-21.63,-8.52,0.1328,0.0750,0.5661,1,6.461,0,0.576,0,perch_idle,perchIdle,1.000,2,0.280 0.467 0.116 -0.163 0.216 -0.190 -0.035 -0.143 0.102 -0.180
511,8.5167,perch,perchIdle,305.857,15.385,41.842,0.000,0.000,0.000,0.000,0.000,40.892,0.00,0.00,0.00,0.00,0.000,0,,1,320.03,-15.30,36.49,304.893,21.306,44.242,-80.75,-21.59,59.48,6.461,0.004,0.00,0.00,0,0,0,0,0,0,-21.59,-21.42,-8.53,0.1332,0.0755,0.5664,1,6.461,0,0.577,0,perch_idle,perchIdle,1.000,2,0.276 0.468 0.114 -0.163 0.215 -0.190 -0.036 -0.144 0.102 -0.181
512,8.5333,perch,perchIdle,305.857,15.385,41.842,0.000,0.000,0.000,0.000,0.000,40.892,0.00,0.00,0.00,0.00,0.000,0,,1,320.03,-15.30,36.49,304.841,21.298,44.242,-80.25,-21.57,59.41,6.462,0.003,0.00,0.00,0,0,0,0,0,0,-21.57,-21.22,-8.55,0.1337,0.0761,0.5667,1,6.462,0,0.577,0,perch_idle,perchIdle,1.000,2,0.273 0.469 0.112 -0.163 0.213 -0.190 -0.037 -0.144 0.102 -0.181
513,8.5500,perch,perchIdle,305.857,15.385,41.842,0.000,0.000,0.000,0.000,0.000,40.892,0.00,0.00,0.00,0.00,0.000,0,,1,320.03,-15.30,36.49,304.787,21.288,44.242,-79.73,-21.55,59.34,6.462,0.003,0.00,0.00,0,0,0,0,0,0,-21.55,-21.03,-8.57,0.1341,0.0767,0.5669,1,6.462,0,0.578,0,perch_idle,perchIdle,1.000,2,0.270 0.471 0.109 -0.163 0.211 -0.190 -0.037 -0.145 0.102 -0.181
514,8.5667,perch,perchIdle,305.857,15.385,41.842,0.000,0.000,0.000,0.000,0.000,40.892,0.00,0.00,0.00,0.00,0.000,0,,1,320.03,-15.30,36.49,304.732,21.279,44.242,-79.19,-21.42,59.28,6.462,0.002,0.00,0.00,0,0,0,0,0,0,-21.42,-20.84,-8.58,0.1346,0.0772,0.5688,1,6.462,0,0.578,0,perch_idle,perchIdle,1.000,2,0.266 0.472 0.107 -0.164 0.209 -0.190 -0.038 -0.146 0.102 -0.181
515,8.5833,perch,perchIdle,305.857,15.385,41.842,0.000,0.000,0.000,0.000,0.000,40.892,0.00,0.00,0.00,0.00,0.000,0,,1,320.03,-15.30,36.49,304.675,21.268,44.242,-78.64,-21.29,59.22,6.463,0.002,0.00,0.00,0,0,0,0,0,0,-21.29,-20.67,-8.60,0.1351,0.0778,0.5708,1,6.463,0,0.578,0,perch_idle,perchIdle,1.000,2,0.262 0.473 0.104 -0.165 0.208 -0.190 -0.039 -0.147 0.102 -0.181
516,8.6000,perch,perchIdle,305.857,15.385,41.842,0.000,0.000,0.000,0.000,0.000,40.892,0.00,0.00,0.00,0.00,0.000,0,,1,320.03,-15.30,36.49,304.617,21.256,44.242,-78.07,-21.17,59.16,6.463,0.002,0.00,0.00,0,0,0,0,0,0,-21.17,-20.50,-8.62,0.1355,0.0784,0.5726,1,6.463,0,0.578,0,perch_idle,perchIdle,1.000,2,0.258 0.474 0.102 -0.166 0.206 -0.190 -0.040 -0.147 0.102 -0.181
517,8.6167,perch,perchIdle,305.857,15.385,41.842,0.000,0.000,0.000,0.000,0.000,40.892,0.00,0.00,0.00,0.00,0.000,0,,1,320.03,-15.30,36.49,304.558,21.243,44.242,-77.49,-21.05,59.10,6.463,0.002,0.00,0.00,0,0,0,0,0,0,-21.05,-20.33,-8.63,0.1359,0.0790,0.5744,1,6.463,0,0.579,0,perch_idle,perchIdle,1.000,2,0.253 0.475 0.099 -0.166 0.204 -0.190 -0.041 -0.148 0.103 -0.181
518,8.6333,perch,perchIdle,305.857,15.385,41.842,0.000,0.000,0.000,0.000,0.000,40.892,0.00,0.00,0.00,0.00,0.000,0,,1,320.03,-15.30,36.49,304.497,21.230,44.242,-76.90,-20.94,59.05,6.463,0.001,0.00,0.00,0,0,0,0,0,0,-20.94,-20.18,-8.65,0.1363,0.0795,0.5761,1,6.463,0,0.579,0,perch_idle,perchIdle,1.000,2,0.248 0.476 0.097 -0.166 0.202 -0.190 -0.041 -0.148 0.103 -0.181
519,8.6500,perch,perchIdle,305.857,15.385,41.842,0.000,0.000,0.000,0.000,0.000,40.892,0.00,0.00,0.00,0.00,0.000,0,,1,320.03,-15.30,36.49,304.437,21.216,44.242,-76.31,-20.83,59.00,6.464,0.001,0.00,0.00,0,0,0,0,0,0,-20.83,-20.03,-8.67,0.1367,0.0801,0.5778,1,6.464,0,0.579,0,perch_idle,perchIdle,1.000,2,0.243 0.477 0.095 -0.166 0.200 -0.190 -0.042 -0.149 0.103 -0.180
520,8.6667,perch,perchIdle,305.857,15.385,41.842,0.000,0.000,0.000,0.000,0.000,40.892,0.00,0.00,0.00,0.00,0.000,0,,1,320.03,-15.30,36.49,304.375,21.201,44.242,-75.71,-20.72,58.95,6.464,0.001,0.00,0.00,0,0,0,0,0,0,-20.72,-19.89,-8.68,0.1370,0.0806,0.5795,1,6.464,0,0.579,0,perch_idle,perchIdle,1.000,2,0.237 0.478 0.092 -0.167 0.199 -0.189 -0.042 -0.149 0.104 -0.180
521,8.6833,perch,perchIdle,305.857,15.385,41.842,0.000,0.000,0.000,0.000,0.000,40.892,0.00,0.00,0.00,0.00,0.000,0,,1,320.03,-15.30,36.49,304.314,21.185,44.242,-75.11,-20.62,58.90,6.464,0.001,0.00,0.00,0,0,0,0,0,0,-20.62,-19.76,-8.70,0.1373,0.0812,0.5811,1,6.464,0,0.579,0,perch_idle,perchIdle,1.000,2,0.231 0.479 0.090 -0.167 0.197 -0.189 -0.043 -0.149 0.104 -0.179
522,8.7000,perch,perchIdle,305.857,15.385,41.842,0.000,0.000,0.000,0.000,0.000,40.892,0.00,0.00,0.00,0.00,0.000,0,,1,320.03,-15.30,36.49,304.254,21.169,44.242,-74.51,-20.52,58.85,6.464,0.001,0.00,0.00,0,0,0,0,0,0,-20.52,-19.63,-8.72,0.1376,0.0817,0.5826,1,6.464,0,0.579,0,perch_idle,perchIdle,1.000,2,0.224 0.480 0.088 -0.167 0.195 -0.188 -0.043 -0.149 0.105 -0.179
523,8.7167,perch,perchIdle,305.857,15.385,41.842,0.000,0.000,0.000,0.000,0.000,40.892,0.00,0.00,0.00,0.00,0.000,0,,1,320.03,-15.30,36.49,304.194,21.152,44.242,-73.92,-20.42,58.81,6.465,0.001,0.00,0.00,0,0,0,0,0,0,-20.42,-19.50,-8.73,0.1379,0.0822,0.5841,1,6.465,0,0.579,0,perch_idle,perchIdle,1.000,2,0.217 0.481 0.085 -0.166 0.194 -0.187 -0.043 -0.149 0.105 -0.178
524,8.7333,perch,perchIdle,305.857,15.385,41.842,0.000,0.000,0.000,0.000,0.000,40.892,0.00,0.00,0.00,0.00,0.000,0,,1,320.03,-15.30,36.49,304.135,21.135,44.242,-73.33,-20.33,58.77,6.465,0.001,0.00,0.00,0,0,0,0,0,0,-20.33,-19.39,-8.75,0.1382,0.0827,0.5856,1,6.465,0,0.579,0,perch_idle,perchIdle,1.000,2,0.210 0.481 0.083 -0.166 0.192 -0.187 -0.044 -0.149 0.106 -0.177
525,8.7500,perch,perchIdle,305.857,15.385,41.842,0.000,0.000,0.000,0.000,0.000,40.892,0.00,0.00,0.00,0.00,0.000,0,,1,320.03,-15.30,36.49,304.078,21.118,44.242,-72.76,-20.23,58.73,6.465,0.000,0.00,0.00,0,0,0,0,0,0,-20.23,-19.28,-8.77,0.1384,0.0831,0.5870,1,6.465,0,0.580,0,perch_idle,perchIdle,1.000,2,0.203 0.482 0.081 -0.166 0.191 -0.186 -0.044 -0.149 0.107 -0.177
526,8.7667,perch,perchIdle,305.857,15.385,41.842,0.000,0.000,0.000,0.000,0.000,40.892,0.00,0.00,0.00,0.00,0.000,0,,1,320.03,-15.30,36.49,304.021,21.101,44.242,-72.19,-20.15,58.69,6.465,0.000,0.00,0.00,0,0,0,0,0,0,-20.15,-19.17,-8.78,0.1386,0.0836,0.5884,1,6.465,0,0.580,0,perch_idle,perchIdle,1.000,2,0.196 0.483 0.079 -0.166 0.189 -0.186 -0.044 -0.149 0.107 -0.176
527,8.7833,perch,perchIdle,305.857,15.385,41.842,0.000,0.000,0.000,0.000,0.000,40.892,0.00,0.00,0.00,0.00,0.000,0,,1,320.03,-15.30,36.49,303.966,21.083,44.242,-71.64,-20.06,58.66,6.465,0.000,0.00,0.00,0,0,0,0,0,0,-20.06,-19.07,-8.80,0.1388,0.0840,0.5898,1,6.465,0,0.580,0,perch_idle,perchIdle,1.000,2,0.188 0.483 0.077 -0.166 0.188 -0.185 -0.044 -0.149 0.108 -0.175
528,8.8000,perch,perchIdle,305.857,15.385,41.842,0.000,0.000,0.000,0.000,0.000,40.892,0.00,0.00,0.00,0.00,0.000,0,,1,320.03,-15.30,36.49,303.912,21.065,44.242,-71.09,-19.98,58.62,6.466,0.000,0.00,0.00,0,0,0,0,0,0,-19.98,-18.97,-8.82,0.1390,0.0844,0.5911,1,6.466,0,0.580,0,perch_idle,perchIdle,1.000,2,0.180 0.484 0.075 -0.165 0.187 -0.184 -0.044 -0.149 0.109 -0.175
529,8.8167,perch,perchIdle,305.857,15.385,41.842,0.000,0.000,0.000,0.000,0.000,40.892,0.00,0.00,0.00,0.00,0.000,0,,1,320.03,-15.30,36.49,303.859,21.047,44.242,-70.56,-19.89,58.59,6.466,0.000,0.00,0.00,0,0,0,0,0,0,-19.89,-18.88,-8.83,0.1391,0.0848,0.5925,1,6.466,0,0.580,0,perch_idle,perchIdle,1.000,2,0.172 0.484 0.073 -0.165 0.185 -0.184 -0.044 -0.149 0.109 -0.174
530,8.8333,perch,perchIdle,305.857,15.385,41.842,0.000,0.000,0.000,0.000,0.000,40.892,0.00,0.00,0.00,0.00,0.000,0,,1,320.03,-15.30,36.49,303.807,21.028,44.242,-70.04,-19.81,58.56,6.466,0.000,0.00,0.00,0,0,0,0,0,0,-19.81,-18.79,-8.85,0.1393,0.0851,0.5937,1,6.466,0,0.580,0,perch_idle,perchIdle,1.000,2,0.164 0.484 0.072 -0.165 0.184 -0.183 -0.044 -0.148 0.110 -0.173
531,8.8500,perch,perchIdle,305.857,15.385,41.842,0.000,0.000,0.000,0.000,0.000,40.892,0.00,0.00,0.00,0.00,0.000,0,,1,320.03,-15.30,36.49,303.757,21.010,44.242,-69.53,-19.74,58.53,6.466,0.000,0.00,0.00,0,0,0,0,0,0,-19.74,-18.71,-8.87,0.1394,0.0855,0.5950,1,6.466,0,0.580,0,perch_idle,perchIdle,1.000,2,0.155 0.484 0.070 -0.165 0.183 -0.182 -0.044 -0.148 0.111 -0.172
532,8.8667,perch,perchIdle,305.857,15.385,41.842,0.000,0.000,0.000,0.000,0.000,40.892,0.00,0.00,0.00,0.00,0.000,0,,1,320.03,-15.30,36.49,303.708,20.992,44.242,-69.02,-19.66,58.50,6.466,0.000,0.00,0.00,0,0,0,0,0,0,-19.66,-18.63,-8.88,0.1395,0.0858,0.5962,1,6.466,0,0.580,0,perch_idle,perchIdle,1.000,2,0.147 0.485 0.068 -0.164 0.182 -0.181 -0.044 -0.148 0.111 -0.171
533,8.8833,perch,perchIdle,305.857,15.385,41.842,0.000,0.000,0.000,0.000,0.000,40.892,0.00,0.00,0.00,0.00,0.000,0,,1,320.03,-15.30,36.49,303.660,20.973,44.242,-68.54,-19.59,58.48,6.467,0.000,0.00,0.00,0,0,0,0,0,0,-19.59,-18.55,-8.90,0.1396,0.0861,0.5974,1,6.467,0,0.580,0,perch_idle,perchIdle,1.000,2,0.139 0.485 0.067 -0.164 0.181 -0.181 -0.044 -0.148 0.112 -0.171
534,8.9000,perch,perchIdle,305.857,15.385,41.842,0.000,0.000,0.000,0.000,0.000,40.892,0.00,0.00,0.00,0.00,0.000,0,,1,320.03,-15.30,36.49,303.613,20.955,44.242,-68.06,-19.52,58.45,6.467,0.000,0.00,0.00,0,0,0,0,0,0,-19.52,-18.48,-8.92,0.1397,0.0864,0.5986,1,6.467,0,0.580,0,perch_idle,perchIdle,1.000,2,0.131 0.484 0.065 -0.164 0.179 -0.180 -0.044 -0.147 0.113 -0.170
535,8.9167,perch,perchIdle,305.857,15.385,41.842,0.000,0.000,0.000,0.000,0.000,40.892,0.00,0.00,0.00,0.00,0.000,0,,1,320.03,-15.30,36.49,303.568,20.936,44.242,-67.59,-19.45,58.43,6.467,0.000,0.00,0.00,0,0,0,0,0,0,-19.45,-18.42,-8.93,0.1397,0.0867,0.5997,1,6.467,0,0.580,0,perch_idle,perchIdle,1.000,2,0.122 0.484 0.064 -0.163 0.178 -0.179 -0.044 -0.147 0.113 -0.169
536,8.9333,perch,perchIdle,305.857,15.385,41.842,0.000,0.000,0.000,0.000,0.000,40.892,0.00,0.00,0.00,0.00,0.000,0,,1,320.03,-15.30,36.49,303.523,20.918,44.242,-67.13,-19.38,58.41,6.467,0.000,0.00,0.00,0,0,0,0,0,0,-19.38,-18.35,-8.95,0.1397,0.0870,0.6009,1,6.467,0,0.580,0,perch_idle,perchIdle,1.000,2,0.114 0.484 0.062 -0.163 0.177 -0.178 -0.043 -0.147 0.114 -0.168
537,8.9500,perch,perchIdle,305.857,15.385,41.842,0.000,0.000,0.000,0.000,0.000,40.892,0.00,0.00,0.00,0.00,0.000,0,,1,320.03,-15.30,36.49,303.480,20.900,44.242,-66.68,-19.32,58.39,6.467,0.000,0.00,0.00,0,0,0,0,0,0,-19.32,-18.29,-8.97,0.1398,0.0872,0.6020,1,6.467,0,0.580,0,perch_idle,perchIdle,1.000,2,0.106 0.484 0.061 -0.163 0.176 -0.178 -0.043 -0.147 0.115 -0.167
538,8.9667,perch,perchIdle,305.857,15.385,41.842,0.000,0.000,0.000,0.000,0.000,40.892,0.00,0.00,0.00,0.00,0.000,0,,1,320.03,-15.30,36.49,303.438,20.881,44.242,-66.25,-19.25,58.36,6.467,0.000,0.00,0.00,0,0,0,0,0,0,-19.25,-18.23,-8.98,0.1398,0.0875,0.6030,1,6.467,0,0.580,0,perch_idle,perchIdle,1.000,2,0.099 0.483 0.060 -0.162 0.175 -0.177 -0.043 -0.146 0.115 -0.167
539,8.9833,perch,perchIdle,305.857,15.385,41.842,0.000,0.000,0.000,0.000,0.000,40.892,0.00,0.00,0.00,0.00,0.000,0,,1,320.03,-15.30,36.49,303.397,20.863,44.242,-65.82,-19.19,58.35,6.467,0.000,0.00,0.00,0,0,0,0,0,0,-19.19,-18.18,-9.00,0.1398,0.0877,0.6041,1,6.467,0,0.580,0,perch_idle,perchIdle,1.000,2,0.091 0.483 0.058 -0.162 0.174 -0.177 -0.043 -0.146 0.116 -0.166
540,9.0000,perch,perchIdle,305.857,15.385,41.842,0.000,0.000,0.000,0.000,0.000,40.892,0.00,0.00,0.00,0.00,0.000,0,,1,320.03,-15.30,36.49,303.357,20.845,44.242,-65.40,-19.13,58.33,6.467,0.000,0.00,0.00,0,0,0,0,0,0,-19.13,-18.12,-9.02,0.1398,0.0880,0.6051,1,6.467,0,0.580,0,perch_idle,perchIdle,1.000,2,0.084 0.482 0.057 -0.162 0.173 -0.176 -0.043 -0.146 0.116 -0.165
541,9.0167,perch,perchIdle,305.857,15.385,41.842,0.000,0.000,0.000,0.000,0.000,40.892,0.00,0.00,0.00,0.00,0.000,0,,1,320.03,-15.30,36.49,303.318,20.828,44.242,-64.99,-19.07,58.31,6.468,0.000,0.00,0.00,0,0,0,0,0,0,-19.07,-18.07,-9.03,0.1398,0.0882,0.6061,1,6.468,0,0.580,0,perch_idle,perchIdle,1.000,2,0.077 0.482 0.055 -0.162 0.172 -0.176 -0.043 -0.146 0.117 -0.165
542,9.0333,perch,perchIdle,305.857,15.385,41.842,0.000,0.000,0.000,0.000,0.000,40.892,0.00,0.00,0.00,0.00,0.000,0,,1,320.03,-15.30,36.49,303.280,20.810,44.242,-64.59,-19.01,58.29,6.468,0.000,0.00,0.00,0,0,0,0,0,0,-19.01,-18.03,-9.05,0.1397,0.0884,0.6071,1,6.468,0,0.580,0,perch_idle,perchIdle,1.000,2,0.070 0.481 0.054 -0.161 0.171 -0.175 -0.043 -0.145 0.117 -0.164
543,9.0500,perch,perchIdle,305.857,15.385,41.842,0.000,0.000,0.000,0.000,0.000,40.892,0.00,0.00,0.00,0.00,0.000,0,,1,320.03,-15.30,36.49,303.243,20.792,44.242,-64.20,-18.95,58.28,6.468,0.000,0.00,0.00,0,0,0,0,0,0,-18.95,-17.98,-9.07,0.1397,0.0886,0.6081,1,6.468,0,0.580,0,perch_idle,perchIdle,1.000,2,0.064 0.481 0.052 -0.161 0.170 -0.175 -0.043 -0.145 0.117 -0.164
544,9.0667,perch,perchIdle,305.857,15.385,41.842,0.000,0.000,0.000,0.000,0.000,40.892,0.00,0.00,0.00,0.00,0.000,0,,1,320.03,-15.30,36.49,303.207,20.775,44.242,-63.82,-18.90,58.26,6.468,0.000,0.00,0.00,0,0,0,0,0,0,-18.90,-17.94,-9.08,0.1397,0.0888,0.6090,1,6.468,0,0.580,0,perch_idle,perchIdle,1.000,2,0.057 0.480 0.051 -0.161 0.168 -0.174 -0.043 -0.145 0.118 -0.163
545,9.0833,perch,perchIdle,305.857,15.385,41.842,0.000,0.000,0.000,0.000,0.000,40.892,0.00,0.00,0.00,0.00,0.000,0,,1,320.03,-15.30,36.49,303.173,20.758,44.242,-63.45,-18.85,58.25,6.468,0.000,0.00,0.00,0,0,0,0,0,0,-18.85,-17.90,-9.10,0.1397,0.0891,0.6099,1,6.468,0,0.580,0,perch_idle,perchIdle,1.000,2,0.052 0.480 0.050 -0.161 0.167 -0.174 -0.043 -0.145 0.118 -0.163
546,9.1000,perch,perchIdle,305.857,15.385,41.842,0.000,0.000,0.000,0.000,0.000,40.892,0.00,0.00,0.00,0.00,0.000,0,,1,320.03,-15.30,36.49,303.138,20.740,44.242,-63.09,-18.79,58.23,6.468,0.000,0.00,0.00,0,0,0,0,0,0,-18.79,-17.86,-9.12,0.1397,0.0893,0.6108,1,6.468,0,0.580,0,perch_idle,perchIdle,1.000,2,0.047 0.479 0.048 -0.161 0.166 -0.174 -0.044 -0.145 0.118 -0.162
547,9.1167,perch,perchIdle,305.857,15.385,41.842,0.000,0.000,0.000,0.000,0.000,40.892,0.00,0.00,0.00,0.00,0.000,0,,1,320.03,-15.30,36.49,303.105,20.724,44.242,-62.73,-18.74,58.22,6.468,0.000,0.00,0.00,0,0,0,0,0,0,-18.74,-17.82,-9.13,0.1397,0.0894,0.6117,1,6.468,0,0.580,0,perch_idle,perchIdle,1.000,2,0.042 0.479 0.047 -0.161 0.165 -0.173 -0.044 -0.145 0.118 -0.162
548,9.1333,perch,perchIdle,305.857,15.385,41.842,0.000,0.000,0.000,0.000,0.000,40.892,0.00,0.00,0.00,0.00,0.000,0,,1,320.03,-15.30,36.49,303.073,20.707,44.242,-62.38,-18.69,58.21,6.468,0.000,0.00,0.00,0,0,0,0,0,0,-18.69,-17.79,-9.15,0.1397,0.0896,0.6125,1,6.468,0,0.580,0,perch_idle,perchIdle,1.000,2,0.037 0.478 0.045 -0.161 0.163 -0.173 -0.044 -0.145 0.118 -0.162
549,9.1500,perch,perchIdle,305.857,15.385,41.842,0.000,0.000,0.000,0.000,0.000,40.892,0.00,0.00,0.00,0.00,0.000,0,,1,320.03,-15.30,36.49,303.042,20.690,44.242,-62.05,-18.64,58.20,6.468,0.000,0.00,0.00,0,0,0,0,0,0,-18.64,-17.76,-9.17,0.1397,0.0898,0.6133,1,6.468,0,0.580,0,perch_idle,perchIdle,1.000,2,0.033 0.478 0.044 -0.161 0.162 -0.173 -0.044 -0.145 0.118 -0.161
550,9.1667,perch,perchIdle,305.857,15.385,41.842,0.000,0.000,0.000,0.000,0.000,40.892,0.00,0.00,0.00,0.00,0.000,0,,1,320.03,-15.30,36.49,303.011,20.674,44.242,-61.72,-18.60,58.19,6.468,0.000,0.00,0.00,0,0,0,0,0,0,-18.60,-17.73,-9.18,0.1397,0.0900,0.6141,1,6.468,0,0.580,0,perch_idle,perchIdle,1.000,2,0.029 0.478 0.042 -0.162 0.161 -0.173 -0.044 -0.145 0.118 -0.161
551,9.1833,perch,perchIdle,305.857,15.385,41.842,0.000,0.000,0.000,0.000,0.000,40.892,0.00,0.00,0.00,0.00,0.000,0,,1,320.03,-15.30,36.49,302.981,20.658,44.242,-61.39,-18.55,58.18,6.468,0.000,0.00,0.00,0,0,0,0,0,0,-18.55,-17.70,-9.20,0.1397,0.0902,0.6149,1,6.468,0,0.580,0,perch_idle,perchIdle,1.000,2,0.026 0.477 0.041 -0.162 0.160 -0.173 -0.045 -0.145 0.118 -0.161
552,9.2000,perch,perchIdle,305.857,15.385,41.842,0.000,0.000,0.000,0.000,0.000,40.892,0.00,0.00,0.00,0.00,0.000,0,,1,320.03,-15.30,36.49,302.952,20.642,44.242,-61.08,-18.51,58.17,6.468,0.000,0.00,0.00,0,0,0,0,0,0,-18.51,-17.67,-9.22,0.1397,0.0903,0.6156,1,6.468,0,0.580,0,perch_idle,perchIdle,1.000,2,0.022 0.477 0.040 -0.162 0.159 -0.173 -0.045 -0.146 0.119 -0.160
553,9.2167,perch,perchIdle,305.857,15.385,41.842,0.000,0.000,0.000,0.000,0.000,40.892,0.00,0.00,0.00,0.00,0.000,0,,1,320.03,-15.30,36.49,302.924,20.626,44.242,-60.77,-18.46,58.16,6.468,0.000,0.00,0.00,0,0,0,0,0,0,-18.46,-17.64,-9.23,0.1397,0.0905,0.6163,1,6.468,0,0.580,0,perch_idle,perchIdle,1.000,2,0.019 0.477 0.038 -0.162 0.158 -0.173 -0.045 -0.146 0.119 -0.160
554,9.2333,perch,perchIdle,305.857,15.385,41.842,0.000,0.000,0.000,0.000,0.000,40.892,0.00,0.00,0.00,0.00,0.000,0,,1,320.03,-15.30,36.49,302.896,20.611,44.242,-60.47,-18.42,58.15,6.468,0.000,0.00,0.00,0,0,0,0,0,0,-18.42,-17.62,-9.25,0.1397,0.0906,0.6170,1,6.468,0,0.580,0,perch_idle,perchIdle,1.000,2,0.015 0.476 0.037 -0.162 0.156 -0.172 -0.045 -0.146 0.119 -0.160
555,9.2500,perch,perchIdle,305.857,15.385,41.842,0.000,0.000,0.000,0.000,0.000,40.892,0.00,0.00,0.00,0.00,0.000,0,,1,320.03,-15.30,36.49,302.870,20.596,44.242,-60.17,-18.38,58.14,6.468,0.000,0.00,0.00,0,0,0,0,0,0,-18.38,-17.59,-9.27,0.1398,0.0908,0.6177,1,6.468,0,0.580,0,perch_idle,perchIdle,1.000,2,0.012 0.476 0.036 -0.162 0.155 -0.172 -0.045 -0.146 0.119 -0.160
556,9.2667,perch,perchIdle,305.857,15.385,41.842,0.000,0.000,0.000,0.000,0.000,40.892,0.00,0.00,0.00,0.00,0.000,0,,1,320.03,-15.30,36.49,302.843,20.581,44.242,-59.89,-18.34,58.13,6.468,0.000,0.00,0.00,0,0,0,0,0,0,-18.34,-17.57,-9.28,0.1398,0.0909,0.6184,1,6.468,0,0.580,0,perch_idle,perchIdle,1.000,2,0.009 0.475 0.034 -0.162 0.154 -0.172 -0.045 -0.146 0.119 -0.160
557,9.2833,perch,perchIdle,305.857,15.385,41.842,0.000,0.000,0.000,0.000,0.000,40.892,0.00,0.00,0.00,0.00,0.000,0,,1,320.03,-15.30,36.49,302.818,20.566,44.242,-59.61,-18.30,58.13,6.468,0.000,0.00,0.00,0,0,0,0,0,0,-18.30,-17.55,-9.30,0.1398,0.0910,0.6191,1,6.468,0,0.580,0,perch_idle,perchIdle,1.000,2,0.005 0.475 0.033 -0.162 0.153 -0.172 -0.046 -0.146 0.119 -0.160
558,9.3000,perch,perchIdle,305.857,15.385,41.842,0.000,0.000,0.000,0.000,0.000,40.892,0.00,0.00,0.00,0.00,0.000,0,,1,320.03,-15.30,36.49,302.793,20.552,44.242,-59.33,-18.26,58.12,6.468,0.000,0.00,0.00,0,0,0,0,0,0,-18.26,-17.53,-9.32,0.1398,0.0912,0.6197,1,6.468,0,0.580,0,perch_idle,perchIdle,1.000,2,0.002 0.475 0.032 -0.163 0.152 -0.172 -0.046 -0.146 0.119 -0.159
559,9.3167,perch,perchIdle,305.857,15.385,41.842,0.000,0.000,0.000,0.000,0.000,40.892,0.00,0.00,0.00,0.00,0.000,0,,1,320.03,-15.30,36.49,302.769,20.537,44.242,-59.07,-18.22,58.11,6.469,0.000,0.00,0.00,0,0,0,0,0,0,-18.22,-17.51,-9.33,0.1398,0.0913,0.6204,1,6.469,0,0.580,0,perch_idle,perchIdle,1.000,2,-0.001 0.474 0.031 -0.163 0.151 -0.172 -0.046 -0.146 0.119 -0.159
560,9.3333,perch,perchIdle,305.857,15.385,41.842,0.000,0.000,0.000,0.000,0.000,40.892,0.00,0.00,0.00,0.00,0.000,0,,1,320.03,-15.30,36.49,302.746,20.523,44.242,-58.80,-18.18,58.11,6.469,0.000,0.00,0.00,0,0,0,0,0,0,-18.18,-17.49,-9.35,0.1398,0.0914,0.6210,1,6.469,0,0.580,0,perch_idle,perchIdle,1.000,2,-0.004 0.474 0.030 -0.163 0.150 -0.172 -0.046 -0.146 0.119 -0.159
561,9.3500,perch,perchIdle,305.857,15.385,41.842,0.000,0.000,0.000,0.000,0.000,40.892,0.00,0.00,0.00,0.00,0.000,0,,1,320.03,-15.30,36.49,302.723,20.509,44.242,-58.55,-18.15,58.10,6.469,0.000,0.00,0.00,0,0,0,0,0,0,-18.15,-17.48,-9.37,0.1398,0.0915,0.6216,1,6.469,0,0.580,0,perch_idle,perchIdle,1.000,2,-0.006 0.474 0.029 -0.163 0.149 -0.172 -0.046 -0.147 0.119 -0.159
562,9.3667,perch,perchIdle,305.857,15.385,41.842,0.000,0.000,0.000,0.000,0.000,40.892,0.00,0.00,0.00,0.00,0.000,0,,1,320.03,-15.30,36.49,302.701,20.496,44.242,-58.30,-18.11,58.09,6.469,0.000,0.00,0.00,0,0,0,0,0,0,-18.11,-17.46,-9.38,0.1398,0.0916,0.6221,1,6.469,0,0.580,0,perch_idle,perchIdle,1.000,2,-0.009 0.474 0.028 -0.163 0.148 -0.172 -0.046 -0.147 0.119 -0.159
563,9.3833,perch,perchIdle,305.857,15.385,41.842,0.000,0.000,0.000,0.000,0.000,40.892,0.00,0.00,0.00,0.00,0.000,0,,1,320.03,-15.30,36.49,302.679,20.482,44.242,-58.06,-18.08,58.09,6.469,0.000,0.00,0.00,0,0,0,0,0,0,-18.08,-17.45,-9.40,0.1398,0.0917,0.6227,1,6.469,0,0.580,0,perch_idle,perchIdle,1.000,2,-0.012 0.473 0.027 -0.163 0.147 -0.172 -0.047 -0.147 0.119 -0.159
564,9.4000,perch,perchIdle,305.857,15.385,41.842,0.000,0.000,0.000,0.000,0.000,40.892,0.00,0.00,0.00,0.00,0.000,0,,1,320.03,-15.30,36.49,302.658,20.469,44.242,-57.82,-18.04,58.08,6.469,0.000,0.00,0.00,0,0,0,0,0,0,-18.04,-17.43,-9.42,0.1398,0.0918,0.6233,1,6.469,0,0.580,0,perch_idle,perchIdle,1.000,2,-0.014 0.473 0.025 -0.164 0.146 -0.172 -0.047 -0.147 0.119 -0.159
565,9.4167,perch,perchIdle,305.857,15.385,41.842,0.000,0.000,0.000,0.000,0.000,40.892,0.00,0.00,0.00,0.00,0.000,0,,1,320.03,-15.30,36.49,302.637,20.456,44.242,-57.59,-18.01,58.08,6.469,0.000,0.00,0.00,0,0,0,0,0,0,-18.01,-17.42,-9.43,0.1398,0.0919,0.6238,1,6.469,0,0.580,0,perch_idle,perchIdle,1.000,2,-0.017 0.473 0.024 -0.164 0.145 -0.172 -0.047 -0.147 0.119 -0.159
566,9.4333,perch,perchIdle,305.857,15.385,41.842,0.000,0.000,0.000,0.000,0.000,40.892,0.00,0.00,0.00,0.00,0.000,0,,1,320.03,-15.30,36.49,302.617,20.443,44.242,-57.36,-17.98,58.08,6.469,0.000,0.00,0.00,0,0,0,0,0,0,-17.98,-17.41,-9.45,0.1398,0.0920,0.6243,1,6.469,0,0.580,0,perch_idle,perchIdle,1.000,2,-0.019 0.472 0.023 -0.164 0.145 -0.172 -0.047 -0.147 0.119 -0.158
567,9.4500,perch,perchIdle,305.857,15.385,41.842,0.000,0.000,0.000,0.000,0.000,40.892,0.00,0.00,0.00,0.00,0.000,0,,1,320.03,-15.30,36.49,302.598,20.431,44.242,-57.14,-17.95,58.07,6.469,0.000,0.00,0.00,0,0,0,0,0,0,-17.95,-17.39,-9.47,0.1398,0.0921,0.6248,1,6.469,0,0.580,0,perch_idle,perchIdle,1.000,2,-0.022 0.472 0.022 -0.164 0.144 -0.172 -0.047 -0.147 0.119 -0.158
568,9.4667,perch,perchIdle,305.857,15.385,41.842,0.000,0.000,0.000,0.000,0.000,40.892,0.00,0.00,0.00,0.00,0.000,0,,1,320.03,-15.30,36.49,302.579,20.418,44.242,-56.92,-17.92,58.07,6.469,0.000,0.00,0.00,0,0,0,0,0,0,-17.92,-17.38,-9.48,0.1398,0.0922,0.6253,1,6.469,0,0.580,0,perch_idle,perchIdle,1.000,2,-0.024 0.472 0.021 -0.164 0.143 -0.172 -0.047 -0.148 0.119 -0.158
569,9.4833,perch,perchIdle,305.857,15.385,41.842,0.000,0.000,0.000,0.000,0.000,40.892,0.00,0.00,0.00,0.00,0.000,0,,1,320.03,-15.30,36.49,302.560,20.406,44.242,-56.71,-17.89,58.06,6.469,0.000,0.00,0.00,0,0,0,0,0,0,-17.89,-17.37,-9.50,0.1398,0.0923,0.6258,1,6.469,0,0.580,0,perch_idle,perchIdle,1.000,2,-0.026 0.472 0.021 -0.165 0.142 -0.172 -0.048 -0.148 0.119 -0.158
570,9.5000,perch,perchIdle,305.857,15.385,41.842,0.000,0.000,0.000,0.000,0.000,40.892,0.00,0.00,0.00,0.00,0.000,0,,1,320.03,-15.30,36.49,302.542,20.395,44.242,-56.51,-17.86,58.06,6.469,0.000,0.00,0.00,0,0,0,0,0,0,-17.86,-17.36,-9.52,0.1398,0.0924,0.6263,1,6.469,0,0.580,0,perch_idle,perchIdle,1.000,2,-0.028 0.471 0.020 -0.165 0.141 -0.172 -0.048 -0.148 0.119 -0.158
571,9.5167,perch,perchIdle,305.857,15.385,41.842,0.000,0.000,0.000,0.000,0.000,40.892,0.00,0.00,0.00,0.00,0.000,0,,1,320.03,-15.30,36.49,302.525,20.383,44.242,-56.31,-17.83,58.06,6.469,0.000,0.00,0.00,0,0,0,0,0,0,-17.83,-17.35,-9.53,0.1398,0.0925,0.6267,1,6.469,0,0.580,0,perch_idle,perchIdle,1.000,2,-0.030 0.471 0.019 -0.165 0.140 -0.172 -0.048 -0.148 0.119 -0.158
572,9.5333,perch,perchIdle,305.857,15.385,41.842,0.000,0.000,0.000,0.000,0.000,40.892,0.00,0.00,0.00,0.00,0.000,0,,1,320.03,-15.30,36.49,302.508,20.371,44.242,-56.11,-17.80,58.05,6.469,0.000,0.00,0.00,0,0,0,0,0,0,-17.80,-17.34,-9.55,0.1398,0.0925,0.6272,1,6.469,0,0.580,0,perch_idle,perchIdle,1.000,2,-0.032 0.471 0.018 -0.165 0.139 -0.172 -0.048 -0.148 0.119 -0.158
573,9.5500,perch,perchIdle,305.857,15.385,41.842,0.000,0.000,0.000,0.000,0.000,40.892,0.00,0.00,0.00,0.00,0.000,0,,1,320.03,-15.30,36.49,302.491,20.360,44.242,-55.92,-17.78,58.05,6.469,0.000,0.00,0.00,0,0,0,0,0,0,-17.78,-17.33,-9.57,0.1398,0.0926,0.6276,1,6.469,0,0.580,0,perch_idle,perchIdle,1.000,2,-0.033 0.471 0.017 -0.165 0.138 -0.173 -0.048 -0.148 0.119 -0.158
574,9.5667,perch,perchIdle,305.857,15.385,41.842,0.000,0.000,0.000,0.000,0.000,40.892,0.00,0.00,0.00,0.00,0.000,0,,1,320.03,-15.30,36.49,302.475,20.349,44.242,-55.73,-17.75,58.05,6.469,0.000,0.00,0.00,0,0,0,0,0,0,-17.75,-17.32,-9.58,0.1398,0.0927,0.6281,1,6.469,0,0.580,0,perch_idle,perchIdle,1.000,2,-0.035 0.471 0.016 -0.166 0.138 -0.173 -0.049 -0.149 0.118 -0.158
575,9.5833,perch,perchIdle,305.857,15.385,41.842,0.000,0.000,0.000,0.000,0.000,40.892,0.00,0.00,0.00,0.00,0.000,0,,1,320.03,-15.30,36.49,302.459,20.338,44.242,-55.55,-17.72,58.04,6.469,0.000,0.00,0.00,0,0,0,0,0,0,-17.72,-17.32,-9.60,0.1398,0.0928,0.6285,1,6.469,0,0.580,0,perch_idle,perchIdle,1.000,2,-0.037 0.470 0.015 -0.166 0.137 -0.173 -0.049 -0.149 0.118 -0.158
576,9.6000,perch,perchIdle,305.857,15.385,41.842,0.000,0.000,0.000,0.000,0.000,40.892,0.00,0.00,0.00,0.00,0.000,0,,1,320.03,-15.30,36.49,302.443,20.328,44.242,-55.37,-17.70,58.04,6.469,0.000,0.00,0.00,0,0,0,0,0,0,-17.70,-17.31,-9.62,0.1399,0.0928,0.6289,1,6.469,0,0.580,0,perch_idle,perchIdle,1.000,2,-0.038 0.470 0.014 -0.166 0.136 -0.173 -0.049 -0.149 0.118 -0.158
577,9.6167,perch,perchIdle,305.857,15.385,41.842,0.000,0.000,0.000,0.000,0.000,40.892,0.00,0.00,0.00,0.00,0.000,0,,1,320.03,-15.30,36.49,302.428,20.317,44.242,-55.20,-17.67,58.04,6.469,0.000,0.00,0.00,0,0,0,0,0,0,-17.67,-17.30,-9.63,0.1399,0.0929,0.6293,1,6.469,0,0.580,0,perch_idle,perchIdle,1.000,2,-0.040 0.470 0.013 -0.166 0.135 -0.173 -0.049 -0.149 0.118 -0.158
578,9.6333,perch,perchIdle,305.857,15.385,41.842,0.000,0.000,0.000,0.000,0.000,40.892,0.00,0.00,0.00,0.00,0.000,0,,1,320.03,-15.30,36.49,302.414,20.307,44.242,-55.03,-17.65,58.04,6.469,0.000,0.00,0.00,0,0,0,0,0,0,-17.65,-17.30,-9.65,0.1399,0.0930,0.6296,1,6.469,0,0.580,0,perch_idle,perchIdle,1.000,2,-0.041 0.470 0.012 -0.166 0.134 -0.173 -0.049 -0.149 0.118 -0.158
579,9.6500,perch,perchIdle,305.857,15.385,41.842,0.000,0.000,0.000,0.000,0.000,40.892,0.00,0.00,0.00,0.00,0.000,0,,1,320.03,-15.30,36.49,302.399,20.297,44.242,-54.86,-17.63,58.04,6.469,0.000,0.00,0.00,0,0,0,0,0,0,-17.63,-17.29,-9.67,0.1399,0.0930,0.6300,1,6.469,0,0.580,0,perch_idle,perchIdle,1.000,2,-0.042 0.470 0.011 -0.167 0.134 -0.173 -0.050 -0.149 0.118 -0.158
580,9.6667,perch,perchIdle,305.857,15.385,41.842,0.000,0.000,0.000,0.000,0.000,40.892,0.00,0.00,0.00,0.00,0.000,0,,1,320.03,-15.30,36.49,302.385,20.287,44.242,-54.70,-17.60,58.03,6.469,0.000,0.00,0.00,0,0,0,0,0,0,-17.60,-17.28,-9.68,0.1399,0.0931,0.6304,1,6.469,0,0.580,0,perch_idle,perchIdle,1.000,2,-0.043 0.470 0.011 -0.167 0.133 -0.173 -0.050 -0.149 0.118 -0.158
581,9.6833,perch,perchIdle,305.857,15.385,41.842,0.000,0.000,0.000,0.000,0.000,40.892,0.00,0.00,0.00,0.00,0.000,0,,1,320.03,-15.30,36.49,302.372,20.278,44.242,-54.54,-17.58,58.03,6.469,0.000,0.00,0.00,0,0,0,0,0,0,-17.58,-17.28,-9.70,0.1399,0.0932,0.6307,1,6.469,0,0.580,0,perch_idle,perchIdle,1.000,2,-0.044 0.470 0.010 -0.167 0.132 -0.173 -0.050 -0.150 0.117 -0.158
582,9.7000,perch,perchIdle,305.857,15.385,41.842,0.000,0.000,0.000,0.000,0.000,40.892,0.00,0.00,0.00,0.00,0.000,0,,1,320.03,-15.30,36.49,302.359,20.268,44.242,-54.38,-17.56,58.03,6.469,0.000,0.00,0.00,0,0,0,0,0,0,-17.56,-17.27,-9.72,0.1399,0.0932,0.6311,1,6.469,0,0.580,0,perch_idle,perchIdle,1.000,2,-0.045 0.469 0.009 -0.167 0.131 -0.173 -0.051 -0.150 0.117 -0.158
583,9.7167,perch,perchIdle,305.857,15.385,41.842,0.000,0.000,0.000,0.000,0.000,40.892,0.00,0.00,0.00,0.00,0.000,0,,1,320.03,-15.30,36.49,302.346,20.259,44.242,-54.23,-17.54,58.03,6.469,0.000,0.00,0.00,0,0,0,0,0,0,-17.54,-17.27,-9.73,0.1400,0.0933,0.6314,1,6.469,0,0.580,0,perch_idle,perchIdle,1.000,2,-0.046 0.469 0.008 -0.167 0.130 -0.173 -0.051 -0.150 0.117 -0.158
584,9.7333,perch,perchIdle,305.857,15.385,41.842,0.000,0.000,0.000,0.000,0.000,40.892,0.00,0.00,0.00,0.00,0.000,0,,1,320.03,-15.30,36.49,302.333,20.250,44.242,-54.08,-17.52,58.03,6.469,0.000,0.00,0.00,0,0,0,0,0,0,-17.52,-17.26,-9.75,0.1400,0.0934,0.6317,1,6.469,0,0.580,0,perch_idle,perchIdle,1.000,2,-0.047 0.469 0.007 -0.167 0.130 -0.173 -0.051 -0.150 0.117 -0.158
585,9.7500,perch,perchIdle,305.857,15.385,41.842,0.000,0.000,0.000,0.000,0.000,40.892,0.00,0.00,0.00,0.00,0.000,0,,1,320.03,-15.30,36.49,302.321,20.241,44.242,-53.94,-17.50,58.02,6.469,0.000,0.00,0.00,0,0,0,0,0,0,-17.50,-17.26,-9.77,0.1400,0.0934,0.6320,1,6.469,0,0.580,0,perch_idle,perchIdle,1.000,2,-0.047 0.469 0.006 -0.168 0.129 -0.173 -0.051 -0.150 0.117 -0.158
586,9.7667,perch,perchIdle,305.857,15.385,41.842,0.000,0.000,0.000,0.000,0.000,40.892,0.00,0.00,0.00,0.00,0.000,0,,1,320.03,-15.30,36.49,302.309,20.232,44.242,-53.80,-17.48,58.02,6.469,0.000,0.00,0.00,0,0,0,0,0,0,-17.48,-17.26,-9.78,0.1400,0.0935,0.6324,1,6.469,0,0.580,0,perch_idle,perchIdle,1.000,2,-0.048 0.469 0.005 -0.168 0.128 -0.173 -0.052 -0.150 0.116 -0.158
587,9.7833,perch,perchIdle,305.857,15.385,41.842,0.000,0.000,0.000,0.000,0.000,40.892,0.00,0.00,0.00,0.00,0.000,0,,1,320.03,-15.30,36.49,302.297,20.224,44.242,-53.66,-17.46,58.02,6.469,0.000,0.00,0.00,0,0,0,0,0,0,-17.46,-17.25,-9.80,0.1400,0.0935,0.6326,1,6.469,0,0.580,0,perch_idle,perchIdle,1.000,2,-0.048 0.469 0.004 -0.168 0.127 -0.174 -0.052 -0.150 0.116 -0.158
588,9.8000,perch,perchIdle,305.857,15.385,41.842,0.000,0.000,0.000,0.000,0.000,40.892,0.00,0.00,0.00,0.00,0.000,0,,1,320.03,-15.30,36.49,302.286,20.216,44.242,-53.53,-17.44,58.02,6.469,0.000,0.00,0.00,0,0,0,0,0,0,-17.44,-17.25,-9.82,0.1401,0.0936,0.6329,1,6.469,0,0.580,0,perch_idle,perchIdle,1.000,2,-0.049 0.469 0.004 -0.168 0.126 -0.174 -0.052 -0.150 0.116 -0.158
589,9.8167,perch,perchIdle,305.857,15.385,41.842,0.000,0.000,0.000,0.000,0.000,40.892,0.00,0.00,0.00,0.00,0.000,0,,1,320.03,-15.30,36.49,302.275,20.207,44.242,-53.40,-17.42,58.02,6.469,0.000,0.00,0.00,0,0,0,0,0,0,-17.42,-17.25,-9.83,0.1401,0.0937,0.6332,1,6.469,0,0.580,0,perch_idle,perchIdle,1.000,2,-0.049 0.469 0.003 -0.168 0.125 -0.174 -0.053 -0.151 0.115 -0.158
590,9.8333,perch,perchIdle,305.857,15.385,41.842,0.000,0.000,0.000,0.000,0.000,40.892,0.00,0.00,0.00,0.00,0.000,0,,1,320.03,-15.30,36.49,302.264,20.199,44.242,-53.27,-17.41,58.02,6.469,0.000,0.00,0.00,0,0,0,0,0,0,-17.41,-17.24,-9.85,0.1401,0.0937,0.6335,1,6.469,0,0.580,0,perch_idle,perchIdle,1.000,2,-0.049 0.469 0.002 -0.168 0.125 -0.174 -0.053 -0.151 0.115 -0.158
591,9.8500,perch,perchIdle,305.857,15.385,41.842,0.000,0.000,0.000,0.000,0.000,40.892,0.00,0.00,0.00,0.00,0.000,0,,1,320.03,-15.30,36.49,302.254,20.191,44.242,-53.14,-17.39,58.02,6.469,0.000,0.00,0.00,0,0,0,0,0,0,-17.39,-17.24,-9.87,0.1401,0.0938,0.6338,1,6.469,0,0.580,0,perch_idle,perchIdle,1.000,2,-0.049 0.469 0.001 -0.168 0.124 -0.174 -0.054 -0.151 0.115 -0.158
592,9.8667,perch,perchIdle,305.857,15.385,41.842,0.000,0.000,0.000,0.000,0.000,40.892,0.00,0.00,0.00,0.00,0.000,0,,1,320.03,-15.30,36.49,302.243,20.184,44.242,-53.02,-17.37,58.02,6.469,0.000,0.00,0.00,0,0,0,0,0,0,-17.37,-17.24,-9.88,0.1402,0.0938,0.6340,1,6.469,0,0.580,0,perch_idle,perchIdle,1.000,2,-0.049 0.469 0.000 -0.169 0.123 -0.174 -0.054 -0.151 0.114 -0.158
593,9.8833,perch,perchIdle,305.857,15.385,41.842,0.000,0.000,0.000,0.000,0.000,40.892,0.00,0.00,0.00,0.00,0.000,0,,1,320.03,-15.30,36.49,302.233,20.176,44.242,-52.90,-17.36,58.02,6.469,0.000,0.00,0.00,0,0,0,0,0,0,-17.36,-17.23,-9.90,0.1402,0.0939,0.6343,1,6.469,0,0.580,0,perch_idle,perchIdle,1.000,2,-0.049 0.469 -0.001 -0.169 0.122 -0.174 -0.054 -0.151 0.114 -0.158
594,9.9000,perch,perchIdle,305.857,15.385,41.842,0.000,0.000,0.000,0.000,0.000,40.892,0.00,0.00,0.00,0.00,0.000,0,,1,320.03,-15.30,36.49,302.224,20.169,44.242,-52.78,-17.34,58.01,6.469,0.000,0.00,0.00,0,0,0,0,0,0,-17.34,-17.23,-9.92,0.1402,0.0940,0.6345,1,6.469,0,0.580,0,perch_idle,perchIdle,1.000,2,-0.049 0.469 -0.002 -0.169 0.121 -0.174 -0.055 -0.151 0.114 -0.158
595,9.9167,perch,perchIdle,305.857,15.385,41.842,0.000,0.000,0.000,0.000,0.000,40.892,0.00,0.00,0.00,0.00,0.000,0,,1,320.03,-15.30,36.49,302.214,20.162,44.242,-52.67,-17.33,58.01,6.469,0.000,0.00,0.00,0,0,0,0,0,0,-17.33,-17.23,-9.93,0.1402,0.0940,0.6348,1,6.469,0,0.580,0,perch_idle,perchIdle,1.000,2,-0.049 0.469 -0.003 -0.169 0.120 -0.174 -0.055 -0.151 0.113 -0.158
596,9.9333,perch,perchIdle,305.857,15.385,41.842,0.000,0.000,0.000,0.000,0.000,40.892,0.00,0.00,0.00,0.00,0.000,0,,1,320.03,-15.30,36.49,302.205,20.155,44.242,-52.56,-17.31,58.01,6.469,0.000,0.00,0.00,0,0,0,0,0,0,-17.31,-17.23,-9.95,0.1403,0.0941,0.6350,1,6.469,0,0.580,0,perch_idle,perchIdle,1.000,2,-0.048 0.469 -0.004 -0.169 0.119 -0.174 -0.056 -0.151 0.113 -0.158
597,9.9500,perch,perchIdle,305.857,15.385,41.842,0.000,0.000,0.000,0.000,0.000,40.892,0.00,0.00,0.00,0.00,0.000,0,,1,320.03,-15.30,36.49,302.196,20.148,44.242,-52.45,-17.30,58.01,6.469,0.000,0.00,0.00,0,0,0,0,0,0,-17.30,-17.22,-9.97,0.1403,0.0941,0.6352,1,6.469,0,0.580,0,perch_idle,perchIdle,1.000,2,-0.048 0.470 -0.004 -0.169 0.118 -0.174 -0.056 -0.151 0.112 -0.158
598,9.9667,perch,perchIdle,305.857,15.385,41.842,0.000,0.000,0.000,0.000,0.000,40.892,0.00,0.00,0.00,0.00,0.000,0,,1,320.03,-15.30,36.49,302.187,20.141,44.242,-52.34,-17.28,58.01,6.469,0.000,0.00,0.00,0,0,0,0,0,0,-17.28,-17.22,-9.98,0.1403,0.0942,0.6354,1,6.469,0,0.580,0,perch_idle,perchIdle,1.000,2,-0.047 0.470 -0.005 -0.169 0.118 -0.174 -0.057 -0.151 0.112 -0.158
