frame,t,mode,sub,x_m,y_m,z_m,vx,vy,vz,speed_mps,hspeed_mps,height_above_floor_m,anchor_x,anchor_y,anchor_z,rope_m,tension,chain,trick,zip_target,zt_x,zt_y,zt_z,cam_x,cam_y,cam_z,cam_yaw_deg,cam_pitch_deg,cam_vfov_deg,cam_dist_m,motion_blur,in_move_x,in_move_y,in_swing,in_jump,in_sprint,in_zip,in_drop,in_quick,cam_orbit_pitch_deg,cam_auto_pitch_deg,cam_occ_hold,hero_bbox_h,hero_bbox_w,hero_cy,hero_in_frame,cam_hero_dist_m,cam_in_geometry,frame_s_target,in_trick,anim_node,anim_clip,anim_weight,air_flavor,pose_sig,pcm_x,pcm_y,pcm_z,pcm_pitch,pcm_yaw,pcm_fov,px_top,px_bottom,px_left,px_right,head_hip_dz,limb_z,body_rope_deg,web_on,wall_frac,hero_occl,hero_cx,pcm_roll,flip_prog,flip_t,flip_pitch_deg,flip_twist_deg,flip_rate_dps,flip_shape,flip_shape_legs,body_axis_deg,body_pitch_deg,body_roll_deg,flip_armed,flipcam_k,flipcam_yaw_deg,flipcam_elev_deg,flipcam_sky,sky_tall_m,sky_peak_want_m,cam_slew,hero_fill_cd
0,0.0000,air,apex,-250.000,170.400,27.997,0.000,24.000,-0.220,24.001,24.000,26.884,0.00,0.00,0.00,0.00,0.000,0,,0,0.00,0.00,0.00,-250.300,167.000,28.597,84.96,-14.80,58.01,3.466,0.000,0.00,1.00,0,0,0,0,0,0,-14.80,-7.19,-0.02,0.4449,0.2598,0.4531,1,3.466,0,0.424,0,None,None,1.000,-1,0.011 0.586 -0.684 0.442 0.631 0.166 -0.361 -0.742 0.160 -0.396,-250.30,166.60,28.60,-14.83,84.96,89.17,228,692,696,1152,0.579,0.387 0.135 -0.727 -0.235,-1.0,0,0.000,0.000,0.4957,0.00,,-1.000,0.0,0.0,0.0,,,10.2,10.2,0.2,,0.000,0.0,11.5,-1.00,-1.0,0.0,0,5000
1,0.0167,air,apex,-250.000,170.800,27.991,0.000,24.000,-0.440,24.004,24.000,26.878,0.00,0.00,0.00,0.00,0.000,0,,0,0.00,0.00,0.00,-250.300,167.033,28.596,85.45,-13.93,58.03,3.827,0.000,0.00,1.00,0,0,0,0,0,0,-13.93,-7.99,-0.03,0.4067,0.2121,0.4493,1,3.827,0,0.424,0,air_rise,airRise,1.000,2,-0.018 0.577 -0.561 0.056 0.558 0.070 -0.082 -0.883 0.133 -0.880,-250.30,167.00,28.60,-14.80,84.96,89.17,208,712,768,1160,0.592,0.045 0.082 -0.900 -0.893,-1.0,0,0.000,0.000,0.5009,-0.00,,-1.000,0.0,0.0,0.0,,,2.1,1.0,-1.9,,0.000,0.0,11.5,-1.00,-1.0,0.0,0,5000
2,0.0333,air,apex,-250.000,171.200,27.981,0.000,24.000,-0.660,24.009,24.000,26.868,0.00,0.00,0.00,0.00,0.000,0,,0,0.00,0.00,0.00,-250.300,167.132,28.593,85.78,-13.37,58.07,4.125,0.000,0.00,1.00,0,0,0,0,0,0,-13.37,-9.12,-0.05,0.4698,0.0865,0.4016,1,4.125,0,0.424,0,air_rise,airRise,1.000,2,-0.040 0.564 -0.109 0.835 0.063 0.842 -0.134 -0.695 0.200 -0.787,-250.30,167.03,28.60,-13.93,85.45,89.20,180,688,880,1028,0.590,0.773 0.783 -0.711 -0.717,-1.0,0,0.000,0.000,0.4992,0.00,,-1.000,0.0,0.0,0.0,,,5.9,-4.7,-3.6,,0.000,0.0,11.5,-1.00,-1.0,0.0,0,5000
3,0.0500,air,apex,-250.000,171.600,27.967,0.000,24.000,-0.880,24.016,24.000,26.854,0.00,0.00,0.00,0.00,0.000,0,,0,0.00,0.00,0.00,-250.300,167.300,28.588,86.01,-13.03,58.12,4.355,0.000,0.00,1.00,0,0,0,0,0,0,-13.03,-10.43,-0.07,0.4383,0.0858,0.4027,1,4.355,0,0.424,0,air_rise,airRise,1.000,2,-0.055 0.567 -0.130 0.827 0.042 0.840 -0.115 -0.703 0.219 -0.775,-250.30,167.13,28.59,-13.37,85.78,89.24,204,672,884,1024,0.590,0.762 0.778 -0.714 -0.703,-1.0,0,0.000,0.000,0.4998,-0.00,,-1.000,0.0,0.0,0.0,,,6.2,-3.5,-5.1,,0.000,0.0,11.5,-1.00,-1.0,0.0,0,5000
4,0.0667,air,apex,-250.000,172.000,27.950,0.000,24.000,-1.100,24.025,24.000,26.837,0.00,0.00,0.00,0.00,0.000,0,,0,0.00,0.00,0.00,-250.300,167.527,28.579,86.16,-12.82,58.18,4.527,0.000,0.00,1.00,0,0,0,0,0,0,-12.82,-11.83,-0.08,0.4152,0.0855,0.4037,1,4.527,0,0.424,0,air_rise,airRise,1.000,2,-0.068 0.570 -0.146 0.819 0.026 0.835 -0.100 -0.708 0.234 -0.763,-250.30,167.30,28.59,-13.03,86.01,89.30,220,656,884,1024,0.589,0.751 0.770 -0.715 -0.688,-1.0,0,0.000,0.000,0.5002,0.00,,-1.000,0.0,0.0,0.0,,,6.8,-2.3,-6.4,,0.000,0.0,11.5,-1.00,-1.0,0.0,0,5000
5,0.0833,air,apex,-250.000,172.400,27.928,0.000,24.000,-1.320,24.036,24.000,26.815,0.00,0.00,0.00,0.00,0.000,0,,0,0.00,0.00,0.00,-250.299,167.810,28.566,86.27,-12.73,58.25,4.644,0.000,0.00,1.00,0,0,0,0,0,0,-12.73,-13.26,-0.10,0.3988,0.0854,0.4046,1,4.644,0,0.424,0,air_rise,airRise,1.000,2,-0.077 0.573 -0.157 0.811 0.014 0.830 -0.089 -0.712 0.244 -0.753,-250.30,167.53,28.58,-12.82,86.16,89.37,232,644,884,1028,0.588,0.739 0.761 -0.715 -0.674,-1.0,0,0.000,0.000,0.5005,0.00,,-1.000,0.0,0.0,0.0,,,7.5,-1.0,-7.4,,0.000,0.0,11.5,-1.00,-1.0,0.0,0,5000
6,0.1000,air,apex,-250.000,172.800,27.904,0.000,24.000,-1.540,24.049,24.000,26.791,0.00,0.00,0.00,0.00,0.000,0,,0,0.00,0.00,0.00,-250.294,168.209,28.551,86.34,-12.84,58.33,4.645,0.000,0.00,1.00,0,0,0,0,0,0,-12.84,-14.67,-0.12,0.3934,0.0865,0.4053,1,4.645,0,0.424,0,air_rise,airRise,1.000,2,-0.083 0.575 -0.164 0.803 0.007 0.825 -0.083 -0.715 0.249 -0.743,-250.30,167.81,28.57,-12.73,86.27,89.46,244,636,884,1028,0.588,0.726 0.751 -0.713 -0.659,-1.0,0,0.000,0.000,0.5007,-0.00,,-1.000,0.0,0.0,0.0,,,8.1,0.3,-8.1,,0.000,0.0,11.5,-1.00,-1.0,0.0,0,5000
7,0.1167,air,apex,-250.000,173.200,27.875,0.000,24.000,-1.760,24.064,24.000,26.762,0.00,0.00,0.00,0.00,0.000,0,,0,0.00,0.00,0.00,-250.290,168.609,28.531,86.39,-12.95,58.41,4.647,0.000,0.00,1.00,0,0,0,0,0,0,-12.95,-16.02,-0.13,0.3884,0.0867,0.4061,1,4.647,0,0.424,0,air_rise,airRise,1.000,2,-0.085 0.577 -0.164 0.796 0.006 0.818 -0.081 -0.717 0.250 -0.735,-250.29,168.21,28.55,-12.84,86.34,89.55,244,636,884,1028,0.587,0.715 0.740 -0.711 -0.647,-1.0,0,0.000,0.000,0.5008,-0.00,,-1.000,0.0,0.0,0.0,,,8.5,1.6,-8.3,,0.000,0.0,11.5,-1.00,-1.0,0.0,0,5000
8,0.1333,air,apex,-250.000,173.600,27.843,0.000,24.000,-1.980,24.082,24.000,26.730,0.00,0.00,0.00,0.00,0.000,0,,0,0.00,0.00,0.00,-250.287,169.009,28.508,86.42,-13.05,58.50,4.648,0.000,0.00,1.00,0,0,0,0,0,0,-13.05,-17.29,-0.15,0.3837,0.0857,0.4071,1,4.648,0,0.425,0,air_rise,airRise,1.000,2,-0.082 0.579 -0.160 0.790 0.010 0.811 -0.085 -0.718 0.245 -0.728,-250.29,168.61,28.53,-12.95,86.39,89.64,248,636,884,1028,0.587,0.704 0.728 -0.707 -0.635,-1.0,0,0.000,0.000,0.5008,0.00,,-1.000,0.0,0.0,0.0,,,8.6,2.8,-8.1,,0.000,0.0,11.5,-1.00,-1.0,0.0,0,5000
9,0.1500,air,apex,-250.000,174.000,27.807,0.000,24.000,-2.200,24.101,24.000,26.694,0.00,0.00,0.00,0.00,0.000,0,,0,0.00,0.00,0.00,-250.286,169.409,28.482,86.44,-13.16,58.59,4.649,0.000,0.00,1.00,0,0,0,0,0,0,-13.16,-18.47,-0.17,0.3795,0.0836,0.4083,1,4.649,0,0.425,0,air_rise,airRise,1.000,2,-0.075 0.582 -0.149 0.785 0.021 0.804 -0.094 -0.717 0.235 -0.723,-250.29,169.01,28.51,-13.05,86.42,89.75,252,632,884,1028,0.587,0.694 0.716 -0.703 -0.626,-1.0,0,0.000,0.000,0.5007,-0.00,,-1.000,0.0,0.0,0.0,,,8.5,4.1,-7.5,,0.000,0.0,11.5,-1.00,-1.0,0.0,0,5000
10,0.1667,air,apex,-250.000,174.400,27.768,0.000,24.000,-2.420,24.122,24.000,26.655,0.00,0.00,0.00,0.00,0.000,0,,0,0.00,0.00,0.00,-250.284,169.809,28.451,86.45,-13.26,58.69,4.650,0.000,0.00,1.00,0,0,0,0,0,0,-13.26,-19.56,-0.18,0.3757,0.0804,0.4095,1,4.650,0,0.425,0,air_rise,airRise,1.000,2,-0.063 0.585 -0.134 0.780 0.036 0.796 -0.109 -0.715 0.221 -0.719,-250.29,169.41,28.48,-13.16,86.44,89.86,256,632,888,1024,0.587,0.685 0.704 -0.697 -0.618,-1.0,0,0.000,0.000,0.5006,-0.00,,-1.000,0.0,0.0,0.0,,,8.2,5.2,-6.4,,0.000,0.0,11.5,-1.00,-1.0,0.0,0,5000
11,0.1833,air,apex,-250.000,174.800,27.725,0.000,24.000,-2.640,24.145,24.000,26.612,0.00,0.00,0.00,0.00,0.000,0,,0,0.00,0.00,0.00,-250.284,170.209,28.417,86.46,-13.36,58.79,4.652,0.000,0.00,1.00,0,0,0,0,0,0,-13.36,-20.54,-0.20,0.3725,0.0762,0.4109,1,4.652,0,0.425,0,air_rise,airRise,1.000,2,-0.046 0.587 -0.113 0.776 0.057 0.788 -0.129 -0.712 0.202 -0.717,-250.28,169.81,28.45,-13.26,86.45,89.97,260,632,888,1024,0.588,0.677 0.692 -0.690 -0.613,-1.0,0,0.000,0.000,0.5004,-0.00,,-1.000,0.0,0.0,0.0,,,7.9,6.2,-4.8,,0.000,0.0,11.5,-1.00,-1.0,0.0,0,5000
12,0.2000,air,apex,-250.000,175.200,27.678,0.000,24.000,-2.860,24.170,24.000,26.565,0.00,0.00,0.00,0.00,0.000,0,,0,0.00,0.00,0.00,-250.283,170.609,28.380,86.47,-13.46,58.89,4.653,0.000,0.00,1.00,0,0,0,0,0,0,-13.46,-21.43,-0.22,0.3696,0.0709,0.4125,1,4.653,0,0.426,0,air_rise,airRise,1.000,2,-0.024 0.589 -0.087 0.772 0.083 0.778 -0.155 -0.706 0.178 -0.716,-250.28,170.21,28.42,-13.36,86.46,90.08,260,632,892,1020,0.588,0.671 0.679 -0.681 -0.609,-1.0,0,0.000,0.000,0.5001,-0.00,,-1.000,0.0,0.0,0.0,,,7.7,7.1,-2.8,,0.000,0.0,11.5,-1.00,-1.0,0.0,0,5000
13,0.2167,air,apex,-250.000,175.600,27.628,0.000,24.000,-3.080,24.197,24.000,26.515,0.00,0.00,0.00,0.00,0.000,0,,0,0.00,0.00,0.00,-250.283,171.009,28.338,86.47,-13.55,58.99,4.655,0.000,0.00,1.00,0,0,0,0,0,0,-13.55,-22.23,-0.23,0.3670,0.0670,0.4142,1,4.655,0,0.426,0,air_rise,airRise,1.000,2,0.002 0.591 -0.056 0.769 0.113 0.768 -0.185 -0.698 0.150 -0.717,-250.28,170.61,28.38,-13.46,86.47,90.20,260,632,896,1016,0.588,0.665 0.665 -0.670 -0.607,-1.0,0,0.000,0.000,0.4987,-0.00,,-1.000,0.0,0.0,0.0,,,7.9,7.9,-0.3,,0.000,0.0,11.5,-1.00,-1.0,0.0,0,5000
14,0.2333,air,apex,-250.000,176.000,27.574,0.000,24.000,-3.300,24.226,24.000,26.461,0.00,0.00,0.00,0.00,0.000,0,,0,0.00,0.00,0.00,-250.283,171.409,28.293,86.48,-13.65,59.09,4.656,0.000,0.00,1.00,0,0,0,0,0,0,-13.65,-22.94,-0.25,0.3645,0.0738,0.4160,1,4.656,0,0.427,0,air_rise,airRise,1.000,2,0.032 0.590 -0.022 0.766 0.147 0.756 -0.220 -0.687 0.118 -0.718,-250.28,171.01,28.34,-13.55,86.47,90.32,264,632,904,1020,0.586,0.659 0.651 -0.656 -0.606,-1.0,0,0.000,0.000,0.4982,-0.00,,-1.000,0.0,0.0,0.0,,,8.9,8.5,2.6,,0.000,0.0,11.5,-1.00,-1.0,0.0,0,5000
15,0.2500,air,apex,-250.000,176.400,27.516,0.000,24.000,-3.520,24.257,24.000,26.403,0.00,0.00,0.00,0.00,0.000,0,,0,0.00,0.00,0.00,-250.283,171.809,28.245,86.48,-13.74,59.20,4.657,0.000,0.00,1.00,0,0,0,0,0,0,-13.74,-23.57,-0.27,0.3620,0.0815,0.4179,1,4.657,0,0.427,0,air_rise,airRise,1.000,2,0.066 0.587 0.017 0.762 0.185 0.742 -0.258 -0.673 0.082 -0.720,-250.28,171.41,28.29,-13.65,86.48,90.44,264,632,904,1024,0.583,0.653 0.635 -0.640 -0.606,-1.0,0,0.000,0.000,0.4978,-0.00,,-1.000,0.0,0.0,0.0,,,10.7,9.0,5.9,,0.000,0.0,11.5,-1.00,-1.0,0.0,0,5000
16,0.2667,air,apex,-250.000,176.800,27.452,0.000,24.000,-3.920,24.318,24.000,26.339,0.00,0.00,0.00,0.00,0.000,0,,0,0.00,0.00,0.00,-250.282,172.209,28.192,86.48,-13.85,59.30,4.659,0.000,0.00,1.00,0,0,0,0,0,0,-13.85,-24.12,-0.28,0.3591,0.0897,0.4199,1,4.659,0,0.428,0,air_rise,airRise,1.000,2,0.103 0.582 0.058 0.756 0.224 0.727 -0.298 -0.656 0.043 -0.721,-250.28,171.81,28.24,-13.74,86.48,90.56,268,632,896,1032,0.578,0.646 0.618 -0.621 -0.606,-1.0,0,0.000,0.000,0.4974,-0.00,,-1.000,0.0,0.0,0.0,,,13.3,9.3,9.6,,0.000,0.0,11.5,-1.00,-1.0,0.0,0,5000
17,0.2833,air,fall,-250.000,177.200,27.382,0.000,24.000,-4.320,24.386,24.000,26.269,0.00,0.00,0.00,0.00,0.000,0,,0,0.00,0.00,0.00,-250.282,172.609,28.135,86.48,-13.99,59.40,4.661,0.000,0.00,1.00,0,0,0,0,0,0,-13.99,-24.61,-0.30,0.3557,0.0982,0.4221,1,4.661,0,0.428,0,air_rise,airRise,1.000,2,0.142 0.574 0.103 0.749 0.266 0.709 -0.340 -0.634 0.001 -0.722,-250.28,172.21,28.19,-13.85,86.48,90.68,268,632,884,1040,0.569,0.638 0.599 -0.598 -0.606,-1.0,0,0.000,0.000,0.4969,-0.00,,-1.000,0.0,0.0,0.0,,,16.3,9.5,13.5,,0.000,0.0,11.5,-1.00,-1.0,0.0,0,5000
18,0.3000,air,fall,-250.000,177.600,27.305,0.000,24.000,-4.720,24.460,24.000,26.192,0.00,0.00,0.00,0.00,0.000,0,,0,0.00,0.00,0.00,-250.282,173.009,28.072,86.48,-14.14,59.50,4.664,0.000,0.00,1.00,0,0,0,0,0,0,-14.14,-25.03,-0.32,0.3516,0.1067,0.4245,1,4.664,0,0.429,0,air_rise,airRise,1.000,2,0.183 0.562 0.150 0.741 0.309 0.689 -0.383 -0.609 -0.044 -0.721,-250.28,172.61,28.14,-13.99,86.48,90.80,272,632,876,1044,0.558,0.629 0.578 -0.573 -0.605,-1.0,0,0.000,0.000,0.4965,-0.00,,-1.000,0.0,0.0,0.0,,,19.8,9.5,17.7,,0.000,0.0,11.5,-1.00,-1.0,0.0,0,5000
19,0.3167,air,fall,-250.000,178.000,27.221,0.000,24.000,-5.120,24.540,24.000,26.108,0.00,0.00,0.00,0.00,0.000,0,,0,0.00,0.00,0.00,-250.282,173.409,28.004,86.48,-14.29,59.60,4.666,0.000,0.00,1.00,0,0,0,0,0,0,-14.29,-25.39,-0.33,0.3502,0.1127,0.4261,1,4.666,0,0.429,0,air_rise,airRise,1.000,2,0.214 0.549 0.187 0.737 0.343 0.677 -0.415 -0.589 -0.080 -0.724,-250.28,173.01,28.07,-14.14,86.48,90.92,276,632,868,1052,0.549,0.627 0.568 -0.555 -0.610,-1.0,0,0.000,0.000,0.4963,0.00,,-1.000,0.0,0.0,0.0,,,22.2,8.5,20.8,,0.000,0.0,11.5,-1.00,-1.0,0.0,0,5000
20,0.3333,air,fall,-250.000,178.400,27.131,0.000,24.000,-5.520,24.627,24.000,26.018,0.00,0.00,0.00,0.00,0.000,0,,0,0.00,0.00,0.00,-250.282,173.809,27.930,86.48,-14.45,59.70,4.669,0.000,0.00,1.00,0,0,0,0,0,0,-14.45,-25.71,-0.35,0.3485,0.1181,0.4276,1,4.669,0,0.430,0,air_rise,airRise,1.000,2,0.241 0.536 0.222 0.732 0.374 0.665 -0.443 -0.569 -0.115 -0.725,-250.28,173.41,28.00,-14.29,86.48,91.03,280,636,860,1056,0.540,0.625 0.559 -0.537 -0.614,-1.0,0,0.000,0.000,0.4962,-0.00,,-1.000,0.0,0.0,0.0,,,24.6,7.3,23.7,,0.000,0.0,11.5,-1.00,-1.0,0.0,0,5000
21,0.3500,air,fall,-250.000,178.800,27.034,0.000,24.000,-5.920,24.719,24.000,25.921,0.00,0.00,0.00,0.00,0.000,0,,0,0.00,0.00,0.00,-250.282,174.209,27.849,86.48,-14.61,59.80,4.672,0.000,0.00,1.00,0,0,0,0,0,0,-14.61,-25.98,-0.37,0.3464,0.1227,0.4291,1,4.672,0,0.431,0,air_rise,airRise,1.000,2,0.265 0.523 0.254 0.727 0.402 0.653 -0.468 -0.549 -0.147 -0.726,-250.28,173.81,27.93,-14.45,86.48,91.15,284,636,856,1064,0.530,0.623 0.549 -0.520 -0.617,-1.0,0,0.000,0.000,0.4960,0.00,,-1.000,0.0,0.0,0.0,,,26.8,6.0,26.3,,0.000,0.0,11.5,-1.00,-1.0,0.0,0,5000
22,0.3667,air,fall,-250.000,179.200,26.930,0.000,24.000,-6.320,24.818,24.000,25.817,0.00,0.00,0.00,0.00,0.000,0,,0,0.00,0.00,0.00,-250.282,174.609,27.762,86.48,-14.76,59.90,4.675,0.000,0.00,1.00,0,0,0,0,0,0,-14.76,-26.21,-0.38,0.3444,0.1265,0.4305,1,4.675,0,0.431,0,air_rise,airRise,1.000,2,0.285 0.509 0.283 0.722 0.428 0.642 -0.490 -0.531 -0.177 -0.726,-250.28,174.21,27.85,-14.61,86.48,91.27,288,636,852,1068,0.520,0.621 0.542 -0.506 -0.620,-1.0,0,0.000,0.000,0.4960,0.00,,-1.000,0.0,0.0,0.0,,,28.8,4.6,28.6,,0.000,0.0,11.5,-1.00,-1.0,0.0,0,5000
23,0.3833,air,fall,-250.000,179.600,26.820,0.000,24.000,-6.720,24.923,24.000,25.707,0.00,0.00,0.00,0.00,0.000,0,,0,0.00,0.00,0.00,-250.282,175.009,27.668,86.48,-14.92,60.00,4.677,0.000,0.00,1.00,0,0,0,0,0,0,-14.92,-26.40,-0.40,0.3426,0.1308,0.4317,1,4.677,0,0.432,0,air_rise,airRise,1.000,2,0.302 0.496 0.308 0.717 0.450 0.633 -0.508 -0.514 -0.203 -0.726,-250.28,174.61,27.76,-14.76,86.48,91.38,292,636,848,1068,0.511,0.619 0.536 -0.493 -0.623,-1.0,0,0.000,0.000,0.4966,-0.00,,-1.000,0.0,0.0,0.0,,,30.6,3.0,30.5,,0.000,0.0,11.5,-1.00,-1.0,0.0,0,5000
24,0.4000,swing,swingLow,-250.030,179.905,26.584,-3.536,12.737,-21.360,25.119,13.219,25.471,-237.51,210.53,36.41,20.18,0.063,0,,0,0.00,0.00,0.00,-250.288,175.340,27.550,86.76,-16.40,60.10,4.674,0.000,0.00,1.00,1,0,0,0,0,0,-16.40,-26.53,-0.42,0.3458,0.0726,0.4205,1,4.674,0,0.432,0,air_spread,airRise,1.000,2,-0.040 0.587 -0.107 0.744 0.057 0.753 -0.137 -0.708 0.197 -0.691,-250.28,175.01,27.67,-14.92,86.48,91.49,296,636,844,1072,0.585,0.614 0.626 -0.666 -0.557,64.3,1,0.000,0.000,0.5016,-0.00,,-1.000,0.0,0.0,0.0,,,9.4,6.9,-6.5,,0.000,0.0,11.5,-1.00,-1.0,0.0,0,5000
25,0.4167,swing,swingLow,-250.083,180.123,26.226,-3.078,13.308,-21.423,25.407,13.659,25.113,-237.51,210.53,36.41,20.18,0.173,0,,0,0.00,0.00,0.00,-250.298,175.653,27.380,87.25,-19.01,60.19,4.622,0.000,0.00,1.00,1,0,0,0,0,0,-19.01,-26.58,-0.43,0.3308,0.0826,0.4289,1,4.622,0,0.431,0,swing,airRise,1.000,2,-0.077 0.588 -0.158 0.674 0.018 0.697 -0.095 -0.704 0.239 -0.617,-250.29,175.34,27.55,-16.40,86.76,91.60,276,628,900,1016,0.557,0.489 0.514 -0.619 -0.432,52.8,1,0.000,0.000,0.5029,-0.00,,-1.000,0.0,0.0,0.0,,,20.2,16.2,-12.7,,0.000,0.0,11.5,-1.00,-1.0,0.0,0,5000
26,0.4333,swing,swingLow,-250.129,180.350,25.867,-2.634,13.889,-21.462,25.700,14.136,24.754,-237.51,210.53,36.41,20.18,0.267,0,,0,0.00,0.00,0.00,-250.311,175.946,27.152,87.63,-20.91,60.29,4.591,0.000,0.00,1.00,1,0,0,0,0,0,-20.91,-26.56,-0.45,0.3054,0.0934,0.4382,1,4.591,0,0.429,0,swing,airRise,1.000,2,-0.116 0.572 -0.228 0.558 -0.018 0.591 -0.034 -0.671 0.283 -0.492,-250.30,175.65,27.38,-19.01,87.25,91.71,284,628,892,1032,0.496,0.313 0.349 -0.528 -0.253,38.9,1,0.000,0.000,0.5038,-0.00,,-1.000,0.0,0.0,0.0,,,33.3,28.6,-20.1,,0.000,0.0,11.5,-1.00,-1.0,0.0,0,5000
27,0.4500,swing,swingLow,-250.168,180.587,25.508,-2.197,14.479,-21.478,25.996,14.645,24.395,-237.51,210.53,36.41,20.18,0.347,0,,0,0.00,0.00,0.00,-250.325,176.223,26.877,87.94,-21.92,60.38,4.576,0.000,0.00,1.00,1,0,0,0,0,0,-21.92,-26.48,-0.47,0.2890,0.1011,0.4435,1,4.576,0,0.426,0,swing,airRise,1.000,2,-0.167 0.539 -0.316 0.466 -0.064 0.475 0.014 -0.626 0.308 -0.373,-250.31,175.95,27.15,-20.91,87.63,91.83,292,620,880,1040,0.432,0.188 0.199 -0.440 -0.105,28.3,1,0.000,0.000,0.5023,-0.00,,-1.000,0.0,0.0,0.0,,,43.3,37.7,-28.4,,0.000,0.0,11.5,-1.00,-1.0,0.0,0,5000
28,0.4667,swing,swingLow,-250.200,180.834,25.149,-1.773,15.079,-21.469,26.295,15.182,24.036,-237.51,210.53,36.41,20.18,0.416,0,,0,0.00,0.00,0.00,-250.337,176.489,26.570,88.20,-21.88,60.48,4.573,0.000,0.00,1.00,1,0,0,0,0,0,-21.88,-26.34,-0.48,0.2714,0.1079,0.4570,1,4.573,0,0.423,0,swing,airRise,1.000,2,-0.210 0.502 -0.396 0.404 -0.087 0.356 0.055 -0.575 0.322 -0.262,-250.33,176.22,26.88,-21.92,87.94,91.94,308,620,872,1044,0.377,0.118 0.072 -0.363 0.014,20.9,1,0.000,0.000,0.4986,-0.00,,-1.000,0.0,0.0,0.0,,,50.6,44.6,-35.4,,0.000,0.0,11.5,-1.00,-1.0,0.0,0,5000
29,0.4833,swing,swingLow,-250.225,181.091,24.790,-1.363,15.687,-21.432,26.595,15.746,23.677,-237.51,210.53,36.41,20.18,0.476,0,,0,0.00,0.00,0.00,-250.342,176.749,26.243,88.45,-21.84,60.58,4.580,0.000,0.00,1.00,1,0,0,0,0,0,-21.84,-26.16,-0.50,0.2542,0.1139,0.4651,1,4.580,0,0.420,0,swing,airRise,1.000,2,-0.245 0.468 -0.473 0.376 -0.084 0.250 0.090 -0.525 0.331 -0.170,-250.34,176.49,26.57,-21.88,88.20,92.05,336,624,860,1040,0.333,0.089 -0.030 -0.295 0.107,15.9,1,0.000,0.000,0.4940,-0.00,,-1.000,0.0,0.0,0.0,,,55.9,49.9,-41.2,,0.000,0.0,11.5,-1.00,-1.0,0.0,0,5000
30,0.5000,swing,swingLow,-250.243,181.358,24.432,-0.960,16.302,-21.370,26.895,16.330,23.319,-237.51,210.53,36.41,20.18,0.529,0,,0,0.00,0.00,0.00,-250.341,177.006,25.902,88.70,-21.80,60.68,4.594,0.000,0.00,1.00,1,0,0,0,0,0,-21.80,-25.93,-0.52,0.2376,0.1220,0.4694,1,4.594,0,0.416,0,swing,airRise,1.000,2,-0.275 0.437 -0.544 0.376 -0.059 0.167 0.120 -0.478 0.339 -0.098,-250.34,176.75,26.24,-21.84,88.45,92.16,356,620,844,1040,0.297,0.093 -0.103 -0.235 0.175,13.1,1,0.000,0.000,0.4881,-0.00,,-1.000,0.0,0.0,0.0,,,60.0,54.1,-46.2,,0.000,0.0,11.5,-1.00,-1.0,0.0,0,5000
31,0.5167,swing,swingLow,-250.254,181.635,24.076,-0.570,16.924,-21.279,27.194,16.933,22.963,-237.51,210.53,36.41,20.18,0.575,0,,0,0.00,0.00,0.00,-250.332,177.266,25.554,88.97,-21.75,60.77,4.614,0.000,0.00,1.00,1,0,0,0,0,0,-21.75,-25.67,-0.53,0.2227,0.1297,0.4708,1,4.614,0,0.413,0,swing,airRise,1.000,2,-0.300 0.410 -0.605 0.398 -0.016 0.112 0.145 -0.433 0.352 -0.049,-250.34,177.01,25.90,-21.80,88.70,92.27,372,616,832,1036,0.267,0.122 -0.145 -0.183 0.219,12.1,1,0.000,0.000,0.4830,-0.00,,-1.000,0.0,0.0,0.0,,,63.3,57.6,-50.3,,0.000,0.0,11.5,-1.00,-1.0,0.0,0,5000
32,0.5333,swing,swingLow,-250.259,181.923,23.721,-0.192,17.552,-21.159,27.492,17.553,22.608,-237.51,210.53,36.41,20.18,0.616,0,,0,0.00,0.00,0.00,-250.315,177.529,25.203,89.27,-21.69,60.88,4.638,0.000,0.00,1.00,1,0,0,0,0,0,-21.69,-25.37,-0.55,0.2138,0.1364,0.4681,1,4.638,0,0.410,0,swing,airRise,1.000,2,-0.320 0.386 -0.645 0.435 0.038 0.089 0.164 -0.392 0.372 -0.020,-250.33,177.27,25.55,-21.75,88.97,92.38,384,608,820,1036,0.242,0.169 -0.156 -0.138 0.241,12.3,1,0.000,0.000,0.4794,0.00,,-1.000,0.0,0.0,0.0,,,65.9,60.6,-53.8,,0.000,0.0,11.5,-1.00,-1.0,0.0,0,5000
33,0.5500,swing,swingLow,-250.258,182.222,23.368,0.176,18.184,-21.009,27.787,18.185,22.255,-237.51,210.53,36.41,20.18,0.654,0,,0,0.00,0.00,0.00,-250.290,177.798,24.850,89.59,-21.63,60.98,4.665,0.000,0.00,1.00,1,0,0,0,0,0,-21.63,-25.05,-0.57,0.2116,0.1418,0.4620,1,4.665,0,0.406,0,swing,airRise,1.000,2,-0.334 0.367 -0.660 0.479 0.091 0.095 0.174 -0.356 0.398 -0.012,-250.32,177.53,25.20,-21.69,89.27,92.50,392,600,812,1040,0.222,0.224 -0.138 -0.101 0.241,12.9,1,0.000,0.000,0.4776,-0.00,,-1.000,0.0,0.0,0.0,,,68.0,63.0,-56.3,,0.000,0.0,11.5,-1.00,-1.0,0.0,0,5000
34,0.5667,swing,swingLow,-250.251,182.531,23.019,0.532,18.820,-20.830,28.078,18.828,21.906,-237.51,210.53,36.41,20.18,0.688,0,,0,0.00,0.00,0.00,-250.257,178.075,24.497,89.93,-21.56,61.08,4.695,0.000,0.00,1.00,1,0,0,0,0,0,-21.56,-24.70,-0.58,0.2128,0.1465,0.4563,1,4.695,0,0.403,0,swing,swingLowL,1.000,2,-0.346 0.356 -0.655 0.522 0.132 0.130 0.182 -0.332 0.436 -0.030,-250.29,177.80,24.85,-21.63,89.59,92.62,388,592,808,1044,0.212,0.277 -0.095 -0.080 0.214,13.9,1,0.000,0.000,0.4782,-0.00,,-1.000,0.0,0.0,0.0,,,69.0,64.2,-57.6,,0.000,0.0,11.5,-1.00,-1.0,0.0,0,5000
35,0.5833,swing,swingLow,-250.239,182.850,22.672,0.877,19.459,-20.620,28.365,19.478,21.559,-237.51,210.53,36.41,20.18,0.719,0,,0,0.00,0.00,0.00,-250.217,178.360,24.146,90.28,-21.47,61.19,4.726,0.000,0.00,1.00,1,0,0,0,0,0,-21.47,-24.33,-0.60,0.2082,0.1534,0.4552,1,4.726,0,0.400,0,swing,swingCornerBankL,1.000,2,-0.360 0.349 -0.664 0.523 0.151 0.182 0.194 -0.317 0.486 -0.062,-250.26,178.07,24.50,-21.56,89.93,92.73,392,588,800,1056,0.209,0.285 -0.036 -0.071 0.167,15.2,1,0.000,0.000,0.4793,-0.00,,-1.000,0.0,0.0,0.0,,,69.3,64.4,-58.3,,0.000,0.0,11.5,-1.00,-1.0,0.0,0,5000
36,0.6000,swing,swingLow,-250.220,183.181,22.329,1.210,20.098,-20.378,28.647,20.134,21.216,-237.51,210.53,36.41,20.18,0.748,0,,0,0.00,0.00,0.00,-250.170,178.654,23.796,90.63,-21.37,61.30,4.759,0.000,0.00,1.00,1,0,0,0,0,0,-21.37,-23.94,-0.62,0.2041,0.1593,0.4539,1,4.759,0,0.398,0,swing,swingCornerBankL,1.000,2,-0.372 0.342 -0.671 0.524 0.158 0.235 0.201 -0.305 0.534 -0.094,-250.22,178.36,24.15,-21.47,90.28,92.86,392,584,796,1064,0.207,0.292 0.024 -0.065 0.118,16.4,1,0.000,0.000,0.4807,-0.00,,-1.000,0.0,0.0,0.0,,,69.5,64.6,-58.8,,0.000,0.0,11.5,-1.00,-1.0,0.0,0,5000
37,0.6167,swing,swingLow,-250.197,183.522,21.991,1.531,20.737,-20.105,28.923,20.793,20.878,-237.51,210.53,36.41,20.18,0.776,0,,0,0.00,0.00,0.00,-250.118,178.958,23.450,90.99,-21.24,61.40,4.792,0.000,0.00,1.00,1,0,0,0,0,0,-21.24,-23.54,-0.63,0.2025,0.1636,0.4533,1,4.792,0,0.396,0,swing,swingCornerBankL,1.000,2,-0.380 0.338 -0.676 0.525 0.155 0.284 0.206 -0.296 0.575 -0.121,-250.17,178.65,23.80,-21.37,90.63,92.98,396,584,796,1068,0.206,0.299 0.079 -0.062 0.073,17.2,1,0.000,0.000,0.4819,-0.00,,-1.000,0.0,0.0,0.0,,,69.6,64.7,-59.0,,0.000,0.0,11.5,-1.00,-1.0,0.0,0,5000
38,0.6333,swing,swingLow,-250.168,183.873,21.658,1.841,21.373,-19.800,29.193,21.453,20.545,-237.51,210.53,36.41,20.18,0.801,0,,0,0.00,0.00,0.00,-250.060,179.275,23.106,91.34,-21.10,61.52,4.823,0.000,0.00,1.00,1,0,0,0,0,0,-21.10,-23.13,-0.65,0.2019,0.1663,0.4530,1,4.823,0,0.394,0,swing,swingCornerBankL,1.000,2,-0.386 0.335 -0.679 0.528 0.147 0.323 0.209 -0.291 0.607 -0.142,-250.12,178.96,23.45,-21.24,90.99,93.10,396,580,792,1076,0.207,0.307 0.124 -0.063 0.033,17.7,1,0.000,0.000,0.4828,-0.00,,-1.000,0.0,0.0,0.0,,,69.5,64.6,-58.8,,0.000,0.0,11.5,-1.00,-1.0,0.0,0,5000
39,0.6500,swing,swingLow,-250.134,184.236,21.330,2.137,22.007,-19.462,29.456,22.110,20.217,-237.51,210.53,36.41,20.18,0.826,0,,0,0.00,0.00,0.00,-249.998,179.638,22.767,91.69,-20.93,61.63,4.819,0.000,0.00,1.00,1,0,0,0,0,0,-20.93,-22.70,-0.67,0.2033,0.1686,0.4544,1,4.819,0,0.392,0,swing,swingCornerBankL,1.000,2,-0.390 0.335 -0.680 0.533 0.136 0.350 0.212 -0.292 0.629 -0.158,-250.06,179.27,23.11,-21.10,91.34,93.23,396,580,788,1076,0.210,0.317 0.157 -0.070 0.001,17.8,1,0.000,0.000,0.4833,0.00,,-1.000,0.0,0.0,0.0,,,69.2,64.3,-58.1,,0.000,0.0,11.5,-1.00,-1.0,0.0,0,5000
40,0.6667,swing,swingLow,-250.095,184.608,21.008,2.422,22.635,-19.093,29.711,22.764,19.895,-237.51,210.53,36.41,20.18,0.849,0,,0,0.00,0.00,0.00,-249.933,180.011,22.432,92.02,-20.73,61.74,4.816,0.001,0.00,1.00,1,0,0,0,0,0,-20.73,-22.27,-0.68,0.2052,0.1700,0.4557,1,4.816,0,0.391,0,swing,swingCornerBankL,1.000,2,-0.391 0.337 -0.680 0.540 0.128 0.365 0.215 -0.298 0.642 -0.172,-250.00,179.64,22.77,-20.93,91.69,93.36,396,584,788,1080,0.215,0.329 0.176 -0.081 -0.024,17.7,1,0.000,0.000,0.4833,-0.00,,-1.000,0.0,0.0,0.0,,,68.6,63.8,-57.1,,0.000,0.0,11.5,-1.00,-1.0,0.0,0,5000
41,0.6833,swing,swingLow,-250.052,184.991,20.692,2.697,23.257,-18.691,29.958,23.413,19.579,-237.51,210.53,36.41,20.18,0.871,0,,0,0.00,0.00,0.00,-249.863,180.395,22.103,92.35,-20.50,61.86,4.811,0.001,0.00,1.00,1,0,0,0,0,0,-20.50,-21.82,-0.70,0.2100,0.1705,0.4581,1,4.811,0,0.391,0,swing,swingCornerBankL,1.000,2,-0.390 0.342 -0.680 0.550 0.122 0.369 0.220 -0.310 0.648 -0.187,-249.93,180.01,22.43,-20.73,92.02,93.49,396,588,784,1076,0.222,0.344 0.182 -0.098 -0.048,17.4,1,0.000,0.000,0.4830,0.00,,-1.000,0.0,0.0,0.0,,,67.8,63.0,-55.7,,0.000,0.0,11.5,-1.00,-1.0,0.0,0,5000
42,0.7000,swing,swingLow,-250.004,185.385,20.383,2.955,23.870,-18.257,30.197,24.053,19.270,-237.51,210.53,36.41,20.18,0.892,0,,0,0.00,0.00,0.00,-249.791,180.790,21.779,92.66,-20.24,61.98,4.807,0.001,0.00,1.00,1,0,0,0,0,0,-20.24,-21.38,-0.72,0.2155,0.1705,0.4607,1,4.807,0,0.390,0,swing,swingCornerBankL,1.000,2,-0.388 0.347 -0.679 0.559 0.119 0.369 0.224 -0.323 0.651 -0.202,-249.86,180.40,22.10,-20.50,92.35,93.62,396,592,784,1076,0.231,0.359 0.185 -0.116 -0.070,16.9,1,0.000,0.000,0.4827,-0.00,,-1.000,0.0,0.0,0.0,,,66.9,62.2,-54.1,,0.000,0.0,11.5,-1.00,-1.0,0.0,0,5000
43,0.7167,swing,swingLow,-249.952,185.788,20.082,3.203,24.474,-17.791,30.426,24.682,18.969,-237.51,210.53,36.41,20.18,0.912,0,,0,0.00,0.00,0.00,-249.716,181.195,21.461,92.95,-19.95,62.10,4.802,0.002,0.00,1.00,1,0,0,0,0,0,-19.95,-20.92,-0.73,0.2213,0.1702,0.4635,1,4.802,0,0.390,0,swing,swingCornerBankL,1.000,2,-0.386 0.353 -0.677 0.570 0.117 0.367 0.228 -0.337 0.651 -0.217,-249.79,180.79,21.78,-20.24,92.66,93.75,396,600,784,1076,0.240,0.375 0.187 -0.136 -0.092,16.3,1,0.000,0.000,0.4825,0.01,,-1.000,0.0,0.0,0.0,,,65.9,61.3,-52.4,,0.000,0.0,11.5,-1.00,-1.0,0.0,0,5000
44,0.7333,swing,swingLow,-249.896,186.202,19.789,3.440,25.065,-17.294,30.646,25.300,18.676,-237.51,210.53,36.41,20.18,0.928,0,,0,0.00,0.00,0.00,-249.638,181.609,21.150,93.22,-19.62,62.22,4.797,0.003,0.00,1.00,1,0,0,0,0,0,-19.62,-20.47,-0.75,0.2273,0.1697,0.4665,1,4.797,0,0.391,0,swing,swingCornerBankL,1.000,2,-0.383 0.359 -0.676 0.580 0.117 0.364 0.232 -0.353 0.650 -0.232,-249.72,181.19,21.46,-19.95,92.95,93.89,396,604,780,1076,0.250,0.392 0.188 -0.157 -0.113,15.6,1,0.000,0.000,0.4823,0.04,,-1.000,0.0,0.0,0.0,,,64.9,60.3,-50.6,,0.000,0.0,11.5,-1.00,-1.0,0.0,0,5000
45,0.7500,swing,swingLow,-249.837,186.625,19.505,3.660,25.644,-16.766,30.856,25.904,18.392,-237.51,210.53,36.41,20.18,0.941,0,,0,0.00,0.00,0.00,-249.558,182.034,20.847,93.47,-19.25,62.34,4.792,0.004,0.00,1.00,1,0,0,0,0,0,-19.25,-20.01,-0.77,0.2335,0.1690,0.4698,1,4.792,0,0.391,0,swing,swingCornerBankL,1.000,2,-0.379 0.366 -0.675 0.591 0.118 0.360 0.235 -0.369 0.646 -0.246,-249.64,181.61,21.15,-19.62,93.22,94.03,396,612,780,1076,0.259,0.409 0.189 -0.179 -0.133,14.9,1,0.000,0.000,0.4821,0.09,,-1.000,0.0,0.0,0.0,,,63.9,59.4,-48.8,,0.000,0.0,11.5,-1.00,-1.0,0.0,0,5000
46,0.7667,swing,swingLow,-249.774,187.058,19.230,3.870,26.207,-16.207,31.056,26.491,18.117,-237.51,210.53,36.41,20.18,0.952,0,,0,0.00,0.00,0.00,-249.476,182.468,20.551,93.71,-18.84,62.47,4.786,0.005,0.00,1.00,1,0,0,0,0,0,-18.84,-19.56,-0.78,0.2396,0.1681,0.4733,1,4.786,0,0.392,0,swing,swingCornerBankL,1.000,2,-0.375 0.372 -0.673 0.601 0.118 0.355 0.238 -0.385 0.642 -0.261,-249.56,182.03,20.85,-19.25,93.47,94.16,396,620,780,1072,0.269,0.427 0.189 -0.202 -0.155,14.1,1,0.000,0.000,0.4820,0.14,,-1.000,0.0,0.0,0.0,,,62.8,58.4,-46.9,,0.000,0.0,11.5,-1.00,-1.0,0.0,0,5000
47,0.7833,swing,swingLow,-249.707,187.500,18.964,4.070,26.754,-15.619,31.246,27.061,17.851,-237.51,210.53,36.41,20.18,0.960,0,,0,0.00,0.00,0.00,-249.392,182.911,20.264,93.92,-18.38,62.59,4.780,0.007,0.00,1.00,1,0,0,0,0,0,-18.38,-19.10,-0.80,0.2461,0.1670,0.4772,1,4.780,0,0.394,0,swing,swingCornerBankL,1.000,2,-0.370 0.379 -0.672 0.612 0.118 0.348 0.241 -0.402 0.636 -0.276,-249.48,182.47,20.55,-18.84,93.71,94.30,396,628,780,1072,0.280,0.444 0.187 -0.226 -0.177,13.3,1,0.000,0.000,0.4819,0.20,,-1.000,0.0,0.0,0.0,,,61.7,57.4,-45.0,,0.000,0.0,11.5,-1.00,-1.0,0.0,0,5000
48,0.8000,swing,swingLow,-249.637,187.951,18.708,4.251,27.282,-15.002,31.424,27.611,17.595,-237.51,210.53,36.41,20.18,0.968,0,,0,0.00,0.00,0.00,-249.307,183.363,19.985,94.12,-17.88,62.72,4.774,0.008,0.00,1.00,1,0,0,0,0,0,-17.88,-18.65,-0.82,0.2522,0.1658,0.4815,1,4.774,0,0.395,0,swing,swingCornerBankL,1.000,2,-0.365 0.385 -0.670 0.623 0.117 0.340 0.243 -0.419 0.629 -0.292,-249.39,182.91,20.26,-18.38,93.92,94.44,400,636,780,1072,0.290,0.462 0.185 -0.250 -0.200,12.4,1,0.000,0.000,0.4818,0.26,,-1.000,0.0,0.0,0.0,,,60.6,56.4,-43.2,,0.000,0.0,11.5,-1.00,-1.0,0.0,0,5000
49,0.8167,swing,swingLow,-249.565,188.411,18.463,4.422,27.790,-14.357,31.591,28.140,17.350,-237.51,210.53,36.41,20.18,0.973,0,,0,0.00,0.00,0.00,-249.219,183.824,19.715,94.31,-17.33,62.84,4.767,0.010,0.00,1.00,1,0,0,0,0,0,-17.33,-18.19,-0.83,0.2584,0.1644,0.4861,1,4.767,0,0.397,0,swing,swingCornerBankL,1.000,2,-0.360 0.391 -0.668 0.633 0.114 0.333 0.244 -0.436 0.622 -0.307,-249.31,183.36,19.98,-17.88,94.12,94.58,400,644,784,1068,0.299,0.480 0.183 -0.276 -0.224,11.6,1,0.000,0.000,0.4818,0.33,,-1.000,0.0,0.0,0.0,,,59.5,55.4,-41.4,,0.000,0.0,11.5,-1.00,-1.0,0.0,0,5000
50,0.8333,swing,swingLow,-249.490,188.878,18.229,4.584,28.277,-13.686,31.748,28.646,17.116,-237.51,210.53,36.41,20.18,0.978,0,,0,0.00,0.00,0.00,-249.131,184.292,19.456,94.48,-16.71,62.97,4.761,0.012,0.00,1.00,1,0,0,0,0,0,-16.71,-17.75,-0.85,0.2643,0.1629,0.4915,1,4.761,0,0.399,0,swing,swingCornerBankL,1.000,2,-0.354 0.397 -0.667 0.642 0.110 0.323 0.245 -0.453 0.614 -0.323,-249.22,183.82,19.72,-17.33,94.31,94.72,400,652,784,1068,0.309,0.497 0.180 -0.301 -0.249,10.7,1,0.000,0.000,0.4818,0.39,,-1.000,0.0,0.0,0.0,,,58.3,54.4,-39.6,,0.000,0.0,11.5,-1.00,-1.0,0.0,0,5000
51,0.8500,swing,swingLow,-249.412,189.354,18.007,4.725,28.741,-12.989,31.892,29.127,16.894,-237.51,210.53,36.41,20.18,0.982,0,,0,0.00,0.00,0.00,-249.040,184.769,19.207,94.63,-15.61,63.09,4.754,0.014,0.00,1.00,1,0,0,0,0,0,-15.61,-17.30,-0.87,0.2701,0.1612,0.5034,1,4.754,0,0.401,0,swing,swingCornerBankL,1.000,2,-0.349 0.400 -0.665 0.649 0.104 0.312 0.245 -0.466 0.605 -0.337,-249.13,184.29,19.46,-16.71,94.48,94.87,404,660,788,1064,0.319,0.515 0.177 -0.326 -0.274,9.9,1,0.000,0.000,0.4819,0.44,,-1.000,0.0,0.0,0.0,,,57.2,53.3,-38.0,,0.000,0.0,11.5,-1.00,-1.0,0.0,0,5000
52,0.8667,swing,swingLow,-249.332,189.837,17.796,4.858,29.180,-12.268,32.024,29.582,16.683,-237.51,210.53,36.41,20.18,0.985,0,,0,0.00,0.00,0.00,-248.949,185.253,18.968,94.77,-14.46,63.22,4.747,0.017,0.00,1.00,1,0,0,0,0,0,-14.46,-16.87,-0.88,0.2751,0.1595,0.5155,1,4.747,0,0.404,0,swing,swingCornerBankL,1.000,2,-0.343 0.403 -0.663 0.654 0.096 0.301 0.244 -0.476 0.597 -0.352,-249.04,184.77,19.21,-15.61,94.63,95.01,412,676,788,1064,0.328,0.532 0.176 -0.349 -0.300,9.1,1,0.000,0.000,0.4821,0.50,,-1.000,0.0,0.0,0.0,,,56.1,52.3,-36.4,,0.000,0.0,11.5,-1.00,-1.0,0.0,0,5000
53,0.8833,swing,swingLow,-249.250,190.328,17.598,4.982,29.593,-11.524,32.146,30.009,16.485,-237.51,210.53,36.41,20.18,0.988,0,,0,0.00,0.00,0.00,-248.856,185.744,18.741,94.90,-13.26,63.35,4.740,0.019,0.00,1.00,1,0,0,0,0,0,-13.26,-16.44,-0.90,0.2803,0.1576,0.5281,1,4.740,0,0.406,0,swing,swingBottomL,1.000,2,-0.338 0.406 -0.661 0.660 0.087 0.290 0.242 -0.486 0.588 -0.366,-248.95,185.25,18.97,-14.46,94.77,95.15,424,692,792,1064,0.338,0.549 0.176 -0.373 -0.326,8.3,1,0.000,0.000,0.4823,0.55,,-1.000,0.0,0.0,0.0,,,55.0,51.3,-34.9,,0.000,0.0,11.5,-1.00,-1.0,0.0,0,5000
54,0.9000,swing,swingBottom,-249.166,190.824,17.412,5.085,29.979,-10.759,32.255,30.408,16.299,-237.51,210.53,36.41,20.18,0.990,0,,0,0.00,0.00,0.00,-248.763,186.242,18.525,95.03,-12.14,63.47,4.733,0.022,0.00,1.00,1,0,0,0,0,0,-12.14,-16.01,-0.92,0.2845,0.1558,0.5388,1,4.733,0,0.409,0,swing,swingBottomL,1.000,2,-0.332 0.409 -0.659 0.665 0.078 0.282 0.238 -0.494 0.579 -0.381,-248.86,185.74,18.74,-13.26,94.90,95.29,436,708,788,1060,0.347,0.566 0.177 -0.392 -0.351,7.6,1,0.000,0.000,0.4824,0.60,,-1.000,0.0,0.0,0.0,,,53.9,50.3,-33.4,,0.000,0.0,11.5,-1.00,-1.0,0.0,0,5000
55,0.9167,swing,swingBottom,-249.080,191.328,17.239,5.180,30.337,-9.973,32.352,30.776,16.126,-237.51,210.53,36.41,20.18,0.992,0,,0,0.00,0.00,0.00,-248.668,186.746,18.322,95.14,-11.21,63.60,4.726,0.025,0.00,1.00,1,0,0,0,0,0,-11.21,-15.60,-0.93,0.2882,0.1540,0.5464,1,4.726,0,0.412,0,swing,swingBottomL,1.000,2,-0.327 0.412 -0.657 0.672 0.068 0.278 0.234 -0.502 0.570 -0.396,-248.76,186.24,18.53,-12.14,95.03,95.43,444,720,796,1060,0.356,0.583 0.181 -0.411 -0.375,6.9,1,0.000,0.000,0.4826,0.65,,-1.000,0.0,0.0,0.0,,,52.9,49.3,-32.1,,0.000,0.0,11.5,-1.00,-1.0,0.0,0,5000
56,0.9333,swing,swingBottom,-248.993,191.836,17.079,5.266,30.666,-9.171,32.438,31.114,15.966,-237.51,210.53,36.41,20.18,0.993,0,,0,0.00,0.00,0.00,-248.573,187.256,18.130,95.24,-10.42,63.72,4.719,0.028,0.00,1.00,1,0,0,0,0,0,-10.42,-15.19,-0.95,0.2910,0.1521,0.5513,1,4.719,0,0.415,0,swing,swingBottomL,1.000,2,-0.322 0.416 -0.655 0.681 0.059 0.275 0.229 -0.508 0.560 -0.411,-248.67,186.75,18.32,-11.21,95.14,95.56,448,728,792,1056,0.365,0.599 0.185 -0.425 -0.399,6.2,1,0.000,0.000,0.4826,0.69,,-1.000,0.0,0.0,0.0,,,51.8,48.2,-30.9,,0.000,0.0,11.5,-1.00,-1.0,0.0,0,5000
57,0.9500,swing,swingBottom,-248.905,192.350,16.933,5.332,30.964,-8.351,32.510,31.419,15.820,-237.51,210.53,36.41,20.18,0.995,0,,0,0.00,0.00,0.00,-248.477,187.770,17.952,95.34,-9.75,63.84,4.711,0.032,0.00,1.00,1,0,0,0,0,0,-9.75,-14.80,-0.97,0.2931,0.1502,0.5541,1,4.711,0,0.418,0,swing,swingBottomL,1.000,2,-0.317 0.421 -0.654 0.690 0.051 0.275 0.224 -0.512 0.551 -0.424,-248.57,187.26,18.13,-10.42,95.24,95.70,452,736,796,1056,0.374,0.615 0.191 -0.438 -0.420,5.6,1,0.000,0.000,0.4826,0.72,,-1.000,0.0,0.0,0.0,,,50.7,47.2,-29.8,,0.000,0.0,11.5,-1.00,-1.0,0.0,0,5000
58,0.9667,swing,swingBottom,-248.816,192.869,16.801,5.390,31.230,-7.516,32.571,31.692,15.688,-237.51,210.53,36.41,20.18,0.996,0,,0,0.00,0.00,0.00,-248.380,188.290,17.786,95.44,-9.17,63.96,4.704,0.035,0.00,1.00,1,0,0,0,0,0,-9.17,-14.41,-0.98,0.2940,0.1484,0.5548,1,4.704,0,0.421,0,swing,swingBottomL,1.000,2,-0.313 0.425 -0.652 0.699 0.045 0.276 0.216 -0.512 0.543 -0.437,-248.48,187.77,17.95,-9.75,95.34,95.84,456,740,796,1052,0.382,0.631 0.198 -0.445 -0.441,5.0,1,0.000,0.000,0.4826,0.75,,-1.000,0.0,0.0,0.0,,,49.6,46.1,-28.8,,0.000,0.0,11.5,-1.00,-1.0,0.0,0,5000
59,0.9833,swing,swingBottom,-248.726,193.392,16.682,5.441,31.464,-6.669,32.620,31.931,15.569,-237.51,210.53,36.41,20.18,0.996,0,,0,0.00,0.00,0.00,-248.283,188.813,17.634,95.53,-8.66,64.08,4.697,0.038,0.00,1.00,1,0,0,0,0,0,-8.66,-14.04,-1.00,0.2944,0.1464,0.5542,1,4.697,0,0.425,0,swing,swingBottomL,1.000,2,-0.308 0.430 -0.651 0.708 0.039 0.278 0.209 -0.511 0.533 -0.448,-248.38,188.29,17.79,-9.17,95.44,95.97,456,740,800,1052,0.391,0.647 0.205 -0.450 -0.459,4.4,1,0.000,0.000,0.4825,0.78,,-1.000,0.0,0.0,0.0,,,48.5,45.0,-27.8,,0.000,0.0,11.5,-1.00,-1.0,0.0,0,5000
60,1.0000,swing,swingBottom,-248.635,193.918,16.578,5.471,31.666,-5.811,32.656,32.135,15.465,-237.51,210.53,36.41,20.18,0.997,0,,0,0.00,0.00,0.00,-248.185,189.340,17.495,95.61,-8.20,64.20,4.691,0.042,0.00,1.00,1,0,0,0,0,0,-8.20,-13.68,-1.02,0.2935,0.1444,0.5522,1,4.691,0,0.428,0,swing,swingBottomL,1.000,2,-0.304 0.436 -0.649 0.718 0.037 0.280 0.200 -0.506 0.524 -0.458,-248.28,188.81,17.63,-8.66,95.53,96.10,456,740,800,1048,0.399,0.661 0.212 -0.450 -0.475,3.9,1,0.000,0.000,0.4824,0.79,,-1.000,0.0,0.0,0.0,,,47.5,43.9,-27.0,,0.000,0.0,11.5,-1.00,-1.0,0.0,0,5000
61,1.0167,swing,swingBottom,-248.544,194.447,16.489,5.495,31.834,-4.944,32.680,32.304,15.376,-237.51,210.53,36.41,20.18,0.998,0,,0,0.00,0.00,0.00,-248.087,189.870,17.371,95.70,-7.79,64.32,4.684,0.045,0.00,1.00,1,0,0,0,0,0,-7.79,-13.33,-1.03,0.2919,0.1424,0.5492,1,4.684,0,0.431,0,swing,swingBottomL,1.000,2,-0.301 0.441 -0.648 0.728 0.036 0.283 0.191 -0.498 0.515 -0.466,-248.19,189.34,17.50,-8.20,95.61,96.23,452,736,804,1048,0.407,0.676 0.219 -0.447 -0.489,3.5,1,0.000,0.000,0.4822,0.81,,-1.000,0.0,0.0,0.0,,,46.4,42.8,-26.3,,0.000,0.0,11.5,-1.00,-1.0,0.0,0,5000
62,1.0333,swing,swingBottom,-248.452,194.979,16.414,5.512,31.967,-4.070,32.694,32.439,15.301,-237.51,210.53,36.41,20.18,0.998,0,,0,0.00,0.00,0.00,-247.989,190.403,17.260,95.78,-7.40,64.43,4.677,0.048,0.00,1.00,1,0,0,0,0,0,-7.40,-12.99,-1.05,0.2896,0.1404,0.5454,1,4.677,0,0.435,0,swing,swingBottomL,1.000,2,-0.297 0.446 -0.647 0.737 0.038 0.285 0.182 -0.486 0.506 -0.472,-248.09,189.87,17.37,-7.79,95.70,96.36,452,732,804,1044,0.414,0.690 0.224 -0.440 -0.500,3.1,1,0.000,0.000,0.4819,0.82,,-1.000,0.0,0.0,0.0,,,45.4,41.7,-25.6,,0.000,0.0,11.5,-1.00,-1.0,0.0,0,5000
63,1.0500,swing,swingBottom,-248.361,195.513,16.353,5.510,32.067,-3.190,32.693,32.537,15.240,-237.51,210.53,36.41,20.18,0.998,0,,0,0.00,0.00,0.00,-247.891,190.937,17.164,95.86,-7.03,64.54,4.671,0.052,0.00,1.00,1,0,0,0,0,0,-7.03,-12.67,-1.07,0.2867,0.1383,0.5409,1,4.671,0,0.438,0,swing,swingBottomL,1.000,2,-0.294 0.451 -0.647 0.747 0.041 0.286 0.171 -0.472 0.496 -0.476,-247.99,190.40,17.26,-7.40,95.78,96.49,448,724,804,1040,0.422,0.703 0.229 -0.429 -0.509,2.7,1,0.000,0.000,0.4817,0.82,,-1.000,0.0,0.0,0.0,,,44.3,40.6,-25.1,,0.000,0.0,11.5,-1.00,-1.0,0.0,0,5000
64,1.0667,swing,swingBottom,-248.269,196.048,16.307,5.502,32.132,-2.307,32.681,32.600,15.194,-237.51,210.53,36.41,20.18,0.999,0,,0,0.00,0.00,0.00,-247.793,191.473,17.082,95.94,-6.67,64.65,4.665,0.055,0.00,1.00,1,0,0,0,0,0,-6.67,-12.37,-1.08,0.2834,0.1363,0.5359,1,4.665,0,0.442,0,swing,swingBottomL,1.000,2,-0.291 0.455 -0.646 0.755 0.046 0.286 0.161 -0.455 0.487 -0.478,-247.89,190.94,17.16,-7.03,95.86,96.61,444,720,808,1040,0.429,0.716 0.232 -0.416 -0.514,2.3,1,0.000,0.000,0.4814,0.82,,-1.000,0.0,0.0,0.0,,,43.3,39.5,-24.6,,0.000,0.0,11.5,-1.00,-1.0,0.0,0,5000
65,1.0833,swing,swingBottom,-248.178,196.584,16.276,5.488,32.163,-1.424,32.659,32.628,15.163,-237.51,210.53,36.41,20.18,0.999,0,,0,0.00,0.00,0.00,-247.695,192.009,17.014,96.03,-6.31,64.76,4.659,0.058,0.00,1.00,1,0,0,0,0,0,-6.31,-12.07,-1.10,0.2796,0.1344,0.5307,1,4.659,0,0.446,0,swing,swingBottomL,1.000,2,-0.289 0.460 -0.646 0.764 0.053 0.284 0.150 -0.437 0.477 -0.478,-247.79,191.47,17.08,-6.67,95.94,96.73,440,712,808,1036,0.436,0.729 0.234 -0.401 -0.517,2.0,1,0.000,0.000,0.4810,0.81,,-1.000,0.0,0.0,0.0,,,42.3,38.4,-24.2,,0.000,0.0,11.5,-1.00,-1.0,0.0,0,5000
66,1.1000,swing,swingBottom,-248.087,197.120,16.260,5.456,32.159,-0.540,32.623,32.618,15.147,-237.51,210.53,36.41,20.18,0.999,0,,0,0.00,0.00,0.00,-247.597,192.546,16.962,96.11,-5.95,64.86,4.653,0.062,0.00,1.00,1,0,0,0,0,0,-5.95,-11.80,-1.12,0.2757,0.1325,0.5254,1,4.653,0,0.450,0,swing,swingBottomL,1.000,2,-0.286 0.464 -0.645 0.772 0.061 0.280 0.140 -0.417 0.467 -0.476,-247.69,192.01,17.01,-6.31,96.03,96.85,436,704,808,1036,0.442,0.740 0.233 -0.385 -0.518,1.7,1,0.000,0.000,0.4808,0.80,,-1.000,0.0,0.0,0.0,,,41.3,37.3,-23.9,,0.000,0.0,11.5,-1.00,-1.0,0.0,0,5000
67,1.1167,swing,swingBottom,-247.997,197.656,16.258,5.439,32.231,0.343,32.688,32.687,15.145,-237.51,210.53,36.41,20.18,0.999,0,,0,0.00,0.00,0.00,-247.500,193.083,16.923,96.19,-5.59,64.96,4.648,0.065,0.00,1.00,1,0,0,0,0,0,-5.59,-11.54,-1.13,0.2715,0.1309,0.5201,1,4.648,0,0.453,0,swing,swingBottomL,1.000,2,-0.284 0.468 -0.645 0.780 0.070 0.275 0.129 -0.397 0.459 -0.472,-247.60,192.55,16.96,-5.95,96.11,96.96,432,696,812,1032,0.449,0.752 0.232 -0.368 -0.516,1.5,1,0.000,0.000,0.4806,0.79,,-1.000,0.0,0.0,0.0,,,40.4,36.2,-23.6,,0.000,0.0,11.5,-1.00,-1.0,0.0,0,5000
68,1.1333,swing,swingBottom,-247.906,198.195,16.272,5.434,32.379,1.238,32.855,32.832,15.159,-237.51,210.53,36.41,20.18,0.999,0,,0,0.00,0.00,0.00,-247.404,193.623,16.900,96.27,-5.24,65.06,4.643,0.068,0.00,1.00,1,0,0,0,0,0,-5.24,-11.30,-1.15,0.2678,0.1295,0.5150,1,4.643,0,0.457,0,swing,swingBottomL,1.000,2,-0.282 0.472 -0.645 0.788 0.081 0.268 0.120 -0.379 0.452 -0.469,-247.50,193.08,16.92,-5.59,96.19,97.07,432,688,812,1032,0.455,0.762 0.228 -0.353 -0.512,1.3,1,0.000,0.000,0.4804,0.77,,-1.000,0.0,0.0,0.0,,,39.5,35.0,-23.4,,0.000,0.0,11.5,-1.00,-1.0,0.0,0,5000
69,1.1500,swing,swingBottom,-247.816,198.737,16.300,5.412,32.491,2.145,33.008,32.939,15.187,-237.51,210.53,36.41,20.18,1.000,0,,0,0.00,0.00,0.00,-247.309,194.165,16.891,96.33,-4.89,65.15,4.638,0.071,0.00,1.00,1,0,0,0,0,0,-4.89,-11.07,-1.17,0.2639,0.1283,0.5098,1,4.638,0,0.460,0,swing,swingBottomL,1.000,2,-0.281 0.476 -0.645 0.794 0.093 0.260 0.111 -0.361 0.446 -0.464,-247.40,193.62,16.90,-5.24,96.27,97.18,428,680,812,1028,0.460,0.772 0.223 -0.337 -0.508,1.1,1,0.000,0.000,0.4804,0.75,,-1.000,0.0,0.0,0.0,,,38.7,34.0,-23.3,,0.000,0.0,11.5,-1.00,-1.0,0.0,0,5000
70,1.1667,swing,swingBottom,-247.726,199.280,16.343,5.384,32.566,3.062,33.150,33.008,15.230,-237.51,210.53,36.41,20.18,1.000,0,,0,0.00,0.00,0.00,-247.214,194.708,16.897,96.40,-4.55,65.24,4.633,0.074,0.00,1.00,1,0,0,0,0,0,-4.55,-10.86,-1.18,0.2611,0.1271,0.5050,1,4.633,0,0.463,0,swing,swingBottomL,1.000,2,-0.280 0.479 -0.645 0.801 0.105 0.253 0.104 -0.348 0.440 -0.458,-247.31,194.16,16.89,-4.89,96.33,97.28,424,676,816,1028,0.465,0.782 0.218 -0.326 -0.501,1.0,1,0.000,0.000,0.4803,0.73,,-1.000,0.0,0.0,0.0,,,37.9,33.0,-23.2,,0.000,0.0,11.5,-1.00,-1.0,0.0,0,5000
71,1.1833,swing,swingBottom,-247.637,199.823,16.402,5.352,32.605,3.986,33.281,33.041,15.289,-237.51,210.53,36.41,20.18,1.000,0,,0,0.00,0.00,0.00,-247.119,195.253,16.918,96.46,-4.22,65.34,4.629,0.077,0.00,1.00,1,0,0,0,0,0,-4.22,-10.67,-1.20,0.2585,0.1257,0.5001,1,4.629,0,0.466,0,swing,swingBottomL,1.000,2,-0.278 0.482 -0.645 0.807 0.118 0.244 0.097 -0.335 0.432 -0.449,-247.21,194.71,16.90,-4.55,96.40,97.38,420,668,816,1028,0.470,0.791 0.213 -0.316 -0.491,0.9,1,0.000,0.000,0.4801,0.71,,-1.000,0.0,0.0,0.0,,,37.0,31.9,-23.1,,0.000,0.0,11.5,-1.00,-1.0,0.0,0,5000
72,1.2000,swing,swingBottom,-247.549,200.367,16.476,5.302,32.606,4.917,33.398,33.034,15.363,-237.51,210.53,36.41,20.18,1.000,0,,0,0.00,0.00,0.00,-247.026,195.797,16.954,96.53,-3.91,65.42,4.625,0.080,0.00,1.00,1,0,0,0,0,0,-3.91,-10.50,-1.22,0.2572,0.1243,0.4957,1,4.625,0,0.468,0,swing,swingBottomL,1.000,2,-0.277 0.486 -0.645 0.813 0.131 0.238 0.092 -0.328 0.423 -0.438,-247.12,195.25,16.92,-4.22,96.46,97.48,416,664,816,1024,0.475,0.799 0.209 -0.311 -0.480,0.7,1,0.000,0.000,0.4799,0.68,,-1.000,0.0,0.0,0.0,,,36.2,30.8,-23.0,,0.000,0.0,11.5,-1.00,-1.0,0.0,0,5000
73,1.2167,swing,swingBottom,-247.461,200.911,16.566,5.248,32.569,5.851,33.504,32.989,15.453,-237.51,210.53,36.41,20.18,1.000,0,,0,0.00,0.00,0.00,-246.933,196.342,17.006,96.59,-3.61,65.51,4.621,0.083,0.00,1.00,1,0,0,0,0,0,-3.61,-10.34,-1.23,0.2563,0.1228,0.4911,1,4.621,0,0.470,0,swing,swingBottomL,1.000,2,-0.275 0.489 -0.645 0.819 0.144 0.232 0.088 -0.322 0.413 -0.425,-247.03,195.80,16.95,-3.91,96.53,97.58,412,660,816,1024,0.480,0.807 0.205 -0.307 -0.465,0.6,1,0.000,0.000,0.4796,0.65,,-1.000,0.0,0.0,0.0,,,35.4,29.7,-23.0,,0.000,0.0,11.5,-1.00,-1.0,0.0,0,5000
74,1.2333,swing,swingBottom,-247.375,201.454,16.672,5.190,32.495,6.786,33.600,32.907,15.559,-237.51,210.53,36.41,20.18,1.000,0,,0,0.00,0.00,0.00,-246.841,196.885,17.073,96.66,-3.33,65.60,4.617,0.086,0.00,1.00,1,0,0,0,0,0,-3.33,-10.21,-1.25,0.2569,0.1213,0.4872,1,4.617,0,0.471,0,swing,swingBottomL,1.000,2,-0.274 0.492 -0.644 0.825 0.156 0.227 0.087 -0.323 0.403 -0.411,-246.93,196.34,17.01,-3.61,96.59,97.67,408,656,820,1024,0.484,0.815 0.203 -0.310 -0.449,0.6,1,0.000,0.000,0.4793,0.62,,-1.000,0.0,0.0,0.0,,,34.6,28.6,-22.9,,0.000,0.0,11.5,-1.00,-1.0,0.0,0,5000
75,1.2500,swing,swingBottom,-247.289,201.995,16.793,5.116,32.383,7.722,33.682,32.785,15.680,-237.51,210.53,36.41,20.18,1.000,0,,0,0.00,0.00,0.00,-246.749,197.427,17.155,96.74,-3.06,65.68,4.614,0.090,0.00,1.00,1,0,0,0,0,0,-3.06,-10.09,-1.27,0.2577,0.1198,0.4831,1,4.614,0,0.472,0,swing,swingBottomL,1.000,2,-0.272 0.495 -0.644 0.830 0.168 0.223 0.085 -0.324 0.392 -0.394,-246.84,196.88,17.07,-3.33,96.66,97.77,404,652,820,1020,0.489,0.822 0.202 -0.312 -0.431,0.6,1,0.000,0.000,0.4790,0.59,,-1.000,0.0,0.0,0.0,,,33.8,27.5,-22.9,,0.000,0.0,11.5,-1.00,-1.0,0.0,0,5000
76,1.2667,swing,swingBottom,-247.205,202.534,16.929,5.038,32.234,8.655,33.754,32.625,15.816,-237.51,210.53,36.41,20.18,1.000,0,,0,0.00,0.00,0.00,-246.659,197.966,17.253,96.82,-2.81,65.77,4.611,0.093,0.00,1.00,1,0,0,0,0,0,-2.81,-9.99,-1.28,0.2598,0.1184,0.4797,1,4.611,0,0.472,0,swing,swingBottomL,1.000,2,-0.271 0.498 -0.644 0.835 0.179 0.223 0.087 -0.331 0.381 -0.376,-246.75,197.43,17.16,-3.06,96.74,97.86,400,648,820,1020,0.493,0.829 0.203 -0.321 -0.411,0.7,1,0.000,0.000,0.4787,0.56,,-1.000,0.0,0.0,0.0,,,33.1,26.4,-22.9,,0.000,0.0,11.5,-1.00,-1.0,0.0,0,5000
77,1.2833,swing,swingBottom,-247.122,203.070,17.081,4.958,32.047,9.583,33.815,32.429,15.968,-237.51,210.53,36.41,20.18,1.000,0,,0,0.00,0.00,0.00,-246.569,198.503,17.366,96.90,-2.57,65.85,4.609,0.096,0.00,1.00,1,0,0,0,0,0,-2.57,-9.91,-1.30,0.2620,0.1169,0.4760,1,4.609,0,0.472,0,swing,swingBottomL,1.000,2,-0.269 0.501 -0.644 0.840 0.189 0.222 0.089 -0.338 0.369 -0.356,-246.66,197.97,17.25,-2.81,96.82,97.95,396,648,824,1020,0.496,0.835 0.204 -0.330 -0.389,0.9,1,0.000,0.000,0.4783,0.53,,-1.000,0.0,0.0,0.0,,,32.4,25.3,-22.8,,0.000,0.0,11.5,-1.00,-1.0,0.0,0,5000
78,1.3000,swing,swingBottom,-247.040,203.602,17.249,4.863,31.824,10.506,33.864,32.193,16.136,-237.51,210.53,36.41,20.18,1.000,0,,0,0.00,0.00,0.00,-246.481,199.037,17.495,96.99,-2.34,65.93,4.607,0.100,0.00,1.00,1,0,0,0,0,0,-2.34,-9.86,-1.32,0.2652,0.1155,0.4728,1,4.607,0,0.472,0,swing,swingBottomL,1.000,2,-0.268 0.504 -0.644 0.844 0.197 0.225 0.092 -0.350 0.358 -0.336,-246.57,198.50,17.37,-2.57,96.90,98.04,392,644,820,1016,0.500,0.840 0.208 -0.343 -0.367,1.1,1,0.000,0.000,0.4780,0.51,,-1.000,0.0,0.0,0.0,,,31.7,24.2,-22.8,,0.000,0.0,11.5,-1.00,-1.0,0.0,0,5000
79,1.3167,swing,swingBottom,-246.961,204.131,17.432,4.767,31.564,11.420,33.903,31.921,16.319,-237.51,210.53,36.41,20.18,1.000,0,,0,0.00,0.00,0.00,-246.394,199.566,17.639,97.08,-2.13,66.00,4.605,0.103,0.00,1.00,1,0,0,0,0,0,-2.13,-9.82,-1.33,0.2683,0.1141,0.4694,1,4.605,0,0.471,0,swing,swingBottomL,1.000,2,-0.267 0.506 -0.644 0.848 0.205 0.228 0.096 -0.362 0.345 -0.314,-246.48,199.04,17.50,-2.34,96.99,98.12,384,644,820,1016,0.503,0.845 0.213 -0.356 -0.343,1.4,1,0.000,0.000,0.4776,0.48,,-1.000,0.0,0.0,0.0,,,31.0,23.2,-22.9,,0.000,0.0,11.5,-1.00,-1.0,0.0,0,5000
80,1.3333,swing,swingHigh,-246.882,204.655,17.629,4.668,31.268,12.324,33.931,31.614,16.516,-237.51,210.53,36.41,20.18,1.000,0,,0,0.00,0.00,0.00,-246.308,200.091,17.829,97.17,-2.31,66.08,4.604,0.107,0.00,1.00,1,0,0,0,0,0,-2.31,-9.80,-1.35,0.2728,0.1128,0.4663,1,4.604,0,0.470,0,swing,swingBottomL,1.000,2,-0.265 0.509 -0.644 0.853 0.211 0.236 0.101 -0.378 0.334 -0.286,-246.39,199.57,17.64,-2.13,97.08,98.21,380,644,824,1016,0.506,0.850 0.220 -0.372 -0.318,1.7,1,0.000,0.000,0.4772,0.46,,-1.000,0.0,0.0,0.0,,,30.4,22.1,-22.9,,0.000,0.0,11.5,-1.00,-1.0,0.0,0,5000
81,1.3500,swing,swingHigh,-246.806,205.173,17.842,4.556,30.936,13.216,33.948,31.270,16.729,-237.51,210.53,36.41,20.18,1.000,0,,0,0.00,0.00,0.00,-246.223,200.610,18.042,97.28,-2.60,66.15,4.604,0.110,0.00,1.00,1,0,0,0,0,0,-2.60,-9.80,-1.37,0.2772,0.1116,0.4630,1,4.604,0,0.469,0,swing,swingBottomL,1.000,2,-0.264 0.512 -0.644 0.857 0.217 0.246 0.107 -0.394 0.321 -0.256,-246.31,200.09,17.83,-2.31,97.17,98.29,376,644,824,1012,0.509,0.854 0.228 -0.389 -0.292,2.0,1,0.000,0.000,0.4767,0.44,,-1.000,0.0,0.0,0.0,,,29.8,21.1,-22.9,,0.000,0.0,11.5,-1.00,-1.0,0.0,0,5000
82,1.3667,swing,swingHigh,-246.731,205.686,18.070,4.443,30.571,14.095,33.955,30.892,16.957,-237.51,210.53,36.41,20.18,1.000,0,,0,0.00,0.00,0.00,-246.140,201.124,18.270,97.39,-2.90,66.23,4.604,0.114,0.00,1.00,1,0,0,0,0,0,-2.90,-9.82,-1.38,0.2822,0.1106,0.4597,1,4.604,0,0.467,0,swing,swingBottomL,1.000,2,-0.261 0.516 -0.643 0.862 0.223 0.255 0.113 -0.412 0.310 -0.226,-246.22,200.61,18.04,-2.60,97.28,98.37,368,644,824,1012,0.512,0.859 0.236 -0.407 -0.267,2.5,1,0.000,0.000,0.4765,0.42,,-1.000,0.0,0.0,0.0,,,29.0,20.0,-22.7,,0.000,0.0,11.5,-1.00,-1.0,0.0,0,5000
83,1.3833,swing,swingHigh,-246.659,206.192,18.312,4.330,30.171,14.958,33.953,30.481,17.199,-237.51,210.53,36.41,20.18,1.000,0,,0,0.00,0.00,0.00,-246.059,201.632,18.512,97.50,-3.21,66.30,4.604,0.117,0.00,1.00,1,0,0,0,0,0,-3.21,-9.86,-1.40,0.2863,0.1098,0.4563,1,4.604,0,0.465,0,swing,swingBottomL,1.000,2,-0.261 0.518 -0.644 0.864 0.228 0.269 0.120 -0.430 0.298 -0.194,-246.14,201.12,18.27,-2.90,97.39,98.45,364,640,824,1008,0.514,0.861 0.248 -0.425 -0.240,2.8,1,0.000,0.000,0.4761,0.40,,-1.000,0.0,0.0,0.0,,,28.6,19.1,-22.9,,0.000,0.0,11.5,-1.00,-1.0,0.0,0,5000
84,1.4000,swing,swingHigh,-246.588,206.692,18.569,4.205,29.740,15.804,33.940,30.035,17.456,-237.51,210.53,36.41,20.18,1.000,0,,0,0.00,0.00,0.00,-245.978,202.132,18.769,97.62,-3.52,66.37,4.604,0.121,0.00,1.00,1,0,0,0,0,0,-3.52,-9.93,-1.42,0.2905,0.1091,0.4529,1,4.604,0,0.463,0,swing,swingBottomL,1.000,2,-0.261 0.520 -0.645 0.865 0.231 0.285 0.127 -0.448 0.287 -0.163,-246.06,201.63,18.51,-3.21,97.50,98.53,356,640,824,1008,0.516,0.862 0.263 -0.445 -0.214,3.2,1,0.000,0.000,0.4758,0.38,,-1.000,0.0,0.0,0.0,,,28.3,18.1,-23.1,,0.000,0.0,11.5,-1.00,-1.0,0.0,0,5000
85,1.4167,swing,swingHigh,-246.520,207.183,18.839,4.080,29.276,16.632,33.917,29.559,17.726,-237.51,210.53,36.41,20.18,1.000,0,,0,0.00,0.00,0.00,-245.900,202.625,19.039,97.74,-3.84,66.43,4.604,0.124,0.00,1.00,1,0,0,0,0,0,-3.84,-10.01,-1.43,0.2941,0.1092,0.4493,1,4.604,0,0.461,0,swing,swingBottomL,1.000,2,-0.261 0.521 -0.646 0.866 0.235 0.302 0.133 -0.465 0.276 -0.131,-245.98,202.13,18.77,-3.52,97.62,98.60,352,640,824,1008,0.518,0.864 0.278 -0.463 -0.187,3.6,1,0.000,0.000,0.4758,0.36,,-1.000,0.0,0.0,0.0,,,27.9,17.2,-23.3,,0.000,0.0,11.5,-1.00,-1.0,0.0,0,5000
86,1.4333,swing,swingHigh,-246.453,207.667,19.123,3.955,28.782,17.440,33.885,29.053,18.010,-237.51,210.53,36.41,20.18,1.000,0,,0,0.00,0.00,0.00,-245.823,203.111,19.323,97.87,-4.17,66.50,4.604,0.127,0.00,1.00,1,0,0,0,0,0,-4.17,-10.12,-1.45,0.2974,0.1097,0.4455,1,4.604,0,0.458,0,swing,swingHighL,1.000,2,-0.261 0.522 -0.648 0.866 0.239 0.322 0.140 -0.481 0.266 -0.099,-245.90,202.63,19.04,-3.84,97.74,98.67,348,636,824,1004,0.519,0.864 0.296 -0.481 -0.161,4.0,1,0.000,0.000,0.4760,0.34,,-1.000,0.0,0.0,0.0,,,27.6,16.2,-23.5,,0.000,0.0,11.5,-1.00,-1.0,0.0,0,5000
87,1.4500,swing,swingHigh,-246.389,208.143,19.420,3.821,28.259,18.226,33.844,28.517,18.307,-237.51,210.53,36.41,20.18,1.000,0,,0,0.00,0.00,0.00,-245.748,203.587,19.620,98.00,-4.50,66.56,4.604,0.130,0.00,1.00,1,0,0,0,0,0,-4.50,-10.24,-1.47,0.3001,0.1105,0.4414,1,4.604,0,0.455,0,swing,swingHighL,1.000,2,-0.261 0.523 -0.649 0.865 0.242 0.341 0.147 -0.494 0.256 -0.068,-245.82,203.11,19.32,-4.17,97.87,98.74,340,632,824,1008,0.520,0.864 0.314 -0.498 -0.134,4.4,1,0.000,0.000,0.4762,0.32,,-1.000,0.0,0.0,0.0,,,27.4,15.3,-23.7,,0.000,0.0,11.5,-1.00,-1.0,0.0,0,5000
88,1.4667,swing,swingHigh,-246.327,208.609,19.730,3.688,27.708,18.990,33.793,27.953,18.617,-237.51,210.53,36.41,20.18,1.000,0,,0,0.00,0.00,0.00,-245.675,204.055,19.930,98.14,-4.83,66.62,4.604,0.133,0.00,1.00,1,0,0,0,0,0,-4.83,-10.39,-1.48,0.3022,0.1114,0.4370,1,4.604,0,0.452,0,swing,swingHighL,1.000,2,-0.262 0.524 -0.650 0.863 0.245 0.363 0.153 -0.506 0.248 -0.037,-245.75,203.59,19.62,-4.50,98.00,98.81,336,632,824,1008,0.521,0.864 0.334 -0.513 -0.109,4.9,1,0.000,0.000,0.4765,0.31,,-1.000,0.0,0.0,0.0,,,27.1,14.4,-23.9,,0.000,0.0,11.5,-1.00,-1.0,0.0,0,5000
89,1.4833,swing,swingHigh,-246.267,209.066,20.053,3.556,27.131,19.730,33.734,27.363,18.940,-237.51,210.53,36.41,20.18,1.000,0,,0,0.00,0.00,0.00,-245.604,204.514,20.253,98.28,-5.17,66.68,4.604,0.135,0.00,1.00,1,0,0,0,0,0,-5.17,-10.56,-1.50,0.3037,0.1123,0.4323,1,4.604,0,0.449,0,swing,swingHighL,1.000,2,-0.262 0.524 -0.651 0.861 0.248 0.386 0.158 -0.515 0.240 -0.006,-245.68,204.06,19.93,-4.83,98.14,98.87,328,624,824,1008,0.522,0.863 0.355 -0.526 -0.083,5.4,1,0.000,0.000,0.4767,0.29,,-1.000,0.0,0.0,0.0,,,27.0,13.5,-24.2,,0.000,0.0,11.5,-1.00,-1.0,0.0,0,5000
90,1.5000,swing,swingHigh,-246.209,209.513,20.387,3.417,26.528,20.445,33.666,26.747,19.274,-237.51,210.53,36.41,20.18,1.000,0,,0,0.00,0.00,0.00,-245.535,204.963,20.587,98.43,-5.51,66.73,4.604,0.138,0.00,1.00,1,0,0,0,0,0,-5.51,-10.74,-1.52,0.3052,0.1133,0.4270,1,4.604,0,0.446,0,swing,swingHighL,1.000,2,-0.258 0.525 -0.651 0.861 0.253 0.405 0.163 -0.521 0.233 0.024,-245.60,204.51,20.25,-5.17,98.28,98.94,324,620,824,1008,0.524,0.865 0.373 -0.537 -0.058,6.1,1,0.000,0.000,0.4772,0.28,,-1.000,0.0,0.0,0.0,,,26.4,12.4,-24.0,,0.000,0.0,11.5,-1.00,-1.0,0.0,0,5000
91,1.5167,swing,swingHigh,-246.154,209.950,20.734,3.279,25.901,21.134,33.589,26.108,19.621,-237.51,210.53,36.41,20.18,1.000,0,,0,0.00,0.00,0.00,-245.467,205.401,20.934,98.58,-5.85,66.79,4.604,0.140,0.00,1.00,1,0,0,0,0,0,-5.85,-10.95,-1.53,0.3055,0.1144,0.4216,1,4.604,0,0.443,0,swing,swingHighL,1.000,2,-0.258 0.525 -0.652 0.858 0.256 0.429 0.167 -0.524 0.226 0.054,-245.53,204.96,20.59,-5.51,98.43,99.00,316,616,824,1008,0.525,0.863 0.396 -0.544 -0.033,6.7,1,0.000,0.000,0.4775,0.27,,-1.000,0.0,0.0,0.0,,,26.2,11.4,-24.2,,0.000,0.0,11.5,-1.00,-1.0,0.0,0,5000
92,1.5333,swing,swingHigh,-246.101,210.376,21.091,3.143,25.252,21.796,33.505,25.447,19.978,-237.51,210.53,36.41,20.18,1.000,0,,0,0.00,0.00,0.00,-245.401,205.829,21.291,98.74,-6.19,66.84,4.604,0.142,0.00,1.00,1,0,0,0,0,0,-6.19,-11.18,-1.55,0.3053,0.1155,0.4159,1,4.604,0,0.439,0,swing,swingHighL,1.000,2,-0.258 0.525 -0.652 0.855 0.259 0.454 0.170 -0.523 0.221 0.083,-245.47,205.40,20.93,-5.85,98.58,99.05,312,608,824,1012,0.526,0.862 0.420 -0.549 -0.009,7.3,1,0.000,0.000,0.4778,0.25,,-1.000,0.0,0.0,0.0,,,26.1,10.5,-24.4,,0.000,0.0,11.5,-1.00,-1.0,0.0,0,5000
93,1.5500,swing,swingHigh,-246.050,210.791,21.460,3.002,24.582,22.430,33.412,24.764,20.347,-237.51,210.53,36.41,20.18,1.000,0,,0,0.00,0.00,0.00,-245.338,206.246,21.660,98.91,-6.53,66.89,4.604,0.144,0.00,1.00,1,0,0,0,0,0,-6.53,-11.43,-1.57,0.3046,0.1167,0.4099,1,4.604,0,0.436,0,swing,swingHighL,1.000,2,-0.257 0.524 -0.652 0.851 0.263 0.478 0.172 -0.518 0.217 0.111,-245.40,205.83,21.29,-6.19,98.74,99.11,308,604,824,1012,0.526,0.859 0.444 -0.551 0.014,7.9,1,0.000,0.000,0.4783,0.20,,-1.000,0.0,0.0,0.0,,,26.0,9.5,-24.6,,0.000,0.0,11.5,-1.00,-1.0,0.0,0,5000
94,1.5667,swing,swingHigh,-246.001,211.194,21.838,2.863,23.892,23.036,33.312,24.063,20.725,-237.51,210.53,36.41,20.18,1.000,0,,0,0.00,0.00,0.00,-245.276,206.652,22.038,99.07,-6.87,66.93,4.604,0.145,0.00,1.00,1,0,0,0,0,0,-6.87,-11.70,-1.58,0.3033,0.1178,0.4036,1,4.604,0,0.432,0,swing,swingHighL,1.000,2,-0.256 0.524 -0.651 0.847 0.266 0.502 0.173 -0.510 0.213 0.139,-245.34,206.25,21.66,-6.53,98.91,99.16,300,596,824,1012,0.526,0.857 0.469 -0.549 0.038,8.4,1,0.000,0.000,0.4787,0.10,,-1.000,0.0,0.0,0.0,,,26.0,8.5,-24.9,,0.000,0.0,11.5,-1.00,-1.0,0.0,0,5000
95,1.5833,swing,swingHigh,-245.955,211.586,22.227,2.727,23.185,23.613,33.204,23.344,21.114,-237.51,210.53,36.41,20.18,1.000,0,,0,0.00,0.00,0.00,-245.216,207.046,22.427,99.24,-7.21,66.97,4.604,0.146,0.00,1.00,1,0,0,0,0,0,-7.21,-11.99,-1.60,0.3016,0.1190,0.3971,1,4.604,0,0.429,0,swing,swingHighL,1.000,2,-0.255 0.523 -0.651 0.842 0.269 0.526 0.174 -0.499 0.211 0.166,-245.28,206.65,22.04,-6.87,99.07,99.21,296,588,824,1012,0.526,0.853 0.494 -0.545 0.061,9.0,1,0.000,0.000,0.4793,-0.04,,-1.000,0.0,0.0,0.0,,,26.0,7.4,-25.2,,0.000,0.0,11.5,-1.00,-1.0,0.0,0,5000
96,1.6000,swing,swingHigh,-245.911,211.967,22.625,2.586,22.461,24.160,33.089,22.609,21.512,-237.51,210.53,36.41,20.18,1.000,0,,0,0.00,0.00,0.00,-245.158,207.429,22.825,99.42,-7.55,67.01,4.604,0.147,0.00,1.00,1,0,0,0,0,0,-7.55,-12.30,-1.62,0.2994,0.1201,0.3905,1,4.604,0,0.425,0,swing,swingHighL,1.000,2,-0.254 0.521 -0.650 0.836 0.273 0.550 0.174 -0.485 0.210 0.193,-245.22,207.05,22.43,-7.21,99.24,99.25,288,580,820,1016,0.526,0.849 0.518 -0.537 0.084,9.6,1,0.000,0.000,0.4798,-0.19,,-1.000,0.0,0.0,0.0,,,26.1,6.3,-25.5,,0.000,0.0,11.5,-1.00,-1.0,0.0,0,5000
97,1.6167,air,release,-245.876,212.273,22.703,4.227,36.713,9.459,38.146,36.955,21.590,0.00,0.00,0.00,0.00,0.000,0,,0,0.00,0.00,0.00,-245.095,207.747,23.006,99.79,-9.14,67.05,4.603,0.149,0.00,1.00,0,0,0,0,0,0,-9.14,-12.66,-1.63,0.3085,0.1161,0.3816,1,4.603,0,0.422,0,swing,swingHighL,1.000,2,-0.222 0.531 -0.594 0.860 0.284 0.557 0.116 -0.480 0.156 0.200,-245.16,207.43,22.82,-7.55,99.42,99.29,284,568,824,1016,0.540,0.885 0.516 -0.550 0.066,-1.0,0,0.000,0.000,0.4829,-0.36,,-1.000,0.0,0.0,0.0,,,22.7,4.5,-22.4,,0.000,0.0,11.5,-1.00,-1.0,0.0,0,5000
98,1.6333,air,release,-245.806,212.883,22.856,4.219,36.639,9.059,37.977,36.881,21.743,0.00,0.00,0.00,0.00,0.000,0,,0,0.00,0.00,0.00,-245.076,208.342,23.147,99.13,-9.22,67.10,4.609,0.152,0.00,1.00,0,0,0,0,0,0,-9.22,-13.09,-1.65,0.3137,0.1118,0.3772,1,4.609,0,0.419,0,air_tuck,swingHighL,1.000,1,-0.195 0.541 -0.547 0.885 0.299 0.558 0.072 -0.486 0.124 0.186,-245.10,207.75,23.01,-9.14,99.79,99.34,268,564,832,1020,0.551,0.913 0.514 -0.561 0.050,-1.0,0,0.000,0.000,0.4834,-0.35,,-1.000,0.0,0.0,0.0,,,19.8,3.4,-19.6,,0.000,0.0,11.5,-1.00,-1.0,0.0,0,5000
99,1.6500,air,release,-245.735,213.493,23.002,4.210,36.566,8.659,37.812,36.807,21.889,0.00,0.00,0.00,0.00,0.000,0,,0,0.00,0.00,0.00,-245.047,208.945,23.278,98.61,-9.22,67.15,4.608,0.157,0.00,1.00,0,0,0,0,0,0,-9.22,-13.57,-1.67,0.3172,0.1114,0.3786,1,4.608,0,0.417,0,air_tuck,swingHighL,1.000,1,-0.198 0.546 -0.551 0.876 0.291 0.563 0.056 -0.518 0.114 0.116,-245.08,208.34,23.15,-9.22,99.13,99.39,268,568,828,1016,0.551,0.903 0.513 -0.590 -0.021,-1.0,0,0.000,0.000,0.4828,-0.33,,-1.000,0.0,0.0,0.0,,,20.0,6.5,-19.1,,0.000,0.0,11.5,-1.00,-1.0,0.0,0,5000
100,1.6667,air,release,-245.665,214.102,23.141,4.202,36.493,8.259,37.651,36.734,22.028,0.00,0.00,0.00,0.00,0.000,0,,0,0.00,0.00,0.00,-245.008,209.549,23.410,98.22,-9.26,67.21,4.608,0.164,0.00,1.00,0,0,0,0,0,0,-9.26,-14.07,-1.68,0.3201,0.1115,0.3791,1,4.608,0,0.416,0,air_tuck,swingHighL,1.000,1,-0.190 0.552 -0.545 0.872 0.299 0.567 0.035 -0.542 0.112 0.048,-245.05,208.95,23.28,-9.22,98.61,99.44,264,568,832,1016,0.552,0.899 0.512 -0.613 -0.090,-1.0,0,0.000,0.000,0.4834,-0.31,,-1.000,0.0,0.0,0.0,,,19.6,8.9,-17.8,,0.000,0.0,11.5,-1.00,-1.0,0.0,0,5000
101,1.6833,air,release,-245.595,214.709,23.274,4.193,36.420,7.859,37.493,36.660,22.161,0.00,0.00,0.00,0.00,0.000,0,,0,0.00,0.00,0.00,-244.960,210.153,23.542,97.95,-9.36,67.27,4.608,0.171,0.00,1.00,0,0,0,0,0,0,-9.36,-14.58,-1.70,0.3210,0.1129,0.3807,1,4.608,0,0.416,0,air_tuck,swingHighL,1.000,1,-0.185 0.556 -0.545 0.865 0.310 0.576 0.017 -0.564 0.117 -0.029,-245.01,209.55,23.41,-9.26,98.22,99.50,264,572,836,1020,0.551,0.890 0.516 -0.635 -0.166,-1.0,0,0.000,0.000,0.4839,-0.30,,-1.000,0.0,0.0,0.0,,,20.1,11.9,-16.6,,0.000,0.0,11.5,-1.00,-1.0,0.0,0,5000
102,1.7000,air,release,-245.526,215.315,23.400,4.185,36.347,7.459,37.340,36.587,22.287,0.00,0.00,0.00,0.00,0.000,0,,0,0.00,0.00,0.00,-244.904,210.757,23.674,97.77,-9.51,67.33,4.608,0.179,0.00,1.00,0,0,0,0,0,0,-9.51,-15.09,-1.72,0.3194,0.1156,0.3836,1,4.608,0,0.415,0,air_tuck,swingHighL,1.000,1,-0.184 0.557 -0.557 0.855 0.324 0.590 0.003 -0.585 0.131 -0.112,-244.96,210.15,23.54,-9.36,97.95,99.57,264,572,836,1024,0.545,0.876 0.525 -0.656 -0.247,-1.0,0,0.000,0.000,0.4842,-0.28,,-1.000,0.0,0.0,0.0,,,21.7,15.7,-15.7,,0.000,0.0,11.5,-1.00,-1.0,0.0,0,5000
103,1.7167,air,release,-245.456,215.920,23.519,4.177,36.274,7.059,37.190,36.514,22.406,0.00,0.00,0.00,0.00,0.000,0,,0,0.00,0.00,0.00,-244.844,211.361,23.804,97.65,-9.68,67.39,4.609,0.187,0.00,1.00,0,0,0,0,0,0,-9.68,-15.59,-1.73,0.3149,0.1190,0.3884,1,4.609,0,0.415,0,air_tuck,swingHighL,1.000,1,-0.186 0.553 -0.583 0.839 0.333 0.602 -0.003 -0.604 0.154 -0.197,-244.90,210.76,23.67,-9.51,97.77,99.63,268,576,836,1028,0.533,0.851 0.529 -0.674 -0.327,-1.0,0,0.000,0.000,0.4836,-0.27,,-1.000,0.0,0.0,0.0,,,24.7,20.4,-15.1,,0.000,0.0,11.5,-1.00,-1.0,0.0,0,5000
104,1.7333,air,release,-245.387,216.524,23.632,4.168,36.202,6.659,37.044,36.441,22.519,0.00,0.00,0.00,0.00,0.000,0,,0,0.00,0.00,0.00,-244.780,211.964,23.929,97.57,-9.87,67.46,4.610,0.196,0.00,1.00,0,0,0,0,0,0,-9.87,-16.08,-1.75,0.3060,0.1233,0.3960,1,4.610,0,0.415,0,air_tuck,swingHighL,1.000,1,-0.191 0.542 -0.626 0.809 0.338 0.608 0.003 -0.624 0.185 -0.279,-244.84,211.36,23.80,-9.68,97.65,99.70,280,580,832,1028,0.513,0.809 0.528 -0.691 -0.401,-1.0,0,0.000,0.000,0.4821,-0.26,,-1.000,0.0,0.0,0.0,,,29.1,26.1,-14.8,,0.000,0.0,11.5,-1.00,-1.0,0.0,0,5000
105,1.7500,air,release,-245.317,217.126,23.738,4.160,36.129,6.259,36.903,36.368,22.625,0.00,0.00,0.00,0.00,0.000,0,,0,0.00,0.00,0.00,-244.714,212.566,24.049,97.53,-10.06,67.52,4.611,0.204,0.00,1.00,0,0,0,0,0,0,-10.06,-16.55,-1.77,0.2908,0.1271,0.4075,1,4.611,0,0.415,0,air_tuck,swingHighL,1.000,1,-0.196 0.521 -0.685 0.754 0.337 0.588 0.021 -0.642 0.226 -0.352,-244.78,211.96,23.93,-9.87,97.57,99.77,296,584,824,1028,0.480,0.735 0.498 -0.702 -0.462,-1.0,0,0.000,0.000,0.4798,-0.24,,-1.000,0.0,0.0,0.0,,,35.1,33.1,-14.7,,0.000,0.0,11.5,-1.00,-1.0,0.0,0,5000
106,1.7667,air,release,-245.248,217.727,23.837,4.152,36.057,5.859,36.765,36.295,22.724,0.00,0.00,0.00,0.00,0.000,0,,0,0.00,0.00,0.00,-244.647,213.167,24.164,97.50,-10.25,67.58,4.612,0.212,0.00,1.00,0,0,0,0,0,0,-10.25,-17.00,-1.78,0.2678,0.1299,0.4230,1,4.612,0,0.416,0,air_tuck,swingHighL,1.000,1,-0.198 0.487 -0.748 0.656 0.340 0.539 0.048 -0.655 0.270 -0.411,-244.71,212.57,24.05,-10.06,97.53,99.84,320,588,816,1028,0.432,0.611 0.438 -0.705 -0.505,-1.0,0,0.000,0.000,0.4780,-0.23,,-1.000,0.0,0.0,0.0,,,42.5,41.3,-14.4,,0.000,0.0,11.5,-1.00,-1.0,0.0,0,5000
107,1.7833,air,release,-245.179,218.327,23.930,4.143,35.985,5.459,36.632,36.223,22.817,0.00,0.00,0.00,0.00,0.000,0,,0,0.00,0.00,0.00,-244.580,213.767,24.272,97.48,-10.44,67.65,4.613,0.220,0.00,1.00,0,0,0,0,0,0,-10.44,-17.43,-1.80,0.2334,0.1288,0.4426,1,4.613,0,0.416,0,air_tuck,releaseTuck,1.000,1,-0.195 0.440 -0.790 0.497 0.342 0.454 0.078 -0.656 0.310 -0.445,-244.65,213.17,24.16,-10.25,97.50,99.91,348,592,812,1024,0.371,0.424 0.343 -0.693 -0.520,-1.0,0,0.000,0.000,0.4777,-0.22,,-1.000,0.0,0.0,0.0,,,50.6,50.0,-13.9,,0.000,0.0,11.5,-1.00,-1.0,0.0,0,5000
108,1.8000,air,release,-245.110,218.926,24.016,4.135,35.913,5.059,36.503,36.151,22.903,0.00,0.00,0.00,0.00,0.000,0,,0,0.00,0.00,0.00,-244.512,214.365,24.374,97.47,-10.63,67.71,4.614,0.227,0.00,1.00,0,0,0,0,0,0,-10.63,-17.84,-1.82,0.2150,0.1247,0.4477,1,4.614,0,0.417,0,air_tuck,releaseTuck,1.000,1,-0.203 0.407 -0.794 0.307 0.317 0.385 0.097 -0.622 0.323 -0.423,-244.58,213.77,24.27,-10.44,97.48,99.97,360,588,820,1024,0.331,0.216 0.271 -0.652 -0.486,-1.0,0,0.000,0.000,0.4790,-0.21,,-1.000,0.0,0.0,0.0,,,55.5,55.0,-15.6,,0.000,0.0,11.5,-1.00,-1.0,0.0,0,5000
109,1.8167,air,release,-245.041,219.524,24.095,4.127,35.841,4.659,36.378,36.078,22.982,0.00,0.00,0.00,0.00,0.000,0,,0,0.00,0.00,0.00,-244.444,214.963,24.470,97.46,-10.81,67.77,4.615,0.234,0.00,1.00,0,0,0,0,0,0,-10.81,-18.23,-1.83,0.2041,0.1154,0.4481,1,4.615,0,0.417,0,air_tuck,releaseTuck,1.000,1,-0.203 0.372 -0.717 0.113 0.288 0.316 0.107 -0.583 0.328 -0.396,-244.51,214.37,24.37,-10.63,97.47,100.04,368,584,836,1028,0.290,0.008 0.198 -0.608 -0.447,-1.0,0,0.000,0.000,0.4855,-0.20,,-1.000,0.0,0.0,0.0,,,60.2,59.8,-16.6,,0.000,0.0,11.5,-1.00,-1.0,0.0,0,5000
110,1.8333,air,release,-244.972,220.120,24.168,4.119,35.770,4.259,36.257,36.006,23.055,0.00,0.00,0.00,0.00,0.000,0,,0,0.00,0.00,0.00,-244.376,215.559,24.559,97.45,-10.99,67.83,4.617,0.240,0.00,1.00,0,0,0,0,0,0,-10.99,-18.60,-1.85,0.1927,0.1015,0.4467,1,4.617,0,0.418,0,air_tuck,releaseTuck,1.000,1,-0.197 0.334 -0.559 -0.037 0.252 0.241 0.107 -0.533 0.322 -0.359,-244.44,214.96,24.47,-10.81,97.46,100.10,380,576,860,1028,0.245,-0.151 0.123 -0.549 -0.398,-1.0,0,0.000,0.000,0.4933,-0.19,,-1.000,0.0,0.0,0.0,,,65.0,64.8,-16.9,,0.000,0.0,11.5,-1.00,-1.0,0.0,0,5000
111,1.8500,air,release,-244.904,220.716,24.234,4.110,35.698,3.859,36.141,35.934,23.121,0.00,0.00,0.00,0.00,0.000,0,,0,0.00,0.00,0.00,-244.309,216.154,24.642,97.44,-11.16,67.88,4.618,0.246,0.00,1.00,0,0,0,0,0,0,-11.16,-18.94,-1.87,0.1817,0.0965,0.4453,1,4.618,0,0.419,0,air_tuck,releaseTuck,1.000,1,-0.188 0.296 -0.459 -0.107 0.222 0.194 0.104 -0.488 0.314 -0.324,-244.38,215.56,24.56,-10.99,97.45,100.16,388,568,868,1028,0.201,-0.220 0.076 -0.498 -0.353,-1.0,0,0.000,0.000,0.4961,-0.18,,-1.000,0.0,0.0,0.0,,,69.6,69.5,-16.8,,0.000,0.0,11.5,-1.00,-1.0,0.0,0,5000
112,1.8667,air,release,-244.835,221.310,24.293,4.102,35.627,3.459,36.029,35.862,23.180,0.00,0.00,0.00,0.00,0.000,0,,0,0.00,0.00,0.00,-244.241,216.748,24.718,97.42,-11.33,67.94,4.620,0.252,0.01,1.00,0,0,0,0,0,0,-11.33,-19.27,-1.88,0.1695,0.0900,0.4431,1,4.620,0,0.419,0,air_tuck,releaseTuck,1.000,1,-0.174 0.257 -0.373 -0.139 0.191 0.153 0.092 -0.437 0.299 -0.287,-244.31,216.15,24.64,-11.16,97.44,100.22,392,560,880,1028,0.157,-0.251 0.037 -0.442 -0.308,-1.0,0,0.000,0.000,0.4987,-0.17,,-1.000,0.0,0.0,0.0,,,74.1,74.1,-15.5,,0.000,0.0,11.5,-1.00,-1.0,0.0,0,5000
113,1.8833,air,release,-244.767,221.903,24.348,4.094,35.556,3.239,35.937,35.791,23.235,0.00,0.00,0.00,0.00,0.000,0,,0,0.00,0.00,0.00,-244.174,217.341,24.787,97.41,-11.47,67.99,4.621,0.257,0.01,1.00,0,0,0,0,0,0,-11.47,-19.58,-1.90,0.1581,0.0839,0.4412,1,4.621,0,0.420,0,air_tuck,releaseTuck,1.000,1,-0.159 0.219 -0.312 -0.157 0.180 0.124 0.079 -0.394 0.283 -0.256,-244.24,216.75,24.72,-11.33,97.42,100.28,396,552,892,1028,0.114,-0.266 0.009 -0.394 -0.270,-1.0,0,0.000,0.000,0.5007,-0.16,,-1.000,0.0,0.0,0.0,,,78.4,78.4,-12.4,,0.000,0.0,11.5,-1.00,-1.0,0.0,0,5000
114,1.9000,air,release,-244.699,222.494,24.399,4.086,35.485,3.019,35.846,35.719,23.286,0.00,0.00,0.00,0.00,0.000,0,,0,0.00,0.00,0.00,-244.108,217.933,24.851,97.39,-11.59,68.03,4.622,0.261,0.01,1.00,0,0,0,0,0,0,-11.59,-19.87,-1.92,0.1465,0.0780,0.4392,1,4.622,0,0.421,0,air_tuck,releaseTuck,1.000,1,-0.141 0.182 -0.272 -0.164 0.171 0.100 0.061 -0.351 0.265 -0.228,-244.17,217.34,24.79,-11.47,97.41,100.33,400,544,896,1024,0.074,-0.271 -0.014 -0.347 -0.236,-1.0,0,0.000,0.000,0.5021,-0.16,,-1.000,0.0,0.0,0.0,,,82.5,82.5,-5.0,,0.000,0.0,11.5,-1.00,-1.0,0.0,0,5000
115,1.9167,air,release,-244.631,223.085,24.447,4.078,35.414,2.799,35.757,35.648,23.334,0.00,0.00,0.00,0.00,0.000,0,,0,0.00,0.00,0.00,-244.041,218.523,24.910,97.37,-11.69,68.08,4.623,0.265,0.01,1.00,0,0,0,0,0,0,-11.69,-20.15,-1.93,0.1365,0.0744,0.4378,1,4.623,0,0.422,0,air_tuck,releaseTuck,1.000,1,-0.125 0.147 -0.245 -0.173 0.173 0.073 0.044 -0.319 0.249 -0.208,-244.11,217.93,24.85,-11.59,97.39,100.38,404,536,896,1024,0.036,-0.278 -0.039 -0.311 -0.211,-1.0,0,0.000,0.000,0.5023,-0.15,,-1.000,0.0,0.0,0.0,,,86.4,86.4,16.8,,0.000,0.0,11.5,-1.00,-1.0,0.0,0,5000
116,1.9333,air,release,-244.563,223.674,24.491,4.069,35.343,2.579,35.670,35.576,23.378,0.00,0.00,0.00,0.00,0.000,0,,0,0.00,0.00,0.00,-243.975,219.112,24.964,97.35,-11.77,68.12,4.624,0.268,0.01,1.00,0,0,0,0,0,0,-11.77,-20.40,-1.95,0.1269,0.0717,0.4369,1,4.624,0,0.422,0,air_tuck,releaseTuck,1.000,1,-0.110 0.114 -0.239 -0.178 0.172 0.041 0.021 -0.292 0.230 -0.199,-244.04,218.52,24.91,-11.69,97.37,100.43,408,528,900,1020,0.001,-0.280 -0.070 -0.282 -0.199,-1.0,0,0.000,0.000,0.5016,-0.14,,-1.000,0.0,0.0,0.0,,,89.9,89.9,87.9,,0.000,0.0,11.5,-1.00,-1.0,0.0,0,5000
117,1.9500,air,release,-244.495,224.262,24.531,4.061,35.272,2.359,35.584,35.505,23.418,0.00,0.00,0.00,0.00,0.000,0,,0,0.00,0.00,0.00,-243.909,219.700,25.014,97.32,-11.85,68.16,4.625,0.271,0.01,1.00,0,0,0,0,0,0,-11.85,-20.64,-1.97,0.1193,0.0697,0.4368,1,4.625,0,0.423,0,air_tuck,releaseTuck,1.000,1,-0.101 0.084 -0.239 -0.187 0.173 0.008 0.003 -0.276 0.216 -0.199,-243.97,219.11,24.96,-11.77,97.35,100.48,412,524,900,1016,-0.030,-0.286 -0.103 -0.263 -0.195,-1.0,0,0.000,0.000,0.5011,-0.13,,-1.000,0.0,0.0,0.0,,,93.1,93.1,131.5,,0.000,0.0,11.5,-1.00,-1.0,0.0,0,5000
118,1.9667,air,release,-244.428,224.849,24.568,4.053,35.202,2.139,35.499,35.434,23.455,0.00,0.00,0.00,0.00,0.000,0,,0,0.00,0.00,0.00,-243.844,220.287,25.061,97.30,-11.93,68.20,4.626,0.273,0.01,1.00,0,0,0,0,0,0,-11.93,-20.86,-1.98,0.1132,0.0681,0.4371,1,4.626,0,0.424,0,air_tuck,releaseTuck,1.000,1,-0.096 0.059 -0.247 -0.194 0.170 -0.023 -0.012 -0.267 0.204 -0.203,-243.91,219.70,25.01,-11.85,97.32,100.52,416,524,900,1016,-0.056,-0.292 -0.133 -0.252 -0.197,-1.0,0,0.000,0.000,0.5007,-0.13,,-1.000,0.0,0.0,0.0,,,95.8,95.8,145.9,,0.000,0.0,11.5,-1.00,-1.0,0.0,0,5000
119,1.9833,air,release,-244.360,225.435,24.600,4.045,35.131,1.919,35.416,35.364,23.487,0.00,0.00,0.00,0.00,0.000,0,,0,0.00,0.00,0.00,-243.778,220.872,25.103,97.27,-12.01,68.24,4.627,0.274,0.01,1.00,0,0,0,0,0,0,-12.01,-21.07,-2.00,0.1096,0.0670,0.4382,1,4.627,0,0.424,0,air_tuck,releaseTuck,1.000,1,-0.097 0.040 -0.260 -0.202 0.166 -0.054 -0.024 -0.269 0.196 -0.216,-243.84,220.29,25.06,-11.93,97.30,100.56,416,520,900,1012,-0.075,-0.298 -0.164 -0.251 -0.208,-1.0,0,0.000,0.000,0.5003,-0.12,,-1.000,0.0,0.0,0.0,,,97.7,97.7,153.9,,0.000,0.0,11.5,-1.00,-1.0,0.0,0,5000
120,2.0000,air,release,-244.294,226.020,24.630,3.961,35.070,1.699,35.334,35.293,23.517,0.00,0.00,0.00,0.00,0.000,0,,0,0.00,0.00,0.00,-243.714,221.457,25.141,97.25,-12.08,68.27,4.628,0.275,0.01,1.00,0,0,0,0,0,0,-12.08,-21.27,-2.02,0.1069,0.0659,0.4387,1,4.628,0,0.425,0,air_tuck,releaseTuck,1.000,1,-0.099 0.022 -0.275 -0.208 0.159 -0.086 -0.037 -0.270 0.185 -0.229,-243.78,220.87,25.10,-12.01,97.27,100.60,416,520,900,1012,-0.094,-0.303 -0.196 -0.249 -0.218,-1.0,0,0.000,0.000,0.4999,-0.12,,-1.000,0.0,0.0,0.0,,,99.7,99.7,161.1,,0.000,0.0,11.5,-1.00,-1.0,0.0,0,5000
121,2.0167,air,apex,-244.229,226.604,24.655,3.844,35.012,1.479,35.253,35.222,23.542,0.00,0.00,0.00,0.00,0.000,0,,0,0.00,0.00,0.00,-243.649,222.040,25.176,97.24,-12.15,68.30,4.629,0.275,0.02,1.00,0,0,0,0,0,0,-12.15,-21.45,-2.03,0.1062,0.0660,0.4384,1,4.629,0,0.426,0,air_tuck,releaseTuck,1.000,1,-0.104 0.004 -0.292 -0.214 0.150 -0.121 -0.050 -0.272 0.174 -0.242,-243.71,221.46,25.14,-12.08,97.25,100.64,420,520,900,1008,-0.112,-0.306 -0.230 -0.248 -0.229,-1.0,0,0.000,0.000,0.4990,-0.11,,-1.000,0.0,0.0,0.0,,,101.5,101.5,167.6,,0.000,0.0,11.5,-1.00,-1.0,0.0,0,5000
122,2.0333,air,apex,-244.167,227.187,24.677,3.694,34.957,1.259,35.174,35.152,23.564,0.00,0.00,0.00,0.00,0.000,0,,0,0.00,0.00,0.00,-243.586,222.623,25.207,97.26,-12.23,68.33,4.630,0.275,0.02,1.00,0,0,0,0,0,0,-12.23,-21.62,-2.05,0.1050,0.0659,0.4380,1,4.630,0,0.426,0,air_tuck,releaseTuck,1.000,1,-0.112 -0.014 -0.311 -0.218 0.137 -0.156 -0.065 -0.272 0.161 -0.255,-243.65,222.04,25.18,-12.15,97.24,100.67,420,520,900,1008,-0.130,-0.307 -0.265 -0.245 -0.239,-1.0,0,0.000,0.000,0.4981,-0.10,,-1.000,0.0,0.0,0.0,,,103.4,103.4,173.8,,0.000,0.0,11.5,-1.00,-1.0,0.0,0,5000
123,2.0500,air,apex,-244.108,227.769,24.695,3.511,34.905,1.039,35.097,35.082,23.582,0.00,0.00,0.00,0.00,0.000,0,,0,0.00,0.00,0.00,-243.525,223.206,25.235,97.28,-12.30,68.35,4.632,0.274,0.02,1.00,0,0,0,0,0,0,-12.30,-21.77,-2.07,0.1034,0.0658,0.4377,1,4.632,0,0.427,0,air_tuck,releaseTuck,1.000,1,-0.121 -0.030 -0.331 -0.219 0.121 -0.191 -0.081 -0.270 0.146 -0.267,-243.59,222.62,25.21,-12.23,97.26,100.70,420,520,900,1004,-0.146,-0.306 -0.299 -0.240 -0.248,-1.0,0,0.000,0.000,0.4971,-0.10,,-1.000,0.0,0.0,0.0,,,105.1,105.1,179.6,,0.000,0.0,11.5,-1.00,-1.0,0.0,0,5000
124,2.0667,air,apex,-244.052,228.350,24.710,3.295,34.856,0.819,35.021,35.011,23.597,0.00,0.00,0.00,0.00,0.000,0,,0,0.00,0.00,0.00,-243.465,223.787,25.258,97.33,-12.37,68.38,4.633,0.272,0.02,1.00,0,0,0,0,0,0,-12.37,-21.92,-2.08,0.1037,0.0662,0.4384,1,4.633,0,0.428,0,air_rise,releaseTuck,1.000,1,-0.133 -0.047 -0.352 -0.219 0.101 -0.226 -0.096 -0.266 0.131 -0.277,-243.52,223.21,25.23,-12.30,97.28,100.72,420,516,900,1004,-0.162,-0.303 -0.333 -0.233 -0.255,-1.0,0,0.000,0.000,0.4960,-0.09,,-1.000,0.0,0.0,0.0,,,106.8,106.8,-174.7,,0.000,0.0,11.5,-1.00,-1.0,0.0,0,5000
125,2.0833,air,apex,-244.000,228.930,24.721,3.046,34.808,0.599,34.947,34.941,23.608,0.00,0.00,0.00,0.00,0.000,0,,0,0.00,0.00,0.00,-243.408,224.368,25.278,97.40,-12.45,68.40,4.634,0.270,0.02,1.00,0,0,0,0,0,0,-12.45,-22.06,-2.10,0.1063,0.0665,0.4400,1,4.634,0,0.428,0,air_rise,releaseTuck,1.000,1,-0.146 -0.045 -0.375 -0.206 0.076 -0.250 -0.113 -0.265 0.114 -0.293,-243.47,223.79,25.26,-12.37,97.33,100.75,420,520,896,1004,-0.161,-0.290 -0.357 -0.228 -0.268,-1.0,0,0.000,0.000,0.4948,-0.09,,-1.000,0.0,0.0,0.0,,,106.6,106.7,-169.1,,0.000,0.0,11.5,-1.00,-1.0,0.0,0,5000
126,2.1000,air,apex,-243.953,229.510,24.728,2.765,34.762,0.379,34.874,34.872,23.615,0.00,0.00,0.00,0.00,0.000,0,,0,0.00,0.00,0.00,-243.354,224.949,25.295,97.48,-12.52,68.42,4.635,0.268,0.02,1.00,0,0,0,0,0,0,-12.52,-22.19,-2.12,0.1125,0.0665,0.4426,1,4.635,0,0.429,0,air_rise,releaseTuck,1.000,1,-0.155 -0.016 -0.398 -0.177 0.045 -0.257 -0.134 -0.273 0.096 -0.322,-243.41,224.37,25.28,-12.45,97.40,100.77,420,528,896,1000,-0.134,-0.263 -0.368 -0.233 -0.293,-1.0,0,0.000,0.000,0.4936,-0.09,,-1.000,0.0,0.0,0.0,,,103.6,103.7,-162.8,,0.000,0.0,11.5,-1.00,-1.0,0.0,0,5000
127,2.1167,air,apex,-243.911,230.088,24.732,2.451,34.715,0.159,34.802,34.802,23.619,0.00,0.00,0.00,0.00,0.000,0,,0,0.00,0.00,0.00,-243.303,225.529,25.308,97.59,-12.59,68.43,4.636,0.266,0.02,1.00,0,0,0,0,0,0,-12.59,-22.30,-2.13,0.1235,0.0654,0.4451,1,4.636,0,0.429,0,air_rise,releaseTuck,1.000,1,-0.152 0.040 -0.415 -0.126 0.013 -0.239 -0.160 -0.285 0.072 -0.361,-243.35,224.95,25.29,-12.52,97.48,100.79,416,536,896,1000,-0.080,-0.220 -0.358 -0.242 -0.327,-1.0,0,0.000,0.000,0.4925,-0.08,,-1.000,0.0,0.0,0.0,,,98.1,98.1,-153.9,,0.000,0.0,11.5,-1.00,-1.0,0.0,0,5000
128,2.1333,air,apex,-243.874,230.666,24.732,2.106,34.668,-0.061,34.732,34.732,23.619,0.00,0.00,0.00,0.00,0.000,0,,0,0.00,0.00,0.00,-243.257,226.108,25.317,97.71,-12.67,68.45,4.637,0.263,0.03,1.00,0,0,0,0,0,0,-12.67,-22.42,-2.15,0.1429,0.0630,0.4454,1,4.637,0,0.430,0,air_rise,releaseTuck,1.000,1,-0.130 0.118 -0.419 -0.051 -0.014 -0.195 -0.194 -0.303 0.043 -0.409,-243.30,225.53,25.31,-12.59,97.59,100.81,408,544,896,1000,-0.005,-0.157 -0.324 -0.257 -0.370,-1.0,0,0.000,0.000,0.4920,-0.08,,-1.000,0.0,0.0,0.0,,,90.5,90.5,-103.3,,0.000,0.0,11.5,-1.00,-1.0,0.0,0,5000
129,2.1500,air,apex,-243.844,231.244,24.728,1.728,34.620,-0.281,34.664,34.663,23.615,0.00,0.00,0.00,0.00,0.000,0,,0,0.00,0.00,0.00,-243.215,226.687,25.322,97.86,-12.74,68.46,4.638,0.260,0.03,1.00,0,0,0,0,0,0,-12.74,-22.52,-2.17,0.1650,0.0618,0.4457,1,4.638,0,0.430,0,air_rise,releaseTuck,1.000,1,-0.083 0.211 -0.400 0.051 -0.025 -0.115 -0.237 -0.323 0.004 -0.462,-243.26,226.11,25.32,-12.67,97.71,100.82,400,560,896,1000,0.088,-0.068 -0.258 -0.277 -0.418,-1.0,0,0.000,0.000,0.4941,-0.07,,-1.000,0.0,0.0,0.0,,,81.2,81.2,14.6,,0.000,0.0,11.5,-1.00,-1.0,0.0,0,5000
130,2.1667,air,apex,-243.820,231.820,24.720,1.318,34.569,-0.501,34.597,34.594,23.607,0.00,0.00,0.00,0.00,0.000,0,,0,0.00,0.00,0.00,-243.178,227.265,25.324,98.02,-12.81,68.47,4.639,0.257,0.03,1.00,0,0,0,0,0,0,-12.81,-22.61,-2.18,0.1879,0.0668,0.4459,1,4.639,0,0.431,0,air_rise,releaseTuck,1.000,1,-0.009 0.306 -0.347 0.178 -0.007 -0.004 -0.291 -0.343 -0.043 -0.517,-243.22,226.69,25.32,-12.74,97.86,100.83,384,572,904,1008,0.189,0.045 -0.159 -0.298 -0.469,-1.0,0,0.000,0.000,0.4967,-0.07,,-1.000,0.0,0.0,0.0,,,71.0,70.8,24.9,,0.000,0.0,11.5,-1.00,-1.0,0.0,0,5000
131,2.1833,air,apex,-243.804,232.395,24.709,0.877,34.513,-0.721,34.532,34.524,23.596,0.00,0.00,0.00,0.00,0.000,0,,0,0.00,0.00,0.00,-243.147,227.842,25.322,98.20,-12.89,68.47,4.641,0.254,0.03,1.00,0,0,0,0,0,0,-12.89,-22.70,-2.20,0.2091,0.0797,0.4462,1,4.641,0,0.432,0,air_rise,airRise,1.000,1,0.087 0.390 -0.251 0.321 0.051 0.132 -0.352 -0.358 -0.100 -0.569,-243.18,227.26,25.32,-12.81,98.02,100.84,368,584,892,1020,0.285,0.178 -0.030 -0.317 -0.519,-1.0,0,0.000,0.000,0.4968,-0.07,,-1.000,0.0,0.0,0.0,,,60.8,59.3,30.8,,0.000,0.0,11.5,-1.00,-1.0,0.0,0,5000
132,2.2000,air,apex,-243.795,232.970,24.694,0.404,34.453,-0.941,34.468,34.455,23.581,0.00,0.00,0.00,0.00,0.000,0,,0,0.00,0.00,0.00,-243.122,228.419,25.316,98.41,-12.96,68.48,4.642,0.250,0.03,1.00,0,0,0,0,0,0,-12.96,-22.78,-2.22,0.2262,0.0933,0.4469,1,4.642,0,0.432,0,air_rise,airRise,1.000,1,0.193 0.446 -0.115 0.459 0.147 0.271 -0.417 -0.364 -0.163 -0.614,-243.15,227.84,25.32,-12.89,98.20,100.85,352,592,880,1032,0.361,0.315 0.109 -0.331 -0.563,-1.0,0,0.000,0.000,0.4973,-0.06,,-1.000,0.0,0.0,0.0,,,52.0,46.8,35.4,,0.000,0.0,11.5,-1.00,-1.0,0.0,0,5000
133,2.2167,air,apex,-243.794,233.543,24.676,0.000,34.387,-1.161,34.406,34.387,23.563,0.00,0.00,0.00,0.00,0.000,0,,0,0.00,0.00,0.00,-243.104,228.995,25.307,98.63,-13.03,68.48,4.643,0.247,0.03,1.00,0,0,0,0,0,0,-13.03,-22.86,-2.23,0.2414,0.1060,0.4460,1,4.643,0,0.433,0,air_rise,airRise,1.000,1,0.292 0.467 0.045 0.571 0.269 0.390 -0.480 -0.360 -0.230 -0.649,-243.12,228.42,25.32,-12.96,98.41,100.86,344,600,868,1048,0.408,0.437 0.241 -0.338 -0.599,-1.0,0,0.000,0.000,0.4978,-0.06,,-1.000,0.0,0.0,0.0,,,46.2,32.7,39.4,,0.000,0.0,11.5,-1.00,-1.0,0.0,0,5000
134,2.2333,air,apex,-243.794,234.115,24.654,0.000,34.318,-1.381,34.346,34.318,23.541,0.00,0.00,0.00,0.00,0.000,0,,0,0.00,0.00,0.00,-243.091,229.569,25.294,98.78,-13.10,68.49,4.644,0.244,0.03,1.00,0,0,0,0,0,0,-13.10,-22.92,-2.25,0.2591,0.1159,0.4415,1,4.644,0,0.433,0,air_rise,airRise,1.000,1,0.366 0.457 0.200 0.644 0.391 0.477 -0.532 -0.352 -0.289 -0.673,-243.10,229.00,25.31,-13.03,98.63,100.86,340,604,856,1060,0.427,0.529 0.349 -0.341 -0.627,-1.0,0,0.000,0.000,0.4984,-0.06,,-1.000,0.0,0.0,0.0,,,43.8,16.6,42.3,,0.000,0.0,11.5,-1.00,-1.0,0.0,0,5000
135,2.2500,air,apex,-243.794,234.687,24.628,0.000,34.249,-1.601,34.287,34.249,23.515,0.00,0.00,0.00,0.00,0.000,0,,0,0.00,0.00,0.00,-243.083,230.142,25.277,98.88,-13.17,68.49,4.646,0.240,0.03,1.00,0,0,0,0,0,0,-13.17,-22.99,-2.27,0.2713,0.1240,0.4379,1,4.646,0,0.434,0,air_rise,airRise,1.000,1,0.409 0.428 0.328 0.680 0.493 0.528 -0.573 -0.341 -0.338 -0.689,-243.09,229.57,25.29,-13.10,98.78,100.86,340,604,852,1076,0.424,0.590 0.426 -0.342 -0.648,-1.0,0,0.000,0.000,0.4995,-0.05,,-1.000,0.0,0.0,0.0,,,44.3,0.1,44.3,,0.000,0.0,11.5,-1.00,-1.0,0.0,0,5000
136,2.2667,air,apex,-243.794,235.257,24.599,0.000,34.181,-1.821,34.229,34.181,23.486,0.00,0.00,0.00,0.00,0.000,0,,0,0.00,0.00,0.00,-243.079,230.712,25.257,98.94,-13.24,68.48,4.647,0.236,0.04,1.00,0,0,0,0,0,0,-13.24,-23.04,-2.28,0.2791,0.1344,0.4354,1,4.647,0,0.434,0,air_rise,airRise,1.000,1,0.427 0.391 0.419 0.688 0.563 0.551 -0.600 -0.333 -0.374 -0.700,-243.08,230.14,25.28,-13.17,98.88,100.86,332,608,848,1084,0.411,0.623 0.476 -0.344 -0.664,-1.0,0,0.000,0.000,0.5030,-0.05,,-1.000,0.0,0.0,0.0,,,46.2,-14.0,45.3,,0.000,0.0,11.5,-1.00,-1.0,0.0,0,5000
137,2.2833,air,apex,-243.794,235.825,24.566,0.000,34.112,-2.041,34.173,34.112,23.453,0.00,0.00,0.00,0.00,0.000,0,,0,0.00,0.00,0.00,-243.077,231.282,25.233,98.96,-13.31,68.48,4.648,0.233,0.04,1.00,0,0,0,0,0,0,-13.31,-23.09,-2.30,0.2843,0.1411,0.4339,1,4.648,0,0.435,0,air_rise,airRise,1.000,1,0.428 0.360 0.474 0.684 0.603 0.560 -0.617 -0.330 -0.394 -0.708,-243.08,230.71,25.26,-13.24,98.94,100.86,332,608,844,1088,0.396,0.639 0.507 -0.348 -0.675,-1.0,0,0.000,0.000,0.5055,-0.05,,-1.000,0.0,0.0,0.0,,,48.1,-24.0,45.7,,0.000,0.0,11.5,-1.00,-1.0,0.0,0,5000
138,2.3000,air,apex,-243.794,236.393,24.529,0.000,34.044,-2.261,34.119,34.044,23.416,0.00,0.00,0.00,0.00,0.000,0,,0,0.00,0.00,0.00,-243.077,231.849,25.205,98.97,-13.38,68.48,4.649,0.229,0.04,1.00,0,0,0,0,0,0,-13.38,-23.14,-2.32,0.2880,0.1442,0.4333,1,4.649,0,0.435,0,air_rise,airRise,1.000,1,0.422 0.341 0.497 0.679 0.617 0.565 -0.624 -0.335 -0.400 -0.715,-243.08,231.28,25.23,-13.31,98.96,100.86,328,608,844,1092,0.388,0.648 0.525 -0.356 -0.684,-1.0,0,0.000,0.000,0.5068,-0.05,,-1.000,0.0,0.0,0.0,,,49.2,-29.3,45.3,,0.000,0.0,11.5,-1.00,-1.0,0.0,0,5000
139,2.3167,air,apex,-243.794,236.960,24.488,0.000,33.976,-2.481,34.067,33.976,23.375,0.00,0.00,0.00,0.00,0.000,0,,0,0.00,0.00,0.00,-243.077,232.416,25.174,98.96,-13.45,68.47,4.651,0.226,0.04,1.00,0,0,0,0,0,0,-13.45,-23.17,-2.33,0.2911,0.1435,0.4334,1,4.651,0,0.436,0,air_rise,airRise,1.000,1,0.415 0.342 0.493 0.683 0.612 0.574 -0.621 -0.347 -0.390 -0.721,-243.08,231.85,25.21,-13.38,98.97,100.85,328,608,844,1092,0.391,0.655 0.537 -0.368 -0.689,-1.0,0,0.000,0.000,0.5067,-0.04,,-1.000,0.0,0.0,0.0,,,48.8,-30.2,44.5,,0.000,0.0,11.5,-1.00,-1.0,0.0,0,5000
140,2.3333,air,apex,-243.794,237.525,24.444,0.000,33.908,-2.701,34.016,33.908,23.331,0.00,0.00,0.00,0.00,0.000,0,,0,0.00,0.00,0.00,-243.078,232.981,25.139,98.94,-13.51,68.47,4.652,0.222,0.04,1.00,0,0,0,0,0,0,-13.51,-23.21,-2.35,0.2945,0.1405,0.4337,1,4.652,0,0.437,0,air_rise,airRise,1.000,1,0.407 0.354 0.473 0.694 0.594 0.587 -0.612 -0.365 -0.370 -0.729,-243.08,232.42,25.17,-13.45,98.96,100.85,328,608,844,1088,0.402,0.663 0.548 -0.384 -0.695,-1.0,0,0.000,0.000,0.5058,-0.04,,-1.000,0.0,0.0,0.0,,,47.3,-28.6,43.1,,0.000,0.0,11.5,-1.00,-1.0,0.0,0,5000
141,2.3500,air,apex,-243.794,238.089,24.397,0.000,33.841,-2.921,33.966,33.841,23.284,0.00,0.00,0.00,0.00,0.000,0,,0,0.00,0.00,0.00,-243.080,233.545,25.101,98.92,-13.58,68.46,4.654,0.219,0.04,1.00,0,0,0,0,0,0,-13.58,-23.23,-2.37,0.2991,0.1366,0.4338,1,4.654,0,0.437,0,air_rise,airRise,1.000,1,0.395 0.369 0.448 0.707 0.572 0.605 -0.600 -0.387 -0.344 -0.740,-243.08,232.98,25.14,-13.51,98.94,100.84,328,612,848,1084,0.417,0.673 0.563 -0.404 -0.702,-1.0,0,0.000,0.000,0.5048,-0.04,,-1.000,0.0,0.0,0.0,,,45.4,-26.8,41.3,,0.000,0.0,11.5,-1.00,-1.0,0.0,0,5000
142,2.3667,air,apex,-243.794,238.652,24.345,0.000,33.773,-3.141,33.919,33.773,23.232,0.00,0.00,0.00,0.00,0.000,0,,0,0.00,0.00,0.00,-243.082,234.108,25.058,98.90,-13.64,68.45,4.655,0.216,0.04,1.00,0,0,0,0,0,0,-13.64,-23.25,-2.38,0.3043,0.1317,0.4337,1,4.655,0,0.438,0,air_rise,airRise,1.000,1,0.380 0.387 0.416 0.723 0.544 0.625 -0.583 -0.414 -0.312 -0.751,-243.08,233.55,25.10,-13.58,98.92,100.83,324,616,848,1080,0.433,0.686 0.580 -0.428 -0.711,-1.0,0,0.000,0.000,0.5036,-0.04,,-1.000,0.0,0.0,0.0,,,43.1,-24.8,39.1,,0.000,0.0,11.5,-1.00,-1.0,0.0,0,5000
143,2.3833,air,apex,-243.794,239.215,24.290,0.000,33.705,-3.361,33.873,33.705,23.177,0.00,0.00,0.00,0.00,0.000,0,,0,0.00,0.00,0.00,-243.083,234.670,25.012,98.88,-13.71,68.44,4.656,0.212,0.04,1.00,0,0,0,0,0,0,-13.71,-23.27,-2.40,0.3099,0.1258,0.4335,1,4.656,0,0.438,0,air_rise,airRise,1.000,1,0.361 0.407 0.380 0.740 0.512 0.648 -0.563 -0.443 -0.275 -0.763,-243.08,234.11,25.06,-13.64,98.90,100.82,320,616,852,1076,0.452,0.699 0.600 -0.454 -0.719,-1.0,0,0.000,0.000,0.5023,-0.04,,-1.000,0.0,0.0,0.0,,,40.4,-22.6,36.6,,0.000,0.0,11.5,-1.00,-1.0,0.0,0,5000
144,2.4000,air,apex,-243.794,239.775,24.231,0.000,33.638,-3.581,33.828,33.638,23.118,0.00,0.00,0.00,0.00,0.000,0,,0,0.00,0.00,0.00,-243.085,235.230,24.963,98.86,-13.77,68.43,4.658,0.209,0.04,1.00,0,0,0,0,0,0,-13.77,-23.28,-2.42,0.3155,0.1190,0.4333,1,4.658,0,0.439,0,air_rise,airRise,1.000,1,0.339 0.428 0.339 0.756 0.475 0.672 -0.538 -0.474 -0.232 -0.774,-243.08,234.67,25.01,-13.71,98.88,100.81,320,620,856,1072,0.471,0.713 0.620 -0.483 -0.728,-1.0,0,0.000,0.000,0.5010,-0.03,,-1.000,0.0,0.0,0.0,,,37.4,-20.4,33.8,,0.000,0.0,11.5,-1.00,-1.0,0.0,0,5000
145,2.4167,swing,swingLow,-243.826,240.183,23.949,-3.851,15.421,-30.033,33.979,15.894,22.836,-234.00,272.41,38.62,32.76,0.067,1,,0,0.00,0.00,0.00,-243.072,235.645,24.877,99.43,-16.16,68.42,4.693,0.206,0.04,1.00,1,0,0,0,0,0,-16.16,-23.28,-2.43,0.3006,0.0650,0.4285,1,4.693,0,0.439,0,air_rise,airRise,1.000,1,0.030 0.585 -0.121 0.764 0.042 0.761 -0.183 -0.696 0.219 -0.719,-243.09,235.23,24.96,-13.77,98.86,100.80,316,624,860,1064,0.588,0.648 0.638 -0.651 -0.603,61.6,1,0.000,0.000,0.5143,-0.03,,-1.000,0.0,0.0,0.0,,,7.5,7.2,2.0,,0.000,0.0,11.5,-1.00,-1.0,0.0,0,5000
146,2.4333,swing,swingLow,-243.889,240.446,23.447,-3.728,16.096,-30.063,34.303,16.522,22.334,-234.00,272.41,38.62,32.76,0.185,1,,0,0.00,0.00,0.00,-243.058,235.961,24.704,100.50,-18.86,68.40,4.731,0.203,0.04,1.00,1,0,0,0,0,0,-20.27,-23.24,-2.45,0.2842,0.0739,0.4471,1,4.731,0,0.437,0,swing,airRise,1.000,1,-0.024 0.592 -0.190 0.713 -0.027 0.721 -0.119 -0.699 0.282 -0.660,-243.07,235.65,24.88,-16.16,99.43,100.79,312,612,936,1032,0.571,0.550 0.550 -0.618 -0.498,50.8,1,0.000,0.000,0.5150,-0.34,,-1.000,0.0,0.0,0.0,,,15.7,15.3,-3.7,,0.000,0.0,11.5,-1.00,-1.0,0.0,2,5000
147,2.4500,swing,swingLow,-243.949,240.721,22.944,-3.604,16.779,-30.072,34.624,17.162,21.831,-234.00,272.41,38.62,32.76,0.285,1,,0,0.00,0.00,0.00,-243.059,236.256,24.430,101.27,-21.56,68.39,4.788,0.201,0.04,1.00,1,0,0,0,0,0,-22.00,-23.17,-2.47,0.2638,0.0873,0.4551,1,4.788,0,0.435,0,swing,airRise,1.000,1,-0.077 0.586 -0.281 0.628 -0.082 0.637 -0.033 -0.683 0.354 -0.556,-243.06,235.96,24.70,-18.86,100.50,100.78,336,624,924,1048,0.525,0.401 0.403 -0.547 -0.339,37.9,1,0.000,0.000,0.5148,-0.63,,-1.000,0.0,0.0,0.0,,,27.7,26.4,-9.7,,0.000,0.0,11.5,-1.00,-1.0,0.0,2,5000
148,2.4667,swing,swingLow,-244.008,241.007,22.442,-3.480,17.470,-30.060,34.941,17.813,21.329,-234.00,272.41,38.62,32.76,0.369,1,,0,0.00,0.00,0.00,-243.077,236.541,24.075,101.78,-22.00,68.38,4.845,0.200,0.04,1.00,1,0,0,0,0,0,-22.00,-23.05,-2.48,0.2473,0.0973,0.4750,1,4.845,0,0.432,0,swing,airRise,1.000,1,-0.141 0.565 -0.383 0.552 -0.147 0.533 0.034 -0.649 0.397 -0.447,-243.06,236.26,24.43,-21.56,101.27,100.76,340,620,908,1056,0.477,0.301 0.270 -0.477 -0.203,27.7,1,0.000,0.000,0.5125,-0.91,,-1.000,0.0,0.0,0.0,,,36.4,33.8,-17.4,,0.000,0.0,11.5,-1.00,-1.0,0.0,0,5000
149,2.4833,swing,swingLow,-244.065,241.304,21.940,-3.358,18.168,-30.026,35.255,18.476,20.827,-234.00,272.41,38.62,32.76,0.442,1,,0,0.00,0.00,0.00,-243.107,236.823,23.663,102.07,-22.00,68.38,4.896,0.199,0.04,1.00,1,0,0,0,0,0,-22.00,-22.88,-2.50,0.2365,0.1059,0.4885,1,4.896,0,0.428,0,swing,airRise,1.000,1,-0.188 0.540 -0.466 0.512 -0.179 0.424 0.085 -0.613 0.420 -0.348,-243.08,236.54,24.07,-22.00,101.78,100.75,368,632,892,1060,0.437,0.251 0.152 -0.416 -0.091,20.4,1,0.000,0.000,0.5083,-1.17,,-1.000,0.0,0.0,0.0,,,42.6,39.0,-23.7,,0.000,0.0,11.5,-1.00,-1.0,0.0,0,5000
150,2.5000,swing,swingLow,-244.119,241.614,21.439,-3.234,18.872,-29.970,35.565,19.147,20.326,-234.00,272.41,38.62,32.76,0.504,1,,0,0.00,0.00,0.00,-243.148,237.117,23.216,102.19,-22.00,68.37,4.931,0.199,0.04,1.00,1,0,0,0,0,0,-22.00,-22.67,-2.52,0.2276,0.1122,0.4963,1,4.931,0,0.425,0,swing,airRise,1.000,1,-0.223 0.518 -0.536 0.505 -0.178 0.321 0.125 -0.579 0.428 -0.263,-243.11,236.82,23.66,-22.00,102.07,100.75,388,640,880,1060,0.405,0.241 0.049 -0.364 0.002,15.4,1,0.000,0.000,0.5037,-1.41,,-1.000,0.0,0.0,0.0,,,46.9,42.6,-28.7,,0.000,0.0,11.5,-1.00,-1.0,0.0,0,5000
151,2.5167,swing,swingLow,-244.172,241.935,20.939,-3.108,19.582,-29.892,35.870,19.827,19.826,-234.00,272.41,38.62,32.76,0.557,1,,0,0.00,0.00,0.00,-243.200,237.439,22.739,102.20,-22.00,68.37,4.940,0.199,0.04,1.00,1,0,0,0,0,0,-22.00,-22.41,-2.53,0.2255,0.1174,0.4983,1,4.940,0,0.421,0,swing,airRise,1.000,1,-0.249 0.501 -0.595 0.524 -0.146 0.229 0.156 -0.548 0.427 -0.191,-243.15,237.12,23.22,-22.00,102.19,100.74,404,644,868,1056,0.382,0.264 -0.034 -0.319 0.078,12.0,1,0.000,0.000,0.4992,-1.64,,-1.000,0.0,0.0,0.0,,,50.0,45.1,-32.6,,0.000,0.0,11.5,-1.00,-1.0,0.0,0,5000
152,2.5333,swing,swingLow,-244.222,242.268,20.441,-2.984,20.298,-29.791,36.172,20.516,19.328,-234.00,272.41,38.62,32.76,0.604,1,,0,0.00,0.00,0.00,-243.256,237.771,22.241,102.13,-22.00,68.37,4.940,0.201,0.04,1.00,1,0,0,0,0,0,-22.00,-22.10,-2.55,0.2264,0.1211,0.4957,1,4.940,0,0.417,0,swing,airRise,1.000,1,-0.269 0.486 -0.638 0.563 -0.084 0.156 0.180 -0.520 0.420 -0.129,-243.20,237.44,22.74,-22.00,102.20,100.74,412,644,856,1052,0.364,0.309 -0.093 -0.279 0.142,9.8,1,0.000,0.000,0.4950,-1.85,,-1.000,0.0,0.0,0.0,,,52.2,47.0,-35.6,,0.000,0.0,11.5,-1.00,-1.0,0.0,0,5000
153,2.5500,swing,swingLow,-244.271,242.613,19.944,-2.859,21.017,-29.667,36.469,21.211,18.831,-234.00,272.41,38.62,32.76,0.646,1,,0,0.00,0.00,0.00,-243.313,238.114,21.744,102.02,-22.00,68.37,4.940,0.203,0.04,1.00,1,0,0,0,0,0,-22.00,-21.75,-2.57,0.2295,0.1228,0.4922,1,4.940,0,0.413,0,swing,airRise,1.000,1,-0.283 0.475 -0.660 0.613 0.001 0.110 0.196 -0.494 0.410 -0.078,-243.26,237.77,22.24,-22.00,102.13,100.74,416,644,848,1048,0.349,0.369 -0.119 -0.243 0.195,8.5,1,0.000,0.000,0.4915,-2.04,,-1.000,0.0,0.0,0.0,,,53.9,48.5,-37.9,,0.000,0.0,11.5,-1.00,-1.0,0.0,0,5000
154,2.5667,swing,swingLow,-244.317,242.970,19.450,-2.733,21.740,-29.518,36.762,21.911,18.337,-234.00,272.41,38.62,32.76,0.682,1,,0,0.00,0.00,0.00,-243.371,238.468,21.250,101.87,-22.00,68.38,4.940,0.206,0.04,1.00,1,0,0,0,0,0,-22.00,-21.37,-2.58,0.2340,0.1224,0.4881,1,4.940,0,0.410,0,swing,swingLowL,1.000,1,-0.292 0.467 -0.660 0.664 0.097 0.096 0.207 -0.469 0.398 -0.034,-243.31,238.11,21.74,-22.00,102.02,100.74,412,640,840,1044,0.338,0.430 -0.110 -0.211 0.238,7.9,1,0.000,0.000,0.4889,-2.22,,-1.000,0.0,0.0,0.0,,,55.3,49.8,-39.6,,0.000,0.0,11.5,-1.00,-1.0,0.0,0,5000
155,2.5833,swing,swingLow,-244.362,243.339,18.958,-2.609,22.465,-29.346,37.050,22.616,17.845,-234.00,272.41,38.62,32.76,0.715,1,,0,0.00,0.00,0.00,-243.428,238.835,20.758,101.71,-22.00,68.39,4.940,0.209,0.04,1.00,1,0,0,0,0,0,-22.00,-20.94,-2.60,0.2422,0.1211,0.4851,1,4.940,0,0.406,0,swing,swingLowL,1.000,1,-0.297 0.467 -0.643 0.713 0.182 0.122 0.213 -0.462 0.392 -0.019,-243.37,238.47,21.25,-22.00,101.87,100.75,408,640,840,1040,0.340,0.491 -0.060 -0.202 0.253,8.3,1,0.000,0.000,0.4877,-2.38,,-1.000,0.0,0.0,0.0,,,55.0,49.2,-39.8,,0.000,0.0,11.5,-1.00,-1.0,0.0,0,5000
156,2.6000,swing,swingLow,-244.404,243.720,18.470,-2.485,23.193,-29.149,37.333,23.326,17.357,-234.00,272.41,38.62,32.76,0.745,1,,0,0.00,0.00,0.00,-243.484,239.213,20.270,101.53,-22.00,68.40,4.940,0.214,0.04,1.00,1,0,0,0,0,0,-22.00,-20.49,-2.62,0.2455,0.1209,0.4855,1,4.940,0,0.403,0,swing,swingLowL,1.000,1,-0.300 0.470 -0.640 0.728 0.250 0.170 0.219 -0.462 0.392 -0.015,-243.43,238.83,20.76,-22.00,101.71,100.76,404,640,836,1036,0.346,0.511 0.011 -0.201 0.257,9.0,1,0.000,0.000,0.4867,-2.52,,-1.000,0.0,0.0,0.0,,,54.3,48.2,-39.6,,0.000,0.0,11.5,-1.00,-1.0,0.0,0,5000
157,2.6167,swing,swingLow,-244.444,244.113,17.985,-2.359,23.921,-28.927,37.610,24.037,16.872,-234.00,272.41,38.62,32.76,0.772,1,,0,0.00,0.00,0.00,-243.538,239.604,19.785,101.36,-22.00,68.42,4.940,0.219,0.04,1.00,1,0,0,0,0,0,-22.00,-20.01,-2.63,0.2487,0.1208,0.4859,1,4.940,0,0.400,0,swing,swingLowL,1.000,1,-0.303 0.472 -0.638 0.741 0.296 0.225 0.223 -0.462 0.393 -0.015,-243.48,239.21,20.27,-22.00,101.53,100.77,404,644,836,1036,0.351,0.529 0.087 -0.202 0.257,9.6,1,0.000,0.000,0.4861,-2.64,,-1.000,0.0,0.0,0.0,,,53.7,47.3,-39.4,,0.000,0.0,11.5,-1.00,-1.0,0.0,0,5000
158,2.6333,swing,swingLow,-244.482,244.519,17.504,-2.236,24.650,-28.680,37.883,24.751,16.391,-234.00,272.41,38.62,32.76,0.797,1,,0,0.00,0.00,0.00,-243.589,240.006,19.303,101.19,-22.00,68.44,4.939,0.225,0.04,1.00,1,0,0,0,0,0,-22.00,-19.50,-2.65,0.2519,0.1212,0.4863,1,4.939,0,0.397,0,swing,swingLowL,1.000,1,-0.306 0.474 -0.635 0.752 0.321 0.278 0.226 -0.465 0.398 -0.020,-243.54,239.60,19.78,-22.00,101.36,100.79,404,644,832,1032,0.356,0.545 0.156 -0.207 0.251,10.1,1,0.000,0.000,0.4856,-2.74,,-1.000,0.0,0.0,0.0,,,53.1,46.4,-39.2,,0.000,0.0,11.5,-1.00,-1.0,0.0,0,5000
159,2.6500,swing,swingLow,-244.518,244.937,17.027,-2.113,25.377,-28.408,38.151,25.465,15.914,-234.00,272.41,38.62,32.76,0.821,1,,0,0.00,0.00,0.00,-243.638,240.421,18.823,101.03,-22.00,68.46,4.938,0.231,0.04,1.00,1,0,0,0,0,0,-22.00,-18.97,-2.67,0.2549,0.1219,0.4863,1,4.938,0,0.394,0,swing,swingLowL,1.000,1,-0.307 0.476 -0.632 0.761 0.331 0.320 0.228 -0.469 0.405 -0.031,-243.59,240.01,19.30,-22.00,101.19,100.81,404,648,832,1032,0.361,0.559 0.210 -0.214 0.238,10.4,1,0.000,0.000,0.4854,-2.81,,-1.000,0.0,0.0,0.0,,,52.5,45.6,-39.0,,0.000,0.0,11.5,-1.00,-1.0,0.0,0,5000
160,2.6667,swing,swingLow,-244.552,245.366,16.555,-1.990,26.103,-28.110,38.412,26.179,15.442,-234.00,272.41,38.62,32.76,0.842,1,,0,0.00,0.00,0.00,-243.685,240.849,18.344,100.87,-22.00,68.49,4.936,0.239,0.04,1.00,1,0,0,0,0,0,-22.00,-18.42,-2.68,0.2580,0.1228,0.4862,1,4.936,0,0.392,0,swing,swingLowL,1.000,1,-0.308 0.478 -0.629 0.770 0.333 0.351 0.228 -0.477 0.412 -0.046,-243.64,240.42,18.82,-22.00,101.03,100.83,404,648,832,1036,0.365,0.571 0.250 -0.226 0.222,10.6,1,0.000,0.000,0.4852,-2.86,,-1.000,0.0,0.0,0.0,,,52.0,44.9,-38.7,,0.000,0.0,11.5,-1.00,-1.0,0.0,0,5000
161,2.6833,swing,swingLow,-244.584,245.808,16.089,-1.869,26.826,-27.787,38.668,26.891,14.976,-234.00,272.41,38.62,32.76,0.863,1,,0,0.00,0.00,0.00,-243.729,241.288,17.868,100.71,-22.00,68.57,4.932,0.246,0.04,1.00,1,0,0,0,0,0,-22.00,-17.85,-2.70,0.2610,0.1235,0.4857,1,4.932,0,0.390,0,swing,swingLowL,1.000,1,-0.308 0.480 -0.625 0.777 0.332 0.369 0.228 -0.488 0.420 -0.064,-243.68,240.85,18.34,-22.00,100.87,100.87,400,652,828,1036,0.369,0.583 0.273 -0.240 0.203,10.7,1,0.000,0.000,0.4852,-2.89,,-1.000,0.0,0.0,0.0,,,51.4,44.3,-38.3,,0.000,0.0,11.5,-1.00,-1.0,0.0,0,5000
162,2.7000,swing,swingLow,-244.614,246.262,15.628,-1.755,27.546,-27.437,38.919,27.602,14.515,-234.00,272.41,38.62,32.76,0.882,1,,0,0.00,0.00,0.00,-243.771,241.740,17.396,100.56,-22.00,68.72,4.928,0.255,0.04,1.00,1,0,0,0,0,0,-22.00,-17.27,-2.72,0.2640,0.1241,0.4851,1,4.928,0,0.388,0,swing,swingLowL,1.000,1,-0.307 0.482 -0.621 0.783 0.328 0.373 0.226 -0.501 0.430 -0.089,-243.73,241.29,17.87,-22.00,100.71,100.95,400,652,828,1036,0.374,0.593 0.277 -0.260 0.177,10.6,1,0.000,0.000,0.4854,-2.89,,-1.000,0.0,0.0,0.0,,,50.9,43.6,-37.8,,0.000,0.0,11.5,-1.00,-1.0,0.0,0,5000
163,2.7167,swing,swingLow,-244.642,246.728,15.173,-1.646,28.262,-27.062,39.163,28.309,14.060,-234.00,272.41,38.62,32.76,0.901,1,,0,0.00,0.00,0.00,-243.810,242.204,16.929,100.42,-22.00,68.94,4.924,0.264,0.04,1.00,1,0,0,0,0,0,-22.00,-16.67,-2.73,0.2666,0.1243,0.4841,1,4.924,0,0.387,0,swing,swingLowL,1.000,1,-0.306 0.485 -0.616 0.790 0.324 0.374 0.223 -0.515 0.438 -0.116,-243.77,241.74,17.40,-22.00,100.56,101.11,396,652,828,1036,0.379,0.604 0.277 -0.280 0.149,10.5,1,0.000,0.000,0.4856,-2.87,,-1.000,0.0,0.0,0.0,,,50.2,43.0,-37.2,,0.000,0.0,11.5,-1.00,-1.0,0.0,0,5000
164,2.7333,swing,swingLow,-244.668,247.205,14.724,-1.534,28.971,-26.661,39.401,29.012,13.611,-234.00,272.41,38.62,32.76,0.919,1,,0,0.00,0.00,0.00,-243.847,242.679,16.467,100.29,-22.00,69.25,4.919,0.274,0.04,1.00,1,0,0,0,0,0,-22.00,-16.07,-2.75,0.2688,0.1241,0.4830,1,4.919,0,0.385,0,swing,swingLowL,1.000,1,-0.303 0.488 -0.612 0.796 0.322 0.373 0.221 -0.530 0.444 -0.140,-243.81,242.20,16.93,-22.00,100.42,101.34,396,652,828,1036,0.385,0.616 0.277 -0.300 0.122,10.3,1,0.000,0.000,0.4857,-2.84,,-1.000,0.0,0.0,0.0,,,49.5,42.3,-36.5,,0.000,0.0,11.5,-1.00,-1.0,0.0,0,5000
165,2.7500,swing,swingLow,-244.693,247.695,14.283,-1.420,29.674,-26.234,39.633,29.707,13.170,-234.00,272.41,38.62,32.76,0.933,1,,0,0.00,0.00,0.00,-243.881,243.167,16.010,100.16,-22.00,69.63,4.914,0.284,0.04,1.00,1,0,0,0,0,0,-22.00,-15.45,-2.77,0.2705,0.1237,0.4817,1,4.914,0,0.385,0,swing,swingLowL,1.000,1,-0.301 0.491 -0.609 0.803 0.318 0.371 0.219 -0.544 0.449 -0.164,-243.85,242.68,16.47,-22.00,100.29,101.66,392,652,828,1036,0.390,0.628 0.275 -0.320 0.094,10.0,1,0.000,0.000,0.4859,-2.75,,-1.000,0.0,0.0,0.0,,,48.8,41.5,-35.8,,0.000,0.0,11.5,-1.00,-1.0,0.0,0,5000
166,2.7667,swing,swingLow,-244.716,248.196,13.849,-1.304,30.368,-25.782,39.858,30.396,12.736,-234.00,272.41,38.62,32.76,0.945,1,,0,0.00,0.00,0.00,-243.914,243.666,15.559,100.04,-22.00,70.07,4.908,0.294,0.04,1.00,1,0,0,0,0,0,-22.00,-14.83,-2.78,0.2718,0.1232,0.4803,1,4.908,0,0.384,0,swing,swingLowL,1.000,1,-0.299 0.494 -0.605 0.809 0.314 0.369 0.217 -0.558 0.454 -0.190,-243.88,243.17,16.01,-22.00,100.16,102.06,392,652,832,1036,0.396,0.639 0.273 -0.340 0.065,9.7,1,0.000,0.000,0.4860,-2.63,,-1.000,0.0,0.0,0.0,,,48.0,40.8,-35.0,,0.000,0.0,11.5,-1.00,-1.0,0.0,0,5000
167,2.7833,swing,swingLow,-244.736,248.708,13.423,-1.183,30.975,-25.243,39.975,30.998,12.310,-234.00,272.41,38.62,32.76,0.955,1,,0,0.00,0.00,0.00,-243.944,244.177,15.115,99.92,-22.00,70.58,4.902,0.305,0.04,1.00,1,0,0,0,0,0,-22.00,-14.21,-2.80,0.2725,0.1226,0.4785,1,4.902,0,0.384,0,swing,swingLowL,1.000,1,-0.297 0.497 -0.603 0.815 0.309 0.365 0.214 -0.570 0.460 -0.218,-243.91,243.67,15.56,-22.00,100.04,102.52,388,652,828,1036,0.402,0.650 0.269 -0.359 0.031,9.5,1,0.000,0.000,0.4863,-2.50,,-1.000,0.0,0.0,0.0,,,47.3,40.1,-34.3,,0.000,0.0,11.5,-1.00,-1.0,0.0,0,5000
168,2.8000,swing,swingLow,-244.755,249.228,13.007,-1.058,31.488,-24.623,39.986,31.506,11.894,-234.00,272.41,38.62,32.76,0.963,1,,0,0.00,0.00,0.00,-243.971,244.696,14.679,99.80,-22.00,71.13,4.894,0.316,0.04,1.00,1,0,0,0,0,0,-22.00,-13.58,-2.82,0.2728,0.1219,0.4763,1,4.894,0,0.384,0,swing,swingLowL,1.000,1,-0.295 0.500 -0.600 0.820 0.303 0.362 0.212 -0.583 0.465 -0.247,-243.94,244.18,15.12,-22.00,99.92,103.05,384,652,828,1036,0.407,0.662 0.264 -0.378 -0.003,9.2,1,0.000,0.000,0.4865,-2.38,,-1.000,0.0,0.0,0.0,,,46.6,39.3,-33.7,,0.000,0.0,11.5,-1.00,-1.0,0.0,0,5000
169,2.8167,swing,swingLow,-244.771,249.757,12.602,-0.933,31.984,-23.988,39.991,31.997,11.489,-234.00,272.41,38.62,32.76,0.970,1,,0,0.00,0.00,0.00,-243.996,245.223,14.251,99.70,-22.00,71.72,4.887,0.328,0.04,1.00,1,0,0,0,0,0,-22.00,-12.95,-2.83,0.2728,0.1212,0.4737,1,4.887,0,0.385,0,swing,swingLowL,1.000,1,-0.293 0.502 -0.597 0.826 0.296 0.357 0.209 -0.594 0.472 -0.277,-243.97,244.70,14.68,-22.00,99.80,103.62,384,648,832,1036,0.413,0.673 0.258 -0.395 -0.042,9.0,1,0.000,0.000,0.4868,-2.27,,-1.000,0.0,0.0,0.0,,,45.8,38.6,-33.0,,0.000,0.0,11.5,-1.00,-1.0,0.0,0,5000
170,2.8333,swing,swingLow,-244.785,250.294,12.208,-0.807,32.460,-23.340,39.988,32.470,11.095,-234.00,272.41,38.62,32.76,0.975,1,,0,0.00,0.00,0.00,-244.019,245.759,13.832,99.59,-22.00,72.34,4.879,0.339,0.04,1.00,1,0,0,0,0,0,-22.00,-12.32,-2.85,0.2726,0.1204,0.4710,1,4.879,0,0.385,0,swing,swingLowL,1.000,1,-0.291 0.505 -0.595 0.831 0.287 0.353 0.206 -0.606 0.477 -0.307,-244.00,245.22,14.25,-22.00,99.70,104.22,380,648,832,1036,0.419,0.684 0.252 -0.412 -0.081,8.7,1,0.000,0.000,0.4871,-2.16,,-1.000,0.0,0.0,0.0,,,45.1,37.8,-32.3,,0.000,0.0,11.5,-1.00,-1.0,0.0,0,5000
171,2.8500,swing,swingLow,-244.798,250.839,11.824,-0.691,32.919,-22.677,39.979,32.926,10.711,-234.00,272.41,38.62,32.76,0.980,1,,0,0.00,0.00,0.00,-244.039,246.302,13.423,99.50,-22.00,72.98,4.870,0.350,0.04,1.00,1,0,0,0,0,0,-22.00,-11.69,-2.87,0.2720,0.1195,0.4679,1,4.870,0,0.386,0,swing,swingLowL,1.000,1,-0.288 0.508 -0.592 0.836 0.278 0.349 0.203 -0.615 0.484 -0.339,-244.02,245.76,13.83,-22.00,99.59,104.85,376,644,832,1036,0.424,0.695 0.245 -0.426 -0.123,8.5,1,0.001,0.000,0.4874,-2.05,,-1.000,0.0,0.0,0.0,,,44.3,37.0,-31.7,,0.000,0.0,11.5,-1.00,-1.0,0.0,0,5000
172,2.8667,swing,swingLow,-244.808,251.392,11.452,-0.587,33.358,-22.001,39.964,33.363,10.339,-234.00,272.41,38.62,32.76,0.984,1,,0,0.00,0.00,0.00,-244.056,246.853,13.025,99.41,-22.00,73.64,4.862,0.361,0.04,1.00,1,0,0,0,0,0,-22.00,-11.06,-2.88,0.2714,0.1185,0.4647,1,4.862,0,0.387,0,swing,swingLowL,1.000,1,-0.286 0.511 -0.589 0.842 0.268 0.345 0.200 -0.624 0.489 -0.369,-244.04,246.30,13.42,-22.00,99.50,105.50,372,640,836,1036,0.430,0.706 0.239 -0.441 -0.165,8.2,1,0.008,0.000,0.4877,-1.95,,-1.000,0.0,0.0,0.0,,,43.5,36.3,-31.0,,0.000,0.0,11.5,-1.00,-1.0,0.0,0,5000
173,2.8833,swing,swingLow,-244.817,251.951,11.091,-0.488,33.777,-21.312,39.942,33.781,9.978,-234.00,272.41,38.62,32.76,0.987,1,,0,0.00,0.00,0.00,-244.072,247.412,12.637,99.32,-21.97,74.30,4.853,0.372,0.04,1.00,1,0,0,0,0,0,-21.97,-10.43,-2.90,0.2706,0.1172,0.4616,1,4.853,0,0.389,0,swing,swingLowL,1.000,1,-0.282 0.514 -0.586 0.848 0.257 0.340 0.196 -0.632 0.494 -0.397,-244.06,246.85,13.02,-22.00,99.41,106.16,372,636,840,1036,0.436,0.718 0.232 -0.453 -0.207,7.8,1,0.022,0.000,0.4880,-1.86,,-1.000,0.0,0.0,0.0,,,42.6,35.4,-30.3,,0.000,0.0,11.5,-1.00,-1.0,0.0,0,5000
174,2.9000,swing,swingLow,-244.903,252.496,10.764,-9.816,31.589,-17.883,37.603,33.079,9.651,-234.00,272.41,38.62,32.76,0.989,1,,0,0.00,0.00,0.00,-244.094,247.967,12.263,100.13,-21.78,74.96,4.838,0.382,0.04,1.00,1,0,0,0,0,0,-21.78,-9.81,-2.92,0.2701,0.1141,0.4580,1,4.838,0,0.390,0,swing,swingLowL,1.000,1,-0.276 0.518 -0.579 0.855 0.254 0.340 0.180 -0.644 0.483 -0.427,-244.07,247.41,12.64,-21.97,99.32,106.82,368,632,840,1036,0.442,0.729 0.236 -0.473 -0.247,6.5,1,0.031,0.000,0.4888,-1.76,,-1.000,0.0,0.0,0.0,,,41.7,27.2,-36.0,,0.000,0.0,11.5,-1.00,-1.0,0.0,0,5000
175,2.9167,swing,swingLow,-245.084,253.022,10.476,-10.958,31.734,-16.979,37.622,33.573,9.363,-234.00,272.41,38.62,32.76,0.989,1,,0,0.00,0.00,0.00,-244.140,248.520,11.909,101.85,-21.50,75.51,4.818,0.390,0.04,1.00,1,0,0,0,0,0,-21.50,-9.19,-2.93,0.2706,0.1127,0.4520,1,4.818,0,0.392,0,swing,swingLowL,1.000,1,-0.270 0.522 -0.571 0.864 0.248 0.338 0.168 -0.653 0.479 -0.456,-244.09,247.97,12.26,-21.78,100.13,107.47,364,628,844,1036,0.451,0.745 0.236 -0.490 -0.292,4.6,1,0.028,0.000,0.4904,-1.67,,-1.000,0.0,0.0,0.0,,,40.4,26.0,-34.8,,0.000,0.0,11.5,-1.00,-1.0,0.0,0,5000
176,2.9333,swing,swingLow,-245.270,253.554,10.198,-11.145,32.134,-16.343,37.735,34.012,9.085,-234.00,272.41,38.62,32.76,0.991,1,,0,0.00,0.00,0.00,-244.220,249.075,11.578,103.19,-21.28,75.89,4.803,0.397,0.03,1.00,1,0,0,0,0,0,-21.28,-8.57,-2.95,0.2783,0.1081,0.4469,1,4.803,0,0.393,0,swing,swingLowL,1.000,1,-0.247 0.536 -0.561 0.889 0.254 0.285 0.156 -0.685 0.432 -0.459,-244.14,248.52,11.91,-21.50,101.85,108.02,356,624,844,1028,0.471,0.781 0.199 -0.531 -0.285,1.6,1,0.031,0.000,0.4899,-1.59,,-1.000,0.0,0.0,0.0,,,37.5,25.1,-31.2,,0.000,0.0,11.5,-1.00,-1.0,0.0,0,5000
177,2.9500,swing,swingLow,-245.461,254.092,9.932,-11.647,32.419,-15.594,37.813,34.447,8.819,-234.00,272.41,38.62,32.76,0.992,1,,0,0.00,0.00,0.00,-244.331,249.633,11.268,104.21,-21.11,76.12,4.790,0.403,0.03,1.00,1,0,0,0,0,0,-21.11,-7.96,-2.97,0.2826,0.1061,0.4412,1,4.790,0,0.395,0,swing,swingLowL,1.000,1,-0.229 0.544 -0.556 0.907 0.245 0.250 0.147 -0.701 0.410 -0.475,-244.22,249.08,11.58,-21.28,103.19,108.39,348,620,852,1028,0.484,0.808 0.172 -0.554 -0.305,1.8,1,0.058,0.000,0.4908,-1.52,,-1.000,0.0,0.0,0.0,,,35.2,24.0,-28.7,,0.000,0.0,11.5,-1.00,-1.0,0.0,0,5000
178,2.9667,swing,swingLow,-245.658,254.636,9.678,-11.843,32.776,-14.922,37.910,34.850,8.565,-234.00,272.41,38.62,32.76,0.994,1,,0,0.00,0.00,0.00,-244.469,250.192,10.975,104.98,-20.99,76.24,4.779,0.408,0.03,1.00,1,0,0,0,0,0,-20.99,-7.37,-2.98,0.2836,0.1069,0.4354,1,4.779,0,0.397,0,swing,swingBottomL,1.000,1,-0.224 0.547 -0.557 0.911 0.230 0.247 0.143 -0.702 0.417 -0.501,-244.33,249.63,11.27,-21.11,104.21,108.61,340,616,852,1032,0.492,0.820 0.167 -0.561 -0.349,2.6,1,0.076,0.000,0.4925,-1.44,,-1.000,0.0,0.0,0.0,,,33.9,23.1,-27.5,,0.000,0.0,11.5,-1.00,-1.0,0.0,0,5000
179,2.9833,swing,swingLow,-245.858,255.185,9.435,-11.999,33.125,-14.245,38.002,35.231,8.322,-234.00,272.41,38.62,32.76,0.995,1,,0,0.00,0.00,0.00,-244.627,250.753,10.697,105.52,-20.90,76.26,4.770,0.413,0.03,1.00,1,0,0,0,0,0,-20.90,-6.79,-3.00,0.2842,0.1087,0.4294,1,4.770,0,0.400,0,swing,swingBottomL,1.000,1,-0.216 0.550 -0.561 0.917 0.216 0.243 0.144 -0.698 0.432 -0.521,-244.47,250.19,10.97,-20.99,104.98,108.73,332,608,852,1040,0.499,0.833 0.161 -0.562 -0.391,3.8,1,0.081,0.000,0.4943,-1.37,,-1.000,0.0,0.0,0.0,,,32.5,22.2,-26.2,,0.000,0.0,11.5,-1.00,-1.0,0.0,0,5000
180,3.0000,swing,swingLow,-246.062,255.739,9.204,-12.414,33.369,-13.472,38.067,35.603,8.091,-234.00,272.41,38.62,32.76,0.996,1,,0,0.00,0.00,0.00,-244.800,251.316,10.433,105.92,-20.84,76.20,4.761,0.417,0.03,1.00,1,0,0,0,0,0,-20.84,-6.22,-3.02,0.2843,0.1104,0.4230,1,4.761,0,0.402,0,swing,swingBottomL,1.000,1,-0.214 0.551 -0.563 0.919 0.205 0.252 0.140 -0.690 0.449 -0.537,-244.63,250.75,10.70,-20.90,105.52,108.75,328,600,856,1044,0.504,0.841 0.167 -0.560 -0.432,4.4,1,0.060,0.000,0.4964,-1.30,,-1.000,0.0,0.0,0.0,,,31.5,21.0,-25.6,,0.000,0.0,11.5,-1.00,-1.0,0.0,0,5000
181,3.0167,swing,swingLow,-246.272,256.298,8.986,-12.579,33.672,-12.762,38.143,35.945,8.095,-234.00,272.41,38.62,32.76,0.997,1,,0,0.00,0.00,0.00,-244.986,251.881,10.183,106.24,-20.81,76.08,4.753,0.420,0.03,1.00,1,0,0,0,0,0,-20.81,-5.68,-3.03,0.2844,0.1122,0.4163,1,4.753,0,0.404,0,swing,swingBottomL,1.000,1,-0.212 0.552 -0.566 0.920 0.195 0.264 0.136 -0.681 0.467 -0.545,-244.80,251.32,10.43,-20.84,105.92,108.69,320,596,860,1048,0.509,0.849 0.175 -0.554 -0.465,4.8,1,0.041,0.000,0.4982,-1.24,,-1.000,0.0,0.0,0.0,,,30.6,20.0,-25.1,,0.000,0.0,11.5,-1.00,-1.0,0.0,0,5000
182,3.0333,swing,swingLow,-246.484,256.861,8.779,-12.710,33.964,-12.049,38.213,36.264,7.888,-234.00,272.41,38.62,32.76,0.997,1,,0,0.00,0.00,0.00,-245.180,252.450,9.946,106.46,-20.39,75.92,4.746,0.423,0.03,1.00,1,0,0,0,0,0,-20.39,-5.15,-3.05,0.2827,0.1152,0.4141,1,4.746,0,0.406,0,swing,swingBottomL,1.000,1,-0.209 0.552 -0.573 0.919 0.191 0.282 0.138 -0.662 0.499 -0.533,-244.99,251.88,10.18,-20.81,106.24,108.58,312,588,860,1056,0.513,0.853 0.192 -0.542 -0.484,5.3,1,0.024,0.000,0.5002,-1.18,,-1.000,0.0,0.0,0.0,,,29.7,19.1,-24.4,,0.000,0.0,11.5,-1.00,-1.0,0.0,0,5000
183,3.0500,swing,swingLow,-246.695,257.430,8.584,-12.584,34.318,-11.400,38.289,36.552,7.693,-234.00,272.41,38.62,32.76,0.998,1,,0,0.00,0.00,0.00,-245.381,253.022,9.720,106.60,-19.86,75.72,4.738,0.426,0.03,1.00,1,0,0,0,0,0,-19.86,-4.65,-3.07,0.2804,0.1182,0.4145,1,4.738,0,0.409,0,swing,swingBottomL,1.000,1,-0.216 0.549 -0.588 0.911 0.183 0.296 0.143 -0.645 0.522 -0.515,-245.18,252.45,9.95,-20.39,106.46,108.42,312,584,860,1060,0.514,0.851 0.206 -0.532 -0.492,4.8,1,0.006,0.000,0.5007,-1.12,,-1.000,0.0,0.0,0.0,,,29.5,18.2,-24.8,,0.000,0.0,11.5,-1.00,-1.0,0.0,0,5000
184,3.0667,swing,swingLow,-246.901,258.007,8.399,-12.217,34.731,-10.813,38.372,36.817,7.508,-234.00,272.41,38.62,32.76,0.998,1,,0,0.00,0.00,0.00,-245.586,253.598,9.507,106.61,-19.35,75.50,4.732,0.428,0.03,1.00,1,0,0,0,0,0,-19.35,-4.17,-3.08,0.2773,0.1217,0.4155,1,4.732,0,0.411,0,swing,swingBottomL,1.000,1,-0.227 0.544 -0.609 0.898 0.173 0.309 0.150 -0.627 0.545 -0.490,-245.38,253.02,9.72,-19.86,106.60,108.22,312,584,860,1064,0.512,0.844 0.220 -0.519 -0.489,3.8,1,0.000,0.000,0.5003,-1.07,,-1.000,0.0,0.0,0.0,,,29.7,17.4,-25.5,,0.000,0.0,11.5,-1.00,-1.0,0.0,0,5000
185,3.0833,swing,swingBottom,-247.101,258.589,8.223,-11.861,35.121,-10.210,38.450,37.069,7.332,-234.00,272.41,38.62,32.76,0.998,1,,0,0.00,0.00,0.00,-245.792,254.179,9.305,106.53,-18.87,75.25,4.725,0.430,0.03,1.00,1,0,0,0,0,0,-18.87,-3.71,-3.10,0.2745,0.1241,0.4170,1,4.725,0,0.414,0,swing,swingBottomL,1.000,1,-0.243 0.537 -0.630 0.883 0.157 0.311 0.153 -0.611 0.553 -0.477,-245.59,253.60,9.51,-19.35,106.61,108.00,316,584,856,1060,0.509,0.837 0.223 -0.509 -0.493,2.2,1,0.005,0.000,0.4986,-1.02,,-1.000,0.0,0.0,0.0,,,30.3,16.4,-26.8,,0.000,0.0,11.5,-1.00,-1.0,0.0,0,5000
186,3.1000,swing,swingBottom,-247.295,259.178,8.058,-11.577,35.467,-9.573,38.517,37.308,7.167,-234.00,272.41,38.62,32.76,0.999,1,,0,0.00,0.00,0.00,-245.997,254.765,9.113,106.39,-18.39,75.00,4.720,0.433,0.03,1.00,1,0,0,0,0,0,-18.39,-3.27,-3.12,0.2713,0.1258,0.4187,1,4.720,0,0.416,0,swing,swingBottomL,1.000,1,-0.259 0.530 -0.648 0.868 0.142 0.313 0.152 -0.592 0.557 -0.461,-245.79,254.18,9.30,-18.87,106.53,107.76,316,584,856,1060,0.505,0.828 0.227 -0.496 -0.496,0.4,1,0.017,0.000,0.4964,-0.97,,-1.000,0.0,0.0,0.0,,,31.2,15.5,-28.3,,0.000,0.0,11.5,-1.00,-1.0,0.0,0,5000
187,3.1167,swing,swingBottom,-247.486,259.772,7.904,-11.352,35.771,-8.908,38.572,37.530,7.013,-234.00,272.41,38.62,32.76,0.999,1,,0,0.00,0.00,0.00,-246.199,255.356,8.932,106.25,-17.92,74.74,4.714,0.435,0.03,1.00,1,0,0,0,0,0,-17.92,-2.84,-3.13,0.2681,0.1272,0.4200,1,4.714,0,0.419,0,swing,swingBottomL,1.000,1,-0.271 0.524 -0.659 0.857 0.135 0.321 0.149 -0.572 0.563 -0.437,-246.00,254.76,9.11,-18.39,106.39,107.51,320,584,848,1056,0.502,0.822 0.237 -0.481 -0.491,0.9,1,0.012,0.000,0.4944,-0.92,,-1.000,0.0,0.0,0.0,,,31.8,14.5,-29.4,,0.000,0.0,11.5,-1.00,-1.0,0.0,0,5000
188,3.1333,swing,swingBottom,-247.673,260.371,7.760,-11.120,36.056,-8.234,38.620,37.732,6.869,-234.00,272.41,38.62,32.76,0.999,1,,0,0.00,0.00,0.00,-246.398,255.951,8.762,106.09,-17.43,74.47,4.708,0.437,0.03,1.00,1,0,0,0,0,0,-17.43,-2.44,-3.15,0.2644,0.1284,0.4215,1,4.708,0,0.422,0,swing,swingBottomL,1.000,1,-0.285 0.517 -0.670 0.844 0.130 0.338 0.144 -0.550 0.570 -0.404,-246.20,255.36,8.93,-17.92,106.25,107.25,324,584,844,1056,0.497,0.814 0.256 -0.466 -0.475,2.4,1,0.004,0.000,0.4925,-0.87,,-1.000,0.0,0.0,0.0,,,32.7,13.7,-30.7,,0.000,0.0,11.5,-1.00,-1.0,0.0,0,5000
189,3.1500,swing,swingBottom,-247.853,260.974,7.628,-10.549,36.302,-7.619,38.564,37.804,6.737,-234.00,272.41,38.62,32.76,0.999,1,,0,0.00,0.00,0.00,-246.592,256.550,8.603,105.91,-16.95,74.21,4.702,0.439,0.03,1.00,1,0,0,0,0,0,-16.95,-2.04,-3.17,0.2614,0.1295,0.4231,1,4.702,0,0.424,0,swing,swingBottomL,1.000,1,-0.295 0.511 -0.677 0.834 0.129 0.354 0.140 -0.529 0.574 -0.368,-246.40,255.95,8.76,-17.43,106.09,106.99,328,584,840,1052,0.494,0.809 0.273 -0.452 -0.454,3.4,1,0.001,0.000,0.4904,-0.83,,-1.000,0.0,0.0,0.0,,,33.2,13.1,-31.4,,0.000,0.0,11.5,-1.00,-1.0,0.0,0,5000
190,3.1667,swing,swingBottom,-248.018,261.581,7.505,-9.667,36.512,-7.066,38.425,37.770,6.614,-234.00,272.41,38.62,32.76,0.999,1,,0,0.00,0.00,0.00,-246.780,257.151,8.454,105.62,-16.48,73.95,4.697,0.441,0.03,1.00,1,0,0,0,0,0,-16.48,-1.67,-3.18,0.2584,0.1304,0.4249,1,4.697,0,0.427,0,swing,swingBottomL,1.000,1,-0.303 0.506 -0.684 0.825 0.129 0.370 0.136 -0.509 0.577 -0.331,-246.59,256.55,8.60,-16.95,105.91,106.73,328,584,836,1048,0.492,0.803 0.292 -0.437 -0.429,4.5,1,0.003,0.000,0.4883,-0.79,,-1.000,0.0,0.0,0.0,,,33.7,12.8,-32.1,,0.000,0.0,11.5,-1.00,-1.0,0.0,0,5000
191,3.1833,swing,swingBottom,-248.169,262.191,7.391,-8.818,36.702,-6.509,38.303,37.746,6.500,-234.00,272.41,38.62,32.76,1.000,1,,0,0.00,0.00,0.00,-246.959,257.753,8.316,105.25,-16.03,73.70,4.692,0.442,0.02,1.00,1,0,0,0,0,0,-16.03,-1.31,-3.20,0.2559,0.1314,0.4274,1,4.692,0,0.430,0,swing,swingBottomL,1.000,1,-0.313 0.500 -0.690 0.814 0.130 0.393 0.134 -0.494 0.581 -0.293,-246.78,257.15,8.45,-16.48,105.62,106.47,332,584,832,1048,0.488,0.796 0.317 -0.428 -0.399,5.6,1,0.001,0.000,0.4864,-0.75,,-1.000,0.0,0.0,0.0,,,34.4,12.5,-32.9,,0.000,0.0,11.5,-1.00,-1.0,0.0,0,5000
192,3.2000,swing,swingBottom,-248.351,262.789,7.300,-13.319,35.048,-4.384,37.749,37.494,6.409,-234.00,272.41,38.62,32.76,1.000,1,,0,0.00,0.00,0.00,-247.133,258.353,8.189,105.35,-15.44,73.45,4.685,0.443,0.02,1.00,1,0,0,0,0,0,-15.44,-0.96,-3.22,0.2565,0.1317,0.4282,1,4.685,0,0.433,0,swing,swingBottomL,1.000,1,-0.312 0.500 -0.681 0.817 0.142 0.417 0.120 -0.484 0.590 -0.263,-246.96,257.75,8.32,-16.03,105.25,106.22,336,588,828,1044,0.490,0.800 0.347 -0.425 -0.371,5.5,1,0.000,0.000,0.4867,-0.72,,-1.000,0.0,0.0,0.0,,,34.1,7.0,-33.6,,0.000,0.0,11.5,-1.00,-1.0,0.0,0,5000
193,3.2167,swing,swingBottom,-248.580,263.372,7.234,-13.700,34.981,-3.645,37.744,37.568,6.343,-234.00,272.41,38.62,32.76,1.000,1,,0,0.00,0.00,0.00,-247.313,258.950,8.078,105.99,-14.73,73.22,4.677,0.443,0.02,1.00,1,0,0,0,0,0,-14.73,-0.62,-3.23,0.2599,0.1308,0.4279,1,4.677,0,0.435,0,swing,swingBottomL,1.000,1,-0.305 0.504 -0.660 0.827 0.155 0.439 0.105 -0.481 0.592 -0.246,-247.13,258.35,8.19,-15.44,105.35,105.97,340,588,824,1044,0.496,0.813 0.375 -0.428 -0.353,4.4,1,0.000,0.000,0.4880,-0.68,,-1.000,0.0,0.0,0.0,,,32.9,5.9,-32.6,,0.000,0.0,11.5,-1.00,-1.0,0.0,0,5000
194,3.2333,swing,swingBottom,-248.810,263.954,7.178,-13.778,35.004,-2.980,37.736,37.618,6.287,-234.00,272.41,38.62,32.76,1.000,1,,0,0.00,0.00,0.00,-247.503,259.544,7.982,106.51,-14.08,72.99,4.670,0.443,0.02,1.00,1,0,0,0,0,0,-14.08,-0.31,-3.25,0.2617,0.1256,0.4233,1,4.670,0,0.438,0,swing,swingBottomL,1.000,1,-0.281 0.516 -0.641 0.854 0.174 0.380 0.083 -0.451 0.551 -0.238,-247.31,258.95,8.08,-14.73,105.99,105.74,332,584,828,1040,0.512,0.847 0.321 -0.406 -0.358,1.5,1,0.000,0.000,0.4869,-0.65,,-1.000,0.0,0.0,0.0,,,29.9,4.8,-29.6,,0.000,0.0,11.5,-1.00,-1.0,0.0,0,5000
195,3.2500,swing,swingBottom,-249.036,264.537,7.133,-13.310,34.940,-2.421,37.467,37.389,6.242,-234.00,272.41,38.62,32.76,1.000,1,,0,0.00,0.00,0.00,-247.702,260.135,7.902,106.86,-13.48,72.77,4.664,0.441,0.02,1.00,1,0,0,0,0,0,-13.48,-0.00,-3.27,0.2609,0.1235,0.4218,1,4.664,0,0.441,0,swing,swingBottomL,1.000,1,-0.270 0.520 -0.640 0.862 0.180 0.343 0.077 -0.427 0.524 -0.209,-247.50,259.54,7.98,-14.08,106.51,105.51,332,580,828,1036,0.518,0.860 0.287 -0.389 -0.336,0.4,1,0.000,0.000,0.4852,-0.62,,-1.000,0.0,0.0,0.0,,,28.4,4.0,-28.2,,0.000,0.0,11.5,-1.00,-1.0,0.0,0,5000
196,3.2667,swing,swingBottom,-249.247,265.117,7.096,-12.339,34.796,-1.983,36.972,36.919,6.205,-234.00,272.41,38.62,32.76,1.000,1,,0,0.00,0.00,0.00,-247.906,260.717,7.836,106.94,-12.95,72.56,4.659,0.439,0.02,1.00,1,0,0,0,0,0,-12.95,0.29,-3.28,0.2584,0.1242,0.4229,1,4.659,0,0.444,0,swing,swingBottomL,1.000,1,-0.273 0.516 -0.653 0.855 0.182 0.333 0.079 -0.411 0.515 -0.171,-247.70,260.13,7.90,-13.48,106.86,105.29,332,580,828,1032,0.517,0.856 0.281 -0.377 -0.301,0.6,1,0.000,0.000,0.4835,-0.59,,-1.000,0.0,0.0,0.0,,,28.6,3.6,-28.4,,0.000,0.0,11.5,-1.00,-1.0,0.0,0,5000
197,3.2833,swing,swingBottom,-249.436,265.697,7.065,-11.008,34.791,-1.558,36.524,36.491,6.174,-234.00,272.41,38.62,32.76,1.000,1,,0,0.00,0.00,0.00,-248.109,261.292,7.780,106.77,-12.48,72.36,4.655,0.435,0.02,1.00,1,0,0,0,0,0,-12.48,0.56,-3.30,0.2562,0.1263,0.4265,1,4.655,0,0.446,0,swing,swingBottomL,1.000,1,-0.289 0.508 -0.670 0.837 0.182 0.353 0.085 -0.407 0.517 -0.142,-247.91,260.72,7.84,-12.95,106.94,105.07,336,584,824,1032,0.510,0.840 0.303 -0.377 -0.269,2.1,1,0.000,0.000,0.4820,-0.56,,-1.000,0.0,0.0,0.0,,,30.1,3.5,-30.0,,0.000,0.0,11.5,-1.00,-1.0,0.0,0,5000
198,3.3000,swing,swingBottom,-249.607,266.277,7.042,-9.980,34.877,-1.093,36.293,36.276,6.151,-234.00,272.41,38.62,32.76,0.999,1,,0,0.00,0.00,0.00,-248.305,261.865,7.735,106.43,-12.03,72.17,4.652,0.430,0.02,1.00,1,0,0,0,0,0,-12.03,0.81,-3.32,0.2548,0.1284,0.4306,1,4.652,0,0.449,0,swing,swingBottomL,1.000,1,-0.302 0.501 -0.682 0.821 0.181 0.377 0.090 -0.406 0.523 -0.118,-248.11,261.29,7.78,-12.48,106.77,104.87,340,588,820,1032,0.503,0.826 0.330 -0.379 -0.242,3.6,1,0.000,0.000,0.4807,-0.53,,-1.000,0.0,0.0,0.0,,,31.4,3.3,-31.3,,0.000,0.0,11.5,-1.00,-1.0,0.0,0,5000
199,3.3167,swing,swingBottom,-249.764,266.860,7.028,-9.232,35.045,-0.577,36.245,36.240,6.137,-234.00,272.41,38.62,32.76,0.997,1,,0,0.00,0.00,0.00,-248.493,262.439,7.699,106.04,-11.58,71.98,4.649,0.423,0.02,1.00,1,0,0,0,0,0,-11.58,1.04,-3.33,0.2547,0.1308,0.4353,1,4.649,0,0.452,0,swing,swingBottomL,1.000,1,-0.312 0.494 -0.691 0.807 0.178 0.405 0.098 -0.411 0.533 -0.103,-248.31,261.86,7.74,-12.03,106.43,104.68,344,592,820,1032,0.498,0.813 0.362 -0.387 -0.220,4.8,1,0.000,0.000,0.4797,-0.50,,-1.000,0.0,0.0,0.0,,,32.5,2.9,-32.4,,0.000,0.0,11.5,-1.00,-1.0,0.0,0,5000
200,3.3333,swing,swingBottom,-249.910,267.446,7.022,-8.521,35.183,-0.054,36.200,36.200,6.131,-234.00,272.41,38.62,32.76,0.995,1,,0,0.00,0.00,0.00,-248.671,263.015,7.672,105.62,-11.13,71.81,4.646,0.416,0.02,1.00,1,0,0,0,0,0,-11.13,1.26,-3.35,0.2551,0.1331,0.4403,1,4.646,0,0.455,0,swing,swingBottomL,1.000,1,-0.321 0.488 -0.697 0.796 0.174 0.435 0.105 -0.417 0.544 -0.093,-248.49,262.44,7.70,-11.58,106.04,104.49,348,600,812,1032,0.493,0.803 0.394 -0.395 -0.203,5.8,1,0.000,0.000,0.4788,-0.48,,-1.000,0.0,0.0,0.0,,,33.4,2.6,-33.3,,0.000,0.0,11.5,-1.00,-1.0,0.0,0,5000
201,3.3500,swing,swingBottom,-250.043,268.034,7.025,-7.765,35.424,0.478,36.268,36.265,6.134,-234.00,272.41,38.62,32.76,0.994,1,,0,0.00,0.00,0.00,-248.838,263.595,7.653,105.19,-10.68,71.64,4.643,0.408,0.02,1.00,1,0,0,0,0,0,-10.68,1.46,-3.37,0.2563,0.1354,0.4455,1,4.643,0,0.458,0,swing,swingBottomL,1.000,1,-0.328 0.483 -0.700 0.786 0.165 0.464 0.113 -0.427 0.557 -0.089,-248.67,263.02,7.67,-11.13,105.62,104.31,356,604,808,1036,0.489,0.794 0.427 -0.407 -0.191,6.6,1,0.000,0.000,0.4780,-0.46,,-1.000,0.0,0.0,0.0,,,34.2,2.2,-34.1,,0.000,0.0,11.5,-1.00,-1.0,0.0,0,5000
202,3.3667,swing,swingBottom,-250.164,268.629,7.037,-7.073,35.741,1.026,36.449,36.435,6.146,-234.00,272.41,38.62,32.76,0.993,1,,0,0.00,0.00,0.00,-248.994,264.180,7.643,104.74,-10.22,71.48,4.640,0.401,0.02,1.00,1,0,0,0,0,0,-10.22,1.65,-3.38,0.2577,0.1376,0.4508,1,4.640,0,0.461,0,swing,swingBottomL,1.000,1,-0.333 0.479 -0.702 0.777 0.156 0.492 0.120 -0.437 0.570 -0.088,-248.84,263.60,7.65,-10.68,105.19,104.14,360,612,804,1036,0.485,0.786 0.457 -0.419 -0.183,7.3,1,0.000,0.000,0.4773,-0.43,,-1.000,0.0,0.0,0.0,,,34.8,1.8,-34.7,,0.000,0.0,11.5,-1.00,-1.0,0.0,0,5000
203,3.3833,swing,swingBottom,-250.275,269.228,7.058,-6.426,36.024,1.590,36.627,36.593,6.167,-234.00,272.41,38.62,32.76,0.994,1,,0,0.00,0.00,0.00,-249.138,264.771,7.642,104.31,-9.75,71.34,4.637,0.394,0.02,1.00,1,0,0,0,0,0,-9.75,1.82,-3.40,0.2594,0.1396,0.4561,1,4.637,0,0.463,0,swing,swingBottomL,1.000,1,-0.337 0.475 -0.702 0.770 0.144 0.517 0.127 -0.448 0.582 -0.092,-248.99,264.18,7.64,-10.22,104.74,103.98,364,616,804,1036,0.482,0.780 0.486 -0.432 -0.179,7.9,1,0.000,0.000,0.4767,-0.41,,-1.000,0.0,0.0,0.0,,,35.3,1.3,-35.3,,0.000,0.0,11.5,-1.00,-1.0,0.0,0,5000
204,3.4000,swing,swingBottom,-250.405,269.819,7.098,-9.406,34.733,3.154,36.122,35.984,6.207,-234.00,272.41,38.62,32.76,0.995,1,,0,0.00,0.00,0.00,-249.273,265.360,7.652,104.24,-9.19,71.20,4.633,0.388,0.02,1.00,1,0,0,0,0,0,-9.19,1.97,-3.42,0.2641,0.1404,0.4587,1,4.633,0,0.466,0,swing,swingBottomL,1.000,1,-0.332 0.478 -0.688 0.777 0.144 0.538 0.123 -0.461 0.597 -0.105,-249.14,264.77,7.64,-9.75,104.31,103.83,368,624,800,1036,0.486,0.788 0.511 -0.447 -0.183,7.2,1,0.000,0.000,0.4782,-0.39,,-1.000,0.0,0.0,0.0,,,34.6,-3.3,-34.6,,0.000,0.0,11.5,-1.00,-1.0,0.0,0,5000
205,3.4167,swing,swingBottom,-250.566,270.396,7.158,-9.625,34.651,3.953,36.180,35.963,6.267,-234.00,272.41,38.62,32.76,0.993,1,,0,0.00,0.00,0.00,-249.408,265.945,7.674,104.58,-8.54,71.06,4.629,0.381,0.02,1.00,1,0,0,0,0,0,-8.54,2.12,-3.43,0.2708,0.1397,0.4595,1,4.629,0,0.469,0,swing,swingBottomL,1.000,1,-0.319 0.484 -0.663 0.792 0.150 0.554 0.113 -0.476 0.604 -0.130,-249.27,265.36,7.65,-9.19,104.24,103.68,368,628,804,1040,0.493,0.803 0.531 -0.464 -0.199,5.7,1,0.000,0.000,0.4806,-0.36,,-1.000,0.0,0.0,0.0,,,33.3,-4.5,-33.1,,0.000,0.0,11.5,-1.00,-1.0,0.0,0,5000
206,3.4333,swing,swingBottom,-250.727,270.974,7.230,-9.623,34.643,4.693,36.259,35.954,6.339,-234.00,272.41,38.62,32.76,0.991,1,,0,0.00,0.00,0.00,-249.547,266.528,7.710,104.87,-7.93,70.94,4.625,0.375,0.02,1.00,1,0,0,0,0,0,-7.93,2.24,-3.45,0.2735,0.1329,0.4558,1,4.625,0,0.471,0,swing,swingBottomL,1.000,1,-0.297 0.497 -0.647 0.818 0.187 0.484 0.102 -0.457 0.546 -0.111,-249.41,265.94,7.67,-8.54,104.58,103.55,364,628,804,1032,0.506,0.832 0.461 -0.450 -0.186,3.1,1,0.000,0.000,0.4787,-0.34,,-1.000,0.0,0.0,0.0,,,30.9,-5.4,-30.6,,0.000,0.0,11.5,-1.00,-1.0,0.0,0,5000
207,3.4500,swing,swingBottom,-250.892,271.550,7.316,-10.040,34.423,5.545,36.283,35.857,6.425,-234.00,272.41,38.62,32.76,0.990,1,,0,0.00,0.00,0.00,-249.691,267.109,7.760,105.14,-7.34,70.82,4.621,0.369,0.01,1.00,1,0,0,0,0,0,-7.34,2.36,-3.47,0.2768,0.1278,0.4527,1,4.621,0,0.473,0,swing,swingBottomL,1.000,1,-0.279 0.505 -0.633 0.836 0.202 0.431 0.097 -0.449 0.502 -0.095,-249.55,266.53,7.71,-7.93,104.87,103.42,364,628,804,1024,0.515,0.852 0.408 -0.446 -0.171,1.1,1,0.000,0.000,0.4783,-0.31,,-1.000,0.0,0.0,0.0,,,29.1,-6.7,-28.6,,0.000,0.0,11.5,-1.00,-1.0,0.0,0,5000
208,3.4667,swing,swingBottom,-251.060,272.123,7.415,-10.052,34.370,6.285,36.357,35.809,6.524,-234.00,272.41,38.62,32.76,0.990,1,,0,0.00,0.00,0.00,-249.840,267.688,7.825,105.38,-6.79,70.71,4.618,0.364,0.01,1.00,1,0,0,0,0,0,-6.79,2.46,-3.48,0.2801,0.1260,0.4516,1,4.618,0,0.475,0,swing,swingBottomL,1.000,1,-0.271 0.508 -0.624 0.842 0.205 0.417 0.097 -0.453 0.486 -0.090,-249.69,267.11,7.76,-7.34,105.14,103.30,360,628,812,1024,0.518,0.860 0.395 -0.452 -0.161,0.4,1,0.000,0.000,0.4793,-0.29,,-1.000,0.0,0.0,0.0,,,28.4,-7.7,-27.7,,0.000,0.0,11.5,-1.00,-1.0,0.0,0,5000
209,3.4833,swing,swingBottom,-251.228,272.695,7.526,-10.025,34.304,7.023,36.422,35.739,6.635,-234.00,272.41,38.62,32.76,0.989,1,,0,0.00,0.00,0.00,-249.995,268.264,7.903,105.56,-6.27,70.61,4.615,0.359,0.01,1.00,1,0,0,0,0,0,-6.27,2.54,-3.50,0.2826,0.1234,0.4501,1,4.615,0,0.477,0,swing,swingBottomL,1.000,1,-0.258 0.511 -0.619 0.850 0.204 0.385 0.100 -0.453 0.458 -0.073,-249.84,267.69,7.82,-6.79,105.38,103.18,356,628,816,1020,0.522,0.868 0.364 -0.456 -0.142,1.4,1,0.000,0.000,0.4792,-0.27,,-1.000,0.0,0.0,0.0,,,27.5,-8.7,-26.5,,0.000,0.0,11.5,-1.00,-1.0,0.0,0,5000
210,3.5000,swing,swingBottom,-251.393,273.267,7.649,-9.624,34.356,7.656,36.491,35.678,6.758,-234.00,272.41,38.62,32.76,0.989,1,,0,0.00,0.00,0.00,-250.152,268.838,7.994,105.65,-5.80,70.51,4.613,0.355,0.01,1.00,1,0,0,0,0,0,-5.80,2.61,-3.52,0.2829,0.1245,0.4511,1,4.613,0,0.478,0,swing,swingBottomL,1.000,1,-0.261 0.508 -0.629 0.842 0.198 0.387 0.112 -0.460 0.455 -0.062,-249.99,268.26,7.90,-6.27,105.56,103.08,356,628,816,1024,0.518,0.860 0.369 -0.464 -0.125,1.1,1,0.000,0.000,0.4791,-0.25,,-1.000,0.0,0.0,0.0,,,28.1,-9.5,-26.9,,0.000,0.0,11.5,-1.00,-1.0,0.0,0,5000
211,3.5167,swing,swingBottom,-251.545,273.842,7.781,-8.878,34.516,8.196,36.570,35.640,6.890,-234.00,272.41,38.62,32.76,0.989,1,,0,0.00,0.00,0.00,-250.310,269.411,8.098,105.57,-5.40,70.42,4.611,0.352,0.01,1.00,1,0,0,0,0,0,-5.40,2.66,-3.53,0.2817,0.1264,0.4530,1,4.611,0,0.479,0,swing,swingBottomL,1.000,1,-0.269 0.503 -0.646 0.828 0.188 0.396 0.128 -0.466 0.453 -0.050,-250.15,268.84,7.99,-5.80,105.65,102.98,356,632,812,1024,0.513,0.846 0.379 -0.472 -0.109,0.6,1,0.000,0.000,0.4782,-0.24,,-1.000,0.0,0.0,0.0,,,29.3,-9.9,-28.0,,0.000,0.0,11.5,-1.00,-1.0,0.0,0,5000
212,3.5333,air,trick,-251.633,274.188,7.854,-10.657,41.432,8.810,43.678,42.781,6.963,0.00,0.00,0.00,0.00,0.000,1,backDouble,0,0.00,0.00,0.00,-250.403,269.755,8.203,105.51,-5.75,70.34,4.613,0.351,0.01,1.00,0,0,0,0,0,0,-5.75,2.67,-3.55,0.2880,0.1232,0.4471,1,4.613,0,0.480,1,swing,swingBottomL,1.000,1,-0.259 0.507 -0.620 0.839 0.192 0.415 0.120 -0.481 0.449 -0.069,-250.31,269.41,8.10,-5.40,105.57,102.88,360,632,812,1028,0.518,0.859 0.397 -0.489 -0.131,-1.0,0,0.000,0.000,0.4853,-0.22,backDouble,0.000,-0.0,0.0,-237.2,Tuck,Tuck,28.3,-10.0,-26.9,,0.006,16.2,-2.6,1.00,-1.0,0.0,0,5073
213,3.5500,air,trick,-251.811,274.877,7.999,-10.635,41.349,8.630,43.559,42.695,7.108,0.00,0.00,0.00,0.00,0.000,1,backDouble,0,0.00,0.00,0.00,-250.589,270.444,8.311,105.41,-5.27,70.27,4.609,0.354,0.01,1.00,0,0,0,0,0,0,-5.27,2.63,-3.57,0.2925,0.1199,0.4458,1,4.609,0,0.480,0,flip_backDouble,swingBottomL,1.000,3,-0.244 0.503 -0.584 0.835 0.193 0.445 0.106 -0.489 0.433 -0.058,-250.40,269.76,8.20,-5.75,105.51,102.80,348,628,828,1036,0.517,0.860 0.431 -0.500 -0.116,-1.0,0,0.000,0.000,0.4857,-0.21,backDouble,0.017,-4.1,0.0,-260.3,Tuck,Tuck,28.6,-14.5,-25.7,,0.021,16.4,-2.1,1.00,-1.0,0.0,0,5274
214,3.5667,air,trick,-251.968,275.565,8.140,-9.448,41.267,8.450,43.169,42.334,7.249,0.00,0.00,0.00,0.00,0.000,1,backDouble,0,0.00,0.00,0.00,-250.769,271.132,8.426,105.14,-4.95,70.21,4.601,0.360,0.01,1.00,0,0,0,0,0,0,-4.95,2.55,-3.58,0.2887,0.1185,0.4426,1,4.601,0,0.481,0,flip_backDouble,swingBottomL,1.000,3,-0.224 0.496 -0.569 0.814 0.191 0.446 0.104 -0.464 0.406 -0.010,-250.59,270.44,8.31,-5.27,105.41,102.73,348,624,832,1036,0.513,0.845 0.434 -0.480 -0.064,-1.0,0,0.000,0.000,0.4848,-0.20,backDouble,0.033,-8.9,0.0,-320.3,Tuck,Tuck,29.2,-18.1,-24.4,,0.044,16.6,-1.3,1.00,-1.0,0.0,0,5575
215,3.5833,air,trick,-252.126,276.252,8.279,-9.429,41.184,8.270,43.052,42.250,7.388,0.00,0.00,0.00,0.00,0.000,1,backDouble,0,0.00,0.00,0.00,-250.943,271.827,8.546,104.96,-4.73,70.17,4.588,0.368,0.01,1.00,0,0,0,0,0,0,-4.73,2.44,-3.60,0.2765,0.1183,0.4377,1,4.588,0,0.481,0,flip_backDouble,swingBottomL,1.000,3,-0.220 0.490 -0.570 0.789 0.184 0.464 0.077 -0.399 0.369 0.036,-250.77,271.13,8.43,-4.95,105.14,102.67,348,616,832,1032,0.507,0.822 0.452 -0.422 -0.012,-1.0,0,0.000,0.000,0.4833,-0.19,backDouble,0.050,-14.9,0.0,-402.9,Tuck,Tuck,30.3,-20.3,-24.3,,0.073,17.0,-0.3,1.00,-1.0,0.0,0,5953
216,3.6000,air,trick,-252.282,276.937,8.414,-9.410,41.102,8.090,42.934,42.165,7.523,0.00,0.00,0.00,0.00,0.000,1,backDouble,0,0.00,0.00,0.00,-251.111,272.532,8.663,104.89,-4.53,70.13,4.565,0.378,0.01,1.00,0,0,0,0,0,0,-4.53,2.30,-3.62,0.2575,0.1178,0.4298,1,4.565,0,0.481,0,flip_backDouble,swingBottomL,1.000,3,-0.208 0.481 -0.574 0.760 0.179 0.486 0.021 -0.291 0.314 0.091,-250.94,271.83,8.55,-4.73,104.96,102.62,348,600,824,1028,0.499,0.794 0.473 -0.318 0.049,-1.0,0,0.000,0.000,0.4806,-0.18,backDouble,0.067,-22.4,0.0,-494.0,Tuck,Tuck,31.6,-23.4,-23.5,,0.107,17.4,0.9,1.00,-1.0,0.0,0,6389
217,3.6167,air,trick,-252.274,277.578,8.547,0.529,38.448,7.910,39.257,38.452,7.656,0.00,0.00,0.00,0.00,0.000,1,backDouble,0,0.00,0.00,0.00,-251.228,273.174,8.769,103.36,-4.25,70.10,4.532,0.388,0.01,1.00,0,0,0,0,0,0,-4.25,2.14,-3.63,0.2333,0.1183,0.4222,1,4.532,0,0.480,0,flip_backDouble,swingBottomL,1.000,3,-0.196 0.466 -0.599 0.721 0.168 0.510 -0.046 -0.163 0.253 0.138,-251.11,272.53,8.66,-4.53,104.89,102.58,352,580,820,1020,0.486,0.755 0.498 -0.191 0.105,-1.0,0,0.000,0.000,0.4764,-0.17,backDouble,0.083,-31.3,0.0,-579.4,Tuck,Tuck,33.8,-22.5,-27.7,,0.144,17.8,2.3,1.00,-1.0,0.0,0,6866
218,3.6333,air,trick,-252.265,278.218,8.676,0.528,38.372,7.730,39.146,38.375,7.785,0.00,0.00,0.00,0.00,0.000,1,backDouble,0,0.00,0.00,0.00,-251.300,273.840,8.857,102.43,-3.78,70.07,4.488,0.398,0.01,1.00,0,0,0,0,0,0,-3.78,1.97,-3.65,0.2099,0.1219,0.4164,1,4.488,0,0.480,0,flip_backDouble,flipTuck,1.000,3,-0.178 0.446 -0.629 0.680 0.156 0.532 -0.107 -0.052 0.196 0.166,-251.23,273.17,8.77,-4.25,103.36,102.55,360,564,812,1012,0.467,0.711 0.522 -0.075 0.143,-1.0,0,0.000,0.000,0.4734,-0.16,backDouble,0.100,-41.6,0.0,-645.0,Tuck,Tuck,36.7,-28.2,-27.5,,0.182,18.3,3.8,1.00,-1.0,0.0,0,7372
219,3.6500,air,trick,-252.256,278.857,8.803,0.527,38.295,7.550,39.036,38.298,7.912,0.00,0.00,0.00,0.00,0.000,1,backDouble,0,0.00,0.00,0.00,-251.326,274.525,8.920,102.11,-3.03,70.05,4.432,0.407,0.01,1.00,0,0,0,0,0,0,-3.03,1.78,-3.67,0.1914,0.1236,0.4130,1,4.432,0,0.480,0,flip_backDouble,flipTuck,1.000,3,-0.152 0.424 -0.648 0.649 0.148 0.550 -0.151 0.023 0.153 0.176,-251.30,273.84,8.86,-3.78,102.43,102.52,368,552,808,1004,0.442,0.672 0.543 0.008 0.161,-1.0,0,0.000,0.000,0.4718,-0.15,backDouble,0.117,-52.6,0.0,-676.7,Tuck,Tuck,40.2,-34.0,-27.0,,0.223,18.9,5.3,1.00,-1.0,0.0,0,7893
220,3.6667,air,trick,-252.230,279.490,8.927,1.576,37.946,7.370,38.687,37.979,8.036,0.00,0.00,0.00,0.00,0.000,1,backDouble,0,0.00,0.00,0.00,-251.308,275.220,8.972,102.18,-2.18,70.03,4.368,0.415,0.01,1.00,0,0,0,0,0,0,-2.18,1.59,-3.68,0.1754,0.1208,0.4123,1,4.368,0,0.479,0,flip_backDouble,flipTuck,1.000,3,-0.123 0.393 -0.641 0.614 0.143 0.565 -0.176 0.068 0.123 0.181,-251.33,274.52,8.92,-3.03,102.11,102.50,376,548,808,1004,0.408,0.628 0.561 0.059 0.173,-1.0,0,0.000,0.000,0.4721,-0.14,backDouble,0.133,-63.9,0.0,-677.7,Tuck,Tuck,44.9,-40.1,-28.1,,0.263,19.4,7.0,1.00,-1.0,0.0,0,8423
221,3.6833,air,trick,-252.204,280.121,9.047,1.572,37.870,7.190,38.579,37.903,8.156,0.00,0.00,0.00,0.00,0.000,1,backDouble,0,0.00,0.00,0.00,-251.255,275.930,9.026,102.76,-1.37,70.01,4.298,0.422,0.00,1.00,0,0,0,0,0,0,-1.37,1.39,-3.70,0.1673,0.1146,0.4158,1,4.298,0,0.478,0,flip_backDouble,flipTuck,1.000,3,-0.084 0.351 -0.592 0.576 0.149 0.574 -0.191 0.099 0.104 0.190,-251.31,275.22,8.97,-2.18,102.18,102.48,388,548,824,1000,0.361,0.583 0.573 0.095 0.186,-1.0,0,0.000,0.000,0.4755,-0.13,backDouble,0.150,-75.2,0.0,-677.7,Tuck,Tuck,50.9,-47.9,-28.5,,0.304,20.0,8.7,1.00,-1.0,0.0,0,8953
222,3.7000,air,trick,-252.177,280.751,9.165,1.569,37.795,7.010,38.471,37.827,8.274,0.00,0.00,0.00,0.00,0.000,1,backDouble,0,0.00,0.00,0.00,-251.180,276.667,9.063,103.73,-0.34,70.00,4.206,0.428,0.00,1.00,0,0,0,0,0,0,-0.34,1.18,-3.72,0.1600,0.1083,0.4189,1,4.206,0,0.477,0,flip_backDouble,flipTuck,1.000,3,-0.034 0.293 -0.511 0.532 0.168 0.572 -0.201 0.126 0.093 0.204,-251.25,275.93,9.03,-1.37,102.76,102.46,400,548,840,1004,0.296,0.533 0.573 0.125 0.203,-1.0,0,0.000,0.000,0.4814,-0.12,backDouble,0.167,-86.5,0.0,-677.7,Tuck,Tuck,58.8,-57.1,-29.6,,0.344,20.7,10.5,1.00,-1.0,0.0,0,9477
223,3.7167,air,trick,-252.151,281.380,9.279,1.566,37.719,6.830,38.365,37.752,8.388,0.00,0.00,0.00,0.00,0.000,1,backDouble,0,0.00,0.00,0.00,-251.099,277.452,9.084,105.00,0.94,69.99,4.072,0.434,0.00,1.00,0,0,0,0,0,0,0.94,0.98,-3.73,0.1555,0.1065,0.4218,1,4.072,0,0.476,0,flip_backDouble,flipTuck,1.000,3,0.027 0.214 -0.421 0.477 0.202 0.554 -0.205 0.152 0.088 0.221,-251.18,276.67,9.06,-0.34,103.73,102.45,400,544,856,1012,0.205,0.471 0.552 0.153 0.223,-1.0,0,0.000,0.000,0.4886,-0.11,backDouble,0.183,-97.8,0.0,-677.7,Tuck,Tuck,68.8,-68.2,-33.0,,0.384,21.5,12.3,1.00,-1.0,0.0,0,9990
224,3.7333,air,trick,-252.125,282.008,9.391,1.563,37.644,6.650,38.259,37.676,8.500,0.00,0.00,0.00,0.00,0.000,1,backDouble,0,0.00,0.00,0.00,-251.017,278.258,9.089,106.47,2.51,69.97,3.923,0.438,0.00,1.00,0,0,0,0,0,0,2.51,0.77,-3.75,0.1644,0.1112,0.4213,1,3.923,0,0.475,0,flip_backDouble,flipTuck,1.000,3,0.096 0.110 -0.343 0.414 0.253 0.513 -0.200 0.175 0.092 0.235,-251.10,277.45,9.08,0.94,105.00,102.43,396,544,864,1028,0.086,0.397 0.505 0.175 0.239,-1.0,0,0.000,0.000,0.4963,-0.10,backDouble,0.200,-109.1,0.0,-677.7,Tuck,Tuck,81.3,-81.2,-45.8,,0.422,22.4,14.2,1.00,-1.0,0.0,0,10490
225,3.7500,air,trick,-252.099,282.634,9.500,1.560,37.568,6.470,38.153,37.601,8.609,0.00,0.00,0.00,0.00,0.000,1,backDouble,0,0.00,0.00,0.00,-250.936,279.062,9.080,108.03,4.35,69.96,3.781,0.442,0.00,1.00,0,0,0,0,0,0,4.35,0.57,-3.77,0.1765,0.1174,0.4235,1,3.781,0,0.474,0,flip_backDouble,flipTuck,1.000,3,0.151 0.006 -0.279 0.352 0.307 0.457 -0.187 0.188 0.102 0.240,-251.02,278.26,9.09,2.51,106.47,102.42,392,544,872,1044,-0.035,0.320 0.439 0.185 0.244,-1.0,0,0.000,0.000,0.5036,-0.10,backDouble,0.217,-120.4,0.0,-677.7,Tuck,Tuck,93.6,-93.6,-125.4,,0.460,23.2,16.0,1.00,-1.0,0.0,0,10974
226,3.7667,air,trick,-252.043,283.252,9.605,3.389,37.019,6.290,37.702,37.173,8.714,0.00,0.00,0.00,0.00,0.000,1,backDouble,0,0.00,0.00,0.00,-250.842,279.847,9.060,109.42,6.46,69.95,3.651,0.445,0.00,1.00,0,0,0,0,0,0,6.46,0.36,-3.78,0.1931,0.1235,0.4312,1,3.651,0,0.473,0,flip_backDouble,flipTuck,1.000,3,0.188 -0.084 -0.225 0.306 0.354 0.399 -0.171 0.193 0.115 0.239,-250.94,279.06,9.08,4.35,108.03,102.41,388,552,880,1056,-0.142,0.252 0.366 0.184 0.240,-1.0,0,0.000,0.000,0.5094,-0.09,backDouble,0.233,-131.7,0.0,-677.7,Tuck,Tuck,104.5,-104.6,-162.4,,0.495,24.2,17.9,1.00,-1.0,0.0,0,11438
227,3.7833,air,trick,-251.986,283.868,9.708,3.382,36.945,6.110,37.599,37.099,8.817,0.00,0.00,0.00,0.00,0.000,1,backDouble,0,0.00,0.00,0.00,-250.741,280.612,9.030,110.93,8.74,69.94,3.551,0.446,-0.00,1.00,0,0,0,0,0,0,8.74,0.15,-3.80,0.2044,0.1265,0.4411,1,3.551,0,0.471,0,flip_backDouble,flipTuck,1.000,3,0.213 -0.171 -0.171 0.253 0.403 0.329 -0.150 0.193 0.133 0.231,-250.84,279.85,9.06,6.46,109.42,102.40,392,568,888,1072,-0.245,0.171 0.281 0.175 0.229,-1.0,0,0.000,0.000,0.5153,-0.09,backDouble,0.250,-143.0,0.0,-677.7,Tuck,Tuck,115.5,-115.5,-176.6,,0.529,25.1,19.7,1.00,-1.0,0.0,0,11883
228,3.8000,air,trick,-251.930,284.483,9.807,3.375,36.871,5.930,37.497,37.025,8.916,0.00,0.00,0.00,0.00,0.000,1,backDouble,0,0.00,0.00,0.00,-250.639,281.359,8.994,112.46,11.15,69.93,3.476,0.446,-0.00,1.00,0,0,0,0,0,0,11.15,-0.05,-3.82,0.2114,0.1264,0.4538,1,3.476,0,0.470,0,flip_backDouble,flipTuck,1.000,3,0.223 -0.255 -0.119 0.194 0.447 0.251 -0.126 0.189 0.153 0.217,-250.74,280.61,9.03,8.74,110.93,102.39,396,584,896,1088,-0.338,0.083 0.186 0.158 0.210,-1.0,0,0.000,0.000,0.5207,-0.08,backDouble,0.267,-154.3,0.0,-677.7,Tuck,Tuck,126.5,-126.5,178.0,,0.562,26.1,21.5,1.00,-1.0,0.0,0,12306
229,3.8167,air,trick,-251.862,285.093,9.904,4.059,36.618,5.750,37.288,36.842,9.013,0.00,0.00,0.00,0.00,0.000,1,backDouble,0,0.00,0.00,0.00,-250.533,282.091,8.953,113.89,13.64,69.92,3.418,0.444,-0.00,1.00,0,0,0,0,0,0,13.64,-0.25,-3.83,0.2199,0.1236,0.4680,1,3.418,0,0.468,0,flip_backDouble,flipTuck,1.000,3,0.219 -0.332 -0.074 0.127 0.483 0.167 -0.101 0.179 0.174 0.199,-250.64,281.36,8.99,11.15,112.46,102.38,408,600,908,1096,-0.418,-0.014 0.089 0.134 0.184,-1.0,0,0.003,0.000,0.5249,-0.08,backDouble,0.283,-165.6,0.0,-677.7,Tuck,Tuck,137.4,-137.5,175.8,,0.593,27.1,23.3,1.00,-1.0,0.0,0,12708
230,3.8333,air,trick,-251.781,285.758,10.022,4.908,39.894,7.070,40.812,40.195,9.131,0.00,0.00,0.00,0.00,0.000,1,backDouble,0,0.00,0.00,0.00,-250.418,282.851,8.934,115.11,16.08,69.92,3.390,0.443,-0.00,1.00,0,0,0,0,0,0,16.08,-0.44,-3.85,0.2212,0.1220,0.4826,1,3.390,0,0.466,0,flip_backDouble,flipTuck,1.000,3,0.201 -0.403 -0.039 0.053 0.509 0.077 -0.076 0.163 0.194 0.175,-250.53,282.09,8.95,13.64,113.89,102.37,424,624,916,1104,-0.483,-0.115 -0.010 0.101 0.153,-1.0,0,0.000,0.000,0.5295,-0.07,backDouble,0.300,-176.9,0.0,-677.7,Tuck,Tuck,148.2,-148.6,173.8,,0.622,28.0,25.0,1.00,-1.0,0.0,0,13089
231,3.8500,air,trick,-251.699,286.422,10.138,4.898,39.814,6.890,40.702,40.115,9.247,0.00,0.00,0.00,0.00,0.000,1,backDouble,0,0.00,0.00,0.00,-250.303,283.618,8.913,116.46,18.56,69.91,3.364,0.444,-0.00,1.00,0,0,0,0,0,0,18.56,-0.63,-3.87,0.2314,0.1224,0.4897,1,3.364,0,0.465,0,flip_backDouble,flipTuck,1.000,3,0.167 -0.464 -0.015 -0.022 0.525 -0.017 -0.052 0.142 0.214 0.145,-250.42,282.85,8.93,16.08,115.11,102.36,428,648,920,1104,-0.530,-0.211 -0.107 0.065 0.116,-1.0,0,0.000,0.000,0.5334,-0.07,backDouble,0.317,-188.2,0.0,-677.7,Tuck,Tuck,158.7,-159.9,172.2,,0.650,29.0,26.7,1.00,-1.0,0.0,0,13448
232,3.8667,air,trick,-251.617,287.085,10.251,4.888,39.735,6.710,40.593,40.034,9.360,0.00,0.00,0.00,0.00,0.000,1,backDouble,0,0.00,0.00,0.00,-250.192,284.380,8.894,117.79,21.00,69.91,3.345,0.445,-0.00,1.00,0,0,0,0,0,0,21.00,-0.81,-3.88,0.2408,0.1260,0.4935,1,3.345,0,0.463,0,flip_backDouble,flipTuck,1.000,3,0.118 -0.512 -0.004 -0.096 0.526 -0.112 -0.030 0.119 0.231 0.110,-250.30,283.62,8.91,18.56,116.46,102.36,424,664,920,1108,-0.556,-0.301 -0.199 0.026 0.076,-1.0,0,0.000,0.000,0.5338,-0.06,backDouble,0.333,-199.5,0.0,-677.7,Tuck,Tuck,167.8,-171.4,171.2,,0.676,29.9,28.4,1.00,-1.0,0.0,0,13785
233,3.8833,air,trick,-251.536,287.746,10.360,4.878,39.655,6.530,40.485,39.954,9.469,0.00,0.00,0.00,0.00,0.000,1,backDouble,0,0.00,0.00,0.00,-250.086,285.136,8.875,119.05,23.36,69.91,3.335,0.448,-0.00,1.00,0,0,0,0,0,0,23.36,-0.99,-3.90,0.2441,0.1320,0.4961,1,3.335,0,0.461,0,flip_backDouble,flipTuck,1.000,3,0.057 -0.545 -0.010 -0.166 0.512 -0.206 -0.013 0.091 0.244 0.072,-250.19,284.38,8.89,21.00,117.79,102.36,424,676,920,1112,-0.560,-0.381 -0.282 -0.016 0.033,-1.0,0,0.000,0.000,0.5306,-0.06,backDouble,0.350,-210.8,0.0,-677.7,Tuck,Tuck,170.3,177.1,170.7,,0.700,30.8,30.0,1.00,-1.0,0.0,0,14102
234,3.9000,air,trick,-251.455,288.406,10.467,4.869,39.576,6.350,40.377,39.875,9.576,0.00,0.00,0.00,0.00,0.000,1,backDouble,0,0.00,0.00,0.00,-249.985,285.885,8.859,120.24,25.61,69.92,3.332,0.452,-0.00,1.00,0,0,0,0,0,0,25.61,-1.16,-3.92,0.2413,0.1358,0.4976,1,3.332,0,0.459,0,flip_backDouble,flipTuck,1.000,3,-0.012 -0.562 -0.030 -0.231 0.482 -0.295 -0.002 0.062 0.251 0.030,-250.09,285.14,8.88,23.36,119.05,102.36,428,684,908,1108,-0.543,-0.448 -0.353 -0.057 -0.010,-1.0,0,0.000,0.000,0.5259,-0.05,backDouble,0.367,-222.1,0.0,-677.7,Tuck,Tuck,163.0,165.7,170.4,,0.723,31.8,31.5,1.00,-1.0,0.0,0,14399
235,3.9167,air,trick,-251.375,289.065,10.570,4.774,39.507,6.170,40.270,39.795,9.679,0.00,0.00,0.00,0.00,0.000,1,backDouble,0,0.00,0.00,0.00,-249.888,286.627,8.846,121.37,27.74,69.93,3.335,0.456,-0.00,1.00,0,0,0,0,0,0,27.74,-1.33,-3.93,0.2326,0.1370,0.4978,1,3.335,0,0.457,0,flip_backDouble,flipTuck,1.000,3,-0.085 -0.562 -0.067 -0.288 0.438 -0.377 0.003 0.031 0.252 -0.013,-249.98,285.88,8.86,25.61,120.24,102.36,432,684,892,1104,-0.506,-0.498 -0.409 -0.097 -0.053,-1.0,0,0.000,0.000,0.5198,-0.05,backDouble,0.383,-233.3,0.0,-677.7,Tuck,Tuck,152.9,154.2,170.4,,0.744,32.6,33.0,1.00,-1.0,0.0,0,14677
236,3.9333,air,trick,-251.297,289.723,10.671,4.641,39.443,5.990,40.164,39.715,9.780,0.00,0.00,0.00,0.00,0.000,1,backDouble,0,0.00,0.00,0.00,-249.798,287.364,8.837,122.44,29.75,69.93,3.342,0.460,-0.00,1.00,0,0,0,0,0,0,29.75,-1.51,-3.95,0.2268,0.1356,0.5007,1,3.342,0,0.456,0,flip_backDouble,flipTuck,1.000,3,-0.159 -0.544 -0.116 -0.334 0.381 -0.448 0.001 -0.000 0.246 -0.056,-249.89,286.63,8.85,27.74,121.37,102.37,436,680,880,1096,-0.449,-0.531 -0.449 -0.133 -0.093,-1.0,0,0.000,0.000,0.5129,-0.05,backDouble,0.400,-244.6,0.0,-677.7,Tuck,Tuck,142.2,142.8,170.7,,0.764,33.5,34.4,1.00,-1.0,0.0,0,14936
237,3.9500,air,trick,-251.222,290.379,10.769,4.471,39.383,5.810,40.059,39.636,9.878,0.00,0.00,0.00,0.00,0.000,1,backDouble,0,0.00,0.00,0.00,-249.713,288.096,8.848,123.45,31.39,69.94,3.343,0.465,-0.00,1.00,0,0,0,0,0,0,31.39,-1.68,-3.97,0.2195,0.1340,0.5037,1,3.343,0,0.454,0,flip_backDouble,flipTuck,1.000,3,-0.228 -0.508 -0.176 -0.369 0.314 -0.507 -0.008 -0.031 0.234 -0.099,-249.80,287.36,8.84,29.75,122.44,102.38,444,672,868,1080,-0.375,-0.544 -0.471 -0.165 -0.129,-1.0,0,0.000,0.000,0.5045,-0.05,backDouble,0.417,-255.9,0.0,-677.7,Tuck,Tuck,131.2,131.5,171.2,,0.783,34.3,35.8,1.00,-1.0,0.0,0,15177
238,3.9667,air,trick,-251.150,291.035,10.863,4.264,39.326,5.630,39.955,39.557,9.972,0.00,0.00,0.00,0.00,0.000,1,backDouble,0,0.00,0.00,0.00,-249.635,288.823,8.877,124.40,32.71,69.95,3.337,0.469,-0.00,1.00,0,0,0,0,0,0,32.71,-1.85,-3.98,0.2080,0.1318,0.5053,1,3.337,0,0.452,0,flip_backDouble,flipTuck,1.000,3,-0.288 -0.456 -0.243 -0.389 0.241 -0.550 -0.024 -0.060 0.215 -0.140,-249.71,288.10,8.85,31.39,123.45,102.39,452,656,856,1064,-0.286,-0.537 -0.474 -0.191 -0.160,-1.0,0,0.000,0.000,0.4954,-0.04,backDouble,0.433,-267.2,0.0,-677.7,Tuck,Tuck,120.2,120.3,171.9,,0.800,35.1,37.1,1.00,-1.0,0.0,0,15401
239,3.9833,air,trick,-251.082,291.690,10.955,4.020,39.272,5.450,39.852,39.478,10.064,0.00,0.00,0.00,0.00,0.000,1,backDouble,0,0.00,0.00,0.00,-249.563,289.544,8.910,125.30,33.94,69.96,3.330,0.474,-0.00,1.00,0,0,0,0,0,0,33.94,-2.02,-4.00,0.2051,0.1297,0.5111,1,3.330,0,0.450,0,flip_backDouble,flipTuck,1.000,3,-0.335 -0.388 -0.314 -0.393 0.165 -0.577 -0.046 -0.085 0.190 -0.176,-249.63,288.82,8.88,32.71,124.40,102.40,452,640,848,1044,-0.186,-0.510 -0.459 -0.210 -0.185,-1.0,0,0.000,0.000,0.4874,-0.04,backDouble,0.450,-278.5,0.0,-677.7,Tuck,Tuck,109.1,109.1,172.7,,0.816,35.9,38.4,1.00,-1.0,0.0,0,15609
240,4.0000,air,trick,-251.018,292.343,11.043,3.740,39.221,5.270,39.750,39.399,10.152,0.00,0.00,0.00,0.00,0.000,1,backDouble,0,0.00,0.00,0.00,-249.498,290.262,8.943,126.14,35.09,69.98,3.325,0.478,-0.00,1.00,0,0,0,0,0,0,35.09,-2.19,-4.02,0.2114,0.1320,0.5119,1,3.325,0,0.449,0,flip_backDouble,flipTuck,1.000,3,-0.367 -0.309 -0.383 -0.380 0.090 -0.587 -0.073 -0.105 0.161 -0.207,-249.56,289.54,8.91,33.94,125.30,102.41,448,632,836,1036,-0.078,-0.464 -0.425 -0.222 -0.202,-1.0,0,0.000,0.000,0.4832,-0.04,backDouble,0.467,-289.8,0.0,-677.7,Tuck,Tuck,97.9,97.9,173.3,,0.831,36.7,39.6,1.00,-1.0,0.0,0,15803
241,4.0167,air,trick,-250.960,292.997,11.129,3.422,39.171,5.090,39.648,39.320,10.238,0.00,0.00,0.00,0.00,0.000,1,backDouble,0,0.00,0.00,0.00,-249.440,290.975,8.977,126.93,36.19,69.99,3.321,0.483,-0.00,1.00,0,0,0,0,0,0,36.19,-2.35,-4.03,0.2145,0.1314,0.5101,1,3.321,0,0.447,0,flip_backDouble,flipTuck,1.000,3,-0.380 -0.222 -0.447 -0.351 0.022 -0.580 -0.103 -0.119 0.129 -0.232,-249.50,290.26,8.94,35.09,126.14,102.42,448,632,824,1032,0.033,-0.399 -0.375 -0.224 -0.212,-1.0,0,0.000,0.000,0.4795,-0.04,backDouble,0.483,-301.1,0.0,-677.7,Tuck,Tuck,86.7,86.7,-2.5,,0.845,37.4,40.8,1.00,-1.0,0.0,0,15982
242,4.0333,air,trick,-250.907,293.649,11.211,3.068,39.121,4.910,39.547,39.241,10.320,0.00,0.00,0.00,0.00,0.000,1,backDouble,0,0.00,0.00,0.00,-249.390,291.684,9.011,127.67,37.22,70.00,3.317,0.487,-0.00,1.00,0,0,0,0,0,0,37.22,-2.52,-4.05,0.2136,0.1279,0.5064,1,3.317,0,0.446,0,flip_backDouble,flipTuck,1.000,3,-0.374 -0.130 -0.503 -0.306 -0.038 -0.558 -0.135 -0.126 0.095 -0.250,-249.44,290.98,8.98,36.19,126.93,102.44,448,632,816,1024,0.143,-0.319 -0.310 -0.219 -0.214,-1.0,0,0.001,0.000,0.4764,-0.04,backDouble,0.500,-312.4,0.0,-677.7,Tuck,Tuck,75.5,75.5,-2.6,,0.857,38.1,41.9,1.00,-1.0,0.0,0,16147
243,4.0500,air,trick,-250.861,294.300,11.291,2.678,39.071,4.730,39.447,39.163,10.400,0.00,0.00,0.00,0.00,0.000,1,backDouble,0,0.00,0.00,0.00,-249.347,292.389,9.045,128.37,38.19,70.01,3.314,0.490,-0.00,1.00,0,0,0,0,0,0,38.19,-2.68,-4.07,0.2110,0.1256,0.5003,1,3.314,0,0.444,0,flip_backDouble,flipTuck,1.000,3,-0.349 -0.038 -0.546 -0.249 -0.084 -0.522 -0.167 -0.127 0.062 -0.262,-249.39,291.68,9.01,37.22,127.67,102.45,444,632,816,1016,0.247,-0.227 -0.233 -0.204 -0.207,-1.0,0,0.000,0.000,0.4723,-0.03,backDouble,0.517,-323.7,0.0,-677.7,Tuck,Tuck,64.3,64.3,-1.3,,0.869,38.7,42.9,1.00,-1.0,0.0,0,16301
244,4.0667,air,trick,-250.803,294.945,11.368,3.434,38.681,4.550,39.099,38.833,10.477,0.00,0.00,0.00,0.00,0.000,1,backDouble,0,0.00,0.00,0.00,-249.296,293.085,9.080,129.01,39.11,70.02,3.312,0.494,-0.00,1.00,0,0,0,0,0,0,39.11,-2.84,-4.08,0.2176,0.1234,0.4864,1,3.312,0,0.443,0,flip_backDouble,flipTuck,1.000,3,-0.310 0.056 -0.572 -0.185 -0.116 -0.473 -0.194 -0.124 0.032 -0.266,-249.35,292.39,9.05,38.19,128.37,102.46,444,624,816,1004,0.342,-0.130 -0.143 -0.184 -0.190,-1.0,0,0.000,0.000,0.4682,-0.03,backDouble,0.533,-335.0,0.0,-677.7,Tuck,Tuck,53.1,53.0,1.5,,0.880,39.4,43.9,1.00,-1.0,0.0,0,16442
245,4.0833,air,trick,-250.747,295.588,11.441,3.388,38.522,4.370,38.917,38.671,10.550,0.00,0.00,0.00,0.00,0.000,1,backDouble,0,0.00,0.00,0.00,-249.246,293.775,9.115,129.62,39.98,70.03,3.310,0.496,-0.00,1.00,0,0,0,0,0,0,39.98,-3.00,-4.10,0.2210,0.1194,0.4717,1,3.310,0,0.441,0,flip_backDouble,flipTuck,1.000,3,-0.257 0.145 -0.585 -0.112 -0.132 -0.412 -0.219 -0.115 0.006 -0.264,-249.30,293.08,9.08,39.11,129.01,102.47,432,612,816,996,0.423,-0.029 -0.047 -0.157 -0.166,-1.0,0,0.000,0.000,0.4651,-0.03,backDouble,0.550,-346.3,0.0,-677.7,Tuck,Tuck,41.9,41.8,1.8,,0.890,40.0,44.8,1.00,-1.0,0.0,0,16572
246,4.1000,air,trick,-250.691,296.228,11.512,3.340,38.356,4.190,38.728,38.501,10.621,0.00,0.00,0.00,0.00,0.000,1,backDouble,0,0.00,0.00,0.00,-249.197,294.460,9.149,130.19,40.80,70.04,3.308,0.498,0.00,1.00,0,0,0,0,0,0,40.80,-3.16,-4.12,0.2217,0.1189,0.4567,1,3.308,0,0.440,0,flip_backDouble,flipTuck,1.000,3,-0.193 0.229 -0.582 -0.033 -0.134 -0.344 -0.239 -0.100 -0.016 -0.254,-249.25,293.78,9.11,39.98,129.62,102.48,412,600,812,996,0.489,0.073 0.051 -0.124 -0.136,-1.0,0,0.000,0.000,0.4653,-0.03,backDouble,0.567,-357.6,0.0,-677.7,Tuck,Tuck,30.7,30.6,2.1,,0.899,40.5,45.7,1.00,-1.0,0.0,0,16693
247,4.1167,air,trick,-250.631,296.864,11.579,3.582,38.100,4.010,38.478,38.268,10.688,0.00,0.00,0.00,0.00,0.000,1,backDouble,0,0.00,0.00,0.00,-249.145,295.138,9.182,130.72,41.57,70.05,3.306,0.499,0.00,1.00,0,0,0,0,0,0,41.57,-3.32,-4.13,0.2200,0.1174,0.4414,1,3.306,0,0.439,0,flip_backDouble,flipTuck,1.000,3,-0.122 0.305 -0.566 0.051 -0.122 -0.268 -0.254 -0.081 -0.033 -0.239,-249.20,294.46,9.15,40.80,130.19,102.49,396,584,812,996,0.536,0.170 0.149 -0.088 -0.099,-1.0,0,0.000,0.000,0.4664,-0.03,backDouble,0.583,-368.9,0.0,-677.7,Tuck,Tuck,19.5,19.4,2.1,,0.908,41.1,46.6,1.00,-1.0,0.0,0,16803
248,4.1333,air,trick,-250.572,297.497,11.644,3.531,37.925,3.830,38.281,38.089,10.753,0.00,0.00,0.00,0.00,0.000,1,backDouble,0,0.00,0.00,0.00,-249.093,295.812,9.215,131.27,42.30,70.06,3.305,0.499,0.00,1.00,0,0,0,0,0,0,42.30,-3.47,-4.15,0.2200,0.1190,0.4285,1,3.305,0,0.438,0,flip_backDouble,flipTuck,1.000,3,-0.046 0.369 -0.536 0.137 -0.096 -0.188 -0.264 -0.056 -0.045 -0.218,-249.15,295.14,9.18,41.57,130.72,102.50,380,564,812,1000,0.562,0.261 0.240 -0.048 -0.058,-1.0,0,0.000,0.000,0.4705,-0.03,backDouble,0.600,-380.2,0.0,-677.7,Tuck,Tuck,8.4,8.2,1.9,,0.916,41.6,47.4,1.00,-1.0,0.0,0,16905
249,4.1500,air,trick,-250.514,298.127,11.706,3.478,37.743,3.650,38.078,37.903,10.815,0.00,0.00,0.00,0.00,0.000,1,backDouble,0,0.00,0.00,0.00,-249.040,296.482,9.247,131.87,42.99,70.06,3.304,0.497,0.00,1.00,0,0,0,0,0,0,42.99,-3.62,-4.17,0.2263,0.1221,0.4205,1,3.304,0,0.436,0,flip_backDouble,flipTuck,1.000,3,0.035 0.420 -0.494 0.224 -0.058 -0.109 -0.268 -0.027 -0.051 -0.192,-249.09,295.81,9.22,42.30,131.27,102.51,364,556,820,1000,0.567,0.343 0.322 -0.006 -0.016,-1.0,0,0.000,0.000,0.4766,-0.03,backDouble,0.617,-391.5,0.0,-677.7,Tuck,Tuck,3.5,-3.0,1.8,,0.923,42.3,48.2,1.00,-1.0,0.0,0,16999
250,4.1667,air,trick,-250.463,298.755,11.764,2.847,37.720,3.470,37.986,37.827,10.873,0.00,0.00,0.00,0.00,0.000,1,backDouble,0,0.00,0.00,0.00,-248.993,297.151,9.278,132.51,43.63,70.06,3.304,0.495,0.00,1.00,0,0,0,0,0,0,43.63,-3.76,-4.18,0.2290,0.1242,0.4131,1,3.304,0,0.435,0,flip_backDouble,flipTuck,1.000,3,0.118 0.453 -0.438 0.307 -0.006 -0.036 -0.266 0.007 -0.051 -0.164,-249.04,296.48,9.25,42.99,131.87,102.51,352,552,828,1016,0.551,0.414 0.389 0.038 0.025,-1.0,0,0.000,0.000,0.4837,-0.02,backDouble,0.633,-402.8,0.0,-677.7,Tuck,Tuck,14.4,-14.2,2.4,,0.930,43.0,48.9,1.00,-1.0,0.0,0,17085
251,4.1833,air,trick,-250.424,299.384,11.820,2.182,37.688,3.290,37.895,37.752,10.929,0.00,0.00,0.00,0.00,0.000,1,backDouble,0,0.00,0.00,0.00,-248.956,297.819,9.308,133.19,44.24,70.07,3.303,0.491,0.01,1.00,0,0,0,0,0,0,44.24,-3.91,-4.20,0.2327,0.1249,0.4043,1,3.303,0,0.434,0,flip_backDouble,flipTuck,1.000,3,0.199 0.468 -0.371 0.383 0.058 0.029 -0.257 0.042 -0.044 -0.134,-248.99,297.15,9.28,43.63,132.51,102.51,344,548,840,1032,0.513,0.471 0.439 0.081 0.065,-1.0,0,0.000,0.000,0.4914,-0.02,backDouble,0.650,-414.1,0.0,-677.7,Tuck,Tuck,25.6,-25.4,3.6,,0.936,43.7,49.6,1.00,-1.0,0.0,0,17164
252,4.2000,air,trick,-250.397,300.011,11.872,1.482,37.647,3.110,37.804,37.676,10.981,0.00,0.00,0.00,0.00,0.000,1,backDouble,0,0.00,0.00,0.00,-248.930,298.486,9.337,133.88,44.82,70.07,3.302,0.487,0.01,1.00,0,0,0,0,0,0,44.82,-4.05,-4.22,0.2368,0.1241,0.3948,1,3.302,0,0.433,0,flip_backDouble,flipTuck,1.000,3,0.274 0.466 -0.294 0.450 0.131 0.083 -0.241 0.078 -0.029 -0.104,-248.96,297.82,9.31,44.24,133.19,102.52,336,540,852,1048,0.455,0.512 0.470 0.122 0.101,-1.0,0,0.000,0.000,0.4996,-0.02,backDouble,0.667,-425.4,0.0,-677.7,Tuck,Tuck,36.8,-36.6,5.4,,0.941,44.4,50.2,1.00,-1.0,0.0,0,17237
253,4.2167,air,trick,-250.381,300.638,11.922,0.749,37.593,2.930,37.715,37.601,11.031,0.00,0.00,0.00,0.00,0.000,1,backDouble,0,0.00,0.00,0.00,-248.915,299.151,9.364,134.59,45.36,70.07,3.302,0.482,0.01,1.00,0,0,0,0,0,0,45.36,-4.18,-4.23,0.2384,0.1218,0.3863,1,3.302,0,0.432,0,flip_backDouble,flipTuck,1.000,3,0.337 0.448 -0.213 0.505 0.210 0.126 -0.219 0.114 -0.009 -0.075,-248.93,298.49,9.34,44.82,133.88,102.52,328,528,872,1060,0.380,0.534 0.481 0.159 0.132,-1.0,0,0.000,0.000,0.5077,-0.02,backDouble,0.683,-436.6,0.0,-677.7,Tuck,Tuck,48.0,-47.8,7.9,,0.946,45.2,50.8,1.00,-1.0,0.0,0,17303
254,4.2333,air,trick,-250.378,301.264,11.968,0.000,37.526,2.750,37.626,37.526,11.077,0.00,0.00,0.00,0.00,0.000,1,backDouble,0,0.00,0.00,0.00,-248.912,299.813,9.390,135.31,45.87,70.06,3.302,0.477,0.01,1.00,0,0,0,0,0,0,45.87,-4.32,-4.25,0.2376,0.1247,0.3790,1,3.302,0,0.432,0,flip_backDouble,flipTuck,1.000,3,0.387 0.417 -0.131 0.547 0.290 0.156 -0.192 0.147 0.018 -0.048,-248.91,299.15,9.36,45.36,134.59,102.52,320,520,880,1076,0.291,0.538 0.472 0.190 0.158,-1.0,0,0.000,0.000,0.5120,-0.02,backDouble,0.700,-447.9,0.0,-677.7,Tuck,Tuck,59.3,-59.1,11.6,,0.951,45.9,51.4,1.00,-1.0,0.0,0,17364
255,4.2500,air,trick,-250.378,301.888,12.012,0.000,37.451,2.570,37.539,37.451,11.121,0.00,0.00,0.00,0.00,0.000,1,backDouble,0,0.00,0.00,0.00,-248.912,300.474,9.414,136.03,46.35,70.06,3.301,0.472,0.01,1.00,0,0,0,0,0,0,46.35,-4.45,-4.27,0.2347,0.1262,0.3726,1,3.301,0,0.431,0,flip_backDouble,flipTuck,1.000,3,0.419 0.373 -0.054 0.578 0.365 0.177 -0.161 0.178 0.048 -0.022,-248.91,299.81,9.39,45.87,135.31,102.51,312,512,884,1088,0.190,0.520 0.446 0.214 0.177,-1.0,0,0.000,0.000,0.5161,-0.02,backDouble,0.717,-459.2,0.0,-677.7,Tuck,Tuck,70.4,-70.3,14.9,,0.955,46.7,51.9,1.00,-1.0,0.0,0,17420
256,4.2667,air,trick,-250.378,302.511,12.053,0.000,37.376,2.390,37.452,37.376,11.162,0.00,0.00,0.00,0.00,0.000,1,backDouble,0,0.00,0.00,0.00,-248.911,301.131,9.437,136.74,46.81,70.05,3.301,0.466,0.01,1.00,0,0,0,0,0,0,46.81,-4.57,-4.28,0.2293,0.1298,0.3676,1,3.301,0,0.430,0,flip_backDouble,flipTuck,1.000,3,0.434 0.318 0.016 0.595 0.432 0.187 -0.129 0.206 0.079 0.002,-248.91,300.47,9.41,46.35,136.03,102.51,308,504,892,1104,0.083,0.482 0.404 0.229 0.191,-1.0,0,0.000,0.000,0.5218,-0.02,backDouble,0.733,-470.5,0.0,-677.7,Tuck,Tuck,81.6,-81.5,23.7,,0.959,47.5,52.4,1.00,-1.0,0.0,0,17471
257,4.2833,air,trick,-250.378,303.133,12.090,0.000,37.301,2.210,37.366,37.301,11.199,0.00,0.00,0.00,0.00,0.000,1,backDouble,0,0.00,0.00,0.00,-248.909,301.788,9.458,137.50,47.23,70.05,3.301,0.461,0.01,1.00,0,0,0,0,0,0,47.23,-4.70,-4.30,0.2250,0.1316,0.3662,1,3.301,0,0.429,0,flip_backDouble,flipTuck,1.000,3,0.432 0.252 0.078 0.598 0.490 0.185 -0.095 0.229 0.111 0.023,-248.91,301.13,9.44,46.81,136.74,102.50,304,500,900,1116,-0.027,0.426 0.346 0.236 0.197,-1.0,0,0.000,0.000,0.5270,-0.02,backDouble,0.750,-481.8,0.0,-677.7,Tuck,Tuck,92.7,-92.7,143.2,,0.963,48.3,52.9,1.00,-1.0,0.0,0,17518
258,4.3000,air,trick,-250.378,303.754,12.125,0.000,37.226,2.030,37.282,37.226,11.234,0.00,0.00,0.00,0.00,0.000,1,backDouble,0,0.00,0.00,0.00,-248.906,302.444,9.477,138.34,47.64,70.04,3.301,0.455,0.01,1.00,0,0,0,0,0,0,47.64,-4.82,-4.32,0.2285,0.1313,0.3646,1,3.301,0,0.429,0,flip_backDouble,flipTuck,1.000,3,0.414 0.178 0.129 0.588 0.538 0.169 -0.062 0.248 0.143 0.039,-248.91,301.79,9.46,47.23,137.50,102.50,304,500,908,1124,-0.136,0.355 0.275 0.235 0.195,-1.0,0,0.000,0.000,0.5314,-0.02,backDouble,0.767,-493.1,0.0,-677.7,Tuck,Tuck,103.8,-103.8,178.8,,0.966,49.2,53.4,1.00,-1.0,0.0,0,17561
259,4.3167,air,trick,-250.294,304.349,12.156,5.001,35.624,1.850,36.021,35.973,11.265,0.00,0.00,0.00,0.00,0.000,1,backDouble,0,0.00,0.00,0.00,-248.817,303.075,9.494,139.23,48.02,70.03,3.300,0.448,0.01,1.00,0,0,0,0,0,0,48.02,-4.93,-4.33,0.2375,0.1289,0.3647,1,3.300,0,0.428,0,flip_backDouble,flipTuck,1.000,3,0.389 0.091 0.177 0.560 0.572 0.134 -0.028 0.263 0.170 0.049,-248.91,302.44,9.48,47.64,138.34,102.49,308,500,916,1124,-0.240,0.269 0.195 0.224 0.187,-1.0,0,0.000,0.000,0.5349,-0.02,backDouble,0.783,-504.4,0.0,-677.7,Tuck,Tuck,115.0,-115.2,-162.8,,0.969,50.1,53.8,1.00,-1.0,0.0,0,17600
260,4.3333,air,trick,-250.212,304.940,12.185,4.942,35.420,1.670,35.803,35.764,11.294,0.00,0.00,0.00,0.00,0.000,1,backDouble,0,0.00,0.00,0.00,-248.728,303.703,9.509,140.17,48.37,70.01,3.300,0.439,0.02,1.00,1,0,0,0,0,0,48.37,-5.04,-4.35,0.2557,0.1238,0.3729,1,3.300,0,0.427,0,flip_backDouble,flipTuck,1.000,3,0.347 0.002 0.213 0.518 0.595 0.085 0.005 0.270 0.196 0.053,-248.82,303.07,9.49,48.02,139.23,102.48,304,500,924,1124,-0.335,0.174 0.105 0.205 0.170,-1.0,0,0.000,0.000,0.5373,-0.01,backDouble,0.800,-515.7,0.0,-677.7,Tuck,Tuck,126.1,-126.4,-167.9,,0.972,51.1,54.2,1.00,-1.0,0.0,0,17636
261,4.3500,air,trick,-250.130,305.528,12.211,4.881,35.212,1.490,35.580,35.549,11.320,0.00,0.00,0.00,0.00,0.000,1,backDouble,0,0.00,0.00,0.00,-248.639,304.327,9.522,141.15,48.71,70.00,3.300,0.430,0.02,1.00,1,0,0,0,0,0,48.71,-5.15,-4.37,0.2703,0.1204,0.3824,1,3.300,0,0.427,0,flip_backDouble,flipTuck,1.000,3,0.291 -0.085 0.236 0.464 0.604 0.024 0.036 0.270 0.221 0.049,-248.73,303.70,9.51,48.37,140.17,102.46,308,516,924,1124,-0.417,0.074 0.010 0.179 0.147,-1.0,0,0.000,0.000,0.5363,-0.01,backDouble,0.817,-527.0,0.0,-677.7,Tuck,Tuck,137.3,-137.7,-170.8,,0.974,52.2,54.6,1.00,-1.0,0.0,0,17668
262,4.3667,air,trick,-250.061,306.115,12.233,3.884,35.265,1.310,35.502,35.478,11.342,0.00,0.00,0.00,0.00,0.000,1,backDouble,0,0.00,0.00,0.00,-248.563,304.951,9.533,142.14,49.02,69.98,3.300,0.419,0.02,1.00,1,0,0,0,0,0,49.02,-5.25,-4.38,0.2797,0.1229,0.3926,1,3.300,0,0.426,0,flip_backDouble,flipTuck,1.000,3,0.219 -0.164 0.241 0.402 0.598 -0.046 0.063 0.263 0.242 0.038,-248.64,304.33,9.52,48.71,141.15,102.45,308,532,924,1120,-0.484,-0.025 -0.089 0.148 0.115,-1.0,0,0.000,0.000,0.5374,-0.01,backDouble,0.833,-538.3,0.0,-677.7,Tuck,Tuck,148.3,-148.8,-173.1,,0.977,53.2,54.9,1.00,-1.0,0.0,0,17698
263,4.3833,air,trick,-250.009,306.703,12.253,2.853,35.292,1.130,35.425,35.407,11.362,0.00,0.00,0.00,0.00,0.000,1,backDouble,0,0.00,0.00,0.00,-248.503,305.575,9.542,143.14,49.32,69.95,3.300,0.408,0.02,1.00,1,0,0,0,0,0,49.32,-5.35,-4.40,0.2838,0.1268,0.4029,1,3.300,0,0.426,0,flip_backDouble,flipTuck,1.000,3,0.133 -0.231 0.228 0.337 0.575 -0.120 0.084 0.250 0.258 0.021,-248.56,304.95,9.53,49.02,142.14,102.42,316,552,924,1116,-0.531,-0.120 -0.188 0.113 0.078,-1.0,0,0.000,0.000,0.5374,-0.01,backDouble,0.850,-549.6,0.0,-677.7,Tuck,Tuck,159.1,-159.9,-173.8,,0.979,54.3,55.2,1.00,-1.0,0.0,0,17725
264,4.4000,air,trick,-249.975,307.292,12.269,1.790,35.291,0.950,35.349,35.336,11.378,0.00,0.00,0.00,0.00,0.000,1,backDouble,0,0.00,0.00,0.00,-248.462,306.198,9.548,144.15,49.60,69.93,3.300,0.396,0.02,1.00,1,0,0,0,0,0,49.60,-5.45,-4.42,0.2828,0.1377,0.4127,1,3.300,0,0.425,0,flip_backDouble,flipTuck,1.000,3,0.040 -0.284 0.196 0.272 0.534 -0.195 0.098 0.234 0.268 -0.001,-248.50,305.57,9.54,49.32,143.14,102.40,324,564,924,1120,-0.558,-0.207 -0.283 0.075 0.037,-1.0,0,0.000,0.000,0.5316,-0.01,backDouble,0.867,-560.9,0.0,-677.7,Tuck,Tuck,169.0,-171.0,-173.5,,0.981,55.3,55.5,1.00,-1.0,0.0,0,17750
265,4.4167,air,trick,-249.959,307.879,12.283,0.695,35.259,0.770,35.274,35.266,11.392,0.00,0.00,0.00,0.00,0.000,1,backDouble,0,0.00,0.00,0.00,-248.438,306.820,9.552,145.15,49.86,69.90,3.300,0.385,0.02,1.00,1,0,0,0,0,0,49.86,-5.54,-4.43,0.2821,0.1457,0.4241,1,3.300,0,0.425,0,flip_backDouble,flipTuck,1.000,3,-0.058 -0.324 0.146 0.210 0.479 -0.266 0.104 0.213 0.271 -0.026,-248.46,306.20,9.55,49.60,144.15,102.38,336,576,912,1116,-0.563,-0.284 -0.368 0.035 -0.007,-1.0,0,0.000,0.000,0.5244,-0.01,backDouble,0.883,-572.2,0.0,-677.7,Tuck,Tuck,172.2,177.9,-172.5,,0.983,56.4,55.8,1.00,-1.0,0.0,0,17773
266,4.4333,air,trick,-249.958,308.466,12.293,0.000,35.195,0.590,35.200,35.195,11.402,0.00,0.00,0.00,0.00,0.000,1,backDouble,0,0.00,0.00,0.00,-248.430,307.441,9.554,146.14,50.10,69.87,3.300,0.373,0.02,1.00,1,0,0,0,0,0,50.10,-5.63,-4.45,0.2818,0.1499,0.4367,1,3.300,0,0.425,0,flip_backDouble,flipTuck,1.000,3,-0.156 -0.350 0.082 0.152 0.409 -0.333 0.102 0.191 0.267 -0.053,-248.44,306.82,9.55,49.86,145.15,102.35,352,584,888,1112,-0.547,-0.347 -0.441 -0.005 -0.052,-1.0,0,0.000,0.000,0.5162,-0.01,backDouble,0.900,-583.5,0.0,-677.7,Tuck,Tuck,164.1,166.7,-170.9,,0.984,57.4,56.1,1.00,-1.0,0.0,0,17793
267,4.4500,air,trick,-249.958,309.052,12.301,0.000,35.125,0.410,35.127,35.125,11.410,0.00,0.00,0.00,0.00,0.000,1,backDouble,0,0.00,0.00,0.00,-248.423,308.059,9.553,147.11,50.33,69.84,3.300,0.362,0.02,1.00,1,0,0,0,0,0,50.33,-5.71,-4.47,0.2770,0.1497,0.4485,1,3.300,0,0.424,0,flip_backDouble,flipTuck,1.000,3,-0.246 -0.365 0.009 0.097 0.330 -0.395 0.093 0.166 0.255 -0.081,-248.43,307.44,9.55,50.10,146.14,102.32,364,592,868,1100,-0.510,-0.398 -0.497 -0.045 -0.094,-1.0,0,0.000,0.000,0.5075,-0.01,backDouble,0.917,-594.8,0.0,-677.7,Tuck,Tuck,153.8,155.3,-169.9,,0.986,58.4,56.4,1.00,-1.0,0.0,0,17812
268,4.4667,air,trick,-249.958,309.636,12.306,0.000,35.054,0.230,35.055,35.054,11.415,0.00,0.00,0.00,0.00,0.000,1,backDouble,0,0.00,0.00,0.00,-248.416,308.676,9.550,148.07,50.55,69.81,3.300,0.352,0.02,1.00,1,0,0,0,0,0,50.55,-5.79,-4.48,0.2709,0.1455,0.4593,1,3.300,0,0.424,0,flip_backDouble,flipTuck,1.000,3,-0.332 -0.368 -0.087 0.042 0.239 -0.472 0.077 0.140 0.236 -0.111,-248.42,308.06,9.55,50.33,147.11,102.28,380,604,848,1084,-0.451,-0.448 -0.553 -0.082 -0.133,-1.0,0,0.000,0.000,0.4983,-0.01,backDouble,0.933,-606.1,0.0,-677.7,Tuck,Tuck,142.3,143.2,-169.2,,0.987,59.4,56.6,1.00,-1.0,0.0,0,17829
269,4.4833,air,trick,-249.958,310.220,12.307,0.000,34.984,0.050,34.984,34.984,11.416,0.00,0.00,0.00,0.00,0.000,1,backDouble,0,0.00,0.00,0.00,-248.410,309.290,9.545,149.00,50.76,69.78,3.300,0.341,0.02,1.00,1,0,0,0,0,0,50.76,-5.86,-4.50,0.2709,0.1414,0.4696,1,3.300,0,0.424,0,flip_backDouble,flipTuck,1.000,3,-0.411 -0.355 -0.228 -0.013 0.121 -0.578 0.055 0.113 0.211 -0.139,-248.42,308.68,9.55,50.55,148.07,102.25,388,616,828,1056,-0.364,-0.497 -0.611 -0.116 -0.167,-1.0,0,0.000,0.000,0.4852,-0.01,backDouble,0.950,-617.3,0.0,-648.6,Tuck,Tuck,129.5,129.9,-168.5,,0.988,60.4,56.8,1.00,-1.0,0.0,0,17845
270,4.5000,air,trick,-249.958,310.803,12.306,0.000,34.984,-0.130,34.985,34.984,11.415,0.00,0.00,0.00,0.00,0.000,1,backDouble,0,0.00,0.00,0.00,-248.404,309.903,9.537,149.91,50.95,69.74,3.300,0.332,0.02,1.00,1,0,0,0,0,0,50.95,-5.93,-4.52,0.3023,0.1533,0.4902,1,3.300,0,0.423,0,flip_backDouble,flipTuck,1.000,3,-0.470 -0.325 -0.405 -0.060 -0.026 -0.689 0.033 0.090 0.186 -0.164,-248.41,309.29,9.54,50.76,149.00,102.21,392,644,804,1048,-0.263,-0.515 -0.640 -0.142 -0.193,-1.0,0,0.000,0.000,0.4775,-0.01,backDouble,0.967,-627.1,0.0,-522.3,Tuck,Tuck,117.1,117.2,-167.5,,0.989,61.4,57.0,1.00,-1.0,0.0,0,17859
271,4.5167,air,trick,-249.958,311.386,12.301,0.000,34.984,-0.310,34.986,34.984,11.410,0.00,0.00,0.00,0.00,0.000,1,backDouble,0,0.00,0.00,0.00,-248.399,310.515,9.526,150.79,51.13,69.71,3.300,0.322,0.03,1.00,1,0,0,0,0,0,51.13,-6.00,-4.53,0.3249,0.1765,0.5057,1,3.300,0,0.423,0,flip_backDouble,flipTuck,1.000,3,-0.506 -0.285 -0.596 -0.088 -0.191 -0.777 0.014 0.073 0.164 -0.183,-248.40,309.90,9.54,50.95,149.91,102.18,400,684,784,1044,-0.162,-0.485 -0.617 -0.159 -0.208,-1.0,0,0.000,0.000,0.4639,-0.01,backDouble,0.983,-634.7,0.0,-392.1,Tuck,Tuck,106.2,106.2,-165.8,,0.990,62.3,57.2,1.00,-1.0,0.0,0,17872
272,4.5333,air,trick,-249.958,311.969,12.294,0.000,34.984,-0.490,34.988,34.984,11.403,0.00,0.00,0.00,0.00,0.000,1,backDouble,0,0.00,0.00,0.00,-248.394,311.125,9.513,151.65,51.30,69.67,3.300,0.314,0.03,1.00,1,0,0,0,0,0,51.30,-6.07,-4.55,0.3295,0.2051,0.5114,1,3.300,0,0.423,0,flip_backDouble,flipKickout,1.000,3,-0.523 -0.241 -0.772 -0.092 -0.356 -0.816 -0.001 0.060 0.146 -0.196,-248.40,310.51,9.53,51.13,150.79,102.14,404,700,716,1040,-0.069,-0.397 -0.530 -0.171 -0.218,-1.0,0,0.000,0.000,0.4478,-0.01,backDouble,1.000,-640.4,0.0,-296.4,Kickout,Tuck,96.8,96.8,-160.0,,0.991,63.2,57.4,1.00,-1.0,0.0,0,17884
273,4.5500,air,trick,-249.958,312.552,12.284,0.000,34.984,-0.670,34.991,34.984,11.393,0.00,0.00,0.00,0.00,0.000,1,backDouble,0,0.00,0.00,0.00,-248.389,311.735,9.497,152.48,51.46,69.63,3.300,0.306,0.03,1.00,1,0,0,0,0,0,51.46,-6.12,-4.57,0.3146,0.2196,0.5067,1,3.300,0,0.423,0,flip_backDouble,flipKickout,1.000,3,-0.526 -0.195 -0.906 -0.063 -0.492 -0.800 -0.012 0.051 0.132 -0.206,-248.39,311.13,9.51,51.30,151.65,102.10,408,692,676,1040,0.016,-0.258 -0.387 -0.178 -0.223,-1.0,0,0.000,0.000,0.4390,-0.01,backDouble,1.017,-644.7,0.0,-232.1,Kickout,Tuck,88.4,88.4,-34.8,,0.992,64.1,57.6,1.00,-1.0,0.0,0,17895
274,4.5667,air,trick,-249.909,313.120,12.270,2.899,34.025,-0.850,34.158,34.148,11.379,0.00,0.00,0.00,0.00,0.000,1,backDouble,0,0.00,0.00,0.00,-248.337,312.328,9.479,153.28,51.61,69.59,3.300,0.298,0.03,1.00,1,0,0,0,0,0,51.61,-6.18,-4.58,0.2867,0.2219,0.4955,1,3.300,0,0.422,0,flip_backDouble,flipKickout,1.000,3,-0.524 -0.144 -0.982 -0.001 -0.588 -0.734 -0.016 0.041 0.122 -0.217,-248.39,311.73,9.50,51.46,152.48,102.06,412,668,664,1036,0.091,-0.100 -0.215 -0.189 -0.229,-1.0,0,0.000,0.000,0.4367,-0.01,backDouble,1.033,-648.2,0.0,-189.3,Kickout,Tuck,81.1,81.1,25.3,,0.993,64.9,57.8,1.00,-1.0,0.0,0,17904
275,4.5833,air,trick,-249.862,313.685,12.254,2.837,33.812,-1.030,33.946,33.931,11.363,0.00,0.00,0.00,0.00,0.000,1,backDouble,0,0.00,0.00,0.00,-248.284,312.919,9.458,154.11,51.75,69.55,3.300,0.290,0.03,1.00,1,0,0,0,0,0,51.75,-6.23,-4.60,0.2586,0.2197,0.4829,1,3.300,0,0.422,0,flip_backDouble,flipKickout,1.000,3,-0.516 -0.097 -1.010 0.082 -0.635 -0.650 -0.011 0.029 0.130 -0.247,-248.34,312.33,9.48,51.61,153.28,102.03,412,640,668,1040,0.155,0.053 -0.051 -0.227 -0.266,-1.0,0,0.000,0.000,0.4394,-0.01,backDouble,1.050,-651.1,0.0,-160.8,Kickout,Tuck,74.8,74.8,15.8,,0.993,65.8,57.9,1.00,-1.0,0.0,0,17913
276,4.6000,air,trick,-249.815,314.245,12.234,2.775,33.599,-1.210,33.735,33.714,11.343,0.00,0.00,0.00,0.00,0.000,1,backDouble,0,0.00,0.00,0.00,-248.232,313.508,9.434,155.03,51.88,69.51,3.300,0.281,0.03,1.00,1,0,0,0,0,0,51.88,-6.28,-4.62,0.2505,0.2186,0.4668,1,3.300,0,0.422,0,flip_backDouble,flipKickout,1.000,3,-0.505 -0.055 -1.005 0.176 -0.640 -0.576 0.009 0.012 0.158 -0.295,-248.28,312.92,9.46,51.75,154.11,101.98,416,616,676,1048,0.207,0.177 0.080 -0.299 -0.338,-1.0,0,0.000,0.000,0.4447,-0.01,backDouble,1.067,-653.6,0.0,-142.0,Kickout,Tuck,69.6,69.5,11.8,,0.994,66.7,58.0,1.00,-1.0,0.0,0,17921
277,4.6167,air,trick,-249.782,314.806,12.212,1.710,33.670,-1.390,33.742,33.714,11.321,0.00,0.00,0.00,0.00,0.000,1,backDouble,0,0.00,0.00,0.00,-248.192,314.099,9.408,156.02,52.00,69.47,3.300,0.272,0.03,1.00,1,0,0,0,0,0,52.00,-6.32,-4.63,0.2602,0.2222,0.4520,1,3.300,0,0.422,0,flip_backDouble,flipKickout,1.000,3,-0.494 -0.024 -0.982 0.265 -0.613 -0.537 0.050 -0.010 0.208 -0.353,-248.23,313.51,9.43,51.88,155.03,101.94,392,608,684,1068,0.244,0.261 0.159 -0.396 -0.439,-1.0,0,0.000,0.000,0.4515,-0.01,backDouble,1.083,-655.9,0.0,-130.3,Kickout,Tuck,65.7,65.7,6.6,,0.995,67.8,58.2,1.00,-1.0,0.0,0,17929
278,4.6333,air,trick,-249.767,315.368,12.186,0.643,33.707,-1.570,33.750,33.714,11.295,0.00,0.00,0.00,0.00,0.000,1,backDouble,0,0.00,0.00,0.00,-248.170,314.692,9.379,157.05,52.12,69.43,3.300,0.263,0.03,1.00,1,0,0,0,0,0,52.12,-6.36,-4.65,0.2776,0.2308,0.4416,1,3.300,0,0.422,0,flip_backDouble,flipKickout,1.000,3,-0.484 -0.002 -0.952 0.343 -0.570 -0.530 0.119 -0.033 0.281 -0.402,-248.19,314.10,9.41,52.00,156.02,101.90,368,604,692,1092,0.269,0.310 0.195 -0.503 -0.552,-1.0,0,0.000,0.000,0.4597,-0.01,backDouble,1.100,-658.0,0.0,-124.2,Kickout,Kickout,63.0,63.0,3.6,,0.995,68.8,58.3,1.00,-1.0,0.0,0,17935
279,4.6500,air,trick,-249.766,315.930,12.158,0.000,33.714,-1.750,33.759,33.714,11.267,0.00,0.00,0.00,0.00,0.000,1,backDouble,0,0.00,0.00,0.00,-248.162,315.286,9.347,158.13,52.23,69.38,3.300,0.255,0.03,1.00,1,0,0,0,0,0,52.23,-6.39,-4.67,0.2948,0.2401,0.4320,1,3.300,0,0.422,0,flip_backDouble,flipKickout,1.000,3,-0.472 0.017 -0.914 0.418 -0.521 -0.526 0.209 -0.055 0.363 -0.423,-248.17,314.69,9.38,52.12,157.05,101.85,348,600,704,1116,0.294,0.359 0.225 -0.596 -0.648,-1.0,0,0.000,0.000,0.4696,-0.01,backDouble,1.117,-660.1,0.0,-123.2,Kickout,Kickout,60.3,60.3,3.0,,0.995,69.9,58.4,1.00,-1.0,0.0,0,17941
280,4.6667,air,trick,-249.766,316.492,12.127,0.000,33.714,-1.930,33.769,33.714,11.236,0.00,0.00,0.00,0.00,0.000,1,backDouble,0,0.00,0.00,0.00,-248.155,315.881,9.312,159.22,52.33,69.33,3.300,0.247,0.03,1.00,1,0,0,0,0,0,52.33,-6.42,-4.68,0.3101,0.2474,0.4224,1,3.300,0,0.422,0,flip_backDouble,flipKickout,1.000,3,-0.460 0.037 -0.868 0.489 -0.470 -0.516 0.306 -0.077 0.440 -0.412,-248.16,315.29,9.35,52.23,158.13,101.80,332,600,712,1144,0.318,0.403 0.256 -0.654 -0.702,-1.0,0,0.000,0.000,0.4797,-0.01,backDouble,1.133,-662.1,0.0,-123.2,Kickout,Kickout,57.6,57.6,4.1,,0.996,71.1,58.5,1.00,-1.0,0.0,0,17947
281,4.6833,air,trick,-249.766,317.054,12.092,0.000,33.714,-2.110,33.780,33.714,11.201,0.00,0.00,0.00,0.00,0.000,1,backDouble,0,0.00,0.00,0.00,-248.148,316.476,9.275,160.34,52.43,69.29,3.300,0.239,0.03,1.00,1,0,0,0,0,0,52.43,-6.45,-4.70,0.3239,0.2504,0.4126,1,3.300,0,0.421,0,flip_backDouble,flipKickout,1.000,3,-0.447 0.058 -0.816 0.554 -0.420 -0.503 0.390 -0.095 0.501 -0.382,-248.16,315.88,9.31,52.33,159.22,101.75,312,596,728,1160,0.342,0.443 0.287 -0.676 -0.717,-1.0,0,0.000,0.000,0.4884,-0.01,backDouble,1.150,-664.2,0.0,-123.2,Kickout,Kickout,54.9,54.8,4.8,,0.996,72.2,58.6,1.00,-1.0,0.0,0,17952
282,4.7000,air,trick,-249.766,317.616,12.055,0.000,33.714,-2.290,33.791,33.714,11.164,0.00,0.00,0.00,0.00,0.000,1,backDouble,0,0.00,0.00,0.00,-248.142,317.071,9.234,161.45,52.52,69.24,3.300,0.232,0.03,1.00,1,0,0,0,0,0,52.52,-6.47,-4.72,0.3356,0.2483,0.4033,1,3.300,0,0.421,0,flip_backDouble,flipKickout,1.000,3,-0.432 0.079 -0.760 0.613 -0.370 -0.486 0.449 -0.110 0.539 -0.353,-248.15,316.48,9.27,52.43,160.34,101.70,296,592,740,1172,0.365,0.478 0.318 -0.678 -0.711,-1.0,0,0.000,0.000,0.4953,-0.00,backDouble,1.167,-666.2,0.0,-123.2,Kickout,Kickout,52.1,52.0,5.2,,0.997,73.3,58.7,1.00,-1.0,0.0,0,17956
283,4.7167,air,trick,-249.766,318.177,12.014,0.000,33.714,-2.470,33.804,33.714,11.123,0.00,0.00,0.00,0.00,0.000,1,backDouble,0,0.00,0.00,0.00,-248.136,317.665,9.191,162.57,52.60,69.19,3.300,0.226,0.03,1.00,1,0,0,0,0,0,52.60,-6.49,-4.73,0.3446,0.2420,0.3946,1,3.300,0,0.421,0,flip_backDouble,flipKickout,1.000,3,-0.417 0.101 -0.703 0.664 -0.324 -0.466 0.478 -0.125 0.555 -0.341,-248.14,317.07,9.23,52.52,161.45,101.66,280,588,756,1176,0.387,0.508 0.348 -0.678 -0.706,-1.0,0,0.000,0.000,0.5004,-0.00,backDouble,1.183,-668.3,0.0,-123.2,Kickout,Kickout,49.3,49.2,5.4,,0.997,74.5,58.8,1.00,-1.0,0.0,0,17960
284,4.7333,air,trick,-249.766,318.739,11.971,0.000,33.714,-2.650,33.818,33.714,11.080,0.00,0.00,0.00,0.00,0.000,1,backDouble,0,0.00,0.00,0.00,-248.130,318.260,9.146,163.67,52.68,69.15,3.300,0.220,0.03,1.00,1,0,0,0,0,0,52.68,-6.50,-4.75,0.3515,0.2321,0.3867,1,3.300,0,0.421,0,flip_backDouble,flipKickout,1.000,3,-0.400 0.122 -0.645 0.709 -0.281 -0.444 0.477 -0.144 0.547 -0.352,-248.14,317.67,9.19,52.60,162.57,101.61,268,584,772,1172,0.408,0.534 0.377 -0.689 -0.714,-1.0,0,0.000,0.000,0.5038,-0.00,backDouble,1.200,-670.3,0.0,-123.2,Kickout,Kickout,46.5,46.4,5.4,,0.997,75.6,58.9,1.00,-1.0,0.0,0,17964
285,4.7500,air,trick,-249.766,319.301,11.925,0.000,33.714,-2.830,33.832,33.714,11.034,0.00,0.00,0.00,0.00,0.000,1,backDouble,0,0.00,0.00,0.00,-248.125,318.854,9.097,164.76,52.76,69.10,3.300,0.215,0.03,1.00,1,0,0,0,0,0,52.76,-6.51,-4.77,0.3581,0.2208,0.3797,1,3.300,0,0.421,0,flip_backDouble,flipKickout,1.000,3,-0.383 0.143 -0.587 0.748 -0.241 -0.422 0.465 -0.163 0.532 -0.372,-248.13,318.26,9.15,52.68,163.67,101.56,256,580,788,1168,0.428,0.556 0.403 -0.704 -0.728,-1.0,0,0.000,0.000,0.5066,-0.00,backDouble,1.217,-672.4,0.0,-123.2,Kickout,Kickout,43.8,43.6,5.4,,0.997,76.7,59.0,1.00,-1.0,0.0,0,17967
286,4.7667,air,trick,-249.766,319.863,11.875,0.000,33.714,-3.010,33.848,33.714,10.984,0.00,0.00,0.00,0.00,0.000,1,backDouble,0,0.00,0.00,0.00,-248.120,319.448,9.045,165.83,52.83,69.06,3.300,0.210,0.03,1.00,1,0,0,0,0,0,52.83,-6.52,-4.78,0.3730,0.2096,0.3783,1,3.300,0,0.421,0,flip_backDouble,flipKickout,1.000,3,-0.365 0.163 -0.529 0.781 -0.203 -0.401 0.455 -0.182 0.517 -0.391,-248.12,318.85,9.10,52.76,164.76,101.51,244,576,804,1164,0.447,0.573 0.427 -0.718 -0.741,-1.0,0,0.000,0.000,0.5094,-0.00,backDouble,1.233,-674.4,0.0,-123.2,Kickout,Kickout,41.0,40.9,5.3,,0.998,77.8,59.0,1.00,-1.0,0.0,0,17971
287,4.7833,air,trick,-249.766,320.425,11.823,0.000,33.714,-3.190,33.864,33.714,10.932,0.00,0.00,0.00,0.00,0.000,1,backDouble,0,0.00,0.00,0.00,-248.116,320.040,8.991,166.88,52.89,69.01,3.300,0.206,0.03,1.00,1,0,0,0,0,0,52.89,-6.52,-4.80,0.3861,0.1988,0.3775,1,3.300,0,0.421,0,flip_backDouble,flipKickout,1.000,3,-0.346 0.182 -0.474 0.809 -0.169 -0.380 0.444 -0.200 0.502 -0.410,-248.12,319.45,9.05,52.83,165.83,101.46,236,572,816,1160,0.465,0.588 0.448 -0.730 -0.753,-1.0,0,0.000,0.000,0.5119,-0.00,backDouble,1.250,-676.5,0.0,-123.2,Kickout,Kickout,38.3,38.2,5.1,,0.998,78.9,59.1,1.00,-1.0,0.0,0,17973
288,4.8000,air,trick,-249.766,320.987,11.767,0.000,33.714,-3.370,33.882,33.714,10.876,0.00,0.00,0.00,0.00,0.000,1,backDouble,0,0.00,0.00,0.00,-248.112,320.633,8.934,167.91,52.95,68.97,3.300,0.202,0.03,1.00,1,0,0,0,0,0,52.95,-6.52,-4.82,0.3978,0.1882,0.3773,1,3.300,0,0.421,0,flip_backDouble,flipKickout,1.000,3,-0.327 0.200 -0.422 0.831 -0.138 -0.361 0.435 -0.216 0.486 -0.428,-248.12,320.04,8.99,52.89,166.88,101.42,228,580,832,1152,0.481,0.599 0.467 -0.741 -0.764,-1.0,0,0.000,0.000,0.5142,-0.00,backDouble,1.267,-678.5,0.0,-123.2,Kickout,Kickout,35.7,35.6,4.9,,0.998,79.9,59.2,1.00,-1.0,0.0,0,17976
289,4.8167,air,trick,-249.766,321.549,11.709,0.000,33.714,-3.550,33.900,33.714,10.818,0.00,0.00,0.00,0.00,0.000,1,backDouble,0,0.00,0.00,0.00,-248.109,321.224,8.874,168.90,53.01,68.93,3.300,0.199,0.03,1.00,1,0,0,0,0,0,53.01,-6.51,-4.83,0.4083,0.1780,0.3774,1,3.300,0,0.421,0,flip_backDouble,flipKickout,1.000,3,-0.308 0.217 -0.372 0.850 -0.111 -0.344 0.426 -0.232 0.471 -0.445,-248.11,320.63,8.93,52.95,167.91,101.37,224,584,844,1148,0.495,0.607 0.483 -0.752 -0.775,-1.0,0,0.000,0.000,0.5164,-0.00,backDouble,1.283,-680.6,0.0,-123.2,Kickout,Kickout,33.2,33.0,4.6,,0.998,80.9,59.2,1.00,-1.0,0.0,0,17978
290,4.8333,air,trick,-249.766,322.111,11.647,0.000,33.714,-3.730,33.919,33.714,10.756,0.00,0.00,0.00,0.00,0.000,1,backDouble,0,0.00,0.00,0.00,-248.107,321.814,8.811,169.87,53.07,68.89,3.300,0.196,0.03,1.00,1,0,0,0,0,0,53.07,-6.50,-4.85,0.4177,0.1683,0.3778,1,3.300,0,0.421,0,flip_backDouble,flipKickout,1.000,3,-0.289 0.232 -0.327 0.866 -0.087 -0.329 0.418 -0.247 0.455 -0.461,-248.11,321.22,8.87,53.01,168.90,101.33,216,592,856,1144,0.508,0.613 0.496 -0.761 -0.785,-1.0,0,0.000,0.000,0.5181,-0.00,backDouble,1.300,-682.6,0.0,-123.2,Kickout,Kickout,30.8,30.6,4.4,,0.998,81.9,59.3,1.00,-1.0,0.0,0,17980
291,4.8500,air,trick,-249.766,322.673,11.583,0.000,33.714,-3.910,33.940,33.714,10.692,0.00,0.00,0.00,0.00,0.000,1,backDouble,0,0.00,0.00,0.00,-248.104,322.404,8.745,170.80,53.12,68.85,3.300,0.193,0.03,1.00,1,0,0,0,0,0,53.12,-6.48,-4.87,0.4259,0.1604,0.3785,1,3.300,0,0.421,0,flip_backDouble,flipKickout,1.000,3,-0.270 0.247 -0.287 0.878 -0.069 -0.316 0.410 -0.260 0.439 -0.476,-248.11,321.81,8.81,53.07,169.87,101.28,216,596,864,1136,0.520,0.617 0.508 -0.769 -0.794,-1.0,0,0.000,0.000,0.5197,-0.00,backDouble,1.317,-684.7,0.0,-123.2,Kickout,Kickout,28.5,28.3,4.1,,0.999,82.8,59.3,1.00,-1.0,0.0,0,17982
292,4.8667,air,trick,-249.766,323.234,11.516,0.000,33.714,-4.090,33.961,33.714,10.625,0.00,0.00,0.00,0.00,0.000,1,backDouble,0,0.00,0.00,0.00,-248.103,322.992,8.676,171.70,53.16,68.81,3.300,0.191,0.03,1.00,1,0,0,0,0,0,53.16,-6.46,-4.88,0.4332,0.1538,0.3793,1,3.300,0,0.421,0,flip_backDouble,flipKickout,1.000,3,-0.251 0.259 -0.251 0.888 -0.054 -0.305 0.402 -0.274 0.424 -0.491,-248.10,322.40,8.74,53.12,170.80,101.24,208,604,868,1132,0.530,0.619 0.518 -0.777 -0.802,-1.0,0,0.000,0.000,0.5212,-0.00,backDouble,1.333,-686.7,0.0,-123.2,Kickout,Kickout,26.3,26.1,3.9,,0.999,83.7,59.4,1.00,-1.0,0.0,0,17984
293,4.8833,air,trick,-249.766,323.796,11.445,0.000,33.714,-4.270,33.983,33.714,10.554,0.00,0.00,0.00,0.00,0.000,1,backDouble,0,0.00,0.00,0.00,-248.101,323.579,8.604,172.57,53.21,68.77,3.300,0.190,0.04,1.00,1,0,0,0,0,0,53.21,-6.44,-4.90,0.4396,0.1481,0.3802,1,3.300,0,0.420,0,flip_backDouble,flipKickout,1.000,3,-0.233 0.271 -0.220 0.896 -0.043 -0.296 0.393 -0.286 0.409 -0.504,-248.10,322.99,8.68,53.16,171.70,101.20,204,608,872,1128,0.539,0.620 0.526 -0.785 -0.810,-1.0,0,0.000,0.000,0.5225,-0.00,backDouble,1.350,-688.8,0.0,-123.2,Kickout,Kickout,24.2,24.0,3.6,,0.999,84.6,59.4,1.00,-1.0,0.0,0,17985
294,4.9000,air,trick,-249.766,324.358,11.372,0.000,33.714,-4.450,34.006,33.714,10.481,0.00,0.00,0.00,0.00,0.000,1,backDouble,0,0.00,0.00,0.00,-248.100,324.166,8.530,173.41,53.25,68.74,3.300,0.188,0.03,1.00,1,0,0,0,0,0,53.25,-6.41,-4.92,0.4452,0.1434,0.3811,1,3.300,0,0.420,0,flip_backDouble,flipKickout,1.000,3,-0.216 0.281 -0.197 0.903 -0.037 -0.289 0.384 -0.299 0.395 -0.516,-248.10,323.58,8.60,53.21,172.57,101.16,204,612,876,1128,0.547,0.623 0.533 -0.793 -0.817,-1.0,0,0.000,0.000,0.5232,-0.00,backDouble,1.367,-690.9,0.0,-123.2,Kickout,Kickout,22.3,22.0,3.4,,0.999,85.4,59.5,1.00,-1.0,0.0,0,17987
295,4.9167,air,trick,-249.766,324.920,11.295,0.000,33.714,-4.630,34.030,33.714,10.404,0.00,0.00,0.00,0.00,0.000,1,backDouble,0,0.00,0.00,0.00,-248.100,324.751,8.452,174.22,53.29,68.70,3.300,0.187,0.03,1.00,1,0,0,0,0,0,53.29,-6.38,-4.93,0.4499,0.1387,0.3821,1,3.300,0,0.420,0,flip_backDouble,flipKickout,1.000,3,-0.199 0.291 -0.177 0.910 -0.033 -0.282 0.372 -0.311 0.382 -0.527,-248.10,324.17,8.53,53.25,173.41,101.13,200,616,880,1120,0.554,0.627 0.540 -0.801 -0.822,-1.0,0,0.000,0.000,0.5235,-0.00,backDouble,1.383,-692.9,0.0,-123.2,Kickout,Kickout,20.4,20.2,3.2,,0.999,86.2,59.5,1.00,-1.0,0.0,0,17988
296,4.9333,air,trick,-249.766,325.482,11.216,0.000,33.714,-4.810,34.055,33.714,10.325,0.00,0.00,0.00,0.00,0.000,1,backDouble,0,0.00,0.00,0.00,-248.099,325.336,8.372,174.99,53.33,68.67,3.300,0.186,0.03,1.00,1,0,0,0,0,0,53.33,-6.35,-4.95,0.4540,0.1341,0.3830,1,3.300,0,0.420,0,flip_backDouble,flipKickout,1.000,3,-0.183 0.299 -0.160 0.916 -0.029 -0.276 0.358 -0.323 0.370 -0.537,-248.10,324.75,8.45,53.29,174.22,101.09,200,620,884,1116,0.561,0.633 0.547 -0.810 -0.827,-1.0,0,0.000,0.000,0.5234,-0.00,backDouble,1.400,-695.0,0.0,-123.2,Kickout,Kickout,18.5,18.3,2.9,,0.999,87.0,59.5,1.00,-1.0,0.0,0,17989
297,4.9500,air,trick,-249.766,326.044,11.134,0.000,33.714,-4.990,34.081,33.714,10.243,0.00,0.00,0.00,0.00,0.000,1,backDouble,0,0.00,0.00,0.00,-248.099,325.919,8.288,175.73,53.36,68.64,3.300,0.186,0.03,1.00,1,0,0,0,0,0,53.36,-6.31,-4.97,0.4574,0.1296,0.3839,1,3.300,0,0.420,0,flip_backDouble,flipKickout,1.000,3,-0.166 0.306 -0.148 0.922 -0.030 -0.270 0.342 -0.335 0.360 -0.546,-248.10,325.34,8.37,53.33,174.99,101.05,200,624,888,1112,0.566,0.639 0.554 -0.819 -0.831,-1.0,0,0.000,0.000,0.5227,-0.00,backDouble,1.417,-697.0,0.0,-123.2,Kickout,Kickout,16.8,16.6,2.7,,0.999,87.7,59.6,1.00,-1.0,0.0,0,17990
298,4.9667,air,trick,-249.766,326.606,11.048,0.000,33.714,-5.170,34.108,33.714,10.157,0.00,0.00,0.00,0.00,0.000,1,backDouble,0,0.00,0.00,0.00,-248.099,326.502,8.202,176.43,53.39,68.61,3.300,0.185,0.03,1.00,1,0,0,0,0,0,53.39,-6.26,-4.98,0.4602,0.1248,0.3847,1,3.300,0,0.420,0,flip_backDouble,flipKickout,1.000,3,-0.151 0.313 -0.138 0.928 -0.034 -0.263 0.323 -0.346 0.351 -0.553,-248.10,325.92,8.29,53.36,175.73,101.02,196,628,892,1108,0.571,0.646 0.562 -0.828 -0.834,-1.0,0,0.000,0.000,0.5216,-0.00,backDouble,1.433,-699.1,0.0,-123.2,Kickout,Kickout,15.1,14.9,2.5,,0.999,88.4,59.6,1.00,-1.0,0.0,0,17991
299,4.9833,air,trick,-249.766,327.168,10.960,0.000,33.714,-5.350,34.135,33.714,10.069,0.00,0.00,0.00,0.00,0.000,1,backDouble,0,0.00,0.00,0.00,-248.099,327.084,8.113,177.11,53.42,68.58,3.300,0.185,0.03,1.00,1,0,0,0,0,0,53.42,-6.21,-5.00,0.4624,0.1228,0.3854,1,3.300,0,0.420,0,flip_backDouble,flipKickout,1.000,3,-0.135 0.319 -0.129 0.933 -0.043 -0.255 0.300 -0.358 0.345 -0.560,-248.10,326.50,8.20,53.39,176.43,100.99,196,632,896,1104,0.575,0.651 0.573 -0.839 -0.836,-1.0,0,0.000,0.000,0.5217,-0.00,backDouble,1.450,-701.1,0.0,-123.2,Kickout,Kickout,13.5,13.3,2.3,,0.999,89.1,59.6,1.00,-1.0,0.0,0,17992
300,5.0000,air,trick,-249.766,327.730,10.868,0.000,33.714,-5.530,34.164,33.714,9.977,0.00,0.00,0.00,0.00,0.000,1,backDouble,0,0.00,0.00,0.00,-248.100,327.664,8.021,177.75,53.45,68.55,3.300,0.184,0.03,1.00,1,0,0,0,0,0,53.45,-6.16,-5.02,0.4641,0.1214,0.3860,1,3.300,0,0.420,0,flip_backDouble,flipKickout,1.000,3,-0.120 0.324 -0.123 0.936 -0.056 -0.245 0.273 -0.369 0.340 -0.565,-248.10,327.08,8.11,53.42,177.11,100.96,196,632,900,1104,0.579,0.656 0.585 -0.849 -0.837,-1.0,0,0.000,0.000,0.5218,-0.00,backDouble,1.467,-703.2,0.0,-123.2,Kickout,Kickout,12.0,11.8,2.2,,0.999,89.7,59.7,1.00,-1.0,0.0,0,17993
301,5.0167,swing,swingLow,-249.746,328.237,10.648,2.435,27.229,-20.691,34.285,27.337,9.757,-266.00,341.61,40.43,30.34,0.085,2,,0,0.00,0.00,0.00,-248.080,328.189,7.800,178.37,53.47,68.53,3.300,0.184,0.03,1.00,1,0,0,0,0,0,53.47,-6.08,-5.03,0.4414,0.1338,0.3833,1,3.300,0,0.420,0,flip_backDouble,flipKickout,1.000,3,-0.129 0.296 -0.164 0.924 -0.081 -0.282 0.272 -0.325 0.373 -0.520,-248.10,327.66,8.02,53.45,177.75,100.93,196,636,904,1104,0.575,0.686 0.559 -0.839 -0.826,23.9,1,0.000,0.000,0.5230,-0.00,,-1.000,0.0,0.0,0.0,,,13.8,12.3,6.4,,0.997,90.3,59.7,-1.00,-1.0,0.0,0,17960
302,5.0333,swing,swingLow,-249.707,328.696,10.305,2.245,27.773,-20.330,34.492,27.864,9.414,-266.00,341.61,40.43,30.34,0.233,2,,0,0.00,0.00,0.00,-248.042,328.665,7.456,178.95,53.50,68.50,3.300,0.184,0.03,1.00,1,0,0,0,0,0,53.50,-5.95,-5.05,0.4191,0.1448,0.3806,1,3.300,0,0.420,0,swing,flipKickout,1.000,3,-0.136 0.271 -0.200 0.908 -0.113 -0.312 0.261 -0.287 0.403 -0.477,-248.08,328.19,7.80,53.47,178.37,100.90,204,620,892,1116,0.570,0.708 0.540 -0.831 -0.813,20.5,1,0.000,0.000,0.5241,-0.00,,-1.000,0.0,0.0,0.0,,,15.7,12.9,9.3,,0.990,90.9,59.7,-1.00,-1.0,0.0,0,17867
303,5.0500,swing,swingLow,-249.672,329.164,9.969,1.978,28.318,-19.948,34.695,28.387,9.078,-266.00,341.61,40.43,30.34,0.356,2,,0,0.00,0.00,0.00,-248.008,329.149,7.120,179.49,53.52,68.48,3.300,0.185,0.03,1.00,1,0,0,0,0,0,53.52,-5.78,-5.07,0.3951,0.1526,0.3723,1,3.300,0,0.420,0,swing,flipKickout,1.000,3,-0.148 0.256 -0.222 0.886 -0.178 -0.269 0.258 -0.218 0.419 -0.414,-248.04,328.67,7.46,53.50,178.95,100.88,208,596,884,1124,0.565,0.684 0.600 -0.807 -0.801,18.3,1,0.000,0.000,0.5251,-0.00,,-1.000,0.0,0.0,0.0,,,17.5,14.0,10.9,,0.978,91.4,59.7,-1.00,-1.0,0.0,0,17720
304,5.0667,swing,swingLow,-249.642,329.641,9.639,1.716,28.854,-19.545,34.893,28.905,8.748,-266.00,341.61,40.43,30.34,0.459,2,,0,0.00,0.00,0.00,-247.979,329.641,6.790,179.99,53.53,68.46,3.299,0.185,0.03,1.00,1,0,0,0,0,0,53.53,-5.56,-5.08,0.3649,0.1604,0.3694,1,3.299,0,0.420,0,swing,flipKickout,1.000,3,-0.151 0.211 -0.264 0.854 -0.210 -0.272 0.249 -0.157 0.426 -0.360,-248.01,329.15,7.12,53.52,179.49,100.86,220,576,876,1132,0.554,0.703 0.612 -0.784 -0.789,13.2,1,0.000,0.000,0.5242,-0.00,,-1.000,0.0,0.0,0.0,,,20.9,14.4,15.8,,0.964,91.9,59.7,-1.00,-1.0,0.0,0,17530
305,5.0833,swing,swingLow,-249.616,330.127,9.317,1.464,29.381,-19.120,35.085,29.417,8.426,-266.00,341.61,40.43,30.34,0.545,2,,0,0.00,0.00,0.00,-247.955,330.139,6.468,-179.57,53.54,68.44,3.298,0.186,0.03,1.00,1,0,0,0,0,0,53.54,-5.31,-5.10,0.3403,0.1668,0.3671,1,3.298,0,0.420,0,swing,flipKickout,1.000,3,-0.149 0.171 -0.298 0.818 -0.230 -0.253 0.239 -0.106 0.427 -0.315,-247.98,329.64,6.79,53.53,179.99,100.83,232,556,868,1136,0.542,0.700 0.640 -0.761 -0.778,9.0,1,0.000,0.000,0.5223,-0.00,,-1.000,0.0,0.0,0.0,,,23.9,14.3,19.9,,0.946,92.4,59.8,-1.00,-1.0,0.0,0,17301
306,5.1000,swing,swingLow,-249.595,330.621,9.001,1.221,29.897,-18.675,35.271,29.922,8.110,-266.00,341.61,40.43,30.34,0.617,2,,0,0.00,0.00,0.00,-247.934,330.645,6.153,-179.19,53.55,68.43,3.297,0.187,0.03,1.00,1,0,0,0,0,0,53.55,-5.03,-5.12,0.3208,0.1714,0.3651,1,3.297,0,0.420,0,swing,flipKickout,1.000,3,-0.145 0.138 -0.325 0.779 -0.241 -0.215 0.234 -0.061 0.422 -0.280,-247.95,330.14,6.47,53.54,-179.57,100.82,240,544,860,1136,0.531,0.674 0.677 -0.738 -0.769,5.7,1,0.000,0.000,0.5202,-0.00,,-1.000,0.0,0.0,0.0,,,26.4,14.0,23.3,,0.926,92.9,59.8,-1.00,-1.0,0.0,0,17042
307,5.1167,swing,swingLow,-249.577,331.125,8.693,0.984,30.403,-18.208,35.452,30.418,7.802,-266.00,341.61,40.43,30.34,0.679,2,,0,0.00,0.00,0.00,-247.918,331.157,5.848,-178.89,53.55,68.42,3.294,0.189,0.03,1.00,1,0,0,0,0,0,53.55,-4.72,-5.13,0.3028,0.1744,0.3645,1,3.294,0,0.420,0,swing,flipKickout,1.000,3,-0.141 0.110 -0.345 0.735 -0.240 -0.175 0.232 -0.020 0.414 -0.251,-247.93,330.64,6.15,53.55,-179.19,100.80,252,532,852,1136,0.520,0.633 0.710 -0.713 -0.761,3.5,1,0.000,0.000,0.5180,-0.00,,-1.000,0.0,0.0,0.0,,,28.7,13.8,26.1,,0.904,93.3,59.8,-1.00,-1.0,0.0,0,16757
308,5.1333,swing,swingLow,-249.563,331.636,8.393,0.756,30.896,-17.721,35.625,30.905,7.502,-266.00,341.61,40.43,30.34,0.731,2,,0,0.00,0.00,0.00,-247.905,331.674,5.551,-178.68,53.54,68.41,3.291,0.191,0.03,1.00,1,0,0,0,0,0,53.54,-4.39,-5.15,0.2845,0.1754,0.3660,1,3.291,0,0.420,0,swing,flipKickout,1.000,3,-0.137 0.086 -0.360 0.685 -0.231 -0.140 0.232 0.018 0.403 -0.227,-247.92,331.16,5.85,53.55,-178.89,100.79,268,524,848,1132,0.510,0.581 0.737 -0.687 -0.754,2.9,1,0.000,0.000,0.5159,-0.00,,-1.000,0.0,0.0,0.0,,,30.7,13.6,28.4,,0.881,93.7,59.8,-1.00,-1.0,0.0,0,16451
309,5.1500,swing,swingLow,-249.553,332.156,8.102,0.536,31.377,-17.213,35.792,31.381,7.211,-266.00,341.61,40.43,30.34,0.775,2,,0,0.00,0.00,0.00,-247.897,332.197,5.264,-178.57,53.52,68.40,3.286,0.194,0.03,1.00,1,0,0,0,0,0,53.52,-4.04,-5.17,0.2651,0.1742,0.3701,1,3.286,0,0.420,0,swing,flipKickout,1.000,3,-0.133 0.066 -0.368 0.628 -0.217 -0.112 0.230 0.051 0.388 -0.209,-247.91,331.67,5.55,53.54,-178.68,100.78,284,516,848,1128,0.501,0.525 0.757 -0.659 -0.746,3.9,1,0.000,0.000,0.5142,-0.00,,-1.000,0.0,0.0,0.0,,,32.4,13.5,30.4,,0.856,94.1,59.8,-1.00,-1.0,0.0,0,16129
310,5.1667,swing,swingLow,-249.545,332.683,7.819,0.382,31.846,-16.678,35.951,31.848,6.928,-266.00,341.61,40.43,30.34,0.813,2,,0,0.00,0.00,0.00,-247.892,332.724,4.987,-178.57,53.50,68.40,3.280,0.196,0.03,1.00,1,0,0,0,0,0,53.50,-3.68,-5.18,0.2460,0.1708,0.3764,1,3.280,0,0.420,0,swing,flipKickout,1.000,3,-0.129 0.052 -0.372 0.567 -0.201 -0.089 0.225 0.079 0.371 -0.198,-247.90,332.20,5.26,53.52,-178.57,100.77,300,512,848,1120,0.494,0.471 0.772 -0.632 -0.737,5.1,1,0.000,0.000,0.5128,-0.00,,-1.000,0.0,0.0,0.0,,,33.6,13.4,31.8,,0.830,94.5,59.8,-1.00,-1.0,0.0,0,15795
311,5.1833,swing,swingLow,-249.540,333.218,7.545,0.228,32.301,-16.125,36.102,32.301,6.654,-266.00,341.61,40.43,30.34,0.846,2,,0,0.00,0.00,0.00,-247.890,333.255,4.728,-178.71,53.42,68.40,3.265,0.200,0.03,1.00,1,0,0,0,0,0,53.42,-3.30,-5.20,0.2277,0.1662,0.3851,1,3.265,0,0.420,0,swing,swingBottom,1.000,3,-0.124 0.044 -0.370 0.505 -0.185 -0.072 0.212 0.100 0.350 -0.194,-247.89,332.72,4.99,53.50,-178.57,100.77,324,508,848,1112,0.490,0.423 0.783 -0.605 -0.726,5.9,1,0.000,0.000,0.5113,-0.00,,-1.000,0.0,0.0,0.0,,,34.2,13.2,32.5,,0.804,94.8,59.8,-1.00,-1.0,0.0,0,15452
312,5.2000,swing,swingLow,-249.538,333.761,7.281,0.072,32.739,-15.554,36.246,32.739,6.390,-266.00,341.61,40.43,30.34,0.874,2,,0,0.00,0.00,0.00,-247.891,333.790,4.553,-179.00,52.67,68.40,3.187,0.203,0.03,1.00,1,0,0,0,0,0,52.67,-2.92,-5.22,0.2199,0.1638,0.3961,1,3.187,0,0.420,0,swing,swingBottom,1.000,3,-0.118 0.050 -0.362 0.447 -0.171 -0.053 0.195 0.105 0.325 -0.204,-247.89,333.26,4.73,53.42,-178.71,100.77,340,508,852,1104,0.491,0.380 0.790 -0.579 -0.715,6.1,1,0.000,0.000,0.5100,-0.00,,-1.000,0.0,0.0,0.0,,,34.1,12.8,32.6,,0.777,95.1,59.9,-1.00,-1.0,0.0,0,15102
313,5.2167,swing,swingLow,-249.539,334.310,7.026,-0.123,33.160,-14.971,36.384,33.161,6.135,-266.00,341.61,40.43,30.34,0.897,2,,0,0.00,0.00,0.00,-247.888,334.324,4.396,-179.53,51.69,68.41,3.105,0.207,0.03,1.00,1,0,0,0,0,0,51.69,-2.52,-5.23,0.2196,0.1595,0.4044,1,3.105,0,0.420,0,swing,swingBottom,1.000,3,-0.108 0.059 -0.353 0.397 -0.153 -0.031 0.166 0.108 0.294 -0.216,-247.89,333.79,4.55,52.67,-179.00,100.77,344,516,852,1096,0.492,0.354 0.796 -0.551 -0.702,6.2,1,0.000,0.000,0.5081,-0.00,,-1.000,0.0,0.0,0.0,,,33.9,12.2,32.5,,0.750,95.4,59.9,-1.00,-1.0,0.0,0,14750
314,5.2333,swing,swingLow,-249.543,334.867,6.782,-0.310,33.565,-14.371,36.513,33.566,5.891,-266.00,341.61,40.43,30.34,0.916,2,,0,0.00,0.00,0.00,-247.887,334.858,4.258,179.69,50.55,68.42,3.019,0.211,0.03,1.00,1,0,0,0,0,0,50.55,-2.12,-5.25,0.2318,0.1544,0.4072,1,3.019,0,0.420,0,swing,swingBottom,1.000,3,-0.096 0.070 -0.346 0.359 -0.132 -0.008 0.127 0.109 0.261 -0.228,-247.89,334.32,4.40,51.69,-179.53,100.78,340,524,852,1084,0.492,0.344 0.800 -0.521 -0.685,6.4,1,0.000,0.000,0.5056,-0.00,,-1.000,0.0,0.0,0.0,,,33.8,11.6,32.5,,0.723,95.7,59.9,-1.00,-1.0,0.0,0,14396
315,5.2500,swing,swingLow,-249.550,335.430,6.547,-0.490,33.952,-13.755,36.635,33.955,5.656,-266.00,341.61,40.43,30.34,0.931,2,,0,0.00,0.00,0.00,-247.886,335.390,4.135,178.63,49.23,68.43,2.930,0.216,0.03,1.00,1,0,0,0,0,0,49.23,-1.72,-5.27,0.2459,0.1500,0.4097,1,2.930,0,0.421,0,swing,swingBottom,1.000,3,-0.083 0.081 -0.342 0.337 -0.109 0.017 0.076 0.109 0.228 -0.238,-247.89,334.86,4.26,50.55,179.69,100.79,340,528,852,1076,0.492,0.350 0.802 -0.488 -0.665,6.7,1,0.000,0.000,0.5023,-0.00,,-1.000,0.0,0.0,0.0,,,33.7,11.0,32.6,,0.696,96.0,59.9,-1.00,-1.0,0.0,0,14044
316,5.2667,swing,swingLow,-249.564,335.999,6.322,-0.980,34.281,-13.154,36.731,34.295,5.431,-266.00,341.61,40.43,30.34,0.943,2,,0,0.00,0.00,0.00,-247.890,335.920,4.028,177.29,47.72,68.44,2.841,0.221,0.03,1.00,1,0,0,0,0,0,47.72,-1.33,-5.28,0.2606,0.1454,0.4118,1,2.841,0,0.421,0,swing,swingBottom,1.000,3,-0.068 0.092 -0.342 0.326 -0.080 0.041 0.018 0.107 0.192 -0.246,-247.89,335.39,4.14,49.23,178.63,100.80,336,536,848,1064,0.491,0.364 0.801 -0.453 -0.646,7.2,1,0.000,0.000,0.4982,-0.00,,-1.000,0.0,0.0,0.0,,,33.9,10.6,32.8,,0.669,96.3,59.9,-1.00,-1.0,0.0,0,13693
317,5.2833,swing,swingBottom,-249.586,336.573,6.108,-1.451,34.593,-12.539,36.824,34.623,5.217,-266.00,341.61,40.43,30.34,0.954,2,,0,0.00,0.00,0.00,-247.901,336.444,3.935,175.63,46.03,68.45,2.753,0.226,0.03,1.00,1,0,0,0,0,0,46.03,-0.96,-5.30,0.2785,0.1421,0.4150,1,2.753,0,0.421,0,swing,swingBottom,1.000,3,-0.049 0.104 -0.344 0.323 -0.046 0.065 -0.043 0.094 0.158 -0.259,-247.89,335.92,4.03,47.72,177.29,100.81,332,548,844,1052,0.489,0.383 0.797 -0.434 -0.641,7.8,1,0.000,0.000,0.4933,-0.00,,-1.000,0.0,0.0,0.0,,,34.1,10.1,33.2,,0.642,96.5,59.9,-1.00,-1.0,0.0,0,13347
318,5.3000,swing,swingBottom,-249.615,337.152,5.904,-1.904,34.888,-11.908,36.914,34.940,5.013,-266.00,341.61,40.43,30.34,0.962,2,,0,0.00,0.00,0.00,-247.920,336.963,3.854,173.62,44.16,68.47,2.667,0.231,0.03,1.00,1,0,0,0,0,0,44.16,-0.60,-5.32,0.2953,0.1483,0.4162,1,2.667,0,0.422,0,swing,swingBottom,1.000,3,-0.027 0.111 -0.342 0.332 -0.010 0.087 -0.118 0.090 0.139 -0.266,-247.90,336.44,3.93,46.03,175.63,100.83,328,556,836,1048,0.483,0.424 0.785 -0.413 -0.630,9.2,1,0.000,0.000,0.4878,-0.00,,-1.000,0.0,0.0,0.0,,,35.1,9.7,34.3,,0.616,96.7,59.9,-1.00,-1.0,0.0,0,13006
319,5.3167,swing,swingBottom,-249.650,337.737,5.711,-2.167,35.185,-11.245,37.002,35.252,4.820,-266.00,341.61,40.43,30.34,0.969,2,,0,0.00,0.00,0.00,-247.945,337.474,3.785,171.24,42.12,68.49,2.586,0.237,0.03,1.00,1,0,0,0,0,0,42.12,-0.27,-5.33,0.3309,0.1521,0.4762,1,2.586,0,0.422,0,swing,swingCornerBank,1.000,3,-0.001 0.125 -0.332 0.344 0.032 0.121 -0.191 0.078 0.120 -0.278,-247.92,336.96,3.85,44.16,173.62,100.84,320,564,824,1048,0.479,0.459 0.778 -0.391 -0.620,10.3,1,0.000,0.000,0.4960,-0.00,,-1.000,0.0,0.0,0.0,,,35.6,8.8,35.0,,0.590,96.9,59.9,-1.00,-1.0,0.0,0,12671
320,5.3333,swing,swingBottom,-249.689,338.326,5.529,-2.419,35.463,-10.569,37.083,35.545,4.638,-266.00,341.61,40.43,30.34,0.975,2,,0,0.00,0.00,0.00,-247.978,337.977,3.726,168.48,39.93,68.51,2.509,0.242,0.03,1.00,1,0,0,0,0,0,39.93,0.03,-5.35,0.3544,0.1585,0.4831,1,2.509,0,0.423,0,swing,swingCornerBank,1.000,3,0.024 0.144 -0.319 0.358 0.073 0.161 -0.256 0.062 0.104 -0.294,-247.94,337.47,3.78,42.12,171.24,100.86,368,648,836,1064,0.476,0.488 0.774 -0.370 -0.613,11.0,1,0.000,0.000,0.4947,-0.00,,-1.000,0.0,0.0,0.0,,,35.9,8.1,35.4,,0.565,97.1,59.9,-1.00,-1.0,0.0,0,12343
321,5.3500,swing,swingBottom,-249.731,338.919,5.358,-2.661,35.720,-9.881,37.157,35.819,4.467,-266.00,341.61,40.43,30.34,0.979,2,,0,0.00,0.00,0.00,-248.020,338.472,3.678,165.34,37.60,68.53,2.439,0.248,0.03,1.00,1,0,0,0,0,0,37.60,0.32,-5.37,0.3832,0.1725,0.4918,1,2.439,0,0.424,0,swing,swingCornerBank,1.000,3,0.048 0.173 -0.306 0.368 0.115 0.215 -0.308 0.028 0.079 -0.323,-247.98,337.98,3.73,39.93,168.48,100.88,364,676,824,1064,0.479,0.502 0.779 -0.361 -0.616,10.7,1,0.000,0.000,0.4873,-0.00,,-1.000,0.0,0.0,0.0,,,35.5,7.6,35.0,,0.540,97.3,59.9,-1.00,-1.0,0.0,0,12023
322,5.3667,swing,swingBottom,-249.780,339.517,5.199,-3.025,35.959,-9.200,37.240,36.086,4.308,-266.00,341.61,40.43,30.34,0.983,2,,0,0.00,0.00,0.00,-248.076,338.958,3.639,161.86,35.15,68.55,2.377,0.254,0.03,1.00,1,0,0,0,0,0,35.15,0.58,-5.38,0.4106,0.1837,0.5007,1,2.377,0,0.425,0,swing,swingCornerBank,1.000,3,0.077 0.202 -0.289 0.379 0.167 0.267 -0.361 -0.006 0.048 -0.351,-248.02,338.47,3.68,37.60,165.34,100.91,360,700,800,1060,0.479,0.515 0.780 -0.347 -0.619,10.8,1,0.000,0.000,0.4796,-0.00,,-1.000,0.0,0.0,0.0,,,35.3,6.9,34.9,,0.516,97.5,59.9,-1.00,-1.0,0.0,0,11711
323,5.3833,swing,swingBottom,-249.834,340.118,5.051,-3.373,36.176,-8.506,37.315,36.333,4.160,-266.00,341.61,40.43,30.34,0.986,2,,0,0.00,0.00,0.00,-248.146,339.438,3.609,158.26,32.62,68.57,2.323,0.259,0.03,1.00,1,0,0,0,0,0,32.62,0.82,-5.40,0.4364,0.1920,0.5092,1,2.323,0,0.426,0,swing,swingCornerBank,1.000,3,0.107 0.231 -0.270 0.391 0.220 0.320 -0.411 -0.040 0.017 -0.380,-248.08,338.96,3.64,35.15,161.86,100.93,356,724,780,1056,0.480,0.525 0.780 -0.334 -0.621,11.0,1,0.000,0.000,0.4714,-0.00,,-1.000,0.0,0.0,0.0,,,35.2,6.1,34.9,,0.493,97.7,59.9,-1.00,-1.0,0.0,4,11408
324,5.4000,swing,swingBottom,-249.894,340.723,4.915,-3.704,36.372,-7.801,37.383,36.560,4.024,-266.00,341.61,40.43,30.34,0.989,2,,0,0.00,0.00,0.00,-248.232,339.912,3.586,154.66,30.05,68.60,2.277,0.265,0.02,1.00,1,0,0,0,0,0,30.05,1.04,-5.42,0.4576,0.2084,0.5139,1,2.277,0,0.427,0,swing,swingCornerBank,1.000,3,0.137 0.257 -0.245 0.412 0.270 0.370 -0.462 -0.062 0.001 -0.400,-248.15,339.44,3.61,32.62,158.26,100.95,352,748,752,1060,0.477,0.544 0.777 -0.313 -0.615,11.5,1,0.000,0.000,0.4659,-0.00,,-1.000,0.0,0.0,0.0,,,35.5,5.3,35.3,,0.470,97.8,59.9,-1.00,-1.0,0.0,4,11114
325,5.4167,swing,swingBottom,-249.956,341.331,4.791,-3.711,36.548,-7.047,37.406,36.736,3.900,-266.00,341.61,40.43,30.34,0.991,2,,0,0.00,0.00,0.00,-248.334,340.380,3.572,151.06,27.53,68.62,2.241,0.271,0.02,1.00,1,0,0,0,0,0,27.53,1.25,-5.43,0.4792,0.2284,0.5169,1,2.241,0,0.428,0,swing,swingCornerBank,1.000,3,0.163 0.288 -0.223 0.437 0.312 0.427 -0.504 -0.090 -0.012 -0.426,-248.23,339.91,3.59,30.05,154.66,100.98,348,768,728,1072,0.479,0.558 0.781 -0.300 -0.613,11.4,1,0.000,0.000,0.4625,-0.00,,-1.000,0.0,0.0,0.0,,,35.2,4.1,35.0,,0.448,98.0,59.9,-1.00,-1.0,0.0,4,10830
326,5.4333,swing,swingBottom,-250.017,341.941,4.680,-3.714,36.701,-6.287,37.420,36.888,3.789,-266.00,341.61,40.43,30.34,0.992,2,,0,0.00,0.00,0.00,-248.449,340.845,3.566,147.46,25.10,68.65,2.214,0.277,0.02,1.00,1,0,0,0,0,0,25.10,1.43,-5.45,0.4997,0.2453,0.5191,1,2.214,0,0.429,0,swing,swingCornerBank,1.000,3,0.184 0.321 -0.206 0.461 0.347 0.488 -0.538 -0.122 -0.024 -0.454,-248.33,340.38,3.57,27.53,151.06,101.01,340,788,704,1080,0.483,0.569 0.790 -0.294 -0.614,10.7,1,0.000,0.000,0.4583,-0.00,,-1.000,0.0,0.0,0.0,,,34.4,3.0,34.3,,0.427,98.1,59.9,-1.00,-1.0,0.0,4,10554
327,5.4500,swing,swingBottom,-250.079,342.554,4.582,-3.715,36.829,-5.522,37.426,37.016,3.691,-266.00,341.61,40.43,30.34,0.994,2,,0,0.00,0.00,0.00,-248.890,341.034,4.556,143.86,22.40,68.76,1.930,0.283,0.02,1.00,1,0,0,0,0,0,-59.73,1.60,-5.47,0.9383,0.3895,0.9875,0,1.930,0,0.431,0,swing,swingCornerBank,1.000,3,0.198 0.364 -0.198 0.467 0.385 0.561 -0.553 -0.177 -0.068 -0.508,-248.45,340.85,3.57,25.10,147.46,101.04,340,816,692,1084,0.494,0.559 0.809 -0.305 -0.635,8.9,1,0.000,0.000,0.3416,-0.01,,-1.000,0.0,0.0,0.0,,,32.5,2.0,32.5,,0.407,98.2,60.0,-1.00,-1.0,0.0,7,10289
328,5.4667,swing,swingBottom,-250.140,343.169,4.496,-3.704,36.933,-4.753,37.421,37.118,3.605,-266.00,341.61,40.43,30.34,0.995,2,,0,0.00,0.00,0.00,-249.335,341.431,5.480,140.26,19.70,69.00,2.153,0.289,0.02,1.00,1,0,0,0,0,0,-59.48,1.76,-5.48,1.9526,0.6036,1.7554,0,2.153,0,0.433,0,swing,swingBottom,1.000,3,0.210 0.400 -0.187 0.473 0.421 0.627 -0.563 -0.222 -0.109 -0.557,-248.89,341.03,4.56,22.40,143.86,101.15,596,1080,464,992,0.503,0.551 0.825 -0.310 -0.652,7.4,1,0.000,0.000,0.1949,-0.01,,-1.000,0.0,0.0,0.0,,,30.9,0.9,30.9,,0.387,98.3,60.0,-1.00,-1.0,0.0,7,10033
329,5.4833,swing,swingBottom,-250.201,343.785,4.424,-3.690,37.013,-3.980,37.408,37.196,3.533,-266.00,341.61,40.43,30.34,0.996,2,,0,0.00,0.00,0.00,-249.758,342.077,6.264,136.66,17.00,69.34,2.549,0.294,0.02,1.00,1,0,0,0,0,0,-59.25,1.91,-5.50,4.5403,1.0289,3.3515,0,2.549,0,0.434,0,swing,swingBottom,1.000,3,0.220 0.432 -0.174 0.480 0.454 0.685 -0.571 -0.256 -0.141 -0.596,-249.33,341.43,5.48,19.70,140.26,101.40,876,1080,568,908,0.510,0.544 0.837 -0.311 -0.663,6.2,1,0.000,0.000,-0.0378,-0.02,,-1.000,0.0,0.0,0.0,,,29.6,-0.2,29.6,,0.368,98.5,60.0,-1.00,-1.0,0.0,7,9787
330,5.5000,swing,swingBottom,-250.262,344.402,4.364,-3.674,37.068,-3.207,37.387,37.249,3.473,-266.00,341.61,40.43,30.34,0.997,2,,0,0.00,0.00,0.00,-249.477,342.332,5.231,133.06,14.30,69.68,2.379,0.300,0.02,1.00,1,0,0,0,0,0,16.20,2.04,-5.52,1.0176,0.3673,1.1611,0,2.379,0,0.436,0,swing,swingBottom,1.000,3,0.230 0.459 -0.159 0.487 0.484 0.736 -0.573 -0.281 -0.167 -0.628,-249.76,342.08,6.26,17.00,136.66,101.76,-1,-1,-1,-1,0.515,0.539 0.848 -0.309 -0.670,5.1,1,0.000,1.000,0.3216,-0.03,,-1.000,0.0,0.0,0.0,,,28.6,-1.3,28.5,,0.350,98.6,60.0,-1.00,-1.0,0.0,7,9550
331,5.5167,swing,swingBottom,-250.324,345.020,4.317,-3.751,37.096,-2.444,37.365,37.285,3.426,-266.00,341.61,40.43,30.34,0.997,2,,0,0.00,0.00,0.00,-249.315,342.863,4.282,129.46,11.60,69.94,2.382,0.305,0.02,1.00,1,0,0,0,0,0,14.37,2.17,-5.53,0.6194,0.2660,0.6890,1,2.382,0,0.438,0,swing,swingBottom,1.000,3,0.240 0.481 -0.142 0.494 0.514 0.777 -0.575 -0.294 -0.185 -0.647,-249.48,342.33,5.23,14.30,133.06,102.11,736,1080,544,932,0.519,0.534 0.855 -0.303 -0.670,4.4,1,0.000,0.000,0.4112,-0.05,,-1.000,0.0,0.0,0.0,,,27.9,-2.3,27.8,,0.332,98.7,60.0,-1.00,-1.0,0.0,7,9322
332,5.5333,swing,swingBottom,-250.387,345.639,4.282,-3.823,37.100,-1.680,37.335,37.297,3.391,-266.00,341.61,40.43,30.34,0.998,2,,0,0.00,0.00,0.00,-249.383,343.713,3.690,125.86,12.60,70.13,2.251,0.310,0.02,1.00,1,0,0,0,0,0,12.60,2.29,-5.55,0.5768,0.2606,0.5148,1,2.251,0,0.440,0,swing,swingBottom,1.000,3,0.249 0.484 -0.125 0.486 0.541 0.783 -0.574 -0.298 -0.196 -0.649,-249.32,342.86,4.28,11.60,129.46,102.38,444,1032,568,1012,0.521,0.531 0.859 -0.294 -0.668,3.9,1,0.000,0.000,0.4604,-0.06,,-1.000,0.0,0.0,0.0,,,27.5,-3.3,27.3,,0.316,98.7,60.0,-1.00,-1.0,0.0,4,9104
333,5.5500,swing,swingBottom,-250.451,346.257,4.261,-3.889,37.080,-0.917,37.294,37.283,3.370,-266.00,341.61,40.43,30.34,0.998,2,,0,0.00,0.00,0.00,-249.561,344.219,3.737,122.26,10.94,70.28,2.284,0.315,0.02,1.00,1,0,0,0,0,0,10.94,2.40,-5.57,0.5783,0.2582,0.5060,1,2.284,0,0.442,0,swing,swingBottom,1.000,3,0.259 0.495 -0.110 0.494 0.564 0.805 -0.578 -0.297 -0.196 -0.649,-249.38,343.71,3.69,12.60,125.86,102.59,288,836,660,1096,0.521,0.532 0.859 -0.282 -0.659,3.8,1,0.001,0.000,0.4636,-0.07,,-1.000,0.0,0.0,0.0,,,27.5,-4.4,27.3,,0.300,98.8,60.0,-1.00,-1.0,0.0,4,8895
334,5.5667,swing,swingBottom,-250.517,346.874,4.252,-4.014,37.043,-0.162,37.260,37.259,3.361,-266.00,341.61,40.43,30.34,0.998,2,,0,0.00,0.00,0.00,-249.741,344.735,3.792,118.66,9.40,70.39,2.322,0.319,0.02,1.00,1,0,0,0,0,0,9.40,2.51,-5.58,0.5774,0.2543,0.4978,1,2.322,0,0.445,0,swing,swingBottom,1.000,3,0.268 0.504 -0.096 0.501 0.584 0.821 -0.578 -0.293 -0.193 -0.646,-249.56,344.22,3.74,10.94,122.26,102.74,280,828,668,1104,0.520,0.532 0.858 -0.271 -0.651,3.8,1,0.000,0.000,0.4686,-0.08,,-1.000,0.0,0.0,0.0,,,27.7,-5.4,27.3,,0.284,98.9,60.0,-1.00,-1.0,0.0,4,8695
335,5.5833,swing,swingBottom,-250.586,347.492,4.255,-4.148,37.093,0.593,37.329,37.325,3.364,-266.00,341.61,40.43,30.34,0.999,2,,0,0.00,0.00,0.00,-249.920,345.259,3.855,115.06,7.99,70.47,2.364,0.323,0.02,1.00,1,0,0,0,0,0,7.99,2.61,-5.60,0.5746,0.2495,0.4901,1,2.364,0,0.447,0,swing,swingBottom,1.000,3,0.274 0.510 -0.085 0.506 0.601 0.833 -0.575 -0.286 -0.188 -0.639,-249.74,344.73,3.79,9.40,118.66,102.85,272,820,680,1108,0.519,0.531 0.856 -0.258 -0.640,3.8,1,0.000,0.000,0.4755,-0.09,,-1.000,0.0,0.0,0.0,,,27.9,-6.4,27.4,,0.270,99.0,60.0,-1.00,-1.0,0.0,4,8504
336,5.6000,swing,swingBottom,-250.656,348.112,4.271,-4.292,37.231,1.358,37.502,37.478,3.380,-266.00,341.61,40.43,30.34,0.999,2,,0,0.00,0.00,0.00,-250.096,345.773,3.926,111.46,6.62,70.51,2.430,0.328,0.02,1.00,1,0,0,0,0,0,6.62,2.70,-5.62,0.5656,0.2429,0.4833,1,2.430,0,0.449,0,swing,swingBottom,1.000,3,0.281 0.513 -0.076 0.512 0.613 0.840 -0.572 -0.275 -0.180 -0.629,-249.92,345.26,3.86,7.99,115.06,102.93,264,812,696,1116,0.517,0.532 0.852 -0.246 -0.629,4.1,1,0.000,0.000,0.4827,-0.10,,-1.000,0.0,0.0,0.0,,,28.4,-7.4,27.7,,0.255,99.1,60.0,-1.00,-1.0,0.0,4,8321
337,5.6167,swing,swingBottom,-250.729,348.734,4.301,-4.436,37.344,2.132,37.667,37.606,3.410,-266.00,341.61,40.43,30.34,0.999,2,,0,0.00,0.00,0.00,-250.267,346.266,4.006,107.86,5.31,70.54,2.529,0.332,0.02,1.00,1,0,0,0,0,0,5.31,2.79,-5.63,0.5483,0.2332,0.4772,1,2.529,0,0.451,0,swing,swingBottom,1.000,3,0.285 0.514 -0.070 0.518 0.621 0.843 -0.565 -0.261 -0.172 -0.617,-250.10,345.77,3.93,6.62,111.46,102.98,260,800,712,1124,0.515,0.533 0.848 -0.233 -0.617,4.4,1,0.000,0.000,0.4906,-0.11,,-1.000,0.0,0.0,0.0,,,28.9,-8.2,28.1,,0.242,99.1,60.0,-1.00,-1.0,0.0,4,8147
338,5.6333,swing,swingBottom,-250.805,349.358,4.343,-4.577,37.431,2.915,37.822,37.709,3.452,-266.00,341.61,40.43,30.34,0.999,2,,0,0.00,0.00,0.00,-250.436,346.743,4.094,104.26,4.11,70.55,2.653,0.336,0.02,1.00,1,0,0,0,0,0,4.11,2.88,-5.65,0.5261,0.2222,0.4722,1,2.653,0,0.453,0,swing,swingBottom,1.000,3,0.287 0.514 -0.064 0.523 0.624 0.844 -0.553 -0.244 -0.165 -0.606,-250.27,346.27,4.01,5.31,107.86,103.01,264,788,736,1128,0.513,0.534 0.844 -0.218 -0.605,4.8,1,0.000,0.000,0.4992,-0.12,,-1.000,0.0,0.0,0.0,,,29.4,-9.0,28.4,,0.229,99.2,60.0,-1.00,-1.0,0.0,4,7980
339,5.6500,swing,swingBottom,-250.882,349.983,4.398,-4.716,37.492,3.705,37.968,37.787,3.507,-266.00,341.61,40.43,30.34,0.999,2,,0,0.00,0.00,0.00,-250.604,347.212,4.192,100.66,3.05,70.54,2.793,0.340,0.02,1.00,1,0,0,0,0,0,3.05,2.96,-5.67,0.5015,0.2107,0.4683,1,2.793,0,0.455,0,swing,swingBottom,1.000,3,0.286 0.513 -0.061 0.527 0.623 0.843 -0.535 -0.224 -0.158 -0.593,-250.44,346.74,4.09,4.11,104.26,103.01,268,772,764,1136,0.510,0.536 0.840 -0.202 -0.592,5.0,1,0.000,0.000,0.5091,-0.13,,-1.000,0.0,0.0,0.0,,,29.9,-9.8,28.8,,0.217,99.2,60.0,-1.00,-1.0,0.0,4,7821
340,5.6667,swing,swingBottom,-250.962,350.609,4.466,-4.854,37.527,4.501,38.106,37.839,3.575,-266.00,341.61,40.43,30.34,1.000,2,,0,0.00,0.00,0.00,-250.772,347.677,4.300,98.15,2.13,70.52,2.943,0.344,0.02,1.00,1,0,0,0,0,0,2.13,3.05,-5.68,0.4759,0.1992,0.4660,1,2.943,0,0.457,0,swing,swingBottom,1.000,3,0.285 0.510 -0.061 0.531 0.620 0.839 -0.522 -0.201 -0.152 -0.580,-250.60,347.21,4.19,3.05,100.66,103.01,276,756,792,1148,0.508,0.537 0.836 -0.185 -0.579,5.3,1,0.005,0.000,0.5124,-0.13,,-1.000,0.0,0.0,0.0,,,30.4,-10.6,29.1,,0.205,99.3,60.0,-1.00,-1.0,0.0,0,7670
341,5.6833,swing,swingBottom,-251.045,351.235,4.548,-4.988,37.535,5.302,38.235,37.865,3.657,-266.00,341.61,40.43,30.34,1.000,2,,0,0.00,0.00,0.00,-250.940,348.142,4.417,96.23,1.34,70.50,3.098,0.348,0.02,1.00,1,0,0,0,0,0,1.34,3.13,-5.70,0.4510,0.1878,0.4645,1,3.098,0,0.458,0,swing,swingBottom,1.000,3,0.284 0.507 -0.064 0.535 0.616 0.834 -0.509 -0.177 -0.146 -0.567,-250.77,347.68,4.30,2.13,98.15,102.99,284,740,812,1144,0.505,0.538 0.832 -0.166 -0.566,5.6,1,0.001,0.000,0.5128,-0.14,,-1.000,0.0,0.0,0.0,,,30.9,-11.4,29.4,,0.194,99.3,60.0,-1.00,-1.0,0.0,0,7526
342,5.7000,swing,swingBottom,-251.129,351.861,4.643,-5.121,37.517,6.108,38.355,37.865,3.752,-266.00,341.61,40.43,30.34,1.000,2,,0,0.00,0.00,0.00,-251.109,348.608,4.545,94.50,0.65,70.47,3.254,0.352,0.02,1.00,1,0,0,0,0,0,0.65,3.20,-5.72,0.4274,0.1772,0.4634,1,3.254,0,0.459,0,swing,swingBottom,1.000,3,0.282 0.503 -0.068 0.537 0.611 0.828 -0.496 -0.151 -0.141 -0.553,-250.94,348.14,4.42,1.34,96.23,102.97,292,728,824,1136,0.503,0.539 0.828 -0.147 -0.553,5.8,1,0.000,0.000,0.5133,-0.15,,-1.000,0.0,0.0,0.0,,,31.4,-12.2,29.8,,0.184,99.4,60.0,-1.00,-1.0,0.0,0,7389
343,5.7167,swing,swingBottom,-251.095,352.450,4.755,2.073,35.314,7.086,36.077,35.375,3.864,-266.00,341.61,40.43,30.34,1.000,2,,0,0.00,0.00,0.00,-251.258,349.072,4.686,91.21,0.06,70.43,3.383,0.355,0.02,1.00,1,0,0,0,0,0,0.06,3.28,-5.73,0.4125,0.1660,0.4588,1,3.383,0,0.460,0,swing,swingBottom,1.000,3,0.270 0.504 -0.085 0.540 0.589 0.832 -0.480 -0.129 -0.124 -0.543,-251.11,348.61,4.54,0.65,94.50,102.93,304,712,832,1128,0.504,0.540 0.833 -0.129 -0.543,5.2,1,0.000,0.000,0.5115,-0.16,,-1.000,0.0,0.0,0.0,,,31.2,-18.3,26.9,,0.174,99.4,60.0,-1.00,-1.0,0.0,0,7258
344,5.7333,swing,swingBottom,-251.058,353.038,4.880,2.259,35.189,7.811,36.116,35.261,3.989,-266.00,341.61,40.43,30.34,1.000,2,,0,0.00,0.00,0.00,-251.382,349.533,4.838,88.51,-0.47,70.39,3.520,0.357,0.02,1.00,1,0,0,0,0,0,-0.47,3.36,-5.75,0.3987,0.1540,0.4540,1,3.520,0,0.461,0,swing,swingBottom,1.000,3,0.254 0.505 -0.107 0.540 0.561 0.838 -0.465 -0.108 -0.105 -0.533,-251.26,349.07,4.69,0.06,91.21,102.90,304,704,840,1116,0.507,0.539 0.842 -0.115 -0.534,4.3,1,0.000,0.000,0.5088,-0.16,,-1.000,0.0,0.0,0.0,,,30.7,-18.8,25.9,,0.164,99.5,60.0,-1.00,-1.0,0.0,0,7134
345,5.7500,swing,swingBottom,-251.018,353.623,5.016,2.437,35.044,8.533,36.150,35.128,4.125,-266.00,341.61,40.43,30.34,1.000,2,,0,0.00,0.00,0.00,-251.482,349.991,4.999,86.32,-0.94,70.34,3.662,0.356,0.02,1.00,1,0,0,0,0,0,-0.94,3.43,-5.77,0.3840,0.1350,0.4452,1,3.662,0,0.461,0,swing,swingBottom,1.000,3,0.224 0.512 -0.127 0.501 0.531 0.854 -0.387 -0.063 -0.079 -0.502,-251.38,349.53,4.84,-0.47,88.51,102.85,304,684,860,1104,0.515,0.499 0.861 -0.076 -0.504,1.9,1,0.000,0.000,0.5099,-0.16,,-1.000,0.0,0.0,0.0,,,29.1,-19.4,23.3,,0.155,99.5,60.0,-1.00,-1.0,0.0,0,7017
346,5.7667,swing,swingBottom,-250.978,354.207,5.164,2.346,34.956,9.248,36.234,35.034,4.273,-266.00,341.61,40.43,30.34,1.000,2,,0,0.00,0.00,0.00,-251.562,350.449,5.169,84.57,-1.37,70.29,3.803,0.355,0.02,1.00,1,0,0,0,0,0,-1.37,3.51,-5.78,0.3675,0.1230,0.4401,1,3.803,0,0.461,0,swing,swingBottom,1.000,3,0.207 0.511 -0.140 0.477 0.515 0.856 -0.337 -0.013 -0.066 -0.476,-251.48,349.99,5.00,-0.94,86.32,102.80,304,672,872,1088,0.517,0.473 0.866 -0.031 -0.478,1.2,1,0.000,0.000,0.5101,-0.16,,-1.000,0.0,0.0,0.0,,,28.7,-20.0,22.3,,0.147,99.5,60.0,-1.00,-1.0,0.0,0,6905
347,5.7833,swing,swingBottom,-250.940,354.789,5.324,2.253,34.845,9.961,36.310,34.917,4.433,-266.00,341.61,40.43,30.34,1.000,2,,0,0.00,0.00,0.00,-251.628,350.908,5.349,83.16,-1.75,70.24,3.942,0.353,0.01,1.00,1,0,0,0,0,0,-1.75,3.58,-5.80,0.3511,0.1179,0.4368,1,3.942,0,0.461,0,swing,swingBottom,1.000,3,0.196 0.508 -0.150 0.456 0.507 0.852 -0.297 0.040 -0.058 -0.453,-251.56,350.45,5.17,-1.37,84.57,102.75,308,656,880,1080,0.515,0.450 0.865 0.016 -0.456,1.1,1,0.000,0.000,0.5086,-0.15,,-1.000,0.0,0.0,0.0,,,28.9,-20.8,21.8,,0.138,99.6,60.0,-1.00,-1.0,0.0,0,6799
348,5.8000,swing,swingBottom,-250.903,355.369,5.496,2.159,34.711,10.672,36.379,34.778,4.605,-266.00,341.61,40.43,30.34,1.000,2,,0,0.00,0.00,0.00,-251.683,351.369,5.539,82.00,-2.11,70.19,4.075,0.351,0.01,1.00,1,0,0,0,0,0,-2.11,3.65,-5.82,0.3358,0.1142,0.4354,1,4.075,0,0.461,0,swing,swingBottom,1.000,3,0.196 0.502 -0.160 0.451 0.505 0.840 -0.281 0.084 -0.055 -0.438,-251.63,350.91,5.35,-1.75,83.16,102.70,312,648,880,1072,0.511,0.445 0.857 0.055 -0.441,1.2,1,0.000,0.000,0.5077,-0.14,,-1.000,0.0,0.0,0.0,,,29.8,-21.6,22.4,,0.131,99.6,60.0,-1.00,-1.0,0.0,0,6698
349,5.8167,swing,swingBottom,-250.879,355.942,5.677,1.166,34.188,11.165,35.984,34.208,4.786,-266.00,341.61,40.43,30.34,1.000,2,,0,0.00,0.00,0.00,-251.730,351.833,5.737,81.14,-2.44,70.14,4.196,0.349,0.01,1.00,1,0,0,0,0,0,-2.44,3.72,-5.83,0.3217,0.1118,0.4353,1,4.196,0,0.461,0,swing,swingBottom,1.000,3,0.199 0.494 -0.166 0.449 0.510 0.824 -0.264 0.127 -0.057 -0.426,-251.68,351.37,5.54,-2.11,82.00,102.65,316,640,884,1068,0.505,0.442 0.845 0.092 -0.431,1.7,1,0.000,0.000,0.5086,-0.14,,-1.000,0.0,0.0,0.0,,,30.9,-21.9,23.9,,0.123,99.6,60.0,-1.00,-1.0,0.0,0,6603
350,5.8333,swing,swingBottom,-250.872,356.506,5.867,0.212,33.674,11.641,35.630,33.674,4.976,-266.00,341.61,40.43,30.34,1.000,2,,0,0.00,0.00,0.00,-251.776,352.300,5.941,80.54,-2.75,70.09,4.303,0.346,0.01,1.00,1,0,0,0,0,0,-2.75,3.79,-5.85,0.3086,0.1103,0.4358,1,4.303,0,0.460,0,swing,swingBottom,1.000,3,0.205 0.485 -0.169 0.447 0.519 0.806 -0.245 0.170 -0.060 -0.414,-251.73,351.83,5.74,-2.44,81.14,102.59,324,632,884,1068,0.498,0.439 0.829 0.131 -0.419,2.6,1,0.000,0.000,0.5107,-0.13,,-1.000,0.0,0.0,0.0,,,32.2,-22.2,25.6,,0.116,99.7,60.0,-1.00,-1.0,0.0,0,6512
351,5.8500,swing,swingHigh,-250.879,357.062,6.064,-0.707,33.166,12.103,35.312,33.173,5.173,-266.00,341.61,40.43,30.34,1.000,2,,0,0.00,0.00,0.00,-251.822,352.767,6.152,80.11,-3.05,70.03,4.398,0.342,0.01,1.00,1,0,0,0,0,0,-3.05,3.85,-5.87,0.2980,0.1099,0.4383,1,4.398,0,0.460,0,swing,swingBottom,1.000,3,0.220 0.474 -0.169 0.470 0.533 0.781 -0.259 0.187 -0.070 -0.417,-251.78,352.30,5.94,-2.75,80.54,102.54,332,628,892,1072,0.488,0.462 0.807 0.145 -0.423,4.5,1,0.000,0.000,0.5132,-0.12,,-1.000,0.0,0.0,0.0,,,34.1,-22.3,28.3,,0.110,99.7,60.0,-1.00,-1.0,0.0,0,6426
352,5.8667,swing,swingHigh,-250.892,357.613,6.271,-0.813,32.964,12.752,35.354,32.974,5.380,-266.00,341.61,40.43,30.34,0.998,2,,0,0.00,0.00,0.00,-251.862,353.276,6.371,79.72,-3.35,69.98,4.445,0.337,0.01,1.00,1,0,0,0,0,0,-3.35,3.92,-5.88,0.2931,0.1098,0.4394,1,4.445,0,0.459,0,swing,swingBottom,1.000,3,0.230 0.464 -0.172 0.495 0.536 0.762 -0.283 0.194 -0.078 -0.423,-251.82,352.77,6.15,-3.05,80.11,102.48,340,628,896,1072,0.480,0.488 0.791 0.148 -0.431,5.9,1,0.000,0.000,0.5151,-0.12,,-1.000,0.0,0.0,0.0,,,35.5,-22.9,29.9,,0.103,99.7,60.0,-1.00,-1.0,0.0,0,6345
353,5.8833,swing,swingHigh,-250.907,358.161,6.489,-0.920,32.742,13.397,35.388,32.755,5.598,-266.00,341.61,40.43,30.34,0.997,2,,0,0.00,0.00,0.00,-251.899,353.812,6.599,79.32,-3.64,69.92,4.462,0.332,0.01,1.00,1,0,0,0,0,0,-3.64,3.98,-5.90,0.2920,0.1099,0.4398,1,4.462,0,0.458,0,swing,swingBottom,1.000,3,0.236 0.455 -0.172 0.521 0.533 0.747 -0.312 0.190 -0.084 -0.434,-251.86,353.28,6.37,-3.35,79.72,102.42,340,624,896,1076,0.473,0.515 0.780 0.140 -0.442,6.9,1,0.000,0.000,0.5166,-0.11,,-1.000,0.0,0.0,0.0,,,36.6,-23.5,31.1,,0.098,99.7,60.0,-1.00,-1.0,0.0,0,6268
354,5.9000,swing,swingHigh,-250.923,358.705,6.718,-1.026,32.500,14.034,35.415,32.516,5.827,-266.00,341.61,40.43,30.34,0.995,2,,0,0.00,0.00,0.00,-251.938,354.346,6.838,78.91,-3.93,69.87,4.477,0.326,0.01,1.00,1,0,0,0,0,0,-3.93,4.04,-5.92,0.2904,0.1095,0.4376,1,4.477,0,0.457,0,swing,swingBottom,1.000,3,0.230 0.452 -0.180 0.520 0.523 0.741 -0.293 0.214 -0.081 -0.428,-251.90,353.81,6.60,-3.64,79.32,102.37,340,624,900,1080,0.472,0.513 0.777 0.161 -0.438,6.7,1,0.000,0.000,0.5176,-0.11,,-1.000,0.0,0.0,0.0,,,36.9,-24.1,31.0,,0.092,99.7,60.0,-1.00,-1.0,0.0,0,6196
355,5.9167,swing,swingHigh,-250.941,359.244,6.957,-1.115,32.237,14.666,35.434,32.256,6.066,-266.00,341.61,40.43,30.34,0.994,2,,0,0.00,0.00,0.00,-251.979,354.877,7.086,78.51,-4.21,69.82,4.491,0.321,0.01,1.00,1,0,0,0,0,0,-4.21,4.10,-5.93,0.2890,0.1092,0.4353,1,4.491,0,0.455,0,swing,swingBottom,1.000,3,0.225 0.448 -0.185 0.520 0.513 0.733 -0.276 0.237 -0.078 -0.424,-251.94,354.35,6.84,-3.93,78.91,102.31,340,620,904,1080,0.470,0.514 0.774 0.179 -0.436,6.6,1,0.000,0.000,0.5185,-0.11,,-1.000,0.0,0.0,0.0,,,37.2,-24.7,31.0,,0.087,99.8,60.0,-1.00,-1.0,0.0,0,6127
356,5.9333,swing,swingHigh,-250.960,359.779,7.207,-1.200,31.955,15.291,35.446,31.978,6.316,-266.00,341.61,40.43,30.34,0.992,2,,0,0.00,0.00,0.00,-252.020,355.405,7.343,78.12,-4.49,69.77,4.503,0.316,0.01,1.00,1,0,0,0,0,0,-4.49,4.14,-5.95,0.2875,0.1089,0.4328,1,4.503,0,0.454,0,swing,swingBottom,1.000,3,0.221 0.444 -0.191 0.521 0.504 0.726 -0.260 0.259 -0.076 -0.420,-251.98,354.88,7.09,-4.21,78.51,102.26,336,616,908,1080,0.468,0.514 0.770 0.198 -0.434,6.5,1,0.000,0.000,0.5193,-0.11,,-1.000,0.0,0.0,0.0,,,37.5,-25.3,31.1,,0.082,99.8,60.0,-1.00,-1.0,0.0,0,6062
357,5.9500,swing,swingHigh,-250.981,360.310,7.467,-1.281,31.654,15.907,35.450,31.680,6.576,-266.00,341.61,40.43,30.34,0.990,2,,0,0.00,0.00,0.00,-252.063,355.930,7.610,77.74,-4.76,69.72,4.514,0.311,0.01,1.00,1,0,0,0,0,0,-4.76,4.16,-5.97,0.2861,0.1086,0.4302,1,4.514,0,0.452,0,swing,swingBottom,1.000,3,0.216 0.440 -0.195 0.523 0.495 0.718 -0.242 0.282 -0.073 -0.416,-252.02,355.41,7.34,-4.49,78.12,102.20,336,612,908,1084,0.466,0.515 0.766 0.216 -0.432,6.5,1,0.000,0.000,0.5199,-0.11,,-1.000,0.0,0.0,0.0,,,37.7,-25.9,31.1,,0.077,99.8,60.0,-1.00,-1.0,0.0,0,6000
358,5.9667,swing,swingHigh,-251.011,360.831,7.734,-2.003,31.083,16.309,35.159,31.147,6.843,-266.00,341.61,40.43,30.34,0.987,2,,0,0.00,0.00,0.00,-252.107,356.445,7.884,77.47,-5.03,69.67,4.524,0.306,0.01,1.00,1,0,0,0,0,0,-5.03,4.16,-5.98,0.2833,0.1087,0.4283,1,4.524,0,0.451,0,swing,swingBottom,1.000,3,0.215 0.434 -0.194 0.526 0.494 0.706 -0.224 0.307 -0.075 -0.410,-252.06,355.93,7.61,-4.76,77.74,102.15,332,608,908,1084,0.462,0.518 0.758 0.238 -0.429,6.8,1,0.000,0.000,0.5216,-0.11,,-1.000,0.0,0.0,0.0,,,38.3,-25.9,32.0,,0.072,99.8,60.0,-1.00,-1.0,0.0,0,5942
359,5.9833,swing,swingHigh,-251.053,361.344,8.008,-2.695,30.518,16.700,34.893,30.637,7.117,-266.00,341.61,40.43,30.34,0.983,2,,0,0.00,0.00,0.00,-252.156,356.950,8.164,77.30,-5.29,69.62,4.533,0.301,0.01,1.00,1,0,0,0,0,0,-5.29,4.14,-6.00,0.2795,0.1093,0.4272,1,4.533,0,0.449,0,swing,swingBottom,1.000,3,0.218 0.426 -0.190 0.531 0.498 0.690 -0.206 0.331 -0.079 -0.405,-252.11,356.44,7.88,-5.03,77.47,102.10,332,604,912,1088,0.457,0.524 0.746 0.259 -0.427,7.4,1,0.000,0.000,0.5239,-0.11,,-1.000,0.0,0.0,0.0,,,39.2,-25.9,33.2,,0.068,99.8,60.0,-1.00,-1.0,0.0,0,5887
360,6.0000,swing,swingHigh,-251.106,361.847,8.289,-3.357,29.959,17.081,34.649,30.147,7.398,-266.00,341.61,40.43,30.34,0.977,2,,0,0.00,0.00,0.00,-252.209,357.445,8.449,77.21,-5.55,69.57,4.541,0.296,0.01,1.00,1,0,0,0,0,0,-5.55,4.09,-6.02,0.2761,0.1100,0.4284,1,4.541,0,0.447,0,swing,swingCornerBank,1.000,3,0.232 0.413 -0.174 0.563 0.508 0.667 -0.248 0.314 -0.094 -0.413,-252.16,356.95,8.16,-5.29,77.30,102.05,336,604,916,1092,0.446,0.558 0.726 0.239 -0.437,9.1,1,0.000,0.000,0.5268,-0.12,,-1.000,0.0,0.0,0.0,,,40.8,-25.7,35.6,,0.064,99.8,60.0,-1.00,-1.0,0.0,0,5835
361,6.0167,swing,swingHigh,-251.171,362.341,8.576,-4.074,29.436,17.463,34.468,29.717,7.685,-266.00,341.61,40.43,30.34,0.969,2,,0,0.00,0.00,0.00,-252.269,357.931,8.741,77.19,-5.80,69.52,4.548,0.290,0.01,1.00,1,0,0,0,0,0,-5.80,4.01,-6.03,0.2730,0.1103,0.4297,1,4.548,0,0.445,0,swing,swingCornerBank,1.000,3,0.245 0.401 -0.155 0.589 0.515 0.645 -0.290 0.294 -0.109 -0.421,-252.21,357.44,8.45,-5.55,77.21,102.00,340,604,920,1096,0.435,0.587 0.707 0.217 -0.448,10.7,1,0.000,0.000,0.5298,-0.13,,-1.000,0.0,0.0,0.0,,,42.4,-25.5,37.9,,0.060,99.8,60.0,-1.00,-1.0,0.0,0,5786
362,6.0333,swing,swingHigh,-251.247,362.826,8.870,-4.761,28.914,17.837,34.305,29.303,7.979,-266.00,341.61,40.43,30.34,0.962,2,,0,0.00,0.00,0.00,-252.337,358.408,9.038,77.23,-6.05,69.48,4.554,0.284,0.01,1.00,1,0,0,0,0,0,-6.05,3.90,-6.05,0.2700,0.1143,0.4309,1,4.554,0,0.443,0,swing,swingCornerBank,1.000,3,0.256 0.388 -0.135 0.609 0.520 0.624 -0.328 0.274 -0.122 -0.428,-252.27,357.93,8.74,-5.80,77.19,101.95,340,604,916,1104,0.425,0.611 0.690 0.196 -0.456,12.2,1,0.000,0.000,0.5306,-0.15,,-1.000,0.0,0.0,0.0,,,43.8,-25.1,40.0,,0.057,99.9,60.0,-1.00,-1.0,0.0,0,5740
363,6.0500,swing,swingHigh,-251.335,363.303,9.169,-5.418,28.391,18.204,34.158,28.903,8.278,-266.00,341.61,40.43,30.34,0.954,2,,0,0.00,0.00,0.00,-252.412,358.876,9.342,77.32,-6.30,69.43,4.560,0.278,0.01,1.00,1,0,0,0,0,0,-6.30,3.77,-6.07,0.2672,0.1187,0.4321,1,4.560,0,0.441,0,swing,swingCornerBank,1.000,3,0.266 0.376 -0.113 0.623 0.524 0.604 -0.363 0.255 -0.135 -0.434,-252.34,358.41,9.04,-6.05,77.23,101.90,344,600,916,1108,0.414,0.629 0.673 0.175 -0.464,13.5,1,0.000,0.000,0.5311,-0.17,,-1.000,0.0,0.0,0.0,,,45.2,-24.7,41.9,,0.054,99.9,60.0,-1.00,-1.0,0.0,0,5696
364,6.0667,swing,swingHigh,-251.426,363.773,9.477,-5.527,28.000,18.705,34.124,28.541,8.586,-266.00,341.61,40.43,30.34,0.946,2,,0,0.00,0.00,0.00,-252.496,359.339,9.652,77.36,-6.55,69.38,4.565,0.271,0.01,1.00,1,0,0,0,0,0,-6.55,3.61,-6.08,0.2654,0.1222,0.4324,1,4.565,0,0.439,0,swing,swingCornerBank,1.000,3,0.272 0.365 -0.096 0.633 0.522 0.589 -0.393 0.237 -0.143 -0.439,-252.41,358.88,9.34,-6.30,77.32,101.85,344,600,912,1112,0.406,0.642 0.661 0.155 -0.471,14.5,1,0.000,0.000,0.5311,-0.19,,-1.000,0.0,0.0,0.0,,,46.3,-25.1,43.1,,0.050,99.9,60.0,-1.00,-1.0,0.0,0,5655
365,6.0833,swing,swingHigh,-251.519,364.236,9.793,-5.632,27.596,19.194,34.083,28.165,8.902,-266.00,341.61,40.43,30.34,0.939,2,,0,0.00,0.00,0.00,-252.585,359.796,9.971,77.35,-6.79,69.34,4.569,0.264,0.01,1.00,1,0,0,0,0,0,-6.79,3.43,-6.10,0.2644,0.1249,0.4321,1,4.569,0,0.437,0,swing,swingCornerBank,1.000,3,0.276 0.356 -0.082 0.639 0.518 0.576 -0.419 0.218 -0.148 -0.445,-252.50,359.34,9.65,-6.55,77.36,101.80,348,600,912,1116,0.399,0.651 0.652 0.136 -0.477,15.3,1,0.000,0.000,0.5309,-0.21,,-1.000,0.0,0.0,0.0,,,47.2,-25.5,44.1,,0.047,99.9,60.0,-1.00,-1.0,0.0,0,5616
366,6.1000,swing,swingHigh,-251.614,364.692,10.116,-5.734,27.178,19.671,34.036,27.777,9.225,-266.00,341.61,40.43,30.34,0.932,2,,0,0.00,0.00,0.00,-252.679,360.248,10.297,77.30,-7.03,69.29,4.573,0.257,0.01,1.00,1,0,0,0,0,0,-7.03,3.22,-6.12,0.2627,0.1240,0.4299,1,4.573,0,0.434,0,swing,swingCornerBank,1.000,3,0.274 0.351 -0.082 0.640 0.510 0.568 -0.411 0.228 -0.147 -0.440,-252.58,359.80,9.97,-6.79,77.35,101.76,344,596,916,1120,0.396,0.654 0.648 0.142 -0.475,15.3,1,0.000,0.000,0.5321,-0.22,,-1.000,0.0,0.0,0.0,,,47.5,-26.0,44.4,,0.045,99.9,60.0,-1.00,-1.0,0.0,0,5579
367,6.1167,swing,swingHigh,-251.711,365.142,10.448,-5.834,26.748,20.135,33.983,27.377,9.557,-266.00,341.61,40.43,30.34,0.925,2,,0,0.00,0.00,0.00,-252.777,360.695,10.631,77.23,-7.27,69.24,4.577,0.251,0.01,1.00,1,0,0,0,0,0,-7.27,3.00,-6.13,0.2610,0.1232,0.4276,1,4.577,0,0.432,0,swing,swingCornerBank,1.000,3,0.271 0.346 -0.081 0.641 0.503 0.560 -0.404 0.237 -0.147 -0.434,-252.68,360.25,10.30,-7.03,77.30,101.71,344,592,916,1120,0.394,0.657 0.643 0.149 -0.474,15.4,1,0.000,0.000,0.5331,-0.21,,-1.000,0.0,0.0,0.0,,,47.9,-26.4,44.7,,0.042,99.9,60.0,-1.00,-1.0,0.0,0,5545
368,6.1333,swing,swingHigh,-251.809,365.583,10.787,-5.931,26.305,20.586,33.925,26.965,9.896,-266.00,341.61,40.43,30.34,0.918,2,,0,0.00,0.00,0.00,-252.879,361.134,10.972,77.14,-7.50,69.20,4.580,0.245,0.01,1.00,1,0,0,0,0,0,-7.50,2.75,-6.15,0.2591,0.1227,0.4251,1,4.580,0,0.430,0,swing,swingCornerBank,1.000,3,0.270 0.341 -0.080 0.643 0.497 0.551 -0.399 0.246 -0.147 -0.429,-252.78,360.69,10.63,-7.27,77.23,101.66,344,588,920,1124,0.391,0.660 0.638 0.155 -0.471,15.5,1,0.000,0.000,0.5339,-0.20,,-1.000,0.0,0.0,0.0,,,48.3,-26.7,45.1,,0.039,99.9,60.0,-1.00,-1.0,0.0,0,5512
369,6.1500,swing,swingHigh,-251.909,366.018,11.134,-6.024,25.851,21.023,33.860,26.543,10.243,-266.00,341.61,40.43,30.34,0.911,2,,0,0.00,0.00,0.00,-252.982,361.567,11.320,77.04,-7.73,69.15,4.583,0.238,0.01,1.00,1,0,0,0,0,0,-7.73,2.48,-6.17,0.2571,0.1222,0.4226,1,4.583,0,0.427,0,swing,swingCornerBank,1.000,3,0.268 0.336 -0.079 0.644 0.491 0.541 -0.395 0.254 -0.148 -0.423,-252.88,361.13,10.97,-7.50,77.14,101.61,340,588,920,1124,0.387,0.663 0.632 0.161 -0.469,15.7,1,0.000,0.000,0.5346,-0.19,,-1.000,0.0,0.0,0.0,,,48.7,-27.1,45.5,,0.037,99.9,60.0,-1.00,-1.0,0.0,0,5482
370,6.1667,air,release,-251.982,366.332,11.265,-8.788,37.712,15.800,41.822,38.722,10.374,0.00,0.00,0.00,0.00,0.000,2,,0,0.00,0.00,0.00,-253.107,361.897,11.492,76.33,-8.40,69.11,4.581,0.235,0.01,1.00,0,0,0,0,0,0,-8.40,2.18,-6.18,0.2744,0.1133,0.4167,1,4.581,0,0.425,0,swing,swingCornerBank,1.000,3,0.236 0.363 -0.101 0.654 0.434 0.589 -0.358 0.207 -0.118 -0.445,-252.98,361.57,11.32,-7.73,77.04,101.56,340,584,924,1124,0.418,0.669 0.686 0.101 -0.494,-1.0,0,0.000,0.000,0.5322,-0.18,,-1.000,0.0,0.0,0.0,,,44.6,-25.2,40.9,,0.035,99.9,60.0,-1.00,-1.0,0.0,0,5453
371,6.1833,air,release,-252.128,366.960,11.524,-8.771,37.636,15.400,41.600,38.645,10.633,0.00,0.00,0.00,0.00,0.000,2,,0,0.00,0.00,0.00,-253.171,362.496,11.713,77.36,-8.03,69.09,4.587,0.235,0.01,1.00,0,0,0,0,0,0,-8.03,1.84,-6.20,0.2921,0.1000,0.3904,1,4.587,0,0.424,0,air_rise,swingCornerBank,1.000,2,0.219 0.394 -0.119 0.664 0.401 0.644 -0.347 0.150 -0.099 -0.472,-253.11,361.90,11.49,-8.40,76.33,101.52,328,584,928,1108,0.444,0.672 0.732 0.045 -0.516,-1.0,0,0.000,0.000,0.5093,-0.26,,-1.000,0.0,0.0,0.0,,,40.9,-23.4,36.9,,0.033,99.9,60.0,-1.00,-1.0,0.0,0,5425
372,6.2000,air,release,-252.274,367.586,11.775,-8.753,37.561,15.000,41.382,38.568,10.884,0.00,0.00,0.00,0.00,0.000,2,,0,0.00,0.00,0.00,-253.252,363.106,11.966,78.16,-8.08,69.07,4.589,0.240,0.01,1.00,0,0,0,0,0,0,-8.08,1.46,-6.22,0.2996,0.1012,0.3867,1,4.589,0,0.424,0,air_rise,swingCornerBank,1.000,2,0.183 0.431 -0.150 0.637 0.402 0.672 -0.356 0.141 -0.137 -0.478,-253.17,362.50,11.71,-8.03,77.36,101.49,288,564,892,1060,0.478,0.635 0.764 0.036 -0.521,-1.0,0,0.000,0.000,0.5094,-0.34,,-1.000,0.0,0.0,0.0,,,35.6,-21.4,30.9,,0.031,99.9,60.0,-1.00,-1.0,0.0,0,5400
373,6.2167,air,release,-252.420,368.211,12.020,-8.736,37.486,14.600,41.167,38.491,11.129,0.00,0.00,0.00,0.00,0.000,2,,0,0.00,0.00,0.00,-253.350,363.719,12.212,78.73,-8.08,69.06,4.591,0.246,0.01,1.00,0,0,0,0,0,0,-8.08,1.06,-6.23,0.2936,0.1067,0.3905,1,4.591,0,0.425,0,air_rise,swingCornerBank,1.000,2,0.215 0.428 -0.104 0.655 0.444 0.638 -0.365 0.125 -0.173 -0.487,-253.25,363.11,11.97,-8.08,78.16,101.48,296,564,892,1072,0.473,0.650 0.731 0.021 -0.528,-1.0,0,0.000,0.000,0.5117,-0.41,,-1.000,0.0,0.0,0.0,,,36.4,-19.3,33.0,,0.029,99.9,60.0,-1.00,-1.0,0.0,0,5376
374,6.2333,air,release,-252.565,368.835,12.259,-8.718,37.411,14.200,40.954,38.414,11.368,0.00,0.00,0.00,0.00,0.000,2,,0,0.00,0.00,0.00,-253.463,364.335,12.451,79.11,-8.05,69.06,4.593,0.255,0.01,1.00,0,0,0,0,0,0,-8.05,0.65,-6.25,0.2889,0.1126,0.3946,1,4.593,0,0.425,0,air_rise,swingCornerBank,1.000,2,0.241 0.425 -0.059 0.670 0.487 0.609 -0.378 0.097 -0.206 -0.500,-253.35,363.72,12.21,-8.08,78.73,101.47,300,568,888,1080,0.469,0.663 0.702 -0.006 -0.540,-1.0,0,0.000,0.000,0.5137,-0.47,,-1.000,0.0,0.0,0.0,,,37.1,-17.1,34.6,,0.027,99.9,60.0,-1.00,-1.0,0.0,0,5353
375,6.2500,air,release,-252.711,369.458,12.490,-8.701,37.336,13.800,40.745,38.337,11.599,0.00,0.00,0.00,0.00,0.000,2,,0,0.00,0.00,0.00,-253.588,364.952,12.684,79.34,-8.00,69.07,4.594,0.266,0.01,1.00,0,0,0,0,0,0,-8.00,0.22,-6.27,0.2843,0.1195,0.3993,1,4.594,0,0.427,0,air_rise,swingCornerBank,1.000,2,0.264 0.422 -0.013 0.685 0.536 0.581 -0.394 0.064 -0.237 -0.515,-253.46,364.33,12.45,-8.05,79.11,101.47,304,572,888,1088,0.464,0.675 0.673 -0.037 -0.553,-1.0,0,0.000,0.000,0.5159,-0.52,,-1.000,0.0,0.0,0.0,,,38.0,-15.1,36.2,,0.025,99.9,60.0,-1.00,-1.0,0.0,0,5331
376,6.2667,air,release,-252.855,370.079,12.715,-8.683,37.262,13.400,40.539,38.260,11.824,0.00,0.00,0.00,0.00,0.000,2,,0,0.00,0.00,0.00,-253.720,365.570,12.910,79.48,-7.92,69.08,4.595,0.277,0.01,1.00,0,0,0,0,0,0,-7.92,-0.21,-6.28,0.2794,0.1280,0.4045,1,4.595,0,0.428,0,air_rise,swingCornerBank,1.000,2,0.285 0.417 0.035 0.697 0.593 0.552 -0.414 0.029 -0.267 -0.531,-253.59,364.95,12.68,-8.00,79.34,101.47,308,576,884,1100,0.457,0.686 0.642 -0.070 -0.566,-1.0,0,0.000,0.000,0.5185,-0.56,,-1.000,0.0,0.0,0.0,,,39.0,-13.5,37.8,,0.024,99.9,60.0,-1.00,-1.0,0.0,0,5311
377,6.2833,air,release,-253.000,370.699,12.934,-8.666,37.187,13.000,40.336,38.184,12.043,0.00,0.00,0.00,0.00,0.000,2,,0,0.00,0.00,0.00,-253.856,366.187,13.129,79.55,-7.84,69.10,4.596,0.289,0.01,1.00,0,0,0,0,0,0,-7.84,-0.65,-6.30,0.2737,0.1378,0.4101,1,4.596,0,0.429,0,air_rise,swingCornerBank,1.000,2,0.303 0.410 0.085 0.707 0.656 0.522 -0.435 -0.006 -0.295 -0.547,-253.72,365.57,12.91,-7.92,79.48,101.49,312,580,884,1112,0.450,0.695 0.608 -0.101 -0.580,-1.0,0,0.000,0.000,0.5215,-0.60,,-1.000,0.0,0.0,0.0,,,40.3,-12.3,39.3,,0.022,100.0,60.0,-1.00,-1.0,0.0,0,5292
378,6.3000,air,release,-253.144,371.318,13.145,-8.649,37.113,12.600,40.136,38.107,12.254,0.00,0.00,0.00,0.00,0.000,2,,0,0.00,0.00,0.00,-253.996,366.805,13.341,79.58,-7.75,69.12,4.597,0.301,0.00,1.00,0,0,0,0,0,0,-7.75,-1.08,-6.32,0.2671,0.1477,0.4162,1,4.597,0,0.431,0,air_rise,swingCornerBank,1.000,2,0.318 0.401 0.137 0.715 0.724 0.490 -0.456 -0.039 -0.322 -0.562,-253.86,366.19,13.13,-7.84,79.55,101.50,320,580,880,1124,0.440,0.702 0.572 -0.130 -0.593,-1.0,0,0.000,0.000,0.5244,-0.62,,-1.000,0.0,0.0,0.0,,,41.7,-11.6,40.9,,0.021,100.0,60.0,-1.00,-1.0,0.0,0,5274
379,6.3167,air,release,-253.288,371.936,13.350,-8.631,37.039,12.200,39.940,38.031,12.459,0.00,0.00,0.00,0.00,0.000,2,,0,0.00,0.00,0.00,-254.138,367.421,13.546,79.58,-7.66,69.14,4.598,0.314,0.00,1.00,0,0,0,0,0,0,-7.66,-1.51,-6.33,0.2606,0.1563,0.4223,1,4.598,0,0.432,0,air_rise,airRise,1.000,2,0.330 0.392 0.190 0.719 0.791 0.460 -0.476 -0.071 -0.347 -0.577,-254.00,366.80,13.34,-7.75,79.58,101.53,328,584,876,1136,0.431,0.707 0.534 -0.157 -0.606,-1.0,0,0.000,0.000,0.5269,-0.64,,-1.000,0.0,0.0,0.0,,,43.1,-11.6,42.4,,0.020,100.0,60.0,-1.00,-1.0,0.0,0,5258
380,6.3333,air,release,-253.432,372.552,13.549,-8.623,37.002,11.800,39.783,37.993,12.658,0.00,0.00,0.00,0.00,0.000,2,,0,0.00,0.00,0.00,-254.280,368.037,13.745,79.58,-7.57,69.17,4.599,0.326,0.00,1.00,0,0,0,0,0,0,-7.57,-1.94,-6.35,0.2638,0.1620,0.4237,1,4.599,0,0.433,0,air_rise,airRise,1.000,2,0.337 0.383 0.241 0.721 0.845 0.436 -0.491 -0.104 -0.366 -0.593,-254.14,367.42,13.55,-7.66,79.58,101.55,328,588,872,1148,0.423,0.709 0.499 -0.185 -0.619,-1.0,0,0.000,0.000,0.5282,-0.64,,-1.000,0.0,0.0,0.0,,,44.3,-12.2,43.6,,0.019,100.0,60.0,-1.00,-1.0,0.0,0,5242
381,6.3500,air,release,-253.575,373.169,13.740,-8.623,37.002,11.400,39.667,37.993,12.849,0.00,0.00,0.00,0.00,0.000,2,,0,0.00,0.00,0.00,-254.422,368.652,13.937,79.59,-7.48,69.19,4.600,0.338,0.00,1.00,0,0,0,0,0,0,-7.48,-2.36,-6.37,0.2693,0.1616,0.4245,1,4.600,0,0.435,0,air_rise,airRise,1.000,2,0.327 0.377 0.279 0.725 0.864 0.428 -0.489 -0.137 -0.368 -0.612,-254.28,368.04,13.75,-7.57,79.58,101.58,328,592,872,1148,0.419,0.717 0.482 -0.216 -0.638,-1.0,0,0.000,0.000,0.5282,-0.64,,-1.000,0.0,0.0,0.0,,,44.9,-15.3,43.8,,0.017,100.0,60.0,-1.00,-1.0,0.0,0,5227
382,6.3667,air,release,-253.719,373.786,13.925,-8.623,37.002,11.000,39.554,37.993,13.034,0.00,0.00,0.00,0.00,0.000,2,,0,0.00,0.00,0.00,-254.564,369.268,14.123,79.59,-7.38,69.22,4.600,0.350,-0.00,1.00,0,0,0,0,0,0,-7.38,-2.78,-6.38,0.2761,0.1564,0.4251,1,4.600,0,0.436,0,air_rise,airRise,1.000,2,0.306 0.374 0.306 0.730 0.850 0.437 -0.476 -0.175 -0.358 -0.634,-254.42,368.65,13.94,-7.48,79.59,101.61,324,596,876,1140,0.419,0.727 0.481 -0.251 -0.660,-1.0,0,0.000,0.000,0.5269,-0.64,,-1.000,0.0,0.0,0.0,,,45.0,-19.2,43.2,,0.016,100.0,60.0,-1.00,-1.0,0.0,0,5213
383,6.3833,air,release,-253.863,374.402,14.104,-8.623,37.002,10.600,39.444,37.993,13.213,0.00,0.00,0.00,0.00,0.000,2,,0,0.00,0.00,0.00,-254.706,369.884,14.301,79.61,-7.30,69.25,4.601,0.361,-0.00,1.00,0,0,0,0,0,0,-7.30,-3.19,-6.40,0.2836,0.1486,0.4255,1,4.601,0,0.438,0,air_rise,airRise,1.000,2,0.282 0.373 0.325 0.734 0.811 0.454 -0.461 -0.214 -0.343 -0.657,-254.56,369.27,14.12,-7.38,79.59,101.64,324,600,880,1132,0.419,0.736 0.488 -0.287 -0.683,-1.0,0,0.000,0.000,0.5244,-0.63,,-1.000,0.0,0.0,0.0,,,45.0,-22.8,42.2,,0.015,100.0,60.0,-1.00,-1.0,0.0,0,5200
384,6.4000,air,release,-254.007,375.019,14.275,-8.623,37.002,10.200,39.339,37.993,13.384,0.00,0.00,0.00,0.00,0.000,2,,0,0.00,0.00,0.00,-254.846,370.500,14.473,79.63,-7.21,69.28,4.601,0.372,-0.00,1.00,0,0,0,0,0,0,-7.21,-3.59,-6.42,0.2918,0.1408,0.4255,1,4.601,0,0.439,0,air_rise,airRise,1.000,2,0.255 0.373 0.335 0.737 0.755 0.494 -0.444 -0.254 -0.325 -0.679,-254.71,369.88,14.30,-7.30,79.61,101.67,320,604,880,1120,0.421,0.744 0.525 -0.324 -0.704,-1.0,0,0.000,0.000,0.5221,-0.61,,-1.000,0.0,0.0,0.0,,,44.8,-26.0,40.8,,0.014,100.0,60.0,-1.00,-1.0,0.0,0,5188
385,6.4167,air,release,-254.150,375.636,14.440,-8.623,37.002,9.800,39.237,37.993,13.549,0.00,0.00,0.00,0.00,0.000,2,,0,0.00,0.00,0.00,-254.987,371.115,14.638,79.66,-7.13,69.31,4.601,0.381,-0.01,1.00,0,0,0,0,0,0,-7.13,-3.98,-6.43,0.3005,0.1322,0.4253,1,4.601,0,0.440,0,air_rise,airRise,1.000,2,0.225 0.375 0.336 0.742 0.692 0.537 -0.425 -0.294 -0.303 -0.702,-254.85,370.50,14.47,-7.21,79.63,101.70,316,608,884,1108,0.424,0.753 0.567 -0.361 -0.726,-1.0,0,0.000,0.000,0.5195,-0.59,,-1.000,0.0,0.0,0.0,,,44.3,-28.8,38.9,,0.014,100.0,60.0,-1.00,-1.0,0.0,0,5176
386,6.4333,air,release,-254.294,376.252,14.599,-8.623,37.002,9.400,39.139,37.993,13.708,0.00,0.00,0.00,0.00,0.000,2,,0,0.00,0.00,0.00,-255.127,371.731,14.798,79.69,-7.07,69.34,4.602,0.391,-0.01,1.00,0,0,0,0,0,0,-7.07,-4.36,-6.45,0.3097,0.1230,0.4249,1,4.602,0,0.441,0,air_rise,airRise,1.000,2,0.193 0.379 0.326 0.747 0.625 0.579 -0.403 -0.334 -0.276 -0.724,-254.99,371.12,14.64,-7.13,79.66,101.73,312,612,888,1096,0.429,0.762 0.609 -0.399 -0.746,-1.0,0,0.000,0.000,0.5169,-0.56,,-1.000,0.0,0.0,0.0,,,43.7,-31.0,36.6,,0.013,100.0,60.0,-1.00,-1.0,0.0,0,5165
387,6.4500,air,release,-254.438,376.869,14.750,-8.623,37.002,9.000,39.045,37.993,13.859,0.00,0.00,0.00,0.00,0.000,2,,0,0.00,0.00,0.00,-255.266,372.347,14.956,79.74,-7.06,69.37,4.602,0.399,-0.01,1.00,0,0,0,0,0,0,-7.06,-4.74,-6.47,0.3191,0.1134,0.4243,1,4.602,0,0.442,0,air_rise,airRise,1.000,2,0.160 0.385 0.307 0.754 0.556 0.619 -0.378 -0.374 -0.245 -0.744,-255.13,371.73,14.80,-7.07,79.69,101.76,308,616,892,1084,0.435,0.772 0.649 -0.436 -0.764,-1.0,0,0.000,0.000,0.5142,-0.54,,-1.000,0.0,0.0,0.0,,,42.8,-32.7,33.8,,0.012,100.0,60.0,-1.00,-1.0,0.0,0,5155
388,6.4667,air,release,-254.581,377.486,14.895,-8.623,37.002,8.600,38.954,37.993,14.004,0.00,0.00,0.00,0.00,0.000,2,,0,0.00,0.00,0.00,-255.405,372.962,15.110,79.79,-7.12,69.40,4.603,0.407,-0.01,1.00,0,0,0,0,0,0,-7.12,-5.10,-6.48,0.3279,0.1036,0.4237,1,4.603,0,0.443,0,air_rise,airRise,1.000,2,0.125 0.392 0.279 0.763 0.487 0.655 -0.350 -0.413 -0.209 -0.764,-255.27,372.35,14.96,-7.06,79.74,101.80,304,620,896,1072,0.443,0.783 0.685 -0.473 -0.781,-1.0,0,0.000,0.000,0.5117,-0.51,,-1.000,0.0,0.0,0.0,,,41.7,-33.9,30.5,,0.011,100.0,60.0,-1.00,-1.0,0.0,0,5145
389,6.4833,air,release,-254.725,378.102,15.034,-8.623,37.002,8.200,38.868,37.993,14.143,0.00,0.00,0.00,0.00,0.000,2,,0,0.00,0.00,0.00,-255.544,373.578,15.262,79.84,-7.21,69.43,4.604,0.415,-0.01,1.00,0,0,0,0,0,0,-7.21,-5.46,-6.50,0.3375,0.0924,0.4236,1,4.604,0,0.444,0,air_rise,airRise,1.000,2,0.087 0.411 0.236 0.780 0.415 0.697 -0.316 -0.464 -0.161 -0.785,-255.41,372.96,15.11,-7.12,79.79,101.83,300,624,900,1056,0.461,0.799 0.724 -0.520 -0.798,-1.0,0,0.000,0.000,0.5088,-0.49,,-1.000,0.0,0.0,0.0,,,39.0,-33.2,25.6,,0.010,100.0,60.0,-1.00,-1.0,0.0,0,5136
390,6.5000,air,release,-254.869,378.719,15.165,-8.623,37.002,7.800,38.786,37.993,14.274,0.00,0.00,0.00,0.00,0.000,2,,0,0.00,0.00,0.00,-255.682,374.193,15.408,79.91,-7.32,69.46,4.605,0.421,-0.02,1.00,0,0,0,0,0,0,-7.32,-5.81,-6.52,0.3445,0.0818,0.4237,1,4.605,0,0.445,0,air_rise,airRise,1.000,2,0.052 0.429 0.190 0.797 0.349 0.731 -0.281 -0.508 -0.112 -0.801,-255.54,373.58,15.26,-7.21,79.84,101.86,296,628,904,1044,0.478,0.812 0.755 -0.561 -0.807,-1.0,0,0.000,0.000,0.5063,-0.46,,-1.000,0.0,0.0,0.0,,,36.4,-32.2,20.9,,0.010,100.0,60.0,-1.00,-1.0,0.0,0,5128
391,6.5167,air,release,-255.013,379.336,15.290,-8.623,37.002,7.400,38.707,37.993,14.399,0.00,0.00,0.00,0.00,0.000,2,,0,0.00,0.00,0.00,-255.820,374.809,15.548,79.97,-7.45,69.49,4.606,0.427,-0.02,1.00,0,0,0,0,0,0,-7.45,-6.14,-6.53,0.3489,0.0720,0.4242,1,4.606,0,0.446,0,air_rise,airRise,1.000,2,0.019 0.446 0.144 0.810 0.293 0.758 -0.245 -0.546 -0.064 -0.810,-255.68,374.19,15.41,-7.32,79.91,101.89,292,632,908,1032,0.493,0.822 0.778 -0.596 -0.811,-1.0,0,0.000,0.000,0.5043,-0.44,,-1.000,0.0,0.0,0.0,,,33.8,-31.0,16.2,,0.009,100.0,60.0,-1.00,-1.0,0.0,0,5120
392,6.5333,air,release,-255.156,379.953,15.409,-8.623,37.002,7.000,38.633,37.993,14.518,0.00,0.00,0.00,0.00,0.000,2,,0,0.00,0.00,0.00,-255.957,375.424,15.683,80.04,-7.59,69.51,4.607,0.433,-0.02,1.00,0,0,0,0,0,0,-7.59,-6.47,-6.55,0.3505,0.0642,0.4252,1,4.607,0,0.447,0,air_rise,airRise,1.000,2,-0.011 0.463 0.097 0.821 0.247 0.780 -0.210 -0.577 -0.018 -0.813,-255.82,374.81,15.55,-7.45,79.97,101.91,292,632,912,1024,0.508,0.827 0.795 -0.624 -0.809,-1.0,0,0.000,0.000,0.5032,-0.42,,-1.000,0.0,0.0,0.0,,,31.1,-29.5,11.9,,0.009,100.0,60.0,-1.00,-1.0,0.0,0,5112
393,6.5500,air,release,-255.299,380.569,15.520,-8.543,37.020,6.600,38.562,37.993,14.629,0.00,0.00,0.00,0.00,0.000,2,,0,0.00,0.00,0.00,-256.094,376.040,15.811,80.11,-7.74,69.54,4.608,0.438,-0.02,1.00,0,0,0,0,0,0,-7.74,-6.79,-6.57,0.3504,0.0626,0.4263,1,4.608,0,0.448,0,air_rise,airRise,1.000,2,-0.043 0.478 0.048 0.827 0.200 0.798 -0.172 -0.606 0.029 -0.812,-255.96,375.42,15.68,-7.59,80.04,101.94,292,636,916,1016,0.520,0.828 0.808 -0.649 -0.802,-1.0,0,0.000,0.000,0.5001,-0.40,,-1.000,0.0,0.0,0.0,,,28.7,-28.0,7.4,,0.008,100.0,60.0,-1.00,-1.0,0.0,0,5105
394,6.5667,air,rise,-255.440,381.187,15.625,-8.427,37.047,6.200,38.496,37.993,14.734,0.00,0.00,0.00,0.00,0.000,2,,0,0.00,0.00,0.00,-256.231,376.656,15.933,80.16,-7.89,69.56,4.609,0.442,-0.03,1.00,0,0,0,0,0,0,-7.89,-7.10,-6.58,0.3486,0.0615,0.4275,1,4.609,0,0.448,0,air_spread,airRise,1.000,2,-0.075 0.491 -0.001 0.829 0.151 0.812 -0.131 -0.632 0.077 -0.806,-256.09,376.04,15.81,-7.74,80.11,101.97,292,636,908,1008,0.530,0.824 0.816 -0.671 -0.790,-1.0,0,0.000,0.000,0.4966,-0.38,,-1.000,0.0,0.0,0.0,,,26.7,-26.6,2.8,,0.008,100.0,60.0,-1.00,-1.0,0.0,0,5099
395,6.5833,air,rise,-255.579,381.805,15.724,-8.276,37.081,5.800,38.433,37.993,14.833,0.00,0.00,0.00,0.00,0.000,2,,0,0.00,0.00,0.00,-256.366,377.273,16.048,80.20,-8.05,69.58,4.611,0.445,-0.03,1.00,0,0,0,0,0,0,-8.05,-7.40,-6.60,0.3442,0.0619,0.4294,1,4.611,0,0.449,0,air_spread,airRise,1.000,2,-0.108 0.502 -0.053 0.825 0.111 0.819 -0.091 -0.656 0.122 -0.794,-256.23,376.66,15.93,-7.89,80.16,101.99,292,636,904,1004,0.538,0.811 0.816 -0.691 -0.771,-1.0,0,0.000,0.000,0.4941,-0.36,,-1.000,0.0,0.0,0.0,,,24.9,-24.9,-1.9,,0.007,100.0,60.0,-1.00,-1.0,0.0,0,5092
396,6.6000,air,rise,-255.714,382.423,15.815,-8.089,37.122,5.400,38.375,37.993,14.924,0.00,0.00,0.00,0.00,0.000,2,,0,0.00,0.00,0.00,-256.499,377.891,16.157,80.22,-8.21,69.61,4.612,0.448,-0.03,1.00,0,0,0,0,0,0,-8.21,-7.69,-6.62,0.3363,0.0661,0.4321,1,4.612,0,0.450,0,air_spread,airRise,1.000,2,-0.141 0.512 -0.107 0.808 0.091 0.818 -0.054 -0.679 0.163 -0.774,-256.37,377.27,16.05,-8.05,80.20,102.01,300,640,896,1000,0.544,0.783 0.806 -0.709 -0.741,-1.0,0,0.000,0.000,0.4937,-0.34,,-1.000,0.0,0.0,0.0,,,23.6,-22.8,-6.5,,0.007,100.0,60.0,-1.00,-1.0,0.0,0,5087
397,6.6167,air,rise,-255.846,383.042,15.900,-7.867,37.170,5.000,38.321,37.993,15.009,0.00,0.00,0.00,0.00,0.000,2,,0,0.00,0.00,0.00,-256.630,378.510,16.258,80.23,-8.36,69.63,4.613,0.451,-0.03,1.00,0,0,0,0,0,0,-8.36,-7.98,-6.63,0.3248,0.0706,0.4353,1,4.613,0,0.451,0,air_spread,airRise,1.000,2,-0.172 0.520 -0.165 0.774 0.092 0.808 -0.020 -0.701 0.197 -0.743,-256.50,377.89,16.16,-8.21,80.22,102.04,308,636,892,1000,0.547,0.734 0.786 -0.725 -0.700,-1.0,0,0.000,0.000,0.4938,-0.33,,-1.000,0.0,0.0,0.0,,,22.8,-20.4,-11.1,,0.006,100.0,60.0,-1.00,-1.0,0.0,0,5081
398,6.6333,air,rise,-255.974,383.663,15.979,-7.608,37.224,4.600,38.271,37.993,15.088,0.00,0.00,0.00,0.00,0.000,2,,0,0.00,0.00,0.00,-256.759,379.131,16.354,80.22,-8.52,69.64,4.615,0.453,-0.04,1.00,0,0,0,0,0,0,-8.52,-8.25,-6.65,0.3106,0.0755,0.4383,1,4.615,0,0.451,0,air_spread,airRise,1.000,2,-0.202 0.526 -0.224 0.716 0.112 0.790 0.012 -0.721 0.224 -0.703,-256.63,378.51,16.26,-8.36,80.23,102.06,320,632,888,1004,0.546,0.661 0.759 -0.739 -0.649,-1.0,0,0.000,0.000,0.4945,-0.31,,-1.000,0.0,0.0,0.0,,,22.9,-17.6,-15.6,,0.006,100.0,60.0,-1.00,-1.0,0.0,0,5076
399,6.6500,air,rise,-256.097,384.284,16.050,-7.313,37.283,4.200,38.225,37.993,15.159,0.00,0.00,0.00,0.00,0.000,2,,0,0.00,0.00,0.00,-256.884,379.752,16.442,80.19,-8.68,69.66,4.616,0.455,-0.04,1.00,0,0,0,0,0,0,-8.68,-8.51,-6.67,0.2972,0.0791,0.4422,1,4.616,0,0.452,0,air_spread,airRise,1.000,2,-0.230 0.527 -0.284 0.633 0.151 0.767 0.041 -0.739 0.241 -0.652,-256.76,379.13,16.35,-8.52,80.22,102.08,332,628,884,1008,0.542,0.562 0.727 -0.750 -0.586,-1.0,0,0.000,0.000,0.4950,-0.30,,-1.000,0.0,0.0,0.0,,,24.0,-14.5,-19.9,,0.005,100.0,60.0,-1.00,-1.0,0.0,0,5071
400,6.6667,air,rise,-256.215,384.906,16.115,-6.982,37.346,3.800,38.183,37.993,15.224,0.00,0.00,0.00,0.00,0.000,2,,0,0.00,0.00,0.00,-257.005,380.375,16.524,80.14,-8.84,69.68,4.618,0.455,-0.04,1.00,0,0,0,0,0,0,-8.84,-8.77,-6.68,0.2934,0.0815,0.4496,1,4.618,0,0.453,0,air_spread,airRise,1.000,2,-0.256 0.526 -0.344 0.526 0.203 0.743 0.068 -0.754 0.248 -0.593,-256.88,379.75,16.44,-8.68,80.19,102.09,340,628,884,1012,0.533,0.441 0.699 -0.758 -0.516,-1.0,0,0.000,0.000,0.4952,-0.28,,-1.000,0.0,0.0,0.0,,,25.9,-11.0,-24.0,,0.005,100.0,60.0,-1.00,-1.0,0.0,0,5067
401,6.6833,air,rise,-256.327,385.529,16.174,-6.614,37.413,3.400,38.145,37.993,15.283,0.00,0.00,0.00,0.00,0.000,2,,0,0.00,0.00,0.00,-257.122,380.999,16.599,80.07,-8.99,69.69,4.619,0.456,-0.05,1.00,0,0,0,0,0,0,-8.99,-9.01,-6.70,0.2911,0.0838,0.4558,1,4.619,0,0.453,0,air_spread,releaseSpread,1.000,2,-0.279 0.520 -0.403 0.403 0.259 0.722 0.091 -0.766 0.245 -0.527,-257.01,380.37,16.52,-8.84,80.14,102.11,348,636,880,1012,0.520,0.307 0.677 -0.763 -0.439,-1.0,0,0.000,0.000,0.4943,-0.27,,-1.000,0.0,0.0,0.0,,,28.6,-7.1,-27.9,,0.005,100.0,60.0,-1.00,-1.0,0.0,0,5063
402,6.7000,air,rise,-256.432,386.154,16.228,-6.210,37.482,3.180,38.126,37.993,15.337,0.00,0.00,0.00,0.00,0.000,2,,0,0.00,0.00,0.00,-257.234,381.624,16.668,79.99,-9.13,69.71,4.621,0.455,-0.05,1.00,0,0,0,0,0,0,-9.13,-9.24,-6.72,0.2916,0.0900,0.4603,1,4.621,0,0.454,0,air_spread,releaseSpread,1.000,2,-0.298 0.511 -0.457 0.275 0.308 0.709 0.110 -0.775 0.231 -0.457,-257.12,381.00,16.60,-8.99,80.07,102.13,356,640,876,1024,0.504,0.174 0.667 -0.764 -0.360,-1.0,0,0.000,0.000,0.4948,-0.25,,-1.000,0.0,0.0,0.0,,,31.7,-2.9,-31.6,,0.005,100.0,60.0,-1.00,-1.0,0.0,0,5059
403,6.7167,air,apex,-256.530,386.779,16.278,-5.769,37.553,2.960,38.108,37.993,15.387,0.00,0.00,0.00,0.00,0.000,2,,0,0.00,0.00,0.00,-257.341,382.251,16.731,79.88,-9.24,69.72,4.622,0.455,-0.05,1.00,0,0,0,0,0,0,-9.24,-9.47,-6.73,0.2941,0.0982,0.4633,1,4.622,0,0.455,0,air_spread,releaseSpread,1.000,2,-0.313 0.499 -0.505 0.156 0.342 0.705 0.125 -0.781 0.208 -0.386,-257.23,381.62,16.67,-9.13,79.99,102.14,356,644,872,1036,0.485,0.053 0.668 -0.762 -0.281,-1.0,0,0.000,0.000,0.4951,-0.24,,-1.000,0.0,0.0,0.0,,,34.9,1.6,-34.9,,0.004,100.0,60.0,-1.00,-1.0,0.0,0,5055
404,6.7333,air,apex,-256.620,387.406,16.324,-5.291,37.623,2.740,38.092,37.993,15.433,0.00,0.00,0.00,0.00,0.000,2,,0,0.00,0.00,0.00,-257.441,382.880,16.789,79.75,-9.33,69.73,4.623,0.454,-0.06,1.00,0,0,0,0,0,0,-9.33,-9.68,-6.75,0.2991,0.1047,0.4645,1,4.623,0,0.455,0,air_spread,releaseSpread,1.000,2,-0.324 0.486 -0.546 0.056 0.358 0.708 0.136 -0.785 0.179 -0.318,-257.34,382.25,16.73,-9.24,79.88,102.15,356,648,864,1040,0.465,-0.046 0.679 -0.759 -0.207,-1.0,0,0.000,0.000,0.4943,-0.23,,-1.000,0.0,0.0,0.0,,,38.0,6.4,-37.8,,0.004,100.0,60.0,-1.00,-1.0,0.0,0,5051
405,6.7500,air,apex,-256.702,388.034,16.367,-4.776,37.692,2.520,38.077,37.993,15.476,0.00,0.00,0.00,0.00,0.000,2,,0,0.00,0.00,0.00,-257.534,383.510,16.842,79.60,-9.41,69.74,4.624,0.453,-0.06,1.00,0,0,0,0,0,0,-9.41,-9.89,-6.77,0.3041,0.1095,0.4652,1,4.624,0,0.456,0,air_spread,releaseSpread,1.000,2,-0.330 0.473 -0.579 -0.023 0.359 0.714 0.144 -0.786 0.147 -0.256,-257.44,382.88,16.79,-9.33,79.75,102.17,356,652,860,1040,0.445,-0.121 0.691 -0.754 -0.140,-1.0,0,0.000,0.000,0.4934,-0.22,,-1.000,0.0,0.0,0.0,,,41.0,11.3,-40.2,,0.004,100.0,60.0,-1.00,-1.0,0.0,0,5048
406,6.7667,air,apex,-256.775,388.663,16.407,-4.224,37.758,2.300,38.063,37.993,15.516,0.00,0.00,0.00,0.00,0.000,2,,0,0.00,0.00,0.00,-257.620,384.141,16.892,79.43,-9.49,69.75,4.625,0.452,-0.06,1.00,0,0,0,0,0,0,-9.49,-10.08,-6.78,0.3084,0.1122,0.4655,1,4.625,0,0.456,0,air_spread,releaseSpread,1.000,2,-0.334 0.460 -0.603 -0.080 0.351 0.720 0.148 -0.786 0.114 -0.201,-257.53,383.51,16.84,-9.41,79.60,102.18,352,656,852,1040,0.426,-0.175 0.702 -0.747 -0.083,-1.0,0,0.000,0.000,0.4922,-0.21,,-1.000,0.0,0.0,0.0,,,43.6,16.0,-42.3,,0.003,100.0,60.0,-1.00,-1.0,0.0,0,5045
407,6.7833,air,apex,-256.838,389.293,16.442,-3.635,37.819,2.080,38.050,37.993,15.551,0.00,0.00,0.00,0.00,0.000,2,,0,0.00,0.00,0.00,-257.698,384.774,16.937,79.24,-9.56,69.76,4.626,0.451,-0.06,1.00,0,0,0,0,0,0,-9.56,-10.26,-6.80,0.3109,0.1137,0.4662,1,4.626,0,0.457,0,air_spread,releaseSpread,1.000,2,-0.334 0.448 -0.618 -0.120 0.342 0.721 0.150 -0.784 0.084 -0.155,-257.62,384.14,16.89,-9.49,79.43,102.19,352,656,852,1040,0.410,-0.212 0.707 -0.740 -0.035,-1.0,0,0.000,0.000,0.4912,-0.20,,-1.000,0.0,0.0,0.0,,,45.9,20.4,-43.9,,0.003,100.0,60.0,-1.00,-1.0,0.0,0,5042
408,6.8000,air,apex,-256.891,389.924,16.474,-3.008,37.874,1.860,38.039,37.993,15.583,0.00,0.00,0.00,0.00,0.000,2,,0,0.00,0.00,0.00,-257.768,385.409,16.978,79.03,-9.63,69.77,4.627,0.450,-0.07,1.00,0,0,0,0,0,0,-9.63,-10.44,-6.82,0.3113,0.1147,0.4673,1,4.627,0,0.458,0,air_spread,releaseSpread,1.000,2,-0.333 0.438 -0.624 -0.147 0.336 0.717 0.150 -0.781 0.060 -0.120,-257.70,384.77,16.94,-9.56,79.24,102.20,352,660,848,1036,0.396,-0.238 0.704 -0.733 0.001,-1.0,0,0.000,0.000,0.4909,-0.19,,-1.000,0.0,0.0,0.0,,,47.7,24.3,-45.0,,0.003,100.0,60.0,-1.00,-1.0,0.0,0,5040
409,6.8167,air,apex,-256.933,390.556,16.502,-2.344,37.921,1.640,38.029,37.993,15.611,0.00,0.00,0.00,0.00,0.000,2,,0,0.00,0.00,0.00,-257.828,386.044,17.016,78.79,-9.70,69.77,4.628,0.449,-0.07,1.00,0,0,0,0,0,0,-9.70,-10.60,-6.83,0.3089,0.1151,0.4691,1,4.628,0,0.458,0,air_spread,releaseSpread,1.000,2,-0.331 0.432 -0.622 -0.165 0.339 0.705 0.150 -0.777 0.043 -0.096,-257.77,385.41,16.98,-9.63,79.03,102.20,356,660,852,1040,0.387,-0.256 0.692 -0.725 0.026,-1.0,0,0.000,0.000,0.4913,-0.18,,-1.000,0.0,0.0,0.0,,,48.9,27.4,-45.7,,0.003,100.0,60.0,-1.00,-1.0,0.0,0,5037
410,6.8333,air,apex,-256.963,391.188,16.527,-1.643,37.958,1.420,38.020,37.993,15.636,0.00,0.00,0.00,0.00,0.000,2,,0,0.00,0.00,0.00,-257.879,386.681,17.050,78.53,-9.77,69.78,4.630,0.447,-0.07,1.00,0,0,0,0,0,0,-9.77,-10.75,-6.85,0.3050,0.1156,0.4714,1,4.630,0,0.459,0,air_spread,releaseSpread,1.000,2,-0.327 0.428 -0.615 -0.176 0.348 0.688 0.148 -0.773 0.033 -0.080,-257.83,386.04,17.02,-9.70,78.79,102.21,360,660,852,1040,0.380,-0.268 0.674 -0.718 0.043,-1.0,0,0.000,0.000,0.4921,-0.17,,-1.000,0.0,0.0,0.0,,,49.7,29.9,-45.9,,0.003,100.0,60.0,-1.00,-1.0,0.0,0,5035
411,6.8500,air,apex,-256.981,391.821,16.548,-0.906,37.982,1.200,38.012,37.993,15.657,0.00,0.00,0.00,0.00,0.000,2,,0,0.00,0.00,0.00,-257.919,387.318,17.080,78.24,-9.84,69.78,4.631,0.446,-0.07,1.00,0,0,0,0,0,0,-9.84,-10.90,-6.87,0.3005,0.1168,0.4741,1,4.631,0,0.459,0,air_spread,releaseSpread,1.000,2,-0.320 0.427 -0.612 -0.181 0.362 0.667 0.141 -0.770 0.023 -0.066,-257.88,386.68,17.05,-9.77,78.53,102.22,364,660,852,1040,0.377,-0.273 0.653 -0.714 0.058,-1.0,0,0.000,0.000,0.4930,-0.16,,-1.000,0.0,0.0,0.0,,,50.1,32.0,-45.6,,0.002,100.0,60.0,-1.00,-1.0,0.0,0,5032
412,6.8667,air,apex,-256.987,392.454,16.565,-0.131,37.993,0.980,38.006,37.993,15.674,0.00,0.00,0.00,0.00,0.000,2,,0,0.00,0.00,0.00,-257.949,387.956,17.106,77.94,-9.91,69.79,4.632,0.445,-0.08,1.00,0,0,0,0,0,0,-9.91,-11.04,-6.88,0.2958,0.1186,0.4772,1,4.632,0,0.460,0,air_spread,releaseSpread,1.000,2,-0.312 0.428 -0.611 -0.180 0.379 0.643 0.129 -0.770 0.015 -0.055,-257.92,387.32,17.08,-9.84,78.24,102.22,368,660,852,1044,0.377,-0.273 0.628 -0.711 0.070,-1.0,0,0.000,0.000,0.4940,-0.15,,-1.000,0.0,0.0,0.0,,,50.1,33.7,-44.8,,0.002,100.0,60.0,-1.00,-1.0,0.0,0,5030
413,6.8833,air,apex,-256.987,393.088,16.579,0.000,37.993,0.760,38.001,37.993,15.688,0.00,0.00,0.00,0.00,0.000,2,,0,0.00,0.00,0.00,-257.969,388.594,17.129,77.69,-9.99,69.79,4.633,0.444,-0.08,1.00,0,0,0,0,0,0,-9.99,-11.17,-6.90,0.2903,0.1214,0.4811,1,4.633,0,0.460,0,air_spread,releaseSpread,1.000,2,-0.299 0.434 -0.613 -0.170 0.402 0.613 0.110 -0.771 0.009 -0.046,-257.95,387.96,17.11,-9.91,77.94,102.23,376,660,852,1044,0.382,-0.263 0.599 -0.711 0.079,-1.0,0,0.000,0.000,0.4950,-0.15,,-1.000,0.0,0.0,0.0,,,49.5,34.3,-43.7,,0.002,100.0,60.0,-1.00,-1.0,0.0,0,5028
414,6.9000,air,apex,-256.987,393.721,16.589,0.000,37.993,0.540,37.997,37.993,15.698,0.00,0.00,0.00,0.00,0.000,2,,0,0.00,0.00,0.00,-257.980,389.229,17.148,77.54,-10.06,69.80,4.634,0.443,-0.08,1.00,0,0,0,0,0,0,-10.06,-11.29,-6.92,0.2838,0.1249,0.4856,1,4.634,0,0.461,0,air_spread,releaseSpread,1.000,2,-0.282 0.444 -0.619 -0.150 0.429 0.577 0.083 -0.775 0.005 -0.041,-257.97,388.59,17.13,-9.99,77.69,102.23,384,660,852,1052,0.391,-0.244 0.564 -0.714 0.086,-1.0,0,0.000,0.000,0.4961,-0.14,,-1.000,0.0,0.0,0.0,,,48.4,34.4,-41.8,,0.002,100.0,60.0,-1.00,-1.0,0.0,0,5027
415,6.9167,air,apex,-256.987,394.354,16.595,0.000,37.993,0.320,37.995,37.993,15.704,0.00,0.00,0.00,0.00,0.000,2,,0,0.00,0.00,0.00,-257.986,389.864,17.164,77.47,-10.13,69.80,4.635,0.442,-0.08,1.00,0,0,0,0,0,0,-10.13,-11.40,-6.93,0.2762,0.1288,0.4906,1,4.635,0,0.461,0,air_spread,releaseSpread,1.000,2,-0.261 0.457 -0.628 -0.122 0.459 0.535 0.049 -0.778 0.004 -0.038,-257.98,389.23,17.15,-10.06,77.54,102.24,392,664,852,1060,0.404,-0.216 0.523 -0.718 0.089,-1.0,0,0.000,0.000,0.4971,-0.13,,-1.000,0.0,0.0,0.0,,,46.7,34.1,-39.2,,0.002,100.0,60.0,-1.00,-1.0,0.0,0,5025
416,6.9333,air,apex,-256.987,394.987,16.597,0.000,37.993,0.100,37.993,37.993,15.706,0.00,0.00,0.00,0.00,0.000,2,,0,0.00,0.00,0.00,-257.987,390.498,17.176,77.44,-10.20,69.80,4.636,0.441,-0.09,1.00,0,0,0,0,0,0,-10.20,-11.51,-6.95,0.2674,0.1328,0.4961,1,4.636,0,0.462,0,air_spread,releaseSpread,1.000,2,-0.237 0.472 -0.637 -0.087 0.488 0.488 0.009 -0.782 0.005 -0.037,-257.99,389.86,17.16,-10.13,77.47,102.24,396,664,848,1064,0.418,-0.181 0.477 -0.722 0.091,-1.0,0,0.000,0.000,0.4980,-0.13,,-1.000,0.0,0.0,0.0,,,44.7,33.8,-36.2,,0.002,100.0,60.0,-1.00,-1.0,0.0,0,5023
417,6.9500,air,apex,-256.987,395.621,16.596,0.000,37.993,-0.120,37.993,37.993,15.705,0.00,0.00,0.00,0.00,0.000,2,,0,0.00,0.00,0.00,-257.986,391.130,17.184,77.46,-10.27,69.81,4.637,0.440,-0.09,1.00,0,0,0,0,0,0,-10.27,-11.61,-6.97,0.2584,0.1365,0.5012,1,4.637,0,0.462,0,air_spread,releaseSpread,1.000,2,-0.209 0.487 -0.647 -0.046 0.516 0.436 -0.036 -0.783 0.008 -0.038,-257.99,390.50,17.18,-10.20,77.44,102.24,392,668,848,1068,0.433,-0.139 0.426 -0.724 0.091,-1.0,0,0.000,0.000,0.4987,-0.12,,-1.000,0.0,0.0,0.0,,,42.6,33.3,-32.7,,0.002,100.0,60.0,-1.00,-1.0,0.0,0,5022
418,6.9667,swing,swingLow,-257.048,396.144,16.362,-7.311,24.997,-27.760,38.065,26.045,15.471,-233.03,416.00,45.70,34.11,0.085,3,,0,0.00,0.00,0.00,-258.010,391.646,17.155,77.93,-12.82,69.81,4.668,0.439,-0.09,1.00,1,0,0,0,0,0,-12.82,-11.70,-6.98,0.2675,0.1501,0.4918,1,4.668,0,0.462,0,air_spread,releaseSpread,1.000,2,-0.103 0.576 -0.709 0.261 0.599 0.277 -0.209 -0.798 0.113 -0.262,-257.99,391.13,17.18,-10.27,77.46,102.25,388,668,844,1072,0.549,0.180 0.262 -0.768 -0.109,25.9,1,0.000,0.000,0.4868,-0.11,,-1.000,0.0,0.0,0.0,,,21.2,12.0,-18.0,,0.002,100.0,60.0,-1.00,-1.0,0.0,0,5020
419,6.9833,swing,swingLow,-257.161,396.567,15.900,-6.530,25.622,-27.597,38.219,26.441,15.009,-233.03,416.00,45.70,34.11,0.232,3,,0,0.00,0.00,0.00,-258.060,392.055,17.034,78.73,-15.52,69.81,4.738,0.438,-0.09,1.00,1,0,0,0,0,0,-17.07,-11.77,-7.00,0.2665,0.1487,0.5080,1,4.738,0,0.460,0,swing,releaseSpread,1.000,2,-0.105 0.574 -0.721 0.248 0.590 0.256 -0.207 -0.796 0.137 -0.236,-258.01,391.65,17.15,-12.82,77.93,102.25,368,660,816,1064,0.533,0.157 0.226 -0.745 -0.049,22.8,1,0.000,0.000,0.4916,0.16,,-1.000,0.0,0.0,0.0,,,25.1,17.0,-19.6,,0.001,100.0,60.0,-1.00,-1.0,0.0,2,5019
420,7.0000,swing,swingLow,-257.260,396.999,15.440,-5.776,26.247,-27.411,38.388,26.875,14.549,-233.03,416.00,45.70,34.11,0.355,3,,0,0.00,0.00,0.00,-258.109,392.478,16.809,79.38,-18.22,69.90,4.799,0.438,-0.09,1.00,1,0,0,0,0,0,-20.05,-11.80,-7.02,0.2665,0.1443,0.5074,1,4.799,0,0.456,0,swing,releaseSpread,1.000,2,-0.053 0.577 -0.732 0.433 0.561 0.124 -0.164 -0.800 0.166 -0.201,-258.06,392.06,17.03,-15.52,78.73,102.25,388,680,820,1060,0.521,0.321 0.081 -0.721 0.017,25.6,1,0.000,0.000,0.4926,0.40,,-1.000,0.0,0.0,0.0,,,27.1,23.2,-15.6,,0.001,100.0,60.0,-1.00,-1.0,0.0,2,5018
421,7.0167,swing,swingLow,-257.348,397.442,14.984,-5.048,26.871,-27.204,38.569,27.341,14.093,-233.03,416.00,45.70,34.11,0.458,3,,0,0.00,0.00,0.00,-258.152,392.913,16.501,79.94,-20.92,70.19,4.844,0.438,-0.09,1.00,1,0,0,0,0,0,-22.00,-11.78,-7.03,0.2632,0.1443,0.4945,1,4.844,0,0.452,0,swing,releaseSpread,1.000,2,-0.106 0.570 -0.774 0.444 0.541 0.172 -0.106 -0.803 0.197 -0.191,-258.11,392.48,16.81,-18.22,79.38,102.35,388,680,824,1068,0.500,0.316 0.113 -0.698 0.058,19.7,1,0.000,0.000,0.4918,0.60,,-1.000,0.0,0.0,0.0,,,31.6,25.5,-21.3,,0.001,100.0,60.0,-1.00,-1.0,0.0,2,5017
422,7.0333,swing,swingLow,-257.424,397.896,14.531,-4.346,27.495,-26.972,38.761,27.836,13.640,-233.03,416.00,45.70,34.11,0.544,3,,0,0.00,0.00,0.00,-258.186,393.359,16.137,80.47,-22.00,70.67,4.872,0.438,-0.09,1.00,1,0,0,0,0,0,-22.00,-11.72,-7.05,0.2585,0.1426,0.4937,1,4.872,0,0.448,0,swing,releaseSpread,1.000,2,-0.158 0.559 -0.808 0.475 0.513 0.212 -0.045 -0.802 0.223 -0.176,-258.15,392.91,16.50,-20.92,79.94,102.64,376,664,828,1064,0.484,0.343 0.143 -0.679 0.083,14.6,1,0.000,0.000,0.4899,0.77,,-1.000,0.0,0.0,0.0,,,34.7,26.1,-26.1,,0.001,100.0,60.0,-1.00,-1.0,0.0,0,5016
423,7.0500,swing,swingLow,-257.489,398.360,14.082,-3.667,28.118,-26.717,38.960,28.356,13.191,-233.03,416.00,45.70,34.11,0.617,3,,0,0.00,0.00,0.00,-258.208,393.816,15.737,81.01,-22.00,71.33,4.889,0.439,-0.09,1.00,1,0,0,0,0,0,-22.00,-11.61,-7.07,0.2531,0.1393,0.5012,1,4.889,0,0.443,0,swing,releaseSpread,1.000,2,-0.204 0.545 -0.828 0.522 0.483 0.242 0.014 -0.797 0.240 -0.159,-258.19,393.36,16.14,-22.00,80.47,103.14,380,660,824,1060,0.473,0.396 0.169 -0.663 0.099,10.3,1,0.000,0.000,0.4877,0.90,,-1.000,0.0,0.0,0.0,,,36.7,25.6,-29.7,,0.001,100.0,60.0,-1.00,-1.0,0.0,0,5015
424,7.0667,swing,swingLow,-257.542,398.834,13.638,-3.012,28.739,-26.438,39.166,28.897,12.747,-233.03,416.00,45.70,34.11,0.678,3,,0,0.00,0.00,0.00,-258.216,394.284,15.317,81.58,-22.00,72.10,4.897,0.440,-0.10,1.00,1,0,0,0,0,0,-22.00,-11.44,-7.08,0.2570,0.1348,0.5003,1,4.897,0,0.438,0,swing,releaseSpread,1.000,2,-0.245 0.532 -0.831 0.576 0.451 0.265 0.070 -0.789 0.253 -0.149,-258.21,393.82,15.74,-22.00,81.01,103.82,392,664,824,1052,0.466,0.461 0.191 -0.649 0.108,6.5,1,0.000,0.000,0.4854,1.00,,-1.000,0.0,0.0,0.0,,,38.0,24.4,-32.5,,0.001,100.0,60.0,-1.00,-1.0,0.0,0,5014
425,7.0833,swing,swingLow,-257.585,399.319,13.199,-2.380,29.359,-26.133,39.377,29.455,12.308,-233.03,416.00,45.70,34.11,0.731,3,,0,0.00,0.00,0.00,-258.210,394.761,14.887,82.19,-22.00,72.94,4.900,0.441,-0.10,1.00,1,0,0,0,0,0,-22.00,-11.23,-7.10,0.2607,0.1296,0.4971,1,4.900,0,0.434,0,swing,releaseSpread,1.000,2,-0.281 0.517 -0.822 0.626 0.420 0.285 0.124 -0.778 0.265 -0.145,-258.22,394.28,15.32,-22.00,81.58,104.61,400,664,828,1044,0.459,0.523 0.213 -0.633 0.110,3.4,1,0.000,0.000,0.4833,1.08,,-1.000,0.0,0.0,0.0,,,39.3,23.0,-34.9,,0.001,100.0,60.0,-1.00,-1.0,0.0,0,5013
426,7.1000,swing,swingLow,-257.618,399.814,12.766,-1.770,29.975,-25.803,39.591,30.027,11.875,-233.03,416.00,45.70,34.11,0.776,3,,0,0.00,0.00,0.00,-258.190,395.249,14.453,82.85,-22.00,73.82,4.900,0.443,-0.10,1.00,1,0,0,0,0,0,-22.00,-10.98,-7.12,0.2615,0.1240,0.4935,1,4.900,0,0.430,0,swing,releaseSpread,1.000,2,-0.313 0.501 -0.806 0.664 0.390 0.307 0.176 -0.761 0.285 -0.150,-258.21,394.76,14.89,-22.00,82.19,105.46,400,664,828,1032,0.449,0.575 0.235 -0.613 0.103,1.7,1,0.000,0.000,0.4812,1.13,,-1.000,0.0,0.0,0.0,,,40.7,22.0,-37.2,,0.001,100.0,60.0,-1.00,-1.0,0.0,0,5012
427,7.1167,swing,swingLow,-257.642,400.319,12.338,-1.366,30.612,-25.419,39.813,30.642,11.447,-233.03,416.00,45.70,34.11,0.816,3,,0,0.00,0.00,0.00,-258.158,395.748,14.019,83.56,-22.00,74.68,4.897,0.446,-0.10,1.00,1,0,0,0,0,0,-22.00,-10.68,-7.13,0.2591,0.1183,0.4901,1,4.897,0,0.426,0,swing,swingLowL,1.000,2,-0.341 0.484 -0.787 0.689 0.359 0.332 0.223 -0.737 0.319 -0.166,-258.19,395.25,14.45,-22.00,82.85,106.34,396,660,832,1028,0.438,0.611 0.258 -0.588 0.082,3.5,1,0.000,0.000,0.4791,1.16,,-1.000,0.0,0.0,0.0,,,42.4,21.2,-39.6,,0.001,100.0,60.0,-1.00,-1.0,0.0,0,5011
428,7.1333,swing,swingLow,-257.663,400.835,11.917,-1.152,31.265,-24.982,40.037,31.286,11.026,-233.03,416.00,45.70,34.11,0.849,3,,0,0.00,0.00,0.00,-258.115,396.258,13.587,84.36,-22.00,75.49,4.894,0.449,-0.10,1.00,1,0,0,0,0,0,-22.00,-10.35,-7.15,0.2550,0.1188,0.4866,1,4.894,0,0.422,0,swing,swingLowL,1.000,2,-0.363 0.468 -0.767 0.704 0.327 0.358 0.260 -0.709 0.366 -0.194,-258.16,395.75,14.02,-22.00,83.56,107.20,396,652,832,1028,0.428,0.638 0.278 -0.561 0.044,5.6,1,0.000,0.000,0.4803,1.15,,-1.000,0.0,0.0,0.0,,,43.9,20.7,-41.6,,0.001,100.0,60.0,-1.00,-1.0,0.0,0,5010
429,7.1500,swing,swingLow,-257.680,401.362,11.504,-0.934,31.909,-24.522,40.254,31.922,10.613,-233.03,416.00,45.70,34.11,0.877,3,,0,0.00,0.00,0.00,-258.063,396.778,13.159,85.22,-22.00,76.21,4.889,0.453,-0.10,1.00,1,0,0,0,0,0,-22.00,-9.98,-7.17,0.2473,0.1241,0.4847,1,4.889,0,0.419,0,swing,swingLowL,1.000,2,-0.377 0.458 -0.774 0.697 0.293 0.386 0.285 -0.683 0.427 -0.237,-258.11,396.26,13.59,-22.00,84.36,107.99,400,648,828,1036,0.422,0.641 0.298 -0.540 -0.017,7.0,1,0.000,0.000,0.4816,1.13,,-1.000,0.0,0.0,0.0,,,44.6,19.9,-42.6,,0.001,100.0,60.0,-1.00,-1.0,0.0,0,5010
430,7.1667,swing,swingLow,-257.692,401.900,11.098,-0.540,32.522,-24.066,40.462,32.526,10.207,-233.03,416.00,45.70,34.11,0.899,3,,0,0.00,0.00,0.00,-258.005,397.311,12.738,86.10,-22.00,76.85,4.883,0.457,-0.10,1.00,1,0,0,0,0,0,-22.00,-9.58,-7.18,0.2411,0.1282,0.4830,1,4.883,0,0.417,0,swing,swingLowL,1.000,2,-0.387 0.450 -0.781 0.691 0.260 0.402 0.308 -0.663 0.478 -0.274,-258.06,396.78,13.16,-22.00,85.22,108.70,404,644,828,1040,0.421,0.647 0.310 -0.525 -0.072,8.0,1,0.000,0.000,0.4822,1.09,,-1.000,0.0,0.0,0.0,,,44.8,19.0,-42.9,,0.001,100.0,60.0,-1.00,-1.0,0.0,0,5009
431,7.1833,swing,swingLow,-257.694,402.448,10.700,0.011,33.106,-23.613,40.664,33.106,9.809,-233.03,416.00,45.70,34.11,0.917,3,,0,0.00,0.00,0.00,-257.941,397.854,12.322,86.92,-22.00,77.40,4.878,0.461,-0.10,1.00,1,0,0,0,0,0,-22.00,-9.16,-7.20,0.2350,0.1321,0.4816,1,4.878,0,0.415,0,swing,swingLowL,1.000,2,-0.396 0.442 -0.788 0.683 0.224 0.419 0.328 -0.642 0.527 -0.303,-258.00,397.31,12.74,-22.00,86.10,109.32,404,636,824,1044,0.419,0.649 0.324 -0.513 -0.125,9.0,1,0.000,0.000,0.4825,1.06,,-1.000,0.0,0.0,0.0,,,45.1,18.6,-43.4,,0.001,100.0,60.0,-1.00,-1.0,0.0,0,5009
432,7.2000,swing,swingLow,-257.688,403.005,10.310,0.543,33.682,-23.134,40.865,33.686,9.419,-233.03,416.00,45.70,34.11,0.932,3,,0,0.00,0.00,0.00,-257.873,398.408,11.914,87.66,-22.00,77.87,4.872,0.466,-0.10,1.00,1,0,0,0,0,0,-22.00,-8.71,-7.22,0.2274,0.1364,0.4801,1,4.872,0,0.413,0,swing,swingLowL,1.000,2,-0.409 0.429 -0.795 0.668 0.174 0.452 0.342 -0.615 0.587 -0.324,-257.94,397.85,12.32,-22.00,86.92,109.85,408,632,820,1052,0.410,0.643 0.349 -0.493 -0.183,10.6,1,0.000,0.000,0.4834,1.02,,-1.000,0.0,0.0,0.0,,,46.2,18.5,-44.6,,0.001,100.0,60.0,-1.00,-1.0,0.0,0,5008
433,7.2167,swing,swingLow,-257.673,403.571,9.928,1.056,34.248,-22.629,41.063,34.265,9.037,-233.03,416.00,45.70,34.11,0.945,3,,0,0.00,0.00,0.00,-257.800,398.973,11.513,88.24,-22.00,78.26,4.865,0.472,-0.10,1.00,1,0,0,0,0,0,-22.00,-8.24,-7.23,0.2209,0.1391,0.4788,1,4.865,0,0.411,0,swing,swingCornerBankL,1.000,2,-0.419 0.417 -0.799 0.655 0.124 0.483 0.350 -0.591 0.633 -0.328,-257.87,398.41,11.91,-22.00,87.66,110.30,408,628,816,1056,0.403,0.635 0.375 -0.477 -0.226,12.0,1,0.000,0.000,0.4843,0.98,,-1.000,0.0,0.0,0.0,,,47.1,18.5,-45.7,,0.001,100.0,60.0,-1.00,-1.0,0.0,0,5008
434,7.2333,swing,swingLow,-257.650,404.147,9.554,1.550,34.805,-22.098,41.256,34.839,8.663,-233.03,416.00,45.70,34.11,0.955,3,,0,0.00,0.00,0.00,-257.723,399.548,11.119,88.63,-22.00,78.60,4.859,0.478,-0.10,1.00,1,0,0,0,0,0,-22.00,-7.76,-7.25,0.2162,0.1404,0.4776,1,4.859,0,0.410,0,swing,swingCornerBankL,1.000,2,-0.427 0.407 -0.800 0.644 0.079 0.510 0.352 -0.573 0.664 -0.319,-257.80,398.97,11.51,-22.00,88.24,110.68,412,624,816,1056,0.396,0.629 0.399 -0.466 -0.251,13.2,1,0.000,0.000,0.4856,0.96,,-1.000,0.0,0.0,0.0,,,47.9,18.6,-46.5,,0.001,100.0,60.0,-1.00,-1.0,0.0,0,5007
435,7.2500,swing,swingLow,-257.619,404.732,9.190,2.025,35.349,-21.542,41.446,35.407,8.299,-233.03,416.00,45.70,34.11,0.963,3,,0,0.00,0.00,0.00,-257.641,400.132,10.734,88.83,-21.98,78.88,4.852,0.485,-0.10,1.00,1,0,0,0,0,0,-21.98,-7.27,-7.27,0.2131,0.1407,0.4768,1,4.852,0,0.410,0,swing,swingCornerBankL,1.000,2,-0.433 0.399 -0.799 0.635 0.041 0.533 0.351 -0.563 0.682 -0.301,-257.72,399.55,11.12,-22.00,88.63,111.00,412,620,816,1060,0.391,0.624 0.420 -0.462 -0.264,14.2,1,0.000,0.000,0.4873,0.93,,-1.000,0.0,0.0,0.0,,,48.5,18.6,-47.2,,0.001,100.0,60.0,-1.00,-1.0,0.0,0,5007
436,7.2667,swing,swingLow,-257.580,405.326,8.835,2.482,35.882,-20.961,41.630,35.968,7.944,-233.03,416.00,45.70,34.11,0.970,3,,0,0.00,0.00,0.00,-257.555,400.726,10.357,88.83,-21.92,79.11,4.845,0.491,-0.10,1.00,1,0,0,0,0,0,-21.92,-6.76,-7.28,0.2111,0.1403,0.4765,1,4.845,0,0.410,0,swing,swingCornerBankL,1.000,2,-0.437 0.393 -0.795 0.629 0.009 0.552 0.348 -0.556 0.693 -0.281,-257.64,400.13,10.73,-21.98,88.83,111.27,412,620,820,1060,0.388,0.621 0.439 -0.460 -0.269,15.0,1,0.000,0.000,0.4898,0.92,,-1.000,0.0,0.0,0.0,,,48.9,18.5,-47.6,,0.000,100.0,60.0,-1.00,-1.0,0.0,0,5006
437,7.2833,swing,swingLow,-257.534,405.929,8.490,2.922,36.401,-20.356,41.808,36.518,7.599,-233.03,416.00,45.70,34.11,0.975,3,,0,0.00,0.00,0.00,-257.465,401.330,9.989,88.66,-21.79,79.31,4.838,0.499,-0.09,1.00,1,0,0,0,0,0,-21.79,-6.24,-7.30,0.2098,0.1394,0.4767,1,4.838,0,0.410,0,swing,swingCornerBankL,1.000,2,-0.439 0.389 -0.791 0.626 -0.017 0.567 0.343 -0.551 0.698 -0.259,-257.55,400.73,10.36,-21.92,88.83,111.49,412,616,824,1064,0.385,0.619 0.456 -0.460 -0.269,15.6,1,0.000,0.000,0.4929,0.91,,-1.000,0.0,0.0,0.0,,,49.1,18.4,-47.9,,0.000,100.0,60.0,-1.00,-1.0,0.0,0,5006
438,7.3000,swing,swingLow,-257.481,406.541,8.156,3.344,36.905,-19.726,41.980,37.056,7.265,-233.03,416.00,45.70,34.11,0.980,3,,0,0.00,0.00,0.00,-257.372,401.942,9.631,88.32,-21.58,79.47,4.831,0.506,-0.09,1.00,1,0,0,0,0,0,-21.58,-5.73,-7.32,0.2093,0.1383,0.4775,1,4.831,0,0.410,0,swing,swingCornerBankL,1.000,2,-0.440 0.387 -0.787 0.625 -0.038 0.579 0.337 -0.548 0.699 -0.238,-257.47,401.33,9.99,-21.79,88.66,111.67,416,616,832,1068,0.384,0.619 0.471 -0.462 -0.265,16.1,1,0.000,0.000,0.4967,0.91,,-1.000,0.0,0.0,0.0,,,49.2,18.1,-48.0,,0.000,100.0,60.0,-1.00,-1.0,0.0,0,5005
439,7.3167,swing,swingLow,-257.421,407.160,7.832,3.750,37.394,-19.073,42.144,37.581,6.941,-233.03,416.00,45.70,34.11,0.983,3,,0,0.00,0.00,0.00,-257.275,402.563,9.282,87.83,-21.29,79.60,4.823,0.514,-0.09,1.00,1,0,0,0,0,0,-21.29,-5.20,-7.33,0.2094,0.1371,0.4790,1,4.823,0,0.411,0,swing,swingCornerBankL,1.000,2,-0.440 0.385 -0.782 0.625 -0.054 0.589 0.331 -0.546 0.699 -0.218,-257.37,401.94,9.63,-21.58,88.32,111.83,416,616,840,1076,0.384,0.620 0.485 -0.464 -0.258,16.4,1,0.001,0.000,0.5012,0.91,,-1.000,0.0,0.0,0.0,,,49.2,17.7,-48.0,,0.000,100.0,60.0,-1.00,-1.0,0.0,0,5005
440,7.3333,swing,swingLow,-257.354,407.788,7.519,4.139,37.866,-18.397,42.301,38.092,6.628,-233.03,416.00,45.70,34.11,0.986,3,,0,0.00,0.00,0.00,-257.174,403.191,8.943,87.20,-20.92,79.72,4.815,0.522,-0.09,1.00,1,0,0,0,0,0,-20.92,-4.68,-7.35,0.2100,0.1360,0.4813,1,4.815,0,0.412,0,swing,swingCornerBankL,1.000,2,-0.439 0.385 -0.776 0.628 -0.066 0.597 0.324 -0.546 0.698 -0.201,-257.27,402.56,9.28,-21.29,87.83,111.96,416,620,848,1084,0.384,0.623 0.498 -0.467 -0.251,16.7,1,0.000,0.000,0.5063,0.92,,-1.000,0.0,0.0,0.0,,,49.0,17.2,-48.0,,0.000,100.0,60.0,-1.00,-1.0,0.0,0,5005
441,7.3500,swing,swingLow,-257.281,408.423,7.218,4.512,38.321,-17.699,42.451,38.585,6.327,-233.03,416.00,45.70,34.11,0.989,3,,0,0.00,0.00,0.00,-257.071,403.828,8.615,86.47,-20.47,79.82,4.807,0.531,-0.09,1.00,1,0,0,0,0,0,-20.47,-4.15,-7.37,0.2110,0.1348,0.4843,1,4.807,0,0.413,0,swing,swingCornerBankL,1.000,2,-0.438 0.386 -0.770 0.631 -0.074 0.603 0.317 -0.547 0.697 -0.186,-257.17,403.19,8.94,-20.92,87.20,112.06,420,620,860,1092,0.386,0.626 0.510 -0.472 -0.243,16.8,1,0.000,0.000,0.5119,0.94,,-1.000,0.0,0.0,0.0,,,48.8,16.6,-47.8,,0.000,100.0,60.0,-1.00,-1.0,0.0,0,5004
442,7.3667,swing,swingLow,-257.202,409.066,6.929,4.868,38.756,-16.979,42.592,39.061,6.038,-233.03,416.00,45.70,34.11,0.991,3,,0,0.00,0.00,0.00,-256.964,404.472,8.297,85.63,-19.93,79.90,4.799,0.539,-0.09,1.00,1,0,0,0,0,0,-19.93,-3.63,-7.38,0.2125,0.1337,0.4880,1,4.799,0,0.414,0,swing,swingCornerBankL,1.000,2,-0.436 0.388 -0.764 0.636 -0.078 0.609 0.308 -0.549 0.696 -0.174,-257.07,403.83,8.61,-20.47,86.47,112.15,424,624,872,1100,0.388,0.631 0.520 -0.477 -0.236,16.9,1,0.000,0.000,0.5181,0.96,,-1.000,0.0,0.0,0.0,,,48.5,16.0,-47.5,,0.000,100.0,60.0,-1.00,-1.0,0.0,0,5004
443,7.3833,swing,swingLow,-257.117,409.716,6.652,5.210,39.173,-16.239,42.724,39.518,5.761,-233.03,416.00,45.70,34.11,0.992,3,,0,0.00,0.00,0.00,-256.855,405.123,7.991,84.70,-19.32,79.97,4.791,0.548,-0.09,1.00,1,0,0,0,0,0,-19.32,-3.11,-7.40,0.2145,0.1327,0.4922,1,4.791,0,0.416,0,swing,swingCornerBankL,1.000,2,-0.433 0.391 -0.757 0.643 -0.079 0.613 0.300 -0.553 0.694 -0.166,-256.96,404.47,8.30,-19.93,85.63,112.23,424,632,884,1112,0.391,0.637 0.529 -0.484 -0.230,16.8,1,0.000,0.000,0.5246,0.99,,-1.000,0.0,0.0,0.0,,,48.0,15.3,-47.1,,0.000,100.0,60.0,-1.00,-1.0,0.0,0,5004
444,7.4000,swing,swingBottom,-257.027,410.372,6.387,5.535,39.569,-15.479,42.848,39.954,5.496,-233.03,416.00,45.70,34.11,0.994,3,,0,0.00,0.00,0.00,-256.742,405.781,7.697,83.70,-18.62,80.03,4.783,0.557,-0.09,1.00,1,0,0,0,0,0,-18.62,-2.60,-7.42,0.2169,0.1318,0.4970,1,4.783,0,0.417,0,swing,swingCornerBankL,1.000,2,-0.429 0.395 -0.750 0.651 -0.077 0.615 0.292 -0.557 0.693 -0.161,-256.85,405.12,7.99,-19.32,84.70,112.30,428,636,896,1124,0.395,0.644 0.537 -0.492 -0.226,16.5,1,0.000,0.000,0.5316,1.02,,-1.000,0.0,0.0,0.0,,,47.5,14.5,-46.6,,0.000,100.0,60.0,-1.00,-1.0,0.0,0,5004
445,7.4167,swing,swingBottom,-256.932,411.035,6.135,5.846,39.943,-14.700,42.962,40.369,5.244,-233.03,416.00,45.70,34.11,0.995,3,,0,0.00,0.00,0.00,-256.627,406.445,7.415,82.63,-17.85,80.09,4.775,0.566,-0.09,1.00,1,0,0,0,0,0,-17.85,-2.12,-7.43,0.2196,0.1311,0.5023,1,4.775,0,0.419,0,swing,swingCornerBankL,1.000,2,-0.424 0.400 -0.743 0.659 -0.072 0.617 0.283 -0.561 0.692 -0.158,-256.74,405.78,7.70,-18.62,83.70,112.36,432,640,912,1136,0.400,0.652 0.544 -0.500 -0.223,16.2,1,0.000,0.000,0.5390,1.06,,-1.000,0.0,0.0,0.0,,,46.8,13.6,-46.0,,0.000,100.0,60.0,-1.00,-1.0,0.0,0,5003
446,7.4333,swing,swingBottom,-256.831,411.704,5.897,6.141,40.295,-13.904,43.067,40.761,5.006,-233.03,416.00,45.70,34.11,0.996,3,,0,0.00,0.00,0.00,-256.509,407.116,7.145,81.49,-16.52,80.13,4.766,0.575,-0.08,1.00,1,0,0,0,0,0,-16.52,-1.66,-7.45,0.2226,0.1305,0.5135,1,4.766,0,0.421,0,swing,swingCornerBankL,1.000,2,-0.419 0.406 -0.736 0.668 -0.066 0.617 0.275 -0.564 0.691 -0.160,-256.63,406.45,7.41,-17.85,82.63,112.41,436,648,924,1148,0.405,0.660 0.549 -0.508 -0.221,15.8,1,0.000,0.000,0.5468,1.10,,-1.000,0.0,0.0,0.0,,,46.1,12.8,-45.4,,0.000,100.0,60.0,-1.00,-1.0,0.0,0,5003
447,7.4500,swing,swingBottom,-256.726,412.379,5.672,6.423,40.625,-13.091,43.162,41.129,4.781,-233.03,416.00,45.70,34.11,0.997,3,,0,0.00,0.00,0.00,-256.389,407.791,6.887,80.30,-15.09,80.18,4.758,0.584,-0.08,1.00,1,0,0,0,0,0,-15.09,-1.23,-7.47,0.2260,0.1302,0.5254,1,4.758,0,0.423,0,swing,swingCornerBankL,1.000,2,-0.414 0.412 -0.730 0.677 -0.059 0.615 0.266 -0.567 0.690 -0.162,-256.51,407.12,7.14,-16.52,81.49,112.45,448,664,940,1160,0.411,0.669 0.554 -0.517 -0.220,15.3,1,0.000,0.000,0.5549,1.14,,-1.000,0.0,0.0,0.0,,,45.3,11.9,-44.7,,0.000,100.0,60.0,-1.00,-1.0,0.0,0,5003
448,7.4667,swing,swingBottom,-256.616,413.059,5.460,6.689,40.930,-12.263,43.248,41.473,4.569,-233.03,416.00,45.70,34.11,0.997,3,,0,0.00,0.00,0.00,-256.266,408.472,6.643,79.29,-13.75,80.16,4.750,0.593,-0.08,1.00,1,0,0,0,0,0,-13.75,-0.83,-7.48,0.2295,0.1301,0.5360,1,4.750,0,0.426,0,swing,swingCornerBankL,1.000,2,-0.409 0.418 -0.724 0.686 -0.052 0.614 0.258 -0.570 0.688 -0.164,-256.39,407.79,6.89,-15.09,80.30,112.49,460,676,956,1176,0.417,0.678 0.559 -0.525 -0.219,14.8,1,0.000,0.000,0.5619,1.18,,-1.000,0.0,0.0,0.0,,,44.5,11.0,-44.0,,0.000,100.0,60.0,-1.00,-1.0,0.0,0,5003
449,7.4833,swing,swingBottom,-256.502,413.744,5.263,6.942,41.211,-11.420,43.324,41.792,4.372,-233.03,416.00,45.70,34.11,0.998,3,,0,0.00,0.00,0.00,-256.140,409.158,6.411,78.67,-12.62,80.04,4.741,0.602,-0.08,1.00,1,0,0,0,0,0,-12.62,-0.47,-7.50,0.2328,0.1302,0.5440,1,4.741,0,0.428,0,swing,swingCornerBankL,1.000,2,-0.404 0.422 -0.719 0.692 -0.047 0.612 0.253 -0.572 0.686 -0.165,-256.27,408.47,6.64,-13.75,79.29,112.48,468,688,968,1192,0.422,0.687 0.562 -0.532 -0.219,14.2,1,0.000,0.000,0.5667,1.23,,-1.000,0.0,0.0,0.0,,,43.7,10.0,-43.2,,0.000,100.0,60.0,-1.00,-1.0,0.0,0,5003
450,7.5000,swing,swingBottom,-256.384,414.433,5.079,7.181,41.468,-10.564,43.390,42.085,4.188,-233.03,416.00,45.70,34.11,0.998,3,,0,0.00,0.00,0.00,-256.012,409.848,6.194,78.36,-11.67,79.85,4.733,0.611,-0.08,1.00,1,0,0,0,0,0,-11.67,-0.13,-7.52,0.2358,0.1302,0.5497,1,4.733,0,0.430,0,swing,swingCornerBankL,1.000,2,-0.400 0.427 -0.716 0.698 -0.042 0.611 0.248 -0.574 0.683 -0.164,-256.14,409.16,6.41,-12.62,78.67,112.37,476,700,976,1200,0.428,0.696 0.565 -0.539 -0.218,13.6,1,0.000,0.000,0.5695,1.27,,-1.000,0.0,0.0,0.0,,,42.9,9.0,-42.5,,0.000,100.0,60.0,-1.00,-1.0,0.0,0,5002
451,7.5167,swing,swingBottom,-256.262,415.126,4.910,7.406,41.698,-9.696,43.447,42.351,4.019,-233.03,416.00,45.70,34.11,0.998,3,,0,0.00,0.00,0.00,-255.881,410.542,5.990,78.29,-10.85,79.59,4.725,0.620,-0.08,1.00,1,0,0,0,0,0,-10.85,0.18,-7.53,0.2386,0.1301,0.5537,1,4.725,0,0.433,0,swing,swingCornerBankL,1.000,2,-0.396 0.431 -0.714 0.704 -0.038 0.609 0.244 -0.575 0.680 -0.163,-256.01,409.85,6.19,-11.67,78.36,112.18,480,708,984,1204,0.434,0.705 0.568 -0.545 -0.217,13.0,1,0.000,0.000,0.5709,1.31,,-1.000,0.0,0.0,0.0,,,42.1,8.1,-41.8,,0.000,100.0,60.0,-1.00,-1.0,0.0,0,5002
452,7.5333,swing,swingBottom,-256.137,415.823,4.756,7.619,41.903,-8.817,43.493,42.590,3.865,-233.03,416.00,45.70,34.11,0.999,3,,0,0.00,0.00,0.00,-255.749,411.239,5.800,78.42,-10.14,79.29,4.717,0.629,-0.08,1.00,1,0,0,0,0,0,-10.14,0.47,-7.55,0.2410,0.1300,0.5561,1,4.717,0,0.436,0,swing,swingCornerBankL,1.000,2,-0.392 0.434 -0.712 0.708 -0.035 0.607 0.241 -0.575 0.675 -0.161,-255.88,410.54,5.99,-10.85,78.29,111.94,484,712,984,1208,0.439,0.713 0.570 -0.549 -0.216,12.4,1,0.000,0.000,0.5709,1.35,,-1.000,0.0,0.0,0.0,,,41.3,7.1,-41.0,,0.000,100.0,60.0,-1.00,-1.0,0.0,0,5002
453,7.5500,swing,swingBottom,-256.008,416.523,4.616,7.818,42.081,-7.929,43.529,42.801,3.725,-233.03,416.00,45.70,34.11,0.999,3,,0,0.00,0.00,0.00,-255.614,411.940,5.625,78.71,-9.53,78.95,4.709,0.637,-0.08,1.00,1,0,0,0,0,0,-9.53,0.73,-7.57,0.2431,0.1297,0.5572,1,4.709,0,0.438,0,swing,swingCornerBankL,1.000,2,-0.388 0.438 -0.711 0.713 -0.032 0.606 0.237 -0.575 0.670 -0.159,-255.75,411.24,5.80,-10.14,78.42,111.65,484,716,984,1208,0.445,0.721 0.572 -0.553 -0.215,11.8,1,0.000,0.000,0.5699,1.39,,-1.000,0.0,0.0,0.0,,,40.6,6.1,-40.3,,0.000,100.0,60.0,-1.00,-1.0,0.0,0,5002
454,7.5667,swing,swingLow,-255.862,417.227,4.433,11.471,33.959,-24.809,43.592,35.844,3.542,-266.00,428.82,19.10,18.87,0.999,3,,0,0.00,0.00,0.00,-255.476,412.643,5.455,78.97,-9.64,78.59,4.712,0.645,-0.07,1.00,1,0,0,0,0,0,-9.64,0.95,-7.58,0.2674,0.1140,0.5429,1,4.712,0,0.440,0,swing,swingCornerBankL,1.000,2,-0.286 0.511 -0.548 0.846 0.100 0.585 0.107 -0.599 0.626 -0.307,-255.61,411.94,5.62,-9.53,78.71,111.33,484,720,984,1204,0.507,0.837 0.541 -0.566 -0.357,66.4,1,0.000,0.000,0.5704,1.42,,-1.000,0.0,0.0,0.0,,,29.9,15.2,-26.9,,0.000,100.0,60.0,-1.00,-1.0,0.0,0,5002
455,7.5833,swing,swingLow,-255.712,417.941,4.214,10.796,35.108,-23.661,43.691,36.730,3.323,-266.00,428.82,19.10,18.64,0.999,3,,0,0.00,0.00,0.00,-255.338,413.356,5.278,79.27,-10.27,78.21,4.722,0.654,-0.07,1.00,1,0,0,0,0,0,-10.27,1.11,-7.60,0.2785,0.0963,0.5277,1,4.722,0,0.441,0,swing,swingCornerBankL,1.000,2,-0.187 0.554 -0.387 0.930 0.208 0.546 -0.006 -0.598 0.564 -0.419,-255.48,412.64,5.45,-9.64,78.97,110.99,456,716,1000,1192,0.543,0.907 0.494 -0.556 -0.466,55.2,1,0.000,0.000,0.5715,1.37,,-1.000,0.0,0.0,0.0,,,22.2,16.0,-16.2,,0.000,100.0,60.0,-1.00,-1.0,0.0,0,5002
456,7.6000,swing,swingLow,-255.575,418.666,4.019,10.126,36.216,-22.442,43.792,37.605,3.128,-266.00,428.82,19.10,18.40,0.999,3,,0,0.00,0.00,0.00,-255.205,414.081,5.093,79.76,-10.62,77.83,4.724,0.661,-0.07,1.00,1,0,0,0,0,0,-10.62,1.23,-7.62,0.2521,0.1108,0.5482,1,4.724,0,0.441,0,swing,swingCornerBankL,1.000,2,0.305 0.447 0.539 0.680 0.604 0.045 -0.500 -0.183 -0.058 -0.667,-255.34,413.36,5.28,-10.27,79.27,110.63,468,728,1008,1180,0.389,0.568 0.007 -0.095 -0.588,9.2,1,0.000,0.000,0.5675,1.38,,-1.000,0.0,0.0,0.0,,,48.7,35.8,41.4,,0.000,100.0,60.0,-1.00,-1.0,0.0,0,5002
457,7.6167,swing,swingLow,-255.452,419.402,3.849,9.453,37.279,-21.151,43.892,38.459,2.958,-266.00,428.82,19.10,18.17,1.000,3,,0,0.00,0.00,0.00,-255.084,414.817,4.908,80.32,-10.74,77.45,4.720,0.669,-0.07,1.00,1,0,0,0,0,0,-10.74,1.32,-7.63,0.2672,0.1027,0.5330,1,4.720,0,0.440,0,swing,swingCornerBankL,1.000,2,0.270 0.490 0.486 0.772 0.540 0.018 -0.450 -0.269 -0.066 -0.698,-255.21,414.08,5.09,-10.62,79.76,110.27,444,720,1016,1172,0.439,0.677 -0.029 -0.172 -0.628,9.0,1,0.000,0.000,0.5683,1.41,,-1.000,0.0,0.0,0.0,,,42.0,30.1,34.6,,0.000,100.0,60.0,-1.00,-1.0,0.0,0,5001
458,7.6333,swing,swingLow,-255.364,420.213,3.820,8.776,38.294,-19.787,43.988,39.286,2.929,-266.00,428.82,19.10,17.80,1.000,3,,0,0.00,0.00,0.00,-254.987,415.629,4.746,81.08,-9.52,77.07,4.692,0.677,-0.07,1.00,1,0,0,0,0,0,-9.52,1.40,-7.65,0.2738,0.1010,0.5194,1,4.692,0,0.439,0,swing,swingLowL,1.000,2,0.302 0.484 0.508 0.819 0.474 -0.057 -0.448 -0.275 -0.145 -0.689,-255.08,414.82,4.91,-10.74,80.32,109.90,428,708,1012,1172,0.443,0.745 -0.098 -0.184 -0.628,5.0,1,0.000,0.000,0.5675,1.45,,-1.000,0.0,0.0,0.0,,,41.6,25.7,36.7,,0.000,100.0,60.0,-1.00,-1.0,0.0,0,5001
459,7.6500,swing,swingLow,-255.291,421.027,3.822,8.101,39.260,-18.338,44.082,40.087,2.931,-266.00,428.82,19.10,17.44,1.000,3,,0,0.00,0.00,0.00,-254.911,416.443,4.626,81.76,-8.45,76.69,4.670,0.684,-0.07,1.00,1,0,0,0,0,0,-8.45,1.46,-7.67,0.2791,0.0986,0.5081,1,4.670,0,0.438,0,swing,swingLowL,1.000,2,0.330 0.474 0.532 0.850 0.407 -0.099 -0.447 -0.275 -0.197 -0.684,-254.99,415.63,4.75,-9.52,81.08,109.53,412,700,1012,1168,0.440,0.790 -0.136 -0.192 -0.633,2.3,1,0.000,0.000,0.5660,1.48,,-1.000,0.0,0.0,0.0,,,42.1,22.4,38.7,,0.000,100.0,60.0,-1.00,-1.0,0.0,0,5001
460,7.6667,swing,swingLow,-255.233,421.843,3.854,7.296,40.159,-16.826,44.149,40.817,2.963,-266.00,428.82,19.10,17.07,1.000,3,,0,0.00,0.00,0.00,-254.858,417.258,4.551,82.37,-7.53,76.33,4.653,0.692,-0.07,1.00,1,0,0,0,0,0,-7.53,1.52,-7.68,0.2841,0.1011,0.4997,1,4.653,0,0.437,0,swing,swingBottomL,1.000,2,0.352 0.463 0.554 0.869 0.351 -0.116 -0.447 -0.273 -0.234 -0.693,-254.91,416.44,4.63,-8.45,81.76,109.17,400,692,1012,1164,0.434,0.820 -0.149 -0.199 -0.653,2.4,1,0.000,0.000,0.5667,1.50,,-1.000,0.0,0.0,0.0,,,42.9,19.8,40.6,,0.000,100.0,60.0,-1.00,-1.0,0.0,0,5001
461,7.6833,swing,swingLow,-255.192,422.659,3.917,6.370,40.986,-15.255,44.194,41.478,3.026,-266.00,428.82,19.10,16.70,1.000,3,,0,0.00,0.00,0.00,-254.827,418.073,4.517,82.91,-6.71,75.98,4.639,0.699,-0.06,1.00,1,0,0,0,0,0,-6.71,1.57,-7.70,0.2887,0.1039,0.4935,1,4.639,0,0.437,0,swing,swingBottomL,1.000,2,0.369 0.452 0.570 0.882 0.312 -0.116 -0.445 -0.269 -0.255 -0.712,-254.86,417.26,4.55,-7.53,82.37,108.82,392,684,1008,1160,0.428,0.841 -0.146 -0.205 -0.686,4.1,1,0.000,0.000,0.5675,1.50,,-1.000,0.0,0.0,0.0,,,43.7,17.8,42.0,,0.000,100.0,60.0,-1.00,-1.0,0.0,0,5001
462,7.7000,swing,swingBottom,-255.142,423.427,3.891,5.457,41.742,-13.602,44.241,42.098,3.000,-266.00,428.82,19.10,16.47,1.000,3,,0,0.00,0.00,0.00,-254.812,418.839,4.505,83.15,-7.22,75.64,4.641,0.706,-0.06,1.00,1,0,0,0,0,0,-7.22,1.63,-7.72,0.2914,0.1068,0.4878,1,4.641,0,0.436,0,swing,swingBottomL,1.000,2,0.382 0.445 0.582 0.895 0.296 -0.103 -0.442 -0.275 -0.254 -0.730,-254.83,418.07,4.52,-6.71,82.91,108.47,384,680,1008,1164,0.423,0.857 -0.136 -0.213 -0.719,5.6,1,0.000,0.000,0.5680,1.48,,-1.000,0.0,0.0,0.0,,,44.3,16.0,43.0,,0.000,100.0,60.0,-1.00,-1.0,0.0,0,5001
463,7.7167,swing,swingBottom,-255.118,424.214,3.945,4.760,42.431,-11.837,44.307,42.697,3.054,-266.00,428.82,19.10,16.18,1.000,3,,0,0.00,0.00,0.00,-254.815,419.624,4.506,83.46,-6.88,75.32,4.634,0.713,-0.06,1.00,1,0,0,0,0,0,-6.88,1.69,-7.73,0.2914,0.1083,0.4825,1,4.634,0,0.436,0,swing,swingBottomL,1.000,2,0.391 0.438 0.588 0.902 0.300 -0.090 -0.433 -0.272 -0.227 -0.735,-254.81,418.84,4.50,-7.22,83.15,108.14,376,672,1004,1168,0.419,0.870 -0.123 -0.219 -0.741,6.7,1,0.000,0.000,0.5683,1.45,,-1.000,0.0,0.0,0.0,,,44.7,14.1,43.8,,0.000,100.0,60.0,-1.00,-1.0,0.0,0,5001
464,7.7333,swing,swingBottom,-255.092,424.986,3.984,4.251,43.041,-9.961,44.383,43.250,3.093,-266.00,428.82,19.10,15.95,1.000,3,,0,0.00,0.00,0.00,-254.833,420.393,4.521,83.56,-6.87,75.01,4.631,0.719,-0.06,1.00,1,0,0,0,0,0,-6.87,1.75,-7.75,0.2889,0.1093,0.4770,1,4.631,0,0.437,0,swing,swingBottomL,1.000,2,0.397 0.433 0.589 0.909 0.320 -0.077 -0.421 -0.272 -0.177 -0.724,-254.82,419.62,4.51,-6.88,83.46,107.82,372,664,1004,1168,0.417,0.882 -0.112 -0.226 -0.746,7.5,1,0.000,0.000,0.5684,1.40,,-1.000,0.0,0.0,0.0,,,44.9,11.9,44.2,,0.000,100.0,60.0,-1.00,-1.0,0.0,0,5001
465,7.7500,swing,swingBottom,-255.076,425.756,4.057,3.723,43.551,-8.023,44.441,43.710,3.166,-266.00,428.82,19.10,15.72,1.000,3,,0,0.00,0.00,0.00,-254.862,421.161,4.551,83.61,-6.57,74.72,4.626,0.726,-0.06,1.00,1,0,0,0,0,0,-6.57,1.82,-7.77,0.2849,0.1100,0.4720,1,4.626,0,0.438,0,swing,swingBottomL,1.000,2,0.402 0.429 0.590 0.913 0.348 -0.069 -0.407 -0.267 -0.116 -0.700,-254.83,420.39,4.52,-6.87,83.56,107.52,372,652,1004,1172,0.415,0.891 -0.102 -0.230 -0.734,8.1,1,0.000,0.000,0.5684,1.34,,-1.000,0.0,0.0,0.0,,,45.1,9.7,44.6,,0.000,100.0,60.0,-1.00,-1.0,0.0,0,5001
466,7.7667,swing,swingBottom,-255.071,426.523,4.164,3.040,43.951,-6.059,44.471,44.056,3.273,-266.00,428.82,19.10,15.48,1.000,3,,0,0.00,0.00,0.00,-254.903,421.926,4.599,83.63,-6.03,74.44,4.621,0.732,-0.06,1.00,1,0,0,0,0,0,-6.03,1.90,-7.78,0.2811,0.1107,0.4680,1,4.621,0,0.439,0,swing,swingBottomL,1.000,2,0.406 0.424 0.589 0.915 0.380 -0.063 -0.394 -0.265 -0.053 -0.672,-254.86,421.16,4.55,-6.57,83.61,107.23,368,644,1000,1172,0.414,0.898 -0.094 -0.235 -0.713,8.6,1,0.000,0.000,0.5681,1.28,,-1.000,0.0,0.0,0.0,,,45.2,7.6,44.9,,0.000,100.0,60.0,-1.00,-1.0,0.0,0,5001
467,7.7833,swing,swingBottom,-255.080,427.284,4.304,2.228,44.236,-4.071,44.479,44.292,3.413,-266.00,428.82,19.10,15.25,1.000,3,,0,0.00,0.00,0.00,-254.954,422.686,4.671,83.68,-5.32,74.18,4.615,0.738,-0.05,1.00,1,0,0,0,0,0,-5.32,1.98,-7.80,0.2780,0.1115,0.4654,1,4.615,0,0.441,0,swing,swingBottomL,1.000,2,0.409 0.419 0.588 0.916 0.410 -0.059 -0.384 -0.262 0.006 -0.646,-254.90,421.93,4.60,-6.03,83.63,106.96,368,640,1000,1172,0.412,0.903 -0.087 -0.239 -0.688,9.0,1,0.000,0.000,0.5676,1.21,,-1.000,0.0,0.0,0.0,,,45.4,5.5,45.3,,0.000,100.0,60.0,-1.00,-1.0,0.0,0,5001
468,7.8000,swing,swingBottom,-255.099,428.037,4.463,1.436,44.405,-2.033,44.474,44.428,3.572,-266.00,428.82,19.10,15.03,1.000,3,,0,0.00,0.00,0.00,-255.014,423.438,4.769,83.70,-4.65,73.93,4.610,0.744,-0.05,1.00,1,0,0,0,0,0,-4.65,2.08,-7.82,0.2761,0.1128,0.4642,1,4.610,0,0.443,0,swing,swingBottomL,1.000,2,0.411 0.415 0.587 0.915 0.438 -0.056 -0.379 -0.265 0.053 -0.624,-254.95,422.69,4.67,-5.32,83.68,106.70,368,636,996,1172,0.409,0.906 -0.079 -0.246 -0.664,9.4,1,0.000,0.000,0.5669,1.15,,-1.000,0.0,0.0,0.0,,,45.7,3.2,45.7,,0.000,100.0,60.0,-1.00,-1.0,0.0,0,5001
469,7.8167,swing,swingBottom,-255.155,428.765,4.629,-2.815,42.647,-0.790,42.747,42.740,3.738,-266.00,428.82,19.10,14.84,1.000,3,,0,0.00,0.00,0.00,-255.089,424.166,4.888,83.99,-4.11,73.70,4.607,0.750,-0.05,1.00,1,0,0,0,0,0,-4.11,2.18,-7.83,0.2760,0.1145,0.4648,1,4.607,0,0.446,0,swing,swingBottomL,1.000,2,0.413 0.409 0.586 0.914 0.463 -0.054 -0.378 -0.268 0.094 -0.613,-255.01,423.44,4.77,-4.65,83.70,106.45,368,636,992,1172,0.405,0.907 -0.075 -0.253 -0.650,9.8,1,0.000,0.000,0.5659,1.10,,-1.000,0.0,0.0,0.0,,,46.1,5.2,46.0,,0.000,100.0,60.0,-1.00,-1.0,0.0,0,5001
470,7.8333,swing,swingBottom,-255.246,429.473,4.805,-3.376,42.799,1.210,42.949,42.932,3.914,-266.00,428.82,19.10,14.66,1.000,3,,0,0.00,0.00,0.00,-255.181,424.873,5.026,84.46,-3.65,73.49,4.605,0.754,-0.05,1.00,1,0,0,0,0,0,-3.65,2.28,-7.85,0.2767,0.1163,0.4665,1,4.605,0,0.449,0,swing,swingBottomL,1.000,2,0.414 0.404 0.584 0.912 0.484 -0.050 -0.382 -0.277 0.120 -0.606,-255.09,424.17,4.89,-4.11,83.99,106.22,368,636,988,1172,0.401,0.907 -0.069 -0.264 -0.640,10.2,1,0.000,0.000,0.5648,1.04,,-1.000,0.0,0.0,0.0,,,46.6,2.3,46.6,,0.000,100.0,60.0,-1.00,-1.0,0.0,0,5001
471,7.8500,swing,swingBottom,-255.334,430.178,4.962,-3.940,42.827,3.257,43.131,43.008,4.071,-266.00,428.82,19.10,14.54,1.000,3,,0,0.00,0.00,0.00,-255.290,425.578,5.175,84.66,-3.53,73.29,4.605,0.758,-0.05,1.00,1,0,0,0,0,0,-3.53,2.39,-7.87,0.2780,0.1182,0.4688,1,4.605,0,0.452,0,swing,swingCornerBankL,1.000,2,0.414 0.398 0.581 0.908 0.502 -0.046 -0.387 -0.288 0.136 -0.603,-255.18,424.87,5.03,-3.65,84.46,106.01,368,640,984,1172,0.397,0.906 -0.063 -0.277 -0.635,10.6,1,0.000,0.000,0.5635,0.99,,-1.000,0.0,0.0,0.0,,,47.2,-0.5,47.2,,0.000,100.0,60.0,-1.00,-1.0,0.0,0,5001
472,7.8667,swing,swingBottom,-255.420,430.880,5.112,-4.237,42.620,5.372,43.165,42.830,4.221,-266.00,428.82,19.10,14.46,1.000,3,,0,0.00,0.00,0.00,-255.412,426.280,5.328,84.65,-3.56,73.10,4.605,0.761,-0.05,1.00,1,0,0,0,0,0,-3.56,2.51,-7.88,0.2796,0.1196,0.4711,1,4.605,0,0.455,0,swing,swingCornerBankL,1.000,2,0.412 0.394 0.573 0.905 0.517 -0.037 -0.393 -0.303 0.147 -0.601,-255.29,425.58,5.17,-3.53,84.66,105.81,372,644,980,1172,0.394,0.906 -0.053 -0.292 -0.633,10.7,1,0.000,0.000,0.5620,0.95,,-1.000,0.0,0.0,0.0,,,47.5,-2.9,47.4,,0.000,100.0,60.0,-1.00,-1.0,0.0,0,5001
473,7.8833,swing,swingBottom,-255.504,431.573,5.294,-4.255,42.176,7.515,43.051,42.390,4.403,-266.00,428.82,19.10,14.38,1.000,3,,0,0.00,0.00,0.00,-255.542,426.973,5.494,84.49,-3.37,72.93,4.604,0.763,-0.05,1.00,1,0,0,0,0,0,-3.37,2.63,-7.90,0.2811,0.1195,0.4715,1,4.604,0,0.457,0,swing,swingCornerBankL,1.000,2,0.406 0.393 0.557 0.905 0.530 -0.024 -0.393 -0.320 0.163 -0.596,-255.41,426.28,5.33,-3.56,84.65,105.62,376,648,976,1172,0.395,0.909 -0.039 -0.311 -0.627,10.3,1,0.000,0.000,0.5600,0.90,,-1.000,0.0,0.0,0.0,,,47.4,-5.6,47.3,,0.000,100.0,60.0,-1.00,-1.0,0.0,0,5000
474,7.9000,swing,swingBottom,-255.588,432.254,5.506,-4.257,41.606,9.629,42.917,41.823,4.615,-266.00,428.82,19.10,14.31,1.000,3,,0,0.00,0.00,0.00,-255.676,427.655,5.706,84.24,-3.41,72.76,4.604,0.765,-0.05,1.00,1,0,0,0,0,0,-3.41,2.76,-7.92,0.2813,0.1185,0.4701,1,4.604,0,0.459,0,swing,swingCornerBankL,1.000,2,0.397 0.394 0.536 0.906 0.540 -0.007 -0.390 -0.338 0.182 -0.583,-255.54,426.97,5.49,-3.37,84.49,105.44,376,648,972,1168,0.398,0.913 -0.020 -0.331 -0.614,9.6,1,0.000,0.000,0.5576,0.86,,-1.000,0.0,0.0,0.0,,,47.0,-8.1,46.8,,0.000,100.0,60.0,-1.00,-1.0,0.0,0,5000
475,7.9167,swing,swingBottom,-255.671,432.924,5.748,-4.400,41.016,11.672,42.871,41.251,4.857,-266.00,428.82,19.10,14.24,1.000,3,,0,0.00,0.00,0.00,-255.813,428.326,5.948,83.94,-3.48,72.61,4.604,0.767,-0.04,1.00,1,0,0,0,0,0,-3.48,2.90,-7.93,0.2748,0.1172,0.4655,1,4.604,0,0.461,0,swing,swingCornerBankL,1.000,2,0.387 0.396 0.517 0.901 0.537 0.001 -0.380 -0.341 0.200 -0.541,-255.68,427.66,5.71,-3.41,84.24,105.28,372,640,968,1164,0.401,0.912 -0.012 -0.335 -0.576,8.6,1,0.000,0.000,0.5558,0.81,,-1.000,0.0,0.0,0.0,,,46.6,-10.4,46.2,,0.000,100.0,60.0,-1.00,-1.0,0.0,0,5000
476,7.9333,swing,swingBottom,-255.761,433.582,6.020,-4.815,40.410,13.670,42.931,40.696,5.129,-266.00,428.82,19.10,14.18,1.000,3,,0,0.00,0.00,0.00,-255.950,428.986,6.220,83.68,-3.58,72.48,4.604,0.767,-0.04,1.00,1,0,0,0,0,0,-3.58,3.04,-7.95,0.2660,0.1171,0.4609,1,4.604,0,0.462,0,swing,swingCornerBankL,1.000,2,0.382 0.391 0.508 0.888 0.535 0.005 -0.375 -0.340 0.212 -0.492,-255.81,428.33,5.95,-3.48,83.94,105.13,372,632,968,1160,0.398,0.903 -0.008 -0.337 -0.531,8.4,1,0.000,0.000,0.5545,0.77,,-1.000,0.0,0.0,0.0,,,47.0,-12.3,46.4,,0.000,100.0,60.0,-1.00,-1.0,0.0,0,5000
477,7.9500,swing,swingHigh,-255.856,434.227,6.320,-5.216,39.678,15.645,42.969,40.019,5.429,-266.00,428.82,19.10,14.11,1.000,3,,0,0.00,0.00,0.00,-256.089,429.632,6.520,83.45,-3.72,72.35,4.604,0.767,-0.04,1.00,1,0,0,0,0,0,-3.72,3.18,-7.97,0.2628,0.1179,0.4599,1,4.604,0,0.462,0,swing,swingCornerBankL,1.000,2,0.381 0.382 0.504 0.870 0.542 0.012 -0.375 -0.345 0.221 -0.460,-255.95,428.99,6.22,-3.58,83.68,104.99,372,632,964,1156,0.391,0.889 -0.001 -0.344 -0.502,8.8,1,0.000,0.000,0.5535,0.74,,-1.000,0.0,0.0,0.0,,,47.9,-14.1,47.2,,0.000,100.0,60.0,-1.00,-1.0,0.0,0,5000
478,7.9667,swing,swingHigh,-255.957,434.857,6.650,-5.597,38.819,17.590,42.985,39.221,5.759,-266.00,428.82,19.10,14.06,1.000,3,,0,0.00,0.00,0.00,-256.229,430.265,6.850,83.25,-3.89,72.23,4.604,0.767,-0.04,1.00,1,0,0,0,0,0,-3.89,3.33,-7.98,0.2627,0.1188,0.4606,1,4.604,0,0.461,0,swing,swingCornerBankL,1.000,2,0.380 0.371 0.500 0.851 0.554 0.023 -0.377 -0.354 0.226 -0.447,-256.09,429.63,6.52,-3.72,83.45,104.86,376,632,960,1156,0.382,0.874 0.011 -0.355 -0.492,9.4,1,0.000,0.000,0.5525,0.70,,-1.000,0.0,0.0,0.0,,,49.1,-15.8,48.2,,0.000,100.0,60.0,-1.00,-1.0,0.0,0,5000
