frame,t,mode,sub,x_m,y_m,z_m,vx,vy,vz,speed_mps,hspeed_mps,height_above_floor_m,anchor_x,anchor_y,anchor_z,rope_m,tension,chain,trick,zip_target,zt_x,zt_y,zt_z,cam_x,cam_y,cam_z,cam_yaw_deg,cam_pitch_deg,cam_vfov_deg,cam_dist_m,motion_blur,in_move_x,in_move_y,in_swing,in_jump,in_sprint,in_zip,in_drop,in_quick,cam_orbit_pitch_deg,cam_auto_pitch_deg,cam_occ_hold,hero_bbox_h,hero_bbox_w,hero_cy,hero_in_frame,cam_hero_dist_m,cam_in_geometry,frame_s_target,in_trick,anim_node,anim_clip,anim_weight,air_flavor,pose_sig,pcm_x,pcm_y,pcm_z,pcm_pitch,pcm_yaw,pcm_fov,px_top,px_bottom,px_left,px_right,head_hip_dz,limb_z,body_rope_deg,web_on,wall_frac,hero_occl,hero_cx,pcm_roll,flip_prog,flip_t,flip_pitch_deg,flip_twist_deg,flip_rate_dps,flip_shape,flip_shape_legs,body_axis_deg,body_pitch_deg,body_roll_deg,flip_armed,flipcam_k,flipcam_yaw_deg,flipcam_elev_deg,flipcam_sky,sky_tall_m,sky_peak_want_m,cam_slew,hero_fill_cd
0,0.0000,air,apex,-250.000,374.633,23.997,0.000,-22.000,-0.220,22.001,22.000,23.106,0.00,0.00,0.00,0.00,0.000,0,,0,0.00,0.00,0.00,-249.700,378.033,24.597,-95.04,-13.83,58.01,3.466,0.000,0.00,1.00,0,0,0,0,0,0,-13.83,-7.11,-0.02,0.4443,0.2590,0.4693,1,3.466,0,0.439,0,None,None,1.000,-1,0.011 0.587 -0.684 0.439 0.631 0.165 -0.361 -0.743 0.160 -0.386,-249.70,378.40,24.60,-13.86,-95.04,89.17,248,712,696,1152,0.579,0.387 0.135 -0.727 -0.235,-1.0,0,0.000,0.000,0.4958,-0.00,,-1.000,0.0,0.0,0.0,,,10.2,10.2,0.2,,0.000,0.0,11.5,-1.00,-1.0,0.0,0,5000
1,0.0167,air,apex,-250.000,374.267,23.991,0.000,-22.000,-0.440,22.004,22.000,23.100,0.00,0.00,0.00,0.00,0.000,0,,0,0.00,0.00,0.00,-249.700,378.003,24.596,-94.59,-13.04,58.02,3.797,0.000,0.00,1.00,0,0,0,0,0,0,-13.04,-7.72,-0.03,0.4092,0.2135,0.4655,1,3.797,0,0.439,0,air_rise,airRise,1.000,2,-0.018 0.579 -0.561 0.056 0.558 0.071 -0.082 -0.886 0.133 -0.883,-249.70,378.03,24.60,-13.83,-95.04,89.17,228,728,768,1160,0.592,0.045 0.082 -0.900 -0.893,-1.0,0,0.000,0.000,0.5009,-0.00,,-1.000,0.0,0.0,0.0,,,2.1,1.0,-1.9,,0.000,0.0,11.5,-1.00,-1.0,0.0,0,5000
2,0.0333,air,apex,-250.000,373.900,23.981,0.000,-22.000,-0.660,22.010,22.000,23.090,0.00,0.00,0.00,0.00,0.000,0,,0,0.00,0.00,0.00,-249.700,377.912,24.593,-94.28,-12.52,58.05,4.070,0.000,0.00,1.00,0,0,0,0,0,0,-12.52,-8.56,-0.05,0.4753,0.0876,0.4179,1,4.070,0,0.439,0,air_rise,airRise,1.000,2,-0.041 0.566 -0.109 0.832 0.063 0.840 -0.134 -0.697 0.199 -0.783,-249.70,378.00,24.60,-13.04,-94.59,89.19,196,708,880,1032,0.590,0.773 0.783 -0.711 -0.717,-1.0,0,0.000,0.000,0.4993,0.00,,-1.000,0.0,0.0,0.0,,,5.9,-4.7,-3.6,,0.000,0.0,11.5,-1.00,-1.0,0.0,0,5000
3,0.0500,air,apex,-250.000,373.533,23.967,0.000,-22.000,-0.880,22.018,22.000,23.076,0.00,0.00,0.00,0.00,0.000,0,,0,0.00,0.00,0.00,-249.700,377.759,24.588,-94.06,-12.19,58.09,4.281,0.000,0.00,1.00,0,0,0,0,0,0,-12.19,-9.55,-0.07,0.4453,0.0873,0.4188,1,4.281,0,0.439,0,air_rise,airRise,1.000,2,-0.055 0.570 -0.129 0.825 0.043 0.837 -0.115 -0.704 0.218 -0.772,-249.70,377.91,24.59,-12.52,-94.28,89.22,220,688,880,1024,0.590,0.762 0.778 -0.714 -0.703,-1.0,0,0.000,0.000,0.4999,-0.00,,-1.000,0.0,0.0,0.0,,,6.2,-3.5,-5.1,,0.000,0.0,11.5,-1.00,-1.0,0.0,0,5000
4,0.0667,air,apex,-250.000,373.167,23.950,0.000,-22.000,-1.100,22.027,22.000,23.059,0.00,0.00,0.00,0.00,0.000,0,,0,0.00,0.00,0.00,-249.700,377.550,24.579,-93.91,-12.01,58.13,4.439,0.000,0.00,1.00,0,0,0,0,0,0,-12.01,-10.61,-0.08,0.4231,0.0872,0.4197,1,4.439,0,0.439,0,air_rise,airRise,1.000,2,-0.068 0.572 -0.145 0.816 0.026 0.832 -0.100 -0.710 0.233 -0.760,-249.70,377.76,24.59,-12.19,-94.06,89.26,232,676,884,1028,0.589,0.751 0.770 -0.715 -0.688,-1.0,0,0.000,0.000,0.5003,0.00,,-1.000,0.0,0.0,0.0,,,6.8,-2.3,-6.4,,0.000,0.0,11.5,-1.00,-1.0,0.0,0,5000
5,0.0833,air,apex,-250.000,372.800,23.928,0.000,-22.000,-1.320,22.040,22.000,23.037,0.00,0.00,0.00,0.00,0.000,0,,0,0.00,0.00,0.00,-249.700,377.298,24.566,-93.82,-11.91,58.18,4.553,0.000,0.00,1.00,0,0,0,0,0,0,-11.91,-11.68,-0.10,0.4067,0.0872,0.4205,1,4.553,0,0.439,0,air_rise,airRise,1.000,2,-0.077 0.575 -0.157 0.808 0.014 0.827 -0.089 -0.714 0.243 -0.749,-249.70,377.55,24.58,-12.01,-93.91,89.32,244,668,884,1028,0.588,0.739 0.761 -0.715 -0.674,-1.0,0,0.000,0.000,0.5006,-0.00,,-1.000,0.0,0.0,0.0,,,7.5,-1.0,-7.4,,0.000,0.0,11.5,-1.00,-1.0,0.0,0,5000
6,0.1000,air,apex,-250.000,372.433,23.904,0.000,-22.000,-1.540,22.054,22.000,23.013,0.00,0.00,0.00,0.00,0.000,0,,0,0.00,0.00,0.00,-249.700,377.013,24.551,-93.75,-11.87,58.24,4.634,0.000,0.00,1.00,0,0,0,0,0,0,-11.87,-12.74,-0.12,0.3938,0.0867,0.4214,1,4.634,0,0.440,0,air_rise,airRise,1.000,2,-0.083 0.577 -0.163 0.799 0.008 0.820 -0.083 -0.716 0.249 -0.738,-249.70,377.30,24.57,-11.91,-93.82,89.38,256,660,884,1028,0.588,0.726 0.751 -0.713 -0.659,-1.0,0,0.000,0.000,0.5008,-0.00,,-1.000,0.0,0.0,0.0,,,8.1,0.3,-8.1,,0.000,0.0,11.5,-1.00,-1.0,0.0,0,5000
7,0.1167,air,apex,-250.000,372.067,23.875,0.000,-22.000,-1.760,22.070,22.000,22.984,0.00,0.00,0.00,0.00,0.000,0,,0,0.00,0.00,0.00,-249.703,376.657,24.531,-93.70,-11.96,58.30,4.647,0.000,0.00,1.00,0,0,0,0,0,0,-11.96,-13.76,-0.13,0.3880,0.0866,0.4222,1,4.647,0,0.440,0,air_rise,airRise,1.000,2,-0.085 0.579 -0.164 0.792 0.006 0.814 -0.081 -0.718 0.249 -0.729,-249.70,377.01,24.55,-11.87,-93.75,89.44,264,652,884,1028,0.587,0.715 0.740 -0.711 -0.647,-1.0,0,0.000,0.000,0.5008,0.00,,-1.000,0.0,0.0,0.0,,,8.5,1.6,-8.3,,0.000,0.0,11.5,-1.00,-1.0,0.0,0,5000
8,0.1333,air,apex,-250.000,371.700,23.843,0.000,-22.000,-1.980,22.089,22.000,22.952,0.00,0.00,0.00,0.00,0.000,0,,0,0.00,0.00,0.00,-249.705,376.291,24.508,-93.67,-12.06,58.37,4.648,0.000,0.00,1.00,0,0,0,0,0,0,-12.06,-14.72,-0.15,0.3835,0.0857,0.4232,1,4.648,0,0.440,0,air_rise,airRise,1.000,2,-0.082 0.581 -0.159 0.785 0.011 0.806 -0.085 -0.718 0.244 -0.722,-249.70,376.66,24.53,-11.96,-93.70,89.52,268,652,884,1028,0.587,0.704 0.728 -0.707 -0.635,-1.0,0,0.000,0.000,0.5008,-0.00,,-1.000,0.0,0.0,0.0,,,8.6,2.8,-8.1,,0.000,0.0,11.5,-1.00,-1.0,0.0,0,5000
9,0.1500,air,apex,-250.000,371.333,23.807,0.000,-22.000,-2.200,22.110,22.000,22.916,0.00,0.00,0.00,0.00,0.000,0,,0,0.00,0.00,0.00,-249.707,375.924,24.482,-93.65,-12.16,58.44,4.649,0.000,0.00,1.00,0,0,0,0,0,0,-12.16,-15.61,-0.17,0.3795,0.0836,0.4243,1,4.649,0,0.440,0,air_rise,airRise,1.000,2,-0.075 0.583 -0.149 0.779 0.021 0.799 -0.094 -0.717 0.235 -0.717,-249.71,376.29,24.51,-12.06,-93.67,89.59,272,648,884,1028,0.587,0.694 0.716 -0.703 -0.626,-1.0,0,0.000,0.000,0.5008,0.00,,-1.000,0.0,0.0,0.0,,,8.5,4.1,-7.5,,0.000,0.0,11.5,-1.00,-1.0,0.0,0,5000
10,0.1667,air,apex,-250.000,370.967,23.768,0.000,-22.000,-2.420,22.133,22.000,22.877,0.00,0.00,0.00,0.00,0.000,0,,0,0.00,0.00,0.00,-249.708,375.557,24.451,-93.64,-12.26,58.51,4.650,0.000,0.00,1.00,0,0,0,0,0,0,-12.26,-16.42,-0.18,0.3760,0.0805,0.4256,1,4.650,0,0.440,0,air_rise,airRise,1.000,2,-0.062 0.586 -0.133 0.774 0.037 0.791 -0.109 -0.715 0.220 -0.713,-249.71,375.92,24.48,-12.16,-93.65,89.67,272,648,888,1028,0.587,0.685 0.704 -0.697 -0.618,-1.0,0,0.000,0.000,0.5006,-0.00,,-1.000,0.0,0.0,0.0,,,8.2,5.2,-6.4,,0.000,0.0,11.5,-1.00,-1.0,0.0,0,5000
11,0.1833,air,apex,-250.000,370.600,23.725,0.000,-22.000,-2.640,22.158,22.000,22.834,0.00,0.00,0.00,0.00,0.000,0,,0,0.00,0.00,0.00,-249.709,375.191,24.417,-93.63,-12.36,58.58,4.652,0.000,0.00,1.00,0,0,0,0,0,0,-12.36,-17.17,-0.20,0.3730,0.0763,0.4270,1,4.652,0,0.441,0,air_rise,airRise,1.000,2,-0.046 0.589 -0.112 0.770 0.058 0.782 -0.130 -0.711 0.201 -0.711,-249.71,375.56,24.45,-12.26,-93.64,89.75,276,648,888,1024,0.588,0.677 0.692 -0.690 -0.613,-1.0,0,0.000,0.000,0.5004,-0.00,,-1.000,0.0,0.0,0.0,,,7.9,6.2,-4.8,,0.000,0.0,11.5,-1.00,-1.0,0.0,0,5000
12,0.2000,air,apex,-250.000,370.233,23.678,0.000,-22.000,-2.860,22.185,22.000,22.787,0.00,0.00,0.00,0.00,0.000,0,,0,0.00,0.00,0.00,-249.709,374.824,24.380,-93.62,-12.45,58.65,4.653,0.000,0.00,1.00,0,0,0,0,0,0,-12.45,-17.84,-0.22,0.3703,0.0710,0.4285,1,4.653,0,0.441,0,air_rise,airRise,1.000,2,-0.024 0.591 -0.086 0.766 0.084 0.772 -0.155 -0.705 0.177 -0.710,-249.71,375.19,24.42,-12.36,-93.63,89.84,276,648,892,1020,0.588,0.671 0.679 -0.681 -0.609,-1.0,0,0.000,0.000,0.5002,-0.00,,-1.000,0.0,0.0,0.0,,,7.7,7.1,-2.8,,0.000,0.0,11.5,-1.00,-1.0,0.0,0,5000
13,0.2167,air,apex,-250.000,369.867,23.628,0.000,-22.000,-3.080,22.215,22.000,22.737,0.00,0.00,0.00,0.00,0.000,0,,0,0.00,0.00,0.00,-249.710,374.458,24.338,-93.62,-12.55,58.73,4.655,0.000,0.00,1.00,0,0,0,0,0,0,-12.55,-18.44,-0.23,0.3679,0.0673,0.4302,1,4.655,0,0.442,0,air_rise,airRise,1.000,2,0.002 0.591 -0.056 0.763 0.114 0.761 -0.186 -0.697 0.149 -0.710,-249.71,374.82,24.38,-12.45,-93.62,89.93,280,648,896,1016,0.588,0.665 0.665 -0.670 -0.607,-1.0,0,0.000,0.000,0.4986,0.00,,-1.000,0.0,0.0,0.0,,,7.9,7.9,-0.3,,0.000,0.0,11.5,-1.00,-1.0,0.0,0,5000
14,0.2333,air,apex,-250.000,369.500,23.574,0.000,-22.000,-3.300,22.246,22.000,22.683,0.00,0.00,0.00,0.00,0.000,0,,0,0.00,0.00,0.00,-249.710,374.091,24.293,-93.61,-12.64,58.80,4.656,0.000,0.00,1.00,0,0,0,0,0,0,-12.64,-18.97,-0.25,0.3656,0.0742,0.4320,1,4.656,0,0.442,0,air_rise,airRise,1.000,2,0.032 0.591 -0.021 0.759 0.148 0.749 -0.220 -0.686 0.117 -0.711,-249.71,374.46,24.34,-12.55,-93.62,90.01,280,648,904,1020,0.586,0.659 0.651 -0.656 -0.606,-1.0,0,0.000,0.000,0.4981,0.00,,-1.000,0.0,0.0,0.0,,,8.9,8.5,2.6,,0.000,0.0,11.5,-1.00,-1.0,0.0,0,5000
15,0.2500,air,apex,-250.000,369.133,23.516,0.000,-22.000,-3.520,22.280,22.000,22.625,0.00,0.00,0.00,0.00,0.000,0,,0,0.00,0.00,0.00,-249.710,373.724,24.245,-93.61,-12.72,58.88,4.657,0.000,0.00,1.00,0,0,0,0,0,0,-12.72,-19.44,-0.27,0.3633,0.0820,0.4339,1,4.657,0,0.442,0,air_rise,airRise,1.000,2,0.066 0.588 0.018 0.755 0.185 0.736 -0.258 -0.672 0.081 -0.713,-249.71,374.09,24.29,-12.64,-93.61,90.10,280,648,904,1024,0.583,0.653 0.635 -0.640 -0.606,-1.0,0,0.000,0.000,0.4977,-0.00,,-1.000,0.0,0.0,0.0,,,10.7,9.0,5.9,,0.000,0.0,11.5,-1.00,-1.0,0.0,0,5000
16,0.2667,air,apex,-250.000,368.767,23.452,0.000,-22.000,-3.920,22.347,22.000,22.561,0.00,0.00,0.00,0.00,0.000,0,,0,0.00,0.00,0.00,-249.710,373.358,24.192,-93.61,-12.83,58.95,4.659,0.000,0.00,1.00,0,0,0,0,0,0,-12.83,-19.86,-0.28,0.3606,0.0903,0.4359,1,4.659,0,0.443,0,air_rise,airRise,1.000,2,0.103 0.583 0.059 0.750 0.225 0.720 -0.299 -0.654 0.042 -0.714,-249.71,373.72,24.24,-12.72,-93.61,90.19,284,652,892,1032,0.578,0.646 0.618 -0.621 -0.606,-1.0,0,0.000,0.000,0.4972,-0.00,,-1.000,0.0,0.0,0.0,,,13.3,9.3,9.6,,0.000,0.0,11.5,-1.00,-1.0,0.0,0,5000
17,0.2833,air,fall,-250.000,368.400,23.382,0.000,-22.000,-4.320,22.420,22.000,22.491,0.00,0.00,0.00,0.00,0.000,0,,0,0.00,0.00,0.00,-249.710,372.991,24.135,-93.61,-12.96,59.03,4.661,0.000,0.00,1.00,0,0,0,0,0,0,-12.96,-20.22,-0.30,0.3574,0.0988,0.4381,1,4.661,0,0.443,0,air_rise,airRise,1.000,2,0.143 0.574 0.104 0.743 0.267 0.702 -0.341 -0.633 -0.000 -0.715,-249.71,373.36,24.19,-12.83,-93.61,90.28,284,652,884,1040,0.569,0.638 0.599 -0.598 -0.606,-1.0,0,0.000,0.000,0.4968,0.00,,-1.000,0.0,0.0,0.0,,,16.3,9.5,13.5,,0.000,0.0,11.5,-1.00,-1.0,0.0,0,5000
18,0.3000,air,fall,-250.000,368.033,23.305,0.000,-22.000,-4.720,22.501,22.000,22.414,0.00,0.00,0.00,0.00,0.000,0,,0,0.00,0.00,0.00,-249.710,372.624,24.072,-93.61,-13.11,59.11,4.664,0.000,0.00,1.00,0,0,0,0,0,0,-13.11,-20.53,-0.32,0.3535,0.1074,0.4404,1,4.664,0,0.444,0,air_rise,airRise,1.000,2,0.183 0.562 0.150 0.734 0.310 0.682 -0.383 -0.607 -0.045 -0.714,-249.71,372.99,24.14,-12.96,-93.61,90.37,288,652,876,1044,0.558,0.629 0.578 -0.573 -0.605,-1.0,0,0.000,0.000,0.4964,0.00,,-1.000,0.0,0.0,0.0,,,19.8,9.5,17.7,,0.000,0.0,11.5,-1.00,-1.0,0.0,0,5000
19,0.3167,air,fall,-250.000,367.667,23.221,0.000,-22.000,-5.120,22.588,22.000,22.330,0.00,0.00,0.00,0.00,0.000,0,,0,0.00,0.00,0.00,-249.710,372.258,24.004,-93.61,-13.26,59.18,4.666,0.000,0.00,1.00,0,0,0,0,0,0,-13.26,-20.80,-0.33,0.3523,0.1136,0.4420,1,4.666,0,0.445,0,air_rise,airRise,1.000,2,0.214 0.550 0.188 0.730 0.343 0.670 -0.415 -0.587 -0.081 -0.717,-249.71,372.62,24.07,-13.11,-93.61,90.46,292,652,868,1052,0.549,0.627 0.568 -0.555 -0.610,-1.0,0,0.000,0.000,0.4962,-0.00,,-1.000,0.0,0.0,0.0,,,22.2,8.5,20.8,,0.000,0.0,11.5,-1.00,-1.0,0.0,0,5000
20,0.3333,air,fall,-250.000,367.300,23.131,0.000,-22.000,-5.520,22.682,22.000,22.240,0.00,0.00,0.00,0.00,0.000,0,,0,0.00,0.00,0.00,-249.710,371.891,23.930,-93.61,-13.41,59.26,4.669,0.000,0.00,1.00,0,0,0,0,0,0,-13.41,-21.04,-0.35,0.3507,0.1190,0.4436,1,4.669,0,0.445,0,air_rise,airRise,1.000,2,0.241 0.538 0.222 0.726 0.375 0.658 -0.444 -0.567 -0.116 -0.719,-249.71,372.26,24.00,-13.26,-93.61,90.54,296,652,860,1060,0.540,0.625 0.559 -0.537 -0.614,-1.0,0,0.000,0.000,0.4960,-0.00,,-1.000,0.0,0.0,0.0,,,24.6,7.3,23.7,,0.000,0.0,11.5,-1.00,-1.0,0.0,0,5000
21,0.3500,air,fall,-250.000,366.933,23.034,0.000,-22.000,-5.920,22.783,22.000,22.143,0.00,0.00,0.00,0.00,0.000,0,,0,0.00,0.00,0.00,-249.710,371.524,23.849,-93.61,-13.57,59.33,4.672,0.000,0.00,1.00,0,0,0,0,0,0,-13.57,-21.24,-0.37,0.3488,0.1237,0.4450,1,4.672,0,0.446,0,air_rise,airRise,1.000,2,0.265 0.524 0.255 0.721 0.403 0.647 -0.469 -0.548 -0.148 -0.720,-249.71,371.89,23.93,-13.41,-93.61,90.63,300,652,856,1064,0.530,0.623 0.549 -0.520 -0.617,-1.0,0,0.000,0.000,0.4959,0.00,,-1.000,0.0,0.0,0.0,,,26.8,6.0,26.3,,0.000,0.0,11.5,-1.00,-1.0,0.0,0,5000
22,0.3667,air,fall,-250.000,366.567,22.930,0.000,-22.000,-6.320,22.890,22.000,22.039,0.00,0.00,0.00,0.00,0.000,0,,0,0.00,0.00,0.00,-249.710,371.158,23.762,-93.61,-13.72,59.41,4.675,0.000,0.00,1.00,0,0,0,0,0,0,-13.72,-21.40,-0.38,0.3470,0.1276,0.4464,1,4.675,0,0.447,0,air_rise,airRise,1.000,2,0.285 0.511 0.284 0.716 0.429 0.636 -0.490 -0.530 -0.178 -0.720,-249.71,371.52,23.85,-13.57,-93.61,90.72,304,652,852,1068,0.520,0.621 0.542 -0.506 -0.620,-1.0,0,0.000,0.000,0.4958,0.00,,-1.000,0.0,0.0,0.0,,,28.8,4.6,28.6,,0.000,0.0,11.5,-1.00,-1.0,0.0,0,5000
23,0.3833,air,fall,-250.000,366.200,22.820,0.000,-22.000,-6.720,23.003,22.000,21.929,0.00,0.00,0.00,0.00,0.000,0,,0,0.00,0.00,0.00,-249.710,370.791,23.668,-93.61,-13.87,59.48,4.677,0.000,0.00,1.00,0,0,0,0,0,0,-13.87,-21.54,-0.40,0.3453,0.1320,0.4477,1,4.677,0,0.448,0,air_rise,airRise,1.000,2,0.302 0.498 0.309 0.711 0.451 0.627 -0.508 -0.513 -0.204 -0.720,-249.71,371.16,23.76,-13.72,-93.61,90.80,308,652,848,1072,0.511,0.619 0.536 -0.493 -0.623,-1.0,0,0.000,0.000,0.4964,-0.00,,-1.000,0.0,0.0,0.0,,,30.6,3.0,30.5,,0.000,0.0,11.5,-1.00,-1.0,0.0,0,5000
24,0.4000,swing,swingLow,-249.977,365.905,22.606,2.733,-13.488,-18.673,23.196,13.762,21.715,-266.00,336.08,35.99,23.86,0.053,0,,0,0.00,0.00,0.00,-249.707,370.465,23.553,-93.39,-15.09,59.55,4.665,0.000,0.00,1.00,1,0,0,0,0,0,-15.09,-21.62,-0.42,0.3519,0.0755,0.4362,1,4.665,0,0.447,0,air_spread,airRise,1.000,2,-0.047 0.586 -0.119 0.742 0.046 0.754 -0.127 -0.710 0.208 -0.689,-249.71,370.79,23.67,-13.87,-93.61,90.89,312,656,844,1072,0.587,0.625 0.639 -0.673 -0.567,60.1,1,0.000,0.000,0.5019,-0.00,,-1.000,0.0,0.0,0.0,,,8.6,5.9,-6.3,,0.000,0.0,11.5,-1.00,-1.0,0.0,0,5000
25,0.4167,swing,swingLow,-249.937,365.676,22.293,2.237,-13.921,-18.763,23.471,14.100,21.402,-266.00,336.08,35.99,23.86,0.146,0,,0,0.00,0.00,0.00,-249.701,370.154,23.395,-93.03,-17.15,59.63,4.618,0.000,0.00,1.00,1,0,0,0,0,0,-17.15,-21.62,-0.43,0.3376,0.0872,0.4459,1,4.618,0,0.446,0,swing,airRise,1.000,2,-0.089 0.587 -0.178 0.673 -0.002 0.700 -0.077 -0.707 0.258 -0.615,-249.71,370.47,23.55,-15.09,-93.39,90.98,292,648,896,1020,0.563,0.512 0.539 -0.634 -0.452,49.5,1,0.000,0.000,0.5033,0.00,,-1.000,0.0,0.0,0.0,,,18.6,14.3,-12.3,,0.000,0.0,11.5,-1.00,-1.0,0.0,0,5000
26,0.4333,swing,swingLow,-249.906,365.440,21.978,1.758,-14.362,-18.836,23.752,14.470,21.087,-266.00,336.08,35.99,23.86,0.225,0,,0,0.00,0.00,0.00,-249.693,369.859,23.189,-92.76,-18.60,59.70,4.587,0.000,0.00,1.00,1,0,0,0,0,0,-18.60,-21.56,-0.45,0.3115,0.1000,0.4592,1,4.587,0,0.443,0,swing,airRise,1.000,2,-0.137 0.570 -0.264 0.565 -0.049 0.601 -0.006 -0.677 0.311 -0.493,-249.70,370.15,23.40,-17.15,-93.03,91.06,300,648,888,1040,0.510,0.355 0.392 -0.558 -0.288,36.7,1,0.000,0.000,0.5044,-0.00,,-1.000,0.0,0.0,0.0,,,30.7,25.5,-19.5,,0.000,0.0,11.5,-1.00,-1.0,0.0,0,5000
27,0.4500,swing,swingLow,-249.882,365.196,21.663,1.291,-14.811,-18.892,24.040,14.867,20.772,-266.00,336.08,35.99,23.86,0.291,0,,0,0.00,0.00,0.00,-249.687,369.579,22.944,-92.55,-19.54,59.77,4.570,0.000,0.00,1.00,1,0,0,0,0,0,-19.54,-21.44,-0.47,0.2973,0.1101,0.4631,1,4.570,0,0.440,0,swing,airRise,1.000,2,-0.194 0.537 -0.361 0.478 -0.103 0.493 0.051 -0.637 0.343 -0.380,-249.69,369.86,23.19,-18.60,-92.76,91.15,312,648,876,1048,0.453,0.241 0.254 -0.481 -0.150,26.7,1,0.000,0.000,0.5027,-0.00,,-1.000,0.0,0.0,0.0,,,40.3,33.8,-27.5,,0.000,0.0,11.5,-1.00,-1.0,0.0,0,5000
28,0.4667,swing,swingLow,-249.866,364.945,21.346,0.840,-15.267,-18.928,24.332,15.290,20.455,-266.00,336.08,35.99,23.86,0.349,0,,0,0.00,0.00,0.00,-249.686,369.309,22.672,-92.37,-20.12,59.85,4.564,0.000,0.00,1.00,1,0,0,0,0,0,-20.12,-21.27,-0.48,0.2818,0.1189,0.4663,1,4.564,0,0.436,0,swing,airRise,1.000,2,-0.240 0.503 -0.449 0.425 -0.130 0.386 0.097 -0.594 0.361 -0.283,-249.69,369.58,22.94,-19.54,-92.55,91.23,324,644,864,1052,0.403,0.176 0.133 -0.412 -0.038,19.6,1,0.000,0.000,0.4987,-0.00,,-1.000,0.0,0.0,0.0,,,47.3,40.1,-34.2,,0.000,0.0,11.5,-1.00,-1.0,0.0,0,5000
29,0.4833,swing,swingLow,-249.857,364.686,21.030,0.404,-15.730,-18.944,24.627,15.735,20.139,-266.00,336.08,35.99,23.86,0.398,0,,0,0.00,0.00,0.00,-249.691,369.044,22.382,-92.18,-20.47,59.92,4.567,0.000,0.00,1.00,1,0,0,0,0,0,-20.47,-21.07,-0.50,0.2662,0.1286,0.4685,1,4.567,0,0.432,0,swing,airRise,1.000,2,-0.277 0.472 -0.530 0.400 -0.130 0.290 0.136 -0.552 0.374 -0.202,-249.69,369.31,22.67,-20.12,-92.37,91.32,340,640,848,1052,0.361,0.148 0.033 -0.350 0.049,15.0,1,0.000,0.000,0.4929,-0.00,,-1.000,0.0,0.0,0.0,,,52.5,45.1,-39.8,,0.000,0.0,11.5,-1.00,-1.0,0.0,0,5000
30,0.5000,swing,swingLow,-249.855,364.419,20.713,-0.020,-16.200,-18.941,24.924,16.200,19.822,-266.00,336.08,35.99,23.86,0.441,0,,0,0.00,0.00,0.00,-249.705,368.783,22.082,-91.98,-20.48,60.00,4.575,0.000,0.00,1.00,1,0,0,0,0,0,-20.48,-20.83,-0.52,0.2507,0.1381,0.4729,1,4.575,0,0.427,0,swing,airRise,1.000,2,-0.308 0.441 -0.604 0.397 -0.106 0.211 0.170 -0.508 0.386 -0.136,-249.69,369.04,22.38,-20.47,-92.18,91.41,352,632,832,1052,0.326,0.151 -0.040 -0.294 0.112,12.5,1,0.000,0.000,0.4870,-0.00,,-1.000,0.0,0.0,0.0,,,56.7,49.2,-44.5,,0.000,0.0,11.5,-1.00,-1.0,0.0,0,5000
31,0.5167,swing,swingLow,-249.861,364.145,20.396,-0.429,-16.676,-18.916,25.221,16.682,19.505,-266.00,336.08,35.99,23.86,0.479,0,,0,0.00,0.00,0.00,-249.728,368.520,21.774,-91.74,-20.24,60.08,4.589,0.000,0.00,1.00,1,0,0,0,0,0,-20.24,-20.56,-0.53,0.2377,0.1470,0.4777,1,4.589,0,0.423,0,swing,airRise,1.000,2,-0.334 0.413 -0.664 0.413 -0.065 0.156 0.197 -0.463 0.403 -0.088,-249.70,368.78,22.08,-20.48,-91.98,91.50,368,628,816,1052,0.297,0.179 -0.084 -0.244 0.153,11.9,1,0.000,0.000,0.4820,0.00,,-1.000,0.0,0.0,0.0,,,60.0,52.7,-48.5,,0.000,0.0,11.5,-1.00,-1.0,0.0,0,5000
32,0.5333,swing,swingLow,-249.872,363.862,20.080,-0.824,-17.158,-18.870,25.518,17.178,19.189,-266.00,336.08,35.99,23.86,0.513,0,,0,0.00,0.00,0.00,-249.759,368.255,21.463,-91.48,-20.02,60.16,4.607,0.000,0.00,1.00,1,0,0,0,0,0,-20.02,-20.27,-0.55,0.2322,0.1549,0.4775,1,4.607,0,0.419,0,swing,airRise,1.000,2,-0.354 0.389 -0.704 0.445 -0.015 0.132 0.216 -0.421 0.426 -0.060,-249.73,368.52,21.77,-20.24,-91.74,91.59,384,624,800,1052,0.272,0.224 -0.097 -0.200 0.172,12.3,1,0.000,0.000,0.4786,-0.00,,-1.000,0.0,0.0,0.0,,,62.7,55.7,-51.8,,0.000,0.0,11.5,-1.00,-1.0,0.0,0,5000
33,0.5500,swing,swingLow,-249.891,363.571,19.765,-1.204,-17.645,-18.802,25.813,17.686,18.874,-266.00,336.08,35.99,23.86,0.543,0,,0,0.00,0.00,0.00,-249.800,367.986,21.149,-91.18,-19.84,60.25,4.628,0.000,0.00,1.00,1,0,0,0,0,0,-19.84,-19.95,-0.57,0.2305,0.1609,0.4749,1,4.628,0,0.415,0,swing,airRise,1.000,2,-0.368 0.370 -0.717 0.485 0.036 0.136 0.227 -0.385 0.455 -0.053,-249.76,368.26,21.46,-20.02,-91.48,91.68,396,620,792,1056,0.252,0.277 -0.083 -0.164 0.169,13.1,1,0.000,0.000,0.4771,-0.00,,-1.000,0.0,0.0,0.0,,,64.8,58.2,-54.2,,0.000,0.0,11.5,-1.00,-1.0,0.0,0,5000
34,0.5667,swing,swingLow,-249.915,363.273,19.452,-1.572,-18.136,-18.712,26.106,18.204,18.561,-266.00,336.08,35.99,23.86,0.571,0,,0,0.00,0.00,0.00,-249.849,367.712,20.835,-90.86,-19.66,60.33,4.651,0.000,0.00,1.00,1,0,0,0,0,0,-19.66,-19.62,-0.58,0.2315,0.1650,0.4719,1,4.651,0,0.411,0,swing,swingCornerBankL,1.000,2,-0.377 0.357 -0.707 0.526 0.078 0.164 0.231 -0.358 0.490 -0.066,-249.80,367.99,21.15,-19.84,-91.18,91.78,396,616,788,1064,0.240,0.328 -0.046 -0.139 0.144,13.8,1,0.000,0.000,0.4777,-0.00,,-1.000,0.0,0.0,0.0,,,66.1,59.9,-55.4,,0.000,0.0,11.5,-1.00,-1.0,0.0,0,5000
35,0.5833,swing,swingLow,-249.945,362.966,19.140,-1.926,-18.631,-18.599,26.396,18.730,18.249,-266.00,336.08,35.99,23.86,0.596,0,,0,0.00,0.00,0.00,-249.905,367.431,20.522,-90.52,-19.51,60.42,4.675,0.000,0.00,1.00,1,0,0,0,0,0,-19.51,-19.27,-0.60,0.2269,0.1715,0.4732,1,4.675,0,0.408,0,swing,swingCornerBankL,1.000,2,-0.389 0.350 -0.714 0.526 0.097 0.212 0.240 -0.342 0.538 -0.094,-249.85,367.71,20.84,-19.66,-90.86,91.87,400,616,784,1072,0.237,0.335 0.009 -0.129 0.099,15.1,1,0.000,0.000,0.4788,-0.00,,-1.000,0.0,0.0,0.0,,,66.4,60.1,-56.0,,0.000,0.0,11.5,-1.00,-1.0,0.0,0,5000
36,0.6000,swing,swingLow,-249.981,362.650,18.830,-2.264,-19.128,-18.463,26.681,19.262,17.939,-266.00,336.08,35.99,23.86,0.619,0,,0,0.00,0.00,0.00,-249.968,367.144,20.209,-90.17,-19.36,60.51,4.700,0.000,0.00,1.00,1,0,0,0,0,0,-19.36,-18.90,-0.62,0.2232,0.1766,0.4738,1,4.700,0,0.405,0,swing,swingCornerBankL,1.000,2,-0.399 0.343 -0.719 0.527 0.107 0.261 0.247 -0.328 0.581 -0.120,-249.90,367.43,20.52,-19.51,-90.52,91.98,404,616,780,1080,0.235,0.341 0.066 -0.122 0.055,16.1,1,0.000,0.000,0.4800,0.00,,-1.000,0.0,0.0,0.0,,,66.6,60.3,-56.4,,0.000,0.0,11.5,-1.00,-1.0,0.0,0,5000
37,0.6167,swing,swingLow,-250.023,362.327,18.523,-2.590,-19.628,-18.303,26.962,19.798,17.632,-266.00,336.08,35.99,23.86,0.641,0,,0,0.00,0.00,0.00,-250.038,366.849,19.897,-89.81,-19.21,60.60,4.726,0.000,0.00,1.00,1,0,0,0,0,0,-19.21,-18.53,-0.63,0.2205,0.1800,0.4742,1,4.726,0,0.403,0,swing,swingCornerBankL,1.000,2,-0.406 0.339 -0.722 0.528 0.107 0.305 0.251 -0.318 0.616 -0.140,-249.97,367.14,20.21,-19.36,-90.17,92.08,404,612,776,1084,0.234,0.348 0.119 -0.117 0.016,16.8,1,0.000,0.000,0.4810,0.00,,-1.000,0.0,0.0,0.0,,,66.7,60.3,-56.5,,0.000,0.0,11.5,-1.00,-1.0,0.0,0,5000
38,0.6333,swing,swingLow,-250.069,361.995,18.218,-2.904,-20.128,-18.120,27.238,20.337,17.327,-266.00,336.08,35.99,23.86,0.662,0,,0,0.00,0.00,0.00,-250.113,366.546,19.587,-89.45,-19.06,60.70,4.753,0.000,0.00,1.00,1,0,0,0,0,0,-19.06,-18.14,-0.65,0.2191,0.1819,0.4745,1,4.753,0,0.400,0,swing,swingCornerBankL,1.000,2,-0.411 0.337 -0.724 0.532 0.103 0.341 0.253 -0.312 0.642 -0.156,-250.04,366.85,19.90,-19.21,-89.81,92.18,408,612,776,1088,0.235,0.356 0.162 -0.117 -0.016,17.2,1,0.000,0.000,0.4816,-0.00,,-1.000,0.0,0.0,0.0,,,66.5,60.2,-56.3,,0.000,0.0,11.5,-1.00,-1.0,0.0,0,5000
39,0.6500,swing,swingLow,-250.121,361.654,17.917,-3.201,-20.629,-17.912,27.507,20.876,17.026,-266.00,336.08,35.99,23.86,0.681,0,,0,0.00,0.00,0.00,-250.193,366.236,19.279,-89.10,-18.87,60.79,4.780,0.000,0.00,1.00,1,0,0,0,0,0,-18.87,-17.75,-0.67,0.2192,0.1824,0.4752,1,4.780,0,0.399,0,swing,swingCornerBankL,1.000,2,-0.413 0.337 -0.725 0.537 0.096 0.367 0.256 -0.312 0.659 -0.167,-250.11,366.55,19.59,-19.06,-89.45,92.29,408,612,776,1088,0.238,0.366 0.194 -0.121 -0.042,17.4,1,0.000,0.000,0.4819,0.00,,-1.000,0.0,0.0,0.0,,,66.2,59.9,-55.7,,0.000,0.0,11.5,-1.00,-1.0,0.0,0,5000
40,0.6667,swing,swingLow,-250.178,361.306,17.620,-3.486,-21.129,-17.681,27.770,21.414,16.729,-266.00,336.08,35.99,23.86,0.699,0,,0,0.00,0.00,0.00,-250.277,365.904,18.974,-88.76,-18.52,60.89,4.795,0.000,0.00,1.00,1,0,0,0,0,0,-18.52,-17.35,-0.68,0.2214,0.1826,0.4792,1,4.795,0,0.397,0,swing,swingCornerBankL,1.000,2,-0.414 0.339 -0.725 0.543 0.090 0.379 0.259 -0.316 0.668 -0.176,-250.19,366.24,19.28,-18.87,-89.10,92.40,412,616,772,1088,0.243,0.377 0.212 -0.131 -0.062,17.2,1,0.000,0.000,0.4819,0.00,,-1.000,0.0,0.0,0.0,,,65.6,59.4,-54.8,,0.000,0.0,11.5,-1.00,-1.0,0.0,0,5000
41,0.6833,swing,swingLow,-250.239,360.949,17.327,-3.759,-21.626,-17.426,28.026,21.950,16.436,-266.00,336.08,35.99,23.86,0.717,0,,0,0.00,0.00,0.00,-250.365,365.547,18.673,-88.43,-18.02,60.99,4.793,0.000,0.00,1.00,1,0,0,0,0,0,-18.02,-16.95,-0.70,0.2262,0.1827,0.4865,1,4.793,0,0.396,0,swing,swingCornerBankL,1.000,2,-0.413 0.342 -0.723 0.550 0.086 0.379 0.264 -0.324 0.672 -0.186,-250.28,365.90,18.97,-18.52,-88.76,92.52,412,620,772,1088,0.250,0.391 0.217 -0.146 -0.080,16.9,1,0.000,0.000,0.4817,-0.00,,-1.000,0.0,0.0,0.0,,,64.9,58.7,-53.5,,0.000,0.0,11.5,-1.00,-1.0,0.0,0,5000
42,0.7000,swing,swingLow,-250.304,360.583,17.038,-4.014,-22.121,-17.146,28.275,22.482,16.147,-266.00,336.08,35.99,23.86,0.734,0,,0,0.00,0.00,0.00,-250.456,365.181,18.374,-88.11,-17.39,61.10,4.790,0.000,0.00,1.00,1,0,0,0,0,0,-17.39,-16.54,-0.72,0.2315,0.1824,0.4954,1,4.790,0,0.396,0,swing,swingCornerBankL,1.000,2,-0.411 0.346 -0.722 0.557 0.084 0.375 0.268 -0.332 0.673 -0.198,-250.37,365.55,18.67,-18.02,-88.43,92.63,420,632,772,1088,0.258,0.406 0.219 -0.163 -0.099,16.4,1,0.000,0.000,0.4815,0.00,,-1.000,0.0,0.0,0.0,,,64.0,57.9,-52.1,,0.000,0.0,11.5,-1.00,-1.0,0.0,0,5000
43,0.7167,swing,swingLow,-250.374,360.210,16.754,-4.258,-22.612,-16.843,28.515,23.009,15.863,-266.00,336.08,35.99,23.86,0.751,0,,0,0.00,0.00,0.00,-250.550,364.806,18.080,-87.81,-16.68,61.20,4.787,0.000,0.00,1.00,1,0,0,0,0,0,-16.68,-16.13,-0.73,0.2372,0.1819,0.5051,1,4.787,0,0.395,0,swing,swingCornerBankL,1.000,2,-0.409 0.350 -0.720 0.563 0.083 0.370 0.272 -0.342 0.672 -0.208,-250.46,365.18,18.37,-17.39,-88.11,92.75,424,644,768,1084,0.267,0.421 0.221 -0.181 -0.116,15.8,1,0.000,0.000,0.4814,0.01,,-1.000,0.0,0.0,0.0,,,63.0,57.1,-50.6,,0.000,0.0,11.5,-1.00,-1.0,0.0,0,5000
44,0.7333,swing,swingLow,-250.448,359.828,16.475,-4.492,-23.097,-16.517,28.748,23.530,15.584,-266.00,336.08,35.99,23.86,0.766,0,,0,0.00,0.00,0.00,-250.647,364.424,17.790,-87.52,-15.93,61.32,4.784,0.000,0.00,1.00,1,0,0,0,0,0,-15.93,-15.72,-0.75,0.2431,0.1812,0.5153,1,4.784,0,0.395,0,swing,swingCornerBankL,1.000,2,-0.405 0.355 -0.719 0.571 0.086 0.362 0.276 -0.352 0.669 -0.218,-250.55,364.81,18.08,-16.68,-87.81,92.87,432,660,768,1084,0.276,0.437 0.221 -0.200 -0.133,15.2,1,0.000,0.000,0.4813,0.03,,-1.000,0.0,0.0,0.0,,,62.0,56.2,-49.0,,0.000,0.0,11.5,-1.00,-1.0,0.0,0,5000
45,0.7500,swing,swingLow,-250.525,359.439,16.202,-4.705,-23.576,-16.166,28.971,24.041,15.311,-266.00,336.08,35.99,23.86,0.782,0,,0,0.00,0.00,0.00,-250.746,364.033,17.504,-87.25,-15.15,61.45,4.781,0.000,0.00,1.00,1,0,0,0,0,0,-15.15,-15.30,-0.77,0.2492,0.1803,0.5254,1,4.781,0,0.396,0,swing,swingCornerBankL,1.000,2,-0.401 0.359 -0.717 0.579 0.088 0.354 0.280 -0.364 0.665 -0.228,-250.65,364.42,17.79,-15.93,-87.52,93.00,440,672,768,1084,0.286,0.453 0.221 -0.221 -0.149,14.4,1,0.000,0.000,0.4813,0.07,,-1.000,0.0,0.0,0.0,,,61.0,55.3,-47.4,,0.000,0.0,11.5,-1.00,-1.0,0.0,0,5000
46,0.7667,swing,swingLow,-250.605,359.041,15.935,-4.909,-24.048,-15.793,29.186,24.544,15.044,-266.00,336.08,35.99,23.86,0.796,0,,0,0.00,0.00,0.00,-250.847,363.635,17.224,-86.99,-14.40,61.61,4.777,0.000,0.00,1.00,1,0,0,0,0,0,-14.40,-14.88,-0.78,0.2550,0.1791,0.5349,1,4.777,0,0.396,0,swing,swingCornerBankL,1.000,2,-0.397 0.364 -0.715 0.587 0.090 0.345 0.283 -0.375 0.660 -0.240,-250.75,364.03,17.50,-15.15,-87.25,93.15,448,688,768,1084,0.295,0.470 0.219 -0.241 -0.166,13.7,1,0.000,0.000,0.4814,0.12,,-1.000,0.0,0.0,0.0,,,60.0,54.3,-45.8,,0.000,0.0,11.5,-1.00,-1.0,0.0,0,5000
47,0.7833,swing,swingLow,-250.689,358.636,15.675,-5.103,-24.511,-15.397,29.393,25.037,14.784,-266.00,336.08,35.99,23.86,0.811,0,,0,0.00,0.00,0.00,-250.949,363.228,16.949,-86.76,-13.69,61.82,4.773,0.000,0.00,1.00,1,0,0,0,0,0,-13.69,-14.47,-0.80,0.2610,0.1776,0.5435,1,4.773,0,0.397,0,swing,swingCornerBankL,1.000,2,-0.392 0.370 -0.713 0.596 0.093 0.335 0.286 -0.390 0.652 -0.251,-250.85,363.63,17.22,-14.40,-86.99,93.34,456,700,772,1080,0.305,0.486 0.216 -0.264 -0.182,12.9,1,0.000,0.000,0.4814,0.17,,-1.000,0.0,0.0,0.0,,,58.9,53.4,-44.1,,0.000,0.0,11.5,-1.00,-1.0,0.0,0,5000
48,0.8000,swing,swingLow,-250.776,358.223,15.421,-5.276,-24.966,-14.978,29.588,25.517,14.530,-266.00,336.08,35.99,23.86,0.825,0,,0,0.00,0.00,0.00,-251.054,362.814,16.680,-86.54,-13.06,62.07,4.769,0.001,0.00,1.00,1,0,0,0,0,0,-13.06,-14.05,-0.82,0.2664,0.1759,0.5505,1,4.769,0,0.398,0,swing,swingCornerBankL,1.000,2,-0.387 0.376 -0.711 0.606 0.095 0.324 0.287 -0.404 0.645 -0.264,-250.95,363.23,16.95,-13.69,-86.76,93.57,464,712,772,1080,0.314,0.503 0.212 -0.286 -0.201,12.1,1,0.000,0.000,0.4816,0.23,,-1.000,0.0,0.0,0.0,,,57.8,52.4,-42.5,,0.000,0.0,11.5,-1.00,-1.0,0.0,0,5000
49,0.8167,swing,swingLow,-250.866,357.802,15.175,-5.440,-25.409,-14.538,29.775,25.985,14.284,-266.00,336.08,35.99,23.86,0.838,0,,0,0.00,0.00,0.00,-251.160,362.393,16.417,-86.34,-12.51,62.37,4.765,0.001,0.00,1.00,1,0,0,0,0,0,-12.51,-13.64,-0.83,0.2715,0.1739,0.5558,1,4.765,0,0.399,0,swing,swingCornerBankL,1.000,2,-0.382 0.382 -0.709 0.616 0.095 0.315 0.288 -0.420 0.637 -0.278,-251.05,362.81,16.68,-13.06,-86.54,93.86,468,724,772,1080,0.323,0.520 0.208 -0.308 -0.220,11.2,1,0.000,0.000,0.4818,0.28,,-1.000,0.0,0.0,0.0,,,56.8,51.5,-40.9,,0.000,0.0,11.5,-1.00,-1.0,0.0,0,5000
50,0.8333,swing,swingLow,-250.958,357.375,14.936,-5.595,-25.841,-14.077,29.953,26.439,14.045,-266.00,336.08,35.99,23.86,0.851,0,,0,0.00,0.00,0.00,-251.267,361.964,16.161,-86.15,-12.05,62.70,4.760,0.001,0.00,1.00,1,0,0,0,0,0,-12.05,-13.23,-0.85,0.2762,0.1716,0.5596,1,4.760,0,0.401,0,swing,swingCornerBankL,1.000,2,-0.376 0.388 -0.706 0.627 0.094 0.304 0.288 -0.436 0.628 -0.293,-251.16,362.39,16.42,-12.51,-86.34,94.19,468,732,776,1076,0.333,0.537 0.202 -0.331 -0.240,10.4,1,0.000,0.000,0.4819,0.34,,-1.000,0.0,0.0,0.0,,,55.7,50.5,-39.3,,0.000,0.0,11.5,-1.00,-1.0,0.0,0,5000
51,0.8500,swing,swingLow,-251.053,356.940,14.705,-5.728,-26.260,-13.594,30.120,26.877,13.814,-266.00,336.08,35.99,23.86,0.864,0,,0,0.00,0.00,0.00,-251.375,361.529,15.912,-85.98,-11.74,63.06,4.756,0.002,0.00,1.00,1,0,0,0,0,0,-11.74,-12.82,-0.87,0.2803,0.1691,0.5607,1,4.756,0,0.402,0,swing,swingCornerBankL,1.000,2,-0.371 0.395 -0.704 0.639 0.091 0.296 0.288 -0.454 0.619 -0.310,-251.27,361.96,16.16,-12.05,-86.15,94.56,472,740,776,1076,0.342,0.553 0.197 -0.353 -0.261,9.6,1,0.000,0.000,0.4821,0.39,,-1.000,0.0,0.0,0.0,,,54.6,49.6,-37.9,,0.000,0.0,11.5,-1.00,-1.0,0.0,0,5000
52,0.8667,swing,swingLow,-251.149,356.498,14.483,-5.854,-26.665,-13.092,30.277,27.300,13.592,-266.00,336.08,35.99,23.86,0.876,0,,0,0.00,0.00,0.00,-251.485,361.086,15.670,-85.82,-11.57,63.45,4.751,0.003,0.00,1.00,1,0,0,0,0,0,-11.57,-12.42,-0.88,0.2834,0.1666,0.5592,1,4.751,0,0.404,0,swing,swingCornerBankL,1.000,2,-0.365 0.402 -0.702 0.652 0.086 0.289 0.286 -0.470 0.611 -0.328,-251.38,361.53,15.91,-11.74,-85.98,94.97,472,744,780,1072,0.350,0.569 0.193 -0.373 -0.285,8.8,1,0.000,0.000,0.4823,0.44,,-1.000,0.0,0.0,0.0,,,53.6,48.6,-36.5,,0.000,0.0,11.5,-1.00,-1.0,0.0,0,5000
53,0.8833,swing,swingLow,-251.248,356.050,14.268,-5.971,-27.056,-12.571,30.425,27.707,13.377,-266.00,336.08,35.99,23.86,0.888,0,,0,0.00,0.00,0.00,-251.595,360.637,15.436,-85.67,-11.51,63.86,4.746,0.003,0.00,1.00,1,0,0,0,0,0,-11.51,-12.02,-0.90,0.2862,0.1638,0.5560,1,4.746,0,0.406,0,swing,swingBottomL,1.000,2,-0.359 0.410 -0.699 0.665 0.080 0.283 0.283 -0.488 0.601 -0.346,-251.48,361.09,15.67,-11.57,-85.82,95.40,468,744,784,1072,0.359,0.586 0.188 -0.393 -0.308,8.0,1,0.000,0.000,0.4824,0.49,,-1.000,0.0,0.0,0.0,,,52.5,47.7,-35.1,,0.000,0.0,11.5,-1.00,-1.0,0.0,0,5000
54,0.9000,swing,swingLow,-251.349,355.595,14.063,-6.066,-27.431,-12.031,30.561,28.094,13.172,-266.00,336.08,35.99,23.86,0.899,0,,0,0.00,0.00,0.00,-251.706,360.182,15.210,-85.54,-11.50,64.24,4.741,0.004,0.00,1.00,1,0,0,0,0,0,-11.50,-11.62,-0.92,0.2881,0.1612,0.5513,1,4.741,0,0.408,0,swing,swingBottomL,1.000,2,-0.354 0.417 -0.697 0.679 0.073 0.279 0.279 -0.501 0.592 -0.366,-251.60,360.64,15.44,-11.51,-85.67,95.86,460,740,784,1068,0.368,0.601 0.185 -0.409 -0.333,7.3,1,0.000,0.000,0.4825,0.53,,-1.000,0.0,0.0,0.0,,,51.5,46.8,-33.8,,0.000,0.0,11.5,-1.00,-1.0,0.0,0,5000
55,0.9167,swing,swingLow,-251.450,355.135,13.867,-6.154,-27.789,-11.475,30.688,28.463,12.976,-266.00,336.08,35.99,23.86,0.909,0,,0,0.00,0.00,0.00,-251.818,359.720,14.992,-85.41,-11.50,64.55,4.736,0.005,0.00,1.00,1,0,0,0,0,0,-11.50,-11.23,-0.93,0.2899,0.1588,0.5465,1,4.736,0,0.410,0,swing,swingBottomL,1.000,2,-0.348 0.424 -0.694 0.692 0.064 0.277 0.274 -0.514 0.583 -0.384,-251.71,360.18,15.21,-11.50,-85.54,96.28,456,736,792,1064,0.376,0.617 0.183 -0.424 -0.357,6.6,1,0.000,0.000,0.4826,0.57,,-1.000,0.0,0.0,0.0,,,50.5,45.8,-32.7,,0.000,0.0,11.5,-1.00,-1.0,0.0,0,5000
56,0.9333,swing,swingBottom,-251.554,354.668,13.680,-6.235,-28.130,-10.902,30.806,28.813,12.789,-266.00,336.08,35.99,23.86,0.920,0,,0,0.00,0.00,0.00,-251.931,359.253,14.783,-85.29,-11.11,64.80,4.730,0.007,0.00,1.00,1,0,0,0,0,0,-11.11,-10.85,-0.95,0.2917,0.1565,0.5467,1,4.730,0,0.413,0,swing,swingBottomL,1.000,2,-0.343 0.430 -0.692 0.703 0.055 0.272 0.268 -0.520 0.574 -0.402,-251.82,359.72,14.99,-11.50,-85.41,96.62,448,732,792,1064,0.384,0.632 0.182 -0.436 -0.382,5.9,1,0.000,0.000,0.4827,0.61,,-1.000,0.0,0.0,0.0,,,49.5,44.9,-31.5,,0.000,0.0,11.5,-1.00,-1.0,0.0,0,5000
57,0.9500,swing,swingBottom,-251.658,354.196,13.503,-6.294,-28.453,-10.312,30.912,29.141,12.612,-266.00,336.08,35.99,23.86,0.929,0,,0,0.00,0.00,0.00,-252.044,358.780,14.583,-85.18,-10.70,65.00,4.725,0.008,0.00,1.00,1,0,0,0,0,0,-10.70,-10.47,-0.97,0.2931,0.1543,0.5471,1,4.725,0,0.415,0,swing,swingBottomL,1.000,2,-0.338 0.435 -0.689 0.713 0.046 0.269 0.262 -0.525 0.564 -0.419,-251.93,359.25,14.78,-11.11,-85.29,96.89,448,732,792,1060,0.392,0.647 0.183 -0.445 -0.406,5.2,1,0.000,0.000,0.4827,0.64,,-1.000,0.0,0.0,0.0,,,48.5,43.9,-30.5,,0.000,0.0,11.5,-1.00,-1.0,0.0,0,5000
58,0.9667,swing,swingBottom,-251.763,353.719,13.336,-6.347,-28.757,-9.709,31.008,29.449,12.445,-266.00,336.08,35.99,23.86,0.939,0,,0,0.00,0.00,0.00,-252.158,358.302,14.393,-85.08,-10.36,65.16,4.720,0.009,0.00,1.00,1,0,0,0,0,0,-10.36,-10.10,-0.98,0.2936,0.1521,0.5458,1,4.720,0,0.418,0,swing,swingBottomL,1.000,2,-0.333 0.441 -0.687 0.724 0.039 0.268 0.255 -0.525 0.555 -0.435,-252.04,358.78,14.58,-10.70,-85.18,97.11,448,732,796,1060,0.399,0.662 0.185 -0.450 -0.430,4.6,1,0.000,0.000,0.4828,0.66,,-1.000,0.0,0.0,0.0,,,47.5,43.0,-29.6,,0.000,0.0,11.5,-1.00,-1.0,0.0,0,5000
59,0.9833,swing,swingBottom,-251.870,353.237,13.180,-6.394,-29.041,-9.092,31.095,29.736,12.289,-266.00,336.08,35.99,23.86,0.947,0,,0,0.00,0.00,0.00,-252.272,357.819,14.211,-84.98,-10.08,65.28,4.714,0.011,0.00,1.00,1,0,0,0,0,0,-10.08,-9.74,-1.00,0.2940,0.1500,0.5435,1,4.714,0,0.420,0,swing,swingBottomL,1.000,2,-0.327 0.446 -0.684 0.734 0.033 0.268 0.247 -0.525 0.545 -0.450,-252.16,358.30,14.39,-10.36,-85.08,97.29,448,732,796,1056,0.407,0.676 0.188 -0.454 -0.453,4.1,1,0.000,0.000,0.4827,0.68,,-1.000,0.0,0.0,0.0,,,46.5,42.0,-28.7,,0.000,0.0,11.5,-1.00,-1.0,0.0,0,5000
60,1.0000,swing,swingBottom,-251.976,352.751,13.033,-6.419,-29.304,-8.462,31.170,29.999,12.142,-266.00,336.08,35.99,23.86,0.956,0,,0,0.00,0.00,0.00,-252.386,357.332,14.040,-84.89,-9.84,65.38,4.709,0.012,0.00,1.00,1,0,0,0,0,0,-9.84,-9.38,-1.02,0.2934,0.1478,0.5401,1,4.709,0,0.423,0,swing,swingBottomL,1.000,2,-0.323 0.452 -0.682 0.745 0.028 0.269 0.238 -0.520 0.536 -0.463,-252.27,357.82,14.21,-10.08,-84.98,97.42,444,728,796,1052,0.414,0.690 0.191 -0.452 -0.474,3.5,1,0.000,0.000,0.4825,0.69,,-1.000,0.0,0.0,0.0,,,45.5,41.0,-27.9,,0.000,0.0,11.5,-1.00,-1.0,0.0,0,5000
61,1.0167,swing,swingBottom,-252.083,352.260,12.897,-6.439,-29.547,-7.821,31.235,30.240,12.006,-266.00,336.08,35.99,23.86,0.963,0,,0,0.00,0.00,0.00,-252.500,356.841,13.879,-84.80,-9.63,65.46,4.704,0.014,0.00,1.00,1,0,0,0,0,0,-9.63,-9.04,-1.03,0.2923,0.1456,0.5360,1,4.704,0,0.426,0,swing,swingBottomL,1.000,2,-0.318 0.457 -0.679 0.755 0.025 0.271 0.229 -0.513 0.525 -0.474,-252.39,357.33,14.04,-9.84,-84.89,97.53,440,724,800,1052,0.421,0.703 0.196 -0.449 -0.492,3.1,1,0.000,0.000,0.4823,0.70,,-1.000,0.0,0.0,0.0,,,44.5,40.0,-27.2,,0.000,0.0,11.5,-1.00,-1.0,0.0,0,5000
62,1.0333,swing,swingBottom,-252.191,351.765,12.772,-6.453,-29.768,-7.170,31.292,30.459,11.881,-266.00,336.08,35.99,23.86,0.970,0,,0,0.00,0.00,0.00,-252.615,356.346,13.728,-84.71,-9.44,65.52,4.698,0.016,0.00,1.00,1,0,0,0,0,0,-9.44,-8.70,-1.05,0.2907,0.1433,0.5312,1,4.698,0,0.428,0,swing,swingBottomL,1.000,2,-0.314 0.462 -0.677 0.765 0.024 0.272 0.218 -0.503 0.514 -0.482,-252.50,356.84,13.88,-9.63,-84.80,97.62,436,716,804,1048,0.428,0.716 0.199 -0.442 -0.509,2.6,1,0.000,0.000,0.4820,0.71,,-1.000,0.0,0.0,0.0,,,43.6,39.0,-26.6,,0.000,0.0,11.5,-1.00,-1.0,0.0,0,5000
63,1.0500,swing,swingBottom,-252.298,351.267,12.658,-6.447,-29.967,-6.510,31.336,30.653,11.767,-266.00,336.08,35.99,23.86,0.975,0,,0,0.00,0.00,0.00,-252.729,355.847,13.587,-84.62,-9.25,65.57,4.693,0.018,0.00,1.00,1,0,0,0,0,0,-9.25,-8.37,-1.07,0.2884,0.1410,0.5260,1,4.693,0,0.431,0,swing,swingBottomL,1.000,2,-0.310 0.467 -0.675 0.774 0.025 0.274 0.208 -0.490 0.502 -0.488,-252.61,356.35,13.73,-9.44,-84.71,97.68,432,712,804,1044,0.435,0.728 0.203 -0.432 -0.522,2.2,1,0.000,0.000,0.4816,0.71,,-1.000,0.0,0.0,0.0,,,42.6,38.0,-26.0,,0.000,0.0,11.5,-1.00,-1.0,0.0,0,5000
64,1.0667,swing,swingBottom,-252.405,350.766,12.555,-6.437,-30.143,-5.842,31.372,30.823,11.664,-266.00,336.08,35.99,23.86,0.980,0,,0,0.00,0.00,0.00,-252.843,355.345,13.457,-84.54,-9.07,65.60,4.688,0.020,0.00,1.00,1,0,0,0,0,0,-9.07,-8.05,-1.08,0.2856,0.1386,0.5205,1,4.688,0,0.434,0,swing,swingBottomL,1.000,2,-0.306 0.472 -0.673 0.783 0.028 0.275 0.196 -0.475 0.489 -0.490,-252.73,355.85,13.59,-9.25,-84.62,97.73,428,704,804,1040,0.441,0.740 0.206 -0.420 -0.531,1.8,1,0.000,0.000,0.4812,0.70,,-1.000,0.0,0.0,0.0,,,41.7,36.9,-25.5,,0.000,0.0,11.5,-1.00,-1.0,0.0,0,5000
65,1.0833,swing,swingBottom,-252.512,350.262,12.464,-6.422,-30.297,-5.167,31.398,30.970,11.573,-266.00,336.08,35.99,23.86,0.983,0,,0,0.00,0.00,0.00,-252.956,354.841,13.338,-84.46,-8.89,65.63,4.682,0.022,0.00,1.00,1,0,0,0,0,0,-8.89,-7.75,-1.10,0.2825,0.1362,0.5146,1,4.682,0,0.437,0,swing,swingBottomL,1.000,2,-0.302 0.476 -0.671 0.792 0.032 0.275 0.184 -0.457 0.474 -0.489,-252.84,355.35,13.46,-9.07,-84.54,97.77,424,696,804,1036,0.447,0.751 0.208 -0.406 -0.537,1.5,1,0.000,0.000,0.4806,0.69,,-1.000,0.0,0.0,0.0,,,40.8,35.9,-25.1,,0.000,0.0,11.5,-1.00,-1.0,0.0,0,5000
66,1.1000,swing,swingBottom,-252.618,349.756,12.383,-6.388,-30.427,-4.487,31.413,31.091,11.492,-266.00,336.08,35.99,23.86,0.986,0,,0,0.00,0.00,0.00,-253.069,354.334,13.230,-84.38,-8.70,65.65,4.677,0.024,0.00,1.00,1,0,0,0,0,0,-8.70,-7.45,-1.12,0.2794,0.1337,0.5087,1,4.677,0,0.440,0,swing,swingBottomL,1.000,2,-0.299 0.480 -0.669 0.800 0.038 0.274 0.172 -0.439 0.460 -0.484,-252.96,354.84,13.34,-8.89,-84.46,97.80,420,688,808,1036,0.453,0.762 0.209 -0.391 -0.539,1.2,1,0.000,0.000,0.4801,0.68,,-1.000,0.0,0.0,0.0,,,39.9,34.9,-24.7,,0.000,0.0,11.5,-1.00,-1.0,0.0,0,5000
67,1.1167,swing,swingBottom,-252.724,349.248,12.314,-6.350,-30.534,-3.802,31.419,31.188,11.423,-266.00,336.08,35.99,23.86,0.989,0,,0,0.00,0.00,0.00,-253.181,353.825,13.133,-84.30,-8.50,65.66,4.672,0.026,0.00,1.00,1,0,0,0,0,0,-8.50,-7.17,-1.13,0.2758,0.1313,0.5028,1,4.672,0,0.443,0,swing,swingBottomL,1.000,2,-0.296 0.484 -0.667 0.807 0.046 0.273 0.160 -0.419 0.444 -0.476,-253.07,354.33,13.23,-8.70,-84.38,97.82,412,680,808,1032,0.458,0.772 0.209 -0.374 -0.538,0.9,1,0.000,0.000,0.4795,0.66,,-1.000,0.0,0.0,0.0,,,39.0,33.8,-24.4,,0.000,0.0,11.5,-1.00,-1.0,0.0,0,5000
68,1.1333,swing,swingBottom,-252.829,348.738,12.256,-6.309,-30.618,-3.114,31.416,31.261,11.365,-266.00,336.08,35.99,23.86,0.991,0,,0,0.00,0.00,0.00,-253.293,353.315,13.047,-84.21,-8.29,65.68,4.667,0.027,0.00,1.00,1,0,0,0,0,0,-8.29,-6.90,-1.15,0.2725,0.1290,0.4972,1,4.667,0,0.446,0,swing,swingBottomL,1.000,2,-0.293 0.488 -0.666 0.815 0.054 0.270 0.148 -0.401 0.429 -0.466,-253.18,353.82,13.13,-8.50,-84.30,97.84,408,672,808,1028,0.464,0.782 0.208 -0.359 -0.532,0.7,1,0.000,0.000,0.4789,0.64,,-1.000,0.0,0.0,0.0,,,38.1,32.8,-24.1,,0.000,0.0,11.5,-1.00,-1.0,0.0,0,5000
69,1.1500,swing,swingBottom,-252.934,348.227,12.210,-6.250,-30.677,-2.424,31.401,31.308,11.319,-266.00,336.08,35.99,23.86,0.993,0,,0,0.00,0.00,0.00,-253.404,352.803,12.973,-84.13,-8.06,65.69,4.663,0.029,0.00,1.00,1,0,0,0,0,0,-8.06,-6.64,-1.17,0.2691,0.1267,0.4917,1,4.663,0,0.449,0,swing,swingBottomL,1.000,2,-0.290 0.491 -0.664 0.821 0.064 0.266 0.136 -0.381 0.413 -0.453,-253.29,353.31,13.05,-8.29,-84.21,97.85,404,664,812,1024,0.469,0.791 0.207 -0.342 -0.524,0.5,1,0.000,0.000,0.4784,0.62,,-1.000,0.0,0.0,0.0,,,37.3,31.8,-23.9,,0.000,0.0,11.5,-1.00,-1.0,0.0,0,5000
70,1.1667,swing,swingBottom,-253.037,347.716,12.176,-6.189,-30.713,-1.734,31.378,31.331,11.285,-266.00,336.08,35.99,23.86,0.994,0,,0,0.00,0.00,0.00,-253.514,352.291,12.909,-84.05,-7.82,65.70,4.658,0.031,0.00,1.00,1,0,0,0,0,0,-7.82,-6.39,-1.18,0.2664,0.1247,0.4868,1,4.658,0,0.452,0,swing,swingBottomL,1.000,2,-0.288 0.494 -0.663 0.827 0.075 0.261 0.126 -0.365 0.399 -0.439,-253.40,352.80,12.97,-8.06,-84.13,97.86,400,656,812,1024,0.474,0.799 0.205 -0.329 -0.512,0.4,1,0.000,0.000,0.4780,0.59,,-1.000,0.0,0.0,0.0,,,36.5,30.7,-23.7,,0.000,0.0,11.5,-1.00,-1.0,0.0,0,5000
71,1.1833,swing,swingBottom,-253.139,347.204,12.153,-6.125,-30.725,-1.044,31.347,31.330,11.262,-266.00,336.08,35.99,23.86,0.995,0,,0,0.00,0.00,0.00,-253.623,351.778,12.858,-83.96,-7.56,65.70,4.654,0.033,0.00,1.00,1,0,0,0,0,0,-7.56,-6.15,-1.20,0.2636,0.1229,0.4822,1,4.654,0,0.455,0,swing,swingBottomL,1.000,2,-0.285 0.497 -0.661 0.833 0.086 0.256 0.116 -0.348 0.386 -0.424,-253.51,352.29,12.91,-7.82,-84.05,97.87,400,652,812,1020,0.478,0.808 0.202 -0.315 -0.499,0.3,1,0.000,0.000,0.4776,0.57,,-1.000,0.0,0.0,0.0,,,35.7,29.7,-23.6,,0.000,0.0,11.5,-1.00,-1.0,0.0,0,5000
72,1.2000,swing,swingBottom,-253.240,346.692,12.141,-6.044,-30.714,-0.355,31.305,31.303,11.250,-266.00,336.08,35.99,23.86,0.996,0,,0,0.00,0.00,0.00,-253.731,351.265,12.818,-83.87,-7.28,65.71,4.649,0.035,0.00,1.00,1,0,0,0,0,0,-7.28,-5.93,-1.22,0.2619,0.1214,0.4785,1,4.649,0,0.458,0,swing,swingBottomL,1.000,2,-0.283 0.500 -0.660 0.838 0.097 0.250 0.108 -0.337 0.375 -0.409,-253.62,351.78,12.86,-7.56,-83.96,97.88,396,644,812,1020,0.483,0.815 0.199 -0.306 -0.485,0.3,1,0.000,0.000,0.4774,0.54,,-1.000,0.0,0.0,0.0,,,34.9,28.6,-23.5,,0.000,0.0,11.5,-1.00,-1.0,0.0,0,5000
73,1.2167,swing,swingBottom,-253.340,346.179,12.141,-5.984,-30.789,0.333,31.366,31.365,11.250,-266.00,336.08,35.99,23.86,0.997,0,,0,0.00,0.00,0.00,-253.838,350.752,12.789,-83.79,-7.00,65.72,4.645,0.036,0.00,1.00,1,0,0,0,0,0,-7.00,-5.73,-1.23,0.2604,0.1203,0.4750,1,4.645,0,0.462,0,swing,swingBottomL,1.000,2,-0.281 0.503 -0.659 0.842 0.108 0.244 0.101 -0.325 0.366 -0.395,-253.73,351.27,12.82,-7.28,-83.87,97.89,392,640,816,1020,0.487,0.822 0.196 -0.297 -0.471,0.3,1,0.000,0.000,0.4773,0.51,,-1.000,0.0,0.0,0.0,,,34.2,27.6,-23.5,,0.000,0.0,11.5,-1.00,-1.0,0.0,0,5000
74,1.2333,swing,swingBottom,-253.439,345.664,12.152,-5.942,-30.950,1.031,31.532,31.515,11.261,-266.00,336.08,35.99,23.86,0.997,0,,0,0.00,0.00,0.00,-253.943,350.236,12.771,-83.71,-6.70,65.73,4.642,0.038,0.00,1.00,1,0,0,0,0,0,-6.70,-5.53,-1.25,0.2604,0.1196,0.4724,1,4.642,0,0.465,0,swing,swingBottomL,1.000,2,-0.279 0.505 -0.657 0.847 0.119 0.239 0.097 -0.320 0.361 -0.383,-253.84,350.75,12.79,-7.00,-83.79,97.90,388,640,816,1020,0.491,0.829 0.194 -0.295 -0.457,0.4,1,0.000,0.000,0.4774,0.49,,-1.000,0.0,0.0,0.0,,,33.5,26.5,-23.4,,0.000,0.0,11.5,-1.00,-1.0,0.0,0,5000
75,1.2500,swing,swingBottom,-253.537,345.146,12.175,-5.883,-31.086,1.738,31.686,31.638,11.284,-266.00,336.08,35.99,23.86,0.998,0,,0,0.00,0.00,0.00,-254.047,349.718,12.766,-83.64,-6.41,65.73,4.638,0.040,0.00,1.00,1,0,0,0,0,0,-6.41,-5.35,-1.27,0.2605,0.1191,0.4699,1,4.638,0,0.467,0,swing,swingBottomL,1.000,2,-0.277 0.507 -0.656 0.851 0.130 0.233 0.093 -0.316 0.358 -0.372,-253.94,350.24,12.77,-6.70,-83.71,97.91,388,636,816,1020,0.494,0.835 0.191 -0.292 -0.445,0.5,1,0.000,0.000,0.4777,0.46,,-1.000,0.0,0.0,0.0,,,32.7,25.5,-23.4,,0.000,0.0,11.5,-1.00,-1.0,0.0,0,5000
76,1.2667,swing,swingBottom,-253.635,344.626,12.210,-5.821,-31.198,2.455,31.831,31.736,11.319,-266.00,336.08,35.99,23.86,0.998,0,,0,0.00,0.00,0.00,-254.149,349.198,12.771,-83.57,-6.11,65.74,4.634,0.041,0.00,1.00,1,0,0,0,0,0,-6.11,-5.19,-1.28,0.2626,0.1185,0.4679,1,4.634,0,0.470,0,swing,swingBottomL,1.000,2,-0.272 0.511 -0.652 0.857 0.140 0.228 0.092 -0.318 0.356 -0.361,-254.05,349.72,12.77,-6.41,-83.64,97.92,384,636,820,1020,0.499,0.844 0.188 -0.296 -0.432,1.0,1,0.000,0.000,0.4781,0.44,,-1.000,0.0,0.0,0.0,,,31.8,24.3,-22.9,,0.000,0.0,11.5,-1.00,-1.0,0.0,0,5000
77,1.2833,swing,swingBottom,-253.731,344.105,12.257,-5.756,-31.284,3.178,31.967,31.809,11.366,-266.00,336.08,35.99,23.86,0.999,0,,0,0.00,0.00,0.00,-254.251,348.676,12.789,-83.51,-5.82,65.76,4.631,0.043,0.00,1.00,1,0,0,0,0,0,-5.82,-5.04,-1.30,0.2641,0.1181,0.4662,1,4.631,0,0.472,0,swing,swingBottomL,1.000,2,-0.271 0.513 -0.651 0.860 0.149 0.226 0.091 -0.321 0.352 -0.350,-254.15,349.20,12.77,-6.11,-83.57,97.93,380,632,820,1020,0.503,0.849 0.189 -0.301 -0.418,1.0,1,0.000,0.000,0.4783,0.42,,-1.000,0.0,0.0,0.0,,,31.1,23.3,-23.0,,0.000,0.0,11.5,-1.00,-1.0,0.0,0,5000
78,1.3000,swing,swingBottom,-253.826,343.583,12.316,-5.675,-31.344,3.908,32.092,31.854,11.425,-266.00,336.08,35.99,23.86,0.999,0,,0,0.00,0.00,0.00,-254.351,348.152,12.818,-83.44,-5.54,65.77,4.627,0.045,0.00,1.00,1,0,0,0,0,0,-5.54,-4.90,-1.32,0.2667,0.1179,0.4649,1,4.627,0,0.474,0,swing,swingBottomL,1.000,2,-0.270 0.515 -0.650 0.863 0.156 0.228 0.092 -0.328 0.350 -0.338,-254.25,348.68,12.79,-5.82,-83.51,97.94,380,636,820,1020,0.506,0.853 0.193 -0.310 -0.404,1.1,1,0.000,0.000,0.4786,0.40,,-1.000,0.0,0.0,0.0,,,30.6,22.2,-23.1,,0.000,0.0,11.5,-1.00,-1.0,0.0,0,5000
79,1.3167,swing,swingBottom,-253.919,343.059,12.388,-5.593,-31.378,4.643,32.209,31.873,11.497,-266.00,336.08,35.99,23.86,0.999,0,,0,0.00,0.00,0.00,-254.450,347.629,12.860,-83.38,-5.50,65.79,4.624,0.047,0.00,1.00,1,0,0,0,0,0,-5.50,-4.78,-1.33,0.2695,0.1176,0.4602,1,4.624,0,0.475,0,swing,swingBottomL,1.000,2,-0.268 0.517 -0.648 0.866 0.163 0.231 0.093 -0.336 0.347 -0.323,-254.35,348.15,12.82,-5.54,-83.44,97.96,376,636,824,1020,0.509,0.857 0.197 -0.319 -0.390,1.1,1,0.000,0.000,0.4788,0.38,,-1.000,0.0,0.0,0.0,,,30.0,21.1,-23.2,,0.000,0.0,11.5,-1.00,-1.0,0.0,0,5000
80,1.3333,swing,swingBottom,-254.011,342.536,12.471,-5.508,-31.386,5.381,32.317,31.866,11.580,-266.00,336.08,35.99,23.86,0.999,0,,0,0.00,0.00,0.00,-254.547,347.104,12.913,-83.31,-5.50,65.81,4.621,0.049,0.00,1.00,1,0,0,0,0,0,-5.50,-4.67,-1.35,0.2731,0.1173,0.4554,1,4.621,0,0.476,0,swing,swingBottomL,1.000,2,-0.267 0.518 -0.647 0.868 0.167 0.237 0.096 -0.348 0.344 -0.308,-254.45,347.63,12.86,-5.50,-83.38,97.97,372,632,820,1020,0.511,0.861 0.203 -0.332 -0.375,1.2,1,0.000,0.000,0.4789,0.36,,-1.000,0.0,0.0,0.0,,,29.4,20.0,-23.3,,0.000,0.0,11.5,-1.00,-1.0,0.0,0,5000
81,1.3500,air,trick,-254.064,342.236,12.548,-6.305,-35.926,9.262,37.633,36.475,11.657,0.00,0.00,0.00,0.00,0.000,0,backDouble,0,0.00,0.00,0.00,-254.660,346.762,12.976,-82.50,-5.00,65.83,4.585,0.052,0.00,1.00,0,0,0,0,0,0,-5.00,-4.60,-1.37,0.2908,0.1085,0.4569,1,4.585,0,0.477,1,swing,swingBottomL,1.000,2,-0.232 0.537 -0.590 0.911 0.175 0.234 0.082 -0.368 0.295 -0.304,-254.55,347.10,12.91,-5.50,-83.31,98.00,364,628,824,1020,0.533,0.909 0.203 -0.355 -0.367,-1.0,0,0.000,0.000,0.4793,0.34,backDouble,0.000,-0.0,0.0,-144.9,Tuck,Tuck,24.7,16.0,-19.8,,0.008,6.1,-4.2,0.00,-1.0,0.0,0,5103
82,1.3667,air,trick,-254.169,341.638,12.701,-6.293,-35.855,9.082,37.518,36.403,11.810,0.00,0.00,0.00,0.00,0.000,0,backDouble,0,0.00,0.00,0.00,-254.740,346.199,13.055,-82.86,-4.21,65.87,4.610,0.058,0.00,1.00,0,0,0,0,0,0,-4.21,-4.57,-1.38,0.3061,0.1022,0.4521,1,4.610,0,0.477,0,flip_backDouble,swingBottomL,1.000,1,-0.194 0.554 -0.525 0.948 0.184 0.247 0.063 -0.394 0.250 -0.267,-254.66,346.76,12.98,-5.00,-82.50,98.02,356,640,832,1012,0.553,0.953 0.221 -0.386 -0.323,-1.0,0,0.000,0.000,0.4818,0.33,backDouble,0.017,-2.5,0.0,-159.2,Tuck,Tuck,19.4,9.4,-17.2,,0.029,7.1,-4.1,0.00,-1.0,0.0,0,5383
83,1.3833,air,trick,-254.273,341.042,12.850,-6.280,-35.783,8.902,37.405,36.330,11.959,0.00,0.00,0.00,0.00,0.000,0,backDouble,0,0.00,0.00,0.00,-254.821,345.595,13.154,-83.15,-3.77,65.92,4.596,0.065,0.00,1.00,0,0,0,0,0,0,-3.77,-4.58,-1.40,0.3133,0.1025,0.4488,1,4.596,0,0.477,0,flip_backDouble,swingBottomL,1.000,1,-0.187 0.555 -0.507 0.947 0.182 0.268 0.052 -0.407 0.228 -0.218,-254.74,346.20,13.05,-4.21,-82.86,98.07,352,644,836,1008,0.557,0.957 0.246 -0.403 -0.268,-1.0,0,0.000,0.000,0.4825,0.31,backDouble,0.033,-5.4,0.0,-196.7,Tuck,Tuck,18.3,5.1,-17.6,,0.061,8.7,-3.9,0.00,-1.0,0.0,0,5794
84,1.4000,air,trick,-254.378,340.446,12.996,-6.267,-35.711,8.722,37.292,36.257,12.105,0.00,0.00,0.00,0.00,0.000,0,backDouble,0,0.00,0.00,0.00,-254.910,344.978,13.268,-83.31,-3.57,65.98,4.571,0.074,0.00,1.00,0,0,0,0,0,0,-3.57,-4.62,-1.42,0.3161,0.1035,0.4438,1,4.571,0,0.476,0,flip_backDouble,swingBottomL,1.000,1,-0.170 0.557 -0.491 0.942 0.183 0.288 0.018 -0.400 0.204 -0.149,-254.82,345.59,13.15,-3.77,-83.15,98.12,348,640,836,1008,0.561,0.955 0.267 -0.403 -0.195,-1.0,0,0.000,0.000,0.4835,0.30,backDouble,0.050,-9.1,0.0,-248.9,Tuck,Tuck,17.1,1.1,-17.0,,0.100,10.8,-3.7,0.00,-1.0,0.0,0,6298
85,1.4167,air,trick,-254.482,339.852,13.139,-6.255,-35.640,8.542,37.179,36.185,12.248,0.00,0.00,0.00,0.00,0.000,0,backDouble,0,0.00,0.00,0.00,-255.015,344.346,13.389,-83.24,-3.51,66.04,4.533,0.084,0.00,1.00,0,0,0,0,0,0,-3.51,-4.70,-1.43,0.3106,0.1062,0.4355,1,4.533,0,0.475,0,flip_backDouble,swingBottomL,1.000,1,-0.148 0.556 -0.484 0.928 0.183 0.315 -0.040 -0.350 0.175 -0.068,-254.91,344.98,13.27,-3.57,-83.31,98.18,340,636,836,1012,0.562,0.944 0.294 -0.359 -0.110,-1.0,0,0.000,0.000,0.4838,0.28,backDouble,0.067,-13.8,0.0,-307.7,Tuck,Tuck,16.4,-3.4,-16.1,,0.144,13.1,-3.4,0.00,-1.0,0.0,0,6866
86,1.4333,air,trick,-254.586,339.259,13.279,-6.242,-35.569,8.362,37.068,36.112,12.388,0.00,0.00,0.00,0.00,0.000,0,backDouble,0,0.00,0.00,0.00,-255.148,343.696,13.511,-82.79,-3.51,66.11,4.479,0.094,0.00,1.00,0,0,0,0,0,0,-3.51,-4.79,-1.45,0.2956,0.1112,0.4253,1,4.479,0,0.474,0,flip_backDouble,swingBottomL,1.000,1,-0.121 0.550 -0.491 0.901 0.179 0.351 -0.106 -0.257 0.144 0.005,-255.02,344.35,13.39,-3.51,-83.24,98.25,340,620,832,1012,0.559,0.921 0.329 -0.270 -0.030,-1.0,0,0.001,0.000,0.4827,0.27,backDouble,0.083,-19.4,0.0,-364.7,Tuck,Tuck,17.0,-8.4,-14.9,,0.190,15.6,-3.1,0.00,-1.0,0.0,0,7474
87,1.4500,air,trick,-254.690,338.667,13.416,-6.230,-35.498,8.182,36.957,36.040,12.525,0.00,0.00,0.00,0.00,0.000,0,backDouble,0,0.00,0.00,0.00,-255.319,343.026,13.629,-81.79,-3.51,66.19,4.410,0.105,0.00,1.00,0,0,0,0,0,0,-3.51,-4.91,-1.47,0.2740,0.1168,0.4157,1,4.410,0,0.473,0,flip_backDouble,flipTuck,1.000,1,-0.088 0.539 -0.508 0.861 0.170 0.394 -0.163 -0.147 0.114 0.059,-255.15,343.70,13.51,-3.51,-82.79,98.33,340,600,824,1016,0.551,0.882 0.371 -0.161 0.030,-1.0,0,0.009,0.000,0.4808,0.25,backDouble,0.100,-25.9,0.0,-411.1,Tuck,Tuck,19.1,-13.8,-13.8,,0.239,18.3,-2.8,0.00,-1.0,0.0,0,8104
88,1.4667,air,trick,-254.794,338.076,13.550,-6.217,-35.427,8.002,36.848,35.968,12.659,0.00,0.00,0.00,0.00,0.000,0,backDouble,0,0.00,0.00,0.00,-255.536,342.336,13.741,-80.11,-3.47,66.27,4.328,0.116,0.00,1.00,0,0,0,0,0,0,-3.47,-5.04,-1.48,0.2493,0.1208,0.4096,1,4.328,0,0.472,0,flip_backDouble,flipTuck,1.000,1,-0.050 0.520 -0.523 0.809 0.160 0.438 -0.199 -0.051 0.089 0.092,-255.32,343.03,13.63,-3.51,-81.79,98.41,348,580,816,1012,0.535,0.830 0.418 -0.064 0.070,-1.0,0,0.021,0.000,0.4793,0.24,backDouble,0.117,-33.0,0.0,-437.5,Tuck,Tuck,22.8,-19.6,-12.6,,0.288,21.1,-2.4,0.00,-1.0,0.0,0,8740
89,1.4833,air,trick,-254.897,337.487,13.681,-6.205,-35.356,7.822,36.739,35.896,12.790,0.00,0.00,0.00,0.00,0.000,0,backDouble,0,0.00,0.00,0.00,-255.794,341.595,13.846,-77.69,-3.39,66.35,4.209,0.127,0.00,1.00,0,0,0,0,0,0,-3.39,-5.19,-1.50,0.2265,0.1227,0.4063,1,4.209,0,0.470,0,flip_backDouble,flipTuck,1.000,1,-0.006 0.495 -0.517 0.749 0.154 0.479 -0.217 0.017 0.072 0.111,-255.54,342.34,13.74,-3.47,-80.11,98.49,360,564,816,1012,0.512,0.767 0.461 0.007 0.093,-1.0,0,0.024,0.000,0.4793,0.23,backDouble,0.133,-40.3,0.0,-445.3,Tuck,Tuck,27.4,-25.5,-11.5,,0.336,23.9,-2.1,0.00,-1.0,0.0,0,9372
90,1.5000,air,trick,-255.001,336.898,13.810,-6.193,-35.285,7.642,36.631,35.824,12.919,0.00,0.00,0.00,0.00,0.000,0,backDouble,0,0.00,0.00,0.00,-256.082,340.794,13.946,-74.49,-3.29,66.43,4.045,0.138,0.00,1.00,0,0,0,0,0,0,-3.29,-5.35,-1.52,0.2064,0.1229,0.4047,1,4.045,0,0.469,0,flip_backDouble,flipTuck,1.000,1,0.046 0.464 -0.479 0.684 0.156 0.512 -0.226 0.065 0.057 0.126,-255.79,341.60,13.85,-3.39,-77.69,98.58,368,552,824,1016,0.482,0.700 0.496 0.057 0.112,-1.0,0,0.020,0.000,0.4817,0.22,backDouble,0.150,-47.8,0.0,-453.3,Tuck,Tuck,32.8,-31.7,-10.4,,0.384,27.0,-1.8,0.00,-1.0,0.0,0,9990
91,1.5167,air,trick,-255.104,336.311,13.935,-6.180,-35.215,7.462,36.523,35.753,13.044,0.00,0.00,0.00,0.00,0.000,0,backDouble,0,0.00,0.00,0.00,-256.394,339.961,14.042,-70.89,-3.15,66.52,3.873,0.149,0.00,1.00,0,0,0,0,0,0,-3.15,-5.52,-1.53,0.1928,0.1237,0.4048,1,3.873,0,0.467,0,flip_backDouble,flipTuck,1.000,1,0.109 0.421 -0.412 0.620 0.172 0.534 -0.228 0.102 0.046 0.145,-256.08,340.79,13.95,-3.29,-74.49,98.67,364,552,836,1032,0.440,0.634 0.522 0.097 0.133,-1.0,0,0.022,0.000,0.4904,0.21,backDouble,0.167,-55.4,0.0,-462.2,Tuck,Tuck,39.5,-39.0,-9.2,,0.430,30.4,-1.4,0.00,-1.0,0.0,4,10588
92,1.5333,air,trick,-255.207,335.725,14.057,-6.168,-35.144,7.282,36.417,35.681,13.166,0.00,0.00,0.00,0.00,0.000,0,backDouble,0,0.00,0.00,0.00,-256.722,339.121,14.136,-67.29,-2.99,66.60,3.720,0.159,0.00,1.00,0,0,0,0,0,0,-2.99,-5.69,-1.55,0.1869,0.1263,0.4056,1,3.720,0,0.466,0,flip_backDouble,flipTuck,1.000,1,0.183 0.358 -0.327 0.563 0.209 0.542 -0.222 0.137 0.041 0.169,-256.39,339.96,14.04,-3.15,-70.89,98.76,364,552,856,1052,0.377,0.576 0.533 0.134 0.158,-1.0,0,0.017,0.000,0.5067,0.20,backDouble,0.183,-63.2,0.0,-472.0,Tuck,Tuck,48.4,-48.2,-7.8,,0.474,34.1,-1.1,0.00,-1.0,0.0,4,11161
93,1.5500,air,trick,-255.309,335.140,14.176,-6.156,-35.074,7.102,36.311,35.610,13.285,0.00,0.00,0.00,0.00,0.000,0,backDouble,0,0.00,0.00,0.00,-257.053,338.288,14.229,-63.69,-2.82,66.69,3.599,0.169,0.01,1.00,0,0,0,0,0,0,-2.82,-5.87,-1.57,0.1878,0.1279,0.4053,1,3.599,0,0.464,0,flip_backDouble,flipTuck,1.000,1,0.267 0.269 -0.235 0.513 0.265 0.530 -0.206 0.168 0.043 0.193,-256.72,339.12,14.14,-2.99,-67.29,98.86,372,548,888,1084,0.289,0.528 0.524 0.169 0.183,-1.0,0,0.018,0.000,0.5265,0.19,backDouble,0.200,-71.2,0.0,-482.7,Tuck,Tuck,59.5,-59.4,-5.3,,0.516,37.9,-0.8,0.00,-1.0,0.0,4,11707
94,1.5667,air,trick,-255.412,334.556,14.292,-6.143,-35.004,6.922,36.207,35.539,13.401,0.00,0.00,0.00,0.00,0.000,0,backDouble,0,0.00,0.00,0.00,-257.377,337.464,14.322,-60.09,-2.67,66.77,3.510,0.179,0.01,1.00,0,0,0,0,0,0,-2.67,-6.06,-1.58,0.1889,0.1300,0.4064,1,3.510,0,0.462,0,flip_backDouble,flipTuck,1.000,1,0.329 0.182 -0.160 0.465 0.317 0.506 -0.185 0.188 0.050 0.209,-257.05,338.29,14.23,-2.82,-63.69,98.95,376,544,920,1120,0.201,0.480 0.502 0.190 0.201,-1.0,0,0.003,0.000,0.5469,0.18,backDouble,0.217,-79.3,0.0,-494.4,Tuck,Tuck,69.3,-69.3,-4.0,,0.556,41.8,-0.5,0.00,-1.0,0.0,4,12223
95,1.5833,air,trick,-255.514,333.974,14.405,-6.131,-34.934,6.742,36.103,35.468,13.514,0.00,0.00,0.00,0.00,0.000,0,backDouble,0,0.00,0.00,0.00,-257.686,336.650,14.415,-56.49,-2.53,66.86,3.446,0.188,0.01,1.00,0,0,0,0,0,0,-2.53,-6.24,-1.60,0.1991,0.1373,0.4030,1,3.446,0,0.460,0,flip_backDouble,flipTuck,1.000,1,0.375 0.102 -0.088 0.437 0.364 0.475 -0.162 0.200 0.061 0.219,-257.38,337.46,14.32,-2.67,-60.09,99.04,364,540,948,1164,0.119,0.455 0.473 0.204 0.213,-1.0,0,0.000,0.000,0.5625,0.17,backDouble,0.233,-87.7,0.0,-506.9,Tuck,Tuck,77.9,-77.9,-4.8,,0.593,45.8,-0.2,0.00,-1.0,0.0,4,12708
96,1.6000,air,trick,-255.616,333.393,14.515,-6.119,-34.864,6.562,36.000,35.397,13.624,0.00,0.00,0.00,0.00,0.000,0,backDouble,0,0.00,0.00,0.00,-257.977,335.841,14.506,-52.89,-2.41,66.94,3.401,0.196,0.01,1.00,0,0,0,0,0,0,-2.41,-6.43,-1.62,0.2073,0.1423,0.4032,1,3.401,0,0.458,0,flip_backDouble,flipTuck,1.000,1,0.411 0.017 -0.011 0.398 0.413 0.433 -0.134 0.208 0.076 0.225,-257.69,336.65,14.41,-2.53,-56.49,99.13,360,540,968,1208,0.032,0.417 0.432 0.212 0.220,-1.0,0,0.000,0.000,0.5765,0.16,backDouble,0.250,-96.2,0.0,-520.3,Tuck,Tuck,86.7,-86.7,-11.7,,0.628,49.7,0.1,0.00,-1.0,0.0,4,13161
97,1.6167,air,trick,-255.718,332.812,14.622,-6.106,-34.794,6.382,35.898,35.326,13.731,0.00,0.00,0.00,0.00,0.000,0,backDouble,0,0.00,0.00,0.00,-258.246,335.039,14.596,-49.29,-2.32,67.02,3.369,0.204,0.01,1.00,0,0,0,0,0,0,-2.32,-6.63,-1.63,0.2167,0.1436,0.4092,1,3.369,0,0.457,0,flip_backDouble,flipTuck,1.000,1,0.435 -0.070 0.066 0.349 0.462 0.381 -0.101 0.210 0.094 0.226,-257.98,335.84,14.51,-2.41,-52.89,99.21,356,548,992,1244,-0.057,0.368 0.380 0.216 0.222,-1.0,0,0.000,0.000,0.5887,0.15,backDouble,0.267,-105.0,0.0,-534.5,Tuck,Tuck,95.8,-95.8,-176.0,,0.660,53.5,0.4,0.00,-1.0,0.0,4,13584
98,1.6333,air,trick,-255.819,332.233,14.727,-6.094,-34.725,6.202,35.797,35.256,13.836,0.00,0.00,0.00,0.00,0.000,0,backDouble,0,0.00,0.00,0.00,-258.495,334.243,14.685,-45.69,-2.24,67.09,3.347,0.211,0.01,1.00,0,0,0,0,0,0,-2.24,-6.82,-1.65,0.2264,0.1408,0.4208,1,3.347,0,0.455,0,flip_backDouble,flipTuck,1.000,1,0.445 -0.158 0.142 0.289 0.507 0.319 -0.064 0.207 0.116 0.222,-258.25,335.04,14.60,-2.32,-49.29,99.30,360,560,1012,1272,-0.147,0.308 0.318 0.213 0.218,-1.0,0,0.000,0.000,0.5986,0.15,backDouble,0.283,-114.1,0.0,-549.6,Tuck,Tuck,105.0,-105.0,-179.2,,0.691,57.3,0.6,0.00,-1.0,0.0,4,13977
99,1.6500,air,trick,-255.921,331.655,14.828,-6.082,-34.655,6.022,35.697,35.185,13.937,0.00,0.00,0.00,0.00,0.000,0,backDouble,0,0.00,0.00,0.00,-258.719,333.461,14.772,-42.09,-2.17,67.17,3.331,0.217,0.01,1.00,0,0,0,0,0,0,-2.17,-7.01,-1.67,0.2306,0.1338,0.4353,1,3.331,0,0.453,0,flip_backDouble,flipTuck,1.000,1,0.439 -0.244 0.213 0.219 0.545 0.248 -0.025 0.198 0.139 0.213,-258.50,334.24,14.69,-2.24,-45.69,99.38,364,576,1036,1288,-0.235,0.238 0.246 0.205 0.209,-1.0,0,0.000,0.000,0.6047,0.14,backDouble,0.300,-123.3,0.0,-565.5,Tuck,Tuck,114.4,-114.4,-179.9,,0.719,60.8,0.9,0.00,-1.0,0.0,4,14341
100,1.6667,air,trick,-256.022,331.079,14.926,-6.070,-34.586,5.842,35.597,35.115,14.035,0.00,0.00,0.00,0.00,0.000,0,backDouble,0,0.00,0.00,0.00,-258.918,332.702,14.857,-38.49,-2.12,67.24,3.321,0.223,0.01,1.00,0,0,0,0,0,0,-2.12,-7.20,-1.68,0.2310,0.1229,0.4533,1,3.321,0,0.451,0,flip_backDouble,flipTuck,1.000,1,0.415 -0.326 0.276 0.141 0.574 0.168 0.016 0.184 0.163 0.197,-258.72,333.46,14.77,-2.17,-42.09,99.46,376,588,1052,1288,-0.319,0.159 0.166 0.191 0.194,-1.0,0,0.000,0.000,0.6058,0.13,backDouble,0.317,-132.9,0.0,-582.0,Tuck,Tuck,124.1,-124.1,179.9,,0.744,63.9,1.1,0.00,-1.0,0.0,4,14676
101,1.6833,air,trick,-256.123,330.503,15.021,-6.058,-34.517,5.662,35.499,35.045,14.130,0.00,0.00,0.00,0.00,0.000,0,backDouble,0,0.00,0.00,0.00,-259.095,331.967,14.940,-34.89,-2.08,67.31,3.314,0.228,0.02,1.00,0,0,0,0,0,0,-2.08,-7.39,-1.70,0.2241,0.1134,0.4721,1,3.314,0,0.450,0,flip_backDouble,flipTuck,1.000,1,0.372 -0.400 0.326 0.056 0.591 0.082 0.056 0.163 0.187 0.176,-258.92,332.70,14.86,-2.12,-38.49,99.54,400,612,1052,1276,-0.395,0.073 0.079 0.170 0.173,-1.0,0,0.000,0.000,0.6008,0.13,backDouble,0.333,-142.7,0.0,-599.2,Tuck,Tuck,134.0,-134.0,179.8,,0.768,66.6,1.3,0.00,-1.0,0.0,4,14985
102,1.7000,air,trick,-256.224,329.929,15.113,-6.046,-34.448,5.482,35.402,34.974,14.222,0.00,0.00,0.00,0.00,0.000,0,backDouble,0,0.00,0.00,0.00,-259.255,331.253,15.021,-31.29,-2.05,67.38,3.309,0.233,0.02,1.00,0,0,0,0,0,0,-2.05,-7.57,-1.72,0.2347,0.1136,0.4788,1,3.309,0,0.448,0,flip_backDouble,flipTuck,1.000,1,0.311 -0.465 0.363 -0.034 0.591 -0.008 0.095 0.137 0.208 0.149,-259.09,331.97,14.94,-2.08,-34.89,99.62,404,636,1044,1248,-0.461,-0.017 -0.013 0.144 0.146,-1.0,0,0.000,0.000,0.5939,0.12,backDouble,0.350,-152.9,0.0,-616.9,Tuck,Tuck,144.2,-144.2,179.8,,0.790,68.9,1.5,0.00,-1.0,0.0,4,15268
103,1.7167,air,trick,-256.334,329.298,15.227,-6.637,-37.820,6.802,38.995,38.398,14.336,0.00,0.00,0.00,0.00,0.000,0,backDouble,0,0.00,0.00,0.00,-259.411,330.506,15.123,-27.69,-1.99,67.45,3.307,0.238,0.02,1.00,0,0,0,0,0,0,-1.99,-7.76,-1.73,0.2391,0.1118,0.4848,1,3.307,0,0.446,0,flip_backDouble,flipTuck,1.000,1,0.232 -0.516 0.381 -0.126 0.573 -0.102 0.131 0.105 0.225 0.117,-259.25,331.25,15.02,-2.05,-31.29,99.69,404,652,1032,1220,-0.515,-0.111 -0.108 0.112 0.113,-1.0,0,0.000,0.000,0.5825,0.11,backDouble,0.367,-163.3,0.0,-634.8,Tuck,Tuck,154.8,-154.8,179.8,,0.810,71.0,1.7,0.00,-1.0,0.0,4,15527
104,1.7333,air,trick,-256.444,328.669,15.338,-6.543,-37.758,6.622,38.889,38.321,14.447,0.00,0.00,0.00,0.00,0.000,0,backDouble,0,0.00,0.00,0.00,-259.557,329.771,15.225,-24.09,-1.99,67.52,3.305,0.244,0.02,1.00,0,0,0,0,0,0,-1.99,-7.93,-1.75,0.2371,0.1125,0.4901,1,3.305,0,0.445,0,flip_backDouble,flipTuck,1.000,1,0.137 -0.551 0.380 -0.217 0.534 -0.194 0.161 0.068 0.237 0.079,-259.41,330.51,15.12,-1.99,-27.69,99.76,408,664,1012,1200,-0.551,-0.203 -0.201 0.075 0.075,-1.0,0,0.000,0.000,0.5684,0.11,backDouble,0.383,-174.0,0.0,-652.9,Tuck,Tuck,165.7,-165.7,179.9,,0.828,72.8,1.9,0.00,-1.0,0.0,4,15765
105,1.7500,air,trick,-256.551,328.040,15.446,-6.412,-37.703,6.442,38.783,38.244,14.555,0.00,0.00,0.00,0.00,0.000,0,backDouble,0,0.00,0.00,0.00,-259.694,329.051,15.324,-20.49,-1.98,67.59,3.303,0.251,0.02,1.00,0,0,0,0,0,0,-1.98,-8.10,-1.77,0.2285,0.1116,0.4942,1,3.303,0,0.443,0,flip_backDouble,flipTuck,1.000,1,0.031 -0.567 0.358 -0.301 0.474 -0.281 0.183 0.028 0.241 0.038,-259.56,329.77,15.23,-1.99,-24.09,99.83,412,672,988,1172,-0.568,-0.289 -0.290 0.034 0.034,-1.0,0,0.000,0.000,0.5499,0.10,backDouble,0.400,-185.1,0.0,-670.8,Tuck,Tuck,176.9,-176.9,-179.9,,0.845,74.4,2.1,0.00,-1.0,0.0,4,15981
106,1.7667,air,trick,-256.656,327.412,15.552,-6.246,-37.653,6.262,38.678,38.168,14.661,0.00,0.00,0.00,0.00,0.000,0,backDouble,0,0.00,0.00,0.00,-259.821,328.345,15.421,-16.89,-1.98,67.66,3.302,0.259,0.03,1.00,0,0,0,0,0,0,-1.98,-8.27,-1.78,0.2172,0.1152,0.4987,1,3.302,0,0.442,0,flip_backDouble,flipTuck,1.000,1,-0.081 -0.562 0.316 -0.376 0.394 -0.360 0.197 -0.014 0.236 -0.006,-259.69,329.05,15.32,-1.98,-20.49,99.91,424,676,956,1136,-0.562,-0.365 -0.370 -0.008 -0.011,-1.0,0,0.000,0.000,0.5246,0.10,backDouble,0.417,-196.4,0.0,-688.3,Tuck,Tuck,171.7,171.7,-179.5,,0.860,75.7,2.2,0.00,-1.0,0.0,4,16179
107,1.7833,air,trick,-256.758,326.785,15.654,-6.044,-37.609,6.082,38.574,38.091,14.763,0.00,0.00,0.00,0.00,0.000,0,backDouble,0,0.00,0.00,0.00,-259.941,327.650,15.516,-15.20,-1.99,67.74,3.302,0.268,0.03,1.00,0,0,0,0,0,0,-1.99,-8.43,-1.80,0.2071,0.1171,0.5047,1,3.302,0,0.440,0,flip_backDouble,flipTuck,1.000,1,-0.193 -0.534 0.244 -0.438 0.305 -0.427 0.196 -0.056 0.226 -0.051,-259.82,328.34,15.42,-1.98,-16.89,99.99,436,672,904,1092,-0.534,-0.427 -0.437 -0.051 -0.056,-1.0,0,0.000,0.000,0.5105,0.09,backDouble,0.433,-208.0,0.0,-705.0,Tuck,Tuck,160.0,160.1,-178.8,,0.874,77.0,2.3,0.00,-1.0,0.0,0,16358
108,1.8000,air,trick,-256.856,326.159,15.753,-5.806,-37.569,5.902,38.471,38.015,14.862,0.00,0.00,0.00,0.00,0.000,0,backDouble,0,0.00,0.00,0.00,-260.053,326.966,15.600,-14.17,-1.86,67.81,3.301,0.276,0.03,1.00,0,0,0,0,0,0,-1.86,-8.59,-1.82,0.1904,0.1158,0.5080,1,3.301,0,0.439,0,flip_backDouble,flipTuck,1.000,1,-0.299 -0.483 0.154 -0.481 0.205 -0.479 0.183 -0.097 0.208 -0.096,-259.94,327.65,15.52,-1.99,-15.20,100.07,444,664,880,1064,-0.483,-0.471 -0.488 -0.092 -0.100,-1.0,0,0.000,0.000,0.4990,0.09,backDouble,0.450,-219.9,0.0,-720.5,Tuck,Tuck,148.1,148.2,-177.9,,0.886,78.0,2.6,0.69,-1.0,0.0,0,16521
109,1.8167,air,trick,-256.949,325.533,15.849,-5.534,-37.534,5.722,38.368,37.939,14.958,0.00,0.00,0.00,0.00,0.000,0,backDouble,0,0.00,0.00,0.00,-260.157,326.291,15.669,-13.29,-1.50,67.88,3.301,0.285,0.03,1.00,0,0,0,0,0,0,-1.50,-8.76,-1.83,0.1789,0.1186,0.5038,1,3.301,0,0.438,0,flip_backDouble,flipTuck,1.000,1,-0.394 -0.409 0.053 -0.502 0.096 -0.511 0.161 -0.133 0.182 -0.137,-260.05,326.97,15.60,-1.86,-14.17,100.15,440,648,856,1044,-0.409,-0.494 -0.519 -0.129 -0.141,-1.0,0,0.000,0.000,0.4890,0.08,backDouble,0.467,-232.0,0.0,-734.5,Tuck,Tuck,136.0,136.0,-176.7,,0.898,78.9,3.1,0.69,-1.0,0.0,0,16669
110,1.8333,air,trick,-257.037,324.908,15.942,-5.226,-37.501,5.542,38.267,37.863,15.051,0.00,0.00,0.00,0.00,0.000,0,backDouble,0,0.00,0.00,0.00,-260.252,325.623,15.724,-12.54,-0.96,67.96,3.301,0.293,0.03,1.00,0,0,0,0,0,0,-0.96,-8.92,-1.85,0.1866,0.1263,0.5044,1,3.301,0,0.436,0,flip_backDouble,flipTuck,1.000,1,-0.473 -0.315 -0.054 -0.499 -0.017 -0.523 0.129 -0.163 0.148 -0.175,-260.16,326.29,15.67,-1.50,-13.29,100.22,436,628,828,1040,-0.315,-0.493 -0.528 -0.160 -0.177,-1.0,0,0.000,0.000,0.4827,0.08,backDouble,0.483,-244.4,0.0,-746.4,Tuck,Tuck,123.6,123.7,-175.0,,0.908,79.8,3.8,0.69,-1.0,0.0,0,16803
111,1.8500,air,trick,-257.120,324.283,16.032,-4.883,-37.471,5.362,38.166,37.788,15.141,0.00,0.00,0.00,0.00,0.000,0,backDouble,0,0.00,0.00,0.00,-260.340,324.963,15.768,-11.91,-0.27,68.03,3.301,0.301,0.04,1.00,0,0,0,0,0,0,-0.27,-9.08,-1.87,0.1898,0.1295,0.5003,1,3.301,0,0.435,0,flip_backDouble,flipTuck,1.000,1,-0.530 -0.205 -0.161 -0.469 -0.129 -0.512 0.091 -0.184 0.107 -0.205,-260.25,325.62,15.72,-0.96,-12.54,100.30,436,616,800,1036,-0.205,-0.468 -0.513 -0.183 -0.206,-1.0,0,0.000,0.000,0.4771,0.08,backDouble,0.500,-256.9,0.0,-755.9,Tuck,Tuck,111.1,111.1,-172.0,,0.917,80.5,4.6,0.69,-1.0,0.0,0,16924
112,1.8667,air,trick,-257.197,323.659,16.119,-4.505,-37.442,5.182,38.067,37.712,15.228,0.00,0.00,0.00,0.00,0.000,0,backDouble,0,0.00,0.00,0.00,-260.418,324.308,15.804,-11.38,0.53,68.10,3.301,0.309,0.04,1.00,0,0,0,0,0,0,0.53,-9.24,-1.88,0.1873,0.1277,0.4915,1,3.301,0,0.434,0,flip_backDouble,flipTuck,1.000,1,-0.562 -0.085 -0.264 -0.415 -0.235 -0.478 0.046 -0.195 0.061 -0.226,-260.34,324.96,15.77,-0.27,-11.91,100.38,436,616,784,1032,-0.084,-0.418 -0.475 -0.197 -0.225,-1.0,0,0.000,0.000,0.4727,0.07,backDouble,0.517,-269.5,0.0,-762.4,Tuck,Tuck,98.5,98.5,-163.1,,0.926,81.1,5.5,0.69,-1.0,0.0,0,17034
113,1.8833,air,trick,-257.267,323.036,16.203,-4.093,-37.414,5.002,37.968,37.637,15.312,0.00,0.00,0.00,0.00,0.000,0,backDouble,0,0.00,0.00,0.00,-260.487,323.658,15.832,-10.94,1.40,68.17,3.301,0.317,0.04,1.00,0,0,0,0,0,0,1.40,-9.40,-1.90,0.1973,0.1250,0.4750,1,3.301,0,0.433,0,flip_backDouble,flipTuck,1.000,1,-0.566 0.040 -0.356 -0.338 -0.328 -0.422 -0.001 -0.196 0.012 -0.237,-260.42,324.31,15.80,0.53,-11.38,100.45,436,608,772,1020,0.041,-0.346 -0.415 -0.200 -0.234,-1.0,0,0.000,0.000,0.4675,0.07,backDouble,0.533,-282.3,0.0,-765.6,Tuck,Tuck,85.9,85.9,-22.0,,0.933,81.6,6.5,0.69,-1.0,0.0,0,17133
114,1.9000,air,trick,-257.330,322.412,16.285,-3.645,-37.384,4.822,37.870,37.562,15.394,0.00,0.00,0.00,0.00,0.000,0,backDouble,0,0.00,0.00,0.00,-260.547,323.013,15.855,-10.57,2.32,68.24,3.300,0.324,0.04,1.00,0,0,0,0,0,0,2.32,-9.56,-1.92,0.2088,0.1205,0.4546,1,3.300,0,0.432,0,flip_backDouble,flipTuck,1.000,1,-0.543 0.161 -0.432 -0.241 -0.404 -0.348 -0.050 -0.185 -0.036 -0.238,-260.49,323.66,15.83,1.40,-10.94,100.53,416,596,768,1008,0.164,-0.255 -0.336 -0.193 -0.233,-1.0,0,0.000,0.000,0.4624,0.07,backDouble,0.550,-295.0,0.0,-765.9,Tuck,Tuck,73.3,73.3,-0.6,,0.940,82.1,7.5,0.69,-1.0,0.0,0,17222
115,1.9167,air,trick,-257.384,321.790,16.363,-3.163,-37.353,4.642,37.773,37.487,15.472,0.00,0.00,0.00,0.00,0.000,0,backDouble,0,0.00,0.00,0.00,-260.596,322.371,15.874,-10.26,3.27,68.30,3.300,0.331,0.04,1.00,0,0,0,0,0,0,3.27,-9.72,-1.93,0.2128,0.1119,0.4338,1,3.300,0,0.431,0,flip_backDouble,flipTuck,1.000,1,-0.492 0.273 -0.487 -0.132 -0.458 -0.261 -0.096 -0.164 -0.082 -0.228,-260.55,323.01,15.86,2.32,-10.57,100.60,392,584,776,992,0.278,-0.150 -0.244 -0.175 -0.221,-1.0,0,0.000,0.000,0.4594,0.06,backDouble,0.567,-307.8,0.0,-765.9,Tuck,Tuck,60.8,60.7,3.7,,0.946,82.5,8.5,0.69,-1.0,0.0,0,17303
116,1.9333,air,trick,-257.431,321.168,16.438,-2.647,-37.318,4.462,37.677,37.412,15.547,0.00,0.00,0.00,0.00,0.000,0,backDouble,0,0.00,0.00,0.00,-260.636,321.733,15.890,-10.01,4.24,68.36,3.300,0.337,0.05,1.00,0,0,0,0,0,0,4.24,-9.88,-1.95,0.2115,0.1073,0.4146,1,3.300,0,0.430,0,flip_backDouble,flipTuck,1.000,1,-0.417 0.369 -0.520 -0.014 -0.489 -0.166 -0.139 -0.134 -0.123 -0.209,-260.60,322.37,15.87,3.27,-10.26,100.67,368,564,788,996,0.377,-0.036 -0.142 -0.147 -0.200,-1.0,0,0.000,0.000,0.4595,0.06,backDouble,0.583,-320.6,0.0,-765.9,Tuck,Tuck,48.4,48.3,6.3,,0.952,82.8,9.6,0.69,-1.0,0.0,0,17375
117,1.9500,air,trick,-257.468,320.546,16.510,-2.097,-37.278,4.282,37.582,37.337,15.619,0.00,0.00,0.00,0.00,0.000,0,backDouble,0,0.00,0.00,0.00,-260.665,321.099,15.903,-9.81,5.20,68.42,3.300,0.343,0.05,1.00,0,0,0,0,0,0,5.20,-10.03,-1.97,0.2217,0.1128,0.4059,1,3.300,0,0.429,0,flip_backDouble,flipTuck,1.000,1,-0.321 0.446 -0.528 0.106 -0.493 -0.068 -0.175 -0.095 -0.158 -0.182,-260.64,321.73,15.89,4.24,-10.01,100.73,348,552,804,996,0.458,0.082 -0.036 -0.111 -0.170,-1.0,0,0.000,0.000,0.4580,0.06,backDouble,0.600,-333.3,0.0,-765.9,Tuck,Tuck,36.4,35.8,8.4,,0.957,83.1,10.6,0.69,-1.0,0.0,0,17441
118,1.9667,air,trick,-257.496,319.925,16.579,-1.512,-37.231,4.102,37.487,37.262,15.688,0.00,0.00,0.00,0.00,0.000,0,backDouble,0,0.00,0.00,0.00,-260.683,320.467,15.914,-9.65,6.16,68.48,3.300,0.348,0.05,1.00,0,0,0,0,0,0,6.16,-10.18,-1.98,0.2273,0.1157,0.3974,1,3.300,0,0.429,0,flip_backDouble,flipTuck,1.000,1,-0.209 0.499 -0.510 0.222 -0.472 0.027 -0.203 -0.051 -0.184 -0.148,-260.66,321.10,15.90,5.20,-9.81,100.80,328,548,804,996,0.515,0.197 0.067 -0.069 -0.133,-1.0,0,0.000,0.000,0.4594,0.05,backDouble,0.617,-346.1,0.0,-765.9,Tuck,Tuck,25.1,23.3,10.3,,0.961,83.4,11.6,0.69,-1.0,0.0,0,17499
119,1.9833,air,trick,-257.513,319.306,16.645,-0.894,-37.177,3.922,37.394,37.188,15.754,0.00,0.00,0.00,0.00,0.000,0,backDouble,0,0.00,0.00,0.00,-260.689,319.838,15.924,-9.52,7.09,68.54,3.300,0.353,0.05,1.00,0,0,0,0,0,0,7.09,-10.33,-2.00,0.2363,0.1147,0.3852,1,3.300,0,0.428,0,flip_backDouble,flipTuck,1.000,1,-0.086 0.526 -0.469 0.329 -0.426 0.114 -0.222 -0.003 -0.200 -0.110,-260.68,320.47,15.91,6.16,-9.65,100.86,312,540,804,992,0.547,0.305 0.164 -0.022 -0.092,-1.0,0,0.000,0.000,0.4630,0.05,backDouble,0.633,-358.9,0.0,-765.9,Tuck,Tuck,15.9,10.7,12.1,,0.966,83.6,12.6,0.69,-1.0,0.0,0,17552
120,2.0000,air,trick,-257.520,318.687,16.708,-0.242,-37.113,3.742,37.302,37.113,15.817,0.00,0.00,0.00,0.00,0.000,0,backDouble,0,0.00,0.00,0.00,-260.684,319.211,15.932,-9.42,8.01,68.59,3.300,0.357,0.05,1.00,0,0,0,0,0,0,8.01,-10.48,-2.02,0.2384,0.1123,0.3750,1,3.300,0,0.427,0,flip_backDouble,flipTuck,1.000,1,0.041 0.528 -0.405 0.423 -0.356 0.188 -0.230 0.046 -0.206 -0.071,-260.69,319.84,15.92,7.09,-9.52,100.91,304,532,808,996,0.551,0.400 0.249 0.027 -0.048,-1.0,0,0.000,0.000,0.4695,0.05,backDouble,0.650,-371.6,0.0,-765.9,Tuck,Tuck,14.1,-2.1,13.9,,0.969,83.8,13.6,0.69,-1.0,0.0,0,17600
121,2.0167,air,trick,-257.520,318.069,16.768,0.000,-37.039,3.562,37.210,37.039,15.877,0.00,0.00,0.00,0.00,0.000,0,backDouble,0,0.00,0.00,0.00,-260.672,318.587,15.940,-9.34,8.89,68.64,3.300,0.361,0.06,1.00,0,0,0,0,0,0,8.89,-10.63,-2.03,0.2344,0.1116,0.3670,1,3.300,0,0.427,0,flip_backDouble,flipTuck,1.000,1,0.166 0.504 -0.322 0.499 -0.268 0.247 -0.227 0.094 -0.200 -0.031,-260.68,319.21,15.93,8.01,-9.42,100.97,300,520,824,1008,0.529,0.477 0.318 0.076 -0.003,-1.0,0,0.000,0.000,0.4799,0.05,backDouble,0.667,-384.4,0.0,-765.6,Tuck,Tuck,21.3,-15.3,15.6,,0.972,84.0,14.5,0.69,-1.0,0.0,0,17642
122,2.0333,air,trick,-257.520,317.453,16.826,0.000,-36.965,3.382,37.120,36.965,15.935,0.00,0.00,0.00,0.00,0.000,0,backDouble,0,0.00,0.00,0.00,-260.659,317.966,15.947,-9.28,9.73,68.68,3.300,0.364,0.06,1.00,0,0,0,0,0,0,9.73,-10.77,-2.05,0.2253,0.1122,0.3612,1,3.300,0,0.426,0,flip_backDouble,flipTuck,1.000,1,0.282 0.459 -0.225 0.554 -0.166 0.290 -0.214 0.138 -0.184 0.008,-260.67,318.59,15.94,8.89,-9.34,101.02,296,508,844,1032,0.483,0.533 0.371 0.122 0.041,-1.0,0,0.000,0.000,0.4931,0.04,backDouble,0.683,-397.1,0.0,-762.6,Tuck,Tuck,31.8,-28.5,16.7,,0.975,84.2,15.4,0.69,-1.0,0.0,0,17680
123,2.0500,air,trick,-257.520,316.838,16.880,0.000,-36.891,3.202,37.030,36.891,15.989,0.00,0.00,0.00,0.00,0.000,0,backDouble,0,0.00,0.00,0.00,-260.646,317.346,15.953,-9.24,10.54,68.73,3.300,0.366,0.06,1.00,0,0,0,0,0,0,10.54,-10.91,-2.07,0.2120,0.1142,0.3574,1,3.300,0,0.426,0,flip_backDouble,flipTuck,1.000,1,0.383 0.395 -0.119 0.587 -0.055 0.316 -0.190 0.178 -0.158 0.043,-260.66,317.97,15.95,9.73,-9.28,101.07,292,500,868,1052,0.414,0.566 0.404 0.162 0.082,-1.0,0,0.000,0.000,0.5048,0.04,backDouble,0.700,-409.8,0.0,-756.4,Tuck,Tuck,43.2,-41.5,17.5,,0.978,84.3,16.3,0.69,-1.0,0.0,0,17715
124,2.0667,air,trick,-257.520,316.224,16.931,0.000,-36.817,3.022,36.941,36.817,16.040,0.00,0.00,0.00,0.00,0.000,0,backDouble,0,0.00,0.00,0.00,-260.633,316.728,15.959,-9.21,11.32,68.77,3.300,0.368,0.06,1.00,0,0,0,0,0,0,11.32,-11.05,-2.08,0.2178,0.1225,0.3531,1,3.300,0,0.425,0,flip_backDouble,flipTuck,1.000,1,0.464 0.314 -0.010 0.599 0.058 0.322 -0.159 0.211 -0.125 0.073,-260.65,317.35,15.95,10.54,-9.24,101.12,296,500,876,1080,0.327,0.575 0.415 0.196 0.117,-1.0,0,0.000,0.000,0.5116,0.04,backDouble,0.717,-422.3,0.0,-747.5,Tuck,Tuck,54.9,-54.1,18.2,,0.980,84.4,17.1,0.69,-1.0,0.0,0,17745
125,2.0833,air,trick,-257.520,315.611,16.979,0.000,-36.744,2.842,36.854,36.744,16.088,0.00,0.00,0.00,0.00,0.000,0,backDouble,0,0.00,0.00,0.00,-260.620,316.112,15.965,-9.18,12.05,68.81,3.300,0.370,0.06,1.00,0,0,0,0,0,0,12.05,-11.18,-2.10,0.2218,0.1272,0.3517,1,3.300,0,0.425,0,flip_backDouble,flipTuck,1.000,1,0.522 0.222 0.096 0.590 0.168 0.310 -0.122 0.237 -0.086 0.098,-260.63,316.73,15.96,11.32,-9.21,101.16,300,500,880,1108,0.226,0.560 0.405 0.222 0.145,-1.0,0,0.000,0.000,0.5180,0.04,backDouble,0.733,-434.7,0.0,-736.3,Tuck,Tuck,66.6,-66.4,19.3,,0.983,84.5,17.9,0.69,-1.0,0.0,0,17773
126,2.1000,air,trick,-257.520,314.999,17.024,0.000,-36.670,2.662,36.767,36.670,16.133,0.00,0.00,0.00,0.00,0.000,0,backDouble,0,0.00,0.00,0.00,-260.608,315.495,15.970,-9.12,12.74,68.85,3.300,0.370,0.06,1.00,0,0,0,0,0,0,12.74,-11.31,-2.12,0.2223,0.1278,0.3520,1,3.300,0,0.424,0,flip_backDouble,flipTuck,1.000,1,0.555 0.122 0.194 0.561 0.269 0.279 -0.080 0.255 -0.043 0.115,-260.62,316.11,15.96,12.05,-9.18,101.20,292,496,884,1128,0.116,0.523 0.374 0.239 0.165,-1.0,0,0.000,0.000,0.5234,0.04,backDouble,0.750,-446.9,0.0,-723.1,Tuck,Tuck,78.3,-78.2,23.0,,0.984,84.6,18.6,0.69,-1.0,0.0,0,17797
127,2.1167,air,trick,-257.520,314.389,17.066,0.000,-36.597,2.482,36.681,36.597,16.175,0.00,0.00,0.00,0.00,0.000,0,backDouble,0,0.00,0.00,0.00,-260.596,314.874,15.975,-8.95,13.39,68.88,3.300,0.370,0.07,1.00,0,0,0,0,0,0,13.39,-11.44,-2.13,0.2339,0.1244,0.3619,1,3.300,0,0.424,0,flip_backDouble,flipTuck,1.000,1,0.564 0.018 0.281 0.514 0.357 0.232 -0.036 0.265 0.002 0.124,-260.61,315.49,15.97,12.74,-9.12,101.24,292,496,896,1144,0.002,0.467 0.325 0.247 0.176,-1.0,0,0.000,0.000,0.5276,0.03,backDouble,0.767,-458.8,0.0,-708.3,Tuck,Tuck,89.8,-89.8,83.9,,0.986,84.9,19.3,0.69,-1.0,0.0,0,17819
128,2.1333,air,trick,-257.520,313.780,17.105,0.000,-36.524,2.302,36.596,36.524,16.214,0.00,0.00,0.00,0.00,0.000,0,backDouble,0,0.00,0.00,0.00,-260.586,314.250,15.979,-8.72,14.01,68.91,3.300,0.369,0.07,1.00,0,0,0,0,0,0,14.01,-11.56,-2.15,0.2433,0.1171,0.3746,1,3.300,0,0.424,0,flip_backDouble,flipTuck,1.000,1,0.550 -0.084 0.353 0.454 0.430 0.172 0.007 0.266 0.045 0.126,-260.60,314.87,15.97,13.39,-8.95,101.28,300,504,908,1152,-0.110,0.396 0.260 0.246 0.179,-1.0,0,0.000,0.000,0.5304,0.03,backDouble,0.783,-470.5,0.0,-692.4,Tuck,Tuck,101.1,-101.1,-176.2,,0.988,85.1,20.0,0.69,-1.0,0.0,0,17839
129,2.1500,air,trick,-257.520,313.172,17.141,0.000,-36.451,2.122,36.513,36.451,16.250,0.00,0.00,0.00,0.00,0.000,0,backDouble,0,0.00,0.00,0.00,-260.576,313.625,15.982,-8.43,14.59,68.94,3.300,0.368,0.07,1.00,1,0,0,0,0,0,14.59,-11.68,-2.17,0.2483,0.1098,0.3884,1,3.300,0,0.423,0,flip_backDouble,flipTuck,1.000,1,0.515 -0.181 0.409 0.382 0.485 0.101 0.049 0.260 0.087 0.120,-260.59,314.25,15.98,14.01,-8.72,101.31,308,520,920,1156,-0.215,0.312 0.184 0.237 0.173,-1.0,0,0.000,0.000,0.5334,0.03,backDouble,0.800,-481.9,0.0,-675.7,Tuck,Tuck,112.2,-112.3,-172.0,,0.989,85.5,20.6,0.69,-1.0,0.0,0,17856
130,2.1667,air,trick,-257.520,312.566,17.175,0.000,-36.378,1.942,36.430,36.378,16.284,0.00,0.00,0.00,0.00,0.000,0,backDouble,0,0.00,0.00,0.00,-260.567,312.999,15.984,-8.09,15.13,68.96,3.300,0.366,0.07,1.00,1,0,0,0,0,0,15.13,-11.80,-2.18,0.2486,0.1028,0.4030,1,3.300,0,0.423,0,flip_backDouble,flipTuck,1.000,1,0.462 -0.269 0.447 0.302 0.522 0.022 0.087 0.247 0.124 0.107,-260.58,313.63,15.98,14.59,-8.43,101.34,320,540,924,1148,-0.310,0.221 0.100 0.220 0.160,-1.0,0,0.000,0.000,0.5365,0.03,backDouble,0.817,-493.0,0.0,-658.6,Tuck,Tuck,123.1,-123.2,-171.1,,0.990,85.9,21.1,0.69,-1.0,0.0,0,17872
131,2.1833,air,trick,-257.520,311.960,17.205,0.000,-36.305,1.762,36.348,36.305,16.314,0.00,0.00,0.00,0.00,0.000,0,backDouble,0,0.00,0.00,0.00,-260.559,312.373,15.986,-7.73,15.63,68.99,3.300,0.363,0.07,1.00,1,0,0,0,0,0,15.63,-11.91,-2.20,0.2441,0.0997,0.4177,1,3.300,0,0.423,0,flip_backDouble,flipTuck,1.000,1,0.395 -0.346 0.468 0.218 0.541 -0.060 0.120 0.228 0.157 0.089,-260.57,313.00,15.98,15.13,-8.09,101.37,336,556,924,1136,-0.392,0.125 0.012 0.196 0.140,-1.0,0,0.000,0.000,0.5347,0.03,backDouble,0.833,-503.8,0.0,-641.3,Tuck,Tuck,133.6,-134.0,-171.0,,0.991,86.3,21.7,0.69,-1.0,0.0,0,17886
132,2.2000,air,trick,-257.520,311.356,17.232,0.000,-36.233,1.582,36.267,36.233,16.341,0.00,0.00,0.00,0.00,0.000,0,backDouble,0,0.00,0.00,0.00,-260.551,311.747,15.987,-7.34,16.11,69.01,3.300,0.361,0.07,1.00,1,0,0,0,0,0,16.11,-12.02,-2.22,0.2359,0.1022,0.4324,1,3.300,0,0.423,0,flip_backDouble,flipTuck,1.000,1,0.316 -0.410 0.472 0.133 0.542 -0.143 0.149 0.204 0.184 0.065,-260.56,312.37,15.99,15.63,-7.73,101.39,352,576,924,1120,-0.459,0.030 -0.076 0.168 0.115,-1.0,0,0.000,0.000,0.5357,0.03,backDouble,0.850,-514.4,0.0,-624.0,Tuck,Tuck,143.9,-144.5,-171.2,,0.992,86.7,22.2,0.69,-1.0,0.0,0,17899
133,2.2167,air,trick,-257.520,310.753,17.256,0.000,-36.160,1.402,36.188,36.160,16.365,0.00,0.00,0.00,0.00,0.000,0,backDouble,0,0.00,0.00,0.00,-260.544,311.121,15.986,-6.94,16.55,69.03,3.300,0.358,0.07,1.00,1,0,0,0,0,0,16.55,-12.12,-2.23,0.2368,0.1069,0.4435,1,3.300,0,0.422,0,flip_backDouble,flipTuck,1.000,1,0.229 -0.459 0.460 0.050 0.527 -0.224 0.171 0.176 0.205 0.038,-260.55,311.75,15.99,16.11,-7.34,101.41,368,600,924,1100,-0.510,-0.062 -0.161 0.135 0.086,-1.0,0,0.000,0.000,0.5361,0.03,backDouble,0.867,-524.6,0.0,-607.0,Tuck,Tuck,153.7,-154.8,-171.6,,0.993,87.1,22.6,0.69,-1.0,0.0,0,17910
134,2.2333,air,trick,-257.520,310.151,17.277,0.000,-36.088,1.222,36.109,36.088,16.386,0.00,0.00,0.00,0.00,0.000,0,backDouble,0,0.00,0.00,0.00,-260.537,310.497,15.985,-6.54,16.96,69.04,3.300,0.355,0.07,1.00,1,0,0,0,0,0,16.96,-12.23,-2.25,0.2396,0.1095,0.4497,1,3.300,0,0.422,0,flip_backDouble,flipTuck,1.000,1,0.138 -0.493 0.434 -0.028 0.498 -0.301 0.188 0.145 0.220 0.008,-260.54,311.12,15.99,16.55,-6.94,101.43,372,616,924,1104,-0.544,-0.149 -0.241 0.100 0.054,-1.0,0,0.000,0.000,0.5352,0.02,backDouble,0.883,-534.6,0.0,-590.4,Tuck,Tuck,163.0,-164.8,-172.0,,0.994,87.6,23.1,0.69,-1.0,0.0,0,17920
135,2.2500,air,trick,-257.520,309.551,17.295,0.000,-36.016,1.042,36.031,36.016,16.404,0.00,0.00,0.00,0.00,0.000,0,backDouble,0,0.00,0.00,0.00,-260.530,309.871,15.982,-6.07,17.34,69.06,3.300,0.351,0.07,1.00,1,0,0,0,0,0,17.34,-12.32,-2.27,0.2385,0.1112,0.4551,1,3.300,0,0.422,0,flip_backDouble,flipTuck,1.000,1,0.046 -0.512 0.396 -0.100 0.457 -0.371 0.199 0.113 0.229 -0.023,-260.54,310.50,15.98,16.96,-6.54,101.45,376,628,928,1104,-0.561,-0.228 -0.313 0.064 0.021,-1.0,0,0.000,0.000,0.5323,0.02,backDouble,0.900,-544.3,0.0,-574.3,Tuck,Tuck,170.7,-174.5,-172.4,,0.995,88.0,23.5,0.69,-1.0,0.0,0,17929
136,2.2667,air,trick,-257.520,308.951,17.310,0.000,-35.944,0.862,35.954,35.944,16.419,0.00,0.00,0.00,0.00,0.000,0,backDouble,0,0.00,0.00,0.00,-260.525,309.241,15.977,-5.51,17.69,69.07,3.300,0.347,0.07,1.00,1,0,0,0,0,0,17.69,-12.42,-2.28,0.2391,0.1153,0.4623,1,3.300,0,0.422,0,flip_backDouble,flipTuck,1.000,1,-0.046 -0.516 0.349 -0.164 0.404 -0.433 0.204 0.080 0.231 -0.055,-260.53,309.87,15.98,17.34,-6.07,101.46,384,636,920,1100,-0.563,-0.297 -0.377 0.027 -0.012,-1.0,0,0.000,0.000,0.5262,0.02,backDouble,0.917,-553.8,0.0,-558.9,Tuck,Tuck,171.9,176.0,-172.9,,0.995,88.6,23.8,0.69,-1.0,0.0,0,17936
137,2.2833,air,trick,-257.520,308.353,17.322,0.000,-35.872,0.682,35.879,35.872,16.431,0.00,0.00,0.00,0.00,0.000,0,backDouble,0,0.00,0.00,0.00,-260.520,308.609,15.972,-4.87,18.01,69.08,3.300,0.343,0.07,1.00,1,0,0,0,0,0,18.01,-12.50,-2.30,0.2359,0.1191,0.4683,1,3.300,0,0.422,0,flip_backDouble,flipTuck,1.000,1,-0.133 -0.507 0.294 -0.218 0.343 -0.486 0.204 0.048 0.228 -0.087,-260.52,309.24,15.98,17.69,-5.51,101.48,392,640,904,1092,-0.550,-0.356 -0.430 -0.009 -0.045,-1.0,0,0.000,0.000,0.5183,0.02,backDouble,0.933,-563.0,0.0,-544.2,Tuck,Tuck,165.4,166.8,-173.3,,0.996,89.3,24.2,0.69,-1.0,0.0,0,17943
138,2.3000,air,trick,-257.520,307.756,17.332,0.000,-35.800,0.502,35.804,35.800,16.441,0.00,0.00,0.00,0.00,0.000,0,backDouble,0,0.00,0.00,0.00,-260.515,307.976,15.964,-4.19,18.32,69.09,3.300,0.339,0.07,1.00,1,0,0,0,0,0,18.32,-12.59,-2.32,0.2294,0.1204,0.4731,1,3.300,0,0.421,0,flip_backDouble,flipTuck,1.000,1,-0.216 -0.485 0.233 -0.263 0.275 -0.529 0.199 0.016 0.220 -0.117,-260.52,308.61,15.97,18.01,-4.87,101.49,400,636,888,1084,-0.524,-0.404 -0.472 -0.043 -0.077,-1.0,0,0.000,0.000,0.5102,0.02,backDouble,0.950,-571.9,0.0,-530.3,Tuck,Tuck,157.2,157.9,-173.8,,0.996,89.9,24.5,0.69,-1.0,0.0,0,17950
139,2.3167,air,trick,-257.520,307.161,17.338,0.000,-35.729,0.322,35.730,35.729,16.447,0.00,0.00,0.00,0.00,0.000,0,backDouble,0,0.00,0.00,0.00,-260.511,307.342,15.955,-3.47,18.60,69.09,3.300,0.335,0.07,1.00,1,0,0,0,0,0,18.60,-12.67,-2.33,0.2199,0.1198,0.4766,1,3.300,0,0.421,0,flip_backDouble,flipTuck,1.000,1,-0.292 -0.451 0.169 -0.297 0.203 -0.562 0.189 -0.013 0.207 -0.146,-260.52,307.98,15.96,18.32,-4.19,101.49,408,632,872,1068,-0.487,-0.441 -0.504 -0.075 -0.106,-1.0,0,0.000,0.000,0.5016,0.02,backDouble,0.967,-580.6,0.0,-517.2,Tuck,Tuck,148.9,149.3,-174.2,,0.997,90.7,24.8,0.69,-1.0,0.0,0,17955
140,2.3333,air,trick,-257.520,306.566,17.341,0.000,-35.657,0.142,35.658,35.657,16.450,0.00,0.00,0.00,0.00,0.000,0,backDouble,0,0.00,0.00,0.00,-260.506,306.708,15.944,-2.73,18.86,69.10,3.300,0.331,0.07,1.00,1,0,0,0,0,0,18.86,-12.75,-2.35,0.2078,0.1189,0.4788,1,3.300,0,0.421,0,flip_backDouble,flipTuck,1.000,1,-0.360 -0.408 0.102 -0.321 0.129 -0.584 0.176 -0.040 0.189 -0.173,-260.51,307.34,15.95,18.60,-3.47,101.50,416,620,852,1052,-0.439,-0.466 -0.524 -0.104 -0.133,-1.0,0,0.000,0.000,0.4922,0.02,backDouble,0.983,-589.2,0.0,-504.9,Tuck,Tuck,140.6,140.8,-174.6,,0.997,91.4,25.0,0.69,-1.0,0.0,0,17960
141,2.3500,air,trick,-257.520,305.973,17.341,0.000,-35.586,-0.038,35.586,35.586,16.450,0.00,0.00,0.00,0.00,0.000,0,backDouble,0,0.00,0.00,0.00,-260.502,306.076,15.931,-1.98,19.09,69.10,3.300,0.327,0.07,1.00,1,0,0,0,0,0,19.09,-12.82,-2.37,0.2022,0.1228,0.4820,1,3.300,0,0.421,0,flip_backDouble,flipTuck,1.000,1,-0.419 -0.356 0.034 -0.334 0.053 -0.596 0.159 -0.064 0.169 -0.196,-260.51,306.71,15.94,18.86,-2.73,101.50,416,616,832,1040,-0.384,-0.480 -0.534 -0.130 -0.157,-1.0,0,0.000,0.000,0.4866,0.02,backDouble,1.000,-597.5,0.0,-493.5,Tuck,Tuck,132.5,132.6,-174.9,,0.997,92.1,25.3,0.69,-1.0,0.0,0,17965
142,2.3667,air,trick,-257.520,305.380,17.338,0.000,-35.515,-0.218,35.516,35.515,16.447,0.00,0.00,0.00,0.00,0.000,0,backDouble,0,0.00,0.00,0.00,-260.497,305.445,15.916,-1.24,19.31,69.10,3.300,0.322,0.07,1.00,1,0,0,0,0,0,19.31,-12.89,-2.38,0.2068,0.1277,0.4837,1,3.300,0,0.421,0,flip_backDouble,flipTuck,1.000,1,-0.468 -0.298 -0.033 -0.336 -0.022 -0.597 0.139 -0.085 0.145 -0.216,-260.50,306.08,15.93,19.09,-1.98,101.51,416,608,812,1040,-0.322,-0.483 -0.533 -0.153 -0.178,-1.0,0,0.000,0.000,0.4830,0.02,backDouble,1.017,-605.6,0.0,-482.9,Tuck,Tuck,124.5,124.6,-175.2,,0.998,92.9,25.5,0.69,-1.0,0.0,0,17969
143,2.3833,air,trick,-257.520,304.789,17.332,0.000,-35.444,-0.398,35.446,35.444,16.441,0.00,0.00,0.00,0.00,0.000,0,backDouble,0,0.00,0.00,0.00,-260.493,304.815,15.900,-0.50,19.52,69.10,3.300,0.318,0.07,1.00,1,0,0,0,0,0,19.52,-12.96,-2.40,0.2090,0.1305,0.4843,1,3.300,0,0.421,0,flip_backDouble,flipTuck,1.000,1,-0.508 -0.235 -0.098 -0.330 -0.095 -0.589 0.117 -0.103 0.119 -0.233,-260.50,305.44,15.92,19.31,-1.24,101.51,416,608,796,1040,-0.255,-0.477 -0.523 -0.172 -0.195,-1.0,0,0.000,0.000,0.4799,0.02,backDouble,1.033,-613.6,0.0,-473.3,Tuck,Tuck,116.7,116.7,-175.5,,0.998,93.6,25.7,0.69,-1.0,0.0,0,17972
144,2.4000,air,trick,-257.520,304.199,17.323,0.000,-35.373,-0.578,35.378,35.373,16.432,0.00,0.00,0.00,0.00,0.000,0,backDouble,0,0.00,0.00,0.00,-260.488,304.185,15.881,0.29,19.70,69.10,3.300,0.313,0.07,1.00,1,0,0,0,0,0,19.70,-13.02,-2.42,0.2092,0.1312,0.4838,1,3.300,0,0.421,0,flip_backDouble,flipTuck,1.000,1,-0.537 -0.168 -0.160 -0.314 -0.166 -0.572 0.094 -0.117 0.091 -0.247,-260.49,304.81,15.90,19.52,-0.50,101.51,416,612,784,1036,-0.185,-0.461 -0.504 -0.187 -0.208,-1.0,0,0.000,0.000,0.4772,0.01,backDouble,1.050,-621.4,0.0,-464.4,Tuck,Tuck,109.0,109.0,-175.7,,0.998,94.3,25.9,0.56,-1.0,0.0,0,17975
145,2.4167,air,trick,-257.520,303.611,17.311,0.000,-35.302,-0.758,35.311,35.302,16.420,0.00,0.00,0.00,0.00,0.000,0,backDouble,0,0.00,0.00,0.00,-260.483,303.551,15.860,1.15,19.88,69.09,3.300,0.309,0.07,1.00,1,0,0,0,0,0,19.88,-13.07,-2.43,0.2129,0.1302,0.4794,1,3.300,0,0.421,0,flip_backDouble,flipTuck,1.000,1,-0.557 -0.099 -0.218 -0.290 -0.233 -0.547 0.070 -0.127 0.062 -0.257,-260.49,304.18,15.88,19.70,0.29,101.50,416,612,776,1032,-0.112,-0.437 -0.476 -0.198 -0.218,-1.0,0,0.000,0.000,0.4750,0.01,backDouble,1.067,-629.1,0.0,-456.5,Tuck,Tuck,101.4,101.4,-175.7,,0.998,95.2,26.1,0.56,-1.0,0.0,0,17978
146,2.4333,air,trick,-257.520,303.023,17.297,0.000,-35.232,-0.938,35.244,35.232,16.406,0.00,0.00,0.00,0.00,0.000,0,backDouble,0,0.00,0.00,0.00,-260.477,302.917,15.836,2.07,20.04,69.09,3.300,0.305,0.07,1.00,1,0,0,0,0,0,20.04,-13.13,-2.45,0.2221,0.1273,0.4704,1,3.300,0,0.421,0,flip_backDouble,flipTuck,1.000,1,-0.567 -0.029 -0.270 -0.258 -0.295 -0.514 0.045 -0.134 0.032 -0.263,-260.48,303.55,15.86,19.88,1.15,101.50,416,608,768,1024,-0.039,-0.406 -0.442 -0.206 -0.224,-1.0,0,0.000,0.000,0.4733,0.01,backDouble,1.083,-636.6,0.0,-449.5,Tuck,Tuck,93.9,93.9,-174.6,,0.999,96.1,26.3,0.56,-1.0,0.0,0,17981
147,2.4500,air,trick,-257.520,302.437,17.279,0.000,-35.161,-1.118,35.179,35.161,16.388,0.00,0.00,0.00,0.00,0.000,0,backDouble,0,0.00,0.00,0.00,-260.471,302.281,15.811,3.02,20.18,69.08,3.300,0.300,0.07,1.00,1,0,0,0,0,0,20.18,-13.18,-2.47,0.2291,0.1232,0.4606,1,3.300,0,0.421,0,flip_backDouble,flipTuck,1.000,1,-0.567 0.042 -0.316 -0.220 -0.352 -0.475 0.020 -0.137 0.002 -0.265,-260.48,302.92,15.84,20.04,2.07,101.49,408,604,768,1020,0.034,-0.367 -0.401 -0.209 -0.226,-1.0,0,0.000,0.000,0.4719,0.01,backDouble,1.100,-644.0,0.0,-443.3,Tuck,Tuck,86.6,86.6,0.7,,0.999,97.0,26.4,0.56,-1.0,0.0,0,17983
148,2.4667,air,trick,-257.520,301.852,17.258,0.000,-35.091,-1.298,35.115,35.091,16.367,0.00,0.00,0.00,0.00,0.000,0,backDouble,0,0.00,0.00,0.00,-260.465,301.646,15.783,3.99,20.32,69.07,3.300,0.296,0.07,1.00,1,0,0,0,0,0,20.32,-13.22,-2.48,0.2336,0.1210,0.4513,1,3.300,0,0.421,0,flip_backDouble,flipTuck,1.000,1,-0.559 0.104 -0.352 -0.180 -0.398 -0.434 -0.002 -0.136 -0.026 -0.264,-260.47,302.28,15.81,20.18,3.02,101.49,392,592,768,1012,0.098,-0.328 -0.359 -0.210 -0.225,-1.0,0,0.000,0.000,0.4698,0.01,backDouble,1.117,-651.4,0.0,-438.0,Tuck,Tuck,80.0,80.0,2.0,,0.999,97.9,26.6,0.56,-1.0,0.0,0,17985
149,2.4833,air,trick,-257.520,301.268,17.234,0.000,-35.021,-1.478,35.052,35.021,16.343,0.00,0.00,0.00,0.00,0.000,0,backDouble,0,0.00,0.00,0.00,-260.458,301.013,15.752,4.97,20.44,69.06,3.300,0.291,0.07,1.00,1,0,0,0,0,0,20.44,-13.26,-2.50,0.2377,0.1193,0.4433,1,3.300,0,0.420,0,flip_backDouble,flipTuck,1.000,1,-0.546 0.161 -0.394 -0.136 -0.454 -0.397 -0.019 -0.134 -0.048 -0.261,-260.46,301.65,15.78,20.32,3.99,101.48,380,588,768,1004,0.157,-0.288 -0.318 -0.208 -0.223,-1.0,0,0.000,0.000,0.4680,0.01,backDouble,1.133,-658.6,0.0,-433.6,Tuck,Tuck,74.0,74.0,2.1,,0.999,98.9,26.7,0.56,-1.0,0.0,0,17986
150,2.5000,air,trick,-257.520,300.685,17.207,0.000,-34.951,-1.658,34.990,34.951,16.316,0.00,0.00,0.00,0.00,0.000,0,backDouble,0,0.00,0.00,0.00,-260.450,300.380,15.719,5.94,20.55,69.05,3.300,0.287,0.07,1.00,1,0,0,0,0,0,20.55,-13.30,-2.52,0.2398,0.1186,0.4348,1,3.300,0,0.420,0,flip_backDouble,flipTuck,1.000,1,-0.528 0.219 -0.460 -0.069 -0.537 -0.353 -0.032 -0.130 -0.067 -0.257,-260.46,301.01,15.75,20.44,4.97,101.47,368,584,776,1000,0.216,-0.234 -0.264 -0.206 -0.219,-1.0,0,0.000,0.000,0.4663,0.01,backDouble,1.150,-665.8,0.0,-410.1,Tuck,Tuck,67.8,67.8,2.1,,0.999,99.8,26.8,0.56,-1.0,0.0,0,17988
151,2.5167,air,trick,-257.520,300.103,17.177,0.000,-34.881,-1.838,34.929,34.881,16.286,0.00,0.00,0.00,0.00,0.000,0,backDouble,0,0.00,0.00,0.00,-260.442,299.750,15.684,6.89,20.65,69.04,3.300,0.283,0.07,1.00,1,0,0,0,0,0,20.65,-13.33,-2.53,0.2343,0.1301,0.4242,1,3.300,0,0.420,0,flip_backDouble,flipTuck,1.000,1,-0.508 0.269 -0.538 0.023 -0.637 -0.290 -0.039 -0.128 -0.079 -0.254,-260.45,300.38,15.72,20.55,5.94,101.46,356,564,780,996,0.268,-0.157 -0.187 -0.204 -0.216,-1.0,0,0.000,0.000,0.4595,0.01,backDouble,1.167,-671.9,0.0,-323.6,Tuck,Tuck,62.3,62.3,2.0,,0.999,100.7,26.9,0.56,-1.0,0.0,0,17989
152,2.5333,air,trick,-257.520,299.523,17.144,0.000,-34.811,-2.018,34.870,34.811,16.253,0.00,0.00,0.00,0.00,0.000,0,backDouble,0,0.00,0.00,0.00,-260.150,299.162,15.830,7.82,20.08,69.03,2.962,0.279,0.07,1.00,1,0,0,0,0,0,20.08,-13.36,-2.55,0.2431,0.1735,0.4071,1,2.962,0,0.420,0,flip_backDouble,flipTuck,1.000,1,-0.489 0.310 -0.615 0.133 -0.737 -0.197 -0.039 -0.130 -0.084 -0.252,-260.44,299.75,15.68,20.65,6.89,101.45,344,540,748,996,0.309,-0.054 -0.084 -0.203 -0.214,-1.0,0,0.000,0.000,0.4410,0.01,backDouble,1.183,-676.6,0.0,-238.9,Tuck,Tuck,57.9,57.9,1.8,,0.999,101.6,27.0,0.56,-1.0,0.0,0,17991
153,2.5500,air,trick,-257.520,298.944,17.108,0.000,-34.742,-2.198,34.811,34.742,3.338,0.00,0.00,0.00,0.00,0.000,0,backDouble,0,0.00,0.00,0.00,-259.883,298.588,15.968,8.56,19.26,69.01,2.648,0.274,0.07,1.00,1,0,0,0,0,0,19.26,-13.17,-2.57,0.3028,0.2245,0.3887,1,2.648,0,0.420,0,flip_backDouble,flipKickout,1.000,1,-0.471 0.342 -0.678 0.258 -0.818 -0.074 -0.035 -0.134 -0.085 -0.251,-260.15,299.16,15.83,20.08,7.82,101.43,320,552,684,1000,0.341,0.074 0.044 -0.204 -0.215,-1.0,0,0.000,0.000,0.4202,0.01,backDouble,1.200,-680.0,0.0,-178.7,Kickout,Tuck,54.3,54.3,1.7,,0.999,102.3,27.0,0.00,-1.0,0.0,0,17992
154,2.5667,air,trick,-257.520,298.365,17.070,0.000,-34.672,-2.378,34.754,34.672,2.892,0.00,0.00,0.00,0.00,0.000,0,backDouble,0,0.00,0.00,0.00,-259.631,298.032,16.107,8.97,18.01,69.00,2.344,0.270,0.06,1.00,1,0,0,0,0,0,18.01,-12.64,-2.58,0.4155,0.2789,0.3457,1,2.344,0,0.420,0,flip_backDouble,flipKickout,1.000,1,-0.454 0.370 -0.712 0.384 -0.862 0.066 -0.031 -0.141 -0.082 -0.250,-259.88,298.59,15.97,19.26,8.56,101.42,248,564,628,1004,0.369,0.212 0.184 -0.206 -0.215,-1.0,0,0.000,0.000,0.3991,0.01,backDouble,1.217,-682.7,0.0,-138.9,Kickout,Tuck,51.2,51.1,1.6,,0.999,102.6,26.7,0.00,-1.0,0.0,0,17993
155,2.5833,air,trick,-257.520,297.788,17.028,0.000,-34.603,-2.558,34.697,34.603,2.443,0.00,0.00,0.00,0.00,0.000,0,backDouble,0,0.00,0.00,0.00,-259.073,298.226,17.035,5.37,15.31,68.98,1.614,0.266,0.06,1.00,1,0,0,0,0,0,-60.31,-11.90,-2.60,0.6923,0.6992,0.6105,0,1.614,0,0.420,0,flip_backDouble,flipKickout,1.000,1,-0.438 0.389 -0.748 0.475 -0.839 0.197 -0.039 -0.157 -0.070 -0.252,-259.63,298.03,16.11,18.01,8.97,101.40,156,576,576,1008,0.395,0.343 0.318 -0.211 -0.219,-1.0,0,0.000,0.000,0.0384,0.01,backDouble,1.233,-684.7,0.0,-112.8,Kickout,Tuck,48.0,48.0,1.5,,0.999,102.7,26.2,0.00,-1.0,0.0,7,17993
156,2.6000,air,trick,-257.520,297.213,16.983,0.000,-34.534,-2.738,34.642,34.534,1.991,0.00,0.00,0.00,0.00,0.000,0,backDouble,0,0.00,0.00,0.00,-258.500,298.220,17.974,1.77,12.61,68.97,1.720,0.262,0.06,1.00,1,0,0,0,0,0,-60.31,-11.02,-2.62,3.3286,6.5454,2.5186,0,1.720,0,0.420,0,flip_backDouble,flipKickout,1.000,1,-0.417 0.411 -0.748 0.554 -0.779 0.316 -0.050 -0.203 -0.061 -0.288,-259.07,298.23,17.04,15.31,5.37,101.39,372,1008,0,728,0.420,0.455 0.431 -0.249 -0.258,-1.0,0,0.000,0.000,-3.1645,0.01,backDouble,1.250,-686.5,0.0,-95.6,Kickout,Tuck,44.8,44.8,1.4,,1.000,102.6,25.6,0.00,-1.0,0.0,7,17994
157,2.6167,air,trick,-257.520,296.638,16.935,0.000,-34.465,-2.918,34.588,34.465,1.538,0.00,0.00,0.00,0.00,0.000,0,backDouble,0,0.00,0.00,0.00,-257.940,297.906,18.867,-1.83,9.91,68.95,2.349,0.258,0.06,1.00,1,0,0,0,0,0,-60.32,-10.09,-2.63,1.0000,1.0000,-1.0000,0,2.349,0,0.420,0,flip_backDouble,flipKickout,1.000,1,-0.391 0.435 -0.722 0.613 -0.690 0.413 -0.063 -0.288 -0.050 -0.363,-258.50,298.22,17.97,12.61,1.77,101.37,-1,-1,-1,-1,0.445,0.538 0.515 -0.327 -0.336,-1.0,0,0.000,1.000,-1.0000,0.01,backDouble,1.267,-688.0,0.0,-84.2,Kickout,Tuck,41.3,41.3,1.3,,1.000,102.3,24.8,0.00,-1.0,0.0,7,17995
158,2.6333,air,trick,-257.520,296.064,16.884,0.000,-34.396,-3.098,34.535,34.396,1.082,0.00,0.00,0.00,0.00,0.000,0,backDouble,0,0.00,0.00,0.00,-257.502,297.137,19.521,-5.43,7.21,68.93,2.846,0.254,0.06,1.00,1,0,0,0,0,0,-60.32,-9.13,-2.65,1.0000,1.0000,-1.0000,0,2.846,0,0.420,0,flip_backDouble,flipKickout,1.000,1,-0.364 0.457 -0.688 0.639 -0.585 0.479 -0.070 -0.409 -0.029 -0.472,-257.94,297.91,18.87,9.91,-1.83,101.35,-1,-1,-1,-1,0.466,0.584 0.561 -0.440 -0.449,-1.0,0,0.000,1.000,-1.0000,0.01,backDouble,1.283,-689.3,0.0,-77.2,Kickout,Tuck,38.2,38.2,1.2,,1.000,101.9,24.0,0.00,-1.0,0.0,7,17995
159,2.6500,air,trick,-257.520,295.492,16.830,0.000,-34.327,-3.278,34.483,34.327,0.625,0.00,0.00,0.00,0.00,0.000,0,backDouble,0,0.00,0.00,0.00,-257.460,296.490,19.530,-9.03,4.51,68.92,2.879,0.251,0.06,1.00,1,0,0,0,0,0,-60.32,-8.20,-2.67,1.0000,1.0000,-1.0000,0,2.879,0,0.420,0,flip_backDouble,flipKickout,1.000,1,-0.344 0.473 -0.664 0.627 -0.479 0.513 -0.057 -0.555 0.015 -0.599,-257.50,297.14,19.52,7.21,-5.43,101.33,-1,-1,-1,-1,0.479,0.591 0.569 -0.575 -0.584,-1.0,0,0.000,1.000,-1.0000,0.01,backDouble,1.300,-690.6,0.0,-73.6,Kickout,Kickout,36.1,36.1,1.1,,1.000,101.4,23.1,0.00,-1.0,0.0,6,17996
160,2.6667,air,trick,-257.520,294.921,16.773,0.000,-34.259,-3.458,34.433,34.259,0.912,0.00,0.00,0.00,0.00,0.000,0,backDouble,0,0.00,0.00,0.00,-257.461,295.919,19.473,-12.63,1.81,68.90,2.879,0.247,0.06,1.00,1,0,0,0,0,0,-60.33,-7.30,-2.68,1.0000,1.0000,-1.0000,0,2.879,0,0.420,0,flip_backDouble,flipKickout,1.000,1,-0.323 0.489 -0.638 0.610 -0.364 0.550 -0.018 -0.694 0.082 -0.716,-257.46,296.49,19.53,4.51,-9.03,101.31,-1,-1,-1,-1,0.491,0.595 0.573 -0.702 -0.710,-1.0,0,0.000,1.000,-1.0000,0.01,backDouble,1.317,-691.8,0.0,-72.9,Kickout,Kickout,34.1,34.1,1.0,,1.000,100.8,22.2,0.00,-1.0,0.0,6,17996
161,2.6833,air,trick,-257.520,294.351,16.713,0.000,-34.190,-3.638,34.383,34.190,1.400,0.00,0.00,0.00,0.00,0.000,0,backDouble,0,0.00,0.00,0.00,-257.996,295.472,18.622,-16.23,-0.89,68.88,2.264,0.243,0.06,1.00,1,0,0,0,0,0,12.10,-6.46,-2.70,13.2391,9.5352,7.5627,0,2.264,0,0.420,0,flip_backDouble,flipKickout,1.000,1,-0.299 0.505 -0.614 0.590 -0.247 0.589 0.042 -0.796 0.159 -0.797,-257.46,295.92,19.47,1.81,-12.63,101.30,-1,-1,-1,-1,0.503,0.598 0.577 -0.793 -0.799,-1.0,0,0.000,1.000,-4.5035,0.01,backDouble,1.333,-693.0,0.0,-72.9,Kickout,Kickout,32.0,32.0,0.9,,1.000,100.1,21.3,0.00,-1.0,0.0,7,17997
162,2.7000,air,trick,-257.520,293.782,16.651,0.000,-34.122,-3.818,34.335,34.122,15.760,0.00,0.00,0.00,0.00,0.000,0,backDouble,0,0.00,0.00,0.00,-258.566,294.939,17.847,-19.83,-3.59,68.86,1.966,0.240,0.06,1.00,1,0,0,0,0,0,12.95,-5.88,-2.72,1.3360,0.7931,1.2473,0,1.966,0,0.420,0,flip_backDouble,flipKickout,1.000,1,-0.275 0.520 -0.592 0.568 -0.132 0.628 0.106 -0.851 0.228 -0.835,-258.00,295.47,18.62,-0.89,-16.23,101.27,-1,-1,-1,-1,0.515,0.600 0.580 -0.838 -0.842,-1.0,0,0.000,1.000,0.0231,0.01,backDouble,1.350,-694.2,0.0,-72.9,Kickout,Kickout,29.9,29.9,0.8,,1.000,99.6,20.4,0.12,-1.0,0.0,7,17997
163,2.7167,air,trick,-257.520,293.214,16.585,0.000,-34.054,-3.998,34.287,34.054,15.694,0.00,0.00,0.00,0.00,0.000,0,backDouble,0,0.00,0.00,0.00,-259.164,294.335,17.149,-23.43,-6.29,68.84,2.069,0.236,0.06,1.00,1,0,0,0,0,0,13.55,-5.69,-2.73,0.8366,0.4024,0.6910,0,2.069,0,0.420,0,flip_backDouble,flipKickout,1.000,1,-0.251 0.534 -0.573 0.543 -0.022 0.664 0.154 -0.873 0.276 -0.846,-258.57,294.94,17.85,-3.59,-19.83,101.25,664,1080,0,692,0.525,0.601 0.582 -0.851 -0.854,-1.0,0,0.000,0.000,0.3135,0.01,backDouble,1.367,-695.4,0.0,-72.9,Kickout,Kickout,27.8,27.8,0.8,,1.000,99.3,19.8,0.12,-1.0,0.0,7,17998
164,2.7333,air,trick,-257.520,292.647,16.516,0.000,-33.985,-4.178,34.241,33.985,15.625,0.00,0.00,0.00,0.00,0.000,0,backDouble,0,0.00,0.00,0.00,-259.691,293.601,16.522,-23.71,-6.40,68.82,2.371,0.233,0.06,1.00,1,0,0,0,0,0,13.10,-5.77,-2.75,0.7635,0.2793,0.4112,1,2.371,0,0.420,0,flip_backDouble,flipKickout,1.000,1,-0.233 0.543 -0.528 0.539 0.037 0.665 0.190 -0.873 0.300 -0.848,-259.16,294.34,17.15,-6.29,-23.43,101.23,364,1080,324,964,0.534,0.601 0.584 -0.852 -0.854,-1.0,0,0.000,0.000,0.4384,0.01,backDouble,1.383,-696.6,0.0,-72.9,Kickout,Kickout,25.7,25.7,0.7,,1.000,99.3,19.3,0.12,-1.0,0.0,1,17998
165,2.7500,air,trick,-257.520,292.081,16.444,0.000,-33.918,-4.358,34.196,33.918,15.553,0.00,0.00,0.00,0.00,0.000,0,backDouble,0,0.00,0.00,0.00,-260.120,292.739,15.989,-20.11,-3.70,68.80,2.720,0.229,0.05,1.00,1,0,0,0,0,0,12.79,-6.03,-2.77,0.7143,0.2033,0.2853,0,2.720,0,0.420,0,flip_backDouble,flipKickout,1.000,1,-0.222 0.547 -0.448 0.562 0.040 0.632 0.210 -0.866 0.302 -0.852,-259.69,293.60,16.52,-6.40,-23.71,101.21,104,824,656,1084,0.543,0.601 0.585 -0.853 -0.854,-1.0,0,0.000,0.000,0.5098,0.01,backDouble,1.400,-697.8,0.0,-72.9,Kickout,Kickout,23.7,23.7,0.7,,1.000,99.5,19.0,0.12,-1.0,0.0,7,17998
166,2.7667,air,trick,-257.520,291.517,16.369,0.000,-33.850,-4.538,34.152,33.850,15.478,0.00,0.00,0.00,0.00,0.000,0,backDouble,0,0.00,0.00,0.00,-260.426,291.769,15.570,-16.51,-1.00,68.77,3.024,0.226,0.05,1.00,1,0,0,0,0,0,12.60,-6.40,-2.78,0.6746,0.1484,0.2264,0,3.024,0,0.420,0,flip_backDouble,flipKickout,1.000,1,-0.209 0.551 -0.366 0.589 0.039 0.597 0.218 -0.859 0.294 -0.856,-260.12,292.74,15.99,-3.70,-20.11,101.19,0,672,852,1152,0.550,0.600 0.585 -0.855 -0.857,-1.0,0,0.000,0.000,0.5740,0.00,backDouble,1.417,-699.1,0.0,-72.9,Kickout,Kickout,21.8,21.8,0.6,,1.000,99.8,18.8,0.12,-1.0,0.0,7,17998
167,2.7833,air,trick,-257.520,290.954,16.291,0.000,-33.782,-4.718,34.110,33.782,15.400,0.00,0.00,0.00,0.00,0.000,0,backDouble,0,0.00,0.00,0.00,-260.594,290.723,15.276,-12.91,1.70,68.75,3.246,0.223,0.05,1.00,1,0,0,0,0,0,12.50,-6.85,-2.80,0.6486,0.1167,0.2110,0,3.246,0,0.420,0,flip_backDouble,flipKickout,1.000,1,-0.196 0.555 -0.288 0.618 0.032 0.563 0.226 -0.851 0.285 -0.860,-260.43,291.77,15.57,-1.00,-16.51,101.17,0,596,1012,1224,0.556,0.599 0.585 -0.857 -0.859,-1.0,0,0.000,0.000,0.6380,0.00,backDouble,1.433,-700.3,0.0,-72.9,Kickout,Kickout,20.0,20.0,0.6,,1.000,100.2,18.7,0.12,-1.0,0.0,7,17998
168,2.8000,air,trick,-257.520,290.391,16.210,0.000,-33.715,-4.898,34.068,33.715,15.319,0.00,0.00,0.00,0.00,0.000,0,backDouble,0,0.00,0.00,0.00,-260.617,289.970,15.151,-9.31,4.40,68.73,3.300,0.220,0.05,1.00,1,0,0,0,0,0,12.48,-7.32,-2.82,0.6232,0.1149,0.2468,0,3.300,0,0.420,0,flip_backDouble,flipKickout,1.000,1,-0.182 0.557 -0.213 0.648 0.019 0.527 0.236 -0.842 0.276 -0.864,-260.59,290.72,15.28,1.70,-12.91,101.14,0,568,1100,1312,0.562,0.597 0.584 -0.858 -0.861,-1.0,0,0.000,0.000,0.6379,0.00,backDouble,1.450,-701.5,0.0,-72.9,Kickout,Kickout,18.3,18.3,0.5,,1.000,100.7,18.7,0.12,-1.0,0.0,6,17999
169,2.8167,air,trick,-257.520,289.830,16.126,0.000,-33.647,-5.078,34.028,33.647,15.235,0.00,0.00,0.00,0.00,0.000,0,backDouble,0,0.00,0.00,0.00,-260.611,289.377,15.065,-5.71,7.10,68.71,3.300,0.217,0.05,1.00,1,0,0,0,0,0,12.53,-7.81,-2.83,0.5973,0.1108,0.2945,0,3.300,0,0.420,0,flip_backDouble,flipKickout,1.000,1,-0.169 0.559 -0.142 0.678 0.000 0.490 0.246 -0.832 0.266 -0.867,-260.62,289.97,15.15,4.40,-9.31,101.12,0,596,1100,1308,0.566,0.596 0.584 -0.858 -0.862,-1.0,0,0.000,0.000,0.6152,0.00,backDouble,1.467,-702.7,0.0,-72.9,Kickout,Kickout,16.7,16.7,0.5,,1.000,101.2,18.8,0.12,-1.0,0.0,6,17999
170,2.8333,air,trick,-257.520,289.270,16.040,0.000,-33.580,-5.258,33.989,33.580,15.149,0.00,0.00,0.00,0.00,0.000,0,backDouble,0,0.00,0.00,0.00,-260.605,288.782,14.973,-2.11,9.80,68.68,3.300,0.214,0.05,1.00,1,0,0,0,0,0,12.62,-8.28,-2.85,0.5768,0.1071,0.3392,1,3.300,0,0.420,0,flip_backDouble,flipKickout,1.000,1,-0.156 0.560 -0.078 0.707 -0.025 0.453 0.257 -0.821 0.256 -0.870,-260.61,289.38,15.06,7.10,-5.71,101.10,48,632,1064,1264,0.570,0.595 0.584 -0.858 -0.864,-1.0,0,0.000,0.000,0.5939,0.00,backDouble,1.483,-703.9,0.0,-72.9,Kickout,Kickout,15.3,15.3,0.4,,1.000,101.8,18.9,0.12,-1.0,0.0,6,17999
171,2.8500,air,trick,-257.520,288.712,15.950,0.000,-33.513,-5.438,33.951,33.513,15.059,0.00,0.00,0.00,0.00,0.000,0,backDouble,0,0.00,0.00,0.00,-260.600,288.196,14.882,1.49,12.50,68.66,3.300,0.211,0.05,1.00,1,0,0,0,0,0,12.64,-8.72,-2.87,0.5616,0.1036,0.3827,1,3.300,0,0.420,0,flip_backDouble,flipKickout,1.000,1,-0.144 0.560 -0.020 0.735 -0.057 0.415 0.267 -0.811 0.245 -0.871,-260.60,288.78,14.97,9.80,-2.11,101.07,100,668,1028,1220,0.573,0.595 0.584 -0.858 -0.864,-1.0,0,0.000,0.000,0.5723,0.00,backDouble,1.500,-705.1,0.0,-72.9,Kickout,Kickout,14.1,14.1,0.4,,1.000,102.2,18.9,0.00,-1.0,0.0,6,17999
172,2.8667,air,trick,-257.520,288.154,15.857,0.000,-33.446,-5.618,33.914,33.446,14.966,0.00,0.00,0.00,0.00,0.000,0,backDouble,0,0.00,0.00,0.00,-260.600,287.626,14.798,5.09,12.49,68.64,3.300,0.208,0.05,1.00,1,0,0,0,0,0,12.49,-9.13,-2.88,0.5589,0.0996,0.3860,1,3.300,0,0.420,0,flip_backDouble,flipKickout,1.000,1,-0.133 0.564 0.030 0.738 -0.094 0.417 0.276 -0.814 0.236 -0.875,-260.60,288.20,14.88,12.50,1.49,101.05,156,708,988,1176,0.576,0.598 0.585 -0.858 -0.865,-1.0,0,0.000,0.000,0.5480,0.00,backDouble,1.517,-706.4,0.0,-72.9,Kickout,Kickout,13.0,13.0,0.4,,1.000,102.4,18.7,0.00,-1.0,0.0,4,17999
173,2.8833,air,trick,-257.520,287.597,15.761,0.000,-33.379,-5.798,33.879,33.379,14.870,0.00,0.00,0.00,0.00,0.000,0,backDouble,0,0.00,0.00,0.00,-260.606,287.068,14.717,8.69,12.21,68.62,3.300,0.205,0.05,1.00,1,0,0,0,0,0,12.21,-9.51,-2.90,0.5590,0.0961,0.3860,1,3.300,0,0.420,0,flip_backDouble,flipKickout,1.000,1,-0.123 0.568 0.074 0.741 -0.134 0.424 0.282 -0.820 0.227 -0.879,-260.60,287.63,14.80,12.49,5.09,101.02,156,708,952,1124,0.578,0.605 0.587 -0.858 -0.865,-1.0,0,0.000,0.000,0.5221,0.00,backDouble,1.533,-707.6,0.0,-72.9,Kickout,Kickout,12.1,12.1,0.3,,1.000,102.4,18.4,0.00,-1.0,0.0,4,17999
174,2.9000,air,trick,-257.520,287.042,15.662,0.000,-33.312,-5.978,33.844,33.312,14.771,0.00,0.00,0.00,0.00,0.000,0,backDouble,0,0.00,0.00,0.00,-260.614,286.522,14.639,9.54,11.83,68.59,3.300,0.202,0.05,1.00,1,0,0,0,0,0,11.83,-9.85,-2.92,0.5609,0.0947,0.3848,1,3.300,0,0.420,0,flip_backDouble,flipKickout,1.000,1,-0.114 0.571 0.080 0.746 -0.144 0.433 0.281 -0.823 0.227 -0.879,-260.61,287.07,14.72,12.21,8.69,101.00,160,708,908,1072,0.580,0.614 0.590 -0.859 -0.864,-1.0,0,0.000,0.000,0.5145,0.00,backDouble,1.550,-708.8,0.0,-72.9,Kickout,Kickout,11.2,11.2,0.3,,1.000,102.1,18.1,0.00,-1.0,0.0,0,17999
175,2.9167,air,trick,-257.520,286.487,15.560,0.000,-33.246,-6.158,33.811,33.246,14.669,0.00,0.00,0.00,0.00,0.000,0,backDouble,0,0.00,0.00,0.00,-260.625,285.983,14.563,9.22,11.37,68.57,3.300,0.200,0.04,1.00,1,0,0,0,0,0,11.37,-10.15,-2.93,0.5637,0.0940,0.3838,1,3.300,0,0.420,0,flip_backDouble,flipKickout,1.000,1,-0.106 0.573 0.067 0.750 -0.145 0.445 0.276 -0.826 0.232 -0.878,-260.61,286.52,14.64,11.83,9.54,100.98,156,708,896,1056,0.582,0.623 0.595 -0.860 -0.863,-1.0,0,0.000,0.000,0.5139,0.00,backDouble,1.567,-710.0,0.0,-72.9,Kickout,Kickout,10.4,10.4,0.3,,1.000,101.7,17.6,0.00,-1.0,0.0,0,17999
176,2.9333,swing,swingLow,-257.555,286.019,15.304,-4.121,-23.100,-24.461,33.896,23.464,14.413,-234.00,263.96,41.24,33.75,0.073,1,,0,0.00,0.00,0.00,-260.672,285.537,14.335,8.77,10.85,68.55,3.300,0.197,0.04,1.00,1,0,0,0,0,0,10.85,-10.38,-2.95,0.5644,0.1088,0.3778,1,3.300,0,0.420,0,flip_backDouble,flipKickout,1.000,1,-0.152 0.552 -0.037 0.803 -0.175 0.369 0.340 -0.774 0.324 -0.844,-260.63,285.98,14.56,11.37,9.22,100.95,152,708,900,1052,0.570,0.693 0.522 -0.823 -0.845,37.1,1,0.000,0.000,0.5190,0.00,,-1.000,0.0,0.0,0.0,,,15.5,12.8,9.1,,0.985,101.3,17.1,-1.00,-1.0,0.0,0,17806
177,2.9500,swing,swingLow,-257.616,285.629,14.896,-3.492,-23.628,-24.344,34.105,23.885,14.005,-234.00,263.96,41.24,33.75,0.202,1,,0,0.00,0.00,0.00,-260.746,285.176,14.098,8.17,8.15,68.53,3.262,0.195,0.04,1.00,1,0,0,0,0,0,7.94,-10.54,-2.97,0.5620,0.1295,0.3776,1,3.262,0,0.420,0,swing,flipKickout,1.000,1,-0.185 0.534 -0.135 0.815 -0.196 0.337 0.378 -0.738 0.399 -0.806,-260.67,285.54,14.34,10.85,8.77,100.93,148,700,888,1076,0.554,0.740 0.456 -0.783 -0.815,30.5,1,0.000,0.000,0.5176,0.00,,-1.000,0.0,0.0,0.0,,,20.7,15.1,14.8,,0.947,100.7,16.5,-1.00,-1.0,0.0,2,17306
178,2.9667,swing,swingLow,-257.667,285.230,14.490,-2.886,-24.159,-24.207,34.321,24.330,13.599,-234.00,263.96,41.24,33.75,0.309,1,,0,0.00,0.00,0.00,-259.914,284.933,14.098,7.42,5.45,68.50,2.301,0.194,0.04,1.00,1,0,0,0,0,0,3.59,-10.62,-2.98,0.8419,0.2403,0.3753,0,2.301,0,0.420,0,swing,flipKickout,1.000,1,-0.222 0.508 -0.235 0.809 -0.250 0.328 0.411 -0.682 0.468 -0.754,-260.75,285.18,14.10,8.15,8.17,100.90,152,696,876,1104,0.525,0.764 0.410 -0.721 -0.768,22.6,1,0.000,0.000,0.5205,0.00,,-1.000,0.0,0.0,0.0,,,27.5,18.5,21.8,,0.893,100.1,15.9,-1.00,-1.0,0.0,2,16611
179,2.9833,swing,swingLow,-257.708,284.823,14.087,-2.301,-24.690,-24.050,34.544,24.797,13.196,-234.00,263.96,41.24,33.75,0.398,1,,0,0.00,0.00,0.00,-259.231,285.204,14.916,3.82,2.75,68.56,1.775,0.192,0.04,1.00,1,0,0,0,0,0,-60.40,-10.63,-3.00,1.7201,0.5578,1.2503,0,1.775,0,0.420,0,swing,flipKickout,1.000,1,-0.226 0.481 -0.348 0.796 -0.237 0.335 0.397 -0.641 0.499 -0.709,-259.91,284.93,14.10,5.45,7.42,100.88,36,824,792,1200,0.493,0.778 0.378 -0.665 -0.721,15.6,1,0.000,0.000,0.2976,0.00,,-1.000,0.0,0.0,0.0,,,33.7,20.6,28.8,,0.831,99.4,15.3,-1.00,-1.0,0.0,7,15799
180,3.0000,swing,swingLow,-257.707,284.281,13.816,-1.737,-25.223,-23.871,34.771,25.283,12.925,-234.00,263.96,41.24,33.57,0.474,1,,0,0.00,0.00,0.00,-258.463,285.241,15.702,0.22,0.05,68.76,2.247,0.191,0.04,1.00,1,0,0,0,0,0,-60.40,-10.58,-3.02,1.0000,1.0000,-1.0000,0,2.247,0,0.419,0,swing,flipKickout,1.000,1,-0.212 0.463 -0.431 0.765 -0.219 0.382 0.366 -0.614 0.504 -0.678,-259.23,285.20,14.92,2.75,3.82,100.94,536,1080,168,800,0.463,0.764 0.383 -0.614 -0.678,10.9,1,0.000,0.000,-1.0000,0.00,,-1.000,0.0,0.0,0.0,,,38.6,22.3,34.4,,0.764,98.7,14.7,-1.00,-1.0,0.0,7,14931
181,3.0167,swing,swingLow,-257.687,283.699,13.586,-1.193,-25.759,-23.668,35.002,25.787,12.695,-234.00,263.96,41.24,33.34,0.538,1,,0,0.00,0.00,0.00,-257.677,284.717,16.266,-3.38,-2.65,69.06,2.867,0.191,0.04,1.00,1,0,0,0,0,0,-60.40,-10.48,-3.03,1.0000,1.0000,-1.0000,0,2.867,0,0.419,0,swing,flipKickout,1.000,1,-0.187 0.453 -0.490 0.722 -0.192 0.449 0.325 -0.595 0.490 -0.657,-258.46,285.24,15.70,0.05,0.22,101.15,-1,-1,-1,-1,0.437,0.734 0.406 -0.566 -0.639,8.3,1,0.000,1.000,-1.0000,0.00,,-1.000,0.0,0.0,0.0,,,42.6,23.6,38.9,,0.696,98.0,14.1,-1.00,-1.0,0.0,7,14048
182,3.0333,swing,swingLow,-257.658,283.110,13.363,-0.667,-26.298,-23.439,35.234,26.306,12.472,-234.00,263.96,41.24,33.10,0.594,1,,0,0.00,0.00,0.00,-257.621,284.110,16.063,-6.98,-5.35,69.43,2.879,0.191,0.04,1.00,1,0,0,0,0,0,-60.41,-10.33,-3.05,1.0000,1.0000,-1.0000,0,2.879,0,0.419,0,swing,flipKickout,1.000,1,-0.155 0.447 -0.530 0.672 -0.158 0.522 0.280 -0.580 0.464 -0.647,-257.68,284.72,16.27,-2.65,-3.38,101.47,-1,-1,-1,-1,0.412,0.690 0.436 -0.519 -0.604,8.0,1,0.000,1.000,-1.0000,0.00,,-1.000,0.0,0.0,0.0,,,46.0,25.0,42.8,,0.629,97.3,13.5,-1.00,-1.0,0.0,6,13180
183,3.0500,swing,swingLow,-257.620,282.516,13.146,-0.010,-26.821,-23.206,35.466,26.821,12.255,-234.00,263.96,41.24,32.87,0.643,1,,0,0.00,0.00,0.00,-258.323,283.775,15.286,-10.58,-8.05,69.78,2.580,0.192,0.04,1.00,1,0,0,0,0,0,3.26,-10.15,-3.07,4.9151,0.8092,3.3234,0,2.580,0,0.418,0,swing,flipKickout,1.000,1,-0.119 0.446 -0.554 0.620 -0.115 0.590 0.230 -0.570 0.429 -0.644,-257.62,284.11,16.06,-5.35,-6.98,101.86,-1,-1,-1,-1,0.389,0.639 0.465 -0.472 -0.573,9.3,1,0.000,1.000,-0.1005,0.00,,-1.000,0.0,0.0,0.0,,,49.0,26.7,45.9,,0.565,96.6,12.9,-1.00,-1.0,0.0,7,12347
184,3.0667,swing,swingLow,-257.572,281.917,12.936,0.474,-27.363,-22.925,35.700,27.367,12.045,-234.00,263.96,41.24,32.64,0.686,1,,0,0.00,0.00,0.00,-258.975,283.344,14.511,-14.18,-10.75,70.03,2.547,0.193,0.04,1.00,1,0,0,0,0,0,1.17,-9.94,-3.08,1.1838,0.3210,1.1736,0,2.547,0,0.417,0,swing,flipKickout,1.000,1,-0.081 0.448 -0.562 0.569 -0.068 0.651 0.174 -0.565 0.388 -0.645,-258.32,283.78,15.29,-8.05,-10.58,102.22,984,1080,456,504,0.370,0.585 0.490 -0.429 -0.545,11.0,1,0.000,0.000,0.2139,0.00,,-1.000,0.0,0.0,0.0,,,51.4,28.2,48.6,,0.505,95.9,12.4,-1.00,-1.0,0.0,7,11562
185,3.0833,swing,swingLow,-257.516,281.311,12.734,0.942,-27.906,-22.617,35.932,27.922,11.843,-234.00,263.96,41.24,32.40,0.724,1,,0,0.00,0.00,0.00,-259.550,282.807,13.742,-17.78,-13.45,70.19,2.718,0.195,0.04,1.00,1,0,0,0,0,0,-0.91,-9.71,-3.10,0.6009,0.2242,0.6940,1,2.718,0,0.417,0,swing,flipKickout,1.000,1,-0.045 0.455 -0.555 0.524 -0.018 0.704 0.111 -0.564 0.346 -0.649,-258.98,283.34,14.51,-10.75,-14.18,102.47,652,1080,204,664,0.355,0.531 0.510 -0.392 -0.520,12.5,1,0.000,0.000,0.3349,0.00,,-1.000,0.0,0.0,0.0,,,53.2,29.6,50.4,,0.449,95.2,11.8,-1.00,-1.0,0.0,7,10833
186,3.1000,swing,swingLow,-257.412,280.710,12.539,6.310,-27.166,-22.433,35.792,27.889,11.648,-234.00,263.96,41.24,32.17,0.758,1,,0,0.00,0.00,0.00,-259.970,282.139,12.976,-21.38,-15.00,70.29,2.962,0.197,0.03,1.00,1,0,0,0,0,0,-2.77,-9.46,-3.12,0.4174,0.1842,0.4523,1,2.962,0,0.416,0,swing,swingCornerBank,1.000,1,-0.006 0.460 -0.542 0.484 0.040 0.740 0.032 -0.558 0.302 -0.641,-259.55,282.81,13.74,-13.45,-17.78,102.64,440,1020,496,828,0.348,0.475 0.533 -0.366 -0.496,13.5,1,0.000,0.000,0.4221,0.00,,-1.000,0.0,0.0,0.0,,,53.9,38.3,48.3,,0.397,94.6,11.3,-1.00,-1.0,0.0,5,10163
187,3.1167,swing,swingLow,-257.265,280.115,12.352,6.446,-27.712,-22.025,35.981,28.452,11.461,-234.00,263.96,41.24,31.94,0.787,1,,0,0.00,0.00,0.00,-260.026,281.315,12.249,-23.63,-12.30,70.34,3.012,0.200,0.03,1.00,1,0,0,0,0,0,-4.37,-9.20,-3.13,0.3711,0.1796,0.3281,1,3.012,0,0.415,0,swing,swingCornerBank,1.000,1,0.021 0.442 -0.515 0.454 0.082 0.711 -0.038 -0.505 0.273 -0.594,-259.97,282.14,12.98,-15.00,-21.38,102.75,284,676,688,960,0.348,0.433 0.541 -0.347 -0.473,14.0,1,0.000,0.000,0.4883,0.00,,-1.000,0.0,0.0,0.0,,,53.9,37.7,48.7,,0.350,93.9,10.8,-1.00,-1.0,0.0,3,9553
188,3.1333,swing,swingLow,-257.116,279.513,12.174,6.572,-28.253,-21.590,36.160,29.007,11.283,-234.00,263.96,41.24,31.70,0.813,1,,0,0.00,0.00,0.00,-259.675,281.037,12.148,-27.23,-9.60,70.35,2.979,0.203,0.03,1.00,1,0,0,0,0,0,-6.11,-8.93,-3.15,0.3626,0.1572,0.3831,1,2.979,0,0.415,0,swing,swingCornerBank,1.000,1,0.057 0.423 -0.476 0.433 0.136 0.683 -0.129 -0.448 0.234 -0.541,-260.03,281.32,12.25,-12.30,-23.63,102.80,180,520,812,1084,0.349,0.405 0.550 -0.327 -0.446,14.2,1,0.000,0.000,0.4614,0.00,,-1.000,0.0,0.0,0.0,,,53.8,37.0,48.7,,0.308,93.3,10.3,-1.00,-1.0,0.0,6,9002
189,3.1500,swing,swingLow,-256.965,278.906,12.007,6.696,-28.784,-21.130,36.330,29.553,11.116,-234.00,263.96,41.24,31.47,0.837,1,,0,0.00,0.00,0.00,-259.270,280.770,12.082,-30.83,-8.10,70.33,2.965,0.207,0.03,1.00,1,0,0,0,0,0,-8.10,-8.66,-3.17,0.3647,0.1368,0.4319,1,2.965,0,0.414,0,swing,swingCornerBank,1.000,1,0.083 0.425 -0.441 0.391 0.189 0.689 -0.150 -0.393 0.199 -0.512,-259.67,281.04,12.15,-9.60,-27.23,102.81,244,580,776,1004,0.365,0.367 0.579 -0.292 -0.432,12.7,1,0.000,0.000,0.4261,0.00,,-1.000,0.0,0.0,0.0,,,51.9,35.2,46.7,,0.270,92.7,9.9,-1.00,-1.0,0.0,4,8507
190,3.1667,swing,swingLow,-256.814,278.294,11.850,6.817,-29.306,-20.645,36.490,30.088,10.959,-234.00,263.96,41.24,31.24,0.860,1,,0,0.00,0.00,0.00,-258.852,280.518,12.030,-34.43,-10.06,70.29,3.022,0.211,0.03,1.00,1,0,0,0,0,0,-10.06,-8.38,-3.18,0.3725,0.1627,0.4326,1,3.022,0,0.414,0,swing,swingCornerBank,1.000,1,0.109 0.450 -0.411 0.366 0.242 0.735 -0.167 -0.380 0.162 -0.520,-259.27,280.77,12.08,-8.10,-30.83,102.79,296,632,728,928,0.379,0.338 0.606 -0.258 -0.425,11.3,1,0.000,0.000,0.3915,0.00,,-1.000,0.0,0.0,0.0,,,50.2,33.6,44.9,,0.236,92.2,9.4,-1.00,-1.0,0.0,4,8065
191,3.1833,swing,swingLow,-256.661,277.677,11.704,6.936,-29.816,-20.134,36.640,30.612,10.813,-234.00,263.96,41.24,31.00,0.881,1,,0,0.00,0.00,0.00,-258.427,280.270,11.984,-38.03,-11.71,70.23,3.150,0.215,0.03,1.00,1,0,0,0,0,0,-11.71,-8.09,-3.20,0.3822,0.1854,0.4307,1,3.150,0,0.413,0,swing,swingLow,1.000,1,0.132 0.469 -0.389 0.351 0.294 0.770 -0.187 -0.369 0.121 -0.531,-258.85,280.52,12.03,-10.06,-34.43,102.74,284,640,648,880,0.392,0.318 0.629 -0.233 -0.425,10.0,1,0.000,0.000,0.3569,-0.01,,-1.000,0.0,0.0,0.0,,,48.5,32.2,43.3,,0.206,91.7,9.0,-1.00,-1.0,0.0,4,7672
192,3.2000,swing,swingLow,-256.507,277.056,11.569,7.095,-30.326,-19.614,36.807,31.145,10.678,-234.00,263.96,41.24,30.77,0.901,1,,0,0.00,0.00,0.00,-258.002,280.016,11.940,-41.63,-12.89,70.16,3.337,0.219,0.03,1.00,1,0,0,0,0,0,-12.89,-7.81,-3.22,0.3878,0.2008,0.4335,1,3.337,0,0.413,0,swing,swingLow,1.000,1,0.155 0.483 -0.374 0.343 0.344 0.794 -0.216 -0.378 0.076 -0.558,-258.43,280.27,11.98,-11.71,-38.03,102.69,280,652,552,836,0.403,0.306 0.648 -0.234 -0.445,8.9,1,0.000,0.000,0.3278,-0.02,,-1.000,0.0,0.0,0.0,,,47.1,31.0,41.8,,0.179,91.2,8.7,-1.00,-1.0,0.0,4,7325
193,3.2167,swing,swingLow,-256.351,276.429,11.445,7.289,-30.839,-19.082,36.991,31.689,10.554,-234.00,263.96,41.24,30.54,0.919,1,,0,0.00,0.00,0.00,-257.580,279.747,11.896,-45.23,-13.52,70.10,3.567,0.224,0.03,1.00,1,0,0,0,0,0,-13.52,-7.53,-3.23,0.3861,0.2080,0.4389,1,3.567,0,0.413,0,swing,swingLow,1.000,1,0.178 0.490 -0.357 0.338 0.394 0.807 -0.251 -0.391 0.027 -0.588,-258.00,280.02,11.94,-12.89,-41.63,102.62,280,660,476,796,0.411,0.295 0.663 -0.246 -0.474,8.0,1,0.000,0.000,0.3065,-0.03,,-1.000,0.0,0.0,0.0,,,46.0,29.9,40.7,,0.155,90.7,8.3,-1.00,-1.0,0.0,4,7019
194,3.2333,swing,swingLow,-256.192,275.798,11.333,7.473,-31.342,-18.524,37.166,32.220,10.442,-234.00,263.96,41.24,30.30,0.934,1,,0,0.00,0.00,0.00,-257.167,279.455,11.849,-48.83,-13.69,70.05,3.819,0.230,0.03,1.00,1,0,0,0,0,0,-13.69,-7.25,-3.25,0.3743,0.1967,0.4620,1,3.819,0,0.413,0,swing,swingLow,1.000,1,0.203 0.493 -0.336 0.340 0.444 0.810 -0.300 -0.403 -0.022 -0.609,-257.58,279.75,11.90,-13.52,-45.23,102.55,284,664,420,764,0.418,0.292 0.675 -0.266 -0.498,7.7,1,0.001,0.000,0.3183,-0.05,,-1.000,0.0,0.0,0.0,,,45.1,28.8,39.9,,0.135,90.3,8.0,-1.00,-1.0,0.0,4,6750
195,3.2500,swing,swingLow,-256.032,275.163,11.233,7.648,-31.833,-17.939,37.332,32.739,10.342,-234.00,263.96,41.24,30.07,0.946,1,,0,0.00,0.00,0.00,-256.767,279.134,11.801,-52.43,-13.53,70.02,4.078,0.235,0.03,1.00,1,0,0,0,0,0,-13.53,-6.98,-3.27,0.3581,0.1945,0.4660,1,4.078,0,0.414,0,swing,swingLow,1.000,1,0.227 0.491 -0.311 0.347 0.489 0.806 -0.352 -0.410 -0.066 -0.621,-257.17,279.45,11.85,-13.69,-48.83,102.50,316,680,448,776,0.422,0.292 0.682 -0.285 -0.517,7.4,1,0.001,0.000,0.3111,-0.07,,-1.000,0.0,0.0,0.0,,,44.5,28.0,39.5,,0.116,89.9,7.7,-1.00,-1.0,0.0,4,6514
196,3.2667,swing,swingLow,-255.869,274.524,11.145,7.813,-32.313,-17.328,37.489,33.244,10.254,-234.00,263.96,41.24,29.84,0.955,1,,0,0.00,0.00,0.00,-256.384,278.780,11.752,-56.03,-13.16,70.04,4.330,0.241,0.03,1.00,1,0,0,0,0,0,-13.16,-6.71,-3.28,0.3407,0.1874,0.4689,1,4.330,0,0.414,0,swing,swingBottom,1.000,1,0.247 0.490 -0.286 0.352 0.527 0.802 -0.396 -0.416 -0.104 -0.631,-256.77,279.13,11.80,-13.53,-52.43,102.47,328,680,432,760,0.427,0.293 0.690 -0.305 -0.535,6.9,1,0.002,0.000,0.3112,-0.08,,-1.000,0.0,0.0,0.0,,,43.8,27.4,38.9,,0.101,89.5,7.4,-1.00,-1.0,0.0,4,6308
197,3.2833,swing,swingLow,-255.705,273.882,11.069,7.969,-32.778,-16.691,37.636,33.733,10.178,-234.00,263.96,41.24,29.60,0.964,1,,0,0.00,0.00,0.00,-256.018,278.380,11.703,-59.63,-12.71,70.08,4.553,0.247,0.03,1.00,1,0,0,0,0,0,-12.71,-6.45,-3.30,0.3242,0.1799,0.4708,1,4.553,0,0.415,0,swing,swingBottom,1.000,1,0.267 0.487 -0.255 0.358 0.566 0.796 -0.438 -0.417 -0.143 -0.640,-256.38,278.78,11.75,-13.16,-56.03,102.48,340,672,436,756,0.431,0.295 0.697 -0.323 -0.554,6.5,1,0.004,0.000,0.3171,-0.10,,-1.000,0.0,0.0,0.0,,,43.2,26.6,38.5,,0.087,89.2,7.1,-1.00,-1.0,0.0,4,6128
198,3.3000,swing,swingLow,-255.540,273.236,11.007,8.116,-33.229,-16.028,37.775,34.205,10.116,-234.00,263.96,41.24,29.37,0.970,1,,0,0.00,0.00,0.00,-255.669,277.764,11.656,-63.23,-12.41,70.17,4.576,0.254,0.03,1.00,1,0,0,0,0,0,-12.41,-6.20,-3.32,0.3215,0.1772,0.4748,1,4.576,0,0.416,0,swing,swingBottom,1.000,1,0.286 0.485 -0.222 0.365 0.601 0.790 -0.474 -0.418 -0.178 -0.648,-256.02,278.38,11.70,-12.71,-59.63,102.53,348,668,456,764,0.436,0.298 0.705 -0.340 -0.571,6.2,1,0.005,0.000,0.3286,-0.12,,-1.000,0.0,0.0,0.0,,,42.6,25.7,38.0,,0.075,88.9,6.9,-1.00,-1.0,0.0,4,5972
199,3.3167,swing,swingLow,-255.373,272.587,10.958,8.253,-33.663,-15.341,37.903,34.660,10.067,-234.00,263.96,41.24,29.14,0.976,1,,0,0.00,0.00,0.00,-255.347,277.134,11.612,-66.83,-12.08,70.29,4.594,0.261,0.02,1.00,1,0,0,0,0,0,-12.08,-5.95,-3.33,0.3175,0.1729,0.4769,1,4.594,0,0.417,0,swing,swingBottom,1.000,1,0.302 0.483 -0.186 0.372 0.633 0.784 -0.503 -0.417 -0.210 -0.655,-255.67,277.76,11.66,-12.41,-63.23,102.62,356,672,480,784,0.440,0.303 0.712 -0.355 -0.588,5.9,1,0.006,0.000,0.3433,-0.14,,-1.000,0.0,0.0,0.0,,,41.9,24.8,37.6,,0.064,88.5,6.6,-1.00,-1.0,0.0,4,5836
200,3.3333,swing,swingLow,-255.205,271.935,10.923,8.382,-34.080,-14.628,38.022,35.096,10.032,-234.00,263.96,41.24,28.90,0.980,1,,0,0.00,0.00,0.00,-255.049,276.492,11.573,-70.43,-11.78,70.46,4.606,0.268,0.02,1.00,1,0,0,0,0,0,-11.78,-5.72,-3.35,0.3126,0.1676,0.4769,1,4.606,0,0.418,0,swing,swingBottom,1.000,1,0.317 0.481 -0.149 0.379 0.660 0.778 -0.526 -0.413 -0.238 -0.661,-255.35,277.13,11.61,-12.08,-66.83,102.75,360,672,512,804,0.444,0.309 0.718 -0.368 -0.603,5.5,1,0.007,0.000,0.3605,-0.15,,-1.000,0.0,0.0,0.0,,,41.3,23.8,37.2,,0.055,88.3,6.4,-1.00,-1.0,0.0,4,5719
201,3.3500,swing,swingLow,-255.036,271.282,10.902,8.500,-34.478,-13.892,38.131,35.511,10.011,-234.00,263.96,41.24,28.67,0.984,1,,0,0.00,0.00,0.00,-254.774,275.844,11.541,-74.03,-11.52,70.75,4.614,0.275,0.02,1.00,1,0,0,0,0,0,-11.52,-5.49,-3.37,0.3067,0.1615,0.4752,1,4.614,0,0.419,0,swing,swingBottom,1.000,1,0.330 0.478 -0.109 0.388 0.684 0.773 -0.541 -0.408 -0.261 -0.665,-255.05,276.49,11.57,-11.78,-70.43,102.92,360,668,552,836,0.448,0.317 0.725 -0.378 -0.617,5.2,1,0.009,0.000,0.3798,-0.16,,-1.000,0.0,0.0,0.0,,,40.7,22.9,36.8,,0.047,88.0,6.2,-1.00,-1.0,0.0,4,5617
202,3.3667,swing,swingBottom,-254.867,270.626,10.895,8.610,-34.857,-13.133,38.231,35.905,10.004,-234.00,263.96,41.24,28.44,0.987,1,,0,0.00,0.00,0.00,-254.518,275.190,11.518,-77.63,-10.43,71.20,4.620,0.282,0.02,1.00,1,0,0,0,0,0,-10.43,-5.28,-3.38,0.2997,0.1553,0.4833,1,4.620,0,0.421,0,swing,swingBottom,1.000,1,0.340 0.475 -0.070 0.391 0.703 0.765 -0.548 -0.400 -0.280 -0.665,-254.77,275.84,11.54,-11.52,-74.03,103.22,364,664,596,864,0.452,0.326 0.731 -0.387 -0.628,4.9,1,0.013,0.000,0.4007,-0.18,,-1.000,0.0,0.0,0.0,,,40.1,21.9,36.5,,0.041,87.8,6.0,-1.00,-1.0,0.0,4,5529
203,3.3833,swing,swingBottom,-254.697,269.970,10.903,8.711,-35.214,-12.351,38.321,36.276,10.012,-234.00,263.96,41.24,28.20,0.989,1,,0,0.00,0.00,0.00,-254.278,274.534,11.504,-81.23,-9.04,71.74,4.623,0.290,0.02,1.00,1,0,0,0,0,0,-9.04,-5.08,-3.40,0.2927,0.1493,0.4944,1,4.623,0,0.423,0,swing,swingBottom,1.000,1,0.349 0.471 -0.030 0.394 0.718 0.758 -0.547 -0.392 -0.294 -0.665,-254.52,275.19,11.52,-10.43,-77.63,103.69,376,668,640,900,0.456,0.336 0.737 -0.392 -0.638,4.6,1,0.023,0.000,0.4225,-0.19,,-1.000,0.0,0.0,0.0,,,39.5,20.8,36.1,,0.035,87.5,5.9,-1.00,-1.0,0.0,4,5453
204,3.4000,swing,swingBottom,-254.527,269.312,10.925,8.803,-35.549,-11.547,38.400,36.623,10.034,-234.00,263.96,41.24,27.97,0.991,1,,0,0.00,0.00,0.00,-254.051,273.875,11.501,-84.83,-7.49,72.32,4.624,0.297,0.02,1.00,1,0,0,0,0,0,-7.49,-4.89,-3.42,0.2862,0.1439,0.5067,1,4.624,0,0.425,0,swing,swingBottom,1.000,1,0.355 0.469 0.008 0.395 0.729 0.753 -0.539 -0.385 -0.304 -0.662,-254.28,274.53,11.50,-9.04,-81.23,104.24,392,676,688,940,0.459,0.348 0.743 -0.395 -0.644,4.4,1,0.036,0.000,0.4447,-0.19,,-1.000,0.0,0.0,0.0,,,38.9,19.8,35.8,,0.030,87.3,5.7,-1.00,-1.0,0.0,4,5388
205,3.4167,swing,swingBottom,-254.356,268.654,10.963,8.885,-35.861,-10.722,38.470,36.945,10.072,-234.00,263.96,41.24,27.74,0.993,1,,0,0.00,0.00,0.00,-253.835,273.215,11.509,-88.31,-5.85,72.90,4.623,0.305,0.02,1.00,1,0,0,0,0,0,-5.85,-4.72,-3.43,0.2808,0.1391,0.5197,1,4.623,0,0.427,0,swing,swingBottom,1.000,1,0.358 0.467 0.044 0.396 0.735 0.750 -0.523 -0.380 -0.309 -0.660,-254.05,273.87,11.50,-7.49,-84.83,104.83,408,688,732,976,0.463,0.359 0.748 -0.395 -0.649,4.1,1,0.047,0.000,0.4661,-0.20,,-1.000,0.0,0.0,0.0,,,38.4,18.7,35.6,,0.026,87.1,5.6,-1.00,-1.0,0.0,0,5332
206,3.4333,swing,swingBottom,-254.186,267.996,11.017,8.959,-36.148,-9.877,38.529,37.242,10.126,-234.00,263.96,41.24,27.50,0.994,1,,0,0.00,0.00,0.00,-253.628,272.555,11.531,-87.09,-5.50,73.40,4.622,0.312,0.02,1.00,1,0,0,0,0,0,-5.50,-4.56,-3.45,0.2799,0.1359,0.5183,1,4.622,0,0.429,0,swing,swingBottom,1.000,1,0.354 0.470 0.046 0.404 0.732 0.755 -0.514 -0.376 -0.300 -0.658,-253.84,273.22,11.51,-5.85,-88.31,105.42,424,700,780,1012,0.466,0.371 0.753 -0.393 -0.650,3.9,1,0.056,0.000,0.4558,-0.20,,-1.000,0.0,0.0,0.0,,,37.8,17.5,35.3,,0.022,86.9,5.4,-1.00,-1.0,0.0,0,5284
207,3.4500,swing,swingBottom,-254.015,267.339,11.085,9.024,-36.410,-9.014,38.579,37.511,10.194,-234.00,263.96,41.24,27.27,0.995,1,,0,0.00,0.00,0.00,-253.426,271.896,11.566,-86.23,-5.50,73.75,4.620,0.320,0.02,1.00,1,0,0,0,0,0,-5.50,-4.41,-3.47,0.2791,0.1330,0.5122,1,4.620,0,0.431,0,swing,swingBottom,1.000,1,0.351 0.473 0.050 0.415 0.729 0.759 -0.506 -0.368 -0.293 -0.656,-253.63,272.56,11.53,-5.50,-87.09,105.92,424,696,764,988,0.469,0.383 0.758 -0.388 -0.649,3.6,1,0.055,0.000,0.4485,-0.21,,-1.000,0.0,0.0,0.0,,,37.3,16.4,35.1,,0.019,86.8,5.3,-1.00,-1.0,0.0,0,5242
208,3.4667,swing,swingBottom,-253.846,266.684,11.163,9.081,-36.644,-8.132,38.618,37.752,10.272,-234.00,263.96,41.24,27.04,0.996,1,,0,0.00,0.00,0.00,-253.231,271.239,11.614,-85.68,-5.50,73.99,4.618,0.327,0.02,1.00,1,0,0,0,0,0,-5.50,-4.28,-3.48,0.2782,0.1304,0.5065,1,4.618,0,0.433,0,swing,swingBottom,1.000,1,0.348 0.475 0.053 0.425 0.728 0.762 -0.498 -0.357 -0.286 -0.650,-253.43,271.90,11.57,-5.50,-86.23,106.27,420,692,752,976,0.472,0.393 0.762 -0.382 -0.644,3.4,1,0.023,0.000,0.4437,-0.21,,-1.000,0.0,0.0,0.0,,,36.9,15.2,35.0,,0.016,86.6,5.2,-1.00,-1.0,0.0,0,5207
209,3.4833,swing,swingBottom,-253.677,266.033,11.246,9.128,-36.851,-7.234,38.648,37.965,10.355,-234.00,263.96,41.24,26.83,0.997,1,,0,0.00,0.00,0.00,-253.039,270.586,11.674,-85.41,-5.50,74.13,4.617,0.335,0.02,1.00,1,0,0,0,0,0,-5.50,-4.16,-3.50,0.2773,0.1278,0.5017,1,4.617,0,0.436,0,swing,swingBottom,1.000,1,0.346 0.477 0.057 0.434 0.727 0.765 -0.489 -0.344 -0.280 -0.642,-253.23,271.24,11.61,-5.50,-85.68,106.51,412,684,744,960,0.474,0.403 0.765 -0.372 -0.637,3.3,1,0.008,0.000,0.4409,-0.20,,-1.000,0.0,0.0,0.0,,,36.4,13.9,34.8,,0.014,86.5,5.1,-1.00,-1.0,0.0,0,5176
210,3.5000,swing,swingBottom,-253.509,265.385,11.333,9.341,-36.993,-6.327,38.675,38.154,10.442,-234.00,263.96,41.24,26.63,0.997,1,,0,0.00,0.00,0.00,-252.851,269.936,11.743,-85.34,-5.50,74.19,4.616,0.342,0.02,1.00,1,0,0,0,0,0,-5.50,-4.06,-3.52,0.2755,0.1258,0.4978,1,4.616,0,0.438,0,swing,swingBottom,1.000,1,0.347 0.476 0.061 0.441 0.731 0.763 -0.482 -0.327 -0.276 -0.630,-253.04,270.59,11.67,-5.50,-85.41,106.64,408,676,744,952,0.475,0.412 0.765 -0.359 -0.625,3.4,1,0.002,0.000,0.4401,-0.20,,-1.000,0.0,0.0,0.0,,,36.3,12.8,35.0,,0.012,86.4,5.0,-1.00,-1.0,0.0,0,5150
211,3.5167,swing,swingBottom,-253.336,264.743,11.426,9.709,-37.072,-5.413,38.703,38.322,10.535,-234.00,263.96,41.24,26.43,0.998,1,,0,0.00,0.00,0.00,-252.665,269.292,11.819,-85.40,-5.50,74.19,4.615,0.349,0.02,1.00,1,0,0,0,0,0,-5.50,-3.98,-3.53,0.2724,0.1244,0.4949,1,4.615,0,0.441,0,swing,swingBottom,1.000,1,0.351 0.473 0.068 0.448 0.739 0.756 -0.475 -0.304 -0.276 -0.614,-252.85,269.94,11.74,-5.50,-85.34,106.71,404,672,744,952,0.473,0.420 0.760 -0.340 -0.611,3.9,1,0.000,0.000,0.4413,-0.20,,-1.000,0.0,0.0,0.0,,,36.6,11.8,35.5,,0.010,86.2,4.9,-1.00,-1.0,0.0,0,5128
212,3.5333,swing,swingBottom,-253.159,264.104,11.524,10.055,-37.124,-4.486,38.723,38.462,10.633,-234.00,263.96,41.24,26.25,0.998,1,,0,0.00,0.00,0.00,-252.479,268.653,11.902,-85.56,-5.50,74.14,4.615,0.356,0.02,1.00,1,0,0,0,0,0,-5.50,-3.90,-3.55,0.2675,0.1245,0.4928,1,4.615,0,0.444,0,swing,swingBottom,1.000,1,0.360 0.466 0.075 0.461 0.749 0.741 -0.479 -0.270 -0.278 -0.592,-252.66,269.29,11.82,-5.50,-85.40,106.71,404,668,744,952,0.467,0.434 0.747 -0.311 -0.588,5.0,1,0.000,0.000,0.4433,-0.19,,-1.000,0.0,0.0,0.0,,,37.6,10.9,36.7,,0.008,86.1,4.8,-1.00,-1.0,0.0,0,5109
213,3.5500,swing,swingBottom,-252.979,263.471,11.630,10.380,-37.149,-3.546,38.734,38.572,10.739,-234.00,263.96,41.24,26.08,0.999,1,,0,0.00,0.00,0.00,-252.294,268.019,11.992,-85.81,-5.50,74.05,4.614,0.363,0.02,1.00,1,0,0,0,0,0,-5.50,-3.84,-3.57,0.2625,0.1255,0.4913,1,4.614,0,0.447,0,swing,swingBottom,1.000,1,0.370 0.457 0.080 0.481 0.757 0.724 -0.491 -0.231 -0.280 -0.569,-252.48,268.65,11.90,-5.50,-85.56,106.66,404,664,748,952,0.459,0.455 0.732 -0.275 -0.564,6.4,1,0.000,0.000,0.4457,-0.19,,-1.000,0.0,0.0,0.0,,,38.8,9.9,38.1,,0.007,86.0,4.8,-1.00,-1.0,0.0,0,5093
214,3.5667,swing,swingBottom,-252.795,262.841,11.742,10.683,-37.144,-2.597,38.737,38.650,10.851,-234.00,263.96,41.24,25.91,0.999,1,,0,0.00,0.00,0.00,-252.107,267.389,12.088,-86.13,-5.50,73.93,4.612,0.370,0.02,1.00,1,0,0,0,0,0,-5.50,-3.80,-3.58,0.2585,0.1267,0.4898,1,4.612,0,0.450,0,swing,swingBottom,1.000,1,0.378 0.449 0.082 0.500 0.761 0.710 -0.503 -0.194 -0.279 -0.549,-252.29,268.02,11.99,-5.50,-85.81,106.57,404,660,748,960,0.453,0.476 0.720 -0.241 -0.544,7.5,1,0.000,0.000,0.4487,-0.18,,-1.000,0.0,0.0,0.0,,,39.7,8.9,39.2,,0.006,86.0,4.7,-1.00,-1.0,0.0,0,5079
215,3.5833,swing,swingBottom,-252.607,262.217,11.862,10.965,-37.111,-1.639,38.732,38.697,10.971,-234.00,263.96,41.24,25.76,0.999,1,,0,0.00,0.00,0.00,-251.918,266.765,12.191,-86.51,-5.50,73.78,4.611,0.376,0.01,1.00,1,0,0,0,0,0,-5.50,-3.76,-3.60,0.2558,0.1279,0.4884,1,4.611,0,0.453,0,swing,swingBottom,1.000,1,0.383 0.443 0.082 0.518 0.763 0.698 -0.514 -0.162 -0.275 -0.534,-252.11,267.39,12.09,-5.50,-86.13,106.45,404,656,752,964,0.448,0.495 0.710 -0.211 -0.528,8.4,1,0.000,0.000,0.4519,-0.18,,-1.000,0.0,0.0,0.0,,,40.5,7.9,40.1,,0.005,85.9,4.6,-1.00,-1.0,0.0,0,5067
216,3.6000,swing,swingBottom,-252.416,261.597,11.991,11.227,-37.047,-0.674,38.717,38.711,11.100,-234.00,263.96,41.24,25.61,0.999,1,,0,0.00,0.00,0.00,-251.728,266.145,12.301,-86.94,-5.50,73.62,4.610,0.382,0.01,1.00,1,0,0,0,0,0,-5.50,-3.74,-3.62,0.2542,0.1291,0.4869,1,4.610,0,0.456,0,swing,swingCornerBank,1.000,1,0.385 0.437 0.081 0.536 0.762 0.690 -0.524 -0.135 -0.270 -0.523,-251.92,266.76,12.19,-5.50,-86.51,106.30,404,652,760,972,0.444,0.514 0.703 -0.185 -0.517,9.0,1,0.000,0.000,0.4554,-0.17,,-1.000,0.0,0.0,0.0,,,41.0,6.8,40.7,,0.004,85.8,4.6,-1.00,-1.0,0.0,0,5057
217,3.6167,swing,swingBottom,-252.223,260.981,12.127,11.501,-37.060,0.298,38.805,38.803,11.236,-234.00,263.96,41.24,25.47,0.999,1,,0,0.00,0.00,0.00,-251.535,265.529,12.419,-87.41,-5.50,73.45,4.609,0.388,0.01,1.00,1,0,0,0,0,0,-5.50,-3.73,-3.63,0.2535,0.1303,0.4854,1,4.609,0,0.459,0,swing,swingCornerBank,1.000,1,0.386 0.433 0.079 0.551 0.759 0.683 -0.532 -0.114 -0.264 -0.516,-251.73,266.14,12.30,-5.50,-86.94,106.14,404,652,764,980,0.442,0.531 0.699 -0.165 -0.509,9.4,1,0.000,0.000,0.4591,-0.17,,-1.000,0.0,0.0,0.0,,,41.4,5.8,41.2,,0.004,85.7,4.5,-1.00,-1.0,0.0,0,5048
218,3.6333,swing,swingBottom,-252.025,260.366,12.273,11.788,-37.148,1.288,38.995,38.974,11.382,-234.00,263.96,41.24,25.34,0.999,1,,0,0.00,0.00,0.00,-251.340,264.915,12.544,-87.88,-5.50,73.28,4.608,0.394,0.01,1.00,1,0,0,0,0,0,-5.50,-3.73,-3.65,0.2536,0.1313,0.4835,1,4.608,0,0.462,0,swing,swingCornerBank,1.000,1,0.385 0.430 0.075 0.565 0.755 0.679 -0.538 -0.099 -0.258 -0.512,-251.53,265.53,12.42,-5.50,-87.41,105.97,404,652,768,988,0.440,0.546 0.696 -0.150 -0.504,9.6,1,0.000,0.000,0.4628,-0.17,,-1.000,0.0,0.0,0.0,,,41.6,4.6,41.4,,0.003,85.7,4.5,-1.00,-1.0,0.0,0,5041
219,3.6500,swing,swingBottom,-251.824,259.754,12.429,12.055,-37.203,2.297,39.175,39.107,11.538,-234.00,263.96,41.24,25.21,1.000,1,,0,0.00,0.00,0.00,-251.142,264.303,12.678,-88.35,-5.50,73.10,4.607,0.400,0.01,1.00,1,0,0,0,0,0,-5.50,-3.74,-3.67,0.2537,0.1324,0.4815,1,4.607,0,0.465,0,swing,swingCornerBank,1.000,1,0.385 0.426 0.073 0.577 0.750 0.674 -0.543 -0.085 -0.253 -0.508,-251.34,264.91,12.54,-5.50,-87.88,105.80,400,648,776,996,0.437,0.559 0.693 -0.137 -0.501,9.9,1,0.000,0.000,0.4666,-0.18,,-1.000,0.0,0.0,0.0,,,41.9,3.7,41.8,,0.003,85.6,4.4,-1.00,-1.0,0.0,0,5035
220,3.6667,swing,swingBottom,-251.620,259.143,12.594,12.301,-37.223,3.322,39.344,39.203,11.703,-234.00,263.96,41.24,25.09,1.000,1,,0,0.00,0.00,0.00,-250.942,263.692,12.820,-88.83,-5.50,72.92,4.605,0.405,0.01,1.00,1,0,0,0,0,0,-5.50,-3.77,-3.68,0.2537,0.1335,0.4791,1,4.605,0,0.467,0,swing,swingCornerBank,1.000,1,0.386 0.422 0.073 0.587 0.746 0.668 -0.547 -0.071 -0.251 -0.504,-251.14,264.30,12.68,-5.50,-88.35,105.61,400,644,780,1004,0.434,0.570 0.689 -0.124 -0.498,10.4,1,0.000,0.000,0.4705,-0.18,,-1.000,0.0,0.0,0.0,,,42.4,2.9,42.3,,0.002,85.5,4.4,-1.00,-1.0,0.0,0,5029
221,3.6833,swing,swingBottom,-251.413,258.534,12.771,12.528,-37.208,4.361,39.502,39.260,11.880,-234.00,263.96,41.24,24.98,1.000,1,,0,0.00,0.00,0.00,-250.740,263.084,12.972,-89.31,-5.50,72.74,4.604,0.411,0.01,1.00,1,0,0,0,0,0,-5.50,-3.80,-3.70,0.2539,0.1344,0.4764,1,4.604,0,0.470,0,swing,swingCornerBank,1.000,1,0.386 0.417 0.072 0.596 0.742 0.663 -0.550 -0.058 -0.249 -0.502,-250.94,263.69,12.82,-5.50,-88.83,105.43,396,644,788,1012,0.431,0.580 0.686 -0.111 -0.495,10.7,1,0.000,0.000,0.4745,-0.19,,-1.000,0.0,0.0,0.0,,,42.9,2.1,42.8,,0.002,85.5,4.4,-1.00,-1.0,0.0,0,5025
222,3.7000,swing,swingBottom,-251.204,257.928,12.959,12.651,-37.176,5.414,39.641,39.269,12.068,-234.00,263.96,41.24,24.87,1.000,1,,0,0.00,0.00,0.00,-250.534,262.479,13.159,-89.78,-5.50,72.57,4.604,0.417,0.01,1.00,1,0,0,0,0,0,-5.50,-3.85,-3.72,0.2543,0.1349,0.4769,1,4.604,0,0.472,0,swing,swingCornerBank,1.000,1,0.385 0.413 0.071 0.604 0.735 0.659 -0.550 -0.047 -0.246 -0.500,-250.74,263.08,12.97,-5.50,-89.31,105.25,396,640,796,1020,0.428,0.590 0.684 -0.101 -0.495,10.9,1,0.000,0.000,0.4782,-0.20,,-1.000,0.0,0.0,0.0,,,43.2,1.1,43.2,,0.002,85.5,4.3,-1.00,-1.0,0.0,0,5021
223,3.7167,swing,swingBottom,-250.995,257.324,13.158,12.677,-37.124,6.478,39.760,39.229,12.267,-234.00,263.96,41.24,24.77,1.000,1,,0,0.00,0.00,0.00,-250.327,261.875,13.358,-90.28,-5.50,72.40,4.604,0.423,0.01,1.00,1,0,0,0,0,0,-5.50,-3.91,-3.73,0.2554,0.1349,0.4769,1,4.604,0,0.473,0,swing,swingCornerBank,1.000,1,0.382 0.411 0.067 0.611 0.726 0.659 -0.549 -0.039 -0.241 -0.499,-250.53,262.48,13.16,-5.50,-89.78,105.08,396,640,804,1028,0.428,0.598 0.686 -0.094 -0.494,10.9,1,0.000,0.000,0.4815,-0.21,,-1.000,0.0,0.0,0.0,,,43.3,0.0,43.3,,0.001,85.4,4.3,-1.00,-1.0,0.0,0,5018
224,3.7333,swing,swingBottom,-250.786,256.723,13.370,12.690,-37.033,7.548,39.868,39.147,12.479,-234.00,263.96,41.24,24.67,1.000,1,,0,0.00,0.00,0.00,-250.118,261.274,13.570,-90.79,-5.50,72.24,4.604,0.429,0.01,1.00,1,0,0,0,0,0,-5.50,-3.98,-3.75,0.2565,0.1338,0.4758,1,4.604,0,0.474,0,swing,swingCornerBank,1.000,1,0.377 0.412 0.057 0.613 0.716 0.662 -0.539 -0.031 -0.234 -0.496,-250.33,261.88,13.36,-5.50,-90.28,104.91,396,640,812,1036,0.429,0.601 0.690 -0.087 -0.492,10.5,1,0.000,0.000,0.4852,-0.23,,-1.000,0.0,0.0,0.0,,,43.1,-1.1,43.1,,0.001,85.4,4.3,-1.00,-1.0,0.0,0,5015
225,3.7500,swing,swingBottom,-250.578,256.126,13.594,12.690,-36.903,8.622,39.965,39.024,12.703,-234.00,263.96,41.24,24.58,1.000,1,,0,0.00,0.00,0.00,-249.908,260.676,13.794,-91.30,-5.50,72.09,4.604,0.435,0.01,1.00,1,0,0,0,0,0,-5.50,-4.06,-3.77,0.2569,0.1315,0.4739,1,4.604,0,0.475,0,swing,swingCornerBank,1.000,1,0.370 0.414 0.043 0.610 0.707 0.665 -0.519 -0.019 -0.226 -0.488,-250.12,261.27,13.57,-5.50,-90.79,104.75,392,640,820,1044,0.432,0.597 0.696 -0.078 -0.485,10.0,1,0.000,0.000,0.4893,-0.24,,-1.000,0.0,0.0,0.0,,,42.7,-2.2,42.7,,0.001,85.3,4.2,-1.00,-1.0,0.0,0,5013
226,3.7667,swing,swingBottom,-250.371,255.532,13.831,12.676,-36.733,9.699,40.051,38.858,12.718,-234.00,263.96,41.24,24.50,1.000,1,,0,0.00,0.00,0.00,-249.698,260.082,14.031,-91.80,-5.50,71.94,4.604,0.441,0.01,1.00,1,0,0,0,0,0,-5.50,-4.15,-3.78,0.2571,0.1294,0.4720,1,4.604,0,0.475,0,swing,swingCornerBank,1.000,1,0.364 0.414 0.031 0.606 0.699 0.666 -0.497 -0.004 -0.219 -0.481,-249.91,260.68,13.79,-5.50,-91.30,104.59,392,636,832,1048,0.434,0.594 0.700 -0.065 -0.480,9.6,1,0.000,0.000,0.4931,-0.26,,-1.000,0.0,0.0,0.0,,,42.5,-3.4,42.5,,0.001,85.3,4.2,-1.00,-1.0,0.0,0,5011
227,3.7833,swing,swingBottom,-250.165,254.944,14.081,12.618,-36.432,10.746,40.025,38.555,12.968,-234.00,263.96,41.24,24.41,1.000,1,,0,0.00,0.00,0.00,-249.487,259.493,14.281,-92.31,-5.50,71.80,4.604,0.447,0.01,1.00,1,0,0,0,0,0,-5.50,-4.25,-3.80,0.2569,0.1273,0.4701,1,4.604,0,0.475,0,swing,swingCornerBank,1.000,1,0.358 0.414 0.019 0.603 0.691 0.665 -0.475 0.014 -0.213 -0.473,-249.70,260.08,14.03,-5.50,-91.80,104.44,388,636,840,1052,0.434,0.592 0.701 -0.050 -0.473,9.3,1,0.000,0.000,0.4969,-0.28,,-1.000,0.0,0.0,0.0,,,42.4,-4.5,42.3,,0.001,85.3,4.2,-1.00,-1.0,0.0,0,5009
228,3.8000,swing,swingBottom,-249.964,254.360,14.343,12.156,-36.193,11.786,39.958,38.180,13.230,-234.00,263.96,41.24,24.34,1.000,1,,0,0.00,0.00,0.00,-249.277,258.908,14.543,-92.84,-5.50,71.68,4.604,0.453,0.01,1.00,1,0,0,0,0,0,-5.50,-4.35,-3.82,0.2587,0.1243,0.4664,1,4.604,0,0.475,0,swing,swingCornerBank,1.000,1,0.348 0.417 0.002 0.601 0.676 0.671 -0.453 0.026 -0.203 -0.469,-249.49,259.49,14.28,-5.50,-92.31,104.30,388,636,848,1060,0.439,0.589 0.710 -0.040 -0.471,8.4,1,0.000,0.000,0.4995,-0.30,,-1.000,0.0,0.0,0.0,,,41.9,-6.2,41.7,,0.001,85.3,4.2,-1.00,-1.0,0.0,0,5008
229,3.8167,swing,swingBottom,-249.777,253.781,14.618,11.285,-35.931,12.780,39.771,37.661,13.505,-234.00,263.96,41.24,24.26,1.000,1,,0,0.00,0.00,0.00,-249.071,258.327,14.818,-93.50,-5.50,71.56,4.604,0.459,0.01,1.00,1,0,0,0,0,0,-5.50,-4.47,-3.83,0.2619,0.1203,0.4615,1,4.604,0,0.474,0,swing,swingBottom,1.000,1,0.335 0.422 -0.019 0.598 0.654 0.682 -0.429 0.037 -0.190 -0.467,-249.28,258.91,14.54,-5.50,-92.84,104.17,384,632,856,1060,0.445,0.586 0.723 -0.032 -0.470,7.1,1,0.000,0.000,0.5010,-0.32,,-1.000,0.0,0.0,0.0,,,40.9,-8.3,40.5,,0.001,85.2,4.2,-1.00,-1.0,0.0,0,5007
230,3.8333,swing,swingBottom,-249.605,253.208,14.904,10.436,-35.637,13.754,39.599,37.134,13.791,-234.00,263.96,41.24,24.19,1.000,1,,0,0.00,0.00,0.00,-248.870,257.749,15.104,-94.24,-5.50,71.44,4.604,0.464,0.01,1.00,1,0,0,0,0,0,-5.50,-4.60,-3.85,0.2641,0.1084,0.4529,1,4.604,0,0.473,0,swing,swingBottom,1.000,1,0.308 0.437 -0.063 0.555 0.629 0.704 -0.327 0.080 -0.162 -0.443,-249.07,258.33,14.82,-5.50,-93.50,104.05,376,624,872,1060,0.461,0.540 0.748 0.005 -0.449,4.5,1,0.000,0.000,0.5059,-0.33,,-1.000,0.0,0.0,0.0,,,38.7,-10.6,37.9,,0.000,85.2,4.2,-1.00,-1.0,0.0,0,5006
231,3.8500,swing,swingHigh,-249.446,252.640,15.203,9.781,-35.307,14.723,39.484,36.637,14.090,-234.00,263.96,41.24,24.13,1.000,1,,0,0.00,0.00,0.00,-248.678,257.175,15.403,-95.02,-5.50,71.34,4.604,0.469,0.01,1.00,1,0,0,0,0,0,-5.50,-4.74,-3.87,0.2658,0.1039,0.4446,1,4.604,0,0.472,0,swing,swingBottom,1.000,1,0.283 0.448 -0.096 0.508 0.604 0.721 -0.222 0.133 -0.136 -0.421,-248.87,257.75,15.10,-5.50,-94.24,103.94,368,616,880,1060,0.472,0.490 0.768 0.054 -0.430,2.4,1,0.000,0.000,0.5065,-0.35,,-1.000,0.0,0.0,0.0,,,36.8,-12.4,35.6,,0.000,85.2,4.1,-1.00,-1.0,0.0,0,5005
232,3.8667,swing,swingHigh,-249.294,252.078,15.514,9.308,-34.937,15.691,39.414,36.156,14.401,-234.00,263.96,41.24,24.06,1.000,1,,0,0.00,0.00,0.00,-248.494,256.608,15.714,-95.76,-5.50,71.24,4.604,0.474,0.01,1.00,1,0,0,0,0,0,-5.50,-4.90,-3.88,0.2676,0.1027,0.4375,1,4.604,0,0.470,0,swing,swingBottom,1.000,1,0.259 0.455 -0.117 0.467 0.581 0.733 -0.131 0.186 -0.116 -0.406,-248.68,257.18,15.40,-5.50,-95.02,103.83,360,608,884,1056,0.480,0.447 0.783 0.106 -0.417,2.1,1,0.000,0.000,0.5051,-0.35,,-1.000,0.0,0.0,0.0,,,35.3,-14.0,33.6,,0.000,85.2,4.1,-1.00,-1.0,0.0,0,5004
233,3.8833,swing,swingHigh,-249.151,251.523,15.838,8.844,-34.535,16.642,39.342,35.649,14.725,-234.00,263.96,41.24,24.00,1.000,1,,0,0.00,0.00,0.00,-248.319,256.047,16.038,-96.47,-5.50,71.15,4.604,0.479,0.01,1.00,1,0,0,0,0,0,-5.50,-5.07,-3.90,0.2692,0.1015,0.4314,1,4.604,0,0.468,0,swing,swingBottom,1.000,1,0.238 0.460 -0.131 0.437 0.561 0.740 -0.064 0.236 -0.100 -0.396,-248.49,256.61,15.71,-5.50,-95.76,103.73,352,604,888,1056,0.485,0.416 0.792 0.155 -0.410,3.3,1,0.000,0.000,0.5036,-0.35,,-1.000,0.0,0.0,0.0,,,34.3,-15.4,31.9,,0.000,85.2,4.1,-1.00,-1.0,0.0,0,5003
234,3.9000,swing,swingHigh,-249.015,250.975,16.174,8.379,-34.100,17.575,39.266,35.114,15.061,-234.00,263.96,41.24,23.95,1.000,1,,0,0.00,0.00,0.00,-248.154,255.494,16.374,-97.15,-5.50,71.07,4.604,0.483,0.01,1.00,1,0,0,0,0,0,-5.50,-5.26,-3.92,0.2708,0.1005,0.4266,1,4.604,0,0.466,0,swing,swingBottom,1.000,1,0.220 0.462 -0.141 0.424 0.544 0.742 -0.023 0.276 -0.090 -0.393,-248.32,256.05,16.04,-5.50,-96.47,103.64,344,600,884,1052,0.488,0.402 0.796 0.196 -0.410,4.6,1,0.000,0.000,0.5021,-0.34,,-1.000,0.0,0.0,0.0,,,33.6,-16.8,30.6,,0.000,85.1,4.1,-1.00,-1.0,0.0,0,5003
235,3.9167,swing,swingHigh,-248.886,250.435,16.522,7.913,-33.633,18.487,39.186,34.551,15.409,-234.00,263.96,41.24,23.89,1.000,1,,0,0.00,0.00,0.00,-247.996,254.948,16.722,-97.80,-5.50,70.99,4.604,0.486,0.01,1.00,1,0,0,0,0,0,-5.50,-5.47,-3.93,0.2722,0.1000,0.4227,1,4.604,0,0.464,0,swing,swingBottom,1.000,1,0.205 0.462 -0.150 0.424 0.530 0.741 -0.006 0.305 -0.085 -0.393,-248.15,255.49,16.37,-5.50,-97.15,103.55,340,596,884,1048,0.489,0.403 0.796 0.226 -0.413,5.8,1,0.000,0.000,0.5004,-0.33,,-1.000,0.0,0.0,0.0,,,33.3,-18.1,29.6,,0.000,85.1,4.1,-1.00,-1.0,0.0,0,5002
236,3.9333,air,trick,-248.802,250.078,16.591,10.083,-42.856,8.356,44.812,44.026,15.478,0.00,0.00,0.00,0.00,0.000,1,frontPikeSwan,0,0.00,0.00,0.00,-247.820,254.571,16.895,-99.23,-4.74,70.92,4.610,0.491,0.01,1.00,0,0,0,0,0,0,-4.74,-5.73,-3.95,0.2815,0.0944,0.4421,1,4.610,0,0.462,1,swing,swingBottom,1.000,1,0.161 0.491 -0.165 0.414 0.462 0.801 0.020 0.260 -0.056 -0.417,-248.00,254.95,16.72,-5.50,-97.80,103.47,336,592,880,1044,0.513,0.393 0.848 0.190 -0.434,-1.0,0,0.000,0.000,0.4939,-0.32,frontPikeSwan,0.000,0.0,0.0,70.4,Pike,Pike,28.8,-16.8,24.7,,0.008,-9.5,-1.3,0.56,-1.0,0.0,0,5105
237,3.9500,air,trick,-248.635,249.365,16.728,10.063,-42.771,8.176,44.693,43.938,15.615,0.00,0.00,0.00,0.00,0.000,1,frontPikeSwan,0,0.00,0.00,0.00,-247.717,253.869,17.030,-98.66,-5.03,70.85,4.607,0.498,0.01,1.00,0,0,0,0,0,0,-5.03,-6.05,-3.97,0.2921,0.0924,0.4363,1,4.607,0,0.460,0,flip_frontPikeSwan,swingBottom,1.000,3,0.136 0.509 -0.184 0.413 0.429 0.841 0.003 0.221 -0.044 -0.438,-247.82,254.57,16.89,-4.74,-99.23,103.40,352,620,872,1024,0.530,0.389 0.887 0.146 -0.456,-1.0,0,0.000,0.000,0.4929,-0.30,frontPikeSwan,0.017,1.2,0.0,78.3,Pike,Pike,25.0,-15.0,20.8,,0.030,-10.8,-0.9,0.56,-1.0,0.0,0,5385
238,3.9667,air,trick,-248.467,248.653,16.862,10.043,-42.685,7.996,44.574,43.851,15.749,0.00,0.00,0.00,0.00,0.000,1,frontPikeSwan,0,0.00,0.00,0.00,-247.604,253.157,17.152,-98.23,-5.18,70.80,4.595,0.506,0.01,1.00,0,0,0,0,0,0,-5.18,-6.42,-3.98,0.2893,0.0941,0.4346,1,4.595,0,0.458,0,flip_frontPikeSwan,swingBottom,1.000,3,0.164 0.505 -0.176 0.449 0.450 0.812 0.024 0.232 -0.040 -0.450,-247.72,253.87,17.03,-5.03,-98.66,103.33,348,616,876,1032,0.526,0.425 0.860 0.155 -0.474,-1.0,0,0.000,0.000,0.4960,-0.29,frontPikeSwan,0.033,2.7,0.0,100.1,Pike,Pike,26.1,-13.8,23.0,,0.061,-12.8,-0.2,0.56,-1.0,0.0,0,5795
239,3.9833,air,trick,-248.300,247.942,16.993,10.023,-42.600,7.816,44.455,43.763,15.880,0.00,0.00,0.00,0.00,0.000,1,frontPikeSwan,0,0.00,0.00,0.00,-247.474,252.430,17.265,-98.02,-5.23,70.75,4.571,0.516,0.01,1.00,0,0,0,0,0,0,-5.23,-6.81,-4.00,0.2824,0.0945,0.4268,1,4.571,0,0.457,0,flip_frontPikeSwan,swingBottom,1.000,3,0.159 0.509 -0.186 0.484 0.442 0.799 0.087 0.308 0.017 -0.426,-247.60,253.16,17.15,-5.18,-98.23,103.28,344,604,880,1032,0.530,0.458 0.849 0.233 -0.465,-1.0,0,0.000,0.000,0.4970,-0.27,frontPikeSwan,0.050,4.6,0.0,133.8,Pike,Pike,25.2,-13.2,22.2,,0.100,-15.3,0.7,0.56,-1.0,0.0,0,6299
240,4.0000,air,trick,-248.133,247.233,17.121,10.003,-42.515,7.636,44.338,43.676,16.008,0.00,0.00,0.00,0.00,0.000,1,frontPikeSwan,0,0.00,0.00,0.00,-247.318,251.685,17.365,-98.15,-5.15,70.71,4.532,0.527,0.01,1.00,0,0,0,0,0,0,-5.15,-7.21,-4.02,0.2615,0.0950,0.4097,1,4.532,0,0.456,0,flip_frontPikeSwan,swingBottom,1.000,3,0.153 0.521 -0.194 0.534 0.443 0.805 0.164 0.402 0.147 -0.297,-247.47,252.43,17.26,-5.23,-98.02,103.23,336,572,880,1036,0.539,0.505 0.853 0.332 -0.354,-1.0,0,0.000,0.000,0.4985,-0.26,frontPikeSwan,0.067,7.2,0.0,177.7,Pike,Pike,22.9,-10.9,20.6,,0.144,-18.2,1.6,0.56,-1.0,0.0,0,6867
241,4.0167,air,trick,-247.967,246.526,17.246,9.983,-42.430,7.456,44.221,43.588,16.133,0.00,0.00,0.00,0.00,0.000,1,frontPikeSwan,0,0.00,0.00,0.00,-247.127,250.917,17.446,-98.79,-4.85,70.68,4.475,0.538,0.01,1.00,0,0,0,0,0,0,-4.85,-7.61,-4.03,0.2276,0.0952,0.3841,1,4.475,0,0.454,0,flip_frontPikeSwan,flipPike,1.000,3,0.147 0.535 -0.186 0.594 0.453 0.829 0.232 0.492 0.320 -0.057,-247.32,251.68,17.37,-5.15,-98.15,103.19,328,536,884,1040,0.549,0.562 0.870 0.431 -0.119,-1.0,0,0.000,0.000,0.5011,-0.25,frontPikeSwan,0.083,10.6,0.0,229.6,Pike,Pike,19.6,-7.1,18.5,,0.190,-21.3,2.7,0.56,-1.0,0.0,0,7475
242,4.0333,air,trick,-247.801,245.820,17.368,9.963,-42.345,7.276,44.105,43.501,16.255,0.00,0.00,0.00,0.00,0.000,1,frontPikeSwan,0,0.00,0.00,0.00,-246.887,250.122,17.503,-100.11,-4.24,70.65,4.401,0.550,0.00,1.00,0,0,0,0,0,0,-4.24,-8.01,-4.05,0.2262,0.0944,0.3748,1,4.401,0,0.453,0,flip_frontPikeSwan,flipPike,1.000,3,0.143 0.549 -0.148 0.649 0.476 0.862 0.280 0.556 0.458 0.200,-247.13,250.92,17.45,-4.85,-98.79,103.15,316,532,892,1044,0.557,0.616 0.891 0.508 0.148,-1.0,0,0.000,0.000,0.5052,-0.23,frontPikeSwan,0.100,14.9,0.0,285.5,Pike,Pike,16.2,-1.6,16.1,,0.239,-24.7,3.9,0.56,-1.0,0.0,0,8105
243,4.0500,air,trick,-247.635,245.115,17.487,9.943,-42.260,7.096,43.990,43.414,16.374,0.00,0.00,0.00,0.00,0.000,1,frontPikeSwan,0,0.00,0.00,0.00,-246.593,249.300,17.534,-102.26,-3.30,70.63,4.313,0.562,0.00,1.00,0,0,0,0,0,0,-3.30,-8.40,-4.07,0.2272,0.0923,0.3712,1,4.313,0,0.452,0,flip_frontPikeSwan,flipPike,1.000,3,0.147 0.556 -0.073 0.678 0.515 0.885 0.312 0.582 0.525 0.375,-246.89,250.12,17.50,-4.24,-100.11,103.12,312,528,904,1052,0.558,0.647 0.900 0.547 0.341,-1.0,0,0.000,0.000,0.5111,-0.22,frontPikeSwan,0.117,20.1,0.0,337.2,Pike,Pike,14.6,5.5,13.6,,0.288,-28.1,5.1,0.56,-1.0,0.0,0,8741
244,4.0667,air,trick,-247.457,244.358,17.628,10.679,-45.389,8.381,47.376,46.629,16.515,0.00,0.00,0.00,0.00,0.000,1,frontPikeSwan,0,0.00,0.00,0.00,-246.249,248.397,17.601,-105.07,-2.51,70.61,4.215,0.575,0.00,1.00,0,0,0,0,0,0,-2.51,-8.78,-4.08,0.2175,0.0932,0.3731,1,4.215,0,0.451,0,flip_frontPikeSwan,flipPike,1.000,3,0.162 0.546 0.029 0.663 0.571 0.870 0.338 0.565 0.548 0.451,-246.59,249.30,17.53,-3.30,-102.26,103.10,312,524,908,1056,0.544,0.636 0.874 0.539 0.428,-1.0,0,0.000,0.000,0.5168,-0.21,frontPikeSwan,0.133,26.1,0.0,380.1,Pike,Pike,17.9,14.3,11.1,,0.336,-31.6,6.3,0.56,-1.0,0.0,0,9372
245,4.0833,air,trick,-247.279,243.603,17.765,10.658,-45.299,8.201,47.253,46.536,16.652,0.00,0.00,0.00,0.00,0.000,1,frontPikeSwan,0,0.00,0.00,0.00,-245.861,247.452,17.660,-108.67,-1.57,70.59,4.104,0.588,0.00,1.00,0,0,0,0,0,0,-1.57,-9.13,-4.10,0.1939,0.1009,0.3819,1,4.104,0,0.450,0,flip_frontPikeSwan,flipPike,1.000,3,0.194 0.512 0.147 0.584 0.649 0.787 0.376 0.488 0.571 0.427,-246.25,248.40,17.60,-2.51,-105.07,103.08,324,520,908,1068,0.508,0.566 0.786 0.471 0.414,-1.0,0,0.000,0.000,0.5204,-0.20,frontPikeSwan,0.150,32.7,0.0,421.9,Pike,Pike,26.4,25.3,8.6,,0.384,-35.1,7.5,0.62,-1.0,0.0,4,9990
246,4.1000,air,trick,-247.102,242.849,17.900,10.637,-45.208,8.021,47.130,46.443,16.787,0.00,0.00,0.00,0.00,0.000,1,frontPikeSwan,0,0.00,0.00,0.00,-245.465,246.427,17.706,-112.27,-0.39,70.58,3.939,0.602,0.00,1.00,0,0,0,0,0,0,-0.39,-9.47,-4.12,0.1573,0.1112,0.3982,1,3.939,0,0.449,0,flip_frontPikeSwan,flipPike,1.000,3,0.239 0.444 0.255 0.439 0.733 0.618 0.421 0.345 0.605 0.316,-245.86,247.45,17.66,-1.57,-108.67,103.06,352,516,908,1080,0.443,0.435 0.618 0.342 0.314,-1.0,0,0.000,0.000,0.5196,-0.19,frontPikeSwan,0.167,40.1,0.0,453.3,Pike,Pike,38.2,37.9,5.8,,0.430,-38.6,8.7,0.62,-1.0,0.0,5,10588
247,4.1167,air,trick,-246.925,242.097,18.031,10.615,-45.118,7.841,47.008,46.350,16.918,0.00,0.00,0.00,0.00,0.000,1,frontPikeSwan,0,0.00,0.00,0.00,-245.088,245.394,17.740,-115.87,1.02,70.57,3.786,0.617,-0.00,1.00,0,0,0,0,0,0,1.03,-9.80,-4.13,0.1077,0.1208,0.4214,1,3.786,0,0.448,0,flip_frontPikeSwan,flipPike,1.000,3,0.286 0.344 0.335 0.241 0.796 0.372 0.460 0.149 0.638 0.138,-245.47,246.43,17.71,-0.39,-112.27,103.05,396,512,900,1084,0.350,0.256 0.382 0.163 0.151,-1.0,0,0.000,0.000,0.5172,-0.18,frontPikeSwan,0.183,47.7,0.0,462.5,Pike,Pike,51.3,51.3,1.8,,0.474,-42.0,9.8,0.62,-1.0,0.0,5,11161
248,4.1333,air,trick,-246.748,241.346,18.159,10.594,-45.028,7.661,46.887,46.257,17.046,0.00,0.00,0.00,0.00,0.000,1,frontPikeSwan,0,0.00,0.00,0.00,-244.725,244.357,17.768,-119.47,2.61,70.56,3.648,0.632,-0.00,1.00,0,0,0,0,0,0,2.63,-10.11,-4.15,0.0946,0.1285,0.4309,1,3.648,0,0.447,0,flip_frontPikeSwan,flipPike,1.000,3,0.332 0.259 0.400 0.082 0.820 0.151 0.506 -0.008 0.677 -0.010,-245.09,245.39,17.74,1.02,-115.87,103.04,412,512,884,1084,0.276,0.121 0.174 0.027 0.019,-1.0,0,0.000,0.000,0.5126,-0.17,frontPikeSwan,0.200,55.4,0.0,462.5,Pike,Pike,60.4,60.4,0.3,,0.516,-45.3,11.0,0.62,-1.0,0.0,5,11707
249,4.1500,air,trick,-246.572,240.597,18.285,10.573,-44.938,7.481,46.767,46.165,17.172,0.00,0.00,0.00,0.00,0.000,1,frontPikeSwan,0,0.00,0.00,0.00,-244.375,243.314,17.791,-123.07,4.33,70.56,3.529,0.647,-0.00,1.00,0,0,0,0,0,0,4.35,-10.41,-4.17,0.1148,0.1325,0.4471,1,3.529,0,0.445,0,flip_frontPikeSwan,flipPike,1.000,3,0.375 0.177 0.453 -0.067 0.805 -0.055 0.546 -0.153 0.708 -0.147,-244.72,244.36,17.77,2.61,-119.47,103.03,420,512,868,1076,0.206,-0.005 -0.019 -0.098 -0.105,-1.0,0,0.000,0.000,0.5046,-0.16,frontPikeSwan,0.217,63.1,0.0,462.5,Pike,Pike,68.4,68.4,-0.7,,0.556,-48.5,12.0,0.62,-1.0,0.0,5,12223
250,4.1667,air,trick,-246.396,239.849,18.407,10.552,-44.848,7.301,46.647,46.072,17.294,0.00,0.00,0.00,0.00,0.000,1,frontPikeSwan,0,0.00,0.00,0.00,-244.048,242.297,17.811,-126.67,6.10,70.56,3.444,0.661,-0.01,1.00,0,0,0,0,0,0,6.10,-10.70,-4.18,0.1343,0.1401,0.4645,1,3.444,0,0.444,0,flip_frontPikeSwan,flipPike,1.000,3,0.414 0.092 0.493 -0.211 0.823 -0.182 0.571 -0.291 0.723 -0.277,-244.37,243.31,17.79,4.33,-123.07,103.03,428,536,848,1072,0.131,-0.130 -0.140 -0.221 -0.226,-1.0,0,0.000,0.000,0.5003,-0.16,frontPikeSwan,0.233,70.8,0.0,460.3,Pike,Pike,76.4,76.4,-2.0,,0.593,-51.6,13.1,0.62,-1.0,0.0,4,12708
251,4.1833,air,trick,-246.220,239.102,18.527,10.531,-44.758,7.121,46.528,45.980,17.414,0.00,0.00,0.00,0.00,0.000,1,frontPikeSwan,0,0.00,0.00,0.00,-243.752,241.329,17.830,-130.27,7.83,70.56,3.397,0.676,-0.01,1.00,0,0,0,0,0,0,7.83,-10.98,-4.20,0.1541,0.1441,0.4809,1,3.397,0,0.443,0,flip_frontPikeSwan,flipPike,1.000,3,0.444 0.008 0.519 -0.346 0.825 -0.300 0.580 -0.417 0.721 -0.395,-244.05,242.30,17.81,6.10,-126.67,103.03,436,560,832,1068,0.055,-0.250 -0.257 -0.338 -0.341,-1.0,0,0.000,0.000,0.4994,-0.15,frontPikeSwan,0.250,78.5,0.0,452.4,Pike,Pike,84.3,84.3,-5.9,,0.628,-54.5,14.1,0.62,-1.0,0.0,4,13162
252,4.2000,air,trick,-246.045,238.358,18.643,10.510,-44.669,6.941,46.410,45.888,17.530,0.00,0.00,0.00,0.00,0.000,1,frontPikeSwan,0,0.00,0.00,0.00,-243.475,240.385,17.849,-133.87,9.49,70.56,3.368,0.690,-0.01,1.00,0,0,0,0,0,0,9.49,-11.25,-4.22,0.1769,0.1453,0.4944,1,3.368,0,0.442,0,flip_frontPikeSwan,flipPike,1.000,3,0.466 -0.072 0.528 -0.467 0.809 -0.403 0.572 -0.528 0.703 -0.498,-243.75,241.33,17.83,7.83,-130.27,103.03,444,588,824,1068,-0.020,-0.362 -0.367 -0.445 -0.448,-1.0,0,0.000,0.000,0.4997,-0.14,frontPikeSwan,0.267,85.9,0.0,440.5,Pike,Pike,92.0,92.0,-163.3,,0.660,-57.3,15.1,0.62,-1.0,0.0,4,13585
253,4.2167,air,trick,-245.870,237.614,18.757,10.489,-44.579,6.761,46.293,45.797,17.644,0.00,0.00,0.00,0.00,0.000,1,frontPikeSwan,0,0.00,0.00,0.00,-243.216,239.459,17.870,-137.47,11.04,70.57,3.352,0.703,-0.01,1.00,0,0,0,0,0,0,11.04,-11.51,-4.23,0.1978,0.1436,0.5067,1,3.352,0,0.441,0,flip_frontPikeSwan,flipPike,1.000,3,0.478 -0.144 0.522 -0.571 0.776 -0.490 0.548 -0.621 0.667 -0.583,-243.48,240.38,17.85,9.49,-133.87,103.03,448,616,824,1072,-0.092,-0.464 -0.468 -0.542 -0.544,-1.0,0,0.000,0.000,0.5010,-0.14,frontPikeSwan,0.283,93.1,0.0,426.1,Pike,Pike,99.5,99.5,-176.5,,0.691,-60.0,16.0,0.62,-1.0,0.0,4,13977
254,4.2333,air,trick,-245.695,236.872,18.867,10.468,-44.490,6.581,46.176,45.705,17.754,0.00,0.00,0.00,0.00,0.000,1,frontPikeSwan,0,0.00,0.00,0.00,-242.971,238.550,17.922,-141.07,12.04,70.57,3.336,0.716,-0.01,1.00,0,0,0,0,0,0,12.04,-11.76,-4.25,0.2178,0.1393,0.5166,1,3.336,0,0.440,0,flip_frontPikeSwan,flipPike,1.000,3,0.481 -0.208 0.501 -0.656 0.727 -0.562 0.511 -0.695 0.617 -0.651,-243.22,239.46,17.87,11.04,-137.47,103.04,448,640,832,1072,-0.161,-0.555 -0.557 -0.626 -0.627,-1.0,0,0.000,0.000,0.5028,-0.13,frontPikeSwan,0.300,100.1,0.0,411.1,Pike,Pike,106.7,106.7,-178.3,,0.719,-62.6,16.9,0.56,-1.0,0.0,4,14341
255,4.2500,air,trick,-245.521,236.132,18.974,10.447,-44.401,6.401,46.061,45.614,17.861,0.00,0.00,0.00,0.00,0.000,1,frontPikeSwan,0,0.00,0.00,0.00,-242.736,237.651,17.980,-144.67,12.86,70.58,3.324,0.729,-0.02,1.00,0,0,0,0,0,0,12.86,-12.00,-4.27,0.2391,0.1311,0.5256,1,3.324,0,0.439,0,flip_frontPikeSwan,flipPike,1.000,3,0.470 -0.272 0.457 -0.735 0.654 -0.630 0.449 -0.762 0.542 -0.712,-242.97,238.55,17.92,12.04,-141.07,103.04,444,664,840,1068,-0.233,-0.645 -0.646 -0.708 -0.708,-1.0,0,0.000,0.000,0.5037,-0.12,frontPikeSwan,0.317,106.8,0.0,396.4,Pike,Pike,114.6,114.6,-179.1,,0.744,-65.1,17.7,0.56,-1.0,0.0,4,14676
256,4.2667,air,trick,-245.347,235.393,19.079,10.426,-44.313,6.221,45.946,45.523,17.966,0.00,0.00,0.00,0.00,0.000,1,frontPikeSwan,0,0.00,0.00,0.00,-242.512,236.763,18.040,-148.27,13.60,70.59,3.316,0.741,-0.02,1.00,0,0,0,0,0,0,13.60,-12.24,-4.28,0.2603,0.1206,0.5349,1,3.316,0,0.438,0,flip_frontPikeSwan,flipPike,1.000,3,0.447 -0.332 0.390 -0.804 0.567 -0.682 0.352 -0.823 0.431 -0.769,-242.74,237.65,17.98,12.86,-144.67,103.05,440,688,848,1068,-0.304,-0.724 -0.723 -0.786 -0.786,-1.0,0,0.000,0.000,0.5046,-0.12,frontPikeSwan,0.333,113.3,0.0,383.2,Pike,Pike,122.7,122.7,-179.5,,0.768,-67.6,18.4,0.56,-1.0,0.0,4,14985
257,4.2833,air,trick,-245.174,234.656,19.180,10.405,-44.224,6.041,45.831,45.432,18.067,0.00,0.00,0.00,0.00,0.000,1,frontPikeSwan,0,0.00,0.00,0.00,-242.296,235.885,18.100,-151.87,14.27,70.60,3.310,0.752,-0.02,1.00,0,0,0,0,0,0,14.27,-12.47,-4.30,0.2781,0.1113,0.5428,1,3.310,0,0.437,0,flip_frontPikeSwan,flipPike,1.000,3,0.422 -0.379 0.319 -0.855 0.488 -0.701 0.223 -0.869 0.288 -0.810,-242.51,236.76,18.04,13.60,-148.27,103.06,440,708,864,1068,-0.361,-0.775 -0.774 -0.848 -0.848,-1.0,0,0.000,0.000,0.5071,-0.11,frontPikeSwan,0.350,119.6,0.0,359.5,Pike,Pike,129.5,129.5,-179.8,,0.790,-69.9,19.2,0.56,-1.0,0.0,4,15268
258,4.3000,air,trick,-245.001,233.920,19.279,10.384,-44.136,5.861,45.718,45.341,18.166,0.00,0.00,0.00,0.00,0.000,1,frontPikeSwan,0,0.00,0.00,0.00,-242.089,235.016,18.160,-155.47,14.88,70.61,3.306,0.762,-0.02,1.00,0,0,0,0,0,0,14.88,-12.69,-4.32,0.2890,0.1049,0.5474,1,3.306,0,0.436,0,flip_frontPikeSwan,flipPike,1.000,3,0.399 -0.412 0.268 -0.886 0.425 -0.687 0.078 -0.889 0.128 -0.826,-242.30,235.88,18.10,14.27,-151.87,103.07,436,728,876,1076,-0.405,-0.796 -0.793 -0.883 -0.882,-1.0,0,0.000,0.000,0.5120,-0.11,frontPikeSwan,0.367,125.1,0.0,297.2,Pike,Pike,134.8,134.8,-179.9,,0.810,-72.2,19.8,0.56,-1.0,0.0,4,15527
259,4.3167,air,trick,-244.835,233.185,19.374,9.906,-44.069,5.681,45.525,45.169,18.261,0.00,0.00,0.00,0.00,0.000,1,frontPikeSwan,0,0.00,0.00,0.00,-241.896,234.158,18.221,-159.07,15.43,70.62,3.304,0.772,-0.03,1.00,0,0,0,0,0,0,15.43,-12.91,-4.33,0.2917,0.1118,0.5478,1,3.304,0,0.435,0,flip_frontPikeSwan,flipPike,1.000,3,0.383 -0.432 0.256 -0.893 0.389 -0.631 -0.065 -0.885 -0.030 -0.817,-242.09,235.02,18.16,14.88,-155.47,103.08,436,740,888,1088,-0.434,-0.786 -0.775 -0.889 -0.886,-1.0,0,0.000,0.000,0.5164,-0.10,frontPikeSwan,0.383,129.5,0.0,233.3,Pike,Pike,138.2,138.2,179.1,,0.828,-74.4,20.5,0.56,-1.0,0.0,4,15765
260,4.3333,air,trick,-244.672,232.451,19.467,9.749,-44.012,5.501,45.413,45.079,18.354,0.00,0.00,0.00,0.00,0.000,1,frontPikeSwan,0,0.00,0.00,0.00,-241.711,233.308,18.281,-162.67,15.94,70.63,3.302,0.781,-0.03,1.00,0,0,0,0,0,0,15.94,-13.12,-4.35,0.2882,0.1363,0.5452,1,3.302,0,0.434,0,flip_frontPikeSwan,flipSwan,1.000,3,0.375 -0.440 0.287 -0.874 0.374 -0.543 -0.195 -0.863 -0.175 -0.789,-241.90,234.16,18.22,15.43,-159.07,103.09,436,740,896,1108,-0.451,-0.745 -0.722 -0.872 -0.866,-1.0,0,0.000,0.000,0.5177,-0.10,frontPikeSwan,0.400,132.9,0.0,183.8,Swan,Pike,140.2,140.2,178.5,,0.845,-76.5,21.0,0.56,-1.0,0.0,4,15981
261,4.3500,air,trick,-244.512,231.718,19.556,9.551,-43.963,5.321,45.302,44.988,18.443,0.00,0.00,0.00,0.00,0.000,1,frontPikeSwan,0,0.00,0.00,0.00,-241.535,232.467,18.341,-165.54,16.40,70.64,3.301,0.789,-0.03,1.00,0,0,0,0,0,0,16.40,-13.32,-4.37,0.2806,0.1616,0.5402,1,3.301,0,0.433,0,flip_frontPikeSwan,flipSwan,1.000,3,0.371 -0.440 0.343 -0.829 0.380 -0.435 -0.308 -0.830 -0.300 -0.751,-241.71,233.31,18.28,15.94,-162.67,103.10,436,736,884,1128,-0.459,-0.681 -0.642 -0.839 -0.831,-1.0,0,0.000,0.000,0.5169,-0.09,frontPikeSwan,0.417,135.7,0.0,148.4,Swan,Pike,141.0,141.0,177.8,,0.860,-78.5,21.6,0.56,-1.0,0.0,0,16179
262,4.3667,air,trick,-244.367,230.986,19.642,8.622,-43.921,5.141,45.053,44.759,18.529,0.00,0.00,0.00,0.00,0.000,1,frontPikeSwan,0,0.00,0.00,0.00,-241.379,231.635,18.400,-167.45,16.83,70.65,3.301,0.797,-0.03,1.00,0,0,0,0,0,0,16.83,-13.52,-4.38,0.2703,0.1840,0.5337,1,3.301,0,0.432,0,flip_frontPikeSwan,flipSwan,1.000,3,0.372 -0.436 0.402 -0.770 0.402 -0.321 -0.406 -0.788 -0.406 -0.704,-241.54,232.47,18.34,16.40,-165.54,103.11,436,724,856,1144,-0.461,-0.608 -0.547 -0.796 -0.785,-1.0,0,0.000,0.000,0.5117,-0.09,frontPikeSwan,0.433,137.9,0.0,123.7,Swan,Pike,141.0,141.1,176.2,,0.874,-80.4,22.1,0.56,-1.0,0.0,0,16358
263,4.3833,air,trick,-244.227,230.254,19.726,8.342,-43.884,4.961,44.944,44.670,18.613,0.00,0.00,0.00,0.00,0.000,1,frontPikeSwan,0,0.00,0.00,0.00,-241.231,230.810,18.458,-169.22,17.22,70.66,3.300,0.804,-0.04,1.00,0,0,0,0,0,0,17.22,-13.72,-4.40,0.2495,0.2107,0.5220,1,3.300,0,0.431,0,flip_frontPikeSwan,flipSwan,1.000,3,0.375 -0.426 0.457 -0.711 0.419 -0.219 -0.539 -0.712 -0.546 -0.617,-241.38,231.63,18.40,16.83,-167.45,103.12,436,700,804,1144,-0.458,-0.541 -0.457 -0.713 -0.697,-1.0,0,0.000,0.000,0.5023,-0.08,frontPikeSwan,0.450,139.9,0.0,106.6,Swan,Pike,140.5,140.6,175.2,,0.886,-82.2,22.6,0.69,-1.0,0.0,0,16521
264,4.4000,air,trick,-244.092,229.523,19.806,8.021,-43.853,4.781,44.836,44.580,18.693,0.00,0.00,0.00,0.00,0.000,1,frontPikeSwan,0,0.00,0.00,0.00,-241.091,229.993,18.516,-170.85,17.58,70.67,3.300,0.810,-0.04,1.00,0,0,0,0,0,0,17.58,-13.91,-4.42,0.2149,0.2369,0.5034,1,3.300,0,0.431,0,flip_frontPikeSwan,flipSwan,1.000,3,0.379 -0.415 0.500 -0.664 0.427 -0.139 -0.691 -0.580 -0.706 -0.471,-241.23,230.81,18.46,17.22,-169.22,103.13,436,656,744,1140,-0.452,-0.493 -0.385 -0.565 -0.543,-1.0,0,0.000,0.000,0.4906,-0.08,frontPikeSwan,0.467,141.5,0.0,95.0,Swan,Pike,139.7,139.9,174.1,,0.898,-83.9,23.0,0.69,-1.0,0.0,0,16669
265,4.4167,air,trick,-243.965,228.793,19.884,7.511,-43.827,4.601,44.703,44.466,18.771,0.00,0.00,0.00,0.00,0.000,1,frontPikeSwan,0,0.00,0.00,0.00,-240.963,229.183,18.572,-172.37,17.91,70.68,3.300,0.815,-0.04,1.00,0,0,0,0,0,0,17.91,-14.09,-4.43,0.2234,0.2531,0.4955,1,3.300,0,0.430,0,flip_frontPikeSwan,flipSwan,1.000,3,0.378 -0.407 0.522 -0.649 0.420 -0.093 -0.824 -0.372 -0.847 -0.247,-241.09,229.99,18.52,17.58,-170.85,103.14,432,632,700,1132,-0.450,-0.480 -0.346 -0.331 -0.301,-1.0,0,0.000,0.000,0.4810,-0.07,frontPikeSwan,0.483,143.0,0.0,87.7,Swan,Pike,139.5,139.8,172.8,,0.908,-85.5,23.4,0.69,-1.0,0.0,0,16803
266,4.4333,air,trick,-243.845,228.063,19.958,7.107,-43.804,4.421,44.596,44.377,18.845,0.00,0.00,0.00,0.00,0.000,1,frontPikeSwan,0,0.00,0.00,0.00,-240.843,228.380,18.626,-173.76,18.21,70.69,3.300,0.820,-0.05,1.00,0,0,0,0,0,0,18.21,-14.27,-4.45,0.2336,0.2494,0.4946,1,3.300,0,0.429,0,flip_frontPikeSwan,flipSwan,1.000,3,0.363 -0.409 0.522 -0.668 0.394 -0.081 -0.877 -0.077 -0.907 0.061,-240.96,229.18,18.57,17.91,-172.37,103.15,428,636,692,1124,-0.459,-0.504 -0.343 -0.001 0.037,-1.0,0,0.000,0.000,0.4781,-0.07,frontPikeSwan,0.500,144.5,0.0,83.9,Swan,Swan,140.8,141.3,171.6,,0.917,-87.0,23.8,0.69,-1.0,0.0,0,16924
267,4.4500,air,trick,-243.732,227.333,20.030,6.662,-43.784,4.241,44.490,44.288,18.917,0.00,0.00,0.00,0.00,0.000,1,frontPikeSwan,0,0.00,0.00,0.00,-240.732,227.583,18.679,-175.05,18.49,70.70,3.300,0.824,-0.05,1.00,0,0,0,0,0,0,18.49,-14.44,-4.47,0.3004,0.2237,0.4655,1,3.300,0,0.428,0,flip_frontPikeSwan,flipSwan,1.000,3,0.349 -0.411 0.519 -0.687 0.369 -0.070 -0.784 0.246 -0.819 0.388,-240.84,228.38,18.63,18.21,-173.76,103.16,372,640,728,1116,-0.467,-0.528 -0.341 0.358 0.401,-1.0,0,0.000,0.000,0.4864,-0.07,frontPikeSwan,0.517,145.9,0.0,83.2,Swan,Swan,142.1,142.7,170.5,,0.926,-88.4,24.1,0.69,-1.0,0.0,0,17034
268,4.4667,air,trick,-243.634,226.603,20.098,5.594,-43.764,4.061,44.307,44.120,18.985,0.00,0.00,0.00,0.00,0.000,1,frontPikeSwan,0,0.00,0.00,0.00,-240.637,226.792,18.731,-176.24,18.75,70.71,3.300,0.828,-0.05,1.00,0,0,0,0,0,0,18.75,-14.62,-4.48,0.3560,0.1841,0.4419,1,3.300,0,0.428,0,flip_frontPikeSwan,flipSwan,1.000,3,0.334 -0.413 0.513 -0.706 0.346 -0.059 -0.563 0.505 -0.598 0.642,-240.73,227.58,18.68,18.49,-175.05,103.18,308,644,796,1108,-0.475,-0.552 -0.337 0.641 0.686,-1.0,0,0.000,0.000,0.5020,-0.06,frontPikeSwan,0.533,147.2,0.0,83.2,Swan,Swan,143.3,144.3,168.8,,0.933,-89.6,24.5,0.69,-1.0,0.0,0,17133
269,4.4833,air,trick,-243.554,225.874,20.163,4.530,-43.737,3.881,44.142,43.971,19.050,0.00,0.00,0.00,0.00,0.000,1,frontPikeSwan,0,0.00,0.00,0.00,-240.561,226.006,18.781,-177.33,18.98,70.72,3.300,0.831,-0.05,1.00,0,0,0,0,0,0,18.98,-14.78,-4.50,0.3857,0.1438,0.4313,1,3.300,0,0.427,0,flip_frontPikeSwan,flipSwan,1.000,3,0.319 -0.415 0.504 -0.724 0.326 -0.049 -0.303 0.650 -0.337 0.778,-240.64,226.79,18.73,18.75,-176.24,103.19,280,648,864,1100,-0.482,-0.575 -0.333 0.796 0.842,-1.0,0,0.000,0.000,0.5184,-0.06,frontPikeSwan,0.550,148.6,0.0,83.2,Swan,Swan,144.5,145.9,167.4,,0.940,-90.8,24.8,0.69,-1.0,0.0,0,17222
270,4.5000,air,trick,-243.492,225.146,20.226,3.472,-43.702,3.701,43.996,43.840,19.113,0.00,0.00,0.00,0.00,0.000,1,frontPikeSwan,0,0.00,0.00,0.00,-240.503,225.226,18.829,-178.33,19.20,70.73,3.300,0.832,-0.06,1.00,0,0,0,0,0,0,19.20,-14.94,-4.52,0.3975,0.1114,0.4294,1,3.300,0,0.427,0,flip_frontPikeSwan,flipSwan,1.000,3,0.304 -0.417 0.493 -0.742 0.308 -0.039 -0.085 0.704 -0.116 0.824,-240.56,226.01,18.78,18.98,-177.33,103.20,268,652,920,1092,-0.488,-0.597 -0.330 0.850 0.896,-1.0,0,0.000,0.000,0.5311,-0.06,frontPikeSwan,0.567,150.0,0.0,83.2,Swan,Swan,145.6,147.5,166.0,,0.946,-92.0,25.0,0.69,-1.0,0.0,0,17303
271,4.5167,air,trick,-243.447,224.418,20.285,2.419,-43.657,3.521,43.865,43.724,19.172,0.00,0.00,0.00,0.00,0.000,1,frontPikeSwan,0,0.00,0.00,0.00,-240.465,224.450,18.876,-179.25,19.41,70.75,3.299,0.833,-0.06,1.00,0,0,0,0,0,0,19.41,-15.10,-4.53,0.4012,0.0990,0.4315,1,3.299,0,0.426,0,flip_frontPikeSwan,flipSwan,1.000,3,0.290 -0.418 0.480 -0.758 0.292 -0.030 0.056 0.708 0.026 0.825,-240.50,225.23,18.83,19.20,-178.33,103.21,268,656,932,1088,-0.495,-0.618 -0.326 0.854 0.901,-1.0,0,0.000,0.000,0.5343,-0.05,frontPikeSwan,0.583,151.4,0.0,83.2,Swan,Swan,146.7,149.1,164.9,,0.952,-93.0,25.3,0.69,-1.0,0.0,0,17375
272,4.5333,air,trick,-243.420,223.691,20.342,1.371,-43.599,3.341,43.748,43.620,19.229,0.00,0.00,0.00,0.00,0.000,1,frontPikeSwan,0,0.00,0.00,0.00,-240.446,223.677,18.920,179.85,19.61,70.76,3.296,0.833,-0.06,1.00,0,0,0,0,0,0,19.61,-15.25,-4.55,0.4027,0.0964,0.4346,1,3.296,0,0.426,0,flip_frontPikeSwan,flipSwan,1.000,3,0.275 -0.420 0.466 -0.774 0.278 -0.021 0.111 0.698 0.081 0.816,-240.46,224.45,18.88,19.41,-179.25,103.22,272,660,932,1084,-0.500,-0.638 -0.322 0.846 0.896,-1.0,0,0.000,0.000,0.5328,-0.05,frontPikeSwan,0.600,152.8,0.0,83.2,Swan,Swan,147.7,150.7,163.8,,0.957,-94.0,25.5,0.38,-1.0,0.0,0,17441
273,4.5500,air,trick,-243.410,222.965,20.395,0.328,-43.526,3.161,43.642,43.527,19.282,0.00,0.00,0.00,0.00,0.000,1,frontPikeSwan,0,0.00,0.00,0.00,-240.446,222.904,18.963,178.91,19.81,70.77,3.293,0.832,-0.06,1.00,0,0,0,0,0,0,19.81,-15.40,-4.57,0.4047,0.0939,0.4375,1,3.293,0,0.425,0,flip_frontPikeSwan,flipSwan,1.000,3,0.260 -0.421 0.452 -0.789 0.263 -0.013 0.135 0.685 0.106 0.808,-240.45,223.68,18.92,19.61,179.85,103.23,272,664,932,1080,-0.506,-0.657 -0.319 0.839 0.893,-1.0,0,0.000,0.000,0.5313,-0.05,frontPikeSwan,0.617,154.2,0.0,83.2,Swan,Swan,148.7,152.3,162.9,,0.961,-95.1,25.7,0.38,-1.0,0.0,0,17499
274,4.5667,air,trick,-243.413,222.241,20.446,-0.165,-43.441,2.981,43.543,43.441,19.333,0.00,0.00,0.00,0.00,0.000,1,frontPikeSwan,0,0.00,0.00,0.00,-240.460,222.131,19.003,177.96,20.00,70.78,3.288,0.831,-0.07,1.00,0,0,0,0,0,0,20.00,-15.54,-4.58,0.4066,0.0911,0.4403,1,3.288,0,0.425,0,flip_frontPikeSwan,flipSwan,1.000,3,0.245 -0.422 0.437 -0.803 0.248 -0.005 0.160 0.673 0.130 0.800,-240.45,222.90,18.96,19.81,178.91,103.24,276,672,936,1076,-0.511,-0.674 -0.316 0.831 0.889,-1.0,0,0.000,0.000,0.5297,-0.05,frontPikeSwan,0.633,155.6,0.0,83.2,Swan,Swan,149.6,153.8,162.3,,0.966,-96.1,25.9,0.38,-1.0,0.0,0,17552
275,4.5833,air,trick,-243.416,221.518,20.493,-0.165,-43.354,2.801,43.445,43.355,19.380,0.00,0.00,0.00,0.00,0.000,1,frontPikeSwan,0,0.00,0.00,0.00,-240.474,221.360,19.041,177.00,20.18,70.78,3.284,0.829,-0.07,1.00,0,0,0,0,0,0,20.18,-15.68,-4.60,0.4088,0.0880,0.4418,1,3.284,0,0.425,0,flip_frontPikeSwan,flipSwan,1.000,3,0.231 -0.424 0.425 -0.813 0.231 -0.004 0.185 0.665 0.154 0.795,-240.46,222.13,19.00,20.00,177.96,103.25,276,672,936,1076,-0.516,-0.687 -0.319 0.826 0.885,-1.0,0,0.000,0.000,0.5279,-0.04,frontPikeSwan,0.650,157.0,0.0,83.2,Swan,Swan,150.7,155.1,162.4,,0.969,-97.2,26.1,0.38,-1.0,0.0,0,17600
276,4.6000,air,trick,-243.419,220.797,20.537,-0.165,-43.268,2.621,43.348,43.269,19.424,0.00,0.00,0.00,0.00,0.000,1,frontPikeSwan,0,0.00,0.00,0.00,-240.488,220.590,19.077,176.05,20.34,70.79,3.280,0.826,-0.07,1.00,0,0,0,0,0,0,20.34,-15.82,-4.62,0.4111,0.0852,0.4426,1,3.280,0,0.424,0,flip_frontPikeSwan,flipSwan,1.000,3,0.216 -0.429 0.413 -0.821 0.213 -0.008 0.209 0.661 0.177 0.792,-240.47,221.36,19.04,20.18,177.00,103.26,276,676,936,1072,-0.522,-0.696 -0.327 0.822 0.881,-1.0,0,0.000,0.000,0.5262,-0.04,frontPikeSwan,0.667,158.3,0.0,83.2,Swan,Swan,151.9,156.5,162.8,,0.972,-98.2,26.3,0.38,-1.0,0.0,0,17642
277,4.6167,air,trick,-243.421,220.077,20.579,-0.165,-43.182,2.441,43.252,43.183,19.466,0.00,0.00,0.00,0.00,0.000,1,frontPikeSwan,0,0.00,0.00,0.00,-240.502,219.824,19.111,175.12,20.48,70.80,3.278,0.823,-0.07,1.00,0,0,0,0,0,0,20.48,-15.95,-4.63,0.4136,0.0841,0.4427,1,3.278,0,0.424,0,flip_frontPikeSwan,flipSwan,1.000,3,0.201 -0.434 0.402 -0.827 0.194 -0.016 0.233 0.660 0.199 0.791,-240.49,220.59,19.08,20.34,176.05,103.27,276,680,936,1068,-0.529,-0.702 -0.338 0.819 0.877,-1.0,0,0.000,0.000,0.5254,-0.04,frontPikeSwan,0.683,159.7,0.0,83.2,Swan,Swan,153.3,157.9,163.4,,0.975,-99.3,26.4,0.38,-1.0,0.0,0,17680
278,4.6333,air,trick,-243.424,219.358,20.617,-0.165,-43.097,2.261,43.156,43.097,19.504,0.00,0.00,0.00,0.00,0.000,1,frontPikeSwan,0,0.00,0.00,0.00,-240.514,219.060,19.142,174.22,20.60,70.81,3.276,0.820,-0.08,1.00,0,0,0,0,0,0,20.60,-16.08,-4.65,0.4160,0.0830,0.4423,1,3.276,0,0.424,0,flip_frontPikeSwan,flipSwan,1.000,3,0.186 -0.441 0.392 -0.832 0.174 -0.027 0.256 0.660 0.220 0.792,-240.50,219.82,19.11,20.48,175.12,103.28,276,680,936,1068,-0.535,-0.705 -0.351 0.816 0.874,-1.0,0,0.000,0.000,0.5245,-0.04,frontPikeSwan,0.700,161.1,0.0,83.2,Swan,Swan,154.7,159.3,164.1,,0.978,-100.3,26.6,0.38,-1.0,0.0,0,17714
279,4.6500,air,trick,-243.427,218.641,20.653,-0.165,-43.011,2.081,43.062,43.011,19.540,0.00,0.00,0.00,0.00,0.000,1,frontPikeSwan,0,0.00,0.00,0.00,-240.525,218.299,19.171,173.34,20.71,70.82,3.276,0.817,-0.08,1.00,0,0,0,0,0,0,20.71,-16.20,-4.67,0.4183,0.0818,0.4416,1,3.276,0,0.423,0,flip_frontPikeSwan,flipSwan,1.000,3,0.171 -0.448 0.382 -0.836 0.154 -0.041 0.279 0.662 0.241 0.792,-240.51,219.06,19.14,20.60,174.22,103.29,276,680,936,1064,-0.541,-0.708 -0.367 0.813 0.869,-1.0,0,0.000,0.000,0.5237,-0.04,frontPikeSwan,0.717,162.5,0.0,83.2,Swan,Swan,156.2,160.7,164.9,,0.980,-101.2,26.7,0.38,-1.0,0.0,0,17745
280,4.6667,air,trick,-243.430,217.925,20.685,-0.165,-42.926,1.901,42.968,42.926,19.572,0.00,0.00,0.00,0.00,0.000,1,frontPikeSwan,0,0.00,0.00,0.00,-240.535,217.541,19.197,172.50,20.79,70.83,3.277,0.813,-0.08,1.00,0,0,0,0,0,0,20.79,-16.32,-4.68,0.4204,0.0807,0.4407,1,3.277,0,0.423,0,flip_frontPikeSwan,flipSwan,1.000,3,0.157 -0.455 0.372 -0.839 0.134 -0.055 0.301 0.664 0.262 0.793,-240.53,218.30,19.17,20.71,173.34,103.30,272,680,936,1064,-0.548,-0.709 -0.382 0.811 0.865,-1.0,0,0.000,0.000,0.5228,-0.04,frontPikeSwan,0.733,163.9,0.0,83.2,Swan,Swan,157.7,162.2,165.8,,0.983,-102.1,26.8,0.38,-1.0,0.0,0,17773
281,4.6833,air,trick,-243.432,217.211,20.715,-0.165,-42.841,1.721,42.876,42.841,19.602,0.00,0.00,0.00,0.00,0.000,1,frontPikeSwan,0,0.00,0.00,0.00,-240.545,216.787,19.221,171.70,20.86,70.83,3.278,0.809,-0.08,1.00,0,0,0,0,0,0,20.86,-16.43,-4.70,0.4224,0.0795,0.4396,1,3.278,0,0.423,0,flip_frontPikeSwan,flipSwan,1.000,3,0.142 -0.463 0.363 -0.842 0.113 -0.071 0.323 0.666 0.281 0.795,-240.54,217.54,19.20,20.79,172.50,103.30,272,680,936,1060,-0.554,-0.709 -0.399 0.808 0.859,-1.0,0,0.000,0.000,0.5220,-0.03,frontPikeSwan,0.750,165.3,0.0,83.2,Swan,Swan,159.3,163.6,166.6,,0.984,-103.0,26.9,0.31,-1.0,0.0,0,17797
282,4.7000,air,trick,-243.435,216.498,20.741,-0.165,-42.756,1.541,42.784,42.756,19.628,0.00,0.00,0.00,0.00,0.000,1,frontPikeSwan,0,0.00,0.00,0.00,-240.554,216.036,19.243,170.94,20.92,70.84,3.280,0.804,-0.08,1.00,0,0,0,0,0,0,20.92,-16.54,-4.72,0.4242,0.0796,0.4384,1,3.280,0,0.422,0,flip_frontPikeSwan,flipSwan,1.000,3,0.128 -0.470 0.354 -0.844 0.092 -0.087 0.344 0.668 0.300 0.795,-240.55,216.79,19.22,20.86,171.70,103.31,268,680,932,1056,-0.559,-0.708 -0.415 0.804 0.853,-1.0,0,0.000,0.000,0.5208,-0.03,frontPikeSwan,0.767,166.7,0.0,83.2,Swan,Swan,160.9,165.1,167.4,,0.986,-103.8,27.0,0.31,-1.0,0.0,0,17819
283,4.7167,air,trick,-243.438,215.786,20.764,-0.165,-42.671,1.361,42.693,42.671,19.651,0.00,0.00,0.00,0.00,0.000,1,frontPikeSwan,0,0.00,0.00,0.00,-240.563,215.288,19.262,170.22,20.97,70.85,3.282,0.800,-0.08,1.00,0,0,0,0,0,0,20.97,-16.65,-4.73,0.4258,0.0826,0.4372,1,3.282,0,0.422,0,flip_frontPikeSwan,flipSwan,1.000,3,0.113 -0.478 0.345 -0.846 0.072 -0.104 0.365 0.670 0.319 0.796,-240.55,216.04,19.24,20.92,170.94,103.32,268,680,932,1056,-0.564,-0.707 -0.431 0.800 0.846,-1.0,0,0.000,0.000,0.5182,-0.03,frontPikeSwan,0.783,168.1,0.0,83.2,Swan,Swan,162.4,166.6,168.3,,0.988,-104.6,27.1,0.31,-1.0,0.0,0,17839
284,4.7333,air,trick,-243.441,215.076,20.785,-0.165,-42.586,1.181,42.603,42.586,19.672,0.00,0.00,0.00,0.00,0.000,1,frontPikeSwan,0,0.00,0.00,0.00,-240.572,214.544,19.278,169.53,21.02,70.85,3.284,0.795,-0.09,1.00,1,0,0,0,0,0,21.02,-16.75,-4.75,0.4273,0.0857,0.4360,1,3.284,0,0.422,0,flip_frontPikeSwan,flipSwan,1.000,3,0.099 -0.485 0.336 -0.848 0.051 -0.120 0.386 0.672 0.337 0.795,-240.56,215.29,19.26,20.97,170.22,103.32,264,680,932,1052,-0.569,-0.705 -0.447 0.795 0.838,-1.0,0,0.000,0.000,0.5156,-0.03,frontPikeSwan,0.800,169.4,0.0,83.2,Swan,Swan,164.0,168.0,169.1,,0.989,-105.4,27.2,0.31,-1.0,0.0,0,17856
285,4.7500,air,trick,-243.443,214.367,20.802,-0.165,-42.502,1.001,42.514,42.502,19.689,0.00,0.00,0.00,0.00,0.000,1,frontPikeSwan,0,0.00,0.00,0.00,-240.581,213.803,19.291,168.88,21.06,70.86,3.286,0.790,-0.09,1.00,1,0,0,0,0,0,21.06,-16.85,-4.77,0.4285,0.0924,0.4349,1,3.286,0,0.422,0,flip_frontPikeSwan,flipSwan,1.000,3,0.085 -0.491 0.327 -0.849 0.031 -0.136 0.406 0.672 0.355 0.794,-240.57,214.54,19.28,21.02,169.53,103.33,264,680,928,1056,-0.573,-0.703 -0.461 0.789 0.830,-1.0,0,0.000,0.000,0.5150,-0.03,frontPikeSwan,0.817,170.8,0.0,83.2,Swan,Swan,165.5,169.5,169.8,,0.990,-106.1,27.2,0.31,-1.0,0.0,0,17872
286,4.7667,air,trick,-243.446,213.660,20.817,-0.165,-42.417,0.821,42.426,42.418,19.704,0.00,0.00,0.00,0.00,0.000,1,frontPikeSwan,0,0.00,0.00,0.00,-240.589,213.065,19.302,168.27,21.09,70.86,3.288,0.785,-0.09,1.00,1,0,0,0,0,0,21.09,-16.94,-4.78,0.4296,0.0991,0.4338,1,3.288,0,0.422,0,flip_frontPikeSwan,flipSwan,1.000,3,0.071 -0.498 0.317 -0.850 0.010 -0.151 0.425 0.672 0.373 0.792,-240.58,213.80,19.29,21.06,168.88,103.34,264,680,928,1060,-0.577,-0.701 -0.475 0.782 0.821,-1.0,0,0.000,0.000,0.5144,-0.03,frontPikeSwan,0.833,172.2,0.0,83.2,Swan,Swan,167.1,171.0,170.6,,0.991,-106.8,27.3,0.31,-1.0,0.0,0,17886
287,4.7833,air,trick,-243.449,212.954,20.828,-0.165,-42.333,0.641,42.338,42.334,19.715,0.00,0.00,0.00,0.00,0.000,1,frontPikeSwan,0,0.00,0.00,0.00,-240.598,212.330,19.311,167.69,21.13,70.87,3.289,0.781,-0.09,1.00,1,0,0,0,0,0,21.13,-17.03,-4.80,0.4305,0.1056,0.4329,1,3.289,0,0.422,0,flip_frontPikeSwan,flipSwan,1.000,3,0.057 -0.504 0.308 -0.851 -0.010 -0.166 0.445 0.671 0.390 0.790,-240.59,213.07,19.30,21.09,168.27,103.34,260,676,928,1068,-0.580,-0.699 -0.489 0.775 0.811,-1.0,0,0.000,0.000,0.5138,-0.02,frontPikeSwan,0.850,173.6,0.0,83.2,Swan,Swan,168.5,172.4,171.3,,0.992,-107.4,27.4,0.31,-1.0,0.0,0,17899
288,4.8000,air,trick,-243.452,212.250,20.837,-0.165,-42.249,0.461,42.252,42.250,19.724,0.00,0.00,0.00,0.00,0.000,1,frontPikeSwan,0,0.00,0.00,0.00,-240.607,211.599,19.316,167.14,21.16,70.87,3.291,0.776,-0.09,1.00,1,0,0,0,0,0,21.16,-17.12,-4.82,0.4311,0.1086,0.4314,1,3.291,0,0.421,0,flip_frontPikeSwan,flipSwan,1.000,3,0.052 -0.508 0.308 -0.849 -0.020 -0.176 0.451 0.674 0.394 0.791,-240.60,212.33,19.31,21.13,167.69,103.35,260,680,920,1072,-0.582,-0.694 -0.499 0.774 0.808,-1.0,0,0.000,0.000,0.5133,-0.02,frontPikeSwan,0.867,175.0,0.0,83.2,Swan,Swan,169.3,172.9,171.9,,0.993,-108.0,27.4,0.31,-1.0,0.0,0,17910
289,4.8167,air,trick,-243.454,211.546,20.842,-0.165,-42.165,0.281,42.167,42.166,19.729,0.00,0.00,0.00,0.00,0.000,1,frontPikeSwan,0,0.00,0.00,0.00,-240.615,210.870,19.319,166.62,21.18,70.88,3.292,0.770,-0.09,1.00,1,0,0,0,0,0,21.18,-17.20,-4.83,0.4313,0.1115,0.4288,1,3.292,0,0.421,0,flip_frontPikeSwan,flipSwan,1.000,3,0.051 -0.511 0.297 -0.845 -0.043 -0.180 0.435 0.685 0.376 0.801,-240.61,211.60,19.32,21.16,167.14,103.35,256,676,908,1072,-0.583,-0.684 -0.501 0.783 0.815,-1.0,0,0.000,0.000,0.5102,-0.02,frontPikeSwan,0.883,176.4,0.0,83.2,Swan,Swan,169.8,173.1,172.5,,0.994,-108.5,27.5,0.31,-1.0,0.0,0,17920
290,4.8333,air,trick,-243.457,210.845,20.844,-0.165,-42.082,0.101,42.082,42.082,19.731,0.00,0.00,0.00,0.00,0.000,1,frontPikeSwan,0,0.00,0.00,0.00,-240.618,210.152,19.326,166.31,21.07,70.88,3.293,0.765,-0.09,1.00,1,0,0,0,0,0,21.07,-17.27,-4.85,0.4297,0.1192,0.4249,1,3.293,0,0.421,0,flip_frontPikeSwan,flipSwan,1.000,3,0.042 -0.516 0.246 -0.838 -0.106 -0.179 0.403 0.701 0.342 0.815,-240.62,210.87,19.32,21.18,166.62,103.35,256,672,880,1068,-0.585,-0.666 -0.493 0.800 0.830,-1.0,0,0.000,0.000,0.5024,-0.02,frontPikeSwan,0.900,177.8,0.0,83.8,Swan,Swan,170.9,174.1,173.1,,0.995,-108.8,27.4,0.00,-1.0,0.0,0,17929
291,4.8500,air,trick,-243.460,210.144,20.844,-0.165,-41.998,-0.079,41.999,41.999,19.731,0.00,0.00,0.00,0.00,0.000,1,frontPikeSwan,0,0.00,0.00,0.00,-240.611,209.450,19.342,166.31,20.73,70.88,3.294,0.760,-0.09,1.00,1,0,0,0,0,0,20.73,-17.35,-4.87,0.4240,0.1319,0.4188,1,3.294,0,0.421,0,flip_frontPikeSwan,flipSwan,1.000,3,0.025 -0.524 0.153 -0.820 -0.198 -0.176 0.357 0.720 0.297 0.831,-240.62,210.15,19.33,21.07,166.31,103.36,252,660,848,1060,-0.588,-0.634 -0.474 0.820 0.848,-1.0,0,0.000,0.000,0.4905,-0.02,frontPikeSwan,0.917,179.2,0.0,87.3,Swan,Swan,172.4,175.9,173.6,,0.995,-108.9,27.1,0.00,-1.0,0.0,0,17936
292,4.8667,air,trick,-243.463,209.445,20.840,-0.165,-41.915,-0.259,41.916,41.915,19.727,0.00,0.00,0.00,0.00,0.000,1,frontPikeSwan,0,0.00,0.00,0.00,-240.597,208.760,19.365,166.57,20.19,70.88,3.295,0.755,-0.09,1.00,1,0,0,0,0,0,20.19,-17.42,-4.88,0.4120,0.1453,0.4099,1,3.295,0,0.421,0,flip_frontPikeSwan,flipSwan,1.000,3,0.001 -0.531 0.027 -0.776 -0.306 -0.170 0.306 0.738 0.246 0.846,-240.61,209.45,19.34,20.73,166.31,103.36,248,644,808,1052,-0.589,-0.584 -0.439 0.840 0.865,-1.0,0,0.000,0.000,0.4775,-0.02,frontPikeSwan,0.933,180.7,0.0,94.0,Swan,Swan,173.9,178.5,174.1,,0.996,-108.6,26.6,0.00,-1.0,0.0,0,17943
293,4.8833,air,trick,-243.465,208.748,20.834,-0.165,-41.832,-0.439,41.834,41.832,19.721,0.00,0.00,0.00,0.00,0.000,1,frontPikeSwan,0,0.00,0.00,0.00,-240.577,208.082,19.393,167.04,19.51,70.89,3.296,0.750,-0.09,1.00,1,0,0,0,0,0,19.51,-17.48,-4.90,0.3935,0.1530,0.3979,1,3.296,0,0.421,0,flip_frontPikeSwan,flipTuck,1.000,3,-0.030 -0.537 -0.113 -0.700 -0.411 -0.160 0.254 0.755 0.197 0.858,-240.60,208.76,19.37,20.19,166.57,103.36,244,640,780,1040,-0.587,-0.512 -0.388 0.855 0.879,-1.0,0,0.000,0.000,0.4674,-0.02,frontPikeSwan,0.950,182.3,0.0,104.3,Tuck,Swan,174.3,-178.2,174.6,,0.996,-108.1,25.9,0.00,-1.0,0.0,0,17950
294,4.9000,air,trick,-243.468,208.052,20.824,-0.165,-41.749,-0.619,41.754,41.749,19.711,0.00,0.00,0.00,0.00,0.000,1,frontPikeSwan,0,0.00,0.00,0.00,-240.553,207.413,19.423,167.66,18.73,70.89,3.296,0.744,-0.09,1.00,1,0,0,0,0,0,18.73,-17.54,-4.92,0.3844,0.1532,0.3909,1,3.296,0,0.421,0,flip_frontPikeSwan,flipTuck,1.000,3,-0.068 -0.538 -0.242 -0.595 -0.489 -0.144 0.209 0.768 0.155 0.868,-240.58,208.08,19.39,19.51,167.04,103.36,240,636,772,1028,-0.581,-0.424 -0.325 0.866 0.888,-1.0,0,0.000,0.000,0.4619,-0.02,frontPikeSwan,0.967,184.2,0.0,119.5,Tuck,Swan,172.4,-174.3,175.0,,0.997,-107.5,25.1,0.00,-1.0,0.0,0,17955
295,4.9167,air,trick,-243.471,207.357,20.812,-0.165,-41.666,-0.799,41.674,41.666,19.699,0.00,0.00,0.00,0.00,0.000,1,frontPikeSwan,0,0.00,0.00,0.00,-240.527,206.752,19.455,168.40,17.86,70.89,3.297,0.739,-0.09,1.00,1,0,0,0,0,0,17.86,-17.60,-4.93,0.3778,0.1473,0.3850,1,3.297,0,0.421,0,flip_frontPikeSwan,flipTuck,1.000,3,-0.110 -0.535 -0.339 -0.480 -0.532 -0.121 0.176 0.779 0.124 0.875,-240.55,207.41,19.42,18.73,167.66,103.37,240,636,776,1016,-0.570,-0.333 -0.256 0.872 0.893,-1.0,0,0.000,0.000,0.4610,-0.02,frontPikeSwan,0.983,186.4,0.0,142.1,Tuck,Swan,168.8,-169.8,175.4,,0.997,-106.8,24.3,0.00,-1.0,0.0,0,17960
296,4.9333,air,trick,-243.474,206.664,20.796,-0.165,-41.583,-0.979,41.595,41.584,19.683,0.00,0.00,0.00,0.00,0.000,1,frontPikeSwan,0,0.00,0.00,0.00,-240.500,206.097,19.488,169.22,16.94,70.89,3.297,0.734,-0.09,1.00,1,0,0,0,0,0,16.94,-17.65,-4.95,0.3766,0.1363,0.3810,1,3.297,0,0.421,0,flip_frontPikeSwan,flipTuck,1.000,3,-0.157 -0.526 -0.399 -0.372 -0.547 -0.091 0.132 0.783 0.080 0.882,-240.53,206.75,19.46,17.86,168.40,103.37,236,628,788,1004,-0.553,-0.249 -0.190 0.874 0.895,-1.0,0,0.000,0.000,0.4617,-0.02,frontPikeSwan,1.000,189.0,0.0,176.5,Tuck,Swan,164.1,-164.6,175.8,,0.997,-105.9,23.4,0.00,-1.0,0.0,0,17965
297,4.9500,air,trick,-243.476,205.972,20.777,-0.165,-41.501,-1.159,41.517,41.501,19.664,0.00,0.00,0.00,0.00,0.000,1,frontPikeSwan,0,0.00,0.00,0.00,-240.474,205.447,19.519,170.10,16.00,70.89,3.297,0.729,-0.09,1.00,1,0,0,0,0,0,16.00,-17.70,-4.97,0.3754,0.1246,0.3772,1,3.297,0,0.421,0,flip_frontPikeSwan,flipTuck,1.000,3,-0.210 -0.510 -0.433 -0.278 -0.548 -0.052 0.080 0.774 0.025 0.881,-240.50,206.10,19.49,16.94,169.22,103.37,232,624,800,992,-0.531,-0.173 -0.127 0.865 0.886,-1.0,0,0.000,0.000,0.4624,-0.01,frontPikeSwan,1.017,192.4,0.0,229.7,Tuck,Swan,158.4,-158.7,176.2,,0.998,-105.0,22.4,0.00,-1.0,0.0,0,17969
298,4.9667,air,trick,-243.479,205.281,20.756,-0.165,-41.419,-1.339,41.441,41.419,19.643,0.00,0.00,0.00,0.00,0.000,1,frontPikeSwan,0,0.00,0.00,0.00,-240.451,204.801,19.548,171.01,15.05,70.89,3.295,0.724,-0.09,1.00,1,0,0,0,0,0,15.05,-17.74,-4.98,0.3694,0.1151,0.3748,1,3.295,0,0.421,0,flip_frontPikeSwan,flipTuck,1.000,3,-0.264 -0.488 -0.452 -0.203 -0.549 -0.006 0.021 0.737 -0.038 0.855,-240.47,205.45,19.52,16.00,170.10,103.37,232,620,804,992,-0.503,-0.109 -0.069 0.827 0.851,-1.0,0,0.000,0.000,0.4617,-0.01,frontPikeSwan,1.033,196.8,0.0,310.4,Tuck,Swan,152.3,-152.4,176.5,,0.998,-104.1,21.5,0.00,-1.0,0.0,0,17972
299,4.9833,air,trick,-243.482,204.592,20.731,-0.165,-41.337,-1.519,41.365,41.337,19.618,0.00,0.00,0.00,0.00,0.000,1,frontPikeSwan,0,0.00,0.00,0.00,-240.430,204.158,19.575,171.93,14.11,70.89,3.292,0.718,-0.09,1.00,1,0,0,0,0,0,14.11,-17.78,-5.00,0.3534,0.1080,0.3764,1,3.292,0,0.421,0,flip_frontPikeSwan,flipTuck,1.000,3,-0.316 -0.462 -0.464 -0.142 -0.550 0.042 -0.046 0.659 -0.106 0.786,-240.45,204.80,19.55,15.05,171.01,103.37,244,616,808,992,-0.472,-0.052 -0.016 0.747 0.771,-1.0,0,0.000,0.000,0.4598,-0.01,frontPikeSwan,1.050,202.8,0.0,413.7,Tuck,Tuck,146.2,-146.3,176.8,,0.998,-103.1,20.5,0.00,-1.0,0.0,0,17975
300,5.0000,air,trick,-243.485,203.904,20.704,-0.165,-41.255,-1.699,41.290,41.255,19.591,0.00,0.00,0.00,0.00,0.000,1,frontPikeSwan,0,0.00,0.00,0.00,-240.413,203.518,19.599,172.84,13.19,70.89,3.287,0.713,-0.09,1.00,1,0,0,0,0,0,13.19,-17.82,-5.02,0.3221,0.1045,0.3824,1,3.287,0,0.420,0,flip_frontPikeSwan,flipTuck,1.000,3,-0.375 -0.420 -0.469 -0.068 -0.546 0.105 -0.093 0.544 -0.148 0.668,-240.43,204.16,19.58,14.11,171.93,103.37,268,604,812,996,-0.426,0.017 0.051 0.622 0.646,-1.0,0,0.000,0.000,0.4610,-0.01,frontPikeSwan,1.067,210.4,0.0,485.3,Tuck,Tuck,138.6,-138.6,177.1,,0.998,-102.1,19.6,0.00,-1.0,0.0,0,17978
301,5.0167,air,trick,-243.487,203.217,20.673,-0.165,-41.173,-1.879,41.216,41.173,19.560,0.00,0.00,0.00,0.00,0.000,1,frontPikeSwan,0,0.00,0.00,0.00,-240.400,202.878,19.619,173.75,12.29,70.88,3.280,0.708,-0.09,1.00,1,0,0,0,0,0,12.29,-17.85,-5.03,0.2795,0.1054,0.3908,1,3.280,0,0.420,0,flip_frontPikeSwan,flipTuck,1.000,3,-0.435 -0.363 -0.463 0.014 -0.531 0.177 -0.101 0.417 -0.146 0.528,-240.41,203.52,19.60,13.19,172.84,103.36,296,592,804,996,-0.365,0.095 0.126 0.481 0.502,-1.0,0,0.000,0.000,0.4599,-0.01,frontPikeSwan,1.083,219.0,0.0,543.4,Tuck,Tuck,130.0,-130.0,177.4,,0.999,-101.2,18.6,0.00,-1.0,0.0,0,17981
302,5.0333,air,trick,-243.490,202.532,20.640,-0.165,-41.091,-2.059,41.143,41.091,19.527,0.00,0.00,0.00,0.00,0.000,1,frontPikeSwan,0,0.00,0.00,0.00,-240.391,202.240,19.635,174.63,11.42,70.88,3.271,0.703,-0.09,1.00,1,0,0,0,0,0,11.42,-17.88,-5.05,0.2357,0.1087,0.3981,1,3.271,0,0.420,0,flip_frontPikeSwan,flipTuck,1.000,3,-0.489 -0.288 -0.443 0.102 -0.501 0.254 -0.075 0.311 -0.110 0.404,-240.40,202.88,19.62,12.29,173.75,103.36,328,572,800,996,-0.288,0.177 0.206 0.361 0.379,-1.0,0,0.000,0.000,0.4597,-0.01,frontPikeSwan,1.100,228.5,0.0,594.7,Tuck,Tuck,120.4,-120.4,177.6,,0.999,-100.2,17.7,0.00,-1.0,0.0,0,17983
303,5.0500,air,trick,-243.493,201.848,20.603,-0.165,-41.010,-2.239,41.071,41.010,19.490,0.00,0.00,0.00,0.00,0.000,1,frontPikeSwan,0,0.00,0.00,0.00,-240.385,201.603,19.647,175.49,10.59,70.88,3.260,0.698,-0.09,1.00,1,0,0,0,0,0,10.59,-17.90,-5.07,0.2256,0.1139,0.3884,1,3.260,0,0.420,0,flip_frontPikeSwan,flipTuck,1.000,3,-0.533 -0.198 -0.406 0.190 -0.455 0.331 -0.037 0.237 -0.063 0.314,-240.39,202.24,19.64,11.42,174.63,103.36,348,552,792,996,-0.196,0.260 0.287 0.276 0.290,-1.0,0,0.000,0.000,0.4624,-0.01,frontPikeSwan,1.117,238.7,0.0,622.9,Tuck,Tuck,110.2,-110.2,177.9,,0.999,-99.3,16.8,0.00,-1.0,0.0,0,17985
304,5.0667,air,trick,-243.496,201.166,20.563,-0.165,-40.928,-2.419,41.000,40.929,19.450,0.00,0.00,0.00,0.00,0.000,1,frontPikeSwan,0,0.00,0.00,0.00,-240.383,200.965,19.654,176.32,9.79,70.87,3.249,0.693,-0.08,1.00,1,0,0,0,0,0,9.79,-17.92,-5.08,0.2246,0.1163,0.3723,1,3.249,0,0.420,0,flip_frontPikeSwan,flipTuck,1.000,3,-0.559 -0.099 -0.355 0.270 -0.394 0.402 -0.002 0.195 -0.022 0.260,-240.39,201.60,19.65,10.59,175.49,103.36,328,536,780,992,-0.096,0.335 0.359 0.226 0.238,-1.0,0,0.000,0.000,0.4661,-0.01,frontPikeSwan,1.133,249.1,0.0,624.4,Tuck,Tuck,99.7,-99.7,178.4,,0.999,-98.4,16.0,0.00,-1.0,0.0,0,17986
305,5.0833,air,trick,-243.498,200.485,20.521,-0.165,-40.847,-2.599,40.930,40.847,19.408,0.00,0.00,0.00,0.00,0.000,1,frontPikeSwan,0,0.00,0.00,0.00,-240.383,200.328,19.656,177.12,9.02,70.87,3.236,0.688,-0.08,1.00,1,0,0,0,0,0,9.02,-17.93,-5.10,0.2195,0.1184,0.3574,1,3.236,0,0.420,0,flip_frontPikeSwan,flipTuck,1.000,3,-0.568 0.004 -0.290 0.339 -0.320 0.461 0.033 0.184 0.018 0.243,-240.38,200.97,19.65,9.79,176.32,103.35,312,516,776,996,0.008,0.398 0.421 0.211 0.223,-1.0,0,0.000,0.000,0.4710,-0.01,frontPikeSwan,1.150,259.5,0.0,624.4,Tuck,Tuck,89.2,-89.2,-9.3,,0.999,-97.5,15.2,0.00,-1.0,0.0,0,17988
306,5.1000,air,trick,-243.501,199.805,20.475,-0.165,-40.766,-2.779,40.861,40.766,19.362,0.00,0.00,0.00,0.00,0.000,1,frontPikeSwan,0,0.00,0.00,0.00,-240.386,199.690,19.654,177.89,8.29,70.87,3.224,0.682,-0.08,1.00,1,0,0,0,0,0,8.29,-17.94,-5.12,0.2174,0.1231,0.3477,1,3.224,0,0.420,0,flip_frontPikeSwan,flipTuck,1.000,3,-0.557 0.107 -0.215 0.394 -0.237 0.507 0.070 0.179 0.059 0.233,-240.38,200.33,19.66,9.02,177.12,103.35,300,500,776,1008,0.111,0.448 0.469 0.204 0.214,-1.0,0,0.000,0.000,0.4746,-0.01,frontPikeSwan,1.167,269.9,0.0,621.8,Tuck,Tuck,78.7,-78.7,-2.3,,0.999,-96.7,14.4,0.00,-1.0,0.0,0,17989
307,5.1167,air,trick,-243.504,199.126,20.427,-0.165,-40.685,-2.959,40.793,40.686,19.314,0.00,0.00,0.00,0.00,0.000,1,frontPikeSwan,0,0.00,0.00,0.00,-240.390,199.051,19.646,178.62,7.60,70.86,3.210,0.677,-0.08,1.00,1,0,0,0,0,0,7.60,-17.95,-5.13,0.2175,0.1247,0.3433,1,3.210,0,0.420,0,flip_frontPikeSwan,flipTuck,1.000,3,-0.528 0.205 -0.134 0.432 -0.148 0.536 0.104 0.166 0.097 0.217,-240.39,199.69,19.65,8.29,177.89,103.34,292,488,780,1020,0.209,0.481 0.501 0.189 0.199,-1.0,0,0.000,0.000,0.4788,-0.01,frontPikeSwan,1.183,280.1,0.0,601.2,Tuck,Tuck,68.4,-68.4,-1.9,,0.999,-95.9,13.7,0.00,-1.0,0.0,0,17991
308,5.1333,air,trick,-243.507,198.449,20.375,-0.165,-40.605,-3.139,40.726,40.605,19.262,0.00,0.00,0.00,0.00,0.000,1,frontPikeSwan,0,0.00,0.00,0.00,-240.397,198.412,19.634,179.32,6.94,70.86,3.197,0.673,-0.08,1.00,1,0,0,0,0,0,6.94,-17.95,-5.15,0.2153,0.1234,0.3420,1,3.197,0,0.420,0,flip_frontPikeSwan,flipTuck,1.000,3,-0.485 0.293 -0.052 0.455 -0.058 0.550 0.134 0.149 0.131 0.195,-240.39,199.05,19.65,7.60,178.62,103.34,288,488,788,1028,0.296,0.499 0.517 0.169 0.178,-1.0,0,0.000,0.000,0.4835,-0.01,frontPikeSwan,1.200,289.9,0.0,566.9,Tuck,Tuck,58.6,-58.6,-1.7,,0.999,-95.1,13.0,0.00,-1.0,0.0,0,17992
309,5.1500,air,trick,-243.509,197.773,20.321,-0.165,-40.524,-3.319,40.660,40.524,19.208,0.00,0.00,0.00,0.00,0.000,1,frontPikeSwan,0,0.00,0.00,0.00,-240.404,197.772,19.616,179.98,6.31,70.85,3.185,0.668,-0.08,1.00,1,0,0,0,0,0,6.31,-17.95,-5.17,0.2108,0.1197,0.3432,1,3.185,0,0.420,0,flip_frontPikeSwan,flipTuck,1.000,3,-0.431 0.367 0.026 0.462 0.027 0.549 0.158 0.128 0.159 0.170,-240.40,198.41,19.63,6.94,179.32,103.33,288,492,804,1036,0.370,0.502 0.518 0.146 0.155,-1.0,0,0.000,0.000,0.4883,-0.01,frontPikeSwan,1.217,299.0,0.0,526.8,Tuck,Tuck,49.4,-49.4,-1.6,,0.999,-94.4,12.3,0.00,-1.0,0.0,0,17993
310,5.1667,air,trick,-243.512,197.099,20.263,-0.165,-40.444,-3.499,40.595,40.444,19.150,0.00,0.00,0.00,0.00,0.000,1,frontPikeSwan,0,0.00,0.00,0.00,-240.412,197.132,19.593,-179.40,5.72,70.85,3.172,0.663,-0.08,1.00,1,0,0,0,0,0,5.72,-17.95,-5.18,0.2047,0.1140,0.3454,1,3.172,0,0.420,0,flip_frontPikeSwan,flipTuck,1.000,3,-0.372 0.427 0.097 0.457 0.106 0.536 0.177 0.104 0.181 0.143,-240.40,197.77,19.62,6.31,179.98,103.33,292,492,820,1040,0.430,0.493 0.508 0.121 0.129,-1.0,0,0.000,0.000,0.4931,-0.01,frontPikeSwan,1.233,307.4,0.0,487.1,Tuck,Tuck,40.9,-40.8,-1.4,,0.999,-93.7,11.7,0.00,-1.0,0.0,0,17993
311,5.1833,air,trick,-243.515,196.426,20.202,-0.165,-40.364,-3.679,40.531,40.364,19.089,0.00,0.00,0.00,0.00,0.000,1,frontPikeSwan,0,0.00,0.00,0.00,-240.420,196.490,19.565,-178.81,5.16,70.84,3.161,0.658,-0.08,1.00,1,0,0,0,0,0,5.16,-17.94,-5.20,0.2142,0.1153,0.3444,1,3.161,0,0.420,0,flip_frontPikeSwan,flipTuck,1.000,3,-0.304 0.478 0.166 0.440 0.182 0.513 0.192 0.078 0.200 0.114,-240.41,197.13,19.59,5.72,-179.40,103.32,284,492,836,1044,0.480,0.473 0.487 0.094 0.101,-1.0,0,0.000,0.000,0.5025,-0.01,frontPikeSwan,1.250,315.2,0.0,451.2,Tuck,Tuck,32.4,-32.4,-1.3,,1.000,-93.1,11.1,0.00,-1.0,0.0,0,17994
312,5.2000,air,trick,-243.518,195.754,20.139,-0.165,-40.284,-3.859,40.468,40.284,19.026,0.00,0.00,0.00,0.00,0.000,1,frontPikeSwan,0,0.00,0.00,0.00,-240.428,195.848,19.532,-178.26,4.63,70.83,3.150,0.653,-0.08,1.00,1,0,0,0,0,0,4.63,-17.92,-5.22,0.2271,0.1166,0.3459,1,3.150,0,0.420,0,flip_frontPikeSwan,flipTuck,1.000,3,-0.239 0.516 0.224 0.420 0.245 0.507 0.203 0.049 0.214 0.081,-240.42,196.49,19.57,5.16,-178.81,103.32,276,492,852,1048,0.518,0.451 0.483 0.063 0.069,-1.0,0,0.000,0.000,0.5118,-0.01,frontPikeSwan,1.267,322.5,0.0,421.0,Tuck,Tuck,24.8,-24.8,-1.2,,1.000,-92.5,10.6,0.00,-1.0,0.0,0,17995
313,5.2167,air,trick,-243.520,195.084,20.072,-0.165,-40.204,-4.039,40.407,40.204,18.959,0.00,0.00,0.00,0.00,0.000,1,frontPikeSwan,0,0.00,0.00,0.00,-240.437,195.205,19.494,-177.74,4.13,70.83,3.139,0.648,-0.08,1.00,1,0,0,0,0,0,4.13,-17.90,-5.23,0.2410,0.1186,0.3469,1,3.139,0,0.420,0,flip_frontPikeSwan,flipTuck,1.000,3,-0.183 0.542 0.264 0.403 0.295 0.531 0.209 0.018 0.223 0.048,-240.43,195.85,19.53,4.63,-178.26,103.31,268,488,868,1060,0.544,0.433 0.507 0.031 0.037,-1.0,0,0.000,0.000,0.5200,-0.01,frontPikeSwan,1.283,329.2,0.0,374.5,Tuck,Tuck,18.6,-18.6,-1.1,,1.000,-91.9,10.1,0.00,-1.0,0.0,0,17995
314,5.2333,air,trick,-243.523,194.415,20.003,-0.165,-40.124,-4.219,40.346,40.124,18.890,0.00,0.00,0.00,0.00,0.000,1,frontPikeSwan,0,0.00,0.00,0.00,-240.445,194.562,19.452,-177.26,3.66,70.82,3.130,0.644,-0.07,1.00,1,0,0,0,0,0,3.66,-17.88,-5.25,0.2603,0.1198,0.3442,1,3.130,0,0.420,0,flip_frontPikeSwan,flipTuck,1.000,3,-0.141 0.559 0.280 0.394 0.328 0.585 0.210 -0.011 0.226 0.016,-240.44,195.21,19.49,4.13,-177.74,103.30,256,492,880,1072,0.560,0.425 0.563 0.001 0.006,-1.0,0,0.000,0.000,0.5262,-0.01,frontPikeSwan,1.300,334.8,0.0,299.5,Tuck,Tuck,14.1,-14.1,-1.0,,1.000,-91.4,9.6,0.00,-1.0,0.0,0,17996
315,5.2500,air,trick,-243.526,193.747,19.930,-0.165,-40.045,-4.399,40.286,40.045,18.817,0.00,0.00,0.00,0.00,0.000,1,frontPikeSwan,0,0.00,0.00,0.00,-240.453,193.918,19.404,-176.81,3.22,70.81,3.122,0.639,-0.07,1.00,1,0,0,0,0,0,3.22,-17.86,-5.27,0.3016,0.1177,0.3293,1,3.122,0,0.420,0,flip_frontPikeSwan,flipReach,1.000,3,-0.114 0.570 0.268 0.398 0.334 0.666 0.207 -0.036 0.226 -0.012,-240.45,194.56,19.45,3.66,-177.26,103.30,216,500,888,1072,0.571,0.429 0.645 -0.026 -0.021,-1.0,0,0.000,0.000,0.5293,-0.01,frontPikeSwan,1.317,339.2,0.0,233.9,Reach,Tuck,11.3,-11.2,-0.9,,1.000,-90.9,9.2,0.00,-1.0,0.0,0,17996
316,5.2667,air,trick,-243.529,193.081,19.855,-0.165,-39.965,-4.579,40.227,39.966,18.742,0.00,0.00,0.00,0.00,0.000,1,frontPikeSwan,0,0.00,0.00,0.00,-240.461,193.274,19.352,-176.40,2.81,70.80,3.114,0.634,-0.07,1.00,1,0,0,0,0,0,2.81,-17.83,-5.28,0.3447,0.1104,0.3123,1,3.114,0,0.420,0,flip_frontPikeSwan,flipReach,1.000,3,-0.099 0.577 0.231 0.414 0.311 0.759 0.202 -0.057 0.224 -0.036,-240.45,193.92,19.40,3.22,-176.81,103.29,180,508,892,1064,0.578,0.444 0.741 -0.048 -0.044,-1.0,0,0.000,0.000,0.5283,-0.01,frontPikeSwan,1.333,342.7,0.0,185.9,Reach,Tuck,9.7,-9.7,-0.8,,1.000,-90.4,8.8,0.00,-1.0,0.0,0,17997
317,5.2833,air,trick,-243.531,192.416,19.776,-0.165,-39.886,-4.759,40.169,39.886,18.663,0.00,0.00,0.00,0.00,0.000,1,frontPikeSwan,0,0.00,0.00,0.00,-240.468,192.629,19.295,-176.02,2.42,70.80,3.108,0.630,-0.07,1.00,1,0,0,0,0,0,2.42,-17.79,-5.30,0.3802,0.0994,0.2981,1,3.108,0,0.420,0,flip_frontPikeSwan,flipReach,1.000,3,-0.092 0.582 0.175 0.436 0.264 0.847 0.196 -0.075 0.220 -0.056,-240.46,193.27,19.35,2.81,-176.40,103.28,148,516,900,1044,0.582,0.464 0.831 -0.067 -0.063,-1.0,0,0.000,0.000,0.5239,-0.01,frontPikeSwan,1.350,345.5,0.0,151.7,Reach,Tuck,9.0,-9.0,-0.8,,1.000,-90.0,8.4,0.00,-1.0,0.0,0,17997
318,5.3000,air,trick,-243.534,191.752,19.694,-0.165,-39.807,-4.939,40.113,39.807,18.581,0.00,0.00,0.00,0.00,0.000,1,frontPikeSwan,0,0.00,0.00,0.00,-240.475,191.983,19.234,-175.67,2.06,70.79,3.102,0.625,-0.07,1.00,1,0,0,0,0,0,2.06,-17.75,-5.32,0.4036,0.0866,0.2899,1,3.102,0,0.420,0,flip_frontPikeSwan,flipReach,1.000,3,-0.090 0.584 0.114 0.461 0.206 0.913 0.195 -0.092 0.221 -0.076,-240.47,192.63,19.29,2.42,-176.02,103.27,132,520,900,1032,0.585,0.486 0.901 -0.086 -0.082,-1.0,0,0.000,0.000,0.5178,-0.01,frontPikeSwan,1.367,347.8,0.0,127.6,Reach,Tuck,8.8,-8.7,-0.7,,1.000,-89.6,8.0,0.00,-1.0,0.0,0,17998
319,5.3167,air,trick,-243.537,191.089,19.610,-0.165,-39.728,-5.119,40.057,39.728,18.497,0.00,0.00,0.00,0.00,0.000,1,frontPikeSwan,0,0.00,0.00,0.00,-240.482,191.338,19.168,-175.35,1.73,70.78,3.097,0.621,-0.07,1.00,1,0,0,0,0,0,1.73,-17.71,-5.33,0.4197,0.0816,0.2890,1,3.097,0,0.420,0,flip_frontPikeSwan,flipReach,1.000,3,-0.090 0.586 0.059 0.482 0.152 0.955 0.218 -0.128 0.248 -0.113,-240.48,191.98,19.23,2.06,-175.67,103.26,124,528,900,1040,0.586,0.504 0.945 -0.122 -0.118,-1.0,0,0.000,0.000,0.5154,-0.00,frontPikeSwan,1.383,349.8,0.0,109.9,Reach,Tuck,8.8,-8.7,-0.7,,1.000,-89.2,7.7,0.00,-1.0,0.0,0,17998
320,5.3333,air,trick,-243.540,190.428,19.522,-0.165,-39.649,-5.299,40.002,39.650,18.409,0.00,0.00,0.00,0.00,0.000,1,frontPikeSwan,0,0.00,0.00,0.00,-240.487,190.692,19.097,-175.06,1.42,70.77,3.093,0.617,-0.07,1.00,1,0,0,0,0,0,1.42,-17.66,-5.35,0.4345,0.0902,0.2938,1,3.093,0,0.420,0,flip_frontPikeSwan,flipReach,1.000,3,-0.090 0.586 0.021 0.498 0.116 0.975 0.258 -0.188 0.293 -0.175,-240.48,191.34,19.17,1.73,-175.35,103.25,124,544,904,1060,0.586,0.516 0.968 -0.183 -0.179,-1.0,0,0.000,0.000,0.5197,-0.00,frontPikeSwan,1.400,351.5,0.0,95.3,Reach,Tuck,8.7,-8.7,-0.6,,1.000,-88.9,7.4,0.00,-1.0,0.0,0,17998
321,5.3500,swing,swingLow,-243.557,189.881,19.224,-1.976,-26.274,-30.241,40.110,26.348,18.111,-237.51,156.68,40.15,30.11,0.095,2,,0,0.00,0.00,0.00,-240.507,190.159,18.815,-174.59,1.12,70.76,3.090,0.612,-0.07,1.00,1,0,0,0,0,0,1.12,-17.60,-5.37,0.4552,0.0909,0.3175,1,3.090,0,0.420,0,flip_frontPikeSwan,flipReach,1.000,3,0.034 0.592 0.110 0.486 0.305 0.940 0.240 -0.334 0.281 -0.325,-240.49,190.69,19.10,1.42,-175.06,103.24,124,564,908,1076,0.592,0.501 0.935 -0.329 -0.329,55.0,1,0.000,0.000,0.5301,-0.00,,-1.000,0.0,0.0,0.0,,,3.3,3.3,0.2,,0.985,-88.6,7.1,-1.00,-1.0,0.0,0,17804
322,5.3667,swing,swingLow,-243.590,189.435,18.722,-1.942,-27.121,-29.844,40.374,27.191,17.609,-237.51,156.68,40.15,30.11,0.259,2,,0,0.00,0.00,0.00,-240.541,189.728,18.332,-173.77,0.79,70.75,3.089,0.609,-0.06,1.00,1,0,0,0,0,0,0.79,-17.50,-5.38,0.4732,0.1135,0.3476,1,3.089,0,0.420,0,swing,flipReach,1.000,3,0.136 0.577 0.183 0.461 0.466 0.872 0.170 -0.486 0.219 -0.485,-240.51,190.16,18.82,1.12,-174.59,103.23,136,612,920,1084,0.578,0.471 0.868 -0.482 -0.488,44.2,1,0.000,0.000,0.5384,-0.00,,-1.000,0.0,0.0,0.0,,,13.2,13.1,1.6,,0.947,-88.3,6.9,-1.00,-1.0,0.0,0,17305
323,5.3833,swing,swingLow,-243.622,188.975,18.228,-1.907,-27.963,-29.416,40.631,28.028,17.115,-237.51,156.68,40.15,30.11,0.393,2,,0,0.00,0.00,0.00,-240.571,189.289,17.859,-172.60,0.37,70.74,3.090,0.606,-0.06,1.00,1,0,0,0,0,0,0.37,-17.36,-5.40,0.4401,0.1451,0.3768,1,3.090,0,0.420,0,swing,flipReach,1.000,3,0.248 0.537 0.237 0.359 0.659 0.757 0.046 -0.535 0.102 -0.551,-240.54,189.73,18.33,0.79,-173.77,103.23,180,628,912,1132,0.537,0.364 0.756 -0.533 -0.552,32.1,1,0.000,0.000,0.5451,-0.00,,-1.000,0.0,0.0,0.0,,,25.1,25.1,0.9,,0.893,-88.0,6.6,-1.00,-1.0,0.0,0,16610
324,5.4000,swing,swingLow,-243.654,188.501,17.741,-1.871,-28.798,-28.955,40.881,28.859,16.628,-237.51,156.68,40.15,30.11,0.503,2,,0,0.00,0.00,0.00,-240.599,188.845,17.401,-171.08,-0.19,70.73,3.093,0.603,-0.06,1.00,1,0,0,0,0,0,-0.19,-17.17,-5.42,0.4162,0.1743,0.3946,1,3.093,0,0.420,0,swing,flipReach,1.000,3,0.321 0.497 0.272 0.327 0.761 0.656 -0.060 -0.554 0.004 -0.588,-240.57,189.29,17.86,0.37,-172.60,103.22,216,640,900,1164,0.497,0.325 0.656 -0.555 -0.588,23.1,1,0.000,0.000,0.5398,-0.00,,-1.000,0.0,0.0,0.0,,,33.1,32.9,3.7,,0.831,-87.7,6.4,-1.00,-1.0,0.0,0,15799
325,5.4167,swing,swingLow,-243.685,188.014,17.261,-1.830,-29.625,-28.463,41.123,29.681,16.148,-237.51,156.68,40.15,30.11,0.593,2,,0,0.00,0.00,0.00,-240.627,188.402,16.959,-169.18,-0.93,70.73,3.097,0.602,-0.06,1.00,1,0,0,0,0,0,-0.93,-16.94,-5.43,0.4014,0.1931,0.4050,1,3.097,0,0.419,0,swing,flipReach,1.000,3,0.364 0.467 0.273 0.299 0.814 0.600 -0.154 -0.556 -0.077 -0.611,-240.60,188.85,17.40,-0.19,-171.08,103.21,236,640,872,1168,0.466,0.287 0.603 -0.560 -0.608,16.9,1,0.000,0.000,0.5304,-0.00,,-1.000,0.0,0.0,0.0,,,38.2,37.9,6.2,,0.764,-87.5,6.2,-1.00,-1.0,0.0,0,14930
326,5.4333,swing,swingLow,-243.715,187.512,16.791,-1.789,-30.442,-27.939,41.358,30.495,15.678,-237.51,156.68,40.15,30.11,0.667,2,,0,0.00,0.00,0.00,-240.659,187.965,16.538,-166.82,-1.87,70.72,3.099,0.601,-0.06,1.00,1,0,0,0,0,0,-1.87,-16.66,-5.45,0.3950,0.2068,0.4098,1,3.099,0,0.419,0,swing,flipReach,1.000,3,0.389 0.447 0.247 0.276 0.840 0.579 -0.243 -0.546 -0.148 -0.624,-240.63,188.40,16.96,-0.93,-169.18,103.20,248,640,832,1168,0.446,0.252 0.583 -0.554 -0.618,12.6,1,0.000,0.000,0.5185,-0.00,,-1.000,0.0,0.0,0.0,,,41.3,40.9,8.4,,0.696,-87.3,6.0,-1.00,-1.0,0.0,0,14047
327,5.4500,swing,swingLow,-243.744,186.998,16.329,-1.747,-31.249,-27.384,41.586,31.298,15.216,-237.51,156.68,40.15,30.11,0.727,2,,0,0.00,0.00,0.00,-240.700,187.540,16.137,-163.92,-3.04,70.72,3.098,0.600,-0.06,1.00,1,0,0,0,0,0,-3.04,-16.34,-5.47,0.3944,0.2184,0.4111,1,3.098,0,0.419,0,swing,flipReach,1.000,3,0.402 0.435 0.199 0.258 0.851 0.580 -0.330 -0.524 -0.211 -0.629,-240.66,187.96,16.54,-1.87,-166.82,103.19,252,640,796,1156,0.432,0.219 0.586 -0.537 -0.621,9.6,1,0.000,0.000,0.5049,-0.00,,-1.000,0.0,0.0,0.0,,,43.2,42.7,10.3,,0.629,-87.1,5.8,-1.00,-1.0,0.0,0,13179
328,5.4667,swing,swingLow,-243.773,186.469,15.877,-1.700,-32.043,-26.797,41.806,32.088,14.764,-237.51,156.68,40.15,30.11,0.777,2,,0,0.00,0.00,0.00,-240.755,187.134,15.759,-160.38,-4.46,70.71,3.092,0.601,-0.06,1.00,1,0,0,0,0,0,-4.46,-15.98,-5.48,0.3972,0.2298,0.4103,1,3.092,0,0.418,0,swing,flipReach,1.000,3,0.408 0.429 0.133 0.243 0.852 0.596 -0.418 -0.491 -0.269 -0.628,-240.70,187.54,16.14,-3.04,-163.92,103.19,252,640,756,1140,0.424,0.188 0.602 -0.508 -0.615,7.3,1,0.000,0.000,0.4898,-0.00,,-1.000,0.0,0.0,0.0,,,44.3,43.7,11.9,,0.565,-86.9,5.7,-1.00,-1.0,0.0,0,12347
329,5.4833,swing,swingLow,-243.801,185.928,15.435,-1.653,-32.824,-26.179,42.018,32.866,14.322,-237.51,156.68,40.15,30.11,0.817,2,,0,0.00,0.00,0.00,-240.828,186.752,15.404,-156.78,-6.12,70.71,3.085,0.602,-0.05,1.00,1,0,0,0,0,0,-6.12,-15.58,-5.50,0.4011,0.2413,0.4078,1,3.085,0,0.417,0,swing,swingLow,1.000,3,0.410 0.426 0.064 0.232 0.846 0.619 -0.501 -0.446 -0.322 -0.620,-240.76,187.13,15.76,-4.46,-160.38,103.18,252,636,712,1120,0.419,0.159 0.624 -0.464 -0.600,5.4,1,0.000,0.000,0.4787,-0.00,,-1.000,0.0,0.0,0.0,,,45.1,44.3,13.3,,0.505,-86.8,5.5,-1.00,-1.0,0.0,4,11562
330,5.5000,swing,swingLow,-243.828,185.374,15.003,-1.606,-33.590,-25.531,42.222,33.628,13.890,-237.51,156.68,40.15,30.11,0.850,2,,0,0.00,0.00,0.00,-240.921,186.394,15.071,-153.18,-8.00,70.71,3.082,0.604,-0.05,1.00,1,0,0,0,0,0,-8.00,-15.15,-5.52,0.4040,0.2520,0.4046,1,3.082,0,0.417,0,swing,swingLow,1.000,3,0.411 0.425 0.002 0.225 0.836 0.643 -0.573 -0.392 -0.369 -0.606,-240.83,186.75,15.40,-6.12,-156.78,103.18,248,632,680,1112,0.414,0.136 0.646 -0.407 -0.578,3.7,1,0.000,0.000,0.4729,-0.00,,-1.000,0.0,0.0,0.0,,,45.7,44.7,14.8,,0.449,-86.6,5.4,-1.00,-1.0,0.0,4,10833
331,5.5167,swing,swingLow,-243.855,184.807,14.583,-1.554,-34.339,-24.853,42.418,34.374,13.470,-237.51,156.68,40.15,30.11,0.878,2,,0,0.00,0.00,0.00,-241.033,186.063,14.759,-149.58,-10.05,70.70,3.093,0.606,-0.05,1.00,1,0,0,0,0,0,-10.05,-14.69,-5.53,0.4043,0.2599,0.4010,1,3.093,0,0.416,0,swing,swingLow,1.000,3,0.408 0.427 -0.054 0.213 0.824 0.669 -0.628 -0.333 -0.407 -0.589,-240.92,186.39,15.07,-8.00,-153.18,103.18,244,628,660,1108,0.410,0.111 0.669 -0.340 -0.549,2.2,1,0.000,0.000,0.4729,-0.00,,-1.000,0.0,0.0,0.0,,,46.2,45.1,15.6,,0.397,-86.5,5.3,-1.00,-1.0,0.0,4,10163
332,5.5333,swing,swingLow,-243.880,184.228,14.174,-1.503,-35.070,-24.146,42.605,35.103,13.061,-237.51,156.68,40.15,30.11,0.900,2,,0,0.00,0.00,0.00,-241.164,185.756,14.465,-145.98,-12.16,70.70,3.130,0.609,-0.05,1.00,1,0,0,0,0,0,-12.16,-14.21,-5.55,0.4022,0.2619,0.3993,1,3.130,0,0.416,0,swing,swingLow,1.000,3,0.398 0.436 -0.095 0.201 0.810 0.693 -0.659 -0.286 -0.426 -0.580,-241.03,186.06,14.76,-10.05,-149.58,103.18,244,624,660,1116,0.414,0.092 0.687 -0.277 -0.524,1.7,1,0.000,0.000,0.4791,-0.00,,-1.000,0.0,0.0,0.0,,,45.8,44.6,15.7,,0.350,-86.3,5.2,-1.00,-1.0,0.0,4,9553
333,5.5500,swing,swingLow,-243.905,183.637,13.777,-1.452,-35.783,-23.409,42.784,35.812,12.664,-237.51,156.68,40.15,30.11,0.918,2,,0,0.00,0.00,0.00,-241.308,185.467,14.186,-142.38,-14.20,70.70,3.203,0.613,-0.05,1.00,1,0,0,0,0,0,-14.20,-13.71,-5.57,0.3987,0.2568,0.3986,1,3.203,0,0.415,0,swing,swingLow,1.000,3,0.385 0.448 -0.116 0.197 0.790 0.718 -0.667 -0.255 -0.429 -0.579,-241.16,185.76,14.47,-12.16,-145.98,103.18,240,624,676,1132,0.421,0.084 0.705 -0.224 -0.507,1.8,1,0.000,0.000,0.4902,-0.00,,-1.000,0.0,0.0,0.0,,,44.8,43.5,16.1,,0.308,-86.2,5.1,-1.00,-1.0,0.0,4,9002
334,5.5667,swing,swingLow,-243.928,183.034,13.393,-1.365,-36.473,-22.646,42.953,36.499,12.280,-237.51,156.68,40.15,30.11,0.933,2,,0,0.00,0.00,0.00,-241.462,185.192,13.919,-138.78,-16.00,70.71,3.319,0.617,-0.05,1.00,1,0,0,0,0,0,-16.00,-13.19,-5.58,0.3912,0.2454,0.3987,1,3.319,0,0.415,0,swing,swingLow,1.000,3,0.370 0.460 -0.126 0.190 0.770 0.742 -0.661 -0.235 -0.425 -0.582,-241.31,185.47,14.19,-14.20,-142.38,103.18,240,620,708,1148,0.427,0.078 0.721 -0.180 -0.493,1.9,1,0.005,0.000,0.5042,-0.00,,-1.000,0.0,0.0,0.0,,,43.9,42.6,16.2,,0.270,-86.1,5.0,-1.00,-1.0,0.0,4,8507
335,5.5833,swing,swingLow,-243.950,182.423,13.023,-1.270,-36.954,-21.749,42.899,36.976,11.910,-237.51,156.68,40.15,30.11,0.945,2,,0,0.00,0.00,0.00,-241.621,184.924,13.660,-135.18,-17.46,70.71,3.476,0.621,-0.05,1.00,1,0,0,0,0,0,-17.46,-12.66,-5.60,0.3800,0.2291,0.3997,1,3.476,0,0.415,0,swing,swingLow,1.000,3,0.356 0.471 -0.128 0.186 0.750 0.764 -0.645 -0.229 -0.413 -0.589,-241.46,185.19,13.92,-16.00,-138.78,103.18,244,620,752,1168,0.432,0.074 0.734 -0.150 -0.484,1.8,1,0.013,0.000,0.5185,-0.00,,-1.000,0.0,0.0,0.0,,,43.2,41.7,16.2,,0.236,-86.0,4.9,-1.00,-1.0,0.0,4,8065
336,5.6000,swing,swingLow,-243.970,181.802,12.668,-1.177,-37.500,-20.892,42.943,37.519,11.555,-237.51,156.68,40.15,30.11,0.955,2,,0,0.00,0.00,0.00,-241.780,184.653,13.407,-131.58,-18.49,70.71,3.670,0.626,-0.05,1.00,1,0,0,0,0,0,-18.49,-12.11,-5.62,0.3661,0.2104,0.4021,1,3.670,0,0.415,0,swing,swingLow,1.000,3,0.342 0.481 -0.125 0.187 0.728 0.784 -0.624 -0.241 -0.396 -0.601,-241.62,184.92,13.66,-17.46,-135.18,103.18,248,616,796,1184,0.437,0.072 0.745 -0.142 -0.482,1.9,1,0.019,0.000,0.5308,-0.00,,-1.000,0.0,0.0,0.0,,,42.6,41.0,16.4,,0.206,-85.9,4.8,-1.00,-1.0,0.0,4,7672
337,5.6167,swing,swingLow,-244.239,181.268,12.397,-16.725,-32.013,-15.700,39.383,36.119,11.284,-237.51,156.68,40.15,30.11,0.963,2,,0,0.00,0.00,0.00,-241.975,184.388,13.173,-127.98,-17.99,70.73,3.932,0.629,-0.04,1.00,1,0,0,0,0,0,-17.99,-11.56,-5.63,0.3453,0.1863,0.4097,1,3.932,0,0.415,0,swing,swingLow,1.000,3,0.322 0.491 -0.146 0.198 0.704 0.803 -0.577 -0.290 -0.341 -0.629,-241.78,184.65,13.41,-18.49,-131.58,103.19,256,616,840,1192,0.441,0.090 0.746 -0.178 -0.509,1.0,1,0.027,0.000,0.5162,-0.00,,-1.000,0.0,0.0,0.0,,,41.9,32.8,32.0,,0.179,-85.8,4.7,-1.00,-1.0,0.0,4,7325
338,5.6333,swing,swingLow,-244.522,180.732,12.142,-17.037,-32.374,-14.886,39.496,36.583,11.029,-237.51,156.68,40.15,30.11,0.970,2,,0,0.00,0.00,0.00,-242.209,184.124,12.959,-124.38,-17.35,70.74,4.187,0.629,-0.04,1.00,1,0,0,0,0,0,-17.35,-10.99,-5.65,0.3291,0.1648,0.4192,1,4.187,0,0.415,0,swing,swingBottom,1.000,3,0.299 0.501 -0.166 0.208 0.669 0.823 -0.528 -0.346 -0.281 -0.657,-241.97,184.39,13.17,-17.99,-127.98,103.20,276,612,836,1144,0.447,0.106 0.752 -0.231 -0.543,0.8,1,0.033,0.000,0.5029,-0.00,,-1.000,0.0,0.0,0.0,,,41.1,32.4,31.0,,0.155,-85.8,4.7,-1.00,-1.0,0.0,4,7019
339,5.6500,swing,swingLow,-244.809,180.189,11.901,-17.238,-32.752,-14.083,39.600,37.011,10.788,-237.51,156.68,40.15,30.11,0.975,2,,0,0.00,0.00,0.00,-242.474,183.853,12.760,-120.78,-16.58,70.77,4.429,0.627,-0.04,1.00,1,0,0,0,0,0,-16.58,-10.42,-5.67,0.3178,0.1474,0.4301,1,4.429,0,0.416,0,swing,swingBottom,1.000,3,0.265 0.514 -0.187 0.193 0.637 0.849 -0.477 -0.372 -0.236 -0.688,-242.21,184.12,12.96,-17.35,-124.38,103.22,292,616,828,1100,0.457,0.103 0.767 -0.255 -0.584,2.7,1,0.037,0.000,0.4908,-0.00,,-1.000,0.0,0.0,0.0,,,39.6,31.7,28.7,,0.135,-85.7,4.6,-1.00,-1.0,0.0,4,6749
340,5.6667,swing,swingLow,-245.095,179.639,11.672,-17.097,-33.243,-13.362,39.698,37.382,10.559,-237.51,156.68,40.15,30.11,0.980,2,,0,0.00,0.00,0.00,-242.800,183.494,12.569,-117.18,-15.87,70.81,4.575,0.623,-0.04,1.00,1,0,0,0,0,0,-15.87,-9.86,-5.68,0.3091,0.1386,0.4423,1,4.575,0,0.416,0,swing,swingBottom,1.000,3,0.249 0.518 -0.195 0.203 0.620 0.855 -0.449 -0.398 -0.211 -0.701,-242.47,183.85,12.76,-16.58,-120.78,103.25,308,620,820,1064,0.460,0.118 0.768 -0.288 -0.607,2.6,1,0.041,0.000,0.4783,-0.00,,-1.000,0.0,0.0,0.0,,,39.0,31.0,28.4,,0.116,-85.6,4.6,-1.00,-1.0,0.0,4,6514
341,5.6833,swing,swingLow,-245.378,179.080,11.455,-16.944,-33.712,-12.626,39.787,37.731,10.342,-237.51,156.68,40.15,30.11,0.983,2,,0,0.00,0.00,0.00,-243.203,183.021,12.383,-113.58,-15.24,70.88,4.596,0.619,-0.04,1.00,1,0,0,0,0,0,-15.24,-9.30,-5.70,0.3081,0.1357,0.4562,1,4.596,0,0.417,0,swing,swingBottom,1.000,3,0.238 0.520 -0.201 0.219 0.609 0.856 -0.432 -0.417 -0.197 -0.709,-242.80,183.49,12.57,-15.87,-117.18,103.29,328,628,804,1036,0.462,0.137 0.764 -0.315 -0.624,2.0,1,0.044,0.000,0.4666,-0.00,,-1.000,0.0,0.0,0.0,,,38.7,30.2,28.7,,0.101,-85.6,4.5,-1.00,-1.0,0.0,4,6308
342,5.7000,swing,swingLow,-245.659,178.514,11.251,-16.779,-34.161,-11.876,39.869,38.059,10.138,-237.51,156.68,40.15,30.11,0.986,2,,0,0.00,0.00,0.00,-243.608,182.528,12.202,-109.98,-14.52,70.98,4.606,0.615,-0.04,1.00,1,0,0,0,0,0,-14.52,-8.76,-5.72,0.3081,0.1331,0.4710,1,4.606,0,0.418,0,swing,swingBottom,1.000,3,0.237 0.517 -0.202 0.238 0.598 0.850 -0.410 -0.430 -0.184 -0.721,-243.20,183.02,12.38,-15.24,-113.58,103.36,340,644,784,1008,0.460,0.160 0.757 -0.335 -0.645,0.6,1,0.046,0.000,0.4550,-0.00,,-1.000,0.0,0.0,0.0,,,38.9,29.4,30.0,,0.087,-85.5,4.5,-1.00,-1.0,0.0,4,6128
343,5.7167,swing,swingLow,-245.929,177.941,11.058,-15.936,-34.554,-11.198,39.665,38.052,9.945,-237.51,156.68,40.15,30.11,0.989,2,,0,0.00,0.00,0.00,-243.986,182.018,12.024,-106.38,-13.75,71.11,4.618,0.610,-0.04,1.00,1,0,0,0,0,0,-13.75,-8.23,-5.73,0.3074,0.1317,0.4842,1,4.618,0,0.419,0,swing,swingBottom,1.000,3,0.233 0.515 -0.204 0.259 0.584 0.846 -0.401 -0.441 -0.174 -0.725,-243.61,182.53,12.20,-14.52,-109.98,103.46,356,660,764,984,0.459,0.184 0.751 -0.356 -0.656,1.1,1,0.044,0.000,0.4412,-0.00,,-1.000,0.0,0.0,0.0,,,39.2,29.1,30.7,,0.075,-85.5,4.4,-1.00,-1.0,0.0,4,5972
344,5.7333,swing,swingBottom,-246.185,177.362,10.877,-15.120,-34.921,-10.519,39.481,38.054,9.764,-237.51,156.68,40.15,30.11,0.991,2,,0,0.00,0.00,0.00,-244.337,181.494,11.850,-104.02,-13.02,71.27,4.629,0.605,-0.04,1.00,1,0,0,0,0,0,-13.02,-7.71,-5.75,0.3052,0.1312,0.4949,1,4.629,0,0.421,0,swing,swingBottom,1.000,3,0.234 0.511 -0.199 0.285 0.578 0.838 -0.407 -0.446 -0.173 -0.724,-243.99,182.02,12.02,-13.75,-106.38,103.59,372,672,740,956,0.456,0.212 0.745 -0.372 -0.662,2.3,1,0.039,0.000,0.4344,-0.00,,-1.000,0.0,0.0,0.0,,,39.5,28.9,31.5,,0.064,-85.4,4.4,-1.00,-1.0,0.0,0,5836
345,5.7500,swing,swingBottom,-246.427,176.777,10.706,-14.329,-35.265,-9.841,39.316,38.065,9.593,-237.51,156.68,40.15,30.11,0.993,2,,0,0.00,0.00,0.00,-244.660,180.954,11.680,-103.54,-12.41,71.48,4.639,0.599,-0.04,1.00,1,0,0,0,0,0,-12.41,-7.21,-5.77,0.3006,0.1308,0.5018,1,4.639,0,0.422,0,swing,swingBottom,1.000,3,0.245 0.505 -0.184 0.314 0.586 0.827 -0.430 -0.445 -0.182 -0.717,-244.34,181.49,11.85,-13.02,-104.02,103.76,384,684,728,944,0.454,0.241 0.739 -0.386 -0.661,3.5,1,0.030,0.000,0.4392,-0.00,,-1.000,0.0,0.0,0.0,,,39.8,28.6,32.1,,0.055,-85.4,4.3,-1.00,-1.0,0.0,0,5719
346,5.7667,swing,swingBottom,-246.664,176.186,10.549,-14.126,-35.611,-9.074,39.371,38.311,9.436,-237.51,156.68,40.15,30.11,0.994,2,,0,0.00,0.00,0.00,-244.959,180.398,11.517,-103.45,-11.88,71.82,4.646,0.594,-0.03,1.00,1,0,0,0,0,0,-11.88,-6.73,-5.78,0.2954,0.1303,0.5063,1,4.646,0,0.424,0,swing,swingBottom,1.000,3,0.256 0.501 -0.166 0.343 0.595 0.817 -0.454 -0.439 -0.192 -0.709,-244.66,180.95,11.68,-12.41,-103.54,103.97,392,688,736,948,0.453,0.271 0.735 -0.394 -0.658,4.6,1,0.010,0.000,0.4449,-0.00,,-1.000,0.0,0.0,0.0,,,40.0,28.0,32.9,,0.047,-85.4,4.3,-1.00,-1.0,0.0,0,5617
347,5.7833,swing,swingBottom,-246.897,175.589,10.404,-13.912,-35.934,-8.299,39.417,38.533,9.291,-237.51,156.68,40.15,30.11,0.995,2,,0,0.00,0.00,0.00,-245.238,179.829,11.360,-103.78,-11.52,72.34,4.652,0.588,-0.03,1.00,1,0,0,0,0,0,-11.52,-6.27,-5.80,0.2892,0.1295,0.5076,1,4.652,0,0.426,0,swing,swingBottom,1.000,3,0.267 0.497 -0.147 0.371 0.604 0.810 -0.480 -0.430 -0.199 -0.699,-244.96,180.40,11.52,-11.88,-103.45,104.32,400,692,744,964,0.452,0.300 0.733 -0.397 -0.651,5.4,1,0.000,0.000,0.4517,-0.00,,-1.000,0.0,0.0,0.0,,,40.0,27.3,33.5,,0.041,-85.3,4.3,-1.00,-1.0,0.0,0,5529
348,5.8000,swing,swingBottom,-247.127,174.988,10.272,-13.689,-36.232,-7.515,39.454,38.732,9.159,-237.51,156.68,40.15,30.11,0.996,2,,0,0.00,0.00,0.00,-245.499,179.247,11.211,-104.32,-9.80,72.95,4.655,0.583,-0.03,1.00,1,0,0,0,0,0,-9.80,-5.82,-5.82,0.2839,0.1284,0.5250,1,4.655,0,0.428,0,swing,swingBottom,1.000,3,0.275 0.490 -0.128 0.386 0.613 0.798 -0.498 -0.417 -0.207 -0.688,-245.24,179.83,11.36,-11.52,-103.78,104.85,404,688,760,976,0.453,0.325 0.734 -0.397 -0.648,5.9,1,0.002,0.000,0.4587,-0.00,,-1.000,0.0,0.0,0.0,,,39.8,26.6,33.7,,0.035,-85.3,4.3,-1.00,-1.0,0.0,0,5453
349,5.8167,swing,swingBottom,-247.344,174.382,10.151,-12.759,-36.474,-6.848,39.243,38.641,9.038,-237.51,156.68,40.15,30.11,0.997,2,,0,0.00,0.00,0.00,-245.744,178.658,11.071,-104.88,-7.89,73.61,4.657,0.577,-0.03,1.00,1,0,0,0,0,0,-7.89,-5.40,-5.83,0.2789,0.1275,0.5437,1,4.657,0,0.430,0,swing,swingBottom,1.000,3,0.284 0.483 -0.110 0.397 0.622 0.785 -0.516 -0.404 -0.212 -0.673,-245.50,179.25,11.21,-9.80,-104.32,105.47,424,704,772,984,0.454,0.346 0.735 -0.394 -0.641,6.4,1,0.006,0.000,0.4653,-0.00,,-1.000,0.0,0.0,0.0,,,39.7,26.3,33.7,,0.030,-85.3,4.2,-1.00,-1.0,0.0,0,5388
350,5.8333,swing,swingBottom,-247.546,173.772,10.042,-11.856,-36.692,-6.183,39.052,38.560,8.929,-237.51,156.68,40.15,30.11,0.997,2,,0,0.00,0.00,0.00,-245.973,178.064,10.940,-105.38,-6.04,74.29,4.659,0.572,-0.03,1.00,1,0,0,0,0,0,-6.04,-4.99,-5.85,0.2746,0.1267,0.5612,1,4.659,0,0.432,0,swing,swingBottom,1.000,3,0.292 0.477 -0.091 0.405 0.631 0.774 -0.530 -0.391 -0.217 -0.659,-245.74,178.66,11.07,-7.89,-104.88,106.13,448,724,788,1000,0.455,0.366 0.736 -0.388 -0.635,6.9,1,0.006,0.000,0.4713,-0.00,,-1.000,0.0,0.0,0.0,,,39.5,25.9,33.6,,0.026,-85.2,4.2,-1.00,-1.0,0.0,0,5332
351,5.8500,swing,swingBottom,-247.733,173.158,9.944,-10.981,-36.886,-5.520,38.879,38.485,8.831,-237.51,156.68,40.15,30.11,0.998,2,,0,0.00,0.00,0.00,-246.187,177.465,10.819,-105.78,-5.50,74.87,4.659,0.566,-0.03,1.00,1,0,0,0,0,0,-5.50,-4.61,-5.87,0.2692,0.1262,0.5625,1,4.659,0,0.434,0,swing,swingBottom,1.000,3,0.301 0.474 -0.076 0.421 0.639 0.769 -0.547 -0.377 -0.219 -0.643,-245.97,178.06,10.94,-6.04,-105.38,106.81,468,740,796,1008,0.455,0.386 0.736 -0.379 -0.621,7.6,1,0.003,0.000,0.4764,-0.00,,-1.000,0.0,0.0,0.0,,,39.4,25.5,33.8,,0.022,-85.2,4.2,-1.00,-1.0,0.0,0,5284
352,5.8667,swing,swingBottom,-247.914,172.542,9.859,-10.730,-37.078,-4.739,38.890,38.600,8.746,-237.51,156.68,40.15,30.11,0.998,2,,0,0.00,0.00,0.00,-246.388,176.860,10.709,-106.16,-5.50,75.28,4.658,0.561,-0.03,1.00,1,0,0,0,0,0,-5.50,-4.24,-5.88,0.2649,0.1257,0.5571,1,4.658,0,0.436,0,swing,swingBottom,1.000,3,0.308 0.474 -0.064 0.440 0.644 0.768 -0.561 -0.362 -0.218 -0.631,-246.19,177.47,10.82,-5.50,-105.78,107.38,476,736,808,1016,0.456,0.405 0.738 -0.368 -0.609,8.0,1,0.000,0.000,0.4808,-0.00,,-1.000,0.0,0.0,0.0,,,39.2,24.6,34.0,,0.019,-85.2,4.2,-1.00,-1.0,0.0,0,5242
353,5.8833,swing,swingBottom,-248.090,171.922,9.786,-10.473,-37.246,-3.954,38.892,38.690,8.673,-237.51,156.68,40.15,30.11,0.998,2,,0,0.00,0.00,0.00,-246.578,176.249,10.609,-106.53,-5.50,75.56,4.656,0.555,-0.03,1.00,1,0,0,0,0,0,-5.50,-3.89,-5.90,0.2616,0.1255,0.5516,1,4.656,0,0.439,0,swing,swingBottom,1.000,3,0.312 0.475 -0.056 0.457 0.646 0.770 -0.574 -0.348 -0.213 -0.618,-246.39,176.86,10.71,-5.50,-106.16,107.79,472,732,816,1024,0.458,0.423 0.741 -0.358 -0.596,8.3,1,0.000,0.000,0.4843,-0.00,,-1.000,0.0,0.0,0.0,,,38.8,23.6,34.0,,0.016,-85.2,4.2,-1.00,-1.0,0.0,0,5207
354,5.9000,swing,swingBottom,-248.262,171.300,9.727,-10.208,-37.388,-3.166,38.885,38.756,8.614,-237.51,156.68,40.15,30.11,0.999,2,,0,0.00,0.00,0.00,-246.758,175.633,10.521,-106.89,-5.50,75.73,4.654,0.549,-0.03,1.00,1,0,0,0,0,0,-5.50,-3.55,-5.92,0.2601,0.1249,0.5460,1,4.654,0,0.441,0,swing,swingBottom,1.000,3,0.314 0.478 -0.050 0.467 0.647 0.774 -0.579 -0.338 -0.209 -0.611,-246.58,176.25,10.61,-5.50,-106.53,108.06,468,724,824,1032,0.462,0.434 0.748 -0.351 -0.589,8.2,1,0.000,0.000,0.4877,-0.00,,-1.000,0.0,0.0,0.0,,,38.2,22.6,33.7,,0.014,-85.2,4.1,-1.00,-1.0,0.0,0,5176
355,5.9167,swing,swingBottom,-248.430,170.676,9.680,-9.937,-37.504,-2.377,38.871,38.798,8.567,-237.51,156.68,40.15,30.11,0.999,2,,0,0.00,0.00,0.00,-246.932,175.013,10.444,-107.22,-5.50,75.80,4.651,0.544,-0.03,1.00,1,0,0,0,0,0,-5.50,-3.24,-5.93,0.2589,0.1246,0.5404,1,4.651,0,0.444,0,swing,swingBottom,1.000,3,0.315 0.480 -0.046 0.476 0.648 0.779 -0.583 -0.328 -0.203 -0.602,-246.76,175.63,10.52,-5.50,-106.89,108.23,460,716,832,1040,0.466,0.444 0.754 -0.344 -0.581,8.2,1,0.000,0.000,0.4905,-0.00,,-1.000,0.0,0.0,0.0,,,37.6,21.5,33.4,,0.012,-85.2,4.1,-1.00,-1.0,0.0,0,5150
356,5.9333,swing,swingBottom,-248.593,170.050,9.647,-9.659,-37.594,-1.587,38.848,38.815,8.534,-237.51,156.68,40.15,30.11,0.999,2,,0,0.00,0.00,0.00,-247.098,174.390,10.380,-107.52,-5.50,75.79,4.648,0.539,-0.03,1.00,1,0,0,0,0,0,-5.50,-2.95,-5.95,0.2581,0.1246,0.5346,1,4.648,0,0.447,0,swing,swingBottom,1.000,3,0.316 0.483 -0.044 0.485 0.649 0.783 -0.587 -0.317 -0.197 -0.594,-246.93,175.01,10.44,-5.50,-107.22,108.30,456,708,836,1048,0.470,0.453 0.761 -0.337 -0.573,8.1,1,0.000,0.000,0.4930,-0.00,,-1.000,0.0,0.0,0.0,,,37.0,20.5,33.2,,0.010,-85.1,4.1,-1.00,-1.0,0.0,0,5128
357,5.9500,swing,swingBottom,-248.751,169.423,9.627,-9.375,-37.658,-0.798,38.816,38.808,8.514,-237.51,156.68,40.15,30.11,0.999,2,,0,0.00,0.00,0.00,-247.259,173.766,10.329,-107.77,-5.50,75.73,4.645,0.534,-0.02,1.00,1,0,0,0,0,0,-5.50,-2.67,-5.97,0.2575,0.1247,0.5288,1,4.645,0,0.450,0,swing,swingBottom,1.000,3,0.317 0.485 -0.044 0.492 0.650 0.787 -0.590 -0.306 -0.190 -0.584,-247.10,174.39,10.38,-5.50,-107.52,108.29,452,704,840,1048,0.473,0.462 0.767 -0.329 -0.564,8.0,1,0.000,0.000,0.4951,-0.00,,-1.000,0.0,0.0,0.0,,,36.4,19.4,32.9,,0.008,-85.1,4.1,-1.00,-1.0,0.0,0,5109
358,5.9667,swing,swingBottom,-248.904,168.795,9.620,-9.086,-37.697,-0.011,38.776,38.776,8.507,-237.51,156.68,40.15,30.11,0.999,2,,0,0.00,0.00,0.00,-247.415,173.140,10.290,-107.98,-5.50,75.62,4.642,0.529,-0.02,1.00,1,0,0,0,0,0,-5.50,-2.41,-5.98,0.2571,0.1250,0.5230,1,4.642,0,0.452,0,swing,swingBottom,1.000,3,0.317 0.487 -0.045 0.500 0.650 0.791 -0.593 -0.296 -0.183 -0.574,-247.26,173.77,10.33,-5.50,-107.77,108.23,444,696,844,1056,0.477,0.470 0.772 -0.321 -0.555,7.9,1,0.000,0.000,0.4970,-0.01,,-1.000,0.0,0.0,0.0,,,35.8,18.4,32.7,,0.007,-85.1,4.1,-1.00,-1.0,0.0,0,5093
359,5.9833,swing,swingBottom,-249.053,168.166,9.627,-8.816,-37.819,0.778,38.840,38.833,8.514,-237.51,156.68,40.15,30.11,1.000,2,,0,0.00,0.00,0.00,-247.567,172.513,10.264,-108.16,-5.50,75.47,4.638,0.525,-0.02,1.00,1,0,0,0,0,0,-5.50,-2.16,-6.00,0.2569,0.1253,0.5171,1,4.638,0,0.455,0,swing,swingBottom,1.000,3,0.317 0.489 -0.048 0.506 0.651 0.795 -0.595 -0.285 -0.176 -0.564,-247.42,173.14,10.29,-5.50,-107.98,108.12,440,688,848,1060,0.480,0.477 0.778 -0.314 -0.545,7.8,1,0.000,0.000,0.4986,-0.02,,-1.000,0.0,0.0,0.0,,,35.3,17.3,32.4,,0.006,-85.1,4.1,-1.00,-1.0,0.0,0,5079
360,6.0000,swing,swingBottom,-249.198,167.533,9.646,-8.563,-38.024,1.576,39.008,38.976,8.533,-237.51,156.68,40.15,30.11,1.000,2,,0,0.00,0.00,0.00,-247.714,171.882,10.251,-108.29,-5.50,75.30,4.635,0.521,-0.02,1.00,1,0,0,0,0,0,-5.50,-1.94,-6.02,0.2569,0.1258,0.5111,1,4.635,0,0.458,0,swing,swingBottom,1.000,3,0.317 0.491 -0.051 0.512 0.651 0.798 -0.597 -0.275 -0.168 -0.555,-247.57,172.51,10.26,-5.50,-108.16,107.98,432,684,852,1060,0.483,0.483 0.783 -0.306 -0.536,7.7,1,0.000,0.000,0.5000,-0.03,,-1.000,0.0,0.0,0.0,,,34.8,16.2,32.2,,0.005,-85.1,4.1,-1.00,-1.0,0.0,0,5067
361,6.0167,swing,swingBottom,-249.340,166.898,9.680,-8.460,-38.144,2.422,39.146,39.071,8.567,-237.51,156.68,40.15,30.11,1.000,2,,0,0.00,0.00,0.00,-247.859,171.249,10.251,-108.41,-5.50,75.10,4.631,0.518,-0.02,1.00,1,0,0,0,0,0,-5.50,-1.73,-6.03,0.2576,0.1259,0.5049,1,4.631,0,0.461,0,swing,swingBottom,1.000,3,0.315 0.494 -0.059 0.517 0.647 0.804 -0.598 -0.268 -0.158 -0.546,-247.71,171.88,10.25,-5.50,-108.29,107.81,428,676,856,1064,0.488,0.489 0.791 -0.302 -0.528,7.3,1,0.000,0.000,0.5011,-0.05,,-1.000,0.0,0.0,0.0,,,34.1,15.0,31.8,,0.004,-85.1,4.1,-1.00,-1.0,0.0,0,5057
362,6.0333,swing,swingBottom,-249.481,166.261,9.727,-8.393,-38.219,3.285,39.267,39.130,8.614,-237.51,156.68,40.15,30.11,1.000,2,,0,0.00,0.00,0.00,-248.000,170.613,10.265,-108.52,-5.50,74.89,4.628,0.516,-0.02,1.00,1,0,0,0,0,0,-5.50,-1.54,-6.05,0.2589,0.1258,0.4983,1,4.628,0,0.464,0,swing,swingBottom,1.000,3,0.310 0.499 -0.069 0.522 0.640 0.812 -0.598 -0.264 -0.145 -0.538,-247.86,171.25,10.25,-5.50,-108.41,107.61,420,672,856,1068,0.493,0.495 0.801 -0.299 -0.520,6.7,1,0.000,0.000,0.5019,-0.07,,-1.000,0.0,0.0,0.0,,,33.1,13.7,31.2,,0.004,-85.1,4.1,-1.00,-1.0,0.0,0,5048
363,6.0500,swing,swingBottom,-249.622,165.624,9.790,-8.399,-38.235,4.172,39.368,39.147,8.677,-237.51,156.68,40.15,30.11,1.000,2,,0,0.00,0.00,0.00,-248.139,169.975,10.292,-108.64,-5.50,74.67,4.625,0.514,-0.02,1.00,1,0,0,0,0,0,-5.50,-1.37,-6.07,0.2608,0.1242,0.4908,1,4.625,0,0.467,0,swing,swingBottom,1.000,3,0.301 0.505 -0.083 0.512 0.632 0.826 -0.584 -0.265 -0.132 -0.528,-248.00,170.61,10.26,-5.50,-108.52,107.41,412,664,860,1072,0.501,0.486 0.817 -0.304 -0.511,5.7,1,0.000,0.000,0.5033,-0.09,,-1.000,0.0,0.0,0.0,,,31.8,12.4,30.1,,0.003,-85.1,4.1,-1.00,-1.0,0.0,0,5041
364,6.0667,swing,swingBottom,-249.753,164.985,9.864,-7.621,-38.342,4.864,39.393,39.092,8.751,-237.51,156.68,40.15,30.11,1.000,2,,0,0.00,0.00,0.00,-248.275,169.338,10.333,-108.67,-5.50,74.45,4.622,0.513,-0.02,1.00,1,0,0,0,0,0,-5.50,-1.22,-6.08,0.2606,0.1232,0.4835,1,4.622,0,0.469,0,swing,swingBottom,1.000,3,0.299 0.508 -0.090 0.500 0.633 0.832 -0.569 -0.258 -0.126 -0.512,-248.14,169.98,10.29,-5.50,-108.64,107.19,404,656,864,1072,0.504,0.473 0.826 -0.301 -0.496,5.3,1,0.000,0.000,0.5051,-0.11,,-1.000,0.0,0.0,0.0,,,31.2,11.9,29.6,,0.003,-85.1,4.1,-1.00,-1.0,0.0,0,5035
365,6.0833,swing,swingBottom,-249.871,164.344,9.951,-6.865,-38.424,5.562,39.427,39.033,8.838,-237.51,156.68,40.15,30.11,1.000,2,,0,0.00,0.00,0.00,-248.405,168.702,10.388,-108.58,-5.50,74.23,4.619,0.512,-0.02,1.00,1,0,0,0,0,0,-5.50,-1.08,-6.10,0.2591,0.1221,0.4762,1,4.619,0,0.471,0,swing,swingBottom,1.000,3,0.299 0.509 -0.095 0.480 0.641 0.835 -0.546 -0.244 -0.123 -0.492,-248.27,169.34,10.33,-5.50,-108.67,106.97,396,648,872,1072,0.506,0.454 0.831 -0.292 -0.477,5.3,1,0.000,0.000,0.5076,-0.14,,-1.000,0.0,0.0,0.0,,,30.9,11.3,29.4,,0.002,-85.1,4.0,-1.00,-1.0,0.0,0,5029
366,6.1000,swing,swingBottom,-249.977,163.703,10.049,-6.131,-38.482,6.266,39.468,38.968,8.936,-237.51,156.68,40.15,30.11,1.000,2,,0,0.00,0.00,0.00,-248.528,168.067,10.455,-108.42,-5.50,74.00,4.616,0.511,-0.02,1.00,1,0,0,0,0,0,-5.50,-0.97,-6.12,0.2578,0.1247,0.4715,1,4.616,0,0.473,0,swing,swingBottom,1.000,3,0.309 0.503 -0.095 0.496 0.651 0.823 -0.561 -0.224 -0.127 -0.485,-248.40,168.70,10.39,-5.50,-108.58,106.74,392,644,868,1076,0.502,0.470 0.821 -0.273 -0.470,6.5,1,0.000,0.000,0.5079,-0.16,,-1.000,0.0,0.0,0.0,,,31.8,10.9,30.5,,0.002,-85.1,4.0,-1.00,-1.0,0.0,0,5025
367,6.1167,swing,swingBottom,-250.071,163.061,10.159,-5.402,-38.515,6.971,39.512,38.892,9.046,-237.51,156.68,40.15,30.11,1.000,2,,0,0.00,0.00,0.00,-248.642,167.431,10.535,-108.19,-5.50,73.78,4.614,0.511,-0.02,1.00,1,0,0,0,0,0,-5.50,-0.87,-6.13,0.2572,0.1271,0.4670,1,4.614,0,0.475,0,swing,swingBottom,1.000,3,0.317 0.497 -0.094 0.512 0.657 0.812 -0.574 -0.206 -0.131 -0.482,-248.53,168.07,10.46,-5.50,-108.42,106.52,388,636,868,1080,0.497,0.487 0.812 -0.256 -0.468,7.5,1,0.000,0.000,0.5081,-0.19,,-1.000,0.0,0.0,0.0,,,32.6,10.5,31.4,,0.002,-85.0,4.0,-1.00,-1.0,0.0,0,5021
368,6.1333,swing,swingBottom,-250.154,162.418,10.280,-4.694,-38.523,7.682,39.561,38.808,9.167,-237.51,156.68,40.15,30.11,1.000,2,,0,0.00,0.00,0.00,-248.746,166.796,10.626,-107.93,-5.50,73.57,4.612,0.511,-0.02,1.00,1,0,0,0,0,0,-5.50,-0.79,-6.15,0.2571,0.1293,0.4626,1,4.612,0,0.476,0,swing,swingCornerBank,1.000,3,0.325 0.492 -0.091 0.528 0.663 0.803 -0.585 -0.190 -0.134 -0.480,-248.64,167.43,10.53,-5.50,-108.19,106.30,384,632,868,1084,0.493,0.503 0.805 -0.240 -0.466,8.4,1,0.000,0.000,0.5082,-0.23,,-1.000,0.0,0.0,0.0,,,33.3,10.1,32.3,,0.001,-85.0,4.0,-1.00,-1.0,0.0,0,5018
369,6.1500,swing,swingBottom,-250.224,161.776,10.414,-4.008,-38.504,8.398,39.612,38.712,9.301,-237.51,156.68,40.15,30.11,1.000,2,,0,0.00,0.00,0.00,-248.840,166.162,10.730,-107.65,-5.50,73.36,4.610,0.511,-0.02,1.00,1,0,0,0,0,0,-5.50,-0.72,-6.17,0.2575,0.1313,0.4584,1,4.610,0,0.477,0,swing,swingCornerBank,1.000,3,0.332 0.486 -0.087 0.544 0.667 0.794 -0.596 -0.177 -0.139 -0.482,-248.75,166.80,10.63,-5.50,-107.93,106.09,380,628,864,1084,0.489,0.520 0.797 -0.227 -0.468,9.3,1,0.000,0.000,0.5083,-0.27,,-1.000,0.0,0.0,0.0,,,34.0,9.8,33.1,,0.001,-85.0,4.0,-1.00,-1.0,0.0,0,5015
370,6.1667,swing,swingBottom,-250.283,161.134,10.559,-3.330,-38.459,9.116,39.665,38.603,9.446,-237.51,156.68,40.15,30.11,1.000,2,,0,0.00,0.00,0.00,-248.923,165.527,10.846,-107.36,-5.50,73.16,4.608,0.511,-0.02,1.00,1,0,0,0,0,0,-5.50,-0.68,-6.18,0.2580,0.1331,0.4542,1,4.608,0,0.477,0,swing,swingCornerBank,1.000,3,0.338 0.481 -0.081 0.560 0.670 0.785 -0.605 -0.164 -0.144 -0.483,-248.84,166.16,10.73,-5.50,-107.65,105.88,376,624,864,1084,0.484,0.537 0.791 -0.214 -0.470,10.1,1,0.000,0.000,0.5083,-0.31,,-1.000,0.0,0.0,0.0,,,34.7,9.4,33.9,,0.001,-85.0,4.0,-1.00,-1.0,0.0,0,5013
371,6.1833,swing,swingBottom,-250.332,160.493,10.717,-2.673,-38.387,9.838,39.718,38.480,9.604,-237.51,156.68,40.15,30.11,1.000,2,,0,0.00,0.00,0.00,-248.996,164.894,10.973,-107.06,-5.50,72.97,4.607,0.512,-0.01,1.00,1,0,0,0,0,0,-5.50,-0.65,-6.20,0.2589,0.1349,0.4500,1,4.607,0,0.477,0,swing,swingCornerBank,1.000,3,0.344 0.475 -0.074 0.575 0.672 0.777 -0.613 -0.154 -0.150 -0.487,-248.92,165.53,10.85,-5.50,-107.36,105.68,368,620,860,1084,0.480,0.553 0.784 -0.204 -0.474,10.9,1,0.000,0.000,0.5082,-0.37,,-1.000,0.0,0.0,0.0,,,35.3,9.0,34.6,,0.001,-85.0,4.0,-1.00,-1.0,0.0,0,5011
372,6.2000,swing,swingBottom,-250.369,159.853,10.886,-2.037,-38.288,10.563,39.771,38.343,9.773,-237.51,156.68,40.15,30.11,1.000,2,,0,0.00,0.00,0.00,-249.057,164.262,11.113,-106.76,-5.50,72.79,4.605,0.513,-0.01,1.00,1,0,0,0,0,0,-5.50,-0.64,-6.22,0.2598,0.1366,0.4458,1,4.605,0,0.477,0,swing,swingCornerBank,1.000,3,0.350 0.470 -0.065 0.588 0.673 0.769 -0.620 -0.144 -0.155 -0.490,-249.00,164.89,10.97,-5.50,-107.06,105.49,364,616,860,1088,0.476,0.568 0.778 -0.195 -0.478,11.7,1,0.000,0.000,0.5082,-0.42,,-1.000,0.0,0.0,0.0,,,36.0,8.6,35.4,,0.001,-85.0,4.0,-1.00,-1.0,0.0,0,5009
373,6.2167,swing,swingBottom,-250.396,159.216,11.068,-1.414,-38.163,11.289,39.822,38.189,9.955,-237.51,156.68,40.15,30.11,1.000,2,,0,0.00,0.00,0.00,-249.107,163.631,11.268,-106.46,-5.50,72.62,4.604,0.514,-0.01,1.00,1,0,0,0,0,0,-5.50,-0.65,-6.23,0.2609,0.1381,0.4421,1,4.604,0,0.476,0,swing,swingCornerBank,1.000,3,0.355 0.464 -0.055 0.601 0.675 0.760 -0.627 -0.136 -0.161 -0.494,-249.06,164.26,11.11,-5.50,-106.76,105.30,360,612,860,1092,0.472,0.582 0.772 -0.186 -0.483,12.4,1,0.000,0.000,0.5081,-0.49,,-1.000,0.0,0.0,0.0,,,36.6,8.2,36.1,,0.001,-85.0,4.0,-1.00,-1.0,0.0,0,5008
374,6.2333,swing,swingBottom,-250.413,158.581,11.262,-0.811,-38.009,12.016,39.871,38.018,10.149,-237.51,156.68,40.15,30.11,1.000,2,,0,0.00,0.00,0.00,-249.147,163.003,11.462,-106.17,-5.50,72.45,4.604,0.515,-0.01,1.00,1,0,0,0,0,0,-5.50,-0.68,-6.25,0.2617,0.1395,0.4425,1,4.604,0,0.476,0,swing,swingCornerBank,1.000,3,0.360 0.459 -0.044 0.613 0.676 0.752 -0.633 -0.128 -0.167 -0.498,-249.11,163.63,11.27,-5.50,-106.46,105.13,356,608,856,1092,0.467,0.594 0.767 -0.179 -0.487,13.1,1,0.000,0.000,0.5080,-0.56,,-1.000,0.0,0.0,0.0,,,37.3,7.8,36.8,,0.001,-85.0,4.0,-1.00,-1.0,0.0,0,5007
375,6.2500,swing,swingBottom,-250.421,157.948,11.468,-0.228,-37.827,12.744,39.917,37.828,10.355,-237.51,156.68,40.15,30.11,1.000,2,,0,0.00,0.00,0.00,-249.176,162.377,11.668,-105.89,-5.50,72.30,4.604,0.517,-0.01,1.00,1,0,0,0,0,0,-5.50,-0.72,-6.27,0.2624,0.1408,0.4430,1,4.604,0,0.475,0,swing,swingCornerBank,1.000,3,0.365 0.453 -0.031 0.624 0.676 0.744 -0.638 -0.121 -0.173 -0.501,-249.15,163.00,11.46,-5.50,-106.17,104.96,356,608,856,1092,0.463,0.606 0.761 -0.172 -0.492,13.8,1,0.000,0.000,0.5079,-0.64,,-1.000,0.0,0.0,0.0,,,38.0,7.4,37.6,,0.000,-85.0,4.0,-1.00,-1.0,0.0,0,5006
376,6.2667,swing,swingBottom,-250.418,157.319,11.686,0.338,-37.618,13.472,39.959,37.620,10.573,-237.51,156.68,40.15,30.11,1.000,2,,0,0.00,0.00,0.00,-249.195,161.753,11.886,-105.61,-5.50,72.15,4.604,0.518,-0.01,1.00,1,0,0,0,0,0,-5.50,-0.79,-6.28,0.2630,0.1420,0.4434,1,4.604,0,0.473,0,swing,swingCornerBank,1.000,3,0.369 0.447 -0.019 0.633 0.677 0.736 -0.642 -0.114 -0.179 -0.504,-249.18,162.38,11.67,-5.50,-105.89,104.81,356,612,852,1092,0.458,0.617 0.755 -0.165 -0.495,14.5,1,0.000,0.000,0.5078,-0.71,,-1.000,0.0,0.0,0.0,,,38.6,7.1,38.3,,0.000,-85.0,4.0,-1.00,-1.0,0.0,0,5005
377,6.2833,swing,swingHigh,-250.407,156.694,11.917,0.884,-37.381,14.198,39.996,37.391,10.804,-237.51,156.68,40.15,30.11,1.000,2,,0,0.00,0.00,0.00,-249.204,161.134,12.117,-105.34,-5.50,72.02,4.604,0.520,-0.01,1.00,1,0,0,0,0,0,-5.50,-0.86,-6.30,0.2635,0.1430,0.4438,1,4.604,0,0.472,0,swing,swingCornerBank,1.000,3,0.374 0.441 -0.007 0.641 0.677 0.729 -0.646 -0.108 -0.184 -0.507,-249.19,161.75,11.89,-5.50,-105.61,104.66,356,612,852,1096,0.454,0.626 0.749 -0.159 -0.499,15.2,1,0.000,0.000,0.5078,-0.78,,-1.000,0.0,0.0,0.0,,,39.3,6.7,39.0,,0.000,-85.0,4.0,-1.00,-1.0,0.0,0,5004
378,6.3000,swing,swingHigh,-250.387,156.073,12.159,1.411,-37.116,14.922,40.028,37.143,11.046,-237.51,156.68,40.15,30.11,1.000,2,,0,0.00,0.00,0.00,-249.204,160.518,12.359,-105.08,-5.50,71.89,4.604,0.522,-0.01,1.00,1,0,0,0,0,0,-5.50,-0.96,-6.32,0.2638,0.1440,0.4441,1,4.604,0,0.470,0,swing,swingCornerBank,1.000,3,0.378 0.435 0.005 0.648 0.677 0.721 -0.649 -0.102 -0.189 -0.509,-249.20,161.13,12.12,-5.50,-105.34,104.52,356,612,852,1096,0.449,0.634 0.744 -0.153 -0.502,15.8,1,0.000,0.000,0.5077,-0.85,,-1.000,0.0,0.0,0.0,,,40.0,6.3,39.7,,0.000,-85.0,4.0,-1.00,-1.0,0.0,0,5003
379,6.3167,swing,swingHigh,-250.360,155.457,12.414,1.765,-36.806,15.683,40.047,36.848,11.301,-237.51,156.68,40.15,30.11,1.000,2,,0,0.00,0.00,0.00,-249.194,159.907,12.614,-104.85,-5.50,71.77,4.604,0.523,-0.01,1.00,1,0,0,0,0,0,-5.50,-1.07,-6.33,0.2641,0.1448,0.4444,1,4.604,0,0.468,0,swing,swingCornerBank,1.000,3,0.382 0.429 0.017 0.654 0.676 0.713 -0.651 -0.096 -0.194 -0.510,-249.20,160.52,12.36,-5.50,-105.08,104.40,356,612,852,1096,0.444,0.642 0.738 -0.148 -0.505,16.5,1,0.000,0.000,0.5077,-0.93,,-1.000,0.0,0.0,0.0,,,40.6,5.7,40.4,,0.000,-85.0,4.0,-1.00,-1.0,0.0,0,5003
380,6.3333,swing,swingHigh,-250.327,154.846,12.681,2.119,-36.469,16.434,40.057,36.531,11.568,-237.51,156.68,40.15,30.11,1.000,2,,0,0.00,0.00,0.00,-249.176,159.300,12.881,-104.65,-5.50,71.66,4.604,0.525,-0.01,1.00,1,0,0,0,0,0,-5.50,-1.20,-6.35,0.2642,0.1456,0.4447,1,4.604,0,0.466,0,swing,swingCornerBank,1.000,3,0.385 0.423 0.027 0.658 0.676 0.706 -0.653 -0.089 -0.198 -0.511,-249.19,159.91,12.61,-5.50,-104.85,104.28,356,612,852,1096,0.440,0.648 0.733 -0.142 -0.507,17.1,1,0.000,0.000,0.5076,-1.00,,-1.000,0.0,0.0,0.0,,,41.3,5.2,41.1,,0.000,-85.0,4.0,-1.00,-1.0,0.0,0,5002
381,6.3500,swing,swingHigh,-250.288,154.241,12.961,2.473,-36.108,17.173,40.060,36.192,11.848,-237.51,156.68,40.15,30.11,1.000,2,,0,0.00,0.00,0.00,-249.151,158.698,13.161,-104.47,-5.50,71.56,4.604,0.527,-0.01,1.00,1,0,0,0,0,0,-5.50,-1.35,-6.37,0.2642,0.1463,0.4449,1,4.604,0,0.464,0,swing,swingCornerBank,1.000,3,0.389 0.417 0.038 0.663 0.675 0.698 -0.655 -0.083 -0.202 -0.512,-249.18,159.30,12.88,-5.50,-104.65,104.16,356,612,848,1096,0.435,0.654 0.727 -0.136 -0.509,17.6,1,0.000,0.000,0.5076,-1.07,,-1.000,0.0,0.0,0.0,,,41.9,4.6,41.8,,0.000,-85.0,4.0,-1.00,-1.0,0.0,0,5002
382,6.3667,swing,swingHigh,-250.244,153.642,13.254,2.824,-35.721,17.901,40.055,35.833,12.141,-237.51,156.68,40.15,30.11,1.000,2,,0,0.00,0.00,0.00,-249.118,158.103,13.454,-104.31,-5.50,71.47,4.604,0.529,-0.01,1.00,1,0,0,0,0,0,-5.50,-1.51,-6.38,0.2641,0.1469,0.4451,1,4.604,0,0.462,0,swing,swingCornerBank,1.000,3,0.392 0.411 0.048 0.666 0.674 0.690 -0.656 -0.076 -0.206 -0.512,-249.15,158.70,13.16,-5.50,-104.47,104.06,356,612,848,1100,0.430,0.658 0.722 -0.130 -0.510,18.2,1,0.000,0.000,0.5076,-1.14,,-1.000,0.0,0.0,0.0,,,42.6,4.1,42.5,,0.000,-85.0,4.0,-1.00,-1.0,0.0,0,5002
383,6.3833,air,trick,-250.213,153.257,13.328,3.653,-46.206,8.925,47.202,46.350,12.215,0.00,0.00,0.00,0.00,0.000,2,corkscrew,0,0.00,0.00,0.00,-249.038,157.705,13.620,-104.94,-4.49,71.38,4.609,0.533,-0.01,1.00,0,0,0,0,0,0,-4.49,-1.72,-6.40,0.2721,0.1400,0.4697,1,4.609,0,0.460,1,swing,swingCornerBank,1.000,3,0.366 0.432 0.023 0.668 0.625 0.728 -0.632 -0.124 -0.184 -0.522,-249.12,158.10,13.45,-5.50,-104.31,103.96,356,612,848,1100,0.450,0.661 0.758 -0.172 -0.520,-1.0,0,0.000,0.000,0.5063,-1.20,corkscrew,0.000,0.0,0.0,77.8,Layout,Layout,39.6,2.0,39.6,,0.008,-13.7,-1.3,0.38,-1.0,0.0,0,5105
384,6.4000,air,trick,-250.152,152.488,13.474,3.646,-46.114,8.745,47.077,46.258,12.361,0.00,0.00,0.00,0.00,0.000,2,corkscrew,0,0.00,0.00,0.00,-249.043,156.949,13.757,-104.10,-4.69,71.30,4.605,0.539,-0.01,1.00,0,0,0,0,0,0,-4.69,-2.00,-6.42,0.2800,0.1355,0.4635,1,4.605,0,0.458,0,flip_corkscrew,swingCornerBank,1.000,2,0.345 0.452 -0.005 0.670 0.583 0.763 -0.625 -0.169 -0.159 -0.529,-249.04,157.70,13.62,-4.49,-104.94,103.87,380,644,852,1088,0.469,0.660 0.791 -0.219 -0.526,-1.0,0,0.000,0.000,0.5043,-1.27,corkscrew,0.017,1.3,0.0,85.4,Layout,Layout,36.5,2.0,36.5,,0.030,-14.8,-1.0,0.38,-1.0,0.0,0,5384
385,6.4167,air,trick,-250.092,151.721,13.618,3.639,-46.022,8.565,46.953,46.165,12.505,0.00,0.00,0.00,0.00,0.000,2,corkscrew,0,0.00,0.00,0.00,-249.034,156.183,13.886,-103.46,-4.79,71.23,4.594,0.548,-0.01,1.00,0,0,0,0,0,0,-4.79,-2.31,-6.43,0.2920,0.1381,0.4557,1,4.594,0,0.457,0,flip_corkscrew,swingCornerBank,1.000,2,0.287 0.503 -0.106 0.609 0.586 0.827 -0.648 -0.180 -0.205 -0.539,-249.04,156.95,13.76,-4.69,-104.10,103.79,364,640,848,1088,0.516,0.592 0.854 -0.230 -0.535,-1.0,0,0.000,0.000,0.5030,-1.33,corkscrew,0.033,2.9,0.0,105.1,Layout,Layout,28.5,3.7,28.3,,0.061,-16.4,-0.5,0.38,-1.0,0.0,0,5795
386,6.4333,air,trick,-250.031,150.955,13.758,3.632,-45.930,8.385,46.830,46.073,12.645,0.00,0.00,0.00,0.00,0.000,2,corkscrew,0,0.00,0.00,0.00,-249.006,155.402,14.009,-103.10,-4.82,71.17,4.570,0.559,-0.01,1.00,0,0,0,0,0,0,-4.82,-2.66,-6.45,0.2953,0.1446,0.4586,1,4.570,0,0.456,0,flip_corkscrew,swingCornerBank,1.000,2,0.312 0.491 -0.096 0.609 0.628 0.792 -0.665 -0.244 -0.270 -0.585,-249.03,156.18,13.89,-4.79,-103.46,103.72,364,644,844,1100,0.504,0.589 0.821 -0.295 -0.583,-1.0,0,0.000,0.000,0.5045,-1.39,corkscrew,0.050,4.9,0.0,132.2,Layout,Layout,30.9,5.7,30.6,,0.100,-18.5,0.1,0.38,-1.0,0.0,0,6299
387,6.4500,air,trick,-249.971,150.191,13.896,3.624,-45.838,8.205,46.707,45.981,12.783,0.00,0.00,0.00,0.00,0.000,2,corkscrew,0,0.00,0.00,0.00,-248.956,154.601,14.122,-103.07,-4.75,71.12,4.531,0.570,-0.01,1.00,0,0,0,0,0,0,-4.75,-3.01,-6.47,0.3001,0.1536,0.4640,1,4.531,0,0.455,0,flip_corkscrew,swingCornerBank,1.000,2,0.329 0.484 -0.107 0.601 0.687 0.750 -0.674 -0.350 -0.340 -0.648,-249.01,155.40,14.01,-4.82,-103.10,103.66,368,648,840,1108,0.496,0.577 0.782 -0.399 -0.650,-1.0,0,0.000,0.000,0.5072,-1.44,corkscrew,0.067,7.3,0.0,162.1,Layout,Layout,32.6,7.7,32.0,,0.144,-20.9,0.8,0.38,-1.0,0.0,0,6867
388,6.4667,air,trick,-249.910,149.428,14.030,3.617,-45.746,8.025,46.585,45.889,12.917,0.00,0.00,0.00,0.00,0.000,2,corkscrew,0,0.00,0.00,0.00,-248.873,153.778,14.220,-103.52,-4.51,71.07,4.476,0.583,-0.01,1.00,0,0,0,0,0,0,-4.51,-3.38,-6.48,0.3017,0.1644,0.4716,1,4.476,0,0.455,0,flip_corkscrew,swingCornerBank,1.000,2,0.337 0.482 -0.137 0.579 0.764 0.691 -0.667 -0.471 -0.393 -0.710,-248.96,154.60,14.12,-4.75,-103.07,103.60,376,656,840,1128,0.493,0.551 0.725 -0.514 -0.716,-1.0,0,0.000,0.000,0.5115,-1.49,corkscrew,0.083,10.3,0.0,190.1,Layout,Layout,33.3,9.6,32.4,,0.190,-23.6,1.6,0.38,-1.0,0.0,0,7475
389,6.4833,air,trick,-249.846,148.612,14.180,3.868,-48.916,8.911,49.871,49.068,13.067,0.00,0.00,0.00,0.00,0.000,2,corkscrew,0,0.00,0.00,0.00,-248.757,152.877,14.304,-104.41,-3.86,71.02,4.404,0.597,-0.01,1.00,0,0,0,0,0,0,-3.86,-3.74,-6.50,0.2962,0.1759,0.4820,1,4.404,0,0.454,0,flip_corkscrew,flipLayout,1.000,2,0.336 0.485 -0.180 0.539 0.848 0.604 -0.642 -0.578 -0.412 -0.761,-248.87,153.78,14.22,-4.51,-103.52,103.55,392,664,840,1148,0.496,0.510 0.639 -0.611 -0.769,-1.0,0,0.000,0.000,0.5171,-1.53,corkscrew,0.100,13.6,0.0,211.6,Layout,Layout,33.0,11.3,31.8,,0.239,-26.3,2.5,0.38,-1.0,0.0,0,8104
390,6.5000,air,trick,-249.781,147.798,14.326,3.860,-48.818,8.731,49.742,48.970,13.213,0.00,0.00,0.00,0.00,0.000,2,corkscrew,0,0.00,0.00,0.00,-248.591,151.950,14.387,-106.09,-3.22,70.99,4.319,0.612,-0.01,1.00,0,0,0,0,0,0,-3.22,-4.09,-6.52,0.2824,0.1852,0.4962,1,4.319,0,0.454,0,flip_corkscrew,flipLayout,1.000,2,0.327 0.494 -0.227 0.484 0.912 0.483 -0.605 -0.655 -0.402 -0.796,-248.76,152.88,14.30,-3.86,-104.41,103.51,388,672,844,1164,0.503,0.455 0.518 -0.680 -0.805,-1.0,0,0.000,0.000,0.5223,-1.57,corkscrew,0.117,17.3,0.0,222.0,Layout,Layout,31.9,13.2,30.0,,0.288,-29.2,3.3,0.38,-1.0,0.0,0,8741
391,6.5167,air,trick,-249.717,146.986,14.469,3.852,-48.720,8.551,49.615,48.872,13.356,0.00,0.00,0.00,0.00,0.000,2,corkscrew,0,0.00,0.00,0.00,-248.377,150.995,14.474,-108.57,-2.62,70.95,4.227,0.627,-0.01,1.00,0,0,0,0,0,0,-2.62,-4.44,-6.53,0.2837,0.1905,0.5028,1,4.227,0,0.453,0,flip_corkscrew,flipLayout,1.000,2,0.312 0.505 -0.267 0.418 0.932 0.340 -0.568 -0.704 -0.378 -0.818,-248.59,151.95,14.39,-3.22,-106.09,103.47,380,680,844,1172,0.513,0.390 0.374 -0.723 -0.825,-1.0,0,0.000,0.000,0.5256,-1.60,corkscrew,0.133,21.0,0.0,222.4,Layout,Layout,30.2,15.2,27.2,,0.336,-32.1,4.2,0.38,-1.0,0.0,0,9372
392,6.5333,air,trick,-249.653,146.175,14.609,3.845,-48.623,8.371,49.488,48.775,13.496,0.00,0.00,0.00,0.00,0.000,2,corkscrew,0,0.00,0.00,0.00,-248.127,150.014,14.551,-111.75,-1.90,70.92,4.132,0.643,-0.01,1.00,0,0,0,0,0,0,-1.90,-4.77,-6.55,0.2956,0.1907,0.5034,1,4.132,0,0.453,0,flip_corkscrew,flipLayout,1.000,2,0.295 0.514 -0.294 0.343 0.897 0.193 -0.540 -0.730 -0.354 -0.827,-248.38,150.99,14.47,-2.62,-108.57,103.43,372,688,848,1164,0.521,0.319 0.225 -0.745 -0.832,-1.0,0,0.000,0.000,0.5255,-1.62,corkscrew,0.150,24.7,0.0,222.4,Layout,Layout,28.6,17.9,23.7,,0.384,-35.1,5.0,0.00,-1.0,0.0,0,9990
393,6.5500,air,trick,-249.589,145.366,14.747,3.837,-48.526,8.191,49.361,48.677,13.634,0.00,0.00,0.00,0.00,0.000,2,corkscrew,0,0.00,0.00,0.00,-247.867,148.991,14.622,-115.35,-1.07,70.90,4.015,0.659,-0.01,1.00,0,0,0,0,0,0,-1.07,-5.10,-6.57,0.3060,0.1873,0.5041,1,4.015,0,0.452,0,flip_corkscrew,flipLayout,1.000,2,0.282 0.517 -0.308 0.260 0.811 0.057 -0.525 -0.736 -0.340 -0.820,-248.13,150.01,14.55,-1.90,-111.75,103.40,368,692,848,1152,0.523,0.243 0.084 -0.749 -0.825,-1.0,0,0.000,0.000,0.5204,-1.64,corkscrew,0.167,28.4,0.0,222.4,Layout,Layout,28.2,21.6,19.9,,0.430,-38.0,5.6,0.00,-1.0,0.0,4,10588
394,6.5667,air,trick,-249.525,144.558,14.881,3.829,-48.429,8.011,49.236,48.580,13.768,0.00,0.00,0.00,0.00,0.000,2,corkscrew,0,0.00,0.00,0.00,-247.623,147.920,14.689,-118.95,-0.16,70.88,3.868,0.675,-0.01,1.00,0,0,0,0,0,0,-0.17,-5.42,-6.58,0.3126,0.1815,0.5050,1,3.868,0,0.451,0,flip_corkscrew,flipLayout,1.000,2,0.282 0.506 -0.313 0.176 0.684 -0.054 -0.528 -0.719 -0.344 -0.792,-247.87,148.99,14.62,-1.07,-115.35,103.38,368,696,840,1128,0.513,0.166 -0.034 -0.733 -0.800,-1.0,0,0.000,0.000,0.5084,-1.64,corkscrew,0.183,32.1,0.0,222.4,Layout,Layout,30.2,26.7,16.2,,0.474,-40.8,6.1,0.00,-1.0,0.0,5,11161
395,6.5833,air,trick,-249.462,143.752,15.012,3.822,-48.332,7.831,49.111,48.483,13.899,0.00,0.00,0.00,0.00,0.000,2,corkscrew,0,0.00,0.00,0.00,-247.397,146.846,14.756,-122.55,0.79,70.86,3.728,0.690,-0.01,1.00,0,0,0,0,0,0,0.79,-5.72,-6.60,0.3162,0.1747,0.5048,1,3.728,0,0.451,0,flip_corkscrew,flipLayout,1.000,2,0.293 0.489 -0.305 0.117 0.561 -0.127 -0.542 -0.697 -0.364 -0.760,-247.62,147.92,14.69,-0.16,-118.95,103.36,364,700,824,1092,0.499,0.114 -0.114 -0.714 -0.775,-1.0,0,0.000,0.000,0.4940,-1.63,corkscrew,0.200,35.8,0.0,222.4,Layout,Layout,32.8,30.6,14.2,,0.516,-43.6,6.4,0.00,-1.0,0.0,5,11707
396,6.6000,air,trick,-249.398,142.948,15.141,3.814,-48.235,7.651,48.987,48.386,14.028,0.00,0.00,0.00,0.00,0.000,2,corkscrew,0,0.00,0.00,0.00,-247.188,145.790,14.825,-126.15,1.72,70.84,3.614,0.706,-0.01,1.00,0,0,0,0,0,0,1.72,-6.02,-6.62,0.3141,0.1688,0.5034,1,3.614,0,0.450,0,flip_corkscrew,flipLayout,1.000,2,0.312 0.466 -0.293 0.071 0.459 -0.174 -0.565 -0.670 -0.396 -0.721,-247.40,146.85,14.76,0.79,-122.55,103.34,364,700,804,1060,0.480,0.076 -0.167 -0.692 -0.743,-1.0,0,0.000,0.000,0.4800,-1.61,corkscrew,0.217,39.5,0.0,222.4,Layout,Layout,36.0,34.6,12.8,,0.556,-46.2,6.7,0.00,-1.0,0.0,4,12223
397,6.6167,air,trick,-249.335,142.145,15.266,3.806,-48.139,7.471,48.864,48.289,14.153,0.00,0.00,0.00,0.00,0.000,2,corkscrew,0,0.00,0.00,0.00,-246.996,144.766,14.896,-129.75,2.57,70.83,3.532,0.721,-0.01,1.00,0,0,0,0,0,0,2.57,-6.31,-6.63,0.3022,0.1674,0.4989,1,3.532,0,0.449,0,flip_corkscrew,flipLayout,1.000,2,0.334 0.440 -0.280 0.034 0.394 -0.166 -0.586 -0.647 -0.444 -0.660,-247.19,145.79,14.82,1.72,-126.15,103.32,364,692,788,1044,0.458,0.044 -0.165 -0.673 -0.691,-1.0,0,0.000,0.000,0.4716,-1.58,corkscrew,0.233,43.2,0.0,222.4,Layout,Layout,39.5,38.6,11.6,,0.593,-48.8,6.9,0.00,-1.0,0.0,4,12708
398,6.6333,air,trick,-249.271,141.344,15.388,3.799,-48.043,7.291,48.741,48.193,14.275,0.00,0.00,0.00,0.00,0.000,2,corkscrew,0,0.00,0.00,0.00,-246.819,143.770,14.995,-133.35,2.93,70.82,3.471,0.736,-0.01,1.00,0,0,0,0,0,0,2.93,-6.58,-6.65,0.2845,0.1676,0.4927,1,3.471,0,0.448,0,flip_corkscrew,flipLayout,1.000,2,0.360 0.412 -0.242 -0.014 0.327 -0.170 -0.607 -0.629 -0.501 -0.585,-247.00,144.77,14.90,2.57,-129.75,103.31,368,680,772,1040,0.433,-0.002 -0.173 -0.656 -0.622,-1.0,0,0.000,0.000,0.4673,-1.54,corkscrew,0.250,46.9,0.0,222.4,Layout,Layout,43.2,42.6,10.4,,0.628,-51.2,7.0,0.00,-1.0,0.0,4,13162
399,6.6500,air,trick,-249.208,140.545,15.507,3.791,-47.947,7.111,48.619,48.096,14.394,0.00,0.00,0.00,0.00,0.000,2,corkscrew,0,0.00,0.00,0.00,-246.655,142.796,15.104,-136.95,3.05,70.81,3.428,0.750,-0.01,1.00,0,0,0,0,0,0,3.05,-6.85,-6.67,0.2750,0.1762,0.4913,1,3.428,0,0.447,0,flip_corkscrew,flipLayout,1.000,2,0.387 0.383 -0.176 -0.076 0.273 -0.191 -0.634 -0.605 -0.554 -0.516,-246.82,143.77,14.99,2.93,-133.35,103.30,372,676,760,1048,0.405,-0.062 -0.194 -0.632 -0.555,-1.0,0,0.000,0.000,0.4679,-1.50,corkscrew,0.267,50.6,0.0,221.8,Layout,Layout,47.0,46.7,9.4,,0.660,-53.6,7.0,0.00,-1.0,0.0,4,13585
400,6.6667,air,trick,-249.145,139.747,15.624,3.784,-47.851,6.931,48.498,48.000,14.511,0.00,0.00,0.00,0.00,0.000,2,corkscrew,0,0.00,0.00,0.00,-246.504,141.842,15.216,-140.55,3.05,70.81,3.395,0.764,-0.01,1.00,0,0,0,0,0,0,3.05,-7.12,-6.68,0.2613,0.1855,0.4883,1,3.395,0,0.446,0,flip_corkscrew,flipLayout,1.000,2,0.415 0.353 -0.080 -0.142 0.247 -0.222 -0.669 -0.569 -0.599 -0.465,-246.66,142.80,15.10,3.05,-136.95,103.29,376,668,748,1060,0.375,-0.127 -0.223 -0.596 -0.505,-1.0,0,0.000,0.000,0.4698,-1.45,corkscrew,0.283,54.3,0.0,220.3,Layout,Layout,50.8,50.6,8.5,,0.691,-55.8,7.1,0.00,-1.0,0.0,4,13977
401,6.6833,air,trick,-249.082,138.951,15.737,3.776,-47.755,6.751,48.377,47.904,14.624,0.00,0.00,0.00,0.00,0.000,2,corkscrew,0,0.00,0.00,0.00,-246.364,140.903,15.329,-144.15,2.97,70.80,3.372,0.778,-0.01,1.00,0,0,0,0,0,0,2.97,-7.37,-6.70,0.2448,0.1928,0.4842,1,3.372,0,0.445,0,flip_corkscrew,flipTwist,1.000,2,0.442 0.323 0.037 -0.198 0.245 -0.247 -0.707 -0.526 -0.641 -0.422,-246.50,141.84,15.22,3.05,-140.55,103.28,384,656,744,1076,0.345,-0.182 -0.243 -0.553 -0.461,-1.0,0,0.000,0.000,0.4744,-1.40,corkscrew,0.300,58.0,0.0,218.1,Twist,Layout,54.5,54.4,7.6,,0.719,-57.9,7.0,0.00,-1.0,0.0,4,14341
402,6.7000,air,trick,-249.019,138.156,15.847,3.768,-47.660,6.571,48.258,47.808,14.734,0.00,0.00,0.00,0.00,0.000,2,corkscrew,0,0.00,0.00,0.00,-246.233,139.979,15.441,-146.84,2.84,70.80,3.354,0.790,-0.01,1.00,0,0,0,0,0,0,2.84,-7.62,-6.72,0.2264,0.1994,0.4797,1,3.354,0,0.444,0,flip_corkscrew,flipTwist,1.000,2,0.466 0.292 0.156 -0.228 0.261 -0.251 -0.742 -0.479 -0.675 -0.381,-246.36,140.90,15.33,2.97,-144.15,103.28,388,640,744,1096,0.313,-0.212 -0.242 -0.505 -0.419,-1.0,0,0.000,0.000,0.4744,-1.34,corkscrew,0.317,61.6,0.2,215.5,Twist,Layout,58.2,58.1,6.8,,0.744,-59.9,7.0,0.00,-1.0,0.0,0,14676
403,6.7167,air,trick,-248.956,137.363,15.954,3.761,-47.564,6.391,48.139,47.713,14.841,0.00,0.00,0.00,0.00,0.000,2,corkscrew,0,0.00,0.00,0.00,-246.111,139.067,15.552,-149.12,2.67,70.80,3.341,0.802,-0.01,1.00,0,0,0,0,0,0,2.67,-7.86,-6.73,0.2078,0.2052,0.4753,1,3.341,0,0.443,0,flip_corkscrew,flipTwist,1.000,2,0.487 0.259 0.267 -0.231 0.293 -0.235 -0.771 -0.434 -0.707 -0.338,-246.23,139.98,15.44,2.84,-146.84,103.27,392,624,740,1104,0.279,-0.217 -0.223 -0.459 -0.374,-1.0,0,0.000,0.000,0.4729,-1.28,corkscrew,0.333,65.1,2.7,212.7,Twist,Layout,61.9,61.9,6.1,,0.768,-61.7,6.9,0.00,-1.0,0.0,0,14985
404,6.7333,air,trick,-248.894,136.571,16.059,3.753,-47.469,6.211,48.021,47.617,14.946,0.00,0.00,0.00,0.00,0.000,2,corkscrew,0,0.00,0.00,0.00,-245.997,138.166,15.662,-151.19,2.47,70.80,3.331,0.814,-0.01,1.00,0,0,0,0,0,0,2.47,-8.09,-6.75,0.1895,0.2100,0.4714,1,3.331,0,0.442,0,flip_corkscrew,flipTwist,1.000,2,0.506 0.226 0.356 -0.212 0.336 -0.214 -0.795 -0.391 -0.739 -0.289,-246.11,139.07,15.55,2.67,-149.12,103.27,400,612,728,1112,0.245,-0.200 -0.200 -0.415 -0.323,-1.0,0,0.000,0.000,0.4714,-1.22,corkscrew,0.350,68.7,8.0,209.9,Twist,Layout,65.6,65.6,5.4,,0.790,-63.5,6.8,0.00,-1.0,0.0,0,15268
405,6.7500,air,trick,-248.831,135.781,16.160,3.746,-47.374,6.031,47.903,47.522,15.047,0.00,0.00,0.00,0.00,0.000,2,corkscrew,0,0.00,0.00,0.00,-245.889,137.276,15.770,-153.09,2.25,70.80,3.323,0.824,-0.01,1.00,0,0,0,0,0,0,2.25,-8.32,-6.77,0.1786,0.2232,0.4643,1,3.323,0,0.440,0,flip_corkscrew,flipTwist,1.000,2,0.523 0.193 0.414 -0.178 0.378 -0.200 -0.814 -0.351 -0.770 -0.236,-246.00,138.17,15.66,2.47,-151.19,103.27,408,596,720,1116,0.210,-0.169 -0.187 -0.374 -0.267,-1.0,0,0.000,0.000,0.4746,-1.16,corkscrew,0.367,72.1,15.9,207.4,Twist,Layout,69.2,69.2,4.9,,0.810,-65.1,6.7,0.00,-1.0,0.0,0,15527
406,6.7667,air,trick,-248.770,134.993,16.258,3.636,-47.288,5.851,47.787,47.427,15.145,0.00,0.00,0.00,0.00,0.000,2,corkscrew,0,0.00,0.00,0.00,-245.788,136.396,15.875,-154.82,2.02,70.80,3.318,0.834,-0.01,1.00,0,0,0,0,0,0,2.02,-8.54,-6.78,0.1698,0.2310,0.4569,1,3.318,0,0.439,0,flip_corkscrew,flipTwist,1.000,2,0.538 0.159 0.443 -0.141 0.410 -0.197 -0.828 -0.313 -0.799 -0.178,-245.89,137.28,15.77,2.25,-153.09,103.27,412,580,712,1120,0.176,-0.134 -0.186 -0.334 -0.206,-1.0,0,0.000,0.000,0.4758,-1.10,corkscrew,0.383,75.6,26.4,205.4,Twist,Layout,72.8,72.8,4.6,,0.828,-66.7,6.6,0.00,-1.0,0.0,0,15765
407,6.7833,air,trick,-248.711,134.206,16.353,3.482,-47.204,5.671,47.671,47.332,15.240,0.00,0.00,0.00,0.00,0.000,2,corkscrew,0,0.00,0.00,0.00,-245.695,135.525,15.978,-156.40,1.78,70.80,3.314,0.844,-0.01,1.00,0,0,0,0,0,0,1.78,-8.76,-6.80,0.1611,0.2341,0.4491,1,3.314,0,0.438,0,flip_corkscrew,flipTwist,1.000,2,0.550 0.126 0.448 -0.107 0.425 -0.200 -0.839 -0.273 -0.825 -0.117,-245.79,136.40,15.88,2.02,-154.82,103.27,416,568,704,1128,0.141,-0.102 -0.191 -0.294 -0.142,-1.0,0,0.000,0.000,0.4755,-1.05,corkscrew,0.400,79.0,39.3,204.0,Twist,Layout,76.2,76.2,4.7,,0.845,-68.1,6.5,0.00,-1.0,0.0,0,15981
408,6.8000,air,trick,-248.656,133.420,16.446,3.283,-47.124,5.491,47.556,47.238,15.333,0.00,0.00,0.00,0.00,0.000,2,corkscrew,0,0.00,0.00,0.00,-245.609,134.662,16.078,-157.85,1.54,70.80,3.310,0.853,-0.02,1.00,0,0,0,0,0,0,1.54,-8.97,-6.82,0.1642,0.2342,0.4482,1,3.310,0,0.437,0,flip_corkscrew,flipTwist,1.000,2,0.559 0.093 0.441 -0.059 0.430 -0.185 -0.847 -0.228 -0.846 -0.059,-245.70,135.52,15.98,1.78,-156.40,103.27,412,552,700,1132,0.107,-0.055 -0.179 -0.248 -0.081,-1.0,0,0.000,0.000,0.4748,-1.00,corkscrew,0.417,82.4,54.3,203.3,Twist,Twist,79.7,79.7,5.2,,0.860,-69.4,6.3,0.00,-1.0,0.0,0,16179
409,6.8167,air,trick,-248.604,132.635,16.535,3.039,-47.045,5.311,47.442,47.143,15.422,0.00,0.00,0.00,0.00,0.000,2,corkscrew,0,0.00,0.00,0.00,-245.531,133.806,16.175,-159.17,1.31,70.80,3.308,0.861,-0.02,1.00,0,0,0,0,0,0,1.31,-9.17,-6.83,0.1572,0.2320,0.4450,1,3.308,0,0.436,0,flip_corkscrew,flipTwist,1.000,2,0.566 0.059 0.432 0.011 0.430 -0.143 -0.855 -0.174 -0.861 -0.008,-245.61,134.66,16.08,1.54,-157.85,103.28,408,552,696,1132,0.072,0.014 -0.139 -0.193 -0.028,-1.0,0,0.000,0.000,0.4738,-0.95,corkscrew,0.433,85.8,71.3,203.3,Twist,Twist,83.1,83.1,7.0,,0.874,-70.7,6.2,0.00,-1.0,0.0,0,16358
410,6.8333,air,trick,-248.557,131.852,16.621,2.751,-46.969,5.131,47.328,47.049,15.508,0.00,0.00,0.00,0.00,0.000,2,corkscrew,0,0.00,0.00,0.00,-245.461,132.957,16.269,-160.37,1.08,70.81,3.306,0.869,-0.02,1.00,0,0,0,0,0,0,1.08,-9.37,-6.85,0.1586,0.2296,0.4275,1,3.306,0,0.435,0,flip_corkscrew,flipTwist,1.000,2,0.571 0.025 0.422 0.093 0.428 -0.074 -0.861 -0.112 -0.871 0.036,-245.53,133.81,16.17,1.31,-159.17,103.28,404,544,696,1136,0.037,0.096 -0.071 -0.130 0.019,-1.0,0,0.000,0.000,0.4732,-0.90,corkscrew,0.450,89.2,90.0,203.3,Twist,Twist,86.5,86.5,14.1,,0.886,-71.8,6.1,0.00,-1.0,0.0,0,16521
411,6.8500,air,trick,-248.515,131.070,16.705,2.420,-46.893,4.951,47.215,46.955,15.592,0.00,0.00,0.00,0.00,0.000,2,corkscrew,0,0.00,0.00,0.00,-245.399,132.116,16.359,-161.48,0.86,70.81,3.305,0.876,-0.02,1.00,0,0,0,0,0,0,0.86,-9.56,-6.87,0.1662,0.2321,0.4156,1,3.305,0,0.434,0,flip_corkscrew,flipTwist,1.000,2,0.574 -0.009 0.413 0.173 0.425 0.015 -0.864 -0.045 -0.876 0.075,-245.46,132.96,16.27,1.08,-160.37,103.28,404,532,696,1140,0.001,0.177 0.018 -0.061 0.059,-1.0,0,0.000,0.000,0.4741,-0.86,corkscrew,0.467,92.5,110.1,203.3,Twist,Twist,89.9,89.9,82.7,,0.898,-72.9,6.0,0.00,-1.0,0.0,0,16669
412,6.8667,air,trick,-248.480,130.290,16.785,2.044,-46.817,4.771,47.103,46.861,15.672,0.00,0.00,0.00,0.00,0.000,2,corkscrew,0,0.00,0.00,0.00,-245.346,131.280,16.447,-162.48,0.64,70.82,3.304,0.882,-0.02,1.00,0,0,0,0,0,0,0.64,-9.75,-6.88,0.1661,0.2329,0.4126,1,3.304,0,0.433,0,flip_corkscrew,flipTwist,1.000,2,0.575 -0.043 0.405 0.231 0.423 0.105 -0.864 0.026 -0.878 0.110,-245.40,132.12,16.36,0.86,-161.48,103.29,388,532,696,1140,-0.034,0.236 0.109 0.012 0.096,-1.0,0,0.000,0.000,0.4744,-0.82,corkscrew,0.483,95.9,131.2,203.3,Twist,Twist,93.3,93.3,157.9,,0.908,-73.9,5.9,0.00,-1.0,0.0,0,16803
413,6.8833,air,trick,-248.451,129.511,16.862,1.625,-46.739,4.591,46.992,46.768,15.749,0.00,0.00,0.00,0.00,0.000,2,corkscrew,0,0.00,0.00,0.00,-245.302,130.450,16.531,-163.40,0.43,70.82,3.303,0.888,-0.02,1.00,0,0,0,0,0,0,0.43,-9.94,-6.90,0.1466,0.2312,0.4143,1,3.303,0,0.433,0,flip_corkscrew,flipTwist,1.000,2,0.574 -0.078 0.396 0.249 0.422 0.178 -0.861 0.099 -0.877 0.143,-245.35,131.28,16.45,0.64,-162.48,103.29,384,528,696,1140,-0.069,0.254 0.183 0.086 0.130,-1.0,0,0.000,0.000,0.4743,-0.78,corkscrew,0.500,99.3,153.2,203.3,Twist,Twist,96.7,96.7,165.2,,0.917,-74.8,5.7,0.00,-1.0,0.0,0,16924
414,6.9000,air,trick,-248.429,128.733,16.936,1.163,-46.660,4.411,46.882,46.674,15.823,0.00,0.00,0.00,0.00,0.000,2,corkscrew,0,0.00,0.00,0.00,-245.267,129.626,16.612,-164.24,0.24,70.83,3.302,0.893,-0.02,1.00,0,0,0,0,0,0,0.24,-10.12,-6.92,0.1355,0.2268,0.4140,1,3.302,0,0.432,0,flip_corkscrew,flipTwist,1.000,2,0.570 -0.112 0.383 0.217 0.418 0.214 -0.853 0.172 -0.874 0.174,-245.30,130.45,16.53,0.43,-163.40,103.30,392,520,700,1140,-0.104,0.222 0.219 0.161 0.163,-1.0,0,0.000,0.000,0.4737,-0.74,corkscrew,0.517,102.7,175.5,203.3,Twist,Twist,100.1,100.1,166.9,,0.926,-75.6,5.6,0.00,-1.0,0.0,0,17034
415,6.9167,air,trick,-248.416,127.956,17.008,0.658,-46.576,4.231,46.772,46.581,15.895,0.00,0.00,0.00,0.00,0.000,2,corkscrew,0,0.00,0.00,0.00,-245.242,128.807,16.690,-165.01,0.05,70.83,3.302,0.898,-0.02,1.00,0,0,0,0,0,0,0.05,-10.29,-6.93,0.1603,0.2227,0.4162,1,3.302,0,0.431,0,flip_corkscrew,flipTwist,1.000,2,0.564 -0.146 0.362 0.136 0.410 0.202 -0.841 0.244 -0.869 0.205,-245.27,129.63,16.61,0.24,-164.24,103.30,400,524,704,1140,-0.139,0.141 0.207 0.234 0.195,-1.0,0,0.000,0.000,0.4743,-0.70,corkscrew,0.533,106.1,197.9,203.3,Twist,Twist,103.6,103.6,167.0,,0.933,-76.4,5.5,0.00,-1.0,0.0,0,17133
416,6.9333,air,trick,-248.412,127.181,17.076,0.111,-46.487,4.051,46.664,46.488,15.963,0.00,0.00,0.00,0.00,0.000,2,corkscrew,0,0.00,0.00,0.00,-245.227,127.992,16.764,-165.71,-0.13,70.84,3.302,0.903,-0.02,1.00,0,0,0,0,0,0,-0.13,-10.46,-6.95,0.1929,0.2199,0.4167,1,3.302,0,0.430,0,flip_corkscrew,flipTwist,1.000,2,0.557 -0.180 0.332 0.020 0.391 0.142 -0.826 0.310 -0.861 0.240,-245.24,128.81,16.69,0.05,-165.01,103.31,384,532,708,1140,-0.174,0.023 0.145 0.301 0.231,-1.0,0,0.000,0.000,0.4749,-0.67,corkscrew,0.550,109.5,220.1,203.3,Twist,Twist,107.1,107.1,166.6,,0.940,-77.1,5.4,0.00,-1.0,0.0,0,17222
417,6.9500,air,trick,-248.412,126.407,17.141,0.000,-46.395,3.871,46.556,46.395,16.028,0.00,0.00,0.00,0.00,0.000,2,corkscrew,0,0.00,0.00,0.00,-245.218,127.183,16.835,-166.35,-0.30,70.84,3.301,0.907,-0.02,1.00,0,0,0,0,0,0,-0.30,-10.63,-6.97,0.2187,0.2169,0.4162,1,3.301,0,0.429,0,flip_corkscrew,flipTwist,1.000,2,0.547 -0.213 0.292 -0.110 0.362 0.045 -0.810 0.368 -0.848 0.281,-245.23,127.99,16.76,-0.13,-165.71,103.31,368,548,712,1136,-0.208,-0.109 0.047 0.360 0.273,-1.0,0,0.000,0.000,0.4754,-0.64,corkscrew,0.567,112.9,241.6,203.3,Twist,Twist,110.5,110.6,167.5,,0.946,-77.8,5.3,0.00,-1.0,0.0,0,17303
418,6.9667,air,trick,-248.412,125.635,17.203,0.000,-46.302,3.691,46.449,46.302,16.090,0.00,0.00,0.00,0.00,0.000,2,corkscrew,0,0.00,0.00,0.00,-245.210,126.378,16.903,-166.94,-0.46,70.85,3.301,0.910,-0.02,1.00,0,0,0,0,0,0,-0.46,-10.79,-6.98,0.2393,0.2130,0.4151,1,3.301,0,0.429,0,flip_corkscrew,flipTwist,1.000,2,0.535 -0.246 0.247 -0.232 0.321 -0.068 -0.791 0.417 -0.831 0.329,-245.22,127.18,16.83,-0.30,-166.35,103.32,356,560,716,1136,-0.241,-0.232 -0.067 0.410 0.321,-1.0,0,0.000,0.000,0.4761,-0.61,corkscrew,0.583,116.3,262.1,203.3,Twist,Twist,114.0,114.1,168.4,,0.952,-78.4,5.2,0.00,-1.0,0.0,0,17375
419,6.9833,air,trick,-248.412,124.865,17.263,0.000,-46.209,3.511,46.343,46.209,16.150,0.00,0.00,0.00,0.00,0.000,2,corkscrew,0,0.00,0.00,0.00,-245.203,125.578,16.967,-167.47,-0.61,70.85,3.301,0.913,-0.02,1.00,0,0,0,0,0,0,-0.61,-10.95,-7.00,0.2713,0.2080,0.4212,1,3.301,0,0.428,0,flip_corkscrew,flipTwist,1.000,2,0.520 -0.278 0.201 -0.330 0.273 -0.180 -0.770 0.460 -0.808 0.381,-245.21,126.38,16.90,-0.46,-166.94,103.32,344,572,724,1132,-0.274,-0.331 -0.181 0.453 0.374,-1.0,0,0.000,0.000,0.4769,-0.58,corkscrew,0.600,119.7,281.4,203.3,Twist,Twist,117.5,117.6,169.0,,0.957,-79.0,5.1,0.00,-1.0,0.0,0,17441
420,7.0000,air,trick,-248.412,124.096,17.319,0.000,-46.117,3.331,46.237,46.117,16.206,0.00,0.00,0.00,0.00,0.000,2,corkscrew,0,0.00,0.00,0.00,-245.197,124.782,17.028,-167.96,-0.75,70.86,3.301,0.916,-0.03,1.00,0,0,0,0,0,0,-0.75,-11.10,-7.02,0.2948,0.2020,0.4239,1,3.301,0,0.427,0,flip_corkscrew,flipTwist,1.000,2,0.504 -0.309 0.159 -0.399 0.221 -0.276 -0.748 0.498 -0.780 0.435,-245.20,125.58,16.97,-0.61,-167.47,103.33,332,580,728,1128,-0.305,-0.400 -0.278 0.492 0.429,-1.0,0,0.000,0.000,0.4780,-0.55,corkscrew,0.617,123.0,299.1,203.3,Twist,Twist,120.9,121.1,169.6,,0.961,-79.5,5.1,0.00,-1.0,0.0,0,17499
421,7.0167,air,trick,-248.412,123.328,17.372,0.000,-46.025,3.151,46.133,46.025,16.259,0.00,0.00,0.00,0.00,0.000,2,corkscrew,0,0.00,0.00,0.00,-245.191,123.989,17.086,-168.41,-0.88,70.86,3.300,0.918,-0.03,1.00,0,0,0,0,0,0,-0.88,-11.25,-7.03,0.3108,0.1949,0.4231,1,3.300,0,0.427,0,flip_corkscrew,flipTwist,1.000,2,0.485 -0.339 0.123 -0.441 0.170 -0.352 -0.725 0.533 -0.748 0.489,-245.20,124.78,17.03,-0.75,-167.96,103.33,324,596,736,1124,-0.335,-0.441 -0.354 0.528 0.484,-1.0,0,0.000,0.000,0.4793,-0.52,corkscrew,0.633,126.4,315.0,203.3,Twist,Twist,124.4,124.6,170.2,,0.966,-80.0,5.0,0.00,-1.0,0.0,0,17552
422,7.0333,air,trick,-248.412,122.562,17.423,0.000,-45.933,2.971,46.029,45.933,16.310,0.00,0.00,0.00,0.00,0.000,2,corkscrew,0,0.00,0.00,0.00,-245.186,123.200,17.140,-168.82,-1.01,70.87,3.300,0.919,-0.03,1.00,0,0,0,0,0,0,-1.01,-11.39,-7.05,0.3231,0.1859,0.4187,1,3.300,0,0.426,0,flip_corkscrew,flipTwist,1.000,2,0.461 -0.372 0.089 -0.460 0.119 -0.406 -0.693 0.574 -0.708 0.548,-245.19,123.99,17.09,-0.88,-168.41,103.34,312,604,744,1120,-0.369,-0.460 -0.408 0.569 0.544,-1.0,0,0.000,0.000,0.4809,-0.50,corkscrew,0.650,129.8,328.7,203.3,Twist,Twist,128.4,128.7,170.7,,0.969,-80.4,4.9,0.00,-1.0,0.0,0,17600
423,7.0500,air,trick,-248.412,121.798,17.470,0.000,-45.841,2.791,45.926,45.841,16.357,0.00,0.00,0.00,0.00,0.000,2,corkscrew,0,0.00,0.00,0.00,-245.182,122.415,17.192,-169.19,-1.12,70.87,3.300,0.920,-0.03,1.00,0,0,0,0,0,0,-1.12,-11.53,-7.07,0.3351,0.1750,0.4099,1,3.300,0,0.426,0,flip_corkscrew,flipTwist,1.000,2,0.434 -0.404 0.031 -0.459 0.041 -0.439 -0.651 0.622 -0.656 0.610,-245.19,123.20,17.14,-1.01,-168.82,103.34,300,600,756,1116,-0.401,-0.458 -0.441 0.617 0.607,-1.0,0,0.000,0.000,0.4831,-0.47,corkscrew,0.667,133.2,340.2,203.3,Twist,Twist,132.5,132.8,171.0,,0.972,-80.8,4.8,0.00,-1.0,0.0,0,17642
424,7.0667,air,trick,-248.412,121.035,17.514,0.000,-45.749,2.611,45.824,45.749,16.401,0.00,0.00,0.00,0.00,0.000,2,corkscrew,0,0.00,0.00,0.00,-245.178,121.632,17.240,-169.54,-1.23,70.88,3.300,0.921,-0.03,1.00,0,0,0,0,0,0,-1.23,-11.67,-7.08,0.3417,0.1625,0.3988,1,3.300,0,0.425,0,flip_corkscrew,flipTwist,1.000,2,0.407 -0.432 -0.059 -0.441 -0.060 -0.440 -0.598 0.673 -0.595 0.671,-245.18,122.41,17.19,-1.12,-169.19,103.35,284,600,772,1108,-0.429,-0.441 -0.441 0.668 0.668,-1.0,0,0.000,0.000,0.4859,-0.45,corkscrew,0.683,136.6,349.1,199.3,Twist,Twist,136.3,136.7,171.3,,0.975,-81.2,4.8,0.00,-1.0,0.0,0,17680
425,7.0833,air,trick,-248.412,120.273,17.555,0.000,-45.658,2.431,45.723,45.658,16.442,0.00,0.00,0.00,0.00,0.000,2,corkscrew,0,0.00,0.00,0.00,-245.175,120.853,17.284,-169.85,-1.33,70.88,3.300,0.921,-0.03,1.00,0,0,0,0,0,0,-1.33,-11.80,-7.10,0.3420,0.1491,0.3860,1,3.300,0,0.425,0,flip_corkscrew,flipTwist,1.000,2,0.380 -0.456 -0.164 -0.412 -0.145 -0.402 -0.537 0.722 -0.528 0.726,-245.18,121.63,17.24,-1.23,-169.54,103.35,268,604,788,1104,-0.454,-0.414 -0.400 0.717 0.724,-1.0,0,0.000,0.000,0.4891,-0.43,corkscrew,0.700,139.8,355.5,185.8,Twist,Twist,139.8,140.2,171.9,,0.978,-81.5,4.7,0.00,-1.0,0.0,0,17714
426,7.1000,air,trick,-248.412,119.514,17.594,0.000,-45.567,2.251,45.622,45.567,16.481,0.00,0.00,0.00,0.00,0.000,2,corkscrew,0,0.00,0.00,0.00,-245.172,120.077,17.326,-170.14,-1.43,70.89,3.300,0.920,-0.03,1.00,0,0,0,0,0,0,-1.43,-11.92,-7.12,0.3520,0.1356,0.3802,1,3.300,0,0.425,0,flip_corkscrew,flipSwan,1.000,2,0.355 -0.476 -0.242 -0.386 -0.162 -0.340 -0.471 0.766 -0.459 0.772,-245.17,120.85,17.28,-1.33,-169.85,103.36,256,612,808,1096,-0.474,-0.392 -0.333 0.761 0.770,-1.0,0,0.000,0.000,0.4924,-0.41,corkscrew,0.717,142.7,359.1,167.9,Swan,Twist,142.9,143.3,172.7,,0.980,-81.8,4.7,0.00,-1.0,0.0,0,17745
427,7.1167,air,trick,-248.412,118.755,17.629,0.000,-45.476,2.071,45.523,45.476,16.516,0.00,0.00,0.00,0.00,0.000,2,corkscrew,0,0.00,0.00,0.00,-245.169,119.304,17.364,-170.40,-1.51,70.89,3.300,0.919,-0.03,1.00,0,0,0,0,0,0,-1.51,-12.05,-7.13,0.3639,0.1230,0.3776,1,3.300,0,0.424,0,flip_corkscrew,flipSwan,1.000,2,0.333 -0.492 -0.233 -0.377 -0.083 -0.297 -0.404 0.802 -0.392 0.809,-245.17,120.08,17.33,-1.43,-170.14,103.36,244,616,828,1088,-0.490,-0.389 -0.284 0.798 0.807,-1.0,0,0.000,0.000,0.4957,-0.39,corkscrew,0.733,145.4,360.0,149.7,Swan,Twist,145.5,145.9,173.3,,0.983,-82.1,4.6,0.00,-1.0,0.0,0,17773
428,7.1333,air,trick,-248.412,117.999,17.661,0.000,-45.385,1.891,45.424,45.385,16.548,0.00,0.00,0.00,0.00,0.000,2,corkscrew,0,0.00,0.00,0.00,-245.166,118.534,17.399,-170.64,-1.59,70.90,3.300,0.918,-0.03,1.00,0,0,0,0,0,0,-1.59,-12.16,-7.15,0.3729,0.1119,0.3755,1,3.300,0,0.424,0,flip_corkscrew,flipSwan,1.000,2,0.314 -0.503 -0.125 -0.400 0.073 -0.303 -0.341 0.831 -0.329 0.837,-245.17,119.30,17.36,-1.51,-170.40,103.37,232,620,844,1080,-0.502,-0.417 -0.284 0.827 0.835,-1.0,0,0.000,0.000,0.4987,-0.37,corkscrew,0.750,147.7,360.0,133.7,Swan,Twist,147.7,148.1,173.7,,0.984,-82.3,4.6,0.00,-1.0,0.0,0,17797
429,7.1500,air,trick,-248.412,117.243,17.690,0.000,-45.294,1.711,45.326,45.294,16.577,0.00,0.00,0.00,0.00,0.000,2,corkscrew,0,0.00,0.00,0.00,-245.164,117.766,17.431,-170.86,-1.67,70.90,3.300,0.916,-0.03,1.00,0,0,0,0,0,0,-1.67,-12.28,-7.17,0.3798,0.1139,0.3739,1,3.300,0,0.424,0,flip_corkscrew,flipSwan,1.000,2,0.298 -0.512 0.026 -0.447 0.244 -0.350 -0.282 0.852 -0.270 0.858,-245.17,118.53,17.40,-1.59,-170.64,103.37,224,624,864,1076,-0.511,-0.467 -0.328 0.849 0.856,-1.0,0,0.000,0.000,0.5075,-0.35,corkscrew,0.767,149.9,360.0,120.4,Swan,Twist,149.5,149.8,174.2,,0.986,-82.6,4.5,0.00,-1.0,0.0,0,17819
430,7.1667,air,trick,-248.412,116.490,17.717,0.000,-45.203,1.531,45.229,45.203,16.604,0.00,0.00,0.00,0.00,0.000,2,corkscrew,0,0.00,0.00,0.00,-245.162,117.001,17.460,-171.06,-1.74,70.90,3.300,0.914,-0.03,1.00,0,0,0,0,0,0,-1.74,-12.39,-7.18,0.3867,0.1339,0.3727,1,3.300,0,0.423,0,flip_corkscrew,flipSwan,1.000,2,0.285 -0.519 0.158 -0.497 0.374 -0.409 -0.220 0.870 -0.207 0.875,-245.16,117.77,17.43,-1.67,-170.86,103.38,216,628,884,1108,-0.518,-0.518 -0.386 0.867 0.874,-1.0,0,0.000,0.000,0.5258,-0.33,corkscrew,0.783,151.8,360.0,110.1,Swan,Twist,150.9,151.2,174.6,,0.988,-82.8,4.5,0.00,-1.0,0.0,0,17839
431,7.1833,air,trick,-248.412,115.737,17.740,0.000,-45.113,1.351,45.133,45.113,16.627,0.00,0.00,0.00,0.00,0.000,2,corkscrew,0,0.00,0.00,0.00,-245.160,116.238,17.485,-171.25,-1.80,70.91,3.300,0.911,-0.03,1.00,1,0,0,0,0,0,-1.80,-12.49,-7.20,0.4076,0.1396,0.3792,1,3.300,0,0.423,0,flip_corkscrew,flipSwan,1.000,2,0.275 -0.524 0.239 -0.532 0.448 -0.457 -0.159 0.883 -0.145 0.888,-245.16,117.00,17.46,-1.74,-171.06,103.38,212,628,904,1136,-0.523,-0.553 -0.433 0.880 0.888,-1.0,0,0.000,0.000,0.5369,-0.32,corkscrew,0.800,153.5,360.0,102.5,Swan,Twist,152.0,152.3,175.0,,0.989,-83.0,4.4,0.00,-1.0,0.0,0,17856
432,7.2000,air,trick,-248.412,114.987,17.760,0.000,-45.023,1.171,45.038,45.023,16.647,0.00,0.00,0.00,0.00,0.000,2,corkscrew,0,0.00,0.00,0.00,-245.159,115.477,17.507,-171.42,-1.86,70.91,3.300,0.909,-0.03,1.00,1,0,0,0,0,0,-1.86,-12.60,-7.22,0.4194,0.1336,0.3821,1,3.300,0,0.423,0,flip_corkscrew,flipSwan,1.000,2,0.263 -0.530 0.260 -0.548 0.462 -0.484 -0.097 0.892 -0.081 0.897,-245.16,116.24,17.49,-1.80,-171.25,103.39,208,632,920,1136,-0.529,-0.570 -0.460 0.888 0.897,-1.0,0,0.000,0.000,0.5423,-0.30,corkscrew,0.817,155.2,360.0,97.5,Swan,Twist,153.4,153.7,175.4,,0.990,-83.2,4.4,0.00,-1.0,0.0,0,17872
433,7.2167,air,trick,-248.412,114.237,17.777,0.000,-44.933,0.991,44.944,44.933,16.664,0.00,0.00,0.00,0.00,0.000,2,corkscrew,0,0.00,0.00,0.00,-245.157,114.719,17.527,-171.58,-1.92,70.92,3.300,0.906,-0.03,1.00,1,0,0,0,0,0,-1.92,-12.69,-7.23,0.4257,0.1221,0.3834,1,3.300,0,0.423,0,flip_corkscrew,flipSwan,1.000,2,0.247 -0.538 0.245 -0.553 0.444 -0.499 -0.031 0.895 -0.012 0.901,-245.16,115.48,17.51,-1.86,-171.42,103.39,204,632,932,1132,-0.537,-0.576 -0.474 0.891 0.901,-1.0,0,0.000,0.000,0.5448,-0.29,corkscrew,0.833,156.8,360.0,95.1,Swan,Swan,155.1,155.4,175.7,,0.991,-83.3,4.4,0.00,-1.0,0.0,0,17886
434,7.2333,air,trick,-248.412,113.490,17.792,0.000,-44.843,0.811,44.850,44.843,16.679,0.00,0.00,0.00,0.00,0.000,2,corkscrew,0,0.00,0.00,0.00,-245.156,113.963,17.543,-171.73,-1.97,70.92,3.300,0.903,-0.03,1.00,1,0,0,0,0,0,-1.97,-12.79,-7.25,0.4304,0.1173,0.3852,1,3.300,0,0.422,0,flip_corkscrew,flipSwan,1.000,2,0.231 -0.545 0.231 -0.559 0.427 -0.512 0.036 0.894 0.058 0.899,-245.16,114.72,17.53,-1.92,-171.58,103.40,204,636,936,1124,-0.544,-0.582 -0.487 0.890 0.900,-1.0,0,0.000,0.000,0.5441,-0.27,corkscrew,0.850,158.4,360.0,94.9,Swan,Swan,156.8,157.0,176.0,,0.992,-83.5,4.3,0.00,-1.0,0.0,0,17899
435,7.2500,air,trick,-248.412,112.743,17.803,0.000,-44.753,0.631,44.758,44.753,16.690,0.00,0.00,0.00,0.00,0.000,2,corkscrew,0,0.00,0.00,0.00,-245.155,113.209,17.555,-171.86,-2.01,70.92,3.300,0.900,-0.03,1.00,1,0,0,0,0,0,-2.01,-12.88,-7.27,0.4333,0.1142,0.3877,1,3.300,0,0.422,0,flip_corkscrew,flipSwan,1.000,2,0.215 -0.551 0.216 -0.564 0.410 -0.526 0.101 0.888 0.126 0.893,-245.16,113.96,17.54,-1.97,-171.73,103.40,204,636,936,1120,-0.550,-0.588 -0.500 0.883 0.894,-1.0,0,0.000,0.000,0.5425,-0.26,corkscrew,0.867,160.0,360.0,94.9,Swan,Swan,158.4,158.7,176.3,,0.993,-83.6,4.3,0.00,-1.0,0.0,0,17910
436,7.2667,air,trick,-248.412,111.998,17.811,0.000,-44.664,0.451,44.666,44.664,16.698,0.00,0.00,0.00,0.00,0.000,2,corkscrew,0,0.00,0.00,0.00,-245.153,112.457,17.565,-171.99,-2.05,70.93,3.300,0.896,-0.03,1.00,1,0,0,0,0,0,-2.05,-12.96,-7.28,0.4351,0.1110,0.3907,1,3.300,0,0.422,0,flip_corkscrew,flipSwan,1.000,2,0.199 -0.557 0.201 -0.568 0.392 -0.538 0.161 0.877 0.188 0.882,-245.15,113.21,17.56,-2.01,-171.86,103.40,204,640,936,1112,-0.557,-0.593 -0.512 0.872 0.884,-1.0,0,0.000,0.000,0.5409,-0.25,corkscrew,0.883,161.6,360.0,94.9,Swan,Swan,160.1,160.4,176.6,,0.994,-83.7,4.3,0.00,-1.0,0.0,0,17920
437,7.2833,air,trick,-248.412,111.255,17.817,0.000,-44.575,0.271,44.575,44.575,16.704,0.00,0.00,0.00,0.00,0.000,2,corkscrew,0,0.00,0.00,0.00,-245.152,111.707,17.572,-172.10,-2.09,70.93,3.300,0.893,-0.03,1.00,1,0,0,0,0,0,-2.09,-13.04,-7.30,0.4360,0.1078,0.3939,1,3.300,0,0.422,0,flip_corkscrew,flipSwan,1.000,2,0.182 -0.563 0.185 -0.573 0.375 -0.550 0.213 0.865 0.241 0.868,-245.15,112.46,17.57,-2.05,-171.99,103.41,208,640,936,1108,-0.562,-0.598 -0.523 0.860 0.871,-1.0,0,0.000,0.000,0.5393,-0.23,corkscrew,0.900,163.1,360.0,94.9,Swan,Swan,161.8,162.0,176.9,,0.995,-83.9,4.3,0.00,-1.0,0.0,0,17929
438,7.3000,air,trick,-248.412,110.513,17.819,0.000,-44.486,0.091,44.486,44.486,16.706,0.00,0.00,0.00,0.00,0.000,2,corkscrew,0,0.00,0.00,0.00,-245.151,110.959,17.575,-172.21,-2.13,70.93,3.300,0.889,-0.03,1.00,1,0,0,0,0,0,-2.13,-13.12,-7.32,0.4366,0.1046,0.3971,1,3.300,0,0.422,0,flip_corkscrew,flipSwan,1.000,2,0.166 -0.568 0.170 -0.577 0.357 -0.560 0.253 0.853 0.283 0.856,-245.15,111.71,17.57,-2.09,-172.10,103.41,212,640,936,1100,-0.567,-0.603 -0.534 0.848 0.859,-1.0,0,0.000,0.000,0.5377,-0.22,corkscrew,0.917,164.7,360.0,94.9,Swan,Swan,163.5,163.7,177.1,,0.995,-84.0,4.2,0.00,-1.0,0.0,0,17936
439,7.3167,air,trick,-248.412,109.773,17.818,0.000,-44.397,-0.089,44.397,44.397,16.705,0.00,0.00,0.00,0.00,0.000,2,corkscrew,0,0.00,0.00,0.00,-245.151,110.213,17.576,-172.31,-2.16,70.94,3.300,0.886,-0.03,1.00,1,0,0,0,0,0,-2.16,-13.19,-7.33,0.4377,0.1014,0.3998,1,3.300,0,0.421,0,flip_corkscrew,flipSwan,1.000,2,0.149 -0.572 0.154 -0.581 0.339 -0.571 0.280 0.845 0.310 0.846,-245.15,110.96,17.58,-2.13,-172.21,103.41,212,644,936,1096,-0.572,-0.608 -0.544 0.839 0.849,-1.0,0,0.000,0.000,0.5360,-0.21,corkscrew,0.933,166.3,360.0,94.9,Swan,Swan,165.2,165.4,177.4,,0.996,-84.1,4.2,0.00,-1.0,0.0,0,17943
440,7.3333,air,trick,-248.412,109.034,17.814,0.000,-44.308,-0.269,44.309,44.308,16.701,0.00,0.00,0.00,0.00,0.000,2,corkscrew,0,0.00,0.00,0.00,-245.150,109.469,17.573,-172.40,-2.19,70.94,3.300,0.882,-0.03,1.00,1,0,0,0,0,0,-2.19,-13.26,-7.35,0.4385,0.0981,0.4024,1,3.300,0,0.421,0,flip_corkscrew,flipSwan,1.000,2,0.133 -0.577 0.137 -0.585 0.321 -0.580 0.305 0.836 0.335 0.837,-245.15,110.21,17.58,-2.16,-172.31,103.42,216,644,936,1088,-0.576,-0.612 -0.553 0.830 0.840,-1.0,0,0.000,0.000,0.5343,-0.20,corkscrew,0.950,167.9,360.0,94.9,Swan,Swan,166.8,167.0,177.6,,0.996,-84.1,4.2,0.00,-1.0,0.0,0,17950
441,7.3500,air,trick,-248.412,108.297,17.808,0.000,-44.219,-0.449,44.222,44.219,16.695,0.00,0.00,0.00,0.00,0.000,2,corkscrew,0,0.00,0.00,0.00,-245.149,108.727,17.567,-172.49,-2.22,70.94,3.300,0.878,-0.03,1.00,1,0,0,0,0,0,-2.22,-13.32,-7.37,0.4389,0.0949,0.4050,1,3.300,0,0.421,0,flip_corkscrew,flipSwan,1.000,2,0.116 -0.580 0.121 -0.589 0.303 -0.589 0.329 0.827 0.359 0.827,-245.15,109.47,17.57,-2.19,-172.40,103.42,216,644,936,1084,-0.580,-0.616 -0.561 0.821 0.830,-1.0,0,0.000,0.000,0.5327,-0.19,corkscrew,0.967,169.5,360.0,94.9,Swan,Swan,168.5,168.7,177.8,,0.997,-84.2,4.2,0.00,-1.0,0.0,0,17955
442,7.3667,air,trick,-248.412,107.561,17.798,0.000,-44.131,-0.629,44.135,44.131,16.685,0.00,0.00,0.00,0.00,0.000,2,corkscrew,0,0.00,0.00,0.00,-245.148,107.987,17.558,-172.57,-2.25,70.95,3.300,0.874,-0.03,1.00,1,0,0,0,0,0,-2.25,-13.38,-7.38,0.4388,0.0916,0.4075,1,3.300,0,0.421,0,flip_corkscrew,flipSwan,1.000,2,0.099 -0.583 0.104 -0.592 0.285 -0.597 0.353 0.817 0.383 0.816,-245.15,108.73,17.57,-2.22,-172.49,103.42,220,644,932,1076,-0.583,-0.620 -0.569 0.811 0.819,-1.0,0,0.000,0.000,0.5310,-0.18,corkscrew,0.983,171.0,360.0,94.9,Swan,Swan,170.2,170.4,177.9,,0.997,-84.3,4.2,0.00,-1.0,0.0,0,17960
443,7.3833,air,trick,-248.412,106.827,17.785,0.000,-44.043,-0.809,44.050,44.043,16.672,0.00,0.00,0.00,0.00,0.000,2,corkscrew,0,0.00,0.00,0.00,-245.148,107.248,17.547,-172.65,-2.27,70.95,3.300,0.870,-0.03,1.00,1,0,0,0,0,0,-2.27,-13.44,-7.40,0.4387,0.0889,0.4096,1,3.300,0,0.421,0,flip_corkscrew,flipSwan,1.000,2,0.086 -0.585 0.091 -0.594 0.270 -0.603 0.372 0.808 0.402 0.807,-245.15,107.99,17.56,-2.25,-172.57,103.43,220,644,932,1072,-0.585,-0.622 -0.575 0.802 0.810,-1.0,0,0.000,0.000,0.5296,-0.17,corkscrew,1.000,172.6,360.0,94.9,Swan,Swan,171.5,171.7,178.1,,0.997,-84.4,4.1,0.00,-1.0,0.0,0,17965
444,7.4000,air,trick,-248.412,106.094,17.769,0.000,-43.955,-0.989,43.966,43.955,16.656,0.00,0.00,0.00,0.00,0.000,2,corkscrew,0,0.00,0.00,0.00,-245.147,106.511,17.532,-172.72,-2.29,70.95,3.300,0.865,-0.03,1.00,1,0,0,0,0,0,-2.29,-13.49,-7.42,0.4396,0.0879,0.4090,1,3.300,0,0.421,0,flip_corkscrew,flipSwan,1.000,2,0.084 -0.586 0.084 -0.590 0.261 -0.604 0.368 0.811 0.398 0.808,-245.15,107.25,17.55,-2.27,-172.65,103.43,224,648,932,1080,-0.586,-0.619 -0.576 0.805 0.812,-1.0,0,0.000,0.000,0.5291,-0.16,corkscrew,1.017,174.2,360.0,94.9,Swan,Swan,171.7,171.8,178.2,,0.998,-84.4,4.1,0.00,-1.0,0.0,0,17969
445,7.4167,air,trick,-248.412,105.362,17.751,0.000,-43.867,-1.169,43.882,43.867,16.638,0.00,0.00,0.00,0.00,0.000,2,corkscrew,0,0.00,0.00,0.00,-245.147,105.775,17.513,-172.79,-2.31,70.95,3.300,0.861,-0.03,1.00,1,0,0,0,0,0,-2.31,-13.54,-7.43,0.4399,0.0846,0.4055,1,3.300,0,0.421,0,flip_corkscrew,flipSwan,1.000,2,0.075 -0.588 0.037 -0.580 0.216 -0.597 0.344 0.822 0.374 0.819,-245.15,106.51,17.53,-2.29,-172.72,103.43,224,648,932,1076,-0.588,-0.609 -0.568 0.816 0.823,-1.0,0,0.000,0.000,0.5276,-0.16,corkscrew,1.033,175.8,360.0,94.9,Swan,Swan,172.5,172.7,178.4,,0.998,-84.5,4.1,0.00,-1.0,0.0,0,17972
446,7.4333,air,trick,-248.412,104.632,17.729,0.000,-43.779,-1.349,43.800,43.779,16.616,0.00,0.00,0.00,0.00,0.000,2,corkscrew,0,0.00,0.00,0.00,-245.146,105.042,17.492,-172.85,-2.33,70.96,3.300,0.857,-0.03,1.00,1,0,0,0,0,0,-2.33,-13.58,-7.45,0.4366,0.0880,0.3986,1,3.300,0,0.421,0,flip_corkscrew,flipSwan,1.000,2,0.058 -0.590 -0.048 -0.559 0.131 -0.580 0.306 0.838 0.336 0.835,-245.15,105.78,17.51,-2.31,-172.79,103.43,220,648,928,1072,-0.590,-0.588 -0.551 0.832 0.838,-1.0,0,0.000,0.000,0.5206,-0.15,corkscrew,1.050,177.4,360.0,97.5,Swan,Swan,174.2,174.4,178.5,,0.998,-84.5,4.1,0.00,-1.0,0.0,0,17975
447,7.4500,air,trick,-248.412,103.904,17.704,0.000,-43.692,-1.529,43.718,43.692,16.591,0.00,0.00,0.00,0.00,0.000,2,corkscrew,0,0.00,0.00,0.00,-245.146,104.310,17.468,-172.91,-2.34,70.96,3.300,0.853,-0.03,1.00,1,0,0,0,0,0,-2.34,-13.62,-7.47,0.4253,0.0934,0.3874,1,3.300,0,0.421,0,flip_corkscrew,flipSwan,1.000,2,0.032 -0.592 -0.162 -0.522 0.013 -0.547 0.260 0.855 0.290 0.851,-245.15,105.04,17.49,-2.33,-172.85,103.44,212,648,904,1060,-0.592,-0.551 -0.517 0.849 0.855,-1.0,0,0.000,0.000,0.5115,-0.14,corkscrew,1.067,179.1,360.0,103.6,Swan,Swan,176.6,176.9,178.6,,0.998,-84.6,4.1,0.00,-1.0,0.0,0,17978
448,7.4667,air,trick,-248.412,103.176,17.676,0.000,-43.604,-1.709,43.638,43.604,16.563,0.00,0.00,0.00,0.00,0.000,2,corkscrew,0,0.00,0.00,0.00,-245.145,103.579,17.441,-172.97,-2.36,70.96,3.300,0.848,-0.03,1.00,1,0,0,0,0,0,-2.36,-13.66,-7.48,0.4084,0.1008,0.3739,1,3.300,0,0.421,0,flip_corkscrew,flipTuck,1.000,2,-0.001 -0.591 -0.288 -0.467 -0.123 -0.493 0.212 0.869 0.242 0.865,-245.15,104.31,17.47,-2.34,-172.91,103.44,208,644,880,1048,-0.591,-0.494 -0.465 0.864 0.869,-1.0,0,0.000,0.000,0.5010,-0.13,corkscrew,1.083,180.9,360.0,113.6,Tuck,Swan,178.7,-179.8,178.7,,0.999,-84.6,4.1,0.00,-1.0,0.0,0,17981
449,7.4833,air,trick,-248.412,102.451,17.646,0.000,-43.517,-1.889,43.558,43.517,16.533,0.00,0.00,0.00,0.00,0.000,2,corkscrew,0,0.00,0.00,0.00,-245.145,102.851,17.411,-173.03,-2.37,70.96,3.300,0.844,-0.03,1.00,1,0,0,0,0,0,-2.37,-13.69,-7.50,0.4111,0.1174,0.3715,1,3.300,0,0.421,0,flip_corkscrew,flipTuck,1.000,2,-0.041 -0.586 -0.399 -0.395 -0.252 -0.421 0.169 0.880 0.199 0.874,-245.15,103.58,17.44,-2.36,-172.97,103.44,204,644,844,1036,-0.586,-0.419 -0.395 0.874 0.879,-1.0,0,0.000,0.000,0.4867,-0.13,corkscrew,1.100,182.9,360.0,128.5,Tuck,Swan,175.8,-175.9,178.8,,0.999,-84.6,4.1,0.00,-1.0,0.0,0,17983
450,7.5000,air,trick,-248.412,101.727,17.612,0.000,-43.430,-2.069,43.479,43.430,16.499,0.00,0.00,0.00,0.00,0.000,2,corkscrew,0,0.00,0.00,0.00,-245.144,102.123,17.377,-173.08,-2.38,70.96,3.300,0.840,-0.03,1.00,1,0,0,0,0,0,-2.38,-13.72,-7.52,0.4113,0.1264,0.3692,1,3.300,0,0.421,0,flip_corkscrew,flipTuck,1.000,2,-0.087 -0.576 -0.476 -0.315 -0.352 -0.338 0.139 0.886 0.169 0.880,-245.14,102.85,17.41,-2.37,-173.03,103.44,200,640,824,1024,-0.576,-0.335 -0.316 0.880 0.885,-1.0,0,0.000,0.000,0.4780,-0.12,corkscrew,1.117,185.2,360.0,150.7,Tuck,Swan,171.3,-171.3,178.9,,0.999,-84.7,4.1,0.00,-1.0,0.0,0,17985
451,7.5167,air,trick,-248.412,101.004,17.575,0.000,-43.343,-2.249,43.402,43.343,16.462,0.00,0.00,0.00,0.00,0.000,2,corkscrew,0,0.00,0.00,0.00,-245.144,101.398,17.341,-173.13,-2.40,70.97,3.300,0.835,-0.03,1.00,1,0,0,0,0,0,-2.40,-13.74,-7.53,0.4100,0.1270,0.3664,1,3.300,0,0.420,0,flip_corkscrew,flipTuck,1.000,2,-0.138 -0.561 -0.516 -0.235 -0.415 -0.256 0.108 0.889 0.140 0.883,-245.14,102.12,17.38,-2.38,-173.08,103.44,192,636,816,1012,-0.560,-0.251 -0.237 0.883 0.888,-1.0,0,0.000,0.000,0.4740,-0.12,corkscrew,1.133,188.0,360.0,184.7,Tuck,Swan,166.1,-166.1,179.0,,0.999,-84.7,4.1,0.00,-1.0,0.0,0,17986
452,7.5333,air,trick,-248.412,100.283,17.536,0.000,-43.257,-2.429,43.325,43.257,16.423,0.00,0.00,0.00,0.00,0.000,2,corkscrew,0,0.00,0.00,0.00,-245.144,100.674,17.302,-173.18,-2.41,70.97,3.300,0.831,-0.03,1.00,1,0,0,0,0,0,-2.41,-13.76,-7.55,0.4069,0.1219,0.3632,1,3.300,0,0.420,0,flip_corkscrew,flipTuck,1.000,2,-0.194 -0.538 -0.533 -0.160 -0.448 -0.178 0.064 0.886 0.099 0.878,-245.14,101.40,17.34,-2.40,-173.13,103.45,192,628,816,996,-0.538,-0.173 -0.162 0.880 0.884,-1.0,0,0.000,0.000,0.4719,-0.11,corkscrew,1.150,191.4,360.0,238.6,Tuck,Swan,160.0,-160.0,179.1,,0.999,-84.7,4.1,0.00,-1.0,0.0,0,17988
453,7.5500,air,trick,-248.412,99.563,17.493,0.000,-43.170,-2.609,43.249,43.170,16.380,0.00,0.00,0.00,0.00,0.000,2,corkscrew,0,0.00,0.00,0.00,-245.143,99.951,17.259,-173.22,-2.42,70.97,3.300,0.826,-0.03,1.00,1,0,0,0,0,0,-2.42,-13.77,-7.57,0.3978,0.1157,0.3611,1,3.300,0,0.420,0,flip_corkscrew,flipTuck,1.000,2,-0.256 -0.508 -0.539 -0.088 -0.465 -0.106 0.015 0.864 0.057 0.854,-245.14,100.67,17.30,-2.41,-173.18,103.45,192,624,820,996,-0.507,-0.100 -0.091 0.857 0.862,-1.0,0,0.000,0.000,0.4709,-0.11,corkscrew,1.167,196.1,360.0,324.9,Tuck,Swan,153.0,-153.1,179.2,,0.999,-84.8,4.1,0.00,-1.0,0.0,0,17989
454,7.5667,air,trick,-248.412,98.844,17.447,0.000,-43.084,-2.789,43.174,43.084,16.334,0.00,0.00,0.00,0.00,0.000,2,corkscrew,0,0.00,0.00,0.00,-245.143,99.230,17.214,-173.27,-2.42,70.97,3.300,0.822,-0.03,1.00,1,0,0,0,0,0,-2.42,-13.78,-7.58,0.3784,0.1094,0.3631,1,3.300,0,0.420,0,flip_corkscrew,flipTuck,1.000,2,-0.315 -0.473 -0.545 -0.025 -0.472 -0.043 -0.041 0.806 0.007 0.794,-245.14,99.95,17.26,-2.42,-173.22,103.45,204,616,820,996,-0.472,-0.036 -0.028 0.798 0.803,-1.0,0,0.000,0.000,0.4693,-0.10,corkscrew,1.183,202.5,360.0,453.4,Tuck,Swan,146.1,-146.1,179.2,,0.999,-84.8,4.1,0.00,-1.0,0.0,0,17991
455,7.5833,air,trick,-248.412,98.127,17.398,0.000,-42.998,-2.969,43.100,42.998,16.285,0.00,0.00,0.00,0.00,0.000,2,corkscrew,0,0.00,0.00,0.00,-245.143,98.511,17.165,-173.31,-2.43,70.97,3.300,0.818,-0.03,1.00,1,0,0,0,0,0,-2.43,-13.79,-7.60,0.3408,0.1034,0.3699,1,3.300,0,0.420,0,flip_corkscrew,flipTuck,1.000,2,-0.383 -0.419 -0.543 0.054 -0.471 0.035 -0.082 0.702 -0.031 0.689,-245.14,99.23,17.21,-2.42,-173.27,103.45,236,604,824,996,-0.418,0.043 0.050 0.693 0.698,-1.0,0,0.000,0.000,0.4692,-0.10,corkscrew,1.200,211.2,360.0,578.0,Tuck,Tuck,137.3,-137.3,179.3,,0.999,-84.8,4.0,0.00,-1.0,0.0,0,17992
456,7.6000,air,trick,-248.412,97.412,17.347,0.000,-42.912,-3.149,43.027,42.912,16.234,0.00,0.00,0.00,0.00,0.000,2,corkscrew,0,0.00,0.00,0.00,-245.142,97.793,17.114,-173.35,-2.44,70.97,3.300,0.813,-0.03,1.00,1,0,0,0,0,0,-2.44,-13.79,-7.62,0.2870,0.1046,0.3796,1,3.300,0,0.420,0,flip_corkscrew,flipTuck,1.000,2,-0.451 -0.343 -0.527 0.145 -0.454 0.125 -0.092 0.566 -0.041 0.553,-245.14,98.51,17.17,-2.43,-173.31,103.45,272,588,820,996,-0.342,0.133 0.140 0.558 0.563,-1.0,0,0.000,0.000,0.4690,-0.09,corkscrew,1.217,221.5,360.0,650.2,Tuck,Tuck,127.0,-127.0,179.4,,0.999,-84.8,4.0,0.00,-1.0,0.0,0,17993
457,7.6167,air,trick,-248.412,96.698,17.292,0.000,-42.826,-3.329,42.955,42.826,16.179,0.00,0.00,0.00,0.00,0.000,2,corkscrew,0,0.00,0.00,0.00,-245.142,97.077,17.059,-173.39,-2.45,70.97,3.300,0.809,-0.03,1.00,1,0,0,0,0,0,-2.45,-13.79,-7.63,0.2265,0.1112,0.3876,1,3.300,0,0.420,0,flip_corkscrew,flipTuck,1.000,2,-0.509 -0.247 -0.490 0.240 -0.418 0.220 -0.068 0.433 -0.022 0.421,-245.14,97.79,17.11,-2.44,-173.35,103.45,312,564,800,996,-0.245,0.228 0.235 0.425 0.429,-1.0,0,0.000,0.000,0.4697,-0.09,corkscrew,1.233,232.8,360.0,701.9,Tuck,Tuck,115.6,-115.6,179.4,,0.999,-84.8,4.0,0.00,-1.0,0.0,0,17993
458,7.6333,air,trick,-248.412,95.985,17.234,0.000,-42.740,-3.509,42.884,42.740,16.121,0.00,0.00,0.00,0.00,0.000,2,corkscrew,0,0.00,0.00,0.00,-245.142,96.362,17.002,-173.43,-2.45,70.97,3.300,0.804,-0.03,1.00,1,0,0,0,0,0,-2.45,-13.78,-7.65,0.2037,0.1158,0.3751,1,3.300,0,0.420,0,flip_corkscrew,flipTuck,1.000,2,-0.549 -0.136 -0.433 0.329 -0.360 0.308 -0.029 0.327 0.011 0.315,-245.14,97.08,17.06,-2.45,-173.39,103.45,344,540,784,996,-0.134,0.317 0.324 0.319 0.323,-1.0,0,0.000,0.000,0.4727,-0.08,corkscrew,1.250,244.6,360.0,711.5,Tuck,Tuck,103.7,-103.7,179.5,,1.000,-84.9,4.0,0.00,-1.0,0.0,0,17994
459,7.6500,air,trick,-248.412,95.274,17.173,0.000,-42.655,-3.689,42.814,42.655,16.060,0.00,0.00,0.00,0.00,0.000,2,corkscrew,0,0.00,0.00,0.00,-245.142,95.648,16.941,-173.46,-2.46,70.97,3.300,0.800,-0.02,1.00,1,0,0,0,0,0,-2.46,-13.77,-7.67,0.2022,0.1214,0.3595,1,3.300,0,0.420,0,flip_corkscrew,flipTuck,1.000,2,-0.564 -0.019 -0.358 0.405 -0.286 0.384 0.007 0.254 0.044 0.243,-245.14,96.36,17.00,-2.45,-173.43,103.45,324,520,776,1000,-0.017,0.393 0.399 0.247 0.250,-1.0,0,0.000,0.000,0.4745,-0.08,corkscrew,1.267,256.5,360.0,711.5,Tuck,Tuck,91.7,-91.7,179.8,,1.000,-84.9,4.0,0.00,-1.0,0.0,0,17995
460,7.6667,air,trick,-248.412,94.564,17.110,0.000,-42.570,-3.869,42.745,42.570,15.997,0.00,0.00,0.00,0.00,0.000,2,corkscrew,0,0.00,0.00,0.00,-245.141,94.936,16.878,-173.50,-2.46,70.97,3.300,0.796,-0.02,1.00,1,0,0,0,0,0,-2.46,-13.76,-7.68,0.2032,0.1251,0.3509,1,3.300,0,0.420,0,flip_corkscrew,flipTuck,1.000,2,-0.556 0.099 -0.270 0.464 -0.198 0.442 0.043 0.216 0.078 0.206,-245.14,95.65,16.94,-2.46,-173.46,103.45,312,500,772,1012,0.101,0.451 0.457 0.210 0.212,-1.0,0,0.000,0.000,0.4770,-0.07,corkscrew,1.283,268.3,360.0,709.1,Tuck,Tuck,79.8,-79.8,-0.5,,1.000,-84.9,4.0,0.00,-1.0,0.0,0,17995
461,7.6833,air,trick,-248.412,93.855,17.043,0.000,-42.485,-4.049,42.677,42.485,15.930,0.00,0.00,0.00,0.00,0.000,2,corkscrew,0,0.00,0.00,0.00,-245.141,94.226,16.811,-173.54,-2.47,70.97,3.300,0.791,-0.02,1.00,1,0,0,0,0,0,-2.47,-13.74,-7.70,0.2015,0.1259,0.3470,1,3.300,0,0.420,0,flip_corkscrew,flipTuck,1.000,2,-0.524 0.210 -0.173 0.503 -0.101 0.480 0.084 0.199 0.119 0.188,-245.14,94.94,16.88,-2.46,-173.50,103.46,300,488,776,1024,0.212,0.490 0.494 0.192 0.195,-1.0,0,0.000,0.000,0.4812,-0.07,corkscrew,1.300,279.9,360.0,682.4,Tuck,Tuck,68.1,-68.1,-0.4,,1.000,-84.9,4.0,0.00,-1.0,0.0,0,17996
462,7.7000,air,trick,-248.412,93.148,16.973,0.000,-42.400,-4.229,42.610,42.400,15.860,0.00,0.00,0.00,0.00,0.000,2,corkscrew,0,0.00,0.00,0.00,-245.141,93.517,16.742,-173.57,-2.47,70.97,3.300,0.787,-0.02,1.00,1,0,0,0,0,0,-2.47,-13.72,-7.72,0.1947,0.1229,0.3461,1,3.300,0,0.420,0,flip_corkscrew,flipTuck,1.000,2,-0.473 0.308 -0.077 0.520 -0.005 0.497 0.119 0.176 0.154 0.165,-245.14,94.23,16.81,-2.47,-173.54,103.46,296,488,788,1032,0.310,0.507 0.512 0.169 0.171,-1.0,0,0.000,0.000,0.4862,-0.07,corkscrew,1.317,291.0,360.0,637.1,Tuck,Tuck,57.0,-57.0,-0.4,,1.000,-84.9,4.0,0.00,-1.0,0.0,0,17996
463,7.7167,air,trick,-248.412,92.443,16.901,0.000,-42.315,-4.409,42.544,42.315,15.788,0.00,0.00,0.00,0.00,0.000,2,corkscrew,0,0.00,0.00,0.00,-245.141,92.810,16.669,-173.60,-2.47,70.97,3.300,0.783,-0.02,1.00,1,0,0,0,0,0,-2.47,-13.69,-7.73,0.1857,0.1169,0.3486,1,3.300,0,0.420,0,flip_corkscrew,flipTuck,1.000,2,-0.411 0.388 0.014 0.520 0.086 0.496 0.147 0.149 0.182 0.138,-245.14,93.52,16.74,-2.47,-173.57,103.46,300,488,804,1040,0.390,0.506 0.510 0.142 0.144,-1.0,0,0.000,0.000,0.4913,-0.06,corkscrew,1.333,301.2,360.0,585.7,Tuck,Tuck,46.7,-46.7,-0.4,,1.000,-84.9,4.0,0.00,-1.0,0.0,0,17997
464,7.7333,air,trick,-248.412,91.739,16.825,0.000,-42.230,-4.589,42.479,42.230,15.712,0.00,0.00,0.00,0.00,0.000,2,corkscrew,0,0.00,0.00,0.00,-245.141,92.104,16.593,-173.64,-2.48,70.97,3.300,0.778,-0.02,1.00,1,0,0,0,0,0,-2.48,-13.66,-7.75,0.1889,0.1153,0.3464,1,3.300,0,0.420,0,flip_corkscrew,flipTuck,1.000,2,-0.337 0.454 0.101 0.504 0.173 0.480 0.169 0.118 0.204 0.106,-245.14,92.81,16.67,-2.47,-173.60,103.45,296,488,824,1044,0.456,0.490 0.494 0.111 0.113,-1.0,0,0.000,0.000,0.5002,-0.06,corkscrew,1.350,310.5,360.0,536.6,Tuck,Tuck,36.7,-36.7,-0.3,,1.000,-84.9,4.0,0.00,-1.0,0.0,0,17997
465,7.7500,air,trick,-248.412,91.036,16.746,0.000,-42.146,-4.769,42.415,42.146,15.633,0.00,0.00,0.00,0.00,0.000,2,corkscrew,0,0.00,0.00,0.00,-245.140,91.399,16.515,-173.67,-2.48,70.97,3.300,0.774,-0.02,1.00,1,0,0,0,0,0,-2.48,-13.63,-7.77,0.2017,0.1159,0.3473,1,3.300,0,0.420,0,flip_corkscrew,flipTuck,1.000,2,-0.264 0.503 0.173 0.483 0.245 0.475 0.186 0.084 0.221 0.072,-245.14,92.10,16.59,-2.48,-173.64,103.45,288,488,844,1044,0.504,0.468 0.489 0.076 0.078,-1.0,0,0.000,0.000,0.5102,-0.06,corkscrew,1.367,319.1,360.0,494.3,Tuck,Tuck,27.8,-27.8,-0.3,,1.000,-84.9,4.0,0.00,-1.0,0.0,0,17998
466,7.7667,air,trick,-248.412,90.334,16.664,0.000,-42.062,-4.949,42.352,42.062,15.551,0.00,0.00,0.00,0.00,0.000,2,corkscrew,0,0.00,0.00,0.00,-245.140,90.696,16.433,-173.70,-2.48,70.97,3.300,0.770,-0.02,1.00,1,0,0,0,0,0,-2.48,-13.59,-7.78,0.2162,0.1169,0.3489,1,3.300,0,0.420,0,flip_corkscrew,flipTuck,1.000,2,-0.199 0.536 0.223 0.465 0.303 0.496 0.196 0.048 0.231 0.036,-245.14,91.40,16.51,-2.48,-173.67,103.45,280,488,860,1056,0.537,0.447 0.511 0.040 0.042,-1.0,0,0.000,0.000,0.5191,-0.05,corkscrew,1.383,326.9,360.0,433.9,Tuck,Tuck,20.4,-20.4,-0.3,,1.000,-84.9,4.0,0.00,-1.0,0.0,0,17998
467,7.7833,air,trick,-248.412,89.634,16.580,0.000,-41.978,-5.129,42.290,41.978,15.467,0.00,0.00,0.00,0.00,0.000,2,corkscrew,0,0.00,0.00,0.00,-245.140,89.994,16.349,-173.73,-2.48,70.97,3.300,0.765,-0.02,1.00,1,0,0,0,0,0,-2.48,-13.55,-7.80,0.2305,0.1176,0.3494,1,3.300,0,0.420,0,flip_corkscrew,flipTuck,1.000,2,-0.149 0.557 0.246 0.456 0.340 0.547 0.200 0.014 0.235 0.002,-245.14,90.70,16.43,-2.48,-173.70,103.45,268,484,876,1068,0.558,0.436 0.563 0.007 0.008,-1.0,0,0.000,0.000,0.5258,-0.05,corkscrew,1.400,333.4,360.0,343.3,Tuck,Tuck,15.1,-15.1,-0.3,,1.000,-84.9,4.0,0.00,-1.0,0.0,0,17998
468,7.8000,air,trick,-248.412,88.936,16.492,0.000,-41.894,-5.309,42.229,41.894,15.379,0.00,0.00,0.00,0.00,0.000,2,corkscrew,0,0.00,0.00,0.00,-245.140,89.294,16.261,-173.76,-2.49,70.97,3.300,0.761,-0.02,1.00,1,0,0,0,0,0,-2.49,-13.50,-7.82,0.2686,0.1163,0.3366,1,3.300,0,0.420,0,flip_corkscrew,flipReach,1.000,2,-0.116 0.569 0.239 0.460 0.350 0.625 0.198 -0.015 0.234 -0.027,-245.14,89.99,16.35,-2.48,-173.73,103.45,240,492,888,1072,0.570,0.437 0.642 -0.022 -0.021,-1.0,0,0.000,0.000,0.5290,-0.05,corkscrew,1.417,338.4,360.0,266.8,Reach,Tuck,11.6,-11.6,-0.2,,1.000,-84.9,4.0,0.00,-1.0,0.0,0,17998
469,7.8167,air,trick,-248.412,88.239,16.401,0.000,-41.810,-5.489,42.169,41.810,15.288,0.00,0.00,0.00,0.00,0.000,2,corkscrew,0,0.00,0.00,0.00,-245.140,88.595,16.170,-173.79,-2.49,70.97,3.300,0.757,-0.02,1.00,1,0,0,0,0,0,-2.49,-13.45,-7.83,0.3116,0.1099,0.3208,1,3.300,0,0.420,0,flip_corkscrew,flipReach,1.000,2,-0.097 0.577 0.207 0.475 0.330 0.718 0.195 -0.039 0.230 -0.052,-245.14,89.29,16.26,-2.49,-173.76,103.45,204,500,896,1064,0.578,0.450 0.736 -0.047 -0.046,-1.0,0,0.000,0.000,0.5284,-0.05,corkscrew,1.433,342.4,360.0,211.8,Reach,Tuck,9.6,-9.6,-0.2,,1.000,-85.0,4.0,0.00,-1.0,0.0,0,17998
470,7.8333,air,trick,-248.412,87.543,16.307,0.000,-41.726,-5.669,42.110,41.726,15.194,0.00,0.00,0.00,0.00,0.000,2,corkscrew,0,0.00,0.00,0.00,-245.139,87.898,16.077,-173.82,-2.49,70.97,3.300,0.753,-0.02,1.00,1,0,0,0,0,0,-2.49,-13.39,-7.85,0.3484,0.0989,0.3070,1,3.300,0,0.420,0,flip_corkscrew,flipReach,1.000,2,-0.086 0.582 0.157 0.497 0.285 0.807 0.189 -0.059 0.224 -0.072,-245.14,88.59,16.17,-2.49,-173.79,103.45,172,508,900,1048,0.583,0.469 0.825 -0.067 -0.066,-1.0,0,0.000,0.000,0.5247,-0.04,corkscrew,1.450,345.6,360.0,172.9,Reach,Tuck,8.5,-8.5,-0.2,,1.000,-85.0,4.0,0.00,-1.0,0.0,0,17999
471,7.8500,air,trick,-248.412,86.849,16.211,0.000,-41.643,-5.849,42.052,41.643,15.098,0.00,0.00,0.00,0.00,0.000,2,corkscrew,0,0.00,0.00,0.00,-245.139,87.202,15.980,-173.84,-2.49,70.96,3.300,0.749,-0.02,1.00,1,0,0,0,0,0,-2.49,-13.33,-7.87,0.3740,0.0861,0.2985,1,3.300,0,0.420,0,flip_corkscrew,flipReach,1.000,2,-0.081 0.585 0.102 0.519 0.229 0.878 0.189 -0.079 0.224 -0.093,-245.14,87.90,16.08,-2.49,-173.82,103.45,152,512,904,1032,0.586,0.490 0.895 -0.087 -0.086,-1.0,0,0.000,0.000,0.5196,-0.04,corkscrew,1.467,348.2,360.0,143.4,Reach,Tuck,8.0,-7.9,-0.2,,1.000,-85.0,4.0,0.00,-1.0,0.0,0,17999
472,7.8667,air,trick,-248.412,86.156,16.111,0.000,-41.560,-6.029,41.995,41.560,14.998,0.00,0.00,0.00,0.00,0.000,2,corkscrew,0,0.00,0.00,0.00,-245.139,86.507,15.880,-173.87,-2.49,70.96,3.300,0.745,-0.02,1.00,1,0,0,0,0,0,-2.49,-13.27,-7.88,0.3925,0.0773,0.2976,1,3.300,0,0.420,0,flip_corkscrew,flipReach,1.000,2,-0.079 0.587 0.053 0.538 0.177 0.925 0.212 -0.116 0.249 -0.130,-245.14,87.20,15.98,-2.49,-173.84,103.45,144,524,908,1040,0.587,0.508 0.940 -0.125 -0.124,-1.0,0,0.000,0.000,0.5156,-0.04,corkscrew,1.483,350.4,360.0,119.6,Reach,Tuck,7.7,-7.7,-0.2,,1.000,-85.0,4.0,0.00,-1.0,0.0,0,17999
473,7.8833,swing,swingLow,-248.451,85.603,15.779,-4.668,-25.075,-33.488,42.095,25.506,14.666,-237.51,75.80,29.86,24.06,0.095,3,,0,0.00,0.00,0.00,-245.178,85.953,15.549,-173.69,-2.50,70.96,3.300,0.741,-0.02,1.00,1,0,0,0,0,0,-2.50,-13.19,-7.90,0.4220,0.0812,0.3095,1,3.300,0,0.420,0,flip_corkscrew,flipReach,1.000,2,-0.004 0.580 0.127 0.645 0.241 0.857 0.238 -0.171 0.256 -0.252,-245.14,86.51,15.88,-2.49,-173.87,103.44,140,540,912,1056,0.585,0.618 0.878 -0.182 -0.246,40.7,1,0.000,0.000,0.5248,-0.04,,-1.000,0.0,0.0,0.0,,,9.7,-3.3,9.1,,0.985,-85.0,4.0,-1.00,-1.0,0.0,0,17805
474,7.9000,swing,swingLow,-248.524,85.175,15.224,-4.180,-26.202,-33.010,42.351,26.533,14.111,-237.51,75.80,29.86,24.06,0.259,3,,0,0.00,0.00,0.00,-245.250,85.526,14.997,-173.14,-2.56,70.96,3.301,0.737,-0.02,1.00,1,0,0,0,0,0,-2.56,-13.08,-7.92,0.4423,0.0926,0.3285,1,3.301,0,0.420,0,swing,flipReach,1.000,2,0.055 0.556 0.208 0.703 0.305 0.766 0.253 -0.250 0.247 -0.390,-245.18,85.95,15.55,-2.50,-173.69,103.44,144,576,924,1072,0.565,0.680 0.792 -0.263 -0.386,30.2,1,0.000,0.000,0.5282,-0.04,,-1.000,0.0,0.0,0.0,,,17.9,0.5,17.9,,0.947,-85.0,4.0,-1.00,-1.0,0.0,0,17306
475,7.9167,swing,swingLow,-248.588,84.728,14.677,-3.702,-27.320,-32.483,42.605,27.570,13.564,-237.51,75.80,29.86,24.06,0.393,3,,0,0.00,0.00,0.00,-245.313,85.087,14.459,-172.23,-2.73,70.96,3.302,0.735,-0.02,1.00,1,0,0,0,0,0,-2.73,-12.92,-7.93,0.3868,0.1134,0.3681,1,3.302,0,0.420,0,swing,flipReach,1.000,2,0.121 0.458 0.335 0.834 0.377 0.462 0.221 -0.265 0.191 -0.464,-245.25,85.53,15.00,-2.56,-173.14,103.44,196,592,916,1092,0.474,0.822 0.500 -0.282 -0.462,18.1,1,0.000,0.000,0.5327,-0.03,,-1.000,0.0,0.0,0.0,,,36.6,3.4,36.5,,0.893,-85.0,4.0,-1.00,-1.0,0.0,0,16611
476,7.9333,swing,swingLow,-248.644,84.263,14.140,-3.234,-28.430,-31.906,42.857,28.613,13.027,-237.51,75.80,29.86,24.06,0.503,3,,0,0.00,0.00,0.00,-245.369,84.639,13.940,-170.95,-3.07,70.95,3.303,0.733,-0.02,1.00,1,0,0,0,0,0,-3.07,-12.72,-7.95,0.3626,0.1210,0.3861,1,3.303,0,0.420,0,swing,flipReach,1.000,2,0.164 0.401 0.412 0.816 0.416 0.364 0.188 -0.268 0.144 -0.509,-245.31,85.09,14.46,-2.73,-172.23,103.44,232,600,904,1100,0.422,0.807 0.408 -0.290 -0.512,15.8,1,0.000,0.000,0.5293,-0.03,,-1.000,0.0,0.0,0.0,,,44.3,7.6,44.0,,0.831,-85.0,4.0,-1.00,-1.0,0.0,0,15799
477,7.9500,swing,swingLow,-248.693,83.779,13.612,-2.779,-29.527,-31.280,43.105,29.658,12.499,-237.51,75.80,29.86,24.06,0.593,3,,0,0.00,0.00,0.00,-245.422,84.189,13.441,-169.27,-3.60,70.95,3.301,0.731,-0.02,1.00,1,0,0,0,0,0,-3.60,-12.47,-7.97,0.3637,0.1234,0.3879,1,3.301,0,0.419,0,swing,flipReach,1.000,2,0.192 0.355 0.464 0.789 0.437 0.317 0.153 -0.262 0.102 -0.535,-245.37,84.64,13.94,-3.07,-170.95,103.43,252,604,892,1092,0.381,0.782 0.370 -0.291 -0.542,17.6,1,0.000,0.000,0.5226,-0.03,,-1.000,0.0,0.0,0.0,,,49.7,10.6,49.4,,0.764,-85.0,4.0,-1.00,-1.0,0.0,0,14931
478,7.9667,swing,swingLow,-248.735,83.277,13.095,-2.333,-30.610,-30.604,43.348,30.699,11.982,-237.51,75.80,29.86,24.06,0.667,3,,0,0.00,0.00,0.00,-245.475,83.743,12.966,-167.12,-4.34,70.95,3.295,0.731,-0.02,1.00,1,0,0,0,0,0,-4.34,-12.17,-7.98,0.3595,0.1237,0.3903,1,3.295,0,0.419,0,swing,flipReach,1.000,2,0.214 0.318 0.496 0.759 0.453 0.308 0.114 -0.249 0.062 -0.546,-245.42,84.19,13.44,-3.60,-169.27,103.43,260,604,876,1076,0.352,0.753 0.371 -0.288 -0.560,20.2,1,0.000,0.000,0.5145,-0.03,,-1.000,0.0,0.0,0.0,,,53.4,12.6,53.0,,0.696,-85.0,4.0,-1.00,-1.0,0.0,0,14048
479,7.9833,swing,swingLow,-248.769,82.758,12.590,-1.897,-31.677,-29.879,43.586,31.733,11.477,-237.51,75.80,29.86,24.06,0.727,3,,0,0.00,0.00,0.00,-245.534,83.306,12.515,-164.41,-5.32,70.96,3.282,0.730,-0.02,1.00,1,0,0,0,0,0,-5.32,-11.82,-8.00,0.3518,0.1263,0.3930,1,3.282,0,0.418,0,swing,flipReach,1.000,2,0.234 0.292 0.513 0.729 0.468 0.321 0.067 -0.230 0.018 -0.545,-245.48,83.74,12.97,-4.34,-167.12,103.43,260,604,860,1060,0.333,0.723 0.397 -0.282 -0.567,22.4,1,0.000,0.000,0.5045,-0.03,,-1.000,0.0,0.0,0.0,,,55.5,13.9,55.1,,0.629,-85.0,4.0,-1.00,-1.0,0.0,0,13180
480,8.0000,swing,swingLow,-248.796,82.220,12.098,-1.474,-32.724,-29.103,43.818,32.757,10.985,-237.51,75.80,29.86,24.06,0.777,3,,0,0.00,0.00,0.00,-245.603,82.885,12.090,-161.05,-6.55,71.01,3.261,0.731,-0.02,1.00,1,0,0,0,0,0,-6.55,-11.43,-8.02,0.3583,0.1312,0.3879,1,3.261,0,0.418,0,swing,flipReach,1.000,2,0.256 0.275 0.515 0.699 0.485 0.349 0.011 -0.209 -0.033 -0.535,-245.53,83.31,12.51,-5.32,-164.41,103.44,256,600,844,1040,0.325,0.691 0.438 -0.276 -0.567,23.6,1,0.000,0.000,0.4934,-0.03,,-1.000,0.0,0.0,0.0,,,56.4,14.6,56.0,,0.565,-85.0,4.0,-1.00,-1.0,0.0,0,12347
481,8.0167,swing,swingLow,-248.817,81.665,11.619,-1.159,-33.758,-28.268,44.045,33.778,10.506,-237.51,75.80,29.86,24.06,0.817,3,,0,0.00,0.00,0.00,-245.686,82.485,11.691,-157.45,-8.03,71.12,3.237,0.732,-0.02,1.00,1,0,0,0,0,0,-8.03,-10.99,-8.03,0.3646,0.1382,0.3825,1,3.237,0,0.417,0,swing,swingCornerBank,1.000,2,0.276 0.267 0.503 0.673 0.499 0.383 -0.049 -0.186 -0.090 -0.520,-245.60,82.88,12.09,-6.55,-161.05,103.49,248,596,828,1024,0.327,0.661 0.486 -0.272 -0.562,23.9,1,0.000,0.000,0.4858,-0.03,,-1.000,0.0,0.0,0.0,,,56.2,14.4,55.8,,0.505,-85.0,4.0,-1.00,-1.0,0.0,4,11562
482,8.0333,swing,swingLow,-248.834,81.094,11.155,-0.940,-34.774,-27.374,44.266,34.787,10.042,-237.51,75.80,29.86,24.06,0.850,3,,0,0.00,0.00,0.00,-245.785,82.109,11.318,-153.85,-9.73,71.32,3.218,0.734,-0.02,1.00,1,0,0,0,0,0,-9.73,-10.53,-8.05,0.3699,0.1468,0.3779,1,3.218,0,0.416,0,swing,swingCornerBank,1.000,2,0.293 0.269 0.477 0.652 0.509 0.421 -0.110 -0.167 -0.148 -0.504,-245.69,82.49,11.69,-8.03,-157.45,103.61,240,596,808,1012,0.338,0.634 0.538 -0.274 -0.555,23.1,1,0.000,0.000,0.4840,-0.02,,-1.000,0.0,0.0,0.0,,,54.9,13.6,54.5,,0.449,-85.0,4.0,-1.00,-1.0,0.0,4,10833
483,8.0500,swing,swingLow,-248.848,80.505,10.706,-0.717,-35.762,-26.434,44.477,35.769,9.593,-237.51,75.80,29.86,24.06,0.878,3,,0,0.00,0.00,0.00,-245.901,81.757,10.970,-150.25,-11.58,71.61,3.213,0.736,-0.02,1.00,1,0,0,0,0,0,-11.58,-10.03,-8.07,0.3743,0.1558,0.3745,1,3.213,0,0.415,0,swing,swingCornerBank,1.000,2,0.303 0.280 0.437 0.636 0.516 0.462 -0.168 -0.155 -0.202 -0.492,-245.79,82.11,11.32,-9.73,-153.85,103.81,232,592,796,1016,0.358,0.612 0.590 -0.282 -0.548,21.2,1,0.000,0.000,0.4881,-0.02,,-1.000,0.0,0.0,0.0,,,52.4,12.4,52.0,,0.397,-85.0,4.0,-1.00,-1.0,0.0,4,10163
484,8.0667,swing,swingLow,-248.857,79.900,10.273,-0.406,-36.712,-25.456,44.676,36.715,9.160,-237.51,75.80,29.86,24.06,0.900,3,,0,0.00,0.00,0.00,-246.030,81.428,10.643,-146.65,-13.50,71.98,3.234,0.738,-0.01,1.00,1,0,0,0,0,0,-13.50,-9.50,-8.08,0.3658,0.1665,0.3754,1,3.234,0,0.415,0,swing,swingCornerBank,1.000,2,0.309 0.285 0.394 0.620 0.529 0.470 -0.227 -0.134 -0.254 -0.478,-245.90,81.76,10.97,-11.58,-150.25,104.11,236,588,792,1040,0.373,0.591 0.615 -0.282 -0.536,20.0,1,0.000,0.000,0.4986,-0.02,,-1.000,0.0,0.0,0.0,,,50.5,10.8,50.2,,0.350,-85.0,4.0,-1.00,-1.0,0.0,4,9553
485,8.0833,swing,swingLow,-248.860,79.280,9.856,-0.019,-37.623,-24.441,44.865,37.623,8.743,-237.51,75.80,29.86,24.06,0.918,3,,0,0.00,0.00,0.00,-246.169,81.116,10.336,-143.05,-15.33,72.41,3.292,0.742,-0.01,1.00,1,0,0,0,0,0,-15.33,-8.95,-8.10,0.3494,0.1751,0.3781,1,3.292,0,0.414,0,swing,swingCornerBank,1.000,2,0.316 0.283 0.356 0.604 0.541 0.468 -0.284 -0.105 -0.304 -0.461,-246.03,81.43,10.64,-13.50,-146.65,104.49,240,584,804,1068,0.380,0.573 0.630 -0.272 -0.519,19.7,1,0.000,0.000,0.5125,-0.02,,-1.000,0.0,0.0,0.0,,,49.6,9.3,49.3,,0.308,-85.0,4.0,-1.00,-1.0,0.0,4,9002
486,8.1000,swing,swingLow,-248.856,78.645,9.457,0.354,-38.500,-23.381,45.044,38.501,8.344,-237.51,75.80,29.86,24.06,0.933,3,,0,0.00,0.00,0.00,-246.313,80.817,10.044,-139.45,-16.94,72.86,3.395,0.745,-0.01,1.00,1,0,0,0,0,0,-16.94,-8.38,-8.12,0.3292,0.1795,0.3826,1,3.395,0,0.414,0,swing,swingCornerBank,1.000,2,0.323 0.280 0.326 0.592 0.554 0.465 -0.333 -0.075 -0.343 -0.448,-246.17,81.12,10.34,-15.33,-143.05,104.92,252,576,824,1104,0.384,0.563 0.639 -0.258 -0.499,19.8,1,0.000,0.000,0.5279,-0.02,,-1.000,0.0,0.0,0.0,,,49.0,7.8,48.8,,0.270,-85.0,4.0,-1.00,-1.0,0.0,4,8507
487,8.1167,swing,swingLow,-248.846,77.996,9.076,0.777,-39.334,-22.284,45.215,39.342,7.963,-237.51,75.80,29.86,24.06,0.945,3,,0,0.00,0.00,0.00,-246.458,80.522,9.765,-135.85,-18.20,73.34,3.543,0.750,-0.01,1.00,1,0,0,0,0,0,-18.20,-7.80,-8.13,0.3087,0.1788,0.3880,1,3.543,0,0.414,0,swing,swingCornerBank,1.000,2,0.330 0.278 0.301 0.587 0.565 0.465 -0.376 -0.051 -0.370 -0.443,-246.31,80.82,10.04,-16.94,-139.45,105.38,264,572,852,1144,0.388,0.561 0.647 -0.246 -0.482,19.9,1,0.000,0.000,0.5424,-0.03,,-1.000,0.0,0.0,0.0,,,48.5,6.4,48.4,,0.236,-85.0,4.0,-1.00,-1.0,0.0,4,8065
488,8.1333,swing,swingLow,-248.828,77.333,8.714,1.246,-40.126,-21.151,45.377,40.145,7.601,-237.51,75.80,29.86,24.06,0.955,3,,0,0.00,0.00,0.00,-246.598,80.223,9.495,-132.25,-19.04,73.82,3.732,0.754,-0.01,1.00,1,0,0,0,0,0,-19.04,-7.20,-8.15,0.2897,0.1732,0.3940,1,3.732,0,0.414,0,swing,swingCornerBank,1.000,2,0.335 0.280 0.278 0.589 0.574 0.471 -0.414 -0.040 -0.388 -0.447,-246.46,80.52,9.76,-18.20,-135.85,105.86,276,568,880,1172,0.392,0.566 0.656 -0.241 -0.471,19.8,1,0.000,0.000,0.5541,-0.05,,-1.000,0.0,0.0,0.0,,,47.9,5.0,47.8,,0.206,-85.0,4.0,-1.00,-1.0,0.0,4,7672
489,8.1500,swing,swingLow,-248.802,76.658,8.370,1.695,-40.876,-19.978,45.529,40.912,7.257,-237.51,75.80,29.86,24.06,0.963,3,,0,0.00,0.00,0.00,-246.728,79.911,9.233,-128.65,-19.29,74.30,3.954,0.759,-0.01,1.00,1,0,0,0,0,0,-19.29,-6.60,-8.17,0.2727,0.1622,0.4026,1,3.954,0,0.414,0,swing,swingCornerBank,1.000,2,0.339 0.288 0.258 0.599 0.581 0.484 -0.434 -0.039 -0.383 -0.460,-246.60,80.22,9.49,-19.04,-132.25,106.34,292,564,912,1192,0.398,0.577 0.665 -0.240 -0.478,19.5,1,0.000,0.000,0.5626,-0.08,,-1.000,0.0,0.0,0.0,,,47.1,3.4,47.1,,0.179,-85.0,4.0,-1.00,-1.0,0.0,4,7325
490,8.1667,swing,swingLow,-248.769,75.970,8.047,2.126,-41.583,-18.765,45.671,41.637,6.934,-237.51,75.80,29.86,24.06,0.970,3,,0,0.00,0.00,0.00,-246.845,79.580,8.977,-125.05,-18.99,74.78,4.195,0.764,-0.01,1.00,1,0,0,0,0,0,-18.99,-6.00,-8.18,0.2617,0.1668,0.4626,1,4.195,0,0.415,0,swing,swingCornerBank,1.000,2,0.343 0.298 0.238 0.608 0.589 0.501 -0.447 -0.042 -0.365 -0.476,-246.73,79.91,9.23,-19.29,-128.65,106.82,308,568,940,1204,0.402,0.586 0.672 -0.236 -0.491,20.1,1,0.000,0.000,0.5871,-0.11,,-1.000,0.0,0.0,0.0,,,46.5,2.1,46.5,,0.155,-85.0,4.0,-1.00,-1.0,0.0,4,7019
491,8.1833,swing,swingLow,-248.729,75.271,7.744,2.538,-42.244,-17.515,45.802,42.320,6.631,-237.51,75.80,29.86,24.06,0.975,3,,0,0.00,0.00,0.00,-246.946,79.223,8.728,-121.45,-18.25,75.23,4.446,0.769,-0.01,1.00,1,0,0,0,0,0,-18.25,-5.39,-8.20,0.2470,0.1547,0.4707,1,4.446,0,0.416,0,swing,swingCornerBank,1.000,2,0.346 0.311 0.218 0.617 0.595 0.522 -0.459 -0.048 -0.347 -0.492,-246.85,79.58,8.98,-18.99,-125.05,107.29,380,624,988,1260,0.407,0.596 0.680 -0.231 -0.504,19.8,1,0.000,0.000,0.5847,-0.15,,-1.000,0.0,0.0,0.0,,,45.8,0.4,45.8,,0.135,-85.0,4.0,-1.00,-1.0,0.0,4,6750
492,8.2000,swing,swingLow,-248.683,74.561,7.463,2.931,-42.857,-16.230,45.921,42.957,6.350,-237.51,75.80,29.86,24.06,0.980,3,,0,0.00,0.00,0.00,-247.062,78.740,8.484,-117.85,-17.43,75.67,4.597,0.775,-0.01,1.00,1,0,0,0,0,0,-17.43,-4.79,-8.22,0.2418,0.1450,0.4802,1,4.597,0,0.417,0,swing,swingCornerBank,1.000,2,0.343 0.330 0.190 0.627 0.591 0.554 -0.470 -0.063 -0.323 -0.512,-246.95,79.22,8.73,-18.25,-121.45,107.74,392,628,992,1244,0.418,0.606 0.697 -0.234 -0.521,18.6,1,0.000,0.000,0.5786,-0.20,,-1.000,0.0,0.0,0.0,,,44.3,-1.3,44.3,,0.116,-85.0,4.0,-1.00,-1.0,0.0,4,6514
493,8.2167,swing,swingBottom,-248.631,73.844,7.204,3.229,-43.313,-14.871,45.908,43.433,6.091,-237.51,75.80,29.86,24.06,0.983,3,,0,0.00,0.00,0.00,-247.187,78.114,8.247,-114.25,-16.61,76.09,4.627,0.781,-0.01,1.00,1,0,0,0,0,0,-16.61,-4.19,-8.23,0.2401,0.1401,0.4919,1,4.627,0,0.418,0,swing,swingCornerBank,1.000,2,0.344 0.343 0.170 0.633 0.595 0.575 -0.484 -0.069 -0.304 -0.526,-247.06,78.74,8.48,-17.43,-117.85,108.18,404,636,988,1228,0.423,0.614 0.705 -0.228 -0.533,18.1,1,0.000,0.000,0.5707,-0.26,,-1.000,0.0,0.0,0.0,,,43.6,-3.0,43.5,,0.101,-85.0,4.0,-1.00,-1.0,0.0,4,6308
494,8.2333,swing,swingBottom,-248.575,73.118,6.967,3.446,-43.716,-13.485,45.878,43.852,5.854,-237.51,75.80,29.86,24.06,0.986,3,,0,0.00,0.00,0.00,-247.282,77.458,8.019,-110.65,-15.61,76.49,4.649,0.786,-0.01,1.00,1,0,0,0,0,0,-15.61,-3.60,-8.25,0.2395,0.1349,0.5027,1,4.649,0,0.420,0,swing,swingCornerBank,1.000,2,0.344 0.357 0.147 0.639 0.598 0.598 -0.499 -0.079 -0.285 -0.539,-247.19,78.11,8.25,-16.61,-114.25,108.59,420,648,976,1208,0.429,0.622 0.715 -0.225 -0.545,17.3,1,0.000,0.000,0.5599,-0.32,,-1.000,0.0,0.0,0.0,,,42.7,-4.8,42.5,,0.087,-85.0,4.0,-1.00,-1.0,0.0,4,6128
495,8.2500,swing,swingBottom,-248.516,72.385,6.754,3.658,-44.174,-12.112,45.950,44.325,5.641,-237.51,75.80,29.86,24.06,0.989,3,,0,0.00,0.00,0.00,-247.347,76.777,7.801,-107.05,-14.56,76.87,4.664,0.792,-0.01,1.00,1,0,0,0,0,0,-14.56,-3.02,-8.27,0.2396,0.1296,0.5116,1,4.664,0,0.422,0,swing,swingCornerBank,1.000,2,0.341 0.373 0.122 0.642 0.599 0.622 -0.514 -0.091 -0.266 -0.553,-247.28,77.46,8.02,-15.61,-110.65,108.97,432,656,960,1184,0.437,0.626 0.726 -0.223 -0.559,16.2,1,0.000,0.000,0.5468,-0.39,,-1.000,0.0,0.0,0.0,,,41.5,-6.4,41.3,,0.075,-85.0,4.0,-1.00,-1.0,0.0,4,5972
496,8.2667,swing,swingBottom,-248.453,71.647,6.564,3.843,-44.464,-10.692,45.893,44.630,5.451,-237.51,75.80,29.86,24.06,0.991,3,,0,0.00,0.00,0.00,-247.384,76.078,7.596,-103.45,-13.56,77.22,4.673,0.798,-0.01,1.00,1,0,0,0,0,0,-13.56,-2.47,-8.28,0.2401,0.1250,0.5180,1,4.673,0,0.424,0,swing,swingCornerBank,1.000,2,0.337 0.388 0.096 0.643 0.600 0.645 -0.525 -0.104 -0.249 -0.566,-247.35,76.78,7.80,-14.56,-107.05,109.34,440,668,940,1156,0.445,0.628 0.739 -0.223 -0.573,14.9,1,0.000,0.000,0.5320,-0.47,,-1.000,0.0,0.0,0.0,,,40.3,-8.0,39.9,,0.064,-85.0,4.0,-1.00,-1.0,0.0,4,5836
497,8.2833,swing,swingBottom,-248.387,70.903,6.397,4.022,-44.809,-9.284,45.937,44.989,5.284,-237.51,75.80,29.86,24.06,0.993,3,,0,0.00,0.00,0.00,-247.395,75.362,7.405,-99.85,-12.70,77.54,4.678,0.804,-0.01,1.00,1,0,0,0,0,0,-12.70,-1.94,-8.30,0.2406,0.1209,0.5215,1,4.678,0,0.426,0,swing,swingCornerBank,1.000,2,0.333 0.401 0.073 0.642 0.602 0.664 -0.536 -0.113 -0.234 -0.577,-247.38,76.08,7.60,-13.56,-103.45,109.68,448,676,916,1128,0.453,0.628 0.749 -0.222 -0.586,13.7,1,0.000,0.000,0.5157,-0.55,,-1.000,0.0,0.0,0.0,,,39.2,-9.7,38.5,,0.055,-85.0,4.0,-1.00,-1.0,0.0,4,5719
498,8.3000,swing,swingBottom,-248.319,70.154,6.255,4.189,-45.096,-7.859,45.967,45.290,5.142,-237.51,75.80,29.86,24.06,0.994,3,,0,0.00,0.00,0.00,-247.385,74.633,7.230,-96.25,-11.99,77.89,4.679,0.809,-0.01,1.00,1,0,0,0,0,0,-11.99,-1.44,-8.32,0.2410,0.1172,0.5224,1,4.679,0,0.429,0,swing,swingCornerBank,1.000,2,0.329 0.412 0.052 0.639 0.605 0.680 -0.545 -0.119 -0.222 -0.587,-247.39,75.36,7.41,-12.70,-99.85,109.99,448,680,888,1092,0.459,0.627 0.758 -0.218 -0.598,12.5,1,0.000,0.000,0.4981,-0.62,,-1.000,0.0,0.0,0.0,,,38.2,-11.3,37.3,,0.047,-85.0,4.0,-1.00,-1.0,0.0,4,5617
499,8.3167,swing,swingBottom,-248.247,69.402,6.136,4.515,-45.190,-6.425,45.867,45.415,5.023,-237.51,75.80,29.86,24.06,0.995,3,,0,0.00,0.00,0.00,-247.357,73.897,7.072,-92.65,-11.51,78.27,4.677,0.815,-0.01,1.00,1,0,0,0,0,0,-11.51,-0.98,-8.33,0.2405,0.1145,0.5208,1,4.677,0,0.432,0,swing,swingCornerBank,1.000,2,0.329 0.418 0.038 0.635 0.613 0.688 -0.555 -0.117 -0.215 -0.592,-247.39,74.63,7.23,-11.99,-96.25,110.33,452,680,860,1056,0.462,0.625 0.761 -0.210 -0.607,11.7,1,0.000,0.000,0.4799,-0.69,,-1.000,0.0,0.0,0.0,,,37.8,-12.9,36.5,,0.041,-85.0,4.0,-1.00,-1.0,0.0,4,5529
500,8.3333,swing,swingBottom,-248.166,68.648,6.040,5.012,-45.320,-5.018,45.871,45.596,4.927,-237.51,75.80,29.86,24.06,0.996,3,,0,0.00,0.00,0.00,-247.312,73.154,6.933,-89.05,-9.15,78.65,4.673,0.820,-0.01,1.00,1,0,0,0,0,0,-9.15,-0.54,-8.35,0.2404,0.1131,0.5403,1,4.673,0,0.435,0,swing,swingCornerBank,1.000,2,0.331 0.428 0.030 0.630 0.625 0.704 -0.564 -0.124 -0.214 -0.598,-247.36,73.90,7.07,-11.51,-92.65,110.69,448,680,828,1016,0.463,0.623 0.761 -0.197 -0.613,11.2,1,0.000,0.000,0.4612,-0.76,,-1.000,0.0,0.0,0.0,,,37.7,-14.4,36.1,,0.035,-85.0,4.0,-1.00,-1.0,0.0,4,5453
501,8.3500,swing,swingBottom,-248.077,67.892,5.968,5.483,-45.394,-3.603,45.865,45.724,4.855,-237.51,75.80,29.86,24.06,0.997,3,,0,0.00,0.00,0.00,-247.254,72.408,6.814,-85.45,-6.69,79.00,4.668,0.825,-0.01,1.00,1,0,0,0,0,0,-6.69,-0.14,-8.37,0.2418,0.1139,0.5615,1,4.668,0,0.438,0,swing,swingCornerBank,1.000,2,0.339 0.433 0.027 0.632 0.639 0.713 -0.587 -0.124 -0.212 -0.600,-247.31,73.15,6.93,-9.15,-89.05,111.05,468,700,792,976,0.458,0.628 0.754 -0.177 -0.611,11.3,1,0.000,0.000,0.4414,-0.83,,-1.000,0.0,0.0,0.0,,,38.3,-16.0,36.3,,0.030,-85.0,4.0,-1.00,-1.0,0.0,4,5388
502,8.3667,swing,swingBottom,-247.980,67.136,5.920,6.036,-45.370,-2.191,45.822,45.770,4.807,-237.51,75.80,29.86,24.06,0.997,3,,0,0.00,0.00,0.00,-247.182,71.659,6.715,-81.85,-5.50,79.32,4.661,0.830,-0.01,1.00,1,0,0,0,0,0,-5.50,0.23,-8.38,0.2439,0.1157,0.5689,1,4.661,0,0.442,0,swing,swingCornerBank,1.000,2,0.346 0.433 0.024 0.635 0.652 0.713 -0.610 -0.116 -0.209 -0.600,-247.25,72.41,6.81,-6.69,-85.45,111.39,492,724,752,944,0.454,0.633 0.747 -0.160 -0.609,11.4,1,0.000,0.000,0.4211,-0.90,,-1.000,0.0,0.0,0.0,,,38.9,-17.6,36.6,,0.026,-85.0,4.0,-1.00,-1.0,0.0,4,5332
503,8.3833,swing,swingBottom,-247.872,66.381,5.895,6.666,-45.252,-0.790,45.747,45.740,4.782,-237.51,75.80,29.86,24.06,0.998,3,,0,0.00,0.00,0.00,-247.098,70.910,6.638,-78.25,-5.50,79.54,4.654,0.835,-0.01,1.00,1,0,0,0,0,0,-5.50,0.58,-8.40,0.2461,0.1180,0.5631,1,4.654,0,0.445,0,swing,swingCornerBank,1.000,2,0.354 0.429 0.022 0.636 0.664 0.707 -0.631 -0.102 -0.206 -0.597,-247.18,71.66,6.72,-5.50,-81.85,111.69,496,732,712,900,0.450,0.636 0.741 -0.145 -0.606,11.4,1,0.000,0.000,0.4005,-0.96,,-1.000,0.0,0.0,0.0,,,39.5,-19.1,36.8,,0.022,-85.0,4.0,-1.00,-1.0,0.0,4,5284
504,8.4000,swing,swingBottom,-247.753,65.628,5.893,7.280,-45.194,0.611,45.780,45.776,4.780,-237.51,75.80,29.86,24.06,0.998,3,,0,0.00,0.00,0.00,-247.002,70.162,6.582,-76.18,-5.50,79.63,4.648,0.839,-0.01,1.00,1,0,0,0,0,0,-5.50,0.90,-8.42,0.2474,0.1194,0.5563,1,4.648,0,0.449,0,swing,swingCornerBank,1.000,2,0.357 0.424 0.022 0.637 0.671 0.701 -0.642 -0.089 -0.203 -0.594,-247.10,70.91,6.64,-5.50,-78.25,111.90,492,728,672,868,0.446,0.639 0.735 -0.131 -0.604,11.3,1,0.000,0.000,0.3892,-1.03,,-1.000,0.0,0.0,0.0,,,40.1,-20.7,37.0,,0.019,-85.0,4.0,-1.00,-1.0,0.0,0,5242
505,8.4167,swing,swingBottom,-247.627,64.874,5.915,7.676,-45.242,2.044,45.934,45.889,4.802,-237.51,75.80,29.86,24.06,0.998,3,,0,0.00,0.00,0.00,-246.895,69.412,6.549,-76.28,-5.50,79.60,4.641,0.843,-0.01,1.00,1,0,0,0,0,0,-5.50,1.19,-8.43,0.2458,0.1184,0.5482,1,4.641,0,0.452,0,swing,swingCornerBank,1.000,2,0.355 0.418 0.020 0.636 0.669 0.692 -0.642 -0.077 -0.197 -0.591,-247.00,70.16,6.58,-5.50,-76.18,111.98,484,720,648,848,0.442,0.640 0.730 -0.121 -0.602,11.1,1,0.000,0.000,0.3919,-1.09,,-1.000,0.0,0.0,0.0,,,40.7,-22.4,37.1,,0.016,-85.0,4.0,-1.00,-1.0,0.0,0,5207
506,8.4333,swing,swingBottom,-247.497,64.120,5.961,7.833,-45.167,3.498,45.975,45.841,4.848,-237.51,75.80,29.86,24.06,0.999,3,,0,0.00,0.00,0.00,-246.779,68.661,6.539,-76.65,-5.50,79.48,4.634,0.847,-0.01,1.00,1,0,0,0,0,0,-5.50,1.47,-8.45,0.2444,0.1179,0.5396,1,4.634,0,0.456,0,swing,swingCornerBank,1.000,2,0.356 0.411 0.022 0.636 0.667 0.681 -0.642 -0.062 -0.197 -0.587,-246.90,69.41,6.55,-5.50,-76.28,111.95,476,712,652,852,0.436,0.641 0.722 -0.108 -0.599,11.5,1,0.016,0.000,0.3951,-1.15,,-1.000,0.0,0.0,0.0,,,41.6,-23.7,37.6,,0.014,-85.0,4.0,-1.00,-1.0,0.0,0,5176
507,8.4500,swing,swingBottom,-247.365,63.367,6.032,7.981,-45.033,4.951,46.002,45.735,4.919,-237.51,75.80,29.86,24.06,0.999,3,,0,0.00,0.00,0.00,-246.655,67.911,6.551,-77.22,-5.50,79.29,4.628,0.851,-0.01,1.00,1,0,0,0,0,0,-5.50,1.73,-8.47,0.2434,0.1171,0.5304,1,4.628,0,0.459,0,swing,swingCornerBank,1.000,2,0.356 0.403 0.023 0.635 0.661 0.671 -0.641 -0.048 -0.195 -0.582,-246.78,68.66,6.54,-5.50,-76.65,111.84,468,704,660,856,0.431,0.642 0.715 -0.096 -0.596,11.7,1,0.025,0.000,0.3990,-1.21,,-1.000,0.0,0.0,0.0,,,42.4,-25.0,38.1,,0.012,-85.0,4.0,-1.00,-1.0,0.0,0,5150
508,8.4667,swing,swingBottom,-247.232,62.618,6.126,7.961,-44.824,6.407,45.974,45.525,5.013,-237.51,75.80,29.86,24.06,0.999,3,,0,0.00,0.00,0.00,-246.525,67.162,6.587,-77.96,-5.50,79.05,4.622,0.855,-0.01,1.00,1,0,0,0,0,0,-5.50,1.97,-8.48,0.2433,0.1154,0.5199,1,4.622,0,0.461,0,swing,swingCornerBank,1.000,2,0.351 0.400 0.017 0.631 0.652 0.666 -0.633 -0.034 -0.194 -0.577,-246.65,67.91,6.55,-5.50,-77.22,111.66,460,692,668,864,0.429,0.638 0.713 -0.085 -0.593,11.4,1,0.019,0.000,0.4034,-1.27,,-1.000,0.0,0.0,0.0,,,42.7,-26.3,37.9,,0.010,-85.0,4.0,-1.00,-1.0,0.0,0,5128
509,8.4833,swing,swingBottom,-247.102,61.872,6.246,7.796,-44.653,7.877,46.008,45.328,5.133,-237.51,75.80,29.86,24.06,0.999,3,,0,0.00,0.00,0.00,-246.391,66.416,6.647,-78.86,-5.50,78.77,4.617,0.858,-0.01,1.00,1,0,0,0,0,0,-5.50,2.19,-8.50,0.2445,0.1130,0.5082,1,4.617,0,0.463,0,swing,swingCornerBank,1.000,2,0.342 0.398 0.007 0.627 0.637 0.663 -0.623 -0.023 -0.188 -0.573,-246.52,67.16,6.59,-5.50,-77.96,111.43,448,680,680,868,0.429,0.636 0.714 -0.076 -0.590,10.8,1,0.008,0.000,0.4077,-1.33,,-1.000,0.0,0.0,0.0,,,42.7,-27.5,37.3,,0.008,-85.0,4.0,-1.00,-1.0,0.0,0,5109
510,8.5000,swing,swingBottom,-246.974,61.129,6.389,7.623,-44.423,9.340,46.030,45.073,5.276,-237.51,75.80,29.86,24.06,0.999,3,,0,0.00,0.00,0.00,-246.256,65.672,6.730,-79.87,-5.50,78.46,4.612,0.862,-0.01,1.00,1,0,0,0,0,0,-5.50,2.40,-8.52,0.2460,0.1092,0.4952,1,4.612,0,0.465,0,swing,swingCornerBank,1.000,2,0.328 0.399 -0.008 0.620 0.620 0.663 -0.602 -0.009 -0.182 -0.565,-246.39,66.42,6.65,-5.50,-78.86,111.16,436,668,692,876,0.432,0.628 0.717 -0.065 -0.585,9.6,1,0.011,0.000,0.4124,-1.38,,-1.000,0.0,0.0,0.0,,,42.5,-28.7,36.2,,0.007,-85.0,4.0,-1.00,-1.0,0.0,0,5093
511,8.5167,swing,swingBottom,-246.968,60.423,6.555,-6.680,-40.329,10.511,42.208,40.878,5.442,-237.51,75.80,29.86,24.06,1.000,3,,0,0.00,0.00,0.00,-246.135,64.946,6.838,-82.23,-5.50,78.12,4.608,0.863,-0.01,1.00,1,0,0,0,0,0,-5.50,2.61,-8.53,0.2484,0.1043,0.4783,1,4.608,0,0.466,0,swing,swingCornerBank,1.000,2,0.305 0.405 -0.043 0.604 0.592 0.673 -0.580 0.006 -0.163 -0.551,-246.26,65.67,6.73,-5.50,-79.87,110.87,420,652,708,884,0.440,0.612 0.731 -0.053 -0.575,8.0,1,0.040,0.000,0.4164,-1.43,,-1.000,0.0,0.0,0.0,,,41.5,-36.8,25.2,,0.006,-85.0,4.0,-1.00,-1.0,0.0,0,5079
512,8.5333,swing,swingBottom,-247.078,59.752,6.741,-6.620,-40.084,11.724,42.285,40.627,5.628,-237.51,75.80,29.86,24.06,1.000,3,,0,0.00,0.00,0.00,-246.056,64.237,6.968,-85.60,-5.50,77.78,4.605,0.860,-0.01,1.00,1,0,0,0,0,0,-5.50,2.80,-8.55,0.2504,0.0973,0.4629,1,4.605,0,0.467,0,swing,swingBottom,1.000,2,0.278 0.407 -0.073 0.589 0.560 0.675 -0.543 0.037 -0.141 -0.530,-246.14,64.95,6.84,-5.50,-82.23,110.55,404,636,720,888,0.443,0.597 0.737 -0.027 -0.558,6.5,1,0.070,0.000,0.4210,-1.48,,-1.000,0.0,0.0,0.0,,,41.1,-37.0,23.6,,0.005,-85.0,4.0,-1.00,-1.0,0.0,0,5067
513,8.5500,swing,swingBottom,-247.188,59.086,6.946,-6.550,-39.793,12.930,42.351,40.329,5.833,-237.51,75.80,29.86,24.06,1.000,3,,0,0.00,0.00,0.00,-246.026,63.537,7.146,-88.35,-5.50,77.42,4.604,0.855,-0.01,1.00,1,0,0,0,0,0,-5.50,2.97,-8.57,0.2493,0.0900,0.4508,1,4.604,0,0.468,0,swing,swingBottom,1.000,2,0.246 0.410 -0.101 0.566 0.531 0.675 -0.470 0.099 -0.116 -0.493,-246.06,64.24,6.97,-5.50,-85.60,110.22,384,620,740,884,0.447,0.571 0.743 0.029 -0.525,4.5,1,0.056,0.000,0.4267,-1.52,,-1.000,0.0,0.0,0.0,,,40.6,-37.4,21.2,,0.004,-85.0,4.0,-1.00,-1.0,0.0,0,5057
514,8.5667,swing,swingBottom,-247.294,58.426,7.171,-6.110,-39.425,14.089,42.310,39.895,6.058,-237.51,75.80,29.86,24.06,1.000,3,,0,0.00,0.00,0.00,-246.036,62.850,7.371,-90.52,-5.50,77.07,4.604,0.848,-0.01,1.00,1,0,0,0,0,0,-5.50,3.14,-8.58,0.2460,0.0903,0.4472,1,4.604,0,0.467,0,swing,swingBottom,1.000,2,0.236 0.402 -0.117 0.558 0.521 0.662 -0.439 0.156 -0.106 -0.468,-246.03,63.54,7.15,-5.50,-88.35,109.88,376,608,752,892,0.441,0.562 0.732 0.083 -0.501,4.6,1,0.033,0.000,0.4311,-1.55,,-1.000,0.0,0.0,0.0,,,41.5,-38.3,21.8,,0.004,-85.0,4.0,-1.00,-1.0,0.0,0,5048
515,8.5833,swing,swingHigh,-247.386,57.772,7.415,-5.321,-38.988,15.189,42.179,39.349,6.302,-237.51,75.80,29.86,24.06,1.000,3,,0,0.00,0.00,0.00,-246.073,62.181,7.615,-92.17,-5.50,76.72,4.604,0.839,-0.01,1.00,1,0,0,0,0,0,-5.50,3.29,-8.60,0.2414,0.0910,0.4452,1,4.604,0,0.467,0,swing,swingBottom,1.000,2,0.231 0.393 -0.128 0.551 0.521 0.644 -0.409 0.219 -0.100 -0.443,-246.04,62.85,7.37,-5.50,-90.52,109.54,372,604,760,904,0.433,0.555 0.717 0.145 -0.477,5.1,1,0.007,0.000,0.4367,-1.58,,-1.000,0.0,0.0,0.0,,,42.7,-39.2,23.3,,0.003,-85.0,4.0,-1.00,-1.0,0.0,0,5041
516,8.6000,swing,swingHigh,-247.465,57.126,7.677,-4.554,-38.516,16.267,42.057,38.784,6.564,-237.51,75.80,29.86,24.06,1.000,3,,0,0.00,0.00,0.00,-246.125,61.527,7.877,-93.42,-5.50,76.38,4.604,0.831,-0.01,1.00,1,0,0,0,0,0,-5.50,3.41,-8.62,0.2375,0.0929,0.4460,1,4.604,0,0.466,0,swing,swingBottom,1.000,2,0.241 0.379 -0.133 0.556 0.527 0.619 -0.423 0.252 -0.106 -0.435,-246.07,62.18,7.62,-5.50,-92.17,109.20,376,600,768,912,0.421,0.562 0.694 0.178 -0.469,6.9,1,0.001,0.000,0.4427,-1.61,,-1.000,0.0,0.0,0.0,,,44.4,-40.2,26.5,,0.003,-85.0,4.0,-1.00,-1.0,0.0,0,5035
517,8.6167,swing,swingHigh,-247.534,56.489,7.957,-4.000,-38.035,17.349,41.996,38.245,6.844,-237.51,75.80,29.86,24.06,1.000,3,,0,0.00,0.00,0.00,-246.183,60.886,8.157,-94.43,-5.50,76.04,4.604,0.821,-0.01,1.00,1,0,0,0,0,0,-5.50,3.50,-8.63,0.2338,0.0944,0.4473,1,4.604,0,0.465,0,swing,swingCornerBank,1.000,2,0.249 0.366 -0.136 0.562 0.531 0.597 -0.439 0.277 -0.111 -0.429,-246.12,61.53,7.88,-5.50,-93.42,108.86,376,600,776,924,0.409,0.569 0.673 0.203 -0.462,8.5,1,0.000,0.000,0.4490,-1.63,,-1.000,0.0,0.0,0.0,,,46.1,-41.2,29.2,,0.002,-85.0,4.0,-1.00,-1.0,0.0,0,5029
518,8.6333,swing,swingHigh,-247.597,55.859,8.255,-3.649,-37.541,18.439,41.984,37.718,7.142,-237.51,75.80,29.86,24.06,1.000,3,,0,0.00,0.00,0.00,-246.243,60.255,8.455,-95.30,-5.50,75.71,4.604,0.811,-0.01,1.00,1,0,0,0,0,0,-5.50,3.55,-8.65,0.2306,0.0954,0.4486,1,4.604,0,0.464,0,swing,swingCornerBank,1.000,2,0.255 0.354 -0.138 0.565 0.531 0.577 -0.453 0.296 -0.113 -0.424,-246.18,60.89,8.16,-5.50,-94.43,108.53,380,600,788,936,0.398,0.575 0.654 0.223 -0.458,9.8,1,0.000,0.000,0.4550,-1.65,,-1.000,0.0,0.0,0.0,,,47.5,-42.1,31.4,,0.002,-85.0,4.0,-1.00,-1.0,0.0,0,5025
519,8.6500,swing,swingHigh,-247.654,55.237,8.571,-3.307,-37.006,19.510,41.964,37.153,7.458,-237.51,75.80,29.86,24.06,1.000,3,,0,0.00,0.00,0.00,-246.301,59.634,8.771,-96.08,-5.50,75.40,4.604,0.802,-0.01,1.00,1,0,0,0,0,0,-5.50,3.58,-8.67,0.2279,0.0979,0.4499,1,4.604,0,0.462,0,swing,swingCornerBank,1.000,2,0.260 0.343 -0.139 0.568 0.528 0.558 -0.467 0.307 -0.115 -0.421,-246.24,60.25,8.46,-5.50,-95.30,108.21,380,600,792,948,0.388,0.580 0.637 0.235 -0.454,11.0,1,0.000,0.000,0.4598,-1.67,,-1.000,0.0,0.0,0.0,,,48.8,-43.0,33.4,,0.002,-85.0,4.0,-1.00,-1.0,0.0,0,5021
520,8.6667,swing,swingHigh,-247.706,54.625,8.905,-3.080,-36.427,20.565,41.944,36.557,7.792,-237.51,75.80,29.86,24.06,1.000,3,,0,0.00,0.00,0.00,-246.355,59.022,9.105,-96.82,-5.50,75.10,4.604,0.793,-0.00,1.00,1,0,0,0,0,0,-5.50,3.57,-8.68,0.2254,0.0991,0.4503,1,4.604,0,0.460,0,swing,swingCornerBank,1.000,2,0.259 0.335 -0.145 0.568 0.519 0.544 -0.468 0.326 -0.113 -0.413,-246.30,59.63,8.77,-5.50,-96.08,107.91,384,600,800,960,0.380,0.581 0.624 0.254 -0.447,11.6,1,0.000,0.000,0.4644,-1.69,,-1.000,0.0,0.0,0.0,,,49.8,-43.9,34.5,,0.001,-85.0,4.0,-1.00,-1.0,0.0,0,5018
521,8.6833,swing,swingHigh,-247.756,54.023,9.257,-2.960,-35.804,21.605,41.922,35.926,8.144,-237.51,75.80,29.86,24.06,1.000,3,,0,0.00,0.00,0.00,-246.406,58.421,9.457,-97.54,-5.50,74.81,4.604,0.784,-0.00,1.00,1,0,0,0,0,0,-5.50,3.53,-8.70,0.2236,0.0995,0.4501,1,4.604,0,0.457,0,swing,swingCornerBank,1.000,2,0.254 0.328 -0.153 0.567 0.506 0.532 -0.467 0.341 -0.108 -0.407,-246.36,59.02,9.11,-5.50,-96.82,107.61,384,596,808,968,0.374,0.580 0.613 0.269 -0.441,11.9,1,0.000,0.000,0.4683,-1.70,,-1.000,0.0,0.0,0.0,,,50.6,-44.8,35.1,,0.001,-85.0,4.0,-1.00,-1.0,0.0,0,5015
522,8.7000,swing,swingHigh,-247.804,53.432,9.625,-2.836,-35.144,22.620,41.890,35.258,8.512,-237.51,75.80,29.86,24.06,1.000,3,,0,0.00,0.00,0.00,-246.452,57.829,9.825,-98.25,-5.50,74.54,4.604,0.775,-0.00,1.00,1,0,0,0,0,0,-5.50,3.46,-8.72,0.2213,0.0974,0.4488,1,4.604,0,0.455,0,swing,swingCornerBank,1.000,2,0.244 0.323 -0.169 0.561 0.489 0.522 -0.443 0.378 -0.098 -0.391,-246.41,58.42,9.46,-5.50,-97.54,107.33,384,596,820,976,0.370,0.574 0.605 0.306 -0.425,11.5,1,0.000,0.000,0.4727,-1.72,,-1.000,0.0,0.0,0.0,,,51.0,-45.6,35.0,,0.001,-85.0,4.0,-1.00,-1.0,0.0,0,5013
523,8.7167,swing,swingHigh,-247.850,52.852,10.010,-2.604,-34.453,23.599,41.841,34.551,8.897,-237.51,75.80,29.86,24.06,1.000,3,,0,0.00,0.00,0.00,-246.495,57.248,10.210,-98.93,-5.50,74.28,4.604,0.767,-0.00,1.00,1,0,0,0,0,0,-5.50,3.35,-8.73,0.2177,0.0965,0.4468,1,4.604,0,0.452,0,swing,swingCornerBank,1.000,2,0.231 0.320 -0.189 0.554 0.473 0.513 -0.397 0.437 -0.088 -0.366,-246.45,57.83,9.83,-5.50,-98.25,107.05,384,592,832,984,0.367,0.565 0.597 0.365 -0.402,10.9,1,0.000,0.000,0.4765,-1.73,,-1.000,0.0,0.0,0.0,,,51.4,-46.3,34.6,,0.001,-85.0,4.0,-1.00,-1.0,0.0,0,5011
524,8.7333,swing,swingHigh,-247.889,52.284,10.411,-2.272,-33.732,24.541,41.777,33.809,9.298,-237.51,75.80,29.86,24.06,1.000,3,,0,0.00,0.00,0.00,-246.533,56.680,10.611,-99.55,-5.50,74.03,4.604,0.759,-0.00,1.00,1,0,0,0,0,0,-5.50,3.21,-8.75,0.2131,0.0968,0.4456,1,4.604,0,0.449,0,swing,swingHigh,1.000,2,0.222 0.315 -0.205 0.547 0.463 0.501 -0.350 0.497 -0.081 -0.342,-246.49,57.25,10.21,-5.50,-98.93,106.80,388,588,840,988,0.363,0.557 0.586 0.426 -0.379,10.7,1,0.000,0.000,0.4802,-1.72,,-1.000,0.0,0.0,0.0,,,52.0,-47.0,34.8,,0.001,-85.0,4.0,-1.00,-1.0,0.0,0,5009
525,8.7500,swing,swingHigh,-247.924,51.728,10.828,-1.951,-32.979,25.454,41.705,33.037,9.715,-237.51,75.80,29.86,24.06,1.000,3,,0,0.00,0.00,0.00,-246.567,56.124,11.028,-100.13,-5.50,73.80,4.604,0.752,-0.00,1.00,1,0,0,0,0,0,-5.50,3.03,-8.77,0.2088,0.0974,0.4456,1,4.604,0,0.446,0,swing,swingCornerBank,1.000,2,0.220 0.308 -0.210 0.546 0.458 0.485 -0.332 0.526 -0.080 -0.328,-246.53,56.68,10.61,-5.50,-99.55,106.55,388,584,844,996,0.356,0.556 0.572 0.457 -0.366,11.3,1,0.000,0.000,0.4842,-1.67,,-1.000,0.0,0.0,0.0,,,52.8,-47.7,36.0,,0.001,-85.0,4.0,-1.00,-1.0,0.0,0,5008
526,8.7667,swing,swingHigh,-247.953,51.185,11.259,-1.638,-32.195,26.335,41.627,32.237,10.146,-237.51,75.80,29.86,24.06,1.000,3,,0,0.00,0.00,0.00,-246.597,55.581,11.459,-100.66,-5.50,73.59,4.604,0.745,-0.00,1.00,1,0,0,0,0,0,-5.50,2.83,-8.78,0.2052,0.0979,0.4467,1,4.604,0,0.443,0,swing,swingCornerBank,1.000,2,0.222 0.299 -0.207 0.547 0.455 0.468 -0.341 0.530 -0.083 -0.323,-246.57,56.12,11.03,-5.50,-100.13,106.32,392,584,852,1004,0.347,0.560 0.554 0.462 -0.361,12.2,1,0.000,0.000,0.4882,-1.60,,-1.000,0.0,0.0,0.0,,,53.9,-48.4,37.8,,0.001,-85.0,4.0,-1.00,-1.0,0.0,0,5007
527,8.7833,swing,swingHigh,-247.977,50.656,11.705,-1.333,-31.382,27.185,41.540,31.410,10.592,-237.51,75.80,29.86,24.06,1.000,3,,0,0.00,0.00,0.00,-246.621,55.051,11.905,-101.15,-5.50,73.38,4.604,0.738,-0.00,1.00,1,0,0,0,0,0,-5.50,2.59,-8.80,0.2016,0.0983,0.4477,1,4.604,0,0.440,0,swing,swingCornerBank,1.000,2,0.224 0.291 -0.204 0.549 0.451 0.452 -0.349 0.532 -0.086 -0.317,-246.60,55.58,11.46,-5.50,-100.66,106.11,392,584,860,1012,0.339,0.564 0.538 0.465 -0.357,13.1,1,0.000,0.000,0.4921,-1.52,,-1.000,0.0,0.0,0.0,,,54.8,-49.1,39.5,,0.000,-85.0,4.0,-1.00,-1.0,0.0,0,5006
528,8.8000,swing,swingHigh,-247.996,50.140,12.165,-1.039,-30.540,28.001,41.447,30.558,11.052,-237.51,75.80,29.86,24.06,1.000,3,,0,0.00,0.00,0.00,-246.641,54.536,12.365,-101.61,-5.50,73.19,4.604,0.732,-0.00,1.00,1,0,0,0,0,0,-5.50,2.32,-8.82,0.1980,0.0986,0.4487,1,4.604,0,0.436,0,swing,swingCornerBank,1.000,2,0.226 0.282 -0.201 0.549 0.447 0.436 -0.357 0.534 -0.088 -0.312,-246.62,55.05,11.91,-5.50,-101.15,105.90,396,580,868,1020,0.331,0.566 0.522 0.468 -0.352,14.0,1,0.000,0.000,0.4958,-1.45,,-1.000,0.0,0.0,0.0,,,55.8,-49.8,41.1,,0.000,-85.0,4.0,-1.00,-1.0,0.0,0,5005
529,8.8167,swing,swingHigh,-248.010,49.638,12.638,-0.755,-29.673,28.783,41.346,29.682,11.525,-237.51,75.80,29.86,24.06,1.000,3,,0,0.00,0.00,0.00,-246.655,54.034,12.838,-102.04,-5.50,73.01,4.604,0.725,-0.00,1.00,1,0,0,0,0,0,-5.50,2.02,-8.83,0.1944,0.0988,0.4497,1,4.604,0,0.433,0,swing,swingCornerBank,1.000,2,0.227 0.274 -0.198 0.550 0.441 0.420 -0.364 0.534 -0.091 -0.306,-246.64,54.54,12.36,-5.50,-101.61,105.71,400,580,872,1028,0.323,0.568 0.507 0.469 -0.347,14.7,1,0.000,0.000,0.4992,-1.38,,-1.000,0.0,0.0,0.0,,,56.7,-50.5,42.7,,0.000,-85.0,4.0,-1.00,-1.0,0.0,0,5004
530,8.8333,swing,swingHigh,-248.020,49.151,13.123,-0.479,-28.780,29.530,41.238,28.784,12.010,-237.51,75.80,29.86,24.06,1.000,3,,0,0.00,0.00,0.00,-246.664,53.547,13.323,-102.45,-5.50,72.84,4.604,0.719,-0.00,1.00,1,0,0,0,0,0,-5.50,1.69,-8.85,0.1908,0.0989,0.4506,1,4.604,0,0.429,0,swing,swingCornerBank,1.000,2,0.228 0.266 -0.195 0.549 0.436 0.405 -0.371 0.534 -0.092 -0.300,-246.66,54.03,12.84,-5.50,-102.04,105.53,404,580,876,1036,0.315,0.569 0.492 0.470 -0.342,15.5,1,0.000,0.000,0.5025,-1.31,,-1.000,0.0,0.0,0.0,,,57.6,-51.1,44.2,,0.000,-85.0,4.0,-1.00,-1.0,0.0,0,5003
531,8.8500,swing,swingHigh,-248.025,48.679,13.621,-0.215,-27.865,30.242,41.123,27.866,12.508,-237.51,75.80,29.86,24.06,1.000,3,,0,0.00,0.00,0.00,-246.669,53.075,13.821,-102.84,-5.50,72.69,4.604,0.713,-0.00,1.00,1,0,0,0,0,0,-5.50,1.34,-8.87,0.1873,0.1000,0.4514,1,4.604,0,0.425,0,swing,swingCornerBank,1.000,2,0.228 0.259 -0.193 0.547 0.430 0.391 -0.378 0.532 -0.094 -0.294,-246.66,53.55,13.32,-5.50,-102.45,105.36,404,576,880,1040,0.307,0.570 0.477 0.470 -0.337,16.2,1,0.000,0.000,0.5049,-1.22,,-1.000,0.0,0.0,0.0,,,58.5,-51.8,45.6,,0.000,-85.0,4.0,-1.00,-1.0,0.0,0,5003
532,8.8667,air,trick,-248.028,48.287,13.698,-0.363,-47.065,9.262,47.969,47.066,12.585,0.00,0.00,0.00,0.00,0.000,3,backDouble,0,0.00,0.00,0.00,-246.652,52.677,14.017,-103.44,-7.18,72.54,4.611,0.709,-0.00,1.00,0,0,0,0,0,0,-7.18,0.91,-8.88,0.2119,0.0953,0.4323,1,4.611,0,0.422,1,swing,swingCornerBank,1.000,2,0.213 0.295 -0.203 0.569 0.397 0.454 -0.372 0.477 -0.080 -0.328,-246.67,53.08,13.82,-5.50,-102.84,105.20,404,576,884,1044,0.354,0.593 0.559 0.390 -0.381,-1.0,0,0.000,0.000,0.4816,-1.06,backDouble,0.000,-0.0,0.0,-144.9,Tuck,Tuck,52.9,-45.7,39.9,,0.008,-16.4,-1.4,0.00,-1.0,0.0,0,5106
533,8.8833,air,trick,-248.034,47.504,13.850,-0.363,-46.971,9.082,47.842,46.972,12.737,0.00,0.00,0.00,0.00,0.000,3,backDouble,0,0.00,0.00,0.00,-246.735,51.913,14.156,-102.77,-7.39,72.41,4.607,0.707,-0.00,1.00,0,0,0,0,0,0,-7.39,0.41,-8.90,0.2228,0.0932,0.4257,1,4.607,0,0.421,0,flip_backDouble,swingCornerBank,1.000,0,0.200 0.313 -0.210 0.581 0.369 0.484 -0.363 0.442 -0.069 -0.345,-246.65,52.68,14.02,-7.18,-103.44,105.05,376,568,852,996,0.372,0.604 0.591 0.349 -0.399,-1.0,0,0.000,0.000,0.4822,-1.10,backDouble,0.017,-2.5,0.0,-159.2,Tuck,Tuck,50.7,-44.0,36.7,,0.030,-17.3,-1.3,0.00,-1.0,0.0,0,5385
534,8.9000,air,trick,-248.040,46.722,14.000,-0.362,-46.877,8.902,47.716,46.878,12.887,0.00,0.00,0.00,0.00,0.000,3,backDouble,0,0.00,0.00,0.00,-246.800,51.138,14.281,-102.35,-7.36,72.28,4.595,0.708,-0.00,1.00,0,0,0,0,0,0,-7.36,-0.16,-8.92,0.2110,0.0939,0.4214,1,4.595,0,0.420,0,flip_backDouble,swingCornerBank,1.000,0,0.148 0.317 -0.240 0.559 0.339 0.437 -0.334 0.474 -0.077 -0.297,-246.74,51.91,14.16,-7.39,-102.77,104.92,372,560,852,1000,0.377,0.573 0.552 0.386 -0.354,-1.0,0,0.000,0.000,0.4819,-1.13,backDouble,0.033,-5.4,0.0,-196.7,Tuck,Tuck,50.0,-45.8,31.0,,0.061,-18.6,-1.2,0.00,-1.0,0.0,0,5795
535,8.9167,air,trick,-248.046,45.942,14.146,-0.361,-46.783,8.722,47.591,46.784,13.033,0.00,0.00,0.00,0.00,0.000,3,backDouble,0,0.00,0.00,0.00,-246.845,50.345,14.403,-102.20,-7.25,72.17,4.571,0.711,-0.00,1.00,0,0,0,0,0,0,-7.25,-0.74,-8.93,0.1892,0.0950,0.4173,1,4.571,0,0.421,0,flip_backDouble,swingCornerBank,1.000,0,0.154 0.307 -0.220 0.578 0.350 0.381 -0.306 0.480 -0.048 -0.205,-246.80,51.14,14.28,-7.36,-102.35,104.79,372,544,860,1008,0.368,0.592 0.498 0.400 -0.264,-1.0,0,0.000,0.000,0.4854,-1.16,backDouble,0.050,-9.1,0.0,-248.9,Tuck,Tuck,51.2,-46.9,32.4,,0.100,-20.4,-1.0,0.00,-1.0,0.0,0,6299
536,8.9333,air,trick,-248.052,45.164,14.289,-0.361,-46.689,8.542,47.466,46.691,13.176,0.00,0.00,0.00,0.00,0.000,3,backDouble,0,0.00,0.00,0.00,-246.866,49.531,14.521,-102.38,-7.08,72.06,4.532,0.715,-0.00,1.00,0,0,0,0,0,0,-7.08,-1.34,-8.95,0.1676,0.0979,0.4103,1,4.532,0,0.422,0,flip_backDouble,swingCornerBank,1.000,0,0.150 0.300 -0.209 0.596 0.370 0.345 -0.270 0.458 0.014 -0.088,-246.84,50.34,14.40,-7.25,-102.20,104.68,368,528,864,1020,0.360,0.608 0.461 0.390 -0.145,-1.0,0,0.000,0.000,0.4892,-1.18,backDouble,0.067,-13.8,0.0,-307.7,Tuck,Tuck,52.1,-48.0,32.8,,0.144,-22.3,-0.8,0.00,-1.0,0.0,0,6867
537,8.9500,air,trick,-248.058,44.387,14.429,-0.360,-46.596,8.362,47.342,46.597,13.316,0.00,0.00,0.00,0.00,0.000,3,backDouble,0,0.00,0.00,0.00,-246.858,48.695,14.633,-102.99,-6.84,71.97,4.477,0.721,-0.00,1.00,0,0,0,0,0,0,-6.84,-1.92,-8.97,0.1539,0.1036,0.4004,1,4.477,0,0.423,0,flip_backDouble,flipTuck,1.000,0,0.133 0.293 -0.203 0.610 0.402 0.332 -0.222 0.407 0.088 0.019,-246.87,49.53,14.52,-7.08,-102.38,104.57,364,512,868,1036,0.352,0.619 0.446 0.353 -0.028,-1.0,0,0.000,0.000,0.4938,-1.19,backDouble,0.083,-19.4,0.0,-364.7,Tuck,Tuck,53.0,-49.4,32.2,,0.190,-24.5,-0.6,0.00,-1.0,0.0,0,7475
538,8.9667,air,trick,-248.064,43.611,14.566,-0.359,-46.503,8.182,47.219,46.504,13.453,0.00,0.00,0.00,0.00,0.000,3,backDouble,0,0.00,0.00,0.00,-246.814,47.835,14.738,-104.13,-6.51,71.88,4.408,0.728,-0.00,1.00,0,0,0,0,0,0,-6.51,-2.50,-8.98,0.1492,0.1113,0.3917,1,4.408,0,0.424,0,flip_backDouble,flipTuck,1.000,0,0.103 0.286 -0.202 0.617 0.439 0.348 -0.170 0.343 0.151 0.091,-246.86,48.70,14.63,-6.84,-102.99,104.47,356,512,872,1056,0.342,0.622 0.455 0.303 0.057,-1.0,0,0.000,0.000,0.4990,-1.20,backDouble,0.100,-25.9,0.0,-411.1,Tuck,Tuck,54.0,-51.1,30.7,,0.239,-26.8,-0.4,0.00,-1.0,0.0,0,8105
539,8.9833,air,trick,-248.070,42.837,14.700,-0.358,-46.410,8.002,47.096,46.411,13.587,0.00,0.00,0.00,0.00,0.000,3,backDouble,0,0.00,0.00,0.00,-246.731,46.950,14.835,-105.88,-6.09,71.80,4.327,0.735,-0.00,1.00,0,0,0,0,0,0,-6.09,-3.05,-9.00,0.1618,0.1181,0.3857,1,4.327,0,0.426,0,flip_backDouble,flipTuck,1.000,0,0.062 0.277 -0.201 0.614 0.468 0.389 -0.127 0.285 0.191 0.125,-246.81,47.83,14.74,-6.51,-104.13,104.38,348,512,876,1068,0.330,0.616 0.486 0.256 0.104,-1.0,0,0.000,0.000,0.5031,-1.19,backDouble,0.117,-33.0,0.0,-437.5,Tuck,Tuck,55.2,-53.1,28.6,,0.288,-29.2,-0.2,0.00,-1.0,0.0,0,8741
540,9.0000,air,trick,-248.076,42.065,14.831,-0.358,-46.317,7.822,46.975,46.319,13.718,0.00,0.00,0.00,0.00,0.000,3,backDouble,0,0.00,0.00,0.00,-246.611,46.041,14.927,-108.25,-5.62,71.72,4.238,0.743,-0.00,1.00,0,0,0,0,0,0,-5.62,-3.59,-9.02,0.1748,0.1210,0.3796,1,4.238,0,0.427,0,flip_backDouble,flipTuck,1.000,0,0.011 0.267 -0.200 0.604 0.471 0.445 -0.096 0.244 0.209 0.136,-246.73,46.95,14.84,-6.09,-105.88,104.30,340,512,880,1072,0.316,0.604 0.527 0.222 0.124,-1.0,0,0.000,0.000,0.5047,-1.18,backDouble,0.133,-40.3,0.0,-445.3,Tuck,Tuck,56.8,-55.3,25.8,,0.336,-31.6,0.0,0.00,-1.0,0.0,0,9372
541,9.0167,air,trick,-248.082,41.294,14.959,-0.357,-46.225,7.642,46.854,46.226,13.846,0.00,0.00,0.00,0.00,0.000,3,backDouble,0,0.00,0.00,0.00,-246.463,45.111,15.017,-111.17,-5.13,71.65,4.146,0.751,-0.00,1.00,0,0,0,0,0,0,-5.13,-4.09,-9.03,0.1820,0.1192,0.3764,1,4.146,0,0.429,0,flip_backDouble,flipTuck,1.000,0,-0.046 0.256 -0.200 0.589 0.440 0.490 -0.075 0.222 0.217 0.139,-246.61,46.04,14.93,-5.62,-108.25,104.22,336,512,880,1064,0.300,0.588 0.556 0.206 0.134,-1.0,0,0.000,0.000,0.5031,-1.16,backDouble,0.150,-47.8,0.0,-453.3,Tuck,Tuck,58.5,-57.6,22.6,,0.384,-34.0,0.2,0.00,-1.0,0.0,0,9990
542,9.0333,air,trick,-248.088,40.525,15.085,-0.356,-46.132,7.462,46.733,46.134,13.972,0.00,0.00,0.00,0.00,0.000,3,backDouble,0,0.00,0.00,0.00,-246.307,44.142,15.107,-114.57,-4.68,71.59,4.031,0.760,-0.00,1.00,0,0,0,0,0,0,-4.68,-4.57,-9.05,0.1809,0.1158,0.3775,1,4.031,0,0.430,0,flip_backDouble,flipTuck,1.000,0,-0.108 0.234 -0.207 0.572 0.380 0.500 -0.061 0.219 0.220 0.144,-246.46,45.11,15.02,-5.13,-111.17,104.15,340,512,872,1052,0.273,0.570 0.551 0.205 0.144,-1.0,0,0.000,0.000,0.4989,-1.14,backDouble,0.167,-55.4,0.0,-462.2,Tuck,Tuck,61.5,-61.0,19.5,,0.430,-36.5,0.5,0.00,-1.0,0.0,0,10588
543,9.0500,air,trick,-248.094,39.757,15.207,-0.356,-46.040,7.282,46.614,46.041,14.094,0.00,0.00,0.00,0.00,0.000,3,backDouble,0,0.00,0.00,0.00,-246.162,43.129,15.199,-118.17,-4.26,71.53,3.886,0.768,-0.00,1.00,0,0,0,0,0,0,-4.26,-5.03,-9.07,0.1753,0.1149,0.3819,1,3.886,0,0.431,0,flip_backDouble,flipTuck,1.000,0,-0.173 0.190 -0.229 0.551 0.309 0.470 -0.053 0.227 0.216 0.155,-246.31,44.14,15.11,-4.68,-114.57,104.09,352,512,860,1040,0.224,0.550 0.510 0.215 0.158,-1.0,0,0.000,0.000,0.4921,-1.11,backDouble,0.183,-63.2,0.0,-472.0,Tuck,Tuck,66.8,-66.6,18.0,,0.474,-39.1,0.7,0.00,-1.0,0.0,4,11161
544,9.0667,air,trick,-248.099,38.991,15.326,-0.355,-45.948,7.102,46.495,45.949,14.213,0.00,0.00,0.00,0.00,0.000,3,backDouble,0,0.00,0.00,0.00,-246.027,42.114,15.293,-121.77,-3.90,71.48,3.748,0.776,-0.00,1.00,0,0,0,0,0,0,-3.90,-5.46,-9.08,0.1693,0.1178,0.3875,1,3.748,0,0.432,0,flip_backDouble,flipTuck,1.000,0,-0.234 0.136 -0.266 0.529 0.249 0.423 -0.054 0.234 0.206 0.166,-246.16,43.13,15.20,-4.26,-118.17,104.03,360,512,848,1028,0.165,0.529 0.457 0.225 0.171,-1.0,0,0.000,0.000,0.4842,-1.08,backDouble,0.200,-71.2,0.0,-482.7,Tuck,Tuck,73.1,-73.0,17.8,,0.516,-41.7,0.9,0.00,-1.0,0.0,4,11707
545,9.0833,air,trick,-248.105,38.226,15.442,-0.354,-45.856,6.922,46.377,45.858,14.329,0.00,0.00,0.00,0.00,0.000,3,backDouble,0,0.00,0.00,0.00,-245.903,41.117,15.389,-125.37,-3.58,71.43,3.635,0.784,-0.00,1.00,0,0,0,0,0,0,-3.58,-5.86,-9.10,0.1710,0.1213,0.3899,1,3.635,0,0.433,0,flip_backDouble,flipTuck,1.000,0,-0.289 0.074 -0.311 0.500 0.196 0.371 -0.060 0.240 0.190 0.176,-246.03,42.11,15.29,-3.90,-121.77,103.98,356,512,832,1016,0.099,0.500 0.400 0.232 0.183,-1.0,0,0.000,0.000,0.4765,-1.04,backDouble,0.217,-79.3,0.0,-494.4,Tuck,Tuck,80.0,-79.9,20.2,,0.556,-44.2,1.1,0.00,-1.0,0.0,4,12223
546,9.1000,air,trick,-248.111,37.463,15.555,-0.353,-45.764,6.742,46.260,45.766,14.442,0.00,0.00,0.00,0.00,0.000,3,backDouble,0,0.00,0.00,0.00,-245.789,40.146,15.485,-128.97,-3.32,71.39,3.549,0.792,-0.00,1.00,0,0,0,0,0,0,-3.32,-6.24,-9.12,0.1765,0.1221,0.3921,1,3.549,0,0.434,0,flip_backDouble,flipTuck,1.000,0,-0.337 0.007 -0.360 0.464 0.125 0.343 -0.071 0.243 0.169 0.183,-245.90,41.12,15.39,-3.58,-125.37,103.93,352,512,820,1000,0.028,0.464 0.372 0.236 0.191,-1.0,0,0.000,0.000,0.4695,-1.00,backDouble,0.233,-87.7,0.0,-506.9,Tuck,Tuck,87.2,-87.2,37.2,,0.593,-46.7,1.3,0.00,-1.0,0.0,4,12708
547,9.1167,air,trick,-248.117,36.702,15.665,-0.353,-45.673,6.562,46.143,45.674,14.552,0.00,0.00,0.00,0.00,0.000,3,backDouble,0,0.00,0.00,0.00,-245.685,39.198,15.580,-132.57,-3.10,71.35,3.487,0.800,-0.00,1.00,0,0,0,0,0,0,-3.10,-6.60,-9.13,0.1867,0.1266,0.4000,1,3.487,0,0.434,0,flip_backDouble,flipTuck,1.000,0,-0.375 -0.064 -0.411 0.419 0.051 0.306 -0.086 0.243 0.142 0.187,-245.79,40.15,15.48,-3.32,-128.97,103.88,356,520,804,1000,-0.047,0.418 0.334 0.237 0.196,-1.0,0,0.000,0.000,0.4673,-0.96,backDouble,0.250,-96.2,0.0,-520.3,Tuck,Tuck,94.8,-94.8,170.6,,0.628,-49.1,1.5,0.00,-1.0,0.0,4,13162
548,9.1333,air,trick,-248.123,35.942,15.772,-0.352,-45.582,6.382,46.028,45.583,14.659,0.00,0.00,0.00,0.00,0.000,3,backDouble,0,0.00,0.00,0.00,-245.591,38.270,15.675,-136.17,-2.92,71.32,3.441,0.807,-0.00,1.00,0,0,0,0,0,0,-2.92,-6.94,-9.15,0.1966,0.1287,0.4093,1,3.441,0,0.435,0,flip_backDouble,flipTuck,1.000,0,-0.402 -0.138 -0.460 0.366 -0.025 0.260 -0.104 0.239 0.111 0.187,-245.68,39.20,15.58,-3.10,-132.57,103.84,356,532,796,1000,-0.125,0.364 0.287 0.234 0.196,-1.0,0,0.000,0.000,0.4673,-0.91,backDouble,0.267,-105.0,0.0,-534.5,Tuck,Tuck,102.7,-102.7,-178.2,,0.660,-51.4,1.6,0.00,-1.0,0.0,4,13585
549,9.1500,air,trick,-248.129,35.183,15.876,-0.351,-45.491,6.202,45.913,45.492,14.763,0.00,0.00,0.00,0.00,0.000,3,backDouble,0,0.00,0.00,0.00,-245.508,37.357,15.769,-139.46,-2.77,71.28,3.407,0.814,-0.00,1.00,0,0,0,0,0,0,-2.77,-7.26,-9.17,0.2027,0.1279,0.4201,1,3.407,0,0.435,0,flip_backDouble,flipTuck,1.000,0,-0.413 -0.214 -0.506 0.304 -0.097 0.205 -0.125 0.231 0.077 0.183,-245.59,38.27,15.68,-2.92,-136.17,103.81,364,544,792,1000,-0.204,0.301 0.231 0.227 0.192,-1.0,0,0.000,0.000,0.4670,-0.87,backDouble,0.283,-114.1,0.0,-549.6,Tuck,Tuck,111.0,-111.0,-176.1,,0.691,-53.6,1.8,0.00,-1.0,0.0,0,13977
550,9.1667,air,trick,-248.135,34.426,15.978,-0.351,-45.400,6.022,45.799,45.401,14.865,0.00,0.00,0.00,0.00,0.000,3,backDouble,0,0.00,0.00,0.00,-245.434,36.457,15.860,-142.26,-2.65,71.25,3.381,0.820,-0.00,1.00,0,0,0,0,0,0,-2.65,-7.57,-9.18,0.2036,0.1242,0.4328,1,3.381,0,0.435,0,flip_backDouble,flipTuck,1.000,0,-0.406 -0.288 -0.545 0.233 -0.159 0.142 -0.149 0.218 0.042 0.173,-245.51,37.36,15.77,-2.77,-139.46,103.77,372,560,792,996,-0.281,0.229 0.165 0.214 0.183,-1.0,0,0.000,0.000,0.4653,-0.82,backDouble,0.300,-123.3,0.0,-565.5,Tuck,Tuck,119.6,-119.6,-175.5,,0.719,-55.8,2.0,0.00,-1.0,0.0,0,14341
551,9.1833,air,trick,-248.141,33.671,16.076,-0.350,-45.309,5.842,45.685,45.310,14.963,0.00,0.00,0.00,0.00,0.000,3,backDouble,0,0.00,0.00,0.00,-245.369,35.570,15.950,-144.85,-2.56,71.23,3.362,0.826,-0.00,1.00,0,0,0,0,0,0,-2.56,-7.86,-9.20,0.2033,0.1177,0.4490,1,3.362,0,0.435,0,flip_backDouble,flipTuck,1.000,0,-0.382 -0.360 -0.575 0.155 -0.211 0.070 -0.173 0.201 0.006 0.158,-245.43,36.46,15.86,-2.65,-142.26,103.74,388,576,792,988,-0.355,0.151 0.092 0.197 0.168,-1.0,0,0.000,0.000,0.4642,-0.78,backDouble,0.317,-132.9,0.0,-582.0,Tuck,Tuck,128.6,-128.6,-175.5,,0.744,-57.8,2.1,0.00,-1.0,0.0,0,14676
552,9.2000,air,trick,-248.146,32.917,16.171,-0.349,-45.218,5.662,45.573,45.220,15.058,0.00,0.00,0.00,0.00,0.000,3,backDouble,0,0.00,0.00,0.00,-245.313,34.694,16.037,-147.25,-2.48,71.20,3.347,0.832,-0.00,1.00,0,0,0,0,0,0,-2.48,-8.13,-9.22,0.2057,0.1112,0.4617,1,3.347,0,0.435,0,flip_backDouble,flipTuck,1.000,0,-0.341 -0.425 -0.594 0.072 -0.252 -0.008 -0.197 0.178 -0.028 0.138,-245.37,35.57,15.95,-2.56,-144.85,103.71,404,596,796,988,-0.422,0.066 0.012 0.174 0.148,-1.0,0,0.000,0.000,0.4624,-0.75,backDouble,0.333,-142.7,0.0,-599.2,Tuck,Tuck,137.9,-138.0,-175.6,,0.768,-59.7,2.2,0.00,-1.0,0.0,0,14985
553,9.2167,air,trick,-248.152,32.164,16.263,-0.348,-45.128,5.482,45.461,45.129,15.150,0.00,0.00,0.00,0.00,0.000,3,backDouble,0,0.00,0.00,0.00,-245.264,33.827,16.122,-149.47,-2.41,71.18,3.336,0.837,-0.00,1.00,0,0,0,0,0,0,-2.41,-8.39,-9.23,0.2154,0.1133,0.4680,1,3.336,0,0.435,0,flip_backDouble,flipTuck,1.000,0,-0.284 -0.481 -0.599 -0.016 -0.277 -0.091 -0.219 0.150 -0.060 0.113,-245.31,34.69,16.04,-2.48,-147.25,103.69,400,616,800,988,-0.480,-0.023 -0.072 0.146 0.122,-1.0,0,0.000,0.000,0.4616,-0.71,backDouble,0.350,-152.9,0.0,-616.9,Tuck,Tuck,147.5,-147.7,-175.8,,0.790,-61.5,2.4,0.00,-1.0,0.0,0,15268
554,9.2333,air,trick,-248.158,31.355,16.377,-0.375,-48.531,6.802,49.006,48.532,15.264,0.00,0.00,0.00,0.00,0.000,3,backDouble,0,0.00,0.00,0.00,-245.221,32.917,16.227,-151.44,-2.33,71.16,3.330,0.842,-0.00,1.00,0,0,0,0,0,0,-2.33,-8.64,-9.25,0.2194,0.1135,0.4737,1,3.330,0,0.434,0,flip_backDouble,flipTuck,1.000,0,-0.210 -0.526 -0.589 -0.106 -0.285 -0.176 -0.239 0.117 -0.089 0.082,-245.26,33.83,16.12,-2.41,-149.47,103.67,400,632,804,988,-0.526,-0.114 -0.159 0.113 0.091,-1.0,0,0.000,0.000,0.4618,-0.68,backDouble,0.367,-163.3,0.0,-634.8,Tuck,Tuck,157.6,-157.9,-176.0,,0.810,-63.3,2.5,0.00,-1.0,0.0,0,15527
555,9.2500,air,trick,-248.163,30.547,16.488,-0.269,-48.434,6.622,48.886,48.435,15.375,0.00,0.00,0.00,0.00,0.000,3,backDouble,0,0.00,0.00,0.00,-245.184,32.011,16.333,-153.35,-2.30,71.14,3.323,0.847,-0.00,1.00,0,0,0,0,0,0,-2.30,-8.87,-9.27,0.2174,0.1115,0.4787,1,3.323,0,0.434,0,flip_backDouble,flipTuck,1.000,0,-0.124 -0.555 -0.561 -0.194 -0.276 -0.261 -0.253 0.079 -0.112 0.046,-245.22,32.92,16.23,-2.33,-151.44,103.65,404,644,804,988,-0.556,-0.203 -0.245 0.075 0.054,-1.0,0,0.000,0.000,0.4631,-0.64,backDouble,0.383,-174.0,0.0,-652.9,Tuck,Tuck,167.8,-168.4,-176.2,,0.828,-64.9,2.6,0.00,-1.0,0.0,0,15765
556,9.2667,air,trick,-248.166,29.741,16.596,-0.118,-48.338,6.442,48.766,48.338,15.483,0.00,0.00,0.00,0.00,0.000,3,backDouble,0,0.00,0.00,0.00,-245.149,31.112,16.436,-155.11,-2.28,71.13,3.318,0.853,-0.00,1.00,0,0,0,0,0,0,-2.28,-9.09,-9.28,0.2098,0.1151,0.4830,1,3.318,0,0.433,0,flip_backDouble,flipTuck,1.000,0,-0.029 -0.565 -0.516 -0.275 -0.249 -0.342 -0.261 0.039 -0.129 0.006,-245.18,32.01,16.33,-2.30,-153.35,103.63,412,652,804,988,-0.567,-0.285 -0.327 0.035 0.014,-1.0,0,0.000,0.000,0.4695,-0.61,backDouble,0.400,-185.1,0.0,-670.8,Tuck,Tuck,176.1,-179.2,-176.2,,0.845,-66.4,2.7,0.00,-1.0,0.0,0,15981
557,9.2833,air,trick,-248.166,28.937,16.701,0.000,-48.242,6.262,48.646,48.242,15.588,0.00,0.00,0.00,0.00,0.000,3,backDouble,0,0.00,0.00,0.00,-245.117,30.222,16.536,-156.73,-2.26,71.11,3.313,0.859,-0.00,1.00,0,0,0,0,0,0,-2.26,-9.30,-9.30,0.2052,0.1179,0.4907,1,3.313,0,0.433,0,flip_backDouble,flipTuck,1.000,0,0.073 -0.555 -0.454 -0.347 -0.203 -0.414 -0.262 -0.002 -0.138 -0.035,-245.15,31.11,16.44,-2.28,-155.11,103.61,420,652,816,996,-0.558,-0.358 -0.400 -0.007 -0.028,-1.0,0,0.000,0.000,0.4779,-0.58,backDouble,0.417,-196.4,0.0,-688.3,Tuck,Tuck,168.9,169.6,-176.0,,0.860,-67.8,2.8,0.00,-1.0,0.0,0,16179
558,9.3000,air,trick,-248.166,28.134,16.804,0.000,-48.145,6.082,48.528,48.145,15.691,0.00,0.00,0.00,0.00,0.000,3,backDouble,0,0.00,0.00,0.00,-245.088,29.340,16.633,-158.23,-2.25,71.10,3.310,0.865,-0.00,1.00,0,0,0,0,0,0,-2.25,-9.50,-9.32,0.1943,0.1185,0.4965,1,3.310,0,0.432,0,flip_backDouble,flipTuck,1.000,0,0.177 -0.523 -0.375 -0.407 -0.140 -0.473 -0.255 -0.045 -0.138 -0.078,-245.12,30.22,16.54,-2.26,-156.73,103.60,432,648,828,1012,-0.527,-0.419 -0.461 -0.050 -0.070,-1.0,0,0.000,0.000,0.4872,-0.55,backDouble,0.433,-208.0,0.0,-705.0,Tuck,Tuck,157.9,158.2,-176.0,,0.874,-69.1,2.9,0.00,-1.0,0.0,0,16358
559,9.3167,air,trick,-248.166,27.333,16.903,0.000,-48.049,5.902,48.410,48.049,15.790,0.00,0.00,0.00,0.00,0.000,3,backDouble,0,0.00,0.00,0.00,-245.063,28.465,16.728,-159.61,-2.24,71.09,3.308,0.871,-0.00,1.00,0,0,0,0,0,0,-2.24,-9.69,-9.33,0.1775,0.1167,0.5002,1,3.308,0,0.432,0,flip_backDouble,flipTuck,1.000,0,0.278 -0.470 -0.282 -0.450 -0.061 -0.515 -0.239 -0.086 -0.129 -0.118,-245.09,29.34,16.63,-2.25,-158.23,103.58,440,640,844,1032,-0.473,-0.463 -0.504 -0.091 -0.111,-1.0,0,0.000,0.000,0.4972,-0.53,backDouble,0.450,-219.9,0.0,-720.5,Tuck,Tuck,146.4,146.5,-176.0,,0.886,-70.4,3.0,0.00,-1.0,0.0,0,16521
560,9.3333,air,trick,-248.166,26.533,16.999,0.000,-47.953,5.722,48.293,47.953,15.886,0.00,0.00,0.00,0.00,0.000,3,backDouble,0,0.00,0.00,0.00,-245.041,27.597,16.819,-160.89,-2.24,71.08,3.306,0.876,0.00,1.00,0,0,0,0,0,0,-2.24,-9.88,-9.35,0.1746,0.1145,0.4998,1,3.306,0,0.431,0,flip_backDouble,flipTuck,1.000,0,0.370 -0.395 -0.179 -0.474 0.030 -0.538 -0.214 -0.124 -0.111 -0.155,-245.06,28.47,16.73,-2.24,-159.61,103.57,436,624,864,1052,-0.398,-0.488 -0.527 -0.129 -0.149,-1.0,0,0.000,0.000,0.5064,-0.50,backDouble,0.467,-232.0,0.0,-734.5,Tuck,Tuck,134.5,134.6,-176.0,,0.898,-71.5,3.1,0.00,-1.0,0.0,0,16669
561,9.3500,air,trick,-248.166,25.735,17.092,0.000,-47.857,5.542,48.177,47.857,15.979,0.00,0.00,0.00,0.00,0.000,3,backDouble,0,0.00,0.00,0.00,-245.022,26.736,16.909,-162.06,-2.24,71.07,3.305,0.882,0.00,1.00,0,0,0,0,0,0,-2.24,-10.06,-9.37,0.1826,0.1183,0.5005,1,3.305,0,0.431,0,flip_backDouble,flipTuck,1.000,0,0.447 -0.301 -0.068 -0.477 0.127 -0.539 -0.182 -0.156 -0.085 -0.187,-245.04,27.60,16.82,-2.24,-160.89,103.56,436,612,876,1068,-0.304,-0.491 -0.528 -0.162 -0.181,-1.0,0,0.000,0.000,0.5111,-0.48,backDouble,0.483,-244.4,0.0,-746.4,Tuck,Tuck,122.4,122.4,-176.0,,0.908,-72.6,3.2,0.00,-1.0,0.0,0,16803
562,9.3667,air,trick,-248.166,24.939,17.182,0.000,-47.761,5.362,48.061,47.761,16.069,0.00,0.00,0.00,0.00,0.000,3,backDouble,0,0.00,0.00,0.00,-245.006,25.881,16.995,-163.14,-2.24,71.06,3.303,0.887,0.00,1.00,0,0,0,0,0,0,-2.24,-10.24,-9.38,0.1874,0.1189,0.4970,1,3.303,0,0.430,0,flip_backDouble,flipTuck,1.000,0,0.505 -0.192 0.043 -0.456 0.227 -0.516 -0.142 -0.181 -0.050 -0.211,-245.02,26.74,16.91,-2.24,-162.06,103.55,436,612,880,1092,-0.195,-0.470 -0.506 -0.188 -0.205,-1.0,0,0.000,0.000,0.5154,-0.45,backDouble,0.500,-256.9,0.0,-755.9,Tuck,Tuck,110.1,110.1,-175.9,,0.917,-73.6,3.2,0.00,-1.0,0.0,0,16924
563,9.3833,air,trick,-248.166,24.144,17.269,0.000,-47.666,5.182,47.947,47.666,16.156,0.00,0.00,0.00,0.00,0.000,3,backDouble,0,0.00,0.00,0.00,-244.991,25.032,17.079,-164.14,-2.25,71.05,3.303,0.893,0.00,1.00,0,0,0,0,0,0,-2.25,-10.42,-9.40,0.1868,0.1227,0.4902,1,3.303,0,0.429,0,flip_backDouble,flipTuck,1.000,0,0.540 -0.073 0.149 -0.412 0.323 -0.470 -0.096 -0.198 -0.010 -0.226,-245.01,25.88,17.00,-2.24,-163.14,103.54,436,612,888,1108,-0.075,-0.427 -0.460 -0.204 -0.221,-1.0,0,0.000,0.000,0.5225,-0.43,backDouble,0.517,-269.5,0.0,-762.4,Tuck,Tuck,97.6,97.6,-174.9,,0.926,-74.5,3.3,0.00,-1.0,0.0,0,17034
564,9.4000,air,trick,-248.166,23.351,17.353,0.000,-47.571,5.002,47.833,47.571,16.240,0.00,0.00,0.00,0.00,0.000,3,backDouble,0,0.00,0.00,0.00,-244.978,24.189,17.160,-165.06,-2.25,71.04,3.302,0.898,0.00,1.00,0,0,0,0,0,0,-2.25,-10.60,-9.42,0.1844,0.1231,0.4785,1,3.302,0,0.429,0,flip_backDouble,flipTuck,1.000,0,0.548 0.051 0.245 -0.346 0.409 -0.403 -0.048 -0.204 0.033 -0.232,-244.99,25.03,17.08,-2.25,-164.14,103.53,432,604,896,1120,0.049,-0.361 -0.393 -0.211 -0.226,-1.0,0,0.000,0.000,0.5287,-0.41,backDouble,0.533,-282.3,0.0,-765.6,Tuck,Tuck,85.0,85.0,0.1,,0.933,-75.4,3.4,0.00,-1.0,0.0,0,17133
565,9.4167,air,trick,-248.166,22.559,17.434,0.000,-47.475,4.822,47.720,47.475,16.321,0.00,0.00,0.00,0.00,0.000,3,backDouble,0,0.00,0.00,0.00,-244.967,23.351,17.238,-165.90,-2.26,71.04,3.302,0.902,0.00,1.00,0,0,0,0,0,0,-2.26,-10.77,-9.43,0.1894,0.1200,0.4579,1,3.302,0,0.428,0,flip_backDouble,flipTuck,1.000,0,0.528 0.173 0.325 -0.263 0.480 -0.317 0.001 -0.200 0.078 -0.227,-244.98,24.19,17.16,-2.25,-165.06,103.53,416,592,908,1124,0.172,-0.278 -0.307 -0.206 -0.221,-1.0,0,0.000,0.000,0.5337,-0.39,backDouble,0.550,-295.0,0.0,-765.9,Tuck,Tuck,72.4,72.4,2.0,,0.940,-76.2,3.4,0.00,-1.0,0.0,0,17222
566,9.4333,air,trick,-248.166,21.769,17.513,0.000,-47.381,4.642,47.607,47.381,16.400,0.00,0.00,0.00,0.00,0.000,3,backDouble,0,0.00,0.00,0.00,-244.957,22.518,17.313,-166.68,-2.27,71.03,3.301,0.907,0.00,1.00,0,0,0,0,0,0,-2.27,-10.94,-9.45,0.1894,0.1133,0.4353,1,3.301,0,0.428,0,flip_backDouble,flipTuck,1.000,0,0.482 0.287 0.384 -0.165 0.531 -0.218 0.048 -0.185 0.121 -0.211,-244.97,23.35,17.24,-2.26,-165.90,103.52,396,572,924,1124,0.286,-0.180 -0.207 -0.192 -0.206,-1.0,0,0.000,0.000,0.5373,-0.37,backDouble,0.567,-307.8,0.0,-765.9,Tuck,Tuck,59.8,59.8,2.2,,0.946,-76.9,3.5,0.00,-1.0,0.0,0,17303
567,9.4500,air,trick,-248.166,20.980,17.588,0.000,-47.286,4.462,47.496,47.286,16.475,0.00,0.00,0.00,0.00,0.000,3,backDouble,0,0.00,0.00,0.00,-244.949,21.691,17.386,-167.39,-2.28,71.03,3.301,0.911,0.00,1.00,0,0,0,0,0,0,-2.28,-11.10,-9.47,0.1939,0.1065,0.4134,1,3.301,0,0.427,0,flip_backDouble,flipTuck,1.000,0,0.412 0.387 0.422 -0.058 0.561 -0.109 0.091 -0.161 0.160 -0.186,-244.96,22.52,17.31,-2.27,-166.68,103.51,376,548,924,1120,0.386,-0.072 -0.098 -0.168 -0.181,-1.0,0,0.000,0.000,0.5376,-0.35,backDouble,0.583,-320.6,0.0,-765.9,Tuck,Tuck,47.2,47.2,2.2,,0.952,-77.6,3.5,0.00,-1.0,0.0,0,17375
568,9.4667,air,trick,-248.166,20.193,17.660,0.000,-47.191,4.282,47.385,47.191,16.547,0.00,0.00,0.00,0.00,0.000,3,backDouble,0,0.00,0.00,0.00,-244.942,20.867,17.456,-168.05,-2.29,71.02,3.301,0.915,0.00,1.00,0,0,0,0,0,0,-2.29,-11.26,-9.48,0.2094,0.1103,0.4006,1,3.301,0,0.427,0,flip_backDouble,flipTuck,1.000,0,0.321 0.468 0.434 0.053 0.566 0.004 0.128 -0.128 0.194 -0.153,-244.95,21.69,17.39,-2.28,-167.39,103.51,344,540,924,1116,0.468,0.039 0.015 -0.135 -0.147,-1.0,0,0.000,0.000,0.5394,-0.34,backDouble,0.600,-333.3,0.0,-765.9,Tuck,Tuck,34.5,34.5,2.1,,0.957,-78.2,3.5,0.00,-1.0,0.0,0,17441
569,9.4833,air,trick,-248.166,19.408,17.729,0.000,-47.097,4.102,47.275,47.097,16.616,0.00,0.00,0.00,0.00,0.000,3,backDouble,0,0.00,0.00,0.00,-244.935,20.049,17.522,-168.66,-2.30,71.02,3.301,0.919,0.00,1.00,0,0,0,0,0,0,-2.30,-11.42,-9.50,0.2172,0.1133,0.3890,1,3.301,0,0.426,0,flip_backDouble,flipTuck,1.000,0,0.214 0.527 0.422 0.164 0.547 0.116 0.157 -0.089 0.220 -0.113,-244.94,20.87,17.46,-2.29,-168.05,103.50,316,536,924,1112,0.527,0.150 0.127 -0.096 -0.107,-1.0,0,0.000,0.000,0.5393,-0.32,backDouble,0.617,-346.1,0.0,-765.9,Tuck,Tuck,21.9,21.9,2.0,,0.961,-78.8,3.6,0.00,-1.0,0.0,0,17499
570,9.5000,air,trick,-248.166,18.624,17.795,0.000,-47.003,3.922,47.166,47.003,16.682,0.00,0.00,0.00,0.00,0.000,3,backDouble,0,0.00,0.00,0.00,-244.929,19.234,17.587,-169.21,-2.31,71.01,3.300,0.922,0.00,1.00,0,0,0,0,0,0,-2.31,-11.58,-9.52,0.2168,0.1142,0.3793,1,3.300,0,0.426,0,flip_backDouble,flipTuck,1.000,0,0.096 0.560 0.385 0.267 0.505 0.221 0.177 -0.045 0.236 -0.068,-244.94,20.05,17.52,-2.30,-168.66,103.50,296,528,924,1112,0.561,0.253 0.233 -0.052 -0.062,-1.0,0,0.000,0.000,0.5369,-0.30,backDouble,0.633,-358.9,0.0,-765.9,Tuck,Tuck,9.4,9.2,1.9,,0.966,-79.3,3.6,0.00,-1.0,0.0,0,17552
571,9.5167,air,trick,-248.166,17.842,17.858,0.000,-46.909,3.742,47.058,46.909,16.745,0.00,0.00,0.00,0.00,0.000,3,backDouble,0,0.00,0.00,0.00,-244.924,18.424,17.648,-169.72,-2.32,71.01,3.300,0.925,0.00,1.00,0,0,0,0,0,0,-2.32,-11.73,-9.53,0.2083,0.1147,0.3718,1,3.300,0,0.425,0,flip_backDouble,flipTuck,1.000,0,-0.028 0.566 0.326 0.359 0.440 0.314 0.186 0.003 0.243 -0.020,-244.93,19.23,17.59,-2.31,-169.21,103.50,280,520,924,1112,0.567,0.345 0.326 -0.004 -0.014,-1.0,0,0.000,0.000,0.5314,-0.29,backDouble,0.650,-371.6,0.0,-765.9,Tuck,Tuck,3.9,-3.5,1.7,,0.969,-79.8,3.7,0.00,-1.0,0.0,0,17600
572,9.5333,air,trick,-248.166,17.061,17.918,0.000,-46.815,3.562,46.950,46.815,16.805,0.00,0.00,0.00,0.00,0.000,3,backDouble,0,0.00,0.00,0.00,-244.920,17.617,17.706,-170.18,-2.34,71.01,3.300,0.927,0.00,1.00,0,0,0,0,0,0,-2.34,-11.88,-9.55,0.2049,0.1171,0.3610,1,3.300,0,0.425,0,flip_backDouble,flipTuck,1.000,0,-0.150 0.544 0.248 0.434 0.357 0.390 0.185 0.050 0.239 0.028,-244.92,18.42,17.65,-2.32,-169.72,103.49,272,508,912,1100,0.546,0.421 0.403 0.043 0.034,-1.0,0,0.000,0.000,0.5216,-0.27,backDouble,0.667,-384.4,0.0,-765.6,Tuck,Tuck,16.2,-16.1,1.6,,0.972,-80.2,3.7,0.00,-1.0,0.0,0,17642
573,9.5500,air,trick,-248.166,16.282,17.975,0.000,-46.722,3.382,46.844,46.722,16.862,0.00,0.00,0.00,0.00,0.000,3,backDouble,0,0.00,0.00,0.00,-244.916,16.815,17.762,-170.61,-2.35,71.01,3.300,0.930,0.00,1.00,0,0,0,0,0,0,-2.35,-12.03,-9.57,0.1943,0.1178,0.3534,1,3.300,0,0.425,0,flip_backDouble,flipTuck,1.000,0,-0.265 0.497 0.155 0.489 0.259 0.447 0.174 0.096 0.225 0.075,-244.92,17.62,17.71,-2.34,-170.18,103.49,276,492,888,1084,0.498,0.477 0.460 0.089 0.081,-1.0,0,0.000,0.000,0.5097,-0.26,backDouble,0.683,-397.1,0.0,-762.6,Tuck,Tuck,28.8,-28.7,1.5,,0.975,-80.6,3.7,0.00,-1.0,0.0,0,17680
574,9.5667,air,trick,-248.166,15.505,18.030,0.000,-46.628,3.202,46.738,46.628,16.917,0.00,0.00,0.00,0.00,0.000,3,backDouble,0,0.00,0.00,0.00,-244.913,16.015,17.815,-171.00,-2.36,71.00,3.300,0.932,0.00,1.00,0,0,0,0,0,0,-2.36,-12.17,-9.58,0.1844,0.1164,0.3533,1,3.300,0,0.424,0,flip_backDouble,flipTuck,1.000,0,-0.367 0.425 0.051 0.522 0.151 0.480 0.152 0.137 0.202 0.117,-244.92,16.81,17.76,-2.35,-170.61,103.49,284,492,868,1064,0.427,0.509 0.494 0.130 0.123,-1.0,0,0.000,0.000,0.4964,-0.25,backDouble,0.700,-409.8,0.0,-756.4,Tuck,Tuck,41.3,-41.3,1.4,,0.978,-81.0,3.7,0.00,-1.0,0.0,0,17714
575,9.5833,air,trick,-248.166,14.729,18.081,0.000,-46.535,3.022,46.633,46.535,16.968,0.00,0.00,0.00,0.00,0.000,3,backDouble,0,0.00,0.00,0.00,-244.910,15.219,17.864,-171.36,-2.37,71.00,3.300,0.934,0.00,1.00,0,0,0,0,0,0,-2.37,-12.31,-9.60,0.1890,0.1218,0.3521,1,3.300,0,0.424,0,flip_backDouble,flipTuck,1.000,0,-0.451 0.334 -0.056 0.530 0.040 0.490 0.122 0.172 0.170 0.152,-244.91,16.02,17.81,-2.36,-171.00,103.49,300,492,836,1044,0.336,0.518 0.504 0.165 0.158,-1.0,0,0.000,0.000,0.4881,-0.24,backDouble,0.717,-422.3,0.0,-747.5,Tuck,Tuck,53.7,-53.7,1.3,,0.980,-81.4,3.8,0.00,-1.0,0.0,0,17745
576,9.6000,air,trick,-248.166,13.954,18.129,0.000,-46.442,2.842,46.529,46.442,17.016,0.00,0.00,0.00,0.00,0.000,3,backDouble,0,0.00,0.00,0.00,-244.907,14.426,17.911,-171.69,-2.38,71.00,3.300,0.935,0.00,1.00,0,0,0,0,0,0,-2.38,-12.45,-9.62,0.1986,0.1263,0.3517,1,3.300,0,0.424,0,flip_backDouble,flipTuck,1.000,0,-0.512 0.229 -0.162 0.516 -0.069 0.476 0.086 0.199 0.132 0.180,-244.91,15.22,17.86,-2.37,-171.36,103.48,308,492,808,1040,0.231,0.503 0.491 0.193 0.186,-1.0,0,0.000,0.000,0.4824,-0.22,backDouble,0.733,-434.7,0.0,-736.3,Tuck,Tuck,66.0,-66.0,1.3,,0.983,-81.7,3.8,0.00,-1.0,0.0,0,17773
577,9.6167,air,trick,-248.166,13.182,18.174,0.000,-46.349,2.662,46.425,46.349,17.061,0.00,0.00,0.00,0.00,0.000,3,backDouble,0,0.00,0.00,0.00,-244.905,13.637,17.955,-171.99,-2.39,71.00,3.300,0.936,0.00,1.00,0,0,0,0,0,0,-2.39,-12.58,-9.63,0.2014,0.1262,0.3544,1,3.300,0,0.423,0,flip_backDouble,flipTuck,1.000,0,-0.550 0.116 -0.261 0.479 -0.172 0.440 0.045 0.217 0.090 0.198,-244.91,14.43,17.91,-2.38,-171.69,103.48,304,492,788,1036,0.117,0.467 0.455 0.211 0.205,-1.0,0,0.000,0.000,0.4778,-0.21,backDouble,0.750,-446.9,0.0,-723.1,Tuck,Tuck,78.1,-78.1,1.3,,0.984,-82.0,3.8,0.00,-1.0,0.0,0,17797
578,9.6333,air,trick,-248.166,12.410,18.216,0.000,-46.256,2.482,46.323,46.256,17.103,0.00,0.00,0.00,0.00,0.000,3,backDouble,0,0.00,0.00,0.00,-244.903,12.850,17.996,-172.27,-2.39,71.00,3.300,0.936,0.00,1.00,0,0,0,0,0,0,-2.39,-12.71,-9.65,0.2011,0.1217,0.3619,1,3.300,0,0.423,0,flip_backDouble,flipTuck,1.000,0,-0.563 -0.000 -0.349 0.423 -0.263 0.385 0.002 0.226 0.045 0.208,-244.91,13.64,17.96,-2.39,-171.99,103.48,308,492,776,1024,0.001,0.411 0.400 0.220 0.215,-1.0,0,0.000,0.000,0.4744,-0.20,backDouble,0.767,-458.8,0.0,-708.3,Tuck,Tuck,89.9,-89.9,21.8,,0.986,-82.2,3.8,0.00,-1.0,0.0,0,17819
579,9.6500,air,trick,-248.166,11.640,18.255,0.000,-46.164,2.302,46.221,46.164,17.142,0.00,0.00,0.00,0.00,0.000,3,backDouble,0,0.00,0.00,0.00,-244.901,12.066,18.035,-172.52,-2.40,71.00,3.300,0.936,0.00,1.00,0,0,0,0,0,0,-2.40,-12.83,-9.67,0.2025,0.1134,0.3757,1,3.300,0,0.423,0,flip_backDouble,flipTuck,1.000,0,-0.553 -0.114 -0.423 0.352 -0.340 0.315 -0.041 0.226 0.001 0.208,-244.90,12.85,18.00,-2.39,-172.27,103.48,312,500,772,1016,-0.113,0.340 0.330 0.220 0.215,-1.0,0,0.000,0.000,0.4723,-0.19,backDouble,0.783,-470.5,0.0,-692.4,Tuck,Tuck,101.5,-101.5,-179.2,,0.988,-82.5,3.8,0.00,-1.0,0.0,0,17839
580,9.6667,air,trick,-248.166,10.872,18.291,0.000,-46.072,2.122,46.121,46.072,17.178,0.00,0.00,0.00,0.00,0.000,3,backDouble,0,0.00,0.00,0.00,-244.900,11.285,18.070,-172.75,-2.41,71.00,3.300,0.936,0.00,1.00,1,0,0,0,0,0,-2.41,-12.95,-9.68,0.2055,0.1079,0.3949,1,3.300,0,0.423,0,flip_backDouble,flipTuck,1.000,0,-0.521 -0.221 -0.480 0.269 -0.399 0.233 -0.082 0.218 -0.042 0.200,-244.90,12.07,18.03,-2.40,-172.52,103.48,328,520,772,1004,-0.220,0.257 0.248 0.211 0.207,-1.0,0,0.000,0.000,0.4684,-0.18,backDouble,0.800,-481.9,0.0,-675.7,Tuck,Tuck,112.8,-112.8,-179.2,,0.989,-82.7,3.8,0.00,-1.0,0.0,0,17856
581,9.6833,air,trick,-248.166,10.105,18.324,0.000,-45.980,1.942,46.021,45.980,17.211,0.00,0.00,0.00,0.00,0.000,3,backDouble,0,0.00,0.00,0.00,-244.898,10.507,18.102,-172.96,-2.42,71.00,3.300,0.935,0.00,1.00,1,0,0,0,0,0,-2.42,-13.07,-9.70,0.2062,0.0996,0.4165,1,3.300,0,0.422,0,flip_backDouble,flipTuck,1.000,0,-0.470 -0.317 -0.520 0.179 -0.441 0.143 -0.120 0.202 -0.081 0.184,-244.90,11.29,18.07,-2.41,-172.75,103.48,348,536,780,992,-0.316,0.167 0.158 0.195 0.191,-1.0,0,0.000,0.000,0.4658,-0.18,backDouble,0.817,-493.0,0.0,-658.6,Tuck,Tuck,123.8,-123.8,-179.3,,0.990,-82.9,3.9,0.00,-1.0,0.0,0,17872
582,9.7000,air,trick,-248.166,9.340,18.355,0.000,-45.888,1.762,45.922,45.888,17.242,0.00,0.00,0.00,0.00,0.000,3,backDouble,0,0.00,0.00,0.00,-244.897,9.731,18.132,-173.15,-2.43,71.00,3.300,0.934,0.00,1.00,1,0,0,0,0,0,-2.43,-13.18,-9.72,0.2046,0.0955,0.4357,1,3.300,0,0.422,0,flip_backDouble,flipTuck,1.000,0,-0.404 -0.399 -0.541 0.086 -0.464 0.051 -0.154 0.179 -0.116 0.161,-244.90,10.51,18.10,-2.42,-172.96,103.48,368,560,796,996,-0.399,0.073 0.065 0.173 0.169,-1.0,0,0.000,0.000,0.4665,-0.17,backDouble,0.833,-503.8,0.0,-641.3,Tuck,Tuck,134.6,-134.6,-179.3,,0.991,-83.1,3.9,0.00,-1.0,0.0,0,17886
583,9.7167,air,trick,-248.166,8.577,18.382,0.000,-45.796,1.582,45.823,45.796,17.269,0.00,0.00,0.00,0.00,0.000,3,backDouble,0,0.00,0.00,0.00,-244.896,8.957,18.158,-173.33,-2.43,71.00,3.300,0.933,0.00,1.00,1,0,0,0,0,0,-2.43,-13.29,-9.73,0.2160,0.0998,0.4446,1,3.300,0,0.422,0,flip_backDouble,flipTuck,1.000,0,-0.325 -0.466 -0.544 -0.008 -0.470 -0.042 -0.182 0.151 -0.145 0.134,-244.90,9.73,18.13,-2.43,-173.15,103.48,372,584,816,996,-0.466,-0.020 -0.027 0.145 0.141,-1.0,0,0.000,0.000,0.4647,-0.16,backDouble,0.850,-514.4,0.0,-624.0,Tuck,Tuck,145.0,-145.0,-179.4,,0.992,-83.3,3.9,0.00,-1.0,0.0,0,17899
584,9.7333,air,trick,-248.166,7.815,18.406,0.000,-45.704,1.402,45.726,45.704,17.293,0.00,0.00,0.00,0.00,0.000,3,backDouble,0,0.00,0.00,0.00,-244.895,8.186,18.182,-173.49,-2.44,70.99,3.300,0.931,0.00,1.00,1,0,0,0,0,0,-2.44,-13.40,-9.75,0.2215,0.1028,0.4524,1,3.300,0,0.422,0,flip_backDouble,flipTuck,1.000,0,-0.239 -0.516 -0.532 -0.097 -0.459 -0.132 -0.204 0.120 -0.168 0.103,-244.90,8.96,18.16,-2.43,-173.33,103.48,376,604,824,996,-0.516,-0.110 -0.117 0.113 0.110,-1.0,0,0.000,0.000,0.4646,-0.15,backDouble,0.867,-524.6,0.0,-607.0,Tuck,Tuck,155.2,-155.2,-179.4,,0.993,-83.4,3.9,0.00,-1.0,0.0,0,17910
585,9.7500,air,trick,-248.166,7.054,18.427,0.000,-45.613,1.222,45.629,45.613,17.314,0.00,0.00,0.00,0.00,0.000,3,backDouble,0,0.00,0.00,0.00,-244.894,7.417,18.202,-173.64,-2.44,70.99,3.300,0.929,0.00,1.00,1,0,0,0,0,0,-2.44,-13.50,-9.77,0.2216,0.1039,0.4589,1,3.300,0,0.422,0,flip_backDouble,flipTuck,1.000,0,-0.147 -0.549 -0.505 -0.181 -0.433 -0.215 -0.221 0.086 -0.185 0.069,-244.89,8.19,18.18,-2.44,-173.49,103.48,380,620,820,992,-0.549,-0.194 -0.200 0.079 0.076,-1.0,0,0.000,0.000,0.4662,-0.14,backDouble,0.883,-534.6,0.0,-590.4,Tuck,Tuck,165.1,-165.1,-179.5,,0.994,-83.6,3.9,0.00,-1.0,0.0,0,17920
586,9.7667,air,trick,-248.166,6.295,18.445,0.000,-45.522,1.042,45.534,45.522,17.332,0.00,0.00,0.00,0.00,0.000,3,backDouble,0,0.00,0.00,0.00,-244.893,6.648,18.212,-173.82,-2.32,70.99,3.300,0.927,0.00,1.00,1,0,0,0,0,0,-2.32,-13.60,-9.78,0.2168,0.1038,0.4641,1,3.300,0,0.422,0,flip_backDouble,flipTuck,1.000,0,-0.054 -0.565 -0.465 -0.258 -0.395 -0.290 -0.230 0.050 -0.196 0.034,-244.89,7.42,18.20,-2.44,-173.64,103.48,388,632,820,992,-0.566,-0.271 -0.276 0.044 0.041,-1.0,0,0.000,0.000,0.4694,-0.14,backDouble,0.900,-544.3,0.0,-574.3,Tuck,Tuck,174.7,-174.7,-179.5,,0.995,-83.7,4.0,0.25,-1.0,0.0,0,17929
587,9.7833,air,trick,-248.166,5.537,18.460,0.000,-45.431,0.862,45.439,45.431,17.347,0.00,0.00,0.00,0.00,0.000,3,backDouble,0,0.00,0.00,0.00,-244.893,5.874,18.205,-174.10,-1.95,70.99,3.300,0.924,0.00,1.00,1,0,0,0,0,0,-1.95,-13.69,-9.80,0.2079,0.1052,0.4678,1,3.300,0,0.421,0,flip_backDouble,flipTuck,1.000,0,0.038 -0.566 -0.413 -0.326 -0.347 -0.354 -0.234 0.014 -0.201 0.000,-244.89,6.65,18.21,-2.32,-173.82,103.48,396,636,828,996,-0.567,-0.337 -0.342 0.009 0.006,-1.0,0,0.000,0.000,0.4752,-0.13,backDouble,0.917,-553.8,0.0,-558.9,Tuck,Tuck,175.9,175.9,-179.5,,0.995,-84.0,4.4,0.25,-1.0,0.0,0,17936
588,9.8000,air,trick,-248.166,4.781,18.472,0.000,-45.340,0.682,45.345,45.340,17.359,0.00,0.00,0.00,0.00,0.000,3,backDouble,0,0.00,0.00,0.00,-244.894,5.099,18.185,-174.44,-1.40,70.99,3.300,0.922,0.00,1.00,1,0,0,0,0,0,-1.40,-13.78,-9.82,0.2004,0.1079,0.4726,1,3.300,0,0.421,0,flip_backDouble,flipTuck,1.000,0,0.127 -0.553 -0.354 -0.386 -0.291 -0.406 -0.232 -0.022 -0.200 -0.032,-244.89,5.87,18.21,-1.95,-174.10,103.48,404,640,836,1012,-0.553,-0.394 -0.398 -0.026 -0.028,-1.0,0,0.000,0.000,0.4831,-0.12,backDouble,0.933,-563.0,0.0,-544.2,Tuck,Tuck,166.8,166.8,-179.6,,0.996,-84.4,5.0,0.25,-1.0,0.0,0,17943
589,9.8167,air,trick,-248.166,4.027,18.481,0.000,-45.249,0.502,45.252,45.249,17.368,0.00,0.00,0.00,0.00,0.000,3,backDouble,0,0.00,0.00,0.00,-244.896,4.321,18.154,-174.83,-0.70,70.99,3.300,0.919,0.00,1.00,1,0,0,0,0,0,-0.70,-13.86,-9.83,0.1921,0.1085,0.4771,1,3.300,0,0.421,0,flip_backDouble,flipTuck,1.000,0,0.211 -0.527 -0.287 -0.434 -0.229 -0.447 -0.224 -0.057 -0.195 -0.063,-244.89,5.10,18.19,-1.40,-174.44,103.48,416,636,848,1024,-0.527,-0.439 -0.443 -0.059 -0.061,-1.0,0,0.000,0.000,0.4912,-0.12,backDouble,0.950,-571.9,0.0,-530.3,Tuck,Tuck,158.0,158.0,-179.6,,0.996,-84.7,5.7,0.25,-1.0,0.0,0,17950
590,9.8333,air,trick,-248.166,3.274,18.488,0.000,-45.159,0.322,45.160,45.159,17.375,0.00,0.00,0.00,0.00,0.000,3,backDouble,0,0.00,0.00,0.00,-244.899,3.544,18.114,-175.26,0.10,70.99,3.300,0.916,0.00,1.00,1,0,0,0,0,0,0.10,-13.95,-9.85,0.1807,0.1075,0.4798,1,3.300,0,0.421,0,flip_backDouble,flipTuck,1.000,0,0.288 -0.489 -0.216 -0.473 -0.162 -0.476 -0.212 -0.090 -0.185 -0.092,-244.90,4.32,18.15,-0.70,-174.83,103.48,420,628,864,1040,-0.489,-0.473 -0.477 -0.090 -0.092,-1.0,0,0.000,0.000,0.4993,-0.11,backDouble,0.967,-580.6,0.0,-517.2,Tuck,Tuck,149.3,149.3,-179.6,,0.997,-85.2,6.5,0.25,-1.0,0.0,0,17955
591,9.8500,air,trick,-248.166,2.522,18.491,0.000,-45.069,0.142,45.069,45.069,17.378,0.00,0.00,0.00,0.00,0.000,3,backDouble,0,0.00,0.00,0.00,-244.903,2.766,18.066,-175.71,0.97,70.99,3.300,0.913,0.00,1.00,1,0,0,0,0,0,0.97,-14.02,-9.87,0.1689,0.1059,0.4798,1,3.300,0,0.421,0,flip_backDouble,flipTuck,1.000,0,0.357 -0.442 -0.142 -0.500 -0.093 -0.493 -0.195 -0.120 -0.171 -0.117,-244.90,3.54,18.11,0.10,-175.26,103.48,420,620,880,1056,-0.441,-0.495 -0.499 -0.118 -0.120,-1.0,0,0.000,0.000,0.5075,-0.11,backDouble,0.983,-589.2,0.0,-504.9,Tuck,Tuck,140.9,140.9,-179.7,,0.997,-85.6,7.4,0.25,-1.0,0.0,0,17960
592,9.8667,air,trick,-248.166,1.772,18.491,0.000,-44.979,-0.038,44.979,44.979,17.378,0.00,0.00,0.00,0.00,0.000,3,backDouble,0,0.00,0.00,0.00,-244.908,1.989,18.013,-176.17,1.90,70.99,3.300,0.910,0.00,1.00,1,0,0,0,0,0,1.90,-14.10,-9.88,0.1687,0.1127,0.4784,1,3.300,0,0.421,0,flip_backDouble,flipTuck,1.000,0,0.416 -0.387 -0.067 -0.517 -0.024 -0.499 -0.175 -0.148 -0.153 -0.139,-244.90,2.77,18.07,0.97,-175.71,103.48,420,608,884,1076,-0.385,-0.507 -0.510 -0.143 -0.145,-1.0,0,0.000,0.000,0.5116,-0.10,backDouble,1.000,-597.5,0.0,-493.5,Tuck,Tuck,132.7,132.7,-179.7,,0.997,-86.1,8.3,0.25,-1.0,0.0,0,17965
593,9.8833,air,trick,-248.166,1.024,18.488,0.000,-44.889,-0.218,44.889,44.889,17.375,0.00,0.00,0.00,0.00,0.000,3,backDouble,0,0.00,0.00,0.00,-244.915,1.214,17.955,-176.64,2.86,70.99,3.300,0.906,0.00,1.00,1,0,0,0,0,0,2.86,-14.17,-9.90,0.1729,0.1176,0.4791,1,3.300,0,0.421,0,flip_backDouble,flipTuck,1.000,0,0.466 -0.325 0.007 -0.524 0.045 -0.495 -0.152 -0.172 -0.133 -0.158,-244.91,1.99,18.01,1.90,-176.17,103.48,420,592,884,1092,-0.323,-0.508 -0.511 -0.165 -0.167,-1.0,0,0.000,0.000,0.5155,-0.10,backDouble,1.017,-605.6,0.0,-482.9,Tuck,Tuck,124.6,124.6,-179.7,,0.998,-86.6,9.3,0.25,-1.0,0.0,0,17969
594,9.9000,air,trick,-248.166,0.277,18.482,0.000,-44.799,-0.398,44.801,44.799,17.369,0.00,0.00,0.00,0.00,0.000,3,backDouble,0,0.00,0.00,0.00,-244.923,0.439,17.893,-177.11,3.84,70.99,3.300,0.903,0.00,1.00,1,0,0,0,0,0,3.84,-14.23,-9.92,0.1743,0.1207,0.4785,1,3.300,0,0.421,0,flip_backDouble,flipTuck,1.000,0,0.507 -0.258 0.080 -0.521 0.112 -0.480 -0.127 -0.193 -0.110 -0.173,-244.92,1.21,17.95,2.86,-176.64,103.48,420,588,884,1108,-0.256,-0.500 -0.503 -0.183 -0.184,-1.0,0,0.000,0.000,0.5190,-0.09,backDouble,1.033,-613.6,0.0,-473.3,Tuck,Tuck,116.7,116.7,-179.7,,0.998,-87.0,10.3,0.25,-1.0,0.0,0,17972
595,9.9167,air,trick,-248.166,-0.469,18.473,0.000,-44.709,-0.578,44.713,44.709,17.360,0.00,0.00,0.00,0.00,0.000,3,backDouble,0,0.00,0.00,0.00,-244.933,-0.330,17.830,-177.52,4.79,70.99,3.300,0.899,0.00,1.00,1,0,0,0,0,0,4.79,-14.29,-9.93,0.1752,0.1218,0.4757,1,3.300,0,0.421,0,flip_backDouble,flipTuck,1.000,0,0.537 -0.187 0.148 -0.509 0.177 -0.457 -0.100 -0.210 -0.086 -0.184,-244.92,0.44,17.89,3.84,-177.11,103.48,420,588,888,1120,-0.185,-0.482 -0.485 -0.197 -0.199,-1.0,0,0.000,0.000,0.5220,-0.09,backDouble,1.050,-621.4,0.0,-464.4,Tuck,Tuck,109.0,109.0,-179.8,,0.998,-87.4,11.2,0.25,-1.0,0.0,0,17975
596,9.9333,air,trick,-248.166,-1.213,18.461,0.000,-44.620,-0.758,44.626,44.620,17.348,0.00,0.00,0.00,0.00,0.000,3,backDouble,0,0.00,0.00,0.00,-244.942,-1.091,17.767,-177.82,5.69,70.99,3.300,0.895,0.00,1.00,1,0,0,0,0,0,5.69,-14.35,-9.95,0.1759,0.1211,0.4729,1,3.300,0,0.421,0,flip_backDouble,flipTuck,1.000,0,0.557 -0.115 0.213 -0.488 0.238 -0.426 -0.072 -0.223 -0.060 -0.191,-244.93,-0.33,17.83,4.79,-177.52,103.48,420,588,896,1132,-0.112,-0.456 -0.459 -0.208 -0.209,-1.0,0,0.000,0.000,0.5247,-0.08,backDouble,1.067,-629.1,0.0,-456.5,Tuck,Tuck,101.4,101.4,-179.8,,0.998,-87.7,12.1,0.25,-1.0,0.0,0,17978
597,9.9500,air,trick,-248.166,-1.956,18.446,0.000,-44.531,-0.938,44.541,44.531,17.333,0.00,0.00,0.00,0.00,0.000,3,backDouble,0,0.00,0.00,0.00,-244.953,-1.846,17.704,-178.03,6.55,70.99,3.300,0.892,0.00,1.00,1,0,0,0,0,0,6.55,-14.40,-9.97,0.1792,0.1186,0.4684,1,3.300,0,0.421,0,flip_backDouble,flipTuck,1.000,0,0.567 -0.042 0.272 -0.459 0.294 -0.387 -0.044 -0.232 -0.033 -0.196,-244.94,-1.09,17.77,5.69,-177.82,103.48,420,588,900,1140,-0.039,-0.423 -0.426 -0.215 -0.216,-1.0,0,0.000,0.000,0.5268,-0.08,backDouble,1.083,-636.6,0.0,-449.5,Tuck,Tuck,93.9,93.9,-179.8,,0.999,-87.9,13.0,0.25,-1.0,0.0,0,17981
598,9.9667,air,trick,-248.166,-2.697,18.429,0.000,-44.442,-1.118,44.456,44.442,17.316,0.00,0.00,0.00,0.00,0.000,3,backDouble,0,0.00,0.00,0.00,-244.963,-2.595,17.640,-178.17,7.35,70.99,3.300,0.888,0.00,1.00,1,0,0,0,0,0,7.35,-14.45,-9.98,0.1892,0.1174,0.4590,1,3.300,0,0.421,0,flip_backDouble,flipTuck,1.000,0,0.567 0.031 0.324 -0.424 0.345 -0.343 -0.016 -0.237 -0.005 -0.196,-244.95,-1.85,17.70,6.55,-178.03,103.48,416,584,908,1140,0.034,-0.384 -0.386 -0.218 -0.219,-1.0,0,0.000,0.000,0.5300,-0.07,backDouble,1.100,-644.0,0.0,-443.3,Tuck,Tuck,86.6,86.6,0.1,,0.999,-88.1,13.8,0.25,-1.0,0.0,0,17983
599,9.9833,air,trick,-248.166,-3.436,18.408,0.000,-44.353,-1.298,44.372,44.353,17.295,0.00,0.00,0.00,0.00,0.000,3,backDouble,0,0.00,0.00,0.00,-244.974,-3.339,17.577,-178.24,8.11,70.99,3.300,0.884,0.00,1.00,1,0,0,0,0,0,8.11,-14.50,-10.00,0.1964,0.1159,0.4501,1,3.300,0,0.420,0,flip_backDouble,flipTuck,1.000,0,0.560 0.094 0.367 -0.387 0.387 -0.298 0.010 -0.239 0.020 -0.193,-244.96,-2.59,17.64,7.35,-178.17,103.48,404,576,916,1144,0.098,-0.343 -0.345 -0.217 -0.218,-1.0,0,0.000,0.000,0.5328,-0.07,backDouble,1.117,-651.4,0.0,-438.0,Tuck,Tuck,80.0,80.0,0.2,,0.999,-88.2,14.6,0.25,-1.0,0.0,0,17985
600,10.0000,air,trick,-248.166,-4.174,18.384,0.000,-44.264,-1.478,44.289,44.264,17.271,0.00,0.00,0.00,0.00,0.000,3,backDouble,0,0.00,0.00,0.00,-244.985,-4.078,17.514,-178.27,8.82,70.99,3.300,0.880,0.00,1.00,1,0,0,0,0,0,8.82,-14.54,-10.02,0.2022,0.1148,0.4423,1,3.300,0,0.420,0,flip_backDouble,flipTuck,1.000,0,0.547 0.152 0.416 -0.353 0.437 -0.252 0.030 -0.238 0.040 -0.189,-244.97,-3.34,17.58,8.11,-178.24,103.48,392,576,920,1140,0.157,-0.302 -0.304 -0.215 -0.216,-1.0,0,0.000,0.000,0.5354,-0.07,backDouble,1.133,-658.6,0.0,-433.6,Tuck,Tuck,74.0,74.0,0.2,,0.999,-88.2,15.3,0.25,-1.0,0.0,0,17986
601,10.0167,air,trick,-248.166,-4.911,18.357,0.000,-44.176,-1.658,44.207,44.176,17.244,0.00,0.00,0.00,0.00,0.000,3,backDouble,0,0.00,0.00,0.00,-244.995,-4.814,17.450,-178.25,9.48,70.99,3.300,0.876,0.00,1.00,1,0,0,0,0,0,9.48,-14.57,-10.03,0.2051,0.1149,0.4337,1,3.300,0,0.420,0,flip_backDouble,flipTuck,1.000,0,0.530 0.210 0.491 -0.308 0.513 -0.189 0.045 -0.237 0.055 -0.183,-244.98,-4.08,17.51,8.82,-178.27,103.48,380,568,928,1136,0.216,-0.248 -0.250 -0.212 -0.213,-1.0,0,0.000,0.000,0.5380,-0.06,backDouble,1.150,-665.8,0.0,-410.1,Tuck,Tuck,67.8,67.8,0.1,,0.999,-88.2,16.0,0.25,-1.0,0.0,0,17988
602,10.0333,air,trick,-248.166,-5.646,18.327,0.000,-44.088,-1.838,44.126,44.088,17.214,0.00,0.00,0.00,0.00,0.000,3,backDouble,0,0.00,0.00,0.00,-245.005,-5.547,17.385,-178.20,10.10,71.00,3.300,0.872,0.00,1.00,1,0,0,0,0,0,10.10,-14.61,-10.05,0.2007,0.1274,0.4232,1,3.300,0,0.420,0,flip_backDouble,flipTuck,1.000,0,0.510 0.261 0.579 -0.244 0.605 -0.103 0.055 -0.236 0.065 -0.179,-244.99,-4.81,17.45,9.48,-178.25,103.48,368,548,928,1132,0.269,-0.171 -0.173 -0.209 -0.210,-1.0,0,0.000,0.000,0.5459,-0.06,backDouble,1.167,-671.9,0.0,-323.6,Tuck,Tuck,62.2,62.2,0.1,,0.999,-88.1,16.6,0.25,-1.0,0.0,0,17989
603,10.0500,air,trick,-248.166,-6.380,18.294,0.000,-43.999,-2.018,44.046,43.999,17.181,0.00,0.00,0.00,0.00,0.000,3,backDouble,0,0.00,0.00,0.00,-245.015,-6.277,17.320,-178.13,10.68,71.00,3.300,0.868,0.00,1.00,1,0,0,0,0,0,10.68,-14.63,-10.07,0.1903,0.1489,0.4122,1,3.300,0,0.420,0,flip_backDouble,flipTuck,1.000,0,0.492 0.300 0.668 -0.154 0.697 0.009 0.058 -0.236 0.068 -0.176,-245.01,-5.55,17.39,10.10,-178.20,103.48,356,532,928,1176,0.309,-0.068 -0.070 -0.209 -0.209,-1.0,0,0.000,0.000,0.5571,-0.06,backDouble,1.183,-676.6,0.0,-238.9,Tuck,Tuck,57.8,57.8,0.1,,0.999,-88.0,17.2,0.25,-1.0,0.0,0,17991
604,10.0667,air,trick,-248.166,-7.112,18.258,0.000,-43.911,-2.198,43.966,43.911,17.145,0.00,0.00,0.00,0.00,0.000,3,backDouble,0,0.00,0.00,0.00,-245.025,-7.005,17.254,-178.04,11.24,71.00,3.300,0.864,0.00,1.00,1,0,0,0,0,0,11.24,-14.66,-10.08,0.1949,0.1664,0.4102,1,3.300,0,0.420,0,flip_backDouble,flipKickout,1.000,0,0.475 0.331 0.739 -0.038 0.772 0.142 0.056 -0.238 0.067 -0.174,-245.01,-6.28,17.32,10.68,-178.13,103.48,344,536,928,1212,0.341,0.060 0.058 -0.209 -0.210,-1.0,0,0.000,0.000,0.5657,-0.06,backDouble,1.200,-680.0,0.0,-178.7,Kickout,Tuck,54.3,54.3,0.1,,0.999,-88.0,17.7,0.38,-1.0,0.0,0,17992
605,10.0833,air,trick,-248.166,-7.843,18.219,0.000,-43.824,-2.378,43.888,43.824,17.106,0.00,0.00,0.00,0.00,0.000,3,backDouble,0,0.00,0.00,0.00,-245.035,-7.730,17.184,-177.93,11.80,71.00,3.300,0.860,0.00,1.00,1,0,0,0,0,0,11.80,-14.68,-10.10,0.2175,0.1754,0.3991,1,3.300,0,0.420,0,flip_backDouble,flipKickout,1.000,0,0.458 0.358 0.778 0.091 0.813 0.284 0.052 -0.240 0.064 -0.173,-245.02,-7.00,17.25,11.24,-178.04,103.48,336,536,928,1224,0.369,0.199 0.197 -0.210 -0.211,-1.0,0,0.000,0.000,0.5696,-0.05,backDouble,1.217,-682.7,0.0,-138.9,Kickout,Tuck,51.1,51.1,0.1,,0.999,-87.8,18.3,0.38,-1.0,0.0,0,17993
606,10.1000,air,trick,-248.166,-8.572,18.178,0.000,-43.736,-2.558,43.811,43.736,17.065,0.00,0.00,0.00,0.00,0.000,3,backDouble,0,0.00,0.00,0.00,-245.045,-8.453,17.111,-177.82,12.36,71.00,3.300,0.856,0.00,1.00,1,0,0,0,0,0,12.36,-14.69,-10.12,0.2588,0.1754,0.3794,1,3.300,0,0.420,0,flip_backDouble,flipKickout,1.000,0,0.439 0.382 0.778 0.214 0.815 0.418 0.048 -0.246 0.061 -0.175,-245.04,-7.73,17.18,11.80,-177.93,103.48,304,536,928,1224,0.395,0.332 0.330 -0.215 -0.215,-1.0,0,0.000,0.000,0.5691,-0.05,backDouble,1.233,-684.7,0.0,-112.8,Kickout,Tuck,48.0,48.0,0.1,,0.999,-87.7,18.8,0.38,-1.0,0.0,0,17993
607,10.1167,air,trick,-248.166,-9.300,18.133,0.000,-43.649,-2.738,43.734,43.649,17.020,0.00,0.00,0.00,0.00,0.000,3,backDouble,0,0.00,0.00,0.00,-245.056,-9.175,17.037,-177.69,12.91,71.00,3.300,0.851,0.00,1.00,1,0,0,0,0,0,12.91,-14.71,-10.13,0.3004,0.1688,0.3672,1,3.300,0,0.420,0,flip_backDouble,flipKickout,1.000,0,0.417 0.406 0.744 0.315 0.783 0.533 0.048 -0.287 0.062 -0.209,-245.05,-8.45,17.11,12.36,-177.82,103.48,272,544,928,1212,0.420,0.444 0.442 -0.253 -0.254,-1.0,0,0.000,0.000,0.5659,-0.05,backDouble,1.250,-686.5,0.0,-95.6,Kickout,Tuck,44.8,44.8,0.1,,1.000,-87.6,19.4,0.38,-1.0,0.0,0,17994
608,10.1333,air,trick,-248.166,-10.026,18.085,0.000,-43.561,-2.918,43.659,43.561,16.972,0.00,0.00,0.00,0.00,0.000,3,backDouble,0,0.00,0.00,0.00,-245.067,-9.895,16.960,-177.56,13.44,71.00,3.300,0.847,0.00,1.00,1,0,0,0,0,0,13.44,-14.71,-10.15,0.3441,0.1594,0.3627,1,3.300,0,0.420,0,flip_backDouble,flipKickout,1.000,0,0.391 0.429 0.685 0.387 0.728 0.624 0.048 -0.368 0.064 -0.278,-245.06,-9.17,17.04,12.91,-177.69,103.48,244,564,928,1200,0.445,0.528 0.526 -0.331 -0.332,-1.0,0,0.000,0.000,0.5616,-0.05,backDouble,1.267,-688.0,0.0,-84.2,Kickout,Tuck,41.3,41.3,0.1,,1.000,-87.5,19.9,0.38,-1.0,0.0,0,17995
609,10.1500,air,trick,-248.166,-10.751,18.034,0.000,-43.474,-3.098,43.584,43.474,16.921,0.00,0.00,0.00,0.00,0.000,3,backDouble,0,0.00,0.00,0.00,-245.077,-10.613,16.881,-177.43,13.95,71.00,3.300,0.843,0.00,1.00,1,0,0,0,0,0,13.95,-14.72,-10.17,0.3894,0.1507,0.3655,1,3.300,0,0.420,0,flip_backDouble,flipKickout,1.000,0,0.367 0.448 0.616 0.417 0.665 0.680 0.039 -0.484 0.058 -0.380,-245.07,-9.89,16.96,13.44,-177.56,103.48,228,592,928,1184,0.466,0.573 0.572 -0.445 -0.445,-1.0,0,0.000,0.000,0.5569,-0.04,backDouble,1.283,-689.3,0.0,-77.2,Kickout,Tuck,38.2,38.2,0.1,,1.000,-87.4,20.4,0.38,-1.0,0.0,0,17995
610,10.1667,air,trick,-248.166,-11.475,17.980,0.000,-43.387,-3.278,43.511,43.387,16.867,0.00,0.00,0.00,0.00,0.000,3,backDouble,0,0.00,0.00,0.00,-245.088,-11.330,16.800,-177.30,14.45,71.00,3.300,0.839,0.00,1.00,1,0,0,0,0,0,14.45,-14.72,-10.18,0.4313,0.1462,0.3748,1,3.300,0,0.420,0,flip_backDouble,flipKickout,1.000,0,0.350 0.460 0.552 0.408 0.608 0.702 0.008 -0.619 0.030 -0.504,-245.08,-10.61,16.88,13.95,-177.43,103.48,216,624,928,1168,0.479,0.581 0.580 -0.579 -0.580,-1.0,0,0.000,0.000,0.5516,-0.04,backDouble,1.300,-690.6,0.0,-73.6,Kickout,Kickout,36.1,36.1,0.1,,1.000,-87.2,20.9,0.38,-1.0,0.0,0,17996
611,10.1833,air,trick,-248.166,-12.197,17.923,0.000,-43.301,-3.458,43.438,43.301,16.810,0.00,0.00,0.00,0.00,0.000,3,backDouble,0,0.00,0.00,0.00,-245.098,-12.045,16.718,-177.17,14.93,71.00,3.300,0.835,0.00,1.00,1,0,0,0,0,0,14.93,-14.71,-10.20,0.4702,0.1440,0.3842,1,3.300,0,0.420,0,flip_backDouble,flipKickout,1.000,0,0.332 0.471 0.484 0.397 0.547 0.719 -0.047 -0.741 -0.025 -0.624,-245.09,-11.33,16.80,14.45,-177.30,103.48,204,656,916,1152,0.492,0.585 0.584 -0.706 -0.707,-1.0,0,0.000,0.000,0.5439,-0.04,backDouble,1.317,-691.8,0.0,-72.9,Kickout,Kickout,34.1,34.1,0.1,,1.000,-87.1,21.4,0.38,-1.0,0.0,0,17996
612,10.2000,air,trick,-248.166,-12.917,17.863,0.000,-43.214,-3.638,43.367,43.214,16.750,0.00,0.00,0.00,0.00,0.000,3,backDouble,0,0.00,0.00,0.00,-245.108,-12.760,16.634,-177.05,15.38,71.00,3.300,0.830,0.00,1.00,1,0,0,0,0,0,15.38,-14.70,-10.22,0.4994,0.1436,0.3906,1,3.300,0,0.420,0,flip_backDouble,flipKickout,1.000,0,0.314 0.481 0.417 0.387 0.485 0.733 -0.119 -0.821 -0.099 -0.712,-245.10,-12.05,16.72,14.93,-177.17,103.48,196,680,900,1136,0.503,0.588 0.587 -0.796 -0.796,-1.0,0,0.000,0.000,0.5345,-0.04,backDouble,1.333,-693.0,0.0,-72.9,Kickout,Kickout,32.0,32.0,0.1,,1.000,-87.0,21.9,0.38,-1.0,0.0,0,17997
613,10.2167,air,trick,-248.166,-13.636,17.800,0.000,-43.128,-3.818,43.296,43.128,16.687,0.00,0.00,0.00,0.00,0.000,3,backDouble,0,0.00,0.00,0.00,-245.115,-13.472,16.555,-176.92,15.67,71.00,3.300,0.826,0.00,1.00,1,0,0,0,0,0,15.67,-14.69,-10.23,0.5165,0.1430,0.3928,1,3.300,0,0.420,0,flip_backDouble,flipKickout,1.000,0,0.295 0.491 0.351 0.380 0.424 0.745 -0.190 -0.854 -0.174 -0.759,-245.11,-12.76,16.63,15.38,-177.05,103.48,188,692,884,1116,0.515,0.591 0.590 -0.840 -0.840,-1.0,0,0.000,0.000,0.5248,-0.04,backDouble,1.350,-694.2,0.0,-72.9,Kickout,Kickout,29.8,29.8,0.1,,1.000,-86.8,22.2,0.00,-1.0,0.0,0,17997
614,10.2333,air,trick,-248.166,-14.354,17.735,0.000,-43.041,-3.998,43.227,43.041,16.622,0.00,0.00,0.00,0.00,0.000,3,backDouble,0,0.00,0.00,0.00,-245.116,-14.184,16.487,-176.80,15.71,71.00,3.300,0.822,0.00,1.00,1,0,0,0,0,0,15.71,-14.67,-10.25,0.5243,0.1406,0.3921,1,3.300,0,0.420,0,flip_backDouble,flipKickout,1.000,0,0.276 0.501 0.289 0.378 0.366 0.752 -0.246 -0.858 -0.233 -0.777,-245.11,-13.47,16.55,15.67,-176.92,103.48,184,696,872,1096,0.525,0.592 0.591 -0.853 -0.852,-1.0,0,0.000,0.000,0.5162,-0.03,backDouble,1.367,-695.4,0.0,-72.9,Kickout,Kickout,27.8,27.8,0.0,,1.000,-86.7,22.2,0.00,-1.0,0.0,0,17998
615,10.2500,air,trick,-248.166,-15.070,17.666,0.000,-42.955,-4.178,43.158,42.955,16.553,0.00,0.00,0.00,0.00,0.000,3,backDouble,0,0.00,0.00,0.00,-245.113,-14.894,16.427,-176.69,15.54,71.00,3.300,0.818,0.00,1.00,1,0,0,0,0,0,15.54,-14.65,-10.27,0.5274,0.1353,0.3905,1,3.300,0,0.420,0,flip_backDouble,flipKickout,1.000,0,0.257 0.511 0.230 0.379 0.312 0.754 -0.277 -0.853 -0.267 -0.782,-245.12,-14.18,16.49,15.71,-176.80,103.48,180,696,864,1076,0.534,0.593 0.592 -0.854 -0.852,-1.0,0,0.000,0.000,0.5096,-0.03,backDouble,1.383,-696.6,0.0,-72.9,Kickout,Kickout,25.7,25.7,0.0,,1.000,-86.6,22.0,0.00,-1.0,0.0,0,17998
616,10.2667,air,trick,-248.166,-15.785,17.594,0.000,-42.870,-4.358,43.090,42.870,16.481,0.00,0.00,0.00,0.00,0.000,3,backDouble,0,0.00,0.00,0.00,-245.106,-15.602,16.373,-176.58,15.20,71.00,3.300,0.814,0.00,1.00,1,0,0,0,0,0,15.20,-14.63,-10.28,0.5297,0.1266,0.3895,1,3.300,0,0.420,0,flip_backDouble,flipKickout,1.000,0,0.238 0.520 0.177 0.383 0.261 0.754 -0.281 -0.854 -0.271 -0.786,-245.11,-14.89,16.43,15.54,-176.69,103.48,176,696,864,1064,0.543,0.593 0.592 -0.854 -0.853,-1.0,0,0.000,0.000,0.5052,-0.03,backDouble,1.400,-697.8,0.0,-72.9,Kickout,Kickout,23.7,23.7,0.0,,1.000,-86.5,21.7,0.00,-1.0,0.0,0,17998
617,10.2833,air,trick,-248.166,-16.499,17.519,0.000,-42.784,-4.538,43.024,42.784,16.406,0.00,0.00,0.00,0.00,0.000,3,backDouble,0,0.00,0.00,0.00,-245.096,-16.310,16.323,-176.47,14.74,71.00,3.300,0.810,0.00,1.00,1,0,0,0,0,0,14.74,-14.60,-10.30,0.5311,0.1174,0.3890,1,3.300,0,0.420,0,flip_backDouble,flipKickout,1.000,0,0.219 0.529 0.129 0.389 0.216 0.751 -0.275 -0.856 -0.264 -0.791,-245.11,-15.60,16.37,15.20,-176.58,103.48,176,696,868,1048,0.550,0.593 0.592 -0.857 -0.855,-1.0,0,0.000,0.000,0.5020,-0.03,backDouble,1.417,-699.1,0.0,-72.9,Kickout,Kickout,21.8,21.8,0.0,,1.000,-86.4,21.2,0.00,-1.0,0.0,0,17998
618,10.3000,air,trick,-248.166,-17.211,17.441,0.000,-42.698,-4.718,42.958,42.698,16.328,0.00,0.00,0.00,0.00,0.000,3,backDouble,0,0.00,0.00,0.00,-245.085,-17.015,16.276,-176.37,14.17,70.99,3.300,0.805,0.00,1.00,1,0,0,0,0,0,14.17,-14.56,-10.32,0.5314,0.1102,0.3889,1,3.300,0,0.420,0,flip_backDouble,flipKickout,1.000,0,0.202 0.536 0.087 0.397 0.178 0.746 -0.271 -0.859 -0.257 -0.796,-245.10,-16.31,16.32,14.74,-176.47,103.48,176,696,868,1044,0.556,0.592 0.591 -0.858 -0.858,-1.0,0,0.000,0.000,0.4996,-0.03,backDouble,1.433,-700.3,0.0,-72.9,Kickout,Kickout,20.0,20.0,0.0,,1.000,-86.3,20.7,0.00,-1.0,0.0,0,17998
619,10.3167,air,trick,-248.166,-17.921,17.360,0.000,-42.613,-4.898,42.894,42.613,16.247,0.00,0.00,0.00,0.00,0.000,3,backDouble,0,0.00,0.00,0.00,-245.073,-17.720,16.229,-176.28,13.54,70.99,3.300,0.801,0.00,1.00,1,0,0,0,0,0,13.54,-14.53,-10.33,0.5309,0.1039,0.3889,1,3.300,0,0.420,0,flip_backDouble,flipKickout,1.000,0,0.185 0.543 0.053 0.406 0.145 0.740 -0.269 -0.861 -0.252 -0.802,-245.09,-17.02,16.28,14.17,-176.37,103.48,176,696,872,1040,0.562,0.591 0.590 -0.859 -0.860,-1.0,0,0.000,0.000,0.4977,-0.03,backDouble,1.450,-701.5,0.0,-72.9,Kickout,Kickout,18.3,18.3,0.0,,1.000,-86.2,20.0,0.00,-1.0,0.0,0,17999
620,10.3333,air,trick,-248.166,-18.630,17.276,0.000,-42.528,-5.078,42.830,42.528,16.163,0.00,0.00,0.00,0.00,0.000,3,backDouble,0,0.00,0.00,0.00,-245.060,-18.424,16.182,-176.19,12.85,70.99,3.300,0.797,0.00,1.00,1,0,0,0,0,0,12.85,-14.48,-10.35,0.5299,0.0989,0.3889,1,3.300,0,0.420,0,flip_backDouble,flipKickout,1.000,0,0.170 0.550 0.024 0.416 0.119 0.733 -0.269 -0.862 -0.247 -0.808,-245.07,-17.72,16.23,13.54,-176.28,103.48,176,696,872,1036,0.566,0.590 0.590 -0.859 -0.861,-1.0,0,0.000,0.000,0.4962,-0.02,backDouble,1.467,-702.7,0.0,-72.9,Kickout,Kickout,16.7,16.7,0.0,,1.000,-86.1,19.4,0.00,-1.0,0.0,0,17999
621,10.3500,air,trick,-248.166,-19.338,17.189,0.000,-42.443,-5.258,42.767,42.443,16.076,0.00,0.00,0.00,0.00,0.000,3,backDouble,0,0.00,0.00,0.00,-245.047,-19.126,16.135,-176.10,12.14,70.99,3.300,0.793,0.00,1.00,1,0,0,0,0,0,12.14,-14.44,-10.37,0.5299,0.0952,0.3897,1,3.300,0,0.420,0,flip_backDouble,flipKickout,1.000,0,0.156 0.555 0.003 0.426 0.100 0.725 -0.271 -0.863 -0.242 -0.813,-245.06,-18.42,16.18,12.85,-176.19,103.48,176,696,872,1032,0.570,0.590 0.589 -0.859 -0.863,-1.0,0,0.000,0.000,0.4953,-0.02,backDouble,1.483,-703.9,0.0,-72.9,Kickout,Kickout,15.3,15.3,0.0,,1.000,-86.0,18.6,0.00,-1.0,0.0,0,17999
622,10.3667,air,trick,-248.166,-20.045,17.100,0.000,-42.358,-5.438,42.706,42.358,15.987,0.00,0.00,0.00,0.00,0.000,3,backDouble,0,0.00,0.00,0.00,-245.034,-19.827,16.085,-176.02,11.40,70.99,3.300,0.789,0.00,1.00,1,0,0,0,0,0,11.40,-14.39,-10.38,0.5302,0.0930,0.3906,1,3.300,0,0.420,0,flip_backDouble,flipKickout,1.000,0,0.144 0.560 -0.011 0.437 0.088 0.718 -0.272 -0.864 -0.240 -0.818,-245.05,-19.13,16.13,12.14,-176.10,103.47,176,696,872,1032,0.573,0.590 0.589 -0.859 -0.864,-1.0,0,0.000,0.000,0.4947,-0.02,backDouble,1.500,-705.1,0.0,-72.9,Kickout,Kickout,14.1,14.1,0.0,,1.000,-86.0,17.9,0.00,-1.0,0.0,0,17999
623,10.3833,air,trick,-248.166,-20.749,17.007,0.000,-42.273,-5.618,42.645,42.273,15.894,0.00,0.00,0.00,0.00,0.000,3,backDouble,0,0.00,0.00,0.00,-245.021,-20.527,16.033,-175.95,10.65,70.99,3.300,0.785,0.00,1.00,1,0,0,0,0,0,10.65,-14.33,-10.40,0.5302,0.0921,0.3915,1,3.300,0,0.420,0,flip_backDouble,flipKickout,1.000,0,0.133 0.564 -0.018 0.451 0.081 0.711 -0.273 -0.864 -0.238 -0.823,-245.03,-19.83,16.09,11.40,-176.02,103.47,176,700,872,1028,0.576,0.594 0.590 -0.859 -0.864,-1.0,0,0.000,0.000,0.4943,-0.02,backDouble,1.517,-706.4,0.0,-72.9,Kickout,Kickout,13.0,13.0,0.0,,1.000,-85.9,17.2,0.00,-1.0,0.0,0,17999
624,10.4000,air,trick,-248.166,-21.453,16.911,0.000,-42.189,-5.798,42.585,42.189,15.798,0.00,0.00,0.00,0.00,0.000,3,backDouble,0,0.00,0.00,0.00,-245.009,-21.226,15.978,-175.88,9.91,70.99,3.300,0.781,0.00,1.00,1,0,0,0,0,0,9.91,-14.27,-10.42,0.5302,0.0916,0.3922,1,3.300,0,0.420,0,flip_backDouble,flipKickout,1.000,0,0.124 0.568 -0.018 0.469 0.077 0.705 -0.273 -0.865 -0.238 -0.826,-245.02,-20.53,16.03,10.65,-175.95,103.47,180,700,876,1024,0.578,0.601 0.591 -0.859 -0.864,-1.0,0,0.000,0.000,0.4943,-0.02,backDouble,1.533,-707.6,0.0,-72.9,Kickout,Kickout,12.1,12.1,0.0,,1.000,-85.8,16.4,0.00,-1.0,0.0,0,17999
625,10.4167,air,trick,-248.166,-22.155,16.812,0.000,-42.104,-5.978,42.527,42.104,15.699,0.00,0.00,0.00,0.00,0.000,3,backDouble,0,0.00,0.00,0.00,-244.998,-21.923,15.920,-175.82,9.18,70.99,3.300,0.777,0.00,1.00,1,0,0,0,0,0,9.18,-14.21,-10.43,0.5303,0.0916,0.3926,1,3.300,0,0.420,0,flip_backDouble,flipKickout,1.000,0,0.115 0.571 -0.014 0.488 0.078 0.700 -0.272 -0.866 -0.241 -0.829,-245.01,-21.23,15.98,9.91,-175.88,103.47,180,700,876,1024,0.580,0.610 0.594 -0.860 -0.863,-1.0,0,0.000,0.000,0.4947,-0.02,backDouble,1.550,-708.8,0.0,-72.9,Kickout,Kickout,11.2,11.2,0.0,,1.000,-85.8,15.7,0.00,-1.0,0.0,0,17999
626,10.4333,air,trick,-248.166,-22.856,16.710,0.000,-42.020,-6.158,42.469,42.020,15.597,0.00,0.00,0.00,0.00,0.000,3,backDouble,0,0.00,0.00,0.00,-244.987,-22.620,15.857,-175.76,8.47,70.99,3.300,0.773,0.00,1.00,1,0,0,0,0,0,8.47,-14.15,-10.45,0.5306,0.0935,0.3926,1,3.300,0,0.420,0,flip_backDouble,flipKickout,1.000,0,0.107 0.574 -0.006 0.508 0.083 0.697 -0.268 -0.867 -0.245 -0.831,-245.00,-21.92,15.92,9.18,-175.82,103.47,180,700,876,1020,0.582,0.620 0.599 -0.861 -0.862,-1.0,0,0.000,0.000,0.4951,-0.02,backDouble,1.567,-710.0,0.0,-72.9,Kickout,Kickout,10.4,10.4,0.0,,1.000,-85.7,15.0,0.00,-1.0,0.0,0,17999
627,10.4500,swing,swingLow,-248.194,-23.442,16.395,-3.357,-28.517,-31.419,42.563,28.714,15.282,-235.62,-51.77,40.16,31.44,0.095,4,,0,0.00,0.00,0.00,-245.005,-23.202,15.581,-175.49,7.77,70.99,3.300,0.769,0.00,1.00,1,0,0,0,0,0,7.77,-14.06,-10.47,0.5050,0.1200,0.3956,1,3.300,0,0.420,0,flip_backDouble,flipKickout,1.000,0,0.168 0.567 0.095 0.597 0.151 0.617 -0.357 -0.831 -0.356 -0.818,-244.99,-22.62,15.86,8.47,-175.76,103.47,180,700,872,1020,0.565,0.691 0.517 -0.811 -0.834,35.3,1,0.000,0.000,0.4926,-0.02,,-1.000,0.0,0.0,0.0,,,17.3,15.3,8.5,,0.985,-85.6,14.3,-1.00,-1.0,0.0,0,17806
628,10.4667,swing,swingLow,-248.246,-23.925,15.874,-2.934,-29.384,-30.991,42.808,29.531,14.761,-235.62,-51.77,40.16,31.44,0.259,4,,0,0.00,0.00,0.00,-245.047,-23.678,15.100,-174.86,7.05,70.98,3.300,0.766,0.00,1.00,1,0,0,0,0,0,7.05,-13.94,-10.48,0.4752,0.1414,0.3977,1,3.300,0,0.420,0,swing,flipKickout,1.000,0,0.214 0.551 0.187 0.653 0.207 0.541 -0.417 -0.788 -0.444 -0.787,-245.01,-23.20,15.58,7.77,-175.49,103.47,196,688,840,1040,0.543,0.730 0.445 -0.761 -0.792,28.2,1,0.000,0.000,0.4888,-0.02,,-1.000,0.0,0.0,0.0,,,23.6,19.4,14.4,,0.947,-85.6,13.6,-1.00,-1.0,0.0,0,17306
629,10.4833,swing,swingLow,-248.290,-24.422,15.360,-2.520,-30.246,-30.530,43.049,30.350,14.247,-235.62,-51.77,40.16,31.44,0.393,4,,0,0.00,0.00,0.00,-245.083,-24.163,14.631,-173.85,6.26,70.98,3.299,0.763,0.00,1.00,1,0,0,0,0,0,6.26,-13.77,-10.50,0.4135,0.1647,0.4105,1,3.299,0,0.420,0,swing,flipKickout,1.000,0,0.268 0.506 0.344 0.757 0.269 0.385 -0.483 -0.723 -0.535 -0.733,-245.05,-23.68,15.10,7.05,-174.86,103.47,240,668,808,1064,0.487,0.808 0.292 -0.690 -0.728,20.0,1,0.000,0.000,0.4849,-0.02,,-1.000,0.0,0.0,0.0,,,34.6,24.8,27.1,,0.893,-85.5,13.0,-1.00,-1.0,0.0,0,16611
630,10.5000,swing,swingLow,-248.327,-24.934,14.855,-2.120,-31.100,-30.036,43.288,31.172,13.742,-235.62,-51.77,40.16,31.44,0.503,4,,0,0.00,0.00,0.00,-245.113,-24.651,14.176,-172.46,5.35,70.98,3.297,0.761,0.00,1.00,1,0,0,0,0,0,5.35,-13.56,-10.52,0.3921,0.1912,0.4056,1,3.297,0,0.420,0,swing,flipKickout,1.000,0,0.305 0.467 0.429 0.750 0.376 0.361 -0.525 -0.665 -0.597 -0.680,-245.08,-24.16,14.63,6.26,-173.85,103.46,248,648,784,1088,0.447,0.788 0.281 -0.632 -0.671,16.7,1,0.000,0.000,0.4851,-0.02,,-1.000,0.0,0.0,0.0,,,40.9,29.4,33.4,,0.831,-85.5,12.4,-1.00,-1.0,0.0,0,15799
631,10.5167,swing,swingLow,-248.358,-25.460,14.357,-1.734,-31.945,-29.509,43.523,31.992,13.244,-235.62,-51.77,40.16,31.44,0.593,4,,0,0.00,0.00,0.00,-245.142,-25.137,13.739,-170.67,4.28,70.98,3.290,0.760,0.00,1.00,1,0,0,0,0,0,4.28,-13.31,-10.53,0.3798,0.2136,0.3990,1,3.290,0,0.419,0,swing,flipKickout,1.000,0,0.333 0.431 0.492 0.723 0.480 0.364 -0.554 -0.615 -0.641 -0.632,-245.11,-24.65,14.18,5.35,-172.46,103.46,252,632,760,1108,0.412,0.751 0.302 -0.586 -0.622,16.1,1,0.000,0.000,0.4844,-0.01,,-1.000,0.0,0.0,0.0,,,45.8,33.1,38.4,,0.764,-85.5,11.8,-1.00,-1.0,0.0,0,14931
632,10.5333,swing,swingLow,-248.383,-26.000,13.869,-1.355,-32.780,-28.949,43.754,32.808,12.756,-235.62,-51.77,40.16,31.44,0.667,4,,0,0.00,0.00,0.00,-245.174,-25.615,13.323,-168.40,3.02,70.98,3.278,0.759,0.00,1.00,1,0,0,0,0,0,3.02,-13.00,-10.55,0.3724,0.2314,0.3927,1,3.278,0,0.419,0,swing,flipKickout,1.000,0,0.357 0.398 0.533 0.683 0.573 0.383 -0.579 -0.571 -0.673 -0.591,-245.14,-25.14,13.74,4.28,-170.67,103.46,252,620,736,1120,0.384,0.702 0.342 -0.549 -0.583,17.0,1,0.000,0.000,0.4814,-0.01,,-1.000,0.0,0.0,0.0,,,49.4,36.1,42.4,,0.696,-85.4,11.2,-1.00,-1.0,0.0,0,14048
633,10.5500,swing,swingLow,-248.401,-26.554,13.391,-0.989,-33.604,-28.356,43.980,33.618,12.278,-235.62,-51.77,40.16,31.44,0.727,4,,0,0.00,0.00,0.00,-245.213,-26.079,12.929,-165.56,1.55,70.98,3.256,0.759,0.00,1.00,1,0,0,0,0,0,1.55,-12.66,-10.57,0.3675,0.2447,0.3881,1,3.256,0,0.419,0,swing,flipKickout,1.000,0,0.380 0.370 0.552 0.637 0.650 0.409 -0.601 -0.532 -0.697 -0.557,-245.17,-25.62,13.32,3.02,-168.40,103.46,252,608,716,1120,0.363,0.647 0.390 -0.521 -0.553,18.4,1,0.000,0.000,0.4759,-0.01,,-1.000,0.0,0.0,0.0,,,52.1,38.6,45.3,,0.629,-85.4,10.7,-1.00,-1.0,0.0,0,13180
634,10.5667,swing,swingLow,-248.414,-27.122,12.923,-0.636,-34.415,-27.729,44.200,34.420,11.810,-235.62,-51.77,40.16,31.44,0.777,4,,0,0.00,0.00,0.00,-245.263,-26.523,12.559,-162.05,-0.18,70.98,3.227,0.759,0.00,1.00,1,0,0,0,0,0,-0.18,-12.27,-10.58,0.3637,0.2541,0.3855,1,3.227,0,0.418,0,swing,flipKickout,1.000,0,0.402 0.347 0.549 0.590 0.707 0.436 -0.623 -0.497 -0.712 -0.529,-245.21,-26.08,12.93,1.55,-165.56,103.46,252,600,692,1112,0.348,0.589 0.438 -0.499 -0.530,19.5,1,0.000,0.000,0.4680,-0.01,,-1.000,0.0,0.0,0.0,,,54.0,40.4,47.2,,0.565,-85.4,10.2,-1.00,-1.0,0.0,0,12347
635,10.5833,swing,swingLow,-248.420,-27.703,12.466,-0.292,-35.211,-27.070,44.415,35.212,11.353,-235.62,-51.77,40.16,31.44,0.817,4,,0,0.00,0.00,0.00,-245.328,-26.942,12.214,-158.45,-2.18,70.98,3.194,0.760,0.00,1.00,1,0,0,0,0,0,-2.18,-11.85,-10.60,0.3612,0.2604,0.3846,1,3.194,0,0.418,0,swing,flipKickout,1.000,0,0.421 0.330 0.528 0.548 0.740 0.463 -0.639 -0.466 -0.716 -0.509,-245.26,-26.52,12.56,-0.18,-162.05,103.46,256,596,668,1100,0.339,0.533 0.482 -0.482 -0.512,20.1,1,0.000,0.000,0.4636,-0.01,,-1.000,0.0,0.0,0.0,,,54.9,41.7,48.0,,0.505,-85.3,9.7,-1.00,-1.0,0.0,4,11562
636,10.6000,swing,swingLow,-248.422,-28.297,12.020,0.039,-35.992,-26.378,44.623,35.992,10.907,-235.62,-51.77,40.16,31.44,0.850,4,,0,0.00,0.00,0.00,-245.409,-27.334,11.892,-154.85,-4.44,70.98,3.165,0.761,0.00,1.00,1,0,0,0,0,0,-4.44,-11.39,-10.62,0.3597,0.2641,0.3851,1,3.165,0,0.417,0,swing,swingCornerBank,1.000,0,0.436 0.322 0.494 0.515 0.756 0.489 -0.648 -0.440 -0.707 -0.495,-245.33,-26.94,12.21,-2.18,-158.45,103.46,256,592,652,1092,0.339,0.483 0.521 -0.471 -0.496,20.0,1,0.000,0.000,0.4644,-0.01,,-1.000,0.0,0.0,0.0,,,54.9,42.2,47.6,,0.449,-85.3,9.3,-1.00,-1.0,0.0,4,10833
637,10.6167,swing,swingLow,-248.417,-28.904,11.585,0.358,-36.756,-25.654,44.825,36.758,10.472,-235.62,-51.77,40.16,31.44,0.878,4,,0,0.00,0.00,0.00,-245.505,-27.698,11.592,-151.25,-6.90,70.98,3.152,0.763,0.00,1.00,1,0,0,0,0,0,-6.90,-10.91,-10.63,0.3590,0.2642,0.3863,1,3.152,0,0.417,0,swing,swingCornerBank,1.000,0,0.445 0.324 0.448 0.494 0.761 0.516 -0.649 -0.418 -0.681 -0.487,-245.41,-27.33,11.89,-4.44,-154.85,103.46,256,592,652,1096,0.347,0.444 0.556 -0.464 -0.483,19.0,1,0.000,0.000,0.4715,-0.01,,-1.000,0.0,0.0,0.0,,,53.9,41.9,46.1,,0.397,-85.3,8.9,-1.00,-1.0,0.0,4,10163
638,10.6333,swing,swingLow,-248.408,-29.523,11.164,0.665,-37.501,-24.898,45.019,37.507,10.051,-235.62,-51.77,40.16,31.44,0.900,4,,0,0.00,0.00,0.00,-245.614,-28.037,11.310,-147.65,-9.47,70.98,3.168,0.766,0.00,1.00,1,0,0,0,0,0,-9.47,-10.40,-10.65,0.3534,0.2621,0.3881,1,3.168,0,0.416,0,swing,swingCornerBank,1.000,0,0.448 0.328 0.405 0.485 0.772 0.524 -0.644 -0.386 -0.644 -0.478,-245.50,-27.70,11.59,-6.90,-151.25,103.46,256,588,672,1116,0.356,0.418 0.572 -0.449 -0.464,18.2,1,0.000,0.000,0.4865,-0.01,,-1.000,0.0,0.0,0.0,,,52.8,41.2,44.6,,0.350,-85.2,8.5,-1.00,-1.0,0.0,4,9553
639,10.6500,swing,swingLow,-248.394,-30.155,10.755,0.960,-38.227,-24.111,45.205,38.239,9.642,-235.62,-51.77,40.16,31.44,0.918,4,,0,0.00,0.00,0.00,-245.734,-28.356,11.042,-144.05,-11.97,70.98,3.224,0.768,0.00,1.00,1,0,0,0,0,0,-11.97,-9.87,-10.67,0.3406,0.2542,0.3890,1,3.224,0,0.416,0,swing,swingCornerBank,1.000,0,0.450 0.329 0.370 0.484 0.777 0.529 -0.638 -0.338 -0.604 -0.461,-245.61,-28.04,11.31,-9.47,-147.65,103.46,260,580,704,1140,0.360,0.402 0.583 -0.418 -0.436,18.3,1,0.000,0.000,0.5056,-0.01,,-1.000,0.0,0.0,0.0,,,52.2,40.4,44.1,,0.308,-85.2,8.2,-1.00,-1.0,0.0,4,9002
640,10.6667,swing,swingLow,-248.375,-30.798,10.359,1.244,-38.931,-23.293,45.384,38.951,9.246,-235.62,-51.77,40.16,31.44,0.933,4,,0,0.00,0.00,0.00,-245.859,-28.660,10.786,-140.45,-14.23,70.99,3.329,0.772,0.00,1.00,1,0,0,0,0,0,-14.23,-9.33,-10.68,0.3254,0.2407,0.3899,1,3.329,0,0.416,0,swing,swingCornerBank,1.000,0,0.451 0.333 0.335 0.486 0.779 0.539 -0.630 -0.290 -0.557 -0.445,-245.73,-28.36,11.04,-11.97,-144.05,103.46,264,576,752,1172,0.366,0.394 0.595 -0.384 -0.407,18.2,1,0.000,0.000,0.5263,-0.01,,-1.000,0.0,0.0,0.0,,,51.4,39.6,43.4,,0.270,-85.2,7.8,-1.00,-1.0,0.0,4,8507
641,10.6833,swing,swingLow,-248.351,-31.454,9.978,1.515,-39.612,-22.446,45.554,39.641,8.865,-235.62,-51.77,40.16,31.44,0.945,4,,0,0.00,0.00,0.00,-245.987,-28.959,10.536,-136.85,-16.11,71.05,3.482,0.776,0.00,1.00,1,0,0,0,0,0,-16.11,-8.77,-10.70,0.3087,0.2226,0.3909,1,3.482,0,0.415,0,swing,swingCornerBank,1.000,0,0.448 0.341 0.301 0.493 0.777 0.555 -0.622 -0.249 -0.508 -0.432,-245.86,-28.66,10.79,-14.23,-140.45,103.47,272,568,804,1200,0.373,0.392 0.609 -0.353 -0.381,17.9,1,0.000,0.000,0.5457,-0.01,,-1.000,0.0,0.0,0.0,,,50.5,38.5,42.4,,0.236,-85.2,7.5,-1.00,-1.0,0.0,4,8065
642,10.7000,swing,swingLow,-248.323,-32.120,9.610,1.775,-40.269,-21.570,45.716,40.308,8.497,-235.62,-51.77,40.16,31.44,0.955,4,,0,0.00,0.00,0.00,-246.110,-29.259,10.290,-133.25,-17.50,71.16,3.680,0.780,0.00,1.00,1,0,0,0,0,0,-17.50,-8.20,-10.72,0.2922,0.2101,0.3925,1,3.680,0,0.416,0,swing,swingCornerBank,1.000,0,0.443 0.353 0.267 0.504 0.771 0.576 -0.611 -0.221 -0.460 -0.423,-245.99,-28.96,10.54,-16.11,-136.85,103.53,276,564,860,1224,0.382,0.396 0.624 -0.329 -0.362,17.4,1,0.000,0.000,0.5573,-0.01,,-1.000,0.0,0.0,0.0,,,49.3,37.4,41.3,,0.206,-85.2,7.3,-1.00,-1.0,0.0,4,7672
643,10.7167,swing,swingLow,-248.291,-32.797,9.258,2.024,-40.900,-20.666,45.869,40.950,8.145,-235.62,-51.77,40.16,31.44,0.963,4,,0,0.00,0.00,0.00,-246.227,-29.571,10.046,-129.65,-18.26,71.36,3.910,0.784,0.00,1.00,1,0,0,0,0,0,-18.26,-7.62,-10.73,0.2801,0.1962,0.3986,1,3.910,0,0.416,0,swing,swingCornerBank,1.000,0,0.436 0.368 0.234 0.517 0.762 0.602 -0.608 -0.224 -0.428 -0.437,-246.11,-29.26,10.29,-17.50,-133.25,103.65,284,560,892,1240,0.392,0.402 0.641 -0.331 -0.369,16.8,1,0.000,0.000,0.5642,-0.01,,-1.000,0.0,0.0,0.0,,,48.1,36.1,40.0,,0.179,-85.2,7.0,-1.00,-1.0,0.0,4,7325
644,10.7333,swing,swingLow,-248.255,-33.484,8.921,2.258,-41.504,-19.734,46.012,41.566,7.808,-235.62,-51.77,40.16,31.44,0.970,4,,0,0.00,0.00,0.00,-246.332,-29.902,9.802,-126.05,-18.40,71.62,4.160,0.789,0.00,1.00,1,0,0,0,0,0,-18.40,-7.04,-10.75,0.2698,0.1815,0.4080,1,4.160,0,0.416,0,swing,swingCornerBank,1.000,0,0.427 0.385 0.200 0.526 0.749 0.629 -0.609 -0.244 -0.403 -0.462,-246.23,-29.57,10.05,-18.26,-129.65,103.85,296,564,916,1244,0.402,0.407 0.658 -0.344 -0.389,16.1,1,0.000,0.000,0.5659,-0.02,,-1.000,0.0,0.0,0.0,,,46.7,34.8,38.8,,0.155,-85.1,6.7,-1.00,-1.0,0.0,4,7019
645,10.7500,swing,swingLow,-248.215,-34.181,8.600,2.482,-42.080,-18.777,46.146,42.153,7.487,-235.62,-51.77,40.16,31.44,0.975,4,,0,0.00,0.00,0.00,-246.423,-30.258,9.557,-122.45,-18.04,71.95,4.418,0.794,0.00,1.00,1,0,0,0,0,0,-18.04,-6.46,-10.77,0.2740,0.1761,0.4499,1,4.418,0,0.417,0,swing,swingCornerBank,1.000,0,0.415 0.403 0.165 0.531 0.734 0.659 -0.607 -0.267 -0.376 -0.486,-246.33,-29.90,9.80,-18.40,-126.05,104.12,312,572,932,1236,0.413,0.413 0.676 -0.357 -0.411,15.8,1,0.000,0.000,0.5853,-0.03,,-1.000,0.0,0.0,0.0,,,45.2,33.3,37.4,,0.135,-85.1,6.5,-1.00,-1.0,0.0,4,6750
646,10.7667,swing,swingLow,-248.171,-34.887,8.295,2.696,-42.627,-17.796,46.271,42.712,7.182,-235.62,-51.77,40.16,31.44,0.980,4,,0,0.00,0.00,0.00,-246.526,-30.720,9.312,-118.85,-17.48,72.34,4.595,0.799,0.00,1.00,1,0,0,0,0,0,-17.48,-5.88,-10.78,0.2670,0.1625,0.4599,1,4.595,0,0.418,0,swing,swingCornerBank,1.000,0,0.403 0.420 0.131 0.532 0.718 0.686 -0.605 -0.288 -0.350 -0.508,-246.42,-30.26,9.56,-18.04,-122.45,104.46,356,620,972,1268,0.423,0.417 0.692 -0.369 -0.433,15.1,1,0.000,0.000,0.5781,-0.05,,-1.000,0.0,0.0,0.0,,,43.9,32.0,36.2,,0.116,-85.1,6.3,-1.00,-1.0,0.0,4,6514
647,10.7833,swing,swingLow,-248.124,-35.603,8.006,2.894,-43.143,-16.791,46.385,43.239,6.893,-235.62,-51.77,40.16,31.44,0.983,4,,0,0.00,0.00,0.00,-246.650,-31.344,9.068,-115.25,-16.91,72.78,4.630,0.804,0.00,1.00,1,0,0,0,0,0,-16.91,-5.30,-10.80,0.2693,0.1534,0.4723,1,4.630,0,0.419,0,swing,swingCornerBank,1.000,0,0.387 0.438 0.093 0.532 0.697 0.717 -0.600 -0.313 -0.320 -0.530,-246.53,-30.72,9.31,-17.48,-118.85,104.86,368,628,972,1244,0.434,0.419 0.711 -0.383 -0.454,13.9,1,0.000,0.000,0.5681,-0.07,,-1.000,0.0,0.0,0.0,,,42.3,30.9,34.5,,0.101,-85.1,6.1,-1.00,-1.0,0.0,4,6308
648,10.8000,swing,swingBottom,-248.074,-36.326,7.735,3.082,-43.627,-15.764,46.489,43.735,6.622,-235.62,-51.77,40.16,31.44,0.986,4,,0,0.00,0.00,0.00,-246.745,-31.998,8.825,-111.65,-16.10,73.24,4.657,0.809,0.00,1.00,1,0,0,0,0,0,-16.10,-4.73,-10.82,0.2704,0.1453,0.4850,1,4.657,0,0.420,0,swing,swingCornerBank,1.000,0,0.372 0.453 0.061 0.531 0.677 0.742 -0.594 -0.332 -0.292 -0.550,-246.65,-31.34,9.07,-16.91,-115.25,105.29,380,640,960,1216,0.443,0.423 0.727 -0.393 -0.477,13.1,1,0.000,0.000,0.5560,-0.10,,-1.000,0.0,0.0,0.0,,,40.9,29.6,33.3,,0.087,-85.1,5.9,-1.00,-1.0,0.0,4,6128
649,10.8167,swing,swingBottom,-248.021,-37.057,7.481,3.261,-44.078,-14.716,46.584,44.198,6.368,-235.62,-51.77,40.16,31.44,0.989,4,,0,0.00,0.00,0.00,-246.813,-32.676,8.586,-108.05,-15.16,73.71,4.677,0.815,0.00,1.00,1,0,0,0,0,0,-15.16,-4.17,-10.83,0.2715,0.1377,0.4969,1,4.677,0,0.422,0,swing,swingCornerBank,1.000,0,0.356 0.466 0.030 0.527 0.656 0.765 -0.586 -0.350 -0.266 -0.569,-246.75,-32.00,8.82,-16.10,-111.65,105.76,392,656,944,1188,0.452,0.425 0.743 -0.402 -0.500,12.4,1,0.000,0.000,0.5418,-0.13,,-1.000,0.0,0.0,0.0,,,39.5,28.2,32.1,,0.075,-85.1,5.8,-1.00,-1.0,0.0,4,5972
650,10.8333,swing,swingBottom,-247.963,-37.796,7.244,3.550,-44.491,-13.660,46.676,44.633,6.131,-235.62,-51.77,40.16,31.44,0.991,4,,0,0.00,0.00,0.00,-246.854,-33.375,8.353,-104.45,-14.21,74.19,4.691,0.820,0.00,1.00,1,0,0,0,0,0,-14.21,-3.61,-10.85,0.2723,0.1314,0.5076,1,4.691,0,0.423,0,swing,swingCornerBank,1.000,0,0.341 0.478 0.003 0.523 0.637 0.784 -0.578 -0.363 -0.241 -0.586,-246.81,-32.68,8.59,-15.16,-108.05,106.23,404,672,924,1156,0.461,0.429 0.757 -0.408 -0.522,11.8,1,0.000,0.000,0.5263,-0.16,,-1.000,0.0,0.0,0.0,,,38.3,27.0,31.1,,0.064,-85.1,5.6,-1.00,-1.0,0.0,4,5836
651,10.8500,swing,swingBottom,-247.901,-38.541,7.025,3.824,-44.871,-12.586,46.759,45.034,5.912,-235.62,-51.77,40.16,31.44,0.993,4,,0,0.00,0.00,0.00,-246.870,-34.091,8.127,-100.85,-13.33,74.66,4.699,0.826,0.00,1.00,1,0,0,0,0,0,-13.33,-3.06,-10.87,0.2730,0.1262,0.5162,1,4.699,0,0.425,0,swing,swingCornerBank,1.000,0,0.326 0.487 -0.021 0.520 0.620 0.800 -0.571 -0.372 -0.220 -0.601,-246.85,-33.38,8.35,-14.21,-104.45,106.70,416,684,900,1124,0.468,0.433 0.769 -0.411 -0.543,11.4,1,0.000,0.000,0.5097,-0.20,,-1.000,0.0,0.0,0.0,,,37.1,25.7,30.3,,0.055,-85.1,5.5,-1.00,-1.0,0.0,4,5719
652,10.8667,swing,swingBottom,-247.835,-39.292,6.824,4.082,-45.215,-11.495,46.832,45.399,5.711,-235.62,-51.77,40.16,31.44,0.994,4,,0,0.00,0.00,0.00,-246.864,-34.820,7.911,-97.25,-12.55,75.21,4.703,0.832,0.00,1.00,1,0,0,0,0,0,-12.55,-2.53,-10.88,0.2717,0.1226,0.5225,1,4.703,0,0.427,0,swing,swingCornerBank,1.000,0,0.315 0.492 -0.040 0.528 0.602 0.810 -0.574 -0.369 -0.197 -0.606,-246.87,-34.09,8.13,-13.33,-100.85,107.17,424,692,872,1088,0.472,0.448 0.776 -0.405 -0.551,11.4,1,0.000,0.000,0.4917,-0.24,,-1.000,0.0,0.0,0.0,,,36.4,24.5,30.0,,0.047,-85.1,5.4,-1.00,-1.0,0.0,4,5617
653,10.8833,swing,swingBottom,-247.764,-40.048,6.642,4.327,-45.524,-10.388,46.894,45.729,5.529,-235.62,-51.77,40.16,31.44,0.995,4,,0,0.00,0.00,0.00,-246.841,-35.560,7.706,-93.65,-11.94,75.87,4.704,0.837,0.00,1.00,1,0,0,0,0,0,-11.94,-2.02,-10.90,0.2708,0.1196,0.5259,1,4.704,0,0.430,0,swing,swingCornerBank,1.000,0,0.303 0.498 -0.060 0.534 0.583 0.821 -0.577 -0.368 -0.174 -0.611,-246.86,-34.82,7.91,-12.55,-97.25,107.72,432,700,840,1048,0.477,0.461 0.784 -0.400 -0.559,11.3,1,0.000,0.000,0.4729,-0.27,,-1.000,0.0,0.0,0.0,,,35.5,23.3,29.6,,0.041,-85.1,5.2,-1.00,-1.0,0.0,4,5529
654,10.9000,swing,swingBottom,-247.689,-40.810,6.478,4.556,-45.796,-9.268,46.946,46.022,5.365,-235.62,-51.77,40.16,31.44,0.996,4,,0,0.00,0.00,0.00,-246.802,-36.309,7.513,-92.29,-11.59,76.55,4.702,0.843,0.00,1.00,1,0,0,0,0,0,-11.59,-1.54,-10.92,0.2691,0.1171,0.5252,1,4.702,0,0.432,0,swing,swingCornerBank,1.000,0,0.296 0.502 -0.065 0.540 0.574 0.828 -0.576 -0.361 -0.164 -0.616,-246.84,-35.56,7.71,-11.94,-93.65,108.37,436,700,808,1008,0.483,0.472 0.793 -0.396 -0.568,11.0,1,0.000,0.000,0.4678,-0.32,,-1.000,0.0,0.0,0.0,,,34.5,22.0,29.1,,0.035,-85.1,5.1,-1.00,-1.0,0.0,0,5453
655,10.9167,swing,swingBottom,-247.611,-41.575,6.333,4.771,-46.030,-8.136,46.986,46.277,5.220,-235.62,-51.77,40.16,31.44,0.997,4,,0,0.00,0.00,0.00,-246.750,-37.066,7.335,-93.22,-10.59,77.20,4.698,0.848,0.00,1.00,1,0,0,0,0,0,-10.59,-1.08,-10.93,0.2666,0.1149,0.5309,1,4.698,0,0.434,0,swing,swingCornerBank,1.000,0,0.295 0.504 -0.056 0.543 0.576 0.830 -0.570 -0.354 -0.165 -0.617,-246.80,-36.31,7.51,-11.59,-92.29,109.03,436,700,800,996,0.488,0.481 0.803 -0.392 -0.576,10.7,1,0.002,0.000,0.4761,-0.36,,-1.000,0.0,0.0,0.0,,,33.5,20.7,28.6,,0.030,-85.1,5.0,-1.00,-1.0,0.0,0,5388
656,10.9333,swing,swingBottom,-247.529,-42.344,6.207,4.972,-46.227,-6.993,47.016,46.493,5.094,-235.62,-51.77,40.16,31.44,0.997,4,,0,0.00,0.00,0.00,-246.687,-37.829,7.172,-94.14,-8.36,77.79,4.693,0.853,0.00,1.00,1,0,0,0,0,0,-8.36,-0.66,-10.95,0.2656,0.1129,0.5500,1,4.693,0,0.437,0,swing,swingCornerBank,1.000,0,0.293 0.505 -0.049 0.538 0.575 0.831 -0.561 -0.354 -0.166 -0.615,-246.75,-37.07,7.34,-10.59,-93.22,109.66,444,704,816,1008,0.494,0.489 0.813 -0.388 -0.585,10.3,1,0.002,0.000,0.4835,-0.40,,-1.000,0.0,0.0,0.0,,,32.5,19.4,28.0,,0.026,-85.0,4.9,-1.00,-1.0,0.0,0,5332
657,10.9500,swing,swingBottom,-247.445,-43.116,6.100,5.159,-46.385,-5.843,47.035,46.671,4.987,-235.62,-51.77,40.16,31.44,0.998,4,,0,0.00,0.00,0.00,-246.616,-38.596,7.025,-95.00,-6.33,78.26,4.687,0.858,0.00,1.00,1,0,0,0,0,0,-6.33,-0.26,-10.97,0.2655,0.1112,0.5663,1,4.687,0,0.440,0,swing,swingCornerBank,1.000,0,0.290 0.506 -0.044 0.533 0.574 0.834 -0.552 -0.355 -0.164 -0.613,-246.69,-37.83,7.17,-8.36,-94.14,110.23,464,724,832,1020,0.500,0.496 0.823 -0.385 -0.591,9.9,1,0.002,0.000,0.4898,-0.45,,-1.000,0.0,0.0,0.0,,,31.4,18.0,27.4,,0.022,-85.0,4.9,-1.00,-1.0,0.0,0,5284
658,10.9667,swing,swingBottom,-247.357,-43.890,6.012,5.332,-46.505,-4.685,47.043,46.809,4.899,-235.62,-51.77,40.16,31.44,0.998,4,,0,0.00,0.00,0.00,-246.538,-39.367,6.896,-95.77,-5.50,78.55,4.680,0.863,0.00,1.00,1,0,0,0,0,0,-5.50,0.10,-10.98,0.2657,0.1097,0.5685,1,4.680,0,0.443,0,swing,swingCornerBank,1.000,0,0.286 0.510 -0.041 0.533 0.571 0.839 -0.542 -0.352 -0.162 -0.615,-246.62,-38.60,7.03,-6.33,-95.00,110.68,480,744,848,1036,0.506,0.502 0.833 -0.382 -0.597,9.4,1,0.003,0.000,0.4954,-0.49,,-1.000,0.0,0.0,0.0,,,30.3,16.6,26.7,,0.019,-85.0,4.8,-1.00,-1.0,0.0,0,5242
659,10.9833,swing,swingBottom,-247.266,-44.666,5.943,5.494,-46.585,-3.523,47.040,46.908,4.830,-235.62,-51.77,40.16,31.44,0.998,4,,0,0.00,0.00,0.00,-246.454,-40.141,6.783,-96.45,-5.50,78.71,4.673,0.868,0.00,1.00,1,0,0,0,0,0,-5.50,0.44,-11.00,0.2656,0.1084,0.5612,1,4.673,0,0.446,0,swing,swingCornerBank,1.000,0,0.281 0.514 -0.039 0.537 0.568 0.846 -0.531 -0.346 -0.157 -0.616,-246.54,-39.37,6.90,-5.50,-95.77,110.96,484,744,860,1040,0.511,0.507 0.842 -0.380 -0.601,9.0,1,0.003,0.000,0.5003,-0.53,,-1.000,0.0,0.0,0.0,,,29.3,15.2,26.1,,0.016,-85.0,4.7,-1.00,-1.0,0.0,0,5207
660,11.0000,swing,swingBottom,-247.173,-45.442,5.894,5.643,-46.627,-2.359,47.026,46.967,4.781,-235.62,-51.77,40.16,31.44,0.999,4,,0,0.00,0.00,0.00,-246.364,-40.916,6.689,-97.05,-5.50,78.74,4.666,0.873,0.00,1.00,1,0,0,0,0,0,-5.50,0.75,-11.02,0.2661,0.1073,0.5538,1,4.666,0,0.449,0,swing,swingCornerBank,1.000,0,0.276 0.517 -0.039 0.540 0.563 0.853 -0.520 -0.340 -0.152 -0.618,-246.45,-40.14,6.78,-5.50,-96.45,111.10,476,736,868,1052,0.516,0.510 0.852 -0.377 -0.603,8.5,1,0.003,0.000,0.5045,-0.58,,-1.000,0.0,0.0,0.0,,,28.2,13.8,25.5,,0.014,-85.0,4.7,-1.00,-1.0,0.0,0,5176
661,11.0167,swing,swingBottom,-247.078,-46.220,5.865,5.779,-46.629,-1.193,47.001,46.986,4.752,-235.62,-51.77,40.16,31.44,0.999,4,,0,0.00,0.00,0.00,-246.271,-41.692,6.614,-97.58,-5.50,78.69,4.659,0.878,0.00,1.00,1,0,0,0,0,0,-5.50,1.04,-11.03,0.2670,0.1064,0.5462,1,4.659,0,0.452,0,swing,swingCornerBank,1.000,0,0.270 0.521 -0.041 0.542 0.558 0.859 -0.509 -0.335 -0.146 -0.616,-246.36,-40.92,6.69,-5.50,-97.05,111.14,468,728,880,1056,0.521,0.514 0.861 -0.374 -0.604,8.0,1,0.003,0.000,0.5081,-0.62,,-1.000,0.0,0.0,0.0,,,27.3,12.4,25.0,,0.012,-85.0,4.6,-1.00,-1.0,0.0,0,5150
662,11.0333,swing,swingBottom,-246.980,-46.996,5.855,5.898,-46.592,-0.028,46.964,46.964,4.742,-235.62,-51.77,40.16,31.44,0.999,4,,0,0.00,0.00,0.00,-246.174,-42.468,6.557,-98.05,-5.50,78.56,4.652,0.882,0.00,1.00,1,0,0,0,0,0,-5.50,1.30,-11.05,0.2682,0.1055,0.5384,1,4.652,0,0.455,0,swing,swingCornerBank,1.000,0,0.264 0.524 -0.044 0.543 0.553 0.865 -0.498 -0.329 -0.139 -0.614,-246.27,-41.69,6.61,-5.50,-97.58,111.09,460,720,888,1064,0.526,0.516 0.870 -0.371 -0.603,7.5,1,0.011,0.000,0.5112,-0.66,,-1.000,0.0,0.0,0.0,,,26.3,11.0,24.4,,0.010,-85.0,4.5,-1.00,-1.0,0.0,0,5128
663,11.0500,swing,swingBottom,-246.880,-47.775,5.864,6.034,-46.739,1.144,47.141,47.127,4.751,-235.62,-51.77,40.16,31.44,0.999,4,,0,0.00,0.00,0.00,-246.075,-43.247,6.519,-98.44,-5.50,78.37,4.646,0.886,0.00,1.00,1,0,0,0,0,0,-5.50,1.55,-11.07,0.2695,0.1048,0.5304,1,4.646,0,0.459,0,swing,swingCornerBank,1.000,0,0.257 0.527 -0.048 0.544 0.546 0.871 -0.487 -0.323 -0.132 -0.610,-246.17,-42.47,6.56,-5.50,-98.05,110.96,452,712,892,1068,0.530,0.517 0.878 -0.368 -0.599,7.0,1,0.010,0.000,0.5139,-0.70,,-1.000,0.0,0.0,0.0,,,25.4,9.6,23.9,,0.008,-85.0,4.5,-1.00,-1.0,0.0,0,5109
664,11.0667,swing,swingBottom,-246.779,-48.555,5.893,6.158,-46.846,2.328,47.306,47.249,4.780,-235.62,-51.77,40.16,31.44,0.999,4,,0,0.00,0.00,0.00,-245.973,-44.027,6.500,-98.78,-5.50,78.14,4.639,0.890,0.00,1.00,1,0,0,0,0,0,-5.50,1.78,-11.08,0.2709,0.1043,0.5223,1,4.639,0,0.462,0,swing,swingCornerBank,1.000,0,0.252 0.529 -0.053 0.543 0.541 0.875 -0.476 -0.317 -0.126 -0.604,-246.07,-43.25,6.52,-5.50,-98.44,110.78,444,708,900,1076,0.534,0.517 0.885 -0.365 -0.595,6.7,1,0.005,0.000,0.5162,-0.74,,-1.000,0.0,0.0,0.0,,,24.7,8.3,23.5,,0.007,-85.0,4.4,-1.00,-1.0,0.0,0,5093
665,11.0833,swing,swingBottom,-246.675,-49.337,5.942,6.268,-46.912,3.523,47.460,47.329,4.829,-235.62,-51.77,40.16,31.44,1.000,4,,0,0.00,0.00,0.00,-245.869,-44.809,6.500,-99.07,-5.50,77.88,4.633,0.894,0.00,1.00,1,0,0,0,0,0,-5.50,1.99,-11.10,0.2719,0.1042,0.5140,1,4.633,0,0.464,0,swing,swingCornerBank,1.000,0,0.250 0.529 -0.055 0.542 0.537 0.876 -0.468 -0.308 -0.123 -0.596,-245.97,-44.03,6.50,-5.50,-98.78,110.56,432,696,904,1080,0.535,0.516 0.889 -0.358 -0.587,6.7,1,0.004,0.000,0.5182,-0.78,,-1.000,0.0,0.0,0.0,,,24.4,7.2,23.6,,0.006,-85.0,4.4,-1.00,-1.0,0.0,0,5079
666,11.1000,swing,swingBottom,-246.569,-50.120,6.010,6.367,-46.936,4.726,47.601,47.366,4.897,-235.62,-51.77,40.16,31.44,1.000,4,,0,0.00,0.00,0.00,-245.763,-45.592,6.520,-99.31,-5.50,77.59,4.628,0.898,0.00,1.00,1,0,0,0,0,0,-5.50,2.19,-11.12,0.2730,0.1039,0.5054,1,4.628,0,0.467,0,swing,swingBottom,1.000,0,0.248 0.529 -0.059 0.541 0.533 0.878 -0.459 -0.297 -0.120 -0.587,-245.87,-44.81,6.50,-5.50,-99.07,110.31,424,688,908,1084,0.536,0.515 0.893 -0.350 -0.580,6.7,1,0.000,0.000,0.5200,-0.81,,-1.000,0.0,0.0,0.0,,,24.2,6.1,23.6,,0.005,-85.0,4.4,-1.00,-1.0,0.0,0,5067
667,11.1167,swing,swingBottom,-246.462,-50.903,6.099,6.454,-46.919,5.935,47.731,47.361,4.986,-235.62,-51.77,40.16,31.44,1.000,4,,0,0.00,0.00,0.00,-245.656,-46.374,6.559,-99.52,-5.50,77.29,4.623,0.901,0.00,1.00,1,0,0,0,0,0,-5.50,2.37,-11.13,0.2741,0.1036,0.4966,1,4.623,0,0.469,0,swing,swingBottom,1.000,0,0.246 0.529 -0.063 0.539 0.529 0.879 -0.449 -0.284 -0.117 -0.578,-245.76,-45.59,6.52,-5.50,-99.31,110.03,416,680,912,1084,0.538,0.514 0.896 -0.340 -0.571,6.7,1,0.000,0.000,0.5216,-0.84,,-1.000,0.0,0.0,0.0,,,24.0,4.9,23.6,,0.004,-85.0,4.3,-1.00,-1.0,0.0,0,5057
668,11.1333,swing,swingBottom,-246.354,-51.685,6.208,6.529,-46.860,7.149,47.850,47.313,5.095,-235.62,-51.77,40.16,31.44,1.000,4,,0,0.00,0.00,0.00,-245.546,-47.157,6.619,-99.70,-5.50,76.97,4.618,0.905,0.00,1.00,1,0,0,0,0,0,-5.50,2.55,-11.15,0.2752,0.1032,0.4875,1,4.618,0,0.471,0,swing,swingBottom,1.000,0,0.243 0.529 -0.069 0.537 0.525 0.879 -0.438 -0.270 -0.113 -0.567,-245.66,-46.37,6.56,-5.50,-99.52,109.74,404,672,916,1088,0.538,0.513 0.899 -0.328 -0.561,6.7,1,0.000,0.000,0.5231,-0.87,,-1.000,0.0,0.0,0.0,,,23.8,3.8,23.6,,0.004,-85.0,4.3,-1.00,-1.0,0.0,0,5048
669,11.1500,swing,swingBottom,-246.245,-52.466,6.338,6.593,-46.759,8.365,47.957,47.222,5.225,-235.62,-51.77,40.16,31.44,1.000,4,,0,0.00,0.00,0.00,-245.436,-47.937,6.698,-99.86,-5.50,76.66,4.614,0.909,0.00,1.00,1,0,0,0,0,0,-5.50,2.71,-11.17,0.2763,0.1026,0.4782,1,4.614,0,0.472,0,swing,swingBottom,1.000,0,0.240 0.528 -0.076 0.535 0.520 0.880 -0.426 -0.254 -0.109 -0.557,-245.55,-47.16,6.62,-5.50,-99.70,109.44,396,664,920,1088,0.539,0.511 0.902 -0.315 -0.551,6.7,1,0.000,0.000,0.5244,-0.89,,-1.000,0.0,0.0,0.0,,,23.7,2.6,23.6,,0.003,-85.0,4.3,-1.00,-1.0,0.0,0,5041
670,11.1667,swing,swingBottom,-246.134,-53.244,6.487,6.646,-46.616,9.581,48.053,47.088,5.374,-235.62,-51.77,40.16,31.44,1.000,4,,0,0.00,0.00,0.00,-245.323,-48.716,6.798,-100.00,-5.50,76.34,4.610,0.912,0.00,1.00,1,0,0,0,0,0,-5.50,2.87,-11.18,0.2773,0.1018,0.4686,1,4.610,0,0.473,0,swing,swingBottom,1.000,0,0.237 0.528 -0.084 0.533 0.515 0.879 -0.412 -0.234 -0.104 -0.545,-245.44,-47.94,6.70,-5.50,-99.86,109.13,384,652,924,1092,0.540,0.508 0.904 -0.299 -0.540,6.7,1,0.000,0.000,0.5257,-0.92,,-1.000,0.0,0.0,0.0,,,23.7,1.4,23.6,,0.003,-85.0,4.3,-1.00,-1.0,0.0,0,5035
671,11.1833,swing,swingBottom,-246.024,-54.020,6.657,6.655,-46.431,10.798,48.132,46.906,5.544,-235.62,-51.77,40.16,31.44,1.000,4,,0,0.00,0.00,0.00,-245.210,-49.493,6.917,-100.12,-5.50,76.03,4.607,0.916,0.00,1.00,1,0,0,0,0,0,-5.50,3.02,-11.20,0.2785,0.1008,0.4589,1,4.607,0,0.474,0,swing,swingBottom,1.000,0,0.234 0.527 -0.093 0.530 0.509 0.879 -0.397 -0.214 -0.099 -0.534,-245.32,-48.72,6.80,-5.50,-100.00,108.83,376,644,928,1092,0.540,0.506 0.906 -0.281 -0.530,6.6,1,0.000,0.000,0.5267,-0.94,,-1.000,0.0,0.0,0.0,,,23.6,0.2,23.6,,0.002,-85.0,4.2,-1.00,-1.0,0.0,0,5029
672,11.2000,swing,swingBottom,-245.913,-54.792,6.847,6.655,-46.204,12.010,48.201,46.681,5.734,-235.62,-51.77,40.16,31.44,1.000,4,,0,0.00,0.00,0.00,-245.096,-50.266,7.057,-100.24,-5.50,75.73,4.605,0.919,0.00,1.00,1,0,0,0,0,0,-5.50,3.16,-11.22,0.2797,0.0995,0.4489,1,4.605,0,0.474,0,swing,swingBottom,1.000,0,0.229 0.526 -0.104 0.526 0.503 0.879 -0.380 -0.190 -0.094 -0.522,-245.21,-49.49,6.92,-5.50,-100.12,108.52,364,636,928,1096,0.540,0.502 0.908 -0.260 -0.519,6.5,1,0.000,0.000,0.5277,-0.95,,-1.000,0.0,0.0,0.0,,,23.6,-1.0,23.6,,0.002,-85.0,4.2,-1.00,-1.0,0.0,0,5025
673,11.2167,swing,swingBottom,-245.802,-55.560,7.058,6.647,-45.936,13.216,48.259,46.414,5.945,-235.62,-51.77,40.16,31.44,1.000,4,,0,0.00,0.00,0.00,-244.981,-51.034,7.258,-100.36,-5.50,75.43,4.604,0.922,0.00,1.00,1,0,0,0,0,0,-5.50,3.30,-11.23,0.2805,0.0976,0.4449,1,4.604,0,0.474,0,swing,swingBottom,1.000,0,0.224 0.526 -0.115 0.520 0.496 0.879 -0.357 -0.163 -0.088 -0.510,-245.10,-50.27,7.06,-5.50,-100.24,108.23,352,624,932,1096,0.541,0.495 0.910 -0.236 -0.508,6.2,1,0.002,0.000,0.5287,-0.96,,-1.000,0.0,0.0,0.0,,,23.5,-2.3,23.4,,0.002,-85.0,4.2,-1.00,-1.0,0.0,0,5021
674,11.2333,swing,swingBottom,-245.692,-56.324,7.288,6.626,-45.626,14.415,48.306,46.105,6.175,-235.62,-51.77,40.16,31.44,1.000,4,,0,0.00,0.00,0.00,-244.866,-51.799,7.488,-100.47,-5.50,75.14,4.604,0.926,0.00,1.00,1,0,0,0,0,0,-5.50,3.42,-11.25,0.2808,0.0955,0.4423,1,4.604,0,0.473,0,swing,swingBottom,1.000,0,0.219 0.525 -0.126 0.512 0.488 0.879 -0.332 -0.132 -0.082 -0.497,-244.98,-51.03,7.26,-5.50,-100.36,107.93,348,620,936,1096,0.541,0.487 0.912 -0.207 -0.496,6.0,1,0.002,0.000,0.5296,-0.97,,-1.000,0.0,0.0,0.0,,,23.5,-3.5,23.3,,0.001,-85.0,4.2,-1.00,-1.0,0.0,0,5018
675,11.2500,swing,swingBottom,-245.582,-57.082,7.538,6.597,-45.276,15.605,48.342,45.754,6.425,-235.62,-51.77,40.16,31.44,1.000,4,,0,0.00,0.00,0.00,-244.750,-52.557,7.738,-100.57,-5.50,74.87,4.604,0.929,0.00,1.00,1,0,0,0,0,0,-5.50,3.52,-11.27,0.2813,0.0933,0.4400,1,4.604,0,0.472,0,swing,swingBottom,1.000,0,0.213 0.524 -0.137 0.505 0.481 0.877 -0.308 -0.100 -0.077 -0.486,-244.87,-51.80,7.49,-5.50,-100.47,107.65,348,616,940,1092,0.541,0.480 0.912 -0.177 -0.486,5.8,1,0.000,0.000,0.5304,-0.98,,-1.000,0.0,0.0,0.0,,,23.5,-4.7,23.2,,0.001,-85.0,4.2,-1.00,-1.0,0.0,0,5015
676,11.2667,swing,swingHigh,-245.472,-57.833,7.808,6.562,-44.886,16.783,48.368,45.363,6.695,-235.62,-51.77,40.16,31.44,1.000,4,,0,0.00,0.00,0.00,-244.635,-53.310,8.008,-100.67,-5.50,74.60,4.604,0.932,0.00,1.00,1,0,0,0,0,0,-5.50,3.60,-11.28,0.2816,0.0916,0.4376,1,4.604,0,0.471,0,swing,swingBottom,1.000,0,0.208 0.522 -0.149 0.497 0.474 0.875 -0.281 -0.063 -0.071 -0.475,-244.75,-52.56,7.74,-5.50,-100.57,107.38,344,616,944,1096,0.540,0.472 0.912 -0.142 -0.476,5.6,1,0.000,0.000,0.5309,-0.98,,-1.000,0.0,0.0,0.0,,,23.7,-6.0,23.0,,0.001,-85.0,4.1,-1.00,-1.0,0.0,0,5013
677,11.2833,swing,swingHigh,-245.365,-58.578,8.098,6.369,-44.456,17.949,48.364,44.910,6.985,-235.62,-51.77,40.16,31.44,1.000,4,,0,0.00,0.00,0.00,-244.520,-54.056,8.298,-100.80,-5.50,74.35,4.604,0.935,0.00,1.00,1,0,0,0,0,0,-5.50,3.66,-11.30,0.2826,0.0916,0.4352,1,4.604,0,0.470,0,swing,swingBottom,1.000,0,0.200 0.521 -0.161 0.489 0.464 0.874 -0.255 -0.029 -0.064 -0.467,-244.63,-53.31,8.01,-5.50,-100.67,107.12,340,612,944,1092,0.540,0.464 0.913 -0.109 -0.470,5.2,1,0.000,0.000,0.5298,-0.98,,-1.000,0.0,0.0,0.0,,,23.6,-7.3,22.7,,0.001,-85.0,4.1,-1.00,-1.0,0.0,0,5011
678,11.3000,swing,swingHigh,-245.262,-59.315,8.407,6.178,-43.988,19.099,48.352,44.420,7.294,-235.62,-51.77,40.16,31.44,1.000,4,,0,0.00,0.00,0.00,-244.406,-54.795,8.607,-100.94,-5.50,74.12,4.604,0.938,0.00,1.00,1,0,0,0,0,0,-5.50,3.68,-11.32,0.2837,0.0914,0.4326,1,4.604,0,0.468,0,swing,swingBottom,1.000,0,0.192 0.521 -0.174 0.481 0.451 0.875 -0.228 0.007 -0.056 -0.459,-244.52,-54.06,8.30,-5.50,-100.80,106.87,340,612,944,1092,0.541,0.455 0.915 -0.075 -0.464,4.8,1,0.000,0.000,0.5282,-0.98,,-1.000,0.0,0.0,0.0,,,23.5,-8.5,22.2,,0.001,-85.0,4.1,-1.00,-1.0,0.0,0,5009
679,11.3167,swing,swingHigh,-245.163,-60.044,8.734,5.779,-43.509,20.230,48.329,43.891,7.621,-235.62,-51.77,40.16,31.44,1.000,4,,0,0.00,0.00,0.00,-244.294,-55.527,8.934,-101.11,-5.50,73.89,4.604,0.941,0.00,1.00,1,0,0,0,0,0,-5.50,3.68,-11.33,0.2852,0.0905,0.4286,1,4.604,0,0.466,0,swing,swingBottom,1.000,0,0.174 0.523 -0.190 0.456 0.430 0.881 -0.174 0.058 -0.042 -0.447,-244.41,-54.80,8.61,-5.50,-100.94,106.64,336,608,940,1088,0.543,0.429 0.923 -0.026 -0.453,3.6,1,0.000,0.000,0.5257,-0.97,,-1.000,0.0,0.0,0.0,,,22.7,-9.9,20.9,,0.001,-85.0,4.1,-1.00,-1.0,0.0,0,5008
680,11.3333,swing,swingHigh,-245.071,-60.765,9.081,5.385,-43.014,21.340,48.318,43.350,7.968,-235.62,-51.77,40.16,31.44,1.000,4,,0,0.00,0.00,0.00,-244.185,-56.252,9.281,-101.34,-5.50,73.68,4.604,0.943,0.00,1.00,1,0,0,0,0,0,-5.50,3.64,-11.35,0.2869,0.0893,0.4246,1,4.604,0,0.464,0,swing,swingBottom,1.000,0,0.156 0.525 -0.205 0.432 0.406 0.887 -0.126 0.108 -0.028 -0.436,-244.29,-55.53,8.93,-5.50,-101.11,106.41,328,608,936,1080,0.546,0.405 0.931 0.024 -0.444,2.8,1,0.000,0.000,0.5227,-0.96,,-1.000,0.0,0.0,0.0,,,22.0,-11.3,19.4,,0.001,-85.0,4.1,-1.00,-1.0,0.0,0,5007
681,11.3500,swing,swingHigh,-244.986,-61.478,9.445,5.068,-42.472,22.431,48.298,42.773,8.332,-235.62,-51.77,40.16,31.44,1.000,4,,0,0.00,0.00,0.00,-244.081,-56.968,9.645,-101.58,-5.50,73.48,4.604,0.946,0.00,1.00,1,0,0,0,0,0,-5.50,3.57,-11.37,0.2883,0.0877,0.4201,1,4.604,0,0.462,0,swing,swingBottom,1.000,0,0.133 0.527 -0.214 0.395 0.382 0.895 -0.058 0.177 -0.012 -0.422,-244.19,-56.25,9.28,-5.50,-101.34,106.20,324,604,932,1076,0.548,0.366 0.940 0.093 -0.431,3.0,1,0.000,0.000,0.5198,-0.94,,-1.000,0.0,0.0,0.0,,,21.1,-12.6,17.4,,0.000,-85.0,4.1,-1.00,-1.0,0.0,0,5006
682,11.3667,swing,swingHigh,-244.905,-62.181,9.828,4.802,-41.888,23.500,48.269,42.162,8.715,-235.62,-51.77,40.16,31.44,1.000,4,,0,0.00,0.00,0.00,-243.981,-57.675,10.028,-101.82,-5.50,73.29,4.604,0.948,0.00,1.00,1,0,0,0,0,0,-5.50,3.47,-11.38,0.2893,0.0867,0.4168,1,4.604,0,0.460,0,swing,swingBottom,1.000,0,0.116 0.527 -0.222 0.372 0.366 0.897 -0.014 0.233 -0.001 -0.413,-244.08,-56.97,9.65,-5.50,-101.58,106.00,320,600,928,1068,0.548,0.343 0.944 0.150 -0.425,3.9,1,0.002,0.000,0.5172,-0.92,,-1.000,0.0,0.0,0.0,,,20.7,-13.8,16.1,,0.000,-85.0,4.1,-1.00,-1.0,0.0,0,5005
683,11.3833,swing,swingHigh,-244.828,-62.874,10.229,4.538,-41.269,24.548,48.232,41.518,9.116,-235.62,-51.77,40.16,31.44,1.000,4,,0,0.00,0.00,0.00,-243.885,-58.372,10.429,-102.06,-5.50,73.12,4.604,0.950,0.00,1.00,1,0,0,0,0,0,-5.50,3.34,-11.40,0.2904,0.0863,0.4147,1,4.604,0,0.457,0,swing,swingHigh,1.000,0,0.104 0.525 -0.228 0.367 0.355 0.893 0.006 0.271 0.005 -0.411,-243.98,-57.67,10.03,-5.50,-101.82,105.81,316,596,924,1060,0.547,0.338 0.942 0.190 -0.426,4.8,1,0.014,0.000,0.5147,-0.89,,-1.000,0.0,0.0,0.0,,,20.9,-14.9,15.3,,0.000,-85.0,4.1,-1.00,-1.0,0.0,0,5004
684,11.4000,swing,swingHigh,-244.756,-63.557,10.646,4.282,-40.617,25.572,48.187,40.842,9.533,-235.62,-51.77,40.16,31.44,1.000,4,,0,0.00,0.00,0.00,-243.794,-59.058,10.846,-102.29,-5.50,72.95,4.604,0.952,0.00,1.00,1,0,0,0,0,0,-5.50,3.17,-11.42,0.2908,0.0863,0.4131,1,4.604,0,0.454,0,swing,swingHigh,1.000,0,0.096 0.522 -0.235 0.371 0.347 0.886 0.018 0.303 0.010 -0.411,-243.88,-58.37,10.43,-5.50,-102.06,105.64,316,596,920,1060,0.545,0.342 0.937 0.222 -0.428,5.4,1,0.009,0.000,0.5125,-0.86,,-1.000,0.0,0.0,0.0,,,21.4,-16.0,14.9,,0.000,-85.0,4.1,-1.00,-1.0,0.0,0,5003
685,11.4167,air,trick,-244.708,-64.012,10.716,5.761,-54.642,8.356,55.577,54.945,9.603,0.00,0.00,0.00,0.00,0.000,4,frontPikeSwan,0,0.00,0.00,0.00,-243.669,-59.531,11.029,-103.26,-4.56,72.80,4.610,0.954,0.00,1.00,0,0,0,0,0,0,-4.56,2.94,-11.43,0.2915,0.0827,0.4403,1,4.610,0,0.452,1,swing,swingHigh,1.000,0,0.073 0.536 -0.239 0.359 0.309 0.917 0.047 0.275 0.028 -0.425,-243.79,-59.06,10.85,-5.50,-102.29,105.47,312,596,916,1052,0.552,0.332 0.957 0.208 -0.439,-1.0,0,0.010,0.000,0.5071,-0.82,frontPikeSwan,0.000,0.0,0.0,70.4,Pike,Pike,19.0,-14.9,12.3,,0.008,-10.8,-1.5,0.00,-1.0,0.0,0,5106
686,11.4333,air,trick,-244.612,-64.921,10.853,5.749,-54.533,8.176,55.441,54.835,9.740,0.00,0.00,0.00,0.00,0.000,4,frontPikeSwan,0,0.00,0.00,0.00,-243.639,-60.429,11.164,-102.43,-4.89,72.66,4.607,0.956,0.00,1.00,0,0,0,0,0,0,-4.89,2.61,-11.45,0.2965,0.0816,0.4354,1,4.607,0,0.451,0,flip_frontPikeSwan,swingHigh,1.000,3,0.061 0.543 -0.251 0.354 0.294 0.935 0.045 0.259 0.037 -0.436,-243.67,-59.53,11.03,-4.56,-103.26,105.32,340,624,908,1036,0.560,0.325 0.975 0.186 -0.451,-1.0,0,0.013,0.000,0.5058,-0.78,frontPikeSwan,0.017,1.2,0.0,78.3,Pike,Pike,16.7,-13.4,10.3,,0.030,-11.8,-1.4,0.00,-1.0,0.0,0,5386
687,11.4500,air,trick,-244.516,-65.829,10.987,5.738,-54.424,7.996,55.307,54.726,9.874,0.00,0.00,0.00,0.00,0.000,4,frontPikeSwan,0,0.00,0.00,0.00,-243.595,-61.336,11.284,-101.78,-5.01,72.53,4.596,0.959,0.00,1.00,0,0,0,0,0,0,-5.01,2.23,-11.47,0.2974,0.0829,0.4329,1,4.596,0,0.450,0,flip_frontPikeSwan,swingHigh,1.000,3,0.077 0.546 -0.256 0.378 0.303 0.920 0.054 0.266 0.047 -0.451,-243.64,-60.43,11.16,-4.89,-102.43,105.17,336,620,908,1040,0.562,0.347 0.961 0.192 -0.472,-1.0,0,0.019,0.000,0.5061,-0.75,frontPikeSwan,0.033,2.7,0.0,100.1,Pike,Pike,16.3,-12.0,11.3,,0.061,-13.3,-1.2,0.00,-1.0,0.0,0,5796
688,11.4667,air,trick,-244.421,-66.734,11.118,5.726,-54.315,7.816,55.173,54.616,10.005,0.00,0.00,0.00,0.00,0.000,4,frontPikeSwan,0,0.00,0.00,0.00,-243.535,-62.258,11.398,-101.38,-5.03,72.40,4.572,0.961,0.00,1.00,0,0,0,0,0,0,-5.03,1.81,-11.48,0.2914,0.0834,0.4257,1,4.572,0,0.450,0,flip_frontPikeSwan,swingHigh,1.000,3,0.073 0.549 -0.275 0.409 0.295 0.907 0.086 0.340 0.098 -0.430,-243.60,-61.34,11.28,-5.01,-101.78,105.04,332,608,904,1040,0.564,0.377 0.950 0.268 -0.464,-1.0,0,0.008,0.000,0.5053,-0.71,frontPikeSwan,0.050,4.6,0.0,133.8,Pike,Pike,15.4,-11.4,10.6,,0.100,-15.2,-1.1,0.00,-1.0,0.0,0,6299
689,11.4833,air,trick,-244.325,-67.638,11.246,5.715,-54.207,7.636,55.039,54.507,10.133,0.00,0.00,0.00,0.00,0.000,4,frontPikeSwan,0,0.00,0.00,0.00,-243.453,-63.197,11.505,-101.29,-4.98,72.29,4.534,0.963,0.00,1.00,0,0,0,0,0,0,-4.98,1.38,-11.50,0.2696,0.0844,0.4097,1,4.534,0,0.451,0,flip_frontPikeSwan,swingHigh,1.000,3,0.071 0.556 -0.294 0.458 0.298 0.910 0.123 0.428 0.195 -0.300,-243.53,-62.26,11.40,-5.03,-101.38,104.92,328,576,904,1040,0.569,0.423 0.951 0.361 -0.351,-1.0,0,0.000,0.000,0.5049,-0.68,frontPikeSwan,0.067,7.2,0.0,177.7,Pike,Pike,13.2,-9.2,9.6,,0.144,-17.3,-0.9,0.00,-1.0,0.0,0,6867
690,11.5000,air,trick,-244.230,-68.540,11.371,5.703,-54.098,7.456,54.907,54.398,10.258,0.00,0.00,0.00,0.00,0.000,4,frontPikeSwan,0,0.00,0.00,0.00,-243.343,-64.156,11.604,-101.60,-4.83,72.19,4.479,0.965,0.00,1.00,0,0,0,0,0,0,-4.83,0.94,-11.52,0.2331,0.0850,0.3856,1,4.479,0,0.451,0,flip_frontPikeSwan,flipPike,1.000,3,0.070 0.564 -0.297 0.521 0.314 0.927 0.155 0.512 0.310 -0.051,-243.45,-63.20,11.51,-4.98,-101.29,104.80,320,540,904,1040,0.574,0.483 0.962 0.451 -0.111,-1.0,0,0.000,0.000,0.5056,-0.64,frontPikeSwan,0.083,10.6,0.0,229.6,Pike,Pike,10.0,-5.5,8.4,,0.190,-19.7,-0.7,0.00,-1.0,0.0,0,7475
691,11.5167,air,trick,-244.135,-69.441,11.493,5.692,-53.990,7.276,54.775,54.289,10.380,0.00,0.00,0.00,0.00,0.000,4,frontPikeSwan,0,0.00,0.00,0.00,-243.198,-65.137,11.692,-102.45,-4.57,72.09,4.409,0.967,0.00,1.00,0,0,0,0,0,0,-4.57,0.50,-11.53,0.2297,0.0851,0.3781,1,4.409,0,0.452,0,flip_frontPikeSwan,flipPike,1.000,3,0.074 0.571 -0.269 0.586 0.345 0.951 0.178 0.570 0.393 0.217,-243.34,-64.16,11.60,-4.83,-101.60,104.69,312,540,908,1040,0.575,0.546 0.976 0.516 0.161,-1.0,0,0.000,0.000,0.5080,-0.61,frontPikeSwan,0.100,14.9,0.0,285.5,Pike,Pike,7.2,-0.2,7.2,,0.239,-22.2,-0.5,0.00,-1.0,0.0,0,8105
692,11.5333,air,trick,-244.041,-70.339,11.612,5.681,-53.882,7.096,54.643,54.181,10.499,0.00,0.00,0.00,0.00,0.000,4,frontPikeSwan,0,0.00,0.00,0.00,-243.011,-66.139,11.772,-103.93,-4.22,72.00,4.328,0.968,-0.00,1.00,0,0,0,0,0,0,-4.22,0.07,-11.55,0.2280,0.0841,0.3772,1,4.328,0,0.452,0,flip_frontPikeSwan,flipPike,1.000,3,0.084 0.570 -0.201 0.631 0.393 0.962 0.196 0.591 0.428 0.399,-243.20,-65.14,11.69,-4.57,-102.45,104.59,312,536,916,1044,0.569,0.588 0.975 0.544 0.352,-1.0,0,0.000,0.000,0.5123,-0.58,frontPikeSwan,0.117,20.1,0.0,337.2,Pike,Pike,9.0,6.8,5.9,,0.288,-24.8,-0.3,0.00,-1.0,0.0,0,8741
693,11.5500,air,trick,-243.946,-71.240,11.745,5.692,-53.991,7.927,54.866,54.291,10.632,0.00,0.00,0.00,0.00,0.000,4,frontPikeSwan,0,0.00,0.00,0.00,-242.784,-67.166,11.852,-106.05,-3.66,71.91,4.237,0.970,-0.00,1.00,0,0,0,0,0,0,-3.66,-0.35,-11.57,0.2163,0.0825,0.3813,1,4.237,0,0.453,0,flip_frontPikeSwan,flipPike,1.000,3,0.105 0.555 -0.103 0.630 0.456 0.936 0.218 0.567 0.442 0.470,-243.01,-66.14,11.77,-4.22,-103.93,104.50,316,532,928,1052,0.549,0.588 0.937 0.526 0.433,-1.0,0,0.000,0.000,0.5183,-0.55,frontPikeSwan,0.133,26.1,0.0,380.1,Pike,Pike,16.3,15.7,4.7,,0.336,-27.4,-0.0,0.00,-1.0,0.0,0,9372
694,11.5667,air,trick,-243.851,-72.138,11.875,5.681,-53.883,7.747,54.733,54.182,10.762,0.00,0.00,0.00,0.00,0.000,4,frontPikeSwan,0,0.00,0.00,0.00,-242.524,-68.213,11.933,-108.81,-3.13,71.84,4.144,0.972,-0.00,1.00,0,0,0,0,0,0,-3.13,-0.74,-11.58,0.1910,0.0846,0.3923,1,4.144,0,0.453,0,flip_frontPikeSwan,flipPike,1.000,3,0.139 0.516 0.013 0.565 0.538 0.841 0.254 0.486 0.465 0.439,-242.78,-67.17,11.85,-3.66,-106.05,104.42,332,528,932,1060,0.506,0.525 0.832 0.449 0.408,-1.0,0,0.000,0.000,0.5238,-0.53,frontPikeSwan,0.150,32.7,0.0,421.9,Pike,Pike,26.9,26.7,3.5,,0.384,-30.2,0.3,0.38,-1.0,0.0,0,9990
