frame,t,mode,sub,x_m,y_m,z_m,vx,vy,vz,speed_mps,hspeed_mps,height_above_floor_m,anchor_x,anchor_y,anchor_z,rope_m,tension,chain,trick,zip_target,zt_x,zt_y,zt_z,cam_x,cam_y,cam_z,cam_yaw_deg,cam_pitch_deg,cam_vfov_deg,cam_dist_m,motion_blur,in_move_x,in_move_y,in_swing,in_jump,in_sprint,in_zip,in_drop,in_quick,cam_orbit_pitch_deg,cam_auto_pitch_deg,cam_occ_hold,hero_bbox_h,hero_bbox_w,hero_cy,hero_in_frame,cam_hero_dist_m,cam_in_geometry,frame_s_target,in_trick,anim_node,anim_clip,anim_weight,air_flavor,pose_sig,pcm_x,pcm_y,pcm_z,pcm_pitch,pcm_yaw,pcm_fov,px_top,px_bottom,px_left,px_right,head_hip_dz,limb_z,body_rope_deg,web_on,wall_frac,hero_occl,hero_cx,pcm_roll,flip_prog,flip_t,flip_pitch_deg,flip_twist_deg,flip_rate_dps,flip_shape,flip_shape_legs,body_axis_deg,body_pitch_deg,body_roll_deg
0,0.0000,swing,swingLow,250.089,169.688,29.826,10.635,-11.564,-20.716,26.000,15.711,28.713,235.72,138.75,36.56,17.23,0.071,0,,1,264.53,138.05,48.20,250.382,173.088,30.426,-94.92,-17.94,58.01,3.465,0.000,0.00,1.00,1,0,0,0,0,0,-17.94,-7.22,-0.02,0.4533,0.2601,0.4156,1,3.465,0,0.370,0,None,None,1.000,-1,-0.040 0.584 -0.707 0.342 0.620 0.202 -0.297 -0.767 0.156 -0.269,250.30,173.40,30.60,-15.35,-95.04,89.17,220,684,696,1152,0.537,0.244 0.161 -0.704 -0.056,55.2,1,0.000,0.000,0.4975,-0.00,,-1.000,0.0,0.0,0.0,,,24.2,13.8,-20.6
1,0.0167,swing,swingLow,250.256,169.491,29.478,9.760,-12.147,-20.851,26.030,15.582,28.365,235.72,138.75,36.56,17.23,0.195,0,,0,0.00,0.00,0.00,250.394,173.072,30.375,-92.21,-21.76,58.04,3.694,0.000,0.00,1.00,1,0,0,0,0,0,-21.76,-8.09,-0.03,0.4378,0.2181,0.4211,1,3.694,0,0.370,0,swing,swingLowL,1.000,-1,-0.111 0.581 -0.559 -0.045 0.536 0.170 0.059 -0.901 0.269 -0.860,250.38,173.09,30.43,-17.94,-94.92,89.17,160,672,772,1164,0.529,-0.069 0.179 -0.815 -0.768,51.7,1,0.000,0.000,0.5037,0.00,,-1.000,0.0,0.0,0.0,,,26.6,11.7,-24.5
2,0.0333,swing,swingLow,250.408,169.283,29.128,8.912,-12.732,-20.967,26.099,15.542,28.015,235.72,138.75,36.56,17.23,0.299,0,,0,0.00,0.00,0.00,250.428,173.022,30.241,-90.30,-21.74,58.09,3.901,0.000,0.00,1.00,1,0,0,0,0,0,-21.74,-9.29,-0.05,0.4894,0.1572,0.4128,1,3.901,0,0.370,0,swing,swingLowL,1.000,-1,-0.173 0.556 -0.397 0.911 0.427 0.197 0.039 -0.703 0.140 -0.325,250.39,173.07,30.38,-21.76,-92.21,89.21,120,672,856,1104,0.550,0.800 0.217 -0.486 -0.059,59.6,1,0.000,0.000,0.5043,-0.00,,-1.000,0.0,0.0,0.0,,,21.1,0.0,-21.1
3,0.0500,swing,swingLow,250.555,169.064,28.777,8.705,-13.460,-20.991,26.412,16.030,27.664,235.72,138.75,36.56,17.23,0.386,0,,0,0.00,0.00,0.00,250.482,172.936,30.033,-88.92,-21.71,58.16,4.071,0.000,0.00,1.00,1,0,0,0,0,0,-21.71,-10.67,-0.07,0.4114,0.1592,0.4460,1,4.071,0,0.370,0,swing,swingLowL,1.000,-1,-0.234 0.541 -0.511 0.802 0.407 0.271 0.085 -0.611 0.119 -0.162,250.43,173.02,30.24,-21.74,-90.30,89.27,224,684,832,1092,0.496,0.630 0.279 -0.357 0.115,46.9,1,0.000,0.000,0.4963,0.00,,-1.000,0.0,0.0,0.0,,,32.7,6.9,-32.3
4,0.0667,swing,swingLow,250.698,168.833,28.425,8.485,-14.198,-20.986,26.721,16.540,27.312,235.72,138.75,36.56,17.23,0.462,0,,0,0.00,0.00,0.00,250.552,172.816,29.771,-87.89,-21.69,58.24,4.206,0.000,0.00,1.00,1,0,0,0,0,0,-21.69,-12.13,-0.08,0.3451,0.1573,0.4621,1,4.206,0,0.370,0,swing,swingLowL,1.000,-1,-0.288 0.504 -0.600 0.687 0.376 0.333 0.125 -0.517 0.108 -0.037,250.48,172.94,30.03,-21.71,-88.92,89.34,292,672,816,1076,0.429,0.479 0.322 -0.242 0.238,35.9,1,0.000,0.000,0.4886,-0.00,,-1.000,0.0,0.0,0.0,,,43.3,14.5,-42.2
5,0.0833,swing,swingLow,250.837,168.590,28.075,8.252,-14.942,-20.952,27.025,17.070,26.962,235.72,138.75,36.56,17.23,0.527,0,,0,0.00,0.00,0.00,250.630,172.665,29.475,-87.09,-21.66,58.33,4.314,0.000,0.00,1.00,1,0,0,0,0,0,-21.66,-13.57,-0.10,0.2916,0.1542,0.4677,1,4.314,0,0.370,0,swing,swingLowL,1.000,-1,-0.334 0.455 -0.668 0.583 0.340 0.380 0.156 -0.430 0.111 0.051,250.55,172.82,29.77,-21.69,-87.89,89.44,340,652,804,1060,0.358,0.355 0.346 -0.145 0.321,26.9,1,0.000,0.000,0.4815,-0.00,,-1.000,0.0,0.0,0.0,,,52.6,22.8,-51.1
6,0.1000,swing,swingLow,250.965,168.336,27.724,7.396,-15.549,-20.976,27.138,17.218,26.611,235.72,138.75,36.56,17.23,0.585,0,,0,0.00,0.00,0.00,250.713,172.489,29.156,-86.52,-21.63,58.44,4.401,0.000,0.00,1.00,1,0,0,0,0,0,-21.63,-14.96,-0.12,0.2643,0.1506,0.4612,1,4.401,0,0.370,0,swing,swingLowL,1.000,-1,-0.367 0.405 -0.716 0.500 0.306 0.408 0.178 -0.356 0.128 0.113,250.63,172.67,29.47,-21.66,-87.09,89.55,364,632,796,1044,0.293,0.262 0.351 -0.068 0.376,20.2,1,0.000,0.000,0.4756,0.00,,-1.000,0.0,0.0,0.0,,,60.3,33.8,-58.3
7,0.1167,swing,swingLow,251.079,168.071,27.372,6.564,-16.160,-20.975,27.280,17.442,26.259,235.72,138.75,36.56,17.23,0.635,0,,0,0.00,0.00,0.00,250.795,172.291,28.824,-86.16,-21.59,58.55,4.471,0.000,0.00,1.00,1,0,0,0,0,0,-21.59,-16.25,-0.13,0.2412,0.1472,0.4558,1,4.471,0,0.370,0,swing,swingLowL,1.000,-1,-0.389 0.360 -0.748 0.441 0.277 0.420 0.192 -0.298 0.158 0.154,250.71,172.49,29.16,-21.63,-86.52,89.67,372,612,788,1028,0.237,0.200 0.342 -0.011 0.410,15.8,1,0.000,0.000,0.4707,-0.00,,-1.000,0.0,0.0,0.0,,,66.4,44.9,-64.1
8,0.1333,swing,swingLow,251.179,167.797,27.022,5.757,-16.776,-20.946,27.447,17.737,25.909,235.72,138.75,36.56,17.23,0.678,0,,0,0.00,0.00,0.00,250.873,172.074,28.483,-85.91,-21.56,58.67,4.530,0.000,0.00,1.00,1,0,0,0,0,0,-21.56,-17.43,-0.15,0.2231,0.1442,0.4518,1,4.530,0,0.370,0,swing,swingLowL,1.000,-1,-0.403 0.323 -0.766 0.405 0.254 0.423 0.200 -0.254 0.198 0.177,250.80,172.29,28.82,-21.59,-86.16,89.81,380,596,784,1024,0.194,0.163 0.325 0.028 0.427,13.7,1,0.000,0.000,0.4670,-0.00,,-1.000,0.0,0.0,0.0,,,70.9,54.7,-68.4
9,0.1500,swing,swingLow,251.266,167.512,26.671,4.973,-17.398,-20.887,27.635,18.094,25.558,235.72,138.75,36.56,17.23,0.716,0,,0,0.00,0.00,0.00,250.944,171.840,28.139,-85.75,-21.52,58.81,4.582,0.000,0.00,1.00,1,0,0,0,0,0,-21.52,-18.47,-0.17,0.2104,0.1456,0.4497,1,4.582,0,0.370,0,swing,swingLowL,1.000,-1,-0.409 0.296 -0.773 0.386 0.236 0.420 0.202 -0.225 0.246 0.183,250.87,172.07,28.48,-21.56,-85.91,89.95,384,584,780,1020,0.162,0.146 0.303 0.052 0.428,12.9,1,0.000,0.000,0.4662,-0.00,,-1.000,0.0,0.0,0.0,,,74.2,62.2,-71.4
10,0.1667,swing,swingLow,251.340,167.216,26.323,4.210,-18.024,-20.797,27.841,18.510,25.210,235.72,138.75,36.56,17.23,0.751,0,,0,0.00,0.00,0.00,251.005,171.592,27.791,-85.63,-21.48,58.94,4.628,0.000,0.00,1.00,1,0,0,0,0,0,-21.48,-19.39,-0.18,0.2082,0.1517,0.4509,1,4.628,0,0.370,0,swing,swingLowL,1.000,-1,-0.418 0.283 -0.778 0.385 0.217 0.415 0.215 -0.220 0.316 0.161,250.94,171.84,28.14,-21.52,-85.75,90.11,388,584,776,1028,0.149,0.150 0.282 0.048 0.400,13.7,1,0.000,0.000,0.4679,-0.00,,-1.000,0.0,0.0,0.0,,,75.4,65.4,-72.5
11,0.1833,swing,swingLow,251.402,166.910,25.976,3.469,-18.656,-20.673,28.061,18.976,24.863,235.72,138.75,36.56,17.23,0.782,0,,0,0.00,0.00,0.00,251.057,171.331,27.444,-85.54,-21.43,59.09,4.671,0.000,0.00,1.00,1,0,0,0,0,0,-21.43,-20.18,-0.20,0.2066,0.1615,0.4518,1,4.671,0,0.370,0,swing,swingLowL,1.000,-1,-0.427 0.273 -0.781 0.382 0.193 0.410 0.230 -0.221 0.389 0.131,251.01,171.59,27.79,-21.48,-85.63,90.27,392,584,776,1044,0.142,0.153 0.263 0.039 0.361,14.7,1,0.000,0.000,0.4717,-0.00,,-1.000,0.0,0.0,0.0,,,76.2,67.3,-73.1
12,0.2000,swing,swingLow,251.451,166.594,25.631,2.747,-19.292,-20.514,28.294,19.486,24.518,235.72,138.75,36.56,17.23,0.812,0,,0,0.00,0.00,0.00,251.098,171.057,27.096,-85.47,-21.37,59.24,4.711,0.000,0.00,1.00,1,0,0,0,0,0,-21.37,-20.84,-0.22,0.2050,0.1700,0.4525,1,4.711,0,0.370,0,swing,swingCornerBankL,1.000,-1,-0.434 0.264 -0.782 0.380 0.166 0.405 0.242 -0.222 0.458 0.099,251.06,171.33,27.44,-21.43,-85.54,90.43,392,584,772,1060,0.136,0.157 0.244 0.029 0.317,15.7,1,0.000,0.000,0.4750,-0.00,,-1.000,0.0,0.0,0.0,,,76.7,68.8,-73.5
13,0.2167,swing,swingLow,251.489,166.266,25.289,2.045,-19.930,-20.319,28.535,20.035,24.176,235.72,138.75,36.56,17.23,0.839,0,,0,0.00,0.00,0.00,251.128,170.771,26.750,-85.41,-21.30,59.39,4.750,0.000,0.00,1.00,1,0,0,0,0,0,-21.30,-21.37,-0.23,0.2034,0.1769,0.4529,1,4.750,0,0.370,0,swing,swingCornerBankL,1.000,-1,-0.441 0.258 -0.783 0.379 0.139 0.399 0.252 -0.224 0.520 0.068,251.10,171.06,27.10,-21.37,-85.47,90.61,392,580,772,1076,0.132,0.160 0.228 0.018 0.270,16.7,1,0.000,0.000,0.4777,-0.00,,-1.000,0.0,0.0,0.0,,,77.1,70.0,-73.7
14,0.2333,swing,swingLow,251.516,165.928,24.951,1.363,-20.571,-20.086,28.783,20.616,23.838,235.72,138.75,36.56,17.23,0.866,0,,0,0.00,0.00,0.00,251.147,170.474,26.406,-85.36,-21.21,59.55,4.787,0.000,0.00,1.00,1,0,0,0,0,0,-21.21,-21.80,-0.25,0.2019,0.1821,0.4532,1,4.787,0,0.370,0,swing,swingCornerBankL,1.000,-1,-0.446 0.252 -0.783 0.378 0.110 0.395 0.260 -0.226 0.573 0.038,251.13,170.77,26.75,-21.30,-85.41,90.79,396,580,772,1084,0.129,0.165 0.215 0.007 0.223,17.5,1,0.000,0.000,0.4797,0.00,,-1.000,0.0,0.0,0.0,,,77.4,70.9,-73.7
15,0.2500,swing,swingLow,251.531,165.580,24.618,0.698,-21.212,-19.814,29.035,21.223,23.505,235.72,138.75,36.56,17.23,0.890,0,,0,0.00,0.00,0.00,251.155,170.164,26.064,-85.31,-21.09,59.71,4.822,0.000,0.00,1.00,1,0,0,0,0,0,-21.09,-22.12,-0.27,0.2005,0.1857,0.4535,1,4.822,0,0.371,0,swing,swingCornerBankL,1.000,-1,-0.450 0.248 -0.782 0.379 0.083 0.392 0.266 -0.230 0.618 0.011,251.15,170.47,26.41,-21.21,-85.36,90.97,396,580,768,1092,0.127,0.170 0.205 -0.004 0.177,18.2,1,0.000,0.000,0.4810,-0.00,,-1.000,0.0,0.0,0.0,,,77.5,71.5,-73.6
16,0.2667,swing,swingLow,251.536,165.221,24.289,0.052,-21.851,-19.502,29.288,21.852,23.176,235.72,138.75,36.56,17.23,0.910,0,,0,0.00,0.00,0.00,251.157,169.805,25.725,-85.28,-20.95,59.87,4.819,0.000,0.00,1.00,1,0,0,0,0,0,-20.95,-22.35,-0.28,0.2008,0.1894,0.4560,1,4.819,0,0.371,0,swing,swingCornerBankL,1.000,-1,-0.454 0.245 -0.782 0.380 0.056 0.389 0.271 -0.234 0.653 -0.013,251.16,170.16,26.06,-21.09,-85.31,91.15,396,580,768,1096,0.127,0.176 0.197 -0.015 0.134,18.8,1,0.000,0.000,0.4816,0.00,,-1.000,0.0,0.0,0.0,,,77.5,71.8,-73.3
17,0.2833,swing,swingLow,251.530,164.851,23.966,-0.575,-22.488,-19.149,29.542,22.495,22.853,235.72,138.75,36.56,17.23,0.926,0,,0,0.00,0.00,0.00,251.149,169.435,25.391,-85.25,-20.77,60.03,4.816,0.000,0.00,1.00,1,0,0,0,0,0,-20.77,-22.50,-0.30,0.2012,0.1919,0.4585,1,4.816,0,0.372,0,swing,swingCornerBankL,1.000,-1,-0.457 0.243 -0.781 0.381 0.030 0.388 0.275 -0.239 0.681 -0.033,251.16,169.80,25.73,-20.95,-85.28,91.34,400,584,764,1096,0.129,0.183 0.193 -0.027 0.095,19.2,1,0.000,0.000,0.4818,0.02,,-1.000,0.0,0.0,0.0,,,77.4,71.9,-72.8
18,0.3000,swing,swingLow,251.514,164.470,23.649,-1.185,-23.119,-18.755,29.793,23.149,22.536,235.72,138.75,36.56,17.23,0.940,0,,0,0.00,0.00,0.00,251.132,169.054,25.061,-85.23,-20.56,60.20,4.812,0.001,0.00,1.00,1,0,0,0,0,0,-20.56,-22.56,-0.32,0.2016,0.1934,0.4611,1,4.812,0,0.373,0,swing,swingCornerBankL,1.000,-1,-0.460 0.242 -0.780 0.383 0.006 0.388 0.278 -0.243 0.702 -0.050,251.15,169.43,25.39,-20.77,-85.25,91.53,404,588,764,1100,0.131,0.191 0.192 -0.039 0.059,19.6,1,0.000,0.000,0.4815,0.08,,-1.000,0.0,0.0,0.0,,,77.1,71.9,-72.2
19,0.3167,swing,swingLow,251.488,164.079,23.339,-1.776,-23.742,-18.319,30.041,23.809,22.226,235.72,138.75,36.56,17.23,0.950,0,,0,0.00,0.00,0.00,251.105,168.663,24.737,-85.23,-20.32,60.37,4.808,0.001,0.00,1.00,1,0,0,0,0,0,-20.32,-22.56,-0.33,0.2020,0.1942,0.4638,1,4.808,0,0.374,0,swing,swingCornerBankL,1.000,-1,-0.462 0.242 -0.779 0.385 -0.014 0.388 0.281 -0.249 0.717 -0.063,251.13,169.05,25.06,-20.56,-85.23,91.73,404,588,764,1100,0.135,0.200 0.192 -0.051 0.027,19.8,1,0.000,0.000,0.4810,0.18,,-1.000,0.0,0.0,0.0,,,76.7,71.6,-71.4
20,0.3333,swing,swingLow,251.452,163.678,23.036,-2.350,-24.356,-17.841,30.283,24.469,21.923,235.72,138.75,36.56,17.23,0.959,0,,0,0.00,0.00,0.00,251.069,168.262,24.418,-85.23,-20.04,60.54,4.803,0.002,0.00,1.00,1,0,0,0,0,0,-20.04,-22.50,-0.35,0.2038,0.1945,0.4673,1,4.803,0,0.376,0,swing,swingCornerBankL,1.000,-1,-0.463 0.243 -0.778 0.389 -0.032 0.389 0.283 -0.255 0.727 -0.075,251.10,168.66,24.74,-20.32,-85.23,91.92,408,592,760,1096,0.140,0.210 0.195 -0.063 -0.001,19.9,1,0.000,0.000,0.4803,0.30,,-1.000,0.0,0.0,0.0,,,76.2,71.2,-70.4
21,0.3500,swing,swingLow,251.407,163.266,22.743,-2.904,-24.958,-17.321,30.518,25.126,21.630,235.72,138.75,36.56,17.23,0.967,0,,0,0.00,0.00,0.00,251.026,167.850,24.106,-85.24,-19.72,60.71,4.798,0.002,0.00,1.00,1,0,0,0,0,0,-19.72,-22.39,-0.37,0.2064,0.1943,0.4713,1,4.798,0,0.378,0,swing,swingCornerBankL,1.000,-1,-0.464 0.245 -0.778 0.393 -0.048 0.391 0.286 -0.261 0.734 -0.084,251.07,168.26,24.42,-20.04,-85.23,92.12,412,596,760,1096,0.146,0.221 0.200 -0.076 -0.026,20.0,1,0.000,0.000,0.4795,0.42,,-1.000,0.0,0.0,0.0,,,75.5,70.6,-69.3
22,0.3667,swing,swingLow,251.353,162.845,22.458,-3.441,-25.545,-16.760,30.745,25.776,21.345,235.72,138.75,36.56,17.23,0.973,0,,0,0.00,0.00,0.00,250.974,167.429,23.802,-85.27,-19.36,60.89,4.792,0.003,0.00,1.00,1,0,0,0,0,0,-19.36,-22.23,-0.38,0.2089,0.1940,0.4755,1,4.792,0,0.380,0,swing,swingCornerBankL,1.000,-1,-0.464 0.247 -0.777 0.398 -0.061 0.393 0.287 -0.268 0.738 -0.093,251.03,167.85,24.11,-19.72,-85.24,92.31,412,600,756,1092,0.153,0.232 0.205 -0.089 -0.049,19.9,1,0.000,0.000,0.4787,0.55,,-1.000,0.0,0.0,0.0,,,74.8,69.9,-68.1
23,0.3833,swing,swingLow,251.290,162.414,22.183,-3.958,-26.116,-16.157,30.963,26.414,21.070,235.72,138.75,36.56,17.23,0.978,0,,0,0.00,0.00,0.00,250.914,166.998,23.505,-85.30,-18.95,61.06,4.786,0.004,0.00,1.00,1,0,0,0,0,0,-18.95,-22.03,-0.40,0.2117,0.1934,0.4801,1,4.786,0,0.382,0,swing,swingCornerBankL,1.000,-1,-0.464 0.250 -0.776 0.403 -0.072 0.395 0.289 -0.275 0.739 -0.100,250.97,167.43,23.80,-19.36,-85.27,92.51,416,608,756,1092,0.161,0.244 0.212 -0.103 -0.069,19.8,1,0.000,0.000,0.4778,0.68,,-1.000,0.0,0.0,0.0,,,74.1,69.1,-66.7
24,0.4000,swing,swingLow,251.219,161.973,21.918,-4.457,-26.666,-15.514,31.171,27.036,20.805,235.72,138.75,36.56,17.23,0.982,0,,0,0.00,0.00,0.00,250.846,166.558,23.217,-85.35,-18.49,61.23,4.780,0.006,0.00,1.00,1,0,0,0,0,0,-18.49,-21.79,-0.42,0.2143,0.1926,0.4851,1,4.780,0,0.385,0,swing,swingCornerBankL,1.000,-1,-0.463 0.254 -0.775 0.408 -0.081 0.397 0.290 -0.282 0.740 -0.107,250.91,167.00,23.51,-18.95,-85.30,92.71,420,616,752,1088,0.168,0.257 0.219 -0.116 -0.087,19.6,1,0.000,0.000,0.4770,0.81,,-1.000,0.0,0.0,0.0,,,73.3,68.3,-65.3
25,0.4167,swing,swingLow,251.140,161.524,21.665,-4.936,-27.195,-14.831,31.367,27.639,20.552,235.72,138.75,36.56,17.23,0.985,0,,0,0.00,0.00,0.00,250.771,166.109,22.939,-85.40,-17.98,61.41,4.773,0.007,0.00,1.00,1,0,0,0,0,0,-17.98,-21.53,-0.43,0.2171,0.1918,0.4905,1,4.773,0,0.387,0,swing,swingCornerBankL,1.000,-1,-0.462 0.258 -0.774 0.413 -0.089 0.399 0.290 -0.289 0.739 -0.113,250.85,166.56,23.22,-18.49,-85.35,92.91,424,620,752,1088,0.177,0.270 0.227 -0.130 -0.103,19.3,1,0.000,0.000,0.4762,0.93,,-1.000,0.0,0.0,0.0,,,72.4,67.4,-63.9
26,0.4333,swing,swingLow,251.053,161.066,21.423,-5.395,-27.700,-14.111,31.552,28.220,20.310,235.72,138.75,36.56,17.23,0.988,0,,0,0.00,0.00,0.00,250.689,165.651,22.671,-85.46,-17.41,61.58,4.766,0.009,0.00,1.00,1,0,0,0,0,0,-17.41,-21.25,-0.45,0.2197,0.1909,0.4964,1,4.766,0,0.390,0,swing,swingCornerBankL,1.000,-1,-0.461 0.262 -0.773 0.419 -0.095 0.401 0.290 -0.296 0.737 -0.119,250.77,166.11,22.94,-17.98,-85.40,93.11,428,628,752,1084,0.185,0.283 0.236 -0.144 -0.118,19.1,1,0.000,0.000,0.4755,1.06,,-1.000,0.0,0.0,0.0,,,71.5,66.5,-62.4
27,0.4500,swing,swingLow,250.958,160.600,21.194,-5.834,-28.178,-13.354,31.723,28.775,20.081,235.72,138.75,36.56,17.23,0.990,0,,0,0.00,0.00,0.00,250.600,165.186,22.413,-85.53,-16.78,61.75,4.759,0.011,0.00,1.00,1,0,0,0,0,0,-16.78,-20.94,-0.47,0.2224,0.1900,0.5028,1,4.759,0,0.393,0,swing,swingCornerBankL,1.000,-1,-0.460 0.266 -0.772 0.424 -0.100 0.403 0.290 -0.302 0.735 -0.124,250.69,165.65,22.67,-17.41,-85.46,93.30,432,636,752,1084,0.194,0.297 0.245 -0.158 -0.132,18.7,1,0.000,0.000,0.4748,1.17,,-1.000,0.0,0.0,0.0,,,70.6,65.5,-60.9
28,0.4667,swing,swingLow,250.857,160.126,20.977,-6.253,-28.627,-12.562,31.881,29.302,19.864,235.72,138.75,36.56,17.23,0.992,0,,0,0.00,0.00,0.00,250.504,164.712,22.167,-85.60,-15.66,61.93,4.751,0.013,0.00,1.00,1,0,0,0,0,0,-15.66,-20.62,-0.48,0.2249,0.1890,0.5159,1,4.751,0,0.397,0,swing,swingCornerBankL,1.000,-1,-0.458 0.269 -0.771 0.427 -0.104 0.402 0.289 -0.304 0.733 -0.130,250.60,165.19,22.41,-16.78,-85.53,93.50,440,644,752,1080,0.204,0.310 0.254 -0.171 -0.144,18.4,1,0.000,0.000,0.4743,1.28,,-1.000,0.0,0.0,0.0,,,69.6,64.5,-59.3
29,0.4833,swing,swingBottom,250.749,159.645,20.774,-6.651,-29.044,-11.737,32.025,29.796,19.661,235.72,138.75,36.56,17.23,0.993,0,,0,0.00,0.00,0.00,250.402,164.232,21.933,-85.67,-14.36,62.10,4.744,0.016,0.00,1.00,1,0,0,0,0,0,-14.36,-20.29,-0.50,0.2277,0.1879,0.5315,1,4.744,0,0.400,0,swing,swingCornerBankL,1.000,-1,-0.456 0.271 -0.769 0.428 -0.107 0.398 0.287 -0.305 0.730 -0.135,250.50,164.71,22.17,-15.66,-85.60,93.69,452,660,752,1080,0.213,0.324 0.264 -0.185 -0.155,18.0,1,0.000,0.000,0.4740,1.39,,-1.000,0.0,0.0,0.0,,,68.6,63.4,-57.7
30,0.5000,swing,swingBottom,250.634,159.157,20.586,-7.029,-29.429,-10.882,32.154,30.257,19.473,235.72,138.75,36.56,17.23,0.995,0,,0,0.00,0.00,0.00,250.293,163.744,21.711,-85.75,-13.12,62.27,4.736,0.018,0.00,1.00,1,0,0,0,0,0,-13.12,-19.95,-0.52,0.2303,0.1869,0.5454,1,4.736,0,0.404,0,swing,swingCornerBankL,1.000,-1,-0.453 0.274 -0.767 0.430 -0.108 0.396 0.284 -0.307 0.727 -0.141,250.40,164.23,21.93,-14.36,-85.67,93.89,468,680,752,1076,0.223,0.339 0.274 -0.198 -0.166,17.5,1,0.000,0.000,0.4738,1.50,,-1.000,0.0,0.0,0.0,,,67.6,62.4,-56.1
31,0.5167,swing,swingBottom,250.514,158.663,20.411,-7.385,-29.778,-9.998,32.268,30.680,19.298,235.72,138.75,36.56,17.23,0.996,0,,0,0.00,0.00,0.00,250.179,163.251,21.503,-85.83,-12.07,62.44,4.728,0.021,0.00,1.00,1,0,0,0,0,0,-12.07,-19.61,-0.53,0.2328,0.1859,0.5563,1,4.728,0,0.407,0,swing,swingCornerBankL,1.000,-1,-0.450 0.278 -0.765 0.435 -0.107 0.396 0.280 -0.310 0.724 -0.149,250.29,163.74,21.71,-13.12,-85.75,94.08,480,696,752,1076,0.233,0.354 0.284 -0.212 -0.177,16.9,1,0.000,0.000,0.4736,1.59,,-1.000,0.0,0.0,0.0,,,66.5,61.2,-54.4
32,0.5333,swing,swingBottom,250.387,158.164,20.252,-7.720,-30.091,-9.088,32.367,31.065,19.139,235.72,138.75,36.56,17.23,0.996,0,,0,0.00,0.00,0.00,250.059,162.752,21.308,-85.90,-11.15,62.60,4.720,0.024,0.00,1.00,1,0,0,0,0,0,-11.15,-19.26,-0.55,0.2350,0.1849,0.5646,1,4.720,0,0.411,0,swing,swingCornerBankL,1.000,-1,-0.446 0.284 -0.763 0.442 -0.104 0.396 0.276 -0.314 0.721 -0.156,250.18,163.25,21.50,-12.07,-85.83,94.27,492,708,752,1072,0.244,0.370 0.294 -0.225 -0.187,16.3,1,0.000,0.000,0.4736,1.69,,-1.000,0.0,0.0,0.0,,,65.3,60.1,-52.6
33,0.5500,swing,swingBottom,250.256,157.660,20.108,-8.022,-30.365,-8.152,32.448,31.407,18.995,235.72,138.75,36.56,17.23,0.997,0,,0,0.00,0.00,0.00,249.933,162.249,21.128,-85.98,-10.36,62.77,4.712,0.027,0.00,1.00,1,0,0,0,0,0,-10.36,-18.91,-0.57,0.2369,0.1839,0.5708,1,4.712,0,0.415,0,swing,swingCornerBankL,1.000,-1,-0.441 0.290 -0.760 0.450 -0.100 0.397 0.272 -0.320 0.718 -0.164,250.06,162.75,21.31,-11.15,-85.90,94.46,496,720,752,1072,0.255,0.386 0.303 -0.238 -0.198,15.5,1,0.000,0.000,0.4736,1.77,,-1.000,0.0,0.0,0.0,,,64.1,58.9,-50.8
34,0.5667,swing,swingBottom,250.120,157.152,19.980,-8.303,-30.600,-7.196,32.513,31.707,18.867,235.72,138.75,36.56,17.23,0.998,0,,0,0.00,0.00,0.00,249.802,161.741,20.962,-86.05,-9.65,62.93,4.704,0.030,0.00,1.00,1,0,0,0,0,0,-9.65,-18.57,-0.58,0.2385,0.1828,0.5752,1,4.704,0,0.419,0,swing,swingCornerBankL,1.000,-1,-0.436 0.297 -0.757 0.460 -0.094 0.399 0.266 -0.325 0.715 -0.173,249.93,162.25,21.13,-10.36,-85.98,94.64,504,724,752,1072,0.266,0.403 0.313 -0.251 -0.208,14.8,1,0.000,0.000,0.4737,1.86,,-1.000,0.0,0.0,0.0,,,62.9,57.7,-48.9
35,0.5833,swing,swingBottom,249.979,156.640,19.868,-8.562,-30.794,-6.222,32.562,31.962,18.755,235.72,138.75,36.56,17.23,0.998,0,,0,0.00,0.00,0.00,249.667,161.229,20.812,-86.11,-9.00,63.09,4.696,0.034,0.00,1.00,1,0,0,0,0,0,-9.00,-18.23,-0.60,0.2396,0.1818,0.5783,1,4.696,0,0.423,0,swing,swingCornerBankL,1.000,-1,-0.431 0.305 -0.755 0.470 -0.087 0.401 0.261 -0.331 0.712 -0.182,249.80,161.74,20.96,-9.65,-86.05,94.82,508,732,752,1072,0.277,0.420 0.321 -0.263 -0.219,13.9,1,0.000,0.000,0.4737,1.94,,-1.000,0.0,0.0,0.0,,,61.6,56.5,-47.1
36,0.6000,swing,swingBottom,249.834,156.125,19.773,-8.782,-30.946,-5.231,32.590,32.168,18.660,235.72,138.75,36.56,17.23,0.998,0,,0,0.00,0.00,0.00,249.527,160.715,20.677,-86.17,-8.41,63.25,4.688,0.037,0.00,1.00,1,0,0,0,0,0,-8.41,-17.89,-0.62,0.2402,0.1807,0.5802,1,4.688,0,0.427,0,swing,swingCornerBankL,1.000,-1,-0.426 0.313 -0.752 0.481 -0.080 0.404 0.255 -0.337 0.709 -0.192,249.67,161.23,20.81,-9.00,-86.11,95.00,508,736,756,1068,0.289,0.437 0.329 -0.275 -0.231,13.1,1,0.000,0.000,0.4739,2.01,,-1.000,0.0,0.0,0.0,,,60.4,55.2,-45.2
37,0.6167,swing,swingBottom,249.686,155.608,19.694,-8.981,-31.055,-4.228,32.603,32.328,18.581,235.72,138.75,36.56,17.23,0.999,0,,0,0.00,0.00,0.00,249.383,160.198,20.558,-86.22,-7.86,63.40,4.680,0.040,0.00,1.00,1,0,0,0,0,0,-7.86,-17.57,-0.63,0.2404,0.1796,0.5811,1,4.680,0,0.431,0,swing,swingCornerBankL,1.000,-1,-0.420 0.322 -0.750 0.492 -0.071 0.406 0.248 -0.342 0.706 -0.202,249.53,160.71,20.68,-8.41,-86.17,95.18,512,736,756,1068,0.300,0.454 0.337 -0.286 -0.242,12.2,1,0.000,0.000,0.4741,2.08,,-1.000,0.0,0.0,0.0,,,59.1,54.0,-43.5
38,0.6333,swing,swingBottom,249.535,155.090,19.632,-9.160,-31.121,-3.218,32.600,32.441,18.519,235.72,138.75,36.56,17.23,0.999,0,,0,0.00,0.00,0.00,249.235,159.680,20.455,-86.26,-7.34,63.55,4.673,0.044,0.00,1.00,1,0,0,0,0,0,-7.34,-17.25,-0.65,0.2410,0.1784,0.5809,1,4.673,0,0.436,0,swing,swingCornerBankL,1.000,-1,-0.415 0.330 -0.748 0.504 -0.062 0.407 0.241 -0.347 0.703 -0.213,249.38,160.20,20.56,-7.86,-86.22,95.35,512,740,756,1068,0.311,0.472 0.343 -0.296 -0.254,11.3,1,0.000,0.000,0.4743,2.14,,-1.000,0.0,0.0,0.0,,,57.8,52.8,-41.7
39,0.6500,swing,swingBottom,249.381,154.571,19.587,-9.298,-31.143,-2.200,32.576,32.502,18.474,235.72,138.75,36.56,17.23,0.999,0,,0,0.00,0.00,0.00,249.084,159.162,20.368,-86.29,-6.83,63.70,4.666,0.047,0.00,1.00,1,0,0,0,0,0,-6.83,-16.95,-0.67,0.2427,0.1772,0.5794,1,4.666,0,0.440,0,swing,swingCornerBankL,1.000,-1,-0.409 0.338 -0.746 0.516 -0.052 0.408 0.234 -0.351 0.699 -0.225,249.24,159.68,20.45,-7.34,-86.26,95.52,512,740,756,1068,0.322,0.489 0.349 -0.305 -0.267,10.4,1,0.000,0.000,0.4745,2.19,,-1.000,0.0,0.0,0.0,,,56.6,51.6,-40.1
40,0.6667,swing,swingBottom,249.225,154.052,19.559,-9.418,-31.122,-1.181,32.537,32.516,18.446,235.72,138.75,36.56,17.23,0.999,0,,0,0.00,0.00,0.00,248.930,158.643,20.298,-86.32,-6.33,63.84,4.659,0.051,0.00,1.00,1,0,0,0,0,0,-6.33,-16.65,-0.68,0.2438,0.1760,0.5773,1,4.659,0,0.444,0,swing,swingCornerBankL,1.000,-1,-0.403 0.346 -0.744 0.528 -0.042 0.409 0.226 -0.353 0.696 -0.236,249.08,159.16,20.37,-6.83,-86.29,95.68,512,736,760,1064,0.333,0.506 0.355 -0.312 -0.279,9.5,1,0.000,0.000,0.4747,2.25,,-1.000,0.0,0.0,0.0,,,55.3,50.4,-38.5
41,0.6833,swing,swingBottom,249.068,153.534,19.547,-9.520,-31.057,-0.164,32.483,32.483,18.434,235.72,138.75,36.56,17.23,0.999,0,,0,0.00,0.00,0.00,248.773,158.125,20.245,-86.33,-5.85,63.98,4.653,0.054,0.00,1.00,1,0,0,0,0,0,-5.85,-16.37,-0.70,0.2446,0.1748,0.5748,1,4.653,0,0.448,0,swing,swingCornerBankL,1.000,-1,-0.398 0.354 -0.743 0.540 -0.031 0.408 0.218 -0.355 0.692 -0.249,248.93,158.64,20.30,-6.33,-86.32,95.84,508,736,760,1064,0.344,0.523 0.358 -0.318 -0.292,8.7,1,0.000,0.000,0.4749,2.29,,-1.000,0.0,0.0,0.0,,,54.1,49.2,-37.0
42,0.7000,swing,swingBottom,248.908,153.015,19.553,-9.648,-31.162,0.862,32.633,32.622,18.440,235.72,138.75,36.56,17.23,1.000,0,,0,0.00,0.00,0.00,248.614,157.606,20.209,-86.34,-5.39,64.12,4.646,0.057,0.00,1.00,1,0,0,0,0,0,-5.39,-16.11,-0.72,0.2439,0.1738,0.5716,1,4.646,0,0.452,0,swing,swingCornerBankL,1.000,-1,-0.395 0.360 -0.744 0.549 -0.022 0.407 0.212 -0.353 0.689 -0.259,248.77,158.12,20.25,-5.85,-86.33,95.99,504,732,760,1064,0.351,0.537 0.361 -0.320 -0.302,8.2,1,0.000,0.000,0.4751,2.34,,-1.000,0.0,0.0,0.0,,,53.2,48.2,-36.2
43,0.7167,swing,swingBottom,248.747,152.494,19.576,-9.759,-31.223,1.901,32.767,32.712,18.463,235.72,138.75,36.56,17.23,1.000,0,,0,0.00,0.00,0.00,248.454,157.085,20.189,-86.35,-4.95,64.25,4.641,0.060,0.00,1.00,1,0,0,0,0,0,-4.95,-15.86,-0.73,0.2417,0.1731,0.5679,1,4.641,0,0.456,0,swing,swingCornerBankL,1.000,-1,-0.396 0.361 -0.746 0.554 -0.017 0.404 0.210 -0.348 0.688 -0.263,248.61,157.61,20.21,-5.39,-86.34,96.14,500,728,764,1064,0.355,0.547 0.362 -0.319 -0.307,8.2,1,0.000,0.000,0.4753,2.38,,-1.000,0.0,0.0,0.0,,,52.8,47.6,-36.0
44,0.7333,swing,swingBottom,248.583,151.973,19.617,-9.853,-31.237,2.950,32.887,32.754,18.504,235.72,138.75,36.56,17.23,1.000,0,,0,0.00,0.00,0.00,248.291,156.564,20.187,-86.36,-4.53,64.38,4.635,0.063,0.00,1.00,1,0,0,0,0,0,-4.53,-15.63,-0.75,0.2394,0.1723,0.5638,1,4.635,0,0.459,0,swing,swingCornerBankL,1.000,-1,-0.397 0.363 -0.748 0.560 -0.011 0.401 0.208 -0.344 0.686 -0.268,248.45,157.09,20.19,-4.95,-86.35,96.29,500,724,764,1060,0.359,0.556 0.362 -0.319 -0.313,8.2,1,0.000,0.000,0.4753,2.41,,-1.000,0.0,0.0,0.0,,,52.3,47.0,-35.9
45,0.7500,swing,swingBottom,248.419,151.452,19.675,-9.907,-31.206,4.008,32.985,32.740,18.562,235.72,138.75,36.56,17.23,1.000,0,,0,0.00,0.00,0.00,248.127,156.043,20.202,-86.36,-4.14,64.50,4.630,0.066,0.00,1.00,1,0,0,0,0,0,-4.14,-15.41,-0.77,0.2373,0.1713,0.5591,1,4.630,0,0.462,0,swing,swingCornerBankL,1.000,-1,-0.398 0.364 -0.751 0.565 -0.004 0.398 0.205 -0.339 0.683 -0.273,248.29,156.56,20.19,-4.53,-86.36,96.43,496,716,764,1060,0.363,0.566 0.363 -0.318 -0.319,8.2,1,0.000,0.000,0.4753,2.44,,-1.000,0.0,0.0,0.0,,,51.8,46.4,-35.7
46,0.7667,swing,swingBottom,248.254,150.932,19.751,-9.945,-31.128,5.069,33.069,32.678,18.638,235.72,138.75,36.56,17.23,1.000,0,,0,0.00,0.00,0.00,247.961,155.523,20.234,-86.36,-3.77,64.62,4.625,0.069,0.00,1.00,1,0,0,0,0,0,-3.77,-15.22,-0.78,0.2355,0.1703,0.5541,1,4.625,0,0.464,0,swing,swingCornerBankL,1.000,-1,-0.399 0.366 -0.753 0.571 0.004 0.397 0.203 -0.335 0.680 -0.277,248.13,156.04,20.20,-4.14,-86.36,96.57,492,712,764,1060,0.367,0.575 0.365 -0.318 -0.323,8.1,1,0.000,0.000,0.4753,2.46,,-1.000,0.0,0.0,0.0,,,51.4,45.7,-35.6
47,0.7833,swing,swingBottom,248.088,150.414,19.844,-9.968,-31.004,6.130,33.139,32.567,18.731,235.72,138.75,36.56,17.23,1.000,0,,0,0.00,0.00,0.00,247.795,155.005,20.284,-86.34,-3.42,64.74,4.621,0.073,0.00,1.00,1,0,0,0,0,0,-3.42,-15.04,-0.80,0.2336,0.1689,0.5487,1,4.621,0,0.466,0,swing,swingCornerBankL,1.000,-1,-0.399 0.369 -0.756 0.577 0.014 0.394 0.200 -0.332 0.675 -0.282,247.96,155.52,20.23,-3.77,-86.36,96.70,488,704,764,1056,0.371,0.585 0.364 -0.317 -0.328,8.1,1,0.000,0.000,0.4751,2.48,,-1.000,0.0,0.0,0.0,,,50.9,45.1,-35.5
48,0.8000,swing,swingBottom,247.923,149.898,19.955,-9.953,-30.834,7.190,33.188,32.400,18.842,235.72,138.75,36.56,17.23,1.000,0,,0,0.00,0.00,0.00,247.627,154.489,20.351,-86.32,-3.09,64.86,4.617,0.076,0.00,1.00,1,0,0,0,0,0,-3.09,-14.88,-0.82,0.2323,0.1675,0.5433,1,4.617,0,0.467,0,swing,swingCornerBankL,1.000,-1,-0.399 0.371 -0.759 0.583 0.025 0.392 0.199 -0.330 0.669 -0.285,247.79,155.00,20.28,-3.42,-86.34,96.83,484,700,768,1056,0.375,0.594 0.365 -0.318 -0.331,8.0,1,0.000,0.000,0.4749,2.50,,-1.000,0.0,0.0,0.0,,,50.4,44.4,-35.4
49,0.8167,swing,swingBottom,247.757,149.386,20.084,-9.923,-30.618,8.243,33.225,32.186,18.971,235.72,138.75,36.56,17.23,1.000,0,,0,0.00,0.00,0.00,247.459,153.976,20.436,-86.28,-2.78,64.97,4.613,0.079,0.00,1.00,1,0,0,0,0,0,-2.78,-14.74,-0.83,0.2310,0.1660,0.5377,1,4.613,0,0.468,0,swing,swingCornerBankL,1.000,-1,-0.400 0.373 -0.762 0.588 0.036 0.391 0.197 -0.329 0.662 -0.286,247.63,154.49,20.35,-3.09,-86.32,96.96,476,692,768,1052,0.379,0.602 0.366 -0.320 -0.331,7.9,1,0.000,0.000,0.4747,2.51,,-1.000,0.0,0.0,0.0,,,49.9,43.7,-35.3
50,0.8333,swing,swingBottom,247.593,148.877,20.230,-9.881,-30.359,9.288,33.249,31.926,19.117,235.72,138.75,36.56,17.23,1.000,0,,0,0.00,0.00,0.00,247.291,153.468,20.538,-86.23,-2.49,65.08,4.610,0.082,0.00,1.00,1,0,0,0,0,0,-2.49,-14.63,-0.85,0.2303,0.1641,0.5321,1,4.610,0,0.468,0,swing,swingCornerBankL,1.000,-1,-0.400 0.376 -0.765 0.594 0.048 0.389 0.197 -0.330 0.653 -0.286,247.46,153.98,20.44,-2.78,-86.28,97.08,472,688,768,1052,0.383,0.611 0.367 -0.324 -0.331,7.7,1,0.000,0.000,0.4742,2.52,,-1.000,0.0,0.0,0.0,,,49.4,43.0,-35.1
51,0.8500,swing,swingBottom,247.429,148.374,20.394,-9.801,-30.055,10.322,33.255,31.612,19.281,235.72,138.75,36.56,17.23,1.000,0,,0,0.00,0.00,0.00,247.122,152.963,20.658,-86.17,-2.23,65.18,4.608,0.085,0.00,1.00,1,0,0,0,0,0,-2.23,-14.53,-0.87,0.2298,0.1622,0.5264,1,4.608,0,0.468,0,swing,swingCornerBankL,1.000,-1,-0.400 0.378 -0.768 0.600 0.060 0.388 0.197 -0.332 0.642 -0.284,247.29,153.47,20.54,-2.49,-86.23,97.20,468,680,772,1048,0.387,0.619 0.367 -0.328 -0.328,7.5,1,0.000,0.000,0.4737,2.53,,-1.000,0.0,0.0,0.0,,,49.0,42.4,-35.0
52,0.8667,swing,swingHigh,247.267,147.876,20.574,-9.711,-29.708,11.341,33.249,31.255,19.461,235.72,138.75,36.56,17.23,1.000,0,,0,0.00,0.00,0.00,246.955,152.465,20.796,-86.10,-1.98,65.28,4.605,0.088,0.00,1.00,1,0,0,0,0,0,-1.98,-14.46,-0.88,0.2300,0.1603,0.5210,1,4.605,0,0.467,0,swing,swingBottomL,1.000,-1,-0.400 0.381 -0.770 0.605 0.071 0.389 0.200 -0.338 0.632 -0.279,247.12,152.96,20.66,-2.23,-86.17,97.31,460,676,768,1044,0.391,0.626 0.370 -0.336 -0.322,7.4,1,0.000,0.000,0.4733,2.53,,-1.000,0.0,0.0,0.0,,,48.5,41.7,-34.9
53,0.8833,swing,swingHigh,247.107,147.383,20.772,-9.610,-29.321,12.342,33.232,30.855,19.659,235.72,138.75,36.56,17.23,1.000,0,,0,0.00,0.00,0.00,246.787,151.972,20.972,-86.01,-2.03,65.38,4.604,0.091,0.00,1.00,1,0,0,0,0,0,-2.03,-14.41,-0.90,0.2309,0.1580,0.5156,1,4.604,0,0.466,0,swing,swingBottomL,1.000,-1,-0.399 0.384 -0.774 0.612 0.084 0.390 0.202 -0.345 0.617 -0.271,246.95,152.46,20.80,-1.98,-86.10,97.42,456,672,772,1040,0.394,0.633 0.370 -0.343 -0.315,7.2,1,0.000,0.000,0.4725,2.52,,-1.000,0.0,0.0,0.0,,,48.1,41.1,-34.7
54,0.9000,swing,swingHigh,246.949,146.898,20.986,-9.475,-28.892,13.325,33.198,30.406,19.873,235.72,138.75,36.56,17.23,1.000,0,,0,0.00,0.00,0.00,246.621,151.487,21.186,-85.92,-2.35,65.48,4.604,0.094,0.00,1.00,1,0,0,0,0,0,-2.35,-14.38,-0.92,0.2330,0.1558,0.5104,1,4.604,0,0.465,0,swing,swingBottomL,1.000,-1,-0.399 0.389 -0.776 0.620 0.095 0.395 0.207 -0.355 0.602 -0.257,246.79,151.97,20.97,-2.03,-86.01,97.53,448,668,772,1036,0.397,0.639 0.373 -0.353 -0.304,7.0,1,0.000,0.000,0.4718,2.52,,-1.000,0.0,0.0,0.0,,,47.6,40.4,-34.6
55,0.9167,swing,swingHigh,246.793,146.420,21.216,-9.332,-28.426,14.286,33.154,29.918,20.103,235.72,138.75,36.56,17.23,1.000,0,,0,0.00,0.00,0.00,246.456,151.008,21.416,-85.81,-2.68,65.57,4.604,0.097,0.00,1.00,1,0,0,0,0,0,-2.68,-14.37,-0.93,0.2350,0.1537,0.5052,1,4.604,0,0.463,0,swing,swingBottomL,1.000,-1,-0.399 0.392 -0.779 0.626 0.105 0.402 0.213 -0.366 0.588 -0.239,246.62,151.49,21.19,-2.35,-85.92,97.64,444,664,776,1036,0.400,0.645 0.377 -0.363 -0.290,6.8,1,0.000,0.000,0.4711,2.51,,-1.000,0.0,0.0,0.0,,,47.2,39.9,-34.5
56,0.9333,swing,swingHigh,246.639,145.951,21.462,-9.181,-27.922,15.223,33.101,29.393,20.349,235.72,138.75,36.56,17.23,1.000,0,,0,0.00,0.00,0.00,246.293,150.538,21.662,-85.68,-3.02,65.66,4.604,0.099,0.00,1.00,1,0,0,0,0,0,-3.02,-14.38,-0.95,0.2373,0.1513,0.5001,1,4.604,0,0.461,0,swing,swingBottomL,1.000,-1,-0.398 0.396 -0.782 0.633 0.114 0.408 0.220 -0.378 0.570 -0.218,246.46,151.01,21.42,-2.68,-85.81,97.74,436,660,772,1032,0.403,0.650 0.381 -0.375 -0.274,6.6,1,0.000,0.000,0.4702,2.50,,-1.000,0.0,0.0,0.0,,,46.8,39.3,-34.3
57,0.9500,swing,swingHigh,246.488,145.490,21.723,-9.001,-27.383,16.133,33.032,28.824,20.610,235.72,138.75,36.56,17.23,1.000,0,,0,0.00,0.00,0.00,246.131,150.076,21.923,-85.55,-3.37,65.75,4.604,0.102,0.00,1.00,1,0,0,0,0,0,-3.37,-14.42,-0.97,0.2396,0.1492,0.4949,1,4.604,0,0.459,0,swing,swingHighL,1.000,-1,-0.398 0.400 -0.785 0.639 0.124 0.416 0.228 -0.390 0.553 -0.194,246.29,150.54,21.66,-3.02,-85.68,97.84,428,656,776,1028,0.406,0.655 0.386 -0.387 -0.254,6.5,1,0.000,0.000,0.4695,2.49,,-1.000,0.0,0.0,0.0,,,46.4,38.7,-34.2
58,0.9667,swing,swingHigh,246.341,145.038,22.000,-8.814,-26.810,17.016,32.955,28.222,20.887,235.72,138.75,36.56,17.23,1.000,0,,0,0.00,0.00,0.00,245.972,149.624,22.200,-85.40,-3.73,65.83,4.604,0.104,0.00,1.00,1,0,0,0,0,0,-3.73,-14.48,-0.98,0.2420,0.1473,0.4899,1,4.604,0,0.456,0,swing,swingHighL,1.000,-1,-0.397 0.403 -0.787 0.644 0.131 0.426 0.238 -0.403 0.538 -0.168,246.13,150.08,21.92,-3.37,-85.55,97.93,424,652,776,1028,0.408,0.658 0.394 -0.401 -0.233,6.4,1,0.000,0.000,0.4689,2.47,,-1.000,0.0,0.0,0.0,,,46.1,38.3,-34.1
59,0.9833,swing,swingHigh,246.196,144.597,22.290,-8.623,-26.206,17.870,32.870,27.588,21.177,235.72,138.75,36.56,17.23,1.000,0,,0,0.00,0.00,0.00,245.815,149.181,22.490,-85.25,-4.10,65.91,4.604,0.106,0.00,1.00,1,0,0,0,0,0,-4.10,-14.57,-1.00,0.2443,0.1451,0.4847,1,4.604,0,0.454,0,swing,swingHighL,1.000,-1,-0.396 0.407 -0.790 0.649 0.139 0.435 0.248 -0.416 0.519 -0.139,245.97,149.62,22.20,-3.73,-85.40,98.02,416,648,776,1024,0.411,0.662 0.402 -0.415 -0.209,6.3,1,0.000,0.000,0.4681,2.45,,-1.000,0.0,0.0,0.0,,,45.7,37.8,-33.9
60,1.0000,swing,swingHigh,246.055,144.165,22.595,-8.407,-25.572,18.692,32.772,26.918,21.482,235.72,138.75,36.56,17.23,1.000,0,,0,0.00,0.00,0.00,245.660,148.748,22.795,-85.08,-4.47,65.98,4.604,0.108,0.00,1.00,1,0,0,0,0,0,-4.47,-14.68,-1.02,0.2466,0.1433,0.4794,1,4.604,0,0.451,0,swing,swingHighL,1.000,-1,-0.395 0.411 -0.792 0.653 0.146 0.447 0.259 -0.429 0.504 -0.109,245.81,149.18,22.49,-4.10,-85.25,98.10,408,644,776,1020,0.413,0.664 0.412 -0.429 -0.183,6.3,1,0.000,0.000,0.4675,2.40,,-1.000,0.0,0.0,0.0,,,45.4,37.3,-33.8
61,1.0167,swing,swingHigh,245.917,143.745,22.913,-8.187,-24.910,19.482,32.666,26.221,21.800,235.72,138.75,36.56,17.23,1.000,0,,0,0.00,0.00,0.00,245.508,148.327,23.113,-84.90,-4.84,66.05,4.604,0.109,0.00,1.00,1,0,0,0,0,0,-4.84,-14.81,-1.03,0.2487,0.1418,0.4740,1,4.604,0,0.448,0,swing,swingHighL,1.000,-1,-0.394 0.414 -0.793 0.658 0.152 0.461 0.271 -0.441 0.491 -0.077,245.66,148.75,22.79,-4.47,-85.08,98.18,404,640,780,1020,0.415,0.666 0.425 -0.443 -0.156,6.4,1,0.000,0.000,0.4671,2.32,,-1.000,0.0,0.0,0.0,,,45.1,36.9,-33.7
62,1.0333,swing,swingHigh,245.784,143.335,23.244,-7.966,-24.221,20.238,32.553,25.498,22.131,235.72,138.75,36.56,17.23,1.000,0,,0,0.00,0.00,0.00,245.359,147.916,23.444,-84.71,-5.21,66.12,4.604,0.111,0.00,1.00,1,0,0,0,0,0,-5.21,-14.96,-1.05,0.2507,0.1403,0.4684,1,4.604,0,0.444,0,swing,swingHighL,1.000,-1,-0.392 0.417 -0.795 0.662 0.159 0.476 0.284 -0.452 0.477 -0.044,245.51,148.33,23.11,-4.84,-84.90,98.26,396,636,776,1020,0.418,0.668 0.438 -0.456 -0.127,6.6,1,0.000,0.000,0.4667,2.21,,-1.000,0.0,0.0,0.0,,,44.8,36.4,-33.5
63,1.0500,swing,swingHigh,245.654,142.938,23.587,-7.722,-23.510,20.960,32.429,24.745,22.474,235.72,138.75,36.56,17.23,1.000,0,,0,0.00,0.00,0.00,245.213,147.517,23.787,-84.51,-5.59,66.18,4.604,0.112,0.00,1.00,1,0,0,0,0,0,-5.59,-15.14,-1.07,0.2521,0.1392,0.4627,1,4.604,0,0.441,0,swing,swingHighL,1.000,-1,-0.391 0.421 -0.796 0.665 0.165 0.492 0.297 -0.461 0.466 -0.009,245.36,147.92,23.44,-5.21,-84.71,98.33,388,628,780,1016,0.420,0.669 0.453 -0.468 -0.098,6.8,1,0.000,0.000,0.4664,2.10,,-1.000,0.0,0.0,0.0,,,44.5,36.0,-33.4
64,1.0667,swing,swingHigh,245.528,142.552,23.942,-7.479,-22.776,21.647,32.299,23.972,22.829,235.72,138.75,36.56,17.23,1.000,0,,0,0.00,0.00,0.00,245.071,147.130,24.142,-84.30,-5.97,66.24,4.604,0.112,0.00,1.00,1,0,0,0,0,0,-5.97,-15.34,-1.08,0.2530,0.1385,0.4568,1,4.604,0,0.437,0,swing,swingHighL,1.000,-1,-0.390 0.423 -0.797 0.667 0.169 0.511 0.311 -0.468 0.459 0.025,245.21,147.52,23.79,-5.59,-84.51,98.40,384,624,780,1016,0.421,0.670 0.471 -0.479 -0.068,7.2,1,0.000,0.000,0.4664,2.00,,-1.000,0.0,0.0,0.0,,,44.2,35.6,-33.3
65,1.0833,swing,swingHigh,245.406,142.179,24.308,-7.237,-22.022,22.298,32.164,23.180,23.195,235.72,138.75,36.56,17.23,1.000,0,,0,0.00,0.00,0.00,244.931,146.755,24.508,-84.08,-6.35,66.29,4.604,0.112,0.00,1.00,1,0,0,0,0,0,-6.35,-15.57,-1.10,0.2534,0.1388,0.4505,1,4.604,0,0.433,0,swing,swingHighL,1.000,-1,-0.388 0.427 -0.799 0.670 0.174 0.529 0.325 -0.473 0.451 0.061,245.07,147.13,24.14,-5.97,-84.30,98.46,376,616,780,1020,0.424,0.671 0.489 -0.487 -0.037,7.6,1,0.000,0.000,0.4668,1.90,,-1.000,0.0,0.0,0.0,,,43.9,35.1,-33.2
66,1.1000,swing,swingHigh,245.288,141.819,24.684,-6.977,-21.250,22.911,32.018,22.366,23.571,235.72,138.75,36.56,17.23,1.000,0,,0,0.00,0.00,0.00,244.795,146.392,24.884,-83.85,-6.74,66.34,4.604,0.112,0.00,1.00,1,0,0,0,0,0,-6.74,-15.81,-1.12,0.2535,0.1401,0.4440,1,4.604,0,0.430,0,swing,swingHighL,1.000,-1,-0.387 0.430 -0.799 0.673 0.177 0.549 0.340 -0.475 0.448 0.095,244.93,146.75,24.51,-6.35,-84.08,98.52,368,612,780,1024,0.426,0.671 0.510 -0.494 -0.006,8.1,1,0.000,0.000,0.4678,1.78,,-1.000,0.0,0.0,0.0,,,43.6,34.7,-33.1
67,1.1167,swing,swingHigh,245.175,141.472,25.070,-6.719,-20.462,23.488,31.868,21.537,23.957,235.72,138.75,36.56,17.23,1.000,0,,0,0.00,0.00,0.00,244.663,146.043,25.270,-83.61,-7.12,66.39,4.604,0.111,0.00,1.00,1,0,0,0,0,0,-7.12,-16.08,-1.13,0.2531,0.1413,0.4373,1,4.604,0,0.426,0,swing,swingHighL,1.000,-1,-0.385 0.433 -0.799 0.675 0.180 0.570 0.354 -0.474 0.449 0.129,244.80,146.39,24.88,-6.74,-83.85,98.58,360,604,784,1024,0.427,0.670 0.531 -0.497 0.025,8.6,1,0.000,0.000,0.4688,1.59,,-1.000,0.0,0.0,0.0,,,43.3,34.2,-33.1
68,1.1333,swing,swingHigh,245.066,141.137,25.466,-6.464,-19.660,24.028,31.712,20.696,24.353,235.72,138.75,36.56,17.23,1.000,0,,0,0.00,0.00,0.00,244.534,145.707,25.666,-83.36,-7.49,66.43,4.604,0.109,0.00,1.00,1,0,0,0,0,0,-7.49,-16.37,-1.15,0.2521,0.1425,0.4302,1,4.604,0,0.422,0,swing,swingHighL,1.000,-1,-0.383 0.437 -0.799 0.678 0.183 0.590 0.369 -0.469 0.449 0.163,244.66,146.04,25.27,-7.12,-83.61,98.63,352,596,784,1028,0.429,0.670 0.553 -0.497 0.057,9.2,1,0.000,0.000,0.4698,1.38,,-1.000,0.0,0.0,0.0,,,43.0,33.7,-33.1
69,1.1500,swing,swingHigh,244.961,140.817,25.870,-6.196,-18.847,24.530,31.549,19.839,24.757,235.72,138.75,36.56,17.23,1.000,0,,0,0.00,0.00,0.00,244.409,145.384,26.070,-83.11,-7.87,66.47,4.604,0.107,0.00,1.00,1,0,0,0,0,0,-7.87,-16.68,-1.17,0.2506,0.1437,0.4231,1,4.604,0,0.418,0,swing,swingHighL,1.000,-1,-0.381 0.440 -0.799 0.680 0.184 0.610 0.384 -0.461 0.454 0.196,244.53,145.71,25.67,-7.49,-83.36,98.67,348,588,784,1032,0.431,0.669 0.576 -0.494 0.088,9.8,1,0.000,0.000,0.4707,1.15,,-1.000,0.0,0.0,0.0,,,42.7,33.2,-33.1
70,1.1667,swing,swingHigh,244.861,140.510,26.283,-5.932,-18.023,24.996,31.381,18.974,25.170,235.72,138.75,36.56,17.23,1.000,0,,0,0.00,0.00,0.00,244.289,145.067,26.483,-82.84,-8.23,66.50,4.597,0.105,0.00,1.00,1,0,0,0,0,0,-8.23,-17.01,-1.18,0.2491,0.1452,0.4158,1,4.597,0,0.414,0,swing,swingHighL,1.000,-1,-0.380 0.442 -0.799 0.681 0.184 0.630 0.399 -0.450 0.462 0.228,244.41,145.38,26.07,-7.87,-83.11,98.71,340,580,784,1032,0.433,0.668 0.599 -0.487 0.118,10.4,1,0.000,0.000,0.4717,0.91,,-1.000,0.0,0.0,0.0,,,42.5,32.7,-33.2
71,1.1833,swing,swingHigh,244.765,140.217,26.702,-5.673,-17.190,25.424,31.210,18.102,25.589,235.72,138.75,36.56,17.23,1.000,0,,0,0.00,0.00,0.00,244.173,144.754,26.902,-82.57,-8.58,66.53,4.580,0.102,0.00,1.00,1,0,0,0,0,0,-8.58,-17.36,-1.20,0.2477,0.1472,0.4085,1,4.580,0,0.410,0,swing,swingHighL,1.000,-1,-0.379 0.445 -0.800 0.682 0.183 0.648 0.414 -0.435 0.471 0.259,244.29,145.07,26.48,-8.23,-82.84,98.75,332,568,784,1036,0.434,0.666 0.621 -0.477 0.149,11.0,1,0.000,0.000,0.4725,0.66,,-1.000,0.0,0.0,0.0,,,42.3,32.1,-33.3
72,1.2000,swing,swingHigh,244.673,139.937,27.129,-5.404,-16.351,25.814,31.031,17.221,26.016,235.72,138.75,36.56,17.23,1.000,0,,0,0.00,0.00,0.00,244.063,144.447,27.329,-82.29,-8.91,66.56,4.555,0.099,0.00,1.00,1,0,0,0,0,0,-8.91,-17.72,-1.22,0.2465,0.1496,0.4012,1,4.555,0,0.407,0,swing,swingHighL,1.000,-1,-0.378 0.447 -0.801 0.681 0.181 0.664 0.429 -0.418 0.482 0.288,244.17,144.75,26.90,-8.58,-82.57,98.78,324,560,784,1040,0.435,0.664 0.641 -0.465 0.179,11.7,1,0.000,0.000,0.4733,0.41,,-1.000,0.0,0.0,0.0,,,42.1,31.5,-33.6
73,1.2167,swing,swingHigh,244.586,139.672,27.562,-5.141,-15.507,26.169,30.850,16.337,26.449,235.72,138.75,36.56,17.23,1.000,0,,0,0.00,0.00,0.00,243.958,144.147,27.762,-82.01,-9.23,66.58,4.523,0.096,0.00,1.00,1,0,0,0,0,0,-9.23,-18.11,-1.23,0.2451,0.1524,0.3940,1,4.523,0,0.403,0,swing,swingHighL,1.000,-1,-0.378 0.448 -0.803 0.680 0.176 0.679 0.445 -0.398 0.495 0.316,244.06,144.45,27.33,-8.91,-82.29,98.81,320,552,784,1044,0.436,0.660 0.661 -0.449 0.208,12.3,1,0.000,0.000,0.4740,0.16,,-1.000,0.0,0.0,0.0,,,42.0,30.9,-33.9
74,1.2333,swing,swingHigh,244.503,139.421,28.000,-4.884,-14.660,26.487,30.665,15.452,26.887,235.72,138.75,36.56,17.23,1.000,0,,0,0.00,0.00,0.00,243.857,143.856,28.200,-81.71,-9.53,66.60,4.486,0.092,0.00,1.00,1,0,0,0,0,0,-9.53,-18.52,-1.25,0.2437,0.1555,0.3870,1,4.486,0,0.400,0,swing,swingHighL,1.000,-1,-0.379 0.448 -0.805 0.677 0.171 0.690 0.460 -0.377 0.508 0.343,243.96,144.15,27.76,-9.23,-82.01,98.83,312,544,784,1048,0.437,0.656 0.678 -0.432 0.238,12.9,1,0.000,0.000,0.4746,-0.08,,-1.000,0.0,0.0,0.0,,,41.9,30.3,-34.3
75,1.2500,swing,swingHigh,244.425,139.184,28.443,-4.621,-13.812,26.769,30.475,14.564,27.330,235.72,138.75,36.56,17.23,1.000,0,,0,0.00,0.00,0.00,243.762,143.575,28.643,-81.41,-9.82,66.61,4.445,0.088,0.00,1.00,1,0,0,0,0,0,-9.82,-18.94,-1.27,0.2421,0.1589,0.3804,1,4.445,0,0.397,0,swing,swingHighL,1.000,-1,-0.380 0.448 -0.808 0.673 0.164 0.698 0.476 -0.354 0.522 0.367,243.86,143.86,28.20,-9.53,-81.71,98.85,304,532,780,1052,0.437,0.651 0.692 -0.412 0.266,13.5,1,0.000,0.000,0.4751,-0.32,,-1.000,0.0,0.0,0.0,,,42.0,29.6,-34.9
76,1.2667,swing,swingHigh,244.350,138.961,28.891,-4.365,-12.964,27.016,30.282,13.679,27.778,235.72,138.75,36.56,17.23,1.000,0,,0,0.00,0.00,0.00,243.670,143.306,29.091,-81.10,-10.08,66.62,4.402,0.084,0.00,1.00,1,0,0,0,0,0,-10.08,-19.38,-1.28,0.2403,0.1628,0.3740,1,4.402,0,0.395,0,swing,swingHighL,1.000,-1,-0.381 0.446 -0.813 0.666 0.156 0.704 0.492 -0.330 0.537 0.389,243.76,143.58,28.64,-9.82,-81.41,98.86,300,524,780,1056,0.436,0.645 0.705 -0.392 0.292,14.2,1,0.000,0.000,0.4756,-0.54,,-1.000,0.0,0.0,0.0,,,42.1,29.0,-35.5
77,1.2833,swing,swingHigh,244.280,138.753,29.342,-4.116,-12.116,27.229,30.086,12.796,28.229,235.72,138.75,36.56,17.23,0.997,0,,0,0.00,0.00,0.00,243.584,143.049,29.542,-80.79,-10.32,66.62,4.357,0.080,0.00,1.00,1,0,0,0,0,0,-10.32,-19.84,-1.30,0.2378,0.1668,0.3677,1,4.357,0,0.392,0,swing,swingHighL,1.000,-1,-0.384 0.444 -0.818 0.659 0.146 0.708 0.508 -0.305 0.549 0.411,243.67,143.31,29.09,-10.08,-81.10,98.87,296,516,776,1060,0.434,0.637 0.716 -0.369 0.319,14.8,1,0.000,0.000,0.4759,-0.75,,-1.000,0.0,0.0,0.0,,,42.3,28.4,-36.2
78,1.3000,swing,swingHigh,244.215,138.558,29.797,-3.864,-11.273,27.408,29.886,11.916,28.684,235.72,138.75,36.56,17.23,0.991,0,,0,0.00,0.00,0.00,243.502,142.805,29.997,-80.47,-10.55,66.62,4.311,0.075,0.00,1.00,1,0,0,0,0,0,-10.55,-20.31,-1.32,0.2375,0.1713,0.3601,1,4.311,0,0.390,0,swing,swingHighL,1.000,-1,-0.387 0.441 -0.823 0.649 0.134 0.710 0.525 -0.277 0.562 0.428,243.58,143.05,29.54,-10.32,-80.79,98.87,288,508,772,1064,0.432,0.627 0.725 -0.344 0.342,15.5,1,0.000,0.000,0.4763,-0.96,,-1.000,0.0,0.0,0.0,,,42.7,27.9,-37.0
79,1.3167,swing,swingHigh,244.153,138.377,30.254,-3.620,-10.433,27.554,29.685,11.043,29.141,235.72,138.75,36.56,17.23,0.982,0,,0,0.00,0.00,0.00,243.424,142.574,30.454,-80.15,-10.76,66.61,4.264,0.071,0.00,1.00,1,0,0,0,0,0,-10.76,-20.80,-1.33,0.2380,0.1760,0.3521,1,4.264,0,0.388,0,swing,swingHighL,1.000,-1,-0.391 0.436 -0.830 0.636 0.121 0.710 0.543 -0.247 0.573 0.444,243.50,142.80,30.00,-10.55,-80.47,98.87,280,500,772,1068,0.428,0.616 0.733 -0.316 0.364,16.2,1,0.000,0.000,0.4765,-1.15,,-1.000,0.0,0.0,0.0,,,43.2,27.5,-38.0
80,1.3333,swing,swingHigh,244.095,138.210,30.713,-3.384,-9.598,27.668,29.481,10.177,29.600,235.72,138.75,36.56,17.23,0.971,0,,0,0.00,0.00,0.00,243.350,142.357,30.913,-79.82,-10.96,66.60,4.217,0.066,0.00,1.00,1,0,0,0,0,0,-10.96,-21.30,-1.35,0.2384,0.1810,0.3437,1,4.217,0,0.386,0,swing,swingHighL,1.000,-1,-0.395 0.430 -0.837 0.622 0.104 0.710 0.561 -0.214 0.583 0.457,243.42,142.57,30.45,-10.76,-80.15,98.87,268,492,768,1072,0.424,0.602 0.739 -0.286 0.384,16.9,1,0.000,0.000,0.4766,-1.34,,-1.000,0.0,0.0,0.0,,,43.8,27.2,-39.1
81,1.3500,swing,swingHigh,244.041,138.058,31.175,-3.147,-8.771,27.751,29.274,9.319,30.062,235.72,138.75,36.56,17.23,0.959,0,,0,0.00,0.00,0.00,243.281,142.153,31.375,-79.49,-11.14,66.59,4.170,0.062,0.00,1.00,1,0,0,0,0,0,-11.14,-21.82,-1.37,0.2382,0.1862,0.3354,1,4.170,0,0.384,0,swing,swingHighL,1.000,-1,-0.401 0.423 -0.846 0.605 0.085 0.707 0.578 -0.180 0.591 0.469,243.35,142.36,30.91,-10.96,-79.82,98.86,260,484,764,1076,0.418,0.586 0.744 -0.253 0.402,17.7,1,0.000,0.000,0.4766,-1.52,,-1.000,0.0,0.0,0.0,,,44.6,27.0,-40.2
82,1.3667,swing,swingHigh,243.991,137.918,31.637,-2.918,-7.952,27.804,29.066,8.470,30.524,235.72,138.75,36.56,17.23,0.944,0,,1,264.53,92.96,48.20,243.216,141.963,31.837,-79.15,-11.30,66.57,4.123,0.057,0.00,1.00,1,0,0,0,0,0,-11.30,-22.34,-1.38,0.2377,0.1917,0.3270,1,4.123,0,0.383,0,swing,swingHighL,1.000,-1,-0.407 0.415 -0.855 0.585 0.063 0.702 0.596 -0.144 0.598 0.477,243.28,142.15,31.37,-11.14,-79.49,98.84,252,480,756,1084,0.411,0.567 0.747 -0.219 0.419,18.4,1,0.000,0.000,0.4765,-1.70,,-1.000,0.0,0.0,0.0,,,45.6,27.0,-41.6
83,1.3833,swing,swingHigh,243.945,137.793,32.100,-2.698,-7.141,27.828,28.856,7.633,30.987,235.72,138.75,36.56,17.23,0.929,0,,1,264.53,92.96,48.20,243.155,141.786,32.300,-78.81,-11.45,66.55,4.076,0.053,0.00,1.00,1,0,0,0,0,0,-11.45,-22.88,-1.40,0.2361,0.1972,0.3188,1,4.076,0,0.381,0,swing,swingHighL,1.000,-1,-0.414 0.405 -0.864 0.563 0.040 0.695 0.612 -0.105 0.602 0.485,243.22,141.96,31.84,-11.30,-79.15,98.82,248,472,752,1088,0.402,0.546 0.747 -0.181 0.435,19.2,1,0.000,0.000,0.4763,-1.86,,-1.000,0.0,0.0,0.0,,,46.8,27.2,-43.0
84,1.4000,air,trick,243.909,137.699,32.444,-4.253,-11.254,41.297,43.013,12.030,31.331,0.00,0.00,0.00,0.00,0.000,0,backDouble,1,264.53,92.96,48.20,243.098,141.625,32.630,-78.33,-11.45,66.54,4.013,0.052,0.00,1.00,1,1,0,0,0,0,-11.45,-23.39,-1.42,0.2527,0.1910,0.3113,1,4.013,0,0.380,1,swing,swingHighL,1.000,-1,-0.387 0.412 -0.823 0.572 0.091 0.719 0.506 -0.131 0.533 0.447,243.15,141.79,32.30,-11.45,-78.81,98.80,240,460,748,1092,0.423,0.587 0.763 -0.234 0.367,-1.0,0,0.000,0.000,0.4743,-2.02,backDouble,0.000,-0.0,0.0,-224.1,Tuck,Tuck,44.0,19.4,-41.9
85,1.4167,air,trick,243.838,137.512,33.125,-4.253,-11.254,40.737,42.476,12.030,32.012,0.00,0.00,0.00,0.00,0.000,0,backDouble,1,264.53,92.96,48.20,243.044,141.472,33.275,-78.66,-11.11,66.55,4.042,0.057,0.00,1.00,1,1,0,0,0,0,-11.11,-23.86,-1.43,0.2506,0.1766,0.3076,1,4.042,0,0.377,1,flip_backDouble,swingHighL,1.000,2,-0.365 0.401 -0.776 0.546 0.107 0.731 0.392 -0.116 0.436 0.443,243.10,141.63,32.63,-11.45,-78.33,98.79,224,460,752,1076,0.426,0.591 0.771 -0.237 0.345,-1.0,0,0.000,0.000,0.4691,-1.92,backDouble,0.017,-3.9,0.0,-246.0,Tuck,Tuck,43.6,10.1,-43.1
86,1.4333,air,trick,243.767,137.324,33.797,-4.253,-11.254,40.177,41.939,12.030,32.684,0.00,0.00,0.00,0.00,0.000,0,backDouble,1,264.53,92.96,48.20,242.989,141.315,33.893,-78.96,-10.58,66.57,4.068,0.066,0.00,1.00,0,0,0,0,0,0,-10.58,-24.31,-1.45,0.2485,0.1721,0.3078,1,4.068,0,0.374,0,flip_backDouble,swingHighL,1.000,2,-0.352 0.403 -0.797 0.478 0.105 0.750 0.310 -0.120 0.355 0.411,243.04,141.47,33.27,-11.11,-78.66,98.79,224,460,740,1056,0.430,0.531 0.776 -0.244 0.307,-1.0,0,0.000,0.000,0.4624,-1.83,backDouble,0.033,-8.4,0.0,-302.6,Tuck,Tuck,43.0,6.5,-42.8
87,1.4500,air,trick,243.696,137.136,34.460,-4.253,-11.254,39.617,41.403,12.030,33.347,0.00,0.00,0.00,0.00,0.000,0,backDouble,1,264.53,92.96,48.20,242.934,141.153,34.490,-79.25,-9.91,66.61,4.088,0.079,0.00,1.00,0,0,0,0,0,0,-9.91,-24.75,-1.47,0.2448,0.1698,0.3060,1,4.088,0,0.371,0,flip_backDouble,swingHighL,1.000,2,-0.344 0.403 -0.808 0.425 0.087 0.770 0.189 -0.099 0.292 0.369,242.99,141.32,33.89,-10.58,-78.96,98.82,224,456,736,1044,0.431,0.481 0.783 -0.221 0.272,-1.0,0,0.000,0.000,0.4585,-1.74,backDouble,0.050,-14.1,0.0,-380.7,Tuck,Tuck,42.8,4.0,-42.7
88,1.4667,air,trick,243.626,136.949,35.113,-4.253,-11.254,39.057,40.867,12.030,34.000,0.00,0.00,0.00,0.00,0.000,0,backDouble,1,264.53,92.96,48.20,242.882,140.983,35.069,-79.56,-9.14,66.66,4.102,0.094,0.00,1.00,0,0,0,0,0,0,-9.14,-25.19,-1.48,0.2357,0.1690,0.3025,1,4.102,0,0.367,0,flip_backDouble,swingHighL,1.000,2,-0.323 0.403 -0.814 0.383 0.083 0.775 0.044 -0.052 0.235 0.332,242.93,141.15,34.49,-9.91,-79.25,98.86,228,452,732,1036,0.433,0.440 0.781 -0.162 0.251,-1.0,0,0.000,0.000,0.4555,-1.65,backDouble,0.067,-21.1,0.0,-466.7,Tuck,Tuck,42.4,-1.3,-42.4
89,1.4833,air,trick,243.555,136.761,35.757,-4.253,-11.254,38.497,40.333,12.030,34.644,0.00,0.00,0.00,0.00,0.000,0,backDouble,1,264.53,92.96,48.20,242.836,140.807,35.633,-79.92,-8.29,66.72,4.111,0.111,0.00,1.00,0,0,0,0,0,0,-8.29,-25.62,-1.50,0.2220,0.1679,0.2978,1,4.111,0,0.364,0,flip_backDouble,swingHighL,1.000,2,-0.285 0.400 -0.817 0.356 0.097 0.767 -0.089 0.008 0.185 0.297,242.88,140.98,35.07,-9.14,-79.56,98.92,232,444,728,1028,0.435,0.410 0.769 -0.082 0.235,-1.0,0,0.000,0.000,0.4529,-1.57,backDouble,0.083,-29.6,0.0,-547.5,Tuck,Tuck,42.1,-9.3,-41.6
90,1.5000,air,trick,243.463,136.519,36.416,-5.490,-14.528,39.437,42.384,15.530,35.303,0.00,0.00,0.00,0.00,0.000,0,backDouble,1,264.53,92.96,48.20,242.796,140.621,36.211,-80.76,-7.43,66.79,4.161,0.129,0.00,1.00,0,0,0,0,0,0,-7.43,-26.02,-1.52,0.2034,0.1626,0.2936,1,4.161,0,0.361,0,flip_backDouble,flipTuck,1.000,2,-0.229 0.390 -0.813 0.346 0.126 0.743 -0.174 0.065 0.146 0.265,242.84,140.81,35.63,-8.29,-79.92,98.98,232,432,732,1020,0.429,0.394 0.746 -0.000 0.222,-1.0,0,0.000,0.000,0.4519,-1.50,backDouble,0.100,-39.3,0.0,-609.5,Tuck,Tuck,42.8,-19.9,-40.4
91,1.5167,air,trick,243.372,136.277,37.067,-5.490,-14.528,38.877,41.864,15.530,35.954,0.00,0.00,0.00,0.00,0.000,0,backDouble,1,264.53,92.96,48.20,242.764,140.422,36.778,-81.66,-6.54,66.87,4.199,0.149,0.00,1.00,0,0,0,0,0,0,-6.54,-26.39,-1.53,0.1858,0.1607,0.2909,1,4.199,0,0.358,0,flip_backDouble,flipTuck,1.000,2,-0.155 0.366 -0.785 0.354 0.165 0.705 -0.212 0.106 0.119 0.238,242.80,140.62,36.21,-7.43,-80.76,99.06,236,424,740,1008,0.409,0.393 0.710 0.064 0.210,-1.0,0,0.000,0.000,0.4566,-1.42,backDouble,0.117,-49.7,0.0,-639.4,Tuck,Tuck,45.3,-31.7,-38.7
92,1.5333,air,trick,243.280,136.035,37.708,-5.490,-14.528,38.317,41.344,15.530,36.595,0.00,0.00,0.00,0.00,0.000,0,backDouble,1,264.53,92.96,48.20,242.742,140.208,37.336,-82.65,-5.62,66.95,4.224,0.170,0.00,1.00,0,0,0,0,0,0,-5.62,-26.74,-1.55,0.1745,0.1555,0.2932,1,4.224,0,0.356,0,flip_backDouble,flipTuck,1.000,2,-0.066 0.327 -0.718 0.374 0.210 0.656 -0.219 0.132 0.102 0.220,242.76,140.42,36.78,-6.54,-81.66,99.14,232,420,760,1016,0.370,0.404 0.663 0.106 0.201,-1.0,0,0.000,0.000,0.4651,-1.35,backDouble,0.133,-60.4,0.0,-640.3,Tuck,Tuck,50.1,-43.5,-36.1
93,1.5500,air,trick,243.189,135.793,38.339,-5.490,-14.528,37.757,40.826,15.530,37.226,0.00,0.00,0.00,0.00,0.000,0,backDouble,1,264.53,92.96,48.20,242.729,139.982,37.887,-83.74,-4.69,67.04,4.238,0.191,0.01,1.00,0,0,0,0,0,0,-4.69,-27.06,-1.57,0.1699,0.1461,0.2935,1,4.238,0,0.355,0,flip_backDouble,flipTuck,1.000,2,-0.008 0.257 -0.647 0.368 0.229 0.606 -0.211 0.149 0.096 0.220,242.74,140.21,37.34,-5.62,-82.65,99.23,240,416,784,1020,0.298,0.389 0.618 0.134 0.209,-1.0,0,0.000,0.000,0.4727,-1.29,backDouble,0.150,-71.1,0.0,-640.3,Tuck,Tuck,58.7,-55.3,-38.2
94,1.5667,air,trick,243.097,135.551,38.962,-5.490,-14.528,37.197,40.309,15.530,37.849,0.00,0.00,0.00,0.00,0.000,0,backDouble,1,264.53,92.96,48.20,242.727,139.745,38.431,-84.95,-3.74,67.14,4.244,0.212,0.01,1.00,0,0,0,0,0,0,-3.74,-27.35,-1.58,0.1666,0.1350,0.2941,1,4.244,0,0.353,0,flip_backDouble,flipTuck,1.000,2,0.035 0.175 -0.561 0.358 0.248 0.554 -0.203 0.165 0.098 0.227,242.73,139.98,37.89,-4.69,-83.74,99.33,252,416,812,1028,0.211,0.372 0.568 0.156 0.221,-1.0,0,0.000,0.000,0.4808,-1.23,backDouble,0.167,-81.7,0.0,-640.3,Tuck,Tuck,68.3,-66.7,-43.8
95,1.5833,air,trick,243.006,135.309,39.574,-5.490,-14.528,36.637,39.792,15.530,38.461,0.00,0.00,0.00,0.00,0.000,0,backDouble,1,264.53,92.96,48.20,242.734,139.498,38.969,-86.28,-2.78,67.23,4.242,0.232,0.01,1.00,0,0,0,0,0,0,-2.78,-27.62,-1.60,0.1672,0.1247,0.2967,1,4.242,0,0.353,0,flip_backDouble,flipTuck,1.000,2,0.068 0.089 -0.467 0.347 0.273 0.502 -0.196 0.180 0.105 0.235,242.73,139.74,38.43,-3.74,-84.95,99.43,256,412,836,1032,0.117,0.357 0.517 0.175 0.233,-1.0,0,0.000,0.000,0.4890,-1.17,backDouble,0.183,-92.4,0.0,-640.3,Tuck,Tuck,78.1,-77.6,-55.1
96,1.6000,air,trick,242.914,135.066,40.178,-5.490,-14.528,36.077,39.277,15.530,39.065,0.00,0.00,0.00,0.00,0.000,0,backDouble,1,264.53,92.96,48.20,242.749,139.243,39.501,-87.73,-1.82,67.33,4.234,0.251,0.01,1.00,0,0,0,0,0,0,-1.82,-27.87,-1.62,0.1692,0.1173,0.2996,1,4.234,0,0.353,0,flip_backDouble,flipTuck,1.000,2,0.092 0.000 -0.381 0.331 0.303 0.449 -0.188 0.191 0.115 0.239,242.73,139.50,38.97,-2.78,-86.28,99.53,256,412,860,1040,0.020,0.337 0.463 0.188 0.239,-1.0,0,0.000,0.000,0.4962,-1.11,backDouble,0.200,-103.1,0.0,-640.3,Tuck,Tuck,88.0,-88.0,-81.6
97,1.6167,air,trick,242.823,134.824,40.772,-5.490,-14.528,35.517,38.764,15.530,39.659,0.00,0.00,0.00,0.00,0.000,0,backDouble,1,264.53,92.96,48.20,242.770,138.980,40.028,-89.27,-0.85,67.42,4.222,0.269,0.01,1.00,0,0,0,0,0,0,-0.85,-28.11,-1.63,0.1709,0.1100,0.3048,1,4.222,0,0.353,0,flip_backDouble,flipTuck,1.000,2,0.106 -0.089 -0.298 0.304 0.332 0.390 -0.179 0.195 0.126 0.237,242.75,139.24,39.50,-1.82,-87.73,99.63,260,412,876,1048,-0.079,0.305 0.400 0.193 0.239,-1.0,0,0.000,0.000,0.5028,-1.05,backDouble,0.217,-113.8,0.0,-640.3,Tuck,Tuck,98.0,-98.1,-128.0
98,1.6333,air,trick,242.731,134.582,41.357,-5.490,-14.528,34.957,38.251,15.530,40.244,0.00,0.00,0.00,0.00,0.000,0,backDouble,1,264.53,92.96,48.20,242.795,138.710,40.549,-90.89,0.11,67.52,4.207,0.286,0.02,1.00,0,0,0,0,0,0,0.11,-28.32,-1.65,0.1782,0.1109,0.3162,1,4.207,0,0.354,0,flip_backDouble,flipTuck,1.000,2,0.111 -0.179 -0.280 0.245 0.358 0.320 -0.170 0.194 0.138 0.230,242.77,138.98,40.03,-0.85,-89.27,99.74,260,420,880,1056,-0.178,0.240 0.325 0.191 0.232,-1.0,0,0.000,0.000,0.5042,-1.00,backDouble,0.233,-124.4,0.0,-640.3,Tuck,Tuck,108.3,-108.4,-158.2
99,1.6500,air,trick,242.640,134.340,41.933,-5.490,-14.528,34.397,37.740,15.530,40.820,0.00,0.00,0.00,0.00,0.000,0,backDouble,1,264.53,92.96,48.20,242.822,138.435,41.066,-92.55,1.06,67.61,4.190,0.301,0.02,1.00,0,0,0,0,0,0,1.06,-28.52,-1.67,0.1829,0.1172,0.3311,1,4.190,0,0.356,0,flip_backDouble,flipTuck,1.000,2,0.109 -0.278 -0.286 0.166 0.400 0.234 -0.162 0.187 0.149 0.217,242.80,138.71,40.55,0.11,-90.89,99.84,272,440,880,1064,-0.285,0.152 0.233 0.182 0.219,-1.0,0,0.000,0.000,0.5052,-0.95,backDouble,0.250,-135.1,0.0,-640.3,Tuck,Tuck,120.0,-120.1,-171.5
100,1.6667,air,trick,242.548,134.098,42.499,-5.490,-14.528,33.837,37.230,15.530,41.386,0.00,0.00,0.00,0.00,0.000,0,backDouble,1,264.53,92.96,48.20,242.849,138.155,41.577,-94.24,2.00,67.70,4.171,0.314,0.02,1.00,0,0,0,0,0,0,2.00,-28.71,-1.68,0.1877,0.1316,0.3518,1,4.171,0,0.358,0,flip_backDouble,flipTuck,1.000,2,0.098 -0.374 -0.320 0.072 0.455 0.137 -0.155 0.175 0.159 0.201,242.82,138.43,41.07,1.06,-92.55,99.93,288,460,872,1072,-0.387,0.048 0.129 0.167 0.200,-1.0,0,0.000,0.000,0.5064,-0.91,backDouble,0.267,-145.1,0.0,-526.7,Tuck,Tuck,132.4,-132.4,-177.5
101,1.6833,air,trick,242.457,133.856,43.056,-5.490,-14.528,33.277,36.722,15.530,41.943,0.00,0.00,0.00,0.00,0.000,0,backDouble,1,264.53,92.96,48.20,242.873,137.870,42.082,-95.93,2.92,67.78,4.152,0.325,0.02,1.00,0,0,0,0,0,0,2.92,-28.89,-1.70,0.1840,0.1497,0.3715,1,4.152,0,0.360,0,flip_backDouble,flipTuck,1.000,2,0.084 -0.446 -0.381 -0.015 0.516 0.048 -0.152 0.164 0.165 0.186,242.85,138.15,41.58,2.00,-94.24,100.03,312,492,856,1092,-0.463,-0.048 0.035 0.154 0.183,-1.0,0,0.000,0.000,0.5062,-0.86,backDouble,0.283,-152.4,0.0,-355.3,Tuck,Tuck,143.1,-143.1,179.8
102,1.7000,air,trick,242.365,133.614,43.604,-5.490,-14.528,32.717,36.216,15.530,42.491,0.00,0.00,0.00,0.00,0.000,0,backDouble,1,264.53,92.96,48.20,242.894,137.583,42.582,-97.59,3.81,67.87,4.133,0.333,0.03,1.00,0,0,0,0,0,0,3.81,-29.05,-1.72,0.1910,0.1697,0.3814,1,4.133,0,0.362,0,flip_backDouble,flipPencil,1.000,2,0.069 -0.497 -0.456 -0.088 0.577 -0.027 -0.151 0.157 0.169 0.176,242.87,137.87,42.08,2.92,-95.93,100.12,320,520,836,1112,-0.515,-0.127 -0.043 0.144 0.170,-1.0,0,0.000,0.000,0.5051,-0.82,backDouble,0.300,-157.3,0.0,-239.9,Pencil,Tuck,152.0,-152.1,178.5
103,1.7167,air,trick,242.274,133.372,44.142,-5.490,-14.528,32.157,35.710,15.530,43.029,0.00,0.00,0.00,0.00,0.000,0,backDouble,1,264.53,92.96,48.20,242.909,137.294,43.077,-99.21,4.68,67.94,4.114,0.339,0.03,1.00,0,0,0,0,0,0,4.68,-29.21,-1.73,0.1994,0.1872,0.3877,1,4.114,0,0.364,0,flip_backDouble,flipPencil,1.000,2,0.054 -0.534 -0.532 -0.149 0.630 -0.091 -0.152 0.153 0.171 0.169,242.89,137.58,42.58,3.81,-97.59,100.20,324,536,816,1124,-0.551,-0.190 -0.107 0.137 0.160,-1.0,0,0.000,0.000,0.5033,-0.78,backDouble,0.317,-160.6,0.0,-171.8,Pencil,Tuck,159.7,-159.8,177.8
104,1.7333,air,trick,242.182,133.129,44.671,-5.490,-14.528,31.597,35.207,15.530,43.558,0.00,0.00,0.00,0.00,0.000,0,backDouble,1,264.53,83.94,48.20,242.919,137.004,43.565,-100.77,5.51,68.01,4.096,0.341,0.03,1.00,0,0,0,0,0,0,5.51,-29.36,-1.75,0.2054,0.1993,0.3929,1,4.096,0,0.367,0,flip_backDouble,flipPencil,1.000,2,0.042 -0.559 -0.595 -0.196 0.667 -0.143 -0.154 0.150 0.171 0.164,242.91,137.29,43.08,4.68,-99.21,100.28,324,548,800,1132,-0.573,-0.236 -0.156 0.132 0.152,-1.0,0,0.000,0.000,0.5017,-0.74,backDouble,0.333,-163.1,0.0,-131.1,Pencil,Tuck,166.4,-166.7,177.4
105,1.7500,air,trick,242.091,132.887,45.191,-5.490,-14.528,31.037,34.705,15.530,44.078,0.00,0.00,0.00,0.00,0.000,0,backDouble,1,264.53,83.94,48.20,242.922,136.713,44.048,-102.25,6.31,68.07,4.078,0.340,0.04,1.00,0,0,0,0,0,0,6.31,-29.50,-1.77,0.2123,0.2057,0.3959,1,4.078,0,0.370,0,flip_backDouble,flipPencil,1.000,2,0.032 -0.575 -0.639 -0.228 0.688 -0.182 -0.159 0.161 0.175 0.173,242.92,137.00,43.57,5.51,-100.77,100.36,324,560,792,1136,-0.586,-0.263 -0.189 0.139 0.157,-1.0,0,0.000,0.000,0.5002,-0.71,backDouble,0.350,-165.1,0.0,-105.9,Pencil,Tuck,172.0,-172.5,177.3
106,1.7667,air,trick,241.999,132.645,45.701,-5.490,-14.528,30.477,34.205,15.530,44.588,0.00,0.00,0.00,0.00,0.000,0,backDouble,0,0.00,0.00,0.00,242.917,136.423,44.524,-103.66,7.07,68.12,4.062,0.336,0.04,1.00,0,0,0,0,0,0,7.07,-29.63,-1.78,0.2263,0.2076,0.3939,1,4.062,0,0.372,0,flip_backDouble,flipPencil,1.000,2,0.024 -0.584 -0.664 -0.248 0.697 -0.207 -0.176 0.208 0.190 0.219,242.92,136.71,44.05,6.31,-102.25,100.42,316,564,788,1140,-0.592,-0.276 -0.209 0.179 0.198,-1.0,0,0.000,0.000,0.4992,-0.67,backDouble,0.367,-166.7,0.0,-89.8,Pencil,Tuck,176.1,-177.2,177.3
107,1.7833,air,trick,241.908,132.403,46.202,-5.458,-14.539,29.917,33.707,15.530,45.089,0.00,0.00,0.00,0.00,0.000,0,backDouble,0,0.00,0.00,0.00,242.906,136.134,44.994,-104.98,7.80,68.17,4.047,0.330,0.05,1.00,0,0,0,0,0,0,7.80,-29.76,-1.80,0.2491,0.2081,0.3866,1,4.047,0,0.375,0,flip_backDouble,flipPencil,1.000,2,0.019 -0.589 -0.676 -0.257 0.698 -0.221 -0.202 0.299 0.211 0.310,242.92,136.42,44.52,7.07,-103.66,100.48,296,568,788,1136,-0.593,-0.279 -0.220 0.261 0.279,-1.0,0,0.000,0.000,0.4989,-0.64,backDouble,0.383,-168.1,0.0,-79.6,Pencil,Tuck,177.5,179.5,177.5
108,1.8000,air,trick,241.820,132.160,46.693,-5.137,-14.556,29.357,33.168,15.436,45.580,0.00,0.00,0.00,0.00,0.000,0,backDouble,0,0.00,0.00,0.00,242.888,135.847,45.457,-106.16,8.48,68.21,4.032,0.321,0.05,1.00,0,0,0,0,0,0,8.48,-29.89,-1.82,0.2806,0.2088,0.3744,1,4.032,0,0.378,0,flip_backDouble,flipPencil,1.000,2,0.012 -0.590 -0.682 -0.254 0.696 -0.231 -0.226 0.438 0.230 0.445,242.91,136.13,44.99,7.80,-104.98,100.53,268,572,788,1140,-0.593,-0.273 -0.230 0.390 0.404,-1.0,0,0.000,0.000,0.4988,-0.61,backDouble,0.400,-169.4,0.0,-73.6,Pencil,Tuck,177.0,177.7,178.1
109,1.8167,air,trick,241.742,131.917,47.176,-4.543,-14.577,28.797,32.594,15.268,46.063,0.00,0.00,0.00,0.00,0.000,0,backDouble,0,0.00,0.00,0.00,242.865,135.561,45.914,-107.14,9.14,68.24,4.016,0.310,0.05,1.00,0,0,0,0,0,0,9.14,-30.01,-1.83,0.3162,0.2098,0.3600,1,4.016,0,0.381,0,flip_backDouble,flipPencil,1.000,2,0.002 -0.591 -0.688 -0.246 0.692 -0.242 -0.231 0.605 0.236 0.607,242.89,135.85,45.46,8.48,-106.16,100.57,236,576,784,1140,-0.592,-0.263 -0.243 0.553 0.560,-1.0,0,0.000,0.000,0.4987,-0.58,backDouble,0.417,-170.6,0.0,-71.2,Pencil,Pencil,176.4,176.5,179.2
110,1.8333,air,trick,241.673,131.674,47.649,-3.960,-14.599,28.237,32.033,15.126,46.536,0.00,0.00,0.00,0.00,0.000,0,backDouble,0,0.00,0.00,0.00,242.839,135.278,46.363,-107.92,9.77,68.26,4.000,0.297,0.06,1.00,0,0,0,0,0,0,9.77,-30.13,-1.85,0.3449,0.2107,0.3490,1,4.000,0,0.383,0,flip_backDouble,flipPencil,1.000,2,-0.008 -0.591 -0.694 -0.236 0.686 -0.254 -0.205 0.757 0.223 0.751,242.87,135.56,45.91,9.14,-107.14,100.60,208,580,784,1140,-0.592,-0.250 -0.258 0.709 0.706,-1.0,0,0.002,0.000,0.4985,-0.55,backDouble,0.433,-171.8,0.0,-71.1,Pencil,Pencil,175.4,175.4,-179.5
111,1.8500,air,trick,241.613,131.431,48.112,-3.626,-14.621,27.677,31.511,15.064,46.999,0.00,0.00,0.00,0.00,0.000,0,backDouble,0,0.00,0.00,0.00,242.811,134.997,46.806,-108.58,10.37,68.28,3.983,0.283,0.06,1.00,0,0,0,0,0,0,10.37,-30.24,-1.87,0.3589,0.2114,0.3452,1,3.983,0,0.386,0,flip_backDouble,flipPencil,1.000,2,-0.020 -0.591 -0.699 -0.225 0.680 -0.267 -0.155 0.853 0.200 0.842,242.84,135.28,46.36,9.77,-107.92,100.63,196,584,784,1140,-0.590,-0.236 -0.274 0.817 0.808,-1.0,0,0.006,0.000,0.4984,-0.52,backDouble,0.450,-173.0,0.0,-71.1,Pencil,Pencil,174.1,174.4,-178.1
112,1.8667,air,trick,241.553,131.187,48.567,-3.525,-14.646,27.117,31.020,15.064,47.454,0.00,0.00,0.00,0.00,0.000,0,backDouble,0,0.00,0.00,0.00,242.783,134.718,47.241,-109.20,10.92,68.28,3.968,0.268,0.07,1.00,0,0,0,0,0,0,10.92,-30.35,-1.88,0.3615,0.2119,0.3470,1,3.968,0,0.388,0,flip_backDouble,flipPencil,1.000,2,-0.028 -0.591 -0.703 -0.217 0.675 -0.277 -0.104 0.894 0.178 0.882,242.81,135.00,46.81,10.37,-108.58,100.64,200,588,780,1140,-0.589,-0.225 -0.286 0.872 0.859,-1.0,0,0.011,0.000,0.4983,-0.50,backDouble,0.467,-174.2,0.0,-71.1,Pencil,Pencil,172.7,173.3,-177.1
113,1.8833,air,trick,241.496,130.942,49.011,-3.408,-14.674,26.557,30.532,15.064,47.898,0.00,0.00,0.00,0.00,0.000,0,backDouble,0,0.00,0.00,0.00,242.755,134.442,47.668,-109.78,11.44,68.28,3.954,0.251,0.07,1.00,0,0,0,0,0,0,11.44,-30.46,-1.90,0.3599,0.2123,0.3507,1,3.954,0,0.391,0,flip_backDouble,flipPencil,1.000,2,-0.034 -0.592 -0.706 -0.212 0.670 -0.285 -0.065 0.903 0.164 0.891,242.78,134.72,47.24,10.92,-109.20,100.65,204,588,780,1136,-0.587,-0.216 -0.297 0.891 0.878,-1.0,0,0.014,0.000,0.4984,-0.47,backDouble,0.483,-175.3,0.0,-71.1,Pencil,Pencil,171.3,172.2,-176.2
114,1.9000,air,trick,241.443,130.697,49.447,-3.046,-14.703,25.997,30.021,15.015,48.334,0.00,0.00,0.00,0.00,0.000,0,backDouble,0,0.00,0.00,0.00,242.726,134.168,48.088,-110.29,11.92,68.26,3.942,0.234,0.07,1.00,0,0,0,0,0,0,11.92,-30.57,-1.92,0.3593,0.2125,0.3536,1,3.942,0,0.393,0,flip_backDouble,flipPencil,1.000,2,-0.041 -0.592 -0.709 -0.205 0.664 -0.294 -0.039 0.903 0.165 0.890,242.75,134.44,47.67,11.44,-109.78,100.64,208,592,780,1140,-0.584,-0.205 -0.309 0.895 0.880,-1.0,0,0.016,0.000,0.4984,-0.45,backDouble,0.500,-176.5,0.0,-71.1,Pencil,Pencil,169.9,171.2,-175.0
115,1.9167,air,trick,241.400,130.452,49.873,-2.454,-14.731,25.437,29.497,14.934,48.760,0.00,0.00,0.00,0.00,0.000,0,backDouble,0,0.00,0.00,0.00,242.698,133.895,48.500,-110.66,12.38,68.24,3.928,0.217,0.08,1.00,0,0,0,0,0,0,12.38,-30.67,-1.93,0.3617,0.2126,0.3550,1,3.928,0,0.395,0,flip_backDouble,flipPencil,1.000,2,-0.048 -0.591 -0.711 -0.197 0.658 -0.304 -0.027 0.904 0.176 0.888,242.73,134.17,48.09,11.92,-110.29,100.63,208,596,780,1140,-0.581,-0.192 -0.322 0.894 0.874,-1.0,0,0.019,0.000,0.4984,-0.43,backDouble,0.517,-177.7,0.0,-71.1,Pencil,Pencil,168.4,170.2,-173.6
116,1.9333,air,trick,241.366,130.206,50.290,-1.873,-14.756,24.877,28.984,14.874,49.177,0.00,0.00,0.00,0.00,0.000,0,backDouble,0,0.00,0.00,0.00,242.672,133.625,48.904,-110.91,12.81,68.21,3.914,0.200,0.08,1.00,0,0,0,0,0,0,12.81,-30.78,-1.95,0.3644,0.2125,0.3561,1,3.914,0,0.397,0,flip_backDouble,flipPencil,1.000,2,-0.055 -0.591 -0.712 -0.189 0.650 -0.314 -0.016 0.905 0.187 0.886,242.70,133.90,48.50,12.38,-110.66,100.60,208,600,780,1140,-0.578,-0.179 -0.336 0.891 0.867,-1.0,0,0.021,0.000,0.4984,-0.41,backDouble,0.533,-178.9,0.0,-71.1,Pencil,Pencil,166.9,169.3,-172.2
117,1.9500,air,trick,241.342,129.960,50.698,-1.302,-14.776,24.317,28.484,14.833,49.585,0.00,0.00,0.00,0.00,0.000,0,backDouble,0,0.00,0.00,0.00,242.649,133.357,49.300,-111.05,13.23,68.16,3.899,0.183,0.09,1.00,0,0,0,0,0,0,13.23,-30.88,-1.97,0.3672,0.2123,0.3570,1,3.899,0,0.399,0,flip_backDouble,flipPencil,1.000,2,-0.062 -0.590 -0.713 -0.180 0.643 -0.324 -0.007 0.906 0.198 0.884,242.67,133.63,48.90,12.81,-110.91,100.57,208,600,780,1136,-0.574,-0.165 -0.349 0.887 0.860,-1.0,0,0.022,0.000,0.4985,-0.39,backDouble,0.550,-180.1,0.0,-71.1,Pencil,Pencil,165.4,168.5,-170.7
118,1.9667,air,trick,241.327,129.713,51.096,-0.740,-14.790,23.757,27.994,14.808,49.983,0.00,0.00,0.00,0.00,0.000,0,backDouble,0,0.00,0.00,0.00,242.631,133.090,49.687,-111.11,13.62,68.11,3.884,0.166,0.09,1.00,0,0,0,0,0,0,13.62,-30.98,-1.98,0.3701,0.2119,0.3578,1,3.884,0,0.401,0,flip_backDouble,flipPencil,1.000,2,-0.068 -0.590 -0.713 -0.172 0.635 -0.333 0.002 0.906 0.208 0.882,242.65,133.36,49.30,13.23,-111.05,100.52,208,604,780,1140,-0.570,-0.151 -0.362 0.884 0.851,-1.0,0,0.021,0.000,0.4986,-0.37,backDouble,0.567,-181.3,0.0,-71.1,Pencil,Pencil,163.9,167.7,-169.2
119,1.9833,air,trick,241.322,129.467,51.485,-0.188,-14.797,23.197,27.515,14.798,50.372,0.00,0.00,0.00,0.00,0.000,0,backDouble,0,0.00,0.00,0.00,242.618,132.825,50.067,-111.10,13.99,68.05,3.869,0.151,0.10,1.00,0,0,0,0,0,0,13.99,-31.09,-2.00,0.3730,0.2113,0.3584,1,3.869,0,0.402,0,flip_backDouble,flipPencil,1.000,2,-0.072 -0.589 -0.712 -0.165 0.626 -0.342 0.009 0.906 0.216 0.879,242.63,133.09,49.69,13.62,-111.11,100.47,208,604,780,1140,-0.566,-0.137 -0.375 0.879 0.843,-1.0,0,0.023,0.000,0.4987,-0.35,backDouble,0.583,-182.5,0.0,-71.1,Pencil,Pencil,162.4,166.9,-167.8
120,2.0000,air,trick,241.324,129.220,51.865,0.165,-14.799,22.637,27.045,14.799,50.752,0.00,0.00,0.00,0.00,0.000,0,backDouble,0,0.00,0.00,0.00,242.610,132.562,50.438,-111.06,14.33,67.98,3.854,0.136,0.10,1.00,0,0,0,0,0,0,14.33,-31.19,-2.02,0.3759,0.2110,0.3589,1,3.854,0,0.404,0,flip_backDouble,flipPencil,1.000,2,-0.077 -0.588 -0.711 -0.157 0.614 -0.348 0.014 0.906 0.222 0.876,242.62,132.83,50.07,13.99,-111.10,100.40,208,608,780,1136,-0.563,-0.125 -0.388 0.875 0.834,-1.0,0,0.024,0.000,0.4985,-0.33,backDouble,0.600,-183.6,0.0,-71.1,Pencil,Pencil,161.4,166.6,-166.7
121,2.0167,air,trick,241.328,128.974,52.235,0.261,-14.801,22.077,26.580,14.803,51.122,0.00,0.00,0.00,0.00,0.000,0,backDouble,0,0.00,0.00,0.00,242.609,132.299,50.800,-111.06,14.65,67.90,3.842,0.122,0.10,0.99,0,0,0,0,0,0,14.65,-31.29,-2.03,0.3788,0.2109,0.3595,1,3.842,0,0.405,0,flip_backDouble,flipPencil,1.000,2,-0.083 -0.587 -0.713 -0.151 0.590 -0.347 0.014 0.906 0.223 0.875,242.61,132.56,50.44,14.33,-111.06,100.33,204,608,780,1136,-0.563,-0.124 -0.401 0.870 0.826,-1.0,0,0.024,0.000,0.4972,-0.32,backDouble,0.617,-184.8,0.0,-71.4,Pencil,Pencil,161.8,167.5,-166.4
122,2.0333,air,trick,241.333,128.727,52.596,0.339,-14.804,21.517,26.120,14.808,51.483,0.00,0.00,0.00,0.00,0.000,0,backDouble,0,0.00,0.00,0.00,242.612,132.038,51.155,-111.11,14.93,67.81,3.831,0.109,0.11,0.99,0,0,0,0,0,0,14.93,-31.39,-2.05,0.3816,0.2092,0.3600,1,3.831,0,0.406,0,flip_backDouble,flipPencil,1.000,2,-0.090 -0.585 -0.714 -0.145 0.549 -0.337 0.009 0.906 0.218 0.874,242.61,132.30,50.80,14.65,-111.06,100.24,204,612,776,1128,-0.566,-0.132 -0.411 0.866 0.819,-1.0,0,0.023,0.000,0.4945,-0.30,backDouble,0.633,-186.0,0.0,-74.5,Pencil,Pencil,163.1,169.6,-166.4
123,2.0500,air,trick,241.340,128.480,52.948,0.401,-14.809,20.957,25.664,14.815,51.835,0.00,0.00,0.00,0.00,0.000,0,backDouble,0,0.00,0.00,0.00,242.619,131.779,51.500,-111.20,15.19,67.72,3.823,0.098,0.11,0.99,0,0,0,0,0,0,15.19,-31.49,-2.07,0.3839,0.2037,0.3602,1,3.823,0,0.408,0,flip_backDouble,flipPencil,1.000,2,-0.097 -0.581 -0.705 -0.139 0.488 -0.317 -0.001 0.905 0.210 0.874,242.61,132.04,51.15,14.93,-111.11,100.15,204,612,776,1112,-0.569,-0.145 -0.414 0.861 0.813,-1.0,0,0.022,0.000,0.4909,-0.29,backDouble,0.650,-187.3,0.0,-81.3,Pencil,Pencil,164.9,172.4,-166.8
124,2.0667,air,trick,241.347,128.233,53.290,0.445,-14.816,20.397,25.214,14.822,52.177,0.00,0.00,0.00,0.00,0.000,0,backDouble,0,0.00,0.00,0.00,242.629,131.520,51.837,-111.30,15.42,67.62,3.816,0.087,0.11,0.99,0,0,0,0,0,0,15.42,-31.58,-2.08,0.3862,0.1919,0.3598,1,3.816,0,0.409,0,flip_backDouble,flipTuck,1.000,2,-0.104 -0.574 -0.680 -0.133 0.407 -0.289 -0.014 0.905 0.198 0.874,242.62,131.78,51.50,15.19,-111.20,100.05,204,612,780,1092,-0.571,-0.162 -0.408 0.855 0.807,-1.0,0,0.021,0.000,0.4863,-0.27,backDouble,0.667,-188.8,0.0,-92.4,Tuck,Pencil,166.5,175.6,-167.2
125,2.0833,air,trick,241.355,127.986,53.623,0.475,-14.823,19.837,24.768,14.831,52.510,0.00,0.00,0.00,0.00,0.000,0,backDouble,0,0.00,0.00,0.00,242.640,131.263,52.165,-111.43,15.63,67.50,3.810,0.077,0.12,0.99,0,0,0,0,0,0,15.63,-31.68,-2.10,0.3883,0.1747,0.3589,1,3.810,0,0.410,0,flip_backDouble,flipTuck,1.000,2,-0.110 -0.565 -0.639 -0.128 0.318 -0.257 -0.030 0.903 0.182 0.874,242.63,131.52,51.84,15.42,-111.30,99.94,200,612,788,1068,-0.570,-0.178 -0.393 0.848 0.800,-1.0,0,0.020,0.000,0.4821,-0.26,backDouble,0.683,-190.4,0.0,-110.0,Tuck,Pencil,167.7,178.6,-167.8
126,2.1000,air,trick,241.361,127.739,53.946,0.330,-14.831,19.277,24.324,14.835,52.833,0.00,0.00,0.00,0.00,0.000,0,backDouble,0,0.00,0.00,0.00,242.653,131.006,52.484,-111.58,15.81,67.39,3.806,0.068,0.12,0.99,0,0,0,0,0,0,15.81,-31.78,-2.12,0.3905,0.1559,0.3577,1,3.806,0,0.411,0,flip_backDouble,flipTuck,1.000,2,-0.112 -0.555 -0.589 -0.128 0.233 -0.227 -0.053 0.900 0.160 0.874,242.64,131.26,52.16,15.63,-111.43,99.82,200,612,800,1040,-0.567,-0.196 -0.373 0.838 0.792,-1.0,0,0.018,0.000,0.4789,-0.25,backDouble,0.700,-192.5,0.0,-137.8,Tuck,Pencil,168.5,-179.1,-168.5
127,2.1167,air,trick,241.363,127.492,54.261,0.014,-14.835,18.717,23.883,14.835,53.148,0.00,0.00,0.00,0.00,0.000,0,backDouble,0,0.00,0.00,0.00,242.667,130.750,52.794,-111.80,15.97,67.26,3.804,0.061,0.12,0.99,0,0,0,0,0,0,15.97,-31.88,-2.13,0.3945,0.1387,0.3558,1,3.804,0,0.411,0,flip_backDouble,flipTuck,1.000,2,-0.106 -0.548 -0.538 -0.138 0.168 -0.208 -0.103 0.889 0.127 0.866,242.65,131.01,52.48,15.81,-111.58,99.69,196,608,816,1020,-0.564,-0.217 -0.356 0.813 0.767,-1.0,0,0.017,0.000,0.4771,-0.24,backDouble,0.717,-195.1,0.0,-182.7,Tuck,Pencil,169.3,-178.1,-169.5
128,2.1333,air,trick,241.363,127.244,54.566,0.000,-14.835,18.157,23.447,14.835,53.453,0.00,0.00,0.00,0.00,0.000,0,backDouble,0,0.00,0.00,0.00,242.679,130.495,53.095,-112.04,16.11,67.13,3.803,0.053,0.12,0.99,0,0,0,0,0,0,16.11,-31.98,-2.15,0.3983,0.1258,0.3548,1,3.803,0,0.412,0,flip_backDouble,flipTuck,1.000,2,-0.095 -0.547 -0.498 -0.159 0.124 -0.208 -0.180 0.852 0.086 0.831,242.67,130.75,52.79,15.97,-111.80,99.56,192,608,824,1004,-0.562,-0.242 -0.355 0.752 0.704,-1.0,0,0.017,0.000,0.4762,-0.22,backDouble,0.733,-198.8,0.0,-258.4,Tuck,Pencil,170.2,-178.8,-170.3
129,2.1500,air,trick,241.364,126.997,54.861,0.165,-14.835,17.597,23.016,14.836,53.748,0.00,0.00,0.00,0.00,0.000,0,backDouble,0,0.00,0.00,0.00,242.690,130.241,53.388,-112.23,16.24,66.99,3.802,0.047,0.13,0.99,0,0,0,0,0,0,16.24,-32.07,-2.17,0.3933,0.1195,0.3593,1,3.802,0,0.413,0,flip_backDouble,flipTuck,1.000,2,-0.077 -0.554 -0.475 -0.197 0.105 -0.235 -0.276 0.759 0.039 0.738,242.68,130.50,53.10,16.11,-112.04,99.42,200,612,832,1004,-0.561,-0.277 -0.377 0.628 0.574,-1.0,0,0.017,0.000,0.4758,-0.21,backDouble,0.750,-204.0,0.0,-385.8,Tuck,Pencil,170.5,177.6,-170.8
130,2.1667,air,trick,241.367,126.750,55.148,0.165,-14.837,17.037,22.592,14.838,54.035,0.00,0.00,0.00,0.00,0.000,0,backDouble,0,0.00,0.00,0.00,242.700,129.988,53.671,-112.37,16.36,66.85,3.800,0.041,0.13,0.99,0,0,0,0,0,0,16.36,-32.17,-2.18,0.3642,0.1188,0.3759,1,3.800,0,0.414,0,flip_backDouble,flipTuck,1.000,2,-0.044 -0.566 -0.464 -0.260 0.113 -0.289 -0.373 0.573 -0.007 0.554,242.69,130.24,53.39,16.24,-112.23,99.27,224,616,832,1008,-0.553,-0.329 -0.422 0.418 0.359,-1.0,0,0.016,0.000,0.4765,-0.20,backDouble,0.767,-211.9,0.0,-561.7,Tuck,Tuck,166.7,170.0,-171.0
131,2.1833,air,trick,241.370,126.503,55.424,0.165,-14.839,16.477,22.174,14.840,54.311,0.00,0.00,0.00,0.00,0.000,0,backDouble,0,0.00,0.00,0.00,242.710,129.735,53.946,-112.51,16.47,66.70,3.799,0.036,0.13,0.99,0,0,0,0,0,0,16.47,-32.27,-2.20,0.3025,0.1199,0.4060,1,3.799,0,0.414,0,flip_backDouble,flipTuck,1.000,2,0.000 -0.566 -0.445 -0.335 0.134 -0.356 -0.424 0.312 -0.029 0.297,242.70,129.99,53.67,16.36,-112.37,99.12,276,620,832,1012,-0.528,-0.386 -0.473 0.157 0.098,-1.0,0,0.015,0.000,0.4793,-0.19,backDouble,0.783,-222.2,0.0,-640.3,Tuck,Tuck,158.2,159.8,-171.3
132,2.2000,air,trick,241.373,126.255,55.692,0.165,-14.841,15.917,21.763,14.841,54.579,0.00,0.00,0.00,0.00,0.000,0,backDouble,0,0.00,0.00,0.00,242.721,129.482,54.211,-112.67,16.57,66.55,3.798,0.032,0.13,0.99,0,0,0,0,0,0,16.57,-32.36,-2.22,0.2378,0.1207,0.4379,1,3.798,0,0.415,0,flip_backDouble,flipTuck,1.000,2,0.046 -0.548 -0.419 -0.401 0.163 -0.415 -0.402 0.076 -0.014 0.066,242.71,129.73,53.95,16.47,-112.51,98.96,340,620,836,1020,-0.484,-0.431 -0.512 -0.049 -0.103,-1.0,0,0.014,0.000,0.4832,-0.18,backDouble,0.800,-232.9,0.0,-640.3,Tuck,Tuck,148.5,149.2,-171.5
133,2.2167,air,trick,241.375,126.008,55.950,0.165,-14.842,15.357,21.358,14.843,54.837,0.00,0.00,0.00,0.00,0.000,0,backDouble,0,0.00,0.00,0.00,242.735,129.230,54.467,-112.88,16.66,66.39,3.799,0.028,0.13,0.99,0,0,0,0,0,0,16.66,-32.46,-2.23,0.1943,0.1204,0.4592,1,3.799,0,0.415,0,flip_backDouble,flipTuck,1.000,2,0.091 -0.512 -0.386 -0.453 0.197 -0.461 -0.337 -0.071 0.020 -0.075,242.72,129.48,54.21,16.57,-112.67,98.79,392,616,840,1028,-0.425,-0.460 -0.536 -0.154 -0.200,-1.0,0,0.012,0.000,0.4877,-0.17,backDouble,0.817,-243.6,0.0,-640.3,Tuck,Tuck,138.4,138.8,-171.7
134,2.2333,air,trick,241.378,125.761,56.199,0.165,-14.844,14.797,20.960,14.845,55.086,0.00,0.00,0.00,0.00,0.000,0,backDouble,0,0.00,0.00,0.00,242.755,128.977,54.714,-113.17,16.73,66.22,3.801,0.025,0.13,0.99,0,0,0,0,0,0,16.73,-32.56,-2.25,0.1687,0.1191,0.4678,1,3.801,0,0.416,0,flip_backDouble,flipTuck,1.000,2,0.132 -0.459 -0.349 -0.491 0.235 -0.491 -0.268 -0.134 0.051 -0.134,242.74,129.23,54.47,16.66,-112.88,98.62,416,608,848,1036,-0.351,-0.473 -0.544 -0.182 -0.221,-1.0,0,0.010,0.000,0.4926,-0.17,backDouble,0.833,-254.2,0.0,-640.3,Tuck,Tuck,128.2,128.3,-171.9
135,2.2500,air,trick,241.381,125.513,56.439,0.165,-14.846,14.237,20.570,14.847,55.326,0.00,0.00,0.00,0.00,0.000,0,backDouble,0,0.00,0.00,0.00,242.780,128.724,54.952,-113.54,16.78,66.06,3.805,0.021,0.13,0.99,0,0,0,0,0,0,16.78,-32.65,-2.27,0.1669,0.1171,0.4706,1,3.805,0,0.416,0,flip_backDouble,flipTuck,1.000,2,0.169 -0.391 -0.309 -0.512 0.277 -0.505 -0.219 -0.155 0.073 -0.152,242.75,128.98,54.71,16.73,-113.17,98.45,416,596,860,1040,-0.266,-0.468 -0.535 -0.180 -0.213,-1.0,0,0.011,0.000,0.4976,-0.16,backDouble,0.850,-264.9,0.0,-640.3,Tuck,Tuck,117.9,117.9,-171.8
136,2.2667,air,trick,241.384,125.266,56.669,0.165,-14.848,13.677,20.188,14.849,55.556,0.00,0.00,0.00,0.00,0.000,0,backDouble,0,0.00,0.00,0.00,242.810,128.470,55.181,-114.00,16.81,65.89,3.811,0.019,0.13,0.99,0,0,0,0,0,0,16.81,-32.75,-2.28,0.1711,0.1145,0.4720,1,3.811,0,0.416,0,flip_backDouble,flipTuck,1.000,2,0.201 -0.310 -0.266 -0.516 0.320 -0.502 -0.194 -0.174 0.089 -0.167,242.78,128.72,54.95,16.78,-113.54,98.26,416,580,872,1048,-0.171,-0.447 -0.509 -0.185 -0.215,-1.0,0,0.014,0.000,0.5025,-0.15,backDouble,0.867,-275.6,0.0,-640.3,Tuck,Tuck,107.5,107.5,-171.2
137,2.2833,air,trick,241.386,125.018,56.890,0.165,-14.850,13.117,19.814,14.851,55.777,0.00,0.00,0.00,0.00,0.000,0,backDouble,0,0.00,0.00,0.00,242.846,128.216,55.401,-114.54,16.83,65.71,3.818,0.016,0.13,0.99,0,0,0,0,0,0,16.83,-32.85,-2.30,0.1727,0.1115,0.4709,1,3.818,0,0.417,0,flip_backDouble,flipTuck,1.000,2,0.225 -0.218 -0.223 -0.503 0.362 -0.483 -0.180 -0.197 0.104 -0.187,242.81,128.47,55.18,16.81,-114.00,98.08,416,576,884,1056,-0.071,-0.410 -0.467 -0.198 -0.226,-1.0,0,0.016,0.000,0.5072,-0.14,backDouble,0.883,-286.2,0.0,-640.3,Tuck,Tuck,97.2,97.2,-167.8
138,2.3000,air,trick,241.388,124.771,57.102,0.000,-14.852,12.557,19.448,14.852,55.989,0.00,0.00,0.00,0.00,0.000,0,backDouble,0,0.00,0.00,0.00,242.887,127.962,55.611,-115.16,16.83,65.54,3.828,0.014,0.14,0.99,0,0,0,0,0,0,16.83,-32.94,-2.32,0.1740,0.1081,0.4677,1,3.828,0,0.417,0,flip_backDouble,flipTuck,1.000,2,0.241 -0.118 -0.180 -0.474 0.405 -0.446 -0.163 -0.215 0.122 -0.201,242.85,128.22,55.40,16.83,-114.54,97.89,416,576,892,1064,0.032,-0.359 -0.410 -0.205 -0.230,-1.0,0,0.019,0.000,0.5115,-0.14,backDouble,0.900,-296.9,0.0,-640.3,Tuck,Tuck,86.8,86.8,0.1
139,2.3167,air,trick,241.388,124.523,57.304,0.000,-14.852,11.997,19.092,14.852,56.191,0.00,0.00,0.00,0.00,0.000,0,backDouble,0,0.00,0.00,0.00,242.931,127.708,55.812,-115.85,16.81,65.36,3.840,0.012,0.14,0.99,0,0,0,0,0,0,16.81,-33.04,-2.33,0.1715,0.1082,0.4621,1,3.840,0,0.417,0,flip_backDouble,flipTuck,1.000,2,0.248 -0.004 -0.152 -0.422 0.450 -0.385 -0.144 -0.225 0.141 -0.208,242.89,127.96,55.61,16.83,-115.16,97.70,420,576,900,1072,0.145,-0.288 -0.335 -0.205 -0.227,-1.0,0,0.020,0.000,0.5145,-0.13,backDouble,0.917,-307.6,0.0,-640.3,Tuck,Tuck,75.2,75.2,3.2
140,2.3333,air,trick,241.388,124.276,57.497,0.000,-14.852,11.437,18.745,14.852,56.384,0.00,0.00,0.00,0.00,0.000,0,backDouble,0,0.00,0.00,0.00,242.977,127.453,56.004,-116.58,16.78,65.18,3.854,0.011,0.13,0.99,0,0,0,0,0,0,16.78,-33.14,-2.35,0.1716,0.1104,0.4510,1,3.854,0,0.418,0,flip_backDouble,flipTuck,1.000,2,0.241 0.124 -0.146 -0.350 0.494 -0.302 -0.125 -0.228 0.161 -0.207,242.93,127.71,55.81,16.81,-115.85,97.51,416,568,904,1076,0.265,-0.202 -0.247 -0.197 -0.217,-1.0,0,0.019,0.000,0.5184,-0.12,backDouble,0.933,-318.2,0.0,-616.6,Tuck,Tuck,62.4,62.4,3.2
141,2.3500,air,trick,241.389,124.028,57.681,0.165,-14.852,10.877,18.409,14.852,56.568,0.00,0.00,0.00,0.00,0.000,0,backDouble,0,0.00,0.00,0.00,243.025,127.198,56.187,-117.30,16.74,65.00,3.868,0.009,0.13,0.99,0,0,0,0,0,0,16.74,-33.23,-2.37,0.1785,0.1151,0.4347,1,3.868,0,0.418,0,flip_backDouble,flipTuck,1.000,2,0.221 0.249 -0.163 -0.270 0.522 -0.213 -0.107 -0.224 0.178 -0.201,242.98,127.45,56.00,16.78,-116.58,97.31,400,552,908,1080,0.375,-0.118 -0.164 -0.184 -0.203,-1.0,0,0.017,0.000,0.5200,-0.12,backDouble,0.950,-327.9,0.0,-542.0,Tuck,Tuck,49.5,49.5,2.6
142,2.3667,air,trick,241.392,123.781,57.855,0.165,-14.853,10.317,18.085,14.854,56.742,0.00,0.00,0.00,0.00,0.000,0,backDouble,0,0.00,0.00,0.00,243.075,126.944,56.361,-118.02,16.70,64.81,3.882,0.008,0.13,0.99,0,0,0,0,0,0,16.70,-33.33,-2.38,0.1846,0.1200,0.4199,1,3.882,0,0.418,0,flip_backDouble,flipLayout,1.000,2,0.189 0.357 -0.196 -0.200 0.526 -0.135 -0.092 -0.217 0.193 -0.191,243.03,127.20,56.19,16.74,-117.30,97.11,380,540,904,1084,0.463,-0.056 -0.102 -0.169 -0.187,-1.0,0,0.013,0.000,0.5191,-0.11,backDouble,0.967,-336.2,0.0,-455.3,Layout,Tuck,37.4,37.3,2.7
143,2.3833,air,trick,241.395,123.533,58.020,0.165,-14.855,9.757,17.773,14.856,56.907,0.00,0.00,0.00,0.00,0.000,0,backDouble,0,0.00,0.00,0.00,243.125,126.690,56.525,-118.73,16.64,64.63,3.898,0.007,0.13,0.99,0,0,0,0,0,0,16.64,-33.42,-2.40,0.1951,0.1235,0.4059,1,3.898,0,0.418,0,flip_backDouble,flipLayout,1.000,2,0.150 0.442 -0.234 -0.150 0.503 -0.078 -0.079 -0.207 0.205 -0.179,243.07,126.94,56.36,16.70,-118.02,96.91,352,524,896,1080,0.525,-0.022 -0.067 -0.153 -0.170,-1.0,0,0.009,0.000,0.5166,-0.11,backDouble,0.983,-343.1,0.0,-379.2,Layout,Tuck,26.3,26.2,2.8
144,2.4000,air,trick,241.397,123.285,58.175,0.165,-14.857,9.197,17.474,14.858,57.062,0.00,0.00,0.00,0.00,0.000,0,backDouble,0,0.00,0.00,0.00,243.176,126.436,56.680,-119.45,16.59,64.45,3.915,0.006,0.13,0.99,0,0,0,0,0,0,16.59,-33.52,-2.42,0.2098,0.1235,0.3977,1,3.915,0,0.418,0,flip_backDouble,flipLayout,1.000,2,0.106 0.504 -0.263 -0.120 0.458 -0.044 -0.069 -0.197 0.215 -0.167,243.13,126.69,56.52,16.64,-118.73,96.71,324,528,892,1076,0.565,-0.013 -0.054 -0.139 -0.155,-1.0,0,0.004,0.000,0.5130,-0.10,backDouble,1.000,-348.9,0.0,-319.7,Layout,Tuck,16.5,16.3,2.7
145,2.4167,air,trick,241.400,123.038,58.322,0.165,-14.859,8.637,17.187,14.860,57.209,0.00,0.00,0.00,0.00,0.000,0,backDouble,0,0.00,0.00,0.00,243.226,126.182,56.826,-120.14,16.52,64.26,3.932,0.005,0.13,0.99,0,0,0,0,0,0,16.52,-33.61,-2.43,0.2224,0.1211,0.3922,1,3.932,0,0.419,0,flip_backDouble,flipLayout,1.000,2,0.063 0.546 -0.279 -0.105 0.404 -0.028 -0.059 -0.195 0.227 -0.162,243.18,126.44,56.68,16.59,-119.45,96.51,308,528,888,1064,0.586,-0.018 -0.055 -0.132 -0.147,-1.0,0,0.002,0.000,0.5095,-0.10,backDouble,1.017,-353.8,0.0,-275.4,Layout,Tuck,8.0,7.6,2.6
146,2.4333,air,trick,241.403,122.790,58.459,0.165,-14.861,8.077,16.914,14.862,57.346,0.00,0.00,0.00,0.00,0.000,0,backDouble,0,0.00,0.00,0.00,243.275,125.929,56.962,-120.82,16.46,64.08,3.949,0.005,0.13,0.99,0,0,0,0,0,0,16.46,-33.69,-2.45,0.2383,0.1175,0.3919,1,3.949,0,0.419,0,flip_backDouble,flipLayout,1.000,2,0.024 0.571 -0.285 -0.099 0.356 -0.022 -0.047 -0.229 0.262 -0.192,243.23,126.18,56.83,16.52,-120.14,96.30,292,540,888,1056,0.592,-0.029 -0.061 -0.154 -0.170,-1.0,0,0.000,0.000,0.5065,-0.09,backDouble,1.033,-358.1,0.0,-243.5,Layout,Tuck,2.5,0.2,2.5
147,2.4500,air,trick,241.406,122.542,58.586,0.165,-14.863,7.517,16.656,14.863,57.473,0.00,0.00,0.00,0.00,0.000,0,backDouble,0,0.00,0.00,0.00,243.323,125.676,57.089,-121.47,16.39,63.90,3.967,0.004,0.13,0.99,0,0,0,0,0,0,16.39,-33.77,-2.47,0.2581,0.1145,0.3965,1,3.967,0,0.419,0,flip_backDouble,flipLayout,1.000,2,-0.009 0.583 -0.286 -0.099 0.323 -0.021 -0.029 -0.302 0.316 -0.258,243.28,125.93,56.96,16.46,-120.82,96.10,284,556,888,1048,0.590,-0.037 -0.066 -0.211 -0.227,-1.0,0,0.000,0.000,0.5048,-0.09,backDouble,1.050,-362.0,0.0,-221.4,Layout,Tuck,6.1,-5.6,2.3
148,2.4667,air,trick,241.408,122.295,58.705,0.165,-14.864,6.957,16.413,14.865,57.592,0.00,0.00,0.00,0.00,0.000,0,backDouble,0,0.00,0.00,0.00,243.370,125.424,57.211,-122.08,16.27,63.72,3.984,0.003,0.13,0.99,0,0,0,0,0,0,16.27,-33.84,-2.48,0.2828,0.1135,0.4059,1,3.984,0,0.419,0,flip_backDouble,flipLayout,1.000,2,-0.034 0.588 -0.284 -0.099 0.313 -0.019 -0.004 -0.417 0.378 -0.366,243.32,125.68,57.09,16.39,-121.47,95.90,280,584,888,1048,0.584,-0.040 -0.067 -0.306 -0.323,-1.0,0,0.000,0.000,0.5047,-0.08,backDouble,1.067,-365.6,0.0,-207.4,Layout,Tuck,10.0,-9.7,2.2
149,2.4833,air,trick,241.411,122.047,58.818,0.165,-14.866,6.737,16.322,14.867,57.705,0.00,0.00,0.00,0.00,0.000,0,backDouble,0,0.00,0.00,0.00,243.415,125.172,57.329,-122.67,16.12,63.54,3.999,0.003,0.13,0.99,0,0,0,0,0,0,16.12,-33.90,-2.50,0.3074,0.1195,0.4203,1,3.999,0,0.419,0,flip_backDouble,flipLayout,1.000,2,-0.023 0.584 -0.266 -0.082 0.399 0.011 0.027 -0.561 0.428 -0.505,243.37,125.42,57.21,16.27,-122.08,95.70,284,612,892,1068,0.587,0.007 -0.021 -0.436 -0.453,-1.0,0,0.001,0.000,0.5118,-0.08,backDouble,1.083,-369.0,0.0,-200.7,Layout,Layout,7.6,-7.3,2.0
150,2.5000,air,trick,241.414,121.799,58.927,0.165,-14.868,6.517,16.234,14.869,57.814,0.00,0.00,0.00,0.00,0.000,0,backDouble,0,0.00,0.00,0.00,243.458,124.921,57.446,-123.21,15.96,63.36,4.015,0.003,0.13,0.99,0,0,0,0,0,0,15.96,-33.96,-2.52,0.3322,0.1208,0.4335,1,4.015,0,0.419,0,flip_backDouble,flipLayout,1.000,2,-0.022 0.581 -0.240 -0.054 0.452 0.046 0.060 -0.699 0.441 -0.644,243.41,125.17,57.33,16.12,-122.67,95.50,284,644,900,1080,0.585,0.054 0.027 -0.573 -0.588,-1.0,0,0.001,0.000,0.5168,-0.07,backDouble,1.100,-372.4,0.0,-221.4,Layout,Layout,7.0,-6.7,1.9
151,2.5167,air,trick,241.417,121.551,59.033,0.165,-14.870,6.297,16.149,14.871,57.920,0.00,0.00,0.00,0.00,0.000,0,backDouble,0,0.00,0.00,0.00,243.499,124.670,57.559,-123.73,15.79,63.19,4.029,0.002,0.13,0.99,0,0,0,0,0,0,15.79,-34.01,-2.53,0.3496,0.1205,0.4433,1,4.029,0,0.419,0,flip_backDouble,flipTuck,1.000,2,-0.020 0.578 -0.200 -0.009 0.495 0.095 0.090 -0.796 0.422 -0.746,243.46,124.92,57.45,15.96,-123.21,95.30,288,664,904,1088,0.583,0.117 0.092 -0.678 -0.690,-1.0,0,0.000,0.000,0.5208,-0.07,backDouble,1.117,-376.3,0.0,-243.5,Tuck,Layout,6.3,-6.1,1.7
152,2.5333,air,trick,241.419,121.303,59.135,0.165,-14.872,6.077,16.066,14.873,58.022,0.00,0.00,0.00,0.00,0.000,0,backDouble,0,0.00,0.00,0.00,243.537,124.420,57.669,-124.20,15.61,63.01,4.043,0.002,0.12,0.99,0,0,0,0,0,0,15.61,-34.06,-2.55,0.3578,0.1193,0.4484,1,4.043,0,0.419,0,flip_backDouble,flipTuck,1.000,2,-0.019 0.574 -0.152 0.051 0.518 0.154 0.116 -0.843 0.394 -0.801,243.50,124.67,57.56,15.79,-123.73,95.11,288,676,904,1092,0.580,0.190 0.167 -0.735 -0.744,-1.0,0,0.000,0.000,0.5230,-0.07,backDouble,1.133,-380.6,0.0,-275.4,Tuck,Layout,6.0,-5.7,1.6
153,2.5500,air,trick,241.422,121.055,59.234,0.165,-14.873,5.857,15.986,14.874,58.121,0.00,0.00,0.00,0.00,0.000,0,backDouble,0,0.00,0.00,0.00,243.574,124.170,57.776,-124.64,15.44,62.84,4.057,0.002,0.12,0.99,0,0,0,0,0,0,15.44,-34.10,-2.57,0.3587,0.1190,0.4493,1,4.057,0,0.419,0,flip_backDouble,flipTuck,1.000,2,-0.024 0.570 -0.105 0.118 0.517 0.215 0.145 -0.853 0.381 -0.816,243.54,124.42,57.67,15.61,-124.20,94.92,292,676,908,1092,0.575,0.261 0.241 -0.749 -0.756,-1.0,0,0.000,0.000,0.5220,-0.06,backDouble,1.150,-385.5,0.0,-319.7,Tuck,Layout,6.5,-6.3,1.5
154,2.5667,air,trick,241.425,120.808,59.329,0.165,-14.875,5.637,15.908,14.876,58.216,0.00,0.00,0.00,0.00,0.000,0,backDouble,0,0.00,0.00,0.00,243.608,123.921,57.879,-125.05,15.26,62.68,4.069,0.001,0.12,0.99,0,0,0,0,0,0,15.26,-34.14,-2.58,0.3542,0.1178,0.4466,1,4.069,0,0.419,0,flip_backDouble,flipTuck,1.000,2,-0.037 0.568 -0.072 0.185 0.497 0.276 0.184 -0.836 0.398 -0.802,243.57,124.17,57.78,15.44,-124.64,94.73,292,672,904,1088,0.568,0.325 0.309 -0.726 -0.732,-1.0,0,0.000,0.000,0.5197,-0.06,backDouble,1.167,-391.3,0.0,-379.2,Tuck,Layout,8.4,-8.3,1.4
155,2.5833,air,trick,241.428,120.560,59.420,0.165,-14.877,5.417,15.833,14.878,58.307,0.00,0.00,0.00,0.00,0.000,0,backDouble,0,0.00,0.00,0.00,243.641,123.672,57.979,-125.42,15.08,62.52,4.082,0.001,0.12,0.99,0,0,0,0,0,0,15.08,-34.17,-2.60,0.3328,0.1171,0.4346,1,4.082,0,0.419,0,flip_backDouble,flipTuck,1.000,2,-0.062 0.566 -0.061 0.251 0.465 0.336 0.250 -0.736 0.505 -0.695,243.61,123.92,57.88,15.26,-125.05,94.54,292,652,900,1080,0.557,0.382 0.368 -0.591 -0.598,-1.0,0,0.000,0.000,0.5165,-0.06,backDouble,1.183,-398.3,0.0,-455.3,Tuck,Layout,12.5,-12.4,1.3
156,2.6000,air,trick,241.430,120.312,59.507,0.165,-14.879,5.197,15.761,14.880,49.257,0.00,0.00,0.00,0.00,0.000,0,backDouble,0,0.00,0.00,0.00,243.671,123.424,58.076,-125.76,14.91,62.36,4.093,0.001,0.12,0.99,0,0,0,0,0,0,14.91,-34.20,-2.62,0.3020,0.1276,0.4177,1,4.093,0,0.420,0,flip_backDouble,flipTuck,1.000,2,-0.101 0.559 -0.077 0.314 0.426 0.396 0.297 -0.570 0.592 -0.522,243.64,123.67,57.98,15.08,-125.42,94.36,288,620,896,1088,0.537,0.433 0.421 -0.396 -0.403,-1.0,0,0.000,0.000,0.5176,-0.06,backDouble,1.200,-406.6,0.0,-542.0,Tuck,Layout,19.2,-19.1,1.2
157,2.6167,air,trick,241.433,120.064,59.591,0.165,-14.881,4.977,15.692,14.882,49.341,0.00,0.00,0.00,0.00,0.000,0,backDouble,0,0.00,0.00,0.00,243.699,123.176,58.168,-126.06,14.74,62.20,4.104,0.001,0.12,0.99,0,0,0,0,0,0,14.74,-34.22,-2.63,0.2648,0.1368,0.3933,1,4.104,0,0.420,0,flip_backDouble,flipTuck,1.000,2,-0.154 0.540 -0.119 0.370 0.382 0.453 0.298 -0.328 0.631 -0.273,243.67,123.42,58.08,14.91,-125.76,94.18,280,580,884,1100,0.499,0.474 0.463 -0.141 -0.149,-1.0,0,0.000,0.000,0.5167,-0.05,backDouble,1.217,-416.3,0.0,-616.6,Tuck,Tuck,28.6,-28.6,1.1
158,2.6333,air,trick,241.436,119.816,59.671,0.165,-14.883,4.757,15.625,14.884,58.558,0.00,0.00,0.00,0.00,0.000,0,backDouble,0,0.00,0.00,0.00,243.726,122.928,58.258,-126.34,14.57,62.05,4.115,0.001,0.11,0.99,0,0,0,0,0,0,14.57,-34.24,-2.65,0.2259,0.1389,0.3683,1,4.115,0,0.420,0,flip_backDouble,flipTuck,1.000,2,-0.208 0.501 -0.172 0.417 0.330 0.501 0.232 -0.070 0.584 -0.011,243.70,123.18,58.17,14.74,-126.06,94.01,280,532,876,1096,0.442,0.504 0.493 0.103 0.096,-1.0,0,0.000,0.000,0.5120,-0.05,backDouble,1.233,-426.8,0.0,-640.3,Tuck,Tuck,39.0,-39.0,1.0
159,2.6500,air,trick,241.439,119.568,59.748,0.165,-14.884,4.537,15.561,14.885,58.635,0.00,0.00,0.00,0.00,0.000,0,backDouble,0,0.00,0.00,0.00,243.750,122.681,58.343,-126.59,14.41,61.90,4.125,0.001,0.11,0.99,0,0,0,0,0,0,14.41,-34.26,-2.67,0.1945,0.1339,0.3512,1,4.125,0,0.420,0,flip_backDouble,flipTuck,1.000,2,-0.256 0.444 -0.229 0.449 0.273 0.534 0.125 0.116 0.466 0.173,243.73,122.93,58.26,14.57,-126.34,93.83,280,488,864,1080,0.368,0.516 0.506 0.251 0.245,-1.0,0,0.000,0.000,0.5045,-0.05,backDouble,1.250,-437.5,0.0,-640.3,Tuck,Tuck,49.6,-49.6,1.0
160,2.6667,air,trick,241.441,119.319,59.821,0.165,-14.886,4.317,15.500,14.887,58.708,0.00,0.00,0.00,0.00,0.000,0,backDouble,0,0.00,0.00,0.00,243.773,122.435,58.425,-126.81,14.25,61.76,4.134,0.001,0.11,0.99,0,0,0,0,0,0,14.25,-34.28,-2.68,0.1920,0.1263,0.3530,1,4.134,0,0.420,0,flip_backDouble,flipTuck,1.000,2,-0.296 0.371 -0.287 0.463 0.216 0.549 0.025 0.197 0.334 0.250,243.75,122.68,58.34,14.41,-126.59,93.67,288,488,852,1060,0.283,0.512 0.503 0.291 0.286,-1.0,0,0.000,0.000,0.4963,-0.05,backDouble,1.267,-448.2,0.0,-640.3,Tuck,Tuck,60.1,-60.1,0.9
161,2.6833,air,trick,241.444,119.071,59.890,0.165,-14.888,4.097,15.442,14.889,58.777,0.00,0.00,0.00,0.00,0.000,0,backDouble,0,0.00,0.00,0.00,243.793,122.188,58.503,-127.01,14.09,61.62,4.142,0.001,0.11,0.99,0,0,0,0,0,0,14.09,-34.29,-2.70,0.1905,0.1234,0.3545,1,4.142,0,0.420,0,flip_backDouble,flipTuck,1.000,2,-0.325 0.286 -0.345 0.460 0.160 0.546 -0.044 0.206 0.232 0.253,243.77,122.43,58.42,14.25,-126.81,93.51,304,488,844,1040,0.188,0.490 0.481 0.269 0.264,-1.0,0,0.000,0.000,0.4879,-0.04,backDouble,1.283,-458.9,0.0,-640.3,Tuck,Tuck,70.7,-70.7,0.9
162,2.7000,air,trick,241.447,118.823,59.956,0.165,-14.890,3.877,15.387,14.891,58.843,0.00,0.00,0.00,0.00,0.000,0,backDouble,0,0.00,0.00,0.00,243.813,121.942,58.578,-127.18,13.94,61.49,4.150,0.000,0.11,0.99,0,0,0,0,0,0,13.94,-34.30,-2.72,0.1992,0.1230,0.3529,1,4.150,0,0.420,0,flip_backDouble,flipTuck,1.000,2,-0.343 0.191 -0.399 0.439 0.106 0.526 -0.084 0.192 0.168 0.235,243.79,122.19,58.50,14.09,-127.01,93.35,308,488,840,1028,0.086,0.452 0.444 0.234 0.230,-1.0,0,0.000,0.000,0.4817,-0.04,backDouble,1.300,-469.5,0.0,-640.3,Tuck,Tuck,81.3,-81.3,1.0
163,2.7167,air,trick,241.450,118.575,60.017,0.165,-14.892,3.657,15.335,14.893,58.904,0.00,0.00,0.00,0.00,0.000,0,backDouble,0,0.00,0.00,0.00,243.830,121.696,58.649,-127.34,13.78,61.35,4.158,0.000,0.10,0.99,0,0,0,0,0,0,13.78,-34.31,-2.73,0.2048,0.1242,0.3540,1,4.158,0,0.420,0,flip_backDouble,flipTuck,1.000,2,-0.349 0.089 -0.449 0.402 0.057 0.488 -0.111 0.188 0.134 0.230,243.81,121.94,58.58,13.94,-127.18,93.19,308,484,832,1020,-0.018,0.398 0.391 0.220 0.216,-1.0,0,0.000,0.000,0.4775,-0.04,backDouble,1.317,-480.2,0.0,-640.3,Tuck,Tuck,91.8,-91.8,179.5
164,2.7333,air,trick,241.452,118.327,60.076,0.165,-14.894,3.437,15.286,14.895,58.963,0.00,0.00,0.00,0.00,0.000,0,backDouble,0,0.00,0.00,0.00,243.847,121.451,58.716,-127.47,13.64,61.23,4.164,0.000,0.10,0.99,0,0,0,0,0,0,13.64,-34.32,-2.75,0.2093,0.1247,0.3589,1,4.164,0,0.420,0,flip_backDouble,flipTuck,1.000,2,-0.343 -0.016 -0.492 0.349 0.015 0.436 -0.137 0.195 0.110 0.237,243.83,121.70,58.65,13.78,-127.34,93.05,308,484,820,1016,-0.122,0.331 0.325 0.219 0.216,-1.0,0,0.000,0.000,0.4745,-0.04,backDouble,1.333,-490.9,0.0,-640.3,Tuck,Tuck,102.4,-102.4,-179.6
165,2.7500,air,trick,241.455,118.078,60.130,0.165,-14.895,3.217,15.240,14.896,59.017,0.00,0.00,0.00,0.00,0.000,0,backDouble,0,0.00,0.00,0.00,243.862,121.205,58.780,-127.58,13.49,61.10,4.171,0.000,0.10,0.99,0,0,0,0,0,0,13.49,-34.33,-2.77,0.2201,0.1233,0.3716,1,4.171,0,0.420,0,flip_backDouble,flipTuck,1.000,2,-0.325 -0.120 -0.528 0.282 -0.019 0.369 -0.162 0.194 0.086 0.236,243.85,121.45,58.72,13.64,-127.47,92.90,312,496,816,1008,-0.222,0.253 0.247 0.210 0.207,-1.0,0,0.000,0.000,0.4723,-0.04,backDouble,1.350,-501.5,0.0,-640.3,Tuck,Tuck,113.0,-113.0,-179.5
166,2.7667,air,trick,241.458,117.830,60.181,0.165,-14.897,2.997,15.197,14.898,59.068,0.00,0.00,0.00,0.00,0.000,0,backDouble,0,0.00,0.00,0.00,243.875,120.960,58.839,-127.68,13.34,60.99,4.176,0.000,0.10,1.00,0,0,0,0,0,0,13.34,-34.34,-2.78,0.2273,0.1204,0.3861,1,4.176,0,0.420,0,flip_backDouble,flipTuck,1.000,2,-0.293 -0.230 -0.574 0.193 -0.031 0.285 -0.186 0.186 0.063 0.228,243.86,121.21,58.78,13.49,-127.58,92.76,316,512,808,1004,-0.323,0.157 0.151 0.195 0.192,-1.0,0,0.000,0.000,0.4706,-0.03,backDouble,1.367,-512.2,0.0,-640.3,Tuck,Tuck,124.5,-124.5,-179.5
167,2.7833,air,trick,241.461,117.582,60.228,0.165,-14.899,2.777,15.156,14.900,59.115,0.00,0.00,0.00,0.00,0.000,0,backDouble,0,0.00,0.00,0.00,243.888,120.715,58.896,-127.76,13.20,60.87,4.182,0.000,0.10,1.00,0,0,0,0,0,0,13.20,-34.34,-2.80,0.2322,0.1266,0.4064,1,4.182,0,0.420,0,flip_backDouble,flipTuck,1.000,2,-0.245 -0.338 -0.629 0.074 -0.012 0.179 -0.207 0.171 0.043 0.213,243.88,120.96,58.84,13.34,-127.68,92.62,328,536,804,996,-0.419,0.038 0.032 0.174 0.171,-1.0,0,0.000,0.000,0.4644,-0.03,backDouble,1.383,-522.7,0.0,-588.8,Tuck,Tuck,137.0,-137.0,-179.6
168,2.8000,air,trick,241.463,117.334,60.272,0.165,-14.901,2.557,15.120,14.902,59.159,0.00,0.00,0.00,0.00,0.000,0,backDouble,0,0.00,0.00,0.00,243.899,120.471,58.948,-127.83,13.06,60.76,4.186,0.000,0.09,1.00,0,0,0,0,0,0,13.06,-34.35,-2.82,0.2252,0.1416,0.4291,1,4.186,0,0.420,0,flip_backDouble,flipTuck,1.000,2,-0.190 -0.427 -0.679 -0.060 0.042 0.062 -0.223 0.153 0.028 0.196,243.89,120.72,58.90,13.20,-127.76,92.49,356,572,784,996,-0.492,-0.088 -0.095 0.152 0.149,-1.0,0,0.000,0.000,0.4618,-0.03,backDouble,1.400,-531.4,0.0,-453.4,Tuck,Tuck,148.6,-148.6,-179.6
169,2.8167,air,trick,241.466,117.085,60.312,0.165,-14.903,2.337,15.086,14.904,59.199,0.00,0.00,0.00,0.00,0.000,0,backDouble,0,0.00,0.00,0.00,243.910,120.226,58.997,-127.88,12.92,60.65,4.191,0.000,0.09,1.00,0,0,0,0,0,0,12.92,-34.35,-2.83,0.2285,0.1627,0.4406,1,4.191,0,0.420,0,flip_backDouble,flipStraddle,1.000,2,-0.136 -0.490 -0.713 -0.197 0.127 -0.056 -0.234 0.138 0.019 0.180,243.90,120.47,58.95,13.06,-127.83,92.37,372,600,768,1012,-0.540,-0.210 -0.218 0.133 0.131,-1.0,0,0.000,0.000,0.4653,-0.03,backDouble,1.417,-537.9,0.0,-332.9,Straddle,Tuck,158.5,-158.5,-179.6
170,2.8333,air,trick,241.469,116.837,60.348,0.165,-14.905,2.117,15.055,14.905,59.235,0.00,0.00,0.00,0.00,0.000,0,backDouble,0,0.00,0.00,0.00,243.919,119.981,59.043,-127.92,12.79,60.55,4.195,0.000,0.09,1.00,0,0,0,0,0,0,12.79,-34.36,-2.85,0.2361,0.1816,0.4453,1,4.195,0,0.420,0,flip_backDouble,flipStraddle,1.000,2,-0.085 -0.533 -0.721 -0.329 0.231 -0.169 -0.241 0.125 0.013 0.168,243.91,120.23,59.00,12.92,-127.88,92.24,372,620,760,1044,-0.570,-0.320 -0.328 0.118 0.116,-1.0,0,0.000,0.000,0.4733,-0.03,backDouble,1.433,-542.7,0.0,-249.6,Straddle,Tuck,167.0,-167.0,-179.6
171,2.8500,air,trick,241.472,116.588,60.380,0.165,-14.906,1.897,15.027,14.907,59.267,0.00,0.00,0.00,0.00,0.000,0,backDouble,0,0.00,0.00,0.00,243.927,119.737,59.084,-127.95,12.65,60.45,4.198,0.000,0.09,1.00,0,0,0,0,0,0,12.65,-34.36,-2.87,0.2403,0.1951,0.4483,1,4.198,0,0.420,0,flip_backDouble,flipStraddle,1.000,2,-0.040 -0.561 -0.701 -0.442 0.340 -0.268 -0.246 0.114 0.009 0.157,243.92,119.98,59.04,12.79,-127.92,92.12,372,632,768,1076,-0.585,-0.410 -0.418 0.106 0.105,-1.0,0,0.000,0.000,0.4842,-0.03,backDouble,1.450,-546.3,0.0,-195.2,Straddle,Tuck,174.3,-174.3,-179.7
172,2.8667,air,trick,241.474,116.340,60.409,0.165,-14.908,1.677,15.003,14.909,59.296,0.00,0.00,0.00,0.00,0.000,0,backDouble,0,0.00,0.00,0.00,243.935,119.493,59.122,-127.97,12.52,60.35,4.201,0.000,0.09,1.00,0,0,0,0,0,0,12.52,-34.36,-2.88,0.2437,0.2027,0.4493,1,4.201,0,0.420,0,flip_backDouble,flipStraddle,1.000,2,0.001 -0.577 -0.659 -0.529 0.438 -0.347 -0.257 0.110 0.006 0.154,243.93,119.74,59.08,12.65,-127.95,92.01,372,636,780,1108,-0.590,-0.474 -0.482 0.101 0.099,-1.0,0,0.000,0.000,0.4953,-0.02,backDouble,1.467,-549.3,0.0,-159.6,Straddle,Tuck,179.4,179.5,-179.7
173,2.8833,air,trick,241.477,116.091,60.434,0.165,-14.910,1.457,14.982,14.911,59.321,0.00,0.00,0.00,0.00,0.000,0,backDouble,0,0.00,0.00,0.00,243.942,119.248,59.157,-127.98,12.38,60.26,4.204,0.000,0.08,1.00,0,0,0,0,0,0,12.38,-34.36,-2.90,0.2543,0.2053,0.4461,1,4.204,0,0.420,0,flip_backDouble,flipStraddle,1.000,2,0.034 -0.585 -0.609 -0.585 0.516 -0.400 -0.304 0.127 0.002 0.178,243.94,119.49,59.12,12.52,-127.97,91.90,364,640,796,1128,-0.588,-0.513 -0.520 0.115 0.113,-1.0,0,0.000,0.000,0.5049,-0.02,backDouble,1.483,-551.7,0.0,-136.1,Straddle,Tuck,174.4,174.4,-179.7
174,2.9000,air,trick,241.480,115.843,60.456,0.165,-14.912,1.237,14.964,14.913,59.343,0.00,0.00,0.00,0.00,0.000,0,backDouble,0,0.00,0.00,0.00,243.948,119.004,59.187,-127.99,12.25,60.17,4.207,0.000,0.08,1.00,0,0,0,0,0,0,12.25,-34.37,-2.92,0.2785,0.2051,0.4414,1,4.207,0,0.420,0,flip_backDouble,flipStraddle,1.000,2,0.059 -0.587 -0.567 -0.615 0.567 -0.430 -0.391 0.162 0.009 0.228,243.94,119.25,59.16,12.38,-127.98,91.79,344,640,808,1140,-0.584,-0.530 -0.537 0.149 0.146,-1.0,0,0.000,0.000,0.5115,-0.02,backDouble,1.500,-553.9,0.0,-120.8,Straddle,Tuck,170.5,170.5,-179.7
175,2.9167,air,trick,241.483,115.594,60.474,0.165,-14.914,1.017,14.949,14.915,59.361,0.00,0.00,0.00,0.00,0.000,0,backDouble,0,0.00,0.00,0.00,243.954,118.760,59.214,-127.98,12.12,60.08,4.209,0.000,0.08,1.00,0,0,0,0,0,0,12.12,-34.37,-2.93,0.3050,0.2046,0.4303,1,4.209,0,0.420,0,flip_backDouble,flipStraddle,1.000,2,0.075 -0.587 -0.543 -0.624 0.592 -0.440 -0.517 0.208 0.042 0.299,243.95,119.00,59.19,12.25,-127.99,91.69,320,640,816,1148,-0.579,-0.534 -0.540 0.196 0.193,-1.0,0,0.000,0.000,0.5147,-0.02,backDouble,1.517,-555.8,0.0,-111.5,Straddle,Tuck,167.9,167.9,-179.8
176,2.9333,air,trick,241.485,115.346,60.488,0.165,-14.915,0.797,14.938,14.916,59.375,0.00,0.00,0.00,0.00,0.000,0,backDouble,0,0.00,0.00,0.00,243.959,118.516,59.238,-127.97,11.99,60.00,4.211,0.000,0.08,1.00,0,0,0,0,0,0,11.99,-34.37,-2.95,0.3314,0.2177,0.4171,1,4.211,0,0.420,0,flip_backDouble,flipStraddle,1.000,2,0.086 -0.586 -0.533 -0.624 0.603 -0.442 -0.662 0.247 0.112 0.372,243.95,118.76,59.21,12.12,-127.98,91.59,292,640,792,1152,-0.575,-0.532 -0.538 0.245 0.241,-1.0,0,0.000,0.000,0.5094,-0.02,backDouble,1.533,-557.6,0.0,-107.1,Straddle,Straddle,166.2,166.2,-179.8
177,2.9500,air,trick,241.488,115.097,60.498,0.165,-14.917,0.577,14.929,14.918,59.385,0.00,0.00,0.00,0.00,0.000,0,backDouble,0,0.00,0.00,0.00,243.963,118.271,59.257,-127.95,11.87,59.92,4.212,0.000,0.08,1.00,0,0,0,0,0,0,11.87,-34.37,-2.97,0.3508,0.2347,0.4073,1,4.212,0,0.420,0,flip_backDouble,flipStraddle,1.000,2,0.097 -0.584 -0.523 -0.624 0.613 -0.443 -0.788 0.266 0.204 0.424,243.96,118.52,59.24,11.99,-127.97,91.49,272,640,760,1156,-0.571,-0.530 -0.535 0.277 0.273,-1.0,0,0.000,0.000,0.5020,-0.02,backDouble,1.550,-559.4,0.0,-106.7,Straddle,Straddle,164.5,164.5,-179.8
178,2.9667,air,trick,241.491,114.848,60.505,0.165,-14.919,0.357,14.924,14.920,59.392,0.00,0.00,0.00,0.00,0.000,0,backDouble,0,0.00,0.00,0.00,243.967,118.027,59.273,-127.92,11.74,59.85,4.214,0.000,0.07,1.00,0,0,0,0,0,0,11.74,-34.37,-2.98,0.3594,0.2450,0.4028,1,4.214,0,0.420,0,flip_backDouble,flipStraddle,1.000,2,0.107 -0.582 -0.514 -0.623 0.623 -0.444 -0.866 0.269 0.287 0.451,243.96,118.27,59.26,11.87,-127.95,91.40,264,640,744,1156,-0.566,-0.528 -0.532 0.294 0.289,-1.0,0,0.000,0.000,0.4980,-0.02,backDouble,1.567,-561.2,0.0,-106.7,Straddle,Straddle,162.9,162.9,-179.8
179,2.9833,air,trick,241.494,114.600,60.509,0.165,-14.921,0.137,14.922,14.922,59.396,0.00,0.00,0.00,0.00,0.000,0,backDouble,0,0.00,0.00,0.00,243.971,117.783,59.285,-127.89,11.61,59.77,4.215,0.000,0.07,1.00,0,0,0,0,0,0,11.61,-34.37,-3.00,0.3610,0.2496,0.4016,1,4.215,0,0.420,0,flip_backDouble,flipStraddle,1.000,2,0.117 -0.579 -0.504 -0.622 0.633 -0.444 -0.897 0.268 0.346 0.462,243.97,118.03,59.27,11.74,-127.92,91.32,264,636,736,1160,-0.561,-0.525 -0.529 0.304 0.299,-1.0,0,0.000,0.000,0.4969,-0.02,backDouble,1.583,-562.9,0.0,-106.7,Straddle,Straddle,161.2,161.2,-179.8
180,3.0000,air,trick,241.496,114.351,60.508,0.165,-14.923,-0.083,14.924,14.924,59.395,0.00,0.00,0.00,0.00,0.000,0,backDouble,0,0.00,0.00,0.00,243.974,117.539,59.294,-127.86,11.49,59.70,4.216,0.000,0.07,1.00,0,0,0,0,0,0,11.49,-34.37,-3.02,0.3597,0.2513,0.4018,1,4.216,0,0.420,0,flip_backDouble,flipStraddle,1.000,2,0.128 -0.576 -0.495 -0.620 0.643 -0.444 -0.902 0.268 0.381 0.466,243.97,117.78,59.29,11.61,-127.89,91.23,264,636,732,1160,-0.555,-0.521 -0.525 0.310 0.305,-1.0,0,0.000,0.000,0.4972,-0.02,backDouble,1.600,-564.7,0.0,-106.7,Straddle,Straddle,159.5,159.5,-179.8
181,3.0167,air,trick,241.499,114.102,60.504,0.165,-14.925,-0.303,14.929,14.926,59.391,0.00,0.00,0.00,0.00,0.000,0,backDouble,0,0.00,0.00,0.00,243.977,117.294,59.299,-127.82,11.36,59.64,4.217,0.000,0.07,1.00,0,0,0,0,0,0,11.36,-34.37,-3.03,0.3569,0.2519,0.4023,1,4.217,0,0.420,0,flip_backDouble,flipStraddle,1.000,2,0.136 -0.573 -0.490 -0.616 0.648 -0.442 -0.902 0.265 0.396 0.463,243.97,117.54,59.29,11.49,-127.86,91.15,268,636,732,1164,-0.549,-0.517 -0.521 0.309 0.305,-1.0,0,0.000,0.000,0.4974,-0.02,backDouble,1.617,-566.5,0.0,-106.7,Straddle,Straddle,158.1,158.1,-179.9
182,3.0333,air,trick,241.502,113.854,60.496,0.165,-14.926,-0.523,14.937,14.927,59.383,0.00,0.00,0.00,0.00,0.000,0,backDouble,0,0.00,0.00,0.00,243.979,117.050,59.300,-127.78,11.23,59.57,4.217,0.000,0.07,1.00,0,0,0,0,0,0,11.23,-34.37,-3.05,0.3517,0.2503,0.4023,1,4.217,0,0.420,0,flip_backDouble,flipStraddle,1.000,2,0.137 -0.572 -0.507 -0.606 0.627 -0.434 -0.907 0.256 0.395 0.453,243.98,117.29,59.30,11.36,-127.82,91.07,268,636,732,1156,-0.548,-0.513 -0.516 0.299 0.295,-1.0,0,0.000,0.000,0.4956,-0.02,backDouble,1.633,-568.3,0.0,-106.8,Straddle,Straddle,157.8,157.8,-179.9
183,3.0500,air,trick,241.505,113.605,60.485,0.165,-14.928,-0.743,14.948,14.929,59.372,0.00,0.00,0.00,0.00,0.000,0,backDouble,0,0.00,0.00,0.00,243.982,116.806,59.298,-127.73,11.11,59.51,4.218,0.000,0.07,1.00,0,0,0,0,0,0,11.11,-34.37,-3.07,0.3442,0.2449,0.4015,1,4.218,0,0.420,0,flip_backDouble,flipStraddle,1.000,2,0.133 -0.572 -0.538 -0.588 0.577 -0.421 -0.912 0.245 0.390 0.440,243.98,117.05,59.30,11.23,-127.78,91.00,272,636,728,1144,-0.550,-0.507 -0.511 0.286 0.282,-1.0,0,0.000,0.000,0.4918,-0.01,backDouble,1.650,-570.1,0.0,-110.2,Straddle,Straddle,158.6,158.6,-179.9
184,3.0667,air,trick,241.507,113.356,60.470,0.165,-14.930,-0.963,14.962,14.931,59.357,0.00,0.00,0.00,0.00,0.000,0,backDouble,0,0.00,0.00,0.00,243.983,116.561,59.292,-127.69,10.99,59.45,4.218,0.000,0.06,1.00,0,0,0,0,0,0,10.99,-34.38,-3.08,0.3357,0.2346,0.4005,1,4.218,0,0.420,0,flip_backDouble,flipStraddle,1.000,2,0.124 -0.573 -0.568 -0.562 0.502 -0.403 -0.918 0.233 0.386 0.426,243.98,116.81,59.30,11.11,-127.73,90.93,276,636,728,1120,-0.553,-0.498 -0.501 0.272 0.268,-1.0,0,0.000,0.000,0.4855,-0.01,backDouble,1.667,-572.0,0.0,-118.5,Straddle,Straddle,160.0,160.0,-179.9
185,3.0833,air,trick,241.510,113.107,60.451,0.165,-14.932,-1.183,14.980,14.933,59.338,0.00,0.00,0.00,0.00,0.000,0,backDouble,0,0.00,0.00,0.00,243.985,116.317,59.282,-127.64,10.86,59.40,4.218,0.000,0.06,1.00,0,0,0,0,0,0,10.86,-34.38,-3.10,0.3322,0.2204,0.4025,1,4.218,0,0.420,0,flip_backDouble,flipTuck,1.000,2,0.113 -0.574 -0.584 -0.526 0.405 -0.382 -0.924 0.220 0.382 0.411,243.98,116.56,59.29,10.99,-127.69,90.86,280,636,724,1100,-0.556,-0.483 -0.485 0.256 0.253,-1.0,0,0.000,0.000,0.4773,-0.01,backDouble,1.683,-574.1,0.0,-132.5,Tuck,Straddle,161.6,161.6,-179.9
186,3.1000,air,trick,241.513,112.858,60.428,0.165,-14.934,-1.403,15.000,14.935,59.315,0.00,0.00,0.00,0.00,0.000,0,backDouble,0,0.00,0.00,0.00,243.986,116.072,59.269,-127.58,10.74,59.34,4.218,0.000,0.06,1.00,0,0,0,0,0,0,10.74,-34.38,-3.12,0.3277,0.2212,0.4047,1,4.218,0,0.420,0,flip_backDouble,flipTuck,1.000,2,0.104 -0.573 -0.576 -0.487 0.301 -0.360 -0.930 0.204 0.377 0.393,243.99,116.32,59.28,10.86,-127.64,90.79,284,636,720,1096,-0.557,-0.463 -0.465 0.238 0.236,-1.0,0,0.000,0.000,0.4764,-0.01,backDouble,1.700,-576.4,0.0,-154.1,Tuck,Straddle,163.2,163.2,-179.9
187,3.1167,air,trick,241.516,112.609,60.402,0.165,-14.936,-1.623,15.024,14.936,59.289,0.00,0.00,0.00,0.00,0.000,0,backDouble,0,0.00,0.00,0.00,243.988,115.828,59.252,-127.53,10.62,59.29,4.218,0.000,0.06,1.00,0,0,0,0,0,0,10.62,-34.38,-3.13,0.3217,0.2222,0.4072,1,4.218,0,0.420,0,flip_backDouble,flipTuck,1.000,2,0.097 -0.570 -0.546 -0.451 0.206 -0.343 -0.937 0.184 0.372 0.371,243.99,116.07,59.27,10.74,-127.58,90.73,288,636,720,1096,-0.556,-0.444 -0.445 0.216 0.214,-1.0,0,0.000,0.000,0.4755,-0.01,backDouble,1.717,-579.3,0.0,-186.9,Tuck,Straddle,164.1,164.1,-179.9
188,3.1333,air,trick,241.518,112.360,60.372,0.165,-14.937,-1.843,15.052,14.938,59.259,0.00,0.00,0.00,0.00,0.000,0,backDouble,0,0.00,0.00,0.00,243.989,115.583,59.231,-127.48,10.49,59.24,4.218,0.000,0.06,1.00,0,0,0,0,0,0,10.49,-34.38,-3.15,0.3124,0.2226,0.4108,1,4.218,0,0.420,0,flip_backDouble,flipTuck,1.000,2,0.097 -0.566 -0.502 -0.426 0.135 -0.337 -0.947 0.153 0.357 0.337,243.99,115.83,59.25,10.62,-127.53,90.67,296,636,716,1096,-0.552,-0.430 -0.432 0.181 0.179,-1.0,0,0.000,0.000,0.4737,-0.01,backDouble,1.733,-582.8,0.0,-236.8,Tuck,Straddle,163.9,163.9,-179.9
189,3.1500,air,trick,241.521,112.111,60.339,0.165,-14.939,-2.063,15.082,14.940,59.226,0.00,0.00,0.00,0.00,0.000,0,backDouble,0,0.00,0.00,0.00,243.990,115.338,59.207,-127.42,10.37,59.20,4.217,0.000,0.06,1.00,0,0,0,0,0,0,10.37,-34.38,-3.17,0.2970,0.2209,0.4168,1,4.217,0,0.420,0,flip_backDouble,flipTuck,1.000,2,0.108 -0.559 -0.454 -0.420 0.096 -0.344 -0.956 0.101 0.325 0.279,243.99,115.58,59.23,10.49,-127.48,90.61,308,636,712,1084,-0.543,-0.430 -0.431 0.120 0.118,-1.0,0,0.000,0.000,0.4702,-0.01,backDouble,1.750,-587.3,0.0,-313.4,Tuck,Straddle,162.0,162.0,-179.9
190,3.1667,air,trick,241.524,111.862,60.302,0.165,-14.941,-2.283,15.115,14.942,59.189,0.00,0.00,0.00,0.00,0.000,0,backDouble,0,0.00,0.00,0.00,243.991,115.093,59.179,-127.36,10.25,59.15,4.217,0.000,0.05,1.00,0,0,0,0,0,0,10.25,-34.38,-3.18,0.2752,0.2137,0.4281,1,4.217,0,0.420,0,flip_backDouble,flipTuck,1.000,2,0.134 -0.548 -0.408 -0.437 0.092 -0.368 -0.945 0.023 0.274 0.190,243.99,115.34,59.21,10.37,-127.42,90.56,324,632,708,1068,-0.525,-0.445 -0.446 0.032 0.030,-1.0,0,0.000,0.000,0.4657,-0.01,backDouble,1.767,-593.4,0.0,-426.5,Tuck,Straddle,157.4,157.4,-179.9
191,3.1833,air,trick,241.527,111.613,60.261,0.165,-14.943,-2.503,15.152,14.944,59.148,0.00,0.00,0.00,0.00,0.000,0,backDouble,0,0.00,0.00,0.00,243.991,114.848,59.147,-127.30,10.13,59.11,4.217,0.000,0.05,1.00,0,0,0,0,0,0,10.13,-34.38,-3.20,0.2417,0.1965,0.4450,1,4.217,0,0.420,0,flip_backDouble,flipTuck,1.000,2,0.177 -0.522 -0.366 -0.475 0.129 -0.407 -0.887 -0.081 0.207 0.067,243.99,115.09,59.18,10.25,-127.36,90.51,352,628,716,1044,-0.490,-0.475 -0.475 -0.084 -0.086,-1.0,0,0.000,0.000,0.4612,-0.01,backDouble,1.783,-601.7,0.0,-564.3,Tuck,Straddle,149.5,149.5,-179.9
192,3.2000,air,trick,241.529,111.364,60.216,0.165,-14.945,-2.723,15.192,14.946,59.103,0.00,0.00,0.00,0.00,0.000,0,backDouble,0,0.00,0.00,0.00,243.992,114.603,59.112,-127.25,10.00,59.07,4.216,0.000,0.05,1.00,0,0,0,0,0,0,10.00,-34.38,-3.22,0.1963,0.1824,0.4647,1,4.216,0,0.420,0,flip_backDouble,flipTuck,1.000,2,0.227 -0.476 -0.314 -0.512 0.184 -0.446 -0.758 -0.194 0.137 -0.075,243.99,114.85,59.15,10.13,-127.30,90.46,392,620,740,1052,-0.432,-0.501 -0.501 -0.206 -0.208,-1.0,0,0.000,0.000,0.4678,-0.01,backDouble,1.800,-611.9,0.0,-640.3,Tuck,Tuck,139.4,139.4,-179.9
193,3.2167,air,trick,241.532,111.115,60.168,0.165,-14.946,-2.943,15.234,14.947,59.055,0.00,0.00,0.00,0.00,0.000,0,backDouble,0,0.00,0.00,0.00,243.992,114.358,59.073,-127.19,9.88,59.03,4.215,0.000,0.05,1.00,0,0,0,0,0,0,9.88,-34.38,-3.23,0.1704,0.1656,0.4753,1,4.215,0,0.420,0,flip_backDouble,flipTuck,1.000,2,0.271 -0.411 -0.258 -0.536 0.243 -0.469 -0.573 -0.275 0.090 -0.187,243.99,114.60,59.11,10.00,-127.25,90.41,420,608,780,1060,-0.357,-0.511 -0.512 -0.288 -0.289,-1.0,0,0.000,0.000,0.4822,-0.01,backDouble,1.817,-622.6,0.0,-640.3,Tuck,Tuck,128.8,128.8,-179.9
194,3.2333,air,trick,241.535,110.866,60.116,0.165,-14.948,-3.163,15.280,14.949,59.003,0.00,0.00,0.00,0.00,0.000,0,backDouble,0,0.00,0.00,0.00,243.993,114.113,59.031,-127.13,9.76,59.00,4.215,0.000,0.05,1.00,0,0,0,0,0,0,9.76,-34.38,-3.25,0.1758,0.1465,0.4773,1,4.215,0,0.420,0,flip_backDouble,flipTuck,1.000,2,0.306 -0.332 -0.202 -0.541 0.303 -0.476 -0.390 -0.299 0.076 -0.238,243.99,114.36,59.07,9.88,-127.19,90.37,420,592,824,1068,-0.269,-0.504 -0.505 -0.307 -0.308,-1.0,0,0.000,0.000,0.4968,-0.01,backDouble,1.833,-633.2,0.0,-640.3,Tuck,Tuck,118.3,118.3,-180.0
195,3.2500,air,trick,241.538,110.617,60.061,0.165,-14.950,-3.383,15.329,14.951,58.948,0.00,0.00,0.00,0.00,0.000,0,backDouble,0,0.00,0.00,0.00,243.993,113.868,58.984,-127.07,9.64,58.96,4.214,0.000,0.05,1.00,0,0,0,0,0,0,9.64,-34.38,-3.27,0.1777,0.1325,0.4775,1,4.214,0,0.420,0,flip_backDouble,flipTuck,1.000,2,0.331 -0.242 -0.148 -0.529 0.360 -0.464 -0.254 -0.279 0.085 -0.236,243.99,114.11,59.03,9.76,-127.13,90.33,420,588,860,1072,-0.173,-0.480 -0.481 -0.279 -0.280,-1.0,0,0.000,0.000,0.5080,-0.01,backDouble,1.850,-643.9,0.0,-640.3,Tuck,Tuck,107.7,107.7,-180.0
196,3.2667,air,trick,241.540,110.368,60.002,0.165,-14.952,-3.603,15.381,14.953,58.889,0.00,0.00,0.00,0.00,0.000,0,backDouble,0,0.00,0.00,0.00,243.993,113.622,58.934,-127.01,9.51,58.93,4.213,0.000,0.04,1.00,0,0,0,0,0,0,9.51,-34.38,-3.28,0.1785,0.1248,0.4744,1,4.213,0,0.420,0,flip_backDouble,flipTuck,1.000,2,0.344 -0.143 -0.097 -0.500 0.413 -0.436 -0.172 -0.247 0.100 -0.213,243.99,113.87,58.98,9.64,-127.07,90.29,420,592,884,1080,-0.071,-0.440 -0.440 -0.241 -0.241,-1.0,0,0.000,0.000,0.5150,-0.01,backDouble,1.867,-654.6,0.0,-640.3,Tuck,Tuck,97.1,97.1,-180.0
197,3.2833,air,trick,241.543,110.118,59.939,0.165,-14.954,-3.823,15.436,14.955,58.826,0.00,0.00,0.00,0.00,0.000,0,backDouble,0,0.00,0.00,0.00,243.994,113.377,58.881,-126.95,9.39,58.90,4.212,0.000,0.04,1.00,0,0,0,0,0,0,9.39,-34.38,-3.30,0.1776,0.1222,0.4694,1,4.212,0,0.420,0,flip_backDouble,flipTuck,1.000,2,0.346 -0.030 -0.056 -0.455 0.485 -0.388 -0.130 -0.231 0.118 -0.200,243.99,113.62,58.93,9.51,-127.01,90.25,420,592,896,1092,0.044,-0.381 -0.381 -0.219 -0.219,-1.0,0,0.000,0.000,0.5194,-0.01,backDouble,1.883,-665.2,0.0,-640.3,Tuck,Tuck,85.6,85.6,0.0
198,3.3000,air,trick,241.546,109.869,59.873,0.165,-14.956,-4.043,15.493,14.956,58.760,0.00,0.00,0.00,0.00,0.000,0,backDouble,0,0.00,0.00,0.00,243.994,113.131,58.823,-126.89,9.27,58.87,4.211,0.000,0.04,1.00,0,0,0,0,0,0,9.27,-34.38,-3.32,0.1788,0.1293,0.4568,1,4.211,0,0.420,0,flip_backDouble,flipTuck,1.000,2,0.333 0.100 -0.030 -0.378 0.589 -0.302 -0.107 -0.233 0.143 -0.202,243.99,113.38,58.88,9.39,-126.95,90.22,420,584,900,1100,0.172,-0.284 -0.285 -0.216 -0.217,-1.0,0,0.000,0.000,0.5265,-0.01,backDouble,1.900,-675.8,0.0,-593.0,Tuck,Tuck,72.6,72.6,0.0
199,3.3167,air,trick,241.549,109.620,59.802,0.165,-14.957,-4.263,15.554,14.958,58.689,0.00,0.00,0.00,0.00,0.000,0,backDouble,0,0.00,0.00,0.00,243.994,112.885,58.762,-126.83,9.15,58.84,4.210,0.000,0.04,1.00,0,0,0,0,0,0,9.15,-34.38,-3.33,0.1761,0.1425,0.4361,1,4.210,0,0.420,0,flip_backDouble,flipTuck,1.000,2,0.305 0.219 -0.029 -0.259 0.700 -0.171 -0.089 -0.230 0.163 -0.200,243.99,113.13,58.82,9.27,-126.89,90.18,400,560,908,1136,0.286,-0.147 -0.148 -0.210 -0.210,-1.0,0,0.000,0.000,0.5360,-0.01,backDouble,1.917,-684.2,0.0,-418.8,Tuck,Tuck,60.3,60.3,0.0
200,3.3333,air,trick,241.551,109.371,59.729,0.165,-14.959,-4.483,15.617,14.960,58.616,0.00,0.00,0.00,0.00,0.000,0,backDouble,0,0.00,0.00,0.00,243.994,112.639,58.698,-126.77,9.03,58.82,4.209,0.000,0.04,1.00,0,0,0,0,0,0,9.03,-34.38,-3.35,0.1715,0.1556,0.4183,1,4.209,0,0.420,0,flip_backDouble,flipTuck,1.000,2,0.271 0.314 -0.056 -0.101 0.793 0.000 -0.078 -0.226 0.177 -0.195,243.99,112.89,58.76,9.15,-126.83,90.15,380,528,916,1168,0.374,0.026 0.025 -0.203 -0.203,-1.0,0,0.000,0.000,0.5444,-0.01,backDouble,1.933,-690.0,0.0,-279.1,Tuck,Tuck,50.0,50.0,0.0
201,3.3500,air,trick,241.554,109.121,59.651,0.165,-14.961,-4.703,15.684,14.962,58.538,0.00,0.00,0.00,0.00,0.000,0,backDouble,0,0.00,0.00,0.00,243.995,112.394,58.629,-126.72,8.90,58.80,4.208,0.000,0.04,1.00,0,0,0,0,0,0,8.90,-34.38,-3.37,0.1863,0.1632,0.4114,1,4.208,0,0.420,0,flip_backDouble,flipThrone,1.000,2,0.234 0.389 -0.101 0.091 0.845 0.202 -0.071 -0.221 0.185 -0.191,243.99,112.64,58.70,9.03,-126.77,90.12,356,528,920,1188,0.442,0.225 0.225 -0.197 -0.197,-1.0,0,0.000,0.000,0.5494,-0.01,backDouble,1.950,-693.8,0.0,-194.8,Throne,Tuck,41.1,41.1,0.0
202,3.3667,air,trick,241.557,108.872,59.570,0.165,-14.963,-4.923,15.753,14.964,58.457,0.00,0.00,0.00,0.00,0.000,0,backDouble,0,0.00,0.00,0.00,243.995,112.148,58.557,-126.66,8.78,58.78,4.207,0.000,0.04,1.00,0,0,0,0,0,0,8.78,-34.38,-3.38,0.2087,0.1667,0.4004,1,4.207,0,0.420,0,flip_backDouble,flipThrone,1.000,2,0.196 0.448 -0.155 0.293 0.840 0.408 -0.066 -0.218 0.192 -0.188,243.99,112.39,58.63,8.90,-126.72,90.09,336,532,920,1188,0.493,0.425 0.424 -0.192 -0.192,-1.0,0,0.000,0.000,0.5489,-0.01,backDouble,1.967,-696.6,0.0,-145.1,Throne,Tuck,33.2,33.2,0.0
203,3.3833,air,trick,241.560,108.622,59.485,0.165,-14.965,-5.143,15.825,14.966,58.372,0.00,0.00,0.00,0.00,0.000,0,backDouble,0,0.00,0.00,0.00,243.995,111.901,58.482,-126.60,8.66,58.75,4.206,0.000,0.04,1.00,0,0,0,0,0,0,8.66,-34.38,-3.40,0.2579,0.1656,0.3763,1,4.206,0,0.420,0,flip_backDouble,flipThrone,1.000,2,0.159 0.493 -0.208 0.472 0.786 0.585 -0.063 -0.216 0.198 -0.187,243.99,112.15,58.56,8.78,-126.66,90.07,304,532,912,1176,0.530,0.592 0.592 -0.190 -0.190,-1.0,0,0.000,0.000,0.5431,-0.01,backDouble,1.983,-698.8,0.0,-114.6,Throne,Tuck,26.4,26.4,0.0
204,3.4000,air,trick,241.562,108.373,59.397,0.165,-14.966,-5.363,15.899,14.967,58.284,0.00,0.00,0.00,0.00,0.000,0,backDouble,0,0.00,0.00,0.00,243.995,111.655,58.402,-126.55,8.54,58.74,4.205,0.000,0.03,1.00,0,0,0,0,0,0,8.54,-34.38,-3.42,0.2991,0.1602,0.3601,1,4.205,0,0.420,0,flip_backDouble,flipThrone,1.000,2,0.127 0.524 -0.251 0.604 0.710 0.712 -0.060 -0.233 0.214 -0.202,244.00,111.90,58.48,8.66,-126.60,90.05,264,536,904,1156,0.555,0.711 0.710 -0.205 -0.205,-1.0,0,0.000,0.000,0.5357,-0.01,backDouble,2.000,-700.5,0.0,-95.4,Throne,Tuck,20.7,20.7,0.0
205,3.4167,air,trick,241.565,108.124,59.305,0.165,-14.968,-5.583,15.977,14.969,58.192,0.00,0.00,0.00,0.00,0.000,0,backDouble,0,0.00,0.00,0.00,243.996,111.409,58.319,-126.49,8.41,58.72,4.204,0.000,0.03,1.00,0,0,0,0,0,0,8.41,-34.38,-3.43,0.3310,0.1548,0.3521,1,4.204,0,0.420,0,flip_backDouble,flipThrone,1.000,2,0.102 0.544 -0.282 0.686 0.642 0.788 -0.057 -0.267 0.241 -0.235,244.00,111.66,58.40,8.54,-126.55,90.02,240,548,896,1140,0.569,0.780 0.780 -0.236 -0.236,-1.0,0,0.000,0.000,0.5294,-0.00,backDouble,2.017,-702.0,0.0,-83.1,Throne,Tuck,16.5,16.5,0.0
206,3.4333,air,trick,241.568,107.874,59.209,0.165,-14.970,-5.803,16.056,14.971,58.096,0.00,0.00,0.00,0.00,0.000,0,backDouble,0,0.00,0.00,0.00,243.996,111.163,58.233,-126.44,8.29,58.70,4.203,0.000,0.03,1.00,0,0,0,0,0,0,8.29,-34.38,-3.45,0.3528,0.1524,0.3517,1,4.203,0,0.420,0,flip_backDouble,flipThrone,1.000,2,0.087 0.554 -0.301 0.722 0.603 0.820 -0.053 -0.314 0.276 -0.278,244.00,111.41,58.32,8.41,-126.49,90.00,228,560,892,1132,0.576,0.809 0.808 -0.278 -0.278,-1.0,0,0.000,0.000,0.5257,-0.00,backDouble,2.033,-703.3,0.0,-75.6,Throne,Tuck,14.0,14.0,0.0
207,3.4500,air,trick,241.571,107.625,59.109,0.165,-14.972,-6.023,16.139,14.973,57.996,0.00,0.00,0.00,0.00,0.000,0,backDouble,0,0.00,0.00,0.00,243.996,110.916,58.142,-126.39,8.17,58.69,4.201,0.000,0.03,1.00,0,0,0,0,0,0,8.17,-34.38,-3.47,0.3676,0.1530,0.3560,1,4.201,0,0.420,0,flip_backDouble,flipThrone,1.000,2,0.079 0.558 -0.313 0.730 0.593 0.827 -0.050 -0.368 0.317 -0.329,244.00,111.16,58.23,8.29,-126.44,89.99,224,572,888,1128,0.579,0.813 0.813 -0.326 -0.327,-1.0,0,0.000,0.000,0.5245,-0.00,backDouble,2.050,-704.5,0.0,-71.8,Throne,Throne,12.8,12.8,0.0
208,3.4667,air,trick,241.573,107.375,59.006,0.165,-14.974,-6.243,16.224,14.975,57.893,0.00,0.00,0.00,0.00,0.000,0,backDouble,0,0.00,0.00,0.00,243.996,110.669,58.048,-126.34,8.04,58.68,4.200,0.000,0.03,1.00,0,0,0,0,0,0,8.04,-34.38,-3.48,0.3818,0.1538,0.3603,1,4.200,0,0.420,0,flip_backDouble,flipThrone,1.000,2,0.073 0.562 -0.323 0.737 0.585 0.832 -0.048 -0.422 0.359 -0.379,244.00,110.92,58.14,8.17,-126.39,89.97,220,588,888,1128,0.582,0.817 0.816 -0.375 -0.375,-1.0,0,0.000,0.000,0.5233,-0.00,backDouble,2.067,-705.7,0.0,-71.1,Throne,Throne,11.7,11.7,0.0
209,3.4833,air,trick,241.576,107.125,58.899,0.165,-14.976,-6.463,16.312,14.976,57.786,0.00,0.00,0.00,0.00,0.000,0,backDouble,0,0.00,0.00,0.00,243.997,110.423,57.951,-126.28,7.92,58.67,4.199,0.000,0.03,1.00,0,0,0,0,0,0,7.92,-34.38,-3.50,0.3944,0.1545,0.3639,1,4.199,0,0.420,0,flip_backDouble,flipThrone,1.000,2,0.066 0.566 -0.334 0.743 0.576 0.837 -0.048 -0.471 0.398 -0.425,244.00,110.67,58.05,8.04,-126.34,89.95,216,600,884,1124,0.584,0.820 0.819 -0.419 -0.419,-1.0,0,0.000,0.000,0.5222,-0.00,backDouble,2.083,-706.9,0.0,-71.1,Throne,Throne,10.6,10.6,0.0
210,3.5000,air,trick,241.579,106.876,58.789,0.165,-14.977,-6.683,16.402,14.978,57.676,0.00,0.00,0.00,0.00,0.000,0,backDouble,0,0.00,0.00,0.00,243.997,110.176,57.849,-126.23,7.80,58.66,4.198,0.000,0.03,1.00,1,0,0,0,0,0,7.80,-34.38,-3.52,0.4046,0.1553,0.3664,1,4.198,0,0.420,0,flip_backDouble,flipThrone,1.000,2,0.059 0.570 -0.345 0.749 0.567 0.841 -0.048 -0.509 0.432 -0.461,244.00,110.42,57.95,7.92,-126.28,89.94,216,608,880,1124,0.586,0.823 0.822 -0.454 -0.454,-1.0,0,0.000,0.000,0.5211,-0.00,backDouble,2.100,-708.1,0.0,-71.1,Throne,Throne,9.6,9.6,0.0
211,3.5167,air,trick,241.581,106.626,58.675,0.165,-14.979,-6.903,16.494,14.980,57.562,0.00,0.00,0.00,0.00,0.000,0,backDouble,0,0.00,0.00,0.00,243.997,109.929,57.744,-126.18,7.67,58.65,4.197,0.000,0.03,1.00,1,0,0,0,0,0,7.67,-34.38,-3.53,0.4120,0.1561,0.3678,1,4.197,0,0.420,0,flip_backDouble,flipThrone,1.000,2,0.053 0.573 -0.357 0.751 0.559 0.846 -0.050 -0.536 0.458 -0.485,244.00,110.18,57.85,7.80,-126.23,89.93,216,612,880,1124,0.587,0.823 0.826 -0.478 -0.478,-1.0,0,0.000,0.000,0.5198,-0.00,backDouble,2.117,-709.3,0.0,-71.1,Throne,Throne,8.5,8.5,0.0
212,3.5333,air,trick,241.584,106.376,58.556,0.165,-14.981,-7.213,16.628,14.982,57.443,0.00,0.00,0.00,0.00,0.000,0,backDouble,0,0.00,0.00,0.00,243.998,109.682,57.636,-126.13,7.54,58.64,4.195,0.000,0.03,1.00,1,0,0,0,0,0,7.54,-34.38,-3.55,0.4154,0.1572,0.3683,1,4.195,0,0.420,0,flip_backDouble,flipThrone,1.000,2,0.048 0.575 -0.373 0.739 0.554 0.853 -0.050 -0.548 0.475 -0.497,244.00,109.93,57.74,7.67,-126.18,89.92,212,616,872,1120,0.589,0.809 0.835 -0.489 -0.490,-1.0,0,0.000,0.000,0.5181,-0.00,backDouble,2.133,-710.5,0.0,-71.1,Throne,Throne,7.7,7.7,0.0
213,3.5500,air,trick,241.587,106.127,58.431,0.165,-14.983,-7.613,16.807,14.984,57.318,0.00,0.00,0.00,0.00,0.000,0,backDouble,0,0.00,0.00,0.00,243.998,109.435,57.522,-126.09,7.38,58.63,4.193,0.000,0.02,1.00,1,0,0,0,0,0,7.38,-34.38,-3.57,0.4151,0.1583,0.3680,1,4.193,0,0.420,0,flip_backDouble,flipThrone,1.000,2,0.044 0.577 -0.393 0.713 0.548 0.863 -0.048 -0.546 0.484 -0.496,244.00,109.68,57.64,7.54,-126.13,89.91,212,616,868,1120,0.589,0.783 0.848 -0.487 -0.487,-1.0,0,0.000,0.000,0.5160,-0.00,backDouble,2.150,-711.6,0.0,-70.3,Throne,Throne,7.1,7.1,0.0
214,3.5667,air,trick,241.590,105.877,58.299,0.165,-14.985,-8.013,16.994,14.986,57.186,0.00,0.00,0.00,0.00,0.000,0,backDouble,0,0.00,0.00,0.00,243.999,109.188,57.404,-126.04,7.19,58.63,4.191,0.000,0.02,1.00,1,0,0,0,0,0,7.19,-34.38,-3.58,0.4128,0.1585,0.3677,1,4.191,0,0.420,0,flip_backDouble,flipThrone,1.000,2,0.042 0.578 -0.413 0.675 0.540 0.874 -0.044 -0.539 0.490 -0.490,244.00,109.44,57.52,7.38,-126.09,89.90,216,616,864,1112,0.590,0.745 0.863 -0.481 -0.481,-1.0,0,0.000,0.000,0.5134,-0.00,backDouble,2.167,-712.8,0.0,-68.3,Throne,Throne,6.7,6.7,0.0
215,3.5833,air,trick,241.592,105.627,58.161,0.165,-14.986,-8.413,17.187,14.987,57.048,0.00,0.00,0.00,0.00,0.000,0,backDouble,0,0.00,0.00,0.00,243.999,108.941,57.281,-125.99,6.99,58.63,4.189,0.000,0.02,1.00,1,0,0,0,0,0,6.99,-34.38,-3.60,0.4098,0.1575,0.3678,1,4.189,0,0.420,0,flip_backDouble,flipReach,1.000,2,0.040 0.579 -0.430 0.630 0.528 0.884 -0.041 -0.532 0.496 -0.484,244.00,109.19,57.40,7.19,-126.04,89.90,212,612,860,1108,0.590,0.700 0.880 -0.474 -0.474,-1.0,0,0.000,0.000,0.5107,-0.00,backDouble,2.183,-713.9,0.0,-65.3,Reach,Throne,6.4,6.4,0.0
216,3.6000,air,trick,241.595,105.377,58.015,0.165,-14.988,-8.813,17.388,14.989,56.902,0.00,0.00,0.00,0.00,0.000,0,backDouble,0,0.00,0.00,0.00,244.000,108.693,57.151,-125.95,6.78,58.63,4.186,0.000,0.02,1.00,1,0,0,0,0,0,6.78,-34.38,-3.62,0.4061,0.1554,0.3682,1,4.186,0,0.420,0,flip_backDouble,flipReach,1.000,2,0.039 0.580 -0.442 0.579 0.510 0.893 -0.039 -0.525 0.501 -0.478,244.00,108.94,57.28,6.99,-125.99,89.90,216,612,856,1100,0.590,0.649 0.894 -0.468 -0.468,-1.0,0,0.000,0.000,0.5079,-0.00,backDouble,2.200,-715.0,0.0,-61.2,Reach,Throne,6.3,6.3,0.0
217,3.6167,air,trick,241.598,105.128,57.863,0.165,-14.990,-9.213,17.596,14.991,56.750,0.00,0.00,0.00,0.00,0.000,0,backDouble,0,0.00,0.00,0.00,244.000,108.446,56.957,-125.90,7.34,58.63,4.196,0.000,0.02,1.00,1,0,0,0,0,0,7.34,-34.38,-3.63,0.4015,0.1516,0.3703,1,4.196,0,0.420,0,flip_backDouble,flipReach,1.000,2,0.038 0.579 -0.450 0.521 0.489 0.898 -0.037 -0.525 0.505 -0.474,244.00,108.69,57.15,6.78,-125.95,89.90,216,612,852,1092,0.590,0.598 0.905 -0.463 -0.463,-1.0,0,0.000,0.000,0.5052,-0.00,backDouble,2.217,-715.9,0.0,-56.1,Reach,Throne,6.1,6.1,0.0
218,3.6333,air,trick,241.601,104.878,57.705,0.165,-14.992,-9.613,17.810,14.993,56.592,0.00,0.00,0.00,0.00,0.000,0,backDouble,0,0.00,0.00,0.00,244.001,108.198,56.719,-125.86,8.40,58.63,4.214,0.000,0.02,1.00,1,0,0,0,0,0,8.40,-34.38,-3.65,0.3986,0.1489,0.3748,1,4.214,0,0.420,0,flip_backDouble,flipReach,1.000,2,0.037 0.577 -0.453 0.462 0.467 0.899 -0.036 -0.541 0.506 -0.483,244.00,108.45,56.96,7.34,-125.90,89.90,220,612,852,1084,0.590,0.552 0.913 -0.470 -0.470,-1.0,0,0.000,0.000,0.5037,-0.00,backDouble,2.233,-716.8,0.0,-50.0,Reach,Throne,6.0,6.0,0.0
219,3.6500,air,trick,241.603,104.628,57.540,0.165,-14.994,-10.013,18.031,14.995,56.427,0.00,0.00,0.00,0.00,0.000,0,backDouble,0,0.00,0.00,0.00,244.002,107.951,56.486,-125.82,9.28,58.63,4.231,0.000,0.02,1.00,1,0,0,0,0,0,9.28,-34.38,-3.67,0.4006,0.1476,0.3807,1,4.231,0,0.420,0,flip_backDouble,flipReach,1.000,2,0.036 0.575 -0.454 0.416 0.449 0.897 -0.037 -0.577 0.497 -0.513,244.00,108.20,56.72,8.40,-125.86,89.90,228,620,852,1084,0.590,0.517 0.918 -0.501 -0.501,-1.0,0,0.000,0.000,0.5032,-0.00,backDouble,2.250,-717.6,0.0,-43.2,Reach,Throne,5.9,5.9,0.0
220,3.6667,air,trick,241.606,104.378,57.368,0.165,-14.996,-10.413,18.257,14.996,56.255,0.00,0.00,0.00,0.00,0.000,0,backDouble,0,0.00,0.00,0.00,244.003,107.703,56.271,-125.78,9.85,58.64,4.243,0.000,0.02,1.00,1,0,0,0,0,0,9.85,-34.38,-3.68,0.4073,0.1450,0.3868,1,4.243,0,0.420,0,flip_backDouble,flipReach,1.000,2,0.035 0.574 -0.455 0.390 0.438 0.896 -0.041 -0.625 0.477 -0.560,244.00,107.95,56.49,9.28,-125.82,89.90,236,628,852,1080,0.590,0.497 0.921 -0.550 -0.550,-1.0,0,0.000,0.000,0.5019,-0.00,backDouble,2.267,-718.3,0.0,-35.8,Reach,Throne,5.7,5.7,0.0
221,3.6833,air,trick,241.609,104.128,57.189,0.165,-14.997,-10.813,18.490,14.998,56.076,0.00,0.00,0.00,0.00,0.000,0,backDouble,0,0.00,0.00,0.00,244.003,107.455,56.069,-125.74,10.15,58.65,4.250,0.000,0.02,1.00,1,0,0,0,0,0,10.15,-34.38,-3.70,0.4179,0.1412,0.3925,1,4.250,0,0.420,0,flip_backDouble,flipReach,1.000,2,0.033 0.574 -0.458 0.384 0.435 0.896 -0.047 -0.679 0.443 -0.616,244.00,107.70,56.27,9.85,-125.78,89.91,228,644,852,1072,0.591,0.494 0.922 -0.609 -0.609,-1.0,0,0.000,0.000,0.4998,-0.00,backDouble,2.283,-718.8,0.0,-28.5,Reach,Throne,5.4,5.4,0.0
222,3.7000,air,trick,241.612,103.878,57.004,0.165,-14.999,-11.213,18.728,15.000,55.891,0.00,0.00,0.00,0.00,0.000,0,backDouble,0,0.00,0.00,0.00,244.004,107.208,55.875,-125.70,10.26,58.66,4.253,0.000,0.02,1.00,1,0,0,0,0,0,10.26,-34.38,-3.72,0.4293,0.1413,0.3979,1,4.253,0,0.420,0,flip_backDouble,flipReach,1.000,2,0.031 0.574 -0.460 0.384 0.434 0.898 -0.055 -0.731 0.395 -0.672,244.00,107.46,56.07,10.15,-125.74,89.92,228,656,852,1068,0.591,0.494 0.923 -0.671 -0.671,-1.0,0,0.000,0.000,0.4997,-0.00,backDouble,2.300,-719.2,0.0,-21.6,Reach,Reach,5.1,5.1,0.0
223,3.7167,air,trick,241.614,103.628,56.813,0.165,-15.026,-11.513,18.931,15.027,55.700,0.00,0.00,0.00,0.00,0.000,0,backDouble,0,0.00,0.00,0.00,244.005,106.960,55.684,-125.66,10.25,58.68,4.253,0.000,0.02,1.00,1,0,0,0,0,0,10.25,-34.38,-3.73,0.4351,0.1421,0.4059,1,4.253,0,0.420,0,flip_backDouble,flipReach,1.000,2,0.042 0.570 -0.452 0.376 0.451 0.884 -0.079 -0.778 0.323 -0.725,244.00,107.21,55.87,10.26,-125.70,89.93,228,664,852,1068,0.589,0.488 0.913 -0.733 -0.733,-1.0,0,0.000,0.000,0.5011,-0.00,backDouble,2.317,-719.5,0.0,-16.0,Reach,Reach,6.9,6.9,0.0
224,3.7333,air,trick,241.617,103.377,56.619,0.165,-15.078,-11.713,19.094,15.079,55.506,0.00,0.00,0.00,0.00,0.000,0,backDouble,0,0.00,0.00,0.00,244.006,106.712,55.494,-125.61,10.18,58.73,4.253,0.000,0.02,1.00,1,0,0,0,0,0,10.18,-34.39,-3.75,0.4384,0.1425,0.4117,1,4.253,0,0.420,0,flip_backDouble,flipReach,1.000,2,0.050 0.566 -0.445 0.370 0.464 0.873 -0.103 -0.806 0.252 -0.761,244.00,106.96,55.68,10.25,-125.66,89.96,236,672,852,1072,0.587,0.483 0.905 -0.778 -0.778,-1.0,0,0.000,0.000,0.5023,-0.00,backDouble,2.333,-719.8,0.0,-12.3,Reach,Reach,8.2,8.2,0.0
225,3.7500,air,trick,241.620,103.125,56.421,0.165,-15.130,-11.913,19.258,15.130,55.308,0.00,0.00,0.00,0.00,0.000,0,backDouble,0,0.00,0.00,0.00,244.007,106.463,55.303,-125.56,10.09,58.79,4.253,0.000,0.01,1.00,1,0,0,0,0,0,10.09,-34.40,-3.77,0.4394,0.1428,0.4154,1,4.253,0,0.420,0,flip_backDouble,flipReach,1.000,2,0.057 0.563 -0.441 0.365 0.474 0.864 -0.124 -0.820 0.190 -0.780,244.01,106.71,55.49,10.18,-125.61,90.01,240,680,856,1072,0.586,0.479 0.898 -0.805 -0.805,-1.0,0,0.000,0.000,0.5031,-0.00,backDouble,2.350,-720.0,0.0,0.0,Reach,Reach,9.3,9.3,0.0
226,3.7667,air,trick,241.623,102.872,56.220,0.165,-15.181,-12.113,19.423,15.182,55.107,0.00,0.00,0.00,0.00,0.000,0,backDouble,0,0.00,0.00,0.00,244.008,106.214,55.109,-125.51,9.98,58.87,4.254,0.000,0.01,1.00,1,0,0,0,0,0,9.98,-34.41,-3.78,0.4378,0.1429,0.4178,1,4.254,0,0.420,0,flip_backDouble,flipReach,1.000,2,0.063 0.560 -0.436 0.362 0.483 0.856 -0.143 -0.824 0.143 -0.788,244.01,106.46,55.30,10.09,-125.56,90.09,244,680,856,1076,0.584,0.475 0.891 -0.819 -0.819,-1.0,0,0.000,0.000,0.5038,-0.00,backDouble,2.367,-720.0,0.0,0.0,Reach,Reach,10.3,10.3,-0.0
227,3.7833,air,trick,241.625,102.618,56.015,0.165,-15.233,-12.313,19.588,15.234,54.902,0.00,0.00,0.00,0.00,0.000,0,backDouble,0,0.00,0.00,0.00,244.009,105.965,54.912,-125.46,9.86,58.97,4.254,0.000,0.01,1.00,1,0,0,0,0,0,9.86,-34.43,-3.80,0.4351,0.1430,0.4191,1,4.254,0,0.420,0,flip_backDouble,flipReach,1.000,2,0.067 0.558 -0.433 0.359 0.490 0.849 -0.155 -0.824 0.121 -0.789,244.01,106.21,55.11,9.98,-125.51,90.18,248,680,856,1080,0.582,0.471 0.886 -0.823 -0.823,-1.0,0,0.000,0.000,0.5044,-0.00,backDouble,2.383,-720.0,0.0,0.0,Reach,Reach,11.1,11.1,-0.0
228,3.8000,air,trick,241.628,102.364,55.808,0.165,-15.285,-12.513,19.755,15.286,54.695,0.00,0.00,0.00,0.00,0.000,0,backDouble,0,0.00,0.00,0.00,244.010,105.715,54.712,-125.40,9.74,59.08,4.254,0.000,0.01,1.00,1,0,0,0,0,0,9.74,-34.45,-3.82,0.4320,0.1430,0.4198,1,4.254,0,0.420,0,flip_backDouble,flipReach,1.000,2,0.071 0.556 -0.430 0.357 0.496 0.844 -0.163 -0.822 0.117 -0.788,244.01,105.96,54.91,9.86,-125.46,90.30,248,680,856,1080,0.581,0.469 0.881 -0.822 -0.822,-1.0,0,0.000,0.000,0.5049,-0.00,backDouble,2.400,-720.0,0.0,0.0,Reach,Reach,11.8,11.8,-0.0
229,3.8167,air,trick,241.631,102.108,55.597,0.165,-15.337,-12.713,19.922,15.338,54.484,0.00,0.00,0.00,0.00,0.000,0,backDouble,0,0.00,0.00,0.00,244.011,105.464,54.509,-125.35,9.61,59.19,4.255,0.000,0.01,1.00,1,0,0,0,0,0,9.61,-34.47,-3.83,0.4293,0.1428,0.4203,1,4.255,0,0.420,0,flip_backDouble,flipReach,1.000,2,0.074 0.555 -0.429 0.356 0.500 0.840 -0.169 -0.821 0.114 -0.787,244.01,105.71,54.71,9.74,-125.40,90.42,252,680,860,1080,0.580,0.466 0.878 -0.822 -0.822,-1.0,0,0.000,0.000,0.5052,-0.00,backDouble,2.417,-720.0,0.0,0.0,Reach,Reach,12.3,12.3,-0.0
230,3.8333,air,trick,241.634,101.852,55.382,0.165,-15.389,-12.913,20.089,15.389,54.269,0.00,0.00,0.00,0.00,0.000,0,backDouble,0,0.00,0.00,0.00,244.012,105.212,54.303,-125.29,9.48,59.32,4.255,0.000,0.01,1.00,1,0,0,0,0,0,9.48,-34.49,-3.85,0.4269,0.1427,0.4207,1,4.255,0,0.420,0,flip_backDouble,flipReach,1.000,2,0.076 0.554 -0.427 0.355 0.504 0.837 -0.173 -0.820 0.111 -0.786,244.01,105.46,54.51,9.61,-125.35,90.56,252,676,860,1080,0.579,0.465 0.875 -0.821 -0.821,-1.0,0,0.000,0.000,0.5055,-0.00,backDouble,2.433,-720.0,0.0,0.0,Reach,Reach,12.7,12.7,-0.0
231,3.8500,air,trick,241.636,101.595,55.165,0.165,-15.452,-13.100,20.259,15.453,54.052,0.00,0.00,0.00,0.00,0.000,0,backDouble,0,0.00,0.00,0.00,244.013,104.960,54.094,-125.24,9.35,59.46,4.256,0.000,0.01,1.00,1,0,0,0,0,0,9.35,-34.52,-3.87,0.4247,0.1424,0.4209,1,4.256,0,0.420,0,flip_backDouble,flipReach,1.000,2,0.078 0.553 -0.426 0.355 0.507 0.834 -0.175 -0.819 0.109 -0.786,244.01,105.21,54.30,9.48,-125.29,90.71,252,676,860,1080,0.578,0.463 0.872 -0.821 -0.821,-1.0,0,0.000,0.000,0.5056,-0.00,backDouble,2.450,-720.0,0.0,0.0,Reach,Reach,13.0,13.0,-0.0
232,3.8667,air,trick,241.639,101.335,54.946,0.165,-15.684,-13.100,20.436,15.685,53.833,0.00,0.00,0.00,0.00,0.000,0,backDouble,0,0.00,0.00,0.00,244.014,104.706,53.881,-125.16,9.24,59.60,4.259,0.000,0.01,1.00,1,0,0,0,0,0,9.24,-34.54,-3.88,0.4224,0.1421,0.4211,1,4.259,0,0.420,0,flip_backDouble,flipReach,1.000,2,0.079 0.552 -0.426 0.355 0.508 0.833 -0.177 -0.819 0.107 -0.786,244.01,104.96,54.09,9.35,-125.24,90.87,256,676,860,1080,0.578,0.462 0.870 -0.821 -0.821,-1.0,0,0.000,0.000,0.5057,-0.00,backDouble,2.467,-720.0,0.0,0.0,Reach,Reach,13.2,13.2,-0.0
233,3.8833,air,trick,241.642,101.070,54.728,0.165,-15.916,-13.100,20.614,15.917,53.615,0.00,0.00,0.00,0.00,0.000,0,backDouble,0,0.00,0.00,0.00,244.016,104.451,53.667,-125.07,9.15,59.75,4.265,0.000,0.01,1.00,1,0,0,0,0,0,9.15,-34.57,-3.90,0.4199,0.1417,0.4213,1,4.265,0,0.420,0,flip_backDouble,flipReach,1.000,2,0.080 0.552 -0.426 0.355 0.510 0.831 -0.179 -0.818 0.105 -0.785,244.01,104.71,53.88,9.24,-125.16,91.03,256,676,860,1080,0.577,0.461 0.869 -0.821 -0.820,-1.0,0,0.000,0.000,0.5058,-0.00,backDouble,2.483,-720.0,0.0,0.0,Reach,Reach,13.4,13.4,-0.0
234,3.9000,air,trick,241.645,100.802,54.510,0.165,-16.147,-13.100,20.794,16.148,53.397,0.00,0.00,0.00,0.00,0.000,0,backDouble,0,0.00,0.00,0.00,244.017,104.194,53.451,-124.97,9.08,59.91,4.272,0.000,0.01,1.00,1,0,0,0,0,0,9.08,-34.60,-3.92,0.4174,0.1411,0.4215,1,4.272,0,0.420,0,flip_backDouble,flipReach,1.000,2,0.081 0.552 -0.427 0.355 0.511 0.830 -0.180 -0.818 0.104 -0.785,244.02,104.45,53.67,9.15,-125.07,91.21,256,676,860,1080,0.577,0.460 0.868 -0.820 -0.820,-1.0,0,0.000,0.000,0.5057,-0.00,backDouble,2.500,-720.0,0.0,0.0,Reach,Reach,13.6,13.6,-0.0
235,3.9167,air,trick,241.647,100.530,54.291,0.165,-16.379,-13.100,20.974,16.380,53.178,0.00,0.00,0.00,0.00,0.000,0,backDouble,0,0.00,0.00,0.00,244.018,103.934,53.234,-124.85,9.01,60.06,4.281,0.000,0.01,1.00,1,0,0,0,0,0,9.01,-34.62,-3.93,0.4148,0.1406,0.4216,1,4.281,0,0.420,0,flip_backDouble,flipReach,1.000,2,0.081 0.551 -0.428 0.355 0.512 0.829 -0.182 -0.817 0.104 -0.785,244.02,104.19,53.45,9.08,-124.97,91.38,260,672,860,1080,0.576,0.459 0.867 -0.820 -0.820,-1.0,0,0.000,0.000,0.5057,-0.00,backDouble,2.517,-720.0,0.0,0.0,Reach,Reach,13.7,13.7,-0.0
236,3.9333,air,trick,241.650,100.254,54.073,0.165,-16.611,-13.100,21.156,16.612,52.960,0.00,0.00,0.00,0.00,0.000,0,backDouble,0,0.00,0.00,0.00,244.020,103.672,53.016,-124.73,8.95,60.22,4.291,0.000,0.01,1.00,1,0,0,0,0,0,8.95,-34.65,-3.95,0.4122,0.1400,0.4217,1,4.291,0,0.420,0,flip_backDouble,flipReach,1.000,2,0.082 0.551 -0.428 0.355 0.512 0.828 -0.182 -0.817 0.103 -0.785,244.02,103.93,53.23,9.01,-124.85,91.57,260,672,860,1080,0.576,0.459 0.866 -0.820 -0.820,-1.0,0,0.000,0.000,0.5056,-0.00,backDouble,2.533,-720.0,0.0,0.0,Reach,Reach,13.8,13.8,-0.0
237,3.9500,air,trick,241.653,99.974,53.855,0.165,-16.842,-13.100,21.338,16.843,52.742,0.00,0.00,0.00,0.00,0.000,0,backDouble,0,0.00,0.00,0.00,244.021,103.406,52.799,-124.61,8.89,60.39,4.301,0.000,0.01,1.00,1,0,0,0,0,0,8.89,-34.68,-3.97,0.4096,0.1393,0.4217,1,4.301,0,0.420,0,flip_backDouble,flipReach,1.000,2,0.082 0.551 -0.430 0.356 0.512 0.827 -0.183 -0.817 0.103 -0.785,244.02,103.67,53.02,8.95,-124.73,91.75,260,672,860,1080,0.576,0.458 0.866 -0.820 -0.820,-1.0,0,0.000,0.000,0.5055,-0.00,backDouble,2.550,-720.0,0.0,0.0,Reach,Reach,13.9,13.9,-0.0
238,3.9667,air,dive,241.656,99.692,53.634,0.165,-16.984,-13.410,21.641,16.985,52.521,0.00,0.00,0.00,0.00,0.000,0,,0,0.00,0.00,0.00,244.022,103.137,52.581,-124.49,8.80,60.55,4.310,0.000,0.01,1.00,1,0,0,0,0,0,8.80,-34.71,-3.98,0.4059,0.1389,0.4221,1,4.310,0,0.420,0,flip_backDouble,flipReach,1.000,2,0.085 0.550 -0.428 0.356 0.517 0.823 -0.188 -0.815 0.098 -0.785,244.02,103.41,52.80,8.89,-124.61,91.94,264,668,860,1080,0.575,0.458 0.862 -0.819 -0.820,-1.0,0,0.000,0.000,0.5058,-0.00,,-1.000,0.0,0.0,0.0,,,14.3,14.3,0.1
239,3.9833,air,dive,241.658,99.408,53.402,0.165,-17.036,-14.030,22.070,17.036,52.289,0.00,0.00,0.00,0.00,0.000,0,,0,0.00,0.00,0.00,244.024,102.865,52.364,-124.38,8.57,60.72,4.316,0.000,0.01,1.00,1,0,0,0,0,0,8.57,-34.74,-4.00,0.4005,0.1389,0.4231,1,4.316,0,0.420,0,air_dive,flipReach,1.000,2,0.092 0.547 -0.423 0.354 0.528 0.813 -0.199 -0.812 0.088 -0.783,244.02,103.14,52.58,8.80,-124.49,92.13,264,668,864,1080,0.572,0.454 0.852 -0.817 -0.818,-1.0,0,0.000,0.000,0.5066,-0.00,,-1.000,0.0,0.0,0.0,,,15.4,15.4,0.2
240,4.0000,air,dive,241.661,99.123,53.161,0.165,-17.087,-14.650,22.508,17.088,52.048,0.00,0.00,0.00,0.00,0.000,0,,0,0.00,0.00,0.00,244.025,102.590,52.147,-124.29,8.21,60.89,4.317,0.000,0.01,1.00,1,0,0,0,0,0,8.21,-34.76,-4.02,0.3912,0.1403,0.4255,1,4.317,0,0.420,0,air_dive,flipReach,1.000,2,0.102 0.539 -0.417 0.337 0.552 0.790 -0.215 -0.805 0.073 -0.775,244.02,102.86,52.36,8.57,-124.38,92.32,272,664,864,1084,0.566,0.434 0.830 -0.813 -0.813,-1.0,0,0.000,0.000,0.5083,-0.00,,-1.000,0.0,0.0,0.0,,,17.5,17.5,-0.1
241,4.0167,air,dive,241.664,98.838,52.909,0.165,-17.139,-15.270,22.955,17.140,51.796,0.00,0.00,0.00,0.00,0.000,0,,0,0.00,0.00,0.00,244.027,102.314,51.930,-124.20,7.71,61.06,4.316,0.000,0.01,1.00,1,0,0,0,0,0,7.71,-34.79,-4.03,0.3765,0.1439,0.4297,1,4.316,0,0.420,0,air_dive,flipReach,1.000,2,0.111 0.526 -0.411 0.295 0.594 0.748 -0.237 -0.790 0.052 -0.756,244.03,102.59,52.15,8.21,-124.29,92.51,284,660,868,1096,0.555,0.389 0.789 -0.805 -0.798,-1.0,0,0.000,0.000,0.5111,-0.00,,-1.000,0.0,0.0,0.0,,,20.8,20.8,-1.1
242,4.0333,air,dive,241.667,98.552,52.647,0.165,-17.190,-15.890,23.410,17.191,51.534,0.00,0.00,0.00,0.00,0.000,0,,0,0.00,0.00,0.00,244.028,102.038,51.712,-124.11,7.10,61.23,4.313,0.000,0.00,1.00,1,0,0,0,0,0,7.10,-34.82,-4.05,0.3571,0.1487,0.4347,1,4.313,0,0.420,0,air_dive,flipReach,1.000,2,0.116 0.507 -0.408 0.231 0.642 0.690 -0.260 -0.767 0.033 -0.720,244.03,102.31,51.93,7.71,-124.20,92.71,296,656,868,1108,0.539,0.319 0.731 -0.789 -0.768,-1.0,0,0.000,0.000,0.5141,-0.00,,-1.000,0.0,0.0,0.0,,,24.8,24.6,-3.2
243,4.0500,air,dive,241.669,98.264,52.374,0.165,-17.242,-16.510,23.872,17.243,51.261,0.00,0.00,0.00,0.00,0.000,0,,0,0.00,0.00,0.00,244.027,101.761,51.491,-123.99,6.39,61.40,4.309,0.000,0.00,1.00,1,0,0,0,0,0,6.39,-34.84,-4.07,0.3339,0.1535,0.4397,1,4.309,0,0.420,0,air_dive,flipReach,1.000,2,0.115 0.485 -0.407 0.148 0.686 0.622 -0.279 -0.734 0.019 -0.663,244.03,102.04,51.71,7.10,-124.11,92.90,316,648,872,1120,0.518,0.228 0.661 -0.763 -0.716,-1.0,0,0.000,0.000,0.5169,-0.00,,-1.000,0.0,0.0,0.0,,,29.3,28.8,-6.3
244,4.0667,air,dive,241.672,97.976,52.091,0.165,-17.294,-17.130,24.342,17.294,50.978,0.00,0.00,0.00,0.00,0.000,0,,0,0.00,0.00,0.00,244.025,101.485,51.268,-123.84,5.58,61.58,4.304,0.000,0.00,1.00,1,0,0,0,0,0,5.58,-34.87,-4.08,0.3088,0.1582,0.4436,1,4.304,0,0.420,0,air_dive,flipReach,1.000,2,0.106 0.459 -0.404 0.055 0.719 0.550 -0.292 -0.692 0.011 -0.585,244.03,101.76,51.49,6.39,-123.99,93.10,324,640,864,1132,0.492,0.125 0.585 -0.726 -0.640,-1.0,0,0.000,0.000,0.5189,-0.00,,-1.000,0.0,0.0,0.0,,,34.0,33.0,-10.4
245,4.0833,air,dive,241.675,97.688,51.798,0.165,-17.345,-17.750,24.818,17.346,50.685,0.00,0.00,0.00,0.00,0.000,0,,0,0.00,0.00,0.00,244.019,101.211,51.039,-123.64,4.69,61.76,4.300,0.000,0.00,1.00,1,0,0,0,0,0,4.69,-34.90,-4.10,0.2839,0.1632,0.4461,1,4.300,0,0.420,0,air_dive,flipReach,1.000,2,0.090 0.433 -0.394 -0.038 0.735 0.482 -0.301 -0.646 0.007 -0.486,244.02,101.49,51.27,5.58,-123.84,93.30,332,628,860,1140,0.464,0.018 0.510 -0.680 -0.540,-1.0,0,0.000,0.000,0.5192,-0.00,,-1.000,0.0,0.0,0.0,,,38.7,36.9,-15.4
246,4.1000,air,dive,241.678,97.398,51.494,0.165,-17.397,-18.370,25.301,17.397,50.381,0.00,0.00,0.00,0.00,0.000,0,,0,0.00,0.00,0.00,244.011,100.939,50.805,-123.38,3.73,61.94,4.296,0.000,0.00,1.00,1,0,0,0,0,0,3.73,-34.92,-4.12,0.2637,0.1657,0.4458,1,4.296,0,0.420,0,air_dive,fallCalm,1.000,2,0.069 0.407 -0.378 -0.123 0.732 0.424 -0.307 -0.597 0.003 -0.372,244.02,101.21,51.04,4.69,-123.64,93.50,340,616,856,1140,0.434,-0.080 0.444 -0.629 -0.419,-1.0,0,0.000,0.000,0.5189,-0.00,,-1.000,0.0,0.0,0.0,,,43.0,40.4,-20.8
247,4.1167,air,dive,241.680,97.107,51.180,0.165,-17.448,-18.990,25.789,17.449,50.067,0.00,0.00,0.00,0.00,0.000,0,,0,0.00,0.00,0.00,243.998,100.670,50.565,-123.04,2.71,62.12,4.294,0.000,0.00,1.00,1,0,0,0,0,0,2.71,-34.95,-4.13,0.2503,0.1659,0.4432,1,4.294,0,0.420,0,air_dive,fallCalm,1.000,2,0.045 0.386 -0.354 -0.190 0.712 0.377 -0.314 -0.553 -0.006 -0.252,244.01,100.94,50.81,3.73,-123.38,93.71,348,604,852,1136,0.406,-0.160 0.390 -0.578 -0.289,-1.0,0,0.000,0.000,0.5177,-0.00,,-1.000,0.0,0.0,0.0,,,46.8,43.3,-26.2
248,4.1333,air,dive,241.683,96.816,50.856,0.165,-17.500,-19.610,26.284,17.501,49.743,0.00,0.00,0.00,0.00,0.000,0,,0,0.00,0.00,0.00,243.980,100.403,50.318,-122.62,1.65,62.31,4.294,0.000,0.00,1.00,1,0,0,0,0,0,1.65,-34.97,-4.15,0.2399,0.1645,0.4412,1,4.294,0,0.420,0,air_dive,fallCalm,1.000,2,0.021 0.371 -0.329 -0.235 0.678 0.340 -0.323 -0.517 -0.020 -0.140,244.00,100.67,50.57,2.71,-123.04,93.92,352,592,848,1128,0.384,-0.218 0.347 -0.533 -0.163,-1.0,0,0.000,0.000,0.5158,-0.00,,-1.000,0.0,0.0,0.0,,,49.6,45.4,-30.8
249,4.1500,air,dive,241.686,96.523,50.522,0.165,-17.551,-20.230,26.783,17.552,49.409,0.00,0.00,0.00,0.00,0.000,0,,0,0.00,0.00,0.00,243.957,100.140,50.064,-122.12,0.55,62.50,4.295,0.000,0.00,1.00,1,0,0,0,0,0,0.55,-35.00,-4.17,0.2330,0.1623,0.4405,1,4.295,0,0.420,0,air_dive,fallCalm,1.000,2,-0.002 0.367 -0.308 -0.255 0.641 0.311 -0.337 -0.493 -0.039 -0.047,243.98,100.40,50.32,1.65,-122.62,94.13,356,588,848,1124,0.372,-0.250 0.313 -0.499 -0.055,-1.0,0,0.000,0.000,0.5133,-0.00,,-1.000,0.0,0.0,0.0,,,51.2,46.3,-34.0
250,4.1667,air,dive,241.689,96.230,50.177,0.165,-17.603,-20.850,27.288,17.604,39.926,0.00,0.00,0.00,0.00,0.000,0,,0,0.00,0.00,0.00,243.928,99.880,49.801,-121.53,-0.58,62.69,4.298,0.000,0.00,1.00,1,0,0,0,0,0,-0.58,-35.02,-4.18,0.2287,0.1598,0.4408,1,4.298,0,0.420,0,air_dive,fallCalm,1.000,2,-0.023 0.371 -0.295 -0.258 0.604 0.288 -0.352 -0.479 -0.056 0.025,243.96,100.14,50.06,0.55,-122.12,94.34,360,584,848,1116,0.366,-0.264 0.286 -0.473 0.033,-1.0,0,0.000,0.000,0.5108,-0.00,,-1.000,0.0,0.0,0.0,,,51.9,46.3,-36.1
251,4.1833,air,dive,241.691,95.936,49.821,0.165,-17.654,-21.470,27.797,17.655,48.708,0.00,0.00,0.00,0.00,0.000,0,,0,0.00,0.00,0.00,243.893,99.622,49.529,-120.85,-1.72,62.89,4.304,0.000,0.00,1.00,1,0,0,0,0,0,-1.72,-35.05,-4.20,0.2264,0.1571,0.4412,1,4.304,0,0.420,0,air_dive,fallCalm,1.000,2,-0.044 0.378 -0.290 -0.254 0.575 0.278 -0.365 -0.471 -0.068 0.079,243.93,99.88,49.80,-0.58,-121.53,94.56,356,580,844,1108,0.364,-0.271 0.272 -0.453 0.102,-1.0,0,0.000,0.000,0.5087,-0.00,,-1.000,0.0,0.0,0.0,,,52.2,45.9,-37.6
252,4.2000,air,dive,241.694,95.641,49.456,0.165,-17.706,-22.090,28.311,17.707,48.343,0.00,0.00,0.00,0.00,0.000,0,,0,0.00,0.00,0.00,243.854,99.367,49.247,-120.10,-2.86,63.09,4.311,0.000,0.00,1.00,1,0,0,0,0,0,-2.86,-35.09,-4.22,0.2259,0.1547,0.4413,1,4.311,0,0.420,0,air_dive,fallCalm,1.000,2,-0.064 0.386 -0.295 -0.246 0.555 0.278 -0.374 -0.466 -0.074 0.112,243.89,99.62,49.53,-1.72,-120.85,94.78,356,580,844,1104,0.364,-0.274 0.269 -0.437 0.151,-1.0,0,0.000,0.000,0.5072,-0.00,,-1.000,0.0,0.0,0.0,,,52.2,45.3,-38.7
253,4.2167,air,dive,241.697,95.346,49.080,0.165,-17.758,-22.710,28.829,17.758,47.967,0.00,0.00,0.00,0.00,0.000,0,,0,0.00,0.00,0.00,243.808,99.113,48.956,-119.27,-4.01,63.29,4.320,0.000,0.00,1.00,1,0,0,0,0,0,-4.01,-35.13,-4.23,0.2286,0.1509,0.4423,1,4.320,0,0.420,0,air_dive,fallCalm,1.000,2,-0.080 0.396 -0.307 -0.236 0.545 0.286 -0.363 -0.476 -0.056 0.096,243.85,99.37,49.25,-2.86,-120.10,95.00,356,584,848,1100,0.364,-0.275 0.273 -0.435 0.150,-1.0,0,0.000,0.000,0.5074,-0.00,,-1.000,0.0,0.0,0.0,,,52.1,44.7,-39.4
254,4.2333,air,dive,241.700,95.049,48.694,0.165,-17.809,-23.330,29.351,17.810,47.581,0.00,0.00,0.00,0.00,0.000,0,,0,0.00,0.00,0.00,243.758,98.860,48.654,-118.37,-5.16,63.50,4.332,0.000,0.00,1.00,1,0,0,0,0,0,-5.16,-35.18,-4.25,0.2299,0.1479,0.4430,1,4.332,0,0.420,0,air_dive,fallCalm,1.000,2,-0.093 0.405 -0.320 -0.225 0.537 0.289 -0.355 -0.484 -0.034 0.071,243.81,99.11,48.96,-4.01,-119.27,95.23,352,584,852,1096,0.366,-0.275 0.273 -0.430 0.142,-1.0,0,0.000,0.000,0.5074,-0.00,,-1.000,0.0,0.0,0.0,,,51.9,44.2,-39.6
255,4.2500,air,dive,241.702,94.752,48.297,0.165,-17.861,-23.950,29.877,17.861,47.184,0.00,0.00,0.00,0.00,0.000,0,,0,0.00,0.00,0.00,243.703,98.608,48.342,-117.41,-6.29,63.70,4.345,0.000,-0.00,1.00,1,0,0,0,0,0,-6.29,-35.24,-4.27,0.2295,0.1461,0.4433,1,4.345,0,0.420,0,air_dive,fallCalm,1.000,2,-0.101 0.415 -0.334 -0.211 0.532 0.288 -0.354 -0.487 -0.013 0.047,243.76,98.86,48.65,-5.16,-118.37,95.45,352,584,856,1096,0.368,-0.272 0.269 -0.421 0.134,-1.0,0,0.000,0.000,0.5072,-0.00,,-1.000,0.0,0.0,0.0,,,51.7,43.9,-39.4
256,4.2667,air,dive,241.705,94.453,47.890,0.165,-17.912,-24.570,30.407,17.913,46.777,0.00,0.00,0.00,0.00,0.000,0,,0,0.00,0.00,0.00,243.644,98.356,48.020,-116.41,-7.41,63.92,4.359,0.001,-0.00,1.00,1,0,0,0,0,0,-7.41,-35.30,-4.28,0.2284,0.1454,0.4427,1,4.359,0,0.420,0,air_dive,fallCalm,1.000,2,-0.105 0.425 -0.348 -0.195 0.530 0.283 -0.358 -0.484 0.008 0.022,243.70,98.61,48.34,-6.29,-117.41,95.69,348,584,856,1092,0.370,-0.267 0.261 -0.407 0.126,-1.0,0,0.000,0.000,0.5066,-0.00,,-1.000,0.0,0.0,0.0,,,51.3,43.7,-38.8
257,4.2833,air,dive,241.708,94.154,47.473,0.165,-17.964,-25.190,30.940,17.964,46.360,0.00,0.00,0.00,0.00,0.000,0,,0,0.00,0.00,0.00,243.581,98.102,47.686,-115.38,-8.51,64.13,4.375,0.002,-0.00,1.00,1,0,0,0,0,0,-8.51,-35.38,-4.30,0.2258,0.1458,0.4415,1,4.375,0,0.420,0,air_dive,fallCalm,1.000,2,-0.105 0.436 -0.363 -0.177 0.531 0.274 -0.369 -0.477 0.029 -0.003,243.64,98.36,48.02,-7.41,-116.41,95.92,348,580,852,1092,0.374,-0.260 0.249 -0.387 0.118,-1.0,0,0.000,0.000,0.5057,-0.00,,-1.000,0.0,0.0,0.0,,,50.9,43.6,-37.8
258,4.3000,air,dive,241.709,93.854,47.045,0.000,-18.015,-25.810,31.475,18.015,45.932,0.00,0.00,0.00,0.00,0.000,0,,0,0.00,0.00,0.00,243.515,97.848,47.341,-114.33,-9.59,64.35,4.393,0.003,-0.00,1.00,1,0,0,0,0,0,-9.59,-35.48,-4.32,0.2217,0.1467,0.4399,1,4.393,0,0.420,0,air_dive,fallCalm,1.000,2,-0.103 0.446 -0.378 -0.158 0.532 0.262 -0.383 -0.465 0.049 -0.028,243.58,98.10,47.69,-8.51,-115.38,96.16,348,576,848,1092,0.377,-0.251 0.234 -0.363 0.110,-1.0,0,0.000,0.000,0.5046,-0.00,,-1.000,0.0,0.0,0.0,,,50.5,44.0,-36.3
259,4.3167,air,dive,241.709,93.553,46.607,0.000,-18.065,-26.430,32.014,18.065,45.494,0.00,0.00,0.00,0.00,0.000,0,,0,0.00,0.00,0.00,243.447,97.591,46.984,-113.29,-10.64,64.57,4.412,0.005,-0.00,1.00,1,0,0,0,0,0,-10.64,-35.58,-4.33,0.2168,0.1484,0.4374,1,4.412,0,0.421,0,air_dive,fallFast,1.000,2,-0.096 0.456 -0.394 -0.136 0.536 0.245 -0.401 -0.447 0.068 -0.054,243.52,97.85,47.34,-9.59,-114.33,96.40,344,568,848,1092,0.381,-0.240 0.216 -0.333 0.101,-1.0,0,0.000,0.000,0.5033,-0.00,,-1.000,0.0,0.0,0.0,,,50.0,44.1,-34.6
260,4.3333,air,dive,241.709,93.251,46.159,0.000,-18.115,-27.050,32.556,18.115,45.046,0.00,0.00,0.00,0.00,0.000,0,,0,0.00,0.00,0.00,243.377,97.332,46.616,-112.23,-11.66,64.80,4.432,0.007,-0.00,1.00,1,0,0,0,0,0,-11.66,-35.71,-4.35,0.2115,0.1504,0.4340,1,4.432,0,0.421,0,air_dive,fallFast,1.000,2,-0.085 0.466 -0.409 -0.111 0.540 0.225 -0.422 -0.425 0.085 -0.081,243.45,97.59,46.98,-10.64,-113.29,96.65,344,564,840,1088,0.385,-0.225 0.194 -0.299 0.091,-1.0,0,0.000,0.000,0.5018,-0.00,,-1.000,0.0,0.0,0.0,,,49.4,44.4,-32.5
261,4.3500,air,dive,241.711,92.949,45.701,0.165,-18.165,-27.670,33.100,18.166,44.588,0.00,0.00,0.00,0.00,0.000,0,,0,0.00,0.00,0.00,243.306,97.070,46.237,-111.15,-12.65,65.03,4.452,0.011,-0.00,1.00,1,0,0,0,0,0,-12.65,-35.85,-4.37,0.2050,0.1528,0.4298,1,4.452,0,0.421,0,air_dive,fallFast,1.000,2,-0.069 0.476 -0.425 -0.081 0.547 0.199 -0.446 -0.396 0.102 -0.111,243.38,97.33,46.62,-11.66,-112.23,96.89,340,556,836,1088,0.389,-0.204 0.167 -0.258 0.078,-1.0,0,0.000,0.000,0.5002,-0.00,,-1.000,0.0,0.0,0.0,,,48.8,44.5,-30.1
262,4.3667,air,dive,241.713,92.645,45.232,0.165,-18.217,-28.290,33.648,18.217,44.119,0.00,0.00,0.00,0.00,0.000,0,,0,0.00,0.00,0.00,243.234,96.806,45.846,-110.08,-13.62,65.26,4.472,0.015,-0.00,1.00,1,0,0,0,0,0,-13.62,-36.00,-4.38,0.1977,0.1549,0.4250,1,4.472,0,0.422,0,air_dive,fallFast,1.000,2,-0.050 0.485 -0.440 -0.049 0.552 0.170 -0.468 -0.362 0.116 -0.140,243.31,97.07,46.24,-12.65,-111.15,97.15,340,548,832,1088,0.393,-0.181 0.138 -0.213 0.064,-1.0,0,0.000,0.000,0.4986,-0.00,,-1.000,0.0,0.0,0.0,,,48.2,44.9,-27.0
263,4.3833,swing,swingLow,241.719,92.426,44.717,0.533,-8.184,-33.104,34.105,8.202,43.604,235.51,81.73,72.76,50.02,0.042,0,,0,0.00,0.00,0.00,243.163,96.545,45.437,-109.31,-15.11,65.80,4.424,0.020,-0.00,1.00,1,0,0,0,0,0,-15.11,-36.12,-4.40,0.1653,0.1569,0.4105,1,4.424,0,0.422,0,air_dive,fallFast,1.000,2,0.109 0.493 -0.455 0.144 0.570 -0.027 -0.544 -0.190 0.098 -0.237,243.23,96.81,45.85,-13.62,-110.08,97.40,336,536,828,1088,0.396,-0.003 -0.061 -0.026 -0.009,28.1,1,0.000,0.000,0.4970,-0.00,,-1.000,0.0,0.0,0.0,,,47.9,47.5,-9.4
264,4.4000,swing,swingLow,241.729,92.285,44.162,0.602,-8.656,-33.357,34.467,8.676,43.049,235.51,81.73,72.76,50.02,0.117,0,,0,0.00,0.00,0.00,243.091,96.302,45.004,-108.73,-17.04,66.76,4.324,0.026,-0.00,1.00,1,0,0,0,0,0,-17.04,-36.15,-4.42,0.1621,0.1549,0.4100,1,4.324,0,0.421,0,swing,fallFast,1.000,2,0.082 0.485 -0.491 0.120 0.561 -0.023 -0.508 -0.156 0.153 -0.216,243.16,96.55,45.44,-15.11,-109.31,97.99,340,512,824,1084,0.368,-0.039 -0.068 0.039 0.042,31.1,1,0.000,0.000,0.4955,-0.00,,-1.000,0.0,0.0,0.0,,,51.4,50.7,-15.1
265,4.4167,swing,swingLow,241.740,92.137,43.603,0.666,-9.137,-33.600,34.827,9.161,42.490,235.51,81.73,72.76,50.02,0.180,0,,0,0.00,0.00,0.00,243.018,96.082,44.546,-107.95,-18.71,67.91,4.253,0.032,-0.00,1.00,1,0,0,0,0,0,-18.71,-36.12,-4.43,0.1785,0.1490,0.4135,1,4.253,0,0.420,0,swing,fallFast,1.000,2,0.034 0.508 -0.575 0.216 0.553 0.027 -0.464 -0.222 0.204 -0.259,243.09,96.30,45.00,-17.04,-108.73,99.03,332,524,828,1080,0.386,0.042 -0.032 0.000 0.018,28.4,1,0.000,0.000,0.4963,-0.00,,-1.000,0.0,0.0,0.0,,,49.2,47.8,-19.5
266,4.4333,swing,swingLow,241.752,91.980,43.039,0.728,-9.629,-33.834,35.185,9.656,41.926,235.51,81.73,72.76,50.02,0.234,0,,0,0.00,0.00,0.00,242.943,95.884,44.066,-106.96,-20.13,69.11,4.209,0.039,-0.00,1.00,1,0,0,0,0,0,-20.13,-36.05,-4.45,0.1944,0.1435,0.4163,1,4.209,0,0.419,0,swing,fallFast,1.000,2,0.004 0.534 -0.634 0.372 0.537 0.057 -0.420 -0.300 0.238 -0.305,243.02,96.08,44.55,-18.71,-107.95,100.25,328,536,836,1076,0.414,0.187 -0.011 -0.055 -0.014,24.8,1,0.000,0.000,0.4957,-0.00,,-1.000,0.0,0.0,0.0,,,45.4,43.5,-19.7
267,4.4500,swing,swingLow,241.765,91.815,42.472,0.788,-10.131,-34.057,35.541,10.161,41.359,235.51,81.73,72.76,50.02,0.280,0,,0,0.00,0.00,0.00,242.865,95.702,43.570,-105.80,-21.35,70.27,4.186,0.047,-0.00,1.00,1,0,0,0,0,0,-21.35,-35.95,-4.47,0.2139,0.1429,0.4210,1,4.186,0,0.417,0,swing,fallFast,1.000,2,-0.019 0.557 -0.655 0.543 0.520 0.085 -0.374 -0.382 0.261 -0.351,242.94,95.88,44.07,-20.13,-106.96,101.52,320,552,836,1068,0.447,0.359 0.010 -0.122 -0.051,20.6,1,0.001,0.000,0.4928,-0.00,,-1.000,0.0,0.0,0.0,,,40.8,38.4,-18.6
268,4.4667,swing,swingLow,241.779,91.641,41.901,0.847,-10.642,-34.270,35.894,10.676,40.788,235.51,81.73,72.76,50.02,0.320,0,,0,0.00,0.00,0.00,242.785,95.529,43.061,-104.51,-22.00,71.35,4.180,0.055,-0.00,1.00,1,0,0,0,0,0,-22.00,-35.84,-4.48,0.2547,0.1383,0.4220,1,4.180,0,0.416,0,swing,fallFast,1.000,2,-0.036 0.574 -0.634 0.700 0.505 0.109 -0.328 -0.460 0.272 -0.383,242.86,95.70,43.57,-21.35,-105.80,102.73,316,572,840,1064,0.480,0.533 0.032 -0.196 -0.083,15.9,1,0.004,0.000,0.4920,-0.00,,-1.000,0.0,0.0,0.0,,,35.7,33.1,-17.0
269,4.4833,swing,swingLow,241.794,91.459,41.327,0.903,-11.164,-34.472,36.246,11.200,40.214,235.51,81.73,72.76,50.02,0.355,0,,0,0.00,0.00,0.00,242.703,95.361,42.543,-103.11,-22.00,72.32,4.187,0.064,-0.00,1.00,1,0,0,0,0,0,-22.00,-35.72,-4.50,0.2951,0.1299,0.4262,1,4.187,0,0.414,0,swing,fallFast,1.000,2,-0.047 0.584 -0.577 0.827 0.491 0.121 -0.281 -0.528 0.276 -0.401,242.78,95.53,43.06,-22.00,-104.51,103.84,304,592,848,1056,0.509,0.691 0.049 -0.270 -0.108,11.4,1,0.008,0.000,0.4933,-0.00,,-1.000,0.0,0.0,0.0,,,30.6,27.9,-14.9
270,4.5000,swing,swingLow,241.809,91.268,40.749,0.954,-11.695,-34.662,36.594,11.734,39.636,235.51,81.73,72.76,50.02,0.386,0,,0,0.00,0.00,0.00,242.620,95.194,42.017,-101.66,-22.00,73.18,4.204,0.073,-0.00,1.00,1,0,0,0,0,0,-22.00,-35.60,-4.52,0.3245,0.1207,0.4310,1,4.204,0,0.412,0,swing,swingLowL,1.000,2,-0.057 0.588 -0.506 0.912 0.481 0.136 -0.235 -0.589 0.273 -0.407,242.70,95.36,42.54,-22.00,-103.11,104.83,296,616,856,1052,0.532,0.810 0.070 -0.342 -0.121,7.3,1,0.012,0.000,0.4958,-0.00,,-1.000,0.0,0.0,0.0,,,26.0,23.1,-13.3
271,4.5167,swing,swingLow,241.826,91.068,40.169,1.002,-12.236,-34.841,36.940,12.277,39.056,235.51,81.73,72.76,50.02,0.413,0,,0,0.00,0.00,0.00,242.536,95.024,41.484,-100.18,-22.00,73.93,4.229,0.083,-0.00,1.00,1,0,0,0,0,0,-22.00,-35.48,-4.53,0.3432,0.1115,0.4364,1,4.229,0,0.410,0,swing,swingLowL,1.000,2,-0.065 0.589 -0.432 0.962 0.475 0.145 -0.189 -0.640 0.266 -0.403,242.62,95.19,42.02,-22.00,-101.66,105.70,292,636,872,1052,0.549,0.891 0.089 -0.406 -0.120,3.8,1,0.017,0.000,0.4989,-0.01,,-1.000,0.0,0.0,0.0,,,22.0,18.9,-12.1
272,4.5333,swing,swingLow,241.843,90.860,39.588,1.042,-12.720,-34.834,37.098,12.763,38.475,235.51,81.73,72.76,50.02,0.438,0,,0,0.00,0.00,0.00,242.453,94.850,40.947,-98.69,-22.00,74.59,4.259,0.094,-0.00,1.00,1,0,0,0,0,0,-22.00,-35.37,-4.55,0.3530,0.1036,0.4417,1,4.259,0,0.408,0,swing,swingLowL,1.000,2,-0.068 0.587 -0.367 0.987 0.474 0.150 -0.149 -0.679 0.253 -0.386,242.54,95.02,41.48,-22.00,-100.18,106.45,292,648,884,1048,0.561,0.942 0.105 -0.458 -0.105,1.7,1,0.022,0.000,0.5020,-0.04,,-1.000,0.0,0.0,0.0,,,18.9,15.8,-10.9
273,4.5500,swing,swingLow,241.861,90.644,39.007,1.079,-13.207,-34.817,37.253,13.251,37.894,235.51,81.73,72.76,50.02,0.460,0,,0,0.00,0.00,0.00,242.372,94.669,40.404,-97.23,-22.00,75.15,4.292,0.105,-0.00,1.00,1,0,0,0,0,0,-22.00,-35.26,-4.57,0.3574,0.0990,0.4468,1,4.292,0,0.406,0,swing,swingLowL,1.000,2,-0.069 0.583 -0.320 0.996 0.478 0.153 -0.113 -0.714 0.240 -0.367,242.45,94.85,40.95,-22.00,-98.69,107.10,300,660,892,1048,0.569,0.974 0.122 -0.507 -0.086,2.1,1,0.026,0.000,0.5044,-0.09,,-1.000,0.0,0.0,0.0,,,16.0,12.8,-9.9
274,4.5667,swing,swingLow,241.880,90.419,38.426,1.112,-13.696,-34.790,37.405,13.741,37.313,235.51,81.73,72.76,50.02,0.479,0,,0,0.00,0.00,0.00,242.293,94.481,39.859,-95.81,-22.00,75.63,4.327,0.117,-0.00,1.00,1,0,0,0,0,0,-22.00,-35.16,-4.58,0.3567,0.1000,0.4523,1,4.327,0,0.404,0,swing,swingLowL,1.000,2,-0.068 0.578 -0.320 0.994 0.485 0.158 -0.080 -0.743 0.227 -0.347,242.37,94.67,40.40,-22.00,-97.23,107.66,304,664,892,1052,0.576,0.987 0.140 -0.553 -0.066,4.1,1,0.029,0.000,0.5048,-0.17,,-1.000,0.0,0.0,0.0,,,13.3,10.0,-8.9
275,4.5833,swing,swingLow,241.899,90.187,37.846,1.143,-14.187,-34.752,37.554,14.233,36.733,235.51,81.73,72.76,50.02,0.496,0,,0,0.00,0.00,0.00,242.217,94.285,39.312,-94.44,-22.00,76.05,4.364,0.129,-0.00,1.00,1,0,0,0,0,0,-22.00,-35.07,-4.60,0.3544,0.1009,0.4565,1,4.364,0,0.402,0,swing,swingLowL,1.000,2,-0.067 0.572 -0.318 0.989 0.495 0.163 -0.051 -0.766 0.216 -0.326,242.29,94.48,39.86,-22.00,-95.81,108.14,312,668,892,1052,0.581,0.997 0.160 -0.594 -0.045,6.1,1,0.031,0.000,0.5055,-0.26,,-1.000,0.0,0.0,0.0,,,10.9,7.4,-8.1
276,4.6000,swing,swingLow,241.918,89.946,37.266,1.171,-14.680,-34.704,37.700,14.726,36.153,235.51,81.73,72.76,50.02,0.511,0,,0,0.00,0.00,0.00,242.144,94.081,38.762,-93.12,-22.00,76.40,4.403,0.141,-0.00,1.00,1,0,0,0,0,0,-22.00,-34.99,-4.62,0.3507,0.1018,0.4598,1,4.403,0,0.401,0,swing,swingLowL,1.000,2,-0.064 0.565 -0.316 0.983 0.506 0.169 -0.027 -0.784 0.208 -0.306,242.22,94.29,39.31,-22.00,-94.44,108.54,320,672,892,1056,0.584,1.005 0.180 -0.630 -0.024,7.9,1,0.032,0.000,0.5064,-0.36,,-1.000,0.0,0.0,0.0,,,9.0,5.1,-7.5
277,4.6167,swing,swingLow,241.938,89.697,36.688,1.195,-15.174,-34.646,37.842,15.221,35.575,235.51,81.73,72.76,50.02,0.525,0,,0,0.00,0.00,0.00,242.074,93.868,38.212,-91.87,-22.00,76.71,4.443,0.153,-0.00,1.00,1,0,0,0,0,0,-22.00,-34.92,-4.63,0.3461,0.1023,0.4623,1,4.443,0,0.399,0,swing,swingLowL,1.000,2,-0.062 0.558 -0.313 0.976 0.517 0.176 -0.009 -0.795 0.202 -0.289,242.14,94.08,38.76,-22.00,-93.12,108.89,324,672,892,1056,0.585,1.009 0.200 -0.657 -0.006,9.3,1,0.029,0.000,0.5073,-0.47,,-1.000,0.0,0.0,0.0,,,7.6,3.1,-7.0
278,4.6333,swing,swingLow,241.958,89.440,36.111,1.218,-15.669,-34.577,37.981,15.716,34.998,235.51,81.73,72.76,50.02,0.538,0,,0,0.00,0.00,0.00,242.009,93.647,37.660,-90.70,-22.00,76.97,4.484,0.165,-0.00,1.00,1,0,0,0,0,0,-22.00,-34.85,-4.65,0.3410,0.1024,0.4642,1,4.484,0,0.397,0,swing,swingLowL,1.000,2,-0.059 0.552 -0.310 0.970 0.527 0.183 0.004 -0.803 0.201 -0.274,242.07,93.87,38.21,-22.00,-91.87,109.18,328,672,892,1056,0.586,1.012 0.218 -0.679 0.011,10.2,1,0.025,0.000,0.5081,-0.59,,-1.000,0.0,0.0,0.0,,,6.8,1.6,-6.6
279,4.6500,swing,swingLow,241.979,89.174,35.534,1.237,-16.165,-34.498,38.117,16.212,34.421,235.51,81.73,72.76,50.02,0.550,0,,0,0.00,0.00,0.00,241.948,93.417,37.108,-89.59,-22.00,77.20,4.525,0.178,-0.00,1.00,1,0,0,0,0,0,-22.00,-34.79,-4.67,0.3358,0.1021,0.4658,1,4.525,0,0.396,0,swing,swingLowL,1.000,2,-0.057 0.548 -0.307 0.964 0.534 0.189 0.012 -0.806 0.203 -0.264,242.01,93.65,37.66,-22.00,-90.70,109.44,336,672,896,1056,0.586,1.014 0.231 -0.693 0.022,10.8,1,0.021,0.000,0.5087,-0.71,,-1.000,0.0,0.0,0.0,,,6.4,0.5,-6.4
280,4.6667,swing,swingLow,242.000,88.900,34.960,1.254,-16.661,-34.408,38.250,16.708,33.847,235.51,81.73,72.76,50.02,0.561,0,,0,0.00,0.00,0.00,241.892,93.178,36.556,-88.55,-22.00,77.40,4.567,0.190,-0.00,1.00,1,0,0,0,0,0,-22.00,-34.74,-4.68,0.3308,0.1014,0.4670,1,4.567,0,0.394,0,swing,swingLowL,1.000,2,-0.056 0.545 -0.306 0.959 0.540 0.194 0.015 -0.807 0.210 -0.257,241.95,93.42,37.11,-22.00,-89.59,109.66,340,672,896,1056,0.586,1.014 0.241 -0.701 0.030,10.8,1,0.017,0.000,0.5090,-0.83,,-1.000,0.0,0.0,0.0,,,6.3,-0.1,-6.3
281,4.6833,swing,swingLow,242.021,88.618,34.387,1.270,-17.158,-34.307,38.379,17.205,33.274,235.51,81.73,72.76,50.02,0.572,0,,0,0.00,0.00,0.00,241.839,92.931,36.003,-87.59,-22.00,77.57,4.609,0.203,-0.00,1.00,1,0,0,0,0,0,-22.00,-34.69,-4.70,0.3262,0.1006,0.4680,1,4.609,0,0.393,0,swing,swingLowL,1.000,2,-0.055 0.543 -0.304 0.955 0.544 0.199 0.016 -0.807 0.217 -0.254,241.89,93.18,36.56,-22.00,-88.55,109.85,344,672,896,1056,0.586,1.014 0.249 -0.706 0.034,10.7,1,0.014,0.000,0.5093,-0.96,,-1.000,0.0,0.0,0.0,,,6.3,-0.6,-6.3
282,4.7000,swing,swingLow,242.042,88.328,33.815,1.282,-17.655,-34.195,38.505,17.701,32.702,235.51,81.73,72.76,50.02,0.582,0,,0,0.00,0.00,0.00,241.792,92.675,35.451,-86.70,-22.00,77.73,4.651,0.215,-0.00,1.00,1,0,0,0,0,0,-22.00,-34.65,-4.72,0.3219,0.0998,0.4688,1,4.651,0,0.392,0,swing,swingLowL,1.000,2,-0.053 0.541 -0.302 0.951 0.548 0.203 0.017 -0.807 0.224 -0.251,241.84,92.93,36.00,-22.00,-87.59,110.02,348,668,896,1056,0.586,1.014 0.257 -0.711 0.038,10.6,1,0.010,0.000,0.5096,-1.08,,-1.000,0.0,0.0,0.0,,,6.4,-1.1,-6.3
283,4.7167,swing,swingLow,242.064,88.029,33.246,1.292,-18.151,-34.072,38.627,18.197,32.133,235.51,81.73,72.76,50.02,0.591,0,,0,0.00,0.00,0.00,241.748,92.410,34.899,-85.88,-22.00,77.87,4.693,0.228,-0.00,1.00,1,0,0,0,0,0,-22.00,-34.61,-4.73,0.3177,0.0989,0.4693,1,4.693,0,0.390,0,swing,swingLowL,1.000,2,-0.052 0.539 -0.299 0.946 0.552 0.207 0.017 -0.807 0.230 -0.251,241.79,92.67,35.45,-22.00,-86.70,110.17,348,668,896,1056,0.586,1.014 0.264 -0.715 0.039,10.5,1,0.007,0.000,0.5098,-1.22,,-1.000,0.0,0.0,0.0,,,6.5,-1.6,-6.3
284,4.7333,swing,swingLow,242.086,87.723,32.679,1.301,-18.647,-33.939,38.746,18.692,31.566,235.51,81.73,72.76,50.02,0.600,0,,0,0.00,0.00,0.00,241.709,92.137,34.348,-85.12,-22.00,77.99,4.734,0.240,-0.00,1.00,1,0,0,0,0,0,-22.00,-34.58,-4.75,0.3138,0.0981,0.4697,1,4.734,0,0.389,0,swing,swingLowL,1.000,2,-0.050 0.536 -0.297 0.942 0.556 0.210 0.017 -0.806 0.235 -0.251,241.75,92.41,34.90,-22.00,-85.88,110.30,352,668,900,1056,0.586,1.014 0.270 -0.718 0.039,10.4,1,0.004,0.000,0.5101,-1.35,,-1.000,0.0,0.0,0.0,,,6.6,-2.1,-6.3
285,4.7500,swing,swingLow,242.107,87.407,32.114,1.307,-19.142,-33.795,38.862,19.187,31.001,235.51,81.73,72.76,50.02,0.609,0,,0,0.00,0.00,0.00,241.674,91.855,33.797,-84.43,-22.00,78.11,4.775,0.252,-0.00,1.00,1,0,0,0,0,0,-22.00,-34.55,-4.77,0.3101,0.0971,0.4698,1,4.775,0,0.388,0,swing,swingLowL,1.000,2,-0.049 0.534 -0.294 0.939 0.559 0.212 0.018 -0.805 0.241 -0.255,241.71,92.14,34.35,-22.00,-85.12,110.43,356,664,900,1056,0.586,1.013 0.276 -0.719 0.036,10.3,1,0.001,0.000,0.5103,-1.48,,-1.000,0.0,0.0,0.0,,,6.8,-2.6,-6.3
286,4.7667,swing,swingLow,242.129,87.084,31.551,1.310,-19.636,-33.640,38.973,19.680,30.438,235.51,81.73,72.76,50.02,0.617,0,,0,0.00,0.00,0.00,241.642,91.565,33.248,-83.80,-22.00,78.22,4.816,0.264,-0.00,1.00,1,0,0,0,0,0,-22.00,-34.50,-4.78,0.3066,0.0962,0.4698,1,4.816,0,0.387,0,swing,swingLowL,1.000,2,-0.047 0.532 -0.290 0.935 0.562 0.214 0.017 -0.805 0.246 -0.258,241.67,91.85,33.80,-22.00,-84.43,110.54,356,664,900,1056,0.585,1.013 0.281 -0.721 0.032,10.2,1,0.000,0.000,0.5104,-1.61,,-1.000,0.0,0.0,0.0,,,6.9,-3.0,-6.3
287,4.7833,swing,swingLow,242.151,86.752,30.992,1.313,-20.128,-33.474,39.082,20.171,29.879,235.51,81.73,72.76,50.02,0.625,0,,0,0.00,0.00,0.00,241.615,91.266,32.700,-83.22,-22.00,78.31,4.855,0.276,-0.00,1.00,1,0,0,0,0,0,-22.00,-34.42,-4.80,0.3033,0.0953,0.4697,1,4.855,0,0.386,0,swing,swingLowL,1.000,2,-0.045 0.530 -0.287 0.931 0.564 0.214 0.018 -0.804 0.251 -0.268,241.64,91.56,33.25,-22.00,-83.80,110.64,360,660,900,1052,0.585,1.013 0.284 -0.720 0.022,10.1,1,0.000,0.000,0.5105,-1.75,,-1.000,0.0,0.0,0.0,,,7.2,-3.4,-6.3
288,4.8000,swing,swingLow,242.173,86.413,30.435,1.314,-20.619,-33.297,39.186,20.661,29.322,235.51,81.73,72.76,50.02,0.633,0,,0,0.00,0.00,0.00,241.591,90.958,32.153,-82.70,-22.00,78.40,4.894,0.288,-0.01,1.00,1,0,0,0,0,0,-22.00,-34.30,-4.82,0.3002,0.0945,0.4694,1,4.894,0,0.385,0,swing,swingLowL,1.000,2,-0.044 0.528 -0.284 0.928 0.566 0.215 0.018 -0.803 0.256 -0.277,241.62,91.27,32.70,-22.00,-83.22,110.73,360,660,904,1052,0.585,1.013 0.287 -0.720 0.013,10.0,1,0.000,0.000,0.5106,-1.88,,-1.000,0.0,0.0,0.0,,,7.4,-3.9,-6.3
289,4.8167,swing,swingLow,242.195,86.065,29.881,1.312,-21.107,-33.109,39.287,21.148,28.768,235.51,81.73,72.76,50.02,0.641,0,,0,0.00,0.00,0.00,241.573,90.622,31.609,-82.23,-22.00,78.49,4.914,0.300,-0.01,1.00,1,0,0,0,0,0,-22.00,-34.13,-4.83,0.2985,0.0940,0.4700,1,4.914,0,0.384,0,swing,swingLowL,1.000,2,-0.042 0.526 -0.280 0.924 0.568 0.214 0.020 -0.802 0.261 -0.291,241.59,90.96,32.15,-22.00,-82.70,110.82,360,660,904,1052,0.585,1.013 0.288 -0.717 -0.002,9.8,1,0.000,0.000,0.5106,-2.01,,-1.000,0.0,0.0,0.0,,,7.6,-4.3,-6.3
290,4.8333,swing,swingLow,242.217,85.709,29.331,1.310,-21.594,-32.911,39.384,21.633,28.218,235.51,81.73,72.76,50.02,0.649,0,,0,0.00,0.00,0.00,241.561,90.262,31.066,-81.80,-22.00,78.57,4.916,0.311,-0.01,1.00,1,0,0,0,0,0,-22.00,-33.91,-4.85,0.2976,0.0940,0.4712,1,4.916,0,0.384,0,swing,swingLowL,1.000,2,-0.044 0.523 -0.279 0.918 0.569 0.219 0.021 -0.801 0.265 -0.306,241.57,90.62,31.61,-22.00,-82.23,110.90,364,660,908,1052,0.584,1.010 0.295 -0.714 -0.018,9.6,1,0.000,0.000,0.5106,-2.14,,-1.000,0.0,0.0,0.0,,,8.2,-4.7,-6.7
291,4.8500,swing,swingLow,242.239,85.344,28.784,1.306,-22.077,-32.701,39.477,22.116,27.671,235.51,81.73,72.76,50.02,0.656,0,,0,0.00,0.00,0.00,241.552,89.893,30.525,-81.42,-22.00,78.65,4.919,0.322,-0.01,1.00,1,0,0,0,0,0,-22.00,-33.64,-4.87,0.2972,0.0938,0.4723,1,4.919,0,0.383,0,swing,swingLowL,1.000,2,-0.043 0.521 -0.275 0.915 0.569 0.217 0.023 -0.800 0.270 -0.325,241.56,90.26,31.07,-22.00,-81.80,110.98,364,660,904,1052,0.583,1.010 0.294 -0.709 -0.040,9.5,1,0.000,0.000,0.5107,-2.27,,-1.000,0.0,0.0,0.0,,,8.5,-5.1,-6.8
292,4.8667,swing,swingLow,242.261,84.972,28.240,1.299,-22.557,-32.481,39.567,22.595,19.261,235.51,81.73,72.76,50.02,0.663,0,,0,0.00,0.00,0.00,241.547,89.516,29.987,-81.07,-22.00,78.72,4.921,0.334,-0.01,1.00,1,0,0,0,0,0,-22.00,-33.16,-4.88,0.2969,0.0935,0.4731,1,4.921,0,0.382,0,swing,swingLowL,1.000,2,-0.041 0.519 -0.272 0.911 0.570 0.216 0.026 -0.799 0.274 -0.345,241.55,89.89,30.53,-22.00,-81.42,111.05,368,660,904,1052,0.583,1.010 0.293 -0.703 -0.062,9.3,1,0.000,0.000,0.5107,-2.39,,-1.000,0.0,0.0,0.0,,,8.7,-5.5,-6.8
293,4.8833,swing,swingLow,242.282,84.592,27.700,1.293,-23.035,-32.250,39.653,23.071,18.699,235.51,81.73,72.76,50.02,0.670,0,,0,0.00,0.00,0.00,241.544,89.132,29.451,-80.76,-22.00,78.74,4.922,0.344,-0.01,1.00,1,0,0,0,0,0,-22.00,-32.38,-4.90,0.2969,0.0931,0.4738,1,4.922,0,0.381,0,swing,swingLowL,1.000,2,-0.040 0.518 -0.268 0.908 0.569 0.212 0.029 -0.797 0.279 -0.369,241.55,89.52,29.99,-22.00,-81.07,111.12,368,660,908,1052,0.583,1.010 0.287 -0.695 -0.090,9.1,1,0.000,0.000,0.5106,-2.51,,-1.000,0.0,0.0,0.0,,,9.0,-5.8,-6.9
294,4.9000,swing,swingLow,242.304,84.204,27.165,1.284,-23.508,-32.008,39.734,23.543,18.309,235.51,81.73,72.76,50.02,0.677,0,,0,0.00,0.00,0.00,241.543,88.741,28.918,-80.48,-22.00,78.65,4.923,0.355,-0.01,1.00,1,0,0,0,0,0,-22.00,-31.40,-4.92,0.2975,0.0928,0.4743,1,4.923,0,0.381,0,swing,swingLowL,1.000,2,-0.039 0.516 -0.264 0.905 0.567 0.208 0.033 -0.796 0.284 -0.393,241.54,89.13,29.45,-22.00,-80.76,111.13,368,660,908,1052,0.582,1.010 0.281 -0.688 -0.119,8.9,1,0.000,0.000,0.5105,-2.62,,-1.000,0.0,0.0,0.0,,,9.2,-6.2,-6.9
295,4.9167,swing,swingLow,242.325,83.808,26.633,1.274,-23.978,-31.756,39.812,24.012,25.520,235.51,81.73,72.76,50.02,0.684,0,,0,0.00,0.00,0.00,241.545,88.341,28.389,-80.23,-22.00,78.48,4.924,0.365,-0.01,1.00,1,0,0,0,0,0,-22.00,-30.44,-4.93,0.2986,0.0924,0.4747,1,4.924,0,0.380,0,swing,swingLowL,1.000,2,-0.038 0.514 -0.260 0.902 0.563 0.201 0.037 -0.793 0.289 -0.420,241.54,88.74,28.92,-22.00,-80.48,111.05,368,664,908,1048,0.582,1.010 0.272 -0.678 -0.153,8.6,1,0.000,0.000,0.5103,-2.73,,-1.000,0.0,0.0,0.0,,,9.5,-6.4,-7.0
296,4.9333,swing,swingLow,242.347,83.404,26.106,1.264,-24.443,-31.494,39.886,24.476,24.993,235.51,81.73,72.76,50.02,0.690,0,,0,0.00,0.00,0.00,241.549,87.935,27.862,-80.02,-22.00,78.25,4.924,0.376,-0.01,1.00,1,0,0,0,0,0,-22.00,-29.65,-4.95,0.2999,0.0919,0.4748,1,4.924,0,0.379,0,swing,swingLowL,1.000,2,-0.037 0.513 -0.257 0.899 0.558 0.195 0.040 -0.790 0.293 -0.447,241.55,88.34,28.39,-22.00,-80.23,110.89,368,664,908,1048,0.582,1.010 0.262 -0.668 -0.186,8.4,1,0.000,0.000,0.5101,-2.83,,-1.000,0.0,0.0,0.0,,,9.7,-6.7,-7.0
297,4.9500,swing,swingLow,242.368,82.993,25.583,1.252,-24.904,-31.220,39.956,24.936,24.470,235.51,81.73,72.76,50.02,0.697,0,,0,0.00,0.00,0.00,241.555,87.521,27.339,-79.83,-22.00,77.98,4.924,0.386,-0.01,1.00,1,0,0,0,0,0,-22.00,-28.98,-4.97,0.3015,0.0914,0.4747,1,4.924,0,0.379,0,swing,swingLowL,1.000,2,-0.036 0.512 -0.253 0.896 0.551 0.188 0.044 -0.786 0.297 -0.474,241.55,87.93,27.86,-22.00,-80.02,110.67,368,664,908,1048,0.581,1.011 0.249 -0.656 -0.223,8.1,1,0.000,0.000,0.5097,-2.92,,-1.000,0.0,0.0,0.0,,,9.9,-7.0,-7.1
298,4.9667,swing,swingLow,242.388,82.574,25.064,1.238,-25.360,-30.937,40.022,25.391,23.951,235.51,81.73,72.76,50.02,0.703,0,,0,0.00,0.00,0.00,241.563,87.099,26.819,-79.66,-22.00,77.67,4.923,0.395,-0.01,1.00,1,0,0,0,0,0,-22.00,-28.39,-4.98,0.3031,0.0907,0.4744,1,4.923,0,0.378,0,swing,swingLowL,1.000,2,-0.035 0.510 -0.249 0.893 0.543 0.180 0.048 -0.782 0.301 -0.501,241.56,87.52,27.34,-22.00,-79.83,110.41,368,664,908,1044,0.581,1.011 0.236 -0.644 -0.259,7.9,1,0.000,0.000,0.5093,-2.99,,-1.000,0.0,0.0,0.0,,,10.1,-7.2,-7.1
299,4.9833,swing,swingLow,242.409,82.147,24.551,1.224,-25.811,-30.643,40.084,25.840,23.438,235.51,81.73,72.76,50.02,0.709,0,,0,0.00,0.00,0.00,241.572,86.671,26.304,-79.52,-22.00,77.34,4.923,0.405,-0.00,1.00,1,0,0,0,0,0,-22.00,-27.84,-5.00,0.3049,0.0899,0.4740,1,4.923,0,0.378,0,swing,swingLowL,1.000,2,-0.034 0.509 -0.246 0.890 0.533 0.173 0.051 -0.777 0.305 -0.527,241.56,87.10,26.82,-22.00,-79.66,110.12,364,664,908,1044,0.581,1.012 0.221 -0.632 -0.296,7.6,1,0.000,0.000,0.5088,-3.06,,-1.000,0.0,0.0,0.0,,,10.3,-7.5,-7.2
300,5.0000,swing,swingLow,242.429,81.713,24.043,1.209,-26.257,-30.340,40.142,26.285,22.930,235.51,81.73,72.76,50.02,0.715,0,,0,0.00,0.00,0.00,241.583,86.235,25.792,-79.40,-22.00,76.99,4.921,0.414,-0.00,1.00,1,0,0,0,0,0,-22.00,-27.33,-5.02,0.3066,0.0889,0.4733,1,4.921,0,0.377,0,swing,swingLowL,1.000,2,-0.034 0.508 -0.242 0.888 0.522 0.165 0.054 -0.771 0.308 -0.551,241.57,86.67,26.30,-22.00,-79.52,109.80,364,664,908,1044,0.580,1.012 0.207 -0.619 -0.332,7.3,1,0.000,0.000,0.5083,-3.12,,-1.000,0.0,0.0,0.0,,,10.5,-7.7,-7.2
301,5.0167,swing,swingLow,242.449,81.272,23.539,1.193,-26.697,-30.026,40.196,26.724,22.426,235.51,81.73,72.76,50.02,0.721,0,,0,0.00,0.00,0.00,241.595,85.792,25.285,-79.29,-22.00,76.64,4.920,0.423,-0.00,1.00,1,0,0,0,0,0,-22.00,-26.84,-5.03,0.3083,0.0878,0.4725,1,4.920,0,0.377,0,swing,swingLowL,1.000,2,-0.033 0.506 -0.239 0.885 0.508 0.158 0.056 -0.765 0.311 -0.573,241.58,86.23,25.79,-22.00,-79.40,109.46,364,664,908,1040,0.580,1.013 0.192 -0.606 -0.367,7.1,1,0.000,0.000,0.5076,-3.17,,-1.000,0.0,0.0,0.0,,,10.7,-8.0,-7.2
302,5.0333,swing,swingLow,242.469,80.823,23.042,1.177,-27.131,-29.703,40.246,27.156,21.929,235.51,81.73,72.76,50.02,0.727,0,,0,0.00,0.00,0.00,241.608,85.342,24.782,-79.21,-22.00,76.29,4.918,0.432,-0.00,1.00,1,0,0,0,0,0,-22.00,-26.34,-5.05,0.3099,0.0866,0.4714,1,4.918,0,0.377,0,swing,swingLowL,1.000,2,-0.033 0.505 -0.236 0.882 0.494 0.152 0.059 -0.758 0.313 -0.594,241.59,85.79,25.28,-22.00,-79.29,109.12,360,664,908,1040,0.580,1.013 0.178 -0.593 -0.401,6.8,1,0.000,0.000,0.5069,-3.20,,-1.000,0.0,0.0,0.0,,,10.9,-8.2,-7.3
303,5.0500,swing,swingLow,242.488,80.367,22.549,1.159,-27.559,-29.369,40.291,27.583,21.436,235.51,81.73,72.76,50.02,0.733,0,,0,0.00,0.00,0.00,241.621,84.885,24.284,-79.13,-22.00,75.93,4.916,0.441,-0.00,1.00,1,0,0,0,0,0,-22.00,-25.85,-5.07,0.3115,0.0852,0.4703,1,4.916,0,0.376,0,swing,swingLowL,1.000,2,-0.032 0.504 -0.233 0.879 0.478 0.146 0.060 -0.751 0.316 -0.611,241.61,85.34,24.78,-22.00,-79.21,108.77,360,664,908,1036,0.579,1.013 0.165 -0.581 -0.433,6.5,1,0.000,0.000,0.5061,-3.22,,-1.000,0.0,0.0,0.0,,,11.1,-8.4,-7.3
304,5.0667,swing,swingLow,242.508,79.904,22.062,1.141,-27.980,-29.027,40.333,28.003,20.949,235.51,81.73,72.76,50.02,0.738,0,,0,0.00,0.00,0.00,241.636,84.421,23.791,-79.07,-22.00,75.59,4.914,0.449,-0.00,1.00,1,0,0,0,0,0,-22.00,-25.34,-5.08,0.3129,0.0837,0.4689,1,4.914,0,0.376,0,swing,swingLowL,1.000,2,-0.032 0.502 -0.231 0.876 0.461 0.141 0.061 -0.744 0.317 -0.627,241.62,84.88,24.28,-22.00,-79.13,108.43,356,664,908,1032,0.579,1.014 0.152 -0.568 -0.464,6.2,1,0.000,0.000,0.5052,-3.24,,-1.000,0.0,0.0,0.0,,,11.3,-8.7,-7.3
305,5.0833,swing,swingLow,242.527,79.434,21.581,1.122,-28.394,-28.675,40.370,28.416,20.468,235.51,81.73,72.76,50.02,0.744,0,,0,0.00,0.00,0.00,241.651,83.950,23.302,-79.03,-22.00,75.25,4.911,0.457,-0.00,1.00,1,0,0,0,0,0,-22.00,-24.83,-5.10,0.3143,0.0822,0.4675,1,4.911,0,0.376,0,swing,swingLowL,1.000,2,-0.032 0.501 -0.228 0.873 0.443 0.138 0.061 -0.738 0.319 -0.639,241.64,84.42,23.79,-22.00,-79.07,108.09,356,664,908,1028,0.578,1.014 0.140 -0.559 -0.491,6.0,1,0.000,0.000,0.5043,-3.23,,-1.000,0.0,0.0,0.0,,,11.4,-8.9,-7.3
306,5.1000,swing,swingLow,242.545,78.958,21.106,1.103,-28.801,-28.314,40.403,28.822,19.993,235.51,81.73,72.76,50.02,0.749,0,,0,0.00,0.00,0.00,241.667,83.473,22.819,-78.99,-22.00,74.92,4.908,0.465,-0.00,1.00,1,0,0,0,0,0,-22.00,-24.30,-5.12,0.3156,0.0806,0.4659,1,4.908,0,0.376,0,swing,swingLowL,1.000,2,-0.031 0.500 -0.226 0.871 0.425 0.135 0.061 -0.731 0.320 -0.649,241.65,83.95,23.30,-22.00,-79.03,107.76,352,660,908,1024,0.578,1.014 0.130 -0.549 -0.517,5.7,1,0.000,0.000,0.5034,-3.22,,-1.000,0.0,0.0,0.0,,,11.6,-9.1,-7.3
307,5.1167,swing,swingLow,242.563,78.474,20.637,1.083,-29.201,-27.944,40.432,29.221,19.524,235.51,81.73,72.76,50.02,0.754,0,,0,0.00,0.00,0.00,241.683,82.989,22.341,-78.96,-22.00,74.61,4.905,0.472,-0.00,1.00,1,0,0,0,0,0,-22.00,-23.76,-5.13,0.3169,0.0791,0.4642,1,4.905,0,0.376,0,swing,swingLowL,1.000,2,-0.031 0.498 -0.224 0.868 0.408 0.134 0.061 -0.727 0.321 -0.657,241.67,83.47,22.82,-22.00,-78.99,107.44,352,660,908,1024,0.578,1.015 0.122 -0.542 -0.539,5.5,1,0.000,0.000,0.5025,-3.20,,-1.000,0.0,0.0,0.0,,,11.8,-9.4,-7.3
308,5.1333,swing,swingLow,242.581,77.984,20.175,1.063,-29.593,-27.565,40.456,29.612,19.062,235.51,81.73,72.76,50.02,0.759,0,,0,0.00,0.00,0.00,241.699,82.499,21.869,-78.94,-22.00,74.31,4.902,0.479,-0.00,1.00,1,0,0,0,0,0,-22.00,-23.20,-5.15,0.3181,0.0775,0.4624,1,4.902,0,0.377,0,swing,swingLowL,1.000,2,-0.031 0.497 -0.222 0.865 0.390 0.133 0.060 -0.721 0.322 -0.663,241.68,82.99,22.34,-22.00,-78.96,107.13,348,660,904,1020,0.577,1.015 0.114 -0.536 -0.560,5.3,1,0.000,0.000,0.5016,-3.16,,-1.000,0.0,0.0,0.0,,,12.0,-9.6,-7.3
309,5.1500,swing,swingLow,242.599,77.488,19.719,1.042,-29.977,-27.177,40.476,29.996,18.606,235.51,81.73,72.76,50.02,0.764,0,,0,0.00,0.00,0.00,241.716,82.002,21.403,-78.93,-22.00,74.03,4.899,0.486,-0.00,1.00,1,0,0,0,0,0,-22.00,-22.64,-5.17,0.3195,0.0766,0.4606,1,4.899,0,0.377,0,swing,swingLowL,1.000,2,-0.031 0.495 -0.220 0.862 0.374 0.133 0.059 -0.718 0.323 -0.666,241.70,82.50,21.87,-22.00,-78.94,106.83,348,660,908,1020,0.577,1.015 0.108 -0.533 -0.578,5.0,1,0.000,0.000,0.5010,-3.12,,-1.000,0.0,0.0,0.0,,,12.2,-9.9,-7.3
310,5.1667,swing,swingLow,242.616,76.985,19.269,1.020,-30.354,-26.781,40.492,30.371,18.156,235.51,81.73,72.76,50.02,0.768,0,,0,0.00,0.00,0.00,241.733,81.499,20.942,-78.93,-22.00,73.76,4.895,0.493,-0.00,1.00,1,0,0,0,0,0,-22.00,-22.06,-5.18,0.3206,0.0765,0.4587,1,4.895,0,0.378,0,swing,swingLowL,1.000,2,-0.031 0.494 -0.219 0.858 0.358 0.134 0.058 -0.715 0.324 -0.668,241.72,82.00,21.40,-22.00,-78.93,106.55,344,656,904,1020,0.576,1.015 0.103 -0.531 -0.595,4.8,1,0.000,0.000,0.5007,-3.06,,-1.000,0.0,0.0,0.0,,,12.4,-10.2,-7.3
311,5.1833,swing,swingLow,242.633,76.476,18.826,0.999,-30.721,-26.377,40.504,30.737,17.713,235.51,81.73,72.76,50.02,0.773,0,,0,0.00,0.00,0.00,241.750,80.990,20.487,-78.93,-22.00,73.50,4.891,0.499,-0.00,1.00,1,0,0,0,0,0,-22.00,-21.48,-5.20,0.3219,0.0765,0.4568,1,4.891,0,0.378,0,swing,swingLowL,1.000,2,-0.031 0.492 -0.219 0.855 0.344 0.136 0.056 -0.714 0.324 -0.669,241.73,81.50,20.94,-22.00,-78.93,106.28,340,656,904,1020,0.576,1.014 0.100 -0.534 -0.608,4.6,1,0.000,0.000,0.5005,-2.97,,-1.000,0.0,0.0,0.0,,,12.6,-10.4,-7.3
312,5.2000,swing,swingLow,242.649,75.961,18.390,0.977,-31.080,-25.966,40.511,31.096,17.277,235.51,81.73,72.76,50.02,0.777,0,,0,0.00,0.00,0.00,241.766,80.475,20.039,-78.93,-22.00,73.26,4.887,0.506,-0.00,1.00,1,0,0,0,0,0,-22.00,-20.88,-5.22,0.3231,0.0764,0.4548,1,4.887,0,0.379,0,swing,swingLowL,1.000,2,-0.032 0.491 -0.219 0.852 0.330 0.138 0.055 -0.713 0.325 -0.668,241.75,80.99,20.49,-22.00,-78.93,106.02,340,656,904,1020,0.575,1.014 0.098 -0.536 -0.621,4.4,1,0.000,0.000,0.5002,-2.86,,-1.000,0.0,0.0,0.0,,,12.8,-10.7,-7.3
313,5.2167,swing,swingLow,242.666,75.440,17.960,0.955,-31.430,-25.546,40.514,31.445,16.847,235.51,81.73,72.76,50.02,0.781,0,,0,0.00,0.00,0.00,241.783,79.954,19.597,-78.95,-22.00,73.04,4.882,0.511,-0.00,1.00,1,0,0,0,0,0,-22.00,-20.28,-5.23,0.3244,0.0765,0.4528,1,4.882,0,0.380,0,swing,swingLowL,1.000,2,-0.032 0.489 -0.219 0.848 0.319 0.141 0.053 -0.714 0.326 -0.667,241.77,80.48,20.04,-22.00,-78.93,105.78,336,652,904,1020,0.575,1.013 0.097 -0.542 -0.632,4.2,1,0.000,0.000,0.5000,-2.74,,-1.000,0.0,0.0,0.0,,,13.0,-11.0,-7.2
314,5.2333,swing,swingLow,242.681,74.913,17.538,0.933,-31.772,-25.119,40.513,31.785,16.425,235.51,81.73,72.76,50.02,0.785,0,,0,0.00,0.00,0.00,241.800,79.428,19.161,-78.96,-22.00,72.83,4.878,0.517,-0.00,1.00,1,0,0,0,0,0,-22.00,-19.67,-5.25,0.3255,0.0766,0.4506,1,4.878,0,0.381,0,swing,swingLowL,1.000,2,-0.032 0.488 -0.219 0.845 0.309 0.144 0.051 -0.714 0.326 -0.665,241.78,79.95,19.60,-22.00,-78.95,105.56,332,652,904,1020,0.574,1.013 0.096 -0.548 -0.642,4.0,1,0.000,0.000,0.4998,-2.60,,-1.000,0.0,0.0,0.0,,,13.3,-11.2,-7.2
315,5.2500,swing,swingLow,242.697,74.381,17.123,0.911,-32.103,-24.685,40.507,32.116,16.010,235.51,81.73,72.76,50.02,0.789,0,,0,0.00,0.00,0.00,241.817,78.896,18.732,-78.98,-22.00,72.64,4.873,0.522,-0.00,1.00,1,0,0,0,0,0,-22.00,-19.06,-5.27,0.3267,0.0767,0.4485,1,4.873,0,0.382,0,swing,swingLowL,1.000,2,-0.033 0.486 -0.219 0.842 0.302 0.147 0.048 -0.716 0.326 -0.663,241.80,79.43,19.16,-22.00,-78.96,105.35,332,652,904,1020,0.574,1.012 0.097 -0.557 -0.650,3.8,1,0.000,0.000,0.4996,-2.48,,-1.000,0.0,0.0,0.0,,,13.5,-11.5,-7.2
316,5.2667,swing,swingLow,242.712,73.843,16.715,0.888,-32.426,-24.244,40.497,32.438,15.602,235.51,81.73,72.76,50.02,0.793,0,,0,0.00,0.00,0.00,241.834,78.359,18.310,-79.00,-22.00,72.45,4.869,0.528,-0.00,1.00,1,0,0,0,0,0,-22.00,-18.45,-5.28,0.3278,0.0769,0.4462,1,4.869,0,0.383,0,swing,swingLowL,1.000,2,-0.033 0.485 -0.219 0.838 0.295 0.150 0.045 -0.717 0.325 -0.660,241.82,78.90,18.73,-22.00,-78.98,105.15,328,648,904,1020,0.573,1.011 0.097 -0.565 -0.658,3.6,1,0.000,0.000,0.4994,-2.36,,-1.000,0.0,0.0,0.0,,,13.7,-11.8,-7.2
317,5.2833,swing,swingLow,242.726,73.300,16.315,0.865,-32.738,-23.797,40.482,32.750,15.202,235.51,81.73,72.76,50.02,0.796,0,,0,0.00,0.00,0.00,241.850,77.816,17.895,-79.02,-22.00,72.29,4.864,0.532,-0.00,1.00,1,0,0,0,0,0,-22.00,-17.84,-5.30,0.3288,0.0772,0.4439,1,4.864,0,0.385,0,swing,swingLowL,1.000,2,-0.033 0.483 -0.220 0.835 0.290 0.154 0.042 -0.718 0.325 -0.656,241.83,78.36,18.31,-22.00,-79.00,104.97,324,648,904,1020,0.573,1.010 0.099 -0.575 -0.665,3.4,1,0.000,0.000,0.4993,-2.24,,-1.000,0.0,0.0,0.0,,,13.9,-12.1,-7.2
318,5.3000,swing,swingLow,242.741,72.752,15.922,0.843,-33.041,-23.343,40.463,33.052,14.809,235.51,81.73,72.76,50.02,0.800,0,,0,0.00,0.00,0.00,241.867,77.268,17.487,-79.05,-22.00,72.13,4.859,0.537,-0.00,1.00,1,0,0,0,0,0,-22.00,-17.22,-5.32,0.3297,0.0775,0.4414,1,4.859,0,0.386,0,swing,swingLowL,1.000,2,-0.033 0.482 -0.220 0.831 0.286 0.157 0.039 -0.719 0.324 -0.652,241.85,77.82,17.90,-22.00,-79.02,104.80,320,644,904,1020,0.572,1.009 0.101 -0.584 -0.671,3.2,1,0.000,0.000,0.4992,-2.13,,-1.000,0.0,0.0,0.0,,,14.1,-12.3,-7.1
319,5.3167,swing,swingLow,242.754,72.199,15.537,0.820,-33.333,-22.882,40.440,33.343,14.424,235.51,81.73,72.76,50.02,0.803,0,,0,0.00,0.00,0.00,241.883,76.716,17.086,-79.07,-22.00,71.99,4.854,0.541,-0.00,1.00,1,0,0,0,0,0,-22.00,-16.61,-5.33,0.3305,0.0778,0.4389,1,4.854,0,0.387,0,swing,swingLowL,1.000,2,-0.033 0.480 -0.220 0.828 0.283 0.161 0.035 -0.720 0.322 -0.647,241.87,77.27,17.49,-22.00,-79.05,104.64,316,644,900,1020,0.572,1.008 0.104 -0.595 -0.676,3.0,1,0.000,0.000,0.4991,-2.03,,-1.000,0.0,0.0,0.0,,,14.4,-12.6,-7.1
320,5.3333,swing,swingLow,242.768,71.641,15.160,0.797,-33.616,-22.417,40.412,33.625,14.047,235.51,81.73,72.76,50.02,0.806,0,,0,0.00,0.00,0.00,241.898,76.158,16.692,-79.10,-22.00,71.85,4.849,0.545,-0.00,1.00,1,0,0,0,0,0,-22.00,-16.00,-5.35,0.3312,0.0781,0.4362,1,4.849,0,0.389,0,swing,swingLowL,1.000,2,-0.033 0.478 -0.221 0.824 0.280 0.165 0.031 -0.720 0.321 -0.641,241.88,76.72,17.09,-22.00,-79.07,104.49,316,640,900,1020,0.571,1.007 0.107 -0.605 -0.680,2.8,1,0.000,0.000,0.4990,-1.93,,-1.000,0.0,0.0,0.0,,,14.6,-12.9,-7.1
321,5.3500,swing,swingLow,242.781,71.079,14.790,0.775,-33.887,-21.945,40.380,33.896,13.677,235.51,81.73,72.76,50.02,0.809,0,,0,0.00,0.00,0.00,241.914,75.596,16.306,-79.13,-22.00,71.73,4.843,0.549,-0.00,1.00,1,0,0,0,0,0,-22.00,-15.40,-5.37,0.3318,0.0785,0.4334,1,4.843,0,0.390,0,swing,swingLowL,1.000,2,-0.033 0.477 -0.221 0.821 0.277 0.170 0.027 -0.720 0.319 -0.635,241.90,76.16,16.69,-22.00,-79.10,104.35,312,636,900,1020,0.571,1.006 0.111 -0.615 -0.683,2.6,1,0.000,0.000,0.4989,-1.83,,-1.000,0.0,0.0,0.0,,,14.8,-13.1,-7.1
322,5.3667,swing,swingLow,242.794,70.512,14.428,0.752,-34.149,-21.469,40.343,34.157,13.315,235.51,81.73,72.76,50.02,0.812,0,,0,0.00,0.00,0.00,241.929,75.030,15.927,-79.16,-22.00,71.62,4.838,0.552,-0.00,1.00,1,0,0,0,0,0,-22.00,-14.79,-5.38,0.3321,0.0788,0.4305,1,4.838,0,0.392,0,swing,swingLowL,1.000,2,-0.033 0.475 -0.221 0.818 0.275 0.175 0.023 -0.719 0.317 -0.628,241.91,75.60,16.31,-22.00,-79.13,104.23,308,636,900,1020,0.570,1.005 0.114 -0.625 -0.685,2.4,1,0.000,0.000,0.4989,-1.74,,-1.000,0.0,0.0,0.0,,,15.0,-13.4,-7.0
323,5.3833,swing,swingLow,242.806,69.941,14.075,0.729,-34.399,-20.987,40.303,34.407,12.962,235.51,81.73,72.76,50.02,0.814,0,,0,0.00,0.00,0.00,241.943,74.459,15.556,-79.19,-22.00,71.51,4.833,0.555,-0.00,1.00,1,0,0,0,0,0,-22.00,-14.19,-5.40,0.3324,0.0791,0.4275,1,4.833,0,0.394,0,swing,swingLowL,1.000,2,-0.033 0.474 -0.221 0.814 0.273 0.180 0.018 -0.717 0.314 -0.620,241.93,75.03,15.93,-22.00,-79.16,104.11,304,632,900,1020,0.570,1.003 0.119 -0.634 -0.686,2.2,1,0.000,0.000,0.4988,-1.66,,-1.000,0.0,0.0,0.0,,,15.3,-13.7,-7.0
324,5.4000,swing,swingLow,242.818,69.366,13.729,0.707,-34.639,-20.501,40.257,34.646,12.616,235.51,81.73,72.76,50.02,0.817,0,,0,0.00,0.00,0.00,241.958,73.884,15.193,-79.22,-22.00,71.42,4.827,0.558,-0.00,1.00,1,0,0,0,0,0,-22.00,-13.60,-5.42,0.3325,0.0795,0.4243,1,4.827,0,0.395,0,swing,swingLowL,1.000,2,-0.033 0.472 -0.222 0.811 0.271 0.186 0.013 -0.715 0.311 -0.612,241.94,74.46,15.56,-22.00,-79.19,104.01,304,628,900,1020,0.569,1.002 0.124 -0.643 -0.686,2.0,1,0.000,0.000,0.4988,-1.58,,-1.000,0.0,0.0,0.0,,,15.5,-13.9,-7.0
325,5.4167,swing,swingLow,242.830,68.786,13.391,0.685,-34.867,-20.011,40.207,34.874,12.278,235.51,81.73,72.76,50.02,0.819,0,,0,0.00,0.00,0.00,241.972,73.306,14.837,-79.25,-22.00,71.33,4.822,0.561,-0.00,1.00,1,0,0,0,0,0,-22.00,-13.01,-5.43,0.3325,0.0798,0.4211,1,4.822,0,0.397,0,swing,swingLowL,1.000,2,-0.033 0.471 -0.222 0.807 0.269 0.193 0.008 -0.711 0.308 -0.602,241.96,73.88,15.19,-22.00,-79.22,103.91,300,624,900,1020,0.569,1.000 0.130 -0.651 -0.685,1.8,1,0.000,0.000,0.4988,-1.50,,-1.000,0.0,0.0,0.0,,,15.7,-14.2,-7.0
326,5.4333,swing,swingLow,242.841,68.204,13.062,0.663,-35.085,-19.516,40.153,35.091,11.949,235.51,81.73,72.76,50.02,0.821,0,,0,0.00,0.00,0.00,241.986,72.724,14.490,-79.28,-22.00,71.25,4.816,0.563,-0.00,1.00,1,0,0,0,0,0,-22.00,-12.43,-5.45,0.3324,0.0801,0.4177,1,4.816,0,0.399,0,swing,swingLowL,1.000,2,-0.033 0.469 -0.222 0.804 0.267 0.199 0.003 -0.707 0.305 -0.592,241.97,73.31,14.84,-22.00,-79.25,103.82,296,620,900,1020,0.568,0.999 0.136 -0.658 -0.684,1.6,1,0.000,0.000,0.4987,-1.43,,-1.000,0.0,0.0,0.0,,,15.9,-14.5,-7.0
327,5.4500,swing,swingLow,242.852,67.617,12.741,0.641,-35.291,-19.018,40.094,35.297,11.628,235.51,81.73,72.76,50.02,0.823,0,,0,0.00,0.00,0.00,241.999,72.138,14.150,-79.31,-22.00,71.18,4.811,0.565,-0.00,1.00,1,0,0,0,0,0,-22.00,-11.86,-5.47,0.3321,0.0803,0.4143,1,4.811,0,0.400,0,swing,swingLowL,1.000,2,-0.032 0.468 -0.222 0.800 0.264 0.207 -0.003 -0.702 0.301 -0.581,241.99,72.72,14.49,-22.00,-79.28,103.74,292,616,900,1020,0.568,0.997 0.143 -0.665 -0.681,1.4,1,0.000,0.000,0.4987,-1.36,,-1.000,0.0,0.0,0.0,,,16.2,-14.7,-6.9
328,5.4667,swing,swingLow,242.862,67.028,12.428,0.619,-35.486,-18.517,40.031,35.491,11.315,235.51,81.73,72.76,50.02,0.825,0,,0,0.00,0.00,0.00,242.012,71.549,13.818,-79.34,-22.00,71.11,4.805,0.567,-0.00,1.00,1,0,0,0,0,0,-22.00,-11.30,-5.48,0.3317,0.0806,0.4107,1,4.805,0,0.402,0,swing,swingBottomL,1.000,2,-0.032 0.466 -0.222 0.796 0.262 0.215 -0.008 -0.696 0.298 -0.569,242.00,72.14,14.15,-22.00,-79.31,103.66,288,612,900,1020,0.567,0.995 0.151 -0.671 -0.677,1.2,1,0.000,0.000,0.4987,-1.29,,-1.000,0.0,0.0,0.0,,,16.4,-15.0,-6.9
329,5.4833,swing,swingLow,242.873,66.435,12.124,0.598,-35.669,-18.013,39.964,35.674,11.011,235.51,81.73,72.76,50.02,0.826,0,,0,0.00,0.00,0.00,242.024,70.956,13.495,-79.37,-22.00,71.05,4.800,0.568,-0.00,1.00,1,0,0,0,0,0,-22.00,-10.74,-5.50,0.3312,0.0808,0.4070,1,4.800,0,0.404,0,swing,swingBottomL,1.000,2,-0.032 0.465 -0.222 0.793 0.259 0.224 -0.014 -0.689 0.294 -0.556,242.01,71.55,13.82,-22.00,-79.34,103.59,284,608,900,1020,0.567,0.993 0.159 -0.675 -0.672,1.0,1,0.008,0.000,0.4987,-1.23,,-1.000,0.0,0.0,0.0,,,16.6,-15.3,-6.9
330,5.5000,swing,swingLow,242.882,65.839,11.828,0.577,-35.841,-17.506,39.892,35.846,10.715,235.51,81.73,72.76,50.02,0.828,0,,0,0.00,0.00,0.00,242.036,70.361,13.180,-79.40,-22.00,70.99,4.794,0.569,-0.00,1.00,1,0,0,0,0,0,-22.00,-10.19,-5.52,0.3306,0.0810,0.4032,1,4.794,0,0.406,0,swing,swingBottomL,1.000,2,-0.032 0.463 -0.222 0.789 0.257 0.233 -0.019 -0.682 0.290 -0.542,242.02,70.96,13.50,-22.00,-79.37,103.53,280,604,900,1020,0.566,0.992 0.168 -0.679 -0.665,0.9,1,0.011,0.000,0.4986,-1.17,,-1.000,0.0,0.0,0.0,,,16.9,-15.6,-6.9
331,5.5167,swing,swingLow,242.892,65.241,11.541,0.556,-36.002,-16.996,39.816,36.006,10.428,235.51,81.73,72.76,50.02,0.829,0,,0,0.00,0.00,0.00,242.048,69.763,12.873,-79.43,-22.00,70.94,4.789,0.569,-0.00,1.00,1,0,0,0,0,0,-22.00,-9.65,-5.53,0.3299,0.0812,0.3994,1,4.789,0,0.408,0,swing,swingBottomL,1.000,2,-0.031 0.461 -0.222 0.785 0.253 0.244 -0.025 -0.673 0.285 -0.526,242.04,70.36,13.18,-22.00,-79.40,103.47,276,600,900,1020,0.565,0.990 0.178 -0.682 -0.658,0.7,1,0.013,0.000,0.4986,-1.11,,-1.000,0.0,0.0,0.0,,,17.1,-15.9,-6.8
332,5.5333,swing,swingLow,242.901,64.640,11.262,0.536,-36.151,-16.485,39.735,36.155,10.149,235.51,81.73,72.76,50.02,0.830,0,,0,0.00,0.00,0.00,242.059,69.162,12.574,-79.46,-22.00,70.89,4.783,0.569,-0.00,1.00,1,0,0,0,0,0,-22.00,-9.12,-5.55,0.3290,0.0814,0.3955,1,4.783,0,0.410,0,swing,swingBottomL,1.000,2,-0.031 0.459 -0.222 0.781 0.250 0.254 -0.030 -0.664 0.281 -0.510,242.05,69.76,12.87,-22.00,-79.43,103.42,272,596,900,1020,0.564,0.988 0.188 -0.684 -0.650,0.6,1,0.017,0.000,0.4986,-1.06,,-1.000,0.0,0.0,0.0,,,17.4,-16.1,-6.8
333,5.5500,swing,swingLow,242.910,64.037,10.992,0.516,-36.288,-15.972,39.650,36.291,9.879,235.51,81.73,72.76,50.02,0.831,0,,0,0.00,0.00,0.00,242.070,68.559,12.284,-79.49,-22.00,70.85,4.778,0.568,-0.00,1.00,1,0,0,0,0,0,-22.00,-8.60,-5.57,0.3282,0.0815,0.3915,1,4.778,0,0.412,0,swing,swingBottomL,1.000,2,-0.031 0.458 -0.221 0.777 0.247 0.266 -0.036 -0.654 0.276 -0.493,242.06,69.16,12.57,-22.00,-79.46,103.37,268,592,896,1020,0.564,0.986 0.199 -0.685 -0.640,0.4,1,0.012,0.000,0.4986,-1.01,,-1.000,0.0,0.0,0.0,,,17.7,-16.4,-6.8
334,5.5667,swing,swingLow,242.918,63.431,10.730,0.496,-36.413,-15.457,39.561,36.417,9.617,235.51,81.73,72.76,50.02,0.832,0,,0,0.00,0.00,0.00,242.081,67.954,12.002,-79.51,-22.00,70.81,4.773,0.567,-0.00,1.00,1,0,0,0,0,0,-22.00,-8.09,-5.58,0.3272,0.0816,0.3875,1,4.773,0,0.413,0,swing,swingBottomL,1.000,2,-0.030 0.456 -0.221 0.773 0.243 0.277 -0.041 -0.644 0.272 -0.475,242.07,68.56,12.28,-22.00,-79.49,103.32,264,584,896,1020,0.563,0.984 0.211 -0.685 -0.629,0.3,1,0.001,0.000,0.4985,-0.96,,-1.000,0.0,0.0,0.0,,,17.9,-16.7,-6.8
335,5.5833,swing,swingLow,242.926,62.824,10.477,0.477,-36.527,-14.941,39.468,36.530,9.364,235.51,81.73,72.76,50.02,0.832,0,,0,0.00,0.00,0.00,242.091,67.347,11.728,-79.54,-22.00,70.77,4.767,0.566,-0.00,1.00,1,0,0,0,0,0,-22.00,-7.59,-5.60,0.3263,0.0817,0.3834,1,4.767,0,0.415,0,swing,swingBottomL,1.000,2,-0.030 0.454 -0.220 0.769 0.239 0.290 -0.047 -0.634 0.267 -0.456,242.08,67.95,12.00,-22.00,-79.51,103.28,260,580,896,1020,0.562,0.981 0.224 -0.683 -0.617,0.2,1,0.000,0.000,0.4985,-0.91,,-1.000,0.0,0.0,0.0,,,18.2,-17.0,-6.8
336,5.6000,swing,swingLow,242.934,62.214,10.232,0.458,-36.629,-14.425,39.370,36.632,9.119,235.51,81.73,72.76,50.02,0.833,0,,0,0.00,0.00,0.00,242.101,66.738,11.463,-79.56,-21.63,70.73,4.762,0.564,-0.00,1.00,1,0,0,0,0,0,-21.63,-7.09,-5.62,0.3246,0.0816,0.3843,1,4.762,0,0.417,0,swing,swingBottomL,1.000,2,-0.029 0.454 -0.220 0.770 0.236 0.301 -0.052 -0.624 0.262 -0.440,242.09,67.35,11.73,-22.00,-79.54,103.24,256,576,896,1020,0.561,0.979 0.237 -0.682 -0.604,0.2,1,0.000,0.000,0.4985,-0.87,,-1.000,0.0,0.0,0.0,,,18.5,-17.4,-6.7
337,5.6167,swing,swingLow,242.942,61.604,9.996,0.440,-36.719,-13.908,39.268,36.722,8.883,235.51,81.73,72.76,50.02,0.833,0,,0,0.00,0.00,0.00,242.110,66.128,11.207,-79.58,-21.23,70.70,4.757,0.561,-0.00,1.00,1,0,0,0,0,0,-21.23,-6.61,-5.63,0.3228,0.0815,0.3853,1,4.757,0,0.419,0,swing,swingBottomL,1.000,2,-0.029 0.455 -0.219 0.770 0.232 0.313 -0.057 -0.615 0.258 -0.424,242.10,66.74,11.46,-21.63,-79.56,103.21,260,576,896,1020,0.560,0.977 0.250 -0.679 -0.591,0.3,1,0.000,0.000,0.4984,-0.82,,-1.000,0.0,0.0,0.0,,,18.8,-17.7,-6.7
338,5.6333,swing,swingBottom,242.949,60.991,9.769,0.422,-36.798,-13.391,39.161,36.800,8.656,235.51,81.73,72.76,50.02,0.833,0,,0,0.00,0.00,0.00,242.119,65.516,10.959,-79.60,-20.84,70.67,4.751,0.559,-0.00,1.00,1,0,0,0,0,0,-20.84,-6.14,-5.65,0.3212,0.0813,0.3863,1,4.751,0,0.421,0,swing,swingBottomL,1.000,2,-0.028 0.455 -0.218 0.771 0.228 0.325 -0.062 -0.605 0.253 -0.407,242.11,66.13,11.21,-21.23,-79.58,103.18,260,576,896,1020,0.559,0.974 0.263 -0.675 -0.576,0.3,1,0.000,0.000,0.4984,-0.78,,-1.000,0.0,0.0,0.0,,,19.1,-18.0,-6.7
339,5.6500,swing,swingBottom,242.956,60.378,9.550,0.404,-36.865,-12.875,39.050,36.867,8.437,235.51,81.73,72.76,50.02,0.833,0,,0,0.00,0.00,0.00,242.127,64.903,10.720,-79.62,-20.44,70.64,4.746,0.555,-0.00,1.00,1,0,0,0,0,0,-20.44,-5.68,-5.67,0.3195,0.0812,0.3873,1,4.746,0,0.423,0,swing,swingBottomL,1.000,2,-0.027 0.455 -0.218 0.772 0.224 0.337 -0.066 -0.596 0.249 -0.391,242.12,65.52,10.96,-20.84,-79.60,103.14,264,576,900,1020,0.558,0.972 0.277 -0.672 -0.562,0.4,1,0.000,0.000,0.4984,-0.75,,-1.000,0.0,0.0,0.0,,,19.4,-18.3,-6.7
340,5.6667,swing,swingBottom,242.963,59.763,9.340,0.386,-36.920,-12.359,38.936,36.922,8.227,235.51,81.73,72.76,50.02,0.832,0,,0,0.00,0.00,0.00,242.135,64.288,10.489,-79.64,-20.04,70.62,4.741,0.552,-0.00,1.00,1,0,0,0,0,0,-20.04,-5.23,-5.68,0.3177,0.0810,0.3883,1,4.741,0,0.425,0,swing,swingBottomL,1.000,2,-0.027 0.456 -0.217 0.773 0.221 0.349 -0.071 -0.586 0.244 -0.375,242.13,64.90,10.72,-20.44,-79.62,103.11,268,576,896,1020,0.556,0.970 0.291 -0.668 -0.546,0.5,1,0.000,0.000,0.4983,-0.71,,-1.000,0.0,0.0,0.0,,,19.7,-18.7,-6.6
341,5.6833,swing,swingBottom,242.969,59.148,9.139,0.370,-36.964,-11.844,38.816,36.965,8.026,235.51,81.73,72.76,50.02,0.832,0,,0,0.00,0.00,0.00,242.143,63.673,10.267,-79.66,-19.64,70.59,4.736,0.548,-0.00,1.00,1,0,0,0,0,0,-19.64,-4.80,-5.70,0.3159,0.0808,0.3893,1,4.736,0,0.427,0,swing,swingBottomL,1.000,2,-0.026 0.456 -0.216 0.773 0.218 0.360 -0.076 -0.577 0.240 -0.359,242.14,64.29,10.49,-20.04,-79.64,103.09,268,576,900,1020,0.555,0.967 0.304 -0.664 -0.531,0.6,1,0.000,0.000,0.4983,-0.67,,-1.000,0.0,0.0,0.0,,,20.0,-19.0,-6.6
342,5.7000,swing,swingBottom,242.975,58.532,8.946,0.353,-36.996,-11.330,38.693,36.997,7.833,235.51,81.73,72.76,50.02,0.831,0,,0,0.00,0.00,0.00,242.150,63.058,10.053,-79.67,-19.24,70.57,4.731,0.543,-0.00,1.00,1,0,0,0,0,0,-19.24,-4.37,-5.72,0.3141,0.0806,0.3903,1,4.731,0,0.429,0,swing,swingBottomL,1.000,2,-0.025 0.457 -0.215 0.774 0.216 0.371 -0.081 -0.568 0.235 -0.344,242.14,63.67,10.27,-19.64,-79.66,103.06,272,576,896,1020,0.554,0.965 0.318 -0.659 -0.514,0.7,1,0.000,0.000,0.4983,-0.64,,-1.000,0.0,0.0,0.0,,,20.3,-19.3,-6.6
343,5.7167,swing,swingBottom,242.981,57.916,8.761,0.337,-37.016,-10.818,38.566,37.018,7.648,235.51,81.73,72.76,50.02,0.831,0,,0,0.00,0.00,0.00,242.157,62.442,9.848,-79.69,-18.83,70.54,4.727,0.538,-0.00,1.00,1,0,0,0,0,0,-18.83,-3.95,-5.73,0.3122,0.0804,0.3913,1,4.727,0,0.431,0,swing,swingBottomL,1.000,2,-0.025 0.457 -0.214 0.774 0.214 0.383 -0.086 -0.558 0.230 -0.329,242.15,63.06,10.05,-19.24,-79.67,103.04,272,576,900,1020,0.553,0.962 0.333 -0.655 -0.498,0.8,1,0.000,0.000,0.4983,-0.61,,-1.000,0.0,0.0,0.0,,,20.6,-19.7,-6.6
344,5.7333,swing,swingBottom,242.986,57.300,8.585,0.322,-37.025,-10.307,38.434,37.026,7.472,235.51,81.73,72.76,50.02,0.830,0,,0,0.00,0.00,0.00,242.164,61.825,9.651,-79.70,-18.43,70.52,4.722,0.533,-0.00,1.00,1,0,0,0,0,0,-18.43,-3.55,-5.75,0.3102,0.0802,0.3922,1,4.722,0,0.433,0,swing,swingBottomL,1.000,2,-0.024 0.457 -0.213 0.775 0.212 0.395 -0.092 -0.549 0.226 -0.314,242.16,62.44,9.85,-18.83,-79.69,103.01,276,576,896,1020,0.551,0.959 0.347 -0.650 -0.482,0.9,1,0.000,0.000,0.4983,-0.58,,-1.000,0.0,0.0,0.0,,,20.9,-20.0,-6.6
345,5.7500,swing,swingBottom,242.992,56.683,8.418,0.307,-37.023,-9.799,38.299,37.024,7.305,235.51,81.73,72.76,50.02,0.829,0,,0,0.00,0.00,0.00,242.170,61.209,9.463,-79.71,-18.03,70.50,4.717,0.528,-0.00,1.00,1,0,0,0,0,0,-18.03,-3.16,-5.77,0.3082,0.0800,0.3932,1,4.717,0,0.435,0,swing,swingBottomL,1.000,2,-0.023 0.457 -0.212 0.775 0.209 0.407 -0.097 -0.540 0.221 -0.300,242.16,61.83,9.65,-18.43,-79.70,102.99,276,576,900,1020,0.550,0.956 0.362 -0.646 -0.465,0.9,1,0.000,0.000,0.4983,-0.55,,-1.000,0.0,0.0,0.0,,,21.3,-20.4,-6.6
346,5.7667,swing,swingBottom,242.997,56.067,8.259,0.292,-37.009,-9.293,38.159,37.010,7.146,235.51,81.73,72.76,50.02,0.827,0,,0,0.00,0.00,0.00,242.176,60.593,9.283,-79.72,-17.62,70.48,4.713,0.522,-0.00,1.00,1,0,0,0,0,0,-17.62,-2.77,-5.78,0.3061,0.0798,0.3942,1,4.713,0,0.437,0,swing,swingBottomL,1.000,2,-0.023 0.457 -0.211 0.776 0.207 0.418 -0.102 -0.531 0.216 -0.287,242.17,61.21,9.46,-18.03,-79.71,102.97,280,576,900,1020,0.548,0.953 0.376 -0.640 -0.448,1.0,1,0.000,0.000,0.4983,-0.53,,-1.000,0.0,0.0,0.0,,,21.6,-20.8,-6.5
347,5.7833,swing,swingBottom,243.001,55.451,8.108,0.278,-36.984,-8.790,38.015,36.985,6.995,235.51,81.73,72.76,50.02,0.826,0,,0,0.00,0.00,0.00,242.182,59.977,9.112,-79.73,-17.22,70.46,4.708,0.516,-0.00,1.00,1,0,0,0,0,0,-17.22,-2.40,-5.80,0.3040,0.0796,0.3951,1,4.708,0,0.439,0,swing,swingBottomL,1.000,2,-0.022 0.458 -0.209 0.776 0.205 0.430 -0.108 -0.522 0.212 -0.274,242.18,60.59,9.28,-17.62,-79.72,102.94,280,576,900,1020,0.547,0.950 0.391 -0.635 -0.432,1.0,1,0.000,0.000,0.4983,-0.50,,-1.000,0.0,0.0,0.0,,,22.0,-21.1,-6.5
348,5.8000,swing,swingBottom,243.006,54.835,7.966,0.265,-36.948,-8.289,37.867,36.949,6.853,235.51,81.73,72.76,50.02,0.824,0,,0,0.00,0.00,0.00,242.187,59.362,8.949,-79.74,-16.81,70.43,4.704,0.509,-0.00,1.00,1,0,0,0,0,0,-16.81,-2.04,-5.82,0.3019,0.0793,0.3961,1,4.704,0,0.441,0,swing,swingBottomL,1.000,2,-0.021 0.458 -0.208 0.776 0.203 0.441 -0.113 -0.512 0.207 -0.261,242.18,59.98,9.11,-17.22,-79.73,102.92,284,576,900,1020,0.545,0.947 0.406 -0.629 -0.415,1.1,1,0.000,0.000,0.4983,-0.48,,-1.000,0.0,0.0,0.0,,,22.3,-21.5,-6.5
349,5.8167,swing,swingBottom,243.010,54.220,7.832,0.251,-36.901,-7.793,37.716,36.902,6.719,235.51,81.73,72.76,50.02,0.823,0,,0,0.00,0.00,0.00,242.192,58.747,8.795,-79.75,-16.41,70.41,4.700,0.503,-0.00,1.00,1,0,0,0,0,0,-16.41,-1.70,-5.83,0.2997,0.0791,0.3970,1,4.700,0,0.443,0,swing,swingBottomL,1.000,2,-0.020 0.457 -0.207 0.776 0.200 0.451 -0.118 -0.503 0.202 -0.249,242.19,59.36,8.95,-16.81,-79.74,102.90,284,576,900,1020,0.543,0.943 0.420 -0.623 -0.399,1.1,1,0.000,0.000,0.4983,-0.45,,-1.000,0.0,0.0,0.0,,,22.7,-21.9,-6.5
350,5.8333,swing,swingBottom,243.015,53.606,7.707,0.239,-36.848,-7.300,37.565,36.849,6.594,235.51,81.73,72.76,50.02,0.821,0,,0,0.00,0.00,0.00,242.196,58.133,8.649,-79.75,-16.01,70.39,4.695,0.495,-0.00,1.00,1,0,0,0,0,0,-16.01,-1.36,-5.85,0.2975,0.0788,0.3980,1,4.695,0,0.445,0,swing,swingBottomL,1.000,2,-0.020 0.457 -0.206 0.776 0.198 0.461 -0.124 -0.494 0.198 -0.237,242.19,58.75,8.79,-16.41,-79.75,102.88,288,572,900,1016,0.541,0.940 0.433 -0.616 -0.383,1.1,1,0.000,0.000,0.4984,-0.43,,-1.000,0.0,0.0,0.0,,,23.1,-22.3,-6.5
351,5.8500,swing,swingBottom,243.018,52.993,7.589,0.173,-36.812,-6.820,37.439,36.812,6.476,235.51,81.73,72.76,50.02,0.819,0,,0,0.00,0.00,0.00,242.201,57.520,8.511,-79.76,-15.61,70.37,4.691,0.488,-0.00,1.00,1,0,0,0,0,0,-15.61,-1.04,-5.87,0.2952,0.0787,0.3991,1,4.691,0,0.447,0,swing,swingBottomL,1.000,2,-0.020 0.457 -0.206 0.775 0.195 0.470 -0.128 -0.485 0.195 -0.225,242.20,58.13,8.65,-16.01,-79.75,102.85,292,572,900,1016,0.539,0.936 0.446 -0.609 -0.367,1.1,1,0.000,0.000,0.4982,-0.41,,-1.000,0.0,0.0,0.0,,,23.5,-22.7,-6.6
352,5.8667,swing,swingBottom,243.020,52.380,7.480,0.058,-36.794,-6.349,37.337,36.794,6.367,235.51,81.73,72.76,50.02,0.817,0,,0,0.00,0.00,0.00,242.204,56.907,8.382,-79.79,-15.21,70.34,4.688,0.481,-0.00,1.00,1,0,0,0,0,0,-15.21,-0.72,-5.88,0.2927,0.0789,0.4002,1,4.688,0,0.449,0,swing,swingBottomL,1.000,2,-0.021 0.456 -0.209 0.774 0.191 0.478 -0.130 -0.476 0.192 -0.214,242.20,57.52,8.51,-15.61,-79.76,102.83,292,572,900,1016,0.537,0.931 0.458 -0.601 -0.351,1.2,1,0.000,0.000,0.4976,-0.39,,-1.000,0.0,0.0,0.0,,,23.9,-23.1,-6.9
353,5.8833,swing,swingBottom,243.019,51.767,7.378,-0.052,-36.789,-5.885,37.257,36.789,6.265,235.51,81.73,72.76,50.02,0.815,0,,0,0.00,0.00,0.00,242.207,56.295,8.260,-79.83,-14.82,70.32,4.684,0.473,-0.00,1.00,1,0,0,0,0,0,-14.82,-0.42,-5.90,0.2903,0.0793,0.4017,1,4.684,0,0.451,0,swing,swingBottomL,1.000,2,-0.025 0.455 -0.213 0.771 0.186 0.487 -0.131 -0.468 0.191 -0.202,242.20,56.91,8.38,-15.21,-79.79,102.80,296,572,900,1016,0.535,0.925 0.471 -0.594 -0.335,1.4,1,0.000,0.000,0.4968,-0.37,,-1.000,0.0,0.0,0.0,,,24.5,-23.5,-7.5
354,5.9000,swing,swingBottom,243.018,51.154,7.283,-0.104,-36.796,-5.421,37.193,36.796,6.170,235.51,81.73,72.76,50.02,0.813,0,,0,0.00,0.00,0.00,242.209,55.683,8.147,-79.87,-14.43,70.30,4.680,0.465,-0.00,1.00,1,0,0,0,0,0,-14.43,-0.14,-5.92,0.2881,0.0796,0.4033,1,4.680,0,0.453,0,swing,swingBottomL,1.000,2,-0.028 0.454 -0.216 0.769 0.183 0.494 -0.133 -0.461 0.191 -0.192,242.21,56.29,8.26,-14.82,-79.83,102.78,300,576,896,1016,0.532,0.920 0.482 -0.587 -0.321,1.6,1,0.000,0.000,0.4963,-0.35,,-1.000,0.0,0.0,0.0,,,25.0,-24.0,-7.9
355,5.9167,swing,swingBottom,243.016,50.541,7.197,-0.100,-36.811,-4.957,37.143,36.811,6.084,235.51,81.73,72.76,50.02,0.812,0,,0,0.00,0.00,0.00,242.210,55.070,8.041,-79.91,-14.04,70.27,4.677,0.458,-0.00,1.00,1,0,0,0,0,0,-14.04,0.14,-5.93,0.2866,0.0797,0.4048,1,4.677,0,0.455,0,swing,swingBottomL,1.000,2,-0.029 0.454 -0.214 0.768 0.181 0.500 -0.135 -0.456 0.189 -0.183,242.21,55.68,8.15,-14.43,-79.87,102.76,300,576,896,1016,0.530,0.915 0.492 -0.581 -0.308,1.7,1,0.000,0.000,0.4962,-0.34,,-1.000,0.0,0.0,0.0,,,25.5,-24.4,-8.1
356,5.9333,swing,swingBottom,243.015,49.928,7.118,-0.097,-36.831,-4.496,37.104,36.831,6.005,235.51,81.73,72.76,50.02,0.811,0,,0,0.00,0.00,0.00,242.210,54.457,7.943,-79.93,-13.65,70.25,4.673,0.450,-0.00,1.00,1,0,0,0,0,0,-13.65,0.41,-5.95,0.2849,0.0793,0.4060,1,4.673,0,0.457,0,swing,swingBottomL,1.000,2,-0.027 0.453 -0.210 0.768 0.180 0.503 -0.141 -0.449 0.185 -0.176,242.21,55.07,8.04,-14.04,-79.91,102.73,304,576,896,1016,0.528,0.912 0.498 -0.574 -0.296,1.6,1,0.000,0.000,0.4963,-0.32,,-1.000,0.0,0.0,0.0,,,25.9,-24.9,-8.0
357,5.9500,swing,swingBottom,243.013,49.314,7.047,-0.094,-36.844,-4.036,37.064,36.844,5.934,235.51,81.73,72.76,50.02,0.810,0,,0,0.00,0.00,0.00,242.210,53.843,7.853,-79.94,-13.26,70.22,4.670,0.443,-0.00,1.00,1,0,0,0,0,0,-13.26,0.66,-5.97,0.2834,0.0786,0.4071,1,4.670,0,0.459,0,swing,swingBottomL,1.000,2,-0.023 0.453 -0.205 0.769 0.180 0.504 -0.146 -0.442 0.180 -0.168,242.21,54.46,7.94,-13.65,-79.93,102.71,308,576,896,1016,0.526,0.910 0.501 -0.565 -0.285,1.4,1,0.000,0.000,0.4965,-0.30,,-1.000,0.0,0.0,0.0,,,26.2,-25.3,-7.7
358,5.9667,swing,swingBottom,243.012,48.700,6.984,-0.091,-36.847,-3.576,37.020,36.847,5.871,235.51,81.73,72.76,50.02,0.809,0,,0,0.00,0.00,0.00,242.209,53.229,7.770,-79.95,-12.87,70.20,4.667,0.436,-0.00,1.00,1,0,0,0,0,0,-12.87,0.91,-5.98,0.2819,0.0781,0.4081,1,4.667,0,0.461,0,swing,swingBottomL,1.000,2,-0.020 0.453 -0.201 0.770 0.179 0.504 -0.151 -0.435 0.176 -0.160,242.21,53.84,7.85,-13.26,-79.94,102.68,308,576,896,1016,0.524,0.907 0.504 -0.557 -0.273,1.2,1,0.000,0.000,0.4967,-0.29,,-1.000,0.0,0.0,0.0,,,26.6,-25.8,-7.4
359,5.9833,swing,swingBottom,243.010,48.086,6.928,-0.087,-36.840,-3.116,36.971,36.840,5.815,235.51,81.73,72.76,50.02,0.808,0,,0,0.00,0.00,0.00,242.208,52.616,7.696,-79.96,-12.49,70.17,4.664,0.429,-0.00,1.00,1,0,0,0,0,0,-12.49,1.14,-6.00,0.2808,0.0776,0.4094,1,4.664,0,0.463,0,swing,swingBottomL,1.000,2,-0.018 0.452 -0.198 0.770 0.178 0.503 -0.155 -0.430 0.173 -0.153,242.21,53.23,7.77,-12.87,-79.95,102.65,312,576,896,1016,0.522,0.904 0.505 -0.550 -0.262,1.0,1,0.000,0.000,0.4969,-0.27,,-1.000,0.0,0.0,0.0,,,27.0,-26.3,-7.3
360,6.0000,swing,swingBottom,243.009,47.471,6.880,-0.137,-36.914,-2.667,37.011,36.915,5.767,235.51,81.73,72.76,50.02,0.807,0,,0,0.00,0.00,0.00,242.207,52.000,7.629,-79.97,-12.10,70.15,4.661,0.423,-0.00,1.00,1,0,0,0,0,0,-12.10,1.35,-6.02,0.2796,0.0774,0.4108,1,4.661,0,0.464,0,swing,swingBottomL,1.000,2,-0.016 0.452 -0.196 0.770 0.177 0.503 -0.157 -0.425 0.171 -0.145,242.21,52.62,7.70,-12.49,-79.96,102.63,312,576,900,1016,0.520,0.901 0.506 -0.542 -0.252,1.0,1,0.000,0.000,0.4970,-0.26,,-1.000,0.0,0.0,0.0,,,27.4,-26.7,-7.2
361,6.0167,swing,swingBottom,243.005,46.855,6.839,-0.237,-36.978,-2.218,37.046,36.979,5.726,235.51,81.73,72.76,50.02,0.806,0,,0,0.00,0.00,0.00,242.206,51.385,7.569,-80.00,-11.72,70.12,4.658,0.417,-0.00,1.00,1,0,0,0,0,0,-11.72,1.56,-6.03,0.2788,0.0775,0.4127,1,4.658,0,0.466,0,swing,swingBottomL,1.000,2,-0.017 0.451 -0.198 0.769 0.175 0.502 -0.156 -0.423 0.171 -0.137,242.21,52.00,7.63,-12.10,-79.97,102.60,316,580,896,1016,0.517,0.896 0.507 -0.537 -0.240,1.0,1,0.000,0.000,0.4966,-0.25,,-1.000,0.0,0.0,0.0,,,27.9,-27.2,-7.4
362,6.0333,swing,swingBottom,243.000,46.239,6.806,-0.331,-36.939,-1.764,36.983,36.941,5.693,235.51,81.73,72.76,50.02,0.806,0,,0,0.00,0.00,0.00,242.204,50.770,7.517,-80.03,-11.34,70.10,4.655,0.412,-0.00,1.00,1,0,0,0,0,0,-11.34,1.75,-6.05,0.2781,0.0778,0.4148,1,4.655,0,0.468,0,swing,swingBottomL,1.000,2,-0.019 0.450 -0.201 0.767 0.172 0.502 -0.153 -0.422 0.172 -0.129,242.21,51.39,7.57,-11.72,-80.00,102.58,316,580,896,1012,0.515,0.891 0.508 -0.533 -0.230,1.2,1,0.000,0.000,0.4961,-0.24,,-1.000,0.0,0.0,0.0,,,28.5,-27.7,-7.9
363,6.0500,swing,swingBottom,242.994,45.623,6.780,-0.423,-36.982,-1.313,37.008,36.985,5.667,235.51,81.73,72.76,50.02,0.806,0,,0,0.00,0.00,0.00,242.201,50.154,7.473,-80.08,-10.95,70.07,4.652,0.407,-0.00,1.00,1,0,0,0,0,0,-10.95,1.92,-6.07,0.2785,0.0784,0.4175,1,4.652,0,0.470,0,swing,swingBottomL,1.000,2,-0.022 0.449 -0.204 0.765 0.170 0.502 -0.148 -0.426 0.175 -0.121,242.20,50.77,7.52,-11.34,-80.03,102.55,320,584,896,1012,0.512,0.885 0.510 -0.532 -0.220,1.5,1,0.000,0.000,0.4956,-0.22,,-1.000,0.0,0.0,0.0,,,29.1,-28.2,-8.4
364,6.0667,swing,swingBottom,242.986,45.007,6.762,-0.511,-37.015,-0.862,37.028,37.018,5.649,235.51,81.73,72.76,50.02,0.806,0,,0,0.00,0.00,0.00,242.197,49.539,7.436,-80.13,-10.57,70.05,4.649,0.402,-0.00,1.00,1,0,0,0,0,0,-10.57,2.09,-6.08,0.2790,0.0788,0.4202,1,4.649,0,0.472,0,swing,swingBottomL,1.000,2,-0.025 0.448 -0.207 0.764 0.168 0.502 -0.144 -0.431 0.179 -0.114,242.20,50.15,7.47,-10.95,-80.08,102.52,324,588,896,1012,0.509,0.880 0.510 -0.531 -0.211,1.8,1,0.000,0.000,0.4951,-0.21,,-1.000,0.0,0.0,0.0,,,29.7,-28.7,-8.8
365,6.0833,swing,swingBottom,242.976,44.390,6.751,-0.596,-37.037,-0.409,37.044,37.042,5.638,235.51,81.73,72.76,50.02,0.806,0,,0,0.00,0.00,0.00,242.192,48.922,7.407,-80.18,-10.19,70.03,4.646,0.398,-0.00,1.00,1,0,0,0,0,0,-10.19,2.23,-6.10,0.2803,0.0792,0.4232,1,4.646,0,0.474,0,swing,swingBottomL,1.000,2,-0.026 0.447 -0.208 0.763 0.168 0.501 -0.139 -0.438 0.183 -0.105,242.20,49.54,7.44,-10.57,-80.13,102.50,324,592,892,1012,0.507,0.875 0.510 -0.532 -0.201,2.0,1,0.009,0.000,0.4947,-0.20,,-1.000,0.0,0.0,0.0,,,30.2,-29.2,-9.2
366,6.1000,swing,swingBottom,242.966,43.774,6.748,-0.621,-36.955,0.047,36.961,36.961,5.635,235.51,81.73,72.76,50.02,0.806,0,,0,0.00,0.00,0.00,242.185,48.307,7.385,-80.23,-9.81,70.00,4.644,0.395,-0.00,1.00,1,0,0,0,0,0,-9.81,2.37,-6.12,0.2817,0.0793,0.4260,1,4.644,0,0.476,0,swing,swingBottomL,1.000,2,-0.026 0.446 -0.207 0.762 0.169 0.500 -0.135 -0.445 0.186 -0.097,242.19,48.92,7.41,-10.19,-80.18,102.47,328,596,892,1012,0.504,0.872 0.509 -0.533 -0.192,2.1,1,0.020,0.000,0.4945,-0.19,,-1.000,0.0,0.0,0.0,,,30.7,-29.7,-9.3
367,6.1167,air,release,242.960,43.420,6.822,-0.713,-42.412,8.848,43.331,42.418,5.709,0.00,0.00,0.00,0.00,0.000,0,,0,0.00,0.00,0.00,242.137,47.946,7.381,-79.70,-8.72,69.98,4.634,0.393,-0.00,1.00,0,0,0,0,0,0,-8.72,2.48,-6.13,0.2963,0.0779,0.4289,1,4.634,0,0.478,0,swing,swingBottomL,1.000,2,-0.019 0.468 -0.193 0.806 0.174 0.502 -0.140 -0.483 0.182 -0.124,242.18,48.31,7.39,-9.81,-80.23,102.45,332,600,892,1012,0.516,0.897 0.506 -0.554 -0.210,-1.0,0,0.029,0.000,0.4960,-0.18,,-1.000,0.0,0.0,0.0,,,28.3,-27.5,-8.2
368,6.1333,air,release,242.948,42.714,6.965,-0.711,-42.327,8.448,43.168,42.333,5.852,0.00,0.00,0.00,0.00,0.000,0,,0,0.00,0.00,0.00,242.152,47.245,7.410,-80.03,-7.22,69.97,4.622,0.395,-0.00,1.00,0,0,0,0,0,0,-7.22,2.57,-6.15,0.3085,0.0760,0.4286,1,4.622,0,0.479,0,air_tuck,swingBottomL,1.000,1,-0.016 0.491 -0.189 0.851 0.178 0.501 -0.137 -0.517 0.185 -0.156,242.14,47.95,7.38,-8.72,-79.70,102.43,328,612,896,1012,0.527,0.920 0.501 -0.570 -0.228,-1.0,0,0.034,0.000,0.5011,-0.17,,-1.000,0.0,0.0,0.0,,,26.0,-25.3,-7.1
369,6.1500,air,release,242.936,42.010,7.100,-0.710,-42.243,8.048,43.008,42.249,5.987,0.00,0.00,0.00,0.00,0.000,0,,0,0.00,0.00,0.00,242.161,46.544,7.474,-80.30,-6.26,69.96,4.615,0.399,-0.00,1.00,0,0,0,0,0,0,-6.26,2.62,-6.17,0.3156,0.0749,0.4300,1,4.615,0,0.480,0,air_tuck,swingBottomL,1.000,1,-0.004 0.505 -0.177 0.866 0.191 0.492 -0.127 -0.535 0.193 -0.171,242.15,47.24,7.41,-7.22,-80.03,102.42,320,616,912,1020,0.535,0.926 0.489 -0.577 -0.234,-1.0,0,0.044,0.000,0.5019,-0.17,,-1.000,0.0,0.0,0.0,,,24.3,-23.8,-5.4
370,6.1667,air,release,242.924,41.307,7.230,-0.708,-42.158,7.648,42.852,42.164,6.117,0.00,0.00,0.00,0.00,0.000,0,,0,0.00,0.00,0.00,242.165,45.844,7.563,-80.50,-5.70,69.96,4.612,0.406,-0.00,1.00,0,0,0,0,0,0,-5.70,2.64,-6.18,0.3182,0.0765,0.4318,1,4.612,0,0.481,0,air_tuck,swingBottomL,1.000,1,-0.012 0.516 -0.186 0.869 0.198 0.496 -0.117 -0.545 0.201 -0.183,242.16,46.54,7.47,-6.26,-80.30,102.41,320,620,912,1024,0.541,0.923 0.491 -0.580 -0.241,-1.0,0,0.026,0.000,0.5018,-0.16,,-1.000,0.0,0.0,0.0,,,22.8,-22.2,-5.8
371,6.1833,air,release,242.912,40.605,7.352,-0.707,-42.074,7.248,42.700,42.080,6.239,0.00,0.00,0.00,0.00,0.000,0,,0,0.00,0.00,0.00,242.164,45.144,7.667,-80.64,-5.44,69.96,4.611,0.414,-0.00,1.00,0,0,0,0,0,0,-5.44,2.64,-6.20,0.3195,0.0798,0.4332,1,4.611,0,0.481,0,air_tuck,swingBottomL,1.000,1,-0.023 0.526 -0.207 0.873 0.212 0.502 -0.105 -0.550 0.209 -0.194,242.16,45.84,7.56,-5.70,-80.50,102.41,320,624,908,1024,0.549,0.923 0.494 -0.582 -0.251,-1.0,0,0.014,0.000,0.5012,-0.15,,-1.000,0.0,0.0,0.0,,,20.9,-20.1,-6.4
372,6.2000,air,release,242.901,39.905,7.468,-0.705,-41.990,6.848,42.551,41.996,6.355,0.00,0.00,0.00,0.00,0.000,0,,0,0.00,0.00,0.00,242.159,44.445,7.779,-80.72,-5.35,69.97,4.610,0.424,-0.00,1.00,0,0,0,0,0,0,-5.35,2.61,-6.22,0.3195,0.0847,0.4344,1,4.610,0,0.481,0,air_tuck,swingBottomL,1.000,1,-0.038 0.537 -0.244 0.878 0.231 0.510 -0.090 -0.553 0.219 -0.206,242.16,45.14,7.67,-5.44,-80.64,102.41,320,624,904,1028,0.557,0.925 0.499 -0.583 -0.262,-1.0,0,0.004,0.000,0.4999,-0.14,,-1.000,0.0,0.0,0.0,,,18.6,-17.3,-7.3
373,6.2167,air,release,242.889,39.206,7.577,-0.704,-41.906,6.448,42.405,41.912,6.464,0.00,0.00,0.00,0.00,0.000,0,,0,0.00,0.00,0.00,242.152,43.747,7.892,-80.78,-5.38,69.98,4.611,0.434,-0.00,1.00,0,0,0,0,0,0,-5.38,2.56,-6.23,0.3179,0.0910,0.4359,1,4.611,0,0.482,0,air_tuck,swingBottomL,1.000,1,-0.059 0.548 -0.301 0.884 0.253 0.520 -0.071 -0.551 0.229 -0.217,242.16,44.45,7.78,-5.35,-80.72,102.41,320,628,892,1028,0.565,0.927 0.506 -0.580 -0.274,-1.0,0,0.003,0.000,0.4974,-0.14,,-1.000,0.0,0.0,0.0,,,16.0,-13.7,-8.6
374,6.2333,air,release,242.877,38.509,7.679,-0.703,-41.822,6.048,42.263,41.828,6.566,0.00,0.00,0.00,0.00,0.000,0,,0,0.00,0.00,0.00,242.143,43.050,8.004,-80.81,-5.47,69.99,4.611,0.445,-0.00,1.00,0,0,0,0,0,0,-5.47,2.49,-6.25,0.3135,0.0985,0.4384,1,4.611,0,0.482,0,air_tuck,swingBottomL,1.000,1,-0.084 0.558 -0.380 0.887 0.273 0.532 -0.048 -0.547 0.242 -0.230,242.15,43.75,7.89,-5.38,-80.78,102.42,324,628,880,1032,0.571,0.924 0.514 -0.575 -0.287,-1.0,0,0.026,0.000,0.4937,-0.13,,-1.000,0.0,0.0,0.0,,,13.6,-9.1,-10.2
375,6.2500,air,release,242.866,37.813,7.775,-0.701,-41.739,5.648,42.125,41.744,6.662,0.00,0.00,0.00,0.00,0.000,0,,0,0.00,0.00,0.00,242.132,42.354,8.113,-80.83,-5.61,70.00,4.612,0.457,-0.00,1.00,0,0,0,0,0,0,-5.61,2.40,-6.27,0.3038,0.1069,0.4431,1,4.612,0,0.482,0,air_tuck,swingBottomL,1.000,1,-0.114 0.565 -0.483 0.878 0.282 0.539 -0.022 -0.537 0.258 -0.244,242.14,43.05,8.00,-5.47,-80.81,102.44,332,628,860,1028,0.573,0.906 0.517 -0.563 -0.301,-1.0,0,0.038,0.000,0.4883,-0.12,,-1.000,0.0,0.0,0.0,,,12.5,-3.3,-12.1
376,6.2667,air,release,242.854,37.118,7.864,-0.700,-41.655,5.248,41.990,41.661,6.751,0.00,0.00,0.00,0.00,0.000,0,,0,0.00,0.00,0.00,242.121,41.660,8.216,-80.84,-5.76,70.02,4.613,0.468,-0.00,1.00,0,0,0,0,0,0,-5.76,2.29,-6.28,0.2853,0.1147,0.4516,1,4.613,0,0.483,0,air_tuck,swingBottomL,1.000,1,-0.146 0.567 -0.601 0.841 0.281 0.536 0.006 -0.521 0.277 -0.261,242.13,42.35,8.11,-5.61,-80.83,102.45,348,628,844,1024,0.568,0.855 0.508 -0.544 -0.316,-1.0,0,0.026,0.000,0.4824,-0.12,,-1.000,0.0,0.0,0.0,,,14.6,4.1,-14.1
377,6.2833,air,release,242.842,36.425,7.947,-0.698,-41.572,4.848,41.859,41.578,6.834,0.00,0.00,0.00,0.00,0.000,0,,0,0.00,0.00,0.00,242.110,40.966,8.314,-80.84,-5.93,70.04,4.615,0.479,-0.00,1.00,0,0,0,0,0,0,-5.93,2.17,-6.30,0.2562,0.1181,0.4647,1,4.615,0,0.483,0,air_tuck,swingBottomL,1.000,1,-0.176 0.557 -0.709 0.752 0.267 0.509 0.031 -0.500 0.298 -0.282,242.12,41.66,8.22,-5.76,-80.84,102.47,372,628,828,1020,0.550,0.746 0.474 -0.518 -0.333,-1.0,0,0.032,0.000,0.4782,-0.11,,-1.000,0.0,0.0,0.0,,,20.2,13.1,-15.9
378,6.3000,air,release,242.831,35.733,8.023,-0.697,-41.489,4.448,41.732,41.495,6.910,0.00,0.00,0.00,0.00,0.000,0,,0,0.00,0.00,0.00,242.098,40.275,8.406,-80.84,-6.10,70.05,4.616,0.490,-0.00,1.00,0,0,0,0,0,0,-6.10,2.04,-6.32,0.2151,0.1185,0.4822,1,4.616,0,0.483,0,air_tuck,releaseTuck,1.000,1,-0.197 0.532 -0.763 0.587 0.249 0.451 0.049 -0.468 0.316 -0.303,242.11,40.97,8.31,-5.93,-80.84,102.49,396,628,824,1016,0.514,0.556 0.408 -0.481 -0.347,-1.0,0,0.037,0.000,0.4794,-0.11,,-1.000,0.0,0.0,0.0,,,28.5,23.9,-17.3
379,6.3167,air,release,242.819,35.043,8.092,-0.696,-41.406,4.048,41.609,41.412,6.979,0.00,0.00,0.00,0.00,0.000,0,,0,0.00,0.00,0.00,242.086,39.584,8.491,-80.83,-6.27,70.07,4.617,0.501,-0.00,1.00,0,0,0,0,0,0,-6.27,1.91,-6.33,0.1918,0.1111,0.4903,1,4.617,0,0.484,0,air_tuck,releaseTuck,1.000,1,-0.207 0.483 -0.719 0.345 0.232 0.373 0.062 -0.436 0.333 -0.322,242.10,40.27,8.41,-6.10,-80.84,102.50,412,624,840,1024,0.453,0.291 0.322 -0.443 -0.358,-1.0,0,0.032,0.000,0.4859,-0.10,,-1.000,0.0,0.0,0.0,,,38.9,36.3,-18.6
380,6.3333,air,release,242.807,34.354,8.154,-0.694,-41.323,3.648,41.490,41.329,7.041,0.00,0.00,0.00,0.00,0.000,0,,0,0.00,0.00,0.00,242.074,38.895,8.570,-80.83,-6.45,70.09,4.619,0.511,-0.00,1.00,0,0,0,0,0,0,-6.45,1.76,-6.35,0.1727,0.1007,0.4936,1,4.619,0,0.484,0,air_tuck,releaseTuck,1.000,1,-0.206 0.404 -0.557 0.076 0.213 0.269 0.067 -0.393 0.342 -0.326,242.09,39.58,8.49,-6.27,-80.83,102.52,432,616,860,1028,0.361,0.009 0.212 -0.393 -0.351,-1.0,0,0.022,0.000,0.4937,-0.10,,-1.000,0.0,0.0,0.0,,,51.5,50.2,-20.1
381,6.3500,air,release,242.796,33.666,8.211,-0.693,-41.240,3.338,41.381,41.246,7.098,0.00,0.00,0.00,0.00,0.000,0,,0,0.00,0.00,0.00,242.062,38.207,8.643,-80.82,-6.61,70.11,4.620,0.521,-0.00,1.00,0,0,0,0,0,0,-6.61,1.61,-6.37,0.1627,0.0954,0.4935,1,4.620,0,0.485,0,air_tuck,releaseTuck,1.000,1,-0.195 0.354 -0.453 -0.018 0.198 0.222 0.062 -0.362 0.331 -0.306,242.07,38.90,8.57,-6.45,-80.83,102.54,444,612,872,1028,0.304,-0.087 0.162 -0.361 -0.326,-1.0,0,0.029,0.000,0.4963,-0.09,,-1.000,0.0,0.0,0.0,,,58.2,57.5,-20.4
382,6.3667,air,release,243.026,33.074,8.264,13.795,-35.535,3.118,38.246,38.118,7.151,0.00,0.00,0.00,0.00,0.000,0,,0,0.00,0.00,0.00,242.076,37.574,8.709,-78.08,-6.74,70.13,4.622,0.528,-0.00,1.00,0,0,0,0,0,0,-6.74,1.46,-6.38,0.1525,0.0891,0.4935,1,4.622,0,0.485,0,air_tuck,releaseTuck,1.000,1,-0.175 0.301 -0.364 -0.073 0.182 0.175 0.050 -0.331 0.311 -0.283,242.06,38.21,8.64,-6.61,-80.82,102.57,456,604,884,1028,0.245,-0.142 0.114 -0.328 -0.297,-1.0,0,0.038,0.000,0.4986,-0.09,,-1.000,0.0,0.0,0.0,,,64.7,61.6,-45.7
383,6.3833,air,release,243.255,32.482,8.313,13.767,-35.464,2.898,38.152,38.042,7.200,0.00,0.00,0.00,0.00,0.000,0,,0,0.00,0.00,0.00,242.140,36.945,8.770,-75.97,-6.85,70.15,4.623,0.531,-0.00,1.00,0,0,0,0,0,0,-6.85,1.31,-6.40,0.1439,0.0829,0.4943,1,4.623,0,0.485,0,air_tuck,releaseTuck,1.000,1,-0.150 0.246 -0.299 -0.114 0.186 0.133 0.041 -0.310 0.292 -0.261,242.08,37.57,8.71,-6.74,-78.08,102.58,460,600,892,1028,0.186,-0.182 0.070 -0.307 -0.270,-1.0,0,0.062,0.000,0.5006,-0.08,,-1.000,0.0,0.0,0.0,,,71.0,69.4,-49.0
384,6.4000,air,release,243.485,31.892,8.359,13.739,-35.393,2.678,38.060,37.966,7.246,0.00,0.00,0.00,0.00,0.000,0,,0,0.00,0.00,0.00,242.252,36.324,8.827,-74.46,-6.94,70.16,4.624,0.531,-0.00,1.00,0,0,0,0,0,0,-6.94,1.16,-6.42,0.1354,0.0767,0.4950,1,4.624,0,0.486,0,air_tuck,releaseTuck,1.000,1,-0.121 0.192 -0.251 -0.142 0.190 0.095 0.030 -0.291 0.270 -0.238,242.14,36.95,8.77,-6.85,-75.97,102.60,468,596,900,1024,0.128,-0.209 0.032 -0.286 -0.242,-1.0,0,0.077,0.000,0.5020,-0.08,,-1.000,0.0,0.0,0.0,,,76.9,76.3,-53.7
385,6.4167,air,release,243.713,31.303,8.400,13.712,-35.322,2.458,37.970,37.890,7.287,0.00,0.00,0.00,0.00,0.000,0,,0,0.00,0.00,0.00,242.401,35.712,8.879,-73.42,-7.02,70.17,4.625,0.529,-0.00,1.00,0,0,0,0,0,0,-7.02,1.01,-6.43,0.1283,0.0715,0.4962,1,4.625,0,0.487,0,air_tuck,releaseTuck,1.000,1,-0.092 0.142 -0.218 -0.170 0.204 0.056 0.020 -0.280 0.251 -0.219,242.25,36.32,8.83,-6.94,-74.46,102.61,472,596,900,1020,0.075,-0.235 -0.008 -0.274 -0.219,-1.0,0,0.082,0.000,0.5028,-0.07,,-1.000,0.0,0.0,0.0,,,82.4,82.1,-61.3
386,6.4333,air,release,243.941,30.715,8.439,13.685,-35.251,2.238,37.880,37.814,7.326,0.00,0.00,0.00,0.00,0.000,0,,0,0.00,0.00,0.00,242.577,35.108,8.927,-72.74,-7.10,70.17,4.626,0.525,-0.00,1.00,0,0,0,0,0,0,-7.10,0.87,-6.45,0.1211,0.0674,0.4975,1,4.626,0,0.487,0,air_tuck,releaseTuck,1.000,1,-0.065 0.095 -0.202 -0.189 0.215 0.013 0.002 -0.270 0.227 -0.209,242.40,35.71,8.88,-7.02,-73.42,102.62,476,592,904,1016,0.027,-0.253 -0.052 -0.263 -0.207,-1.0,0,0.063,0.000,0.5025,-0.07,,-1.000,0.0,0.0,0.0,,,87.3,87.2,-75.5
387,6.4500,air,release,244.169,30.129,8.473,13.657,-35.181,2.018,37.793,37.739,7.360,0.00,0.00,0.00,0.00,0.000,0,,0,0.00,0.00,0.00,242.771,34.511,8.971,-72.31,-7.17,70.18,4.627,0.520,-0.00,1.00,0,0,0,0,0,0,-7.17,0.73,-6.47,0.1152,0.0641,0.4990,1,4.627,0,0.488,0,air_tuck,releaseTuck,1.000,1,-0.043 0.055 -0.195 -0.207 0.225 -0.029 -0.013 -0.266 0.208 -0.206,242.58,35.11,8.93,-7.10,-72.74,102.63,484,592,908,1012,-0.015,-0.269 -0.093 -0.257 -0.201,-1.0,0,0.043,0.000,0.5020,-0.07,,-1.000,0.0,0.0,0.0,,,91.5,91.5,-100.7
388,6.4667,air,release,244.396,29.543,8.504,13.630,-35.110,1.798,37.706,37.663,7.391,0.00,0.00,0.00,0.00,0.000,0,,0,0.00,0.00,0.00,242.977,33.919,9.011,-72.03,-7.24,70.18,4.628,0.513,-0.00,1.00,0,0,0,0,0,0,-7.24,0.59,-6.48,0.1101,0.0619,0.5001,1,4.628,0,0.488,0,air_tuck,releaseTuck,1.000,1,-0.028 0.025 -0.195 -0.218 0.231 -0.065 -0.029 -0.262 0.194 -0.210,242.77,34.51,8.97,-7.17,-72.31,102.63,484,588,908,1008,-0.046,-0.280 -0.129 -0.252 -0.202,-1.0,0,0.018,0.000,0.5014,-0.06,,-1.000,0.0,0.0,0.0,,,94.7,94.7,-127.4
389,6.4833,air,release,244.623,28.959,8.531,13.603,-35.040,1.578,37.621,37.588,7.418,0.00,0.00,0.00,0.00,0.000,0,,0,0.00,0.00,0.00,243.191,33.330,9.048,-71.86,-7.31,70.18,4.629,0.506,-0.00,1.00,0,0,0,0,0,0,-7.31,0.46,-6.50,0.1065,0.0612,0.5013,1,4.629,0,0.489,0,air_tuck,releaseTuck,1.000,1,-0.019 0.005 -0.201 -0.226 0.235 -0.098 -0.044 -0.263 0.182 -0.221,242.98,33.92,9.01,-7.24,-72.03,102.63,488,588,908,1008,-0.067,-0.288 -0.161 -0.252 -0.212,-1.0,0,0.005,0.000,0.5004,-0.06,,-1.000,0.0,0.0,0.0,,,96.8,96.8,-143.7
390,6.5000,air,release,244.849,28.375,8.555,13.500,-34.999,1.358,37.537,37.513,7.442,0.00,0.00,0.00,0.00,0.000,0,,0,0.00,0.00,0.00,243.408,32.744,9.080,-71.75,-7.38,70.18,4.630,0.499,-0.00,1.00,0,0,0,0,0,0,-7.38,0.33,-6.52,0.1037,0.0618,0.5018,1,4.630,0,0.489,0,air_tuck,releaseTuck,1.000,1,-0.013 -0.015 -0.209 -0.233 0.235 -0.130 -0.059 -0.263 0.169 -0.232,243.19,33.33,9.05,-7.31,-71.86,102.63,488,588,912,1008,-0.087,-0.294 -0.193 -0.250 -0.221,-1.0,0,0.000,0.000,0.5001,-0.06,,-1.000,0.0,0.0,0.0,,,98.9,98.9,-155.1
391,6.5167,air,apex,245.072,27.792,8.575,13.364,-34.971,1.138,37.455,37.438,7.462,0.00,0.00,0.00,0.00,0.000,0,,0,0.00,0.00,0.00,243.628,32.160,9.110,-71.70,-7.45,70.17,4.631,0.491,-0.00,1.00,0,0,0,0,0,0,-7.45,0.21,-6.53,0.1030,0.0630,0.5016,1,4.631,0,0.490,0,air_tuck,releaseTuck,1.000,1,-0.010 -0.033 -0.219 -0.239 0.233 -0.164 -0.075 -0.264 0.155 -0.244,243.41,32.74,9.08,-7.38,-71.75,102.63,488,588,912,1008,-0.106,-0.300 -0.226 -0.249 -0.231,-1.0,0,0.000,0.000,0.4999,-0.06,,-1.000,0.0,0.0,0.0,,,100.9,100.9,-161.6
392,6.5333,air,apex,245.293,27.210,8.591,13.195,-34.956,0.918,37.374,37.363,7.478,0.00,0.00,0.00,0.00,0.000,0,,0,0.00,0.00,0.00,243.847,31.577,9.135,-71.69,-7.51,70.16,4.632,0.483,-0.01,1.00,0,0,0,0,0,0,-7.51,0.09,-6.55,0.1018,0.0641,0.5013,1,4.632,0,0.490,0,air_tuck,releaseTuck,1.000,1,-0.010 -0.052 -0.231 -0.244 0.227 -0.197 -0.091 -0.263 0.141 -0.254,243.63,32.16,9.11,-7.45,-71.70,102.62,488,588,912,1008,-0.125,-0.305 -0.258 -0.247 -0.239,-1.0,0,0.000,0.000,0.4998,-0.05,,-1.000,0.0,0.0,0.0,,,102.8,102.9,-165.5
393,6.5500,air,apex,245.510,26.627,8.604,12.992,-34.952,0.698,37.295,37.288,7.491,0.00,0.00,0.00,0.00,0.000,0,,0,0.00,0.00,0.00,244.066,30.995,9.157,-71.70,-7.58,70.15,4.633,0.476,-0.01,1.00,0,0,0,0,0,0,-7.58,-0.02,-6.57,0.1009,0.0651,0.5013,1,4.633,0,0.491,0,air_tuck,releaseTuck,1.000,1,-0.012 -0.069 -0.244 -0.248 0.219 -0.229 -0.106 -0.261 0.127 -0.262,243.85,31.58,9.14,-7.51,-71.69,102.62,488,584,908,1008,-0.142,-0.308 -0.290 -0.244 -0.246,-1.0,0,0.000,0.000,0.4996,-0.05,,-1.000,0.0,0.0,0.0,,,104.6,104.6,-167.2
394,6.5667,air,apex,245.724,26.045,8.612,12.757,-34.959,0.478,37.217,37.214,7.499,0.00,0.00,0.00,0.00,0.000,0,,0,0.00,0.00,0.00,244.282,30.413,9.175,-71.73,-7.65,70.14,4.634,0.468,-0.01,1.00,0,0,0,0,0,0,-7.65,-0.12,-6.58,0.1012,0.0660,0.5020,1,4.634,0,0.492,0,air_rise,releaseTuck,1.000,1,-0.017 -0.086 -0.258 -0.252 0.208 -0.260 -0.121 -0.258 0.113 -0.269,244.07,30.99,9.16,-7.58,-71.70,102.61,488,584,908,1012,-0.159,-0.311 -0.320 -0.239 -0.251,-1.0,0,0.000,0.000,0.4994,-0.05,,-1.000,0.0,0.0,0.0,,,106.4,106.4,-168.0
395,6.5833,air,apex,245.933,25.462,8.618,12.489,-34.977,0.258,37.140,37.139,7.505,0.00,0.00,0.00,0.00,0.000,0,,0,0.00,0.00,0.00,244.495,29.831,9.189,-71.79,-7.71,70.13,4.635,0.460,-0.01,1.00,0,0,0,0,0,0,-7.71,-0.22,-6.60,0.1034,0.0664,0.5034,1,4.635,0,0.492,0,air_rise,releaseTuck,1.000,1,-0.023 -0.086 -0.272 -0.246 0.194 -0.281 -0.136 -0.259 0.100 -0.282,244.28,30.41,9.17,-7.65,-71.73,102.60,488,588,908,1012,-0.159,-0.306 -0.342 -0.239 -0.263,-1.0,0,0.000,0.000,0.4992,-0.05,,-1.000,0.0,0.0,0.0,,,106.4,106.5,-167.2
396,6.6000,air,apex,246.137,24.879,8.619,12.187,-35.004,0.038,37.065,37.065,7.506,0.00,0.00,0.00,0.00,0.000,0,,0,0.00,0.00,0.00,244.705,29.250,9.200,-71.85,-7.78,70.12,4.637,0.452,-0.01,1.00,0,0,0,0,0,0,-7.78,-0.32,-6.62,0.1092,0.0664,0.5057,1,4.637,0,0.493,0,air_rise,releaseTuck,1.000,1,-0.025 -0.058 -0.283 -0.226 0.180 -0.285 -0.153 -0.271 0.086 -0.309,244.50,29.83,9.19,-7.71,-71.79,102.59,488,592,904,1008,-0.133,-0.290 -0.349 -0.250 -0.287,-1.0,0,0.000,0.000,0.4990,-0.04,,-1.000,0.0,0.0,0.0,,,103.6,103.7,-165.2
397,6.6167,air,apex,246.336,24.295,8.617,11.852,-35.041,-0.182,36.991,36.991,7.504,0.00,0.00,0.00,0.00,0.000,0,,0,0.00,0.00,0.00,244.910,28.668,9.207,-71.94,-7.85,70.11,4.638,0.445,-0.02,1.00,0,0,0,0,0,0,-7.85,-0.41,-6.63,0.1182,0.0656,0.5089,1,4.638,0,0.493,0,air_rise,releaseTuck,1.000,1,-0.020 -0.003 -0.286 -0.187 0.167 -0.267 -0.172 -0.290 0.071 -0.346,244.70,29.25,9.20,-7.78,-71.85,102.57,488,600,908,1008,-0.081,-0.256 -0.337 -0.267 -0.322,-1.0,0,0.000,0.000,0.4988,-0.04,,-1.000,0.0,0.0,0.0,,,98.1,98.2,-162.1
398,6.6333,air,apex,246.529,23.710,8.611,11.484,-35.086,-0.402,36.919,36.917,7.498,0.00,0.00,0.00,0.00,0.000,0,,0,0.00,0.00,0.00,245.111,28.086,9.210,-72.04,-7.91,70.09,4.639,0.438,-0.02,1.00,0,0,0,0,0,0,-7.91,-0.49,-6.65,0.1354,0.0643,0.5101,1,4.639,0,0.494,0,air_rise,releaseTuck,1.000,1,-0.005 0.076 -0.279 -0.126 0.159 -0.222 -0.196 -0.317 0.055 -0.394,244.91,28.67,9.21,-7.85,-71.94,102.56,480,612,908,1008,-0.003,-0.203 -0.300 -0.294 -0.367,-1.0,0,0.000,0.000,0.4989,-0.04,,-1.000,0.0,0.0,0.0,,,90.3,90.3,-118.1
399,6.6500,air,apex,246.716,23.125,8.602,11.082,-35.137,-0.622,36.849,36.843,7.489,0.00,0.00,0.00,0.00,0.000,0,,0,0.00,0.00,0.00,245.306,27.503,9.210,-72.15,-7.98,70.07,4.640,0.430,-0.02,1.00,0,0,0,0,0,0,-7.98,-0.57,-6.67,0.1574,0.0639,0.5107,1,4.640,0,0.494,0,air_rise,releaseTuck,1.000,1,0.023 0.174 -0.256 -0.035 0.159 -0.142 -0.223 -0.351 0.036 -0.449,245.11,28.09,9.21,-7.91,-72.04,102.54,468,624,912,1012,0.096,-0.121 -0.229 -0.329 -0.420,-1.0,0,0.000,0.000,0.4989,-0.04,,-1.000,0.0,0.0,0.0,,,80.4,80.4,15.0
400,6.6667,air,apex,246.895,22.538,8.589,10.647,-35.194,-0.842,36.779,36.770,7.476,0.00,0.00,0.00,0.00,0.000,0,,0,0.00,0.00,0.00,245.495,26.920,9.206,-72.28,-8.05,70.06,4.641,0.424,-0.02,1.00,0,0,0,0,0,0,-8.05,-0.65,-6.68,0.1812,0.0687,0.5112,1,4.641,0,0.495,0,air_rise,releaseTuck,1.000,1,0.060 0.284 -0.214 0.088 0.173 -0.025 -0.254 -0.390 0.016 -0.510,245.31,27.50,9.21,-7.98,-72.15,102.52,456,636,908,1016,0.211,-0.006 -0.119 -0.370 -0.480,-1.0,0,0.000,0.000,0.4985,-0.04,,-1.000,0.0,0.0,0.0,,,68.7,68.6,17.9
401,6.6833,air,apex,247.067,21.951,8.572,10.178,-35.256,-1.062,36.712,36.696,7.459,0.00,0.00,0.00,0.00,0.000,0,,0,0.00,0.00,0.00,245.677,26.336,9.199,-72.42,-8.11,70.04,4.642,0.417,-0.03,1.00,0,0,0,0,0,0,-8.11,-0.72,-6.70,0.2051,0.0747,0.5116,1,4.642,0,0.496,0,air_rise,airRise,1.000,1,0.104 0.391 -0.152 0.239 0.202 0.126 -0.287 -0.429 -0.007 -0.573,245.49,26.92,9.21,-8.05,-72.28,102.51,432,652,900,1020,0.328,0.142 0.028 -0.413 -0.542,-1.0,0,0.000,0.000,0.4987,-0.03,,-1.000,0.0,0.0,0.0,,,55.9,55.1,19.5
402,6.7000,air,apex,247.230,21.363,8.552,9.676,-35.321,-1.282,36.645,36.623,7.439,0.00,0.00,0.00,0.00,0.000,0,,0,0.00,0.00,0.00,245.852,25.751,9.187,-72.57,-8.18,70.02,4.644,0.410,-0.03,1.00,0,0,0,0,0,0,-8.18,-0.78,-6.72,0.2300,0.0805,0.5105,1,4.644,0,0.496,0,air_rise,airRise,1.000,1,0.147 0.479 -0.075 0.403 0.244 0.293 -0.319 -0.464 -0.031 -0.634,245.68,26.34,9.20,-8.11,-72.42,102.49,412,664,896,1028,0.431,0.308 0.198 -0.455 -0.604,-1.0,0,0.004,0.000,0.4991,-0.03,,-1.000,0.0,0.0,0.0,,,42.9,40.4,20.4
403,6.7167,air,apex,247.385,20.773,8.527,9.140,-35.388,-1.502,36.580,36.550,7.414,0.00,0.00,0.00,0.00,0.000,0,,0,0.00,0.00,0.00,246.020,25.166,9.172,-72.75,-8.25,70.00,4.645,0.404,-0.03,1.00,0,0,0,0,0,0,-8.25,-0.84,-6.73,0.2535,0.0855,0.5080,1,4.645,0,0.497,0,air_rise,airRise,1.000,1,0.182 0.535 0.007 0.555 0.290 0.454 -0.348 -0.492 -0.053 -0.688,245.85,25.75,9.19,-8.18,-72.57,102.47,400,672,892,1032,0.505,0.471 0.368 -0.491 -0.661,-1.0,0,0.003,0.000,0.4997,-0.03,,-1.000,0.0,0.0,0.0,,,31.1,25.0,20.9
404,6.7333,air,apex,247.530,20.182,8.500,8.570,-35.456,-1.722,36.517,36.477,7.387,0.00,0.00,0.00,0.00,0.000,0,,0,0.00,0.00,0.00,246.180,24.580,9.154,-72.93,-8.31,69.98,4.646,0.398,-0.04,1.00,0,0,0,0,0,0,-8.31,-0.89,-6.75,0.2819,0.0889,0.5008,1,4.646,0,0.497,0,air_rise,airRise,1.000,1,0.203 0.555 0.080 0.675 0.330 0.584 -0.370 -0.512 -0.073 -0.732,246.02,25.17,9.17,-8.25,-72.75,102.44,392,680,888,1036,0.545,0.607 0.514 -0.520 -0.709,-1.0,0,0.001,0.000,0.5001,-0.03,,-1.000,0.0,0.0,0.0,,,22.9,10.2,21.0
405,6.7500,air,apex,247.665,19.591,8.468,7.966,-35.521,-1.942,36.455,36.404,7.355,0.00,0.00,0.00,0.00,0.000,0,,0,0.00,0.00,0.00,246.331,23.993,9.131,-73.14,-8.38,69.95,4.648,0.392,-0.04,1.00,0,0,0,0,0,0,-8.38,-0.94,-6.77,0.3038,0.0908,0.4945,1,4.648,0,0.498,0,air_rise,airRise,1.000,1,0.210 0.546 0.137 0.755 0.356 0.673 -0.386 -0.525 -0.088 -0.766,246.18,24.58,9.15,-8.31,-72.93,102.42,384,684,888,1040,0.554,0.705 0.623 -0.541 -0.747,-1.0,0,0.000,0.000,0.5005,-0.03,,-1.000,0.0,0.0,0.0,,,20.7,-3.0,20.6
406,6.7667,air,apex,247.790,18.998,8.433,7.328,-35.584,-2.162,36.395,36.331,7.320,0.00,0.00,0.00,0.00,0.000,0,,0,0.00,0.00,0.00,246.473,23.405,9.105,-73.36,-8.45,69.93,4.649,0.386,-0.04,1.00,0,0,0,0,0,0,-8.45,-0.98,-6.78,0.3197,0.0919,0.4897,1,4.649,0,0.498,0,air_rise,airRise,1.000,1,0.206 0.522 0.172 0.798 0.366 0.726 -0.395 -0.534 -0.096 -0.790,246.33,23.99,9.13,-8.38,-73.14,102.40,372,688,888,1040,0.545,0.766 0.693 -0.557 -0.775,-1.0,0,0.000,0.000,0.5009,-0.03,,-1.000,0.0,0.0,0.0,,,23.3,-13.5,19.7
407,6.7833,air,apex,247.904,18.404,8.394,6.656,-35.642,-2.382,36.336,36.258,7.281,0.00,0.00,0.00,0.00,0.000,0,,0,0.00,0.00,0.00,246.605,22.817,9.076,-73.60,-8.52,69.91,4.650,0.380,-0.05,1.00,0,0,0,0,0,0,-8.52,-1.02,-6.80,0.3295,0.0923,0.4868,1,4.650,0,0.499,0,air_rise,airRise,1.000,1,0.197 0.496 0.189 0.816 0.364 0.753 -0.397 -0.544 -0.096 -0.806,246.47,23.41,9.11,-8.45,-73.36,102.38,364,688,888,1040,0.529,0.798 0.734 -0.571 -0.793,-1.0,0,0.000,0.000,0.5014,-0.02,,-1.000,0.0,0.0,0.0,,,27.0,-21.0,18.6
408,6.8000,air,apex,248.006,17.809,8.352,5.950,-35.693,-2.602,36.279,36.186,7.239,0.00,0.00,0.00,0.00,0.000,0,,0,0.00,0.00,0.00,246.727,22.228,9.043,-73.85,-8.58,69.89,4.652,0.375,-0.05,1.00,0,0,0,0,0,0,-8.58,-1.05,-6.82,0.3350,0.0914,0.4855,1,4.652,0,0.499,0,air_rise,airRise,1.000,1,0.187 0.479 0.188 0.822 0.352 0.766 -0.394 -0.555 -0.087 -0.815,246.60,22.82,9.08,-8.52,-73.60,102.35,360,688,888,1040,0.518,0.813 0.755 -0.584 -0.803,-1.0,0,0.000,0.000,0.5014,-0.02,,-1.000,0.0,0.0,0.0,,,29.3,-25.1,17.1
409,6.8167,air,apex,248.096,17.214,8.306,5.211,-35.736,-2.822,36.223,36.113,7.193,0.00,0.00,0.00,0.00,0.000,0,,0,0.00,0.00,0.00,246.838,21.639,9.006,-74.12,-8.65,69.86,4.653,0.370,-0.06,1.00,0,0,0,0,0,0,-8.65,-1.08,-6.83,0.3372,0.0893,0.4855,1,4.653,0,0.500,0,air_rise,airRise,1.000,1,0.177 0.478 0.173 0.825 0.334 0.775 -0.384 -0.568 -0.069 -0.819,246.73,22.23,9.04,-8.58,-73.85,102.33,360,692,888,1040,0.518,0.817 0.765 -0.596 -0.805,-1.0,0,0.000,0.000,0.5012,-0.02,,-1.000,0.0,0.0,0.0,,,29.2,-25.8,15.6
410,6.8333,air,apex,248.173,16.618,8.256,4.438,-35.767,-3.042,36.169,36.041,7.143,0.00,0.00,0.00,0.00,0.000,0,,0,0.00,0.00,0.00,246.937,21.049,8.965,-74.42,-8.72,69.84,4.654,0.365,-0.06,1.00,0,0,0,0,0,0,-8.72,-1.10,-6.85,0.3378,0.0864,0.4862,1,4.654,0,0.501,0,air_rise,airRise,1.000,1,0.165 0.487 0.148 0.828 0.309 0.782 -0.369 -0.584 -0.044 -0.818,246.84,21.64,9.01,-8.65,-74.12,102.30,360,692,888,1040,0.526,0.817 0.770 -0.610 -0.802,-1.0,0,0.000,0.000,0.5008,-0.02,,-1.000,0.0,0.0,0.0,,,27.5,-24.6,13.9
411,6.8500,air,apex,248.237,16.022,8.203,3.631,-35.785,-3.262,36.117,35.969,7.090,0.00,0.00,0.00,0.00,0.000,0,,0,0.00,0.00,0.00,247.025,20.459,8.921,-74.73,-8.78,69.81,4.656,0.360,-0.06,1.00,0,0,0,0,0,0,-8.78,-1.12,-6.87,0.3382,0.0832,0.4867,1,4.656,0,0.501,0,air_rise,airRise,1.000,1,0.150 0.497 0.118 0.831 0.280 0.790 -0.350 -0.601 -0.014 -0.816,246.94,21.05,8.96,-8.72,-74.42,102.28,360,692,892,1036,0.535,0.817 0.775 -0.625 -0.798,-1.0,0,0.000,0.000,0.5007,-0.02,,-1.000,0.0,0.0,0.0,,,25.6,-23.2,11.9
412,6.8667,air,apex,248.287,15.425,8.146,2.792,-35.789,-3.482,36.066,35.897,7.033,0.00,0.00,0.00,0.00,0.000,0,,0,0.00,0.00,0.00,247.101,19.870,8.873,-75.06,-8.85,69.79,4.657,0.355,-0.07,1.00,0,0,0,0,0,0,-8.85,-1.13,-6.88,0.3383,0.0796,0.4872,1,4.657,0,0.502,0,air_rise,airRise,1.000,1,0.131 0.508 0.082 0.832 0.245 0.799 -0.325 -0.620 0.021 -0.813,247.03,20.46,8.92,-8.78,-74.73,102.25,360,692,896,1032,0.545,0.815 0.780 -0.640 -0.792,-1.0,0,0.000,0.000,0.5008,-0.02,,-1.000,0.0,0.0,0.0,,,23.4,-21.7,9.7
413,6.8833,air,apex,248.323,14.829,8.084,1.920,-35.774,-3.792,36.026,35.825,6.971,0.00,0.00,0.00,0.00,0.000,0,,0,0.00,0.00,0.00,247.164,19.280,8.821,-75.41,-8.92,69.76,4.659,0.350,-0.07,1.00,0,0,0,0,0,0,-8.92,-1.14,-6.90,0.3377,0.0752,0.4876,1,4.659,0,0.502,0,air_rise,airRise,1.000,1,0.108 0.518 0.041 0.832 0.205 0.806 -0.296 -0.639 0.061 -0.808,247.10,19.87,8.87,-8.85,-75.06,102.23,360,696,900,1032,0.554,0.812 0.784 -0.657 -0.784,-1.0,0,0.000,0.000,0.5009,-0.02,,-1.000,0.0,0.0,0.0,,,21.1,-20.0,7.1
414,6.9000,air,fall,248.344,14.233,8.016,1.017,-35.739,-4.192,35.999,35.754,6.903,0.00,0.00,0.00,0.00,0.000,0,,0,0.00,0.00,0.00,247.214,18.692,8.765,-75.78,-9.03,69.74,4.661,0.346,-0.07,1.00,0,0,0,0,0,0,-9.03,-1.14,-6.92,0.3361,0.0700,0.4879,1,4.661,0,0.503,0,air_rise,airRise,1.000,1,0.082 0.528 -0.005 0.830 0.160 0.812 -0.263 -0.657 0.105 -0.800,247.16,19.28,8.82,-8.92,-75.41,102.20,360,696,904,1028,0.562,0.806 0.786 -0.672 -0.773,-1.0,0,0.000,0.000,0.5010,-0.02,,-1.000,0.0,0.0,0.0,,,18.6,-18.2,4.3
415,6.9167,swing,swingLow,248.329,13.664,7.853,-2.261,-32.695,-15.019,36.051,32.773,6.740,278.59,-21.61,33.98,29.96,0.095,1,,0,0.00,0.00,0.00,247.244,18.134,8.691,-76.36,-10.03,69.71,4.676,0.341,-0.08,1.00,1,0,0,0,0,0,-10.03,-1.11,-6.93,0.2934,0.0809,0.4956,1,4.676,0,0.503,0,air_rise,airRise,1.000,1,-0.100 0.579 -0.262 0.717 -0.100 0.747 -0.035 -0.718 0.347 -0.652,247.21,18.69,8.76,-9.03,-75.78,102.18,364,696,908,1020,0.584,0.648 0.674 -0.694 -0.582,63.8,1,0.000,0.000,0.4812,-0.01,,-1.000,0.0,0.0,0.0,,,10.0,5.1,-8.6
416,6.9333,swing,swingLow,248.297,13.115,7.606,-1.766,-33.087,-14.520,36.176,33.134,6.493,278.59,-21.61,33.98,29.96,0.259,1,,0,0.00,0.00,0.00,247.259,17.596,8.579,-76.97,-11.52,69.69,4.702,0.338,-0.08,1.00,1,0,0,0,0,0,-11.52,-1.02,-6.95,0.2832,0.0674,0.4962,1,4.702,0,0.501,0,swing,airRise,1.000,1,-0.023 0.593 -0.181 0.702 -0.018 0.709 -0.123 -0.695 0.273 -0.649,247.24,18.13,8.69,-10.03,-76.36,102.15,388,680,848,984,0.584,0.607 0.609 -0.649 -0.555,53.1,1,0.000,0.000,0.4857,-0.01,,-1.000,0.0,0.0,0.0,,,10.1,10.0,0.6
417,6.9500,swing,swingLow,248.272,12.560,7.368,-1.287,-33.464,-14.001,36.297,33.488,6.255,278.59,-21.61,33.98,29.96,0.393,1,,0,0.00,0.00,0.00,247.273,17.050,8.427,-77.45,-12.31,69.66,4.720,0.334,-0.08,1.00,1,0,0,0,0,0,-12.31,-0.90,-6.97,0.2607,0.0651,0.5019,1,4.720,0,0.499,0,swing,airRise,1.000,1,0.044 0.586 -0.122 0.632 0.096 0.625 -0.226 -0.629 0.180 -0.606,247.26,17.60,8.58,-11.52,-76.97,102.12,388,676,872,972,0.555,0.508 0.490 -0.556 -0.484,40.5,1,0.000,0.000,0.4824,0.01,,-1.000,0.0,0.0,0.0,,,20.6,18.5,9.7
418,6.9667,swing,swingLow,248.256,11.999,7.138,-0.823,-33.825,-13.462,36.415,33.835,6.025,278.59,-21.61,33.98,29.96,0.503,1,,0,0.00,0.00,0.00,247.290,16.496,8.244,-77.88,-12.56,69.64,4.731,0.332,-0.09,1.00,1,0,0,0,0,0,-12.56,-0.73,-6.98,0.2379,0.0785,0.5098,1,4.731,0,0.496,0,swing,airRise,1.000,1,0.131 0.556 -0.042 0.550 0.241 0.534 -0.303 -0.553 0.107 -0.556,247.27,17.05,8.43,-12.31,-77.45,102.10,396,668,872,988,0.507,0.406 0.378 -0.463 -0.418,28.5,1,0.000,0.000,0.4852,0.03,,-1.000,0.0,0.0,0.0,,,31.2,25.2,20.8
