frame,t,mode,sub,x_m,y_m,z_m,vx,vy,vz,speed_mps,hspeed_mps,height_above_floor_m,anchor_x,anchor_y,anchor_z,rope_m,tension,chain,trick,zip_target,zt_x,zt_y,zt_z,cam_x,cam_y,cam_z,cam_yaw_deg,cam_pitch_deg,cam_vfov_deg,cam_dist_m,motion_blur,in_move_x,in_move_y,in_swing,in_jump,in_sprint,in_zip,in_drop,in_quick,cam_orbit_pitch_deg,cam_auto_pitch_deg,cam_occ_hold,hero_bbox_h,hero_bbox_w,hero_cy,hero_in_frame,cam_hero_dist_m,cam_in_geometry,frame_s_target,in_trick,anim_node,anim_clip,anim_weight,air_flavor,pose_sig,pcm_x,pcm_y,pcm_z,pcm_pitch,pcm_yaw,pcm_fov,px_top,px_bottom,px_left,px_right,head_hip_dz,limb_z,body_rope_deg,web_on,wall_frac,hero_occl,hero_cx,pcm_roll,flip_prog,flip_t,flip_pitch_deg,flip_twist_deg,flip_rate_dps,flip_shape,flip_shape_legs,body_axis_deg,body_pitch_deg,body_roll_deg
0,0.0000,swing,swingLow,250.089,59.688,29.826,10.635,-11.564,-20.716,26.000,15.711,28.713,235.72,28.75,36.56,17.23,0.071,0,,1,264.53,47.86,48.20,250.382,63.088,30.426,-94.92,-17.94,58.01,3.465,0.000,0.00,1.00,1,0,0,0,0,0,-17.94,-7.22,-0.02,0.4533,0.2601,0.4156,1,3.465,0,0.370,0,None,None,1.000,-1,-0.040 0.584 -0.707 0.342 0.620 0.202 -0.297 -0.767 0.156 -0.269,250.30,63.40,30.60,-15.35,-95.04,89.17,220,684,696,1152,0.537,0.244 0.161 -0.704 -0.056,55.2,1,0.000,0.000,0.4975,-0.00,,-1.000,0.0,0.0,0.0,,,24.2,13.8,-20.6
1,0.0167,swing,swingLow,250.256,59.491,29.478,9.760,-12.147,-20.851,26.030,15.582,28.365,235.72,28.75,36.56,17.23,0.195,0,,0,0.00,0.00,0.00,250.394,63.072,30.375,-92.21,-21.76,58.04,3.694,0.000,0.00,1.00,1,0,0,0,0,0,-21.76,-8.09,-0.03,0.4378,0.2181,0.4211,1,3.694,0,0.370,0,swing,swingLowL,1.000,-1,-0.111 0.581 -0.559 -0.045 0.536 0.170 0.059 -0.901 0.269 -0.860,250.38,63.09,30.43,-17.94,-94.92,89.17,160,672,772,1164,0.529,-0.069 0.179 -0.815 -0.768,51.7,1,0.000,0.000,0.5037,-0.00,,-1.000,0.0,0.0,0.0,,,26.6,11.7,-24.5
2,0.0333,swing,swingLow,250.408,59.283,29.128,8.912,-12.732,-20.967,26.099,15.542,28.015,235.72,28.75,36.56,17.23,0.299,0,,0,0.00,0.00,0.00,250.428,63.022,30.241,-90.30,-21.74,58.09,3.901,0.000,0.00,1.00,1,0,0,0,0,0,-21.74,-9.29,-0.05,0.4894,0.1572,0.4128,1,3.901,0,0.370,0,swing,swingLowL,1.000,-1,-0.173 0.556 -0.397 0.911 0.427 0.197 0.039 -0.703 0.140 -0.325,250.39,63.07,30.38,-21.76,-92.21,89.21,120,672,856,1104,0.550,0.800 0.217 -0.486 -0.059,59.6,1,0.000,0.000,0.5043,-0.00,,-1.000,0.0,0.0,0.0,,,21.1,0.0,-21.1
3,0.0500,swing,swingLow,250.555,59.064,28.777,8.705,-13.460,-20.991,26.412,16.030,27.664,235.72,28.75,36.56,17.23,0.386,0,,0,0.00,0.00,0.00,250.482,62.936,30.033,-88.92,-21.71,58.16,4.071,0.000,0.00,1.00,1,0,0,0,0,0,-21.71,-10.67,-0.07,0.4114,0.1592,0.4460,1,4.071,0,0.370,0,swing,swingLowL,1.000,-1,-0.234 0.541 -0.511 0.802 0.407 0.271 0.085 -0.611 0.119 -0.162,250.43,63.02,30.24,-21.74,-90.30,89.27,224,684,832,1092,0.496,0.630 0.279 -0.357 0.115,46.9,1,0.000,0.000,0.4963,-0.00,,-1.000,0.0,0.0,0.0,,,32.7,6.9,-32.3
4,0.0667,swing,swingLow,250.698,58.833,28.425,8.485,-14.198,-20.986,26.721,16.540,27.312,235.72,28.75,36.56,17.23,0.462,0,,0,0.00,0.00,0.00,250.552,62.816,29.771,-87.89,-21.69,58.24,4.206,0.000,0.00,1.00,1,0,0,0,0,0,-21.69,-12.13,-0.08,0.3451,0.1573,0.4621,1,4.206,0,0.370,0,swing,swingLowL,1.000,-1,-0.288 0.504 -0.600 0.687 0.376 0.333 0.125 -0.517 0.108 -0.037,250.48,62.94,30.03,-21.71,-88.92,89.34,292,672,816,1076,0.429,0.479 0.322 -0.242 0.238,35.9,1,0.000,0.000,0.4886,-0.00,,-1.000,0.0,0.0,0.0,,,43.3,14.5,-42.2
5,0.0833,swing,swingLow,250.837,58.590,28.075,8.252,-14.942,-20.952,27.025,17.070,26.962,235.72,28.75,36.56,17.23,0.527,0,,0,0.00,0.00,0.00,250.630,62.665,29.475,-87.09,-21.66,58.33,4.314,0.000,0.00,1.00,1,0,0,0,0,0,-21.66,-13.57,-0.10,0.2916,0.1542,0.4677,1,4.314,0,0.370,0,swing,swingLowL,1.000,-1,-0.334 0.455 -0.668 0.583 0.340 0.380 0.156 -0.430 0.111 0.051,250.55,62.82,29.77,-21.69,-87.89,89.44,340,652,804,1060,0.358,0.355 0.346 -0.145 0.321,26.9,1,0.000,0.000,0.4815,-0.00,,-1.000,0.0,0.0,0.0,,,52.6,22.8,-51.1
6,0.1000,swing,swingLow,250.965,58.336,27.724,7.396,-15.549,-20.976,27.138,17.218,26.611,235.72,28.75,36.56,17.23,0.585,0,,0,0.00,0.00,0.00,250.713,62.489,29.156,-86.52,-21.63,58.44,4.401,0.000,0.00,1.00,1,0,0,0,0,0,-21.63,-14.96,-0.12,0.2643,0.1506,0.4612,1,4.401,0,0.370,0,swing,swingLowL,1.000,-1,-0.367 0.405 -0.716 0.500 0.306 0.408 0.178 -0.356 0.128 0.113,250.63,62.67,29.47,-21.66,-87.09,89.55,364,632,796,1044,0.293,0.262 0.351 -0.068 0.376,20.2,1,0.000,0.000,0.4756,-0.00,,-1.000,0.0,0.0,0.0,,,60.3,33.8,-58.3
7,0.1167,swing,swingLow,251.079,58.071,27.372,6.564,-16.160,-20.975,27.280,17.442,26.259,235.72,28.75,36.56,17.23,0.635,0,,0,0.00,0.00,0.00,250.795,62.291,28.824,-86.16,-21.59,58.55,4.471,0.000,0.00,1.00,1,0,0,0,0,0,-21.59,-16.25,-0.13,0.2412,0.1472,0.4558,1,4.471,0,0.370,0,swing,swingLowL,1.000,-1,-0.389 0.360 -0.748 0.441 0.277 0.420 0.192 -0.298 0.158 0.154,250.71,62.49,29.16,-21.63,-86.52,89.67,372,612,788,1028,0.237,0.200 0.342 -0.011 0.410,15.8,1,0.000,0.000,0.4707,-0.00,,-1.000,0.0,0.0,0.0,,,66.4,44.9,-64.1
8,0.1333,swing,swingLow,251.179,57.797,27.022,5.757,-16.776,-20.946,27.447,17.737,25.909,235.72,28.75,36.56,17.23,0.678,0,,0,0.00,0.00,0.00,250.873,62.074,28.483,-85.91,-21.56,58.67,4.530,0.000,0.00,1.00,1,0,0,0,0,0,-21.56,-17.43,-0.15,0.2231,0.1442,0.4518,1,4.530,0,0.370,0,swing,swingLowL,1.000,-1,-0.403 0.323 -0.766 0.405 0.254 0.423 0.200 -0.254 0.198 0.177,250.80,62.29,28.82,-21.59,-86.16,89.81,380,596,784,1024,0.194,0.163 0.325 0.028 0.427,13.7,1,0.000,0.000,0.4670,-0.00,,-1.000,0.0,0.0,0.0,,,70.9,54.7,-68.4
9,0.1500,swing,swingLow,251.266,57.512,26.671,4.973,-17.398,-20.887,27.635,18.094,25.558,235.72,28.75,36.56,17.23,0.716,0,,0,0.00,0.00,0.00,250.944,61.840,28.139,-85.75,-21.52,58.81,4.582,0.000,0.00,1.00,1,0,0,0,0,0,-21.52,-18.47,-0.17,0.2104,0.1456,0.4497,1,4.582,0,0.370,0,swing,swingLowL,1.000,-1,-0.409 0.296 -0.773 0.386 0.236 0.420 0.202 -0.225 0.246 0.183,250.87,62.07,28.48,-21.56,-85.91,89.95,384,584,780,1020,0.162,0.146 0.303 0.052 0.428,12.9,1,0.000,0.000,0.4662,-0.00,,-1.000,0.0,0.0,0.0,,,74.2,62.2,-71.4
10,0.1667,swing,swingLow,251.340,57.216,26.323,4.210,-18.024,-20.797,27.841,18.510,25.210,235.72,28.75,36.56,17.23,0.751,0,,0,0.00,0.00,0.00,251.005,61.592,27.791,-85.63,-21.48,58.94,4.628,0.000,0.00,1.00,1,0,0,0,0,0,-21.48,-19.39,-0.18,0.2082,0.1517,0.4509,1,4.628,0,0.370,0,swing,swingLowL,1.000,-1,-0.418 0.283 -0.778 0.385 0.217 0.415 0.215 -0.220 0.316 0.161,250.94,61.84,28.14,-21.52,-85.75,90.11,388,584,776,1028,0.149,0.150 0.282 0.048 0.400,13.7,1,0.000,0.000,0.4679,-0.00,,-1.000,0.0,0.0,0.0,,,75.4,65.4,-72.5
11,0.1833,swing,swingLow,251.402,56.910,25.976,3.469,-18.656,-20.673,28.061,18.976,24.863,235.72,28.75,36.56,17.23,0.782,0,,0,0.00,0.00,0.00,251.057,61.331,27.444,-85.54,-21.43,59.09,4.671,0.000,0.00,1.00,1,0,0,0,0,0,-21.43,-20.18,-0.20,0.2066,0.1615,0.4518,1,4.671,0,0.370,0,swing,swingLowL,1.000,-1,-0.427 0.273 -0.781 0.382 0.193 0.410 0.230 -0.221 0.389 0.131,251.01,61.59,27.79,-21.48,-85.63,90.27,392,584,776,1044,0.142,0.153 0.263 0.039 0.361,14.7,1,0.000,0.000,0.4717,-0.00,,-1.000,0.0,0.0,0.0,,,76.2,67.3,-73.1
12,0.2000,swing,swingLow,251.451,56.594,25.631,2.747,-19.292,-20.514,28.294,19.486,24.518,235.72,28.75,36.56,17.23,0.812,0,,0,0.00,0.00,0.00,251.098,61.057,27.096,-85.47,-21.37,59.24,4.711,0.000,0.00,1.00,1,0,0,0,0,0,-21.37,-20.84,-0.22,0.2050,0.1700,0.4525,1,4.711,0,0.370,0,swing,swingCornerBankL,1.000,-1,-0.434 0.264 -0.782 0.380 0.166 0.405 0.242 -0.222 0.458 0.099,251.06,61.33,27.44,-21.43,-85.54,90.43,392,584,772,1060,0.136,0.157 0.244 0.029 0.317,15.7,1,0.000,0.000,0.4750,-0.00,,-1.000,0.0,0.0,0.0,,,76.7,68.8,-73.5
13,0.2167,swing,swingLow,251.489,56.266,25.289,2.045,-19.930,-20.319,28.535,20.035,24.176,235.72,28.75,36.56,17.23,0.839,0,,0,0.00,0.00,0.00,251.128,60.771,26.750,-85.41,-21.30,59.39,4.750,0.000,0.00,1.00,1,0,0,0,0,0,-21.30,-21.37,-0.23,0.2034,0.1769,0.4529,1,4.750,0,0.370,0,swing,swingCornerBankL,1.000,-1,-0.441 0.258 -0.783 0.379 0.139 0.399 0.252 -0.224 0.520 0.068,251.10,61.06,27.10,-21.37,-85.47,90.61,392,580,772,1076,0.132,0.160 0.228 0.018 0.270,16.7,1,0.000,0.000,0.4777,-0.00,,-1.000,0.0,0.0,0.0,,,77.1,70.0,-73.7
14,0.2333,swing,swingLow,251.516,55.928,24.951,1.363,-20.571,-20.086,28.783,20.616,23.838,235.72,28.75,36.56,17.23,0.866,0,,0,0.00,0.00,0.00,251.147,60.474,26.406,-85.36,-21.21,59.55,4.787,0.000,0.00,1.00,1,0,0,0,0,0,-21.21,-21.80,-0.25,0.2019,0.1821,0.4532,1,4.787,0,0.370,0,swing,swingCornerBankL,1.000,-1,-0.446 0.252 -0.783 0.378 0.110 0.395 0.260 -0.226 0.573 0.038,251.13,60.77,26.75,-21.30,-85.41,90.79,396,580,772,1084,0.129,0.165 0.215 0.007 0.223,17.5,1,0.000,0.000,0.4797,-0.00,,-1.000,0.0,0.0,0.0,,,77.4,70.9,-73.7
15,0.2500,swing,swingLow,251.531,55.580,24.618,0.698,-21.212,-19.814,29.035,21.223,23.505,235.72,28.75,36.56,17.23,0.890,0,,0,0.00,0.00,0.00,251.155,60.164,26.064,-85.31,-21.09,59.71,4.822,0.000,0.00,1.00,1,0,0,0,0,0,-21.09,-22.12,-0.27,0.2005,0.1857,0.4535,1,4.822,0,0.371,0,swing,swingCornerBankL,1.000,-1,-0.450 0.248 -0.782 0.379 0.083 0.392 0.266 -0.230 0.618 0.011,251.15,60.47,26.41,-21.21,-85.36,90.97,396,580,768,1092,0.127,0.170 0.205 -0.004 0.177,18.2,1,0.000,0.000,0.4810,-0.00,,-1.000,0.0,0.0,0.0,,,77.5,71.5,-73.6
16,0.2667,swing,swingLow,251.536,55.221,24.289,0.052,-21.851,-19.502,29.288,21.852,23.176,235.72,28.75,36.56,17.23,0.910,0,,0,0.00,0.00,0.00,251.157,59.805,25.725,-85.28,-20.95,59.87,4.819,0.000,0.00,1.00,1,0,0,0,0,0,-20.95,-22.35,-0.28,0.2008,0.1894,0.4560,1,4.819,0,0.371,0,swing,swingCornerBankL,1.000,-1,-0.454 0.245 -0.782 0.380 0.056 0.389 0.271 -0.234 0.653 -0.013,251.16,60.16,26.06,-21.09,-85.31,91.15,396,580,768,1096,0.127,0.176 0.197 -0.015 0.134,18.8,1,0.000,0.000,0.4816,0.00,,-1.000,0.0,0.0,0.0,,,77.5,71.8,-73.3
17,0.2833,swing,swingLow,251.530,54.851,23.966,-0.575,-22.488,-19.149,29.542,22.495,22.853,235.72,28.75,36.56,17.23,0.926,0,,0,0.00,0.00,0.00,251.149,59.435,25.391,-85.25,-20.77,60.03,4.816,0.000,0.00,1.00,1,0,0,0,0,0,-20.77,-22.50,-0.30,0.2012,0.1919,0.4585,1,4.816,0,0.372,0,swing,swingCornerBankL,1.000,-1,-0.457 0.243 -0.781 0.381 0.030 0.388 0.275 -0.239 0.681 -0.033,251.16,59.80,25.73,-20.95,-85.28,91.34,400,584,764,1096,0.129,0.183 0.193 -0.027 0.095,19.2,1,0.000,0.000,0.4818,0.02,,-1.000,0.0,0.0,0.0,,,77.4,71.9,-72.8
18,0.3000,swing,swingLow,251.514,54.470,23.649,-1.185,-23.119,-18.755,29.793,23.149,22.536,235.72,28.75,36.56,17.23,0.940,0,,0,0.00,0.00,0.00,251.132,59.054,25.061,-85.23,-20.56,60.20,4.812,0.001,0.00,1.00,1,0,0,0,0,0,-20.56,-22.56,-0.32,0.2016,0.1934,0.4611,1,4.812,0,0.373,0,swing,swingCornerBankL,1.000,-1,-0.460 0.242 -0.780 0.383 0.006 0.388 0.278 -0.243 0.702 -0.050,251.15,59.43,25.39,-20.77,-85.25,91.53,404,588,764,1100,0.131,0.191 0.192 -0.039 0.059,19.6,1,0.000,0.000,0.4815,0.08,,-1.000,0.0,0.0,0.0,,,77.1,71.9,-72.2
19,0.3167,swing,swingLow,251.488,54.079,23.339,-1.776,-23.742,-18.319,30.041,23.809,22.226,235.72,28.75,36.56,17.23,0.950,0,,0,0.00,0.00,0.00,251.105,58.663,24.737,-85.23,-20.32,60.37,4.808,0.001,0.00,1.00,1,0,0,0,0,0,-20.32,-22.56,-0.33,0.2020,0.1942,0.4638,1,4.808,0,0.374,0,swing,swingCornerBankL,1.000,-1,-0.462 0.242 -0.779 0.385 -0.014 0.388 0.281 -0.249 0.717 -0.063,251.13,59.05,25.06,-20.56,-85.23,91.73,404,588,764,1100,0.135,0.200 0.192 -0.051 0.027,19.8,1,0.000,0.000,0.4810,0.18,,-1.000,0.0,0.0,0.0,,,76.7,71.6,-71.4
20,0.3333,swing,swingLow,251.452,53.678,23.036,-2.350,-24.356,-17.841,30.283,24.469,21.923,235.72,28.75,36.56,17.23,0.959,0,,0,0.00,0.00,0.00,251.069,58.262,24.418,-85.23,-20.04,60.54,4.803,0.002,0.00,1.00,1,0,0,0,0,0,-20.04,-22.50,-0.35,0.2038,0.1945,0.4673,1,4.803,0,0.376,0,swing,swingCornerBankL,1.000,-1,-0.463 0.243 -0.778 0.389 -0.032 0.389 0.283 -0.255 0.727 -0.075,251.10,58.66,24.74,-20.32,-85.23,91.92,408,592,760,1096,0.140,0.210 0.195 -0.063 -0.001,19.9,1,0.000,0.000,0.4803,0.30,,-1.000,0.0,0.0,0.0,,,76.2,71.2,-70.4
21,0.3500,swing,swingLow,251.407,53.266,22.743,-2.904,-24.958,-17.321,30.518,25.126,21.630,235.72,28.75,36.56,17.23,0.967,0,,0,0.00,0.00,0.00,251.026,57.850,24.106,-85.24,-19.72,60.71,4.798,0.002,0.00,1.00,1,0,0,0,0,0,-19.72,-22.39,-0.37,0.2064,0.1943,0.4713,1,4.798,0,0.378,0,swing,swingCornerBankL,1.000,-1,-0.464 0.245 -0.778 0.393 -0.048 0.391 0.286 -0.261 0.734 -0.084,251.07,58.26,24.42,-20.04,-85.23,92.12,412,596,760,1096,0.146,0.221 0.200 -0.076 -0.026,20.0,1,0.000,0.000,0.4795,0.42,,-1.000,0.0,0.0,0.0,,,75.5,70.6,-69.3
22,0.3667,swing,swingLow,251.353,52.845,22.458,-3.441,-25.545,-16.760,30.745,25.776,21.345,235.72,28.75,36.56,17.23,0.973,0,,0,0.00,0.00,0.00,250.974,57.429,23.802,-85.27,-19.36,60.89,4.792,0.003,0.00,1.00,1,0,0,0,0,0,-19.36,-22.23,-0.38,0.2089,0.1940,0.4755,1,4.792,0,0.380,0,swing,swingCornerBankL,1.000,-1,-0.464 0.247 -0.777 0.398 -0.061 0.393 0.287 -0.268 0.738 -0.093,251.03,57.85,24.11,-19.72,-85.24,92.31,412,600,756,1092,0.153,0.232 0.205 -0.089 -0.049,19.9,1,0.000,0.000,0.4787,0.55,,-1.000,0.0,0.0,0.0,,,74.8,69.9,-68.1
23,0.3833,swing,swingLow,251.290,52.414,22.183,-3.958,-26.116,-16.157,30.963,26.414,21.070,235.72,28.75,36.56,17.23,0.978,0,,0,0.00,0.00,0.00,250.914,56.998,23.505,-85.30,-18.95,61.06,4.786,0.004,0.00,1.00,1,0,0,0,0,0,-18.95,-22.03,-0.40,0.2117,0.1934,0.4801,1,4.786,0,0.382,0,swing,swingCornerBankL,1.000,-1,-0.464 0.250 -0.776 0.403 -0.072 0.395 0.289 -0.275 0.739 -0.100,250.97,57.43,23.80,-19.36,-85.27,92.51,416,608,756,1092,0.161,0.244 0.212 -0.103 -0.069,19.8,1,0.000,0.000,0.4778,0.68,,-1.000,0.0,0.0,0.0,,,74.1,69.1,-66.7
24,0.4000,swing,swingLow,251.219,51.973,21.918,-4.457,-26.666,-15.514,31.171,27.036,20.805,235.72,28.75,36.56,17.23,0.982,0,,0,0.00,0.00,0.00,250.846,56.558,23.217,-85.35,-18.49,61.23,4.780,0.006,0.00,1.00,1,0,0,0,0,0,-18.49,-21.79,-0.42,0.2143,0.1926,0.4851,1,4.780,0,0.385,0,swing,swingCornerBankL,1.000,-1,-0.463 0.254 -0.775 0.408 -0.081 0.397 0.290 -0.282 0.740 -0.107,250.91,57.00,23.51,-18.95,-85.30,92.71,420,616,752,1088,0.168,0.257 0.219 -0.116 -0.087,19.6,1,0.000,0.000,0.4770,0.81,,-1.000,0.0,0.0,0.0,,,73.3,68.3,-65.3
25,0.4167,swing,swingLow,251.140,51.524,21.665,-4.936,-27.195,-14.831,31.367,27.639,20.552,235.72,28.75,36.56,17.23,0.985,0,,0,0.00,0.00,0.00,250.771,56.109,22.939,-85.40,-17.98,61.41,4.773,0.007,0.00,1.00,1,0,0,0,0,0,-17.98,-21.53,-0.43,0.2171,0.1918,0.4905,1,4.773,0,0.387,0,swing,swingCornerBankL,1.000,-1,-0.462 0.258 -0.774 0.413 -0.089 0.399 0.290 -0.289 0.739 -0.113,250.85,56.56,23.22,-18.49,-85.35,92.91,424,620,752,1088,0.177,0.270 0.227 -0.130 -0.103,19.3,1,0.000,0.000,0.4762,0.93,,-1.000,0.0,0.0,0.0,,,72.4,67.4,-63.9
26,0.4333,swing,swingLow,251.053,51.066,21.423,-5.395,-27.700,-14.111,31.552,28.220,20.310,235.72,28.75,36.56,17.23,0.988,0,,0,0.00,0.00,0.00,250.689,55.651,22.671,-85.46,-17.41,61.58,4.766,0.009,0.00,1.00,1,0,0,0,0,0,-17.41,-21.25,-0.45,0.2197,0.1909,0.4964,1,4.766,0,0.390,0,swing,swingCornerBankL,1.000,-1,-0.461 0.262 -0.773 0.419 -0.095 0.401 0.290 -0.296 0.737 -0.119,250.77,56.11,22.94,-17.98,-85.40,93.11,428,628,752,1084,0.185,0.283 0.236 -0.144 -0.118,19.1,1,0.000,0.000,0.4755,1.06,,-1.000,0.0,0.0,0.0,,,71.5,66.5,-62.4
27,0.4500,swing,swingLow,250.958,50.600,21.194,-5.834,-28.178,-13.354,31.723,28.775,20.081,235.72,28.75,36.56,17.23,0.990,0,,0,0.00,0.00,0.00,250.600,55.186,22.413,-85.53,-16.78,61.75,4.759,0.011,0.00,1.00,1,0,0,0,0,0,-16.78,-20.94,-0.47,0.2224,0.1900,0.5028,1,4.759,0,0.393,0,swing,swingCornerBankL,1.000,-1,-0.460 0.266 -0.772 0.424 -0.100 0.403 0.290 -0.302 0.735 -0.124,250.69,55.65,22.67,-17.41,-85.46,93.30,432,636,752,1084,0.194,0.297 0.245 -0.158 -0.132,18.7,1,0.000,0.000,0.4748,1.17,,-1.000,0.0,0.0,0.0,,,70.6,65.5,-60.9
28,0.4667,swing,swingLow,250.857,50.126,20.977,-6.253,-28.627,-12.562,31.881,29.302,19.864,235.72,28.75,36.56,17.23,0.992,0,,0,0.00,0.00,0.00,250.504,54.712,22.167,-85.60,-15.66,61.93,4.751,0.013,0.00,1.00,1,0,0,0,0,0,-15.66,-20.62,-0.48,0.2249,0.1890,0.5159,1,4.751,0,0.397,0,swing,swingCornerBankL,1.000,-1,-0.458 0.269 -0.771 0.427 -0.104 0.402 0.289 -0.304 0.733 -0.130,250.60,55.19,22.41,-16.78,-85.53,93.50,440,644,752,1080,0.204,0.310 0.254 -0.171 -0.144,18.4,1,0.000,0.000,0.4743,1.28,,-1.000,0.0,0.0,0.0,,,69.6,64.5,-59.3
29,0.4833,swing,swingBottom,250.749,49.645,20.774,-6.651,-29.044,-11.737,32.025,29.796,19.661,235.72,28.75,36.56,17.23,0.993,0,,0,0.00,0.00,0.00,250.402,54.232,21.933,-85.67,-14.36,62.10,4.744,0.016,0.00,1.00,1,0,0,0,0,0,-14.36,-20.29,-0.50,0.2277,0.1879,0.5315,1,4.744,0,0.400,0,swing,swingCornerBankL,1.000,-1,-0.456 0.271 -0.769 0.428 -0.107 0.398 0.287 -0.305 0.730 -0.135,250.50,54.71,22.17,-15.66,-85.60,93.69,452,660,752,1080,0.213,0.324 0.264 -0.185 -0.155,18.0,1,0.000,0.000,0.4740,1.39,,-1.000,0.0,0.0,0.0,,,68.6,63.4,-57.7
30,0.5000,swing,swingBottom,250.634,49.157,20.586,-7.029,-29.429,-10.882,32.154,30.257,19.473,235.72,28.75,36.56,17.23,0.995,0,,0,0.00,0.00,0.00,250.293,53.744,21.711,-85.75,-13.12,62.27,4.736,0.018,0.00,1.00,1,0,0,0,0,0,-13.12,-19.95,-0.52,0.2303,0.1869,0.5454,1,4.736,0,0.404,0,swing,swingCornerBankL,1.000,-1,-0.453 0.274 -0.767 0.430 -0.108 0.396 0.284 -0.307 0.727 -0.141,250.40,54.23,21.93,-14.36,-85.67,93.89,468,680,752,1076,0.223,0.339 0.274 -0.198 -0.166,17.5,1,0.000,0.000,0.4738,1.50,,-1.000,0.0,0.0,0.0,,,67.6,62.4,-56.1
31,0.5167,swing,swingBottom,250.514,48.663,20.411,-7.385,-29.778,-9.998,32.268,30.680,19.298,235.72,28.75,36.56,17.23,0.996,0,,0,0.00,0.00,0.00,250.179,53.251,21.503,-85.83,-12.07,62.44,4.728,0.021,0.00,1.00,1,0,0,0,0,0,-12.07,-19.61,-0.53,0.2328,0.1859,0.5563,1,4.728,0,0.407,0,swing,swingCornerBankL,1.000,-1,-0.450 0.278 -0.765 0.435 -0.107 0.396 0.280 -0.310 0.724 -0.149,250.29,53.74,21.71,-13.12,-85.75,94.08,480,696,752,1076,0.233,0.354 0.284 -0.212 -0.177,16.9,1,0.000,0.000,0.4736,1.59,,-1.000,0.0,0.0,0.0,,,66.5,61.2,-54.4
32,0.5333,swing,swingBottom,250.387,48.164,20.252,-7.720,-30.091,-9.088,32.367,31.065,19.139,235.72,28.75,36.56,17.23,0.996,0,,0,0.00,0.00,0.00,250.059,52.752,21.308,-85.90,-11.15,62.60,4.720,0.024,0.00,1.00,1,0,0,0,0,0,-11.15,-19.26,-0.55,0.2350,0.1849,0.5646,1,4.720,0,0.411,0,swing,swingCornerBankL,1.000,-1,-0.446 0.284 -0.763 0.442 -0.104 0.396 0.276 -0.314 0.721 -0.156,250.18,53.25,21.50,-12.07,-85.83,94.27,492,708,752,1072,0.244,0.370 0.294 -0.225 -0.187,16.3,1,0.000,0.000,0.4736,1.69,,-1.000,0.0,0.0,0.0,,,65.3,60.1,-52.6
33,0.5500,swing,swingBottom,250.256,47.660,20.108,-8.022,-30.365,-8.152,32.448,31.407,18.995,235.72,28.75,36.56,17.23,0.997,0,,0,0.00,0.00,0.00,249.933,52.249,21.128,-85.98,-10.36,62.77,4.712,0.027,0.00,1.00,1,0,0,0,0,0,-10.36,-18.91,-0.57,0.2369,0.1839,0.5708,1,4.712,0,0.415,0,swing,swingCornerBankL,1.000,-1,-0.441 0.290 -0.760 0.450 -0.100 0.397 0.272 -0.320 0.718 -0.164,250.06,52.75,21.31,-11.15,-85.90,94.46,496,720,752,1072,0.255,0.386 0.303 -0.238 -0.198,15.5,1,0.000,0.000,0.4736,1.77,,-1.000,0.0,0.0,0.0,,,64.1,58.9,-50.8
34,0.5667,swing,swingBottom,250.120,47.152,19.980,-8.303,-30.600,-7.196,32.513,31.707,18.867,235.72,28.75,36.56,17.23,0.998,0,,0,0.00,0.00,0.00,249.802,51.741,20.962,-86.05,-9.65,62.93,4.704,0.030,0.00,1.00,1,0,0,0,0,0,-9.65,-18.57,-0.58,0.2385,0.1828,0.5752,1,4.704,0,0.419,0,swing,swingCornerBankL,1.000,-1,-0.436 0.297 -0.757 0.460 -0.094 0.399 0.266 -0.325 0.715 -0.173,249.93,52.25,21.13,-10.36,-85.98,94.64,504,724,752,1072,0.266,0.403 0.313 -0.251 -0.208,14.8,1,0.000,0.000,0.4737,1.86,,-1.000,0.0,0.0,0.0,,,62.9,57.7,-48.9
35,0.5833,swing,swingBottom,249.979,46.640,19.868,-8.562,-30.794,-6.222,32.562,31.962,18.755,235.72,28.75,36.56,17.23,0.998,0,,0,0.00,0.00,0.00,249.667,51.229,20.812,-86.11,-9.00,63.09,4.696,0.034,0.00,1.00,1,0,0,0,0,0,-9.00,-18.23,-0.60,0.2396,0.1818,0.5783,1,4.696,0,0.423,0,swing,swingCornerBankL,1.000,-1,-0.431 0.305 -0.755 0.470 -0.087 0.401 0.261 -0.331 0.712 -0.182,249.80,51.74,20.96,-9.65,-86.05,94.82,508,732,752,1072,0.277,0.420 0.321 -0.263 -0.219,13.9,1,0.000,0.000,0.4737,1.94,,-1.000,0.0,0.0,0.0,,,61.6,56.5,-47.1
36,0.6000,swing,swingBottom,249.834,46.125,19.773,-8.782,-30.946,-5.231,32.590,32.168,18.660,235.72,28.75,36.56,17.23,0.998,0,,0,0.00,0.00,0.00,249.527,50.715,20.677,-86.17,-8.41,63.25,4.688,0.037,0.00,1.00,1,0,0,0,0,0,-8.41,-17.89,-0.62,0.2402,0.1807,0.5802,1,4.688,0,0.427,0,swing,swingCornerBankL,1.000,-1,-0.426 0.313 -0.752 0.481 -0.080 0.404 0.255 -0.337 0.709 -0.192,249.67,51.23,20.81,-9.00,-86.11,95.00,508,736,756,1068,0.289,0.437 0.329 -0.275 -0.231,13.1,1,0.000,0.000,0.4739,2.01,,-1.000,0.0,0.0,0.0,,,60.4,55.2,-45.2
37,0.6167,swing,swingBottom,249.686,45.608,19.694,-8.981,-31.055,-4.228,32.603,32.328,18.581,235.72,28.75,36.56,17.23,0.999,0,,0,0.00,0.00,0.00,249.383,50.198,20.558,-86.22,-7.86,63.40,4.680,0.040,0.00,1.00,1,0,0,0,0,0,-7.86,-17.57,-0.63,0.2404,0.1796,0.5811,1,4.680,0,0.431,0,swing,swingCornerBankL,1.000,-1,-0.420 0.322 -0.750 0.492 -0.071 0.406 0.248 -0.342 0.706 -0.202,249.53,50.71,20.68,-8.41,-86.17,95.18,512,736,756,1068,0.300,0.454 0.337 -0.286 -0.242,12.2,1,0.000,0.000,0.4741,2.08,,-1.000,0.0,0.0,0.0,,,59.1,54.0,-43.5
38,0.6333,swing,swingBottom,249.535,45.090,19.632,-9.160,-31.121,-3.218,32.600,32.441,18.519,235.72,28.75,36.56,17.23,0.999,0,,0,0.00,0.00,0.00,249.235,49.680,20.455,-86.26,-7.34,63.55,4.673,0.044,0.00,1.00,1,0,0,0,0,0,-7.34,-17.25,-0.65,0.2410,0.1784,0.5809,1,4.673,0,0.436,0,swing,swingCornerBankL,1.000,-1,-0.415 0.330 -0.748 0.504 -0.062 0.407 0.241 -0.347 0.703 -0.213,249.38,50.20,20.56,-7.86,-86.22,95.35,512,740,756,1068,0.311,0.472 0.343 -0.296 -0.254,11.3,1,0.000,0.000,0.4743,2.14,,-1.000,0.0,0.0,0.0,,,57.8,52.8,-41.7
39,0.6500,swing,swingBottom,249.381,44.571,19.587,-9.298,-31.143,-2.200,32.576,32.502,18.474,235.72,28.75,36.56,17.23,0.999,0,,0,0.00,0.00,0.00,249.084,49.162,20.368,-86.29,-6.83,63.70,4.666,0.047,0.00,1.00,1,0,0,0,0,0,-6.83,-16.95,-0.67,0.2427,0.1772,0.5794,1,4.666,0,0.440,0,swing,swingCornerBankL,1.000,-1,-0.409 0.338 -0.746 0.516 -0.052 0.408 0.234 -0.351 0.699 -0.225,249.24,49.68,20.45,-7.34,-86.26,95.52,512,740,756,1068,0.322,0.489 0.349 -0.305 -0.267,10.4,1,0.000,0.000,0.4745,2.19,,-1.000,0.0,0.0,0.0,,,56.6,51.6,-40.1
40,0.6667,swing,swingBottom,249.225,44.052,19.559,-9.418,-31.122,-1.181,32.537,32.516,18.446,235.72,28.75,36.56,17.23,0.999,0,,0,0.00,0.00,0.00,248.930,48.643,20.298,-86.32,-6.33,63.84,4.659,0.051,0.00,1.00,1,0,0,0,0,0,-6.33,-16.65,-0.68,0.2438,0.1760,0.5773,1,4.659,0,0.444,0,swing,swingCornerBankL,1.000,-1,-0.403 0.346 -0.744 0.528 -0.042 0.409 0.226 -0.353 0.696 -0.236,249.08,49.16,20.37,-6.83,-86.29,95.68,512,736,760,1064,0.333,0.506 0.355 -0.312 -0.279,9.5,1,0.000,0.000,0.4747,2.25,,-1.000,0.0,0.0,0.0,,,55.3,50.4,-38.5
41,0.6833,swing,swingBottom,249.068,43.534,19.547,-9.520,-31.057,-0.164,32.483,32.483,18.434,235.72,28.75,36.56,17.23,0.999,0,,0,0.00,0.00,0.00,248.773,48.125,20.245,-86.33,-5.85,63.98,4.653,0.054,0.00,1.00,1,0,0,0,0,0,-5.85,-16.37,-0.70,0.2446,0.1748,0.5748,1,4.653,0,0.448,0,swing,swingCornerBankL,1.000,-1,-0.398 0.354 -0.743 0.540 -0.031 0.408 0.218 -0.355 0.692 -0.249,248.93,48.64,20.30,-6.33,-86.32,95.84,508,736,760,1064,0.344,0.523 0.358 -0.318 -0.292,8.7,1,0.000,0.000,0.4749,2.29,,-1.000,0.0,0.0,0.0,,,54.1,49.2,-37.0
42,0.7000,swing,swingBottom,248.908,43.015,19.553,-9.648,-31.162,0.862,32.633,32.622,18.440,235.72,28.75,36.56,17.23,1.000,0,,0,0.00,0.00,0.00,248.614,47.606,20.209,-86.34,-5.39,64.12,4.646,0.057,0.00,1.00,1,0,0,0,0,0,-5.39,-16.11,-0.72,0.2439,0.1738,0.5716,1,4.646,0,0.452,0,swing,swingCornerBankL,1.000,-1,-0.395 0.360 -0.744 0.549 -0.022 0.407 0.212 -0.353 0.689 -0.259,248.77,48.12,20.25,-5.85,-86.33,95.99,504,732,760,1064,0.351,0.537 0.361 -0.320 -0.302,8.2,1,0.000,0.000,0.4751,2.34,,-1.000,0.0,0.0,0.0,,,53.2,48.2,-36.2
43,0.7167,swing,swingBottom,248.747,42.494,19.576,-9.759,-31.223,1.901,32.767,32.712,18.463,235.72,28.75,36.56,17.23,1.000,0,,0,0.00,0.00,0.00,248.454,47.085,20.189,-86.35,-4.95,64.25,4.641,0.060,0.00,1.00,1,0,0,0,0,0,-4.95,-15.86,-0.73,0.2417,0.1731,0.5679,1,4.641,0,0.456,0,swing,swingCornerBankL,1.000,-1,-0.396 0.361 -0.746 0.554 -0.017 0.404 0.210 -0.348 0.688 -0.263,248.61,47.61,20.21,-5.39,-86.34,96.14,500,728,764,1064,0.355,0.547 0.362 -0.319 -0.307,8.2,1,0.000,0.000,0.4753,2.38,,-1.000,0.0,0.0,0.0,,,52.8,47.6,-36.0
44,0.7333,swing,swingBottom,248.583,41.973,19.617,-9.853,-31.237,2.950,32.887,32.754,18.504,235.72,28.75,36.56,17.23,1.000,0,,0,0.00,0.00,0.00,248.291,46.564,20.187,-86.36,-4.53,64.38,4.635,0.063,0.00,1.00,1,0,0,0,0,0,-4.53,-15.63,-0.75,0.2394,0.1723,0.5638,1,4.635,0,0.459,0,swing,swingCornerBankL,1.000,-1,-0.397 0.363 -0.748 0.560 -0.011 0.401 0.208 -0.344 0.686 -0.268,248.45,47.09,20.19,-4.95,-86.35,96.29,500,724,764,1060,0.359,0.556 0.362 -0.319 -0.313,8.2,1,0.000,0.000,0.4753,2.41,,-1.000,0.0,0.0,0.0,,,52.3,47.0,-35.9
45,0.7500,swing,swingBottom,248.419,41.452,19.675,-9.907,-31.206,4.008,32.985,32.740,18.562,235.72,28.75,36.56,17.23,1.000,0,,0,0.00,0.00,0.00,248.127,46.043,20.202,-86.36,-4.14,64.50,4.630,0.066,0.00,1.00,1,0,0,0,0,0,-4.14,-15.41,-0.77,0.2373,0.1713,0.5591,1,4.630,0,0.462,0,swing,swingCornerBankL,1.000,-1,-0.398 0.364 -0.751 0.565 -0.004 0.398 0.205 -0.339 0.683 -0.273,248.29,46.56,20.19,-4.53,-86.36,96.43,496,716,764,1060,0.363,0.566 0.363 -0.318 -0.319,8.2,1,0.000,0.000,0.4753,2.44,,-1.000,0.0,0.0,0.0,,,51.8,46.4,-35.7
46,0.7667,swing,swingBottom,248.254,40.932,19.751,-9.945,-31.128,5.069,33.069,32.678,18.638,235.72,28.75,36.56,17.23,1.000,0,,0,0.00,0.00,0.00,247.961,45.523,20.234,-86.36,-3.77,64.62,4.625,0.069,0.00,1.00,1,0,0,0,0,0,-3.77,-15.22,-0.78,0.2355,0.1703,0.5541,1,4.625,0,0.464,0,swing,swingCornerBankL,1.000,-1,-0.399 0.366 -0.753 0.571 0.004 0.397 0.203 -0.335 0.680 -0.277,248.13,46.04,20.20,-4.14,-86.36,96.57,492,712,764,1060,0.367,0.575 0.365 -0.318 -0.323,8.1,1,0.000,0.000,0.4753,2.46,,-1.000,0.0,0.0,0.0,,,51.4,45.7,-35.6
47,0.7833,swing,swingBottom,248.088,40.414,19.844,-9.968,-31.004,6.130,33.139,32.567,18.731,235.72,28.75,36.56,17.23,1.000,0,,0,0.00,0.00,0.00,247.795,45.005,20.284,-86.34,-3.42,64.74,4.621,0.073,0.00,1.00,1,0,0,0,0,0,-3.42,-15.04,-0.80,0.2336,0.1689,0.5487,1,4.621,0,0.466,0,swing,swingCornerBankL,1.000,-1,-0.399 0.369 -0.756 0.577 0.014 0.394 0.200 -0.332 0.675 -0.282,247.96,45.52,20.23,-3.77,-86.36,96.70,488,704,764,1056,0.371,0.585 0.364 -0.317 -0.328,8.1,1,0.000,0.000,0.4751,2.48,,-1.000,0.0,0.0,0.0,,,50.9,45.1,-35.5
48,0.8000,swing,swingBottom,247.923,39.898,19.955,-9.953,-30.834,7.190,33.188,32.400,18.842,235.72,28.75,36.56,17.23,1.000,0,,0,0.00,0.00,0.00,247.627,44.489,20.351,-86.32,-3.09,64.86,4.617,0.076,0.00,1.00,1,0,0,0,0,0,-3.09,-14.88,-0.82,0.2323,0.1675,0.5433,1,4.617,0,0.467,0,swing,swingCornerBankL,1.000,-1,-0.399 0.371 -0.759 0.583 0.025 0.392 0.199 -0.330 0.669 -0.285,247.79,45.00,20.28,-3.42,-86.34,96.83,484,700,768,1056,0.375,0.594 0.365 -0.318 -0.331,8.0,1,0.000,0.000,0.4749,2.50,,-1.000,0.0,0.0,0.0,,,50.4,44.4,-35.4
49,0.8167,swing,swingBottom,247.757,39.386,20.084,-9.923,-30.618,8.243,33.225,32.186,18.971,235.72,28.75,36.56,17.23,1.000,0,,0,0.00,0.00,0.00,247.459,43.976,20.436,-86.28,-2.78,64.97,4.613,0.079,0.00,1.00,1,0,0,0,0,0,-2.78,-14.74,-0.83,0.2310,0.1660,0.5377,1,4.613,0,0.468,0,swing,swingCornerBankL,1.000,-1,-0.400 0.373 -0.762 0.588 0.036 0.391 0.197 -0.329 0.662 -0.286,247.63,44.49,20.35,-3.09,-86.32,96.96,476,692,768,1052,0.379,0.602 0.366 -0.320 -0.331,7.9,1,0.000,0.000,0.4747,2.51,,-1.000,0.0,0.0,0.0,,,49.9,43.7,-35.3
50,0.8333,swing,swingBottom,247.593,38.877,20.230,-9.881,-30.359,9.288,33.249,31.926,19.117,235.72,28.75,36.56,17.23,1.000,0,,0,0.00,0.00,0.00,247.291,43.468,20.538,-86.23,-2.49,65.08,4.610,0.082,0.00,1.00,1,0,0,0,0,0,-2.49,-14.63,-0.85,0.2303,0.1641,0.5321,1,4.610,0,0.468,0,swing,swingCornerBankL,1.000,-1,-0.400 0.376 -0.765 0.594 0.048 0.389 0.197 -0.330 0.653 -0.286,247.46,43.98,20.44,-2.78,-86.28,97.08,472,688,768,1052,0.383,0.611 0.367 -0.324 -0.331,7.7,1,0.000,0.000,0.4742,2.52,,-1.000,0.0,0.0,0.0,,,49.4,43.0,-35.1
51,0.8500,swing,swingBottom,247.429,38.374,20.394,-9.801,-30.055,10.322,33.255,31.612,19.281,235.72,28.75,36.56,17.23,1.000,0,,0,0.00,0.00,0.00,247.122,42.963,20.658,-86.17,-2.23,65.18,4.608,0.085,0.00,1.00,1,0,0,0,0,0,-2.23,-14.53,-0.87,0.2298,0.1622,0.5264,1,4.608,0,0.468,0,swing,swingCornerBankL,1.000,-1,-0.400 0.378 -0.768 0.600 0.060 0.388 0.197 -0.332 0.642 -0.284,247.29,43.47,20.54,-2.49,-86.23,97.20,468,680,772,1048,0.387,0.619 0.367 -0.328 -0.328,7.5,1,0.000,0.000,0.4737,2.53,,-1.000,0.0,0.0,0.0,,,49.0,42.4,-35.0
52,0.8667,swing,swingHigh,247.267,37.876,20.574,-9.711,-29.708,11.341,33.249,31.255,19.461,235.72,28.75,36.56,17.23,1.000,0,,0,0.00,0.00,0.00,246.955,42.465,20.796,-86.10,-1.98,65.28,4.605,0.088,0.00,1.00,1,0,0,0,0,0,-1.98,-14.46,-0.88,0.2300,0.1603,0.5210,1,4.605,0,0.467,0,swing,swingBottomL,1.000,-1,-0.400 0.381 -0.770 0.605 0.071 0.389 0.200 -0.338 0.632 -0.279,247.12,42.96,20.66,-2.23,-86.17,97.31,460,676,768,1044,0.391,0.626 0.370 -0.336 -0.322,7.4,1,0.000,0.000,0.4733,2.53,,-1.000,0.0,0.0,0.0,,,48.5,41.7,-34.9
53,0.8833,swing,swingHigh,247.107,37.383,20.772,-9.610,-29.321,12.342,33.232,30.855,19.659,235.72,28.75,36.56,17.23,1.000,0,,0,0.00,0.00,0.00,246.787,41.972,20.972,-86.01,-2.03,65.38,4.604,0.091,0.00,1.00,1,0,0,0,0,0,-2.03,-14.41,-0.90,0.2309,0.1580,0.5156,1,4.604,0,0.466,0,swing,swingBottomL,1.000,-1,-0.399 0.384 -0.774 0.612 0.084 0.390 0.202 -0.345 0.617 -0.271,246.95,42.46,20.80,-1.98,-86.10,97.42,456,672,772,1040,0.394,0.633 0.370 -0.343 -0.315,7.2,1,0.000,0.000,0.4725,2.52,,-1.000,0.0,0.0,0.0,,,48.1,41.1,-34.7
54,0.9000,swing,swingHigh,246.949,36.898,20.986,-9.475,-28.892,13.325,33.198,30.406,19.873,235.72,28.75,36.56,17.23,1.000,0,,0,0.00,0.00,0.00,246.621,41.487,21.186,-85.92,-2.35,65.48,4.604,0.094,0.00,1.00,1,0,0,0,0,0,-2.35,-14.38,-0.92,0.2330,0.1558,0.5104,1,4.604,0,0.465,0,swing,swingBottomL,1.000,-1,-0.399 0.389 -0.776 0.620 0.095 0.395 0.207 -0.355 0.602 -0.257,246.79,41.97,20.97,-2.03,-86.01,97.53,448,668,772,1036,0.397,0.639 0.373 -0.353 -0.304,7.0,1,0.000,0.000,0.4718,2.52,,-1.000,0.0,0.0,0.0,,,47.6,40.4,-34.6
55,0.9167,swing,swingHigh,246.793,36.420,21.216,-9.332,-28.426,14.286,33.154,29.918,20.103,235.72,28.75,36.56,17.23,1.000,0,,0,0.00,0.00,0.00,246.456,41.008,21.416,-85.81,-2.68,65.57,4.604,0.097,0.00,1.00,1,0,0,0,0,0,-2.68,-14.37,-0.93,0.2350,0.1537,0.5052,1,4.604,0,0.463,0,swing,swingBottomL,1.000,-1,-0.399 0.392 -0.779 0.626 0.105 0.402 0.213 -0.366 0.588 -0.239,246.62,41.49,21.19,-2.35,-85.92,97.64,444,664,776,1036,0.400,0.645 0.377 -0.363 -0.290,6.8,1,0.000,0.000,0.4711,2.51,,-1.000,0.0,0.0,0.0,,,47.2,39.9,-34.5
56,0.9333,swing,swingHigh,246.639,35.951,21.462,-9.181,-27.922,15.223,33.101,29.393,20.349,235.72,28.75,36.56,17.23,1.000,0,,0,0.00,0.00,0.00,246.293,40.538,21.662,-85.68,-3.02,65.66,4.604,0.099,0.00,1.00,1,0,0,0,0,0,-3.02,-14.38,-0.95,0.2373,0.1513,0.5001,1,4.604,0,0.461,0,swing,swingBottomL,1.000,-1,-0.398 0.396 -0.782 0.633 0.114 0.408 0.220 -0.378 0.570 -0.218,246.46,41.01,21.42,-2.68,-85.81,97.74,436,660,772,1032,0.403,0.650 0.381 -0.375 -0.274,6.6,1,0.000,0.000,0.4702,2.50,,-1.000,0.0,0.0,0.0,,,46.8,39.3,-34.3
57,0.9500,swing,swingHigh,246.488,35.490,21.723,-9.001,-27.383,16.133,33.032,28.824,20.610,235.72,28.75,36.56,17.23,1.000,0,,0,0.00,0.00,0.00,246.131,40.076,21.923,-85.55,-3.37,65.75,4.604,0.102,0.00,1.00,1,0,0,0,0,0,-3.37,-14.42,-0.97,0.2396,0.1492,0.4949,1,4.604,0,0.459,0,swing,swingHighL,1.000,-1,-0.398 0.400 -0.785 0.639 0.124 0.416 0.228 -0.390 0.553 -0.194,246.29,40.54,21.66,-3.02,-85.68,97.84,428,656,776,1028,0.406,0.655 0.386 -0.387 -0.254,6.5,1,0.000,0.000,0.4695,2.49,,-1.000,0.0,0.0,0.0,,,46.4,38.7,-34.2
58,0.9667,swing,swingHigh,246.341,35.038,22.000,-8.814,-26.810,17.016,32.955,28.222,20.887,235.72,28.75,36.56,17.23,1.000,0,,0,0.00,0.00,0.00,245.972,39.624,22.200,-85.40,-3.73,65.83,4.604,0.104,0.00,1.00,1,0,0,0,0,0,-3.73,-14.48,-0.98,0.2420,0.1473,0.4899,1,4.604,0,0.456,0,swing,swingHighL,1.000,-1,-0.397 0.403 -0.787 0.644 0.131 0.426 0.238 -0.403 0.538 -0.168,246.13,40.08,21.92,-3.37,-85.55,97.93,424,652,776,1028,0.408,0.658 0.394 -0.401 -0.233,6.4,1,0.000,0.000,0.4689,2.47,,-1.000,0.0,0.0,0.0,,,46.1,38.3,-34.1
59,0.9833,swing,swingHigh,246.196,34.597,22.290,-8.623,-26.206,17.870,32.870,27.588,21.177,235.72,28.75,36.56,17.23,1.000,0,,0,0.00,0.00,0.00,245.815,39.181,22.490,-85.25,-4.10,65.91,4.604,0.106,0.00,1.00,1,0,0,0,0,0,-4.10,-14.57,-1.00,0.2443,0.1451,0.4847,1,4.604,0,0.454,0,swing,swingHighL,1.000,-1,-0.396 0.407 -0.790 0.649 0.139 0.435 0.248 -0.416 0.519 -0.139,245.97,39.62,22.20,-3.73,-85.40,98.02,416,648,776,1024,0.411,0.662 0.402 -0.415 -0.209,6.3,1,0.000,0.000,0.4681,2.45,,-1.000,0.0,0.0,0.0,,,45.7,37.8,-33.9
60,1.0000,swing,swingHigh,246.055,34.165,22.595,-8.407,-25.572,18.692,32.772,26.918,21.482,235.72,28.75,36.56,17.23,1.000,0,,0,0.00,0.00,0.00,245.660,38.748,22.795,-85.08,-4.47,65.98,4.604,0.108,0.00,1.00,1,0,0,0,0,0,-4.47,-14.68,-1.02,0.2466,0.1433,0.4794,1,4.604,0,0.451,0,swing,swingHighL,1.000,-1,-0.395 0.411 -0.792 0.653 0.146 0.447 0.259 -0.429 0.504 -0.109,245.81,39.18,22.49,-4.10,-85.25,98.10,408,644,776,1020,0.413,0.664 0.412 -0.429 -0.183,6.3,1,0.000,0.000,0.4675,2.40,,-1.000,0.0,0.0,0.0,,,45.4,37.3,-33.8
61,1.0167,swing,swingHigh,245.917,33.745,22.913,-8.187,-24.910,19.482,32.666,26.221,21.800,235.72,28.75,36.56,17.23,1.000,0,,0,0.00,0.00,0.00,245.508,38.327,23.113,-84.90,-4.84,66.05,4.604,0.109,0.00,1.00,1,0,0,0,0,0,-4.84,-14.81,-1.03,0.2487,0.1418,0.4740,1,4.604,0,0.448,0,swing,swingHighL,1.000,-1,-0.394 0.414 -0.793 0.658 0.152 0.461 0.271 -0.441 0.491 -0.077,245.66,38.75,22.79,-4.47,-85.08,98.18,404,640,780,1020,0.415,0.666 0.425 -0.443 -0.156,6.4,1,0.000,0.000,0.4671,2.32,,-1.000,0.0,0.0,0.0,,,45.1,36.9,-33.7
62,1.0333,swing,swingHigh,245.784,33.335,23.244,-7.966,-24.221,20.238,32.553,25.498,22.131,235.72,28.75,36.56,17.23,1.000,0,,0,0.00,0.00,0.00,245.359,37.916,23.444,-84.71,-5.21,66.12,4.604,0.111,0.00,1.00,1,0,0,0,0,0,-5.21,-14.96,-1.05,0.2507,0.1403,0.4684,1,4.604,0,0.444,0,swing,swingHighL,1.000,-1,-0.392 0.417 -0.795 0.662 0.159 0.476 0.284 -0.452 0.477 -0.044,245.51,38.33,23.11,-4.84,-84.90,98.26,396,636,776,1020,0.418,0.668 0.438 -0.456 -0.127,6.6,1,0.000,0.000,0.4667,2.21,,-1.000,0.0,0.0,0.0,,,44.8,36.4,-33.5
63,1.0500,swing,swingHigh,245.654,32.938,23.587,-7.722,-23.510,20.960,32.429,24.745,22.474,235.72,28.75,36.56,17.23,1.000,0,,0,0.00,0.00,0.00,245.213,37.517,23.787,-84.51,-5.59,66.18,4.604,0.112,0.00,1.00,1,0,0,0,0,0,-5.59,-15.14,-1.07,0.2521,0.1392,0.4627,1,4.604,0,0.441,0,swing,swingHighL,1.000,-1,-0.391 0.421 -0.796 0.665 0.165 0.492 0.297 -0.461 0.466 -0.009,245.36,37.92,23.44,-5.21,-84.71,98.33,388,628,780,1016,0.420,0.669 0.453 -0.468 -0.098,6.8,1,0.000,0.000,0.4664,2.10,,-1.000,0.0,0.0,0.0,,,44.5,36.0,-33.4
64,1.0667,swing,swingHigh,245.528,32.552,23.942,-7.479,-22.776,21.647,32.299,23.972,22.829,235.72,28.75,36.56,17.23,1.000,0,,0,0.00,0.00,0.00,245.071,37.130,24.142,-84.30,-5.97,66.24,4.604,0.112,0.00,1.00,1,0,0,0,0,0,-5.97,-15.34,-1.08,0.2530,0.1385,0.4568,1,4.604,0,0.437,0,swing,swingHighL,1.000,-1,-0.390 0.423 -0.797 0.667 0.169 0.511 0.311 -0.468 0.459 0.025,245.21,37.52,23.79,-5.59,-84.51,98.40,384,624,780,1016,0.421,0.670 0.471 -0.479 -0.068,7.2,1,0.000,0.000,0.4664,2.00,,-1.000,0.0,0.0,0.0,,,44.2,35.6,-33.3
65,1.0833,swing,swingHigh,245.406,32.179,24.308,-7.237,-22.022,22.298,32.164,23.180,23.195,235.72,28.75,36.56,17.23,1.000,0,,0,0.00,0.00,0.00,244.931,36.755,24.508,-84.08,-6.35,66.29,4.604,0.112,0.00,1.00,1,0,0,0,0,0,-6.35,-15.57,-1.10,0.2534,0.1388,0.4505,1,4.604,0,0.433,0,swing,swingHighL,1.000,-1,-0.388 0.427 -0.799 0.670 0.174 0.529 0.325 -0.473 0.451 0.061,245.07,37.13,24.14,-5.97,-84.30,98.46,376,616,780,1020,0.424,0.671 0.489 -0.487 -0.037,7.6,1,0.000,0.000,0.4668,1.90,,-1.000,0.0,0.0,0.0,,,43.9,35.1,-33.2
66,1.1000,swing,swingHigh,245.288,31.819,24.684,-6.977,-21.250,22.911,32.018,22.366,23.571,235.72,28.75,36.56,17.23,1.000,0,,0,0.00,0.00,0.00,244.795,36.392,24.884,-83.85,-6.74,66.34,4.604,0.112,0.00,1.00,1,0,0,0,0,0,-6.74,-15.81,-1.12,0.2535,0.1401,0.4440,1,4.604,0,0.430,0,swing,swingHighL,1.000,-1,-0.387 0.430 -0.799 0.673 0.177 0.549 0.340 -0.475 0.448 0.095,244.93,36.75,24.51,-6.35,-84.08,98.52,368,612,780,1024,0.426,0.671 0.510 -0.494 -0.006,8.1,1,0.000,0.000,0.4678,1.78,,-1.000,0.0,0.0,0.0,,,43.6,34.7,-33.1
67,1.1167,swing,swingHigh,245.175,31.472,25.070,-6.719,-20.462,23.488,31.868,21.537,23.957,235.72,28.75,36.56,17.23,1.000,0,,0,0.00,0.00,0.00,244.663,36.043,25.270,-83.61,-7.12,66.39,4.604,0.111,0.00,1.00,1,0,0,0,0,0,-7.12,-16.08,-1.13,0.2531,0.1413,0.4373,1,4.604,0,0.426,0,swing,swingHighL,1.000,-1,-0.385 0.433 -0.799 0.675 0.180 0.570 0.354 -0.474 0.449 0.129,244.80,36.39,24.88,-6.74,-83.85,98.58,360,604,784,1024,0.427,0.670 0.531 -0.497 0.025,8.6,1,0.000,0.000,0.4688,1.59,,-1.000,0.0,0.0,0.0,,,43.3,34.2,-33.1
68,1.1333,swing,swingHigh,245.066,31.137,25.466,-6.464,-19.660,24.028,31.712,20.696,24.353,235.72,28.75,36.56,17.23,1.000,0,,0,0.00,0.00,0.00,244.534,35.707,25.666,-83.36,-7.49,66.43,4.604,0.109,0.00,1.00,1,0,0,0,0,0,-7.49,-16.37,-1.15,0.2521,0.1425,0.4302,1,4.604,0,0.422,0,swing,swingHighL,1.000,-1,-0.383 0.437 -0.799 0.678 0.183 0.590 0.369 -0.469 0.449 0.163,244.66,36.04,25.27,-7.12,-83.61,98.63,352,596,784,1028,0.429,0.670 0.553 -0.497 0.057,9.2,1,0.000,0.000,0.4698,1.38,,-1.000,0.0,0.0,0.0,,,43.0,33.7,-33.1
69,1.1500,swing,swingHigh,244.961,30.817,25.870,-6.196,-18.847,24.530,31.549,19.839,24.757,235.72,28.75,36.56,17.23,1.000,0,,0,0.00,0.00,0.00,244.409,35.384,26.070,-83.11,-7.87,66.47,4.604,0.107,0.00,1.00,1,0,0,0,0,0,-7.87,-16.68,-1.17,0.2506,0.1437,0.4231,1,4.604,0,0.418,0,swing,swingHighL,1.000,-1,-0.381 0.440 -0.799 0.680 0.184 0.610 0.384 -0.461 0.454 0.196,244.53,35.71,25.67,-7.49,-83.36,98.67,348,588,784,1032,0.431,0.669 0.576 -0.494 0.088,9.8,1,0.000,0.000,0.4707,1.15,,-1.000,0.0,0.0,0.0,,,42.7,33.2,-33.1
70,1.1667,swing,swingHigh,244.861,30.510,26.283,-5.932,-18.023,24.996,31.381,18.974,25.170,235.72,28.75,36.56,17.23,1.000,0,,0,0.00,0.00,0.00,244.289,35.067,26.483,-82.84,-8.23,66.50,4.597,0.105,0.00,1.00,1,0,0,0,0,0,-8.23,-17.01,-1.18,0.2491,0.1452,0.4158,1,4.597,0,0.414,0,swing,swingHighL,1.000,-1,-0.380 0.442 -0.799 0.681 0.184 0.630 0.399 -0.450 0.462 0.228,244.41,35.38,26.07,-7.87,-83.11,98.71,340,580,784,1032,0.433,0.668 0.599 -0.487 0.118,10.4,1,0.000,0.000,0.4717,0.91,,-1.000,0.0,0.0,0.0,,,42.5,32.7,-33.2
71,1.1833,swing,swingHigh,244.765,30.217,26.702,-5.673,-17.190,25.424,31.210,18.102,25.589,235.72,28.75,36.56,17.23,1.000,0,,0,0.00,0.00,0.00,244.173,34.754,26.902,-82.57,-8.58,66.53,4.580,0.102,0.00,1.00,1,0,0,0,0,0,-8.58,-17.36,-1.20,0.2477,0.1472,0.4085,1,4.580,0,0.410,0,swing,swingHighL,1.000,-1,-0.379 0.445 -0.800 0.682 0.183 0.648 0.414 -0.435 0.471 0.259,244.29,35.07,26.48,-8.23,-82.84,98.75,332,568,784,1036,0.434,0.666 0.621 -0.477 0.149,11.0,1,0.000,0.000,0.4725,0.66,,-1.000,0.0,0.0,0.0,,,42.3,32.1,-33.3
72,1.2000,swing,swingHigh,244.673,29.937,27.129,-5.404,-16.351,25.814,31.031,17.221,26.016,235.72,28.75,36.56,17.23,1.000,0,,0,0.00,0.00,0.00,244.063,34.447,27.329,-82.29,-8.91,66.56,4.555,0.099,0.00,1.00,1,0,0,0,0,0,-8.91,-17.72,-1.22,0.2465,0.1496,0.4012,1,4.555,0,0.407,0,swing,swingHighL,1.000,-1,-0.378 0.447 -0.801 0.681 0.181 0.664 0.429 -0.418 0.482 0.288,244.17,34.75,26.90,-8.58,-82.57,98.78,324,560,784,1040,0.435,0.664 0.641 -0.465 0.179,11.7,1,0.000,0.000,0.4733,0.41,,-1.000,0.0,0.0,0.0,,,42.1,31.5,-33.6
73,1.2167,swing,swingHigh,244.586,29.672,27.562,-5.141,-15.507,26.169,30.850,16.337,26.449,235.72,28.75,36.56,17.23,1.000,0,,0,0.00,0.00,0.00,243.958,34.147,27.762,-82.01,-9.23,66.58,4.523,0.096,0.00,1.00,1,0,0,0,0,0,-9.23,-18.11,-1.23,0.2451,0.1524,0.3940,1,4.523,0,0.403,0,swing,swingHighL,1.000,-1,-0.378 0.448 -0.803 0.680 0.176 0.679 0.445 -0.398 0.495 0.316,244.06,34.45,27.33,-8.91,-82.29,98.81,320,552,784,1044,0.436,0.660 0.661 -0.449 0.208,12.3,1,0.000,0.000,0.4740,0.16,,-1.000,0.0,0.0,0.0,,,42.0,30.9,-33.9
74,1.2333,swing,swingHigh,244.503,29.421,28.000,-4.884,-14.660,26.487,30.665,15.452,26.887,235.72,28.75,36.56,17.23,1.000,0,,0,0.00,0.00,0.00,243.857,33.856,28.200,-81.71,-9.53,66.60,4.486,0.092,0.00,1.00,1,0,0,0,0,0,-9.53,-18.52,-1.25,0.2437,0.1555,0.3870,1,4.486,0,0.400,0,swing,swingHighL,1.000,-1,-0.379 0.448 -0.805 0.677 0.171 0.690 0.460 -0.377 0.508 0.343,243.96,34.15,27.76,-9.23,-82.01,98.83,312,544,784,1048,0.437,0.656 0.678 -0.432 0.238,12.9,1,0.000,0.000,0.4746,-0.08,,-1.000,0.0,0.0,0.0,,,41.9,30.3,-34.3
75,1.2500,swing,swingHigh,244.425,29.184,28.443,-4.621,-13.812,26.769,30.475,14.564,27.330,235.72,28.75,36.56,17.23,1.000,0,,0,0.00,0.00,0.00,243.762,33.575,28.643,-81.41,-9.82,66.61,4.445,0.088,0.00,1.00,1,0,0,0,0,0,-9.82,-18.94,-1.27,0.2421,0.1589,0.3804,1,4.445,0,0.397,0,swing,swingHighL,1.000,-1,-0.380 0.448 -0.808 0.673 0.164 0.698 0.476 -0.354 0.522 0.367,243.86,33.86,28.20,-9.53,-81.71,98.85,304,532,780,1052,0.437,0.651 0.692 -0.412 0.266,13.5,1,0.000,0.000,0.4751,-0.32,,-1.000,0.0,0.0,0.0,,,42.0,29.6,-34.9
76,1.2667,swing,swingHigh,244.350,28.961,28.891,-4.365,-12.964,27.016,30.282,13.679,27.778,235.72,28.75,36.56,17.23,1.000,0,,0,0.00,0.00,0.00,243.670,33.306,29.091,-81.10,-10.08,66.62,4.402,0.084,0.00,1.00,1,0,0,0,0,0,-10.08,-19.38,-1.28,0.2403,0.1628,0.3740,1,4.402,0,0.395,0,swing,swingHighL,1.000,-1,-0.381 0.446 -0.813 0.666 0.156 0.704 0.492 -0.330 0.537 0.389,243.76,33.58,28.64,-9.82,-81.41,98.86,300,524,780,1056,0.436,0.645 0.705 -0.392 0.292,14.2,1,0.000,0.000,0.4756,-0.54,,-1.000,0.0,0.0,0.0,,,42.1,29.0,-35.5
77,1.2833,swing,swingHigh,244.280,28.753,29.342,-4.116,-12.116,27.229,30.086,12.796,28.229,235.72,28.75,36.56,17.23,0.997,0,,0,0.00,0.00,0.00,243.584,33.049,29.542,-80.79,-10.32,66.62,4.357,0.080,0.00,1.00,1,0,0,0,0,0,-10.32,-19.84,-1.30,0.2378,0.1668,0.3677,1,4.357,0,0.392,0,swing,swingHighL,1.000,-1,-0.384 0.444 -0.818 0.659 0.146 0.708 0.508 -0.305 0.549 0.411,243.67,33.31,29.09,-10.08,-81.10,98.87,296,516,776,1060,0.434,0.637 0.716 -0.369 0.319,14.8,1,0.000,0.000,0.4759,-0.75,,-1.000,0.0,0.0,0.0,,,42.3,28.4,-36.2
78,1.3000,swing,swingHigh,244.215,28.558,29.797,-3.864,-11.273,27.408,29.886,11.916,28.684,235.72,28.75,36.56,17.23,0.991,0,,0,0.00,0.00,0.00,243.502,32.805,29.997,-80.47,-10.55,66.62,4.311,0.075,0.00,1.00,1,0,0,0,0,0,-10.55,-20.31,-1.32,0.2375,0.1713,0.3601,1,4.311,0,0.390,0,swing,swingHighL,1.000,-1,-0.387 0.441 -0.823 0.649 0.134 0.710 0.525 -0.277 0.562 0.428,243.58,33.05,29.54,-10.32,-80.79,98.87,288,508,772,1064,0.432,0.627 0.725 -0.344 0.342,15.5,1,0.000,0.000,0.4763,-0.96,,-1.000,0.0,0.0,0.0,,,42.7,27.9,-37.0
79,1.3167,swing,swingHigh,244.153,28.377,30.254,-3.620,-10.433,27.554,29.685,11.043,29.141,235.72,28.75,36.56,17.23,0.982,0,,0,0.00,0.00,0.00,243.424,32.574,30.454,-80.15,-10.76,66.61,4.264,0.071,0.00,1.00,1,0,0,0,0,0,-10.76,-20.80,-1.33,0.2380,0.1760,0.3521,1,4.264,0,0.388,0,swing,swingHighL,1.000,-1,-0.391 0.436 -0.830 0.636 0.121 0.710 0.543 -0.247 0.573 0.444,243.50,32.80,30.00,-10.55,-80.47,98.87,280,500,772,1068,0.428,0.616 0.733 -0.316 0.364,16.2,1,0.000,0.000,0.4765,-1.15,,-1.000,0.0,0.0,0.0,,,43.2,27.5,-38.0
80,1.3333,swing,swingHigh,244.095,28.210,30.713,-3.384,-9.598,27.668,29.481,10.177,29.600,235.72,28.75,36.56,17.23,0.971,0,,0,0.00,0.00,0.00,243.350,32.357,30.913,-79.82,-10.96,66.60,4.217,0.066,0.00,1.00,1,0,0,0,0,0,-10.96,-21.30,-1.35,0.2384,0.1810,0.3437,1,4.217,0,0.386,0,swing,swingHighL,1.000,-1,-0.395 0.430 -0.837 0.622 0.104 0.710 0.561 -0.214 0.583 0.457,243.42,32.57,30.45,-10.76,-80.15,98.87,268,492,768,1072,0.424,0.602 0.739 -0.286 0.384,16.9,1,0.000,0.000,0.4766,-1.34,,-1.000,0.0,0.0,0.0,,,43.8,27.2,-39.1
81,1.3500,swing,swingHigh,244.041,28.058,31.175,-3.147,-8.771,27.751,29.274,9.319,30.062,235.72,28.75,36.56,17.23,0.959,0,,0,0.00,0.00,0.00,243.281,32.153,31.375,-79.49,-11.14,66.59,4.170,0.062,0.00,1.00,1,0,0,0,0,0,-11.14,-21.82,-1.37,0.2382,0.1862,0.3354,1,4.170,0,0.384,0,swing,swingHighL,1.000,-1,-0.401 0.423 -0.846 0.605 0.085 0.707 0.578 -0.180 0.591 0.469,243.35,32.36,30.91,-10.96,-79.82,98.86,260,484,764,1076,0.418,0.586 0.744 -0.253 0.402,17.7,1,0.000,0.000,0.4766,-1.52,,-1.000,0.0,0.0,0.0,,,44.6,27.0,-40.2
82,1.3667,swing,swingHigh,243.991,27.918,31.637,-2.918,-7.952,27.804,29.066,8.470,30.524,235.72,28.75,36.56,17.23,0.944,0,,0,0.00,0.00,0.00,243.216,31.963,31.837,-79.15,-11.30,66.57,4.123,0.057,0.00,1.00,1,0,0,0,0,0,-11.30,-22.34,-1.38,0.2377,0.1917,0.3270,1,4.123,0,0.383,0,swing,swingHighL,1.000,-1,-0.407 0.415 -0.855 0.585 0.063 0.702 0.596 -0.144 0.598 0.477,243.28,32.15,31.37,-11.14,-79.49,98.84,252,480,756,1084,0.411,0.567 0.747 -0.219 0.419,18.4,1,0.000,0.000,0.4765,-1.70,,-1.000,0.0,0.0,0.0,,,45.6,27.0,-41.6
83,1.3833,swing,swingHigh,243.945,27.793,32.100,-2.698,-7.141,27.828,28.856,7.633,30.987,235.72,28.75,36.56,17.23,0.929,0,,0,0.00,0.00,0.00,243.155,31.786,32.300,-78.81,-11.45,66.55,4.076,0.053,0.00,1.00,1,0,0,0,0,0,-11.45,-22.88,-1.40,0.2361,0.1972,0.3188,1,4.076,0,0.381,0,swing,swingHighL,1.000,-1,-0.414 0.405 -0.864 0.563 0.040 0.695 0.612 -0.105 0.602 0.485,243.22,31.96,31.84,-11.30,-79.15,98.82,248,472,752,1088,0.402,0.546 0.747 -0.181 0.435,19.2,1,0.000,0.000,0.4763,-1.86,,-1.000,0.0,0.0,0.0,,,46.8,27.2,-43.0
84,1.4000,air,trick,243.909,27.699,32.394,-4.253,-11.254,35.381,37.371,12.030,31.281,0.00,0.00,0.00,0.00,0.000,0,corkscrew,0,0.00,0.00,0.00,243.098,31.625,32.581,-78.33,-11.45,66.54,4.013,0.050,0.00,1.00,1,1,0,0,0,0,-11.45,-23.40,-1.42,0.2527,0.1910,0.3113,1,4.013,0,0.380,1,swing,swingHighL,1.000,-1,-0.387 0.412 -0.823 0.572 0.091 0.719 0.506 -0.131 0.533 0.447,243.15,31.79,32.30,-11.45,-78.81,98.80,240,460,748,1092,0.423,0.587 0.763 -0.234 0.367,-1.0,0,0.000,0.000,0.4743,-2.02,corkscrew,0.000,0.0,0.0,76.8,Layout,Layout,44.0,19.4,-41.9
85,1.4167,air,trick,243.838,27.512,32.977,-4.253,-11.254,34.821,36.841,12.030,31.864,0.00,0.00,0.00,0.00,0.000,0,corkscrew,0,0.00,0.00,0.00,243.044,31.472,33.127,-78.66,-11.11,66.54,4.042,0.051,0.00,1.00,1,1,0,0,0,0,-11.11,-23.90,-1.43,0.2610,0.1757,0.3147,1,4.042,0,0.377,1,flip_corkscrew,swingHighL,1.000,2,-0.349 0.434 -0.756 0.613 0.140 0.740 0.405 -0.183 0.474 0.382,243.10,31.63,32.58,-11.45,-78.33,98.78,224,460,752,1076,0.451,0.645 0.772 -0.299 0.284,-1.0,0,0.000,0.000,0.4737,-1.92,corkscrew,0.017,1.3,0.0,84.3,Layout,Layout,39.9,13.1,-38.8
86,1.4333,air,trick,243.767,27.324,33.551,-4.253,-11.254,34.261,36.312,12.030,32.438,0.00,0.00,0.00,0.00,0.000,0,corkscrew,0,0.00,0.00,0.00,242.989,31.315,33.647,-78.96,-10.57,66.55,4.068,0.053,0.00,1.00,0,0,0,0,0,0,-10.57,-24.40,-1.45,0.2800,0.1730,0.3244,1,4.068,0,0.374,0,flip_corkscrew,swingHighL,1.000,2,-0.325 0.465 -0.773 0.616 0.176 0.754 0.368 -0.305 0.453 0.245,243.04,31.47,33.13,-11.11,-78.66,98.78,228,480,752,1068,0.476,0.642 0.762 -0.413 0.137,-1.0,0,0.000,0.000,0.4714,-1.83,corkscrew,0.033,2.9,0.0,103.7,Layout,Layout,36.0,14.2,-34.3
87,1.4500,air,trick,243.696,27.136,34.115,-4.253,-11.254,33.701,35.784,12.030,33.002,0.00,0.00,0.00,0.00,0.000,0,corkscrew,0,0.00,0.00,0.00,242.934,31.153,34.145,-79.25,-9.88,66.56,4.088,0.058,0.00,1.00,0,0,0,0,0,0,-9.88,-24.90,-1.47,0.2957,0.1764,0.3386,1,4.088,0,0.371,0,flip_corkscrew,swingHighL,1.000,2,-0.318 0.480 -0.795 0.587 0.201 0.749 0.345 -0.442 0.466 0.053,242.99,31.32,33.65,-10.57,-78.96,98.79,232,500,748,1072,0.485,0.609 0.739 -0.536 -0.054,-1.0,0,0.000,0.000,0.4705,-1.74,corkscrew,0.050,4.8,0.0,130.4,Layout,Layout,34.6,16.3,-32.0
88,1.4667,air,trick,243.602,26.886,34.689,-5.667,-14.995,34.341,37.898,16.030,33.576,0.00,0.00,0.00,0.00,0.000,0,corkscrew,1,235.50,-20.82,48.20,242.880,30.978,34.645,-79.99,-9.09,66.59,4.155,0.064,0.00,1.00,0,0,0,0,0,0,-9.09,-25.40,-1.48,0.3085,0.1814,0.3555,1,4.155,0,0.368,0,flip_corkscrew,swingHighL,1.000,2,-0.305 0.497 -0.822 0.558 0.256 0.706 0.330 -0.590 0.502 -0.191,242.93,31.15,34.14,-9.88,-79.25,98.81,248,528,744,1076,0.496,0.574 0.685 -0.662 -0.282,-1.0,0,0.000,0.000,0.4716,-1.65,corkscrew,0.067,7.2,0.0,159.9,Layout,Layout,32.7,17.5,-29.2
89,1.4833,air,trick,243.508,26.637,35.255,-5.667,-14.995,33.781,37.392,16.030,34.142,0.00,0.00,0.00,0.00,0.000,0,corkscrew,1,235.50,-20.82,48.20,242.828,30.787,35.131,-80.70,-8.24,66.63,4.207,0.072,0.00,1.00,0,0,0,0,0,0,-8.24,-25.88,-1.50,0.3151,0.1867,0.3735,1,4.207,0,0.365,0,flip_corkscrew,swingHighL,1.000,2,-0.282 0.516 -0.852 0.512 0.327 0.619 0.305 -0.720 0.520 -0.438,242.88,30.98,34.65,-9.09,-79.99,98.84,248,552,740,1080,0.511,0.519 0.593 -0.767 -0.500,-1.0,0,0.000,0.000,0.4720,-1.57,corkscrew,0.083,10.1,0.0,187.6,Layout,Layout,30.1,17.9,-25.7
90,1.5000,air,trick,243.413,26.387,35.811,-5.667,-14.995,33.221,36.887,16.030,34.698,0.00,0.00,0.00,0.00,0.000,0,corkscrew,1,235.50,-20.82,48.20,242.780,30.579,35.605,-81.42,-7.35,66.67,4.245,0.081,0.00,1.00,0,0,0,0,0,0,-7.35,-26.34,-1.52,0.3111,0.1875,0.3917,1,4.245,0,0.363,0,flip_corkscrew,flipLayout,1.000,2,-0.250 0.535 -0.870 0.429 0.396 0.488 0.262 -0.815 0.500 -0.633,242.83,30.79,35.13,-8.24,-80.70,98.88,240,572,740,1076,0.528,0.431 0.461 -0.838 -0.666,-1.0,0,0.000,0.000,0.4715,-1.50,corkscrew,0.100,13.5,0.0,208.9,Layout,Layout,26.8,17.6,-21.5
91,1.5167,air,trick,243.319,26.137,36.357,-5.667,-14.995,32.661,36.383,16.030,35.244,0.00,0.00,0.00,0.00,0.000,0,corkscrew,1,235.50,-20.82,48.20,242.740,30.357,36.068,-82.20,-6.42,66.72,4.270,0.090,0.00,1.00,0,0,0,0,0,0,-6.42,-26.77,-1.53,0.3247,0.1819,0.3953,1,4.270,0,0.361,0,flip_corkscrew,flipLayout,1.000,2,-0.208 0.555 -0.852 0.313 0.439 0.327 0.200 -0.873 0.442 -0.760,242.78,30.58,35.60,-7.35,-81.42,98.93,236,588,752,1068,0.545,0.310 0.307 -0.879 -0.769,-1.0,0,0.000,0.000,0.4726,-1.42,corkscrew,0.117,17.0,0.0,219.1,Layout,Layout,23.0,17.1,-16.4
92,1.5333,air,trick,243.224,25.887,36.895,-5.667,-14.995,32.101,35.881,16.030,35.782,0.00,0.00,0.00,0.00,0.000,0,corkscrew,1,235.50,-20.82,48.20,242.710,30.124,36.523,-83.08,-5.47,66.78,4.284,0.100,0.00,1.00,0,0,0,0,0,0,-5.47,-27.18,-1.55,0.3318,0.1717,0.3970,1,4.284,0,0.359,0,flip_corkscrew,flipLayout,1.000,2,-0.155 0.570 -0.778 0.193 0.445 0.169 0.119 -0.900 0.360 -0.831,242.74,30.36,36.07,-6.42,-82.20,98.98,232,596,772,1064,0.560,0.188 0.157 -0.894 -0.824,-1.0,0,0.000,0.000,0.4781,-1.35,corkscrew,0.133,20.7,0.0,219.4,Layout,Layout,19.3,16.6,-10.3
93,1.5500,air,trick,243.130,25.637,37.423,-5.667,-14.995,31.541,35.381,16.030,36.310,0.00,0.00,0.00,0.00,0.000,0,corkscrew,1,235.50,-20.82,48.20,242.691,29.880,36.970,-84.09,-4.49,66.83,4.290,0.109,0.01,1.00,0,0,0,0,0,0,-4.49,-27.56,-1.57,0.3320,0.1541,0.3967,1,4.290,0,0.358,0,flip_corkscrew,flipLayout,1.000,2,-0.135 0.574 -0.677 0.060 0.409 0.076 0.089 -0.901 0.325 -0.847,242.71,30.12,36.52,-5.47,-83.08,99.04,228,600,800,1056,0.564,0.055 0.070 -0.891 -0.835,-1.0,0,0.000,0.000,0.4835,-1.29,corkscrew,0.150,24.4,0.0,219.4,Layout,Layout,18.1,16.4,-8.3
94,1.5667,air,trick,243.035,25.387,37.941,-5.667,-14.995,30.981,34.883,16.030,36.828,0.00,0.00,0.00,0.00,0.000,0,corkscrew,1,235.50,-20.82,48.20,242.682,29.628,37.411,-85.24,-3.50,66.88,4.288,0.118,0.01,1.00,0,0,0,0,0,0,-3.50,-27.91,-1.58,0.3299,0.1283,0.3966,1,4.288,0,0.357,0,flip_corkscrew,flipLayout,1.000,2,-0.127 0.573 -0.551 -0.048 0.349 0.016 0.075 -0.896 0.309 -0.848,242.69,29.88,36.97,-4.49,-84.09,99.10,232,600,836,1040,0.564,-0.055 0.013 -0.885 -0.835,-1.0,0,0.000,0.000,0.4890,-1.23,corkscrew,0.167,28.0,0.0,219.3,Layout,Layout,18.2,16.9,-7.3
95,1.5833,air,trick,242.941,25.137,38.451,-5.667,-14.995,30.421,34.386,16.030,37.338,0.00,0.00,0.00,0.00,0.000,0,corkscrew,1,235.50,-20.82,48.20,242.684,29.368,37.845,-86.53,-2.50,66.94,4.282,0.127,0.01,1.00,0,0,0,0,0,0,-2.50,-28.24,-1.60,0.3257,0.1036,0.3973,1,4.282,0,0.357,0,flip_corkscrew,flipLayout,1.000,2,-0.120 0.568 -0.415 -0.111 0.272 -0.028 0.062 -0.886 0.299 -0.843,242.68,29.63,37.41,-3.50,-85.24,99.16,232,596,876,1036,0.560,-0.120 -0.031 -0.876 -0.830,-1.0,0,0.000,0.000,0.4966,-1.17,corkscrew,0.183,31.7,0.0,218.4,Layout,Layout,19.4,18.6,-6.0
96,1.6000,air,trick,242.846,24.887,38.951,-5.667,-14.995,29.861,33.892,16.030,37.838,0.00,0.00,0.00,0.00,0.000,0,corkscrew,1,235.50,-20.82,48.20,242.695,29.101,38.274,-87.94,-1.51,66.99,4.270,0.134,0.01,1.00,0,0,0,0,0,0,-1.51,-28.54,-1.62,0.3181,0.0915,0.3987,1,4.270,0,0.357,0,flip_corkscrew,flipLayout,1.000,2,-0.115 0.557 -0.292 -0.124 0.186 -0.052 0.051 -0.867 0.293 -0.829,242.68,29.37,37.85,-2.50,-86.53,99.22,240,596,888,1036,0.550,-0.133 -0.055 -0.859 -0.818,-1.0,0,0.000,0.000,0.5027,-1.11,corkscrew,0.200,35.3,0.0,216.6,Layout,Layout,22.1,21.7,-4.5
97,1.6167,air,trick,242.752,24.637,39.441,-5.667,-14.995,29.301,33.400,16.030,38.328,0.00,0.00,0.00,0.00,0.000,0,corkscrew,1,235.50,-20.82,48.20,242.712,28.827,38.697,-89.46,-0.51,67.04,4.256,0.140,0.01,1.00,0,0,0,0,0,0,-0.51,-28.82,-1.63,0.3075,0.0868,0.4002,1,4.256,0,0.358,0,flip_corkscrew,flipTwist,1.000,2,-0.110 0.539 -0.170 -0.091 0.093 -0.056 0.042 -0.840 0.289 -0.807,242.70,29.10,38.27,-1.51,-87.94,99.27,248,592,892,1036,0.535,-0.097 -0.057 -0.836 -0.799,-1.0,0,0.000,0.000,0.5053,-1.05,corkscrew,0.217,38.9,0.0,214.2,Twist,Layout,25.5,25.4,-3.2
98,1.6333,air,trick,242.658,24.387,39.923,-5.667,-14.995,28.741,32.909,16.030,38.810,0.00,0.00,0.00,0.00,0.000,0,corkscrew,1,235.50,-20.82,48.20,242.734,28.548,39.115,-91.05,0.47,67.08,4.239,0.145,0.02,1.00,0,0,0,0,0,0,0.47,-29.08,-1.65,0.2950,0.0852,0.4015,1,4.239,0,0.359,0,flip_corkscrew,flipTwist,1.000,2,-0.105 0.518 -0.107 -0.052 0.006 -0.039 0.033 -0.807 0.284 -0.777,242.71,28.83,38.70,-0.51,-89.46,99.32,256,588,892,1036,0.518,-0.051 -0.036 -0.810 -0.775,-1.0,0,0.000,0.000,0.5063,-1.00,corkscrew,0.233,42.4,0.6,211.5,Twist,Layout,29.1,29.1,-2.0
99,1.6500,air,trick,242.563,24.137,40.395,-5.667,-14.995,28.181,32.421,16.030,39.282,0.00,0.00,0.00,0.00,0.000,0,corkscrew,1,235.50,-20.82,48.20,242.758,28.264,39.528,-92.70,1.44,67.12,4.221,0.148,0.02,1.00,0,0,0,0,0,0,1.44,-29.32,-1.67,0.2813,0.0851,0.4028,1,4.221,0,0.361,0,flip_corkscrew,flipTwist,1.000,2,-0.100 0.493 -0.041 -0.007 -0.050 -0.008 0.024 -0.772 0.279 -0.739,242.73,28.55,39.11,0.47,-91.05,99.37,264,584,892,1036,0.499,0.003 0.001 -0.783 -0.746,-1.0,0,0.000,0.000,0.5065,-0.95,corkscrew,0.250,45.9,3.2,208.8,Twist,Layout,32.8,32.7,-1.1
100,1.6667,air,trick,242.469,23.887,40.857,-5.667,-14.995,27.621,31.936,16.030,39.744,0.00,0.00,0.00,0.00,0.000,0,corkscrew,1,235.50,-20.82,48.20,242.781,27.975,39.935,-94.37,2.39,67.16,4.202,0.148,0.02,1.00,0,0,0,0,0,0,2.39,-29.54,-1.68,0.2668,0.0842,0.4039,1,4.202,0,0.363,0,flip_corkscrew,flipTwist,1.000,2,-0.094 0.465 0.020 0.036 -0.071 0.020 0.017 -0.735 0.270 -0.693,242.76,28.26,39.53,1.44,-92.70,99.41,276,580,896,1036,0.478,0.054 0.037 -0.756 -0.710,-1.0,0,0.000,0.000,0.5065,-0.91,corkscrew,0.267,49.4,7.7,206.1,Twist,Layout,36.4,36.4,-0.3
101,1.6833,air,trick,242.374,23.638,41.311,-5.667,-14.995,27.061,31.453,16.030,40.198,0.00,0.00,0.00,0.00,0.000,0,corkscrew,1,235.50,-20.82,48.20,242.802,27.682,40.337,-96.04,3.31,67.19,4.182,0.147,0.02,1.00,0,0,0,0,0,0,3.31,-29.74,-1.70,0.2523,0.0821,0.4054,1,4.182,0,0.365,0,flip_corkscrew,flipTwist,1.000,2,-0.087 0.434 0.075 0.065 -0.061 0.033 0.015 -0.696 0.254 -0.639,242.78,27.97,39.93,2.39,-94.37,99.45,288,572,896,1036,0.455,0.092 0.058 -0.728 -0.669,-1.0,0,0.000,0.000,0.5062,-0.86,corkscrew,0.283,52.8,14.1,203.8,Twist,Layout,39.9,39.9,0.4
102,1.7000,air,trick,242.280,23.388,41.755,-5.667,-14.995,26.501,30.972,16.030,40.642,0.00,0.00,0.00,0.00,0.000,0,corkscrew,1,235.50,-20.82,48.20,242.820,27.387,40.733,-97.69,4.20,67.21,4.163,0.144,0.03,1.00,0,0,0,0,0,0,4.20,-29.94,-1.72,0.2389,0.0790,0.4058,1,4.163,0,0.367,0,flip_corkscrew,flipTwist,1.000,2,-0.079 0.401 0.123 0.077 -0.025 0.025 0.017 -0.655 0.232 -0.579,242.80,27.68,40.34,3.31,-96.04,99.48,296,564,900,1032,0.431,0.111 0.058 -0.699 -0.623,-1.0,0,0.000,0.000,0.5060,-0.82,corkscrew,0.300,56.2,22.3,202.0,Twist,Layout,43.5,43.5,1.0
103,1.7167,air,trick,242.185,23.138,42.190,-5.667,-14.995,25.941,30.495,16.030,41.077,0.00,0.00,0.00,0.00,0.000,0,corkscrew,1,235.50,-20.82,48.20,242.832,27.089,41.124,-99.30,5.06,67.22,4.144,0.140,0.03,1.00,0,0,0,0,0,0,5.06,-30.12,-1.73,0.2289,0.0743,0.4036,1,4.144,0,0.369,0,flip_corkscrew,flipTwist,1.000,2,-0.070 0.367 0.172 0.075 0.033 0.001 0.023 -0.611 0.202 -0.516,242.82,27.39,40.73,4.20,-97.69,99.50,308,556,904,1028,0.405,0.115 0.043 -0.668 -0.574,-1.0,0,0.000,0.000,0.5056,-0.78,corkscrew,0.317,59.5,32.2,200.9,Twist,Twist,47.0,47.0,1.5
104,1.7333,air,trick,242.091,22.888,42.615,-5.667,-14.995,25.381,30.020,16.030,41.502,0.00,0.00,0.00,0.00,0.000,0,corkscrew,1,235.50,-20.82,48.20,242.839,26.791,41.509,-100.84,5.89,67.23,4.125,0.134,0.03,1.00,0,0,0,0,0,0,5.89,-30.29,-1.75,0.2179,0.0728,0.4006,1,4.125,0,0.372,0,flip_corkscrew,flipTwist,1.000,2,-0.061 0.330 0.217 0.084 0.098 -0.014 0.031 -0.563 0.168 -0.450,242.83,27.09,41.12,5.06,-99.30,99.52,320,544,908,1020,0.378,0.128 0.035 -0.632 -0.525,-1.0,0,0.000,0.000,0.5077,-0.74,corkscrew,0.333,62.9,43.7,200.6,Twist,Twist,50.4,50.4,2.0
105,1.7500,air,trick,241.996,22.638,43.031,-5.667,-14.995,24.821,29.548,16.030,41.918,0.00,0.00,0.00,0.00,0.000,0,corkscrew,1,235.50,-20.82,48.20,242.838,26.493,41.888,-102.32,6.68,67.23,4.108,0.127,0.04,1.00,0,0,0,0,0,0,6.68,-30.45,-1.77,0.2048,0.0715,0.3971,1,4.108,0,0.374,0,flip_corkscrew,flipTwist,1.000,2,-0.052 0.293 0.254 0.109 0.163 -0.013 0.040 -0.509 0.131 -0.386,242.84,26.79,41.51,5.89,-100.84,99.53,328,532,916,1024,0.350,0.156 0.040 -0.591 -0.476,-1.0,0,0.000,0.000,0.5108,-0.71,corkscrew,0.350,66.2,56.8,200.6,Twist,Twist,53.9,53.9,2.4
106,1.7667,air,trick,241.902,22.388,43.438,-5.667,-14.995,24.261,29.079,16.030,42.325,0.00,0.00,0.00,0.00,0.000,0,corkscrew,1,235.50,-20.82,48.20,242.831,26.195,42.261,-103.72,7.43,67.22,4.091,0.119,0.04,1.00,0,0,0,0,0,0,7.43,-30.60,-1.78,0.1885,0.0670,0.3932,1,4.091,0,0.377,0,flip_corkscrew,flipTwist,1.000,2,-0.042 0.253 0.275 0.149 0.221 0.006 0.047 -0.448 0.093 -0.324,242.84,26.49,41.89,6.68,-102.32,99.53,332,520,924,1028,0.320,0.196 0.062 -0.545 -0.429,-1.0,0,0.000,0.000,0.5132,-0.67,corkscrew,0.367,69.6,71.2,200.6,Twist,Twist,57.4,57.4,2.8
107,1.7833,air,trick,241.808,22.138,43.835,-5.634,-15.007,23.701,28.613,16.030,42.722,0.00,0.00,0.00,0.00,0.000,0,corkscrew,1,235.50,-20.82,48.20,242.817,25.898,42.627,-105.02,8.14,67.20,4.076,0.111,0.05,1.00,0,0,0,0,0,0,8.14,-30.74,-1.80,0.1721,0.0586,0.3878,1,4.076,0,0.379,0,flip_corkscrew,flipTwist,1.000,2,-0.032 0.213 0.274 0.199 0.265 0.044 0.051 -0.382 0.057 -0.264,242.83,26.19,42.26,7.43,-103.72,99.52,336,504,928,1032,0.289,0.246 0.101 -0.493 -0.383,-1.0,0,0.000,0.000,0.5145,-0.64,corkscrew,0.383,72.9,86.8,200.6,Twist,Twist,60.9,60.9,3.1
108,1.8000,air,trick,241.717,21.887,44.223,-5.307,-15.025,23.141,28.097,15.935,43.110,0.00,0.00,0.00,0.00,0.000,0,corkscrew,1,235.50,-11.80,48.20,242.796,25.603,42.987,-106.20,8.81,67.18,4.061,0.103,0.05,1.00,0,0,0,0,0,0,8.81,-30.88,-1.82,0.1659,0.0646,0.3759,1,4.061,0,0.382,0,flip_corkscrew,flipTwist,1.000,2,-0.020 0.172 0.249 0.251 0.289 0.095 0.048 -0.312 0.021 -0.207,242.82,25.90,42.63,8.14,-105.02,99.50,340,488,932,1024,0.257,0.298 0.152 -0.437 -0.339,-1.0,0,0.000,0.000,0.5145,-0.61,corkscrew,0.400,76.3,103.4,200.6,Twist,Twist,64.4,64.4,1.8
109,1.8167,air,trick,241.636,21.637,44.602,-4.705,-15.046,22.581,27.540,15.764,43.489,0.00,0.00,0.00,0.00,0.000,0,corkscrew,1,235.50,-11.80,48.20,242.770,25.309,43.340,-107.16,9.45,67.15,4.046,0.094,0.05,1.00,0,0,0,0,0,0,9.45,-31.01,-1.83,0.1548,0.0726,0.3659,1,4.046,0,0.384,0,flip_corkscrew,flipTwist,1.000,2,-0.007 0.130 0.201 0.295 0.288 0.153 0.041 -0.240 -0.014 -0.150,242.80,25.60,42.99,8.81,-106.20,99.47,340,472,932,1032,0.223,0.343 0.210 -0.379 -0.294,-1.0,0,0.000,0.000,0.5144,-0.58,corkscrew,0.417,79.6,120.8,200.6,Twist,Twist,67.9,67.9,-1.6
110,1.8333,air,trick,241.565,21.386,44.971,-4.113,-15.069,22.021,26.998,15.620,43.858,0.00,0.00,0.00,0.00,0.000,0,corkscrew,1,235.50,-11.80,48.20,242.741,25.018,43.686,-107.94,10.07,67.10,4.029,0.086,0.06,1.00,0,0,0,0,0,0,10.07,-31.14,-1.85,0.1411,0.0762,0.3601,1,4.029,0,0.387,0,flip_corkscrew,flipTwist,1.000,2,0.007 0.087 0.134 0.322 0.261 0.210 0.031 -0.165 -0.048 -0.094,242.77,25.31,43.34,9.45,-107.16,99.44,336,456,928,1040,0.189,0.374 0.267 -0.317 -0.250,-1.0,0,0.000,0.000,0.5130,-0.55,corkscrew,0.433,82.9,138.9,200.6,Twist,Twist,71.5,71.5,-6.1
111,1.8500,air,trick,241.504,21.134,45.331,-3.531,-15.092,21.461,26.473,15.500,44.218,0.00,0.00,0.00,0.00,0.000,0,corkscrew,1,235.50,-11.80,48.20,242.711,24.729,44.024,-108.56,10.65,67.05,4.011,0.078,0.06,1.00,0,0,0,0,0,0,10.65,-31.26,-1.87,0.1330,0.0769,0.3644,1,4.011,0,0.389,0,flip_corkscrew,flipTwist,1.000,2,0.021 0.044 0.053 0.325 0.209 0.254 0.018 -0.086 -0.078 -0.042,242.74,25.02,43.69,10.07,-107.94,99.39,340,452,924,1040,0.153,0.382 0.314 -0.250 -0.208,-1.0,0,0.000,0.000,0.5092,-0.52,corkscrew,0.450,86.3,157.4,200.6,Twist,Twist,75.0,75.0,-12.3
112,1.8667,air,trick,241.452,20.882,45.682,-2.958,-15.116,20.901,25.963,15.402,44.569,0.00,0.00,0.00,0.00,0.000,0,corkscrew,1,235.50,-11.80,48.20,242.681,24.443,44.356,-109.04,11.21,66.99,3.993,0.070,0.07,1.00,0,0,0,0,0,0,11.21,-31.38,-1.88,0.1161,0.0746,0.3716,1,3.993,0,0.391,0,flip_corkscrew,flipTwist,1.000,2,0.034 0.001 -0.032 0.298 0.140 0.278 0.000 -0.005 -0.103 0.007,242.71,24.73,44.02,10.65,-108.56,99.34,348,456,916,1032,0.117,0.362 0.342 -0.180 -0.168,-1.0,0,0.000,0.000,0.5038,-0.50,corkscrew,0.467,89.6,176.2,200.6,Twist,Twist,78.6,78.6,-21.8
113,1.8833,air,trick,241.410,20.630,46.023,-2.395,-15.138,20.341,25.469,15.326,44.910,0.00,0.00,0.00,0.00,0.000,0,corkscrew,1,235.50,-11.80,48.20,242.653,24.159,44.680,-109.41,11.74,66.93,3.975,0.063,0.07,1.00,0,0,0,0,0,0,11.74,-31.49,-1.90,0.1442,0.0717,0.3684,1,3.975,0,0.393,0,flip_corkscrew,flipTwist,1.000,2,0.046 -0.041 -0.112 0.240 0.059 0.274 -0.021 0.076 -0.121 0.056,242.68,24.44,44.36,11.21,-109.04,99.27,364,460,916,1020,0.080,0.314 0.346 -0.108 -0.127,-1.0,0,0.002,0.000,0.4982,-0.47,corkscrew,0.483,93.0,195.1,200.6,Twist,Twist,82.3,82.2,-36.9
114,1.9000,air,trick,241.377,20.378,46.355,-1.840,-15.157,19.781,24.989,15.269,45.242,0.00,0.00,0.00,0.00,0.000,0,corkscrew,1,235.50,-11.80,48.20,242.629,23.877,44.996,-109.68,12.24,66.85,3.957,0.057,0.07,1.00,0,0,0,0,0,0,12.24,-31.61,-1.92,0.1808,0.0775,0.3669,1,3.957,0,0.395,0,flip_corkscrew,flipTwist,1.000,2,0.058 -0.084 -0.177 0.157 -0.023 0.241 -0.045 0.154 -0.133 0.106,242.65,24.16,44.68,11.74,-109.41,99.20,352,468,908,1016,0.043,0.239 0.321 -0.038 -0.085,-1.0,0,0.003,0.000,0.4946,-0.45,corkscrew,0.500,96.3,213.7,200.6,Twist,Twist,85.9,85.9,-59.8
115,1.9167,air,trick,241.353,20.125,46.678,-1.294,-15.174,19.221,24.523,15.229,45.565,0.00,0.00,0.00,0.00,0.000,0,corkscrew,1,235.50,-11.80,48.20,242.608,23.597,45.304,-109.88,12.70,66.76,3.939,0.051,0.08,1.00,0,0,0,0,0,0,12.70,-31.72,-1.93,0.2141,0.0788,0.3653,1,3.939,0,0.397,0,flip_corkscrew,flipTwist,1.000,2,0.068 -0.125 -0.223 0.057 -0.098 0.182 -0.070 0.227 -0.140 0.157,242.63,23.88,45.00,12.24,-109.68,99.12,328,480,896,1016,0.005,0.144 0.270 0.030 -0.040,-1.0,0,0.004,0.000,0.4918,-0.43,corkscrew,0.517,99.7,232.0,200.6,Twist,Twist,89.5,89.5,-86.7
116,1.9333,air,trick,241.338,19.872,46.991,-0.756,-15.186,18.661,24.071,15.205,45.878,0.00,0.00,0.00,0.00,0.000,0,corkscrew,1,235.50,-11.80,48.20,242.593,23.319,45.605,-110.00,13.15,66.67,3.922,0.045,0.08,1.00,0,0,0,0,0,0,13.15,-31.82,-1.95,0.2430,0.0760,0.3633,1,3.922,0,0.399,0,flip_corkscrew,flipTwist,1.000,2,0.076 -0.166 -0.246 -0.051 -0.160 0.102 -0.095 0.294 -0.142 0.211,242.61,23.60,45.30,12.70,-109.88,99.03,312,500,892,1008,-0.032,0.039 0.196 0.093 0.008,-1.0,0,0.005,0.000,0.4899,-0.41,corkscrew,0.533,103.0,249.8,200.6,Twist,Twist,93.1,93.2,-108.1
117,1.9500,air,trick,241.331,19.619,47.295,-0.399,-15.193,18.101,23.635,15.198,46.182,0.00,0.00,0.00,0.00,0.000,0,corkscrew,1,235.50,-11.80,48.20,242.583,23.043,45.897,-110.08,13.56,66.57,3.905,0.040,0.09,1.00,0,0,0,0,0,0,13.56,-31.93,-1.97,0.2672,0.0700,0.3608,1,3.905,0,0.401,0,flip_corkscrew,flipTwist,1.000,2,0.082 -0.205 -0.248 -0.155 -0.205 0.011 -0.117 0.355 -0.140 0.268,242.59,23.32,45.60,13.15,-110.00,98.93,292,512,892,1004,-0.070,-0.066 0.108 0.152 0.060,-1.0,0,0.005,0.000,0.4890,-0.39,corkscrew,0.550,106.3,266.7,200.6,Twist,Twist,96.7,96.9,-123.2
118,1.9667,air,trick,241.327,19.365,47.590,-0.205,-15.196,17.541,23.209,15.198,46.477,0.00,0.00,0.00,0.00,0.000,0,corkscrew,1,235.50,-11.80,48.20,242.578,22.769,46.181,-110.19,13.94,66.46,3.891,0.036,0.09,1.00,0,0,0,0,0,0,13.94,-32.04,-1.98,0.2952,0.0631,0.3621,1,3.891,0,0.402,0,flip_corkscrew,flipTwist,1.000,2,0.087 -0.243 -0.232 -0.248 -0.232 -0.083 -0.135 0.410 -0.135 0.325,242.58,23.04,45.90,13.56,-110.08,98.82,276,524,896,1000,-0.106,-0.164 0.014 0.207 0.115,-1.0,0,0.006,0.000,0.4898,-0.37,corkscrew,0.567,109.7,282.7,200.6,Twist,Twist,100.3,100.5,-134.4
119,1.9833,air,trick,241.326,19.112,47.875,0.000,-15.198,16.981,22.789,15.198,46.762,0.00,0.00,0.00,0.00,0.000,0,corkscrew,1,235.50,-11.80,48.20,242.578,22.497,46.457,-110.30,14.29,66.35,3.878,0.032,0.10,1.00,0,0,0,0,0,0,14.29,-32.14,-2.00,0.3232,0.0704,0.3650,1,3.878,0,0.404,0,flip_corkscrew,flipTwist,1.000,2,0.090 -0.279 -0.201 -0.325 -0.243 -0.172 -0.150 0.460 -0.129 0.383,242.58,22.77,46.18,13.94,-110.19,98.70,264,532,904,996,-0.142,-0.249 -0.079 0.257 0.172,-1.0,0,0.006,0.000,0.4905,-0.35,corkscrew,0.583,113.0,297.6,200.6,Twist,Twist,103.9,104.1,-141.9
120,2.0000,air,trick,241.326,18.859,48.151,0.000,-15.198,16.421,22.375,15.198,37.901,0.00,0.00,0.00,0.00,0.000,0,corkscrew,1,235.50,-11.80,48.20,242.581,22.226,46.724,-110.45,14.60,66.23,3.867,0.028,0.10,1.00,0,0,0,0,0,0,14.60,-32.24,-2.02,0.3455,0.0778,0.3663,1,3.867,0,0.405,0,flip_corkscrew,flipTwist,1.000,2,0.091 -0.313 -0.161 -0.384 -0.240 -0.251 -0.160 0.506 -0.122 0.441,242.58,22.50,46.46,14.29,-110.30,98.58,252,544,900,1000,-0.178,-0.317 -0.165 0.305 0.231,-1.0,0,0.005,0.000,0.4911,-0.33,corkscrew,0.600,116.4,311.2,200.6,Twist,Twist,107.4,107.8,-148.7
121,2.0167,air,trick,241.326,18.606,48.418,0.000,-15.198,15.861,21.967,15.198,38.167,0.00,0.00,0.00,0.00,0.000,0,corkscrew,1,235.50,-11.80,48.20,242.588,21.957,46.983,-110.63,14.89,66.10,3.858,0.025,0.10,0.99,0,0,0,0,0,0,14.89,-32.35,-2.03,0.3624,0.0828,0.3662,1,3.858,0,0.406,0,flip_corkscrew,flipTwist,1.000,2,0.091 -0.346 -0.116 -0.425 -0.226 -0.317 -0.167 0.549 -0.115 0.497,242.58,22.23,46.72,14.60,-110.45,98.45,240,560,892,1004,-0.213,-0.370 -0.240 0.351 0.289,-1.0,0,0.005,0.000,0.4922,-0.32,corkscrew,0.617,119.7,323.4,200.6,Twist,Twist,111.0,111.4,-153.7
122,2.0333,air,trick,241.326,18.352,48.675,0.000,-15.198,15.301,21.566,15.198,47.562,0.00,0.00,0.00,0.00,0.000,0,corkscrew,1,235.50,-11.80,48.20,242.596,21.690,47.234,-110.83,15.14,65.97,3.851,0.022,0.11,0.99,0,0,0,0,0,0,15.14,-32.45,-2.05,0.3749,0.0857,0.3649,1,3.851,0,0.408,0,flip_corkscrew,flipTwist,1.000,2,0.091 -0.377 -0.072 -0.451 -0.206 -0.367 -0.171 0.589 -0.109 0.550,242.59,21.96,46.98,14.89,-110.63,98.31,232,568,888,1012,-0.247,-0.406 -0.301 0.396 0.347,-1.0,0,0.005,0.000,0.4934,-0.30,corkscrew,0.633,123.1,334.0,200.6,Twist,Twist,114.6,115.0,-157.5
123,2.0500,air,trick,241.327,18.099,48.923,0.165,-15.198,14.741,21.173,15.199,47.810,0.00,0.00,0.00,0.00,0.000,0,corkscrew,1,235.50,-11.80,48.20,242.605,21.423,47.476,-111.03,15.38,65.83,3.845,0.019,0.11,0.99,0,0,0,0,0,0,15.38,-32.55,-2.07,0.3833,0.0877,0.3623,1,3.845,0,0.409,0,flip_corkscrew,flipTwist,1.000,2,0.091 -0.405 -0.047 -0.459 -0.183 -0.404 -0.171 0.628 -0.103 0.600,242.60,21.69,47.23,15.14,-110.83,98.17,220,572,888,1016,-0.277,-0.427 -0.352 0.440 0.402,-1.0,0,0.004,0.000,0.4944,-0.29,corkscrew,0.650,126.4,342.9,200.6,Twist,Twist,117.9,118.4,-159.4
124,2.0667,air,trick,241.330,17.846,49.162,0.213,-15.200,14.181,20.789,15.201,48.049,0.00,0.00,0.00,0.00,0.000,0,corkscrew,1,235.50,-11.80,48.20,242.615,21.158,47.709,-111.19,15.59,65.68,3.839,0.017,0.11,0.99,0,0,0,0,0,0,15.59,-32.65,-2.08,0.3874,0.0885,0.3585,1,3.839,0,0.410,0,flip_corkscrew,flipTwist,1.000,2,0.093 -0.425 -0.068 -0.445 -0.147 -0.424 -0.169 0.665 -0.097 0.646,242.60,21.42,47.48,15.38,-111.03,98.02,212,572,888,1024,-0.301,-0.431 -0.400 0.483 0.455,-1.0,0,0.004,0.000,0.4955,-0.27,corkscrew,0.667,129.8,350.0,199.6,Twist,Twist,120.5,121.0,-161.6
125,2.0833,air,trick,241.334,17.592,49.391,0.244,-15.203,13.621,20.414,15.205,48.278,0.00,0.00,0.00,0.00,0.000,0,corkscrew,1,235.50,-11.80,48.20,242.625,20.895,47.933,-111.35,15.79,65.54,3.834,0.015,0.11,0.99,0,0,0,0,0,0,15.79,-32.75,-2.10,0.3857,0.0842,0.3525,1,3.834,0,0.411,0,flip_corkscrew,flipTwist,1.000,2,0.095 -0.440 -0.146 -0.412 -0.070 -0.425 -0.164 0.699 -0.091 0.687,242.61,21.16,47.71,15.59,-111.19,97.86,204,576,896,1028,-0.318,-0.415 -0.436 0.525 0.504,-1.0,0,0.004,0.000,0.4988,-0.26,corkscrew,0.683,133.0,355.2,189.5,Twist,Twist,122.4,122.8,-163.1
126,2.1000,air,trick,241.339,17.339,49.611,0.260,-15.206,13.061,20.047,15.208,48.498,0.00,0.00,0.00,0.00,0.000,0,corkscrew,1,235.50,-11.80,48.20,242.636,20.632,48.149,-111.51,15.97,65.38,3.830,0.013,0.12,0.99,0,0,0,0,0,0,15.97,-32.84,-2.12,0.3841,0.1000,0.3473,1,3.830,0,0.411,0,flip_corkscrew,flipTwist,1.000,2,0.098 -0.450 -0.286 -0.367 0.074 -0.409 -0.159 0.730 -0.085 0.722,242.63,20.89,47.93,15.79,-111.35,97.70,200,580,884,1032,-0.329,-0.375 -0.454 0.564 0.548,-1.0,0,0.003,0.000,0.4973,-0.25,corkscrew,0.700,136.0,358.6,172.9,Twist,Twist,123.6,124.1,-164.2
127,2.1167,air,trick,241.343,17.085,49.822,0.261,-15.210,12.501,19.690,15.212,48.709,0.00,0.00,0.00,0.00,0.000,0,corkscrew,1,235.50,-11.80,48.20,242.647,20.370,48.355,-111.66,16.13,65.23,3.826,0.011,0.12,0.99,0,0,0,0,0,0,16.13,-32.94,-2.13,0.3846,0.1391,0.3447,1,3.826,0,0.412,0,flip_corkscrew,flipSwan,1.000,2,0.103 -0.455 -0.456 -0.326 0.282 -0.391 -0.155 0.757 -0.082 0.750,242.64,20.63,48.15,15.97,-111.51,97.53,196,584,840,1052,-0.335,-0.315 -0.454 0.598 0.585,-1.0,0,0.003,0.000,0.4892,-0.24,corkscrew,0.717,138.8,360.0,154.8,Swan,Twist,124.3,124.8,-165.3
128,2.1333,air,trick,241.347,16.832,50.023,0.248,-15.214,11.941,19.342,15.216,48.910,0.00,0.00,0.00,0.00,0.000,0,corkscrew,1,235.50,-11.80,48.20,242.658,20.109,48.553,-111.80,16.27,65.07,3.823,0.010,0.12,0.99,0,0,0,0,0,0,16.27,-33.04,-2.15,0.3868,0.1856,0.3438,1,3.823,0,0.413,0,flip_corkscrew,flipSwan,1.000,2,0.109 -0.458 -0.585 -0.309 0.502 -0.390 -0.151 0.780 -0.079 0.774,242.65,20.37,48.36,16.13,-111.66,97.36,192,584,804,1100,-0.339,-0.249 -0.444 0.629 0.616,-1.0,0,0.002,0.000,0.4954,-0.22,corkscrew,0.733,141.2,360.0,137.9,Swan,Twist,124.8,125.2,-166.4
129,2.1500,air,trick,241.351,16.578,50.215,0.221,-15.217,11.381,19.004,15.219,49.102,0.00,0.00,0.00,0.00,0.000,0,corkscrew,1,235.50,-11.80,48.20,242.668,19.849,48.742,-111.94,16.41,64.91,3.821,0.009,0.12,0.99,0,0,0,0,0,0,16.41,-33.14,-2.17,0.3915,0.2118,0.3449,1,3.821,0,0.414,0,flip_corkscrew,flipSwan,1.000,2,0.115 -0.461 -0.622 -0.324 0.675 -0.404 -0.148 0.799 -0.077 0.794,242.66,20.11,48.55,16.27,-111.80,97.19,188,588,800,1148,-0.341,-0.205 -0.424 0.656 0.644,-1.0,0,0.002,0.000,0.5076,-0.21,corkscrew,0.750,143.4,360.0,123.7,Swan,Twist,125.1,125.4,-167.6
130,2.1667,air,trick,241.354,16.325,50.398,0.181,-15.220,10.821,18.676,15.221,49.285,0.00,0.00,0.00,0.00,0.000,0,corkscrew,1,235.50,-11.80,48.20,242.678,19.589,48.922,-112.08,16.52,64.75,3.820,0.007,0.12,0.99,0,0,0,0,0,0,16.52,-33.24,-2.18,0.3971,0.2128,0.3468,1,3.820,0,0.414,0,flip_corkscrew,flipSwan,1.000,2,0.121 -0.463 -0.585 -0.359 0.770 -0.423 -0.145 0.819 -0.070 0.816,242.67,19.85,48.74,16.41,-111.94,97.01,188,592,816,1172,-0.344,-0.190 -0.405 0.687 0.675,-1.0,0,0.001,0.000,0.5172,-0.20,corkscrew,0.767,145.3,360.0,112.4,Swan,Twist,125.5,125.8,-168.9
131,2.1833,air,trick,241.357,16.071,50.571,0.165,-15.222,10.261,18.359,15.223,49.458,0.00,0.00,0.00,0.00,0.000,0,corkscrew,1,235.50,-11.80,48.20,242.688,19.330,49.093,-112.22,16.63,64.58,3.819,0.007,0.13,0.99,0,0,0,0,0,0,16.63,-33.33,-2.20,0.4018,0.2049,0.3488,1,3.819,0,0.415,0,flip_corkscrew,flipSwan,1.000,2,0.125 -0.467 -0.527 -0.397 0.806 -0.441 -0.141 0.841 -0.055 0.838,242.68,19.59,48.92,16.52,-112.08,96.84,184,592,832,1176,-0.350,-0.197 -0.393 0.723 0.710,-1.0,0,0.001,0.000,0.5227,-0.19,corkscrew,0.783,147.1,360.0,103.8,Swan,Twist,126.2,126.4,-169.9
132,2.2000,air,trick,241.360,15.817,50.735,0.165,-15.224,9.701,18.053,15.225,49.622,0.00,0.00,0.00,0.00,0.000,0,corkscrew,1,235.50,-11.80,48.20,242.699,19.072,49.254,-112.37,16.72,64.41,3.818,0.006,0.13,0.99,0,0,0,0,0,0,16.72,-33.43,-2.22,0.4046,0.1988,0.3510,1,3.818,0,0.415,0,flip_corkscrew,flipSwan,1.000,2,0.127 -0.475 -0.487 -0.429 0.813 -0.455 -0.135 0.862 -0.034 0.860,242.69,19.33,49.09,16.63,-112.22,96.65,184,596,844,1172,-0.360,-0.215 -0.393 0.760 0.747,-1.0,0,0.001,0.000,0.5253,-0.18,corkscrew,0.800,148.8,360.0,97.9,Swan,Twist,127.4,127.6,-170.8
133,2.2167,air,trick,241.363,15.563,50.890,0.165,-15.226,9.141,17.760,15.227,49.777,0.00,0.00,0.00,0.00,0.000,0,corkscrew,1,235.50,-11.80,48.20,242.714,18.813,49.407,-112.58,16.80,64.25,3.819,0.005,0.13,0.99,0,0,0,0,0,0,16.80,-33.52,-2.23,0.4047,0.1994,0.3534,1,3.819,0,0.416,0,flip_corkscrew,flipSwan,1.000,2,0.128 -0.486 -0.482 -0.452 0.813 -0.463 -0.128 0.879 -0.009 0.878,242.70,19.07,49.25,16.72,-112.37,96.47,188,600,844,1176,-0.374,-0.239 -0.403 0.796 0.781,-1.0,0,0.001,0.000,0.5258,-0.17,corkscrew,0.817,150.4,360.0,94.5,Swan,Swan,129.3,129.5,-171.7
134,2.2333,air,trick,241.365,15.310,51.036,0.165,-15.228,8.581,17.480,15.229,49.923,0.00,0.00,0.00,0.00,0.000,0,corkscrew,1,235.50,-11.80,48.20,242.733,18.554,49.550,-112.86,16.87,64.08,3.822,0.004,0.13,0.99,0,0,0,0,0,0,16.87,-33.61,-2.25,0.4030,0.2007,0.3563,1,3.822,0,0.416,0,flip_corkscrew,flipSwan,1.000,2,0.128 -0.497 -0.480 -0.473 0.812 -0.468 -0.120 0.890 0.018 0.891,242.71,18.81,49.41,16.80,-112.58,96.29,188,604,844,1176,-0.389,-0.263 -0.415 0.828 0.812,-1.0,0,0.000,0.000,0.5262,-0.17,corkscrew,0.833,152.0,360.0,93.6,Swan,Swan,131.1,131.3,-172.5
135,2.2500,air,trick,241.368,15.056,51.172,0.165,-15.229,8.021,17.213,15.230,50.059,0.00,0.00,0.00,0.00,0.000,0,corkscrew,1,235.50,-11.80,48.20,242.758,18.295,49.685,-113.23,16.91,63.91,3.826,0.004,0.13,0.99,0,0,0,0,0,0,16.91,-33.70,-2.27,0.3998,0.2018,0.3599,1,3.826,0,0.416,0,flip_corkscrew,flipSwan,1.000,2,0.129 -0.506 -0.477 -0.494 0.812 -0.474 -0.111 0.896 0.046 0.898,242.73,18.55,49.55,16.87,-112.86,96.10,192,608,844,1180,-0.403,-0.285 -0.426 0.854 0.837,-1.0,0,0.000,0.000,0.5267,-0.16,corkscrew,0.850,153.5,360.0,93.6,Swan,Swan,133.0,133.1,-173.2
136,2.2667,air,trick,241.371,14.802,51.298,0.165,-15.231,7.461,16.961,15.232,50.185,0.00,0.00,0.00,0.00,0.000,0,corkscrew,1,235.50,-11.80,48.20,242.789,18.035,49.810,-113.68,16.94,63.74,3.832,0.003,0.13,0.99,0,0,0,0,0,0,16.94,-33.77,-2.28,0.3956,0.2029,0.3638,1,3.832,0,0.417,0,flip_corkscrew,flipSwan,1.000,2,0.129 -0.516 -0.473 -0.513 0.811 -0.479 -0.101 0.895 0.072 0.900,242.76,18.29,49.68,16.91,-113.23,95.91,200,612,844,1180,-0.417,-0.307 -0.437 0.874 0.856,-1.0,0,0.000,0.000,0.5272,-0.15,corkscrew,0.867,155.1,360.0,93.6,Swan,Swan,134.8,135.0,-173.8
137,2.2833,air,trick,241.374,14.548,51.416,0.165,-15.233,6.901,16.724,15.234,50.303,0.00,0.00,0.00,0.00,0.000,0,corkscrew,1,235.50,-11.80,48.20,242.825,17.775,49.931,-114.21,16.89,63.57,3.837,0.003,0.13,0.99,0,0,0,0,0,0,16.89,-33.84,-2.30,0.3917,0.2038,0.3679,1,3.837,0,0.417,0,flip_corkscrew,flipSwan,1.000,2,0.130 -0.524 -0.469 -0.531 0.810 -0.483 -0.091 0.890 0.096 0.897,242.79,18.04,49.81,16.94,-113.68,95.73,204,616,844,1184,-0.430,-0.328 -0.448 0.887 0.869,-1.0,0,0.000,0.000,0.5277,-0.14,corkscrew,0.883,156.7,360.0,93.6,Swan,Swan,136.6,136.8,-174.4
138,2.3000,air,trick,241.376,14.294,51.528,0.165,-15.235,6.681,16.636,15.236,50.415,0.00,0.00,0.00,0.00,0.000,0,corkscrew,1,235.50,-11.80,48.20,242.865,17.515,50.049,-114.80,16.79,63.41,3.844,0.002,0.13,0.99,0,0,0,0,0,0,16.79,-33.91,-2.32,0.3902,0.2046,0.3724,1,3.844,0,0.417,0,flip_corkscrew,flipSwan,1.000,2,0.131 -0.531 -0.465 -0.547 0.808 -0.487 -0.083 0.884 0.113 0.893,242.82,17.78,49.93,16.89,-114.21,95.54,212,616,844,1184,-0.443,-0.348 -0.459 0.895 0.878,-1.0,0,0.000,0.000,0.5283,-0.14,corkscrew,0.900,158.2,360.0,93.6,Swan,Swan,138.4,138.6,-174.9
139,2.3167,air,trick,241.379,14.040,51.636,0.165,-15.237,6.461,16.551,15.237,50.523,0.00,0.00,0.00,0.00,0.000,0,corkscrew,1,235.50,-11.80,48.20,242.909,17.255,50.164,-115.45,16.67,63.24,3.853,0.002,0.13,0.99,0,0,0,0,0,0,16.67,-33.96,-2.33,0.3897,0.2053,0.3761,1,3.853,0,0.418,0,flip_corkscrew,flipSwan,1.000,2,0.131 -0.538 -0.460 -0.562 0.807 -0.490 -0.075 0.877 0.123 0.889,242.86,17.52,50.05,16.79,-114.80,95.36,216,620,844,1184,-0.455,-0.367 -0.469 0.898 0.882,-1.0,0,0.000,0.000,0.5288,-0.13,corkscrew,0.917,159.8,360.0,93.6,Swan,Swan,140.2,140.4,-175.3
140,2.3333,air,trick,241.382,13.786,51.741,0.165,-15.238,6.241,16.468,15.239,50.628,0.00,0.00,0.00,0.00,0.000,0,corkscrew,1,235.50,-11.80,48.20,242.956,16.994,50.276,-116.14,16.53,63.08,3.862,0.002,0.13,0.99,0,0,0,0,0,0,16.53,-34.02,-2.35,0.3898,0.2058,0.3792,1,3.862,0,0.418,0,flip_corkscrew,flipSwan,1.000,2,0.131 -0.544 -0.455 -0.576 0.804 -0.493 -0.069 0.872 0.129 0.885,242.91,17.25,50.16,16.67,-115.45,95.17,220,624,844,1188,-0.466,-0.385 -0.479 0.900 0.885,-1.0,0,0.000,0.000,0.5294,-0.12,corkscrew,0.933,161.3,360.0,93.6,Swan,Swan,142.0,142.1,-175.8
141,2.3500,air,trick,241.385,13.532,51.843,0.165,-15.240,6.021,16.387,15.241,50.730,0.00,0.00,0.00,0.00,0.000,0,corkscrew,1,235.50,-11.80,48.20,243.005,16.734,50.385,-116.86,16.38,62.92,3.873,0.002,0.13,0.99,0,0,0,0,0,0,16.38,-34.06,-2.37,0.3896,0.2062,0.3823,1,3.873,0,0.418,0,flip_corkscrew,flipSwan,1.000,2,0.131 -0.549 -0.450 -0.590 0.801 -0.496 -0.062 0.865 0.136 0.880,242.96,16.99,50.28,16.53,-116.14,94.99,220,624,844,1188,-0.477,-0.402 -0.489 0.901 0.888,-1.0,0,0.000,0.000,0.5299,-0.12,corkscrew,0.950,162.9,360.0,93.6,Swan,Swan,143.7,143.8,-176.1
142,2.3667,air,trick,241.387,13.278,51.940,0.165,-15.242,5.801,16.309,15.243,50.827,0.00,0.00,0.00,0.00,0.000,0,corkscrew,1,235.50,-11.80,48.20,243.056,16.473,50.491,-117.58,16.21,62.76,3.885,0.001,0.13,0.99,0,0,0,0,0,0,16.21,-34.10,-2.38,0.3891,0.2064,0.3852,1,3.885,0,0.418,0,flip_corkscrew,flipSwan,1.000,2,0.130 -0.555 -0.445 -0.602 0.797 -0.498 -0.054 0.859 0.144 0.875,243.01,16.73,50.39,16.38,-116.86,94.81,224,628,848,1188,-0.487,-0.418 -0.499 0.902 0.889,-1.0,0,0.000,0.000,0.5303,-0.11,corkscrew,0.967,164.5,360.0,93.6,Swan,Swan,145.5,145.6,-176.5
143,2.3833,air,trick,241.390,13.024,52.034,0.165,-15.244,5.581,16.234,15.245,50.921,0.00,0.00,0.00,0.00,0.000,0,corkscrew,1,235.50,-11.80,48.20,243.107,16.213,50.593,-118.30,16.04,62.60,3.898,0.001,0.13,0.99,0,0,0,0,0,0,16.04,-34.14,-2.40,0.3883,0.2065,0.3880,1,3.898,0,0.418,0,flip_corkscrew,flipSwan,1.000,2,0.129 -0.559 -0.441 -0.613 0.793 -0.501 -0.045 0.852 0.152 0.870,243.06,16.47,50.49,16.21,-117.58,94.63,228,628,844,1188,-0.497,-0.434 -0.508 0.901 0.889,-1.0,0,0.000,0.000,0.5306,-0.11,corkscrew,0.983,166.0,360.0,93.6,Swan,Swan,147.2,147.3,-176.8
144,2.4000,air,trick,241.393,12.770,52.124,0.165,-15.246,5.361,16.162,15.246,51.011,0.00,0.00,0.00,0.00,0.000,0,corkscrew,1,235.50,-11.80,48.20,243.158,15.953,50.691,-119.02,15.86,62.45,3.912,0.001,0.13,0.99,0,0,0,0,0,0,15.86,-34.17,-2.42,0.3873,0.2066,0.3908,1,3.912,0,0.419,0,flip_corkscrew,flipSwan,1.000,2,0.127 -0.563 -0.438 -0.624 0.788 -0.503 -0.035 0.845 0.162 0.864,243.11,16.21,50.59,16.04,-118.30,94.45,232,632,844,1188,-0.507,-0.449 -0.517 0.900 0.889,-1.0,0,0.000,0.000,0.5308,-0.10,corkscrew,1.000,167.6,360.0,93.6,Swan,Swan,148.9,149.0,-177.0
145,2.4167,air,trick,241.396,12.516,52.211,0.165,-15.247,5.141,16.092,15.248,51.098,0.00,0.00,0.00,0.00,0.000,0,corkscrew,1,235.50,-11.80,48.20,243.209,15.693,50.786,-119.72,15.67,62.30,3.926,0.001,0.13,0.99,0,0,0,0,0,0,15.67,-34.20,-2.43,0.3860,0.2065,0.3935,1,3.926,0,0.419,0,flip_corkscrew,flipSwan,1.000,2,0.124 -0.567 -0.435 -0.634 0.782 -0.506 -0.025 0.837 0.172 0.857,243.16,15.95,50.69,15.86,-119.02,94.28,236,632,844,1188,-0.515,-0.463 -0.526 0.898 0.887,-1.0,0,0.000,0.000,0.5309,-0.10,corkscrew,1.017,169.1,360.0,93.6,Swan,Swan,150.6,150.7,-177.3
146,2.4333,air,trick,241.398,12.262,52.294,0.165,-15.249,4.921,16.024,15.250,51.181,0.00,0.00,0.00,0.00,0.000,0,corkscrew,1,235.50,-11.80,48.20,243.259,15.434,50.877,-120.39,15.48,62.15,3.941,0.001,0.13,0.99,0,0,0,0,0,0,15.48,-34.22,-2.45,0.3846,0.2064,0.3962,1,3.941,0,0.419,0,flip_corkscrew,flipSwan,1.000,2,0.121 -0.571 -0.433 -0.643 0.776 -0.508 -0.014 0.828 0.183 0.850,243.21,15.69,50.79,15.67,-119.72,94.11,240,636,844,1188,-0.524,-0.477 -0.535 0.895 0.885,-1.0,0,0.000,0.000,0.5309,-0.09,corkscrew,1.033,170.7,360.0,93.6,Swan,Swan,152.3,152.3,-177.5
147,2.4500,air,trick,241.401,12.008,52.373,0.165,-15.251,4.701,15.960,15.252,51.260,0.00,0.00,0.00,0.00,0.000,0,corkscrew,1,235.50,-11.80,48.20,243.307,15.175,50.965,-121.04,15.29,62.01,3.956,0.001,0.13,0.99,0,0,0,0,0,0,15.29,-34.24,-2.47,0.3830,0.2062,0.3989,1,3.956,0,0.419,0,flip_corkscrew,flipSwan,1.000,2,0.117 -0.574 -0.432 -0.651 0.768 -0.511 -0.002 0.820 0.195 0.843,243.26,15.43,50.88,15.48,-120.39,93.95,244,636,848,1188,-0.532,-0.490 -0.543 0.891 0.882,-1.0,0,0.000,0.000,0.5308,-0.09,corkscrew,1.050,172.3,360.0,93.6,Swan,Swan,153.9,154.0,-177.7
148,2.4667,air,trick,241.404,11.753,52.449,0.165,-15.253,4.481,15.898,15.254,51.336,0.00,0.00,0.00,0.00,0.000,0,corkscrew,1,235.50,-11.80,48.20,243.354,14.916,51.049,-121.65,15.09,61.87,3.970,0.001,0.12,0.99,0,0,0,0,0,0,15.09,-34.26,-2.48,0.3812,0.2060,0.4014,1,3.970,0,0.419,0,flip_corkscrew,flipSwan,1.000,2,0.113 -0.577 -0.432 -0.659 0.761 -0.513 0.011 0.811 0.207 0.835,243.31,15.17,50.97,15.29,-121.04,93.78,248,636,848,1188,-0.539,-0.502 -0.551 0.887 0.879,-1.0,0,0.000,0.000,0.5305,-0.08,corkscrew,1.067,173.8,360.0,93.6,Swan,Swan,155.6,155.7,-177.9
149,2.4833,air,trick,241.407,11.499,52.521,0.165,-15.254,4.261,15.839,15.255,51.408,0.00,0.00,0.00,0.00,0.000,0,corkscrew,1,235.50,-11.80,48.20,243.398,14.659,51.130,-122.23,14.90,61.73,3.985,0.000,0.12,0.99,0,0,0,0,0,0,14.90,-34.28,-2.50,0.3792,0.2057,0.4039,1,3.985,0,0.419,0,flip_corkscrew,flipSwan,1.000,2,0.107 -0.579 -0.432 -0.666 0.753 -0.516 0.023 0.801 0.220 0.826,243.35,14.92,51.05,15.09,-121.65,93.63,252,636,844,1188,-0.546,-0.513 -0.559 0.882 0.874,-1.0,0,0.000,0.000,0.5302,-0.08,corkscrew,1.083,175.4,360.0,93.6,Swan,Swan,157.3,157.4,-178.1
150,2.5000,air,trick,241.409,11.245,52.589,0.165,-15.256,4.041,15.783,15.257,51.476,0.00,0.00,0.00,0.00,0.000,0,corkscrew,1,235.50,-11.80,48.20,243.441,14.401,51.207,-122.77,14.71,61.60,4.000,0.000,0.12,0.99,0,0,0,0,0,0,14.71,-34.29,-2.52,0.3771,0.2055,0.4064,1,4.000,0,0.419,0,flip_corkscrew,flipSwan,1.000,2,0.102 -0.582 -0.434 -0.672 0.744 -0.518 0.037 0.791 0.233 0.817,243.40,14.66,51.13,14.90,-122.23,93.47,256,640,844,1188,-0.552,-0.524 -0.566 0.876 0.869,-1.0,0,0.000,0.000,0.5297,-0.07,corkscrew,1.100,176.9,360.0,93.6,Swan,Swan,159.0,159.0,-178.3
151,2.5167,air,trick,241.412,10.991,52.654,0.165,-15.258,3.821,15.730,15.259,51.541,0.00,0.00,0.00,0.00,0.000,0,corkscrew,1,235.50,-11.80,48.20,243.482,14.144,51.280,-123.28,14.52,61.47,4.015,0.000,0.12,0.99,0,0,0,0,0,0,14.52,-34.30,-2.53,0.3747,0.2052,0.4088,1,4.015,0,0.419,0,flip_corkscrew,flipSwan,1.000,2,0.095 -0.583 -0.436 -0.678 0.735 -0.520 0.050 0.780 0.247 0.807,243.44,14.40,51.21,14.71,-122.77,93.32,256,640,848,1184,-0.558,-0.535 -0.573 0.869 0.863,-1.0,0,0.000,0.000,0.5292,-0.07,corkscrew,1.117,178.5,360.0,93.6,Swan,Swan,160.6,160.7,-178.4
152,2.5333,air,trick,241.415,10.736,52.715,0.165,-15.260,3.601,15.680,15.261,51.602,0.00,0.00,0.00,0.00,0.000,0,corkscrew,1,235.50,-11.80,48.20,243.521,13.888,51.350,-123.76,14.33,61.34,4.029,0.000,0.12,0.99,0,0,0,0,0,0,14.33,-34.31,-2.55,0.3722,0.2050,0.4112,1,4.029,0,0.419,0,flip_corkscrew,flipSwan,1.000,2,0.089 -0.585 -0.439 -0.683 0.725 -0.523 0.064 0.769 0.261 0.797,243.48,14.14,51.28,14.52,-123.28,93.17,260,640,844,1184,-0.564,-0.544 -0.580 0.862 0.856,-1.0,0,0.000,0.000,0.5286,-0.07,corkscrew,1.133,180.1,360.0,93.6,Swan,Swan,162.3,162.4,-178.5
153,2.5500,air,trick,241.418,10.482,52.772,0.165,-15.262,3.381,15.633,15.262,51.659,0.00,0.00,0.00,0.00,0.000,0,corkscrew,1,235.50,-11.80,48.20,243.558,13.632,51.416,-124.19,14.15,61.22,4.042,0.000,0.12,0.99,0,0,0,0,0,0,14.15,-34.32,-2.57,0.3696,0.2047,0.4136,1,4.042,0,0.419,0,flip_corkscrew,flipSwan,1.000,2,0.081 -0.586 -0.442 -0.688 0.716 -0.525 0.078 0.758 0.275 0.786,243.52,13.89,51.35,14.33,-123.76,93.03,264,640,844,1180,-0.569,-0.553 -0.586 0.854 0.849,-1.0,0,0.000,0.000,0.5278,-0.06,corkscrew,1.150,181.6,360.0,93.6,Swan,Swan,164.0,164.0,-178.7
154,2.5667,air,trick,241.420,10.228,52.826,0.165,-15.263,3.161,15.588,15.264,51.713,0.00,0.00,0.00,0.00,0.000,0,corkscrew,1,235.50,-11.80,48.20,243.592,13.376,51.479,-124.59,13.97,61.10,4.055,0.000,0.12,0.99,0,0,0,0,0,0,13.97,-34.33,-2.58,0.3668,0.2045,0.4159,1,4.055,0,0.419,0,flip_corkscrew,flipSwan,1.000,2,0.074 -0.587 -0.447 -0.692 0.705 -0.527 0.092 0.746 0.289 0.774,243.56,13.63,51.42,14.15,-124.19,92.89,268,640,844,1180,-0.573,-0.562 -0.592 0.845 0.840,-1.0,0,0.000,0.000,0.5270,-0.06,corkscrew,1.167,183.2,360.0,93.6,Swan,Swan,165.7,165.7,-178.8
155,2.5833,air,trick,241.423,9.973,52.875,0.165,-15.265,2.941,15.547,15.266,51.762,0.00,0.00,0.00,0.00,0.000,0,corkscrew,1,235.50,-11.80,48.20,243.624,13.121,51.538,-124.96,13.79,60.99,4.068,0.000,0.11,0.99,0,0,0,0,0,0,13.79,-34.34,-2.60,0.3638,0.2043,0.4182,1,4.068,0,0.419,0,flip_corkscrew,flipSwan,1.000,2,0.065 -0.587 -0.452 -0.696 0.695 -0.529 0.106 0.734 0.304 0.762,243.59,13.38,51.48,13.97,-124.59,92.76,272,644,840,1176,-0.577,-0.570 -0.597 0.836 0.831,-1.0,0,0.000,0.000,0.5261,-0.06,corkscrew,1.183,184.7,360.0,93.6,Swan,Swan,167.3,167.4,-178.9
156,2.6000,air,trick,241.426,9.719,52.922,0.165,-15.267,2.721,15.508,15.268,51.809,0.00,0.00,0.00,0.00,0.000,0,corkscrew,1,235.50,-11.80,48.20,243.655,12.867,51.593,-125.30,13.61,60.88,4.080,0.000,0.11,0.99,0,0,0,0,0,0,13.61,-34.34,-2.62,0.3607,0.2042,0.4205,1,4.080,0,0.420,0,flip_corkscrew,flipSwan,1.000,2,0.057 -0.588 -0.458 -0.699 0.684 -0.530 0.121 0.721 0.318 0.750,243.62,13.12,51.54,13.79,-124.96,92.63,276,644,840,1176,-0.581,-0.577 -0.602 0.826 0.822,-1.0,0,0.000,0.000,0.5252,-0.06,corkscrew,1.200,186.3,360.0,93.6,Swan,Swan,169.0,169.0,-179.0
157,2.6167,air,trick,241.429,9.464,52.964,0.165,-15.269,2.501,15.473,15.270,51.851,0.00,0.00,0.00,0.00,0.000,0,corkscrew,1,235.50,-11.80,48.20,243.683,12.613,51.644,-125.60,13.44,60.77,4.091,0.000,0.11,0.99,0,0,0,0,0,0,13.44,-34.35,-2.63,0.3574,0.2040,0.4227,1,4.091,0,0.420,0,flip_corkscrew,flipSwan,1.000,2,0.048 -0.587 -0.464 -0.701 0.674 -0.532 0.135 0.707 0.333 0.737,243.65,12.87,51.59,13.61,-125.30,92.50,280,644,840,1172,-0.584,-0.584 -0.607 0.815 0.811,-1.0,0,0.000,0.000,0.5241,-0.05,corkscrew,1.217,187.9,360.0,93.6,Swan,Swan,170.6,170.7,-179.0
158,2.6333,air,trick,241.431,9.210,53.003,0.165,-15.270,2.281,15.441,15.271,51.890,0.00,0.00,0.00,0.00,0.000,0,corkscrew,1,235.50,-11.80,48.20,243.709,12.359,51.692,-125.88,13.27,60.67,4.102,0.000,0.11,0.99,0,0,0,0,0,0,13.27,-34.35,-2.65,0.3540,0.2039,0.4249,1,4.102,0,0.420,0,flip_corkscrew,flipSwan,1.000,2,0.039 -0.587 -0.471 -0.703 0.663 -0.533 0.149 0.693 0.347 0.723,243.68,12.61,51.64,13.44,-125.60,92.38,284,644,836,1168,-0.586,-0.590 -0.611 0.804 0.800,-1.0,0,0.000,0.000,0.5231,-0.05,corkscrew,1.233,189.4,360.0,93.6,Swan,Swan,172.3,172.4,-179.1
159,2.6500,air,trick,241.434,8.955,53.039,0.165,-15.272,2.061,15.412,15.273,51.926,0.00,0.00,0.00,0.00,0.000,0,corkscrew,1,235.50,-11.80,48.20,243.733,12.105,51.736,-126.13,13.10,60.57,4.112,0.000,0.11,0.99,0,0,0,0,0,0,13.10,-34.36,-2.67,0.3494,0.2053,0.4266,1,4.112,0,0.420,0,flip_corkscrew,flipSwan,1.000,2,0.025 -0.585 -0.493 -0.700 0.643 -0.528 0.163 0.679 0.362 0.709,243.71,12.36,51.69,13.27,-125.88,92.26,288,644,832,1168,-0.590,-0.594 -0.614 0.792 0.788,-1.0,0,0.000,0.000,0.5205,-0.05,corkscrew,1.250,191.0,360.0,93.6,Swan,Swan,174.8,174.8,-179.2
160,2.6667,air,trick,241.437,8.701,53.070,0.165,-15.274,1.841,15.386,15.275,51.957,0.00,0.00,0.00,0.00,0.000,0,corkscrew,1,235.50,-11.80,48.20,243.756,11.852,51.777,-126.35,12.94,60.47,4.121,0.000,0.10,0.99,0,0,0,0,0,0,12.94,-34.36,-2.68,0.3401,0.2098,0.4260,1,4.121,0,0.420,0,flip_corkscrew,flipSwan,1.000,2,-0.003 -0.580 -0.553 -0.676 0.596 -0.502 0.177 0.664 0.376 0.694,243.73,12.11,51.74,13.10,-126.13,92.15,292,644,816,1156,-0.593,-0.585 -0.604 0.779 0.776,-1.0,0,0.000,0.000,0.5139,-0.05,corkscrew,1.267,192.5,360.0,94.0,Swan,Swan,179.1,179.4,-179.3
161,2.6833,air,trick,241.440,8.446,53.098,0.165,-15.276,1.621,15.363,15.277,51.985,0.00,0.00,0.00,0.00,0.000,0,corkscrew,1,235.50,-11.80,48.20,243.777,11.600,51.814,-126.55,12.78,60.38,4.130,0.000,0.10,0.99,0,0,0,0,0,0,12.78,-34.36,-2.70,0.3228,0.2144,0.4215,1,4.130,0,0.420,0,flip_corkscrew,flipSwan,1.000,2,-0.042 -0.566 -0.636 -0.617 0.520 -0.441 0.191 0.648 0.390 0.678,243.76,11.85,51.78,12.94,-126.35,92.04,296,640,792,1140,-0.590,-0.549 -0.566 0.765 0.762,-1.0,0,0.000,0.000,0.5035,-0.04,corkscrew,1.283,194.1,360.0,98.0,Swan,Swan,174.2,-174.2,-179.3
162,2.7000,air,trick,241.442,8.191,53.122,0.165,-15.278,1.401,15.343,15.278,52.009,0.00,0.00,0.00,0.00,0.000,0,corkscrew,1,235.50,-11.80,48.20,243.796,11.347,51.847,-126.72,12.62,60.29,4.138,0.000,0.10,0.99,0,0,0,0,0,0,12.62,-34.36,-2.72,0.3023,0.2131,0.4158,1,4.138,0,0.420,0,flip_corkscrew,flipSwan,1.000,2,-0.089 -0.539 -0.717 -0.510 0.415 -0.338 0.206 0.631 0.405 0.661,243.78,11.60,51.81,12.78,-126.55,91.93,304,632,768,1112,-0.576,-0.469 -0.485 0.750 0.747,-1.0,0,0.000,0.000,0.4900,-0.04,corkscrew,1.300,195.8,360.0,106.5,Swan,Swan,166.5,-166.5,-179.4
163,2.7167,air,trick,241.445,7.937,53.143,0.165,-15.279,1.181,15.326,15.280,52.030,0.00,0.00,0.00,0.00,0.000,0,corkscrew,1,235.50,-11.80,48.20,243.814,11.095,51.877,-126.88,12.46,60.20,4.146,0.000,0.10,1.00,0,0,0,0,0,0,12.46,-34.37,-2.73,0.2888,0.2020,0.4142,1,4.146,0,0.420,0,flip_corkscrew,flipTuck,1.000,2,-0.139 -0.497 -0.766 -0.357 0.291 -0.196 0.222 0.611 0.421 0.641,243.80,11.35,51.85,12.62,-126.72,91.83,308,620,752,1072,-0.547,-0.344 -0.358 0.732 0.730,-1.0,0,0.000,0.000,0.4760,-0.04,corkscrew,1.317,197.7,360.0,120.7,Tuck,Swan,158.0,-158.0,-179.4
164,2.7333,air,trick,241.448,7.682,53.160,0.165,-15.281,0.961,15.312,15.282,52.047,0.00,0.00,0.00,0.00,0.000,0,corkscrew,1,235.50,-11.80,48.20,243.830,10.843,51.903,-127.01,12.31,60.12,4.153,0.000,0.10,1.00,0,0,0,0,0,0,12.31,-34.37,-2.75,0.2707,0.1902,0.4112,1,4.153,0,0.420,0,flip_corkscrew,flipTuck,1.000,2,-0.189 -0.440 -0.764 -0.182 0.169 -0.040 0.239 0.587 0.439 0.617,243.81,11.09,51.88,12.46,-126.88,91.73,312,604,752,1060,-0.503,-0.192 -0.203 0.711 0.709,-1.0,0,0.000,0.000,0.4703,-0.04,corkscrew,1.333,199.9,360.0,142.9,Tuck,Swan,148.9,-148.9,-179.5
165,2.7500,air,trick,241.451,7.427,53.173,0.165,-15.283,0.741,15.302,15.284,52.060,0.00,0.00,0.00,0.00,0.000,0,corkscrew,1,235.50,-11.80,48.20,243.845,10.591,51.925,-127.13,12.16,60.04,4.159,0.000,0.09,1.00,0,0,0,0,0,0,12.16,-34.37,-2.77,0.2484,0.1831,0.4074,1,4.159,0,0.420,0,flip_corkscrew,flipTuck,1.000,2,-0.233 -0.372 -0.716 -0.018 0.070 0.102 0.259 0.557 0.459 0.587,243.83,10.84,51.90,12.31,-127.01,91.63,320,584,768,1064,-0.444,-0.043 -0.051 0.685 0.682,-1.0,0,0.000,0.000,0.4760,-0.04,corkscrew,1.350,202.6,360.0,177.1,Tuck,Swan,139.8,-139.8,-179.5
166,2.7667,air,trick,241.453,7.173,53.183,0.165,-15.285,0.521,15.294,15.286,52.070,0.00,0.00,0.00,0.00,0.000,0,corkscrew,1,235.50,-11.80,48.20,243.859,10.339,51.944,-127.22,12.01,59.96,4.165,0.000,0.09,1.00,0,0,0,0,0,0,12.01,-34.37,-2.78,0.2355,0.1719,0.3968,1,4.165,0,0.420,0,flip_corkscrew,flipTuck,1.000,2,-0.270 -0.297 -0.643 0.114 0.005 0.212 0.262 0.539 0.476 0.571,243.85,10.59,51.93,12.16,-127.13,91.54,320,560,792,1068,-0.376,0.081 0.075 0.668 0.666,-1.0,0,0.000,0.000,0.4836,-0.03,corkscrew,1.367,205.9,360.0,231.4,Tuck,Swan,130.8,-130.8,-179.6
167,2.7833,air,trick,241.456,6.918,53.189,0.165,-15.287,0.301,15.290,15.287,52.076,0.00,0.00,0.00,0.00,0.000,0,corkscrew,1,235.50,-11.80,48.20,243.872,10.088,51.959,-127.31,11.87,59.89,4.171,0.000,0.09,1.00,0,0,0,0,0,0,11.87,-34.37,-2.80,0.2303,0.1636,0.3831,1,4.171,0,0.420,0,flip_corkscrew,flipTuck,1.000,2,-0.299 -0.218 -0.573 0.209 -0.027 0.291 0.241 0.535 0.484 0.572,243.86,10.34,51.94,12.01,-127.22,91.45,320,540,804,1068,-0.303,0.177 0.172 0.663 0.661,-1.0,0,0.000,0.000,0.4896,-0.03,corkscrew,1.383,210.4,360.0,319.1,Tuck,Swan,122.0,-122.0,-179.6
168,2.8000,air,trick,241.459,6.663,53.191,0.165,-15.288,0.081,15.289,15.289,52.078,0.00,0.00,0.00,0.00,0.000,0,corkscrew,1,235.50,-11.80,48.20,243.883,9.837,51.970,-127.38,11.73,59.82,4.176,0.000,0.09,1.00,0,0,0,0,0,0,11.73,-34.37,-2.82,0.2235,0.1640,0.3730,1,4.176,0,0.420,0,flip_corkscrew,flipTuck,1.000,2,-0.323 -0.137 -0.523 0.279 -0.027 0.354 0.198 0.529 0.483 0.572,243.87,10.09,51.96,11.87,-127.31,91.36,316,528,808,1068,-0.225,0.252 0.247 0.653 0.651,-1.0,0,0.000,0.000,0.4908,-0.03,corkscrew,1.400,216.8,360.0,457.2,Tuck,Swan,113.4,-113.4,-179.6
169,2.8167,air,trick,241.461,6.408,53.190,0.165,-15.290,-0.139,15.292,15.291,52.077,0.00,0.00,0.00,0.00,0.000,0,corkscrew,1,235.50,-11.80,48.20,243.894,9.586,51.978,-127.43,11.58,59.75,4.181,0.000,0.09,1.00,0,0,0,0,0,0,11.58,-34.37,-2.83,0.2149,0.1632,0.3615,1,4.181,0,0.420,0,flip_corkscrew,flipTuck,1.000,2,-0.341 -0.047 -0.492 0.340 0.001 0.413 0.140 0.499 0.468 0.548,243.88,9.84,51.97,11.73,-127.38,91.28,316,516,808,1068,-0.137,0.321 0.317 0.614 0.612,-1.0,0,0.000,0.000,0.4914,-0.03,corkscrew,1.417,225.9,360.0,630.5,Tuck,Tuck,104.0,-104.0,-179.7
170,2.8333,air,trick,241.464,6.153,53.185,0.165,-15.292,-0.359,15.297,15.293,52.072,0.00,0.00,0.00,0.00,0.000,0,corkscrew,1,235.50,-11.80,48.20,243.903,9.334,51.982,-127.48,11.44,59.69,4.185,0.000,0.09,1.00,0,0,0,0,0,0,11.44,-34.37,-2.85,0.2089,0.1580,0.3539,1,4.185,0,0.420,0,flip_corkscrew,flipTuck,1.000,2,-0.350 0.064 -0.449 0.399 0.047 0.473 0.081 0.433 0.430 0.485,243.89,9.59,51.98,11.58,-127.43,91.20,308,500,812,1064,-0.025,0.394 0.390 0.535 0.532,-1.0,0,0.000,0.000,0.4919,-0.03,corkscrew,1.433,237.3,360.0,702.1,Tuck,Tuck,92.5,-92.5,-179.9
171,2.8500,air,trick,241.467,5.899,53.176,0.165,-15.294,-0.579,15.305,15.295,52.063,0.00,0.00,0.00,0.00,0.000,0,corkscrew,1,235.50,-11.80,48.20,243.912,9.083,51.983,-127.51,11.31,59.62,4.188,0.000,0.08,1.00,0,0,0,0,0,0,11.31,-34.37,-2.87,0.2031,0.1479,0.3517,1,4.188,0,0.420,0,flip_corkscrew,flipTuck,1.000,2,-0.346 0.177 -0.397 0.443 0.102 0.516 0.032 0.344 0.372 0.394,243.90,9.33,51.98,11.44,-127.48,91.13,304,488,816,1056,0.092,0.452 0.449 0.429 0.426,-1.0,0,0.000,0.000,0.4918,-0.03,corkscrew,1.450,249.0,360.0,702.1,Tuck,Tuck,80.7,-80.7,0.3
172,2.8667,air,trick,241.470,5.644,53.163,0.165,-15.295,-0.799,15.317,15.296,52.050,0.00,0.00,0.00,0.00,0.000,0,corkscrew,1,235.50,-11.80,48.20,243.919,8.832,51.979,-127.53,11.17,59.56,4.192,0.000,0.08,1.00,0,0,0,0,0,0,11.17,-34.37,-2.88,0.1934,0.1352,0.3526,1,4.192,0,0.420,0,flip_corkscrew,flipTuck,1.000,2,-0.327 0.282 -0.338 0.467 0.163 0.540 0.004 0.248 0.313 0.293,243.91,9.08,51.98,11.31,-127.51,91.06,304,488,828,1048,0.205,0.492 0.489 0.316 0.314,-1.0,0,0.000,0.000,0.4921,-0.02,corkscrew,1.467,260.7,360.0,702.1,Tuck,Tuck,68.9,-68.9,0.3
173,2.8833,air,trick,241.472,5.389,53.147,0.165,-15.297,-1.019,15.332,15.298,52.034,0.00,0.00,0.00,0.00,0.000,0,corkscrew,1,235.50,-11.80,48.20,243.927,8.582,51.972,-127.55,11.03,59.51,4.195,0.000,0.08,1.00,0,0,0,0,0,0,11.03,-34.38,-2.90,0.1939,0.1240,0.3515,1,4.195,0,0.420,0,flip_corkscrew,flipTuck,1.000,2,-0.294 0.375 -0.276 0.470 0.228 0.543 -0.007 0.164 0.269 0.203,243.92,8.83,51.98,11.17,-127.53,90.99,308,488,836,1040,0.309,0.511 0.508 0.220 0.218,-1.0,0,0.000,0.000,0.4938,-0.02,corkscrew,1.483,272.4,360.0,702.1,Tuck,Tuck,57.1,-57.1,0.3
174,2.9000,air,trick,241.475,5.134,53.128,0.165,-15.299,-1.239,15.350,15.300,52.015,0.00,0.00,0.00,0.00,0.000,0,corkscrew,1,235.50,-11.80,48.20,243.933,8.331,51.962,-127.55,10.90,59.45,4.198,0.000,0.08,1.00,0,0,0,0,0,0,10.90,-34.38,-2.92,0.1974,0.1261,0.3499,1,4.198,0,0.420,0,flip_corkscrew,flipTuck,1.000,2,-0.248 0.453 -0.212 0.453 0.293 0.525 -0.009 0.100 0.244 0.136,243.93,8.58,51.97,11.03,-127.55,90.92,300,488,844,1040,0.400,0.508 0.506 0.150 0.148,-1.0,0,0.000,0.000,0.4998,-0.02,corkscrew,1.500,284.1,360.0,702.1,Tuck,Tuck,45.3,-45.3,0.2
175,2.9167,air,trick,241.478,4.879,53.104,0.165,-15.301,-1.459,15.371,15.302,51.991,0.00,0.00,0.00,0.00,0.000,0,corkscrew,1,235.50,-11.80,48.20,243.939,8.080,51.948,-127.55,10.77,59.40,4.200,0.000,0.08,1.00,0,0,0,0,0,0,10.77,-34.38,-2.93,0.2065,0.1265,0.3564,1,4.200,0,0.420,0,flip_corkscrew,flipTuck,1.000,2,-0.192 0.512 -0.150 0.415 0.357 0.487 -0.003 0.054 0.243 0.089,243.93,8.33,51.96,10.90,-127.55,90.86,284,488,852,1052,0.474,0.485 0.482 0.102 0.101,-1.0,0,0.000,0.000,0.5060,-0.02,corkscrew,1.517,295.8,360.0,702.1,Tuck,Tuck,33.5,-33.5,0.2
176,2.9333,air,trick,241.481,4.624,53.077,0.165,-15.303,-1.679,15.395,15.303,51.964,0.00,0.00,0.00,0.00,0.000,0,corkscrew,1,235.50,-11.80,48.20,243.944,7.829,51.930,-127.54,10.63,59.35,4.202,0.000,0.07,1.00,0,0,0,0,0,0,10.63,-34.38,-2.95,0.2120,0.1267,0.3636,1,4.202,0,0.420,0,flip_corkscrew,flipTuck,1.000,2,-0.133 0.549 -0.107 0.365 0.420 0.452 0.007 0.011 0.254 0.045,243.94,8.08,51.95,10.77,-127.55,90.80,276,488,864,1068,0.526,0.448 0.458 0.060 0.059,-1.0,0,0.000,0.000,0.5125,-0.02,corkscrew,1.533,307.5,360.0,702.1,Tuck,Tuck,22.5,-22.5,0.2
177,2.9500,air,trick,241.483,4.369,53.046,0.165,-15.304,-1.899,15.423,15.305,51.933,0.00,0.00,0.00,0.00,0.000,0,corkscrew,1,235.50,-11.80,48.20,243.948,7.578,51.908,-127.52,10.50,59.30,4.204,0.000,0.07,1.00,0,0,0,0,0,0,10.50,-34.38,-2.97,0.2176,0.1287,0.3701,1,4.204,0,0.420,0,flip_corkscrew,flipTuck,1.000,2,-0.079 0.567 -0.095 0.315 0.486 0.444 0.010 -0.033 0.259 0.001,243.94,7.83,51.93,10.63,-127.54,90.74,272,492,876,1084,0.558,0.410 0.458 0.016 0.015,-1.0,0,0.000,0.000,0.5195,-0.02,corkscrew,1.550,319.1,360.0,662.5,Tuck,Tuck,13.1,-13.1,0.2
178,2.9667,air,trick,241.486,4.114,53.012,0.165,-15.306,-2.119,15.453,15.307,51.899,0.00,0.00,0.00,0.00,0.000,0,corkscrew,1,235.50,-11.80,48.20,243.953,7.327,51.883,-127.50,10.37,59.26,4.206,0.000,0.07,1.00,0,0,0,0,0,0,10.37,-34.38,-2.98,0.2242,0.1318,0.3739,1,4.206,0,0.420,0,flip_corkscrew,flipTuck,1.000,2,-0.039 0.573 -0.116 0.282 0.543 0.474 0.009 -0.070 0.260 -0.035,243.95,7.58,51.91,10.50,-127.52,90.68,272,504,884,1096,0.573,0.387 0.492 -0.022 -0.023,-1.0,0,0.000,0.000,0.5256,-0.02,corkscrew,1.567,328.8,360.0,502.8,Tuck,Tuck,6.6,-6.6,0.2
179,2.9833,swing,swingLow,241.422,3.960,52.886,-7.906,-3.110,-12.921,15.463,8.495,51.773,278.59,-26.82,97.92,50.85,0.011,1,,1,235.50,-11.80,48.20,243.951,7.085,51.784,-128.19,10.29,59.21,4.169,0.000,0.07,1.00,1,0,0,0,0,0,10.29,-34.38,-3.00,0.2277,0.1363,0.3799,1,4.169,0,0.420,0,flip_corkscrew,flipTuck,1.000,2,0.052 0.573 -0.118 0.289 0.642 0.474 -0.001 -0.098 0.250 -0.092,243.95,7.33,51.88,10.37,-127.50,90.63,272,512,892,1108,0.579,0.402 0.492 -0.051 -0.082,42.0,1,0.000,0.000,0.5307,-0.02,,-1.000,0.0,0.0,0.0,,,5.6,-4.6,3.2
180,3.0000,swing,swingLow,241.296,3.908,52.665,-7.561,-3.174,-13.322,15.644,8.200,51.552,278.59,-26.82,97.92,50.85,0.031,1,,1,235.50,-11.80,48.20,243.936,6.868,51.611,-129.06,10.24,59.17,4.104,0.000,0.07,1.00,1,0,0,0,0,0,10.24,-34.38,-3.02,0.2352,0.1474,0.3890,1,4.104,0,0.420,0,swing,flipTuck,1.000,2,0.119 0.566 -0.130 0.325 0.712 0.507 -0.011 -0.117 0.233 -0.135,243.95,7.09,51.78,10.29,-128.19,90.58,272,520,896,1120,0.573,0.442 0.522 -0.072 -0.127,35.2,1,0.000,0.000,0.5218,-0.02,,-1.000,0.0,0.0,0.0,,,11.7,-6.6,9.8
181,3.0167,swing,swingLow,241.170,3.854,52.438,-7.532,-3.303,-13.714,15.991,8.224,51.325,278.59,-26.82,97.92,50.85,0.048,1,,1,235.50,-11.80,48.20,243.902,6.684,51.412,-128.93,10.48,59.13,4.066,0.000,0.07,1.00,1,0,0,0,0,0,10.48,-34.38,-3.03,0.2391,0.1549,0.4072,1,4.066,0,0.420,0,swing,flipTuck,1.000,2,0.203 0.529 -0.069 0.240 0.790 0.437 -0.029 -0.151 0.214 -0.203,243.94,6.87,51.61,10.24,-129.06,90.53,288,544,880,1116,0.547,0.366 0.457 -0.102 -0.195,26.7,1,0.000,0.000,0.5095,-0.02,,-1.000,0.0,0.0,0.0,,,20.8,-5.5,20.2
182,3.0333,swing,swingLow,241.045,3.798,52.205,-7.501,-3.437,-14.105,16.341,8.251,51.092,278.59,-26.82,97.92,50.85,0.062,1,,1,235.50,-11.80,48.20,243.854,6.534,51.206,-128.15,10.70,59.10,4.047,0.000,0.06,1.00,1,0,0,0,0,0,10.70,-34.38,-3.05,0.2428,0.1686,0.4236,1,4.047,0,0.420,0,swing,flipTuck,1.000,2,0.277 0.493 -0.038 0.226 0.852 0.390 -0.053 -0.180 0.190 -0.260,243.90,6.68,51.41,10.48,-128.93,90.49,304,564,840,1104,0.513,0.355 0.410 -0.128 -0.252,19.0,1,0.000,0.000,0.4909,-0.02,,-1.000,0.0,0.0,0.0,,,28.9,-8.1,28.1
183,3.0500,swing,swingLow,240.920,3.739,51.965,-7.469,-3.577,-14.494,16.692,8.281,50.852,278.59,-26.82,97.92,50.85,0.075,1,,1,235.50,-11.80,48.20,243.793,6.410,50.998,-127.00,10.78,59.07,4.040,0.000,0.06,1.00,1,0,0,0,0,0,10.78,-34.38,-3.07,0.2483,0.1791,0.4381,1,4.040,0,0.420,0,swing,flipTuck,1.000,2,0.322 0.466 -0.033 0.218 0.886 0.397 -0.084 -0.207 0.162 -0.313,243.85,6.53,51.21,10.70,-128.15,90.45,320,584,796,1076,0.487,0.347 0.416 -0.153 -0.304,13.9,1,0.000,0.000,0.4707,-0.01,,-1.000,0.0,0.0,0.0,,,34.0,-10.6,32.9
184,3.0667,swing,swingLow,240.796,3.678,51.718,-7.435,-3.721,-14.880,17.046,8.314,50.605,278.59,-26.82,97.92,50.85,0.087,1,,1,235.50,-11.80,48.20,243.724,6.308,50.792,-125.69,10.68,59.04,4.044,0.000,0.06,1.00,1,0,0,0,0,0,10.68,-34.38,-3.08,0.2575,0.1879,0.4505,1,4.044,0,0.420,0,swing,flipTuck,1.000,2,0.350 0.450 -0.047 0.221 0.901 0.436 -0.124 -0.234 0.128 -0.366,243.79,6.41,51.00,10.78,-127.00,90.41,332,604,748,1044,0.469,0.345 0.453 -0.179 -0.356,10.3,1,0.000,0.000,0.4499,-0.01,,-1.000,0.0,0.0,0.0,,,37.1,-13.1,35.7
185,3.0833,swing,swingLow,240.672,3.614,51.466,-7.399,-3.872,-15.265,17.400,8.351,50.353,278.59,-26.82,97.92,50.85,0.097,1,,1,235.50,-11.80,48.20,243.650,6.223,50.587,-124.33,10.42,59.01,4.055,0.000,0.06,1.00,1,0,0,0,0,0,10.42,-34.38,-3.10,0.2848,0.1963,0.4538,1,4.055,0,0.420,0,swing,swingLow,1.000,2,0.367 0.441 -0.073 0.230 0.900 0.488 -0.177 -0.261 0.086 -0.419,243.72,6.31,50.79,10.68,-125.69,90.37,340,624,696,1004,0.458,0.347 0.500 -0.208 -0.410,7.7,1,0.000,0.000,0.4285,-0.01,,-1.000,0.0,0.0,0.0,,,39.0,-15.4,37.3
186,3.1000,swing,swingLow,240.549,3.548,51.206,-7.362,-4.028,-15.648,17.756,8.392,50.093,278.59,-26.82,97.92,50.85,0.107,1,,1,235.50,-11.80,48.20,243.570,6.150,50.381,-123.01,10.00,58.99,4.071,0.000,0.06,1.00,1,0,0,0,0,0,10.00,-34.38,-3.12,0.3121,0.2061,0.4570,1,4.071,0,0.420,0,swing,swingLow,1.000,2,0.379 0.436 -0.109 0.246 0.890 0.538 -0.250 -0.285 0.029 -0.473,243.65,6.22,50.59,10.42,-124.33,90.34,340,644,640,972,0.451,0.351 0.547 -0.237 -0.465,6.0,1,0.000,0.000,0.4066,-0.01,,-1.000,0.0,0.0,0.0,,,40.3,-17.4,38.2
187,3.1167,swing,swingLow,240.427,3.480,50.941,-7.323,-4.190,-16.028,18.113,8.437,49.828,278.59,-26.82,97.92,50.85,0.116,1,,1,235.50,-11.80,48.20,243.487,6.087,50.175,-121.77,9.47,58.97,4.092,0.000,0.05,1.00,1,0,0,0,0,0,9.47,-34.38,-3.13,0.3365,0.2192,0.4606,1,4.092,0,0.420,0,swing,swingLow,1.000,2,0.388 0.432 -0.148 0.267 0.875 0.581 -0.342 -0.296 -0.046 -0.522,243.57,6.15,50.38,10.00,-123.01,90.32,332,664,580,940,0.444,0.359 0.586 -0.258 -0.517,4.8,1,0.000,0.000,0.3839,-0.01,,-1.000,0.0,0.0,0.0,,,41.3,-19.0,38.9
188,3.1333,swing,swingLow,240.305,3.408,50.669,-7.282,-4.358,-16.406,18.471,8.486,49.556,278.59,-26.82,97.92,50.85,0.124,1,,1,235.50,-11.80,48.20,243.399,6.031,49.966,-120.60,8.82,58.95,4.117,0.000,0.05,1.00,1,0,0,0,0,0,8.82,-34.38,-3.15,0.3602,0.2337,0.4635,1,4.117,0,0.419,0,swing,swingLow,1.000,2,0.385 0.439 -0.191 0.292 0.852 0.625 -0.439 -0.290 -0.122 -0.560,243.49,6.09,50.17,9.47,-121.77,90.29,328,680,516,904,0.448,0.370 0.625 -0.267 -0.562,5.8,1,0.000,0.000,0.3607,0.01,,-1.000,0.0,0.0,0.0,,,40.8,-19.8,38.1
189,3.1500,swing,swingLow,240.184,3.334,50.390,-7.239,-4.532,-16.782,18.830,8.541,49.277,278.59,-26.82,97.92,50.85,0.132,1,,1,235.50,-11.80,48.20,243.308,5.981,49.755,-119.50,8.06,58.94,4.143,0.000,0.05,1.00,1,0,0,0,0,0,8.06,-34.38,-3.17,0.3803,0.2502,0.4665,1,4.143,0,0.419,0,swing,swingLow,1.000,2,0.377 0.449 -0.232 0.315 0.831 0.662 -0.527 -0.252 -0.204 -0.585,243.40,6.03,49.97,8.82,-120.60,90.27,320,696,452,872,0.456,0.378 0.659 -0.248 -0.593,7.4,1,0.000,0.000,0.3378,0.04,,-1.000,0.0,0.0,0.0,,,39.7,-19.9,36.7
190,3.1667,swing,swingLow,240.064,3.257,50.106,-7.195,-4.712,-17.155,19.190,8.600,48.993,278.59,-26.82,97.92,50.85,0.140,1,,1,235.50,-11.80,48.20,243.211,5.936,49.540,-118.46,7.21,58.93,4.172,0.000,0.05,1.00,1,0,0,0,0,0,7.21,-34.38,-3.18,0.3883,0.2677,0.4705,1,4.172,0,0.419,0,swing,swingLow,1.000,2,0.372 0.456 -0.257 0.346 0.821 0.674 -0.588 -0.174 -0.289 -0.589,243.31,5.98,49.76,8.06,-119.50,90.26,324,704,396,848,0.459,0.396 0.668 -0.188 -0.604,8.8,1,0.000,0.000,0.3173,0.10,,-1.000,0.0,0.0,0.0,,,39.2,-20.7,35.8
191,3.1833,swing,swingLow,239.945,3.176,49.815,-7.148,-4.898,-17.525,19.550,8.665,48.702,278.59,-26.82,97.92,50.85,0.147,1,,1,235.50,-11.80,48.20,243.110,5.894,49.321,-117.47,6.26,58.93,4.201,0.000,0.05,1.00,1,0,0,0,0,0,6.26,-34.38,-3.20,0.3908,0.2809,0.4716,1,4.201,0,0.419,0,swing,swingLow,1.000,2,0.367 0.461 -0.274 0.373 0.812 0.684 -0.608 -0.065 -0.368 -0.572,243.21,5.94,49.54,7.21,-118.46,90.25,324,704,348,828,0.462,0.410 0.677 -0.091 -0.593,10.1,1,0.000,0.000,0.3006,0.18,,-1.000,0.0,0.0,0.0,,,38.7,-21.2,35.0
192,3.2000,swing,swingLow,239.826,3.093,49.519,-7.100,-5.090,-17.892,19.911,8.736,48.406,278.59,-26.82,97.92,50.85,0.154,1,,1,235.50,-11.80,48.20,243.003,5.854,49.097,-116.51,5.24,58.93,4.230,0.000,0.05,1.00,1,0,0,0,0,0,5.24,-34.38,-3.22,0.3881,0.2873,0.4704,1,4.230,0,0.418,0,swing,swingLow,1.000,2,0.364 0.465 -0.284 0.396 0.804 0.692 -0.586 0.055 -0.434 -0.541,243.11,5.89,49.32,6.26,-117.47,90.25,324,704,316,808,0.463,0.424 0.682 0.023 -0.563,11.2,1,0.000,0.000,0.2886,0.28,,-1.000,0.0,0.0,0.0,,,38.4,-21.6,34.5
193,3.2167,swing,swingLow,239.708,3.006,49.216,-7.049,-5.289,-18.257,20.272,8.812,48.103,278.59,-26.82,97.92,50.85,0.161,1,,1,235.50,-11.80,48.20,242.890,5.816,48.868,-115.56,4.15,58.94,4.259,0.000,0.05,1.00,1,0,0,0,0,0,4.15,-34.38,-3.23,0.3818,0.2879,0.4676,1,4.259,0,0.418,0,swing,swingLow,1.000,2,0.363 0.466 -0.286 0.416 0.798 0.695 -0.542 0.162 -0.483 -0.503,243.00,5.85,49.10,5.24,-116.51,90.25,328,696,300,792,0.463,0.437 0.685 0.131 -0.523,11.9,1,0.000,0.000,0.2811,0.38,,-1.000,0.0,0.0,0.0,,,38.4,-21.9,34.3
194,3.2333,swing,swingLow,239.591,2.916,48.907,-6.996,-5.494,-18.618,20.634,8.895,47.794,278.59,-26.82,97.92,50.85,0.168,1,,1,235.50,-11.80,48.20,242.772,5.778,48.633,-114.62,3.02,58.95,4.288,0.000,0.04,1.00,1,0,0,0,0,0,3.02,-34.38,-3.25,0.3745,0.2862,0.4645,1,4.288,0,0.417,0,swing,swingLow,1.000,2,0.364 0.466 -0.284 0.433 0.794 0.696 -0.499 0.239 -0.517 -0.468,242.89,5.82,48.87,4.15,-115.56,90.26,328,688,288,780,0.462,0.449 0.685 0.216 -0.483,12.3,1,0.000,0.000,0.2763,0.48,,-1.000,0.0,0.0,0.0,,,38.6,-22.0,34.6
195,3.2500,swing,swingLow,239.475,2.822,48.592,-6.941,-5.706,-18.976,20.995,8.985,47.479,278.59,-26.82,97.92,50.85,0.175,1,,1,235.50,-11.80,48.20,242.648,5.740,48.392,-113.68,1.84,58.96,4.315,0.000,0.04,1.00,1,0,0,0,0,0,1.84,-34.38,-3.27,0.3720,0.2860,0.4641,1,4.315,0,0.417,0,swing,swingLow,1.000,2,0.367 0.464 -0.279 0.447 0.792 0.694 -0.489 0.253 -0.524 -0.463,242.77,5.78,48.63,3.02,-114.62,90.27,328,688,280,772,0.459,0.458 0.683 0.241 -0.469,12.3,1,0.000,0.000,0.2719,0.59,,-1.000,0.0,0.0,0.0,,,39.1,-22.0,35.2
196,3.2667,swing,swingLow,239.360,2.725,48.271,-6.884,-5.924,-19.330,21.357,9.082,47.158,278.59,-26.82,97.92,50.85,0.182,1,,1,235.50,-11.80,48.20,242.518,5.700,48.145,-112.73,0.64,59.02,4.341,0.000,0.04,1.00,1,0,0,0,0,0,0.64,-34.38,-3.28,0.3719,0.2865,0.4646,1,4.341,0,0.416,0,swing,swingLow,1.000,2,0.370 0.461 -0.273 0.461 0.791 0.692 -0.495 0.240 -0.519 -0.472,242.65,5.74,48.39,1.84,-113.68,90.29,328,688,268,764,0.456,0.467 0.680 0.241 -0.469,12.3,1,0.000,0.000,0.2680,0.70,,-1.000,0.0,0.0,0.0,,,39.6,-21.9,35.9
197,3.2833,swing,swingLow,239.246,2.624,47.944,-6.824,-6.149,-19.681,21.719,9.186,46.831,278.59,-26.82,97.92,50.85,0.189,1,,1,235.50,-11.80,48.20,242.384,5.658,47.892,-111.77,-0.58,59.15,4.365,0.000,0.04,1.00,1,0,0,0,0,0,-0.58,-34.38,-3.30,0.3704,0.2869,0.4643,1,4.365,0,0.416,0,swing,swingLow,1.000,2,0.374 0.458 -0.267 0.473 0.790 0.689 -0.504 0.224 -0.514 -0.479,242.52,5.70,48.15,0.64,-112.73,90.35,328,688,260,756,0.452,0.475 0.677 0.238 -0.467,12.4,1,0.000,0.000,0.2649,0.82,,-1.000,0.0,0.0,0.0,,,40.1,-21.8,36.6
198,3.3000,swing,swingLow,239.133,2.519,47.612,-6.762,-6.381,-20.028,22.081,9.297,46.499,278.59,-26.82,97.92,50.85,0.196,1,,1,235.50,-11.80,48.20,242.245,5.612,47.632,-110.81,-1.80,59.40,4.388,0.000,0.04,1.00,1,0,0,0,0,0,-1.80,-34.38,-3.32,0.3678,0.2865,0.4637,1,4.388,0,0.415,0,swing,swingLow,1.000,2,0.377 0.455 -0.261 0.484 0.789 0.686 -0.512 0.206 -0.509 -0.486,242.38,5.66,47.89,-0.58,-111.77,90.51,328,684,256,752,0.449,0.481 0.673 0.233 -0.465,12.4,1,0.000,0.000,0.2629,0.93,,-1.000,0.0,0.0,0.0,,,40.7,-21.7,37.3
199,3.3167,swing,swingLow,239.021,2.410,47.274,-6.698,-6.620,-20.371,22.442,9.417,46.161,278.59,-26.82,97.92,50.85,0.203,1,,1,235.50,-11.80,48.20,242.102,5.563,47.365,-109.84,-3.03,59.75,4.409,0.000,0.04,1.00,1,0,0,0,0,0,-3.03,-34.38,-3.33,0.3640,0.2856,0.4624,1,4.409,0,0.414,0,swing,swingLow,1.000,2,0.380 0.452 -0.255 0.493 0.788 0.683 -0.523 0.184 -0.504 -0.490,242.24,5.61,47.63,-1.80,-110.81,90.79,328,680,252,748,0.445,0.486 0.670 0.224 -0.461,12.6,1,0.000,0.000,0.2618,1.05,,-1.000,0.0,0.0,0.0,,,41.2,-21.6,38.0
200,3.3333,swing,swingLow,238.910,2.298,46.930,-6.631,-6.865,-20.709,22.803,9.544,45.817,278.59,-26.82,97.92,50.85,0.211,1,,1,235.50,-11.80,48.20,241.955,5.510,47.091,-108.87,-4.26,60.21,4.429,0.000,0.04,1.00,1,0,0,0,0,0,-4.26,-34.38,-3.35,0.3657,0.2876,0.4730,1,4.429,0,0.413,0,swing,swingLow,1.000,2,0.385 0.448 -0.248 0.502 0.789 0.679 -0.533 0.163 -0.500 -0.493,242.10,5.56,47.36,-3.03,-109.84,91.20,328,676,252,744,0.441,0.491 0.664 0.216 -0.455,12.6,1,0.000,0.000,0.2675,1.16,,-1.000,0.0,0.0,0.0,,,41.8,-21.4,38.8
201,3.3500,swing,swingLow,238.800,2.181,46.580,-6.561,-7.117,-21.044,23.164,9.680,45.467,278.59,-26.82,97.92,50.85,0.218,1,,1,235.50,-11.80,48.20,241.806,5.451,46.810,-107.90,-5.48,60.76,4.448,0.000,0.03,1.00,1,0,0,0,0,0,-5.48,-34.38,-3.37,0.3605,0.2853,0.4720,1,4.448,0,0.413,0,swing,swingLow,1.000,2,0.388 0.445 -0.241 0.509 0.787 0.676 -0.546 0.136 -0.495 -0.496,241.96,5.51,47.09,-4.26,-108.87,91.73,340,688,260,756,0.437,0.494 0.661 0.202 -0.450,12.8,1,0.000,0.000,0.2687,1.28,,-1.000,0.0,0.0,0.0,,,42.3,-21.2,39.5
202,3.3667,swing,swingLow,238.691,2.060,46.225,-6.489,-7.377,-21.374,23.524,9.825,45.112,278.59,-26.82,97.92,50.85,0.225,1,,1,235.50,-11.80,48.20,241.655,5.387,46.523,-106.94,-6.69,61.39,4.465,0.000,0.03,1.00,1,0,0,0,0,0,-6.69,-34.38,-3.38,0.3555,0.2822,0.4707,1,4.465,0,0.412,0,swing,swingLow,1.000,2,0.390 0.442 -0.235 0.515 0.784 0.675 -0.559 0.108 -0.490 -0.500,241.81,5.45,46.81,-5.48,-107.90,92.36,340,684,268,756,0.435,0.495 0.659 0.186 -0.445,13.1,1,0.000,0.000,0.2704,1.39,,-1.000,0.0,0.0,0.0,,,42.8,-21.0,40.1
203,3.3833,swing,swingLow,238.584,1.934,45.865,-6.415,-7.643,-21.699,23.884,9.978,44.752,278.59,-26.82,97.92,50.85,0.233,1,,1,235.50,-11.80,48.20,241.503,5.316,46.228,-105.99,-7.89,62.09,4.482,0.000,0.03,1.00,1,0,0,0,0,0,-7.89,-34.38,-3.40,0.3489,0.2787,0.4690,1,4.482,0,0.411,0,swing,swingLow,1.000,2,0.394 0.438 -0.228 0.519 0.783 0.673 -0.573 0.077 -0.486 -0.501,241.66,5.39,46.52,-6.69,-106.94,93.08,340,680,272,760,0.431,0.495 0.656 0.167 -0.438,13.4,1,0.000,0.000,0.2730,1.51,,-1.000,0.0,0.0,0.0,,,43.3,-20.7,40.8
204,3.4000,swing,swingLow,238.478,1.804,45.499,-6.337,-7.916,-22.020,24.243,10.140,44.386,278.59,-26.82,97.92,50.85,0.240,1,,1,235.50,-11.80,48.20,241.350,5.239,45.926,-105.04,-9.08,62.84,4.498,0.000,0.03,1.00,1,0,0,0,0,0,-9.08,-34.38,-3.42,0.3422,0.2745,0.4672,1,4.498,0,0.410,0,swing,swingLow,1.000,2,0.397 0.435 -0.221 0.523 0.782 0.670 -0.586 0.047 -0.481 -0.502,241.50,5.32,46.23,-7.89,-105.99,93.87,340,676,284,760,0.427,0.495 0.652 0.148 -0.431,13.6,1,0.000,0.000,0.2761,1.62,,-1.000,0.0,0.0,0.0,,,43.8,-20.5,41.5
205,3.4167,swing,swingLow,238.373,1.669,45.128,-6.257,-8.197,-22.335,24.601,10.312,44.015,278.59,-26.82,97.92,50.85,0.248,1,,1,235.50,-11.80,48.20,241.196,5.156,45.617,-104.12,-10.24,63.64,4.513,0.000,0.03,1.00,1,0,0,0,0,0,-10.24,-34.38,-3.43,0.3349,0.2698,0.4652,1,4.513,0,0.409,0,swing,swingLow,1.000,2,0.400 0.431 -0.214 0.525 0.781 0.667 -0.601 0.014 -0.478 -0.501,241.35,5.24,45.93,-9.08,-105.04,94.72,344,668,292,764,0.423,0.493 0.649 0.125 -0.421,13.9,1,0.000,0.000,0.2796,1.73,,-1.000,0.0,0.0,0.0,,,44.3,-20.1,42.2
206,3.4333,swing,swingLow,238.270,1.530,44.751,-6.174,-8.484,-22.646,24.958,10.493,43.638,278.59,-26.82,97.92,50.85,0.255,1,,1,235.50,-11.80,48.20,241.044,5.066,45.302,-103.21,-11.36,64.46,4.528,0.000,0.03,1.00,1,0,0,0,0,0,-11.36,-34.38,-3.45,0.3279,0.2646,0.4634,1,4.528,0,0.408,0,swing,swingLow,1.000,2,0.403 0.428 -0.207 0.527 0.780 0.665 -0.615 -0.017 -0.473 -0.500,241.20,5.16,45.62,-10.24,-104.12,95.61,344,664,304,768,0.420,0.491 0.645 0.102 -0.412,14.2,1,0.000,0.000,0.2835,1.83,,-1.000,0.0,0.0,0.0,,,44.9,-19.8,42.9
207,3.4500,swing,swingLow,238.168,1.386,44.370,-6.089,-8.778,-22.950,25.315,10.683,43.257,278.59,-26.82,97.92,50.85,0.263,1,,1,235.50,-11.80,48.20,240.893,4.968,44.979,-102.33,-12.42,65.25,4.542,0.000,0.03,1.00,1,0,0,0,0,0,-12.42,-34.38,-3.47,0.3208,0.2591,0.4617,1,4.542,0,0.407,0,swing,swingLow,1.000,2,0.406 0.424 -0.200 0.527 0.778 0.663 -0.629 -0.050 -0.469 -0.498,241.04,5.07,45.30,-11.36,-103.21,96.52,344,656,320,768,0.416,0.486 0.642 0.076 -0.400,14.5,1,0.000,0.000,0.2875,1.94,,-1.000,0.0,0.0,0.0,,,45.4,-19.4,43.5
208,3.4667,swing,swingLow,238.067,1.237,43.983,-6.000,-9.080,-23.250,25.671,10.883,42.870,278.59,-26.82,97.92,50.85,0.271,1,,1,235.50,-11.80,48.20,240.743,4.864,44.649,-101.47,-13.43,66.00,4.557,0.000,0.03,1.00,1,0,0,0,0,0,-13.43,-34.38,-3.48,0.3144,0.2536,0.4605,1,4.557,0,0.406,0,swing,swingLow,1.000,2,0.409 0.421 -0.193 0.527 0.777 0.662 -0.642 -0.081 -0.465 -0.496,240.89,4.97,44.98,-12.42,-102.33,97.39,344,652,332,772,0.413,0.482 0.639 0.051 -0.390,14.9,1,0.000,0.000,0.2915,2.04,,-1.000,0.0,0.0,0.0,,,45.8,-18.9,44.2
209,3.4833,swing,swingLow,237.968,1.082,43.592,-5.908,-9.389,-23.543,26.025,11.093,42.479,278.59,-26.82,97.92,50.85,0.279,1,,1,235.50,-11.80,48.20,240.595,4.753,44.313,-100.78,-14.38,66.62,4.571,0.000,0.03,1.00,1,0,0,0,0,0,-14.38,-34.38,-3.50,0.3085,0.2477,0.4588,1,4.571,0,0.405,0,swing,swingLow,1.000,2,0.412 0.418 -0.185 0.525 0.776 0.660 -0.655 -0.110 -0.462 -0.493,240.74,4.86,44.65,-13.43,-101.47,98.21,348,648,348,776,0.409,0.475 0.636 0.025 -0.377,15.2,1,0.000,0.000,0.2966,2.13,,-1.000,0.0,0.0,0.0,,,46.3,-18.4,44.8
210,3.5000,swing,swingLow,237.870,0.923,43.196,-5.814,-9.705,-23.830,26.379,11.313,42.083,278.59,-26.82,97.92,50.85,0.287,1,,1,235.50,-11.80,48.20,240.450,4.634,43.970,-100.36,-15.28,67.06,4.586,0.000,0.02,1.00,1,0,0,0,0,0,-15.28,-34.38,-3.52,0.3034,0.2416,0.4567,1,4.586,0,0.404,0,swing,swingLow,1.000,2,0.414 0.414 -0.176 0.524 0.774 0.657 -0.669 -0.136 -0.460 -0.489,240.60,4.75,44.31,-14.38,-100.78,98.87,348,644,360,780,0.406,0.468 0.634 -0.000 -0.365,15.5,1,0.000,0.000,0.3033,2.23,,-1.000,0.0,0.0,0.0,,,46.8,-17.9,45.4
211,3.5167,swing,swingLow,237.774,0.758,42.795,-5.716,-10.027,-24.111,26.731,11.542,41.682,278.59,-26.82,97.92,50.85,0.295,1,,1,235.50,-11.80,48.20,240.308,4.509,43.621,-100.16,-16.13,67.35,4.601,0.000,0.02,1.00,1,0,0,0,0,0,-16.13,-34.38,-3.53,0.2985,0.2353,0.4542,1,4.601,0,0.403,0,swing,swingLow,1.000,2,0.417 0.410 -0.165 0.521 0.774 0.654 -0.682 -0.159 -0.460 -0.485,240.45,4.63,43.97,-15.28,-100.36,99.34,348,636,380,788,0.403,0.459 0.632 -0.026 -0.353,15.8,1,0.000,0.000,0.3114,2.32,,-1.000,0.0,0.0,0.0,,,47.2,-17.3,45.9
212,3.5333,swing,swingLow,237.682,0.587,42.389,-5.475,-10.430,-24.386,27.082,11.780,41.276,278.59,-26.82,97.92,50.85,0.304,1,,1,235.50,-29.84,48.20,240.168,4.376,43.265,-100.12,-16.92,67.53,4.616,0.000,0.02,1.00,1,0,0,0,0,0,-16.92,-34.38,-3.55,0.2936,0.2294,0.4518,1,4.616,0,0.402,0,swing,swingLow,1.000,2,0.420 0.405 -0.153 0.519 0.774 0.649 -0.695 -0.177 -0.462 -0.479,240.31,4.51,43.62,-16.13,-100.16,99.66,348,632,404,796,0.399,0.451 0.628 -0.047 -0.340,16.3,1,0.000,0.000,0.3205,2.40,,-1.000,0.0,0.0,0.0,,,47.7,-16.1,46.7
213,3.5500,swing,swingLow,237.593,0.409,41.979,-5.241,-10.826,-24.654,27.432,12.028,40.866,278.59,-26.82,97.92,50.85,0.312,1,,1,235.50,-29.84,48.20,240.033,4.236,42.902,-100.19,-17.68,67.61,4.632,0.000,0.02,1.00,1,0,0,0,0,0,-17.68,-34.38,-3.57,0.2885,0.2240,0.4495,1,4.632,0,0.400,0,swing,swingLow,1.000,2,0.424 0.399 -0.138 0.516 0.776 0.642 -0.707 -0.190 -0.466 -0.472,240.17,4.38,43.26,-16.92,-100.12,99.84,348,628,424,808,0.394,0.442 0.624 -0.067 -0.326,16.8,1,0.000,0.000,0.3303,2.49,,-1.000,0.0,0.0,0.0,,,48.3,-15.0,47.4
214,3.5667,swing,swingLow,237.509,0.224,41.564,-5.010,-11.219,-24.915,27.780,12.286,40.451,278.59,-26.82,97.92,50.85,0.320,1,,1,235.50,-29.84,48.20,239.901,4.089,42.534,-100.36,-18.39,67.62,4.648,0.000,0.02,1.00,1,0,0,0,0,0,-18.39,-34.38,-3.58,0.2803,0.2171,0.4476,1,4.648,0,0.399,0,swing,swingLow,1.000,2,0.436 0.385 -0.096 0.517 0.782 0.624 -0.730 -0.204 -0.469 -0.461,240.03,4.24,42.90,-17.68,-100.19,99.93,352,620,452,824,0.381,0.432 0.608 -0.103 -0.310,18.0,1,0.000,0.000,0.3418,2.57,,-1.000,0.0,0.0,0.0,,,50.0,-14.5,49.3
215,3.5833,swing,swingLow,237.428,0.033,41.145,-4.780,-11.609,-25.169,28.126,12.555,40.149,278.59,-26.82,97.92,50.85,0.329,1,,1,235.50,-29.84,48.20,239.774,3.934,42.159,-100.59,-19.06,67.57,4.664,0.000,0.02,1.00,1,0,0,0,0,0,-19.06,-34.38,-3.60,0.2733,0.2104,0.4458,1,4.664,0,0.398,0,swing,swingCornerBank,1.000,2,0.446 0.371 -0.055 0.519 0.787 0.609 -0.742 -0.207 -0.471 -0.451,239.90,4.09,42.53,-18.39,-100.36,99.94,352,616,480,840,0.369,0.422 0.594 -0.129 -0.297,19.1,1,0.000,0.000,0.3533,2.64,,-1.000,0.0,0.0,0.0,,,51.5,-13.7,50.9
216,3.6000,swing,swingLow,237.351,-0.164,40.722,-4.517,-12.011,-25.415,28.471,12.832,39.609,278.59,-26.82,97.92,50.85,0.338,1,,1,235.50,-29.84,48.20,239.653,3.772,41.779,-100.88,-19.70,67.47,4.681,0.000,0.02,1.00,1,0,0,0,0,0,-19.70,-34.38,-3.62,0.2674,0.2042,0.4440,1,4.681,0,0.397,0,swing,swingCornerBank,1.000,2,0.454 0.359 -0.016 0.522 0.789 0.594 -0.747 -0.201 -0.474 -0.443,239.77,3.93,42.16,-19.06,-100.59,99.89,356,608,508,856,0.358,0.416 0.582 -0.147 -0.287,20.2,1,0.000,0.000,0.3646,2.71,,-1.000,0.0,0.0,0.0,,,52.8,-12.6,52.4
217,3.6167,swing,swingLow,237.278,-0.368,40.295,-4.257,-12.410,-25.655,28.815,13.120,39.182,278.59,-26.82,97.92,50.85,0.346,1,,1,235.50,-29.84,48.20,239.536,3.602,41.393,-101.20,-20.30,67.35,4.698,0.000,0.02,1.00,1,0,0,0,0,0,-20.30,-34.38,-3.63,0.2624,0.1986,0.4423,1,4.698,0,0.396,0,swing,swingCornerBank,1.000,2,0.461 0.348 0.019 0.525 0.791 0.582 -0.747 -0.190 -0.476 -0.437,239.65,3.77,41.78,-19.70,-100.88,99.79,356,604,536,872,0.348,0.411 0.572 -0.158 -0.279,21.1,1,0.000,0.000,0.3755,2.77,,-1.000,0.0,0.0,0.0,,,53.9,-11.3,53.6
218,3.6333,swing,swingLow,237.210,-0.579,39.865,-4.000,-12.808,-25.886,29.157,13.418,38.752,278.59,-26.82,97.92,50.85,0.355,1,,1,235.50,-38.86,48.20,239.425,3.425,41.001,-101.54,-20.86,67.20,4.715,0.000,0.02,1.00,1,0,0,0,0,0,-20.86,-34.38,-3.65,0.2582,0.1938,0.4407,1,4.715,0,0.395,0,swing,swingCornerBank,1.000,2,0.466 0.338 0.051 0.528 0.791 0.571 -0.742 -0.176 -0.477 -0.432,239.54,3.60,41.39,-20.30,-101.20,99.65,356,600,560,888,0.340,0.408 0.564 -0.165 -0.273,22.0,1,0.000,0.000,0.3859,2.83,,-1.000,0.0,0.0,0.0,,,54.8,-10.0,54.6
219,3.6500,swing,swingLow,237.146,-0.797,39.430,-3.746,-13.205,-26.109,29.497,13.726,38.317,278.59,-26.82,97.92,50.85,0.364,1,,1,235.50,-38.86,48.20,239.320,3.241,40.604,-101.90,-21.40,67.04,4.733,0.000,0.02,1.00,1,0,0,0,0,0,-21.40,-34.38,-3.67,0.2547,0.1896,0.4391,1,4.733,0,0.394,0,swing,swingCornerBank,1.000,2,0.470 0.329 0.080 0.531 0.791 0.561 -0.735 -0.160 -0.479 -0.428,239.43,3.43,41.00,-20.86,-101.54,99.50,356,596,584,904,0.333,0.406 0.557 -0.168 -0.268,22.8,1,0.000,0.000,0.3957,2.89,,-1.000,0.0,0.0,0.0,,,55.6,-8.5,55.5
220,3.6667,swing,swingLow,237.087,-1.021,38.992,-3.464,-13.609,-26.324,29.835,14.043,37.879,278.59,-26.82,97.92,50.85,0.373,1,,1,235.50,-47.88,48.20,239.220,3.049,40.202,-102.25,-21.90,66.87,4.752,0.001,0.02,1.00,1,0,0,0,0,0,-21.90,-34.38,-3.68,0.2518,0.1860,0.4375,1,4.752,0,0.393,0,swing,swingCornerBank,1.000,2,0.474 0.321 0.106 0.535 0.790 0.552 -0.726 -0.144 -0.480 -0.425,239.32,3.24,40.60,-21.40,-101.90,99.32,356,592,604,920,0.328,0.405 0.552 -0.169 -0.265,23.4,1,0.000,0.000,0.4050,2.94,,-1.000,0.0,0.0,0.0,,,56.2,-6.9,56.2
221,3.6833,swing,swingLow,237.032,-1.252,38.550,-3.184,-14.012,-26.530,30.172,14.369,37.437,278.59,-26.82,97.92,50.85,0.382,1,,1,235.50,-56.90,48.20,239.124,2.845,39.794,-102.60,-22.01,66.70,4.765,0.001,0.02,1.00,1,0,0,0,0,0,-22.01,-34.38,-3.70,0.2494,0.1833,0.4412,1,4.765,0,0.392,0,swing,swingCornerBank,1.000,2,0.476 0.315 0.128 0.536 0.789 0.546 -0.717 -0.130 -0.481 -0.421,239.22,3.05,40.20,-21.90,-102.25,99.14,356,592,624,936,0.323,0.405 0.548 -0.169 -0.263,24.0,1,0.000,0.000,0.4139,2.98,,-1.000,0.0,0.0,0.0,,,56.7,-5.2,56.7
222,3.7000,swing,swingLow,236.982,-1.489,38.105,-2.908,-14.415,-26.728,30.506,14.705,36.992,278.59,-26.82,97.92,50.85,0.391,1,,0,0.00,0.00,0.00,239.032,2.629,39.382,-102.93,-22.03,66.53,4.774,0.001,0.01,1.00,1,0,0,0,0,0,-22.03,-34.38,-3.72,0.2477,0.1810,0.4461,1,4.774,0,0.391,0,swing,swingCornerBank,1.000,2,0.478 0.310 0.148 0.537 0.787 0.541 -0.707 -0.117 -0.482 -0.417,239.12,2.85,39.79,-22.01,-102.60,98.96,360,592,640,948,0.320,0.406 0.545 -0.168 -0.261,24.5,1,0.000,0.000,0.4225,3.02,,-1.000,0.0,0.0,0.0,,,57.1,-3.6,57.1
223,3.7167,swing,swingLow,236.937,-1.733,37.656,-2.633,-14.818,-26.917,30.839,15.050,36.543,278.59,-26.82,97.92,50.85,0.401,1,,0,0.00,0.00,0.00,238.945,2.405,38.965,-103.25,-22.04,66.37,4.783,0.002,0.01,1.00,1,0,0,0,0,0,-22.04,-34.38,-3.73,0.2464,0.1794,0.4508,1,4.783,0,0.390,0,swing,swingCornerBank,1.000,2,0.479 0.305 0.166 0.539 0.785 0.537 -0.698 -0.105 -0.482 -0.414,239.03,2.63,39.38,-22.03,-102.93,98.78,368,596,656,964,0.317,0.407 0.543 -0.167 -0.261,24.9,1,0.000,0.000,0.4304,3.06,,-1.000,0.0,0.0,0.0,,,57.5,-2.0,57.4
224,3.7333,swing,swingLow,236.896,-1.984,37.205,-2.337,-15.226,-27.097,31.169,15.404,36.092,278.59,-26.82,97.92,50.85,0.410,1,,0,0.00,0.00,0.00,238.863,2.174,38.543,-103.54,-22.05,66.21,4.791,0.003,0.01,1.00,1,0,0,0,0,0,-22.05,-34.38,-3.75,0.2454,0.1782,0.4552,1,4.791,0,0.389,0,swing,swingCornerBank,1.000,2,0.480 0.302 0.181 0.540 0.782 0.535 -0.689 -0.097 -0.482 -0.412,238.94,2.41,38.96,-22.04,-103.25,98.60,372,600,672,976,0.315,0.409 0.542 -0.166 -0.261,25.3,1,0.000,0.000,0.4377,3.09,,-1.000,0.0,0.0,0.0,,,57.6,-0.3,57.6
225,3.7500,swing,swingLow,236.860,-2.242,36.750,-2.044,-15.634,-27.267,31.498,15.767,35.637,278.59,-26.82,97.92,50.85,0.419,1,,0,0.00,0.00,0.00,238.788,1.935,38.117,-103.81,-22.06,66.07,4.799,0.005,0.01,1.00,1,0,0,0,0,0,-22.06,-34.38,-3.77,0.2449,0.1771,0.4594,1,4.799,0,0.389,0,swing,swingCornerBank,1.000,2,0.479 0.300 0.191 0.541 0.780 0.533 -0.683 -0.091 -0.482 -0.411,238.86,2.17,38.54,-22.05,-103.54,98.43,380,604,688,992,0.315,0.410 0.543 -0.167 -0.262,25.5,1,0.000,0.000,0.4446,3.11,,-1.000,0.0,0.0,0.0,,,57.7,1.2,57.7
226,3.7667,swing,swingLow,236.829,-2.507,36.293,-1.753,-16.044,-27.428,31.824,16.139,35.180,278.59,-26.82,97.92,50.85,0.429,1,,0,0.00,0.00,0.00,238.718,1.688,37.687,-104.05,-22.07,65.93,4.807,0.006,0.01,1.00,1,0,0,0,0,0,-22.07,-34.38,-3.78,0.2445,0.1760,0.4634,1,4.807,0,0.388,0,swing,swingCornerBank,1.000,2,0.479 0.298 0.203 0.543 0.777 0.531 -0.675 -0.084 -0.481 -0.410,238.79,1.93,38.12,-22.06,-103.81,98.27,384,608,704,1004,0.314,0.413 0.544 -0.166 -0.263,25.7,1,0.000,0.000,0.4512,3.13,,-1.000,0.0,0.0,0.0,,,57.7,2.7,57.7
227,3.7833,swing,swingLow,236.803,-2.778,35.834,-1.463,-16.454,-27.579,32.148,16.519,34.721,278.59,-26.82,97.92,50.85,0.438,1,,0,0.00,0.00,0.00,238.654,1.433,37.253,-104.27,-22.07,65.81,4.814,0.009,0.01,1.00,1,0,0,0,0,0,-22.07,-34.38,-3.80,0.2444,0.1749,0.4671,1,4.814,0,0.387,0,swing,swingCornerBank,1.000,2,0.478 0.297 0.211 0.544 0.773 0.531 -0.670 -0.081 -0.479 -0.410,238.72,1.69,37.69,-22.07,-104.05,98.13,388,616,716,1016,0.315,0.415 0.546 -0.167 -0.265,25.8,1,0.000,0.000,0.4574,3.15,,-1.000,0.0,0.0,0.0,,,57.7,4.1,57.6
228,3.8000,swing,swingLow,236.778,-3.056,35.372,-1.509,-16.842,-27.720,32.470,16.909,34.259,278.59,-26.82,97.92,50.85,0.447,1,,0,0.00,0.00,0.00,238.595,1.170,36.815,-104.50,-22.07,65.71,4.821,0.011,0.01,1.00,1,0,0,0,0,0,-22.07,-34.38,-3.82,0.2464,0.1736,0.4691,1,4.821,0,0.386,0,swing,swingCornerBank,1.000,2,0.474 0.302 0.212 0.547 0.766 0.539 -0.665 -0.086 -0.474 -0.413,238.65,1.43,37.25,-22.07,-104.27,98.00,392,616,728,1028,0.320,0.417 0.554 -0.174 -0.269,25.3,1,0.000,0.000,0.4624,3.17,,-1.000,0.0,0.0,0.0,,,57.1,4.3,57.0
229,3.8167,swing,swingLow,236.752,-3.340,34.907,-1.533,-17.238,-27.850,32.789,17.307,33.794,278.59,-26.82,97.92,50.85,0.457,1,,0,0.00,0.00,0.00,238.539,0.898,36.374,-104.75,-22.07,65.61,4.828,0.014,0.01,1.00,1,0,0,0,0,0,-22.07,-34.38,-3.83,0.2495,0.1723,0.4699,1,4.828,0,0.385,0,swing,swingCornerBank,1.000,2,0.469 0.309 0.208 0.549 0.756 0.552 -0.662 -0.097 -0.467 -0.418,238.59,1.17,36.82,-22.07,-104.50,97.88,392,620,740,1032,0.327,0.420 0.567 -0.186 -0.275,24.3,1,0.000,0.000,0.4665,3.18,,-1.000,0.0,0.0,0.0,,,56.2,4.9,56.1
230,3.8333,swing,swingLow,236.726,-3.632,34.441,-1.539,-17.645,-27.970,33.107,17.712,33.328,278.59,-26.82,97.92,50.85,0.467,1,,0,0.00,0.00,0.00,238.487,0.618,35.929,-105.01,-22.07,65.54,4.835,0.017,0.01,1.00,1,0,0,0,0,0,-22.07,-34.38,-3.85,0.2574,0.1739,0.4684,1,4.835,0,0.385,0,swing,swingCornerBank,1.000,2,0.450 0.335 0.153 0.530 0.742 0.583 -0.672 -0.153 -0.472 -0.424,238.54,0.90,36.37,-22.07,-104.75,97.78,388,624,744,1040,0.355,0.395 0.606 -0.218 -0.267,21.6,1,0.000,0.000,0.4686,3.19,,-1.000,0.0,0.0,0.0,,,53.0,4.7,52.9
231,3.8500,swing,swingLow,236.699,-3.930,33.973,-1.527,-18.060,-28.080,33.421,18.125,32.860,278.59,-26.82,97.92,50.85,0.476,1,,0,0.00,0.00,0.00,238.437,0.329,35.481,-105.26,-22.07,65.47,4.841,0.021,0.00,1.00,1,0,0,0,0,0,-22.07,-34.38,-3.87,0.2641,0.1752,0.4665,1,4.841,0,0.384,0,swing,swingCornerBank,1.000,2,0.431 0.357 0.101 0.504 0.727 0.611 -0.680 -0.198 -0.479 -0.428,238.49,0.62,35.93,-22.07,-105.01,97.70,384,628,744,1048,0.380,0.367 0.642 -0.239 -0.257,19.2,1,0.000,0.000,0.4704,3.20,,-1.000,0.0,0.0,0.0,,,50.0,4.5,49.9
232,3.8667,swing,swingLow,236.674,-4.235,33.503,-1.498,-18.484,-28.178,33.733,18.545,32.390,278.59,-26.82,97.92,50.85,0.486,1,,0,0.00,0.00,0.00,238.389,0.033,35.031,-105.50,-22.07,65.42,4.847,0.025,0.00,1.00,1,0,0,0,0,0,-22.07,-34.38,-3.88,0.2694,0.1759,0.4647,1,4.847,0,0.383,0,swing,swingLow,1.000,2,0.413 0.376 0.057 0.477 0.713 0.635 -0.683 -0.231 -0.486 -0.429,238.44,0.33,35.48,-22.07,-105.26,97.63,380,628,748,1052,0.401,0.340 0.673 -0.248 -0.247,17.2,1,0.000,0.000,0.4721,3.21,,-1.000,0.0,0.0,0.0,,,47.4,4.5,47.4
233,3.8833,swing,swingLow,236.649,-4.547,33.031,-1.453,-18.916,-28.265,34.042,18.972,31.918,278.59,-26.82,97.92,50.85,0.496,1,,0,0.00,0.00,0.00,238.343,-0.270,34.577,-105.71,-22.07,65.39,4.853,0.030,0.00,1.00,1,0,0,0,0,0,-22.07,-34.38,-3.90,0.2736,0.1762,0.4633,1,4.853,0,0.383,0,swing,swingLow,1.000,2,0.397 0.391 0.020 0.453 0.700 0.655 -0.684 -0.253 -0.491 -0.430,238.39,0.03,35.03,-22.07,-105.50,97.58,376,628,752,1056,0.417,0.317 0.698 -0.249 -0.239,15.5,1,0.000,0.000,0.4738,3.22,,-1.000,0.0,0.0,0.0,,,45.3,4.5,45.2
234,3.9000,swing,swingLow,236.625,-4.866,32.558,-1.394,-19.355,-28.341,34.348,19.405,31.445,278.59,-26.82,97.92,50.85,0.506,1,,0,0.00,0.00,0.00,238.298,-0.582,34.121,-105.89,-22.07,65.37,4.858,0.035,0.00,1.00,1,0,0,0,0,0,-22.07,-34.38,-3.92,0.2770,0.1762,0.4624,1,4.858,0,0.382,0,swing,swingLow,1.000,2,0.383 0.402 -0.009 0.432 0.688 0.670 -0.683 -0.267 -0.495 -0.432,238.34,-0.27,34.58,-22.07,-105.71,97.54,372,628,756,1060,0.430,0.298 0.719 -0.246 -0.234,14.2,1,0.000,0.000,0.4757,3.23,,-1.000,0.0,0.0,0.0,,,43.5,4.6,43.4
235,3.9167,swing,swingLow,236.602,-5.193,32.084,-1.322,-19.801,-28.405,34.651,19.846,30.971,278.59,-26.82,97.92,50.85,0.515,1,,0,0.00,0.00,0.00,238.255,-0.900,33.663,-106.05,-22.06,65.36,4.863,0.041,-0.00,1.00,1,0,0,0,0,0,-22.06,-34.36,-3.93,0.2799,0.1760,0.4620,1,4.863,0,0.381,0,swing,swingLow,1.000,2,0.371 0.411 -0.033 0.416 0.678 0.682 -0.681 -0.276 -0.499 -0.435,238.30,-0.58,34.12,-22.07,-105.89,97.51,372,628,760,1064,0.440,0.284 0.735 -0.240 -0.233,13.2,1,0.000,0.000,0.4775,3.24,,-1.000,0.0,0.0,0.0,,,42.0,4.6,41.9
236,3.9333,swing,swingLow,236.580,-5.528,31.609,-1.237,-20.254,-28.457,34.951,20.292,30.496,278.59,-26.82,97.92,50.85,0.525,1,,0,0.00,0.00,0.00,238.213,-1.227,33.202,-106.18,-22.06,65.36,4.868,0.048,-0.00,1.00,1,0,0,0,0,0,-22.06,-34.32,-3.95,0.2823,0.1757,0.4621,1,4.868,0,0.381,0,swing,swingLow,1.000,2,0.362 0.418 -0.052 0.404 0.670 0.690 -0.679 -0.282 -0.501 -0.440,238.25,-0.90,33.66,-22.06,-106.05,97.50,368,632,764,1068,0.448,0.275 0.747 -0.234 -0.235,12.5,1,0.000,0.000,0.4795,3.26,,-1.000,0.0,0.0,0.0,,,40.9,4.7,40.8
237,3.9500,swing,swingLow,236.560,-5.870,31.133,-1.141,-20.713,-28.498,35.248,20.744,29.112,278.59,-26.82,97.92,50.85,0.535,1,,0,0.00,0.00,0.00,238.172,-1.561,32.740,-106.28,-22.06,65.37,4.872,0.054,-0.00,1.00,1,0,0,0,0,0,-22.06,-34.22,-3.97,0.2844,0.1754,0.4627,1,4.872,0,0.380,0,swing,swingLow,1.000,2,0.354 0.423 -0.068 0.396 0.664 0.697 -0.677 -0.285 -0.503 -0.447,238.21,-1.23,33.20,-22.06,-106.18,97.51,368,632,768,1068,0.454,0.270 0.756 -0.227 -0.242,11.9,1,0.000,0.000,0.4814,3.27,,-1.000,0.0,0.0,0.0,,,40.0,4.8,39.9
238,3.9667,swing,swingLow,236.542,-6.219,30.657,-1.033,-21.176,-28.526,35.542,21.202,28.636,278.59,-26.82,97.92,50.85,0.545,1,,0,0.00,0.00,0.00,238.133,-1.903,32.276,-106.34,-22.06,65.40,4.877,0.062,-0.01,1.00,1,0,0,0,0,0,-22.06,-34.05,-3.98,0.2863,0.1750,0.4636,1,4.877,0,0.380,0,swing,swingLow,1.000,2,0.349 0.427 -0.079 0.391 0.659 0.701 -0.675 -0.288 -0.503 -0.456,238.17,-1.56,32.74,-22.06,-106.28,97.52,368,636,772,1072,0.459,0.267 0.763 -0.222 -0.250,11.5,1,0.000,0.000,0.4834,3.28,,-1.000,0.0,0.0,0.0,,,39.3,4.9,39.2
239,3.9833,swing,swingLow,236.526,-6.577,30.181,-0.915,-21.645,-28.542,35.833,21.665,29.068,278.59,-26.82,97.92,50.85,0.555,1,,0,0.00,0.00,0.00,238.096,-2.253,31.811,-106.39,-22.05,65.43,4.880,0.070,-0.01,1.00,1,0,0,0,0,0,-22.05,-33.84,-4.00,0.2880,0.1747,0.4649,1,4.880,0,0.379,0,swing,swingLow,1.000,2,0.344 0.430 -0.089 0.390 0.656 0.703 -0.674 -0.290 -0.503 -0.465,238.13,-1.90,32.28,-22.06,-106.34,97.55,368,640,776,1076,0.462,0.267 0.768 -0.218 -0.262,11.2,1,0.000,0.000,0.4853,3.28,,-1.000,0.0,0.0,0.0,,,38.8,4.9,38.7
240,4.0000,swing,swingLow,236.512,-6.942,29.704,-0.788,-22.118,-28.546,36.121,22.132,28.591,278.59,-26.82,97.92,50.85,0.565,1,,0,0.00,0.00,0.00,238.060,-2.611,31.344,-106.40,-22.05,65.48,4.884,0.078,-0.01,1.00,1,0,0,0,0,0,-22.05,-33.60,-4.02,0.2895,0.1743,0.4664,1,4.884,0,0.379,0,swing,swingLow,1.000,2,0.341 0.431 -0.096 0.390 0.653 0.704 -0.673 -0.293 -0.502 -0.475,238.10,-2.25,31.81,-22.05,-106.39,97.59,368,640,780,1080,0.464,0.269 0.771 -0.215 -0.275,11.0,1,0.000,0.000,0.4872,3.29,,-1.000,0.0,0.0,0.0,,,38.5,5.0,38.3
241,4.0167,swing,swingLow,236.500,-7.315,29.227,-0.651,-22.596,-28.536,36.405,22.605,28.114,278.59,-26.82,97.92,50.85,0.574,1,,0,0.00,0.00,0.00,238.027,-2.976,30.877,-106.39,-22.05,65.53,4.887,0.087,-0.01,1.00,1,0,0,0,0,0,-22.05,-33.33,-4.03,0.2908,0.1740,0.4680,1,4.887,0,0.378,0,swing,swingLow,1.000,2,0.339 0.432 -0.102 0.392 0.652 0.704 -0.673 -0.295 -0.500 -0.486,238.06,-2.61,31.34,-22.05,-106.40,97.64,368,644,784,1084,0.466,0.273 0.772 -0.213 -0.289,10.8,1,0.000,0.000,0.4890,3.29,,-1.000,0.0,0.0,0.0,,,38.2,5.1,38.0
242,4.0333,swing,swingLow,236.490,-7.697,28.751,-0.506,-23.076,-28.514,36.686,23.082,27.638,278.59,-26.82,97.92,50.85,0.584,1,,0,0.00,0.00,0.00,237.996,-3.350,30.409,-106.36,-22.04,65.59,4.890,0.097,-0.01,1.00,1,0,0,0,0,0,-22.04,-33.03,-4.05,0.2919,0.1737,0.4697,1,4.890,0,0.378,0,swing,swingLow,1.000,2,0.337 0.432 -0.106 0.396 0.651 0.703 -0.672 -0.297 -0.497 -0.496,238.03,-2.98,30.88,-22.05,-106.39,97.69,372,644,788,1088,0.467,0.278 0.773 -0.213 -0.305,10.7,1,0.001,0.000,0.4908,3.28,,-1.000,0.0,0.0,0.0,,,38.0,5.1,37.9
243,4.0500,swing,swingLow,236.483,-8.086,28.275,-0.352,-23.560,-28.479,36.963,23.562,27.162,278.59,-26.82,97.92,50.85,0.594,1,,0,0.00,0.00,0.00,237.968,-3.732,29.940,-106.31,-22.04,65.66,4.892,0.107,-0.01,1.00,1,0,0,0,0,0,-22.04,-32.70,-4.07,0.2927,0.1735,0.4714,1,4.892,0,0.377,0,swing,swingLow,1.000,2,0.336 0.432 -0.109 0.401 0.650 0.702 -0.673 -0.300 -0.494 -0.507,238.00,-3.35,30.41,-22.04,-106.36,97.76,372,648,792,1088,0.467,0.284 0.773 -0.214 -0.320,10.7,1,0.013,0.000,0.4925,3.27,,-1.000,0.0,0.0,0.0,,,38.0,5.2,37.8
244,4.0667,swing,swingLow,236.479,-8.483,27.799,-0.192,-24.046,-28.431,37.237,24.047,26.686,278.59,-26.82,97.92,50.85,0.604,1,,0,0.00,0.00,0.00,237.942,-4.122,29.471,-106.24,-22.04,65.74,4.894,0.117,-0.01,1.00,1,0,0,0,0,0,-22.04,-32.34,-4.08,0.2933,0.1732,0.4730,1,4.894,0,0.377,0,swing,swingLow,1.000,2,0.336 0.432 -0.111 0.407 0.650 0.700 -0.673 -0.303 -0.490 -0.517,237.97,-3.73,29.94,-22.04,-106.31,97.84,372,652,796,1092,0.468,0.291 0.773 -0.217 -0.336,10.7,1,0.040,0.000,0.4942,3.25,,-1.000,0.0,0.0,0.0,,,37.9,5.3,37.7
245,4.0833,swing,swingLow,236.477,-8.889,27.325,-0.024,-24.534,-28.370,37.507,24.534,26.212,278.59,-26.82,97.92,50.85,0.614,1,,0,0.00,0.00,0.00,237.918,-4.520,29.002,-106.15,-22.04,65.82,4.896,0.128,-0.02,1.00,1,0,0,0,0,0,-22.04,-31.94,-4.10,0.2937,0.1729,0.4746,1,4.896,0,0.376,0,swing,swingLow,1.000,2,0.336 0.431 -0.112 0.413 0.651 0.698 -0.674 -0.306 -0.485 -0.526,237.94,-4.12,29.47,-22.04,-106.24,97.92,372,652,800,1096,0.468,0.299 0.772 -0.221 -0.351,10.7,1,0.081,0.000,0.4958,3.22,,-1.000,0.0,0.0,0.0,,,37.9,5.3,37.7
246,4.1000,swing,swingLow,236.479,-9.302,26.852,0.192,-24.998,-28.286,37.749,24.999,25.739,278.59,-26.82,97.92,50.85,0.623,1,,0,0.00,0.00,0.00,237.898,-4.927,28.534,-106.05,-22.03,65.91,4.898,0.139,-0.02,1.00,1,0,0,0,0,0,-22.03,-31.52,-4.12,0.2936,0.1727,0.4762,1,4.898,0,0.376,0,swing,swingLow,1.000,2,0.337 0.429 -0.111 0.421 0.652 0.695 -0.675 -0.309 -0.481 -0.534,237.92,-4.52,29.00,-22.04,-106.15,98.01,376,656,804,1100,0.467,0.307 0.770 -0.225 -0.366,10.8,1,0.127,0.000,0.4974,3.19,,-1.000,0.0,0.0,0.0,,,38.0,5.5,37.8
247,4.1167,swing,swingLow,236.484,-9.723,26.381,0.414,-25.463,-28.188,37.988,25.466,25.268,278.59,-26.82,97.92,50.85,0.633,1,,0,0.00,0.00,0.00,237.881,-5.341,28.066,-105.92,-22.03,66.00,4.899,0.151,-0.02,1.00,1,0,0,0,0,0,-22.03,-31.07,-4.13,0.2932,0.1726,0.4778,1,4.899,0,0.376,0,swing,swingLow,1.000,2,0.339 0.428 -0.110 0.428 0.653 0.691 -0.676 -0.312 -0.476 -0.541,237.90,-4.93,28.53,-22.03,-106.05,98.10,376,656,804,1100,0.466,0.316 0.767 -0.230 -0.379,11.0,1,0.173,0.000,0.4991,3.15,,-1.000,0.0,0.0,0.0,,,38.2,5.5,38.0
248,4.1333,swing,swingLow,236.493,-10.152,25.911,0.644,-25.927,-28.078,38.223,25.935,24.798,278.59,-26.82,97.92,50.85,0.643,1,,0,0.00,0.00,0.00,237.868,-5.762,27.598,-105.78,-22.03,66.10,4.900,0.163,-0.02,1.00,1,0,0,0,0,0,-22.03,-30.60,-4.15,0.2917,0.1725,0.4793,1,4.900,0,0.376,0,swing,swingLow,1.000,2,0.343 0.424 -0.100 0.442 0.657 0.684 -0.679 -0.315 -0.470 -0.545,237.88,-5.34,28.07,-22.03,-105.92,98.20,380,656,808,1104,0.463,0.329 0.761 -0.240 -0.392,11.4,1,0.219,0.000,0.5008,3.10,,-1.000,0.0,0.0,0.0,,,38.7,5.7,38.5
249,4.1500,swing,swingLow,236.508,-10.588,25.443,1.084,-26.363,-28.016,38.485,26.386,24.330,278.59,-26.82,97.92,50.85,0.652,1,,0,0.00,0.00,0.00,237.859,-6.191,27.132,-105.61,-22.03,66.20,4.900,0.175,-0.02,1.00,1,0,0,0,0,0,-22.03,-30.11,-4.17,0.2893,0.1727,0.4813,1,4.900,0,0.375,0,swing,swingLow,1.000,2,0.348 0.418 -0.088 0.456 0.663 0.675 -0.682 -0.315 -0.465 -0.547,237.87,-5.76,27.60,-22.03,-105.78,98.31,380,660,812,1108,0.459,0.343 0.754 -0.249 -0.401,12.0,1,0.265,0.000,0.5028,3.04,,-1.000,0.0,0.0,0.0,,,39.3,6.1,39.1
250,4.1667,swing,swingLow,236.533,-11.031,24.975,1.648,-26.774,-27.967,38.752,26.825,23.862,278.59,-26.82,97.92,50.85,0.662,1,,0,0.00,0.00,0.00,237.855,-6.626,26.666,-105.37,-22.02,66.30,4.901,0.188,-0.02,1.00,1,0,0,0,0,0,-22.02,-29.59,-4.18,0.2863,0.1732,0.4836,1,4.901,0,0.375,0,swing,swingLow,1.000,2,0.355 0.412 -0.074 0.469 0.670 0.664 -0.686 -0.312 -0.461 -0.546,237.86,-6.19,27.13,-22.03,-105.61,98.42,384,660,816,1112,0.454,0.356 0.745 -0.257 -0.409,12.7,1,0.303,0.000,0.5049,2.94,,-1.000,0.0,0.0,0.0,,,40.0,6.7,39.7
251,4.1833,swing,swingLow,236.566,-11.481,24.508,2.196,-27.191,-27.899,39.020,27.280,23.395,278.59,-26.82,97.92,50.85,0.671,1,,0,0.00,0.00,0.00,237.858,-7.066,26.202,-105.08,-22.02,66.41,4.902,0.201,-0.02,1.00,1,0,0,0,0,0,-22.02,-29.06,-4.20,0.2801,0.1731,0.4860,1,4.902,0,0.375,0,swing,swingCornerBank,1.000,2,0.368 0.400 -0.033 0.501 0.681 0.646 -0.689 -0.304 -0.450 -0.537,237.86,-6.63,26.67,-22.02,-105.37,98.53,392,660,820,1116,0.443,0.386 0.726 -0.275 -0.410,14.2,1,0.321,0.000,0.5076,2.83,,-1.000,0.0,0.0,0.0,,,41.6,7.5,41.3
252,4.2000,swing,swingLow,236.609,-11.938,24.043,2.724,-27.615,-27.811,39.287,27.749,22.930,278.59,-26.82,97.92,50.85,0.681,1,,0,0.00,0.00,0.00,237.868,-7.514,25.738,-104.77,-22.02,66.52,4.902,0.214,-0.02,1.00,1,0,0,0,0,0,-22.02,-28.51,-4.22,0.2747,0.1724,0.4882,1,4.902,0,0.376,0,swing,swingCornerBank,1.000,2,0.379 0.389 0.004 0.527 0.690 0.631 -0.689 -0.292 -0.439 -0.527,237.86,-7.07,26.20,-22.02,-105.08,98.64,396,656,828,1120,0.433,0.412 0.710 -0.287 -0.410,15.5,1,0.322,0.000,0.5102,2.70,,-1.000,0.0,0.0,0.0,,,43.0,8.3,42.6
253,4.2167,swing,swingLow,236.660,-12.403,23.579,3.235,-28.043,-27.705,39.553,28.229,22.466,278.59,-26.82,97.92,50.85,0.690,1,,0,0.00,0.00,0.00,237.886,-7.969,25.275,-104.43,-22.02,66.63,4.903,0.228,-0.02,1.00,1,0,0,0,0,0,-22.02,-27.96,-4.23,0.2701,0.1714,0.4903,1,4.903,0,0.376,0,swing,swingCornerBank,1.000,2,0.387 0.379 0.037 0.549 0.695 0.619 -0.686 -0.276 -0.428 -0.518,237.87,-7.51,25.74,-22.02,-104.77,98.76,400,656,832,1128,0.424,0.435 0.698 -0.293 -0.409,16.6,1,0.319,0.000,0.5126,2.57,,-1.000,0.0,0.0,0.0,,,44.1,9.1,43.7
254,4.2333,swing,swingLow,236.720,-12.874,23.117,3.731,-28.475,-27.581,39.818,28.719,22.004,278.59,-26.82,97.92,50.85,0.700,1,,0,0.00,0.00,0.00,237.912,-8.431,24.814,-104.09,-22.02,66.74,4.903,0.241,-0.02,1.00,1,0,0,0,0,0,-22.02,-27.38,-4.25,0.2663,0.1702,0.4922,1,4.903,0,0.376,0,swing,swingCornerBank,1.000,2,0.394 0.372 0.066 0.566 0.699 0.609 -0.681 -0.260 -0.418 -0.510,237.89,-7.97,25.28,-22.02,-104.43,98.88,404,656,840,1128,0.417,0.455 0.687 -0.295 -0.408,17.6,1,0.317,0.000,0.5149,2.44,,-1.000,0.0,0.0,0.0,,,45.0,9.8,44.6
255,4.2500,swing,swingLow,236.787,-13.352,22.659,4.192,-28.840,-27.368,39.979,29.143,21.546,278.59,-26.82,97.92,50.85,0.710,1,,0,0.00,0.00,0.00,237.946,-8.900,24.353,-103.74,-22.02,66.86,4.902,0.255,-0.03,1.00,1,0,0,0,0,0,-22.02,-26.80,-4.27,0.2633,0.1690,0.4938,1,4.902,0,0.377,0,swing,swingCornerBank,1.000,2,0.400 0.365 0.091 0.580 0.702 0.602 -0.676 -0.243 -0.408 -0.504,237.91,-8.43,24.81,-22.02,-104.09,99.00,408,660,844,1132,0.411,0.471 0.680 -0.295 -0.408,18.4,1,0.313,0.000,0.5170,2.32,,-1.000,0.0,0.0,0.0,,,45.7,10.4,45.3
256,4.2667,swing,swingLow,236.862,-13.835,22.204,4.625,-29.132,-27.072,40.037,29.496,21.091,278.59,-26.82,97.92,50.85,0.719,1,,0,0.00,0.00,0.00,237.995,-9.375,23.895,-103.49,-22.02,66.97,4.903,0.270,-0.03,1.00,1,0,0,0,0,0,-22.02,-26.21,-4.28,0.2607,0.1677,0.4948,1,4.903,0,0.378,0,swing,swingCornerBank,1.000,2,0.404 0.360 0.112 0.590 0.703 0.596 -0.669 -0.227 -0.399 -0.498,237.95,-8.90,24.35,-22.02,-103.74,99.13,412,660,848,1132,0.407,0.485 0.674 -0.293 -0.408,19.0,1,0.309,0.000,0.5188,2.21,,-1.000,0.0,0.0,0.0,,,46.3,11.0,45.8
257,4.2833,swing,swingLow,236.943,-14.323,21.756,5.040,-29.421,-26.764,40.091,29.849,20.643,278.59,-26.82,97.92,50.85,0.727,1,,0,0.00,0.00,0.00,238.070,-9.855,23.440,-103.45,-22.01,67.09,4.906,0.284,-0.03,1.00,1,0,0,0,0,0,-22.01,-25.61,-4.30,0.2584,0.1662,0.4952,1,4.906,0,0.378,0,swing,swingCornerBank,1.000,2,0.406 0.354 0.130 0.599 0.702 0.590 -0.662 -0.211 -0.393 -0.494,238.00,-9.38,23.90,-22.02,-103.49,99.25,412,660,852,1136,0.403,0.497 0.669 -0.290 -0.409,19.6,1,0.304,0.000,0.5205,2.10,,-1.000,0.0,0.0,0.0,,,46.7,11.4,46.2
258,4.3000,swing,swingLow,237.032,-14.815,21.312,5.425,-29.710,-26.440,40.139,30.201,20.199,278.59,-26.82,97.92,50.85,0.735,1,,0,0.00,0.00,0.00,238.171,-10.339,22.989,-103.65,-22.01,67.20,4.914,0.298,-0.03,1.00,1,0,0,0,0,0,-22.01,-25.01,-4.32,0.2561,0.1646,0.4951,1,4.914,0,0.379,0,swing,swingCornerBank,1.000,2,0.408 0.350 0.146 0.605 0.700 0.585 -0.654 -0.196 -0.388 -0.490,238.07,-9.85,23.44,-22.01,-103.45,99.37,416,656,856,1136,0.401,0.508 0.666 -0.287 -0.410,20.0,1,0.299,0.000,0.5219,2.00,,-1.000,0.0,0.0,0.0,,,47.0,11.7,46.4
259,4.3167,swing,swingLow,237.126,-15.313,20.874,5.794,-29.995,-26.104,40.183,30.549,19.761,278.59,-26.82,97.92,50.85,0.742,1,,0,0.00,0.00,0.00,238.289,-10.829,22.542,-103.96,-22.01,67.32,4.924,0.312,-0.03,1.00,1,0,0,0,0,0,-22.01,-24.40,-4.33,0.2541,0.1629,0.4945,1,4.924,0,0.380,0,swing,swingCornerBank,1.000,2,0.408 0.345 0.160 0.610 0.697 0.580 -0.645 -0.182 -0.384 -0.487,238.17,-10.34,22.99,-22.01,-103.65,99.50,416,656,860,1140,0.399,0.516 0.665 -0.284 -0.412,20.4,1,0.293,0.000,0.5232,1.90,,-1.000,0.0,0.0,0.0,,,47.2,12.0,46.6
260,4.3333,swing,swingLow,237.226,-15.815,20.441,6.147,-30.276,-25.757,40.223,30.894,19.328,278.59,-26.82,97.92,50.85,0.748,1,,0,0.00,0.00,0.00,238.414,-11.323,22.099,-104.28,-22.01,67.43,4.933,0.326,-0.03,1.00,1,0,0,0,0,0,-22.01,-23.78,-4.35,0.2525,0.1612,0.4936,1,4.933,0,0.381,0,swing,swingCornerBank,1.000,2,0.407 0.342 0.171 0.613 0.694 0.577 -0.636 -0.170 -0.380 -0.485,238.29,-10.83,22.54,-22.01,-103.96,99.62,416,656,864,1144,0.398,0.524 0.665 -0.282 -0.415,20.6,1,0.287,0.000,0.5243,1.80,,-1.000,0.0,0.0,0.0,,,47.2,12.2,46.6
261,4.3500,swing,swingLow,237.332,-16.322,20.015,6.469,-30.556,-25.395,40.254,31.233,18.902,278.59,-26.82,97.92,50.85,0.754,1,,0,0.00,0.00,0.00,238.542,-11.823,21.662,-104.57,-22.01,67.54,4.941,0.340,-0.03,1.00,1,0,0,0,0,0,-22.01,-23.17,-4.37,0.2517,0.1596,0.4923,1,4.941,0,0.383,0,swing,swingCornerBank,1.000,2,0.406 0.340 0.178 0.616 0.690 0.575 -0.627 -0.161 -0.378 -0.485,238.41,-11.32,22.10,-22.01,-104.28,99.74,416,652,868,1144,0.399,0.530 0.667 -0.282 -0.420,20.6,1,0.280,0.000,0.5252,1.68,,-1.000,0.0,0.0,0.0,,,47.1,12.3,46.5
262,4.3667,swing,swingLow,237.443,-16.833,19.595,6.776,-30.830,-25.021,40.280,31.566,18.482,278.59,-26.82,97.92,50.85,0.760,1,,0,0.00,0.00,0.00,238.668,-12.329,21.229,-104.77,-22.01,67.65,4.946,0.353,-0.03,1.00,1,0,0,0,0,0,-22.01,-22.55,-4.38,0.2515,0.1582,0.4909,1,4.946,0,0.384,0,swing,swingCornerBank,1.000,2,0.404 0.340 0.181 0.617 0.686 0.575 -0.620 -0.156 -0.375 -0.486,238.54,-11.82,21.66,-22.01,-104.57,99.86,416,652,872,1144,0.401,0.535 0.670 -0.284 -0.425,20.5,1,0.273,0.000,0.5259,1.54,,-1.000,0.0,0.0,0.0,,,46.8,12.3,46.2
263,4.3833,swing,swingLow,237.559,-17.349,19.181,7.069,-31.099,-24.638,40.301,31.893,18.068,278.59,-26.82,97.92,50.85,0.766,1,,0,0.00,0.00,0.00,238.790,-12.839,20.803,-104.86,-22.01,67.76,4.948,0.366,-0.03,1.00,1,0,0,0,0,0,-22.01,-21.93,-4.40,0.2521,0.1570,0.4892,1,4.948,0,0.385,0,swing,swingCornerBank,1.000,2,0.401 0.341 0.179 0.618 0.681 0.577 -0.614 -0.155 -0.373 -0.489,238.67,-12.33,21.23,-22.01,-104.77,99.98,412,648,876,1144,0.405,0.537 0.676 -0.288 -0.433,20.1,1,0.265,0.000,0.5265,1.39,,-1.000,0.0,0.0,0.0,,,46.3,12.2,45.7
264,4.4000,swing,swingLow,237.680,-17.870,18.773,7.330,-31.365,-24.240,40.312,32.210,17.660,278.59,-26.82,97.92,50.85,0.771,1,,0,0.00,0.00,0.00,238.906,-13.355,20.382,-104.83,-22.01,67.87,4.947,0.378,-0.03,1.00,1,0,0,0,0,0,-22.01,-21.31,-4.42,0.2533,0.1560,0.4873,1,4.947,0,0.387,0,swing,swingCornerBank,1.000,2,0.397 0.343 0.175 0.618 0.677 0.580 -0.609 -0.157 -0.371 -0.494,238.79,-12.84,20.80,-22.01,-104.86,100.09,412,648,876,1144,0.409,0.538 0.682 -0.293 -0.441,19.7,1,0.263,0.000,0.5269,1.22,,-1.000,0.0,0.0,0.0,,,45.7,12.1,45.1
265,4.4167,swing,swingLow,237.804,-18.394,18.372,7.578,-31.624,-23.832,40.318,32.520,17.259,278.59,-26.82,97.92,50.85,0.775,1,,0,0.00,0.00,0.00,239.015,-13.876,19.968,-104.67,-22.01,67.97,4.942,0.390,-0.03,1.00,1,0,0,0,0,0,-22.01,-20.69,-4.43,0.2549,0.1551,0.4852,1,4.942,0,0.388,0,swing,swingCornerBank,1.000,2,0.393 0.347 0.169 0.618 0.673 0.585 -0.605 -0.161 -0.368 -0.499,238.91,-13.35,20.38,-22.01,-104.83,100.21,408,648,880,1144,0.414,0.539 0.689 -0.300 -0.450,19.2,1,0.265,0.000,0.5273,1.06,,-1.000,0.0,0.0,0.0,,,45.1,11.9,44.4
266,4.4333,swing,swingLow,237.933,-18.923,17.979,7.814,-31.877,-23.416,40.317,32.820,16.866,278.59,-26.82,97.92,50.85,0.780,1,,0,0.00,0.00,0.00,239.118,-14.402,19.559,-104.39,-22.01,68.07,4.935,0.402,-0.03,1.00,1,0,0,0,0,0,-22.01,-20.07,-4.45,0.2572,0.1544,0.4830,1,4.935,0,0.390,0,swing,swingCornerBank,1.000,2,0.389 0.352 0.160 0.617 0.668 0.591 -0.602 -0.169 -0.365 -0.506,239.02,-13.88,19.97,-22.01,-104.67,100.32,408,644,880,1140,0.419,0.538 0.698 -0.309 -0.460,18.6,1,0.259,0.000,0.5275,0.89,,-1.000,0.0,0.0,0.0,,,44.3,11.7,43.6
267,4.4500,swing,swingLow,238.065,-19.457,17.592,8.017,-32.125,-22.986,40.307,33.110,16.479,278.59,-26.82,97.92,50.85,0.784,1,,0,0.00,0.00,0.00,239.217,-14.932,19.158,-104.01,-22.01,68.17,4.924,0.413,-0.03,1.00,1,0,0,0,0,0,-22.01,-19.45,-4.47,0.2599,0.1538,0.4805,1,4.924,0,0.391,0,swing,swingCornerBank,1.000,2,0.385 0.357 0.149 0.615 0.664 0.598 -0.600 -0.178 -0.362 -0.514,239.12,-14.40,19.56,-22.01,-104.39,100.43,404,644,880,1140,0.425,0.535 0.706 -0.318 -0.471,17.9,1,0.255,0.000,0.5276,0.73,,-1.000,0.0,0.0,0.0,,,43.5,11.5,42.8
268,4.4667,swing,swingLow,238.201,-19.994,17.213,8.209,-32.365,-22.548,40.290,33.390,16.100,278.59,-26.82,97.92,50.85,0.788,1,,0,0.00,0.00,0.00,239.316,-15.467,18.762,-103.59,-22.01,68.27,4.913,0.424,-0.03,1.00,1,0,0,0,0,0,-22.01,-18.84,-4.48,0.2627,0.1532,0.4778,1,4.913,0,0.393,0,swing,swingCornerBank,1.000,2,0.380 0.363 0.137 0.613 0.660 0.605 -0.597 -0.188 -0.359 -0.522,239.22,-14.93,19.16,-22.01,-104.01,100.53,400,644,880,1140,0.431,0.532 0.715 -0.328 -0.483,17.2,1,0.244,0.000,0.5277,0.57,,-1.000,0.0,0.0,0.0,,,42.6,11.2,42.0
269,4.4833,swing,swingLow,238.339,-20.535,16.840,8.392,-32.596,-22.103,40.267,33.659,15.727,278.59,-26.82,97.92,50.85,0.791,1,,0,0.00,0.00,0.00,239.417,-16.007,18.374,-103.16,-22.00,68.37,4.901,0.434,-0.03,1.00,1,0,0,0,0,0,-22.00,-18.23,-4.50,0.2659,0.1527,0.4749,1,4.901,0,0.394,0,swing,swingCornerBank,1.000,2,0.375 0.370 0.124 0.609 0.656 0.613 -0.595 -0.202 -0.356 -0.532,239.32,-15.47,18.76,-22.01,-103.59,100.63,396,644,880,1140,0.438,0.527 0.725 -0.340 -0.496,16.4,1,0.247,0.000,0.5277,0.43,,-1.000,0.0,0.0,0.0,,,41.7,10.8,41.0
270,4.5000,swing,swingLow,238.480,-21.080,16.476,8.542,-32.822,-21.645,40.234,33.916,15.363,278.59,-26.82,97.92,50.85,0.795,1,,0,0.00,0.00,0.00,239.521,-16.550,17.993,-102.73,-22.00,68.46,4.889,0.443,-0.03,1.00,1,0,0,0,0,0,-22.00,-17.63,-4.52,0.2692,0.1522,0.4717,1,4.889,0,0.396,0,swing,swingCornerBank,1.000,2,0.369 0.376 0.111 0.604 0.652 0.622 -0.592 -0.216 -0.352 -0.542,239.42,-16.01,18.37,-22.00,-103.16,100.73,392,640,884,1140,0.445,0.520 0.735 -0.351 -0.510,15.6,1,0.252,0.000,0.5276,0.28,,-1.000,0.0,0.0,0.0,,,40.8,10.5,40.1
271,4.5167,swing,swingLow,238.624,-21.629,16.119,8.685,-33.039,-21.182,40.195,34.161,15.006,278.59,-26.82,97.92,50.85,0.798,1,,0,0.00,0.00,0.00,239.629,-17.097,17.619,-102.32,-22.00,68.55,4.878,0.452,-0.03,1.00,1,0,0,0,0,0,-22.00,-17.03,-4.53,0.2724,0.1515,0.4683,1,4.878,0,0.398,0,swing,swingCornerBank,1.000,2,0.364 0.383 0.098 0.598 0.647 0.629 -0.588 -0.229 -0.348 -0.552,239.52,-16.55,17.99,-22.00,-102.73,100.83,384,640,884,1140,0.451,0.513 0.745 -0.363 -0.524,14.8,1,0.236,0.000,0.5276,0.15,,-1.000,0.0,0.0,0.0,,,39.8,10.2,39.2
272,4.5333,swing,swingLow,238.770,-22.181,15.770,8.819,-33.246,-20.712,40.151,34.396,14.657,278.59,-26.82,97.92,50.85,0.801,1,,0,0.00,0.00,0.00,239.742,-17.648,17.252,-101.93,-22.00,68.63,4.867,0.461,-0.03,1.00,1,0,0,0,0,0,-22.00,-16.43,-4.55,0.2759,0.1508,0.4648,1,4.867,0,0.400,0,swing,swingCornerBank,1.000,2,0.357 0.390 0.085 0.590 0.642 0.638 -0.583 -0.245 -0.344 -0.563,239.63,-17.10,17.62,-22.00,-102.32,100.92,380,636,884,1140,0.458,0.504 0.755 -0.375 -0.540,13.9,1,0.205,0.000,0.5275,0.02,,-1.000,0.0,0.0,0.0,,,38.8,9.8,38.1
273,4.5500,swing,swingLow,238.918,-22.737,15.429,8.945,-33.444,-20.237,40.101,34.619,13.208,278.59,-26.82,97.92,50.85,0.803,1,,0,0.00,0.00,0.00,239.859,-18.203,16.893,-101.58,-22.00,68.71,4.856,0.469,-0.03,1.00,1,0,0,0,0,0,-22.00,-15.82,-4.57,0.2792,0.1500,0.4610,1,4.856,0,0.401,0,swing,swingCornerBank,1.000,2,0.351 0.396 0.074 0.582 0.637 0.645 -0.577 -0.259 -0.339 -0.574,239.74,-17.65,17.25,-22.00,-101.93,101.01,372,636,884,1140,0.464,0.494 0.765 -0.387 -0.556,13.0,1,0.191,0.000,0.5274,-0.10,,-1.000,0.0,0.0,0.0,,,37.8,9.4,37.2
274,4.5667,swing,swingLow,239.068,-23.296,15.096,9.063,-33.632,-19.758,40.045,34.832,13.983,278.59,-26.82,97.92,50.85,0.806,1,,0,0.00,0.00,0.00,239.981,-18.761,16.542,-101.25,-22.00,68.79,4.847,0.477,-0.03,1.00,1,0,0,0,0,0,-22.00,-15.21,-4.58,0.2822,0.1491,0.4572,1,4.847,0,0.403,0,swing,swingCornerBank,1.000,2,0.345 0.402 0.065 0.574 0.633 0.652 -0.570 -0.271 -0.333 -0.584,239.86,-18.20,16.89,-22.00,-101.58,101.10,368,632,884,1140,0.470,0.484 0.774 -0.397 -0.571,12.2,1,0.173,0.000,0.5273,-0.21,,-1.000,0.0,0.0,0.0,,,36.9,9.1,36.3
275,4.5833,swing,swingLow,239.220,-23.857,14.771,9.174,-33.810,-19.273,39.984,35.032,13.658,278.59,-26.82,97.92,50.85,0.808,1,,0,0.00,0.00,0.00,240.108,-19.322,16.198,-100.96,-22.00,68.87,4.837,0.484,-0.03,1.00,1,0,0,0,0,0,-22.00,-14.61,-4.60,0.2851,0.1480,0.4533,1,4.837,0,0.405,0,swing,swingCornerBank,1.000,2,0.340 0.407 0.058 0.565 0.628 0.658 -0.562 -0.281 -0.327 -0.593,239.98,-18.76,16.54,-22.00,-101.25,101.19,364,632,884,1136,0.476,0.475 0.782 -0.407 -0.585,11.5,1,0.158,0.000,0.5273,-0.31,,-1.000,0.0,0.0,0.0,,,36.1,8.7,35.5
276,4.6000,swing,swingLow,239.374,-24.422,14.454,9.278,-33.977,-18.785,39.917,35.221,13.341,278.59,-26.82,97.92,50.85,0.810,1,,0,0.00,0.00,0.00,240.240,-19.886,15.862,-100.70,-22.00,68.94,4.828,0.490,-0.03,1.00,1,0,0,0,0,0,-22.00,-14.03,-4.62,0.2877,0.1468,0.4493,1,4.828,0,0.407,0,swing,swingCornerBank,1.000,2,0.334 0.412 0.053 0.557 0.624 0.664 -0.552 -0.290 -0.321 -0.602,240.11,-19.32,16.20,-22.00,-100.96,101.27,356,628,888,1136,0.481,0.467 0.790 -0.415 -0.598,10.8,1,0.148,0.000,0.5273,-0.41,,-1.000,0.0,0.0,0.0,,,35.3,8.4,34.7
277,4.6167,swing,swingLow,239.529,-24.990,14.144,9.398,-34.220,-18.338,39.945,35.487,13.031,278.59,-26.82,97.92,50.85,0.811,1,,0,0.00,0.00,0.00,240.375,-20.453,15.534,-100.46,-22.00,69.01,4.820,0.496,-0.03,1.00,1,0,0,0,0,0,-22.00,-13.46,-4.63,0.2901,0.1455,0.4453,1,4.820,0,0.409,0,swing,swingCornerBank,1.000,2,0.329 0.416 0.050 0.550 0.620 0.669 -0.542 -0.296 -0.314 -0.609,240.24,-19.89,15.86,-22.00,-100.70,101.34,352,624,888,1132,0.485,0.459 0.798 -0.422 -0.610,10.2,1,0.138,0.000,0.5274,-0.51,,-1.000,0.0,0.0,0.0,,,34.6,8.0,34.0
278,4.6333,swing,swingLow,239.687,-25.562,13.843,9.511,-34.454,-17.883,39.967,35.743,12.730,278.59,-26.82,97.92,50.85,0.813,1,,0,0.00,0.00,0.00,240.514,-21.024,15.214,-100.24,-22.00,69.08,4.812,0.501,-0.03,1.00,1,0,0,0,0,0,-22.00,-12.91,-4.65,0.2924,0.1441,0.4413,1,4.812,0,0.411,0,swing,swingCornerBank,1.000,2,0.323 0.420 0.048 0.543 0.616 0.673 -0.531 -0.301 -0.307 -0.615,240.38,-20.45,15.53,-22.00,-100.46,101.42,344,624,888,1136,0.490,0.452 0.804 -0.429 -0.621,9.6,1,0.128,0.000,0.5276,-0.59,,-1.000,0.0,0.0,0.0,,,33.8,7.7,33.3
279,4.6500,swing,swingLow,239.846,-26.137,13.549,9.593,-34.591,-17.379,39.883,35.897,12.436,278.59,-26.82,97.92,50.85,0.815,1,,0,0.00,0.00,0.00,240.657,-21.598,14.902,-100.05,-22.00,69.15,4.805,0.506,-0.03,1.00,1,0,0,0,0,0,-22.00,-12.37,-4.67,0.2944,0.1425,0.4372,1,4.805,0,0.413,0,swing,swingCornerBank,1.000,2,0.318 0.424 0.048 0.537 0.612 0.678 -0.519 -0.303 -0.301 -0.620,240.51,-21.02,15.21,-22.00,-100.24,101.49,340,620,892,1132,0.493,0.446 0.811 -0.434 -0.629,9.0,1,0.118,0.000,0.5277,-0.67,,-1.000,0.0,0.0,0.0,,,33.2,7.3,32.7
280,4.6667,swing,swingLow,240.006,-26.716,13.263,9.693,-34.805,-16.913,39.892,36.130,12.150,278.59,-26.82,97.92,50.85,0.817,1,,0,0.00,0.00,0.00,240.803,-22.176,14.597,-99.87,-22.00,69.21,4.798,0.511,-0.03,1.00,1,0,0,0,0,0,-22.00,-11.84,-4.68,0.2963,0.1409,0.4332,1,4.798,0,0.415,0,swing,swingCornerBank,1.000,2,0.314 0.427 0.049 0.531 0.608 0.681 -0.506 -0.304 -0.294 -0.624,240.66,-21.60,14.90,-22.00,-100.05,101.56,336,616,892,1132,0.497,0.441 0.817 -0.439 -0.636,8.5,1,0.108,0.000,0.5280,-0.75,,-1.000,0.0,0.0,0.0,,,32.6,7.0,32.1
281,4.6833,swing,swingLow,240.169,-27.298,12.985,9.786,-35.009,-16.441,39.896,36.351,11.872,278.59,-26.82,97.92,50.85,0.819,1,,0,0.00,0.00,0.00,240.952,-22.758,14.300,-99.72,-22.00,69.27,4.791,0.515,-0.03,1.00,1,0,0,0,0,0,-22.00,-11.32,-4.70,0.2979,0.1392,0.4291,1,4.791,0,0.417,0,swing,swingBottom,1.000,2,0.309 0.430 0.050 0.526 0.605 0.685 -0.493 -0.302 -0.288 -0.626,240.80,-22.18,14.60,-22.00,-99.87,101.62,328,612,896,1132,0.501,0.437 0.823 -0.443 -0.640,8.0,1,0.097,0.000,0.5282,-0.81,,-1.000,0.0,0.0,0.0,,,32.0,6.6,31.5
282,4.7000,swing,swingLow,240.333,-27.884,12.715,9.873,-35.202,-15.963,39.893,36.560,11.602,278.59,-26.82,97.92,50.85,0.822,1,,0,0.00,0.00,0.00,241.104,-23.343,14.011,-99.58,-22.00,69.32,4.785,0.519,-0.03,1.00,1,0,0,0,0,0,-22.00,-10.82,-4.72,0.2995,0.1375,0.4249,1,4.785,0,0.419,0,swing,swingBottom,1.000,2,0.304 0.432 0.052 0.521 0.601 0.688 -0.480 -0.299 -0.281 -0.628,240.95,-22.76,14.30,-22.00,-99.72,101.68,324,608,896,1128,0.504,0.433 0.829 -0.446 -0.643,7.6,1,0.086,0.000,0.5285,-0.88,,-1.000,0.0,0.0,0.0,,,31.4,6.2,31.0
283,4.7167,swing,swingLow,240.498,-28.472,12.453,9.954,-35.385,-15.480,39.885,36.758,11.340,278.59,-26.82,97.92,50.85,0.824,1,,0,0.00,0.00,0.00,241.259,-23.931,13.730,-99.45,-21.78,69.38,4.779,0.523,-0.03,1.00,1,0,0,0,0,0,-21.78,-10.32,-4.73,0.3005,0.1356,0.4236,1,4.779,0,0.420,0,swing,swingBottom,1.000,2,0.300 0.436 0.053 0.517 0.597 0.693 -0.466 -0.296 -0.275 -0.628,241.10,-23.34,14.01,-22.00,-99.58,101.74,316,604,900,1128,0.507,0.430 0.834 -0.449 -0.643,7.1,1,0.075,0.000,0.5288,-0.93,,-1.000,0.0,0.0,0.0,,,30.9,5.9,30.5
284,4.7333,swing,swingBottom,240.664,-29.065,12.198,10.054,-35.647,-15.030,39.971,37.037,11.085,278.59,-26.82,97.92,50.85,0.826,1,,0,0.00,0.00,0.00,241.416,-24.522,13.456,-99.34,-21.42,69.43,4.773,0.526,-0.03,1.00,1,0,0,0,0,0,-21.42,-9.83,-4.75,0.3013,0.1336,0.4242,1,4.773,0,0.422,0,swing,swingBottom,1.000,2,0.295 0.439 0.055 0.512 0.594 0.698 -0.452 -0.293 -0.269 -0.627,241.26,-23.93,13.73,-21.78,-99.45,101.80,316,604,900,1128,0.509,0.427 0.839 -0.450 -0.642,6.8,1,0.065,0.000,0.5290,-0.99,,-1.000,0.0,0.0,0.0,,,30.4,5.5,30.0
285,4.7500,swing,swingBottom,240.832,-29.660,11.952,10.123,-35.809,-14.535,39.950,37.212,10.839,278.59,-26.82,97.92,50.85,0.828,1,,0,0.00,0.00,0.00,241.575,-25.117,13.191,-99.24,-21.05,69.48,4.767,0.529,-0.03,1.00,1,0,0,0,0,0,-21.05,-9.35,-4.77,0.3018,0.1315,0.4247,1,4.767,0,0.424,0,swing,swingBottom,1.000,2,0.291 0.443 0.056 0.508 0.590 0.704 -0.438 -0.288 -0.263 -0.625,241.42,-24.52,13.46,-21.42,-99.34,101.85,316,604,904,1124,0.512,0.425 0.844 -0.450 -0.638,6.4,1,0.054,0.000,0.5293,-1.03,,-1.000,0.0,0.0,0.0,,,29.9,5.1,29.6
286,4.7667,swing,swingBottom,241.001,-30.257,11.714,10.186,-35.960,-14.037,39.924,37.375,10.601,278.59,-26.82,97.92,50.85,0.830,1,,0,0.00,0.00,0.00,241.736,-25.714,12.933,-99.15,-20.67,69.53,4.762,0.532,-0.03,1.00,1,0,0,0,0,0,-20.67,-8.88,-4.78,0.3021,0.1294,0.4252,1,4.762,0,0.426,0,swing,swingBottom,1.000,2,0.287 0.446 0.056 0.505 0.586 0.709 -0.423 -0.283 -0.258 -0.621,241.57,-25.12,13.19,-21.05,-99.24,101.91,316,604,908,1124,0.514,0.423 0.848 -0.450 -0.633,6.1,1,0.043,0.000,0.5296,-1.07,,-1.000,0.0,0.0,0.0,,,29.5,4.7,29.2
287,4.7833,swing,swingBottom,241.171,-30.858,11.484,10.243,-36.100,-13.534,39.891,37.525,10.371,278.59,-26.82,97.92,50.85,0.832,1,,0,0.00,0.00,0.00,241.900,-26.314,12.684,-99.07,-20.30,69.57,4.756,0.534,-0.03,1.00,1,0,0,0,0,0,-20.30,-8.42,-4.80,0.3021,0.1272,0.4257,1,4.756,0,0.428,0,swing,swingBottom,1.000,2,0.283 0.449 0.055 0.501 0.583 0.715 -0.408 -0.275 -0.252 -0.615,241.74,-25.71,12.93,-20.67,-99.15,101.96,316,608,908,1124,0.516,0.421 0.852 -0.448 -0.624,5.7,1,0.032,0.000,0.5299,-1.09,,-1.000,0.0,0.0,0.0,,,29.1,4.3,28.9
288,4.8000,swing,swingBottom,241.343,-31.462,11.263,10.321,-36.320,-13.061,39.953,37.758,10.150,278.59,-26.82,97.92,50.85,0.833,1,,0,0.00,0.00,0.00,242.065,-26.917,12.442,-99.00,-19.92,69.62,4.751,0.537,-0.03,1.00,1,0,0,0,0,0,-19.92,-7.97,-4.82,0.3019,0.1249,0.4261,1,4.751,0,0.430,0,swing,swingBottom,1.000,2,0.279 0.452 0.054 0.498 0.579 0.720 -0.393 -0.267 -0.245 -0.608,241.90,-26.31,12.68,-20.30,-99.07,102.00,316,608,912,1120,0.518,0.419 0.857 -0.445 -0.615,5.4,1,0.021,0.000,0.5302,-1.11,,-1.000,0.0,0.0,0.0,,,28.7,3.8,28.5
289,4.8167,swing,swingBottom,241.515,-32.068,11.049,10.367,-36.438,-12.550,39.909,37.884,9.936,278.59,-26.82,97.92,50.85,0.835,1,,0,0.00,0.00,0.00,242.232,-27.523,12.209,-98.93,-19.53,69.66,4.745,0.539,-0.03,1.00,1,0,0,0,0,0,-19.53,-7.53,-4.83,0.3013,0.1227,0.4263,1,4.745,0,0.432,0,swing,swingBottom,1.000,2,0.275 0.455 0.051 0.495 0.575 0.725 -0.377 -0.257 -0.239 -0.599,242.07,-26.92,12.44,-19.92,-99.00,102.05,316,608,916,1120,0.520,0.417 0.860 -0.440 -0.603,5.2,1,0.011,0.000,0.5306,-1.12,,-1.000,0.0,0.0,0.0,,,28.3,3.4,28.2
290,4.8333,swing,swingBottom,241.688,-32.677,10.844,10.434,-36.636,-12.066,39.958,38.093,9.731,278.59,-26.82,97.92,50.85,0.837,1,,0,0.00,0.00,0.00,242.400,-28.131,11.984,-98.88,-19.15,69.70,4.740,0.541,-0.03,1.00,1,0,0,0,0,0,-19.15,-7.11,-4.85,0.3005,0.1204,0.4266,1,4.740,0,0.434,0,swing,swingBottom,1.000,2,0.271 0.458 0.048 0.491 0.572 0.730 -0.361 -0.246 -0.232 -0.589,242.23,-27.52,12.21,-19.53,-98.93,102.09,316,608,920,1120,0.522,0.414 0.864 -0.434 -0.589,4.9,1,0.004,0.000,0.5310,-1.13,,-1.000,0.0,0.0,0.0,,,28.0,3.0,27.9
291,4.8500,swing,swingBottom,241.862,-33.288,10.648,10.470,-36.731,-11.549,39.902,38.194,9.535,278.59,-26.82,97.92,50.85,0.839,1,,0,0.00,0.00,0.00,242.570,-28.742,11.767,-98.83,-18.75,69.73,4.735,0.542,-0.02,1.00,1,0,0,0,0,0,-18.75,-6.69,-4.87,0.2994,0.1180,0.4267,1,4.735,0,0.436,0,swing,swingBottom,1.000,2,0.267 0.460 0.043 0.488 0.568 0.735 -0.344 -0.233 -0.224 -0.577,242.40,-28.13,11.98,-19.15,-98.88,102.13,320,608,920,1116,0.523,0.412 0.867 -0.426 -0.574,4.7,1,0.001,0.000,0.5314,-1.13,,-1.000,0.0,0.0,0.0,,,27.7,2.5,27.6
292,4.8667,swing,swingBottom,242.037,-33.902,10.459,10.527,-36.907,-11.056,39.940,38.380,9.346,278.59,-26.82,97.92,50.85,0.841,1,,0,0.00,0.00,0.00,242.741,-29.355,11.558,-98.78,-18.36,69.77,4.730,0.544,-0.02,1.00,1,0,0,0,0,0,-18.36,-6.28,-4.88,0.2980,0.1157,0.4268,1,4.730,0,0.438,0,swing,swingBottom,1.000,2,0.264 0.463 0.038 0.484 0.565 0.740 -0.327 -0.220 -0.216 -0.563,242.57,-28.74,11.77,-18.75,-98.83,102.17,320,608,924,1116,0.525,0.409 0.870 -0.417 -0.558,4.5,1,0.000,0.000,0.5319,-1.12,,-1.000,0.0,0.0,0.0,,,27.4,2.1,27.4
293,4.8833,swing,swingBottom,242.212,-34.519,10.279,10.580,-37.073,-10.558,39.972,38.553,9.166,278.59,-26.82,97.92,50.85,0.842,1,,0,0.00,0.00,0.00,242.913,-29.972,11.358,-98.74,-17.97,69.80,4.725,0.546,-0.02,1.00,1,0,0,0,0,0,-17.97,-5.88,-4.90,0.2964,0.1134,0.4268,1,4.725,0,0.440,0,swing,swingBottom,1.000,2,0.260 0.465 0.032 0.480 0.561 0.745 -0.310 -0.206 -0.208 -0.549,242.74,-29.36,11.56,-18.36,-98.78,102.21,320,604,928,1112,0.526,0.405 0.873 -0.406 -0.542,4.3,1,0.000,0.000,0.5323,-1.11,,-1.000,0.0,0.0,0.0,,,27.1,1.7,27.1
294,4.9000,swing,swingBottom,242.388,-35.136,10.108,10.600,-37.133,-10.031,39.898,38.617,8.995,278.59,-26.82,97.92,50.85,0.844,1,,0,0.00,0.00,0.00,243.086,-30.589,11.165,-98.71,-17.57,69.83,4.721,0.547,-0.02,1.00,1,0,0,0,0,0,-17.57,-5.49,-4.92,0.2945,0.1110,0.4267,1,4.721,0,0.442,0,swing,swingBottom,1.000,2,0.257 0.467 0.025 0.475 0.557 0.749 -0.292 -0.191 -0.199 -0.533,242.91,-29.97,11.36,-17.97,-98.74,102.24,320,604,928,1112,0.527,0.401 0.876 -0.394 -0.524,4.1,1,0.000,0.000,0.5328,-1.10,,-1.000,0.0,0.0,0.0,,,26.9,1.2,26.9
295,4.9167,swing,swingBottom,242.565,-35.757,9.945,10.643,-37.275,-9.527,39.919,38.765,8.832,278.59,-26.82,97.92,50.85,0.845,1,,0,0.00,0.00,0.00,243.260,-31.209,10.982,-98.68,-17.17,69.86,4.716,0.548,-0.02,1.00,1,0,0,0,0,0,-17.17,-5.11,-4.93,0.2926,0.1088,0.4267,1,4.716,0,0.444,0,swing,swingBottom,1.000,2,0.253 0.469 0.017 0.471 0.554 0.754 -0.275 -0.175 -0.190 -0.517,243.09,-30.59,11.17,-17.57,-98.71,102.28,320,604,928,1112,0.528,0.397 0.878 -0.381 -0.506,3.9,1,0.000,0.000,0.5332,-1.08,,-1.000,0.0,0.0,0.0,,,26.7,0.8,26.7
296,4.9333,swing,swingBottom,242.743,-36.379,9.790,10.682,-37.406,-9.019,39.933,38.901,8.677,278.59,-26.82,97.92,50.85,0.847,1,,0,0.00,0.00,0.00,243.436,-31.831,10.806,-98.65,-16.77,69.89,4.711,0.550,-0.02,1.00,1,0,0,0,0,0,-16.77,-4.74,-4.95,0.2906,0.1073,0.4265,1,4.711,0,0.446,0,swing,swingBottom,1.000,2,0.250 0.471 0.009 0.465 0.550 0.758 -0.258 -0.159 -0.180 -0.501,243.26,-31.21,10.98,-17.17,-98.68,102.31,320,604,932,1108,0.529,0.392 0.881 -0.366 -0.488,3.8,1,0.000,0.000,0.5333,-1.06,,-1.000,0.0,0.0,0.0,,,26.5,0.4,26.5
297,4.9500,swing,swingBottom,242.921,-37.004,9.644,10.715,-37.526,-8.508,39.942,39.025,8.531,278.59,-26.82,97.92,50.85,0.848,1,,0,0.00,0.00,0.00,243.612,-32.456,10.640,-98.62,-16.37,69.92,4.707,0.551,-0.02,1.00,1,0,0,0,0,0,-16.37,-4.38,-4.97,0.2888,0.1061,0.4264,1,4.707,0,0.448,0,swing,swingBottom,1.000,2,0.246 0.473 -0.000 0.460 0.547 0.762 -0.242 -0.144 -0.171 -0.485,243.44,-31.83,10.81,-16.77,-98.65,102.34,324,600,932,1108,0.530,0.388 0.883 -0.351 -0.472,3.6,1,0.000,0.000,0.5332,-1.04,,-1.000,0.0,0.0,0.0,,,26.3,-0.1,26.3
298,4.9667,swing,swingBottom,243.099,-37.630,9.507,10.745,-37.633,-7.993,39.945,39.137,8.394,278.59,-26.82,97.92,50.85,0.850,1,,0,0.00,0.00,0.00,243.788,-33.082,10.481,-98.60,-15.97,69.95,4.702,0.552,-0.02,1.00,1,0,0,0,0,0,-15.97,-4.04,-4.98,0.2868,0.1048,0.4263,1,4.702,0,0.450,0,swing,swingBottom,1.000,2,0.243 0.475 -0.010 0.454 0.543 0.766 -0.226 -0.128 -0.161 -0.469,243.61,-32.46,10.64,-16.37,-98.62,102.37,324,600,932,1104,0.530,0.382 0.884 -0.335 -0.456,3.5,1,0.000,0.000,0.5332,-1.01,,-1.000,0.0,0.0,0.0,,,26.2,-0.5,26.2
299,4.9833,swing,swingBottom,243.278,-38.258,9.378,10.769,-37.729,-7.476,39.942,39.236,8.265,278.59,-26.82,97.92,50.85,0.851,1,,0,0.00,0.00,0.00,243.966,-33.710,10.331,-98.58,-15.56,69.97,4.698,0.553,-0.02,1.00,1,0,0,0,0,0,-15.56,-3.70,-5.00,0.2851,0.1036,0.4264,1,4.698,0,0.452,0,swing,swingBottom,1.000,2,0.240 0.477 -0.020 0.449 0.540 0.770 -0.211 -0.114 -0.152 -0.456,243.79,-33.08,10.48,-15.97,-98.60,102.39,324,600,932,1104,0.531,0.378 0.886 -0.320 -0.443,3.4,1,0.000,0.000,0.5331,-0.98,,-1.000,0.0,0.0,0.0,,,26.0,-0.9,26.0
300,5.0000,swing,swingBottom,243.458,-38.888,9.257,10.790,-37.814,-6.957,39.934,39.323,8.144,278.59,-26.82,97.92,50.85,0.852,1,,0,0.00,0.00,0.00,244.144,-34.339,10.190,-98.57,-15.15,70.00,4.694,0.554,-0.02,1.00,1,0,0,0,0,0,-15.15,-3.37,-5.02,0.2834,0.1024,0.4266,1,4.694,0,0.454,0,swing,swingBottom,1.000,2,0.237 0.478 -0.030 0.442 0.536 0.774 -0.197 -0.100 -0.143 -0.442,243.97,-33.71,10.33,-15.56,-98.58,102.42,324,600,936,1104,0.531,0.372 0.887 -0.304 -0.429,3.3,1,0.000,0.000,0.5331,-0.95,,-1.000,0.0,0.0,0.0,,,25.9,-1.3,25.9
301,5.0167,swing,swingBottom,243.638,-39.519,9.146,10.807,-37.886,-6.435,39.919,39.397,8.033,278.59,-26.82,97.92,50.85,0.854,1,,0,0.00,0.00,0.00,244.322,-34.970,10.057,-98.55,-14.74,70.02,4.689,0.554,-0.02,1.00,1,0,0,0,0,0,-14.74,-3.06,-5.03,0.2823,0.1013,0.4271,1,4.689,0,0.456,0,swing,swingBottom,1.000,2,0.234 0.480 -0.039 0.437 0.533 0.778 -0.186 -0.089 -0.136 -0.433,244.14,-34.34,10.19,-15.15,-98.57,102.44,328,600,936,1104,0.532,0.368 0.888 -0.289 -0.420,3.2,1,0.000,0.000,0.5331,-0.92,,-1.000,0.0,0.0,0.0,,,25.8,-1.7,25.8
302,5.0333,swing,swingBottom,243.817,-40.151,9.043,10.819,-37.947,-5.913,39.899,39.459,7.930,278.59,-26.82,97.92,50.85,0.855,1,,0,0.00,0.00,0.00,244.501,-35.602,9.933,-98.54,-14.33,70.04,4.685,0.555,-0.02,1.00,1,0,0,0,0,0,-14.33,-2.76,-5.05,0.2812,0.1010,0.4276,1,4.685,0,0.458,0,swing,swingBottom,1.000,2,0.231 0.481 -0.049 0.431 0.530 0.781 -0.175 -0.077 -0.128 -0.423,244.32,-34.97,10.06,-14.74,-98.55,102.47,328,600,936,1100,0.532,0.364 0.889 -0.274 -0.412,3.1,1,0.000,0.000,0.5326,-0.88,,-1.000,0.0,0.0,0.0,,,25.7,-2.2,25.6
303,5.0500,swing,swingBottom,243.998,-40.784,8.949,10.886,-37.995,-5.397,39.890,39.523,7.836,278.59,-26.82,97.92,50.85,0.856,1,,0,0.00,0.00,0.00,244.681,-36.235,9.817,-98.53,-13.91,70.06,4.681,0.556,-0.02,1.00,1,0,0,0,0,0,-13.91,-2.47,-5.07,0.2806,0.1009,0.4288,1,4.681,0,0.460,0,swing,swingBottom,1.000,2,0.229 0.482 -0.057 0.428 0.527 0.784 -0.166 -0.068 -0.123 -0.417,244.50,-35.60,9.93,-14.33,-98.54,102.49,328,600,936,1100,0.532,0.362 0.889 -0.261 -0.407,3.1,1,0.000,0.000,0.5323,-0.85,,-1.000,0.0,0.0,0.0,,,25.7,-2.5,25.6
304,5.0667,swing,swingBottom,244.181,-41.417,8.863,11.006,-38.030,-4.889,39.891,39.591,7.750,278.59,-26.82,97.92,50.85,0.856,1,,0,0.00,0.00,0.00,244.862,-36.868,9.710,-98.51,-13.50,70.08,4.677,0.556,-0.02,1.00,1,0,0,0,0,0,-13.50,-2.18,-5.08,0.2796,0.1011,0.4303,1,4.677,0,0.462,0,swing,swingBottom,1.000,2,0.228 0.482 -0.064 0.424 0.527 0.784 -0.159 -0.058 -0.119 -0.411,244.68,-36.23,9.82,-13.91,-98.53,102.51,332,600,940,1100,0.531,0.360 0.887 -0.247 -0.403,3.2,1,0.000,0.000,0.5323,-0.82,,-1.000,0.0,0.0,0.0,,,25.9,-2.9,25.8
305,5.0833,swing,swingBottom,244.365,-42.051,8.786,11.124,-38.054,-4.380,39.887,39.646,7.673,278.59,-26.82,97.92,50.85,0.857,1,,0,0.00,0.00,0.00,245.044,-37.501,9.612,-98.47,-13.09,70.10,4.674,0.557,-0.02,1.00,1,0,0,0,0,0,-13.09,-1.92,-5.10,0.2791,0.1015,0.4328,1,4.674,0,0.464,0,swing,swingBottom,1.000,2,0.230 0.481 -0.069 0.429 0.529 0.782 -0.161 -0.052 -0.117 -0.411,244.86,-36.87,9.71,-13.50,-98.51,102.53,332,604,940,1100,0.529,0.367 0.883 -0.235 -0.404,3.6,1,0.000,0.000,0.5326,-0.78,,-1.000,0.0,0.0,0.0,,,26.3,-3.3,26.2
306,5.1000,swing,swingBottom,244.551,-42.685,8.717,11.172,-38.067,-3.860,39.860,39.672,7.604,278.59,-26.82,97.92,50.85,0.858,1,,0,0.00,0.00,0.00,245.227,-38.135,9.522,-98.44,-12.68,70.12,4.670,0.557,-0.02,1.00,1,0,0,0,0,0,-12.68,-1.66,-5.12,0.2793,0.1018,0.4355,1,4.670,0,0.466,0,swing,swingBottom,1.000,2,0.231 0.481 -0.074 0.440 0.529 0.781 -0.171 -0.050 -0.116 -0.414,245.04,-37.50,9.61,-13.09,-98.47,102.55,336,608,940,1100,0.527,0.381 0.878 -0.226 -0.409,4.0,1,0.000,0.000,0.5327,-0.75,,-1.000,0.0,0.0,0.0,,,26.7,-3.7,26.5
307,5.1167,swing,swingBottom,244.737,-43.320,8.657,11.153,-38.068,-3.332,39.808,39.668,7.544,278.59,-26.82,97.92,50.85,0.858,1,,0,0.00,0.00,0.00,245.411,-38.769,9.440,-98.42,-12.26,70.13,4.666,0.558,-0.02,1.00,1,0,0,0,0,0,-12.26,-1.41,-5.13,0.2804,0.1018,0.4380,1,4.666,0,0.468,0,swing,swingBottom,1.000,2,0.230 0.481 -0.079 0.451 0.526 0.782 -0.181 -0.052 -0.115 -0.420,245.23,-38.14,9.52,-12.68,-98.44,102.57,340,612,940,1100,0.526,0.394 0.876 -0.222 -0.416,4.2,1,0.000,0.000,0.5324,-0.71,,-1.000,0.0,0.0,0.0,,,26.9,-4.1,26.7
308,5.1333,swing,swingBottom,244.922,-43.954,8.606,11.131,-38.058,-2.805,39.751,39.652,7.493,278.59,-26.82,97.92,50.85,0.859,1,,0,0.00,0.00,0.00,245.596,-39.403,9.368,-98.41,-11.84,70.15,4.663,0.558,-0.02,1.00,1,0,0,0,0,0,-11.84,-1.18,-5.15,0.2816,0.1014,0.4398,1,4.663,0,0.470,0,swing,swingBottom,1.000,2,0.226 0.483 -0.084 0.453 0.520 0.787 -0.181 -0.054 -0.111 -0.423,245.41,-38.77,9.44,-12.26,-98.42,102.58,340,612,940,1100,0.527,0.398 0.878 -0.218 -0.420,4.0,1,0.000,0.000,0.5319,-0.68,,-1.000,0.0,0.0,0.0,,,26.8,-4.5,26.5
309,5.1500,swing,swingBottom,245.107,-44.588,8.564,11.107,-38.036,-2.280,39.690,39.624,7.451,278.59,-26.82,97.92,50.85,0.859,1,,0,0.00,0.00,0.00,245.781,-40.038,9.304,-98.42,-11.43,70.16,4.659,0.558,-0.02,1.00,1,0,0,0,0,0,-11.43,-0.95,-5.17,0.2829,0.1009,0.4412,1,4.659,0,0.472,0,swing,swingBottom,1.000,2,0.222 0.486 -0.088 0.448 0.513 0.792 -0.174 -0.056 -0.106 -0.425,245.60,-39.40,9.37,-11.84,-98.41,102.60,344,616,936,1100,0.528,0.395 0.881 -0.213 -0.423,3.6,1,0.000,0.000,0.5314,-0.65,,-1.000,0.0,0.0,0.0,,,26.5,-5.0,26.1
310,5.1667,swing,swingBottom,245.292,-45.221,8.530,11.080,-38.002,-1.757,39.623,39.584,7.417,278.59,-26.82,97.92,50.85,0.859,1,,0,0.00,0.00,0.00,245.967,-40.671,9.249,-98.44,-11.01,70.17,4.656,0.557,-0.02,1.00,1,0,0,0,0,0,-11.01,-0.74,-5.18,0.2842,0.1005,0.4427,1,4.656,0,0.474,0,swing,swingBottom,1.000,2,0.217 0.488 -0.091 0.443 0.508 0.798 -0.169 -0.057 -0.102 -0.427,245.78,-40.04,9.30,-11.43,-98.42,102.62,344,616,936,1096,0.529,0.392 0.883 -0.209 -0.427,3.4,1,0.000,0.000,0.5308,-0.62,,-1.000,0.0,0.0,0.0,,,26.3,-5.4,25.9
311,5.1833,swing,swingBottom,245.476,-45.854,8.505,11.050,-37.956,-1.236,39.552,39.532,7.392,278.59,-26.82,97.92,50.85,0.858,1,,0,0.00,0.00,0.00,246.153,-41.304,9.202,-98.46,-10.59,70.19,4.652,0.557,-0.02,1.00,1,0,0,0,0,0,-10.59,-0.54,-5.20,0.2857,0.1000,0.4444,1,4.652,0,0.475,0,swing,swingBottom,1.000,2,0.213 0.490 -0.093 0.441 0.502 0.802 -0.166 -0.061 -0.099 -0.432,245.97,-40.67,9.25,-11.01,-98.44,102.63,344,620,936,1096,0.530,0.392 0.884 -0.206 -0.434,3.2,1,0.000,0.000,0.5303,-0.59,,-1.000,0.0,0.0,0.0,,,26.1,-5.8,25.6
312,5.2000,swing,swingBottom,245.659,-46.486,8.489,11.013,-37.899,-0.717,39.474,39.467,7.376,278.59,-26.82,97.92,50.85,0.858,1,,0,0.00,0.00,0.00,246.339,-41.937,9.164,-98.49,-10.17,70.20,4.649,0.556,-0.02,1.00,1,0,0,0,0,0,-10.17,-0.35,-5.22,0.2872,0.0995,0.4461,1,4.649,0,0.477,0,swing,swingBottom,1.000,2,0.209 0.492 -0.094 0.439 0.497 0.806 -0.164 -0.064 -0.097 -0.437,246.15,-41.30,9.20,-10.59,-98.46,102.64,344,624,936,1096,0.530,0.392 0.885 -0.204 -0.440,3.0,1,0.000,0.000,0.5298,-0.56,,-1.000,0.0,0.0,0.0,,,26.0,-6.3,25.4
313,5.2167,swing,swingBottom,245.842,-47.117,8.482,10.970,-37.831,-0.201,39.390,39.389,7.369,278.59,-26.82,97.92,50.85,0.857,1,,0,0.00,0.00,0.00,246.524,-42.568,9.135,-98.52,-9.77,70.21,4.646,0.554,-0.02,1.00,1,0,0,0,0,0,-9.77,-0.18,-5.23,0.2889,0.0991,0.4478,1,4.646,0,0.479,0,swing,swingBottom,1.000,2,0.206 0.493 -0.094 0.438 0.492 0.809 -0.164 -0.070 -0.094 -0.444,246.34,-41.94,9.16,-10.17,-98.49,102.65,348,628,936,1092,0.530,0.393 0.886 -0.203 -0.449,2.8,1,0.000,0.000,0.5293,-0.53,,-1.000,0.0,0.0,0.0,,,26.0,-6.7,25.3
314,5.2333,swing,swingBottom,246.024,-47.747,8.482,10.956,-37.859,0.313,39.414,39.412,7.369,278.59,-26.82,97.92,50.85,0.856,1,,0,0.00,0.00,0.00,246.709,-43.199,9.115,-98.56,-9.37,70.22,4.643,0.553,-0.02,1.00,1,0,0,0,0,0,-9.37,-0.01,-5.25,0.2904,0.0987,0.4494,1,4.643,0,0.481,0,swing,swingBottom,1.000,2,0.203 0.495 -0.094 0.438 0.488 0.812 -0.165 -0.076 -0.092 -0.451,246.52,-42.57,9.14,-9.77,-98.52,102.66,348,628,936,1092,0.530,0.395 0.886 -0.203 -0.458,2.7,1,0.000,0.000,0.5288,-0.50,,-1.000,0.0,0.0,0.0,,,25.9,-7.1,25.2
315,5.2500,air,release,246.132,-48.119,8.559,12.888,-44.539,9.137,47.258,46.366,7.446,0.00,0.00,0.00,0.00,0.000,1,,0,0.00,0.00,0.00,246.920,-43.587,9.112,-99.86,-8.31,70.23,4.633,0.553,-0.02,1.00,0,0,0,0,0,0,-8.31,0.13,-5.27,0.3033,0.0928,0.4452,1,4.633,0,0.482,0,swing,swingBottom,1.000,2,0.166 0.516 -0.106 0.423 0.423 0.859 -0.131 -0.123 -0.064 -0.467,246.71,-43.20,9.11,-9.37,-98.56,102.67,348,632,936,1092,0.545,0.383 0.922 -0.234 -0.472,-1.0,0,0.000,0.000,0.5219,-0.48,,-1.000,0.0,0.0,0.0,,,22.3,-7.2,21.3
316,5.2667,air,release,246.346,-48.860,8.706,12.863,-44.450,8.737,47.091,46.273,7.593,0.00,0.00,0.00,0.00,0.000,1,,0,0.00,0.00,0.00,247.071,-44.317,9.144,-99.07,-6.81,70.24,4.621,0.556,-0.01,1.00,0,0,0,0,0,0,-6.81,0.23,-5.28,0.3100,0.0873,0.4374,1,4.621,0,0.483,0,air_tuck,swingBottom,1.000,1,0.139 0.535 -0.125 0.407 0.379 0.902 -0.128 -0.172 -0.038 -0.481,246.92,-43.59,9.11,-8.31,-99.86,102.68,340,636,928,1076,0.556,0.372 0.950 -0.261 -0.484,-1.0,0,0.000,0.000,0.5114,-0.46,,-1.000,0.0,0.0,0.0,,,19.3,-7.1,18.1
317,5.2833,air,release,246.560,-49.600,8.847,12.837,-44.361,8.337,46.927,46.181,7.734,0.00,0.00,0.00,0.00,0.000,1,,0,0.00,0.00,0.00,247.234,-45.049,9.211,-98.42,-5.86,70.25,4.614,0.562,-0.01,1.00,0,0,0,0,0,0,-5.86,0.30,-5.30,0.3147,0.0864,0.4372,1,4.614,0,0.483,0,air_tuck,swingBottom,1.000,1,0.126 0.546 -0.131 0.383 0.374 0.926 -0.147 -0.193 -0.046 -0.492,247.07,-44.32,9.14,-6.81,-99.07,102.70,328,628,916,1056,0.562,0.351 0.965 -0.269 -0.496,-1.0,0,0.000,0.000,0.5108,-0.43,,-1.000,0.0,0.0,0.0,,,16.9,-5.9,16.0
318,5.3000,air,release,246.774,-50.338,8.980,12.811,-44.272,7.937,46.767,46.088,7.867,0.00,0.00,0.00,0.00,0.000,1,,0,0.00,0.00,0.00,247.410,-45.782,9.304,-97.94,-5.32,70.27,4.611,0.570,-0.01,1.00,0,0,0,0,0,0,-5.32,0.33,-5.32,0.3172,0.0859,0.4384,1,4.611,0,0.484,0,air_tuck,swingBottom,1.000,1,0.130 0.551 -0.131 0.384 0.373 0.932 -0.153 -0.212 -0.046 -0.507,247.23,-45.05,9.21,-5.86,-98.42,102.71,328,632,916,1052,0.564,0.354 0.966 -0.281 -0.511,-1.0,0,0.000,0.000,0.5105,-0.41,,-1.000,0.0,0.0,0.0,,,16.4,-4.8,15.8
319,5.3167,air,release,246.987,-51.075,9.108,12.786,-44.184,7.537,46.610,45.996,7.995,0.00,0.00,0.00,0.00,0.000,1,,0,0.00,0.00,0.00,247.597,-46.515,9.412,-97.62,-5.07,70.28,4.610,0.580,-0.01,1.00,0,0,0,0,0,0,-5.07,0.34,-5.33,0.3206,0.0845,0.4393,1,4.610,0,0.484,0,air_tuck,swingBottom,1.000,1,0.126 0.557 -0.135 0.383 0.361 0.944 -0.148 -0.236 -0.037 -0.523,247.41,-45.78,9.30,-5.32,-97.94,102.72,328,636,912,1052,0.568,0.353 0.975 -0.300 -0.527,-1.0,0,0.000,0.000,0.5095,-0.39,,-1.000,0.0,0.0,0.0,,,14.8,-3.1,14.5
320,5.3333,air,release,247.200,-51.810,9.228,12.760,-44.095,7.137,46.456,45.904,8.115,0.00,0.00,0.00,0.00,0.000,1,,0,0.00,0.00,0.00,247.793,-47.248,9.528,-97.41,-5.01,70.30,4.610,0.591,-0.01,1.00,0,0,0,0,0,0,-5.01,0.31,-5.35,0.3244,0.0823,0.4399,1,4.610,0,0.484,0,air_tuck,swingBottom,1.000,1,0.116 0.566 -0.143 0.376 0.339 0.961 -0.133 -0.265 -0.019 -0.539,247.60,-46.52,9.41,-5.07,-97.62,102.74,324,640,912,1048,0.574,0.344 0.988 -0.327 -0.543,-1.0,0,0.000,0.000,0.5078,-0.37,,-1.000,0.0,0.0,0.0,,,12.5,-1.0,12.4
321,5.3500,air,release,247.412,-52.544,9.342,12.735,-44.007,6.737,46.305,45.813,8.229,0.00,0.00,0.00,0.00,0.000,1,,0,0.00,0.00,0.00,247.995,-47.981,9.646,-97.28,-5.06,70.32,4.610,0.603,-0.01,1.00,0,0,0,0,0,0,-5.06,0.26,-5.37,0.3272,0.0799,0.4404,1,4.610,0,0.484,0,air_tuck,swingBottom,1.000,1,0.100 0.574 -0.149 0.361 0.314 0.979 -0.110 -0.300 0.008 -0.550,247.79,-47.25,9.53,-5.01,-97.41,102.76,324,640,912,1044,0.579,0.327 1.003 -0.361 -0.554,-1.0,0,0.000,0.000,0.5060,-0.36,,-1.000,0.0,0.0,0.0,,,9.7,1.9,9.5
322,5.3667,air,release,247.624,-53.276,9.450,12.709,-43.919,6.337,46.158,45.721,8.337,0.00,0.00,0.00,0.00,0.000,1,,0,0.00,0.00,0.00,248.201,-48.712,9.763,-97.21,-5.18,70.34,4.611,0.616,-0.02,1.00,0,0,0,0,0,0,-5.18,0.18,-5.38,0.3282,0.0775,0.4409,1,4.611,0,0.484,0,air_tuck,swingBottom,1.000,1,0.082 0.581 -0.155 0.337 0.292 0.998 -0.081 -0.343 0.044 -0.555,248.00,-47.98,9.65,-5.06,-97.28,102.78,324,644,912,1040,0.581,0.299 1.018 -0.402 -0.559,-1.0,0,0.000,0.000,0.5043,-0.34,,-1.000,0.0,0.0,0.0,,,8.2,5.7,6.0
323,5.3833,air,release,247.836,-54.007,9.550,12.684,-43.831,5.937,46.014,45.630,8.437,0.00,0.00,0.00,0.00,0.000,1,,0,0.00,0.00,0.00,248.409,-49.443,9.876,-97.16,-5.34,70.36,4.612,0.628,-0.02,1.00,0,0,0,0,0,0,-5.34,0.09,-5.40,0.3253,0.0767,0.4419,1,4.612,0,0.484,0,air_tuck,swingBottom,1.000,1,0.063 0.582 -0.153 0.302 0.290 1.012 -0.048 -0.392 0.084 -0.550,248.20,-48.71,9.76,-5.18,-97.21,102.80,324,644,908,1040,0.576,0.260 1.024 -0.448 -0.552,-1.0,0,0.000,0.000,0.5039,-0.32,,-1.000,0.0,0.0,0.0,,,10.8,10.6,1.9
324,5.4000,air,release,248.047,-54.736,9.644,12.658,-43.744,5.537,45.874,45.538,8.531,0.00,0.00,0.00,0.00,0.000,1,,0,0.00,0.00,0.00,248.618,-50.172,9.984,-97.14,-5.52,70.37,4.613,0.641,-0.02,1.00,0,0,0,0,0,0,-5.52,-0.02,-5.42,0.3170,0.0777,0.4441,1,4.613,0,0.484,0,air_tuck,swingBottom,1.000,1,0.047 0.573 -0.143 0.255 0.317 1.012 -0.014 -0.441 0.127 -0.533,248.41,-49.44,9.88,-5.34,-97.16,102.82,332,640,908,1040,0.560,0.207 1.016 -0.491 -0.533,-1.0,0,0.000,0.000,0.5048,-0.31,,-1.000,0.0,0.0,0.0,,,17.1,16.9,-2.5
325,5.4167,air,release,248.257,-55.464,9.731,12.633,-43.656,5.137,45.737,45.447,8.618,0.00,0.00,0.00,0.00,0.000,1,,0,0.00,0.00,0.00,248.827,-50.900,10.087,-97.12,-5.71,70.39,4.614,0.654,-0.02,1.00,0,0,0,0,0,0,-5.71,-0.15,-5.43,0.2987,0.0814,0.4494,1,4.614,0,0.484,0,air_tuck,releaseTuck,1.000,1,0.039 0.550 -0.124 0.196 0.386 0.977 0.017 -0.482 0.164 -0.505,248.62,-50.17,9.98,-5.52,-97.14,102.84,344,640,912,1048,0.528,0.144 0.968 -0.525 -0.502,-1.0,0,0.000,0.000,0.5079,-0.29,,-1.000,0.0,0.0,0.0,,,25.6,24.8,-7.1
326,5.4333,air,release,248.468,-56.191,9.812,12.608,-43.569,4.737,45.603,45.356,8.699,0.00,0.00,0.00,0.00,0.000,1,,0,0.00,0.00,0.00,249.037,-51.626,10.184,-97.10,-5.91,70.41,4.615,0.667,-0.02,1.00,0,0,0,0,0,0,-5.91,-0.29,-5.45,0.2670,0.0872,0.4594,1,4.615,0,0.484,0,air_tuck,releaseTuck,1.000,1,0.040 0.507 -0.096 0.127 0.494 0.872 0.035 -0.505 0.192 -0.466,248.83,-50.90,10.09,-5.71,-97.12,102.86,372,632,912,1060,0.475,0.070 0.849 -0.538 -0.459,-1.0,0,0.000,0.000,0.5127,-0.28,,-1.000,0.0,0.0,0.0,,,35.5,34.3,-11.6
327,5.4500,air,release,248.677,-56.916,9.886,12.583,-43.482,4.337,45.473,45.266,8.773,0.00,0.00,0.00,0.00,0.000,1,,0,0.00,0.00,0.00,249.245,-52.351,10.274,-97.09,-6.11,70.43,4.616,0.679,-0.02,1.00,0,0,0,0,0,0,-6.11,-0.43,-5.47,0.2298,0.0909,0.4783,1,4.616,0,0.484,0,air_tuck,releaseTuck,1.000,1,0.050 0.442 -0.068 0.050 0.588 0.681 0.043 -0.510 0.210 -0.422,249.04,-51.63,10.18,-5.91,-97.10,102.88,408,628,916,1068,0.399,-0.011 0.643 -0.532 -0.411,-1.0,0,0.000,0.000,0.5167,-0.26,,-1.000,0.0,0.0,0.0,,,46.6,45.3,-16.8
328,5.4667,air,release,248.887,-57.639,9.953,12.557,-43.395,3.937,45.347,45.175,8.840,0.00,0.00,0.00,0.00,0.000,1,,0,0.00,0.00,0.00,249.453,-53.074,10.358,-97.07,-6.31,70.45,4.618,0.691,-0.02,1.00,0,0,0,0,0,0,-6.31,-0.58,-5.48,0.1932,0.0888,0.4961,1,4.618,0,0.484,0,air_tuck,releaseTuck,1.000,1,0.067 0.358 -0.042 -0.029 0.620 0.412 0.038 -0.485 0.218 -0.370,249.25,-52.35,10.27,-6.11,-97.09,102.90,444,628,920,1068,0.307,-0.091 0.364 -0.495 -0.355,-1.0,0,0.000,0.000,0.5179,-0.25,,-1.000,0.0,0.0,0.0,,,58.0,57.0,-23.2
329,5.4833,air,release,249.096,-58.362,10.014,12.532,-43.308,3.537,45.224,45.085,8.901,0.00,0.00,0.00,0.00,0.000,1,,0,0.00,0.00,0.00,249.660,-53.796,10.435,-97.04,-6.50,70.47,4.619,0.702,-0.02,1.00,0,0,0,0,0,0,-6.50,-0.74,-5.50,0.1715,0.0836,0.5018,1,4.619,0,0.484,0,air_tuck,releaseTuck,1.000,1,0.094 0.306 -0.012 -0.058 0.605 0.261 0.032 -0.446 0.218 -0.335,249.45,-53.07,10.36,-6.31,-97.07,102.92,456,624,924,1064,0.250,-0.123 0.214 -0.451 -0.320,-1.0,0,0.000,0.000,0.5178,-0.24,,-1.000,0.0,0.0,0.0,,,64.2,63.7,-24.7
330,5.5000,air,release,249.304,-59.082,10.069,12.507,-43.222,3.227,45.110,44.995,8.956,0.00,0.00,0.00,0.00,0.000,1,,0,0.00,0.00,0.00,249.866,-54.517,10.505,-97.01,-6.69,70.49,4.621,0.713,-0.02,1.00,0,0,0,0,0,0,-6.69,-0.90,-5.52,0.1589,0.0759,0.5012,1,4.621,0,0.484,0,air_tuck,releaseTuck,1.000,1,0.125 0.252 0.014 -0.084 0.558 0.144 0.019 -0.401 0.211 -0.300,249.66,-53.80,10.43,-6.50,-97.04,102.94,460,616,932,1052,0.193,-0.150 0.098 -0.402 -0.284,-1.0,0,0.000,0.000,0.5165,-0.23,,-1.000,0.0,0.0,0.0,,,70.3,70.0,-25.5
331,5.5167,air,release,249.513,-59.802,10.120,12.482,-43.135,3.007,45.006,44.905,9.007,0.00,0.00,0.00,0.00,0.000,1,,0,0.00,0.00,0.00,250.072,-55.236,10.570,-96.98,-6.84,70.51,4.622,0.723,-0.03,1.00,0,0,0,0,0,0,-6.84,-1.06,-5.53,0.1477,0.0706,0.5003,1,4.622,0,0.485,0,air_tuck,releaseTuck,1.000,1,0.154 0.201 0.036 -0.115 0.523 0.076 0.006 -0.364 0.203 -0.272,249.87,-54.52,10.51,-6.69,-97.01,102.96,468,612,928,1048,0.140,-0.181 0.031 -0.362 -0.256,-1.0,0,0.000,0.000,0.5157,-0.22,,-1.000,0.0,0.0,0.0,,,75.8,75.7,-25.6
332,5.5333,air,release,249.720,-60.519,10.167,12.457,-43.049,2.787,44.902,44.815,9.054,0.00,0.00,0.00,0.00,0.000,1,,0,0.00,0.00,0.00,250.276,-55.953,10.629,-96.94,-6.97,70.53,4.623,0.733,-0.03,1.00,0,0,0,0,0,0,-6.97,-1.22,-5.55,0.1365,0.0659,0.4990,1,4.623,0,0.485,0,air_tuck,releaseTuck,1.000,1,0.182 0.153 0.052 -0.142 0.490 0.031 -0.009 -0.328 0.192 -0.247,250.07,-55.24,10.57,-6.84,-96.98,102.98,472,604,928,1040,0.090,-0.208 -0.013 -0.323 -0.230,-1.0,0,0.000,0.000,0.5149,-0.21,,-1.000,0.0,0.0,0.0,,,80.9,80.8,-24.1
333,5.5500,air,release,249.928,-61.236,10.211,12.432,-42.963,2.567,44.799,44.726,9.098,0.00,0.00,0.00,0.00,0.000,1,,0,0.00,0.00,0.00,250.480,-56.669,10.684,-96.90,-7.08,70.55,4.624,0.742,-0.03,1.00,0,0,0,0,0,0,-7.08,-1.37,-5.57,0.1270,0.0645,0.4982,1,4.624,0,0.485,0,air_tuck,releaseTuck,1.000,1,0.206 0.109 0.064 -0.170 0.472 -0.004 -0.023 -0.301 0.179 -0.229,250.28,-55.95,10.63,-6.97,-96.94,103.00,476,596,928,1036,0.045,-0.236 -0.047 -0.296 -0.212,-1.0,0,0.000,0.000,0.5140,-0.20,,-1.000,0.0,0.0,0.0,,,85.4,85.4,-19.1
334,5.5667,air,release,250.134,-61.951,10.251,12.408,-42.877,2.347,44.698,44.636,9.138,0.00,0.00,0.00,0.00,0.000,1,,0,0.00,0.00,0.00,250.683,-57.384,10.734,-96.85,-7.19,70.56,4.625,0.750,-0.03,1.00,0,0,0,0,0,0,-7.19,-1.53,-5.58,0.1176,0.0635,0.4976,1,4.625,0,0.485,0,air_tuck,releaseTuck,1.000,1,0.224 0.069 0.064 -0.190 0.457 -0.039 -0.043 -0.279 0.162 -0.221,250.48,-56.67,10.68,-7.08,-96.90,103.01,480,592,928,1036,0.005,-0.256 -0.081 -0.272 -0.203,-1.0,0,0.000,0.000,0.5132,-0.19,,-1.000,0.0,0.0,0.0,,,89.5,89.5,44.6
335,5.5833,air,release,250.341,-62.664,10.287,12.383,-42.791,2.127,44.598,44.547,9.174,0.00,0.00,0.00,0.00,0.000,1,,0,0.00,0.00,0.00,250.885,-58.097,10.780,-96.79,-7.29,70.58,4.626,0.758,-0.04,1.00,0,0,0,0,0,0,-7.29,-1.67,-5.60,0.1102,0.0645,0.4976,1,4.626,0,0.486,0,air_tuck,releaseTuck,1.000,1,0.235 0.035 0.058 -0.208 0.447 -0.071 -0.060 -0.266 0.146 -0.219,250.68,-57.38,10.73,-7.19,-96.85,103.03,484,588,928,1032,-0.029,-0.275 -0.113 -0.259 -0.201,-1.0,0,0.000,0.000,0.5118,-0.18,,-1.000,0.0,0.0,0.0,,,93.0,93.0,147.3
336,5.6000,air,release,250.547,-63.377,10.320,12.358,-42.706,1.907,44.499,44.458,9.207,0.00,0.00,0.00,0.00,0.000,1,,0,0.00,0.00,0.00,251.086,-58.808,10.822,-96.73,-7.38,70.60,4.627,0.765,-0.04,1.00,0,0,0,0,0,0,-7.38,-1.82,-5.62,0.1042,0.0658,0.4977,1,4.627,0,0.486,0,air_tuck,releaseTuck,1.000,1,0.240 0.007 0.046 -0.220 0.437 -0.101 -0.077 -0.257 0.132 -0.222,250.88,-58.10,10.78,-7.29,-96.79,103.05,484,584,928,1032,-0.057,-0.287 -0.143 -0.250 -0.204,-1.0,0,0.000,0.000,0.5103,-0.17,,-1.000,0.0,0.0,0.0,,,95.8,95.8,155.9
337,5.6167,air,release,250.753,-64.087,10.349,12.333,-42.620,1.687,44.401,44.369,9.236,0.00,0.00,0.00,0.00,0.000,1,,0,0.00,0.00,0.00,251.287,-59.518,10.861,-96.67,-7.47,70.61,4.628,0.772,-0.04,1.00,0,0,0,0,0,0,-7.47,-1.96,-5.63,0.1006,0.0671,0.4983,1,4.628,0,0.486,0,air_tuck,releaseTuck,1.000,1,0.238 -0.011 0.031 -0.226 0.430 -0.130 -0.093 -0.257 0.118 -0.232,251.09,-58.81,10.82,-7.38,-96.73,103.07,484,584,928,1032,-0.076,-0.293 -0.172 -0.250 -0.213,-1.0,0,0.000,0.000,0.5090,-0.16,,-1.000,0.0,0.0,0.0,,,97.8,97.8,161.5
338,5.6333,air,release,250.957,-64.797,10.374,12.217,-42.562,1.467,44.305,44.280,9.261,0.00,0.00,0.00,0.00,0.000,1,,0,0.00,0.00,0.00,251.487,-60.227,10.895,-96.61,-7.56,70.63,4.629,0.778,-0.04,1.00,0,0,0,0,0,0,-7.56,-2.09,-5.65,0.0994,0.0682,0.4976,1,4.629,0,0.487,0,air_tuck,releaseTuck,1.000,1,0.235 -0.029 0.014 -0.231 0.420 -0.159 -0.109 -0.256 0.103 -0.242,251.29,-59.52,10.86,-7.47,-96.67,103.08,484,584,924,1028,-0.095,-0.299 -0.202 -0.248 -0.221,-1.0,0,0.000,0.000,0.5077,-0.15,,-1.000,0.0,0.0,0.0,,,99.8,99.8,165.6
339,5.6500,air,apex,251.158,-65.506,10.396,12.060,-42.514,1.247,44.209,44.192,9.283,0.00,0.00,0.00,0.00,0.000,1,,0,0.00,0.00,0.00,251.685,-60.936,10.926,-96.57,-7.64,70.65,4.630,0.783,-0.05,1.00,0,0,0,0,0,0,-7.64,-2.22,-5.67,0.0990,0.0691,0.4973,1,4.630,0,0.487,0,air_tuck,releaseTuck,1.000,1,0.229 -0.046 -0.005 -0.235 0.409 -0.190 -0.126 -0.256 0.088 -0.251,251.49,-60.23,10.90,-7.56,-96.61,103.10,488,580,924,1028,-0.113,-0.304 -0.233 -0.247 -0.230,-1.0,0,0.000,0.000,0.5064,-0.14,,-1.000,0.0,0.0,0.0,,,101.6,101.6,169.3
340,5.6667,air,apex,251.357,-66.214,10.414,11.863,-42.478,1.027,44.115,44.103,9.301,0.00,0.00,0.00,0.00,0.000,1,,0,0.00,0.00,0.00,251.882,-61.644,10.954,-96.55,-7.73,70.66,4.632,0.788,-0.05,1.00,0,0,0,0,0,0,-7.73,-2.34,-5.68,0.0995,0.0698,0.4977,1,4.632,0,0.487,0,air_tuck,releaseTuck,1.000,1,0.221 -0.063 -0.025 -0.239 0.396 -0.220 -0.143 -0.255 0.072 -0.260,251.68,-60.94,10.93,-7.64,-96.57,103.12,488,580,920,1024,-0.131,-0.309 -0.264 -0.245 -0.238,-1.0,0,0.001,0.000,0.5050,-0.14,,-1.000,0.0,0.0,0.0,,,103.5,103.5,172.6
341,5.6833,air,apex,251.552,-66.921,10.428,11.625,-42.452,0.807,44.023,44.015,9.315,0.00,0.00,0.00,0.00,0.000,1,,0,0.00,0.00,0.00,252.076,-62.351,10.977,-96.54,-7.81,70.68,4.633,0.792,-0.05,1.00,0,0,0,0,0,0,-7.81,-2.46,-5.70,0.0998,0.0703,0.4981,1,4.633,0,0.488,0,air_tuck,releaseTuck,1.000,1,0.212 -0.078 -0.045 -0.242 0.381 -0.249 -0.159 -0.253 0.057 -0.267,251.88,-61.64,10.95,-7.73,-96.55,103.13,488,580,916,1024,-0.147,-0.312 -0.294 -0.243 -0.245,-1.0,0,0.000,0.000,0.5036,-0.13,,-1.000,0.0,0.0,0.0,,,105.1,105.1,175.7
342,5.7000,air,apex,251.742,-67.629,10.439,11.348,-42.436,0.587,43.931,43.927,9.326,0.00,0.00,0.00,0.00,0.000,1,,0,0.00,0.00,0.00,252.267,-63.059,10.997,-96.55,-7.90,70.69,4.634,0.796,-0.06,1.00,0,0,0,0,0,0,-7.90,-2.57,-5.72,0.0998,0.0706,0.4985,1,4.634,0,0.488,0,air_rise,releaseTuck,1.000,1,0.201 -0.094 -0.066 -0.245 0.364 -0.278 -0.175 -0.249 0.041 -0.273,252.08,-62.35,10.98,-7.81,-96.54,103.15,488,580,912,1024,-0.163,-0.315 -0.323 -0.239 -0.250,-1.0,0,0.000,0.000,0.5022,-0.12,,-1.000,0.0,0.0,0.0,,,106.9,106.9,178.6
343,5.7167,air,apex,251.927,-68.336,10.446,11.030,-42.429,0.367,43.841,43.840,9.333,0.00,0.00,0.00,0.00,0.000,1,,0,0.00,0.00,0.00,252.455,-63.766,11.013,-96.59,-7.98,70.70,4.635,0.799,-0.06,1.00,0,0,0,0,0,0,-7.98,-2.68,-5.73,0.1018,0.0709,0.4995,1,4.635,0,0.488,0,air_rise,releaseTuck,1.000,1,0.192 -0.092 -0.082 -0.239 0.350 -0.297 -0.190 -0.250 0.027 -0.285,252.27,-63.06,11.00,-7.90,-96.55,103.16,484,584,908,1024,-0.163,-0.311 -0.343 -0.239 -0.261,-1.0,0,0.000,0.000,0.5010,-0.12,,-1.000,0.0,0.0,0.0,,,106.8,106.8,-179.1
344,5.7333,air,apex,252.107,-69.043,10.449,10.672,-42.430,0.147,43.752,43.752,9.336,0.00,0.00,0.00,0.00,0.000,1,,0,0.00,0.00,0.00,252.639,-64.474,11.026,-96.64,-8.06,70.72,4.636,0.802,-0.06,1.00,0,0,0,0,0,0,-8.06,-2.78,-5.75,0.1073,0.0719,0.5015,1,4.636,0,0.489,0,air_rise,releaseTuck,1.000,1,0.190 -0.064 -0.086 -0.219 0.343 -0.299 -0.208 -0.262 0.010 -0.311,252.45,-63.77,11.01,-7.98,-96.59,103.18,484,588,908,1024,-0.137,-0.295 -0.350 -0.250 -0.285,-1.0,0,0.000,0.000,0.5000,-0.11,,-1.000,0.0,0.0,0.0,,,104.0,104.0,-178.1
345,5.7500,air,apex,252.280,-69.750,10.449,10.275,-42.438,-0.073,43.664,43.664,9.336,0.00,0.00,0.00,0.00,0.000,1,,0,0.00,0.00,0.00,252.817,-65.182,11.035,-96.71,-8.14,70.73,4.637,0.804,-0.07,1.00,0,0,0,0,0,0,-8.14,-2.87,-5.77,0.1158,0.0735,0.5045,1,4.637,0,0.489,0,air_rise,releaseTuck,1.000,1,0.197 -0.009 -0.077 -0.181 0.344 -0.280 -0.227 -0.280 -0.008 -0.347,252.64,-64.47,11.03,-8.06,-96.64,103.19,484,596,904,1028,-0.084,-0.262 -0.337 -0.268 -0.320,-1.0,0,0.000,0.000,0.4993,-0.11,,-1.000,0.0,0.0,0.0,,,98.5,98.5,179.1
346,5.7667,air,apex,252.446,-70.458,10.445,9.837,-42.452,-0.293,43.578,43.577,9.332,0.00,0.00,0.00,0.00,0.000,1,,0,0.00,0.00,0.00,252.991,-65.890,11.040,-96.80,-8.22,70.74,4.638,0.805,-0.07,1.00,0,0,0,0,0,0,-8.22,-2.96,-5.78,0.1325,0.0761,0.5054,1,4.638,0,0.490,0,air_rise,releaseTuck,1.000,1,0.211 0.070 -0.053 -0.121 0.355 -0.234 -0.249 -0.307 -0.028 -0.394,252.82,-65.18,11.03,-8.14,-96.71,103.20,476,608,900,1028,-0.006,-0.209 -0.300 -0.296 -0.365,-1.0,0,0.000,0.000,0.4989,-0.10,,-1.000,0.0,0.0,0.0,,,90.6,90.6,108.6
347,5.7833,air,apex,252.604,-71.165,10.438,9.360,-42.471,-0.513,43.493,43.490,9.325,0.00,0.00,0.00,0.00,0.000,1,,0,0.00,0.00,0.00,253.158,-66.599,11.041,-96.92,-8.29,70.75,4.639,0.806,-0.07,1.00,0,0,0,0,0,0,-8.29,-3.04,-5.80,0.1538,0.0792,0.5058,1,4.639,0,0.490,0,air_rise,releaseTuck,1.000,1,0.230 0.168 -0.012 -0.031 0.375 -0.154 -0.271 -0.341 -0.050 -0.449,252.99,-65.89,11.04,-8.22,-96.80,103.22,468,620,896,1032,0.095,-0.127 -0.228 -0.332 -0.419,-1.0,0,0.000,0.000,0.4989,-0.10,,-1.000,0.0,0.0,0.0,,,80.6,80.5,25.2
348,5.8000,air,apex,252.753,-71.874,10.426,8.842,-42.493,-0.733,43.409,43.403,9.313,0.00,0.00,0.00,0.00,0.000,1,,0,0.00,0.00,0.00,253.318,-67.308,11.039,-97.05,-8.37,70.76,4.641,0.806,-0.08,1.00,0,0,0,0,0,0,-8.37,-3.12,-5.82,0.1771,0.0829,0.5059,1,4.641,0,0.490,0,air_rise,releaseTuck,1.000,1,0.250 0.277 0.044 0.090 0.406 -0.037 -0.293 -0.379 -0.072 -0.509,253.16,-66.60,11.04,-8.29,-96.92,103.23,452,632,896,1032,0.210,-0.011 -0.118 -0.373 -0.478,-1.0,0,0.000,0.000,0.4995,-0.09,,-1.000,0.0,0.0,0.0,,,68.8,68.6,21.2
349,5.8167,air,apex,252.894,-72.582,10.411,8.284,-42.517,-0.953,43.327,43.316,9.298,0.00,0.00,0.00,0.00,0.000,1,,0,0.00,0.00,0.00,253.471,-68.019,11.033,-97.21,-8.45,70.78,4.642,0.805,-0.08,1.00,0,0,0,0,0,0,-8.45,-3.19,-5.83,0.2003,0.0866,0.5060,1,4.642,0,0.491,0,air_rise,airRise,1.000,1,0.264 0.384 0.109 0.240 0.441 0.114 -0.312 -0.417 -0.093 -0.571,253.32,-67.31,11.04,-8.37,-97.05,103.24,428,644,896,1036,0.328,0.138 0.030 -0.418 -0.542,-1.0,0,0.000,0.000,0.5006,-0.09,,-1.000,0.0,0.0,0.0,,,55.8,54.9,20.6
350,5.8333,air,apex,253.024,-73.291,10.393,7.687,-42.541,-1.173,43.246,43.230,9.280,0.00,0.00,0.00,0.00,0.000,1,,0,0.00,0.00,0.00,253.616,-68.729,11.024,-97.39,-8.52,70.79,4.643,0.804,-0.08,1.00,0,0,0,0,0,0,-8.52,-3.26,-5.85,0.2251,0.0897,0.5042,1,4.643,0,0.491,0,air_rise,airRise,1.000,1,0.265 0.471 0.172 0.401 0.472 0.280 -0.326 -0.452 -0.111 -0.631,253.47,-68.02,11.03,-8.45,-97.21,103.25,408,656,896,1040,0.432,0.305 0.201 -0.460 -0.604,-1.0,0,0.000,0.000,0.5021,-0.08,,-1.000,0.0,0.0,0.0,,,42.6,40.1,20.6
351,5.8500,air,apex,253.144,-74.000,10.370,7.049,-42.564,-1.393,43.166,43.143,9.257,0.00,0.00,0.00,0.00,0.000,1,,0,0.00,0.00,0.00,253.752,-69.441,11.011,-97.59,-8.59,70.80,4.644,0.803,-0.09,1.00,0,0,0,0,0,0,-8.59,-3.32,-5.87,0.2477,0.0914,0.5016,1,4.644,0,0.492,0,air_rise,airRise,1.000,1,0.250 0.527 0.223 0.551 0.489 0.439 -0.333 -0.479 -0.126 -0.684,253.62,-68.73,11.02,-8.52,-97.39,103.26,396,664,896,1044,0.508,0.470 0.372 -0.497 -0.661,-1.0,0,0.000,0.000,0.5037,-0.08,,-1.000,0.0,0.0,0.0,,,30.6,24.6,20.5
352,5.8667,air,apex,253.253,-74.710,10.344,6.372,-42.583,-1.613,43.087,43.057,9.231,0.00,0.00,0.00,0.00,0.000,1,,0,0.00,0.00,0.00,253.879,-70.153,10.994,-97.82,-8.67,70.80,4.646,0.801,-0.09,1.00,0,0,0,0,0,0,-8.67,-3.38,-5.88,0.2762,0.0914,0.4938,1,4.646,0,0.492,0,air_rise,airRise,1.000,1,0.221 0.546 0.251 0.670 0.486 0.568 -0.334 -0.498 -0.135 -0.728,253.75,-69.44,11.01,-8.59,-97.59,103.27,384,668,896,1044,0.548,0.608 0.518 -0.526 -0.709,-1.0,0,0.000,0.000,0.5050,-0.08,,-1.000,0.0,0.0,0.0,,,22.2,9.9,20.2
353,5.8833,air,apex,253.351,-75.420,10.315,5.655,-42.597,-1.833,43.010,42.971,9.202,0.00,0.00,0.00,0.00,0.000,1,,0,0.00,0.00,0.00,253.996,-70.865,10.973,-98.06,-8.74,70.81,4.647,0.799,-0.09,1.00,0,0,0,0,0,0,-8.74,-3.43,-5.90,0.2984,0.0898,0.4872,1,4.647,0,0.493,0,air_rise,airRise,1.000,1,0.184 0.538 0.258 0.748 0.465 0.657 -0.330 -0.510 -0.139 -0.762,253.88,-70.15,10.99,-8.67,-97.82,103.28,380,672,900,1044,0.557,0.707 0.628 -0.547 -0.748,-1.0,0,0.000,0.000,0.5057,-0.07,,-1.000,0.0,0.0,0.0,,,19.9,-3.2,19.6
354,5.9000,air,apex,253.436,-76.130,10.281,4.898,-42.604,-2.053,42.934,42.885,9.168,0.00,0.00,0.00,0.00,0.000,1,,0,0.00,0.00,0.00,254.102,-71.578,10.949,-98.33,-8.81,70.82,4.648,0.796,-0.10,1.00,0,0,0,0,0,0,-8.81,-3.48,-5.92,0.3144,0.0873,0.4821,1,4.648,0,0.493,0,air_rise,airRise,1.000,1,0.146 0.514 0.248 0.789 0.432 0.710 -0.323 -0.519 -0.137 -0.785,254.00,-70.87,10.97,-8.74,-98.06,103.29,368,676,904,1044,0.548,0.768 0.698 -0.563 -0.776,-1.0,0,0.000,0.000,0.5059,-0.07,,-1.000,0.0,0.0,0.0,,,22.6,-13.6,18.7
355,5.9167,air,apex,253.507,-76.840,10.244,4.102,-42.602,-2.273,42.860,42.799,9.131,0.00,0.00,0.00,0.00,0.000,1,,0,0.00,0.00,0.00,254.197,-72.292,10.921,-98.63,-8.88,70.83,4.650,0.793,-0.10,1.00,0,0,0,0,0,0,-8.88,-3.52,-5.93,0.3242,0.0845,0.4791,1,4.650,0,0.494,0,air_rise,airRise,1.000,1,0.113 0.488 0.230 0.807 0.396 0.737 -0.316 -0.528 -0.132 -0.801,254.10,-71.58,10.95,-8.81,-98.33,103.30,360,676,904,1040,0.532,0.800 0.739 -0.576 -0.794,-1.0,0,0.000,0.000,0.5057,-0.06,,-1.000,0.0,0.0,0.0,,,26.4,-21.0,17.5
356,5.9333,air,apex,253.565,-77.550,10.204,3.267,-42.589,-2.493,42.787,42.714,9.091,0.00,0.00,0.00,0.00,0.000,1,,0,0.00,0.00,0.00,254.280,-73.006,10.890,-98.94,-8.94,70.84,4.651,0.790,-0.10,0.99,0,0,0,0,0,0,-8.94,-3.55,-5.95,0.3296,0.0817,0.4780,1,4.651,0,0.494,0,air_rise,airRise,1.000,1,0.090 0.471 0.211 0.813 0.366 0.751 -0.310 -0.539 -0.122 -0.811,254.20,-72.29,10.92,-8.88,-98.63,103.31,356,680,904,1036,0.520,0.815 0.760 -0.589 -0.804,-1.0,0,0.000,0.000,0.5052,-0.06,,-1.000,0.0,0.0,0.0,,,28.8,-25.1,16.1
357,5.9500,air,apex,253.609,-78.259,10.160,2.393,-42.561,-2.713,42.715,42.628,9.047,0.00,0.00,0.00,0.00,0.000,1,,0,0.00,0.00,0.00,254.351,-73.720,10.855,-99.28,-9.01,70.84,4.652,0.787,-0.10,0.99,0,0,0,0,0,0,-9.01,-3.58,-5.97,0.3317,0.0794,0.4783,1,4.652,0,0.495,0,air_rise,airRise,1.000,1,0.079 0.471 0.195 0.817 0.347 0.759 -0.304 -0.552 -0.109 -0.815,254.28,-73.01,10.89,-8.94,-98.94,103.31,356,680,908,1036,0.520,0.819 0.769 -0.601 -0.806,-1.0,0,0.000,0.000,0.5044,-0.06,,-1.000,0.0,0.0,0.0,,,28.8,-25.8,14.6
358,5.9667,air,apex,253.637,-78.968,10.112,1.481,-42.517,-2.933,42.644,42.543,8.999,0.00,0.00,0.00,0.00,0.000,1,,0,0.00,0.00,0.00,254.409,-74.433,10.816,-99.65,-9.08,70.85,4.654,0.784,-0.11,0.99,0,0,0,0,0,0,-9.08,-3.61,-5.98,0.3323,0.0770,0.4793,1,4.654,0,0.495,0,air_rise,airRise,1.000,1,0.072 0.480 0.178 0.821 0.331 0.767 -0.296 -0.568 -0.092 -0.815,254.35,-73.72,10.85,-9.01,-99.28,103.32,356,680,908,1032,0.528,0.819 0.773 -0.614 -0.803,-1.0,0,0.000,0.000,0.5036,-0.06,,-1.000,0.0,0.0,0.0,,,27.1,-24.6,13.1
359,5.9833,air,apex,253.650,-79.676,10.060,0.531,-42.455,-3.153,42.575,42.458,8.947,0.00,0.00,0.00,0.00,0.000,1,,0,0.00,0.00,0.00,254.452,-75.147,10.773,-100.04,-9.14,70.86,4.655,0.780,-0.11,0.99,0,0,0,0,0,0,-9.14,-3.63,-6.00,0.3328,0.0738,0.4803,1,4.655,0,0.496,0,air_rise,airRise,1.000,1,0.061 0.491 0.156 0.824 0.311 0.777 -0.285 -0.585 -0.070 -0.815,254.41,-74.43,10.82,-9.08,-99.65,103.33,356,684,908,1028,0.537,0.818 0.778 -0.628 -0.798,-1.0,0,0.000,0.000,0.5027,-0.05,,-1.000,0.0,0.0,0.0,,,25.3,-23.2,11.1
360,6.0000,air,apex,253.651,-80.383,10.005,0.000,-42.373,-3.373,42.507,42.373,8.892,0.00,0.00,0.00,0.00,0.000,1,,0,0.00,0.00,0.00,254.483,-75.858,10.727,-100.42,-9.20,70.86,4.656,0.776,-0.11,0.99,0,0,0,0,0,0,-9.20,-3.64,-6.02,0.3329,0.0707,0.4813,1,4.656,0,0.497,0,air_rise,airRise,1.000,1,0.048 0.502 0.130 0.827 0.286 0.786 -0.269 -0.605 -0.043 -0.813,254.45,-75.15,10.77,-9.14,-100.04,103.33,356,684,908,1028,0.546,0.816 0.782 -0.644 -0.792,-1.0,0,0.000,0.000,0.5023,-0.05,,-1.000,0.0,0.0,0.0,,,23.1,-21.6,9.2
361,6.0167,air,apex,253.651,-81.088,9.946,0.000,-42.289,-3.593,42.441,42.289,8.833,0.00,0.00,0.00,0.00,0.000,1,,0,0.00,0.00,0.00,254.502,-76.567,10.678,-100.66,-9.26,70.87,4.658,0.773,-0.11,0.99,0,0,0,0,0,0,-9.26,-3.65,-6.03,0.3324,0.0679,0.4824,1,4.658,0,0.497,0,air_rise,airRise,1.000,1,0.035 0.513 0.106 0.828 0.263 0.793 -0.254 -0.622 -0.019 -0.810,254.48,-75.86,10.73,-9.20,-100.42,103.34,356,684,912,1024,0.554,0.812 0.784 -0.657 -0.784,-1.0,0,0.000,0.000,0.5019,-0.05,,-1.000,0.0,0.0,0.0,,,21.0,-19.9,7.5
362,6.0333,air,apex,253.651,-81.792,9.881,0.000,-42.204,-3.993,42.393,42.204,8.768,0.00,0.00,0.00,0.00,0.000,1,,0,0.00,0.00,0.00,254.512,-77.273,10.624,-100.79,-9.35,70.87,4.660,0.769,-0.12,0.99,0,0,0,0,0,0,-9.35,-3.65,-6.05,0.3311,0.0649,0.4836,1,4.660,0,0.498,0,air_rise,airRise,1.000,1,0.022 0.523 0.081 0.827 0.239 0.798 -0.238 -0.638 0.006 -0.805,254.50,-76.57,10.68,-9.26,-100.66,103.34,360,688,912,1020,0.561,0.806 0.784 -0.669 -0.774,-1.0,0,0.000,0.000,0.5015,-0.05,,-1.000,0.0,0.0,0.0,,,18.9,-18.1,5.8
363,6.0500,swing,swingLow,253.675,-82.448,9.669,2.869,-36.780,-20.969,42.435,36.891,8.556,235.80,-99.45,33.10,27.51,0.095,2,,0,0.00,0.00,0.00,254.525,-77.927,10.545,-100.65,-10.95,70.88,4.683,0.765,-0.12,0.99,1,0,0,0,0,0,-10.95,-3.63,-6.07,0.2799,0.0749,0.4937,1,4.683,0,0.498,0,air_rise,airRise,1.000,1,-0.187 0.560 -0.203 0.713 -0.050 0.760 0.021 -0.722 0.271 -0.641,254.51,-77.27,10.62,-9.35,-100.79,103.35,360,688,916,1016,0.561,0.628 0.682 -0.703 -0.549,33.6,1,0.000,0.000,0.4807,-0.04,,-1.000,0.0,0.0,0.0,,,19.0,-0.2,-19.0
364,6.0667,swing,swingLow,253.715,-83.067,9.326,2.204,-37.412,-20.179,42.564,37.477,8.213,235.80,-99.45,33.10,27.51,0.259,2,,0,0.00,0.00,0.00,254.540,-78.542,10.409,-100.33,-13.47,70.88,4.726,0.762,-0.12,0.99,1,0,0,0,0,0,-13.47,-3.57,-6.08,0.2765,0.0764,0.4947,1,4.726,0,0.496,0,swing,airRise,1.000,1,-0.189 0.561 -0.215 0.695 -0.061 0.744 0.026 -0.720 0.284 -0.622,254.52,-77.93,10.54,-10.95,-100.65,103.35,396,672,860,980,0.555,0.582 0.639 -0.687 -0.503,28.6,1,0.000,0.000,0.4865,-0.04,,-1.000,0.0,0.0,0.0,,,20.7,4.3,-20.3
365,6.0833,swing,swingLow,253.745,-83.696,8.996,1.562,-38.020,-19.359,42.693,38.052,7.883,235.80,-99.45,33.10,27.51,0.393,2,,0,0.00,0.00,0.00,254.546,-79.166,10.211,-100.04,-15.08,70.88,4.758,0.759,-0.12,0.99,1,0,0,0,0,0,-15.08,-3.46,-6.10,0.2732,0.0783,0.4956,1,4.758,0,0.493,0,swing,airRise,1.000,1,-0.171 0.567 -0.233 0.691 -0.028 0.711 0.050 -0.712 0.304 -0.576,254.54,-78.54,10.41,-13.47,-100.33,103.36,396,672,872,996,0.550,0.550 0.579 -0.656 -0.430,23.5,1,0.000,0.000,0.4911,-0.04,,-1.000,0.0,0.0,0.0,,,22.0,10.4,-19.8
366,6.1000,swing,swingLow,253.764,-84.335,8.679,0.943,-38.601,-18.510,42.820,38.613,7.566,235.80,-99.45,33.10,27.51,0.503,2,,0,0.00,0.00,0.00,254.540,-79.801,9.967,-99.72,-15.95,70.92,4.777,0.756,-0.12,0.99,1,0,0,0,0,0,-15.95,-3.30,-6.12,0.2671,0.0824,0.4978,1,4.777,0,0.490,0,swing,airRise,1.000,1,-0.205 0.556 -0.327 0.663 -0.061 0.662 0.076 -0.700 0.328 -0.536,254.55,-79.17,10.21,-15.08,-100.04,103.36,400,672,872,1008,0.525,0.503 0.508 -0.627 -0.375,16.9,1,0.000,0.000,0.4934,-0.04,,-1.000,0.0,0.0,0.0,,,27.6,14.9,-24.3
367,6.1167,swing,swingLow,253.773,-84.983,8.378,0.348,-39.155,-17.632,42.943,39.157,7.265,235.80,-99.45,33.10,27.51,0.593,2,,0,0.00,0.00,0.00,254.520,-80.445,9.696,-99.36,-16.27,71.05,4.785,0.754,-0.12,0.99,1,0,0,0,0,0,-16.27,-3.11,-6.13,0.2620,0.0882,0.5003,1,4.785,0,0.487,0,swing,airRise,1.000,1,-0.237 0.541 -0.423 0.643 -0.081 0.607 0.104 -0.687 0.355 -0.504,254.54,-79.80,9.97,-15.95,-99.72,103.40,404,668,872,1016,0.502,0.476 0.440 -0.604 -0.338,11.6,1,0.000,0.000,0.4938,-0.04,,-1.000,0.0,0.0,0.0,,,32.2,18.2,-28.2
368,6.1333,swing,swingLow,253.772,-85.639,8.092,-0.225,-39.580,-16.687,42.955,39.581,6.979,235.80,-99.45,33.10,27.51,0.667,2,,0,0.00,0.00,0.00,254.486,-81.095,9.412,-98.93,-16.20,71.28,4.786,0.753,-0.13,0.99,1,0,0,0,0,0,-16.20,-2.89,-6.15,0.2581,0.0988,0.5033,1,4.786,0,0.483,0,swing,airRise,1.000,1,-0.264 0.526 -0.518 0.634 -0.083 0.552 0.133 -0.674 0.387 -0.480,254.52,-80.44,9.70,-16.27,-99.36,103.54,412,668,868,1024,0.482,0.471 0.380 -0.584 -0.319,7.5,1,0.000,0.000,0.4914,-0.03,,-1.000,0.0,0.0,0.0,,,35.7,20.7,-31.4
369,6.1500,swing,swingLow,253.762,-86.302,7.821,-0.774,-39.973,-15.723,42.961,39.980,6.708,235.80,-99.45,33.10,27.51,0.727,2,,0,0.00,0.00,0.00,254.437,-81.751,9.128,-98.44,-15.82,71.61,4.782,0.751,-0.13,0.99,1,0,0,0,0,0,-15.82,-2.63,-6.17,0.2541,0.1109,0.5075,1,4.782,0,0.480,0,swing,airRise,1.000,1,-0.295 0.506 -0.612 0.624 -0.080 0.503 0.162 -0.658 0.427 -0.464,254.49,-81.09,9.41,-16.20,-98.93,103.77,416,672,852,1032,0.459,0.476 0.332 -0.568 -0.314,4.7,1,0.000,0.000,0.4883,-0.03,,-1.000,0.0,0.0,0.0,,,39.3,22.8,-35.0
370,6.1667,swing,swingBottom,253.738,-86.969,7.567,-1.716,-40.155,-14.755,42.815,40.192,6.454,235.80,-99.45,33.10,27.51,0.777,2,,0,0.00,0.00,0.00,254.374,-82.413,8.848,-97.94,-15.21,72.01,4.775,0.750,-0.13,0.99,1,0,0,0,0,0,-15.21,-2.34,-6.18,0.2512,0.1223,0.5123,1,4.775,0,0.476,0,swing,airRise,1.000,1,-0.321 0.486 -0.687 0.626 -0.067 0.467 0.192 -0.641 0.473 -0.451,254.44,-81.75,9.13,-15.82,-98.44,104.11,420,672,840,1036,0.440,0.498 0.304 -0.552 -0.320,4.7,1,0.000,0.000,0.4856,-0.03,,-1.000,0.0,0.0,0.0,,,42.2,24.9,-37.9
371,6.1833,swing,swingBottom,253.699,-87.638,7.329,-2.624,-40.311,-13.783,42.683,40.397,6.216,235.80,-99.45,33.10,27.51,0.817,2,,0,0.00,0.00,0.00,254.296,-83.077,8.579,-97.45,-14.42,72.45,4.767,0.750,-0.13,0.99,1,0,0,0,0,0,-14.42,-2.04,-6.20,0.2492,0.1316,0.5177,1,4.767,0,0.473,0,swing,airRise,1.000,1,-0.343 0.468 -0.734 0.637 -0.051 0.447 0.219 -0.622 0.523 -0.440,254.37,-82.41,8.85,-15.21,-97.94,104.51,428,676,828,1044,0.422,0.534 0.295 -0.538 -0.333,6.7,1,0.000,0.000,0.4839,-0.03,,-1.000,0.0,0.0,0.0,,,44.6,26.7,-40.3
372,6.2000,swing,swingBottom,253.645,-88.310,7.107,-3.497,-40.442,-12.807,42.565,40.593,5.994,235.80,-99.45,33.10,27.51,0.850,2,,0,0.00,0.00,0.00,254.203,-83.744,8.321,-96.96,-13.46,72.93,4.758,0.749,-0.13,0.99,1,0,0,0,0,0,-13.46,-1.71,-6.22,0.2486,0.1375,0.5238,1,4.758,0,0.471,0,swing,airRise,1.000,1,-0.362 0.451 -0.748 0.655 -0.036 0.443 0.241 -0.602 0.570 -0.428,254.30,-83.08,8.58,-14.42,-97.45,104.97,436,680,824,1052,0.409,0.574 0.306 -0.526 -0.347,8.9,1,0.000,0.000,0.4833,-0.03,,-1.000,0.0,0.0,0.0,,,46.4,27.9,-42.2
373,6.2167,swing,swingBottom,253.582,-88.988,6.902,-3.905,-40.798,-11.818,42.654,40.984,5.789,235.80,-99.45,33.10,27.51,0.878,2,,0,0.00,0.00,0.00,254.096,-84.417,8.078,-96.41,-12.38,73.43,4.748,0.748,-0.13,0.99,1,0,0,0,0,0,-12.38,-1.37,-6.23,0.2483,0.1397,0.5313,1,4.748,0,0.469,0,swing,swingBottomL,1.000,1,-0.376 0.439 -0.737 0.675 -0.024 0.452 0.257 -0.584 0.608 -0.412,254.20,-83.74,8.32,-13.46,-96.96,105.45,440,688,820,1056,0.401,0.612 0.333 -0.517 -0.358,10.5,1,0.000,0.000,0.4836,-0.02,,-1.000,0.0,0.0,0.0,,,47.4,28.1,-43.4
374,6.2333,swing,swingBottom,253.513,-89.671,6.713,-4.295,-41.120,-10.810,42.734,41.344,5.600,235.80,-99.45,33.10,27.51,0.900,2,,0,0.00,0.00,0.00,253.978,-85.094,7.850,-95.80,-11.16,73.94,4.738,0.747,-0.13,0.99,1,0,0,0,0,0,-11.16,-1.03,-6.25,0.2443,0.1411,0.5423,1,4.738,0,0.467,0,swing,swingBottomL,1.000,1,-0.384 0.432 -0.743 0.670 -0.017 0.469 0.265 -0.570 0.633 -0.391,254.10,-84.42,8.08,-12.38,-96.41,105.95,452,696,816,1056,0.399,0.617 0.369 -0.512 -0.362,11.2,1,0.000,0.000,0.4829,-0.02,,-1.000,0.0,0.0,0.0,,,47.5,27.4,-43.8
375,6.2500,swing,swingBottom,253.438,-90.359,6.541,-4.666,-41.407,-9.785,42.803,41.669,5.428,235.80,-99.45,33.10,27.51,0.918,2,,0,0.00,0.00,0.00,253.849,-85.777,7.638,-95.14,-9.84,74.44,4.729,0.746,-0.13,0.99,1,0,0,0,0,0,-9.84,-0.69,-6.27,0.2423,0.1409,0.5541,1,4.729,0,0.466,0,swing,swingCornerBankL,1.000,1,-0.386 0.431 -0.746 0.671 -0.012 0.490 0.265 -0.560 0.645 -0.367,253.98,-85.09,7.85,-11.16,-95.80,106.46,468,704,816,1052,0.405,0.628 0.409 -0.512 -0.358,11.2,1,0.001,0.000,0.4819,-0.01,,-1.000,0.0,0.0,0.0,,,46.7,25.9,-43.3
376,6.2667,swing,swingBottom,253.398,-91.036,6.396,-2.355,-40.684,-8.171,41.564,40.752,5.283,235.80,-99.45,33.10,27.51,0.933,2,,0,0.00,0.00,0.00,253.720,-86.447,7.443,-94.01,-8.30,74.93,4.718,0.745,-0.13,0.99,1,0,0,0,0,0,-8.30,-0.36,-6.28,0.2418,0.1392,0.5649,1,4.718,0,0.465,0,swing,swingCornerBankL,1.000,1,-0.384 0.432 -0.739 0.680 -0.007 0.508 0.260 -0.551 0.647 -0.337,253.85,-85.78,7.64,-9.84,-95.14,106.96,480,716,812,1052,0.411,0.645 0.446 -0.513 -0.342,10.5,1,0.004,0.000,0.4825,0.01,,-1.000,0.0,0.0,0.0,,,45.7,22.1,-43.2
377,6.2833,swing,swingBottom,253.360,-91.714,6.269,-2.335,-40.719,-7.104,41.400,40.786,5.156,235.80,-99.45,33.10,27.51,0.945,2,,0,0.00,0.00,0.00,253.594,-87.120,7.267,-92.98,-6.69,75.41,4.707,0.742,-0.13,0.99,1,0,0,0,0,0,-6.69,-0.04,-6.30,0.2427,0.1367,0.5759,1,4.707,0,0.464,0,swing,swingBottomL,1.000,1,-0.380 0.436 -0.726 0.692 -0.003 0.522 0.249 -0.545 0.645 -0.309,253.72,-86.45,7.44,-8.30,-94.01,107.45,492,728,812,1052,0.421,0.666 0.476 -0.516 -0.320,9.5,1,0.003,0.000,0.4838,0.02,,-1.000,0.0,0.0,0.0,,,44.3,20.6,-42.0
378,6.3000,swing,swingBottom,253.322,-92.392,6.160,-2.332,-40.722,-6.047,41.235,40.789,5.047,235.80,-99.45,33.10,27.51,0.955,2,,0,0.00,0.00,0.00,253.472,-87.794,7.111,-92.16,-5.09,75.85,4.697,0.738,-0.13,0.99,1,0,0,0,0,0,-5.09,0.26,-6.32,0.2507,0.1307,0.5871,1,4.697,0,0.464,0,swing,swingBottomL,1.000,1,-0.359 0.454 -0.721 0.725 0.024 0.476 0.267 -0.591 0.589 -0.320,253.59,-87.12,7.27,-6.69,-92.98,107.91,500,744,816,1040,0.443,0.707 0.443 -0.576 -0.334,6.6,1,0.008,0.000,0.4833,0.03,,-1.000,0.0,0.0,0.0,,,41.1,18.8,-38.8
379,6.3167,swing,swingBottom,253.282,-92.974,6.079,-2.942,-33.414,-4.380,33.828,33.543,4.966,235.80,-99.45,33.10,27.51,0.963,2,,0,0.00,0.00,0.00,253.356,-88.375,6.974,-91.64,-3.44,76.26,4.686,0.727,-0.13,0.99,1,0,0,0,0,0,-3.44,0.55,-6.33,0.2518,0.1282,0.5982,1,4.686,0,0.464,0,swing,swingBottomL,1.000,1,-0.356 0.457 -0.725 0.730 0.016 0.463 0.278 -0.607 0.562 -0.309,253.47,-87.79,7.11,-5.09,-92.16,108.35,512,756,820,1040,0.450,0.720 0.442 -0.599 -0.321,5.9,1,0.014,0.000,0.4846,0.04,,-1.000,0.0,0.0,0.0,,,40.1,18.4,-37.7
380,6.3333,swing,swingBottom,253.217,-93.488,6.013,-4.159,-30.226,-3.595,30.721,30.510,4.900,235.80,-99.45,33.10,27.51,0.965,2,,0,0.00,0.00,0.00,253.242,-88.888,6.859,-91.65,-1.92,76.61,4.677,0.705,-0.13,0.99,1,0,0,0,0,0,-1.92,0.82,-6.35,0.2518,0.1267,0.6088,1,4.677,0,0.465,0,swing,swingBottomL,1.000,1,-0.357 0.456 -0.733 0.728 0.000 0.455 0.288 -0.619 0.540 -0.302,253.36,-88.37,6.97,-3.44,-91.64,108.75,524,768,824,1040,0.453,0.724 0.443 -0.616 -0.310,6.0,1,0.018,0.000,0.4867,0.05,,-1.000,0.0,0.0,0.0,,,39.6,18.8,-37.0
381,6.3500,swing,swingBottom,253.142,-93.975,5.959,-4.637,-28.980,-3.004,29.502,29.349,4.846,235.80,-99.45,33.10,27.51,0.952,2,,0,0.00,0.00,0.00,253.123,-89.375,6.762,-91.92,-0.59,76.90,4.670,0.673,-0.13,0.99,1,0,0,0,0,0,-0.59,1.07,-6.37,0.2497,0.1282,0.6193,1,4.670,0,0.466,0,swing,swingBottomL,1.000,1,-0.366 0.448 -0.739 0.713 -0.019 0.472 0.294 -0.606 0.553 -0.284,253.24,-88.89,6.86,-1.92,-91.65,109.09,536,780,828,1048,0.448,0.713 0.468 -0.605 -0.287,7.2,1,0.024,0.000,0.4913,0.07,,-1.000,0.0,0.0,0.0,,,40.3,18.4,-38.0
382,6.3667,swing,swingBottom,253.042,-94.451,5.910,-6.141,-28.586,-2.662,29.359,29.239,4.797,235.80,-99.45,33.10,27.51,0.936,2,,0,0.00,0.00,0.00,252.998,-89.852,6.682,-92.54,0.54,77.14,4.664,0.635,-0.13,0.99,1,0,0,0,0,0,0.54,1.31,-6.38,0.2490,0.1294,0.6290,1,4.664,0,0.467,0,swing,swingBottomL,1.000,1,-0.372 0.442 -0.742 0.702 -0.033 0.484 0.295 -0.594 0.565 -0.271,253.12,-89.37,6.76,-0.59,-91.92,109.37,548,792,836,1060,0.444,0.705 0.487 -0.596 -0.270,8.2,1,0.033,0.000,0.4967,0.08,,-1.000,0.0,0.0,0.0,,,40.8,19.4,-38.3
383,6.3833,swing,swingBottom,252.934,-94.927,5.869,-6.663,-28.489,-2.202,29.340,29.257,4.756,235.80,-99.45,33.10,27.51,0.923,2,,0,0.00,0.00,0.00,252.865,-90.327,6.614,-93.26,1.51,77.35,4.660,0.592,-0.12,0.99,1,0,0,0,0,0,1.51,1.53,-6.40,0.2491,0.1306,0.6377,1,4.660,0,0.468,0,swing,swingCornerBankL,1.000,1,-0.377 0.438 -0.742 0.694 -0.043 0.494 0.293 -0.583 0.578 -0.260,253.00,-89.85,6.68,0.54,-92.54,109.61,556,800,848,1068,0.441,0.700 0.503 -0.587 -0.256,9.0,1,0.030,0.000,0.5027,0.11,,-1.000,0.0,0.0,0.0,,,41.2,19.0,-38.8
384,6.4000,swing,swingBottom,252.817,-95.400,5.836,-7.161,-28.382,-1.739,29.323,29.271,4.723,235.80,-99.45,33.10,27.51,0.912,2,,0,0.00,0.00,0.00,252.723,-90.801,6.557,-94.04,2.36,77.53,4.656,0.548,-0.12,0.99,1,0,0,0,0,0,2.36,1.73,-6.42,0.2498,0.1317,0.6457,1,4.656,0,0.470,0,swing,swingCornerBankL,1.000,1,-0.379 0.435 -0.741 0.688 -0.049 0.503 0.289 -0.573 0.590 -0.252,252.87,-90.33,6.61,1.51,-93.26,109.80,568,812,860,1080,0.440,0.697 0.517 -0.581 -0.245,9.6,1,0.014,0.000,0.5092,0.14,,-1.000,0.0,0.0,0.0,,,41.3,18.6,-39.1
385,6.4167,swing,swingBottom,252.692,-95.872,5.811,-7.635,-28.266,-1.274,29.307,29.279,4.698,235.80,-99.45,33.10,27.51,0.903,2,,0,0.00,0.00,0.00,252.574,-91.273,6.510,-94.87,3.12,77.71,4.653,0.504,-0.12,0.99,1,0,0,0,0,0,3.12,1.91,-6.43,0.2510,0.1327,0.6528,1,4.653,0,0.471,0,swing,swingCornerBankL,1.000,1,-0.381 0.433 -0.738 0.684 -0.053 0.511 0.282 -0.565 0.602 -0.246,252.72,-90.80,6.56,2.36,-94.04,109.98,576,820,872,1096,0.440,0.696 0.529 -0.575 -0.236,10.0,1,0.004,0.000,0.5159,0.19,,-1.000,0.0,0.0,0.0,,,41.3,18.1,-39.2
386,6.4333,swing,swingBottom,252.559,-96.341,5.794,-8.086,-28.141,-0.807,29.291,29.280,4.681,235.80,-99.45,33.10,27.51,0.895,2,,0,0.00,0.00,0.00,252.417,-91.743,6.471,-95.75,3.81,77.87,4.650,0.461,-0.12,0.99,1,0,0,0,0,0,3.81,2.08,-6.45,0.2525,0.1336,0.6591,1,4.650,0,0.473,0,swing,swingCornerBankL,1.000,1,-0.381 0.432 -0.735 0.682 -0.055 0.519 0.275 -0.558 0.612 -0.240,252.57,-91.27,6.51,3.12,-94.87,110.15,580,828,880,1108,0.440,0.697 0.540 -0.571 -0.229,10.3,1,0.014,0.000,0.5229,0.24,,-1.000,0.0,0.0,0.0,,,41.3,17.6,-39.3
387,6.4500,swing,swingBottom,252.419,-96.809,5.784,-8.514,-28.007,-0.337,29.274,29.272,4.671,235.80,-99.45,33.10,27.51,0.889,2,,0,0.00,0.00,0.00,252.254,-92.212,6.441,-96.66,4.42,78.05,4.647,0.419,-0.12,0.99,1,0,0,0,0,0,4.42,2.23,-6.47,0.2542,0.1344,0.6647,1,4.647,0,0.475,0,swing,swingCornerBankL,1.000,1,-0.381 0.432 -0.732 0.681 -0.054 0.525 0.267 -0.551 0.621 -0.237,252.42,-91.74,6.47,3.81,-95.75,110.31,588,836,892,1120,0.441,0.698 0.550 -0.569 -0.225,10.5,1,0.015,0.000,0.5300,0.30,,-1.000,0.0,0.0,0.0,,,41.1,17.0,-39.3
388,6.4667,swing,swingBottom,252.276,-97.276,5.782,-8.624,-28.063,0.176,29.359,29.358,4.669,235.80,-99.45,33.10,27.51,0.884,2,,0,0.00,0.00,0.00,252.086,-92.680,6.420,-97.58,4.97,78.22,4.644,0.380,-0.12,0.99,1,0,0,0,0,0,4.97,2.37,-6.48,0.2565,0.1350,0.6687,1,4.644,0,0.476,0,swing,swingCornerBankL,1.000,1,-0.379 0.433 -0.725 0.683 -0.050 0.531 0.257 -0.548 0.630 -0.236,252.25,-92.21,6.44,4.42,-96.66,110.48,592,840,904,1136,0.443,0.704 0.559 -0.568 -0.223,10.5,1,0.007,0.000,0.5379,0.38,,-1.000,0.0,0.0,0.0,,,40.7,16.0,-39.1
