frame,t,mode,sub,x_m,y_m,z_m,vx,vy,vz,speed_mps,hspeed_mps,height_above_floor_m,anchor_x,anchor_y,anchor_z,rope_m,tension,chain,trick,zip_target,zt_x,zt_y,zt_z,cam_x,cam_y,cam_z,cam_yaw_deg,cam_pitch_deg,cam_vfov_deg,cam_dist_m,motion_blur,in_move_x,in_move_y,in_swing,in_jump,in_sprint,in_zip,in_drop,in_quick,cam_orbit_pitch_deg,cam_auto_pitch_deg,cam_occ_hold,hero_bbox_h,hero_bbox_w,hero_cy,hero_in_frame,cam_hero_dist_m,cam_in_geometry,frame_s_target,in_trick,anim_node,anim_clip,anim_weight,air_flavor,pose_sig,pcm_x,pcm_y,pcm_z,pcm_pitch,pcm_yaw,pcm_fov,px_top,px_bottom,px_left,px_right
0,0.0000,air,apex,0.367,0.000,21.997,22.000,0.000,-0.220,22.001,22.000,21.047,0.00,0.00,0.00,0.00,0.000,0,,0,0.00,0.00,0.00,-3.433,0.300,23.097,-4.51,-12.99,58.01,3.967,0.003,0.00,1.00,0,0,0,0,0,0,-12.99,-7.07,-0.02,0.3881,0.1053,0.5787,1,3.967,0,0.549,0,ground,idle,1.000,-1,-0.002 0.573 -0.282 -0.038 0.293 -0.048 -0.170 -0.882 0.158 -0.888,0.00,0.00,0.00,0.00,0.00,80.00,-1,-1,-1,-1
1,0.0167,air,apex,0.733,0.000,21.991,22.000,0.000,-0.440,22.004,22.000,21.041,0.00,0.00,0.00,0.00,0.000,0,,1,53.77,-15.30,33.83,-3.403,0.300,23.096,-4.15,-11.99,58.02,4.292,0.010,0.00,1.00,0,0,0,0,0,0,-11.99,-7.57,-0.03,0.3617,0.0974,0.5752,1,4.292,0,0.546,0,air_rise,idle,1.000,2,-0.020 0.578 -0.281 -0.050 0.295 -0.041 -0.142 -0.891 0.186 -0.886,-3.43,0.30,23.10,-12.99,-4.51,89.17,388,820,880,1040
2,0.0333,air,apex,1.100,0.000,21.981,22.000,0.000,-0.660,22.010,22.000,21.031,0.00,0.00,0.00,0.00,0.000,0,,1,53.77,-15.30,33.83,-3.312,0.300,23.093,-3.89,-11.44,58.05,4.560,0.020,0.00,1.00,0,0,0,0,0,0,-11.44,-8.26,-0.05,0.3438,0.0917,0.5712,1,4.560,0,0.542,0,air_rise,idle,1.000,2,-0.037 0.581 -0.280 -0.058 0.298 -0.030 -0.116 -0.897 0.211 -0.882,-3.40,0.30,23.10,-11.99,-4.15,89.19,400,800,888,1036
3,0.0500,air,apex,1.467,0.000,21.967,22.000,0.000,-0.880,22.018,22.000,21.017,0.00,0.00,0.00,0.00,0.000,0,,1,53.77,-15.30,33.83,-3.159,0.300,23.088,-3.71,-11.21,58.09,4.769,0.034,0.00,1.00,0,0,0,0,0,0,-11.21,-9.07,-0.07,0.3315,0.0880,0.5662,1,4.769,0,0.537,0,air_rise,idle,1.000,2,-0.052 0.582 -0.280 -0.057 0.304 -0.013 -0.093 -0.900 0.233 -0.877,-3.31,0.30,23.09,-11.44,-3.89,89.22,408,784,892,1032
4,0.0667,air,apex,1.833,0.000,21.950,22.000,0.000,-1.100,22.027,22.000,21.000,0.00,0.00,0.00,0.00,0.000,0,,1,53.77,-15.30,33.83,-2.950,0.300,23.079,-3.59,-11.20,58.13,4.924,0.050,0.00,1.00,0,0,0,0,0,0,-11.20,-9.94,-0.08,0.3231,0.0854,0.5604,1,4.924,0,0.532,0,air_rise,idle,1.000,2,-0.065 0.583 -0.282 -0.047 0.310 0.011 -0.074 -0.900 0.250 -0.871,-3.16,0.30,23.09,-11.21,-3.71,89.26,408,772,892,1032
5,0.0833,air,apex,2.200,0.000,21.928,22.000,0.000,-1.320,22.040,22.000,20.978,0.00,0.00,0.00,0.00,0.000,0,,1,53.77,-15.30,33.83,-2.698,0.300,23.066,-3.50,-11.35,58.18,5.038,0.068,0.00,1.00,0,0,0,0,0,0,-11.35,-10.82,-0.10,0.3175,0.0833,0.5542,1,5.038,0,0.527,0,air_rise,idle,1.000,2,-0.075 0.583 -0.284 -0.025 0.316 0.045 -0.061 -0.897 0.262 -0.863,-2.95,0.30,23.08,-11.20,-3.59,89.32,408,760,892,1028
6,0.1000,air,apex,2.567,0.000,21.904,22.000,0.000,-1.540,22.054,22.000,20.954,0.00,0.00,0.00,0.00,0.000,0,,1,53.77,-15.30,33.83,-2.413,0.300,23.051,-3.45,-11.59,58.24,5.118,0.087,0.00,1.00,0,0,0,0,0,0,-11.59,-11.69,-0.12,0.3137,0.0811,0.5477,1,5.118,0,0.521,0,air_rise,idle,1.000,2,-0.081 0.584 -0.285 0.014 0.317 0.090 -0.054 -0.892 0.268 -0.855,-2.70,0.30,23.07,-11.35,-3.50,89.38,404,748,892,1028
7,0.1167,air,apex,2.933,0.000,21.875,22.000,0.000,-1.760,22.070,22.000,20.925,0.00,0.00,0.00,0.00,0.000,0,,1,53.77,-15.30,33.83,-2.058,0.297,23.031,-3.41,-12.01,58.30,5.132,0.107,0.00,1.00,0,0,0,0,0,0,-12.01,-12.53,-0.13,0.3142,0.0795,0.5414,1,5.132,0,0.516,0,air_rise,idle,1.000,2,-0.082 0.584 -0.283 0.072 0.312 0.150 -0.053 -0.883 0.268 -0.845,-2.41,0.30,23.05,-11.59,-3.45,89.44,400,740,892,1024
8,0.1333,air,apex,3.300,0.000,21.843,22.000,0.000,-1.980,22.089,22.000,20.893,0.00,0.00,0.00,0.00,0.000,0,,1,53.77,-15.30,33.83,-1.691,0.295,23.008,-3.38,-12.44,58.37,5.134,0.128,0.00,1.00,0,0,0,0,0,0,-12.44,-13.31,-0.15,0.3158,0.0770,0.5354,1,5.134,0,0.510,0,air_rise,idle,1.000,2,-0.080 0.585 -0.277 0.149 0.298 0.222 -0.060 -0.870 0.261 -0.835,-2.06,0.30,23.03,-12.01,-3.41,89.52,392,736,892,1020
9,0.1500,air,apex,3.667,0.000,21.807,22.000,0.000,-2.200,22.110,22.000,20.857,0.00,0.00,0.00,0.00,0.000,0,,1,53.77,-15.30,33.83,-1.325,0.293,22.982,-3.37,-12.86,58.44,5.136,0.149,0.00,1.00,0,0,0,0,0,0,-12.86,-14.05,-0.17,0.3170,0.0752,0.5293,1,5.136,0,0.505,0,air_rise,airRise,1.000,2,-0.073 0.586 -0.264 0.243 0.275 0.305 -0.073 -0.854 0.248 -0.823,-1.69,0.30,23.01,-12.44,-3.38,89.59,384,728,892,1020
10,0.1667,air,apex,4.033,0.000,21.768,22.000,0.000,-2.420,22.133,22.000,20.818,0.00,0.00,0.00,0.00,0.000,0,,1,53.77,-15.30,33.83,-0.958,0.292,22.951,-3.35,-13.27,58.51,5.138,0.170,0.00,1.00,0,0,0,0,0,0,-13.27,-14.72,-0.18,0.3176,0.0721,0.5230,1,5.138,0,0.501,0,air_rise,airRise,1.000,2,-0.061 0.588 -0.243 0.345 0.247 0.392 -0.093 -0.834 0.229 -0.811,-1.32,0.29,22.98,-12.86,-3.37,89.67,380,724,896,1020
11,0.1833,air,apex,4.400,0.000,21.725,22.000,0.000,-2.640,22.158,22.000,20.775,0.00,0.00,0.00,0.00,0.000,0,,1,53.77,-15.30,33.83,-0.591,0.292,22.917,-3.35,-13.65,58.58,5.140,0.192,0.00,1.00,0,0,0,0,0,0,-13.65,-15.33,-0.20,0.3173,0.0678,0.5167,1,5.140,0,0.496,0,air_rise,airRise,1.000,2,-0.045 0.589 -0.212 0.447 0.220 0.477 -0.119 -0.811 0.206 -0.797,-0.96,0.29,22.95,-13.27,-3.35,89.75,372,716,896,1016
12,0.2000,air,apex,4.767,0.000,21.678,22.000,0.000,-2.860,22.185,22.000,20.728,0.00,0.00,0.00,0.00,0.000,0,,1,53.77,-15.30,33.83,-0.225,0.291,22.880,-3.34,-14.01,58.65,5.142,0.213,0.00,1.00,0,0,0,0,0,0,-14.01,-15.88,-0.22,0.3163,0.0629,0.5104,1,5.142,0,0.492,0,air_rise,airRise,1.000,2,-0.023 0.591 -0.171 0.540 0.198 0.553 -0.150 -0.785 0.179 -0.783,-0.59,0.29,22.92,-13.65,-3.35,89.84,364,712,900,1012
13,0.2167,air,apex,5.133,0.000,21.628,22.000,0.000,-3.080,22.215,22.000,20.678,0.00,0.00,0.00,0.00,0.000,0,,1,53.77,-15.30,33.83,0.142,0.291,22.838,-3.34,-14.35,58.73,5.144,0.233,0.00,1.00,0,0,0,0,0,0,-14.35,-16.37,-0.23,0.3189,0.0614,0.5021,1,5.144,0,0.488,0,air_rise,airRise,1.000,2,0.002 0.591 -0.124 0.618 0.187 0.616 -0.184 -0.757 0.149 -0.769,-0.22,0.29,22.88,-14.01,-3.34,89.93,360,704,904,1008
14,0.2333,air,apex,5.500,0.000,21.574,22.000,0.000,-3.300,22.246,22.000,20.624,0.00,0.00,0.00,0.00,0.000,0,,1,53.77,-15.30,33.83,0.508,0.291,22.793,-3.33,-14.67,58.80,5.147,0.254,0.00,1.00,0,0,0,0,0,0,-14.67,-16.81,-0.25,0.3279,0.0668,0.4908,1,5.147,0,0.485,0,air_rise,airRise,1.000,2,0.032 0.590 -0.070 0.678 0.189 0.663 -0.221 -0.727 0.116 -0.756,0.14,0.29,22.84,-14.35,-3.34,90.01,352,696,908,1016
15,0.2500,air,apex,5.867,0.000,21.516,22.000,0.000,-3.520,22.280,22.000,20.566,0.00,0.00,0.00,0.00,0.000,0,,1,53.77,-15.30,33.83,0.875,0.291,22.745,-3.33,-14.97,58.88,5.149,0.274,0.00,1.00,0,0,0,0,0,0,-14.97,-17.19,-0.27,0.3333,0.0736,0.4818,1,5.149,0,0.482,0,air_rise,airRise,1.000,2,0.066 0.587 -0.014 0.720 0.203 0.695 -0.259 -0.697 0.080 -0.745,0.51,0.29,22.79,-14.67,-3.33,90.10,348,688,908,1020
16,0.2667,air,apex,6.233,0.000,21.452,22.000,0.000,-3.920,22.347,22.000,20.502,0.00,0.00,0.00,0.00,0.000,0,,1,53.77,-15.30,33.83,1.242,0.291,22.692,-3.33,-15.27,58.95,5.151,0.293,0.00,1.00,0,0,0,0,0,0,-15.27,-17.53,-0.28,0.3352,0.0811,0.4753,1,5.151,0,0.479,0,air_rise,airRise,1.000,2,0.103 0.581 0.043 0.744 0.230 0.711 -0.299 -0.666 0.042 -0.736,0.88,0.29,22.74,-14.97,-3.33,90.19,344,684,900,1024
17,0.2833,air,fall,6.600,0.000,21.382,22.000,0.000,-4.320,22.420,22.000,20.432,0.00,0.00,0.00,0.00,0.000,0,,1,57.70,-15.30,33.83,1.608,0.291,22.635,-3.33,-15.57,59.03,5.155,0.311,0.00,1.00,0,0,0,0,0,0,-15.57,-17.83,-0.30,0.3344,0.0888,0.4713,1,5.155,0,0.477,0,air_rise,airRise,1.000,2,0.143 0.573 0.098 0.753 0.266 0.711 -0.340 -0.638 0.002 -0.731,1.24,0.29,22.69,-15.27,-3.33,90.28,344,680,892,1032
18,0.3000,air,fall,6.967,0.000,21.305,22.000,0.000,-4.720,22.501,22.000,20.355,0.00,0.00,0.00,0.00,0.000,0,,1,57.70,-15.30,33.83,1.975,0.291,22.572,-3.33,-15.86,59.11,5.158,0.329,0.00,1.00,0,0,0,0,0,0,-15.86,-18.08,-0.32,0.3312,0.0965,0.4699,1,5.158,0,0.475,0,air_rise,airRise,1.000,2,0.183 0.560 0.148 0.748 0.308 0.696 -0.383 -0.610 -0.043 -0.729,1.61,0.29,22.64,-15.57,-3.33,90.37,344,676,884,1036
19,0.3167,air,fall,7.333,0.000,21.221,22.000,0.000,-5.120,22.588,22.000,20.271,0.00,0.00,0.00,0.00,0.000,0,,0,0.00,0.00,0.00,2.342,0.291,22.504,-3.33,-16.15,59.18,5.162,0.347,0.00,1.00,0,0,0,0,0,0,-16.15,-18.30,-0.33,0.3297,0.1021,0.4689,1,5.162,0,0.473,0,air_rise,airRise,1.000,2,0.214 0.548 0.185 0.745 0.341 0.685 -0.414 -0.590 -0.079 -0.732,1.98,0.29,22.57,-15.86,-3.33,90.46,344,672,876,1044
20,0.3333,air,fall,7.700,0.000,21.131,22.000,0.000,-5.520,22.682,22.000,20.181,0.00,0.00,0.00,0.00,0.000,0,,0,0.00,0.00,0.00,2.708,0.290,22.430,-3.33,-16.42,59.26,5.166,0.364,0.00,1.00,0,0,0,0,0,0,-16.42,-18.49,-0.35,0.3278,0.1070,0.4681,1,5.166,0,0.471,0,air_rise,airRise,1.000,2,0.241 0.534 0.220 0.740 0.373 0.673 -0.443 -0.570 -0.114 -0.734,2.34,0.29,22.50,-16.15,-3.33,90.54,344,672,872,1048
21,0.3500,air,fall,8.067,0.000,21.034,22.000,0.000,-5.920,22.783,22.000,20.084,0.00,0.00,0.00,0.00,0.000,0,,0,0.00,0.00,0.00,3.075,0.290,22.349,-3.33,-16.68,59.33,5.170,0.380,0.00,1.00,0,0,0,0,0,0,-16.68,-18.65,-0.37,0.3256,0.1112,0.4674,1,5.170,0,0.470,0,air_rise,airRise,1.000,2,0.265 0.520 0.253 0.735 0.401 0.661 -0.468 -0.550 -0.146 -0.734,2.71,0.29,22.43,-16.42,-3.33,90.63,348,668,864,1052
22,0.3667,air,fall,8.433,0.000,20.930,22.000,0.000,-6.320,22.890,22.000,19.980,0.00,0.00,0.00,0.00,0.000,0,,0,0.00,0.00,0.00,3.442,0.290,22.262,-3.33,-16.93,59.41,5.174,0.396,0.00,1.00,0,0,0,0,0,0,-16.93,-18.78,-0.38,0.3237,0.1149,0.4667,1,5.174,0,0.469,0,air_rise,airRise,1.000,2,0.285 0.506 0.282 0.730 0.427 0.650 -0.490 -0.532 -0.176 -0.734,3.08,0.29,22.35,-16.68,-3.33,90.72,348,668,860,1056
23,0.3833,air,fall,8.800,0.000,20.820,22.000,0.000,-6.720,23.003,22.000,19.870,0.00,0.00,0.00,0.00,0.000,0,,0,0.00,0.00,0.00,3.808,0.290,22.168,-3.33,-17.16,59.48,5.178,0.411,0.00,1.00,0,0,0,0,0,0,-17.16,-18.89,-0.40,0.3219,0.1192,0.4662,1,5.178,0,0.468,0,air_rise,airRise,1.000,2,0.302 0.492 0.307 0.725 0.449 0.641 -0.508 -0.514 -0.202 -0.734,3.44,0.29,22.26,-16.93,-3.33,90.80,348,664,856,1060
24,0.4000,swing,swingLow,9.078,-0.009,20.594,11.404,-1.047,-20.217,23.235,11.451,19.644,38.28,15.00,35.77,31.04,0.043,0,,0,0.00,0.00,0.00,4.133,0.292,22.051,-3.48,-15.35,59.55,5.164,0.425,0.00,1.00,1,0,0,0,0,0,-15.35,-18.94,-0.42,0.3425,0.0641,0.5052,1,5.164,0,0.467,0,air_spread,airRise,1.000,2,0.021 0.583 -0.015 0.767 0.149 0.758 -0.214 -0.691 0.109 -0.726,3.81,0.29,22.17,-17.16,-3.33,90.89,348,664,856,1064
25,0.4167,swing,swingLow,9.272,-0.026,20.254,11.829,-1.021,-20.370,23.578,11.873,19.304,38.28,15.00,35.77,31.04,0.118,0,,0,0.00,0.00,0.00,4.439,0.291,21.887,-3.75,-12.88,59.63,5.112,0.439,0.00,1.00,1,0,0,0,0,0,-12.88,-18.93,-0.43,0.3302,0.0776,0.5834,1,5.112,0,0.465,0,swing,airRise,1.000,2,0.073 0.589 0.051 0.681 0.226 0.659 -0.278 -0.654 0.040 -0.646,4.13,0.29,22.05,-15.35,-3.48,90.98,380,716,900,1008
26,0.4333,swing,swingLow,9.474,-0.043,19.912,12.263,-0.995,-20.510,23.917,12.303,18.962,38.28,15.00,35.77,31.04,0.182,0,,1,57.70,-15.30,33.83,4.722,0.287,21.667,-3.96,-9.96,59.70,5.076,0.453,0.00,1.00,1,0,0,0,0,0,-9.96,-18.85,-0.45,0.3213,0.0900,0.6591,1,5.076,0,0.462,0,swing,airRise,1.000,2,0.104 0.575 0.088 0.579 0.303 0.556 -0.327 -0.599 -0.013 -0.558,4.44,0.29,21.89,-12.88,-3.75,91.06,460,796,888,1020
27,0.4500,swing,swingLow,9.682,-0.059,19.568,12.704,-0.968,-20.637,24.253,12.740,18.618,38.28,15.00,35.77,31.04,0.237,0,,1,57.70,-15.30,33.83,4.985,0.279,21.368,-4.12,-7.30,59.78,5.042,0.467,0.00,1.00,1,0,0,0,0,0,-7.30,-18.72,-0.47,0.3152,0.1021,0.7161,1,5.042,0,0.458,0,swing,airRise,1.000,2,0.139 0.551 0.128 0.468 0.385 0.476 -0.365 -0.535 -0.054 -0.476,4.72,0.29,21.67,-9.96,-3.96,91.15,540,872,880,1032
28,0.4667,swing,swingLow,9.899,-0.075,19.222,13.152,-0.940,-20.752,24.586,13.185,18.272,38.28,15.00,35.77,31.04,0.284,0,,1,57.70,-15.30,33.83,5.234,0.270,21.022,-4.23,-5.64,59.85,5.012,0.480,0.00,1.00,1,0,0,0,0,0,-5.64,-18.54,-0.48,0.3115,0.1148,0.7466,1,5.012,0,0.455,0,swing,airRise,1.000,2,0.165 0.530 0.148 0.364 0.455 0.438 -0.393 -0.470 -0.087 -0.418,4.99,0.28,21.37,-7.30,-4.12,91.23,596,932,868,1044
29,0.4833,swing,swingLow,10.122,-0.090,18.874,13.607,-0.911,-20.852,24.916,13.637,17.924,38.28,15.00,35.77,31.04,0.324,0,,1,57.70,-15.30,33.83,5.472,0.258,20.674,-4.29,-4.55,59.93,4.998,0.494,0.00,1.00,1,0,0,0,0,0,-4.55,-18.33,-0.50,0.3115,0.1258,0.7660,1,4.998,0,0.451,0,swing,airRise,1.000,2,0.184 0.514 0.146 0.267 0.516 0.435 -0.413 -0.405 -0.113 -0.381,5.23,0.27,21.02,-5.64,-4.23,91.32,632,960,860,1056
30,0.5000,swing,swingLow,10.354,-0.105,18.525,14.068,-0.881,-20.939,25.241,14.096,17.575,38.28,15.00,35.77,31.04,0.360,0,,1,57.70,-15.30,33.83,5.706,0.246,20.325,-4.32,-3.74,60.01,4.997,0.507,0.00,1.00,1,0,0,0,0,0,-3.74,-18.07,-0.52,0.3156,0.1349,0.7795,1,4.997,0,0.447,0,swing,airRise,1.000,2,0.199 0.505 0.120 0.178 0.568 0.459 -0.426 -0.339 -0.135 -0.361,5.47,0.26,20.67,-4.55,-4.29,91.41,652,984,856,1068
31,0.5167,swing,swingLow,10.593,-0.119,18.174,14.536,-0.850,-21.011,25.564,14.561,17.224,38.28,15.00,35.77,31.04,0.391,0,,1,57.70,-15.30,33.83,5.938,0.232,19.974,-4.32,-3.07,60.09,5.004,0.520,0.00,1.00,1,0,0,0,0,0,-3.07,-17.79,-0.53,0.3240,0.1411,0.7894,1,5.004,0,0.443,0,swing,airRise,1.000,2,0.206 0.501 0.063 0.101 0.602 0.505 -0.430 -0.272 -0.153 -0.355,5.71,0.25,20.32,-3.74,-4.32,91.50,668,1000,852,1080
32,0.5333,swing,swingLow,10.840,-0.133,17.822,15.010,-0.818,-21.069,25.882,15.033,16.872,38.28,15.00,35.77,31.04,0.419,0,,1,57.70,-15.30,33.83,6.170,0.219,19.622,-4.31,-2.47,60.18,5.017,0.534,0.00,1.00,1,0,0,0,0,0,-2.47,-17.48,-0.55,0.3352,0.1442,0.7978,1,5.017,0,0.440,0,swing,swingLow,1.000,2,0.210 0.501 -0.020 0.046 0.619 0.558 -0.427 -0.201 -0.169 -0.359,5.94,0.23,19.97,-3.07,-4.32,91.60,684,1016,848,1088
33,0.5500,swing,swingLow,11.095,-0.147,17.470,15.490,-0.785,-21.112,26.197,15.510,16.520,38.28,15.00,35.77,31.04,0.444,0,,1,57.70,-15.30,33.83,6.406,0.205,19.270,-4.29,-1.89,60.26,5.034,0.547,0.00,1.00,1,0,0,0,0,0,-1.89,-17.15,-0.57,0.3475,0.1445,0.8058,1,5.034,0,0.436,0,swing,swingLow,1.000,2,0.213 0.503 -0.119 0.022 0.621 0.608 -0.417 -0.130 -0.183 -0.372,6.17,0.22,19.62,-2.47,-4.31,91.70,688,1032,852,1092
34,0.5667,swing,swingLow,11.358,-0.159,17.116,15.975,-0.751,-21.139,26.507,15.992,16.166,38.28,15.00,35.77,31.04,0.467,0,,1,57.70,-15.30,33.83,6.647,0.191,18.916,-4.25,-1.33,60.35,5.055,0.560,0.00,1.00,1,0,0,0,0,0,-1.33,-16.79,-0.58,0.3586,0.1425,0.8144,1,5.055,0,0.433,0,swing,swingLow,1.000,2,0.218 0.506 -0.218 0.037 0.616 0.643 -0.401 -0.058 -0.195 -0.391,6.41,0.20,19.27,-1.89,-4.29,91.80,692,1048,856,1092
35,0.5833,swing,swingLow,11.629,-0.172,16.763,16.464,-0.716,-21.152,26.814,16.480,15.813,38.28,15.00,35.77,31.04,0.488,0,,1,57.70,-15.30,33.83,6.893,0.177,18.563,-4.21,-0.76,60.44,5.078,0.574,0.00,1.00,1,0,0,0,0,0,-0.76,-16.42,-0.60,0.3665,0.1394,0.8243,0,5.078,0,0.430,0,swing,swingLow,1.000,2,0.219 0.510 -0.303 0.079 0.613 0.659 -0.380 0.011 -0.205 -0.414,6.65,0.19,18.92,-1.33,-4.25,91.90,700,1060,860,1092
36,0.6000,swing,swingLow,11.908,-0.183,16.409,16.958,-0.681,-21.148,27.116,16.972,15.459,38.28,15.00,35.77,31.04,0.507,0,,1,57.70,-15.30,33.83,7.146,0.164,18.209,-4.17,-0.20,60.54,5.103,0.587,0.00,1.00,1,0,0,0,0,0,-0.20,-16.03,-0.62,0.3739,0.1358,0.8337,0,5.103,0,0.427,0,swing,swingLow,1.000,2,0.219 0.513 -0.365 0.137 0.611 0.672 -0.357 0.074 -0.213 -0.437,6.89,0.18,18.56,-0.76,-4.21,92.00,708,1076,864,1092
37,0.6167,swing,swingLow,12.196,-0.194,16.056,17.456,-0.644,-21.128,27.414,17.468,15.106,38.28,15.00,35.77,31.04,0.526,0,,1,57.70,-15.30,33.83,7.405,0.151,17.856,-4.12,0.37,60.64,5.129,0.601,0.00,1.00,1,0,0,0,0,0,0.37,-15.63,-0.63,0.3801,0.1331,0.8430,0,5.129,0,0.424,0,swing,swingLow,1.000,2,0.220 0.517 -0.404 0.196 0.608 0.683 -0.335 0.129 -0.220 -0.460,7.15,0.16,18.21,-0.20,-4.17,92.11,712,1080,872,1092
38,0.6333,swing,swingLow,12.491,-0.204,15.703,17.957,-0.607,-21.092,27.708,17.967,14.753,38.28,15.00,35.77,31.04,0.543,0,,1,57.70,-15.30,33.83,7.672,0.139,17.503,-4.08,0.94,60.74,5.156,0.614,0.00,1.00,1,0,0,0,0,0,0.94,-15.22,-0.65,0.3848,0.1358,0.8518,0,5.156,0,0.422,0,swing,swingLow,1.000,2,0.220 0.519 -0.424 0.248 0.606 0.692 -0.314 0.175 -0.225 -0.481,7.41,0.15,17.86,0.37,-4.12,92.23,720,1080,868,1092
39,0.6500,swing,swingLow,12.796,-0.214,15.351,18.461,-0.568,-21.040,27.997,18.470,14.401,38.28,15.00,35.77,31.04,0.559,0,,1,57.70,-15.30,33.83,7.947,0.127,17.151,-4.03,1.47,60.92,5.183,0.628,0.00,1.00,1,0,0,0,0,0,1.47,-14.80,-0.67,0.3871,0.1365,0.8589,0,5.183,0,0.420,0,swing,swingLow,1.000,2,0.222 0.520 -0.432 0.289 0.606 0.698 -0.299 0.208 -0.228 -0.498,7.67,0.14,17.50,0.94,-4.08,92.34,728,1080,868,1092
40,0.6667,swing,swingLow,13.108,-0.223,15.000,18.968,-0.529,-20.971,28.281,18.975,14.050,38.28,15.00,35.77,31.04,0.574,0,,1,57.70,-15.30,33.83,8.230,0.116,16.800,-3.98,1.94,61.24,5.211,0.641,0.00,1.00,1,0,0,0,0,0,1.94,-14.37,-0.68,0.3867,0.1358,0.8635,0,5.211,0,0.418,0,swing,swingLow,1.000,2,0.225 0.519 -0.433 0.315 0.607 0.702 -0.291 0.227 -0.230 -0.509,7.95,0.13,17.15,1.47,-4.03,92.55,736,1080,868,1092
41,0.6833,swing,swingLow,13.430,-0.232,14.651,19.476,-0.488,-20.884,28.561,19.482,13.701,38.28,15.00,35.77,31.04,0.589,0,,1,57.70,-15.30,33.83,8.520,0.105,16.451,-3.93,2.37,61.65,5.240,0.655,0.00,1.00,1,0,0,0,0,0,2.37,-13.93,-0.70,0.3840,0.1341,0.8661,0,5.240,0,0.416,0,swing,swingLow,1.000,2,0.228 0.517 -0.430 0.324 0.608 0.702 -0.291 0.230 -0.230 -0.516,8.23,0.12,16.80,1.94,-3.98,92.91,740,1080,868,1092
42,0.7000,swing,swingLow,13.759,-0.239,14.303,19.986,-0.447,-20.781,28.836,19.991,13.353,38.28,15.00,35.77,31.04,0.604,0,,1,57.70,-15.30,33.83,8.819,0.095,16.103,-3.88,2.77,62.13,5.268,0.668,0.00,1.00,1,0,0,0,0,0,2.77,-13.48,-0.72,0.3805,0.1321,0.8676,0,5.268,0,0.414,0,swing,swingLow,1.000,2,0.232 0.515 -0.425 0.327 0.611 0.703 -0.294 0.227 -0.231 -0.521,8.52,0.11,16.45,2.37,-3.93,93.39,744,1080,872,1092
43,0.7167,swing,swingLow,14.097,-0.246,13.956,20.497,-0.405,-20.660,29.106,20.501,13.006,38.28,15.00,35.77,31.04,0.618,0,,1,57.70,-15.30,33.83,9.127,0.086,15.756,-3.82,3.16,62.64,5.297,0.682,0.00,1.00,1,0,0,0,0,0,3.16,-13.03,-0.73,0.3767,0.1299,0.8687,0,5.297,0,0.413,0,swing,swingLow,1.000,2,0.235 0.513 -0.420 0.329 0.613 0.703 -0.297 0.222 -0.231 -0.526,8.82,0.10,16.10,2.77,-3.88,93.92,748,1080,872,1092
44,0.7333,swing,swingLow,14.444,-0.253,13.612,21.008,-0.362,-20.522,29.371,21.011,12.662,38.28,15.00,35.77,31.04,0.632,0,,1,57.70,-15.30,33.83,9.455,0.076,15.412,-3.77,3.54,63.18,5.314,0.695,0.00,1.00,1,0,0,0,0,0,3.54,-12.57,-0.75,0.3738,0.1279,0.8702,0,5.314,0,0.412,0,swing,swingLow,1.000,2,0.238 0.510 -0.414 0.328 0.615 0.704 -0.302 0.213 -0.231 -0.529,9.13,0.09,15.76,3.16,-3.82,94.49,752,1080,876,1088
45,0.7500,swing,swingLow,14.799,-0.258,13.271,21.519,-0.318,-20.366,29.630,21.522,12.321,38.28,15.00,35.77,31.04,0.645,0,,1,57.70,-15.30,33.83,9.810,0.066,15.071,-3.72,3.91,63.76,5.314,0.708,0.00,1.00,1,0,0,0,0,0,3.91,-12.11,-0.77,0.3723,0.1262,0.8725,0,5.314,0,0.411,0,swing,swingLow,1.000,2,0.241 0.508 -0.408 0.326 0.616 0.704 -0.307 0.202 -0.230 -0.533,9.45,0.08,15.41,3.54,-3.77,95.10,756,1080,880,1088
46,0.7667,swing,swingLow,15.163,-0.263,12.932,22.029,-0.274,-20.193,29.885,22.031,11.982,38.28,15.00,35.77,31.04,0.658,0,,1,57.70,-15.30,33.83,10.173,0.057,14.732,-3.67,4.27,64.40,5.314,0.722,0.00,1.00,1,0,0,0,0,0,4.27,-11.64,-0.78,0.3704,0.1243,0.8741,0,5.314,0,0.410,0,swing,swingLow,1.000,2,0.244 0.506 -0.401 0.322 0.618 0.705 -0.314 0.186 -0.230 -0.535,9.81,0.07,15.07,3.91,-3.72,95.75,760,1080,884,1088
47,0.7833,swing,swingLow,15.535,-0.267,12.596,22.538,-0.228,-20.001,30.134,22.539,11.646,38.28,15.00,35.77,31.04,0.671,0,,1,57.70,-15.30,33.83,10.545,0.048,14.396,-3.61,4.62,65.06,5.314,0.735,0.00,1.00,1,0,0,0,0,0,4.62,-11.18,-0.80,0.3683,0.1223,0.8753,0,5.314,0,0.410,0,swing,swingLow,1.000,2,0.247 0.503 -0.394 0.316 0.620 0.705 -0.321 0.169 -0.229 -0.537,10.17,0.06,14.73,4.27,-3.67,96.45,760,1080,884,1088
48,0.8000,swing,swingLow,15.916,-0.271,12.264,23.044,-0.182,-19.792,30.377,23.045,11.314,38.28,15.00,35.77,31.04,0.683,0,,0,0.00,0.00,0.00,10.925,0.040,14.064,-3.56,4.96,65.74,5.314,0.748,0.00,1.00,1,0,0,0,0,0,4.96,-10.71,-0.82,0.3659,0.1203,0.8763,0,5.314,0,0.409,0,swing,swingLow,1.000,2,0.250 0.500 -0.385 0.308 0.622 0.706 -0.331 0.146 -0.229 -0.536,10.54,0.05,14.40,4.62,-3.61,97.18,764,1080,884,1088
49,0.8167,swing,swingLow,16.305,-0.273,11.935,23.548,-0.135,-19.565,30.615,23.548,10.985,38.28,15.00,35.77,31.04,0.696,0,,0,0.00,0.00,0.00,11.314,0.033,13.735,-3.51,5.31,66.43,5.314,0.761,0.00,1.00,1,0,0,0,0,0,5.31,-10.24,-0.83,0.3636,0.1205,0.8772,0,5.314,0,0.409,0,swing,swingLow,1.000,2,0.252 0.497 -0.376 0.298 0.624 0.706 -0.340 0.122 -0.228 -0.536,10.93,0.04,14.06,4.96,-3.56,97.92,764,1080,880,1084
50,0.8333,swing,swingLow,16.702,-0.275,11.611,24.048,-0.088,-19.320,30.847,24.048,10.661,38.28,15.00,35.77,31.04,0.708,0,,0,0.00,0.00,0.00,11.711,0.026,13.411,-3.46,5.66,67.12,5.314,0.773,0.00,1.00,1,0,0,0,0,0,5.66,-9.76,-0.85,0.3611,0.1209,0.8779,0,5.314,0,0.409,0,swing,swingLow,1.000,2,0.255 0.494 -0.366 0.286 0.626 0.707 -0.352 0.092 -0.228 -0.532,11.31,0.03,13.74,5.31,-3.51,98.66,768,1080,880,1084
51,0.8500,swing,swingLow,17.108,-0.276,11.290,24.544,-0.040,-19.057,31.074,24.544,10.340,38.28,15.00,35.77,31.04,0.720,0,,0,0.00,0.00,0.00,12.117,0.021,13.090,-3.40,6.01,67.82,5.314,0.786,0.00,1.00,1,0,0,0,0,0,6.01,-9.29,-0.87,0.3587,0.1213,0.8786,0,5.314,0,0.409,0,swing,swingLow,1.000,2,0.257 0.491 -0.355 0.273 0.627 0.708 -0.365 0.061 -0.228 -0.528,11.71,0.03,13.41,5.66,-3.46,99.41,768,1080,876,1080
52,0.8667,swing,swingLow,17.522,-0.276,10.974,25.035,0.009,-18.777,31.294,25.035,10.024,38.28,15.00,35.77,31.04,0.732,0,,0,0.00,0.00,0.00,12.530,0.016,12.774,-3.35,6.36,68.53,5.314,0.798,0.00,1.00,1,0,0,0,0,0,6.36,-8.82,-0.88,0.3561,0.1219,0.8791,0,5.314,0,0.410,0,swing,swingLow,1.000,2,0.259 0.488 -0.342 0.258 0.629 0.708 -0.379 0.024 -0.227 -0.520,12.12,0.02,13.09,6.01,-3.40,100.16,772,1080,876,1080
53,0.8833,swing,swingLow,17.944,-0.276,10.663,25.522,0.059,-18.479,31.509,25.522,9.713,38.28,15.00,35.77,31.04,0.743,0,,0,0.00,0.00,0.00,12.952,0.012,12.463,-3.30,6.72,69.24,5.314,0.810,0.00,1.00,1,0,0,0,0,0,6.72,-8.34,-0.90,0.3535,0.1225,0.8796,0,5.314,0,0.410,0,swing,swingLow,1.000,2,0.261 0.485 -0.329 0.243 0.630 0.709 -0.394 -0.014 -0.227 -0.513,12.53,0.02,12.77,6.36,-3.35,100.91,772,1080,872,1076
54,0.9000,swing,swingLow,18.374,-0.274,10.358,26.002,0.109,-18.163,31.717,26.002,9.408,38.28,15.00,35.77,31.04,0.755,0,,0,0.00,0.00,0.00,13.382,0.009,12.158,-3.25,6.85,69.82,5.314,0.822,0.00,1.00,1,0,0,0,0,0,6.85,-7.87,-0.92,0.3501,0.1232,0.8771,0,5.314,0,0.411,0,swing,swingLow,1.000,2,0.263 0.483 -0.315 0.226 0.632 0.712 -0.410 -0.058 -0.226 -0.504,12.95,0.01,12.46,6.72,-3.30,101.65,776,1080,868,1080
55,0.9167,swing,swingLow,18.812,-0.272,10.057,26.475,0.159,-17.830,31.919,26.475,9.107,38.28,15.00,35.77,31.04,0.766,0,,0,0.00,0.00,0.00,13.820,0.007,11.857,-3.20,6.64,70.22,5.314,0.833,0.00,1.00,1,0,0,0,0,0,6.64,-7.40,-0.93,0.3456,0.1238,0.8700,0,5.314,0,0.411,0,swing,swingLow,1.000,2,0.265 0.482 -0.299 0.212 0.633 0.718 -0.425 -0.106 -0.224 -0.500,13.38,0.01,12.16,6.85,-3.25,102.26,772,1080,868,1076
56,0.9333,swing,swingLow,19.258,-0.269,9.762,26.941,0.210,-17.479,32.115,26.942,8.812,38.28,15.00,35.77,31.04,0.777,0,,0,0.00,0.00,0.00,14.265,0.006,11.562,-3.15,6.16,70.50,5.314,0.845,0.00,1.00,1,0,0,0,0,0,6.16,-6.93,-0.95,0.3401,0.1244,0.8593,0,5.314,0,0.412,0,swing,swingLow,1.000,2,0.266 0.482 -0.283 0.199 0.634 0.726 -0.441 -0.158 -0.222 -0.495,13.82,0.01,11.86,6.64,-3.20,102.68,768,1080,864,1080
57,0.9500,swing,swingLow,19.711,-0.265,9.474,27.399,0.262,-17.112,32.305,27.400,8.524,38.28,15.00,35.77,31.04,0.787,0,,0,0.00,0.00,0.00,14.718,0.006,11.274,-3.10,5.46,70.66,5.314,0.856,0.00,1.00,1,0,0,0,0,0,5.46,-6.47,-0.97,0.3341,0.1248,0.8461,0,5.314,0,0.413,0,swing,swingLow,1.000,2,0.267 0.484 -0.266 0.189 0.635 0.736 -0.456 -0.211 -0.220 -0.492,14.27,0.01,11.56,6.16,-3.15,102.96,760,1080,864,1076
58,0.9667,swing,swingLow,20.172,-0.260,9.191,27.849,0.314,-16.728,32.488,27.850,8.241,38.28,15.00,35.77,31.04,0.798,0,,0,0.00,0.00,0.00,15.179,0.006,10.991,-3.05,4.59,70.73,5.314,0.867,0.00,1.00,1,0,0,0,0,0,4.59,-6.00,-0.98,0.3277,0.1251,0.8308,1,5.314,0,0.414,0,swing,swingLow,1.000,2,0.268 0.486 -0.249 0.180 0.635 0.747 -0.471 -0.264 -0.216 -0.489,14.72,0.01,11.27,5.46,-3.10,103.13,748,1076,860,1076
59,0.9833,swing,swingLow,20.641,-0.254,8.915,28.289,0.366,-16.327,32.664,28.291,7.965,38.28,15.00,35.77,31.04,0.808,0,,0,0.00,0.00,0.00,15.647,0.008,10.711,-3.00,3.61,70.73,5.313,0.877,0.00,1.00,1,0,0,0,0,0,3.61,-5.54,-1.00,0.3211,0.1252,0.8137,1,5.313,0,0.415,0,swing,swingLow,1.000,2,0.269 0.489 -0.232 0.175 0.636 0.759 -0.485 -0.315 -0.212 -0.488,15.18,0.01,10.99,4.59,-3.05,103.20,736,1056,860,1076
60,1.0000,swing,swingLow,21.116,-0.247,8.646,28.719,0.418,-15.910,32.834,28.722,7.696,38.28,15.00,35.77,31.04,0.818,0,,0,0.00,0.00,0.00,16.123,0.010,10.433,-2.95,2.54,70.68,5.310,0.887,0.00,1.00,1,0,0,0,0,0,2.54,-5.09,-1.02,0.3144,0.1252,0.7950,1,5.310,0,0.416,0,swing,swingLow,1.000,2,0.269 0.492 -0.217 0.173 0.636 0.771 -0.498 -0.363 -0.207 -0.486,15.65,0.01,10.71,3.61,-3.00,103.21,720,1032,860,1076
61,1.0167,swing,swingLow,21.599,-0.240,8.384,29.138,0.471,-15.477,32.997,29.142,7.434,38.28,15.00,35.77,31.04,0.828,0,,0,0.00,0.00,0.00,16.605,0.013,10.159,-2.90,1.41,70.58,5.306,0.897,0.00,1.00,1,0,0,0,0,0,1.41,-4.64,-1.03,0.3078,0.1250,0.7754,1,5.306,0,0.417,0,swing,swingLow,1.000,2,0.269 0.496 -0.202 0.173 0.637 0.783 -0.509 -0.407 -0.202 -0.484,16.12,0.01,10.43,2.54,-2.95,103.15,704,1008,860,1076
62,1.0333,swing,swingLow,22.089,-0.231,8.130,29.546,0.524,-15.028,33.153,29.551,7.180,38.28,15.00,35.77,31.04,0.838,0,,0,0.00,0.00,0.00,17.095,0.017,9.890,-2.85,0.25,70.45,5.301,0.907,0.00,1.00,1,0,0,0,0,0,0.25,-4.19,-1.05,0.3015,0.1248,0.7553,1,5.301,0,0.418,0,swing,swingBottom,1.000,2,0.269 0.500 -0.189 0.176 0.637 0.794 -0.519 -0.446 -0.196 -0.483,16.61,0.01,10.16,1.41,-2.90,103.05,688,984,860,1072
63,1.0500,swing,swingLow,22.585,-0.222,7.883,29.943,0.577,-14.565,33.302,29.948,6.933,38.28,15.00,35.77,31.04,0.847,0,,0,0.00,0.00,0.00,17.591,0.023,9.627,-2.81,-0.93,70.30,5.295,0.916,0.00,1.00,1,0,0,0,0,0,-0.93,-3.75,-1.07,0.2954,0.1244,0.7350,1,5.295,0,0.420,0,swing,swingBottom,1.000,2,0.269 0.504 -0.177 0.180 0.637 0.806 -0.528 -0.478 -0.189 -0.481,17.09,0.02,9.89,0.25,-2.85,102.92,668,960,860,1076
64,1.0667,swing,swingLow,23.088,-0.212,7.644,30.327,0.631,-14.087,33.444,30.333,6.694,38.28,15.00,35.77,31.04,0.856,0,,0,0.00,0.00,0.00,18.094,0.029,9.370,-2.76,-2.10,70.13,5.290,0.925,0.00,1.00,1,0,0,0,0,0,-2.10,-3.31,-1.08,0.2898,0.1240,0.7148,1,5.290,0,0.421,0,swing,swingBottom,1.000,2,0.269 0.507 -0.168 0.186 0.637 0.817 -0.534 -0.504 -0.181 -0.478,17.59,0.02,9.63,-0.93,-2.81,102.76,648,936,864,1076
65,1.0833,swing,swingLow,23.597,-0.201,7.413,30.697,0.684,-13.594,33.580,30.705,6.463,38.28,15.00,35.77,31.04,0.865,0,,0,0.00,0.00,0.00,18.602,0.036,9.121,-2.71,-3.26,69.96,5.284,0.934,0.00,1.00,1,0,0,0,0,0,-3.26,-2.88,-1.10,0.2846,0.1234,0.6948,1,5.284,0,0.422,0,swing,swingBottom,1.000,2,0.268 0.511 -0.160 0.194 0.637 0.827 -0.539 -0.523 -0.173 -0.475,18.09,0.03,9.37,-2.10,-2.76,102.59,632,912,864,1072
66,1.1000,swing,swingLow,24.112,-0.189,7.190,31.054,0.737,-13.088,33.708,31.063,6.240,38.28,15.00,35.77,31.04,0.874,0,,0,0.00,0.00,0.00,19.117,0.044,8.878,-2.67,-4.40,69.78,5.277,0.943,0.00,1.00,1,0,0,0,0,0,-4.40,-2.45,-1.12,0.2798,0.1228,0.6752,1,5.277,0,0.424,0,swing,swingBottom,1.000,2,0.268 0.514 -0.155 0.202 0.637 0.836 -0.542 -0.535 -0.165 -0.472,18.60,0.04,9.12,-3.26,-2.71,102.40,612,888,868,1076
67,1.1167,swing,swingLow,24.633,-0.176,6.976,31.397,0.790,-12.568,33.829,31.407,6.026,38.28,15.00,35.77,31.04,0.882,0,,0,0.00,0.00,0.00,19.638,0.053,8.644,-2.62,-5.50,69.60,5.271,0.951,0.00,1.00,1,0,0,0,0,0,-5.50,-2.03,-1.13,0.2752,0.1221,0.6560,1,5.271,0,0.425,0,swing,swingBottom,1.000,2,0.267 0.518 -0.151 0.210 0.636 0.844 -0.543 -0.540 -0.156 -0.468,19.12,0.04,8.88,-4.40,-2.67,102.22,592,864,868,1076
68,1.1333,swing,swingLow,25.159,-0.163,6.771,31.725,0.844,-12.035,33.942,31.737,5.821,38.28,15.00,35.77,31.04,0.890,0,,0,0.00,0.00,0.00,20.164,0.063,8.418,-2.58,-6.57,69.42,5.264,0.959,0.00,1.00,1,0,0,0,0,0,-6.57,-1.62,-1.15,0.2712,0.1213,0.6373,1,5.264,0,0.426,0,swing,swingBottom,1.000,2,0.266 0.520 -0.149 0.219 0.636 0.851 -0.542 -0.538 -0.147 -0.464,19.64,0.05,8.64,-5.50,-2.62,102.03,576,840,872,1076
69,1.1500,swing,swingBottom,25.691,-0.148,6.575,32.038,0.897,-11.491,34.048,32.051,5.625,38.28,15.00,35.77,31.04,0.897,0,,0,0.00,0.00,0.00,20.696,0.073,8.200,-2.54,-7.59,69.24,5.258,0.966,0.00,1.00,1,0,0,0,0,0,-7.59,-1.22,-1.17,0.2674,0.1205,0.6190,1,5.258,0,0.428,0,swing,swingBottom,1.000,2,0.265 0.523 -0.150 0.227 0.635 0.858 -0.539 -0.531 -0.138 -0.457,20.16,0.06,8.42,-6.57,-2.58,101.84,556,816,872,1080
70,1.1667,swing,swingBottom,26.228,-0.132,6.388,32.335,0.949,-10.935,34.147,32.349,5.438,38.28,15.00,35.77,31.04,0.905,0,,0,0.00,0.00,0.00,21.233,0.085,7.991,-2.49,-8.57,69.08,5.251,0.973,0.00,1.00,1,0,0,0,0,0,-8.57,-0.84,-1.18,0.2642,0.1197,0.6015,1,5.251,0,0.429,0,swing,swingBottom,1.000,2,0.264 0.525 -0.151 0.235 0.635 0.863 -0.535 -0.518 -0.129 -0.452,20.70,0.07,8.20,-7.59,-2.54,101.66,540,796,876,1076
71,1.1833,swing,swingBottom,26.770,-0.116,6.210,32.616,1.002,-10.367,34.239,32.631,5.260,38.28,15.00,35.77,31.04,0.912,0,,0,0.00,0.00,0.00,21.774,0.098,7.791,-2.45,-9.51,68.92,5.244,0.980,0.00,1.00,1,0,0,0,0,0,-9.51,-0.48,-1.20,0.2612,0.1188,0.5844,1,5.244,0,0.431,0,swing,swingBottom,1.000,2,0.263 0.527 -0.155 0.243 0.634 0.868 -0.530 -0.501 -0.121 -0.445,21.23,0.09,7.99,-8.57,-2.49,101.49,524,776,880,1076
72,1.2000,swing,swingBottom,27.316,-0.099,6.042,32.880,1.054,-9.790,34.323,32.897,5.092,38.28,15.00,35.77,31.04,0.918,0,,0,0.00,0.00,0.00,22.320,0.112,7.600,-2.41,-10.39,68.77,5.237,0.987,0.00,1.00,1,0,0,0,0,0,-10.39,-0.15,-1.22,0.2588,0.1180,0.5681,1,5.237,0,0.432,0,swing,swingBottom,1.000,2,0.262 0.528 -0.159 0.250 0.633 0.872 -0.523 -0.480 -0.113 -0.440,21.77,0.10,7.79,-9.51,-2.45,101.32,504,756,880,1080
73,1.2167,swing,swingBottom,27.866,-0.081,5.884,33.127,1.106,-9.203,34.399,33.146,4.934,38.28,15.00,35.77,31.04,0.925,0,,0,0.00,0.00,0.00,22.871,0.126,7.418,-2.37,-11.11,68.63,5.230,0.993,0.00,1.00,1,0,0,0,0,0,-11.11,0.17,-1.23,0.2566,0.1172,0.5539,1,5.230,0,0.434,0,swing,swingBottom,1.000,2,0.261 0.529 -0.164 0.256 0.632 0.875 -0.516 -0.457 -0.105 -0.432,22.32,0.11,7.60,-10.39,-2.41,101.16,488,736,884,1080
74,1.2333,swing,swingBottom,28.421,-0.062,5.735,33.357,1.157,-8.606,34.468,33.377,4.785,38.28,15.00,35.77,31.04,0.931,0,,0,0.00,0.00,0.00,23.425,0.142,7.246,-2.33,-11.54,68.51,5.223,0.999,0.00,1.00,1,0,0,0,0,0,-11.54,0.45,-1.25,0.2554,0.1166,0.5438,1,5.223,0,0.436,0,swing,swingBottom,1.000,2,0.259 0.530 -0.170 0.261 0.632 0.877 -0.509 -0.435 -0.098 -0.426,22.87,0.13,7.42,-11.11,-2.37,101.02,476,724,884,1080
75,1.2500,swing,swingBottom,28.979,-0.042,5.597,33.568,1.208,-8.002,34.530,33.590,4.647,38.28,15.00,35.77,31.04,0.936,0,,0,0.00,0.00,0.00,23.983,0.158,7.083,-2.30,-11.92,68.39,5.216,1.005,0.00,1.00,1,0,0,0,0,0,-11.92,0.71,-1.27,0.2541,0.1159,0.5342,1,5.216,0,0.437,0,swing,swingBottom,1.000,2,0.258 0.531 -0.177 0.265 0.631 0.879 -0.501 -0.411 -0.092 -0.419,23.42,0.14,7.25,-11.54,-2.33,100.88,464,708,888,1084
76,1.2667,swing,swingBottom,29.540,-0.021,5.469,33.761,1.258,-7.390,34.584,33.785,4.519,38.28,15.00,35.77,31.04,0.942,0,,0,0.00,0.00,0.00,24.544,0.176,6.930,-2.26,-12.25,68.28,5.209,1.010,0.00,1.00,1,0,0,0,0,0,-12.25,0.95,-1.28,0.2535,0.1154,0.5256,1,5.209,0,0.439,0,swing,swingBottom,1.000,2,0.257 0.531 -0.183 0.269 0.630 0.880 -0.494 -0.389 -0.087 -0.415,23.98,0.16,7.08,-11.92,-2.30,100.76,456,700,888,1084
77,1.2833,swing,swingBottom,30.104,-0.000,5.351,33.936,1.308,-6.771,34.630,33.961,4.401,38.28,15.00,35.77,31.04,0.947,0,,0,0.00,0.00,0.00,25.108,0.194,6.787,-2.22,-12.53,68.18,5.202,1.016,0.00,1.00,1,0,0,0,0,0,-12.53,1.17,-1.30,0.2530,0.1148,0.5177,1,5.202,0,0.440,0,swing,swingBottom,1.000,2,0.256 0.531 -0.190 0.273 0.629 0.881 -0.486 -0.366 -0.083 -0.411,24.54,0.18,6.93,-12.25,-2.26,100.65,448,692,892,1080
78,1.3000,swing,swingBottom,30.671,0.022,5.243,34.092,1.357,-6.145,34.668,34.119,4.293,38.28,15.00,35.77,31.04,0.951,0,,0,0.00,0.00,0.00,25.675,0.213,6.654,-2.19,-12.76,68.10,5.195,1.021,0.00,1.00,1,0,0,0,0,0,-12.76,1.37,-1.32,0.2530,0.1145,0.5106,1,5.195,0,0.442,0,swing,swingBottom,1.000,2,0.255 0.532 -0.195 0.279 0.629 0.882 -0.480 -0.346 -0.080 -0.409,25.11,0.19,6.79,-12.53,-2.22,100.54,440,684,892,1080
79,1.3167,swing,swingBottom,31.241,0.045,5.146,34.229,1.405,-5.515,34.699,34.258,4.196,38.28,15.00,35.77,31.04,0.955,0,,0,0.00,0.00,0.00,26.244,0.233,6.531,-2.15,-12.94,68.02,5.188,1.025,0.00,1.00,1,0,0,0,0,0,-12.94,1.56,-1.33,0.2531,0.1141,0.5041,1,5.188,0,0.444,0,swing,swingBottom,1.000,2,0.254 0.532 -0.201 0.283 0.628 0.882 -0.474 -0.326 -0.077 -0.407,25.68,0.21,6.65,-12.76,-2.19,100.45,432,676,892,1084
80,1.3333,swing,swingBottom,31.812,0.069,5.059,34.347,1.453,-4.880,34.722,34.377,4.109,38.28,15.00,35.77,31.04,0.959,0,,0,0.00,0.00,0.00,26.816,0.254,6.418,-2.12,-13.08,67.95,5.181,1.030,0.00,1.00,1,0,0,0,0,0,-13.08,1.72,-1.35,0.2538,0.1139,0.4984,1,5.181,0,0.445,0,swing,swingBottom,1.000,2,0.254 0.532 -0.205 0.289 0.627 0.882 -0.469 -0.308 -0.075 -0.408,26.24,0.23,6.53,-12.94,-2.15,100.37,424,668,896,1084
81,1.3500,swing,swingBottom,32.386,0.094,4.983,34.445,1.500,-4.241,34.737,34.477,4.033,38.28,15.00,35.77,31.04,0.963,0,,0,0.00,0.00,0.00,27.389,0.276,6.316,-2.09,-13.17,67.89,5.175,1.034,0.00,1.00,1,0,0,0,0,0,-13.17,1.88,-1.37,0.2545,0.1138,0.4932,1,5.175,0,0.447,0,swing,swingBottom,1.000,2,0.253 0.532 -0.209 0.294 0.626 0.882 -0.465 -0.292 -0.074 -0.408,26.82,0.25,6.42,-13.08,-2.12,100.30,416,664,896,1084
82,1.3667,swing,swingBottom,32.961,0.119,4.918,34.523,1.546,-3.599,34.745,34.558,3.968,38.28,15.00,35.77,31.04,0.966,0,,0,0.00,0.00,0.00,27.964,0.299,6.224,-2.06,-13.23,67.84,5.168,1.038,0.00,1.00,1,0,0,0,0,0,-13.23,2.02,-1.38,0.2556,0.1138,0.4888,1,5.168,0,0.449,0,swing,swingBottom,1.000,2,0.252 0.533 -0.211 0.301 0.625 0.882 -0.462 -0.279 -0.074 -0.412,27.39,0.28,6.32,-13.17,-2.09,100.23,412,660,896,1088
83,1.3833,swing,swingBottom,33.537,0.146,4.863,34.582,1.591,-2.955,34.745,34.619,3.913,38.28,15.00,35.77,31.04,0.969,0,,0,0.00,0.00,0.00,28.540,0.322,6.143,-2.03,-13.25,67.80,5.161,1.042,0.00,1.00,1,0,0,0,0,0,-13.25,2.15,-1.40,0.2568,0.1139,0.4849,1,5.161,0,0.450,0,swing,swingBottom,1.000,2,0.251 0.533 -0.213 0.307 0.624 0.881 -0.460 -0.267 -0.075 -0.415,27.96,0.30,6.22,-13.23,-2.06,100.18,404,656,896,1084
84,1.4000,swing,swingBottom,34.113,0.173,4.819,34.622,1.635,-2.309,34.737,34.660,3.869,38.28,15.00,35.77,31.04,0.971,0,,0,0.00,0.00,0.00,29.116,0.347,6.073,-2.00,-13.24,67.76,5.155,1.045,0.00,1.00,1,0,0,0,0,0,-13.24,2.27,-1.42,0.2583,0.1141,0.4817,1,5.155,0,0.452,0,swing,swingBottom,1.000,2,0.250 0.533 -0.214 0.314 0.623 0.880 -0.458 -0.258 -0.076 -0.421,28.54,0.32,6.14,-13.25,-2.03,100.13,400,652,896,1084
85,1.4167,swing,swingBottom,34.690,0.200,4.786,34.641,1.678,-1.663,34.722,34.682,3.836,38.28,15.00,35.77,31.04,0.973,0,,0,0.00,0.00,0.00,29.693,0.372,6.013,-1.97,-13.19,67.73,5.148,1.049,0.00,1.00,1,0,0,0,0,0,-13.19,2.38,-1.43,0.2599,0.1143,0.4789,1,5.148,0,0.454,0,swing,swingBottom,1.000,2,0.250 0.533 -0.215 0.320 0.622 0.880 -0.457 -0.250 -0.078 -0.428,29.12,0.35,6.07,-13.24,-2.00,100.09,396,648,896,1088
86,1.4333,swing,swingBottom,35.268,0.229,4.764,34.641,1.720,-1.017,34.698,34.684,3.814,38.28,15.00,35.77,31.04,0.974,0,,0,0.00,0.00,0.00,30.271,0.398,5.964,-1.94,-13.12,67.71,5.142,1.052,0.00,1.00,1,0,0,0,0,0,-13.12,2.48,-1.45,0.2618,0.1147,0.4767,1,5.142,0,0.455,0,swing,swingBottom,1.000,2,0.249 0.534 -0.215 0.327 0.621 0.879 -0.458 -0.246 -0.081 -0.437,29.69,0.37,6.01,-13.19,-1.97,100.06,392,648,896,1088
87,1.4500,swing,swingBottom,35.845,0.258,4.752,34.621,1.761,-0.372,34.668,34.666,3.802,38.28,15.00,35.77,31.04,0.976,0,,0,0.00,0.00,0.00,30.848,0.425,5.926,-1.91,-13.01,67.69,5.136,1.055,0.00,1.00,1,0,0,0,0,0,-13.01,2.58,-1.47,0.2637,0.1151,0.4748,1,5.136,0,0.457,0,swing,swingBottom,1.000,2,0.248 0.534 -0.214 0.334 0.620 0.877 -0.459 -0.243 -0.084 -0.446,30.27,0.40,5.96,-13.12,-1.94,100.04,388,648,896,1084
88,1.4667,swing,swingBottom,36.422,0.287,4.751,34.693,1.807,0.273,34.741,34.740,3.801,38.28,15.00,35.77,31.04,0.976,0,,0,0.00,0.00,0.00,31.425,0.452,5.898,-1.89,-12.88,67.67,5.130,1.057,0.00,1.00,1,0,0,0,0,0,-12.88,2.67,-1.48,0.2658,0.1156,0.4735,1,5.130,0,0.459,0,swing,swingBottom,1.000,2,0.248 0.534 -0.212 0.342 0.619 0.876 -0.460 -0.242 -0.087 -0.456,30.85,0.42,5.93,-13.01,-1.91,100.02,388,648,896,1088
89,1.4833,swing,swingBottom,37.003,0.318,4.761,34.858,1.858,0.928,34.920,34.907,3.811,38.28,15.00,35.77,31.04,0.978,0,,0,0.00,0.00,0.00,32.005,0.480,5.881,-1.86,-12.74,67.66,5.124,1.060,0.00,1.00,1,0,0,0,0,0,-12.74,2.76,-1.50,0.2679,0.1161,0.4724,1,5.124,0,0.460,0,swing,swingBottom,1.000,2,0.247 0.534 -0.211 0.349 0.619 0.875 -0.462 -0.243 -0.091 -0.467,31.42,0.45,5.90,-12.88,-1.89,100.00,384,644,892,1088
90,1.5000,swing,swingBottom,37.585,0.350,4.782,35.002,1.904,1.591,35.090,35.054,3.832,38.28,15.00,35.77,31.04,0.980,0,,0,0.00,0.00,0.00,32.588,0.509,5.875,-1.83,-12.57,67.66,5.118,1.062,0.00,1.00,1,0,0,0,0,0,-12.57,2.84,-1.52,0.2701,0.1167,0.4715,1,5.118,0,0.462,0,swing,swingBottom,1.000,2,0.247 0.534 -0.208 0.357 0.617 0.873 -0.464 -0.246 -0.095 -0.479,32.01,0.48,5.88,-12.74,-1.86,99.99,380,644,892,1088
91,1.5167,swing,swingBottom,38.171,0.382,4.814,35.125,1.950,2.263,35.252,35.179,3.864,38.28,15.00,35.77,31.04,0.983,0,,0,0.00,0.00,0.00,33.173,0.539,5.880,-1.80,-12.40,67.66,5.112,1.065,0.00,1.00,1,0,0,0,0,0,-12.40,2.92,-1.53,0.2723,0.1172,0.4707,1,5.112,0,0.463,0,swing,swingBottom,1.000,2,0.246 0.534 -0.205 0.364 0.616 0.872 -0.465 -0.249 -0.100 -0.491,32.59,0.51,5.87,-12.57,-1.83,99.98,380,648,892,1088
92,1.5333,swing,swingBottom,38.758,0.415,4.858,35.227,1.994,2.942,35.405,35.283,3.908,38.28,15.00,35.77,31.04,0.986,0,,0,0.00,0.00,0.00,33.760,0.569,5.896,-1.77,-12.21,67.66,5.107,1.067,0.00,1.00,1,0,0,0,0,0,-12.21,3.00,-1.55,0.2745,0.1176,0.4698,1,5.107,0,0.465,0,swing,swingBottom,1.000,2,0.246 0.535 -0.202 0.372 0.615 0.870 -0.466 -0.251 -0.104 -0.503,33.17,0.54,5.88,-12.40,-1.80,99.98,376,648,892,1088
93,1.5500,swing,swingBottom,39.346,0.448,4.913,35.307,2.037,3.628,35.551,35.365,3.963,38.28,15.00,35.77,31.04,0.988,0,,0,0.00,0.00,0.00,34.348,0.600,5.922,-1.74,-12.02,67.67,5.101,1.069,0.00,1.00,1,0,0,0,0,0,-12.02,3.07,-1.57,0.2765,0.1179,0.4690,1,5.101,0,0.466,0,swing,swingBottom,1.000,2,0.245 0.535 -0.200 0.380 0.614 0.868 -0.467 -0.253 -0.109 -0.515,33.76,0.57,5.90,-12.21,-1.77,99.99,376,648,892,1088
94,1.5667,swing,swingBottom,39.935,0.483,4.979,35.365,2.079,4.320,35.688,35.426,4.029,38.28,15.00,35.77,31.04,0.991,0,,0,0.00,0.00,0.00,34.938,0.632,5.961,-1.71,-11.82,67.68,5.095,1.071,0.00,1.00,1,0,0,0,0,0,-11.82,3.14,-1.58,0.2784,0.1182,0.4682,1,5.095,0,0.466,0,swing,swingBottom,1.000,2,0.244 0.535 -0.197 0.388 0.613 0.867 -0.467 -0.255 -0.113 -0.526,34.35,0.60,5.92,-12.02,-1.74,99.99,372,648,892,1088
95,1.5833,swing,swingBottom,40.526,0.518,5.057,35.401,2.120,5.017,35.817,35.464,4.107,38.28,15.00,35.77,31.04,0.992,0,,0,0.00,0.00,0.00,35.528,0.665,6.010,-1.69,-11.63,67.69,5.090,1.073,0.00,1.00,1,0,0,0,0,0,-11.63,3.21,-1.60,0.2801,0.1184,0.4673,1,5.090,0,0.467,0,swing,swingBottom,1.000,2,0.243 0.535 -0.194 0.396 0.612 0.865 -0.466 -0.256 -0.118 -0.537,34.94,0.63,5.96,-11.82,-1.71,100.01,372,648,892,1088
96,1.6000,swing,swingBottom,41.116,0.554,5.146,35.414,2.158,5.718,35.938,35.480,4.196,38.28,15.00,35.77,31.04,0.994,0,,0,0.00,0.00,0.00,36.118,0.699,6.071,-1.66,-11.42,67.71,5.085,1.074,0.00,1.00,1,0,0,0,0,0,-11.42,3.27,-1.62,0.2816,0.1185,0.4663,1,5.085,0,0.467,0,swing,swingBottom,1.000,2,0.243 0.535 -0.192 0.404 0.610 0.862 -0.465 -0.256 -0.122 -0.547,35.53,0.67,6.01,-11.63,-1.69,100.02,368,648,892,1088
97,1.6167,swing,swingBottom,41.707,0.590,5.248,35.406,2.195,6.423,36.050,35.474,4.298,38.28,15.00,35.77,31.04,0.995,0,,0,0.00,0.00,0.00,36.709,0.733,6.143,-1.64,-11.22,67.73,5.080,1.076,0.00,1.00,1,0,0,0,0,0,-11.22,3.34,-1.63,0.2829,0.1186,0.4653,1,5.080,0,0.468,0,swing,swingBottom,1.000,2,0.242 0.536 -0.189 0.413 0.609 0.860 -0.465 -0.256 -0.126 -0.556,36.12,0.70,6.07,-11.42,-1.66,100.04,368,648,892,1088
98,1.6333,swing,swingBottom,42.297,0.627,5.361,35.375,2.232,7.129,36.155,35.445,4.411,38.28,15.00,35.77,31.04,0.996,0,,0,0.00,0.00,0.00,37.299,0.768,6.227,-1.61,-11.02,67.76,5.075,1.078,0.00,1.00,1,0,0,0,0,0,-11.02,3.41,-1.65,0.2841,0.1186,0.4642,1,5.075,0,0.468,0,swing,swingBottom,1.000,2,0.242 0.536 -0.187 0.421 0.608 0.858 -0.464 -0.256 -0.130 -0.565,36.71,0.73,6.14,-11.22,-1.64,100.06,368,644,892,1092
99,1.6500,swing,swingBottom,42.887,0.664,5.485,35.321,2.265,7.837,36.251,35.394,4.535,38.28,15.00,35.77,31.04,0.997,0,,0,0.00,0.00,0.00,37.889,0.803,6.323,-1.59,-10.81,67.78,5.070,1.079,0.00,1.00,1,0,0,0,0,0,-10.81,3.47,-1.67,0.2851,0.1186,0.4629,1,5.070,0,0.468,0,swing,swingBottom,1.000,2,0.241 0.536 -0.186 0.429 0.607 0.856 -0.462 -0.255 -0.133 -0.573,37.30,0.77,6.23,-11.02,-1.61,100.09,364,644,892,1088
100,1.6667,swing,swingBottom,43.475,0.702,5.622,35.245,2.298,8.546,36.339,35.320,4.672,38.28,15.00,35.77,31.04,0.997,0,,0,0.00,0.00,0.00,38.477,0.839,6.430,-1.57,-10.61,67.81,5.065,1.081,0.00,1.00,1,0,0,0,0,0,-10.61,3.53,-1.68,0.2862,0.1185,0.4617,1,5.065,0,0.467,0,swing,swingBottom,1.000,2,0.240 0.537 -0.186 0.436 0.605 0.853 -0.461 -0.255 -0.137 -0.582,37.89,0.80,6.32,-10.81,-1.59,100.12,364,644,892,1092
101,1.6833,swing,swingBottom,44.062,0.741,5.770,35.147,2.329,9.254,36.419,35.224,4.820,38.28,15.00,35.77,31.04,0.998,0,,0,0.00,0.00,0.00,39.064,0.876,6.549,-1.55,-10.41,67.84,5.060,1.082,0.00,1.00,1,0,0,0,0,0,-10.41,3.60,-1.70,0.2871,0.1184,0.4605,1,5.060,0,0.467,0,swing,swingBottom,1.000,2,0.238 0.537 -0.185 0.443 0.604 0.851 -0.459 -0.254 -0.141 -0.590,38.48,0.84,6.43,-10.61,-1.57,100.15,360,644,892,1088
102,1.7000,swing,swingBottom,44.647,0.780,5.931,35.026,2.357,9.961,36.491,35.105,4.981,38.28,15.00,35.77,31.04,0.998,0,,0,0.00,0.00,0.00,39.649,0.914,6.680,-1.53,-10.21,67.87,5.056,1.083,0.00,1.00,1,0,0,0,0,0,-10.21,3.66,-1.72,0.2880,0.1183,0.4592,1,5.056,0,0.467,0,swing,swingBottom,1.000,2,0.237 0.538 -0.186 0.451 0.602 0.849 -0.458 -0.254 -0.145 -0.599,39.06,0.88,6.55,-10.41,-1.55,100.18,360,644,892,1088
103,1.7167,swing,swingBottom,45.230,0.820,6.103,34.883,2.384,10.665,36.555,34.965,5.153,38.28,15.00,35.77,31.04,0.998,0,,0,0.00,0.00,0.00,40.232,0.952,6.822,-1.51,-10.02,67.91,5.052,1.084,0.00,1.00,1,0,0,0,0,0,-10.02,3.72,-1.73,0.2888,0.1181,0.4579,1,5.052,0,0.466,0,swing,swingBottom,1.000,2,0.236 0.538 -0.187 0.458 0.600 0.846 -0.456 -0.254 -0.149 -0.608,39.65,0.91,6.68,-10.21,-1.53,100.21,356,640,892,1088
104,1.7333,swing,swingBottom,45.811,0.860,6.286,34.718,2.410,11.367,36.611,34.802,5.336,38.28,15.00,35.77,31.04,0.999,0,,0,0.00,0.00,0.00,40.812,0.990,6.986,-1.50,-9.93,67.94,5.049,1.085,0.00,1.00,1,0,0,0,0,0,-9.93,3.78,-1.75,0.2894,0.1179,0.4565,1,5.049,0,0.465,0,swing,swingBottom,1.000,2,0.235 0.539 -0.189 0.467 0.598 0.843 -0.453 -0.254 -0.153 -0.617,40.23,0.95,6.82,-10.02,-1.51,100.25,356,640,892,1088
105,1.7500,swing,swingBottom,46.388,0.900,6.482,34.531,2.432,12.064,36.659,34.617,5.532,38.28,15.00,35.77,31.04,0.999,0,,0,0.00,0.00,0.00,41.390,1.030,7.182,-1.48,-10.07,67.98,5.049,1.086,0.00,1.00,1,0,0,0,0,0,-10.07,3.85,-1.77,0.2894,0.1176,0.4550,1,5.049,0,0.464,0,swing,swingBottom,1.000,2,0.234 0.539 -0.191 0.477 0.596 0.839 -0.451 -0.251 -0.157 -0.624,40.81,0.99,6.99,-9.93,-1.50,100.29,356,640,892,1088
106,1.7667,swing,swingHigh,46.962,0.941,6.688,34.323,2.453,12.757,36.699,34.411,5.738,38.28,15.00,35.77,31.04,0.999,0,,0,0.00,0.00,0.00,41.963,1.069,7.388,-1.47,-10.20,68.02,5.049,1.087,0.00,1.00,1,0,0,0,0,0,-10.20,3.91,-1.78,0.2892,0.1173,0.4534,1,5.049,0,0.463,0,swing,swingBottom,1.000,2,0.233 0.539 -0.192 0.488 0.594 0.834 -0.448 -0.249 -0.161 -0.631,41.39,1.03,7.18,-10.07,-1.48,100.33,352,636,892,1088
107,1.7833,swing,swingHigh,47.532,0.982,6.907,34.093,2.473,13.444,36.732,34.183,5.957,38.28,15.00,35.77,31.04,0.999,0,,0,0.00,0.00,0.00,42.534,1.109,7.607,-1.46,-10.34,68.05,5.049,1.088,0.00,1.00,1,0,0,0,0,0,-10.34,3.97,-1.80,0.2888,0.1170,0.4517,1,5.049,0,0.462,0,swing,swingBottom,1.000,2,0.231 0.540 -0.194 0.500 0.592 0.829 -0.445 -0.246 -0.165 -0.636,41.96,1.07,7.39,-10.20,-1.47,100.37,352,636,892,1088
108,1.8000,swing,swingHigh,48.098,1.023,7.137,33.843,2.489,14.125,36.756,33.934,6.187,38.28,15.00,35.77,31.04,0.999,0,,0,0.00,0.00,0.00,43.100,1.150,7.837,-1.45,-10.49,68.09,5.049,1.089,0.00,1.00,1,0,0,0,0,0,-10.49,4.01,-1.82,0.2881,0.1167,0.4499,1,5.049,0,0.461,0,swing,swingBottom,1.000,2,0.230 0.540 -0.195 0.513 0.590 0.824 -0.442 -0.243 -0.169 -0.641,42.53,1.11,7.61,-10.34,-1.46,100.41,348,632,892,1088
109,1.8167,swing,swingHigh,48.660,1.065,7.378,33.571,2.504,14.798,36.773,33.665,6.428,38.28,15.00,35.77,31.04,1.000,0,,0,0.00,0.00,0.00,43.662,1.191,8.078,-1.44,-10.63,68.13,5.049,1.090,0.00,1.00,1,0,0,0,0,0,-10.63,4.05,-1.83,0.2871,0.1163,0.4479,1,5.049,0,0.460,0,swing,swingBottom,1.000,2,0.229 0.541 -0.196 0.526 0.588 0.819 -0.439 -0.239 -0.172 -0.644,43.10,1.15,7.84,-10.49,-1.45,100.45,348,628,892,1088
110,1.8333,swing,swingHigh,49.217,1.107,7.630,33.280,2.517,15.463,36.783,33.375,6.680,38.28,15.00,35.77,31.04,1.000,0,,0,0.00,0.00,0.00,44.219,1.232,8.330,-1.43,-10.78,68.17,5.049,1.091,0.00,1.00,1,0,0,0,0,0,-10.78,4.06,-1.85,0.2858,0.1160,0.4459,1,5.049,0,0.458,0,swing,swingBottom,1.000,2,0.228 0.541 -0.197 0.539 0.586 0.813 -0.435 -0.235 -0.175 -0.646,43.66,1.19,8.08,-10.63,-1.44,100.49,348,628,896,1088
111,1.8500,swing,swingHigh,49.770,1.149,7.893,32.968,2.526,16.120,36.785,33.065,6.943,38.28,15.00,35.77,31.04,1.000,0,,0,0.00,0.00,0.00,44.771,1.273,8.593,-1.43,-10.92,68.21,5.049,1.091,0.00,1.00,1,0,0,0,0,0,-10.92,4.06,-1.87,0.2842,0.1156,0.4437,1,5.049,0,0.457,0,swing,swingBottom,1.000,2,0.228 0.541 -0.198 0.553 0.584 0.808 -0.432 -0.231 -0.178 -0.646,44.22,1.23,8.33,-10.78,-1.43,100.53,344,624,896,1088
112,1.8667,swing,swingHigh,50.316,1.191,8.167,32.637,2.535,16.766,36.780,32.736,7.217,38.28,15.00,35.77,31.04,1.000,0,,0,0.00,0.00,0.00,45.318,1.315,8.867,-1.43,-11.07,68.25,5.049,1.092,0.00,1.00,1,0,0,0,0,0,-11.07,4.03,-1.88,0.2824,0.1152,0.4413,1,5.049,0,0.456,0,swing,swingBottom,1.000,2,0.227 0.541 -0.199 0.568 0.582 0.802 -0.428 -0.226 -0.181 -0.643,44.77,1.27,8.59,-10.92,-1.43,100.57,344,620,896,1088
113,1.8833,swing,swingHigh,50.857,1.233,8.452,32.288,2.541,17.403,36.767,32.388,7.502,38.28,15.00,35.77,31.04,1.000,0,,0,0.00,0.00,0.00,45.859,1.357,9.152,-1.42,-11.22,68.29,5.049,1.093,0.00,1.00,1,0,0,0,0,0,-11.22,3.97,-1.90,0.2802,0.1148,0.4389,1,5.049,0,0.454,0,swing,swingBottom,1.000,2,0.226 0.542 -0.199 0.583 0.580 0.796 -0.424 -0.221 -0.183 -0.640,45.32,1.32,8.87,-11.07,-1.43,100.61,344,616,896,1088
114,1.9000,swing,swingHigh,51.392,1.276,8.747,31.920,2.544,18.028,36.747,32.021,7.797,38.28,15.00,35.77,31.04,1.000,0,,0,0.00,0.00,0.00,46.394,1.400,9.447,-1.42,-11.36,68.32,5.049,1.093,0.00,1.00,1,0,0,0,0,0,-11.36,3.89,-1.92,0.2779,0.1144,0.4363,1,5.049,0,0.453,0,swing,swingBottom,1.000,2,0.226 0.542 -0.200 0.598 0.578 0.789 -0.421 -0.214 -0.184 -0.634,45.86,1.36,9.15,-11.22,-1.42,100.65,340,612,896,1088
115,1.9167,swing,swingHigh,51.921,1.318,9.053,31.534,2.545,18.642,36.720,31.636,8.103,38.28,15.00,35.77,31.04,1.000,0,,0,0.00,0.00,0.00,46.923,1.442,9.753,-1.42,-11.51,68.36,5.049,1.094,0.00,1.00,1,0,0,0,0,0,-11.51,3.78,-1.93,0.2752,0.1139,0.4337,1,5.049,0,0.451,0,swing,swingHigh,1.000,2,0.225 0.542 -0.201 0.613 0.576 0.783 -0.417 -0.207 -0.185 -0.627,46.39,1.40,9.45,-11.36,-1.42,100.69,340,608,896,1088
116,1.9333,swing,swingHigh,52.443,1.360,9.368,31.130,2.545,19.243,36.686,31.234,8.418,38.28,15.00,35.77,31.04,1.000,0,,0,0.00,0.00,0.00,47.445,1.485,10.068,-1.43,-11.66,68.40,5.049,1.094,0.00,1.00,1,0,0,0,0,0,-11.66,3.65,-1.95,0.2724,0.1135,0.4309,1,5.049,0,0.449,0,swing,swingHigh,1.000,2,0.225 0.542 -0.201 0.628 0.574 0.776 -0.413 -0.199 -0.186 -0.617,46.92,1.44,9.75,-11.51,-1.42,100.73,340,604,900,1088
117,1.9500,swing,swingHigh,52.958,1.403,9.694,30.710,2.540,19.831,36.645,30.815,8.744,38.28,15.00,35.77,31.04,0.998,0,,0,0.00,0.00,0.00,47.960,1.528,10.394,-1.43,-11.81,68.43,5.049,1.095,0.00,1.00,1,0,0,0,0,0,-11.81,3.49,-1.97,0.2694,0.1131,0.4280,1,5.049,0,0.448,0,swing,swingHigh,1.000,2,0.225 0.541 -0.202 0.644 0.572 0.769 -0.409 -0.190 -0.186 -0.607,47.44,1.48,10.07,-11.66,-1.43,100.77,336,596,900,1088
118,1.9667,swing,swingHigh,53.466,1.445,10.029,30.274,2.535,20.406,36.597,30.380,9.079,38.28,15.00,35.77,31.04,0.996,0,,0,0.00,0.00,0.00,48.468,1.570,10.729,-1.44,-11.96,68.47,5.049,1.095,0.00,1.00,1,0,0,0,0,0,-11.96,3.30,-1.98,0.2663,0.1127,0.4251,1,5.049,0,0.446,0,swing,swingHigh,1.000,2,0.225 0.541 -0.202 0.659 0.571 0.762 -0.406 -0.179 -0.186 -0.594,47.96,1.53,10.39,-11.81,-1.43,100.81,336,592,900,1088
119,1.9833,swing,swingHigh,53.967,1.487,10.374,29.823,2.527,20.966,36.543,29.930,9.424,38.28,15.00,35.77,31.04,0.994,0,,0,0.00,0.00,0.00,48.969,1.613,11.074,-1.44,-12.11,68.50,5.049,1.095,0.00,1.00,1,0,0,0,0,0,-12.11,3.10,-2.00,0.2630,0.1123,0.4222,1,5.049,0,0.445,0,swing,swingHigh,1.000,2,0.224 0.541 -0.203 0.674 0.569 0.755 -0.402 -0.168 -0.185 -0.580,48.47,1.57,10.73,-11.96,-1.44,100.84,332,588,900,1088
120,2.0000,swing,swingHigh,54.460,1.529,10.728,29.356,2.520,21.512,36.482,29.464,9.778,38.28,15.00,35.77,31.04,0.990,0,,0,0.00,0.00,0.00,49.462,1.656,11.428,-1.45,-12.26,68.53,5.049,1.096,0.00,1.00,1,0,0,0,0,0,-12.26,2.87,-2.02,0.2597,0.1120,0.4192,1,5.049,0,0.443,0,swing,swingHigh,1.000,2,0.225 0.540 -0.204 0.688 0.568 0.747 -0.399 -0.154 -0.185 -0.565,48.97,1.61,11.07,-12.11,-1.44,100.88,332,584,900,1084
121,2.0167,swing,swingHigh,54.945,1.571,11.091,28.876,2.511,22.043,36.414,28.985,10.141,38.28,15.00,35.77,31.04,0.986,0,,0,0.00,0.00,0.00,49.947,1.699,11.791,-1.46,-12.41,68.56,5.049,1.096,0.00,1.00,1,0,0,0,0,0,-12.41,2.62,-2.03,0.2563,0.1116,0.4162,1,5.049,0,0.441,0,swing,swingHigh,1.000,2,0.225 0.539 -0.205 0.701 0.567 0.739 -0.395 -0.139 -0.184 -0.549,49.46,1.66,11.43,-12.26,-1.45,100.91,332,576,900,1088
122,2.0333,swing,swingHigh,55.422,1.613,11.462,28.381,2.501,22.558,36.341,28.491,10.512,38.28,15.00,35.77,31.04,0.982,0,,0,0.00,0.00,0.00,50.424,1.741,12.162,-1.47,-12.56,68.59,5.049,1.096,0.00,1.00,1,0,0,0,0,0,-12.56,2.35,-2.05,0.2529,0.1113,0.4133,1,5.049,0,0.439,0,swing,swingHigh,1.000,2,0.226 0.537 -0.206 0.714 0.566 0.731 -0.393 -0.120 -0.184 -0.532,49.95,1.70,11.79,-12.41,-1.46,100.95,328,572,904,1088
123,2.0500,swing,swingHigh,55.891,1.654,11.842,27.874,2.488,23.058,36.261,27.985,10.892,38.28,15.00,35.77,31.04,0.977,0,,0,0.00,0.00,0.00,50.892,1.784,12.542,-1.49,-12.71,68.62,5.049,1.097,0.00,1.00,1,0,0,0,0,0,-12.71,2.06,-2.07,0.2495,0.1110,0.4104,1,5.049,0,0.438,0,swing,swingHigh,1.000,2,0.226 0.536 -0.206 0.726 0.565 0.722 -0.389 -0.101 -0.183 -0.514,50.42,1.74,12.16,-12.56,-1.47,100.98,328,568,904,1084
124,2.0667,swing,swingHigh,56.351,1.696,12.230,27.355,2.473,23.541,36.175,27.467,11.280,38.28,15.00,35.77,31.04,0.971,0,,0,0.00,0.00,0.00,51.352,1.827,12.930,-1.50,-12.86,68.65,5.049,1.097,0.00,1.00,1,0,0,0,0,0,-12.86,1.75,-2.08,0.2464,0.1107,0.4076,1,5.049,0,0.436,0,swing,swingHigh,1.000,2,0.227 0.534 -0.208 0.735 0.565 0.713 -0.386 -0.077 -0.183 -0.497,50.89,1.78,12.54,-12.71,-1.49,101.01,328,564,904,1088
125,2.0833,swing,swingHigh,56.802,1.737,12.626,26.825,2.456,24.007,36.083,26.937,11.676,38.28,15.00,35.77,31.04,0.965,0,,0,0.00,0.00,0.00,51.804,1.869,13.326,-1.52,-13.01,68.67,5.049,1.097,0.00,1.00,1,0,0,0,0,0,-13.01,1.42,-2.10,0.2433,0.1103,0.4048,1,5.049,0,0.434,0,swing,swingHigh,1.000,2,0.228 0.531 -0.210 0.745 0.565 0.704 -0.382 -0.051 -0.182 -0.480,51.35,1.83,12.93,-12.86,-1.50,101.03,324,560,904,1088
126,2.1000,swing,swingHigh,57.244,1.777,13.030,26.284,2.437,24.457,35.985,26.397,12.080,38.28,15.00,35.77,31.04,0.959,0,,0,0.00,0.00,0.00,52.246,1.911,13.730,-1.53,-13.16,68.70,5.049,1.097,0.00,1.00,1,0,0,0,0,0,-13.16,1.07,-2.12,0.2408,0.1098,0.4023,1,5.049,0,0.432,0,swing,swingHigh,1.000,2,0.228 0.529 -0.215 0.750 0.564 0.695 -0.378 -0.019 -0.181 -0.464,51.80,1.87,13.33,-13.01,-1.52,101.06,324,556,908,1088
127,2.1167,swing,swingHigh,57.677,1.818,13.441,25.733,2.416,24.889,35.881,25.846,12.491,38.28,15.00,35.77,31.04,0.952,0,,0,0.00,0.00,0.00,52.679,1.953,14.141,-1.55,-13.31,68.72,5.049,1.098,0.00,1.00,1,0,0,0,0,0,-13.31,0.70,-2.13,0.2383,0.1093,0.3998,1,5.049,0,0.431,0,swing,swingHigh,1.000,2,0.229 0.526 -0.219 0.755 0.564 0.686 -0.372 0.014 -0.180 -0.449,52.25,1.91,13.73,-13.16,-1.53,101.08,324,552,908,1088
128,2.1333,swing,swingHigh,58.101,1.858,13.859,25.173,2.394,25.303,35.772,25.286,12.909,38.28,15.00,35.77,31.04,0.945,0,,0,0.00,0.00,0.00,53.103,1.995,14.559,-1.57,-13.46,68.74,5.049,1.098,0.00,1.00,1,0,0,0,0,0,-13.46,0.32,-2.15,0.2363,0.1086,0.3976,1,5.049,0,0.429,0,swing,swingHigh,1.000,2,0.229 0.523 -0.226 0.755 0.564 0.676 -0.365 0.052 -0.179 -0.436,52.68,1.95,14.14,-13.31,-1.55,101.11,320,548,908,1088
129,2.1500,swing,swingHigh,58.516,1.897,14.283,24.604,2.368,25.700,35.658,24.718,13.333,38.28,15.00,35.77,31.04,0.937,0,,0,0.00,0.00,0.00,53.518,2.037,14.983,-1.60,-13.60,68.75,5.049,1.098,0.00,1.00,1,0,0,0,0,0,-13.60,-0.08,-2.17,0.2343,0.1079,0.3955,1,5.049,0,0.427,0,swing,swingHigh,1.000,2,0.229 0.519 -0.234 0.755 0.563 0.666 -0.357 0.092 -0.178 -0.423,53.10,2.00,14.56,-13.46,-1.57,101.13,320,544,912,1088
130,2.1667,swing,swingHigh,58.921,1.937,14.715,24.028,2.342,26.079,35.538,24.142,13.765,38.28,15.00,35.77,31.04,0.929,0,,0,0.00,0.00,0.00,53.923,2.078,15.415,-1.62,-13.75,68.77,5.049,1.098,0.00,1.00,1,0,0,0,0,0,-13.75,-0.50,-2.18,0.2328,0.1070,0.3936,1,5.049,0,0.425,0,swing,swingHigh,1.000,2,0.229 0.516 -0.244 0.750 0.563 0.655 -0.347 0.138 -0.177 -0.411,53.52,2.04,14.98,-13.60,-1.60,101.14,320,540,916,1088
131,2.1833,swing,swingHigh,59.316,1.975,15.152,23.444,2.314,26.440,35.413,23.558,14.202,38.28,15.00,35.77,31.04,0.921,0,,0,0.00,0.00,0.00,54.318,2.119,15.852,-1.65,-13.90,68.78,5.049,1.098,0.00,1.00,1,0,0,0,0,0,-13.90,-0.93,-2.20,0.2312,0.1062,0.3917,1,5.049,0,0.423,0,swing,swingHigh,1.000,2,0.228 0.512 -0.253 0.745 0.563 0.644 -0.336 0.184 -0.175 -0.400,53.92,2.08,15.41,-13.75,-1.62,101.16,316,536,916,1092
132,2.2000,swing,swingHigh,59.701,2.014,15.595,22.855,2.286,26.783,35.283,22.969,14.645,38.28,15.00,35.77,31.04,0.913,0,,0,0.00,0.00,0.00,54.704,2.160,16.295,-1.67,-14.04,68.79,5.049,1.098,0.00,1.00,1,0,0,0,0,0,-14.04,-1.37,-2.22,0.2298,0.1076,0.3900,1,5.049,0,0.422,0,swing,swingHigh,1.000,2,0.228 0.507 -0.264 0.735 0.563 0.633 -0.323 0.233 -0.172 -0.390,54.32,2.12,15.85,-13.90,-1.65,101.17,316,536,916,1092
133,2.2167,swing,swingHigh,60.077,2.051,16.044,22.259,2.257,27.108,35.149,22.373,15.094,38.28,15.00,35.77,31.04,0.904,0,,0,0.00,0.00,0.00,55.079,2.200,16.744,-1.70,-14.18,68.80,5.049,1.098,0.00,1.00,1,0,0,0,0,0,-14.18,-1.83,-2.23,0.2284,0.1090,0.3885,1,5.049,0,0.420,0,swing,swingHigh,1.000,2,0.227 0.503 -0.275 0.725 0.562 0.621 -0.308 0.283 -0.170 -0.381,54.70,2.16,16.30,-14.04,-1.67,101.19,316,532,916,1092
134,2.2333,swing,swingHigh,60.443,2.089,16.498,21.659,2.226,27.415,35.009,21.773,15.548,38.28,15.00,35.77,31.04,0.895,0,,0,0.00,0.00,0.00,55.445,2.240,17.198,-1.73,-14.32,68.81,5.049,1.098,0.00,1.00,1,0,0,0,0,0,-14.32,-2.30,-2.25,0.2271,0.1104,0.3871,1,5.049,0,0.418,0,swing,swingHigh,1.000,2,0.226 0.498 -0.287 0.711 0.562 0.609 -0.292 0.335 -0.166 -0.371,55.08,2.20,16.74,-14.18,-1.70,101.19,316,532,916,1092
135,2.2500,swing,swingHigh,60.798,2.126,16.957,21.053,2.220,27.702,34.865,21.170,16.007,38.28,15.00,35.77,31.04,0.886,0,,0,0.00,0.00,0.00,55.801,2.279,17.657,-1.76,-14.45,68.81,5.049,1.098,0.00,1.00,1,0,0,0,0,0,-14.45,-2.79,-2.27,0.2252,0.1119,0.3861,1,5.049,0,0.417,0,swing,swingHigh,1.000,2,0.227 0.492 -0.296 0.697 0.565 0.595 -0.276 0.386 -0.165 -0.362,55.44,2.24,17.20,-14.32,-1.73,101.20,316,528,912,1092
136,2.2667,swing,swingHigh,61.144,2.163,17.420,20.444,2.213,27.971,34.717,20.563,16.470,38.28,15.00,35.77,31.04,0.876,0,,0,0.00,0.00,0.00,56.146,2.318,18.120,-1.78,-14.57,68.81,5.049,1.098,0.00,1.00,1,0,0,0,0,0,-14.57,-3.28,-2.28,0.2232,0.1133,0.3853,1,5.049,0,0.415,0,swing,swingHigh,1.000,2,0.227 0.486 -0.305 0.681 0.567 0.581 -0.259 0.435 -0.162 -0.352,55.80,2.28,17.66,-14.45,-1.76,101.21,312,528,912,1092
137,2.2833,swing,swingHigh,61.479,2.200,17.888,19.832,2.206,28.223,34.564,19.954,16.938,38.28,15.00,35.77,31.04,0.866,0,,0,0.00,0.00,0.00,56.481,2.357,18.588,-1.80,-14.68,68.81,5.049,1.098,0.00,1.00,1,0,0,0,0,0,-14.68,-3.79,-2.30,0.2211,0.1143,0.3846,1,5.049,0,0.414,0,swing,swingHigh,1.000,2,0.229 0.479 -0.310 0.664 0.568 0.566 -0.245 0.482 -0.161 -0.343,56.15,2.32,18.12,-14.57,-1.78,101.21,316,524,912,1096
138,2.3000,swing,swingHigh,61.804,2.236,18.360,19.217,2.197,28.456,34.407,19.343,17.410,38.28,15.00,35.77,31.04,0.856,0,,0,0.00,0.00,0.00,56.808,2.396,19.060,-1.83,-14.79,68.81,5.048,1.098,0.00,1.00,1,0,0,0,0,0,-14.79,-4.32,-2.32,0.2189,0.1152,0.3840,1,5.048,0,0.412,0,swing,swingHigh,1.000,2,0.231 0.472 -0.316 0.647 0.570 0.551 -0.231 0.525 -0.159 -0.333,56.48,2.36,18.59,-14.68,-1.80,101.21,316,524,912,1096
139,2.3167,swing,swingHigh,62.119,2.273,18.835,18.602,2.188,28.671,34.247,18.730,17.885,38.28,15.00,35.77,31.04,0.846,0,,0,0.00,0.00,0.00,57.131,2.434,19.535,-1.85,-14.90,68.81,5.039,1.097,0.00,1.00,1,0,0,0,0,0,-14.90,-4.85,-2.33,0.2167,0.1162,0.3834,1,5.039,0,0.411,0,swing,swingHigh,1.000,2,0.233 0.464 -0.320 0.629 0.571 0.535 -0.217 0.565 -0.156 -0.322,56.81,2.40,19.06,-14.79,-1.83,101.21,316,520,912,1096
140,2.3333,swing,swingHigh,62.423,2.309,19.314,17.985,2.179,28.868,34.082,18.117,18.364,38.28,15.00,35.77,31.04,0.835,0,,0,0.00,0.00,0.00,57.452,2.472,20.014,-1.87,-15.01,68.80,5.023,1.097,0.00,1.00,1,0,0,0,0,0,-15.01,-5.39,-2.35,0.2147,0.1173,0.3828,1,5.023,0,0.410,0,swing,swingHigh,1.000,2,0.235 0.457 -0.323 0.610 0.572 0.519 -0.204 0.600 -0.153 -0.312,57.13,2.43,19.54,-14.90,-1.85,101.20,316,520,912,1096
141,2.3500,swing,swingHigh,62.718,2.346,19.796,17.368,2.168,29.048,33.914,17.503,18.846,38.28,15.00,35.77,31.04,0.825,0,,0,0.00,0.00,0.00,57.769,2.509,20.496,-1.89,-15.13,68.79,5.001,1.096,0.00,1.00,1,0,0,0,0,0,-15.13,-5.95,-2.37,0.2127,0.1184,0.3823,1,5.001,0,0.409,0,swing,swingHigh,1.000,2,0.236 0.449 -0.325 0.592 0.573 0.503 -0.192 0.633 -0.149 -0.301,57.45,2.47,20.01,-15.01,-1.87,101.19,316,516,912,1100
142,2.3667,swing,swingHigh,63.002,2.382,20.281,16.752,2.157,29.210,33.742,16.890,19.331,38.28,15.00,35.77,31.04,0.814,0,,0,0.00,0.00,0.00,58.080,2.546,20.981,-1.91,-15.24,68.78,4.974,1.095,0.00,1.00,1,0,0,0,0,0,-15.24,-6.51,-2.38,0.2107,0.1195,0.3818,1,4.974,0,0.408,0,swing,swingHigh,1.000,2,0.238 0.441 -0.326 0.575 0.574 0.487 -0.182 0.660 -0.145 -0.290,57.77,2.51,20.50,-15.13,-1.89,101.18,316,516,912,1104
143,2.3833,swing,swingHigh,63.275,2.418,20.768,16.137,2.146,29.355,33.567,16.279,19.818,38.28,15.00,35.77,31.04,0.803,0,,0,0.00,0.00,0.00,58.383,2.583,21.468,-1.93,-15.36,68.76,4.944,1.095,0.00,1.00,1,0,0,0,0,0,-15.36,-7.08,-2.40,0.2087,0.1207,0.3814,1,4.944,0,0.407,0,swing,swingHigh,1.000,2,0.239 0.433 -0.327 0.558 0.575 0.471 -0.173 0.686 -0.141 -0.280,58.08,2.55,20.98,-15.24,-1.91,101.17,320,516,912,1104
144,2.4000,swing,swingHigh,63.539,2.453,21.258,15.523,2.134,29.483,33.388,15.669,20.308,38.28,15.00,35.77,31.04,0.792,0,,0,0.00,0.00,0.00,58.679,2.619,21.958,-1.96,-15.47,68.75,4.912,1.094,0.00,1.00,1,0,0,0,0,0,-15.47,-7.67,-2.42,0.2068,0.1219,0.3811,1,4.912,0,0.406,0,swing,swingHigh,1.000,2,0.240 0.426 -0.327 0.543 0.576 0.455 -0.167 0.706 -0.138 -0.270,58.38,2.58,21.47,-15.36,-1.93,101.15,320,512,912,1108
145,2.4167,swing,swingHigh,63.792,2.489,21.750,14.911,2.121,29.595,33.207,15.061,20.800,38.28,15.00,35.77,31.04,0.780,0,,0,0.00,0.00,0.00,58.967,2.656,22.450,-1.98,-15.58,68.73,4.879,1.092,0.00,1.00,1,0,0,0,0,0,-15.58,-8.26,-2.43,0.2048,0.1231,0.3808,1,4.879,0,0.406,0,swing,swingHigh,1.000,2,0.242 0.418 -0.327 0.528 0.576 0.439 -0.161 0.724 -0.135 -0.260,58.68,2.62,21.96,-15.47,-1.96,101.14,316,512,912,1108
146,2.4333,swing,swingHigh,64.035,2.524,22.243,14.302,2.108,29.690,33.022,14.457,21.293,38.28,15.00,35.77,31.04,0.769,0,,0,0.00,0.00,0.00,59.245,2.692,22.943,-2.00,-15.68,68.70,4.844,1.091,0.00,1.00,1,0,0,0,0,0,-15.68,-8.86,-2.45,0.2028,0.1244,0.3806,1,4.844,0,0.405,0,swing,swingHigh,1.000,2,0.243 0.411 -0.326 0.517 0.576 0.423 -0.160 0.737 -0.134 -0.252,58.97,2.66,22.45,-15.58,-1.98,101.11,312,512,912,1108
147,2.4500,swing,swingHigh,64.268,2.559,22.738,13.696,2.095,29.768,32.835,13.855,21.788,38.28,15.00,35.77,31.04,0.757,0,,0,0.00,0.00,0.00,59.514,2.727,23.438,-2.03,-15.79,68.68,4.808,1.090,0.00,1.00,1,0,0,0,0,0,-15.79,-9.46,-2.47,0.2046,0.1257,0.3786,1,4.808,0,0.405,0,swing,swingHigh,1.000,2,0.244 0.404 -0.325 0.506 0.577 0.408 -0.159 0.750 -0.133 -0.243,59.25,2.69,22.94,-15.68,-2.00,101.09,308,508,912,1112
148,2.4667,swing,swingHigh,64.491,2.594,23.234,13.091,2.080,29.823,32.636,13.255,22.284,38.28,15.00,35.77,31.04,0.746,0,,0,0.00,0.00,0.00,59.773,2.763,23.934,-2.05,-15.89,68.65,4.772,1.088,0.00,1.00,1,0,0,0,0,0,-15.89,-10.08,-2.48,0.2067,0.1270,0.3764,1,4.772,0,0.404,0,swing,swingHigh,1.000,2,0.246 0.397 -0.324 0.499 0.577 0.392 -0.162 0.758 -0.134 -0.235,59.51,2.73,23.44,-15.79,-2.03,101.06,304,508,912,1116
149,2.4833,swing,swingHigh,64.704,2.628,23.730,12.476,2.063,29.829,32.399,12.646,22.780,38.28,15.00,35.77,31.04,0.734,0,,0,0.00,0.00,0.00,60.023,2.798,24.430,-2.08,-15.98,68.62,4.736,1.086,0.00,1.00,1,0,0,0,0,0,-15.98,-10.70,-2.50,0.2089,0.1284,0.3742,1,4.736,0,0.404,0,swing,swingHigh,1.000,2,0.248 0.390 -0.323 0.492 0.577 0.377 -0.165 0.766 -0.135 -0.227,59.77,2.76,23.93,-15.89,-2.05,101.04,300,504,912,1116
150,2.5000,swing,swingHigh,64.906,2.663,24.226,11.855,2.044,29.785,32.122,12.030,23.276,38.28,15.00,35.77,31.04,0.721,0,,0,0.00,0.00,0.00,60.263,2.834,24.926,-2.11,-16.08,68.59,4.699,1.084,0.00,1.00,1,0,0,0,0,0,-16.08,-11.32,-2.52,0.2105,0.1298,0.3723,1,4.699,0,0.403,0,swing,swingHigh,1.000,2,0.250 0.383 -0.322 0.488 0.578 0.362 -0.171 0.771 -0.137 -0.219,60.02,2.80,24.43,-15.98,-2.08,101.00,300,504,912,1120
151,2.5167,air,release,65.042,2.686,24.484,16.351,2.819,30.975,35.139,16.592,23.534,0.00,0.00,0.00,0.00,0.000,0,,0,0.00,0.00,0.00,60.488,2.868,25.184,-2.28,-16.30,68.55,4.612,1.082,0.00,1.00,0,0,0,0,0,0,-16.30,-11.95,-2.53,0.2172,0.1248,0.3896,1,4.612,0,0.402,0,swing,swingHigh,1.000,2,0.219 0.350 -0.317 0.493 0.494 0.293 -0.092 0.798 -0.093 -0.188,60.26,2.83,24.93,-16.08,-2.11,100.97,296,504,912,1120
152,2.5333,air,release,65.315,2.733,24.995,16.351,2.819,30.575,34.787,16.592,24.045,0.00,0.00,0.00,0.00,0.000,0,,1,119.50,-15.30,33.55,60.705,2.902,25.695,-2.10,-16.29,68.53,4.665,1.080,-0.00,1.00,0,0,0,0,0,0,-16.29,-12.56,-2.55,0.2200,0.1141,0.3686,1,4.665,0,0.401,0,air_tuck,swingHigh,1.000,1,0.191 0.407 -0.334 0.498 0.443 0.412 -0.097 0.730 -0.068 -0.249,60.49,2.87,25.18,-16.30,-2.28,100.93,312,524,904,1104
153,2.5500,air,release,65.587,2.780,25.500,16.351,2.819,30.175,34.436,16.592,24.550,0.00,0.00,0.00,0.00,0.000,0,,1,119.50,-15.30,33.55,60.928,2.938,26.200,-1.94,-16.33,68.50,4.714,1.079,-0.00,1.00,0,0,0,0,0,0,-16.33,-13.16,-2.57,0.2565,0.1096,0.3563,1,4.714,0,0.399,0,air_tuck,swingHigh,1.000,1,0.137 0.458 -0.348 0.476 0.432 0.561 -0.090 0.656 -0.038 -0.301,60.71,2.90,25.70,-16.29,-2.10,100.90,292,504,896,1084
154,2.5667,air,release,65.860,2.827,25.998,16.351,2.819,29.775,34.086,16.592,25.048,0.00,0.00,0.00,0.00,0.000,0,,1,119.50,-15.30,33.55,61.160,2.976,26.698,-1.81,-16.41,68.48,4.753,1.078,-0.00,1.00,0,0,0,0,0,0,-16.41,-13.77,-2.58,0.2663,0.1045,0.3558,1,4.753,0,0.397,0,air_tuck,swingHigh,1.000,1,0.107 0.496 -0.359 0.463 0.397 0.591 -0.079 0.576 -0.007 -0.346,60.93,2.94,26.20,-16.33,-1.94,100.88,280,512,896,1076
155,2.5833,air,release,66.132,2.874,26.489,16.351,2.819,29.375,33.737,16.592,25.539,0.00,0.00,0.00,0.00,0.000,0,,1,119.50,-15.30,33.55,61.402,3.016,27.189,-1.72,-16.51,68.45,4.784,1.078,-0.00,1.00,0,0,0,0,0,0,-16.51,-14.38,-2.60,0.2773,0.0999,0.3535,1,4.784,0,0.395,0,air_tuck,swingHigh,1.000,1,0.077 0.526 -0.368 0.444 0.358 0.632 -0.062 0.492 0.026 -0.383,61.16,2.98,26.70,-16.41,-1.81,100.85,272,516,892,1064
156,2.6000,air,release,66.405,2.921,26.974,16.351,2.819,28.975,33.390,16.592,26.024,0.00,0.00,0.00,0.00,0.000,0,,1,119.50,-15.30,33.55,61.651,3.057,27.674,-1.64,-16.64,68.43,4.807,1.077,-0.00,1.00,0,0,0,0,0,0,-16.64,-15.00,-2.62,0.2883,0.0949,0.3501,1,4.807,0,0.393,0,air_tuck,swingHigh,1.000,1,0.048 0.549 -0.374 0.422 0.314 0.680 -0.042 0.404 0.062 -0.414,61.40,3.02,27.19,-16.51,-1.72,100.83,260,520,892,1056
157,2.6167,air,release,66.677,2.968,27.452,16.351,2.819,28.575,33.043,16.592,26.502,0.00,0.00,0.00,0.00,0.000,0,,1,119.50,-15.30,33.55,61.907,3.100,28.152,-1.59,-16.78,68.40,4.823,1.077,-0.00,1.00,0,0,0,0,0,0,-16.78,-15.63,-2.63,0.2985,0.0901,0.3459,1,4.823,0,0.391,0,air_tuck,swingHigh,1.000,1,0.022 0.566 -0.374 0.395 0.275 0.734 -0.019 0.309 0.101 -0.436,61.65,3.06,27.67,-16.64,-1.64,100.80,244,524,888,1044
158,2.6333,air,release,66.950,3.015,27.923,16.351,2.819,28.175,32.698,16.592,26.973,0.00,0.00,0.00,0.00,0.000,0,,1,119.50,-15.30,33.55,62.168,3.144,28.623,-1.54,-16.93,68.38,4.835,1.076,-0.00,1.00,0,0,0,0,0,0,-16.93,-16.27,-2.65,0.3068,0.0860,0.3413,1,4.835,0,0.389,0,air_tuck,swingHigh,1.000,1,-0.002 0.578 -0.368 0.365 0.244 0.793 0.006 0.208 0.140 -0.448,61.91,3.10,28.15,-16.78,-1.59,100.78,232,524,888,1036
159,2.6500,air,release,67.222,3.062,28.387,16.351,2.819,27.775,32.354,16.592,27.437,0.00,0.00,0.00,0.00,0.000,0,,1,119.50,-15.30,33.55,62.432,3.188,29.087,-1.51,-17.07,68.35,4.843,1.075,-0.00,1.00,0,0,0,0,0,0,-17.07,-16.91,-2.67,0.3116,0.0844,0.3371,1,4.843,0,0.386,0,air_tuck,swingHigh,1.000,1,-0.021 0.583 -0.351 0.331 0.240 0.856 0.032 0.096 0.177 -0.450,62.17,3.14,28.62,-16.93,-1.54,100.75,224,524,888,1032
160,2.6667,air,release,67.495,3.109,28.845,16.351,2.819,27.375,32.011,16.592,27.895,0.00,0.00,0.00,0.00,0.000,0,,1,119.50,-15.30,33.55,62.699,3.232,29.545,-1.47,-17.22,68.32,4.848,1.074,-0.00,1.00,0,0,0,0,0,0,-17.22,-17.57,-2.68,0.3105,0.0854,0.3344,1,4.848,0,0.384,0,air_tuck,swingHigh,1.000,1,-0.034 0.583 -0.325 0.295 0.269 0.910 0.057 -0.021 0.210 -0.442,62.43,3.19,29.09,-17.07,-1.51,100.72,220,520,892,1036
161,2.6833,air,release,67.767,3.156,29.297,16.351,2.819,26.975,31.670,16.592,28.347,0.00,0.00,0.00,0.00,0.000,0,,1,119.50,-15.30,33.55,62.967,3.276,29.997,-1.44,-17.36,68.29,4.852,1.072,-0.00,1.00,0,0,0,0,0,0,-17.36,-18.22,-2.70,0.2984,0.0896,0.3360,1,4.852,0,0.382,0,air_tuck,releaseTuck,1.000,1,-0.041 0.575 -0.287 0.258 0.343 0.935 0.081 -0.137 0.237 -0.426,62.70,3.23,29.55,-17.22,-1.47,100.69,228,516,892,1048
162,2.7000,air,release,68.040,3.203,29.741,16.351,2.819,26.575,31.330,16.592,28.791,0.00,0.00,0.00,0.00,0.000,0,,1,119.50,-15.30,33.55,63.237,3.321,30.441,-1.40,-17.49,68.25,4.855,1.070,-0.00,1.00,0,0,0,0,0,0,-17.49,-18.89,-2.72,0.2717,0.0947,0.3437,1,4.855,0,0.380,0,air_tuck,releaseTuck,1.000,1,-0.040 0.559 -0.242 0.223 0.444 0.893 0.097 -0.242 0.255 -0.401,62.97,3.28,30.00,-17.36,-1.44,100.65,244,512,896,1056
163,2.7167,air,release,68.312,3.250,30.179,16.351,2.819,26.175,30.991,16.592,29.229,0.00,0.00,0.00,0.00,0.000,0,,1,119.50,-15.30,33.55,63.508,3.365,30.879,-1.37,-17.61,68.22,4.857,1.068,-0.01,1.00,0,0,0,0,0,0,-17.61,-19.55,-2.73,0.2352,0.0958,0.3560,1,4.857,0,0.379,0,air_tuck,releaseTuck,1.000,1,-0.032 0.537 -0.195 0.193 0.517 0.781 0.106 -0.319 0.266 -0.375,63.24,3.32,30.44,-17.49,-1.40,100.62,276,504,900,1060
164,2.7333,air,release,68.585,3.297,30.610,16.351,2.819,25.775,30.654,16.592,29.660,0.00,0.00,0.00,0.00,0.000,0,,1,119.50,-15.30,33.55,63.779,3.408,31.310,-1.33,-17.73,68.17,4.858,1.065,-0.01,1.00,0,0,0,0,0,0,-17.73,-20.22,-2.75,0.1924,0.0902,0.3709,1,4.858,0,0.377,0,air_tuck,releaseTuck,1.000,1,-0.018 0.508 -0.149 0.169 0.530 0.610 0.101 -0.366 0.267 -0.343,63.51,3.36,30.88,-17.61,-1.37,100.58,300,496,908,1056
165,2.7500,air,release,68.857,3.344,31.035,16.351,2.819,25.375,30.318,16.592,30.085,0.00,0.00,0.00,0.00,0.000,0,,1,119.50,-15.30,33.55,64.050,3.452,31.735,-1.29,-17.83,68.13,4.859,1.061,-0.01,1.00,0,0,0,0,0,0,-17.83,-20.89,-2.77,0.1775,0.0843,0.3813,1,4.859,0,0.376,0,air_tuck,releaseTuck,1.000,1,0.000 0.475 -0.112 0.149 0.518 0.471 0.091 -0.382 0.264 -0.318,63.78,3.41,31.31,-17.73,-1.33,100.53,308,496,912,1048
166,2.7667,air,release,69.130,3.391,31.453,16.351,2.819,24.975,29.984,16.592,30.503,0.00,0.00,0.00,0.00,0.000,0,,1,119.50,-15.30,33.55,64.322,3.495,32.153,-1.24,-17.93,68.08,4.860,1.057,-0.01,1.00,0,0,0,0,0,0,-17.93,-21.56,-2.78,0.1736,0.0763,0.3819,1,4.860,0,0.374,0,air_tuck,releaseTuck,1.000,1,0.022 0.439 -0.084 0.133 0.475 0.356 0.072 -0.374 0.255 -0.291,64.05,3.45,31.74,-17.83,-1.29,100.48,316,496,916,1040
167,2.7833,air,release,69.402,3.438,31.864,16.351,2.819,24.575,29.652,16.592,30.914,0.00,0.00,0.00,0.00,0.000,0,,1,119.50,-15.30,33.55,64.594,3.538,32.564,-1.19,-18.02,68.02,4.860,1.052,-0.01,1.00,0,0,0,0,0,0,-18.02,-22.23,-2.80,0.1672,0.0704,0.3814,1,4.860,0,0.373,0,air_tuck,releaseTuck,1.000,1,0.045 0.400 -0.064 0.108 0.440 0.283 0.052 -0.356 0.244 -0.270,64.32,3.49,32.15,-17.93,-1.24,100.43,328,492,920,1036
168,2.8000,air,release,69.675,3.485,32.269,16.351,2.819,24.175,29.321,16.592,31.319,0.00,0.00,0.00,0.00,0.000,0,,1,119.50,-15.30,33.55,64.866,3.580,32.969,-1.14,-18.09,67.97,4.861,1.046,-0.01,1.00,0,0,0,0,0,0,-18.09,-22.90,-2.82,0.1586,0.0651,0.3798,1,4.861,0,0.372,0,air_tuck,releaseTuck,1.000,1,0.068 0.360 -0.050 0.086 0.407 0.233 0.029 -0.329 0.230 -0.250,64.59,3.54,32.56,-18.02,-1.19,100.37,332,488,924,1028
169,2.8167,air,release,69.947,3.532,32.667,16.351,2.819,23.775,28.993,16.592,31.717,0.00,0.00,0.00,0.00,0.000,0,,1,119.50,-15.30,33.55,65.138,3.622,33.367,-1.08,-18.16,67.90,4.861,1.040,-0.01,1.00,0,0,0,0,0,0,-18.16,-23.57,-2.83,0.1501,0.0620,0.3780,1,4.861,0,0.371,0,air_tuck,releaseTuck,1.000,1,0.088 0.322 -0.041 0.059 0.388 0.193 0.009 -0.305 0.216 -0.236,64.87,3.58,32.97,-18.09,-1.14,100.31,336,480,924,1024
170,2.8333,air,release,70.220,3.579,33.058,16.351,2.819,23.375,28.665,16.592,32.108,0.00,0.00,0.00,0.00,0.000,0,,1,119.50,-15.30,33.55,65.410,3.664,33.758,-1.02,-18.22,67.84,4.862,1.033,-0.01,1.00,0,0,0,0,0,0,-18.22,-24.23,-2.85,0.1410,0.0602,0.3764,1,4.862,0,0.370,0,air_tuck,releaseTuck,1.000,1,0.105 0.285 -0.045 0.038 0.372 0.155 -0.017 -0.282 0.197 -0.230,65.14,3.62,33.37,-18.16,-1.08,100.25,336,476,928,1024
171,2.8500,air,release,70.492,3.626,33.443,16.351,2.819,22.975,28.340,16.592,32.493,0.00,0.00,0.00,0.00,0.000,0,,1,119.50,-15.30,33.55,65.682,3.706,34.143,-0.95,-18.28,67.77,4.862,1.026,-0.02,1.00,0,0,0,0,0,0,-18.28,-24.89,-2.87,0.1336,0.0596,0.3754,1,4.862,0,0.369,0,air_tuck,releaseTuck,1.000,1,0.117 0.252 -0.051 0.018 0.364 0.120 -0.037 -0.269 0.181 -0.230,65.41,3.66,33.76,-18.22,-1.02,100.18,340,468,928,1020
172,2.8667,air,release,70.765,3.673,33.820,16.351,2.819,22.575,28.017,16.592,32.870,0.00,0.00,0.00,0.00,0.000,0,,1,119.50,-15.30,33.55,65.954,3.747,34.520,-0.88,-18.32,67.69,4.862,1.018,-0.02,1.00,0,0,0,0,0,0,-18.32,-25.54,-2.88,0.1275,0.0596,0.3749,1,4.862,0,0.368,0,air_tuck,releaseTuck,1.000,1,0.122 0.224 -0.063 0.001 0.356 0.088 -0.054 -0.262 0.167 -0.235,65.68,3.71,34.14,-18.28,-0.95,100.10,340,468,928,1020
173,2.8833,air,release,71.037,3.720,34.192,16.351,2.819,22.175,27.696,16.592,33.242,0.00,0.00,0.00,0.00,0.000,0,,1,119.50,-15.30,33.55,66.226,3.788,34.892,-0.81,-18.36,67.61,4.863,1.010,-0.02,1.00,0,0,0,0,0,0,-18.36,-26.19,-2.90,0.1239,0.0602,0.3751,1,4.863,0,0.367,0,air_tuck,releaseTuck,1.000,1,0.122 0.203 -0.076 -0.011 0.350 0.057 -0.069 -0.265 0.154 -0.247,65.95,3.75,34.52,-18.32,-0.88,100.02,344,464,928,1020
174,2.9000,air,release,71.310,3.766,34.556,16.357,2.784,21.775,27.376,16.592,33.606,0.00,0.00,0.00,0.00,0.000,0,,1,119.50,-15.30,33.55,66.498,3.828,35.256,-0.74,-18.39,67.53,4.863,1.001,-0.02,1.00,0,0,0,0,0,0,-18.39,-26.80,-2.92,0.1201,0.0607,0.3755,1,4.863,0,0.367,0,air_tuck,releaseTuck,1.000,1,0.120 0.182 -0.092 -0.022 0.343 0.026 -0.084 -0.267 0.141 -0.259,66.23,3.79,34.89,-18.36,-0.81,99.94,344,464,924,1020
175,2.9167,air,rise,71.583,3.812,34.914,16.365,2.733,21.375,27.059,16.592,33.964,0.00,0.00,0.00,0.00,0.000,0,,1,119.50,-15.30,33.55,66.770,3.869,35.614,-0.67,-18.42,67.44,4.863,0.991,-0.02,1.00,0,0,0,0,0,0,-18.42,-27.39,-2.93,0.1166,0.0612,0.3760,1,4.863,0,0.366,0,air_tuck,releaseTuck,1.000,1,0.115 0.163 -0.109 -0.033 0.333 -0.006 -0.099 -0.271 0.128 -0.271,66.50,3.83,35.26,-18.39,-0.74,99.85,344,460,920,1020
176,2.9333,air,rise,71.856,3.857,35.266,16.376,2.666,20.975,26.744,16.592,34.316,0.00,0.00,0.00,0.00,0.000,0,,1,119.50,-15.30,33.55,67.043,3.909,35.966,-0.62,-18.44,67.35,4.864,0.982,-0.03,1.00,0,0,0,0,0,0,-18.44,-27.94,-2.95,0.1148,0.0615,0.3767,1,4.864,0,0.365,0,air_tuck,releaseTuck,1.000,1,0.108 0.144 -0.128 -0.043 0.321 -0.038 -0.115 -0.274 0.114 -0.282,66.77,3.87,35.61,-18.42,-0.67,99.75,344,460,920,1020
177,2.9500,air,rise,72.129,3.900,35.610,16.390,2.583,20.575,26.432,16.592,34.660,0.00,0.00,0.00,0.00,0.000,0,,1,119.50,-15.30,33.55,67.315,3.948,36.310,-0.56,-18.45,67.25,4.865,0.971,-0.03,1.00,0,0,0,0,0,0,-18.45,-28.45,-2.97,0.1150,0.0627,0.3770,1,4.865,0,0.365,0,air_tuck,releaseTuck,1.000,1,0.098 0.126 -0.149 -0.052 0.307 -0.069 -0.130 -0.275 0.100 -0.292,67.04,3.91,35.97,-18.44,-0.62,99.66,348,460,916,1020
178,2.9667,air,rise,72.402,3.942,35.948,16.405,2.485,20.175,26.122,16.592,34.998,0.00,0.00,0.00,0.00,0.000,0,,1,119.50,-15.30,33.55,67.587,3.986,36.648,-0.52,-18.46,67.16,4.866,0.960,-0.03,1.00,0,0,0,0,0,0,-18.46,-28.92,-2.98,0.1154,0.0637,0.3770,1,4.866,0,0.365,0,air_rise,releaseTuck,1.000,1,0.086 0.108 -0.170 -0.061 0.290 -0.101 -0.146 -0.275 0.085 -0.301,67.31,3.95,36.31,-18.45,-0.56,99.55,348,460,916,1020
179,2.9833,air,rise,72.676,3.982,36.279,16.422,2.371,19.775,25.814,16.592,35.329,0.00,0.00,0.00,0.00,0.000,0,,1,119.50,-15.30,33.55,67.860,4.023,36.979,-0.49,-18.46,67.05,4.867,0.949,-0.03,1.00,0,0,0,0,0,0,-18.46,-29.35,-3.00,0.1177,0.0644,0.3776,1,4.867,0,0.364,0,air_rise,releaseTuck,1.000,1,0.075 0.107 -0.189 -0.057 0.271 -0.119 -0.161 -0.278 0.071 -0.316,67.59,3.99,36.65,-18.46,-0.52,99.45,348,460,912,1020
180,3.0000,air,rise,72.950,4.020,36.604,16.440,2.241,19.375,25.509,16.592,35.654,0.00,0.00,0.00,0.00,0.000,0,,1,119.50,-15.30,33.55,68.132,4.059,37.304,-0.46,-18.46,66.95,4.868,0.938,-0.03,1.00,0,0,0,0,0,0,-18.46,-29.75,-3.02,0.1252,0.0646,0.3783,1,4.868,0,0.364,0,air_rise,releaseTuck,1.000,1,0.068 0.134 -0.202 -0.033 0.255 -0.117 -0.179 -0.291 0.056 -0.344,67.86,4.02,36.98,-18.46,-0.49,99.34,344,464,912,1020
181,3.0167,air,rise,73.224,4.056,36.922,16.459,2.095,18.975,25.206,16.592,35.972,0.00,0.00,0.00,0.00,0.000,0,,1,119.50,-15.30,33.55,68.405,4.093,37.622,-0.45,-18.46,66.83,4.869,0.926,-0.04,1.00,0,0,0,0,0,0,-18.46,-30.11,-3.03,0.1393,0.0651,0.3780,1,4.869,0,0.364,0,air_rise,releaseTuck,1.000,1,0.069 0.185 -0.205 0.013 0.242 -0.089 -0.199 -0.309 0.039 -0.382,68.13,4.06,37.30,-18.46,-0.46,99.22,336,472,912,1020
182,3.0333,air,rise,73.498,4.088,37.233,16.479,1.933,18.575,24.907,16.592,36.283,0.00,0.00,0.00,0.00,0.000,0,,1,119.50,-15.30,33.55,68.679,4.125,37.933,-0.44,-18.45,66.72,4.871,0.913,-0.04,1.00,0,0,0,0,0,0,-18.45,-30.44,-3.05,0.1577,0.0672,0.3775,1,4.871,0,0.364,0,air_rise,releaseTuck,1.000,1,0.081 0.256 -0.196 0.084 0.237 -0.033 -0.223 -0.332 0.020 -0.430,68.41,4.09,37.62,-18.46,-0.45,99.10,328,484,912,1020
183,3.0500,air,rise,73.773,4.118,37.538,16.499,1.755,18.175,24.610,16.592,36.588,0.00,0.00,0.00,0.00,0.000,0,,1,119.50,-15.30,33.55,68.952,4.156,38.238,-0.45,-18.43,66.60,4.872,0.901,-0.04,1.00,0,0,0,0,0,0,-18.43,-30.73,-3.07,0.1793,0.0710,0.3768,1,4.872,0,0.363,0,air_rise,releaseTuck,1.000,1,0.104 0.340 -0.170 0.184 0.240 0.058 -0.251 -0.359 -0.003 -0.484,68.68,4.13,37.93,-18.45,-0.44,98.98,316,492,908,1024
184,3.0667,air,rise,74.049,4.145,37.836,16.518,1.561,17.775,24.316,16.592,36.886,0.00,0.00,0.00,0.00,0.000,0,,1,119.50,-15.30,33.55,69.226,4.184,38.536,-0.46,-18.42,66.48,4.873,0.888,-0.04,1.00,0,0,0,0,0,0,-18.42,-31.00,-3.08,0.2022,0.0764,0.3760,1,4.873,0,0.363,0,air_rise,releaseTuck,1.000,1,0.135 0.424 -0.124 0.309 0.258 0.178 -0.281 -0.385 -0.028 -0.542,68.95,4.16,38.24,-18.43,-0.45,98.86,292,504,900,1028
185,3.0833,air,rise,74.324,4.169,38.127,16.537,1.351,17.375,24.025,16.592,37.177,0.00,0.00,0.00,0.00,0.000,0,,1,119.50,-15.30,33.55,69.500,4.210,38.827,-0.49,-18.40,66.36,4.875,0.875,-0.04,1.00,0,0,0,0,0,0,-18.40,-31.25,-3.10,0.2253,0.0821,0.3747,1,4.875,0,0.363,0,air_rise,airRise,1.000,1,0.172 0.495 -0.059 0.450 0.289 0.320 -0.313 -0.408 -0.054 -0.598,69.23,4.18,38.54,-18.42,-0.46,98.73,272,516,896,1032
186,3.1000,air,rise,74.600,4.188,38.411,16.554,1.124,16.975,23.737,16.592,37.461,0.00,0.00,0.00,0.00,0.000,0,,1,119.50,-15.30,33.55,69.774,4.233,39.111,-0.53,-18.38,66.24,4.876,0.861,-0.05,1.00,0,0,0,0,0,0,-18.38,-31.47,-3.12,0.2475,0.0874,0.3725,1,4.876,0,0.363,0,air_rise,airRise,1.000,1,0.205 0.537 0.017 0.585 0.331 0.461 -0.343 -0.422 -0.080 -0.649,69.50,4.21,38.83,-18.40,-0.49,98.60,252,524,892,1040
187,3.1167,air,rise,74.876,4.204,38.689,16.569,0.882,16.575,23.453,16.592,37.739,0.00,0.00,0.00,0.00,0.000,0,,1,119.50,-15.30,33.55,70.049,4.253,39.389,-0.58,-18.35,66.11,4.878,0.848,-0.05,1.00,0,0,0,0,0,0,-18.35,-31.68,-3.13,0.2787,0.0917,0.3639,1,4.878,0,0.363,0,air_rise,airRise,1.000,1,0.227 0.544 0.095 0.695 0.373 0.580 -0.369 -0.428 -0.105 -0.690,69.77,4.23,39.11,-18.38,-0.53,98.46,240,532,888,1044
188,3.1333,air,rise,75.152,4.216,38.961,16.580,0.624,16.175,23.172,16.592,38.011,0.00,0.00,0.00,0.00,0.000,0,,1,119.50,-15.30,33.55,70.324,4.270,39.661,-0.65,-18.32,65.98,4.879,0.834,-0.05,1.00,0,0,0,0,0,0,-18.32,-31.86,-3.15,0.3053,0.0956,0.3555,1,4.879,0,0.363,0,air_rise,airRise,1.000,1,0.236 0.518 0.161 0.763 0.405 0.660 -0.388 -0.426 -0.126 -0.721,70.05,4.25,39.39,-18.35,-0.58,98.32,236,536,888,1048
189,3.1500,air,rise,75.429,4.223,39.225,16.588,0.349,15.775,22.894,16.592,38.275,0.00,0.00,0.00,0.00,0.000,0,,1,119.50,-15.30,33.55,70.599,4.284,39.925,-0.72,-18.29,65.85,4.880,0.820,-0.05,1.00,0,0,0,0,0,0,-18.29,-32.04,-3.17,0.3257,0.0997,0.3483,1,4.880,0,0.363,0,air_rise,airRise,1.000,1,0.232 0.472 0.208 0.792 0.422 0.700 -0.402 -0.421 -0.141 -0.743,70.32,4.27,39.66,-18.32,-0.65,98.18,220,540,884,1052
190,3.1667,air,rise,75.705,4.225,39.483,16.592,0.058,15.375,22.621,16.592,38.533,0.00,0.00,0.00,0.00,0.000,0,,1,119.50,-15.30,33.55,70.875,4.293,40.183,-0.81,-18.26,65.71,4.881,0.806,-0.05,1.00,0,0,0,0,0,0,-18.26,-32.19,-3.18,0.3397,0.1018,0.3432,1,4.881,0,0.363,0,air_rise,airRise,1.000,1,0.221 0.422 0.234 0.791 0.424 0.711 -0.409 -0.418 -0.148 -0.757,70.60,4.28,39.93,-18.29,-0.72,98.04,208,540,884,1052
191,3.1833,air,rise,75.982,4.225,39.734,16.592,0.000,14.975,22.351,16.592,38.784,0.00,0.00,0.00,0.00,0.000,0,,1,119.50,-15.30,33.55,71.151,4.300,40.434,-0.89,-18.23,65.58,4.882,0.792,-0.06,1.00,0,0,0,0,0,0,-18.23,-32.34,-3.20,0.3457,0.1055,0.3410,1,4.882,0,0.363,0,air_rise,airRise,1.000,1,0.217 0.373 0.262 0.773 0.432 0.698 -0.423 -0.409 -0.166 -0.764,70.87,4.29,40.18,-18.26,-0.81,97.89,200,540,884,1056
192,3.2000,air,rise,76.258,4.225,39.979,16.592,0.000,14.575,22.085,16.592,39.029,0.00,0.00,0.00,0.00,0.000,0,,1,119.50,-15.30,33.55,71.427,4.303,40.679,-0.92,-18.19,65.44,4.883,0.777,-0.06,1.00,0,0,0,0,0,0,-18.19,-32.48,-3.22,0.3480,0.1087,0.3405,1,4.883,0,0.363,0,air_rise,airRise,1.000,1,0.217 0.343 0.280 0.755 0.437 0.684 -0.436 -0.406 -0.181 -0.767,71.15,4.30,40.43,-18.23,-0.89,97.75,196,540,884,1056
193,3.2167,air,rise,76.535,4.225,40.217,16.592,0.000,14.175,21.823,16.592,39.267,0.00,0.00,0.00,0.00,0.000,0,,1,119.50,-15.30,33.55,71.703,4.303,40.917,-0.93,-18.16,65.30,4.883,0.763,-0.06,1.00,0,0,0,0,0,0,-18.16,-32.60,-3.23,0.3490,0.1100,0.3409,1,4.883,0,0.364,0,air_rise,airRise,1.000,1,0.219 0.337 0.287 0.751 0.439 0.682 -0.442 -0.412 -0.185 -0.771,71.43,4.30,40.68,-18.19,-0.92,97.60,200,540,880,1060
194,3.2333,air,rise,76.811,4.225,40.448,16.592,0.000,13.775,21.565,16.592,39.498,0.00,0.00,0.00,0.00,0.000,0,,1,119.50,-15.30,33.55,71.979,4.302,41.148,-0.91,-18.12,65.16,4.884,0.749,-0.06,1.00,0,0,0,0,0,0,-18.12,-32.72,-3.25,0.3501,0.1098,0.3416,1,4.884,0,0.364,0,air_rise,airRise,1.000,1,0.221 0.346 0.283 0.757 0.435 0.689 -0.444 -0.424 -0.182 -0.775,71.70,4.30,40.92,-18.16,-0.93,97.44,200,544,880,1060
195,3.2500,air,rise,77.088,4.225,40.673,16.592,0.000,13.375,21.312,16.592,39.723,0.00,0.00,0.00,0.00,0.000,0,,1,119.50,-15.30,33.55,72.255,4.299,41.373,-0.88,-18.08,65.02,4.884,0.734,-0.06,1.00,0,0,0,0,0,0,-18.08,-32.83,-3.27,0.3519,0.1083,0.3421,1,4.884,0,0.364,0,air_rise,airRise,1.000,1,0.219 0.358 0.273 0.765 0.426 0.698 -0.441 -0.440 -0.172 -0.781,71.98,4.30,41.15,-18.12,-0.91,97.29,200,544,880,1060
196,3.2667,air,rise,77.364,4.225,40.891,16.592,0.000,12.975,21.063,16.592,39.941,0.00,0.00,0.00,0.00,0.000,0,,1,119.50,-15.30,33.55,72.531,4.296,41.591,-0.84,-18.04,64.88,4.884,0.720,-0.06,1.00,0,0,0,0,0,0,-18.04,-32.94,-3.28,0.3543,0.1057,0.3425,1,4.884,0,0.364,0,air_rise,airRise,1.000,1,0.213 0.372 0.257 0.774 0.410 0.710 -0.434 -0.460 -0.155 -0.787,72.26,4.30,41.37,-18.08,-0.88,97.14,200,544,880,1056
197,3.2833,air,rise,77.641,4.225,41.102,16.592,0.000,12.575,20.819,16.592,40.152,0.00,0.00,0.00,0.00,0.000,0,,1,119.50,-15.30,33.55,72.808,4.292,41.802,-0.80,-18.00,64.74,4.884,0.705,-0.06,1.00,0,0,0,0,0,0,-18.00,-33.04,-3.30,0.3570,0.1020,0.3428,1,4.884,0,0.364,0,air_rise,airRise,1.000,1,0.203 0.387 0.236 0.784 0.390 0.724 -0.421 -0.481 -0.133 -0.794,72.53,4.30,41.59,-18.04,-0.84,96.98,200,548,880,1056
198,3.3000,air,rise,77.918,4.225,41.307,16.592,0.000,12.175,20.580,16.592,40.357,0.00,0.00,0.00,0.00,0.000,0,,1,119.50,-15.30,33.55,73.084,4.288,42.007,-0.75,-17.95,64.60,4.884,0.691,-0.07,1.00,0,0,0,0,0,0,-17.95,-33.13,-3.32,0.3598,0.0975,0.3431,1,4.884,0,0.365,0,air_rise,airRise,1.000,1,0.189 0.404 0.208 0.795 0.364 0.740 -0.404 -0.505 -0.106 -0.800,72.81,4.29,41.80,-18.00,-0.80,96.83,200,548,880,1052
199,3.3167,air,rise,78.194,4.225,41.504,16.592,0.000,11.775,20.346,16.592,40.554,0.00,0.00,0.00,0.00,0.000,0,,1,119.50,-15.30,33.55,73.361,4.284,42.204,-0.70,-17.90,64.45,4.884,0.677,-0.07,1.00,0,0,0,0,0,0,-17.90,-33.23,-3.33,0.3623,0.0934,0.3433,1,4.884,0,0.365,0,air_rise,airRise,1.000,1,0.171 0.422 0.176 0.805 0.333 0.756 -0.383 -0.531 -0.074 -0.805,73.08,4.29,42.01,-17.95,-0.75,96.67,196,552,884,1048
200,3.3333,air,rise,78.471,4.225,41.696,16.592,0.000,11.375,20.117,16.592,40.746,0.00,0.00,0.00,0.00,0.000,0,,1,119.50,-15.30,33.55,73.637,4.280,42.396,-0.65,-17.85,64.31,4.884,0.662,-0.07,1.00,0,0,0,0,0,0,-17.85,-33.32,-3.35,0.3643,0.0884,0.3435,1,4.884,0,0.365,0,air_rise,airRise,1.000,1,0.150 0.440 0.139 0.814 0.298 0.771 -0.357 -0.557 -0.038 -0.809,73.36,4.28,42.20,-17.90,-0.70,96.51,196,552,884,1044
201,3.3500,air,rise,78.747,4.225,41.880,16.592,0.000,10.975,19.894,16.592,40.930,0.00,0.00,0.00,0.00,0.000,0,,1,119.50,-15.30,33.55,73.914,4.276,42.580,-0.61,-17.80,64.17,4.884,0.648,-0.07,1.00,0,0,0,0,0,0,-17.80,-33.40,-3.37,0.3656,0.0827,0.3437,1,4.884,0,0.366,0,air_rise,airRise,1.000,1,0.124 0.458 0.099 0.821 0.260 0.786 -0.327 -0.582 0.002 -0.811,73.64,4.28,42.40,-17.85,-0.65,96.36,196,556,888,1040
202,3.3667,air,rise,79.024,4.225,42.058,16.592,0.000,10.575,19.676,16.592,41.108,0.00,0.00,0.00,0.00,0.000,0,,1,119.50,-15.30,33.55,74.190,4.273,42.758,-0.57,-17.74,64.02,4.884,0.634,-0.07,1.00,0,0,0,0,0,0,-17.74,-33.48,-3.38,0.3657,0.0772,0.3441,1,4.884,0,0.366,0,air_rise,airRise,1.000,1,0.096 0.475 0.056 0.826 0.218 0.799 -0.293 -0.607 0.044 -0.810,73.91,4.28,42.58,-17.80,-0.61,96.20,192,556,896,1036
203,3.3833,air,rise,79.300,4.225,42.229,16.592,0.000,10.175,19.464,16.592,41.279,0.00,0.00,0.00,0.00,0.000,0,,1,119.50,-15.30,33.55,74.467,4.270,42.929,-0.53,-17.68,63.88,4.884,0.620,-0.07,1.00,0,0,0,0,0,0,-17.68,-33.57,-3.40,0.3648,0.0709,0.3446,1,4.884,0,0.367,0,air_rise,airRise,1.000,1,0.065 0.491 0.011 0.828 0.174 0.809 -0.255 -0.630 0.087 -0.806,74.19,4.27,42.76,-17.74,-0.57,96.04,192,556,900,1032
204,3.4000,air,rise,79.577,4.225,42.394,16.592,0.000,9.775,19.258,16.592,41.444,0.00,0.00,0.00,0.00,0.000,0,,1,119.50,-15.30,33.55,74.743,4.267,43.094,-0.50,-17.62,63.74,4.884,0.607,-0.07,1.00,0,0,0,0,0,0,-17.62,-33.64,-3.42,0.3623,0.0641,0.3452,1,4.884,0,0.367,0,air_rise,airRise,1.000,1,0.031 0.504 -0.035 0.826 0.129 0.817 -0.215 -0.651 0.131 -0.799,74.47,4.27,42.93,-17.68,-0.53,95.88,196,556,908,1024
205,3.4167,air,rise,79.853,4.225,42.552,16.592,0.000,9.375,19.058,16.592,41.602,0.00,0.00,0.00,0.00,0.000,0,,1,119.50,-15.30,33.55,75.020,4.265,43.255,-0.47,-17.59,63.60,4.885,0.593,-0.07,1.00,0,0,0,0,0,0,-17.59,-33.72,-3.43,0.3589,0.0597,0.3458,1,4.885,0,0.368,0,air_rise,airRise,1.000,1,-0.004 0.515 -0.081 0.822 0.083 0.822 -0.173 -0.669 0.175 -0.788,74.74,4.27,43.09,-17.62,-0.50,95.73,196,556,912,1020
206,3.4333,air,rise,80.130,4.225,42.703,16.592,0.000,8.975,18.864,16.592,41.753,0.00,0.00,0.00,0.00,0.000,0,,1,119.50,-15.30,33.55,75.296,4.263,43.413,-0.45,-17.61,63.46,4.886,0.580,-0.07,1.00,0,0,0,0,0,0,-17.61,-33.79,-3.45,0.3542,0.0677,0.3464,1,4.886,0,0.368,0,air_fall,airRise,1.000,1,-0.040 0.523 -0.127 0.814 0.038 0.824 -0.130 -0.684 0.217 -0.774,75.02,4.26,43.25,-17.59,-0.47,95.57,196,556,904,1012
207,3.4500,air,rise,80.406,4.225,42.848,16.592,0.000,8.575,18.677,16.592,41.898,0.00,0.00,0.00,0.00,0.000,0,,1,119.50,-15.30,33.55,75.573,4.261,43.569,-0.43,-17.66,63.32,4.887,0.567,-0.07,1.00,0,0,0,0,0,0,-17.66,-33.86,-3.47,0.3462,0.0757,0.3480,1,4.887,0,0.369,0,air_fall,airRise,1.000,1,-0.076 0.532 -0.175 0.799 0.000 0.819 -0.089 -0.700 0.259 -0.756,75.30,4.26,43.41,-17.61,-0.45,95.41,204,552,900,1012
208,3.4667,air,rise,80.683,4.225,42.986,16.592,0.000,8.175,18.497,16.592,42.036,0.00,0.00,0.00,0.00,0.000,0,,1,119.50,-15.30,33.55,75.849,4.260,43.719,-0.41,-17.74,63.18,4.889,0.554,-0.07,1.00,0,0,0,0,0,0,-17.74,-33.92,-3.48,0.3321,0.0834,0.3513,1,4.889,0,0.370,0,air_fall,airRise,1.000,1,-0.112 0.542 -0.225 0.768 -0.020 0.804 -0.051 -0.720 0.297 -0.727,75.57,4.26,43.57,-17.66,-0.43,95.26,212,552,892,1020
209,3.4833,air,rise,80.959,4.225,43.117,16.592,0.000,7.775,18.324,16.592,42.167,0.00,0.00,0.00,0.00,0.000,0,,1,119.50,-15.30,33.55,76.126,4.259,43.865,-0.40,-17.84,63.05,4.891,0.541,-0.07,1.00,0,0,0,0,0,0,-17.84,-33.97,-3.50,0.3212,0.0902,0.3603,1,4.891,0,0.370,0,air_fall,airRise,1.000,1,-0.146 0.551 -0.274 0.715 -0.018 0.775 -0.022 -0.736 0.327 -0.687,75.85,4.26,43.72,-17.74,-0.41,95.11,224,548,888,1028
210,3.5000,air,rise,81.236,4.225,43.242,16.592,0.000,7.375,18.157,16.592,42.292,0.00,0.00,0.00,0.00,0.000,0,,1,119.50,-15.30,33.55,76.402,4.258,44.005,-0.39,-17.94,62.91,4.894,0.529,-0.07,1.00,0,0,0,0,0,0,-17.94,-34.02,-3.52,0.3073,0.0956,0.3714,1,4.894,0,0.371,0,air_fall,airRise,1.000,1,-0.176 0.557 -0.314 0.634 0.009 0.728 -0.003 -0.741 0.346 -0.630,76.13,4.26,43.87,-17.84,-0.40,94.95,228,552,884,1036
211,3.5167,air,rise,81.512,4.225,43.360,16.592,0.000,6.975,17.999,16.592,42.410,0.00,0.00,0.00,0.00,0.000,0,,1,119.50,-15.30,33.55,76.679,4.257,44.139,-0.39,-18.05,62.78,4.896,0.517,-0.07,1.00,0,0,0,0,0,0,-18.05,-34.07,-3.53,0.2879,0.0988,0.3821,1,4.896,0,0.372,0,air_fall,airRise,1.000,1,-0.200 0.557 -0.343 0.524 0.064 0.665 -0.001 -0.728 0.351 -0.557,76.40,4.26,44.00,-17.94,-0.39,94.80,236,556,880,1044
212,3.5333,air,rise,81.789,4.225,43.471,16.592,0.000,6.575,17.847,16.592,42.521,0.00,0.00,0.00,0.00,0.000,0,,1,119.50,-15.30,33.55,76.955,4.257,44.266,-0.39,-18.16,62.65,4.899,0.505,-0.07,1.00,0,0,0,0,0,0,-18.16,-34.10,-3.55,0.2744,0.0997,0.3851,1,4.899,0,0.373,0,air_fall,airRise,1.000,1,-0.216 0.550 -0.359 0.388 0.143 0.589 -0.020 -0.692 0.339 -0.467,76.68,4.26,44.14,-18.05,-0.39,94.65,244,552,876,1044
213,3.5500,air,rise,82.066,4.225,43.575,16.592,0.000,6.175,17.704,16.592,42.625,0.00,0.00,0.00,0.00,0.000,0,,1,119.50,-15.30,33.55,77.232,4.258,44.387,-0.39,-18.27,62.52,4.902,0.493,-0.07,1.00,0,0,0,0,0,0,-18.27,-34.14,-3.57,0.2563,0.0980,0.3848,1,4.902,0,0.373,0,air_fall,fall,1.000,1,-0.223 0.535 -0.364 0.239 0.237 0.508 -0.062 -0.632 0.312 -0.365,76.96,4.26,44.27,-18.16,-0.39,94.50,256,544,880,1044
214,3.5667,air,rise,82.342,4.225,43.673,16.592,0.000,5.775,17.568,16.592,42.723,0.00,0.00,0.00,0.00,0.000,0,,1,119.50,-15.30,33.55,77.508,4.258,44.502,-0.40,-18.39,62.39,4.904,0.482,-0.07,1.00,0,0,0,0,0,0,-18.39,-34.17,-3.58,0.2316,0.0940,0.3821,1,4.904,0,0.374,0,air_fall,fall,1.000,1,-0.220 0.512 -0.363 0.091 0.334 0.432 -0.124 -0.550 0.272 -0.256,77.23,4.26,44.39,-18.27,-0.39,94.36,268,528,880,1040
215,3.5833,air,rise,82.619,4.225,43.765,16.592,0.000,5.375,17.441,16.592,42.815,0.00,0.00,0.00,0.00,0.000,0,,1,119.50,-15.30,33.55,77.785,4.259,44.609,-0.41,-18.50,62.26,4.907,0.471,-0.07,1.00,0,0,0,0,0,0,-18.50,-34.20,-3.60,0.2025,0.0981,0.3775,1,4.907,0,0.375,0,air_fall,fall,1.000,1,-0.208 0.483 -0.362 -0.039 0.420 0.369 -0.202 -0.454 0.226 -0.147,77.51,4.26,44.50,-18.39,-0.40,94.21,280,504,880,1040
216,3.6000,air,rise,82.895,4.225,43.849,16.592,0.000,4.975,17.322,16.592,42.899,0.00,0.00,0.00,0.00,0.000,0,,1,119.50,-15.30,33.55,78.061,4.260,44.711,-0.42,-18.61,62.14,4.910,0.461,-0.07,1.00,0,0,0,0,0,0,-18.61,-34.22,-3.62,0.1725,0.1127,0.3715,1,4.910,0,0.376,0,air_fall,fall,1.000,1,-0.191 0.452 -0.365 -0.144 0.488 0.326 -0.286 -0.353 0.180 -0.045,77.78,4.26,44.61,-18.50,-0.41,94.07,292,480,880,1056
217,3.6167,air,rise,83.172,4.225,43.927,16.592,0.000,4.575,17.211,16.592,42.977,0.00,0.00,0.00,0.00,0.000,0,,1,119.50,-15.30,33.55,78.338,4.261,44.805,-0.43,-18.72,62.02,4.913,0.450,-0.07,1.00,0,0,0,0,0,0,-18.72,-34.24,-3.63,0.1623,0.1304,0.3737,1,4.913,0,0.377,0,air_fall,fall,1.000,1,-0.169 0.420 -0.372 -0.219 0.532 0.299 -0.366 -0.257 0.138 0.045,78.06,4.26,44.71,-18.61,-0.42,93.93,300,468,860,1068
218,3.6333,air,rise,83.448,4.225,43.998,16.592,0.000,4.175,17.109,16.592,43.048,0.00,0.00,0.00,0.00,0.000,0,,1,119.50,-15.30,33.55,78.614,4.263,44.893,-0.45,-18.83,61.90,4.916,0.441,-0.07,1.00,0,0,0,0,0,0,-18.83,-34.26,-3.65,0.1696,0.1443,0.3809,1,4.916,0,0.378,0,air_fall,fall,1.000,1,-0.148 0.391 -0.383 -0.268 0.557 0.285 -0.436 -0.173 0.105 0.119,78.34,4.26,44.81,-18.72,-0.43,93.79,312,484,844,1080
219,3.6500,air,rise,83.725,4.225,44.063,16.592,0.000,3.775,17.016,16.592,43.113,0.00,0.00,0.00,0.00,0.000,0,,1,119.50,-15.30,33.55,78.891,4.265,44.974,-0.47,-18.94,61.78,4.919,0.431,-0.07,1.00,0,0,0,0,0,0,-18.94,-34.28,-3.67,0.1868,0.1539,0.3791,1,4.919,0,0.379,0,air_fall,fall,1.000,1,-0.128 0.368 -0.394 -0.296 0.568 0.277 -0.490 -0.108 0.084 0.172,78.61,4.26,44.89,-18.83,-0.45,93.66,316,488,828,1084
220,3.6667,air,rise,84.001,4.225,44.121,16.592,0.000,3.375,16.932,16.592,43.171,0.00,0.00,0.00,0.00,0.000,0,,1,119.50,-15.30,33.55,79.168,4.267,45.049,-0.50,-19.05,61.66,4.922,0.422,-0.07,1.00,0,0,0,0,0,0,-19.05,-34.29,-3.68,0.1961,0.1596,0.3783,1,4.922,0,0.379,0,air_fall,fall,1.000,1,-0.114 0.351 -0.405 -0.310 0.572 0.270 -0.525 -0.062 0.076 0.205,78.89,4.26,44.97,-18.94,-0.47,93.53,316,496,820,1084
221,3.6833,air,rise,84.278,4.225,44.174,16.592,0.000,3.155,16.889,16.592,43.224,0.00,0.00,0.00,0.00,0.000,0,,1,119.50,-15.30,33.55,79.444,4.269,45.117,-0.52,-19.14,61.55,4.925,0.413,-0.07,1.00,0,0,0,0,0,0,-19.14,-34.30,-3.70,0.1977,0.1618,0.3790,1,4.925,0,0.380,0,air_fall,fall,1.000,1,-0.106 0.344 -0.412 -0.312 0.572 0.259 -0.539 -0.041 0.081 0.212,79.17,4.27,45.05,-19.05,-0.50,93.40,312,492,816,1088
222,3.7000,air,apex,84.554,4.225,44.224,16.592,0.000,2.935,16.850,16.592,43.274,0.00,0.00,0.00,0.00,0.000,0,,1,119.50,-15.30,33.55,79.721,4.271,45.179,-0.55,-19.21,61.44,4.927,0.405,-0.06,1.00,0,0,0,0,0,0,-19.21,-34.31,-3.72,0.1950,0.1623,0.3807,1,4.927,0,0.381,0,air_fall,fall,1.000,1,-0.102 0.342 -0.418 -0.308 0.571 0.244 -0.541 -0.031 0.095 0.206,79.44,4.27,45.12,-19.14,-0.52,93.27,316,496,816,1084
223,3.7167,air,apex,84.831,4.225,44.270,16.592,0.000,2.715,16.813,16.592,43.320,0.00,0.00,0.00,0.00,0.000,0,,1,119.50,-15.30,33.55,79.997,4.273,45.237,-0.58,-19.26,61.34,4.930,0.398,-0.06,1.00,0,0,0,0,0,0,-19.26,-34.32,-3.73,0.1919,0.1624,0.3819,1,4.930,0,0.382,0,air_fall,fall,1.000,1,-0.097 0.342 -0.429 -0.301 0.571 0.227 -0.540 -0.019 0.112 0.198,79.72,4.27,45.18,-19.21,-0.55,93.14,316,500,816,1084
224,3.7333,air,apex,85.107,4.225,44.313,16.592,0.000,2.495,16.779,16.592,43.363,0.00,0.00,0.00,0.00,0.000,0,,1,119.50,-15.30,33.55,80.274,4.276,45.290,-0.61,-19.30,61.23,4.932,0.390,-0.06,1.00,0,0,0,0,0,0,-19.30,-34.33,-3.75,0.1878,0.1622,0.3829,1,4.932,0,0.383,0,air_fall,fall,1.000,1,-0.092 0.343 -0.443 -0.289 0.570 0.206 -0.537 -0.005 0.134 0.186,80.00,4.27,45.24,-19.26,-0.58,93.02,320,496,816,1084
225,3.7500,air,apex,85.384,4.225,44.352,16.592,0.000,2.275,16.747,16.592,43.402,0.00,0.00,0.00,0.00,0.000,0,,1,119.50,-15.30,33.55,80.550,4.279,45.339,-0.64,-19.34,61.13,4.934,0.384,-0.06,1.00,0,0,0,0,0,0,-19.34,-34.34,-3.77,0.1826,0.1616,0.3839,1,4.934,0,0.384,0,air_fall,fall,1.000,1,-0.086 0.346 -0.459 -0.274 0.570 0.184 -0.532 0.011 0.157 0.173,80.27,4.28,45.29,-19.30,-0.61,92.90,324,492,816,1084
226,3.7667,air,apex,85.660,4.225,44.387,16.592,0.000,2.055,16.719,16.592,43.437,0.00,0.00,0.00,0.00,0.000,0,,1,119.50,-15.30,33.55,80.827,4.282,45.383,-0.67,-19.38,61.03,4.936,0.377,-0.06,1.00,0,0,0,0,0,0,-19.38,-34.34,-3.78,0.1757,0.1604,0.3848,1,4.936,0,0.385,0,air_fall,fall,1.000,1,-0.080 0.349 -0.478 -0.255 0.568 0.159 -0.523 0.028 0.184 0.155,80.55,4.28,45.34,-19.34,-0.64,92.79,328,496,816,1084
227,3.7833,air,apex,85.937,4.225,44.418,16.592,0.000,1.835,16.693,16.592,43.468,0.00,0.00,0.00,0.00,0.000,0,,1,119.50,-15.30,33.55,81.103,4.285,45.424,-0.71,-19.42,60.94,4.937,0.371,-0.06,1.00,0,0,0,0,0,0,-19.42,-34.35,-3.80,0.1675,0.1588,0.3857,1,4.937,0,0.386,0,air_fall,fall,1.000,1,-0.073 0.354 -0.498 -0.231 0.567 0.133 -0.511 0.047 0.210 0.135,80.83,4.28,45.38,-19.38,-0.67,92.68,328,488,816,1084
228,3.8000,air,apex,86.214,4.225,44.446,16.592,0.000,1.615,16.670,16.592,43.496,0.00,0.00,0.00,0.00,0.000,0,,1,119.50,-15.30,33.55,81.380,4.288,45.461,-0.75,-19.45,60.84,4.939,0.366,-0.06,1.00,0,0,0,0,0,0,-19.45,-34.35,-3.82,0.1575,0.1566,0.3866,1,4.939,0,0.386,0,air_fall,fall,1.000,1,-0.066 0.360 -0.520 -0.203 0.565 0.105 -0.497 0.065 0.239 0.111,81.10,4.28,45.42,-19.42,-0.71,92.57,328,484,820,1084
229,3.8167,air,apex,86.490,4.225,44.470,16.592,0.000,1.395,16.651,16.592,43.520,0.00,0.00,0.00,0.00,0.000,0,,1,119.50,-15.30,33.55,81.657,4.291,45.495,-0.78,-19.49,60.75,4.941,0.361,-0.06,1.00,0,0,0,0,0,0,-19.49,-34.36,-3.83,0.1463,0.1539,0.3873,1,4.941,0,0.387,0,air_fall,fall,1.000,1,-0.058 0.367 -0.541 -0.172 0.562 0.077 -0.479 0.083 0.265 0.085,81.38,4.29,45.46,-19.45,-0.75,92.46,328,484,824,1084
230,3.8333,air,apex,86.767,4.225,44.491,16.592,0.000,1.175,16.634,16.592,43.541,0.00,0.00,0.00,0.00,0.000,0,,1,119.50,-15.30,33.55,81.933,4.294,45.525,-0.82,-19.53,60.67,4.943,0.356,-0.06,1.00,0,0,0,0,0,0,-19.53,-34.36,-3.85,0.1403,0.1506,0.3846,1,4.943,0,0.388,0,air_fall,fall,1.000,1,-0.048 0.375 -0.561 -0.135 0.557 0.047 -0.459 0.100 0.292 0.055,81.66,4.29,45.49,-19.49,-0.78,92.36,324,480,828,1080
231,3.8500,air,apex,87.043,4.225,44.508,16.592,0.000,0.955,16.619,16.592,43.558,0.00,0.00,0.00,0.00,0.000,0,,1,119.50,-15.30,33.55,82.210,4.297,45.551,-0.86,-19.57,60.58,4.945,0.352,-0.06,1.00,0,0,0,0,0,0,-19.57,-34.36,-3.87,0.1349,0.1467,0.3809,1,4.945,0,0.389,0,air_fall,fall,1.000,1,-0.037 0.384 -0.579 -0.096 0.552 0.018 -0.436 0.115 0.314 0.024,81.93,4.29,45.52,-19.53,-0.82,92.26,324,472,832,1080
232,3.8667,air,apex,87.320,4.225,44.521,16.592,0.000,0.735,16.608,16.592,43.571,0.00,0.00,0.00,0.00,0.000,0,,1,119.50,-15.30,33.55,82.486,4.301,45.573,-0.90,-19.62,60.50,4.947,0.348,-0.06,1.00,0,0,0,0,0,0,-19.62,-34.36,-3.88,0.1289,0.1442,0.3767,1,4.947,0,0.390,0,air_fall,fall,1.000,1,-0.025 0.392 -0.595 -0.054 0.545 -0.012 -0.412 0.129 0.335 -0.010,82.21,4.30,45.55,-19.57,-0.86,92.16,324,464,836,1080
233,3.8833,air,apex,87.596,4.225,44.530,16.592,0.000,0.515,16.600,16.592,43.580,0.00,0.00,0.00,0.00,0.000,0,,1,119.50,-15.30,33.55,82.763,4.304,45.592,-0.94,-19.66,60.42,4.949,0.345,-0.06,1.00,0,0,0,0,0,0,-19.66,-34.37,-3.90,0.1295,0.1446,0.3759,1,4.949,0,0.390,0,air_fallCalm,fall,1.000,1,-0.011 0.401 -0.607 -0.009 0.537 -0.041 -0.386 0.140 0.352 -0.043,82.49,4.30,45.57,-19.62,-0.90,92.07,320,456,840,1076
234,3.9000,air,apex,87.873,4.225,44.536,16.592,0.000,0.295,16.595,16.592,43.586,0.00,0.00,0.00,0.00,0.000,0,,1,119.50,-15.30,33.55,83.040,4.308,45.607,-0.98,-19.71,60.35,4.951,0.341,-0.05,1.00,0,0,0,0,0,0,-19.71,-34.37,-3.92,0.1375,0.1443,0.3778,1,4.951,0,0.391,0,air_fallCalm,fall,1.000,1,0.004 0.415 -0.615 0.041 0.528 -0.066 -0.359 0.131 0.365 -0.086,82.76,4.30,45.59,-19.66,-0.94,91.98,320,456,836,1072
235,3.9167,air,apex,88.149,4.225,44.538,16.592,0.000,0.075,16.592,16.592,43.588,0.00,0.00,0.00,0.00,0.000,0,,1,119.50,-15.30,33.55,83.316,4.311,45.618,-1.03,-19.76,60.27,4.953,0.338,-0.05,1.00,0,0,0,0,0,0,-19.76,-34.37,-3.93,0.1454,0.1434,0.3780,1,4.953,0,0.392,0,air_fallCalm,fall,1.000,1,0.022 0.436 -0.616 0.098 0.519 -0.083 -0.337 0.088 0.369 -0.140,83.04,4.31,45.61,-19.71,-0.98,91.89,312,460,836,1072
236,3.9333,air,apex,88.426,4.225,44.537,16.592,0.000,-0.145,16.593,16.592,43.587,0.00,0.00,0.00,0.00,0.000,0,,1,119.50,-15.30,33.55,83.593,4.315,45.625,-1.07,-19.81,60.20,4.955,0.336,-0.05,1.00,0,0,0,0,0,0,-19.81,-34.37,-3.95,0.1541,0.1415,0.3773,1,4.955,0,0.392,0,air_fallCalm,fall,1.000,1,0.043 0.463 -0.609 0.160 0.510 -0.092 -0.324 0.015 0.363 -0.206,83.32,4.31,45.62,-19.76,-1.03,91.81,308,464,832,1068
237,3.9500,air,apex,88.702,4.225,44.532,16.592,0.000,-0.365,16.596,16.592,43.582,0.00,0.00,0.00,0.00,0.000,0,,1,119.50,-15.30,33.55,83.870,4.319,45.629,-1.11,-19.86,60.13,4.957,0.333,-0.05,1.00,1,0,0,0,0,0,-19.86,-34.37,-3.97,0.1772,0.1389,0.3832,1,4.957,0,0.393,0,air_fallCalm,fall,1.000,1,0.070 0.491 -0.592 0.225 0.503 -0.090 -0.327 -0.081 0.345 -0.277,83.59,4.31,45.63,-19.81,-1.07,91.73,300,484,836,1064
238,3.9667,air,apex,88.979,4.225,44.523,16.592,0.000,-0.585,16.602,16.592,43.573,0.00,0.00,0.00,0.00,0.000,0,,1,119.50,-15.30,33.55,84.146,4.322,45.630,-1.15,-19.91,60.07,4.959,0.331,-0.05,1.00,1,0,0,0,0,0,-19.91,-34.37,-3.98,0.2014,0.1359,0.3895,1,4.959,0,0.394,0,air_reachR,fall,1.000,1,0.103 0.517 -0.568 0.292 0.500 -0.079 -0.348 -0.190 0.314 -0.353,83.87,4.32,45.63,-19.86,-1.11,91.65,292,504,836,1064
239,3.9833,air,apex,89.255,4.224,44.510,16.592,-0.061,-0.805,16.612,16.592,43.560,0.00,0.00,0.00,0.00,0.000,0,,1,119.50,-15.30,33.55,84.423,4.326,45.626,-1.21,-19.96,60.01,4.961,0.329,-0.05,1.00,1,0,0,0,0,0,-19.96,-34.37,-4.00,0.2114,0.1340,0.3940,1,4.961,0,0.394,0,air_reachR,fall,1.000,1,0.128 0.520 -0.554 0.326 0.494 -0.093 -0.350 -0.203 0.296 -0.389,84.15,4.32,45.63,-19.91,-1.15,91.57,292,516,840,1060
240,4.0000,swing,swingLow,89.532,4.223,44.494,2.404,3.355,-16.103,16.624,4.128,43.544,116.23,-15.00,46.95,43.42,0.000,1,,1,119.50,-15.30,33.55,84.699,4.329,45.619,-1.26,-20.02,59.95,4.963,0.327,-0.05,1.00,1,0,0,0,0,0,-20.02,-34.37,-4.02,0.1688,0.1419,0.3765,1,4.963,0,0.395,0,air_reachR,fall,1.000,1,0.001 0.506 -0.600 0.122 0.516 0.000 -0.314 -0.226 0.343 -0.224,84.42,4.33,45.63,-19.96,-1.21,91.50,292,532,840,1060
241,4.0167,swing,swingLow,89.574,4.277,44.221,2.563,3.225,-16.488,16.995,4.119,43.271,116.23,-15.00,46.95,43.42,0.028,1,,1,119.50,-15.30,33.55,84.956,4.337,45.572,-0.74,-22.00,59.89,4.811,0.326,-0.05,1.00,1,0,0,0,0,0,-22.00,-34.37,-4.03,0.1643,0.1501,0.3977,1,4.811,0,0.395,0,swing,fall,1.000,1,-0.077 0.455 -0.607 -0.030 0.503 0.026 -0.255 -0.192 0.375 -0.080,84.70,4.33,45.62,-20.02,-1.26,91.43,296,496,860,1092
242,4.0333,swing,swingLow,89.618,4.331,43.941,2.735,3.209,-16.870,17.389,4.216,42.991,116.23,-15.00,46.95,43.42,0.052,1,,1,119.50,-15.30,33.55,85.175,4.354,45.459,-0.30,-22.00,59.84,4.695,0.325,-0.05,1.00,1,0,0,0,0,0,-22.00,-34.37,-4.05,0.1535,0.1614,0.4397,1,4.695,0,0.396,0,swing,fall,1.000,1,-0.102 0.385 -0.657 -0.069 0.485 -0.022 -0.215 -0.101 0.392 0.078,84.96,4.34,45.57,-22.00,-0.74,91.37,324,504,840,1096
243,4.0500,swing,swingLow,89.665,4.384,43.655,2.915,3.192,-17.249,17.783,4.323,42.705,116.23,-15.00,46.95,43.42,0.073,1,,1,119.50,-15.30,33.55,85.355,4.380,45.289,0.06,-22.00,59.78,4.610,0.325,-0.05,1.00,1,0,0,0,0,0,-22.00,-34.38,-4.07,0.1509,0.1662,0.4684,1,4.610,0,0.396,0,swing,fall,1.000,1,-0.154 0.335 -0.706 -0.115 0.475 0.002 -0.179 -0.036 0.379 0.211,85.18,4.35,45.46,-22.00,-0.30,91.30,372,544,824,1096
244,4.0667,swing,swingLow,89.716,4.437,43.363,3.102,3.175,-17.626,18.176,4.439,42.413,116.23,-15.00,46.95,43.42,0.091,1,,1,119.50,-15.30,33.55,85.500,4.413,45.075,0.32,-22.00,59.74,4.550,0.325,-0.04,1.00,1,0,0,0,0,0,-22.00,-34.38,-4.08,0.1687,0.1708,0.4811,1,4.550,0,0.397,0,swing,fall,1.000,1,-0.195 0.301 -0.764 -0.105 0.459 0.022 -0.139 -0.003 0.364 0.292,85.35,4.38,45.29,-22.00,0.06,91.24,412,572,808,1092
245,4.0833,swing,swingLow,89.769,4.490,43.065,3.296,3.153,-18.000,18.569,4.562,42.115,116.23,-15.00,46.95,43.42,0.108,1,,1,119.50,-15.30,33.55,85.619,4.454,44.830,0.50,-22.00,59.70,4.511,0.325,-0.04,1.00,1,0,0,0,0,0,-22.00,-34.38,-4.10,0.1825,0.1729,0.4914,1,4.511,0,0.397,0,swing,fall,1.000,1,-0.230 0.286 -0.812 -0.046 0.439 0.045 -0.093 0.005 0.346 0.341,85.50,4.41,45.08,-22.00,0.32,91.19,436,596,792,1084
246,4.1000,swing,swingLow,89.826,4.542,42.760,3.499,3.131,-18.370,18.961,4.695,41.810,116.23,-15.00,46.95,43.42,0.123,1,,1,119.50,-15.30,33.55,85.718,4.499,44.560,0.60,-22.00,59.66,4.485,0.327,-0.04,1.00,1,0,0,0,0,0,-22.00,-34.38,-4.12,0.1925,0.1723,0.5003,1,4.485,0,0.397,0,swing,fall,1.000,1,-0.261 0.289 -0.840 0.050 0.418 0.072 -0.040 -0.009 0.329 0.366,85.62,4.45,44.83,-22.00,0.50,91.14,452,616,784,1076
247,4.1167,swing,swingLow,89.887,4.594,42.449,3.710,3.107,-18.738,19.352,4.839,41.499,116.23,-15.00,46.95,43.42,0.136,1,,1,119.50,-15.30,33.55,85.805,4.547,44.249,0.66,-21.89,59.62,4.461,0.329,-0.04,1.00,1,0,0,0,0,0,-21.89,-34.38,-4.13,0.2003,0.1697,0.5057,1,4.461,0,0.398,0,swing,swingLowL,1.000,1,-0.288 0.303 -0.844 0.162 0.398 0.105 0.019 -0.039 0.314 0.375,85.72,4.50,44.56,-22.00,0.60,91.10,464,632,780,1068
248,4.1333,swing,swingLow,89.950,4.645,42.132,3.929,3.075,-19.102,19.743,4.989,41.182,116.23,-15.00,46.95,43.42,0.149,1,,1,119.50,-15.30,33.55,85.882,4.597,43.932,0.67,-21.61,59.60,4.449,0.332,-0.04,1.00,1,0,0,0,0,0,-21.61,-34.38,-4.15,0.2055,0.1660,0.5152,1,4.449,0,0.398,0,swing,swingLowL,1.000,1,-0.311 0.324 -0.829 0.271 0.379 0.142 0.084 -0.082 0.306 0.373,85.80,4.55,44.25,-21.89,0.66,91.06,464,644,780,1060
249,4.1500,swing,swingLow,90.018,4.696,41.809,4.156,3.041,-19.463,20.133,5.150,40.859,116.23,-15.00,46.95,43.42,0.161,1,,1,119.50,-15.30,33.55,85.955,4.650,43.609,0.66,-21.22,59.57,4.444,0.336,-0.04,1.00,1,0,0,0,0,0,-21.22,-34.38,-4.17,0.2103,0.1625,0.5280,1,4.444,0,0.398,0,swing,swingLowL,1.000,1,-0.331 0.348 -0.807 0.360 0.362 0.184 0.150 -0.133 0.302 0.363,85.88,4.60,43.93,-21.61,0.67,91.02,468,660,784,1052
250,4.1667,swing,swingLow,90.090,4.746,41.480,4.391,3.007,-19.820,20.522,5.322,40.530,116.23,-15.00,46.95,43.42,0.172,1,,1,119.50,-15.30,33.55,86.026,4.702,43.280,0.62,-20.76,59.55,4.445,0.340,-0.04,1.00,1,0,0,0,0,0,-20.76,-34.38,-4.18,0.2224,0.1600,0.5465,1,4.445,0,0.398,0,swing,swingLowL,1.000,1,-0.347 0.372 -0.784 0.425 0.349 0.228 0.214 -0.187 0.304 0.350,85.96,4.65,43.61,-21.22,0.66,91.00,468,684,784,1048
251,4.1833,swing,swingLow,90.165,4.796,41.145,4.635,2.960,-20.174,20.910,5.500,40.195,116.23,-15.00,46.95,43.42,0.183,1,,1,119.50,-15.30,33.55,86.096,4.756,42.945,0.57,-20.26,59.54,4.450,0.346,-0.04,1.00,1,0,0,0,0,0,-20.26,-34.38,-4.20,0.2395,0.1620,0.5615,1,4.450,0,0.399,0,swing,swingLowL,1.000,1,-0.359 0.392 -0.789 0.455 0.337 0.273 0.274 -0.242 0.310 0.334,86.03,4.70,43.28,-20.76,0.62,90.98,472,708,780,1048
252,4.2000,swing,swingLow,90.245,4.845,40.804,4.887,2.913,-20.523,21.297,5.689,39.854,116.23,-15.00,46.95,43.42,0.193,1,,1,119.50,-15.30,33.55,86.167,4.809,42.604,0.50,-19.74,59.54,4.457,0.352,-0.04,1.00,1,0,0,0,0,0,-19.74,-34.38,-4.22,0.2578,0.1680,0.5734,1,4.457,0,0.399,0,swing,swingLowL,1.000,1,-0.368 0.409 -0.791 0.479 0.327 0.316 0.326 -0.290 0.320 0.319,86.10,4.76,42.95,-20.26,0.57,90.96,480,732,776,1056
253,4.2167,swing,swingLow,90.329,4.893,40.458,5.148,2.864,-20.868,21.684,5.891,39.508,116.23,-15.00,46.95,43.42,0.203,1,,1,119.50,-15.30,33.55,86.240,4.862,42.258,0.43,-19.20,59.54,4.467,0.359,-0.04,1.00,1,0,0,0,0,0,-19.20,-34.38,-4.23,0.2713,0.1744,0.5842,1,4.467,0,0.399,0,swing,swingLowL,1.000,1,-0.376 0.420 -0.791 0.495 0.316 0.357 0.370 -0.330 0.334 0.306,86.17,4.81,42.60,-19.74,0.50,90.96,484,748,772,1064
254,4.2333,swing,swingLow,90.417,4.940,40.106,5.417,2.800,-21.209,22.069,6.097,39.156,116.23,-15.00,46.95,43.42,0.213,1,,1,119.50,-15.30,33.55,86.316,4.915,41.906,0.34,-18.66,59.54,4.479,0.367,-0.04,1.00,1,0,0,0,0,0,-18.66,-34.38,-4.25,0.2797,0.1794,0.5940,1,4.479,0,0.399,0,swing,swingLowL,1.000,1,-0.384 0.425 -0.791 0.504 0.302 0.392 0.406 -0.359 0.349 0.296,86.24,4.86,42.26,-19.20,0.43,90.96,492,764,768,1072
255,4.2500,swing,swingLow,90.510,4.986,39.748,5.694,2.735,-21.546,22.453,6.317,38.798,116.23,-15.00,46.95,43.42,0.223,1,,1,119.50,-15.30,33.55,86.395,4.967,41.548,0.25,-18.11,59.55,4.491,0.375,-0.03,1.00,1,0,0,0,0,0,-18.11,-34.38,-4.27,0.2853,0.1833,0.6022,1,4.491,0,0.399,0,swing,swingLowL,1.000,1,-0.392 0.425 -0.791 0.507 0.288 0.420 0.433 -0.375 0.365 0.291,86.32,4.92,41.91,-18.66,0.34,90.96,504,776,764,1076
256,4.2667,swing,swingLow,90.608,5.030,39.384,5.981,2.669,-21.877,22.836,6.549,38.434,116.23,-15.00,46.95,43.42,0.233,1,,1,119.50,-15.30,33.55,86.478,5.019,41.184,0.16,-17.55,59.57,4.505,0.384,-0.03,1.00,1,0,0,0,0,0,-17.55,-34.38,-4.28,0.2873,0.1861,0.6088,1,4.505,0,0.399,0,swing,swingLowL,1.000,1,-0.402 0.419 -0.794 0.504 0.270 0.440 0.453 -0.377 0.383 0.289,86.40,4.97,41.55,-18.11,0.25,90.97,512,784,760,1080
257,4.2833,swing,swingLow,90.710,5.074,39.015,6.276,2.585,-22.203,23.217,6.787,38.065,116.23,-15.00,46.95,43.42,0.242,1,,1,119.50,-15.30,33.55,86.565,5.069,40.815,0.06,-16.99,59.59,4.520,0.394,-0.03,1.00,1,0,0,0,0,0,-16.99,-34.38,-4.30,0.2859,0.1881,0.6154,1,4.520,0,0.399,0,swing,swingLowL,1.000,1,-0.414 0.408 -0.798 0.494 0.250 0.450 0.466 -0.368 0.399 0.295,86.48,5.02,41.18,-17.55,0.16,90.99,520,788,760,1084
258,4.3000,swing,swingLow,90.818,5.116,38.641,6.579,2.501,-22.524,23.598,7.038,37.691,116.23,-15.00,46.95,43.42,0.252,1,,1,119.50,-15.30,33.55,86.656,5.119,40.441,-0.04,-16.42,59.62,4.535,0.405,-0.03,1.00,1,0,0,0,0,0,-16.42,-34.38,-4.32,0.2836,0.1896,0.6218,1,4.535,0,0.399,0,swing,swingLowL,1.000,1,-0.425 0.397 -0.803 0.485 0.231 0.457 0.477 -0.356 0.416 0.299,86.56,5.07,40.82,-16.99,0.06,91.02,528,796,756,1084
259,4.3167,swing,swingLow,90.931,5.157,38.261,6.892,2.415,-22.838,23.978,7.303,37.311,116.23,-15.00,46.95,43.42,0.261,1,,1,119.50,-15.30,33.55,86.751,5.167,40.061,-0.15,-15.84,59.66,4.551,0.416,-0.03,1.00,1,0,0,0,0,0,-15.84,-34.38,-4.33,0.2807,0.1909,0.6281,1,4.551,0,0.400,0,swing,swingLowL,1.000,1,-0.437 0.385 -0.806 0.475 0.211 0.462 0.487 -0.343 0.434 0.301,86.66,5.12,40.44,-16.42,-0.04,91.06,536,800,756,1084
260,4.3333,swing,swingLow,91.049,5.196,37.877,7.212,2.311,-23.147,24.355,7.574,36.927,116.23,-15.00,46.95,43.42,0.271,1,,1,119.50,-15.30,33.55,86.851,5.215,39.677,-0.26,-15.26,59.70,4.567,0.428,-0.03,1.00,1,0,0,0,0,0,-15.26,-34.38,-4.35,0.2776,0.1921,0.6346,1,4.567,0,0.400,0,swing,swingLowL,1.000,1,-0.447 0.374 -0.810 0.464 0.191 0.465 0.496 -0.329 0.454 0.302,86.75,5.17,40.06,-15.84,-0.15,91.10,544,804,752,1088
261,4.3500,swing,swingLow,91.172,5.233,37.487,7.542,2.205,-23.450,24.731,7.858,36.537,116.23,-15.00,46.95,43.42,0.281,1,,1,119.50,-15.30,33.55,86.956,5.261,39.287,-0.38,-14.67,59.75,4.584,0.440,-0.03,1.00,1,0,0,0,0,0,-14.67,-34.38,-4.37,0.2749,0.1930,0.6414,1,4.584,0,0.400,0,swing,swingLowL,1.000,1,-0.456 0.364 -0.813 0.456 0.174 0.468 0.504 -0.317 0.472 0.301,86.85,5.21,39.68,-15.26,-0.26,91.15,552,812,752,1088
262,4.3667,swing,swingLow,91.301,5.268,37.092,7.881,2.099,-23.745,25.107,8.156,36.142,116.23,-15.00,46.95,43.42,0.291,1,,1,119.50,-15.30,33.55,87.066,5.305,38.892,-0.50,-14.08,59.80,4.602,0.453,-0.03,1.00,1,0,0,0,0,0,-14.08,-34.38,-4.38,0.2710,0.1936,0.6478,1,4.602,0,0.400,0,swing,swingLowL,1.000,1,-0.466 0.352 -0.815 0.446 0.154 0.467 0.512 -0.302 0.494 0.297,86.96,5.26,39.29,-14.67,-0.38,91.20,560,816,748,1088
263,4.3833,swing,swingLow,91.436,5.302,36.692,8.227,1.973,-24.034,25.479,8.461,35.742,116.23,-15.00,46.95,43.42,0.300,1,,1,119.50,-15.30,33.55,87.181,5.348,38.492,-0.62,-13.48,59.86,4.620,0.466,-0.03,1.00,1,0,0,0,0,0,-13.48,-34.38,-4.40,0.2676,0.1943,0.6546,1,4.620,0,0.400,0,swing,swingLowL,1.000,1,-0.474 0.342 -0.818 0.437 0.135 0.467 0.519 -0.288 0.515 0.293,87.07,5.31,38.89,-14.08,-0.50,91.26,572,820,752,1088
264,4.4000,swing,swingLow,91.576,5.333,36.288,8.583,1.846,-24.315,25.851,8.779,35.338,116.23,-15.00,46.95,43.42,0.310,1,,1,142.20,-15.30,33.55,87.302,5.389,38.088,-0.75,-12.88,59.93,4.638,0.480,-0.03,1.00,1,0,0,0,0,0,-12.88,-34.38,-4.42,0.2641,0.1952,0.6616,1,4.638,0,0.400,0,swing,swingLowL,1.000,1,-0.481 0.333 -0.819 0.429 0.119 0.464 0.524 -0.274 0.535 0.287,87.18,5.35,38.49,-13.48,-0.62,91.33,580,824,748,1088
265,4.4167,swing,swingLow,91.723,5.363,35.879,8.947,1.719,-24.588,26.222,9.111,34.929,116.23,-15.00,46.95,43.42,0.320,1,,1,142.20,-15.30,33.55,87.428,5.429,37.679,-0.88,-12.27,60.00,4.658,0.494,-0.03,1.00,1,0,0,0,0,0,-12.27,-34.38,-4.43,0.2600,0.1976,0.6683,1,4.658,0,0.400,0,swing,swingLowL,1.000,1,-0.489 0.322 -0.820 0.421 0.101 0.460 0.530 -0.258 0.558 0.279,87.30,5.39,38.09,-12.88,-0.75,91.41,588,828,748,1092
266,4.4333,swing,swingLow,91.876,5.389,35.465,9.319,1.571,-24.853,26.589,9.450,34.515,116.23,-15.00,46.95,43.42,0.330,1,,1,142.20,-15.30,33.55,87.559,5.466,37.265,-1.02,-11.66,60.08,4.677,0.508,-0.03,1.00,1,0,0,0,0,0,-11.66,-34.38,-4.45,0.2555,0.2000,0.6751,1,4.677,0,0.400,0,swing,swingLowL,1.000,1,-0.496 0.312 -0.822 0.413 0.084 0.454 0.534 -0.241 0.580 0.269,87.43,5.43,37.68,-12.27,-0.88,91.49,600,836,748,1100
267,4.4500,swing,swingLow,92.035,5.414,35.047,9.699,1.423,-25.109,26.955,9.803,34.097,116.23,-15.00,46.95,43.42,0.341,1,,1,142.20,-15.30,33.55,87.696,5.501,36.847,-1.15,-11.04,60.16,4.697,0.523,-0.02,1.00,1,0,0,0,0,0,-11.04,-34.38,-4.47,0.2519,0.2017,0.6822,1,4.697,0,0.400,0,swing,swingLowL,1.000,1,-0.501 0.304 -0.822 0.407 0.071 0.449 0.538 -0.226 0.599 0.259,87.56,5.47,37.27,-11.66,-1.02,91.58,608,840,748,1100
268,4.4667,swing,swingLow,92.200,5.436,34.625,10.089,1.273,-25.357,27.320,10.169,33.675,116.23,-15.00,46.95,43.42,0.351,1,,1,142.20,-15.30,33.55,87.840,5.535,36.425,-1.30,-10.41,60.25,4.718,0.538,-0.02,1.00,1,0,0,0,0,0,-10.41,-34.38,-4.48,0.2468,0.2037,0.6889,1,4.718,0,0.400,0,swing,swingLowL,1.000,1,-0.507 0.294 -0.822 0.400 0.054 0.440 0.540 -0.206 0.622 0.245,87.70,5.50,36.85,-11.04,-1.15,91.68,620,844,748,1108
269,4.4833,swing,swingLow,92.372,5.455,34.199,10.485,1.105,-25.595,27.681,10.543,33.249,116.23,-15.00,46.95,43.42,0.361,1,,1,142.20,-15.30,33.55,87.989,5.565,35.999,-1.44,-9.78,60.34,4.740,0.553,-0.02,1.00,1,0,0,0,0,0,-9.78,-34.38,-4.50,0.2424,0.2052,0.6961,1,4.740,0,0.400,0,swing,swingLowL,1.000,1,-0.512 0.286 -0.823 0.394 0.040 0.432 0.543 -0.189 0.641 0.233,87.84,5.53,36.43,-10.41,-1.30,91.78,628,848,748,1108
270,4.5000,swing,swingLow,92.551,5.471,33.769,10.890,0.935,-25.824,28.042,10.930,32.819,116.23,-15.00,46.95,43.42,0.372,1,,1,142.20,-15.30,33.55,88.144,5.594,35.569,-1.59,-9.33,60.44,4.761,0.569,-0.02,1.00,1,0,0,0,0,0,-9.33,-34.38,-4.52,0.2377,0.2062,0.7004,1,4.761,0,0.400,0,swing,swingLowL,1.000,1,-0.516 0.279 -0.823 0.390 0.029 0.423 0.543 -0.173 0.658 0.217,87.99,5.57,36.00,-9.78,-1.44,91.89,640,856,748,1112
271,4.5167,swing,swingLow,92.736,5.485,33.336,11.304,0.765,-26.043,28.401,11.330,32.386,116.23,-15.00,46.95,43.42,0.382,1,,1,142.20,-15.30,33.55,88.306,5.620,35.136,-1.74,-9.10,60.55,4.784,0.585,-0.02,1.00,1,0,0,0,0,0,-9.10,-34.38,-4.53,0.2321,0.2068,0.7007,1,4.784,0,0.400,0,swing,swingLowL,1.000,1,-0.521 0.271 -0.822 0.387 0.016 0.414 0.544 -0.157 0.676 0.200,88.14,5.59,35.57,-9.33,-1.59,92.00,644,856,748,1116
272,4.5333,swing,swingLow,92.928,5.495,32.899,11.724,0.577,-26.250,28.755,11.738,31.949,116.23,-15.00,46.95,43.42,0.393,1,,1,142.20,-15.30,33.55,88.474,5.643,34.699,-1.90,-9.06,60.66,4.807,0.601,-0.02,1.00,1,0,0,0,0,0,-9.06,-34.38,-4.55,0.2262,0.2071,0.6983,1,4.807,0,0.400,0,swing,swingLowL,1.000,1,-0.525 0.264 -0.822 0.386 0.004 0.406 0.543 -0.144 0.691 0.182,88.31,5.62,35.14,-9.10,-1.74,92.12,648,852,748,1116
273,4.5500,swing,swingLow,93.128,5.503,32.458,12.152,0.388,-26.448,29.108,12.158,31.508,116.23,-15.00,46.95,43.42,0.403,1,,1,142.20,-15.30,33.55,88.649,5.664,34.258,-2.06,-9.18,60.77,4.830,0.616,-0.02,1.00,1,0,0,0,0,0,-9.18,-34.37,-4.57,0.2209,0.2067,0.6937,1,4.830,0,0.400,0,swing,swingLowL,1.000,1,-0.528 0.260 -0.822 0.387 -0.005 0.400 0.542 -0.134 0.703 0.165,88.47,5.64,34.70,-9.06,-1.90,92.25,648,848,748,1116
274,4.5667,swing,swingLow,93.335,5.507,32.014,12.588,0.198,-26.634,29.460,12.590,31.064,116.23,-15.00,46.95,43.42,0.414,1,,1,142.20,-15.30,33.55,88.830,5.681,33.814,-2.22,-9.41,60.89,4.854,0.632,-0.02,1.00,1,0,0,0,0,0,-9.41,-34.36,-4.58,0.2147,0.2060,0.6869,1,4.854,0,0.400,0,swing,swingLowL,1.000,1,-0.531 0.254 -0.821 0.388 -0.016 0.391 0.540 -0.123 0.715 0.146,88.65,5.66,34.26,-9.18,-2.06,92.38,648,840,748,1116
275,4.5833,swing,swingLow,93.549,5.508,31.568,13.030,-0.007,-26.808,29.807,13.030,30.618,116.23,-15.00,46.95,43.42,0.425,1,,1,142.20,-15.30,33.55,89.019,5.696,33.368,-2.38,-9.73,61.01,4.878,0.648,-0.02,1.00,1,0,0,0,0,0,-9.73,-34.31,-4.60,0.2090,0.2051,0.6790,1,4.878,0,0.400,0,swing,swingLowL,1.000,1,-0.534 0.249 -0.821 0.390 -0.025 0.386 0.537 -0.114 0.725 0.130,88.83,5.68,33.81,-9.41,-2.22,92.51,644,832,752,1116
276,4.6000,swing,swingLow,93.770,5.505,31.118,13.480,-0.214,-26.971,30.153,13.482,30.168,116.23,-15.00,46.95,43.42,0.436,1,,1,142.20,-15.30,33.55,89.214,5.708,32.918,-2.54,-10.13,61.14,4.903,0.664,-0.02,1.00,1,0,0,0,0,0,-10.13,-34.23,-4.62,0.2038,0.2037,0.6702,1,4.903,0,0.400,0,swing,swingLowL,1.000,1,-0.536 0.247 -0.820 0.394 -0.031 0.380 0.534 -0.108 0.732 0.113,89.02,5.70,33.37,-9.73,-2.38,92.65,640,824,752,1116
277,4.6167,swing,swingLow,93.999,5.499,30.666,13.938,-0.421,-27.122,30.496,13.944,29.716,116.23,-15.00,46.95,43.42,0.447,1,,0,0.00,0.00,0.00,89.416,5.716,32.466,-2.71,-10.57,61.27,4.929,0.680,-0.02,1.00,1,0,0,0,0,0,-10.57,-34.12,-4.63,0.1983,0.2021,0.6605,1,4.929,0,0.400,0,swing,swingLowL,1.000,1,-0.538 0.243 -0.819 0.397 -0.040 0.375 0.530 -0.102 0.739 0.098,89.21,5.71,32.92,-10.13,-2.54,92.80,632,812,752,1116
278,4.6333,swing,swingLow,94.236,5.490,30.212,14.400,-0.642,-27.259,30.835,14.414,29.262,116.23,-15.00,46.95,43.42,0.458,1,,0,0.00,0.00,0.00,89.626,5.721,32.012,-2.88,-11.06,61.40,4.955,0.696,-0.02,1.00,1,0,0,0,0,0,-11.06,-33.96,-4.65,0.1939,0.2004,0.6508,1,4.955,0,0.400,0,swing,swingLowL,1.000,1,-0.540 0.240 -0.818 0.401 -0.047 0.370 0.526 -0.099 0.743 0.084,89.42,5.72,32.47,-10.57,-2.71,92.95,624,800,756,1112
279,4.6500,swing,swingLow,94.481,5.476,29.755,14.870,-0.863,-27.383,31.172,14.895,28.805,116.23,-15.00,46.95,43.42,0.469,1,,0,0.00,0.00,0.00,89.843,5.723,31.555,-3.04,-11.57,61.54,4.981,0.712,-0.02,1.00,1,0,0,0,0,0,-11.57,-33.76,-4.67,0.1902,0.1985,0.6409,1,4.981,0,0.400,0,swing,swingLowL,1.000,1,-0.541 0.238 -0.817 0.406 -0.052 0.367 0.522 -0.097 0.746 0.071,89.63,5.72,32.01,-11.06,-2.88,93.10,616,788,756,1112
280,4.6667,swing,swingLow,94.733,5.459,29.296,15.346,-1.084,-27.496,31.507,15.385,28.346,116.23,-15.00,46.95,43.42,0.480,1,,0,0.00,0.00,0.00,90.067,5.721,31.096,-3.21,-12.09,61.68,5.008,0.728,-0.02,1.00,1,0,0,0,0,0,-12.09,-33.52,-4.68,0.1865,0.1965,0.6308,1,5.008,0,0.400,0,swing,swingLowL,1.000,1,-0.542 0.236 -0.816 0.411 -0.059 0.363 0.517 -0.095 0.749 0.060,89.84,5.72,31.55,-11.57,-3.04,93.26,608,776,756,1108
281,4.6833,swing,swingLow,94.993,5.438,28.836,15.828,-1.311,-27.592,31.837,15.882,27.886,116.23,-15.00,46.95,43.42,0.492,1,,0,0.00,0.00,0.00,90.299,5.716,30.636,-3.38,-12.62,61.83,5.035,0.743,-0.02,1.00,1,0,0,0,0,0,-12.62,-33.24,-4.70,0.1831,0.1944,0.6208,1,5.035,0,0.400,0,swing,swingLowL,1.000,1,-0.543 0.235 -0.815 0.417 -0.064 0.361 0.512 -0.096 0.750 0.049,90.07,5.72,31.10,-12.09,-3.21,93.42,596,764,760,1108
282,4.7000,swing,swingLow,95.262,5.414,28.374,16.316,-1.537,-27.676,32.164,16.388,27.424,116.23,-15.00,46.95,43.42,0.503,1,,0,0.00,0.00,0.00,90.539,5.707,30.174,-3.55,-13.14,61.97,5.063,0.759,-0.02,1.00,1,0,0,0,0,0,-13.14,-32.92,-4.72,0.1801,0.1923,0.6108,1,5.063,0,0.400,0,swing,swingLowL,1.000,1,-0.543 0.236 -0.813 0.424 -0.067 0.359 0.507 -0.099 0.750 0.039,90.30,5.72,30.64,-12.62,-3.38,93.58,588,752,760,1104
283,4.7167,swing,swingLow,95.539,5.386,27.911,16.810,-1.764,-27.746,32.489,16.902,26.961,116.23,-15.00,46.95,43.42,0.514,1,,0,0.00,0.00,0.00,90.787,5.694,29.711,-3.72,-13.66,62.12,5.091,0.774,-0.01,1.00,1,0,0,0,0,0,-13.66,-32.58,-4.73,0.1773,0.1901,0.6010,1,5.091,0,0.400,0,swing,swingLowL,1.000,1,-0.543 0.237 -0.812 0.432 -0.069 0.358 0.501 -0.102 0.750 0.029,90.54,5.71,30.17,-13.14,-3.55,93.75,580,740,764,1104
284,4.7333,swing,swingLow,95.823,5.354,27.447,17.309,-1.980,-27.801,32.808,17.422,26.497,116.23,-15.00,46.95,43.42,0.526,1,,0,0.00,0.00,0.00,91.042,5.678,29.247,-3.88,-14.17,62.28,5.119,0.789,-0.01,1.00,1,0,0,0,0,0,-14.17,-32.19,-4.75,0.1749,0.1879,0.5913,1,5.119,0,0.400,0,swing,swingLowL,1.000,1,-0.541 0.240 -0.809 0.441 -0.069 0.358 0.495 -0.109 0.749 0.020,90.79,5.69,29.71,-13.66,-3.72,93.92,568,728,768,1100
285,4.7500,swing,swingLow,96.117,5.318,26.982,17.814,-2.197,-27.841,33.125,17.949,26.032,116.23,-15.00,46.95,43.42,0.537,1,,0,0.00,0.00,0.00,91.305,5.658,28.782,-4.04,-14.66,62.43,5.148,0.803,-0.01,1.00,1,0,0,0,0,0,-14.66,-31.78,-4.77,0.1728,0.1856,0.5819,1,5.148,0,0.400,0,swing,swingLowL,1.000,1,-0.540 0.244 -0.807 0.452 -0.068 0.358 0.489 -0.116 0.747 0.010,91.04,5.68,29.25,-14.17,-3.88,94.09,560,716,768,1100
286,4.7667,swing,swingLow,96.419,5.279,26.517,18.324,-2.414,-27.867,33.439,18.482,25.567,116.23,-15.00,46.95,43.42,0.549,1,,0,0.00,0.00,0.00,91.577,5.634,28.317,-4.20,-15.14,62.59,5.178,0.818,-0.01,1.00,1,0,0,0,0,0,-15.14,-31.35,-4.78,0.1730,0.1836,0.5719,1,5.178,0,0.400,0,swing,swingLowL,1.000,1,-0.537 0.251 -0.805 0.464 -0.063 0.359 0.484 -0.126 0.745 -0.001,91.31,5.66,28.78,-14.66,-4.04,94.27,552,704,768,1096
287,4.7833,swing,swingLow,96.729,5.236,26.052,18.838,-2.619,-27.878,33.748,19.020,25.102,116.23,-15.00,46.95,43.42,0.560,1,,0,0.00,0.00,0.00,91.857,5.607,27.852,-4.35,-15.60,62.75,5.207,0.831,-0.01,1.00,1,0,0,0,0,0,-15.60,-30.88,-4.80,0.1742,0.1814,0.5624,1,5.207,0,0.400,0,swing,swingLowL,1.000,1,-0.533 0.259 -0.803 0.478 -0.057 0.360 0.478 -0.137 0.742 -0.014,91.58,5.63,28.32,-15.14,-4.20,94.44,540,696,772,1096
288,4.8000,swing,swingLow,97.048,5.190,25.586,19.358,-2.824,-27.873,34.053,19.563,24.636,116.23,-15.00,46.95,43.42,0.571,1,,0,0.00,0.00,0.00,92.145,5.576,27.386,-4.50,-16.03,62.91,5.237,0.845,-0.01,1.00,1,0,0,0,0,0,-16.03,-30.40,-4.82,0.1761,0.1793,0.5536,1,5.237,0,0.400,0,swing,swingLowL,1.000,1,-0.529 0.267 -0.800 0.492 -0.050 0.362 0.473 -0.151 0.739 -0.025,91.86,5.61,27.85,-15.60,-4.35,94.62,528,684,772,1092
289,4.8167,swing,swingLow,97.375,5.140,25.120,19.881,-3.028,-27.854,34.355,20.110,24.170,116.23,-15.00,46.95,43.42,0.583,1,,0,0.00,0.00,0.00,92.441,5.541,26.920,-4.64,-16.45,63.07,5.268,0.858,-0.01,1.00,1,0,0,0,0,0,-16.45,-29.90,-4.83,0.1788,0.1773,0.5452,1,5.268,0,0.400,0,swing,swingLowL,1.000,1,-0.524 0.277 -0.797 0.507 -0.040 0.363 0.468 -0.166 0.736 -0.039,92.14,5.58,27.39,-16.03,-4.50,94.80,520,676,776,1092
290,4.8333,swing,swingLow,97.712,5.088,24.656,20.409,-3.220,-27.819,34.652,20.661,23.706,116.23,-15.00,46.95,43.42,0.594,1,,0,0.00,0.00,0.00,92.746,5.502,26.456,-4.77,-16.84,63.24,5.298,0.871,-0.01,1.00,1,0,0,0,0,0,-16.84,-29.38,-4.85,0.1820,0.1751,0.5373,1,5.298,0,0.400,0,swing,swingLowL,1.000,1,-0.518 0.288 -0.794 0.523 -0.029 0.365 0.463 -0.183 0.733 -0.054,92.44,5.54,26.92,-16.45,-4.64,94.98,508,668,780,1092
291,4.8500,swing,swingLow,98.057,5.032,24.191,20.939,-3.412,-27.768,34.945,21.216,23.241,116.23,-15.00,46.95,43.42,0.606,1,,0,0.00,0.00,0.00,93.075,5.459,25.991,-4.90,-17.21,63.40,5.314,0.884,-0.01,1.00,1,0,0,0,0,0,-17.21,-28.84,-4.87,0.1858,0.1735,0.5306,1,5.314,0,0.400,0,swing,swingLowL,1.000,1,-0.512 0.298 -0.790 0.539 -0.019 0.367 0.458 -0.201 0.729 -0.069,92.75,5.50,26.46,-16.84,-4.77,95.17,500,660,780,1088
292,4.8667,swing,swingLow,98.411,4.973,23.728,21.473,-3.603,-27.702,35.235,21.774,22.778,116.23,-15.00,46.95,43.42,0.617,1,,0,0.00,0.00,0.00,93.430,5.411,25.528,-5.03,-17.57,63.57,5.314,0.896,-0.01,1.00,1,0,0,0,0,0,-17.57,-28.29,-4.88,0.1911,0.1725,0.5255,1,5.314,0,0.400,0,swing,swingLowL,1.000,1,-0.504 0.310 -0.786 0.555 -0.006 0.369 0.454 -0.221 0.725 -0.086,93.08,5.46,25.99,-17.21,-4.90,95.35,488,656,784,1088
293,4.8833,swing,swingLow,98.774,4.911,23.266,22.010,-3.781,-27.620,35.519,22.333,22.316,116.23,-15.00,46.95,43.42,0.629,1,,0,0.00,0.00,0.00,93.794,5.360,25.066,-5.15,-17.90,63.73,5.314,0.908,-0.01,1.00,1,0,0,0,0,0,-17.90,-27.73,-4.90,0.1965,0.1713,0.5205,1,5.314,0,0.400,0,swing,swingLowL,1.000,1,-0.496 0.322 -0.781 0.572 0.008 0.370 0.449 -0.241 0.720 -0.103,93.43,5.41,25.53,-17.57,-5.03,95.53,480,652,784,1088
294,4.9000,swing,swingLow,99.146,4.845,22.806,22.550,-3.959,-27.522,35.800,22.895,21.856,116.23,-15.00,46.95,43.42,0.640,1,,0,0.00,0.00,0.00,94.167,5.305,24.606,-5.27,-18.21,63.90,5.314,0.919,-0.01,1.00,1,0,0,0,0,0,-18.21,-27.16,-4.92,0.2019,0.1701,0.5161,1,5.314,0,0.400,0,swing,swingLowL,1.000,1,-0.489 0.333 -0.776 0.587 0.021 0.372 0.445 -0.262 0.715 -0.121,93.79,5.36,25.07,-17.90,-5.15,95.72,472,652,788,1088
295,4.9167,swing,swingLow,99.527,4.777,22.347,23.091,-4.135,-27.408,36.076,23.458,21.397,116.23,-15.00,46.95,43.42,0.651,1,,0,0.00,0.00,0.00,94.549,5.246,24.147,-5.38,-18.50,64.06,5.314,0.930,-0.01,1.00,1,0,0,0,0,0,-18.50,-26.58,-4.93,0.2078,0.1688,0.5121,1,5.314,0,0.400,0,swing,swingLowL,1.000,1,-0.479 0.345 -0.771 0.603 0.036 0.372 0.441 -0.284 0.709 -0.140,94.17,5.30,24.61,-18.21,-5.27,95.90,464,652,788,1084
296,4.9333,swing,swingLow,99.917,4.706,21.891,23.634,-4.298,-27.278,36.347,24.022,20.941,116.23,-15.00,46.95,43.42,0.663,1,,0,0.00,0.00,0.00,94.940,5.185,23.691,-5.49,-18.77,64.23,5.314,0.940,-0.01,1.00,1,0,0,0,0,0,-18.77,-25.99,-4.95,0.2139,0.1674,0.5083,1,5.314,0,0.400,0,swing,swingLowL,1.000,1,-0.470 0.357 -0.765 0.619 0.051 0.373 0.437 -0.308 0.703 -0.159,94.55,5.25,24.15,-18.50,-5.38,96.09,456,652,788,1084
297,4.9500,swing,swingLow,100.316,4.633,21.436,24.178,-4.460,-27.131,36.614,24.586,20.486,116.23,-15.00,46.95,43.42,0.674,1,,0,0.00,0.00,0.00,95.340,5.120,23.236,-5.59,-19.02,64.40,5.314,0.950,-0.01,1.00,1,0,0,0,0,0,-19.02,-25.39,-4.97,0.2196,0.1660,0.5049,1,5.314,0,0.400,0,swing,swingLowL,1.000,1,-0.460 0.368 -0.759 0.634 0.066 0.373 0.433 -0.331 0.697 -0.178,94.94,5.18,23.69,-18.77,-5.49,96.27,448,648,792,1084
298,4.9667,swing,swingLow,100.725,4.557,20.985,24.723,-4.621,-26.969,36.877,25.151,20.035,116.23,-15.00,46.95,43.42,0.685,1,,0,0.00,0.00,0.00,95.749,5.052,22.785,-5.68,-19.25,64.56,5.314,0.959,-0.01,1.00,1,0,0,0,0,0,-19.25,-24.79,-4.98,0.2258,0.1645,0.5019,1,5.314,0,0.400,0,swing,swingLowL,1.000,1,-0.450 0.379 -0.752 0.649 0.082 0.372 0.429 -0.357 0.690 -0.198,95.34,5.12,23.24,-19.02,-5.59,96.45,444,648,792,1084
299,4.9833,swing,swingLow,101.142,4.478,20.536,25.268,-4.768,-26.790,37.134,25.714,19.586,116.23,-15.00,46.95,43.42,0.696,1,,0,0.00,0.00,0.00,96.167,4.981,22.336,-5.77,-19.47,64.73,5.314,0.968,-0.01,1.00,1,0,0,0,0,0,-19.47,-24.18,-5.00,0.2319,0.1628,0.4990,1,5.314,0,0.400,0,swing,swingLowL,1.000,1,-0.439 0.390 -0.745 0.664 0.097 0.371 0.424 -0.382 0.682 -0.218,95.75,5.05,22.78,-19.25,-5.68,96.64,436,648,792,1080
300,5.0000,swing,swingLow,101.568,4.397,20.090,25.813,-4.914,-26.595,37.386,26.277,19.140,116.23,-15.00,46.95,43.42,0.707,1,,0,0.00,0.00,0.00,96.594,4.907,21.890,-5.86,-19.68,64.89,5.314,0.976,-0.01,1.00,1,0,0,0,0,0,-19.68,-23.57,-5.02,0.2377,0.1612,0.4966,1,5.314,0,0.400,0,swing,swingLowL,1.000,1,-0.429 0.399 -0.738 0.677 0.112 0.370 0.420 -0.407 0.675 -0.237,96.17,4.98,22.34,-19.47,-5.77,96.82,432,652,796,1080
301,5.0167,swing,swingLow,102.004,4.313,19.648,26.357,-5.059,-26.383,37.634,26.838,18.698,116.23,-15.00,46.95,43.42,0.718,1,,0,0.00,0.00,0.00,97.031,4.830,21.448,-5.94,-19.86,65.06,5.314,0.984,-0.01,1.00,1,0,0,0,0,0,-19.86,-22.95,-5.03,0.2436,0.1595,0.4944,1,5.314,0,0.401,0,swing,swingLowL,1.000,1,-0.417 0.409 -0.731 0.690 0.127 0.367 0.414 -0.432 0.666 -0.258,96.59,4.91,21.89,-19.68,-5.86,97.00,424,652,796,1080
302,5.0333,swing,swingLow,102.448,4.227,19.210,26.901,-5.189,-26.155,37.877,27.397,18.260,116.23,-15.00,46.95,43.42,0.729,1,,0,0.00,0.00,0.00,97.476,4.751,21.010,-6.01,-20.04,65.22,5.314,0.992,-0.01,1.00,1,0,0,0,0,0,-20.04,-22.34,-5.05,0.2493,0.1576,0.4923,1,5.314,0,0.401,0,swing,swingLowL,1.000,1,-0.406 0.418 -0.723 0.703 0.142 0.364 0.409 -0.458 0.658 -0.278,97.03,4.83,21.45,-19.86,-5.94,97.18,420,652,800,1076
303,5.0500,swing,swingLow,102.902,4.139,18.775,27.443,-5.318,-25.910,38.115,27.953,17.825,116.23,-15.00,46.95,43.42,0.740,1,,0,0.00,0.00,0.00,97.930,4.669,20.575,-6.08,-20.20,65.38,5.314,0.999,-0.01,1.00,1,0,0,0,0,0,-20.20,-21.72,-5.07,0.2546,0.1558,0.4904,1,5.314,0,0.401,0,swing,swingLowL,1.000,1,-0.396 0.426 -0.716 0.715 0.155 0.361 0.402 -0.482 0.649 -0.297,97.48,4.75,21.01,-20.04,-6.01,97.35,412,652,804,1076
304,5.0667,swing,swingLow,103.364,4.049,18.345,27.982,-5.446,-25.649,38.348,28.507,17.395,116.23,-15.00,46.95,43.42,0.750,1,,0,0.00,0.00,0.00,98.393,4.584,20.145,-6.14,-20.35,65.54,5.314,1.006,-0.01,1.00,1,0,0,0,0,0,-20.35,-21.10,-5.08,0.2599,0.1540,0.4887,1,5.314,0,0.402,0,swing,swingLowL,1.000,1,-0.384 0.435 -0.709 0.726 0.168 0.357 0.396 -0.507 0.640 -0.317,97.93,4.67,20.57,-20.20,-6.08,97.53,408,656,808,1076
305,5.0833,swing,swingLow,103.836,3.957,17.919,28.520,-5.560,-25.372,38.575,29.056,16.969,116.23,-15.00,46.95,43.42,0.761,1,,0,0.00,0.00,0.00,98.865,4.497,19.719,-6.20,-20.49,65.70,5.314,1.012,-0.01,1.00,1,0,0,0,0,0,-20.49,-20.48,-5.10,0.2649,0.1520,0.4871,1,5.314,0,0.402,0,swing,swingLowL,1.000,1,-0.373 0.443 -0.701 0.737 0.181 0.352 0.388 -0.531 0.631 -0.336,98.39,4.58,20.14,-20.35,-6.14,97.70,404,656,804,1072
306,5.1000,swing,swingLow,104.316,3.863,17.498,29.054,-5.672,-25.079,38.797,29.602,16.548,116.23,-15.00,46.95,43.42,0.771,1,,0,0.00,0.00,0.00,99.346,4.408,19.298,-6.26,-20.61,65.86,5.314,1.018,-0.01,1.00,1,0,0,0,0,0,-20.61,-19.85,-5.12,0.2692,0.1502,0.4856,1,5.314,0,0.403,0,swing,swingLowL,1.000,1,-0.363 0.449 -0.693 0.747 0.191 0.348 0.379 -0.553 0.622 -0.355,98.87,4.50,19.72,-20.49,-6.20,97.88,400,656,808,1072
307,5.1167,swing,swingLow,104.806,3.767,17.082,29.583,-5.782,-24.769,39.014,30.143,16.132,116.23,-15.00,46.95,43.42,0.782,1,,0,0.00,0.00,0.00,99.836,4.317,18.882,-6.31,-20.73,66.01,5.314,1.024,-0.01,1.00,1,0,0,0,0,0,-20.73,-19.23,-5.13,0.2736,0.1482,0.4842,1,5.314,0,0.403,0,swing,swingLowL,1.000,1,-0.352 0.456 -0.686 0.756 0.202 0.342 0.370 -0.575 0.612 -0.373,99.35,4.41,19.30,-20.61,-6.26,98.05,396,656,808,1068
308,5.1333,swing,swingLow,105.304,3.670,16.671,30.110,-5.879,-24.443,39.225,30.679,15.721,116.23,-15.00,46.95,43.42,0.792,1,,0,0.00,0.00,0.00,100.334,4.223,18.471,-6.36,-20.84,66.16,5.314,1.029,-0.01,1.00,1,0,0,0,0,0,-20.84,-18.61,-5.15,0.2775,0.1463,0.4828,1,5.314,0,0.404,0,swing,swingLowL,1.000,1,-0.341 0.462 -0.679 0.765 0.211 0.336 0.360 -0.595 0.603 -0.391,99.84,4.32,18.88,-20.73,-6.31,98.21,392,660,812,1068
309,5.1500,swing,swingLow,105.810,3.571,16.266,30.632,-5.974,-24.101,39.431,31.209,15.316,116.23,-15.00,46.95,43.42,0.802,1,,0,0.00,0.00,0.00,100.842,4.128,18.066,-6.40,-20.94,66.31,5.314,1.034,-0.01,1.00,1,0,0,0,0,0,-20.94,-18.00,-5.17,0.2808,0.1444,0.4814,1,5.314,0,0.405,0,swing,swingLowL,1.000,1,-0.332 0.468 -0.672 0.773 0.218 0.331 0.350 -0.613 0.594 -0.408,100.33,4.22,18.47,-20.84,-6.36,98.38,388,660,816,1068
310,5.1667,swing,swingLow,106.326,3.470,15.867,31.148,-6.067,-23.743,39.632,31.733,14.917,116.23,-15.00,46.95,43.42,0.812,1,,0,0.00,0.00,0.00,101.357,4.030,17.667,-6.44,-21.03,66.46,5.314,1.039,-0.01,1.00,1,0,0,0,0,0,-21.03,-17.38,-5.18,0.2839,0.1425,0.4801,1,5.314,0,0.406,0,swing,swingLowL,1.000,1,-0.322 0.473 -0.665 0.781 0.224 0.324 0.339 -0.630 0.584 -0.425,100.84,4.13,18.07,-20.94,-6.40,98.54,384,660,820,1064
311,5.1833,swing,swingLow,106.850,3.368,15.474,31.659,-6.146,-23.369,39.827,32.250,14.524,116.23,-15.00,46.95,43.42,0.822,1,,0,0.00,0.00,0.00,101.882,3.931,17.274,-6.47,-21.11,66.61,5.314,1.043,-0.01,1.00,1,0,0,0,0,0,-21.11,-16.77,-5.20,0.2867,0.1406,0.4788,1,5.314,0,0.407,0,swing,swingLowL,1.000,1,-0.312 0.478 -0.658 0.789 0.229 0.318 0.327 -0.646 0.575 -0.441,101.36,4.03,17.67,-21.03,-6.44,98.70,384,660,820,1064
312,5.2000,swing,swingLow,107.382,3.265,15.088,32.082,-6.208,-22.923,39.916,32.678,14.138,116.23,-15.00,46.95,43.42,0.831,1,,0,0.00,0.00,0.00,102.414,3.831,16.888,-6.50,-21.19,66.75,5.314,1.047,-0.00,1.00,1,0,0,0,0,0,-21.19,-16.16,-5.22,0.2889,0.1387,0.4774,1,5.314,0,0.408,0,swing,swingLowL,1.000,1,-0.304 0.483 -0.652 0.795 0.232 0.312 0.315 -0.659 0.567 -0.456,101.88,3.93,17.27,-21.11,-6.47,98.86,380,660,820,1060
313,5.2167,swing,swingLow,107.919,3.161,14.710,32.414,-6.252,-22.410,39.900,33.012,13.760,116.23,-15.00,46.95,43.42,0.840,1,,0,0.00,0.00,0.00,102.952,3.729,16.510,-6.52,-21.26,66.89,5.314,1.051,-0.00,1.00,1,0,0,0,0,0,-21.26,-15.55,-5.23,0.2909,0.1369,0.4762,1,5.314,0,0.409,0,swing,swingLowL,1.000,1,-0.295 0.487 -0.646 0.801 0.234 0.306 0.303 -0.671 0.558 -0.471,102.41,3.83,16.89,-21.19,-6.50,99.02,376,660,824,1060
314,5.2333,swing,swingLow,108.462,3.056,14.341,32.735,-6.284,-21.890,39.878,33.333,13.391,116.23,-15.00,46.95,43.42,0.847,1,,0,0.00,0.00,0.00,103.495,3.626,16.141,-6.54,-21.32,67.03,5.314,1.054,-0.00,1.00,1,0,0,0,0,0,-21.32,-14.95,-5.25,0.2926,0.1351,0.4748,1,5.314,0,0.410,0,swing,swingLowL,1.000,1,-0.287 0.491 -0.639 0.808 0.234 0.301 0.290 -0.682 0.549 -0.484,102.95,3.73,16.51,-21.26,-6.52,99.17,376,660,824,1056
315,5.2500,swing,swingLow,109.011,2.951,13.979,33.127,-6.329,-21.416,39.951,33.727,13.029,116.23,-15.00,46.95,43.42,0.854,1,,0,0.00,0.00,0.00,104.044,3.522,15.779,-6.55,-21.38,67.17,5.314,1.058,-0.00,1.00,1,0,0,0,0,0,-21.38,-14.35,-5.27,0.2939,0.1333,0.4735,1,5.314,0,0.411,0,swing,swingLowL,1.000,1,-0.279 0.495 -0.633 0.813 0.233 0.297 0.278 -0.691 0.541 -0.496,103.49,3.63,16.14,-21.32,-6.54,99.31,372,660,824,1056
316,5.2667,swing,swingLow,109.566,2.845,13.627,33.424,-6.355,-20.880,39.919,34.023,12.677,116.23,-15.00,46.95,43.42,0.861,1,,0,0.00,0.00,0.00,104.599,3.417,15.427,-6.56,-21.44,67.30,5.314,1.061,-0.00,1.00,1,0,0,0,0,0,-21.44,-13.75,-5.28,0.2950,0.1316,0.4723,1,5.314,0,0.412,0,swing,swingLowL,1.000,1,-0.271 0.499 -0.628 0.818 0.231 0.292 0.265 -0.698 0.533 -0.507,104.04,3.52,15.78,-21.38,-6.55,99.46,372,656,828,1056
317,5.2833,swing,swingLow,110.125,2.739,13.284,33.709,-6.370,-20.338,39.882,34.306,12.334,116.23,-15.00,46.95,43.42,0.866,1,,0,0.00,0.00,0.00,105.158,3.311,15.084,-6.57,-21.49,67.43,5.314,1.064,-0.00,1.00,1,0,0,0,0,0,-21.49,-13.17,-5.30,0.2959,0.1297,0.4709,1,5.314,0,0.413,0,swing,swingLowL,1.000,1,-0.263 0.503 -0.622 0.824 0.228 0.289 0.252 -0.705 0.524 -0.517,104.60,3.42,15.43,-21.44,-6.56,99.60,368,656,828,1052
318,5.3000,swing,swingLow,110.691,2.632,12.948,34.067,-6.399,-19.839,39.939,34.663,11.998,116.23,-15.00,46.95,43.42,0.872,1,,0,0.00,0.00,0.00,105.724,3.205,14.748,-6.57,-21.53,67.55,5.314,1.066,-0.00,1.00,1,0,0,0,0,0,-21.53,-12.58,-5.32,0.2965,0.1280,0.4697,1,5.314,0,0.414,0,swing,swingLowL,1.000,1,-0.257 0.506 -0.616 0.828 0.224 0.288 0.240 -0.710 0.515 -0.525,105.16,3.31,15.08,-21.49,-6.57,99.74,368,656,832,1052
319,5.3167,swing,swingLow,111.260,2.526,12.623,34.326,-6.409,-19.283,39.890,34.920,11.673,116.23,-15.00,46.95,43.42,0.876,1,,0,0.00,0.00,0.00,106.293,3.098,14.423,-6.57,-21.57,67.67,5.314,1.069,-0.00,1.00,1,0,0,0,0,0,-21.57,-12.01,-5.33,0.2968,0.1264,0.4685,1,5.314,0,0.415,0,swing,swingLowL,1.000,1,-0.250 0.510 -0.611 0.833 0.220 0.287 0.227 -0.715 0.507 -0.532,105.72,3.20,14.75,-21.53,-6.57,99.87,364,656,832,1048
320,5.3333,swing,swingLow,111.836,2.419,12.305,34.661,-6.425,-18.768,39.936,35.251,11.355,116.23,-15.00,46.95,43.42,0.881,1,,0,0.00,0.00,0.00,106.869,2.991,14.105,-6.57,-21.61,67.79,5.314,1.071,-0.00,1.00,1,0,0,0,0,0,-21.61,-11.44,-5.35,0.2971,0.1246,0.4672,1,5.314,0,0.417,0,swing,swingLowL,1.000,1,-0.244 0.513 -0.606 0.837 0.216 0.287 0.215 -0.718 0.497 -0.538,106.29,3.10,14.42,-21.57,-6.57,100.00,364,652,832,1048
321,5.3500,swing,swingLow,112.415,2.312,11.997,34.894,-6.422,-18.200,39.876,35.480,11.047,116.23,-15.00,46.95,43.42,0.885,1,,0,0.00,0.00,0.00,107.448,2.884,13.797,-6.57,-21.65,67.90,5.314,1.073,-0.00,1.00,1,0,0,0,0,0,-21.65,-10.87,-5.37,0.2972,0.1230,0.4660,1,5.314,0,0.418,0,swing,swingBottomL,1.000,1,-0.238 0.516 -0.601 0.840 0.210 0.290 0.203 -0.721 0.489 -0.542,106.87,2.99,14.11,-21.61,-6.57,100.12,360,652,836,1048
322,5.3667,swing,swingLow,113.000,2.204,11.698,35.203,-6.433,-17.671,39.911,35.785,10.748,116.23,-15.00,46.95,43.42,0.889,1,,0,0.00,0.00,0.00,108.033,2.776,13.498,-6.56,-21.68,68.01,5.314,1.075,-0.00,1.00,1,0,0,0,0,0,-21.68,-10.32,-5.38,0.2971,0.1214,0.4649,1,5.314,0,0.419,0,swing,swingBottomL,1.000,1,-0.232 0.519 -0.597 0.844 0.205 0.293 0.192 -0.723 0.480 -0.544,107.45,2.88,13.80,-21.65,-6.57,100.24,360,652,836,1044
323,5.3833,swing,swingLow,113.589,2.097,11.408,35.499,-6.434,-17.135,39.940,36.077,10.458,116.23,-15.00,46.95,43.42,0.892,1,,0,0.00,0.00,0.00,108.622,2.668,13.208,-6.55,-21.71,68.12,5.314,1.077,-0.00,1.00,1,0,0,0,0,0,-21.71,-9.77,-5.40,0.2970,0.1197,0.4637,1,5.314,0,0.421,0,swing,swingBottomL,1.000,1,-0.227 0.522 -0.592 0.847 0.198 0.298 0.181 -0.724 0.470 -0.545,108.03,2.78,13.50,-21.68,-6.56,100.36,360,648,840,1044
324,5.4000,swing,swingLow,114.183,1.990,11.127,35.782,-6.434,-16.592,39.963,36.356,10.177,116.23,-15.00,46.95,43.42,0.896,1,,0,0.00,0.00,0.00,109.215,2.560,12.926,-6.54,-21.73,68.22,5.314,1.079,-0.00,1.00,1,0,0,0,0,0,-21.73,-9.24,-5.42,0.2967,0.1182,0.4625,1,5.314,0,0.422,0,swing,swingBottomL,1.000,1,-0.222 0.525 -0.588 0.850 0.191 0.305 0.171 -0.725 0.461 -0.545,108.62,2.67,13.21,-21.71,-6.55,100.47,356,648,840,1040
325,5.4167,swing,swingLow,114.780,1.883,10.856,35.962,-6.414,-16.002,39.881,36.529,9.906,116.23,-15.00,46.95,43.42,0.899,1,,0,0.00,0.00,0.00,109.813,2.452,12.646,-6.53,-21.76,68.32,5.311,1.080,-0.00,1.00,1,0,0,0,0,0,-21.76,-8.71,-5.43,0.2965,0.1167,0.4604,1,5.311,0,0.423,0,swing,swingBottomL,1.000,1,-0.218 0.528 -0.584 0.852 0.184 0.312 0.161 -0.725 0.452 -0.543,109.22,2.56,12.93,-21.73,-6.54,100.58,356,648,844,1040
326,5.4333,swing,swingLow,115.382,1.776,10.593,36.219,-6.403,-15.447,39.892,36.780,9.643,116.23,-15.00,46.95,43.42,0.902,1,,0,0.00,0.00,0.00,110.414,2.344,12.371,-6.52,-21.78,68.41,5.307,1.082,-0.00,1.00,1,0,0,0,0,0,-21.78,-8.19,-5.45,0.2964,0.1153,0.4576,1,5.307,0,0.424,0,swing,swingBottomL,1.000,1,-0.213 0.530 -0.579 0.854 0.177 0.322 0.151 -0.725 0.442 -0.539,109.81,2.45,12.65,-21.76,-6.53,100.69,356,644,844,1040
327,5.4500,swing,swingLow,115.988,1.670,10.340,36.462,-6.389,-14.886,39.898,37.017,9.390,116.23,-15.00,46.95,43.42,0.905,1,,0,0.00,0.00,0.00,111.020,2.235,12.101,-6.50,-21.80,68.51,5.301,1.083,-0.00,1.00,1,0,0,0,0,0,-21.80,-7.68,-5.47,0.2964,0.1139,0.4543,1,5.301,0,0.426,0,swing,swingBottomL,1.000,1,-0.209 0.533 -0.575 0.856 0.169 0.332 0.142 -0.725 0.433 -0.535,110.41,2.34,12.37,-21.78,-6.52,100.79,352,640,844,1036
328,5.4667,swing,swingLow,116.598,1.563,10.097,36.691,-6.373,-14.319,39.898,37.240,9.147,116.23,-15.00,46.95,43.42,0.908,1,,0,0.00,0.00,0.00,111.630,2.128,11.838,-6.48,-21.82,68.59,5.294,1.085,-0.00,1.00,1,0,0,0,0,0,-21.82,-7.19,-5.48,0.2964,0.1127,0.4508,1,5.294,0,0.427,0,swing,swingBottomL,1.000,1,-0.205 0.535 -0.571 0.857 0.161 0.343 0.134 -0.724 0.424 -0.528,111.02,2.24,12.10,-21.80,-6.50,100.88,348,636,844,1036
329,5.4833,swing,swingLow,117.212,1.457,9.863,36.906,-6.349,-13.748,39.892,37.449,8.913,116.23,-15.00,46.95,43.42,0.911,1,,0,0.00,0.00,0.00,112.244,2.020,11.583,-6.46,-21.83,68.68,5.288,1.086,-0.00,1.00,1,0,0,0,0,0,-21.83,-6.70,-5.50,0.2965,0.1114,0.4471,1,5.288,0,0.429,0,swing,swingBottomL,1.000,1,-0.200 0.538 -0.567 0.859 0.153 0.356 0.126 -0.723 0.415 -0.521,111.63,2.13,11.84,-21.82,-6.48,100.98,344,636,848,1032
330,5.5000,swing,swingBottom,117.829,1.351,9.638,37.108,-6.323,-13.171,39.880,37.643,8.688,116.23,-15.00,46.95,43.42,0.914,1,,0,0.00,0.00,0.00,112.861,1.912,11.336,-6.44,-21.85,68.76,5.280,1.087,-0.00,1.00,1,0,0,0,0,0,-21.85,-6.22,-5.52,0.2965,0.1102,0.4433,1,5.280,0,0.430,0,swing,swingBottomL,1.000,1,-0.197 0.540 -0.563 0.859 0.145 0.368 0.118 -0.722 0.406 -0.512,112.24,2.02,11.58,-21.83,-6.46,101.07,340,628,848,1032
331,5.5167,swing,swingBottom,118.450,1.246,9.423,37.388,-6.310,-12.621,39.962,37.917,8.473,116.23,-15.00,46.95,43.42,0.916,1,,0,0.00,0.00,0.00,113.482,1.805,11.098,-6.42,-21.86,68.84,5.273,1.088,-0.00,1.00,1,0,0,0,0,0,-21.86,-5.76,-5.53,0.2966,0.1090,0.4395,1,5.273,0,0.431,0,swing,swingBottomL,1.000,1,-0.193 0.542 -0.559 0.860 0.138 0.382 0.111 -0.720 0.397 -0.502,112.86,1.91,11.34,-21.85,-6.44,101.15,336,624,848,1032
332,5.5333,swing,swingBottom,119.074,1.141,9.218,37.562,-6.275,-12.034,39.939,38.082,8.268,116.23,-15.00,46.95,43.42,0.918,1,,0,0.00,0.00,0.00,114.106,1.699,10.869,-6.40,-21.88,68.91,5.266,1.089,-0.00,1.00,1,0,0,0,0,0,-21.88,-5.30,-5.55,0.2970,0.1077,0.4355,1,5.266,0,0.433,0,swing,swingBottomL,1.000,1,-0.186 0.544 -0.553 0.862 0.131 0.393 0.105 -0.718 0.389 -0.491,113.48,1.81,11.10,-21.86,-6.42,101.23,332,620,848,1028
333,5.5500,swing,swingBottom,119.701,1.037,9.022,37.721,-6.237,-11.444,39.909,38.233,8.072,116.23,-15.00,46.95,43.42,0.921,1,,0,0.00,0.00,0.00,114.732,1.592,10.650,-6.37,-21.89,68.98,5.258,1.090,-0.00,1.00,1,0,0,0,0,0,-21.89,-4.86,-5.57,0.2970,0.1066,0.4316,1,5.258,0,0.434,0,swing,swingBottomL,1.000,1,-0.183 0.546 -0.550 0.862 0.125 0.406 0.098 -0.716 0.380 -0.480,114.11,1.70,10.87,-21.88,-6.40,101.31,328,616,852,1028
334,5.5667,swing,swingBottom,120.332,0.934,8.837,37.864,-6.197,-10.850,39.873,38.368,7.887,116.23,-15.00,46.95,43.42,0.923,1,,0,0.00,0.00,0.00,115.362,1.486,10.440,-6.35,-21.90,69.05,5.251,1.090,-0.00,1.00,1,0,0,0,0,0,-21.90,-4.43,-5.58,0.2969,0.1057,0.4278,1,5.251,0,0.435,0,swing,swingBottomL,1.000,1,-0.181 0.547 -0.547 0.860 0.118 0.420 0.093 -0.713 0.373 -0.468,114.73,1.59,10.65,-21.89,-6.37,101.39,324,612,852,1028
335,5.5833,swing,swingBottom,120.965,0.831,8.660,38.089,-6.166,-10.279,39.931,38.585,7.710,116.23,-15.00,46.95,43.42,0.925,1,,0,0.00,0.00,0.00,115.995,1.381,10.240,-6.32,-21.91,69.12,5.244,1.091,-0.00,1.00,1,0,0,0,0,0,-21.91,-4.01,-5.60,0.2969,0.1048,0.4239,1,5.244,0,0.437,0,swing,swingBottomL,1.000,1,-0.178 0.548 -0.543 0.859 0.113 0.432 0.088 -0.711 0.366 -0.455,115.36,1.49,10.44,-21.90,-6.35,101.46,320,608,852,1028
336,5.6000,swing,swingBottom,121.601,0.728,8.494,38.204,-6.118,-9.678,39.883,38.691,7.544,116.23,-15.00,46.95,43.42,0.927,1,,0,0.00,0.00,0.00,116.631,1.276,10.049,-6.29,-21.92,69.18,5.236,1.092,-0.00,1.00,1,0,0,0,0,0,-21.92,-3.60,-5.62,0.2969,0.1039,0.4201,1,5.236,0,0.438,0,swing,swingBottomL,1.000,1,-0.175 0.549 -0.539 0.858 0.108 0.444 0.083 -0.707 0.360 -0.442,116.00,1.38,10.24,-21.91,-6.32,101.53,316,604,852,1024
337,5.6167,swing,swingBottom,122.239,0.627,8.338,38.399,-6.083,-9.097,39.928,38.878,7.388,116.23,-15.00,46.95,43.42,0.929,1,,0,0.00,0.00,0.00,117.269,1.172,9.868,-6.26,-21.71,69.24,5.229,1.092,-0.00,1.00,1,0,0,0,0,0,-21.71,-3.21,-5.63,0.2966,0.1031,0.4190,1,5.229,0,0.440,0,swing,swingBottomL,1.000,1,-0.172 0.550 -0.536 0.857 0.104 0.454 0.079 -0.704 0.354 -0.430,116.63,1.28,10.05,-21.92,-6.29,101.59,312,600,852,1024
338,5.6333,swing,swingBottom,122.881,0.526,8.191,38.581,-6.042,-8.511,39.968,39.051,7.241,116.23,-15.00,46.95,43.42,0.930,1,,0,0.00,0.00,0.00,117.911,1.069,9.697,-6.23,-21.36,69.30,5.222,1.093,-0.00,1.00,1,0,0,0,0,0,-21.36,-2.82,-5.65,0.2962,0.1022,0.4199,1,5.222,0,0.441,0,swing,swingBottomL,1.000,1,-0.170 0.550 -0.533 0.857 0.101 0.462 0.075 -0.701 0.349 -0.418,117.27,1.17,9.87,-21.71,-6.26,101.66,312,600,852,1024
339,5.6500,swing,swingBottom,123.524,0.426,8.054,38.650,-5.983,-7.903,39.901,39.111,7.104,116.23,-15.00,46.95,43.42,0.932,1,,0,0.00,0.00,0.00,118.553,0.966,9.536,-6.20,-21.00,69.36,5.215,1.094,-0.00,1.00,1,0,0,0,0,0,-21.00,-2.45,-5.67,0.2957,0.1014,0.4208,1,5.215,0,0.442,0,swing,swingBottomL,1.000,1,-0.167 0.551 -0.529 0.857 0.098 0.470 0.071 -0.698 0.344 -0.406,117.91,1.07,9.70,-21.36,-6.23,101.72,312,600,856,1024
340,5.6667,swing,swingBottom,124.170,0.327,7.927,38.802,-5.937,-7.311,39.928,39.253,6.977,116.23,-15.00,46.95,43.42,0.934,1,,0,0.00,0.00,0.00,119.199,0.864,9.385,-6.17,-20.64,69.41,5.208,1.094,-0.00,1.00,1,0,0,0,0,0,-20.64,-2.09,-5.68,0.2952,0.1008,0.4217,1,5.208,0,0.444,0,swing,swingBottomL,1.000,1,-0.164 0.552 -0.526 0.856 0.096 0.476 0.067 -0.694 0.341 -0.393,118.55,0.97,9.54,-21.00,-6.20,101.78,312,600,856,1024
341,5.6833,swing,swingBottom,124.818,0.228,7.810,38.939,-5.883,-6.715,39.949,39.381,6.860,116.23,-15.00,46.95,43.42,0.935,1,,0,0.00,0.00,0.00,119.846,0.763,9.243,-6.14,-20.28,69.46,5.201,1.095,-0.00,1.00,1,0,0,0,0,0,-20.28,-1.75,-5.70,0.2947,0.1001,0.4226,1,5.201,0,0.445,0,swing,swingBottomL,1.000,1,-0.162 0.552 -0.522 0.856 0.095 0.481 0.064 -0.689 0.339 -0.380,119.20,0.86,9.38,-20.64,-6.17,101.83,312,600,860,1024
342,5.7000,swing,swingBottom,125.468,0.131,7.703,39.061,-5.826,-6.116,39.963,39.493,6.753,116.23,-15.00,46.95,43.42,0.937,1,,0,0.00,0.00,0.00,120.496,0.662,9.111,-6.10,-19.91,69.51,5.194,1.095,-0.00,1.00,1,0,0,0,0,0,-19.91,-1.42,-5.72,0.2946,0.0993,0.4232,1,5.194,0,0.447,0,swing,swingBottomL,1.000,1,-0.155 0.552 -0.516 0.857 0.097 0.483 0.061 -0.682 0.338 -0.367,119.85,0.76,9.24,-20.28,-6.14,101.88,316,604,856,1020
343,5.7167,swing,swingBottom,126.120,0.034,7.607,39.167,-5.766,-5.514,39.972,39.590,6.657,116.23,-15.00,46.95,43.42,0.938,1,,0,0.00,0.00,0.00,121.148,0.563,8.990,-6.07,-19.55,69.55,5.188,1.095,-0.00,1.00,1,0,0,0,0,0,-19.55,-1.10,-5.73,0.2940,0.0987,0.4239,1,5.188,0,0.448,0,swing,swingBottomL,1.000,1,-0.152 0.552 -0.513 0.857 0.097 0.486 0.057 -0.675 0.337 -0.353,120.50,0.66,9.11,-19.91,-6.10,101.93,316,604,860,1020
344,5.7333,swing,swingBottom,126.772,-0.061,7.520,39.160,-5.690,-4.899,39.874,39.572,6.570,116.23,-15.00,46.95,43.42,0.940,1,,0,0.00,0.00,0.00,121.799,0.464,8.878,-6.03,-19.17,69.60,5.181,1.096,-0.00,1.00,1,0,0,0,0,0,-19.17,-0.79,-5.75,0.2933,0.0982,0.4246,1,5.181,0,0.449,0,swing,swingBottomL,1.000,1,-0.149 0.551 -0.509 0.856 0.099 0.487 0.054 -0.665 0.337 -0.337,121.15,0.56,8.99,-19.55,-6.07,101.98,316,604,860,1020
345,5.7500,swing,swingBottom,127.425,-0.155,7.443,39.236,-5.627,-4.296,39.870,39.638,6.493,116.23,-15.00,46.95,43.42,0.940,1,,0,0.00,0.00,0.00,122.452,0.367,8.776,-6.00,-18.80,69.64,5.175,1.096,-0.00,1.00,1,0,0,0,0,0,-18.80,-0.49,-5.77,0.2924,0.0978,0.4253,1,5.175,0,0.451,0,swing,swingBottomL,1.000,1,-0.145 0.550 -0.505 0.854 0.102 0.488 0.051 -0.655 0.337 -0.321,121.80,0.46,8.88,-19.17,-6.03,102.03,316,604,864,1020
346,5.7667,swing,swingBottom,128.079,-0.248,7.377,39.297,-5.561,-3.692,39.859,39.688,6.427,116.23,-15.00,46.95,43.42,0.941,1,,0,0.00,0.00,0.00,123.106,0.271,8.684,-5.96,-18.42,69.68,5.168,1.096,-0.00,1.00,1,0,0,0,0,0,-18.42,-0.21,-5.78,0.2914,0.0973,0.4259,1,5.168,0,0.452,0,swing,swingBottomL,1.000,1,-0.142 0.549 -0.502 0.852 0.106 0.488 0.047 -0.643 0.338 -0.301,122.45,0.37,8.78,-18.80,-6.00,102.07,320,604,860,1020
347,5.7833,swing,swingBottom,128.735,-0.340,7.320,39.341,-5.493,-3.087,39.843,39.723,6.370,116.23,-15.00,46.95,43.42,0.942,1,,0,0.00,0.00,0.00,123.761,0.175,8.603,-5.92,-18.05,69.72,5.162,1.097,-0.00,1.00,1,0,0,0,0,0,-18.05,0.05,-5.80,0.2901,0.0968,0.4264,1,5.162,0,0.454,0,swing,swingBottomL,1.000,1,-0.139 0.547 -0.498 0.850 0.109 0.487 0.043 -0.630 0.338 -0.281,123.11,0.27,8.68,-18.42,-5.96,102.11,320,604,864,1020
348,5.8000,swing,swingBottom,129.390,-0.431,7.274,39.371,-5.424,-2.482,39.820,39.743,6.324,116.23,-15.00,46.95,43.42,0.942,1,,0,0.00,0.00,0.00,124.417,0.081,8.531,-5.88,-17.67,69.75,5.156,1.097,-0.00,1.00,1,0,0,0,0,0,-17.67,0.31,-5.82,0.2885,0.0963,0.4269,1,5.156,0,0.455,0,swing,swingBottomL,1.000,1,-0.136 0.545 -0.494 0.848 0.115 0.486 0.039 -0.614 0.339 -0.258,123.76,0.18,8.60,-18.05,-5.92,102.15,320,604,864,1020
349,5.8167,swing,swingBottom,130.047,-0.521,7.237,39.385,-5.352,-1.876,39.791,39.747,6.287,116.23,-15.00,46.95,43.42,0.943,1,,0,0.00,0.00,0.00,125.073,-0.012,8.470,-5.84,-17.29,69.79,5.150,1.097,-0.00,1.00,1,0,0,0,0,0,-17.29,0.55,-5.83,0.2868,0.0958,0.4273,1,5.150,0,0.457,0,swing,swingBottomL,1.000,1,-0.132 0.542 -0.491 0.845 0.121 0.484 0.035 -0.598 0.339 -0.233,124.42,0.08,8.53,-17.67,-5.88,102.19,320,604,864,1020
350,5.8333,swing,swingBottom,130.703,-0.609,7.211,39.384,-5.271,-1.272,39.756,39.735,6.261,116.23,-15.00,46.95,43.42,0.943,1,,0,0.00,0.00,0.00,125.729,-0.104,8.418,-5.80,-16.91,69.82,5.144,1.097,-0.00,1.00,1,0,0,0,0,0,-16.91,0.78,-5.85,0.2848,0.0951,0.4275,1,5.144,0,0.458,0,swing,swingBottomL,1.000,1,-0.129 0.539 -0.486 0.842 0.128 0.480 0.030 -0.580 0.338 -0.206,125.07,-0.01,8.47,-17.29,-5.84,102.22,324,604,864,1020
351,5.8500,swing,swingBottom,131.359,-0.696,7.195,39.368,-5.188,-0.670,39.714,39.708,6.245,116.23,-15.00,46.95,43.42,0.943,1,,0,0.00,0.00,0.00,126.384,-0.194,8.377,-5.76,-16.53,69.85,5.138,1.098,-0.00,1.00,1,0,0,0,0,0,-16.53,0.99,-5.87,0.2826,0.0944,0.4277,1,5.138,0,0.459,0,swing,swingBottomL,1.000,1,-0.125 0.535 -0.482 0.838 0.135 0.476 0.024 -0.561 0.337 -0.177,125.73,-0.10,8.42,-16.91,-5.80,102.26,324,604,868,1020
352,5.8667,swing,swingBottom,132.015,-0.782,7.189,39.336,-5.104,-0.069,39.666,39.666,6.239,116.23,-15.00,46.95,43.42,0.943,1,,0,0.00,0.00,0.00,127.040,-0.283,8.346,-5.72,-16.14,69.88,5.132,1.098,-0.00,1.00,1,0,0,0,0,0,-16.14,1.19,-5.88,0.2803,0.0938,0.4278,1,5.132,0,0.461,0,swing,swingBottomL,1.000,1,-0.121 0.531 -0.478 0.834 0.143 0.470 0.019 -0.542 0.335 -0.147,126.38,-0.19,8.38,-16.53,-5.76,102.29,328,600,864,1020
353,5.8833,swing,swingBottom,132.671,-0.866,7.193,39.402,-5.028,0.532,39.725,39.721,6.243,116.23,-15.00,46.95,43.42,0.943,1,,0,0.00,0.00,0.00,127.695,-0.371,8.325,-5.68,-15.76,69.90,5.127,1.098,-0.00,1.00,1,0,0,0,0,0,-15.76,1.38,-5.90,0.2779,0.0931,0.4278,1,5.127,0,0.462,0,swing,swingBottomL,1.000,1,-0.117 0.527 -0.474 0.830 0.152 0.463 0.014 -0.522 0.334 -0.117,127.04,-0.28,8.35,-16.14,-5.72,102.32,328,600,868,1016
354,5.9000,swing,swingBottom,133.330,-0.949,7.207,39.563,-4.964,1.140,39.889,39.873,6.257,116.23,-15.00,46.95,43.42,0.943,1,,0,0.00,0.00,0.00,128.354,-0.458,8.314,-5.63,-15.38,69.93,5.121,1.098,-0.00,1.00,1,0,0,0,0,0,-15.38,1.55,-5.92,0.2755,0.0924,0.4278,1,5.121,0,0.464,0,swing,swingBottomL,1.000,1,-0.114 0.522 -0.469 0.826 0.161 0.456 0.009 -0.503 0.332 -0.087,127.70,-0.37,8.32,-15.76,-5.68,102.35,328,600,868,1016
355,5.9167,swing,swingBottom,133.991,-1.031,7.231,39.708,-4.897,1.754,40.047,40.008,6.281,116.23,-15.00,46.95,43.42,0.944,1,,0,0.00,0.00,0.00,129.015,-0.544,8.312,-5.59,-15.01,69.95,5.116,1.098,-0.00,1.00,1,0,0,0,0,0,-15.01,1.72,-5.93,0.2728,0.0918,0.4278,1,5.116,0,0.465,0,swing,swingBottomL,1.000,1,-0.110 0.517 -0.465 0.821 0.170 0.446 0.004 -0.484 0.330 -0.057,128.35,-0.46,8.31,-15.38,-5.63,102.38,332,600,868,1016
356,5.9333,swing,swingBottom,134.652,-1.112,7.265,39.638,-4.800,2.361,39.997,39.928,6.315,116.23,-15.00,46.95,43.42,0.945,1,,0,0.00,0.00,0.00,129.675,-0.629,8.321,-5.55,-14.64,69.98,5.110,1.098,-0.00,1.00,1,0,0,0,0,0,-14.64,1.86,-5.95,0.2704,0.0911,0.4278,1,5.110,0,0.466,0,swing,swingBottomL,1.000,1,-0.106 0.513 -0.461 0.816 0.179 0.436 -0.001 -0.466 0.327 -0.030,129.01,-0.54,8.31,-15.01,-5.59,102.40,332,596,872,1016
357,5.9500,swing,swingBottom,135.313,-1.191,7.309,39.652,-4.712,2.973,40.042,39.931,6.359,116.23,-15.00,46.95,43.42,0.946,1,,0,0.00,0.00,0.00,130.336,-0.712,8.341,-5.50,-14.28,70.00,5.105,1.099,-0.00,1.00,1,0,0,0,0,0,-14.28,1.99,-5.97,0.2679,0.0905,0.4275,1,5.105,0,0.467,0,swing,swingBottomL,1.000,1,-0.102 0.508 -0.456 0.811 0.189 0.425 -0.006 -0.448 0.324 -0.001,129.68,-0.63,8.32,-14.64,-5.55,102.43,332,596,868,1016
358,5.9667,swing,swingBottom,135.974,-1.269,7.364,39.651,-4.622,3.585,40.080,39.919,6.414,116.23,-15.00,46.95,43.42,0.947,1,,0,0.00,0.00,0.00,130.997,-0.793,8.370,-5.45,-13.93,70.02,5.100,1.099,-0.00,1.00,1,0,0,0,0,0,-13.93,2.11,-5.98,0.2658,0.0905,0.4274,1,5.100,0,0.468,0,swing,swingBottomL,1.000,1,-0.099 0.504 -0.452 0.807 0.199 0.414 -0.010 -0.434 0.322 0.024,130.34,-0.71,8.34,-14.28,-5.50,102.45,336,596,872,1016
359,5.9833,swing,swingBottom,136.634,-1.345,7.429,39.535,-4.515,4.186,40.011,39.791,6.479,116.23,-15.00,46.95,43.42,0.948,1,,0,0.00,0.00,0.00,131.656,-0.874,8.409,-5.40,-13.60,70.04,5.095,1.099,-0.00,1.00,1,0,0,0,0,0,-13.60,2.22,-6.00,0.2636,0.0905,0.4270,1,5.095,0,0.469,0,swing,swingBottomL,1.000,1,-0.095 0.500 -0.448 0.802 0.209 0.403 -0.014 -0.419 0.319 0.050,131.00,-0.79,8.37,-13.93,-5.45,102.47,336,592,872,1016
360,6.0000,swing,swingBottom,137.293,-1.419,7.504,39.502,-4.417,4.795,40.036,39.748,6.554,116.23,-15.00,46.95,43.42,0.948,1,,0,0.00,0.00,0.00,132.315,-0.952,8.459,-5.36,-13.27,70.06,5.090,1.099,-0.00,1.00,1,0,0,0,0,0,-13.27,2.31,-6.02,0.2621,0.0904,0.4267,1,5.090,0,0.469,0,swing,swingBottomL,1.000,1,-0.092 0.497 -0.444 0.799 0.218 0.391 -0.018 -0.408 0.317 0.070,131.66,-0.87,8.41,-13.60,-5.40,102.49,336,592,872,1020
361,6.0167,swing,swingBottom,137.951,-1.491,7.589,39.454,-4.318,5.403,40.056,39.690,6.639,116.23,-15.00,46.95,43.42,0.948,1,,0,0.00,0.00,0.00,132.972,-1.029,8.519,-5.30,-12.96,70.08,5.086,1.099,-0.00,1.00,1,0,0,0,0,0,-12.96,2.39,-6.03,0.2605,0.0904,0.4263,1,5.086,0,0.470,0,swing,swingBottomL,1.000,1,-0.088 0.494 -0.440 0.795 0.228 0.380 -0.021 -0.397 0.315 0.090,132.31,-0.95,8.46,-13.27,-5.36,102.51,336,592,872,1020
362,6.0333,swing,swingBottom,138.607,-1.562,7.684,39.391,-4.211,6.009,40.069,39.615,6.734,116.23,-15.00,46.95,43.42,0.948,1,,0,0.00,0.00,0.00,133.628,-1.104,8.588,-5.25,-12.67,70.10,5.081,1.099,-0.00,1.00,1,0,0,0,0,0,-12.67,2.45,-6.05,0.2598,0.0903,0.4260,1,5.081,0,0.470,0,swing,swingBottomL,1.000,1,-0.085 0.493 -0.436 0.793 0.237 0.369 -0.023 -0.391 0.313 0.103,132.97,-1.03,8.52,-12.96,-5.30,102.53,336,592,872,1020
363,6.0500,swing,swingBottom,139.263,-1.631,7.789,39.312,-4.103,6.613,40.075,39.526,6.839,116.23,-15.00,46.95,43.42,0.948,1,,0,0.00,0.00,0.00,134.283,-1.178,8.668,-5.20,-12.38,70.12,5.077,1.099,-0.00,1.00,1,0,0,0,0,0,-12.38,2.50,-6.07,0.2591,0.0902,0.4255,1,5.077,0,0.470,0,swing,swingBottomL,1.000,1,-0.082 0.491 -0.432 0.790 0.246 0.359 -0.025 -0.385 0.312 0.117,133.63,-1.10,8.59,-12.67,-5.25,102.55,340,592,876,1020
364,6.0667,swing,swingBottom,139.917,-1.698,7.904,39.218,-3.993,7.214,40.075,39.421,6.954,116.23,-15.00,46.95,43.42,0.948,1,,0,0.00,0.00,0.00,134.937,-1.250,8.758,-5.15,-12.10,70.14,5.072,1.099,-0.00,1.00,1,0,0,0,0,0,-12.10,2.54,-6.08,0.2591,0.0903,0.4253,1,5.072,0,0.470,0,swing,swingBottomL,1.000,1,-0.079 0.491 -0.428 0.788 0.254 0.351 -0.026 -0.384 0.312 0.125,134.28,-1.18,8.67,-12.38,-5.20,102.57,340,592,876,1024
365,6.0833,swing,swingBottom,140.569,-1.764,8.029,39.109,-3.877,7.812,40.070,39.301,7.079,116.23,-15.00,46.95,43.42,0.947,1,,0,0.00,0.00,0.00,135.589,-1.320,8.858,-5.09,-11.84,70.15,5.068,1.099,-0.00,1.00,1,0,0,0,0,0,-11.84,2.56,-6.10,0.2591,0.0902,0.4249,1,5.068,0,0.470,0,swing,swingBottomL,1.000,1,-0.076 0.490 -0.425 0.786 0.262 0.344 -0.028 -0.383 0.312 0.133,134.94,-1.25,8.76,-12.10,-5.15,102.59,336,592,876,1024
366,6.1000,swing,swingBottom,141.220,-1.827,8.164,38.985,-3.759,8.407,40.057,39.165,7.214,116.23,-15.00,46.95,43.42,0.947,1,,0,0.00,0.00,0.00,136.239,-1.388,8.969,-5.03,-11.58,70.17,5.064,1.099,-0.00,1.00,1,0,0,0,0,0,-11.58,2.57,-6.12,0.2596,0.0902,0.4246,1,5.064,0,0.470,0,swing,swingBottomL,1.000,1,-0.073 0.491 -0.421 0.785 0.269 0.340 -0.028 -0.385 0.312 0.136,135.59,-1.32,8.86,-11.84,-5.09,102.60,336,592,876,1024
367,6.1167,swing,swingBottom,141.868,-1.888,8.309,38.845,-3.640,8.997,40.039,39.015,7.359,116.23,-15.00,46.95,43.42,0.946,1,,0,0.00,0.00,0.00,136.887,-1.455,9.089,-4.98,-11.34,70.18,5.060,1.099,-0.00,1.00,1,0,0,0,0,0,-11.34,2.57,-6.13,0.2601,0.0902,0.4242,1,5.060,0,0.469,0,swing,swingBottomL,1.000,1,-0.071 0.491 -0.418 0.783 0.276 0.336 -0.029 -0.387 0.313 0.140,136.24,-1.39,8.97,-11.58,-5.03,102.62,336,592,880,1024
368,6.1333,swing,swingBottom,142.514,-1.948,8.464,38.691,-3.515,9.584,40.015,38.850,7.514,116.23,-15.00,46.95,43.42,0.945,1,,0,0.00,0.00,0.00,137.533,-1.519,9.219,-4.92,-11.10,70.19,5.057,1.099,0.00,1.00,1,0,0,0,0,0,-11.10,2.55,-6.15,0.2610,0.0901,0.4238,1,5.057,0,0.469,0,swing,swingBottomL,1.000,1,-0.068 0.492 -0.415 0.782 0.281 0.335 -0.029 -0.391 0.314 0.139,136.89,-1.45,9.09,-11.34,-4.98,102.64,336,592,880,1028
369,6.1500,swing,swingBottom,143.158,-2.005,8.628,38.522,-3.388,10.165,39.984,38.671,7.678,116.23,-15.00,46.95,43.42,0.944,1,,0,0.00,0.00,0.00,138.176,-1.582,9.359,-4.86,-10.88,70.21,5.053,1.099,0.00,1.00,1,0,0,0,0,0,-10.88,2.52,-6.17,0.2619,0.0901,0.4233,1,5.053,0,0.468,0,swing,swingBottomL,1.000,1,-0.066 0.493 -0.412 0.781 0.287 0.334 -0.029 -0.395 0.315 0.139,137.53,-1.52,9.22,-11.10,-4.92,102.65,336,592,884,1028
370,6.1667,swing,swingBottom,143.800,-2.060,8.803,38.434,-3.268,10.769,40.048,38.573,7.853,116.23,-15.00,46.95,43.42,0.943,1,,0,0.00,0.00,0.00,138.817,-1.642,9.509,-4.80,-10.65,70.22,5.050,1.100,0.00,1.00,1,0,0,0,0,0,-10.65,2.47,-6.18,0.2630,0.0901,0.4228,1,5.050,0,0.467,0,swing,swingBottomL,1.000,1,-0.063 0.495 -0.409 0.780 0.291 0.335 -0.028 -0.402 0.317 0.136,138.18,-1.58,9.36,-10.88,-4.86,102.66,336,592,884,1028
371,6.1833,swing,swingBottom,144.439,-2.113,8.987,38.236,-3.133,11.341,40.005,38.364,8.037,116.23,-15.00,46.95,43.42,0.942,1,,0,0.00,0.00,0.00,139.456,-1.701,9.687,-4.73,-10.65,70.23,5.049,1.100,0.00,1.00,1,0,0,0,0,0,-10.65,2.41,-6.20,0.2635,0.0901,0.4225,1,5.049,0,0.467,0,swing,swingBottomL,1.000,1,-0.061 0.496 -0.406 0.776 0.296 0.338 -0.027 -0.407 0.318 0.135,138.82,-1.64,9.51,-10.65,-4.80,102.68,336,592,884,1028
372,6.2000,swing,swingBottom,145.075,-2.164,9.181,38.118,-3.006,11.938,40.057,38.236,8.231,116.23,-15.00,46.95,43.42,0.941,1,,0,0.00,0.00,0.00,140.092,-1.757,9.881,-4.67,-10.72,70.24,5.049,1.100,0.00,1.00,1,0,0,0,0,0,-10.72,2.34,-6.22,0.2640,0.0901,0.4221,1,5.049,0,0.466,0,swing,swingBottomL,1.000,1,-0.059 0.496 -0.403 0.772 0.301 0.342 -0.027 -0.413 0.320 0.133,139.46,-1.70,9.69,-10.65,-4.73,102.69,332,592,884,1032
373,6.2167,swing,swingBottom,145.709,-2.213,9.385,37.890,-2.869,12.500,40.002,37.999,8.435,116.23,-15.00,46.95,43.42,0.940,1,,0,0.00,0.00,0.00,140.725,-1.812,10.085,-4.60,-10.80,70.25,5.049,1.100,0.00,1.00,1,0,0,0,0,0,-10.80,2.25,-6.23,0.2643,0.0901,0.4217,1,5.049,0,0.465,0,swing,swingBottomL,1.000,1,-0.057 0.497 -0.400 0.768 0.305 0.347 -0.026 -0.419 0.322 0.131,140.09,-1.76,9.88,-10.72,-4.67,102.70,332,592,884,1032
374,6.2333,swing,swingBottom,146.339,-2.259,9.598,37.743,-2.734,13.088,40.041,37.842,8.648,116.23,-15.00,46.95,43.42,0.938,1,,0,0.00,0.00,0.00,141.355,-1.864,10.298,-4.54,-10.87,70.26,5.049,1.100,0.00,1.00,1,0,0,0,0,0,-10.87,2.15,-6.25,0.2646,0.0901,0.4212,1,5.049,0,0.464,0,swing,swingBottomL,1.000,1,-0.055 0.497 -0.397 0.764 0.309 0.353 -0.025 -0.426 0.324 0.127,140.73,-1.81,10.09,-10.80,-4.60,102.71,332,592,888,1032
375,6.2500,swing,swingBottom,146.967,-2.303,9.821,37.581,-2.597,13.672,40.075,37.670,8.871,116.23,-15.00,46.95,43.42,0.937,1,,0,0.00,0.00,0.00,141.983,-1.914,10.521,-4.47,-10.96,70.27,5.049,1.100,0.00,1.00,1,0,0,0,0,0,-10.96,2.03,-6.27,0.2648,0.0902,0.4206,1,5.049,0,0.463,0,swing,swingBottomL,1.000,1,-0.053 0.498 -0.394 0.760 0.313 0.360 -0.024 -0.431 0.325 0.124,141.36,-1.86,10.30,-10.87,-4.54,102.72,332,588,888,1036
376,6.2667,swing,swingHigh,147.591,-2.345,10.053,37.311,-2.453,14.215,40.002,37.391,9.103,116.23,-15.00,46.95,43.42,0.935,1,,0,0.00,0.00,0.00,142.606,-1.961,10.753,-4.40,-11.04,70.28,5.049,1.100,0.00,1.00,1,0,0,0,0,0,-11.04,1.90,-6.28,0.2649,0.0903,0.4200,1,5.049,0,0.462,0,swing,swingBottomL,1.000,1,-0.051 0.499 -0.392 0.755 0.317 0.368 -0.023 -0.437 0.327 0.119,141.98,-1.91,10.52,-10.96,-4.47,102.73,332,588,888,1036
377,6.2833,swing,swingHigh,148.211,-2.385,10.295,37.120,-2.310,14.788,40.024,37.192,9.345,116.23,-15.00,46.95,43.42,0.933,1,,0,0.00,0.00,0.00,143.226,-2.007,10.995,-4.33,-11.13,70.29,5.049,1.100,0.00,1.00,1,0,0,0,0,0,-11.13,1.76,-6.30,0.2649,0.0904,0.4193,1,5.049,0,0.461,0,swing,swingBottomL,1.000,1,-0.049 0.499 -0.389 0.751 0.321 0.376 -0.022 -0.442 0.329 0.115,142.61,-1.96,10.75,-11.04,-4.40,102.74,328,588,888,1036
378,6.3000,swing,swingHigh,148.828,-2.422,10.546,36.915,-2.166,15.355,40.040,36.978,9.596,116.23,-15.00,46.95,43.42,0.931,1,,0,0.00,0.00,0.00,143.842,-2.050,11.246,-4.26,-11.22,70.30,5.049,1.100,0.00,1.00,1,0,0,0,0,0,-11.22,1.60,-6.32,0.2647,0.0905,0.4184,1,5.049,0,0.460,0,swing,swingBottomL,1.000,1,-0.047 0.500 -0.387 0.746 0.324 0.385 -0.021 -0.446 0.331 0.110,143.23,-2.01,11.00,-11.13,-4.33,102.75,328,588,896,1036
379,6.3167,swing,swingHigh,149.442,-2.456,10.807,36.695,-2.020,15.918,40.050,36.751,9.857,116.23,-15.00,46.95,43.42,0.930,1,,0,0.00,0.00,0.00,144.455,-2.091,11.507,-4.19,-11.32,70.31,5.049,1.100,0.00,1.00,1,0,0,0,0,0,-11.32,1.43,-6.33,0.2643,0.0907,0.4176,1,5.049,0,0.458,0,swing,swingBottomL,1.000,1,-0.045 0.500 -0.384 0.741 0.328 0.395 -0.019 -0.450 0.333 0.106,143.84,-2.05,11.25,-11.22,-4.26,102.76,328,584,892,1040
380,6.3333,swing,swingHigh,150.052,-2.488,11.077,36.461,-1.871,16.474,40.054,36.509,10.127,116.23,-15.00,46.95,43.42,0.928,1,,0,0.00,0.00,0.00,145.064,-2.129,11.777,-4.12,-11.42,70.32,5.049,1.100,0.00,1.00,1,0,0,0,0,0,-11.42,1.25,-6.35,0.2638,0.0909,0.4166,1,5.049,0,0.457,0,swing,swingBottomL,1.000,1,-0.044 0.501 -0.382 0.736 0.332 0.404 -0.018 -0.452 0.335 0.102,144.46,-2.09,11.51,-11.32,-4.19,102.77,328,584,896,1040
381,6.3500,swing,swingHigh,150.657,-2.518,11.356,36.214,-1.720,17.023,40.052,36.255,10.406,116.23,-15.00,46.95,43.42,0.926,1,,0,0.00,0.00,0.00,145.670,-2.165,12.056,-4.04,-11.52,70.32,5.049,1.100,0.00,1.00,1,0,0,0,0,0,-11.52,1.05,-6.37,0.2631,0.0911,0.4156,1,5.049,0,0.456,0,swing,swingBottomL,1.000,1,-0.042 0.501 -0.380 0.731 0.335 0.414 -0.017 -0.454 0.336 0.098,145.06,-2.13,11.78,-11.42,-4.12,102.78,328,584,896,1044
382,6.3667,swing,swingHigh,151.259,-2.545,11.644,35.952,-1.568,17.566,40.045,35.987,10.694,116.23,-15.00,46.95,43.42,0.924,1,,0,0.00,0.00,0.00,146.271,-2.199,12.344,-3.97,-11.62,70.33,5.049,1.100,0.00,1.00,1,0,0,0,0,0,-11.62,0.84,-6.38,0.2623,0.0913,0.4145,1,5.049,0,0.455,0,swing,swingBottomL,1.000,1,-0.041 0.501 -0.378 0.725 0.339 0.424 -0.015 -0.455 0.338 0.095,145.67,-2.17,12.06,-11.52,-4.04,102.78,328,580,896,1044
383,6.3833,swing,swingHigh,151.856,-2.569,11.941,35.677,-1.424,18.103,40.032,35.705,10.991,116.23,-15.00,46.95,43.42,0.922,1,,0,0.00,0.00,0.00,146.867,-2.230,12.641,-3.89,-11.72,70.34,5.049,1.100,0.00,1.00,1,0,0,0,0,0,-11.72,0.61,-6.40,0.2612,0.0916,0.4134,1,5.049,0,0.453,0,swing,swingBottomL,1.000,1,-0.040 0.501 -0.377 0.719 0.342 0.435 -0.013 -0.456 0.341 0.093,146.27,-2.20,12.34,-11.62,-3.97,102.79,324,580,896,1044
384,6.4000,swing,swingHigh,152.448,-2.592,12.247,35.388,-1.279,18.632,40.014,35.411,11.297,116.23,-15.00,46.95,43.42,0.919,1,,0,0.00,0.00,0.00,147.459,-2.259,12.947,-3.82,-11.83,70.34,5.049,1.100,0.00,1.00,1,0,0,0,0,0,-11.83,0.37,-6.42,0.2599,0.0920,0.4123,1,5.049,0,0.452,0,swing,swingBottomL,1.000,1,-0.040 0.500 -0.376 0.712 0.345 0.445 -0.010 -0.455 0.343 0.092,146.87,-2.23,12.64,-11.72,-3.89,102.80,324,576,896,1048
385,6.4167,swing,swingHigh,153.035,-2.611,12.562,35.086,-1.133,19.153,39.990,35.105,11.612,116.23,-15.00,46.95,43.42,0.917,1,,0,0.00,0.00,0.00,148.046,-2.285,13.262,-3.74,-11.93,70.35,5.049,1.100,0.00,1.00,1,0,0,0,0,0,-11.93,0.12,-6.43,0.2586,0.0922,0.4111,1,5.049,0,0.451,0,swing,swingBottomL,1.000,1,-0.039 0.499 -0.374 0.706 0.348 0.455 -0.009 -0.453 0.344 0.093,147.46,-2.26,12.95,-11.83,-3.82,102.80,324,576,900,1048
386,6.4333,swing,swingHigh,153.617,-2.629,12.886,34.772,-0.985,19.665,39.960,34.786,11.936,116.23,-15.00,46.95,43.42,0.914,1,,0,0.00,0.00,0.00,148.627,-2.309,13.586,-3.67,-12.04,70.35,5.049,1.100,0.00,1.00,1,0,0,0,0,0,-12.04,-0.14,-6.45,0.2573,0.0924,0.4099,1,5.049,0,0.449,0,swing,swingBottomL,1.000,1,-0.038 0.499 -0.372 0.700 0.352 0.463 -0.008 -0.451 0.344 0.095,148.05,-2.29,13.26,-11.93,-3.74,102.81,324,572,900,1048
387,6.4500,swing,swingHigh,154.194,-2.644,13.218,34.446,-0.836,20.169,39.925,34.456,12.268,116.23,-15.00,46.95,43.42,0.911,1,,0,0.00,0.00,0.00,149.204,-2.330,13.918,-3.59,-12.15,70.36,5.049,1.100,0.00,1.00,1,0,0,0,0,0,-12.15,-0.42,-6.47,0.2559,0.0926,0.4086,1,5.049,0,0.448,0,swing,swingHighL,1.000,1,-0.036 0.498 -0.370 0.693 0.355 0.472 -0.007 -0.449 0.345 0.096,148.63,-2.31,13.59,-12.04,-3.67,102.81,324,572,900,1048
388,6.4667,swing,swingHigh,154.765,-2.656,13.558,34.108,-0.688,20.664,39.885,34.115,12.608,116.23,-15.00,46.95,43.42,0.908,1,,0,0.00,0.00,0.00,149.774,-2.349,14.258,-3.52,-12.26,70.36,5.049,1.100,0.00,1.00,1,0,0,0,0,0,-12.26,-0.71,-6.48,0.2546,0.0928,0.4073,1,5.049,0,0.447,0,swing,swingHighL,1.000,1,-0.035 0.497 -0.368 0.687 0.358 0.480 -0.006 -0.447 0.345 0.098,149.20,-2.33,13.92,-12.15,-3.59,102.82,324,568,900,1052
389,6.4833,swing,swingHigh,155.330,-2.666,13.906,33.758,-0.537,21.149,39.839,33.762,12.956,116.23,-15.00,46.95,43.42,0.905,1,,0,0.00,0.00,0.00,150.339,-2.366,14.606,-3.44,-12.37,70.37,5.049,1.100,0.00,1.00,1,0,0,0,0,0,-12.37,-1.02,-6.50,0.2532,0.0930,0.4060,1,5.049,0,0.445,0,swing,swingHighL,1.000,1,-0.033 0.496 -0.366 0.680 0.362 0.488 -0.005 -0.444 0.346 0.099,149.77,-2.35,14.26,-12.26,-3.52,102.82,324,564,900,1052
390,6.5000,swing,swingHigh,155.890,-2.673,14.262,33.397,-0.386,21.625,39.789,33.399,13.312,116.23,-15.00,46.95,43.42,0.901,1,,0,0.00,0.00,0.00,150.899,-2.380,14.962,-3.37,-12.48,70.37,5.049,1.100,0.00,1.00,1,0,0,0,0,0,-12.48,-1.33,-6.52,0.2518,0.0932,0.4047,1,5.049,0,0.444,0,swing,swingHighL,1.000,1,-0.032 0.495 -0.364 0.673 0.366 0.496 -0.004 -0.442 0.347 0.098,150.34,-2.37,14.61,-12.37,-3.44,102.83,320,564,904,1052
391,6.5167,swing,swingHigh,156.443,-2.678,14.627,33.025,-0.236,22.091,39.733,33.026,13.677,116.23,-15.00,46.95,43.42,0.897,1,,0,0.00,0.00,0.00,151.451,-2.391,15.327,-3.29,-12.60,70.37,5.049,1.100,0.00,1.00,1,0,0,0,0,0,-12.60,-1.66,-6.53,0.2502,0.0934,0.4034,1,5.049,0,0.443,0,swing,swingHighL,1.000,1,-0.031 0.494 -0.362 0.666 0.370 0.503 -0.003 -0.439 0.348 0.098,150.90,-2.38,14.96,-12.48,-3.37,102.83,320,560,904,1056
392,6.5333,swing,swingHigh,156.990,-2.681,14.998,32.640,-0.128,22.550,39.672,32.640,14.048,116.23,-15.00,46.95,43.42,0.894,1,,0,0.00,0.00,0.00,151.998,-2.400,15.698,-3.22,-12.71,70.38,5.049,1.100,0.00,1.00,1,0,0,0,0,0,-12.71,-2.01,-6.55,0.2482,0.0942,0.4023,1,5.049,0,0.441,0,swing,swingHighL,1.000,1,-0.033 0.493 -0.366 0.658 0.372 0.513 0.003 -0.435 0.353 0.097,151.45,-2.39,15.33,-12.60,-3.29,102.84,320,560,904,1056
393,6.5500,swing,swingHigh,157.531,-2.682,15.378,32.244,-0.021,22.999,39.606,32.244,14.428,116.23,-15.00,46.95,43.42,0.889,1,,0,0.00,0.00,0.00,152.538,-2.407,16.078,-3.15,-12.82,70.38,5.049,1.100,0.00,1.00,1,0,0,0,0,0,-12.82,-2.36,-6.57,0.2460,0.0949,0.4012,1,5.049,0,0.440,0,swing,swingHighL,1.000,1,-0.035 0.492 -0.369 0.650 0.375 0.522 0.009 -0.431 0.357 0.097,152.00,-2.40,15.70,-12.71,-3.22,102.84,320,556,904,1056
394,6.5667,swing,swingHigh,158.065,-2.681,15.765,31.839,0.086,23.437,39.535,31.839,14.815,116.23,-15.00,46.95,43.42,0.885,1,,0,0.00,0.00,0.00,153.072,-2.412,16.465,-3.09,-12.93,70.38,5.049,1.100,0.00,1.00,1,0,0,0,0,0,-12.93,-2.73,-6.58,0.2435,0.0950,0.3994,1,5.049,0,0.438,0,swing,swingHighL,1.000,1,-0.034 0.491 -0.366 0.644 0.379 0.531 0.007 -0.422 0.351 0.099,152.54,-2.41,16.08,-12.82,-3.15,102.84,320,552,904,1056
395,6.5833,swing,swingHigh,158.592,-2.679,16.159,31.425,0.193,23.864,39.460,31.425,15.209,116.23,-15.00,46.95,43.42,0.881,1,,0,0.00,0.00,0.00,153.599,-2.414,16.859,-3.03,-13.05,70.38,5.049,1.100,0.00,1.00,1,0,0,0,0,0,-13.05,-3.11,-6.60,0.2408,0.0951,0.3975,1,5.049,0,0.437,0,swing,swingHighL,1.000,1,-0.033 0.490 -0.364 0.637 0.384 0.540 0.005 -0.413 0.347 0.101,153.07,-2.41,16.46,-12.93,-3.09,102.84,320,548,904,1056
396,6.6000,swing,swingHigh,159.112,-2.675,16.560,31.001,0.299,24.280,39.379,31.003,15.610,116.23,-15.00,46.95,43.42,0.876,1,,0,0.00,0.00,0.00,154.118,-2.415,17.260,-2.98,-13.16,70.38,5.049,1.100,0.00,1.00,1,0,0,0,0,0,-13.16,-3.51,-6.62,0.2380,0.0953,0.3956,1,5.049,0,0.436,0,swing,swingHighL,1.000,1,-0.032 0.490 -0.362 0.630 0.388 0.549 0.003 -0.402 0.342 0.102,153.60,-2.41,16.86,-13.05,-3.03,102.85,320,544,904,1056
397,6.6167,swing,swingHigh,159.624,-2.668,16.967,30.570,0.405,24.685,39.294,30.572,16.017,116.23,-15.00,46.95,43.42,0.871,1,,0,0.00,0.00,0.00,154.631,-2.413,17.667,-2.93,-13.28,70.38,5.049,1.100,0.00,1.00,1,0,0,0,0,0,-13.28,-3.91,-6.63,0.2351,0.0955,0.3937,1,5.049,0,0.434,0,swing,swingHighL,1.000,1,-0.031 0.489 -0.359 0.623 0.392 0.558 0.002 -0.391 0.338 0.103,154.12,-2.41,17.26,-13.16,-2.98,102.85,316,540,904,1060
398,6.6333,swing,swingHigh,160.130,-2.661,17.382,30.130,0.511,25.078,39.204,30.134,16.432,116.23,-15.00,46.95,43.42,0.866,1,,0,0.00,0.00,0.00,155.136,-2.410,18.082,-2.87,-13.39,70.38,5.049,1.100,0.00,1.00,1,0,0,0,0,0,-13.39,-4.33,-6.65,0.2321,0.0957,0.3918,1,5.049,0,0.433,0,swing,swingHighL,1.000,1,-0.030 0.487 -0.357 0.616 0.396 0.567 0.001 -0.378 0.335 0.105,154.63,-2.41,17.67,-13.28,-2.93,102.85,316,540,904,1060
399,6.6500,swing,swingHigh,160.628,-2.651,17.803,29.682,0.616,25.459,39.110,29.689,16.853,116.23,-15.00,46.95,43.42,0.860,1,,0,0.00,0.00,0.00,155.634,-2.405,18.503,-2.82,-13.50,70.38,5.049,1.100,0.00,1.00,1,0,0,0,0,0,-13.50,-4.76,-6.67,0.2290,0.0959,0.3898,1,5.049,0,0.431,0,swing,swingHighL,1.000,1,-0.029 0.486 -0.356 0.609 0.399 0.576 -0.000 -0.365 0.332 0.105,155.14,-2.41,18.08,-13.39,-2.87,102.85,316,536,908,1060
400,6.6667,swing,swingHigh,161.119,-2.640,18.230,29.228,0.721,25.828,39.011,29.237,17.280,116.23,-15.00,46.95,43.42,0.855,1,,0,0.00,0.00,0.00,156.125,-2.398,18.930,-2.77,-13.62,70.38,5.049,1.100,0.00,1.00,1,0,0,0,0,0,-13.62,-5.20,-6.68,0.2258,0.0961,0.3878,1,5.049,0,0.430,0,swing,swingHighL,1.000,1,-0.029 0.484 -0.354 0.601 0.403 0.585 -0.001 -0.352 0.329 0.107,155.63,-2.41,18.50,-13.50,-2.82,102.84,316,532,908,1060
401,6.6833,swing,swingHigh,161.602,-2.627,18.663,28.766,0.825,26.185,38.908,28.778,17.713,116.23,-15.00,46.95,43.42,0.849,1,,0,0.00,0.00,0.00,156.607,-2.390,19.363,-2.72,-13.73,70.38,5.049,1.100,0.00,1.00,1,0,0,0,0,0,-13.73,-5.65,-6.70,0.2225,0.0963,0.3859,1,5.049,0,0.428,0,swing,swingHighL,1.000,1,-0.028 0.482 -0.352 0.594 0.405 0.593 -0.001 -0.338 0.327 0.109,156.12,-2.40,18.93,-13.62,-2.77,102.84,316,528,908,1060
402,6.7000,swing,swingHigh,162.077,-2.612,19.102,28.298,0.928,26.530,38.801,28.314,18.152,116.23,-15.00,46.95,43.42,0.843,1,,0,0.00,0.00,0.00,157.082,-2.380,19.802,-2.66,-13.85,70.37,5.049,1.100,0.00,1.00,1,0,0,0,0,0,-13.85,-6.11,-6.72,0.2193,0.0965,0.3839,1,5.049,0,0.427,0,swing,swingHighL,1.000,1,-0.028 0.479 -0.351 0.586 0.408 0.601 -0.001 -0.323 0.325 0.112,156.61,-2.39,19.36,-13.73,-2.72,102.84,316,524,908,1060
403,6.7167,swing,swingHigh,162.544,-2.596,19.547,27.824,1.031,26.863,38.689,27.844,18.597,116.23,-15.00,46.95,43.42,0.837,1,,0,0.00,0.00,0.00,157.550,-2.368,20.247,-2.61,-13.96,70.37,5.049,1.100,0.00,1.00,1,0,0,0,0,0,-13.96,-6.59,-6.73,0.2160,0.0966,0.3820,1,5.049,0,0.426,0,swing,swingHighL,1.000,1,-0.028 0.477 -0.350 0.578 0.411 0.608 -0.001 -0.309 0.324 0.115,157.08,-2.38,19.80,-13.85,-2.66,102.84,316,520,908,1064
404,6.7333,swing,swingHigh,163.004,-2.577,19.997,27.345,1.133,27.183,38.574,27.368,19.047,116.23,-15.00,46.95,43.42,0.831,1,,0,0.00,0.00,0.00,158.009,-2.354,20.697,-2.56,-14.07,70.36,5.049,1.100,0.00,1.00,1,0,0,0,0,0,-14.07,-7.07,-6.75,0.2128,0.0968,0.3801,1,5.049,0,0.424,0,swing,swingHighL,1.000,1,-0.027 0.474 -0.348 0.569 0.413 0.614 -0.001 -0.294 0.323 0.120,157.55,-2.37,20.25,-13.96,-2.61,102.83,316,516,908,1064
405,6.7500,swing,swingHigh,163.455,-2.557,20.452,26.862,1.234,27.492,38.456,26.890,19.502,116.23,-15.00,46.95,43.42,0.825,1,,0,0.00,0.00,0.00,158.460,-2.339,21.152,-2.51,-14.19,70.36,5.049,1.100,0.00,1.00,1,0,0,0,0,0,-14.19,-7.57,-6.77,0.2096,0.0969,0.3783,1,5.049,0,0.423,0,swing,swingHighL,1.000,1,-0.027 0.470 -0.347 0.560 0.415 0.620 -0.000 -0.280 0.323 0.125,158.01,-2.35,20.70,-14.07,-2.56,102.83,316,516,908,1064
406,6.7667,swing,swingHigh,163.898,-2.536,20.912,26.374,1.334,27.789,38.335,26.407,19.962,116.23,-15.00,46.95,43.42,0.818,1,,0,0.00,0.00,0.00,158.903,-2.322,21.612,-2.46,-14.30,70.35,5.049,1.100,0.00,1.00,1,0,0,0,0,0,-14.30,-8.07,-6.78,0.2065,0.0971,0.3765,1,5.049,0,0.421,0,swing,swingHighL,1.000,1,-0.027 0.466 -0.346 0.551 0.417 0.623 0.001 -0.265 0.323 0.132,158.46,-2.34,21.15,-14.19,-2.51,102.82,316,512,908,1064
407,6.7833,swing,swingHigh,164.334,-2.513,21.378,25.881,1.434,28.073,38.210,25.921,20.428,116.23,-15.00,46.95,43.42,0.811,1,,0,0.00,0.00,0.00,159.338,-2.303,22.078,-2.41,-14.41,70.34,5.049,1.100,0.00,1.00,1,0,0,0,0,0,-14.41,-8.59,-6.80,0.2035,0.0972,0.3748,1,5.049,0,0.420,0,swing,swingHighL,1.000,1,-0.026 0.462 -0.345 0.542 0.419 0.627 0.002 -0.251 0.324 0.139,158.90,-2.32,21.61,-14.30,-2.46,102.81,316,508,908,1064
408,6.8000,swing,swingHigh,164.760,-2.488,21.847,25.385,1.533,28.345,38.081,25.431,20.897,116.23,-15.00,46.95,43.42,0.804,1,,0,0.00,0.00,0.00,159.765,-2.282,22.547,-2.35,-14.52,70.33,5.049,1.100,0.00,1.00,1,0,0,0,0,0,-14.52,-9.12,-6.82,0.2006,0.0973,0.3733,1,5.049,0,0.418,0,swing,swingHighL,1.000,1,-0.026 0.458 -0.344 0.532 0.421 0.628 0.004 -0.238 0.325 0.149,159.34,-2.30,22.08,-14.41,-2.41,102.80,316,504,908,1064
409,6.8167,swing,swingHigh,165.179,-2.461,22.321,24.885,1.631,28.603,37.948,24.938,21.371,116.23,-15.00,46.95,43.42,0.797,1,,0,0.00,0.00,0.00,160.183,-2.260,23.021,-2.30,-14.63,70.32,5.049,1.100,0.00,1.00,1,0,0,0,0,0,-14.63,-9.65,-6.83,0.1977,0.0975,0.3718,1,5.049,0,0.417,0,swing,swingHighL,1.000,1,-0.026 0.453 -0.343 0.522 0.423 0.629 0.006 -0.226 0.327 0.159,159.76,-2.28,22.55,-14.52,-2.35,102.79,316,504,908,1068
410,6.8333,swing,swingHigh,165.589,-2.433,22.800,24.381,1.728,28.850,37.812,24.443,21.850,116.23,-15.00,46.95,43.42,0.790,1,,0,0.00,0.00,0.00,160.593,-2.237,23.500,-2.25,-14.74,70.31,5.049,1.100,0.00,1.00,1,0,0,0,0,0,-14.74,-10.20,-6.85,0.1950,0.0976,0.3705,1,5.049,0,0.416,0,swing,swingHighL,1.000,1,-0.026 0.447 -0.343 0.512 0.425 0.627 0.008 -0.214 0.329 0.173,160.18,-2.26,23.02,-14.63,-2.30,102.78,316,500,908,1068
411,6.8500,swing,swingHigh,165.991,-2.403,23.282,23.875,1.824,29.083,37.672,23.945,22.332,116.23,-15.00,46.95,43.42,0.783,1,,0,0.00,0.00,0.00,160.995,-2.211,23.982,-2.20,-14.85,70.30,5.049,1.100,0.00,1.00,1,0,0,0,0,0,-14.85,-10.76,-6.87,0.1924,0.0978,0.3693,1,5.049,0,0.414,0,swing,swingHighL,1.000,1,-0.026 0.441 -0.342 0.501 0.426 0.625 0.011 -0.203 0.332 0.186,160.59,-2.24,23.50,-14.74,-2.25,102.77,316,496,908,1068
412,6.8667,swing,swingHigh,166.384,-2.372,23.768,23.367,1.919,29.304,37.529,23.445,22.818,116.23,-15.00,46.95,43.42,0.775,1,,0,0.00,0.00,0.00,161.388,-2.184,24.468,-2.15,-14.94,70.29,5.049,1.100,0.00,1.00,1,0,0,0,0,0,-14.94,-11.32,-6.88,0.1902,0.0979,0.3685,1,5.049,0,0.413,0,swing,swingHighL,1.000,1,-0.025 0.435 -0.341 0.490 0.429 0.621 0.014 -0.195 0.336 0.204,160.99,-2.21,23.98,-14.85,-2.20,102.76,316,496,908,1068
413,6.8833,swing,swingHigh,166.769,-2.339,24.258,22.856,2.012,29.513,37.383,22.945,23.308,116.23,-15.00,46.95,43.42,0.768,1,,0,0.00,0.00,0.00,161.773,-2.156,24.958,-2.10,-15.04,70.27,5.049,1.100,0.00,1.00,1,0,0,0,0,0,-15.04,-11.89,-6.90,0.1881,0.0981,0.3678,1,5.049,0,0.412,0,swing,swingHighL,1.000,1,-0.025 0.428 -0.341 0.479 0.431 0.616 0.017 -0.187 0.340 0.222,161.39,-2.18,24.47,-14.94,-2.15,102.74,316,492,912,1068
414,6.9000,swing,swingHigh,167.145,-2.305,24.751,22.344,2.105,29.709,37.233,22.443,23.801,116.23,-15.00,46.95,43.42,0.760,1,,0,0.00,0.00,0.00,162.149,-2.126,25.451,-2.05,-15.12,70.25,5.049,1.100,0.00,1.00,1,0,0,0,0,0,-15.12,-12.47,-6.92,0.1865,0.0982,0.3675,1,5.049,0,0.411,0,swing,swingHighL,1.000,1,-0.025 0.421 -0.340 0.467 0.433 0.609 0.020 -0.183 0.345 0.245,161.77,-2.16,24.96,-15.04,-2.10,102.73,316,492,912,1068
415,6.9167,swing,swingHigh,167.513,-2.269,25.247,21.831,2.197,29.892,37.080,21.941,24.297,116.23,-15.00,46.95,43.42,0.752,1,,0,0.00,0.00,0.00,162.516,-2.094,25.947,-2.00,-15.20,70.24,5.049,1.100,0.00,1.00,1,0,0,0,0,0,-15.20,-13.06,-6.93,0.1849,0.0985,0.3674,1,5.049,0,0.410,0,swing,swingHighL,1.000,1,-0.024 0.413 -0.340 0.456 0.436 0.601 0.024 -0.180 0.350 0.267,162.15,-2.13,25.45,-15.12,-2.05,102.71,316,492,912,1072
416,6.9333,swing,swingHigh,167.872,-2.231,25.746,21.316,2.288,30.063,36.924,21.439,24.796,116.23,-15.00,46.95,43.42,0.744,1,,0,0.00,0.00,0.00,162.875,-2.061,26.446,-1.95,-15.28,70.22,5.049,1.100,0.00,1.00,1,0,0,0,0,0,-15.28,-13.66,-6.95,0.1838,0.0989,0.3677,1,5.049,0,0.409,0,swing,swingHighL,1.000,1,-0.023 0.405 -0.340 0.443 0.439 0.591 0.026 -0.179 0.356 0.293,162.52,-2.09,25.95,-15.20,-2.00,102.69,316,488,912,1072
417,6.9500,swing,swingHigh,168.223,-2.192,26.248,20.801,2.377,30.222,36.765,20.937,25.298,116.23,-15.00,46.95,43.42,0.736,1,,0,0.00,0.00,0.00,163.226,-2.027,26.948,-1.90,-15.34,70.20,5.049,1.100,0.00,1.00,1,0,0,0,0,0,-15.34,-14.27,-6.97,0.1826,0.0991,0.3681,1,5.049,0,0.408,0,swing,swingHighL,1.000,1,-0.023 0.397 -0.339 0.431 0.441 0.581 0.029 -0.179 0.362 0.318,162.88,-2.06,26.45,-15.28,-1.95,102.68,320,488,912,1072
418,6.9667,swing,swingHigh,168.565,-2.152,26.752,20.286,2.466,30.368,36.604,20.435,25.802,116.23,-15.00,46.95,43.42,0.728,1,,0,0.00,0.00,0.00,163.568,-1.990,27.452,-1.85,-15.41,70.18,5.049,1.100,0.00,1.00,1,0,0,0,0,0,-15.41,-14.88,-6.98,0.1819,0.0993,0.3689,1,5.049,0,0.407,0,swing,swingHighL,1.000,1,-0.022 0.389 -0.339 0.418 0.444 0.569 0.031 -0.182 0.368 0.346,163.23,-2.03,26.95,-15.34,-1.90,102.65,320,488,912,1072
419,6.9833,swing,swingHigh,168.899,-2.110,27.259,19.771,2.553,30.503,36.439,19.935,26.309,116.23,-15.00,46.95,43.42,0.720,1,,0,0.00,0.00,0.00,163.901,-1.953,27.959,-1.80,-15.46,70.16,5.049,1.100,0.00,1.00,1,0,0,0,0,0,-15.46,-15.50,-7.00,0.1810,0.0994,0.3697,1,5.049,0,0.406,0,swing,swingHighL,1.000,1,-0.021 0.380 -0.338 0.406 0.446 0.556 0.033 -0.185 0.374 0.373,163.57,-1.99,27.45,-15.41,-1.85,102.63,320,488,912,1072
420,7.0000,swing,swingHigh,169.223,-2.066,27.768,19.257,2.639,30.625,36.272,19.437,26.818,116.23,-15.00,46.95,43.42,0.712,1,,0,0.00,0.00,0.00,164.227,-1.914,28.468,-1.75,-15.51,70.13,5.048,1.100,0.00,1.00,1,0,0,0,0,0,-15.51,-16.12,-7.02,0.1805,0.0994,0.3708,1,5.048,0,0.406,0,swing,swingHighL,1.000,1,-0.020 0.372 -0.338 0.393 0.448 0.543 0.034 -0.189 0.380 0.400,163.90,-1.95,27.96,-15.46,-1.80,102.61,320,488,916,1076
421,7.0167,swing,swingHigh,169.540,-2.021,28.279,18.743,2.724,30.735,36.102,18.940,27.329,116.23,-15.00,46.95,43.42,0.703,1,,0,0.00,0.00,0.00,164.551,-1.874,28.979,-1.70,-15.57,70.11,5.040,1.100,0.00,1.00,1,0,0,0,0,0,-15.57,-16.76,-7.03,0.1800,0.0995,0.3719,1,5.040,0,0.405,0,swing,swingHighL,1.000,1,-0.019 0.363 -0.337 0.379 0.449 0.529 0.035 -0.193 0.386 0.427,164.23,-1.91,28.47,-15.51,-1.75,102.58,324,488,916,1076
422,7.0333,swing,swingHigh,169.847,-1.975,28.791,18.231,2.808,30.834,35.930,18.445,27.841,116.23,-15.00,46.95,43.42,0.695,1,,0,0.00,0.00,0.00,164.872,-1.832,29.491,-1.65,-15.63,70.08,5.026,1.100,0.00,1.00,1,0,0,0,0,0,-15.63,-17.40,-7.05,0.1798,0.0996,0.3731,1,5.026,0,0.405,0,swing,swingHighL,1.000,1,-0.018 0.353 -0.337 0.366 0.450 0.515 0.034 -0.197 0.392 0.453,164.55,-1.87,28.98,-15.57,-1.70,102.56,324,488,916,1076
423,7.0500,swing,swingHigh,170.147,-1.928,29.305,17.719,2.890,30.921,35.755,17.954,28.355,116.23,-15.00,46.95,43.42,0.686,1,,0,0.00,0.00,0.00,165.190,-1.789,30.005,-1.60,-15.70,70.05,5.008,1.100,0.00,1.00,1,0,0,0,0,0,-15.70,-18.04,-7.07,0.1795,0.0999,0.3743,1,5.008,0,0.404,0,swing,swingHighL,1.000,1,-0.017 0.344 -0.337 0.352 0.450 0.501 0.034 -0.200 0.399 0.478,164.87,-1.83,29.49,-15.63,-1.65,102.53,328,488,916,1076
424,7.0667,swing,swingHigh,170.437,-1.879,29.820,17.210,2.972,30.997,35.578,17.465,28.870,116.23,-15.00,46.95,43.42,0.678,1,,0,0.00,0.00,0.00,165.503,-1.745,30.520,-1.55,-15.76,70.02,4.986,1.100,0.00,1.00,1,0,0,0,0,0,-15.76,-18.69,-7.08,0.1794,0.1001,0.3756,1,4.986,0,0.404,0,swing,swingHighL,1.000,1,-0.016 0.335 -0.336 0.338 0.450 0.487 0.032 -0.203 0.405 0.501,165.19,-1.79,30.01,-15.70,-1.60,102.50,328,492,916,1076
425,7.0833,swing,swingHigh,170.720,-1.828,30.337,16.703,3.052,31.061,35.399,16.980,29.387,116.23,-15.00,46.95,43.42,0.669,1,,0,0.00,0.00,0.00,165.810,-1.700,31.037,-1.50,-15.83,69.99,4.961,1.100,0.00,1.00,1,0,0,0,0,0,-15.83,-19.35,-7.10,0.1791,0.1004,0.3768,1,4.961,0,0.403,0,swing,swingHighL,1.000,1,-0.015 0.326 -0.336 0.325 0.449 0.474 0.031 -0.206 0.411 0.523,165.50,-1.75,30.52,-15.76,-1.55,102.47,328,492,916,1080
426,7.1000,swing,swingHigh,170.993,-1.776,30.854,16.198,3.131,31.114,35.218,16.498,29.904,116.23,-15.00,46.95,43.42,0.660,1,,0,0.00,0.00,0.00,166.111,-1.653,31.554,-1.45,-15.90,69.95,4.934,1.100,0.00,1.00,1,0,0,0,0,0,-15.90,-20.01,-7.12,0.1787,0.1007,0.3780,1,4.934,0,0.403,0,swing,swingHighL,1.000,1,-0.015 0.317 -0.336 0.311 0.447 0.460 0.029 -0.207 0.417 0.541,165.81,-1.70,31.04,-15.83,-1.50,102.44,332,492,920,1080
427,7.1167,swing,swingHigh,171.259,-1.724,31.373,15.696,3.209,31.157,35.034,16.021,30.423,116.23,-15.00,46.95,43.42,0.651,1,,0,0.00,0.00,0.00,166.404,-1.605,32.073,-1.40,-15.96,69.92,4.906,1.100,0.00,1.00,1,0,0,0,0,0,-15.96,-20.68,-7.13,0.1782,0.1010,0.3792,1,4.906,0,0.403,0,swing,swingHighL,1.000,1,-0.014 0.308 -0.335 0.298 0.445 0.448 0.026 -0.208 0.423 0.559,166.11,-1.65,31.55,-15.90,-1.45,102.40,332,496,916,1080
428,7.1333,swing,swingHigh,171.516,-1.669,31.891,15.197,3.304,31.186,34.849,15.553,30.941,116.23,-15.00,46.95,43.42,0.642,1,,0,0.00,0.00,0.00,166.691,-1.556,32.591,-1.35,-16.03,69.88,4.877,1.100,0.00,1.00,1,0,0,0,0,0,-16.03,-21.35,-7.15,0.1776,0.1012,0.3804,1,4.877,0,0.402,0,swing,swingHighL,1.000,1,-0.011 0.300 -0.333 0.285 0.444 0.436 0.022 -0.208 0.428 0.572,166.40,-1.60,32.07,-15.96,-1.40,102.36,336,496,920,1080
429,7.1500,swing,swingHigh,171.765,-1.613,32.411,14.702,3.399,31.204,34.661,15.090,31.461,116.23,-15.00,46.95,43.42,0.633,1,,0,0.00,0.00,0.00,166.969,-1.505,33.111,-1.29,-16.10,69.84,4.848,1.099,0.00,1.00,1,0,0,0,0,0,-16.10,-22.02,-7.17,0.1768,0.1014,0.3816,1,4.848,0,0.402,0,swing,swingHighL,1.000,1,-0.009 0.291 -0.330 0.272 0.442 0.424 0.019 -0.207 0.434 0.584,166.69,-1.56,32.59,-16.03,-1.35,102.33,332,496,920,1084
430,7.1667,swing,swingHigh,172.005,-1.555,32.930,14.210,3.492,31.213,34.472,14.633,31.980,116.23,-15.00,46.95,43.42,0.624,1,,0,0.00,0.00,0.00,167.240,-1.452,33.630,-1.24,-16.16,69.80,4.818,1.099,0.00,1.00,1,0,0,0,0,0,-16.16,-22.70,-7.18,0.1763,0.1018,0.3829,1,4.818,0,0.402,0,swing,swingHighL,1.000,1,-0.009 0.282 -0.330 0.259 0.438 0.413 0.017 -0.209 0.446 0.586,166.97,-1.50,33.11,-16.10,-1.29,102.29,332,496,920,1084
431,7.1833,swing,swingHigh,172.238,-1.496,33.449,13.722,3.579,31.211,34.282,14.181,32.499,116.23,-15.00,46.95,43.42,0.615,1,,0,0.00,0.00,0.00,167.502,-1.399,34.149,-1.18,-16.22,69.76,4.788,1.099,0.00,1.00,1,0,0,0,0,0,-16.22,-23.39,-7.20,0.1758,0.1024,0.3842,1,4.788,0,0.402,0,swing,swingHighL,1.000,1,-0.009 0.274 -0.331 0.246 0.435 0.403 0.016 -0.210 0.458 0.587,167.24,-1.45,33.63,-16.16,-1.24,102.24,328,496,924,1088
432,7.2000,swing,swingHigh,172.462,-1.436,33.969,13.237,3.665,31.200,34.089,13.735,33.019,116.23,-15.00,46.95,43.42,0.606,1,,0,0.00,0.00,0.00,167.756,-1.344,34.669,-1.12,-16.28,69.72,4.759,1.098,0.00,1.00,1,0,0,0,0,0,-16.28,-24.07,-7.22,0.1753,0.1031,0.3855,1,4.759,0,0.401,0,swing,swingHighL,1.000,1,-0.008 0.266 -0.331 0.235 0.432 0.394 0.015 -0.211 0.471 0.583,167.50,-1.40,34.15,-16.22,-1.18,102.20,328,500,924,1088
433,7.2167,swing,swingHigh,172.679,-1.374,34.488,12.756,3.750,31.178,33.895,13.296,33.538,116.23,-15.00,46.95,43.42,0.597,1,,0,0.00,0.00,0.00,168.003,-1.287,35.188,-1.06,-16.34,69.67,4.729,1.097,0.00,1.00,1,0,0,0,0,0,-16.34,-24.75,-7.23,0.1765,0.1036,0.3858,1,4.729,0,0.401,0,swing,swingHighL,1.000,1,-0.008 0.259 -0.331 0.223 0.430 0.385 0.014 -0.211 0.482 0.580,167.76,-1.34,34.67,-16.28,-1.12,102.16,328,500,924,1092
434,7.2333,air,trick,172.794,-1.340,34.769,13.885,4.082,33.738,36.711,14.473,33.819,0.00,0.00,0.00,0.00,0.000,1,layout,0,0.00,0.00,0.00,168.233,-1.231,35.469,-1.36,-16.61,69.63,4.616,1.097,0.00,1.00,0,0,0,0,0,0,-16.61,-25.38,-7.25,0.1804,0.1257,0.4081,1,4.616,0,0.400,1,swing,swingHighL,1.000,1,-0.054 0.234 -0.422 0.187 0.415 0.358 0.059 -0.194 0.549 0.572,168.00,-1.29,35.19,-16.34,-1.06,102.11,328,500,924,1092
435,7.2500,air,trick,173.026,-1.272,35.326,13.885,4.082,33.338,36.344,14.473,34.376,0.00,0.00,0.00,0.00,0.000,1,layout,0,0.00,0.00,0.00,168.451,-1.177,36.026,-1.19,-16.74,69.59,4.629,1.096,0.00,1.00,0,0,0,0,0,0,-16.74,-25.96,-7.27,0.2068,0.1305,0.3748,1,4.629,0,0.398,0,trick_layout,swingHighL,1.000,3,-0.050 0.299 -0.422 0.316 0.421 0.372 0.055 -0.264 0.579 0.492,168.23,-1.23,35.47,-16.61,-1.36,102.06,352,528,880,1088
436,7.2667,air,trick,173.257,-1.204,35.877,13.885,4.082,32.938,35.977,14.473,34.927,0.00,0.00,0.00,0.00,0.000,1,layout,0,0.00,0.00,0.00,168.665,-1.120,36.577,-1.04,-16.92,69.55,4.646,1.096,0.00,1.00,0,0,0,0,0,0,-16.92,-26.49,-7.28,0.2380,0.1261,0.3625,1,4.646,0,0.396,0,trick_layout,swingHighL,1.000,3,-0.100 0.361 -0.402 0.440 0.426 0.399 0.053 -0.304 0.590 0.417,168.45,-1.18,36.03,-16.74,-1.19,102.02,312,504,856,1064
437,7.2833,air,trick,173.489,-1.136,36.421,13.885,4.082,32.538,35.612,14.473,35.471,0.00,0.00,0.00,0.00,0.000,1,layout,0,0.00,0.00,0.00,168.881,-1.062,37.121,-0.92,-17.15,69.52,4.661,1.095,0.00,1.00,0,0,0,0,0,0,-17.15,-26.97,-7.30,0.2433,0.1251,0.3580,1,4.661,0,0.392,0,trick_layout,swingHighL,1.000,3,-0.087 0.403 -0.399 0.464 0.469 0.407 0.061 -0.319 0.591 0.328,168.67,-1.12,36.58,-16.92,-1.04,101.98,296,500,856,1064
438,7.3000,air,trick,173.720,-1.068,36.958,13.885,4.082,32.138,35.246,14.473,36.008,0.00,0.00,0.00,0.00,0.000,1,layout,0,0.00,0.00,0.00,169.100,-1.001,37.658,-0.83,-17.41,69.48,4.674,1.095,-0.00,1.00,0,0,0,0,0,0,-17.41,-27.40,-7.32,0.2463,0.1330,0.3492,1,4.674,0,0.388,0,trick_layout,swingHighL,1.000,3,-0.072 0.436 -0.412 0.503 0.519 0.416 0.077 -0.305 0.578 0.227,168.88,-1.06,37.12,-17.15,-0.92,101.94,280,496,856,1072
439,7.3167,air,trick,173.951,-0.999,37.489,13.885,4.082,31.738,34.882,14.473,36.539,0.00,0.00,0.00,0.00,0.000,1,layout,0,0.00,0.00,0.00,169.321,-0.939,38.189,-0.75,-17.69,69.45,4.684,1.095,-0.00,1.00,0,0,0,0,0,0,-17.69,-27.79,-7.33,0.2435,0.1450,0.3368,1,4.684,0,0.385,0,trick_layout,releaseFlip,1.000,3,-0.057 0.460 -0.447 0.551 0.563 0.431 0.097 -0.252 0.550 0.131,169.10,-1.00,37.66,-17.41,-0.83,101.91,264,480,852,1084
440,7.3333,air,trick,174.183,-0.931,38.013,13.885,4.082,31.338,34.519,14.473,37.063,0.00,0.00,0.00,0.00,0.000,1,layout,0,0.00,0.00,0.00,169.545,-0.876,38.713,-0.69,-17.97,69.41,4.691,1.095,-0.00,1.00,0,0,0,0,0,0,-17.97,-28.14,-7.35,0.2305,0.1576,0.3227,1,4.691,0,0.381,0,trick_layout,releaseFlip,1.000,3,-0.042 0.478 -0.504 0.600 0.584 0.457 0.115 -0.156 0.508 0.046,169.32,-0.94,38.19,-17.69,-0.75,101.87,256,460,840,1096
441,7.3500,air,trick,174.414,-0.863,38.530,13.885,4.082,30.938,34.156,14.473,37.580,0.00,0.00,0.00,0.00,0.000,1,layout,0,0.00,0.00,0.00,169.771,-0.812,39.230,-0.64,-18.26,69.38,4.696,1.095,-0.00,1.00,0,0,0,0,0,0,-18.26,-28.46,-7.37,0.2050,0.1666,0.3101,1,4.696,0,0.377,0,trick_layout,releaseFlip,1.000,3,-0.029 0.489 -0.572 0.635 0.579 0.487 0.127 -0.026 0.457 -0.016,169.54,-0.88,38.71,-17.97,-0.69,101.83,252,440,828,1104
442,7.3667,air,trick,174.646,-0.795,39.041,13.885,4.082,30.538,33.794,14.473,38.091,0.00,0.00,0.00,0.00,0.000,1,layout,0,0.00,0.00,0.00,169.998,-0.748,39.741,-0.59,-18.55,69.34,4.700,1.094,-0.00,1.00,0,0,0,0,0,0,-18.55,-28.74,-7.38,0.1944,0.1685,0.3138,1,4.700,0,0.373,0,trick_layout,releaseFlip,1.000,3,-0.017 0.496 -0.623 0.646 0.565 0.507 0.130 0.107 0.402 -0.052,169.77,-0.81,39.23,-18.26,-0.64,101.80,256,436,824,1108
443,7.3833,air,trick,174.877,-0.727,39.545,13.885,4.082,30.138,33.433,14.473,38.595,0.00,0.00,0.00,0.00,0.000,1,layout,0,0.00,0.00,0.00,170.227,-0.684,40.245,-0.54,-18.82,69.30,4.703,1.094,-0.00,1.00,0,0,0,0,0,0,-18.82,-29.00,-7.40,0.1984,0.1634,0.3109,1,4.703,0,0.369,0,trick_layout,releaseFlip,1.000,3,-0.008 0.499 -0.629 0.630 0.552 0.513 0.126 0.226 0.351 -0.061,170.00,-0.75,39.74,-18.55,-0.59,101.76,256,436,832,1104
444,7.4000,air,trick,175.109,-0.659,40.042,13.885,4.082,29.738,33.073,14.473,39.092,0.00,0.00,0.00,0.00,0.000,1,layout,0,0.00,0.00,0.00,170.456,-0.620,40.742,-0.49,-19.09,69.26,4.705,1.093,-0.01,1.00,0,0,0,0,0,0,-19.09,-29.24,-7.42,0.2003,0.1533,0.3054,1,4.705,0,0.365,0,trick_layout,releaseFlip,1.000,3,-0.002 0.499 -0.573 0.606 0.558 0.504 0.115 0.308 0.311 -0.050,170.23,-0.68,40.24,-18.82,-0.54,101.72,248,428,852,1108
445,7.4167,air,trick,175.340,-0.591,40.533,13.885,4.082,29.338,32.714,14.473,39.583,0.00,0.00,0.00,0.00,0.000,1,layout,0,0.00,0.00,0.00,170.686,-0.556,41.233,-0.44,-19.33,69.22,4.706,1.092,-0.01,1.00,0,0,0,0,0,0,-19.33,-29.45,-7.43,0.1914,0.1413,0.3027,1,4.706,0,0.362,0,trick_layout,releaseFlip,1.000,3,0.001 0.497 -0.466 0.594 0.591 0.481 0.098 0.339 0.283 -0.026,170.46,-0.62,40.74,-19.09,-0.49,101.68,244,420,880,1108
446,7.4333,air,trick,175.571,-0.523,41.017,13.885,4.082,28.938,32.355,14.473,40.067,0.00,0.00,0.00,0.00,0.000,1,layout,0,0.00,0.00,0.00,170.916,-0.493,41.717,-0.38,-19.56,69.17,4.708,1.090,-0.01,1.00,0,0,0,0,0,0,-19.56,-29.64,-7.45,0.1760,0.1373,0.3013,1,4.708,0,0.359,0,trick_layout,releaseFlip,1.000,3,-0.002 0.490 -0.347 0.596 0.623 0.452 0.081 0.328 0.272 0.008,170.69,-0.56,41.23,-19.33,-0.44,101.63,240,412,888,1116
447,7.4500,air,trick,175.803,-0.455,41.494,13.885,4.082,28.538,31.998,14.473,40.544,0.00,0.00,0.00,0.00,0.000,1,layout,0,0.00,0.00,0.00,171.147,-0.430,42.194,-0.31,-19.78,69.12,4.708,1.088,-0.01,1.00,0,0,0,0,0,0,-19.78,-29.82,-7.47,0.1606,0.1322,0.3001,1,4.708,0,0.356,0,trick_layout,releaseFlip,1.000,3,-0.007 0.482 -0.229 0.585 0.642 0.428 0.064 0.304 0.265 0.041,170.92,-0.49,41.72,-19.56,-0.38,101.58,236,408,896,1116
448,7.4667,air,trick,176.034,-0.387,41.964,13.885,4.082,28.138,31.642,14.473,41.014,0.00,0.00,0.00,0.00,0.000,1,layout,0,0.00,0.00,0.00,171.377,-0.368,42.664,-0.24,-19.97,69.07,4.709,1.085,-0.01,1.00,0,0,0,0,0,0,-19.97,-29.98,-7.48,0.1481,0.1277,0.2985,1,4.709,0,0.353,0,trick_layout,releaseFlip,1.000,3,-0.011 0.472 -0.211 0.585 0.640 0.416 0.047 0.277 0.256 0.067,171.15,-0.43,42.19,-19.78,-0.31,101.53,232,404,900,1108
449,7.4833,air,trick,176.266,-0.319,42.428,13.885,4.082,27.738,31.287,14.473,41.478,0.00,0.00,0.00,0.00,0.000,1,layout,0,0.00,0.00,0.00,171.608,-0.306,43.128,-0.16,-20.14,69.01,4.710,1.082,-0.01,1.00,0,0,0,0,0,0,-20.14,-30.13,-7.50,0.1398,0.1208,0.2956,1,4.710,0,0.351,0,trick_layout,releaseFlip,1.000,3,-0.016 0.460 -0.198 0.585 0.614 0.414 0.030 0.252 0.246 0.092,171.38,-0.37,42.66,-19.97,-0.24,101.47,228,400,900,1096
450,7.5000,air,trick,176.497,-0.251,42.886,13.885,4.082,27.338,30.933,14.473,41.936,0.00,0.00,0.00,0.00,0.000,1,layout,0,0.00,0.00,0.00,171.839,-0.245,43.586,-0.07,-20.29,68.95,4.711,1.078,-0.02,1.00,0,0,0,0,0,0,-20.29,-30.27,-7.52,0.1422,0.1124,0.2924,1,4.711,0,0.349,0,trick_layout,releaseFlip,1.000,3,-0.021 0.447 -0.188 0.583 0.569 0.425 0.016 0.231 0.235 0.109,171.61,-0.31,43.13,-20.14,-0.16,101.41,228,400,900,1084
451,7.5167,air,trick,176.729,-0.183,43.336,13.885,4.082,26.938,30.580,14.473,42.386,0.00,0.00,0.00,0.00,0.000,1,layout,0,0.00,0.00,0.00,172.070,-0.185,44.036,0.02,-20.43,68.88,4.711,1.074,-0.02,1.00,0,0,0,0,0,0,-20.43,-30.40,-7.53,0.1463,0.1033,0.2888,1,4.711,0,0.347,0,trick_layout,releaseFlip,1.000,3,-0.026 0.435 -0.182 0.579 0.511 0.442 0.003 0.212 0.225 0.120,171.84,-0.25,43.59,-20.29,-0.07,101.35,224,396,904,1068
452,7.5333,air,trick,176.960,-0.115,43.780,13.885,4.082,26.538,30.228,14.473,42.830,0.00,0.00,0.00,0.00,0.000,1,layout,0,0.00,0.00,0.00,172.301,-0.125,44.480,0.12,-20.54,68.81,4.712,1.069,-0.02,1.00,0,0,0,0,0,0,-20.54,-30.52,-7.55,0.1499,0.0940,0.2861,1,4.712,0,0.345,0,trick_layout,releaseFlip,1.000,3,-0.032 0.419 -0.181 0.571 0.446 0.458 -0.010 0.193 0.214 0.130,172.07,-0.18,44.04,-20.43,0.02,101.28,224,396,904,1056
453,7.5500,air,trick,177.191,-0.047,44.218,13.885,4.082,26.138,29.877,14.473,43.268,0.00,0.00,0.00,0.00,0.000,1,layout,0,0.00,0.00,0.00,172.531,-0.065,44.918,0.23,-20.63,68.74,4.712,1.064,-0.02,1.00,0,0,0,0,0,0,-20.63,-30.63,-7.57,0.1522,0.0867,0.2844,1,4.712,0,0.343,0,trick_layout,releaseFlip,1.000,3,-0.035 0.409 -0.182 0.562 0.391 0.470 -0.019 0.178 0.205 0.131,172.30,-0.12,44.48,-20.54,0.12,101.21,224,396,904,1044
454,7.5667,air,trick,177.423,0.021,44.648,13.885,4.082,25.738,29.528,14.473,43.698,0.00,0.00,0.00,0.00,0.000,1,layout,0,0.00,0.00,0.00,172.762,-0.007,45.348,0.34,-20.71,68.66,4.713,1.058,-0.03,1.00,0,0,0,0,0,0,-20.71,-30.74,-7.58,0.1537,0.0805,0.2838,1,4.713,0,0.342,0,trick_layout,releaseFlip,1.000,3,-0.037 0.400 -0.186 0.553 0.343 0.474 -0.025 0.166 0.199 0.130,172.53,-0.07,44.92,-20.63,0.23,101.13,224,396,900,1032
455,7.5833,air,trick,177.654,0.089,45.072,13.885,4.082,25.338,29.180,14.473,44.122,0.00,0.00,0.00,0.00,0.000,1,layout,0,0.00,0.00,0.00,172.993,0.052,45.772,0.46,-20.77,68.58,4.714,1.052,-0.03,1.00,0,0,0,0,0,0,-20.77,-30.84,-7.60,0.1544,0.0748,0.2841,1,4.714,0,0.341,0,trick_layout,releaseFlip,1.000,3,-0.040 0.390 -0.192 0.540 0.297 0.472 -0.032 0.154 0.192 0.129,172.76,-0.01,45.35,-20.71,0.34,101.05,224,396,900,1024
456,7.6000,air,trick,177.886,0.157,45.490,13.885,4.082,24.938,28.833,14.473,44.540,0.00,0.00,0.00,0.00,0.000,1,layout,0,0.00,0.00,0.00,173.224,0.110,46.190,0.58,-20.81,68.50,4.714,1.044,-0.03,1.00,0,0,0,0,0,0,-20.81,-30.94,-7.62,0.1544,0.0724,0.2853,1,4.714,0,0.340,0,trick_layout,releaseFlip,1.000,3,-0.041 0.388 -0.197 0.532 0.272 0.468 -0.034 0.149 0.190 0.127,172.99,0.05,45.77,-20.77,0.46,100.96,224,396,900,1024
457,7.6167,air,trick,178.117,0.225,45.900,13.894,4.052,24.538,28.488,14.473,44.950,0.00,0.00,0.00,0.00,0.000,1,layout,1,213.10,15.30,48.67,173.455,0.167,46.600,0.71,-20.84,68.41,4.715,1.037,-0.04,1.00,0,0,0,0,0,0,-20.84,-31.03,-7.63,0.1541,0.0715,0.2871,1,4.715,0,0.340,0,trick_layout,releaseFlip,1.000,3,-0.043 0.390 -0.204 0.525 0.252 0.463 -0.036 0.147 0.190 0.125,173.22,0.11,46.19,-20.81,0.58,100.87,228,396,896,1020
458,7.6333,air,trick,178.349,0.292,46.304,13.907,4.008,24.138,28.144,14.473,45.354,0.00,0.00,0.00,0.00,0.000,1,layout,1,213.10,15.30,48.67,173.686,0.224,47.004,0.83,-20.85,68.31,4.716,1.028,-0.04,1.00,0,0,0,0,0,0,-20.85,-31.12,-7.65,0.1534,0.0706,0.2896,1,4.716,0,0.339,0,trick_layout,releaseFlip,1.000,3,-0.045 0.389 -0.213 0.517 0.232 0.456 -0.037 0.144 0.189 0.124,173.45,0.17,46.60,-20.84,0.71,100.78,228,400,896,1016
459,7.6500,air,trick,178.581,0.358,46.701,13.923,3.951,23.738,27.802,14.473,45.751,0.00,0.00,0.00,0.00,0.000,1,layout,1,213.10,15.30,48.67,173.917,0.280,47.401,0.95,-20.85,68.21,4.717,1.020,-0.04,1.00,0,0,0,0,0,0,-20.85,-31.21,-7.67,0.1528,0.0707,0.2925,1,4.717,0,0.339,0,trick_layout,releaseFlip,1.000,3,-0.045 0.399 -0.217 0.518 0.227 0.459 -0.037 0.143 0.190 0.122,173.69,0.22,47.00,-20.85,0.83,100.68,228,404,896,1016
460,7.6667,air,trick,178.813,0.423,47.092,13.943,3.881,23.338,27.461,14.473,46.142,0.00,0.00,0.00,0.00,0.000,1,layout,1,213.10,15.30,48.67,174.148,0.336,47.792,1.07,-20.84,68.11,4.718,1.010,-0.05,1.00,0,0,0,0,0,0,-20.84,-31.29,-7.68,0.1521,0.0709,0.2958,1,4.718,0,0.339,0,trick_layout,releaseFlip,1.000,3,-0.046 0.408 -0.222 0.519 0.224 0.463 -0.036 0.141 0.190 0.119,173.92,0.28,47.40,-20.85,0.95,100.58,232,404,896,1016
461,7.6833,air,trick,179.046,0.486,47.476,13.966,3.798,22.938,27.122,14.473,46.526,0.00,0.00,0.00,0.00,0.000,1,layout,1,213.10,15.30,48.67,174.379,0.390,48.176,1.18,-20.82,68.01,4.720,1.000,-0.05,1.00,0,0,0,0,0,0,-20.82,-31.37,-7.70,0.1514,0.0711,0.2994,1,4.720,0,0.338,0,trick_layout,releaseFlip,1.000,3,-0.047 0.416 -0.227 0.519 0.220 0.467 -0.036 0.140 0.191 0.117,174.15,0.34,47.79,-20.84,1.07,100.47,236,408,896,1016
462,7.7000,air,trick,179.343,0.566,47.895,17.859,4.723,25.038,31.115,18.473,46.945,0.00,0.00,0.00,0.00,0.000,1,layout,1,213.10,15.30,48.67,174.616,0.445,48.595,1.46,-20.69,67.90,4.780,0.991,-0.05,1.00,0,0,0,0,0,0,-20.69,-31.44,-7.72,0.1485,0.0696,0.3043,1,4.780,0,0.338,0,trick_layout,releaseFlip,1.000,3,-0.038 0.455 -0.219 0.537 0.232 0.492 -0.038 0.110 0.190 0.090,174.38,0.39,48.18,-20.82,1.18,100.35,236,412,900,1020
463,7.7167,air,trick,179.641,0.643,48.307,17.896,4.582,24.638,30.794,18.473,47.357,0.00,0.00,0.00,0.00,0.000,1,layout,1,213.10,15.30,48.67,174.864,0.502,49.007,1.69,-20.59,67.80,4.830,0.984,-0.06,1.00,0,0,0,0,0,0,-20.59,-31.51,-7.73,0.1490,0.0686,0.3114,1,4.830,0,0.338,0,trick_layout,releaseFlip,1.000,3,-0.027 0.495 -0.210 0.549 0.246 0.511 -0.040 0.072 0.188 0.055,174.62,0.45,48.59,-20.69,1.46,100.24,240,416,900,1020
464,7.7333,air,trick,179.940,0.717,48.713,17.936,4.422,24.238,30.475,18.473,47.763,0.00,0.00,0.00,0.00,0.000,1,layout,1,213.10,15.30,48.67,175.123,0.560,49.413,1.87,-20.50,67.71,4.870,0.978,-0.06,1.00,0,0,0,0,0,0,-20.50,-31.56,-7.75,0.1524,0.0681,0.3202,1,4.870,0,0.338,0,trick_layout,releaseFlip,1.000,3,-0.018 0.525 -0.202 0.551 0.258 0.522 -0.042 0.034 0.186 0.020,174.86,0.50,49.01,-20.59,1.69,100.14,248,420,904,1020
465,7.7500,air,trick,180.240,0.789,49.112,17.978,4.246,23.838,30.158,18.473,48.162,0.00,0.00,0.00,0.00,0.000,1,layout,1,213.10,15.30,48.67,175.393,0.619,49.812,2.01,-20.43,67.62,4.900,0.973,-0.06,1.00,0,0,0,0,0,0,-20.43,-31.61,-7.77,0.1551,0.0670,0.3298,1,4.900,0,0.338,0,trick_layout,releaseFlip,1.000,3,-0.007 0.549 -0.193 0.542 0.269 0.522 -0.045 -0.011 0.184 -0.020,175.12,0.56,49.41,-20.50,1.87,100.04,256,432,908,1020
466,7.7667,air,trick,180.540,0.857,49.504,18.023,4.052,23.438,29.843,18.473,48.554,0.00,0.00,0.00,0.00,0.000,1,layout,1,213.10,15.30,48.67,175.670,0.677,50.204,2.11,-20.36,67.53,4.923,0.970,-0.07,1.00,0,0,0,0,0,0,-20.36,-31.65,-7.78,0.1566,0.0661,0.3396,1,4.923,0,0.338,0,trick_layout,releaseFlip,1.000,3,0.003 0.562 -0.184 0.522 0.278 0.510 -0.047 -0.055 0.182 -0.061,175.39,0.62,49.81,-20.43,2.01,99.94,268,444,912,1020
467,7.7833,air,trick,180.841,0.922,49.890,18.070,3.839,23.038,29.530,18.473,48.940,0.00,0.00,0.00,0.00,0.000,1,layout,1,213.10,15.30,48.67,175.955,0.735,50.590,2.19,-20.31,67.45,4.940,0.967,-0.07,1.00,0,0,0,0,0,0,-20.31,-31.70,-7.80,0.1595,0.0653,0.3473,1,4.940,0,0.339,0,trick_layout,releaseFlip,1.000,3,0.009 0.563 -0.178 0.494 0.285 0.491 -0.050 -0.094 0.180 -0.095,175.67,0.68,50.20,-20.36,2.11,99.85,276,452,916,1024
468,7.8000,air,trick,181.143,0.983,50.269,18.117,3.609,22.638,29.219,18.473,49.319,0.00,0.00,0.00,0.00,0.000,1,layout,1,213.10,15.30,48.67,176.244,0.791,50.969,2.24,-20.26,67.37,4.952,0.965,-0.07,1.00,0,0,0,0,0,0,-20.26,-31.74,-7.82,0.1604,0.0646,0.3527,1,4.952,0,0.339,0,trick_layout,releaseFlip,1.000,3,0.010 0.559 -0.178 0.470 0.285 0.475 -0.050 -0.120 0.179 -0.117,175.95,0.73,50.59,-20.31,2.19,99.76,284,460,916,1024
469,7.8167,air,trick,181.445,1.040,50.641,18.165,3.361,22.238,28.910,18.473,49.691,0.00,0.00,0.00,0.00,0.000,1,layout,1,213.10,15.30,48.67,176.536,0.845,51.341,2.27,-20.21,67.29,4.962,0.963,-0.08,1.00,0,0,0,0,0,0,-20.21,-31.79,-7.83,0.1606,0.0640,0.3579,1,4.962,0,0.339,0,trick_layout,releaseFlip,1.000,3,0.010 0.551 -0.178 0.441 0.285 0.456 -0.050 -0.144 0.179 -0.137,176.24,0.79,50.97,-20.26,2.24,99.67,292,468,920,1024
470,7.8333,air,trick,181.748,1.093,51.007,18.212,3.095,21.838,28.603,18.473,50.057,0.00,0.00,0.00,0.00,0.000,1,layout,1,213.10,15.30,48.67,176.832,0.896,51.707,2.29,-20.15,67.21,4.970,0.961,-0.08,1.00,0,0,0,0,0,0,-20.15,-31.83,-7.85,0.1601,0.0635,0.3625,1,4.970,0,0.339,0,trick_layout,releaseFlip,1.000,3,0.010 0.539 -0.178 0.411 0.285 0.435 -0.050 -0.168 0.179 -0.156,176.54,0.84,51.34,-20.21,2.27,99.59,300,472,920,1024
471,7.8500,air,trick,182.053,1.141,51.366,18.258,2.811,21.438,28.299,18.473,50.416,0.00,0.00,0.00,0.00,0.000,1,layout,1,213.10,15.30,48.67,177.130,0.945,52.066,2.28,-20.10,67.13,4.976,0.959,-0.08,1.00,0,0,0,0,0,0,-20.10,-31.88,-7.87,0.1590,0.0630,0.3666,1,4.976,0,0.340,0,trick_layout,releaseFlip,1.000,3,0.009 0.523 -0.178 0.376 0.285 0.410 -0.049 -0.190 0.180 -0.173,176.83,0.90,51.71,-20.15,2.29,99.50,308,476,924,1024
472,7.8667,air,trick,182.357,1.184,51.718,18.302,2.508,21.038,27.997,18.473,50.768,0.00,0.00,0.00,0.00,0.000,1,layout,1,213.10,15.30,48.67,177.430,0.989,52.418,2.26,-20.05,67.04,4.980,0.956,-0.09,1.00,0,0,0,0,0,0,-20.05,-31.93,-7.88,0.1573,0.0625,0.3704,1,4.980,0,0.340,0,trick_layout,releaseFlip,1.000,3,0.009 0.503 -0.177 0.339 0.285 0.383 -0.048 -0.211 0.181 -0.190,177.13,0.94,52.07,-20.10,2.28,99.42,316,480,924,1028
473,7.8833,air,trick,182.663,1.222,52.064,18.343,2.187,20.638,27.698,18.473,51.114,0.00,0.00,0.00,0.00,0.000,1,layout,1,213.10,15.30,48.67,177.732,1.030,52.764,2.22,-19.99,66.96,4.984,0.953,-0.09,1.00,0,0,0,0,0,0,-19.99,-31.98,-7.90,0.1552,0.0621,0.3730,1,4.984,0,0.340,0,trick_layout,releaseFlip,1.000,3,0.007 0.483 -0.178 0.304 0.284 0.358 -0.046 -0.229 0.183 -0.202,177.43,0.99,52.42,-20.05,2.26,99.33,324,480,924,1028
474,7.9000,air,trick,182.969,1.254,52.403,18.380,1.848,20.238,27.401,18.473,51.453,0.00,0.00,0.00,0.00,0.000,1,layout,1,213.10,15.30,48.67,178.034,1.067,53.103,2.17,-19.93,66.88,4.988,0.949,-0.09,1.00,0,0,0,0,0,0,-19.93,-32.03,-7.92,0.1530,0.0617,0.3747,1,4.988,0,0.341,0,trick_layout,releaseFlip,1.000,3,0.004 0.464 -0.179 0.272 0.282 0.337 -0.043 -0.243 0.185 -0.211,177.73,1.03,52.76,-19.99,2.22,99.24,328,484,928,1028
475,7.9167,air,trick,183.276,1.280,52.735,18.413,1.491,19.838,27.107,18.473,51.785,0.00,0.00,0.00,0.00,0.000,1,layout,1,213.10,15.30,48.67,178.338,1.100,53.435,2.09,-19.87,66.80,4.991,0.944,-0.10,1.00,0,0,0,0,0,0,-19.87,-32.09,-7.93,0.1513,0.0613,0.3756,1,4.991,0,0.342,0,trick_layout,releaseFlip,1.000,3,0.001 0.443 -0.179 0.239 0.281 0.314 -0.040 -0.255 0.188 -0.218,178.03,1.07,53.10,-19.93,2.17,99.15,332,484,928,1028
476,7.9333,air,trick,183.583,1.300,53.061,18.439,1.115,19.438,26.816,18.473,52.111,0.00,0.00,0.00,0.00,0.000,1,layout,1,213.10,15.30,48.67,178.643,1.127,53.761,2.01,-19.80,66.71,4.993,0.939,-0.10,1.00,0,0,0,0,0,0,-19.80,-32.14,-7.95,0.1503,0.0610,0.3753,1,4.993,0,0.342,0,trick_layout,releaseFlip,1.000,3,-0.004 0.424 -0.181 0.210 0.278 0.296 -0.036 -0.266 0.191 -0.223,178.34,1.10,53.43,-19.87,2.09,99.06,336,480,928,1028
477,7.9500,air,trick,183.891,1.314,53.379,18.459,0.721,19.038,26.527,18.473,52.429,0.00,0.00,0.00,0.00,0.000,1,layout,1,213.10,15.30,48.67,178.948,1.150,54.079,1.90,-19.74,66.62,4.995,0.933,-0.10,0.99,0,0,0,0,0,0,-19.74,-32.20,-7.97,0.1493,0.0607,0.3745,1,4.995,0,0.343,0,trick_layout,releaseFlip,1.000,3,-0.008 0.406 -0.182 0.183 0.276 0.278 -0.033 -0.274 0.194 -0.227,178.64,1.13,53.76,-19.80,2.01,98.97,336,480,928,1028
478,7.9667,air,trick,184.199,1.321,53.692,18.470,0.309,18.638,26.242,18.473,52.742,0.00,0.00,0.00,0.00,0.000,1,layout,1,213.10,15.30,48.67,179.254,1.167,54.392,1.78,-19.67,66.53,4.996,0.927,-0.11,0.99,0,0,0,0,0,0,-19.67,-32.26,-7.98,0.1480,0.0605,0.3736,1,4.996,0,0.343,0,trick_layout,releaseFlip,1.000,3,-0.012 0.387 -0.183 0.156 0.273 0.260 -0.029 -0.282 0.196 -0.230,178.95,1.15,54.08,-19.74,1.90,98.87,336,480,928,1028
479,7.9833,air,trick,184.506,1.322,53.997,18.473,0.000,18.238,25.959,18.473,53.047,0.00,0.00,0.00,0.00,0.000,1,layout,1,213.10,15.30,48.67,179.561,1.179,54.697,1.65,-19.59,66.44,4.997,0.919,-0.11,0.99,0,0,0,0,0,0,-19.59,-32.31,-8.00,0.1463,0.0604,0.3727,1,4.997,0,0.344,0,trick_layout,releaseFlip,1.000,3,-0.013 0.366 -0.183 0.128 0.273 0.239 -0.028 -0.289 0.198 -0.234,179.25,1.17,54.39,-19.67,1.78,98.78,336,476,928,1028
480,8.0000,air,trick,184.814,1.322,54.296,18.473,0.000,17.838,25.680,18.473,53.346,0.00,0.00,0.00,0.00,0.000,1,layout,1,213.10,15.30,48.67,179.868,1.186,54.996,1.58,-19.52,66.35,4.997,0.912,-0.11,0.99,0,0,0,0,0,0,-19.52,-32.38,-8.02,0.1436,0.0607,0.3722,1,4.997,0,0.345,0,trick_layout,releaseFlip,1.000,3,-0.007 0.343 -0.184 0.104 0.275 0.208 -0.036 -0.295 0.191 -0.244,179.56,1.18,54.70,-19.59,1.65,98.68,336,472,924,1024
481,8.0167,air,trick,185.122,1.322,54.589,18.473,0.000,17.438,25.403,18.473,53.639,0.00,0.00,0.00,0.00,0.000,1,layout,1,213.10,15.30,48.67,180.175,1.188,55.289,1.55,-19.45,66.25,4.998,0.903,-0.11,0.99,0,0,0,0,0,0,-19.45,-32.44,-8.03,0.1406,0.0609,0.3716,1,4.998,0,0.346,0,trick_layout,releaseFlip,1.000,3,-0.003 0.320 -0.186 0.079 0.276 0.176 -0.044 -0.301 0.185 -0.253,179.87,1.19,55.00,-19.52,1.58,98.58,340,472,924,1024
482,8.0333,air,trick,185.430,1.322,54.874,18.473,0.000,17.038,25.130,18.473,53.924,0.00,0.00,0.00,0.00,0.000,1,layout,1,213.10,15.30,48.67,180.483,1.188,55.574,1.55,-19.37,66.15,4.998,0.894,-0.12,0.99,0,0,0,0,0,0,-19.37,-32.50,-8.05,0.1379,0.0612,0.3708,1,4.998,0,0.346,0,trick_layout,releaseFlip,1.000,3,-0.001 0.298 -0.189 0.058 0.275 0.149 -0.050 -0.304 0.179 -0.259,180.18,1.19,55.29,-19.45,1.55,98.47,340,468,924,1024
483,8.0500,air,trick,185.738,1.322,55.153,18.473,0.000,16.638,24.861,18.473,54.203,0.00,0.00,0.00,0.00,0.000,1,layout,1,213.10,15.30,48.67,180.791,1.185,55.853,1.59,-19.29,66.05,4.998,0.885,-0.12,0.99,0,0,0,0,0,0,-19.29,-32.56,-8.07,0.1350,0.0616,0.3700,1,4.998,0,0.347,0,trick_layout,releaseFlip,1.000,3,0.001 0.276 -0.192 0.035 0.274 0.120 -0.056 -0.307 0.174 -0.265,180.48,1.19,55.57,-19.37,1.55,98.37,340,468,920,1020
484,8.0667,air,trick,186.046,1.322,55.426,18.473,0.000,16.238,24.595,18.473,54.476,0.00,0.00,0.00,0.00,0.000,1,layout,1,213.10,15.30,48.67,181.099,1.181,56.126,1.63,-19.21,65.95,4.998,0.875,-0.12,0.99,0,0,0,0,0,0,-19.21,-32.63,-8.08,0.1319,0.0619,0.3694,1,4.998,0,0.348,0,trick_layout,releaseFlip,1.000,3,0.003 0.252 -0.194 0.012 0.273 0.092 -0.061 -0.310 0.170 -0.270,180.79,1.18,55.85,-19.29,1.59,98.26,340,464,920,1020
485,8.0833,air,trick,186.354,1.322,55.691,18.473,0.000,15.838,24.333,18.473,54.741,0.00,0.00,0.00,0.00,0.000,1,layout,1,213.10,15.30,48.67,181.407,1.176,56.391,1.69,-19.13,65.84,4.998,0.864,-0.12,0.99,0,0,0,0,0,0,-19.13,-32.69,-8.10,0.1283,0.0624,0.3691,1,4.998,0,0.349,0,trick_layout,releaseFlip,1.000,3,0.004 0.224 -0.197 -0.015 0.272 0.060 -0.066 -0.310 0.165 -0.273,181.10,1.18,56.13,-19.21,1.63,98.15,340,460,916,1020
486,8.1000,air,trick,186.662,1.322,55.950,18.473,0.000,15.438,24.074,18.473,55.000,0.00,0.00,0.00,0.00,0.000,1,layout,1,213.10,15.30,48.67,181.715,1.170,56.650,1.75,-19.04,65.74,4.998,0.853,-0.12,0.99,0,0,0,0,0,0,-19.04,-32.76,-8.12,0.1242,0.0628,0.3694,1,4.998,0,0.350,0,trick_layout,releaseFlip,1.000,3,0.005 0.194 -0.199 -0.044 0.271 0.026 -0.069 -0.309 0.161 -0.275,181.41,1.18,56.39,-19.13,1.69,98.04,340,460,916,1016
487,8.1167,air,trick,186.969,1.322,56.202,18.473,0.000,15.038,23.820,18.473,55.252,0.00,0.00,0.00,0.00,0.000,1,layout,1,213.10,15.30,48.67,182.023,1.165,56.902,1.82,-18.96,65.63,4.998,0.842,-0.12,0.99,0,0,0,0,0,0,-18.96,-32.82,-8.13,0.1199,0.0633,0.3700,1,4.998,0,0.351,0,trick_layout,releaseFlip,1.000,3,0.007 0.163 -0.201 -0.074 0.270 -0.008 -0.072 -0.308 0.156 -0.276,181.71,1.17,56.65,-19.04,1.75,97.92,344,456,912,1016
488,8.1333,air,trick,187.277,1.322,56.448,18.473,0.000,14.638,23.569,18.473,55.498,0.00,0.00,0.00,0.00,0.000,1,layout,1,213.10,15.30,48.67,182.331,1.160,57.148,1.88,-18.87,65.52,4.998,0.831,-0.12,0.99,0,0,0,0,0,0,-18.87,-32.89,-8.15,0.1188,0.0634,0.3693,1,4.998,0,0.351,0,trick_layout,releaseFlip,1.000,3,0.003 0.159 -0.206 -0.075 0.265 -0.013 -0.076 -0.304 0.154 -0.275,182.02,1.16,56.90,-18.96,1.82,97.80,344,452,912,1016
489,8.1500,air,trick,187.585,1.322,56.687,18.473,0.000,14.238,23.323,18.473,55.737,0.00,0.00,0.00,0.00,0.000,1,layout,1,213.10,15.30,48.67,182.639,1.155,57.387,1.93,-18.78,65.41,4.998,0.819,-0.13,0.99,0,0,0,0,0,0,-18.78,-32.95,-8.17,0.1175,0.0635,0.3691,1,4.998,0,0.352,0,trick_layout,releaseFlip,1.000,3,0.000 0.155 -0.210 -0.077 0.261 -0.019 -0.080 -0.299 0.151 -0.273,182.33,1.16,57.15,-18.87,1.88,97.68,344,452,912,1016
490,8.1667,air,trick,187.893,1.322,56.919,18.473,0.000,13.838,23.081,18.473,55.969,0.00,0.00,0.00,0.00,0.000,1,layout,1,213.10,15.30,48.67,182.947,1.150,57.619,1.98,-18.70,65.29,4.998,0.808,-0.13,0.99,0,0,0,0,0,0,-18.70,-33.02,-8.18,0.1171,0.0636,0.3692,1,4.998,0,0.353,0,trick_layout,releaseFlip,1.000,3,-0.003 0.154 -0.214 -0.075 0.256 -0.020 -0.084 -0.297 0.150 -0.273,182.64,1.15,57.39,-18.78,1.93,97.56,340,452,912,1012
491,8.1833,air,trick,188.201,1.322,57.145,18.473,0.000,13.438,22.844,18.473,56.195,0.00,0.00,0.00,0.00,0.000,1,layout,1,213.10,15.30,48.67,183.255,1.146,57.845,2.03,-18.61,65.18,4.998,0.795,-0.13,0.99,0,0,0,0,0,0,-18.61,-33.09,-8.20,0.1260,0.0638,0.3682,1,4.998,0,0.354,0,trick_layout,releaseFlip,1.000,3,-0.011 0.201 -0.223 -0.024 0.246 0.027 -0.089 -0.312 0.154 -0.285,182.95,1.15,57.62,-18.70,1.98,97.44,336,456,908,1012
492,8.2000,air,trick,188.509,1.322,57.364,18.473,0.000,13.038,22.611,18.473,56.414,0.00,0.00,0.00,0.00,0.000,1,layout,1,213.10,15.30,48.67,183.563,1.143,58.064,2.07,-18.52,65.06,4.998,0.783,-0.13,0.99,0,0,0,0,0,0,-18.52,-33.15,-8.22,0.1346,0.0640,0.3676,1,4.998,0,0.355,0,trick_layout,releaseFlip,1.000,3,-0.017 0.244 -0.231 0.026 0.237 0.074 -0.094 -0.327 0.157 -0.298,183.26,1.15,57.84,-18.61,2.03,97.31,332,460,908,1012
493,8.2167,air,trick,188.817,1.322,57.576,18.473,0.000,12.638,22.382,18.473,56.626,0.00,0.00,0.00,0.00,0.000,1,layout,1,213.10,15.30,48.67,183.871,1.140,58.276,2.10,-18.43,64.95,4.998,0.771,-0.13,0.99,0,0,0,0,0,0,-18.43,-33.22,-8.23,0.1435,0.0647,0.3673,1,4.998,0,0.356,0,trick_layout,releaseFlip,1.000,3,-0.023 0.287 -0.239 0.074 0.230 0.120 -0.100 -0.344 0.162 -0.313,183.56,1.14,58.06,-18.52,2.07,97.18,324,464,908,1012
494,8.2333,air,trick,189.125,1.322,57.782,18.473,0.000,12.238,22.159,18.473,56.832,0.00,0.00,0.00,0.00,0.000,1,layout,1,213.10,15.30,48.67,184.179,1.138,58.482,2.13,-18.34,64.83,4.998,0.759,-0.13,0.99,0,0,0,0,0,0,-18.34,-33.29,-8.25,0.1545,0.0667,0.3677,1,4.998,0,0.357,0,trick_layout,releaseFlip,1.000,3,-0.028 0.335 -0.248 0.121 0.227 0.165 -0.108 -0.370 0.168 -0.334,183.87,1.14,58.28,-18.43,2.10,97.06,320,472,904,1012
495,8.2500,air,trick,189.432,1.322,57.981,18.473,0.000,11.838,21.941,18.473,57.031,0.00,0.00,0.00,0.00,0.000,1,layout,1,213.10,15.30,48.67,184.487,1.137,58.681,2.14,-18.25,64.71,4.998,0.746,-0.13,0.99,0,0,0,0,0,0,-18.25,-33.36,-8.27,0.1648,0.0687,0.3684,1,4.998,0,0.358,0,trick_layout,releaseFlip,1.000,3,-0.032 0.378 -0.257 0.165 0.226 0.207 -0.117 -0.395 0.175 -0.354,184.18,1.14,58.48,-18.34,2.13,96.93,316,476,900,1012
496,8.2667,air,trick,189.740,1.322,58.173,18.473,0.000,11.438,21.727,18.473,57.223,0.00,0.00,0.00,0.00,0.000,1,layout,1,213.10,15.30,48.67,184.795,1.136,58.873,2.16,-18.16,64.59,4.998,0.734,-0.13,0.99,0,0,0,0,0,0,-18.16,-33.43,-8.28,0.1772,0.0711,0.3683,1,4.998,0,0.359,0,trick_layout,releaseFlip,1.000,3,-0.035 0.418 -0.267 0.205 0.227 0.245 -0.128 -0.422 0.183 -0.376,184.49,1.14,58.68,-18.25,2.14,96.79,304,484,900,1016
497,8.2833,air,trick,190.048,1.322,58.359,18.473,0.000,11.038,21.519,18.473,57.409,0.00,0.00,0.00,0.00,0.000,1,layout,1,213.10,15.30,48.67,185.103,1.135,59.059,2.16,-18.07,64.47,4.998,0.721,-0.13,0.99,0,0,0,0,0,0,-18.07,-33.49,-8.30,0.1904,0.0739,0.3684,1,4.998,0,0.360,0,trick_layout,releaseFlip,1.000,3,-0.037 0.457 -0.280 0.237 0.235 0.277 -0.140 -0.451 0.191 -0.398,184.80,1.14,58.87,-18.16,2.16,96.66,296,492,896,1016
498,8.3000,air,trick,190.356,1.322,58.538,18.473,0.000,10.638,21.317,18.473,57.588,0.00,0.00,0.00,0.00,0.000,1,layout,1,213.10,15.30,48.67,185.411,1.135,59.238,2.16,-17.98,64.35,4.998,0.709,-0.13,0.99,0,0,0,0,0,0,-17.98,-33.56,-8.32,0.2027,0.0767,0.3687,1,4.998,0,0.361,0,trick_layout,releaseFlip,1.000,3,-0.038 0.490 -0.294 0.267 0.244 0.306 -0.153 -0.480 0.199 -0.420,185.10,1.14,59.06,-18.07,2.16,96.53,284,496,892,1020
499,8.3167,air,trick,190.664,1.322,58.710,18.473,0.000,10.238,21.120,18.473,57.760,0.00,0.00,0.00,0.00,0.000,1,layout,1,213.10,15.30,48.67,185.719,1.136,59.410,2.15,-17.89,64.22,4.998,0.697,-0.13,0.99,0,0,0,0,0,0,-17.89,-33.63,-8.33,0.2145,0.0798,0.3693,1,4.998,0,0.362,0,trick_layout,releaseFlip,1.000,3,-0.038 0.519 -0.311 0.294 0.258 0.333 -0.168 -0.508 0.207 -0.441,185.41,1.14,59.24,-17.98,2.16,96.40,276,504,888,1020
500,8.3333,air,trick,190.972,1.322,58.876,18.473,0.000,9.838,20.929,18.473,57.926,0.00,0.00,0.00,0.00,0.000,1,layout,1,213.10,15.30,48.67,186.027,1.137,59.576,2.14,-17.80,64.10,4.998,0.684,-0.13,0.99,0,0,0,0,0,0,-17.80,-33.70,-8.35,0.2257,0.0831,0.3702,1,4.998,0,0.363,0,trick_layout,releaseFlip,1.000,3,-0.038 0.543 -0.331 0.317 0.276 0.356 -0.183 -0.537 0.215 -0.460,185.72,1.14,59.41,-17.89,2.15,96.26,268,512,888,1024
501,8.3500,air,trick,191.280,1.322,59.035,18.473,0.000,9.438,20.744,18.473,58.085,0.00,0.00,0.00,0.00,0.000,1,layout,1,213.10,15.30,48.67,186.334,1.138,59.737,2.12,-17.73,63.98,4.998,0.672,-0.13,0.99,0,0,0,0,0,0,-17.73,-33.76,-8.37,0.2360,0.0863,0.3713,1,4.998,0,0.364,0,trick_layout,releaseFlip,1.000,3,-0.037 0.562 -0.353 0.337 0.298 0.377 -0.199 -0.565 0.221 -0.477,186.03,1.14,59.58,-17.80,2.14,96.13,260,516,884,1028
502,8.3667,air,trick,191.588,1.322,59.187,18.473,0.000,9.038,20.565,18.473,58.237,0.00,0.00,0.00,0.00,0.000,1,layout,1,213.10,15.30,48.67,186.642,1.140,59.896,2.10,-17.71,63.86,4.999,0.660,-0.12,0.99,0,0,0,0,0,0,-17.71,-33.83,-8.38,0.2450,0.0895,0.3726,1,4.999,0,0.365,0,trick_layout,releaseFlip,1.000,3,-0.035 0.576 -0.379 0.355 0.323 0.395 -0.214 -0.590 0.226 -0.493,186.33,1.14,59.74,-17.73,2.12,95.99,256,524,880,1028
503,8.3833,air,trick,191.896,1.322,59.333,18.473,0.000,8.638,20.393,18.473,58.383,0.00,0.00,0.00,0.00,0.000,1,layout,1,213.10,15.30,48.67,186.950,1.143,60.051,2.07,-17.74,63.74,5.001,0.648,-0.12,0.99,0,0,0,0,0,0,-17.74,-33.89,-8.40,0.2530,0.0928,0.3740,1,5.001,0,0.366,0,trick_layout,releaseFlip,1.000,3,-0.033 0.585 -0.408 0.369 0.353 0.410 -0.230 -0.614 0.231 -0.507,186.64,1.14,59.90,-17.71,2.10,95.86,252,528,876,1032
504,8.4000,air,trick,192.203,1.322,59.472,18.473,0.000,8.238,20.227,18.473,58.522,0.00,0.00,0.00,0.00,0.000,1,layout,1,213.10,15.30,48.67,187.258,1.145,60.203,2.04,-17.79,63.62,5.003,0.636,-0.12,0.99,0,0,0,0,0,0,-17.79,-33.94,-8.42,0.2600,0.0959,0.3757,1,5.003,0,0.367,0,trick_layout,releaseFlip,1.000,3,-0.030 0.589 -0.439 0.381 0.386 0.423 -0.245 -0.637 0.234 -0.518,186.95,1.14,60.05,-17.74,2.07,95.72,248,536,876,1036
505,8.4167,air,trick,192.511,1.322,59.604,18.473,0.000,7.838,20.067,18.473,58.654,0.00,0.00,0.00,0.00,0.000,1,layout,1,213.10,15.30,48.67,187.565,1.149,60.350,2.00,-17.86,63.49,5.005,0.625,-0.12,0.99,0,0,0,0,0,0,-17.86,-33.99,-8.43,0.2654,0.1009,0.3774,1,5.005,0,0.368,0,trick_layout,releaseFlip,1.000,3,-0.028 0.589 -0.471 0.390 0.420 0.433 -0.259 -0.656 0.237 -0.528,187.26,1.15,60.20,-17.79,2.04,95.59,244,540,872,1040
506,8.4333,air,trick,192.819,1.322,59.729,18.473,0.000,7.438,19.914,18.473,58.779,0.00,0.00,0.00,0.00,0.000,1,layout,1,213.10,15.30,48.67,187.873,1.152,60.490,1.96,-17.94,63.37,5.007,0.614,-0.12,0.99,0,0,0,0,0,0,-17.94,-34.04,-8.45,0.2698,0.1094,0.3792,1,5.007,0,0.369,0,trick_layout,releaseFlip,1.000,3,-0.025 0.587 -0.504 0.396 0.456 0.440 -0.272 -0.672 0.238 -0.538,187.57,1.15,60.35,-17.86,2.00,95.45,244,544,864,1044
507,8.4500,air,trick,193.127,1.322,59.848,18.473,0.000,7.038,19.768,18.473,58.898,0.00,0.00,0.00,0.00,0.000,1,layout,1,213.10,15.30,48.67,188.181,1.156,60.625,1.92,-18.03,63.26,5.010,0.602,-0.12,0.99,0,0,0,0,0,0,-18.03,-34.08,-8.47,0.2735,0.1182,0.3812,1,5.010,0,0.370,0,trick_layout,releaseFlip,1.000,3,-0.023 0.582 -0.538 0.400 0.492 0.445 -0.284 -0.688 0.239 -0.546,187.87,1.15,60.49,-17.94,1.96,95.32,244,548,856,1052
508,8.4667,air,trick,193.435,1.322,59.961,18.473,0.000,6.638,19.629,18.473,59.011,0.00,0.00,0.00,0.00,0.000,1,layout,1,213.10,15.30,48.67,188.489,1.160,60.754,1.87,-18.13,63.14,5.012,0.592,-0.12,0.99,0,0,0,0,0,0,-18.13,-34.12,-8.48,0.2759,0.1268,0.3830,1,5.012,0,0.371,0,trick_layout,releaseFlip,1.000,3,-0.021 0.576 -0.567 0.401 0.525 0.446 -0.294 -0.700 0.240 -0.554,188.18,1.16,60.63,-18.03,1.92,95.19,244,548,848,1060
509,8.4833,air,trick,193.743,1.322,60.066,18.473,0.000,6.238,19.498,18.473,59.116,0.00,0.00,0.00,0.00,0.000,1,layout,1,213.10,15.30,48.67,188.796,1.165,60.876,1.82,-18.22,63.02,5.015,0.581,-0.12,0.99,0,0,0,0,0,0,-18.22,-34.15,-8.50,0.2777,0.1356,0.3848,1,5.015,0,0.372,0,trick_layout,releaseFlip,1.000,3,-0.019 0.569 -0.595 0.401 0.556 0.445 -0.303 -0.710 0.240 -0.561,188.49,1.16,60.75,-18.13,1.87,95.05,244,552,844,1068
510,8.5000,air,trick,194.051,1.322,60.165,18.473,0.000,5.838,19.373,18.473,59.215,0.00,0.00,0.00,0.00,0.000,1,layout,1,213.10,15.30,48.67,189.104,1.169,60.991,1.76,-18.32,62.90,5.018,0.571,-0.12,0.99,0,0,0,0,0,0,-18.32,-34.18,-8.52,0.2793,0.1443,0.3868,1,5.018,0,0.373,0,trick_layout,releaseFlip,1.000,3,-0.017 0.562 -0.622 0.398 0.586 0.442 -0.312 -0.720 0.241 -0.566,188.80,1.16,60.88,-18.22,1.82,94.92,244,556,836,1076
511,8.5167,air,trick,194.359,1.322,60.258,18.473,0.000,5.438,19.257,18.473,59.308,0.00,0.00,0.00,0.00,0.000,1,layout,1,213.10,15.30,48.67,189.412,1.174,61.100,1.71,-18.42,62.79,5.020,0.560,-0.11,0.99,0,0,0,0,0,0,-18.42,-34.20,-8.53,0.2800,0.1513,0.3882,1,5.020,0,0.374,0,trick_layout,releaseFlip,1.000,3,-0.015 0.558 -0.641 0.395 0.609 0.438 -0.317 -0.725 0.241 -0.572,189.10,1.17,60.99,-18.32,1.76,94.79,244,556,832,1080
512,8.5333,air,rise,194.666,1.322,60.343,18.473,0.000,5.038,19.148,18.473,59.393,0.00,0.00,0.00,0.00,0.000,1,,1,213.10,15.30,48.67,189.719,1.180,61.202,1.64,-18.52,62.68,5.023,0.551,-0.11,0.99,0,0,0,0,0,0,-18.52,-34.23,-8.55,0.3094,0.1411,0.3896,1,5.023,0,0.375,0,trick_layout,releaseFlip,1.000,3,-0.315 0.488 -0.732 0.025 0.360 0.678 0.099 -0.801 0.390 -0.377,189.41,1.17,61.10,-18.42,1.71,94.66,248,556,824,1088
513,8.5500,air,rise,194.974,1.322,60.422,18.473,0.000,4.638,19.046,18.473,59.472,0.00,0.00,0.00,0.00,0.000,1,,1,213.10,15.30,48.67,190.027,1.185,61.298,1.58,-18.62,62.56,5.026,0.541,-0.11,0.99,0,0,0,0,0,0,-18.62,-34.25,-8.57,0.3162,0.1462,0.3870,1,5.026,0,0.376,0,air_fallCalm,releaseFlip,1.000,3,-0.328 0.474 -0.752 -0.002 0.352 0.694 0.121 -0.801 0.404 -0.379,189.72,1.18,61.20,-18.52,1.64,94.54,268,572,816,1060
514,8.5667,air,rise,195.282,1.322,60.495,18.473,0.000,4.238,18.953,18.473,59.545,0.00,0.00,0.00,0.00,0.000,1,,1,213.10,15.30,48.67,190.335,1.191,61.387,1.52,-18.72,62.45,5.029,0.532,-0.11,0.99,0,0,0,0,0,0,-18.72,-34.27,-8.58,0.3173,0.1478,0.3861,1,5.029,0,0.377,0,air_fallCalm,releaseFlip,1.000,3,-0.337 0.464 -0.752 -0.014 0.338 0.700 0.137 -0.795 0.416 -0.381,190.03,1.19,61.30,-18.62,1.58,94.41,264,572,816,1064
515,8.5833,air,rise,195.590,1.322,60.560,18.473,0.000,3.838,18.867,18.473,59.610,0.00,0.00,0.00,0.00,0.000,1,,1,213.10,15.30,48.67,190.642,1.196,61.469,1.45,-18.82,62.34,5.032,0.523,-0.11,0.99,0,0,0,0,0,0,-18.82,-34.28,-8.60,0.3177,0.1492,0.3857,1,5.032,0,0.378,0,air_fallCalm,releaseFlip,1.000,3,-0.342 0.455 -0.752 -0.021 0.327 0.702 0.147 -0.788 0.426 -0.385,190.33,1.19,61.39,-18.72,1.52,94.29,264,572,816,1064
516,8.6000,air,rise,195.898,1.322,60.619,18.473,0.000,3.438,18.790,18.473,59.669,0.00,0.00,0.00,0.00,0.000,1,,1,213.10,15.30,48.67,190.950,1.202,61.544,1.38,-18.92,62.24,5.035,0.515,-0.11,0.99,0,0,0,0,0,0,-18.92,-34.29,-8.62,0.3173,0.1504,0.3856,1,5.035,0,0.379,0,air_fallCalm,releaseFlip,1.000,3,-0.343 0.448 -0.750 -0.023 0.322 0.700 0.151 -0.782 0.436 -0.391,190.64,1.20,61.47,-18.82,1.45,94.17,264,572,816,1068
517,8.6167,air,rise,196.206,1.322,60.674,18.473,0.000,3.218,18.751,18.473,59.724,0.00,0.00,0.00,0.00,0.000,1,,1,213.10,15.30,48.67,191.258,1.208,61.614,1.31,-19.00,62.13,5.038,0.507,-0.10,0.99,0,0,0,0,0,0,-19.00,-34.31,-8.63,0.3162,0.1514,0.3859,1,5.038,0,0.380,0,air_fallCalm,releaseFlip,1.000,3,-0.341 0.442 -0.748 -0.020 0.321 0.696 0.149 -0.777 0.444 -0.401,190.95,1.20,61.54,-18.92,1.38,94.05,264,572,816,1072
518,8.6333,air,apex,196.514,1.322,60.725,18.473,0.000,2.998,18.715,18.473,59.775,0.00,0.00,0.00,0.00,0.000,1,,1,213.10,15.30,48.67,191.565,1.215,61.677,1.24,-19.06,62.03,5.040,0.499,-0.10,0.99,0,0,0,0,0,0,-19.06,-34.32,-8.65,0.3145,0.1520,0.3866,1,5.040,0,0.381,0,air_fallCalm,releaseFlip,1.000,3,-0.335 0.438 -0.745 -0.012 0.324 0.687 0.140 -0.771 0.450 -0.413,191.26,1.21,61.61,-19.00,1.31,93.93,264,572,816,1072
519,8.6500,air,apex,196.822,1.322,60.772,18.473,0.000,2.778,18.681,18.473,59.822,0.00,0.00,0.00,0.00,0.000,1,,1,213.10,15.30,48.67,191.873,1.221,61.736,1.17,-19.11,61.93,5.043,0.492,-0.10,0.99,0,0,0,0,0,0,-19.11,-34.32,-8.67,0.3123,0.1524,0.3876,1,5.043,0,0.382,0,air_fallCalm,releaseFlip,1.000,3,-0.325 0.437 -0.741 0.001 0.332 0.677 0.126 -0.767 0.454 -0.427,191.57,1.21,61.68,-19.06,1.24,93.81,268,572,816,1072
520,8.6667,air,apex,197.130,1.322,60.815,18.473,0.000,2.558,18.649,18.473,59.865,0.00,0.00,0.00,0.00,0.000,1,,1,213.10,15.30,48.67,192.181,1.227,61.790,1.10,-19.14,61.83,5.045,0.485,-0.10,1.00,0,0,0,0,0,0,-19.14,-34.33,-8.68,0.3094,0.1524,0.3890,1,5.045,0,0.383,0,air_fallCalm,releaseFlip,1.000,3,-0.312 0.436 -0.736 0.019 0.343 0.663 0.106 -0.762 0.455 -0.445,191.87,1.22,61.74,-19.11,1.17,93.70,268,572,816,1072
521,8.6833,air,apex,197.437,1.322,60.855,18.473,0.000,2.338,18.620,18.473,59.905,0.00,0.00,0.00,0.00,0.000,1,,1,213.10,15.30,48.67,192.489,1.234,61.840,1.02,-19.18,61.74,5.047,0.478,-0.10,1.00,0,0,0,0,0,0,-19.18,-34.34,-8.70,0.3061,0.1519,0.3905,1,5.047,0,0.383,0,air_fallCalm,releaseFlip,1.000,3,-0.294 0.438 -0.730 0.043 0.357 0.646 0.080 -0.758 0.453 -0.465,192.18,1.23,61.79,-19.14,1.10,93.59,272,572,816,1072
522,8.7000,air,apex,197.745,1.322,60.891,18.473,0.000,2.118,18.594,18.473,59.941,0.00,0.00,0.00,0.00,0.000,1,,1,213.10,15.30,48.67,192.796,1.240,61.885,0.95,-19.21,61.64,5.048,0.472,-0.10,1.00,0,0,0,0,0,0,-19.21,-34.34,-8.72,0.3021,0.1508,0.3923,1,5.048,0,0.384,0,air_fallCalm,releaseFlip,1.000,3,-0.274 0.440 -0.723 0.071 0.375 0.626 0.048 -0.753 0.447 -0.486,192.49,1.23,61.84,-19.18,1.02,93.48,276,572,816,1072
523,8.7167,air,apex,198.053,1.322,60.924,18.473,0.000,1.898,18.570,18.473,59.974,0.00,0.00,0.00,0.00,0.000,1,,1,213.10,15.30,48.67,193.104,1.247,61.927,0.87,-19.24,61.55,5.050,0.467,-0.09,1.00,0,0,0,0,0,0,-19.24,-34.35,-8.73,0.2975,0.1490,0.3943,1,5.050,0,0.385,0,air_fallCalm,releaseFlip,1.000,3,-0.250 0.442 -0.714 0.103 0.394 0.604 0.012 -0.747 0.437 -0.510,192.80,1.24,61.89,-19.21,0.95,93.37,280,572,816,1068
524,8.7333,air,apex,198.361,1.322,60.953,18.473,0.000,1.678,18.549,18.473,60.003,0.00,0.00,0.00,0.00,0.000,1,,1,213.10,15.30,48.67,193.412,1.253,61.965,0.79,-19.27,61.46,5.052,0.462,-0.09,1.00,0,0,0,0,0,0,-19.27,-34.35,-8.75,0.2923,0.1464,0.3963,1,5.052,0,0.386,0,air_fallCalm,releaseFlip,1.000,3,-0.223 0.445 -0.703 0.138 0.414 0.578 -0.028 -0.740 0.422 -0.535,193.10,1.25,61.93,-19.24,0.87,93.27,280,572,816,1068
525,8.7500,air,apex,198.669,1.322,60.978,18.473,0.000,1.458,18.530,18.473,60.028,0.00,0.00,0.00,0.00,0.000,1,,1,213.10,15.30,48.67,193.720,1.260,62.000,0.72,-19.31,61.38,5.054,0.457,-0.09,1.00,0,0,0,0,0,0,-19.31,-34.36,-8.77,0.2862,0.1457,0.3985,1,5.054,0,0.387,0,air_fallCalm,fallCalm,1.000,3,-0.193 0.448 -0.689 0.177 0.435 0.549 -0.072 -0.731 0.403 -0.561,193.41,1.25,61.97,-19.27,0.79,93.17,280,568,816,1064
526,8.7667,air,apex,198.977,1.322,61.000,18.473,0.000,1.238,18.514,18.473,60.050,0.00,0.00,0.00,0.00,0.000,1,,1,213.10,15.30,48.67,194.027,1.266,62.031,0.64,-19.34,61.29,5.056,0.452,-0.09,1.00,0,0,0,0,0,0,-19.34,-34.36,-8.78,0.2792,0.1464,0.4007,1,5.056,0,0.388,0,air_fallCalm,fallCalm,1.000,3,-0.161 0.449 -0.672 0.217 0.455 0.518 -0.119 -0.720 0.380 -0.587,193.72,1.26,62.00,-19.31,0.72,93.07,276,568,816,1056
527,8.7833,air,apex,199.285,1.322,61.017,18.473,0.000,1.018,18.501,18.473,60.067,0.00,0.00,0.00,0.00,0.000,1,,1,213.10,15.30,48.67,194.335,1.273,62.058,0.56,-19.38,61.21,5.058,0.448,-0.09,1.00,0,0,0,0,0,0,-19.38,-34.36,-8.80,0.2713,0.1466,0.4030,1,5.058,0,0.389,0,air_fallCalm,fallCalm,1.000,3,-0.128 0.450 -0.651 0.259 0.475 0.484 -0.168 -0.707 0.351 -0.611,194.03,1.27,62.03,-19.34,0.64,92.98,276,568,820,1060
528,8.8000,air,apex,199.593,1.322,61.032,18.473,0.000,0.798,18.490,18.473,60.082,0.00,0.00,0.00,0.00,0.000,1,,1,213.10,15.30,48.67,194.643,1.280,62.081,0.49,-19.42,61.13,5.060,0.445,-0.09,1.00,0,0,0,0,0,0,-19.42,-34.36,-8.82,0.2652,0.1462,0.4053,1,5.060,0,0.389,0,air_fallCalm,fallCalm,1.000,3,-0.092 0.450 -0.628 0.302 0.493 0.449 -0.218 -0.691 0.319 -0.635,194.34,1.27,62.06,-19.38,0.56,92.88,276,564,824,1064
529,8.8167,air,apex,199.900,1.322,61.042,18.473,0.000,0.578,18.482,18.473,60.092,0.00,0.00,0.00,0.00,0.000,1,,0,0.00,0.00,0.00,194.951,1.286,62.101,0.41,-19.46,61.06,5.062,0.441,-0.08,1.00,0,0,0,0,0,0,-19.46,-34.37,-8.83,0.2698,0.1451,0.4081,1,5.062,0,0.390,0,air_fallCalm,fallCalm,1.000,3,-0.056 0.449 -0.601 0.344 0.508 0.411 -0.269 -0.673 0.283 -0.656,194.64,1.28,62.08,-19.42,0.49,92.79,276,568,828,1064
530,8.8333,air,apex,200.208,1.322,61.049,18.473,0.000,0.358,18.476,18.473,60.099,0.00,0.00,0.00,0.00,0.000,0,,0,0.00,0.00,0.00,195.259,1.293,62.117,0.34,-19.51,60.98,5.064,0.438,-0.08,1.00,0,0,0,0,0,0,-19.51,-34.37,-8.85,0.2734,0.1432,0.4108,1,5.064,0,0.391,0,air_fallCalm,fallCalm,1.000,3,-0.020 0.445 -0.572 0.384 0.522 0.372 -0.319 -0.652 0.243 -0.675,194.95,1.29,62.10,-19.46,0.41,92.71,276,576,832,1068
531,8.8500,air,apex,200.516,1.322,61.052,18.473,0.000,0.138,18.473,18.473,60.102,0.00,0.00,0.00,0.00,0.000,0,,0,0.00,0.00,0.00,195.567,1.299,62.129,0.26,-19.55,60.91,5.066,0.435,-0.08,1.00,0,0,0,0,0,0,-19.55,-34.37,-8.87,0.2760,0.1409,0.4133,1,5.066,0,0.391,0,air_fallCalm,fallCalm,1.000,3,0.016 0.441 -0.540 0.422 0.532 0.333 -0.367 -0.630 0.202 -0.691,195.26,1.29,62.12,-19.51,0.34,92.62,276,580,836,1068
532,8.8667,air,apex,200.824,1.322,61.052,18.473,0.000,-0.082,18.473,18.473,60.102,0.00,0.00,0.00,0.00,0.000,0,,0,0.00,0.00,0.00,195.874,1.306,62.138,0.18,-19.60,60.84,5.068,0.433,-0.08,1.00,0,0,0,0,0,0,-19.60,-34.37,-8.88,0.2859,0.1381,0.4115,1,5.068,0,0.392,0,air_fallCalm,fallCalm,1.000,3,0.052 0.435 -0.506 0.458 0.540 0.294 -0.414 -0.605 0.159 -0.704,195.57,1.30,62.13,-19.55,0.26,92.54,280,584,844,1072
533,8.8833,air,apex,201.132,1.322,61.048,18.473,0.000,-0.302,18.475,18.473,60.098,0.00,0.00,0.00,0.00,0.000,0,,0,0.00,0.00,0.00,196.182,1.312,62.143,0.11,-19.64,60.78,5.070,0.430,-0.08,1.00,1,0,0,0,0,0,-19.64,-34.37,-8.90,0.2947,0.1349,0.4096,1,5.070,0,0.393,0,air_fallCalm,fallCalm,1.000,3,0.087 0.428 -0.471 0.491 0.546 0.255 -0.458 -0.579 0.115 -0.713,195.87,1.31,62.14,-19.60,0.18,92.46,280,588,852,1072
534,8.9000,air,apex,201.440,1.322,61.040,18.473,0.000,-0.522,18.480,18.473,60.090,0.00,0.00,0.00,0.00,0.000,0,,0,0.00,0.00,0.00,196.490,1.319,62.144,0.03,-19.69,60.72,5.071,0.428,-0.07,1.00,1,0,0,0,0,0,-19.69,-34.37,-8.92,0.3020,0.1313,0.4079,1,5.071,0,0.393,0,air_reachL,fallCalm,1.000,3,0.119 0.420 -0.436 0.520 0.549 0.218 -0.499 -0.552 0.072 -0.719,196.18,1.31,62.14,-19.64,0.11,92.39,284,588,856,1072
535,8.9167,air,apex,201.748,1.322,61.029,18.473,0.000,-0.742,18.488,18.473,60.079,0.00,0.00,0.00,0.00,0.000,0,,0,0.00,0.00,0.00,196.798,1.325,62.142,-0.04,-19.74,60.65,5.073,0.426,-0.07,1.00,1,0,0,0,0,0,-19.74,-34.37,-8.93,0.3069,0.1347,0.4072,1,5.073,0,0.394,0,air_reachL,fallCalm,1.000,3,0.151 0.413 -0.406 0.542 0.553 0.177 -0.535 -0.527 0.030 -0.726,196.49,1.32,62.14,-19.69,0.03,92.32,288,592,860,1076
536,8.9333,swing,swingLow,202.056,1.322,61.013,2.295,3.477,-18.023,18.498,4.166,60.063,272.00,-15.35,63.51,50.03,0.000,0,,0,0.00,0.00,0.00,197.106,1.331,62.136,-0.11,-19.79,60.60,5.076,0.425,-0.07,1.00,1,0,0,0,0,0,-19.79,-34.37,-8.95,0.2748,0.1292,0.4107,1,5.076,0,0.395,0,air_reachL,fallCalm,1.000,3,0.129 0.575 -0.453 0.441 0.525 0.103 -0.497 -0.661 0.092 -0.597,196.80,1.33,62.14,-19.74,-0.04,92.25,288,592,852,1072
537,8.9500,swing,swingLow,202.096,1.380,60.708,2.461,3.469,-18.406,18.891,4.253,59.758,272.00,-15.35,63.51,50.03,0.028,0,,0,0.00,0.00,0.00,197.391,1.343,62.085,0.45,-22.00,60.54,4.901,0.423,-0.07,1.00,1,0,0,0,0,0,-22.00,-34.37,-8.97,0.2923,0.1303,0.4339,1,4.901,0,0.395,0,swing,fallCalm,1.000,3,0.073 0.587 -0.490 0.323 0.508 0.090 -0.427 -0.689 0.139 -0.520,197.11,1.33,62.14,-19.79,-0.11,92.18,276,580,900,1112
538,8.9667,swing,swingLow,202.138,1.437,60.397,2.633,3.460,-18.787,19.284,4.348,59.447,272.00,-15.35,63.51,50.03,0.052,0,,0,0.00,0.00,0.00,197.633,1.363,61.960,0.94,-22.00,60.49,4.769,0.423,-0.07,1.00,1,0,0,0,0,0,-22.00,-34.37,-8.98,0.2975,0.1279,0.4806,1,4.769,0,0.396,0,swing,fallCalm,1.000,3,0.096 0.565 -0.485 0.336 0.475 -0.001 -0.365 -0.673 0.183 -0.416,197.39,1.34,62.08,-22.00,0.45,92.11,296,612,904,1100
539,8.9833,swing,swingLow,202.184,1.495,60.079,2.813,3.451,-19.166,19.676,4.452,59.129,272.00,-15.35,63.51,50.03,0.073,0,,0,0.00,0.00,0.00,197.830,1.393,61.772,1.34,-22.00,60.44,4.672,0.422,-0.07,1.00,1,0,0,0,0,0,-22.00,-34.38,-9.00,0.3009,0.1330,0.5143,1,4.672,0,0.396,0,swing,fallCalm,1.000,3,0.042 0.548 -0.522 0.283 0.471 0.016 -0.303 -0.640 0.215 -0.313,197.63,1.36,61.96,-22.00,0.94,92.05,340,664,892,1096
540,9.0000,swing,swingLow,202.232,1.552,59.754,3.000,3.441,-19.541,20.068,4.565,58.804,272.00,-15.35,63.51,50.03,0.091,0,,0,0.00,0.00,0.00,197.988,1.432,61.534,1.62,-22.00,60.39,4.604,0.422,-0.07,1.00,1,0,0,0,0,0,-22.00,-34.38,-9.02,0.2999,0.1368,0.5384,1,4.604,0,0.397,0,swing,fallCalm,1.000,3,-0.004 0.526 -0.558 0.273 0.464 0.030 -0.247 -0.601 0.239 -0.228,197.83,1.39,61.77,-22.00,1.34,92.00,376,704,880,1092
541,9.0167,swing,swingLow,202.284,1.610,59.424,3.195,3.431,-19.914,20.458,4.688,58.474,272.00,-15.35,63.51,50.03,0.107,0,,0,0.00,0.00,0.00,198.115,1.478,61.224,1.81,-22.00,60.35,4.543,0.423,-0.06,1.00,1,0,0,0,0,0,-22.00,-34.38,-9.03,0.2960,0.1389,0.5481,1,4.543,0,0.397,0,swing,fallCalm,1.000,3,-0.042 0.505 -0.582 0.304 0.454 0.042 -0.197 -0.560 0.252 -0.154,197.99,1.43,61.53,-22.00,1.62,91.94,404,728,868,1088
542,9.0333,swing,swingLow,202.339,1.667,59.087,3.397,3.420,-20.283,20.848,4.821,58.137,272.00,-15.35,63.51,50.03,0.122,0,,0,0.00,0.00,0.00,198.220,1.529,60.887,1.92,-22.00,60.32,4.497,0.425,-0.06,1.00,1,0,0,0,0,0,-22.00,-34.38,-9.05,0.2915,0.1386,0.5517,1,4.497,0,0.397,0,swing,fallCalm,1.000,3,-0.072 0.491 -0.586 0.363 0.444 0.053 -0.155 -0.526 0.253 -0.088,198.12,1.48,61.22,-22.00,1.81,91.90,416,736,864,1080
543,9.0500,swing,swingLow,202.398,1.724,58.745,3.607,3.409,-20.650,21.238,4.963,57.795,272.00,-15.35,63.51,50.03,0.136,0,,0,0.00,0.00,0.00,198.310,1.583,60.545,1.97,-22.00,60.29,4.469,0.427,-0.06,1.00,1,0,0,0,0,0,-22.00,-34.38,-9.07,0.2877,0.1364,0.5536,1,4.469,0,0.398,0,swing,fallCalm,1.000,3,-0.095 0.484 -0.569 0.433 0.436 0.067 -0.118 -0.498 0.245 -0.028,198.22,1.53,60.89,-22.00,1.92,91.86,424,736,860,1076
544,9.0667,swing,swingLow,202.460,1.780,58.396,3.825,3.397,-21.012,21.626,5.115,57.446,272.00,-15.35,63.51,50.03,0.148,0,,0,0.00,0.00,0.00,198.390,1.640,60.196,1.97,-22.00,60.26,4.453,0.430,-0.06,1.00,1,0,0,0,0,0,-22.00,-34.38,-9.08,0.2858,0.1330,0.5542,1,4.453,0,0.398,0,swing,swingLowL,1.000,3,-0.114 0.483 -0.536 0.497 0.432 0.086 -0.085 -0.479 0.229 0.029,198.31,1.58,60.54,-22.00,1.97,91.82,428,736,864,1072
545,9.0833,swing,swingLow,202.526,1.837,58.041,4.050,3.384,-21.371,22.013,5.278,57.091,272.00,-15.35,63.51,50.03,0.160,0,,0,0.00,0.00,0.00,198.463,1.699,59.841,1.94,-22.00,60.24,4.446,0.434,-0.06,1.00,1,0,0,0,0,0,-22.00,-34.38,-9.10,0.2935,0.1298,0.5500,1,4.446,0,0.398,0,swing,swingLowL,1.000,3,-0.129 0.486 -0.499 0.545 0.433 0.112 -0.055 -0.467 0.208 0.081,198.39,1.64,60.20,-22.00,1.97,91.79,428,736,868,1072
546,9.1000,swing,swingLow,202.596,1.893,57.680,4.284,3.371,-21.727,22.400,5.451,56.730,272.00,-15.35,63.51,50.03,0.171,0,,0,0.00,0.00,0.00,198.533,1.759,59.480,1.89,-22.00,60.23,4.445,0.439,-0.06,1.00,1,0,0,0,0,0,-22.00,-34.38,-9.12,0.2981,0.1280,0.5476,1,4.445,0,0.398,0,swing,swingLowL,1.000,3,-0.141 0.491 -0.469 0.573 0.438 0.145 -0.026 -0.462 0.185 0.129,198.46,1.70,59.84,-22.00,1.94,91.77,428,736,868,1068
547,9.1167,swing,swingLow,202.670,1.949,57.314,4.525,3.357,-22.078,22.785,5.634,56.364,272.00,-15.35,63.51,50.03,0.181,0,,0,0.00,0.00,0.00,198.603,1.819,59.114,1.83,-22.00,60.22,4.449,0.445,-0.05,1.00,1,0,0,0,0,0,-22.00,-34.38,-9.13,0.3011,0.1305,0.5461,1,4.449,0,0.399,0,swing,swingLowL,1.000,3,-0.155 0.496 -0.477 0.589 0.444 0.186 0.002 -0.461 0.163 0.173,198.53,1.76,59.48,-22.00,1.89,91.76,428,736,860,1068
548,9.1333,swing,swingLow,202.747,2.005,56.941,4.775,3.342,-22.425,23.170,5.828,55.991,272.00,-15.35,63.51,50.03,0.191,0,,0,0.00,0.00,0.00,198.673,1.880,58.741,1.75,-22.00,60.22,4.456,0.451,-0.05,1.00,1,0,0,0,0,0,-22.00,-34.38,-9.15,0.3040,0.1322,0.5443,1,4.456,0,0.399,0,swing,swingLowL,1.000,3,-0.162 0.502 -0.480 0.606 0.450 0.223 0.030 -0.462 0.145 0.211,198.60,1.82,59.11,-22.00,1.83,91.75,428,736,856,1064
549,9.1500,swing,swingLow,202.829,2.060,56.563,5.033,3.327,-22.768,23.553,6.033,55.613,272.00,-15.35,63.51,50.03,0.201,0,,0,0.00,0.00,0.00,198.745,1.941,58.363,1.67,-22.00,60.23,4.465,0.458,-0.05,1.00,1,0,0,0,0,0,-22.00,-34.38,-9.17,0.3054,0.1345,0.5427,1,4.465,0,0.399,0,swing,swingLowL,1.000,3,-0.175 0.504 -0.487 0.617 0.454 0.267 0.057 -0.463 0.131 0.242,198.67,1.88,58.74,-22.00,1.75,91.75,428,736,848,1064
550,9.1667,swing,swingLow,202.916,2.116,56.179,5.299,3.310,-23.106,23.935,6.248,55.229,272.00,-15.35,63.51,50.03,0.210,0,,0,0.00,0.00,0.00,198.819,2.002,57.979,1.59,-21.98,60.24,4.476,0.466,-0.05,1.00,1,0,0,0,0,0,-21.98,-34.38,-9.18,0.3056,0.1358,0.5414,1,4.476,0,0.399,0,swing,swingLowL,1.000,3,-0.188 0.505 -0.493 0.623 0.454 0.307 0.083 -0.463 0.122 0.267,198.74,1.94,58.36,-22.00,1.67,91.76,428,732,848,1064
551,9.1833,swing,swingLow,203.007,2.171,55.790,5.573,3.293,-23.439,24.316,6.474,54.840,272.00,-15.35,63.51,50.03,0.220,0,,0,0.00,0.00,0.00,198.897,2.063,57.590,1.50,-21.88,60.26,4.488,0.475,-0.05,1.00,1,0,0,0,0,0,-21.88,-34.38,-9.20,0.3047,0.1361,0.5415,1,4.488,0,0.399,0,swing,swingLowL,1.000,3,-0.200 0.504 -0.501 0.625 0.451 0.342 0.106 -0.462 0.119 0.287,198.82,2.00,57.98,-21.98,1.59,91.77,428,732,840,1060
552,9.2000,swing,swingLow,203.102,2.225,55.395,5.856,3.275,-23.767,24.696,6.710,54.445,272.00,-15.35,63.51,50.03,0.229,0,,0,0.00,0.00,0.00,198.977,2.124,57.195,1.41,-21.70,60.29,4.502,0.484,-0.05,1.00,1,0,0,0,0,0,-21.70,-34.38,-9.22,0.3024,0.1358,0.5428,1,4.502,0,0.399,0,swing,swingLowL,1.000,3,-0.213 0.500 -0.508 0.622 0.445 0.369 0.125 -0.457 0.122 0.301,198.90,2.06,57.59,-21.88,1.50,91.79,432,728,840,1056
553,9.2167,swing,swingLow,203.203,2.280,54.994,6.147,3.256,-24.090,25.074,6.957,54.044,272.00,-15.35,63.51,50.03,0.238,0,,0,0.00,0.00,0.00,199.062,2.184,56.794,1.32,-21.46,60.32,4.516,0.494,-0.05,1.00,1,0,0,0,0,0,-21.46,-34.38,-9.23,0.2995,0.1351,0.5453,1,4.516,0,0.399,0,swing,swingLowL,1.000,3,-0.226 0.493 -0.515 0.615 0.437 0.385 0.140 -0.453 0.130 0.309,198.98,2.12,57.19,-21.70,1.41,91.82,436,728,836,1052
554,9.2333,swing,swingLow,203.308,2.334,54.589,6.447,3.237,-24.408,25.451,7.214,53.639,272.00,-15.35,63.51,50.03,0.247,0,,0,0.00,0.00,0.00,199.151,2.245,56.389,1.23,-21.19,60.36,4.531,0.505,-0.05,1.00,1,0,0,0,0,0,-21.19,-34.38,-9.25,0.2960,0.1342,0.5481,1,4.531,0,0.399,0,swing,swingLowL,1.000,3,-0.238 0.486 -0.522 0.608 0.428 0.398 0.153 -0.446 0.141 0.313,199.06,2.18,56.79,-21.46,1.32,91.86,440,728,832,1048
555,9.2500,swing,swingLow,203.419,2.388,54.178,6.755,3.216,-24.720,25.827,7.481,53.228,272.00,-15.35,63.51,50.03,0.256,0,,0,0.00,0.00,0.00,199.245,2.305,55.978,1.14,-20.91,60.40,4.546,0.516,-0.04,1.00,1,0,0,0,0,0,-20.91,-34.38,-9.27,0.2927,0.1332,0.5510,1,4.546,0,0.399,0,swing,swingLowL,1.000,3,-0.249 0.479 -0.528 0.600 0.419 0.411 0.165 -0.439 0.152 0.317,199.15,2.24,56.39,-21.19,1.23,91.90,448,732,832,1044
556,9.2667,swing,swingLow,203.534,2.441,53.762,7.071,3.195,-25.026,26.201,7.759,52.812,272.00,-15.35,63.51,50.03,0.265,0,,0,0.00,0.00,0.00,199.343,2.364,55.562,1.05,-20.63,60.45,4.562,0.527,-0.04,1.00,1,0,0,0,0,0,-20.63,-34.38,-9.28,0.2889,0.1322,0.5537,1,4.562,0,0.400,0,swing,swingLowL,1.000,3,-0.259 0.473 -0.534 0.593 0.411 0.420 0.176 -0.431 0.163 0.318,199.24,2.30,55.98,-20.91,1.14,91.96,452,732,828,1044
557,9.2833,swing,swingLow,203.655,2.494,53.341,7.396,3.172,-25.326,26.574,8.047,52.391,272.00,-15.35,63.51,50.03,0.274,0,,0,0.00,0.00,0.00,199.446,2.423,55.141,0.96,-20.33,60.51,4.579,0.540,-0.04,1.00,1,0,0,0,0,0,-20.33,-34.38,-9.30,0.2855,0.1311,0.5565,1,4.579,0,0.400,0,swing,swingLowL,1.000,3,-0.269 0.467 -0.539 0.586 0.402 0.429 0.186 -0.424 0.175 0.318,199.34,2.36,55.56,-20.63,1.05,92.02,456,732,828,1040
558,9.3000,swing,swingLow,203.782,2.547,52.914,7.729,3.149,-25.620,26.945,8.346,51.964,272.00,-15.35,63.51,50.03,0.283,0,,0,0.00,0.00,0.00,199.553,2.482,54.714,0.88,-20.04,60.58,4.596,0.552,-0.04,1.00,1,0,0,0,0,0,-20.04,-34.38,-9.32,0.2816,0.1300,0.5590,1,4.596,0,0.400,0,swing,swingLowL,1.000,3,-0.277 0.461 -0.544 0.580 0.394 0.436 0.194 -0.415 0.187 0.315,199.45,2.42,55.14,-20.33,0.96,92.08,464,732,828,1036
559,9.3167,swing,swingLow,203.914,2.599,52.484,8.071,3.125,-25.907,27.314,8.654,51.534,272.00,-15.35,63.51,50.03,0.293,0,,0,0.00,0.00,0.00,199.666,2.540,54.284,0.79,-19.74,60.65,4.614,0.565,-0.04,1.00,1,0,0,0,0,0,-19.74,-34.38,-9.33,0.2781,0.1289,0.5615,1,4.614,0,0.400,0,swing,swingLowL,1.000,3,-0.285 0.456 -0.547 0.574 0.387 0.442 0.201 -0.407 0.198 0.312,199.55,2.48,54.71,-20.04,0.88,92.16,468,736,824,1032
560,9.3333,swing,swingLow,204.052,2.651,52.048,8.421,3.099,-26.187,27.682,8.973,51.098,272.00,-15.35,63.51,50.03,0.302,0,,0,0.00,0.00,0.00,199.784,2.598,53.848,0.70,-19.44,60.72,4.632,0.579,-0.04,1.00,1,0,0,0,0,0,-19.44,-34.38,-9.35,0.2743,0.1278,0.5637,1,4.632,0,0.400,0,swing,swingLowL,1.000,3,-0.291 0.451 -0.551 0.569 0.380 0.446 0.207 -0.396 0.211 0.305,199.67,2.54,54.28,-19.74,0.79,92.24,472,736,824,1032
561,9.3500,swing,swingLow,204.195,2.702,51.608,8.779,3.073,-26.460,28.047,9.301,50.658,272.00,-15.35,63.51,50.03,0.311,0,,0,0.00,0.00,0.00,199.908,2.656,53.408,0.62,-19.14,60.80,4.650,0.592,-0.04,1.00,1,0,0,0,0,0,-19.14,-34.38,-9.37,0.2707,0.1267,0.5659,1,4.650,0,0.400,0,swing,swingLowL,1.000,3,-0.297 0.447 -0.554 0.564 0.374 0.450 0.212 -0.387 0.223 0.299,199.78,2.60,53.85,-19.44,0.70,92.32,476,736,824,1028
562,9.3667,swing,swingLow,204.345,2.753,51.163,9.146,3.046,-26.726,28.411,9.640,50.213,272.00,-15.35,63.51,50.03,0.321,0,,0,0.00,0.00,0.00,200.037,2.713,52.963,0.54,-18.84,60.89,4.670,0.607,-0.04,1.00,1,0,0,0,0,0,-18.84,-34.38,-9.38,0.2665,0.1256,0.5677,1,4.670,0,0.400,0,swing,swingLowL,1.000,3,-0.302 0.443 -0.556 0.561 0.368 0.450 0.215 -0.374 0.237 0.288,199.91,2.66,53.41,-19.14,0.62,92.42,480,736,824,1028
563,9.3833,swing,swingLow,204.501,2.804,50.714,9.521,3.017,-26.984,28.774,9.988,49.764,272.00,-15.35,63.51,50.03,0.330,0,,0,0.00,0.00,0.00,200.171,2.769,52.514,0.46,-18.54,60.98,4.689,0.621,-0.03,1.00,1,0,0,0,0,0,-18.54,-34.38,-9.40,0.2626,0.1246,0.5696,1,4.689,0,0.400,0,swing,swingLowL,1.000,3,-0.307 0.439 -0.559 0.557 0.363 0.451 0.218 -0.362 0.250 0.277,200.04,2.71,52.96,-18.84,0.54,92.52,484,736,824,1024
564,9.4000,swing,swingLow,204.664,2.853,50.261,9.904,2.987,-27.235,29.134,10.345,49.311,272.00,-15.35,63.51,50.03,0.340,0,,0,0.00,0.00,0.00,200.312,2.825,52.061,0.38,-18.23,61.08,4.709,0.635,-0.03,1.00,1,0,0,0,0,0,-18.23,-34.38,-9.42,0.2580,0.1236,0.5709,1,4.709,0,0.400,0,swing,swingLowL,1.000,3,-0.311 0.436 -0.561 0.555 0.359 0.449 0.219 -0.346 0.264 0.263,200.17,2.77,52.51,-18.54,0.46,92.62,488,732,824,1024
565,9.4167,swing,swingLow,204.832,2.903,49.803,10.296,2.957,-27.478,29.492,10.712,48.853,272.00,-15.35,63.51,50.03,0.349,0,,0,0.00,0.00,0.00,200.458,2.880,51.603,0.30,-17.92,61.19,4.730,0.650,-0.03,1.00,1,0,0,0,0,0,-17.92,-34.38,-9.43,0.2537,0.1227,0.5723,1,4.730,0,0.400,0,swing,swingLowL,1.000,3,-0.314 0.433 -0.562 0.553 0.356 0.447 0.219 -0.331 0.278 0.248,200.31,2.82,52.06,-18.23,0.38,92.74,492,732,824,1024
566,9.4333,swing,swingLow,205.008,2.952,49.342,10.696,2.925,-27.712,29.848,11.089,48.392,272.00,-15.35,63.51,50.03,0.359,0,,0,0.00,0.00,0.00,200.611,2.935,51.142,0.22,-17.69,61.30,4.751,0.665,-0.03,1.00,1,0,0,0,0,0,-17.69,-34.38,-9.45,0.2487,0.1218,0.5721,1,4.751,0,0.400,0,swing,swingLowL,1.000,3,-0.317 0.431 -0.564 0.553 0.353 0.441 0.218 -0.314 0.293 0.229,200.46,2.88,51.60,-17.92,0.30,92.85,500,732,824,1020
567,9.4500,swing,swingLow,205.190,3.000,48.877,11.104,2.892,-27.938,30.202,11.474,47.927,272.00,-15.35,63.51,50.03,0.369,0,,0,0.00,0.00,0.00,200.769,2.989,50.677,0.14,-17.55,61.41,4.773,0.680,-0.03,1.00,1,0,0,0,0,0,-17.55,-34.38,-9.47,0.2438,0.1209,0.5705,1,4.773,0,0.400,0,swing,swingLowL,1.000,3,-0.319 0.430 -0.565 0.554 0.351 0.436 0.216 -0.298 0.307 0.210,200.61,2.94,51.14,-17.69,0.22,92.98,500,728,824,1020
568,9.4667,swing,swingLow,205.379,3.048,48.408,11.519,2.831,-28.157,30.554,11.861,47.458,272.00,-15.35,63.51,50.03,0.378,0,,0,0.00,0.00,0.00,200.935,3.043,50.208,0.07,-17.49,61.53,4.795,0.695,-0.03,1.00,1,0,0,0,0,0,-17.49,-34.38,-9.48,0.2382,0.1202,0.5676,1,4.795,0,0.400,0,swing,swingLowL,1.000,3,-0.322 0.428 -0.568 0.555 0.349 0.428 0.215 -0.281 0.323 0.188,200.77,2.99,50.68,-17.55,0.14,93.11,504,724,824,1024
569,9.4833,swing,swingLow,205.575,3.094,47.936,11.941,2.741,-28.371,30.904,12.251,46.986,272.00,-15.35,63.51,50.03,0.388,0,,0,0.00,0.00,0.00,201.106,3.096,49.736,-0.02,-17.49,61.65,4.818,0.709,-0.03,1.00,1,0,0,0,0,0,-17.49,-34.38,-9.50,0.2324,0.1220,0.5639,1,4.818,0,0.400,0,swing,swingLowL,1.000,3,-0.327 0.427 -0.574 0.556 0.345 0.421 0.216 -0.263 0.340 0.167,200.93,3.04,50.21,-17.49,0.07,93.24,504,716,824,1024
570,9.5000,swing,swingLow,205.778,3.139,47.460,12.371,2.651,-28.576,31.252,12.651,46.510,272.00,-15.35,63.51,50.03,0.398,0,,0,0.00,0.00,0.00,201.284,3.148,49.260,-0.12,-17.54,61.78,4.841,0.724,-0.03,1.00,1,0,0,0,0,0,-17.54,-34.38,-9.52,0.2249,0.1247,0.5590,1,4.841,0,0.400,0,swing,swingLowL,1.000,3,-0.333 0.422 -0.579 0.555 0.338 0.409 0.217 -0.242 0.364 0.141,201.11,3.10,49.74,-17.49,-0.02,93.38,500,708,824,1032
571,9.5167,swing,swingLow,205.989,3.182,46.980,12.808,2.553,-28.772,31.597,13.060,46.030,272.00,-15.35,63.51,50.03,0.408,0,,0,0.00,0.00,0.00,201.469,3.199,48.780,-0.22,-17.63,61.91,4.865,0.739,-0.03,1.00,1,0,0,0,0,0,-17.63,-34.38,-9.53,0.2163,0.1280,0.5534,1,4.865,0,0.400,0,swing,swingLowL,1.000,3,-0.343 0.415 -0.584 0.551 0.327 0.396 0.219 -0.218 0.393 0.114,201.28,3.15,49.26,-17.54,-0.12,93.52,500,700,820,1036
572,9.5333,swing,swingLow,206.206,3.223,46.498,13.252,2.449,-28.958,31.940,13.477,45.548,272.00,-15.35,63.51,50.03,0.418,0,,0,0.00,0.00,0.00,201.661,3.249,48.298,-0.32,-17.75,62.04,4.889,0.754,-0.03,1.00,1,0,0,0,0,0,-17.75,-34.38,-9.55,0.2080,0.1309,0.5474,1,4.889,0,0.400,0,swing,swingLowL,1.000,3,-0.351 0.409 -0.589 0.549 0.317 0.382 0.220 -0.196 0.419 0.088,201.47,3.20,48.78,-17.63,-0.22,93.67,500,688,820,1040
573,9.5500,swing,swingLow,206.432,3.263,46.013,13.704,2.343,-29.134,32.281,13.903,45.063,272.00,-15.35,63.51,50.03,0.428,0,,0,0.00,0.00,0.00,201.860,3.297,47.813,-0.43,-17.89,62.18,4.913,0.769,-0.03,1.00,1,0,0,0,0,0,-17.89,-34.38,-9.57,0.2012,0.1334,0.5418,1,4.913,0,0.400,0,swing,swingLowL,1.000,3,-0.359 0.402 -0.593 0.547 0.307 0.369 0.219 -0.175 0.444 0.062,201.66,3.25,48.30,-17.75,-0.32,93.83,496,680,820,1048
574,9.5667,swing,swingLow,206.664,3.301,45.524,14.163,2.230,-29.299,32.619,14.337,44.574,272.00,-15.35,63.51,50.03,0.439,0,,0,0.00,0.00,0.00,202.066,3.344,47.324,-0.54,-18.05,62.32,4.938,0.783,-0.02,1.00,1,0,0,0,0,0,-18.05,-34.38,-9.58,0.1972,0.1355,0.5372,1,4.938,0,0.400,0,swing,swingLowL,1.000,3,-0.366 0.396 -0.597 0.546 0.297 0.355 0.219 -0.155 0.468 0.039,201.86,3.30,47.81,-17.89,-0.43,93.98,496,676,820,1052
575,9.5833,swing,swingLow,206.905,3.336,45.033,14.628,2.110,-29.455,32.955,14.780,44.083,272.00,-15.35,63.51,50.03,0.449,0,,0,0.00,0.00,0.00,202.280,3.389,46.833,-0.65,-18.22,62.47,4.964,0.797,-0.02,1.00,1,0,0,0,0,0,-18.22,-34.38,-9.60,0.1934,0.1372,0.5325,1,4.964,0,0.400,0,swing,swingLowL,1.000,3,-0.373 0.391 -0.600 0.545 0.287 0.342 0.217 -0.137 0.489 0.017,202.07,3.34,47.32,-18.05,-0.54,94.14,492,668,820,1056
576,9.6000,swing,swingLow,207.153,3.370,44.540,15.100,1.989,-29.599,33.288,15.231,43.590,272.00,-15.35,63.51,50.03,0.459,0,,0,0.00,0.00,0.00,202.500,3.433,46.340,-0.77,-18.40,62.61,4.989,0.811,-0.02,1.00,1,0,0,0,0,0,-18.40,-34.38,-9.62,0.1898,0.1385,0.5276,1,4.989,0,0.400,0,swing,swingLowL,1.000,3,-0.379 0.387 -0.603 0.545 0.277 0.328 0.214 -0.121 0.508 -0.002,202.28,3.39,46.83,-18.22,-0.65,94.30,488,660,824,1056
577,9.6167,swing,swingLow,207.409,3.402,44.044,15.579,1.863,-29.733,33.618,15.690,43.094,272.00,-15.35,63.51,50.03,0.470,0,,0,0.00,0.00,0.00,202.728,3.474,45.844,-0.89,-18.58,62.77,5.016,0.825,-0.02,1.00,1,0,0,0,0,0,-18.58,-34.38,-9.63,0.1862,0.1396,0.5227,1,5.016,0,0.400,0,swing,swingLowL,1.000,3,-0.385 0.382 -0.606 0.545 0.266 0.316 0.211 -0.106 0.526 -0.021,202.50,3.43,46.34,-18.40,-0.77,94.47,484,652,820,1060
578,9.6333,swing,swingLow,207.674,3.431,43.546,16.064,1.732,-29.854,33.946,16.157,42.596,272.00,-15.35,63.51,50.03,0.480,0,,0,0.00,0.00,0.00,202.964,3.514,45.346,-1.00,-18.77,62.92,5.042,0.839,-0.02,1.00,1,0,0,0,0,0,-18.77,-34.38,-9.65,0.1831,0.1402,0.5179,1,5.042,0,0.400,0,swing,swingLowL,1.000,3,-0.389 0.378 -0.608 0.546 0.257 0.304 0.208 -0.094 0.540 -0.036,202.73,3.47,45.84,-18.58,-0.89,94.64,480,648,820,1060
579,9.6500,swing,swingLow,207.946,3.459,43.047,16.555,1.599,-29.965,34.271,16.632,42.097,272.00,-15.35,63.51,50.03,0.490,0,,0,0.00,0.00,0.00,203.208,3.552,44.847,-1.12,-18.95,63.07,5.070,0.852,-0.02,1.00,1,0,0,0,0,0,-18.95,-34.38,-9.67,0.1801,0.1405,0.5130,1,5.070,0,0.400,0,swing,swingLowL,1.000,3,-0.394 0.375 -0.610 0.547 0.248 0.293 0.205 -0.082 0.553 -0.050,202.96,3.51,45.35,-18.77,-1.00,94.81,480,640,820,1064
580,9.6667,swing,swingLow,208.227,3.484,42.545,17.051,1.464,-30.062,34.593,17.114,41.595,272.00,-15.35,63.51,50.03,0.501,0,,0,0.00,0.00,0.00,203.459,3.587,44.345,-1.24,-19.13,63.23,5.097,0.865,-0.02,1.00,1,0,0,0,0,0,-19.13,-34.38,-9.68,0.1774,0.1405,0.5083,1,5.097,0,0.400,0,swing,swingLowL,1.000,3,-0.397 0.372 -0.611 0.549 0.239 0.283 0.202 -0.075 0.564 -0.062,203.21,3.55,44.85,-18.95,-1.12,94.98,476,632,820,1064
581,9.6833,swing,swingLow,208.516,3.507,42.042,17.554,1.327,-30.148,34.911,17.604,41.092,272.00,-15.35,63.51,50.03,0.511,0,,0,0.00,0.00,0.00,203.719,3.621,43.842,-1.36,-19.31,63.39,5.125,0.878,-0.02,1.00,1,0,0,0,0,0,-19.31,-34.38,-9.70,0.1750,0.1403,0.5036,1,5.125,0,0.400,0,swing,swingLowL,1.000,3,-0.400 0.370 -0.612 0.551 0.231 0.274 0.199 -0.068 0.573 -0.073,203.46,3.59,44.35,-19.13,-1.24,95.16,472,628,820,1064
582,9.7000,swing,swingLow,208.813,3.527,41.538,18.062,1.188,-30.221,35.227,18.101,40.588,272.00,-15.35,63.51,50.03,0.522,0,,0,0.00,0.00,0.00,203.986,3.652,43.338,-1.48,-19.48,63.55,5.154,0.890,-0.02,1.00,1,0,0,0,0,0,-19.48,-34.38,-9.72,0.1730,0.1397,0.4992,1,5.154,0,0.400,0,swing,swingLowL,1.000,3,-0.403 0.369 -0.613 0.555 0.224 0.267 0.196 -0.065 0.579 -0.081,203.72,3.62,43.84,-19.31,-1.36,95.33,468,620,820,1064
583,9.7167,swing,swingLow,209.119,3.545,41.033,18.574,1.047,-30.281,35.540,18.604,40.083,272.00,-15.35,63.51,50.03,0.533,0,,0,0.00,0.00,0.00,204.261,3.681,42.833,-1.60,-19.64,63.71,5.182,0.902,-0.02,1.00,1,0,0,0,0,0,-19.64,-34.38,-9.73,0.1712,0.1390,0.4948,1,5.182,0,0.400,0,swing,swingLowL,1.000,3,-0.404 0.368 -0.613 0.559 0.218 0.260 0.194 -0.062 0.584 -0.089,203.99,3.65,43.34,-19.48,-1.48,95.51,464,616,824,1064
584,9.7333,swing,swingLow,209.434,3.561,40.526,19.092,0.905,-30.328,35.849,19.114,39.576,272.00,-15.35,63.51,50.03,0.543,0,,0,0.00,0.00,0.00,204.545,3.708,42.326,-1.72,-19.80,63.87,5.212,0.913,-0.02,1.00,1,0,0,0,0,0,-19.80,-34.38,-9.75,0.1699,0.1380,0.4906,1,5.212,0,0.400,0,swing,swingLowL,1.000,3,-0.405 0.369 -0.613 0.563 0.213 0.255 0.193 -0.064 0.587 -0.095,204.26,3.68,42.83,-19.64,-1.60,95.69,460,612,824,1064
585,9.7500,swing,swingLow,209.757,3.575,40.020,19.615,0.762,-30.362,36.155,19.629,39.070,272.00,-15.35,63.51,50.03,0.554,0,,0,0.00,0.00,0.00,204.837,3.732,41.820,-1.83,-19.95,64.04,5.241,0.924,-0.02,1.00,1,0,0,0,0,0,-19.95,-34.38,-9.77,0.1687,0.1370,0.4865,1,5.241,0,0.400,0,swing,swingLowL,1.000,3,-0.406 0.369 -0.613 0.568 0.208 0.250 0.191 -0.065 0.589 -0.101,204.55,3.71,42.33,-19.80,-1.72,95.87,456,604,824,1064
586,9.7667,swing,swingLow,210.089,3.586,39.512,20.141,0.617,-30.383,36.457,20.151,38.562,272.00,-15.35,63.51,50.03,0.564,0,,0,0.00,0.00,0.00,205.138,3.754,41.312,-1.95,-20.10,64.20,5.271,0.934,-0.02,1.00,1,0,0,0,0,0,-20.10,-34.38,-9.78,0.1680,0.1358,0.4827,1,5.271,0,0.400,0,swing,swingLowL,1.000,3,-0.406 0.371 -0.613 0.574 0.205 0.247 0.192 -0.071 0.589 -0.105,204.84,3.73,41.82,-19.95,-1.83,96.05,452,600,824,1060
587,9.7833,swing,swingLow,210.430,3.594,39.005,20.672,0.471,-30.389,36.756,20.677,38.055,272.00,-15.35,63.51,50.03,0.575,0,,0,0.00,0.00,0.00,205.447,3.774,40.805,-2.06,-20.23,64.37,5.301,0.944,-0.02,1.00,1,0,0,0,0,0,-20.23,-34.38,-9.80,0.1673,0.1345,0.4790,1,5.301,0,0.400,0,swing,swingLowL,1.000,3,-0.406 0.373 -0.612 0.580 0.202 0.245 0.192 -0.077 0.589 -0.109,205.14,3.75,41.31,-20.10,-1.95,96.24,448,596,828,1060
588,9.8000,swing,swingLow,210.779,3.600,38.498,21.153,0.324,-30.306,36.959,21.155,37.548,272.00,-15.35,63.51,50.03,0.586,0,,0,0.00,0.00,0.00,205.783,3.790,40.298,-2.18,-20.36,64.53,5.314,0.954,-0.02,1.00,1,0,0,0,0,0,-20.36,-34.38,-9.82,0.1676,0.1336,0.4763,1,5.314,0,0.400,0,swing,swingLowL,1.000,3,-0.405 0.375 -0.611 0.586 0.201 0.245 0.192 -0.086 0.588 -0.113,205.45,3.77,40.80,-20.23,-2.06,96.42,444,592,828,1060
589,9.8167,swing,swingLow,211.135,3.604,37.994,21.579,0.176,-30.136,37.066,21.580,37.044,272.00,-15.35,63.51,50.03,0.596,0,,0,0.00,0.00,0.00,206.139,3.804,39.794,-2.29,-20.48,64.69,5.314,0.963,-0.01,1.00,1,0,0,0,0,0,-20.48,-34.38,-9.83,0.1686,0.1330,0.4745,1,5.314,0,0.400,0,swing,swingLowL,1.000,3,-0.404 0.378 -0.610 0.592 0.200 0.245 0.193 -0.095 0.586 -0.117,205.78,3.79,40.30,-20.36,-2.18,96.60,440,592,828,1056
590,9.8333,swing,swingLow,211.499,3.605,37.493,22.003,0.029,-29.956,37.169,22.003,36.543,272.00,-15.35,63.51,50.03,0.605,0,,0,0.00,0.00,0.00,206.503,3.815,39.293,-2.40,-20.59,64.86,5.314,0.972,-0.01,1.00,1,0,0,0,0,0,-20.59,-34.38,-9.85,0.1698,0.1323,0.4729,1,5.314,0,0.400,0,swing,swingLowL,1.000,3,-0.403 0.381 -0.608 0.599 0.200 0.246 0.194 -0.106 0.584 -0.121,206.14,3.80,39.79,-20.48,-2.29,96.78,436,588,828,1056
591,9.8500,swing,swingLow,211.869,3.604,36.995,22.425,-0.118,-29.766,37.268,22.425,36.045,272.00,-15.35,63.51,50.03,0.614,0,,0,0.00,0.00,0.00,206.874,3.823,38.795,-2.51,-20.70,65.02,5.314,0.980,-0.01,1.00,1,0,0,0,0,0,-20.70,-34.38,-9.87,0.1710,0.1316,0.4713,1,5.314,0,0.400,0,swing,swingLowL,1.000,3,-0.401 0.385 -0.607 0.606 0.201 0.248 0.196 -0.118 0.581 -0.126,206.50,3.81,39.29,-20.59,-2.40,96.96,436,588,828,1056
592,9.8667,swing,swingLow,212.247,3.600,36.500,22.843,-0.264,-29.566,37.363,22.845,35.550,272.00,-15.35,63.51,50.03,0.622,0,,0,0.00,0.00,0.00,207.252,3.829,38.300,-2.62,-20.80,65.18,5.314,0.988,-0.01,1.00,1,0,0,0,0,0,-20.80,-34.38,-9.88,0.1725,0.1308,0.4699,1,5.314,0,0.400,0,swing,swingLowL,1.000,3,-0.399 0.389 -0.605 0.614 0.203 0.250 0.198 -0.131 0.578 -0.130,206.87,3.82,38.79,-20.70,-2.51,97.14,432,588,828,1056
593,9.8833,swing,swingLow,212.631,3.594,36.008,23.259,-0.408,-29.355,37.455,23.262,35.058,272.00,-15.35,63.51,50.03,0.630,0,,0,0.00,0.00,0.00,207.637,3.833,37.808,-2.73,-20.89,65.34,5.314,0.995,-0.01,1.00,1,0,0,0,0,0,-20.89,-34.38,-9.90,0.1741,0.1300,0.4686,1,5.314,0,0.400,0,swing,swingLowL,1.000,3,-0.396 0.393 -0.603 0.621 0.206 0.253 0.199 -0.145 0.575 -0.135,207.25,3.83,38.30,-20.80,-2.62,97.31,428,588,828,1056
594,9.9000,swing,swingLow,213.022,3.586,35.521,23.670,-0.552,-29.135,37.543,23.677,34.571,272.00,-15.35,63.51,50.03,0.637,0,,0,0.00,0.00,0.00,208.028,3.833,37.321,-2.84,-20.98,65.50,5.314,1.002,-0.01,1.00,1,0,0,0,0,0,-20.98,-34.38,-9.92,0.1757,0.1291,0.4674,1,5.314,0,0.400,0,swing,swingLowL,1.000,3,-0.394 0.397 -0.601 0.629 0.209 0.256 0.201 -0.161 0.571 -0.140,207.64,3.83,37.81,-20.89,-2.73,97.49,428,588,832,1052
595,9.9167,swing,swingLow,213.420,3.575,35.037,24.078,-0.694,-28.905,37.626,24.088,34.087,272.00,-15.35,63.51,50.03,0.645,0,,0,0.00,0.00,0.00,208.427,3.832,36.837,-2.94,-21.06,65.65,5.314,1.009,-0.01,1.00,1,0,0,0,0,0,-21.06,-34.38,-9.93,0.1775,0.1282,0.4662,1,5.314,0,0.400,0,swing,swingLowL,1.000,3,-0.391 0.402 -0.599 0.636 0.212 0.259 0.203 -0.177 0.566 -0.145,208.03,3.83,37.32,-20.98,-2.84,97.66,424,584,828,1052
596,9.9333,swing,swingLow,213.825,3.562,34.557,24.482,-0.834,-28.665,37.706,24.496,33.607,272.00,-15.35,63.51,50.03,0.652,0,,0,0.00,0.00,0.00,208.832,3.827,36.357,-3.04,-21.14,65.80,5.314,1.015,-0.01,1.00,1,0,0,0,0,0,-21.14,-34.38,-9.95,0.1793,0.1273,0.4652,1,5.314,0,0.400,0,swing,swingLowL,1.000,3,-0.387 0.407 -0.597 0.644 0.216 0.262 0.205 -0.194 0.562 -0.150,208.43,3.83,36.84,-21.06,-2.94,97.83,424,584,832,1052
597,9.9500,swing,swingLow,214.237,3.546,34.081,24.882,-0.974,-28.416,37.782,24.901,33.131,272.00,-15.35,63.51,50.03,0.658,0,,0,0.00,0.00,0.00,209.244,3.821,35.881,-3.14,-21.20,65.95,5.314,1.021,-0.01,1.00,1,0,0,0,0,0,-21.20,-34.38,-9.97,0.1811,0.1263,0.4643,1,5.314,0,0.400,0,swing,swingLowL,1.000,3,-0.384 0.411 -0.594 0.652 0.220 0.266 0.207 -0.212 0.557 -0.156,208.83,3.83,36.36,-21.14,-3.04,97.99,420,584,832,1052
598,9.9667,swing,swingLow,214.655,3.529,33.609,25.277,-1.111,-28.156,37.854,25.301,32.659,272.00,-15.35,63.51,50.03,0.665,0,,0,0.00,0.00,0.00,209.663,3.811,35.409,-3.24,-21.27,66.10,5.314,1.026,-0.01,1.00,1,0,0,0,0,0,-21.27,-34.38,-9.98,0.1830,0.1254,0.4634,1,5.314,0,0.400,0,swing,swingLowL,1.000,3,-0.380 0.416 -0.592 0.660 0.225 0.269 0.209 -0.230 0.552 -0.162,209.24,3.82,35.88,-21.20,-3.14,98.15,420,584,836,1052
599,9.9833,swing,swingLow,215.080,3.509,33.142,25.667,-1.246,-27.888,37.922,25.697,32.192,272.00,-15.35,63.51,50.03,0.671,0,,0,0.00,0.00,0.00,210.088,3.800,34.942,-3.34,-21.33,66.24,5.314,1.031,-0.01,1.00,1,0,0,0,0,0,-21.33,-34.38,-10.00,0.1848,0.1244,0.4626,1,5.314,0,0.400,0,swing,swingLowL,1.000,3,-0.376 0.421 -0.589 0.668 0.230 0.272 0.211 -0.248 0.547 -0.168,209.66,3.81,35.41,-21.27,-3.24,98.31,416,584,832,1048
600,10.0000,swing,swingLow,215.511,3.486,32.679,26.052,-1.381,-27.610,37.986,26.089,31.729,272.00,-15.35,63.51,50.03,0.677,0,,0,0.00,0.00,0.00,210.520,3.785,34.479,-3.43,-21.38,66.38,5.314,1.036,-0.01,1.00,1,0,0,0,0,0,-21.38,-34.38,-10.02,0.1885,0.1234,0.4628,1,5.314,0,0.400,0,swing,swingLowL,1.000,3,-0.372 0.426 -0.586 0.675 0.235 0.276 0.212 -0.267 0.541 -0.175,210.09,3.80,34.94,-21.33,-3.34,98.47,416,584,836,1048
601,10.0167,swing,swingLow,215.948,3.462,32.221,26.432,-1.512,-27.322,38.046,26.476,31.271,272.00,-15.35,63.51,50.03,0.683,0,,0,0.00,0.00,0.00,210.958,3.769,34.021,-3.52,-21.44,66.52,5.314,1.041,-0.01,1.00,1,0,0,0,0,0,-21.44,-34.37,-10.03,0.1927,0.1224,0.4632,1,5.314,0,0.400,0,swing,swingLowL,1.000,3,-0.368 0.430 -0.584 0.683 0.240 0.278 0.214 -0.286 0.535 -0.181,210.52,3.79,34.48,-21.38,-3.43,98.62,412,588,836,1048
602,10.0333,swing,swingLow,216.392,3.435,31.768,26.807,-1.641,-27.026,38.101,26.857,30.818,272.00,-15.35,63.51,50.03,0.688,0,,0,0.00,0.00,0.00,211.402,3.750,33.568,-3.61,-21.48,66.65,5.314,1.045,-0.01,1.00,1,0,0,0,0,0,-21.48,-34.34,-10.05,0.1968,0.1214,0.4637,1,5.314,0,0.401,0,swing,swingLowL,1.000,3,-0.364 0.435 -0.581 0.691 0.245 0.281 0.214 -0.305 0.530 -0.189,210.96,3.77,34.02,-21.44,-3.52,98.77,412,592,836,1048
603,10.0500,swing,swingLow,216.842,3.406,31.320,27.176,-1.768,-26.721,38.153,27.233,30.370,272.00,-15.35,63.51,50.03,0.694,0,,0,0.00,0.00,0.00,211.853,3.728,33.120,-3.69,-21.53,66.78,5.314,1.049,-0.01,1.00,1,0,0,0,0,0,-21.53,-34.28,-10.07,0.2010,0.1204,0.4643,1,5.314,0,0.401,0,swing,swingLowL,1.000,3,-0.359 0.440 -0.578 0.699 0.250 0.283 0.215 -0.324 0.524 -0.196,211.40,3.75,33.57,-21.48,-3.61,98.91,408,596,836,1044
604,10.0667,swing,swingLow,217.298,3.375,30.877,27.538,-1.893,-26.407,38.201,27.603,29.927,272.00,-15.35,63.51,50.03,0.699,0,,0,0.00,0.00,0.00,212.309,3.705,32.677,-3.78,-21.57,66.91,5.314,1.052,-0.01,1.00,1,0,0,0,0,0,-21.57,-34.18,-10.08,0.2050,0.1194,0.4648,1,5.314,0,0.401,0,swing,swingLowL,1.000,3,-0.354 0.444 -0.575 0.706 0.255 0.285 0.215 -0.343 0.519 -0.204,211.85,3.73,33.12,-21.53,-3.69,99.05,408,596,840,1044
605,10.0833,swing,swingLow,217.760,3.343,30.439,27.895,-2.014,-26.085,38.244,27.968,29.489,272.00,-15.35,63.51,50.03,0.704,0,,0,0.00,0.00,0.00,212.772,3.679,32.239,-3.86,-21.60,67.03,5.314,1.056,-0.01,1.00,1,0,0,0,0,0,-21.60,-34.04,-10.10,0.2090,0.1184,0.4654,1,5.314,0,0.402,0,swing,swingLowL,1.000,3,-0.350 0.449 -0.572 0.714 0.260 0.287 0.215 -0.361 0.513 -0.212,212.31,3.70,32.68,-21.57,-3.78,99.19,408,600,844,1044
606,10.1000,swing,swingLow,218.228,3.308,30.007,28.245,-2.135,-25.754,38.283,28.325,29.057,272.00,-15.35,63.51,50.03,0.709,0,,0,0.00,0.00,0.00,213.240,3.651,31.807,-3.94,-21.64,67.15,5.314,1.059,-0.01,1.00,1,0,0,0,0,0,-21.64,-33.86,-10.12,0.2127,0.1174,0.4659,1,5.314,0,0.402,0,swing,swingLowL,1.000,3,-0.345 0.453 -0.569 0.721 0.264 0.288 0.214 -0.379 0.508 -0.221,212.77,3.68,32.24,-21.60,-3.86,99.32,404,604,840,1044
607,10.1167,swing,swingLow,218.702,3.271,29.581,28.588,-2.252,-25.415,38.318,28.677,28.631,272.00,-15.35,63.51,50.03,0.714,0,,0,0.00,0.00,0.00,213.714,3.621,31.381,-4.01,-21.67,67.27,5.314,1.062,-0.01,1.00,1,0,0,0,0,0,-21.67,-33.63,-10.13,0.2165,0.1164,0.4664,1,5.314,0,0.403,0,swing,swingLowL,1.000,3,-0.340 0.458 -0.565 0.729 0.268 0.288 0.212 -0.396 0.503 -0.230,213.24,3.65,31.81,-21.64,-3.94,99.45,404,604,844,1040
608,10.1333,swing,swingLow,219.181,3.232,29.160,28.925,-2.365,-25.068,38.349,29.021,28.210,272.00,-15.35,63.51,50.03,0.719,0,,0,0.00,0.00,0.00,214.194,3.588,30.960,-4.09,-21.70,67.38,5.314,1.065,-0.01,1.00,1,0,0,0,0,0,-21.70,-33.36,-10.15,0.2199,0.1155,0.4668,1,5.314,0,0.403,0,swing,swingLowL,1.000,3,-0.335 0.462 -0.562 0.736 0.272 0.288 0.210 -0.412 0.498 -0.240,213.71,3.62,31.38,-21.67,-4.01,99.57,400,608,840,1040
609,10.1500,swing,swingLow,219.666,3.191,28.745,29.254,-2.477,-24.713,38.375,29.359,27.795,272.00,-15.35,63.51,50.03,0.724,0,,0,0.00,0.00,0.00,214.679,3.554,30.545,-4.16,-21.72,67.49,5.314,1.067,-0.01,1.00,1,0,0,0,0,0,-21.72,-33.06,-10.17,0.2233,0.1147,0.4673,1,5.314,0,0.404,0,swing,swingLowL,1.000,3,-0.330 0.466 -0.559 0.743 0.275 0.287 0.208 -0.428 0.494 -0.250,214.19,3.59,30.96,-21.70,-4.09,99.69,400,612,844,1040
610,10.1667,swing,swingLow,220.156,3.149,28.336,29.576,-2.586,-24.350,38.397,29.689,27.386,272.00,-15.35,63.51,50.03,0.728,0,,0,0.00,0.00,0.00,215.170,3.517,30.136,-4.23,-21.75,67.60,5.314,1.070,-0.01,1.00,1,0,0,0,0,0,-21.75,-32.72,-10.18,0.2267,0.1137,0.4677,1,5.314,0,0.404,0,swing,swingLowL,1.000,3,-0.325 0.470 -0.556 0.751 0.278 0.285 0.205 -0.444 0.489 -0.261,214.68,3.55,30.55,-21.72,-4.16,99.81,400,612,848,1040
611,10.1833,swing,swingLow,220.652,3.104,27.933,29.891,-2.690,-23.980,38.415,30.011,26.983,272.00,-15.35,63.51,50.03,0.732,0,,0,0.00,0.00,0.00,215.666,3.479,29.733,-4.29,-21.77,67.70,5.314,1.072,-0.01,1.00,1,0,0,0,0,0,-21.77,-32.36,-10.20,0.2299,0.1128,0.4681,1,5.314,0,0.405,0,swing,swingLowL,1.000,3,-0.319 0.474 -0.552 0.758 0.280 0.284 0.202 -0.459 0.484 -0.271,215.17,3.52,30.14,-21.75,-4.23,99.92,400,616,844,1040
612,10.2000,swing,swingLow,221.153,3.058,27.537,30.197,-2.794,-23.603,38.429,30.326,26.587,272.00,-15.35,63.51,50.03,0.736,0,,0,0.00,0.00,0.00,216.167,3.438,29.337,-4.36,-21.79,67.80,5.314,1.074,-0.01,1.00,1,0,0,0,0,0,-21.79,-31.96,-10.22,0.2332,0.1119,0.4685,1,5.314,0,0.406,0,swing,swingLowL,1.000,3,-0.314 0.478 -0.549 0.765 0.282 0.281 0.200 -0.475 0.479 -0.281,215.67,3.48,29.73,-21.77,-4.29,100.03,396,616,848,1036
613,10.2167,swing,swingLow,221.659,3.011,27.147,30.496,-2.893,-23.219,38.439,30.633,26.197,272.00,-15.35,63.51,50.03,0.740,0,,0,0.00,0.00,0.00,216.673,3.396,28.947,-4.42,-21.81,67.89,5.314,1.076,-0.01,1.00,1,0,0,0,0,0,-21.81,-31.54,-10.23,0.2365,0.1109,0.4690,1,5.314,0,0.407,0,swing,swingLowL,1.000,3,-0.308 0.482 -0.545 0.772 0.283 0.278 0.196 -0.490 0.474 -0.291,216.17,3.44,29.34,-21.79,-4.36,100.13,396,620,848,1036
614,10.2333,swing,swingLow,222.169,2.962,26.763,30.787,-2.989,-22.829,38.444,30.932,25.813,272.00,-15.35,63.51,50.03,0.744,0,,0,0.00,0.00,0.00,217.185,3.352,28.563,-4.48,-21.82,67.99,5.314,1.078,-0.01,1.00,1,0,0,0,0,0,-21.82,-31.10,-10.25,0.2396,0.1099,0.4695,1,5.314,0,0.408,0,swing,swingLowL,1.000,3,-0.303 0.485 -0.542 0.779 0.285 0.275 0.193 -0.506 0.469 -0.300,216.67,3.40,28.95,-21.81,-4.42,100.24,396,624,848,1036
615,10.2500,swing,swingLow,222.685,2.911,26.386,31.069,-3.083,-22.432,38.445,31.222,25.436,272.00,-15.35,63.51,50.03,0.748,0,,0,0.00,0.00,0.00,217.700,3.306,28.186,-4.53,-21.84,68.08,5.314,1.079,-0.01,1.00,1,0,0,0,0,0,-21.84,-30.64,-10.27,0.2426,0.1089,0.4699,1,5.314,0,0.409,0,swing,swingLowL,1.000,3,-0.297 0.488 -0.538 0.786 0.285 0.271 0.190 -0.521 0.463 -0.309,217.18,3.35,28.56,-21.82,-4.48,100.33,392,624,848,1036
616,10.2667,swing,swingLow,223.205,2.858,26.015,31.343,-3.173,-22.028,38.441,31.504,25.065,272.00,-15.35,63.51,50.03,0.752,0,,0,0.00,0.00,0.00,218.221,3.258,27.815,-4.59,-21.85,68.16,5.314,1.081,-0.01,1.00,1,0,0,0,0,0,-21.85,-30.17,-10.28,0.2456,0.1079,0.4704,1,5.314,0,0.410,0,swing,swingLowL,1.000,3,-0.292 0.492 -0.534 0.792 0.286 0.268 0.186 -0.536 0.458 -0.318,217.70,3.31,28.19,-21.84,-4.53,100.43,392,628,852,1032
617,10.2833,swing,swingLow,223.729,2.804,25.651,31.609,-3.259,-21.619,38.433,31.776,24.701,272.00,-15.35,63.51,50.03,0.755,0,,0,0.00,0.00,0.00,218.746,3.209,27.451,-4.64,-21.87,68.24,5.314,1.082,-0.01,1.00,1,0,0,0,0,0,-21.87,-29.69,-10.30,0.2485,0.1069,0.4708,1,5.314,0,0.411,0,swing,swingLowL,1.000,3,-0.286 0.494 -0.531 0.799 0.286 0.265 0.182 -0.550 0.452 -0.327,218.22,3.26,27.82,-21.85,-4.59,100.52,392,632,856,1032
618,10.3000,swing,swingLow,224.258,2.749,25.295,31.865,-3.344,-21.204,38.421,32.040,24.345,272.00,-15.35,63.51,50.03,0.758,0,,0,0.00,0.00,0.00,219.275,3.158,27.095,-4.69,-21.88,68.32,5.314,1.084,-0.01,1.00,1,0,0,0,0,0,-21.88,-29.19,-10.32,0.2512,0.1059,0.4713,1,5.314,0,0.412,0,swing,swingLowL,1.000,3,-0.281 0.497 -0.527 0.805 0.286 0.262 0.178 -0.565 0.447 -0.336,218.75,3.21,27.45,-21.87,-4.64,100.61,388,632,852,1032
619,10.3167,swing,swingLow,224.791,2.693,24.945,32.113,-3.425,-20.784,38.405,32.295,23.995,272.00,-15.35,63.51,50.03,0.761,0,,0,0.00,0.00,0.00,219.809,3.106,26.745,-4.74,-21.89,68.40,5.314,1.085,-0.01,1.00,1,0,0,0,0,0,-21.89,-28.69,-10.33,0.2538,0.1049,0.4717,1,5.314,0,0.413,0,swing,swingLowL,1.000,3,-0.275 0.500 -0.523 0.810 0.285 0.259 0.173 -0.578 0.441 -0.345,219.28,3.16,27.09,-21.88,-4.69,100.69,388,632,856,1032
620,10.3333,swing,swingLow,225.329,2.635,24.602,32.352,-3.501,-20.358,38.384,32.540,23.652,272.00,-15.35,63.51,50.03,0.764,0,,0,0.00,0.00,0.00,220.346,3.052,26.402,-4.79,-21.90,68.47,5.314,1.086,-0.01,1.00,1,0,0,0,0,0,-21.90,-28.18,-10.35,0.2562,0.1039,0.4721,1,5.314,0,0.414,0,swing,swingLowL,1.000,3,-0.269 0.502 -0.519 0.816 0.283 0.257 0.169 -0.591 0.435 -0.354,219.81,3.11,26.74,-21.89,-4.74,100.77,388,636,856,1032
621,10.3500,swing,swingLow,225.870,2.575,24.266,32.581,-3.576,-19.927,38.359,32.776,23.316,272.00,-15.35,63.51,50.03,0.767,0,,0,0.00,0.00,0.00,220.887,2.997,26.066,-4.83,-21.91,68.54,5.314,1.087,-0.00,1.00,1,0,0,0,0,0,-21.91,-27.67,-10.37,0.2586,0.1029,0.4725,1,5.314,0,0.415,0,swing,swingLowL,1.000,3,-0.264 0.504 -0.516 0.821 0.281 0.254 0.165 -0.604 0.430 -0.362,220.35,3.05,26.40,-21.90,-4.79,100.85,388,636,860,1028
622,10.3667,swing,swingLow,226.414,2.515,23.938,32.801,-3.647,-19.492,38.329,33.003,22.988,272.00,-15.35,63.51,50.03,0.770,0,,0,0.00,0.00,0.00,221.432,2.940,25.738,-4.88,-21.92,68.61,5.314,1.088,-0.00,1.00,1,0,0,0,0,0,-21.92,-27.16,-10.38,0.2608,0.1019,0.4728,1,5.314,0,0.416,0,swing,swingLowL,1.000,3,-0.258 0.506 -0.512 0.827 0.279 0.251 0.160 -0.616 0.425 -0.371,220.89,3.00,26.07,-21.91,-4.83,100.92,388,640,856,1028
623,10.3833,swing,swingLow,226.963,2.454,23.617,33.011,-3.714,-19.053,38.296,33.220,22.667,272.00,-15.35,63.51,50.03,0.772,0,,0,0.00,0.00,0.00,221.981,2.882,25.417,-4.92,-21.92,68.67,5.314,1.089,-0.00,1.00,1,0,0,0,0,0,-21.92,-26.65,-10.40,0.2629,0.1009,0.4731,1,5.314,0,0.417,0,swing,swingLowL,1.000,3,-0.253 0.508 -0.508 0.832 0.275 0.249 0.155 -0.628 0.420 -0.380,221.43,2.94,25.74,-21.92,-4.88,100.99,384,640,860,1028
624,10.4000,swing,swingLow,227.514,2.391,23.303,33.212,-3.779,-18.609,38.258,33.427,22.353,272.00,-15.35,63.51,50.03,0.775,0,,0,0.00,0.00,0.00,222.533,2.823,25.103,-4.96,-21.93,68.73,5.314,1.090,-0.00,1.00,1,0,0,0,0,0,-21.93,-26.13,-10.42,0.2648,0.1000,0.4734,1,5.314,0,0.418,0,swing,swingLowL,1.000,3,-0.247 0.510 -0.505 0.836 0.271 0.246 0.150 -0.638 0.415 -0.388,221.98,2.88,25.42,-21.92,-4.92,101.06,384,644,860,1028
625,10.4167,swing,swingLow,228.069,2.327,22.997,33.403,-3.841,-18.162,38.215,33.624,22.047,272.00,-15.35,63.51,50.03,0.777,0,,0,0.00,0.00,0.00,223.088,2.763,24.797,-4.99,-21.94,68.79,5.314,1.091,-0.00,1.00,1,0,0,0,0,0,-21.94,-25.62,-10.43,0.2666,0.0991,0.4736,1,5.314,0,0.419,0,swing,swingLowL,1.000,3,-0.242 0.511 -0.501 0.841 0.267 0.244 0.145 -0.649 0.411 -0.397,222.53,2.82,25.10,-21.93,-4.96,101.12,384,644,860,1028
626,10.4333,swing,swingLow,228.627,2.263,22.698,33.585,-3.898,-17.711,38.168,33.810,21.748,272.00,-15.35,63.51,50.03,0.779,0,,0,0.00,0.00,0.00,223.647,2.701,24.498,-5.03,-21.94,68.85,5.314,1.091,-0.00,1.00,1,0,0,0,0,0,-21.94,-25.11,-10.45,0.2682,0.0983,0.4738,1,5.314,0,0.420,0,swing,swingBottomL,1.000,3,-0.237 0.512 -0.497 0.846 0.261 0.243 0.140 -0.658 0.407 -0.406,223.09,2.76,24.80,-21.94,-4.99,101.19,384,644,860,1024
627,10.4500,swing,swingLow,229.188,2.197,22.406,33.756,-3.954,-17.257,38.117,33.987,21.456,272.00,-15.35,63.51,50.03,0.781,0,,0,0.00,0.00,0.00,224.208,2.638,24.206,-5.06,-21.95,68.90,5.314,1.092,-0.00,1.00,1,0,0,0,0,0,-21.95,-24.61,-10.47,0.2698,0.0974,0.4740,1,5.314,0,0.421,0,swing,swingBottomL,1.000,3,-0.231 0.513 -0.493 0.850 0.256 0.242 0.135 -0.667 0.403 -0.414,223.65,2.70,24.50,-21.94,-5.03,101.24,384,644,860,1024
628,10.4667,swing,swingLow,229.752,2.131,22.123,33.918,-4.006,-16.800,38.062,34.154,21.173,272.00,-15.35,63.51,50.03,0.782,0,,0,0.00,0.00,0.00,224.772,2.575,23.923,-5.09,-21.95,68.95,5.314,1.093,-0.00,1.00,1,0,0,0,0,0,-21.95,-24.11,-10.48,0.2712,0.0966,0.4740,1,5.314,0,0.422,0,swing,swingBottomL,1.000,3,-0.226 0.514 -0.490 0.854 0.250 0.242 0.130 -0.674 0.399 -0.423,224.21,2.64,24.21,-21.95,-5.06,101.30,380,648,864,1024
629,10.4833,swing,swingLow,230.318,2.063,21.847,34.070,-4.054,-16.340,38.002,34.310,20.897,272.00,-15.35,63.51,50.03,0.784,0,,0,0.00,0.00,0.00,225.338,2.510,23.642,-5.12,-21.96,69.00,5.313,1.093,-0.00,1.00,1,0,0,0,0,0,-21.96,-23.62,-10.50,0.2725,0.0959,0.4735,1,5.313,0,0.424,0,swing,swingBottomL,1.000,3,-0.221 0.515 -0.486 0.858 0.243 0.243 0.125 -0.682 0.396 -0.432,224.77,2.57,23.92,-21.95,-5.09,101.35,380,648,864,1024
630,10.5000,swing,swingLow,230.887,1.995,21.578,34.211,-4.101,-15.878,37.939,34.456,20.628,272.00,-15.35,63.51,50.03,0.785,0,,0,0.00,0.00,0.00,225.907,2.444,23.364,-5.15,-21.96,69.04,5.309,1.094,-0.00,1.00,1,0,0,0,0,0,-21.96,-23.13,-10.52,0.2736,0.0953,0.4723,1,5.309,0,0.425,0,swing,swingBottomL,1.000,3,-0.216 0.516 -0.483 0.862 0.236 0.244 0.120 -0.688 0.394 -0.441,225.34,2.51,23.64,-21.96,-5.12,101.40,380,648,868,1024
631,10.5167,swing,swingLow,231.458,1.927,21.318,34.342,-4.144,-15.414,37.870,34.591,20.368,272.00,-15.35,63.51,50.03,0.786,0,,0,0.00,0.00,0.00,226.479,2.378,23.091,-5.18,-21.97,69.09,5.305,1.094,-0.00,1.00,1,0,0,0,0,0,-21.97,-22.65,-10.53,0.2747,0.0947,0.4706,1,5.305,0,0.426,0,swing,swingBottomL,1.000,3,-0.211 0.516 -0.479 0.866 0.229 0.246 0.114 -0.693 0.391 -0.449,225.91,2.44,23.36,-21.96,-5.15,101.45,380,648,864,1024
632,10.5333,swing,swingLow,232.031,1.857,21.065,34.463,-4.183,-14.949,37.798,34.716,20.115,272.00,-15.35,63.51,50.03,0.788,0,,0,0.00,0.00,0.00,227.052,2.310,22.822,-5.20,-21.97,69.13,5.300,1.095,-0.00,1.00,1,0,0,0,0,0,-21.97,-22.17,-10.55,0.2756,0.0943,0.4684,1,5.300,0,0.427,0,swing,swingBottomL,1.000,3,-0.206 0.517 -0.476 0.870 0.222 0.248 0.109 -0.697 0.390 -0.458,226.48,2.38,23.09,-21.97,-5.18,101.49,376,644,864,1024
633,10.5500,swing,swingLow,232.606,1.787,20.820,34.574,-4.221,-14.481,37.721,34.831,19.870,272.00,-15.35,63.51,50.03,0.788,0,,0,0.00,0.00,0.00,227.627,2.242,22.560,-5.23,-21.97,69.16,5.294,1.095,-0.00,1.00,1,0,0,0,0,0,-21.97,-21.70,-10.57,0.2764,0.0938,0.4661,1,5.294,0,0.428,0,swing,swingBottomL,1.000,3,-0.202 0.518 -0.473 0.873 0.215 0.252 0.105 -0.701 0.389 -0.466,227.05,2.31,22.82,-21.97,-5.20,101.53,372,644,868,1024
634,10.5667,swing,swingLow,233.183,1.716,20.582,34.675,-4.255,-14.013,37.640,34.935,19.632,272.00,-15.35,63.51,50.03,0.789,0,,0,0.00,0.00,0.00,228.204,2.174,22.305,-5.25,-21.97,69.20,5.288,1.096,-0.00,1.00,1,0,0,0,0,0,-21.97,-21.24,-10.58,0.2771,0.0935,0.4634,1,5.288,0,0.429,0,swing,swingBottomL,1.000,3,-0.198 0.519 -0.470 0.877 0.208 0.256 0.100 -0.703 0.389 -0.475,227.63,2.24,22.56,-21.97,-5.23,101.57,368,640,868,1024
635,10.5833,swing,swingLow,233.761,1.645,20.353,34.765,-4.286,-13.544,37.555,35.028,19.403,272.00,-15.35,63.51,50.03,0.790,0,,0,0.00,0.00,0.00,228.783,2.104,22.056,-5.27,-21.98,69.23,5.282,1.096,-0.00,1.00,1,0,0,0,0,0,-21.98,-20.79,-10.60,0.2777,0.0933,0.4606,1,5.282,0,0.431,0,swing,swingBottomL,1.000,3,-0.194 0.520 -0.467 0.881 0.201 0.260 0.095 -0.704 0.389 -0.482,228.20,2.17,22.30,-21.97,-5.25,101.61,364,640,868,1024
636,10.6000,swing,swingLow,234.341,1.573,20.131,34.845,-4.315,-13.074,37.466,35.111,19.181,272.00,-15.35,63.51,50.03,0.790,0,,0,0.00,0.00,0.00,229.362,2.034,21.816,-5.29,-21.98,69.26,5.276,1.096,-0.00,1.00,1,0,0,0,0,0,-21.98,-20.35,-10.62,0.2779,0.0932,0.4576,1,5.276,0,0.432,0,swing,swingBottomL,1.000,3,-0.190 0.521 -0.465 0.886 0.194 0.266 0.090 -0.703 0.391 -0.492,228.78,2.10,22.06,-21.98,-5.27,101.64,364,636,868,1024
637,10.6167,swing,swingBottom,234.922,1.501,19.917,34.914,-4.342,-12.604,37.373,35.183,18.967,272.00,-15.35,63.51,50.03,0.791,0,,0,0.00,0.00,0.00,229.944,1.964,21.583,-5.31,-21.98,69.29,5.270,1.097,-0.00,1.00,1,0,0,0,0,0,-21.98,-19.92,-10.63,0.2782,0.0932,0.4544,1,5.270,0,0.433,0,swing,swingBottomL,1.000,3,-0.186 0.522 -0.463 0.890 0.188 0.271 0.085 -0.701 0.393 -0.500,229.36,2.03,21.82,-21.98,-5.29,101.67,360,632,872,1024
638,10.6333,swing,swingBottom,235.504,1.429,19.711,34.974,-4.365,-12.134,37.275,35.245,18.761,272.00,-15.35,63.51,50.03,0.791,0,,0,0.00,0.00,0.00,230.526,1.892,21.357,-5.32,-21.98,69.31,5.264,1.097,-0.00,1.00,1,0,0,0,0,0,-21.98,-19.49,-10.65,0.2781,0.0933,0.4510,1,5.264,0,0.434,0,swing,swingBottomL,1.000,3,-0.183 0.524 -0.460 0.895 0.183 0.277 0.080 -0.695 0.396 -0.510,229.94,1.96,21.58,-21.98,-5.31,101.70,356,628,872,1024
639,10.6500,swing,swingBottom,236.087,1.356,19.513,35.023,-4.386,-11.664,37.174,35.296,18.563,272.00,-15.35,63.51,50.03,0.791,0,,0,0.00,0.00,0.00,231.109,1.821,21.140,-5.34,-21.98,69.33,5.258,1.097,-0.00,1.00,1,0,0,0,0,0,-21.98,-19.08,-10.67,0.2779,0.0934,0.4474,1,5.258,0,0.435,0,swing,swingBottomL,1.000,3,-0.180 0.526 -0.459 0.899 0.178 0.283 0.075 -0.690 0.400 -0.518,230.53,1.89,21.36,-21.98,-5.32,101.73,352,624,872,1024
640,10.6667,swing,swingBottom,236.671,1.282,19.323,35.061,-4.405,-11.195,37.068,35.337,18.373,272.00,-15.35,63.51,50.03,0.791,0,,0,0.00,0.00,0.00,231.693,1.749,20.930,-5.35,-21.99,69.35,5.252,1.097,-0.00,1.00,1,0,0,0,0,0,-21.99,-18.67,-10.68,0.2774,0.0936,0.4436,1,5.252,0,0.436,0,swing,swingBottomL,1.000,3,-0.176 0.528 -0.457 0.904 0.175 0.288 0.069 -0.681 0.405 -0.527,231.11,1.82,21.14,-21.98,-5.34,101.75,348,620,872,1024
641,10.6833,swing,swingBottom,237.255,1.209,19.140,35.090,-4.420,-10.727,36.958,35.367,18.190,272.00,-15.35,63.51,50.03,0.790,0,,0,0.00,0.00,0.00,232.277,1.677,20.728,-5.37,-21.99,69.37,5.246,1.098,-0.00,1.00,1,0,0,0,0,0,-21.99,-18.28,-10.70,0.2767,0.0938,0.4397,1,5.246,0,0.438,0,swing,swingBottomL,1.000,3,-0.174 0.531 -0.455 0.909 0.172 0.293 0.063 -0.671 0.410 -0.534,231.69,1.75,20.93,-21.99,-5.35,101.77,344,616,872,1028
642,10.7000,swing,swingBottom,237.840,1.135,18.965,35.206,-4.446,-10.288,36.947,35.486,18.015,272.00,-15.35,63.51,50.03,0.790,0,,0,0.00,0.00,0.00,232.862,1.604,20.533,-5.38,-21.99,69.39,5.240,1.098,-0.00,1.00,1,0,0,0,0,0,-21.99,-17.89,-10.72,0.2757,0.0941,0.4355,1,5.240,0,0.439,0,swing,swingBottomL,1.000,3,-0.171 0.533 -0.453 0.915 0.171 0.297 0.057 -0.658 0.416 -0.541,232.28,1.68,20.73,-21.99,-5.37,101.79,340,612,872,1028
643,10.7167,swing,swingBottom,238.428,1.061,18.797,35.329,-4.472,-9.851,36.949,35.611,17.847,272.00,-15.35,63.51,50.03,0.790,0,,0,0.00,0.00,0.00,233.450,1.530,20.347,-5.39,-21.97,69.40,5.235,1.098,-0.00,1.00,1,0,0,0,0,0,-21.97,-17.52,-10.73,0.2745,0.0943,0.4315,1,5.235,0,0.440,0,swing,swingBottomL,1.000,3,-0.168 0.536 -0.452 0.920 0.170 0.301 0.051 -0.645 0.422 -0.547,232.86,1.60,20.53,-21.99,-5.38,101.81,336,604,872,1028
644,10.7333,swing,swingBottom,239.017,0.986,18.637,35.457,-4.497,-9.415,36.961,35.741,17.687,272.00,-15.35,63.51,50.03,0.790,0,,0,0.00,0.00,0.00,234.039,1.457,20.168,-5.40,-21.68,69.41,5.229,1.098,-0.00,1.00,1,0,0,0,0,0,-21.68,-17.15,-10.75,0.2727,0.0944,0.4308,1,5.229,0,0.441,0,swing,swingBottomL,1.000,3,-0.165 0.538 -0.450 0.924 0.171 0.302 0.045 -0.628 0.428 -0.551,233.45,1.53,20.35,-21.97,-5.39,101.82,332,600,872,1028
645,10.7500,swing,swingBottom,239.609,0.911,18.484,35.588,-4.522,-8.980,36.981,35.874,17.534,272.00,-15.35,63.51,50.03,0.790,0,,0,0.00,0.00,0.00,234.631,1.383,19.996,-5.42,-21.40,69.42,5.224,1.098,-0.00,1.00,1,0,0,0,0,0,-21.40,-16.79,-10.77,0.2706,0.0945,0.4300,1,5.224,0,0.442,0,swing,swingBottomL,1.000,3,-0.163 0.540 -0.449 0.928 0.173 0.303 0.038 -0.610 0.433 -0.554,234.04,1.46,20.17,-21.68,-5.40,101.84,332,600,872,1028
646,10.7667,swing,swingBottom,240.203,0.835,18.338,35.721,-4.545,-8.543,37.008,36.009,17.388,272.00,-15.35,63.51,50.03,0.791,0,,0,0.00,0.00,0.00,235.225,1.308,19.832,-5.43,-21.12,69.43,5.219,1.098,-0.00,1.00,1,0,0,0,0,0,-21.12,-16.45,-10.78,0.2683,0.0946,0.4290,1,5.219,0,0.443,0,swing,swingBottomL,1.000,3,-0.161 0.542 -0.448 0.933 0.176 0.302 0.032 -0.590 0.439 -0.555,234.63,1.38,20.00,-21.40,-5.42,101.85,332,596,872,1028
647,10.7833,swing,swingBottom,240.798,0.759,18.199,35.764,-4.556,-8.086,36.948,36.053,17.249,272.00,-15.35,63.51,50.03,0.792,0,,0,0.00,0.00,0.00,235.821,1.233,19.675,-5.44,-20.83,69.44,5.213,1.098,-0.00,1.00,1,0,0,0,0,0,-20.83,-16.11,-10.80,0.2658,0.0945,0.4279,1,5.213,0,0.445,0,swing,swingBottomL,1.000,3,-0.158 0.545 -0.446 0.937 0.180 0.301 0.025 -0.569 0.443 -0.553,235.23,1.31,19.83,-21.12,-5.43,101.86,332,592,872,1028
648,10.8000,swing,swingBottom,241.396,0.683,18.068,35.900,-4.579,-7.650,36.991,36.191,17.118,272.00,-15.35,63.51,50.03,0.792,0,,0,0.00,0.00,0.00,236.419,1.157,19.526,-5.44,-20.55,69.45,5.208,1.099,-0.00,1.00,1,0,0,0,0,0,-20.55,-15.79,-10.82,0.2631,0.0944,0.4267,1,5.208,0,0.446,0,swing,swingBottomL,1.000,3,-0.156 0.547 -0.445 0.941 0.185 0.299 0.019 -0.547 0.447 -0.550,235.82,1.23,19.68,-20.83,-5.44,101.87,332,592,872,1028
649,10.8167,swing,swingBottom,241.995,0.607,17.944,35.951,-4.590,-7.195,36.950,36.242,16.994,272.00,-15.35,63.51,50.03,0.793,0,,0,0.00,0.00,0.00,237.017,1.082,19.383,-5.45,-20.26,69.45,5.203,1.099,-0.00,1.00,1,0,0,0,0,0,-20.26,-15.47,-10.83,0.2602,0.0942,0.4253,1,5.203,0,0.447,0,swing,swingBottomL,1.000,3,-0.154 0.549 -0.444 0.945 0.190 0.296 0.012 -0.525 0.451 -0.544,236.42,1.16,19.53,-20.55,-5.44,101.87,332,588,872,1028
650,10.8333,swing,swingBottom,242.596,0.530,17.828,36.092,-4.610,-6.759,37.007,36.385,16.878,272.00,-15.35,63.51,50.03,0.794,0,,0,0.00,0.00,0.00,237.618,1.006,19.249,-5.46,-19.98,69.46,5.198,1.099,-0.00,1.00,1,0,0,0,0,0,-19.98,-15.17,-10.85,0.2574,0.0939,0.4241,1,5.198,0,0.448,0,swing,swingBottomL,1.000,3,-0.152 0.551 -0.442 0.950 0.197 0.292 0.006 -0.503 0.453 -0.537,237.02,1.08,19.38,-20.26,-5.45,101.88,332,584,872,1028
651,10.8500,swing,swingBottom,243.198,0.453,17.719,36.142,-4.619,-6.305,36.978,36.436,16.769,272.00,-15.35,63.51,50.03,0.795,0,,0,0.00,0.00,0.00,238.220,0.929,19.121,-5.47,-19.69,69.46,5.193,1.099,-0.00,1.00,1,0,0,0,0,0,-19.69,-14.88,-10.87,0.2544,0.0936,0.4227,1,5.193,0,0.449,0,swing,swingBottomL,1.000,3,-0.150 0.553 -0.441 0.953 0.204 0.287 -0.000 -0.480 0.454 -0.527,237.62,1.01,19.25,-19.98,-5.46,101.88,332,580,872,1028
652,10.8667,swing,swingBottom,243.800,0.376,17.618,36.196,-4.628,-5.852,36.957,36.491,16.668,272.00,-15.35,63.51,50.03,0.796,0,,0,0.00,0.00,0.00,238.823,0.853,19.001,-5.47,-19.40,69.47,5.188,1.099,-0.00,1.00,1,0,0,0,0,0,-19.40,-14.59,-10.88,0.2516,0.0931,0.4215,1,5.188,0,0.450,0,swing,swingBottomL,1.000,3,-0.147 0.555 -0.440 0.957 0.211 0.281 -0.006 -0.460 0.454 -0.516,238.22,0.93,19.12,-19.69,-5.47,101.89,332,580,872,1028
653,10.8833,swing,swingBottom,244.405,0.298,17.524,36.333,-4.645,-5.412,37.026,36.629,16.574,272.00,-15.35,63.51,50.03,0.797,0,,0,0.00,0.00,0.00,239.428,0.776,18.889,-5.48,-19.11,69.47,5.183,1.099,-0.00,1.00,1,0,0,0,0,0,-19.11,-14.32,-10.90,0.2495,0.0927,0.4206,1,5.183,0,0.452,0,swing,swingBottomL,1.000,3,-0.145 0.557 -0.439 0.961 0.219 0.274 -0.011 -0.438 0.454 -0.503,238.82,0.85,19.00,-19.40,-5.47,101.89,336,576,872,1024
654,10.9000,swing,swingBottom,245.011,0.221,17.437,36.369,-4.649,-4.956,36.998,36.665,16.487,272.00,-15.35,63.51,50.03,0.798,0,,0,0.00,0.00,0.00,240.034,0.699,18.784,-5.48,-18.82,69.47,5.178,1.099,-0.00,1.00,1,0,0,0,0,0,-18.82,-14.06,-10.92,0.2476,0.0922,0.4199,1,5.178,0,0.453,0,swing,swingBottomL,1.000,3,-0.143 0.559 -0.437 0.964 0.227 0.267 -0.016 -0.420 0.452 -0.490,239.43,0.78,18.89,-19.11,-5.48,101.89,336,572,872,1024
655,10.9167,swing,swingBottom,245.617,0.144,17.359,36.395,-4.650,-4.500,36.966,36.691,16.409,272.00,-15.35,63.51,50.03,0.799,0,,0,0.00,0.00,0.00,240.640,0.622,18.686,-5.49,-18.53,69.47,5.173,1.099,-0.00,1.00,1,0,0,0,0,0,-18.53,-13.80,-10.93,0.2455,0.0916,0.4191,1,5.173,0,0.454,0,swing,swingBottomL,1.000,3,-0.140 0.560 -0.436 0.968 0.236 0.259 -0.021 -0.402 0.450 -0.476,240.03,0.70,18.78,-18.82,-5.48,101.90,336,572,872,1024
656,10.9333,swing,swingBottom,246.225,0.066,17.287,36.503,-4.659,-4.053,37.022,36.799,16.337,272.00,-15.35,63.51,50.03,0.799,0,,0,0.00,0.00,0.00,241.248,0.544,18.596,-5.49,-18.24,69.47,5.169,1.099,-0.00,1.00,1,0,0,0,0,0,-18.24,-13.56,-10.95,0.2438,0.0910,0.4186,1,5.169,0,0.455,0,swing,swingBottomL,1.000,3,-0.138 0.562 -0.434 0.971 0.244 0.251 -0.025 -0.387 0.448 -0.464,240.64,0.62,18.69,-18.53,-5.49,101.90,336,572,872,1024
657,10.9500,swing,swingBottom,246.834,-0.012,17.223,36.509,-4.655,-3.595,36.980,36.805,16.273,272.00,-15.35,63.51,50.03,0.800,0,,0,0.00,0.00,0.00,241.857,0.467,18.514,-5.49,-17.95,69.47,5.164,1.099,-0.00,1.00,1,0,0,0,0,0,-17.95,-13.33,-10.97,0.2420,0.0905,0.4181,1,5.164,0,0.456,0,swing,swingBottomL,1.000,3,-0.135 0.563 -0.432 0.974 0.253 0.242 -0.029 -0.373 0.445 -0.452,241.25,0.54,18.60,-18.24,-5.49,101.90,336,568,876,1024
658,10.9667,swing,swingBottom,247.443,-0.089,17.167,36.597,-4.661,-3.145,37.026,36.892,16.217,272.00,-15.35,63.51,50.03,0.801,0,,0,0.00,0.00,0.00,242.466,0.389,18.439,-5.49,-17.65,69.47,5.159,1.099,-0.00,1.00,1,0,0,0,0,0,-17.65,-13.11,-10.98,0.2408,0.0901,0.4179,1,5.159,0,0.457,0,swing,swingBottomL,1.000,3,-0.132 0.564 -0.430 0.976 0.261 0.234 -0.032 -0.364 0.442 -0.442,241.86,0.47,18.51,-17.95,-5.49,101.90,336,568,876,1024
659,10.9833,swing,swingBottom,248.052,-0.167,17.119,36.582,-4.654,-2.687,36.975,36.877,16.169,272.00,-15.35,63.51,50.03,0.801,0,,0,0.00,0.00,0.00,243.075,0.312,18.371,-5.49,-17.36,69.47,5.154,1.099,-0.00,1.00,1,0,0,0,0,0,-17.36,-12.89,-11.00,0.2395,0.0896,0.4177,1,5.154,0,0.458,0,swing,swingBottomL,1.000,3,-0.130 0.565 -0.429 0.979 0.269 0.225 -0.034 -0.355 0.440 -0.433,242.47,0.39,18.44,-17.65,-5.49,101.90,336,568,876,1020
660,11.0000,swing,swingBottom,248.663,-0.245,17.078,36.649,-4.658,-2.234,37.012,36.944,16.128,272.00,-15.35,63.51,50.03,0.802,0,,0,0.00,0.00,0.00,243.686,0.234,18.311,-5.49,-17.06,69.47,5.150,1.099,-0.00,1.00,1,0,0,0,0,0,-17.06,-12.69,-11.02,0.2388,0.0894,0.4180,1,5.150,0,0.460,0,swing,swingBottomL,1.000,3,-0.128 0.565 -0.427 0.981 0.275 0.219 -0.036 -0.352 0.438 -0.426,243.08,0.31,18.37,-17.36,-5.49,101.90,336,568,876,1020
661,11.0167,swing,swingBottom,249.274,-0.322,17.044,36.706,-4.660,-1.780,37.043,37.001,16.094,272.00,-15.35,63.51,50.03,0.803,0,,0,0.00,0.00,0.00,244.297,0.156,18.259,-5.49,-16.77,69.47,5.145,1.100,-0.00,1.00,1,0,0,0,0,0,-16.77,-12.50,-11.03,0.2388,0.0891,0.4186,1,5.145,0,0.461,0,swing,swingBottomL,1.000,3,-0.125 0.566 -0.426 0.982 0.282 0.212 -0.037 -0.349 0.436 -0.420,243.69,0.23,18.31,-17.06,-5.49,101.90,336,568,876,1020
662,11.0333,swing,swingBottom,249.885,-0.400,17.018,36.660,-4.649,-1.321,36.977,36.954,16.068,272.00,-15.35,63.51,50.03,0.803,0,,0,0.00,0.00,0.00,244.908,0.079,18.214,-5.49,-16.47,69.47,5.141,1.100,-0.00,1.00,1,0,0,0,0,0,-16.47,-12.32,-11.05,0.2396,0.0890,0.4197,1,5.141,0,0.462,0,swing,swingBottomL,1.000,3,-0.123 0.566 -0.425 0.984 0.287 0.208 -0.038 -0.349 0.435 -0.417,244.30,0.16,18.26,-16.77,-5.49,101.90,336,572,876,1020
663,11.0500,swing,swingBottom,250.497,-0.477,17.000,36.696,-4.649,-0.866,36.999,36.989,16.050,272.00,-15.35,63.51,50.03,0.804,0,,0,0.00,0.00,0.00,245.520,0.001,18.177,-5.49,-16.18,69.47,5.137,1.100,-0.00,1.00,1,0,0,0,0,0,-16.18,-12.15,-11.07,0.2404,0.0889,0.4208,1,5.137,0,0.463,0,swing,swingBottomL,1.000,3,-0.122 0.567 -0.423 0.985 0.292 0.204 -0.038 -0.351 0.434 -0.415,244.91,0.08,18.21,-16.47,-5.49,101.90,340,572,880,1020
664,11.0667,swing,swingBottom,251.109,-0.555,16.990,36.721,-4.644,-0.410,37.016,37.014,16.040,272.00,-15.35,63.51,50.03,0.804,0,,0,0.00,0.00,0.00,246.132,-0.076,18.148,-5.49,-15.88,69.47,5.132,1.100,-0.00,1.00,1,0,0,0,0,0,-15.88,-11.99,-11.08,0.2418,0.0889,0.4223,1,5.132,0,0.464,0,swing,swingBottomL,1.000,3,-0.120 0.567 -0.422 0.986 0.296 0.201 -0.038 -0.355 0.434 -0.415,245.52,0.00,18.18,-16.18,-5.49,101.90,340,576,880,1020
665,11.0833,swing,swingBottom,251.721,-0.632,16.986,36.848,-4.649,0.047,37.140,37.140,16.036,272.00,-15.35,63.51,50.03,0.804,0,,0,0.00,0.00,0.00,246.744,-0.154,18.126,-5.49,-15.58,69.47,5.128,1.100,-0.00,1.00,1,0,0,0,0,0,-15.58,-11.84,-11.10,0.2433,0.0888,0.4238,1,5.128,0,0.465,0,swing,swingBottomL,1.000,3,-0.118 0.567 -0.420 0.987 0.299 0.199 -0.038 -0.360 0.434 -0.416,246.13,-0.08,18.15,-15.88,-5.49,101.89,340,576,876,1020
666,11.1000,swing,swingBottom,252.337,-0.710,16.991,36.982,-4.655,0.509,37.277,37.274,16.041,272.00,-15.35,63.51,50.03,0.805,0,,0,0.00,0.00,0.00,247.360,-0.232,18.111,-5.49,-15.28,69.47,5.124,1.100,-0.00,1.00,1,0,0,0,0,0,-15.28,-11.70,-11.12,0.2453,0.0889,0.4256,1,5.124,0,0.467,0,swing,swingBottomL,1.000,3,-0.116 0.567 -0.419 0.988 0.301 0.198 -0.038 -0.368 0.433 -0.419,246.74,-0.15,18.13,-15.58,-5.49,101.89,340,580,876,1024
667,11.1167,swing,swingBottom,252.955,-0.787,17.003,37.104,-4.658,0.977,37.408,37.395,16.053,272.00,-15.35,63.51,50.03,0.807,0,,0,0.00,0.00,0.00,247.978,-0.309,18.104,-5.48,-14.99,69.47,5.120,1.100,-0.00,1.00,1,0,0,0,0,0,-14.99,-11.57,-11.13,0.2475,0.0889,0.4273,1,5.120,0,0.468,0,swing,swingBottomL,1.000,3,-0.113 0.567 -0.417 0.989 0.304 0.197 -0.037 -0.377 0.433 -0.424,247.36,-0.23,18.11,-15.28,-5.49,101.89,344,584,876,1024
668,11.1333,swing,swingBottom,253.575,-0.865,17.024,37.214,-4.657,1.448,37.532,37.504,16.074,272.00,-15.35,63.51,50.03,0.808,0,,0,0.00,0.00,0.00,248.598,-0.387,18.105,-5.48,-14.70,69.47,5.116,1.100,-0.00,1.00,1,0,0,0,0,0,-14.70,-11.45,-11.15,0.2501,0.0890,0.4291,1,5.116,0,0.469,0,swing,swingBottomL,1.000,3,-0.111 0.567 -0.416 0.990 0.305 0.198 -0.036 -0.388 0.433 -0.429,247.98,-0.31,18.10,-14.99,-5.48,101.89,344,588,876,1024
669,11.1500,swing,swingBottom,254.197,-0.942,17.052,37.297,-4.654,1.923,37.635,37.586,16.102,272.00,-15.35,63.51,50.03,0.810,0,,0,0.00,0.00,0.00,249.219,-0.465,18.114,-5.48,-14.42,69.47,5.112,1.100,-0.00,1.00,1,0,0,0,0,0,-14.42,-11.34,-11.17,0.2527,0.0890,0.4308,1,5.112,0,0.469,0,swing,swingBottomL,1.000,3,-0.109 0.567 -0.414 0.991 0.306 0.199 -0.036 -0.399 0.432 -0.434,248.60,-0.39,18.11,-14.70,-5.48,101.89,344,592,880,1024
670,11.1667,swing,swingBottom,254.819,-1.020,17.088,37.350,-4.645,2.400,37.715,37.638,16.138,272.00,-15.35,63.51,50.03,0.812,0,,0,0.00,0.00,0.00,249.842,-0.543,18.131,-5.47,-14.15,69.47,5.108,1.100,-0.00,1.00,1,0,0,0,0,0,-14.15,-11.24,-11.18,0.2555,0.0891,0.4326,1,5.108,0,0.470,0,swing,swingBottomL,1.000,3,-0.107 0.567 -0.413 0.991 0.307 0.201 -0.034 -0.412 0.431 -0.440,249.22,-0.47,18.11,-14.42,-5.48,101.89,344,592,880,1024
671,11.1833,swing,swingBottom,255.442,-1.097,17.132,37.378,-4.632,2.878,37.774,37.664,16.182,272.00,-15.35,63.51,50.03,0.814,0,,0,0.00,0.00,0.00,250.465,-0.621,18.155,-5.47,-13.88,69.47,5.104,1.100,-0.00,1.00,1,0,0,0,0,0,-13.88,-11.15,-11.20,0.2584,0.0891,0.4343,1,5.104,0,0.471,0,swing,swingBottomL,1.000,3,-0.105 0.567 -0.411 0.992 0.308 0.203 -0.033 -0.425 0.430 -0.446,249.84,-0.54,18.13,-14.15,-5.47,101.89,344,596,880,1024
672,11.2000,swing,swingBottom,256.065,-1.174,17.184,37.382,-4.615,3.356,37.815,37.666,16.234,272.00,-15.35,63.51,50.03,0.815,0,,0,0.00,0.00,0.00,251.088,-0.699,18.187,-5.46,-13.63,69.47,5.100,1.100,-0.00,1.00,1,0,0,0,0,0,-13.63,-11.08,-11.22,0.2614,0.0890,0.4359,1,5.100,0,0.471,0,swing,swingBottomL,1.000,3,-0.103 0.567 -0.410 0.992 0.308 0.206 -0.032 -0.440 0.429 -0.451,250.46,-0.62,18.15,-13.88,-5.47,101.90,344,600,880,1024
673,11.2167,swing,swingBottom,256.688,-1.251,17.244,37.363,-4.602,3.833,37.840,37.645,16.294,272.00,-15.35,63.51,50.03,0.817,0,,0,0.00,0.00,0.00,251.711,-0.776,18.227,-5.45,-13.38,69.48,5.096,1.100,-0.00,1.00,1,0,0,0,0,0,-13.38,-11.01,-11.23,0.2643,0.0891,0.4375,1,5.096,0,0.472,0,swing,swingBottomL,1.000,3,-0.101 0.566 -0.409 0.992 0.308 0.210 -0.030 -0.455 0.427 -0.456,251.09,-0.70,18.19,-13.63,-5.46,101.90,344,604,880,1024
674,11.2333,swing,swingBottom,257.311,-1.328,17.312,37.323,-4.592,4.308,37.851,37.605,16.362,272.00,-15.35,63.51,50.03,0.818,0,,0,0.00,0.00,0.00,252.333,-0.853,18.275,-5.45,-13.15,69.48,5.092,1.100,-0.00,1.00,1,0,0,0,0,0,-13.15,-10.95,-11.25,0.2672,0.0892,0.4390,1,5.092,0,0.472,0,swing,swingBottomL,1.000,3,-0.100 0.566 -0.409 0.991 0.308 0.215 -0.027 -0.470 0.426 -0.461,251.71,-0.78,18.23,-13.38,-5.45,101.90,344,608,880,1024
675,11.2500,swing,swingBottom,257.932,-1.404,17.387,37.264,-4.580,4.782,37.848,37.545,16.437,272.00,-15.35,63.51,50.03,0.819,0,,0,0.00,0.00,0.00,252.955,-0.930,18.331,-5.44,-12.92,69.49,5.088,1.100,-0.00,1.00,1,0,0,0,0,0,-12.92,-10.91,-11.27,0.2700,0.0894,0.4405,1,5.088,0,0.472,0,swing,swingBottomL,1.000,3,-0.099 0.565 -0.409 0.991 0.307 0.220 -0.025 -0.485 0.425 -0.465,252.33,-0.85,18.28,-13.15,-5.45,101.91,344,612,880,1024
676,11.2667,swing,swingBottom,258.553,-1.480,17.471,37.188,-4.565,5.253,37.834,37.467,16.521,272.00,-15.35,63.51,50.03,0.819,0,,0,0.00,0.00,0.00,253.575,-1.006,18.395,-5.44,-12.70,69.49,5.085,1.100,-0.00,1.00,1,0,0,0,0,0,-12.70,-10.87,-11.28,0.2728,0.0895,0.4418,1,5.085,0,0.472,0,swing,swingBottomL,1.000,3,-0.099 0.565 -0.409 0.990 0.307 0.227 -0.022 -0.500 0.423 -0.468,252.95,-0.93,18.33,-12.92,-5.44,101.91,344,616,880,1024
677,11.2833,swing,swingBottom,259.172,-1.556,17.562,37.096,-4.548,5.720,37.809,37.374,16.612,272.00,-15.35,63.51,50.03,0.819,0,,0,0.00,0.00,0.00,254.194,-1.083,18.467,-5.43,-12.49,69.50,5.081,1.100,-0.00,1.00,1,0,0,0,0,0,-12.49,-10.84,-11.30,0.2754,0.0895,0.4429,1,5.081,0,0.472,0,swing,swingBottomL,1.000,3,-0.098 0.564 -0.409 0.989 0.306 0.234 -0.019 -0.516 0.422 -0.471,253.58,-1.01,18.40,-12.70,-5.44,101.92,344,616,880,1024
678,11.3000,swing,swingBottom,259.789,-1.632,17.662,36.988,-4.530,6.185,37.774,37.264,16.712,272.00,-15.35,63.51,50.03,0.819,0,,0,0.00,0.00,0.00,254.811,-1.159,18.547,-5.43,-12.29,69.51,5.078,1.100,-0.00,1.00,1,0,0,0,0,0,-12.29,-10.83,-11.32,0.2780,0.0896,0.4439,1,5.078,0,0.472,0,swing,swingBottomL,1.000,3,-0.098 0.563 -0.409 0.988 0.305 0.241 -0.016 -0.530 0.420 -0.473,254.19,-1.08,18.47,-12.49,-5.43,101.93,344,620,880,1024
679,11.3167,swing,swingBottom,260.404,-1.707,17.768,36.866,-4.510,6.645,37.730,37.140,16.818,272.00,-15.35,63.51,50.03,0.819,0,,0,0.00,0.00,0.00,255.427,-1.234,18.634,-5.43,-12.10,69.51,5.074,1.100,-0.00,1.00,1,0,0,0,0,0,-12.10,-10.83,-11.33,0.2805,0.0896,0.4448,1,5.074,0,0.471,0,swing,swingBottomL,1.000,3,-0.098 0.562 -0.409 0.987 0.304 0.248 -0.013 -0.545 0.418 -0.475,254.81,-1.16,18.55,-12.29,-5.43,101.93,344,624,880,1024
680,11.3333,swing,swingBottom,261.017,-1.782,17.883,36.730,-4.488,7.101,37.678,37.003,16.933,272.00,-15.35,63.51,50.03,0.819,0,,0,0.00,0.00,0.00,256.040,-1.310,18.729,-5.42,-11.92,69.52,5.071,1.100,-0.00,1.00,1,0,0,0,0,0,-11.92,-10.83,-11.35,0.2827,0.0896,0.4454,1,5.071,0,0.471,0,swing,swingBottomL,1.000,3,-0.097 0.562 -0.409 0.986 0.303 0.255 -0.010 -0.558 0.417 -0.477,255.43,-1.23,18.63,-12.10,-5.43,101.94,344,624,880,1024
681,11.3500,swing,swingBottom,261.628,-1.857,18.005,36.581,-4.464,7.552,37.618,36.852,17.055,272.00,-15.35,63.51,50.03,0.818,0,,0,0.00,0.00,0.00,256.650,-1.385,18.832,-5.42,-11.74,69.52,5.068,1.100,-0.00,1.00,1,0,0,0,0,0,-11.74,-10.85,-11.37,0.2849,0.0896,0.4459,1,5.068,0,0.470,0,swing,swingBottomL,1.000,3,-0.097 0.561 -0.409 0.985 0.302 0.263 -0.008 -0.572 0.415 -0.478,256.04,-1.31,18.73,-11.92,-5.42,101.94,344,628,880,1024
682,11.3667,swing,swingBottom,262.236,-1.931,18.135,36.419,-4.439,7.998,37.551,36.689,17.185,272.00,-15.35,63.51,50.03,0.817,0,,0,0.00,0.00,0.00,257.258,-1.459,18.943,-5.41,-11.57,69.53,5.065,1.100,-0.00,1.00,1,0,0,0,0,0,-11.57,-10.88,-11.38,0.2868,0.0896,0.4462,1,5.065,0,0.470,0,swing,swingBottomL,1.000,3,-0.096 0.561 -0.409 0.984 0.302 0.270 -0.006 -0.583 0.413 -0.478,256.65,-1.38,18.83,-11.74,-5.42,101.95,344,628,880,1024
683,11.3833,swing,swingBottom,262.841,-2.004,18.272,36.246,-4.413,8.439,37.476,36.514,17.322,272.00,-15.35,63.51,50.03,0.815,0,,0,0.00,0.00,0.00,257.864,-1.533,19.061,-5.41,-11.41,69.53,5.062,1.100,-0.00,1.00,1,0,0,0,0,0,-11.41,-10.92,-11.40,0.2887,0.0895,0.4464,1,5.062,0,0.469,0,swing,swingBottomL,1.000,3,-0.096 0.560 -0.409 0.983 0.301 0.277 -0.003 -0.595 0.411 -0.479,257.26,-1.46,18.94,-11.57,-5.41,101.96,344,628,880,1024
684,11.4000,swing,swingBottom,263.444,-2.078,18.416,36.061,-4.385,8.875,37.395,36.327,17.466,272.00,-15.35,63.51,50.03,0.813,0,,0,0.00,0.00,0.00,258.466,-1.607,19.187,-5.40,-11.26,69.54,5.059,1.100,-0.00,1.00,1,0,0,0,0,0,-11.26,-10.97,-11.42,0.2905,0.0894,0.4466,1,5.059,0,0.469,0,swing,swingBottomL,1.000,3,-0.095 0.560 -0.408 0.982 0.301 0.283 -0.002 -0.607 0.409 -0.480,257.86,-1.53,19.06,-11.41,-5.41,101.96,344,632,880,1024
685,11.4167,swing,swingBottom,264.043,-2.151,18.567,35.865,-4.356,9.304,37.308,36.129,17.617,272.00,-15.35,63.51,50.03,0.812,0,,0,0.00,0.00,0.00,259.065,-1.680,19.320,-5.40,-11.11,69.54,5.056,1.100,-0.00,1.00,1,0,0,0,0,0,-11.11,-11.03,-11.43,0.2923,0.0893,0.4467,1,5.056,0,0.468,0,swing,swingBottomL,1.000,3,-0.094 0.559 -0.408 0.981 0.301 0.289 0.000 -0.618 0.406 -0.481,258.47,-1.61,19.19,-11.26,-5.40,101.97,340,632,880,1024
686,11.4333,swing,swingBottom,264.638,-2.223,18.726,35.659,-4.326,9.727,37.214,35.921,17.776,272.00,-15.35,63.51,50.03,0.809,0,,0,0.00,0.00,0.00,259.660,-1.753,19.460,-5.39,-10.97,69.55,5.054,1.100,-0.00,1.00,1,0,0,0,0,0,-10.97,-11.10,-11.45,0.2942,0.0892,0.4468,1,5.054,0,0.467,0,swing,swingBottomL,1.000,3,-0.093 0.558 -0.407 0.980 0.302 0.294 0.002 -0.631 0.404 -0.482,259.06,-1.68,19.32,-11.11,-5.40,101.97,340,632,880,1024
687,11.4500,swing,swingBottom,265.230,-2.295,18.891,35.443,-4.294,10.143,37.115,35.702,17.941,272.00,-15.35,63.51,50.03,0.807,0,,0,0.00,0.00,0.00,260.252,-1.825,19.608,-5.39,-10.83,69.55,5.051,1.100,-0.00,1.00,1,0,0,0,0,0,-10.83,-11.18,-11.47,0.2960,0.0890,0.4469,1,5.051,0,0.466,0,swing,swingBottomL,1.000,3,-0.092 0.558 -0.406 0.978 0.303 0.299 0.004 -0.644 0.401 -0.483,259.66,-1.75,19.46,-10.97,-5.39,101.98,340,632,880,1024
688,11.4667,swing,swingBottom,265.819,-2.366,19.063,35.217,-4.262,10.553,37.010,35.474,18.113,272.00,-15.35,63.51,50.03,0.804,0,,0,0.00,0.00,0.00,260.841,-1.897,19.763,-5.38,-10.71,69.55,5.049,1.100,-0.00,1.00,1,0,0,0,0,0,-10.71,-11.27,-11.48,0.2979,0.0888,0.4469,1,5.049,0,0.465,0,swing,swingBottomL,1.000,3,-0.091 0.557 -0.406 0.977 0.305 0.305 0.007 -0.657 0.397 -0.484,260.25,-1.83,19.61,-10.83,-5.39,101.98,340,636,880,1024
689,11.4833,swing,swingBottom,266.406,-2.437,19.243,35.150,-4.248,11.011,37.079,35.406,18.293,272.00,-15.35,63.51,50.03,0.802,0,,0,0.00,0.00,0.00,261.428,-1.968,19.943,-5.38,-10.78,69.55,5.049,1.100,-0.00,1.00,1,0,0,0,0,0,-10.78,-11.38,-11.50,0.2997,0.0886,0.4468,1,5.049,0,0.465,0,swing,swingBottomL,1.000,3,-0.090 0.557 -0.405 0.976 0.306 0.313 0.009 -0.671 0.394 -0.483,260.84,-1.90,19.76,-10.71,-5.38,101.98,340,636,884,1024
690,11.5000,swing,swingBottom,266.989,-2.507,19.430,34.974,-4.222,11.434,37.037,35.228,18.480,272.00,-15.35,63.51,50.03,0.799,0,,0,0.00,0.00,0.00,262.011,-2.039,20.130,-5.37,-10.86,69.55,5.049,1.100,-0.00,1.00,1,0,0,0,0,0,-10.86,-11.49,-11.52,0.3015,0.0884,0.4467,1,5.049,0,0.464,0,swing,swingBottomL,1.000,3,-0.089 0.556 -0.404 0.974 0.307 0.321 0.011 -0.684 0.390 -0.482,261.43,-1.97,19.94,-10.78,-5.38,101.98,336,636,880,1024
691,11.5167,swing,swingBottom,267.572,-2.578,19.625,34.876,-4.200,11.883,37.083,35.128,18.675,272.00,-15.35,63.51,50.03,0.797,0,,0,0.00,0.00,0.00,262.594,-2.110,20.325,-5.37,-10.93,69.55,5.049,1.100,-0.00,1.00,1,0,0,0,0,0,-10.93,-11.61,-11.53,0.3031,0.0881,0.4464,1,5.049,0,0.463,0,swing,swingBottomL,1.000,3,-0.087 0.556 -0.403 0.973 0.309 0.329 0.013 -0.697 0.386 -0.481,262.01,-2.04,20.13,-10.86,-5.37,101.98,336,636,880,1024
692,11.5333,swing,swingBottom,268.151,-2.647,19.826,34.681,-4.164,12.298,37.032,34.930,18.876,272.00,-15.35,63.51,50.03,0.795,0,,0,0.00,0.00,0.00,263.173,-2.180,20.526,-5.36,-11.01,69.55,5.049,1.100,-0.00,1.00,1,0,0,0,0,0,-11.01,-11.75,-11.55,0.3046,0.0878,0.4460,1,5.049,0,0.462,0,swing,swingBottomL,1.000,3,-0.086 0.556 -0.402 0.972 0.310 0.339 0.014 -0.710 0.381 -0.480,262.59,-2.11,20.32,-10.93,-5.37,101.98,336,636,880,1024
693,11.5500,swing,swingBottom,268.728,-2.716,20.035,34.564,-4.136,12.741,37.069,34.810,19.085,272.00,-15.35,63.51,50.03,0.793,0,,0,0.00,0.00,0.00,263.750,-2.250,20.735,-5.35,-11.09,69.55,5.049,1.100,-0.00,1.00,1,0,0,0,0,0,-11.09,-11.89,-11.57,0.3060,0.0874,0.4455,1,5.049,0,0.461,0,swing,swingBottomL,1.000,3,-0.084 0.556 -0.400 0.971 0.311 0.348 0.016 -0.721 0.376 -0.479,263.17,-2.18,20.53,-11.01,-5.36,101.98,336,636,880,1024
694,11.5667,swing,swingHigh,269.302,-2.785,20.250,34.350,-4.092,13.148,37.007,34.593,19.300,272.00,-15.35,63.51,50.03,0.791,0,,0,0.00,0.00,0.00,264.324,-2.319,20.950,-5.34,-11.17,69.55,5.049,1.100,-0.00,1.00,1,0,0,0,0,0,-11.17,-12.05,-11.58,0.3072,0.0870,0.4448,1,5.049,0,0.460,0,swing,swingBottomL,1.000,3,-0.083 0.556 -0.399 0.970 0.313 0.357 0.017 -0.732 0.371 -0.478,263.75,-2.25,20.73,-11.09,-5.35,101.98,332,636,880,1020
695,11.5833,swing,swingHigh,269.874,-2.853,20.473,34.214,-4.052,13.583,37.034,34.454,19.523,272.00,-15.35,63.51,50.03,0.789,0,,0,0.00,0.00,0.00,264.896,-2.388,21.173,-5.33,-11.25,69.55,5.049,1.100,-0.00,1.00,1,0,0,0,0,0,-11.25,-12.21,-11.60,0.3083,0.0865,0.4440,1,5.049,0,0.459,0,swing,swingBottomL,1.000,3,-0.081 0.557 -0.397 0.969 0.314 0.367 0.017 -0.742 0.366 -0.476,264.32,-2.32,20.95,-11.17,-5.34,101.98,332,636,880,1020
696,11.6000,swing,swingHigh,270.443,-2.920,20.703,34.069,-4.011,14.016,37.057,34.304,19.753,272.00,-15.35,63.51,50.03,0.788,0,,0,0.00,0.00,0.00,265.465,-2.456,21.403,-5.32,-11.33,69.55,5.049,1.100,-0.00,1.00,1,0,0,0,0,0,-11.33,-12.39,-11.62,0.3091,0.0860,0.4430,1,5.049,0,0.458,0,swing,swingBottomL,1.000,3,-0.078 0.557 -0.395 0.968 0.315 0.376 0.017 -0.751 0.361 -0.474,264.90,-2.39,21.17,-11.25,-5.33,101.98,332,636,884,1020
697,11.6167,swing,swingHigh,271.010,-2.986,20.940,33.913,-3.967,14.445,37.074,34.144,19.990,272.00,-15.35,63.51,50.03,0.786,0,,0,0.00,0.00,0.00,266.031,-2.524,21.640,-5.31,-11.42,69.54,5.049,1.100,-0.00,1.00,1,0,0,0,0,0,-11.42,-12.58,-11.63,0.3098,0.0855,0.4420,1,5.049,0,0.457,0,swing,swingBottomL,1.000,3,-0.076 0.557 -0.394 0.967 0.317 0.386 0.017 -0.758 0.355 -0.472,265.46,-2.46,21.40,-11.33,-5.32,101.98,328,636,880,1020
698,11.6333,swing,swingHigh,271.574,-3.052,21.185,33.748,-3.921,14.870,37.086,33.975,20.235,272.00,-15.35,63.51,50.03,0.784,0,,0,0.00,0.00,0.00,266.595,-2.591,21.885,-5.29,-11.50,69.54,5.049,1.100,-0.00,1.00,1,0,0,0,0,0,-11.50,-12.77,-11.65,0.3103,0.0851,0.4408,1,5.049,0,0.456,0,swing,swingBottomL,1.000,3,-0.074 0.558 -0.392 0.966 0.318 0.396 0.018 -0.764 0.351 -0.470,266.03,-2.52,21.64,-11.42,-5.31,101.97,328,632,884,1020
699,11.6500,swing,swingHigh,272.133,-3.116,21.435,33.489,-3.864,15.253,37.002,33.712,20.485,272.00,-15.35,63.51,50.03,0.782,0,,0,0.00,0.00,0.00,267.154,-2.657,22.135,-5.27,-11.59,69.54,5.049,1.100,-0.00,1.00,1,0,0,0,0,0,-11.59,-12.98,-11.67,0.3105,0.0850,0.4395,1,5.049,0,0.454,0,swing,swingBottomL,1.000,3,-0.073 0.559 -0.391 0.965 0.320 0.406 0.018 -0.769 0.346 -0.467,266.59,-2.59,21.88,-11.50,-5.29,101.97,324,632,880,1020
700,11.6667,swing,swingHigh,272.690,-3.180,21.693,33.307,-3.814,15.669,37.005,33.524,20.743,272.00,-15.35,63.51,50.03,0.780,0,,0,0.00,0.00,0.00,267.711,-2.722,22.393,-5.26,-11.67,69.54,5.049,1.100,-0.00,1.00,1,0,0,0,0,0,-11.67,-13.19,-11.68,0.3107,0.0854,0.4380,1,5.049,0,0.453,0,swing,swingBottomL,1.000,3,-0.071 0.560 -0.390 0.964 0.321 0.417 0.018 -0.773 0.342 -0.464,267.15,-2.66,22.14,-11.59,-5.27,101.97,324,632,880,1020
701,11.6833,swing,swingHigh,273.243,-3.243,21.958,33.114,-3.762,16.080,37.004,33.327,21.008,272.00,-15.35,63.51,50.03,0.778,0,,0,0.00,0.00,0.00,268.264,-2.787,22.658,-5.24,-11.76,69.53,5.049,1.100,-0.00,1.00,1,0,0,0,0,0,-11.76,-13.42,-11.70,0.3106,0.0857,0.4365,1,5.049,0,0.452,0,swing,swingBottomL,1.000,3,-0.070 0.561 -0.390 0.963 0.323 0.427 0.018 -0.775 0.338 -0.461,267.71,-2.72,22.39,-11.67,-5.26,101.97,324,628,884,1020
702,11.7000,swing,swingHigh,273.794,-3.306,22.229,32.913,-3.709,16.487,36.998,33.122,21.279,272.00,-15.35,63.51,50.03,0.776,0,,0,0.00,0.00,0.00,268.814,-2.851,22.929,-5.22,-11.85,69.53,5.049,1.100,-0.00,1.00,1,0,0,0,0,0,-11.85,-13.66,-11.72,0.3105,0.0861,0.4348,1,5.049,0,0.451,0,swing,swingBottomL,1.000,3,-0.069 0.562 -0.389 0.963 0.325 0.438 0.018 -0.775 0.336 -0.457,268.26,-2.79,22.66,-11.76,-5.24,101.96,320,628,880,1020
703,11.7167,swing,swingHigh,274.340,-3.367,22.507,32.707,-3.623,16.888,36.987,32.907,21.557,272.00,-15.35,63.51,50.03,0.774,0,,0,0.00,0.00,0.00,269.361,-2.914,23.207,-5.20,-11.93,69.53,5.049,1.100,-0.00,1.00,1,0,0,0,0,0,-11.93,-13.90,-11.73,0.3105,0.0862,0.4328,1,5.049,0,0.450,0,swing,swingBottomL,1.000,3,-0.066 0.564 -0.385 0.963 0.328 0.447 0.015 -0.775 0.331 -0.454,268.81,-2.85,22.93,-11.85,-5.22,101.96,320,624,884,1024
704,11.7333,swing,swingHigh,274.884,-3.426,22.792,32.495,-3.505,17.284,36.973,32.684,21.842,272.00,-15.35,63.51,50.03,0.772,0,,0,0.00,0.00,0.00,269.904,-2.975,23.492,-5.16,-12.02,69.52,5.049,1.100,-0.00,1.00,1,0,0,0,0,0,-12.02,-14.16,-11.75,0.3108,0.0862,0.4304,1,5.049,0,0.449,0,swing,swingBottomL,1.000,3,-0.061 0.566 -0.378 0.965 0.333 0.455 0.009 -0.773 0.326 -0.451,269.36,-2.91,23.21,-11.93,-5.20,101.96,316,624,884,1024
705,11.7500,swing,swingHigh,275.424,-3.483,23.083,32.275,-3.386,17.675,36.954,32.452,22.133,272.00,-15.35,63.51,50.03,0.770,0,,0,0.00,0.00,0.00,270.444,-3.036,23.783,-5.12,-12.11,69.52,5.049,1.100,-0.00,1.00,1,0,0,0,0,0,-12.11,-14.42,-11.77,0.3110,0.0863,0.4279,1,5.049,0,0.448,0,swing,swingBottomL,1.000,3,-0.054 0.568 -0.371 0.968 0.340 0.460 0.003 -0.770 0.321 -0.449,269.90,-2.98,23.49,-12.02,-5.16,101.95,312,620,888,1028
706,11.7667,swing,swingHigh,275.960,-3.538,23.381,32.047,-3.261,18.061,36.930,32.212,22.431,272.00,-15.35,63.51,50.03,0.767,0,,0,0.00,0.00,0.00,270.979,-3.095,24.081,-5.08,-12.20,69.52,5.049,1.100,-0.00,1.00,1,0,0,0,0,0,-12.20,-14.70,-11.78,0.3108,0.0867,0.4256,1,5.049,0,0.447,0,swing,swingBottomL,1.000,3,-0.050 0.570 -0.369 0.969 0.346 0.468 -0.002 -0.765 0.318 -0.444,270.44,-3.04,23.78,-12.11,-5.12,101.95,312,616,888,1028
707,11.7833,swing,swingHigh,276.492,-3.590,23.685,31.810,-3.132,18.440,36.902,31.964,22.735,272.00,-15.35,63.51,50.03,0.765,0,,0,0.00,0.00,0.00,271.511,-3.153,24.385,-5.02,-12.29,69.51,5.049,1.100,-0.00,1.00,1,0,0,0,0,0,-12.29,-14.99,-11.80,0.3106,0.0871,0.4232,1,5.049,0,0.446,0,swing,swingHighL,1.000,3,-0.047 0.573 -0.368 0.969 0.351 0.477 -0.006 -0.759 0.315 -0.439,270.98,-3.10,24.08,-12.20,-5.08,101.94,308,616,888,1032
708,11.8000,swing,swingHigh,277.020,-3.641,23.995,31.566,-3.001,18.813,36.870,31.708,23.045,272.00,-15.35,63.51,50.03,0.762,0,,0,0.00,0.00,0.00,272.039,-3.208,24.695,-4.96,-12.38,69.51,5.049,1.100,-0.00,1.00,1,0,0,0,0,0,-12.38,-15.28,-11.82,0.3109,0.0874,0.4207,1,5.049,0,0.444,0,swing,swingHighL,1.000,3,-0.042 0.575 -0.365 0.972 0.358 0.480 -0.008 -0.753 0.317 -0.430,271.51,-3.15,24.39,-12.29,-5.02,101.94,308,612,892,1032
709,11.8167,swing,swingHigh,277.544,-3.690,24.312,31.314,-2.865,19.180,36.833,31.445,23.362,272.00,-15.35,63.51,50.03,0.760,0,,0,0.00,0.00,0.00,272.562,-3.262,25.012,-4.90,-12.47,69.50,5.049,1.100,-0.00,1.00,1,0,0,0,0,0,-12.47,-15.59,-11.83,0.3111,0.0878,0.4184,1,5.049,0,0.443,0,swing,swingHighL,1.000,3,-0.039 0.577 -0.364 0.973 0.364 0.486 -0.009 -0.746 0.319 -0.421,272.04,-3.21,24.70,-12.38,-4.96,101.94,304,608,892,1036
710,11.8333,swing,swingHigh,278.063,-3.736,24.635,31.055,-2.725,19.541,36.792,31.174,23.685,272.00,-15.35,63.51,50.03,0.757,0,,0,0.00,0.00,0.00,273.081,-3.314,25.335,-4.84,-12.55,69.50,5.049,1.100,-0.00,1.00,1,0,0,0,0,0,-12.55,-15.90,-11.85,0.3114,0.0882,0.4160,1,5.049,0,0.442,0,swing,swingHighL,1.000,3,-0.036 0.579 -0.362 0.974 0.371 0.489 -0.010 -0.738 0.322 -0.408,272.56,-3.26,25.01,-12.47,-4.90,101.93,300,608,892,1036
711,11.8500,swing,swingHigh,278.579,-3.780,24.963,30.788,-2.584,19.895,36.747,30.896,24.013,272.00,-15.35,63.51,50.03,0.754,0,,0,0.00,0.00,0.00,273.596,-3.364,25.663,-4.77,-12.64,69.50,5.049,1.100,-0.00,1.00,1,0,0,0,0,0,-12.64,-16.23,-11.87,0.3118,0.0886,0.4138,1,5.049,0,0.441,0,swing,swingHighL,1.000,3,-0.033 0.581 -0.362 0.974 0.378 0.493 -0.010 -0.731 0.327 -0.393,273.08,-3.31,25.33,-12.55,-4.84,101.93,300,604,896,1036
712,11.8667,swing,swingHigh,279.089,-3.821,25.298,30.514,-2.439,20.242,36.698,30.611,24.348,272.00,-15.35,63.51,50.03,0.751,0,,0,0.00,0.00,0.00,274.106,-3.411,25.998,-4.70,-12.73,69.49,5.049,1.100,-0.00,1.00,1,0,0,0,0,0,-12.73,-16.56,-11.88,0.3122,0.0889,0.4115,1,5.049,0,0.440,0,swing,swingHighL,1.000,3,-0.031 0.583 -0.362 0.975 0.385 0.493 -0.010 -0.722 0.333 -0.374,273.60,-3.36,25.66,-12.64,-4.77,101.92,296,604,892,1040
713,11.8833,swing,swingHigh,279.595,-3.860,25.638,30.233,-2.290,20.581,36.645,30.319,24.688,272.00,-15.35,63.51,50.03,0.748,0,,0,0.00,0.00,0.00,274.612,-3.456,26.338,-4.63,-12.82,69.49,5.049,1.100,-0.00,1.00,1,0,0,0,0,0,-12.82,-16.90,-11.90,0.3126,0.0893,0.4093,1,5.049,0,0.439,0,swing,swingHighL,1.000,3,-0.030 0.584 -0.362 0.974 0.392 0.493 -0.009 -0.713 0.339 -0.352,274.11,-3.41,26.00,-12.73,-4.70,101.92,292,600,896,1040
714,11.9000,swing,swingHigh,280.097,-3.896,25.983,29.945,-2.140,20.914,36.588,30.021,25.033,272.00,-15.35,63.51,50.03,0.745,0,,0,0.00,0.00,0.00,275.113,-3.499,26.683,-4.56,-12.91,69.48,5.049,1.100,-0.00,1.00,1,0,0,0,0,0,-12.91,-17.25,-11.92,0.3130,0.0896,0.4071,1,5.049,0,0.438,0,swing,swingHighL,1.000,3,-0.028 0.585 -0.362 0.974 0.399 0.490 -0.008 -0.702 0.345 -0.326,274.61,-3.46,26.34,-12.82,-4.63,101.91,292,600,896,1044
715,11.9167,swing,swingHigh,280.593,-3.930,26.334,29.650,-1.986,21.239,36.527,29.717,25.384,272.00,-15.35,63.51,50.03,0.741,0,,0,0.00,0.00,0.00,275.608,-3.540,27.034,-4.48,-13.00,69.47,5.049,1.100,-0.00,1.00,1,0,0,0,0,0,-13.00,-17.62,-11.93,0.3132,0.0900,0.4049,1,5.049,0,0.436,0,swing,swingHighL,1.000,3,-0.027 0.586 -0.363 0.973 0.406 0.486 -0.006 -0.691 0.352 -0.297,275.11,-3.50,26.68,-12.91,-4.56,101.91,288,596,896,1044
716,11.9333,swing,swingHigh,281.085,-3.961,26.691,29.350,-1.829,21.556,36.461,29.407,25.741,272.00,-15.35,63.51,50.03,0.738,0,,0,0.00,0.00,0.00,276.099,-3.578,27.391,-4.40,-13.09,69.47,5.049,1.100,-0.00,1.00,1,0,0,0,0,0,-13.09,-17.99,-11.95,0.3133,0.0903,0.4026,1,5.049,0,0.435,0,swing,swingHighL,1.000,3,-0.026 0.586 -0.363 0.971 0.413 0.479 -0.005 -0.678 0.359 -0.265,275.61,-3.54,27.03,-13.00,-4.48,101.90,288,596,900,1044
717,11.9500,swing,swingHigh,281.571,-3.990,27.053,29.043,-1.671,21.866,36.393,29.091,26.103,272.00,-15.35,63.51,50.03,0.734,0,,0,0.00,0.00,0.00,276.585,-3.613,27.753,-4.32,-13.18,69.46,5.049,1.100,-0.00,1.00,1,0,0,0,0,0,-13.18,-18.37,-11.97,0.3131,0.0906,0.4003,1,5.049,0,0.434,0,swing,swingHighL,1.000,3,-0.025 0.586 -0.364 0.969 0.419 0.473 -0.004 -0.665 0.365 -0.230,276.10,-3.58,27.39,-13.09,-4.40,101.89,284,592,900,1048
718,11.9667,swing,swingHigh,282.052,-4.016,27.419,28.730,-1.511,22.168,36.320,28.770,26.469,272.00,-15.35,63.51,50.03,0.730,0,,0,0.00,0.00,0.00,277.066,-3.646,28.119,-4.24,-13.27,69.45,5.049,1.100,-0.00,1.00,1,0,0,0,0,0,-13.27,-18.76,-11.98,0.3127,0.0909,0.3980,1,5.049,0,0.433,0,swing,swingHighL,1.000,3,-0.024 0.586 -0.365 0.967 0.425 0.464 -0.003 -0.650 0.371 -0.193,276.59,-3.61,27.75,-13.18,-4.32,101.89,280,592,900,1048
719,11.9833,swing,swingHigh,282.528,-4.039,27.791,28.411,-1.347,22.462,36.243,28.443,26.841,272.00,-15.35,63.51,50.03,0.727,0,,0,0.00,0.00,0.00,277.542,-3.677,28.491,-4.16,-13.36,69.44,5.049,1.100,-0.00,1.00,1,0,0,0,0,0,-13.36,-19.16,-12.00,0.3121,0.0911,0.3956,1,5.049,0,0.432,0,swing,swingHighL,1.000,3,-0.023 0.585 -0.366 0.964 0.430 0.454 -0.002 -0.634 0.376 -0.154,277.07,-3.65,28.12,-13.27,-4.24,101.88,280,588,900,1048
720,12.0000,swing,swingHigh,282.999,-4.060,28.168,28.088,-1.183,22.748,36.163,28.112,27.218,272.00,-15.35,63.51,50.03,0.722,0,,0,0.00,0.00,0.00,278.012,-3.705,28.868,-4.07,-13.45,69.44,5.049,1.100,-0.00,1.00,1,0,0,0,0,0,-13.45,-19.56,-12.02,0.3113,0.0914,0.3932,1,5.049,0,0.431,0,swing,swingHighL,1.000,3,-0.023 0.584 -0.367 0.960 0.434 0.443 -0.002 -0.618 0.380 -0.115,277.54,-3.68,28.49,-13.36,-4.16,101.87,276,584,904,1048
721,12.0167,swing,swingHigh,283.464,-4.078,28.549,27.758,-1.018,23.026,36.080,27.777,27.599,272.00,-15.35,63.51,50.03,0.718,0,,0,0.00,0.00,0.00,278.476,-3.730,29.249,-3.99,-13.54,69.43,5.049,1.100,-0.00,1.00,1,0,0,0,0,0,-13.54,-19.98,-12.03,0.3102,0.0916,0.3907,1,5.049,0,0.430,0,swing,swingHighL,1.000,3,-0.022 0.583 -0.368 0.956 0.437 0.433 -0.001 -0.600 0.384 -0.075,278.01,-3.70,28.87,-13.45,-4.07,101.86,276,580,900,1052
722,12.0333,swing,swingHigh,283.924,-4.093,28.935,27.424,-0.850,23.295,35.992,27.437,27.985,272.00,-15.35,63.51,50.03,0.714,0,,0,0.00,0.00,0.00,278.935,-3.753,29.635,-3.90,-13.63,69.42,5.049,1.100,-0.00,1.00,1,0,0,0,0,0,-13.63,-20.40,-12.05,0.3090,0.0917,0.3883,1,5.049,0,0.428,0,swing,swingHighL,1.000,3,-0.022 0.581 -0.369 0.952 0.440 0.421 -0.001 -0.583 0.388 -0.038,278.48,-3.73,29.25,-13.54,-3.99,101.85,272,580,904,1052
723,12.0500,swing,swingHigh,284.378,-4.105,29.325,27.085,-0.682,23.556,35.901,27.093,28.375,272.00,-15.35,63.51,50.03,0.710,0,,0,0.00,0.00,0.00,279.389,-3.773,30.025,-3.81,-13.72,69.41,5.049,1.100,-0.00,1.00,1,0,0,0,0,0,-13.72,-20.83,-12.07,0.3075,0.0919,0.3858,1,5.049,0,0.427,0,swing,swingHighL,1.000,3,-0.021 0.579 -0.370 0.947 0.441 0.410 -0.001 -0.566 0.392 -0.001,278.94,-3.75,29.63,-13.63,-3.90,101.84,272,576,904,1052
724,12.0667,swing,swingHigh,284.826,-4.114,29.719,26.741,-0.513,23.808,35.807,26.746,28.769,272.00,-15.35,63.51,50.03,0.705,0,,0,0.00,0.00,0.00,279.837,-3.790,30.419,-3.72,-13.81,69.40,5.049,1.100,-0.00,1.00,1,0,0,0,0,0,-13.81,-21.27,-12.08,0.3061,0.0920,0.3835,1,5.049,0,0.426,0,swing,swingHighL,1.000,3,-0.021 0.578 -0.372 0.942 0.442 0.400 -0.001 -0.550 0.395 0.032,279.39,-3.77,30.02,-13.72,-3.81,101.83,272,572,904,1052
725,12.0833,swing,swingHigh,285.269,-4.121,30.118,26.392,-0.343,24.051,35.709,26.395,29.168,272.00,-15.35,63.51,50.03,0.701,0,,0,0.00,0.00,0.00,280.279,-3.805,30.818,-3.62,-13.90,69.38,5.049,1.100,-0.00,1.00,1,0,0,0,0,0,-13.90,-21.72,-12.10,0.3046,0.0923,0.3812,1,5.049,0,0.425,0,swing,swingHighL,1.000,3,-0.020 0.576 -0.373 0.936 0.442 0.389 -0.001 -0.534 0.399 0.065,279.84,-3.79,30.42,-13.81,-3.72,101.82,268,568,904,1056
726,12.1000,swing,swingHigh,285.705,-4.125,30.520,26.040,-0.172,24.287,35.608,26.041,29.570,272.00,-15.35,63.51,50.03,0.696,0,,0,0.00,0.00,0.00,280.715,-3.817,31.220,-3.53,-13.98,69.37,5.049,1.100,-0.00,1.00,1,0,0,0,0,0,-13.98,-22.18,-12.12,0.3033,0.0926,0.3791,1,5.049,0,0.424,0,swing,swingHighL,1.000,3,-0.020 0.574 -0.374 0.930 0.442 0.380 -0.001 -0.521 0.403 0.091,280.28,-3.80,30.82,-13.90,-3.62,101.80,268,564,904,1056
727,12.1167,swing,swingHigh,286.136,-4.125,30.927,25.684,-0.002,24.513,35.504,25.684,29.977,272.00,-15.35,63.51,50.03,0.691,0,,0,0.00,0.00,0.00,281.145,-3.826,31.627,-3.44,-14.07,69.36,5.049,1.100,-0.00,1.00,1,0,0,0,0,0,-14.07,-22.64,-12.13,0.3019,0.0929,0.3771,1,5.049,0,0.423,0,swing,swingHighL,1.000,3,-0.020 0.571 -0.375 0.924 0.441 0.372 -0.002 -0.507 0.407 0.117,280.71,-3.82,31.22,-13.98,-3.53,101.79,264,564,908,1056
728,12.1333,swing,swingHigh,286.561,-4.123,31.337,25.324,0.169,24.731,35.397,25.324,30.387,272.00,-15.35,63.51,50.03,0.686,0,,0,0.00,0.00,0.00,281.569,-3.832,32.037,-3.34,-14.16,69.34,5.049,1.100,-0.00,1.00,1,0,0,0,0,0,-14.16,-23.11,-12.15,0.3009,0.0931,0.3754,1,5.049,0,0.422,0,swing,swingHighL,1.000,3,-0.019 0.569 -0.376 0.917 0.441 0.366 -0.001 -0.498 0.413 0.135,281.14,-3.83,31.63,-14.07,-3.44,101.78,264,560,904,1056
729,12.1500,swing,swingHigh,286.980,-4.119,31.750,24.960,0.340,24.940,35.286,24.963,30.800,272.00,-15.35,63.51,50.03,0.681,0,,0,0.00,0.00,0.00,281.988,-3.836,32.450,-3.24,-14.25,69.33,5.049,1.100,-0.00,1.00,1,0,0,0,0,0,-14.25,-23.59,-12.17,0.2998,0.0933,0.3737,1,5.049,0,0.420,0,swing,swingHighL,1.000,3,-0.019 0.567 -0.377 0.910 0.440 0.360 -0.001 -0.488 0.419 0.153,281.57,-3.83,32.04,-14.16,-3.34,101.76,264,556,904,1060
730,12.1667,swing,swingHigh,287.392,-4.111,32.167,24.594,0.510,25.140,35.173,24.599,31.217,272.00,-15.35,63.51,50.03,0.676,0,,0,0.00,0.00,0.00,282.400,-3.836,32.867,-3.15,-14.33,69.31,5.049,1.100,-0.00,1.00,1,0,0,0,0,0,-14.33,-24.08,-12.18,0.2992,0.0936,0.3723,1,5.049,0,0.419,0,swing,swingHighL,1.000,3,-0.018 0.565 -0.378 0.903 0.440 0.357 0.000 -0.483 0.426 0.163,281.99,-3.84,32.45,-14.25,-3.24,101.74,260,556,908,1060
731,12.1833,swing,swingHigh,287.799,-4.101,32.587,24.224,0.678,25.331,35.056,24.233,31.637,272.00,-15.35,63.51,50.03,0.671,0,,0,0.00,0.00,0.00,282.806,-3.834,33.287,-3.05,-14.42,69.29,5.049,1.100,-0.00,1.00,1,0,0,0,0,0,-14.42,-24.57,-12.20,0.2986,0.0939,0.3710,1,5.049,0,0.418,0,swing,swingHighL,1.000,3,-0.018 0.563 -0.379 0.896 0.439 0.354 0.001 -0.478 0.434 0.173,282.40,-3.84,32.87,-14.33,-3.15,101.73,260,556,908,1060
732,12.2000,swing,swingHigh,288.199,-4.087,33.011,23.852,0.847,25.513,34.936,23.867,32.061,272.00,-15.35,63.51,50.03,0.665,0,,0,0.00,0.00,0.00,283.206,-3.830,33.711,-2.95,-14.51,69.27,5.049,1.099,-0.00,1.00,1,0,0,0,0,0,-14.51,-25.07,-12.22,0.2983,0.0942,0.3700,1,5.049,0,0.417,0,swing,swingHighL,1.000,3,-0.018 0.561 -0.380 0.888 0.439 0.355 0.003 -0.475 0.443 0.176,282.81,-3.83,33.29,-14.42,-3.05,101.71,260,552,908,1060
733,12.2167,swing,swingHigh,288.593,-4.071,33.437,23.477,1.015,25.687,34.814,23.499,32.487,272.00,-15.35,63.51,50.03,0.660,0,,0,0.00,0.00,0.00,283.599,-3.822,34.137,-2.85,-14.59,69.25,5.049,1.099,-0.00,1.00,1,0,0,0,0,0,-14.59,-25.58,-12.23,0.2979,0.0946,0.3690,1,5.049,0,0.416,0,swing,swingHighL,1.000,3,-0.018 0.558 -0.381 0.881 0.439 0.355 0.005 -0.473 0.452 0.180,283.21,-3.83,33.71,-14.51,-2.95,101.69,260,552,908,1064
734,12.2333,swing,swingHigh,288.981,-4.052,33.866,23.099,1.180,25.852,34.688,23.129,32.916,272.00,-15.35,63.51,50.03,0.654,0,,0,0.00,0.00,0.00,283.987,-3.812,34.566,-2.76,-14.68,69.23,5.049,1.099,-0.00,1.00,1,0,0,0,0,0,-14.68,-26.09,-12.25,0.2978,0.0951,0.3682,1,5.049,0,0.415,0,swing,swingHighL,1.000,3,-0.018 0.556 -0.383 0.872 0.440 0.359 0.008 -0.473 0.462 0.178,283.60,-3.82,34.14,-14.59,-2.85,101.67,256,552,908,1064
735,12.2500,swing,swingHigh,289.362,-4.031,34.298,22.720,1.345,26.008,34.560,22.760,33.348,272.00,-15.35,63.51,50.03,0.649,0,,0,0.00,0.00,0.00,284.368,-3.799,34.998,-2.66,-14.76,69.21,5.049,1.099,-0.00,1.00,1,0,0,0,0,0,-14.76,-26.60,-12.27,0.2976,0.0955,0.3674,1,5.049,0,0.414,0,swing,swingHighL,1.000,3,-0.019 0.554 -0.384 0.864 0.441 0.363 0.011 -0.473 0.472 0.177,283.99,-3.81,34.57,-14.68,-2.76,101.64,256,548,912,1064
736,12.2667,swing,swingHigh,289.738,-4.006,34.732,22.339,1.507,26.155,34.430,22.390,33.782,272.00,-15.35,63.51,50.03,0.643,0,,0,0.00,0.00,0.00,284.743,-3.783,35.432,-2.56,-14.84,69.18,5.049,1.098,-0.00,1.00,1,0,0,0,0,0,-14.84,-27.10,-12.28,0.2975,0.0960,0.3668,1,5.049,0,0.413,0,swing,swingHighL,1.000,3,-0.019 0.551 -0.385 0.856 0.442 0.368 0.014 -0.474 0.482 0.173,284.37,-3.80,35.00,-14.76,-2.66,101.62,256,548,912,1068
737,12.2833,swing,swingHigh,290.106,-3.979,35.169,21.956,1.667,26.294,34.296,22.019,34.219,272.00,-15.35,63.51,50.03,0.637,0,,0,0.00,0.00,0.00,285.111,-3.765,35.869,-2.46,-14.92,69.16,5.049,1.098,-0.00,1.00,1,0,0,0,0,0,-14.92,-27.57,-12.30,0.2973,0.0965,0.3663,1,5.049,0,0.412,0,swing,swingHighL,1.000,3,-0.019 0.548 -0.386 0.847 0.443 0.374 0.017 -0.475 0.492 0.168,284.74,-3.78,35.43,-14.84,-2.56,101.60,256,548,912,1068
738,12.3000,swing,swingHigh,290.469,-3.950,35.607,21.572,1.827,26.424,34.160,21.649,34.657,272.00,-15.35,63.51,50.03,0.631,0,,0,0.00,0.00,0.00,285.473,-3.744,36.307,-2.36,-15.00,69.13,5.049,1.097,-0.00,1.00,1,0,0,0,0,0,-15.00,-28.00,-12.32,0.2972,0.0970,0.3659,1,5.049,0,0.411,0,swing,swingHighL,1.000,3,-0.020 0.546 -0.387 0.838 0.444 0.381 0.020 -0.477 0.502 0.161,285.11,-3.76,35.87,-14.92,-2.46,101.57,256,548,912,1068
739,12.3167,swing,swingHigh,290.825,-3.917,36.048,21.187,1.982,26.545,34.021,21.280,35.098,272.00,-15.35,63.51,50.03,0.625,0,,0,0.00,0.00,0.00,285.829,-3.720,36.748,-2.26,-15.07,69.11,5.049,1.097,-0.00,1.00,1,0,0,0,0,0,-15.07,-28.41,-12.33,0.2970,0.0975,0.3655,1,5.049,0,0.410,0,swing,swingHighL,1.000,3,-0.020 0.543 -0.389 0.830 0.445 0.387 0.024 -0.479 0.512 0.154,285.47,-3.74,36.31,-15.00,-2.36,101.54,256,548,912,1072
740,12.3333,swing,swingHigh,291.174,-3.883,36.491,20.801,2.134,26.658,33.880,20.910,35.541,272.00,-15.35,63.51,50.03,0.619,0,,0,0.00,0.00,0.00,286.178,-3.694,37.191,-2.17,-15.14,69.08,5.049,1.096,-0.00,1.00,1,0,0,0,0,0,-15.14,-28.77,-12.35,0.2968,0.0982,0.3653,1,5.049,0,0.409,0,swing,swingHighL,1.000,3,-0.021 0.540 -0.390 0.820 0.446 0.395 0.027 -0.481 0.522 0.145,285.83,-3.72,36.75,-15.07,-2.26,101.51,256,548,912,1072
741,12.3500,swing,swingHigh,291.517,-3.845,36.936,20.414,2.287,26.762,33.737,20.542,35.986,272.00,-15.35,63.51,50.03,0.613,0,,0,0.00,0.00,0.00,286.521,-3.665,37.636,-2.07,-15.20,69.05,5.049,1.095,-0.00,1.00,1,0,0,0,0,0,-15.20,-29.10,-12.37,0.2964,0.0993,0.3651,1,5.049,0,0.408,0,swing,swingHighL,1.000,3,-0.021 0.537 -0.391 0.811 0.447 0.402 0.031 -0.482 0.531 0.137,286.18,-3.69,37.19,-15.14,-2.17,101.48,256,548,912,1076
742,12.3667,swing,swingHigh,291.854,-3.805,37.382,20.027,2.434,26.858,33.591,20.174,36.432,272.00,-15.35,63.51,50.03,0.607,0,,0,0.00,0.00,0.00,286.857,-3.633,38.082,-1.97,-15.25,69.01,5.049,1.094,-0.00,1.00,1,0,0,0,0,0,-15.25,-29.40,-12.38,0.2960,0.1005,0.3651,1,5.049,0,0.407,0,swing,swingHighL,1.000,3,-0.022 0.534 -0.393 0.802 0.448 0.410 0.035 -0.484 0.539 0.128,286.52,-3.66,37.64,-15.20,-2.07,101.45,256,544,912,1076
743,12.3833,swing,swingHigh,292.184,-3.763,37.830,19.639,2.577,26.946,33.443,19.808,36.880,272.00,-15.35,63.51,50.03,0.601,0,,0,0.00,0.00,0.00,287.187,-3.599,38.530,-1.88,-15.30,68.98,5.049,1.093,-0.00,1.00,1,0,0,0,0,0,-15.30,-29.67,-12.40,0.2955,0.1018,0.3651,1,5.049,0,0.406,0,swing,swingHighL,1.000,3,-0.023 0.531 -0.394 0.792 0.449 0.417 0.039 -0.486 0.548 0.118,286.86,-3.63,38.08,-15.25,-1.97,101.42,256,544,912,1080
744,12.4000,swing,swingHigh,292.508,-3.718,38.279,19.252,2.720,27.026,33.293,19.443,37.329,272.00,-15.35,63.51,50.03,0.595,0,,0,0.00,0.00,0.00,287.512,-3.563,38.979,-1.78,-15.35,68.95,5.047,1.092,-0.00,1.00,1,0,0,0,0,0,-15.35,-29.90,-12.42,0.2950,0.1029,0.3652,1,5.047,0,0.406,0,swing,swingHighL,1.000,3,-0.023 0.528 -0.396 0.783 0.450 0.425 0.042 -0.487 0.556 0.109,287.19,-3.60,38.53,-15.30,-1.88,101.38,256,544,912,1080
745,12.4167,swing,swingHigh,292.825,-3.671,38.730,18.865,2.858,27.097,33.140,19.080,37.780,272.00,-15.35,63.51,50.03,0.588,0,,0,0.00,0.00,0.00,287.836,-3.524,39.430,-1.69,-15.40,68.91,5.041,1.091,-0.00,1.00,1,0,0,0,0,0,-15.40,-30.11,-12.43,0.2946,0.1041,0.3652,1,5.041,0,0.405,0,swing,swingHighL,1.000,3,-0.024 0.524 -0.397 0.773 0.451 0.432 0.046 -0.488 0.563 0.100,287.51,-3.56,38.98,-15.35,-1.78,101.35,256,544,916,1084
746,12.4333,swing,swingHigh,293.136,-3.622,39.181,18.477,2.991,27.160,32.986,18.718,38.231,272.00,-15.35,63.51,50.03,0.582,0,,0,0.00,0.00,0.00,288.157,-3.483,39.881,-1.60,-15.45,68.87,5.030,1.089,-0.00,1.00,1,0,0,0,0,0,-15.45,-30.29,-12.45,0.2944,0.1056,0.3654,1,5.030,0,0.405,0,swing,swingHighL,1.000,3,-0.025 0.520 -0.399 0.763 0.451 0.439 0.050 -0.489 0.570 0.091,287.84,-3.52,39.43,-15.40,-1.69,101.31,256,544,916,1088
747,12.4500,swing,swingHigh,293.440,-3.571,39.634,18.091,3.123,27.216,32.829,18.359,38.684,272.00,-15.35,63.51,50.03,0.576,0,,0,0.00,0.00,0.00,288.476,-3.440,40.334,-1.51,-15.51,68.84,5.015,1.088,-0.00,1.00,1,0,0,0,0,0,-15.51,-30.45,-12.47,0.2943,0.1069,0.3654,1,5.015,0,0.404,0,swing,swingHighL,1.000,3,-0.026 0.517 -0.400 0.753 0.451 0.445 0.054 -0.489 0.576 0.083,288.16,-3.48,39.88,-15.45,-1.60,101.27,256,544,916,1088
748,12.4667,swing,swingHigh,293.738,-3.517,40.087,17.706,3.251,27.264,32.671,18.002,39.137,272.00,-15.35,63.51,50.03,0.569,0,,0,0.00,0.00,0.00,288.791,-3.395,40.787,-1.42,-15.57,68.80,4.998,1.086,-0.00,1.00,1,0,0,0,0,0,-15.57,-30.59,-12.48,0.2943,0.1083,0.3655,1,4.998,0,0.404,0,swing,swingHighL,1.000,3,-0.027 0.513 -0.402 0.742 0.451 0.451 0.058 -0.489 0.581 0.076,288.48,-3.44,40.33,-15.51,-1.51,101.23,256,544,916,1092
749,12.4833,swing,swingHigh,294.030,-3.462,40.541,17.321,3.372,27.304,32.510,17.646,39.591,272.00,-15.35,63.51,50.03,0.563,0,,0,0.00,0.00,0.00,289.102,-3.347,41.241,-1.33,-15.62,68.75,4.979,1.084,-0.00,1.00,1,0,0,0,0,0,-15.62,-30.71,-12.50,0.2942,0.1098,0.3657,1,4.979,0,0.403,0,swing,swingHighL,1.000,3,-0.028 0.508 -0.404 0.732 0.450 0.456 0.061 -0.488 0.586 0.068,288.79,-3.39,40.79,-15.57,-1.42,101.19,260,544,916,1092
750,12.5000,swing,swingHigh,294.315,-3.404,40.996,16.938,3.494,27.336,32.348,17.295,40.046,272.00,-15.35,63.51,50.03,0.556,0,,0,0.00,0.00,0.00,289.407,-3.297,41.696,-1.25,-15.68,68.71,4.959,1.083,-0.00,1.00,1,0,0,0,0,0,-15.68,-30.81,-12.52,0.2941,0.1112,0.3658,1,4.959,0,0.403,0,swing,swingHighL,1.000,3,-0.029 0.504 -0.405 0.721 0.450 0.461 0.065 -0.487 0.591 0.062,289.10,-3.35,41.24,-15.62,-1.33,101.14,260,544,912,1096
751,12.5167,swing,swingHigh,294.594,-3.344,41.451,16.556,3.610,27.362,32.184,16.945,40.501,272.00,-15.35,63.51,50.03,0.550,0,,0,0.00,0.00,0.00,289.707,-3.245,42.151,-1.16,-15.73,68.67,4.937,1.080,-0.00,1.00,1,0,0,0,0,0,-15.73,-30.90,-12.53,0.2939,0.1126,0.3659,1,4.937,0,0.403,0,swing,swingHighL,1.000,3,-0.030 0.499 -0.406 0.710 0.450 0.465 0.068 -0.485 0.595 0.057,289.41,-3.30,41.70,-15.68,-1.25,101.10,260,544,912,1100
752,12.5333,swing,swingHigh,294.866,-3.283,41.907,16.176,3.721,27.379,32.018,16.598,40.957,272.00,-15.35,63.51,50.03,0.543,0,,0,0.00,0.00,0.00,290.002,-3.191,42.607,-1.08,-15.78,68.62,4.915,1.078,-0.00,1.00,1,0,0,0,0,0,-15.78,-30.98,-12.55,0.2937,0.1141,0.3662,1,4.915,0,0.402,0,swing,swingHighL,1.000,3,-0.032 0.494 -0.409 0.699 0.448 0.469 0.072 -0.483 0.599 0.053,289.71,-3.25,42.15,-15.73,-1.16,101.05,260,544,912,1100
753,12.5500,swing,swingHigh,295.132,-3.220,42.363,15.797,3.831,27.390,31.850,16.255,41.413,272.00,-15.35,63.51,50.03,0.536,0,,0,0.00,0.00,0.00,290.291,-3.135,43.063,-1.00,-15.83,68.57,4.893,1.076,-0.00,1.00,1,0,0,0,0,0,-15.83,-31.05,-12.57,0.2933,0.1155,0.3664,1,4.893,0,0.402,0,swing,swingHighL,1.000,3,-0.033 0.489 -0.410 0.687 0.448 0.472 0.075 -0.480 0.603 0.050,290.00,-3.19,42.61,-15.78,-1.08,101.00,260,544,912,1104
754,12.5667,swing,swingHigh,295.392,-3.155,42.818,15.421,3.936,27.393,31.681,15.915,41.868,272.00,-15.35,63.51,50.03,0.530,0,,0,0.00,0.00,0.00,290.573,-3.077,43.518,-0.92,-15.88,68.52,4.870,1.073,-0.00,1.00,1,0,0,0,0,0,-15.88,-31.11,-12.58,0.2929,0.1169,0.3666,1,4.870,0,0.402,0,swing,swingHighL,1.000,3,-0.033 0.484 -0.412 0.676 0.447 0.474 0.077 -0.477 0.605 0.049,290.29,-3.14,43.06,-15.83,-1.00,100.95,260,544,912,1104
755,12.5833,swing,swingHigh,295.646,-3.088,43.274,15.046,4.036,27.390,31.510,15.578,42.324,272.00,-15.35,63.51,50.03,0.523,0,,0,0.00,0.00,0.00,290.850,-3.017,43.974,-0.84,-15.93,68.47,4.847,1.071,-0.00,1.00,1,0,0,0,0,0,-15.93,-31.16,-12.60,0.2924,0.1184,0.3669,1,4.847,0,0.402,0,swing,swingCornerBankL,1.000,3,-0.035 0.479 -0.414 0.665 0.445 0.476 0.080 -0.474 0.609 0.047,290.57,-3.08,43.52,-15.88,-0.92,100.90,260,544,912,1108
756,12.6000,swing,swingHigh,295.893,-3.019,43.730,14.673,4.135,27.379,31.338,15.245,42.780,272.00,-15.35,63.51,50.03,0.516,0,,0,0.00,0.00,0.00,291.120,-2.956,44.430,-0.76,-15.98,68.42,4.824,1.068,-0.00,1.00,1,0,0,0,0,0,-15.98,-31.20,-12.62,0.2919,0.1198,0.3673,1,4.824,0,0.401,0,swing,swingCornerBankL,1.000,3,-0.036 0.474 -0.415 0.653 0.445 0.477 0.083 -0.471 0.611 0.046,290.85,-3.02,43.97,-15.93,-0.84,100.85,260,544,912,1108
757,12.6167,swing,swingHigh,296.134,-2.949,44.185,14.303,4.230,27.362,31.164,14.916,43.235,272.00,-15.35,63.51,50.03,0.510,0,,0,0.00,0.00,0.00,291.384,-2.892,44.885,-0.69,-16.02,68.36,4.802,1.065,-0.00,1.00,1,0,0,0,0,0,-16.02,-31.24,-12.63,0.2912,0.1211,0.3677,1,4.802,0,0.401,0,swing,swingCornerBankL,1.000,3,-0.036 0.468 -0.417 0.642 0.444 0.478 0.085 -0.468 0.613 0.045,291.12,-2.96,44.43,-15.98,-0.76,100.79,260,544,912,1112
758,12.6333,swing,swingHigh,296.369,-2.878,44.641,13.936,4.320,27.339,30.988,14.590,43.691,272.00,-15.35,63.51,50.03,0.503,0,,0,0.00,0.00,0.00,291.642,-2.827,45.341,-0.62,-16.07,68.31,4.779,1.061,-0.00,1.00,1,0,0,0,0,0,-16.07,-31.27,-12.65,0.2905,0.1226,0.3681,1,4.779,0,0.401,0,swing,swingCornerBankL,1.000,3,-0.037 0.463 -0.419 0.630 0.443 0.478 0.089 -0.465 0.615 0.043,291.38,-2.89,44.89,-16.02,-0.69,100.73,264,544,912,1112
759,12.6500,swing,swingHigh,296.598,-2.805,45.095,13.571,4.409,27.308,30.812,14.269,44.145,272.00,-15.35,63.51,50.03,0.496,0,,0,0.00,0.00,0.00,291.894,-2.760,45.795,-0.55,-16.11,68.25,4.756,1.058,-0.00,1.00,1,0,0,0,0,0,-16.11,-31.30,-12.67,0.2896,0.1239,0.3686,1,4.756,0,0.401,0,swing,swingCornerBankL,1.000,3,-0.038 0.458 -0.420 0.618 0.442 0.478 0.092 -0.462 0.617 0.042,291.64,-2.83,45.34,-16.07,-0.62,100.67,264,544,912,1116
760,12.6667,swing,swingHigh,296.821,-2.730,45.549,13.209,4.493,27.272,30.634,13.953,44.599,272.00,-15.35,63.51,50.03,0.489,0,,0,0.00,0.00,0.00,292.139,-2.691,46.249,-0.48,-16.15,68.19,4.734,1.055,-0.00,1.00,1,0,0,0,0,0,-16.15,-31.32,-12.68,0.2886,0.1253,0.3690,1,4.734,0,0.401,0,swing,swingCornerBankL,1.000,3,-0.039 0.452 -0.422 0.607 0.441 0.477 0.095 -0.459 0.618 0.041,291.89,-2.76,45.80,-16.11,-0.55,100.61,264,544,912,1116
761,12.6833,swing,swingHigh,297.038,-2.654,46.003,12.850,4.572,27.229,30.454,13.639,45.053,272.00,-15.35,63.51,50.03,0.483,0,,0,0.00,0.00,0.00,292.379,-2.621,46.703,-0.41,-16.19,68.13,4.711,1.051,-0.00,1.00,1,0,0,0,0,0,-16.19,-31.34,-12.70,0.2875,0.1268,0.3695,1,4.711,0,0.401,0,swing,swingCornerBankL,1.000,3,-0.041 0.446 -0.424 0.595 0.439 0.477 0.100 -0.455 0.619 0.039,292.14,-2.69,46.25,-16.15,-0.48,100.55,268,540,908,1116
762,12.7000,swing,swingHigh,297.248,-2.577,46.456,12.494,4.650,27.181,30.274,13.331,45.506,272.00,-15.35,63.51,50.03,0.476,0,,0,0.00,0.00,0.00,292.612,-2.549,47.156,-0.35,-16.23,68.07,4.689,1.047,-0.00,1.00,1,0,0,0,0,0,-16.23,-31.36,-12.72,0.2862,0.1282,0.3700,1,4.689,0,0.401,0,swing,swingCornerBankL,1.000,3,-0.042 0.441 -0.426 0.583 0.438 0.476 0.104 -0.451 0.620 0.038,292.38,-2.62,46.70,-16.19,-0.41,100.49,268,540,908,1120
763,12.7167,swing,swingHigh,297.453,-2.499,46.907,12.141,4.724,27.126,30.092,13.028,45.957,272.00,-15.35,63.51,50.03,0.469,0,,0,0.00,0.00,0.00,292.839,-2.476,47.607,-0.29,-16.27,68.00,4.667,1.043,-0.00,1.00,1,0,0,0,0,0,-16.27,-31.37,-12.73,0.2847,0.1295,0.3705,1,4.667,0,0.401,0,swing,swingCornerBankL,1.000,3,-0.043 0.435 -0.427 0.571 0.437 0.476 0.108 -0.446 0.620 0.037,292.61,-2.55,47.16,-16.23,-0.35,100.42,268,540,912,1120
764,12.7333,swing,swingHigh,297.653,-2.419,47.358,11.792,4.793,27.066,29.909,12.728,46.408,272.00,-15.35,63.51,50.03,0.462,0,,0,0.00,0.00,0.00,293.060,-2.401,48.058,-0.23,-16.30,67.94,4.645,1.038,-0.00,1.00,1,0,0,0,0,0,-16.30,-31.39,-12.75,0.2831,0.1310,0.3710,1,4.645,0,0.401,0,swing,swingCornerBankL,1.000,3,-0.045 0.429 -0.430 0.559 0.435 0.475 0.113 -0.441 0.621 0.036,292.84,-2.48,47.61,-16.27,-0.29,100.35,272,540,908,1124
765,12.7500,swing,swingHigh,297.846,-2.339,47.808,11.446,4.861,27.000,29.726,12.435,46.858,272.00,-15.35,63.51,50.03,0.455,0,,1,339.90,-15.30,36.49,293.276,-2.325,48.508,-0.17,-16.34,67.87,4.624,1.034,-0.00,1.00,1,0,0,0,0,0,-16.34,-31.40,-12.77,0.2813,0.1323,0.3715,1,4.624,0,0.400,0,swing,swingCornerBankL,1.000,3,-0.046 0.423 -0.431 0.547 0.434 0.473 0.117 -0.436 0.621 0.035,293.06,-2.40,48.06,-16.30,-0.23,100.28,272,540,908,1124
766,12.7667,swing,swingHigh,298.033,-2.257,48.257,11.103,4.925,26.928,29.541,12.146,47.307,272.00,-15.35,63.51,50.03,0.448,0,,1,339.90,-15.30,36.49,293.485,-2.248,48.957,-0.11,-16.37,67.80,4.602,1.029,-0.00,1.00,1,0,0,0,0,0,-16.37,-31.41,-12.78,0.2793,0.1337,0.3719,1,4.602,0,0.400,0,swing,swingCornerBankL,1.000,3,-0.047 0.417 -0.433 0.535 0.432 0.472 0.122 -0.429 0.621 0.036,293.28,-2.33,48.51,-16.34,-0.17,100.21,272,540,908,1128
767,12.7833,swing,swingHigh,298.215,-2.174,48.704,10.764,4.985,26.851,29.355,11.862,47.754,272.00,-15.35,63.51,50.03,0.442,0,,1,339.90,-15.30,36.49,293.688,-2.169,49.404,-0.06,-16.41,67.73,4.581,1.024,-0.00,1.00,1,0,0,0,0,0,-16.41,-31.42,-12.80,0.2772,0.1351,0.3725,1,4.581,0,0.400,0,swing,swingCornerBankL,1.000,3,-0.049 0.411 -0.436 0.523 0.430 0.469 0.127 -0.423 0.621 0.035,293.48,-2.25,48.96,-16.37,-0.11,100.14,276,540,904,1128
768,12.8000,air,release,298.340,-2.116,48.938,14.944,6.921,28.023,32.504,16.468,47.988,0.00,0.00,0.00,0.00,0.000,0,,1,339.90,-15.30,36.49,293.882,-2.092,49.638,-0.31,-16.59,67.67,4.513,1.020,-0.00,1.00,0,0,0,0,0,0,-16.59,-31.42,-12.82,0.2516,0.1623,0.4037,1,4.513,0,0.400,0,swing,swingCornerBankL,1.000,3,-0.102 0.382 -0.527 0.466 0.388 0.457 0.199 -0.386 0.667 0.067,293.69,-2.17,49.40,-16.41,-0.06,100.07,276,536,908,1128
769,12.8167,air,release,298.589,-2.001,49.400,14.944,6.921,27.623,32.160,16.468,48.450,0.00,0.00,0.00,0.00,0.000,0,,1,339.90,-15.30,36.49,294.071,-2.013,50.100,0.15,-16.61,67.61,4.571,1.017,-0.00,1.00,0,0,0,0,0,0,-16.61,-31.43,-12.83,0.2809,0.1528,0.3643,1,4.571,0,0.398,0,air_rise,swingCornerBankL,1.000,2,-0.076 0.421 -0.489 0.549 0.412 0.471 0.173 -0.443 0.656 0.001,293.88,-2.09,49.64,-16.59,-0.31,99.99,324,556,852,1124
770,12.8333,air,release,298.838,-1.886,49.855,14.944,6.921,27.223,31.817,16.468,48.905,0.00,0.00,0.00,0.00,0.000,0,,1,339.90,-15.30,36.49,294.268,-1.928,50.555,0.53,-16.71,67.55,4.623,1.014,-0.00,1.00,0,0,0,0,0,0,-16.71,-31.43,-12.85,0.3015,0.1395,0.3572,1,4.623,0,0.395,0,air_rise,swingCornerBankL,1.000,2,-0.111 0.461 -0.425 0.638 0.384 0.524 0.143 -0.484 0.640 -0.058,294.07,-2.01,50.10,-16.61,0.15,99.93,260,532,844,1092
771,12.8500,air,release,299.087,-1.770,50.304,14.944,6.921,26.823,31.475,16.468,49.354,0.00,0.00,0.00,0.00,0.000,0,,1,339.90,-15.30,36.49,294.476,-1.837,51.004,0.83,-16.86,67.50,4.665,1.012,-0.00,1.00,0,0,0,0,0,0,-16.86,-31.43,-12.87,0.3043,0.1335,0.3563,1,4.665,0,0.392,0,air_rise,swingCornerBankL,1.000,2,-0.086 0.478 -0.404 0.638 0.408 0.534 0.111 -0.512 0.619 -0.116,294.27,-1.93,50.56,-16.71,0.53,99.87,256,532,852,1088
772,12.8667,air,release,299.336,-1.655,50.746,14.944,6.921,26.423,31.135,16.468,49.796,0.00,0.00,0.00,0.00,0.000,0,,1,339.90,-15.30,36.49,294.693,-1.740,51.446,1.05,-17.06,67.44,4.696,1.011,-0.00,1.00,0,0,0,0,0,0,-17.06,-31.43,-12.88,0.3084,0.1279,0.3527,1,4.696,0,0.388,0,air_rise,swingCornerBankL,1.000,2,-0.063 0.486 -0.386 0.647 0.430 0.541 0.075 -0.528 0.593 -0.173,294.48,-1.84,51.00,-16.86,0.83,99.81,248,532,856,1084
773,12.8833,air,release,299.585,-1.540,51.181,14.944,6.921,26.023,30.796,16.468,50.231,0.00,0.00,0.00,0.00,0.000,0,,1,339.90,-15.30,36.49,294.918,-1.639,51.881,1.22,-17.29,67.39,4.720,1.010,-0.00,1.00,0,0,0,0,0,0,-17.29,-31.44,-12.90,0.3134,0.1222,0.3471,1,4.720,0,0.384,0,air_rise,swingCornerBankL,1.000,2,-0.039 0.488 -0.370 0.663 0.450 0.546 0.037 -0.534 0.560 -0.230,294.69,-1.74,51.45,-17.06,1.05,99.76,240,532,864,1076
774,12.9000,air,release,299.834,-1.424,51.610,14.944,6.921,25.623,30.459,16.468,50.660,0.00,0.00,0.00,0.00,0.000,0,,1,339.90,-15.30,36.49,295.151,-1.535,52.310,1.35,-17.52,67.35,4.737,1.009,-0.00,1.00,0,0,0,0,0,0,-17.52,-31.45,-12.92,0.3190,0.1180,0.3397,1,4.737,0,0.381,0,air_rise,swingCornerBankL,1.000,2,-0.017 0.484 -0.357 0.686 0.467 0.550 -0.002 -0.531 0.521 -0.287,294.92,-1.64,51.88,-17.29,1.22,99.70,228,528,868,1072
775,12.9167,air,release,300.083,-1.309,52.032,14.944,6.921,25.223,30.124,16.468,51.082,0.00,0.00,0.00,0.00,0.000,0,,1,339.90,-15.30,36.49,295.388,-1.428,52.732,1.46,-17.76,67.30,4.749,1.008,-0.00,1.00,0,0,0,0,0,0,-17.76,-31.46,-12.93,0.3253,0.1171,0.3309,1,4.749,0,0.377,0,air_rise,swingCornerBankL,1.000,2,0.005 0.475 -0.343 0.718 0.483 0.554 -0.043 -0.520 0.474 -0.342,295.15,-1.53,52.31,-17.52,1.35,99.65,212,524,872,1060
776,12.9333,air,release,300.332,-1.194,52.447,14.944,6.921,24.823,29.789,16.468,51.497,0.00,0.00,0.00,0.00,0.000,0,,1,339.90,-15.30,36.49,295.628,-1.321,53.147,1.55,-17.99,67.25,4.758,1.007,-0.00,1.00,0,0,0,0,0,0,-17.99,-31.48,-12.95,0.3318,0.1155,0.3212,1,4.758,0,0.374,0,air_rise,swingCornerBankL,1.000,2,0.026 0.462 -0.326 0.758 0.495 0.557 -0.083 -0.503 0.421 -0.396,295.39,-1.43,52.73,-17.76,1.46,99.60,200,516,876,1060
777,12.9500,air,release,300.581,-1.078,52.856,14.944,6.921,24.423,29.457,16.468,51.906,0.00,0.00,0.00,0.00,0.000,0,,1,339.90,-15.30,36.49,295.871,-1.212,53.556,1.63,-18.21,67.20,4.764,1.005,-0.01,1.00,0,0,0,0,0,0,-18.21,-31.51,-12.97,0.3381,0.1123,0.3111,1,4.764,0,0.371,0,air_rise,airRise,1.000,2,0.045 0.444 -0.299 0.805 0.505 0.560 -0.122 -0.482 0.360 -0.448,295.63,-1.32,53.15,-17.99,1.55,99.55,184,508,884,1064
778,12.9667,air,release,300.831,-0.963,53.258,14.944,6.921,24.023,29.126,16.468,52.308,0.00,0.00,0.00,0.00,0.000,0,,1,339.90,-15.30,36.49,296.116,-1.104,53.958,1.71,-18.42,67.15,4.768,1.003,-0.01,1.00,0,0,0,0,0,0,-18.42,-31.54,-12.98,0.3451,0.1065,0.3036,1,4.768,0,0.368,0,air_rise,airRise,1.000,2,0.062 0.424 -0.255 0.852 0.511 0.562 -0.159 -0.457 0.294 -0.494,295.87,-1.21,53.56,-18.21,1.63,99.49,172,500,900,1068
779,12.9833,air,release,301.080,-0.848,53.654,14.944,6.921,23.623,28.797,16.468,52.704,0.00,0.00,0.00,0.00,0.000,0,,1,339.90,-15.30,36.49,296.362,-0.996,54.354,1.80,-18.60,67.09,4.771,1.000,-0.01,1.00,0,0,0,0,0,0,-18.60,-31.57,-13.00,0.3554,0.0976,0.3025,1,4.771,0,0.365,0,air_rise,airRise,1.000,2,0.075 0.401 -0.189 0.890 0.513 0.564 -0.191 -0.429 0.226 -0.535,296.12,-1.10,53.96,-18.42,1.71,99.44,164,504,916,1068
780,13.0000,air,release,301.329,-0.732,54.042,14.944,6.921,23.223,28.470,16.468,53.092,0.00,0.00,0.00,0.00,0.000,0,,1,339.90,-15.30,36.49,296.609,-0.888,54.742,1.89,-18.77,67.04,4.774,0.996,-0.01,1.00,0,0,0,0,0,0,-18.77,-31.61,-13.02,0.3581,0.0939,0.3044,1,4.774,0,0.362,0,air_rise,airRise,1.000,2,0.085 0.376 -0.101 0.905 0.510 0.566 -0.219 -0.402 0.158 -0.570,296.36,-1.00,54.35,-18.60,1.80,99.38,164,508,924,1072
781,13.0167,air,release,301.578,-0.617,54.424,14.944,6.921,22.823,28.145,16.468,53.474,0.00,0.00,0.00,0.00,0.000,0,,1,339.90,-15.30,36.49,296.856,-0.781,55.124,1.99,-18.92,66.98,4.776,0.991,-0.02,1.00,0,0,0,0,0,0,-18.92,-31.65,-13.03,0.3530,0.0962,0.3095,1,4.776,0,0.360,0,air_rise,airRise,1.000,2,0.091 0.351 -0.001 0.889 0.502 0.568 -0.242 -0.376 0.094 -0.599,296.61,-0.89,54.74,-18.77,1.89,99.32,168,512,920,1072
782,13.0333,air,release,301.827,-0.502,54.800,14.944,6.921,22.423,27.821,16.468,53.850,0.00,0.00,0.00,0.00,0.000,0,,1,339.90,-15.30,36.49,297.104,-0.675,55.500,2.10,-19.05,66.91,4.777,0.986,-0.02,1.00,0,0,0,0,0,0,-19.05,-31.69,-13.05,0.3520,0.0974,0.3120,1,4.777,0,0.358,0,air_rise,airRise,1.000,2,0.092 0.328 0.061 0.856 0.488 0.570 -0.259 -0.354 0.037 -0.623,296.86,-0.78,55.12,-18.92,1.99,99.26,172,512,916,1072
783,13.0500,air,release,302.076,-0.386,55.169,14.944,6.921,22.023,27.500,16.468,54.219,0.00,0.00,0.00,0.00,0.000,0,,1,339.90,-15.30,36.49,297.352,-0.569,55.869,2.22,-19.16,66.85,4.779,0.980,-0.02,1.00,0,0,0,0,0,0,-19.16,-31.74,-13.07,0.3503,0.0975,0.3145,1,4.779,0,0.356,0,air_rise,airRise,1.000,2,0.089 0.307 0.112 0.818 0.468 0.574 -0.271 -0.336 -0.011 -0.643,297.10,-0.67,55.50,-19.05,2.10,99.19,176,516,916,1072
784,13.0667,air,release,302.325,-0.271,55.531,14.944,6.921,21.623,27.180,16.468,54.581,0.00,0.00,0.00,0.00,0.000,0,,1,339.90,-15.30,36.49,297.600,-0.465,56.231,2.35,-19.25,66.78,4.780,0.974,-0.03,1.00,0,0,0,0,0,0,-19.25,-31.79,-13.08,0.3488,0.0963,0.3166,1,4.780,0,0.355,0,air_rise,airRise,1.000,2,0.082 0.289 0.148 0.781 0.443 0.579 -0.277 -0.325 -0.047 -0.661,297.35,-0.57,55.87,-19.16,2.22,99.12,180,516,912,1068
785,13.0833,air,release,302.574,-0.155,55.886,14.944,6.921,21.223,26.863,16.468,54.936,0.00,0.00,0.00,0.00,0.000,0,,1,339.90,-15.30,36.49,297.848,-0.361,56.586,2.49,-19.33,66.71,4.781,0.966,-0.03,1.00,0,0,0,0,0,0,-19.33,-31.84,-13.10,0.3484,0.0937,0.3183,1,4.781,0,0.354,0,air_rise,airRise,1.000,2,0.071 0.276 0.167 0.749 0.413 0.587 -0.277 -0.321 -0.071 -0.678,297.60,-0.46,56.23,-19.25,2.35,99.05,180,516,912,1064
786,13.1000,air,release,302.823,-0.040,56.235,14.944,6.921,20.823,26.548,16.468,55.285,0.00,0.00,0.00,0.00,0.000,0,,1,339.90,-15.30,36.49,298.097,-0.258,56.935,2.64,-19.39,66.63,4.783,0.958,-0.03,1.00,0,0,0,0,0,0,-19.39,-31.90,-13.12,0.3496,0.0896,0.3193,1,4.783,0,0.353,0,air_rise,airRise,1.000,2,0.057 0.269 0.171 0.725 0.378 0.599 -0.271 -0.325 -0.080 -0.694,297.85,-0.36,56.59,-19.33,2.49,98.97,184,520,912,1060
787,13.1167,air,release,303.072,0.075,56.577,14.944,6.921,20.423,26.236,16.468,55.627,0.00,0.00,0.00,0.00,0.000,0,,1,339.90,-15.30,36.49,298.345,-0.155,57.277,2.79,-19.43,66.55,4.784,0.949,-0.04,1.00,0,0,0,0,0,0,-19.43,-31.95,-13.13,0.3552,0.0827,0.3196,1,4.784,0,0.352,0,air_rise,airRise,1.000,2,0.035 0.280 0.153 0.724 0.333 0.628 -0.255 -0.352 -0.068 -0.720,298.10,-0.26,56.93,-19.39,2.64,98.89,180,520,912,1052
788,13.1333,air,release,303.321,0.191,56.912,14.944,6.921,20.023,25.926,16.468,55.962,0.00,0.00,0.00,0.00,0.000,0,,1,339.90,-15.30,36.49,298.593,-0.054,57.612,2.96,-19.46,66.47,4.786,0.940,-0.04,1.00,0,0,0,0,0,0,-19.46,-32.01,-13.15,0.3611,0.0750,0.3193,1,4.786,0,0.351,0,air_rise,airRise,1.000,2,0.013 0.295 0.126 0.730 0.287 0.658 -0.234 -0.384 -0.045 -0.742,298.34,-0.16,57.28,-19.43,2.79,98.80,176,524,916,1044
789,13.1500,air,release,303.570,0.306,57.241,14.944,6.921,19.623,25.618,16.468,56.291,0.00,0.00,0.00,0.00,0.000,0,,1,339.90,-15.30,36.49,298.842,0.047,57.941,3.14,-19.48,66.39,4.787,0.930,-0.05,1.00,0,0,0,0,0,0,-19.48,-32.07,-13.17,0.3666,0.0675,0.3188,1,4.787,0,0.350,0,air_rise,airRise,1.000,2,-0.012 0.314 0.092 0.744 0.243 0.687 -0.207 -0.418 -0.013 -0.759,298.59,-0.05,57.61,-19.46,2.96,98.71,172,524,920,1036
790,13.1667,air,release,303.819,0.421,57.563,14.944,6.921,19.223,25.313,16.468,56.613,0.00,0.00,0.00,0.00,0.000,0,,1,339.90,-15.30,36.49,299.090,0.147,58.263,3.32,-19.48,66.30,4.789,0.920,-0.05,1.00,0,0,0,0,0,0,-19.48,-32.13,-13.18,0.3708,0.0664,0.3183,1,4.789,0,0.350,0,air_rise,airRise,1.000,2,-0.039 0.336 0.049 0.763 0.201 0.716 -0.175 -0.454 0.029 -0.771,298.84,0.05,57.94,-19.48,3.14,98.62,168,528,916,1028
791,13.1833,air,release,304.068,0.536,57.878,14.958,6.888,18.823,25.011,16.468,56.928,0.00,0.00,0.00,0.00,0.000,0,,1,339.90,-15.30,36.49,299.339,0.246,58.578,3.51,-19.48,66.20,4.790,0.909,-0.05,1.00,0,0,0,0,0,0,-19.48,-32.19,-13.20,0.3733,0.0652,0.3181,1,4.790,0,0.350,0,air_rise,airRise,1.000,2,-0.068 0.357 0.002 0.779 0.156 0.742 -0.139 -0.489 0.074 -0.780,299.09,0.15,58.26,-19.48,3.32,98.52,164,532,912,1020
792,13.2000,air,rise,304.318,0.650,58.187,14.980,6.842,18.423,24.711,16.468,57.237,0.00,0.00,0.00,0.00,0.000,0,,1,339.90,-15.30,36.49,299.587,0.345,58.887,3.70,-19.46,66.11,4.792,0.897,-0.06,1.00,0,0,0,0,0,0,-19.46,-32.26,-13.22,0.3738,0.0637,0.3184,1,4.792,0,0.350,0,air_spread,airRise,1.000,2,-0.099 0.376 -0.045 0.791 0.108 0.765 -0.100 -0.521 0.120 -0.784,299.34,0.25,58.58,-19.48,3.51,98.42,164,532,904,1012
793,13.2167,air,rise,304.568,0.764,58.489,15.008,6.781,18.023,24.414,16.468,57.539,0.00,0.00,0.00,0.00,0.000,0,,1,339.90,-15.30,36.49,299.836,0.442,59.189,3.89,-19.43,66.01,4.794,0.886,-0.06,1.00,0,0,0,0,0,0,-19.43,-32.32,-13.23,0.3721,0.0670,0.3194,1,4.794,0,0.350,0,air_spread,airRise,1.000,2,-0.130 0.394 -0.094 0.800 0.071 0.784 -0.062 -0.553 0.163 -0.785,299.59,0.34,58.89,-19.46,3.70,98.32,164,532,900,1004
794,13.2333,air,rise,304.819,0.876,58.784,15.042,6.705,17.623,24.120,16.468,57.834,0.00,0.00,0.00,0.00,0.000,0,,1,339.90,-15.30,36.49,300.085,0.539,59.484,4.07,-19.40,65.91,4.797,0.873,-0.07,1.00,0,0,0,0,0,0,-19.40,-32.38,-13.25,0.3673,0.0717,0.3217,1,4.797,0,0.350,0,air_spread,airRise,1.000,2,-0.160 0.413 -0.147 0.803 0.053 0.799 -0.027 -0.585 0.201 -0.780,299.84,0.44,59.19,-19.43,3.89,98.21,168,536,892,1008
795,13.2500,air,rise,305.070,0.986,59.073,15.082,6.615,17.223,23.830,16.468,58.123,0.00,0.00,0.00,0.00,0.000,0,,1,339.90,-15.30,36.49,300.334,0.635,59.773,4.25,-19.36,65.80,4.800,0.861,-0.07,1.00,0,0,0,0,0,0,-19.36,-32.45,-13.27,0.3591,0.0777,0.3247,1,4.800,0,0.350,0,air_spread,airRise,1.000,2,-0.189 0.431 -0.202 0.794 0.055 0.807 0.005 -0.616 0.233 -0.768,300.08,0.54,59.48,-19.40,4.07,98.10,172,536,888,1008
796,13.2667,air,rise,305.322,1.095,59.355,15.127,6.510,16.823,23.542,16.468,58.405,0.00,0.00,0.00,0.00,0.000,0,,1,339.90,-15.30,36.49,300.584,0.729,60.055,4.42,-19.31,65.69,4.803,0.848,-0.08,1.00,0,0,0,0,0,0,-19.31,-32.51,-13.28,0.3481,0.0827,0.3280,1,4.803,0,0.350,0,air_spread,airRise,1.000,2,-0.216 0.448 -0.259 0.764 0.078 0.808 0.034 -0.646 0.258 -0.748,300.33,0.63,59.77,-19.36,4.25,97.99,180,532,884,1012
797,13.2833,air,rise,305.574,1.202,59.631,15.178,6.390,16.423,23.258,16.468,58.681,0.00,0.00,0.00,0.00,0.000,0,,1,339.90,-15.30,36.49,300.835,0.822,60.331,4.59,-19.25,65.58,4.806,0.835,-0.08,1.00,0,0,0,0,0,0,-19.25,-32.58,-13.30,0.3345,0.0866,0.3310,1,4.806,0,0.351,0,air_spread,airRise,1.000,2,-0.242 0.462 -0.317 0.709 0.120 0.800 0.060 -0.675 0.274 -0.719,300.58,0.73,60.06,-19.31,4.42,97.87,192,532,880,1020
798,13.3000,air,rise,305.828,1.307,59.899,15.234,6.255,16.023,22.977,16.468,58.949,0.00,0.00,0.00,0.00,0.000,0,,1,339.90,-15.30,36.49,301.086,0.913,60.599,4.75,-19.19,65.47,4.810,0.821,-0.09,1.00,0,0,0,0,0,0,-19.19,-32.65,-13.32,0.3222,0.0898,0.3342,1,4.810,0,0.351,0,air_spread,airRise,1.000,2,-0.265 0.473 -0.377 0.628 0.175 0.785 0.082 -0.701 0.281 -0.682,300.83,0.82,60.33,-19.25,4.59,97.75,204,524,876,1024
799,13.3167,air,rise,306.083,1.410,60.161,15.295,6.104,15.623,22.700,16.468,59.211,0.00,0.00,0.00,0.00,0.000,0,,1,339.90,-15.30,36.49,301.338,1.003,60.861,4.90,-19.12,65.35,4.814,0.808,-0.10,1.00,0,0,0,0,0,0,-19.12,-32.71,-13.33,0.3201,0.0935,0.3413,1,4.814,0,0.352,0,air_spread,releaseSpread,1.000,2,-0.285 0.481 -0.436 0.526 0.235 0.766 0.101 -0.726 0.277 -0.636,301.09,0.91,60.60,-19.19,4.75,97.62,212,524,876,1024
800,13.3333,air,rise,306.338,1.509,60.417,15.360,5.939,15.223,22.427,16.468,59.467,0.00,0.00,0.00,0.00,0.000,0,,1,339.90,-15.30,36.49,301.590,1.090,61.117,5.05,-19.05,65.23,4.818,0.794,-0.10,0.99,0,0,0,0,0,0,-19.05,-32.78,-13.35,0.3202,0.0991,0.3470,1,4.818,0,0.352,0,air_spread,releaseSpread,1.000,2,-0.302 0.486 -0.492 0.413 0.289 0.748 0.117 -0.747 0.266 -0.585,301.34,1.00,60.86,-19.12,4.90,97.50,220,532,868,1032
801,13.3500,air,rise,306.595,1.606,60.666,15.429,5.758,14.823,22.157,16.468,59.716,0.00,0.00,0.00,0.00,0.000,0,,1,339.90,-15.30,36.49,301.844,1.175,61.366,5.18,-18.98,65.11,4.822,0.780,-0.11,0.99,0,0,0,0,0,0,-18.98,-32.85,-13.37,0.3222,0.1096,0.3514,1,4.822,0,0.353,0,air_spread,releaseSpread,1.000,2,-0.316 0.488 -0.542 0.302 0.330 0.733 0.129 -0.765 0.246 -0.530,301.59,1.09,61.12,-19.05,5.05,97.37,224,536,864,1044
802,13.3667,air,rise,306.853,1.700,60.908,15.501,5.561,14.423,21.892,16.468,59.958,0.00,0.00,0.00,0.00,0.000,0,,1,339.90,-15.30,36.49,302.099,1.258,61.608,5.30,-18.90,64.99,4.826,0.766,-0.11,0.99,0,0,0,0,0,0,-18.90,-32.91,-13.38,0.3259,0.1177,0.3545,1,4.826,0,0.354,0,air_spread,releaseSpread,1.000,2,-0.326 0.488 -0.586 0.204 0.352 0.723 0.138 -0.780 0.222 -0.474,301.84,1.18,61.37,-18.98,5.18,97.24,224,544,852,1048
803,13.3833,air,rise,307.113,1.790,61.143,15.575,5.349,14.023,21.630,16.468,60.193,0.00,0.00,0.00,0.00,0.000,0,,1,351.70,-15.30,36.49,302.354,1.338,61.843,5.42,-18.82,64.86,4.831,0.752,-0.12,0.99,0,0,0,0,0,0,-18.82,-32.98,-13.40,0.3302,0.1238,0.3567,1,4.831,0,0.354,0,air_spread,releaseSpread,1.000,2,-0.333 0.486 -0.622 0.125 0.360 0.716 0.144 -0.793 0.195 -0.420,302.10,1.26,61.61,-18.90,5.30,97.10,224,548,844,1052
804,13.4000,air,rise,307.373,1.876,61.372,15.652,5.120,13.623,21.373,16.468,60.422,0.00,0.00,0.00,0.00,0.000,0,,1,351.70,-15.30,36.49,302.611,1.415,62.072,5.52,-18.73,64.74,4.835,0.737,-0.12,0.99,0,0,0,0,0,0,-18.73,-33.05,-13.42,0.3344,0.1278,0.3583,1,4.835,0,0.355,0,air_spread,releaseSpread,1.000,2,-0.338 0.483 -0.649 0.065 0.358 0.713 0.147 -0.802 0.168 -0.370,302.35,1.34,61.84,-18.82,5.42,96.97,224,552,840,1052
805,13.4167,air,rise,307.635,1.958,61.594,15.730,4.876,13.223,21.120,16.468,60.644,0.00,0.00,0.00,0.00,0.000,0,,1,351.70,-15.30,36.49,302.869,1.490,62.294,5.61,-18.64,64.61,4.840,0.723,-0.13,0.99,0,0,0,0,0,0,-18.64,-33.12,-13.43,0.3369,0.1302,0.3601,1,4.840,0,0.356,0,air_spread,releaseSpread,1.000,2,-0.340 0.479 -0.668 0.021 0.353 0.708 0.150 -0.808 0.144 -0.327,302.61,1.42,62.07,-18.73,5.52,96.83,228,556,836,1052
806,13.4333,air,rise,307.898,2.036,61.809,15.809,4.615,12.823,20.872,16.468,60.859,0.00,0.00,0.00,0.00,0.000,0,,1,351.70,-15.30,36.49,303.129,1.561,62.509,5.69,-18.56,64.48,4.844,0.709,-0.13,0.99,0,0,0,0,0,0,-18.56,-33.19,-13.45,0.3374,0.1316,0.3622,1,4.844,0,0.357,0,air_spread,releaseSpread,1.000,2,-0.341 0.476 -0.678 -0.009 0.349 0.701 0.152 -0.811 0.126 -0.291,302.87,1.49,62.29,-18.64,5.61,96.69,228,556,832,1052
807,13.4500,air,rise,308.163,2.110,62.018,15.887,4.337,12.423,20.629,16.468,61.068,0.00,0.00,0.00,0.00,0.000,0,,1,351.70,-15.30,36.49,303.390,1.628,62.718,5.76,-18.47,64.35,4.848,0.694,-0.14,0.99,0,0,0,0,0,0,-18.47,-33.25,-13.47,0.3350,0.1324,0.3650,1,4.848,0,0.358,0,air_spread,releaseSpread,1.000,2,-0.341 0.473 -0.679 -0.029 0.352 0.690 0.154 -0.811 0.116 -0.266,303.13,1.56,62.51,-18.56,5.69,96.55,232,560,832,1052
808,13.4667,air,rise,308.428,2.178,62.220,15.964,4.043,12.023,20.390,16.468,61.270,0.00,0.00,0.00,0.00,0.000,0,,1,351.70,-15.30,36.49,303.652,1.692,62.920,5.81,-18.38,64.22,4.852,0.680,-0.14,0.99,0,0,0,0,0,0,-18.38,-33.32,-13.48,0.3311,0.1332,0.3681,1,4.852,0,0.358,0,air_spread,releaseSpread,1.000,2,-0.340 0.471 -0.677 -0.043 0.360 0.676 0.155 -0.810 0.110 -0.248,303.39,1.63,62.72,-18.47,5.76,96.41,236,560,832,1052
809,13.4833,air,rise,308.695,2.242,62.415,16.040,3.732,11.623,20.157,16.468,61.465,0.00,0.00,0.00,0.00,0.000,0,,1,351.70,-15.30,36.49,303.915,1.752,63.115,5.85,-18.28,64.09,4.856,0.666,-0.15,0.99,0,0,0,0,0,0,-18.28,-33.39,-13.50,0.3264,0.1347,0.3717,1,4.856,0,0.359,0,air_spread,releaseSpread,1.000,2,-0.337 0.471 -0.676 -0.052 0.371 0.658 0.153 -0.810 0.106 -0.231,303.65,1.69,62.92,-18.38,5.81,96.26,240,560,832,1056
810,13.5000,air,rise,308.964,2.300,62.604,16.113,3.404,11.223,19.929,16.468,61.654,0.00,0.00,0.00,0.00,0.000,0,,1,351.70,-15.30,36.49,304.180,1.808,63.304,5.87,-18.19,63.96,4.860,0.651,-0.15,0.99,0,0,0,0,0,0,-18.19,-33.46,-13.52,0.3213,0.1367,0.3757,1,4.860,0,0.360,0,air_spread,releaseSpread,1.000,2,-0.332 0.473 -0.678 -0.056 0.385 0.637 0.146 -0.810 0.104 -0.217,303.91,1.75,63.12,-18.28,5.85,96.12,248,564,832,1056
811,13.5167,air,rise,309.233,2.352,62.786,16.182,3.059,10.823,19.707,16.468,61.836,0.00,0.00,0.00,0.00,0.000,0,,1,351.70,-15.30,36.49,304.446,1.860,63.486,5.88,-18.10,63.83,4.863,0.637,-0.16,0.99,0,0,0,0,0,0,-18.10,-33.53,-13.53,0.3155,0.1392,0.3801,1,4.863,0,0.361,0,air_spread,releaseSpread,1.000,2,-0.326 0.476 -0.682 -0.057 0.402 0.612 0.136 -0.811 0.103 -0.203,304.18,1.81,63.30,-18.19,5.87,95.97,256,564,832,1060
812,13.5333,air,rise,309.504,2.399,62.962,16.246,2.698,10.423,19.490,16.468,62.012,0.00,0.00,0.00,0.00,0.000,0,,1,351.70,-15.30,36.49,304.713,1.907,63.662,5.86,-18.01,63.70,4.866,0.623,-0.16,0.99,0,0,0,0,0,0,-18.01,-33.60,-13.55,0.3092,0.1421,0.3849,1,4.866,0,0.362,0,air_spread,releaseSpread,1.000,2,-0.317 0.481 -0.688 -0.053 0.419 0.584 0.123 -0.812 0.105 -0.191,304.45,1.86,63.49,-18.10,5.88,95.83,264,568,832,1064
813,13.5500,air,rise,309.775,2.439,63.130,16.304,2.319,10.023,19.279,16.468,62.180,0.00,0.00,0.00,0.00,0.000,0,,1,351.70,-15.30,36.49,304.982,1.949,63.830,5.84,-17.92,63.57,4.869,0.610,-0.17,0.99,0,0,0,0,0,0,-17.92,-33.66,-13.57,0.3022,0.1453,0.3902,1,4.869,0,0.363,0,air_spread,releaseSpread,1.000,2,-0.307 0.487 -0.695 -0.045 0.438 0.553 0.105 -0.814 0.109 -0.181,304.71,1.91,63.66,-18.01,5.86,95.68,272,568,828,1068
814,13.5667,air,rise,310.047,2.473,63.292,16.356,1.923,9.623,19.074,16.468,62.342,0.00,0.00,0.00,0.00,0.000,0,,1,351.70,-15.30,36.49,305.251,1.986,63.992,5.79,-17.82,63.44,4.871,0.596,-0.17,0.99,0,0,0,0,0,0,-17.82,-33.73,-13.58,0.2948,0.1488,0.3957,1,4.871,0,0.364,0,air_spread,releaseSpread,1.000,2,-0.294 0.494 -0.705 -0.032 0.457 0.518 0.084 -0.816 0.115 -0.173,304.98,1.95,63.83,-17.92,5.84,95.53,272,568,824,1068
815,13.5833,air,rise,310.321,2.500,63.448,16.399,1.511,9.223,18.875,16.468,62.498,0.00,0.00,0.00,0.00,0.000,0,,1,351.70,-15.30,36.49,305.522,2.018,64.152,5.73,-17.79,63.30,4.874,0.582,-0.18,0.98,0,0,0,0,0,0,-17.79,-33.80,-13.60,0.2871,0.1523,0.4013,1,4.874,0,0.365,0,air_spread,releaseSpread,1.000,2,-0.279 0.503 -0.715 -0.014 0.475 0.481 0.060 -0.817 0.123 -0.167,305.25,1.99,63.99,-17.82,5.79,95.39,272,572,824,1072
816,13.6000,air,rise,310.594,2.520,63.596,16.433,1.081,8.823,18.683,16.468,62.646,0.00,0.00,0.00,0.00,0.000,0,,1,351.70,-15.30,36.49,305.794,2.045,64.310,5.65,-17.80,63.17,4.876,0.569,-0.18,0.98,0,0,0,0,0,0,-17.80,-33.86,-13.62,0.2838,0.1557,0.4046,1,4.876,0,0.366,0,air_spread,releaseSpread,1.000,2,-0.263 0.512 -0.726 0.007 0.491 0.441 0.033 -0.818 0.134 -0.163,305.52,2.02,64.15,-17.79,5.73,95.24,268,576,820,1076
817,13.6167,air,rise,310.869,2.532,63.738,16.456,0.636,8.423,18.498,16.468,62.788,0.00,0.00,0.00,0.00,0.000,0,,1,351.70,-15.30,36.49,306.067,2.066,64.464,5.55,-17.84,63.04,4.878,0.556,-0.18,0.98,0,0,0,0,0,0,-17.84,-33.92,-13.63,0.2864,0.1588,0.4048,1,4.878,0,0.367,0,air_spread,releaseSpread,1.000,2,-0.245 0.521 -0.736 0.033 0.505 0.400 0.004 -0.819 0.147 -0.161,305.79,2.04,64.31,-17.80,5.65,95.10,268,576,816,1080
818,13.6333,air,rise,311.143,2.537,63.874,16.467,0.174,8.023,18.319,16.468,62.924,0.00,0.00,0.00,0.00,0.000,0,,1,351.70,-15.30,36.49,306.341,2.081,64.613,5.43,-17.92,62.92,4.880,0.543,-0.19,0.98,0,0,0,0,0,0,-17.92,-33.97,-13.65,0.2888,0.1615,0.4048,1,4.880,0,0.368,0,air_spread,releaseSpread,1.000,2,-0.226 0.531 -0.746 0.061 0.516 0.357 -0.027 -0.818 0.161 -0.161,306.07,2.07,64.46,-17.84,5.55,94.95,264,576,812,1080
819,13.6500,air,rise,311.417,2.537,64.003,16.468,0.000,7.623,18.147,16.468,63.053,0.00,0.00,0.00,0.00,0.000,0,,1,351.70,-15.30,36.49,306.615,2.090,64.756,5.32,-18.00,62.79,4.882,0.531,-0.19,0.98,0,0,0,0,0,0,-18.00,-34.02,-13.67,0.2916,0.1643,0.4043,1,4.882,0,0.368,0,air_spread,releaseSpread,1.000,2,-0.196 0.544 -0.754 0.105 0.528 0.305 -0.073 -0.815 0.177 -0.167,306.34,2.08,64.61,-17.92,5.43,94.81,264,580,812,1080
820,13.6667,air,rise,311.692,2.537,64.125,16.468,0.000,7.223,17.983,16.468,63.175,0.00,0.00,0.00,0.00,0.000,0,,1,351.70,-15.30,36.49,306.890,2.094,64.894,5.27,-18.09,62.66,4.884,0.518,-0.19,0.98,0,0,0,0,0,0,-18.09,-34.06,-13.68,0.2935,0.1663,0.4032,1,4.884,0,0.369,0,air_spread,releaseSpread,1.000,2,-0.157 0.558 -0.756 0.163 0.539 0.244 -0.132 -0.807 0.193 -0.177,306.61,2.09,64.76,-18.00,5.32,94.66,260,580,804,1084
821,13.6833,air,rise,311.966,2.537,64.240,16.468,0.000,6.823,17.826,16.468,63.290,0.00,0.00,0.00,0.00,0.000,0,,1,351.70,-15.30,36.49,307.165,2.094,65.025,5.27,-18.19,62.54,4.886,0.506,-0.20,0.98,0,0,0,0,0,0,-18.19,-34.10,-13.70,0.2939,0.1667,0.4019,1,4.886,0,0.370,0,air_spread,releaseSpread,1.000,2,-0.117 0.568 -0.753 0.220 0.542 0.187 -0.189 -0.794 0.208 -0.190,306.89,2.09,64.89,-18.09,5.27,94.52,256,580,800,1084
822,13.7000,air,rise,312.241,2.537,64.349,16.468,0.000,6.423,17.677,16.468,63.399,0.00,0.00,0.00,0.00,0.000,0,,1,351.70,-15.30,36.49,307.440,2.091,65.150,5.31,-18.30,62.41,4.888,0.495,-0.20,0.98,0,0,0,0,0,0,-18.30,-34.13,-13.72,0.2929,0.1657,0.4006,1,4.888,0,0.371,0,air_spread,releaseSpread,1.000,2,-0.077 0.576 -0.744 0.276 0.538 0.131 -0.243 -0.778 0.222 -0.204,307.16,2.09,65.03,-18.19,5.27,94.38,256,580,800,1080
823,13.7167,air,rise,312.515,2.537,64.451,16.468,0.000,6.023,17.535,16.468,63.501,0.00,0.00,0.00,0.00,0.000,0,,1,351.70,-15.30,36.49,307.715,2.086,65.269,5.36,-18.40,62.29,4.890,0.483,-0.20,0.98,0,0,0,0,0,0,-18.40,-34.17,-13.73,0.2906,0.1635,0.3993,1,4.890,0,0.372,0,air_fallCalm,releaseSpread,1.000,2,-0.038 0.580 -0.730 0.329 0.530 0.080 -0.294 -0.759 0.233 -0.220,307.44,2.09,65.15,-18.30,5.31,94.24,252,576,800,1076
824,13.7333,air,rise,312.790,2.537,64.546,16.468,0.000,5.623,17.402,16.468,63.596,0.00,0.00,0.00,0.00,0.000,0,,1,351.70,-15.30,36.49,307.990,2.080,65.381,5.43,-18.50,62.17,4.893,0.472,-0.20,0.98,0,0,0,0,0,0,-18.50,-34.19,-13.75,0.2873,0.1599,0.3978,1,4.893,0,0.373,0,air_fallCalm,releaseSpread,1.000,2,-0.000 0.582 -0.710 0.376 0.516 0.035 -0.341 -0.737 0.241 -0.241,307.72,2.09,65.27,-18.40,5.36,94.10,252,576,800,1072
825,13.7500,air,rise,313.064,2.537,64.635,16.468,0.000,5.223,17.277,16.468,63.685,0.00,0.00,0.00,0.00,0.000,0,,1,351.70,-15.30,36.49,308.266,2.074,65.486,5.51,-18.61,62.05,4.895,0.461,-0.20,0.98,0,0,0,0,0,0,-18.61,-34.22,-13.77,0.2835,0.1553,0.3962,1,4.895,0,0.374,0,air_fallCalm,releaseSpread,1.000,2,0.037 0.582 -0.684 0.416 0.502 -0.000 -0.385 -0.714 0.246 -0.268,307.99,2.08,65.38,-18.50,5.43,93.97,252,572,804,1072
826,13.7667,air,rise,313.339,2.537,64.717,16.468,0.000,4.823,17.160,16.468,63.767,0.00,0.00,0.00,0.00,0.000,0,,1,351.70,-15.30,36.49,308.541,2.068,65.585,5.58,-18.71,61.93,4.898,0.451,-0.21,0.98,0,0,0,0,0,0,-18.71,-34.24,-13.78,0.2793,0.1499,0.3947,1,4.898,0,0.375,0,air_fallCalm,releaseSpread,1.000,2,0.072 0.581 -0.655 0.448 0.486 -0.027 -0.426 -0.690 0.245 -0.302,308.27,2.07,65.49,-18.61,5.51,93.83,252,568,808,1064
827,13.7833,air,rise,313.613,2.537,64.792,16.468,0.000,4.423,17.052,16.468,63.842,0.00,0.00,0.00,0.00,0.000,0,,1,351.70,-15.30,36.49,308.816,2.062,65.677,5.65,-18.82,61.82,4.901,0.441,-0.21,0.98,0,0,0,0,0,0,-18.82,-34.26,-13.80,0.2746,0.1445,0.3931,1,4.901,0,0.376,0,air_fallCalm,releaseSpread,1.000,2,0.106 0.578 -0.623 0.473 0.473 -0.043 -0.464 -0.666 0.239 -0.339,308.54,2.07,65.58,-18.71,5.58,93.70,252,564,812,1060
828,13.8000,air,rise,313.888,2.537,64.861,16.468,0.000,4.023,16.953,16.468,63.911,0.00,0.00,0.00,0.00,0.000,0,,1,351.70,-15.30,36.49,309.092,2.057,65.762,5.72,-18.93,61.70,4.904,0.431,-0.21,0.98,0,0,0,0,0,0,-18.93,-34.27,-13.82,0.2698,0.1391,0.3915,1,4.904,0,0.377,0,air_fallCalm,releaseSpread,1.000,2,0.139 0.573 -0.589 0.493 0.463 -0.049 -0.498 -0.642 0.226 -0.379,308.82,2.06,65.68,-18.82,5.65,93.57,256,560,820,1056
829,13.8167,air,rise,314.162,2.537,64.923,16.468,0.000,3.623,16.862,16.468,63.973,0.00,0.00,0.00,0.00,0.000,0,,1,351.70,-15.30,36.49,309.367,2.052,65.841,5.77,-19.03,61.59,4.906,0.422,-0.21,0.98,0,0,0,0,0,0,-19.03,-34.29,-13.83,0.2648,0.1342,0.3902,1,4.906,0,0.378,0,air_fallCalm,releaseSpread,1.000,2,0.169 0.566 -0.555 0.509 0.459 -0.047 -0.529 -0.618 0.208 -0.420,309.09,2.06,65.76,-18.93,5.72,93.44,256,556,828,1052
830,13.8333,air,rise,314.437,2.537,64.979,16.468,0.000,3.313,16.798,16.468,64.029,0.00,0.00,0.00,0.00,0.000,0,,1,351.70,-15.30,36.49,309.642,2.048,65.913,5.82,-19.13,61.48,4.909,0.413,-0.21,0.98,0,0,0,0,0,0,-19.13,-34.30,-13.85,0.2600,0.1331,0.3890,1,4.909,0,0.379,0,air_fallCalm,fallCalm,1.000,2,0.197 0.558 -0.520 0.521 0.460 -0.037 -0.557 -0.596 0.185 -0.460,309.37,2.05,65.84,-19.03,5.77,93.32,256,552,832,1052
831,13.8500,air,rise,314.711,2.537,65.032,16.468,0.000,3.093,16.756,16.468,64.082,0.00,0.00,0.00,0.00,0.000,0,,1,351.70,-15.30,36.49,309.917,2.045,65.979,5.86,-19.21,61.38,4.912,0.404,-0.21,0.98,0,0,0,0,0,0,-19.21,-34.31,-13.87,0.2557,0.1361,0.3878,1,4.912,0,0.380,0,air_fallCalm,fallCalm,1.000,2,0.221 0.550 -0.486 0.532 0.467 -0.021 -0.580 -0.575 0.159 -0.499,309.64,2.05,65.91,-19.13,5.82,93.19,260,548,828,1052
832,13.8667,air,apex,314.986,2.537,65.081,16.468,0.000,2.873,16.717,16.468,64.131,0.00,0.00,0.00,0.00,0.000,0,,1,351.70,-15.30,36.49,310.191,2.043,66.040,5.88,-19.26,61.27,4.914,0.396,-0.21,0.98,0,0,0,0,0,0,-19.26,-34.32,-13.88,0.2549,0.1392,0.3854,1,4.914,0,0.381,0,air_fallCalm,fallCalm,1.000,2,0.242 0.540 -0.452 0.541 0.477 -0.002 -0.600 -0.557 0.131 -0.534,309.92,2.05,65.98,-19.21,5.86,93.07,260,544,824,1052
833,13.8833,air,apex,315.260,2.537,65.126,16.468,0.000,2.653,16.681,16.468,64.176,0.00,0.00,0.00,0.00,0.000,0,,1,351.70,-15.30,36.49,310.466,2.041,66.096,5.90,-19.31,61.17,4.916,0.389,-0.21,0.98,0,0,0,0,0,0,-19.31,-34.33,-13.90,0.2643,0.1423,0.3883,1,4.916,0,0.382,0,air_fallCalm,fallCalm,1.000,2,0.259 0.531 -0.421 0.548 0.490 0.018 -0.616 -0.542 0.103 -0.565,310.19,2.04,66.04,-19.26,5.88,92.95,264,544,820,1056
834,13.9000,air,apex,315.535,2.537,65.167,16.468,0.000,2.433,16.647,16.468,64.217,0.00,0.00,0.00,0.00,0.000,0,,1,351.70,-15.30,36.49,310.741,2.041,66.147,5.91,-19.35,61.07,4.918,0.382,-0.21,0.98,0,0,0,0,0,0,-19.35,-34.34,-13.92,0.2736,0.1450,0.3912,1,4.918,0,0.383,0,air_fallCalm,fallCalm,1.000,2,0.272 0.522 -0.393 0.555 0.503 0.038 -0.629 -0.530 0.076 -0.592,310.47,2.04,66.10,-19.31,5.90,92.84,264,552,816,1056
835,13.9167,air,apex,315.809,2.537,65.205,16.468,0.000,2.213,16.616,16.468,64.255,0.00,0.00,0.00,0.00,0.000,0,,1,351.70,-15.30,36.49,311.015,2.041,66.195,5.91,-19.38,60.98,4.920,0.375,-0.21,0.98,0,0,0,0,0,0,-19.38,-34.34,-13.93,0.2816,0.1473,0.3936,1,4.920,0,0.384,0,air_fallCalm,fallCalm,1.000,2,0.280 0.514 -0.371 0.560 0.515 0.056 -0.637 -0.523 0.054 -0.615,310.74,2.04,66.15,-19.35,5.91,92.73,268,560,812,1060
836,13.9333,air,apex,316.083,2.537,65.239,16.468,0.000,1.993,16.589,16.468,64.289,0.00,0.00,0.00,0.00,0.000,0,,1,351.70,-15.30,36.49,311.289,2.042,66.238,5.89,-19.42,60.88,4.922,0.369,-0.21,0.98,0,0,0,0,0,0,-19.42,-34.35,-13.95,0.2883,0.1488,0.3956,1,4.922,0,0.385,0,air_fallCalm,fallCalm,1.000,2,0.283 0.507 -0.354 0.564 0.524 0.072 -0.641 -0.519 0.036 -0.634,311.01,2.04,66.19,-19.38,5.91,92.62,268,568,812,1060
837,13.9500,air,apex,316.358,2.537,65.270,16.468,0.000,1.773,16.564,16.468,64.320,0.00,0.00,0.00,0.00,0.000,0,,1,351.70,-15.30,36.49,311.564,2.044,66.278,5.87,-19.45,60.79,4.924,0.363,-0.21,0.98,0,0,0,0,0,0,-19.45,-34.35,-13.97,0.2937,0.1494,0.3972,1,4.924,0,0.386,0,air_fallCalm,fallCalm,1.000,2,0.282 0.502 -0.345 0.567 0.530 0.085 -0.641 -0.520 0.025 -0.649,311.29,2.04,66.24,-19.42,5.89,92.51,268,572,812,1064
838,13.9667,air,apex,316.632,2.537,65.296,16.468,0.000,1.553,16.541,16.468,64.346,0.00,0.00,0.00,0.00,0.000,0,,1,351.70,-15.30,36.49,311.838,2.046,66.314,5.84,-19.49,60.70,4.926,0.358,-0.20,0.98,0,0,0,0,0,0,-19.49,-34.35,-13.98,0.2979,0.1490,0.3986,1,4.926,0,0.387,0,air_fallCalm,fallCalm,1.000,2,0.276 0.499 -0.345 0.568 0.531 0.095 -0.637 -0.525 0.020 -0.660,311.56,2.04,66.28,-19.45,5.87,92.40,272,576,812,1064
839,13.9833,air,apex,316.907,2.537,65.320,16.468,0.000,1.333,16.522,16.468,64.370,0.00,0.00,0.00,0.00,0.000,0,,1,351.70,-15.30,36.49,312.112,2.050,66.347,5.80,-19.53,60.62,4.928,0.353,-0.20,0.98,0,0,0,0,0,0,-19.53,-34.36,-14.00,0.3011,0.1480,0.3999,1,4.928,0,0.387,0,air_fallCalm,fallCalm,1.000,2,0.267 0.499 -0.352 0.567 0.531 0.105 -0.629 -0.534 0.022 -0.670,311.84,2.05,66.31,-19.49,5.84,92.30,272,580,812,1064
840,14.0000,air,apex,317.181,2.537,65.339,16.468,0.000,1.113,16.506,16.468,64.389,0.00,0.00,0.00,0.00,0.000,0,,1,351.70,-15.30,36.49,312.386,2.054,66.375,5.75,-19.57,60.54,4.930,0.349,-0.20,0.98,0,0,0,0,0,0,-19.57,-34.36,-14.02,0.3037,0.1465,0.4013,1,4.930,0,0.388,0,air_fallCalm,fallCalm,1.000,2,0.253 0.498 -0.362 0.563 0.530 0.119 -0.617 -0.547 0.028 -0.678,312.11,2.05,66.35,-19.53,5.80,92.21,272,580,816,1064
841,14.0167,air,apex,317.456,2.537,65.355,16.468,0.000,0.893,16.493,16.468,64.405,0.00,0.00,0.00,0.00,0.000,0,,1,351.70,-15.30,36.49,312.660,2.058,66.400,5.70,-19.61,60.46,4.932,0.344,-0.20,0.98,0,0,0,0,0,0,-19.61,-34.36,-14.03,0.3055,0.1444,0.4029,1,4.932,0,0.389,0,air_fallCalm,fallCalm,1.000,2,0.235 0.499 -0.376 0.557 0.528 0.135 -0.601 -0.562 0.039 -0.686,312.39,2.05,66.38,-19.57,5.75,92.11,268,584,820,1064
842,14.0333,air,apex,317.730,2.537,65.367,16.468,0.000,0.673,16.482,16.468,64.417,0.00,0.00,0.00,0.00,0.000,0,,1,351.70,-15.30,36.49,312.933,2.063,66.421,5.64,-19.66,60.38,4.934,0.341,-0.20,0.98,0,0,0,0,0,0,-19.66,-34.37,-14.05,0.3065,0.1417,0.4045,1,4.934,0,0.390,0,air_fallCalm,fallCalm,1.000,2,0.214 0.499 -0.393 0.547 0.525 0.153 -0.580 -0.580 0.055 -0.692,312.66,2.06,66.40,-19.61,5.70,92.02,268,588,824,1064
843,14.0500,air,apex,318.005,2.537,65.375,16.468,0.000,0.453,16.475,16.468,64.425,0.00,0.00,0.00,0.00,0.000,0,,1,351.70,-15.30,36.49,313.207,2.069,66.439,5.57,-19.70,60.30,4.936,0.337,-0.20,0.98,0,0,0,0,0,0,-19.70,-34.37,-14.07,0.3064,0.1383,0.4062,1,4.936,0,0.390,0,air_fallCalm,fallCalm,1.000,2,0.189 0.499 -0.413 0.535 0.520 0.174 -0.555 -0.599 0.075 -0.697,312.93,2.06,66.42,-19.66,5.64,91.93,268,588,828,1064
844,14.0667,air,apex,318.279,2.537,65.380,16.468,0.000,0.233,16.470,16.468,64.430,0.00,0.00,0.00,0.00,0.000,0,,1,351.70,-15.30,36.49,313.481,2.075,66.453,5.49,-19.75,60.23,4.938,0.334,-0.19,0.98,0,0,0,0,0,0,-19.75,-34.37,-14.08,0.3053,0.1343,0.4080,1,4.938,0,0.391,0,air_fallCalm,fallCalm,1.000,2,0.162 0.498 -0.436 0.519 0.514 0.197 -0.526 -0.619 0.099 -0.699,313.21,2.07,66.44,-19.70,5.57,91.84,268,592,836,1064
845,14.0833,air,apex,318.554,2.537,65.381,16.468,0.000,0.013,16.468,16.468,64.431,0.00,0.00,0.00,0.00,0.000,0,,1,351.70,-15.30,36.49,313.755,2.082,66.463,5.41,-19.79,60.16,4.941,0.331,-0.19,0.98,0,0,0,0,0,0,-19.79,-34.37,-14.10,0.3028,0.1312,0.4099,1,4.941,0,0.392,0,air_fallCalm,fallCalm,1.000,2,0.132 0.496 -0.460 0.500 0.506 0.221 -0.492 -0.639 0.127 -0.699,313.48,2.08,66.45,-19.75,5.49,91.76,268,592,840,1064
846,14.1000,air,apex,318.828,2.537,65.379,16.468,0.000,-0.207,16.470,16.468,64.429,0.00,0.00,0.00,0.00,0.000,0,,1,351.70,-15.30,36.49,314.028,2.089,66.470,5.33,-19.84,60.10,4.943,0.329,-0.19,0.98,0,0,0,0,0,0,-19.84,-34.37,-14.12,0.2991,0.1335,0.4118,1,4.943,0,0.392,0,air_fallCalm,fallCalm,1.000,2,0.099 0.493 -0.485 0.478 0.495 0.246 -0.454 -0.658 0.159 -0.697,313.75,2.08,66.46,-19.79,5.41,91.68,268,592,848,1064
847,14.1167,air,apex,319.103,2.537,65.373,16.464,0.005,-0.427,16.469,16.464,64.423,0.00,0.00,0.00,0.00,0.000,0,,1,351.70,-15.30,36.49,314.302,2.097,66.473,5.24,-19.89,60.03,4.945,0.326,-0.19,0.98,1,0,0,0,0,0,-19.89,-34.37,-14.13,0.2947,0.1356,0.4134,1,4.945,0,0.393,0,air_fallCalm,fallCalm,1.000,2,0.066 0.487 -0.511 0.453 0.483 0.271 -0.414 -0.676 0.192 -0.691,314.03,2.09,66.47,-19.84,5.33,91.60,268,592,844,1064
848,14.1333,air,apex,319.377,2.537,65.363,16.461,-0.025,-0.647,16.474,16.461,64.413,0.00,0.00,0.00,0.00,0.000,0,,1,351.70,-15.30,36.49,314.575,2.105,66.472,5.14,-19.95,59.97,4.947,0.324,-0.19,0.98,1,0,0,0,0,0,-19.95,-34.37,-14.15,0.2922,0.1374,0.4133,1,4.947,0,0.394,0,air_reachR,fallCalm,1.000,2,0.030 0.481 -0.537 0.423 0.467 0.297 -0.368 -0.693 0.230 -0.682,314.30,2.10,66.47,-19.89,5.24,91.53,268,592,844,1060
849,14.1500,air,apex,319.651,2.536,65.349,16.461,-0.025,-0.867,16.484,16.461,64.399,0.00,0.00,0.00,0.00,0.000,0,,1,351.70,-15.30,36.49,314.849,2.113,66.468,5.03,-20.00,59.91,4.949,0.322,-0.18,0.98,1,0,0,0,0,0,-20.00,-34.37,-14.17,0.2893,0.1387,0.4135,1,4.949,0,0.394,0,air_reachR,fallCalm,1.000,2,-0.005 0.472 -0.561 0.388 0.450 0.318 -0.320 -0.708 0.267 -0.673,314.58,2.11,66.47,-19.95,5.14,91.46,268,592,836,1060
850,14.1667,swing,swingLow,319.926,2.536,65.332,2.154,4.541,-15.713,16.497,5.026,64.382,344.30,-25.00,67.83,50.08,0.000,1,,1,351.70,-15.30,36.49,315.122,2.122,66.460,3.16,-20.05,59.85,4.951,0.321,-0.18,0.98,1,0,0,0,0,0,-20.05,-34.37,-14.18,0.2972,0.1278,0.4107,1,4.951,0,0.395,0,air_reachR,fallCalm,1.000,2,0.080 0.582 -0.517 0.407 0.462 0.146 -0.414 -0.710 0.201 -0.608,314.85,2.11,66.47,-20.00,5.03,91.39,272,592,832,1056
851,14.1833,swing,swingLow,319.963,2.611,65.065,2.294,4.505,-16.103,16.878,5.056,64.115,344.30,-25.00,67.83,50.08,0.024,1,,1,351.70,-15.30,36.49,315.376,2.137,66.412,1.52,-22.00,59.80,4.804,0.319,-0.18,0.98,1,0,0,0,0,0,-22.00,-34.37,-14.20,0.3188,0.1421,0.4311,1,4.804,0,0.396,0,swing,fallCalm,1.000,2,-0.029 0.593 -0.577 0.255 0.430 0.170 -0.272 -0.758 0.302 -0.523,315.12,2.12,66.46,-20.05,3.16,91.32,264,592,924,1132
852,14.2000,swing,swingLow,320.003,2.686,64.792,2.442,4.494,-16.491,17.266,5.114,63.842,344.30,-25.00,67.83,50.08,0.044,1,,1,351.70,-15.30,36.49,315.591,2.165,66.302,0.16,-22.00,59.75,4.692,0.318,-0.18,0.98,1,0,0,0,0,0,-22.00,-34.38,-14.22,0.3257,0.1662,0.4730,1,4.692,0,0.396,0,swing,fallCalm,1.000,2,-0.036 0.580 -0.621 0.260 0.397 0.089 -0.155 -0.748 0.376 -0.411,315.38,2.14,66.41,-22.00,1.52,91.26,276,624,940,1176
853,14.2167,swing,swingLow,320.045,2.761,64.512,2.596,4.482,-16.877,17.654,5.180,63.562,344.30,-25.00,67.83,50.08,0.062,1,,1,351.70,-15.30,36.49,315.766,2.206,66.135,-0.86,-22.00,59.70,4.610,0.318,-0.17,0.98,1,0,0,0,0,0,-22.00,-34.38,-14.23,0.3262,0.1884,0.5045,1,4.610,0,0.397,0,swing,fallCalm,1.000,2,-0.119 0.556 -0.688 0.184 0.378 0.119 -0.050 -0.713 0.426 -0.302,315.59,2.16,66.30,-22.00,0.16,91.20,316,672,944,1232
854,14.2333,swing,swingLow,320.090,2.835,64.226,2.757,4.469,-17.260,18.041,5.251,63.276,344.30,-25.00,67.83,50.08,0.078,1,,1,351.70,-15.30,36.49,315.906,2.258,65.925,-1.64,-22.00,59.65,4.552,0.318,-0.17,0.99,1,0,0,0,0,0,-22.00,-34.38,-14.25,0.3212,0.2068,0.5277,1,4.552,0,0.397,0,swing,fallCalm,1.000,2,-0.186 0.525 -0.756 0.154 0.353 0.141 0.039 -0.666 0.461 -0.210,315.77,2.21,66.13,-22.00,-0.86,91.14,352,704,944,1276
855,14.2500,swing,swingLow,320.137,2.910,63.934,2.925,4.456,-17.641,18.429,5.330,62.984,344.30,-25.00,67.83,50.08,0.092,1,,1,351.70,-15.30,36.49,316.020,2.320,65.686,-2.27,-22.00,59.61,4.513,0.319,-0.17,0.99,1,0,0,0,0,0,-22.00,-34.38,-14.27,0.3136,0.2209,0.5440,1,4.513,0,0.397,0,swing,fallCalm,1.000,2,-0.237 0.495 -0.818 0.169 0.329 0.154 0.113 -0.617 0.480 -0.133,315.91,2.26,65.93,-22.00,-1.64,91.09,380,724,940,1304
856,14.2667,swing,swingLow,320.188,2.984,63.635,3.100,4.442,-18.020,18.816,5.416,62.685,344.30,-25.00,67.83,50.08,0.105,1,,1,351.70,-15.30,36.49,316.114,2.388,65.424,-2.79,-22.00,59.58,4.489,0.320,-0.16,0.99,1,0,0,0,0,0,-22.00,-34.38,-14.28,0.3060,0.2299,0.5553,1,4.489,0,0.398,0,swing,fallCalm,1.000,2,-0.275 0.473 -0.863 0.219 0.310 0.163 0.175 -0.574 0.486 -0.066,316.02,2.32,65.69,-22.00,-2.27,91.05,400,736,936,1320
857,14.2833,swing,swingLow,320.241,3.058,63.330,3.281,4.425,-18.396,19.203,5.509,62.380,344.30,-25.00,67.83,50.08,0.117,1,,1,351.70,-15.30,36.49,316.194,2.461,65.130,-3.23,-21.96,59.55,4.469,0.323,-0.16,0.99,1,0,0,0,0,0,-21.96,-34.38,-14.30,0.2994,0.2341,0.5606,1,4.469,0,0.398,0,swing,fallCalm,1.000,2,-0.303 0.459 -0.883 0.289 0.300 0.171 0.225 -0.539 0.481 -0.008,316.11,2.39,65.42,-22.00,-2.79,91.00,420,744,932,1332
858,14.3000,swing,swingLow,320.298,3.131,63.018,3.469,4.407,-18.769,19.590,5.609,62.068,344.30,-25.00,67.83,50.08,0.128,1,,1,351.70,-15.30,36.49,316.265,2.538,64.818,-3.59,-21.79,59.52,4.456,0.325,-0.16,0.99,1,0,0,0,0,0,-21.79,-34.38,-14.32,0.2950,0.2335,0.5648,1,4.456,0,0.398,0,swing,swingLowL,1.000,2,-0.322 0.452 -0.880 0.360 0.297 0.185 0.268 -0.512 0.465 0.045,316.19,2.46,65.13,-21.96,-3.23,90.97,428,748,936,1336
859,14.3167,swing,swingLow,320.357,3.205,62.701,3.665,4.388,-19.140,19.976,5.717,61.751,344.30,-25.00,67.83,50.08,0.138,1,,1,351.70,-15.30,36.49,316.331,2.618,64.501,-3.90,-21.50,59.50,4.449,0.329,-0.16,0.99,1,0,0,0,0,0,-21.50,-34.38,-14.33,0.2926,0.2296,0.5704,1,4.449,0,0.398,0,swing,swingLowL,1.000,2,-0.335 0.450 -0.863 0.418 0.302 0.206 0.304 -0.492 0.443 0.094,316.27,2.54,64.82,-21.79,-3.59,90.94,436,752,940,1332
860,14.3333,swing,swingLow,320.420,3.277,62.377,3.868,4.367,-19.508,20.361,5.833,61.427,344.30,-25.00,67.83,50.08,0.147,1,,1,351.70,-15.30,36.49,316.394,2.699,64.177,-4.17,-21.11,59.48,4.448,0.334,-0.15,0.99,1,0,0,0,0,0,-21.11,-34.38,-14.35,0.2957,0.2242,0.5751,1,4.448,0,0.399,0,swing,swingLowL,1.000,2,-0.343 0.452 -0.842 0.455 0.311 0.235 0.336 -0.478 0.417 0.140,316.33,2.62,64.50,-21.50,-3.90,90.91,444,756,944,1328
861,14.3500,swing,swingLow,320.487,3.350,62.047,4.078,4.344,-19.872,20.746,5.958,61.097,344.30,-25.00,67.83,50.08,0.157,1,,1,351.70,-15.30,36.49,316.456,2.781,63.847,-4.40,-20.68,59.47,4.451,0.339,-0.15,0.99,1,0,0,0,0,0,-20.68,-34.38,-14.37,0.2994,0.2202,0.5803,1,4.451,0,0.399,0,swing,swingLowL,1.000,2,-0.348 0.455 -0.840 0.473 0.321 0.272 0.365 -0.469 0.391 0.182,316.39,2.70,64.18,-21.11,-4.17,90.89,452,760,944,1320
862,14.3667,swing,swingLow,320.557,3.422,61.711,4.295,4.319,-20.233,21.130,6.091,60.761,344.30,-25.00,67.83,50.08,0.165,1,,1,351.70,-15.30,36.49,316.518,2.864,63.511,-4.61,-20.22,59.46,4.457,0.345,-0.15,0.99,1,0,0,0,0,0,-20.22,-34.38,-14.38,0.3022,0.2160,0.5862,1,4.457,0,0.399,0,swing,swingLowL,1.000,2,-0.355 0.456 -0.838 0.486 0.326 0.317 0.391 -0.462 0.366 0.220,316.46,2.78,63.85,-20.68,-4.40,90.88,460,768,944,1312
863,14.3833,swing,swingLow,320.631,3.494,61.370,4.520,4.292,-20.591,21.514,6.234,60.420,344.30,-25.00,67.83,50.08,0.174,1,,1,351.70,-15.30,36.49,316.582,2.948,63.170,-4.81,-19.75,59.46,4.464,0.352,-0.14,0.99,1,0,0,0,0,0,-19.75,-34.38,-14.40,0.3046,0.2180,0.5921,1,4.464,0,0.399,0,swing,swingLowL,1.000,2,-0.356 0.459 -0.834 0.499 0.333 0.357 0.415 -0.456 0.346 0.253,316.52,2.86,63.51,-20.22,-4.61,90.87,468,776,940,1312
864,14.4000,swing,swingLow,320.708,3.565,61.022,4.753,4.263,-20.946,21.897,6.384,60.072,344.30,-25.00,67.83,50.08,0.183,1,,1,351.70,-15.30,36.49,316.648,3.031,62.822,-4.99,-19.26,59.47,4.473,0.360,-0.14,0.99,1,0,0,0,0,0,-19.26,-34.38,-14.42,0.3056,0.2201,0.5977,1,4.473,0,0.399,0,swing,swingLowL,1.000,2,-0.364 0.456 -0.833 0.504 0.327 0.400 0.438 -0.448 0.334 0.279,316.58,2.95,63.17,-19.75,-4.81,90.87,476,780,940,1316
865,14.4167,swing,swingLow,320.790,3.636,60.668,4.993,4.232,-21.296,22.279,6.545,59.718,344.30,-25.00,67.83,50.08,0.191,1,,1,351.70,-15.30,36.49,316.717,3.114,62.468,-5.16,-18.78,59.48,4.483,0.368,-0.14,0.99,1,0,0,0,0,0,-18.78,-34.38,-14.43,0.3073,0.2219,0.6026,1,4.483,0,0.399,0,swing,swingLowL,1.000,2,-0.372 0.451 -0.834 0.504 0.317 0.435 0.457 -0.440 0.328 0.300,316.65,3.03,62.82,-19.26,-4.99,90.88,488,788,936,1320
866,14.4333,swing,swingLow,320.875,3.706,60.309,5.241,4.198,-21.643,22.660,6.714,59.359,344.30,-25.00,67.83,50.08,0.199,1,,1,351.70,-15.30,36.49,316.789,3.197,62.109,-5.32,-18.28,59.50,4.494,0.377,-0.13,0.99,1,0,0,0,0,0,-18.28,-34.38,-14.45,0.3073,0.2236,0.6078,1,4.494,0,0.399,0,swing,swingLowL,1.000,2,-0.383 0.443 -0.837 0.500 0.302 0.461 0.474 -0.429 0.330 0.315,316.72,3.11,62.47,-18.78,-5.16,90.89,496,792,936,1320
867,14.4500,swing,swingLow,320.965,3.776,59.944,5.496,4.159,-21.986,23.041,6.892,58.994,344.30,-25.00,67.83,50.08,0.207,1,,1,351.70,-15.30,36.49,316.865,3.280,61.744,-5.48,-17.78,59.52,4.506,0.387,-0.13,0.99,1,0,0,0,0,0,-17.78,-34.38,-14.47,0.3061,0.2250,0.6136,1,4.506,0,0.399,0,swing,swingLowL,1.000,2,-0.396 0.433 -0.841 0.492 0.283 0.476 0.487 -0.419 0.340 0.325,316.79,3.20,62.11,-18.28,-5.32,90.91,508,796,932,1320
868,14.4667,swing,swingLow,321.059,3.844,59.573,5.760,4.119,-22.324,23.420,7.081,58.623,344.30,-25.00,67.83,50.08,0.216,1,,1,351.70,-15.30,36.49,316.944,3.362,61.373,-5.64,-17.28,59.55,4.518,0.398,-0.13,0.99,1,0,0,0,0,0,-17.28,-34.38,-14.48,0.3040,0.2264,0.6193,1,4.518,0,0.399,0,swing,swingLowL,1.000,2,-0.409 0.422 -0.846 0.482 0.263 0.487 0.499 -0.406 0.355 0.331,316.86,3.28,61.74,-17.78,-5.48,90.94,512,804,928,1320
869,14.4833,swing,swingLow,321.158,3.913,59.196,6.031,4.073,-22.659,23.799,7.277,58.246,344.30,-25.00,67.83,50.08,0.224,1,,1,351.70,-15.30,36.49,317.027,3.444,60.996,-5.79,-16.77,59.59,4.531,0.409,-0.13,0.99,1,0,0,0,0,0,-16.77,-34.38,-14.50,0.3016,0.2275,0.6249,1,4.531,0,0.400,0,swing,swingLowL,1.000,2,-0.421 0.410 -0.850 0.472 0.242 0.496 0.510 -0.394 0.370 0.336,316.94,3.36,61.37,-17.28,-5.64,90.98,520,808,924,1320
870,14.5000,swing,swingLow,321.261,3.980,58.814,6.309,4.021,-22.989,24.176,7.482,57.864,344.30,-25.00,67.83,50.08,0.232,1,,1,351.70,-15.30,36.49,317.114,3.525,60.614,-5.95,-16.26,59.63,4.544,0.420,-0.12,0.99,1,0,0,0,0,0,-16.26,-34.38,-14.52,0.2983,0.2286,0.6305,1,4.544,0,0.400,0,swing,swingLowL,1.000,2,-0.433 0.398 -0.854 0.461 0.222 0.503 0.521 -0.379 0.388 0.337,317.03,3.44,61.00,-16.77,-5.79,91.02,528,812,924,1324
871,14.5167,swing,swingLow,321.369,4.046,58.427,6.596,3.967,-23.315,24.552,7.697,57.477,344.30,-25.00,67.83,50.08,0.240,1,,1,351.70,-15.30,36.49,317.205,3.606,60.227,-6.10,-15.74,59.68,4.558,0.432,-0.12,0.99,1,0,0,0,0,0,-15.74,-34.38,-14.53,0.2949,0.2294,0.6360,1,4.558,0,0.400,0,swing,swingLowL,1.000,2,-0.444 0.386 -0.858 0.451 0.201 0.508 0.530 -0.364 0.406 0.338,317.11,3.53,60.61,-16.26,-5.95,91.07,536,816,924,1324
872,14.5333,swing,swingLow,321.482,4.112,58.034,6.891,3.906,-23.636,24.928,7.921,57.084,344.30,-25.00,67.83,50.08,0.249,1,,1,351.70,-15.30,36.49,317.300,3.685,59.834,-6.25,-15.23,59.73,4.572,0.445,-0.12,0.99,1,0,0,0,0,0,-15.23,-34.38,-14.55,0.2906,0.2302,0.6415,1,4.572,0,0.400,0,swing,swingLowL,1.000,2,-0.455 0.374 -0.861 0.440 0.179 0.511 0.539 -0.347 0.428 0.335,317.20,3.61,60.23,-15.74,-6.10,91.12,544,816,920,1324
873,14.5500,swing,swingLow,321.600,4.176,57.636,7.193,3.836,-23.952,25.302,8.152,56.686,344.30,-25.00,67.83,50.08,0.257,1,,1,370.30,-15.30,35.01,317.401,3.764,59.436,-6.40,-14.70,59.79,4.587,0.458,-0.11,0.99,1,0,0,0,0,0,-14.70,-34.38,-14.57,0.2864,0.2308,0.6471,1,4.587,0,0.400,0,swing,swingLowL,1.000,2,-0.465 0.362 -0.864 0.429 0.159 0.512 0.547 -0.331 0.449 0.332,317.30,3.69,59.83,-15.23,-6.25,91.18,552,820,916,1320
874,14.5667,swing,swingLow,321.723,4.239,57.233,7.504,3.766,-24.263,25.675,8.396,56.283,344.30,-25.00,67.83,50.08,0.266,1,,1,370.30,-15.30,35.01,317.505,3.842,59.033,-6.56,-14.18,59.86,4.603,0.472,-0.11,0.99,1,0,0,0,0,0,-14.18,-34.38,-14.58,0.2814,0.2313,0.6526,1,4.603,0,0.400,0,swing,swingLowL,1.000,2,-0.475 0.350 -0.867 0.419 0.138 0.510 0.555 -0.312 0.473 0.326,317.40,3.76,59.44,-14.70,-6.40,91.25,564,824,916,1320
875,14.5833,swing,swingLow,321.851,4.301,56.824,7.822,3.686,-24.569,26.046,8.647,55.874,344.30,-25.00,67.83,50.08,0.274,1,,1,370.30,-15.30,35.01,317.615,3.919,58.624,-6.71,-13.65,59.93,4.618,0.486,-0.11,0.99,1,0,0,0,0,0,-13.65,-34.38,-14.60,0.2763,0.2317,0.6581,1,4.618,0,0.400,0,swing,swingLowL,1.000,2,-0.484 0.337 -0.869 0.408 0.117 0.508 0.561 -0.294 0.497 0.320,317.51,3.84,59.03,-14.18,-6.56,91.33,572,828,912,1320
876,14.6000,swing,swingLow,321.984,4.361,56.411,8.148,3.597,-24.869,26.416,8.906,55.461,344.30,-25.00,67.83,50.08,0.283,1,,1,370.30,-15.30,35.01,317.729,3.995,58.211,-6.87,-13.11,60.00,4.635,0.500,-0.11,0.99,1,0,0,0,0,0,-13.11,-34.38,-14.62,0.2705,0.2320,0.6636,1,4.635,0,0.400,0,swing,swingLowL,1.000,2,-0.493 0.325 -0.871 0.397 0.098 0.503 0.567 -0.273 0.522 0.311,317.61,3.92,58.62,-13.65,-6.71,91.41,580,828,912,1320
877,14.6167,swing,swingLow,322.123,4.420,55.992,8.482,3.506,-25.164,26.785,9.178,55.042,344.30,-25.00,67.83,50.08,0.292,1,,1,370.30,-15.30,35.01,317.849,4.069,57.792,-7.02,-12.58,60.09,4.651,0.515,-0.10,0.99,1,0,0,0,0,0,-12.58,-34.38,-14.63,0.2648,0.2321,0.6691,1,4.651,0,0.400,0,swing,swingLowL,1.000,2,-0.501 0.313 -0.873 0.387 0.078 0.497 0.572 -0.252 0.547 0.301,317.73,3.99,58.21,-13.11,-6.87,91.50,588,832,908,1320
878,14.6333,swing,swingLow,322.268,4.478,55.569,8.823,3.405,-25.452,27.153,9.457,54.619,344.30,-25.00,67.83,50.08,0.301,1,,1,370.30,-15.30,35.01,317.974,4.142,57.369,-7.18,-12.04,60.17,4.668,0.530,-0.10,0.99,1,0,0,0,0,0,-12.04,-34.38,-14.65,0.2581,0.2321,0.6745,1,4.668,0,0.400,0,swing,swingLowL,1.000,2,-0.509 0.300 -0.874 0.377 0.059 0.487 0.576 -0.228 0.574 0.289,317.85,4.07,57.79,-12.58,-7.02,91.59,600,836,908,1320
879,14.6500,swing,swingLow,322.418,4.533,55.141,9.172,3.294,-25.735,27.518,9.746,54.191,344.30,-25.00,67.83,50.08,0.310,1,,1,370.30,-15.30,35.01,318.104,4.214,56.941,-7.34,-11.49,60.27,4.686,0.545,-0.10,1.00,1,0,0,0,0,0,-11.49,-34.38,-14.67,0.2519,0.2333,0.6801,1,4.686,0,0.400,0,swing,swingLowL,1.000,2,-0.516 0.288 -0.876 0.367 0.041 0.478 0.579 -0.206 0.598 0.278,317.97,4.14,57.37,-12.04,-7.18,91.69,608,836,908,1320
880,14.6667,swing,swingLow,322.575,4.587,54.708,9.529,3.182,-26.010,27.883,10.046,53.758,344.30,-25.00,67.83,50.08,0.319,1,,1,370.30,-15.30,35.01,318.239,4.284,56.508,-7.45,-11.10,60.37,4.704,0.561,-0.09,1.00,1,0,0,0,0,0,-11.10,-34.38,-14.68,0.2445,0.2342,0.6831,1,4.704,0,0.400,0,swing,swingLowL,1.000,2,-0.523 0.275 -0.877 0.358 0.022 0.466 0.582 -0.183 0.623 0.263,318.10,4.21,56.94,-11.49,-7.34,91.80,616,840,908,1320
881,14.6833,swing,swingLow,322.737,4.638,54.271,9.894,3.058,-26.279,28.246,10.356,53.321,344.30,-25.00,67.83,50.08,0.328,1,,1,370.30,-15.30,35.01,318.380,4.352,56.071,-7.46,-10.91,60.47,4.723,0.577,-0.09,1.00,1,0,0,0,0,0,-10.91,-34.38,-14.70,0.2366,0.2343,0.6827,1,4.723,0,0.400,0,swing,swingLowL,1.000,2,-0.530 0.262 -0.878 0.349 0.003 0.455 0.584 -0.162 0.647 0.249,318.24,4.28,56.51,-11.10,-7.45,91.91,624,840,904,1320
882,14.7000,swing,swingLow,322.906,4.688,53.829,10.265,2.924,-26.541,28.607,10.674,52.879,344.30,-25.00,67.83,50.08,0.337,1,,1,370.30,-15.30,35.01,318.527,4.419,55.629,-7.39,-10.87,60.58,4.742,0.592,-0.09,1.00,1,0,0,0,0,0,-10.87,-34.38,-14.72,0.2282,0.2338,0.6799,1,4.742,0,0.400,0,swing,swingLowL,1.000,2,-0.536 0.251 -0.880 0.342 -0.015 0.443 0.586 -0.142 0.668 0.233,318.38,4.35,56.07,-10.91,-7.46,92.03,628,832,900,1316
883,14.7167,swing,swingLow,323.080,4.735,53.383,10.645,2.788,-26.795,28.966,11.004,52.433,344.30,-25.00,67.83,50.08,0.346,1,,1,370.30,-15.30,35.01,318.680,4.483,55.183,-7.27,-10.97,60.69,4.761,0.608,-0.09,1.00,1,0,0,0,0,0,-10.97,-34.38,-14.73,0.2197,0.2326,0.6749,1,4.761,0,0.400,0,swing,swingLowL,1.000,2,-0.542 0.238 -0.881 0.334 -0.034 0.432 0.587 -0.123 0.687 0.219,318.53,4.42,55.63,-10.87,-7.39,92.16,632,828,896,1312
884,14.7333,swing,swingLow,323.261,4.780,52.933,11.032,2.641,-27.041,29.324,11.343,51.983,344.30,-25.00,67.83,50.08,0.356,1,,1,370.30,-15.30,35.01,318.838,4.545,54.733,-7.10,-11.17,60.81,4.781,0.624,-0.08,1.00,1,0,0,0,0,0,-11.17,-34.38,-14.75,0.2107,0.2309,0.6684,1,4.781,0,0.400,0,swing,swingLowL,1.000,2,-0.548 0.225 -0.882 0.327 -0.054 0.419 0.588 -0.105 0.705 0.205,318.68,4.48,55.18,-10.97,-7.27,92.29,628,820,892,1304
885,14.7500,swing,swingLow,323.449,4.822,52.479,11.425,2.482,-27.279,29.679,11.692,51.529,344.30,-25.00,67.83,50.08,0.365,1,,1,370.30,-15.30,35.01,319.003,4.605,54.279,-6.91,-11.45,60.93,4.802,0.640,-0.08,1.00,1,0,0,0,0,0,-11.45,-34.38,-14.77,0.2039,0.2288,0.6616,1,4.802,0,0.400,0,swing,swingLowL,1.000,2,-0.552 0.214 -0.884 0.320 -0.072 0.408 0.588 -0.089 0.718 0.193,318.84,4.55,54.73,-11.17,-7.10,92.42,628,812,888,1296
886,14.7667,swing,swingLow,323.643,4.861,52.021,11.827,2.322,-27.509,30.034,12.053,51.071,344.30,-25.00,67.83,50.08,0.375,1,,1,370.30,-15.30,35.01,319.174,4.663,53.821,-6.69,-11.78,61.06,4.823,0.657,-0.08,1.00,1,0,0,0,0,0,-11.78,-34.38,-14.78,0.1979,0.2263,0.6544,1,4.823,0,0.400,0,swing,swingLowL,1.000,2,-0.557 0.202 -0.884 0.314 -0.090 0.397 0.587 -0.075 0.729 0.182,319.00,4.61,54.28,-11.45,-6.91,92.56,624,804,880,1284
887,14.7833,swing,swingLow,323.844,4.898,51.559,12.235,2.151,-27.730,30.386,12.423,50.609,344.30,-25.00,67.83,50.08,0.384,1,,0,0.00,0.00,0.00,319.351,4.718,53.359,-6.47,-12.17,61.19,4.844,0.673,-0.08,1.00,1,0,0,0,0,0,-12.17,-34.38,-14.80,0.1919,0.2235,0.6465,1,4.844,0,0.400,0,swing,swingLowL,1.000,2,-0.561 0.189 -0.885 0.307 -0.110 0.385 0.587 -0.061 0.738 0.174,319.17,4.66,53.82,-11.78,-6.69,92.71,620,792,872,1272
888,14.8000,swing,swingLow,324.052,4.932,51.094,12.649,1.969,-27.942,30.735,12.802,50.144,344.30,-25.00,67.83,50.08,0.394,1,,0,0.00,0.00,0.00,319.534,4.771,52.894,-6.25,-12.59,61.32,4.866,0.689,-0.08,1.00,1,0,0,0,0,0,-12.59,-34.38,-14.82,0.1863,0.2205,0.6383,1,4.866,0,0.400,0,swing,swingLowL,1.000,2,-0.565 0.178 -0.885 0.301 -0.127 0.375 0.586 -0.050 0.743 0.167,319.35,4.72,53.36,-12.17,-6.47,92.85,612,780,868,1260
889,14.8167,swing,swingLow,324.267,4.962,50.625,13.071,1.785,-28.145,31.083,13.193,49.675,344.30,-25.00,67.83,50.08,0.404,1,,0,0.00,0.00,0.00,319.725,4.821,52.425,-6.03,-13.02,61.46,4.888,0.705,-0.07,1.00,1,0,0,0,0,0,-13.02,-34.38,-14.83,0.1808,0.2174,0.6298,1,4.888,0,0.400,0,swing,swingLowL,1.000,2,-0.568 0.166 -0.885 0.295 -0.145 0.366 0.584 -0.040 0.746 0.163,319.53,4.77,52.89,-12.59,-6.25,93.01,608,772,860,1248
890,14.8333,swing,swingLow,324.489,4.990,50.153,13.500,1.591,-28.337,31.429,13.593,49.203,344.30,-25.00,67.83,50.08,0.414,1,,0,0.00,0.00,0.00,319.921,4.867,51.953,-5.82,-13.47,61.60,4.911,0.720,-0.07,1.00,1,0,0,0,0,0,-13.47,-34.38,-14.85,0.1755,0.2141,0.6212,1,4.911,0,0.400,0,swing,swingLowL,1.000,2,-0.571 0.154 -0.885 0.289 -0.163 0.356 0.582 -0.032 0.747 0.161,319.72,4.82,52.43,-13.02,-6.03,93.16,600,760,856,1236
891,14.8500,swing,swingLow,324.718,5.014,49.678,13.934,1.386,-28.519,31.771,14.002,48.728,344.30,-25.00,67.83,50.08,0.424,1,,0,0.00,0.00,0.00,320.125,4.911,51.478,-5.62,-13.93,61.75,4.934,0.736,-0.07,1.00,1,0,0,0,0,0,-13.93,-34.38,-14.87,0.1706,0.2109,0.6127,1,4.934,0,0.400,0,swing,swingLowL,1.000,2,-0.573 0.144 -0.884 0.284 -0.179 0.348 0.580 -0.025 0.746 0.160,319.92,4.87,51.95,-13.47,-5.82,93.33,596,748,848,1224
892,14.8667,swing,swingLow,324.955,5.035,49.200,14.375,1.180,-28.692,32.113,14.423,48.250,344.30,-25.00,67.83,50.08,0.434,1,,0,0.00,0.00,0.00,320.336,4.952,51.000,-5.44,-14.38,61.89,4.958,0.752,-0.07,1.00,1,0,0,0,0,0,-14.38,-34.38,-14.88,0.1661,0.2077,0.6042,1,4.958,0,0.400,0,swing,swingCornerBankL,1.000,2,-0.575 0.133 -0.884 0.279 -0.195 0.341 0.578 -0.020 0.744 0.161,320.13,4.91,51.48,-13.93,-5.62,93.49,588,736,844,1212
893,14.8833,swing,swingLow,325.199,5.052,48.719,14.822,0.964,-28.853,32.451,14.853,47.769,344.30,-25.00,67.83,50.08,0.444,1,,0,0.00,0.00,0.00,320.553,4.989,50.519,-5.27,-14.83,62.05,4.982,0.767,-0.06,1.00,1,0,0,0,0,0,-14.83,-34.38,-14.90,0.1616,0.2045,0.5959,1,4.982,0,0.400,0,swing,swingCornerBankL,1.000,2,-0.577 0.122 -0.882 0.273 -0.211 0.335 0.577 -0.016 0.740 0.163,320.34,4.95,51.00,-14.38,-5.44,93.66,580,724,836,1204
894,14.9000,swing,swingLow,325.450,5.065,48.235,15.274,0.738,-29.002,32.787,15.292,47.285,344.30,-25.00,67.83,50.08,0.454,1,,0,0.00,0.00,0.00,320.778,5.023,50.035,-5.12,-15.26,62.20,5.007,0.782,-0.06,1.00,1,0,0,0,0,0,-15.26,-34.38,-14.92,0.1578,0.2015,0.5879,1,5.007,0,0.400,0,swing,swingCornerBankL,1.000,2,-0.578 0.114 -0.881 0.269 -0.225 0.330 0.575 -0.015 0.736 0.167,320.55,4.99,50.52,-14.83,-5.27,93.83,572,716,832,1192
895,14.9167,swing,swingLow,325.709,5.075,47.750,15.733,0.511,-29.142,33.122,15.741,46.800,344.30,-25.00,67.83,50.08,0.464,1,,0,0.00,0.00,0.00,321.010,5.053,49.550,-4.99,-15.69,62.35,5.032,0.797,-0.06,1.00,1,0,0,0,0,0,-15.69,-34.38,-14.93,0.1541,0.1985,0.5800,1,5.032,0,0.400,0,swing,swingCornerBankL,1.000,2,-0.579 0.105 -0.880 0.265 -0.238 0.325 0.574 -0.014 0.731 0.171,320.78,5.02,50.04,-15.26,-5.12,94.00,568,704,828,1180
896,14.9333,swing,swingLow,325.976,5.081,47.261,16.198,0.282,-29.269,33.453,16.200,46.311,344.30,-25.00,67.83,50.08,0.475,1,,0,0.00,0.00,0.00,321.249,5.080,49.061,-4.88,-16.10,62.51,5.058,0.811,-0.06,1.00,1,0,0,0,0,0,-16.10,-34.38,-14.95,0.1508,0.1957,0.5723,1,5.058,0,0.400,0,swing,swingCornerBankL,1.000,2,-0.580 0.096 -0.878 0.262 -0.252 0.322 0.573 -0.014 0.727 0.176,321.01,5.05,49.55,-15.69,-4.99,94.18,560,696,824,1172
897,14.9500,swing,swingLow,326.250,5.083,46.771,16.668,0.050,-29.383,33.781,16.668,45.821,344.30,-25.00,67.83,50.08,0.485,1,,0,0.00,0.00,0.00,321.496,5.103,48.571,-4.78,-16.49,62.67,5.084,0.826,-0.06,1.00,1,0,0,0,0,0,-16.49,-34.38,-14.97,0.1480,0.1930,0.5649,1,5.084,0,0.400,0,swing,swingCornerBankL,1.000,2,-0.581 0.090 -0.876 0.260 -0.263 0.320 0.572 -0.017 0.722 0.180,321.25,5.08,49.06,-16.10,-4.88,94.36,552,684,820,1164
898,14.9667,swing,swingLow,326.533,5.081,46.280,17.144,-0.182,-29.485,34.107,17.145,45.330,344.30,-25.00,67.83,50.08,0.495,1,,0,0.00,0.00,0.00,321.750,5.122,48.080,-4.71,-16.87,62.84,5.110,0.840,-0.06,1.00,1,0,0,0,0,0,-16.87,-34.38,-14.98,0.1457,0.1906,0.5577,1,5.110,0,0.400,0,swing,swingCornerBankL,1.000,2,-0.581 0.085 -0.874 0.259 -0.272 0.320 0.572 -0.021 0.719 0.184,321.50,5.10,48.57,-16.49,-4.78,94.54,548,676,816,1156
899,14.9833,swing,swingLow,326.823,5.075,45.786,17.625,-0.414,-29.574,34.430,17.630,44.836,344.30,-25.00,67.83,50.08,0.506,1,,0,0.00,0.00,0.00,322.012,5.137,47.586,-4.64,-17.22,63.00,5.137,0.853,-0.05,1.00,1,0,0,0,0,0,-17.22,-34.38,-15.00,0.1437,0.1884,0.5508,1,5.137,0,0.400,0,swing,swingCornerBankL,1.000,2,-0.581 0.082 -0.872 0.260 -0.279 0.321 0.571 -0.026 0.716 0.186,321.75,5.12,48.08,-16.87,-4.71,94.72,540,668,812,1148
900,15.0000,swing,swingLow,327.121,5.065,45.292,18.111,-0.644,-29.649,34.749,18.122,44.342,344.30,-25.00,67.83,50.08,0.516,1,,0,0.00,0.00,0.00,322.282,5.149,47.092,-4.59,-17.56,63.17,5.164,0.866,-0.05,1.00,1,0,0,0,0,0,-17.56,-34.38,-15.02,0.1423,0.1864,0.5440,1,5.164,0,0.400,0,swing,swingCornerBankL,1.000,2,-0.581 0.080 -0.871 0.262 -0.284 0.324 0.572 -0.034 0.715 0.188,322.01,5.14,47.59,-17.22,-4.64,94.90,532,660,808,1140
901,15.0167,swing,swingLow,327.428,5.052,44.796,18.602,-0.876,-29.712,35.066,18.623,43.846,344.30,-25.00,67.83,50.08,0.527,1,,0,0.00,0.00,0.00,322.559,5.156,46.596,-4.56,-17.88,63.33,5.192,0.879,-0.05,1.00,1,0,0,0,0,0,-17.88,-34.38,-15.03,0.1411,0.1846,0.5376,1,5.192,0,0.400,0,swing,swingCornerBankL,1.000,2,-0.580 0.080 -0.870 0.266 -0.287 0.328 0.572 -0.042 0.714 0.188,322.28,5.15,47.09,-17.56,-4.59,95.09,528,652,808,1136
902,15.0333,swing,swingLow,327.743,5.035,44.299,19.098,-1.105,-29.761,35.379,19.130,43.349,344.30,-25.00,67.83,50.08,0.537,1,,0,0.00,0.00,0.00,322.844,5.160,46.099,-4.54,-18.19,63.50,5.220,0.891,-0.05,1.00,1,0,0,0,0,0,-18.19,-34.38,-15.05,0.1404,0.1831,0.5313,1,5.220,0,0.400,0,swing,swingCornerBankL,1.000,2,-0.580 0.082 -0.869 0.270 -0.288 0.333 0.572 -0.052 0.714 0.187,322.56,5.16,46.60,-17.88,-4.56,95.27,520,644,804,1132
903,15.0500,swing,swingLow,328.066,5.014,43.802,19.598,-1.331,-29.795,35.688,19.643,42.852,344.30,-25.00,67.83,50.08,0.548,1,,0,0.00,0.00,0.00,323.138,5.159,45.602,-4.53,-18.47,63.67,5.249,0.903,-0.05,1.00,1,0,0,0,0,0,-18.47,-34.38,-15.07,0.1399,0.1816,0.5253,1,5.249,0,0.400,0,swing,swingCornerBankL,1.000,2,-0.579 0.084 -0.868 0.276 -0.287 0.339 0.573 -0.062 0.715 0.184,322.84,5.16,46.10,-18.19,-4.54,95.46,512,636,804,1124
904,15.0667,swing,swingLow,328.397,4.989,43.304,20.103,-1.559,-29.817,35.994,20.163,42.354,344.30,-25.00,67.83,50.08,0.558,1,,0,0.00,0.00,0.00,323.439,5.154,45.104,-4.53,-18.74,63.84,5.277,0.915,-0.05,1.00,1,0,0,0,0,0,-18.74,-34.38,-15.08,0.1397,0.1803,0.5196,1,5.277,0,0.400,0,swing,swingCornerBankL,1.000,2,-0.578 0.088 -0.867 0.282 -0.285 0.346 0.574 -0.074 0.717 0.180,323.14,5.16,45.60,-18.47,-4.53,95.65,508,632,800,1120
905,15.0833,swing,swingLow,328.737,4.960,42.806,20.612,-1.782,-29.824,36.297,20.689,41.856,344.30,-25.00,67.83,50.08,0.569,1,,0,0.00,0.00,0.00,323.749,5.146,44.606,-4.54,-18.99,64.01,5.307,0.926,-0.04,1.00,1,0,0,0,0,0,-18.99,-34.38,-15.10,0.1397,0.1791,0.5141,1,5.307,0,0.400,0,swing,swingCornerBankL,1.000,2,-0.576 0.094 -0.866 0.290 -0.281 0.354 0.575 -0.087 0.719 0.174,323.44,5.15,45.10,-18.74,-4.53,95.84,500,624,800,1116
906,15.1000,swing,swingLow,329.086,4.928,42.308,21.124,-2.002,-29.816,36.596,21.219,41.358,344.30,-25.00,67.83,50.08,0.579,1,,0,0.00,0.00,0.00,324.090,5.132,44.108,-4.56,-19.22,64.18,5.314,0.936,-0.04,1.00,1,0,0,0,0,0,-19.22,-34.38,-15.12,0.1405,0.1787,0.5100,1,5.314,0,0.400,0,swing,swingCornerBankL,1.000,2,-0.575 0.099 -0.865 0.298 -0.275 0.363 0.577 -0.100 0.722 0.168,323.75,5.15,44.61,-18.99,-4.54,96.02,496,620,796,1116
907,15.1167,swing,swingLow,329.443,4.892,41.810,21.640,-2.223,-29.795,36.891,21.754,40.860,344.30,-25.00,67.83,50.08,0.590,1,,0,0.00,0.00,0.00,324.448,5.114,43.610,-4.59,-19.44,64.35,5.314,0.946,-0.04,1.00,1,0,0,0,0,0,-19.44,-34.38,-15.13,0.1418,0.1787,0.5067,1,5.314,0,0.400,0,swing,swingCornerBankL,1.000,2,-0.573 0.106 -0.865 0.307 -0.268 0.371 0.578 -0.115 0.725 0.159,324.09,5.13,44.11,-19.22,-4.56,96.21,488,616,796,1112
908,15.1333,swing,swingLow,329.808,4.852,41.312,22.159,-2.439,-29.759,37.183,22.293,40.362,344.30,-25.00,67.83,50.08,0.600,1,,0,0.00,0.00,0.00,324.814,5.093,43.112,-4.63,-19.64,64.52,5.314,0.956,-0.04,1.00,1,0,0,0,0,0,-19.64,-34.38,-15.15,0.1440,0.1787,0.5039,1,5.314,0,0.400,0,swing,swingCornerBankL,1.000,2,-0.570 0.115 -0.864 0.317 -0.259 0.381 0.579 -0.130 0.729 0.148,324.45,5.11,43.61,-19.44,-4.59,96.40,484,612,796,1112
909,15.1500,swing,swingLow,330.182,4.809,40.816,22.681,-2.650,-29.708,37.471,22.836,39.866,344.30,-25.00,67.83,50.08,0.611,1,,0,0.00,0.00,0.00,325.189,5.067,42.616,-4.67,-19.83,64.69,5.314,0.965,-0.04,1.00,1,0,0,0,0,0,-19.83,-34.38,-15.17,0.1472,0.1786,0.5017,1,5.314,0,0.400,0,swing,swingCornerBankL,1.000,2,-0.568 0.123 -0.863 0.327 -0.250 0.390 0.581 -0.146 0.732 0.137,324.81,5.09,43.11,-19.64,-4.63,96.59,480,608,792,1108
910,15.1667,swing,swingLow,330.566,4.763,40.320,23.206,-2.862,-29.643,37.755,23.382,39.370,344.30,-25.00,67.83,50.08,0.621,1,,0,0.00,0.00,0.00,325.573,5.037,42.120,-4.72,-20.00,64.86,5.314,0.974,-0.04,1.00,1,0,0,0,0,0,-20.00,-34.38,-15.18,0.1507,0.1786,0.4999,1,5.314,0,0.400,0,swing,swingCornerBankL,1.000,2,-0.565 0.132 -0.863 0.337 -0.239 0.399 0.582 -0.163 0.735 0.125,325.19,5.07,42.62,-19.83,-4.67,96.77,476,608,792,1108
911,15.1833,swing,swingLow,330.957,4.713,39.826,23.733,-3.069,-29.563,38.035,23.930,38.876,344.30,-25.00,67.83,50.08,0.632,1,,0,0.00,0.00,0.00,325.966,5.003,41.626,-4.77,-20.16,65.03,5.314,0.982,-0.04,1.00,1,0,0,0,0,0,-20.16,-34.38,-15.20,0.1543,0.1786,0.4983,1,5.314,0,0.400,0,swing,swingLowL,1.000,2,-0.561 0.142 -0.862 0.348 -0.226 0.409 0.584 -0.181 0.739 0.111,325.57,5.04,42.12,-20.00,-4.72,96.96,472,604,792,1104
912,15.2000,swing,swingLow,331.358,4.659,39.333,24.262,-3.270,-29.468,38.310,24.481,38.383,344.30,-25.00,67.83,50.08,0.642,1,,0,0.00,0.00,0.00,326.367,4.965,41.133,-4.83,-20.31,65.19,5.314,0.990,-0.04,1.00,1,0,0,0,0,0,-20.31,-34.38,-15.22,0.1579,0.1785,0.4968,1,5.314,0,0.400,0,swing,swingLowL,1.000,2,-0.558 0.152 -0.860 0.359 -0.213 0.418 0.585 -0.199 0.742 0.096,325.97,5.00,41.63,-20.16,-4.77,97.14,468,604,788,1104
913,15.2167,swing,swingLow,331.767,4.602,38.842,24.792,-3.471,-29.358,38.582,25.034,37.892,344.30,-25.00,67.83,50.08,0.652,1,,0,0.00,0.00,0.00,326.778,4.923,40.642,-4.89,-20.45,65.36,5.314,0.997,-0.03,1.00,1,0,0,0,0,0,-20.45,-34.38,-15.23,0.1616,0.1784,0.4955,1,5.314,0,0.400,0,swing,swingLowL,1.000,2,-0.554 0.162 -0.859 0.371 -0.199 0.427 0.586 -0.218 0.744 0.081,326.37,4.96,41.13,-20.31,-4.83,97.33,464,604,788,1104
914,15.2333,swing,swingLow,332.186,4.542,38.353,25.324,-3.666,-29.233,38.850,25.588,37.403,344.30,-25.00,67.83,50.08,0.663,1,,0,0.00,0.00,0.00,327.197,4.878,40.153,-4.96,-20.58,65.53,5.314,1.004,-0.03,1.00,1,0,0,0,0,0,-20.58,-34.38,-15.25,0.1655,0.1782,0.4945,1,5.314,0,0.400,0,swing,swingLowL,1.000,2,-0.549 0.173 -0.857 0.383 -0.183 0.436 0.587 -0.238 0.746 0.063,326.78,4.92,40.64,-20.45,-4.89,97.51,460,608,784,1104
915,15.2500,swing,swingLow,332.613,4.479,37.866,25.857,-3.855,-29.093,39.113,26.143,36.916,344.30,-25.00,67.83,50.08,0.673,1,,0,0.00,0.00,0.00,327.625,4.828,39.666,-5.03,-20.70,65.69,5.314,1.010,-0.03,1.00,1,0,0,0,0,0,-20.70,-34.38,-15.27,0.1693,0.1779,0.4936,1,5.314,0,0.400,0,swing,swingLowL,1.000,2,-0.544 0.184 -0.855 0.395 -0.168 0.444 0.588 -0.258 0.748 0.046,327.20,4.88,40.15,-20.58,-4.96,97.69,460,608,784,1100
916,15.2667,swing,swingLow,333.049,4.413,37.382,26.390,-4.044,-28.938,39.372,26.698,36.432,344.30,-25.00,67.83,50.08,0.683,1,,0,0.00,0.00,0.00,328.062,4.775,39.182,-5.09,-20.81,65.85,5.314,1.017,-0.03,1.00,1,0,0,0,0,0,-20.81,-34.38,-15.28,0.1730,0.1776,0.4929,1,5.314,0,0.400,0,swing,swingLowL,1.000,2,-0.539 0.195 -0.853 0.407 -0.151 0.451 0.588 -0.278 0.749 0.028,327.63,4.83,39.67,-20.70,-5.03,97.87,456,608,784,1100
917,15.2833,swing,swingLow,333.494,4.343,36.900,26.924,-4.226,-28.767,39.627,27.254,35.950,344.30,-25.00,67.83,50.08,0.694,1,,0,0.00,0.00,0.00,328.508,4.719,38.700,-5.16,-20.91,66.01,5.314,1.022,-0.03,1.00,1,0,0,0,0,0,-20.91,-34.38,-15.30,0.1768,0.1772,0.4923,1,5.314,0,0.400,0,swing,swingLowL,1.000,2,-0.533 0.206 -0.850 0.419 -0.133 0.457 0.587 -0.299 0.749 0.008,328.06,4.78,39.18,-20.81,-5.09,98.04,452,612,784,1100
918,15.3000,swing,swingLow,333.948,4.271,36.421,27.458,-4.403,-28.581,39.877,27.808,35.471,344.30,-25.00,67.83,50.08,0.704,1,,0,0.00,0.00,0.00,328.963,4.659,38.221,-5.23,-21.00,66.17,5.314,1.028,-0.03,1.00,1,0,0,0,0,0,-21.00,-34.38,-15.32,0.1804,0.1766,0.4918,1,5.314,0,0.400,0,swing,swingLowL,1.000,2,-0.527 0.217 -0.847 0.431 -0.116 0.463 0.586 -0.319 0.749 -0.011,328.51,4.72,38.70,-20.91,-5.16,98.22,448,612,788,1100
919,15.3167,swing,swingLow,334.409,4.196,35.948,27.850,-4.555,-28.240,39.923,28.220,34.998,344.30,-25.00,67.83,50.08,0.714,1,,0,0.00,0.00,0.00,329.425,4.596,37.748,-5.30,-21.09,66.33,5.314,1.033,-0.03,1.00,1,0,0,0,0,0,-21.09,-34.38,-15.33,0.1839,0.1760,0.4915,1,5.314,0,0.401,0,swing,swingLowL,1.000,2,-0.521 0.228 -0.844 0.443 -0.098 0.468 0.584 -0.340 0.747 -0.031,328.96,4.66,38.22,-21.00,-5.23,98.39,448,616,788,1096
920,15.3333,swing,swingLow,334.876,4.118,35.480,28.235,-4.700,-27.889,39.964,28.624,34.530,344.30,-25.00,67.83,50.08,0.722,1,,0,0.00,0.00,0.00,329.893,4.529,37.280,-5.37,-21.16,66.48,5.314,1.037,-0.03,1.00,1,0,0,0,0,0,-21.16,-34.38,-15.35,0.1873,0.1753,0.4913,1,5.314,0,0.401,0,swing,swingLowL,1.000,2,-0.514 0.240 -0.841 0.455 -0.080 0.471 0.581 -0.360 0.746 -0.052,329.42,4.60,37.75,-21.09,-5.30,98.56,444,616,788,1096
921,15.3500,swing,swingLow,335.350,4.038,35.018,28.615,-4.837,-27.530,40.001,29.021,34.068,344.30,-25.00,67.83,50.08,0.731,1,,0,0.00,0.00,0.00,330.368,4.460,36.818,-5.43,-21.24,66.63,5.314,1.042,-0.03,1.00,1,0,0,0,0,0,-21.24,-34.38,-15.37,0.1904,0.1745,0.4911,1,5.314,0,0.401,0,swing,swingLowL,1.000,2,-0.508 0.250 -0.837 0.467 -0.063 0.474 0.578 -0.381 0.743 -0.072,329.89,4.53,37.28,-21.16,-5.37,98.72,444,616,788,1096
922,15.3667,swing,swingLow,335.830,3.956,34.562,28.988,-4.972,-27.161,40.034,29.411,33.612,344.30,-25.00,67.83,50.08,0.738,1,,0,0.00,0.00,0.00,330.849,4.387,36.362,-5.49,-21.30,66.78,5.314,1.046,-0.02,1.00,1,0,0,0,0,0,-21.30,-34.38,-15.38,0.1945,0.1736,0.4906,1,5.314,0,0.402,0,swing,swingLowL,1.000,2,-0.500 0.261 -0.834 0.478 -0.045 0.475 0.573 -0.400 0.741 -0.092,330.37,4.46,36.82,-21.24,-5.43,98.88,440,620,788,1096
923,15.3833,swing,swingLow,336.316,3.872,34.112,29.353,-5.100,-26.784,40.062,29.793,33.162,344.30,-25.00,67.83,50.08,0.745,1,,0,0.00,0.00,0.00,331.336,4.313,35.912,-5.55,-21.36,66.92,5.314,1.050,-0.02,1.00,1,0,0,0,0,0,-21.36,-34.38,-15.40,0.1991,0.1726,0.4897,1,5.314,0,0.402,0,swing,swingLowL,1.000,2,-0.493 0.271 -0.830 0.489 -0.027 0.475 0.568 -0.420 0.737 -0.113,330.85,4.39,36.36,-21.30,-5.49,99.04,440,620,788,1092
924,15.4000,swing,swingLow,336.808,3.785,33.669,29.712,-5.220,-26.398,40.086,30.167,32.719,344.30,-25.00,67.83,50.08,0.751,1,,0,0.00,0.00,0.00,331.829,4.235,35.469,-5.61,-21.42,67.07,5.314,1.053,-0.02,1.00,1,0,0,0,0,0,-21.42,-34.38,-15.42,0.2034,0.1715,0.4889,1,5.314,0,0.403,0,swing,swingLowL,1.000,2,-0.486 0.282 -0.826 0.500 -0.011 0.475 0.562 -0.439 0.733 -0.133,331.34,4.31,35.91,-21.36,-5.55,99.20,436,624,788,1092
925,15.4167,swing,swingLow,337.307,3.697,33.232,30.063,-5.337,-26.004,40.106,30.533,32.282,344.30,-25.00,67.83,50.08,0.757,1,,0,0.00,0.00,0.00,332.328,4.155,35.032,-5.67,-21.47,67.20,5.314,1.057,-0.02,1.00,1,0,0,0,0,0,-21.47,-34.38,-15.43,0.2076,0.1704,0.4881,1,5.314,0,0.403,0,swing,swingLowL,1.000,2,-0.478 0.291 -0.822 0.511 0.005 0.472 0.555 -0.457 0.729 -0.153,331.83,4.24,35.47,-21.42,-5.61,99.35,436,624,788,1088
926,15.4333,swing,swingLow,337.811,3.607,32.802,30.407,-5.447,-25.602,40.122,30.891,31.852,344.30,-25.00,67.83,50.08,0.763,1,,0,0.00,0.00,0.00,332.832,4.073,34.602,-5.72,-21.52,67.34,5.314,1.060,-0.02,1.00,1,0,0,0,0,0,-21.52,-34.38,-15.45,0.2117,0.1693,0.4874,1,5.314,0,0.404,0,swing,swingLowL,1.000,2,-0.470 0.302 -0.817 0.522 0.020 0.469 0.548 -0.476 0.723 -0.173,332.33,4.16,35.03,-21.47,-5.67,99.50,432,628,792,1088
927,15.4500,swing,swingLow,338.320,3.515,32.379,30.743,-5.550,-25.193,40.132,31.240,31.429,344.30,-25.00,67.83,50.08,0.768,1,,0,0.00,0.00,0.00,333.343,3.988,34.179,-5.77,-21.56,67.47,5.314,1.063,-0.02,1.00,1,0,0,0,0,0,-21.56,-34.37,-15.47,0.2156,0.1680,0.4866,1,5.314,0,0.405,0,swing,swingLowL,1.000,2,-0.462 0.311 -0.813 0.533 0.034 0.465 0.539 -0.493 0.718 -0.192,332.83,4.07,34.60,-21.52,-5.72,99.64,428,628,792,1088
928,15.4667,swing,swingLow,338.835,3.421,31.963,31.070,-5.650,-24.776,40.139,31.580,31.013,344.30,-25.00,67.83,50.08,0.773,1,,0,0.00,0.00,0.00,333.858,3.902,33.763,-5.82,-21.60,67.60,5.314,1.066,-0.02,1.00,1,0,0,0,0,0,-21.60,-34.34,-15.48,0.2192,0.1668,0.4859,1,5.314,0,0.406,0,swing,swingLowL,1.000,2,-0.455 0.320 -0.808 0.542 0.047 0.461 0.531 -0.510 0.711 -0.211,333.34,3.99,34.18,-21.56,-5.77,99.78,424,628,792,1084
929,15.4833,swing,swingLow,339.356,3.326,31.553,31.390,-5.744,-24.352,40.141,31.911,30.603,344.30,-25.00,67.83,50.08,0.777,1,,0,0.00,0.00,0.00,334.379,3.813,33.353,-5.87,-21.63,67.72,5.314,1.068,-0.02,1.00,1,0,0,0,0,0,-21.63,-34.29,-15.50,0.2227,0.1654,0.4851,1,5.314,0,0.406,0,swing,swingLowL,1.000,2,-0.447 0.329 -0.803 0.552 0.059 0.455 0.521 -0.526 0.705 -0.229,333.86,3.90,33.76,-21.60,-5.82,99.92,424,632,792,1084
930,15.5000,swing,swingLow,339.881,3.230,31.151,31.701,-5.829,-23.921,40.139,32.232,30.201,344.30,-25.00,67.83,50.08,0.782,1,,0,0.00,0.00,0.00,334.906,3.723,32.951,-5.92,-21.67,67.84,5.314,1.070,-0.02,1.00,1,0,0,0,0,0,-21.67,-34.19,-15.52,0.2259,0.1640,0.4843,1,5.314,0,0.407,0,swing,swingLowL,1.000,2,-0.439 0.338 -0.799 0.562 0.070 0.450 0.510 -0.541 0.698 -0.247,334.38,3.81,33.35,-21.63,-5.87,100.05,420,632,796,1084
931,15.5167,swing,swingLow,340.412,3.132,30.756,32.002,-5.913,-23.483,40.132,32.544,29.806,344.30,-25.00,67.83,50.08,0.786,1,,0,0.00,0.00,0.00,335.437,3.630,32.556,-5.96,-21.70,67.95,5.314,1.073,-0.02,1.00,1,0,0,0,0,0,-21.70,-34.06,-15.53,0.2288,0.1626,0.4836,1,5.314,0,0.408,0,swing,swingLowL,1.000,2,-0.432 0.346 -0.794 0.571 0.080 0.445 0.499 -0.555 0.690 -0.263,334.91,3.72,32.95,-21.67,-5.92,100.17,416,632,796,1080
932,15.5333,swing,swingLow,340.948,3.032,30.368,32.296,-5.990,-23.039,40.121,32.846,29.418,344.30,-25.00,67.83,50.08,0.790,1,,0,0.00,0.00,0.00,335.974,3.536,32.168,-6.00,-21.72,68.06,5.314,1.075,-0.02,1.00,1,0,0,0,0,0,-21.72,-33.89,-15.55,0.2317,0.1612,0.4828,1,5.314,0,0.409,0,swing,swingLowL,1.000,2,-0.424 0.354 -0.790 0.579 0.089 0.439 0.488 -0.568 0.682 -0.280,335.44,3.63,32.56,-21.70,-5.96,100.30,416,632,796,1080
933,15.5500,swing,swingLow,341.489,2.932,29.988,32.580,-6.060,-22.588,40.105,33.139,29.038,344.30,-25.00,67.83,50.08,0.793,1,,0,0.00,0.00,0.00,336.515,3.441,31.788,-6.04,-21.75,68.17,5.314,1.077,-0.02,1.00,1,0,0,0,0,0,-21.75,-33.68,-15.57,0.2342,0.1597,0.4820,1,5.314,0,0.410,0,swing,swingLowL,1.000,2,-0.417 0.361 -0.785 0.588 0.096 0.434 0.476 -0.580 0.674 -0.295,335.97,3.54,32.17,-21.72,-6.00,100.42,412,632,796,1076
934,15.5667,swing,swingLow,342.034,2.830,29.615,32.854,-6.128,-22.132,40.085,33.421,28.665,344.30,-25.00,67.83,50.08,0.797,1,,0,0.00,0.00,0.00,337.060,3.344,31.415,-6.08,-21.77,68.27,5.314,1.078,-0.02,1.00,1,0,0,0,0,0,-21.77,-33.44,-15.58,0.2365,0.1582,0.4812,1,5.314,0,0.411,0,swing,swingLowL,1.000,2,-0.411 0.369 -0.781 0.596 0.101 0.429 0.464 -0.592 0.666 -0.309,336.51,3.44,31.79,-21.75,-6.04,100.53,412,636,800,1076
