# P6 city life lanes: generated by tools/life/export_lanes.mjs from src/world/npc/roads.js (do not edit)
N 9 -250 -3360 11 5 1
N 10 0 -3360 11 5 1
N 16 -250 -3280 11 3.75 1
N 17 0 -3280 11 3.75 1
N 23 -250 -3200 11 5 1
N 24 0 -3200 11 5 1
N 25 250 -3200 11 5 1
N 29 -430 -3120 11 5 0
N 30 -250 -3120 11 5 1
N 31 0 -3120 11 5 1
N 32 250 -3120 11 5 1
N 36 -430 -3040 11 3.75 1
N 37 -250 -3040 11 3.75 1
N 38 0 -3040 11 3.75 1
N 39 250 -3040 11 3.75 1
N 43 -430 -2960 11 5 1
N 44 -250 -2960 11 5 1
N 45 0 -2960 11 5 1
N 46 250 -2960 11 5 1
N 47 430 -2960 11 5 0
N 50 -430 -2880 11 5 1
N 51 -250 -2880 11 5 1
N 52 0 -2880 11 5 1
N 53 250 -2880 11 5 1
N 54 430 -2880 11 5 1
N 57 -430 -2800 11 9 1
N 58 -250 -2800 11 9 1
N 59 0 -2800 11 9 1
N 60 250 -2800 11 9 1
N 61 430 -2800 11 9 1
N 64 -430 -2720 11 3.75 1
N 65 -250 -2720 11 3.75 1
N 66 0 -2720 11 3.75 1
N 67 250 -2720 11 3.75 1
N 68 430 -2720 11 3.75 1
N 71 -430 -2640 11 5 1
N 72 -250 -2640 11 5 1
N 73 0 -2640 11 5 1
N 74 250 -2640 11 5 1
N 75 430 -2640 11 5 1
N 78 -430 -2560 11 5 1
N 79 -250 -2560 11 5 1
N 80 0 -2560 11 5 1
N 81 250 -2560 11 5 1
N 82 430 -2560 11 5 1
N 85 -430 -2480 11 9 1
N 86 -250 -2480 11 9 1
N 87 0 -2480 11 9 1
N 88 250 -2480 11 9 1
N 89 430 -2480 11 9 1
N 92 -430 -2400 11 5 1
N 93 -250 -2400 11 5 1
N 94 0 -2400 11 5 1
N 95 250 -2400 11 5 1
N 96 430 -2400 11 5 1
N 97 610 -2400 11 5 0
N 99 -430 -2320 11 3.75 1
N 100 -250 -2320 11 3.75 1
N 101 0 -2320 11 3.75 1
N 102 250 -2320 11 3.75 1
N 103 430 -2320 11 3.75 1
N 104 610 -2320 11 3.75 0
N 106 -430 -2240 11 5 1
N 107 -250 -2240 11 5 1
N 108 0 -2240 11 5 1
N 109 250 -2240 11 5 1
N 110 430 -2240 11 5 1
N 111 610 -2240 11 5 1
N 112 -610 -2160 11 5 0
N 113 -430 -2160 11 5 1
N 114 -250 -2160 11 5 1
N 115 0 -2160 11 5 1
N 116 250 -2160 11 5 1
N 117 430 -2160 11 5 1
N 118 610 -2160 11 5 1
N 119 -610 -2080 11 5 0
N 120 -430 -2080 11 5 1
N 121 -250 -2080 11 5 1
N 123 250 -2080 11 5 1
N 124 430 -2080 11 5 1
N 125 610 -2080 11 5 1
N 126 -610 -2000 11 5 0
N 127 -430 -2000 11 5 1
N 128 -250 -2000 11 5 1
N 130 250 -2000 11 5 1
N 131 430 -2000 11 5 1
N 132 610 -2000 11 5 1
N 133 -610 -1920 11 3.75 0
N 134 -430 -1920 11 3.75 1
N 135 -250 -1920 11 3.75 1
N 137 250 -1920 11 3.75 1
N 138 430 -1920 11 3.75 1
N 139 610 -1920 11 3.75 1
N 140 -610 -1840 11 5 0
N 141 -430 -1840 11 5 1
N 142 -250 -1840 11 5 1
N 144 250 -1840 11 5 1
N 145 430 -1840 11 5 1
N 146 610 -1840 11 5 1
N 147 -610 -1760 11 3.75 1
N 148 -430 -1760 11 3.75 1
N 149 -250 -1760 11 3.75 1
N 151 250 -1760 11 3.75 1
N 152 430 -1760 11 3.75 1
N 153 610 -1760 11 3.75 1
N 154 -610 -1680 11 9 1
N 155 -430 -1680 11 9 1
N 156 -250 -1680 11 9 1
N 158 250 -1680 11 9 1
N 159 430 -1680 11 9 1
N 160 610 -1680 11 9 1
N 161 -610 -1600 11 5 1
N 162 -430 -1600 11 5 1
N 163 -250 -1600 11 5 1
N 165 250 -1600 11 5 1
N 166 430 -1600 11 5 1
N 167 610 -1600 11 5 1
N 168 -610 -1520 11 5 1
N 169 -430 -1520 11 5 1
N 170 -250 -1520 11 5 1
N 172 250 -1520 11 5 1
N 173 430 -1520 11 5 1
N 174 610 -1520 11 5 1
N 175 -610 -1440 11 3.75 1
N 176 -430 -1440 11 3.75 1
N 177 -250 -1440 11 3.75 1
N 179 250 -1440 11 3.75 1
N 180 430 -1440 11 3.75 1
N 181 610 -1440 11 3.75 1
N 182 -610 -1360 11 5 1
N 183 -430 -1360 11 5 1
N 184 -250 -1360 11 5 1
N 186 250 -1360 11 5 1
N 187 430 -1360 11 5 1
N 188 610 -1360 11 5 1
N 189 -610 -1280 11 5 1
N 190 -430 -1280 11 5 1
N 191 -250 -1280 11 5 1
N 193 250 -1280 11 5 1
N 194 430 -1280 11 5 1
N 195 610 -1280 11 5 1
N 196 -610 -1200 11 9 1
N 197 -430 -1200 11 9 1
N 198 -250 -1200 11 9 1
N 200 250 -1200 11 9 1
N 201 430 -1200 11 9 1
N 202 610 -1200 11 9 1
N 203 -610 -1120 11 5 1
N 204 -430 -1120 11 5 1
N 205 -250 -1120 11 5 1
N 207 250 -1120 11 5 1
N 208 430 -1120 11 5 1
N 209 610 -1120 11 5 1
N 210 -610 -1040 11 5 1
N 211 -430 -1040 11 5 1
N 212 -250 -1040 11 5 1
N 214 250 -1040 11 5 1
N 215 430 -1040 11 5 1
N 216 610 -1040 11 5 1
N 217 -610 -960 11 5 1
N 218 -430 -960 11 5 1
N 219 -250 -960 11 5 1
N 221 250 -960 11 5 1
N 222 430 -960 11 5 1
N 223 610 -960 11 5 1
N 224 -610 -880 11 5 1
N 225 -430 -880 11 5 1
N 226 -250 -880 11 5 1
N 228 250 -880 11 5 1
N 229 430 -880 11 5 1
N 230 610 -880 11 5 1
N 231 -610 -800 11 5 1
N 232 -430 -800 11 5 1
N 233 -250 -800 11 5 1
N 235 250 -800 11 5 1
N 236 430 -800 11 5 1
N 237 610 -800 11 5 1
N 238 -610 -720 11 5 1
N 239 -430 -720 11 5 1
N 240 -250 -720 11 5 1
N 242 250 -720 11 5 1
N 243 430 -720 11 5 1
N 244 610 -720 11 5 1
N 245 -610 -640 11 5 1
N 246 -430 -640 11 5 1
N 247 -250 -640 11 5 1
N 249 250 -640 11 5 1
N 250 430 -640 11 5 1
N 251 610 -640 11 5 1
N 252 -610 -560 11 5 1
N 253 -430 -560 11 5 1
N 254 -250 -560 11 5 1
N 255 0 -560 11 5 1
N 256 250 -560 11 5 1
N 257 430 -560 11 5 1
N 258 610 -560 11 5 1
N 259 -610 -480 11 9 1
N 260 -430 -480 11 9 1
N 261 -250 -480 11 9 1
N 262 0 -480 11 9 1
N 263 250 -480 11 9 1
N 264 430 -480 11 9 1
N 265 610 -480 11 9 1
N 266 -610 -400 11 5 1
N 267 -430 -400 11 5 1
N 268 -250 -400 11 5 1
N 269 0 -400 11 5 1
N 270 250 -400 11 5 1
N 271 430 -400 11 5 1
N 272 610 -400 11 5 1
N 273 -610 -320 11 5 1
N 274 -430 -320 11 5 1
N 275 -250 -320 11 5 1
N 276 0 -320 11 5 1
N 277 250 -320 11 5 1
N 278 430 -320 11 5 1
N 279 610 -320 11 5 1
N 280 -610 -240 11 5 1
N 281 -430 -240 11 5 1
N 282 -250 -240 11 5 1
N 283 0 -240 11 5 1
N 284 250 -240 11 5 1
N 285 430 -240 11 5 1
N 286 610 -240 11 5 1
N 287 -610 -160 11 5 1
N 288 -430 -160 11 5 1
N 289 -250 -160 11 5 1
N 290 0 -160 11 5 1
N 291 250 -160 11 5 1
N 292 430 -160 11 5 1
N 293 610 -160 11 5 1
N 294 -610 -80 11 5 1
N 295 -430 -80 11 5 1
N 296 -250 -80 11 5 1
N 297 0 -80 11 5 1
N 298 250 -80 11 5 1
N 299 430 -80 11 5 1
N 300 610 -80 11 5 1
N 301 -610 0 11 5 1
N 302 -430 0 11 5 1
N 303 -250 0 11 5 1
N 304 0 0 11 5 1
N 305 250 0 11 5 1
N 306 430 0 11 5 1
N 307 610 0 11 5 1
N 308 -610 80 11 3.75 1
N 309 -430 80 11 3.75 1
N 310 -250 80 11 3.75 1
N 311 0 80 11 3.75 1
N 312 250 80 11 3.75 1
N 313 430 80 11 3.75 1
N 314 610 80 11 3.75 1
N 315 -610 160 11 5 1
N 316 -430 160 11 5 1
N 317 -250 160 11 5 1
N 318 0 160 11 5 1
N 319 250 160 11 5 1
N 320 430 160 11 5 1
N 321 610 160 11 5 1
N 322 -610 240 11 5 1
N 323 -430 240 11 5 1
N 324 -250 240 11 5 1
N 325 0 240 11 5 1
N 326 250 240 11 5 1
N 327 430 240 11 5 1
N 328 610 240 11 5 1
N 329 -610 320 11 5 1
N 330 -430 320 11 5 1
N 331 -250 320 11 5 1
N 332 0 320 11 5 1
N 333 250 320 11 5 1
N 334 430 320 11 5 1
N 335 610 320 11 5 1
N 336 -610 400 11 5 1
N 337 -430 400 11 5 1
N 338 -250 400 11 5 1
N 339 0 400 11 5 1
N 340 250 400 11 5 1
N 341 430 400 11 5 1
N 342 610 400 11 5 1
N 343 -610 480 11 5 1
N 344 -430 480 11 5 1
N 345 -250 480 11 5 1
N 346 0 480 11 5 1
N 347 250 480 11 5 1
N 348 430 480 11 5 1
N 349 610 480 11 5 1
N 350 -610 560 11 5 1
N 351 -430 560 11 5 1
N 352 -250 560 11 5 1
N 353 0 560 11 5 1
N 354 250 560 11 5 1
N 355 430 560 11 5 1
N 356 610 560 11 5 1
N 357 -610 640 11 5 1
N 358 -430 640 11 5 1
N 359 -250 640 11 5 1
N 360 0 640 11 5 1
N 361 250 640 11 5 1
N 362 430 640 11 5 1
N 363 610 640 11 5 1
N 364 -610 720 11 5 0
N 367 0 720 11 5 1
N 368 250 720 11 5 1
N 369 430 720 11 5 1
N 370 610 720 11 5 1
N 371 -610 800 11 5 0
N 374 0 800 11 5 1
N 375 250 800 11 5 1
N 376 430 800 11 5 1
N 377 610 800 11 5 1
N 378 -610 880 11 5 0
N 381 0 880 11 5 1
N 382 250 880 11 5 1
N 383 430 880 11 5 1
N 384 610 880 11 5 1
N 385 -610 960 11 5 0
N 388 0 960 11 5 1
N 389 250 960 11 5 1
N 390 430 960 11 5 1
N 391 610 960 11 5 1
N 392 -610 1040 11 5 0
N 395 0 1040 11 5 1
N 396 250 1040 11 5 1
N 397 430 1040 11 5 1
N 398 610 1040 11 5 1
N 399 -610 1120 11 5 0
N 402 0 1120 11 5 1
N 403 250 1120 11 5 1
N 404 430 1120 11 5 1
N 405 610 1120 11 5 1
N 406 -610 1200 11 5 0
N 409 0 1200 11 5 1
N 410 250 1200 11 5 1
N 411 430 1200 11 5 1
N 412 610 1200 11 5 1
N 413 -610 1280 11 5 0
N 416 0 1280 11 5 1
N 417 250 1280 11 5 1
N 418 430 1280 11 5 1
N 419 610 1280 11 5 1
N 420 -610 1360 11 5 1
N 421 -430 1360 11 5 1
N 422 -250 1360 11 5 1
N 423 0 1360 11 5 1
N 424 250 1360 11 5 1
N 425 430 1360 11 5 1
N 426 610 1360 11 5 1
N 427 -610 1440 11 5 1
N 428 -430 1440 11 5 1
N 429 -250 1440 11 5 1
N 430 0 1440 11 5 1
N 431 250 1440 11 5 1
N 432 430 1440 11 5 1
N 433 610 1440 11 5 1
N 434 -610 1520 11 5 1
N 435 -430 1520 11 5 1
N 436 -250 1520 11 5 1
N 437 0 1520 11 5 1
N 438 250 1520 11 5 1
N 439 430 1520 11 5 1
N 440 610 1520 11 5 1
N 441 -610 1600 11 3.75 1
N 442 -430 1600 11 3.75 1
N 443 -250 1600 11 3.75 1
N 444 0 1600 11 3.75 1
N 445 250 1600 11 3.75 1
N 446 430 1600 11 3.75 1
N 447 610 1600 11 3.75 1
N 448 -610 1680 11 5 1
N 449 -430 1680 11 5 1
N 450 -250 1680 11 5 1
N 451 0 1680 11 5 1
N 452 250 1680 11 5 1
N 453 430 1680 11 5 1
N 454 610 1680 11 5 1
N 455 -610 1760 11 3.75 1
N 456 -430 1760 11 3.75 1
N 457 -250 1760 11 3.75 1
N 458 0 1760 11 3.75 1
N 459 250 1760 11 3.75 1
N 460 430 1760 11 3.75 1
N 461 610 1760 11 3.75 1
N 462 -610 1840 11 5 1
N 463 -430 1840 11 5 1
N 464 -250 1840 11 5 1
N 465 0 1840 11 5 1
N 466 250 1840 11 5 1
N 467 430 1840 11 5 1
N 468 610 1840 11 5 1
N 469 -610 1920 11 5 1
N 470 -430 1920 11 5 1
N 471 -250 1920 11 5 1
N 472 0 1920 11 5 1
N 473 250 1920 11 5 1
N 474 430 1920 11 5 1
N 475 610 1920 11 5 1
N 476 -610 2000 11 5 0
N 477 -430 2000 11 5 1
N 478 -250 2000 11 5 1
N 479 0 2000 11 5 1
N 480 250 2000 11 5 1
N 481 430 2000 11 5 1
N 482 610 2000 11 5 1
N 483 -610 2080 11 5 0
N 484 -430 2080 11 5 1
N 485 -250 2080 11 5 1
N 486 0 2080 11 5 1
N 487 250 2080 11 5 1
N 488 430 2080 11 5 1
N 489 610 2080 11 5 1
N 491 -430 2160 11 5 1
N 492 -250 2160 11 5 1
N 493 0 2160 11 5 1
N 494 250 2160 11 5 1
N 495 430 2160 11 5 1
N 496 610 2160 11 5 1
N 498 -430 2240 11 5 1
N 499 -250 2240 11 5 1
N 500 0 2240 11 5 1
N 501 250 2240 11 5 1
N 502 430 2240 11 5 1
N 503 610 2240 11 5 1
N 505 -430 2320 11 5 1
N 506 -250 2320 11 5 1
N 507 0 2320 11 5 1
N 508 250 2320 11 5 1
N 509 430 2320 11 5 1
N 510 610 2320 11 5 1
N 512 -430 2400 11 5 1
N 513 -250 2400 11 5 1
N 514 0 2400 11 5 1
N 515 250 2400 11 5 1
N 516 430 2400 11 5 1
N 517 610 2400 11 5 0
N 595 -520 -2160 0 0 0
N 596 -520 -2080 0 0 0
N 597 -520 -2000 0 0 0
N 598 -520 -1920 0 0 0
N 599 -520 -1840 0 0 0
N 600 -520 -1760 0 0 0
N 601 -520 -1680 0 0 0
N 602 -520 -1600 0 0 0
N 603 -520 -1520 0 0 0
N 604 -520 -1440 0 0 0
N 605 -520 -1360 0 0 0
N 606 -505.03 -1280.14 0 0 0
N 607 -490.01 -1200.04 0 0 0
N 608 -474.99 -1119.93 0 0 0
N 609 -460.06 -1040.32 0 0 0
N 610 -384.9 -799.82 0 0 0
N 611 -340.04 -720.07 0 0 0
N 612 -296.65 -642.93 0 0 0
N 613 -164.15 -477.59 0 0 0
N 614 -83.36 -400.03 0 0 0
N 615 49.95 399.92 0 0 0
N 616 100.04 480.06 0 0 0
N 617 149.99 559.98 0 0 0
N 618 199.94 639.91 0 0 0
N 619 295.1 800.18 0 0 0
N 620 339.96 879.93 0 0 0
N 621 385.07 960.12 0 0 0
N 622 384.9 1120.18 0 0 0
N 623 340.04 1199.93 0 0 0
N 624 294.93 1280.12 0 0 0
N 625 224.05 1443.04 0 0 0
N 626 200.04 1519.88 0 0 0
N 627 175.06 1599.81 0 0 0
N 628 150 1679.99 0 0 0
N 629 124.95 1760.17 0 0 0
N 630 99.97 1840.1 0 0 0
N 631 74.99 1920.04 0 0 0
N 632 50.01 1999.98 0 0 0
N 633 25.92 2077.05 0 0 0
N 787 7.03 2280 0 0 0
N 792 256.8 1480 0 0 0
N 797 257.1 -680 0 0 0
N 802 7.11 -3000 0 0 0
L 0 9 16 -251.8 -3355 0 1 71.25 0 0 0 1 0 0
L 1 9 16 -255.4 -3355 0 1 71.25 0 1 0 1 0 0
L 2 16 9 -248.2 -3283.75 0 -1 71.25 0 0 0 1 0 0
L 3 16 9 -244.6 -3283.75 0 -1 71.25 0 1 0 1 0 0
L 4 10 9 -11 -3360.6 -1 0 228 1 0 1 1 0 0
L 5 10 17 -1.8 -3355 0 1 71.25 0 0 0 1 0 0
L 6 10 17 -5.4 -3355 0 1 71.25 0 1 0 1 0 0
L 7 17 10 1.8 -3283.75 0 -1 71.25 0 0 0 1 0 0
L 8 17 10 5.4 -3283.75 0 -1 71.25 0 1 0 1 0 0
L 9 16 23 -251.8 -3276.25 0 1 71.25 0 0 0 1 0 0
L 10 16 23 -255.4 -3276.25 0 1 71.25 0 1 0 1 0 0
L 11 23 16 -248.2 -3205 0 -1 71.25 0 0 0 1 0 0
L 12 23 16 -244.6 -3205 0 -1 71.25 0 1 0 1 0 0
L 13 16 17 -239 -3281 1 0 228 1 0 1 1 0 1 3.5
L 14 17 24 -1.8 -3276.25 0 1 71.25 0 0 0 1 0 0
L 15 17 24 -5.4 -3276.25 0 1 71.25 0 1 0 1 0 0
L 16 24 17 1.8 -3205 0 -1 71.25 0 0 0 1 0 0
L 17 24 17 5.4 -3205 0 -1 71.25 0 1 0 1 0 0
L 18 23 30 -251.8 -3195 0 1 70 0 0 0 1 0 0
L 19 23 30 -255.4 -3195 0 1 70 0 1 0 1 0 0
L 20 30 23 -248.2 -3125 0 -1 70 0 0 0 1 0 0
L 21 30 23 -244.6 -3125 0 -1 70 0 1 0 1 0 0
L 22 24 23 -11 -3200.6 -1 0 228 1 0 1 1 0 0
L 23 24 31 -1.8 -3195 0 1 70 0 0 0 1 0 0
L 24 24 31 -5.4 -3195 0 1 70 0 1 0 1 0 0
L 25 31 24 1.8 -3125 0 -1 70 0 0 0 1 0 0
L 26 31 24 5.4 -3125 0 -1 70 0 1 0 1 0 0
L 27 25 24 239 -3200.6 -1 0 228 1 0 1 1 0 0
L 28 25 32 248.2 -3195 0 1 70 0 0 0 1 0 0
L 29 25 32 244.6 -3195 0 1 70 0 1 0 1 0 0
L 30 32 25 251.8 -3125 0 -1 70 0 0 0 1 0 0
L 31 32 25 255.4 -3125 0 -1 70 0 1 0 1 0 0
L 32 29 30 -419 -3119.4 1 0 158 1 0 1 1 0 0
L 33 30 37 -251.8 -3115 0 1 71.25 0 0 0 1 0 0
L 34 30 37 -255.4 -3115 0 1 71.25 0 1 0 1 0 0
L 35 37 30 -248.2 -3043.75 0 -1 71.25 0 0 0 1 0 0
L 36 37 30 -244.6 -3043.75 0 -1 71.25 0 1 0 1 0 0
L 37 30 31 -239 -3119.4 1 0 228 1 0 1 1 0 0
L 38 31 38 -1.8 -3115 0 1 71.25 0 0 0 1 0 0
L 39 31 38 -5.4 -3115 0 1 71.25 0 1 0 1 0 0
L 40 38 31 1.8 -3043.75 0 -1 71.25 0 0 0 1 0 0
L 41 38 31 5.4 -3043.75 0 -1 71.25 0 1 0 1 0 0
L 42 31 32 11 -3119.4 1 0 228 1 0 1 1 0 0
L 43 32 39 248.2 -3115 0 1 71.25 0 0 0 1 0 0
L 44 32 39 244.6 -3115 0 1 71.25 0 1 0 1 0 0
L 45 39 32 251.8 -3043.75 0 -1 71.25 0 0 0 1 0 0
L 46 39 32 255.4 -3043.75 0 -1 71.25 0 1 0 1 0 0
L 47 36 43 -431.8 -3036.25 0 1 71.25 0 0 0 1 0 0
L 48 36 43 -435.4 -3036.25 0 1 71.25 0 1 0 1 0 0
L 49 43 36 -428.2 -2965 0 -1 71.25 0 0 0 1 0 0
L 50 43 36 -424.6 -2965 0 -1 71.25 0 1 0 1 0 0
L 51 37 36 -261 -3039 -1 0 158 1 0 1 1 0 1 3.5
L 52 37 44 -251.8 -3036.25 0 1 71.25 0 0 0 1 0 0
L 53 37 44 -255.4 -3036.25 0 1 71.25 0 1 0 1 0 0
L 54 44 37 -248.2 -2965 0 -1 71.25 0 0 0 1 0 0
L 55 44 37 -244.6 -2965 0 -1 71.25 0 1 0 1 0 0
L 56 38 37 -11 -3039 -1 0 228 1 0 1 1 0 1 3.5
L 57 38 802 -1.8 -3036.25 0 1 23.45 0 0 0 0 0 0
L 58 38 802 -5.4 -3036.25 0 1 23.45 0 1 0 0 0 0
L 59 45 802 1.8 -2965 0 -1 22.2 0 0 0 0 0 0
L 60 45 802 5.4 -2965 0 -1 22.2 0 1 0 0 0 0
L 61 39 38 239 -3039 -1 0 228 1 0 1 1 0 1 3.5
L 62 39 46 248.2 -3036.25 0 1 71.25 0 0 0 1 0 0
L 63 39 46 244.6 -3036.25 0 1 71.25 0 1 0 1 0 0
L 64 46 39 251.8 -2965 0 -1 71.25 0 0 0 1 0 0
L 65 46 39 255.4 -2965 0 -1 71.25 0 1 0 1 0 0
L 66 43 50 -431.8 -2955 0 1 70 0 0 0 1 0 0
L 67 43 50 -435.4 -2955 0 1 70 0 1 0 1 0 0
L 68 50 43 -428.2 -2885 0 -1 70 0 0 0 1 0 0
L 69 50 43 -424.6 -2885 0 -1 70 0 1 0 1 0 0
L 70 43 44 -419 -2959.4 1 0 158 1 0 1 1 0 0
L 71 44 51 -251.8 -2955 0 1 70 0 0 0 1 0 0
L 72 44 51 -255.4 -2955 0 1 70 0 1 0 1 0 0
L 73 51 44 -248.2 -2885 0 -1 70 0 0 0 1 0 0
L 74 51 44 -244.6 -2885 0 -1 70 0 1 0 1 0 0
L 75 44 45 -239 -2959.4 1 0 228 1 0 1 1 0 0
L 76 45 52 -1.8 -2955 0 1 70 0 0 0 1 0 0
L 77 45 52 -5.4 -2955 0 1 70 0 1 0 1 0 0
L 78 52 45 1.8 -2885 0 -1 70 0 0 0 1 0 0
L 79 52 45 5.4 -2885 0 -1 70 0 1 0 1 0 0
L 80 45 46 11 -2959.4 1 0 228 1 0 1 1 0 0
L 81 46 53 248.2 -2955 0 1 70 0 0 0 1 0 0
L 82 46 53 244.6 -2955 0 1 70 0 1 0 1 0 0
L 83 53 46 251.8 -2885 0 -1 70 0 0 0 1 0 0
L 84 53 46 255.4 -2885 0 -1 70 0 1 0 1 0 0
L 85 46 47 261 -2959.4 1 0 158 1 0 1 0 0 0
L 86 50 57 -431.8 -2875 0 1 66 0 0 0 1 0 0
L 87 50 57 -435.4 -2875 0 1 66 0 1 0 1 0 0
L 88 57 50 -428.2 -2809 0 -1 66 0 0 0 1 0 0
L 89 57 50 -424.6 -2809 0 -1 66 0 1 0 1 0 0
L 90 51 50 -261 -2880.6 -1 0 158 1 0 1 1 0 0
L 91 51 58 -251.8 -2875 0 1 66 0 0 0 1 0 0
L 92 51 58 -255.4 -2875 0 1 66 0 1 0 1 0 0
L 93 58 51 -248.2 -2809 0 -1 66 0 0 0 1 0 0
L 94 58 51 -244.6 -2809 0 -1 66 0 1 0 1 0 0
L 95 52 51 -11 -2880.6 -1 0 228 1 0 1 1 0 0
L 96 52 59 -1.8 -2875 0 1 66 0 0 0 1 0 0
L 97 52 59 -5.4 -2875 0 1 66 0 1 0 1 0 0
L 98 59 52 1.8 -2809 0 -1 66 0 0 0 1 0 0
L 99 59 52 5.4 -2809 0 -1 66 0 1 0 1 0 0
L 100 53 52 239 -2880.6 -1 0 228 1 0 1 1 0 0
L 101 53 60 248.2 -2875 0 1 66 0 0 0 1 0 0
L 102 53 60 244.6 -2875 0 1 66 0 1 0 1 0 0
L 103 60 53 251.8 -2809 0 -1 66 0 0 0 1 0 0
L 104 60 53 255.4 -2809 0 -1 66 0 1 0 1 0 0
L 105 54 53 419 -2880.6 -1 0 158 1 0 1 1 0 0
L 106 54 61 428.2 -2875 0 1 66 0 0 0 1 0 0
L 107 54 61 424.6 -2875 0 1 66 0 1 0 1 0 0
L 108 61 54 431.8 -2809 0 -1 66 0 0 0 1 0 0
L 109 61 54 435.4 -2809 0 -1 66 0 1 0 1 0 0
L 110 57 64 -431.8 -2791 0 1 67.25 0 0 0 1 0 0
L 111 57 64 -435.4 -2791 0 1 67.25 0 1 0 1 0 0
L 112 64 57 -428.2 -2723.75 0 -1 67.25 0 0 0 1 0 0
L 113 64 57 -424.6 -2723.75 0 -1 67.25 0 1 0 1 0 0
L 114 57 58 -419 -2798.4 1 0 158 2 0 1 1 0 0
L 115 58 57 -261 -2801.6 -1 0 158 2 0 1 1 0 0
L 116 57 58 -419 -2795.1 1 0 158 2 1 1 1 0 0 2.9
L 117 58 57 -261 -2804.9 -1 0 158 2 1 1 1 0 0 2.9
L 118 58 65 -251.8 -2791 0 1 67.25 0 0 0 1 0 0
L 119 58 65 -255.4 -2791 0 1 67.25 0 1 0 1 0 0
L 120 65 58 -248.2 -2723.75 0 -1 67.25 0 0 0 1 0 0
L 121 65 58 -244.6 -2723.75 0 -1 67.25 0 1 0 1 0 0
L 122 58 59 -239 -2798.4 1 0 228 2 0 1 1 0 0
L 123 59 58 -11 -2801.6 -1 0 228 2 0 1 1 0 0
L 124 58 59 -239 -2795.1 1 0 228 2 1 1 1 0 0 2.9
L 125 59 58 -11 -2804.9 -1 0 228 2 1 1 1 0 0 2.9
L 126 59 66 -1.8 -2791 0 1 67.25 0 0 0 1 0 0
L 127 59 66 -5.4 -2791 0 1 67.25 0 1 0 1 0 0
L 128 66 59 1.8 -2723.75 0 -1 67.25 0 0 0 1 0 0
L 129 66 59 5.4 -2723.75 0 -1 67.25 0 1 0 1 0 0
L 130 59 60 11 -2798.4 1 0 228 2 0 1 1 0 0
L 131 60 59 239 -2801.6 -1 0 228 2 0 1 1 0 0
L 132 59 60 11 -2795.1 1 0 228 2 1 1 1 0 0 2.9
L 133 60 59 239 -2804.9 -1 0 228 2 1 1 1 0 0 2.9
L 134 60 67 248.2 -2791 0 1 67.25 0 0 0 1 0 0
L 135 60 67 244.6 -2791 0 1 67.25 0 1 0 1 0 0
L 136 67 60 251.8 -2723.75 0 -1 67.25 0 0 0 1 0 0
L 137 67 60 255.4 -2723.75 0 -1 67.25 0 1 0 1 0 0
L 138 60 61 261 -2798.4 1 0 158 2 0 1 1 0 0
L 139 61 60 419 -2801.6 -1 0 158 2 0 1 1 0 0
L 140 60 61 261 -2795.1 1 0 158 2 1 1 1 0 0 2.9
L 141 61 60 419 -2804.9 -1 0 158 2 1 1 1 0 0 2.9
L 142 61 68 428.2 -2791 0 1 67.25 0 0 0 1 0 0
L 143 61 68 424.6 -2791 0 1 67.25 0 1 0 1 0 0
L 144 68 61 431.8 -2723.75 0 -1 67.25 0 0 0 1 0 0
L 145 68 61 435.4 -2723.75 0 -1 67.25 0 1 0 1 0 0
L 146 64 71 -431.8 -2716.25 0 1 71.25 0 0 0 1 0 0
L 147 64 71 -435.4 -2716.25 0 1 71.25 0 1 0 1 0 0
L 148 71 64 -428.2 -2645 0 -1 71.25 0 0 0 1 0 0
L 149 71 64 -424.6 -2645 0 -1 71.25 0 1 0 1 0 0
L 150 65 64 -261 -2719 -1 0 158 1 0 1 1 0 1 3.5
L 151 65 72 -251.8 -2716.25 0 1 71.25 0 0 0 1 0 0
L 152 65 72 -255.4 -2716.25 0 1 71.25 0 1 0 1 0 0
L 153 72 65 -248.2 -2645 0 -1 71.25 0 0 0 1 0 0
L 154 72 65 -244.6 -2645 0 -1 71.25 0 1 0 1 0 0
L 155 66 65 -11 -2719 -1 0 228 1 0 1 1 0 1 3.5
L 156 66 73 -1.8 -2716.25 0 1 71.25 0 0 0 1 0 0
L 157 66 73 -5.4 -2716.25 0 1 71.25 0 1 0 1 0 0
L 158 73 66 1.8 -2645 0 -1 71.25 0 0 0 1 0 0
L 159 73 66 5.4 -2645 0 -1 71.25 0 1 0 1 0 0
L 160 67 66 239 -2719 -1 0 228 1 0 1 1 0 1 3.5
L 161 67 74 248.2 -2716.25 0 1 71.25 0 0 0 1 0 0
L 162 67 74 244.6 -2716.25 0 1 71.25 0 1 0 1 0 0
L 163 74 67 251.8 -2645 0 -1 71.25 0 0 0 1 0 0
L 164 74 67 255.4 -2645 0 -1 71.25 0 1 0 1 0 0
L 165 68 67 419 -2719 -1 0 158 1 0 1 1 0 1 3.5
L 166 68 75 428.2 -2716.25 0 1 71.25 0 0 0 1 0 0
L 167 68 75 424.6 -2716.25 0 1 71.25 0 1 0 1 0 0
L 168 75 68 431.8 -2645 0 -1 71.25 0 0 0 1 0 0
L 169 75 68 435.4 -2645 0 -1 71.25 0 1 0 1 0 0
L 170 71 78 -431.8 -2635 0 1 70 0 0 0 1 0 0
L 171 71 78 -435.4 -2635 0 1 70 0 1 0 1 0 0
L 172 78 71 -428.2 -2565 0 -1 70 0 0 0 1 0 0
L 173 78 71 -424.6 -2565 0 -1 70 0 1 0 1 0 0
L 174 71 72 -419 -2639.4 1 0 158 1 0 1 1 0 0
L 175 72 79 -251.8 -2635 0 1 70 0 0 0 1 0 0
L 176 72 79 -255.4 -2635 0 1 70 0 1 0 1 0 0
L 177 79 72 -248.2 -2565 0 -1 70 0 0 0 1 0 0
L 178 79 72 -244.6 -2565 0 -1 70 0 1 0 1 0 0
L 179 72 73 -239 -2639.4 1 0 228 1 0 1 1 0 0
L 180 73 80 -1.8 -2635 0 1 70 0 0 0 1 0 0
L 181 73 80 -5.4 -2635 0 1 70 0 1 0 1 0 0
L 182 80 73 1.8 -2565 0 -1 70 0 0 0 1 0 0
L 183 80 73 5.4 -2565 0 -1 70 0 1 0 1 0 0
L 184 73 74 11 -2639.4 1 0 228 1 0 1 1 0 0
L 185 74 81 248.2 -2635 0 1 70 0 0 0 1 0 0
L 186 74 81 244.6 -2635 0 1 70 0 1 0 1 0 0
L 187 81 74 251.8 -2565 0 -1 70 0 0 0 1 0 0
L 188 81 74 255.4 -2565 0 -1 70 0 1 0 1 0 0
L 189 74 75 261 -2639.4 1 0 158 1 0 1 1 0 0
L 190 75 82 428.2 -2635 0 1 70 0 0 0 1 0 0
L 191 75 82 424.6 -2635 0 1 70 0 1 0 1 0 0
L 192 82 75 431.8 -2565 0 -1 70 0 0 0 1 0 0
L 193 82 75 435.4 -2565 0 -1 70 0 1 0 1 0 0
L 194 78 85 -431.8 -2555 0 1 66 0 0 0 1 0 0
L 195 78 85 -435.4 -2555 0 1 66 0 1 0 1 0 0
L 196 85 78 -428.2 -2489 0 -1 66 0 0 0 1 0 0
L 197 85 78 -424.6 -2489 0 -1 66 0 1 0 1 0 0
L 198 79 78 -261 -2560.6 -1 0 158 1 0 1 1 0 0
L 199 79 86 -251.8 -2555 0 1 66 0 0 0 1 0 0
L 200 79 86 -255.4 -2555 0 1 66 0 1 0 1 0 0
L 201 86 79 -248.2 -2489 0 -1 66 0 0 0 1 0 0
L 202 86 79 -244.6 -2489 0 -1 66 0 1 0 1 0 0
L 203 80 79 -11 -2560.6 -1 0 228 1 0 1 1 0 0
L 204 80 87 -1.8 -2555 0 1 66 0 0 0 1 0 0
L 205 80 87 -5.4 -2555 0 1 66 0 1 0 1 0 0
L 206 87 80 1.8 -2489 0 -1 66 0 0 0 1 0 0
L 207 87 80 5.4 -2489 0 -1 66 0 1 0 1 0 0
L 208 81 80 239 -2560.6 -1 0 228 1 0 1 1 0 0
L 209 81 88 248.2 -2555 0 1 66 0 0 0 1 0 0
L 210 81 88 244.6 -2555 0 1 66 0 1 0 1 0 0
L 211 88 81 251.8 -2489 0 -1 66 0 0 0 1 0 0
L 212 88 81 255.4 -2489 0 -1 66 0 1 0 1 0 0
L 213 82 81 419 -2560.6 -1 0 158 1 0 1 1 0 0
L 214 82 89 428.2 -2555 0 1 66 0 0 0 1 0 0
L 215 82 89 424.6 -2555 0 1 66 0 1 0 1 0 0
L 216 89 82 431.8 -2489 0 -1 66 0 0 0 1 0 0
L 217 89 82 435.4 -2489 0 -1 66 0 1 0 1 0 0
L 218 85 92 -431.8 -2471 0 1 66 0 0 0 1 0 0
L 219 85 92 -435.4 -2471 0 1 66 0 1 0 1 0 0
L 220 92 85 -428.2 -2405 0 -1 66 0 0 0 1 0 0
L 221 92 85 -424.6 -2405 0 -1 66 0 1 0 1 0 0
L 222 85 86 -419 -2478.4 1 0 158 2 0 1 1 0 0
L 223 86 85 -261 -2481.6 -1 0 158 2 0 1 1 0 0
L 224 85 86 -419 -2475.1 1 0 158 2 1 1 1 0 0 2.9
L 225 86 85 -261 -2484.9 -1 0 158 2 1 1 1 0 0 2.9
L 226 86 93 -251.8 -2471 0 1 66 0 0 0 1 0 0
L 227 86 93 -255.4 -2471 0 1 66 0 1 0 1 0 0
L 228 93 86 -248.2 -2405 0 -1 66 0 0 0 1 0 0
L 229 93 86 -244.6 -2405 0 -1 66 0 1 0 1 0 0
L 230 86 87 -239 -2478.4 1 0 228 2 0 1 1 0 0
L 231 87 86 -11 -2481.6 -1 0 228 2 0 1 1 0 0
L 232 86 87 -239 -2475.1 1 0 228 2 1 1 1 0 0 2.9
L 233 87 86 -11 -2484.9 -1 0 228 2 1 1 1 0 0 2.9
L 234 87 94 -1.8 -2471 0 1 66 0 0 0 1 0 0
L 235 87 94 -5.4 -2471 0 1 66 0 1 0 1 0 0
L 236 94 87 1.8 -2405 0 -1 66 0 0 0 1 0 0
L 237 94 87 5.4 -2405 0 -1 66 0 1 0 1 0 0
L 238 87 88 11 -2478.4 1 0 228 2 0 1 1 0 0
L 239 88 87 239 -2481.6 -1 0 228 2 0 1 1 0 0
L 240 87 88 11 -2475.1 1 0 228 2 1 1 1 0 0 2.9
L 241 88 87 239 -2484.9 -1 0 228 2 1 1 1 0 0 2.9
L 242 88 95 248.2 -2471 0 1 66 0 0 0 1 0 0
L 243 88 95 244.6 -2471 0 1 66 0 1 0 1 0 0
L 244 95 88 251.8 -2405 0 -1 66 0 0 0 1 0 0
L 245 95 88 255.4 -2405 0 -1 66 0 1 0 1 0 0
L 246 88 89 261 -2478.4 1 0 158 2 0 1 1 0 0
L 247 89 88 419 -2481.6 -1 0 158 2 0 1 1 0 0
L 248 88 89 261 -2475.1 1 0 158 2 1 1 1 0 0 2.9
L 249 89 88 419 -2484.9 -1 0 158 2 1 1 1 0 0 2.9
L 250 89 96 428.2 -2471 0 1 66 0 0 0 1 0 0
L 251 89 96 424.6 -2471 0 1 66 0 1 0 1 0 0
L 252 96 89 431.8 -2405 0 -1 66 0 0 0 1 0 0
L 253 96 89 435.4 -2405 0 -1 66 0 1 0 1 0 0
L 254 92 99 -431.8 -2395 0 1 71.25 0 0 0 1 0 0
L 255 92 99 -435.4 -2395 0 1 71.25 0 1 0 1 0 0
L 256 99 92 -428.2 -2323.75 0 -1 71.25 0 0 0 1 0 0
L 257 99 92 -424.6 -2323.75 0 -1 71.25 0 1 0 1 0 0
L 258 93 92 -261 -2400.6 -1 0 158 1 0 1 1 0 0
L 259 93 100 -251.8 -2395 0 1 71.25 0 0 0 1 0 0
L 260 93 100 -255.4 -2395 0 1 71.25 0 1 0 1 0 0
L 261 100 93 -248.2 -2323.75 0 -1 71.25 0 0 0 1 0 0
L 262 100 93 -244.6 -2323.75 0 -1 71.25 0 1 0 1 0 0
L 263 94 93 -11 -2400.6 -1 0 228 1 0 1 1 0 0
L 264 94 101 -1.8 -2395 0 1 71.25 0 0 0 1 0 0
L 265 94 101 -5.4 -2395 0 1 71.25 0 1 0 1 0 0
L 266 101 94 1.8 -2323.75 0 -1 71.25 0 0 0 1 0 0
L 267 101 94 5.4 -2323.75 0 -1 71.25 0 1 0 1 0 0
L 268 95 94 239 -2400.6 -1 0 228 1 0 1 1 0 0
L 269 95 102 248.2 -2395 0 1 71.25 0 0 0 1 0 0
L 270 95 102 244.6 -2395 0 1 71.25 0 1 0 1 0 0
L 271 102 95 251.8 -2323.75 0 -1 71.25 0 0 0 1 0 0
L 272 102 95 255.4 -2323.75 0 -1 71.25 0 1 0 1 0 0
L 273 96 95 419 -2400.6 -1 0 158 1 0 1 1 0 0
L 274 96 103 428.2 -2395 0 1 71.25 0 0 0 1 0 0
L 275 96 103 424.6 -2395 0 1 71.25 0 1 0 1 0 0
L 276 103 96 431.8 -2323.75 0 -1 71.25 0 0 0 1 0 0
L 277 103 96 435.4 -2323.75 0 -1 71.25 0 1 0 1 0 0
L 278 97 96 599 -2400.6 -1 0 158 1 0 1 1 0 0
L 279 99 106 -431.8 -2316.25 0 1 71.25 0 0 0 1 0 0
L 280 99 106 -435.4 -2316.25 0 1 71.25 0 1 0 1 0 0
L 281 106 99 -428.2 -2245 0 -1 71.25 0 0 0 1 0 0
L 282 106 99 -424.6 -2245 0 -1 71.25 0 1 0 1 0 0
L 283 99 100 -419 -2321 1 0 158 1 0 1 1 0 1 3.5
L 284 100 107 -251.8 -2316.25 0 1 71.25 0 0 0 1 0 0
L 285 100 107 -255.4 -2316.25 0 1 71.25 0 1 0 1 0 0
L 286 107 100 -248.2 -2245 0 -1 71.25 0 0 0 1 0 0
L 287 107 100 -244.6 -2245 0 -1 71.25 0 1 0 1 0 0
L 288 100 101 -239 -2321 1 0 228 1 0 1 1 0 1 3.5
L 289 101 108 -1.8 -2316.25 0 1 71.25 0 0 0 1 0 0
L 290 101 108 -5.4 -2316.25 0 1 71.25 0 1 0 1 0 0
L 291 108 101 1.8 -2245 0 -1 71.25 0 0 0 1 0 0
L 292 108 101 5.4 -2245 0 -1 71.25 0 1 0 1 0 0
L 293 101 102 11 -2321 1 0 228 1 0 1 1 0 1 3.5
L 294 102 109 248.2 -2316.25 0 1 71.25 0 0 0 1 0 0
L 295 102 109 244.6 -2316.25 0 1 71.25 0 1 0 1 0 0
L 296 109 102 251.8 -2245 0 -1 71.25 0 0 0 1 0 0
L 297 109 102 255.4 -2245 0 -1 71.25 0 1 0 1 0 0
L 298 102 103 261 -2321 1 0 158 1 0 1 1 0 1 3.5
L 299 103 110 428.2 -2316.25 0 1 71.25 0 0 0 1 0 0
L 300 103 110 424.6 -2316.25 0 1 71.25 0 1 0 1 0 0
L 301 110 103 431.8 -2245 0 -1 71.25 0 0 0 1 0 0
L 302 110 103 435.4 -2245 0 -1 71.25 0 1 0 1 0 0
L 303 103 104 441 -2321 1 0 158 1 0 1 0 0 1 3.5
L 304 106 113 -431.8 -2235 0 1 70 0 0 0 1 0 0
L 305 106 113 -435.4 -2235 0 1 70 0 1 0 1 0 0
L 306 113 106 -428.2 -2165 0 -1 70 0 0 0 1 0 0
L 307 113 106 -424.6 -2165 0 -1 70 0 1 0 1 0 0
L 308 107 106 -261 -2240.6 -1 0 158 1 0 1 1 0 0
L 309 107 114 -251.8 -2235 0 1 70 0 0 0 1 0 0
L 310 107 114 -255.4 -2235 0 1 70 0 1 0 1 0 0
L 311 114 107 -248.2 -2165 0 -1 70 0 0 0 1 0 0
L 312 114 107 -244.6 -2165 0 -1 70 0 1 0 1 0 0
L 313 108 107 -11 -2240.6 -1 0 228 1 0 1 1 0 0
L 314 108 115 -1.8 -2235 0 1 70 0 0 0 1 0 0
L 315 108 115 -5.4 -2235 0 1 70 0 1 0 1 0 0
L 316 115 108 1.8 -2165 0 -1 70 0 0 0 1 0 0
L 317 115 108 5.4 -2165 0 -1 70 0 1 0 1 0 0
L 318 109 108 239 -2240.6 -1 0 228 1 0 1 1 0 0
L 319 109 116 248.2 -2235 0 1 70 0 0 0 1 0 0
L 320 109 116 244.6 -2235 0 1 70 0 1 0 1 0 0
L 321 116 109 251.8 -2165 0 -1 70 0 0 0 1 0 0
L 322 116 109 255.4 -2165 0 -1 70 0 1 0 1 0 0
L 323 110 109 419 -2240.6 -1 0 158 1 0 1 1 0 0
L 324 110 117 428.2 -2235 0 1 70 0 0 0 1 0 0
L 325 110 117 424.6 -2235 0 1 70 0 1 0 1 0 0
L 326 117 110 431.8 -2165 0 -1 70 0 0 0 1 0 0
L 327 117 110 435.4 -2165 0 -1 70 0 1 0 1 0 0
L 328 111 110 599 -2240.6 -1 0 158 1 0 1 1 0 0
L 329 111 118 608.2 -2235 0 1 70 0 0 0 1 0 0
L 330 111 118 604.6 -2235 0 1 70 0 1 0 1 0 0
L 331 118 111 611.8 -2165 0 -1 70 0 0 0 1 0 0
L 332 118 111 615.4 -2165 0 -1 70 0 1 0 1 0 0
L 333 112 113 -599 -2159.4 1 0 158 1 0 1 1 0 0
L 334 113 120 -431.8 -2155 0 1 70 0 0 0 1 0 0
L 335 113 120 -435.4 -2155 0 1 70 0 1 0 1 0 0
L 336 120 113 -428.2 -2085 0 -1 70 0 0 0 1 0 0
L 337 120 113 -424.6 -2085 0 -1 70 0 1 0 1 0 0
L 338 113 114 -419 -2159.4 1 0 158 1 0 1 1 0 0
L 339 114 121 -251.8 -2155 0 1 70 0 0 0 1 0 0
L 340 114 121 -255.4 -2155 0 1 70 0 1 0 1 0 0
L 341 121 114 -248.2 -2085 0 -1 70 0 0 0 1 0 0
L 342 121 114 -244.6 -2085 0 -1 70 0 1 0 1 0 0
L 343 114 115 -239 -2159.4 1 0 228 1 0 1 1 0 0
L 344 115 116 11 -2159.4 1 0 228 1 0 1 1 0 0
L 345 116 123 248.2 -2155 0 1 70 0 0 0 1 0 0
L 346 116 123 244.6 -2155 0 1 70 0 1 0 1 0 0
L 347 123 116 251.8 -2085 0 -1 70 0 0 0 1 0 0
L 348 123 116 255.4 -2085 0 -1 70 0 1 0 1 0 0
L 349 116 117 261 -2159.4 1 0 158 1 0 1 1 0 0
L 350 117 124 426.3 -2155 0 1 70 0 0 0 1 1 0
L 351 117 124 422.9 -2155 0 1 70 0 1 0 1 1 0
L 352 124 117 433.7 -2085 0 -1 70 0 0 0 1 1 0
L 353 124 117 437.1 -2085 0 -1 70 0 1 0 1 1 0
L 354 117 118 441 -2159.4 1 0 158 1 0 1 1 0 0
L 355 118 125 608.2 -2155 0 1 70 0 0 0 1 0 0
L 356 118 125 604.6 -2155 0 1 70 0 1 0 1 0 0
L 357 125 118 611.8 -2085 0 -1 70 0 0 0 1 0 0
L 358 125 118 615.4 -2085 0 -1 70 0 1 0 1 0 0
L 359 120 119 -441 -2080.6 -1 0 158 1 0 1 0 0 0
L 360 120 127 -431.8 -2075 0 1 70 0 0 0 1 0 0
L 361 120 127 -435.4 -2075 0 1 70 0 1 0 1 0 0
L 362 127 120 -428.2 -2005 0 -1 70 0 0 0 1 0 0
L 363 127 120 -424.6 -2005 0 -1 70 0 1 0 1 0 0
L 364 121 120 -261 -2080.6 -1 0 158 1 0 1 1 0 0
L 365 121 128 -251.8 -2075 0 1 70 0 0 0 1 0 0
L 366 121 128 -255.4 -2075 0 1 70 0 1 0 1 0 0
L 367 128 121 -248.2 -2005 0 -1 70 0 0 0 1 0 0
L 368 128 121 -244.6 -2005 0 -1 70 0 1 0 1 0 0
L 369 123 130 248.2 -2075 0 1 70 0 0 0 1 0 0
L 370 123 130 244.6 -2075 0 1 70 0 1 0 1 0 0
L 371 130 123 251.8 -2005 0 -1 70 0 0 0 1 0 0
L 372 130 123 255.4 -2005 0 -1 70 0 1 0 1 0 0
L 373 124 123 419 -2080.6 -1 0 158 1 0 1 1 0 0
L 374 124 131 426.3 -2075 0 1 70 0 0 0 1 1 0
L 375 124 131 422.9 -2075 0 1 70 0 1 0 1 1 0
L 376 131 124 433.7 -2005 0 -1 70 0 0 0 1 1 0
L 377 131 124 437.1 -2005 0 -1 70 0 1 0 1 1 0
L 378 125 124 599 -2080.6 -1 0 158 1 0 1 1 0 0
L 379 125 132 608.2 -2075 0 1 70 0 0 0 1 0 0
L 380 125 132 604.6 -2075 0 1 70 0 1 0 1 0 0
L 381 132 125 611.8 -2005 0 -1 70 0 0 0 1 0 0
L 382 132 125 615.4 -2005 0 -1 70 0 1 0 1 0 0
L 383 126 127 -599 -1999.4 1 0 158 1 0 1 1 0 0
L 384 127 134 -431.8 -1995 0 1 71.25 0 0 0 1 0 0
L 385 127 134 -435.4 -1995 0 1 71.25 0 1 0 1 0 0
L 386 134 127 -428.2 -1923.75 0 -1 71.25 0 0 0 1 0 0
L 387 134 127 -424.6 -1923.75 0 -1 71.25 0 1 0 1 0 0
L 388 127 128 -419 -1999.4 1 0 158 1 0 1 1 0 0
L 389 128 135 -251.8 -1995 0 1 71.25 0 0 0 1 0 0
L 390 128 135 -255.4 -1995 0 1 71.25 0 1 0 1 0 0
L 391 135 128 -248.2 -1923.75 0 -1 71.25 0 0 0 1 0 0
L 392 135 128 -244.6 -1923.75 0 -1 71.25 0 1 0 1 0 0
L 393 130 137 248.2 -1995 0 1 71.25 0 0 0 1 0 0
L 394 130 137 244.6 -1995 0 1 71.25 0 1 0 1 0 0
L 395 137 130 251.8 -1923.75 0 -1 71.25 0 0 0 1 0 0
L 396 137 130 255.4 -1923.75 0 -1 71.25 0 1 0 1 0 0
L 397 130 131 261 -1999.4 1 0 158 1 0 1 1 0 0
L 398 131 138 426.3 -1995 0 1 71.25 0 0 0 1 1 0
L 399 131 138 422.9 -1995 0 1 71.25 0 1 0 1 1 0
L 400 138 131 433.7 -1923.75 0 -1 71.25 0 0 0 1 1 0
L 401 138 131 437.1 -1923.75 0 -1 71.25 0 1 0 1 1 0
L 402 131 132 441 -1999.4 1 0 158 1 0 1 1 0 0
L 403 132 139 608.2 -1995 0 1 71.25 0 0 0 1 0 0
L 404 132 139 604.6 -1995 0 1 71.25 0 1 0 1 0 0
L 405 139 132 611.8 -1923.75 0 -1 71.25 0 0 0 1 0 0
L 406 139 132 615.4 -1923.75 0 -1 71.25 0 1 0 1 0 0
L 407 134 133 -441 -1919 -1 0 158 1 0 1 0 0 1 3.5
L 408 134 141 -431.8 -1916.25 0 1 71.25 0 0 0 1 0 0
L 409 134 141 -435.4 -1916.25 0 1 71.25 0 1 0 1 0 0
L 410 141 134 -428.2 -1845 0 -1 71.25 0 0 0 1 0 0
L 411 141 134 -424.6 -1845 0 -1 71.25 0 1 0 1 0 0
L 412 135 134 -261 -1919 -1 0 158 1 0 1 1 0 1 3.5
L 413 135 142 -251.8 -1916.25 0 1 71.25 0 0 0 1 0 0
L 414 135 142 -255.4 -1916.25 0 1 71.25 0 1 0 1 0 0
L 415 142 135 -248.2 -1845 0 -1 71.25 0 0 0 1 0 0
L 416 142 135 -244.6 -1845 0 -1 71.25 0 1 0 1 0 0
L 417 137 144 248.2 -1916.25 0 1 71.25 0 0 0 1 0 0
L 418 137 144 244.6 -1916.25 0 1 71.25 0 1 0 1 0 0
L 419 144 137 251.8 -1845 0 -1 71.25 0 0 0 1 0 0
L 420 144 137 255.4 -1845 0 -1 71.25 0 1 0 1 0 0
L 421 138 137 419 -1919 -1 0 158 1 0 1 1 0 1 3.5
L 422 138 145 426.3 -1916.25 0 1 71.25 0 0 0 1 1 0
L 423 138 145 422.9 -1916.25 0 1 71.25 0 1 0 1 1 0
L 424 145 138 433.7 -1845 0 -1 71.25 0 0 0 1 1 0
L 425 145 138 437.1 -1845 0 -1 71.25 0 1 0 1 1 0
L 426 139 138 599 -1919 -1 0 158 1 0 1 1 0 1 3.5
L 427 139 146 608.2 -1916.25 0 1 71.25 0 0 0 1 0 0
L 428 139 146 604.6 -1916.25 0 1 71.25 0 1 0 1 0 0
L 429 146 139 611.8 -1845 0 -1 71.25 0 0 0 1 0 0
L 430 146 139 615.4 -1845 0 -1 71.25 0 1 0 1 0 0
L 431 140 141 -599 -1839.4 1 0 158 1 0 1 1 0 0
L 432 141 148 -431.8 -1835 0 1 71.25 0 0 0 1 0 0
L 433 141 148 -435.4 -1835 0 1 71.25 0 1 0 1 0 0
L 434 148 141 -428.2 -1763.75 0 -1 71.25 0 0 0 1 0 0
L 435 148 141 -424.6 -1763.75 0 -1 71.25 0 1 0 1 0 0
L 436 141 142 -419 -1839.4 1 0 158 1 0 1 1 0 0
L 437 142 149 -251.8 -1835 0 1 71.25 0 0 0 1 0 0
L 438 142 149 -255.4 -1835 0 1 71.25 0 1 0 1 0 0
L 439 149 142 -248.2 -1763.75 0 -1 71.25 0 0 0 1 0 0
L 440 149 142 -244.6 -1763.75 0 -1 71.25 0 1 0 1 0 0
L 441 144 151 248.2 -1835 0 1 71.25 0 0 0 1 0 0
L 442 144 151 244.6 -1835 0 1 71.25 0 1 0 1 0 0
L 443 151 144 251.8 -1763.75 0 -1 71.25 0 0 0 1 0 0
L 444 151 144 255.4 -1763.75 0 -1 71.25 0 1 0 1 0 0
L 445 144 145 261 -1839.4 1 0 158 1 0 1 1 0 0
L 446 145 152 426.3 -1835 0 1 71.25 0 0 0 1 1 0
L 447 145 152 422.9 -1835 0 1 71.25 0 1 0 1 1 0
L 448 152 145 433.7 -1763.75 0 -1 71.25 0 0 0 1 1 0
L 449 152 145 437.1 -1763.75 0 -1 71.25 0 1 0 1 1 0
L 450 145 146 441 -1839.4 1 0 158 1 0 1 1 0 0
L 451 146 153 608.2 -1835 0 1 71.25 0 0 0 1 0 0
L 452 146 153 604.6 -1835 0 1 71.25 0 1 0 1 0 0
L 453 153 146 611.8 -1763.75 0 -1 71.25 0 0 0 1 0 0
L 454 153 146 615.4 -1763.75 0 -1 71.25 0 1 0 1 0 0
L 455 147 154 -611.8 -1756.25 0 1 67.25 0 0 0 1 0 0
L 456 147 154 -615.4 -1756.25 0 1 67.25 0 1 0 1 0 0
L 457 154 147 -608.2 -1689 0 -1 67.25 0 0 0 1 0 0
L 458 154 147 -604.6 -1689 0 -1 67.25 0 1 0 1 0 0
L 459 148 147 -441 -1759 -1 0 158 1 0 1 1 0 1 3.5
L 460 148 155 -431.8 -1756.25 0 1 67.25 0 0 0 1 0 0
L 461 148 155 -435.4 -1756.25 0 1 67.25 0 1 0 1 0 0
L 462 155 148 -428.2 -1689 0 -1 67.25 0 0 0 1 0 0
L 463 155 148 -424.6 -1689 0 -1 67.25 0 1 0 1 0 0
L 464 149 148 -261 -1759 -1 0 158 1 0 1 1 0 1 3.5
L 465 149 156 -251.8 -1756.25 0 1 67.25 0 0 0 1 0 0
L 466 149 156 -255.4 -1756.25 0 1 67.25 0 1 0 1 0 0
L 467 156 149 -248.2 -1689 0 -1 67.25 0 0 0 1 0 0
L 468 156 149 -244.6 -1689 0 -1 67.25 0 1 0 1 0 0
L 469 151 158 248.2 -1756.25 0 1 67.25 0 0 0 1 0 0
L 470 151 158 244.6 -1756.25 0 1 67.25 0 1 0 1 0 0
L 471 158 151 251.8 -1689 0 -1 67.25 0 0 0 1 0 0
L 472 158 151 255.4 -1689 0 -1 67.25 0 1 0 1 0 0
L 473 152 151 419 -1759 -1 0 158 1 0 1 1 0 1 3.5
L 474 152 159 426.3 -1756.25 0 1 67.25 0 0 0 1 1 0
L 475 152 159 422.9 -1756.25 0 1 67.25 0 1 0 1 1 0
L 476 159 152 433.7 -1689 0 -1 67.25 0 0 0 1 1 0
L 477 159 152 437.1 -1689 0 -1 67.25 0 1 0 1 1 0
L 478 153 152 599 -1759 -1 0 158 1 0 1 1 0 1 3.5
L 479 153 160 608.2 -1756.25 0 1 67.25 0 0 0 1 0 0
L 480 153 160 604.6 -1756.25 0 1 67.25 0 1 0 1 0 0
L 481 160 153 611.8 -1689 0 -1 67.25 0 0 0 1 0 0
L 482 160 153 615.4 -1689 0 -1 67.25 0 1 0 1 0 0
L 483 154 161 -611.8 -1671 0 1 66 0 0 0 1 0 0
L 484 154 161 -615.4 -1671 0 1 66 0 1 0 1 0 0
L 485 161 154 -608.2 -1605 0 -1 66 0 0 0 1 0 0
L 486 161 154 -604.6 -1605 0 -1 66 0 1 0 1 0 0
L 487 154 155 -599 -1678.4 1 0 158 2 0 1 1 0 0
L 488 155 154 -441 -1681.6 -1 0 158 2 0 1 1 0 0
L 489 154 155 -599 -1675.1 1 0 158 2 1 1 1 0 0 2.9
L 490 155 154 -441 -1684.9 -1 0 158 2 1 1 1 0 0 2.9
L 491 155 162 -431.8 -1671 0 1 66 0 0 0 1 0 0
L 492 155 162 -435.4 -1671 0 1 66 0 1 0 1 0 0
L 493 162 155 -428.2 -1605 0 -1 66 0 0 0 1 0 0
L 494 162 155 -424.6 -1605 0 -1 66 0 1 0 1 0 0
L 495 155 156 -419 -1678.4 1 0 158 2 0 1 1 0 0
L 496 156 155 -261 -1681.6 -1 0 158 2 0 1 1 0 0
L 497 155 156 -419 -1675.1 1 0 158 2 1 1 1 0 0 2.9
L 498 156 155 -261 -1684.9 -1 0 158 2 1 1 1 0 0 2.9
L 499 156 163 -251.8 -1671 0 1 66 0 0 0 1 0 0
L 500 156 163 -255.4 -1671 0 1 66 0 1 0 1 0 0
L 501 163 156 -248.2 -1605 0 -1 66 0 0 0 1 0 0
L 502 163 156 -244.6 -1605 0 -1 66 0 1 0 1 0 0
L 503 158 165 248.2 -1671 0 1 66 0 0 0 1 0 0
L 504 158 165 244.6 -1671 0 1 66 0 1 0 1 0 0
L 505 165 158 251.8 -1605 0 -1 66 0 0 0 1 0 0
L 506 165 158 255.4 -1605 0 -1 66 0 1 0 1 0 0
L 507 158 159 261 -1678.4 1 0 158 2 0 1 1 0 0
L 508 159 158 419 -1681.6 -1 0 158 2 0 1 1 0 0
L 509 158 159 261 -1675.1 1 0 158 2 1 1 1 0 0 2.9
L 510 159 158 419 -1684.9 -1 0 158 2 1 1 1 0 0 2.9
L 511 159 166 426.3 -1671 0 1 66 0 0 0 1 1 0
L 512 159 166 422.9 -1671 0 1 66 0 1 0 1 1 0
L 513 166 159 433.7 -1605 0 -1 66 0 0 0 1 1 0
L 514 166 159 437.1 -1605 0 -1 66 0 1 0 1 1 0
L 515 159 160 441 -1678.4 1 0 158 2 0 1 1 0 0
L 516 160 159 599 -1681.6 -1 0 158 2 0 1 1 0 0
L 517 159 160 441 -1675.1 1 0 158 2 1 1 1 0 0 2.9
L 518 160 159 599 -1684.9 -1 0 158 2 1 1 1 0 0 2.9
L 519 160 167 608.2 -1671 0 1 66 0 0 0 1 0 0
L 520 160 167 604.6 -1671 0 1 66 0 1 0 1 0 0
L 521 167 160 611.8 -1605 0 -1 66 0 0 0 1 0 0
L 522 167 160 615.4 -1605 0 -1 66 0 1 0 1 0 0
L 523 161 168 -611.8 -1595 0 1 70 0 0 0 1 0 0
L 524 161 168 -615.4 -1595 0 1 70 0 1 0 1 0 0
L 525 168 161 -608.2 -1525 0 -1 70 0 0 0 1 0 0
L 526 168 161 -604.6 -1525 0 -1 70 0 1 0 1 0 0
L 527 162 161 -441 -1600.6 -1 0 158 1 0 1 1 0 0
L 528 162 169 -431.8 -1595 0 1 70 0 0 0 1 0 0
L 529 162 169 -435.4 -1595 0 1 70 0 1 0 1 0 0
L 530 169 162 -428.2 -1525 0 -1 70 0 0 0 1 0 0
L 531 169 162 -424.6 -1525 0 -1 70 0 1 0 1 0 0
L 532 163 162 -261 -1600.6 -1 0 158 1 0 1 1 0 0
L 533 163 170 -251.8 -1595 0 1 70 0 0 0 1 0 0
L 534 163 170 -255.4 -1595 0 1 70 0 1 0 1 0 0
L 535 170 163 -248.2 -1525 0 -1 70 0 0 0 1 0 0
L 536 170 163 -244.6 -1525 0 -1 70 0 1 0 1 0 0
L 537 165 172 248.2 -1595 0 1 70 0 0 0 1 0 0
L 538 165 172 244.6 -1595 0 1 70 0 1 0 1 0 0
L 539 172 165 251.8 -1525 0 -1 70 0 0 0 1 0 0
L 540 172 165 255.4 -1525 0 -1 70 0 1 0 1 0 0
L 541 166 165 419 -1600.6 -1 0 158 1 0 1 1 0 0
L 542 166 173 426.3 -1595 0 1 70 0 0 0 1 1 0
L 543 166 173 422.9 -1595 0 1 70 0 1 0 1 1 0
L 544 173 166 433.7 -1525 0 -1 70 0 0 0 1 1 0
L 545 173 166 437.1 -1525 0 -1 70 0 1 0 1 1 0
L 546 167 166 599 -1600.6 -1 0 158 1 0 1 1 0 0
L 547 167 174 608.2 -1595 0 1 70 0 0 0 1 0 0
L 548 167 174 604.6 -1595 0 1 70 0 1 0 1 0 0
L 549 174 167 611.8 -1525 0 -1 70 0 0 0 1 0 0
L 550 174 167 615.4 -1525 0 -1 70 0 1 0 1 0 0
L 551 168 175 -611.8 -1515 0 1 71.25 0 0 0 1 0 0
L 552 168 175 -615.4 -1515 0 1 71.25 0 1 0 1 0 0
L 553 175 168 -608.2 -1443.75 0 -1 71.25 0 0 0 1 0 0
L 554 175 168 -604.6 -1443.75 0 -1 71.25 0 1 0 1 0 0
L 555 168 169 -599 -1519.4 1 0 158 1 0 1 1 0 0
L 556 169 176 -431.8 -1515 0 1 71.25 0 0 0 1 0 0
L 557 169 176 -435.4 -1515 0 1 71.25 0 1 0 1 0 0
L 558 176 169 -428.2 -1443.75 0 -1 71.25 0 0 0 1 0 0
L 559 176 169 -424.6 -1443.75 0 -1 71.25 0 1 0 1 0 0
L 560 169 170 -419 -1519.4 1 0 158 1 0 1 1 0 0
L 561 170 177 -251.8 -1515 0 1 71.25 0 0 0 1 0 0
L 562 170 177 -255.4 -1515 0 1 71.25 0 1 0 1 0 0
L 563 177 170 -248.2 -1443.75 0 -1 71.25 0 0 0 1 0 0
L 564 177 170 -244.6 -1443.75 0 -1 71.25 0 1 0 1 0 0
L 565 172 179 248.2 -1515 0 1 71.25 0 0 0 1 0 0
L 566 172 179 244.6 -1515 0 1 71.25 0 1 0 1 0 0
L 567 179 172 251.8 -1443.75 0 -1 71.25 0 0 0 1 0 0
L 568 179 172 255.4 -1443.75 0 -1 71.25 0 1 0 1 0 0
L 569 172 173 261 -1519.4 1 0 158 1 0 1 1 0 0
L 570 173 180 426.3 -1515 0 1 71.25 0 0 0 1 1 0
L 571 173 180 422.9 -1515 0 1 71.25 0 1 0 1 1 0
L 572 180 173 433.7 -1443.75 0 -1 71.25 0 0 0 1 1 0
L 573 180 173 437.1 -1443.75 0 -1 71.25 0 1 0 1 1 0
L 574 173 174 441 -1519.4 1 0 158 1 0 1 1 0 0
L 575 174 181 608.2 -1515 0 1 71.25 0 0 0 1 0 0
L 576 174 181 604.6 -1515 0 1 71.25 0 1 0 1 0 0
L 577 181 174 611.8 -1443.75 0 -1 71.25 0 0 0 1 0 0
L 578 181 174 615.4 -1443.75 0 -1 71.25 0 1 0 1 0 0
L 579 175 182 -611.8 -1436.25 0 1 71.25 0 0 0 1 0 0
L 580 175 182 -615.4 -1436.25 0 1 71.25 0 1 0 1 0 0
L 581 182 175 -608.2 -1365 0 -1 71.25 0 0 0 1 0 0
L 582 182 175 -604.6 -1365 0 -1 71.25 0 1 0 1 0 0
L 583 176 175 -441 -1439 -1 0 158 1 0 1 1 0 1 3.5
L 584 176 183 -431.8 -1436.25 0 1 71.25 0 0 0 1 0 0
L 585 176 183 -435.4 -1436.25 0 1 71.25 0 1 0 1 0 0
L 586 183 176 -428.2 -1365 0 -1 71.25 0 0 0 1 0 0
L 587 183 176 -424.6 -1365 0 -1 71.25 0 1 0 1 0 0
L 588 177 176 -261 -1439 -1 0 158 1 0 1 1 0 1 3.5
L 589 177 184 -251.8 -1436.25 0 1 71.25 0 0 0 1 0 0
L 590 177 184 -255.4 -1436.25 0 1 71.25 0 1 0 1 0 0
L 591 184 177 -248.2 -1365 0 -1 71.25 0 0 0 1 0 0
L 592 184 177 -244.6 -1365 0 -1 71.25 0 1 0 1 0 0
L 593 179 186 248.2 -1436.25 0 1 71.25 0 0 0 1 0 0
L 594 179 186 244.6 -1436.25 0 1 71.25 0 1 0 1 0 0
L 595 186 179 251.8 -1365 0 -1 71.25 0 0 0 1 0 0
L 596 186 179 255.4 -1365 0 -1 71.25 0 1 0 1 0 0
L 597 180 179 419 -1439 -1 0 158 1 0 1 1 0 1 3.5
L 598 180 187 426.3 -1436.25 0 1 71.25 0 0 0 1 1 0
L 599 180 187 422.9 -1436.25 0 1 71.25 0 1 0 1 1 0
L 600 187 180 433.7 -1365 0 -1 71.25 0 0 0 1 1 0
L 601 187 180 437.1 -1365 0 -1 71.25 0 1 0 1 1 0
L 602 181 180 599 -1439 -1 0 158 1 0 1 1 0 1 3.5
L 603 181 188 608.2 -1436.25 0 1 71.25 0 0 0 1 0 0
L 604 181 188 604.6 -1436.25 0 1 71.25 0 1 0 1 0 0
L 605 188 181 611.8 -1365 0 -1 71.25 0 0 0 1 0 0
L 606 188 181 615.4 -1365 0 -1 71.25 0 1 0 1 0 0
L 607 182 189 -611.8 -1355 0 1 70 0 0 0 1 0 0
L 608 182 189 -615.4 -1355 0 1 70 0 1 0 1 0 0
L 609 189 182 -608.2 -1285 0 -1 70 0 0 0 1 0 0
L 610 189 182 -604.6 -1285 0 -1 70 0 1 0 1 0 0
L 611 182 183 -599 -1359.4 1 0 158 1 0 1 1 0 0
L 612 183 190 -431.8 -1355 0 1 70 0 0 0 1 0 0
L 613 183 190 -435.4 -1355 0 1 70 0 1 0 1 0 0
L 614 190 183 -428.2 -1285 0 -1 70 0 0 0 1 0 0
L 615 190 183 -424.6 -1285 0 -1 70 0 1 0 1 0 0
L 616 183 184 -419 -1359.4 1 0 158 1 0 1 1 0 0
L 617 184 191 -251.8 -1355 0 1 70 0 0 0 1 0 0
L 618 184 191 -255.4 -1355 0 1 70 0 1 0 1 0 0
L 619 191 184 -248.2 -1285 0 -1 70 0 0 0 1 0 0
L 620 191 184 -244.6 -1285 0 -1 70 0 1 0 1 0 0
L 621 186 193 248.2 -1355 0 1 70 0 0 0 1 0 0
L 622 186 193 244.6 -1355 0 1 70 0 1 0 1 0 0
L 623 193 186 251.8 -1285 0 -1 70 0 0 0 1 0 0
L 624 193 186 255.4 -1285 0 -1 70 0 1 0 1 0 0
L 625 186 187 261 -1359.4 1 0 158 1 0 1 1 0 0
L 626 187 194 426.3 -1355 0 1 70 0 0 0 1 1 0
L 627 187 194 422.9 -1355 0 1 70 0 1 0 1 1 0
L 628 194 187 433.7 -1285 0 -1 70 0 0 0 1 1 0
L 629 194 187 437.1 -1285 0 -1 70 0 1 0 1 1 0
L 630 187 188 441 -1359.4 1 0 158 1 0 1 1 0 0
L 631 188 195 608.2 -1355 0 1 70 0 0 0 1 0 0
L 632 188 195 604.6 -1355 0 1 70 0 1 0 1 0 0
L 633 195 188 611.8 -1285 0 -1 70 0 0 0 1 0 0
L 634 195 188 615.4 -1285 0 -1 70 0 1 0 1 0 0
L 635 189 196 -611.8 -1275 0 1 66 0 0 0 1 0 0
L 636 189 196 -615.4 -1275 0 1 66 0 1 0 1 0 0
L 637 196 189 -608.2 -1209 0 -1 66 0 0 0 1 0 0
L 638 196 189 -604.6 -1209 0 -1 66 0 1 0 1 0 0
L 639 190 189 -441 -1280.6 -1 0 158 1 0 1 1 0 0
L 640 190 197 -431.8 -1275 0 1 66 0 0 0 1 0 0
L 641 190 197 -435.4 -1275 0 1 66 0 1 0 1 0 0
L 642 197 190 -428.2 -1209 0 -1 66 0 0 0 1 0 0
L 643 197 190 -424.6 -1209 0 -1 66 0 1 0 1 0 0
L 644 191 190 -261 -1280.6 -1 0 158 1 0 1 1 0 0
L 645 191 198 -251.8 -1275 0 1 66 0 0 0 1 0 0
L 646 191 198 -255.4 -1275 0 1 66 0 1 0 1 0 0
L 647 198 191 -248.2 -1209 0 -1 66 0 0 0 1 0 0
L 648 198 191 -244.6 -1209 0 -1 66 0 1 0 1 0 0
L 649 193 200 248.2 -1275 0 1 66 0 0 0 1 0 0
L 650 193 200 244.6 -1275 0 1 66 0 1 0 1 0 0
L 651 200 193 251.8 -1209 0 -1 66 0 0 0 1 0 0
L 652 200 193 255.4 -1209 0 -1 66 0 1 0 1 0 0
L 653 194 193 419 -1280.6 -1 0 158 1 0 1 1 0 0
L 654 194 201 426.3 -1275 0 1 66 0 0 0 1 1 0
L 655 194 201 422.9 -1275 0 1 66 0 1 0 1 1 0
L 656 201 194 433.7 -1209 0 -1 66 0 0 0 1 1 0
L 657 201 194 437.1 -1209 0 -1 66 0 1 0 1 1 0
L 658 195 194 599 -1280.6 -1 0 158 1 0 1 1 0 0
L 659 195 202 608.2 -1275 0 1 66 0 0 0 1 0 0
L 660 195 202 604.6 -1275 0 1 66 0 1 0 1 0 0
L 661 202 195 611.8 -1209 0 -1 66 0 0 0 1 0 0
L 662 202 195 615.4 -1209 0 -1 66 0 1 0 1 0 0
L 663 196 203 -611.8 -1191 0 1 66 0 0 0 1 0 0
L 664 196 203 -615.4 -1191 0 1 66 0 1 0 1 0 0
L 665 203 196 -608.2 -1125 0 -1 66 0 0 0 1 0 0
L 666 203 196 -604.6 -1125 0 -1 66 0 1 0 1 0 0
L 667 196 197 -599 -1198.4 1 0 158 2 0 1 1 0 0
L 668 197 196 -441 -1201.6 -1 0 158 2 0 1 1 0 0
L 669 196 197 -599 -1195.1 1 0 158 2 1 1 1 0 0 2.9
L 670 197 196 -441 -1204.9 -1 0 158 2 1 1 1 0 0 2.9
L 671 197 204 -431.8 -1191 0 1 66 0 0 0 1 0 0
L 672 197 204 -435.4 -1191 0 1 66 0 1 0 1 0 0
L 673 204 197 -428.2 -1125 0 -1 66 0 0 0 1 0 0
L 674 204 197 -424.6 -1125 0 -1 66 0 1 0 1 0 0
L 675 197 198 -419 -1198.4 1 0 158 2 0 1 1 0 0
L 676 198 197 -261 -1201.6 -1 0 158 2 0 1 1 0 0
L 677 197 198 -419 -1195.1 1 0 158 2 1 1 1 0 0 2.9
L 678 198 197 -261 -1204.9 -1 0 158 2 1 1 1 0 0 2.9
L 679 198 205 -251.8 -1191 0 1 66 0 0 0 1 0 0
L 680 198 205 -255.4 -1191 0 1 66 0 1 0 1 0 0
L 681 205 198 -248.2 -1125 0 -1 66 0 0 0 1 0 0
L 682 205 198 -244.6 -1125 0 -1 66 0 1 0 1 0 0
L 683 200 207 248.2 -1191 0 1 66 0 0 0 1 0 0
L 684 200 207 244.6 -1191 0 1 66 0 1 0 1 0 0
L 685 207 200 251.8 -1125 0 -1 66 0 0 0 1 0 0
L 686 207 200 255.4 -1125 0 -1 66 0 1 0 1 0 0
L 687 200 201 261 -1198.4 1 0 158 2 0 1 1 0 0
L 688 201 200 419 -1201.6 -1 0 158 2 0 1 1 0 0
L 689 200 201 261 -1195.1 1 0 158 2 1 1 1 0 0 2.9
L 690 201 200 419 -1204.9 -1 0 158 2 1 1 1 0 0 2.9
L 691 201 208 426.3 -1191 0 1 66 0 0 0 1 1 0
L 692 201 208 422.9 -1191 0 1 66 0 1 0 1 1 0
L 693 208 201 433.7 -1125 0 -1 66 0 0 0 1 1 0
L 694 208 201 437.1 -1125 0 -1 66 0 1 0 1 1 0
L 695 201 202 441 -1198.4 1 0 158 2 0 1 1 0 0
L 696 202 201 599 -1201.6 -1 0 158 2 0 1 1 0 0
L 697 201 202 441 -1195.1 1 0 158 2 1 1 1 0 0 2.9
L 698 202 201 599 -1204.9 -1 0 158 2 1 1 1 0 0 2.9
L 699 202 209 608.2 -1191 0 1 66 0 0 0 1 0 0
L 700 202 209 604.6 -1191 0 1 66 0 1 0 1 0 0
L 701 209 202 611.8 -1125 0 -1 66 0 0 0 1 0 0
L 702 209 202 615.4 -1125 0 -1 66 0 1 0 1 0 0
L 703 203 210 -611.8 -1115 0 1 70 0 0 0 1 0 0
L 704 203 210 -615.4 -1115 0 1 70 0 1 0 1 0 0
L 705 210 203 -608.2 -1045 0 -1 70 0 0 0 1 0 0
L 706 210 203 -604.6 -1045 0 -1 70 0 1 0 1 0 0
L 707 204 203 -441 -1120.6 -1 0 158 1 0 1 1 0 0
L 708 204 211 -431.8 -1115 0 1 70 0 0 0 1 0 0
L 709 204 211 -435.4 -1115 0 1 70 0 1 0 1 0 0
L 710 211 204 -428.2 -1045 0 -1 70 0 0 0 1 0 0
L 711 211 204 -424.6 -1045 0 -1 70 0 1 0 1 0 0
L 712 205 204 -261 -1120.6 -1 0 158 1 0 1 1 0 0
L 713 205 212 -251.8 -1115 0 1 70 0 0 0 1 0 0
L 714 205 212 -255.4 -1115 0 1 70 0 1 0 1 0 0
L 715 212 205 -248.2 -1045 0 -1 70 0 0 0 1 0 0
L 716 212 205 -244.6 -1045 0 -1 70 0 1 0 1 0 0
L 717 207 214 248.2 -1115 0 1 70 0 0 0 1 0 0
L 718 207 214 244.6 -1115 0 1 70 0 1 0 1 0 0
L 719 214 207 251.8 -1045 0 -1 70 0 0 0 1 0 0
L 720 214 207 255.4 -1045 0 -1 70 0 1 0 1 0 0
L 721 208 207 419 -1120.6 -1 0 158 1 0 1 1 0 0
L 722 208 215 426.3 -1115 0 1 70 0 0 0 1 1 0
L 723 208 215 422.9 -1115 0 1 70 0 1 0 1 1 0
L 724 215 208 433.7 -1045 0 -1 70 0 0 0 1 1 0
L 725 215 208 437.1 -1045 0 -1 70 0 1 0 1 1 0
L 726 209 208 599 -1120.6 -1 0 158 1 0 1 1 0 0
L 727 209 216 608.2 -1115 0 1 70 0 0 0 1 0 0
L 728 209 216 604.6 -1115 0 1 70 0 1 0 1 0 0
L 729 216 209 611.8 -1045 0 -1 70 0 0 0 1 0 0
L 730 216 209 615.4 -1045 0 -1 70 0 1 0 1 0 0
L 731 210 217 -611.8 -1035 0 1 70 0 0 0 1 0 0
L 732 210 217 -615.4 -1035 0 1 70 0 1 0 1 0 0
L 733 217 210 -608.2 -965 0 -1 70 0 0 0 1 0 0
L 734 217 210 -604.6 -965 0 -1 70 0 1 0 1 0 0
L 735 210 211 -599 -1039.4 1 0 158 1 0 1 1 0 0
L 736 211 218 -431.8 -1035 0 1 70 0 0 0 1 0 0
L 737 211 218 -435.4 -1035 0 1 70 0 1 0 1 0 0
L 738 218 211 -428.2 -965 0 -1 70 0 0 0 1 0 0
L 739 218 211 -424.6 -965 0 -1 70 0 1 0 1 0 0
L 740 211 212 -419 -1039.4 1 0 158 1 0 1 1 0 0
L 741 212 219 -251.8 -1035 0 1 70 0 0 0 1 0 0
L 742 212 219 -255.4 -1035 0 1 70 0 1 0 1 0 0
L 743 219 212 -248.2 -965 0 -1 70 0 0 0 1 0 0
L 744 219 212 -244.6 -965 0 -1 70 0 1 0 1 0 0
L 745 214 221 248.2 -1035 0 1 70 0 0 0 1 0 0
L 746 214 221 244.6 -1035 0 1 70 0 1 0 1 0 0
L 747 221 214 251.8 -965 0 -1 70 0 0 0 1 0 0
L 748 221 214 255.4 -965 0 -1 70 0 1 0 1 0 0
L 749 214 215 261 -1039.4 1 0 158 1 0 1 1 0 0
L 750 215 222 426.3 -1035 0 1 70 0 0 0 1 1 0
L 751 215 222 422.9 -1035 0 1 70 0 1 0 1 1 0
L 752 222 215 433.7 -965 0 -1 70 0 0 0 1 1 0
L 753 222 215 437.1 -965 0 -1 70 0 1 0 1 1 0
L 754 215 216 441 -1039.4 1 0 158 1 0 1 1 0 0
L 755 216 223 608.2 -1035 0 1 70 0 0 0 1 0 0
L 756 216 223 604.6 -1035 0 1 70 0 1 0 1 0 0
L 757 223 216 611.8 -965 0 -1 70 0 0 0 1 0 0
L 758 223 216 615.4 -965 0 -1 70 0 1 0 1 0 0
L 759 217 224 -611.8 -955 0 1 70 0 0 0 1 0 0
L 760 217 224 -615.4 -955 0 1 70 0 1 0 1 0 0
L 761 224 217 -608.2 -885 0 -1 70 0 0 0 1 0 0
L 762 224 217 -604.6 -885 0 -1 70 0 1 0 1 0 0
L 763 218 217 -441 -960.6 -1 0 158 1 0 1 1 0 0
L 764 218 225 -431.8 -955 0 1 70 0 0 0 1 0 0
L 765 218 225 -435.4 -955 0 1 70 0 1 0 1 0 0
L 766 225 218 -428.2 -885 0 -1 70 0 0 0 1 0 0
L 767 225 218 -424.6 -885 0 -1 70 0 1 0 1 0 0
L 768 219 218 -261 -960.6 -1 0 158 1 0 1 1 0 0
L 769 219 226 -251.8 -955 0 1 70 0 0 0 1 0 0
L 770 219 226 -255.4 -955 0 1 70 0 1 0 1 0 0
L 771 226 219 -248.2 -885 0 -1 70 0 0 0 1 0 0
L 772 226 219 -244.6 -885 0 -1 70 0 1 0 1 0 0
L 773 221 228 248.2 -955 0 1 70 0 0 0 1 0 0
L 774 221 228 244.6 -955 0 1 70 0 1 0 1 0 0
L 775 228 221 251.8 -885 0 -1 70 0 0 0 1 0 0
L 776 228 221 255.4 -885 0 -1 70 0 1 0 1 0 0
L 777 222 221 419 -960.6 -1 0 158 1 0 1 1 0 0
L 778 222 229 426.3 -955 0 1 70 0 0 0 1 1 0
L 779 222 229 422.9 -955 0 1 70 0 1 0 1 1 0
L 780 229 222 433.7 -885 0 -1 70 0 0 0 1 1 0
L 781 229 222 437.1 -885 0 -1 70 0 1 0 1 1 0
L 782 223 222 599 -960.6 -1 0 158 1 0 1 1 0 0
L 783 223 230 608.2 -955 0 1 70 0 0 0 1 0 0
L 784 223 230 604.6 -955 0 1 70 0 1 0 1 0 0
L 785 230 223 611.8 -885 0 -1 70 0 0 0 1 0 0
L 786 230 223 615.4 -885 0 -1 70 0 1 0 1 0 0
L 787 224 231 -611.8 -875 0 1 70 0 0 0 1 0 0
L 788 224 231 -615.4 -875 0 1 70 0 1 0 1 0 0
L 789 231 224 -608.2 -805 0 -1 70 0 0 0 1 0 0
L 790 231 224 -604.6 -805 0 -1 70 0 1 0 1 0 0
L 791 224 225 -599 -879.4 1 0 158 1 0 1 1 0 0
L 792 225 232 -431.8 -875 0 1 70 0 0 0 1 0 0
L 793 225 232 -435.4 -875 0 1 70 0 1 0 1 0 0
L 794 232 225 -428.2 -805 0 -1 70 0 0 0 1 0 0
L 795 232 225 -424.6 -805 0 -1 70 0 1 0 1 0 0
L 796 225 226 -419 -879.4 1 0 158 1 0 1 1 0 0
L 797 226 233 -251.8 -875 0 1 70 0 0 0 1 0 0
L 798 226 233 -255.4 -875 0 1 70 0 1 0 1 0 0
L 799 233 226 -248.2 -805 0 -1 70 0 0 0 1 0 0
L 800 233 226 -244.6 -805 0 -1 70 0 1 0 1 0 0
L 801 228 235 248.2 -875 0 1 70 0 0 0 1 0 0
L 802 228 235 244.6 -875 0 1 70 0 1 0 1 0 0
L 803 235 228 251.8 -805 0 -1 70 0 0 0 1 0 0
L 804 235 228 255.4 -805 0 -1 70 0 1 0 1 0 0
L 805 228 229 261 -879.4 1 0 158 1 0 1 1 0 0
L 806 229 236 426.3 -875 0 1 70 0 0 0 1 1 0
L 807 229 236 422.9 -875 0 1 70 0 1 0 1 1 0
L 808 236 229 433.7 -805 0 -1 70 0 0 0 1 1 0
L 809 236 229 437.1 -805 0 -1 70 0 1 0 1 1 0
L 810 229 230 441 -879.4 1 0 158 1 0 1 1 0 0
L 811 230 237 608.2 -875 0 1 70 0 0 0 1 0 0
L 812 230 237 604.6 -875 0 1 70 0 1 0 1 0 0
L 813 237 230 611.8 -805 0 -1 70 0 0 0 1 0 0
L 814 237 230 615.4 -805 0 -1 70 0 1 0 1 0 0
L 815 231 238 -611.8 -795 0 1 70 0 0 0 1 0 0
L 816 231 238 -615.4 -795 0 1 70 0 1 0 1 0 0
L 817 238 231 -608.2 -725 0 -1 70 0 0 0 1 0 0
L 818 238 231 -604.6 -725 0 -1 70 0 1 0 1 0 0
L 819 232 231 -441 -800.6 -1 0 158 1 0 1 1 0 0
L 820 232 239 -431.8 -795 0 1 70 0 0 0 1 0 0
L 821 232 239 -435.4 -795 0 1 70 0 1 0 1 0 0
L 822 239 232 -428.2 -725 0 -1 70 0 0 0 1 0 0
L 823 239 232 -424.6 -725 0 -1 70 0 1 0 1 0 0
L 824 233 232 -261 -800.6 -1 0 158 1 0 1 1 0 0
L 825 233 240 -251.8 -795 0 1 70 0 0 0 1 0 0
L 826 233 240 -255.4 -795 0 1 70 0 1 0 1 0 0
L 827 240 233 -248.2 -725 0 -1 70 0 0 0 1 0 0
L 828 240 233 -244.6 -725 0 -1 70 0 1 0 1 0 0
L 829 235 242 248.2 -795 0 1 70 0 0 0 1 0 0
L 830 235 242 244.6 -795 0 1 70 0 1 0 1 0 0
L 831 242 235 251.8 -725 0 -1 70 0 0 0 1 0 0
L 832 242 235 255.4 -725 0 -1 70 0 1 0 1 0 0
L 833 236 235 419 -800.6 -1 0 158 1 0 1 1 0 0
L 834 236 243 426.3 -795 0 1 70 0 0 0 1 1 0
L 835 236 243 422.9 -795 0 1 70 0 1 0 1 1 0
L 836 243 236 433.7 -725 0 -1 70 0 0 0 1 1 0
L 837 243 236 437.1 -725 0 -1 70 0 1 0 1 1 0
L 838 237 236 599 -800.6 -1 0 158 1 0 1 1 0 0
L 839 237 244 608.2 -795 0 1 70 0 0 0 1 0 0
L 840 237 244 604.6 -795 0 1 70 0 1 0 1 0 0
L 841 244 237 611.8 -725 0 -1 70 0 0 0 1 0 0
L 842 244 237 615.4 -725 0 -1 70 0 1 0 1 0 0
L 843 238 245 -611.8 -715 0 1 70 0 0 0 1 0 0
L 844 238 245 -615.4 -715 0 1 70 0 1 0 1 0 0
L 845 245 238 -608.2 -645 0 -1 70 0 0 0 1 0 0
L 846 245 238 -604.6 -645 0 -1 70 0 1 0 1 0 0
L 847 238 239 -599 -719.4 1 0 158 1 0 1 1 0 0
L 848 239 246 -431.8 -715 0 1 70 0 0 0 1 0 0
L 849 239 246 -435.4 -715 0 1 70 0 1 0 1 0 0
L 850 246 239 -428.2 -645 0 -1 70 0 0 0 1 0 0
L 851 246 239 -424.6 -645 0 -1 70 0 1 0 1 0 0
L 852 239 240 -419 -719.4 1 0 158 1 0 1 1 0 0
L 853 240 247 -251.8 -715 0 1 70 0 0 0 1 0 0
L 854 240 247 -255.4 -715 0 1 70 0 1 0 1 0 0
L 855 247 240 -248.2 -645 0 -1 70 0 0 0 1 0 0
L 856 247 240 -244.6 -645 0 -1 70 0 1 0 1 0 0
L 857 242 797 248.2 -715 0 1 22.2 0 0 0 0 0 0
L 858 242 797 244.6 -715 0 1 22.2 0 1 0 0 0 0
L 859 249 797 251.8 -645 0 -1 22.2 0 0 0 0 0 0
L 860 249 797 255.4 -645 0 -1 22.2 0 1 0 0 0 0
L 861 242 243 261 -719.4 1 0 158 1 0 1 1 0 0
L 862 243 250 428.2 -715 0 1 70 0 0 0 1 0 0
L 863 243 250 424.6 -715 0 1 70 0 1 0 1 0 0
L 864 250 243 431.8 -645 0 -1 70 0 0 0 1 0 0
L 865 250 243 435.4 -645 0 -1 70 0 1 0 1 0 0
L 866 243 244 441 -719.4 1 0 158 1 0 1 1 0 0
L 867 244 251 608.2 -715 0 1 70 0 0 0 1 0 0
L 868 244 251 604.6 -715 0 1 70 0 1 0 1 0 0
L 869 251 244 611.8 -645 0 -1 70 0 0 0 1 0 0
L 870 251 244 615.4 -645 0 -1 70 0 1 0 1 0 0
L 871 245 252 -611.8 -635 0 1 70 0 0 0 1 0 0
L 872 245 252 -615.4 -635 0 1 70 0 1 0 1 0 0
L 873 252 245 -608.2 -565 0 -1 70 0 0 0 1 0 0
L 874 252 245 -604.6 -565 0 -1 70 0 1 0 1 0 0
L 875 246 245 -441 -640.6 -1 0 158 1 0 1 1 0 0
L 876 246 253 -431.8 -635 0 1 70 0 0 0 1 0 0
L 877 246 253 -435.4 -635 0 1 70 0 1 0 1 0 0
L 878 253 246 -428.2 -565 0 -1 70 0 0 0 1 0 0
L 879 253 246 -424.6 -565 0 -1 70 0 1 0 1 0 0
L 880 247 246 -261 -640.6 -1 0 158 1 0 1 1 0 0
L 881 247 254 -251.8 -635 0 1 59.5 0 0 0 1 0 0
L 882 247 254 -255.4 -635 0 1 60.5 0 1 0 1 0 0
L 883 254 247 -248.2 -575.5 0 -1 59.5 0 0 0 1 0 0
L 884 254 247 -244.6 -574.5 0 -1 60.5 0 1 0 1 0 0
L 885 249 256 248.2 -635 0 1 70 0 0 0 1 0 0
L 886 249 256 244.6 -635 0 1 70 0 1 0 1 0 0
L 887 256 249 251.8 -565 0 -1 70 0 0 0 1 0 0
L 888 256 249 255.4 -565 0 -1 70 0 1 0 1 0 0
L 889 250 249 419 -640.6 -1 0 158 1 0 1 1 0 0
L 890 250 257 426.3 -635 0 1 70 0 0 0 1 1 0
L 891 250 257 422.9 -635 0 1 70 0 1 0 1 1 0
L 892 257 250 433.7 -565 0 -1 70 0 0 0 1 1 0
L 893 257 250 437.1 -565 0 -1 70 0 1 0 1 1 0
L 894 251 250 599 -640.6 -1 0 158 1 0 1 1 0 0
L 895 251 258 608.2 -635 0 1 70 0 0 0 1 0 0
L 896 251 258 604.6 -635 0 1 70 0 1 0 1 0 0
L 897 258 251 611.8 -565 0 -1 70 0 0 0 1 0 0
L 898 258 251 615.4 -565 0 -1 70 0 1 0 1 0 0
L 899 252 259 -611.8 -555 0 1 66 0 0 0 1 0 0
L 900 252 259 -615.4 -555 0 1 66 0 1 0 1 0 0
L 901 259 252 -608.2 -489 0 -1 66 0 0 0 1 0 0
L 902 259 252 -604.6 -489 0 -1 66 0 1 0 1 0 0
L 903 252 253 -599 -559.4 1 0 158 1 0 1 1 0 0
L 904 253 260 -431.8 -555 0 1 66 0 0 0 1 0 0
L 905 253 260 -435.4 -555 0 1 66 0 1 0 1 0 0
L 906 260 253 -428.2 -489 0 -1 66 0 0 0 1 0 0
L 907 260 253 -424.6 -489 0 -1 66 0 1 0 1 0 0
L 908 253 254 -419 -559.4 1 0 153.5 1 0 1 1 0 0
L 909 254 261 -251.8 -544.5 0 1 55.5 0 0 0 1 0 0
L 910 254 261 -255.4 -545.5 0 1 56.5 0 1 0 1 0 0
L 911 261 254 -248.2 -489 0 -1 55.5 0 0 0 1 0 0
L 912 261 254 -244.6 -489 0 -1 56.5 0 1 0 1 0 0
L 913 254 255 -234.5 -559.4 1 0 223.5 1 0 1 1 0 0
L 914 255 262 -1.8 -555 0 1 66 0 0 0 1 0 0
L 915 255 262 -5.4 -555 0 1 66 0 1 0 1 0 0
L 916 262 255 1.8 -489 0 -1 66 0 0 0 1 0 0
L 917 262 255 5.4 -489 0 -1 66 0 1 0 1 0 0
L 918 255 256 11 -559.4 1 0 228 1 0 1 1 0 0
L 919 256 263 248.2 -555 0 1 66 0 0 0 1 0 0
L 920 256 263 244.6 -555 0 1 66 0 1 0 1 0 0
L 921 263 256 251.8 -489 0 -1 66 0 0 0 1 0 0
L 922 263 256 255.4 -489 0 -1 66 0 1 0 1 0 0
L 923 256 257 261 -559.4 1 0 158 1 0 1 1 0 0
L 924 257 264 426.3 -555 0 1 66 0 0 0 1 1 0
L 925 257 264 422.9 -555 0 1 66 0 1 0 1 1 0
L 926 264 257 433.7 -489 0 -1 66 0 0 0 1 1 0
L 927 264 257 437.1 -489 0 -1 66 0 1 0 1 1 0
L 928 257 258 441 -559.4 1 0 158 1 0 1 1 0 0
L 929 258 265 608.2 -555 0 1 66 0 0 0 1 0 0
L 930 258 265 604.6 -555 0 1 66 0 1 0 1 0 0
L 931 265 258 611.8 -489 0 -1 66 0 0 0 1 0 0
L 932 265 258 615.4 -489 0 -1 66 0 1 0 1 0 0
L 933 259 266 -611.8 -471 0 1 66 0 0 0 1 0 0
L 934 259 266 -615.4 -471 0 1 66 0 1 0 1 0 0
L 935 266 259 -608.2 -405 0 -1 66 0 0 0 1 0 0
L 936 266 259 -604.6 -405 0 -1 66 0 1 0 1 0 0
L 937 259 260 -599 -478.4 1 0 158 2 0 1 1 0 0
L 938 260 259 -441 -481.6 -1 0 158 2 0 1 1 0 0
L 939 259 260 -599 -475.1 1 0 158 2 1 1 1 0 0 2.9
L 940 260 259 -441 -484.9 -1 0 158 2 1 1 1 0 0 2.9
L 941 260 267 -431.8 -471 0 1 66 0 0 0 1 0 0
L 942 260 267 -435.4 -471 0 1 66 0 1 0 1 0 0
L 943 267 260 -428.2 -405 0 -1 66 0 0 0 1 0 0
L 944 267 260 -424.6 -405 0 -1 66 0 1 0 1 0 0
L 945 260 261 -419 -478.4 1 0 158 2 0 1 1 0 0
L 946 261 260 -261 -481.6 -1 0 158 2 0 1 1 0 0
L 947 260 261 -419 -475.1 1 0 158 2 1 1 1 0 0 2.9
L 948 261 260 -261 -484.9 -1 0 158 2 1 1 1 0 0 2.9
L 949 261 268 -251.8 -471 0 1 66 0 0 0 1 0 0
L 950 261 268 -255.4 -471 0 1 66 0 1 0 1 0 0
L 951 268 261 -248.2 -405 0 -1 66 0 0 0 1 0 0
L 952 268 261 -244.6 -405 0 -1 66 0 1 0 1 0 0
L 953 261 262 -239 -478.4 1 0 228 2 0 1 1 0 0
L 954 262 261 -11 -481.6 -1 0 228 2 0 1 1 0 0
L 955 261 262 -239 -475.1 1 0 228 2 1 1 1 0 0 2.9
L 956 262 261 -11 -484.9 -1 0 228 2 1 1 1 0 0 2.9
L 957 262 269 -1.8 -471 0 1 66 0 0 0 1 0 0
L 958 262 269 -5.4 -471 0 1 66 0 1 0 1 0 0
L 959 269 262 1.8 -405 0 -1 66 0 0 0 1 0 0
L 960 269 262 5.4 -405 0 -1 66 0 1 0 1 0 0
L 961 262 263 11 -478.4 1 0 228 2 0 1 1 0 0
L 962 263 262 239 -481.6 -1 0 228 2 0 1 1 0 0
L 963 262 263 11 -475.1 1 0 228 2 1 1 1 0 0 2.9
L 964 263 262 239 -484.9 -1 0 228 2 1 1 1 0 0 2.9
L 965 263 270 248.2 -471 0 1 66 0 0 0 1 0 0
L 966 263 270 244.6 -471 0 1 66 0 1 0 1 0 0
L 967 270 263 251.8 -405 0 -1 66 0 0 0 1 0 0
L 968 270 263 255.4 -405 0 -1 66 0 1 0 1 0 0
L 969 263 264 261 -478.4 1 0 158 2 0 1 1 0 0
L 970 264 263 419 -481.6 -1 0 158 2 0 1 1 0 0
L 971 263 264 261 -475.1 1 0 158 2 1 1 1 0 0 2.9
L 972 264 263 419 -484.9 -1 0 158 2 1 1 1 0 0 2.9
L 973 264 271 426.3 -471 0 1 66 0 0 0 1 1 0
L 974 264 271 422.9 -471 0 1 66 0 1 0 1 1 0
L 975 271 264 433.7 -405 0 -1 66 0 0 0 1 1 0
L 976 271 264 437.1 -405 0 -1 66 0 1 0 1 1 0
L 977 264 265 441 -478.4 1 0 158 2 0 1 1 0 0
L 978 265 264 599 -481.6 -1 0 158 2 0 1 1 0 0
L 979 264 265 441 -475.1 1 0 158 2 1 1 1 0 0 2.9
L 980 265 264 599 -484.9 -1 0 158 2 1 1 1 0 0 2.9
L 981 265 272 608.2 -471 0 1 66 0 0 0 1 0 0
L 982 265 272 604.6 -471 0 1 66 0 1 0 1 0 0
L 983 272 265 611.8 -405 0 -1 66 0 0 0 1 0 0
L 984 272 265 615.4 -405 0 -1 66 0 1 0 1 0 0
L 985 266 273 -611.8 -395 0 1 70 0 0 0 1 0 0
L 986 266 273 -615.4 -395 0 1 70 0 1 0 1 0 0
L 987 273 266 -608.2 -325 0 -1 70 0 0 0 1 0 0
L 988 273 266 -604.6 -325 0 -1 70 0 1 0 1 0 0
L 989 266 267 -599 -399.4 1 0 158 1 0 1 1 0 0
L 990 267 274 -431.8 -395 0 1 70 0 0 0 1 0 0
L 991 267 274 -435.4 -395 0 1 70 0 1 0 1 0 0
L 992 274 267 -428.2 -325 0 -1 70 0 0 0 1 0 0
L 993 274 267 -424.6 -325 0 -1 70 0 1 0 1 0 0
L 994 267 268 -419 -399.4 1 0 158 1 0 1 1 0 0
L 995 268 275 -251.8 -395 0 1 70 0 0 0 1 0 0
L 996 268 275 -255.4 -395 0 1 70 0 1 0 1 0 0
L 997 275 268 -248.2 -325 0 -1 70 0 0 0 1 0 0
L 998 275 268 -244.6 -325 0 -1 70 0 1 0 1 0 0
L 999 268 269 -239 -399.4 1 0 228 1 0 1 1 0 0
L 1000 269 276 -1.8 -395 0 1 70 0 0 0 1 0 0
L 1001 269 276 -5.4 -395 0 1 70 0 1 0 1 0 0
L 1002 276 269 1.8 -325 0 -1 70 0 0 0 1 0 0
L 1003 276 269 5.4 -325 0 -1 70 0 1 0 1 0 0
L 1004 269 270 11 -399.4 1 0 228 1 0 1 1 0 0
L 1005 270 277 248.2 -395 0 1 70 0 0 0 1 0 0
L 1006 270 277 244.6 -395 0 1 70 0 1 0 1 0 0
L 1007 277 270 251.8 -325 0 -1 70 0 0 0 1 0 0
L 1008 277 270 255.4 -325 0 -1 70 0 1 0 1 0 0
L 1009 270 271 261 -399.4 1 0 158 1 0 1 1 0 0
L 1010 271 278 426.3 -395 0 1 70 0 0 0 1 1 0
L 1011 271 278 422.9 -395 0 1 70 0 1 0 1 1 0
L 1012 278 271 433.7 -325 0 -1 70 0 0 0 1 1 0
L 1013 278 271 437.1 -325 0 -1 70 0 1 0 1 1 0
L 1014 271 272 441 -399.4 1 0 158 1 0 1 1 0 0
L 1015 272 279 608.2 -395 0 1 70 0 0 0 1 0 0
L 1016 272 279 604.6 -395 0 1 70 0 1 0 1 0 0
L 1017 279 272 611.8 -325 0 -1 70 0 0 0 1 0 0
L 1018 279 272 615.4 -325 0 -1 70 0 1 0 1 0 0
L 1019 273 280 -611.8 -315 0 1 70 0 0 0 1 0 0
L 1020 273 280 -615.4 -315 0 1 70 0 1 0 1 0 0
L 1021 280 273 -608.2 -245 0 -1 70 0 0 0 1 0 0
L 1022 280 273 -604.6 -245 0 -1 70 0 1 0 1 0 0
L 1023 274 273 -441 -320.6 -1 0 158 1 0 1 1 0 0
L 1024 274 281 -431.8 -315 0 1 70 0 0 0 1 0 0
L 1025 274 281 -435.4 -315 0 1 70 0 1 0 1 0 0
L 1026 281 274 -428.2 -245 0 -1 70 0 0 0 1 0 0
L 1027 281 274 -424.6 -245 0 -1 70 0 1 0 1 0 0
L 1028 275 274 -261 -320.6 -1 0 158 1 0 1 1 0 0
L 1029 275 282 -251.8 -315 0 1 70 0 0 0 1 0 0
L 1030 275 282 -255.4 -315 0 1 70 0 1 0 1 0 0
L 1031 282 275 -248.2 -245 0 -1 70 0 0 0 1 0 0
L 1032 282 275 -244.6 -245 0 -1 70 0 1 0 1 0 0
L 1033 276 275 -11 -320.6 -1 0 228 1 0 1 1 0 0
L 1034 276 283 -1.8 -315 0 1 70 0 0 0 1 0 0
L 1035 276 283 -5.4 -315 0 1 70 0 1 0 1 0 0
L 1036 283 276 1.8 -245 0 -1 70 0 0 0 1 0 0
L 1037 283 276 5.4 -245 0 -1 70 0 1 0 1 0 0
L 1038 277 276 239 -320.6 -1 0 228 1 0 1 1 0 0
L 1039 277 284 248.2 -315 0 1 70 0 0 0 1 0 0
L 1040 277 284 244.6 -315 0 1 70 0 1 0 1 0 0
L 1041 284 277 251.8 -245 0 -1 70 0 0 0 1 0 0
L 1042 284 277 255.4 -245 0 -1 70 0 1 0 1 0 0
L 1043 278 277 419 -320.6 -1 0 158 1 0 1 1 0 0
L 1044 278 285 428.2 -315 0 1 70 0 0 0 1 0 0
L 1045 278 285 424.6 -315 0 1 70 0 1 0 1 0 0
L 1046 285 278 431.8 -245 0 -1 70 0 0 0 1 0 0
L 1047 285 278 435.4 -245 0 -1 70 0 1 0 1 0 0
L 1048 279 278 599 -320.6 -1 0 158 1 0 1 1 0 0
L 1049 279 286 608.2 -315 0 1 70 0 0 0 1 0 0
L 1050 279 286 604.6 -315 0 1 70 0 1 0 1 0 0
L 1051 286 279 611.8 -245 0 -1 70 0 0 0 1 0 0
L 1052 286 279 615.4 -245 0 -1 70 0 1 0 1 0 0
L 1053 280 287 -611.8 -235 0 1 70 0 0 0 1 0 0
L 1054 280 287 -615.4 -235 0 1 70 0 1 0 1 0 0
L 1055 287 280 -608.2 -165 0 -1 70 0 0 0 1 0 0
L 1056 287 280 -604.6 -165 0 -1 70 0 1 0 1 0 0
L 1057 280 281 -599 -239.4 1 0 158 1 0 1 1 0 0
L 1058 281 288 -431.8 -235 0 1 70 0 0 0 1 0 0
L 1059 281 288 -435.4 -235 0 1 70 0 1 0 1 0 0
L 1060 288 281 -428.2 -165 0 -1 70 0 0 0 1 0 0
L 1061 288 281 -424.6 -165 0 -1 70 0 1 0 1 0 0
L 1062 281 282 -419 -239.4 1 0 158 1 0 1 1 0 0
L 1063 282 289 -251.8 -235 0 1 70 0 0 0 1 0 0
L 1064 282 289 -255.4 -235 0 1 70 0 1 0 1 0 0
L 1065 289 282 -248.2 -165 0 -1 70 0 0 0 1 0 0
L 1066 289 282 -244.6 -165 0 -1 70 0 1 0 1 0 0
L 1067 282 283 -239 -239.4 1 0 228 1 0 1 1 0 0
L 1068 283 290 -1.8 -235 0 1 70 0 0 0 1 0 0
L 1069 283 290 -5.4 -235 0 1 70 0 1 0 1 0 0
L 1070 290 283 1.8 -165 0 -1 70 0 0 0 1 0 0
L 1071 290 283 5.4 -165 0 -1 70 0 1 0 1 0 0
L 1072 283 284 11 -239.4 1 0 228 1 0 1 1 0 0
L 1073 284 291 248.2 -235 0 1 70 0 0 0 1 0 0
L 1074 284 291 244.6 -235 0 1 70 0 1 0 1 0 0
L 1075 291 284 251.8 -165 0 -1 70 0 0 0 1 0 0
L 1076 291 284 255.4 -165 0 -1 70 0 1 0 1 0 0
L 1077 284 285 261 -239.4 1 0 158 1 0 1 1 0 0
L 1078 285 292 428.2 -235 0 1 70 0 0 0 1 0 0
L 1079 285 292 424.6 -235 0 1 70 0 1 0 1 0 0
L 1080 292 285 431.8 -165 0 -1 70 0 0 0 1 0 0
L 1081 292 285 435.4 -165 0 -1 70 0 1 0 1 0 0
L 1082 285 286 441 -239.4 1 0 158 1 0 1 1 0 0
L 1083 286 293 608.2 -235 0 1 70 0 0 0 1 0 0
L 1084 286 293 604.6 -235 0 1 70 0 1 0 1 0 0
L 1085 293 286 611.8 -165 0 -1 70 0 0 0 1 0 0
L 1086 293 286 615.4 -165 0 -1 70 0 1 0 1 0 0
L 1087 287 294 -611.8 -155 0 1 70 0 0 0 1 0 0
L 1088 287 294 -615.4 -155 0 1 70 0 1 0 1 0 0
L 1089 294 287 -608.2 -85 0 -1 70 0 0 0 1 0 0
L 1090 294 287 -604.6 -85 0 -1 70 0 1 0 1 0 0
L 1091 288 287 -441 -160.6 -1 0 158 1 0 1 1 0 0
L 1092 288 295 -431.8 -155 0 1 70 0 0 0 1 0 0
L 1093 288 295 -435.4 -155 0 1 70 0 1 0 1 0 0
L 1094 295 288 -428.2 -85 0 -1 70 0 0 0 1 0 0
L 1095 295 288 -424.6 -85 0 -1 70 0 1 0 1 0 0
L 1096 289 288 -261 -160.6 -1 0 158 1 0 1 1 0 0
L 1097 289 296 -251.8 -155 0 1 70 0 0 0 1 0 0
L 1098 289 296 -255.4 -155 0 1 70 0 1 0 1 0 0
L 1099 296 289 -248.2 -85 0 -1 70 0 0 0 1 0 0
L 1100 296 289 -244.6 -85 0 -1 70 0 1 0 1 0 0
L 1101 290 289 -11 -160.6 -1 0 228 1 0 1 1 0 0
L 1102 290 297 -1.8 -155 0 1 70 0 0 0 1 0 0
L 1103 290 297 -5.4 -155 0 1 70 0 1 0 1 0 0
L 1104 297 290 1.8 -85 0 -1 70 0 0 0 1 0 0
L 1105 297 290 5.4 -85 0 -1 70 0 1 0 1 0 0
L 1106 291 290 239 -160.6 -1 0 228 1 0 1 1 0 0
L 1107 291 298 248.2 -155 0 1 70 0 0 0 1 0 0
L 1108 291 298 244.6 -155 0 1 70 0 1 0 1 0 0
L 1109 298 291 251.8 -85 0 -1 70 0 0 0 1 0 0
L 1110 298 291 255.4 -85 0 -1 70 0 1 0 1 0 0
L 1111 292 291 419 -160.6 -1 0 158 1 0 1 1 0 0
L 1112 293 292 599 -160.6 -1 0 158 1 0 1 1 0 0
L 1113 293 300 608.2 -155 0 1 70 0 0 0 1 0 0
L 1114 293 300 604.6 -155 0 1 70 0 1 0 1 0 0
L 1115 300 293 611.8 -85 0 -1 70 0 0 0 1 0 0
L 1116 300 293 615.4 -85 0 -1 70 0 1 0 1 0 0
L 1117 294 301 -611.8 -75 0 1 70 0 0 0 1 0 0
L 1118 294 301 -615.4 -75 0 1 70 0 1 0 1 0 0
L 1119 301 294 -608.2 -5 0 -1 70 0 0 0 1 0 0
L 1120 301 294 -604.6 -5 0 -1 70 0 1 0 1 0 0
L 1121 294 295 -599 -79.4 1 0 158 1 0 1 1 0 0
L 1122 295 302 -431.8 -75 0 1 70 0 0 0 1 0 0
L 1123 295 302 -435.4 -75 0 1 70 0 1 0 1 0 0
L 1124 302 295 -428.2 -5 0 -1 70 0 0 0 1 0 0
L 1125 302 295 -424.6 -5 0 -1 70 0 1 0 1 0 0
L 1126 295 296 -419 -79.4 1 0 158 1 0 1 1 0 0
L 1127 296 303 -251.8 -75 0 1 70 0 0 0 1 0 0
L 1128 296 303 -255.4 -75 0 1 70 0 1 0 1 0 0
L 1129 303 296 -248.2 -5 0 -1 70 0 0 0 1 0 0
L 1130 303 296 -244.6 -5 0 -1 70 0 1 0 1 0 0
L 1131 296 297 -239 -79.4 1 0 228 1 0 1 1 0 0
L 1132 297 298 11 -79.4 1 0 228 1 0 1 1 0 0
L 1133 298 305 248.2 -75 0 1 70 0 0 0 1 0 0
L 1134 298 305 244.6 -75 0 1 70 0 1 0 1 0 0
L 1135 305 298 251.8 -5 0 -1 70 0 0 0 1 0 0
L 1136 305 298 255.4 -5 0 -1 70 0 1 0 1 0 0
L 1137 298 299 261 -79.4 1 0 158 1 0 1 1 0 0
L 1138 299 306 428.2 -75 0 1 70 0 0 0 1 0 0
L 1139 299 306 424.6 -75 0 1 70 0 1 0 1 0 0
L 1140 306 299 431.8 -5 0 -1 70 0 0 0 1 0 0
L 1141 306 299 435.4 -5 0 -1 70 0 1 0 1 0 0
L 1142 299 300 441 -79.4 1 0 158 1 0 1 1 0 0
L 1143 300 307 608.2 -75 0 1 70 0 0 0 1 0 0
L 1144 300 307 604.6 -75 0 1 70 0 1 0 1 0 0
L 1145 307 300 611.8 -5 0 -1 70 0 0 0 1 0 0
L 1146 307 300 615.4 -5 0 -1 70 0 1 0 1 0 0
L 1147 301 308 -611.8 5 0 1 71.25 0 0 0 1 0 0
L 1148 301 308 -615.4 5 0 1 71.25 0 1 0 1 0 0
L 1149 308 301 -608.2 76.25 0 -1 71.25 0 0 0 1 0 0
L 1150 308 301 -604.6 76.25 0 -1 71.25 0 1 0 1 0 0
L 1151 302 301 -441 -0.6 -1 0 158 1 0 1 1 0 0
L 1152 302 309 -431.8 5 0 1 71.25 0 0 0 1 0 0
L 1153 302 309 -435.4 5 0 1 71.25 0 1 0 1 0 0
L 1154 309 302 -428.2 76.25 0 -1 71.25 0 0 0 1 0 0
L 1155 309 302 -424.6 76.25 0 -1 71.25 0 1 0 1 0 0
L 1156 303 302 -261 -0.6 -1 0 158 1 0 1 1 0 0
L 1157 303 310 -251.8 5 0 1 71.25 0 0 0 1 0 0
L 1158 303 310 -255.4 5 0 1 71.25 0 1 0 1 0 0
L 1159 310 303 -248.2 76.25 0 -1 71.25 0 0 0 1 0 0
L 1160 310 303 -244.6 76.25 0 -1 71.25 0 1 0 1 0 0
L 1161 304 303 -11 -0.6 -1 0 228 1 0 1 1 0 0
L 1162 304 311 -1.8 5 0 1 71.25 0 0 0 1 0 0
L 1163 304 311 -5.4 5 0 1 71.25 0 1 0 1 0 0
L 1164 311 304 1.8 76.25 0 -1 71.25 0 0 0 1 0 0
L 1165 311 304 5.4 76.25 0 -1 71.25 0 1 0 1 0 0
L 1166 305 304 239 -0.6 -1 0 228 1 0 1 1 0 0
L 1167 305 312 248.2 5 0 1 71.25 0 0 0 1 0 0
L 1168 305 312 244.6 5 0 1 71.25 0 1 0 1 0 0
L 1169 312 305 251.8 76.25 0 -1 71.25 0 0 0 1 0 0
L 1170 312 305 255.4 76.25 0 -1 71.25 0 1 0 1 0 0
L 1171 306 305 419 -0.6 -1 0 158 1 0 1 1 0 0
L 1172 306 313 428.2 5 0 1 71.25 0 0 0 1 0 0
L 1173 306 313 424.6 5 0 1 71.25 0 1 0 1 0 0
L 1174 313 306 431.8 76.25 0 -1 71.25 0 0 0 1 0 0
L 1175 313 306 435.4 76.25 0 -1 71.25 0 1 0 1 0 0
L 1176 307 306 599 -0.6 -1 0 158 1 0 1 1 0 0
L 1177 307 314 608.2 5 0 1 71.25 0 0 0 1 0 0
L 1178 307 314 604.6 5 0 1 71.25 0 1 0 1 0 0
L 1179 314 307 611.8 76.25 0 -1 71.25 0 0 0 1 0 0
L 1180 314 307 615.4 76.25 0 -1 71.25 0 1 0 1 0 0
L 1181 308 315 -611.8 83.75 0 1 71.25 0 0 0 1 0 0
L 1182 308 315 -615.4 83.75 0 1 71.25 0 1 0 1 0 0
L 1183 315 308 -608.2 155 0 -1 71.25 0 0 0 1 0 0
L 1184 315 308 -604.6 155 0 -1 71.25 0 1 0 1 0 0
L 1185 308 309 -599 79 1 0 158 1 0 1 1 0 1 3.5
L 1186 309 316 -431.8 83.75 0 1 71.25 0 0 0 1 0 0
L 1187 309 316 -435.4 83.75 0 1 71.25 0 1 0 1 0 0
L 1188 316 309 -428.2 155 0 -1 71.25 0 0 0 1 0 0
L 1189 316 309 -424.6 155 0 -1 71.25 0 1 0 1 0 0
L 1190 309 310 -419 79 1 0 158 1 0 1 1 0 1 3.5
L 1191 310 317 -251.8 83.75 0 1 71.25 0 0 0 1 0 0
L 1192 310 317 -255.4 83.75 0 1 71.25 0 1 0 1 0 0
L 1193 317 310 -248.2 155 0 -1 71.25 0 0 0 1 0 0
L 1194 317 310 -244.6 155 0 -1 71.25 0 1 0 1 0 0
L 1195 310 311 -239 79 1 0 228 1 0 1 1 0 1 3.5
L 1196 311 318 -1.8 83.75 0 1 71.25 0 0 0 1 0 0
L 1197 311 318 -5.4 83.75 0 1 71.25 0 1 0 1 0 0
L 1198 318 311 1.8 155 0 -1 71.25 0 0 0 1 0 0
L 1199 318 311 5.4 155 0 -1 71.25 0 1 0 1 0 0
L 1200 311 312 11 79 1 0 228 1 0 1 1 0 1 3.5
L 1201 312 319 248.2 83.75 0 1 71.25 0 0 0 1 0 0
L 1202 312 319 244.6 83.75 0 1 71.25 0 1 0 1 0 0
L 1203 319 312 251.8 155 0 -1 71.25 0 0 0 1 0 0
L 1204 319 312 255.4 155 0 -1 71.25 0 1 0 1 0 0
L 1205 312 313 261 79 1 0 158 1 0 1 1 0 1 3.5
L 1206 313 320 426.3 83.75 0 1 71.25 0 0 0 1 1 0
L 1207 313 320 422.9 83.75 0 1 71.25 0 1 0 1 1 0
L 1208 320 313 433.7 155 0 -1 71.25 0 0 0 1 1 0
L 1209 320 313 437.1 155 0 -1 71.25 0 1 0 1 1 0
L 1210 313 314 441 79 1 0 158 1 0 1 1 0 1 3.5
L 1211 314 321 608.2 83.75 0 1 71.25 0 0 0 1 0 0
L 1212 314 321 604.6 83.75 0 1 71.25 0 1 0 1 0 0
L 1213 321 314 611.8 155 0 -1 71.25 0 0 0 1 0 0
L 1214 321 314 615.4 155 0 -1 71.25 0 1 0 1 0 0
L 1215 315 322 -611.8 165 0 1 70 0 0 0 1 0 0
L 1216 315 322 -615.4 165 0 1 70 0 1 0 1 0 0
L 1217 322 315 -608.2 235 0 -1 70 0 0 0 1 0 0
L 1218 322 315 -604.6 235 0 -1 70 0 1 0 1 0 0
L 1219 316 315 -441 159.4 -1 0 158 1 0 1 1 0 0
L 1220 316 323 -431.8 165 0 1 70 0 0 0 1 0 0
L 1221 316 323 -435.4 165 0 1 70 0 1 0 1 0 0
L 1222 323 316 -428.2 235 0 -1 70 0 0 0 1 0 0
L 1223 323 316 -424.6 235 0 -1 70 0 1 0 1 0 0
L 1224 317 316 -261 159.4 -1 0 158 1 0 1 1 0 0
L 1225 317 324 -251.8 165 0 1 70 0 0 0 1 0 0
L 1226 317 324 -255.4 165 0 1 70 0 1 0 1 0 0
L 1227 324 317 -248.2 235 0 -1 70 0 0 0 1 0 0
L 1228 324 317 -244.6 235 0 -1 70 0 1 0 1 0 0
L 1229 318 317 -11 159.4 -1 0 228 1 0 1 1 0 0
L 1230 318 325 -1.8 165 0 1 70 0 0 0 1 0 0
L 1231 318 325 -5.4 165 0 1 70 0 1 0 1 0 0
L 1232 325 318 1.8 235 0 -1 70 0 0 0 1 0 0
L 1233 325 318 5.4 235 0 -1 70 0 1 0 1 0 0
L 1234 319 318 239 159.4 -1 0 228 1 0 1 1 0 0
L 1235 319 326 248.2 165 0 1 70 0 0 0 1 0 0
L 1236 319 326 244.6 165 0 1 70 0 1 0 1 0 0
L 1237 326 319 251.8 235 0 -1 70 0 0 0 1 0 0
L 1238 326 319 255.4 235 0 -1 70 0 1 0 1 0 0
L 1239 320 319 419 159.4 -1 0 158 1 0 1 1 0 0
L 1240 320 327 426.3 165 0 1 70 0 0 0 1 1 0
L 1241 320 327 422.9 165 0 1 70 0 1 0 1 1 0
L 1242 327 320 433.7 235 0 -1 70 0 0 0 1 1 0
L 1243 327 320 437.1 235 0 -1 70 0 1 0 1 1 0
L 1244 321 320 599 159.4 -1 0 158 1 0 1 1 0 0
L 1245 321 328 608.2 165 0 1 70 0 0 0 1 0 0
L 1246 321 328 604.6 165 0 1 70 0 1 0 1 0 0
L 1247 328 321 611.8 235 0 -1 70 0 0 0 1 0 0
L 1248 328 321 615.4 235 0 -1 70 0 1 0 1 0 0
L 1249 322 329 -611.8 245 0 1 70 0 0 0 1 0 0
L 1250 322 329 -615.4 245 0 1 70 0 1 0 1 0 0
L 1251 329 322 -608.2 315 0 -1 70 0 0 0 1 0 0
L 1252 329 322 -604.6 315 0 -1 70 0 1 0 1 0 0
L 1253 322 323 -599 240.6 1 0 158 1 0 1 1 0 0
L 1254 323 330 -431.8 245 0 1 70 0 0 0 1 0 0
L 1255 323 330 -435.4 245 0 1 70 0 1 0 1 0 0
L 1256 330 323 -428.2 315 0 -1 70 0 0 0 1 0 0
L 1257 330 323 -424.6 315 0 -1 70 0 1 0 1 0 0
L 1258 323 324 -419 240.6 1 0 158 1 0 1 1 0 0
L 1259 324 331 -251.8 245 0 1 70 0 0 0 1 0 0
L 1260 324 331 -255.4 245 0 1 70 0 1 0 1 0 0
L 1261 331 324 -248.2 315 0 -1 70 0 0 0 1 0 0
L 1262 331 324 -244.6 315 0 -1 70 0 1 0 1 0 0
L 1263 324 325 -239 240.6 1 0 228 1 0 1 1 0 0
L 1264 325 332 -1.8 245 0 1 70 0 0 0 1 0 0
L 1265 325 332 -5.4 245 0 1 70 0 1 0 1 0 0
L 1266 332 325 1.8 315 0 -1 70 0 0 0 1 0 0
L 1267 332 325 5.4 315 0 -1 70 0 1 0 1 0 0
L 1268 325 326 11 240.6 1 0 228 1 0 1 1 0 0
L 1269 326 333 248.2 245 0 1 70 0 0 0 1 0 0
L 1270 326 333 244.6 245 0 1 70 0 1 0 1 0 0
L 1271 333 326 251.8 315 0 -1 70 0 0 0 1 0 0
L 1272 333 326 255.4 315 0 -1 70 0 1 0 1 0 0
L 1273 326 327 261 240.6 1 0 158 1 0 1 1 0 0
L 1274 327 334 426.3 245 0 1 70 0 0 0 1 1 0
L 1275 327 334 422.9 245 0 1 70 0 1 0 1 1 0
L 1276 334 327 433.7 315 0 -1 70 0 0 0 1 1 0
L 1277 334 327 437.1 315 0 -1 70 0 1 0 1 1 0
L 1278 327 328 441 240.6 1 0 158 1 0 1 1 0 0
L 1279 328 335 608.2 245 0 1 70 0 0 0 1 0 0
L 1280 328 335 604.6 245 0 1 70 0 1 0 1 0 0
L 1281 335 328 611.8 315 0 -1 70 0 0 0 1 0 0
L 1282 335 328 615.4 315 0 -1 70 0 1 0 1 0 0
L 1283 329 336 -611.8 325 0 1 70 0 0 0 1 0 0
L 1284 329 336 -615.4 325 0 1 70 0 1 0 1 0 0
L 1285 336 329 -608.2 395 0 -1 70 0 0 0 1 0 0
L 1286 336 329 -604.6 395 0 -1 70 0 1 0 1 0 0
L 1287 330 329 -441 319.4 -1 0 158 1 0 1 1 0 0
L 1288 330 337 -431.8 325 0 1 70 0 0 0 1 0 0
L 1289 330 337 -435.4 325 0 1 70 0 1 0 1 0 0
L 1290 337 330 -428.2 395 0 -1 70 0 0 0 1 0 0
L 1291 337 330 -424.6 395 0 -1 70 0 1 0 1 0 0
L 1292 331 330 -261 319.4 -1 0 158 1 0 1 1 0 0
L 1293 331 338 -251.8 325 0 1 70 0 0 0 1 0 0
L 1294 331 338 -255.4 325 0 1 70 0 1 0 1 0 0
L 1295 338 331 -248.2 395 0 -1 70 0 0 0 1 0 0
L 1296 338 331 -244.6 395 0 -1 70 0 1 0 1 0 0
L 1297 332 331 -11 319.4 -1 0 228 1 0 1 1 0 0
L 1298 332 339 -1.8 325 0 1 70 0 0 0 1 0 0
L 1299 332 339 -5.4 325 0 1 70 0 1 0 1 0 0
L 1300 339 332 1.8 395 0 -1 70 0 0 0 1 0 0
L 1301 339 332 5.4 395 0 -1 70 0 1 0 1 0 0
L 1302 333 332 239 319.4 -1 0 228 1 0 1 1 0 0
L 1303 333 340 248.2 325 0 1 70 0 0 0 1 0 0
L 1304 333 340 244.6 325 0 1 70 0 1 0 1 0 0
L 1305 340 333 251.8 395 0 -1 70 0 0 0 1 0 0
L 1306 340 333 255.4 395 0 -1 70 0 1 0 1 0 0
L 1307 334 333 419 319.4 -1 0 158 1 0 1 1 0 0
L 1308 334 341 426.3 325 0 1 70 0 0 0 1 1 0
L 1309 334 341 422.9 325 0 1 70 0 1 0 1 1 0
L 1310 341 334 433.7 395 0 -1 70 0 0 0 1 1 0
L 1311 341 334 437.1 395 0 -1 70 0 1 0 1 1 0
L 1312 335 334 599 319.4 -1 0 158 1 0 1 1 0 0
L 1313 335 342 608.2 325 0 1 70 0 0 0 1 0 0
L 1314 335 342 604.6 325 0 1 70 0 1 0 1 0 0
L 1315 342 335 611.8 395 0 -1 70 0 0 0 1 0 0
L 1316 342 335 615.4 395 0 -1 70 0 1 0 1 0 0
L 1317 336 343 -611.8 405 0 1 70 0 0 0 1 0 0
L 1318 336 343 -615.4 405 0 1 70 0 1 0 1 0 0
L 1319 343 336 -608.2 475 0 -1 70 0 0 0 1 0 0
L 1320 343 336 -604.6 475 0 -1 70 0 1 0 1 0 0
L 1321 336 337 -599 400.6 1 0 158 1 0 1 1 0 0
L 1322 337 344 -431.8 405 0 1 70 0 0 0 1 0 0
L 1323 337 344 -435.4 405 0 1 70 0 1 0 1 0 0
L 1324 344 337 -428.2 475 0 -1 70 0 0 0 1 0 0
L 1325 344 337 -424.6 475 0 -1 70 0 1 0 1 0 0
L 1326 337 338 -419 400.6 1 0 158 1 0 1 1 0 0
L 1327 338 345 -251.8 405 0 1 70 0 0 0 1 0 0
L 1328 338 345 -255.4 405 0 1 70 0 1 0 1 0 0
L 1329 345 338 -248.2 475 0 -1 70 0 0 0 1 0 0
L 1330 345 338 -244.6 475 0 -1 70 0 1 0 1 0 0
L 1331 338 339 -239 400.6 1 0 228 1 0 1 1 0 0
L 1332 339 346 -1.8 405 0 1 70 0 0 0 1 0 0
L 1333 339 346 -5.4 405 0 1 70 0 1 0 1 0 0
L 1334 346 339 1.8 475 0 -1 70 0 0 0 1 0 0
L 1335 346 339 5.4 475 0 -1 70 0 1 0 1 0 0
L 1336 339 340 11 400.6 1 0 228 1 0 1 1 0 0
L 1337 340 347 248.2 405 0 1 70 0 0 0 1 0 0
L 1338 340 347 244.6 405 0 1 70 0 1 0 1 0 0
L 1339 347 340 251.8 475 0 -1 70 0 0 0 1 0 0
L 1340 347 340 255.4 475 0 -1 70 0 1 0 1 0 0
L 1341 340 341 261 400.6 1 0 158 1 0 1 1 0 0
L 1342 341 348 426.3 405 0 1 70 0 0 0 1 1 0
L 1343 341 348 422.9 405 0 1 70 0 1 0 1 1 0
L 1344 348 341 433.7 475 0 -1 70 0 0 0 1 1 0
L 1345 348 341 437.1 475 0 -1 70 0 1 0 1 1 0
L 1346 341 342 441 400.6 1 0 158 1 0 1 1 0 0
L 1347 342 349 608.2 405 0 1 70 0 0 0 1 0 0
L 1348 342 349 604.6 405 0 1 70 0 1 0 1 0 0
L 1349 349 342 611.8 475 0 -1 70 0 0 0 1 0 0
L 1350 349 342 615.4 475 0 -1 70 0 1 0 1 0 0
L 1351 343 350 -611.8 485 0 1 70 0 0 0 1 0 0
L 1352 343 350 -615.4 485 0 1 70 0 1 0 1 0 0
L 1353 350 343 -608.2 555 0 -1 70 0 0 0 1 0 0
L 1354 350 343 -604.6 555 0 -1 70 0 1 0 1 0 0
L 1355 344 343 -441 479.4 -1 0 158 1 0 1 1 0 0
L 1356 344 351 -431.8 485 0 1 70 0 0 0 1 0 0
L 1357 344 351 -435.4 485 0 1 70 0 1 0 1 0 0
L 1358 351 344 -428.2 555 0 -1 70 0 0 0 1 0 0
L 1359 351 344 -424.6 555 0 -1 70 0 1 0 1 0 0
L 1360 345 344 -261 479.4 -1 0 158 1 0 1 1 0 0
L 1361 345 352 -251.8 485 0 1 70 0 0 0 1 0 0
L 1362 345 352 -255.4 485 0 1 70 0 1 0 1 0 0
L 1363 352 345 -248.2 555 0 -1 70 0 0 0 1 0 0
L 1364 352 345 -244.6 555 0 -1 70 0 1 0 1 0 0
L 1365 346 345 -11 479.4 -1 0 228 1 0 1 1 0 0
L 1366 346 353 -1.8 485 0 1 70 0 0 0 1 0 0
L 1367 346 353 -5.4 485 0 1 70 0 1 0 1 0 0
L 1368 353 346 1.8 555 0 -1 70 0 0 0 1 0 0
L 1369 353 346 5.4 555 0 -1 70 0 1 0 1 0 0
L 1370 347 346 239 479.4 -1 0 228 1 0 1 1 0 0
L 1371 347 354 248.2 485 0 1 70 0 0 0 1 0 0
L 1372 347 354 244.6 485 0 1 70 0 1 0 1 0 0
L 1373 354 347 251.8 555 0 -1 70 0 0 0 1 0 0
L 1374 354 347 255.4 555 0 -1 70 0 1 0 1 0 0
L 1375 348 347 419 479.4 -1 0 158 1 0 1 1 0 0
L 1376 348 355 426.3 485 0 1 70 0 0 0 1 1 0
L 1377 348 355 422.9 485 0 1 70 0 1 0 1 1 0
L 1378 355 348 433.7 555 0 -1 70 0 0 0 1 1 0
L 1379 355 348 437.1 555 0 -1 70 0 1 0 1 1 0
L 1380 349 348 599 479.4 -1 0 158 1 0 1 1 0 0
L 1381 349 356 608.2 485 0 1 70 0 0 0 1 0 0
L 1382 349 356 604.6 485 0 1 70 0 1 0 1 0 0
L 1383 356 349 611.8 555 0 -1 70 0 0 0 1 0 0
L 1384 356 349 615.4 555 0 -1 70 0 1 0 1 0 0
L 1385 350 357 -611.8 565 0 1 70 0 0 0 1 0 0
L 1386 350 357 -615.4 565 0 1 70 0 1 0 1 0 0
L 1387 357 350 -608.2 635 0 -1 70 0 0 0 1 0 0
L 1388 357 350 -604.6 635 0 -1 70 0 1 0 1 0 0
L 1389 350 351 -599 560.6 1 0 158 1 0 1 1 0 0
L 1390 351 358 -431.8 565 0 1 70 0 0 0 1 0 0
L 1391 351 358 -435.4 565 0 1 70 0 1 0 1 0 0
L 1392 358 351 -428.2 635 0 -1 70 0 0 0 1 0 0
L 1393 358 351 -424.6 635 0 -1 70 0 1 0 1 0 0
L 1394 351 352 -419 560.6 1 0 158 1 0 1 1 0 0
L 1395 352 359 -251.8 565 0 1 70 0 0 0 1 0 0
L 1396 352 359 -255.4 565 0 1 70 0 1 0 1 0 0
L 1397 359 352 -248.2 635 0 -1 70 0 0 0 1 0 0
L 1398 359 352 -244.6 635 0 -1 70 0 1 0 1 0 0
L 1399 353 360 -1.8 565 0 1 70 0 0 0 1 0 0
L 1400 353 360 -5.4 565 0 1 70 0 1 0 1 0 0
L 1401 360 353 1.8 635 0 -1 70 0 0 0 1 0 0
L 1402 360 353 5.4 635 0 -1 70 0 1 0 1 0 0
L 1403 353 354 11 560.6 1 0 228 1 0 1 1 0 0
L 1404 354 361 248.2 565 0 1 70 0 0 0 1 0 0
L 1405 354 361 244.6 565 0 1 70 0 1 0 1 0 0
L 1406 361 354 251.8 635 0 -1 70 0 0 0 1 0 0
L 1407 361 354 255.4 635 0 -1 70 0 1 0 1 0 0
L 1408 354 355 261 560.6 1 0 158 1 0 1 1 0 0
L 1409 355 362 426.3 565 0 1 70 0 0 0 1 1 0
L 1410 355 362 422.9 565 0 1 70 0 1 0 1 1 0
L 1411 362 355 433.7 635 0 -1 70 0 0 0 1 1 0
L 1412 362 355 437.1 635 0 -1 70 0 1 0 1 1 0
L 1413 355 356 441 560.6 1 0 158 1 0 1 1 0 0
L 1414 356 363 608.2 565 0 1 70 0 0 0 1 0 0
L 1415 356 363 604.6 565 0 1 70 0 1 0 1 0 0
L 1416 363 356 611.8 635 0 -1 70 0 0 0 1 0 0
L 1417 363 356 615.4 635 0 -1 70 0 1 0 1 0 0
L 1418 357 364 -611.8 645 0 1 70 0 0 0 0 0 0
L 1419 357 364 -615.4 645 0 1 70 0 1 0 0 0 0
L 1420 364 357 -608.2 715 0 -1 70 0 0 0 1 0 0
L 1421 364 357 -604.6 715 0 -1 70 0 1 0 1 0 0
L 1422 358 357 -441 639.4 -1 0 158 1 0 1 1 0 0
L 1423 359 358 -261 639.4 -1 0 158 1 0 1 1 0 0
L 1424 360 359 -11 639.4 -1 0 228 1 0 1 1 0 0
L 1425 360 367 -1.8 645 0 1 70 0 0 0 1 0 0
L 1426 360 367 -5.4 645 0 1 70 0 1 0 1 0 0
L 1427 367 360 1.8 715 0 -1 70 0 0 0 1 0 0
L 1428 367 360 5.4 715 0 -1 70 0 1 0 1 0 0
L 1429 361 360 239 639.4 -1 0 228 1 0 1 1 0 0
L 1430 361 368 248.2 645 0 1 70 0 0 0 1 0 0
L 1431 361 368 244.6 645 0 1 70 0 1 0 1 0 0
L 1432 368 361 251.8 715 0 -1 70 0 0 0 1 0 0
L 1433 368 361 255.4 715 0 -1 70 0 1 0 1 0 0
L 1434 362 361 419 639.4 -1 0 158 1 0 1 1 0 0
L 1435 362 369 426.3 645 0 1 70 0 0 0 1 1 0
L 1436 362 369 422.9 645 0 1 70 0 1 0 1 1 0
L 1437 369 362 433.7 715 0 -1 70 0 0 0 1 1 0
L 1438 369 362 437.1 715 0 -1 70 0 1 0 1 1 0
L 1439 363 362 599 639.4 -1 0 158 1 0 1 1 0 0
L 1440 363 370 608.2 645 0 1 70 0 0 0 1 0 0
L 1441 363 370 604.6 645 0 1 70 0 1 0 1 0 0
L 1442 370 363 611.8 715 0 -1 70 0 0 0 1 0 0
L 1443 370 363 615.4 715 0 -1 70 0 1 0 1 0 0
L 1444 364 371 -611.8 725 0 1 70 0 0 0 0 0 0
L 1445 364 371 -615.4 725 0 1 70 0 1 0 0 0 0
L 1446 371 364 -608.2 795 0 -1 70 0 0 0 0 0 0
L 1447 371 364 -604.6 795 0 -1 70 0 1 0 0 0 0
L 1448 367 374 -1.8 725 0 1 70 0 0 0 1 0 0
L 1449 367 374 -5.4 725 0 1 70 0 1 0 1 0 0
L 1450 374 367 1.8 795 0 -1 70 0 0 0 1 0 0
L 1451 374 367 5.4 795 0 -1 70 0 1 0 1 0 0
L 1452 367 368 11 720.6 1 0 228 1 0 1 1 0 0
L 1453 368 375 248.2 725 0 1 70 0 0 0 1 0 0
L 1454 368 375 244.6 725 0 1 70 0 1 0 1 0 0
L 1455 375 368 251.8 795 0 -1 70 0 0 0 1 0 0
L 1456 375 368 255.4 795 0 -1 70 0 1 0 1 0 0
L 1457 368 369 261 720.6 1 0 158 1 0 1 1 0 0
L 1458 369 376 426.3 725 0 1 70 0 0 0 1 1 0
L 1459 369 376 422.9 725 0 1 70 0 1 0 1 1 0
L 1460 376 369 433.7 795 0 -1 70 0 0 0 1 1 0
L 1461 376 369 437.1 795 0 -1 70 0 1 0 1 1 0
L 1462 369 370 441 720.6 1 0 158 1 0 1 1 0 0
L 1463 370 377 608.2 725 0 1 70 0 0 0 1 0 0
L 1464 370 377 604.6 725 0 1 70 0 1 0 1 0 0
L 1465 377 370 611.8 795 0 -1 70 0 0 0 1 0 0
L 1466 377 370 615.4 795 0 -1 70 0 1 0 1 0 0
L 1467 371 378 -611.8 805 0 1 70 0 0 0 0 0 0
L 1468 371 378 -615.4 805 0 1 70 0 1 0 0 0 0
L 1469 378 371 -608.2 875 0 -1 70 0 0 0 0 0 0
L 1470 378 371 -604.6 875 0 -1 70 0 1 0 0 0 0
L 1471 374 381 -1.8 805 0 1 70 0 0 0 1 0 0
L 1472 374 381 -5.4 805 0 1 70 0 1 0 1 0 0
L 1473 381 374 1.8 875 0 -1 70 0 0 0 1 0 0
L 1474 381 374 5.4 875 0 -1 70 0 1 0 1 0 0
L 1475 375 374 239 799.4 -1 0 228 1 0 1 1 0 0
L 1476 375 382 248.2 805 0 1 70 0 0 0 1 0 0
L 1477 375 382 244.6 805 0 1 70 0 1 0 1 0 0
L 1478 382 375 251.8 875 0 -1 70 0 0 0 1 0 0
L 1479 382 375 255.4 875 0 -1 70 0 1 0 1 0 0
L 1480 376 375 419 799.4 -1 0 158 1 0 1 1 0 0
L 1481 376 383 426.3 805 0 1 70 0 0 0 1 1 0
L 1482 376 383 422.9 805 0 1 70 0 1 0 1 1 0
L 1483 383 376 433.7 875 0 -1 70 0 0 0 1 1 0
L 1484 383 376 437.1 875 0 -1 70 0 1 0 1 1 0
L 1485 377 376 599 799.4 -1 0 158 1 0 1 1 0 0
L 1486 377 384 608.2 805 0 1 70 0 0 0 1 0 0
L 1487 377 384 604.6 805 0 1 70 0 1 0 1 0 0
L 1488 384 377 611.8 875 0 -1 70 0 0 0 1 0 0
L 1489 384 377 615.4 875 0 -1 70 0 1 0 1 0 0
L 1490 378 385 -611.8 885 0 1 70 0 0 0 0 0 0
L 1491 378 385 -615.4 885 0 1 70 0 1 0 0 0 0
L 1492 385 378 -608.2 955 0 -1 70 0 0 0 0 0 0
L 1493 385 378 -604.6 955 0 -1 70 0 1 0 0 0 0
L 1494 381 388 -1.8 885 0 1 70 0 0 0 1 0 0
L 1495 381 388 -5.4 885 0 1 70 0 1 0 1 0 0
L 1496 388 381 1.8 955 0 -1 70 0 0 0 1 0 0
L 1497 388 381 5.4 955 0 -1 70 0 1 0 1 0 0
L 1498 381 382 11 880.6 1 0 228 1 0 1 1 0 0
L 1499 382 389 248.2 885 0 1 70 0 0 0 1 0 0
L 1500 382 389 244.6 885 0 1 70 0 1 0 1 0 0
L 1501 389 382 251.8 955 0 -1 70 0 0 0 1 0 0
L 1502 389 382 255.4 955 0 -1 70 0 1 0 1 0 0
L 1503 382 383 261 880.6 1 0 158 1 0 1 1 0 0
L 1504 383 390 426.3 885 0 1 70 0 0 0 1 1 0
L 1505 383 390 422.9 885 0 1 70 0 1 0 1 1 0
L 1506 390 383 433.7 955 0 -1 70 0 0 0 1 1 0
L 1507 390 383 437.1 955 0 -1 70 0 1 0 1 1 0
L 1508 383 384 441 880.6 1 0 158 1 0 1 1 0 0
L 1509 384 391 608.2 885 0 1 70 0 0 0 1 0 0
L 1510 384 391 604.6 885 0 1 70 0 1 0 1 0 0
L 1511 391 384 611.8 955 0 -1 70 0 0 0 1 0 0
L 1512 391 384 615.4 955 0 -1 70 0 1 0 1 0 0
L 1513 385 392 -611.8 965 0 1 70 0 0 0 0 0 0
L 1514 385 392 -615.4 965 0 1 70 0 1 0 0 0 0
L 1515 392 385 -608.2 1035 0 -1 70 0 0 0 0 0 0
L 1516 392 385 -604.6 1035 0 -1 70 0 1 0 0 0 0
L 1517 388 395 -1.8 965 0 1 70 0 0 0 1 0 0
L 1518 388 395 -5.4 965 0 1 70 0 1 0 1 0 0
L 1519 395 388 1.8 1035 0 -1 70 0 0 0 1 0 0
L 1520 395 388 5.4 1035 0 -1 70 0 1 0 1 0 0
L 1521 389 388 239 959.4 -1 0 228 1 0 1 1 0 0
L 1522 389 396 248.2 965 0 1 70 0 0 0 1 0 0
L 1523 389 396 244.6 965 0 1 70 0 1 0 1 0 0
L 1524 396 389 251.8 1035 0 -1 70 0 0 0 1 0 0
L 1525 396 389 255.4 1035 0 -1 70 0 1 0 1 0 0
L 1526 390 389 419 959.4 -1 0 158 1 0 1 1 0 0
L 1527 390 397 428.2 965 0 1 70 0 0 0 1 0 0
L 1528 390 397 424.6 965 0 1 70 0 1 0 1 0 0
L 1529 397 390 431.8 1035 0 -1 70 0 0 0 1 0 0
L 1530 397 390 435.4 1035 0 -1 70 0 1 0 1 0 0
L 1531 391 390 599 959.4 -1 0 158 1 0 1 1 0 0
L 1532 391 398 608.2 965 0 1 70 0 0 0 1 0 0
L 1533 391 398 604.6 965 0 1 70 0 1 0 1 0 0
L 1534 398 391 611.8 1035 0 -1 70 0 0 0 1 0 0
L 1535 398 391 615.4 1035 0 -1 70 0 1 0 1 0 0
L 1536 392 399 -611.8 1045 0 1 70 0 0 0 0 0 0
L 1537 392 399 -615.4 1045 0 1 70 0 1 0 0 0 0
L 1538 399 392 -608.2 1115 0 -1 70 0 0 0 0 0 0
L 1539 399 392 -604.6 1115 0 -1 70 0 1 0 0 0 0
L 1540 395 402 -1.8 1045 0 1 70 0 0 0 1 0 0
L 1541 395 402 -5.4 1045 0 1 70 0 1 0 1 0 0
L 1542 402 395 1.8 1115 0 -1 70 0 0 0 1 0 0
L 1543 402 395 5.4 1115 0 -1 70 0 1 0 1 0 0
L 1544 395 396 11 1040.6 1 0 228 1 0 1 1 0 0
L 1545 396 403 248.2 1045 0 1 70 0 0 0 1 0 0
L 1546 396 403 244.6 1045 0 1 70 0 1 0 1 0 0
L 1547 403 396 251.8 1115 0 -1 70 0 0 0 1 0 0
L 1548 403 396 255.4 1115 0 -1 70 0 1 0 1 0 0
L 1549 396 397 261 1040.6 1 0 158 1 0 1 1 0 0
L 1550 397 404 428.2 1045 0 1 70 0 0 0 1 0 0
L 1551 397 404 424.6 1045 0 1 70 0 1 0 1 0 0
L 1552 404 397 431.8 1115 0 -1 70 0 0 0 1 0 0
L 1553 404 397 435.4 1115 0 -1 70 0 1 0 1 0 0
L 1554 397 398 441 1040.6 1 0 158 1 0 1 1 0 0
L 1555 398 405 608.2 1045 0 1 70 0 0 0 1 0 0
L 1556 398 405 604.6 1045 0 1 70 0 1 0 1 0 0
L 1557 405 398 611.8 1115 0 -1 70 0 0 0 1 0 0
L 1558 405 398 615.4 1115 0 -1 70 0 1 0 1 0 0
L 1559 399 406 -611.8 1125 0 1 70 0 0 0 0 0 0
L 1560 399 406 -615.4 1125 0 1 70 0 1 0 0 0 0
L 1561 406 399 -608.2 1195 0 -1 70 0 0 0 0 0 0
L 1562 406 399 -604.6 1195 0 -1 70 0 1 0 0 0 0
L 1563 402 409 -1.8 1125 0 1 70 0 0 0 1 0 0
L 1564 402 409 -5.4 1125 0 1 70 0 1 0 1 0 0
L 1565 409 402 1.8 1195 0 -1 70 0 0 0 1 0 0
L 1566 409 402 5.4 1195 0 -1 70 0 1 0 1 0 0
L 1567 403 402 239 1119.4 -1 0 228 1 0 1 1 0 0
L 1568 403 410 248.2 1125 0 1 70 0 0 0 1 0 0
L 1569 403 410 244.6 1125 0 1 70 0 1 0 1 0 0
L 1570 410 403 251.8 1195 0 -1 70 0 0 0 1 0 0
L 1571 410 403 255.4 1195 0 -1 70 0 1 0 1 0 0
L 1572 404 403 419 1119.4 -1 0 158 1 0 1 1 0 0
L 1573 404 411 428.2 1125 0 1 70 0 0 0 1 0 0
L 1574 404 411 424.6 1125 0 1 70 0 1 0 1 0 0
L 1575 411 404 431.8 1195 0 -1 70 0 0 0 1 0 0
L 1576 411 404 435.4 1195 0 -1 70 0 1 0 1 0 0
L 1577 405 404 599 1119.4 -1 0 158 1 0 1 1 0 0
L 1578 405 412 608.2 1125 0 1 70 0 0 0 1 0 0
L 1579 405 412 604.6 1125 0 1 70 0 1 0 1 0 0
L 1580 412 405 611.8 1195 0 -1 70 0 0 0 1 0 0
L 1581 412 405 615.4 1195 0 -1 70 0 1 0 1 0 0
L 1582 406 413 -611.8 1205 0 1 70 0 0 0 0 0 0
L 1583 406 413 -615.4 1205 0 1 70 0 1 0 0 0 0
L 1584 413 406 -608.2 1275 0 -1 70 0 0 0 0 0 0
L 1585 413 406 -604.6 1275 0 -1 70 0 1 0 0 0 0
L 1586 409 416 -1.8 1205 0 1 70 0 0 0 1 0 0
L 1587 409 416 -5.4 1205 0 1 70 0 1 0 1 0 0
L 1588 416 409 1.8 1275 0 -1 70 0 0 0 1 0 0
L 1589 416 409 5.4 1275 0 -1 70 0 1 0 1 0 0
L 1590 409 410 11 1200.6 1 0 228 1 0 1 1 0 0
L 1591 410 417 248.2 1205 0 1 70 0 0 0 1 0 0
L 1592 410 417 244.6 1205 0 1 70 0 1 0 1 0 0
L 1593 417 410 251.8 1275 0 -1 70 0 0 0 1 0 0
L 1594 417 410 255.4 1275 0 -1 70 0 1 0 1 0 0
L 1595 410 411 261 1200.6 1 0 158 1 0 1 1 0 0
L 1596 411 418 428.2 1205 0 1 70 0 0 0 1 0 0
L 1597 411 418 424.6 1205 0 1 70 0 1 0 1 0 0
L 1598 418 411 431.8 1275 0 -1 70 0 0 0 1 0 0
L 1599 418 411 435.4 1275 0 -1 70 0 1 0 1 0 0
L 1600 411 412 441 1200.6 1 0 158 1 0 1 1 0 0
L 1601 412 419 608.2 1205 0 1 70 0 0 0 1 0 0
L 1602 412 419 604.6 1205 0 1 70 0 1 0 1 0 0
L 1603 419 412 611.8 1275 0 -1 70 0 0 0 1 0 0
L 1604 419 412 615.4 1275 0 -1 70 0 1 0 1 0 0
L 1605 413 420 -611.8 1285 0 1 70 0 0 0 1 0 0
L 1606 413 420 -615.4 1285 0 1 70 0 1 0 1 0 0
L 1607 420 413 -608.2 1355 0 -1 70 0 0 0 0 0 0
L 1608 420 413 -604.6 1355 0 -1 70 0 1 0 0 0 0
L 1609 416 423 -1.8 1285 0 1 70 0 0 0 1 0 0
L 1610 416 423 -5.4 1285 0 1 70 0 1 0 1 0 0
L 1611 423 416 1.8 1355 0 -1 70 0 0 0 1 0 0
L 1612 423 416 5.4 1355 0 -1 70 0 1 0 1 0 0
L 1613 417 416 239 1279.4 -1 0 228 1 0 1 1 0 0
L 1614 417 424 248.2 1285 0 1 70 0 0 0 1 0 0
L 1615 417 424 244.6 1285 0 1 70 0 1 0 1 0 0
L 1616 424 417 251.8 1355 0 -1 70 0 0 0 1 0 0
L 1617 424 417 255.4 1355 0 -1 70 0 1 0 1 0 0
L 1618 418 417 419 1279.4 -1 0 158 1 0 1 1 0 0
L 1619 418 425 428.2 1285 0 1 70 0 0 0 1 0 0
L 1620 418 425 424.6 1285 0 1 70 0 1 0 1 0 0
L 1621 425 418 431.8 1355 0 -1 70 0 0 0 1 0 0
L 1622 425 418 435.4 1355 0 -1 70 0 1 0 1 0 0
L 1623 419 418 599 1279.4 -1 0 158 1 0 1 1 0 0
L 1624 419 426 608.2 1285 0 1 70 0 0 0 1 0 0
L 1625 419 426 604.6 1285 0 1 70 0 1 0 1 0 0
L 1626 426 419 611.8 1355 0 -1 70 0 0 0 1 0 0
L 1627 426 419 615.4 1355 0 -1 70 0 1 0 1 0 0
L 1628 420 427 -611.8 1365 0 1 70 0 0 0 1 0 0
L 1629 420 427 -615.4 1365 0 1 70 0 1 0 1 0 0
L 1630 427 420 -608.2 1435 0 -1 70 0 0 0 1 0 0
L 1631 427 420 -604.6 1435 0 -1 70 0 1 0 1 0 0
L 1632 420 421 -599 1360.6 1 0 158 1 0 1 1 0 0
L 1633 421 428 -431.8 1365 0 1 70 0 0 0 1 0 0
L 1634 421 428 -435.4 1365 0 1 70 0 1 0 1 0 0
L 1635 428 421 -428.2 1435 0 -1 70 0 0 0 1 0 0
L 1636 428 421 -424.6 1435 0 -1 70 0 1 0 1 0 0
L 1637 421 422 -419 1360.6 1 0 158 1 0 1 1 0 0
L 1638 422 429 -251.8 1365 0 1 70 0 0 0 1 0 0
L 1639 422 429 -255.4 1365 0 1 70 0 1 0 1 0 0
L 1640 429 422 -248.2 1435 0 -1 70 0 0 0 1 0 0
L 1641 429 422 -244.6 1435 0 -1 70 0 1 0 1 0 0
L 1642 422 423 -239 1360.6 1 0 228 1 0 1 1 0 0
L 1643 423 430 -1.8 1365 0 1 70 0 0 0 1 0 0
L 1644 423 430 -5.4 1365 0 1 70 0 1 0 1 0 0
L 1645 430 423 1.8 1435 0 -1 70 0 0 0 1 0 0
L 1646 430 423 5.4 1435 0 -1 70 0 1 0 1 0 0
L 1647 423 424 11 1360.6 1 0 228 1 0 1 1 0 0
L 1648 424 431 248.2 1365 0 1 70 0 0 0 1 0 0
L 1649 424 431 244.6 1365 0 1 70 0 1 0 1 0 0
L 1650 431 424 251.8 1435 0 -1 70 0 0 0 1 0 0
L 1651 431 424 255.4 1435 0 -1 70 0 1 0 1 0 0
L 1652 424 425 261 1360.6 1 0 158 1 0 1 1 0 0
L 1653 425 432 428.2 1365 0 1 70 0 0 0 1 0 0
L 1654 425 432 424.6 1365 0 1 70 0 1 0 1 0 0
L 1655 432 425 431.8 1435 0 -1 70 0 0 0 1 0 0
L 1656 432 425 435.4 1435 0 -1 70 0 1 0 1 0 0
L 1657 425 426 441 1360.6 1 0 158 1 0 1 1 0 0
L 1658 426 433 608.2 1365 0 1 70 0 0 0 1 0 0
L 1659 426 433 604.6 1365 0 1 70 0 1 0 1 0 0
L 1660 433 426 611.8 1435 0 -1 70 0 0 0 1 0 0
L 1661 433 426 615.4 1435 0 -1 70 0 1 0 1 0 0
L 1662 427 434 -611.8 1445 0 1 70 0 0 0 1 0 0
L 1663 427 434 -615.4 1445 0 1 70 0 1 0 1 0 0
L 1664 434 427 -608.2 1515 0 -1 70 0 0 0 1 0 0
L 1665 434 427 -604.6 1515 0 -1 70 0 1 0 1 0 0
L 1666 428 427 -441 1439.4 -1 0 158 1 0 1 1 0 0
L 1667 428 435 -431.8 1445 0 1 70 0 0 0 1 0 0
L 1668 428 435 -435.4 1445 0 1 70 0 1 0 1 0 0
L 1669 435 428 -428.2 1515 0 -1 70 0 0 0 1 0 0
L 1670 435 428 -424.6 1515 0 -1 70 0 1 0 1 0 0
L 1671 429 428 -261 1439.4 -1 0 158 1 0 1 1 0 0
L 1672 429 436 -251.8 1445 0 1 70 0 0 0 1 0 0
L 1673 429 436 -255.4 1445 0 1 70 0 1 0 1 0 0
L 1674 436 429 -248.2 1515 0 -1 70 0 0 0 1 0 0
L 1675 436 429 -244.6 1515 0 -1 70 0 1 0 1 0 0
L 1676 430 429 -11 1439.4 -1 0 228 1 0 1 1 0 0
L 1677 430 437 -1.8 1445 0 1 70 0 0 0 1 0 0
L 1678 430 437 -5.4 1445 0 1 70 0 1 0 1 0 0
L 1679 437 430 1.8 1515 0 -1 70 0 0 0 1 0 0
L 1680 437 430 5.4 1515 0 -1 70 0 1 0 1 0 0
L 1681 431 430 239 1439.4 -1 0 228 1 0 1 1 0 0
L 1682 431 792 248.2 1445 0 1 21.6 0 0 0 0 0 0
L 1683 431 792 244.6 1445 0 1 21.6 0 1 0 0 0 0
L 1684 438 792 251.8 1515 0 -1 21.6 0 0 0 0 0 0
L 1685 438 792 255.4 1515 0 -1 21.6 0 1 0 0 0 0
L 1686 432 431 419 1439.4 -1 0 158 1 0 1 1 0 0
L 1687 432 439 428.2 1445 0 1 70 0 0 0 1 0 0
L 1688 432 439 424.6 1445 0 1 70 0 1 0 1 0 0
L 1689 439 432 431.8 1515 0 -1 70 0 0 0 1 0 0
L 1690 439 432 435.4 1515 0 -1 70 0 1 0 1 0 0
L 1691 433 432 599 1439.4 -1 0 158 1 0 1 1 0 0
L 1692 433 440 608.2 1445 0 1 70 0 0 0 1 0 0
L 1693 433 440 604.6 1445 0 1 70 0 1 0 1 0 0
L 1694 440 433 611.8 1515 0 -1 70 0 0 0 1 0 0
L 1695 440 433 615.4 1515 0 -1 70 0 1 0 1 0 0
L 1696 434 441 -611.8 1525 0 1 71.25 0 0 0 1 0 0
L 1697 434 441 -615.4 1525 0 1 71.25 0 1 0 1 0 0
L 1698 441 434 -608.2 1596.25 0 -1 71.25 0 0 0 1 0 0
L 1699 441 434 -604.6 1596.25 0 -1 71.25 0 1 0 1 0 0
L 1700 434 435 -599 1520.6 1 0 158 1 0 1 1 0 0
L 1701 435 442 -431.8 1525 0 1 71.25 0 0 0 1 0 0
L 1702 435 442 -435.4 1525 0 1 71.25 0 1 0 1 0 0
L 1703 442 435 -428.2 1596.25 0 -1 71.25 0 0 0 1 0 0
L 1704 442 435 -424.6 1596.25 0 -1 71.25 0 1 0 1 0 0
L 1705 435 436 -419 1520.6 1 0 158 1 0 1 1 0 0
L 1706 436 443 -251.8 1525 0 1 71.25 0 0 0 1 0 0
L 1707 436 443 -255.4 1525 0 1 71.25 0 1 0 1 0 0
L 1708 443 436 -248.2 1596.25 0 -1 71.25 0 0 0 1 0 0
L 1709 443 436 -244.6 1596.25 0 -1 71.25 0 1 0 1 0 0
L 1710 436 437 -239 1520.6 1 0 228 1 0 1 1 0 0
L 1711 437 444 -1.8 1525 0 1 71.25 0 0 0 1 0 0
L 1712 437 444 -5.4 1525 0 1 71.25 0 1 0 1 0 0
L 1713 444 437 1.8 1596.25 0 -1 71.25 0 0 0 1 0 0
L 1714 444 437 5.4 1596.25 0 -1 71.25 0 1 0 1 0 0
L 1715 437 438 11 1520.6 1 0 228 1 0 1 1 0 0
L 1716 438 445 248.2 1525 0 1 71.25 0 0 0 1 0 0
L 1717 438 445 244.6 1525 0 1 71.25 0 1 0 1 0 0
L 1718 445 438 251.8 1596.25 0 -1 71.25 0 0 0 1 0 0
L 1719 445 438 255.4 1596.25 0 -1 71.25 0 1 0 1 0 0
L 1720 438 439 261 1520.6 1 0 158 1 0 1 1 0 0
L 1721 439 446 428.2 1525 0 1 71.25 0 0 0 1 0 0
L 1722 439 446 424.6 1525 0 1 71.25 0 1 0 1 0 0
L 1723 446 439 431.8 1596.25 0 -1 71.25 0 0 0 1 0 0
L 1724 446 439 435.4 1596.25 0 -1 71.25 0 1 0 1 0 0
L 1725 439 440 441 1520.6 1 0 158 1 0 1 1 0 0
L 1726 440 447 608.2 1525 0 1 71.25 0 0 0 1 0 0
L 1727 440 447 604.6 1525 0 1 71.25 0 1 0 1 0 0
L 1728 447 440 611.8 1596.25 0 -1 71.25 0 0 0 1 0 0
L 1729 447 440 615.4 1596.25 0 -1 71.25 0 1 0 1 0 0
L 1730 441 448 -611.8 1603.75 0 1 71.25 0 0 0 1 0 0
L 1731 441 448 -615.4 1603.75 0 1 71.25 0 1 0 1 0 0
L 1732 448 441 -608.2 1675 0 -1 71.25 0 0 0 1 0 0
L 1733 448 441 -604.6 1675 0 -1 71.25 0 1 0 1 0 0
L 1734 442 441 -441 1601 -1 0 158 1 0 1 1 0 1 3.5
L 1735 442 449 -431.8 1603.75 0 1 71.25 0 0 0 1 0 0
L 1736 442 449 -435.4 1603.75 0 1 71.25 0 1 0 1 0 0
L 1737 449 442 -428.2 1675 0 -1 71.25 0 0 0 1 0 0
L 1738 449 442 -424.6 1675 0 -1 71.25 0 1 0 1 0 0
L 1739 443 442 -261 1601 -1 0 158 1 0 1 1 0 1 3.5
L 1740 443 450 -251.8 1603.75 0 1 71.25 0 0 0 1 0 0
L 1741 443 450 -255.4 1603.75 0 1 71.25 0 1 0 1 0 0
L 1742 450 443 -248.2 1675 0 -1 71.25 0 0 0 1 0 0
L 1743 450 443 -244.6 1675 0 -1 71.25 0 1 0 1 0 0
L 1744 444 443 -11 1601 -1 0 228 1 0 1 1 0 1 3.5
L 1745 444 451 -1.8 1603.75 0 1 71.25 0 0 0 1 0 0
L 1746 444 451 -5.4 1603.75 0 1 71.25 0 1 0 1 0 0
L 1747 451 444 1.8 1675 0 -1 71.25 0 0 0 1 0 0
L 1748 451 444 5.4 1675 0 -1 71.25 0 1 0 1 0 0
L 1749 445 444 239 1601 -1 0 228 1 0 1 1 0 1 3.5
L 1750 445 452 248.2 1603.75 0 1 71.25 0 0 0 1 0 0
L 1751 445 452 244.6 1603.75 0 1 71.25 0 1 0 1 0 0
L 1752 452 445 251.8 1675 0 -1 71.25 0 0 0 1 0 0
L 1753 452 445 255.4 1675 0 -1 71.25 0 1 0 1 0 0
L 1754 446 445 419 1601 -1 0 158 1 0 1 1 0 1 3.5
L 1755 446 453 428.2 1603.75 0 1 71.25 0 0 0 1 0 0
L 1756 446 453 424.6 1603.75 0 1 71.25 0 1 0 1 0 0
L 1757 453 446 431.8 1675 0 -1 71.25 0 0 0 1 0 0
L 1758 453 446 435.4 1675 0 -1 71.25 0 1 0 1 0 0
L 1759 447 446 599 1601 -1 0 158 1 0 1 1 0 1 3.5
L 1760 447 454 608.2 1603.75 0 1 71.25 0 0 0 1 0 0
L 1761 447 454 604.6 1603.75 0 1 71.25 0 1 0 1 0 0
L 1762 454 447 611.8 1675 0 -1 71.25 0 0 0 1 0 0
L 1763 454 447 615.4 1675 0 -1 71.25 0 1 0 1 0 0
L 1764 448 455 -611.8 1685 0 1 71.25 0 0 0 1 0 0
L 1765 448 455 -615.4 1685 0 1 71.25 0 1 0 1 0 0
L 1766 455 448 -608.2 1756.25 0 -1 71.25 0 0 0 1 0 0
L 1767 455 448 -604.6 1756.25 0 -1 71.25 0 1 0 1 0 0
L 1768 448 449 -599 1680.6 1 0 158 1 0 1 1 0 0
L 1769 449 456 -431.8 1685 0 1 71.25 0 0 0 1 0 0
L 1770 449 456 -435.4 1685 0 1 71.25 0 1 0 1 0 0
L 1771 456 449 -428.2 1756.25 0 -1 71.25 0 0 0 1 0 0
L 1772 456 449 -424.6 1756.25 0 -1 71.25 0 1 0 1 0 0
L 1773 449 450 -419 1680.6 1 0 158 1 0 1 1 0 0
L 1774 450 457 -251.8 1685 0 1 71.25 0 0 0 1 0 0
L 1775 450 457 -255.4 1685 0 1 71.25 0 1 0 1 0 0
L 1776 457 450 -248.2 1756.25 0 -1 71.25 0 0 0 1 0 0
L 1777 457 450 -244.6 1756.25 0 -1 71.25 0 1 0 1 0 0
L 1778 450 451 -239 1680.6 1 0 228 1 0 1 1 0 0
L 1779 451 458 -1.8 1685 0 1 71.25 0 0 0 1 0 0
L 1780 451 458 -5.4 1685 0 1 71.25 0 1 0 1 0 0
L 1781 458 451 1.8 1756.25 0 -1 71.25 0 0 0 1 0 0
L 1782 458 451 5.4 1756.25 0 -1 71.25 0 1 0 1 0 0
L 1783 451 452 11 1680.6 1 0 228 1 0 1 1 0 0
L 1784 452 459 248.2 1685 0 1 71.25 0 0 0 1 0 0
L 1785 452 459 244.6 1685 0 1 71.25 0 1 0 1 0 0
L 1786 459 452 251.8 1756.25 0 -1 71.25 0 0 0 1 0 0
L 1787 459 452 255.4 1756.25 0 -1 71.25 0 1 0 1 0 0
L 1788 452 453 261 1680.6 1 0 158 1 0 1 1 0 0
L 1789 453 460 428.2 1685 0 1 71.25 0 0 0 1 0 0
L 1790 453 460 424.6 1685 0 1 71.25 0 1 0 1 0 0
L 1791 460 453 431.8 1756.25 0 -1 71.25 0 0 0 1 0 0
L 1792 460 453 435.4 1756.25 0 -1 71.25 0 1 0 1 0 0
L 1793 453 454 441 1680.6 1 0 158 1 0 1 1 0 0
L 1794 454 461 608.2 1685 0 1 71.25 0 0 0 1 0 0
L 1795 454 461 604.6 1685 0 1 71.25 0 1 0 1 0 0
L 1796 461 454 611.8 1756.25 0 -1 71.25 0 0 0 1 0 0
L 1797 461 454 615.4 1756.25 0 -1 71.25 0 1 0 1 0 0
L 1798 455 462 -611.8 1763.75 0 1 71.25 0 0 0 1 0 0
L 1799 455 462 -615.4 1763.75 0 1 71.25 0 1 0 1 0 0
L 1800 462 455 -608.2 1835 0 -1 71.25 0 0 0 1 0 0
L 1801 462 455 -604.6 1835 0 -1 71.25 0 1 0 1 0 0
L 1802 456 455 -441 1761 -1 0 158 1 0 1 1 0 1 3.5
L 1803 456 463 -431.8 1763.75 0 1 71.25 0 0 0 1 0 0
L 1804 456 463 -435.4 1763.75 0 1 71.25 0 1 0 1 0 0
L 1805 463 456 -428.2 1835 0 -1 71.25 0 0 0 1 0 0
L 1806 463 456 -424.6 1835 0 -1 71.25 0 1 0 1 0 0
L 1807 457 456 -261 1761 -1 0 158 1 0 1 1 0 1 3.5
L 1808 457 464 -251.8 1763.75 0 1 71.25 0 0 0 1 0 0
L 1809 457 464 -255.4 1763.75 0 1 71.25 0 1 0 1 0 0
L 1810 464 457 -248.2 1835 0 -1 71.25 0 0 0 1 0 0
L 1811 464 457 -244.6 1835 0 -1 71.25 0 1 0 1 0 0
L 1812 458 457 -11 1761 -1 0 228 1 0 1 1 0 1 3.5
L 1813 458 465 -1.8 1763.75 0 1 71.25 0 0 0 1 0 0
L 1814 458 465 -5.4 1763.75 0 1 71.25 0 1 0 1 0 0
L 1815 465 458 1.8 1835 0 -1 71.25 0 0 0 1 0 0
L 1816 465 458 5.4 1835 0 -1 71.25 0 1 0 1 0 0
L 1817 459 458 239 1761 -1 0 228 1 0 1 1 0 1 3.5
L 1818 459 466 248.2 1763.75 0 1 71.25 0 0 0 1 0 0
L 1819 459 466 244.6 1763.75 0 1 71.25 0 1 0 1 0 0
L 1820 466 459 251.8 1835 0 -1 71.25 0 0 0 1 0 0
L 1821 466 459 255.4 1835 0 -1 71.25 0 1 0 1 0 0
L 1822 460 459 419 1761 -1 0 158 1 0 1 1 0 1 3.5
L 1823 460 467 428.2 1763.75 0 1 71.25 0 0 0 1 0 0
L 1824 460 467 424.6 1763.75 0 1 71.25 0 1 0 1 0 0
L 1825 467 460 431.8 1835 0 -1 71.25 0 0 0 1 0 0
L 1826 467 460 435.4 1835 0 -1 71.25 0 1 0 1 0 0
L 1827 461 460 599 1761 -1 0 158 1 0 1 1 0 1 3.5
L 1828 461 468 608.2 1763.75 0 1 71.25 0 0 0 1 0 0
L 1829 461 468 604.6 1763.75 0 1 71.25 0 1 0 1 0 0
L 1830 468 461 611.8 1835 0 -1 71.25 0 0 0 1 0 0
L 1831 468 461 615.4 1835 0 -1 71.25 0 1 0 1 0 0
L 1832 462 469 -611.8 1845 0 1 70 0 0 0 1 0 0
L 1833 462 469 -615.4 1845 0 1 70 0 1 0 1 0 0
L 1834 469 462 -608.2 1915 0 -1 70 0 0 0 1 0 0
L 1835 469 462 -604.6 1915 0 -1 70 0 1 0 1 0 0
L 1836 462 463 -599 1840.6 1 0 158 1 0 1 1 0 0
L 1837 463 470 -431.8 1845 0 1 70 0 0 0 1 0 0
L 1838 463 470 -435.4 1845 0 1 70 0 1 0 1 0 0
L 1839 470 463 -428.2 1915 0 -1 70 0 0 0 1 0 0
L 1840 470 463 -424.6 1915 0 -1 70 0 1 0 1 0 0
L 1841 463 464 -419 1840.6 1 0 158 1 0 1 1 0 0
L 1842 464 471 -251.8 1845 0 1 70 0 0 0 1 0 0
L 1843 464 471 -255.4 1845 0 1 70 0 1 0 1 0 0
L 1844 471 464 -248.2 1915 0 -1 70 0 0 0 1 0 0
L 1845 471 464 -244.6 1915 0 -1 70 0 1 0 1 0 0
L 1846 464 465 -239 1840.6 1 0 228 1 0 1 1 0 0
L 1847 465 472 -1.8 1845 0 1 70 0 0 0 1 0 0
L 1848 465 472 -5.4 1845 0 1 70 0 1 0 1 0 0
L 1849 472 465 1.8 1915 0 -1 70 0 0 0 1 0 0
L 1850 472 465 5.4 1915 0 -1 70 0 1 0 1 0 0
L 1851 465 466 11 1840.6 1 0 228 1 0 1 1 0 0
L 1852 466 473 248.2 1845 0 1 70 0 0 0 1 0 0
L 1853 466 473 244.6 1845 0 1 70 0 1 0 1 0 0
L 1854 473 466 251.8 1915 0 -1 70 0 0 0 1 0 0
L 1855 473 466 255.4 1915 0 -1 70 0 1 0 1 0 0
L 1856 466 467 261 1840.6 1 0 158 1 0 1 1 0 0
L 1857 467 474 428.2 1845 0 1 70 0 0 0 1 0 0
L 1858 467 474 424.6 1845 0 1 70 0 1 0 1 0 0
L 1859 474 467 431.8 1915 0 -1 70 0 0 0 1 0 0
L 1860 474 467 435.4 1915 0 -1 70 0 1 0 1 0 0
L 1861 467 468 441 1840.6 1 0 158 1 0 1 1 0 0
L 1862 468 475 608.2 1845 0 1 70 0 0 0 1 0 0
L 1863 468 475 604.6 1845 0 1 70 0 1 0 1 0 0
L 1864 475 468 611.8 1915 0 -1 70 0 0 0 1 0 0
L 1865 475 468 615.4 1915 0 -1 70 0 1 0 1 0 0
L 1866 470 469 -441 1919.4 -1 0 158 1 0 1 1 0 0
L 1867 470 477 -431.8 1925 0 1 70 0 0 0 1 0 0
L 1868 470 477 -435.4 1925 0 1 70 0 1 0 1 0 0
L 1869 477 470 -428.2 1995 0 -1 70 0 0 0 1 0 0
L 1870 477 470 -424.6 1995 0 -1 70 0 1 0 1 0 0
L 1871 471 470 -261 1919.4 -1 0 158 1 0 1 1 0 0
L 1872 471 478 -251.8 1925 0 1 70 0 0 0 1 0 0
L 1873 471 478 -255.4 1925 0 1 70 0 1 0 1 0 0
L 1874 478 471 -248.2 1995 0 -1 70 0 0 0 1 0 0
L 1875 478 471 -244.6 1995 0 -1 70 0 1 0 1 0 0
L 1876 472 471 -11 1919.4 -1 0 228 1 0 1 1 0 0
L 1877 472 479 -1.8 1925 0 1 70 0 0 0 1 0 0
L 1878 472 479 -5.4 1925 0 1 70 0 1 0 1 0 0
L 1879 479 472 1.8 1995 0 -1 70 0 0 0 1 0 0
L 1880 479 472 5.4 1995 0 -1 70 0 1 0 1 0 0
L 1881 473 472 239 1919.4 -1 0 228 1 0 1 1 0 0
L 1882 473 480 248.2 1925 0 1 70 0 0 0 1 0 0
L 1883 473 480 244.6 1925 0 1 70 0 1 0 1 0 0
L 1884 480 473 251.8 1995 0 -1 70 0 0 0 1 0 0
L 1885 480 473 255.4 1995 0 -1 70 0 1 0 1 0 0
L 1886 474 473 419 1919.4 -1 0 158 1 0 1 1 0 0
L 1887 474 481 428.2 1925 0 1 70 0 0 0 1 0 0
L 1888 474 481 424.6 1925 0 1 70 0 1 0 1 0 0
L 1889 481 474 431.8 1995 0 -1 70 0 0 0 1 0 0
L 1890 481 474 435.4 1995 0 -1 70 0 1 0 1 0 0
L 1891 475 474 599 1919.4 -1 0 158 1 0 1 1 0 0
L 1892 475 482 608.2 1925 0 1 70 0 0 0 1 0 0
L 1893 475 482 604.6 1925 0 1 70 0 1 0 1 0 0
L 1894 482 475 611.8 1995 0 -1 70 0 0 0 1 0 0
L 1895 482 475 615.4 1995 0 -1 70 0 1 0 1 0 0
L 1896 476 477 -599 2000.6 1 0 158 1 0 1 1 0 0
L 1897 477 484 -431.8 2005 0 1 70 0 0 0 1 0 0
L 1898 477 484 -435.4 2005 0 1 70 0 1 0 1 0 0
L 1899 484 477 -428.2 2075 0 -1 70 0 0 0 1 0 0
L 1900 484 477 -424.6 2075 0 -1 70 0 1 0 1 0 0
L 1901 477 478 -419 2000.6 1 0 158 1 0 1 1 0 0
L 1902 478 485 -251.8 2005 0 1 70 0 0 0 1 0 0
L 1903 478 485 -255.4 2005 0 1 70 0 1 0 1 0 0
L 1904 485 478 -248.2 2075 0 -1 70 0 0 0 1 0 0
L 1905 485 478 -244.6 2075 0 -1 70 0 1 0 1 0 0
L 1906 478 479 -239 2000.6 1 0 228 1 0 1 1 0 0
L 1907 479 486 -1.8 2005 0 1 70 0 0 0 1 0 0
L 1908 479 486 -5.4 2005 0 1 70 0 1 0 1 0 0
L 1909 486 479 1.8 2075 0 -1 70 0 0 0 1 0 0
L 1910 486 479 5.4 2075 0 -1 70 0 1 0 1 0 0
L 1911 479 480 11 2000.6 1 0 228 1 0 1 1 0 0
L 1912 480 487 248.2 2005 0 1 70 0 0 0 1 0 0
L 1913 480 487 244.6 2005 0 1 70 0 1 0 1 0 0
L 1914 487 480 251.8 2075 0 -1 70 0 0 0 1 0 0
L 1915 487 480 255.4 2075 0 -1 70 0 1 0 1 0 0
L 1916 480 481 261 2000.6 1 0 158 1 0 1 1 0 0
L 1917 481 488 428.2 2005 0 1 70 0 0 0 1 0 0
L 1918 481 488 424.6 2005 0 1 70 0 1 0 1 0 0
L 1919 488 481 431.8 2075 0 -1 70 0 0 0 1 0 0
L 1920 488 481 435.4 2075 0 -1 70 0 1 0 1 0 0
L 1921 481 482 441 2000.6 1 0 158 1 0 1 1 0 0
L 1922 482 489 608.2 2005 0 1 70 0 0 0 1 0 0
L 1923 482 489 604.6 2005 0 1 70 0 1 0 1 0 0
L 1924 489 482 611.8 2075 0 -1 70 0 0 0 1 0 0
L 1925 489 482 615.4 2075 0 -1 70 0 1 0 1 0 0
L 1926 484 483 -441 2079.4 -1 0 158 1 0 1 0 0 0
L 1927 484 491 -431.8 2085 0 1 70 0 0 0 1 0 0
L 1928 484 491 -435.4 2085 0 1 70 0 1 0 1 0 0
L 1929 491 484 -428.2 2155 0 -1 70 0 0 0 1 0 0
L 1930 491 484 -424.6 2155 0 -1 70 0 1 0 1 0 0
L 1931 485 484 -261 2079.4 -1 0 158 1 0 1 1 0 0
L 1932 485 492 -251.8 2085 0 1 70 0 0 0 1 0 0
L 1933 485 492 -255.4 2085 0 1 70 0 1 0 1 0 0
L 1934 492 485 -248.2 2155 0 -1 70 0 0 0 1 0 0
L 1935 492 485 -244.6 2155 0 -1 70 0 1 0 1 0 0
L 1936 486 485 -11 2079.4 -1 0 228 1 0 1 1 0 0
L 1937 486 493 -1.8 2085 0 1 70 0 0 0 1 0 0
L 1938 486 493 -5.4 2085 0 1 70 0 1 0 1 0 0
L 1939 493 486 1.8 2155 0 -1 70 0 0 0 1 0 0
L 1940 493 486 5.4 2155 0 -1 70 0 1 0 1 0 0
L 1941 487 486 239 2079.4 -1 0 228 1 0 1 1 0 0
L 1942 487 494 248.2 2085 0 1 70 0 0 0 1 0 0
L 1943 487 494 244.6 2085 0 1 70 0 1 0 1 0 0
L 1944 494 487 251.8 2155 0 -1 70 0 0 0 1 0 0
L 1945 494 487 255.4 2155 0 -1 70 0 1 0 1 0 0
L 1946 488 487 419 2079.4 -1 0 158 1 0 1 1 0 0
L 1947 488 495 428.2 2085 0 1 70 0 0 0 1 0 0
L 1948 488 495 424.6 2085 0 1 70 0 1 0 1 0 0
L 1949 495 488 431.8 2155 0 -1 70 0 0 0 1 0 0
L 1950 495 488 435.4 2155 0 -1 70 0 1 0 1 0 0
L 1951 489 488 599 2079.4 -1 0 158 1 0 1 1 0 0
L 1952 489 496 608.2 2085 0 1 70 0 0 0 1 0 0
L 1953 489 496 604.6 2085 0 1 70 0 1 0 1 0 0
L 1954 496 489 611.8 2155 0 -1 70 0 0 0 1 0 0
L 1955 496 489 615.4 2155 0 -1 70 0 1 0 1 0 0
L 1956 491 498 -431.8 2165 0 1 70 0 0 0 1 0 0
L 1957 491 498 -435.4 2165 0 1 70 0 1 0 1 0 0
L 1958 498 491 -428.2 2235 0 -1 70 0 0 0 1 0 0
L 1959 498 491 -424.6 2235 0 -1 70 0 1 0 1 0 0
L 1960 491 492 -419 2160.6 1 0 158 1 0 1 1 0 0
L 1961 492 499 -251.8 2165 0 1 70 0 0 0 1 0 0
L 1962 492 499 -255.4 2165 0 1 70 0 1 0 1 0 0
L 1963 499 492 -248.2 2235 0 -1 70 0 0 0 1 0 0
L 1964 499 492 -244.6 2235 0 -1 70 0 1 0 1 0 0
L 1965 492 493 -239 2160.6 1 0 228 1 0 1 1 0 0
L 1966 493 500 -1.8 2165 0 1 70 0 0 0 1 0 0
L 1967 493 500 -5.4 2165 0 1 70 0 1 0 1 0 0
L 1968 500 493 1.8 2235 0 -1 70 0 0 0 1 0 0
L 1969 500 493 5.4 2235 0 -1 70 0 1 0 1 0 0
L 1970 493 494 11 2160.6 1 0 228 1 0 1 1 0 0
L 1971 494 501 248.2 2165 0 1 70 0 0 0 1 0 0
L 1972 494 501 244.6 2165 0 1 70 0 1 0 1 0 0
L 1973 501 494 251.8 2235 0 -1 70 0 0 0 1 0 0
L 1974 501 494 255.4 2235 0 -1 70 0 1 0 1 0 0
L 1975 494 495 261 2160.6 1 0 158 1 0 1 1 0 0
L 1976 495 502 428.2 2165 0 1 70 0 0 0 1 0 0
L 1977 495 502 424.6 2165 0 1 70 0 1 0 1 0 0
L 1978 502 495 431.8 2235 0 -1 70 0 0 0 1 0 0
L 1979 502 495 435.4 2235 0 -1 70 0 1 0 1 0 0
L 1980 495 496 441 2160.6 1 0 158 1 0 1 1 0 0
L 1981 496 503 608.2 2165 0 1 70 0 0 0 1 0 0
L 1982 496 503 604.6 2165 0 1 70 0 1 0 1 0 0
L 1983 503 496 611.8 2235 0 -1 70 0 0 0 1 0 0
L 1984 503 496 615.4 2235 0 -1 70 0 1 0 1 0 0
L 1985 498 505 -431.8 2245 0 1 70 0 0 0 1 0 0
L 1986 498 505 -435.4 2245 0 1 70 0 1 0 1 0 0
L 1987 505 498 -428.2 2315 0 -1 70 0 0 0 1 0 0
L 1988 505 498 -424.6 2315 0 -1 70 0 1 0 1 0 0
L 1989 499 498 -261 2239.4 -1 0 158 1 0 1 1 0 0
L 1990 499 506 -251.8 2245 0 1 70 0 0 0 1 0 0
L 1991 499 506 -255.4 2245 0 1 70 0 1 0 1 0 0
L 1992 506 499 -248.2 2315 0 -1 70 0 0 0 1 0 0
L 1993 506 499 -244.6 2315 0 -1 70 0 1 0 1 0 0
L 1994 500 499 -11 2239.4 -1 0 228 1 0 1 1 0 0
L 1995 500 787 -1.8 2245 0 1 22.2 0 0 0 0 0 0
L 1996 500 787 -5.4 2245 0 1 22.2 0 1 0 0 0 0
L 1997 507 787 1.8 2315 0 -1 22.2 0 0 0 0 0 0
L 1998 507 787 5.4 2315 0 -1 22.2 0 1 0 0 0 0
L 1999 501 500 239 2239.4 -1 0 228 1 0 1 1 0 0
L 2000 501 508 248.2 2245 0 1 70 0 0 0 1 0 0
L 2001 501 508 244.6 2245 0 1 70 0 1 0 1 0 0
L 2002 508 501 251.8 2315 0 -1 70 0 0 0 1 0 0
L 2003 508 501 255.4 2315 0 -1 70 0 1 0 1 0 0
L 2004 502 501 419 2239.4 -1 0 158 1 0 1 1 0 0
L 2005 502 509 428.2 2245 0 1 70 0 0 0 1 0 0
L 2006 502 509 424.6 2245 0 1 70 0 1 0 1 0 0
L 2007 509 502 431.8 2315 0 -1 70 0 0 0 1 0 0
L 2008 509 502 435.4 2315 0 -1 70 0 1 0 1 0 0
L 2009 503 502 599 2239.4 -1 0 158 1 0 1 1 0 0
L 2010 503 510 608.2 2245 0 1 70 0 0 0 1 0 0
L 2011 503 510 604.6 2245 0 1 70 0 1 0 1 0 0
L 2012 510 503 611.8 2315 0 -1 70 0 0 0 1 0 0
L 2013 510 503 615.4 2315 0 -1 70 0 1 0 1 0 0
L 2014 505 512 -431.8 2325 0 1 70 0 0 0 1 0 0
L 2015 505 512 -435.4 2325 0 1 70 0 1 0 1 0 0
L 2016 512 505 -428.2 2395 0 -1 70 0 0 0 1 0 0
L 2017 512 505 -424.6 2395 0 -1 70 0 1 0 1 0 0
L 2018 505 506 -419 2320.6 1 0 158 1 0 1 1 0 0
L 2019 506 513 -251.8 2325 0 1 70 0 0 0 1 0 0
L 2020 506 513 -255.4 2325 0 1 70 0 1 0 1 0 0
L 2021 513 506 -248.2 2395 0 -1 70 0 0 0 1 0 0
L 2022 513 506 -244.6 2395 0 -1 70 0 1 0 1 0 0
L 2023 506 507 -239 2320.6 1 0 228 1 0 1 1 0 0
L 2024 507 514 -1.8 2325 0 1 70 0 0 0 1 0 0
L 2025 507 514 -5.4 2325 0 1 70 0 1 0 1 0 0
L 2026 514 507 1.8 2395 0 -1 70 0 0 0 1 0 0
L 2027 514 507 5.4 2395 0 -1 70 0 1 0 1 0 0
L 2028 507 508 11 2320.6 1 0 228 1 0 1 1 0 0
L 2029 508 515 248.2 2325 0 1 70 0 0 0 1 0 0
L 2030 508 515 244.6 2325 0 1 70 0 1 0 1 0 0
L 2031 515 508 251.8 2395 0 -1 70 0 0 0 1 0 0
L 2032 515 508 255.4 2395 0 -1 70 0 1 0 1 0 0
L 2033 508 509 261 2320.6 1 0 158 1 0 1 1 0 0
L 2034 509 516 428.2 2325 0 1 70 0 0 0 1 0 0
L 2035 509 516 424.6 2325 0 1 70 0 1 0 1 0 0
L 2036 516 509 431.8 2395 0 -1 70 0 0 0 1 0 0
L 2037 516 509 435.4 2395 0 -1 70 0 1 0 1 0 0
L 2038 509 510 441 2320.6 1 0 158 1 0 1 1 0 0
L 2039 513 512 -261 2399.4 -1 0 158 1 0 1 1 0 0
L 2040 514 513 -11 2399.4 -1 0 228 1 0 1 1 0 0
L 2041 515 514 239 2399.4 -1 0 228 1 0 1 1 0 0
L 2042 516 515 419 2399.4 -1 0 158 1 0 1 1 0 0
L 2043 517 516 599 2399.4 -1 0 158 1 0 1 1 0 0
L 2044 595 596 -521.8 -2150.5 0 1 61 3 0 0 1 1 0
L 2045 595 596 -525.4 -2150.5 0 1 61 3 1 0 1 1 0
L 2046 596 595 -518.2 -2089.5 0 -1 61 3 0 0 1 1 0
L 2047 596 595 -514.6 -2089.5 0 -1 61 3 1 0 1 1 0
L 2048 596 597 -521.8 -2070.5 0 1 61 3 0 0 1 1 0
L 2049 596 597 -525.4 -2070.5 0 1 61 3 1 0 1 1 0
L 2050 597 596 -518.2 -2009.5 0 -1 61 3 0 0 1 1 0
L 2051 597 596 -514.6 -2009.5 0 -1 61 3 1 0 1 1 0
L 2052 597 598 -521.8 -1990.5 0 1 62 3 0 0 1 1 0
L 2053 597 598 -525.4 -1990.5 0 1 62 3 1 0 1 1 0
L 2054 598 597 -518.2 -1928.5 0 -1 62 3 0 0 1 1 0
L 2055 598 597 -514.6 -1928.5 0 -1 62 3 1 0 1 1 0
L 2056 598 599 -521.8 -1911.5 0 1 62 3 0 0 1 1 0
L 2057 598 599 -525.4 -1911.5 0 1 62 3 1 0 1 1 0
L 2058 599 598 -518.2 -1849.5 0 -1 62 3 0 0 1 1 0
L 2059 599 598 -514.6 -1849.5 0 -1 62 3 1 0 1 1 0
L 2060 599 600 -521.8 -1830.5 0 1 62 3 0 0 1 1 0
L 2061 599 600 -525.4 -1830.5 0 1 62 3 1 0 1 1 0
L 2062 600 599 -518.2 -1768.5 0 -1 62 3 0 0 1 1 0
L 2063 600 599 -514.6 -1768.5 0 -1 62 3 1 0 1 1 0
L 2064 600 601 -521.8 -1751.5 0 1 58 3 0 0 1 1 0
L 2065 600 601 -525.4 -1751.5 0 1 58 3 1 0 1 1 0
L 2066 601 600 -518.2 -1693.5 0 -1 58 3 0 0 1 1 0
L 2067 601 600 -514.6 -1693.5 0 -1 58 3 1 0 1 1 0
L 2068 601 602 -521.8 -1666.5 0 1 57 3 0 0 1 1 0
L 2069 601 602 -525.4 -1666.5 0 1 57 3 1 0 1 1 0
L 2070 602 601 -518.2 -1609.5 0 -1 57 3 0 0 1 1 0
L 2071 602 601 -514.6 -1609.5 0 -1 57 3 1 0 1 1 0
L 2072 602 603 -521.8 -1590.5 0 1 61 3 0 0 1 1 0
L 2073 602 603 -525.4 -1590.5 0 1 61 3 1 0 1 1 0
L 2074 603 602 -518.2 -1529.5 0 -1 61 3 0 0 1 1 0
L 2075 603 602 -514.6 -1529.5 0 -1 61 3 1 0 1 1 0
L 2076 603 604 -521.8 -1510.5 0 1 62 3 0 0 1 1 0
L 2077 603 604 -525.4 -1510.5 0 1 62 3 1 0 1 1 0
L 2078 604 603 -518.2 -1448.5 0 -1 62 3 0 0 1 1 0
L 2079 604 603 -514.6 -1448.5 0 -1 62 3 1 0 1 1 0
L 2080 604 605 -521.8 -1431.5 0 1 62 3 0 0 1 1 0
L 2081 604 605 -525.4 -1431.5 0 1 62 3 1 0 1 1 0
L 2082 605 604 -518.2 -1369.5 0 -1 62 3 0 0 1 1 0
L 2083 605 604 -514.6 -1369.5 0 -1 62 3 1 0 1 1 0
L 2084 605 606 -519.47 -1347.38 0.1843 0.9829 56.5 3 0 0 1 1 0
L 2085 605 606 -523 -1346.72 0.1843 0.9829 56.5 3 1 0 1 1 0
L 2086 606 605 -505.51 -1292.51 -0.1843 -0.9829 56.5 3 0 0 1 1 0
L 2087 606 605 -501.98 -1293.18 -0.1843 -0.9829 56.5 3 1 0 1 1 0
L 2088 606 607 -504.54 -1267.77 0.1843 0.9829 53 3 0 0 1 1 0
L 2089 606 607 -508.08 -1267.11 0.1843 0.9829 53 3 1 0 1 1 0
L 2090 607 606 -491.23 -1216.34 -0.1843 -0.9829 53 3 0 0 1 1 0
L 2091 607 606 -487.69 -1217 -0.1843 -0.9829 53 3 1 0 1 1 0
L 2092 607 608 -488.78 -1183.73 0.1843 0.9829 53 3 0 0 1 1 0
L 2093 607 608 -492.32 -1183.07 0.1843 0.9829 53 3 1 0 1 1 0
L 2094 608 607 -475.48 -1132.31 -0.1843 -0.9829 53 3 0 0 1 1 0
L 2095 608 607 -471.94 -1132.97 -0.1843 -0.9829 53 3 1 0 1 1 0
L 2096 608 609 -474.5 -1107.56 0.1843 0.9829 57 3 0 0 1 1 0
L 2097 608 609 -478.04 -1106.9 0.1843 0.9829 57 3 1 0 1 1 0
L 2098 609 608 -460.46 -1052.2 -0.1843 -0.9829 57 3 0 0 1 1 0
L 2099 609 608 -456.92 -1052.86 -0.1843 -0.9829 57 3 1 0 1 1 0
L 2100 609 218 -459.66 -1028.44 0.1843 0.9829 49 3 0 0 1 1 0
L 2101 609 218 -463.2 -1027.78 0.1843 0.9829 49 3 1 0 1 1 0
L 2102 218 609 -447.1 -980.94 -0.1843 -0.9829 49 3 0 0 1 1 0
L 2103 218 609 -443.56 -981.61 -0.1843 -0.9829 49 3 1 0 1 1 0
L 2104 225 610 -410 -840.77 0.4903 0.8716 30.5 3 0 0 1 1 0
L 2105 225 610 -413.14 -839 0.4903 0.8716 30.5 3 1 0 1 1 0
L 2106 610 225 -391.91 -815.95 -0.4903 -0.8716 30.5 3 0 0 1 1 0
L 2107 610 225 -388.77 -817.72 -0.4903 -0.8716 30.5 3 1 0 1 1 0
L 2108 610 611 -377.89 -783.68 0.4903 0.8716 56.5 3 0 0 1 1 0
L 2109 610 611 -381.02 -781.92 0.4903 0.8716 56.5 3 1 0 1 1 0
L 2110 611 610 -347.05 -736.2 -0.4903 -0.8716 56.5 3 0 0 1 1 0
L 2111 611 610 -343.91 -737.97 -0.4903 -0.8716 56.5 3 1 0 1 1 0
L 2112 611 612 -333.03 -703.93 0.4903 0.8716 57 3 0 0 1 1 0
L 2113 611 612 -336.16 -702.17 0.4903 0.8716 57 3 1 0 1 1 0
L 2114 612 611 -301.94 -656.02 -0.4903 -0.8716 57 3 0 0 1 1 0
L 2115 612 611 -298.81 -657.78 -0.4903 -0.8716 57 3 1 0 1 1 0
L 2116 612 254 -291.35 -629.85 0.4903 0.8716 44 3 0 0 1 1 0
L 2117 612 254 -294.49 -628.08 0.4903 0.8716 44 3 1 0 1 1 0
L 2118 254 612 -266.64 -593.26 -0.4903 -0.8716 44 3 0 0 1 1 0
L 2119 254 612 -263.51 -595.03 -0.4903 -0.8716 44 3 1 0 1 1 0
L 2120 254 613 -232.58 -544.94 0.7214 0.6925 71 3 0 0 1 0 0
L 2121 254 613 -235.07 -542.34 0.7214 0.6925 71 3 1 0 1 0 0 4.5 -9.3
L 2122 613 614 -145.29 -461.14 0.7214 0.6925 64 3 0 0 1 0 0
L 2123 613 614 -147.78 -458.54 0.7214 0.6925 64 3 1 0 1 0 0 4.5 -9.3
L 2124 614 276 -65.94 -384.96 0.7214 0.6925 62.5 3 0 1 1 0 0
L 2125 614 276 -68.43 -382.37 0.7214 0.6925 62.5 3 1 1 1 0 0 4.5 -9.3
L 2126 332 615 22.75 354.13 0.53 0.848 35 3 0 0 1 0 0
L 2127 332 615 19.69 356.04 0.53 0.848 35 3 1 0 1 0 0 4.5 -9.3
L 2128 615 616 60.64 414.76 0.53 0.848 58 3 0 0 1 0 0
L 2129 615 616 57.59 416.67 0.53 0.848 58 3 1 0 1 0 0 4.5 -9.3
L 2130 616 617 110.73 494.9 0.53 0.848 58 3 0 0 1 0 0
L 2131 616 617 107.67 496.81 0.53 0.848 58 3 1 0 1 0 0 4.5 -9.3
L 2132 617 618 160.55 574.61 0.53 0.848 58 3 0 0 1 0 0
L 2133 617 618 157.49 576.52 0.53 0.848 58 3 1 0 1 0 0 4.5 -9.3
L 2134 618 368 210.63 654.75 0.53 0.848 35.5 3 0 0 1 0 0
L 2135 618 368 207.58 656.66 0.53 0.848 35.5 3 1 0 1 0 0 4.5 -9.3
L 2136 368 619 272.62 757.76 0.4903 0.8716 30.5 3 0 0 1 0 0
L 2137 368 619 269.48 759.53 0.4903 0.8716 30.5 3 1 0 1 0 0 4.5 -9.3
L 2138 619 620 304.73 814.85 0.4903 0.8716 56.5 3 0 0 1 0 0
L 2139 619 620 301.59 816.61 0.4903 0.8716 56.5 3 1 0 1 0 0 4.5 -9.3
L 2140 620 621 349.59 894.6 0.4903 0.8716 57 3 0 0 1 0 0
L 2141 620 621 346.45 896.36 0.4903 0.8716 57 3 1 0 1 0 0 4.5 -9.3
L 2142 621 397 394.69 974.78 0.4903 0.8716 30 3 0 0 1 0 0
L 2143 621 397 391.55 976.55 0.4903 0.8716 30 3 1 0 1 0 0 4.5 -9.3
L 2144 397 622 409.47 1078.94 -0.4903 0.8716 30.5 3 0 0 1 0 0
L 2145 397 622 406.34 1077.17 -0.4903 0.8716 30.5 3 1 0 1 0 0 4.5 -9.3
L 2146 622 623 377.36 1136.03 -0.4903 0.8716 56.5 3 0 0 1 0 0
L 2147 622 623 374.22 1134.26 -0.4903 0.8716 56.5 3 1 0 1 0 0 4.5 -9.3
L 2148 623 624 332.5 1215.77 -0.4903 0.8716 57 3 0 0 1 0 0
L 2149 623 624 329.37 1214.01 -0.4903 0.8716 57 3 1 0 1 0 0 4.5 -9.3
L 2150 624 424 287.4 1295.96 -0.4903 0.8716 30 3 0 0 1 0 0
L 2151 624 424 284.26 1294.2 -0.4903 0.8716 30 3 1 0 1 0 0 4.5 -9.3
L 2152 431 625 232.35 1420.49 -0.2983 0.9545 13 3 0 0 1 0 0
L 2153 431 625 228.92 1419.42 -0.2983 0.9545 13 3 1 0 1 0 0 4.5 -9.3
L 2154 625 626 221.91 1453.9 -0.2983 0.9545 55.5 3 0 0 1 0 0
L 2155 625 626 218.48 1452.82 -0.2983 0.9545 55.5 3 1 0 1 0 0 4.5 -9.3
L 2156 626 627 197.01 1533.6 -0.2983 0.9545 57 3 0 0 1 0 0
L 2157 626 627 193.57 1532.52 -0.2983 0.9545 57 3 1 0 1 0 0 4.5 -9.3
L 2158 627 628 172.4 1612.34 -0.2983 0.9545 57 3 0 0 1 0 0
L 2159 627 628 168.96 1611.27 -0.2983 0.9545 57 3 1 0 1 0 0 4.5 -9.3
L 2160 628 629 146.9 1693.95 -0.2983 0.9545 57 3 0 0 1 0 0
L 2161 628 629 143.46 1692.87 -0.2983 0.9545 57 3 1 0 1 0 0 4.5 -9.3
L 2162 629 630 122.29 1772.69 -0.2983 0.9545 57 3 0 0 1 0 0
L 2163 629 630 118.85 1771.62 -0.2983 0.9545 57 3 1 0 1 0 0 4.5 -9.3
L 2164 630 631 96.94 1853.82 -0.2983 0.9545 55.5 3 0 0 1 0 0
L 2165 630 631 93.5 1852.75 -0.2983 0.9545 55.5 3 1 0 1 0 0 4.5 -9.3
L 2166 631 632 71.88 1934 -0.2983 0.9545 55.5 3 0 0 1 0 0
L 2167 631 632 68.45 1932.93 -0.2983 0.9545 55.5 3 1 0 1 0 0 4.5 -9.3
L 2168 632 633 46.98 2013.7 -0.2983 0.9545 55.5 3 0 0 1 0 0
L 2169 632 633 43.54 2012.63 -0.2983 0.9545 55.5 3 1 0 1 0 0 4.5 -9.3
L 2170 633 486 23.71 2088.15 -0.2983 0.9545 12 3 0 0 1 0 0
L 2171 633 486 20.27 2087.08 -0.2983 0.9545 12 3 1 0 1 0 0 4.5 -9.3
L 2632 787 507 -1.8 2292.8 0 1 22.2 0 0 0 1 0 0
L 2633 787 507 -5.4 2292.8 0 1 22.2 0 1 0 1 0 0
L 2634 787 500 1.8 2267.2 0 -1 22.2 0 0 0 1 0 0
L 2635 787 500 5.4 2267.2 0 -1 22.2 0 1 0 1 0 0
L 2660 792 438 248.2 1493.4 0 1 21.6 0 0 0 1 0 0
L 2661 792 438 244.6 1493.4 0 1 21.6 0 1 0 1 0 0
L 2662 792 431 251.8 1466.6 0 -1 21.6 0 0 0 1 0 0
L 2663 792 431 255.4 1466.6 0 -1 21.6 0 1 0 1 0 0
L 2680 797 249 248.2 -667.2 0 1 22.2 0 0 0 1 0 0
L 2681 797 249 244.6 -667.2 0 1 22.2 0 1 0 1 0 0
L 2682 797 242 251.8 -692.8 0 -1 22.2 0 0 0 1 0 0
L 2683 797 242 255.4 -692.8 0 -1 22.2 0 1 0 1 0 0
L 2708 802 45 -1.8 -2987.2 0 1 22.2 0 0 0 1 0 0
L 2709 802 45 -5.4 -2987.2 0 1 22.2 0 1 0 1 0 0
L 2710 802 38 1.8 -3012.8 0 -1 23.45 0 0 0 1 0 0
L 2711 802 38 5.4 -3012.8 0 -1 23.45 0 1 0 1 0 0
C 0 0 9 0 7.5 5 -251.8 -3283.75 -251.8 -3281.88 -251.8 -3280 -251.8 -3278.13 -251.8 -3276.25
C 1 0 13 1 14.6 7 -251.8 -3283.75 -251.21 -3281.77 -249.62 -3280.77 -247.31 -3280.46 -244.59 -3280.58 -241.72 -3280.85 -239 -3281
C 2 1 10 0 7.5 5 -255.4 -3283.75 -255.4 -3281.88 -255.4 -3280 -255.4 -3278.13 -255.4 -3276.25
C 3 2 0 2 6.57 5 -248.2 -3355 -248.76 -3356.82 -250 -3357.43 -251.24 -3356.82 -251.8 -3355
C 4 3 1 2 20.12 10 -244.6 -3355 -244.97 -3357.88 -245.96 -3360.04 -247.4 -3361.48 -249.1 -3362.2 -250.9 -3362.2 -252.6 -3361.48 -254.04 -3360.04 -255.03 -3357.88 -255.4 -3355
C 5 4 0 1 15.54 8 -239 -3360.6 -241.42 -3360.58 -243.92 -3360.44 -246.33 -3360.11 -248.48 -3359.49 -250.22 -3358.49 -251.38 -3357.03 -251.8 -3355
C 6 5 14 0 7.5 5 -1.8 -3283.75 -1.8 -3281.88 -1.8 -3280 -1.8 -3278.13 -1.8 -3276.25
C 7 6 15 0 7.5 5 -5.4 -3283.75 -5.4 -3281.88 -5.4 -3280 -5.4 -3278.13 -5.4 -3276.25
C 8 7 4 1 15.54 8 1.8 -3355 1.38 -3357.03 0.22 -3358.49 -1.52 -3359.49 -3.67 -3360.11 -6.08 -3360.44 -8.58 -3360.58 -11 -3360.6
C 9 8 4 1 19.32 9 5.4 -3355 4.97 -3357.18 3.79 -3358.73 1.99 -3359.74 -0.27 -3360.33 -2.84 -3360.61 -5.59 -3360.68 -8.35 -3360.64 -11 -3360.6
C 10 9 18 0 10 5 -251.8 -3205 -251.8 -3202.5 -251.8 -3200 -251.8 -3197.5 -251.8 -3195
C 11 10 19 0 10 5 -255.4 -3205 -255.4 -3202.5 -255.4 -3200 -255.4 -3197.5 -255.4 -3195
C 12 11 2 0 7.5 5 -248.2 -3276.25 -248.2 -3278.13 -248.2 -3280 -248.2 -3281.88 -248.2 -3283.75
C 13 12 3 0 7.5 5 -244.6 -3276.25 -244.6 -3278.13 -244.6 -3280 -244.6 -3281.88 -244.6 -3283.75
C 14 12 13 2 8.1 5 -244.6 -3276.25 -244.13 -3278.2 -242.87 -3279.7 -241.08 -3280.66 -239 -3281
C 15 13 7 1 14.6 7 -11 -3281 -8.28 -3280.85 -5.41 -3280.58 -2.69 -3280.46 -0.38 -3280.77 1.21 -3281.77 1.8 -3283.75
C 16 13 15 2 8.1 5 -11 -3281 -8.92 -3280.66 -7.13 -3279.7 -5.87 -3278.2 -5.4 -3276.25
C 17 14 23 0 10 5 -1.8 -3205 -1.8 -3202.5 -1.8 -3200 -1.8 -3197.5 -1.8 -3195
C 18 15 22 2 7.86 5 -5.4 -3205 -5.88 -3203.14 -7.16 -3201.76 -8.95 -3200.9 -11 -3200.6
C 19 15 24 0 10 5 -5.4 -3205 -5.4 -3202.5 -5.4 -3200 -5.4 -3197.5 -5.4 -3195
C 20 16 7 0 7.5 5 1.8 -3276.25 1.8 -3278.13 1.8 -3280 1.8 -3281.88 1.8 -3283.75
C 21 17 8 0 7.5 5 5.4 -3276.25 5.4 -3278.13 5.4 -3280 5.4 -3281.88 5.4 -3283.75
C 22 18 33 0 10 5 -251.8 -3125 -251.8 -3122.5 -251.8 -3120 -251.8 -3117.5 -251.8 -3115
C 23 18 37 1 15.54 8 -251.8 -3125 -251.38 -3122.97 -250.22 -3121.51 -248.48 -3120.51 -246.33 -3119.89 -243.92 -3119.56 -241.42 -3119.42 -239 -3119.4
C 24 19 34 0 10 5 -255.4 -3125 -255.4 -3122.5 -255.4 -3120 -255.4 -3117.5 -255.4 -3115
C 25 20 11 0 10 5 -248.2 -3195 -248.2 -3197.5 -248.2 -3200 -248.2 -3202.5 -248.2 -3205
C 26 21 12 0 10 5 -244.6 -3195 -244.6 -3197.5 -244.6 -3200 -244.6 -3202.5 -244.6 -3205
C 27 22 12 2 7.86 5 -239 -3200.6 -241.05 -3200.9 -242.84 -3201.76 -244.12 -3203.14 -244.6 -3205
C 28 22 18 1 15.54 8 -239 -3200.6 -241.42 -3200.58 -243.92 -3200.44 -246.33 -3200.11 -248.48 -3199.49 -250.22 -3198.49 -251.38 -3197.03 -251.8 -3195
C 29 23 38 0 10 5 -1.8 -3125 -1.8 -3122.5 -1.8 -3120 -1.8 -3117.5 -1.8 -3115
C 30 23 42 1 15.54 8 -1.8 -3125 -1.38 -3122.97 -0.22 -3121.51 1.52 -3120.51 3.67 -3119.89 6.08 -3119.56 8.58 -3119.42 11 -3119.4
C 31 24 39 0 10 5 -5.4 -3125 -5.4 -3122.5 -5.4 -3120 -5.4 -3117.5 -5.4 -3115
C 32 25 16 0 10 5 1.8 -3195 1.8 -3197.5 1.8 -3200 1.8 -3202.5 1.8 -3205
C 33 25 22 1 15.54 8 1.8 -3195 1.38 -3197.03 0.22 -3198.49 -1.52 -3199.49 -3.67 -3200.11 -6.08 -3200.44 -8.58 -3200.58 -11 -3200.6
C 34 26 17 0 10 5 5.4 -3195 5.4 -3197.5 5.4 -3200 5.4 -3202.5 5.4 -3205
C 35 27 17 2 7.86 5 11 -3200.6 8.95 -3200.9 7.16 -3201.76 5.88 -3203.14 5.4 -3205
C 36 27 22 0 22 10 11 -3200.6 8.56 -3200.6 6.11 -3200.6 3.67 -3200.6 1.22 -3200.6 -1.22 -3200.6 -3.67 -3200.6 -6.11 -3200.6 -8.56 -3200.6 -11 -3200.6
C 37 27 23 1 15.54 8 11 -3200.6 8.58 -3200.58 6.08 -3200.44 3.67 -3200.11 1.52 -3199.49 -0.22 -3198.49 -1.38 -3197.03 -1.8 -3195
C 38 28 43 0 10 5 248.2 -3125 248.2 -3122.5 248.2 -3120 248.2 -3117.5 248.2 -3115
C 39 29 44 0 10 5 244.6 -3125 244.6 -3122.5 244.6 -3120 244.6 -3117.5 244.6 -3115
C 40 30 27 1 15.54 8 251.8 -3195 251.38 -3197.03 250.22 -3198.49 248.48 -3199.49 246.33 -3200.11 243.92 -3200.44 241.42 -3200.58 239 -3200.6
C 41 31 27 1 19.32 9 255.4 -3195 254.97 -3197.18 253.79 -3198.73 251.99 -3199.74 249.73 -3200.33 247.16 -3200.61 244.41 -3200.68 241.65 -3200.64 239 -3200.6
C 42 32 20 1 15.54 8 -261 -3119.4 -258.58 -3119.42 -256.08 -3119.56 -253.67 -3119.89 -251.52 -3120.51 -249.78 -3121.51 -248.62 -3122.97 -248.2 -3125
C 43 32 34 2 7.86 5 -261 -3119.4 -258.95 -3119.1 -257.16 -3118.24 -255.88 -3116.86 -255.4 -3115
C 44 32 37 0 22 10 -261 -3119.4 -258.56 -3119.4 -256.11 -3119.4 -253.67 -3119.4 -251.22 -3119.4 -248.78 -3119.4 -246.33 -3119.4 -243.89 -3119.4 -241.44 -3119.4 -239 -3119.4
C 45 33 52 0 7.5 5 -251.8 -3043.75 -251.8 -3041.88 -251.8 -3040 -251.8 -3038.13 -251.8 -3036.25
C 46 34 51 2 8.1 5 -255.4 -3043.75 -255.87 -3041.8 -257.13 -3040.3 -258.92 -3039.34 -261 -3039
C 47 34 53 0 7.5 5 -255.4 -3043.75 -255.4 -3041.88 -255.4 -3040 -255.4 -3038.13 -255.4 -3036.25
C 48 35 20 0 10 5 -248.2 -3115 -248.2 -3117.5 -248.2 -3120 -248.2 -3122.5 -248.2 -3125
C 49 36 21 0 10 5 -244.6 -3115 -244.6 -3117.5 -244.6 -3120 -244.6 -3122.5 -244.6 -3125
C 50 36 37 2 7.86 5 -244.6 -3115 -244.12 -3116.86 -242.84 -3118.24 -241.05 -3119.1 -239 -3119.4
C 51 37 25 1 15.54 8 -11 -3119.4 -8.58 -3119.42 -6.08 -3119.56 -3.67 -3119.89 -1.52 -3120.51 0.22 -3121.51 1.38 -3122.97 1.8 -3125
C 52 37 39 2 7.86 5 -11 -3119.4 -8.95 -3119.1 -7.16 -3118.24 -5.88 -3116.86 -5.4 -3115
C 53 37 42 0 22 10 -11 -3119.4 -8.56 -3119.4 -6.11 -3119.4 -3.67 -3119.4 -1.22 -3119.4 1.22 -3119.4 3.67 -3119.4 6.11 -3119.4 8.56 -3119.4 11 -3119.4
C 54 38 57 0 7.5 5 -1.8 -3043.75 -1.8 -3041.88 -1.8 -3040 -1.8 -3038.13 -1.8 -3036.25
C 55 39 56 2 8.1 5 -5.4 -3043.75 -5.87 -3041.8 -7.13 -3040.3 -8.92 -3039.34 -11 -3039
C 56 39 58 0 7.5 5 -5.4 -3043.75 -5.4 -3041.88 -5.4 -3040 -5.4 -3038.13 -5.4 -3036.25
C 57 40 25 0 10 5 1.8 -3115 1.8 -3117.5 1.8 -3120 1.8 -3122.5 1.8 -3125
C 58 41 26 0 10 5 5.4 -3115 5.4 -3117.5 5.4 -3120 5.4 -3122.5 5.4 -3125
C 59 41 42 2 7.86 5 5.4 -3115 5.88 -3116.86 7.16 -3118.24 8.95 -3119.1 11 -3119.4
C 60 42 30 1 15.54 8 239 -3119.4 241.42 -3119.42 243.92 -3119.56 246.33 -3119.89 248.48 -3120.51 250.22 -3121.51 251.38 -3122.97 251.8 -3125
C 61 42 44 2 7.86 5 239 -3119.4 241.05 -3119.1 242.84 -3118.24 244.12 -3116.86 244.6 -3115
C 62 43 62 0 7.5 5 248.2 -3043.75 248.2 -3041.88 248.2 -3040 248.2 -3038.13 248.2 -3036.25
C 63 44 61 2 8.1 5 244.6 -3043.75 244.13 -3041.8 242.87 -3040.3 241.08 -3039.34 239 -3039
C 64 44 63 0 7.5 5 244.6 -3043.75 244.6 -3041.88 244.6 -3040 244.6 -3038.13 244.6 -3036.25
C 65 45 30 0 10 5 251.8 -3115 251.8 -3117.5 251.8 -3120 251.8 -3122.5 251.8 -3125
C 66 46 31 0 10 5 255.4 -3115 255.4 -3117.5 255.4 -3120 255.4 -3122.5 255.4 -3125
C 67 47 66 0 10 5 -431.8 -2965 -431.8 -2962.5 -431.8 -2960 -431.8 -2957.5 -431.8 -2955
C 68 47 70 1 15.54 8 -431.8 -2965 -431.38 -2962.97 -430.22 -2961.51 -428.48 -2960.51 -426.33 -2959.89 -423.92 -2959.56 -421.42 -2959.42 -419 -2959.4
C 69 48 67 0 10 5 -435.4 -2965 -435.4 -2962.5 -435.4 -2960 -435.4 -2957.5 -435.4 -2955
C 70 49 47 2 6.57 5 -428.2 -3036.25 -428.76 -3038.07 -430 -3038.68 -431.24 -3038.07 -431.8 -3036.25
C 71 50 48 2 20.12 10 -424.6 -3036.25 -424.97 -3039.13 -425.96 -3041.29 -427.4 -3042.73 -429.1 -3043.45 -430.9 -3043.45 -432.6 -3042.73 -434.04 -3041.29 -435.03 -3039.13 -435.4 -3036.25
C 72 51 47 1 14.6 7 -419 -3039 -421.72 -3039.15 -424.59 -3039.42 -427.31 -3039.54 -429.62 -3039.23 -431.21 -3038.23 -431.8 -3036.25
C 73 52 71 0 10 5 -251.8 -2965 -251.8 -2962.5 -251.8 -2960 -251.8 -2957.5 -251.8 -2955
C 74 52 75 1 15.54 8 -251.8 -2965 -251.38 -2962.97 -250.22 -2961.51 -248.48 -2960.51 -246.33 -2959.89 -243.92 -2959.56 -241.42 -2959.42 -239 -2959.4
C 75 53 72 0 10 5 -255.4 -2965 -255.4 -2962.5 -255.4 -2960 -255.4 -2957.5 -255.4 -2955
C 76 54 35 0 7.5 5 -248.2 -3036.25 -248.2 -3038.13 -248.2 -3040 -248.2 -3041.88 -248.2 -3043.75
C 77 54 51 1 14.6 7 -248.2 -3036.25 -248.79 -3038.23 -250.38 -3039.23 -252.69 -3039.54 -255.41 -3039.42 -258.28 -3039.15 -261 -3039
C 78 55 36 0 7.5 5 -244.6 -3036.25 -244.6 -3038.13 -244.6 -3040 -244.6 -3041.88 -244.6 -3043.75
C 79 56 36 2 8.1 5 -239 -3039 -241.08 -3039.34 -242.87 -3040.3 -244.13 -3041.8 -244.6 -3043.75
C 80 56 51 0 22 10 -239 -3039 -241.44 -3039 -243.89 -3039 -246.33 -3039 -248.78 -3039 -251.22 -3039 -253.67 -3039 -256.11 -3039 -258.56 -3039 -261 -3039
C 81 56 52 1 14.6 7 -239 -3039 -241.72 -3039.15 -244.59 -3039.42 -247.31 -3039.54 -249.62 -3039.23 -251.21 -3038.23 -251.8 -3036.25
C 82 57 2708 0 25.6 12 -1.8 -3012.8 -1.8 -3010.47 -1.8 -3008.15 -1.8 -3005.82 -1.8 -3003.49 -1.8 -3001.16 -1.8 -2998.84 -1.8 -2996.51 -1.8 -2994.18 -1.8 -2991.85 -1.8 -2989.53 -1.8 -2987.2
C 83 58 2709 0 25.6 12 -5.4 -3012.8 -5.4 -3010.47 -5.4 -3008.15 -5.4 -3005.82 -5.4 -3003.49 -5.4 -3001.16 -5.4 -2998.84 -5.4 -2996.51 -5.4 -2994.18 -5.4 -2991.85 -5.4 -2989.53 -5.4 -2987.2
C 84 59 2710 0 25.6 12 1.8 -2987.2 1.8 -2989.53 1.8 -2991.85 1.8 -2994.18 1.8 -2996.51 1.8 -2998.84 1.8 -3001.16 1.8 -3003.49 1.8 -3005.82 1.8 -3008.15 1.8 -3010.47 1.8 -3012.8
C 85 60 2711 0 25.6 12 5.4 -2987.2 5.4 -2989.53 5.4 -2991.85 5.4 -2994.18 5.4 -2996.51 5.4 -2998.84 5.4 -3001.16 5.4 -3003.49 5.4 -3005.82 5.4 -3008.15 5.4 -3010.47 5.4 -3012.8
C 86 61 41 2 8.1 5 11 -3039 8.92 -3039.34 7.13 -3040.3 5.87 -3041.8 5.4 -3043.75
C 87 61 56 0 22 10 11 -3039 8.56 -3039 6.11 -3039 3.67 -3039 1.22 -3039 -1.22 -3039 -3.67 -3039 -6.11 -3039 -8.56 -3039 -11 -3039
C 88 61 57 1 14.6 7 11 -3039 8.28 -3039.15 5.41 -3039.42 2.69 -3039.54 0.38 -3039.23 -1.21 -3038.23 -1.8 -3036.25
C 89 62 81 0 10 5 248.2 -2965 248.2 -2962.5 248.2 -2960 248.2 -2957.5 248.2 -2955
C 90 62 85 1 15.54 8 248.2 -2965 248.62 -2962.97 249.78 -2961.51 251.52 -2960.51 253.67 -2959.89 256.08 -2959.56 258.58 -2959.42 261 -2959.4
C 91 63 82 0 10 5 244.6 -2965 244.6 -2962.5 244.6 -2960 244.6 -2957.5 244.6 -2955
C 92 64 45 0 7.5 5 251.8 -3036.25 251.8 -3038.13 251.8 -3040 251.8 -3041.88 251.8 -3043.75
C 93 64 61 1 14.6 7 251.8 -3036.25 251.21 -3038.23 249.62 -3039.23 247.31 -3039.54 244.59 -3039.42 241.72 -3039.15 239 -3039
C 94 65 46 0 7.5 5 255.4 -3036.25 255.4 -3038.13 255.4 -3040 255.4 -3041.88 255.4 -3043.75
C 95 66 86 0 10 5 -431.8 -2885 -431.8 -2882.5 -431.8 -2880 -431.8 -2877.5 -431.8 -2875
C 96 67 87 0 10 5 -435.4 -2885 -435.4 -2882.5 -435.4 -2880 -435.4 -2877.5 -435.4 -2875
C 97 68 49 0 10 5 -428.2 -2955 -428.2 -2957.5 -428.2 -2960 -428.2 -2962.5 -428.2 -2965
C 98 69 50 0 10 5 -424.6 -2955 -424.6 -2957.5 -424.6 -2960 -424.6 -2962.5 -424.6 -2965
C 99 69 70 2 7.86 5 -424.6 -2955 -424.12 -2956.86 -422.84 -2958.24 -421.05 -2959.1 -419 -2959.4
C 100 70 54 1 15.54 8 -261 -2959.4 -258.58 -2959.42 -256.08 -2959.56 -253.67 -2959.89 -251.52 -2960.51 -249.78 -2961.51 -248.62 -2962.97 -248.2 -2965
C 101 70 72 2 7.86 5 -261 -2959.4 -258.95 -2959.1 -257.16 -2958.24 -255.88 -2956.86 -255.4 -2955
C 102 70 75 0 22 10 -261 -2959.4 -258.56 -2959.4 -256.11 -2959.4 -253.67 -2959.4 -251.22 -2959.4 -248.78 -2959.4 -246.33 -2959.4 -243.89 -2959.4 -241.44 -2959.4 -239 -2959.4
C 103 71 91 0 10 5 -251.8 -2885 -251.8 -2882.5 -251.8 -2880 -251.8 -2877.5 -251.8 -2875
C 104 72 90 2 7.86 5 -255.4 -2885 -255.88 -2883.14 -257.16 -2881.76 -258.95 -2880.9 -261 -2880.6
C 105 72 92 0 10 5 -255.4 -2885 -255.4 -2882.5 -255.4 -2880 -255.4 -2877.5 -255.4 -2875
C 106 73 54 0 10 5 -248.2 -2955 -248.2 -2957.5 -248.2 -2960 -248.2 -2962.5 -248.2 -2965
C 107 74 55 0 10 5 -244.6 -2955 -244.6 -2957.5 -244.6 -2960 -244.6 -2962.5 -244.6 -2965
C 108 74 75 2 7.86 5 -244.6 -2955 -244.12 -2956.86 -242.84 -2958.24 -241.05 -2959.1 -239 -2959.4
C 109 75 59 1 15.54 8 -11 -2959.4 -8.58 -2959.42 -6.08 -2959.56 -3.67 -2959.89 -1.52 -2960.51 0.22 -2961.51 1.38 -2962.97 1.8 -2965
C 110 75 77 2 7.86 5 -11 -2959.4 -8.95 -2959.1 -7.16 -2958.24 -5.88 -2956.86 -5.4 -2955
C 111 75 80 0 22 10 -11 -2959.4 -8.56 -2959.4 -6.11 -2959.4 -3.67 -2959.4 -1.22 -2959.4 1.22 -2959.4 3.67 -2959.4 6.11 -2959.4 8.56 -2959.4 11 -2959.4
C 112 76 96 0 10 5 -1.8 -2885 -1.8 -2882.5 -1.8 -2880 -1.8 -2877.5 -1.8 -2875
C 113 77 95 2 7.86 5 -5.4 -2885 -5.88 -2883.14 -7.16 -2881.76 -8.95 -2880.9 -11 -2880.6
C 114 77 97 0 10 5 -5.4 -2885 -5.4 -2882.5 -5.4 -2880 -5.4 -2877.5 -5.4 -2875
C 115 78 59 0 10 5 1.8 -2955 1.8 -2957.5 1.8 -2960 1.8 -2962.5 1.8 -2965
C 116 79 60 0 10 5 5.4 -2955 5.4 -2957.5 5.4 -2960 5.4 -2962.5 5.4 -2965
C 117 79 80 2 7.86 5 5.4 -2955 5.88 -2956.86 7.16 -2958.24 8.95 -2959.1 11 -2959.4
C 118 80 64 1 15.54 8 239 -2959.4 241.42 -2959.42 243.92 -2959.56 246.33 -2959.89 248.48 -2960.51 250.22 -2961.51 251.38 -2962.97 251.8 -2965
C 119 80 82 2 7.86 5 239 -2959.4 241.05 -2959.1 242.84 -2958.24 244.12 -2956.86 244.6 -2955
C 120 80 85 0 22 10 239 -2959.4 241.44 -2959.4 243.89 -2959.4 246.33 -2959.4 248.78 -2959.4 251.22 -2959.4 253.67 -2959.4 256.11 -2959.4 258.56 -2959.4 261 -2959.4
C 121 81 101 0 10 5 248.2 -2885 248.2 -2882.5 248.2 -2880 248.2 -2877.5 248.2 -2875
C 122 82 100 2 7.86 5 244.6 -2885 244.12 -2883.14 242.84 -2881.76 241.05 -2880.9 239 -2880.6
C 123 82 102 0 10 5 244.6 -2885 244.6 -2882.5 244.6 -2880 244.6 -2877.5 244.6 -2875
C 124 83 64 0 10 5 251.8 -2955 251.8 -2957.5 251.8 -2960 251.8 -2962.5 251.8 -2965
C 125 84 65 0 10 5 255.4 -2955 255.4 -2957.5 255.4 -2960 255.4 -2962.5 255.4 -2965
C 126 84 85 2 7.86 5 255.4 -2955 255.88 -2956.86 257.16 -2958.24 258.95 -2959.1 261 -2959.4
C 127 86 110 0 18 9 -431.8 -2809 -431.8 -2806.75 -431.8 -2804.5 -431.8 -2802.25 -431.8 -2800 -431.8 -2797.75 -431.8 -2795.5 -431.8 -2793.25 -431.8 -2791
C 128 86 114 1 18.43 9 -431.8 -2809 -431.52 -2806.68 -430.71 -2804.61 -429.46 -2802.8 -427.83 -2801.27 -425.9 -2800.04 -423.73 -2799.14 -421.41 -2798.59 -419 -2798.4
C 129 87 111 0 18 9 -435.4 -2809 -435.4 -2806.75 -435.4 -2804.5 -435.4 -2802.25 -435.4 -2800 -435.4 -2797.75 -435.4 -2795.5 -435.4 -2793.25 -435.4 -2791
C 130 88 68 0 10 5 -428.2 -2875 -428.2 -2877.5 -428.2 -2880 -428.2 -2882.5 -428.2 -2885
C 131 89 69 0 10 5 -424.6 -2875 -424.6 -2877.5 -424.6 -2880 -424.6 -2882.5 -424.6 -2885
C 132 90 69 2 7.86 5 -419 -2880.6 -421.05 -2880.9 -422.84 -2881.76 -424.12 -2883.14 -424.6 -2885
C 133 90 86 1 15.54 8 -419 -2880.6 -421.42 -2880.58 -423.92 -2880.44 -426.33 -2880.11 -428.48 -2879.49 -430.22 -2878.49 -431.38 -2877.03 -431.8 -2875
C 134 91 118 0 18 9 -251.8 -2809 -251.8 -2806.75 -251.8 -2804.5 -251.8 -2802.25 -251.8 -2800 -251.8 -2797.75 -251.8 -2795.5 -251.8 -2793.25 -251.8 -2791
C 135 91 122 1 18.43 9 -251.8 -2809 -251.52 -2806.68 -250.71 -2804.61 -249.46 -2802.8 -247.83 -2801.27 -245.9 -2800.04 -243.73 -2799.14 -241.41 -2798.59 -239 -2798.4
C 136 92 117 2 7.66 5 -255.4 -2809 -255.89 -2807.22 -257.18 -2805.93 -258.98 -2805.16 -261 -2804.9
C 137 92 119 0 18 9 -255.4 -2809 -255.4 -2806.75 -255.4 -2804.5 -255.4 -2802.25 -255.4 -2800 -255.4 -2797.75 -255.4 -2795.5 -255.4 -2793.25 -255.4 -2791
C 138 93 73 0 10 5 -248.2 -2875 -248.2 -2877.5 -248.2 -2880 -248.2 -2882.5 -248.2 -2885
C 139 93 90 1 15.54 8 -248.2 -2875 -248.62 -2877.03 -249.78 -2878.49 -251.52 -2879.49 -253.67 -2880.11 -256.08 -2880.44 -258.58 -2880.58 -261 -2880.6
C 140 94 74 0 10 5 -244.6 -2875 -244.6 -2877.5 -244.6 -2880 -244.6 -2882.5 -244.6 -2885
C 141 95 74 2 7.86 5 -239 -2880.6 -241.05 -2880.9 -242.84 -2881.76 -244.12 -2883.14 -244.6 -2885
C 142 95 90 0 22 10 -239 -2880.6 -241.44 -2880.6 -243.89 -2880.6 -246.33 -2880.6 -248.78 -2880.6 -251.22 -2880.6 -253.67 -2880.6 -256.11 -2880.6 -258.56 -2880.6 -261 -2880.6
C 143 95 91 1 15.54 8 -239 -2880.6 -241.42 -2880.58 -243.92 -2880.44 -246.33 -2880.11 -248.48 -2879.49 -250.22 -2878.49 -251.38 -2877.03 -251.8 -2875
C 144 96 126 0 18 9 -1.8 -2809 -1.8 -2806.75 -1.8 -2804.5 -1.8 -2802.25 -1.8 -2800 -1.8 -2797.75 -1.8 -2795.5 -1.8 -2793.25 -1.8 -2791
C 145 96 130 1 18.43 9 -1.8 -2809 -1.52 -2806.68 -0.71 -2804.61 0.54 -2802.8 2.17 -2801.27 4.1 -2800.04 6.27 -2799.14 8.59 -2798.59 11 -2798.4
C 146 97 125 2 7.66 5 -5.4 -2809 -5.89 -2807.22 -7.18 -2805.93 -8.98 -2805.16 -11 -2804.9
C 147 97 127 0 18 9 -5.4 -2809 -5.4 -2806.75 -5.4 -2804.5 -5.4 -2802.25 -5.4 -2800 -5.4 -2797.75 -5.4 -2795.5 -5.4 -2793.25 -5.4 -2791
C 148 98 78 0 10 5 1.8 -2875 1.8 -2877.5 1.8 -2880 1.8 -2882.5 1.8 -2885
C 149 98 95 1 15.54 8 1.8 -2875 1.38 -2877.03 0.22 -2878.49 -1.52 -2879.49 -3.67 -2880.11 -6.08 -2880.44 -8.58 -2880.58 -11 -2880.6
C 150 99 79 0 10 5 5.4 -2875 5.4 -2877.5 5.4 -2880 5.4 -2882.5 5.4 -2885
C 151 100 79 2 7.86 5 11 -2880.6 8.95 -2880.9 7.16 -2881.76 5.88 -2883.14 5.4 -2885
C 152 100 95 0 22 10 11 -2880.6 8.56 -2880.6 6.11 -2880.6 3.67 -2880.6 1.22 -2880.6 -1.22 -2880.6 -3.67 -2880.6 -6.11 -2880.6 -8.56 -2880.6 -11 -2880.6
C 153 100 96 1 15.54 8 11 -2880.6 8.58 -2880.58 6.08 -2880.44 3.67 -2880.11 1.52 -2879.49 -0.22 -2878.49 -1.38 -2877.03 -1.8 -2875
C 154 101 134 0 18 9 248.2 -2809 248.2 -2806.75 248.2 -2804.5 248.2 -2802.25 248.2 -2800 248.2 -2797.75 248.2 -2795.5 248.2 -2793.25 248.2 -2791
C 155 101 138 1 18.43 9 248.2 -2809 248.48 -2806.68 249.29 -2804.61 250.54 -2802.8 252.17 -2801.27 254.1 -2800.04 256.27 -2799.14 258.59 -2798.59 261 -2798.4
C 156 102 133 2 7.66 5 244.6 -2809 244.11 -2807.22 242.82 -2805.93 241.02 -2805.16 239 -2804.9
C 157 102 135 0 18 9 244.6 -2809 244.6 -2806.75 244.6 -2804.5 244.6 -2802.25 244.6 -2800 244.6 -2797.75 244.6 -2795.5 244.6 -2793.25 244.6 -2791
C 158 103 83 0 10 5 251.8 -2875 251.8 -2877.5 251.8 -2880 251.8 -2882.5 251.8 -2885
C 159 103 100 1 15.54 8 251.8 -2875 251.38 -2877.03 250.22 -2878.49 248.48 -2879.49 246.33 -2880.11 243.92 -2880.44 241.42 -2880.58 239 -2880.6
C 160 104 84 0 10 5 255.4 -2875 255.4 -2877.5 255.4 -2880 255.4 -2882.5 255.4 -2885
C 161 105 84 2 7.86 5 261 -2880.6 258.95 -2880.9 257.16 -2881.76 255.88 -2883.14 255.4 -2885
C 162 105 100 0 22 10 261 -2880.6 258.56 -2880.6 256.11 -2880.6 253.67 -2880.6 251.22 -2880.6 248.78 -2880.6 246.33 -2880.6 243.89 -2880.6 241.44 -2880.6 239 -2880.6
C 163 105 101 1 15.54 8 261 -2880.6 258.58 -2880.58 256.08 -2880.44 253.67 -2880.11 251.52 -2879.49 249.78 -2878.49 248.62 -2877.03 248.2 -2875
C 164 106 142 0 18 9 428.2 -2809 428.2 -2806.75 428.2 -2804.5 428.2 -2802.25 428.2 -2800 428.2 -2797.75 428.2 -2795.5 428.2 -2793.25 428.2 -2791
C 165 107 141 2 7.66 5 424.6 -2809 424.11 -2807.22 422.82 -2805.93 421.02 -2805.16 419 -2804.9
C 166 107 143 0 18 9 424.6 -2809 424.6 -2806.75 424.6 -2804.5 424.6 -2802.25 424.6 -2800 424.6 -2797.75 424.6 -2795.5 424.6 -2793.25 424.6 -2791
C 167 108 105 1 15.54 8 431.8 -2875 431.38 -2877.03 430.22 -2878.49 428.48 -2879.49 426.33 -2880.11 423.92 -2880.44 421.42 -2880.58 419 -2880.6
C 168 109 105 1 19.32 9 435.4 -2875 434.97 -2877.18 433.79 -2878.73 431.99 -2879.74 429.73 -2880.33 427.16 -2880.61 424.41 -2880.68 421.65 -2880.64 419 -2880.6
C 169 110 146 0 7.5 5 -431.8 -2723.75 -431.8 -2721.88 -431.8 -2720 -431.8 -2718.13 -431.8 -2716.25
C 170 111 147 0 7.5 5 -435.4 -2723.75 -435.4 -2721.88 -435.4 -2720 -435.4 -2718.13 -435.4 -2716.25
C 171 112 88 0 18 9 -428.2 -2791 -428.2 -2793.25 -428.2 -2795.5 -428.2 -2797.75 -428.2 -2800 -428.2 -2802.25 -428.2 -2804.5 -428.2 -2806.75 -428.2 -2809
C 172 113 89 0 18 9 -424.6 -2791 -424.6 -2793.25 -424.6 -2795.5 -424.6 -2797.75 -424.6 -2800 -424.6 -2802.25 -424.6 -2804.5 -424.6 -2806.75 -424.6 -2809
C 173 113 116 2 7.66 5 -424.6 -2791 -424.11 -2792.78 -422.82 -2794.07 -421.02 -2794.84 -419 -2795.1
C 174 114 93 1 18.43 9 -261 -2798.4 -258.59 -2798.59 -256.27 -2799.14 -254.1 -2800.04 -252.17 -2801.27 -250.54 -2802.8 -249.29 -2804.61 -248.48 -2806.68 -248.2 -2809
C 175 114 122 0 22 10 -261 -2798.4 -258.56 -2798.4 -256.11 -2798.4 -253.67 -2798.4 -251.22 -2798.4 -248.78 -2798.4 -246.33 -2798.4 -243.89 -2798.4 -241.44 -2798.4 -239 -2798.4
C 176 115 110 1 18.43 9 -419 -2801.6 -421.41 -2801.41 -423.73 -2800.86 -425.9 -2799.96 -427.83 -2798.73 -429.46 -2797.2 -430.71 -2795.39 -431.52 -2793.32 -431.8 -2791
C 177 116 119 2 7.66 5 -261 -2795.1 -258.98 -2794.84 -257.18 -2794.07 -255.89 -2792.78 -255.4 -2791
C 178 116 124 0 22 10 -261 -2795.1 -258.56 -2795.1 -256.11 -2795.1 -253.67 -2795.1 -251.22 -2795.1 -248.78 -2795.1 -246.33 -2795.1 -243.89 -2795.1 -241.44 -2795.1 -239 -2795.1
C 179 117 89 2 7.66 5 -419 -2804.9 -421.02 -2805.16 -422.82 -2805.93 -424.11 -2807.22 -424.6 -2809
C 180 118 151 0 7.5 5 -251.8 -2723.75 -251.8 -2721.88 -251.8 -2720 -251.8 -2718.13 -251.8 -2716.25
C 181 119 150 2 8.1 5 -255.4 -2723.75 -255.87 -2721.8 -257.13 -2720.3 -258.92 -2719.34 -261 -2719
C 182 119 152 0 7.5 5 -255.4 -2723.75 -255.4 -2721.88 -255.4 -2720 -255.4 -2718.13 -255.4 -2716.25
C 183 120 93 0 18 9 -248.2 -2791 -248.2 -2793.25 -248.2 -2795.5 -248.2 -2797.75 -248.2 -2800 -248.2 -2802.25 -248.2 -2804.5 -248.2 -2806.75 -248.2 -2809
C 184 120 115 1 18.43 9 -248.2 -2791 -248.48 -2793.32 -249.29 -2795.39 -250.54 -2797.2 -252.17 -2798.73 -254.1 -2799.96 -256.27 -2800.86 -258.59 -2801.41 -261 -2801.6
C 185 121 94 0 18 9 -244.6 -2791 -244.6 -2793.25 -244.6 -2795.5 -244.6 -2797.75 -244.6 -2800 -244.6 -2802.25 -244.6 -2804.5 -244.6 -2806.75 -244.6 -2809
C 186 121 124 2 7.66 5 -244.6 -2791 -244.11 -2792.78 -242.82 -2794.07 -241.02 -2794.84 -239 -2795.1
C 187 122 98 1 18.43 9 -11 -2798.4 -8.59 -2798.59 -6.27 -2799.14 -4.1 -2800.04 -2.17 -2801.27 -0.54 -2802.8 0.71 -2804.61 1.52 -2806.68 1.8 -2809
C 188 122 130 0 22 10 -11 -2798.4 -8.56 -2798.4 -6.11 -2798.4 -3.67 -2798.4 -1.22 -2798.4 1.22 -2798.4 3.67 -2798.4 6.11 -2798.4 8.56 -2798.4 11 -2798.4
C 189 123 115 0 22 10 -239 -2801.6 -241.44 -2801.6 -243.89 -2801.6 -246.33 -2801.6 -248.78 -2801.6 -251.22 -2801.6 -253.67 -2801.6 -256.11 -2801.6 -258.56 -2801.6 -261 -2801.6
C 190 123 118 1 18.43 9 -239 -2801.6 -241.41 -2801.41 -243.73 -2800.86 -245.9 -2799.96 -247.83 -2798.73 -249.46 -2797.2 -250.71 -2795.39 -251.52 -2793.32 -251.8 -2791
C 191 124 127 2 7.66 5 -11 -2795.1 -8.98 -2794.84 -7.18 -2794.07 -5.89 -2792.78 -5.4 -2791
C 192 124 132 0 22 10 -11 -2795.1 -8.56 -2795.1 -6.11 -2795.1 -3.67 -2795.1 -1.22 -2795.1 1.22 -2795.1 3.67 -2795.1 6.11 -2795.1 8.56 -2795.1 11 -2795.1
C 193 125 94 2 7.66 5 -239 -2804.9 -241.02 -2805.16 -242.82 -2805.93 -244.11 -2807.22 -244.6 -2809
C 194 125 117 0 22 10 -239 -2804.9 -241.44 -2804.9 -243.89 -2804.9 -246.33 -2804.9 -248.78 -2804.9 -251.22 -2804.9 -253.67 -2804.9 -256.11 -2804.9 -258.56 -2804.9 -261 -2804.9
C 195 126 156 0 7.5 5 -1.8 -2723.75 -1.8 -2721.88 -1.8 -2720 -1.8 -2718.13 -1.8 -2716.25
C 196 127 155 2 8.1 5 -5.4 -2723.75 -5.87 -2721.8 -7.13 -2720.3 -8.92 -2719.34 -11 -2719
C 197 127 157 0 7.5 5 -5.4 -2723.75 -5.4 -2721.88 -5.4 -2720 -5.4 -2718.13 -5.4 -2716.25
C 198 128 98 0 18 9 1.8 -2791 1.8 -2793.25 1.8 -2795.5 1.8 -2797.75 1.8 -2800 1.8 -2802.25 1.8 -2804.5 1.8 -2806.75 1.8 -2809
C 199 128 123 1 18.43 9 1.8 -2791 1.52 -2793.32 0.71 -2795.39 -0.54 -2797.2 -2.17 -2798.73 -4.1 -2799.96 -6.27 -2800.86 -8.59 -2801.41 -11 -2801.6
C 200 129 99 0 18 9 5.4 -2791 5.4 -2793.25 5.4 -2795.5 5.4 -2797.75 5.4 -2800 5.4 -2802.25 5.4 -2804.5 5.4 -2806.75 5.4 -2809
C 201 129 132 2 7.66 5 5.4 -2791 5.89 -2792.78 7.18 -2794.07 8.98 -2794.84 11 -2795.1
C 202 130 103 1 18.43 9 239 -2798.4 241.41 -2798.59 243.73 -2799.14 245.9 -2800.04 247.83 -2801.27 249.46 -2802.8 250.71 -2804.61 251.52 -2806.68 251.8 -2809
C 203 130 138 0 22 10 239 -2798.4 241.44 -2798.4 243.89 -2798.4 246.33 -2798.4 248.78 -2798.4 251.22 -2798.4 253.67 -2798.4 256.11 -2798.4 258.56 -2798.4 261 -2798.4
C 204 131 123 0 22 10 11 -2801.6 8.56 -2801.6 6.11 -2801.6 3.67 -2801.6 1.22 -2801.6 -1.22 -2801.6 -3.67 -2801.6 -6.11 -2801.6 -8.56 -2801.6 -11 -2801.6
C 205 131 126 1 18.43 9 11 -2801.6 8.59 -2801.41 6.27 -2800.86 4.1 -2799.96 2.17 -2798.73 0.54 -2797.2 -0.71 -2795.39 -1.52 -2793.32 -1.8 -2791
C 206 132 135 2 7.66 5 239 -2795.1 241.02 -2794.84 242.82 -2794.07 244.11 -2792.78 244.6 -2791
C 207 132 140 0 22 10 239 -2795.1 241.44 -2795.1 243.89 -2795.1 246.33 -2795.1 248.78 -2795.1 251.22 -2795.1 253.67 -2795.1 256.11 -2795.1 258.56 -2795.1 261 -2795.1
C 208 133 99 2 7.66 5 11 -2804.9 8.98 -2805.16 7.18 -2805.93 5.89 -2807.22 5.4 -2809
C 209 133 125 0 22 10 11 -2804.9 8.56 -2804.9 6.11 -2804.9 3.67 -2804.9 1.22 -2804.9 -1.22 -2804.9 -3.67 -2804.9 -6.11 -2804.9 -8.56 -2804.9 -11 -2804.9
C 210 134 161 0 7.5 5 248.2 -2723.75 248.2 -2721.88 248.2 -2720 248.2 -2718.13 248.2 -2716.25
C 211 135 160 2 8.1 5 244.6 -2723.75 244.13 -2721.8 242.87 -2720.3 241.08 -2719.34 239 -2719
C 212 135 162 0 7.5 5 244.6 -2723.75 244.6 -2721.88 244.6 -2720 244.6 -2718.13 244.6 -2716.25
C 213 136 103 0 18 9 251.8 -2791 251.8 -2793.25 251.8 -2795.5 251.8 -2797.75 251.8 -2800 251.8 -2802.25 251.8 -2804.5 251.8 -2806.75 251.8 -2809
C 214 136 131 1 18.43 9 251.8 -2791 251.52 -2793.32 250.71 -2795.39 249.46 -2797.2 247.83 -2798.73 245.9 -2799.96 243.73 -2800.86 241.41 -2801.41 239 -2801.6
C 215 137 104 0 18 9 255.4 -2791 255.4 -2793.25 255.4 -2795.5 255.4 -2797.75 255.4 -2800 255.4 -2802.25 255.4 -2804.5 255.4 -2806.75 255.4 -2809
C 216 137 140 2 7.66 5 255.4 -2791 255.89 -2792.78 257.18 -2794.07 258.98 -2794.84 261 -2795.1
C 217 138 108 1 18.43 9 419 -2798.4 421.41 -2798.59 423.73 -2799.14 425.9 -2800.04 427.83 -2801.27 429.46 -2802.8 430.71 -2804.61 431.52 -2806.68 431.8 -2809
C 218 139 131 0 22 10 261 -2801.6 258.56 -2801.6 256.11 -2801.6 253.67 -2801.6 251.22 -2801.6 248.78 -2801.6 246.33 -2801.6 243.89 -2801.6 241.44 -2801.6 239 -2801.6
C 219 139 134 1 18.43 9 261 -2801.6 258.59 -2801.41 256.27 -2800.86 254.1 -2799.96 252.17 -2798.73 250.54 -2797.2 249.29 -2795.39 248.48 -2793.32 248.2 -2791
C 220 140 143 2 7.66 5 419 -2795.1 421.02 -2794.84 422.82 -2794.07 424.11 -2792.78 424.6 -2791
C 221 141 104 2 7.66 5 261 -2804.9 258.98 -2805.16 257.18 -2805.93 255.89 -2807.22 255.4 -2809
C 222 141 133 0 22 10 261 -2804.9 258.56 -2804.9 256.11 -2804.9 253.67 -2804.9 251.22 -2804.9 248.78 -2804.9 246.33 -2804.9 243.89 -2804.9 241.44 -2804.9 239 -2804.9
C 223 142 166 0 7.5 5 428.2 -2723.75 428.2 -2721.88 428.2 -2720 428.2 -2718.13 428.2 -2716.25
C 224 143 165 2 8.1 5 424.6 -2723.75 424.13 -2721.8 422.87 -2720.3 421.08 -2719.34 419 -2719
C 225 143 167 0 7.5 5 424.6 -2723.75 424.6 -2721.88 424.6 -2720 424.6 -2718.13 424.6 -2716.25
C 226 144 108 0 18 9 431.8 -2791 431.8 -2793.25 431.8 -2795.5 431.8 -2797.75 431.8 -2800 431.8 -2802.25 431.8 -2804.5 431.8 -2806.75 431.8 -2809
C 227 144 139 1 18.43 9 431.8 -2791 431.52 -2793.32 430.71 -2795.39 429.46 -2797.2 427.83 -2798.73 425.9 -2799.96 423.73 -2800.86 421.41 -2801.41 419 -2801.6
C 228 145 109 0 18 9 435.4 -2791 435.4 -2793.25 435.4 -2795.5 435.4 -2797.75 435.4 -2800 435.4 -2802.25 435.4 -2804.5 435.4 -2806.75 435.4 -2809
C 229 146 170 0 10 5 -431.8 -2645 -431.8 -2642.5 -431.8 -2640 -431.8 -2637.5 -431.8 -2635
C 230 146 174 1 15.54 8 -431.8 -2645 -431.38 -2642.97 -430.22 -2641.51 -428.48 -2640.51 -426.33 -2639.89 -423.92 -2639.56 -421.42 -2639.42 -419 -2639.4
C 231 147 171 0 10 5 -435.4 -2645 -435.4 -2642.5 -435.4 -2640 -435.4 -2637.5 -435.4 -2635
C 232 148 112 0 7.5 5 -428.2 -2716.25 -428.2 -2718.13 -428.2 -2720 -428.2 -2721.88 -428.2 -2723.75
C 233 149 113 0 7.5 5 -424.6 -2716.25 -424.6 -2718.13 -424.6 -2720 -424.6 -2721.88 -424.6 -2723.75
C 234 150 113 2 8.1 5 -419 -2719 -421.08 -2719.34 -422.87 -2720.3 -424.13 -2721.8 -424.6 -2723.75
C 235 150 146 1 14.6 7 -419 -2719 -421.72 -2719.15 -424.59 -2719.42 -427.31 -2719.54 -429.62 -2719.23 -431.21 -2718.23 -431.8 -2716.25
C 236 151 175 0 10 5 -251.8 -2645 -251.8 -2642.5 -251.8 -2640 -251.8 -2637.5 -251.8 -2635
C 237 151 179 1 15.54 8 -251.8 -2645 -251.38 -2642.97 -250.22 -2641.51 -248.48 -2640.51 -246.33 -2639.89 -243.92 -2639.56 -241.42 -2639.42 -239 -2639.4
C 238 152 176 0 10 5 -255.4 -2645 -255.4 -2642.5 -255.4 -2640 -255.4 -2637.5 -255.4 -2635
C 239 153 120 0 7.5 5 -248.2 -2716.25 -248.2 -2718.13 -248.2 -2720 -248.2 -2721.88 -248.2 -2723.75
C 240 153 150 1 14.6 7 -248.2 -2716.25 -248.79 -2718.23 -250.38 -2719.23 -252.69 -2719.54 -255.41 -2719.42 -258.28 -2719.15 -261 -2719
C 241 154 121 0 7.5 5 -244.6 -2716.25 -244.6 -2718.13 -244.6 -2720 -244.6 -2721.88 -244.6 -2723.75
C 242 155 121 2 8.1 5 -239 -2719 -241.08 -2719.34 -242.87 -2720.3 -244.13 -2721.8 -244.6 -2723.75
C 243 155 150 0 22 10 -239 -2719 -241.44 -2719 -243.89 -2719 -246.33 -2719 -248.78 -2719 -251.22 -2719 -253.67 -2719 -256.11 -2719 -258.56 -2719 -261 -2719
C 244 155 151 1 14.6 7 -239 -2719 -241.72 -2719.15 -244.59 -2719.42 -247.31 -2719.54 -249.62 -2719.23 -251.21 -2718.23 -251.8 -2716.25
C 245 156 180 0 10 5 -1.8 -2645 -1.8 -2642.5 -1.8 -2640 -1.8 -2637.5 -1.8 -2635
C 246 156 184 1 15.54 8 -1.8 -2645 -1.38 -2642.97 -0.22 -2641.51 1.52 -2640.51 3.67 -2639.89 6.08 -2639.56 8.58 -2639.42 11 -2639.4
C 247 157 181 0 10 5 -5.4 -2645 -5.4 -2642.5 -5.4 -2640 -5.4 -2637.5 -5.4 -2635
C 248 158 128 0 7.5 5 1.8 -2716.25 1.8 -2718.13 1.8 -2720 1.8 -2721.88 1.8 -2723.75
C 249 158 155 1 14.6 7 1.8 -2716.25 1.21 -2718.23 -0.38 -2719.23 -2.69 -2719.54 -5.41 -2719.42 -8.28 -2719.15 -11 -2719
C 250 159 129 0 7.5 5 5.4 -2716.25 5.4 -2718.13 5.4 -2720 5.4 -2721.88 5.4 -2723.75
C 251 160 129 2 8.1 5 11 -2719 8.92 -2719.34 7.13 -2720.3 5.87 -2721.8 5.4 -2723.75
C 252 160 155 0 22 10 11 -2719 8.56 -2719 6.11 -2719 3.67 -2719 1.22 -2719 -1.22 -2719 -3.67 -2719 -6.11 -2719 -8.56 -2719 -11 -2719
C 253 160 156 1 14.6 7 11 -2719 8.28 -2719.15 5.41 -2719.42 2.69 -2719.54 0.38 -2719.23 -1.21 -2718.23 -1.8 -2716.25
C 254 161 185 0 10 5 248.2 -2645 248.2 -2642.5 248.2 -2640 248.2 -2637.5 248.2 -2635
C 255 161 189 1 15.54 8 248.2 -2645 248.62 -2642.97 249.78 -2641.51 251.52 -2640.51 253.67 -2639.89 256.08 -2639.56 258.58 -2639.42 261 -2639.4
C 256 162 186 0 10 5 244.6 -2645 244.6 -2642.5 244.6 -2640 244.6 -2637.5 244.6 -2635
C 257 163 136 0 7.5 5 251.8 -2716.25 251.8 -2718.13 251.8 -2720 251.8 -2721.88 251.8 -2723.75
C 258 163 160 1 14.6 7 251.8 -2716.25 251.21 -2718.23 249.62 -2719.23 247.31 -2719.54 244.59 -2719.42 241.72 -2719.15 239 -2719
C 259 164 137 0 7.5 5 255.4 -2716.25 255.4 -2718.13 255.4 -2720 255.4 -2721.88 255.4 -2723.75
C 260 165 137 2 8.1 5 261 -2719 258.92 -2719.34 257.13 -2720.3 255.87 -2721.8 255.4 -2723.75
C 261 165 160 0 22 10 261 -2719 258.56 -2719 256.11 -2719 253.67 -2719 251.22 -2719 248.78 -2719 246.33 -2719 243.89 -2719 241.44 -2719 239 -2719
C 262 165 161 1 14.6 7 261 -2719 258.28 -2719.15 255.41 -2719.42 252.69 -2719.54 250.38 -2719.23 248.79 -2718.23 248.2 -2716.25
C 263 166 190 0 10 5 428.2 -2645 428.2 -2642.5 428.2 -2640 428.2 -2637.5 428.2 -2635
C 264 167 191 0 10 5 424.6 -2645 424.6 -2642.5 424.6 -2640 424.6 -2637.5 424.6 -2635
C 265 168 144 0 7.5 5 431.8 -2716.25 431.8 -2718.13 431.8 -2720 431.8 -2721.88 431.8 -2723.75
C 266 168 165 1 14.6 7 431.8 -2716.25 431.21 -2718.23 429.62 -2719.23 427.31 -2719.54 424.59 -2719.42 421.72 -2719.15 419 -2719
C 267 169 145 0 7.5 5 435.4 -2716.25 435.4 -2718.13 435.4 -2720 435.4 -2721.88 435.4 -2723.75
C 268 170 194 0 10 5 -431.8 -2565 -431.8 -2562.5 -431.8 -2560 -431.8 -2557.5 -431.8 -2555
C 269 171 195 0 10 5 -435.4 -2565 -435.4 -2562.5 -435.4 -2560 -435.4 -2557.5 -435.4 -2555
C 270 172 148 0 10 5 -428.2 -2635 -428.2 -2637.5 -428.2 -2640 -428.2 -2642.5 -428.2 -2645
C 271 173 149 0 10 5 -424.6 -2635 -424.6 -2637.5 -424.6 -2640 -424.6 -2642.5 -424.6 -2645
C 272 173 174 2 7.86 5 -424.6 -2635 -424.12 -2636.86 -422.84 -2638.24 -421.05 -2639.1 -419 -2639.4
C 273 174 153 1 15.54 8 -261 -2639.4 -258.58 -2639.42 -256.08 -2639.56 -253.67 -2639.89 -251.52 -2640.51 -249.78 -2641.51 -248.62 -2642.97 -248.2 -2645
C 274 174 176 2 7.86 5 -261 -2639.4 -258.95 -2639.1 -257.16 -2638.24 -255.88 -2636.86 -255.4 -2635
C 275 174 179 0 22 10 -261 -2639.4 -258.56 -2639.4 -256.11 -2639.4 -253.67 -2639.4 -251.22 -2639.4 -248.78 -2639.4 -246.33 -2639.4 -243.89 -2639.4 -241.44 -2639.4 -239 -2639.4
C 276 175 199 0 10 5 -251.8 -2565 -251.8 -2562.5 -251.8 -2560 -251.8 -2557.5 -251.8 -2555
C 277 176 198 2 7.86 5 -255.4 -2565 -255.88 -2563.14 -257.16 -2561.76 -258.95 -2560.9 -261 -2560.6
C 278 176 200 0 10 5 -255.4 -2565 -255.4 -2562.5 -255.4 -2560 -255.4 -2557.5 -255.4 -2555
C 279 177 153 0 10 5 -248.2 -2635 -248.2 -2637.5 -248.2 -2640 -248.2 -2642.5 -248.2 -2645
C 280 178 154 0 10 5 -244.6 -2635 -244.6 -2637.5 -244.6 -2640 -244.6 -2642.5 -244.6 -2645
C 281 178 179 2 7.86 5 -244.6 -2635 -244.12 -2636.86 -242.84 -2638.24 -241.05 -2639.1 -239 -2639.4
C 282 179 158 1 15.54 8 -11 -2639.4 -8.58 -2639.42 -6.08 -2639.56 -3.67 -2639.89 -1.52 -2640.51 0.22 -2641.51 1.38 -2642.97 1.8 -2645
C 283 179 181 2 7.86 5 -11 -2639.4 -8.95 -2639.1 -7.16 -2638.24 -5.88 -2636.86 -5.4 -2635
C 284 179 184 0 22 10 -11 -2639.4 -8.56 -2639.4 -6.11 -2639.4 -3.67 -2639.4 -1.22 -2639.4 1.22 -2639.4 3.67 -2639.4 6.11 -2639.4 8.56 -2639.4 11 -2639.4
C 285 180 204 0 10 5 -1.8 -2565 -1.8 -2562.5 -1.8 -2560 -1.8 -2557.5 -1.8 -2555
C 286 181 203 2 7.86 5 -5.4 -2565 -5.88 -2563.14 -7.16 -2561.76 -8.95 -2560.9 -11 -2560.6
C 287 181 205 0 10 5 -5.4 -2565 -5.4 -2562.5 -5.4 -2560 -5.4 -2557.5 -5.4 -2555
C 288 182 158 0 10 5 1.8 -2635 1.8 -2637.5 1.8 -2640 1.8 -2642.5 1.8 -2645
C 289 183 159 0 10 5 5.4 -2635 5.4 -2637.5 5.4 -2640 5.4 -2642.5 5.4 -2645
C 290 183 184 2 7.86 5 5.4 -2635 5.88 -2636.86 7.16 -2638.24 8.95 -2639.1 11 -2639.4
C 291 184 163 1 15.54 8 239 -2639.4 241.42 -2639.42 243.92 -2639.56 246.33 -2639.89 248.48 -2640.51 250.22 -2641.51 251.38 -2642.97 251.8 -2645
C 292 184 186 2 7.86 5 239 -2639.4 241.05 -2639.1 242.84 -2638.24 244.12 -2636.86 244.6 -2635
C 293 184 189 0 22 10 239 -2639.4 241.44 -2639.4 243.89 -2639.4 246.33 -2639.4 248.78 -2639.4 251.22 -2639.4 253.67 -2639.4 256.11 -2639.4 258.56 -2639.4 261 -2639.4
C 294 185 209 0 10 5 248.2 -2565 248.2 -2562.5 248.2 -2560 248.2 -2557.5 248.2 -2555
C 295 186 208 2 7.86 5 244.6 -2565 244.12 -2563.14 242.84 -2561.76 241.05 -2560.9 239 -2560.6
C 296 186 210 0 10 5 244.6 -2565 244.6 -2562.5 244.6 -2560 244.6 -2557.5 244.6 -2555
C 297 187 163 0 10 5 251.8 -2635 251.8 -2637.5 251.8 -2640 251.8 -2642.5 251.8 -2645
C 298 188 164 0 10 5 255.4 -2635 255.4 -2637.5 255.4 -2640 255.4 -2642.5 255.4 -2645
C 299 188 189 2 7.86 5 255.4 -2635 255.88 -2636.86 257.16 -2638.24 258.95 -2639.1 261 -2639.4
C 300 189 168 1 15.54 8 419 -2639.4 421.42 -2639.42 423.92 -2639.56 426.33 -2639.89 428.48 -2640.51 430.22 -2641.51 431.38 -2642.97 431.8 -2645
C 301 189 191 2 7.86 5 419 -2639.4 421.05 -2639.1 422.84 -2638.24 424.12 -2636.86 424.6 -2635
C 302 190 214 0 10 5 428.2 -2565 428.2 -2562.5 428.2 -2560 428.2 -2557.5 428.2 -2555
C 303 191 213 2 7.86 5 424.6 -2565 424.12 -2563.14 422.84 -2561.76 421.05 -2560.9 419 -2560.6
C 304 191 215 0 10 5 424.6 -2565 424.6 -2562.5 424.6 -2560 424.6 -2557.5 424.6 -2555
C 305 192 168 0 10 5 431.8 -2635 431.8 -2637.5 431.8 -2640 431.8 -2642.5 431.8 -2645
C 306 193 169 0 10 5 435.4 -2635 435.4 -2637.5 435.4 -2640 435.4 -2642.5 435.4 -2645
C 307 194 218 0 18 9 -431.8 -2489 -431.8 -2486.75 -431.8 -2484.5 -431.8 -2482.25 -431.8 -2480 -431.8 -2477.75 -431.8 -2475.5 -431.8 -2473.25 -431.8 -2471
C 308 194 222 1 18.43 9 -431.8 -2489 -431.52 -2486.68 -430.71 -2484.61 -429.46 -2482.8 -427.83 -2481.27 -425.9 -2480.04 -423.73 -2479.14 -421.41 -2478.59 -419 -2478.4
C 309 195 219 0 18 9 -435.4 -2489 -435.4 -2486.75 -435.4 -2484.5 -435.4 -2482.25 -435.4 -2480 -435.4 -2477.75 -435.4 -2475.5 -435.4 -2473.25 -435.4 -2471
C 310 196 172 0 10 5 -428.2 -2555 -428.2 -2557.5 -428.2 -2560 -428.2 -2562.5 -428.2 -2565
C 311 197 173 0 10 5 -424.6 -2555 -424.6 -2557.5 -424.6 -2560 -424.6 -2562.5 -424.6 -2565
C 312 198 173 2 7.86 5 -419 -2560.6 -421.05 -2560.9 -422.84 -2561.76 -424.12 -2563.14 -424.6 -2565
C 313 198 194 1 15.54 8 -419 -2560.6 -421.42 -2560.58 -423.92 -2560.44 -426.33 -2560.11 -428.48 -2559.49 -430.22 -2558.49 -431.38 -2557.03 -431.8 -2555
C 314 199 226 0 18 9 -251.8 -2489 -251.8 -2486.75 -251.8 -2484.5 -251.8 -2482.25 -251.8 -2480 -251.8 -2477.75 -251.8 -2475.5 -251.8 -2473.25 -251.8 -2471
C 315 199 230 1 18.43 9 -251.8 -2489 -251.52 -2486.68 -250.71 -2484.61 -249.46 -2482.8 -247.83 -2481.27 -245.9 -2480.04 -243.73 -2479.14 -241.41 -2478.59 -239 -2478.4
C 316 200 225 2 7.66 5 -255.4 -2489 -255.89 -2487.22 -257.18 -2485.93 -258.98 -2485.16 -261 -2484.9
C 317 200 227 0 18 9 -255.4 -2489 -255.4 -2486.75 -255.4 -2484.5 -255.4 -2482.25 -255.4 -2480 -255.4 -2477.75 -255.4 -2475.5 -255.4 -2473.25 -255.4 -2471
C 318 201 177 0 10 5 -248.2 -2555 -248.2 -2557.5 -248.2 -2560 -248.2 -2562.5 -248.2 -2565
C 319 201 198 1 15.54 8 -248.2 -2555 -248.62 -2557.03 -249.78 -2558.49 -251.52 -2559.49 -253.67 -2560.11 -256.08 -2560.44 -258.58 -2560.58 -261 -2560.6
C 320 202 178 0 10 5 -244.6 -2555 -244.6 -2557.5 -244.6 -2560 -244.6 -2562.5 -244.6 -2565
C 321 203 178 2 7.86 5 -239 -2560.6 -241.05 -2560.9 -242.84 -2561.76 -244.12 -2563.14 -244.6 -2565
C 322 203 198 0 22 10 -239 -2560.6 -241.44 -2560.6 -243.89 -2560.6 -246.33 -2560.6 -248.78 -2560.6 -251.22 -2560.6 -253.67 -2560.6 -256.11 -2560.6 -258.56 -2560.6 -261 -2560.6
C 323 203 199 1 15.54 8 -239 -2560.6 -241.42 -2560.58 -243.92 -2560.44 -246.33 -2560.11 -248.48 -2559.49 -250.22 -2558.49 -251.38 -2557.03 -251.8 -2555
C 324 204 234 0 18 9 -1.8 -2489 -1.8 -2486.75 -1.8 -2484.5 -1.8 -2482.25 -1.8 -2480 -1.8 -2477.75 -1.8 -2475.5 -1.8 -2473.25 -1.8 -2471
C 325 204 238 1 18.43 9 -1.8 -2489 -1.52 -2486.68 -0.71 -2484.61 0.54 -2482.8 2.17 -2481.27 4.1 -2480.04 6.27 -2479.14 8.59 -2478.59 11 -2478.4
C 326 205 233 2 7.66 5 -5.4 -2489 -5.89 -2487.22 -7.18 -2485.93 -8.98 -2485.16 -11 -2484.9
C 327 205 235 0 18 9 -5.4 -2489 -5.4 -2486.75 -5.4 -2484.5 -5.4 -2482.25 -5.4 -2480 -5.4 -2477.75 -5.4 -2475.5 -5.4 -2473.25 -5.4 -2471
C 328 206 182 0 10 5 1.8 -2555 1.8 -2557.5 1.8 -2560 1.8 -2562.5 1.8 -2565
C 329 206 203 1 15.54 8 1.8 -2555 1.38 -2557.03 0.22 -2558.49 -1.52 -2559.49 -3.67 -2560.11 -6.08 -2560.44 -8.58 -2560.58 -11 -2560.6
C 330 207 183 0 10 5 5.4 -2555 5.4 -2557.5 5.4 -2560 5.4 -2562.5 5.4 -2565
C 331 208 183 2 7.86 5 11 -2560.6 8.95 -2560.9 7.16 -2561.76 5.88 -2563.14 5.4 -2565
C 332 208 203 0 22 10 11 -2560.6 8.56 -2560.6 6.11 -2560.6 3.67 -2560.6 1.22 -2560.6 -1.22 -2560.6 -3.67 -2560.6 -6.11 -2560.6 -8.56 -2560.6 -11 -2560.6
C 333 208 204 1 15.54 8 11 -2560.6 8.58 -2560.58 6.08 -2560.44 3.67 -2560.11 1.52 -2559.49 -0.22 -2558.49 -1.38 -2557.03 -1.8 -2555
C 334 209 242 0 18 9 248.2 -2489 248.2 -2486.75 248.2 -2484.5 248.2 -2482.25 248.2 -2480 248.2 -2477.75 248.2 -2475.5 248.2 -2473.25 248.2 -2471
C 335 209 246 1 18.43 9 248.2 -2489 248.48 -2486.68 249.29 -2484.61 250.54 -2482.8 252.17 -2481.27 254.1 -2480.04 256.27 -2479.14 258.59 -2478.59 261 -2478.4
C 336 210 241 2 7.66 5 244.6 -2489 244.11 -2487.22 242.82 -2485.93 241.02 -2485.16 239 -2484.9
C 337 210 243 0 18 9 244.6 -2489 244.6 -2486.75 244.6 -2484.5 244.6 -2482.25 244.6 -2480 244.6 -2477.75 244.6 -2475.5 244.6 -2473.25 244.6 -2471
C 338 211 187 0 10 5 251.8 -2555 251.8 -2557.5 251.8 -2560 251.8 -2562.5 251.8 -2565
C 339 211 208 1 15.54 8 251.8 -2555 251.38 -2557.03 250.22 -2558.49 248.48 -2559.49 246.33 -2560.11 243.92 -2560.44 241.42 -2560.58 239 -2560.6
C 340 212 188 0 10 5 255.4 -2555 255.4 -2557.5 255.4 -2560 255.4 -2562.5 255.4 -2565
C 341 213 188 2 7.86 5 261 -2560.6 258.95 -2560.9 257.16 -2561.76 255.88 -2563.14 255.4 -2565
C 342 213 208 0 22 10 261 -2560.6 258.56 -2560.6 256.11 -2560.6 253.67 -2560.6 251.22 -2560.6 248.78 -2560.6 246.33 -2560.6 243.89 -2560.6 241.44 -2560.6 239 -2560.6
C 343 213 209 1 15.54 8 261 -2560.6 258.58 -2560.58 256.08 -2560.44 253.67 -2560.11 251.52 -2559.49 249.78 -2558.49 248.62 -2557.03 248.2 -2555
C 344 214 250 0 18 9 428.2 -2489 428.2 -2486.75 428.2 -2484.5 428.2 -2482.25 428.2 -2480 428.2 -2477.75 428.2 -2475.5 428.2 -2473.25 428.2 -2471
C 345 215 249 2 7.66 5 424.6 -2489 424.11 -2487.22 422.82 -2485.93 421.02 -2485.16 419 -2484.9
C 346 215 251 0 18 9 424.6 -2489 424.6 -2486.75 424.6 -2484.5 424.6 -2482.25 424.6 -2480 424.6 -2477.75 424.6 -2475.5 424.6 -2473.25 424.6 -2471
C 347 216 192 0 10 5 431.8 -2555 431.8 -2557.5 431.8 -2560 431.8 -2562.5 431.8 -2565
C 348 216 213 1 15.54 8 431.8 -2555 431.38 -2557.03 430.22 -2558.49 428.48 -2559.49 426.33 -2560.11 423.92 -2560.44 421.42 -2560.58 419 -2560.6
C 349 217 193 0 10 5 435.4 -2555 435.4 -2557.5 435.4 -2560 435.4 -2562.5 435.4 -2565
C 350 218 254 0 10 5 -431.8 -2405 -431.8 -2402.5 -431.8 -2400 -431.8 -2397.5 -431.8 -2395
C 351 219 255 0 10 5 -435.4 -2405 -435.4 -2402.5 -435.4 -2400 -435.4 -2397.5 -435.4 -2395
C 352 220 196 0 18 9 -428.2 -2471 -428.2 -2473.25 -428.2 -2475.5 -428.2 -2477.75 -428.2 -2480 -428.2 -2482.25 -428.2 -2484.5 -428.2 -2486.75 -428.2 -2489
C 353 221 197 0 18 9 -424.6 -2471 -424.6 -2473.25 -424.6 -2475.5 -424.6 -2477.75 -424.6 -2480 -424.6 -2482.25 -424.6 -2484.5 -424.6 -2486.75 -424.6 -2489
C 354 221 224 2 7.66 5 -424.6 -2471 -424.11 -2472.78 -422.82 -2474.07 -421.02 -2474.84 -419 -2475.1
C 355 222 201 1 18.43 9 -261 -2478.4 -258.59 -2478.59 -256.27 -2479.14 -254.1 -2480.04 -252.17 -2481.27 -250.54 -2482.8 -249.29 -2484.61 -248.48 -2486.68 -248.2 -2489
C 356 222 230 0 22 10 -261 -2478.4 -258.56 -2478.4 -256.11 -2478.4 -253.67 -2478.4 -251.22 -2478.4 -248.78 -2478.4 -246.33 -2478.4 -243.89 -2478.4 -241.44 -2478.4 -239 -2478.4
C 357 223 218 1 18.43 9 -419 -2481.6 -421.41 -2481.41 -423.73 -2480.86 -425.9 -2479.96 -427.83 -2478.73 -429.46 -2477.2 -430.71 -2475.39 -431.52 -2473.32 -431.8 -2471
C 358 224 227 2 7.66 5 -261 -2475.1 -258.98 -2474.84 -257.18 -2474.07 -255.89 -2472.78 -255.4 -2471
C 359 224 232 0 22 10 -261 -2475.1 -258.56 -2475.1 -256.11 -2475.1 -253.67 -2475.1 -251.22 -2475.1 -248.78 -2475.1 -246.33 -2475.1 -243.89 -2475.1 -241.44 -2475.1 -239 -2475.1
C 360 225 197 2 7.66 5 -419 -2484.9 -421.02 -2485.16 -422.82 -2485.93 -424.11 -2487.22 -424.6 -2489
C 361 226 259 0 10 5 -251.8 -2405 -251.8 -2402.5 -251.8 -2400 -251.8 -2397.5 -251.8 -2395
C 362 227 258 2 7.86 5 -255.4 -2405 -255.88 -2403.14 -257.16 -2401.76 -258.95 -2400.9 -261 -2400.6
C 363 227 260 0 10 5 -255.4 -2405 -255.4 -2402.5 -255.4 -2400 -255.4 -2397.5 -255.4 -2395
C 364 228 201 0 18 9 -248.2 -2471 -248.2 -2473.25 -248.2 -2475.5 -248.2 -2477.75 -248.2 -2480 -248.2 -2482.25 -248.2 -2484.5 -248.2 -2486.75 -248.2 -2489
C 365 228 223 1 18.43 9 -248.2 -2471 -248.48 -2473.32 -249.29 -2475.39 -250.54 -2477.2 -252.17 -2478.73 -254.1 -2479.96 -256.27 -2480.86 -258.59 -2481.41 -261 -2481.6
C 366 229 202 0 18 9 -244.6 -2471 -244.6 -2473.25 -244.6 -2475.5 -244.6 -2477.75 -244.6 -2480 -244.6 -2482.25 -244.6 -2484.5 -244.6 -2486.75 -244.6 -2489
C 367 229 232 2 7.66 5 -244.6 -2471 -244.11 -2472.78 -242.82 -2474.07 -241.02 -2474.84 -239 -2475.1
C 368 230 206 1 18.43 9 -11 -2478.4 -8.59 -2478.59 -6.27 -2479.14 -4.1 -2480.04 -2.17 -2481.27 -0.54 -2482.8 0.71 -2484.61 1.52 -2486.68 1.8 -2489
C 369 230 238 0 22 10 -11 -2478.4 -8.56 -2478.4 -6.11 -2478.4 -3.67 -2478.4 -1.22 -2478.4 1.22 -2478.4 3.67 -2478.4 6.11 -2478.4 8.56 -2478.4 11 -2478.4
C 370 231 223 0 22 10 -239 -2481.6 -241.44 -2481.6 -243.89 -2481.6 -246.33 -2481.6 -248.78 -2481.6 -251.22 -2481.6 -253.67 -2481.6 -256.11 -2481.6 -258.56 -2481.6 -261 -2481.6
C 371 231 226 1 18.43 9 -239 -2481.6 -241.41 -2481.41 -243.73 -2480.86 -245.9 -2479.96 -247.83 -2478.73 -249.46 -2477.2 -250.71 -2475.39 -251.52 -2473.32 -251.8 -2471
C 372 232 235 2 7.66 5 -11 -2475.1 -8.98 -2474.84 -7.18 -2474.07 -5.89 -2472.78 -5.4 -2471
C 373 232 240 0 22 10 -11 -2475.1 -8.56 -2475.1 -6.11 -2475.1 -3.67 -2475.1 -1.22 -2475.1 1.22 -2475.1 3.67 -2475.1 6.11 -2475.1 8.56 -2475.1 11 -2475.1
C 374 233 202 2 7.66 5 -239 -2484.9 -241.02 -2485.16 -242.82 -2485.93 -244.11 -2487.22 -244.6 -2489
C 375 233 225 0 22 10 -239 -2484.9 -241.44 -2484.9 -243.89 -2484.9 -246.33 -2484.9 -248.78 -2484.9 -251.22 -2484.9 -253.67 -2484.9 -256.11 -2484.9 -258.56 -2484.9 -261 -2484.9
C 376 234 264 0 10 5 -1.8 -2405 -1.8 -2402.5 -1.8 -2400 -1.8 -2397.5 -1.8 -2395
C 377 235 263 2 7.86 5 -5.4 -2405 -5.88 -2403.14 -7.16 -2401.76 -8.95 -2400.9 -11 -2400.6
C 378 235 265 0 10 5 -5.4 -2405 -5.4 -2402.5 -5.4 -2400 -5.4 -2397.5 -5.4 -2395
C 379 236 206 0 18 9 1.8 -2471 1.8 -2473.25 1.8 -2475.5 1.8 -2477.75 1.8 -2480 1.8 -2482.25 1.8 -2484.5 1.8 -2486.75 1.8 -2489
C 380 236 231 1 18.43 9 1.8 -2471 1.52 -2473.32 0.71 -2475.39 -0.54 -2477.2 -2.17 -2478.73 -4.1 -2479.96 -6.27 -2480.86 -8.59 -2481.41 -11 -2481.6
C 381 237 207 0 18 9 5.4 -2471 5.4 -2473.25 5.4 -2475.5 5.4 -2477.75 5.4 -2480 5.4 -2482.25 5.4 -2484.5 5.4 -2486.75 5.4 -2489
C 382 237 240 2 7.66 5 5.4 -2471 5.89 -2472.78 7.18 -2474.07 8.98 -2474.84 11 -2475.1
C 383 238 211 1 18.43 9 239 -2478.4 241.41 -2478.59 243.73 -2479.14 245.9 -2480.04 247.83 -2481.27 249.46 -2482.8 250.71 -2484.61 251.52 -2486.68 251.8 -2489
C 384 238 246 0 22 10 239 -2478.4 241.44 -2478.4 243.89 -2478.4 246.33 -2478.4 248.78 -2478.4 251.22 -2478.4 253.67 -2478.4 256.11 -2478.4 258.56 -2478.4 261 -2478.4
C 385 239 231 0 22 10 11 -2481.6 8.56 -2481.6 6.11 -2481.6 3.67 -2481.6 1.22 -2481.6 -1.22 -2481.6 -3.67 -2481.6 -6.11 -2481.6 -8.56 -2481.6 -11 -2481.6
C 386 239 234 1 18.43 9 11 -2481.6 8.59 -2481.41 6.27 -2480.86 4.1 -2479.96 2.17 -2478.73 0.54 -2477.2 -0.71 -2475.39 -1.52 -2473.32 -1.8 -2471
C 387 240 243 2 7.66 5 239 -2475.1 241.02 -2474.84 242.82 -2474.07 244.11 -2472.78 244.6 -2471
C 388 240 248 0 22 10 239 -2475.1 241.44 -2475.1 243.89 -2475.1 246.33 -2475.1 248.78 -2475.1 251.22 -2475.1 253.67 -2475.1 256.11 -2475.1 258.56 -2475.1 261 -2475.1
C 389 241 207 2 7.66 5 11 -2484.9 8.98 -2485.16 7.18 -2485.93 5.89 -2487.22 5.4 -2489
C 390 241 233 0 22 10 11 -2484.9 8.56 -2484.9 6.11 -2484.9 3.67 -2484.9 1.22 -2484.9 -1.22 -2484.9 -3.67 -2484.9 -6.11 -2484.9 -8.56 -2484.9 -11 -2484.9
C 391 242 269 0 10 5 248.2 -2405 248.2 -2402.5 248.2 -2400 248.2 -2397.5 248.2 -2395
C 392 243 268 2 7.86 5 244.6 -2405 244.12 -2403.14 242.84 -2401.76 241.05 -2400.9 239 -2400.6
C 393 243 270 0 10 5 244.6 -2405 244.6 -2402.5 244.6 -2400 244.6 -2397.5 244.6 -2395
C 394 244 211 0 18 9 251.8 -2471 251.8 -2473.25 251.8 -2475.5 251.8 -2477.75 251.8 -2480 251.8 -2482.25 251.8 -2484.5 251.8 -2486.75 251.8 -2489
C 395 244 239 1 18.43 9 251.8 -2471 251.52 -2473.32 250.71 -2475.39 249.46 -2477.2 247.83 -2478.73 245.9 -2479.96 243.73 -2480.86 241.41 -2481.41 239 -2481.6
C 396 245 212 0 18 9 255.4 -2471 255.4 -2473.25 255.4 -2475.5 255.4 -2477.75 255.4 -2480 255.4 -2482.25 255.4 -2484.5 255.4 -2486.75 255.4 -2489
C 397 245 248 2 7.66 5 255.4 -2471 255.89 -2472.78 257.18 -2474.07 258.98 -2474.84 261 -2475.1
C 398 246 216 1 18.43 9 419 -2478.4 421.41 -2478.59 423.73 -2479.14 425.9 -2480.04 427.83 -2481.27 429.46 -2482.8 430.71 -2484.61 431.52 -2486.68 431.8 -2489
C 399 247 239 0 22 10 261 -2481.6 258.56 -2481.6 256.11 -2481.6 253.67 -2481.6 251.22 -2481.6 248.78 -2481.6 246.33 -2481.6 243.89 -2481.6 241.44 -2481.6 239 -2481.6
C 400 247 242 1 18.43 9 261 -2481.6 258.59 -2481.41 256.27 -2480.86 254.1 -2479.96 252.17 -2478.73 250.54 -2477.2 249.29 -2475.39 248.48 -2473.32 248.2 -2471
C 401 248 251 2 7.66 5 419 -2475.1 421.02 -2474.84 422.82 -2474.07 424.11 -2472.78 424.6 -2471
C 402 249 212 2 7.66 5 261 -2484.9 258.98 -2485.16 257.18 -2485.93 255.89 -2487.22 255.4 -2489
C 403 249 241 0 22 10 261 -2484.9 258.56 -2484.9 256.11 -2484.9 253.67 -2484.9 251.22 -2484.9 248.78 -2484.9 246.33 -2484.9 243.89 -2484.9 241.44 -2484.9 239 -2484.9
C 404 250 274 0 10 5 428.2 -2405 428.2 -2402.5 428.2 -2400 428.2 -2397.5 428.2 -2395
C 405 251 273 2 7.86 5 424.6 -2405 424.12 -2403.14 422.84 -2401.76 421.05 -2400.9 419 -2400.6
C 406 251 275 0 10 5 424.6 -2405 424.6 -2402.5 424.6 -2400 424.6 -2397.5 424.6 -2395
C 407 252 216 0 18 9 431.8 -2471 431.8 -2473.25 431.8 -2475.5 431.8 -2477.75 431.8 -2480 431.8 -2482.25 431.8 -2484.5 431.8 -2486.75 431.8 -2489
C 408 252 247 1 18.43 9 431.8 -2471 431.52 -2473.32 430.71 -2475.39 429.46 -2477.2 427.83 -2478.73 425.9 -2479.96 423.73 -2480.86 421.41 -2481.41 419 -2481.6
C 409 253 217 0 18 9 435.4 -2471 435.4 -2473.25 435.4 -2475.5 435.4 -2477.75 435.4 -2480 435.4 -2482.25 435.4 -2484.5 435.4 -2486.75 435.4 -2489
C 410 254 279 0 7.5 5 -431.8 -2323.75 -431.8 -2321.88 -431.8 -2320 -431.8 -2318.13 -431.8 -2316.25
C 411 254 283 1 14.6 7 -431.8 -2323.75 -431.21 -2321.77 -429.62 -2320.77 -427.31 -2320.46 -424.59 -2320.58 -421.72 -2320.85 -419 -2321
C 412 255 280 0 7.5 5 -435.4 -2323.75 -435.4 -2321.88 -435.4 -2320 -435.4 -2318.13 -435.4 -2316.25
C 413 256 220 0 10 5 -428.2 -2395 -428.2 -2397.5 -428.2 -2400 -428.2 -2402.5 -428.2 -2405
C 414 257 221 0 10 5 -424.6 -2395 -424.6 -2397.5 -424.6 -2400 -424.6 -2402.5 -424.6 -2405
C 415 258 221 2 7.86 5 -419 -2400.6 -421.05 -2400.9 -422.84 -2401.76 -424.12 -2403.14 -424.6 -2405
C 416 258 254 1 15.54 8 -419 -2400.6 -421.42 -2400.58 -423.92 -2400.44 -426.33 -2400.11 -428.48 -2399.49 -430.22 -2398.49 -431.38 -2397.03 -431.8 -2395
C 417 259 284 0 7.5 5 -251.8 -2323.75 -251.8 -2321.88 -251.8 -2320 -251.8 -2318.13 -251.8 -2316.25
C 418 259 288 1 14.6 7 -251.8 -2323.75 -251.21 -2321.77 -249.62 -2320.77 -247.31 -2320.46 -244.59 -2320.58 -241.72 -2320.85 -239 -2321
C 419 260 285 0 7.5 5 -255.4 -2323.75 -255.4 -2321.88 -255.4 -2320 -255.4 -2318.13 -255.4 -2316.25
C 420 261 228 0 10 5 -248.2 -2395 -248.2 -2397.5 -248.2 -2400 -248.2 -2402.5 -248.2 -2405
C 421 261 258 1 15.54 8 -248.2 -2395 -248.62 -2397.03 -249.78 -2398.49 -251.52 -2399.49 -253.67 -2400.11 -256.08 -2400.44 -258.58 -2400.58 -261 -2400.6
C 422 262 229 0 10 5 -244.6 -2395 -244.6 -2397.5 -244.6 -2400 -244.6 -2402.5 -244.6 -2405
C 423 263 229 2 7.86 5 -239 -2400.6 -241.05 -2400.9 -242.84 -2401.76 -244.12 -2403.14 -244.6 -2405
C 424 263 258 0 22 10 -239 -2400.6 -241.44 -2400.6 -243.89 -2400.6 -246.33 -2400.6 -248.78 -2400.6 -251.22 -2400.6 -253.67 -2400.6 -256.11 -2400.6 -258.56 -2400.6 -261 -2400.6
C 425 263 259 1 15.54 8 -239 -2400.6 -241.42 -2400.58 -243.92 -2400.44 -246.33 -2400.11 -248.48 -2399.49 -250.22 -2398.49 -251.38 -2397.03 -251.8 -2395
C 426 264 289 0 7.5 5 -1.8 -2323.75 -1.8 -2321.88 -1.8 -2320 -1.8 -2318.13 -1.8 -2316.25
C 427 264 293 1 14.6 7 -1.8 -2323.75 -1.21 -2321.77 0.38 -2320.77 2.69 -2320.46 5.41 -2320.58 8.28 -2320.85 11 -2321
C 428 265 290 0 7.5 5 -5.4 -2323.75 -5.4 -2321.88 -5.4 -2320 -5.4 -2318.13 -5.4 -2316.25
C 429 266 236 0 10 5 1.8 -2395 1.8 -2397.5 1.8 -2400 1.8 -2402.5 1.8 -2405
C 430 266 263 1 15.54 8 1.8 -2395 1.38 -2397.03 0.22 -2398.49 -1.52 -2399.49 -3.67 -2400.11 -6.08 -2400.44 -8.58 -2400.58 -11 -2400.6
C 431 267 237 0 10 5 5.4 -2395 5.4 -2397.5 5.4 -2400 5.4 -2402.5 5.4 -2405
C 432 268 237 2 7.86 5 11 -2400.6 8.95 -2400.9 7.16 -2401.76 5.88 -2403.14 5.4 -2405
C 433 268 263 0 22 10 11 -2400.6 8.56 -2400.6 6.11 -2400.6 3.67 -2400.6 1.22 -2400.6 -1.22 -2400.6 -3.67 -2400.6 -6.11 -2400.6 -8.56 -2400.6 -11 -2400.6
C 434 268 264 1 15.54 8 11 -2400.6 8.58 -2400.58 6.08 -2400.44 3.67 -2400.11 1.52 -2399.49 -0.22 -2398.49 -1.38 -2397.03 -1.8 -2395
C 435 269 294 0 7.5 5 248.2 -2323.75 248.2 -2321.88 248.2 -2320 248.2 -2318.13 248.2 -2316.25
C 436 269 298 1 14.6 7 248.2 -2323.75 248.79 -2321.77 250.38 -2320.77 252.69 -2320.46 255.41 -2320.58 258.28 -2320.85 261 -2321
C 437 270 295 0 7.5 5 244.6 -2323.75 244.6 -2321.88 244.6 -2320 244.6 -2318.13 244.6 -2316.25
C 438 271 244 0 10 5 251.8 -2395 251.8 -2397.5 251.8 -2400 251.8 -2402.5 251.8 -2405
C 439 271 268 1 15.54 8 251.8 -2395 251.38 -2397.03 250.22 -2398.49 248.48 -2399.49 246.33 -2400.11 243.92 -2400.44 241.42 -2400.58 239 -2400.6
C 440 272 245 0 10 5 255.4 -2395 255.4 -2397.5 255.4 -2400 255.4 -2402.5 255.4 -2405
C 441 273 245 2 7.86 5 261 -2400.6 258.95 -2400.9 257.16 -2401.76 255.88 -2403.14 255.4 -2405
C 442 273 268 0 22 10 261 -2400.6 258.56 -2400.6 256.11 -2400.6 253.67 -2400.6 251.22 -2400.6 248.78 -2400.6 246.33 -2400.6 243.89 -2400.6 241.44 -2400.6 239 -2400.6
C 443 273 269 1 15.54 8 261 -2400.6 258.58 -2400.58 256.08 -2400.44 253.67 -2400.11 251.52 -2399.49 249.78 -2398.49 248.62 -2397.03 248.2 -2395
C 444 274 299 0 7.5 5 428.2 -2323.75 428.2 -2321.88 428.2 -2320 428.2 -2318.13 428.2 -2316.25
C 445 274 303 1 14.6 7 428.2 -2323.75 428.79 -2321.77 430.38 -2320.77 432.69 -2320.46 435.41 -2320.58 438.28 -2320.85 441 -2321
C 446 275 300 0 7.5 5 424.6 -2323.75 424.6 -2321.88 424.6 -2320 424.6 -2318.13 424.6 -2316.25
C 447 276 252 0 10 5 431.8 -2395 431.8 -2397.5 431.8 -2400 431.8 -2402.5 431.8 -2405
C 448 276 273 1 15.54 8 431.8 -2395 431.38 -2397.03 430.22 -2398.49 428.48 -2399.49 426.33 -2400.11 423.92 -2400.44 421.42 -2400.58 419 -2400.6
C 449 277 253 0 10 5 435.4 -2395 435.4 -2397.5 435.4 -2400 435.4 -2402.5 435.4 -2405
C 450 278 253 2 7.86 5 441 -2400.6 438.95 -2400.9 437.16 -2401.76 435.88 -2403.14 435.4 -2405
C 451 278 273 0 22 10 441 -2400.6 438.56 -2400.6 436.11 -2400.6 433.67 -2400.6 431.22 -2400.6 428.78 -2400.6 426.33 -2400.6 423.89 -2400.6 421.44 -2400.6 419 -2400.6
C 452 278 274 1 15.54 8 441 -2400.6 438.58 -2400.58 436.08 -2400.44 433.67 -2400.11 431.52 -2399.49 429.78 -2398.49 428.62 -2397.03 428.2 -2395
C 453 279 304 0 10 5 -431.8 -2245 -431.8 -2242.5 -431.8 -2240 -431.8 -2237.5 -431.8 -2235
C 454 280 305 0 10 5 -435.4 -2245 -435.4 -2242.5 -435.4 -2240 -435.4 -2237.5 -435.4 -2235
C 455 281 256 0 7.5 5 -428.2 -2316.25 -428.2 -2318.13 -428.2 -2320 -428.2 -2321.88 -428.2 -2323.75
C 456 282 257 0 7.5 5 -424.6 -2316.25 -424.6 -2318.13 -424.6 -2320 -424.6 -2321.88 -424.6 -2323.75
C 457 282 283 2 8.1 5 -424.6 -2316.25 -424.13 -2318.2 -422.87 -2319.7 -421.08 -2320.66 -419 -2321
C 458 283 261 1 14.6 7 -261 -2321 -258.28 -2320.85 -255.41 -2320.58 -252.69 -2320.46 -250.38 -2320.77 -248.79 -2321.77 -248.2 -2323.75
C 459 283 285 2 8.1 5 -261 -2321 -258.92 -2320.66 -257.13 -2319.7 -255.87 -2318.2 -255.4 -2316.25
C 460 283 288 0 22 10 -261 -2321 -258.56 -2321 -256.11 -2321 -253.67 -2321 -251.22 -2321 -248.78 -2321 -246.33 -2321 -243.89 -2321 -241.44 -2321 -239 -2321
C 461 284 309 0 10 5 -251.8 -2245 -251.8 -2242.5 -251.8 -2240 -251.8 -2237.5 -251.8 -2235
C 462 285 308 2 7.86 5 -255.4 -2245 -255.88 -2243.14 -257.16 -2241.76 -258.95 -2240.9 -261 -2240.6
C 463 285 310 0 10 5 -255.4 -2245 -255.4 -2242.5 -255.4 -2240 -255.4 -2237.5 -255.4 -2235
C 464 286 261 0 7.5 5 -248.2 -2316.25 -248.2 -2318.13 -248.2 -2320 -248.2 -2321.88 -248.2 -2323.75
C 465 287 262 0 7.5 5 -244.6 -2316.25 -244.6 -2318.13 -244.6 -2320 -244.6 -2321.88 -244.6 -2323.75
C 466 287 288 2 8.1 5 -244.6 -2316.25 -244.13 -2318.2 -242.87 -2319.7 -241.08 -2320.66 -239 -2321
C 467 288 266 1 14.6 7 -11 -2321 -8.28 -2320.85 -5.41 -2320.58 -2.69 -2320.46 -0.38 -2320.77 1.21 -2321.77 1.8 -2323.75
C 468 288 290 2 8.1 5 -11 -2321 -8.92 -2320.66 -7.13 -2319.7 -5.87 -2318.2 -5.4 -2316.25
C 469 288 293 0 22 10 -11 -2321 -8.56 -2321 -6.11 -2321 -3.67 -2321 -1.22 -2321 1.22 -2321 3.67 -2321 6.11 -2321 8.56 -2321 11 -2321
C 470 289 314 0 10 5 -1.8 -2245 -1.8 -2242.5 -1.8 -2240 -1.8 -2237.5 -1.8 -2235
C 471 290 313 2 7.86 5 -5.4 -2245 -5.88 -2243.14 -7.16 -2241.76 -8.95 -2240.9 -11 -2240.6
C 472 290 315 0 10 5 -5.4 -2245 -5.4 -2242.5 -5.4 -2240 -5.4 -2237.5 -5.4 -2235
C 473 291 266 0 7.5 5 1.8 -2316.25 1.8 -2318.13 1.8 -2320 1.8 -2321.88 1.8 -2323.75
C 474 292 267 0 7.5 5 5.4 -2316.25 5.4 -2318.13 5.4 -2320 5.4 -2321.88 5.4 -2323.75
C 475 292 293 2 8.1 5 5.4 -2316.25 5.87 -2318.2 7.13 -2319.7 8.92 -2320.66 11 -2321
C 476 293 271 1 14.6 7 239 -2321 241.72 -2320.85 244.59 -2320.58 247.31 -2320.46 249.62 -2320.77 251.21 -2321.77 251.8 -2323.75
C 477 293 295 2 8.1 5 239 -2321 241.08 -2320.66 242.87 -2319.7 244.13 -2318.2 244.6 -2316.25
C 478 293 298 0 22 10 239 -2321 241.44 -2321 243.89 -2321 246.33 -2321 248.78 -2321 251.22 -2321 253.67 -2321 256.11 -2321 258.56 -2321 261 -2321
C 479 294 319 0 10 5 248.2 -2245 248.2 -2242.5 248.2 -2240 248.2 -2237.5 248.2 -2235
C 480 295 318 2 7.86 5 244.6 -2245 244.12 -2243.14 242.84 -2241.76 241.05 -2240.9 239 -2240.6
C 481 295 320 0 10 5 244.6 -2245 244.6 -2242.5 244.6 -2240 244.6 -2237.5 244.6 -2235
C 482 296 271 0 7.5 5 251.8 -2316.25 251.8 -2318.13 251.8 -2320 251.8 -2321.88 251.8 -2323.75
C 483 297 272 0 7.5 5 255.4 -2316.25 255.4 -2318.13 255.4 -2320 255.4 -2321.88 255.4 -2323.75
C 484 297 298 2 8.1 5 255.4 -2316.25 255.87 -2318.2 257.13 -2319.7 258.92 -2320.66 261 -2321
C 485 298 276 1 14.6 7 419 -2321 421.72 -2320.85 424.59 -2320.58 427.31 -2320.46 429.62 -2320.77 431.21 -2321.77 431.8 -2323.75
C 486 298 300 2 8.1 5 419 -2321 421.08 -2320.66 422.87 -2319.7 424.13 -2318.2 424.6 -2316.25
C 487 298 303 0 22 10 419 -2321 421.44 -2321 423.89 -2321 426.33 -2321 428.78 -2321 431.22 -2321 433.67 -2321 436.11 -2321 438.56 -2321 441 -2321
C 488 299 324 0 10 5 428.2 -2245 428.2 -2242.5 428.2 -2240 428.2 -2237.5 428.2 -2235
C 489 300 323 2 7.86 5 424.6 -2245 424.12 -2243.14 422.84 -2241.76 421.05 -2240.9 419 -2240.6
C 490 300 325 0 10 5 424.6 -2245 424.6 -2242.5 424.6 -2240 424.6 -2237.5 424.6 -2235
C 491 301 276 0 7.5 5 431.8 -2316.25 431.8 -2318.13 431.8 -2320 431.8 -2321.88 431.8 -2323.75
C 492 302 277 0 7.5 5 435.4 -2316.25 435.4 -2318.13 435.4 -2320 435.4 -2321.88 435.4 -2323.75
C 493 302 303 2 8.1 5 435.4 -2316.25 435.87 -2318.2 437.13 -2319.7 438.92 -2320.66 441 -2321
C 494 304 334 0 10 5 -431.8 -2165 -431.8 -2162.5 -431.8 -2160 -431.8 -2157.5 -431.8 -2155
C 495 304 338 1 15.54 8 -431.8 -2165 -431.38 -2162.97 -430.22 -2161.51 -428.48 -2160.51 -426.33 -2159.89 -423.92 -2159.56 -421.42 -2159.42 -419 -2159.4
C 496 305 335 0 10 5 -435.4 -2165 -435.4 -2162.5 -435.4 -2160 -435.4 -2157.5 -435.4 -2155
C 497 306 281 0 10 5 -428.2 -2235 -428.2 -2237.5 -428.2 -2240 -428.2 -2242.5 -428.2 -2245
C 498 307 282 0 10 5 -424.6 -2235 -424.6 -2237.5 -424.6 -2240 -424.6 -2242.5 -424.6 -2245
C 499 308 282 2 7.86 5 -419 -2240.6 -421.05 -2240.9 -422.84 -2241.76 -424.12 -2243.14 -424.6 -2245
C 500 308 304 1 15.54 8 -419 -2240.6 -421.42 -2240.58 -423.92 -2240.44 -426.33 -2240.11 -428.48 -2239.49 -430.22 -2238.49 -431.38 -2237.03 -431.8 -2235
C 501 309 339 0 10 5 -251.8 -2165 -251.8 -2162.5 -251.8 -2160 -251.8 -2157.5 -251.8 -2155
C 502 309 343 1 15.54 8 -251.8 -2165 -251.38 -2162.97 -250.22 -2161.51 -248.48 -2160.51 -246.33 -2159.89 -243.92 -2159.56 -241.42 -2159.42 -239 -2159.4
C 503 310 340 0 10 5 -255.4 -2165 -255.4 -2162.5 -255.4 -2160 -255.4 -2157.5 -255.4 -2155
C 504 311 286 0 10 5 -248.2 -2235 -248.2 -2237.5 -248.2 -2240 -248.2 -2242.5 -248.2 -2245
C 505 311 308 1 15.54 8 -248.2 -2235 -248.62 -2237.03 -249.78 -2238.49 -251.52 -2239.49 -253.67 -2240.11 -256.08 -2240.44 -258.58 -2240.58 -261 -2240.6
C 506 312 287 0 10 5 -244.6 -2235 -244.6 -2237.5 -244.6 -2240 -244.6 -2242.5 -244.6 -2245
C 507 313 287 2 7.86 5 -239 -2240.6 -241.05 -2240.9 -242.84 -2241.76 -244.12 -2243.14 -244.6 -2245
C 508 313 308 0 22 10 -239 -2240.6 -241.44 -2240.6 -243.89 -2240.6 -246.33 -2240.6 -248.78 -2240.6 -251.22 -2240.6 -253.67 -2240.6 -256.11 -2240.6 -258.56 -2240.6 -261 -2240.6
C 509 313 309 1 15.54 8 -239 -2240.6 -241.42 -2240.58 -243.92 -2240.44 -246.33 -2240.11 -248.48 -2239.49 -250.22 -2238.49 -251.38 -2237.03 -251.8 -2235
C 510 314 344 1 15.54 8 -1.8 -2165 -1.38 -2162.97 -0.22 -2161.51 1.52 -2160.51 3.67 -2159.89 6.08 -2159.56 8.58 -2159.42 11 -2159.4
C 511 315 344 1 19.32 9 -5.4 -2165 -4.97 -2162.82 -3.79 -2161.27 -1.99 -2160.26 0.27 -2159.67 2.84 -2159.39 5.59 -2159.32 8.35 -2159.36 11 -2159.4
C 512 316 291 0 10 5 1.8 -2235 1.8 -2237.5 1.8 -2240 1.8 -2242.5 1.8 -2245
C 513 316 313 1 15.54 8 1.8 -2235 1.38 -2237.03 0.22 -2238.49 -1.52 -2239.49 -3.67 -2240.11 -6.08 -2240.44 -8.58 -2240.58 -11 -2240.6
C 514 317 292 0 10 5 5.4 -2235 5.4 -2237.5 5.4 -2240 5.4 -2242.5 5.4 -2245
C 515 318 292 2 7.86 5 11 -2240.6 8.95 -2240.9 7.16 -2241.76 5.88 -2243.14 5.4 -2245
C 516 318 313 0 22 10 11 -2240.6 8.56 -2240.6 6.11 -2240.6 3.67 -2240.6 1.22 -2240.6 -1.22 -2240.6 -3.67 -2240.6 -6.11 -2240.6 -8.56 -2240.6 -11 -2240.6
C 517 318 314 1 15.54 8 11 -2240.6 8.58 -2240.58 6.08 -2240.44 3.67 -2240.11 1.52 -2239.49 -0.22 -2238.49 -1.38 -2237.03 -1.8 -2235
C 518 319 345 0 10 5 248.2 -2165 248.2 -2162.5 248.2 -2160 248.2 -2157.5 248.2 -2155
C 519 319 349 1 15.54 8 248.2 -2165 248.62 -2162.97 249.78 -2161.51 251.52 -2160.51 253.67 -2159.89 256.08 -2159.56 258.58 -2159.42 261 -2159.4
C 520 320 346 0 10 5 244.6 -2165 244.6 -2162.5 244.6 -2160 244.6 -2157.5 244.6 -2155
C 521 321 296 0 10 5 251.8 -2235 251.8 -2237.5 251.8 -2240 251.8 -2242.5 251.8 -2245
C 522 321 318 1 15.54 8 251.8 -2235 251.38 -2237.03 250.22 -2238.49 248.48 -2239.49 246.33 -2240.11 243.92 -2240.44 241.42 -2240.58 239 -2240.6
C 523 322 297 0 10 5 255.4 -2235 255.4 -2237.5 255.4 -2240 255.4 -2242.5 255.4 -2245
C 524 323 297 2 7.86 5 261 -2240.6 258.95 -2240.9 257.16 -2241.76 255.88 -2243.14 255.4 -2245
C 525 323 318 0 22 10 261 -2240.6 258.56 -2240.6 256.11 -2240.6 253.67 -2240.6 251.22 -2240.6 248.78 -2240.6 246.33 -2240.6 243.89 -2240.6 241.44 -2240.6 239 -2240.6
C 526 323 319 1 15.54 8 261 -2240.6 258.58 -2240.58 256.08 -2240.44 253.67 -2240.11 251.52 -2239.49 249.78 -2238.49 248.62 -2237.03 248.2 -2235
C 527 324 350 0 10.21 6 428.2 -2165 428 -2162.98 427.53 -2160.99 426.97 -2159.01 426.5 -2157.02 426.3 -2155
C 528 324 354 1 15.54 8 428.2 -2165 428.62 -2162.97 429.78 -2161.51 431.52 -2160.51 433.67 -2159.89 436.08 -2159.56 438.58 -2159.42 441 -2159.4
C 529 325 351 0 10.17 6 424.6 -2165 424.42 -2162.99 424 -2160.99 423.5 -2159.01 423.08 -2157.01 422.9 -2155
C 530 326 301 0 10 5 431.8 -2235 431.8 -2237.5 431.8 -2240 431.8 -2242.5 431.8 -2245
C 531 326 323 1 15.54 8 431.8 -2235 431.38 -2237.03 430.22 -2238.49 428.48 -2239.49 426.33 -2240.11 423.92 -2240.44 421.42 -2240.58 419 -2240.6
C 532 327 302 0 10 5 435.4 -2235 435.4 -2237.5 435.4 -2240 435.4 -2242.5 435.4 -2245
C 533 328 302 2 7.86 5 441 -2240.6 438.95 -2240.9 437.16 -2241.76 435.88 -2243.14 435.4 -2245
C 534 328 323 0 22 10 441 -2240.6 438.56 -2240.6 436.11 -2240.6 433.67 -2240.6 431.22 -2240.6 428.78 -2240.6 426.33 -2240.6 423.89 -2240.6 421.44 -2240.6 419 -2240.6
C 535 328 324 1 15.54 8 441 -2240.6 438.58 -2240.58 436.08 -2240.44 433.67 -2240.11 431.52 -2239.49 429.78 -2238.49 428.62 -2237.03 428.2 -2235
C 536 329 355 0 10 5 608.2 -2165 608.2 -2162.5 608.2 -2160 608.2 -2157.5 608.2 -2155
C 537 330 356 0 10 5 604.6 -2165 604.6 -2162.5 604.6 -2160 604.6 -2157.5 604.6 -2155
C 538 331 328 1 15.54 8 611.8 -2235 611.38 -2237.03 610.22 -2238.49 608.48 -2239.49 606.33 -2240.11 603.92 -2240.44 601.42 -2240.58 599 -2240.6
C 539 332 328 1 19.32 9 615.4 -2235 614.97 -2237.18 613.79 -2238.73 611.99 -2239.74 609.73 -2240.33 607.16 -2240.61 604.41 -2240.68 601.65 -2240.64 599 -2240.6
C 540 333 306 1 15.54 8 -441 -2159.4 -438.58 -2159.42 -436.08 -2159.56 -433.67 -2159.89 -431.52 -2160.51 -429.78 -2161.51 -428.62 -2162.97 -428.2 -2165
C 541 333 335 2 7.86 5 -441 -2159.4 -438.95 -2159.1 -437.16 -2158.24 -435.88 -2156.86 -435.4 -2155
C 542 333 338 0 22 10 -441 -2159.4 -438.56 -2159.4 -436.11 -2159.4 -433.67 -2159.4 -431.22 -2159.4 -428.78 -2159.4 -426.33 -2159.4 -423.89 -2159.4 -421.44 -2159.4 -419 -2159.4
C 543 334 360 0 10 5 -431.8 -2085 -431.8 -2082.5 -431.8 -2080 -431.8 -2077.5 -431.8 -2075
C 544 335 359 2 7.86 5 -435.4 -2085 -435.88 -2083.14 -437.16 -2081.76 -438.95 -2080.9 -441 -2080.6
C 545 335 361 0 10 5 -435.4 -2085 -435.4 -2082.5 -435.4 -2080 -435.4 -2077.5 -435.4 -2075
C 546 336 306 0 10 5 -428.2 -2155 -428.2 -2157.5 -428.2 -2160 -428.2 -2162.5 -428.2 -2165
C 547 337 307 0 10 5 -424.6 -2155 -424.6 -2157.5 -424.6 -2160 -424.6 -2162.5 -424.6 -2165
C 548 337 338 2 7.86 5 -424.6 -2155 -424.12 -2156.86 -422.84 -2158.24 -421.05 -2159.1 -419 -2159.4
C 549 338 311 1 15.54 8 -261 -2159.4 -258.58 -2159.42 -256.08 -2159.56 -253.67 -2159.89 -251.52 -2160.51 -249.78 -2161.51 -248.62 -2162.97 -248.2 -2165
C 550 338 340 2 7.86 5 -261 -2159.4 -258.95 -2159.1 -257.16 -2158.24 -255.88 -2156.86 -255.4 -2155
C 551 338 343 0 22 10 -261 -2159.4 -258.56 -2159.4 -256.11 -2159.4 -253.67 -2159.4 -251.22 -2159.4 -248.78 -2159.4 -246.33 -2159.4 -243.89 -2159.4 -241.44 -2159.4 -239 -2159.4
C 552 339 365 0 10 5 -251.8 -2085 -251.8 -2082.5 -251.8 -2080 -251.8 -2077.5 -251.8 -2075
C 553 340 364 2 7.86 5 -255.4 -2085 -255.88 -2083.14 -257.16 -2081.76 -258.95 -2080.9 -261 -2080.6
C 554 340 366 0 10 5 -255.4 -2085 -255.4 -2082.5 -255.4 -2080 -255.4 -2077.5 -255.4 -2075
C 555 341 311 0 10 5 -248.2 -2155 -248.2 -2157.5 -248.2 -2160 -248.2 -2162.5 -248.2 -2165
C 556 342 312 0 10 5 -244.6 -2155 -244.6 -2157.5 -244.6 -2160 -244.6 -2162.5 -244.6 -2165
C 557 342 343 2 7.86 5 -244.6 -2155 -244.12 -2156.86 -242.84 -2158.24 -241.05 -2159.1 -239 -2159.4
C 558 343 316 1 15.54 8 -11 -2159.4 -8.58 -2159.42 -6.08 -2159.56 -3.67 -2159.89 -1.52 -2160.51 0.22 -2161.51 1.38 -2162.97 1.8 -2165
C 559 343 344 0 22 10 -11 -2159.4 -8.56 -2159.4 -6.11 -2159.4 -3.67 -2159.4 -1.22 -2159.4 1.22 -2159.4 3.67 -2159.4 6.11 -2159.4 8.56 -2159.4 11 -2159.4
C 560 344 321 1 15.54 8 239 -2159.4 241.42 -2159.42 243.92 -2159.56 246.33 -2159.89 248.48 -2160.51 250.22 -2161.51 251.38 -2162.97 251.8 -2165
C 561 344 346 2 7.86 5 239 -2159.4 241.05 -2159.1 242.84 -2158.24 244.12 -2156.86 244.6 -2155
C 562 344 349 0 22 10 239 -2159.4 241.44 -2159.4 243.89 -2159.4 246.33 -2159.4 248.78 -2159.4 251.22 -2159.4 253.67 -2159.4 256.11 -2159.4 258.56 -2159.4 261 -2159.4
C 563 345 369 0 10 5 248.2 -2085 248.2 -2082.5 248.2 -2080 248.2 -2077.5 248.2 -2075
C 564 346 370 0 10 5 244.6 -2085 244.6 -2082.5 244.6 -2080 244.6 -2077.5 244.6 -2075
C 565 347 321 0 10 5 251.8 -2155 251.8 -2157.5 251.8 -2160 251.8 -2162.5 251.8 -2165
C 566 348 322 0 10 5 255.4 -2155 255.4 -2157.5 255.4 -2160 255.4 -2162.5 255.4 -2165
C 567 348 349 2 7.86 5 255.4 -2155 255.88 -2156.86 257.16 -2158.24 258.95 -2159.1 261 -2159.4
C 568 349 326 1 15.54 8 419 -2159.4 421.42 -2159.42 423.92 -2159.56 426.33 -2159.89 428.48 -2160.51 430.22 -2161.51 431.38 -2162.97 431.8 -2165
C 569 349 351 2 6.49 5 419 -2159.4 420.58 -2159.03 421.81 -2158.06 422.61 -2156.65 422.9 -2155
C 570 349 354 0 22 10 419 -2159.4 421.44 -2159.4 423.89 -2159.4 426.33 -2159.4 428.78 -2159.4 431.22 -2159.4 433.67 -2159.4 436.11 -2159.4 438.56 -2159.4 441 -2159.4
C 571 350 374 0 10 5 426.3 -2085 426.3 -2082.5 426.3 -2080 426.3 -2077.5 426.3 -2075
C 572 351 373 2 6.49 5 422.9 -2085 422.61 -2083.35 421.81 -2081.94 420.58 -2080.97 419 -2080.6
C 573 351 375 0 10 5 422.9 -2085 422.9 -2082.5 422.9 -2080 422.9 -2077.5 422.9 -2075
C 574 352 326 0 10.21 6 433.7 -2155 433.5 -2157.02 433.03 -2159.01 432.47 -2160.99 432 -2162.98 431.8 -2165
C 575 353 327 0 10.17 6 437.1 -2155 436.92 -2157.01 436.5 -2159.01 436 -2160.99 435.58 -2162.99 435.4 -2165
C 576 353 354 2 6.49 5 437.1 -2155 437.39 -2156.65 438.19 -2158.06 439.42 -2159.03 441 -2159.4
C 577 354 331 1 15.54 8 599 -2159.4 601.42 -2159.42 603.92 -2159.56 606.33 -2159.89 608.48 -2160.51 610.22 -2161.51 611.38 -2162.97 611.8 -2165
C 578 354 356 2 7.86 5 599 -2159.4 601.05 -2159.1 602.84 -2158.24 604.12 -2156.86 604.6 -2155
C 579 355 379 0 10 5 608.2 -2085 608.2 -2082.5 608.2 -2080 608.2 -2077.5 608.2 -2075
C 580 356 378 2 7.86 5 604.6 -2085 604.12 -2083.14 602.84 -2081.76 601.05 -2080.9 599 -2080.6
C 581 356 380 0 10 5 604.6 -2085 604.6 -2082.5 604.6 -2080 604.6 -2077.5 604.6 -2075
C 582 357 331 0 10 5 611.8 -2155 611.8 -2157.5 611.8 -2160 611.8 -2162.5 611.8 -2165
C 583 358 332 0 10 5 615.4 -2155 615.4 -2157.5 615.4 -2160 615.4 -2162.5 615.4 -2165
C 584 360 384 0 10 5 -431.8 -2005 -431.8 -2002.5 -431.8 -2000 -431.8 -1997.5 -431.8 -1995
C 585 360 388 1 15.54 8 -431.8 -2005 -431.38 -2002.97 -430.22 -2001.51 -428.48 -2000.51 -426.33 -1999.89 -423.92 -1999.56 -421.42 -1999.42 -419 -1999.4
C 586 361 385 0 10 5 -435.4 -2005 -435.4 -2002.5 -435.4 -2000 -435.4 -1997.5 -435.4 -1995
C 587 362 336 0 10 5 -428.2 -2075 -428.2 -2077.5 -428.2 -2080 -428.2 -2082.5 -428.2 -2085
C 588 362 359 1 15.54 8 -428.2 -2075 -428.62 -2077.03 -429.78 -2078.49 -431.52 -2079.49 -433.67 -2080.11 -436.08 -2080.44 -438.58 -2080.58 -441 -2080.6
C 589 363 337 0 10 5 -424.6 -2075 -424.6 -2077.5 -424.6 -2080 -424.6 -2082.5 -424.6 -2085
C 590 364 337 2 7.86 5 -419 -2080.6 -421.05 -2080.9 -422.84 -2081.76 -424.12 -2083.14 -424.6 -2085
C 591 364 359 0 22 10 -419 -2080.6 -421.44 -2080.6 -423.89 -2080.6 -426.33 -2080.6 -428.78 -2080.6 -431.22 -2080.6 -433.67 -2080.6 -436.11 -2080.6 -438.56 -2080.6 -441 -2080.6
C 592 364 360 1 15.54 8 -419 -2080.6 -421.42 -2080.58 -423.92 -2080.44 -426.33 -2080.11 -428.48 -2079.49 -430.22 -2078.49 -431.38 -2077.03 -431.8 -2075
C 593 365 389 0 10 5 -251.8 -2005 -251.8 -2002.5 -251.8 -2000 -251.8 -1997.5 -251.8 -1995
C 594 366 390 0 10 5 -255.4 -2005 -255.4 -2002.5 -255.4 -2000 -255.4 -1997.5 -255.4 -1995
C 595 367 341 0 10 5 -248.2 -2075 -248.2 -2077.5 -248.2 -2080 -248.2 -2082.5 -248.2 -2085
C 596 367 364 1 15.54 8 -248.2 -2075 -248.62 -2077.03 -249.78 -2078.49 -251.52 -2079.49 -253.67 -2080.11 -256.08 -2080.44 -258.58 -2080.58 -261 -2080.6
C 597 368 342 0 10 5 -244.6 -2075 -244.6 -2077.5 -244.6 -2080 -244.6 -2082.5 -244.6 -2085
C 598 369 393 0 10 5 248.2 -2005 248.2 -2002.5 248.2 -2000 248.2 -1997.5 248.2 -1995
C 599 369 397 1 15.54 8 248.2 -2005 248.62 -2002.97 249.78 -2001.51 251.52 -2000.51 253.67 -1999.89 256.08 -1999.56 258.58 -1999.42 261 -1999.4
C 600 370 394 0 10 5 244.6 -2005 244.6 -2002.5 244.6 -2000 244.6 -1997.5 244.6 -1995
C 601 371 347 0 10 5 251.8 -2075 251.8 -2077.5 251.8 -2080 251.8 -2082.5 251.8 -2085
C 602 372 348 0 10 5 255.4 -2075 255.4 -2077.5 255.4 -2080 255.4 -2082.5 255.4 -2085
C 603 373 348 2 7.86 5 261 -2080.6 258.95 -2080.9 257.16 -2081.76 255.88 -2083.14 255.4 -2085
C 604 373 369 1 15.54 8 261 -2080.6 258.58 -2080.58 256.08 -2080.44 253.67 -2080.11 251.52 -2079.49 249.78 -2078.49 248.62 -2077.03 248.2 -2075
C 605 374 398 0 10 5 426.3 -2005 426.3 -2002.5 426.3 -2000 426.3 -1997.5 426.3 -1995
C 606 374 402 1 17.52 9 426.3 -2005 426.68 -2003 427.73 -2001.54 429.33 -2000.53 431.35 -1999.9 433.65 -1999.55 436.11 -1999.41 438.61 -1999.39 441 -1999.4
C 607 375 399 0 10 5 422.9 -2005 422.9 -2002.5 422.9 -2000 422.9 -1997.5 422.9 -1995
C 608 376 352 0 10 5 433.7 -2075 433.7 -2077.5 433.7 -2080 433.7 -2082.5 433.7 -2085
C 609 376 373 1 17.52 9 433.7 -2075 433.32 -2077 432.27 -2078.46 430.67 -2079.47 428.65 -2080.1 426.35 -2080.45 423.89 -2080.59 421.39 -2080.61 419 -2080.6
C 610 377 353 0 10 5 437.1 -2075 437.1 -2077.5 437.1 -2080 437.1 -2082.5 437.1 -2085
C 611 378 353 2 6.49 5 441 -2080.6 439.42 -2080.97 438.19 -2081.94 437.39 -2083.35 437.1 -2085
C 612 378 373 0 22 10 441 -2080.6 438.56 -2080.6 436.11 -2080.6 433.67 -2080.6 431.22 -2080.6 428.78 -2080.6 426.33 -2080.6 423.89 -2080.6 421.44 -2080.6 419 -2080.6
C 613 378 374 1 17.52 9 441 -2080.6 438.61 -2080.61 436.11 -2080.59 433.65 -2080.45 431.35 -2080.1 429.33 -2079.47 427.73 -2078.46 426.68 -2077 426.3 -2075
C 614 379 403 0 10 5 608.2 -2005 608.2 -2002.5 608.2 -2000 608.2 -1997.5 608.2 -1995
C 615 380 404 0 10 5 604.6 -2005 604.6 -2002.5 604.6 -2000 604.6 -1997.5 604.6 -1995
C 616 381 357 0 10 5 611.8 -2075 611.8 -2077.5 611.8 -2080 611.8 -2082.5 611.8 -2085
C 617 381 378 1 15.54 8 611.8 -2075 611.38 -2077.03 610.22 -2078.49 608.48 -2079.49 606.33 -2080.11 603.92 -2080.44 601.42 -2080.58 599 -2080.6
C 618 382 358 0 10 5 615.4 -2075 615.4 -2077.5 615.4 -2080 615.4 -2082.5 615.4 -2085
C 619 383 362 1 15.54 8 -441 -1999.4 -438.58 -1999.42 -436.08 -1999.56 -433.67 -1999.89 -431.52 -2000.51 -429.78 -2001.51 -428.62 -2002.97 -428.2 -2005
C 620 383 385 2 7.86 5 -441 -1999.4 -438.95 -1999.1 -437.16 -1998.24 -435.88 -1996.86 -435.4 -1995
C 621 383 388 0 22 10 -441 -1999.4 -438.56 -1999.4 -436.11 -1999.4 -433.67 -1999.4 -431.22 -1999.4 -428.78 -1999.4 -426.33 -1999.4 -423.89 -1999.4 -421.44 -1999.4 -419 -1999.4
C 622 384 408 0 7.5 5 -431.8 -1923.75 -431.8 -1921.88 -431.8 -1920 -431.8 -1918.13 -431.8 -1916.25
C 623 385 407 2 8.1 5 -435.4 -1923.75 -435.87 -1921.8 -437.13 -1920.3 -438.92 -1919.34 -441 -1919
C 624 385 409 0 7.5 5 -435.4 -1923.75 -435.4 -1921.88 -435.4 -1920 -435.4 -1918.13 -435.4 -1916.25
C 625 386 362 0 10 5 -428.2 -1995 -428.2 -1997.5 -428.2 -2000 -428.2 -2002.5 -428.2 -2005
C 626 387 363 0 10 5 -424.6 -1995 -424.6 -1997.5 -424.6 -2000 -424.6 -2002.5 -424.6 -2005
C 627 387 388 2 7.86 5 -424.6 -1995 -424.12 -1996.86 -422.84 -1998.24 -421.05 -1999.1 -419 -1999.4
C 628 388 367 1 15.54 8 -261 -1999.4 -258.58 -1999.42 -256.08 -1999.56 -253.67 -1999.89 -251.52 -2000.51 -249.78 -2001.51 -248.62 -2002.97 -248.2 -2005
C 629 388 390 2 7.86 5 -261 -1999.4 -258.95 -1999.1 -257.16 -1998.24 -255.88 -1996.86 -255.4 -1995
C 630 389 413 0 7.5 5 -251.8 -1923.75 -251.8 -1921.88 -251.8 -1920 -251.8 -1918.13 -251.8 -1916.25
C 631 390 412 2 8.1 5 -255.4 -1923.75 -255.87 -1921.8 -257.13 -1920.3 -258.92 -1919.34 -261 -1919
C 632 390 414 0 7.5 5 -255.4 -1923.75 -255.4 -1921.88 -255.4 -1920 -255.4 -1918.13 -255.4 -1916.25
C 633 391 367 0 10 5 -248.2 -1995 -248.2 -1997.5 -248.2 -2000 -248.2 -2002.5 -248.2 -2005
C 634 392 368 0 10 5 -244.6 -1995 -244.6 -1997.5 -244.6 -2000 -244.6 -2002.5 -244.6 -2005
C 635 393 417 0 7.5 5 248.2 -1923.75 248.2 -1921.88 248.2 -1920 248.2 -1918.13 248.2 -1916.25
C 636 394 418 0 7.5 5 244.6 -1923.75 244.6 -1921.88 244.6 -1920 244.6 -1918.13 244.6 -1916.25
C 637 395 371 0 10 5 251.8 -1995 251.8 -1997.5 251.8 -2000 251.8 -2002.5 251.8 -2005
C 638 396 372 0 10 5 255.4 -1995 255.4 -1997.5 255.4 -2000 255.4 -2002.5 255.4 -2005
C 639 396 397 2 7.86 5 255.4 -1995 255.88 -1996.86 257.16 -1998.24 258.95 -1999.1 261 -1999.4
C 640 397 376 1 17.52 9 419 -1999.4 421.39 -1999.39 423.89 -1999.41 426.35 -1999.55 428.65 -1999.9 430.67 -2000.53 432.27 -2001.54 433.32 -2003 433.7 -2005
C 641 397 399 2 6.49 5 419 -1999.4 420.58 -1999.03 421.81 -1998.06 422.61 -1996.65 422.9 -1995
C 642 397 402 0 22 10 419 -1999.4 421.44 -1999.4 423.89 -1999.4 426.33 -1999.4 428.78 -1999.4 431.22 -1999.4 433.67 -1999.4 436.11 -1999.4 438.56 -1999.4 441 -1999.4
C 643 398 422 0 7.5 5 426.3 -1923.75 426.3 -1921.88 426.3 -1920 426.3 -1918.13 426.3 -1916.25
C 644 399 421 2 6.78 5 422.9 -1923.75 422.63 -1922 421.85 -1920.48 420.62 -1919.41 419 -1919
C 645 399 423 0 7.5 5 422.9 -1923.75 422.9 -1921.88 422.9 -1920 422.9 -1918.13 422.9 -1916.25
C 646 400 376 0 10 5 433.7 -1995 433.7 -1997.5 433.7 -2000 433.7 -2002.5 433.7 -2005
C 647 401 377 0 10 5 437.1 -1995 437.1 -1997.5 437.1 -2000 437.1 -2002.5 437.1 -2005
C 648 401 402 2 6.49 5 437.1 -1995 437.39 -1996.65 438.19 -1998.06 439.42 -1999.03 441 -1999.4
C 649 402 381 1 15.54 8 599 -1999.4 601.42 -1999.42 603.92 -1999.56 606.33 -1999.89 608.48 -2000.51 610.22 -2001.51 611.38 -2002.97 611.8 -2005
C 650 402 404 2 7.86 5 599 -1999.4 601.05 -1999.1 602.84 -1998.24 604.12 -1996.86 604.6 -1995
C 651 403 427 0 7.5 5 608.2 -1923.75 608.2 -1921.88 608.2 -1920 608.2 -1918.13 608.2 -1916.25
C 652 404 426 2 8.1 5 604.6 -1923.75 604.13 -1921.8 602.87 -1920.3 601.08 -1919.34 599 -1919
C 653 404 428 0 7.5 5 604.6 -1923.75 604.6 -1921.88 604.6 -1920 604.6 -1918.13 604.6 -1916.25
C 654 405 381 0 10 5 611.8 -1995 611.8 -1997.5 611.8 -2000 611.8 -2002.5 611.8 -2005
C 655 406 382 0 10 5 615.4 -1995 615.4 -1997.5 615.4 -2000 615.4 -2002.5 615.4 -2005
C 656 408 432 0 10 5 -431.8 -1845 -431.8 -1842.5 -431.8 -1840 -431.8 -1837.5 -431.8 -1835
C 657 408 436 1 15.54 8 -431.8 -1845 -431.38 -1842.97 -430.22 -1841.51 -428.48 -1840.51 -426.33 -1839.89 -423.92 -1839.56 -421.42 -1839.42 -419 -1839.4
C 658 409 433 0 10 5 -435.4 -1845 -435.4 -1842.5 -435.4 -1840 -435.4 -1837.5 -435.4 -1835
C 659 410 386 0 7.5 5 -428.2 -1916.25 -428.2 -1918.13 -428.2 -1920 -428.2 -1921.88 -428.2 -1923.75
C 660 410 407 1 14.6 7 -428.2 -1916.25 -428.79 -1918.23 -430.38 -1919.23 -432.69 -1919.54 -435.41 -1919.42 -438.28 -1919.15 -441 -1919
C 661 411 387 0 7.5 5 -424.6 -1916.25 -424.6 -1918.13 -424.6 -1920 -424.6 -1921.88 -424.6 -1923.75
C 662 412 387 2 8.1 5 -419 -1919 -421.08 -1919.34 -422.87 -1920.3 -424.13 -1921.8 -424.6 -1923.75
C 663 412 407 0 22 10 -419 -1919 -421.44 -1919 -423.89 -1919 -426.33 -1919 -428.78 -1919 -431.22 -1919 -433.67 -1919 -436.11 -1919 -438.56 -1919 -441 -1919
C 664 412 408 1 14.6 7 -419 -1919 -421.72 -1919.15 -424.59 -1919.42 -427.31 -1919.54 -429.62 -1919.23 -431.21 -1918.23 -431.8 -1916.25
C 665 413 437 0 10 5 -251.8 -1845 -251.8 -1842.5 -251.8 -1840 -251.8 -1837.5 -251.8 -1835
C 666 414 438 0 10 5 -255.4 -1845 -255.4 -1842.5 -255.4 -1840 -255.4 -1837.5 -255.4 -1835
C 667 415 391 0 7.5 5 -248.2 -1916.25 -248.2 -1918.13 -248.2 -1920 -248.2 -1921.88 -248.2 -1923.75
C 668 415 412 1 14.6 7 -248.2 -1916.25 -248.79 -1918.23 -250.38 -1919.23 -252.69 -1919.54 -255.41 -1919.42 -258.28 -1919.15 -261 -1919
C 669 416 392 0 7.5 5 -244.6 -1916.25 -244.6 -1918.13 -244.6 -1920 -244.6 -1921.88 -244.6 -1923.75
C 670 417 441 0 10 5 248.2 -1845 248.2 -1842.5 248.2 -1840 248.2 -1837.5 248.2 -1835
C 671 417 445 1 15.54 8 248.2 -1845 248.62 -1842.97 249.78 -1841.51 251.52 -1840.51 253.67 -1839.89 256.08 -1839.56 258.58 -1839.42 261 -1839.4
C 672 418 442 0 10 5 244.6 -1845 244.6 -1842.5 244.6 -1840 244.6 -1837.5 244.6 -1835
C 673 419 395 0 7.5 5 251.8 -1916.25 251.8 -1918.13 251.8 -1920 251.8 -1921.88 251.8 -1923.75
C 674 420 396 0 7.5 5 255.4 -1916.25 255.4 -1918.13 255.4 -1920 255.4 -1921.88 255.4 -1923.75
C 675 421 396 2 8.1 5 261 -1919 258.92 -1919.34 257.13 -1920.3 255.87 -1921.8 255.4 -1923.75
C 676 421 417 1 14.6 7 261 -1919 258.28 -1919.15 255.41 -1919.42 252.69 -1919.54 250.38 -1919.23 248.79 -1918.23 248.2 -1916.25
C 677 422 446 0 10 5 426.3 -1845 426.3 -1842.5 426.3 -1840 426.3 -1837.5 426.3 -1835
C 678 422 450 1 17.52 9 426.3 -1845 426.68 -1843 427.73 -1841.54 429.33 -1840.53 431.35 -1839.9 433.65 -1839.55 436.11 -1839.41 438.61 -1839.39 441 -1839.4
C 679 423 447 0 10 5 422.9 -1845 422.9 -1842.5 422.9 -1840 422.9 -1837.5 422.9 -1835
C 680 424 400 0 7.5 5 433.7 -1916.25 433.7 -1918.13 433.7 -1920 433.7 -1921.88 433.7 -1923.75
C 681 424 421 1 16.71 8 433.7 -1916.25 433.19 -1918.24 431.81 -1919.35 429.75 -1919.78 427.23 -1919.75 424.46 -1919.48 421.65 -1919.15 419 -1919
C 682 425 401 0 7.5 5 437.1 -1916.25 437.1 -1918.13 437.1 -1920 437.1 -1921.88 437.1 -1923.75
C 683 426 401 2 6.78 5 441 -1919 439.38 -1919.41 438.15 -1920.48 437.37 -1922 437.1 -1923.75
C 684 426 421 0 22 10 441 -1919 438.56 -1919 436.11 -1919 433.67 -1919 431.22 -1919 428.78 -1919 426.33 -1919 423.89 -1919 421.44 -1919 419 -1919
C 685 426 422 1 16.71 8 441 -1919 438.35 -1919.15 435.54 -1919.48 432.77 -1919.75 430.25 -1919.78 428.19 -1919.35 426.81 -1918.24 426.3 -1916.25
C 686 427 451 0 10 5 608.2 -1845 608.2 -1842.5 608.2 -1840 608.2 -1837.5 608.2 -1835
C 687 428 452 0 10 5 604.6 -1845 604.6 -1842.5 604.6 -1840 604.6 -1837.5 604.6 -1835
C 688 429 405 0 7.5 5 611.8 -1916.25 611.8 -1918.13 611.8 -1920 611.8 -1921.88 611.8 -1923.75
C 689 429 426 1 14.6 7 611.8 -1916.25 611.21 -1918.23 609.62 -1919.23 607.31 -1919.54 604.59 -1919.42 601.72 -1919.15 599 -1919
C 690 430 406 0 7.5 5 615.4 -1916.25 615.4 -1918.13 615.4 -1920 615.4 -1921.88 615.4 -1923.75
C 691 431 410 1 15.54 8 -441 -1839.4 -438.58 -1839.42 -436.08 -1839.56 -433.67 -1839.89 -431.52 -1840.51 -429.78 -1841.51 -428.62 -1842.97 -428.2 -1845
C 692 431 433 2 7.86 5 -441 -1839.4 -438.95 -1839.1 -437.16 -1838.24 -435.88 -1836.86 -435.4 -1835
C 693 431 436 0 22 10 -441 -1839.4 -438.56 -1839.4 -436.11 -1839.4 -433.67 -1839.4 -431.22 -1839.4 -428.78 -1839.4 -426.33 -1839.4 -423.89 -1839.4 -421.44 -1839.4 -419 -1839.4
C 694 432 460 0 7.5 5 -431.8 -1763.75 -431.8 -1761.88 -431.8 -1760 -431.8 -1758.13 -431.8 -1756.25
C 695 433 459 2 8.1 5 -435.4 -1763.75 -435.87 -1761.8 -437.13 -1760.3 -438.92 -1759.34 -441 -1759
C 696 433 461 0 7.5 5 -435.4 -1763.75 -435.4 -1761.88 -435.4 -1760 -435.4 -1758.13 -435.4 -1756.25
C 697 434 410 0 10 5 -428.2 -1835 -428.2 -1837.5 -428.2 -1840 -428.2 -1842.5 -428.2 -1845
C 698 435 411 0 10 5 -424.6 -1835 -424.6 -1837.5 -424.6 -1840 -424.6 -1842.5 -424.6 -1845
C 699 435 436 2 7.86 5 -424.6 -1835 -424.12 -1836.86 -422.84 -1838.24 -421.05 -1839.1 -419 -1839.4
C 700 436 415 1 15.54 8 -261 -1839.4 -258.58 -1839.42 -256.08 -1839.56 -253.67 -1839.89 -251.52 -1840.51 -249.78 -1841.51 -248.62 -1842.97 -248.2 -1845
C 701 436 438 2 7.86 5 -261 -1839.4 -258.95 -1839.1 -257.16 -1838.24 -255.88 -1836.86 -255.4 -1835
C 702 437 465 0 7.5 5 -251.8 -1763.75 -251.8 -1761.88 -251.8 -1760 -251.8 -1758.13 -251.8 -1756.25
C 703 438 464 2 8.1 5 -255.4 -1763.75 -255.87 -1761.8 -257.13 -1760.3 -258.92 -1759.34 -261 -1759
C 704 438 466 0 7.5 5 -255.4 -1763.75 -255.4 -1761.88 -255.4 -1760 -255.4 -1758.13 -255.4 -1756.25
C 705 439 415 0 10 5 -248.2 -1835 -248.2 -1837.5 -248.2 -1840 -248.2 -1842.5 -248.2 -1845
C 706 440 416 0 10 5 -244.6 -1835 -244.6 -1837.5 -244.6 -1840 -244.6 -1842.5 -244.6 -1845
C 707 441 469 0 7.5 5 248.2 -1763.75 248.2 -1761.88 248.2 -1760 248.2 -1758.13 248.2 -1756.25
C 708 442 470 0 7.5 5 244.6 -1763.75 244.6 -1761.88 244.6 -1760 244.6 -1758.13 244.6 -1756.25
C 709 443 419 0 10 5 251.8 -1835 251.8 -1837.5 251.8 -1840 251.8 -1842.5 251.8 -1845
C 710 444 420 0 10 5 255.4 -1835 255.4 -1837.5 255.4 -1840 255.4 -1842.5 255.4 -1845
C 711 444 445 2 7.86 5 255.4 -1835 255.88 -1836.86 257.16 -1838.24 258.95 -1839.1 261 -1839.4
C 712 445 424 1 17.52 9 419 -1839.4 421.39 -1839.39 423.89 -1839.41 426.35 -1839.55 428.65 -1839.9 430.67 -1840.53 432.27 -1841.54 433.32 -1843 433.7 -1845
C 713 445 447 2 6.49 5 419 -1839.4 420.58 -1839.03 421.81 -1838.06 422.61 -1836.65 422.9 -1835
C 714 445 450 0 22 10 419 -1839.4 421.44 -1839.4 423.89 -1839.4 426.33 -1839.4 428.78 -1839.4 431.22 -1839.4 433.67 -1839.4 436.11 -1839.4 438.56 -1839.4 441 -1839.4
C 715 446 474 0 7.5 5 426.3 -1763.75 426.3 -1761.88 426.3 -1760 426.3 -1758.13 426.3 -1756.25
C 716 447 473 2 6.78 5 422.9 -1763.75 422.63 -1762 421.85 -1760.48 420.62 -1759.41 419 -1759
C 717 447 475 0 7.5 5 422.9 -1763.75 422.9 -1761.88 422.9 -1760 422.9 -1758.13 422.9 -1756.25
C 718 448 424 0 10 5 433.7 -1835 433.7 -1837.5 433.7 -1840 433.7 -1842.5 433.7 -1845
C 719 449 425 0 10 5 437.1 -1835 437.1 -1837.5 437.1 -1840 437.1 -1842.5 437.1 -1845
C 720 449 450 2 6.49 5 437.1 -1835 437.39 -1836.65 438.19 -1838.06 439.42 -1839.03 441 -1839.4
C 721 450 429 1 15.54 8 599 -1839.4 601.42 -1839.42 603.92 -1839.56 606.33 -1839.89 608.48 -1840.51 610.22 -1841.51 611.38 -1842.97 611.8 -1845
C 722 450 452 2 7.86 5 599 -1839.4 601.05 -1839.1 602.84 -1838.24 604.12 -1836.86 604.6 -1835
C 723 451 479 0 7.5 5 608.2 -1763.75 608.2 -1761.88 608.2 -1760 608.2 -1758.13 608.2 -1756.25
C 724 452 478 2 8.1 5 604.6 -1763.75 604.13 -1761.8 602.87 -1760.3 601.08 -1759.34 599 -1759
C 725 452 480 0 7.5 5 604.6 -1763.75 604.6 -1761.88 604.6 -1760 604.6 -1758.13 604.6 -1756.25
C 726 453 429 0 10 5 611.8 -1835 611.8 -1837.5 611.8 -1840 611.8 -1842.5 611.8 -1845
C 727 454 430 0 10 5 615.4 -1835 615.4 -1837.5 615.4 -1840 615.4 -1842.5 615.4 -1845
C 728 455 483 0 18 9 -611.8 -1689 -611.8 -1686.75 -611.8 -1684.5 -611.8 -1682.25 -611.8 -1680 -611.8 -1677.75 -611.8 -1675.5 -611.8 -1673.25 -611.8 -1671
C 729 455 487 1 18.43 9 -611.8 -1689 -611.52 -1686.68 -610.71 -1684.61 -609.46 -1682.8 -607.83 -1681.27 -605.9 -1680.04 -603.73 -1679.14 -601.41 -1678.59 -599 -1678.4
C 730 456 484 0 18 9 -615.4 -1689 -615.4 -1686.75 -615.4 -1684.5 -615.4 -1682.25 -615.4 -1680 -615.4 -1677.75 -615.4 -1675.5 -615.4 -1673.25 -615.4 -1671
C 731 457 455 2 6.57 5 -608.2 -1756.25 -608.76 -1758.07 -610 -1758.68 -611.24 -1758.07 -611.8 -1756.25
C 732 458 456 2 20.12 10 -604.6 -1756.25 -604.97 -1759.13 -605.96 -1761.29 -607.4 -1762.73 -609.1 -1763.45 -610.9 -1763.45 -612.6 -1762.73 -614.04 -1761.29 -615.03 -1759.13 -615.4 -1756.25
C 733 459 455 1 14.6 7 -599 -1759 -601.72 -1759.15 -604.59 -1759.42 -607.31 -1759.54 -609.62 -1759.23 -611.21 -1758.23 -611.8 -1756.25
C 734 460 491 0 18 9 -431.8 -1689 -431.8 -1686.75 -431.8 -1684.5 -431.8 -1682.25 -431.8 -1680 -431.8 -1677.75 -431.8 -1675.5 -431.8 -1673.25 -431.8 -1671
C 735 460 495 1 18.43 9 -431.8 -1689 -431.52 -1686.68 -430.71 -1684.61 -429.46 -1682.8 -427.83 -1681.27 -425.9 -1680.04 -423.73 -1679.14 -421.41 -1678.59 -419 -1678.4
C 736 461 490 2 7.66 5 -435.4 -1689 -435.89 -1687.22 -437.18 -1685.93 -438.98 -1685.16 -441 -1684.9
C 737 461 492 0 18 9 -435.4 -1689 -435.4 -1686.75 -435.4 -1684.5 -435.4 -1682.25 -435.4 -1680 -435.4 -1677.75 -435.4 -1675.5 -435.4 -1673.25 -435.4 -1671
C 738 462 434 0 7.5 5 -428.2 -1756.25 -428.2 -1758.13 -428.2 -1760 -428.2 -1761.88 -428.2 -1763.75
C 739 462 459 1 14.6 7 -428.2 -1756.25 -428.79 -1758.23 -430.38 -1759.23 -432.69 -1759.54 -435.41 -1759.42 -438.28 -1759.15 -441 -1759
C 740 463 435 0 7.5 5 -424.6 -1756.25 -424.6 -1758.13 -424.6 -1760 -424.6 -1761.88 -424.6 -1763.75
C 741 464 435 2 8.1 5 -419 -1759 -421.08 -1759.34 -422.87 -1760.3 -424.13 -1761.8 -424.6 -1763.75
C 742 464 459 0 22 10 -419 -1759 -421.44 -1759 -423.89 -1759 -426.33 -1759 -428.78 -1759 -431.22 -1759 -433.67 -1759 -436.11 -1759 -438.56 -1759 -441 -1759
C 743 464 460 1 14.6 7 -419 -1759 -421.72 -1759.15 -424.59 -1759.42 -427.31 -1759.54 -429.62 -1759.23 -431.21 -1758.23 -431.8 -1756.25
C 744 465 499 0 18 9 -251.8 -1689 -251.8 -1686.75 -251.8 -1684.5 -251.8 -1682.25 -251.8 -1680 -251.8 -1677.75 -251.8 -1675.5 -251.8 -1673.25 -251.8 -1671
C 745 466 498 2 7.66 5 -255.4 -1689 -255.89 -1687.22 -257.18 -1685.93 -258.98 -1685.16 -261 -1684.9
C 746 466 500 0 18 9 -255.4 -1689 -255.4 -1686.75 -255.4 -1684.5 -255.4 -1682.25 -255.4 -1680 -255.4 -1677.75 -255.4 -1675.5 -255.4 -1673.25 -255.4 -1671
C 747 467 439 0 7.5 5 -248.2 -1756.25 -248.2 -1758.13 -248.2 -1760 -248.2 -1761.88 -248.2 -1763.75
C 748 467 464 1 14.6 7 -248.2 -1756.25 -248.79 -1758.23 -250.38 -1759.23 -252.69 -1759.54 -255.41 -1759.42 -258.28 -1759.15 -261 -1759
C 749 468 440 0 7.5 5 -244.6 -1756.25 -244.6 -1758.13 -244.6 -1760 -244.6 -1761.88 -244.6 -1763.75
C 750 469 503 0 18 9 248.2 -1689 248.2 -1686.75 248.2 -1684.5 248.2 -1682.25 248.2 -1680 248.2 -1677.75 248.2 -1675.5 248.2 -1673.25 248.2 -1671
C 751 469 507 1 18.43 9 248.2 -1689 248.48 -1686.68 249.29 -1684.61 250.54 -1682.8 252.17 -1681.27 254.1 -1680.04 256.27 -1679.14 258.59 -1678.59 261 -1678.4
C 752 470 504 0 18 9 244.6 -1689 244.6 -1686.75 244.6 -1684.5 244.6 -1682.25 244.6 -1680 244.6 -1677.75 244.6 -1675.5 244.6 -1673.25 244.6 -1671
C 753 471 443 0 7.5 5 251.8 -1756.25 251.8 -1758.13 251.8 -1760 251.8 -1761.88 251.8 -1763.75
C 754 472 444 0 7.5 5 255.4 -1756.25 255.4 -1758.13 255.4 -1760 255.4 -1761.88 255.4 -1763.75
C 755 473 444 2 8.1 5 261 -1759 258.92 -1759.34 257.13 -1760.3 255.87 -1761.8 255.4 -1763.75
C 756 473 469 1 14.6 7 261 -1759 258.28 -1759.15 255.41 -1759.42 252.69 -1759.54 250.38 -1759.23 248.79 -1758.23 248.2 -1756.25
C 757 474 511 0 18 9 426.3 -1689 426.3 -1686.75 426.3 -1684.5 426.3 -1682.25 426.3 -1680 426.3 -1677.75 426.3 -1675.5 426.3 -1673.25 426.3 -1671
C 758 474 515 1 20.12 10 426.3 -1689 426.57 -1686.77 427.34 -1684.81 428.54 -1683.11 430.1 -1681.67 431.96 -1680.49 434.05 -1679.58 436.29 -1678.92 438.63 -1678.53 441 -1678.4
C 759 475 510 2 6.24 5 422.9 -1689 422.6 -1687.43 421.78 -1686.12 420.54 -1685.23 419 -1684.9
C 760 475 512 0 18 9 422.9 -1689 422.9 -1686.75 422.9 -1684.5 422.9 -1682.25 422.9 -1680 422.9 -1677.75 422.9 -1675.5 422.9 -1673.25 422.9 -1671
C 761 476 448 0 7.5 5 433.7 -1756.25 433.7 -1758.13 433.7 -1760 433.7 -1761.88 433.7 -1763.75
C 762 476 473 1 16.71 8 433.7 -1756.25 433.19 -1758.24 431.81 -1759.35 429.75 -1759.78 427.23 -1759.75 424.46 -1759.48 421.65 -1759.15 419 -1759
C 763 477 449 0 7.5 5 437.1 -1756.25 437.1 -1758.13 437.1 -1760 437.1 -1761.88 437.1 -1763.75
C 764 478 449 2 6.78 5 441 -1759 439.38 -1759.41 438.15 -1760.48 437.37 -1762 437.1 -1763.75
C 765 478 473 0 22 10 441 -1759 438.56 -1759 436.11 -1759 433.67 -1759 431.22 -1759 428.78 -1759 426.33 -1759 423.89 -1759 421.44 -1759 419 -1759
C 766 478 474 1 16.71 8 441 -1759 438.35 -1759.15 435.54 -1759.48 432.77 -1759.75 430.25 -1759.78 428.19 -1759.35 426.81 -1758.24 426.3 -1756.25
C 767 479 519 0 18 9 608.2 -1689 608.2 -1686.75 608.2 -1684.5 608.2 -1682.25 608.2 -1680 608.2 -1677.75 608.2 -1675.5 608.2 -1673.25 608.2 -1671
C 768 480 518 2 7.66 5 604.6 -1689 604.11 -1687.22 602.82 -1685.93 601.02 -1685.16 599 -1684.9
C 769 480 520 0 18 9 604.6 -1689 604.6 -1686.75 604.6 -1684.5 604.6 -1682.25 604.6 -1680 604.6 -1677.75 604.6 -1675.5 604.6 -1673.25 604.6 -1671
C 770 481 453 0 7.5 5 611.8 -1756.25 611.8 -1758.13 611.8 -1760 611.8 -1761.88 611.8 -1763.75
C 771 481 478 1 14.6 7 611.8 -1756.25 611.21 -1758.23 609.62 -1759.23 607.31 -1759.54 604.59 -1759.42 601.72 -1759.15 599 -1759
C 772 482 454 0 7.5 5 615.4 -1756.25 615.4 -1758.13 615.4 -1760 615.4 -1761.88 615.4 -1763.75
C 773 483 523 0 10 5 -611.8 -1605 -611.8 -1602.5 -611.8 -1600 -611.8 -1597.5 -611.8 -1595
C 774 484 524 0 10 5 -615.4 -1605 -615.4 -1602.5 -615.4 -1600 -615.4 -1597.5 -615.4 -1595
C 775 485 457 0 18 9 -608.2 -1671 -608.2 -1673.25 -608.2 -1675.5 -608.2 -1677.75 -608.2 -1680 -608.2 -1682.25 -608.2 -1684.5 -608.2 -1686.75 -608.2 -1689
C 776 486 458 0 18 9 -604.6 -1671 -604.6 -1673.25 -604.6 -1675.5 -604.6 -1677.75 -604.6 -1680 -604.6 -1682.25 -604.6 -1684.5 -604.6 -1686.75 -604.6 -1689
C 777 486 489 2 7.66 5 -604.6 -1671 -604.11 -1672.78 -602.82 -1674.07 -601.02 -1674.84 -599 -1675.1
C 778 487 462 1 18.43 9 -441 -1678.4 -438.59 -1678.59 -436.27 -1679.14 -434.1 -1680.04 -432.17 -1681.27 -430.54 -1682.8 -429.29 -1684.61 -428.48 -1686.68 -428.2 -1689
C 779 487 495 0 22 10 -441 -1678.4 -438.56 -1678.4 -436.11 -1678.4 -433.67 -1678.4 -431.22 -1678.4 -428.78 -1678.4 -426.33 -1678.4 -423.89 -1678.4 -421.44 -1678.4 -419 -1678.4
C 780 488 483 1 18.43 9 -599 -1681.6 -601.41 -1681.41 -603.73 -1680.86 -605.9 -1679.96 -607.83 -1678.73 -609.46 -1677.2 -610.71 -1675.39 -611.52 -1673.32 -611.8 -1671
C 781 489 492 2 7.66 5 -441 -1675.1 -438.98 -1674.84 -437.18 -1674.07 -435.89 -1672.78 -435.4 -1671
C 782 489 497 0 22 10 -441 -1675.1 -438.56 -1675.1 -436.11 -1675.1 -433.67 -1675.1 -431.22 -1675.1 -428.78 -1675.1 -426.33 -1675.1 -423.89 -1675.1 -421.44 -1675.1 -419 -1675.1
C 783 490 458 2 7.66 5 -599 -1684.9 -601.02 -1685.16 -602.82 -1685.93 -604.11 -1687.22 -604.6 -1689
C 784 491 528 0 10 5 -431.8 -1605 -431.8 -1602.5 -431.8 -1600 -431.8 -1597.5 -431.8 -1595
C 785 492 527 2 7.86 5 -435.4 -1605 -435.88 -1603.14 -437.16 -1601.76 -438.95 -1600.9 -441 -1600.6
C 786 492 529 0 10 5 -435.4 -1605 -435.4 -1602.5 -435.4 -1600 -435.4 -1597.5 -435.4 -1595
C 787 493 462 0 18 9 -428.2 -1671 -428.2 -1673.25 -428.2 -1675.5 -428.2 -1677.75 -428.2 -1680 -428.2 -1682.25 -428.2 -1684.5 -428.2 -1686.75 -428.2 -1689
C 788 493 488 1 18.43 9 -428.2 -1671 -428.48 -1673.32 -429.29 -1675.39 -430.54 -1677.2 -432.17 -1678.73 -434.1 -1679.96 -436.27 -1680.86 -438.59 -1681.41 -441 -1681.6
C 789 494 463 0 18 9 -424.6 -1671 -424.6 -1673.25 -424.6 -1675.5 -424.6 -1677.75 -424.6 -1680 -424.6 -1682.25 -424.6 -1684.5 -424.6 -1686.75 -424.6 -1689
C 790 494 497 2 7.66 5 -424.6 -1671 -424.11 -1672.78 -422.82 -1674.07 -421.02 -1674.84 -419 -1675.1
C 791 495 467 1 18.43 9 -261 -1678.4 -258.59 -1678.59 -256.27 -1679.14 -254.1 -1680.04 -252.17 -1681.27 -250.54 -1682.8 -249.29 -1684.61 -248.48 -1686.68 -248.2 -1689
C 792 496 488 0 22 10 -419 -1681.6 -421.44 -1681.6 -423.89 -1681.6 -426.33 -1681.6 -428.78 -1681.6 -431.22 -1681.6 -433.67 -1681.6 -436.11 -1681.6 -438.56 -1681.6 -441 -1681.6
C 793 496 491 1 18.43 9 -419 -1681.6 -421.41 -1681.41 -423.73 -1680.86 -425.9 -1679.96 -427.83 -1678.73 -429.46 -1677.2 -430.71 -1675.39 -431.52 -1673.32 -431.8 -1671
C 794 497 500 2 7.66 5 -261 -1675.1 -258.98 -1674.84 -257.18 -1674.07 -255.89 -1672.78 -255.4 -1671
C 795 498 463 2 7.66 5 -419 -1684.9 -421.02 -1685.16 -422.82 -1685.93 -424.11 -1687.22 -424.6 -1689
C 796 498 490 0 22 10 -419 -1684.9 -421.44 -1684.9 -423.89 -1684.9 -426.33 -1684.9 -428.78 -1684.9 -431.22 -1684.9 -433.67 -1684.9 -436.11 -1684.9 -438.56 -1684.9 -441 -1684.9
C 797 499 533 0 10 5 -251.8 -1605 -251.8 -1602.5 -251.8 -1600 -251.8 -1597.5 -251.8 -1595
C 798 500 532 2 7.86 5 -255.4 -1605 -255.88 -1603.14 -257.16 -1601.76 -258.95 -1600.9 -261 -1600.6
C 799 500 534 0 10 5 -255.4 -1605 -255.4 -1602.5 -255.4 -1600 -255.4 -1597.5 -255.4 -1595
C 800 501 467 0 18 9 -248.2 -1671 -248.2 -1673.25 -248.2 -1675.5 -248.2 -1677.75 -248.2 -1680 -248.2 -1682.25 -248.2 -1684.5 -248.2 -1686.75 -248.2 -1689
C 801 501 496 1 18.43 9 -248.2 -1671 -248.48 -1673.32 -249.29 -1675.39 -250.54 -1677.2 -252.17 -1678.73 -254.1 -1679.96 -256.27 -1680.86 -258.59 -1681.41 -261 -1681.6
C 802 502 468 0 18 9 -244.6 -1671 -244.6 -1673.25 -244.6 -1675.5 -244.6 -1677.75 -244.6 -1680 -244.6 -1682.25 -244.6 -1684.5 -244.6 -1686.75 -244.6 -1689
C 803 503 537 0 10 5 248.2 -1605 248.2 -1602.5 248.2 -1600 248.2 -1597.5 248.2 -1595
C 804 504 538 0 10 5 244.6 -1605 244.6 -1602.5 244.6 -1600 244.6 -1597.5 244.6 -1595
C 805 505 471 0 18 9 251.8 -1671 251.8 -1673.25 251.8 -1675.5 251.8 -1677.75 251.8 -1680 251.8 -1682.25 251.8 -1684.5 251.8 -1686.75 251.8 -1689
C 806 506 472 0 18 9 255.4 -1671 255.4 -1673.25 255.4 -1675.5 255.4 -1677.75 255.4 -1680 255.4 -1682.25 255.4 -1684.5 255.4 -1686.75 255.4 -1689
C 807 506 509 2 7.66 5 255.4 -1671 255.89 -1672.78 257.18 -1674.07 258.98 -1674.84 261 -1675.1
C 808 507 476 1 20.12 10 419 -1678.4 421.37 -1678.53 423.71 -1678.92 425.95 -1679.58 428.04 -1680.49 429.9 -1681.67 431.46 -1683.11 432.66 -1684.81 433.43 -1686.77 433.7 -1689
C 809 507 515 0 22 10 419 -1678.4 421.44 -1678.4 423.89 -1678.4 426.33 -1678.4 428.78 -1678.4 431.22 -1678.4 433.67 -1678.4 436.11 -1678.4 438.56 -1678.4 441 -1678.4
C 810 508 503 1 18.43 9 261 -1681.6 258.59 -1681.41 256.27 -1680.86 254.1 -1679.96 252.17 -1678.73 250.54 -1677.2 249.29 -1675.39 248.48 -1673.32 248.2 -1671
C 811 509 512 2 6.24 5 419 -1675.1 420.54 -1674.77 421.78 -1673.88 422.6 -1672.57 422.9 -1671
C 812 509 517 0 22 10 419 -1675.1 421.44 -1675.1 423.89 -1675.1 426.33 -1675.1 428.78 -1675.1 431.22 -1675.1 433.67 -1675.1 436.11 -1675.1 438.56 -1675.1 441 -1675.1
C 813 510 472 2 7.66 5 261 -1684.9 258.98 -1685.16 257.18 -1685.93 255.89 -1687.22 255.4 -1689
C 814 511 542 0 10 5 426.3 -1605 426.3 -1602.5 426.3 -1600 426.3 -1597.5 426.3 -1595
C 815 512 541 2 6.49 5 422.9 -1605 422.61 -1603.35 421.81 -1601.94 420.58 -1600.97 419 -1600.6
C 816 512 543 0 10 5 422.9 -1605 422.9 -1602.5 422.9 -1600 422.9 -1597.5 422.9 -1595
C 817 513 476 0 18 9 433.7 -1671 433.7 -1673.25 433.7 -1675.5 433.7 -1677.75 433.7 -1680 433.7 -1682.25 433.7 -1684.5 433.7 -1686.75 433.7 -1689
C 818 513 508 1 20.12 10 433.7 -1671 433.43 -1673.23 432.66 -1675.19 431.46 -1676.89 429.9 -1678.33 428.04 -1679.51 425.95 -1680.42 423.71 -1681.08 421.37 -1681.47 419 -1681.6
C 819 514 477 0 18 9 437.1 -1671 437.1 -1673.25 437.1 -1675.5 437.1 -1677.75 437.1 -1680 437.1 -1682.25 437.1 -1684.5 437.1 -1686.75 437.1 -1689
C 820 514 517 2 6.24 5 437.1 -1671 437.4 -1672.57 438.22 -1673.88 439.46 -1674.77 441 -1675.1
C 821 515 481 1 18.43 9 599 -1678.4 601.41 -1678.59 603.73 -1679.14 605.9 -1680.04 607.83 -1681.27 609.46 -1682.8 610.71 -1684.61 611.52 -1686.68 611.8 -1689
C 822 516 508 0 22 10 441 -1681.6 438.56 -1681.6 436.11 -1681.6 433.67 -1681.6 431.22 -1681.6 428.78 -1681.6 426.33 -1681.6 423.89 -1681.6 421.44 -1681.6 419 -1681.6
C 823 516 511 1 20.12 10 441 -1681.6 438.63 -1681.47 436.29 -1681.08 434.05 -1680.42 431.96 -1679.51 430.1 -1678.33 428.54 -1676.89 427.34 -1675.19 426.57 -1673.23 426.3 -1671
C 824 517 520 2 7.66 5 599 -1675.1 601.02 -1674.84 602.82 -1674.07 604.11 -1672.78 604.6 -1671
C 825 518 477 2 6.24 5 441 -1684.9 439.46 -1685.23 438.22 -1686.12 437.4 -1687.43 437.1 -1689
C 826 518 510 0 22 10 441 -1684.9 438.56 -1684.9 436.11 -1684.9 433.67 -1684.9 431.22 -1684.9 428.78 -1684.9 426.33 -1684.9 423.89 -1684.9 421.44 -1684.9 419 -1684.9
C 827 519 547 0 10 5 608.2 -1605 608.2 -1602.5 608.2 -1600 608.2 -1597.5 608.2 -1595
C 828 520 546 2 7.86 5 604.6 -1605 604.12 -1603.14 602.84 -1601.76 601.05 -1600.9 599 -1600.6
C 829 520 548 0 10 5 604.6 -1605 604.6 -1602.5 604.6 -1600 604.6 -1597.5 604.6 -1595
C 830 521 481 0 18 9 611.8 -1671 611.8 -1673.25 611.8 -1675.5 611.8 -1677.75 611.8 -1680 611.8 -1682.25 611.8 -1684.5 611.8 -1686.75 611.8 -1689
C 831 521 516 1 18.43 9 611.8 -1671 611.52 -1673.32 610.71 -1675.39 609.46 -1677.2 607.83 -1678.73 605.9 -1679.96 603.73 -1680.86 601.41 -1681.41 599 -1681.6
C 832 522 482 0 18 9 615.4 -1671 615.4 -1673.25 615.4 -1675.5 615.4 -1677.75 615.4 -1680 615.4 -1682.25 615.4 -1684.5 615.4 -1686.75 615.4 -1689
C 833 523 551 0 10 5 -611.8 -1525 -611.8 -1522.5 -611.8 -1520 -611.8 -1517.5 -611.8 -1515
C 834 523 555 1 15.54 8 -611.8 -1525 -611.38 -1522.97 -610.22 -1521.51 -608.48 -1520.51 -606.33 -1519.89 -603.92 -1519.56 -601.42 -1519.42 -599 -1519.4
C 835 524 552 0 10 5 -615.4 -1525 -615.4 -1522.5 -615.4 -1520 -615.4 -1517.5 -615.4 -1515
C 836 525 485 0 10 5 -608.2 -1595 -608.2 -1597.5 -608.2 -1600 -608.2 -1602.5 -608.2 -1605
C 837 526 486 0 10 5 -604.6 -1595 -604.6 -1597.5 -604.6 -1600 -604.6 -1602.5 -604.6 -1605
C 838 527 486 2 7.86 5 -599 -1600.6 -601.05 -1600.9 -602.84 -1601.76 -604.12 -1603.14 -604.6 -1605
C 839 527 523 1 15.54 8 -599 -1600.6 -601.42 -1600.58 -603.92 -1600.44 -606.33 -1600.11 -608.48 -1599.49 -610.22 -1598.49 -611.38 -1597.03 -611.8 -1595
C 840 528 556 0 10 5 -431.8 -1525 -431.8 -1522.5 -431.8 -1520 -431.8 -1517.5 -431.8 -1515
C 841 528 560 1 15.54 8 -431.8 -1525 -431.38 -1522.97 -430.22 -1521.51 -428.48 -1520.51 -426.33 -1519.89 -423.92 -1519.56 -421.42 -1519.42 -419 -1519.4
C 842 529 557 0 10 5 -435.4 -1525 -435.4 -1522.5 -435.4 -1520 -435.4 -1517.5 -435.4 -1515
C 843 530 493 0 10 5 -428.2 -1595 -428.2 -1597.5 -428.2 -1600 -428.2 -1602.5 -428.2 -1605
C 844 530 527 1 15.54 8 -428.2 -1595 -428.62 -1597.03 -429.78 -1598.49 -431.52 -1599.49 -433.67 -1600.11 -436.08 -1600.44 -438.58 -1600.58 -441 -1600.6
C 845 531 494 0 10 5 -424.6 -1595 -424.6 -1597.5 -424.6 -1600 -424.6 -1602.5 -424.6 -1605
C 846 532 494 2 7.86 5 -419 -1600.6 -421.05 -1600.9 -422.84 -1601.76 -424.12 -1603.14 -424.6 -1605
C 847 532 527 0 22 10 -419 -1600.6 -421.44 -1600.6 -423.89 -1600.6 -426.33 -1600.6 -428.78 -1600.6 -431.22 -1600.6 -433.67 -1600.6 -436.11 -1600.6 -438.56 -1600.6 -441 -1600.6
C 848 532 528 1 15.54 8 -419 -1600.6 -421.42 -1600.58 -423.92 -1600.44 -426.33 -1600.11 -428.48 -1599.49 -430.22 -1598.49 -431.38 -1597.03 -431.8 -1595
C 849 533 561 0 10 5 -251.8 -1525 -251.8 -1522.5 -251.8 -1520 -251.8 -1517.5 -251.8 -1515
C 850 534 562 0 10 5 -255.4 -1525 -255.4 -1522.5 -255.4 -1520 -255.4 -1517.5 -255.4 -1515
C 851 535 501 0 10 5 -248.2 -1595 -248.2 -1597.5 -248.2 -1600 -248.2 -1602.5 -248.2 -1605
C 852 535 532 1 15.54 8 -248.2 -1595 -248.62 -1597.03 -249.78 -1598.49 -251.52 -1599.49 -253.67 -1600.11 -256.08 -1600.44 -258.58 -1600.58 -261 -1600.6
C 853 536 502 0 10 5 -244.6 -1595 -244.6 -1597.5 -244.6 -1600 -244.6 -1602.5 -244.6 -1605
C 854 537 565 0 10 5 248.2 -1525 248.2 -1522.5 248.2 -1520 248.2 -1517.5 248.2 -1515
C 855 537 569 1 15.54 8 248.2 -1525 248.62 -1522.97 249.78 -1521.51 251.52 -1520.51 253.67 -1519.89 256.08 -1519.56 258.58 -1519.42 261 -1519.4
C 856 538 566 0 10 5 244.6 -1525 244.6 -1522.5 244.6 -1520 244.6 -1517.5 244.6 -1515
C 857 539 505 0 10 5 251.8 -1595 251.8 -1597.5 251.8 -1600 251.8 -1602.5 251.8 -1605
C 858 540 506 0 10 5 255.4 -1595 255.4 -1597.5 255.4 -1600 255.4 -1602.5 255.4 -1605
C 859 541 506 2 7.86 5 261 -1600.6 258.95 -1600.9 257.16 -1601.76 255.88 -1603.14 255.4 -1605
C 860 541 537 1 15.54 8 261 -1600.6 258.58 -1600.58 256.08 -1600.44 253.67 -1600.11 251.52 -1599.49 249.78 -1598.49 248.62 -1597.03 248.2 -1595
C 861 542 570 0 10 5 426.3 -1525 426.3 -1522.5 426.3 -1520 426.3 -1517.5 426.3 -1515
C 862 542 574 1 17.52 9 426.3 -1525 426.68 -1523 427.73 -1521.54 429.33 -1520.53 431.35 -1519.9 433.65 -1519.55 436.11 -1519.41 438.61 -1519.39 441 -1519.4
C 863 543 571 0 10 5 422.9 -1525 422.9 -1522.5 422.9 -1520 422.9 -1517.5 422.9 -1515
C 864 544 513 0 10 5 433.7 -1595 433.7 -1597.5 433.7 -1600 433.7 -1602.5 433.7 -1605
C 865 544 541 1 17.52 9 433.7 -1595 433.32 -1597 432.27 -1598.46 430.67 -1599.47 428.65 -1600.1 426.35 -1600.45 423.89 -1600.59 421.39 -1600.61 419 -1600.6
C 866 545 514 0 10 5 437.1 -1595 437.1 -1597.5 437.1 -1600 437.1 -1602.5 437.1 -1605
C 867 546 514 2 6.49 5 441 -1600.6 439.42 -1600.97 438.19 -1601.94 437.39 -1603.35 437.1 -1605
C 868 546 541 0 22 10 441 -1600.6 438.56 -1600.6 436.11 -1600.6 433.67 -1600.6 431.22 -1600.6 428.78 -1600.6 426.33 -1600.6 423.89 -1600.6 421.44 -1600.6 419 -1600.6
C 869 546 542 1 17.52 9 441 -1600.6 438.61 -1600.61 436.11 -1600.59 433.65 -1600.45 431.35 -1600.1 429.33 -1599.47 427.73 -1598.46 426.68 -1597 426.3 -1595
C 870 547 575 0 10 5 608.2 -1525 608.2 -1522.5 608.2 -1520 608.2 -1517.5 608.2 -1515
C 871 548 576 0 10 5 604.6 -1525 604.6 -1522.5 604.6 -1520 604.6 -1517.5 604.6 -1515
C 872 549 521 0 10 5 611.8 -1595 611.8 -1597.5 611.8 -1600 611.8 -1602.5 611.8 -1605
C 873 549 546 1 15.54 8 611.8 -1595 611.38 -1597.03 610.22 -1598.49 608.48 -1599.49 606.33 -1600.11 603.92 -1600.44 601.42 -1600.58 599 -1600.6
C 874 550 522 0 10 5 615.4 -1595 615.4 -1597.5 615.4 -1600 615.4 -1602.5 615.4 -1605
C 875 551 579 0 7.5 5 -611.8 -1443.75 -611.8 -1441.88 -611.8 -1440 -611.8 -1438.13 -611.8 -1436.25
C 876 552 580 0 7.5 5 -615.4 -1443.75 -615.4 -1441.88 -615.4 -1440 -615.4 -1438.13 -615.4 -1436.25
C 877 553 525 0 10 5 -608.2 -1515 -608.2 -1517.5 -608.2 -1520 -608.2 -1522.5 -608.2 -1525
C 878 554 526 0 10 5 -604.6 -1515 -604.6 -1517.5 -604.6 -1520 -604.6 -1522.5 -604.6 -1525
C 879 554 555 2 7.86 5 -604.6 -1515 -604.12 -1516.86 -602.84 -1518.24 -601.05 -1519.1 -599 -1519.4
C 880 555 530 1 15.54 8 -441 -1519.4 -438.58 -1519.42 -436.08 -1519.56 -433.67 -1519.89 -431.52 -1520.51 -429.78 -1521.51 -428.62 -1522.97 -428.2 -1525
C 881 555 557 2 7.86 5 -441 -1519.4 -438.95 -1519.1 -437.16 -1518.24 -435.88 -1516.86 -435.4 -1515
C 882 555 560 0 22 10 -441 -1519.4 -438.56 -1519.4 -436.11 -1519.4 -433.67 -1519.4 -431.22 -1519.4 -428.78 -1519.4 -426.33 -1519.4 -423.89 -1519.4 -421.44 -1519.4 -419 -1519.4
C 883 556 584 0 7.5 5 -431.8 -1443.75 -431.8 -1441.88 -431.8 -1440 -431.8 -1438.13 -431.8 -1436.25
C 884 557 583 2 8.1 5 -435.4 -1443.75 -435.87 -1441.8 -437.13 -1440.3 -438.92 -1439.34 -441 -1439
C 885 557 585 0 7.5 5 -435.4 -1443.75 -435.4 -1441.88 -435.4 -1440 -435.4 -1438.13 -435.4 -1436.25
C 886 558 530 0 10 5 -428.2 -1515 -428.2 -1517.5 -428.2 -1520 -428.2 -1522.5 -428.2 -1525
C 887 559 531 0 10 5 -424.6 -1515 -424.6 -1517.5 -424.6 -1520 -424.6 -1522.5 -424.6 -1525
C 888 559 560 2 7.86 5 -424.6 -1515 -424.12 -1516.86 -422.84 -1518.24 -421.05 -1519.1 -419 -1519.4
C 889 560 535 1 15.54 8 -261 -1519.4 -258.58 -1519.42 -256.08 -1519.56 -253.67 -1519.89 -251.52 -1520.51 -249.78 -1521.51 -248.62 -1522.97 -248.2 -1525
C 890 560 562 2 7.86 5 -261 -1519.4 -258.95 -1519.1 -257.16 -1518.24 -255.88 -1516.86 -255.4 -1515
C 891 561 589 0 7.5 5 -251.8 -1443.75 -251.8 -1441.88 -251.8 -1440 -251.8 -1438.13 -251.8 -1436.25
C 892 562 588 2 8.1 5 -255.4 -1443.75 -255.87 -1441.8 -257.13 -1440.3 -258.92 -1439.34 -261 -1439
C 893 562 590 0 7.5 5 -255.4 -1443.75 -255.4 -1441.88 -255.4 -1440 -255.4 -1438.13 -255.4 -1436.25
C 894 563 535 0 10 5 -248.2 -1515 -248.2 -1517.5 -248.2 -1520 -248.2 -1522.5 -248.2 -1525
C 895 564 536 0 10 5 -244.6 -1515 -244.6 -1517.5 -244.6 -1520 -244.6 -1522.5 -244.6 -1525
C 896 565 593 0 7.5 5 248.2 -1443.75 248.2 -1441.88 248.2 -1440 248.2 -1438.13 248.2 -1436.25
C 897 566 594 0 7.5 5 244.6 -1443.75 244.6 -1441.88 244.6 -1440 244.6 -1438.13 244.6 -1436.25
C 898 567 539 0 10 5 251.8 -1515 251.8 -1517.5 251.8 -1520 251.8 -1522.5 251.8 -1525
C 899 568 540 0 10 5 255.4 -1515 255.4 -1517.5 255.4 -1520 255.4 -1522.5 255.4 -1525
C 900 568 569 2 7.86 5 255.4 -1515 255.88 -1516.86 257.16 -1518.24 258.95 -1519.1 261 -1519.4
C 901 569 544 1 17.52 9 419 -1519.4 421.39 -1519.39 423.89 -1519.41 426.35 -1519.55 428.65 -1519.9 430.67 -1520.53 432.27 -1521.54 433.32 -1523 433.7 -1525
C 902 569 571 2 6.49 5 419 -1519.4 420.58 -1519.03 421.81 -1518.06 422.61 -1516.65 422.9 -1515
C 903 569 574 0 22 10 419 -1519.4 421.44 -1519.4 423.89 -1519.4 426.33 -1519.4 428.78 -1519.4 431.22 -1519.4 433.67 -1519.4 436.11 -1519.4 438.56 -1519.4 441 -1519.4
C 904 570 598 0 7.5 5 426.3 -1443.75 426.3 -1441.88 426.3 -1440 426.3 -1438.13 426.3 -1436.25
C 905 571 597 2 6.78 5 422.9 -1443.75 422.63 -1442 421.85 -1440.48 420.62 -1439.41 419 -1439
C 906 571 599 0 7.5 5 422.9 -1443.75 422.9 -1441.88 422.9 -1440 422.9 -1438.13 422.9 -1436.25
C 907 572 544 0 10 5 433.7 -1515 433.7 -1517.5 433.7 -1520 433.7 -1522.5 433.7 -1525
C 908 573 545 0 10 5 437.1 -1515 437.1 -1517.5 437.1 -1520 437.1 -1522.5 437.1 -1525
C 909 573 574 2 6.49 5 437.1 -1515 437.39 -1516.65 438.19 -1518.06 439.42 -1519.03 441 -1519.4
C 910 574 549 1 15.54 8 599 -1519.4 601.42 -1519.42 603.92 -1519.56 606.33 -1519.89 608.48 -1520.51 610.22 -1521.51 611.38 -1522.97 611.8 -1525
C 911 574 576 2 7.86 5 599 -1519.4 601.05 -1519.1 602.84 -1518.24 604.12 -1516.86 604.6 -1515
C 912 575 603 0 7.5 5 608.2 -1443.75 608.2 -1441.88 608.2 -1440 608.2 -1438.13 608.2 -1436.25
C 913 576 602 2 8.1 5 604.6 -1443.75 604.13 -1441.8 602.87 -1440.3 601.08 -1439.34 599 -1439
C 914 576 604 0 7.5 5 604.6 -1443.75 604.6 -1441.88 604.6 -1440 604.6 -1438.13 604.6 -1436.25
C 915 577 549 0 10 5 611.8 -1515 611.8 -1517.5 611.8 -1520 611.8 -1522.5 611.8 -1525
C 916 578 550 0 10 5 615.4 -1515 615.4 -1517.5 615.4 -1520 615.4 -1522.5 615.4 -1525
C 917 579 607 0 10 5 -611.8 -1365 -611.8 -1362.5 -611.8 -1360 -611.8 -1357.5 -611.8 -1355
C 918 579 611 1 15.54 8 -611.8 -1365 -611.38 -1362.97 -610.22 -1361.51 -608.48 -1360.51 -606.33 -1359.89 -603.92 -1359.56 -601.42 -1359.42 -599 -1359.4
C 919 580 608 0 10 5 -615.4 -1365 -615.4 -1362.5 -615.4 -1360 -615.4 -1357.5 -615.4 -1355
C 920 581 553 0 7.5 5 -608.2 -1436.25 -608.2 -1438.13 -608.2 -1440 -608.2 -1441.88 -608.2 -1443.75
C 921 582 554 0 7.5 5 -604.6 -1436.25 -604.6 -1438.13 -604.6 -1440 -604.6 -1441.88 -604.6 -1443.75
C 922 583 554 2 8.1 5 -599 -1439 -601.08 -1439.34 -602.87 -1440.3 -604.13 -1441.8 -604.6 -1443.75
C 923 583 579 1 14.6 7 -599 -1439 -601.72 -1439.15 -604.59 -1439.42 -607.31 -1439.54 -609.62 -1439.23 -611.21 -1438.23 -611.8 -1436.25
C 924 584 612 0 10 5 -431.8 -1365 -431.8 -1362.5 -431.8 -1360 -431.8 -1357.5 -431.8 -1355
C 925 584 616 1 15.54 8 -431.8 -1365 -431.38 -1362.97 -430.22 -1361.51 -428.48 -1360.51 -426.33 -1359.89 -423.92 -1359.56 -421.42 -1359.42 -419 -1359.4
C 926 585 613 0 10 5 -435.4 -1365 -435.4 -1362.5 -435.4 -1360 -435.4 -1357.5 -435.4 -1355
C 927 586 558 0 7.5 5 -428.2 -1436.25 -428.2 -1438.13 -428.2 -1440 -428.2 -1441.88 -428.2 -1443.75
C 928 586 583 1 14.6 7 -428.2 -1436.25 -428.79 -1438.23 -430.38 -1439.23 -432.69 -1439.54 -435.41 -1439.42 -438.28 -1439.15 -441 -1439
C 929 587 559 0 7.5 5 -424.6 -1436.25 -424.6 -1438.13 -424.6 -1440 -424.6 -1441.88 -424.6 -1443.75
C 930 588 559 2 8.1 5 -419 -1439 -421.08 -1439.34 -422.87 -1440.3 -424.13 -1441.8 -424.6 -1443.75
C 931 588 583 0 22 10 -419 -1439 -421.44 -1439 -423.89 -1439 -426.33 -1439 -428.78 -1439 -431.22 -1439 -433.67 -1439 -436.11 -1439 -438.56 -1439 -441 -1439
C 932 588 584 1 14.6 7 -419 -1439 -421.72 -1439.15 -424.59 -1439.42 -427.31 -1439.54 -429.62 -1439.23 -431.21 -1438.23 -431.8 -1436.25
C 933 589 617 0 10 5 -251.8 -1365 -251.8 -1362.5 -251.8 -1360 -251.8 -1357.5 -251.8 -1355
C 934 590 618 0 10 5 -255.4 -1365 -255.4 -1362.5 -255.4 -1360 -255.4 -1357.5 -255.4 -1355
C 935 591 563 0 7.5 5 -248.2 -1436.25 -248.2 -1438.13 -248.2 -1440 -248.2 -1441.88 -248.2 -1443.75
C 936 591 588 1 14.6 7 -248.2 -1436.25 -248.79 -1438.23 -250.38 -1439.23 -252.69 -1439.54 -255.41 -1439.42 -258.28 -1439.15 -261 -1439
C 937 592 564 0 7.5 5 -244.6 -1436.25 -244.6 -1438.13 -244.6 -1440 -244.6 -1441.88 -244.6 -1443.75
C 938 593 621 0 10 5 248.2 -1365 248.2 -1362.5 248.2 -1360 248.2 -1357.5 248.2 -1355
C 939 593 625 1 15.54 8 248.2 -1365 248.62 -1362.97 249.78 -1361.51 251.52 -1360.51 253.67 -1359.89 256.08 -1359.56 258.58 -1359.42 261 -1359.4
C 940 594 622 0 10 5 244.6 -1365 244.6 -1362.5 244.6 -1360 244.6 -1357.5 244.6 -1355
C 941 595 567 0 7.5 5 251.8 -1436.25 251.8 -1438.13 251.8 -1440 251.8 -1441.88 251.8 -1443.75
C 942 596 568 0 7.5 5 255.4 -1436.25 255.4 -1438.13 255.4 -1440 255.4 -1441.88 255.4 -1443.75
C 943 597 568 2 8.1 5 261 -1439 258.92 -1439.34 257.13 -1440.3 255.87 -1441.8 255.4 -1443.75
C 944 597 593 1 14.6 7 261 -1439 258.28 -1439.15 255.41 -1439.42 252.69 -1439.54 250.38 -1439.23 248.79 -1438.23 248.2 -1436.25
C 945 598 626 0 10 5 426.3 -1365 426.3 -1362.5 426.3 -1360 426.3 -1357.5 426.3 -1355
C 946 598 630 1 17.52 9 426.3 -1365 426.68 -1363 427.73 -1361.54 429.33 -1360.53 431.35 -1359.9 433.65 -1359.55 436.11 -1359.41 438.61 -1359.39 441 -1359.4
C 947 599 627 0 10 5 422.9 -1365 422.9 -1362.5 422.9 -1360 422.9 -1357.5 422.9 -1355
C 948 600 572 0 7.5 5 433.7 -1436.25 433.7 -1438.13 433.7 -1440 433.7 -1441.88 433.7 -1443.75
C 949 600 597 1 16.71 8 433.7 -1436.25 433.19 -1438.24 431.81 -1439.35 429.75 -1439.78 427.23 -1439.75 424.46 -1439.48 421.65 -1439.15 419 -1439
C 950 601 573 0 7.5 5 437.1 -1436.25 437.1 -1438.13 437.1 -1440 437.1 -1441.88 437.1 -1443.75
C 951 602 573 2 6.78 5 441 -1439 439.38 -1439.41 438.15 -1440.48 437.37 -1442 437.1 -1443.75
C 952 602 597 0 22 10 441 -1439 438.56 -1439 436.11 -1439 433.67 -1439 431.22 -1439 428.78 -1439 426.33 -1439 423.89 -1439 421.44 -1439 419 -1439
C 953 602 598 1 16.71 8 441 -1439 438.35 -1439.15 435.54 -1439.48 432.77 -1439.75 430.25 -1439.78 428.19 -1439.35 426.81 -1438.24 426.3 -1436.25
C 954 603 631 0 10 5 608.2 -1365 608.2 -1362.5 608.2 -1360 608.2 -1357.5 608.2 -1355
C 955 604 632 0 10 5 604.6 -1365 604.6 -1362.5 604.6 -1360 604.6 -1357.5 604.6 -1355
C 956 605 577 0 7.5 5 611.8 -1436.25 611.8 -1438.13 611.8 -1440 611.8 -1441.88 611.8 -1443.75
C 957 605 602 1 14.6 7 611.8 -1436.25 611.21 -1438.23 609.62 -1439.23 607.31 -1439.54 604.59 -1439.42 601.72 -1439.15 599 -1439
C 958 606 578 0 7.5 5 615.4 -1436.25 615.4 -1438.13 615.4 -1440 615.4 -1441.88 615.4 -1443.75
C 959 607 635 0 10 5 -611.8 -1285 -611.8 -1282.5 -611.8 -1280 -611.8 -1277.5 -611.8 -1275
C 960 608 636 0 10 5 -615.4 -1285 -615.4 -1282.5 -615.4 -1280 -615.4 -1277.5 -615.4 -1275
C 961 609 581 0 10 5 -608.2 -1355 -608.2 -1357.5 -608.2 -1360 -608.2 -1362.5 -608.2 -1365
C 962 610 582 0 10 5 -604.6 -1355 -604.6 -1357.5 -604.6 -1360 -604.6 -1362.5 -604.6 -1365
C 963 610 611 2 7.86 5 -604.6 -1355 -604.12 -1356.86 -602.84 -1358.24 -601.05 -1359.1 -599 -1359.4
C 964 611 586 1 15.54 8 -441 -1359.4 -438.58 -1359.42 -436.08 -1359.56 -433.67 -1359.89 -431.52 -1360.51 -429.78 -1361.51 -428.62 -1362.97 -428.2 -1365
C 965 611 613 2 7.86 5 -441 -1359.4 -438.95 -1359.1 -437.16 -1358.24 -435.88 -1356.86 -435.4 -1355
C 966 611 616 0 22 10 -441 -1359.4 -438.56 -1359.4 -436.11 -1359.4 -433.67 -1359.4 -431.22 -1359.4 -428.78 -1359.4 -426.33 -1359.4 -423.89 -1359.4 -421.44 -1359.4 -419 -1359.4
C 967 612 640 0 10 5 -431.8 -1285 -431.8 -1282.5 -431.8 -1280 -431.8 -1277.5 -431.8 -1275
C 968 613 639 2 7.86 5 -435.4 -1285 -435.88 -1283.14 -437.16 -1281.76 -438.95 -1280.9 -441 -1280.6
C 969 613 641 0 10 5 -435.4 -1285 -435.4 -1282.5 -435.4 -1280 -435.4 -1277.5 -435.4 -1275
C 970 614 586 0 10 5 -428.2 -1355 -428.2 -1357.5 -428.2 -1360 -428.2 -1362.5 -428.2 -1365
C 971 615 587 0 10 5 -424.6 -1355 -424.6 -1357.5 -424.6 -1360 -424.6 -1362.5 -424.6 -1365
C 972 615 616 2 7.86 5 -424.6 -1355 -424.12 -1356.86 -422.84 -1358.24 -421.05 -1359.1 -419 -1359.4
C 973 616 591 1 15.54 8 -261 -1359.4 -258.58 -1359.42 -256.08 -1359.56 -253.67 -1359.89 -251.52 -1360.51 -249.78 -1361.51 -248.62 -1362.97 -248.2 -1365
C 974 616 618 2 7.86 5 -261 -1359.4 -258.95 -1359.1 -257.16 -1358.24 -255.88 -1356.86 -255.4 -1355
C 975 617 645 0 10 5 -251.8 -1285 -251.8 -1282.5 -251.8 -1280 -251.8 -1277.5 -251.8 -1275
C 976 618 644 2 7.86 5 -255.4 -1285 -255.88 -1283.14 -257.16 -1281.76 -258.95 -1280.9 -261 -1280.6
C 977 618 646 0 10 5 -255.4 -1285 -255.4 -1282.5 -255.4 -1280 -255.4 -1277.5 -255.4 -1275
C 978 619 591 0 10 5 -248.2 -1355 -248.2 -1357.5 -248.2 -1360 -248.2 -1362.5 -248.2 -1365
C 979 620 592 0 10 5 -244.6 -1355 -244.6 -1357.5 -244.6 -1360 -244.6 -1362.5 -244.6 -1365
C 980 621 649 0 10 5 248.2 -1285 248.2 -1282.5 248.2 -1280 248.2 -1277.5 248.2 -1275
C 981 622 650 0 10 5 244.6 -1285 244.6 -1282.5 244.6 -1280 244.6 -1277.5 244.6 -1275
C 982 623 595 0 10 5 251.8 -1355 251.8 -1357.5 251.8 -1360 251.8 -1362.5 251.8 -1365
C 983 624 596 0 10 5 255.4 -1355 255.4 -1357.5 255.4 -1360 255.4 -1362.5 255.4 -1365
C 984 624 625 2 7.86 5 255.4 -1355 255.88 -1356.86 257.16 -1358.24 258.95 -1359.1 261 -1359.4
C 985 625 600 1 17.52 9 419 -1359.4 421.39 -1359.39 423.89 -1359.41 426.35 -1359.55 428.65 -1359.9 430.67 -1360.53 432.27 -1361.54 433.32 -1363 433.7 -1365
C 986 625 627 2 6.49 5 419 -1359.4 420.58 -1359.03 421.81 -1358.06 422.61 -1356.65 422.9 -1355
C 987 625 630 0 22 10 419 -1359.4 421.44 -1359.4 423.89 -1359.4 426.33 -1359.4 428.78 -1359.4 431.22 -1359.4 433.67 -1359.4 436.11 -1359.4 438.56 -1359.4 441 -1359.4
C 988 626 654 0 10 5 426.3 -1285 426.3 -1282.5 426.3 -1280 426.3 -1277.5 426.3 -1275
C 989 627 653 2 6.49 5 422.9 -1285 422.61 -1283.35 421.81 -1281.94 420.58 -1280.97 419 -1280.6
C 990 627 655 0 10 5 422.9 -1285 422.9 -1282.5 422.9 -1280 422.9 -1277.5 422.9 -1275
C 991 628 600 0 10 5 433.7 -1355 433.7 -1357.5 433.7 -1360 433.7 -1362.5 433.7 -1365
C 992 629 601 0 10 5 437.1 -1355 437.1 -1357.5 437.1 -1360 437.1 -1362.5 437.1 -1365
C 993 629 630 2 6.49 5 437.1 -1355 437.39 -1356.65 438.19 -1358.06 439.42 -1359.03 441 -1359.4
C 994 630 605 1 15.54 8 599 -1359.4 601.42 -1359.42 603.92 -1359.56 606.33 -1359.89 608.48 -1360.51 610.22 -1361.51 611.38 -1362.97 611.8 -1365
C 995 630 632 2 7.86 5 599 -1359.4 601.05 -1359.1 602.84 -1358.24 604.12 -1356.86 604.6 -1355
C 996 631 659 0 10 5 608.2 -1285 608.2 -1282.5 608.2 -1280 608.2 -1277.5 608.2 -1275
C 997 632 658 2 7.86 5 604.6 -1285 604.12 -1283.14 602.84 -1281.76 601.05 -1280.9 599 -1280.6
C 998 632 660 0 10 5 604.6 -1285 604.6 -1282.5 604.6 -1280 604.6 -1277.5 604.6 -1275
C 999 633 605 0 10 5 611.8 -1355 611.8 -1357.5 611.8 -1360 611.8 -1362.5 611.8 -1365
C 1000 634 606 0 10 5 615.4 -1355 615.4 -1357.5 615.4 -1360 615.4 -1362.5 615.4 -1365
C 1001 635 663 0 18 9 -611.8 -1209 -611.8 -1206.75 -611.8 -1204.5 -611.8 -1202.25 -611.8 -1200 -611.8 -1197.75 -611.8 -1195.5 -611.8 -1193.25 -611.8 -1191
C 1002 635 667 1 18.43 9 -611.8 -1209 -611.52 -1206.68 -610.71 -1204.61 -609.46 -1202.8 -607.83 -1201.27 -605.9 -1200.04 -603.73 -1199.14 -601.41 -1198.59 -599 -1198.4
C 1003 636 664 0 18 9 -615.4 -1209 -615.4 -1206.75 -615.4 -1204.5 -615.4 -1202.25 -615.4 -1200 -615.4 -1197.75 -615.4 -1195.5 -615.4 -1193.25 -615.4 -1191
C 1004 637 609 0 10 5 -608.2 -1275 -608.2 -1277.5 -608.2 -1280 -608.2 -1282.5 -608.2 -1285
C 1005 638 610 0 10 5 -604.6 -1275 -604.6 -1277.5 -604.6 -1280 -604.6 -1282.5 -604.6 -1285
C 1006 639 610 2 7.86 5 -599 -1280.6 -601.05 -1280.9 -602.84 -1281.76 -604.12 -1283.14 -604.6 -1285
C 1007 639 635 1 15.54 8 -599 -1280.6 -601.42 -1280.58 -603.92 -1280.44 -606.33 -1280.11 -608.48 -1279.49 -610.22 -1278.49 -611.38 -1277.03 -611.8 -1275
C 1008 640 671 0 18 9 -431.8 -1209 -431.8 -1206.75 -431.8 -1204.5 -431.8 -1202.25 -431.8 -1200 -431.8 -1197.75 -431.8 -1195.5 -431.8 -1193.25 -431.8 -1191
C 1009 640 675 1 18.43 9 -431.8 -1209 -431.52 -1206.68 -430.71 -1204.61 -429.46 -1202.8 -427.83 -1201.27 -425.9 -1200.04 -423.73 -1199.14 -421.41 -1198.59 -419 -1198.4
C 1010 641 670 2 7.66 5 -435.4 -1209 -435.89 -1207.22 -437.18 -1205.93 -438.98 -1205.16 -441 -1204.9
C 1011 641 672 0 18 9 -435.4 -1209 -435.4 -1206.75 -435.4 -1204.5 -435.4 -1202.25 -435.4 -1200 -435.4 -1197.75 -435.4 -1195.5 -435.4 -1193.25 -435.4 -1191
C 1012 642 614 0 10 5 -428.2 -1275 -428.2 -1277.5 -428.2 -1280 -428.2 -1282.5 -428.2 -1285
C 1013 642 639 1 15.54 8 -428.2 -1275 -428.62 -1277.03 -429.78 -1278.49 -431.52 -1279.49 -433.67 -1280.11 -436.08 -1280.44 -438.58 -1280.58 -441 -1280.6
C 1014 643 615 0 10 5 -424.6 -1275 -424.6 -1277.5 -424.6 -1280 -424.6 -1282.5 -424.6 -1285
C 1015 644 615 2 7.86 5 -419 -1280.6 -421.05 -1280.9 -422.84 -1281.76 -424.12 -1283.14 -424.6 -1285
C 1016 644 639 0 22 10 -419 -1280.6 -421.44 -1280.6 -423.89 -1280.6 -426.33 -1280.6 -428.78 -1280.6 -431.22 -1280.6 -433.67 -1280.6 -436.11 -1280.6 -438.56 -1280.6 -441 -1280.6
C 1017 644 640 1 15.54 8 -419 -1280.6 -421.42 -1280.58 -423.92 -1280.44 -426.33 -1280.11 -428.48 -1279.49 -430.22 -1278.49 -431.38 -1277.03 -431.8 -1275
C 1018 645 679 0 18 9 -251.8 -1209 -251.8 -1206.75 -251.8 -1204.5 -251.8 -1202.25 -251.8 -1200 -251.8 -1197.75 -251.8 -1195.5 -251.8 -1193.25 -251.8 -1191
C 1019 646 678 2 7.66 5 -255.4 -1209 -255.89 -1207.22 -257.18 -1205.93 -258.98 -1205.16 -261 -1204.9
C 1020 646 680 0 18 9 -255.4 -1209 -255.4 -1206.75 -255.4 -1204.5 -255.4 -1202.25 -255.4 -1200 -255.4 -1197.75 -255.4 -1195.5 -255.4 -1193.25 -255.4 -1191
C 1021 647 619 0 10 5 -248.2 -1275 -248.2 -1277.5 -248.2 -1280 -248.2 -1282.5 -248.2 -1285
C 1022 647 644 1 15.54 8 -248.2 -1275 -248.62 -1277.03 -249.78 -1278.49 -251.52 -1279.49 -253.67 -1280.11 -256.08 -1280.44 -258.58 -1280.58 -261 -1280.6
C 1023 648 620 0 10 5 -244.6 -1275 -244.6 -1277.5 -244.6 -1280 -244.6 -1282.5 -244.6 -1285
C 1024 649 683 0 18 9 248.2 -1209 248.2 -1206.75 248.2 -1204.5 248.2 -1202.25 248.2 -1200 248.2 -1197.75 248.2 -1195.5 248.2 -1193.25 248.2 -1191
C 1025 649 687 1 18.43 9 248.2 -1209 248.48 -1206.68 249.29 -1204.61 250.54 -1202.8 252.17 -1201.27 254.1 -1200.04 256.27 -1199.14 258.59 -1198.59 261 -1198.4
C 1026 650 684 0 18 9 244.6 -1209 244.6 -1206.75 244.6 -1204.5 244.6 -1202.25 244.6 -1200 244.6 -1197.75 244.6 -1195.5 244.6 -1193.25 244.6 -1191
C 1027 651 623 0 10 5 251.8 -1275 251.8 -1277.5 251.8 -1280 251.8 -1282.5 251.8 -1285
C 1028 652 624 0 10 5 255.4 -1275 255.4 -1277.5 255.4 -1280 255.4 -1282.5 255.4 -1285
C 1029 653 624 2 7.86 5 261 -1280.6 258.95 -1280.9 257.16 -1281.76 255.88 -1283.14 255.4 -1285
C 1030 653 649 1 15.54 8 261 -1280.6 258.58 -1280.58 256.08 -1280.44 253.67 -1280.11 251.52 -1279.49 249.78 -1278.49 248.62 -1277.03 248.2 -1275
C 1031 654 691 0 18 9 426.3 -1209 426.3 -1206.75 426.3 -1204.5 426.3 -1202.25 426.3 -1200 426.3 -1197.75 426.3 -1195.5 426.3 -1193.25 426.3 -1191
C 1032 654 695 1 20.12 10 426.3 -1209 426.57 -1206.77 427.34 -1204.81 428.54 -1203.11 430.1 -1201.67 431.96 -1200.49 434.05 -1199.58 436.29 -1198.92 438.63 -1198.53 441 -1198.4
C 1033 655 690 2 6.24 5 422.9 -1209 422.6 -1207.43 421.78 -1206.12 420.54 -1205.23 419 -1204.9
C 1034 655 692 0 18 9 422.9 -1209 422.9 -1206.75 422.9 -1204.5 422.9 -1202.25 422.9 -1200 422.9 -1197.75 422.9 -1195.5 422.9 -1193.25 422.9 -1191
C 1035 656 628 0 10 5 433.7 -1275 433.7 -1277.5 433.7 -1280 433.7 -1282.5 433.7 -1285
C 1036 656 653 1 17.52 9 433.7 -1275 433.32 -1277 432.27 -1278.46 430.67 -1279.47 428.65 -1280.1 426.35 -1280.45 423.89 -1280.59 421.39 -1280.61 419 -1280.6
C 1037 657 629 0 10 5 437.1 -1275 437.1 -1277.5 437.1 -1280 437.1 -1282.5 437.1 -1285
C 1038 658 629 2 6.49 5 441 -1280.6 439.42 -1280.97 438.19 -1281.94 437.39 -1283.35 437.1 -1285
C 1039 658 653 0 22 10 441 -1280.6 438.56 -1280.6 436.11 -1280.6 433.67 -1280.6 431.22 -1280.6 428.78 -1280.6 426.33 -1280.6 423.89 -1280.6 421.44 -1280.6 419 -1280.6
C 1040 658 654 1 17.52 9 441 -1280.6 438.61 -1280.61 436.11 -1280.59 433.65 -1280.45 431.35 -1280.1 429.33 -1279.47 427.73 -1278.46 426.68 -1277 426.3 -1275
C 1041 659 699 0 18 9 608.2 -1209 608.2 -1206.75 608.2 -1204.5 608.2 -1202.25 608.2 -1200 608.2 -1197.75 608.2 -1195.5 608.2 -1193.25 608.2 -1191
C 1042 660 698 2 7.66 5 604.6 -1209 604.11 -1207.22 602.82 -1205.93 601.02 -1205.16 599 -1204.9
C 1043 660 700 0 18 9 604.6 -1209 604.6 -1206.75 604.6 -1204.5 604.6 -1202.25 604.6 -1200 604.6 -1197.75 604.6 -1195.5 604.6 -1193.25 604.6 -1191
C 1044 661 633 0 10 5 611.8 -1275 611.8 -1277.5 611.8 -1280 611.8 -1282.5 611.8 -1285
C 1045 661 658 1 15.54 8 611.8 -1275 611.38 -1277.03 610.22 -1278.49 608.48 -1279.49 606.33 -1280.11 603.92 -1280.44 601.42 -1280.58 599 -1280.6
C 1046 662 634 0 10 5 615.4 -1275 615.4 -1277.5 615.4 -1280 615.4 -1282.5 615.4 -1285
C 1047 663 703 0 10 5 -611.8 -1125 -611.8 -1122.5 -611.8 -1120 -611.8 -1117.5 -611.8 -1115
C 1048 664 704 0 10 5 -615.4 -1125 -615.4 -1122.5 -615.4 -1120 -615.4 -1117.5 -615.4 -1115
C 1049 665 637 0 18 9 -608.2 -1191 -608.2 -1193.25 -608.2 -1195.5 -608.2 -1197.75 -608.2 -1200 -608.2 -1202.25 -608.2 -1204.5 -608.2 -1206.75 -608.2 -1209
C 1050 666 638 0 18 9 -604.6 -1191 -604.6 -1193.25 -604.6 -1195.5 -604.6 -1197.75 -604.6 -1200 -604.6 -1202.25 -604.6 -1204.5 -604.6 -1206.75 -604.6 -1209
C 1051 666 669 2 7.66 5 -604.6 -1191 -604.11 -1192.78 -602.82 -1194.07 -601.02 -1194.84 -599 -1195.1
C 1052 667 642 1 18.43 9 -441 -1198.4 -438.59 -1198.59 -436.27 -1199.14 -434.1 -1200.04 -432.17 -1201.27 -430.54 -1202.8 -429.29 -1204.61 -428.48 -1206.68 -428.2 -1209
C 1053 667 675 0 22 10 -441 -1198.4 -438.56 -1198.4 -436.11 -1198.4 -433.67 -1198.4 -431.22 -1198.4 -428.78 -1198.4 -426.33 -1198.4 -423.89 -1198.4 -421.44 -1198.4 -419 -1198.4
C 1054 668 663 1 18.43 9 -599 -1201.6 -601.41 -1201.41 -603.73 -1200.86 -605.9 -1199.96 -607.83 -1198.73 -609.46 -1197.2 -610.71 -1195.39 -611.52 -1193.32 -611.8 -1191
C 1055 669 672 2 7.66 5 -441 -1195.1 -438.98 -1194.84 -437.18 -1194.07 -435.89 -1192.78 -435.4 -1191
C 1056 669 677 0 22 10 -441 -1195.1 -438.56 -1195.1 -436.11 -1195.1 -433.67 -1195.1 -431.22 -1195.1 -428.78 -1195.1 -426.33 -1195.1 -423.89 -1195.1 -421.44 -1195.1 -419 -1195.1
C 1057 670 638 2 7.66 5 -599 -1204.9 -601.02 -1205.16 -602.82 -1205.93 -604.11 -1207.22 -604.6 -1209
C 1058 671 708 0 10 5 -431.8 -1125 -431.8 -1122.5 -431.8 -1120 -431.8 -1117.5 -431.8 -1115
C 1059 672 707 2 7.86 5 -435.4 -1125 -435.88 -1123.14 -437.16 -1121.76 -438.95 -1120.9 -441 -1120.6
C 1060 672 709 0 10 5 -435.4 -1125 -435.4 -1122.5 -435.4 -1120 -435.4 -1117.5 -435.4 -1115
C 1061 673 642 0 18 9 -428.2 -1191 -428.2 -1193.25 -428.2 -1195.5 -428.2 -1197.75 -428.2 -1200 -428.2 -1202.25 -428.2 -1204.5 -428.2 -1206.75 -428.2 -1209
C 1062 673 668 1 18.43 9 -428.2 -1191 -428.48 -1193.32 -429.29 -1195.39 -430.54 -1197.2 -432.17 -1198.73 -434.1 -1199.96 -436.27 -1200.86 -438.59 -1201.41 -441 -1201.6
C 1063 674 643 0 18 9 -424.6 -1191 -424.6 -1193.25 -424.6 -1195.5 -424.6 -1197.75 -424.6 -1200 -424.6 -1202.25 -424.6 -1204.5 -424.6 -1206.75 -424.6 -1209
C 1064 674 677 2 7.66 5 -424.6 -1191 -424.11 -1192.78 -422.82 -1194.07 -421.02 -1194.84 -419 -1195.1
C 1065 675 647 1 18.43 9 -261 -1198.4 -258.59 -1198.59 -256.27 -1199.14 -254.1 -1200.04 -252.17 -1201.27 -250.54 -1202.8 -249.29 -1204.61 -248.48 -1206.68 -248.2 -1209
C 1066 676 668 0 22 10 -419 -1201.6 -421.44 -1201.6 -423.89 -1201.6 -426.33 -1201.6 -428.78 -1201.6 -431.22 -1201.6 -433.67 -1201.6 -436.11 -1201.6 -438.56 -1201.6 -441 -1201.6
C 1067 676 671 1 18.43 9 -419 -1201.6 -421.41 -1201.41 -423.73 -1200.86 -425.9 -1199.96 -427.83 -1198.73 -429.46 -1197.2 -430.71 -1195.39 -431.52 -1193.32 -431.8 -1191
C 1068 677 680 2 7.66 5 -261 -1195.1 -258.98 -1194.84 -257.18 -1194.07 -255.89 -1192.78 -255.4 -1191
C 1069 678 643 2 7.66 5 -419 -1204.9 -421.02 -1205.16 -422.82 -1205.93 -424.11 -1207.22 -424.6 -1209
C 1070 678 670 0 22 10 -419 -1204.9 -421.44 -1204.9 -423.89 -1204.9 -426.33 -1204.9 -428.78 -1204.9 -431.22 -1204.9 -433.67 -1204.9 -436.11 -1204.9 -438.56 -1204.9 -441 -1204.9
C 1071 679 713 0 10 5 -251.8 -1125 -251.8 -1122.5 -251.8 -1120 -251.8 -1117.5 -251.8 -1115
C 1072 680 712 2 7.86 5 -255.4 -1125 -255.88 -1123.14 -257.16 -1121.76 -258.95 -1120.9 -261 -1120.6
C 1073 680 714 0 10 5 -255.4 -1125 -255.4 -1122.5 -255.4 -1120 -255.4 -1117.5 -255.4 -1115
C 1074 681 647 0 18 9 -248.2 -1191 -248.2 -1193.25 -248.2 -1195.5 -248.2 -1197.75 -248.2 -1200 -248.2 -1202.25 -248.2 -1204.5 -248.2 -1206.75 -248.2 -1209
C 1075 681 676 1 18.43 9 -248.2 -1191 -248.48 -1193.32 -249.29 -1195.39 -250.54 -1197.2 -252.17 -1198.73 -254.1 -1199.96 -256.27 -1200.86 -258.59 -1201.41 -261 -1201.6
C 1076 682 648 0 18 9 -244.6 -1191 -244.6 -1193.25 -244.6 -1195.5 -244.6 -1197.75 -244.6 -1200 -244.6 -1202.25 -244.6 -1204.5 -244.6 -1206.75 -244.6 -1209
C 1077 683 717 0 10 5 248.2 -1125 248.2 -1122.5 248.2 -1120 248.2 -1117.5 248.2 -1115
C 1078 684 718 0 10 5 244.6 -1125 244.6 -1122.5 244.6 -1120 244.6 -1117.5 244.6 -1115
C 1079 685 651 0 18 9 251.8 -1191 251.8 -1193.25 251.8 -1195.5 251.8 -1197.75 251.8 -1200 251.8 -1202.25 251.8 -1204.5 251.8 -1206.75 251.8 -1209
C 1080 686 652 0 18 9 255.4 -1191 255.4 -1193.25 255.4 -1195.5 255.4 -1197.75 255.4 -1200 255.4 -1202.25 255.4 -1204.5 255.4 -1206.75 255.4 -1209
C 1081 686 689 2 7.66 5 255.4 -1191 255.89 -1192.78 257.18 -1194.07 258.98 -1194.84 261 -1195.1
C 1082 687 656 1 20.12 10 419 -1198.4 421.37 -1198.53 423.71 -1198.92 425.95 -1199.58 428.04 -1200.49 429.9 -1201.67 431.46 -1203.11 432.66 -1204.81 433.43 -1206.77 433.7 -1209
C 1083 687 695 0 22 10 419 -1198.4 421.44 -1198.4 423.89 -1198.4 426.33 -1198.4 428.78 -1198.4 431.22 -1198.4 433.67 -1198.4 436.11 -1198.4 438.56 -1198.4 441 -1198.4
C 1084 688 683 1 18.43 9 261 -1201.6 258.59 -1201.41 256.27 -1200.86 254.1 -1199.96 252.17 -1198.73 250.54 -1197.2 249.29 -1195.39 248.48 -1193.32 248.2 -1191
C 1085 689 692 2 6.24 5 419 -1195.1 420.54 -1194.77 421.78 -1193.88 422.6 -1192.57 422.9 -1191
C 1086 689 697 0 22 10 419 -1195.1 421.44 -1195.1 423.89 -1195.1 426.33 -1195.1 428.78 -1195.1 431.22 -1195.1 433.67 -1195.1 436.11 -1195.1 438.56 -1195.1 441 -1195.1
C 1087 690 652 2 7.66 5 261 -1204.9 258.98 -1205.16 257.18 -1205.93 255.89 -1207.22 255.4 -1209
C 1088 691 722 0 10 5 426.3 -1125 426.3 -1122.5 426.3 -1120 426.3 -1117.5 426.3 -1115
C 1089 692 721 2 6.49 5 422.9 -1125 422.61 -1123.35 421.81 -1121.94 420.58 -1120.97 419 -1120.6
C 1090 692 723 0 10 5 422.9 -1125 422.9 -1122.5 422.9 -1120 422.9 -1117.5 422.9 -1115
C 1091 693 656 0 18 9 433.7 -1191 433.7 -1193.25 433.7 -1195.5 433.7 -1197.75 433.7 -1200 433.7 -1202.25 433.7 -1204.5 433.7 -1206.75 433.7 -1209
C 1092 693 688 1 20.12 10 433.7 -1191 433.43 -1193.23 432.66 -1195.19 431.46 -1196.89 429.9 -1198.33 428.04 -1199.51 425.95 -1200.42 423.71 -1201.08 421.37 -1201.47 419 -1201.6
C 1093 694 657 0 18 9 437.1 -1191 437.1 -1193.25 437.1 -1195.5 437.1 -1197.75 437.1 -1200 437.1 -1202.25 437.1 -1204.5 437.1 -1206.75 437.1 -1209
C 1094 694 697 2 6.24 5 437.1 -1191 437.4 -1192.57 438.22 -1193.88 439.46 -1194.77 441 -1195.1
C 1095 695 661 1 18.43 9 599 -1198.4 601.41 -1198.59 603.73 -1199.14 605.9 -1200.04 607.83 -1201.27 609.46 -1202.8 610.71 -1204.61 611.52 -1206.68 611.8 -1209
C 1096 696 688 0 22 10 441 -1201.6 438.56 -1201.6 436.11 -1201.6 433.67 -1201.6 431.22 -1201.6 428.78 -1201.6 426.33 -1201.6 423.89 -1201.6 421.44 -1201.6 419 -1201.6
C 1097 696 691 1 20.12 10 441 -1201.6 438.63 -1201.47 436.29 -1201.08 434.05 -1200.42 431.96 -1199.51 430.1 -1198.33 428.54 -1196.89 427.34 -1195.19 426.57 -1193.23 426.3 -1191
C 1098 697 700 2 7.66 5 599 -1195.1 601.02 -1194.84 602.82 -1194.07 604.11 -1192.78 604.6 -1191
C 1099 698 657 2 6.24 5 441 -1204.9 439.46 -1205.23 438.22 -1206.12 437.4 -1207.43 437.1 -1209
C 1100 698 690 0 22 10 441 -1204.9 438.56 -1204.9 436.11 -1204.9 433.67 -1204.9 431.22 -1204.9 428.78 -1204.9 426.33 -1204.9 423.89 -1204.9 421.44 -1204.9 419 -1204.9
C 1101 699 727 0 10 5 608.2 -1125 608.2 -1122.5 608.2 -1120 608.2 -1117.5 608.2 -1115
C 1102 700 726 2 7.86 5 604.6 -1125 604.12 -1123.14 602.84 -1121.76 601.05 -1120.9 599 -1120.6
C 1103 700 728 0 10 5 604.6 -1125 604.6 -1122.5 604.6 -1120 604.6 -1117.5 604.6 -1115
C 1104 701 661 0 18 9 611.8 -1191 611.8 -1193.25 611.8 -1195.5 611.8 -1197.75 611.8 -1200 611.8 -1202.25 611.8 -1204.5 611.8 -1206.75 611.8 -1209
C 1105 701 696 1 18.43 9 611.8 -1191 611.52 -1193.32 610.71 -1195.39 609.46 -1197.2 607.83 -1198.73 605.9 -1199.96 603.73 -1200.86 601.41 -1201.41 599 -1201.6
C 1106 702 662 0 18 9 615.4 -1191 615.4 -1193.25 615.4 -1195.5 615.4 -1197.75 615.4 -1200 615.4 -1202.25 615.4 -1204.5 615.4 -1206.75 615.4 -1209
C 1107 703 731 0 10 5 -611.8 -1045 -611.8 -1042.5 -611.8 -1040 -611.8 -1037.5 -611.8 -1035
C 1108 703 735 1 15.54 8 -611.8 -1045 -611.38 -1042.97 -610.22 -1041.51 -608.48 -1040.51 -606.33 -1039.89 -603.92 -1039.56 -601.42 -1039.42 -599 -1039.4
C 1109 704 732 0 10 5 -615.4 -1045 -615.4 -1042.5 -615.4 -1040 -615.4 -1037.5 -615.4 -1035
C 1110 705 665 0 10 5 -608.2 -1115 -608.2 -1117.5 -608.2 -1120 -608.2 -1122.5 -608.2 -1125
C 1111 706 666 0 10 5 -604.6 -1115 -604.6 -1117.5 -604.6 -1120 -604.6 -1122.5 -604.6 -1125
C 1112 707 666 2 7.86 5 -599 -1120.6 -601.05 -1120.9 -602.84 -1121.76 -604.12 -1123.14 -604.6 -1125
C 1113 707 703 1 15.54 8 -599 -1120.6 -601.42 -1120.58 -603.92 -1120.44 -606.33 -1120.11 -608.48 -1119.49 -610.22 -1118.49 -611.38 -1117.03 -611.8 -1115
C 1114 708 736 0 10 5 -431.8 -1045 -431.8 -1042.5 -431.8 -1040 -431.8 -1037.5 -431.8 -1035
C 1115 708 740 1 15.54 8 -431.8 -1045 -431.38 -1042.97 -430.22 -1041.51 -428.48 -1040.51 -426.33 -1039.89 -423.92 -1039.56 -421.42 -1039.42 -419 -1039.4
C 1116 709 737 0 10 5 -435.4 -1045 -435.4 -1042.5 -435.4 -1040 -435.4 -1037.5 -435.4 -1035
C 1117 710 673 0 10 5 -428.2 -1115 -428.2 -1117.5 -428.2 -1120 -428.2 -1122.5 -428.2 -1125
C 1118 710 707 1 15.54 8 -428.2 -1115 -428.62 -1117.03 -429.78 -1118.49 -431.52 -1119.49 -433.67 -1120.11 -436.08 -1120.44 -438.58 -1120.58 -441 -1120.6
C 1119 711 674 0 10 5 -424.6 -1115 -424.6 -1117.5 -424.6 -1120 -424.6 -1122.5 -424.6 -1125
C 1120 712 674 2 7.86 5 -419 -1120.6 -421.05 -1120.9 -422.84 -1121.76 -424.12 -1123.14 -424.6 -1125
C 1121 712 707 0 22 10 -419 -1120.6 -421.44 -1120.6 -423.89 -1120.6 -426.33 -1120.6 -428.78 -1120.6 -431.22 -1120.6 -433.67 -1120.6 -436.11 -1120.6 -438.56 -1120.6 -441 -1120.6
C 1122 712 708 1 15.54 8 -419 -1120.6 -421.42 -1120.58 -423.92 -1120.44 -426.33 -1120.11 -428.48 -1119.49 -430.22 -1118.49 -431.38 -1117.03 -431.8 -1115
C 1123 713 741 0 10 5 -251.8 -1045 -251.8 -1042.5 -251.8 -1040 -251.8 -1037.5 -251.8 -1035
C 1124 714 742 0 10 5 -255.4 -1045 -255.4 -1042.5 -255.4 -1040 -255.4 -1037.5 -255.4 -1035
C 1125 715 681 0 10 5 -248.2 -1115 -248.2 -1117.5 -248.2 -1120 -248.2 -1122.5 -248.2 -1125
C 1126 715 712 1 15.54 8 -248.2 -1115 -248.62 -1117.03 -249.78 -1118.49 -251.52 -1119.49 -253.67 -1120.11 -256.08 -1120.44 -258.58 -1120.58 -261 -1120.6
C 1127 716 682 0 10 5 -244.6 -1115 -244.6 -1117.5 -244.6 -1120 -244.6 -1122.5 -244.6 -1125
C 1128 717 745 0 10 5 248.2 -1045 248.2 -1042.5 248.2 -1040 248.2 -1037.5 248.2 -1035
C 1129 717 749 1 15.54 8 248.2 -1045 248.62 -1042.97 249.78 -1041.51 251.52 -1040.51 253.67 -1039.89 256.08 -1039.56 258.58 -1039.42 261 -1039.4
C 1130 718 746 0 10 5 244.6 -1045 244.6 -1042.5 244.6 -1040 244.6 -1037.5 244.6 -1035
C 1131 719 685 0 10 5 251.8 -1115 251.8 -1117.5 251.8 -1120 251.8 -1122.5 251.8 -1125
C 1132 720 686 0 10 5 255.4 -1115 255.4 -1117.5 255.4 -1120 255.4 -1122.5 255.4 -1125
C 1133 721 686 2 7.86 5 261 -1120.6 258.95 -1120.9 257.16 -1121.76 255.88 -1123.14 255.4 -1125
C 1134 721 717 1 15.54 8 261 -1120.6 258.58 -1120.58 256.08 -1120.44 253.67 -1120.11 251.52 -1119.49 249.78 -1118.49 248.62 -1117.03 248.2 -1115
C 1135 722 750 0 10 5 426.3 -1045 426.3 -1042.5 426.3 -1040 426.3 -1037.5 426.3 -1035
C 1136 722 754 1 17.52 9 426.3 -1045 426.68 -1043 427.73 -1041.54 429.33 -1040.53 431.35 -1039.9 433.65 -1039.55 436.11 -1039.41 438.61 -1039.39 441 -1039.4
C 1137 723 751 0 10 5 422.9 -1045 422.9 -1042.5 422.9 -1040 422.9 -1037.5 422.9 -1035
C 1138 724 693 0 10 5 433.7 -1115 433.7 -1117.5 433.7 -1120 433.7 -1122.5 433.7 -1125
C 1139 724 721 1 17.52 9 433.7 -1115 433.32 -1117 432.27 -1118.46 430.67 -1119.47 428.65 -1120.1 426.35 -1120.45 423.89 -1120.59 421.39 -1120.61 419 -1120.6
C 1140 725 694 0 10 5 437.1 -1115 437.1 -1117.5 437.1 -1120 437.1 -1122.5 437.1 -1125
C 1141 726 694 2 6.49 5 441 -1120.6 439.42 -1120.97 438.19 -1121.94 437.39 -1123.35 437.1 -1125
C 1142 726 721 0 22 10 441 -1120.6 438.56 -1120.6 436.11 -1120.6 433.67 -1120.6 431.22 -1120.6 428.78 -1120.6 426.33 -1120.6 423.89 -1120.6 421.44 -1120.6 419 -1120.6
C 1143 726 722 1 17.52 9 441 -1120.6 438.61 -1120.61 436.11 -1120.59 433.65 -1120.45 431.35 -1120.1 429.33 -1119.47 427.73 -1118.46 426.68 -1117 426.3 -1115
C 1144 727 755 0 10 5 608.2 -1045 608.2 -1042.5 608.2 -1040 608.2 -1037.5 608.2 -1035
C 1145 728 756 0 10 5 604.6 -1045 604.6 -1042.5 604.6 -1040 604.6 -1037.5 604.6 -1035
C 1146 729 701 0 10 5 611.8 -1115 611.8 -1117.5 611.8 -1120 611.8 -1122.5 611.8 -1125
C 1147 729 726 1 15.54 8 611.8 -1115 611.38 -1117.03 610.22 -1118.49 608.48 -1119.49 606.33 -1120.11 603.92 -1120.44 601.42 -1120.58 599 -1120.6
C 1148 730 702 0 10 5 615.4 -1115 615.4 -1117.5 615.4 -1120 615.4 -1122.5 615.4 -1125
C 1149 731 759 0 10 5 -611.8 -965 -611.8 -962.5 -611.8 -960 -611.8 -957.5 -611.8 -955
C 1150 732 760 0 10 5 -615.4 -965 -615.4 -962.5 -615.4 -960 -615.4 -957.5 -615.4 -955
C 1151 733 705 0 10 5 -608.2 -1035 -608.2 -1037.5 -608.2 -1040 -608.2 -1042.5 -608.2 -1045
C 1152 734 706 0 10 5 -604.6 -1035 -604.6 -1037.5 -604.6 -1040 -604.6 -1042.5 -604.6 -1045
C 1153 734 735 2 7.86 5 -604.6 -1035 -604.12 -1036.86 -602.84 -1038.24 -601.05 -1039.1 -599 -1039.4
C 1154 735 710 1 15.54 8 -441 -1039.4 -438.58 -1039.42 -436.08 -1039.56 -433.67 -1039.89 -431.52 -1040.51 -429.78 -1041.51 -428.62 -1042.97 -428.2 -1045
C 1155 735 737 2 7.86 5 -441 -1039.4 -438.95 -1039.1 -437.16 -1038.24 -435.88 -1036.86 -435.4 -1035
C 1156 735 740 0 22 10 -441 -1039.4 -438.56 -1039.4 -436.11 -1039.4 -433.67 -1039.4 -431.22 -1039.4 -428.78 -1039.4 -426.33 -1039.4 -423.89 -1039.4 -421.44 -1039.4 -419 -1039.4
C 1157 736 764 0 10 5 -431.8 -965 -431.8 -962.5 -431.8 -960 -431.8 -957.5 -431.8 -955
C 1158 737 763 2 7.86 5 -435.4 -965 -435.88 -963.14 -437.16 -961.76 -438.95 -960.9 -441 -960.6
C 1159 737 765 0 10 5 -435.4 -965 -435.4 -962.5 -435.4 -960 -435.4 -957.5 -435.4 -955
C 1160 738 710 0 10 5 -428.2 -1035 -428.2 -1037.5 -428.2 -1040 -428.2 -1042.5 -428.2 -1045
C 1161 739 711 0 10 5 -424.6 -1035 -424.6 -1037.5 -424.6 -1040 -424.6 -1042.5 -424.6 -1045
C 1162 739 740 2 7.86 5 -424.6 -1035 -424.12 -1036.86 -422.84 -1038.24 -421.05 -1039.1 -419 -1039.4
C 1163 740 715 1 15.54 8 -261 -1039.4 -258.58 -1039.42 -256.08 -1039.56 -253.67 -1039.89 -251.52 -1040.51 -249.78 -1041.51 -248.62 -1042.97 -248.2 -1045
C 1164 740 742 2 7.86 5 -261 -1039.4 -258.95 -1039.1 -257.16 -1038.24 -255.88 -1036.86 -255.4 -1035
C 1165 741 769 0 10 5 -251.8 -965 -251.8 -962.5 -251.8 -960 -251.8 -957.5 -251.8 -955
C 1166 742 768 2 7.86 5 -255.4 -965 -255.88 -963.14 -257.16 -961.76 -258.95 -960.9 -261 -960.6
C 1167 742 770 0 10 5 -255.4 -965 -255.4 -962.5 -255.4 -960 -255.4 -957.5 -255.4 -955
C 1168 743 715 0 10 5 -248.2 -1035 -248.2 -1037.5 -248.2 -1040 -248.2 -1042.5 -248.2 -1045
C 1169 744 716 0 10 5 -244.6 -1035 -244.6 -1037.5 -244.6 -1040 -244.6 -1042.5 -244.6 -1045
C 1170 745 773 0 10 5 248.2 -965 248.2 -962.5 248.2 -960 248.2 -957.5 248.2 -955
C 1171 746 774 0 10 5 244.6 -965 244.6 -962.5 244.6 -960 244.6 -957.5 244.6 -955
C 1172 747 719 0 10 5 251.8 -1035 251.8 -1037.5 251.8 -1040 251.8 -1042.5 251.8 -1045
C 1173 748 720 0 10 5 255.4 -1035 255.4 -1037.5 255.4 -1040 255.4 -1042.5 255.4 -1045
C 1174 748 749 2 7.86 5 255.4 -1035 255.88 -1036.86 257.16 -1038.24 258.95 -1039.1 261 -1039.4
C 1175 749 724 1 17.52 9 419 -1039.4 421.39 -1039.39 423.89 -1039.41 426.35 -1039.55 428.65 -1039.9 430.67 -1040.53 432.27 -1041.54 433.32 -1043 433.7 -1045
C 1176 749 751 2 6.49 5 419 -1039.4 420.58 -1039.03 421.81 -1038.06 422.61 -1036.65 422.9 -1035
C 1177 749 754 0 22 10 419 -1039.4 421.44 -1039.4 423.89 -1039.4 426.33 -1039.4 428.78 -1039.4 431.22 -1039.4 433.67 -1039.4 436.11 -1039.4 438.56 -1039.4 441 -1039.4
C 1178 750 778 0 10 5 426.3 -965 426.3 -962.5 426.3 -960 426.3 -957.5 426.3 -955
C 1179 751 777 2 6.49 5 422.9 -965 422.61 -963.35 421.81 -961.94 420.58 -960.97 419 -960.6
C 1180 751 779 0 10 5 422.9 -965 422.9 -962.5 422.9 -960 422.9 -957.5 422.9 -955
C 1181 752 724 0 10 5 433.7 -1035 433.7 -1037.5 433.7 -1040 433.7 -1042.5 433.7 -1045
C 1182 753 725 0 10 5 437.1 -1035 437.1 -1037.5 437.1 -1040 437.1 -1042.5 437.1 -1045
C 1183 753 754 2 6.49 5 437.1 -1035 437.39 -1036.65 438.19 -1038.06 439.42 -1039.03 441 -1039.4
C 1184 754 729 1 15.54 8 599 -1039.4 601.42 -1039.42 603.92 -1039.56 606.33 -1039.89 608.48 -1040.51 610.22 -1041.51 611.38 -1042.97 611.8 -1045
C 1185 754 756 2 7.86 5 599 -1039.4 601.05 -1039.1 602.84 -1038.24 604.12 -1036.86 604.6 -1035
C 1186 755 783 0 10 5 608.2 -965 608.2 -962.5 608.2 -960 608.2 -957.5 608.2 -955
C 1187 756 782 2 7.86 5 604.6 -965 604.12 -963.14 602.84 -961.76 601.05 -960.9 599 -960.6
C 1188 756 784 0 10 5 604.6 -965 604.6 -962.5 604.6 -960 604.6 -957.5 604.6 -955
C 1189 757 729 0 10 5 611.8 -1035 611.8 -1037.5 611.8 -1040 611.8 -1042.5 611.8 -1045
C 1190 758 730 0 10 5 615.4 -1035 615.4 -1037.5 615.4 -1040 615.4 -1042.5 615.4 -1045
C 1191 759 787 0 10 5 -611.8 -885 -611.8 -882.5 -611.8 -880 -611.8 -877.5 -611.8 -875
C 1192 759 791 1 15.54 8 -611.8 -885 -611.38 -882.97 -610.22 -881.51 -608.48 -880.51 -606.33 -879.89 -603.92 -879.56 -601.42 -879.42 -599 -879.4
C 1193 760 788 0 10 5 -615.4 -885 -615.4 -882.5 -615.4 -880 -615.4 -877.5 -615.4 -875
C 1194 761 733 0 10 5 -608.2 -955 -608.2 -957.5 -608.2 -960 -608.2 -962.5 -608.2 -965
C 1195 762 734 0 10 5 -604.6 -955 -604.6 -957.5 -604.6 -960 -604.6 -962.5 -604.6 -965
C 1196 763 734 2 7.86 5 -599 -960.6 -601.05 -960.9 -602.84 -961.76 -604.12 -963.14 -604.6 -965
C 1197 763 759 1 15.54 8 -599 -960.6 -601.42 -960.58 -603.92 -960.44 -606.33 -960.11 -608.48 -959.49 -610.22 -958.49 -611.38 -957.03 -611.8 -955
C 1198 764 792 0 10 5 -431.8 -885 -431.8 -882.5 -431.8 -880 -431.8 -877.5 -431.8 -875
C 1199 764 796 1 15.54 8 -431.8 -885 -431.38 -882.97 -430.22 -881.51 -428.48 -880.51 -426.33 -879.89 -423.92 -879.56 -421.42 -879.42 -419 -879.4
C 1200 764 2104 0 50.02 22 -431.8 -885 -431.71 -882.67 -431.44 -880.38 -431.02 -878.13 -430.44 -875.9 -429.72 -873.71 -428.89 -871.55 -427.94 -869.41 -426.89 -867.3 -425.76 -865.2 -424.55 -863.12 -423.28 -861.06 -421.96 -859.02 -420.61 -856.98 -419.23 -854.95 -417.84 -852.93 -416.46 -850.91 -415.09 -848.89 -413.74 -846.87 -412.44 -844.84 -411.19 -842.81 -410 -840.77
C 1201 765 793 0 10 5 -435.4 -885 -435.4 -882.5 -435.4 -880 -435.4 -877.5 -435.4 -875
C 1202 765 2105 0 51.82 22 -435.4 -885 -435.31 -882.59 -435.04 -880.21 -434.6 -877.87 -434.02 -875.56 -433.3 -873.28 -432.45 -871.03 -431.48 -868.8 -430.42 -866.6 -429.27 -864.42 -428.04 -862.26 -426.75 -860.11 -425.4 -857.98 -424.02 -855.85 -422.62 -853.74 -421.2 -851.64 -419.78 -849.53 -418.38 -847.43 -417 -845.33 -415.66 -843.23 -414.36 -841.12 -413.14 -839
C 1203 766 738 0 10 5 -428.2 -955 -428.2 -957.5 -428.2 -960 -428.2 -962.5 -428.2 -965
C 1204 766 763 1 15.54 8 -428.2 -955 -428.62 -957.03 -429.78 -958.49 -431.52 -959.49 -433.67 -960.11 -436.08 -960.44 -438.58 -960.58 -441 -960.6
C 1205 766 2102 0 32.96 15 -428.2 -955 -428.45 -957.21 -429.14 -959.25 -430.22 -961.17 -431.6 -962.98 -433.22 -964.71 -435.02 -966.39 -436.91 -968.04 -438.83 -969.69 -440.71 -971.36 -442.49 -973.07 -444.08 -974.86 -445.43 -976.76 -446.46 -978.77 -447.1 -980.94
C 1206 767 739 0 10 5 -424.6 -955 -424.6 -957.5 -424.6 -960 -424.6 -962.5 -424.6 -965
C 1207 767 2103 0 33.52 15 -424.6 -955 -424.85 -957.25 -425.54 -959.34 -426.62 -961.3 -428.01 -963.16 -429.63 -964.95 -431.43 -966.67 -433.33 -968.37 -435.25 -970.07 -437.14 -971.79 -438.92 -973.56 -440.52 -975.4 -441.88 -977.33 -442.91 -979.4 -443.56 -981.61
C 1208 768 739 2 7.86 5 -419 -960.6 -421.05 -960.9 -422.84 -961.76 -424.12 -963.14 -424.6 -965
C 1209 768 763 0 22 10 -419 -960.6 -421.44 -960.6 -423.89 -960.6 -426.33 -960.6 -428.78 -960.6 -431.22 -960.6 -433.67 -960.6 -436.11 -960.6 -438.56 -960.6 -441 -960.6
C 1210 768 764 1 15.54 8 -419 -960.6 -421.42 -960.58 -423.92 -960.44 -426.33 -960.11 -428.48 -959.49 -430.22 -958.49 -431.38 -957.03 -431.8 -955
C 1211 768 2103 2 35.19 16 -419 -960.6 -421.48 -960.71 -423.87 -961.05 -426.17 -961.6 -428.37 -962.35 -430.45 -963.29 -432.42 -964.43 -434.26 -965.74 -435.97 -967.22 -437.54 -968.86 -438.96 -970.65 -440.22 -972.59 -441.32 -974.67 -442.25 -976.86 -443 -979.18 -443.56 -981.61
C 1212 769 797 0 10 5 -251.8 -885 -251.8 -882.5 -251.8 -880 -251.8 -877.5 -251.8 -875
C 1213 770 798 0 10 5 -255.4 -885 -255.4 -882.5 -255.4 -880 -255.4 -877.5 -255.4 -875
C 1214 771 743 0 10 5 -248.2 -955 -248.2 -957.5 -248.2 -960 -248.2 -962.5 -248.2 -965
C 1215 771 768 1 15.54 8 -248.2 -955 -248.62 -957.03 -249.78 -958.49 -251.52 -959.49 -253.67 -960.11 -256.08 -960.44 -258.58 -960.58 -261 -960.6
C 1216 772 744 0 10 5 -244.6 -955 -244.6 -957.5 -244.6 -960 -244.6 -962.5 -244.6 -965
C 1217 773 801 0 10 5 248.2 -885 248.2 -882.5 248.2 -880 248.2 -877.5 248.2 -875
C 1218 773 805 1 15.54 8 248.2 -885 248.62 -882.97 249.78 -881.51 251.52 -880.51 253.67 -879.89 256.08 -879.56 258.58 -879.42 261 -879.4
C 1219 774 802 0 10 5 244.6 -885 244.6 -882.5 244.6 -880 244.6 -877.5 244.6 -875
C 1220 775 747 0 10 5 251.8 -955 251.8 -957.5 251.8 -960 251.8 -962.5 251.8 -965
C 1221 776 748 0 10 5 255.4 -955 255.4 -957.5 255.4 -960 255.4 -962.5 255.4 -965
C 1222 777 748 2 7.86 5 261 -960.6 258.95 -960.9 257.16 -961.76 255.88 -963.14 255.4 -965
C 1223 777 773 1 15.54 8 261 -960.6 258.58 -960.58 256.08 -960.44 253.67 -960.11 251.52 -959.49 249.78 -958.49 248.62 -957.03 248.2 -955
C 1224 778 806 0 10 5 426.3 -885 426.3 -882.5 426.3 -880 426.3 -877.5 426.3 -875
C 1225 778 810 1 17.52 9 426.3 -885 426.68 -883 427.73 -881.54 429.33 -880.53 431.35 -879.9 433.65 -879.55 436.11 -879.41 438.61 -879.39 441 -879.4
C 1226 779 807 0 10 5 422.9 -885 422.9 -882.5 422.9 -880 422.9 -877.5 422.9 -875
C 1227 780 752 0 10 5 433.7 -955 433.7 -957.5 433.7 -960 433.7 -962.5 433.7 -965
C 1228 780 777 1 17.52 9 433.7 -955 433.32 -957 432.27 -958.46 430.67 -959.47 428.65 -960.1 426.35 -960.45 423.89 -960.59 421.39 -960.61 419 -960.6
C 1229 781 753 0 10 5 437.1 -955 437.1 -957.5 437.1 -960 437.1 -962.5 437.1 -965
C 1230 782 753 2 6.49 5 441 -960.6 439.42 -960.97 438.19 -961.94 437.39 -963.35 437.1 -965
C 1231 782 777 0 22 10 441 -960.6 438.56 -960.6 436.11 -960.6 433.67 -960.6 431.22 -960.6 428.78 -960.6 426.33 -960.6 423.89 -960.6 421.44 -960.6 419 -960.6
C 1232 782 778 1 17.52 9 441 -960.6 438.61 -960.61 436.11 -960.59 433.65 -960.45 431.35 -960.1 429.33 -959.47 427.73 -958.46 426.68 -957 426.3 -955
C 1233 783 811 0 10 5 608.2 -885 608.2 -882.5 608.2 -880 608.2 -877.5 608.2 -875
C 1234 784 812 0 10 5 604.6 -885 604.6 -882.5 604.6 -880 604.6 -877.5 604.6 -875
C 1235 785 757 0 10 5 611.8 -955 611.8 -957.5 611.8 -960 611.8 -962.5 611.8 -965
C 1236 785 782 1 15.54 8 611.8 -955 611.38 -957.03 610.22 -958.49 608.48 -959.49 606.33 -960.11 603.92 -960.44 601.42 -960.58 599 -960.6
C 1237 786 758 0 10 5 615.4 -955 615.4 -957.5 615.4 -960 615.4 -962.5 615.4 -965
C 1238 787 815 0 10 5 -611.8 -805 -611.8 -802.5 -611.8 -800 -611.8 -797.5 -611.8 -795
C 1239 788 816 0 10 5 -615.4 -805 -615.4 -802.5 -615.4 -800 -615.4 -797.5 -615.4 -795
C 1240 789 761 0 10 5 -608.2 -875 -608.2 -877.5 -608.2 -880 -608.2 -882.5 -608.2 -885
C 1241 790 762 0 10 5 -604.6 -875 -604.6 -877.5 -604.6 -880 -604.6 -882.5 -604.6 -885
C 1242 790 791 2 7.86 5 -604.6 -875 -604.12 -876.86 -602.84 -878.24 -601.05 -879.1 -599 -879.4
C 1243 791 766 1 15.54 8 -441 -879.4 -438.58 -879.42 -436.08 -879.56 -433.67 -879.89 -431.52 -880.51 -429.78 -881.51 -428.62 -882.97 -428.2 -885
C 1244 791 793 2 7.86 5 -441 -879.4 -438.95 -879.1 -437.16 -878.24 -435.88 -876.86 -435.4 -875
C 1245 791 796 0 22 10 -441 -879.4 -438.56 -879.4 -436.11 -879.4 -433.67 -879.4 -431.22 -879.4 -428.78 -879.4 -426.33 -879.4 -423.89 -879.4 -421.44 -879.4 -419 -879.4
C 1246 791 2105 2 52.47 22 -441 -879.4 -438.4 -879.24 -436.04 -878.78 -433.92 -878.04 -432.01 -877.03 -430.29 -875.78 -428.75 -874.31 -427.35 -872.63 -426.1 -870.77 -424.95 -868.75 -423.9 -866.59 -422.93 -864.3 -422.02 -861.91 -421.14 -859.43 -420.28 -856.89 -419.41 -854.31 -418.53 -851.7 -417.61 -849.09 -416.63 -846.49 -415.57 -843.93 -414.41 -841.43 -413.14 -839
C 1247 792 820 0 10 5 -431.8 -805 -431.8 -802.5 -431.8 -800 -431.8 -797.5 -431.8 -795
C 1248 793 819 2 7.86 5 -435.4 -805 -435.88 -803.14 -437.16 -801.76 -438.95 -800.9 -441 -800.6
C 1249 793 821 0 10 5 -435.4 -805 -435.4 -802.5 -435.4 -800 -435.4 -797.5 -435.4 -795
C 1250 794 766 0 10 5 -428.2 -875 -428.2 -877.5 -428.2 -880 -428.2 -882.5 -428.2 -885
C 1251 795 767 0 10 5 -424.6 -875 -424.6 -877.5 -424.6 -880 -424.6 -882.5 -424.6 -885
C 1252 795 796 2 7.86 5 -424.6 -875 -424.12 -876.86 -422.84 -878.24 -421.05 -879.1 -419 -879.4
C 1253 796 771 1 15.54 8 -261 -879.4 -258.58 -879.42 -256.08 -879.56 -253.67 -879.89 -251.52 -880.51 -249.78 -881.51 -248.62 -882.97 -248.2 -885
C 1254 796 798 2 7.86 5 -261 -879.4 -258.95 -879.1 -257.16 -878.24 -255.88 -876.86 -255.4 -875
C 1255 797 825 0 10 5 -251.8 -805 -251.8 -802.5 -251.8 -800 -251.8 -797.5 -251.8 -795
C 1256 798 824 2 7.86 5 -255.4 -805 -255.88 -803.14 -257.16 -801.76 -258.95 -800.9 -261 -800.6
C 1257 798 826 0 10 5 -255.4 -805 -255.4 -802.5 -255.4 -800 -255.4 -797.5 -255.4 -795
C 1258 799 771 0 10 5 -248.2 -875 -248.2 -877.5 -248.2 -880 -248.2 -882.5 -248.2 -885
C 1259 800 772 0 10 5 -244.6 -875 -244.6 -877.5 -244.6 -880 -244.6 -882.5 -244.6 -885
C 1260 801 829 0 10 5 248.2 -805 248.2 -802.5 248.2 -800 248.2 -797.5 248.2 -795
C 1261 802 830 0 10 5 244.6 -805 244.6 -802.5 244.6 -800 244.6 -797.5 244.6 -795
C 1262 803 775 0 10 5 251.8 -875 251.8 -877.5 251.8 -880 251.8 -882.5 251.8 -885
C 1263 804 776 0 10 5 255.4 -875 255.4 -877.5 255.4 -880 255.4 -882.5 255.4 -885
C 1264 804 805 2 7.86 5 255.4 -875 255.88 -876.86 257.16 -878.24 258.95 -879.1 261 -879.4
C 1265 805 780 1 17.52 9 419 -879.4 421.39 -879.39 423.89 -879.41 426.35 -879.55 428.65 -879.9 430.67 -880.53 432.27 -881.54 433.32 -883 433.7 -885
C 1266 805 807 2 6.49 5 419 -879.4 420.58 -879.03 421.81 -878.06 422.61 -876.65 422.9 -875
C 1267 805 810 0 22 10 419 -879.4 421.44 -879.4 423.89 -879.4 426.33 -879.4 428.78 -879.4 431.22 -879.4 433.67 -879.4 436.11 -879.4 438.56 -879.4 441 -879.4
C 1268 806 834 0 10 5 426.3 -805 426.3 -802.5 426.3 -800 426.3 -797.5 426.3 -795
C 1269 807 833 2 6.49 5 422.9 -805 422.61 -803.35 421.81 -801.94 420.58 -800.97 419 -800.6
C 1270 807 835 0 10 5 422.9 -805 422.9 -802.5 422.9 -800 422.9 -797.5 422.9 -795
C 1271 808 780 0 10 5 433.7 -875 433.7 -877.5 433.7 -880 433.7 -882.5 433.7 -885
C 1272 809 781 0 10 5 437.1 -875 437.1 -877.5 437.1 -880 437.1 -882.5 437.1 -885
C 1273 809 810 2 6.49 5 437.1 -875 437.39 -876.65 438.19 -878.06 439.42 -879.03 441 -879.4
C 1274 810 785 1 15.54 8 599 -879.4 601.42 -879.42 603.92 -879.56 606.33 -879.89 608.48 -880.51 610.22 -881.51 611.38 -882.97 611.8 -885
C 1275 810 812 2 7.86 5 599 -879.4 601.05 -879.1 602.84 -878.24 604.12 -876.86 604.6 -875
C 1276 811 839 0 10 5 608.2 -805 608.2 -802.5 608.2 -800 608.2 -797.5 608.2 -795
C 1277 812 838 2 7.86 5 604.6 -805 604.12 -803.14 602.84 -801.76 601.05 -800.9 599 -800.6
C 1278 812 840 0 10 5 604.6 -805 604.6 -802.5 604.6 -800 604.6 -797.5 604.6 -795
C 1279 813 785 0 10 5 611.8 -875 611.8 -877.5 611.8 -880 611.8 -882.5 611.8 -885
C 1280 814 786 0 10 5 615.4 -875 615.4 -877.5 615.4 -880 615.4 -882.5 615.4 -885
C 1281 815 843 0 10 5 -611.8 -725 -611.8 -722.5 -611.8 -720 -611.8 -717.5 -611.8 -715
C 1282 815 847 1 15.54 8 -611.8 -725 -611.38 -722.97 -610.22 -721.51 -608.48 -720.51 -606.33 -719.89 -603.92 -719.56 -601.42 -719.42 -599 -719.4
C 1283 816 844 0 10 5 -615.4 -725 -615.4 -722.5 -615.4 -720 -615.4 -717.5 -615.4 -715
C 1284 817 789 0 10 5 -608.2 -795 -608.2 -797.5 -608.2 -800 -608.2 -802.5 -608.2 -805
C 1285 818 790 0 10 5 -604.6 -795 -604.6 -797.5 -604.6 -800 -604.6 -802.5 -604.6 -805
C 1286 819 790 2 7.86 5 -599 -800.6 -601.05 -800.9 -602.84 -801.76 -604.12 -803.14 -604.6 -805
C 1287 819 815 1 15.54 8 -599 -800.6 -601.42 -800.58 -603.92 -800.44 -606.33 -800.11 -608.48 -799.49 -610.22 -798.49 -611.38 -797.03 -611.8 -795
C 1288 820 848 0 10 5 -431.8 -725 -431.8 -722.5 -431.8 -720 -431.8 -717.5 -431.8 -715
C 1289 820 852 1 15.54 8 -431.8 -725 -431.38 -722.97 -430.22 -721.51 -428.48 -720.51 -426.33 -719.89 -423.92 -719.56 -421.42 -719.42 -419 -719.4
C 1290 821 849 0 10 5 -435.4 -725 -435.4 -722.5 -435.4 -720 -435.4 -717.5 -435.4 -715
C 1291 822 794 0 10 5 -428.2 -795 -428.2 -797.5 -428.2 -800 -428.2 -802.5 -428.2 -805
C 1292 822 819 1 15.54 8 -428.2 -795 -428.62 -797.03 -429.78 -798.49 -431.52 -799.49 -433.67 -800.11 -436.08 -800.44 -438.58 -800.58 -441 -800.6
C 1293 823 795 0 10 5 -424.6 -795 -424.6 -797.5 -424.6 -800 -424.6 -802.5 -424.6 -805
C 1294 824 795 2 7.86 5 -419 -800.6 -421.05 -800.9 -422.84 -801.76 -424.12 -803.14 -424.6 -805
C 1295 824 819 0 22 10 -419 -800.6 -421.44 -800.6 -423.89 -800.6 -426.33 -800.6 -428.78 -800.6 -431.22 -800.6 -433.67 -800.6 -436.11 -800.6 -438.56 -800.6 -441 -800.6
C 1296 824 820 1 15.54 8 -419 -800.6 -421.42 -800.58 -423.92 -800.44 -426.33 -800.11 -428.48 -799.49 -430.22 -798.49 -431.38 -797.03 -431.8 -795
C 1297 825 853 0 10 5 -251.8 -725 -251.8 -722.5 -251.8 -720 -251.8 -717.5 -251.8 -715
C 1298 826 854 0 10 5 -255.4 -725 -255.4 -722.5 -255.4 -720 -255.4 -717.5 -255.4 -715
C 1299 827 799 0 10 5 -248.2 -795 -248.2 -797.5 -248.2 -800 -248.2 -802.5 -248.2 -805
C 1300 827 824 1 15.54 8 -248.2 -795 -248.62 -797.03 -249.78 -798.49 -251.52 -799.49 -253.67 -800.11 -256.08 -800.44 -258.58 -800.58 -261 -800.6
C 1301 828 800 0 10 5 -244.6 -795 -244.6 -797.5 -244.6 -800 -244.6 -802.5 -244.6 -805
C 1302 829 857 0 10 5 248.2 -725 248.2 -722.5 248.2 -720 248.2 -717.5 248.2 -715
C 1303 829 861 1 15.54 8 248.2 -725 248.62 -722.97 249.78 -721.51 251.52 -720.51 253.67 -719.89 256.08 -719.56 258.58 -719.42 261 -719.4
C 1304 830 858 0 10 5 244.6 -725 244.6 -722.5 244.6 -720 244.6 -717.5 244.6 -715
C 1305 831 803 0 10 5 251.8 -795 251.8 -797.5 251.8 -800 251.8 -802.5 251.8 -805
C 1306 832 804 0 10 5 255.4 -795 255.4 -797.5 255.4 -800 255.4 -802.5 255.4 -805
C 1307 833 804 2 7.86 5 261 -800.6 258.95 -800.9 257.16 -801.76 255.88 -803.14 255.4 -805
C 1308 833 829 1 15.54 8 261 -800.6 258.58 -800.58 256.08 -800.44 253.67 -800.11 251.52 -799.49 249.78 -798.49 248.62 -797.03 248.2 -795
C 1309 834 862 0 10.21 6 426.3 -725 426.5 -722.98 426.97 -720.99 427.53 -719.01 428 -717.02 428.2 -715
C 1310 834 866 1 17.52 9 426.3 -725 426.68 -723 427.73 -721.54 429.33 -720.53 431.35 -719.9 433.65 -719.55 436.11 -719.41 438.61 -719.39 441 -719.4
C 1311 835 863 0 10.17 6 422.9 -725 423.08 -722.99 423.5 -720.99 424 -719.01 424.42 -717.01 424.6 -715
C 1312 836 808 0 10 5 433.7 -795 433.7 -797.5 433.7 -800 433.7 -802.5 433.7 -805
C 1313 836 833 1 17.52 9 433.7 -795 433.32 -797 432.27 -798.46 430.67 -799.47 428.65 -800.1 426.35 -800.45 423.89 -800.59 421.39 -800.61 419 -800.6
C 1314 837 809 0 10 5 437.1 -795 437.1 -797.5 437.1 -800 437.1 -802.5 437.1 -805
C 1315 838 809 2 6.49 5 441 -800.6 439.42 -800.97 438.19 -801.94 437.39 -803.35 437.1 -805
C 1316 838 833 0 22 10 441 -800.6 438.56 -800.6 436.11 -800.6 433.67 -800.6 431.22 -800.6 428.78 -800.6 426.33 -800.6 423.89 -800.6 421.44 -800.6 419 -800.6
C 1317 838 834 1 17.52 9 441 -800.6 438.61 -800.61 436.11 -800.59 433.65 -800.45 431.35 -800.1 429.33 -799.47 427.73 -798.46 426.68 -797 426.3 -795
C 1318 839 867 0 10 5 608.2 -725 608.2 -722.5 608.2 -720 608.2 -717.5 608.2 -715
C 1319 840 868 0 10 5 604.6 -725 604.6 -722.5 604.6 -720 604.6 -717.5 604.6 -715
C 1320 841 813 0 10 5 611.8 -795 611.8 -797.5 611.8 -800 611.8 -802.5 611.8 -805
C 1321 841 838 1 15.54 8 611.8 -795 611.38 -797.03 610.22 -798.49 608.48 -799.49 606.33 -800.11 603.92 -800.44 601.42 -800.58 599 -800.6
C 1322 842 814 0 10 5 615.4 -795 615.4 -797.5 615.4 -800 615.4 -802.5 615.4 -805
C 1323 843 871 0 10 5 -611.8 -645 -611.8 -642.5 -611.8 -640 -611.8 -637.5 -611.8 -635
C 1324 844 872 0 10 5 -615.4 -645 -615.4 -642.5 -615.4 -640 -615.4 -637.5 -615.4 -635
C 1325 845 817 0 10 5 -608.2 -715 -608.2 -717.5 -608.2 -720 -608.2 -722.5 -608.2 -725
C 1326 846 818 0 10 5 -604.6 -715 -604.6 -717.5 -604.6 -720 -604.6 -722.5 -604.6 -725
C 1327 846 847 2 7.86 5 -604.6 -715 -604.12 -716.86 -602.84 -718.24 -601.05 -719.1 -599 -719.4
C 1328 847 822 1 15.54 8 -441 -719.4 -438.58 -719.42 -436.08 -719.56 -433.67 -719.89 -431.52 -720.51 -429.78 -721.51 -428.62 -722.97 -428.2 -725
C 1329 847 849 2 7.86 5 -441 -719.4 -438.95 -719.1 -437.16 -718.24 -435.88 -716.86 -435.4 -715
C 1330 847 852 0 22 10 -441 -719.4 -438.56 -719.4 -436.11 -719.4 -433.67 -719.4 -431.22 -719.4 -428.78 -719.4 -426.33 -719.4 -423.89 -719.4 -421.44 -719.4 -419 -719.4
C 1331 848 876 0 10 5 -431.8 -645 -431.8 -642.5 -431.8 -640 -431.8 -637.5 -431.8 -635
C 1332 849 875 2 7.86 5 -435.4 -645 -435.88 -643.14 -437.16 -641.76 -438.95 -640.9 -441 -640.6
C 1333 849 877 0 10 5 -435.4 -645 -435.4 -642.5 -435.4 -640 -435.4 -637.5 -435.4 -635
C 1334 850 822 0 10 5 -428.2 -715 -428.2 -717.5 -428.2 -720 -428.2 -722.5 -428.2 -725
C 1335 851 823 0 10 5 -424.6 -715 -424.6 -717.5 -424.6 -720 -424.6 -722.5 -424.6 -725
C 1336 851 852 2 7.86 5 -424.6 -715 -424.12 -716.86 -422.84 -718.24 -421.05 -719.1 -419 -719.4
C 1337 852 827 1 15.54 8 -261 -719.4 -258.58 -719.42 -256.08 -719.56 -253.67 -719.89 -251.52 -720.51 -249.78 -721.51 -248.62 -722.97 -248.2 -725
C 1338 852 854 2 7.86 5 -261 -719.4 -258.95 -719.1 -257.16 -718.24 -255.88 -716.86 -255.4 -715
C 1339 853 881 0 10 5 -251.8 -645 -251.8 -642.5 -251.8 -640 -251.8 -637.5 -251.8 -635
C 1340 854 880 2 7.86 5 -255.4 -645 -255.88 -643.14 -257.16 -641.76 -258.95 -640.9 -261 -640.6
C 1341 854 882 0 10 5 -255.4 -645 -255.4 -642.5 -255.4 -640 -255.4 -637.5 -255.4 -635
C 1342 855 827 0 10 5 -248.2 -715 -248.2 -717.5 -248.2 -720 -248.2 -722.5 -248.2 -725
C 1343 856 828 0 10 5 -244.6 -715 -244.6 -717.5 -244.6 -720 -244.6 -722.5 -244.6 -725
C 1344 857 2680 0 25.6 12 248.2 -692.8 248.2 -690.47 248.2 -688.15 248.2 -685.82 248.2 -683.49 248.2 -681.16 248.2 -678.84 248.2 -676.51 248.2 -674.18 248.2 -671.85 248.2 -669.53 248.2 -667.2
C 1345 858 2681 0 25.6 12 244.6 -692.8 244.6 -690.47 244.6 -688.15 244.6 -685.82 244.6 -683.49 244.6 -681.16 244.6 -678.84 244.6 -676.51 244.6 -674.18 244.6 -671.85 244.6 -669.53 244.6 -667.2
C 1346 859 2682 0 25.6 12 251.8 -667.2 251.8 -669.53 251.8 -671.85 251.8 -674.18 251.8 -676.51 251.8 -678.84 251.8 -681.16 251.8 -683.49 251.8 -685.82 251.8 -688.15 251.8 -690.47 251.8 -692.8
C 1347 860 2683 0 25.6 12 255.4 -667.2 255.4 -669.53 255.4 -671.85 255.4 -674.18 255.4 -676.51 255.4 -678.84 255.4 -681.16 255.4 -683.49 255.4 -685.82 255.4 -688.15 255.4 -690.47 255.4 -692.8
C 1348 861 836 1 17.52 9 419 -719.4 421.39 -719.39 423.89 -719.41 426.35 -719.55 428.65 -719.9 430.67 -720.53 432.27 -721.54 433.32 -723 433.7 -725
C 1349 861 863 2 7.86 5 419 -719.4 421.05 -719.1 422.84 -718.24 424.12 -716.86 424.6 -715
C 1350 861 866 0 22 10 419 -719.4 421.44 -719.4 423.89 -719.4 426.33 -719.4 428.78 -719.4 431.22 -719.4 433.67 -719.4 436.11 -719.4 438.56 -719.4 441 -719.4
C 1351 862 890 0 10.21 6 428.2 -645 428 -642.98 427.53 -640.99 426.97 -639.01 426.5 -637.02 426.3 -635
C 1352 863 889 2 7.86 5 424.6 -645 424.12 -643.14 422.84 -641.76 421.05 -640.9 419 -640.6
C 1353 863 891 0 10.17 6 424.6 -645 424.42 -642.99 424 -640.99 423.5 -639.01 423.08 -637.01 422.9 -635
C 1354 864 836 0 10.21 6 431.8 -715 432 -717.02 432.47 -719.01 433.03 -720.99 433.5 -722.98 433.7 -725
C 1355 865 837 0 10.17 6 435.4 -715 435.58 -717.01 436 -719.01 436.5 -720.99 436.92 -722.99 437.1 -725
C 1356 865 866 2 7.86 5 435.4 -715 435.88 -716.86 437.16 -718.24 438.95 -719.1 441 -719.4
C 1357 866 841 1 15.54 8 599 -719.4 601.42 -719.42 603.92 -719.56 606.33 -719.89 608.48 -720.51 610.22 -721.51 611.38 -722.97 611.8 -725
C 1358 866 868 2 7.86 5 599 -719.4 601.05 -719.1 602.84 -718.24 604.12 -716.86 604.6 -715
C 1359 867 895 0 10 5 608.2 -645 608.2 -642.5 608.2 -640 608.2 -637.5 608.2 -635
C 1360 868 894 2 7.86 5 604.6 -645 604.12 -643.14 602.84 -641.76 601.05 -640.9 599 -640.6
C 1361 868 896 0 10 5 604.6 -645 604.6 -642.5 604.6 -640 604.6 -637.5 604.6 -635
C 1362 869 841 0 10 5 611.8 -715 611.8 -717.5 611.8 -720 611.8 -722.5 611.8 -725
C 1363 870 842 0 10 5 615.4 -715 615.4 -717.5 615.4 -720 615.4 -722.5 615.4 -725
C 1364 871 899 0 10 5 -611.8 -565 -611.8 -562.5 -611.8 -560 -611.8 -557.5 -611.8 -555
C 1365 871 903 1 15.54 8 -611.8 -565 -611.38 -562.97 -610.22 -561.51 -608.48 -560.51 -606.33 -559.89 -603.92 -559.56 -601.42 -559.42 -599 -559.4
C 1366 872 900 0 10 5 -615.4 -565 -615.4 -562.5 -615.4 -560 -615.4 -557.5 -615.4 -555
C 1367 873 845 0 10 5 -608.2 -635 -608.2 -637.5 -608.2 -640 -608.2 -642.5 -608.2 -645
C 1368 874 846 0 10 5 -604.6 -635 -604.6 -637.5 -604.6 -640 -604.6 -642.5 -604.6 -645
C 1369 875 846 2 7.86 5 -599 -640.6 -601.05 -640.9 -602.84 -641.76 -604.12 -643.14 -604.6 -645
C 1370 875 871 1 15.54 8 -599 -640.6 -601.42 -640.58 -603.92 -640.44 -606.33 -640.11 -608.48 -639.49 -610.22 -638.49 -611.38 -637.03 -611.8 -635
C 1371 876 904 0 10 5 -431.8 -565 -431.8 -562.5 -431.8 -560 -431.8 -557.5 -431.8 -555
C 1372 876 908 1 15.54 8 -431.8 -565 -431.38 -562.97 -430.22 -561.51 -428.48 -560.51 -426.33 -559.89 -423.92 -559.56 -421.42 -559.42 -419 -559.4
C 1373 877 905 0 10 5 -435.4 -565 -435.4 -562.5 -435.4 -560 -435.4 -557.5 -435.4 -555
C 1374 878 850 0 10 5 -428.2 -635 -428.2 -637.5 -428.2 -640 -428.2 -642.5 -428.2 -645
C 1375 878 875 1 15.54 8 -428.2 -635 -428.62 -637.03 -429.78 -638.49 -431.52 -639.49 -433.67 -640.11 -436.08 -640.44 -438.58 -640.58 -441 -640.6
C 1376 879 851 0 10 5 -424.6 -635 -424.6 -637.5 -424.6 -640 -424.6 -642.5 -424.6 -645
C 1377 880 851 2 7.86 5 -419 -640.6 -421.05 -640.9 -422.84 -641.76 -424.12 -643.14 -424.6 -645
C 1378 880 875 0 22 10 -419 -640.6 -421.44 -640.6 -423.89 -640.6 -426.33 -640.6 -428.78 -640.6 -431.22 -640.6 -433.67 -640.6 -436.11 -640.6 -438.56 -640.6 -441 -640.6
C 1379 880 876 1 15.54 8 -419 -640.6 -421.42 -640.58 -423.92 -640.44 -426.33 -640.11 -428.48 -639.49 -430.22 -638.49 -431.38 -637.03 -431.8 -635
C 1380 883 855 0 10 5 -248.2 -635 -248.2 -637.5 -248.2 -640 -248.2 -642.5 -248.2 -645
C 1381 883 880 1 15.54 8 -248.2 -635 -248.62 -637.03 -249.78 -638.49 -251.52 -639.49 -253.67 -640.11 -256.08 -640.44 -258.58 -640.58 -261 -640.6
C 1382 884 856 0 10 5 -244.6 -635 -244.6 -637.5 -244.6 -640 -244.6 -642.5 -244.6 -645
C 1383 885 919 0 10 5 248.2 -565 248.2 -562.5 248.2 -560 248.2 -557.5 248.2 -555
C 1384 885 923 1 15.54 8 248.2 -565 248.62 -562.97 249.78 -561.51 251.52 -560.51 253.67 -559.89 256.08 -559.56 258.58 -559.42 261 -559.4
C 1385 886 920 0 10 5 244.6 -565 244.6 -562.5 244.6 -560 244.6 -557.5 244.6 -555
C 1386 887 859 0 10 5 251.8 -635 251.8 -637.5 251.8 -640 251.8 -642.5 251.8 -645
C 1387 888 860 0 10 5 255.4 -635 255.4 -637.5 255.4 -640 255.4 -642.5 255.4 -645
C 1388 889 860 2 7.86 5 261 -640.6 258.95 -640.9 257.16 -641.76 255.88 -643.14 255.4 -645
C 1389 889 885 1 15.54 8 261 -640.6 258.58 -640.58 256.08 -640.44 253.67 -640.11 251.52 -639.49 249.78 -638.49 248.62 -637.03 248.2 -635
C 1390 890 924 0 10 5 426.3 -565 426.3 -562.5 426.3 -560 426.3 -557.5 426.3 -555
C 1391 890 928 1 17.52 9 426.3 -565 426.68 -563 427.73 -561.54 429.33 -560.53 431.35 -559.9 433.65 -559.55 436.11 -559.41 438.61 -559.39 441 -559.4
C 1392 891 925 0 10 5 422.9 -565 422.9 -562.5 422.9 -560 422.9 -557.5 422.9 -555
C 1393 892 864 0 10.21 6 433.7 -635 433.5 -637.02 433.03 -639.01 432.47 -640.99 432 -642.98 431.8 -645
C 1394 892 889 1 17.52 9 433.7 -635 433.32 -637 432.27 -638.46 430.67 -639.47 428.65 -640.1 426.35 -640.45 423.89 -640.59 421.39 -640.61 419 -640.6
C 1395 893 865 0 10.17 6 437.1 -635 436.92 -637.01 436.5 -639.01 436 -640.99 435.58 -642.99 435.4 -645
C 1396 894 865 2 7.86 5 441 -640.6 438.95 -640.9 437.16 -641.76 435.88 -643.14 435.4 -645
C 1397 894 889 0 22 10 441 -640.6 438.56 -640.6 436.11 -640.6 433.67 -640.6 431.22 -640.6 428.78 -640.6 426.33 -640.6 423.89 -640.6 421.44 -640.6 419 -640.6
C 1398 894 890 1 17.52 9 441 -640.6 438.61 -640.61 436.11 -640.59 433.65 -640.45 431.35 -640.1 429.33 -639.47 427.73 -638.46 426.68 -637 426.3 -635
C 1399 895 929 0 10 5 608.2 -565 608.2 -562.5 608.2 -560 608.2 -557.5 608.2 -555
C 1400 896 930 0 10 5 604.6 -565 604.6 -562.5 604.6 -560 604.6 -557.5 604.6 -555
C 1401 897 869 0 10 5 611.8 -635 611.8 -637.5 611.8 -640 611.8 -642.5 611.8 -645
C 1402 897 894 1 15.54 8 611.8 -635 611.38 -637.03 610.22 -638.49 608.48 -639.49 606.33 -640.11 603.92 -640.44 601.42 -640.58 599 -640.6
C 1403 898 870 0 10 5 615.4 -635 615.4 -637.5 615.4 -640 615.4 -642.5 615.4 -645
C 1404 899 933 0 18 9 -611.8 -489 -611.8 -486.75 -611.8 -484.5 -611.8 -482.25 -611.8 -480 -611.8 -477.75 -611.8 -475.5 -611.8 -473.25 -611.8 -471
C 1405 899 937 1 18.43 9 -611.8 -489 -611.52 -486.68 -610.71 -484.61 -609.46 -482.8 -607.83 -481.27 -605.9 -480.04 -603.73 -479.14 -601.41 -478.59 -599 -478.4
C 1406 900 934 0 18 9 -615.4 -489 -615.4 -486.75 -615.4 -484.5 -615.4 -482.25 -615.4 -480 -615.4 -477.75 -615.4 -475.5 -615.4 -473.25 -615.4 -471
C 1407 901 873 0 10 5 -608.2 -555 -608.2 -557.5 -608.2 -560 -608.2 -562.5 -608.2 -565
C 1408 902 874 0 10 5 -604.6 -555 -604.6 -557.5 -604.6 -560 -604.6 -562.5 -604.6 -565
C 1409 902 903 2 7.86 5 -604.6 -555 -604.12 -556.86 -602.84 -558.24 -601.05 -559.1 -599 -559.4
C 1410 903 878 1 15.54 8 -441 -559.4 -438.58 -559.42 -436.08 -559.56 -433.67 -559.89 -431.52 -560.51 -429.78 -561.51 -428.62 -562.97 -428.2 -565
C 1411 903 905 2 7.86 5 -441 -559.4 -438.95 -559.1 -437.16 -558.24 -435.88 -556.86 -435.4 -555
C 1412 903 908 0 22 10 -441 -559.4 -438.56 -559.4 -436.11 -559.4 -433.67 -559.4 -431.22 -559.4 -428.78 -559.4 -426.33 -559.4 -423.89 -559.4 -421.44 -559.4 -419 -559.4
C 1413 904 941 0 18 9 -431.8 -489 -431.8 -486.75 -431.8 -484.5 -431.8 -482.25 -431.8 -480 -431.8 -477.75 -431.8 -475.5 -431.8 -473.25 -431.8 -471
C 1414 904 945 1 18.43 9 -431.8 -489 -431.52 -486.68 -430.71 -484.61 -429.46 -482.8 -427.83 -481.27 -425.9 -480.04 -423.73 -479.14 -421.41 -478.59 -419 -478.4
C 1415 905 940 2 7.66 5 -435.4 -489 -435.89 -487.22 -437.18 -485.93 -438.98 -485.16 -441 -484.9
C 1416 905 942 0 18 9 -435.4 -489 -435.4 -486.75 -435.4 -484.5 -435.4 -482.25 -435.4 -480 -435.4 -477.75 -435.4 -475.5 -435.4 -473.25 -435.4 -471
C 1417 906 878 0 10 5 -428.2 -555 -428.2 -557.5 -428.2 -560 -428.2 -562.5 -428.2 -565
C 1418 907 879 0 10 5 -424.6 -555 -424.6 -557.5 -424.6 -560 -424.6 -562.5 -424.6 -565
C 1419 907 908 2 7.86 5 -424.6 -555 -424.12 -556.86 -422.84 -558.24 -421.05 -559.1 -419 -559.4
C 1420 909 949 0 18 9 -251.8 -489 -251.8 -486.75 -251.8 -484.5 -251.8 -482.25 -251.8 -480 -251.8 -477.75 -251.8 -475.5 -251.8 -473.25 -251.8 -471
C 1421 909 953 1 18.43 9 -251.8 -489 -251.52 -486.68 -250.71 -484.61 -249.46 -482.8 -247.83 -481.27 -245.9 -480.04 -243.73 -479.14 -241.41 -478.59 -239 -478.4
C 1422 910 948 2 7.66 5 -255.4 -489 -255.89 -487.22 -257.18 -485.93 -258.98 -485.16 -261 -484.9
C 1423 910 950 0 18 9 -255.4 -489 -255.4 -486.75 -255.4 -484.5 -255.4 -482.25 -255.4 -480 -255.4 -477.75 -255.4 -475.5 -255.4 -473.25 -255.4 -471
C 1424 913 915 2 7.86 5 -11 -559.4 -8.95 -559.1 -7.16 -558.24 -5.88 -556.86 -5.4 -555
C 1425 913 918 0 22 10 -11 -559.4 -8.56 -559.4 -6.11 -559.4 -3.67 -559.4 -1.22 -559.4 1.22 -559.4 3.67 -559.4 6.11 -559.4 8.56 -559.4 11 -559.4
C 1426 914 957 0 18 9 -1.8 -489 -1.8 -486.75 -1.8 -484.5 -1.8 -482.25 -1.8 -480 -1.8 -477.75 -1.8 -475.5 -1.8 -473.25 -1.8 -471
C 1427 914 961 1 18.43 9 -1.8 -489 -1.52 -486.68 -0.71 -484.61 0.54 -482.8 2.17 -481.27 4.1 -480.04 6.27 -479.14 8.59 -478.59 11 -478.4
C 1428 915 956 2 7.66 5 -5.4 -489 -5.89 -487.22 -7.18 -485.93 -8.98 -485.16 -11 -484.9
C 1429 915 958 0 18 9 -5.4 -489 -5.4 -486.75 -5.4 -484.5 -5.4 -482.25 -5.4 -480 -5.4 -477.75 -5.4 -475.5 -5.4 -473.25 -5.4 -471
C 1430 916 918 2 11.3 6 1.8 -555 2.37 -556.98 3.89 -558.27 6.04 -559 8.52 -559.32 11 -559.4
C 1431 917 918 2 7.86 5 5.4 -555 5.88 -556.86 7.16 -558.24 8.95 -559.1 11 -559.4
C 1432 918 887 1 15.54 8 239 -559.4 241.42 -559.42 243.92 -559.56 246.33 -559.89 248.48 -560.51 250.22 -561.51 251.38 -562.97 251.8 -565
C 1433 918 920 2 7.86 5 239 -559.4 241.05 -559.1 242.84 -558.24 244.12 -556.86 244.6 -555
C 1434 918 923 0 22 10 239 -559.4 241.44 -559.4 243.89 -559.4 246.33 -559.4 248.78 -559.4 251.22 -559.4 253.67 -559.4 256.11 -559.4 258.56 -559.4 261 -559.4
C 1435 919 965 0 18 9 248.2 -489 248.2 -486.75 248.2 -484.5 248.2 -482.25 248.2 -480 248.2 -477.75 248.2 -475.5 248.2 -473.25 248.2 -471
C 1436 919 969 1 18.43 9 248.2 -489 248.48 -486.68 249.29 -484.61 250.54 -482.8 252.17 -481.27 254.1 -480.04 256.27 -479.14 258.59 -478.59 261 -478.4
C 1437 920 964 2 7.66 5 244.6 -489 244.11 -487.22 242.82 -485.93 241.02 -485.16 239 -484.9
C 1438 920 966 0 18 9 244.6 -489 244.6 -486.75 244.6 -484.5 244.6 -482.25 244.6 -480 244.6 -477.75 244.6 -475.5 244.6 -473.25 244.6 -471
C 1439 921 887 0 10 5 251.8 -555 251.8 -557.5 251.8 -560 251.8 -562.5 251.8 -565
C 1440 922 888 0 10 5 255.4 -555 255.4 -557.5 255.4 -560 255.4 -562.5 255.4 -565
C 1441 922 923 2 7.86 5 255.4 -555 255.88 -556.86 257.16 -558.24 258.95 -559.1 261 -559.4
C 1442 923 892 1 17.52 9 419 -559.4 421.39 -559.39 423.89 -559.41 426.35 -559.55 428.65 -559.9 430.67 -560.53 432.27 -561.54 433.32 -563 433.7 -565
C 1443 923 925 2 6.49 5 419 -559.4 420.58 -559.03 421.81 -558.06 422.61 -556.65 422.9 -555
C 1444 923 928 0 22 10 419 -559.4 421.44 -559.4 423.89 -559.4 426.33 -559.4 428.78 -559.4 431.22 -559.4 433.67 -559.4 436.11 -559.4 438.56 -559.4 441 -559.4
C 1445 924 973 0 18 9 426.3 -489 426.3 -486.75 426.3 -484.5 426.3 -482.25 426.3 -480 426.3 -477.75 426.3 -475.5 426.3 -473.25 426.3 -471
C 1446 924 977 1 20.12 10 426.3 -489 426.57 -486.77 427.34 -484.81 428.54 -483.11 430.1 -481.67 431.96 -480.49 434.05 -479.58 436.29 -478.92 438.63 -478.53 441 -478.4
C 1447 925 972 2 6.24 5 422.9 -489 422.6 -487.43 421.78 -486.12 420.54 -485.23 419 -484.9
C 1448 925 974 0 18 9 422.9 -489 422.9 -486.75 422.9 -484.5 422.9 -482.25 422.9 -480 422.9 -477.75 422.9 -475.5 422.9 -473.25 422.9 -471
C 1449 926 892 0 10 5 433.7 -555 433.7 -557.5 433.7 -560 433.7 -562.5 433.7 -565
C 1450 927 893 0 10 5 437.1 -555 437.1 -557.5 437.1 -560 437.1 -562.5 437.1 -565
C 1451 927 928 2 6.49 5 437.1 -555 437.39 -556.65 438.19 -558.06 439.42 -559.03 441 -559.4
C 1452 928 897 1 15.54 8 599 -559.4 601.42 -559.42 603.92 -559.56 606.33 -559.89 608.48 -560.51 610.22 -561.51 611.38 -562.97 611.8 -565
C 1453 928 930 2 7.86 5 599 -559.4 601.05 -559.1 602.84 -558.24 604.12 -556.86 604.6 -555
C 1454 929 981 0 18 9 608.2 -489 608.2 -486.75 608.2 -484.5 608.2 -482.25 608.2 -480 608.2 -477.75 608.2 -475.5 608.2 -473.25 608.2 -471
C 1455 930 980 2 7.66 5 604.6 -489 604.11 -487.22 602.82 -485.93 601.02 -485.16 599 -484.9
C 1456 930 982 0 18 9 604.6 -489 604.6 -486.75 604.6 -484.5 604.6 -482.25 604.6 -480 604.6 -477.75 604.6 -475.5 604.6 -473.25 604.6 -471
C 1457 931 897 0 10 5 611.8 -555 611.8 -557.5 611.8 -560 611.8 -562.5 611.8 -565
C 1458 932 898 0 10 5 615.4 -555 615.4 -557.5 615.4 -560 615.4 -562.5 615.4 -565
C 1459 933 985 0 10 5 -611.8 -405 -611.8 -402.5 -611.8 -400 -611.8 -397.5 -611.8 -395
C 1460 933 989 1 15.54 8 -611.8 -405 -611.38 -402.97 -610.22 -401.51 -608.48 -400.51 -606.33 -399.89 -603.92 -399.56 -601.42 -399.42 -599 -399.4
C 1461 934 986 0 10 5 -615.4 -405 -615.4 -402.5 -615.4 -400 -615.4 -397.5 -615.4 -395
C 1462 935 901 0 18 9 -608.2 -471 -608.2 -473.25 -608.2 -475.5 -608.2 -477.75 -608.2 -480 -608.2 -482.25 -608.2 -484.5 -608.2 -486.75 -608.2 -489
C 1463 936 902 0 18 9 -604.6 -471 -604.6 -473.25 -604.6 -475.5 -604.6 -477.75 -604.6 -480 -604.6 -482.25 -604.6 -484.5 -604.6 -486.75 -604.6 -489
C 1464 936 939 2 7.66 5 -604.6 -471 -604.11 -472.78 -602.82 -474.07 -601.02 -474.84 -599 -475.1
C 1465 937 906 1 18.43 9 -441 -478.4 -438.59 -478.59 -436.27 -479.14 -434.1 -480.04 -432.17 -481.27 -430.54 -482.8 -429.29 -484.61 -428.48 -486.68 -428.2 -489
C 1466 937 945 0 22 10 -441 -478.4 -438.56 -478.4 -436.11 -478.4 -433.67 -478.4 -431.22 -478.4 -428.78 -478.4 -426.33 -478.4 -423.89 -478.4 -421.44 -478.4 -419 -478.4
C 1467 938 933 1 18.43 9 -599 -481.6 -601.41 -481.41 -603.73 -480.86 -605.9 -479.96 -607.83 -478.73 -609.46 -477.2 -610.71 -475.39 -611.52 -473.32 -611.8 -471
C 1468 939 942 2 7.66 5 -441 -475.1 -438.98 -474.84 -437.18 -474.07 -435.89 -472.78 -435.4 -471
C 1469 939 947 0 22 10 -441 -475.1 -438.56 -475.1 -436.11 -475.1 -433.67 -475.1 -431.22 -475.1 -428.78 -475.1 -426.33 -475.1 -423.89 -475.1 -421.44 -475.1 -419 -475.1
C 1470 940 902 2 7.66 5 -599 -484.9 -601.02 -485.16 -602.82 -485.93 -604.11 -487.22 -604.6 -489
C 1471 941 990 0 10 5 -431.8 -405 -431.8 -402.5 -431.8 -400 -431.8 -397.5 -431.8 -395
C 1472 941 994 1 15.54 8 -431.8 -405 -431.38 -402.97 -430.22 -401.51 -428.48 -400.51 -426.33 -399.89 -423.92 -399.56 -421.42 -399.42 -419 -399.4
C 1473 942 991 0 10 5 -435.4 -405 -435.4 -402.5 -435.4 -400 -435.4 -397.5 -435.4 -395
C 1474 943 906 0 18 9 -428.2 -471 -428.2 -473.25 -428.2 -475.5 -428.2 -477.75 -428.2 -480 -428.2 -482.25 -428.2 -484.5 -428.2 -486.75 -428.2 -489
C 1475 943 938 1 18.43 9 -428.2 -471 -428.48 -473.32 -429.29 -475.39 -430.54 -477.2 -432.17 -478.73 -434.1 -479.96 -436.27 -480.86 -438.59 -481.41 -441 -481.6
C 1476 944 907 0 18 9 -424.6 -471 -424.6 -473.25 -424.6 -475.5 -424.6 -477.75 -424.6 -480 -424.6 -482.25 -424.6 -484.5 -424.6 -486.75 -424.6 -489
C 1477 944 947 2 7.66 5 -424.6 -471 -424.11 -472.78 -422.82 -474.07 -421.02 -474.84 -419 -475.1
C 1478 945 911 1 18.43 9 -261 -478.4 -258.59 -478.59 -256.27 -479.14 -254.1 -480.04 -252.17 -481.27 -250.54 -482.8 -249.29 -484.61 -248.48 -486.68 -248.2 -489
C 1479 945 953 0 22 10 -261 -478.4 -258.56 -478.4 -256.11 -478.4 -253.67 -478.4 -251.22 -478.4 -248.78 -478.4 -246.33 -478.4 -243.89 -478.4 -241.44 -478.4 -239 -478.4
C 1480 946 938 0 22 10 -419 -481.6 -421.44 -481.6 -423.89 -481.6 -426.33 -481.6 -428.78 -481.6 -431.22 -481.6 -433.67 -481.6 -436.11 -481.6 -438.56 -481.6 -441 -481.6
C 1481 946 941 1 18.43 9 -419 -481.6 -421.41 -481.41 -423.73 -480.86 -425.9 -479.96 -427.83 -478.73 -429.46 -477.2 -430.71 -475.39 -431.52 -473.32 -431.8 -471
C 1482 947 950 2 7.66 5 -261 -475.1 -258.98 -474.84 -257.18 -474.07 -255.89 -472.78 -255.4 -471
C 1483 947 955 0 22 10 -261 -475.1 -258.56 -475.1 -256.11 -475.1 -253.67 -475.1 -251.22 -475.1 -248.78 -475.1 -246.33 -475.1 -243.89 -475.1 -241.44 -475.1 -239 -475.1
C 1484 948 907 2 7.66 5 -419 -484.9 -421.02 -485.16 -422.82 -485.93 -424.11 -487.22 -424.6 -489
C 1485 948 940 0 22 10 -419 -484.9 -421.44 -484.9 -423.89 -484.9 -426.33 -484.9 -428.78 -484.9 -431.22 -484.9 -433.67 -484.9 -436.11 -484.9 -438.56 -484.9 -441 -484.9
C 1486 949 995 0 10 5 -251.8 -405 -251.8 -402.5 -251.8 -400 -251.8 -397.5 -251.8 -395
C 1487 949 999 1 15.54 8 -251.8 -405 -251.38 -402.97 -250.22 -401.51 -248.48 -400.51 -246.33 -399.89 -243.92 -399.56 -241.42 -399.42 -239 -399.4
C 1488 950 996 0 10 5 -255.4 -405 -255.4 -402.5 -255.4 -400 -255.4 -397.5 -255.4 -395
C 1489 951 911 0 18 9 -248.2 -471 -248.2 -473.25 -248.2 -475.5 -248.2 -477.75 -248.2 -480 -248.2 -482.25 -248.2 -484.5 -248.2 -486.75 -248.2 -489
C 1490 951 946 1 18.43 9 -248.2 -471 -248.48 -473.32 -249.29 -475.39 -250.54 -477.2 -252.17 -478.73 -254.1 -479.96 -256.27 -480.86 -258.59 -481.41 -261 -481.6
C 1491 952 912 0 18 9 -244.6 -471 -244.6 -473.25 -244.6 -475.5 -244.6 -477.75 -244.6 -480 -244.6 -482.25 -244.6 -484.5 -244.6 -486.75 -244.6 -489
C 1492 952 955 2 7.66 5 -244.6 -471 -244.11 -472.78 -242.82 -474.07 -241.02 -474.84 -239 -475.1
C 1493 953 916 1 18.43 9 -11 -478.4 -8.59 -478.59 -6.27 -479.14 -4.1 -480.04 -2.17 -481.27 -0.54 -482.8 0.71 -484.61 1.52 -486.68 1.8 -489
C 1494 953 961 0 22 10 -11 -478.4 -8.56 -478.4 -6.11 -478.4 -3.67 -478.4 -1.22 -478.4 1.22 -478.4 3.67 -478.4 6.11 -478.4 8.56 -478.4 11 -478.4
C 1495 954 946 0 22 10 -239 -481.6 -241.44 -481.6 -243.89 -481.6 -246.33 -481.6 -248.78 -481.6 -251.22 -481.6 -253.67 -481.6 -256.11 -481.6 -258.56 -481.6 -261 -481.6
C 1496 954 949 1 18.43 9 -239 -481.6 -241.41 -481.41 -243.73 -480.86 -245.9 -479.96 -247.83 -478.73 -249.46 -477.2 -250.71 -475.39 -251.52 -473.32 -251.8 -471
C 1497 955 958 2 7.66 5 -11 -475.1 -8.98 -474.84 -7.18 -474.07 -5.89 -472.78 -5.4 -471
C 1498 955 963 0 22 10 -11 -475.1 -8.56 -475.1 -6.11 -475.1 -3.67 -475.1 -1.22 -475.1 1.22 -475.1 3.67 -475.1 6.11 -475.1 8.56 -475.1 11 -475.1
C 1499 956 912 2 7.66 5 -239 -484.9 -241.02 -485.16 -242.82 -485.93 -244.11 -487.22 -244.6 -489
C 1500 956 948 0 22 10 -239 -484.9 -241.44 -484.9 -243.89 -484.9 -246.33 -484.9 -248.78 -484.9 -251.22 -484.9 -253.67 -484.9 -256.11 -484.9 -258.56 -484.9 -261 -484.9
C 1501 957 1000 0 10 5 -1.8 -405 -1.8 -402.5 -1.8 -400 -1.8 -397.5 -1.8 -395
C 1502 957 1004 1 15.54 8 -1.8 -405 -1.38 -402.97 -0.22 -401.51 1.52 -400.51 3.67 -399.89 6.08 -399.56 8.58 -399.42 11 -399.4
C 1503 958 1001 0 10 5 -5.4 -405 -5.4 -402.5 -5.4 -400 -5.4 -397.5 -5.4 -395
C 1504 959 916 0 18 9 1.8 -471 1.8 -473.25 1.8 -475.5 1.8 -477.75 1.8 -480 1.8 -482.25 1.8 -484.5 1.8 -486.75 1.8 -489
C 1505 959 954 1 18.43 9 1.8 -471 1.52 -473.32 0.71 -475.39 -0.54 -477.2 -2.17 -478.73 -4.1 -479.96 -6.27 -480.86 -8.59 -481.41 -11 -481.6
C 1506 960 917 0 18 9 5.4 -471 5.4 -473.25 5.4 -475.5 5.4 -477.75 5.4 -480 5.4 -482.25 5.4 -484.5 5.4 -486.75 5.4 -489
C 1507 960 963 2 7.66 5 5.4 -471 5.89 -472.78 7.18 -474.07 8.98 -474.84 11 -475.1
C 1508 961 921 1 18.43 9 239 -478.4 241.41 -478.59 243.73 -479.14 245.9 -480.04 247.83 -481.27 249.46 -482.8 250.71 -484.61 251.52 -486.68 251.8 -489
C 1509 961 969 0 22 10 239 -478.4 241.44 -478.4 243.89 -478.4 246.33 -478.4 248.78 -478.4 251.22 -478.4 253.67 -478.4 256.11 -478.4 258.56 -478.4 261 -478.4
C 1510 962 954 0 22 10 11 -481.6 8.56 -481.6 6.11 -481.6 3.67 -481.6 1.22 -481.6 -1.22 -481.6 -3.67 -481.6 -6.11 -481.6 -8.56 -481.6 -11 -481.6
C 1511 962 957 1 18.43 9 11 -481.6 8.59 -481.41 6.27 -480.86 4.1 -479.96 2.17 -478.73 0.54 -477.2 -0.71 -475.39 -1.52 -473.32 -1.8 -471
C 1512 963 966 2 7.66 5 239 -475.1 241.02 -474.84 242.82 -474.07 244.11 -472.78 244.6 -471
C 1513 963 971 0 22 10 239 -475.1 241.44 -475.1 243.89 -475.1 246.33 -475.1 248.78 -475.1 251.22 -475.1 253.67 -475.1 256.11 -475.1 258.56 -475.1 261 -475.1
C 1514 964 917 2 7.66 5 11 -484.9 8.98 -485.16 7.18 -485.93 5.89 -487.22 5.4 -489
C 1515 964 956 0 22 10 11 -484.9 8.56 -484.9 6.11 -484.9 3.67 -484.9 1.22 -484.9 -1.22 -484.9 -3.67 -484.9 -6.11 -484.9 -8.56 -484.9 -11 -484.9
C 1516 965 1005 0 10 5 248.2 -405 248.2 -402.5 248.2 -400 248.2 -397.5 248.2 -395
C 1517 965 1009 1 15.54 8 248.2 -405 248.62 -402.97 249.78 -401.51 251.52 -400.51 253.67 -399.89 256.08 -399.56 258.58 -399.42 261 -399.4
C 1518 966 1006 0 10 5 244.6 -405 244.6 -402.5 244.6 -400 244.6 -397.5 244.6 -395
C 1519 967 921 0 18 9 251.8 -471 251.8 -473.25 251.8 -475.5 251.8 -477.75 251.8 -480 251.8 -482.25 251.8 -484.5 251.8 -486.75 251.8 -489
C 1520 967 962 1 18.43 9 251.8 -471 251.52 -473.32 250.71 -475.39 249.46 -477.2 247.83 -478.73 245.9 -479.96 243.73 -480.86 241.41 -481.41 239 -481.6
C 1521 968 922 0 18 9 255.4 -471 255.4 -473.25 255.4 -475.5 255.4 -477.75 255.4 -480 255.4 -482.25 255.4 -484.5 255.4 -486.75 255.4 -489
C 1522 968 971 2 7.66 5 255.4 -471 255.89 -472.78 257.18 -474.07 258.98 -474.84 261 -475.1
C 1523 969 926 1 20.12 10 419 -478.4 421.37 -478.53 423.71 -478.92 425.95 -479.58 428.04 -480.49 429.9 -481.67 431.46 -483.11 432.66 -484.81 433.43 -486.77 433.7 -489
C 1524 969 977 0 22 10 419 -478.4 421.44 -478.4 423.89 -478.4 426.33 -478.4 428.78 -478.4 431.22 -478.4 433.67 -478.4 436.11 -478.4 438.56 -478.4 441 -478.4
C 1525 970 962 0 22 10 261 -481.6 258.56 -481.6 256.11 -481.6 253.67 -481.6 251.22 -481.6 248.78 -481.6 246.33 -481.6 243.89 -481.6 241.44 -481.6 239 -481.6
C 1526 970 965 1 18.43 9 261 -481.6 258.59 -481.41 256.27 -480.86 254.1 -479.96 252.17 -478.73 250.54 -477.2 249.29 -475.39 248.48 -473.32 248.2 -471
C 1527 971 974 2 6.24 5 419 -475.1 420.54 -474.77 421.78 -473.88 422.6 -472.57 422.9 -471
C 1528 971 979 0 22 10 419 -475.1 421.44 -475.1 423.89 -475.1 426.33 -475.1 428.78 -475.1 431.22 -475.1 433.67 -475.1 436.11 -475.1 438.56 -475.1 441 -475.1
C 1529 972 922 2 7.66 5 261 -484.9 258.98 -485.16 257.18 -485.93 255.89 -487.22 255.4 -489
C 1530 972 964 0 22 10 261 -484.9 258.56 -484.9 256.11 -484.9 253.67 -484.9 251.22 -484.9 248.78 -484.9 246.33 -484.9 243.89 -484.9 241.44 -484.9 239 -484.9
C 1531 973 1010 0 10 5 426.3 -405 426.3 -402.5 426.3 -400 426.3 -397.5 426.3 -395
C 1532 973 1014 1 17.52 9 426.3 -405 426.68 -403 427.73 -401.54 429.33 -400.53 431.35 -399.9 433.65 -399.55 436.11 -399.41 438.61 -399.39 441 -399.4
C 1533 974 1011 0 10 5 422.9 -405 422.9 -402.5 422.9 -400 422.9 -397.5 422.9 -395
C 1534 975 926 0 18 9 433.7 -471 433.7 -473.25 433.7 -475.5 433.7 -477.75 433.7 -480 433.7 -482.25 433.7 -484.5 433.7 -486.75 433.7 -489
C 1535 975 970 1 20.12 10 433.7 -471 433.43 -473.23 432.66 -475.19 431.46 -476.89 429.9 -478.33 428.04 -479.51 425.95 -480.42 423.71 -481.08 421.37 -481.47 419 -481.6
C 1536 976 927 0 18 9 437.1 -471 437.1 -473.25 437.1 -475.5 437.1 -477.75 437.1 -480 437.1 -482.25 437.1 -484.5 437.1 -486.75 437.1 -489
C 1537 976 979 2 6.24 5 437.1 -471 437.4 -472.57 438.22 -473.88 439.46 -474.77 441 -475.1
C 1538 977 931 1 18.43 9 599 -478.4 601.41 -478.59 603.73 -479.14 605.9 -480.04 607.83 -481.27 609.46 -482.8 610.71 -484.61 611.52 -486.68 611.8 -489
C 1539 978 970 0 22 10 441 -481.6 438.56 -481.6 436.11 -481.6 433.67 -481.6 431.22 -481.6 428.78 -481.6 426.33 -481.6 423.89 -481.6 421.44 -481.6 419 -481.6
C 1540 978 973 1 20.12 10 441 -481.6 438.63 -481.47 436.29 -481.08 434.05 -480.42 431.96 -479.51 430.1 -478.33 428.54 -476.89 427.34 -475.19 426.57 -473.23 426.3 -471
C 1541 979 982 2 7.66 5 599 -475.1 601.02 -474.84 602.82 -474.07 604.11 -472.78 604.6 -471
C 1542 980 927 2 6.24 5 441 -484.9 439.46 -485.23 438.22 -486.12 437.4 -487.43 437.1 -489
C 1543 980 972 0 22 10 441 -484.9 438.56 -484.9 436.11 -484.9 433.67 -484.9 431.22 -484.9 428.78 -484.9 426.33 -484.9 423.89 -484.9 421.44 -484.9 419 -484.9
C 1544 981 1015 0 10 5 608.2 -405 608.2 -402.5 608.2 -400 608.2 -397.5 608.2 -395
C 1545 982 1016 0 10 5 604.6 -405 604.6 -402.5 604.6 -400 604.6 -397.5 604.6 -395
C 1546 983 931 0 18 9 611.8 -471 611.8 -473.25 611.8 -475.5 611.8 -477.75 611.8 -480 611.8 -482.25 611.8 -484.5 611.8 -486.75 611.8 -489
C 1547 983 978 1 18.43 9 611.8 -471 611.52 -473.32 610.71 -475.39 609.46 -477.2 607.83 -478.73 605.9 -479.96 603.73 -480.86 601.41 -481.41 599 -481.6
C 1548 984 932 0 18 9 615.4 -471 615.4 -473.25 615.4 -475.5 615.4 -477.75 615.4 -480 615.4 -482.25 615.4 -484.5 615.4 -486.75 615.4 -489
C 1549 985 1019 0 10 5 -611.8 -325 -611.8 -322.5 -611.8 -320 -611.8 -317.5 -611.8 -315
C 1550 986 1020 0 10 5 -615.4 -325 -615.4 -322.5 -615.4 -320 -615.4 -317.5 -615.4 -315
C 1551 987 935 0 10 5 -608.2 -395 -608.2 -397.5 -608.2 -400 -608.2 -402.5 -608.2 -405
C 1552 988 936 0 10 5 -604.6 -395 -604.6 -397.5 -604.6 -400 -604.6 -402.5 -604.6 -405
C 1553 988 989 2 7.86 5 -604.6 -395 -604.12 -396.86 -602.84 -398.24 -601.05 -399.1 -599 -399.4
C 1554 989 943 1 15.54 8 -441 -399.4 -438.58 -399.42 -436.08 -399.56 -433.67 -399.89 -431.52 -400.51 -429.78 -401.51 -428.62 -402.97 -428.2 -405
C 1555 989 991 2 7.86 5 -441 -399.4 -438.95 -399.1 -437.16 -398.24 -435.88 -396.86 -435.4 -395
C 1556 989 994 0 22 10 -441 -399.4 -438.56 -399.4 -436.11 -399.4 -433.67 -399.4 -431.22 -399.4 -428.78 -399.4 -426.33 -399.4 -423.89 -399.4 -421.44 -399.4 -419 -399.4
C 1557 990 1024 0 10 5 -431.8 -325 -431.8 -322.5 -431.8 -320 -431.8 -317.5 -431.8 -315
C 1558 991 1023 2 7.86 5 -435.4 -325 -435.88 -323.14 -437.16 -321.76 -438.95 -320.9 -441 -320.6
C 1559 991 1025 0 10 5 -435.4 -325 -435.4 -322.5 -435.4 -320 -435.4 -317.5 -435.4 -315
C 1560 992 943 0 10 5 -428.2 -395 -428.2 -397.5 -428.2 -400 -428.2 -402.5 -428.2 -405
C 1561 993 944 0 10 5 -424.6 -395 -424.6 -397.5 -424.6 -400 -424.6 -402.5 -424.6 -405
C 1562 993 994 2 7.86 5 -424.6 -395 -424.12 -396.86 -422.84 -398.24 -421.05 -399.1 -419 -399.4
C 1563 994 951 1 15.54 8 -261 -399.4 -258.58 -399.42 -256.08 -399.56 -253.67 -399.89 -251.52 -400.51 -249.78 -401.51 -248.62 -402.97 -248.2 -405
C 1564 994 996 2 7.86 5 -261 -399.4 -258.95 -399.1 -257.16 -398.24 -255.88 -396.86 -255.4 -395
C 1565 994 999 0 22 10 -261 -399.4 -258.56 -399.4 -256.11 -399.4 -253.67 -399.4 -251.22 -399.4 -248.78 -399.4 -246.33 -399.4 -243.89 -399.4 -241.44 -399.4 -239 -399.4
C 1566 995 1029 0 10 5 -251.8 -325 -251.8 -322.5 -251.8 -320 -251.8 -317.5 -251.8 -315
C 1567 996 1028 2 7.86 5 -255.4 -325 -255.88 -323.14 -257.16 -321.76 -258.95 -320.9 -261 -320.6
C 1568 996 1030 0 10 5 -255.4 -325 -255.4 -322.5 -255.4 -320 -255.4 -317.5 -255.4 -315
C 1569 997 951 0 10 5 -248.2 -395 -248.2 -397.5 -248.2 -400 -248.2 -402.5 -248.2 -405
C 1570 998 952 0 10 5 -244.6 -395 -244.6 -397.5 -244.6 -400 -244.6 -402.5 -244.6 -405
C 1571 998 999 2 7.86 5 -244.6 -395 -244.12 -396.86 -242.84 -398.24 -241.05 -399.1 -239 -399.4
C 1572 999 959 1 15.54 8 -11 -399.4 -8.58 -399.42 -6.08 -399.56 -3.67 -399.89 -1.52 -400.51 0.22 -401.51 1.38 -402.97 1.8 -405
C 1573 999 1001 2 7.86 5 -11 -399.4 -8.95 -399.1 -7.16 -398.24 -5.88 -396.86 -5.4 -395
C 1574 999 1004 0 22 10 -11 -399.4 -8.56 -399.4 -6.11 -399.4 -3.67 -399.4 -1.22 -399.4 1.22 -399.4 3.67 -399.4 6.11 -399.4 8.56 -399.4 11 -399.4
C 1575 1000 1034 0 10 5 -1.8 -325 -1.8 -322.5 -1.8 -320 -1.8 -317.5 -1.8 -315
C 1576 1001 1033 2 7.86 5 -5.4 -325 -5.88 -323.14 -7.16 -321.76 -8.95 -320.9 -11 -320.6
C 1577 1001 1035 0 10 5 -5.4 -325 -5.4 -322.5 -5.4 -320 -5.4 -317.5 -5.4 -315
C 1578 1002 959 0 10 5 1.8 -395 1.8 -397.5 1.8 -400 1.8 -402.5 1.8 -405
C 1579 1003 960 0 10 5 5.4 -395 5.4 -397.5 5.4 -400 5.4 -402.5 5.4 -405
C 1580 1003 1004 2 7.86 5 5.4 -395 5.88 -396.86 7.16 -398.24 8.95 -399.1 11 -399.4
C 1581 1004 967 1 15.54 8 239 -399.4 241.42 -399.42 243.92 -399.56 246.33 -399.89 248.48 -400.51 250.22 -401.51 251.38 -402.97 251.8 -405
C 1582 1004 1006 2 7.86 5 239 -399.4 241.05 -399.1 242.84 -398.24 244.12 -396.86 244.6 -395
C 1583 1004 1009 0 22 10 239 -399.4 241.44 -399.4 243.89 -399.4 246.33 -399.4 248.78 -399.4 251.22 -399.4 253.67 -399.4 256.11 -399.4 258.56 -399.4 261 -399.4
C 1584 1005 1039 0 10 5 248.2 -325 248.2 -322.5 248.2 -320 248.2 -317.5 248.2 -315
C 1585 1006 1038 2 7.86 5 244.6 -325 244.12 -323.14 242.84 -321.76 241.05 -320.9 239 -320.6
C 1586 1006 1040 0 10 5 244.6 -325 244.6 -322.5 244.6 -320 244.6 -317.5 244.6 -315
C 1587 1007 967 0 10 5 251.8 -395 251.8 -397.5 251.8 -400 251.8 -402.5 251.8 -405
C 1588 1008 968 0 10 5 255.4 -395 255.4 -397.5 255.4 -400 255.4 -402.5 255.4 -405
C 1589 1008 1009 2 7.86 5 255.4 -395 255.88 -396.86 257.16 -398.24 258.95 -399.1 261 -399.4
C 1590 1009 975 1 17.52 9 419 -399.4 421.39 -399.39 423.89 -399.41 426.35 -399.55 428.65 -399.9 430.67 -400.53 432.27 -401.54 433.32 -403 433.7 -405
C 1591 1009 1011 2 6.49 5 419 -399.4 420.58 -399.03 421.81 -398.06 422.61 -396.65 422.9 -395
C 1592 1009 1014 0 22 10 419 -399.4 421.44 -399.4 423.89 -399.4 426.33 -399.4 428.78 -399.4 431.22 -399.4 433.67 -399.4 436.11 -399.4 438.56 -399.4 441 -399.4
C 1593 1010 1044 0 10.21 6 426.3 -325 426.5 -322.98 426.97 -320.99 427.53 -319.01 428 -317.02 428.2 -315
C 1594 1011 1043 2 6.49 5 422.9 -325 422.61 -323.35 421.81 -321.94 420.58 -320.97 419 -320.6
C 1595 1011 1045 0 10.17 6 422.9 -325 423.08 -322.99 423.5 -320.99 424 -319.01 424.42 -317.01 424.6 -315
C 1596 1012 975 0 10 5 433.7 -395 433.7 -397.5 433.7 -400 433.7 -402.5 433.7 -405
C 1597 1013 976 0 10 5 437.1 -395 437.1 -397.5 437.1 -400 437.1 -402.5 437.1 -405
C 1598 1013 1014 2 6.49 5 437.1 -395 437.39 -396.65 438.19 -398.06 439.42 -399.03 441 -399.4
C 1599 1014 983 1 15.54 8 599 -399.4 601.42 -399.42 603.92 -399.56 606.33 -399.89 608.48 -400.51 610.22 -401.51 611.38 -402.97 611.8 -405
C 1600 1014 1016 2 7.86 5 599 -399.4 601.05 -399.1 602.84 -398.24 604.12 -396.86 604.6 -395
C 1601 1015 1049 0 10 5 608.2 -325 608.2 -322.5 608.2 -320 608.2 -317.5 608.2 -315
C 1602 1016 1048 2 7.86 5 604.6 -325 604.12 -323.14 602.84 -321.76 601.05 -320.9 599 -320.6
C 1603 1016 1050 0 10 5 604.6 -325 604.6 -322.5 604.6 -320 604.6 -317.5 604.6 -315
C 1604 1017 983 0 10 5 611.8 -395 611.8 -397.5 611.8 -400 611.8 -402.5 611.8 -405
C 1605 1018 984 0 10 5 615.4 -395 615.4 -397.5 615.4 -400 615.4 -402.5 615.4 -405
C 1606 1019 1053 0 10 5 -611.8 -245 -611.8 -242.5 -611.8 -240 -611.8 -237.5 -611.8 -235
C 1607 1019 1057 1 15.54 8 -611.8 -245 -611.38 -242.97 -610.22 -241.51 -608.48 -240.51 -606.33 -239.89 -603.92 -239.56 -601.42 -239.42 -599 -239.4
C 1608 1020 1054 0 10 5 -615.4 -245 -615.4 -242.5 -615.4 -240 -615.4 -237.5 -615.4 -235
C 1609 1021 987 0 10 5 -608.2 -315 -608.2 -317.5 -608.2 -320 -608.2 -322.5 -608.2 -325
C 1610 1022 988 0 10 5 -604.6 -315 -604.6 -317.5 -604.6 -320 -604.6 -322.5 -604.6 -325
C 1611 1023 988 2 7.86 5 -599 -320.6 -601.05 -320.9 -602.84 -321.76 -604.12 -323.14 -604.6 -325
C 1612 1023 1019 1 15.54 8 -599 -320.6 -601.42 -320.58 -603.92 -320.44 -606.33 -320.11 -608.48 -319.49 -610.22 -318.49 -611.38 -317.03 -611.8 -315
C 1613 1024 1058 0 10 5 -431.8 -245 -431.8 -242.5 -431.8 -240 -431.8 -237.5 -431.8 -235
C 1614 1024 1062 1 15.54 8 -431.8 -245 -431.38 -242.97 -430.22 -241.51 -428.48 -240.51 -426.33 -239.89 -423.92 -239.56 -421.42 -239.42 -419 -239.4
C 1615 1025 1059 0 10 5 -435.4 -245 -435.4 -242.5 -435.4 -240 -435.4 -237.5 -435.4 -235
C 1616 1026 992 0 10 5 -428.2 -315 -428.2 -317.5 -428.2 -320 -428.2 -322.5 -428.2 -325
C 1617 1026 1023 1 15.54 8 -428.2 -315 -428.62 -317.03 -429.78 -318.49 -431.52 -319.49 -433.67 -320.11 -436.08 -320.44 -438.58 -320.58 -441 -320.6
C 1618 1027 993 0 10 5 -424.6 -315 -424.6 -317.5 -424.6 -320 -424.6 -322.5 -424.6 -325
C 1619 1028 993 2 7.86 5 -419 -320.6 -421.05 -320.9 -422.84 -321.76 -424.12 -323.14 -424.6 -325
C 1620 1028 1023 0 22 10 -419 -320.6 -421.44 -320.6 -423.89 -320.6 -426.33 -320.6 -428.78 -320.6 -431.22 -320.6 -433.67 -320.6 -436.11 -320.6 -438.56 -320.6 -441 -320.6
C 1621 1028 1024 1 15.54 8 -419 -320.6 -421.42 -320.58 -423.92 -320.44 -426.33 -320.11 -428.48 -319.49 -430.22 -318.49 -431.38 -317.03 -431.8 -315
C 1622 1029 1063 0 10 5 -251.8 -245 -251.8 -242.5 -251.8 -240 -251.8 -237.5 -251.8 -235
C 1623 1029 1067 1 15.54 8 -251.8 -245 -251.38 -242.97 -250.22 -241.51 -248.48 -240.51 -246.33 -239.89 -243.92 -239.56 -241.42 -239.42 -239 -239.4
C 1624 1030 1064 0 10 5 -255.4 -245 -255.4 -242.5 -255.4 -240 -255.4 -237.5 -255.4 -235
C 1625 1031 997 0 10 5 -248.2 -315 -248.2 -317.5 -248.2 -320 -248.2 -322.5 -248.2 -325
C 1626 1031 1028 1 15.54 8 -248.2 -315 -248.62 -317.03 -249.78 -318.49 -251.52 -319.49 -253.67 -320.11 -256.08 -320.44 -258.58 -320.58 -261 -320.6
C 1627 1032 998 0 10 5 -244.6 -315 -244.6 -317.5 -244.6 -320 -244.6 -322.5 -244.6 -325
C 1628 1033 998 2 7.86 5 -239 -320.6 -241.05 -320.9 -242.84 -321.76 -244.12 -323.14 -244.6 -325
C 1629 1033 1028 0 22 10 -239 -320.6 -241.44 -320.6 -243.89 -320.6 -246.33 -320.6 -248.78 -320.6 -251.22 -320.6 -253.67 -320.6 -256.11 -320.6 -258.56 -320.6 -261 -320.6
C 1630 1033 1029 1 15.54 8 -239 -320.6 -241.42 -320.58 -243.92 -320.44 -246.33 -320.11 -248.48 -319.49 -250.22 -318.49 -251.38 -317.03 -251.8 -315
C 1631 1034 1068 0 10 5 -1.8 -245 -1.8 -242.5 -1.8 -240 -1.8 -237.5 -1.8 -235
C 1632 1034 1072 1 15.54 8 -1.8 -245 -1.38 -242.97 -0.22 -241.51 1.52 -240.51 3.67 -239.89 6.08 -239.56 8.58 -239.42 11 -239.4
C 1633 1035 1069 0 10 5 -5.4 -245 -5.4 -242.5 -5.4 -240 -5.4 -237.5 -5.4 -235
C 1634 1036 1002 0 10 5 1.8 -315 1.8 -317.5 1.8 -320 1.8 -322.5 1.8 -325
C 1635 1036 1033 1 15.54 8 1.8 -315 1.38 -317.03 0.22 -318.49 -1.52 -319.49 -3.67 -320.11 -6.08 -320.44 -8.58 -320.58 -11 -320.6
C 1636 1037 1003 0 10 5 5.4 -315 5.4 -317.5 5.4 -320 5.4 -322.5 5.4 -325
C 1637 1038 1003 2 7.86 5 11 -320.6 8.95 -320.9 7.16 -321.76 5.88 -323.14 5.4 -325
C 1638 1038 1033 0 22 10 11 -320.6 8.56 -320.6 6.11 -320.6 3.67 -320.6 1.22 -320.6 -1.22 -320.6 -3.67 -320.6 -6.11 -320.6 -8.56 -320.6 -11 -320.6
C 1639 1038 1034 1 15.54 8 11 -320.6 8.58 -320.58 6.08 -320.44 3.67 -320.11 1.52 -319.49 -0.22 -318.49 -1.38 -317.03 -1.8 -315
C 1640 1039 1073 0 10 5 248.2 -245 248.2 -242.5 248.2 -240 248.2 -237.5 248.2 -235
C 1641 1039 1077 1 15.54 8 248.2 -245 248.62 -242.97 249.78 -241.51 251.52 -240.51 253.67 -239.89 256.08 -239.56 258.58 -239.42 261 -239.4
C 1642 1040 1074 0 10 5 244.6 -245 244.6 -242.5 244.6 -240 244.6 -237.5 244.6 -235
C 1643 1041 1007 0 10 5 251.8 -315 251.8 -317.5 251.8 -320 251.8 -322.5 251.8 -325
C 1644 1041 1038 1 15.54 8 251.8 -315 251.38 -317.03 250.22 -318.49 248.48 -319.49 246.33 -320.11 243.92 -320.44 241.42 -320.58 239 -320.6
C 1645 1042 1008 0 10 5 255.4 -315 255.4 -317.5 255.4 -320 255.4 -322.5 255.4 -325
C 1646 1043 1008 2 7.86 5 261 -320.6 258.95 -320.9 257.16 -321.76 255.88 -323.14 255.4 -325
C 1647 1043 1038 0 22 10 261 -320.6 258.56 -320.6 256.11 -320.6 253.67 -320.6 251.22 -320.6 248.78 -320.6 246.33 -320.6 243.89 -320.6 241.44 -320.6 239 -320.6
C 1648 1043 1039 1 15.54 8 261 -320.6 258.58 -320.58 256.08 -320.44 253.67 -320.11 251.52 -319.49 249.78 -318.49 248.62 -317.03 248.2 -315
C 1649 1044 1078 0 10 5 428.2 -245 428.2 -242.5 428.2 -240 428.2 -237.5 428.2 -235
C 1650 1044 1082 1 15.54 8 428.2 -245 428.62 -242.97 429.78 -241.51 431.52 -240.51 433.67 -239.89 436.08 -239.56 438.58 -239.42 441 -239.4
C 1651 1045 1079 0 10 5 424.6 -245 424.6 -242.5 424.6 -240 424.6 -237.5 424.6 -235
C 1652 1046 1012 0 10.21 6 431.8 -315 432 -317.02 432.47 -319.01 433.03 -320.99 433.5 -322.98 433.7 -325
C 1653 1046 1043 1 15.54 8 431.8 -315 431.38 -317.03 430.22 -318.49 428.48 -319.49 426.33 -320.11 423.92 -320.44 421.42 -320.58 419 -320.6
C 1654 1047 1013 0 10.17 6 435.4 -315 435.58 -317.01 436 -319.01 436.5 -320.99 436.92 -322.99 437.1 -325
C 1655 1048 1013 2 6.49 5 441 -320.6 439.42 -320.97 438.19 -321.94 437.39 -323.35 437.1 -325
C 1656 1048 1043 0 22 10 441 -320.6 438.56 -320.6 436.11 -320.6 433.67 -320.6 431.22 -320.6 428.78 -320.6 426.33 -320.6 423.89 -320.6 421.44 -320.6 419 -320.6
C 1657 1048 1044 1 15.54 8 441 -320.6 438.58 -320.58 436.08 -320.44 433.67 -320.11 431.52 -319.49 429.78 -318.49 428.62 -317.03 428.2 -315
C 1658 1049 1083 0 10 5 608.2 -245 608.2 -242.5 608.2 -240 608.2 -237.5 608.2 -235
C 1659 1050 1084 0 10 5 604.6 -245 604.6 -242.5 604.6 -240 604.6 -237.5 604.6 -235
C 1660 1051 1017 0 10 5 611.8 -315 611.8 -317.5 611.8 -320 611.8 -322.5 611.8 -325
C 1661 1051 1048 1 15.54 8 611.8 -315 611.38 -317.03 610.22 -318.49 608.48 -319.49 606.33 -320.11 603.92 -320.44 601.42 -320.58 599 -320.6
C 1662 1052 1018 0 10 5 615.4 -315 615.4 -317.5 615.4 -320 615.4 -322.5 615.4 -325
C 1663 1053 1087 0 10 5 -611.8 -165 -611.8 -162.5 -611.8 -160 -611.8 -157.5 -611.8 -155
C 1664 1054 1088 0 10 5 -615.4 -165 -615.4 -162.5 -615.4 -160 -615.4 -157.5 -615.4 -155
C 1665 1055 1021 0 10 5 -608.2 -235 -608.2 -237.5 -608.2 -240 -608.2 -242.5 -608.2 -245
C 1666 1056 1022 0 10 5 -604.6 -235 -604.6 -237.5 -604.6 -240 -604.6 -242.5 -604.6 -245
C 1667 1056 1057 2 7.86 5 -604.6 -235 -604.12 -236.86 -602.84 -238.24 -601.05 -239.1 -599 -239.4
C 1668 1057 1026 1 15.54 8 -441 -239.4 -438.58 -239.42 -436.08 -239.56 -433.67 -239.89 -431.52 -240.51 -429.78 -241.51 -428.62 -242.97 -428.2 -245
C 1669 1057 1059 2 7.86 5 -441 -239.4 -438.95 -239.1 -437.16 -238.24 -435.88 -236.86 -435.4 -235
C 1670 1057 1062 0 22 10 -441 -239.4 -438.56 -239.4 -436.11 -239.4 -433.67 -239.4 -431.22 -239.4 -428.78 -239.4 -426.33 -239.4 -423.89 -239.4 -421.44 -239.4 -419 -239.4
C 1671 1058 1092 0 10 5 -431.8 -165 -431.8 -162.5 -431.8 -160 -431.8 -157.5 -431.8 -155
C 1672 1059 1091 2 7.86 5 -435.4 -165 -435.88 -163.14 -437.16 -161.76 -438.95 -160.9 -441 -160.6
C 1673 1059 1093 0 10 5 -435.4 -165 -435.4 -162.5 -435.4 -160 -435.4 -157.5 -435.4 -155
C 1674 1060 1026 0 10 5 -428.2 -235 -428.2 -237.5 -428.2 -240 -428.2 -242.5 -428.2 -245
C 1675 1061 1027 0 10 5 -424.6 -235 -424.6 -237.5 -424.6 -240 -424.6 -242.5 -424.6 -245
C 1676 1061 1062 2 7.86 5 -424.6 -235 -424.12 -236.86 -422.84 -238.24 -421.05 -239.1 -419 -239.4
C 1677 1062 1031 1 15.54 8 -261 -239.4 -258.58 -239.42 -256.08 -239.56 -253.67 -239.89 -251.52 -240.51 -249.78 -241.51 -248.62 -242.97 -248.2 -245
C 1678 1062 1064 2 7.86 5 -261 -239.4 -258.95 -239.1 -257.16 -238.24 -255.88 -236.86 -255.4 -235
C 1679 1062 1067 0 22 10 -261 -239.4 -258.56 -239.4 -256.11 -239.4 -253.67 -239.4 -251.22 -239.4 -248.78 -239.4 -246.33 -239.4 -243.89 -239.4 -241.44 -239.4 -239 -239.4
C 1680 1063 1097 0 10 5 -251.8 -165 -251.8 -162.5 -251.8 -160 -251.8 -157.5 -251.8 -155
C 1681 1064 1096 2 7.86 5 -255.4 -165 -255.88 -163.14 -257.16 -161.76 -258.95 -160.9 -261 -160.6
C 1682 1064 1098 0 10 5 -255.4 -165 -255.4 -162.5 -255.4 -160 -255.4 -157.5 -255.4 -155
C 1683 1065 1031 0 10 5 -248.2 -235 -248.2 -237.5 -248.2 -240 -248.2 -242.5 -248.2 -245
C 1684 1066 1032 0 10 5 -244.6 -235 -244.6 -237.5 -244.6 -240 -244.6 -242.5 -244.6 -245
C 1685 1066 1067 2 7.86 5 -244.6 -235 -244.12 -236.86 -242.84 -238.24 -241.05 -239.1 -239 -239.4
C 1686 1067 1036 1 15.54 8 -11 -239.4 -8.58 -239.42 -6.08 -239.56 -3.67 -239.89 -1.52 -240.51 0.22 -241.51 1.38 -242.97 1.8 -245
C 1687 1067 1069 2 7.86 5 -11 -239.4 -8.95 -239.1 -7.16 -238.24 -5.88 -236.86 -5.4 -235
C 1688 1067 1072 0 22 10 -11 -239.4 -8.56 -239.4 -6.11 -239.4 -3.67 -239.4 -1.22 -239.4 1.22 -239.4 3.67 -239.4 6.11 -239.4 8.56 -239.4 11 -239.4
C 1689 1068 1102 0 10 5 -1.8 -165 -1.8 -162.5 -1.8 -160 -1.8 -157.5 -1.8 -155
C 1690 1069 1101 2 7.86 5 -5.4 -165 -5.88 -163.14 -7.16 -161.76 -8.95 -160.9 -11 -160.6
C 1691 1069 1103 0 10 5 -5.4 -165 -5.4 -162.5 -5.4 -160 -5.4 -157.5 -5.4 -155
C 1692 1070 1036 0 10 5 1.8 -235 1.8 -237.5 1.8 -240 1.8 -242.5 1.8 -245
C 1693 1071 1037 0 10 5 5.4 -235 5.4 -237.5 5.4 -240 5.4 -242.5 5.4 -245
C 1694 1071 1072 2 7.86 5 5.4 -235 5.88 -236.86 7.16 -238.24 8.95 -239.1 11 -239.4
C 1695 1072 1041 1 15.54 8 239 -239.4 241.42 -239.42 243.92 -239.56 246.33 -239.89 248.48 -240.51 250.22 -241.51 251.38 -242.97 251.8 -245
C 1696 1072 1074 2 7.86 5 239 -239.4 241.05 -239.1 242.84 -238.24 244.12 -236.86 244.6 -235
C 1697 1072 1077 0 22 10 239 -239.4 241.44 -239.4 243.89 -239.4 246.33 -239.4 248.78 -239.4 251.22 -239.4 253.67 -239.4 256.11 -239.4 258.56 -239.4 261 -239.4
C 1698 1073 1107 0 10 5 248.2 -165 248.2 -162.5 248.2 -160 248.2 -157.5 248.2 -155
C 1699 1074 1106 2 7.86 5 244.6 -165 244.12 -163.14 242.84 -161.76 241.05 -160.9 239 -160.6
C 1700 1074 1108 0 10 5 244.6 -165 244.6 -162.5 244.6 -160 244.6 -157.5 244.6 -155
C 1701 1075 1041 0 10 5 251.8 -235 251.8 -237.5 251.8 -240 251.8 -242.5 251.8 -245
C 1702 1076 1042 0 10 5 255.4 -235 255.4 -237.5 255.4 -240 255.4 -242.5 255.4 -245
C 1703 1076 1077 2 7.86 5 255.4 -235 255.88 -236.86 257.16 -238.24 258.95 -239.1 261 -239.4
C 1704 1077 1046 1 15.54 8 419 -239.4 421.42 -239.42 423.92 -239.56 426.33 -239.89 428.48 -240.51 430.22 -241.51 431.38 -242.97 431.8 -245
C 1705 1077 1079 2 7.86 5 419 -239.4 421.05 -239.1 422.84 -238.24 424.12 -236.86 424.6 -235
C 1706 1077 1082 0 22 10 419 -239.4 421.44 -239.4 423.89 -239.4 426.33 -239.4 428.78 -239.4 431.22 -239.4 433.67 -239.4 436.11 -239.4 438.56 -239.4 441 -239.4
C 1707 1078 1111 2 11.3 6 428.2 -165 427.63 -163.02 426.11 -161.73 423.96 -161 421.48 -160.68 419 -160.6
C 1708 1079 1111 2 7.86 5 424.6 -165 424.12 -163.14 422.84 -161.76 421.05 -160.9 419 -160.6
C 1709 1080 1046 0 10 5 431.8 -235 431.8 -237.5 431.8 -240 431.8 -242.5 431.8 -245
C 1710 1081 1047 0 10 5 435.4 -235 435.4 -237.5 435.4 -240 435.4 -242.5 435.4 -245
C 1711 1081 1082 2 7.86 5 435.4 -235 435.88 -236.86 437.16 -238.24 438.95 -239.1 441 -239.4
C 1712 1082 1051 1 15.54 8 599 -239.4 601.42 -239.42 603.92 -239.56 606.33 -239.89 608.48 -240.51 610.22 -241.51 611.38 -242.97 611.8 -245
C 1713 1082 1084 2 7.86 5 599 -239.4 601.05 -239.1 602.84 -238.24 604.12 -236.86 604.6 -235
C 1714 1083 1113 0 10 5 608.2 -165 608.2 -162.5 608.2 -160 608.2 -157.5 608.2 -155
C 1715 1084 1112 2 7.86 5 604.6 -165 604.12 -163.14 602.84 -161.76 601.05 -160.9 599 -160.6
C 1716 1084 1114 0 10 5 604.6 -165 604.6 -162.5 604.6 -160 604.6 -157.5 604.6 -155
C 1717 1085 1051 0 10 5 611.8 -235 611.8 -237.5 611.8 -240 611.8 -242.5 611.8 -245
C 1718 1086 1052 0 10 5 615.4 -235 615.4 -237.5 615.4 -240 615.4 -242.5 615.4 -245
C 1719 1087 1117 0 10 5 -611.8 -85 -611.8 -82.5 -611.8 -80 -611.8 -77.5 -611.8 -75
C 1720 1087 1121 1 15.54 8 -611.8 -85 -611.38 -82.97 -610.22 -81.51 -608.48 -80.51 -606.33 -79.89 -603.92 -79.56 -601.42 -79.42 -599 -79.4
C 1721 1088 1118 0 10 5 -615.4 -85 -615.4 -82.5 -615.4 -80 -615.4 -77.5 -615.4 -75
C 1722 1089 1055 0 10 5 -608.2 -155 -608.2 -157.5 -608.2 -160 -608.2 -162.5 -608.2 -165
C 1723 1090 1056 0 10 5 -604.6 -155 -604.6 -157.5 -604.6 -160 -604.6 -162.5 -604.6 -165
C 1724 1091 1056 2 7.86 5 -599 -160.6 -601.05 -160.9 -602.84 -161.76 -604.12 -163.14 -604.6 -165
C 1725 1091 1087 1 15.54 8 -599 -160.6 -601.42 -160.58 -603.92 -160.44 -606.33 -160.11 -608.48 -159.49 -610.22 -158.49 -611.38 -157.03 -611.8 -155
C 1726 1092 1122 0 10 5 -431.8 -85 -431.8 -82.5 -431.8 -80 -431.8 -77.5 -431.8 -75
C 1727 1092 1126 1 15.54 8 -431.8 -85 -431.38 -82.97 -430.22 -81.51 -428.48 -80.51 -426.33 -79.89 -423.92 -79.56 -421.42 -79.42 -419 -79.4
C 1728 1093 1123 0 10 5 -435.4 -85 -435.4 -82.5 -435.4 -80 -435.4 -77.5 -435.4 -75
C 1729 1094 1060 0 10 5 -428.2 -155 -428.2 -157.5 -428.2 -160 -428.2 -162.5 -428.2 -165
C 1730 1094 1091 1 15.54 8 -428.2 -155 -428.62 -157.03 -429.78 -158.49 -431.52 -159.49 -433.67 -160.11 -436.08 -160.44 -438.58 -160.58 -441 -160.6
C 1731 1095 1061 0 10 5 -424.6 -155 -424.6 -157.5 -424.6 -160 -424.6 -162.5 -424.6 -165
C 1732 1096 1061 2 7.86 5 -419 -160.6 -421.05 -160.9 -422.84 -161.76 -424.12 -163.14 -424.6 -165
C 1733 1096 1091 0 22 10 -419 -160.6 -421.44 -160.6 -423.89 -160.6 -426.33 -160.6 -428.78 -160.6 -431.22 -160.6 -433.67 -160.6 -436.11 -160.6 -438.56 -160.6 -441 -160.6
C 1734 1096 1092 1 15.54 8 -419 -160.6 -421.42 -160.58 -423.92 -160.44 -426.33 -160.11 -428.48 -159.49 -430.22 -158.49 -431.38 -157.03 -431.8 -155
C 1735 1097 1127 0 10 5 -251.8 -85 -251.8 -82.5 -251.8 -80 -251.8 -77.5 -251.8 -75
C 1736 1097 1131 1 15.54 8 -251.8 -85 -251.38 -82.97 -250.22 -81.51 -248.48 -80.51 -246.33 -79.89 -243.92 -79.56 -241.42 -79.42 -239 -79.4
C 1737 1098 1128 0 10 5 -255.4 -85 -255.4 -82.5 -255.4 -80 -255.4 -77.5 -255.4 -75
C 1738 1099 1065 0 10 5 -248.2 -155 -248.2 -157.5 -248.2 -160 -248.2 -162.5 -248.2 -165
C 1739 1099 1096 1 15.54 8 -248.2 -155 -248.62 -157.03 -249.78 -158.49 -251.52 -159.49 -253.67 -160.11 -256.08 -160.44 -258.58 -160.58 -261 -160.6
C 1740 1100 1066 0 10 5 -244.6 -155 -244.6 -157.5 -244.6 -160 -244.6 -162.5 -244.6 -165
C 1741 1101 1066 2 7.86 5 -239 -160.6 -241.05 -160.9 -242.84 -161.76 -244.12 -163.14 -244.6 -165
C 1742 1101 1096 0 22 10 -239 -160.6 -241.44 -160.6 -243.89 -160.6 -246.33 -160.6 -248.78 -160.6 -251.22 -160.6 -253.67 -160.6 -256.11 -160.6 -258.56 -160.6 -261 -160.6
C 1743 1101 1097 1 15.54 8 -239 -160.6 -241.42 -160.58 -243.92 -160.44 -246.33 -160.11 -248.48 -159.49 -250.22 -158.49 -251.38 -157.03 -251.8 -155
C 1744 1102 1132 1 15.54 8 -1.8 -85 -1.38 -82.97 -0.22 -81.51 1.52 -80.51 3.67 -79.89 6.08 -79.56 8.58 -79.42 11 -79.4
C 1745 1103 1132 1 19.32 9 -5.4 -85 -4.97 -82.82 -3.79 -81.27 -1.99 -80.26 0.27 -79.67 2.84 -79.39 5.59 -79.32 8.35 -79.36 11 -79.4
C 1746 1104 1070 0 10 5 1.8 -155 1.8 -157.5 1.8 -160 1.8 -162.5 1.8 -165
C 1747 1104 1101 1 15.54 8 1.8 -155 1.38 -157.03 0.22 -158.49 -1.52 -159.49 -3.67 -160.11 -6.08 -160.44 -8.58 -160.58 -11 -160.6
C 1748 1105 1071 0 10 5 5.4 -155 5.4 -157.5 5.4 -160 5.4 -162.5 5.4 -165
C 1749 1106 1071 2 7.86 5 11 -160.6 8.95 -160.9 7.16 -161.76 5.88 -163.14 5.4 -165
C 1750 1106 1101 0 22 10 11 -160.6 8.56 -160.6 6.11 -160.6 3.67 -160.6 1.22 -160.6 -1.22 -160.6 -3.67 -160.6 -6.11 -160.6 -8.56 -160.6 -11 -160.6
C 1751 1106 1102 1 15.54 8 11 -160.6 8.58 -160.58 6.08 -160.44 3.67 -160.11 1.52 -159.49 -0.22 -158.49 -1.38 -157.03 -1.8 -155
C 1752 1107 1133 0 10 5 248.2 -85 248.2 -82.5 248.2 -80 248.2 -77.5 248.2 -75
C 1753 1107 1137 1 15.54 8 248.2 -85 248.62 -82.97 249.78 -81.51 251.52 -80.51 253.67 -79.89 256.08 -79.56 258.58 -79.42 261 -79.4
C 1754 1108 1134 0 10 5 244.6 -85 244.6 -82.5 244.6 -80 244.6 -77.5 244.6 -75
C 1755 1109 1075 0 10 5 251.8 -155 251.8 -157.5 251.8 -160 251.8 -162.5 251.8 -165
C 1756 1109 1106 1 15.54 8 251.8 -155 251.38 -157.03 250.22 -158.49 248.48 -159.49 246.33 -160.11 243.92 -160.44 241.42 -160.58 239 -160.6
C 1757 1110 1076 0 10 5 255.4 -155 255.4 -157.5 255.4 -160 255.4 -162.5 255.4 -165
C 1758 1111 1076 2 7.86 5 261 -160.6 258.95 -160.9 257.16 -161.76 255.88 -163.14 255.4 -165
C 1759 1111 1106 0 22 10 261 -160.6 258.56 -160.6 256.11 -160.6 253.67 -160.6 251.22 -160.6 248.78 -160.6 246.33 -160.6 243.89 -160.6 241.44 -160.6 239 -160.6
C 1760 1111 1107 1 15.54 8 261 -160.6 258.58 -160.58 256.08 -160.44 253.67 -160.11 251.52 -159.49 249.78 -158.49 248.62 -157.03 248.2 -155
C 1761 1112 1081 2 7.86 5 441 -160.6 438.95 -160.9 437.16 -161.76 435.88 -163.14 435.4 -165
C 1762 1112 1111 0 22 10 441 -160.6 438.56 -160.6 436.11 -160.6 433.67 -160.6 431.22 -160.6 428.78 -160.6 426.33 -160.6 423.89 -160.6 421.44 -160.6 419 -160.6
C 1763 1113 1143 0 10 5 608.2 -85 608.2 -82.5 608.2 -80 608.2 -77.5 608.2 -75
C 1764 1114 1144 0 10 5 604.6 -85 604.6 -82.5 604.6 -80 604.6 -77.5 604.6 -75
C 1765 1115 1085 0 10 5 611.8 -155 611.8 -157.5 611.8 -160 611.8 -162.5 611.8 -165
C 1766 1115 1112 1 15.54 8 611.8 -155 611.38 -157.03 610.22 -158.49 608.48 -159.49 606.33 -160.11 603.92 -160.44 601.42 -160.58 599 -160.6
C 1767 1116 1086 0 10 5 615.4 -155 615.4 -157.5 615.4 -160 615.4 -162.5 615.4 -165
C 1768 1117 1147 0 10 5 -611.8 -5 -611.8 -2.5 -611.8 0 -611.8 2.5 -611.8 5
C 1769 1118 1148 0 10 5 -615.4 -5 -615.4 -2.5 -615.4 0 -615.4 2.5 -615.4 5
C 1770 1119 1089 0 10 5 -608.2 -75 -608.2 -77.5 -608.2 -80 -608.2 -82.5 -608.2 -85
C 1771 1120 1090 0 10 5 -604.6 -75 -604.6 -77.5 -604.6 -80 -604.6 -82.5 -604.6 -85
C 1772 1120 1121 2 7.86 5 -604.6 -75 -604.12 -76.86 -602.84 -78.24 -601.05 -79.1 -599 -79.4
C 1773 1121 1094 1 15.54 8 -441 -79.4 -438.58 -79.42 -436.08 -79.56 -433.67 -79.89 -431.52 -80.51 -429.78 -81.51 -428.62 -82.97 -428.2 -85
C 1774 1121 1123 2 7.86 5 -441 -79.4 -438.95 -79.1 -437.16 -78.24 -435.88 -76.86 -435.4 -75
C 1775 1121 1126 0 22 10 -441 -79.4 -438.56 -79.4 -436.11 -79.4 -433.67 -79.4 -431.22 -79.4 -428.78 -79.4 -426.33 -79.4 -423.89 -79.4 -421.44 -79.4 -419 -79.4
C 1776 1122 1152 0 10 5 -431.8 -5 -431.8 -2.5 -431.8 0 -431.8 2.5 -431.8 5
C 1777 1123 1151 2 7.86 5 -435.4 -5 -435.88 -3.14 -437.16 -1.76 -438.95 -0.9 -441 -0.6
C 1778 1123 1153 0 10 5 -435.4 -5 -435.4 -2.5 -435.4 0 -435.4 2.5 -435.4 5
C 1779 1124 1094 0 10 5 -428.2 -75 -428.2 -77.5 -428.2 -80 -428.2 -82.5 -428.2 -85
C 1780 1125 1095 0 10 5 -424.6 -75 -424.6 -77.5 -424.6 -80 -424.6 -82.5 -424.6 -85
C 1781 1125 1126 2 7.86 5 -424.6 -75 -424.12 -76.86 -422.84 -78.24 -421.05 -79.1 -419 -79.4
C 1782 1126 1099 1 15.54 8 -261 -79.4 -258.58 -79.42 -256.08 -79.56 -253.67 -79.89 -251.52 -80.51 -249.78 -81.51 -248.62 -82.97 -248.2 -85
C 1783 1126 1128 2 7.86 5 -261 -79.4 -258.95 -79.1 -257.16 -78.24 -255.88 -76.86 -255.4 -75
C 1784 1126 1131 0 22 10 -261 -79.4 -258.56 -79.4 -256.11 -79.4 -253.67 -79.4 -251.22 -79.4 -248.78 -79.4 -246.33 -79.4 -243.89 -79.4 -241.44 -79.4 -239 -79.4
C 1785 1127 1157 0 10 5 -251.8 -5 -251.8 -2.5 -251.8 0 -251.8 2.5 -251.8 5
C 1786 1128 1156 2 7.86 5 -255.4 -5 -255.88 -3.14 -257.16 -1.76 -258.95 -0.9 -261 -0.6
C 1787 1128 1158 0 10 5 -255.4 -5 -255.4 -2.5 -255.4 0 -255.4 2.5 -255.4 5
C 1788 1129 1099 0 10 5 -248.2 -75 -248.2 -77.5 -248.2 -80 -248.2 -82.5 -248.2 -85
C 1789 1130 1100 0 10 5 -244.6 -75 -244.6 -77.5 -244.6 -80 -244.6 -82.5 -244.6 -85
C 1790 1130 1131 2 7.86 5 -244.6 -75 -244.12 -76.86 -242.84 -78.24 -241.05 -79.1 -239 -79.4
C 1791 1131 1104 1 15.54 8 -11 -79.4 -8.58 -79.42 -6.08 -79.56 -3.67 -79.89 -1.52 -80.51 0.22 -81.51 1.38 -82.97 1.8 -85
C 1792 1131 1132 0 22 10 -11 -79.4 -8.56 -79.4 -6.11 -79.4 -3.67 -79.4 -1.22 -79.4 1.22 -79.4 3.67 -79.4 6.11 -79.4 8.56 -79.4 11 -79.4
C 1793 1132 1109 1 15.54 8 239 -79.4 241.42 -79.42 243.92 -79.56 246.33 -79.89 248.48 -80.51 250.22 -81.51 251.38 -82.97 251.8 -85
C 1794 1132 1134 2 7.86 5 239 -79.4 241.05 -79.1 242.84 -78.24 244.12 -76.86 244.6 -75
C 1795 1132 1137 0 22 10 239 -79.4 241.44 -79.4 243.89 -79.4 246.33 -79.4 248.78 -79.4 251.22 -79.4 253.67 -79.4 256.11 -79.4 258.56 -79.4 261 -79.4
C 1796 1133 1167 0 10 5 248.2 -5 248.2 -2.5 248.2 0 248.2 2.5 248.2 5
C 1797 1134 1166 2 7.86 5 244.6 -5 244.12 -3.14 242.84 -1.76 241.05 -0.9 239 -0.6
C 1798 1134 1168 0 10 5 244.6 -5 244.6 -2.5 244.6 0 244.6 2.5 244.6 5
C 1799 1135 1109 0 10 5 251.8 -75 251.8 -77.5 251.8 -80 251.8 -82.5 251.8 -85
C 1800 1136 1110 0 10 5 255.4 -75 255.4 -77.5 255.4 -80 255.4 -82.5 255.4 -85
C 1801 1136 1137 2 7.86 5 255.4 -75 255.88 -76.86 257.16 -78.24 258.95 -79.1 261 -79.4
C 1802 1137 1139 2 7.86 5 419 -79.4 421.05 -79.1 422.84 -78.24 424.12 -76.86 424.6 -75
C 1803 1137 1142 0 22 10 419 -79.4 421.44 -79.4 423.89 -79.4 426.33 -79.4 428.78 -79.4 431.22 -79.4 433.67 -79.4 436.11 -79.4 438.56 -79.4 441 -79.4
C 1804 1138 1172 0 10 5 428.2 -5 428.2 -2.5 428.2 0 428.2 2.5 428.2 5
C 1805 1139 1171 2 7.86 5 424.6 -5 424.12 -3.14 422.84 -1.76 421.05 -0.9 419 -0.6
C 1806 1139 1173 0 10 5 424.6 -5 424.6 -2.5 424.6 0 424.6 2.5 424.6 5
C 1807 1140 1142 2 11.3 6 431.8 -75 432.37 -76.98 433.89 -78.27 436.04 -79 438.52 -79.32 441 -79.4
C 1808 1141 1142 2 7.86 5 435.4 -75 435.88 -76.86 437.16 -78.24 438.95 -79.1 441 -79.4
C 1809 1142 1115 1 15.54 8 599 -79.4 601.42 -79.42 603.92 -79.56 606.33 -79.89 608.48 -80.51 610.22 -81.51 611.38 -82.97 611.8 -85
C 1810 1142 1144 2 7.86 5 599 -79.4 601.05 -79.1 602.84 -78.24 604.12 -76.86 604.6 -75
C 1811 1143 1177 0 10 5 608.2 -5 608.2 -2.5 608.2 0 608.2 2.5 608.2 5
C 1812 1144 1176 2 7.86 5 604.6 -5 604.12 -3.14 602.84 -1.76 601.05 -0.9 599 -0.6
C 1813 1144 1178 0 10 5 604.6 -5 604.6 -2.5 604.6 0 604.6 2.5 604.6 5
C 1814 1145 1115 0 10 5 611.8 -75 611.8 -77.5 611.8 -80 611.8 -82.5 611.8 -85
C 1815 1146 1116 0 10 5 615.4 -75 615.4 -77.5 615.4 -80 615.4 -82.5 615.4 -85
C 1816 1147 1181 0 7.5 5 -611.8 76.25 -611.8 78.13 -611.8 80 -611.8 81.88 -611.8 83.75
C 1817 1147 1185 1 14.6 7 -611.8 76.25 -611.21 78.23 -609.62 79.23 -607.31 79.54 -604.59 79.42 -601.72 79.15 -599 79
C 1818 1148 1182 0 7.5 5 -615.4 76.25 -615.4 78.13 -615.4 80 -615.4 81.88 -615.4 83.75
C 1819 1149 1119 0 10 5 -608.2 5 -608.2 2.5 -608.2 0 -608.2 -2.5 -608.2 -5
C 1820 1150 1120 0 10 5 -604.6 5 -604.6 2.5 -604.6 0 -604.6 -2.5 -604.6 -5
C 1821 1151 1120 2 7.86 5 -599 -0.6 -601.05 -0.9 -602.84 -1.76 -604.12 -3.14 -604.6 -5
C 1822 1151 1147 1 15.54 8 -599 -0.6 -601.42 -0.58 -603.92 -0.44 -606.33 -0.11 -608.48 0.51 -610.22 1.51 -611.38 2.97 -611.8 5
C 1823 1152 1186 0 7.5 5 -431.8 76.25 -431.8 78.13 -431.8 80 -431.8 81.88 -431.8 83.75
C 1824 1152 1190 1 14.6 7 -431.8 76.25 -431.21 78.23 -429.62 79.23 -427.31 79.54 -424.59 79.42 -421.72 79.15 -419 79
C 1825 1153 1187 0 7.5 5 -435.4 76.25 -435.4 78.13 -435.4 80 -435.4 81.88 -435.4 83.75
C 1826 1154 1124 0 10 5 -428.2 5 -428.2 2.5 -428.2 0 -428.2 -2.5 -428.2 -5
C 1827 1154 1151 1 15.54 8 -428.2 5 -428.62 2.97 -429.78 1.51 -431.52 0.51 -433.67 -0.11 -436.08 -0.44 -438.58 -0.58 -441 -0.6
C 1828 1155 1125 0 10 5 -424.6 5 -424.6 2.5 -424.6 0 -424.6 -2.5 -424.6 -5
C 1829 1156 1125 2 7.86 5 -419 -0.6 -421.05 -0.9 -422.84 -1.76 -424.12 -3.14 -424.6 -5
C 1830 1156 1151 0 22 10 -419 -0.6 -421.44 -0.6 -423.89 -0.6 -426.33 -0.6 -428.78 -0.6 -431.22 -0.6 -433.67 -0.6 -436.11 -0.6 -438.56 -0.6 -441 -0.6
C 1831 1156 1152 1 15.54 8 -419 -0.6 -421.42 -0.58 -423.92 -0.44 -426.33 -0.11 -428.48 0.51 -430.22 1.51 -431.38 2.97 -431.8 5
C 1832 1157 1191 0 7.5 5 -251.8 76.25 -251.8 78.13 -251.8 80 -251.8 81.88 -251.8 83.75
C 1833 1157 1195 1 14.6 7 -251.8 76.25 -251.21 78.23 -249.62 79.23 -247.31 79.54 -244.59 79.42 -241.72 79.15 -239 79
C 1834 1158 1192 0 7.5 5 -255.4 76.25 -255.4 78.13 -255.4 80 -255.4 81.88 -255.4 83.75
C 1835 1159 1129 0 10 5 -248.2 5 -248.2 2.5 -248.2 0 -248.2 -2.5 -248.2 -5
C 1836 1159 1156 1 15.54 8 -248.2 5 -248.62 2.97 -249.78 1.51 -251.52 0.51 -253.67 -0.11 -256.08 -0.44 -258.58 -0.58 -261 -0.6
C 1837 1160 1130 0 10 5 -244.6 5 -244.6 2.5 -244.6 0 -244.6 -2.5 -244.6 -5
C 1838 1161 1130 2 7.86 5 -239 -0.6 -241.05 -0.9 -242.84 -1.76 -244.12 -3.14 -244.6 -5
C 1839 1161 1156 0 22 10 -239 -0.6 -241.44 -0.6 -243.89 -0.6 -246.33 -0.6 -248.78 -0.6 -251.22 -0.6 -253.67 -0.6 -256.11 -0.6 -258.56 -0.6 -261 -0.6
C 1840 1161 1157 1 15.54 8 -239 -0.6 -241.42 -0.58 -243.92 -0.44 -246.33 -0.11 -248.48 0.51 -250.22 1.51 -251.38 2.97 -251.8 5
C 1841 1162 1196 0 7.5 5 -1.8 76.25 -1.8 78.13 -1.8 80 -1.8 81.88 -1.8 83.75
C 1842 1162 1200 1 14.6 7 -1.8 76.25 -1.21 78.23 0.38 79.23 2.69 79.54 5.41 79.42 8.28 79.15 11 79
C 1843 1163 1197 0 7.5 5 -5.4 76.25 -5.4 78.13 -5.4 80 -5.4 81.88 -5.4 83.75
C 1844 1164 1161 1 15.54 8 1.8 5 1.38 2.97 0.22 1.51 -1.52 0.51 -3.67 -0.11 -6.08 -0.44 -8.58 -0.58 -11 -0.6
C 1845 1165 1161 1 19.32 9 5.4 5 4.97 2.82 3.79 1.27 1.99 0.26 -0.27 -0.33 -2.84 -0.61 -5.59 -0.68 -8.35 -0.64 -11 -0.6
C 1846 1166 1161 0 22 10 11 -0.6 8.56 -0.6 6.11 -0.6 3.67 -0.6 1.22 -0.6 -1.22 -0.6 -3.67 -0.6 -6.11 -0.6 -8.56 -0.6 -11 -0.6
C 1847 1166 1162 1 15.54 8 11 -0.6 8.58 -0.58 6.08 -0.44 3.67 -0.11 1.52 0.51 -0.22 1.51 -1.38 2.97 -1.8 5
C 1848 1167 1201 0 7.5 5 248.2 76.25 248.2 78.13 248.2 80 248.2 81.88 248.2 83.75
C 1849 1167 1205 1 14.6 7 248.2 76.25 248.79 78.23 250.38 79.23 252.69 79.54 255.41 79.42 258.28 79.15 261 79
C 1850 1168 1202 0 7.5 5 244.6 76.25 244.6 78.13 244.6 80 244.6 81.88 244.6 83.75
C 1851 1169 1135 0 10 5 251.8 5 251.8 2.5 251.8 0 251.8 -2.5 251.8 -5
C 1852 1169 1166 1 15.54 8 251.8 5 251.38 2.97 250.22 1.51 248.48 0.51 246.33 -0.11 243.92 -0.44 241.42 -0.58 239 -0.6
C 1853 1170 1136 0 10 5 255.4 5 255.4 2.5 255.4 0 255.4 -2.5 255.4 -5
C 1854 1171 1136 2 7.86 5 261 -0.6 258.95 -0.9 257.16 -1.76 255.88 -3.14 255.4 -5
C 1855 1171 1166 0 22 10 261 -0.6 258.56 -0.6 256.11 -0.6 253.67 -0.6 251.22 -0.6 248.78 -0.6 246.33 -0.6 243.89 -0.6 241.44 -0.6 239 -0.6
C 1856 1171 1167 1 15.54 8 261 -0.6 258.58 -0.58 256.08 -0.44 253.67 -0.11 251.52 0.51 249.78 1.51 248.62 2.97 248.2 5
C 1857 1172 1206 0 7.77 5 428.2 76.25 427.9 78.15 427.25 80 426.6 81.85 426.3 83.75
C 1858 1172 1210 1 14.6 7 428.2 76.25 428.79 78.23 430.38 79.23 432.69 79.54 435.41 79.42 438.28 79.15 441 79
C 1859 1173 1207 0 7.72 5 424.6 76.25 424.33 78.14 423.75 80 423.17 81.86 422.9 83.75
C 1860 1174 1140 0 10 5 431.8 5 431.8 2.5 431.8 0 431.8 -2.5 431.8 -5
C 1861 1174 1171 1 15.54 8 431.8 5 431.38 2.97 430.22 1.51 428.48 0.51 426.33 -0.11 423.92 -0.44 421.42 -0.58 419 -0.6
C 1862 1175 1141 0 10 5 435.4 5 435.4 2.5 435.4 0 435.4 -2.5 435.4 -5
C 1863 1176 1141 2 7.86 5 441 -0.6 438.95 -0.9 437.16 -1.76 435.88 -3.14 435.4 -5
C 1864 1176 1171 0 22 10 441 -0.6 438.56 -0.6 436.11 -0.6 433.67 -0.6 431.22 -0.6 428.78 -0.6 426.33 -0.6 423.89 -0.6 421.44 -0.6 419 -0.6
C 1865 1176 1172 1 15.54 8 441 -0.6 438.58 -0.58 436.08 -0.44 433.67 -0.11 431.52 0.51 429.78 1.51 428.62 2.97 428.2 5
C 1866 1177 1211 0 7.5 5 608.2 76.25 608.2 78.13 608.2 80 608.2 81.88 608.2 83.75
C 1867 1178 1212 0 7.5 5 604.6 76.25 604.6 78.13 604.6 80 604.6 81.88 604.6 83.75
C 1868 1179 1145 0 10 5 611.8 5 611.8 2.5 611.8 0 611.8 -2.5 611.8 -5
C 1869 1179 1176 1 15.54 8 611.8 5 611.38 2.97 610.22 1.51 608.48 0.51 606.33 -0.11 603.92 -0.44 601.42 -0.58 599 -0.6
C 1870 1180 1146 0 10 5 615.4 5 615.4 2.5 615.4 0 615.4 -2.5 615.4 -5
C 1871 1181 1215 0 10 5 -611.8 155 -611.8 157.5 -611.8 160 -611.8 162.5 -611.8 165
C 1872 1182 1216 0 10 5 -615.4 155 -615.4 157.5 -615.4 160 -615.4 162.5 -615.4 165
C 1873 1183 1149 0 7.5 5 -608.2 83.75 -608.2 81.88 -608.2 80 -608.2 78.13 -608.2 76.25
C 1874 1184 1150 0 7.5 5 -604.6 83.75 -604.6 81.88 -604.6 80 -604.6 78.13 -604.6 76.25
C 1875 1184 1185 2 8.1 5 -604.6 83.75 -604.13 81.8 -602.87 80.3 -601.08 79.34 -599 79
C 1876 1185 1154 1 14.6 7 -441 79 -438.28 79.15 -435.41 79.42 -432.69 79.54 -430.38 79.23 -428.79 78.23 -428.2 76.25
C 1877 1185 1187 2 8.1 5 -441 79 -438.92 79.34 -437.13 80.3 -435.87 81.8 -435.4 83.75
C 1878 1185 1190 0 22 10 -441 79 -438.56 79 -436.11 79 -433.67 79 -431.22 79 -428.78 79 -426.33 79 -423.89 79 -421.44 79 -419 79
C 1879 1186 1220 0 10 5 -431.8 155 -431.8 157.5 -431.8 160 -431.8 162.5 -431.8 165
C 1880 1187 1219 2 7.86 5 -435.4 155 -435.88 156.86 -437.16 158.24 -438.95 159.1 -441 159.4
C 1881 1187 1221 0 10 5 -435.4 155 -435.4 157.5 -435.4 160 -435.4 162.5 -435.4 165
C 1882 1188 1154 0 7.5 5 -428.2 83.75 -428.2 81.88 -428.2 80 -428.2 78.13 -428.2 76.25
C 1883 1189 1155 0 7.5 5 -424.6 83.75 -424.6 81.88 -424.6 80 -424.6 78.13 -424.6 76.25
C 1884 1189 1190 2 8.1 5 -424.6 83.75 -424.13 81.8 -422.87 80.3 -421.08 79.34 -419 79
C 1885 1190 1159 1 14.6 7 -261 79 -258.28 79.15 -255.41 79.42 -252.69 79.54 -250.38 79.23 -248.79 78.23 -248.2 76.25
C 1886 1190 1192 2 8.1 5 -261 79 -258.92 79.34 -257.13 80.3 -255.87 81.8 -255.4 83.75
C 1887 1190 1195 0 22 10 -261 79 -258.56 79 -256.11 79 -253.67 79 -251.22 79 -248.78 79 -246.33 79 -243.89 79 -241.44 79 -239 79
C 1888 1191 1225 0 10 5 -251.8 155 -251.8 157.5 -251.8 160 -251.8 162.5 -251.8 165
C 1889 1192 1224 2 7.86 5 -255.4 155 -255.88 156.86 -257.16 158.24 -258.95 159.1 -261 159.4
C 1890 1192 1226 0 10 5 -255.4 155 -255.4 157.5 -255.4 160 -255.4 162.5 -255.4 165
C 1891 1193 1159 0 7.5 5 -248.2 83.75 -248.2 81.88 -248.2 80 -248.2 78.13 -248.2 76.25
C 1892 1194 1160 0 7.5 5 -244.6 83.75 -244.6 81.88 -244.6 80 -244.6 78.13 -244.6 76.25
C 1893 1194 1195 2 8.1 5 -244.6 83.75 -244.13 81.8 -242.87 80.3 -241.08 79.34 -239 79
C 1894 1195 1164 1 14.6 7 -11 79 -8.28 79.15 -5.41 79.42 -2.69 79.54 -0.38 79.23 1.21 78.23 1.8 76.25
C 1895 1195 1197 2 8.1 5 -11 79 -8.92 79.34 -7.13 80.3 -5.87 81.8 -5.4 83.75
C 1896 1195 1200 0 22 10 -11 79 -8.56 79 -6.11 79 -3.67 79 -1.22 79 1.22 79 3.67 79 6.11 79 8.56 79 11 79
C 1897 1196 1230 0 10 5 -1.8 155 -1.8 157.5 -1.8 160 -1.8 162.5 -1.8 165
C 1898 1197 1229 2 7.86 5 -5.4 155 -5.88 156.86 -7.16 158.24 -8.95 159.1 -11 159.4
C 1899 1197 1231 0 10 5 -5.4 155 -5.4 157.5 -5.4 160 -5.4 162.5 -5.4 165
C 1900 1198 1164 0 7.5 5 1.8 83.75 1.8 81.88 1.8 80 1.8 78.13 1.8 76.25
C 1901 1199 1165 0 7.5 5 5.4 83.75 5.4 81.88 5.4 80 5.4 78.13 5.4 76.25
C 1902 1199 1200 2 8.1 5 5.4 83.75 5.87 81.8 7.13 80.3 8.92 79.34 11 79
C 1903 1200 1169 1 14.6 7 239 79 241.72 79.15 244.59 79.42 247.31 79.54 249.62 79.23 251.21 78.23 251.8 76.25
C 1904 1200 1202 2 8.1 5 239 79 241.08 79.34 242.87 80.3 244.13 81.8 244.6 83.75
C 1905 1200 1205 0 22 10 239 79 241.44 79 243.89 79 246.33 79 248.78 79 251.22 79 253.67 79 256.11 79 258.56 79 261 79
C 1906 1201 1235 0 10 5 248.2 155 248.2 157.5 248.2 160 248.2 162.5 248.2 165
C 1907 1202 1234 2 7.86 5 244.6 155 244.12 156.86 242.84 158.24 241.05 159.1 239 159.4
C 1908 1202 1236 0 10 5 244.6 155 244.6 157.5 244.6 160 244.6 162.5 244.6 165
C 1909 1203 1169 0 7.5 5 251.8 83.75 251.8 81.88 251.8 80 251.8 78.13 251.8 76.25
C 1910 1204 1170 0 7.5 5 255.4 83.75 255.4 81.88 255.4 80 255.4 78.13 255.4 76.25
C 1911 1204 1205 2 8.1 5 255.4 83.75 255.87 81.8 257.13 80.3 258.92 79.34 261 79
C 1912 1205 1174 1 14.6 7 419 79 421.72 79.15 424.59 79.42 427.31 79.54 429.62 79.23 431.21 78.23 431.8 76.25
C 1913 1205 1207 2 6.78 5 419 79 420.62 79.41 421.85 80.48 422.63 82 422.9 83.75
C 1914 1205 1210 0 22 10 419 79 421.44 79 423.89 79 426.33 79 428.78 79 431.22 79 433.67 79 436.11 79 438.56 79 441 79
C 1915 1206 1240 0 10 5 426.3 155 426.3 157.5 426.3 160 426.3 162.5 426.3 165
C 1916 1207 1239 2 6.49 5 422.9 155 422.61 156.65 421.81 158.06 420.58 159.03 419 159.4
C 1917 1207 1241 0 10 5 422.9 155 422.9 157.5 422.9 160 422.9 162.5 422.9 165
C 1918 1208 1174 0 7.77 5 433.7 83.75 433.4 81.85 432.75 80 432.1 78.15 431.8 76.25
C 1919 1209 1175 0 7.72 5 437.1 83.75 436.83 81.86 436.25 80 435.67 78.14 435.4 76.25
C 1920 1209 1210 2 6.78 5 437.1 83.75 437.37 82 438.15 80.48 439.38 79.41 441 79
C 1921 1210 1179 1 14.6 7 599 79 601.72 79.15 604.59 79.42 607.31 79.54 609.62 79.23 611.21 78.23 611.8 76.25
C 1922 1210 1212 2 8.1 5 599 79 601.08 79.34 602.87 80.3 604.13 81.8 604.6 83.75
C 1923 1211 1245 0 10 5 608.2 155 608.2 157.5 608.2 160 608.2 162.5 608.2 165
C 1924 1212 1244 2 7.86 5 604.6 155 604.12 156.86 602.84 158.24 601.05 159.1 599 159.4
C 1925 1212 1246 0 10 5 604.6 155 604.6 157.5 604.6 160 604.6 162.5 604.6 165
C 1926 1213 1179 0 7.5 5 611.8 83.75 611.8 81.88 611.8 80 611.8 78.13 611.8 76.25
C 1927 1214 1180 0 7.5 5 615.4 83.75 615.4 81.88 615.4 80 615.4 78.13 615.4 76.25
C 1928 1215 1249 0 10 5 -611.8 235 -611.8 237.5 -611.8 240 -611.8 242.5 -611.8 245
C 1929 1215 1253 1 15.54 8 -611.8 235 -611.38 237.03 -610.22 238.49 -608.48 239.49 -606.33 240.11 -603.92 240.44 -601.42 240.58 -599 240.6
C 1930 1216 1250 0 10 5 -615.4 235 -615.4 237.5 -615.4 240 -615.4 242.5 -615.4 245
C 1931 1217 1183 0 10 5 -608.2 165 -608.2 162.5 -608.2 160 -608.2 157.5 -608.2 155
C 1932 1218 1184 0 10 5 -604.6 165 -604.6 162.5 -604.6 160 -604.6 157.5 -604.6 155
C 1933 1219 1184 2 7.86 5 -599 159.4 -601.05 159.1 -602.84 158.24 -604.12 156.86 -604.6 155
C 1934 1219 1215 1 15.54 8 -599 159.4 -601.42 159.42 -603.92 159.56 -606.33 159.89 -608.48 160.51 -610.22 161.51 -611.38 162.97 -611.8 165
C 1935 1220 1254 0 10 5 -431.8 235 -431.8 237.5 -431.8 240 -431.8 242.5 -431.8 245
C 1936 1220 1258 1 15.54 8 -431.8 235 -431.38 237.03 -430.22 238.49 -428.48 239.49 -426.33 240.11 -423.92 240.44 -421.42 240.58 -419 240.6
C 1937 1221 1255 0 10 5 -435.4 235 -435.4 237.5 -435.4 240 -435.4 242.5 -435.4 245
C 1938 1222 1188 0 10 5 -428.2 165 -428.2 162.5 -428.2 160 -428.2 157.5 -428.2 155
C 1939 1222 1219 1 15.54 8 -428.2 165 -428.62 162.97 -429.78 161.51 -431.52 160.51 -433.67 159.89 -436.08 159.56 -438.58 159.42 -441 159.4
C 1940 1223 1189 0 10 5 -424.6 165 -424.6 162.5 -424.6 160 -424.6 157.5 -424.6 155
C 1941 1224 1189 2 7.86 5 -419 159.4 -421.05 159.1 -422.84 158.24 -424.12 156.86 -424.6 155
C 1942 1224 1219 0 22 10 -419 159.4 -421.44 159.4 -423.89 159.4 -426.33 159.4 -428.78 159.4 -431.22 159.4 -433.67 159.4 -436.11 159.4 -438.56 159.4 -441 159.4
C 1943 1224 1220 1 15.54 8 -419 159.4 -421.42 159.42 -423.92 159.56 -426.33 159.89 -428.48 160.51 -430.22 161.51 -431.38 162.97 -431.8 165
C 1944 1225 1259 0 10 5 -251.8 235 -251.8 237.5 -251.8 240 -251.8 242.5 -251.8 245
C 1945 1225 1263 1 15.54 8 -251.8 235 -251.38 237.03 -250.22 238.49 -248.48 239.49 -246.33 240.11 -243.92 240.44 -241.42 240.58 -239 240.6
C 1946 1226 1260 0 10 5 -255.4 235 -255.4 237.5 -255.4 240 -255.4 242.5 -255.4 245
C 1947 1227 1193 0 10 5 -248.2 165 -248.2 162.5 -248.2 160 -248.2 157.5 -248.2 155
C 1948 1227 1224 1 15.54 8 -248.2 165 -248.62 162.97 -249.78 161.51 -251.52 160.51 -253.67 159.89 -256.08 159.56 -258.58 159.42 -261 159.4
C 1949 1228 1194 0 10 5 -244.6 165 -244.6 162.5 -244.6 160 -244.6 157.5 -244.6 155
C 1950 1229 1194 2 7.86 5 -239 159.4 -241.05 159.1 -242.84 158.24 -244.12 156.86 -244.6 155
C 1951 1229 1224 0 22 10 -239 159.4 -241.44 159.4 -243.89 159.4 -246.33 159.4 -248.78 159.4 -251.22 159.4 -253.67 159.4 -256.11 159.4 -258.56 159.4 -261 159.4
C 1952 1229 1225 1 15.54 8 -239 159.4 -241.42 159.42 -243.92 159.56 -246.33 159.89 -248.48 160.51 -250.22 161.51 -251.38 162.97 -251.8 165
C 1953 1230 1264 0 10 5 -1.8 235 -1.8 237.5 -1.8 240 -1.8 242.5 -1.8 245
C 1954 1230 1268 1 15.54 8 -1.8 235 -1.38 237.03 -0.22 238.49 1.52 239.49 3.67 240.11 6.08 240.44 8.58 240.58 11 240.6
C 1955 1231 1265 0 10 5 -5.4 235 -5.4 237.5 -5.4 240 -5.4 242.5 -5.4 245
C 1956 1232 1198 0 10 5 1.8 165 1.8 162.5 1.8 160 1.8 157.5 1.8 155
C 1957 1232 1229 1 15.54 8 1.8 165 1.38 162.97 0.22 161.51 -1.52 160.51 -3.67 159.89 -6.08 159.56 -8.58 159.42 -11 159.4
C 1958 1233 1199 0 10 5 5.4 165 5.4 162.5 5.4 160 5.4 157.5 5.4 155
C 1959 1234 1199 2 7.86 5 11 159.4 8.95 159.1 7.16 158.24 5.88 156.86 5.4 155
C 1960 1234 1229 0 22 10 11 159.4 8.56 159.4 6.11 159.4 3.67 159.4 1.22 159.4 -1.22 159.4 -3.67 159.4 -6.11 159.4 -8.56 159.4 -11 159.4
C 1961 1234 1230 1 15.54 8 11 159.4 8.58 159.42 6.08 159.56 3.67 159.89 1.52 160.51 -0.22 161.51 -1.38 162.97 -1.8 165
C 1962 1235 1269 0 10 5 248.2 235 248.2 237.5 248.2 240 248.2 242.5 248.2 245
C 1963 1235 1273 1 15.54 8 248.2 235 248.62 237.03 249.78 238.49 251.52 239.49 253.67 240.11 256.08 240.44 258.58 240.58 261 240.6
C 1964 1236 1270 0 10 5 244.6 235 244.6 237.5 244.6 240 244.6 242.5 244.6 245
C 1965 1237 1203 0 10 5 251.8 165 251.8 162.5 251.8 160 251.8 157.5 251.8 155
C 1966 1237 1234 1 15.54 8 251.8 165 251.38 162.97 250.22 161.51 248.48 160.51 246.33 159.89 243.92 159.56 241.42 159.42 239 159.4
C 1967 1238 1204 0 10 5 255.4 165 255.4 162.5 255.4 160 255.4 157.5 255.4 155
C 1968 1239 1204 2 7.86 5 261 159.4 258.95 159.1 257.16 158.24 255.88 156.86 255.4 155
C 1969 1239 1234 0 22 10 261 159.4 258.56 159.4 256.11 159.4 253.67 159.4 251.22 159.4 248.78 159.4 246.33 159.4 243.89 159.4 241.44 159.4 239 159.4
C 1970 1239 1235 1 15.54 8 261 159.4 258.58 159.42 256.08 159.56 253.67 159.89 251.52 160.51 249.78 161.51 248.62 162.97 248.2 165
C 1971 1240 1274 0 10 5 426.3 235 426.3 237.5 426.3 240 426.3 242.5 426.3 245
C 1972 1240 1278 1 17.52 9 426.3 235 426.68 237 427.73 238.46 429.33 239.47 431.35 240.1 433.65 240.45 436.11 240.59 438.61 240.61 441 240.6
C 1973 1241 1275 0 10 5 422.9 235 422.9 237.5 422.9 240 422.9 242.5 422.9 245
C 1974 1242 1208 0 10 5 433.7 165 433.7 162.5 433.7 160 433.7 157.5 433.7 155
C 1975 1242 1239 1 17.52 9 433.7 165 433.32 163 432.27 161.54 430.67 160.53 428.65 159.9 426.35 159.55 423.89 159.41 421.39 159.39 419 159.4
C 1976 1243 1209 0 10 5 437.1 165 437.1 162.5 437.1 160 437.1 157.5 437.1 155
C 1977 1244 1209 2 6.49 5 441 159.4 439.42 159.03 438.19 158.06 437.39 156.65 437.1 155
C 1978 1244 1239 0 22 10 441 159.4 438.56 159.4 436.11 159.4 433.67 159.4 431.22 159.4 428.78 159.4 426.33 159.4 423.89 159.4 421.44 159.4 419 159.4
C 1979 1244 1240 1 17.52 9 441 159.4 438.61 159.39 436.11 159.41 433.65 159.55 431.35 159.9 429.33 160.53 427.73 161.54 426.68 163 426.3 165
C 1980 1245 1279 0 10 5 608.2 235 608.2 237.5 608.2 240 608.2 242.5 608.2 245
C 1981 1246 1280 0 10 5 604.6 235 604.6 237.5 604.6 240 604.6 242.5 604.6 245
C 1982 1247 1213 0 10 5 611.8 165 611.8 162.5 611.8 160 611.8 157.5 611.8 155
C 1983 1247 1244 1 15.54 8 611.8 165 611.38 162.97 610.22 161.51 608.48 160.51 606.33 159.89 603.92 159.56 601.42 159.42 599 159.4
C 1984 1248 1214 0 10 5 615.4 165 615.4 162.5 615.4 160 615.4 157.5 615.4 155
C 1985 1249 1283 0 10 5 -611.8 315 -611.8 317.5 -611.8 320 -611.8 322.5 -611.8 325
C 1986 1250 1284 0 10 5 -615.4 315 -615.4 317.5 -615.4 320 -615.4 322.5 -615.4 325
C 1987 1251 1217 0 10 5 -608.2 245 -608.2 242.5 -608.2 240 -608.2 237.5 -608.2 235
C 1988 1252 1218 0 10 5 -604.6 245 -604.6 242.5 -604.6 240 -604.6 237.5 -604.6 235
C 1989 1252 1253 2 7.86 5 -604.6 245 -604.12 243.14 -602.84 241.76 -601.05 240.9 -599 240.6
C 1990 1253 1222 1 15.54 8 -441 240.6 -438.58 240.58 -436.08 240.44 -433.67 240.11 -431.52 239.49 -429.78 238.49 -428.62 237.03 -428.2 235
C 1991 1253 1255 2 7.86 5 -441 240.6 -438.95 240.9 -437.16 241.76 -435.88 243.14 -435.4 245
C 1992 1253 1258 0 22 10 -441 240.6 -438.56 240.6 -436.11 240.6 -433.67 240.6 -431.22 240.6 -428.78 240.6 -426.33 240.6 -423.89 240.6 -421.44 240.6 -419 240.6
C 1993 1254 1288 0 10 5 -431.8 315 -431.8 317.5 -431.8 320 -431.8 322.5 -431.8 325
C 1994 1255 1287 2 7.86 5 -435.4 315 -435.88 316.86 -437.16 318.24 -438.95 319.1 -441 319.4
C 1995 1255 1289 0 10 5 -435.4 315 -435.4 317.5 -435.4 320 -435.4 322.5 -435.4 325
C 1996 1256 1222 0 10 5 -428.2 245 -428.2 242.5 -428.2 240 -428.2 237.5 -428.2 235
C 1997 1257 1223 0 10 5 -424.6 245 -424.6 242.5 -424.6 240 -424.6 237.5 -424.6 235
C 1998 1257 1258 2 7.86 5 -424.6 245 -424.12 243.14 -422.84 241.76 -421.05 240.9 -419 240.6
C 1999 1258 1227 1 15.54 8 -261 240.6 -258.58 240.58 -256.08 240.44 -253.67 240.11 -251.52 239.49 -249.78 238.49 -248.62 237.03 -248.2 235
C 2000 1258 1260 2 7.86 5 -261 240.6 -258.95 240.9 -257.16 241.76 -255.88 243.14 -255.4 245
C 2001 1258 1263 0 22 10 -261 240.6 -258.56 240.6 -256.11 240.6 -253.67 240.6 -251.22 240.6 -248.78 240.6 -246.33 240.6 -243.89 240.6 -241.44 240.6 -239 240.6
C 2002 1259 1293 0 10 5 -251.8 315 -251.8 317.5 -251.8 320 -251.8 322.5 -251.8 325
C 2003 1260 1292 2 7.86 5 -255.4 315 -255.88 316.86 -257.16 318.24 -258.95 319.1 -261 319.4
C 2004 1260 1294 0 10 5 -255.4 315 -255.4 317.5 -255.4 320 -255.4 322.5 -255.4 325
C 2005 1261 1227 0 10 5 -248.2 245 -248.2 242.5 -248.2 240 -248.2 237.5 -248.2 235
C 2006 1262 1228 0 10 5 -244.6 245 -244.6 242.5 -244.6 240 -244.6 237.5 -244.6 235
C 2007 1262 1263 2 7.86 5 -244.6 245 -244.12 243.14 -242.84 241.76 -241.05 240.9 -239 240.6
C 2008 1263 1232 1 15.54 8 -11 240.6 -8.58 240.58 -6.08 240.44 -3.67 240.11 -1.52 239.49 0.22 238.49 1.38 237.03 1.8 235
C 2009 1263 1265 2 7.86 5 -11 240.6 -8.95 240.9 -7.16 241.76 -5.88 243.14 -5.4 245
C 2010 1263 1268 0 22 10 -11 240.6 -8.56 240.6 -6.11 240.6 -3.67 240.6 -1.22 240.6 1.22 240.6 3.67 240.6 6.11 240.6 8.56 240.6 11 240.6
C 2011 1264 1298 0 10 5 -1.8 315 -1.8 317.5 -1.8 320 -1.8 322.5 -1.8 325
C 2012 1264 2126 0 47.09 20 -1.8 315 -1.67 317.39 -1.28 319.71 -0.67 321.97 0.15 324.16 1.16 326.3 2.33 328.4 3.64 330.45 5.08 332.47 6.61 334.46 8.23 336.42 9.9 338.37 11.61 340.31 13.33 342.25 15.04 344.19 16.73 346.14 18.36 348.1 19.93 350.08 21.39 352.09 22.75 354.13
C 2013 1265 1297 2 7.86 5 -5.4 315 -5.88 316.86 -7.16 318.24 -8.95 319.1 -11 319.4
C 2014 1265 1299 0 10 5 -5.4 315 -5.4 317.5 -5.4 320 -5.4 322.5 -5.4 325
C 2015 1265 2127 0 49.01 21 -5.4 315 -5.28 317.37 -4.93 319.68 -4.36 321.93 -3.61 324.12 -2.67 326.27 -1.59 328.37 -0.36 330.43 0.99 332.46 2.43 334.46 3.96 336.43 5.55 338.39 7.19 340.34 8.85 342.28 10.53 344.21 12.19 346.15 13.82 348.09 15.41 350.05 16.93 352.02 18.36 354.02 19.69 356.04
C 2016 1266 1232 0 10 5 1.8 245 1.8 242.5 1.8 240 1.8 237.5 1.8 235
C 2017 1267 1233 0 10 5 5.4 245 5.4 242.5 5.4 240 5.4 237.5 5.4 235
C 2018 1267 1268 2 7.86 5 5.4 245 5.88 243.14 7.16 241.76 8.95 240.9 11 240.6
C 2019 1268 1237 1 15.54 8 239 240.6 241.42 240.58 243.92 240.44 246.33 240.11 248.48 239.49 250.22 238.49 251.38 237.03 251.8 235
C 2020 1268 1270 2 7.86 5 239 240.6 241.05 240.9 242.84 241.76 244.12 243.14 244.6 245
C 2021 1268 1273 0 22 10 239 240.6 241.44 240.6 243.89 240.6 246.33 240.6 248.78 240.6 251.22 240.6 253.67 240.6 256.11 240.6 258.56 240.6 261 240.6
C 2022 1269 1303 0 10 5 248.2 315 248.2 317.5 248.2 320 248.2 322.5 248.2 325
C 2023 1270 1302 2 7.86 5 244.6 315 244.12 316.86 242.84 318.24 241.05 319.1 239 319.4
C 2024 1270 1304 0 10 5 244.6 315 244.6 317.5 244.6 320 244.6 322.5 244.6 325
C 2025 1271 1237 0 10 5 251.8 245 251.8 242.5 251.8 240 251.8 237.5 251.8 235
C 2026 1272 1238 0 10 5 255.4 245 255.4 242.5 255.4 240 255.4 237.5 255.4 235
C 2027 1272 1273 2 7.86 5 255.4 245 255.88 243.14 257.16 241.76 258.95 240.9 261 240.6
C 2028 1273 1242 1 17.52 9 419 240.6 421.39 240.61 423.89 240.59 426.35 240.45 428.65 240.1 430.67 239.47 432.27 238.46 433.32 237 433.7 235
C 2029 1273 1275 2 6.49 5 419 240.6 420.58 240.97 421.81 241.94 422.61 243.35 422.9 245
C 2030 1273 1278 0 22 10 419 240.6 421.44 240.6 423.89 240.6 426.33 240.6 428.78 240.6 431.22 240.6 433.67 240.6 436.11 240.6 438.56 240.6 441 240.6
C 2031 1274 1308 0 10 5 426.3 315 426.3 317.5 426.3 320 426.3 322.5 426.3 325
C 2032 1275 1307 2 6.49 5 422.9 315 422.61 316.65 421.81 318.06 420.58 319.03 419 319.4
C 2033 1275 1309 0 10 5 422.9 315 422.9 317.5 422.9 320 422.9 322.5 422.9 325
C 2034 1276 1242 0 10 5 433.7 245 433.7 242.5 433.7 240 433.7 237.5 433.7 235
C 2035 1277 1243 0 10 5 437.1 245 437.1 242.5 437.1 240 437.1 237.5 437.1 235
C 2036 1277 1278 2 6.49 5 437.1 245 437.39 243.35 438.19 241.94 439.42 240.97 441 240.6
C 2037 1278 1247 1 15.54 8 599 240.6 601.42 240.58 603.92 240.44 606.33 240.11 608.48 239.49 610.22 238.49 611.38 237.03 611.8 235
C 2038 1278 1280 2 7.86 5 599 240.6 601.05 240.9 602.84 241.76 604.12 243.14 604.6 245
C 2039 1279 1313 0 10 5 608.2 315 608.2 317.5 608.2 320 608.2 322.5 608.2 325
C 2040 1280 1312 2 7.86 5 604.6 315 604.12 316.86 602.84 318.24 601.05 319.1 599 319.4
C 2041 1280 1314 0 10 5 604.6 315 604.6 317.5 604.6 320 604.6 322.5 604.6 325
C 2042 1281 1247 0 10 5 611.8 245 611.8 242.5 611.8 240 611.8 237.5 611.8 235
C 2043 1282 1248 0 10 5 615.4 245 615.4 242.5 615.4 240 615.4 237.5 615.4 235
C 2044 1283 1317 0 10 5 -611.8 395 -611.8 397.5 -611.8 400 -611.8 402.5 -611.8 405
C 2045 1283 1321 1 15.54 8 -611.8 395 -611.38 397.03 -610.22 398.49 -608.48 399.49 -606.33 400.11 -603.92 400.44 -601.42 400.58 -599 400.6
C 2046 1284 1318 0 10 5 -615.4 395 -615.4 397.5 -615.4 400 -615.4 402.5 -615.4 405
C 2047 1285 1251 0 10 5 -608.2 325 -608.2 322.5 -608.2 320 -608.2 317.5 -608.2 315
C 2048 1286 1252 0 10 5 -604.6 325 -604.6 322.5 -604.6 320 -604.6 317.5 -604.6 315
C 2049 1287 1252 2 7.86 5 -599 319.4 -601.05 319.1 -602.84 318.24 -604.12 316.86 -604.6 315
C 2050 1287 1283 1 15.54 8 -599 319.4 -601.42 319.42 -603.92 319.56 -606.33 319.89 -608.48 320.51 -610.22 321.51 -611.38 322.97 -611.8 325
C 2051 1288 1322 0 10 5 -431.8 395 -431.8 397.5 -431.8 400 -431.8 402.5 -431.8 405
C 2052 1288 1326 1 15.54 8 -431.8 395 -431.38 397.03 -430.22 398.49 -428.48 399.49 -426.33 400.11 -423.92 400.44 -421.42 400.58 -419 400.6
C 2053 1289 1323 0 10 5 -435.4 395 -435.4 397.5 -435.4 400 -435.4 402.5 -435.4 405
C 2054 1290 1256 0 10 5 -428.2 325 -428.2 322.5 -428.2 320 -428.2 317.5 -428.2 315
C 2055 1290 1287 1 15.54 8 -428.2 325 -428.62 322.97 -429.78 321.51 -431.52 320.51 -433.67 319.89 -436.08 319.56 -438.58 319.42 -441 319.4
C 2056 1291 1257 0 10 5 -424.6 325 -424.6 322.5 -424.6 320 -424.6 317.5 -424.6 315
C 2057 1292 1257 2 7.86 5 -419 319.4 -421.05 319.1 -422.84 318.24 -424.12 316.86 -424.6 315
C 2058 1292 1287 0 22 10 -419 319.4 -421.44 319.4 -423.89 319.4 -426.33 319.4 -428.78 319.4 -431.22 319.4 -433.67 319.4 -436.11 319.4 -438.56 319.4 -441 319.4
C 2059 1292 1288 1 15.54 8 -419 319.4 -421.42 319.42 -423.92 319.56 -426.33 319.89 -428.48 320.51 -430.22 321.51 -431.38 322.97 -431.8 325
C 2060 1293 1327 0 10 5 -251.8 395 -251.8 397.5 -251.8 400 -251.8 402.5 -251.8 405
C 2061 1293 1331 1 15.54 8 -251.8 395 -251.38 397.03 -250.22 398.49 -248.48 399.49 -246.33 400.11 -243.92 400.44 -241.42 400.58 -239 400.6
C 2062 1294 1328 0 10 5 -255.4 395 -255.4 397.5 -255.4 400 -255.4 402.5 -255.4 405
C 2063 1295 1261 0 10 5 -248.2 325 -248.2 322.5 -248.2 320 -248.2 317.5 -248.2 315
C 2064 1295 1292 1 15.54 8 -248.2 325 -248.62 322.97 -249.78 321.51 -251.52 320.51 -253.67 319.89 -256.08 319.56 -258.58 319.42 -261 319.4
C 2065 1296 1262 0 10 5 -244.6 325 -244.6 322.5 -244.6 320 -244.6 317.5 -244.6 315
C 2066 1297 1262 2 7.86 5 -239 319.4 -241.05 319.1 -242.84 318.24 -244.12 316.86 -244.6 315
C 2067 1297 1292 0 22 10 -239 319.4 -241.44 319.4 -243.89 319.4 -246.33 319.4 -248.78 319.4 -251.22 319.4 -253.67 319.4 -256.11 319.4 -258.56 319.4 -261 319.4
C 2068 1297 1293 1 15.54 8 -239 319.4 -241.42 319.42 -243.92 319.56 -246.33 319.89 -248.48 320.51 -250.22 321.51 -251.38 322.97 -251.8 325
C 2069 1298 1332 0 10 5 -1.8 395 -1.8 397.5 -1.8 400 -1.8 402.5 -1.8 405
C 2070 1298 1336 1 15.54 8 -1.8 395 -1.38 397.03 -0.22 398.49 1.52 399.49 3.67 400.11 6.08 400.44 8.58 400.58 11 400.6
C 2071 1299 1333 0 10 5 -5.4 395 -5.4 397.5 -5.4 400 -5.4 402.5 -5.4 405
C 2072 1300 1266 0 10 5 1.8 325 1.8 322.5 1.8 320 1.8 317.5 1.8 315
C 2073 1300 1297 1 15.54 8 1.8 325 1.38 322.97 0.22 321.51 -1.52 320.51 -3.67 319.89 -6.08 319.56 -8.58 319.42 -11 319.4
C 2074 1301 1267 0 10 5 5.4 325 5.4 322.5 5.4 320 5.4 317.5 5.4 315
C 2075 1302 1267 2 7.86 5 11 319.4 8.95 319.1 7.16 318.24 5.88 316.86 5.4 315
C 2076 1302 1297 0 22 10 11 319.4 8.56 319.4 6.11 319.4 3.67 319.4 1.22 319.4 -1.22 319.4 -3.67 319.4 -6.11 319.4 -8.56 319.4 -11 319.4
C 2077 1302 1298 1 15.54 8 11 319.4 8.58 319.42 6.08 319.56 3.67 319.89 1.52 320.51 -0.22 321.51 -1.38 322.97 -1.8 325
C 2078 1303 1337 0 10 5 248.2 395 248.2 397.5 248.2 400 248.2 402.5 248.2 405
C 2079 1303 1341 1 15.54 8 248.2 395 248.62 397.03 249.78 398.49 251.52 399.49 253.67 400.11 256.08 400.44 258.58 400.58 261 400.6
C 2080 1304 1338 0 10 5 244.6 395 244.6 397.5 244.6 400 244.6 402.5 244.6 405
C 2081 1305 1271 0 10 5 251.8 325 251.8 322.5 251.8 320 251.8 317.5 251.8 315
C 2082 1305 1302 1 15.54 8 251.8 325 251.38 322.97 250.22 321.51 248.48 320.51 246.33 319.89 243.92 319.56 241.42 319.42 239 319.4
C 2083 1306 1272 0 10 5 255.4 325 255.4 322.5 255.4 320 255.4 317.5 255.4 315
C 2084 1307 1272 2 7.86 5 261 319.4 258.95 319.1 257.16 318.24 255.88 316.86 255.4 315
C 2085 1307 1302 0 22 10 261 319.4 258.56 319.4 256.11 319.4 253.67 319.4 251.22 319.4 248.78 319.4 246.33 319.4 243.89 319.4 241.44 319.4 239 319.4
C 2086 1307 1303 1 15.54 8 261 319.4 258.58 319.42 256.08 319.56 253.67 319.89 251.52 320.51 249.78 321.51 248.62 322.97 248.2 325
C 2087 1308 1342 0 10 5 426.3 395 426.3 397.5 426.3 400 426.3 402.5 426.3 405
C 2088 1308 1346 1 17.52 9 426.3 395 426.68 397 427.73 398.46 429.33 399.47 431.35 400.1 433.65 400.45 436.11 400.59 438.61 400.61 441 400.6
C 2089 1309 1343 0 10 5 422.9 395 422.9 397.5 422.9 400 422.9 402.5 422.9 405
C 2090 1310 1276 0 10 5 433.7 325 433.7 322.5 433.7 320 433.7 317.5 433.7 315
C 2091 1310 1307 1 17.52 9 433.7 325 433.32 323 432.27 321.54 430.67 320.53 428.65 319.9 426.35 319.55 423.89 319.41 421.39 319.39 419 319.4
C 2092 1311 1277 0 10 5 437.1 325 437.1 322.5 437.1 320 437.1 317.5 437.1 315
C 2093 1312 1277 2 6.49 5 441 319.4 439.42 319.03 438.19 318.06 437.39 316.65 437.1 315
C 2094 1312 1307 0 22 10 441 319.4 438.56 319.4 436.11 319.4 433.67 319.4 431.22 319.4 428.78 319.4 426.33 319.4 423.89 319.4 421.44 319.4 419 319.4
C 2095 1312 1308 1 17.52 9 441 319.4 438.61 319.39 436.11 319.41 433.65 319.55 431.35 319.9 429.33 320.53 427.73 321.54 426.68 323 426.3 325
C 2096 1313 1347 0 10 5 608.2 395 608.2 397.5 608.2 400 608.2 402.5 608.2 405
C 2097 1314 1348 0 10 5 604.6 395 604.6 397.5 604.6 400 604.6 402.5 604.6 405
C 2098 1315 1281 0 10 5 611.8 325 611.8 322.5 611.8 320 611.8 317.5 611.8 315
C 2099 1315 1312 1 15.54 8 611.8 325 611.38 322.97 610.22 321.51 608.48 320.51 606.33 319.89 603.92 319.56 601.42 319.42 599 319.4
C 2100 1316 1282 0 10 5 615.4 325 615.4 322.5 615.4 320 615.4 317.5 615.4 315
C 2101 1317 1351 0 10 5 -611.8 475 -611.8 477.5 -611.8 480 -611.8 482.5 -611.8 485
C 2102 1318 1352 0 10 5 -615.4 475 -615.4 477.5 -615.4 480 -615.4 482.5 -615.4 485
C 2103 1319 1285 0 10 5 -608.2 405 -608.2 402.5 -608.2 400 -608.2 397.5 -608.2 395
C 2104 1320 1286 0 10 5 -604.6 405 -604.6 402.5 -604.6 400 -604.6 397.5 -604.6 395
C 2105 1320 1321 2 7.86 5 -604.6 405 -604.12 403.14 -602.84 401.76 -601.05 400.9 -599 400.6
C 2106 1321 1290 1 15.54 8 -441 400.6 -438.58 400.58 -436.08 400.44 -433.67 400.11 -431.52 399.49 -429.78 398.49 -428.62 397.03 -428.2 395
C 2107 1321 1323 2 7.86 5 -441 400.6 -438.95 400.9 -437.16 401.76 -435.88 403.14 -435.4 405
C 2108 1321 1326 0 22 10 -441 400.6 -438.56 400.6 -436.11 400.6 -433.67 400.6 -431.22 400.6 -428.78 400.6 -426.33 400.6 -423.89 400.6 -421.44 400.6 -419 400.6
C 2109 1322 1356 0 10 5 -431.8 475 -431.8 477.5 -431.8 480 -431.8 482.5 -431.8 485
C 2110 1323 1355 2 7.86 5 -435.4 475 -435.88 476.86 -437.16 478.24 -438.95 479.1 -441 479.4
C 2111 1323 1357 0 10 5 -435.4 475 -435.4 477.5 -435.4 480 -435.4 482.5 -435.4 485
C 2112 1324 1290 0 10 5 -428.2 405 -428.2 402.5 -428.2 400 -428.2 397.5 -428.2 395
C 2113 1325 1291 0 10 5 -424.6 405 -424.6 402.5 -424.6 400 -424.6 397.5 -424.6 395
C 2114 1325 1326 2 7.86 5 -424.6 405 -424.12 403.14 -422.84 401.76 -421.05 400.9 -419 400.6
C 2115 1326 1295 1 15.54 8 -261 400.6 -258.58 400.58 -256.08 400.44 -253.67 400.11 -251.52 399.49 -249.78 398.49 -248.62 397.03 -248.2 395
C 2116 1326 1328 2 7.86 5 -261 400.6 -258.95 400.9 -257.16 401.76 -255.88 403.14 -255.4 405
C 2117 1326 1331 0 22 10 -261 400.6 -258.56 400.6 -256.11 400.6 -253.67 400.6 -251.22 400.6 -248.78 400.6 -246.33 400.6 -243.89 400.6 -241.44 400.6 -239 400.6
C 2118 1327 1361 0 10 5 -251.8 475 -251.8 477.5 -251.8 480 -251.8 482.5 -251.8 485
C 2119 1328 1360 2 7.86 5 -255.4 475 -255.88 476.86 -257.16 478.24 -258.95 479.1 -261 479.4
C 2120 1328 1362 0 10 5 -255.4 475 -255.4 477.5 -255.4 480 -255.4 482.5 -255.4 485
C 2121 1329 1295 0 10 5 -248.2 405 -248.2 402.5 -248.2 400 -248.2 397.5 -248.2 395
C 2122 1330 1296 0 10 5 -244.6 405 -244.6 402.5 -244.6 400 -244.6 397.5 -244.6 395
C 2123 1330 1331 2 7.86 5 -244.6 405 -244.12 403.14 -242.84 401.76 -241.05 400.9 -239 400.6
C 2124 1331 1300 1 15.54 8 -11 400.6 -8.58 400.58 -6.08 400.44 -3.67 400.11 -1.52 399.49 0.22 398.49 1.38 397.03 1.8 395
C 2125 1331 1333 2 7.86 5 -11 400.6 -8.95 400.9 -7.16 401.76 -5.88 403.14 -5.4 405
C 2126 1331 1336 0 22 10 -11 400.6 -8.56 400.6 -6.11 400.6 -3.67 400.6 -1.22 400.6 1.22 400.6 3.67 400.6 6.11 400.6 8.56 400.6 11 400.6
C 2127 1332 1366 0 10 5 -1.8 475 -1.8 477.5 -1.8 480 -1.8 482.5 -1.8 485
C 2128 1333 1365 2 7.86 5 -5.4 475 -5.88 476.86 -7.16 478.24 -8.95 479.1 -11 479.4
C 2129 1333 1367 0 10 5 -5.4 475 -5.4 477.5 -5.4 480 -5.4 482.5 -5.4 485
C 2130 1334 1300 0 10 5 1.8 405 1.8 402.5 1.8 400 1.8 397.5 1.8 395
C 2131 1335 1301 0 10 5 5.4 405 5.4 402.5 5.4 400 5.4 397.5 5.4 395
C 2132 1335 1336 2 7.86 5 5.4 405 5.88 403.14 7.16 401.76 8.95 400.9 11 400.6
C 2133 1336 1305 1 15.54 8 239 400.6 241.42 400.58 243.92 400.44 246.33 400.11 248.48 399.49 250.22 398.49 251.38 397.03 251.8 395
C 2134 1336 1338 2 7.86 5 239 400.6 241.05 400.9 242.84 401.76 244.12 403.14 244.6 405
C 2135 1336 1341 0 22 10 239 400.6 241.44 400.6 243.89 400.6 246.33 400.6 248.78 400.6 251.22 400.6 253.67 400.6 256.11 400.6 258.56 400.6 261 400.6
C 2136 1337 1371 0 10 5 248.2 475 248.2 477.5 248.2 480 248.2 482.5 248.2 485
C 2137 1338 1370 2 7.86 5 244.6 475 244.12 476.86 242.84 478.24 241.05 479.1 239 479.4
C 2138 1338 1372 0 10 5 244.6 475 244.6 477.5 244.6 480 244.6 482.5 244.6 485
C 2139 1339 1305 0 10 5 251.8 405 251.8 402.5 251.8 400 251.8 397.5 251.8 395
C 2140 1340 1306 0 10 5 255.4 405 255.4 402.5 255.4 400 255.4 397.5 255.4 395
C 2141 1340 1341 2 7.86 5 255.4 405 255.88 403.14 257.16 401.76 258.95 400.9 261 400.6
C 2142 1341 1310 1 17.52 9 419 400.6 421.39 400.61 423.89 400.59 426.35 400.45 428.65 400.1 430.67 399.47 432.27 398.46 433.32 397 433.7 395
C 2143 1341 1343 2 6.49 5 419 400.6 420.58 400.97 421.81 401.94 422.61 403.35 422.9 405
C 2144 1341 1346 0 22 10 419 400.6 421.44 400.6 423.89 400.6 426.33 400.6 428.78 400.6 431.22 400.6 433.67 400.6 436.11 400.6 438.56 400.6 441 400.6
C 2145 1342 1376 0 10 5 426.3 475 426.3 477.5 426.3 480 426.3 482.5 426.3 485
C 2146 1343 1375 2 6.49 5 422.9 475 422.61 476.65 421.81 478.06 420.58 479.03 419 479.4
C 2147 1343 1377 0 10 5 422.9 475 422.9 477.5 422.9 480 422.9 482.5 422.9 485
C 2148 1344 1310 0 10 5 433.7 405 433.7 402.5 433.7 400 433.7 397.5 433.7 395
C 2149 1345 1311 0 10 5 437.1 405 437.1 402.5 437.1 400 437.1 397.5 437.1 395
C 2150 1345 1346 2 6.49 5 437.1 405 437.39 403.35 438.19 401.94 439.42 400.97 441 400.6
C 2151 1346 1315 1 15.54 8 599 400.6 601.42 400.58 603.92 400.44 606.33 400.11 608.48 399.49 610.22 398.49 611.38 397.03 611.8 395
C 2152 1346 1348 2 7.86 5 599 400.6 601.05 400.9 602.84 401.76 604.12 403.14 604.6 405
C 2153 1347 1381 0 10 5 608.2 475 608.2 477.5 608.2 480 608.2 482.5 608.2 485
C 2154 1348 1380 2 7.86 5 604.6 475 604.12 476.86 602.84 478.24 601.05 479.1 599 479.4
C 2155 1348 1382 0 10 5 604.6 475 604.6 477.5 604.6 480 604.6 482.5 604.6 485
C 2156 1349 1315 0 10 5 611.8 405 611.8 402.5 611.8 400 611.8 397.5 611.8 395
C 2157 1350 1316 0 10 5 615.4 405 615.4 402.5 615.4 400 615.4 397.5 615.4 395
C 2158 1351 1385 0 10 5 -611.8 555 -611.8 557.5 -611.8 560 -611.8 562.5 -611.8 565
C 2159 1351 1389 1 15.54 8 -611.8 555 -611.38 557.03 -610.22 558.49 -608.48 559.49 -606.33 560.11 -603.92 560.44 -601.42 560.58 -599 560.6
C 2160 1352 1386 0 10 5 -615.4 555 -615.4 557.5 -615.4 560 -615.4 562.5 -615.4 565
C 2161 1353 1319 0 10 5 -608.2 485 -608.2 482.5 -608.2 480 -608.2 477.5 -608.2 475
C 2162 1354 1320 0 10 5 -604.6 485 -604.6 482.5 -604.6 480 -604.6 477.5 -604.6 475
C 2163 1355 1320 2 7.86 5 -599 479.4 -601.05 479.1 -602.84 478.24 -604.12 476.86 -604.6 475
C 2164 1355 1351 1 15.54 8 -599 479.4 -601.42 479.42 -603.92 479.56 -606.33 479.89 -608.48 480.51 -610.22 481.51 -611.38 482.97 -611.8 485
C 2165 1356 1390 0 10 5 -431.8 555 -431.8 557.5 -431.8 560 -431.8 562.5 -431.8 565
C 2166 1356 1394 1 15.54 8 -431.8 555 -431.38 557.03 -430.22 558.49 -428.48 559.49 -426.33 560.11 -423.92 560.44 -421.42 560.58 -419 560.6
C 2167 1357 1391 0 10 5 -435.4 555 -435.4 557.5 -435.4 560 -435.4 562.5 -435.4 565
C 2168 1358 1324 0 10 5 -428.2 485 -428.2 482.5 -428.2 480 -428.2 477.5 -428.2 475
C 2169 1358 1355 1 15.54 8 -428.2 485 -428.62 482.97 -429.78 481.51 -431.52 480.51 -433.67 479.89 -436.08 479.56 -438.58 479.42 -441 479.4
C 2170 1359 1325 0 10 5 -424.6 485 -424.6 482.5 -424.6 480 -424.6 477.5 -424.6 475
C 2171 1360 1325 2 7.86 5 -419 479.4 -421.05 479.1 -422.84 478.24 -424.12 476.86 -424.6 475
C 2172 1360 1355 0 22 10 -419 479.4 -421.44 479.4 -423.89 479.4 -426.33 479.4 -428.78 479.4 -431.22 479.4 -433.67 479.4 -436.11 479.4 -438.56 479.4 -441 479.4
C 2173 1360 1356 1 15.54 8 -419 479.4 -421.42 479.42 -423.92 479.56 -426.33 479.89 -428.48 480.51 -430.22 481.51 -431.38 482.97 -431.8 485
C 2174 1361 1395 0 10 5 -251.8 555 -251.8 557.5 -251.8 560 -251.8 562.5 -251.8 565
C 2175 1362 1396 0 10 5 -255.4 555 -255.4 557.5 -255.4 560 -255.4 562.5 -255.4 565
C 2176 1363 1329 0 10 5 -248.2 485 -248.2 482.5 -248.2 480 -248.2 477.5 -248.2 475
C 2177 1363 1360 1 15.54 8 -248.2 485 -248.62 482.97 -249.78 481.51 -251.52 480.51 -253.67 479.89 -256.08 479.56 -258.58 479.42 -261 479.4
C 2178 1364 1330 0 10 5 -244.6 485 -244.6 482.5 -244.6 480 -244.6 477.5 -244.6 475
C 2179 1365 1330 2 7.86 5 -239 479.4 -241.05 479.1 -242.84 478.24 -244.12 476.86 -244.6 475
C 2180 1365 1360 0 22 10 -239 479.4 -241.44 479.4 -243.89 479.4 -246.33 479.4 -248.78 479.4 -251.22 479.4 -253.67 479.4 -256.11 479.4 -258.56 479.4 -261 479.4
C 2181 1365 1361 1 15.54 8 -239 479.4 -241.42 479.42 -243.92 479.56 -246.33 479.89 -248.48 480.51 -250.22 481.51 -251.38 482.97 -251.8 485
C 2182 1366 1399 0 10 5 -1.8 555 -1.8 557.5 -1.8 560 -1.8 562.5 -1.8 565
C 2183 1366 1403 1 15.54 8 -1.8 555 -1.38 557.03 -0.22 558.49 1.52 559.49 3.67 560.11 6.08 560.44 8.58 560.58 11 560.6
C 2184 1367 1400 0 10 5 -5.4 555 -5.4 557.5 -5.4 560 -5.4 562.5 -5.4 565
C 2185 1368 1334 0 10 5 1.8 485 1.8 482.5 1.8 480 1.8 477.5 1.8 475
C 2186 1368 1365 1 15.54 8 1.8 485 1.38 482.97 0.22 481.51 -1.52 480.51 -3.67 479.89 -6.08 479.56 -8.58 479.42 -11 479.4
C 2187 1369 1335 0 10 5 5.4 485 5.4 482.5 5.4 480 5.4 477.5 5.4 475
C 2188 1370 1335 2 7.86 5 11 479.4 8.95 479.1 7.16 478.24 5.88 476.86 5.4 475
C 2189 1370 1365 0 22 10 11 479.4 8.56 479.4 6.11 479.4 3.67 479.4 1.22 479.4 -1.22 479.4 -3.67 479.4 -6.11 479.4 -8.56 479.4 -11 479.4
C 2190 1370 1366 1 15.54 8 11 479.4 8.58 479.42 6.08 479.56 3.67 479.89 1.52 480.51 -0.22 481.51 -1.38 482.97 -1.8 485
C 2191 1371 1404 0 10 5 248.2 555 248.2 557.5 248.2 560 248.2 562.5 248.2 565
C 2192 1371 1408 1 15.54 8 248.2 555 248.62 557.03 249.78 558.49 251.52 559.49 253.67 560.11 256.08 560.44 258.58 560.58 261 560.6
C 2193 1372 1405 0 10 5 244.6 555 244.6 557.5 244.6 560 244.6 562.5 244.6 565
C 2194 1373 1339 0 10 5 251.8 485 251.8 482.5 251.8 480 251.8 477.5 251.8 475
C 2195 1373 1370 1 15.54 8 251.8 485 251.38 482.97 250.22 481.51 248.48 480.51 246.33 479.89 243.92 479.56 241.42 479.42 239 479.4
C 2196 1374 1340 0 10 5 255.4 485 255.4 482.5 255.4 480 255.4 477.5 255.4 475
C 2197 1375 1340 2 7.86 5 261 479.4 258.95 479.1 257.16 478.24 255.88 476.86 255.4 475
C 2198 1375 1370 0 22 10 261 479.4 258.56 479.4 256.11 479.4 253.67 479.4 251.22 479.4 248.78 479.4 246.33 479.4 243.89 479.4 241.44 479.4 239 479.4
C 2199 1375 1371 1 15.54 8 261 479.4 258.58 479.42 256.08 479.56 253.67 479.89 251.52 480.51 249.78 481.51 248.62 482.97 248.2 485
C 2200 1376 1409 0 10 5 426.3 555 426.3 557.5 426.3 560 426.3 562.5 426.3 565
C 2201 1376 1413 1 17.52 9 426.3 555 426.68 557 427.73 558.46 429.33 559.47 431.35 560.1 433.65 560.45 436.11 560.59 438.61 560.61 441 560.6
C 2202 1377 1410 0 10 5 422.9 555 422.9 557.5 422.9 560 422.9 562.5 422.9 565
C 2203 1378 1344 0 10 5 433.7 485 433.7 482.5 433.7 480 433.7 477.5 433.7 475
C 2204 1378 1375 1 17.52 9 433.7 485 433.32 483 432.27 481.54 430.67 480.53 428.65 479.9 426.35 479.55 423.89 479.41 421.39 479.39 419 479.4
C 2205 1379 1345 0 10 5 437.1 485 437.1 482.5 437.1 480 437.1 477.5 437.1 475
C 2206 1380 1345 2 6.49 5 441 479.4 439.42 479.03 438.19 478.06 437.39 476.65 437.1 475
C 2207 1380 1375 0 22 10 441 479.4 438.56 479.4 436.11 479.4 433.67 479.4 431.22 479.4 428.78 479.4 426.33 479.4 423.89 479.4 421.44 479.4 419 479.4
C 2208 1380 1376 1 17.52 9 441 479.4 438.61 479.39 436.11 479.41 433.65 479.55 431.35 479.9 429.33 480.53 427.73 481.54 426.68 483 426.3 485
C 2209 1381 1414 0 10 5 608.2 555 608.2 557.5 608.2 560 608.2 562.5 608.2 565
C 2210 1382 1415 0 10 5 604.6 555 604.6 557.5 604.6 560 604.6 562.5 604.6 565
C 2211 1383 1349 0 10 5 611.8 485 611.8 482.5 611.8 480 611.8 477.5 611.8 475
C 2212 1383 1380 1 15.54 8 611.8 485 611.38 482.97 610.22 481.51 608.48 480.51 606.33 479.89 603.92 479.56 601.42 479.42 599 479.4
C 2213 1384 1350 0 10 5 615.4 485 615.4 482.5 615.4 480 615.4 477.5 615.4 475
C 2214 1385 1418 0 10 5 -611.8 635 -611.8 637.5 -611.8 640 -611.8 642.5 -611.8 645
C 2215 1386 1419 0 10 5 -615.4 635 -615.4 637.5 -615.4 640 -615.4 642.5 -615.4 645
C 2216 1387 1353 0 10 5 -608.2 565 -608.2 562.5 -608.2 560 -608.2 557.5 -608.2 555
C 2217 1388 1354 0 10 5 -604.6 565 -604.6 562.5 -604.6 560 -604.6 557.5 -604.6 555
C 2218 1388 1389 2 7.86 5 -604.6 565 -604.12 563.14 -602.84 561.76 -601.05 560.9 -599 560.6
C 2219 1389 1358 1 15.54 8 -441 560.6 -438.58 560.58 -436.08 560.44 -433.67 560.11 -431.52 559.49 -429.78 558.49 -428.62 557.03 -428.2 555
C 2220 1389 1391 2 7.86 5 -441 560.6 -438.95 560.9 -437.16 561.76 -435.88 563.14 -435.4 565
C 2221 1389 1394 0 22 10 -441 560.6 -438.56 560.6 -436.11 560.6 -433.67 560.6 -431.22 560.6 -428.78 560.6 -426.33 560.6 -423.89 560.6 -421.44 560.6 -419 560.6
C 2222 1391 1422 2 7.86 5 -435.4 635 -435.88 636.86 -437.16 638.24 -438.95 639.1 -441 639.4
C 2223 1392 1358 0 10 5 -428.2 565 -428.2 562.5 -428.2 560 -428.2 557.5 -428.2 555
C 2224 1393 1359 0 10 5 -424.6 565 -424.6 562.5 -424.6 560 -424.6 557.5 -424.6 555
C 2225 1393 1394 2 7.86 5 -424.6 565 -424.12 563.14 -422.84 561.76 -421.05 560.9 -419 560.6
C 2226 1394 1363 1 15.54 8 -261 560.6 -258.58 560.58 -256.08 560.44 -253.67 560.11 -251.52 559.49 -249.78 558.49 -248.62 557.03 -248.2 555
C 2227 1394 1396 2 7.86 5 -261 560.6 -258.95 560.9 -257.16 561.76 -255.88 563.14 -255.4 565
C 2228 1396 1423 2 7.86 5 -255.4 635 -255.88 636.86 -257.16 638.24 -258.95 639.1 -261 639.4
C 2229 1397 1363 0 10 5 -248.2 565 -248.2 562.5 -248.2 560 -248.2 557.5 -248.2 555
C 2230 1398 1364 0 10 5 -244.6 565 -244.6 562.5 -244.6 560 -244.6 557.5 -244.6 555
C 2231 1399 1425 0 10 5 -1.8 635 -1.8 637.5 -1.8 640 -1.8 642.5 -1.8 645
C 2232 1400 1424 2 7.86 5 -5.4 635 -5.88 636.86 -7.16 638.24 -8.95 639.1 -11 639.4
C 2233 1400 1426 0 10 5 -5.4 635 -5.4 637.5 -5.4 640 -5.4 642.5 -5.4 645
C 2234 1401 1368 0 10 5 1.8 565 1.8 562.5 1.8 560 1.8 557.5 1.8 555
C 2235 1402 1369 0 10 5 5.4 565 5.4 562.5 5.4 560 5.4 557.5 5.4 555
C 2236 1402 1403 2 7.86 5 5.4 565 5.88 563.14 7.16 561.76 8.95 560.9 11 560.6
C 2237 1403 1373 1 15.54 8 239 560.6 241.42 560.58 243.92 560.44 246.33 560.11 248.48 559.49 250.22 558.49 251.38 557.03 251.8 555
C 2238 1403 1405 2 7.86 5 239 560.6 241.05 560.9 242.84 561.76 244.12 563.14 244.6 565
C 2239 1403 1408 0 22 10 239 560.6 241.44 560.6 243.89 560.6 246.33 560.6 248.78 560.6 251.22 560.6 253.67 560.6 256.11 560.6 258.56 560.6 261 560.6
C 2240 1404 1430 0 10 5 248.2 635 248.2 637.5 248.2 640 248.2 642.5 248.2 645
C 2241 1405 1429 2 7.86 5 244.6 635 244.12 636.86 242.84 638.24 241.05 639.1 239 639.4
C 2242 1405 1431 0 10 5 244.6 635 244.6 637.5 244.6 640 244.6 642.5 244.6 645
C 2243 1406 1373 0 10 5 251.8 565 251.8 562.5 251.8 560 251.8 557.5 251.8 555
C 2244 1407 1374 0 10 5 255.4 565 255.4 562.5 255.4 560 255.4 557.5 255.4 555
C 2245 1407 1408 2 7.86 5 255.4 565 255.88 563.14 257.16 561.76 258.95 560.9 261 560.6
C 2246 1408 1378 1 17.52 9 419 560.6 421.39 560.61 423.89 560.59 426.35 560.45 428.65 560.1 430.67 559.47 432.27 558.46 433.32 557 433.7 555
C 2247 1408 1410 2 6.49 5 419 560.6 420.58 560.97 421.81 561.94 422.61 563.35 422.9 565
C 2248 1408 1413 0 22 10 419 560.6 421.44 560.6 423.89 560.6 426.33 560.6 428.78 560.6 431.22 560.6 433.67 560.6 436.11 560.6 438.56 560.6 441 560.6
C 2249 1409 1435 0 10 5 426.3 635 426.3 637.5 426.3 640 426.3 642.5 426.3 645
C 2250 1410 1434 2 6.49 5 422.9 635 422.61 636.65 421.81 638.06 420.58 639.03 419 639.4
C 2251 1410 1436 0 10 5 422.9 635 422.9 637.5 422.9 640 422.9 642.5 422.9 645
C 2252 1411 1378 0 10 5 433.7 565 433.7 562.5 433.7 560 433.7 557.5 433.7 555
C 2253 1412 1379 0 10 5 437.1 565 437.1 562.5 437.1 560 437.1 557.5 437.1 555
C 2254 1412 1413 2 6.49 5 437.1 565 437.39 563.35 438.19 561.94 439.42 560.97 441 560.6
C 2255 1413 1383 1 15.54 8 599 560.6 601.42 560.58 603.92 560.44 606.33 560.11 608.48 559.49 610.22 558.49 611.38 557.03 611.8 555
C 2256 1413 1415 2 7.86 5 599 560.6 601.05 560.9 602.84 561.76 604.12 563.14 604.6 565
C 2257 1414 1440 0 10 5 608.2 635 608.2 637.5 608.2 640 608.2 642.5 608.2 645
C 2258 1415 1439 2 7.86 5 604.6 635 604.12 636.86 602.84 638.24 601.05 639.1 599 639.4
C 2259 1415 1441 0 10 5 604.6 635 604.6 637.5 604.6 640 604.6 642.5 604.6 645
C 2260 1416 1383 0 10 5 611.8 565 611.8 562.5 611.8 560 611.8 557.5 611.8 555
C 2261 1417 1384 0 10 5 615.4 565 615.4 562.5 615.4 560 615.4 557.5 615.4 555
C 2262 1418 1444 0 10 5 -611.8 715 -611.8 717.5 -611.8 720 -611.8 722.5 -611.8 725
C 2263 1419 1445 0 10 5 -615.4 715 -615.4 717.5 -615.4 720 -615.4 722.5 -615.4 725
C 2264 1420 1387 0 10 5 -608.2 645 -608.2 642.5 -608.2 640 -608.2 637.5 -608.2 635
C 2265 1421 1388 0 10 5 -604.6 645 -604.6 642.5 -604.6 640 -604.6 637.5 -604.6 635
C 2266 1422 1388 2 7.86 5 -599 639.4 -601.05 639.1 -602.84 638.24 -604.12 636.86 -604.6 635
C 2267 1422 1418 1 15.54 8 -599 639.4 -601.42 639.42 -603.92 639.56 -606.33 639.89 -608.48 640.51 -610.22 641.51 -611.38 642.97 -611.8 645
C 2268 1423 1393 2 7.86 5 -419 639.4 -421.05 639.1 -422.84 638.24 -424.12 636.86 -424.6 635
C 2269 1423 1422 0 22 10 -419 639.4 -421.44 639.4 -423.89 639.4 -426.33 639.4 -428.78 639.4 -431.22 639.4 -433.67 639.4 -436.11 639.4 -438.56 639.4 -441 639.4
C 2270 1424 1398 2 7.86 5 -239 639.4 -241.05 639.1 -242.84 638.24 -244.12 636.86 -244.6 635
C 2271 1424 1423 0 22 10 -239 639.4 -241.44 639.4 -243.89 639.4 -246.33 639.4 -248.78 639.4 -251.22 639.4 -253.67 639.4 -256.11 639.4 -258.56 639.4 -261 639.4
C 2272 1425 1448 0 10 5 -1.8 715 -1.8 717.5 -1.8 720 -1.8 722.5 -1.8 725
C 2273 1425 1452 1 15.54 8 -1.8 715 -1.38 717.03 -0.22 718.49 1.52 719.49 3.67 720.11 6.08 720.44 8.58 720.58 11 720.6
C 2274 1426 1449 0 10 5 -5.4 715 -5.4 717.5 -5.4 720 -5.4 722.5 -5.4 725
C 2275 1427 1401 0 10 5 1.8 645 1.8 642.5 1.8 640 1.8 637.5 1.8 635
C 2276 1427 1424 1 15.54 8 1.8 645 1.38 642.97 0.22 641.51 -1.52 640.51 -3.67 639.89 -6.08 639.56 -8.58 639.42 -11 639.4
C 2277 1428 1402 0 10 5 5.4 645 5.4 642.5 5.4 640 5.4 637.5 5.4 635
C 2278 1429 1402 2 7.86 5 11 639.4 8.95 639.1 7.16 638.24 5.88 636.86 5.4 635
C 2279 1429 1424 0 22 10 11 639.4 8.56 639.4 6.11 639.4 3.67 639.4 1.22 639.4 -1.22 639.4 -3.67 639.4 -6.11 639.4 -8.56 639.4 -11 639.4
C 2280 1429 1425 1 15.54 8 11 639.4 8.58 639.42 6.08 639.56 3.67 639.89 1.52 640.51 -0.22 641.51 -1.38 642.97 -1.8 645
C 2281 1430 1453 0 10 5 248.2 715 248.2 717.5 248.2 720 248.2 722.5 248.2 725
C 2282 1430 1457 1 15.54 8 248.2 715 248.62 717.03 249.78 718.49 251.52 719.49 253.67 720.11 256.08 720.44 258.58 720.58 261 720.6
C 2283 1430 2136 0 50.06 22 248.2 715 248.31 717.32 248.62 719.58 249.13 721.79 249.81 723.95 250.65 726.07 251.63 728.15 252.74 730.2 253.96 732.22 255.28 734.22 256.67 736.19 258.13 738.15 259.63 740.09 261.16 742.03 262.71 743.96 264.26 745.9 265.79 747.84 267.28 749.79 268.73 751.75 270.11 753.73 271.41 755.73 272.62 757.76
C 2284 1431 1454 0 10 5 244.6 715 244.6 717.5 244.6 720 244.6 722.5 244.6 725
C 2285 1431 2137 0 51.84 22 244.6 715 244.71 717.4 245.03 719.75 245.54 722.04 246.23 724.29 247.08 726.5 248.07 728.67 249.2 730.81 250.43 732.91 251.77 735 253.18 737.06 254.66 739.1 256.19 741.13 257.75 743.16 259.32 745.17 260.9 747.19 262.46 749.21 263.99 751.24 265.48 753.29 266.9 755.34 268.24 757.42 269.48 759.53
C 2286 1432 1406 0 10 5 251.8 645 251.8 642.5 251.8 640 251.8 637.5 251.8 635
C 2287 1432 1429 1 15.54 8 251.8 645 251.38 642.97 250.22 641.51 248.48 640.51 246.33 639.89 243.92 639.56 241.42 639.42 239 639.4
C 2288 1433 1407 0 10 5 255.4 645 255.4 642.5 255.4 640 255.4 637.5 255.4 635
C 2289 1434 1407 2 7.86 5 261 639.4 258.95 639.1 257.16 638.24 255.88 636.86 255.4 635
C 2290 1434 1429 0 22 10 261 639.4 258.56 639.4 256.11 639.4 253.67 639.4 251.22 639.4 248.78 639.4 246.33 639.4 243.89 639.4 241.44 639.4 239 639.4
C 2291 1434 1430 1 15.54 8 261 639.4 258.58 639.42 256.08 639.56 253.67 639.89 251.52 640.51 249.78 641.51 248.62 642.97 248.2 645
C 2292 1435 1458 0 10 5 426.3 715 426.3 717.5 426.3 720 426.3 722.5 426.3 725
C 2293 1435 1462 1 17.52 9 426.3 715 426.68 717 427.73 718.46 429.33 719.47 431.35 720.1 433.65 720.45 436.11 720.59 438.61 720.61 441 720.6
C 2294 1436 1459 0 10 5 422.9 715 422.9 717.5 422.9 720 422.9 722.5 422.9 725
C 2295 1437 1411 0 10 5 433.7 645 433.7 642.5 433.7 640 433.7 637.5 433.7 635
C 2296 1437 1434 1 17.52 9 433.7 645 433.32 643 432.27 641.54 430.67 640.53 428.65 639.9 426.35 639.55 423.89 639.41 421.39 639.39 419 639.4
C 2297 1438 1412 0 10 5 437.1 645 437.1 642.5 437.1 640 437.1 637.5 437.1 635
C 2298 1439 1412 2 6.49 5 441 639.4 439.42 639.03 438.19 638.06 437.39 636.65 437.1 635
C 2299 1439 1434 0 22 10 441 639.4 438.56 639.4 436.11 639.4 433.67 639.4 431.22 639.4 428.78 639.4 426.33 639.4 423.89 639.4 421.44 639.4 419 639.4
C 2300 1439 1435 1 17.52 9 441 639.4 438.61 639.39 436.11 639.41 433.65 639.55 431.35 639.9 429.33 640.53 427.73 641.54 426.68 643 426.3 645
C 2301 1440 1463 0 10 5 608.2 715 608.2 717.5 608.2 720 608.2 722.5 608.2 725
C 2302 1441 1464 0 10 5 604.6 715 604.6 717.5 604.6 720 604.6 722.5 604.6 725
C 2303 1442 1416 0 10 5 611.8 645 611.8 642.5 611.8 640 611.8 637.5 611.8 635
C 2304 1442 1439 1 15.54 8 611.8 645 611.38 642.97 610.22 641.51 608.48 640.51 606.33 639.89 603.92 639.56 601.42 639.42 599 639.4
C 2305 1443 1417 0 10 5 615.4 645 615.4 642.5 615.4 640 615.4 637.5 615.4 635
C 2306 1444 1467 0 10 5 -611.8 795 -611.8 797.5 -611.8 800 -611.8 802.5 -611.8 805
C 2307 1445 1468 0 10 5 -615.4 795 -615.4 797.5 -615.4 800 -615.4 802.5 -615.4 805
C 2308 1446 1420 0 10 5 -608.2 725 -608.2 722.5 -608.2 720 -608.2 717.5 -608.2 715
C 2309 1447 1421 0 10 5 -604.6 725 -604.6 722.5 -604.6 720 -604.6 717.5 -604.6 715
C 2310 1448 1471 0 10 5 -1.8 795 -1.8 797.5 -1.8 800 -1.8 802.5 -1.8 805
C 2311 1449 1472 0 10 5 -5.4 795 -5.4 797.5 -5.4 800 -5.4 802.5 -5.4 805
C 2312 1450 1427 0 10 5 1.8 725 1.8 722.5 1.8 720 1.8 717.5 1.8 715
C 2313 1451 1428 0 10 5 5.4 725 5.4 722.5 5.4 720 5.4 717.5 5.4 715
C 2314 1451 1452 2 7.86 5 5.4 725 5.88 723.14 7.16 721.76 8.95 720.9 11 720.6
C 2315 1452 1432 1 15.54 8 239 720.6 241.42 720.58 243.92 720.44 246.33 720.11 248.48 719.49 250.22 718.49 251.38 717.03 251.8 715
C 2316 1452 1454 2 7.86 5 239 720.6 241.05 720.9 242.84 721.76 244.12 723.14 244.6 725
C 2317 1452 1457 0 22 10 239 720.6 241.44 720.6 243.89 720.6 246.33 720.6 248.78 720.6 251.22 720.6 253.67 720.6 256.11 720.6 258.56 720.6 261 720.6
C 2318 1452 2137 2 52.69 23 239 720.6 241.52 720.73 243.84 721.13 245.97 721.76 247.93 722.63 249.73 723.71 251.37 724.98 252.89 726.43 254.29 728.06 255.59 729.83 256.79 731.73 257.93 733.76 259 735.89 260.02 738.11 261.01 740.4 261.98 742.75 262.95 745.15 263.93 747.57 264.94 750 265.98 752.42 267.07 754.83 268.24 757.2 269.48 759.53
C 2319 1453 1476 0 10 5 248.2 795 248.2 797.5 248.2 800 248.2 802.5 248.2 805
C 2320 1454 1475 2 7.86 5 244.6 795 244.12 796.86 242.84 798.24 241.05 799.1 239 799.4
C 2321 1454 1477 0 10 5 244.6 795 244.6 797.5 244.6 800 244.6 802.5 244.6 805
C 2322 1455 1432 0 10 5 251.8 725 251.8 722.5 251.8 720 251.8 717.5 251.8 715
C 2323 1456 1433 0 10 5 255.4 725 255.4 722.5 255.4 720 255.4 717.5 255.4 715
C 2324 1456 1457 2 7.86 5 255.4 725 255.88 723.14 257.16 721.76 258.95 720.9 261 720.6
C 2325 1457 1437 1 17.52 9 419 720.6 421.39 720.61 423.89 720.59 426.35 720.45 428.65 720.1 430.67 719.47 432.27 718.46 433.32 717 433.7 715
C 2326 1457 1459 2 6.49 5 419 720.6 420.58 720.97 421.81 721.94 422.61 723.35 422.9 725
C 2327 1457 1462 0 22 10 419 720.6 421.44 720.6 423.89 720.6 426.33 720.6 428.78 720.6 431.22 720.6 433.67 720.6 436.11 720.6 438.56 720.6 441 720.6
C 2328 1458 1481 0 10 5 426.3 795 426.3 797.5 426.3 800 426.3 802.5 426.3 805
C 2329 1459 1480 2 6.49 5 422.9 795 422.61 796.65 421.81 798.06 420.58 799.03 419 799.4
C 2330 1459 1482 0 10 5 422.9 795 422.9 797.5 422.9 800 422.9 802.5 422.9 805
C 2331 1460 1437 0 10 5 433.7 725 433.7 722.5 433.7 720 433.7 717.5 433.7 715
C 2332 1461 1438 0 10 5 437.1 725 437.1 722.5 437.1 720 437.1 717.5 437.1 715
C 2333 1461 1462 2 6.49 5 437.1 725 437.39 723.35 438.19 721.94 439.42 720.97 441 720.6
C 2334 1462 1442 1 15.54 8 599 720.6 601.42 720.58 603.92 720.44 606.33 720.11 608.48 719.49 610.22 718.49 611.38 717.03 611.8 715
C 2335 1462 1464 2 7.86 5 599 720.6 601.05 720.9 602.84 721.76 604.12 723.14 604.6 725
C 2336 1463 1486 0 10 5 608.2 795 608.2 797.5 608.2 800 608.2 802.5 608.2 805
C 2337 1464 1485 2 7.86 5 604.6 795 604.12 796.86 602.84 798.24 601.05 799.1 599 799.4
C 2338 1464 1487 0 10 5 604.6 795 604.6 797.5 604.6 800 604.6 802.5 604.6 805
C 2339 1465 1442 0 10 5 611.8 725 611.8 722.5 611.8 720 611.8 717.5 611.8 715
C 2340 1466 1443 0 10 5 615.4 725 615.4 722.5 615.4 720 615.4 717.5 615.4 715
C 2341 1467 1490 0 10 5 -611.8 875 -611.8 877.5 -611.8 880 -611.8 882.5 -611.8 885
C 2342 1468 1491 0 10 5 -615.4 875 -615.4 877.5 -615.4 880 -615.4 882.5 -615.4 885
C 2343 1469 1446 0 10 5 -608.2 805 -608.2 802.5 -608.2 800 -608.2 797.5 -608.2 795
C 2344 1470 1447 0 10 5 -604.6 805 -604.6 802.5 -604.6 800 -604.6 797.5 -604.6 795
C 2345 1471 1494 0 10 5 -1.8 875 -1.8 877.5 -1.8 880 -1.8 882.5 -1.8 885
C 2346 1471 1498 1 15.54 8 -1.8 875 -1.38 877.03 -0.22 878.49 1.52 879.49 3.67 880.11 6.08 880.44 8.58 880.58 11 880.6
C 2347 1472 1495 0 10 5 -5.4 875 -5.4 877.5 -5.4 880 -5.4 882.5 -5.4 885
C 2348 1473 1450 0 10 5 1.8 805 1.8 802.5 1.8 800 1.8 797.5 1.8 795
C 2349 1474 1451 0 10 5 5.4 805 5.4 802.5 5.4 800 5.4 797.5 5.4 795
C 2350 1475 1451 2 7.86 5 11 799.4 8.95 799.1 7.16 798.24 5.88 796.86 5.4 795
C 2351 1475 1471 1 15.54 8 11 799.4 8.58 799.42 6.08 799.56 3.67 799.89 1.52 800.51 -0.22 801.51 -1.38 802.97 -1.8 805
C 2352 1476 1499 0 10 5 248.2 875 248.2 877.5 248.2 880 248.2 882.5 248.2 885
C 2353 1476 1503 1 15.54 8 248.2 875 248.62 877.03 249.78 878.49 251.52 879.49 253.67 880.11 256.08 880.44 258.58 880.58 261 880.6
C 2354 1477 1500 0 10 5 244.6 875 244.6 877.5 244.6 880 244.6 882.5 244.6 885
C 2355 1478 1455 0 10 5 251.8 805 251.8 802.5 251.8 800 251.8 797.5 251.8 795
C 2356 1478 1475 1 15.54 8 251.8 805 251.38 802.97 250.22 801.51 248.48 800.51 246.33 799.89 243.92 799.56 241.42 799.42 239 799.4
C 2357 1479 1456 0 10 5 255.4 805 255.4 802.5 255.4 800 255.4 797.5 255.4 795
C 2358 1480 1456 2 7.86 5 261 799.4 258.95 799.1 257.16 798.24 255.88 796.86 255.4 795
C 2359 1480 1475 0 22 10 261 799.4 258.56 799.4 256.11 799.4 253.67 799.4 251.22 799.4 248.78 799.4 246.33 799.4 243.89 799.4 241.44 799.4 239 799.4
C 2360 1480 1476 1 15.54 8 261 799.4 258.58 799.42 256.08 799.56 253.67 799.89 251.52 800.51 249.78 801.51 248.62 802.97 248.2 805
C 2361 1481 1504 0 10 5 426.3 875 426.3 877.5 426.3 880 426.3 882.5 426.3 885
C 2362 1481 1508 1 17.52 9 426.3 875 426.68 877 427.73 878.46 429.33 879.47 431.35 880.1 433.65 880.45 436.11 880.59 438.61 880.61 441 880.6
C 2363 1482 1505 0 10 5 422.9 875 422.9 877.5 422.9 880 422.9 882.5 422.9 885
C 2364 1483 1460 0 10 5 433.7 805 433.7 802.5 433.7 800 433.7 797.5 433.7 795
C 2365 1483 1480 1 17.52 9 433.7 805 433.32 803 432.27 801.54 430.67 800.53 428.65 799.9 426.35 799.55 423.89 799.41 421.39 799.39 419 799.4
C 2366 1484 1461 0 10 5 437.1 805 437.1 802.5 437.1 800 437.1 797.5 437.1 795
C 2367 1485 1461 2 6.49 5 441 799.4 439.42 799.03 438.19 798.06 437.39 796.65 437.1 795
C 2368 1485 1480 0 22 10 441 799.4 438.56 799.4 436.11 799.4 433.67 799.4 431.22 799.4 428.78 799.4 426.33 799.4 423.89 799.4 421.44 799.4 419 799.4
C 2369 1485 1481 1 17.52 9 441 799.4 438.61 799.39 436.11 799.41 433.65 799.55 431.35 799.9 429.33 800.53 427.73 801.54 426.68 803 426.3 805
C 2370 1486 1509 0 10 5 608.2 875 608.2 877.5 608.2 880 608.2 882.5 608.2 885
C 2371 1487 1510 0 10 5 604.6 875 604.6 877.5 604.6 880 604.6 882.5 604.6 885
C 2372 1488 1465 0 10 5 611.8 805 611.8 802.5 611.8 800 611.8 797.5 611.8 795
C 2373 1488 1485 1 15.54 8 611.8 805 611.38 802.97 610.22 801.51 608.48 800.51 606.33 799.89 603.92 799.56 601.42 799.42 599 799.4
C 2374 1489 1466 0 10 5 615.4 805 615.4 802.5 615.4 800 615.4 797.5 615.4 795
C 2375 1490 1513 0 10 5 -611.8 955 -611.8 957.5 -611.8 960 -611.8 962.5 -611.8 965
C 2376 1491 1514 0 10 5 -615.4 955 -615.4 957.5 -615.4 960 -615.4 962.5 -615.4 965
C 2377 1492 1469 0 10 5 -608.2 885 -608.2 882.5 -608.2 880 -608.2 877.5 -608.2 875
C 2378 1493 1470 0 10 5 -604.6 885 -604.6 882.5 -604.6 880 -604.6 877.5 -604.6 875
C 2379 1494 1517 0 10 5 -1.8 955 -1.8 957.5 -1.8 960 -1.8 962.5 -1.8 965
C 2380 1495 1518 0 10 5 -5.4 955 -5.4 957.5 -5.4 960 -5.4 962.5 -5.4 965
C 2381 1496 1473 0 10 5 1.8 885 1.8 882.5 1.8 880 1.8 877.5 1.8 875
C 2382 1497 1474 0 10 5 5.4 885 5.4 882.5 5.4 880 5.4 877.5 5.4 875
C 2383 1497 1498 2 7.86 5 5.4 885 5.88 883.14 7.16 881.76 8.95 880.9 11 880.6
C 2384 1498 1478 1 15.54 8 239 880.6 241.42 880.58 243.92 880.44 246.33 880.11 248.48 879.49 250.22 878.49 251.38 877.03 251.8 875
C 2385 1498 1500 2 7.86 5 239 880.6 241.05 880.9 242.84 881.76 244.12 883.14 244.6 885
C 2386 1498 1503 0 22 10 239 880.6 241.44 880.6 243.89 880.6 246.33 880.6 248.78 880.6 251.22 880.6 253.67 880.6 256.11 880.6 258.56 880.6 261 880.6
C 2387 1499 1522 0 10 5 248.2 955 248.2 957.5 248.2 960 248.2 962.5 248.2 965
C 2388 1500 1521 2 7.86 5 244.6 955 244.12 956.86 242.84 958.24 241.05 959.1 239 959.4
C 2389 1500 1523 0 10 5 244.6 955 244.6 957.5 244.6 960 244.6 962.5 244.6 965
C 2390 1501 1478 0 10 5 251.8 885 251.8 882.5 251.8 880 251.8 877.5 251.8 875
C 2391 1502 1479 0 10 5 255.4 885 255.4 882.5 255.4 880 255.4 877.5 255.4 875
C 2392 1502 1503 2 7.86 5 255.4 885 255.88 883.14 257.16 881.76 258.95 880.9 261 880.6
C 2393 1503 1483 1 17.52 9 419 880.6 421.39 880.61 423.89 880.59 426.35 880.45 428.65 880.1 430.67 879.47 432.27 878.46 433.32 877 433.7 875
C 2394 1503 1505 2 6.49 5 419 880.6 420.58 880.97 421.81 881.94 422.61 883.35 422.9 885
C 2395 1503 1508 0 22 10 419 880.6 421.44 880.6 423.89 880.6 426.33 880.6 428.78 880.6 431.22 880.6 433.67 880.6 436.11 880.6 438.56 880.6 441 880.6
C 2396 1504 1527 0 10.21 6 426.3 955 426.5 957.02 426.97 959.01 427.53 960.99 428 962.98 428.2 965
C 2397 1505 1526 2 6.49 5 422.9 955 422.61 956.65 421.81 958.06 420.58 959.03 419 959.4
C 2398 1505 1528 0 10.17 6 422.9 955 423.08 957.01 423.5 959.01 424 960.99 424.42 962.99 424.6 965
C 2399 1506 1483 0 10 5 433.7 885 433.7 882.5 433.7 880 433.7 877.5 433.7 875
C 2400 1507 1484 0 10 5 437.1 885 437.1 882.5 437.1 880 437.1 877.5 437.1 875
C 2401 1507 1508 2 6.49 5 437.1 885 437.39 883.35 438.19 881.94 439.42 880.97 441 880.6
C 2402 1508 1488 1 15.54 8 599 880.6 601.42 880.58 603.92 880.44 606.33 880.11 608.48 879.49 610.22 878.49 611.38 877.03 611.8 875
C 2403 1508 1510 2 7.86 5 599 880.6 601.05 880.9 602.84 881.76 604.12 883.14 604.6 885
C 2404 1509 1532 0 10 5 608.2 955 608.2 957.5 608.2 960 608.2 962.5 608.2 965
C 2405 1510 1531 2 7.86 5 604.6 955 604.12 956.86 602.84 958.24 601.05 959.1 599 959.4
C 2406 1510 1533 0 10 5 604.6 955 604.6 957.5 604.6 960 604.6 962.5 604.6 965
C 2407 1511 1488 0 10 5 611.8 885 611.8 882.5 611.8 880 611.8 877.5 611.8 875
C 2408 1512 1489 0 10 5 615.4 885 615.4 882.5 615.4 880 615.4 877.5 615.4 875
C 2409 1513 1536 0 10 5 -611.8 1035 -611.8 1037.5 -611.8 1040 -611.8 1042.5 -611.8 1045
C 2410 1514 1537 0 10 5 -615.4 1035 -615.4 1037.5 -615.4 1040 -615.4 1042.5 -615.4 1045
C 2411 1515 1492 0 10 5 -608.2 965 -608.2 962.5 -608.2 960 -608.2 957.5 -608.2 955
C 2412 1516 1493 0 10 5 -604.6 965 -604.6 962.5 -604.6 960 -604.6 957.5 -604.6 955
C 2413 1517 1540 0 10 5 -1.8 1035 -1.8 1037.5 -1.8 1040 -1.8 1042.5 -1.8 1045
C 2414 1517 1544 1 15.54 8 -1.8 1035 -1.38 1037.03 -0.22 1038.49 1.52 1039.49 3.67 1040.11 6.08 1040.44 8.58 1040.58 11 1040.6
C 2415 1518 1541 0 10 5 -5.4 1035 -5.4 1037.5 -5.4 1040 -5.4 1042.5 -5.4 1045
C 2416 1519 1496 0 10 5 1.8 965 1.8 962.5 1.8 960 1.8 957.5 1.8 955
C 2417 1520 1497 0 10 5 5.4 965 5.4 962.5 5.4 960 5.4 957.5 5.4 955
C 2418 1521 1497 2 7.86 5 11 959.4 8.95 959.1 7.16 958.24 5.88 956.86 5.4 955
C 2419 1521 1517 1 15.54 8 11 959.4 8.58 959.42 6.08 959.56 3.67 959.89 1.52 960.51 -0.22 961.51 -1.38 962.97 -1.8 965
C 2420 1522 1545 0 10 5 248.2 1035 248.2 1037.5 248.2 1040 248.2 1042.5 248.2 1045
C 2421 1522 1549 1 15.54 8 248.2 1035 248.62 1037.03 249.78 1038.49 251.52 1039.49 253.67 1040.11 256.08 1040.44 258.58 1040.58 261 1040.6
C 2422 1523 1546 0 10 5 244.6 1035 244.6 1037.5 244.6 1040 244.6 1042.5 244.6 1045
C 2423 1524 1501 0 10 5 251.8 965 251.8 962.5 251.8 960 251.8 957.5 251.8 955
C 2424 1524 1521 1 15.54 8 251.8 965 251.38 962.97 250.22 961.51 248.48 960.51 246.33 959.89 243.92 959.56 241.42 959.42 239 959.4
C 2425 1525 1502 0 10 5 255.4 965 255.4 962.5 255.4 960 255.4 957.5 255.4 955
C 2426 1526 1502 2 7.86 5 261 959.4 258.95 959.1 257.16 958.24 255.88 956.86 255.4 955
C 2427 1526 1521 0 22 10 261 959.4 258.56 959.4 256.11 959.4 253.67 959.4 251.22 959.4 248.78 959.4 246.33 959.4 243.89 959.4 241.44 959.4 239 959.4
C 2428 1526 1522 1 15.54 8 261 959.4 258.58 959.42 256.08 959.56 253.67 959.89 251.52 960.51 249.78 961.51 248.62 962.97 248.2 965
C 2429 1527 1550 0 10 5 428.2 1035 428.2 1037.5 428.2 1040 428.2 1042.5 428.2 1045
C 2430 1527 1554 1 15.54 8 428.2 1035 428.62 1037.03 429.78 1038.49 431.52 1039.49 433.67 1040.11 436.08 1040.44 438.58 1040.58 441 1040.6
C 2431 1527 2144 0 48.36 21 428.2 1035 428.12 1037.37 427.89 1039.72 427.51 1042.05 427 1044.35 426.37 1046.63 425.63 1048.89 424.79 1051.13 423.86 1053.35 422.84 1055.55 421.76 1057.74 420.62 1059.91 419.44 1062.06 418.21 1064.21 416.96 1066.34 415.69 1068.46 414.42 1070.57 413.15 1072.67 411.9 1074.77 410.67 1076.85 409.47 1078.94
C 2432 1528 1551 0 10 5 424.6 1035 424.6 1037.5 424.6 1040 424.6 1042.5 424.6 1045
C 2433 1528 2145 0 46.54 20 424.6 1035 424.51 1037.4 424.26 1039.78 423.85 1042.13 423.3 1044.45 422.62 1046.75 421.82 1049.02 420.92 1051.28 419.93 1053.51 418.85 1055.72 417.7 1057.92 416.5 1060.1 415.26 1062.27 413.98 1064.43 412.68 1066.57 411.38 1068.7 410.08 1070.83 408.8 1072.95 407.55 1075.06 406.34 1077.17
C 2434 1529 1506 0 10.21 6 431.8 965 432 962.98 432.47 960.99 433.03 959.01 433.5 957.02 433.7 955
C 2435 1529 1526 1 15.54 8 431.8 965 431.38 962.97 430.22 961.51 428.48 960.51 426.33 959.89 423.92 959.56 421.42 959.42 419 959.4
C 2436 1530 1507 0 10.17 6 435.4 965 435.58 962.99 436 960.99 436.5 959.01 436.92 957.01 437.1 955
C 2437 1531 1507 2 6.49 5 441 959.4 439.42 959.03 438.19 958.06 437.39 956.65 437.1 955
C 2438 1531 1526 0 22 10 441 959.4 438.56 959.4 436.11 959.4 433.67 959.4 431.22 959.4 428.78 959.4 426.33 959.4 423.89 959.4 421.44 959.4 419 959.4
C 2439 1531 1527 1 15.54 8 441 959.4 438.58 959.42 436.08 959.56 433.67 959.89 431.52 960.51 429.78 961.51 428.62 962.97 428.2 965
C 2440 1532 1555 0 10 5 608.2 1035 608.2 1037.5 608.2 1040 608.2 1042.5 608.2 1045
C 2441 1533 1556 0 10 5 604.6 1035 604.6 1037.5 604.6 1040 604.6 1042.5 604.6 1045
C 2442 1534 1511 0 10 5 611.8 965 611.8 962.5 611.8 960 611.8 957.5 611.8 955
C 2443 1534 1531 1 15.54 8 611.8 965 611.38 962.97 610.22 961.51 608.48 960.51 606.33 959.89 603.92 959.56 601.42 959.42 599 959.4
C 2444 1535 1512 0 10 5 615.4 965 615.4 962.5 615.4 960 615.4 957.5 615.4 955
C 2445 1536 1559 0 10 5 -611.8 1115 -611.8 1117.5 -611.8 1120 -611.8 1122.5 -611.8 1125
C 2446 1537 1560 0 10 5 -615.4 1115 -615.4 1117.5 -615.4 1120 -615.4 1122.5 -615.4 1125
C 2447 1538 1515 0 10 5 -608.2 1045 -608.2 1042.5 -608.2 1040 -608.2 1037.5 -608.2 1035
C 2448 1539 1516 0 10 5 -604.6 1045 -604.6 1042.5 -604.6 1040 -604.6 1037.5 -604.6 1035
C 2449 1540 1563 0 10 5 -1.8 1115 -1.8 1117.5 -1.8 1120 -1.8 1122.5 -1.8 1125
C 2450 1541 1564 0 10 5 -5.4 1115 -5.4 1117.5 -5.4 1120 -5.4 1122.5 -5.4 1125
C 2451 1542 1519 0 10 5 1.8 1045 1.8 1042.5 1.8 1040 1.8 1037.5 1.8 1035
C 2452 1543 1520 0 10 5 5.4 1045 5.4 1042.5 5.4 1040 5.4 1037.5 5.4 1035
C 2453 1543 1544 2 7.86 5 5.4 1045 5.88 1043.14 7.16 1041.76 8.95 1040.9 11 1040.6
C 2454 1544 1524 1 15.54 8 239 1040.6 241.42 1040.58 243.92 1040.44 246.33 1040.11 248.48 1039.49 250.22 1038.49 251.38 1037.03 251.8 1035
C 2455 1544 1546 2 7.86 5 239 1040.6 241.05 1040.9 242.84 1041.76 244.12 1043.14 244.6 1045
C 2456 1544 1549 0 22 10 239 1040.6 241.44 1040.6 243.89 1040.6 246.33 1040.6 248.78 1040.6 251.22 1040.6 253.67 1040.6 256.11 1040.6 258.56 1040.6 261 1040.6
C 2457 1545 1568 0 10 5 248.2 1115 248.2 1117.5 248.2 1120 248.2 1122.5 248.2 1125
C 2458 1546 1567 2 7.86 5 244.6 1115 244.12 1116.86 242.84 1118.24 241.05 1119.1 239 1119.4
C 2459 1546 1569 0 10 5 244.6 1115 244.6 1117.5 244.6 1120 244.6 1122.5 244.6 1125
C 2460 1547 1524 0 10 5 251.8 1045 251.8 1042.5 251.8 1040 251.8 1037.5 251.8 1035
C 2461 1548 1525 0 10 5 255.4 1045 255.4 1042.5 255.4 1040 255.4 1037.5 255.4 1035
C 2462 1548 1549 2 7.86 5 255.4 1045 255.88 1043.14 257.16 1041.76 258.95 1040.9 261 1040.6
C 2463 1549 1529 1 15.54 8 419 1040.6 421.42 1040.58 423.92 1040.44 426.33 1040.11 428.48 1039.49 430.22 1038.49 431.38 1037.03 431.8 1035
C 2464 1549 1551 2 7.86 5 419 1040.6 421.05 1040.9 422.84 1041.76 424.12 1043.14 424.6 1045
C 2465 1549 1554 0 22 10 419 1040.6 421.44 1040.6 423.89 1040.6 426.33 1040.6 428.78 1040.6 431.22 1040.6 433.67 1040.6 436.11 1040.6 438.56 1040.6 441 1040.6
C 2466 1549 2145 2 45.18 20 419 1040.6 421.1 1040.79 422.64 1041.34 423.69 1042.22 424.27 1043.4 424.43 1044.85 424.22 1046.55 423.67 1048.45 422.82 1050.54 421.73 1052.78 420.43 1055.15 418.96 1057.61 417.37 1060.14 415.7 1062.7 413.99 1065.27 412.28 1067.81 410.62 1070.31 409.05 1072.72 407.61 1075.02 406.34 1077.17
C 2467 1550 1573 0 10 5 428.2 1115 428.2 1117.5 428.2 1120 428.2 1122.5 428.2 1125
C 2468 1551 1572 2 7.86 5 424.6 1115 424.12 1116.86 422.84 1118.24 421.05 1119.1 419 1119.4
C 2469 1551 1574 0 10 5 424.6 1115 424.6 1117.5 424.6 1120 424.6 1122.5 424.6 1125
C 2470 1552 1529 0 10 5 431.8 1045 431.8 1042.5 431.8 1040 431.8 1037.5 431.8 1035
C 2471 1553 1530 0 10 5 435.4 1045 435.4 1042.5 435.4 1040 435.4 1037.5 435.4 1035
C 2472 1553 1554 2 7.86 5 435.4 1045 435.88 1043.14 437.16 1041.76 438.95 1040.9 441 1040.6
C 2473 1554 1534 1 15.54 8 599 1040.6 601.42 1040.58 603.92 1040.44 606.33 1040.11 608.48 1039.49 610.22 1038.49 611.38 1037.03 611.8 1035
C 2474 1554 1556 2 7.86 5 599 1040.6 601.05 1040.9 602.84 1041.76 604.12 1043.14 604.6 1045
C 2475 1555 1578 0 10 5 608.2 1115 608.2 1117.5 608.2 1120 608.2 1122.5 608.2 1125
C 2476 1556 1577 2 7.86 5 604.6 1115 604.12 1116.86 602.84 1118.24 601.05 1119.1 599 1119.4
C 2477 1556 1579 0 10 5 604.6 1115 604.6 1117.5 604.6 1120 604.6 1122.5 604.6 1125
C 2478 1557 1534 0 10 5 611.8 1045 611.8 1042.5 611.8 1040 611.8 1037.5 611.8 1035
C 2479 1558 1535 0 10 5 615.4 1045 615.4 1042.5 615.4 1040 615.4 1037.5 615.4 1035
C 2480 1559 1582 0 10 5 -611.8 1195 -611.8 1197.5 -611.8 1200 -611.8 1202.5 -611.8 1205
C 2481 1560 1583 0 10 5 -615.4 1195 -615.4 1197.5 -615.4 1200 -615.4 1202.5 -615.4 1205
C 2482 1561 1538 0 10 5 -608.2 1125 -608.2 1122.5 -608.2 1120 -608.2 1117.5 -608.2 1115
C 2483 1562 1539 0 10 5 -604.6 1125 -604.6 1122.5 -604.6 1120 -604.6 1117.5 -604.6 1115
C 2484 1563 1586 0 10 5 -1.8 1195 -1.8 1197.5 -1.8 1200 -1.8 1202.5 -1.8 1205
C 2485 1563 1590 1 15.54 8 -1.8 1195 -1.38 1197.03 -0.22 1198.49 1.52 1199.49 3.67 1200.11 6.08 1200.44 8.58 1200.58 11 1200.6
C 2486 1564 1587 0 10 5 -5.4 1195 -5.4 1197.5 -5.4 1200 -5.4 1202.5 -5.4 1205
C 2487 1565 1542 0 10 5 1.8 1125 1.8 1122.5 1.8 1120 1.8 1117.5 1.8 1115
C 2488 1566 1543 0 10 5 5.4 1125 5.4 1122.5 5.4 1120 5.4 1117.5 5.4 1115
C 2489 1567 1543 2 7.86 5 11 1119.4 8.95 1119.1 7.16 1118.24 5.88 1116.86 5.4 1115
C 2490 1567 1563 1 15.54 8 11 1119.4 8.58 1119.42 6.08 1119.56 3.67 1119.89 1.52 1120.51 -0.22 1121.51 -1.38 1122.97 -1.8 1125
C 2491 1568 1591 0 10 5 248.2 1195 248.2 1197.5 248.2 1200 248.2 1202.5 248.2 1205
C 2492 1568 1595 1 15.54 8 248.2 1195 248.62 1197.03 249.78 1198.49 251.52 1199.49 253.67 1200.11 256.08 1200.44 258.58 1200.58 261 1200.6
C 2493 1569 1592 0 10 5 244.6 1195 244.6 1197.5 244.6 1200 244.6 1202.5 244.6 1205
C 2494 1570 1547 0 10 5 251.8 1125 251.8 1122.5 251.8 1120 251.8 1117.5 251.8 1115
C 2495 1570 1567 1 15.54 8 251.8 1125 251.38 1122.97 250.22 1121.51 248.48 1120.51 246.33 1119.89 243.92 1119.56 241.42 1119.42 239 1119.4
C 2496 1571 1548 0 10 5 255.4 1125 255.4 1122.5 255.4 1120 255.4 1117.5 255.4 1115
C 2497 1572 1548 2 7.86 5 261 1119.4 258.95 1119.1 257.16 1118.24 255.88 1116.86 255.4 1115
C 2498 1572 1567 0 22 10 261 1119.4 258.56 1119.4 256.11 1119.4 253.67 1119.4 251.22 1119.4 248.78 1119.4 246.33 1119.4 243.89 1119.4 241.44 1119.4 239 1119.4
C 2499 1572 1568 1 15.54 8 261 1119.4 258.58 1119.42 256.08 1119.56 253.67 1119.89 251.52 1120.51 249.78 1121.51 248.62 1122.97 248.2 1125
C 2500 1573 1596 0 10 5 428.2 1195 428.2 1197.5 428.2 1200 428.2 1202.5 428.2 1205
C 2501 1573 1600 1 15.54 8 428.2 1195 428.62 1197.03 429.78 1198.49 431.52 1199.49 433.67 1200.11 436.08 1200.44 438.58 1200.58 441 1200.6
C 2502 1574 1597 0 10 5 424.6 1195 424.6 1197.5 424.6 1200 424.6 1202.5 424.6 1205
C 2503 1575 1552 0 10 5 431.8 1125 431.8 1122.5 431.8 1120 431.8 1117.5 431.8 1115
C 2504 1575 1572 1 15.54 8 431.8 1125 431.38 1122.97 430.22 1121.51 428.48 1120.51 426.33 1119.89 423.92 1119.56 421.42 1119.42 419 1119.4
C 2505 1576 1553 0 10 5 435.4 1125 435.4 1122.5 435.4 1120 435.4 1117.5 435.4 1115
C 2506 1577 1553 2 7.86 5 441 1119.4 438.95 1119.1 437.16 1118.24 435.88 1116.86 435.4 1115
C 2507 1577 1572 0 22 10 441 1119.4 438.56 1119.4 436.11 1119.4 433.67 1119.4 431.22 1119.4 428.78 1119.4 426.33 1119.4 423.89 1119.4 421.44 1119.4 419 1119.4
C 2508 1577 1573 1 15.54 8 441 1119.4 438.58 1119.42 436.08 1119.56 433.67 1119.89 431.52 1120.51 429.78 1121.51 428.62 1122.97 428.2 1125
C 2509 1578 1601 0 10 5 608.2 1195 608.2 1197.5 608.2 1200 608.2 1202.5 608.2 1205
C 2510 1579 1602 0 10 5 604.6 1195 604.6 1197.5 604.6 1200 604.6 1202.5 604.6 1205
C 2511 1580 1557 0 10 5 611.8 1125 611.8 1122.5 611.8 1120 611.8 1117.5 611.8 1115
C 2512 1580 1577 1 15.54 8 611.8 1125 611.38 1122.97 610.22 1121.51 608.48 1120.51 606.33 1119.89 603.92 1119.56 601.42 1119.42 599 1119.4
C 2513 1581 1558 0 10 5 615.4 1125 615.4 1122.5 615.4 1120 615.4 1117.5 615.4 1115
C 2514 1582 1605 0 10 5 -611.8 1275 -611.8 1277.5 -611.8 1280 -611.8 1282.5 -611.8 1285
C 2515 1583 1606 0 10 5 -615.4 1275 -615.4 1277.5 -615.4 1280 -615.4 1282.5 -615.4 1285
C 2516 1584 1561 0 10 5 -608.2 1205 -608.2 1202.5 -608.2 1200 -608.2 1197.5 -608.2 1195
C 2517 1585 1562 0 10 5 -604.6 1205 -604.6 1202.5 -604.6 1200 -604.6 1197.5 -604.6 1195
C 2518 1586 1609 0 10 5 -1.8 1275 -1.8 1277.5 -1.8 1280 -1.8 1282.5 -1.8 1285
C 2519 1587 1610 0 10 5 -5.4 1275 -5.4 1277.5 -5.4 1280 -5.4 1282.5 -5.4 1285
C 2520 1588 1565 0 10 5 1.8 1205 1.8 1202.5 1.8 1200 1.8 1197.5 1.8 1195
C 2521 1589 1566 0 10 5 5.4 1205 5.4 1202.5 5.4 1200 5.4 1197.5 5.4 1195
C 2522 1589 1590 2 7.86 5 5.4 1205 5.88 1203.14 7.16 1201.76 8.95 1200.9 11 1200.6
C 2523 1590 1570 1 15.54 8 239 1200.6 241.42 1200.58 243.92 1200.44 246.33 1200.11 248.48 1199.49 250.22 1198.49 251.38 1197.03 251.8 1195
C 2524 1590 1592 2 7.86 5 239 1200.6 241.05 1200.9 242.84 1201.76 244.12 1203.14 244.6 1205
C 2525 1590 1595 0 22 10 239 1200.6 241.44 1200.6 243.89 1200.6 246.33 1200.6 248.78 1200.6 251.22 1200.6 253.67 1200.6 256.11 1200.6 258.56 1200.6 261 1200.6
C 2526 1591 1614 0 10 5 248.2 1275 248.2 1277.5 248.2 1280 248.2 1282.5 248.2 1285
C 2527 1592 1613 2 7.86 5 244.6 1275 244.12 1276.86 242.84 1278.24 241.05 1279.1 239 1279.4
C 2528 1592 1615 0 10 5 244.6 1275 244.6 1277.5 244.6 1280 244.6 1282.5 244.6 1285
C 2529 1593 1570 0 10 5 251.8 1205 251.8 1202.5 251.8 1200 251.8 1197.5 251.8 1195
C 2530 1594 1571 0 10 5 255.4 1205 255.4 1202.5 255.4 1200 255.4 1197.5 255.4 1195
C 2531 1594 1595 2 7.86 5 255.4 1205 255.88 1203.14 257.16 1201.76 258.95 1200.9 261 1200.6
C 2532 1595 1575 1 15.54 8 419 1200.6 421.42 1200.58 423.92 1200.44 426.33 1200.11 428.48 1199.49 430.22 1198.49 431.38 1197.03 431.8 1195
C 2533 1595 1597 2 7.86 5 419 1200.6 421.05 1200.9 422.84 1201.76 424.12 1203.14 424.6 1205
C 2534 1595 1600 0 22 10 419 1200.6 421.44 1200.6 423.89 1200.6 426.33 1200.6 428.78 1200.6 431.22 1200.6 433.67 1200.6 436.11 1200.6 438.56 1200.6 441 1200.6
C 2535 1596 1619 0 10 5 428.2 1275 428.2 1277.5 428.2 1280 428.2 1282.5 428.2 1285
C 2536 1597 1618 2 7.86 5 424.6 1275 424.12 1276.86 422.84 1278.24 421.05 1279.1 419 1279.4
C 2537 1597 1620 0 10 5 424.6 1275 424.6 1277.5 424.6 1280 424.6 1282.5 424.6 1285
C 2538 1598 1575 0 10 5 431.8 1205 431.8 1202.5 431.8 1200 431.8 1197.5 431.8 1195
C 2539 1599 1576 0 10 5 435.4 1205 435.4 1202.5 435.4 1200 435.4 1197.5 435.4 1195
C 2540 1599 1600 2 7.86 5 435.4 1205 435.88 1203.14 437.16 1201.76 438.95 1200.9 441 1200.6
C 2541 1600 1580 1 15.54 8 599 1200.6 601.42 1200.58 603.92 1200.44 606.33 1200.11 608.48 1199.49 610.22 1198.49 611.38 1197.03 611.8 1195
C 2542 1600 1602 2 7.86 5 599 1200.6 601.05 1200.9 602.84 1201.76 604.12 1203.14 604.6 1205
C 2543 1601 1624 0 10 5 608.2 1275 608.2 1277.5 608.2 1280 608.2 1282.5 608.2 1285
C 2544 1602 1623 2 7.86 5 604.6 1275 604.12 1276.86 602.84 1278.24 601.05 1279.1 599 1279.4
C 2545 1602 1625 0 10 5 604.6 1275 604.6 1277.5 604.6 1280 604.6 1282.5 604.6 1285
C 2546 1603 1580 0 10 5 611.8 1205 611.8 1202.5 611.8 1200 611.8 1197.5 611.8 1195
C 2547 1604 1581 0 10 5 615.4 1205 615.4 1202.5 615.4 1200 615.4 1197.5 615.4 1195
C 2548 1605 1628 0 10 5 -611.8 1355 -611.8 1357.5 -611.8 1360 -611.8 1362.5 -611.8 1365
C 2549 1605 1632 1 15.54 8 -611.8 1355 -611.38 1357.03 -610.22 1358.49 -608.48 1359.49 -606.33 1360.11 -603.92 1360.44 -601.42 1360.58 -599 1360.6
C 2550 1606 1629 0 10 5 -615.4 1355 -615.4 1357.5 -615.4 1360 -615.4 1362.5 -615.4 1365
C 2551 1607 1584 0 10 5 -608.2 1285 -608.2 1282.5 -608.2 1280 -608.2 1277.5 -608.2 1275
C 2552 1608 1585 0 10 5 -604.6 1285 -604.6 1282.5 -604.6 1280 -604.6 1277.5 -604.6 1275
C 2553 1609 1643 0 10 5 -1.8 1355 -1.8 1357.5 -1.8 1360 -1.8 1362.5 -1.8 1365
C 2554 1609 1647 1 15.54 8 -1.8 1355 -1.38 1357.03 -0.22 1358.49 1.52 1359.49 3.67 1360.11 6.08 1360.44 8.58 1360.58 11 1360.6
C 2555 1610 1644 0 10 5 -5.4 1355 -5.4 1357.5 -5.4 1360 -5.4 1362.5 -5.4 1365
C 2556 1611 1588 0 10 5 1.8 1285 1.8 1282.5 1.8 1280 1.8 1277.5 1.8 1275
C 2557 1612 1589 0 10 5 5.4 1285 5.4 1282.5 5.4 1280 5.4 1277.5 5.4 1275
C 2558 1613 1589 2 7.86 5 11 1279.4 8.95 1279.1 7.16 1278.24 5.88 1276.86 5.4 1275
C 2559 1613 1609 1 15.54 8 11 1279.4 8.58 1279.42 6.08 1279.56 3.67 1279.89 1.52 1280.51 -0.22 1281.51 -1.38 1282.97 -1.8 1285
C 2560 1614 1648 0 10 5 248.2 1355 248.2 1357.5 248.2 1360 248.2 1362.5 248.2 1365
C 2561 1614 1652 1 15.54 8 248.2 1355 248.62 1357.03 249.78 1358.49 251.52 1359.49 253.67 1360.11 256.08 1360.44 258.58 1360.58 261 1360.6
C 2562 1615 1649 0 10 5 244.6 1355 244.6 1357.5 244.6 1360 244.6 1362.5 244.6 1365
C 2563 1616 1593 0 10 5 251.8 1285 251.8 1282.5 251.8 1280 251.8 1277.5 251.8 1275
C 2564 1616 1613 1 15.54 8 251.8 1285 251.38 1282.97 250.22 1281.51 248.48 1280.51 246.33 1279.89 243.92 1279.56 241.42 1279.42 239 1279.4
C 2565 1617 1594 0 10 5 255.4 1285 255.4 1282.5 255.4 1280 255.4 1277.5 255.4 1275
C 2566 1618 1594 2 7.86 5 261 1279.4 258.95 1279.1 257.16 1278.24 255.88 1276.86 255.4 1275
C 2567 1618 1613 0 22 10 261 1279.4 258.56 1279.4 256.11 1279.4 253.67 1279.4 251.22 1279.4 248.78 1279.4 246.33 1279.4 243.89 1279.4 241.44 1279.4 239 1279.4
C 2568 1618 1614 1 15.54 8 261 1279.4 258.58 1279.42 256.08 1279.56 253.67 1279.89 251.52 1280.51 249.78 1281.51 248.62 1282.97 248.2 1285
C 2569 1619 1653 0 10 5 428.2 1355 428.2 1357.5 428.2 1360 428.2 1362.5 428.2 1365
C 2570 1619 1657 1 15.54 8 428.2 1355 428.62 1357.03 429.78 1358.49 431.52 1359.49 433.67 1360.11 436.08 1360.44 438.58 1360.58 441 1360.6
C 2571 1620 1654 0 10 5 424.6 1355 424.6 1357.5 424.6 1360 424.6 1362.5 424.6 1365
C 2572 1621 1598 0 10 5 431.8 1285 431.8 1282.5 431.8 1280 431.8 1277.5 431.8 1275
C 2573 1621 1618 1 15.54 8 431.8 1285 431.38 1282.97 430.22 1281.51 428.48 1280.51 426.33 1279.89 423.92 1279.56 421.42 1279.42 419 1279.4
C 2574 1622 1599 0 10 5 435.4 1285 435.4 1282.5 435.4 1280 435.4 1277.5 435.4 1275
C 2575 1623 1599 2 7.86 5 441 1279.4 438.95 1279.1 437.16 1278.24 435.88 1276.86 435.4 1275
C 2576 1623 1618 0 22 10 441 1279.4 438.56 1279.4 436.11 1279.4 433.67 1279.4 431.22 1279.4 428.78 1279.4 426.33 1279.4 423.89 1279.4 421.44 1279.4 419 1279.4
C 2577 1623 1619 1 15.54 8 441 1279.4 438.58 1279.42 436.08 1279.56 433.67 1279.89 431.52 1280.51 429.78 1281.51 428.62 1282.97 428.2 1285
C 2578 1624 1658 0 10 5 608.2 1355 608.2 1357.5 608.2 1360 608.2 1362.5 608.2 1365
C 2579 1625 1659 0 10 5 604.6 1355 604.6 1357.5 604.6 1360 604.6 1362.5 604.6 1365
C 2580 1626 1603 0 10 5 611.8 1285 611.8 1282.5 611.8 1280 611.8 1277.5 611.8 1275
C 2581 1626 1623 1 15.54 8 611.8 1285 611.38 1282.97 610.22 1281.51 608.48 1280.51 606.33 1279.89 603.92 1279.56 601.42 1279.42 599 1279.4
C 2582 1627 1604 0 10 5 615.4 1285 615.4 1282.5 615.4 1280 615.4 1277.5 615.4 1275
C 2583 1628 1662 0 10 5 -611.8 1435 -611.8 1437.5 -611.8 1440 -611.8 1442.5 -611.8 1445
C 2584 1629 1663 0 10 5 -615.4 1435 -615.4 1437.5 -615.4 1440 -615.4 1442.5 -615.4 1445
C 2585 1630 1607 0 10 5 -608.2 1365 -608.2 1362.5 -608.2 1360 -608.2 1357.5 -608.2 1355
C 2586 1631 1608 0 10 5 -604.6 1365 -604.6 1362.5 -604.6 1360 -604.6 1357.5 -604.6 1355
C 2587 1631 1632 2 7.86 5 -604.6 1365 -604.12 1363.14 -602.84 1361.76 -601.05 1360.9 -599 1360.6
C 2588 1632 1634 2 7.86 5 -441 1360.6 -438.95 1360.9 -437.16 1361.76 -435.88 1363.14 -435.4 1365
C 2589 1632 1637 0 22 10 -441 1360.6 -438.56 1360.6 -436.11 1360.6 -433.67 1360.6 -431.22 1360.6 -428.78 1360.6 -426.33 1360.6 -423.89 1360.6 -421.44 1360.6 -419 1360.6
C 2590 1633 1667 0 10 5 -431.8 1435 -431.8 1437.5 -431.8 1440 -431.8 1442.5 -431.8 1445
C 2591 1634 1666 2 7.86 5 -435.4 1435 -435.88 1436.86 -437.16 1438.24 -438.95 1439.1 -441 1439.4
C 2592 1634 1668 0 10 5 -435.4 1435 -435.4 1437.5 -435.4 1440 -435.4 1442.5 -435.4 1445
C 2593 1635 1637 2 11.3 6 -428.2 1365 -427.63 1363.02 -426.11 1361.73 -423.96 1361 -421.48 1360.68 -419 1360.6
C 2594 1636 1637 2 7.86 5 -424.6 1365 -424.12 1363.14 -422.84 1361.76 -421.05 1360.9 -419 1360.6
C 2595 1637 1639 2 7.86 5 -261 1360.6 -258.95 1360.9 -257.16 1361.76 -255.88 1363.14 -255.4 1365
C 2596 1637 1642 0 22 10 -261 1360.6 -258.56 1360.6 -256.11 1360.6 -253.67 1360.6 -251.22 1360.6 -248.78 1360.6 -246.33 1360.6 -243.89 1360.6 -241.44 1360.6 -239 1360.6
C 2597 1638 1672 0 10 5 -251.8 1435 -251.8 1437.5 -251.8 1440 -251.8 1442.5 -251.8 1445
C 2598 1639 1671 2 7.86 5 -255.4 1435 -255.88 1436.86 -257.16 1438.24 -258.95 1439.1 -261 1439.4
C 2599 1639 1673 0 10 5 -255.4 1435 -255.4 1437.5 -255.4 1440 -255.4 1442.5 -255.4 1445
C 2600 1640 1642 2 11.3 6 -248.2 1365 -247.63 1363.02 -246.11 1361.73 -243.96 1361 -241.48 1360.68 -239 1360.6
C 2601 1641 1642 2 7.86 5 -244.6 1365 -244.12 1363.14 -242.84 1361.76 -241.05 1360.9 -239 1360.6
C 2602 1642 1611 1 15.54 8 -11 1360.6 -8.58 1360.58 -6.08 1360.44 -3.67 1360.11 -1.52 1359.49 0.22 1358.49 1.38 1357.03 1.8 1355
C 2603 1642 1644 2 7.86 5 -11 1360.6 -8.95 1360.9 -7.16 1361.76 -5.88 1363.14 -5.4 1365
C 2604 1642 1647 0 22 10 -11 1360.6 -8.56 1360.6 -6.11 1360.6 -3.67 1360.6 -1.22 1360.6 1.22 1360.6 3.67 1360.6 6.11 1360.6 8.56 1360.6 11 1360.6
C 2605 1643 1677 0 10 5 -1.8 1435 -1.8 1437.5 -1.8 1440 -1.8 1442.5 -1.8 1445
C 2606 1644 1676 2 7.86 5 -5.4 1435 -5.88 1436.86 -7.16 1438.24 -8.95 1439.1 -11 1439.4
C 2607 1644 1678 0 10 5 -5.4 1435 -5.4 1437.5 -5.4 1440 -5.4 1442.5 -5.4 1445
C 2608 1645 1611 0 10 5 1.8 1365 1.8 1362.5 1.8 1360 1.8 1357.5 1.8 1355
C 2609 1646 1612 0 10 5 5.4 1365 5.4 1362.5 5.4 1360 5.4 1357.5 5.4 1355
C 2610 1646 1647 2 7.86 5 5.4 1365 5.88 1363.14 7.16 1361.76 8.95 1360.9 11 1360.6
C 2611 1647 1616 1 15.54 8 239 1360.6 241.42 1360.58 243.92 1360.44 246.33 1360.11 248.48 1359.49 250.22 1358.49 251.38 1357.03 251.8 1355
C 2612 1647 1649 2 7.86 5 239 1360.6 241.05 1360.9 242.84 1361.76 244.12 1363.14 244.6 1365
C 2613 1647 1652 0 22 10 239 1360.6 241.44 1360.6 243.89 1360.6 246.33 1360.6 248.78 1360.6 251.22 1360.6 253.67 1360.6 256.11 1360.6 258.56 1360.6 261 1360.6
C 2614 1648 1682 0 10 5 248.2 1435 248.2 1437.5 248.2 1440 248.2 1442.5 248.2 1445
C 2615 1648 2152 0 25.13 12 248.2 1435 247.88 1436.12 246.99 1435.8 245.65 1434.34 243.98 1432.08 242.08 1429.33 240.07 1426.41 238.06 1423.64 236.17 1421.34 234.52 1419.84 233.2 1419.45 232.35 1420.49
C 2616 1649 1681 2 7.86 5 244.6 1435 244.12 1436.86 242.84 1438.24 241.05 1439.1 239 1439.4
C 2617 1649 1683 0 10 5 244.6 1435 244.6 1437.5 244.6 1440 244.6 1442.5 244.6 1445
C 2618 1649 2153 0 25.9 12 244.6 1435 244.28 1436.14 243.41 1435.76 242.09 1434.2 240.44 1431.8 238.57 1428.88 236.58 1425.79 234.6 1422.85 232.73 1420.41 231.09 1418.8 229.78 1418.36 228.92 1419.42
C 2619 1650 1616 0 10 5 251.8 1365 251.8 1362.5 251.8 1360 251.8 1357.5 251.8 1355
C 2620 1651 1617 0 10 5 255.4 1365 255.4 1362.5 255.4 1360 255.4 1357.5 255.4 1355
C 2621 1651 1652 2 7.86 5 255.4 1365 255.88 1363.14 257.16 1361.76 258.95 1360.9 261 1360.6
C 2622 1652 1621 1 15.54 8 419 1360.6 421.42 1360.58 423.92 1360.44 426.33 1360.11 428.48 1359.49 430.22 1358.49 431.38 1357.03 431.8 1355
C 2623 1652 1654 2 7.86 5 419 1360.6 421.05 1360.9 422.84 1361.76 424.12 1363.14 424.6 1365
C 2624 1652 1657 0 22 10 419 1360.6 421.44 1360.6 423.89 1360.6 426.33 1360.6 428.78 1360.6 431.22 1360.6 433.67 1360.6 436.11 1360.6 438.56 1360.6 441 1360.6
C 2625 1653 1687 0 10 5 428.2 1435 428.2 1437.5 428.2 1440 428.2 1442.5 428.2 1445
C 2626 1654 1686 2 7.86 5 424.6 1435 424.12 1436.86 422.84 1438.24 421.05 1439.1 419 1439.4
C 2627 1654 1688 0 10 5 424.6 1435 424.6 1437.5 424.6 1440 424.6 1442.5 424.6 1445
C 2628 1655 1621 0 10 5 431.8 1365 431.8 1362.5 431.8 1360 431.8 1357.5 431.8 1355
C 2629 1656 1622 0 10 5 435.4 1365 435.4 1362.5 435.4 1360 435.4 1357.5 435.4 1355
C 2630 1656 1657 2 7.86 5 435.4 1365 435.88 1363.14 437.16 1361.76 438.95 1360.9 441 1360.6
C 2631 1657 1626 1 15.54 8 599 1360.6 601.42 1360.58 603.92 1360.44 606.33 1360.11 608.48 1359.49 610.22 1358.49 611.38 1357.03 611.8 1355
C 2632 1657 1659 2 7.86 5 599 1360.6 601.05 1360.9 602.84 1361.76 604.12 1363.14 604.6 1365
C 2633 1658 1692 0 10 5 608.2 1435 608.2 1437.5 608.2 1440 608.2 1442.5 608.2 1445
C 2634 1659 1691 2 7.86 5 604.6 1435 604.12 1436.86 602.84 1438.24 601.05 1439.1 599 1439.4
C 2635 1659 1693 0 10 5 604.6 1435 604.6 1437.5 604.6 1440 604.6 1442.5 604.6 1445
C 2636 1660 1626 0 10 5 611.8 1365 611.8 1362.5 611.8 1360 611.8 1357.5 611.8 1355
C 2637 1661 1627 0 10 5 615.4 1365 615.4 1362.5 615.4 1360 615.4 1357.5 615.4 1355
C 2638 1662 1696 0 10 5 -611.8 1515 -611.8 1517.5 -611.8 1520 -611.8 1522.5 -611.8 1525
C 2639 1662 1700 1 15.54 8 -611.8 1515 -611.38 1517.03 -610.22 1518.49 -608.48 1519.49 -606.33 1520.11 -603.92 1520.44 -601.42 1520.58 -599 1520.6
C 2640 1663 1697 0 10 5 -615.4 1515 -615.4 1517.5 -615.4 1520 -615.4 1522.5 -615.4 1525
C 2641 1664 1630 0 10 5 -608.2 1445 -608.2 1442.5 -608.2 1440 -608.2 1437.5 -608.2 1435
C 2642 1665 1631 0 10 5 -604.6 1445 -604.6 1442.5 -604.6 1440 -604.6 1437.5 -604.6 1435
C 2643 1666 1631 2 7.86 5 -599 1439.4 -601.05 1439.1 -602.84 1438.24 -604.12 1436.86 -604.6 1435
C 2644 1666 1662 1 15.54 8 -599 1439.4 -601.42 1439.42 -603.92 1439.56 -606.33 1439.89 -608.48 1440.51 -610.22 1441.51 -611.38 1442.97 -611.8 1445
C 2645 1667 1701 0 10 5 -431.8 1515 -431.8 1517.5 -431.8 1520 -431.8 1522.5 -431.8 1525
C 2646 1667 1705 1 15.54 8 -431.8 1515 -431.38 1517.03 -430.22 1518.49 -428.48 1519.49 -426.33 1520.11 -423.92 1520.44 -421.42 1520.58 -419 1520.6
C 2647 1668 1702 0 10 5 -435.4 1515 -435.4 1517.5 -435.4 1520 -435.4 1522.5 -435.4 1525
C 2648 1669 1635 0 10 5 -428.2 1445 -428.2 1442.5 -428.2 1440 -428.2 1437.5 -428.2 1435
C 2649 1669 1666 1 15.54 8 -428.2 1445 -428.62 1442.97 -429.78 1441.51 -431.52 1440.51 -433.67 1439.89 -436.08 1439.56 -438.58 1439.42 -441 1439.4
C 2650 1670 1636 0 10 5 -424.6 1445 -424.6 1442.5 -424.6 1440 -424.6 1437.5 -424.6 1435
C 2651 1671 1636 2 7.86 5 -419 1439.4 -421.05 1439.1 -422.84 1438.24 -424.12 1436.86 -424.6 1435
C 2652 1671 1666 0 22 10 -419 1439.4 -421.44 1439.4 -423.89 1439.4 -426.33 1439.4 -428.78 1439.4 -431.22 1439.4 -433.67 1439.4 -436.11 1439.4 -438.56 1439.4 -441 1439.4
C 2653 1671 1667 1 15.54 8 -419 1439.4 -421.42 1439.42 -423.92 1439.56 -426.33 1439.89 -428.48 1440.51 -430.22 1441.51 -431.38 1442.97 -431.8 1445
C 2654 1672 1706 0 10 5 -251.8 1515 -251.8 1517.5 -251.8 1520 -251.8 1522.5 -251.8 1525
C 2655 1672 1710 1 15.54 8 -251.8 1515 -251.38 1517.03 -250.22 1518.49 -248.48 1519.49 -246.33 1520.11 -243.92 1520.44 -241.42 1520.58 -239 1520.6
C 2656 1673 1707 0 10 5 -255.4 1515 -255.4 1517.5 -255.4 1520 -255.4 1522.5 -255.4 1525
C 2657 1674 1640 0 10 5 -248.2 1445 -248.2 1442.5 -248.2 1440 -248.2 1437.5 -248.2 1435
C 2658 1674 1671 1 15.54 8 -248.2 1445 -248.62 1442.97 -249.78 1441.51 -251.52 1440.51 -253.67 1439.89 -256.08 1439.56 -258.58 1439.42 -261 1439.4
C 2659 1675 1641 0 10 5 -244.6 1445 -244.6 1442.5 -244.6 1440 -244.6 1437.5 -244.6 1435
C 2660 1676 1641 2 7.86 5 -239 1439.4 -241.05 1439.1 -242.84 1438.24 -244.12 1436.86 -244.6 1435
C 2661 1676 1671 0 22 10 -239 1439.4 -241.44 1439.4 -243.89 1439.4 -246.33 1439.4 -248.78 1439.4 -251.22 1439.4 -253.67 1439.4 -256.11 1439.4 -258.56 1439.4 -261 1439.4
C 2662 1676 1672 1 15.54 8 -239 1439.4 -241.42 1439.42 -243.92 1439.56 -246.33 1439.89 -248.48 1440.51 -250.22 1441.51 -251.38 1442.97 -251.8 1445
C 2663 1677 1711 0 10 5 -1.8 1515 -1.8 1517.5 -1.8 1520 -1.8 1522.5 -1.8 1525
C 2664 1677 1715 1 15.54 8 -1.8 1515 -1.38 1517.03 -0.22 1518.49 1.52 1519.49 3.67 1520.11 6.08 1520.44 8.58 1520.58 11 1520.6
C 2665 1678 1712 0 10 5 -5.4 1515 -5.4 1517.5 -5.4 1520 -5.4 1522.5 -5.4 1525
C 2666 1679 1645 0 10 5 1.8 1445 1.8 1442.5 1.8 1440 1.8 1437.5 1.8 1435
C 2667 1679 1676 1 15.54 8 1.8 1445 1.38 1442.97 0.22 1441.51 -1.52 1440.51 -3.67 1439.89 -6.08 1439.56 -8.58 1439.42 -11 1439.4
C 2668 1680 1646 0 10 5 5.4 1445 5.4 1442.5 5.4 1440 5.4 1437.5 5.4 1435
C 2669 1681 1646 2 7.86 5 11 1439.4 8.95 1439.1 7.16 1438.24 5.88 1436.86 5.4 1435
C 2670 1681 1676 0 22 10 11 1439.4 8.56 1439.4 6.11 1439.4 3.67 1439.4 1.22 1439.4 -1.22 1439.4 -3.67 1439.4 -6.11 1439.4 -8.56 1439.4 -11 1439.4
C 2671 1681 1677 1 15.54 8 11 1439.4 8.58 1439.42 6.08 1439.56 3.67 1439.89 1.52 1440.51 -0.22 1441.51 -1.38 1442.97 -1.8 1445
C 2672 1682 2660 0 26.8 12 248.2 1466.6 248.2 1469.04 248.2 1471.47 248.2 1473.91 248.2 1476.35 248.2 1478.78 248.2 1481.22 248.2 1483.65 248.2 1486.09 248.2 1488.53 248.2 1490.96 248.2 1493.4
C 2673 1683 2661 0 26.8 12 244.6 1466.6 244.6 1469.04 244.6 1471.47 244.6 1473.91 244.6 1476.35 244.6 1478.78 244.6 1481.22 244.6 1483.65 244.6 1486.09 244.6 1488.53 244.6 1490.96 244.6 1493.4
C 2674 1684 2662 0 26.8 12 251.8 1493.4 251.8 1490.96 251.8 1488.53 251.8 1486.09 251.8 1483.65 251.8 1481.22 251.8 1478.78 251.8 1476.35 251.8 1473.91 251.8 1471.47 251.8 1469.04 251.8 1466.6
C 2675 1685 2663 0 26.8 12 255.4 1493.4 255.4 1490.96 255.4 1488.53 255.4 1486.09 255.4 1483.65 255.4 1481.22 255.4 1478.78 255.4 1476.35 255.4 1473.91 255.4 1471.47 255.4 1469.04 255.4 1466.6
C 2676 1686 1651 2 7.86 5 261 1439.4 258.95 1439.1 257.16 1438.24 255.88 1436.86 255.4 1435
C 2677 1686 1681 0 22 10 261 1439.4 258.56 1439.4 256.11 1439.4 253.67 1439.4 251.22 1439.4 248.78 1439.4 246.33 1439.4 243.89 1439.4 241.44 1439.4 239 1439.4
C 2678 1686 1682 1 15.54 8 261 1439.4 258.58 1439.42 256.08 1439.56 253.67 1439.89 251.52 1440.51 249.78 1441.51 248.62 1442.97 248.2 1445
C 2679 1686 2152 1 39.22 17 261 1439.4 258.52 1439.05 256.09 1438.06 253.73 1436.56 251.44 1434.65 249.23 1432.44 247.11 1430.05 245.08 1427.58 243.15 1425.15 241.34 1422.88 239.64 1420.86 238.07 1419.21 236.63 1418.05 235.33 1417.49 234.18 1417.63 233.19 1418.6 232.35 1420.49
C 2680 1687 1721 0 10 5 428.2 1515 428.2 1517.5 428.2 1520 428.2 1522.5 428.2 1525
C 2681 1687 1725 1 15.54 8 428.2 1515 428.62 1517.03 429.78 1518.49 431.52 1519.49 433.67 1520.11 436.08 1520.44 438.58 1520.58 441 1520.6
C 2682 1688 1722 0 10 5 424.6 1515 424.6 1517.5 424.6 1520 424.6 1522.5 424.6 1525
C 2683 1689 1655 0 10 5 431.8 1445 431.8 1442.5 431.8 1440 431.8 1437.5 431.8 1435
C 2684 1689 1686 1 15.54 8 431.8 1445 431.38 1442.97 430.22 1441.51 428.48 1440.51 426.33 1439.89 423.92 1439.56 421.42 1439.42 419 1439.4
C 2685 1690 1656 0 10 5 435.4 1445 435.4 1442.5 435.4 1440 435.4 1437.5 435.4 1435
C 2686 1691 1656 2 7.86 5 441 1439.4 438.95 1439.1 437.16 1438.24 435.88 1436.86 435.4 1435
C 2687 1691 1686 0 22 10 441 1439.4 438.56 1439.4 436.11 1439.4 433.67 1439.4 431.22 1439.4 428.78 1439.4 426.33 1439.4 423.89 1439.4 421.44 1439.4 419 1439.4
C 2688 1691 1687 1 15.54 8 441 1439.4 438.58 1439.42 436.08 1439.56 433.67 1439.89 431.52 1440.51 429.78 1441.51 428.62 1442.97 428.2 1445
C 2689 1692 1726 0 10 5 608.2 1515 608.2 1517.5 608.2 1520 608.2 1522.5 608.2 1525
C 2690 1693 1727 0 10 5 604.6 1515 604.6 1517.5 604.6 1520 604.6 1522.5 604.6 1525
C 2691 1694 1660 0 10 5 611.8 1445 611.8 1442.5 611.8 1440 611.8 1437.5 611.8 1435
C 2692 1694 1691 1 15.54 8 611.8 1445 611.38 1442.97 610.22 1441.51 608.48 1440.51 606.33 1439.89 603.92 1439.56 601.42 1439.42 599 1439.4
C 2693 1695 1661 0 10 5 615.4 1445 615.4 1442.5 615.4 1440 615.4 1437.5 615.4 1435
C 2694 1696 1730 0 7.5 5 -611.8 1596.25 -611.8 1598.13 -611.8 1600 -611.8 1601.88 -611.8 1603.75
C 2695 1697 1731 0 7.5 5 -615.4 1596.25 -615.4 1598.13 -615.4 1600 -615.4 1601.88 -615.4 1603.75
C 2696 1698 1664 0 10 5 -608.2 1525 -608.2 1522.5 -608.2 1520 -608.2 1517.5 -608.2 1515
C 2697 1699 1665 0 10 5 -604.6 1525 -604.6 1522.5 -604.6 1520 -604.6 1517.5 -604.6 1515
C 2698 1699 1700 2 7.86 5 -604.6 1525 -604.12 1523.14 -602.84 1521.76 -601.05 1520.9 -599 1520.6
C 2699 1700 1669 1 15.54 8 -441 1520.6 -438.58 1520.58 -436.08 1520.44 -433.67 1520.11 -431.52 1519.49 -429.78 1518.49 -428.62 1517.03 -428.2 1515
C 2700 1700 1702 2 7.86 5 -441 1520.6 -438.95 1520.9 -437.16 1521.76 -435.88 1523.14 -435.4 1525
C 2701 1700 1705 0 22 10 -441 1520.6 -438.56 1520.6 -436.11 1520.6 -433.67 1520.6 -431.22 1520.6 -428.78 1520.6 -426.33 1520.6 -423.89 1520.6 -421.44 1520.6 -419 1520.6
C 2702 1701 1735 0 7.5 5 -431.8 1596.25 -431.8 1598.13 -431.8 1600 -431.8 1601.88 -431.8 1603.75
C 2703 1702 1734 2 8.1 5 -435.4 1596.25 -435.87 1598.2 -437.13 1599.7 -438.92 1600.66 -441 1601
C 2704 1702 1736 0 7.5 5 -435.4 1596.25 -435.4 1598.13 -435.4 1600 -435.4 1601.88 -435.4 1603.75
C 2705 1703 1669 0 10 5 -428.2 1525 -428.2 1522.5 -428.2 1520 -428.2 1517.5 -428.2 1515
C 2706 1704 1670 0 10 5 -424.6 1525 -424.6 1522.5 -424.6 1520 -424.6 1517.5 -424.6 1515
C 2707 1704 1705 2 7.86 5 -424.6 1525 -424.12 1523.14 -422.84 1521.76 -421.05 1520.9 -419 1520.6
C 2708 1705 1674 1 15.54 8 -261 1520.6 -258.58 1520.58 -256.08 1520.44 -253.67 1520.11 -251.52 1519.49 -249.78 1518.49 -248.62 1517.03 -248.2 1515
C 2709 1705 1707 2 7.86 5 -261 1520.6 -258.95 1520.9 -257.16 1521.76 -255.88 1523.14 -255.4 1525
C 2710 1705 1710 0 22 10 -261 1520.6 -258.56 1520.6 -256.11 1520.6 -253.67 1520.6 -251.22 1520.6 -248.78 1520.6 -246.33 1520.6 -243.89 1520.6 -241.44 1520.6 -239 1520.6
C 2711 1706 1740 0 7.5 5 -251.8 1596.25 -251.8 1598.13 -251.8 1600 -251.8 1601.88 -251.8 1603.75
C 2712 1707 1739 2 8.1 5 -255.4 1596.25 -255.87 1598.2 -257.13 1599.7 -258.92 1600.66 -261 1601
C 2713 1707 1741 0 7.5 5 -255.4 1596.25 -255.4 1598.13 -255.4 1600 -255.4 1601.88 -255.4 1603.75
C 2714 1708 1674 0 10 5 -248.2 1525 -248.2 1522.5 -248.2 1520 -248.2 1517.5 -248.2 1515
C 2715 1709 1675 0 10 5 -244.6 1525 -244.6 1522.5 -244.6 1520 -244.6 1517.5 -244.6 1515
C 2716 1709 1710 2 7.86 5 -244.6 1525 -244.12 1523.14 -242.84 1521.76 -241.05 1520.9 -239 1520.6
C 2717 1710 1679 1 15.54 8 -11 1520.6 -8.58 1520.58 -6.08 1520.44 -3.67 1520.11 -1.52 1519.49 0.22 1518.49 1.38 1517.03 1.8 1515
C 2718 1710 1712 2 7.86 5 -11 1520.6 -8.95 1520.9 -7.16 1521.76 -5.88 1523.14 -5.4 1525
C 2719 1710 1715 0 22 10 -11 1520.6 -8.56 1520.6 -6.11 1520.6 -3.67 1520.6 -1.22 1520.6 1.22 1520.6 3.67 1520.6 6.11 1520.6 8.56 1520.6 11 1520.6
C 2720 1711 1745 0 7.5 5 -1.8 1596.25 -1.8 1598.13 -1.8 1600 -1.8 1601.88 -1.8 1603.75
C 2721 1712 1744 2 8.1 5 -5.4 1596.25 -5.87 1598.2 -7.13 1599.7 -8.92 1600.66 -11 1601
C 2722 1712 1746 0 7.5 5 -5.4 1596.25 -5.4 1598.13 -5.4 1600 -5.4 1601.88 -5.4 1603.75
C 2723 1713 1679 0 10 5 1.8 1525 1.8 1522.5 1.8 1520 1.8 1517.5 1.8 1515
C 2724 1714 1680 0 10 5 5.4 1525 5.4 1522.5 5.4 1520 5.4 1517.5 5.4 1515
C 2725 1714 1715 2 7.86 5 5.4 1525 5.88 1523.14 7.16 1521.76 8.95 1520.9 11 1520.6
C 2726 1715 1684 1 15.54 8 239 1520.6 241.42 1520.58 243.92 1520.44 246.33 1520.11 248.48 1519.49 250.22 1518.49 251.38 1517.03 251.8 1515
C 2727 1715 1717 2 7.86 5 239 1520.6 241.05 1520.9 242.84 1521.76 244.12 1523.14 244.6 1525
C 2728 1715 1720 0 22 10 239 1520.6 241.44 1520.6 243.89 1520.6 246.33 1520.6 248.78 1520.6 251.22 1520.6 253.67 1520.6 256.11 1520.6 258.56 1520.6 261 1520.6
C 2729 1716 1750 0 7.5 5 248.2 1596.25 248.2 1598.13 248.2 1600 248.2 1601.88 248.2 1603.75
C 2730 1717 1749 2 8.1 5 244.6 1596.25 244.13 1598.2 242.87 1599.7 241.08 1600.66 239 1601
C 2731 1717 1751 0 7.5 5 244.6 1596.25 244.6 1598.13 244.6 1600 244.6 1601.88 244.6 1603.75
C 2732 1718 1684 0 10 5 251.8 1525 251.8 1522.5 251.8 1520 251.8 1517.5 251.8 1515
C 2733 1719 1685 0 10 5 255.4 1525 255.4 1522.5 255.4 1520 255.4 1517.5 255.4 1515
C 2734 1719 1720 2 7.86 5 255.4 1525 255.88 1523.14 257.16 1521.76 258.95 1520.9 261 1520.6
C 2735 1720 1689 1 15.54 8 419 1520.6 421.42 1520.58 423.92 1520.44 426.33 1520.11 428.48 1519.49 430.22 1518.49 431.38 1517.03 431.8 1515
C 2736 1720 1722 2 7.86 5 419 1520.6 421.05 1520.9 422.84 1521.76 424.12 1523.14 424.6 1525
C 2737 1720 1725 0 22 10 419 1520.6 421.44 1520.6 423.89 1520.6 426.33 1520.6 428.78 1520.6 431.22 1520.6 433.67 1520.6 436.11 1520.6 438.56 1520.6 441 1520.6
C 2738 1721 1755 0 7.5 5 428.2 1596.25 428.2 1598.13 428.2 1600 428.2 1601.88 428.2 1603.75
C 2739 1722 1754 2 8.1 5 424.6 1596.25 424.13 1598.2 422.87 1599.7 421.08 1600.66 419 1601
C 2740 1722 1756 0 7.5 5 424.6 1596.25 424.6 1598.13 424.6 1600 424.6 1601.88 424.6 1603.75
C 2741 1723 1689 0 10 5 431.8 1525 431.8 1522.5 431.8 1520 431.8 1517.5 431.8 1515
C 2742 1724 1690 0 10 5 435.4 1525 435.4 1522.5 435.4 1520 435.4 1517.5 435.4 1515
C 2743 1724 1725 2 7.86 5 435.4 1525 435.88 1523.14 437.16 1521.76 438.95 1520.9 441 1520.6
C 2744 1725 1694 1 15.54 8 599 1520.6 601.42 1520.58 603.92 1520.44 606.33 1520.11 608.48 1519.49 610.22 1518.49 611.38 1517.03 611.8 1515
C 2745 1725 1727 2 7.86 5 599 1520.6 601.05 1520.9 602.84 1521.76 604.12 1523.14 604.6 1525
C 2746 1726 1760 0 7.5 5 608.2 1596.25 608.2 1598.13 608.2 1600 608.2 1601.88 608.2 1603.75
C 2747 1727 1759 2 8.1 5 604.6 1596.25 604.13 1598.2 602.87 1599.7 601.08 1600.66 599 1601
C 2748 1727 1761 0 7.5 5 604.6 1596.25 604.6 1598.13 604.6 1600 604.6 1601.88 604.6 1603.75
C 2749 1728 1694 0 10 5 611.8 1525 611.8 1522.5 611.8 1520 611.8 1517.5 611.8 1515
C 2750 1729 1695 0 10 5 615.4 1525 615.4 1522.5 615.4 1520 615.4 1517.5 615.4 1515
C 2751 1730 1764 0 10 5 -611.8 1675 -611.8 1677.5 -611.8 1680 -611.8 1682.5 -611.8 1685
C 2752 1730 1768 1 15.54 8 -611.8 1675 -611.38 1677.03 -610.22 1678.49 -608.48 1679.49 -606.33 1680.11 -603.92 1680.44 -601.42 1680.58 -599 1680.6
C 2753 1731 1765 0 10 5 -615.4 1675 -615.4 1677.5 -615.4 1680 -615.4 1682.5 -615.4 1685
C 2754 1732 1698 0 7.5 5 -608.2 1603.75 -608.2 1601.88 -608.2 1600 -608.2 1598.13 -608.2 1596.25
C 2755 1733 1699 0 7.5 5 -604.6 1603.75 -604.6 1601.88 -604.6 1600 -604.6 1598.13 -604.6 1596.25
C 2756 1734 1699 2 8.1 5 -599 1601 -601.08 1600.66 -602.87 1599.7 -604.13 1598.2 -604.6 1596.25
C 2757 1734 1730 1 14.6 7 -599 1601 -601.72 1600.85 -604.59 1600.58 -607.31 1600.46 -609.62 1600.77 -611.21 1601.77 -611.8 1603.75
C 2758 1735 1769 0 10 5 -431.8 1675 -431.8 1677.5 -431.8 1680 -431.8 1682.5 -431.8 1685
C 2759 1735 1773 1 15.54 8 -431.8 1675 -431.38 1677.03 -430.22 1678.49 -428.48 1679.49 -426.33 1680.11 -423.92 1680.44 -421.42 1680.58 -419 1680.6
C 2760 1736 1770 0 10 5 -435.4 1675 -435.4 1677.5 -435.4 1680 -435.4 1682.5 -435.4 1685
C 2761 1737 1703 0 7.5 5 -428.2 1603.75 -428.2 1601.88 -428.2 1600 -428.2 1598.13 -428.2 1596.25
C 2762 1737 1734 1 14.6 7 -428.2 1603.75 -428.79 1601.77 -430.38 1600.77 -432.69 1600.46 -435.41 1600.58 -438.28 1600.85 -441 1601
C 2763 1738 1704 0 7.5 5 -424.6 1603.75 -424.6 1601.88 -424.6 1600 -424.6 1598.13 -424.6 1596.25
C 2764 1739 1704 2 8.1 5 -419 1601 -421.08 1600.66 -422.87 1599.7 -424.13 1598.2 -424.6 1596.25
C 2765 1739 1734 0 22 10 -419 1601 -421.44 1601 -423.89 1601 -426.33 1601 -428.78 1601 -431.22 1601 -433.67 1601 -436.11 1601 -438.56 1601 -441 1601
C 2766 1739 1735 1 14.6 7 -419 1601 -421.72 1600.85 -424.59 1600.58 -427.31 1600.46 -429.62 1600.77 -431.21 1601.77 -431.8 1603.75
C 2767 1740 1774 0 10 5 -251.8 1675 -251.8 1677.5 -251.8 1680 -251.8 1682.5 -251.8 1685
C 2768 1740 1778 1 15.54 8 -251.8 1675 -251.38 1677.03 -250.22 1678.49 -248.48 1679.49 -246.33 1680.11 -243.92 1680.44 -241.42 1680.58 -239 1680.6
C 2769 1741 1775 0 10 5 -255.4 1675 -255.4 1677.5 -255.4 1680 -255.4 1682.5 -255.4 1685
C 2770 1742 1708 0 7.5 5 -248.2 1603.75 -248.2 1601.88 -248.2 1600 -248.2 1598.13 -248.2 1596.25
C 2771 1742 1739 1 14.6 7 -248.2 1603.75 -248.79 1601.77 -250.38 1600.77 -252.69 1600.46 -255.41 1600.58 -258.28 1600.85 -261 1601
C 2772 1743 1709 0 7.5 5 -244.6 1603.75 -244.6 1601.88 -244.6 1600 -244.6 1598.13 -244.6 1596.25
C 2773 1744 1709 2 8.1 5 -239 1601 -241.08 1600.66 -242.87 1599.7 -244.13 1598.2 -244.6 1596.25
C 2774 1744 1739 0 22 10 -239 1601 -241.44 1601 -243.89 1601 -246.33 1601 -248.78 1601 -251.22 1601 -253.67 1601 -256.11 1601 -258.56 1601 -261 1601
C 2775 1744 1740 1 14.6 7 -239 1601 -241.72 1600.85 -244.59 1600.58 -247.31 1600.46 -249.62 1600.77 -251.21 1601.77 -251.8 1603.75
C 2776 1745 1779 0 10 5 -1.8 1675 -1.8 1677.5 -1.8 1680 -1.8 1682.5 -1.8 1685
C 2777 1745 1783 1 15.54 8 -1.8 1675 -1.38 1677.03 -0.22 1678.49 1.52 1679.49 3.67 1680.11 6.08 1680.44 8.58 1680.58 11 1680.6
C 2778 1746 1780 0 10 5 -5.4 1675 -5.4 1677.5 -5.4 1680 -5.4 1682.5 -5.4 1685
C 2779 1747 1713 0 7.5 5 1.8 1603.75 1.8 1601.88 1.8 1600 1.8 1598.13 1.8 1596.25
C 2780 1747 1744 1 14.6 7 1.8 1603.75 1.21 1601.77 -0.38 1600.77 -2.69 1600.46 -5.41 1600.58 -8.28 1600.85 -11 1601
C 2781 1748 1714 0 7.5 5 5.4 1603.75 5.4 1601.88 5.4 1600 5.4 1598.13 5.4 1596.25
C 2782 1749 1714 2 8.1 5 11 1601 8.92 1600.66 7.13 1599.7 5.87 1598.2 5.4 1596.25
C 2783 1749 1744 0 22 10 11 1601 8.56 1601 6.11 1601 3.67 1601 1.22 1601 -1.22 1601 -3.67 1601 -6.11 1601 -8.56 1601 -11 1601
C 2784 1749 1745 1 14.6 7 11 1601 8.28 1600.85 5.41 1600.58 2.69 1600.46 0.38 1600.77 -1.21 1601.77 -1.8 1603.75
C 2785 1750 1784 0 10 5 248.2 1675 248.2 1677.5 248.2 1680 248.2 1682.5 248.2 1685
C 2786 1750 1788 1 15.54 8 248.2 1675 248.62 1677.03 249.78 1678.49 251.52 1679.49 253.67 1680.11 256.08 1680.44 258.58 1680.58 261 1680.6
C 2787 1751 1785 0 10 5 244.6 1675 244.6 1677.5 244.6 1680 244.6 1682.5 244.6 1685
C 2788 1752 1718 0 7.5 5 251.8 1603.75 251.8 1601.88 251.8 1600 251.8 1598.13 251.8 1596.25
C 2789 1752 1749 1 14.6 7 251.8 1603.75 251.21 1601.77 249.62 1600.77 247.31 1600.46 244.59 1600.58 241.72 1600.85 239 1601
C 2790 1753 1719 0 7.5 5 255.4 1603.75 255.4 1601.88 255.4 1600 255.4 1598.13 255.4 1596.25
C 2791 1754 1719 2 8.1 5 261 1601 258.92 1600.66 257.13 1599.7 255.87 1598.2 255.4 1596.25
C 2792 1754 1749 0 22 10 261 1601 258.56 1601 256.11 1601 253.67 1601 251.22 1601 248.78 1601 246.33 1601 243.89 1601 241.44 1601 239 1601
C 2793 1754 1750 1 14.6 7 261 1601 258.28 1600.85 255.41 1600.58 252.69 1600.46 250.38 1600.77 248.79 1601.77 248.2 1603.75
C 2794 1755 1789 0 10 5 428.2 1675 428.2 1677.5 428.2 1680 428.2 1682.5 428.2 1685
C 2795 1755 1793 1 15.54 8 428.2 1675 428.62 1677.03 429.78 1678.49 431.52 1679.49 433.67 1680.11 436.08 1680.44 438.58 1680.58 441 1680.6
C 2796 1756 1790 0 10 5 424.6 1675 424.6 1677.5 424.6 1680 424.6 1682.5 424.6 1685
C 2797 1757 1723 0 7.5 5 431.8 1603.75 431.8 1601.88 431.8 1600 431.8 1598.13 431.8 1596.25
C 2798 1757 1754 1 14.6 7 431.8 1603.75 431.21 1601.77 429.62 1600.77 427.31 1600.46 424.59 1600.58 421.72 1600.85 419 1601
C 2799 1758 1724 0 7.5 5 435.4 1603.75 435.4 1601.88 435.4 1600 435.4 1598.13 435.4 1596.25
C 2800 1759 1724 2 8.1 5 441 1601 438.92 1600.66 437.13 1599.7 435.87 1598.2 435.4 1596.25
C 2801 1759 1754 0 22 10 441 1601 438.56 1601 436.11 1601 433.67 1601 431.22 1601 428.78 1601 426.33 1601 423.89 1601 421.44 1601 419 1601
C 2802 1759 1755 1 14.6 7 441 1601 438.28 1600.85 435.41 1600.58 432.69 1600.46 430.38 1600.77 428.79 1601.77 428.2 1603.75
C 2803 1760 1794 0 10 5 608.2 1675 608.2 1677.5 608.2 1680 608.2 1682.5 608.2 1685
C 2804 1761 1795 0 10 5 604.6 1675 604.6 1677.5 604.6 1680 604.6 1682.5 604.6 1685
C 2805 1762 1728 0 7.5 5 611.8 1603.75 611.8 1601.88 611.8 1600 611.8 1598.13 611.8 1596.25
C 2806 1762 1759 1 14.6 7 611.8 1603.75 611.21 1601.77 609.62 1600.77 607.31 1600.46 604.59 1600.58 601.72 1600.85 599 1601
C 2807 1763 1729 0 7.5 5 615.4 1603.75 615.4 1601.88 615.4 1600 615.4 1598.13 615.4 1596.25
C 2808 1764 1798 0 7.5 5 -611.8 1756.25 -611.8 1758.13 -611.8 1760 -611.8 1761.88 -611.8 1763.75
C 2809 1765 1799 0 7.5 5 -615.4 1756.25 -615.4 1758.13 -615.4 1760 -615.4 1761.88 -615.4 1763.75
C 2810 1766 1732 0 10 5 -608.2 1685 -608.2 1682.5 -608.2 1680 -608.2 1677.5 -608.2 1675
C 2811 1767 1733 0 10 5 -604.6 1685 -604.6 1682.5 -604.6 1680 -604.6 1677.5 -604.6 1675
C 2812 1767 1768 2 7.86 5 -604.6 1685 -604.12 1683.14 -602.84 1681.76 -601.05 1680.9 -599 1680.6
C 2813 1768 1737 1 15.54 8 -441 1680.6 -438.58 1680.58 -436.08 1680.44 -433.67 1680.11 -431.52 1679.49 -429.78 1678.49 -428.62 1677.03 -428.2 1675
C 2814 1768 1770 2 7.86 5 -441 1680.6 -438.95 1680.9 -437.16 1681.76 -435.88 1683.14 -435.4 1685
C 2815 1768 1773 0 22 10 -441 1680.6 -438.56 1680.6 -436.11 1680.6 -433.67 1680.6 -431.22 1680.6 -428.78 1680.6 -426.33 1680.6 -423.89 1680.6 -421.44 1680.6 -419 1680.6
C 2816 1769 1803 0 7.5 5 -431.8 1756.25 -431.8 1758.13 -431.8 1760 -431.8 1761.88 -431.8 1763.75
C 2817 1770 1802 2 8.1 5 -435.4 1756.25 -435.87 1758.2 -437.13 1759.7 -438.92 1760.66 -441 1761
C 2818 1770 1804 0 7.5 5 -435.4 1756.25 -435.4 1758.13 -435.4 1760 -435.4 1761.88 -435.4 1763.75
C 2819 1771 1737 0 10 5 -428.2 1685 -428.2 1682.5 -428.2 1680 -428.2 1677.5 -428.2 1675
C 2820 1772 1738 0 10 5 -424.6 1685 -424.6 1682.5 -424.6 1680 -424.6 1677.5 -424.6 1675
C 2821 1772 1773 2 7.86 5 -424.6 1685 -424.12 1683.14 -422.84 1681.76 -421.05 1680.9 -419 1680.6
C 2822 1773 1742 1 15.54 8 -261 1680.6 -258.58 1680.58 -256.08 1680.44 -253.67 1680.11 -251.52 1679.49 -249.78 1678.49 -248.62 1677.03 -248.2 1675
C 2823 1773 1775 2 7.86 5 -261 1680.6 -258.95 1680.9 -257.16 1681.76 -255.88 1683.14 -255.4 1685
C 2824 1773 1778 0 22 10 -261 1680.6 -258.56 1680.6 -256.11 1680.6 -253.67 1680.6 -251.22 1680.6 -248.78 1680.6 -246.33 1680.6 -243.89 1680.6 -241.44 1680.6 -239 1680.6
C 2825 1774 1808 0 7.5 5 -251.8 1756.25 -251.8 1758.13 -251.8 1760 -251.8 1761.88 -251.8 1763.75
C 2826 1775 1807 2 8.1 5 -255.4 1756.25 -255.87 1758.2 -257.13 1759.7 -258.92 1760.66 -261 1761
C 2827 1775 1809 0 7.5 5 -255.4 1756.25 -255.4 1758.13 -255.4 1760 -255.4 1761.88 -255.4 1763.75
C 2828 1776 1742 0 10 5 -248.2 1685 -248.2 1682.5 -248.2 1680 -248.2 1677.5 -248.2 1675
C 2829 1777 1743 0 10 5 -244.6 1685 -244.6 1682.5 -244.6 1680 -244.6 1677.5 -244.6 1675
C 2830 1777 1778 2 7.86 5 -244.6 1685 -244.12 1683.14 -242.84 1681.76 -241.05 1680.9 -239 1680.6
C 2831 1778 1747 1 15.54 8 -11 1680.6 -8.58 1680.58 -6.08 1680.44 -3.67 1680.11 -1.52 1679.49 0.22 1678.49 1.38 1677.03 1.8 1675
C 2832 1778 1780 2 7.86 5 -11 1680.6 -8.95 1680.9 -7.16 1681.76 -5.88 1683.14 -5.4 1685
C 2833 1778 1783 0 22 10 -11 1680.6 -8.56 1680.6 -6.11 1680.6 -3.67 1680.6 -1.22 1680.6 1.22 1680.6 3.67 1680.6 6.11 1680.6 8.56 1680.6 11 1680.6
C 2834 1779 1813 0 7.5 5 -1.8 1756.25 -1.8 1758.13 -1.8 1760 -1.8 1761.88 -1.8 1763.75
C 2835 1780 1812 2 8.1 5 -5.4 1756.25 -5.87 1758.2 -7.13 1759.7 -8.92 1760.66 -11 1761
C 2836 1780 1814 0 7.5 5 -5.4 1756.25 -5.4 1758.13 -5.4 1760 -5.4 1761.88 -5.4 1763.75
C 2837 1781 1747 0 10 5 1.8 1685 1.8 1682.5 1.8 1680 1.8 1677.5 1.8 1675
C 2838 1782 1748 0 10 5 5.4 1685 5.4 1682.5 5.4 1680 5.4 1677.5 5.4 1675
C 2839 1782 1783 2 7.86 5 5.4 1685 5.88 1683.14 7.16 1681.76 8.95 1680.9 11 1680.6
C 2840 1783 1752 1 15.54 8 239 1680.6 241.42 1680.58 243.92 1680.44 246.33 1680.11 248.48 1679.49 250.22 1678.49 251.38 1677.03 251.8 1675
C 2841 1783 1785 2 7.86 5 239 1680.6 241.05 1680.9 242.84 1681.76 244.12 1683.14 244.6 1685
C 2842 1783 1788 0 22 10 239 1680.6 241.44 1680.6 243.89 1680.6 246.33 1680.6 248.78 1680.6 251.22 1680.6 253.67 1680.6 256.11 1680.6 258.56 1680.6 261 1680.6
C 2843 1784 1818 0 7.5 5 248.2 1756.25 248.2 1758.13 248.2 1760 248.2 1761.88 248.2 1763.75
C 2844 1785 1817 2 8.1 5 244.6 1756.25 244.13 1758.2 242.87 1759.7 241.08 1760.66 239 1761
C 2845 1785 1819 0 7.5 5 244.6 1756.25 244.6 1758.13 244.6 1760 244.6 1761.88 244.6 1763.75
C 2846 1786 1752 0 10 5 251.8 1685 251.8 1682.5 251.8 1680 251.8 1677.5 251.8 1675
C 2847 1787 1753 0 10 5 255.4 1685 255.4 1682.5 255.4 1680 255.4 1677.5 255.4 1675
C 2848 1787 1788 2 7.86 5 255.4 1685 255.88 1683.14 257.16 1681.76 258.95 1680.9 261 1680.6
C 2849 1788 1757 1 15.54 8 419 1680.6 421.42 1680.58 423.92 1680.44 426.33 1680.11 428.48 1679.49 430.22 1678.49 431.38 1677.03 431.8 1675
C 2850 1788 1790 2 7.86 5 419 1680.6 421.05 1680.9 422.84 1681.76 424.12 1683.14 424.6 1685
C 2851 1788 1793 0 22 10 419 1680.6 421.44 1680.6 423.89 1680.6 426.33 1680.6 428.78 1680.6 431.22 1680.6 433.67 1680.6 436.11 1680.6 438.56 1680.6 441 1680.6
C 2852 1789 1823 0 7.5 5 428.2 1756.25 428.2 1758.13 428.2 1760 428.2 1761.88 428.2 1763.75
C 2853 1790 1822 2 8.1 5 424.6 1756.25 424.13 1758.2 422.87 1759.7 421.08 1760.66 419 1761
C 2854 1790 1824 0 7.5 5 424.6 1756.25 424.6 1758.13 424.6 1760 424.6 1761.88 424.6 1763.75
C 2855 1791 1757 0 10 5 431.8 1685 431.8 1682.5 431.8 1680 431.8 1677.5 431.8 1675
C 2856 1792 1758 0 10 5 435.4 1685 435.4 1682.5 435.4 1680 435.4 1677.5 435.4 1675
C 2857 1792 1793 2 7.86 5 435.4 1685 435.88 1683.14 437.16 1681.76 438.95 1680.9 441 1680.6
C 2858 1793 1762 1 15.54 8 599 1680.6 601.42 1680.58 603.92 1680.44 606.33 1680.11 608.48 1679.49 610.22 1678.49 611.38 1677.03 611.8 1675
C 2859 1793 1795 2 7.86 5 599 1680.6 601.05 1680.9 602.84 1681.76 604.12 1683.14 604.6 1685
C 2860 1794 1828 0 7.5 5 608.2 1756.25 608.2 1758.13 608.2 1760 608.2 1761.88 608.2 1763.75
C 2861 1795 1827 2 8.1 5 604.6 1756.25 604.13 1758.2 602.87 1759.7 601.08 1760.66 599 1761
C 2862 1795 1829 0 7.5 5 604.6 1756.25 604.6 1758.13 604.6 1760 604.6 1761.88 604.6 1763.75
C 2863 1796 1762 0 10 5 611.8 1685 611.8 1682.5 611.8 1680 611.8 1677.5 611.8 1675
C 2864 1797 1763 0 10 5 615.4 1685 615.4 1682.5 615.4 1680 615.4 1677.5 615.4 1675
C 2865 1798 1832 0 10 5 -611.8 1835 -611.8 1837.5 -611.8 1840 -611.8 1842.5 -611.8 1845
C 2866 1798 1836 1 15.54 8 -611.8 1835 -611.38 1837.03 -610.22 1838.49 -608.48 1839.49 -606.33 1840.11 -603.92 1840.44 -601.42 1840.58 -599 1840.6
C 2867 1799 1833 0 10 5 -615.4 1835 -615.4 1837.5 -615.4 1840 -615.4 1842.5 -615.4 1845
C 2868 1800 1766 0 7.5 5 -608.2 1763.75 -608.2 1761.88 -608.2 1760 -608.2 1758.13 -608.2 1756.25
C 2869 1801 1767 0 7.5 5 -604.6 1763.75 -604.6 1761.88 -604.6 1760 -604.6 1758.13 -604.6 1756.25
C 2870 1802 1767 2 8.1 5 -599 1761 -601.08 1760.66 -602.87 1759.7 -604.13 1758.2 -604.6 1756.25
C 2871 1802 1798 1 14.6 7 -599 1761 -601.72 1760.85 -604.59 1760.58 -607.31 1760.46 -609.62 1760.77 -611.21 1761.77 -611.8 1763.75
C 2872 1803 1837 0 10 5 -431.8 1835 -431.8 1837.5 -431.8 1840 -431.8 1842.5 -431.8 1845
C 2873 1803 1841 1 15.54 8 -431.8 1835 -431.38 1837.03 -430.22 1838.49 -428.48 1839.49 -426.33 1840.11 -423.92 1840.44 -421.42 1840.58 -419 1840.6
C 2874 1804 1838 0 10 5 -435.4 1835 -435.4 1837.5 -435.4 1840 -435.4 1842.5 -435.4 1845
C 2875 1805 1771 0 7.5 5 -428.2 1763.75 -428.2 1761.88 -428.2 1760 -428.2 1758.13 -428.2 1756.25
C 2876 1805 1802 1 14.6 7 -428.2 1763.75 -428.79 1761.77 -430.38 1760.77 -432.69 1760.46 -435.41 1760.58 -438.28 1760.85 -441 1761
C 2877 1806 1772 0 7.5 5 -424.6 1763.75 -424.6 1761.88 -424.6 1760 -424.6 1758.13 -424.6 1756.25
C 2878 1807 1772 2 8.1 5 -419 1761 -421.08 1760.66 -422.87 1759.7 -424.13 1758.2 -424.6 1756.25
C 2879 1807 1802 0 22 10 -419 1761 -421.44 1761 -423.89 1761 -426.33 1761 -428.78 1761 -431.22 1761 -433.67 1761 -436.11 1761 -438.56 1761 -441 1761
C 2880 1807 1803 1 14.6 7 -419 1761 -421.72 1760.85 -424.59 1760.58 -427.31 1760.46 -429.62 1760.77 -431.21 1761.77 -431.8 1763.75
C 2881 1808 1842 0 10 5 -251.8 1835 -251.8 1837.5 -251.8 1840 -251.8 1842.5 -251.8 1845
C 2882 1808 1846 1 15.54 8 -251.8 1835 -251.38 1837.03 -250.22 1838.49 -248.48 1839.49 -246.33 1840.11 -243.92 1840.44 -241.42 1840.58 -239 1840.6
C 2883 1809 1843 0 10 5 -255.4 1835 -255.4 1837.5 -255.4 1840 -255.4 1842.5 -255.4 1845
C 2884 1810 1776 0 7.5 5 -248.2 1763.75 -248.2 1761.88 -248.2 1760 -248.2 1758.13 -248.2 1756.25
C 2885 1810 1807 1 14.6 7 -248.2 1763.75 -248.79 1761.77 -250.38 1760.77 -252.69 1760.46 -255.41 1760.58 -258.28 1760.85 -261 1761
C 2886 1811 1777 0 7.5 5 -244.6 1763.75 -244.6 1761.88 -244.6 1760 -244.6 1758.13 -244.6 1756.25
C 2887 1812 1777 2 8.1 5 -239 1761 -241.08 1760.66 -242.87 1759.7 -244.13 1758.2 -244.6 1756.25
C 2888 1812 1807 0 22 10 -239 1761 -241.44 1761 -243.89 1761 -246.33 1761 -248.78 1761 -251.22 1761 -253.67 1761 -256.11 1761 -258.56 1761 -261 1761
C 2889 1812 1808 1 14.6 7 -239 1761 -241.72 1760.85 -244.59 1760.58 -247.31 1760.46 -249.62 1760.77 -251.21 1761.77 -251.8 1763.75
C 2890 1813 1847 0 10 5 -1.8 1835 -1.8 1837.5 -1.8 1840 -1.8 1842.5 -1.8 1845
C 2891 1813 1851 1 15.54 8 -1.8 1835 -1.38 1837.03 -0.22 1838.49 1.52 1839.49 3.67 1840.11 6.08 1840.44 8.58 1840.58 11 1840.6
C 2892 1814 1848 0 10 5 -5.4 1835 -5.4 1837.5 -5.4 1840 -5.4 1842.5 -5.4 1845
C 2893 1815 1781 0 7.5 5 1.8 1763.75 1.8 1761.88 1.8 1760 1.8 1758.13 1.8 1756.25
C 2894 1815 1812 1 14.6 7 1.8 1763.75 1.21 1761.77 -0.38 1760.77 -2.69 1760.46 -5.41 1760.58 -8.28 1760.85 -11 1761
C 2895 1816 1782 0 7.5 5 5.4 1763.75 5.4 1761.88 5.4 1760 5.4 1758.13 5.4 1756.25
C 2896 1817 1782 2 8.1 5 11 1761 8.92 1760.66 7.13 1759.7 5.87 1758.2 5.4 1756.25
C 2897 1817 1812 0 22 10 11 1761 8.56 1761 6.11 1761 3.67 1761 1.22 1761 -1.22 1761 -3.67 1761 -6.11 1761 -8.56 1761 -11 1761
C 2898 1817 1813 1 14.6 7 11 1761 8.28 1760.85 5.41 1760.58 2.69 1760.46 0.38 1760.77 -1.21 1761.77 -1.8 1763.75
C 2899 1818 1852 0 10 5 248.2 1835 248.2 1837.5 248.2 1840 248.2 1842.5 248.2 1845
C 2900 1818 1856 1 15.54 8 248.2 1835 248.62 1837.03 249.78 1838.49 251.52 1839.49 253.67 1840.11 256.08 1840.44 258.58 1840.58 261 1840.6
C 2901 1819 1853 0 10 5 244.6 1835 244.6 1837.5 244.6 1840 244.6 1842.5 244.6 1845
C 2902 1820 1786 0 7.5 5 251.8 1763.75 251.8 1761.88 251.8 1760 251.8 1758.13 251.8 1756.25
C 2903 1820 1817 1 14.6 7 251.8 1763.75 251.21 1761.77 249.62 1760.77 247.31 1760.46 244.59 1760.58 241.72 1760.85 239 1761
C 2904 1821 1787 0 7.5 5 255.4 1763.75 255.4 1761.88 255.4 1760 255.4 1758.13 255.4 1756.25
C 2905 1822 1787 2 8.1 5 261 1761 258.92 1760.66 257.13 1759.7 255.87 1758.2 255.4 1756.25
C 2906 1822 1817 0 22 10 261 1761 258.56 1761 256.11 1761 253.67 1761 251.22 1761 248.78 1761 246.33 1761 243.89 1761 241.44 1761 239 1761
C 2907 1822 1818 1 14.6 7 261 1761 258.28 1760.85 255.41 1760.58 252.69 1760.46 250.38 1760.77 248.79 1761.77 248.2 1763.75
C 2908 1823 1857 0 10 5 428.2 1835 428.2 1837.5 428.2 1840 428.2 1842.5 428.2 1845
C 2909 1823 1861 1 15.54 8 428.2 1835 428.62 1837.03 429.78 1838.49 431.52 1839.49 433.67 1840.11 436.08 1840.44 438.58 1840.58 441 1840.6
C 2910 1824 1858 0 10 5 424.6 1835 424.6 1837.5 424.6 1840 424.6 1842.5 424.6 1845
C 2911 1825 1791 0 7.5 5 431.8 1763.75 431.8 1761.88 431.8 1760 431.8 1758.13 431.8 1756.25
C 2912 1825 1822 1 14.6 7 431.8 1763.75 431.21 1761.77 429.62 1760.77 427.31 1760.46 424.59 1760.58 421.72 1760.85 419 1761
C 2913 1826 1792 0 7.5 5 435.4 1763.75 435.4 1761.88 435.4 1760 435.4 1758.13 435.4 1756.25
C 2914 1827 1792 2 8.1 5 441 1761 438.92 1760.66 437.13 1759.7 435.87 1758.2 435.4 1756.25
C 2915 1827 1822 0 22 10 441 1761 438.56 1761 436.11 1761 433.67 1761 431.22 1761 428.78 1761 426.33 1761 423.89 1761 421.44 1761 419 1761
C 2916 1827 1823 1 14.6 7 441 1761 438.28 1760.85 435.41 1760.58 432.69 1760.46 430.38 1760.77 428.79 1761.77 428.2 1763.75
C 2917 1828 1862 0 10 5 608.2 1835 608.2 1837.5 608.2 1840 608.2 1842.5 608.2 1845
C 2918 1829 1863 0 10 5 604.6 1835 604.6 1837.5 604.6 1840 604.6 1842.5 604.6 1845
C 2919 1830 1796 0 7.5 5 611.8 1763.75 611.8 1761.88 611.8 1760 611.8 1758.13 611.8 1756.25
C 2920 1830 1827 1 14.6 7 611.8 1763.75 611.21 1761.77 609.62 1760.77 607.31 1760.46 604.59 1760.58 601.72 1760.85 599 1761
C 2921 1831 1797 0 7.5 5 615.4 1763.75 615.4 1761.88 615.4 1760 615.4 1758.13 615.4 1756.25
C 2922 1832 1834 2 6.57 5 -611.8 1915 -611.24 1916.82 -610 1917.43 -608.76 1916.82 -608.2 1915
C 2923 1833 1835 2 20.12 10 -615.4 1915 -615.03 1917.88 -614.04 1920.04 -612.6 1921.48 -610.9 1922.2 -609.1 1922.2 -607.4 1921.48 -605.96 1920.04 -604.97 1917.88 -604.6 1915
C 2924 1834 1800 0 10 5 -608.2 1845 -608.2 1842.5 -608.2 1840 -608.2 1837.5 -608.2 1835
C 2925 1835 1801 0 10 5 -604.6 1845 -604.6 1842.5 -604.6 1840 -604.6 1837.5 -604.6 1835
C 2926 1835 1836 2 7.86 5 -604.6 1845 -604.12 1843.14 -602.84 1841.76 -601.05 1840.9 -599 1840.6
C 2927 1836 1805 1 15.54 8 -441 1840.6 -438.58 1840.58 -436.08 1840.44 -433.67 1840.11 -431.52 1839.49 -429.78 1838.49 -428.62 1837.03 -428.2 1835
C 2928 1836 1838 2 7.86 5 -441 1840.6 -438.95 1840.9 -437.16 1841.76 -435.88 1843.14 -435.4 1845
C 2929 1836 1841 0 22 10 -441 1840.6 -438.56 1840.6 -436.11 1840.6 -433.67 1840.6 -431.22 1840.6 -428.78 1840.6 -426.33 1840.6 -423.89 1840.6 -421.44 1840.6 -419 1840.6
C 2930 1837 1867 0 10 5 -431.8 1915 -431.8 1917.5 -431.8 1920 -431.8 1922.5 -431.8 1925
C 2931 1838 1866 2 7.86 5 -435.4 1915 -435.88 1916.86 -437.16 1918.24 -438.95 1919.1 -441 1919.4
C 2932 1838 1868 0 10 5 -435.4 1915 -435.4 1917.5 -435.4 1920 -435.4 1922.5 -435.4 1925
C 2933 1839 1805 0 10 5 -428.2 1845 -428.2 1842.5 -428.2 1840 -428.2 1837.5 -428.2 1835
C 2934 1840 1806 0 10 5 -424.6 1845 -424.6 1842.5 -424.6 1840 -424.6 1837.5 -424.6 1835
C 2935 1840 1841 2 7.86 5 -424.6 1845 -424.12 1843.14 -422.84 1841.76 -421.05 1840.9 -419 1840.6
C 2936 1841 1810 1 15.54 8 -261 1840.6 -258.58 1840.58 -256.08 1840.44 -253.67 1840.11 -251.52 1839.49 -249.78 1838.49 -248.62 1837.03 -248.2 1835
C 2937 1841 1843 2 7.86 5 -261 1840.6 -258.95 1840.9 -257.16 1841.76 -255.88 1843.14 -255.4 1845
C 2938 1841 1846 0 22 10 -261 1840.6 -258.56 1840.6 -256.11 1840.6 -253.67 1840.6 -251.22 1840.6 -248.78 1840.6 -246.33 1840.6 -243.89 1840.6 -241.44 1840.6 -239 1840.6
C 2939 1842 1872 0 10 5 -251.8 1915 -251.8 1917.5 -251.8 1920 -251.8 1922.5 -251.8 1925
C 2940 1843 1871 2 7.86 5 -255.4 1915 -255.88 1916.86 -257.16 1918.24 -258.95 1919.1 -261 1919.4
C 2941 1843 1873 0 10 5 -255.4 1915 -255.4 1917.5 -255.4 1920 -255.4 1922.5 -255.4 1925
C 2942 1844 1810 0 10 5 -248.2 1845 -248.2 1842.5 -248.2 1840 -248.2 1837.5 -248.2 1835
C 2943 1845 1811 0 10 5 -244.6 1845 -244.6 1842.5 -244.6 1840 -244.6 1837.5 -244.6 1835
C 2944 1845 1846 2 7.86 5 -244.6 1845 -244.12 1843.14 -242.84 1841.76 -241.05 1840.9 -239 1840.6
C 2945 1846 1815 1 15.54 8 -11 1840.6 -8.58 1840.58 -6.08 1840.44 -3.67 1840.11 -1.52 1839.49 0.22 1838.49 1.38 1837.03 1.8 1835
C 2946 1846 1848 2 7.86 5 -11 1840.6 -8.95 1840.9 -7.16 1841.76 -5.88 1843.14 -5.4 1845
C 2947 1846 1851 0 22 10 -11 1840.6 -8.56 1840.6 -6.11 1840.6 -3.67 1840.6 -1.22 1840.6 1.22 1840.6 3.67 1840.6 6.11 1840.6 8.56 1840.6 11 1840.6
C 2948 1847 1877 0 10 5 -1.8 1915 -1.8 1917.5 -1.8 1920 -1.8 1922.5 -1.8 1925
C 2949 1848 1876 2 7.86 5 -5.4 1915 -5.88 1916.86 -7.16 1918.24 -8.95 1919.1 -11 1919.4
C 2950 1848 1878 0 10 5 -5.4 1915 -5.4 1917.5 -5.4 1920 -5.4 1922.5 -5.4 1925
C 2951 1849 1815 0 10 5 1.8 1845 1.8 1842.5 1.8 1840 1.8 1837.5 1.8 1835
C 2952 1850 1816 0 10 5 5.4 1845 5.4 1842.5 5.4 1840 5.4 1837.5 5.4 1835
C 2953 1850 1851 2 7.86 5 5.4 1845 5.88 1843.14 7.16 1841.76 8.95 1840.9 11 1840.6
C 2954 1851 1820 1 15.54 8 239 1840.6 241.42 1840.58 243.92 1840.44 246.33 1840.11 248.48 1839.49 250.22 1838.49 251.38 1837.03 251.8 1835
C 2955 1851 1853 2 7.86 5 239 1840.6 241.05 1840.9 242.84 1841.76 244.12 1843.14 244.6 1845
C 2956 1851 1856 0 22 10 239 1840.6 241.44 1840.6 243.89 1840.6 246.33 1840.6 248.78 1840.6 251.22 1840.6 253.67 1840.6 256.11 1840.6 258.56 1840.6 261 1840.6
C 2957 1852 1882 0 10 5 248.2 1915 248.2 1917.5 248.2 1920 248.2 1922.5 248.2 1925
C 2958 1853 1881 2 7.86 5 244.6 1915 244.12 1916.86 242.84 1918.24 241.05 1919.1 239 1919.4
C 2959 1853 1883 0 10 5 244.6 1915 244.6 1917.5 244.6 1920 244.6 1922.5 244.6 1925
C 2960 1854 1820 0 10 5 251.8 1845 251.8 1842.5 251.8 1840 251.8 1837.5 251.8 1835
C 2961 1855 1821 0 10 5 255.4 1845 255.4 1842.5 255.4 1840 255.4 1837.5 255.4 1835
C 2962 1855 1856 2 7.86 5 255.4 1845 255.88 1843.14 257.16 1841.76 258.95 1840.9 261 1840.6
C 2963 1856 1825 1 15.54 8 419 1840.6 421.42 1840.58 423.92 1840.44 426.33 1840.11 428.48 1839.49 430.22 1838.49 431.38 1837.03 431.8 1835
C 2964 1856 1858 2 7.86 5 419 1840.6 421.05 1840.9 422.84 1841.76 424.12 1843.14 424.6 1845
C 2965 1856 1861 0 22 10 419 1840.6 421.44 1840.6 423.89 1840.6 426.33 1840.6 428.78 1840.6 431.22 1840.6 433.67 1840.6 436.11 1840.6 438.56 1840.6 441 1840.6
C 2966 1857 1887 0 10 5 428.2 1915 428.2 1917.5 428.2 1920 428.2 1922.5 428.2 1925
C 2967 1858 1886 2 7.86 5 424.6 1915 424.12 1916.86 422.84 1918.24 421.05 1919.1 419 1919.4
C 2968 1858 1888 0 10 5 424.6 1915 424.6 1917.5 424.6 1920 424.6 1922.5 424.6 1925
C 2969 1859 1825 0 10 5 431.8 1845 431.8 1842.5 431.8 1840 431.8 1837.5 431.8 1835
C 2970 1860 1826 0 10 5 435.4 1845 435.4 1842.5 435.4 1840 435.4 1837.5 435.4 1835
C 2971 1860 1861 2 7.86 5 435.4 1845 435.88 1843.14 437.16 1841.76 438.95 1840.9 441 1840.6
C 2972 1861 1830 1 15.54 8 599 1840.6 601.42 1840.58 603.92 1840.44 606.33 1840.11 608.48 1839.49 610.22 1838.49 611.38 1837.03 611.8 1835
C 2973 1861 1863 2 7.86 5 599 1840.6 601.05 1840.9 602.84 1841.76 604.12 1843.14 604.6 1845
C 2974 1862 1892 0 10 5 608.2 1915 608.2 1917.5 608.2 1920 608.2 1922.5 608.2 1925
C 2975 1863 1891 2 7.86 5 604.6 1915 604.12 1916.86 602.84 1918.24 601.05 1919.1 599 1919.4
C 2976 1863 1893 0 10 5 604.6 1915 604.6 1917.5 604.6 1920 604.6 1922.5 604.6 1925
C 2977 1864 1830 0 10 5 611.8 1845 611.8 1842.5 611.8 1840 611.8 1837.5 611.8 1835
C 2978 1865 1831 0 10 5 615.4 1845 615.4 1842.5 615.4 1840 615.4 1837.5 615.4 1835
C 2979 1866 1835 2 7.86 5 -599 1919.4 -601.05 1919.1 -602.84 1918.24 -604.12 1916.86 -604.6 1915
C 2980 1867 1897 0 10 5 -431.8 1995 -431.8 1997.5 -431.8 2000 -431.8 2002.5 -431.8 2005
C 2981 1867 1901 1 15.54 8 -431.8 1995 -431.38 1997.03 -430.22 1998.49 -428.48 1999.49 -426.33 2000.11 -423.92 2000.44 -421.42 2000.58 -419 2000.6
C 2982 1868 1898 0 10 5 -435.4 1995 -435.4 1997.5 -435.4 2000 -435.4 2002.5 -435.4 2005
C 2983 1869 1839 0 10 5 -428.2 1925 -428.2 1922.5 -428.2 1920 -428.2 1917.5 -428.2 1915
C 2984 1869 1866 1 15.54 8 -428.2 1925 -428.62 1922.97 -429.78 1921.51 -431.52 1920.51 -433.67 1919.89 -436.08 1919.56 -438.58 1919.42 -441 1919.4
C 2985 1870 1840 0 10 5 -424.6 1925 -424.6 1922.5 -424.6 1920 -424.6 1917.5 -424.6 1915
C 2986 1871 1840 2 7.86 5 -419 1919.4 -421.05 1919.1 -422.84 1918.24 -424.12 1916.86 -424.6 1915
C 2987 1871 1866 0 22 10 -419 1919.4 -421.44 1919.4 -423.89 1919.4 -426.33 1919.4 -428.78 1919.4 -431.22 1919.4 -433.67 1919.4 -436.11 1919.4 -438.56 1919.4 -441 1919.4
C 2988 1871 1867 1 15.54 8 -419 1919.4 -421.42 1919.42 -423.92 1919.56 -426.33 1919.89 -428.48 1920.51 -430.22 1921.51 -431.38 1922.97 -431.8 1925
C 2989 1872 1902 0 10 5 -251.8 1995 -251.8 1997.5 -251.8 2000 -251.8 2002.5 -251.8 2005
C 2990 1872 1906 1 15.54 8 -251.8 1995 -251.38 1997.03 -250.22 1998.49 -248.48 1999.49 -246.33 2000.11 -243.92 2000.44 -241.42 2000.58 -239 2000.6
C 2991 1873 1903 0 10 5 -255.4 1995 -255.4 1997.5 -255.4 2000 -255.4 2002.5 -255.4 2005
C 2992 1874 1844 0 10 5 -248.2 1925 -248.2 1922.5 -248.2 1920 -248.2 1917.5 -248.2 1915
C 2993 1874 1871 1 15.54 8 -248.2 1925 -248.62 1922.97 -249.78 1921.51 -251.52 1920.51 -253.67 1919.89 -256.08 1919.56 -258.58 1919.42 -261 1919.4
C 2994 1875 1845 0 10 5 -244.6 1925 -244.6 1922.5 -244.6 1920 -244.6 1917.5 -244.6 1915
C 2995 1876 1845 2 7.86 5 -239 1919.4 -241.05 1919.1 -242.84 1918.24 -244.12 1916.86 -244.6 1915
C 2996 1876 1871 0 22 10 -239 1919.4 -241.44 1919.4 -243.89 1919.4 -246.33 1919.4 -248.78 1919.4 -251.22 1919.4 -253.67 1919.4 -256.11 1919.4 -258.56 1919.4 -261 1919.4
C 2997 1876 1872 1 15.54 8 -239 1919.4 -241.42 1919.42 -243.92 1919.56 -246.33 1919.89 -248.48 1920.51 -250.22 1921.51 -251.38 1922.97 -251.8 1925
C 2998 1877 1907 0 10 5 -1.8 1995 -1.8 1997.5 -1.8 2000 -1.8 2002.5 -1.8 2005
C 2999 1877 1911 1 15.54 8 -1.8 1995 -1.38 1997.03 -0.22 1998.49 1.52 1999.49 3.67 2000.11 6.08 2000.44 8.58 2000.58 11 2000.6
C 3000 1878 1908 0 10 5 -5.4 1995 -5.4 1997.5 -5.4 2000 -5.4 2002.5 -5.4 2005
C 3001 1879 1849 0 10 5 1.8 1925 1.8 1922.5 1.8 1920 1.8 1917.5 1.8 1915
C 3002 1879 1876 1 15.54 8 1.8 1925 1.38 1922.97 0.22 1921.51 -1.52 1920.51 -3.67 1919.89 -6.08 1919.56 -8.58 1919.42 -11 1919.4
C 3003 1880 1850 0 10 5 5.4 1925 5.4 1922.5 5.4 1920 5.4 1917.5 5.4 1915
C 3004 1881 1850 2 7.86 5 11 1919.4 8.95 1919.1 7.16 1918.24 5.88 1916.86 5.4 1915
C 3005 1881 1876 0 22 10 11 1919.4 8.56 1919.4 6.11 1919.4 3.67 1919.4 1.22 1919.4 -1.22 1919.4 -3.67 1919.4 -6.11 1919.4 -8.56 1919.4 -11 1919.4
C 3006 1881 1877 1 15.54 8 11 1919.4 8.58 1919.42 6.08 1919.56 3.67 1919.89 1.52 1920.51 -0.22 1921.51 -1.38 1922.97 -1.8 1925
C 3007 1882 1912 0 10 5 248.2 1995 248.2 1997.5 248.2 2000 248.2 2002.5 248.2 2005
C 3008 1882 1916 1 15.54 8 248.2 1995 248.62 1997.03 249.78 1998.49 251.52 1999.49 253.67 2000.11 256.08 2000.44 258.58 2000.58 261 2000.6
C 3009 1883 1913 0 10 5 244.6 1995 244.6 1997.5 244.6 2000 244.6 2002.5 244.6 2005
C 3010 1884 1854 0 10 5 251.8 1925 251.8 1922.5 251.8 1920 251.8 1917.5 251.8 1915
C 3011 1884 1881 1 15.54 8 251.8 1925 251.38 1922.97 250.22 1921.51 248.48 1920.51 246.33 1919.89 243.92 1919.56 241.42 1919.42 239 1919.4
C 3012 1885 1855 0 10 5 255.4 1925 255.4 1922.5 255.4 1920 255.4 1917.5 255.4 1915
C 3013 1886 1855 2 7.86 5 261 1919.4 258.95 1919.1 257.16 1918.24 255.88 1916.86 255.4 1915
C 3014 1886 1881 0 22 10 261 1919.4 258.56 1919.4 256.11 1919.4 253.67 1919.4 251.22 1919.4 248.78 1919.4 246.33 1919.4 243.89 1919.4 241.44 1919.4 239 1919.4
C 3015 1886 1882 1 15.54 8 261 1919.4 258.58 1919.42 256.08 1919.56 253.67 1919.89 251.52 1920.51 249.78 1921.51 248.62 1922.97 248.2 1925
C 3016 1887 1917 0 10 5 428.2 1995 428.2 1997.5 428.2 2000 428.2 2002.5 428.2 2005
C 3017 1887 1921 1 15.54 8 428.2 1995 428.62 1997.03 429.78 1998.49 431.52 1999.49 433.67 2000.11 436.08 2000.44 438.58 2000.58 441 2000.6
C 3018 1888 1918 0 10 5 424.6 1995 424.6 1997.5 424.6 2000 424.6 2002.5 424.6 2005
C 3019 1889 1859 0 10 5 431.8 1925 431.8 1922.5 431.8 1920 431.8 1917.5 431.8 1915
C 3020 1889 1886 1 15.54 8 431.8 1925 431.38 1922.97 430.22 1921.51 428.48 1920.51 426.33 1919.89 423.92 1919.56 421.42 1919.42 419 1919.4
C 3021 1890 1860 0 10 5 435.4 1925 435.4 1922.5 435.4 1920 435.4 1917.5 435.4 1915
C 3022 1891 1860 2 7.86 5 441 1919.4 438.95 1919.1 437.16 1918.24 435.88 1916.86 435.4 1915
C 3023 1891 1886 0 22 10 441 1919.4 438.56 1919.4 436.11 1919.4 433.67 1919.4 431.22 1919.4 428.78 1919.4 426.33 1919.4 423.89 1919.4 421.44 1919.4 419 1919.4
C 3024 1891 1887 1 15.54 8 441 1919.4 438.58 1919.42 436.08 1919.56 433.67 1919.89 431.52 1920.51 429.78 1921.51 428.62 1922.97 428.2 1925
C 3025 1892 1922 0 10 5 608.2 1995 608.2 1997.5 608.2 2000 608.2 2002.5 608.2 2005
C 3026 1893 1923 0 10 5 604.6 1995 604.6 1997.5 604.6 2000 604.6 2002.5 604.6 2005
C 3027 1894 1864 0 10 5 611.8 1925 611.8 1922.5 611.8 1920 611.8 1917.5 611.8 1915
C 3028 1894 1891 1 15.54 8 611.8 1925 611.38 1922.97 610.22 1921.51 608.48 1920.51 606.33 1919.89 603.92 1919.56 601.42 1919.42 599 1919.4
C 3029 1895 1865 0 10 5 615.4 1925 615.4 1922.5 615.4 1920 615.4 1917.5 615.4 1915
C 3030 1896 1869 1 15.54 8 -441 2000.6 -438.58 2000.58 -436.08 2000.44 -433.67 2000.11 -431.52 1999.49 -429.78 1998.49 -428.62 1997.03 -428.2 1995
C 3031 1896 1898 2 7.86 5 -441 2000.6 -438.95 2000.9 -437.16 2001.76 -435.88 2003.14 -435.4 2005
C 3032 1896 1901 0 22 10 -441 2000.6 -438.56 2000.6 -436.11 2000.6 -433.67 2000.6 -431.22 2000.6 -428.78 2000.6 -426.33 2000.6 -423.89 2000.6 -421.44 2000.6 -419 2000.6
C 3033 1897 1927 0 10 5 -431.8 2075 -431.8 2077.5 -431.8 2080 -431.8 2082.5 -431.8 2085
C 3034 1898 1926 2 7.86 5 -435.4 2075 -435.88 2076.86 -437.16 2078.24 -438.95 2079.1 -441 2079.4
C 3035 1898 1928 0 10 5 -435.4 2075 -435.4 2077.5 -435.4 2080 -435.4 2082.5 -435.4 2085
C 3036 1899 1869 0 10 5 -428.2 2005 -428.2 2002.5 -428.2 2000 -428.2 1997.5 -428.2 1995
C 3037 1900 1870 0 10 5 -424.6 2005 -424.6 2002.5 -424.6 2000 -424.6 1997.5 -424.6 1995
C 3038 1900 1901 2 7.86 5 -424.6 2005 -424.12 2003.14 -422.84 2001.76 -421.05 2000.9 -419 2000.6
C 3039 1901 1874 1 15.54 8 -261 2000.6 -258.58 2000.58 -256.08 2000.44 -253.67 2000.11 -251.52 1999.49 -249.78 1998.49 -248.62 1997.03 -248.2 1995
C 3040 1901 1903 2 7.86 5 -261 2000.6 -258.95 2000.9 -257.16 2001.76 -255.88 2003.14 -255.4 2005
C 3041 1901 1906 0 22 10 -261 2000.6 -258.56 2000.6 -256.11 2000.6 -253.67 2000.6 -251.22 2000.6 -248.78 2000.6 -246.33 2000.6 -243.89 2000.6 -241.44 2000.6 -239 2000.6
C 3042 1902 1932 0 10 5 -251.8 2075 -251.8 2077.5 -251.8 2080 -251.8 2082.5 -251.8 2085
C 3043 1903 1931 2 7.86 5 -255.4 2075 -255.88 2076.86 -257.16 2078.24 -258.95 2079.1 -261 2079.4
C 3044 1903 1933 0 10 5 -255.4 2075 -255.4 2077.5 -255.4 2080 -255.4 2082.5 -255.4 2085
C 3045 1904 1874 0 10 5 -248.2 2005 -248.2 2002.5 -248.2 2000 -248.2 1997.5 -248.2 1995
C 3046 1905 1875 0 10 5 -244.6 2005 -244.6 2002.5 -244.6 2000 -244.6 1997.5 -244.6 1995
C 3047 1905 1906 2 7.86 5 -244.6 2005 -244.12 2003.14 -242.84 2001.76 -241.05 2000.9 -239 2000.6
C 3048 1906 1879 1 15.54 8 -11 2000.6 -8.58 2000.58 -6.08 2000.44 -3.67 2000.11 -1.52 1999.49 0.22 1998.49 1.38 1997.03 1.8 1995
C 3049 1906 1908 2 7.86 5 -11 2000.6 -8.95 2000.9 -7.16 2001.76 -5.88 2003.14 -5.4 2005
C 3050 1906 1911 0 22 10 -11 2000.6 -8.56 2000.6 -6.11 2000.6 -3.67 2000.6 -1.22 2000.6 1.22 2000.6 3.67 2000.6 6.11 2000.6 8.56 2000.6 11 2000.6
C 3051 1907 1937 0 10 5 -1.8 2075 -1.8 2077.5 -1.8 2080 -1.8 2082.5 -1.8 2085
C 3052 1908 1936 2 7.86 5 -5.4 2075 -5.88 2076.86 -7.16 2078.24 -8.95 2079.1 -11 2079.4
C 3053 1908 1938 0 10 5 -5.4 2075 -5.4 2077.5 -5.4 2080 -5.4 2082.5 -5.4 2085
C 3054 1909 1879 0 10 5 1.8 2005 1.8 2002.5 1.8 2000 1.8 1997.5 1.8 1995
C 3055 1910 1880 0 10 5 5.4 2005 5.4 2002.5 5.4 2000 5.4 1997.5 5.4 1995
C 3056 1910 1911 2 7.86 5 5.4 2005 5.88 2003.14 7.16 2001.76 8.95 2000.9 11 2000.6
C 3057 1911 1884 1 15.54 8 239 2000.6 241.42 2000.58 243.92 2000.44 246.33 2000.11 248.48 1999.49 250.22 1998.49 251.38 1997.03 251.8 1995
C 3058 1911 1913 2 7.86 5 239 2000.6 241.05 2000.9 242.84 2001.76 244.12 2003.14 244.6 2005
C 3059 1911 1916 0 22 10 239 2000.6 241.44 2000.6 243.89 2000.6 246.33 2000.6 248.78 2000.6 251.22 2000.6 253.67 2000.6 256.11 2000.6 258.56 2000.6 261 2000.6
C 3060 1912 1942 0 10 5 248.2 2075 248.2 2077.5 248.2 2080 248.2 2082.5 248.2 2085
C 3061 1913 1941 2 7.86 5 244.6 2075 244.12 2076.86 242.84 2078.24 241.05 2079.1 239 2079.4
C 3062 1913 1943 0 10 5 244.6 2075 244.6 2077.5 244.6 2080 244.6 2082.5 244.6 2085
C 3063 1914 1884 0 10 5 251.8 2005 251.8 2002.5 251.8 2000 251.8 1997.5 251.8 1995
C 3064 1915 1885 0 10 5 255.4 2005 255.4 2002.5 255.4 2000 255.4 1997.5 255.4 1995
C 3065 1915 1916 2 7.86 5 255.4 2005 255.88 2003.14 257.16 2001.76 258.95 2000.9 261 2000.6
C 3066 1916 1889 1 15.54 8 419 2000.6 421.42 2000.58 423.92 2000.44 426.33 2000.11 428.48 1999.49 430.22 1998.49 431.38 1997.03 431.8 1995
C 3067 1916 1918 2 7.86 5 419 2000.6 421.05 2000.9 422.84 2001.76 424.12 2003.14 424.6 2005
C 3068 1916 1921 0 22 10 419 2000.6 421.44 2000.6 423.89 2000.6 426.33 2000.6 428.78 2000.6 431.22 2000.6 433.67 2000.6 436.11 2000.6 438.56 2000.6 441 2000.6
C 3069 1917 1947 0 10 5 428.2 2075 428.2 2077.5 428.2 2080 428.2 2082.5 428.2 2085
C 3070 1918 1946 2 7.86 5 424.6 2075 424.12 2076.86 422.84 2078.24 421.05 2079.1 419 2079.4
C 3071 1918 1948 0 10 5 424.6 2075 424.6 2077.5 424.6 2080 424.6 2082.5 424.6 2085
C 3072 1919 1889 0 10 5 431.8 2005 431.8 2002.5 431.8 2000 431.8 1997.5 431.8 1995
C 3073 1920 1890 0 10 5 435.4 2005 435.4 2002.5 435.4 2000 435.4 1997.5 435.4 1995
C 3074 1920 1921 2 7.86 5 435.4 2005 435.88 2003.14 437.16 2001.76 438.95 2000.9 441 2000.6
C 3075 1921 1894 1 15.54 8 599 2000.6 601.42 2000.58 603.92 2000.44 606.33 2000.11 608.48 1999.49 610.22 1998.49 611.38 1997.03 611.8 1995
C 3076 1921 1923 2 7.86 5 599 2000.6 601.05 2000.9 602.84 2001.76 604.12 2003.14 604.6 2005
C 3077 1922 1952 0 10 5 608.2 2075 608.2 2077.5 608.2 2080 608.2 2082.5 608.2 2085
C 3078 1923 1951 2 7.86 5 604.6 2075 604.12 2076.86 602.84 2078.24 601.05 2079.1 599 2079.4
C 3079 1923 1953 0 10 5 604.6 2075 604.6 2077.5 604.6 2080 604.6 2082.5 604.6 2085
C 3080 1924 1894 0 10 5 611.8 2005 611.8 2002.5 611.8 2000 611.8 1997.5 611.8 1995
C 3081 1925 1895 0 10 5 615.4 2005 615.4 2002.5 615.4 2000 615.4 1997.5 615.4 1995
C 3082 1927 1956 0 10 5 -431.8 2155 -431.8 2157.5 -431.8 2160 -431.8 2162.5 -431.8 2165
C 3083 1927 1960 1 15.54 8 -431.8 2155 -431.38 2157.03 -430.22 2158.49 -428.48 2159.49 -426.33 2160.11 -423.92 2160.44 -421.42 2160.58 -419 2160.6
C 3084 1928 1957 0 10 5 -435.4 2155 -435.4 2157.5 -435.4 2160 -435.4 2162.5 -435.4 2165
C 3085 1929 1899 0 10 5 -428.2 2085 -428.2 2082.5 -428.2 2080 -428.2 2077.5 -428.2 2075
C 3086 1929 1926 1 15.54 8 -428.2 2085 -428.62 2082.97 -429.78 2081.51 -431.52 2080.51 -433.67 2079.89 -436.08 2079.56 -438.58 2079.42 -441 2079.4
C 3087 1930 1900 0 10 5 -424.6 2085 -424.6 2082.5 -424.6 2080 -424.6 2077.5 -424.6 2075
C 3088 1931 1900 2 7.86 5 -419 2079.4 -421.05 2079.1 -422.84 2078.24 -424.12 2076.86 -424.6 2075
C 3089 1931 1926 0 22 10 -419 2079.4 -421.44 2079.4 -423.89 2079.4 -426.33 2079.4 -428.78 2079.4 -431.22 2079.4 -433.67 2079.4 -436.11 2079.4 -438.56 2079.4 -441 2079.4
C 3090 1931 1927 1 15.54 8 -419 2079.4 -421.42 2079.42 -423.92 2079.56 -426.33 2079.89 -428.48 2080.51 -430.22 2081.51 -431.38 2082.97 -431.8 2085
C 3091 1932 1961 0 10 5 -251.8 2155 -251.8 2157.5 -251.8 2160 -251.8 2162.5 -251.8 2165
C 3092 1932 1965 1 15.54 8 -251.8 2155 -251.38 2157.03 -250.22 2158.49 -248.48 2159.49 -246.33 2160.11 -243.92 2160.44 -241.42 2160.58 -239 2160.6
C 3093 1933 1962 0 10 5 -255.4 2155 -255.4 2157.5 -255.4 2160 -255.4 2162.5 -255.4 2165
C 3094 1934 1904 0 10 5 -248.2 2085 -248.2 2082.5 -248.2 2080 -248.2 2077.5 -248.2 2075
C 3095 1934 1931 1 15.54 8 -248.2 2085 -248.62 2082.97 -249.78 2081.51 -251.52 2080.51 -253.67 2079.89 -256.08 2079.56 -258.58 2079.42 -261 2079.4
C 3096 1935 1905 0 10 5 -244.6 2085 -244.6 2082.5 -244.6 2080 -244.6 2077.5 -244.6 2075
C 3097 1936 1905 2 7.86 5 -239 2079.4 -241.05 2079.1 -242.84 2078.24 -244.12 2076.86 -244.6 2075
C 3098 1936 1931 0 22 10 -239 2079.4 -241.44 2079.4 -243.89 2079.4 -246.33 2079.4 -248.78 2079.4 -251.22 2079.4 -253.67 2079.4 -256.11 2079.4 -258.56 2079.4 -261 2079.4
C 3099 1936 1932 1 15.54 8 -239 2079.4 -241.42 2079.42 -243.92 2079.56 -246.33 2079.89 -248.48 2080.51 -250.22 2081.51 -251.38 2082.97 -251.8 2085
C 3100 1937 1966 0 10 5 -1.8 2155 -1.8 2157.5 -1.8 2160 -1.8 2162.5 -1.8 2165
C 3101 1937 1970 1 15.54 8 -1.8 2155 -1.38 2157.03 -0.22 2158.49 1.52 2159.49 3.67 2160.11 6.08 2160.44 8.58 2160.58 11 2160.6
C 3102 1938 1967 0 10 5 -5.4 2155 -5.4 2157.5 -5.4 2160 -5.4 2162.5 -5.4 2165
C 3103 1939 1909 0 10 5 1.8 2085 1.8 2082.5 1.8 2080 1.8 2077.5 1.8 2075
C 3104 1939 1936 1 15.54 8 1.8 2085 1.38 2082.97 0.22 2081.51 -1.52 2080.51 -3.67 2079.89 -6.08 2079.56 -8.58 2079.42 -11 2079.4
C 3105 1940 1910 0 10 5 5.4 2085 5.4 2082.5 5.4 2080 5.4 2077.5 5.4 2075
C 3106 1941 1910 2 7.86 5 11 2079.4 8.95 2079.1 7.16 2078.24 5.88 2076.86 5.4 2075
C 3107 1941 1936 0 22 10 11 2079.4 8.56 2079.4 6.11 2079.4 3.67 2079.4 1.22 2079.4 -1.22 2079.4 -3.67 2079.4 -6.11 2079.4 -8.56 2079.4 -11 2079.4
C 3108 1941 1937 1 15.54 8 11 2079.4 8.58 2079.42 6.08 2079.56 3.67 2079.89 1.52 2080.51 -0.22 2081.51 -1.38 2082.97 -1.8 2085
C 3109 1942 1971 0 10 5 248.2 2155 248.2 2157.5 248.2 2160 248.2 2162.5 248.2 2165
C 3110 1942 1975 1 15.54 8 248.2 2155 248.62 2157.03 249.78 2158.49 251.52 2159.49 253.67 2160.11 256.08 2160.44 258.58 2160.58 261 2160.6
C 3111 1943 1972 0 10 5 244.6 2155 244.6 2157.5 244.6 2160 244.6 2162.5 244.6 2165
C 3112 1944 1914 0 10 5 251.8 2085 251.8 2082.5 251.8 2080 251.8 2077.5 251.8 2075
C 3113 1944 1941 1 15.54 8 251.8 2085 251.38 2082.97 250.22 2081.51 248.48 2080.51 246.33 2079.89 243.92 2079.56 241.42 2079.42 239 2079.4
C 3114 1945 1915 0 10 5 255.4 2085 255.4 2082.5 255.4 2080 255.4 2077.5 255.4 2075
C 3115 1946 1915 2 7.86 5 261 2079.4 258.95 2079.1 257.16 2078.24 255.88 2076.86 255.4 2075
C 3116 1946 1941 0 22 10 261 2079.4 258.56 2079.4 256.11 2079.4 253.67 2079.4 251.22 2079.4 248.78 2079.4 246.33 2079.4 243.89 2079.4 241.44 2079.4 239 2079.4
C 3117 1946 1942 1 15.54 8 261 2079.4 258.58 2079.42 256.08 2079.56 253.67 2079.89 251.52 2080.51 249.78 2081.51 248.62 2082.97 248.2 2085
C 3118 1947 1976 0 10 5 428.2 2155 428.2 2157.5 428.2 2160 428.2 2162.5 428.2 2165
C 3119 1947 1980 1 15.54 8 428.2 2155 428.62 2157.03 429.78 2158.49 431.52 2159.49 433.67 2160.11 436.08 2160.44 438.58 2160.58 441 2160.6
C 3120 1948 1977 0 10 5 424.6 2155 424.6 2157.5 424.6 2160 424.6 2162.5 424.6 2165
C 3121 1949 1919 0 10 5 431.8 2085 431.8 2082.5 431.8 2080 431.8 2077.5 431.8 2075
C 3122 1949 1946 1 15.54 8 431.8 2085 431.38 2082.97 430.22 2081.51 428.48 2080.51 426.33 2079.89 423.92 2079.56 421.42 2079.42 419 2079.4
C 3123 1950 1920 0 10 5 435.4 2085 435.4 2082.5 435.4 2080 435.4 2077.5 435.4 2075
C 3124 1951 1920 2 7.86 5 441 2079.4 438.95 2079.1 437.16 2078.24 435.88 2076.86 435.4 2075
C 3125 1951 1946 0 22 10 441 2079.4 438.56 2079.4 436.11 2079.4 433.67 2079.4 431.22 2079.4 428.78 2079.4 426.33 2079.4 423.89 2079.4 421.44 2079.4 419 2079.4
C 3126 1951 1947 1 15.54 8 441 2079.4 438.58 2079.42 436.08 2079.56 433.67 2079.89 431.52 2080.51 429.78 2081.51 428.62 2082.97 428.2 2085
C 3127 1952 1981 0 10 5 608.2 2155 608.2 2157.5 608.2 2160 608.2 2162.5 608.2 2165
C 3128 1953 1982 0 10 5 604.6 2155 604.6 2157.5 604.6 2160 604.6 2162.5 604.6 2165
C 3129 1954 1924 0 10 5 611.8 2085 611.8 2082.5 611.8 2080 611.8 2077.5 611.8 2075
C 3130 1954 1951 1 15.54 8 611.8 2085 611.38 2082.97 610.22 2081.51 608.48 2080.51 606.33 2079.89 603.92 2079.56 601.42 2079.42 599 2079.4
C 3131 1955 1925 0 10 5 615.4 2085 615.4 2082.5 615.4 2080 615.4 2077.5 615.4 2075
C 3132 1956 1985 0 10 5 -431.8 2235 -431.8 2237.5 -431.8 2240 -431.8 2242.5 -431.8 2245
C 3133 1957 1986 0 10 5 -435.4 2235 -435.4 2237.5 -435.4 2240 -435.4 2242.5 -435.4 2245
C 3134 1958 1929 0 10 5 -428.2 2165 -428.2 2162.5 -428.2 2160 -428.2 2157.5 -428.2 2155
C 3135 1959 1930 0 10 5 -424.6 2165 -424.6 2162.5 -424.6 2160 -424.6 2157.5 -424.6 2155
C 3136 1959 1960 2 7.86 5 -424.6 2165 -424.12 2163.14 -422.84 2161.76 -421.05 2160.9 -419 2160.6
C 3137 1960 1934 1 15.54 8 -261 2160.6 -258.58 2160.58 -256.08 2160.44 -253.67 2160.11 -251.52 2159.49 -249.78 2158.49 -248.62 2157.03 -248.2 2155
C 3138 1960 1962 2 7.86 5 -261 2160.6 -258.95 2160.9 -257.16 2161.76 -255.88 2163.14 -255.4 2165
C 3139 1960 1965 0 22 10 -261 2160.6 -258.56 2160.6 -256.11 2160.6 -253.67 2160.6 -251.22 2160.6 -248.78 2160.6 -246.33 2160.6 -243.89 2160.6 -241.44 2160.6 -239 2160.6
C 3140 1961 1990 0 10 5 -251.8 2235 -251.8 2237.5 -251.8 2240 -251.8 2242.5 -251.8 2245
C 3141 1962 1989 2 7.86 5 -255.4 2235 -255.88 2236.86 -257.16 2238.24 -258.95 2239.1 -261 2239.4
C 3142 1962 1991 0 10 5 -255.4 2235 -255.4 2237.5 -255.4 2240 -255.4 2242.5 -255.4 2245
C 3143 1963 1934 0 10 5 -248.2 2165 -248.2 2162.5 -248.2 2160 -248.2 2157.5 -248.2 2155
C 3144 1964 1935 0 10 5 -244.6 2165 -244.6 2162.5 -244.6 2160 -244.6 2157.5 -244.6 2155
C 3145 1964 1965 2 7.86 5 -244.6 2165 -244.12 2163.14 -242.84 2161.76 -241.05 2160.9 -239 2160.6
C 3146 1965 1939 1 15.54 8 -11 2160.6 -8.58 2160.58 -6.08 2160.44 -3.67 2160.11 -1.52 2159.49 0.22 2158.49 1.38 2157.03 1.8 2155
C 3147 1965 1967 2 7.86 5 -11 2160.6 -8.95 2160.9 -7.16 2161.76 -5.88 2163.14 -5.4 2165
C 3148 1965 1970 0 22 10 -11 2160.6 -8.56 2160.6 -6.11 2160.6 -3.67 2160.6 -1.22 2160.6 1.22 2160.6 3.67 2160.6 6.11 2160.6 8.56 2160.6 11 2160.6
C 3149 1966 1995 0 10 5 -1.8 2235 -1.8 2237.5 -1.8 2240 -1.8 2242.5 -1.8 2245
C 3150 1967 1994 2 7.86 5 -5.4 2235 -5.88 2236.86 -7.16 2238.24 -8.95 2239.1 -11 2239.4
C 3151 1967 1996 0 10 5 -5.4 2235 -5.4 2237.5 -5.4 2240 -5.4 2242.5 -5.4 2245
C 3152 1968 1939 0 10 5 1.8 2165 1.8 2162.5 1.8 2160 1.8 2157.5 1.8 2155
C 3153 1969 1940 0 10 5 5.4 2165 5.4 2162.5 5.4 2160 5.4 2157.5 5.4 2155
C 3154 1969 1970 2 7.86 5 5.4 2165 5.88 2163.14 7.16 2161.76 8.95 2160.9 11 2160.6
C 3155 1970 1944 1 15.54 8 239 2160.6 241.42 2160.58 243.92 2160.44 246.33 2160.11 248.48 2159.49 250.22 2158.49 251.38 2157.03 251.8 2155
C 3156 1970 1972 2 7.86 5 239 2160.6 241.05 2160.9 242.84 2161.76 244.12 2163.14 244.6 2165
C 3157 1970 1975 0 22 10 239 2160.6 241.44 2160.6 243.89 2160.6 246.33 2160.6 248.78 2160.6 251.22 2160.6 253.67 2160.6 256.11 2160.6 258.56 2160.6 261 2160.6
C 3158 1971 2000 0 10 5 248.2 2235 248.2 2237.5 248.2 2240 248.2 2242.5 248.2 2245
C 3159 1972 1999 2 7.86 5 244.6 2235 244.12 2236.86 242.84 2238.24 241.05 2239.1 239 2239.4
C 3160 1972 2001 0 10 5 244.6 2235 244.6 2237.5 244.6 2240 244.6 2242.5 244.6 2245
C 3161 1973 1944 0 10 5 251.8 2165 251.8 2162.5 251.8 2160 251.8 2157.5 251.8 2155
C 3162 1974 1945 0 10 5 255.4 2165 255.4 2162.5 255.4 2160 255.4 2157.5 255.4 2155
C 3163 1974 1975 2 7.86 5 255.4 2165 255.88 2163.14 257.16 2161.76 258.95 2160.9 261 2160.6
C 3164 1975 1949 1 15.54 8 419 2160.6 421.42 2160.58 423.92 2160.44 426.33 2160.11 428.48 2159.49 430.22 2158.49 431.38 2157.03 431.8 2155
C 3165 1975 1977 2 7.86 5 419 2160.6 421.05 2160.9 422.84 2161.76 424.12 2163.14 424.6 2165
C 3166 1975 1980 0 22 10 419 2160.6 421.44 2160.6 423.89 2160.6 426.33 2160.6 428.78 2160.6 431.22 2160.6 433.67 2160.6 436.11 2160.6 438.56 2160.6 441 2160.6
C 3167 1976 2005 0 10 5 428.2 2235 428.2 2237.5 428.2 2240 428.2 2242.5 428.2 2245
C 3168 1977 2004 2 7.86 5 424.6 2235 424.12 2236.86 422.84 2238.24 421.05 2239.1 419 2239.4
C 3169 1977 2006 0 10 5 424.6 2235 424.6 2237.5 424.6 2240 424.6 2242.5 424.6 2245
C 3170 1978 1949 0 10 5 431.8 2165 431.8 2162.5 431.8 2160 431.8 2157.5 431.8 2155
C 3171 1979 1950 0 10 5 435.4 2165 435.4 2162.5 435.4 2160 435.4 2157.5 435.4 2155
C 3172 1979 1980 2 7.86 5 435.4 2165 435.88 2163.14 437.16 2161.76 438.95 2160.9 441 2160.6
C 3173 1980 1954 1 15.54 8 599 2160.6 601.42 2160.58 603.92 2160.44 606.33 2160.11 608.48 2159.49 610.22 2158.49 611.38 2157.03 611.8 2155
C 3174 1980 1982 2 7.86 5 599 2160.6 601.05 2160.9 602.84 2161.76 604.12 2163.14 604.6 2165
C 3175 1981 2010 0 10 5 608.2 2235 608.2 2237.5 608.2 2240 608.2 2242.5 608.2 2245
C 3176 1982 2009 2 7.86 5 604.6 2235 604.12 2236.86 602.84 2238.24 601.05 2239.1 599 2239.4
C 3177 1982 2011 0 10 5 604.6 2235 604.6 2237.5 604.6 2240 604.6 2242.5 604.6 2245
C 3178 1983 1954 0 10 5 611.8 2165 611.8 2162.5 611.8 2160 611.8 2157.5 611.8 2155
C 3179 1984 1955 0 10 5 615.4 2165 615.4 2162.5 615.4 2160 615.4 2157.5 615.4 2155
C 3180 1985 2014 0 10 5 -431.8 2315 -431.8 2317.5 -431.8 2320 -431.8 2322.5 -431.8 2325
C 3181 1985 2018 1 15.54 8 -431.8 2315 -431.38 2317.03 -430.22 2318.49 -428.48 2319.49 -426.33 2320.11 -423.92 2320.44 -421.42 2320.58 -419 2320.6
C 3182 1986 2015 0 10 5 -435.4 2315 -435.4 2317.5 -435.4 2320 -435.4 2322.5 -435.4 2325
C 3183 1987 1958 0 10 5 -428.2 2245 -428.2 2242.5 -428.2 2240 -428.2 2237.5 -428.2 2235
C 3184 1988 1959 0 10 5 -424.6 2245 -424.6 2242.5 -424.6 2240 -424.6 2237.5 -424.6 2235
C 3185 1989 1959 2 7.86 5 -419 2239.4 -421.05 2239.1 -422.84 2238.24 -424.12 2236.86 -424.6 2235
C 3186 1989 1985 1 15.54 8 -419 2239.4 -421.42 2239.42 -423.92 2239.56 -426.33 2239.89 -428.48 2240.51 -430.22 2241.51 -431.38 2242.97 -431.8 2245
C 3187 1990 2019 0 10 5 -251.8 2315 -251.8 2317.5 -251.8 2320 -251.8 2322.5 -251.8 2325
C 3188 1990 2023 1 15.54 8 -251.8 2315 -251.38 2317.03 -250.22 2318.49 -248.48 2319.49 -246.33 2320.11 -243.92 2320.44 -241.42 2320.58 -239 2320.6
C 3189 1991 2020 0 10 5 -255.4 2315 -255.4 2317.5 -255.4 2320 -255.4 2322.5 -255.4 2325
C 3190 1992 1963 0 10 5 -248.2 2245 -248.2 2242.5 -248.2 2240 -248.2 2237.5 -248.2 2235
C 3191 1992 1989 1 15.54 8 -248.2 2245 -248.62 2242.97 -249.78 2241.51 -251.52 2240.51 -253.67 2239.89 -256.08 2239.56 -258.58 2239.42 -261 2239.4
C 3192 1993 1964 0 10 5 -244.6 2245 -244.6 2242.5 -244.6 2240 -244.6 2237.5 -244.6 2235
C 3193 1994 1964 2 7.86 5 -239 2239.4 -241.05 2239.1 -242.84 2238.24 -244.12 2236.86 -244.6 2235
C 3194 1994 1989 0 22 10 -239 2239.4 -241.44 2239.4 -243.89 2239.4 -246.33 2239.4 -248.78 2239.4 -251.22 2239.4 -253.67 2239.4 -256.11 2239.4 -258.56 2239.4 -261 2239.4
C 3195 1994 1990 1 15.54 8 -239 2239.4 -241.42 2239.42 -243.92 2239.56 -246.33 2239.89 -248.48 2240.51 -250.22 2241.51 -251.38 2242.97 -251.8 2245
C 3196 1995 2632 0 25.6 12 -1.8 2267.2 -1.8 2269.53 -1.8 2271.85 -1.8 2274.18 -1.8 2276.51 -1.8 2278.84 -1.8 2281.16 -1.8 2283.49 -1.8 2285.82 -1.8 2288.15 -1.8 2290.47 -1.8 2292.8
C 3197 1996 2633 0 25.6 12 -5.4 2267.2 -5.4 2269.53 -5.4 2271.85 -5.4 2274.18 -5.4 2276.51 -5.4 2278.84 -5.4 2281.16 -5.4 2283.49 -5.4 2285.82 -5.4 2288.15 -5.4 2290.47 -5.4 2292.8
C 3198 1997 2634 0 25.6 12 1.8 2292.8 1.8 2290.47 1.8 2288.15 1.8 2285.82 1.8 2283.49 1.8 2281.16 1.8 2278.84 1.8 2276.51 1.8 2274.18 1.8 2271.85 1.8 2269.53 1.8 2267.2
C 3199 1998 2635 0 25.6 12 5.4 2292.8 5.4 2290.47 5.4 2288.15 5.4 2285.82 5.4 2283.49 5.4 2281.16 5.4 2278.84 5.4 2276.51 5.4 2274.18 5.4 2271.85 5.4 2269.53 5.4 2267.2
C 3200 1999 1969 2 7.86 5 11 2239.4 8.95 2239.1 7.16 2238.24 5.88 2236.86 5.4 2235
C 3201 1999 1994 0 22 10 11 2239.4 8.56 2239.4 6.11 2239.4 3.67 2239.4 1.22 2239.4 -1.22 2239.4 -3.67 2239.4 -6.11 2239.4 -8.56 2239.4 -11 2239.4
C 3202 1999 1995 1 15.54 8 11 2239.4 8.58 2239.42 6.08 2239.56 3.67 2239.89 1.52 2240.51 -0.22 2241.51 -1.38 2242.97 -1.8 2245
C 3203 2000 2029 0 10 5 248.2 2315 248.2 2317.5 248.2 2320 248.2 2322.5 248.2 2325
C 3204 2000 2033 1 15.54 8 248.2 2315 248.62 2317.03 249.78 2318.49 251.52 2319.49 253.67 2320.11 256.08 2320.44 258.58 2320.58 261 2320.6
C 3205 2001 2030 0 10 5 244.6 2315 244.6 2317.5 244.6 2320 244.6 2322.5 244.6 2325
C 3206 2002 1973 0 10 5 251.8 2245 251.8 2242.5 251.8 2240 251.8 2237.5 251.8 2235
C 3207 2002 1999 1 15.54 8 251.8 2245 251.38 2242.97 250.22 2241.51 248.48 2240.51 246.33 2239.89 243.92 2239.56 241.42 2239.42 239 2239.4
C 3208 2003 1974 0 10 5 255.4 2245 255.4 2242.5 255.4 2240 255.4 2237.5 255.4 2235
C 3209 2004 1974 2 7.86 5 261 2239.4 258.95 2239.1 257.16 2238.24 255.88 2236.86 255.4 2235
C 3210 2004 1999 0 22 10 261 2239.4 258.56 2239.4 256.11 2239.4 253.67 2239.4 251.22 2239.4 248.78 2239.4 246.33 2239.4 243.89 2239.4 241.44 2239.4 239 2239.4
C 3211 2004 2000 1 15.54 8 261 2239.4 258.58 2239.42 256.08 2239.56 253.67 2239.89 251.52 2240.51 249.78 2241.51 248.62 2242.97 248.2 2245
C 3212 2005 2034 0 10 5 428.2 2315 428.2 2317.5 428.2 2320 428.2 2322.5 428.2 2325
C 3213 2005 2038 1 15.54 8 428.2 2315 428.62 2317.03 429.78 2318.49 431.52 2319.49 433.67 2320.11 436.08 2320.44 438.58 2320.58 441 2320.6
C 3214 2006 2035 0 10 5 424.6 2315 424.6 2317.5 424.6 2320 424.6 2322.5 424.6 2325
C 3215 2007 1978 0 10 5 431.8 2245 431.8 2242.5 431.8 2240 431.8 2237.5 431.8 2235
C 3216 2007 2004 1 15.54 8 431.8 2245 431.38 2242.97 430.22 2241.51 428.48 2240.51 426.33 2239.89 423.92 2239.56 421.42 2239.42 419 2239.4
C 3217 2008 1979 0 10 5 435.4 2245 435.4 2242.5 435.4 2240 435.4 2237.5 435.4 2235
C 3218 2009 1979 2 7.86 5 441 2239.4 438.95 2239.1 437.16 2238.24 435.88 2236.86 435.4 2235
C 3219 2009 2004 0 22 10 441 2239.4 438.56 2239.4 436.11 2239.4 433.67 2239.4 431.22 2239.4 428.78 2239.4 426.33 2239.4 423.89 2239.4 421.44 2239.4 419 2239.4
C 3220 2009 2005 1 15.54 8 441 2239.4 438.58 2239.42 436.08 2239.56 433.67 2239.89 431.52 2240.51 429.78 2241.51 428.62 2242.97 428.2 2245
C 3221 2010 2012 2 6.57 5 608.2 2315 608.76 2316.82 610 2317.43 611.24 2316.82 611.8 2315
C 3222 2011 2013 2 20.12 10 604.6 2315 604.97 2317.88 605.96 2320.04 607.4 2321.48 609.1 2322.2 610.9 2322.2 612.6 2321.48 614.04 2320.04 615.03 2317.88 615.4 2315
C 3223 2012 1983 0 10 5 611.8 2245 611.8 2242.5 611.8 2240 611.8 2237.5 611.8 2235
C 3224 2012 2009 1 15.54 8 611.8 2245 611.38 2242.97 610.22 2241.51 608.48 2240.51 606.33 2239.89 603.92 2239.56 601.42 2239.42 599 2239.4
C 3225 2013 1984 0 10 5 615.4 2245 615.4 2242.5 615.4 2240 615.4 2237.5 615.4 2235
C 3226 2016 1987 0 10 5 -428.2 2325 -428.2 2322.5 -428.2 2320 -428.2 2317.5 -428.2 2315
C 3227 2017 1988 0 10 5 -424.6 2325 -424.6 2322.5 -424.6 2320 -424.6 2317.5 -424.6 2315
C 3228 2017 2018 2 7.86 5 -424.6 2325 -424.12 2323.14 -422.84 2321.76 -421.05 2320.9 -419 2320.6
C 3229 2018 1992 1 15.54 8 -261 2320.6 -258.58 2320.58 -256.08 2320.44 -253.67 2320.11 -251.52 2319.49 -249.78 2318.49 -248.62 2317.03 -248.2 2315
C 3230 2018 2020 2 7.86 5 -261 2320.6 -258.95 2320.9 -257.16 2321.76 -255.88 2323.14 -255.4 2325
C 3231 2018 2023 0 22 10 -261 2320.6 -258.56 2320.6 -256.11 2320.6 -253.67 2320.6 -251.22 2320.6 -248.78 2320.6 -246.33 2320.6 -243.89 2320.6 -241.44 2320.6 -239 2320.6
C 3232 2020 2039 2 7.86 5 -255.4 2395 -255.88 2396.86 -257.16 2398.24 -258.95 2399.1 -261 2399.4
C 3233 2021 1992 0 10 5 -248.2 2325 -248.2 2322.5 -248.2 2320 -248.2 2317.5 -248.2 2315
C 3234 2022 1993 0 10 5 -244.6 2325 -244.6 2322.5 -244.6 2320 -244.6 2317.5 -244.6 2315
C 3235 2022 2023 2 7.86 5 -244.6 2325 -244.12 2323.14 -242.84 2321.76 -241.05 2320.9 -239 2320.6
C 3236 2023 1997 1 15.54 8 -11 2320.6 -8.58 2320.58 -6.08 2320.44 -3.67 2320.11 -1.52 2319.49 0.22 2318.49 1.38 2317.03 1.8 2315
C 3237 2023 2025 2 7.86 5 -11 2320.6 -8.95 2320.9 -7.16 2321.76 -5.88 2323.14 -5.4 2325
C 3238 2023 2028 0 22 10 -11 2320.6 -8.56 2320.6 -6.11 2320.6 -3.67 2320.6 -1.22 2320.6 1.22 2320.6 3.67 2320.6 6.11 2320.6 8.56 2320.6 11 2320.6
C 3239 2025 2040 2 7.86 5 -5.4 2395 -5.88 2396.86 -7.16 2398.24 -8.95 2399.1 -11 2399.4
C 3240 2026 1997 0 10 5 1.8 2325 1.8 2322.5 1.8 2320 1.8 2317.5 1.8 2315
C 3241 2027 1998 0 10 5 5.4 2325 5.4 2322.5 5.4 2320 5.4 2317.5 5.4 2315
C 3242 2027 2028 2 7.86 5 5.4 2325 5.88 2323.14 7.16 2321.76 8.95 2320.9 11 2320.6
C 3243 2028 2002 1 15.54 8 239 2320.6 241.42 2320.58 243.92 2320.44 246.33 2320.11 248.48 2319.49 250.22 2318.49 251.38 2317.03 251.8 2315
C 3244 2028 2030 2 7.86 5 239 2320.6 241.05 2320.9 242.84 2321.76 244.12 2323.14 244.6 2325
C 3245 2028 2033 0 22 10 239 2320.6 241.44 2320.6 243.89 2320.6 246.33 2320.6 248.78 2320.6 251.22 2320.6 253.67 2320.6 256.11 2320.6 258.56 2320.6 261 2320.6
C 3246 2030 2041 2 7.86 5 244.6 2395 244.12 2396.86 242.84 2398.24 241.05 2399.1 239 2399.4
C 3247 2031 2002 0 10 5 251.8 2325 251.8 2322.5 251.8 2320 251.8 2317.5 251.8 2315
C 3248 2032 2003 0 10 5 255.4 2325 255.4 2322.5 255.4 2320 255.4 2317.5 255.4 2315
C 3249 2032 2033 2 7.86 5 255.4 2325 255.88 2323.14 257.16 2321.76 258.95 2320.9 261 2320.6
C 3250 2033 2007 1 15.54 8 419 2320.6 421.42 2320.58 423.92 2320.44 426.33 2320.11 428.48 2319.49 430.22 2318.49 431.38 2317.03 431.8 2315
C 3251 2033 2035 2 7.86 5 419 2320.6 421.05 2320.9 422.84 2321.76 424.12 2323.14 424.6 2325
C 3252 2033 2038 0 22 10 419 2320.6 421.44 2320.6 423.89 2320.6 426.33 2320.6 428.78 2320.6 431.22 2320.6 433.67 2320.6 436.11 2320.6 438.56 2320.6 441 2320.6
C 3253 2035 2042 2 7.86 5 424.6 2395 424.12 2396.86 422.84 2398.24 421.05 2399.1 419 2399.4
C 3254 2036 2007 0 10 5 431.8 2325 431.8 2322.5 431.8 2320 431.8 2317.5 431.8 2315
C 3255 2037 2008 0 10 5 435.4 2325 435.4 2322.5 435.4 2320 435.4 2317.5 435.4 2315
C 3256 2037 2038 2 7.86 5 435.4 2325 435.88 2323.14 437.16 2321.76 438.95 2320.9 441 2320.6
C 3257 2038 2012 1 15.54 8 599 2320.6 601.42 2320.58 603.92 2320.44 606.33 2320.11 608.48 2319.49 610.22 2318.49 611.38 2317.03 611.8 2315
C 3258 2039 2017 2 7.86 5 -419 2399.4 -421.05 2399.1 -422.84 2398.24 -424.12 2396.86 -424.6 2395
C 3259 2040 2022 2 7.86 5 -239 2399.4 -241.05 2399.1 -242.84 2398.24 -244.12 2396.86 -244.6 2395
C 3260 2040 2039 0 22 10 -239 2399.4 -241.44 2399.4 -243.89 2399.4 -246.33 2399.4 -248.78 2399.4 -251.22 2399.4 -253.67 2399.4 -256.11 2399.4 -258.56 2399.4 -261 2399.4
C 3261 2041 2027 2 7.86 5 11 2399.4 8.95 2399.1 7.16 2398.24 5.88 2396.86 5.4 2395
C 3262 2041 2040 0 22 10 11 2399.4 8.56 2399.4 6.11 2399.4 3.67 2399.4 1.22 2399.4 -1.22 2399.4 -3.67 2399.4 -6.11 2399.4 -8.56 2399.4 -11 2399.4
C 3263 2042 2032 2 7.86 5 261 2399.4 258.95 2399.1 257.16 2398.24 255.88 2396.86 255.4 2395
C 3264 2042 2041 0 22 10 261 2399.4 258.56 2399.4 256.11 2399.4 253.67 2399.4 251.22 2399.4 248.78 2399.4 246.33 2399.4 243.89 2399.4 241.44 2399.4 239 2399.4
C 3265 2043 2037 2 7.86 5 441 2399.4 438.95 2399.1 437.16 2398.24 435.88 2396.86 435.4 2395
C 3266 2043 2042 0 22 10 441 2399.4 438.56 2399.4 436.11 2399.4 433.67 2399.4 431.22 2399.4 428.78 2399.4 426.33 2399.4 423.89 2399.4 421.44 2399.4 419 2399.4
C 3267 2044 2048 0 19 9 -521.8 -2089.5 -521.8 -2087.13 -521.8 -2084.75 -521.8 -2082.38 -521.8 -2080 -521.8 -2077.63 -521.8 -2075.25 -521.8 -2072.88 -521.8 -2070.5
C 3268 2045 2049 0 19 9 -525.4 -2089.5 -525.4 -2087.13 -525.4 -2084.75 -525.4 -2082.38 -525.4 -2080 -525.4 -2077.63 -525.4 -2075.25 -525.4 -2072.88 -525.4 -2070.5
C 3269 2046 2044 2 6.57 5 -518.2 -2150.5 -518.76 -2152.32 -520 -2152.93 -521.24 -2152.32 -521.8 -2150.5
C 3270 2047 2045 2 20.12 10 -514.6 -2150.5 -514.97 -2153.38 -515.96 -2155.54 -517.4 -2156.98 -519.1 -2157.7 -520.9 -2157.7 -522.6 -2156.98 -524.04 -2155.54 -525.03 -2153.38 -525.4 -2150.5
C 3271 2048 2052 0 19 9 -521.8 -2009.5 -521.8 -2007.13 -521.8 -2004.75 -521.8 -2002.38 -521.8 -2000 -521.8 -1997.63 -521.8 -1995.25 -521.8 -1992.88 -521.8 -1990.5
C 3272 2049 2053 0 19 9 -525.4 -2009.5 -525.4 -2007.13 -525.4 -2004.75 -525.4 -2002.38 -525.4 -2000 -525.4 -1997.63 -525.4 -1995.25 -525.4 -1992.88 -525.4 -1990.5
C 3273 2050 2046 0 19 9 -518.2 -2070.5 -518.2 -2072.88 -518.2 -2075.25 -518.2 -2077.63 -518.2 -2080 -518.2 -2082.38 -518.2 -2084.75 -518.2 -2087.13 -518.2 -2089.5
C 3274 2051 2047 0 19 9 -514.6 -2070.5 -514.6 -2072.88 -514.6 -2075.25 -514.6 -2077.63 -514.6 -2080 -514.6 -2082.38 -514.6 -2084.75 -514.6 -2087.13 -514.6 -2089.5
C 3275 2052 2056 0 17 8 -521.8 -1928.5 -521.8 -1926.07 -521.8 -1923.64 -521.8 -1921.21 -521.8 -1918.79 -521.8 -1916.36 -521.8 -1913.93 -521.8 -1911.5
C 3276 2053 2057 0 17 8 -525.4 -1928.5 -525.4 -1926.07 -525.4 -1923.64 -525.4 -1921.21 -525.4 -1918.79 -525.4 -1916.36 -525.4 -1913.93 -525.4 -1911.5
C 3277 2054 2050 0 19 9 -518.2 -1990.5 -518.2 -1992.88 -518.2 -1995.25 -518.2 -1997.63 -518.2 -2000 -518.2 -2002.38 -518.2 -2004.75 -518.2 -2007.13 -518.2 -2009.5
C 3278 2055 2051 0 19 9 -514.6 -1990.5 -514.6 -1992.88 -514.6 -1995.25 -514.6 -1997.63 -514.6 -2000 -514.6 -2002.38 -514.6 -2004.75 -514.6 -2007.13 -514.6 -2009.5
C 3279 2056 2060 0 19 9 -521.8 -1849.5 -521.8 -1847.13 -521.8 -1844.75 -521.8 -1842.38 -521.8 -1840 -521.8 -1837.63 -521.8 -1835.25 -521.8 -1832.88 -521.8 -1830.5
C 3280 2057 2061 0 19 9 -525.4 -1849.5 -525.4 -1847.13 -525.4 -1844.75 -525.4 -1842.38 -525.4 -1840 -525.4 -1837.63 -525.4 -1835.25 -525.4 -1832.88 -525.4 -1830.5
C 3281 2058 2054 0 17 8 -518.2 -1911.5 -518.2 -1913.93 -518.2 -1916.36 -518.2 -1918.79 -518.2 -1921.21 -518.2 -1923.64 -518.2 -1926.07 -518.2 -1928.5
C 3282 2059 2055 0 17 8 -514.6 -1911.5 -514.6 -1913.93 -514.6 -1916.36 -514.6 -1918.79 -514.6 -1921.21 -514.6 -1923.64 -514.6 -1926.07 -514.6 -1928.5
C 3283 2060 2064 0 17 8 -521.8 -1768.5 -521.8 -1766.07 -521.8 -1763.64 -521.8 -1761.21 -521.8 -1758.79 -521.8 -1756.36 -521.8 -1753.93 -521.8 -1751.5
C 3284 2061 2065 0 17 8 -525.4 -1768.5 -525.4 -1766.07 -525.4 -1763.64 -525.4 -1761.21 -525.4 -1758.79 -525.4 -1756.36 -525.4 -1753.93 -525.4 -1751.5
C 3285 2062 2058 0 19 9 -518.2 -1830.5 -518.2 -1832.88 -518.2 -1835.25 -518.2 -1837.63 -518.2 -1840 -518.2 -1842.38 -518.2 -1844.75 -518.2 -1847.13 -518.2 -1849.5
C 3286 2063 2059 0 19 9 -514.6 -1830.5 -514.6 -1832.88 -514.6 -1835.25 -514.6 -1837.63 -514.6 -1840 -514.6 -1842.38 -514.6 -1844.75 -514.6 -1847.13 -514.6 -1849.5
C 3287 2064 2068 0 27 12 -521.8 -1693.5 -521.8 -1691.05 -521.8 -1688.59 -521.8 -1686.14 -521.8 -1683.68 -521.8 -1681.23 -521.8 -1678.77 -521.8 -1676.32 -521.8 -1673.86 -521.8 -1671.41 -521.8 -1668.95 -521.8 -1666.5
C 3288 2065 2069 0 27 12 -525.4 -1693.5 -525.4 -1691.05 -525.4 -1688.59 -525.4 -1686.14 -525.4 -1683.68 -525.4 -1681.23 -525.4 -1678.77 -525.4 -1676.32 -525.4 -1673.86 -525.4 -1671.41 -525.4 -1668.95 -525.4 -1666.5
C 3289 2066 2062 0 17 8 -518.2 -1751.5 -518.2 -1753.93 -518.2 -1756.36 -518.2 -1758.79 -518.2 -1761.21 -518.2 -1763.64 -518.2 -1766.07 -518.2 -1768.5
C 3290 2067 2063 0 17 8 -514.6 -1751.5 -514.6 -1753.93 -514.6 -1756.36 -514.6 -1758.79 -514.6 -1761.21 -514.6 -1763.64 -514.6 -1766.07 -514.6 -1768.5
C 3291 2068 2072 0 19 9 -521.8 -1609.5 -521.8 -1607.13 -521.8 -1604.75 -521.8 -1602.38 -521.8 -1600 -521.8 -1597.63 -521.8 -1595.25 -521.8 -1592.88 -521.8 -1590.5
C 3292 2069 2073 0 19 9 -525.4 -1609.5 -525.4 -1607.13 -525.4 -1604.75 -525.4 -1602.38 -525.4 -1600 -525.4 -1597.63 -525.4 -1595.25 -525.4 -1592.88 -525.4 -1590.5
C 3293 2070 2066 0 27 12 -518.2 -1666.5 -518.2 -1668.95 -518.2 -1671.41 -518.2 -1673.86 -518.2 -1676.32 -518.2 -1678.77 -518.2 -1681.23 -518.2 -1683.68 -518.2 -1686.14 -518.2 -1688.59 -518.2 -1691.05 -518.2 -1693.5
C 3294 2071 2067 0 27 12 -514.6 -1666.5 -514.6 -1668.95 -514.6 -1671.41 -514.6 -1673.86 -514.6 -1676.32 -514.6 -1678.77 -514.6 -1681.23 -514.6 -1683.68 -514.6 -1686.14 -514.6 -1688.59 -514.6 -1691.05 -514.6 -1693.5
C 3295 2072 2076 0 19 9 -521.8 -1529.5 -521.8 -1527.13 -521.8 -1524.75 -521.8 -1522.38 -521.8 -1520 -521.8 -1517.63 -521.8 -1515.25 -521.8 -1512.88 -521.8 -1510.5
C 3296 2073 2077 0 19 9 -525.4 -1529.5 -525.4 -1527.13 -525.4 -1524.75 -525.4 -1522.38 -525.4 -1520 -525.4 -1517.63 -525.4 -1515.25 -525.4 -1512.88 -525.4 -1510.5
C 3297 2074 2070 0 19 9 -518.2 -1590.5 -518.2 -1592.88 -518.2 -1595.25 -518.2 -1597.63 -518.2 -1600 -518.2 -1602.38 -518.2 -1604.75 -518.2 -1607.13 -518.2 -1609.5
C 3298 2075 2071 0 19 9 -514.6 -1590.5 -514.6 -1592.88 -514.6 -1595.25 -514.6 -1597.63 -514.6 -1600 -514.6 -1602.38 -514.6 -1604.75 -514.6 -1607.13 -514.6 -1609.5
C 3299 2076 2080 0 17 8 -521.8 -1448.5 -521.8 -1446.07 -521.8 -1443.64 -521.8 -1441.21 -521.8 -1438.79 -521.8 -1436.36 -521.8 -1433.93 -521.8 -1431.5
C 3300 2077 2081 0 17 8 -525.4 -1448.5 -525.4 -1446.07 -525.4 -1443.64 -525.4 -1441.21 -525.4 -1438.79 -525.4 -1436.36 -525.4 -1433.93 -525.4 -1431.5
C 3301 2078 2074 0 19 9 -518.2 -1510.5 -518.2 -1512.88 -518.2 -1515.25 -518.2 -1517.63 -518.2 -1520 -518.2 -1522.38 -518.2 -1524.75 -518.2 -1527.13 -518.2 -1529.5
C 3302 2079 2075 0 19 9 -514.6 -1510.5 -514.6 -1512.88 -514.6 -1515.25 -514.6 -1517.63 -514.6 -1520 -514.6 -1522.38 -514.6 -1524.75 -514.6 -1527.13 -514.6 -1529.5
C 3303 2080 2084 0 22.27 10 -521.8 -1369.5 -521.76 -1367.03 -521.66 -1364.56 -521.5 -1362.09 -521.28 -1359.62 -521 -1357.16 -520.68 -1354.71 -520.31 -1352.26 -519.91 -1349.82 -519.47 -1347.38
C 3304 2081 2085 0 22.94 11 -525.4 -1369.5 -525.37 -1367.21 -525.29 -1364.92 -525.15 -1362.63 -524.96 -1360.34 -524.73 -1358.06 -524.46 -1355.78 -524.14 -1353.51 -523.79 -1351.24 -523.41 -1348.97 -523 -1346.72
C 3305 2082 2078 0 17 8 -518.2 -1431.5 -518.2 -1433.93 -518.2 -1436.36 -518.2 -1438.79 -518.2 -1441.21 -518.2 -1443.64 -518.2 -1446.07 -518.2 -1448.5
C 3306 2083 2079 0 17 8 -514.6 -1431.5 -514.6 -1433.93 -514.6 -1436.36 -514.6 -1438.79 -514.6 -1441.21 -514.6 -1443.64 -514.6 -1446.07 -514.6 -1448.5
C 3307 2084 2088 0 24.5 11 -509.05 -1291.85 -508.6 -1289.44 -508.15 -1287.03 -507.7 -1284.63 -507.25 -1282.22 -506.8 -1279.81 -506.34 -1277.4 -505.89 -1274.99 -505.44 -1272.59 -504.99 -1270.18 -504.54 -1267.77
C 3308 2085 2089 0 24.5 11 -512.59 -1291.19 -512.14 -1288.78 -511.69 -1286.37 -511.24 -1283.96 -510.79 -1281.55 -510.33 -1279.15 -509.88 -1276.74 -509.43 -1274.33 -508.98 -1271.92 -508.53 -1269.51 -508.08 -1267.11
C 3309 2086 2082 0 21.6 10 -515.93 -1348.05 -516.35 -1350.41 -516.75 -1352.78 -517.11 -1355.15 -517.42 -1357.53 -517.69 -1359.92 -517.91 -1362.31 -518.07 -1364.71 -518.17 -1367.1 -518.2 -1369.5
C 3310 2087 2083 0 20.94 10 -512.39 -1348.71 -512.8 -1351 -513.19 -1353.29 -513.53 -1355.6 -513.84 -1357.9 -514.1 -1360.22 -514.31 -1362.53 -514.47 -1364.85 -514.57 -1367.18 -514.6 -1369.5
C 3311 2088 2092 0 32.5 14 -494.77 -1215.68 -494.31 -1213.22 -493.85 -1210.76 -493.39 -1208.31 -492.93 -1205.85 -492.47 -1203.39 -492.01 -1200.93 -491.55 -1198.48 -491.09 -1196.02 -490.62 -1193.56 -490.16 -1191.11 -489.7 -1188.65 -489.24 -1186.19 -488.78 -1183.73
C 3312 2089 2093 0 32.5 14 -498.31 -1215.01 -497.85 -1212.56 -497.39 -1210.1 -496.93 -1207.64 -496.47 -1205.19 -496.01 -1202.73 -495.54 -1200.27 -495.08 -1197.81 -494.62 -1195.36 -494.16 -1192.9 -493.7 -1190.44 -493.24 -1187.99 -492.78 -1185.53 -492.32 -1183.07
C 3313 2090 2086 0 24.5 11 -501 -1268.43 -501.45 -1270.84 -501.9 -1273.25 -502.35 -1275.66 -502.81 -1278.07 -503.26 -1280.47 -503.71 -1282.88 -504.16 -1285.29 -504.61 -1287.7 -505.06 -1290.11 -505.51 -1292.51
C 3314 2091 2087 0 24.5 11 -497.46 -1269.1 -497.91 -1271.5 -498.36 -1273.91 -498.82 -1276.32 -499.27 -1278.73 -499.72 -1281.14 -500.17 -1283.54 -500.62 -1285.95 -501.07 -1288.36 -501.53 -1290.77 -501.98 -1293.18
C 3315 2092 2096 0 24.5 11 -479.01 -1131.64 -478.56 -1129.23 -478.11 -1126.83 -477.66 -1124.42 -477.21 -1122.01 -476.76 -1119.6 -476.31 -1117.19 -475.85 -1114.79 -475.4 -1112.38 -474.95 -1109.97 -474.5 -1107.56
C 3316 2093 2097 0 24.5 11 -482.55 -1130.98 -482.1 -1128.57 -481.65 -1126.16 -481.2 -1123.75 -480.75 -1121.35 -480.3 -1118.94 -479.84 -1116.53 -479.39 -1114.12 -478.94 -1111.71 -478.49 -1109.31 -478.04 -1106.9
C 3317 2094 2090 0 32.5 15 -485.24 -1184.4 -485.67 -1186.68 -486.1 -1188.96 -486.53 -1191.24 -486.95 -1193.52 -487.38 -1195.81 -487.81 -1198.09 -488.24 -1200.37 -488.67 -1202.65 -489.09 -1204.93 -489.52 -1207.21 -489.95 -1209.5 -490.38 -1211.78 -490.8 -1214.06 -491.23 -1216.34
C 3318 2095 2091 0 32.5 15 -481.7 -1185.06 -482.13 -1187.34 -482.56 -1189.62 -482.99 -1191.91 -483.42 -1194.19 -483.84 -1196.47 -484.27 -1198.75 -484.7 -1201.03 -485.13 -1203.31 -485.56 -1205.6 -485.98 -1207.88 -486.41 -1210.16 -486.84 -1212.44 -487.27 -1214.72 -487.69 -1217
C 3319 2096 2100 0 23.5 11 -463.99 -1051.54 -463.56 -1049.23 -463.13 -1046.92 -462.7 -1044.61 -462.26 -1042.3 -461.83 -1039.99 -461.4 -1037.68 -460.96 -1035.37 -460.53 -1033.06 -460.1 -1030.75 -459.66 -1028.44
C 3320 2097 2101 0 23.5 11 -467.53 -1050.87 -467.1 -1048.56 -466.67 -1046.25 -466.23 -1043.95 -465.8 -1041.64 -465.37 -1039.33 -464.93 -1037.02 -464.5 -1034.71 -464.07 -1032.4 -463.64 -1030.09 -463.2 -1027.78
C 3321 2098 2094 0 24.5 11 -470.96 -1108.23 -471.41 -1110.63 -471.86 -1113.04 -472.32 -1115.45 -472.77 -1117.86 -473.22 -1120.27 -473.67 -1122.67 -474.12 -1125.08 -474.57 -1127.49 -475.02 -1129.9 -475.48 -1132.31
C 3322 2099 2095 0 24.5 11 -467.42 -1108.89 -467.87 -1111.3 -468.33 -1113.7 -468.78 -1116.11 -469.23 -1118.52 -469.68 -1120.93 -470.13 -1123.34 -470.58 -1125.74 -471.03 -1128.15 -471.49 -1130.56 -471.94 -1132.97
C 3323 2100 764 0 32.4 14 -450.63 -980.28 -449.94 -978 -448.79 -975.89 -447.29 -973.92 -445.53 -972.07 -443.57 -970.29 -441.52 -968.56 -439.47 -966.85 -437.49 -965.11 -435.67 -963.33 -434.11 -961.45 -432.88 -959.46 -432.09 -957.32 -431.8 -955
C 3324 2101 763 2 26.76 12 -454.17 -979.62 -453.29 -977.17 -451.69 -974.72 -449.58 -972.31 -447.2 -969.98 -444.76 -967.8 -442.47 -965.82 -440.55 -964.08 -439.23 -962.63 -438.72 -961.54 -439.24 -960.84 -441 -960.6
C 3325 2101 765 0 31.85 14 -454.17 -979.62 -453.48 -977.38 -452.35 -975.32 -450.86 -973.4 -449.09 -971.6 -447.15 -969.88 -445.1 -968.2 -443.05 -966.54 -441.08 -964.86 -439.26 -963.13 -437.7 -961.31 -436.48 -959.37 -435.68 -957.28 -435.4 -955
C 3326 2102 2098 0 23.5 11 -456.13 -1029.1 -456.56 -1031.41 -456.99 -1033.72 -457.42 -1036.03 -457.86 -1038.34 -458.29 -1040.65 -458.72 -1042.96 -459.16 -1045.27 -459.59 -1047.58 -460.02 -1049.89 -460.46 -1052.2
C 3327 2103 2099 0 23.5 11 -452.59 -1029.77 -453.02 -1032.08 -453.45 -1034.39 -453.89 -1036.7 -454.32 -1039.01 -454.75 -1041.32 -455.19 -1043.63 -455.62 -1045.94 -456.05 -1048.25 -456.48 -1050.55 -456.92 -1052.86
C 3328 2104 2108 0 35 16 -395.04 -814.19 -393.9 -812.15 -392.76 -810.12 -391.61 -808.08 -390.47 -806.05 -389.32 -804.02 -388.18 -801.98 -387.04 -799.95 -385.89 -797.92 -384.75 -795.88 -383.6 -793.85 -382.46 -791.81 -381.32 -789.78 -380.17 -787.75 -379.03 -785.71 -377.89 -783.68
C 3329 2105 2109 0 35 16 -398.18 -812.42 -397.04 -810.39 -395.89 -808.35 -394.75 -806.32 -393.61 -804.29 -392.46 -802.25 -391.32 -800.22 -390.17 -798.18 -389.03 -796.15 -387.89 -794.12 -386.74 -792.08 -385.6 -790.05 -384.45 -788.02 -383.31 -785.98 -382.17 -783.95 -381.02 -781.92
C 3330 2106 766 0 48.22 21 -406.86 -842.53 -408.07 -844.6 -409.34 -846.65 -410.68 -848.69 -412.06 -850.73 -413.47 -852.77 -414.89 -854.8 -416.32 -856.84 -417.73 -858.88 -419.11 -860.94 -420.44 -863 -421.72 -865.08 -422.93 -867.18 -424.04 -869.31 -425.06 -871.45 -425.96 -873.62 -426.73 -875.83 -427.35 -878.06 -427.81 -880.33 -428.1 -882.65 -428.2 -885
C 3331 2107 767 0 46.42 20 -403.72 -844.3 -404.95 -846.39 -406.26 -848.46 -407.63 -850.53 -409.05 -852.58 -410.5 -854.63 -411.97 -856.68 -413.43 -858.74 -414.87 -860.8 -416.28 -862.87 -417.63 -864.96 -418.91 -867.07 -420.11 -869.19 -421.2 -871.34 -422.17 -873.53 -423 -875.74 -423.67 -877.99 -424.18 -880.28 -424.49 -882.62 -424.6 -885
C 3332 2107 796 2 44.67 19 -403.72 -844.3 -405.08 -846.55 -406.67 -848.93 -408.43 -851.42 -410.32 -853.98 -412.28 -856.58 -414.25 -859.18 -416.19 -861.76 -418.02 -864.29 -419.7 -866.73 -421.18 -869.05 -422.4 -871.21 -423.3 -873.19 -423.83 -874.95 -423.94 -876.47 -423.56 -877.7 -422.65 -878.62 -421.15 -879.2 -419 -879.4
C 3333 2108 2112 0 35 15 -350.19 -734.44 -348.96 -732.26 -347.73 -730.08 -346.51 -727.9 -345.28 -725.72 -344.06 -723.54 -342.83 -721.36 -341.61 -719.18 -340.38 -717 -339.15 -714.83 -337.93 -712.65 -336.7 -710.47 -335.48 -708.29 -334.25 -706.11 -333.03 -703.93
C 3334 2109 2113 0 35 15 -353.32 -732.67 -352.1 -730.49 -350.87 -728.31 -349.65 -726.13 -348.42 -723.96 -347.19 -721.78 -345.97 -719.6 -344.74 -717.42 -343.52 -715.24 -342.29 -713.06 -341.07 -710.88 -339.84 -708.7 -338.62 -706.52 -337.39 -704.34 -336.16 -702.17
C 3335 2110 2106 0 35 15 -374.75 -785.44 -375.97 -787.62 -377.2 -789.8 -378.42 -791.98 -379.65 -794.16 -380.88 -796.34 -382.1 -798.52 -383.33 -800.7 -384.55 -802.88 -385.78 -805.06 -387 -807.23 -388.23 -809.41 -389.46 -811.59 -390.68 -813.77 -391.91 -815.95
C 3336 2111 2107 0 35 15 -371.61 -787.21 -372.84 -789.39 -374.06 -791.57 -375.29 -793.75 -376.51 -795.93 -377.74 -798.1 -378.96 -800.28 -380.19 -802.46 -381.42 -804.64 -382.64 -806.82 -383.87 -809 -385.09 -811.18 -386.32 -813.36 -387.54 -815.54 -388.77 -817.72
C 3337 2112 2116 0 28 13 -305.08 -654.25 -303.94 -652.22 -302.79 -650.18 -301.65 -648.15 -300.51 -646.12 -299.36 -644.08 -298.22 -642.05 -297.07 -640.02 -295.93 -637.98 -294.79 -635.95 -293.64 -633.91 -292.5 -631.88 -291.35 -629.85
C 3338 2113 2117 0 28 13 -308.22 -652.49 -307.08 -650.45 -305.93 -648.42 -304.79 -646.39 -303.64 -644.35 -302.5 -642.32 -301.36 -640.28 -300.21 -638.25 -299.07 -636.22 -297.92 -634.18 -296.78 -632.15 -295.64 -630.12 -294.49 -628.08
C 3339 2114 2110 0 35 16 -329.89 -705.7 -331.03 -707.73 -332.18 -709.76 -333.32 -711.8 -334.46 -713.83 -335.61 -715.86 -336.75 -717.9 -337.9 -719.93 -339.04 -721.97 -340.18 -724 -341.33 -726.03 -342.47 -728.07 -343.62 -730.1 -344.76 -732.13 -345.9 -734.17 -347.05 -736.2
C 3340 2115 2111 0 35 16 -326.75 -707.46 -327.89 -709.49 -329.04 -711.53 -330.18 -713.56 -331.33 -715.6 -332.47 -717.63 -333.61 -719.66 -334.76 -721.7 -335.9 -723.73 -337.05 -725.76 -338.19 -727.8 -339.33 -729.83 -340.48 -731.86 -341.62 -733.9 -342.77 -735.93 -343.91 -737.97
C 3341 2118 2114 0 28 13 -288.22 -631.61 -289.36 -633.65 -290.5 -635.68 -291.65 -637.71 -292.79 -639.75 -293.94 -641.78 -295.08 -643.81 -296.22 -645.85 -297.37 -647.88 -298.51 -649.91 -299.66 -651.95 -300.8 -653.98 -301.94 -656.02
C 3342 2119 2115 0 28 13 -285.08 -633.38 -286.22 -635.41 -287.37 -637.44 -288.51 -639.48 -289.65 -641.51 -290.8 -643.55 -291.94 -645.58 -293.09 -647.61 -294.23 -649.65 -295.37 -651.68 -296.52 -653.71 -297.66 -655.75 -298.81 -657.78
C 3343 2120 2122 0 50 22 -181.36 -495.77 -179.64 -494.12 -177.92 -492.47 -176.21 -490.82 -174.49 -489.17 -172.77 -487.52 -171.05 -485.87 -169.34 -484.23 -167.62 -482.58 -165.9 -480.93 -164.18 -479.28 -162.47 -477.63 -160.75 -475.98 -159.03 -474.33 -157.31 -472.68 -155.59 -471.03 -153.88 -469.39 -152.16 -467.74 -150.44 -466.09 -148.72 -464.44 -147.01 -462.79 -145.29 -461.14
C 3344 2121 2123 0 50 22 -183.85 -493.17 -182.13 -491.52 -180.42 -489.87 -178.7 -488.22 -176.98 -486.58 -175.26 -484.93 -173.55 -483.28 -171.83 -481.63 -170.11 -479.98 -168.39 -478.33 -166.68 -476.68 -164.96 -475.03 -163.24 -473.38 -161.52 -471.74 -159.81 -470.09 -158.09 -468.44 -156.37 -466.79 -154.65 -465.14 -152.94 -463.49 -151.22 -461.84 -149.5 -460.19 -147.78 -458.54
C 3345 2122 2124 0 46 20 -99.12 -416.82 -97.37 -415.14 -95.63 -413.47 -93.88 -411.79 -92.13 -410.11 -90.39 -408.44 -88.64 -406.76 -86.89 -405.08 -85.15 -403.41 -83.4 -401.73 -81.66 -400.05 -79.91 -398.38 -78.16 -396.7 -76.42 -395.02 -74.67 -393.35 -72.92 -391.67 -71.18 -389.99 -69.43 -388.32 -67.68 -386.64 -65.94 -384.96
C 3346 2123 2125 0 46 20 -101.61 -414.22 -99.87 -412.55 -98.12 -410.87 -96.37 -409.19 -94.63 -407.52 -92.88 -405.84 -91.13 -404.16 -89.39 -402.49 -87.64 -400.81 -85.89 -399.13 -84.15 -397.46 -82.4 -395.78 -80.66 -394.1 -78.91 -392.43 -77.16 -390.75 -75.42 -389.07 -73.67 -387.4 -71.92 -385.72 -70.18 -384.04 -68.43 -382.37
C 3347 2124 1034 0 33.74 15 -20.85 -341.68 -19.12 -340.05 -17.31 -338.39 -15.47 -336.71 -13.63 -334.99 -11.81 -333.24 -10.04 -331.44 -8.37 -329.6 -6.82 -327.71 -5.41 -325.76 -4.2 -323.74 -3.2 -321.67 -2.44 -319.52 -1.97 -317.3 -1.8 -315
C 3348 2125 1035 0 30.93 14 -23.34 -339.08 -21.62 -337.48 -19.81 -335.86 -17.96 -334.22 -16.1 -332.55 -14.27 -330.84 -12.51 -329.09 -10.85 -327.29 -9.35 -325.43 -8.03 -323.5 -6.94 -321.5 -6.11 -319.43 -5.58 -317.26 -5.4 -315
C 3349 2126 2128 0 36.5 16 41.3 383.81 42.59 385.88 43.88 387.94 45.17 390 46.46 392.07 47.75 394.13 49.04 396.19 50.33 398.26 51.61 400.32 52.9 402.38 54.19 404.45 55.48 406.51 56.77 408.57 58.06 410.64 59.35 412.7 60.64 414.76
C 3350 2127 2129 0 36.5 16 38.24 385.72 39.53 387.78 40.82 389.85 42.11 391.91 43.4 393.97 44.69 396.04 45.98 398.1 47.27 400.16 48.56 402.23 49.85 404.29 51.14 406.35 52.43 408.42 53.72 410.48 55.01 412.54 56.3 414.61 57.59 416.67
C 3351 2128 2130 0 36.5 16 91.38 463.95 92.67 466.01 93.96 468.07 95.25 470.14 96.54 472.2 97.83 474.27 99.12 476.33 100.41 478.39 101.7 480.46 102.99 482.52 104.28 484.58 105.57 486.65 106.86 488.71 108.15 490.77 109.44 492.84 110.73 494.9
C 3352 2129 2131 0 36.5 16 88.33 465.86 89.62 467.92 90.91 469.98 92.2 472.05 93.49 474.11 94.78 476.17 96.07 478.24 97.36 480.3 98.65 482.36 99.94 484.43 101.23 486.49 102.52 488.55 103.81 490.62 105.1 492.68 106.38 494.74 107.67 496.81
C 3353 2130 2132 0 36 16 141.47 544.08 142.74 546.12 144.01 548.15 145.28 550.19 146.56 552.22 147.83 554.26 149.1 556.29 150.37 558.33 151.64 560.37 152.92 562.4 154.19 564.44 155.46 566.47 156.73 568.51 158 570.54 159.28 572.58 160.55 574.61
C 3354 2131 2133 0 36 16 138.41 545.99 139.69 548.03 140.96 550.06 142.23 552.1 143.5 554.13 144.77 556.17 146.05 558.2 147.32 560.24 148.59 562.27 149.86 564.31 151.13 566.34 152.41 568.38 153.68 570.41 154.95 572.45 156.22 574.48 157.49 576.52
C 3355 2132 2134 0 36.5 16 191.29 623.8 192.58 625.86 193.87 627.92 195.16 629.99 196.45 632.05 197.74 634.11 199.03 636.18 200.31 638.24 201.6 640.3 202.89 642.37 204.18 644.43 205.47 646.49 206.76 648.56 208.05 650.62 209.34 652.68 210.63 654.75
C 3356 2133 2135 0 36.5 16 188.23 625.7 189.52 627.77 190.81 629.83 192.1 631.89 193.39 633.96 194.68 636.02 195.97 638.08 197.26 640.15 198.55 642.21 199.84 644.27 201.13 646.34 202.42 648.4 203.71 650.46 205 652.53 206.29 654.59 207.58 656.66
C 3357 2134 1453 0 44.97 19 229.45 684.85 230.78 686.94 232.15 689.04 233.55 691.15 234.97 693.27 236.39 695.4 237.79 697.54 239.16 699.71 240.49 701.89 241.76 704.08 242.96 706.3 244.07 708.54 245.08 710.81 245.97 713.1 246.74 715.42 247.35 717.77 247.81 720.15 248.1 722.56 248.2 725
C 3358 2134 1457 0 49.91 21 229.45 684.85 230.7 686.94 231.95 689.13 233.19 691.41 234.44 693.74 235.7 696.12 236.97 698.52 238.28 700.9 239.62 703.26 240.99 705.56 242.42 707.78 243.91 709.9 245.45 711.9 247.07 713.75 248.77 715.43 250.55 716.91 252.42 718.18 254.4 719.2 256.48 719.96 258.68 720.44 261 720.6
C 3359 2134 2136 0 84.74 25 229.45 684.85 231.32 687.85 233.18 690.85 235.03 693.85 236.88 696.86 238.72 699.87 240.56 702.89 242.39 705.91 244.22 708.93 246.03 711.95 247.85 714.99 249.65 718.02 251.45 721.06 253.25 724.1 255.04 727.14 256.82 730.19 258.6 733.24 260.37 736.29 262.14 739.35 263.9 742.41 265.65 745.48 267.4 748.54 269.15 751.61 270.88 754.69 272.62 757.76
C 3360 2135 1454 0 42.99 19 226.39 686.76 227.67 688.76 228.99 690.76 230.34 692.77 231.71 694.79 233.08 696.82 234.44 698.86 235.77 700.91 237.07 702.98 238.3 705.07 239.47 707.18 240.56 709.32 241.54 711.47 242.42 713.65 243.16 715.86 243.77 718.1 244.22 720.36 244.5 722.66 244.6 725
C 3361 2135 1457 0 50.54 22 226.39 686.76 227.63 688.75 228.88 690.82 230.16 692.94 231.46 695.1 232.8 697.27 234.17 699.45 235.58 701.61 237.03 703.74 238.52 705.82 240.06 707.83 241.66 709.76 243.3 711.59 245 713.3 246.76 714.87 248.58 716.28 250.47 717.53 252.42 718.59 254.45 719.44 256.56 720.07 258.74 720.47 261 720.6
C 3362 2135 2137 0 84.57 25 226.39 686.76 228.26 689.75 230.12 692.74 231.97 695.74 233.81 698.74 235.65 701.75 237.49 704.76 239.31 707.77 241.13 710.79 242.95 713.81 244.76 716.83 246.56 719.86 248.36 722.89 250.15 725.93 251.93 728.97 253.71 732.01 255.49 735.05 257.26 738.1 259.02 741.15 260.78 744.21 262.53 747.27 264.27 750.33 266.01 753.39 267.75 756.46 269.48 759.53
C 3363 2136 2138 0 35 16 287.57 784.34 288.71 786.38 289.86 788.41 291 790.45 292.15 792.48 293.29 794.51 294.43 796.55 295.58 798.58 296.72 800.61 297.87 802.65 299.01 804.68 300.15 806.71 301.3 808.75 302.44 810.78 303.59 812.82 304.73 814.85
C 3364 2137 2139 0 35 16 284.43 786.11 285.58 788.14 286.72 790.18 287.86 792.21 289.01 794.24 290.15 796.28 291.3 798.31 292.44 800.34 293.58 802.38 294.73 804.41 295.87 806.45 297.02 808.48 298.16 810.51 299.3 812.55 300.45 814.58 301.59 816.61
C 3365 2138 2140 0 35 15 332.43 864.09 333.65 866.27 334.88 868.45 336.11 870.63 337.33 872.81 338.56 874.99 339.78 877.17 341.01 879.35 342.23 881.52 343.46 883.7 344.69 885.88 345.91 888.06 347.14 890.24 348.36 892.42 349.59 894.6
C 3366 2139 2141 0 35 15 329.29 865.86 330.52 868.04 331.74 870.22 332.97 872.39 334.19 874.57 335.42 876.75 336.65 878.93 337.87 881.11 339.1 883.29 340.32 885.47 341.55 887.65 342.77 889.83 344 892.01 345.23 894.18 346.45 896.36
C 3367 2140 2142 0 35 15 377.53 944.28 378.76 946.46 379.98 948.64 381.21 950.81 382.44 952.99 383.66 955.17 384.89 957.35 386.11 959.53 387.34 961.71 388.56 963.89 389.79 966.07 391.02 968.25 392.24 970.43 393.47 972.6 394.69 974.78
C 3368 2141 2143 0 35 15 374.4 946.04 375.62 948.22 376.85 950.4 378.07 952.58 379.3 954.76 380.52 956.94 381.75 959.12 382.98 961.3 384.2 963.47 385.43 965.65 386.65 967.83 387.88 970.01 389.1 972.19 390.33 974.37 391.55 976.55
C 3369 2142 1550 0 48.52 21 409.4 1000.93 410.6 1003.02 411.83 1005.12 413.09 1007.22 414.36 1009.33 415.64 1011.44 416.91 1013.57 418.17 1015.71 419.4 1017.86 420.59 1020.02 421.74 1022.2 422.82 1024.39 423.84 1026.6 424.77 1028.82 425.62 1031.07 426.36 1033.33 427 1035.62 427.51 1037.93 427.89 1040.26 428.12 1042.62 428.2 1045
C 3370 2142 1554 1 54.03 23 409.4 1000.93 410.68 1003.31 411.88 1005.74 413.01 1008.2 414.09 1010.68 415.13 1013.16 416.16 1015.63 417.17 1018.07 418.19 1020.47 419.23 1022.8 420.3 1025.06 421.42 1027.23 422.6 1029.29 423.86 1031.23 425.21 1033.03 426.67 1034.68 428.24 1036.16 429.95 1037.45 431.81 1038.54 433.83 1039.42 436.02 1040.06 438.41 1040.46 441 1040.6
C 3371 2142 2144 0 81.17 25 409.4 1000.93 410.93 1003.81 412.32 1006.79 413.59 1009.86 414.72 1013 415.72 1016.22 416.58 1019.49 417.32 1022.82 417.92 1026.19 418.39 1029.6 418.72 1033.03 418.93 1036.48 419 1039.93 418.94 1043.39 418.74 1046.84 418.41 1050.27 417.95 1053.68 417.36 1057.05 416.63 1060.38 415.77 1063.65 414.78 1066.86 413.65 1070.01 412.39 1073.07 411 1076.05 409.47 1078.94
C 3372 2143 1551 0 46.7 20 406.26 1002.7 407.48 1004.81 408.73 1006.93 410.02 1009.06 411.32 1011.19 412.63 1013.33 413.94 1015.48 415.22 1017.64 416.47 1019.82 417.67 1022.01 418.82 1024.21 419.9 1026.43 420.9 1028.67 421.81 1030.93 422.61 1033.22 423.29 1035.52 423.85 1037.85 424.26 1040.21 424.51 1042.59 424.6 1045
C 3373 2143 2145 0 77.5 25 406.26 1002.7 407.72 1005.45 409.05 1008.29 410.26 1011.22 411.34 1014.22 412.29 1017.29 413.12 1020.42 413.82 1023.59 414.4 1026.81 414.84 1030.06 415.17 1033.34 415.36 1036.63 415.43 1039.93 415.37 1043.24 415.18 1046.53 414.87 1049.8 414.43 1053.06 413.87 1056.27 413.17 1059.45 412.35 1062.58 411.4 1065.65 410.33 1068.65 409.12 1071.58 407.79 1074.42 406.34 1077.17
C 3374 2144 2146 0 35 15 394.52 1105.52 393.3 1107.7 392.07 1109.88 390.84 1112.06 389.62 1114.24 388.39 1116.42 387.17 1118.59 385.94 1120.77 384.72 1122.95 383.49 1125.13 382.26 1127.31 381.04 1129.49 379.81 1131.67 378.59 1133.85 377.36 1136.03
C 3375 2145 2147 0 35 15 391.38 1103.76 390.16 1105.93 388.93 1108.11 387.71 1110.29 386.48 1112.47 385.26 1114.65 384.03 1116.83 382.8 1119.01 381.58 1121.19 380.35 1123.37 379.13 1125.55 377.9 1127.72 376.68 1129.9 375.45 1132.08 374.22 1134.26
C 3376 2146 2148 0 35 16 349.66 1185.27 348.52 1187.3 347.37 1189.34 346.23 1191.37 345.09 1193.4 343.94 1195.44 342.8 1197.47 341.65 1199.51 340.51 1201.54 339.37 1203.57 338.22 1205.61 337.08 1207.64 335.94 1209.67 334.79 1211.71 333.65 1213.74 332.5 1215.77
C 3377 2147 2149 0 35 16 346.52 1183.5 345.38 1185.54 344.24 1187.57 343.09 1189.61 341.95 1191.64 340.81 1193.67 339.66 1195.71 338.52 1197.74 337.37 1199.77 336.23 1201.81 335.09 1203.84 333.94 1205.88 332.8 1207.91 331.65 1209.94 330.51 1211.98 329.37 1214.01
C 3378 2148 2150 0 35 16 304.56 1265.45 303.41 1267.49 302.27 1269.52 301.13 1271.56 299.98 1273.59 298.84 1275.62 297.69 1277.66 296.55 1279.69 295.41 1281.72 294.26 1283.76 293.12 1285.79 291.98 1287.83 290.83 1289.86 289.69 1291.89 288.54 1293.93 287.4 1295.96
C 3379 2149 2151 0 35 16 301.42 1263.69 300.28 1265.72 299.13 1267.76 297.99 1269.79 296.85 1271.82 295.7 1273.86 294.56 1275.89 293.41 1277.93 292.27 1279.96 291.13 1281.99 289.98 1284.03 288.84 1286.06 287.69 1288.09 286.55 1290.13 285.41 1292.16 284.26 1294.2
C 3380 2150 1648 0 50.22 22 272.69 1322.11 271.48 1324.14 270.18 1326.15 268.79 1328.14 267.34 1330.11 265.84 1332.06 264.31 1334.01 262.75 1335.95 261.2 1337.89 259.66 1339.83 258.16 1341.78 256.7 1343.74 255.3 1345.72 253.98 1347.73 252.76 1349.75 251.64 1351.81 250.66 1353.9 249.82 1356.02 249.13 1358.19 248.63 1360.41 248.31 1362.68 248.2 1365
C 3381 2150 1652 1 46.97 20 272.69 1322.11 271.38 1324.35 269.92 1326.75 268.34 1329.28 266.68 1331.89 264.99 1334.56 263.31 1337.26 261.67 1339.96 260.13 1342.62 258.72 1345.22 257.48 1347.72 256.46 1350.08 255.7 1352.29 255.23 1354.31 255.1 1356.1 255.35 1357.64 256.03 1358.89 257.17 1359.82 258.81 1360.4 261 1360.6
C 3382 2151 1649 0 51.99 22 269.55 1320.34 268.31 1322.45 266.96 1324.54 265.54 1326.6 264.05 1328.65 262.52 1330.68 260.95 1332.71 259.37 1334.74 257.79 1336.76 256.22 1338.79 254.69 1340.83 253.21 1342.88 251.79 1344.94 250.45 1347.03 249.21 1349.15 248.08 1351.29 247.09 1353.47 246.23 1355.68 245.54 1357.94 245.03 1360.24 244.71 1362.59 244.6 1365
C 3383 2152 2154 0 22 10 228.48 1432.9 227.75 1435.23 227.02 1437.56 226.29 1439.9 225.56 1442.23 224.83 1444.56 224.1 1446.9 223.37 1449.23 222.64 1451.56 221.91 1453.9
C 3384 2153 2155 0 22 10 225.04 1431.82 224.31 1434.16 223.58 1436.49 222.85 1438.82 222.12 1441.16 221.39 1443.49 220.67 1445.82 219.94 1448.16 219.21 1450.49 218.48 1452.82
C 3385 2154 2156 0 28 13 205.36 1506.87 204.66 1509.1 203.97 1511.32 203.27 1513.55 202.58 1515.78 201.88 1518.01 201.18 1520.23 200.49 1522.46 199.79 1524.69 199.1 1526.91 198.4 1529.14 197.7 1531.37 197.01 1533.6
C 3386 2155 2157 0 28 13 201.92 1505.8 201.23 1508.02 200.53 1510.25 199.84 1512.48 199.14 1514.71 198.44 1516.93 197.75 1519.16 197.05 1521.39 196.36 1523.61 195.66 1525.84 194.96 1528.07 194.27 1530.3 193.57 1532.52
C 3387 2156 2158 0 25.5 12 180.01 1588 179.32 1590.21 178.62 1592.43 177.93 1594.64 177.24 1596.85 176.55 1599.06 175.86 1601.28 175.17 1603.49 174.48 1605.7 173.78 1607.92 173.09 1610.13 172.4 1612.34
C 3388 2157 2159 0 25.5 12 176.57 1586.93 175.88 1589.14 175.19 1591.35 174.5 1593.57 173.8 1595.78 173.11 1597.99 172.42 1600.2 171.73 1602.42 171.04 1604.63 170.35 1606.84 169.66 1609.05 168.96 1611.27
C 3389 2158 2160 0 28.5 13 155.4 1666.75 154.69 1669.01 153.98 1671.28 153.27 1673.55 152.57 1675.81 151.86 1678.08 151.15 1680.35 150.44 1682.61 149.73 1684.88 149.02 1687.15 148.32 1689.41 147.61 1691.68 146.9 1693.95
C 3390 2159 2161 0 28.5 13 151.96 1665.67 151.25 1667.94 150.55 1670.21 149.84 1672.47 149.13 1674.74 148.42 1677.01 147.71 1679.27 147 1681.54 146.3 1683.81 145.59 1686.07 144.88 1688.34 144.17 1690.61 143.46 1692.87
C 3391 2160 2162 0 25.5 12 129.9 1748.35 129.21 1750.57 128.51 1752.78 127.82 1754.99 127.13 1757.2 126.44 1759.42 125.75 1761.63 125.06 1763.84 124.36 1766.06 123.67 1768.27 122.98 1770.48 122.29 1772.69
C 3392 2161 2163 0 25.5 12 126.46 1747.28 125.77 1749.49 125.08 1751.71 124.39 1753.92 123.69 1756.13 123 1758.34 122.31 1760.56 121.62 1762.77 120.93 1764.98 120.24 1767.19 119.55 1769.41 118.85 1771.62
C 3393 2162 2164 0 28 13 105.29 1827.1 104.59 1829.33 103.9 1831.55 103.2 1833.78 102.51 1836.01 101.81 1838.23 101.11 1840.46 100.42 1842.69 99.72 1844.92 99.03 1847.14 98.33 1849.37 97.63 1851.6 96.94 1853.82
C 3394 2163 2165 0 28 13 101.85 1826.02 101.16 1828.25 100.46 1830.48 99.76 1832.71 99.07 1834.93 98.37 1837.16 97.68 1839.39 96.98 1841.61 96.28 1843.84 95.59 1846.07 94.89 1848.3 94.2 1850.52 93.5 1852.75
C 3395 2164 2166 0 28.5 13 80.38 1906.8 79.67 1909.06 78.97 1911.33 78.26 1913.6 77.55 1915.87 76.84 1918.13 76.13 1920.4 75.42 1922.67 74.72 1924.93 74.01 1927.2 73.3 1929.47 72.59 1931.73 71.88 1934
C 3396 2165 2167 0 28.5 13 76.95 1905.72 76.24 1907.99 75.53 1910.26 74.82 1912.52 74.11 1914.79 73.4 1917.06 72.7 1919.33 71.99 1921.59 71.28 1923.86 70.57 1926.13 69.86 1928.39 69.15 1930.66 68.45 1932.93
C 3397 2166 2168 0 28 13 55.33 1986.97 54.63 1989.2 53.94 1991.43 53.24 1993.66 52.54 1995.88 51.85 1998.11 51.15 2000.34 50.46 2002.56 49.76 2004.79 49.06 2007.02 48.37 2009.25 47.67 2011.47 46.98 2013.7
C 3398 2167 2169 0 28 13 51.89 1985.9 51.2 1988.13 50.5 1990.35 49.8 1992.58 49.11 1994.81 48.41 1997.04 47.72 1999.26 47.02 2001.49 46.32 2003.72 45.63 2005.94 44.93 2008.17 44.24 2010.4 43.54 2012.63
C 3399 2168 2170 0 22.5 11 30.42 2066.67 29.75 2068.82 29.08 2070.97 28.41 2073.12 27.74 2075.26 27.07 2077.41 26.4 2079.56 25.72 2081.71 25.05 2083.85 24.38 2086 23.71 2088.15
C 3400 2169 2171 0 22.5 11 26.99 2065.6 26.31 2067.75 25.64 2069.89 24.97 2072.04 24.3 2074.19 23.63 2076.34 22.96 2078.48 22.29 2080.63 21.62 2082.78 20.95 2084.93 20.27 2087.08
C 3401 2170 1937 0 30.71 14 20.13 2099.6 19.25 2100.86 17.87 2100.91 16.09 2099.98 14.02 2098.29 11.75 2096.05 9.38 2093.49 7 2090.82 4.72 2088.27 2.64 2086.06 0.84 2084.41 -0.56 2083.53 -1.47 2083.66 -1.8 2085
C 3402 2171 1936 2 38.52 17 16.7 2098.53 15.88 2100.38 14.92 2101.3 13.81 2101.42 12.56 2100.83 11.18 2099.64 9.67 2097.98 8.04 2095.95 6.3 2093.66 4.45 2091.23 2.5 2088.76 0.45 2086.36 -1.69 2084.15 -3.91 2082.24 -6.2 2080.74 -8.57 2079.75 -11 2079.4
C 3403 2171 1938 0 30.15 14 16.7 2098.53 15.82 2099.78 14.44 2099.87 12.65 2099.02 10.57 2097.42 8.28 2095.31 5.89 2092.88 3.49 2090.35 1.19 2087.94 -0.92 2085.85 -2.73 2084.3 -4.15 2083.5 -5.07 2083.66 -5.4 2085
C 3404 2632 2024 0 10 5 -1.8 2315 -1.8 2317.5 -1.8 2320 -1.8 2322.5 -1.8 2325
C 3405 2632 2028 1 15.54 8 -1.8 2315 -1.38 2317.03 -0.22 2318.49 1.52 2319.49 3.67 2320.11 6.08 2320.44 8.58 2320.58 11 2320.6
C 3406 2633 2025 0 10 5 -5.4 2315 -5.4 2317.5 -5.4 2320 -5.4 2322.5 -5.4 2325
C 3407 2634 1968 0 10 5 1.8 2245 1.8 2242.5 1.8 2240 1.8 2237.5 1.8 2235
C 3408 2634 1994 1 15.54 8 1.8 2245 1.38 2242.97 0.22 2241.51 -1.52 2240.51 -3.67 2239.89 -6.08 2239.56 -8.58 2239.42 -11 2239.4
C 3409 2635 1969 0 10 5 5.4 2245 5.4 2242.5 5.4 2240 5.4 2237.5 5.4 2235
C 3410 2660 1716 0 10 5 248.2 1515 248.2 1517.5 248.2 1520 248.2 1522.5 248.2 1525
C 3411 2660 1720 1 15.54 8 248.2 1515 248.62 1517.03 249.78 1518.49 251.52 1519.49 253.67 1520.11 256.08 1520.44 258.58 1520.58 261 1520.6
C 3412 2661 1717 0 10 5 244.6 1515 244.6 1517.5 244.6 1520 244.6 1522.5 244.6 1525
C 3413 2662 1650 0 10 5 251.8 1445 251.8 1442.5 251.8 1440 251.8 1437.5 251.8 1435
C 3414 2662 1681 1 15.54 8 251.8 1445 251.38 1442.97 250.22 1441.51 248.48 1440.51 246.33 1439.89 243.92 1439.56 241.42 1439.42 239 1439.4
C 3415 2663 1651 0 10 5 255.4 1445 255.4 1442.5 255.4 1440 255.4 1437.5 255.4 1435
C 3416 2680 885 0 10 5 248.2 -645 248.2 -642.5 248.2 -640 248.2 -637.5 248.2 -635
C 3417 2681 886 0 10 5 244.6 -645 244.6 -642.5 244.6 -640 244.6 -637.5 244.6 -635
C 3418 2682 831 0 10 5 251.8 -715 251.8 -717.5 251.8 -720 251.8 -722.5 251.8 -725
C 3419 2683 832 0 10 5 255.4 -715 255.4 -717.5 255.4 -720 255.4 -722.5 255.4 -725
C 3420 2683 861 2 7.86 5 255.4 -715 255.88 -716.86 257.16 -718.24 258.95 -719.1 261 -719.4
C 3421 2708 76 0 10 5 -1.8 -2965 -1.8 -2962.5 -1.8 -2960 -1.8 -2957.5 -1.8 -2955
C 3422 2708 80 1 15.54 8 -1.8 -2965 -1.38 -2962.97 -0.22 -2961.51 1.52 -2960.51 3.67 -2959.89 6.08 -2959.56 8.58 -2959.42 11 -2959.4
C 3423 2709 77 0 10 5 -5.4 -2965 -5.4 -2962.5 -5.4 -2960 -5.4 -2957.5 -5.4 -2955
C 3424 2710 40 0 7.5 5 1.8 -3036.25 1.8 -3038.13 1.8 -3040 1.8 -3041.88 1.8 -3043.75
C 3425 2710 56 1 14.6 7 1.8 -3036.25 1.21 -3038.23 -0.38 -3039.23 -2.69 -3039.54 -5.41 -3039.42 -8.28 -3039.15 -11 -3039
C 3426 2711 41 0 7.5 5 5.4 -3036.25 5.4 -3038.13 5.4 -3040 5.4 -3041.88 5.4 -3043.75
X 1 12 13 14
X 12 1
X 13 1
X 14 1
X 3 5
X 4 5
X 5 3 4
X 6 15
X 7 15 16
X 15 6 7 20
X 16 7
X 20 15
X 8 9
X 9 8
X 10 28
X 25 28
X 26 27 28
X 27 26
X 28 10 25 26
X 17 33 36 37
X 18 33 36
X 19 33 36
X 32 36 37
X 33 17 18 19 36 37
X 34 35 36 37
X 35 34
X 36 17 18 19 32 33 34
X 37 17 32 33 34
X 22 42 44
X 23 42 44 48 49 50
X 24 42 43 44
X 42 22 23 24 48
X 43 24
X 44 22 23 24 48 49 50
X 48 23 42 44
X 49 23 44
X 50 23 44
X 29 51 53
X 30 51 53 57 58 59
X 31 51 52 53
X 51 29 30 31 57
X 52 31
X 53 29 30 31 57 58 59
X 57 30 51 53
X 58 30 53
X 59 30 53
X 38 60
X 39 60 61
X 60 38 39 65
X 61 39
X 65 60
X 40 41
X 41 40
X 45 77 80 81
X 46 77 80
X 47 77 80
X 76 80 81
X 77 45 46 47 80 81
X 78 79 80 81
X 79 78
X 80 45 46 47 76 77 78
X 81 45 76 77 78
X 54 87 88 3425
X 55 87 3425
X 56 87 3425
X 86 3426
X 87 54 55 56 3424 3425 3426
X 88 54 3424 3425 3426
X 3424 87 88
X 3425 54 55 56 87 88
X 3426 86 87 88
X 62 93
X 63 93
X 64 93
X 93 62 63 64
X 68 97 98 99
X 97 68
X 98 68
X 99 68
X 70 72
X 71 72
X 72 70 71
X 73 100 102
X 74 100 102 106 107 108
X 75 100 101 102
X 100 73 74 75 106
X 101 75
X 102 73 74 75 106 107 108
X 106 74 100 102
X 107 74 102
X 108 74 102
X 89 118 120
X 90 118 120 124 125 126
X 91 118 119 120
X 118 89 90 91 124
X 119 91
X 120 89 90 91 124 125 126
X 124 90 118 120
X 125 90 120
X 126 90 120
X 95 133
X 130 133
X 131 132 133
X 132 131
X 133 95 130 131
X 103 139 142 143
X 104 139 142
X 105 139 142
X 138 142 143
X 139 103 104 105 142 143
X 140 141 142 143
X 141 140
X 142 103 104 105 138 139 140
X 143 103 138 139 140
X 109 115 3421 3422 3423
X 110 3423
X 111 115 116 117 3421 3422 3423
X 115 109 111 3422
X 116 111 3422
X 117 111 3422
X 3421 109 111
X 3422 109 111 115 116 117
X 3423 109 110 111
X 112 149 152 153
X 113 149 152
X 114 149 152
X 148 152 153
X 149 112 113 114 152 153
X 150 151 152 153
X 151 150
X 152 112 113 114 148 149 150
X 153 112 148 149 150
X 121 159 162 163
X 122 159 162
X 123 159 162
X 158 162 163
X 159 121 122 123 162 163
X 160 161 162 163
X 161 160
X 162 121 122 123 158 159 160
X 163 121 158 159 160
X 127 176
X 128 171 172 176
X 171 128 176
X 172 128 176 179
X 176 127 128 171 172
X 179 172
X 134 174 175 178 184 189 190 194
X 135 174 175 183 185 189 190 194
X 136 194
X 137 174 175 177 178 184 189 194
X 174 134 135 137 183 184 189 194
X 175 134 135 137 183 184 185 190
X 177 137
X 178 134 137 183 184 185 186 190
X 183 135 174 175 178 189 190 194
X 184 134 137 174 175 178 189 190
X 185 135 175 178 189 190 193 194
X 186 178
X 189 134 135 137 174 183 184 185
X 190 134 135 175 178 183 184 185
X 193 185
X 194 134 135 136 137 174 183 185
X 144 187 188 192 199 204 205 209
X 145 187 188 198 200 204 205 209
X 146 209
X 147 187 188 191 192 199 204 209
X 187 144 145 147 198 199 204 209
X 188 144 145 147 198 199 200 205
X 191 147
X 192 144 147 198 199 200 201 205
X 198 145 187 188 192 204 205 209
X 199 144 147 187 188 192 204 205
X 200 145 188 192 204 205 208 209
X 201 192
X 204 144 145 147 187 198 199 200
X 205 144 145 188 192 198 199 200
X 208 200
X 209 144 145 146 147 187 198 200
X 154 202 203 207 214 218 219 222
X 155 202 203 213 215 218 219 222
X 156 222
X 157 202 203 206 207 214 218 222
X 202 154 155 157 213 214 218 222
X 203 154 155 157 213 214 215 219
X 206 157
X 207 154 157 213 214 215 216 219
X 213 155 202 203 207 218 219 222
X 214 154 157 202 203 207 218 219
X 215 155 203 207 218 219 221 222
X 216 207
X 218 154 155 157 202 213 214 215
X 219 154 155 203 207 213 214 215
X 221 215
X 222 154 155 156 157 202 213 215
X 164 217 227
X 166 217 220 227
X 217 164 166 226 227
X 220 166
X 226 217
X 227 164 166 217
X 167 168
X 168 167
X 169 235
X 232 235
X 233 234 235
X 234 233
X 235 169 232 233
X 180 240 243 244
X 181 240 243
X 182 240 243
X 239 243 244
X 240 180 181 182 243 244
X 241 242 243 244
X 242 241
X 243 180 181 182 239 240 241
X 244 180 239 240 241
X 195 249 252 253
X 196 249 252
X 197 249 252
X 248 252 253
X 249 195 196 197 252 253
X 250 251 252 253
X 251 250
X 252 195 196 197 248 249 250
X 253 195 248 249 250
X 210 258 261 262
X 211 258 261
X 212 258 261
X 257 261 262
X 258 210 211 212 261 262
X 259 260 261 262
X 260 259
X 261 210 211 212 257 258 259
X 262 210 257 258 259
X 223 266
X 224 266
X 225 266
X 266 223 224 225
X 230 270 271 272
X 270 230
X 271 230
X 272 230
X 236 273 275
X 237 273 275 279 280 281
X 238 273 274 275
X 273 236 237 238 279
X 274 238
X 275 236 237 238 279 280 281
X 279 237 273 275
X 280 237 275
X 281 237 275
X 245 282 284
X 246 282 284 288 289 290
X 247 282 283 284
X 282 245 246 247 288
X 283 247
X 284 245 246 247 288 289 290
X 288 246 282 284
X 289 246 284
X 290 246 284
X 254 291 293
X 255 291 293 297 298 299
X 256 291 292 293
X 291 254 255 256 297
X 292 256
X 293 254 255 256 297 298 299
X 297 255 291 293
X 298 255 293
X 299 255 293
X 263 300
X 264 300 301
X 300 263 264 305
X 301 264
X 305 300
X 268 313
X 310 313
X 311 312 313
X 312 311
X 313 268 310 311
X 276 319 322 323
X 277 319 322
X 278 319 322
X 318 322 323
X 319 276 277 278 322 323
X 320 321 322 323
X 321 320
X 322 276 277 278 318 319 320
X 323 276 318 319 320
X 285 329 332 333
X 286 329 332
X 287 329 332
X 328 332 333
X 329 285 286 287 332 333
X 330 331 332 333
X 331 330
X 332 285 286 287 328 329 330
X 333 285 328 329 330
X 294 339 342 343
X 295 339 342
X 296 339 342
X 338 342 343
X 339 294 295 296 342 343
X 340 341 342 343
X 341 340
X 342 294 295 296 338 339 340
X 343 294 338 339 340
X 302 348
X 303 348
X 304 348
X 348 302 303 304
X 307 357
X 308 352 353 357
X 352 308 357
X 353 308 357 360
X 357 307 308 352 353
X 360 353
X 314 355 356 359 365 370 371 375
X 315 355 356 364 366 370 371 375
X 316 375
X 317 355 356 358 359 365 370 375
X 355 314 315 317 364 365 370 375
X 356 314 315 317 364 365 366 371
X 358 317
X 359 314 317 364 365 366 367 371
X 364 315 355 356 359 370 371 375
X 365 314 317 355 356 359 370 371
X 366 315 356 359 370 371 374 375
X 367 359
X 370 314 315 317 355 364 365 366
X 371 314 315 356 359 364 365 366
X 374 366
X 375 314 315 316 317 355 364 366
X 324 368 369 373 380 385 386 390
X 325 368 369 379 381 385 386 390
X 326 390
X 327 368 369 372 373 380 385 390
X 368 324 325 327 379 380 385 390
X 369 324 325 327 379 380 381 386
X 372 327
X 373 324 327 379 380 381 382 386
X 379 325 368 369 373 385 386 390
X 380 324 327 368 369 373 385 386
X 381 325 369 373 385 386 389 390
X 382 373
X 385 324 325 327 368 379 380 381
X 386 324 325 369 373 379 380 381
X 389 381
X 390 324 325 326 327 368 379 381
X 334 383 384 388 395 399 400 403
X 335 383 384 394 396 399 400 403
X 336 403
X 337 383 384 387 388 395 399 403
X 383 334 335 337 394 395 399 403
X 384 334 335 337 394 395 396 400
X 387 337
X 388 334 337 394 395 396 397 400
X 394 335 383 384 388 399 400 403
X 395 334 337 383 384 388 399 400
X 396 335 384 388 399 400 402 403
X 397 388
X 399 334 335 337 383 394 395 396
X 400 334 335 384 388 394 395 396
X 402 396
X 403 334 335 336 337 383 394 396
X 344 398 408
X 346 398 401 408
X 398 344 346 407 408
X 401 346
X 407 398
X 408 344 346 398
X 350 416
X 413 416
X 414 415 416
X 415 414
X 416 350 413 414
X 361 421 424 425
X 362 421 424
X 363 421 424
X 420 424 425
X 421 361 362 363 424 425
X 422 423 424 425
X 423 422
X 424 361 362 363 420 421 422
X 425 361 420 421 422
X 376 430 433 434
X 377 430 433
X 378 430 433
X 429 433 434
X 430 376 377 378 433 434
X 431 432 433 434
X 432 431
X 433 376 377 378 429 430 431
X 434 376 429 430 431
X 391 439 442 443
X 392 439 442
X 393 439 442
X 438 442 443
X 439 391 392 393 442 443
X 440 441 442 443
X 441 440
X 442 391 392 393 438 439 440
X 443 391 438 439 440
X 404 448 451 452
X 405 448 451
X 406 448 451
X 447 451 452
X 448 404 405 406 451 452
X 449 450 451 452
X 450 449
X 451 404 405 406 447 448 449
X 452 404 447 448 449
X 411 455 456 457
X 455 411
X 456 411
X 457 411
X 417 458 460
X 418 458 460 464 465 466
X 419 458 459 460
X 458 417 418 419 464
X 459 419
X 460 417 418 419 464 465 466
X 464 418 458 460
X 465 418 460
X 466 418 460
X 426 467 469
X 427 467 469 473 474 475
X 428 467 468 469
X 467 426 427 428 473
X 468 428
X 469 426 427 428 473 474 475
X 473 427 467 469
X 474 427 469
X 475 427 469
X 435 476 478
X 436 476 478 482 483 484
X 437 476 477 478
X 476 435 436 437 482
X 477 437
X 478 435 436 437 482 483 484
X 482 436 476 478
X 483 436 478
X 484 436 478
X 444 485 487
X 445 485 487 491 492 493
X 446 485 486 487
X 485 444 445 446 491
X 486 446
X 487 444 445 446 491 492 493
X 491 445 485 487
X 492 445 487
X 493 445 487
X 453 500
X 497 500
X 498 499 500
X 499 498
X 500 453 497 498
X 461 505 508 509
X 462 505 508
X 463 505 508
X 504 508 509
X 505 461 462 463 508 509
X 506 507 508 509
X 507 506
X 508 461 462 463 504 505 506
X 509 461 504 505 506
X 470 513 516 517
X 471 513 516
X 472 513 516
X 512 516 517
X 513 470 471 472 516 517
X 514 515 516 517
X 515 514
X 516 470 471 472 512 513 514
X 517 470 512 513 514
X 479 522 525 526
X 480 522 525
X 481 522 525
X 521 525 526
X 522 479 480 481 525 526
X 523 524 525 526
X 524 523
X 525 479 480 481 521 522 523
X 526 479 521 522 523
X 488 531 534 535
X 489 531 534
X 490 531 534
X 530 534 535
X 531 488 489 490 534 535
X 532 533 534 535
X 533 532
X 534 488 489 490 530 531 532
X 535 488 530 531 532
X 494 540 542
X 495 540 542 546 547 548
X 496 540 541 542
X 540 494 495 496 546
X 541 496
X 542 494 495 496 546 547 548
X 546 495 540 542
X 547 495 542
X 548 495 542
X 501 549 551
X 502 549 551 555 556 557
X 503 549 550 551
X 549 501 502 503 555
X 550 503
X 551 501 502 503 555 556 557
X 555 502 549 551
X 556 502 551
X 557 502 551
X 510 511 558 559
X 511 510 558 559
X 558 510 511
X 559 510 511
X 518 560 562
X 519 560 562 565 566 567
X 520 560 561 562
X 560 518 519 520 565
X 561 520
X 562 518 519 520 565 566 567
X 565 519 560 562
X 566 519 562
X 567 519 562
X 527 568 570
X 528 568 570 574 575 576
X 529 568 569 570
X 568 527 528 529 574
X 569 529
X 570 527 528 529 574 575 576
X 574 528 568 570
X 575 528 570
X 576 528 570
X 536 577
X 537 577 578
X 577 536 537 582
X 578 537
X 582 577
X 538 539
X 539 538
X 543 588 591 592
X 544 588 591
X 545 588 591
X 587 591 592
X 588 543 544 545 591 592
X 589 590 591 592
X 590 589
X 591 543 544 545 587 588 589
X 592 543 587 588 589
X 552 596
X 553 596
X 554 596
X 596 552 553 554
X 563 604
X 601 604
X 602 603 604
X 603 602
X 604 563 601 602
X 571 609 612 613
X 572 609 612
X 573 609 612
X 608 612 613
X 609 571 572 573 612 613
X 610 611 612 613
X 611 610
X 612 571 572 573 608 609 610
X 613 571 608 609 610
X 579 617
X 580 617
X 581 617
X 617 579 580 581
X 584 619 621
X 585 619 621 625 626 627
X 586 619 620 621
X 619 584 585 586 625
X 620 586
X 621 584 585 586 625 626 627
X 625 585 619 621
X 626 585 621
X 627 585 621
X 593 628
X 594 628 629
X 628 593 594 633
X 629 594
X 633 628
X 599 637 638 639
X 637 599
X 638 599
X 639 599
X 605 640 642
X 606 640 642 646 647 648
X 607 640 641 642
X 640 605 606 607 646
X 641 607
X 642 605 606 607 646 647 648
X 646 606 640 642
X 647 606 642
X 648 606 642
X 614 649
X 615 649 650
X 649 614 615 654
X 650 615
X 654 649
X 622 660 663 664
X 623 660 663
X 624 660 663
X 659 663 664
X 660 622 623 624 663 664
X 661 662 663 664
X 662 661
X 663 622 623 624 659 660 661
X 664 622 659 660 661
X 630 668
X 631 668
X 632 668
X 668 630 631 632
X 635 676
X 673 676
X 674 675 676
X 675 674
X 676 635 673 674
X 643 681 684 685
X 644 681 684
X 645 681 684
X 680 684 685
X 681 643 644 645 684 685
X 682 683 684 685
X 683 682
X 684 643 644 645 680 681 682
X 685 643 680 681 682
X 651 689
X 652 689
X 653 689
X 689 651 652 653
X 656 691 693
X 657 691 693 697 698 699
X 658 691 692 693
X 691 656 657 658 697
X 692 658
X 693 656 657 658 697 698 699
X 697 657 691 693
X 698 657 693
X 699 657 693
X 665 700
X 666 700 701
X 700 665 666 705
X 701 666
X 705 700
X 671 709 710 711
X 709 671
X 710 671
X 711 671
X 677 712 714
X 678 712 714 718 719 720
X 679 712 713 714
X 712 677 678 679 718
X 713 679
X 714 677 678 679 718 719 720
X 718 678 712 714
X 719 678 714
X 720 678 714
X 686 721
X 687 721 722
X 721 686 687 726
X 722 687
X 726 721
X 694 739 742 743
X 695 739 742
X 696 739 742
X 738 742 743
X 739 694 695 696 742 743
X 740 741 742 743
X 741 740
X 742 694 695 696 738 739 740
X 743 694 738 739 740
X 702 748
X 703 748
X 704 748
X 748 702 703 704
X 707 756
X 753 756
X 754 755 756
X 755 754
X 756 707 753 754
X 715 762 765 766
X 716 762 765
X 717 762 765
X 761 765 766
X 762 715 716 717 765 766
X 763 764 765 766
X 764 763
X 765 715 716 717 761 762 763
X 766 715 761 762 763
X 723 771
X 724 771
X 725 771
X 771 723 724 725
X 728 780
X 729 775 776 780
X 775 729 780
X 776 729 780 783
X 780 728 729 775 776
X 783 776
X 731 733
X 732 733
X 733 731 732
X 734 778 779 782 788 792 793 796
X 735 778 779 787 789 792 793 796
X 736 796
X 737 778 779 781 782 788 792 796
X 778 734 735 737 787 788 792 796
X 779 734 735 737 787 788 789 793
X 781 737
X 782 734 737 787 788 789 790 793
X 787 735 778 779 782 792 793 796
X 788 734 737 778 779 782 792 793
X 789 735 779 782 792 793 795 796
X 790 782
X 792 734 735 737 778 787 788 789
X 793 734 735 779 782 787 788 789
X 795 789
X 796 734 735 736 737 778 787 789
X 744 791 801
X 746 791 794 801
X 791 744 746 800 801
X 794 746
X 800 791
X 801 744 746 791
X 750 810
X 751 805 806 810
X 805 751 810
X 806 751 810 813
X 810 750 751 805 806
X 813 806
X 757 808 809 812 818 822 823 826
X 758 808 809 817 819 822 823 826
X 759 826
X 760 808 809 811 812 818 822 826
X 808 757 758 760 817 818 822 826
X 809 757 758 760 817 818 819 823
X 811 760
X 812 757 760 817 818 819 820 823
X 817 758 808 809 812 822 823 826
X 818 757 760 808 809 812 822 823
X 819 758 809 812 822 823 825 826
X 820 812
X 822 757 758 760 808 817 818 819
X 823 757 758 809 812 817 818 819
X 825 819
X 826 757 758 759 760 808 817 819
X 767 821 831
X 769 821 824 831
X 821 767 769 830 831
X 824 769
X 830 821
X 831 767 769 821
X 773 839
X 836 839
X 837 838 839
X 838 837
X 839 773 836 837
X 784 844 847 848
X 785 844 847
X 786 844 847
X 843 847 848
X 844 784 785 786 847 848
X 845 846 847 848
X 846 845
X 847 784 785 786 843 844 845
X 848 784 843 844 845
X 797 852
X 798 852
X 799 852
X 852 797 798 799
X 803 860
X 857 860
X 858 859 860
X 859 858
X 860 803 857 858
X 814 865 868 869
X 815 865 868
X 816 865 868
X 864 868 869
X 865 814 815 816 868 869
X 866 867 868 869
X 867 866
X 868 814 815 816 864 865 866
X 869 814 864 865 866
X 827 873
X 828 873
X 829 873
X 873 827 828 829
X 834 877 878 879
X 877 834
X 878 834
X 879 834
X 840 880 882
X 841 880 882 886 887 888
X 842 880 881 882
X 880 840 841 842 886
X 881 842
X 882 840 841 842 886 887 888
X 886 841 880 882
X 887 841 882
X 888 841 882
X 849 889
X 850 889 890
X 889 849 850 894
X 890 850
X 894 889
X 855 898 899 900
X 898 855
X 899 855
X 900 855
X 861 901 903
X 862 901 903 907 908 909
X 863 901 902 903
X 901 861 862 863 907
X 902 863
X 903 861 862 863 907 908 909
X 907 862 901 903
X 908 862 903
X 909 862 903
X 870 910
X 871 910 911
X 910 870 871 915
X 911 871
X 915 910
X 875 923
X 920 923
X 921 922 923
X 922 921
X 923 875 920 921
X 883 928 931 932
X 884 928 931
X 885 928 931
X 927 931 932
X 928 883 884 885 931 932
X 929 930 931 932
X 930 929
X 931 883 884 885 927 928 929
X 932 883 927 928 929
X 891 936
X 892 936
X 893 936
X 936 891 892 893
X 896 944
X 941 944
X 942 943 944
X 943 942
X 944 896 941 942
X 904 949 952 953
X 905 949 952
X 906 949 952
X 948 952 953
X 949 904 905 906 952 953
X 950 951 952 953
X 951 950
X 952 904 905 906 948 949 950
X 953 904 948 949 950
X 912 957
X 913 957
X 914 957
X 957 912 913 914
X 918 961 962 963
X 961 918
X 962 918
X 963 918
X 924 964 966
X 925 964 966 970 971 972
X 926 964 965 966
X 964 924 925 926 970
X 965 926
X 966 924 925 926 970 971 972
X 970 925 964 966
X 971 925 966
X 972 925 966
X 933 973
X 934 973 974
X 973 933 934 978
X 974 934
X 978 973
X 939 982 983 984
X 982 939
X 983 939
X 984 939
X 945 985 987
X 946 985 987 991 992 993
X 947 985 986 987
X 985 945 946 947 991
X 986 947
X 987 945 946 947 991 992 993
X 991 946 985 987
X 992 946 987
X 993 946 987
X 954 994
X 955 994 995
X 994 954 955 999
X 995 955
X 999 994
X 959 1007
X 1004 1007
X 1005 1006 1007
X 1006 1005
X 1007 959 1004 1005
X 967 1013 1016 1017
X 968 1013 1016
X 969 1013 1016
X 1012 1016 1017
X 1013 967 968 969 1016 1017
X 1014 1015 1016 1017
X 1015 1014
X 1016 967 968 969 1012 1013 1014
X 1017 967 1012 1013 1014
X 975 1022
X 976 1022
X 977 1022
X 1022 975 976 977
X 980 1030
X 1027 1030
X 1028 1029 1030
X 1029 1028
X 1030 980 1027 1028
X 988 1036 1039 1040
X 989 1036 1039
X 990 1036 1039
X 1035 1039 1040
X 1036 988 989 990 1039 1040
X 1037 1038 1039 1040
X 1038 1037
X 1039 988 989 990 1035 1036 1037
X 1040 988 1035 1036 1037
X 996 1045
X 997 1045
X 998 1045
X 1045 996 997 998
X 1001 1054
X 1002 1049 1050 1054
X 1049 1002 1054
X 1050 1002 1054 1057
X 1054 1001 1002 1049 1050
X 1057 1050
X 1008 1052 1053 1056 1062 1066 1067 1070
X 1009 1052 1053 1061 1063 1066 1067 1070
X 1010 1070
X 1011 1052 1053 1055 1056 1062 1066 1070
X 1052 1008 1009 1011 1061 1062 1066 1070
X 1053 1008 1009 1011 1061 1062 1063 1067
X 1055 1011
X 1056 1008 1011 1061 1062 1063 1064 1067
X 1061 1009 1052 1053 1056 1066 1067 1070
X 1062 1008 1011 1052 1053 1056 1066 1067
X 1063 1009 1053 1056 1066 1067 1069 1070
X 1064 1056
X 1066 1008 1009 1011 1052 1061 1062 1063
X 1067 1008 1009 1053 1056 1061 1062 1063
X 1069 1063
X 1070 1008 1009 1010 1011 1052 1061 1063
X 1018 1065 1075
X 1020 1065 1068 1075
X 1065 1018 1020 1074 1075
X 1068 1020
X 1074 1065
X 1075 1018 1020 1065
X 1024 1084
X 1025 1079 1080 1084
X 1079 1025 1084
X 1080 1025 1084 1087
X 1084 1024 1025 1079 1080
X 1087 1080
X 1031 1082 1083 1086 1092 1096 1097 1100
X 1032 1082 1083 1091 1093 1096 1097 1100
X 1033 1100
X 1034 1082 1083 1085 1086 1092 1096 1100
X 1082 1031 1032 1034 1091 1092 1096 1100
X 1083 1031 1032 1034 1091 1092 1093 1097
X 1085 1034
X 1086 1031 1034 1091 1092 1093 1094 1097
X 1091 1032 1082 1083 1086 1096 1097 1100
X 1092 1031 1034 1082 1083 1086 1096 1097
X 1093 1032 1083 1086 1096 1097 1099 1100
X 1094 1086
X 1096 1031 1032 1034 1082 1091 1092 1093
X 1097 1031 1032 1083 1086 1091 1092 1093
X 1099 1093
X 1100 1031 1032 1033 1034 1082 1091 1093
X 1041 1095 1105
X 1043 1095 1098 1105
X 1095 1041 1043 1104 1105
X 1098 1043
X 1104 1095
X 1105 1041 1043 1095
X 1047 1113
X 1110 1113
X 1111 1112 1113
X 1112 1111
X 1113 1047 1110 1111
X 1058 1118 1121 1122
X 1059 1118 1121
X 1060 1118 1121
X 1117 1121 1122
X 1118 1058 1059 1060 1121 1122
X 1119 1120 1121 1122
X 1120 1119
X 1121 1058 1059 1060 1117 1118 1119
X 1122 1058 1117 1118 1119
X 1071 1126
X 1072 1126
X 1073 1126
X 1126 1071 1072 1073
X 1077 1134
X 1131 1134
X 1132 1133 1134
X 1133 1132
X 1134 1077 1131 1132
X 1088 1139 1142 1143
X 1089 1139 1142
X 1090 1139 1142
X 1138 1142 1143
X 1139 1088 1089 1090 1142 1143
X 1140 1141 1142 1143
X 1141 1140
X 1142 1088 1089 1090 1138 1139 1140
X 1143 1088 1138 1139 1140
X 1101 1147
X 1102 1147
X 1103 1147
X 1147 1101 1102 1103
X 1108 1151 1152 1153
X 1151 1108
X 1152 1108
X 1153 1108
X 1114 1154 1156
X 1115 1154 1156 1160 1161 1162
X 1116 1154 1155 1156
X 1154 1114 1115 1116 1160
X 1155 1116
X 1156 1114 1115 1116 1160 1161 1162
X 1160 1115 1154 1156
X 1161 1115 1156
X 1162 1115 1156
X 1123 1163
X 1124 1163 1164
X 1163 1123 1124 1168
X 1164 1124
X 1168 1163
X 1129 1172 1173 1174
X 1172 1129
X 1173 1129
X 1174 1129
X 1135 1175 1177
X 1136 1175 1177 1181 1182 1183
X 1137 1175 1176 1177
X 1175 1135 1136 1137 1181
X 1176 1137
X 1177 1135 1136 1137 1181 1182 1183
X 1181 1136 1175 1177
X 1182 1136 1177
X 1183 1136 1177
X 1144 1184
X 1145 1184 1185
X 1184 1144 1145 1189
X 1185 1145
X 1189 1184
X 1149 1197
X 1194 1197
X 1195 1196 1197
X 1196 1195
X 1197 1149 1194 1195
X 1157 1204 1205 1207 1209 1210 1211 3323
X 1158 1204 1205 1209 1211 3323 3324 3325
X 1159 1204 1205 1209 1211 3323 3325
X 1203 1207 1209 1210 1211
X 1204 1157 1158 1159 1209 1210 3323 3324 3325
X 1205 1157 1158 1159 1209 1210 1211
X 1206 1208 1209 1210 1211
X 1207 1157 1203 1209 1210 1211
X 1208 1206
X 1209 1157 1158 1159 1203 1204 1205 1206 1207 3323 3324 3325
X 1210 1157 1203 1204 1205 1206 1207 3323
X 1211 1157 1158 1159 1203 1205 1206 1207
X 3323 1157 1158 1159 1204 1209 1210
X 3324 1158 1204 1209
X 3325 1158 1159 1204 1209
X 1165 1215
X 1166 1215
X 1167 1215
X 1215 1165 1166 1167
X 1170 1223
X 1220 1223
X 1221 1222 1223
X 1222 1221
X 1223 1170 1220 1221
X 1178 1228 1231 1232
X 1179 1228 1231
X 1180 1228 1231
X 1227 1231 1232
X 1228 1178 1179 1180 1231 1232
X 1229 1230 1231 1232
X 1230 1229
X 1231 1178 1179 1180 1227 1228 1229
X 1232 1178 1227 1228 1229
X 1186 1236
X 1187 1236
X 1188 1236
X 1236 1186 1187 1188
X 1192 1240 1241 1242
X 1240 1192
X 1241 1192
X 1242 1192
X 1198 1202 1243 1245 1246
X 1199 1243 1245 1250 1251 1252 3330 3331 3332
X 1200 1243 1245 1246 1250
X 1201 1243 1244 1245 1246
X 1202 1198 1243 1244 1245 1246
X 1243 1198 1199 1200 1201 1202 1250 3330
X 1244 1201 1202
X 1245 1198 1199 1200 1201 1202 1250 1251 1252 3330 3331 3332
X 1246 1198 1200 1201 1202 1250 3330
X 1250 1199 1200 1243 1245 1246 3330
X 1251 1199 1245 3330 3331 3332
X 1252 1199 1245 3330 3331 3332
X 3330 1199 1243 1245 1246 1250 1251 1252 3332
X 3331 1199 1245 1251 1252
X 3332 1199 1245 1251 1252 3330
X 1212 1253
X 1213 1253 1254
X 1253 1212 1213 1258
X 1254 1213
X 1258 1253
X 1218 1262 1263 1264
X 1262 1218
X 1263 1218
X 1264 1218
X 1224 1265 1267
X 1225 1265 1267 1271 1272 1273
X 1226 1265 1266 1267
X 1265 1224 1225 1226 1271
X 1266 1226
X 1267 1224 1225 1226 1271 1272 1273
X 1271 1225 1265 1267
X 1272 1225 1267
X 1273 1225 1267
X 1233 1274
X 1234 1274 1275
X 1274 1233 1234 1279
X 1275 1234
X 1279 1274
X 1238 1287
X 1284 1287
X 1285 1286 1287
X 1286 1285
X 1287 1238 1284 1285
X 1247 1292 1295 1296
X 1248 1292 1295
X 1249 1292 1295
X 1291 1295 1296
X 1292 1247 1248 1249 1295 1296
X 1293 1294 1295 1296
X 1294 1293
X 1295 1247 1248 1249 1291 1292 1293
X 1296 1247 1291 1292 1293
X 1255 1300
X 1256 1300
X 1257 1300
X 1300 1255 1256 1257
X 1260 1308
X 1305 1308
X 1306 1307 1308
X 1307 1306
X 1308 1260 1305 1306
X 1268 1313 1316 1317
X 1269 1313 1316
X 1270 1313 1316
X 1312 1316 1317
X 1313 1268 1269 1270 1316 1317
X 1314 1315 1316 1317
X 1315 1314
X 1316 1268 1269 1270 1312 1313 1314
X 1317 1268 1312 1313 1314
X 1276 1321
X 1277 1321
X 1278 1321
X 1321 1276 1277 1278
X 1282 1325 1326 1327
X 1325 1282
X 1326 1282
X 1327 1282
X 1288 1328 1330
X 1289 1328 1330 1334 1335 1336
X 1290 1328 1329 1330
X 1328 1288 1289 1290 1334
X 1329 1290
X 1330 1288 1289 1290 1334 1335 1336
X 1334 1289 1328 1330
X 1335 1289 1330
X 1336 1289 1330
X 1297 1337
X 1298 1337 1338
X 1337 1297 1298 1342
X 1338 1298
X 1342 1337
X 1303 3418 3419 3420
X 3418 1303
X 3419 1303
X 3420 1303
X 1309 1348 1350
X 1310 1348 1350 1354 1355 1356
X 1311 1348 1349 1350
X 1348 1309 1310 1311 1354
X 1349 1311
X 1350 1309 1310 1311 1354 1355 1356
X 1354 1310 1348 1350
X 1355 1310 1350
X 1356 1310 1350
X 1318 1357
X 1319 1357 1358
X 1357 1318 1319 1362
X 1358 1319
X 1362 1357
X 1323 1370
X 1367 1370
X 1368 1369 1370
X 1369 1368
X 1370 1323 1367 1368
X 1331 1375 1378 1379
X 1332 1375 1378
X 1333 1375 1378
X 1374 1378 1379
X 1375 1331 1332 1333 1378 1379
X 1376 1377 1378 1379
X 1377 1376
X 1378 1331 1332 1333 1374 1375 1376
X 1379 1331 1374 1375 1376
X 1339 1381
X 1340 1381
X 1341 1381
X 1381 1339 1340 1341
X 1351 1394 1397 1398
X 1352 1394 1397
X 1353 1394 1397
X 1393 1397 1398
X 1394 1351 1352 1353 1397 1398
X 1395 1396 1397 1398
X 1396 1395
X 1397 1351 1352 1353 1393 1394 1395
X 1398 1351 1393 1394 1395
X 1359 1402
X 1360 1402
X 1361 1402
X 1402 1359 1360 1361
X 1365 1407 1408 1409
X 1407 1365
X 1408 1365
X 1409 1365
X 1371 1410 1412
X 1372 1410 1412 1417 1418 1419
X 1373 1410 1411 1412
X 1410 1371 1372 1373 1417
X 1411 1373
X 1412 1371 1372 1373 1417 1418 1419
X 1417 1372 1410 1412
X 1418 1372 1412
X 1419 1372 1412
X 1383 1432 1434
X 1384 1432 1434 1439 1440 1441
X 1385 1432 1433 1434
X 1432 1383 1384 1385 1439
X 1433 1385
X 1434 1383 1384 1385 1439 1440 1441
X 1439 1384 1432 1434
X 1440 1384 1434
X 1441 1384 1434
X 1386 1389
X 1387 1388 1389
X 1388 1387
X 1389 1386 1387 3416
X 3416 1389
X 1390 1442 1444
X 1391 1442 1444 1449 1450 1451
X 1392 1442 1443 1444
X 1442 1390 1391 1392 1449
X 1443 1392
X 1444 1390 1391 1392 1449 1450 1451
X 1449 1391 1442 1444
X 1450 1391 1444
X 1451 1391 1444
X 1399 1452
X 1400 1452 1453
X 1452 1399 1400 1457
X 1453 1400
X 1457 1452
X 1404 1467
X 1405 1462 1463 1467
X 1462 1405 1467
X 1463 1405 1467 1470
X 1467 1404 1405 1462 1463
X 1470 1463
X 1413 1465 1466 1469 1475 1480 1481 1485
X 1414 1465 1466 1474 1476 1480 1481 1485
X 1415 1485
X 1416 1465 1466 1468 1469 1475 1480 1485
X 1465 1413 1414 1416 1474 1475 1480 1485
X 1466 1413 1414 1416 1474 1475 1476 1481
X 1468 1416
X 1469 1413 1416 1474 1475 1476 1477 1481
X 1474 1414 1465 1466 1469 1480 1481 1485
X 1475 1413 1416 1465 1466 1469 1480 1481
X 1476 1414 1466 1469 1480 1481 1484 1485
X 1477 1469
X 1480 1413 1414 1416 1465 1474 1475 1476
X 1481 1413 1414 1466 1469 1474 1475 1476
X 1484 1476
X 1485 1413 1414 1415 1416 1465 1474 1476
X 1420 1478 1479 1483 1490 1495 1496 1500
X 1421 1478 1479 1489 1491 1495 1496 1500
X 1422 1500
X 1423 1478 1479 1482 1483 1490 1495 1500
X 1478 1420 1421 1423 1489 1490 1495 1500
X 1479 1420 1421 1423 1489 1490 1491 1496
X 1482 1423
X 1483 1420 1423 1489 1490 1491 1492 1496
X 1489 1421 1478 1479 1483 1495 1496 1500
X 1490 1420 1423 1478 1479 1483 1495 1496
X 1491 1421 1479 1483 1495 1496 1499 1500
X 1492 1483
X 1495 1420 1421 1423 1478 1489 1490 1491
X 1496 1420 1421 1479 1483 1489 1490 1491
X 1499 1491
X 1500 1420 1421 1422 1423 1478 1489 1491
X 1425 1430 1431
X 1430 1425 1431
X 1431 1425 1430
X 1426 1493 1494 1498 1505 1510 1511 1515
X 1427 1493 1494 1504 1506 1510 1511 1515
X 1428 1515
X 1429 1493 1494 1497 1498 1505 1510 1515
X 1493 1426 1427 1429 1504 1505 1510 1515
X 1494 1426 1427 1429 1504 1505 1506 1511
X 1497 1429
X 1498 1426 1429 1504 1505 1506 1507 1511
X 1504 1427 1493 1494 1498 1510 1511 1515
X 1505 1426 1429 1493 1494 1498 1510 1511
X 1506 1427 1494 1498 1510 1511 1514 1515
X 1507 1498
X 1510 1426 1427 1429 1493 1504 1505 1506
X 1511 1426 1427 1494 1498 1504 1505 1506
X 1514 1506
X 1515 1426 1427 1428 1429 1493 1504 1506
X 1435 1508 1509 1513 1520 1525 1526 1530
X 1436 1508 1509 1519 1521 1525 1526 1530
X 1437 1530
X 1438 1508 1509 1512 1513 1520 1525 1530
X 1508 1435 1436 1438 1519 1520 1525 1530
X 1509 1435 1436 1438 1519 1520 1521 1526
X 1512 1438
X 1513 1435 1438 1519 1520 1521 1522 1526
X 1519 1436 1508 1509 1513 1525 1526 1530
X 1520 1435 1438 1508 1509 1513 1525 1526
X 1521 1436 1509 1513 1525 1526 1529 1530
X 1522 1513
X 1525 1435 1436 1438 1508 1519 1520 1521
X 1526 1435 1436 1509 1513 1519 1520 1521
X 1529 1521
X 1530 1435 1436 1437 1438 1508 1519 1521
X 1445 1523 1524 1528 1535 1539 1540 1543
X 1446 1523 1524 1534 1536 1539 1540 1543
X 1447 1543
X 1448 1523 1524 1527 1528 1535 1539 1543
X 1523 1445 1446 1448 1534 1535 1539 1543
X 1524 1445 1446 1448 1534 1535 1536 1540
X 1527 1448
X 1528 1445 1448 1534 1535 1536 1537 1540
X 1534 1446 1523 1524 1528 1539 1540 1543
X 1535 1445 1448 1523 1524 1528 1539 1540
X 1536 1446 1524 1528 1539 1540 1542 1543
X 1537 1528
X 1539 1445 1446 1448 1523 1534 1535 1536
X 1540 1445 1446 1524 1528 1534 1535 1536
X 1542 1536
X 1543 1445 1446 1447 1448 1523 1534 1536
X 1454 1538 1547
X 1456 1538 1541 1547
X 1538 1454 1456 1546 1547
X 1541 1456
X 1546 1538
X 1547 1454 1456 1538
X 1460 1551 1552 1553
X 1551 1460
X 1552 1460
X 1553 1460
X 1471 1554 1556
X 1472 1554 1556 1560 1561 1562
X 1473 1554 1555 1556
X 1554 1471 1472 1473 1560
X 1555 1473
X 1556 1471 1472 1473 1560 1561 1562
X 1560 1472 1554 1556
X 1561 1472 1556
X 1562 1472 1556
X 1486 1563 1565
X 1487 1563 1565 1569 1570 1571
X 1488 1563 1564 1565
X 1563 1486 1487 1488 1569
X 1564 1488
X 1565 1486 1487 1488 1569 1570 1571
X 1569 1487 1563 1565
X 1570 1487 1565
X 1571 1487 1565
X 1501 1572 1574
X 1502 1572 1574 1578 1579 1580
X 1503 1572 1573 1574
X 1572 1501 1502 1503 1578
X 1573 1503
X 1574 1501 1502 1503 1578 1579 1580
X 1578 1502 1572 1574
X 1579 1502 1574
X 1580 1502 1574
X 1516 1581 1583
X 1517 1581 1583 1587 1588 1589
X 1518 1581 1582 1583
X 1581 1516 1517 1518 1587
X 1582 1518
X 1583 1516 1517 1518 1587 1588 1589
X 1587 1517 1581 1583
X 1588 1517 1583
X 1589 1517 1583
X 1531 1590 1592
X 1532 1590 1592 1596 1597 1598
X 1533 1590 1591 1592
X 1590 1531 1532 1533 1596
X 1591 1533
X 1592 1531 1532 1533 1596 1597 1598
X 1596 1532 1590 1592
X 1597 1532 1592
X 1598 1532 1592
X 1544 1599
X 1545 1599 1600
X 1599 1544 1545 1604
X 1600 1545
X 1604 1599
X 1549 1612
X 1609 1612
X 1610 1611 1612
X 1611 1610
X 1612 1549 1609 1610
X 1557 1617 1620 1621
X 1558 1617 1620
X 1559 1617 1620
X 1616 1620 1621
X 1617 1557 1558 1559 1620 1621
X 1618 1619 1620 1621
X 1619 1618
X 1620 1557 1558 1559 1616 1617 1618
X 1621 1557 1616 1617 1618
X 1566 1626 1629 1630
X 1567 1626 1629
X 1568 1626 1629
X 1625 1629 1630
X 1626 1566 1567 1568 1629 1630
X 1627 1628 1629 1630
X 1628 1627
X 1629 1566 1567 1568 1625 1626 1627
X 1630 1566 1625 1626 1627
X 1575 1635 1638 1639 3347
X 1576 1635 1638 3347 3348
X 1577 1635 1638 3347 3348
X 1634 1638 1639
X 1635 1575 1576 1577 1638 1639 3347 3348
X 1636 1637 1638 1639
X 1637 1636
X 1638 1575 1576 1577 1634 1635 1636 3347 3348
X 1639 1575 1634 1635 1636 3347
X 3347 1575 1576 1577 1635 1638 1639
X 3348 1576 1577 1635 1638
X 1584 1644 1647 1648
X 1585 1644 1647
X 1586 1644 1647
X 1643 1647 1648
X 1644 1584 1585 1586 1647 1648
X 1645 1646 1647 1648
X 1646 1645
X 1647 1584 1585 1586 1643 1644 1645
X 1648 1584 1643 1644 1645
X 1593 1653 1656 1657
X 1594 1653 1656
X 1595 1653 1656
X 1652 1656 1657
X 1653 1593 1594 1595 1656 1657
X 1654 1655 1656 1657
X 1655 1654
X 1656 1593 1594 1595 1652 1653 1654
X 1657 1593 1652 1653 1654
X 1601 1661
X 1602 1661
X 1603 1661
X 1661 1601 1602 1603
X 1607 1665 1666 1667
X 1665 1607
X 1666 1607
X 1667 1607
X 1613 1668 1670
X 1614 1668 1670 1674 1675 1676
X 1615 1668 1669 1670
X 1668 1613 1614 1615 1674
X 1669 1615
X 1670 1613 1614 1615 1674 1675 1676
X 1674 1614 1668 1670
X 1675 1614 1670
X 1676 1614 1670
X 1622 1677 1679
X 1623 1677 1679 1683 1684 1685
X 1624 1677 1678 1679
X 1677 1622 1623 1624 1683
X 1678 1624
X 1679 1622 1623 1624 1683 1684 1685
X 1683 1623 1677 1679
X 1684 1623 1679
X 1685 1623 1679
X 1631 1686 1688
X 1632 1686 1688 1692 1693 1694
X 1633 1686 1687 1688
X 1686 1631 1632 1633 1692
X 1687 1633
X 1688 1631 1632 1633 1692 1693 1694
X 1692 1632 1686 1688
X 1693 1632 1688
X 1694 1632 1688
X 1640 1695 1697
X 1641 1695 1697 1701 1702 1703
X 1642 1695 1696 1697
X 1695 1640 1641 1642 1701
X 1696 1642
X 1697 1640 1641 1642 1701 1702 1703
X 1701 1641 1695 1697
X 1702 1641 1697
X 1703 1641 1697
X 1649 1704 1706
X 1650 1704 1706 1709 1710 1711
X 1651 1704 1705 1706
X 1704 1649 1650 1651 1709
X 1705 1651
X 1706 1649 1650 1651 1709 1710 1711
X 1709 1650 1704 1706
X 1710 1650 1706
X 1711 1650 1706
X 1658 1712
X 1659 1712 1713
X 1712 1658 1659 1717
X 1713 1659
X 1717 1712
X 1663 1725
X 1722 1725
X 1723 1724 1725
X 1724 1723
X 1725 1663 1722 1723
X 1671 1730 1733 1734
X 1672 1730 1733
X 1673 1730 1733
X 1729 1733 1734
X 1730 1671 1672 1673 1733 1734
X 1731 1732 1733 1734
X 1732 1731
X 1733 1671 1672 1673 1729 1730 1731
X 1734 1671 1729 1730 1731
X 1680 1739 1742 1743
X 1681 1739 1742
X 1682 1739 1742
X 1738 1742 1743
X 1739 1680 1681 1682 1742 1743
X 1740 1741 1742 1743
X 1741 1740
X 1742 1680 1681 1682 1738 1739 1740
X 1743 1680 1738 1739 1740
X 1689 1747 1750 1751
X 1690 1747 1750
X 1691 1747 1750
X 1746 1750 1751
X 1747 1689 1690 1691 1750 1751
X 1748 1749 1750 1751
X 1749 1748
X 1750 1689 1690 1691 1746 1747 1748
X 1751 1689 1746 1747 1748
X 1698 1756 1759 1760
X 1699 1756 1759
X 1700 1756 1759
X 1755 1759 1760
X 1756 1698 1699 1700 1759 1760
X 1757 1758 1759 1760
X 1758 1757
X 1759 1698 1699 1700 1755 1756 1757
X 1760 1698 1755 1756 1757
X 1707 1708 1762
X 1708 1707 1762
X 1762 1707 1708
X 1714 1766
X 1715 1766
X 1716 1766
X 1766 1714 1715 1716
X 1720 1770 1771 1772
X 1770 1720
X 1771 1720
X 1772 1720
X 1726 1773 1775
X 1727 1773 1775 1779 1780 1781
X 1728 1773 1774 1775
X 1773 1726 1727 1728 1779
X 1774 1728
X 1775 1726 1727 1728 1779 1780 1781
X 1779 1727 1773 1775
X 1780 1727 1775
X 1781 1727 1775
X 1735 1782 1784
X 1736 1782 1784 1788 1789 1790
X 1737 1782 1783 1784
X 1782 1735 1736 1737 1788
X 1783 1737
X 1784 1735 1736 1737 1788 1789 1790
X 1788 1736 1782 1784
X 1789 1736 1784
X 1790 1736 1784
X 1744 1745 1791 1792
X 1745 1744 1791 1792
X 1791 1744 1745
X 1792 1744 1745
X 1752 1793 1795
X 1753 1793 1795 1799 1800 1801
X 1754 1793 1794 1795
X 1793 1752 1753 1754 1799
X 1794 1754
X 1795 1752 1753 1754 1799 1800 1801
X 1799 1753 1793 1795
X 1800 1753 1795
X 1801 1753 1795
X 1763 1809
X 1764 1809 1810
X 1809 1763 1764 1814
X 1810 1764
X 1814 1809
X 1768 1822
X 1819 1822
X 1820 1821 1822
X 1821 1820
X 1822 1768 1819 1820
X 1776 1827 1830 1831
X 1777 1827 1830
X 1778 1827 1830
X 1826 1830 1831
X 1827 1776 1777 1778 1830 1831
X 1828 1829 1830 1831
X 1829 1828
X 1830 1776 1777 1778 1826 1827 1828
X 1831 1776 1826 1827 1828
X 1785 1836 1839 1840
X 1786 1836 1839
X 1787 1836 1839
X 1835 1839 1840
X 1836 1785 1786 1787 1839 1840
X 1837 1838 1839 1840
X 1838 1837
X 1839 1785 1786 1787 1835 1836 1837
X 1840 1785 1835 1836 1837
X 1796 1852 1855 1856
X 1797 1852 1855
X 1798 1852 1855
X 1851 1855 1856
X 1852 1796 1797 1798 1855 1856
X 1853 1854 1855 1856
X 1854 1853
X 1855 1796 1797 1798 1851 1852 1853
X 1856 1796 1851 1852 1853
X 1803 1807 1808
X 1807 1803 1808
X 1808 1803 1807
X 1804 1861 1864 1865
X 1805 1861 1864
X 1806 1861 1864
X 1860 1864 1865
X 1861 1804 1805 1806 1864 1865
X 1862 1863 1864 1865
X 1863 1862
X 1864 1804 1805 1806 1860 1861 1862
X 1865 1804 1860 1861 1862
X 1811 1869
X 1812 1869
X 1813 1869
X 1869 1811 1812 1813
X 1817 1873 1874 1875
X 1873 1817
X 1874 1817
X 1875 1817
X 1823 1876 1878
X 1824 1876 1878 1882 1883 1884
X 1825 1876 1877 1878
X 1876 1823 1824 1825 1882
X 1877 1825
X 1878 1823 1824 1825 1882 1883 1884
X 1882 1824 1876 1878
X 1883 1824 1878
X 1884 1824 1878
X 1832 1885 1887
X 1833 1885 1887 1891 1892 1893
X 1834 1885 1886 1887
X 1885 1832 1833 1834 1891
X 1886 1834
X 1887 1832 1833 1834 1891 1892 1893
X 1891 1833 1885 1887
X 1892 1833 1887
X 1893 1833 1887
X 1841 1894 1896
X 1842 1894 1896 1900 1901 1902
X 1843 1894 1895 1896
X 1894 1841 1842 1843 1900
X 1895 1843
X 1896 1841 1842 1843 1900 1901 1902
X 1900 1842 1894 1896
X 1901 1842 1896
X 1902 1842 1896
X 1844 1845 1846 1847
X 1845 1844 1846 1847
X 1846 1844 1845
X 1847 1844 1845
X 1848 1903 1905
X 1849 1903 1905 1909 1910 1911
X 1850 1903 1904 1905
X 1903 1848 1849 1850 1909
X 1904 1850
X 1905 1848 1849 1850 1909 1910 1911
X 1909 1849 1903 1905
X 1910 1849 1905
X 1911 1849 1905
X 1857 1912 1914
X 1858 1912 1914 1918 1919 1920
X 1859 1912 1913 1914
X 1912 1857 1858 1859 1918
X 1913 1859
X 1914 1857 1858 1859 1918 1919 1920
X 1918 1858 1912 1914
X 1919 1858 1914
X 1920 1858 1914
X 1866 1921
X 1867 1921 1922
X 1921 1866 1867 1926
X 1922 1867
X 1926 1921
X 1871 1934
X 1931 1934
X 1932 1933 1934
X 1933 1932
X 1934 1871 1931 1932
X 1879 1939 1942 1943
X 1880 1939 1942
X 1881 1939 1942
X 1938 1942 1943
X 1939 1879 1880 1881 1942 1943
X 1940 1941 1942 1943
X 1941 1940
X 1942 1879 1880 1881 1938 1939 1940
X 1943 1879 1938 1939 1940
X 1888 1948 1951 1952
X 1889 1948 1951
X 1890 1948 1951
X 1947 1951 1952
X 1948 1888 1889 1890 1951 1952
X 1949 1950 1951 1952
X 1950 1949
X 1951 1888 1889 1890 1947 1948 1949
X 1952 1888 1947 1948 1949
X 1897 1957 1960 1961
X 1898 1957 1960
X 1899 1957 1960
X 1956 1960 1961
X 1957 1897 1898 1899 1960 1961
X 1958 1959 1960 1961
X 1959 1958
X 1960 1897 1898 1899 1956 1957 1958
X 1961 1897 1956 1957 1958
X 1906 1966 1969 1970
X 1907 1966 1969
X 1908 1966 1969
X 1965 1969 1970
X 1966 1906 1907 1908 1969 1970
X 1967 1968 1969 1970
X 1968 1967
X 1969 1906 1907 1908 1965 1966 1967
X 1970 1906 1965 1966 1967
X 1915 1975 1978 1979
X 1916 1975 1978
X 1917 1975 1978
X 1974 1978 1979
X 1975 1915 1916 1917 1978 1979
X 1976 1977 1978 1979
X 1977 1976
X 1978 1915 1916 1917 1974 1975 1976
X 1979 1915 1974 1975 1976
X 1923 1983
X 1924 1983
X 1925 1983
X 1983 1923 1924 1925
X 1929 1987 1988 1989
X 1987 1929
X 1988 1929
X 1989 1929
X 1935 1990 1992
X 1936 1990 1992 1996 1997 1998
X 1937 1990 1991 1992
X 1990 1935 1936 1937 1996
X 1991 1937
X 1992 1935 1936 1937 1996 1997 1998
X 1996 1936 1990 1992
X 1997 1936 1992
X 1998 1936 1992
X 1944 1999 2001
X 1945 1999 2001 2005 2006 2007
X 1946 1999 2000 2001
X 1999 1944 1945 1946 2005
X 2000 1946
X 2001 1944 1945 1946 2005 2006 2007
X 2005 1945 1999 2001
X 2006 1945 2001
X 2007 1945 2001
X 1953 2008 2010
X 1954 2008 2010 2016 2017 2018
X 1955 2008 2009 2010
X 2008 1953 1954 1955 2016
X 2009 1955
X 2010 1953 1954 1955 2016 2017 2018
X 2016 1954 2008 2010
X 2017 1954 2010
X 2018 1954 2010
X 1962 2019 2021
X 1963 2019 2021 2025 2026 2027
X 1964 2019 2020 2021
X 2019 1962 1963 1964 2025
X 2020 1964
X 2021 1962 1963 1964 2025 2026 2027
X 2025 1963 2019 2021
X 2026 1963 2021
X 2027 1963 2021
X 1971 2028 2030
X 1972 2028 2030 2034 2035 2036
X 1973 2028 2029 2030
X 2028 1971 1972 1973 2034
X 2029 1973
X 2030 1971 1972 1973 2034 2035 2036
X 2034 1972 2028 2030
X 2035 1972 2030
X 2036 1972 2030
X 1980 2037
X 1981 2037 2038
X 2037 1980 1981 2042
X 2038 1981
X 2042 2037
X 1985 2050
X 2047 2050
X 2048 2049 2050
X 2049 2048
X 2050 1985 2047 2048
X 1993 2055 2058 2059
X 1994 2055 2058
X 1995 2055 2058
X 2054 2058 2059
X 2055 1993 1994 1995 2058 2059
X 2056 2057 2058 2059
X 2057 2056
X 2058 1993 1994 1995 2054 2055 2056
X 2059 1993 2054 2055 2056
X 2002 2064 2067 2068
X 2003 2064 2067
X 2004 2064 2067
X 2063 2067 2068
X 2064 2002 2003 2004 2067 2068
X 2065 2066 2067 2068
X 2066 2065
X 2067 2002 2003 2004 2063 2064 2065
X 2068 2002 2063 2064 2065
X 2011 2015 2073 2076 2077
X 2012 2072 2073 2076 2077
X 2013 2073 2076
X 2014 2073 2076
X 2015 2011 2073 2076 2077
X 2072 2012 2076 2077
X 2073 2011 2012 2013 2014 2015 2076 2077
X 2074 2075 2076 2077
X 2075 2074
X 2076 2011 2012 2013 2014 2015 2072 2073 2074
X 2077 2011 2012 2015 2072 2073 2074
X 2022 2082 2085 2086
X 2023 2082 2085
X 2024 2082 2085
X 2081 2085 2086
X 2082 2022 2023 2024 2085 2086
X 2083 2084 2085 2086
X 2084 2083
X 2085 2022 2023 2024 2081 2082 2083
X 2086 2022 2081 2082 2083
X 2031 2091 2094 2095
X 2032 2091 2094
X 2033 2091 2094
X 2090 2094 2095
X 2091 2031 2032 2033 2094 2095
X 2092 2093 2094 2095
X 2093 2092
X 2094 2031 2032 2033 2090 2091 2092
X 2095 2031 2090 2091 2092
X 2039 2099
X 2040 2099
X 2041 2099
X 2099 2039 2040 2041
X 2045 2103 2104 2105
X 2103 2045
X 2104 2045
X 2105 2045
X 2051 2106 2108
X 2052 2106 2108 2112 2113 2114
X 2053 2106 2107 2108
X 2106 2051 2052 2053 2112
X 2107 2053
X 2108 2051 2052 2053 2112 2113 2114
X 2112 2052 2106 2108
X 2113 2052 2108
X 2114 2052 2108
X 2060 2115 2117
X 2061 2115 2117 2121 2122 2123
X 2062 2115 2116 2117
X 2115 2060 2061 2062 2121
X 2116 2062
X 2117 2060 2061 2062 2121 2122 2123
X 2121 2061 2115 2117
X 2122 2061 2117
X 2123 2061 2117
X 2069 2124 2126
X 2070 2124 2126 2130 2131 2132
X 2071 2124 2125 2126
X 2124 2069 2070 2071 2130
X 2125 2071
X 2126 2069 2070 2071 2130 2131 2132
X 2130 2070 2124 2126
X 2131 2070 2126
X 2132 2070 2126
X 2078 2133 2135
X 2079 2133 2135 2139 2140 2141
X 2080 2133 2134 2135
X 2133 2078 2079 2080 2139
X 2134 2080
X 2135 2078 2079 2080 2139 2140 2141
X 2139 2079 2133 2135
X 2140 2079 2135
X 2141 2079 2135
X 2087 2142 2144
X 2088 2142 2144 2148 2149 2150
X 2089 2142 2143 2144
X 2142 2087 2088 2089 2148
X 2143 2089
X 2144 2087 2088 2089 2148 2149 2150
X 2148 2088 2142 2144
X 2149 2088 2144
X 2150 2088 2144
X 2096 2151
X 2097 2151 2152
X 2151 2096 2097 2156
X 2152 2097
X 2156 2151
X 2101 2164
X 2161 2164
X 2162 2163 2164
X 2163 2162
X 2164 2101 2161 2162
X 2109 2169 2172 2173
X 2110 2169 2172
X 2111 2169 2172
X 2168 2172 2173
X 2169 2109 2110 2111 2172 2173
X 2170 2171 2172 2173
X 2171 2170
X 2172 2109 2110 2111 2168 2169 2170
X 2173 2109 2168 2169 2170
X 2118 2177 2180 2181
X 2119 2177 2180
X 2120 2177 2180
X 2176 2180 2181
X 2177 2118 2119 2120 2180 2181
X 2178 2179 2180 2181
X 2179 2178
X 2180 2118 2119 2120 2176 2177 2178
X 2181 2118 2176 2177 2178
X 2127 2186 2189 2190
X 2128 2186 2189
X 2129 2186 2189
X 2185 2189 2190
X 2186 2127 2128 2129 2189 2190
X 2187 2188 2189 2190
X 2188 2187
X 2189 2127 2128 2129 2185 2186 2187
X 2190 2127 2185 2186 2187
X 2136 2195 2198 2199
X 2137 2195 2198
X 2138 2195 2198
X 2194 2198 2199
X 2195 2136 2137 2138 2198 2199
X 2196 2197 2198 2199
X 2197 2196
X 2198 2136 2137 2138 2194 2195 2196
X 2199 2136 2194 2195 2196
X 2145 2204 2207 2208
X 2146 2204 2207
X 2147 2204 2207
X 2203 2207 2208
X 2204 2145 2146 2147 2207 2208
X 2205 2206 2207 2208
X 2206 2205
X 2207 2145 2146 2147 2203 2204 2205
X 2208 2145 2203 2204 2205
X 2153 2212
X 2154 2212
X 2155 2212
X 2212 2153 2154 2155
X 2159 2216 2217 2218
X 2216 2159
X 2217 2159
X 2218 2159
X 2165 2219 2221
X 2166 2219 2221 2223 2224 2225
X 2167 2219 2220 2221
X 2219 2165 2166 2167 2223
X 2220 2167
X 2221 2165 2166 2167 2223 2224 2225
X 2223 2166 2219 2221
X 2224 2166 2221
X 2225 2166 2221
X 2174 2226
X 2175 2226 2227
X 2226 2174 2175 2229
X 2227 2175
X 2229 2226
X 2183 2234 2235 2236
X 2234 2183
X 2235 2183
X 2236 2183
X 2191 2237 2239
X 2192 2237 2239 2243 2244 2245
X 2193 2237 2238 2239
X 2237 2191 2192 2193 2243
X 2238 2193
X 2239 2191 2192 2193 2243 2244 2245
X 2243 2192 2237 2239
X 2244 2192 2239
X 2245 2192 2239
X 2200 2246 2248
X 2201 2246 2248 2252 2253 2254
X 2202 2246 2247 2248
X 2246 2200 2201 2202 2252
X 2247 2202
X 2248 2200 2201 2202 2252 2253 2254
X 2252 2201 2246 2248
X 2253 2201 2248
X 2254 2201 2248
X 2209 2255
X 2210 2255 2256
X 2255 2209 2210 2260
X 2256 2210
X 2260 2255
X 2214 2267
X 2264 2267
X 2265 2266 2267
X 2266 2265
X 2267 2214 2264 2265
X 2222 2269
X 2269 2222
X 2228 2271
X 2271 2228
X 2231 2276 2279 2280
X 2232 2276 2279
X 2233 2276 2279
X 2275 2279 2280
X 2276 2231 2232 2233 2279 2280
X 2277 2278 2279 2280
X 2278 2277
X 2279 2231 2232 2233 2275 2276 2277
X 2280 2231 2275 2276 2277
X 2240 2287 2290 2291
X 2241 2287 2290
X 2242 2287 2290
X 2286 2290 2291
X 2287 2240 2241 2242 2290 2291
X 2288 2289 2290 2291
X 2289 2288
X 2290 2240 2241 2242 2286 2287 2288
X 2291 2240 2286 2287 2288
X 2249 2296 2299 2300
X 2250 2296 2299
X 2251 2296 2299
X 2295 2299 2300
X 2296 2249 2250 2251 2299 2300
X 2297 2298 2299 2300
X 2298 2297
X 2299 2249 2250 2251 2295 2296 2297
X 2300 2249 2295 2296 2297
X 2257 2304
X 2258 2304
X 2259 2304
X 2304 2257 2258 2259
X 2273 2312 2313 2314
X 2312 2273
X 2313 2273
X 2314 2273
X 2281 2285 2315 2317 2318 3357 3358 3359 3361 3362
X 2282 2315 2317 2322 2323 2324 3357 3358 3359 3361
X 2283 2315 2317 2318 2322 3357 3358 3359 3361 3362
X 2284 2315 2316 2317 2318 3357 3360 3361 3362
X 2285 2281 2315 2316 2317 2318 3357 3360 3361 3362
X 2315 2281 2282 2283 2284 2285 2322 3357 3358 3359 3360 3361 3362
X 2316 2284 2285 3360
X 2317 2281 2282 2283 2284 2285 2322 2323 2324 3357 3358 3359 3360 3361 3362
X 2318 2281 2283 2284 2285 2322 3357 3359 3360 3362
X 2322 2282 2283 2315 2317 2318 3358 3359 3361 3362
X 2323 2282 2317 3358 3359 3361
X 2324 2282 2317 3358 3359 3361
X 3357 2281 2282 2283 2284 2285 2315 2317 2318 3361 3362
X 3358 2281 2282 2283 2315 2317 2322 2323 2324 3360 3361
X 3359 2281 2282 2283 2315 2317 2318 2322 2323 2324 3361
X 3360 2284 2285 2315 2316 2317 2318 3358
X 3361 2281 2282 2283 2284 2285 2315 2317 2322 2323 2324 3357 3358 3359
X 3362 2281 2283 2284 2285 2315 2317 2318 2322 3357
X 2292 2325 2327
X 2293 2325 2327 2331 2332 2333
X 2294 2325 2326 2327
X 2325 2292 2293 2294 2331
X 2326 2294
X 2327 2292 2293 2294 2331 2332 2333
X 2331 2293 2325 2327
X 2332 2293 2327
X 2333 2293 2327
X 2301 2334
X 2302 2334 2335
X 2334 2301 2302 2339
X 2335 2302
X 2339 2334
X 2310 2351
X 2348 2351
X 2349 2350 2351
X 2350 2349
X 2351 2310 2348 2349
X 2319 2356 2359 2360
X 2320 2356 2359
X 2321 2356 2359
X 2355 2359 2360
X 2356 2319 2320 2321 2359 2360
X 2357 2358 2359 2360
X 2358 2357
X 2359 2319 2320 2321 2355 2356 2357
X 2360 2319 2355 2356 2357
X 2328 2365 2368 2369
X 2329 2365 2368
X 2330 2365 2368
X 2364 2368 2369
X 2365 2328 2329 2330 2368 2369
X 2366 2367 2368 2369
X 2367 2366
X 2368 2328 2329 2330 2364 2365 2366
X 2369 2328 2364 2365 2366
X 2336 2373
X 2337 2373
X 2338 2373
X 2373 2336 2337 2338
X 2346 2381 2382 2383
X 2381 2346
X 2382 2346
X 2383 2346
X 2352 2384 2386
X 2353 2384 2386 2390 2391 2392
X 2354 2384 2385 2386
X 2384 2352 2353 2354 2390
X 2385 2354
X 2386 2352 2353 2354 2390 2391 2392
X 2390 2353 2384 2386
X 2391 2353 2386
X 2392 2353 2386
X 2361 2393 2395
X 2362 2393 2395 2399 2400 2401
X 2363 2393 2394 2395
X 2393 2361 2362 2363 2399
X 2394 2363
X 2395 2361 2362 2363 2399 2400 2401
X 2399 2362 2393 2395
X 2400 2362 2395
X 2401 2362 2395
X 2370 2402
X 2371 2402 2403
X 2402 2370 2371 2407
X 2403 2371
X 2407 2402
X 2379 2419
X 2416 2419
X 2417 2418 2419
X 2418 2417
X 2419 2379 2416 2417
X 2387 2424 2427 2428
X 2388 2424 2427
X 2389 2424 2427
X 2423 2427 2428
X 2424 2387 2388 2389 2427 2428
X 2425 2426 2427 2428
X 2426 2425
X 2427 2387 2388 2389 2423 2424 2425
X 2428 2387 2423 2424 2425
X 2396 2435 2438 2439
X 2397 2435 2438
X 2398 2435 2438
X 2434 2438 2439
X 2435 2396 2397 2398 2438 2439
X 2436 2437 2438 2439
X 2437 2436
X 2438 2396 2397 2398 2434 2435 2436
X 2439 2396 2434 2435 2436
X 2404 2443
X 2405 2443
X 2406 2443
X 2443 2404 2405 2406
X 2414 2451 2452 2453
X 2451 2414
X 2452 2414
X 2453 2414
X 2420 2454 2456
X 2421 2454 2456 2460 2461 2462
X 2422 2454 2455 2456
X 2454 2420 2421 2422 2460
X 2455 2422
X 2456 2420 2421 2422 2460 2461 2462
X 2460 2421 2454 2456
X 2461 2421 2456
X 2462 2421 2456
X 2429 2463 2465 3369 3370
X 2430 2463 2465 2470 2471 2472 3369 3370
X 2431 2432 2463 2464 2465 2466 3369 3370 3371 3372
X 2432 2431 2463 2464 2465 2466 3369 3370 3372
X 2433 2463 2464 2465 2466 3369 3370 3371 3372 3373
X 2463 2429 2430 2431 2432 2433 2470 3369 3370 3371 3372
X 2464 2431 2432 2433 3371 3372
X 2465 2429 2430 2431 2432 2433 2470 2471 2472 3369 3370 3371 3372
X 2466 2431 2432 2433 3371 3372 3373
X 2470 2430 2463 2465 3370
X 2471 2430 2465 3370
X 2472 2430 2465 3370
X 3369 2429 2430 2431 2432 2433 2463 2465
X 3370 2429 2430 2431 2432 2433 2463 2465 2470 2471 2472 3372
X 3371 2431 2433 2463 2464 2465 2466 3372
X 3372 2431 2432 2433 2463 2464 2465 2466 3370 3371
X 3373 2433 2466
X 2440 2473
X 2441 2473 2474
X 2473 2440 2441 2478
X 2474 2441
X 2478 2473
X 2449 2490
X 2487 2490
X 2488 2489 2490
X 2489 2488
X 2490 2449 2487 2488
X 2457 2495 2498 2499
X 2458 2495 2498
X 2459 2495 2498
X 2494 2498 2499
X 2495 2457 2458 2459 2498 2499
X 2496 2497 2498 2499
X 2497 2496
X 2498 2457 2458 2459 2494 2495 2496
X 2499 2457 2494 2495 2496
X 2467 2504 2507 2508
X 2468 2504 2507
X 2469 2504 2507
X 2503 2507 2508
X 2504 2467 2468 2469 2507 2508
X 2505 2506 2507 2508
X 2506 2505
X 2507 2467 2468 2469 2503 2504 2505
X 2508 2467 2503 2504 2505
X 2475 2512
X 2476 2512
X 2477 2512
X 2512 2475 2476 2477
X 2485 2520 2521 2522
X 2520 2485
X 2521 2485
X 2522 2485
X 2491 2523 2525
X 2492 2523 2525 2529 2530 2531
X 2493 2523 2524 2525
X 2523 2491 2492 2493 2529
X 2524 2493
X 2525 2491 2492 2493 2529 2530 2531
X 2529 2492 2523 2525
X 2530 2492 2525
X 2531 2492 2525
X 2500 2532 2534
X 2501 2532 2534 2538 2539 2540
X 2502 2532 2533 2534
X 2532 2500 2501 2502 2538
X 2533 2502
X 2534 2500 2501 2502 2538 2539 2540
X 2538 2501 2532 2534
X 2539 2501 2534
X 2540 2501 2534
X 2509 2541
X 2510 2541 2542
X 2541 2509 2510 2546
X 2542 2510
X 2546 2541
X 2518 2559
X 2556 2559
X 2557 2558 2559
X 2558 2557
X 2559 2518 2556 2557
X 2526 2564 2567 2568
X 2527 2564 2567
X 2528 2564 2567
X 2563 2567 2568
X 2564 2526 2527 2528 2567 2568
X 2565 2566 2567 2568
X 2566 2565
X 2567 2526 2527 2528 2563 2564 2565
X 2568 2526 2563 2564 2565
X 2535 2573 2576 2577
X 2536 2573 2576
X 2537 2573 2576
X 2572 2576 2577
X 2573 2535 2536 2537 2576 2577
X 2574 2575 2576 2577
X 2575 2574
X 2576 2535 2536 2537 2572 2573 2574
X 2577 2535 2572 2573 2574
X 2543 2581
X 2544 2581
X 2545 2581
X 2581 2543 2544 2545
X 2549 2585 2586 2587
X 2585 2549
X 2586 2549
X 2587 2549
X 2553 2602 2604
X 2554 2602 2604 2608 2609 2610
X 2555 2602 2603 2604
X 2602 2553 2554 2555 2608
X 2603 2555
X 2604 2553 2554 2555 2608 2609 2610
X 2608 2554 2602 2604
X 2609 2554 2604
X 2610 2554 2604
X 2560 2611 2613 3380 3382
X 2561 2611 2613 2619 2620 2621 3380 3381 3382
X 2562 2611 2612 2613 3382
X 2611 2560 2561 2562 2619 3380 3382
X 2612 2562 3382
X 2613 2560 2561 2562 2619 2620 2621 3380 3381 3382
X 2619 2561 2611 2613 3380
X 2620 2561 2613 3381
X 2621 2561 2613 3381
X 3380 2560 2561 2611 2613 2619
X 3381 2561 2613 2620 2621
X 3382 2560 2561 2562 2611 2612 2613
X 2569 2622 2624
X 2570 2622 2624 2628 2629 2630
X 2571 2622 2623 2624
X 2622 2569 2570 2571 2628
X 2623 2571
X 2624 2569 2570 2571 2628 2629 2630
X 2628 2570 2622 2624
X 2629 2570 2624
X 2630 2570 2624
X 2578 2631
X 2579 2631 2632
X 2631 2578 2579 2636
X 2632 2579
X 2636 2631
X 2583 2644
X 2641 2644
X 2642 2643 2644
X 2643 2642
X 2644 2583 2641 2642
X 2589 2593 2594
X 2593 2589 2594
X 2594 2589 2593
X 2590 2649 2652 2653
X 2591 2649 2652
X 2592 2649 2652
X 2648 2652 2653
X 2649 2590 2591 2592 2652 2653
X 2650 2651 2652 2653
X 2651 2650
X 2652 2590 2591 2592 2648 2649 2650
X 2653 2590 2648 2649 2650
X 2596 2600 2601
X 2600 2596 2601
X 2601 2596 2600
X 2597 2658 2661 2662
X 2598 2658 2661
X 2599 2658 2661
X 2657 2661 2662
X 2658 2597 2598 2599 2661 2662
X 2659 2660 2661 2662
X 2660 2659
X 2661 2597 2598 2599 2657 2658 2659
X 2662 2597 2657 2658 2659
X 2605 2667 2670 2671
X 2606 2667 2670
X 2607 2667 2670
X 2666 2670 2671
X 2667 2605 2606 2607 2670 2671
X 2668 2669 2670 2671
X 2669 2668
X 2670 2605 2606 2607 2666 2667 2668
X 2671 2605 2666 2667 2668
X 2614 2677 2678 3414
X 2615 2616 2617 2618 2679
X 2616 2615 2677 3414
X 2617 2615 2677 3414
X 2618 2615 2679
X 2676 3415
X 2677 2614 2616 2617 3413 3414 3415
X 2678 2614 3413 3414 3415
X 2679 2615 2618 3413 3415
X 3413 2677 2678 2679
X 3414 2614 2616 2617 2677 2678
X 3415 2676 2677 2678 2679
X 2625 2684 2687 2688
X 2626 2684 2687
X 2627 2684 2687
X 2683 2687 2688
X 2684 2625 2626 2627 2687 2688
X 2685 2686 2687 2688
X 2686 2685
X 2687 2625 2626 2627 2683 2684 2685
X 2688 2625 2683 2684 2685
X 2633 2692
X 2634 2692
X 2635 2692
X 2692 2633 2634 2635
X 2639 2696 2697 2698
X 2696 2639
X 2697 2639
X 2698 2639
X 2645 2699 2701
X 2646 2699 2701 2705 2706 2707
X 2647 2699 2700 2701
X 2699 2645 2646 2647 2705
X 2700 2647
X 2701 2645 2646 2647 2705 2706 2707
X 2705 2646 2699 2701
X 2706 2646 2701
X 2707 2646 2701
X 2654 2708 2710
X 2655 2708 2710 2714 2715 2716
X 2656 2708 2709 2710
X 2708 2654 2655 2656 2714
X 2709 2656
X 2710 2654 2655 2656 2714 2715 2716
X 2714 2655 2708 2710
X 2715 2655 2710
X 2716 2655 2710
X 2663 2717 2719
X 2664 2717 2719 2723 2724 2725
X 2665 2717 2718 2719
X 2717 2663 2664 2665 2723
X 2718 2665
X 2719 2663 2664 2665 2723 2724 2725
X 2723 2664 2717 2719
X 2724 2664 2719
X 2725 2664 2719
X 2680 2735 2737
X 2681 2735 2737 2741 2742 2743
X 2682 2735 2736 2737
X 2735 2680 2681 2682 2741
X 2736 2682
X 2737 2680 2681 2682 2741 2742 2743
X 2741 2681 2735 2737
X 2742 2681 2737
X 2743 2681 2737
X 2689 2744
X 2690 2744 2745
X 2744 2689 2690 2749
X 2745 2690
X 2749 2744
X 2694 2757
X 2754 2757
X 2755 2756 2757
X 2756 2755
X 2757 2694 2754 2755
X 2702 2762 2765 2766
X 2703 2762 2765
X 2704 2762 2765
X 2761 2765 2766
X 2762 2702 2703 2704 2765 2766
X 2763 2764 2765 2766
X 2764 2763
X 2765 2702 2703 2704 2761 2762 2763
X 2766 2702 2761 2762 2763
X 2711 2771 2774 2775
X 2712 2771 2774
X 2713 2771 2774
X 2770 2774 2775
X 2771 2711 2712 2713 2774 2775
X 2772 2773 2774 2775
X 2773 2772
X 2774 2711 2712 2713 2770 2771 2772
X 2775 2711 2770 2771 2772
X 2720 2780 2783 2784
X 2721 2780 2783
X 2722 2780 2783
X 2779 2783 2784
X 2780 2720 2721 2722 2783 2784
X 2781 2782 2783 2784
X 2782 2781
X 2783 2720 2721 2722 2779 2780 2781
X 2784 2720 2779 2780 2781
X 2726 2732 3410 3411 3412
X 2727 3412
X 2728 2732 2733 2734 3410 3411 3412
X 2732 2726 2728 3411
X 2733 2728 3411
X 2734 2728 3411
X 3410 2726 2728
X 3411 2726 2728 2732 2733 2734
X 3412 2726 2727 2728
X 2729 2789 2792 2793
X 2730 2789 2792
X 2731 2789 2792
X 2788 2792 2793
X 2789 2729 2730 2731 2792 2793
X 2790 2791 2792 2793
X 2791 2790
X 2792 2729 2730 2731 2788 2789 2790
X 2793 2729 2788 2789 2790
X 2738 2798 2801 2802
X 2739 2798 2801
X 2740 2798 2801
X 2797 2801 2802
X 2798 2738 2739 2740 2801 2802
X 2799 2800 2801 2802
X 2800 2799
X 2801 2738 2739 2740 2797 2798 2799
X 2802 2738 2797 2798 2799
X 2746 2806
X 2747 2806
X 2748 2806
X 2806 2746 2747 2748
X 2752 2810 2811 2812
X 2810 2752
X 2811 2752
X 2812 2752
X 2758 2813 2815
X 2759 2813 2815 2819 2820 2821
X 2760 2813 2814 2815
X 2813 2758 2759 2760 2819
X 2814 2760
X 2815 2758 2759 2760 2819 2820 2821
X 2819 2759 2813 2815
X 2820 2759 2815
X 2821 2759 2815
X 2767 2822 2824
X 2768 2822 2824 2828 2829 2830
X 2769 2822 2823 2824
X 2822 2767 2768 2769 2828
X 2823 2769
X 2824 2767 2768 2769 2828 2829 2830
X 2828 2768 2822 2824
X 2829 2768 2824
X 2830 2768 2824
X 2776 2831 2833
X 2777 2831 2833 2837 2838 2839
X 2778 2831 2832 2833
X 2831 2776 2777 2778 2837
X 2832 2778
X 2833 2776 2777 2778 2837 2838 2839
X 2837 2777 2831 2833
X 2838 2777 2833
X 2839 2777 2833
X 2785 2840 2842
X 2786 2840 2842 2846 2847 2848
X 2787 2840 2841 2842
X 2840 2785 2786 2787 2846
X 2841 2787
X 2842 2785 2786 2787 2846 2847 2848
X 2846 2786 2840 2842
X 2847 2786 2842
X 2848 2786 2842
X 2794 2849 2851
X 2795 2849 2851 2855 2856 2857
X 2796 2849 2850 2851
X 2849 2794 2795 2796 2855
X 2850 2796
X 2851 2794 2795 2796 2855 2856 2857
X 2855 2795 2849 2851
X 2856 2795 2851
X 2857 2795 2851
X 2803 2858
X 2804 2858 2859
X 2858 2803 2804 2863
X 2859 2804
X 2863 2858
X 2808 2871
X 2868 2871
X 2869 2870 2871
X 2870 2869
X 2871 2808 2868 2869
X 2816 2876 2879 2880
X 2817 2876 2879
X 2818 2876 2879
X 2875 2879 2880
X 2876 2816 2817 2818 2879 2880
X 2877 2878 2879 2880
X 2878 2877
X 2879 2816 2817 2818 2875 2876 2877
X 2880 2816 2875 2876 2877
X 2825 2885 2888 2889
X 2826 2885 2888
X 2827 2885 2888
X 2884 2888 2889
X 2885 2825 2826 2827 2888 2889
X 2886 2887 2888 2889
X 2887 2886
X 2888 2825 2826 2827 2884 2885 2886
X 2889 2825 2884 2885 2886
X 2834 2894 2897 2898
X 2835 2894 2897
X 2836 2894 2897
X 2893 2897 2898
X 2894 2834 2835 2836 2897 2898
X 2895 2896 2897 2898
X 2896 2895
X 2897 2834 2835 2836 2893 2894 2895
X 2898 2834 2893 2894 2895
X 2843 2903 2906 2907
X 2844 2903 2906
X 2845 2903 2906
X 2902 2906 2907
X 2903 2843 2844 2845 2906 2907
X 2904 2905 2906 2907
X 2905 2904
X 2906 2843 2844 2845 2902 2903 2904
X 2907 2843 2902 2903 2904
X 2852 2912 2915 2916
X 2853 2912 2915
X 2854 2912 2915
X 2911 2915 2916
X 2912 2852 2853 2854 2915 2916
X 2913 2914 2915 2916
X 2914 2913
X 2915 2852 2853 2854 2911 2912 2913
X 2916 2852 2911 2912 2913
X 2860 2920
X 2861 2920
X 2862 2920
X 2920 2860 2861 2862
X 2866 2924 2925 2926
X 2924 2866
X 2925 2866
X 2926 2866
X 2872 2927 2929
X 2873 2927 2929 2933 2934 2935
X 2874 2927 2928 2929
X 2927 2872 2873 2874 2933
X 2928 2874
X 2929 2872 2873 2874 2933 2934 2935
X 2933 2873 2927 2929
X 2934 2873 2929
X 2935 2873 2929
X 2881 2936 2938
X 2882 2936 2938 2942 2943 2944
X 2883 2936 2937 2938
X 2936 2881 2882 2883 2942
X 2937 2883
X 2938 2881 2882 2883 2942 2943 2944
X 2942 2882 2936 2938
X 2943 2882 2938
X 2944 2882 2938
X 2890 2945 2947
X 2891 2945 2947 2951 2952 2953
X 2892 2945 2946 2947
X 2945 2890 2891 2892 2951
X 2946 2892
X 2947 2890 2891 2892 2951 2952 2953
X 2951 2891 2945 2947
X 2952 2891 2947
X 2953 2891 2947
X 2899 2954 2956
X 2900 2954 2956 2960 2961 2962
X 2901 2954 2955 2956
X 2954 2899 2900 2901 2960
X 2955 2901
X 2956 2899 2900 2901 2960 2961 2962
X 2960 2900 2954 2956
X 2961 2900 2956
X 2962 2900 2956
X 2908 2963 2965
X 2909 2963 2965 2969 2970 2971
X 2910 2963 2964 2965
X 2963 2908 2909 2910 2969
X 2964 2910
X 2965 2908 2909 2910 2969 2970 2971
X 2969 2909 2963 2965
X 2970 2909 2965
X 2971 2909 2965
X 2917 2972
X 2918 2972 2973
X 2972 2917 2918 2977
X 2973 2918
X 2977 2972
X 2923 2979
X 2979 2923
X 2930 2984 2987 2988
X 2931 2984 2987
X 2932 2984 2987
X 2983 2987 2988
X 2984 2930 2931 2932 2987 2988
X 2985 2986 2987 2988
X 2986 2985
X 2987 2930 2931 2932 2983 2984 2985
X 2988 2930 2983 2984 2985
X 2939 2993 2996 2997
X 2940 2993 2996
X 2941 2993 2996
X 2992 2996 2997
X 2993 2939 2940 2941 2996 2997
X 2994 2995 2996 2997
X 2995 2994
X 2996 2939 2940 2941 2992 2993 2994
X 2997 2939 2992 2993 2994
X 2948 3002 3005 3006
X 2949 3002 3005
X 2950 3002 3005
X 3001 3005 3006
X 3002 2948 2949 2950 3005 3006
X 3003 3004 3005 3006
X 3004 3003
X 3005 2948 2949 2950 3001 3002 3003
X 3006 2948 3001 3002 3003
X 2957 3011 3014 3015
X 2958 3011 3014
X 2959 3011 3014
X 3010 3014 3015
X 3011 2957 2958 2959 3014 3015
X 3012 3013 3014 3015
X 3013 3012
X 3014 2957 2958 2959 3010 3011 3012
X 3015 2957 3010 3011 3012
X 2966 3020 3023 3024
X 2967 3020 3023
X 2968 3020 3023
X 3019 3023 3024
X 3020 2966 2967 2968 3023 3024
X 3021 3022 3023 3024
X 3022 3021
X 3023 2966 2967 2968 3019 3020 3021
X 3024 2966 3019 3020 3021
X 2974 3028
X 2975 3028
X 2976 3028
X 3028 2974 2975 2976
X 2980 3030 3032
X 2981 3030 3032 3036 3037 3038
X 2982 3030 3031 3032
X 3030 2980 2981 2982 3036
X 3031 2982
X 3032 2980 2981 2982 3036 3037 3038
X 3036 2981 3030 3032
X 3037 2981 3032
X 3038 2981 3032
X 2989 3039 3041
X 2990 3039 3041 3045 3046 3047
X 2991 3039 3040 3041
X 3039 2989 2990 2991 3045
X 3040 2991
X 3041 2989 2990 2991 3045 3046 3047
X 3045 2990 3039 3041
X 3046 2990 3041
X 3047 2990 3041
X 2998 3048 3050
X 2999 3048 3050 3054 3055 3056
X 3000 3048 3049 3050
X 3048 2998 2999 3000 3054
X 3049 3000
X 3050 2998 2999 3000 3054 3055 3056
X 3054 2999 3048 3050
X 3055 2999 3050
X 3056 2999 3050
X 3007 3057 3059
X 3008 3057 3059 3063 3064 3065
X 3009 3057 3058 3059
X 3057 3007 3008 3009 3063
X 3058 3009
X 3059 3007 3008 3009 3063 3064 3065
X 3063 3008 3057 3059
X 3064 3008 3059
X 3065 3008 3059
X 3016 3066 3068
X 3017 3066 3068 3072 3073 3074
X 3018 3066 3067 3068
X 3066 3016 3017 3018 3072
X 3067 3018
X 3068 3016 3017 3018 3072 3073 3074
X 3072 3017 3066 3068
X 3073 3017 3068
X 3074 3017 3068
X 3025 3075
X 3026 3075 3076
X 3075 3025 3026 3080
X 3076 3026
X 3080 3075
X 3033 3086 3089 3090
X 3034 3086 3089
X 3035 3086 3089
X 3085 3089 3090
X 3086 3033 3034 3035 3089 3090
X 3087 3088 3089 3090
X 3088 3087
X 3089 3033 3034 3035 3085 3086 3087
X 3090 3033 3085 3086 3087
X 3042 3095 3098 3099
X 3043 3095 3098
X 3044 3095 3098
X 3094 3098 3099
X 3095 3042 3043 3044 3098 3099
X 3096 3097 3098 3099
X 3097 3096
X 3098 3042 3043 3044 3094 3095 3096
X 3099 3042 3094 3095 3096
X 3051 3104 3107 3108 3401 3402 3403
X 3052 3104 3107 3402
X 3053 3104 3107 3402 3403
X 3103 3107 3108 3401 3402
X 3104 3051 3052 3053 3107 3108 3401 3402
X 3105 3106 3107 3108
X 3106 3105
X 3107 3051 3052 3053 3103 3104 3105 3402
X 3108 3051 3103 3104 3105 3401 3402 3403
X 3401 3051 3103 3104 3108 3402 3403
X 3402 3051 3052 3053 3103 3104 3107 3108 3401
X 3403 3051 3053 3108 3401
X 3060 3113 3116 3117
X 3061 3113 3116
X 3062 3113 3116
X 3112 3116 3117
X 3113 3060 3061 3062 3116 3117
X 3114 3115 3116 3117
X 3115 3114
X 3116 3060 3061 3062 3112 3113 3114
X 3117 3060 3112 3113 3114
X 3069 3122 3125 3126
X 3070 3122 3125
X 3071 3122 3125
X 3121 3125 3126
X 3122 3069 3070 3071 3125 3126
X 3123 3124 3125 3126
X 3124 3123
X 3125 3069 3070 3071 3121 3122 3123
X 3126 3069 3121 3122 3123
X 3077 3130
X 3078 3130
X 3079 3130
X 3130 3077 3078 3079
X 3083 3134 3135 3136
X 3134 3083
X 3135 3083
X 3136 3083
X 3091 3137 3139
X 3092 3137 3139 3143 3144 3145
X 3093 3137 3138 3139
X 3137 3091 3092 3093 3143
X 3138 3093
X 3139 3091 3092 3093 3143 3144 3145
X 3143 3092 3137 3139
X 3144 3092 3139
X 3145 3092 3139
X 3100 3146 3148
X 3101 3146 3148 3152 3153 3154
X 3102 3146 3147 3148
X 3146 3100 3101 3102 3152
X 3147 3102
X 3148 3100 3101 3102 3152 3153 3154
X 3152 3101 3146 3148
X 3153 3101 3148
X 3154 3101 3148
X 3109 3155 3157
X 3110 3155 3157 3161 3162 3163
X 3111 3155 3156 3157
X 3155 3109 3110 3111 3161
X 3156 3111
X 3157 3109 3110 3111 3161 3162 3163
X 3161 3110 3155 3157
X 3162 3110 3157
X 3163 3110 3157
X 3118 3164 3166
X 3119 3164 3166 3170 3171 3172
X 3120 3164 3165 3166
X 3164 3118 3119 3120 3170
X 3165 3120
X 3166 3118 3119 3120 3170 3171 3172
X 3170 3119 3164 3166
X 3171 3119 3166
X 3172 3119 3166
X 3127 3173
X 3128 3173 3174
X 3173 3127 3128 3178
X 3174 3128
X 3178 3173
X 3132 3186
X 3183 3186
X 3184 3185 3186
X 3185 3184
X 3186 3132 3183 3184
X 3140 3191 3194 3195
X 3141 3191 3194
X 3142 3191 3194
X 3190 3194 3195
X 3191 3140 3141 3142 3194 3195
X 3192 3193 3194 3195
X 3193 3192
X 3194 3140 3141 3142 3190 3191 3192
X 3195 3140 3190 3191 3192
X 3149 3201 3202 3408
X 3150 3201 3408
X 3151 3201 3408
X 3200 3409
X 3201 3149 3150 3151 3407 3408 3409
X 3202 3149 3407 3408 3409
X 3407 3201 3202
X 3408 3149 3150 3151 3201 3202
X 3409 3200 3201 3202
X 3158 3207 3210 3211
X 3159 3207 3210
X 3160 3207 3210
X 3206 3210 3211
X 3207 3158 3159 3160 3210 3211
X 3208 3209 3210 3211
X 3209 3208
X 3210 3158 3159 3160 3206 3207 3208
X 3211 3158 3206 3207 3208
X 3167 3216 3219 3220
X 3168 3216 3219
X 3169 3216 3219
X 3215 3219 3220
X 3216 3167 3168 3169 3219 3220
X 3217 3218 3219 3220
X 3218 3217
X 3219 3167 3168 3169 3215 3216 3217
X 3220 3167 3215 3216 3217
X 3175 3224
X 3176 3224
X 3177 3224
X 3224 3175 3176 3177
X 3181 3226 3227 3228
X 3226 3181
X 3227 3181
X 3228 3181
X 3187 3229 3231
X 3188 3229 3231 3233 3234 3235
X 3189 3229 3230 3231
X 3229 3187 3188 3189 3233
X 3230 3189
X 3231 3187 3188 3189 3233 3234 3235
X 3233 3188 3229 3231
X 3234 3188 3231
X 3235 3188 3231
X 3203 3243 3245
X 3204 3243 3245 3247 3248 3249
X 3205 3243 3244 3245
X 3243 3203 3204 3205 3247
X 3244 3205
X 3245 3203 3204 3205 3247 3248 3249
X 3247 3204 3243 3245
X 3248 3204 3245
X 3249 3204 3245
X 3212 3250 3252
X 3213 3250 3252 3254 3255 3256
X 3214 3250 3251 3252
X 3250 3212 3213 3214 3254
X 3251 3214
X 3252 3212 3213 3214 3254 3255 3256
X 3254 3213 3250 3252
X 3255 3213 3252
X 3256 3213 3252
X 3221 3257
X 3222 3257
X 3257 3221 3222
X 3232 3260
X 3260 3232
X 3236 3240 3404 3405 3406
X 3237 3406
X 3238 3240 3241 3242 3404 3405 3406
X 3240 3236 3238 3405
X 3241 3238 3405
X 3242 3238 3405
X 3404 3236 3238
X 3405 3236 3238 3240 3241 3242
X 3406 3236 3237 3238
X 3239 3262
X 3262 3239
X 3246 3264
X 3264 3246
X 3253 3266
X 3266 3253
