# P6 city life parked cars: generated by tools/life/export_lanes.mjs (do not edit)  columns: type x z yawDeg r g b flags
3 -241.15 -3302.45 -89.4 0.9158 0.4045 0 1
9 -240.74 -3293.83 -89.4 0.0017 0.0017 0.0023 0
6 -240.74 -3308.75 -89.2 0.001 0.001 0.0012 0
8 -240.86 -3316.88 -90.8 0.3345 0.2801 0.1801 0
10 -240.86 -3325.7 -90 0.259 0.0097 0.0097 0
9 -240.85 -3334.15 -89.3 0.0029 0.0033 0.0041 0
2 -186.92 -3363.55 179.2 0.9158 0.4045 0 1
6 -34.85 -3363.85 181.1 0.0017 0.0017 0.0023 0
8 -42.05 -3363.86 181.1 0.0189 0.022 0.029 0
8 -57.92 -3363.89 180.4 0.148 0.2428 0.3587 0
4 -65.17 -3363.96 180.4 0.0119 0.0385 0.1247 0
0 -73.13 -3363.8 180.6 0.9158 0.4045 0 0
8 -81.23 -3363.85 180.8 0.0017 0.0017 0.0023 0
6 -88.74 -3363.89 180.7 0.001 0.001 0.0012 0
4 -95.58 -3363.98 179.5 0.0041 0.0041 0.005 0
5 -102.18 -3363.92 179.6 0.1573 0.0066 0.0066 0
10 -110.24 -3363.93 179.5 0.021 0.043 0.0231 0
9 -131.32 -3363.81 178.9 0.0017 0.0017 0.0023 0
7 -144.64 -3363.85 179.4 0.0242 0.0697 0.1975 0
11 -152.42 -3363.96 179.9 0.68 0.68 0.6524 0
12 -162.42 -3363.82 179.2 0.632 0.6121 0.5605 0
4 -172.4 -3363.87 180 0.4591 0.4045 0.2801 0
9 -179.5 -3363.84 180.2 0.0014 0.0023 0.0037 0
7 -208.02 -3363.98 180.7 0.0242 0.0697 0.1975 0
11 -215.21 -3363.83 179.9 0.7012 0.687 0.6388 0
9 -223.79 -3363.91 179.7 0.0017 0.0017 0.0023 0
8 -24.28 -3356.07 179.4 0.1011 0.0029 0.0046 0
8 -31.74 -3356.19 180.7 0.482 0.4936 0.5054 0
4 -39.27 -3356.16 179 0.0017 0.0017 0.002 0
4 -46.41 -3356.11 180.4 0.0189 0.022 0.029 0
0 -53.82 -3356.09 181 0.9158 0.4045 0 0
8 -69.56 -3356.11 179.2 0.0072 0.0189 0.0658 0
6 -76.49 -3356.14 179.9 0.021 0.043 0.0231 0
5 -83.61 -3356.03 180.2 0.3345 0.2801 0.1801 0
12 -91.3 -3356.19 180.6 0.5924 0.5924 0.5795 0
10 -101.06 -3356.11 179.1 0.1573 0.0066 0.0066 0
8 -107.89 -3356.15 180.4 0.0014 0.0023 0.0037 0
6 -115.87 -3356.08 180.4 0.001 0.001 0.0012 0
8 -138.8 -3356.06 180.6 0.001 0.001 0.0012 0
5 -144.79 -3356.04 180.8 0.1542 0.1636 0.1768 0
8 -152.01 -3356.04 180.2 0.0017 0.0017 0.0023 0
4 -159.66 -3356.18 181.1 0.0119 0.0385 0.1247 0
7 -167.97 -3356.19 179.2 0.2758 0.2932 0.3112 0
4 -174.92 -3356.07 180.5 0.0023 0.0037 0.0055 0
9 -182.85 -3356.11 180.3 0.0017 0.0017 0.0023 0
5 -197.15 -3356.06 179.1 0.0892 0.0963 0.1062 0
6 -205.26 -3356.09 179.8 0.1573 0.0066 0.0066 0
4 -213.67 -3356.09 180.6 0.0072 0.0078 0.0097 0
6 -221.48 -3356.08 179.4 0.0017 0.0017 0.0023 0
1 -8.85 -3343.64 89.3 0.9158 0.4045 0 1
11 -9.23 -3335.59 89.2 0.68 0.68 0.6524 0
9 -9.25 -3327.8 89.7 0.0014 0.0023 0.0037 0
9 -9.2 -3312.88 90 0.0189 0.022 0.029 0
4 -9.18 -3306.82 90.9 0.482 0.4936 0.5054 0
13 8.8 -3336.9 -91.3 0.7818 0.7818 0.7519 0
9 9.2 -3294.79 -90.9 0.4591 0.4045 0.2801 0
9 9.11 -3302.76 -91.1 0.4591 0.4045 0.2801 0
11 9.27 -3326.24 -88.9 0.5924 0.5924 0.5795 0
8 -240.78 -3216.85 -90.6 0.1573 0.0066 0.0066 0
6 -240.81 -3230.28 -91 0.0546 0.06 0.0677 0
4 -240.88 -3237.39 -90.9 0.0546 0.0915 0.0461 0
0 -240.85 -3244.72 -89.3 0.9158 0.4045 0 0
12 -240.85 -3254.01 -91.1 0.68 0.68 0.6524 0
4 -218.45 -3277.55 0.5 0.2047 0.259 0.2801 0
9 -212.37 -3277.53 -0.2 0.001 0.001 0.0012 0
4 -205.23 -3277.47 0.7 0.0658 0.0385 0.021 0
4 -190.58 -3277.58 0.3 0.632 0.632 0.5989 0
10 -180.96 -3277.51 0.3 0.0658 0.0385 0.021 0
7 -173.77 -3277.54 -0.8 0.0658 0.0385 0.021 0
7 -167.1 -3277.41 0.8 0.0119 0.0385 0.1247 0
5 -151.6 -3277.5 0.8 0.482 0.4936 0.5054 0
9 -137.44 -3277.53 0.2 0.0189 0.022 0.029 0
4 -131.04 -3277.54 0.6 0.4591 0.4045 0.2801 0
4 -124.9 -3277.5 -0.8 0.0072 0.0189 0.0658 0
4 -118.98 -3277.41 0.1 0.7667 0.7667 0.7445 0
10 -111.74 -3277.55 -0.4 0.1573 0.0066 0.0066 0
8 -104.91 -3277.59 -1.1 0.0189 0.022 0.029 0
5 -88.75 -3277.54 -0.3 0.1011 0.0029 0.0046 0
7 -81.49 -3277.52 0.4 0.0892 0.0963 0.1062 0
11 -73.29 -3277.46 -0.1 0.68 0.68 0.6524 0
6 -66.7 -3277.46 0.2 0.0014 0.0023 0.0037 0
4 -60.02 -3277.47 -0.4 0.3345 0.2801 0.1801 0
4 -53.59 -3277.56 -0.9 0.1542 0.1636 0.1768 0
11 -45.36 -3277.57 -0.3 0.5924 0.5924 0.5795 0
4 -37.54 -3277.46 0.9 0.259 0.0097 0.0097 0
11 -28.95 -3277.58 -0.1 0.632 0.6121 0.5605 0
3 -8.85 -3243.5 89.9 0.3297 0.4313 0.0697 1
8 -9.24 -3263.27 90.8 0.0119 0.0385 0.1247 0
6 -9.26 -3255.55 89 0.4591 0.4045 0.2801 0
7 -9.21 -3234.03 90.6 0.4591 0.4045 0.2801 0
3 -9.29 -3219.01 89.6 0.9158 0.4045 0 0
12 -240.72 -3136.47 -90.5 0.7012 0.687 0.6388 0
4 -240.87 -3144.9 -91 0.1573 0.0066 0.0066 0
7 -240.86 -3152.1 -89.4 0.3392 0.3537 0.3736 0
8 -240.7 -3158.7 -89.6 0.0119 0.0385 0.1247 0
9 -240.78 -3165.1 -90.2 0.0014 0.0023 0.0037 0
4 -240.84 -3173.22 -89.8 0.1542 0.1636 0.1768 0
6 -240.74 -3179.73 -89.7 0.0546 0.06 0.0677 0
5 -22.17 -3203.84 179.6 0.0399 0.0546 0.0781 0
5 -36.26 -3203.96 179.5 0.1573 0.0066 0.0066 0
3 -44.49 -3203.86 180.8 0.9158 0.4045 0 0
6 -52.21 -3203.87 179.4 0.0399 0.0546 0.0781 0
8 -59.06 -3203.88 180.6 0.148 0.2428 0.3587 0
11 -68.55 -3203.8 180.9 0.68 0.68 0.6524 0
9 -75.27 -3204 180 0.0029 0.0033 0.0041 0
6 -81.69 -3203.95 180.5 0.3345 0.2801 0.1801 0
8 -88.71 -3203.94 180.1 0.148 0.2428 0.3587 0
5 -94.68 -3203.91 179.6 0.021 0.043 0.0231 0
5 -110.28 -3203.93 179 0.7969 0.7742 0.7083 0
9 -116.29 -3203.93 180.3 0.0029 0.0033 0.0041 0
12 -124.84 -3203.87 178.9 0.7012 0.687 0.6388 0
6 -135.59 -3203.99 179 0.1542 0.1636 0.1768 0
5 -141.94 -3203.95 179 0.1573 0.0066 0.0066 0
10 -150.42 -3203.99 179.7 0.148 0.2428 0.3587 0
6 -159.11 -3203.96 181.1 0.259 0.0097 0.0097 0
6 -167.29 -3203.85 181.1 0.0017 0.0017 0.0023 0
5 -174.85 -3203.84 180.3 0.0041 0.0041 0.005 0
4 -188.14 -3203.91 178.9 0.0658 0.0385 0.021 0
12 -203.45 -3203.89 180.4 0.632 0.6121 0.5605 0
1 -214.13 -3203.93 181 0.9158 0.4045 0 0
5 -220.56 -3203.82 179.7 0.6941 0.6941 0.6661 0
6 -9.2 -3184.76 89.9 0.148 0.2428 0.3587 0
9 225.15 -3196.02 179.3 0.0399 0.0546 0.0781 0
10 217.88 -3196.1 180.8 0.1011 0.0029 0.0046 0
5 209.64 -3196.13 179.5 0.2758 0.2932 0.3112 0
9 203.34 -3196.09 181.1 0.0014 0.0023 0.0037 0
9 197.38 -3196.02 181 0.0014 0.0023 0.0037 0
4 191.23 -3196.01 180 0.0072 0.0078 0.0097 0
10 183.64 -3196.05 180.4 0.0189 0.022 0.029 0
7 174.85 -3196.12 180.2 0.0119 0.0385 0.1247 0
6 167.89 -3196.04 179.1 0.001 0.001 0.0012 0
10 158.55 -3196.11 181 0.1573 0.0066 0.0066 0
4 150.84 -3196.15 180.5 0.3345 0.2801 0.1801 0
5 143.57 -3196.13 179.2 0.0546 0.06 0.0677 0
2 136.55 -3196 179.8 0.9158 0.4045 0 0
6 130.3 -3196.14 179.5 0.1573 0.0066 0.0066 0
4 122.22 -3196.03 179 0.1542 0.1636 0.1768 0
4 109.48 -3196.01 179.2 0.0242 0.0697 0.1975 0
1 102.53 -3196.05 181.1 0.9158 0.4045 0 0
8 95.71 -3196 178.9 0.3392 0.3537 0.3736 0
4 87.64 -3196.07 180.6 0.0399 0.0546 0.0781 0
6 81.22 -3196.01 180.8 0.0119 0.0385 0.1247 0
8 73.61 -3196.16 178.9 0.0014 0.0023 0.0037 0
8 59.93 -3196.1 180.3 0.0242 0.0697 0.1975 0
12 51.53 -3196.19 179.8 0.5924 0.5924 0.5795 0
12 34.33 -3196.13 179.8 0.632 0.6121 0.5605 0
8 25.77 -3196.11 179.6 0.001 0.001 0.0012 0
4 240.71 -3142.96 89.8 0.482 0.4936 0.5054 0
3 258.85 -3158.03 -88.6 0.3297 0.4313 0.0697 1
8 259.24 -3134.85 -90.7 0.1542 0.1636 0.1768 0
9 259.17 -3168.56 -89.5 0.0017 0.0017 0.0023 0
9 259.24 -3175.64 -89 0.0017 0.0017 0.0023 0
4 -408.22 -3116.07 0.5 0.0017 0.0017 0.002 0
4 -401.43 -3116.08 -1.1 0.259 0.0097 0.0097 0
6 -393.77 -3116.13 0.8 0.001 0.001 0.0012 0
5 -387.83 -3116.13 1.1 0.021 0.043 0.0231 0
11 -380.55 -3116.03 -1.1 0.68 0.68 0.6524 0
8 -373.93 -3116.05 -0.1 0.2758 0.2932 0.3112 0
5 -367.72 -3116 1.1 0.021 0.043 0.0231 0
12 -360.11 -3116.2 -0.7 0.7012 0.687 0.6388 0
4 -350.61 -3116.02 1 0.0072 0.0189 0.0658 0
11 -343.02 -3116.19 0.1 0.7012 0.687 0.6388 0
9 -334.3 -3116.17 0.3 0.021 0.043 0.0231 0
4 -319.57 -3116.05 0.3 0.3392 0.3537 0.3736 0
8 -311.29 -3116.18 -0.5 0.1011 0.0029 0.0046 0
4 -298.62 -3116.16 -0.1 0.2047 0.259 0.2801 0
12 -290.74 -3116.13 1 0.68 0.68 0.6524 0
9 -280.15 -3116.18 -1 0.0014 0.0023 0.0037 0
9 -274.11 -3116.07 0.2 0.0014 0.0023 0.0037 0
1 -308.43 -3123.55 -0.9 0.9158 0.4045 0 1
7 -406.96 -3123.84 0.1 0.0023 0.0037 0.0055 0
10 -399.54 -3123.98 0.3 0.3392 0.3537 0.3736 0
8 -386.3 -3123.96 0.1 0.0029 0.0033 0.0041 0
7 -378.39 -3123.83 -0.5 0.259 0.0097 0.0097 0
9 -370.56 -3123.9 -0.7 0.4591 0.4045 0.2801 0
11 -361.21 -3123.84 0.3 0.5924 0.5924 0.5795 0
6 -345.57 -3123.93 0.2 0.0189 0.022 0.029 0
10 -336.29 -3123.86 -0.2 0.3392 0.3537 0.3736 0
5 -327.82 -3123.89 -0.1 0.021 0.043 0.0231 0
7 -319.73 -3123.94 0.5 0.021 0.043 0.0231 0
9 -300.6 -3123.89 1 0.0017 0.0017 0.0023 0
8 -293.04 -3123.82 0.9 0.4591 0.4045 0.2801 0
5 -277.42 -3123.81 -0.4 0.7667 0.7667 0.7445 0
2 -241.15 -3089.61 -89.2 0.9158 0.4045 0 1
13 -241.2 -3091.2 -91.1 0.7818 0.7818 0.7519 0
5 -240.73 -3055.79 -89.2 0.0072 0.0078 0.0097 0
9 -240.85 -3070.55 -91.1 0.0014 0.0023 0.0037 0
8 -240.72 -3077.2 -90.1 0.0399 0.0546 0.0781 0
12 -39.08 -3116.95 0.5 0.632 0.6121 0.5605 1
6 -225.11 -3116.04 -0.4 0.0242 0.0697 0.1975 0
8 -217.53 -3116.1 0.3 0.0029 0.0033 0.0041 0
5 -210.54 -3116.14 0 0.259 0.0097 0.0097 0
11 -201.69 -3116.06 -0.5 0.68 0.68 0.6524 0
4 -193.41 -3116.04 -0.7 0.1011 0.0029 0.0046 0
4 -186.19 -3116.08 -0.5 0.0072 0.0078 0.0097 0
9 -179.8 -3116.18 0.1 0.4591 0.4045 0.2801 0
5 -172.87 -3116.2 -0.4 0.148 0.2428 0.3587 0
5 -153.08 -3116.05 0.1 0.148 0.2428 0.3587 0
4 -145.97 -3116.06 -0.9 0.4591 0.4045 0.2801 0
8 -139.48 -3116.04 0 0.0072 0.0189 0.0658 0
4 -131.97 -3116 -0.2 0.0546 0.0915 0.0461 0
6 -124.26 -3116.07 -0.1 0.148 0.2428 0.3587 0
5 -109.74 -3116.03 0.6 0.4591 0.4045 0.2801 0
4 -101.54 -3116.18 -1.1 0.0023 0.0037 0.0055 0
9 -94.97 -3116.11 0.6 0.0017 0.0017 0.0023 0
6 -88.05 -3116.07 0.9 0.0014 0.0023 0.0037 0
6 -81.8 -3116.19 0 0.001 0.001 0.0012 0
4 -74.01 -3116 1.1 0.148 0.2428 0.3587 0
3 -67.11 -3116.13 0.4 0.9158 0.4045 0 0
8 -60.62 -3116.13 -1 0.0658 0.0385 0.021 0
9 -52.49 -3116.06 0.6 0.0658 0.0385 0.021 0
0 -46.44 -3116.17 -0.3 0.9158 0.4045 0 0
4 -229.58 -3123.95 -0.6 0.0017 0.0017 0.002 0
6 -223.48 -3123.92 -0.8 0.1011 0.0029 0.0046 0
4 -215.81 -3123.96 0.2 0.0189 0.022 0.029 0
8 -209.71 -3123.9 0.8 0.0658 0.0385 0.021 0
4 -195.81 -3123.93 0.7 0.1573 0.0066 0.0066 0
12 -187.53 -3123.91 -0.3 0.7012 0.687 0.6388 0
8 -178.88 -3124 0.5 0.1011 0.0029 0.0046 0
8 -172.52 -3123.93 -0.3 0.0546 0.0915 0.0461 0
5 -144.55 -3123.88 0.5 0.4591 0.4045 0.2801 0
12 -136.02 -3123.95 -1 0.68 0.68 0.6524 0
3 -126.59 -3123.97 -1 0.3297 0.4313 0.0697 0
5 -111.89 -3123.97 0.7 0.0658 0.0385 0.021 0
4 -104.5 -3123.87 -0.5 0.0242 0.0697 0.1975 0
6 -97.37 -3123.98 0.9 0.0029 0.0033 0.0041 0
10 -80.89 -3123.91 0.6 0.2047 0.259 0.2801 0
7 -73.43 -3123.98 -0.7 0.0546 0.06 0.0677 0
1 -66.81 -3123.8 -0.6 0.9158 0.4045 0 0
6 -59.65 -3123.94 1.1 0.0119 0.0385 0.1247 0
5 -52.05 -3123.84 -0.7 0.259 0.0097 0.0097 0
5 -44.17 -3123.84 0.2 0.1542 0.1636 0.1768 0
6 -38.27 -3123.84 0.1 0.0014 0.0023 0.0037 0
5 -31.55 -3123.93 -0.4 0.1542 0.1636 0.1768 0
4 -23.45 -3123.84 -1.1 0.0017 0.0017 0.002 0
12 8.15 -3067.49 -90.9 0.68 0.68 0.6524 1
7 9.28 -3055.7 -90.4 0.2047 0.259 0.2801 0
5 9.27 -3095.69 -90.5 0.148 0.2428 0.3587 0
6 28.33 -3116.18 -0.7 0.021 0.043 0.0231 0
8 34.39 -3116.02 0.7 0.0242 0.0697 0.1975 0
1 41.72 -3116.08 0.3 0.9158 0.4045 0 0
7 49.42 -3116.12 0.8 0.0041 0.0041 0.005 0
12 79.21 -3116.16 0.6 0.68 0.68 0.6524 0
6 104.47 -3116.14 0.5 0.0014 0.0023 0.0037 0
5 111.91 -3116.03 0.1 0.0892 0.0963 0.1062 0
7 120.14 -3116.09 -1.1 0.148 0.2428 0.3587 0
11 128.82 -3116.12 0.1 0.68 0.68 0.6524 0
4 137.61 -3116 0.7 0.0242 0.0697 0.1975 0
4 144.05 -3116.15 -1.1 0.482 0.4936 0.5054 0
11 158.66 -3116.18 -0.2 0.7012 0.687 0.6388 0
6 165.5 -3116.13 -0.9 0.0017 0.0017 0.0023 0
10 181.28 -3116.12 -0.9 0.632 0.632 0.5989 0
9 187.93 -3116.07 -0.1 0.0014 0.0023 0.0037 0
7 200.02 -3116.19 1.1 0.6941 0.6941 0.6661 0
9 205.99 -3116.13 -0.1 0.001 0.001 0.0012 0
4 214.12 -3116.15 -0.8 0.3345 0.2801 0.1801 0
6 220.93 -3116.02 0.1 0.0072 0.0189 0.0658 0
7 23.48 -3123.97 -0.8 0.4045 0.4259 0.4479 0
12 31.54 -3123.98 0.3 0.7012 0.687 0.6388 0
11 43.18 -3123.98 -0.1 0.632 0.6121 0.5605 0
9 56.65 -3123.95 0.2 0.0029 0.0033 0.0041 0
7 62.64 -3123.98 -0.2 0.1542 0.1636 0.1768 0
5 68.88 -3123.91 1 0.0023 0.0037 0.0055 0
4 76.43 -3123.86 -0.2 0.4591 0.4045 0.2801 0
6 83.05 -3123.95 -0.3 0.001 0.001 0.0012 0
6 90.35 -3123.9 -0.6 0.0072 0.0189 0.0658 0
4 98.63 -3123.86 -0.5 0.6941 0.6941 0.6661 0
6 105.52 -3123.95 -0.9 0.0189 0.022 0.029 0
3 111.85 -3123.84 0.4 0.9158 0.4045 0 0
5 118.31 -3123.93 0.9 0.4591 0.4045 0.2801 0
9 126.28 -3123.82 0 0.0029 0.0033 0.0041 0
9 134.29 -3123.91 0.1 0.0029 0.0033 0.0041 0
4 140.56 -3123.88 0.3 0.0658 0.0385 0.021 0
9 147.24 -3123.98 0.8 0.0658 0.0385 0.021 0
4 162.31 -3123.97 0 0.4591 0.4045 0.2801 0
12 171.69 -3123.84 -0.7 0.5924 0.5924 0.5795 0
7 181.97 -3123.93 -0.4 0.0041 0.0041 0.005 0
6 197.02 -3123.95 -1.1 0.0189 0.022 0.029 0
4 217.34 -3123.94 -1 0.0119 0.0385 0.1247 0
9 240.82 -3105.11 89.3 0.0189 0.022 0.029 0
12 258.15 -3096.95 -89.3 0.5924 0.5924 0.5795 1
8 259.23 -3078.02 -90.8 0.2047 0.259 0.2801 0
6 -439.24 -3026.22 88.9 0.0029 0.0033 0.0041 0
4 -439.24 -3018.73 90.6 0.0399 0.0546 0.0781 0
8 -439.17 -3010.86 91.1 0.0072 0.0189 0.0658 0
4 -439.25 -2991.38 90.5 0.4591 0.4045 0.2801 0
9 -439.22 -2985 90.9 0.4591 0.4045 0.2801 0
4 -439.2 -2977.9 89 0.0546 0.06 0.0677 0
8 -420.71 -2975.85 -90.4 0.0014 0.0023 0.0037 0
5 -420.86 -2989.86 -89 0.148 0.2428 0.3587 0
7 -420.82 -2997.41 -89.7 0.1011 0.0029 0.0046 0
9 -420.74 -3011.03 -90.9 0.0014 0.0023 0.0037 0
11 -420.89 -3019.67 -90.6 0.68 0.68 0.6524 0
8 -274.17 -3042.53 179.7 0.0029 0.0033 0.0041 0
2 -282.04 -3042.6 179.3 0.9158 0.4045 0 0
4 -288.8 -3042.48 178.9 0.0892 0.0963 0.1062 0
4 -296.78 -3042.56 181 0.0041 0.0041 0.005 0
1 -310.45 -3042.45 179 0.9158 0.4045 0 0
1 -322.98 -3042.53 179.2 0.9158 0.4045 0 0
8 -330.23 -3042.51 180 0.0119 0.0385 0.1247 0
7 -336.78 -3042.55 180.9 0.0658 0.0385 0.021 0
12 -345.4 -3042.4 179.8 0.5924 0.5924 0.5795 0
6 -353.97 -3042.4 179.6 0.0014 0.0023 0.0037 0
6 -360.84 -3042.49 180.2 0.001 0.001 0.0012 0
8 -367.5 -3042.52 179.3 0.259 0.0097 0.0097 0
8 -374.86 -3042.42 179.7 0.259 0.0097 0.0097 0
8 -381.49 -3042.5 180.7 0.0546 0.06 0.0677 0
6 -389.91 -3042.45 180.3 0.0029 0.0033 0.0041 0
10 -398.9 -3042.42 179.2 0.6941 0.6941 0.6661 0
4 -240.79 -3024.01 -89.6 0.632 0.632 0.5989 0
4 -27.46 -3042.59 181 0.0546 0.06 0.0677 0
4 -50.28 -3042.42 179.9 0.632 0.632 0.5989 0
7 -56.52 -3042.59 180.2 0.2758 0.2932 0.3112 0
8 -64.37 -3042.46 180.9 0.148 0.2428 0.3587 0
4 -72.23 -3042.51 181.1 0.021 0.043 0.0231 0
0 -79.58 -3042.44 180.3 0.9158 0.4045 0 0
5 -86.18 -3042.46 181 0.0119 0.0385 0.1247 0
6 -94.02 -3042.55 180.1 0.4591 0.4045 0.2801 0
10 -103.48 -3042.58 180.1 0.7969 0.7742 0.7083 0
4 -111.42 -3042.57 181.1 0.0041 0.0041 0.005 0
8 -118.88 -3042.59 179.6 0.0892 0.0963 0.1062 0
9 -126.14 -3042.45 181 0.0189 0.022 0.029 0
4 -132.63 -3042.46 180 0.0546 0.06 0.0677 0
4 -146.6 -3042.45 179.4 0.4045 0.4259 0.4479 0
5 -154.12 -3042.43 180.5 0.0023 0.0037 0.0055 0
5 -168.16 -3042.44 180.2 0.632 0.632 0.5989 0
5 -176.02 -3042.53 180.5 0.0546 0.0915 0.0461 0
9 -182.28 -3042.44 180.8 0.0017 0.0017 0.0023 0
6 -189.39 -3042.57 180.2 0.0029 0.0033 0.0041 0
8 -196.39 -3042.44 179.3 0.3392 0.3537 0.3736 0
5 -203.12 -3042.42 179.2 0.0023 0.0037 0.0055 0
0 -210.21 -3042.5 179.8 0.9158 0.4045 0 0
4 -218.41 -3042.59 179 0.0658 0.0385 0.021 0
8 -225.24 -3042.54 179.9 0.0658 0.0385 0.021 0
7 219.24 -3042.48 178.9 0.4045 0.4259 0.4479 0
5 212.49 -3042.43 181.1 0.0242 0.0697 0.1975 0
8 205.28 -3042.58 179.7 0.001 0.001 0.0012 0
9 197.68 -3042.51 179.8 0.0029 0.0033 0.0041 0
4 191.38 -3042.52 179.8 0.259 0.0097 0.0097 0
11 184.03 -3042.54 179.5 0.632 0.6121 0.5605 0
4 175.9 -3042.55 180.9 0.2758 0.2932 0.3112 0
4 168.39 -3042.54 180.8 0.1573 0.0066 0.0066 0
6 161.76 -3042.45 178.9 0.0017 0.0017 0.0023 0
11 153.4 -3042.46 179.6 0.5924 0.5924 0.5795 0
6 138.5 -3042.43 181.1 0.1542 0.1636 0.1768 0
6 132.42 -3042.45 180.8 0.0119 0.0385 0.1247 0
10 124.99 -3042.43 180.1 0.2047 0.259 0.2801 0
7 116.82 -3042.56 179.1 0.0017 0.0017 0.002 0
5 108.67 -3042.58 179.2 0.1542 0.1636 0.1768 0
9 101.99 -3042.51 180.7 0.0399 0.0546 0.0781 0
10 79.76 -3042.58 180 0.2047 0.259 0.2801 0
7 71.71 -3042.58 180.3 0.1542 0.1636 0.1768 0
2 65.1 -3042.5 180.4 0.9158 0.4045 0 0
12 55.63 -3042.47 180.5 0.632 0.6121 0.5605 0
11 45.66 -3042.45 180.8 0.632 0.6121 0.5605 0
9 30.59 -3042.54 179.7 0.0029 0.0033 0.0041 0
6 24.33 -3042.46 180.7 0.0072 0.0189 0.0658 0
12 241.85 -3000.79 89 0.68 0.68 0.6524 1
3 241.15 -3006.08 91.4 0.9158 0.4045 0 1
11 240.82 -3021.28 89.5 0.5924 0.5924 0.5795 0
5 240.75 -3013.79 90.1 0.632 0.632 0.5989 0
9 240.84 -2993.62 89.3 0.0546 0.0915 0.0461 0
5 240.72 -2985.91 89.4 0.0546 0.06 0.0677 0
4 240.79 -2979.85 89.4 0.0399 0.0546 0.0781 0
12 258.15 -2984.25 -90.9 0.68 0.68 0.6524 1
6 259.26 -2975.68 -90 0.1542 0.1636 0.1768 0
10 259.17 -2996.33 -90.6 0.7969 0.7742 0.7083 0
8 259.24 -3010.6 -89.3 0.0399 0.0546 0.0781 0
7 -439.24 -2943.52 90.2 0.632 0.632 0.5989 0
10 -439.27 -2936.17 89.8 0.3392 0.3537 0.3736 0
12 -439.18 -2926.94 89.1 0.68 0.68 0.6524 0
7 -439.29 -2910.59 90.2 0.0023 0.0037 0.0055 0
11 -439.18 -2901.24 90.1 0.632 0.6121 0.5605 0
12 -421.85 -2935.18 -90.9 0.7012 0.687 0.6388 1
1 -421.15 -2898.91 -89.6 0.9158 0.4045 0 1
2 -420.89 -2910.47 -89.7 0.9158 0.4045 0 0
12 -347.23 -2962.85 -1.2 0.5924 0.5924 0.5795 1
4 -405.67 -2963.92 -0.9 0.3345 0.2801 0.1801 0
4 -398.34 -2963.96 0.4 0.4591 0.4045 0.2801 0
9 -392.32 -2963.92 -0.1 0.0658 0.0385 0.021 0
9 -384.99 -2963.89 0.3 0.0017 0.0017 0.0023 0
6 -371.77 -2963.89 0.6 0.0017 0.0017 0.0023 0
9 -365.38 -2963.92 0.8 0.0017 0.0017 0.0023 0
4 -358.84 -2963.89 -0.7 0.0189 0.022 0.029 0
5 -331.46 -2963.81 0.9 0.0399 0.0546 0.0781 0
1 -325.12 -2963.95 -0.2 0.9158 0.4045 0 0
9 -317.35 -2963.87 0.8 0.001 0.001 0.0012 0
6 -310.38 -2963.9 -0.6 0.1011 0.0029 0.0046 0
5 -303.81 -2963.83 -1.1 0.1011 0.0029 0.0046 0
7 -297.46 -2963.91 -0.5 0.482 0.4936 0.5054 0
9 -290.41 -2963.97 0.4 0.0658 0.0385 0.021 0
9 -283 -2963.81 1.1 0.2047 0.259 0.2801 0
8 -276.01 -2963.92 0.4 0.1011 0.0029 0.0046 0
4 -240.71 -2896.02 -90.1 0.482 0.4936 0.5054 0
4 -240.74 -2904.06 -90.4 0.6941 0.6941 0.6661 0
7 -240.75 -2912.32 -90.6 0.0023 0.0037 0.0055 0
4 -240.75 -2919.5 -89.7 0.1542 0.1636 0.1768 0
7 -240.86 -2927.27 -90.2 0.482 0.4936 0.5054 0
6 -240.75 -2933.52 -91 0.1542 0.1636 0.1768 0
0 -240.7 -2941.8 -89.9 0.9158 0.4045 0 0
9 -227.69 -2956 -0.3 0.001 0.001 0.0012 0
11 -219.97 -2956.09 0.1 0.7012 0.687 0.6388 0
8 -212.86 -2956.18 -0.7 0.0072 0.0189 0.0658 0
12 -204.88 -2956.07 0.8 0.68 0.68 0.6524 0
3 -194.4 -2956.19 -0.8 0.3297 0.4313 0.0697 0
6 -188.55 -2956.11 -0.2 0.1542 0.1636 0.1768 0
8 -180.66 -2956.19 1 0.001 0.001 0.0012 0
2 -174.09 -2956.07 0.2 0.9158 0.4045 0 0
10 -158.68 -2956.16 -0.8 0.259 0.0097 0.0097 0
0 -151.59 -2956.1 0.8 0.9158 0.4045 0 0
5 -143.84 -2956.12 0.7 0.0119 0.0385 0.1247 0
6 -137.33 -2956.01 -0.3 0.0017 0.0017 0.0023 0
2 -130.94 -2956.02 -1.1 0.9158 0.4045 0 0
9 -122.55 -2956.07 0.4 0.001 0.001 0.0012 0
7 -107.79 -2956.15 0.7 0.0072 0.0189 0.0658 0
6 -100.94 -2956.12 -0.3 0.259 0.0097 0.0097 0
9 -79.21 -2956.18 0.4 0.0399 0.0546 0.0781 0
4 -72.66 -2956.01 -0.2 0.0242 0.0697 0.1975 0
5 -66.3 -2956.05 0 0.148 0.2428 0.3587 0
12 -56.98 -2956.01 0.8 0.632 0.6121 0.5605 0
8 -47.21 -2956.17 0.3 0.0399 0.0546 0.0781 0
12 -37.91 -2956.16 -0.1 0.68 0.68 0.6524 0
7 -29.42 -2956.07 0.3 0.259 0.0097 0.0097 0
8 -9.12 -2942.65 89.7 0.2758 0.2932 0.3112 0
1 -9.19 -2927.86 89.8 0.9158 0.4045 0 0
4 -9.21 -2912.9 89.6 0.3345 0.2801 0.1801 0
11 -9.13 -2897.35 90.8 0.7012 0.687 0.6388 0
6 9.11 -2901.43 -90.5 0.0029 0.0033 0.0041 0
4 9.26 -2908.6 -89.3 0.632 0.632 0.5989 0
0 9.23 -2915.68 -88.9 0.9158 0.4045 0 0
4 9.2 -2923.5 -90.8 0.0658 0.0385 0.021 0
12 152.12 -2956.95 -0.7 0.632 0.6121 0.5605 1
2 119.91 -2956.45 0.3 0.9158 0.4045 0 1
10 22.9 -2956.19 0 0.0017 0.0017 0.002 0
5 31.63 -2956.03 -0.8 0.1573 0.0066 0.0066 0
4 39.61 -2956.13 0.3 0.482 0.4936 0.5054 0
4 45.77 -2956.2 -0.3 0.6941 0.6941 0.6661 0
4 67.7 -2956.1 0.4 0.6941 0.6941 0.6661 0
3 75.37 -2956.11 -0.4 0.9158 0.4045 0 0
7 87.44 -2956.02 -0.7 0.0017 0.0017 0.002 0
4 93.79 -2956.1 -0.3 0.2047 0.259 0.2801 0
9 101.97 -2956.19 0.4 0.0014 0.0023 0.0037 0
5 108.7 -2956.01 -0.6 0.0658 0.0385 0.021 0
6 138.85 -2956.03 -1.1 0.4591 0.4045 0.2801 0
1 162.04 -2956.18 0.3 0.9158 0.4045 0 0
7 175.96 -2956.19 -0.8 0.0072 0.0078 0.0097 0
5 181.98 -2956.1 0.4 0.632 0.632 0.5989 0
4 196.07 -2956.17 0.7 0.0546 0.06 0.0677 0
7 204.28 -2956.14 1 0.1542 0.1636 0.1768 0
5 211.75 -2956.13 -0.6 0.0041 0.0041 0.005 0
2 218.73 -2956.03 -0.1 0.9158 0.4045 0 0
5 22.08 -2963.86 1 0.7969 0.7742 0.7083 0
4 28.81 -2963.86 0.6 0.2047 0.259 0.2801 0
8 35.55 -2964 0.8 0.259 0.0097 0.0097 0
11 44.49 -2963.84 -0.5 0.632 0.6121 0.5605 0
4 51.15 -2963.9 0.1 0.148 0.2428 0.3587 0
5 58.37 -2963.93 0.3 0.2758 0.2932 0.3112 0
7 73.69 -2963.86 0.4 0.0072 0.0189 0.0658 0
4 81.74 -2963.88 -0.2 0.4045 0.4259 0.4479 0
12 90.38 -2963.87 0.2 0.68 0.68 0.6524 0
8 99.08 -2963.86 0.2 0.3392 0.3537 0.3736 0
7 106.08 -2963.81 0.4 0.1542 0.1636 0.1768 0
5 113.08 -2963.83 -0.7 0.482 0.4936 0.5054 0
7 120.77 -2963.82 -0.9 0.1011 0.0029 0.0046 0
7 127.12 -2963.91 0.4 0.3392 0.3537 0.3736 0
7 134.85 -2963.88 0.9 0.3345 0.2801 0.1801 0
7 142.76 -2963.84 0 0.7667 0.7667 0.7445 0
8 149.06 -2963.82 0.6 0.0189 0.022 0.029 0
8 164.57 -2963.81 1 0.259 0.0097 0.0097 0
5 179.23 -2963.95 -0.4 0.0546 0.0915 0.0461 0
7 187.01 -2963.89 -0.7 0.0892 0.0963 0.1062 0
8 209.34 -2963.99 -0.5 0.001 0.001 0.0012 0
2 225.17 -2963.94 0.5 0.9158 0.4045 0 0
1 241.15 -2905.1 91.2 0.9158 0.4045 0 1
8 240.85 -2937.37 89.8 0.0017 0.0017 0.0023 0
6 240.88 -2930.79 90.7 0.0546 0.06 0.0677 0
6 240.86 -2922.83 91.1 0.1011 0.0029 0.0046 0
5 240.71 -2916.14 89.6 0.0658 0.0385 0.021 0
1 240.9 -2897.41 89.5 0.9158 0.4045 0 0
10 259.27 -2895.99 -88.9 0.0023 0.0037 0.0055 0
4 259.12 -2902.58 -89.7 0.632 0.632 0.5989 0
8 259.14 -2908.94 -90.8 0.0014 0.0023 0.0037 0
6 259.13 -2914.76 -90.1 0.0546 0.0915 0.0461 0
7 259.27 -2922.47 -90.9 0.0041 0.0041 0.005 0
10 259.16 -2931.44 -90.1 0.1542 0.1636 0.1768 0
0 259.23 -2939.89 -90 0.9158 0.4045 0 0
1 310.34 -2956.45 1.1 0.9158 0.4045 0 1
8 277.77 -2956.11 0.1 0.021 0.043 0.0231 0
5 284.38 -2956.2 -0.6 0.0189 0.022 0.029 0
6 291.47 -2956.07 0.6 0.3345 0.2801 0.1801 0
7 298.27 -2956.09 -0.4 0.482 0.4936 0.5054 0
1 328.45 -2956.02 -0.9 0.9158 0.4045 0 0
10 337.7 -2956.04 0.6 0.0017 0.0017 0.002 0
7 353.56 -2956.14 0.8 0.6941 0.6941 0.6661 0
7 359.54 -2956.15 -0.3 0.2758 0.2932 0.3112 0
6 365.9 -2956.18 -0.7 0.0189 0.022 0.029 0
5 373.41 -2956.12 0.1 0.1573 0.0066 0.0066 0
1 380.09 -2956.17 0.7 0.9158 0.4045 0 0
7 386.3 -2956.05 -0.7 0.0041 0.0041 0.005 0
10 394.96 -2956.18 0.9 0.4045 0.4259 0.4479 0
8 402.71 -2956.15 -0.9 0.0017 0.0017 0.0023 0
12 379.16 -2962.85 -0.2 0.7012 0.687 0.6388 1
7 273.46 -2963.81 0 0.0119 0.0385 0.1247 0
4 281.67 -2963.97 -0.2 0.0072 0.0189 0.0658 0
12 290.51 -2963.91 0.9 0.7012 0.687 0.6388 0
8 301.17 -2963.87 -0.2 0.482 0.4936 0.5054 0
4 307.63 -2963.81 0.4 0.0119 0.0385 0.1247 0
5 314.8 -2963.97 -0.2 0.3345 0.2801 0.1801 0
8 321.92 -2964 -0.7 0.0399 0.0546 0.0781 0
9 329.77 -2963.84 -1.1 0.148 0.2428 0.3587 0
6 335.83 -2963.82 -0.7 0.0017 0.0017 0.0023 0
4 342.98 -2963.99 -0.3 0.0072 0.0078 0.0097 0
12 350.97 -2963.85 0.1 0.7012 0.687 0.6388 0
0 360.91 -2963.81 0.6 0.9158 0.4045 0 0
5 367.66 -2963.84 1 0.4045 0.4259 0.4479 0
9 389.37 -2963.84 0.9 0.2047 0.259 0.2801 0
8 395.66 -2963.93 -0.6 0.021 0.043 0.0231 0
12 -421.85 -2848.67 -88.9 0.5924 0.5924 0.5795 1
13 -421.2 -2852.59 -89.2 0.7818 0.7818 0.7519 0
4 -420.79 -2822.16 -91 0.6941 0.6941 0.6661 0
6 -420.85 -2830.04 -89.2 0.0017 0.0017 0.0023 0
8 -420.84 -2835.97 -89.9 0.001 0.001 0.0012 0
1 -344.63 -2883.55 181.3 0.9158 0.4045 0 1
4 -272.12 -2883.85 180.2 0.0546 0.0915 0.0461 0
9 -279.24 -2883.93 180.8 0.0014 0.0023 0.0037 0
6 -285.62 -2883.91 181 0.1542 0.1636 0.1768 0
9 -298.25 -2883.82 180.9 0.0029 0.0033 0.0041 0
5 -305.96 -2883.9 180.7 0.6941 0.6941 0.6661 0
12 -315.11 -2883.93 180.1 0.632 0.6121 0.5605 0
4 -325.58 -2883.91 180 0.0242 0.0697 0.1975 0
4 -332.89 -2883.95 180.9 0.021 0.043 0.0231 0
5 -353.95 -2883.99 180 0.148 0.2428 0.3587 0
8 -361.29 -2883.87 181.1 0.0029 0.0033 0.0041 0
6 -367.86 -2883.88 180.1 0.0014 0.0023 0.0037 0
9 -375.07 -2883.81 180.7 0.0029 0.0033 0.0041 0
0 -382.96 -2883.9 179.4 0.9158 0.4045 0 0
8 -389.5 -2883.9 179 0.0546 0.06 0.0677 0
4 -396.96 -2883.89 180 0.0892 0.0963 0.1062 0
7 -405 -2883.86 179.8 0.7667 0.7667 0.7445 0
7 -271.15 -2876.14 180.2 0.0023 0.0037 0.0055 0
0 -279.48 -2876.1 179.7 0.9158 0.4045 0 0
6 -286.49 -2876.07 181 0.0546 0.0915 0.0461 0
11 -294.62 -2876.09 181 0.632 0.6121 0.5605 0
9 -302.83 -2876.15 180.8 0.3345 0.2801 0.1801 0
9 -308.99 -2876.07 180.5 0.0017 0.0017 0.0023 0
4 -331.88 -2876.19 181 0.259 0.0097 0.0097 0
4 -352.16 -2876.01 180.4 0.0546 0.0915 0.0461 0
4 -358.59 -2876.1 180.1 0.1573 0.0066 0.0066 0
8 -366.87 -2876.1 179.1 0.3392 0.3537 0.3736 0
5 -374.93 -2876.14 180.3 0.6941 0.6941 0.6661 0
4 -381.35 -2876.18 180.9 0.0546 0.0915 0.0461 0
4 -389.15 -2876.16 180.1 0.148 0.2428 0.3587 0
1 -241.15 -2838.46 -89.3 0.9158 0.4045 0 1
2 -240.74 -2818.55 -90.4 0.9158 0.4045 0 0
6 -240.77 -2826.56 -91 0.0029 0.0033 0.0041 0
7 -240.9 -2832.69 -89.4 0.1573 0.0066 0.0066 0
5 -240.83 -2853.34 -89.9 0.0892 0.0963 0.1062 0
8 -240.83 -2860.35 -89.6 0.2047 0.259 0.2801 0
12 -26.14 -2883.05 179.2 0.632 0.6121 0.5605 1
3 -88.32 -2883.55 181 0.3297 0.4313 0.0697 1
5 -36.39 -2883.92 179.6 0.482 0.4936 0.5054 0
7 -43.34 -2883.86 180.8 0.021 0.043 0.0231 0
4 -49.51 -2883.88 180.1 0.0546 0.0915 0.0461 0
4 -61.71 -2883.8 180.8 0.0189 0.022 0.029 0
1 -69.59 -2883.97 180.2 0.9158 0.4045 0 0
3 -76.06 -2883.83 181 0.9158 0.4045 0 0
8 -97.04 -2883.89 180.4 0.482 0.4936 0.5054 0
8 -110.65 -2883.92 180 0.0029 0.0033 0.0041 0
4 -118.81 -2883.85 180 0.0242 0.0697 0.1975 0
1 -126.71 -2883.81 179.6 0.9158 0.4045 0 0
11 -140.5 -2883.86 180.2 0.5924 0.5924 0.5795 0
0 -147.69 -2883.91 179.4 0.9158 0.4045 0 0
8 -154.86 -2883.91 180 0.0029 0.0033 0.0041 0
7 -170.45 -2883.94 181.1 0.3345 0.2801 0.1801 0
5 -177.17 -2883.94 179.1 0.0658 0.0385 0.021 0
4 -184.19 -2883.97 179.8 0.4591 0.4045 0.2801 0
4 -197.48 -2883.97 180.1 0.3345 0.2801 0.1801 0
5 -204.81 -2883.8 180.2 0.1573 0.0066 0.0066 0
6 -218.31 -2883.91 180 0.001 0.001 0.0012 0
4 -224.7 -2883.93 180.1 0.0041 0.0041 0.005 0
2 -54.95 -2876.45 179.1 0.9158 0.4045 0 1
4 -20.11 -2876.18 180.2 0.4591 0.4045 0.2801 0
3 -27.13 -2876.03 179.3 0.9158 0.4045 0 0
6 -33.07 -2876.1 179.7 0.021 0.043 0.0231 0
7 -39.05 -2876.08 180.6 0.0399 0.0546 0.0781 0
6 -47.39 -2876.19 179.2 0.0119 0.0385 0.1247 0
4 -62.17 -2876.19 180.3 0.148 0.2428 0.3587 0
6 -75 -2876.17 180.4 0.148 0.2428 0.3587 0
4 -82.94 -2876.12 180.6 0.0658 0.0385 0.021 0
1 -95.73 -2876.14 180.1 0.9158 0.4045 0 0
8 -103.41 -2876.11 181.1 0.148 0.2428 0.3587 0
3 -117.3 -2876.1 180 0.9158 0.4045 0 0
12 -125.82 -2876.03 180.1 0.632 0.6121 0.5605 0
4 -134.92 -2876.16 180.6 0.0399 0.0546 0.0781 0
7 -140.95 -2876.01 180 0.0072 0.0078 0.0097 0
4 -154 -2876.1 180 0.4591 0.4045 0.2801 0
4 -160.24 -2876.13 180 0.3345 0.2801 0.1801 0
8 -167.23 -2876.15 179.5 0.1011 0.0029 0.0046 0
8 -174.94 -2876.13 181.1 0.4591 0.4045 0.2801 0
7 -181.45 -2876.1 180.2 0.0119 0.0385 0.1247 0
9 -188.83 -2876.14 178.9 0.3345 0.2801 0.1801 0
5 -196.62 -2876.18 178.9 0.148 0.2428 0.3587 0
8 -203.4 -2876.12 180.5 0.0189 0.022 0.029 0
7 -211.04 -2876.08 180.4 0.3392 0.3537 0.3736 0
9 -218.02 -2876.11 180.7 0.0017 0.0017 0.0023 0
7 -224.93 -2876.16 180.1 0.148 0.2428 0.3587 0
1 -8.85 -2834.72 90.3 0.9158 0.4045 0 1
5 -9.25 -2853.55 89.6 0.0242 0.0697 0.1975 0
9 -9.26 -2845.58 89.5 0.0017 0.0017 0.0023 0
4 -9.12 -2826.93 89 0.0546 0.0915 0.0461 0
3 8.85 -2852.66 -90 0.9158 0.4045 0 1
5 9.2 -2820.14 -89.5 0.632 0.632 0.5989 0
7 9.29 -2826.43 -89.9 0.2758 0.2932 0.3112 0
4 9.23 -2833.13 -90.5 0.0242 0.0697 0.1975 0
10 9.24 -2840.49 -89.8 0.2758 0.2932 0.3112 0
3 229.82 -2883.89 180.3 0.3297 0.4313 0.0697 0
6 222.33 -2883.85 180.7 0.1011 0.0029 0.0046 0
6 215.34 -2883.8 180.9 0.021 0.043 0.0231 0
6 201.74 -2883.96 180.5 0.148 0.2428 0.3587 0
12 192.86 -2884 179.1 0.5924 0.5924 0.5795 0
6 174.59 -2883.97 180 0.0546 0.0915 0.0461 0
9 168.57 -2883.93 179.3 0.001 0.001 0.0012 0
6 156.01 -2883.81 180.1 0.0017 0.0017 0.0023 0
4 150 -2883.83 179.2 0.2758 0.2932 0.3112 0
6 143.75 -2883.91 179.5 0.0546 0.06 0.0677 0
6 137.27 -2883.99 180.8 0.0014 0.0023 0.0037 0
10 129.09 -2883.85 179.4 0.0242 0.0697 0.1975 0
8 120.56 -2883.93 180.4 0.0014 0.0023 0.0037 0
9 112.42 -2883.99 181 0.0029 0.0033 0.0041 0
8 105.76 -2883.95 180.8 0.0017 0.0017 0.0023 0
6 98.35 -2883.96 180.8 0.021 0.043 0.0231 0
9 90.32 -2883.83 180.7 0.0014 0.0023 0.0037 0
4 82.46 -2883.85 179.8 0.0399 0.0546 0.0781 0
2 75.48 -2883.91 179.4 0.9158 0.4045 0 0
4 60.05 -2883.95 178.9 0.0546 0.06 0.0677 0
6 47.24 -2883.99 180.5 0.0242 0.0697 0.1975 0
4 39.56 -2883.88 180.4 0.2758 0.2932 0.3112 0
6 32.43 -2883.99 180.1 0.001 0.001 0.0012 0
6 25.21 -2883.94 178.9 0.0242 0.0697 0.1975 0
0 226.27 -2876.13 180.4 0.9158 0.4045 0 0
8 219.16 -2876.11 179.7 0.001 0.001 0.0012 0
4 211.84 -2876 180.5 0.0399 0.0546 0.0781 0
6 205.29 -2876.18 179.7 0.0892 0.0963 0.1062 0
10 195.89 -2876.05 179.4 0.7969 0.7742 0.7083 0
4 172.82 -2876.08 180.4 0.3392 0.3537 0.3736 0
7 165.93 -2876.11 179.2 0.0023 0.0037 0.0055 0
9 151.9 -2876.02 180.3 0.0014 0.0023 0.0037 0
1 136.32 -2876.11 180 0.9158 0.4045 0 0
8 129.74 -2876.14 179.9 0.001 0.001 0.0012 0
7 123.5 -2876.13 179.4 0.0546 0.06 0.0677 0
4 116.21 -2876.08 179.3 0.0072 0.0078 0.0097 0
5 108.07 -2876.11 180.9 0.0072 0.0078 0.0097 0
4 100.5 -2876.16 181.1 0.7667 0.7667 0.7445 0
4 93.51 -2876.17 180.5 0.0041 0.0041 0.005 0
7 86.1 -2876.14 179.9 0.259 0.0097 0.0097 0
0 78.17 -2876.2 179.1 0.9158 0.4045 0 0
5 64.15 -2876.14 179 0.021 0.043 0.0231 0
4 57.47 -2876.18 179.7 0.632 0.632 0.5989 0
7 50.52 -2876.2 179.5 0.148 0.2428 0.3587 0
5 37.52 -2876.17 181.1 0.0658 0.0385 0.021 0
7 30.08 -2876.13 179.3 0.6941 0.6941 0.6661 0
9 240.85 -2863.04 89.5 0.0189 0.022 0.029 0
6 240.76 -2856.29 90.4 0.0119 0.0385 0.1247 0
7 240.73 -2848.66 90.5 0.7969 0.7742 0.7083 0
4 240.89 -2840.82 89.7 0.6941 0.6941 0.6661 0
8 240.77 -2833.43 90.6 0.021 0.043 0.0231 0
6 240.75 -2827.13 89.7 0.0029 0.0033 0.0041 0
13 258.8 -2855.6 -90.1 0.7818 0.7818 0.7519 0
10 259.12 -2820.72 -89.4 0.7667 0.7667 0.7445 0
4 259.12 -2827.58 -89.3 0.0399 0.0546 0.0781 0
6 259.29 -2833.82 -89 0.3345 0.2801 0.1801 0
5 259.13 -2840.51 -90.2 0.1573 0.0066 0.0066 0
12 291.68 -2883.05 181.1 0.68 0.68 0.6524 1
9 405.32 -2883.82 179.1 0.2047 0.259 0.2801 0
7 397.36 -2883.81 179.8 0.0017 0.0017 0.002 0
3 368.54 -2883.91 180.9 0.9158 0.4045 0 0
5 354.23 -2883.94 179.5 0.1011 0.0029 0.0046 0
7 339.5 -2883.89 179.4 0.0546 0.0915 0.0461 0
4 332.77 -2883.88 179.5 0.3392 0.3537 0.3736 0
12 323.97 -2884 180.8 0.5924 0.5924 0.5795 0
9 314.28 -2883.91 180.2 0.001 0.001 0.0012 0
5 308.49 -2883.94 180.6 0.0658 0.0385 0.021 0
9 301.84 -2883.83 180.5 0.0014 0.0023 0.0037 0
4 279.77 -2883.85 179.2 0.0023 0.0037 0.0055 0
5 406.84 -2876.18 181 0.3392 0.3537 0.3736 0
6 399.12 -2876.02 179.7 0.0892 0.0963 0.1062 0
8 392.02 -2876.2 181 0.0029 0.0033 0.0041 0
9 385.44 -2876.03 180.7 0.0014 0.0023 0.0037 0
10 378.28 -2876.18 181 0.148 0.2428 0.3587 0
10 354.41 -2876.02 178.9 0.7667 0.7667 0.7445 0
6 345.6 -2876.04 180.6 0.0014 0.0023 0.0037 0
4 338.91 -2876.03 181 0.1573 0.0066 0.0066 0
8 331.67 -2876.03 180.4 0.0029 0.0033 0.0041 0
8 324.91 -2876.04 180 0.0014 0.0023 0.0037 0
4 310.69 -2876.16 180.6 0.021 0.043 0.0231 0
10 302.8 -2876.16 179.6 0.2047 0.259 0.2801 0
4 294.43 -2876.04 180.7 0.0041 0.0041 0.005 0
3 278.58 -2876.03 180.9 0.9158 0.4045 0 0
4 420.84 -2857.14 90.9 0.0658 0.0385 0.021 0
9 420.8 -2849.12 89 0.0014 0.0023 0.0037 0
5 420.86 -2836.01 89.2 0.0242 0.0697 0.1975 0
12 -438.15 -2778.18 90.2 0.7012 0.687 0.6388 1
3 -438.85 -2758.88 89.1 0.9158 0.4045 0 1
4 -439.17 -2766.3 89 0.0892 0.0963 0.1062 0
5 -420.76 -2739.81 -89.5 0.0072 0.0078 0.0097 0
8 -420.76 -2747.62 -90.9 0.1542 0.1636 0.1768 0
11 -420.86 -2755.81 -90.1 0.632 0.6121 0.5605 0
8 -420.81 -2763.02 -89.6 0.001 0.001 0.0012 0
8 -420.7 -2768.82 -90.7 0.0014 0.0023 0.0037 0
4 -420.71 -2775.35 -90.7 0.6941 0.6941 0.6661 0
8 -401.86 -2792.21 0 0.0017 0.0017 0.0023 0
3 -393.8 -2792.23 -0.2 0.3297 0.4313 0.0697 0
5 -385.64 -2792.18 -0.2 0.0017 0.0017 0.002 0
6 -371.98 -2792.16 -0.6 0.001 0.001 0.0012 0
8 -364.65 -2792.14 -0.6 0.3392 0.3537 0.3736 0
6 -358.08 -2792.1 0.9 0.0017 0.0017 0.0023 0
8 -336.54 -2792.19 0.4 0.001 0.001 0.0012 0
5 -328.55 -2792.14 0.4 0.482 0.4936 0.5054 0
6 -321.06 -2792.16 -0.1 0.0242 0.0697 0.1975 0
12 -312.71 -2792.16 0.7 0.7012 0.687 0.6388 0
11 -300.88 -2792.25 1 0.7012 0.687 0.6388 0
10 -291.92 -2792.27 -0.3 0.2047 0.259 0.2801 0
7 -283.91 -2792.11 0.8 0.4045 0.4259 0.4479 0
1 -309.33 -2807.45 180 0.9158 0.4045 0 1
5 -279.37 -2807.87 180.6 0.632 0.632 0.5989 0
8 -287.48 -2807.86 180.4 0.2758 0.2932 0.3112 0
8 -295.71 -2807.78 179.9 0.0014 0.0023 0.0037 0
1 -316.46 -2807.78 180.3 0.9158 0.4045 0 0
6 -324.52 -2807.85 180.5 0.0072 0.0189 0.0658 0
9 -337.62 -2807.83 179 0.0014 0.0023 0.0037 0
6 -344.16 -2807.87 180 0.0242 0.0697 0.1975 0
4 -360.36 -2807.86 180.5 0.3345 0.2801 0.1801 0
9 -376.74 -2807.81 181 0.001 0.001 0.0012 0
1 -241.15 -2757.48 -91.2 0.9158 0.4045 0 1
1 -240.9 -2748.98 -90.3 0.9158 0.4045 0 0
2 -240.75 -2764.25 -89.1 0.9158 0.4045 0 0
10 -240.86 -2772.72 -90.9 0.1011 0.0029 0.0046 0
3 -8.85 -2764.2 89.6 0.9158 0.4045 0 1
7 -9.16 -2779.2 89.4 0.0072 0.0078 0.0097 0
4 -9.29 -2772.86 90.8 0.148 0.2428 0.3587 0
5 -9.24 -2751.98 89.9 0.2758 0.2932 0.3112 0
6 -9.23 -2736.41 90.5 0.3345 0.2801 0.1801 0
12 8.15 -2767.78 -90.6 0.7012 0.687 0.6388 1
6 9.25 -2736.61 -90.4 0.0014 0.0023 0.0037 0
9 9.26 -2743.56 -88.9 0.0014 0.0023 0.0037 0
12 9.19 -2752.54 -91.1 0.632 0.6121 0.5605 0
6 9.15 -2777.06 -90 0.0029 0.0033 0.0041 0
2 117.08 -2792.55 -0.4 0.9158 0.4045 0 1
8 22.96 -2792.12 0.6 0.259 0.0097 0.0097 0
5 29.67 -2792.28 0.3 0.0546 0.0915 0.0461 0
4 37.58 -2792.26 -0.9 0.0072 0.0189 0.0658 0
9 44.71 -2792.29 1.1 0.001 0.001 0.0012 0
8 60.34 -2792.23 -0.5 0.1011 0.0029 0.0046 0
6 67.66 -2792.17 -0.3 0.1573 0.0066 0.0066 0
4 74.36 -2792.21 -0.3 0.0023 0.0037 0.0055 0
7 81.34 -2792.15 -0.2 0.148 0.2428 0.3587 0
9 87.37 -2792.3 0.1 0.0017 0.0017 0.0023 0
7 93.47 -2792.23 0.4 0.6941 0.6941 0.6661 0
6 100.74 -2792.23 -0.2 0.021 0.043 0.0231 0
4 107.16 -2792.11 0.7 0.0072 0.0189 0.0658 0
6 127.68 -2792.29 0.2 0.0014 0.0023 0.0037 0
6 141.05 -2792.2 -0.9 0.001 0.001 0.0012 0
9 148.62 -2792.15 0.5 0.0546 0.0915 0.0461 0
4 176.81 -2792.25 -0.1 0.0546 0.06 0.0677 0
8 183.01 -2792.18 -0.5 0.0658 0.0385 0.021 0
3 189.05 -2792.17 -1.1 0.9158 0.4045 0 0
7 195.57 -2792.17 -1.1 0.1573 0.0066 0.0066 0
9 209.71 -2792.18 0.7 0.0017 0.0017 0.0023 0
10 218.18 -2792.24 1.1 0.6941 0.6941 0.6661 0
7 225.79 -2792.16 -0.4 0.632 0.632 0.5989 0
5 220.97 -2807.78 179.8 0.1573 0.0066 0.0066 0
11 205.37 -2807.86 180.4 0.68 0.68 0.6524 0
4 196.6 -2807.78 179 0.0119 0.0385 0.1247 0
9 181.4 -2807.72 179.4 0.0017 0.0017 0.0023 0
8 173.16 -2807.82 181 0.0029 0.0033 0.0041 0
4 165.55 -2807.76 179 0.259 0.0097 0.0097 0
4 150.77 -2807.75 181 0.3345 0.2801 0.1801 0
4 143.29 -2807.78 180.5 0.1011 0.0029 0.0046 0
10 129.02 -2807.8 178.9 0.3392 0.3537 0.3736 0
5 121.85 -2807.87 180.5 0.0892 0.0963 0.1062 0
4 106.23 -2807.82 181.1 0.2047 0.259 0.2801 0
4 99.65 -2807.88 181 0.0017 0.0017 0.002 0
4 93.03 -2807.73 180.5 0.0017 0.0017 0.002 0
7 84.84 -2807.73 179.7 0.3345 0.2801 0.1801 0
8 78.52 -2807.72 180.7 0.0546 0.06 0.0677 0
7 71.88 -2807.7 179.2 0.4591 0.4045 0.2801 0
10 64.4 -2807.77 179.3 0.021 0.043 0.0231 0
4 55.82 -2807.71 179.4 0.482 0.4936 0.5054 0
4 33.73 -2807.81 181.1 0.7667 0.7667 0.7445 0
8 27.26 -2807.8 179.9 0.0017 0.0017 0.0023 0
0 259.26 -2733.73 -90.4 0.9158 0.4045 0 0
7 259.17 -2754.3 -89.4 0.6941 0.6941 0.6661 0
4 259.25 -2761.76 -90.3 0.1011 0.0029 0.0046 0
9 259.19 -2769.8 -90.6 0.0029 0.0033 0.0041 0
9 259.19 -2776.68 -89.3 0.0546 0.0915 0.0461 0
8 271.73 -2792.14 -0.1 0.0029 0.0033 0.0041 0
8 277.71 -2792.15 0.2 0.021 0.043 0.0231 0
4 285.7 -2792.17 -0.1 0.0072 0.0189 0.0658 0
8 313.47 -2792.12 -1.1 0.0189 0.022 0.029 0
4 327.58 -2792.24 -0.7 0.7969 0.7742 0.7083 0
10 336.99 -2792.17 0.9 0.1011 0.0029 0.0046 0
4 344.32 -2792.19 0.8 0.0119 0.0385 0.1247 0
6 358.7 -2792.26 -0.6 0.001 0.001 0.0012 0
4 366.12 -2792.16 -0.2 0.0041 0.0041 0.005 0
9 372.79 -2792.14 -0.2 0.0029 0.0033 0.0041 0
8 385.68 -2792.26 0.9 0.2758 0.2932 0.3112 0
1 389.79 -2807.45 180.8 0.9158 0.4045 0 1
9 409.76 -2807.8 178.9 0.0017 0.0017 0.0023 0
10 400.94 -2807.85 179.1 0.3392 0.3537 0.3736 0
11 376.14 -2807.84 180.5 0.632 0.6121 0.5605 0
9 369.44 -2807.76 179.8 0.3345 0.2801 0.1801 0
4 347.99 -2807.72 178.9 0.0546 0.06 0.0677 0
5 339.98 -2807.71 180.5 0.148 0.2428 0.3587 0
4 334.11 -2807.76 180.3 0.0546 0.0915 0.0461 0
6 326.83 -2807.71 180.7 0.0892 0.0963 0.1062 0
4 313.75 -2807.89 179.2 0.7969 0.7742 0.7083 0
4 294.27 -2807.78 181 0.7969 0.7742 0.7083 0
4 286.15 -2807.84 180.2 0.7969 0.7742 0.7083 0
7 279.85 -2807.73 179.4 0.259 0.0097 0.0097 0
3 421.15 -2765.55 89 0.9158 0.4045 0 1
11 420.89 -2754.51 91.1 0.5924 0.5924 0.5795 0
5 420.76 -2747.1 89.9 0.0546 0.06 0.0677 0
7 420.85 -2740.25 89.5 0.1573 0.0066 0.0066 0
4 439.22 -2733.17 -90.6 0.259 0.0097 0.0097 0
12 -438.15 -2695.83 91 0.68 0.68 0.6524 1
3 -438.85 -2701.34 90 0.3297 0.4313 0.0697 1
11 -439.24 -2685.06 90.8 0.7012 0.687 0.6388 0
8 -439.2 -2676.53 90.2 0.1573 0.0066 0.0066 0
12 -421.85 -2686.8 -88.6 0.68 0.68 0.6524 1
5 -420.76 -2665.13 -89.2 0.2047 0.259 0.2801 0
9 -420.76 -2679.41 -89.8 0.0017 0.0017 0.0023 0
6 -420.73 -2699.48 -89.9 0.001 0.001 0.0012 0
9 -269.91 -2722.52 179.3 0.0014 0.0023 0.0037 0
7 -278.29 -2722.56 179.5 0.0546 0.06 0.0677 0
7 -286.26 -2722.5 180.6 0.4045 0.4259 0.4479 0
7 -301.62 -2722.6 180.7 0.3345 0.2801 0.1801 0
4 -308.95 -2722.45 179.2 0.4591 0.4045 0.2801 0
3 -316.69 -2722.49 180.2 0.3297 0.4313 0.0697 0
4 -324.28 -2722.41 179.9 0.148 0.2428 0.3587 0
5 -339.36 -2722.51 179.7 0.0119 0.0385 0.1247 0
6 -345.49 -2722.45 180 0.0189 0.022 0.029 0
10 -353.89 -2722.42 180.5 0.0023 0.0037 0.0055 0
6 -361.79 -2722.5 180.4 0.0546 0.06 0.0677 0
4 -369.72 -2722.43 180.9 0.7667 0.7667 0.7445 0
1 -377.62 -2722.53 179.2 0.9158 0.4045 0 0
6 -384.4 -2722.42 179.4 0.021 0.043 0.0231 0
8 -391.56 -2722.46 180.7 0.0242 0.0697 0.1975 0
12 -399.26 -2722.52 180.7 0.68 0.68 0.6524 0
1 -241.15 -2685.2 -89 0.9158 0.4045 0 1
13 -241.2 -2697.69 -89.7 0.7818 0.7818 0.7519 0
0 -240.88 -2658.56 -90.7 0.9158 0.4045 0 0
7 -240.77 -2665.94 -89 0.0023 0.0037 0.0055 0
12 -240.7 -2675.11 -90.3 0.68 0.68 0.6524 0
6 -19.98 -2722.43 179 0.0546 0.06 0.0677 0
8 -26.48 -2722.53 179.4 0.001 0.001 0.0012 0
12 -34.28 -2722.56 180.5 0.5924 0.5924 0.5795 0
6 -44.7 -2722.59 181 0.001 0.001 0.0012 0
6 -52.76 -2722.52 179.4 0.0029 0.0033 0.0041 0
11 -61.78 -2722.56 179.5 0.7012 0.687 0.6388 0
12 -71.57 -2722.57 179.9 0.68 0.68 0.6524 0
3 -82.34 -2722.59 179.7 0.9158 0.4045 0 0
6 -89.16 -2722.48 181 0.0017 0.0017 0.0023 0
7 -96.04 -2722.57 178.9 0.4045 0.4259 0.4479 0
4 -103.25 -2722.55 180.1 0.0242 0.0697 0.1975 0
9 -110.98 -2722.56 179.7 0.001 0.001 0.0012 0
8 -118.07 -2722.53 180.5 0.0189 0.022 0.029 0
6 -124.17 -2722.43 179 0.0546 0.06 0.0677 0
6 -131.26 -2722.55 180.6 0.0546 0.06 0.0677 0
8 -138.47 -2722.52 179.6 0.1573 0.0066 0.0066 0
9 -152.01 -2722.6 180.1 0.0399 0.0546 0.0781 0
9 -160.18 -2722.44 179.4 0.0029 0.0033 0.0041 0
9 -166.56 -2722.46 181.1 0.0029 0.0033 0.0041 0
6 -179.25 -2722.44 179.4 0.1542 0.1636 0.1768 0
4 -192.15 -2722.43 180 0.4591 0.4045 0.2801 0
8 -199.46 -2722.59 180 0.0658 0.0385 0.021 0
2 -206.75 -2722.45 180.7 0.9158 0.4045 0 0
5 -214.34 -2722.55 179.2 0.0546 0.06 0.0677 0
9 -221.73 -2722.55 180.2 0.0029 0.0033 0.0041 0
1 -8.85 -2703.8 89.2 0.9158 0.4045 0 1
7 -9.13 -2692.84 89.5 0.7969 0.7742 0.7083 0
9 -9.11 -2684.87 90.2 0.0017 0.0017 0.0023 0
4 -9.18 -2678.39 90.9 0.4045 0.4259 0.4479 0
9 -9.27 -2672.32 90.3 0.0189 0.022 0.029 0
7 -9.18 -2664.66 90.1 0.0242 0.0697 0.1975 0
12 227.44 -2722.52 178.9 0.632 0.6121 0.5605 0
4 217.02 -2722.51 180 0.0041 0.0041 0.005 0
5 210.33 -2722.48 180.4 0.0189 0.022 0.029 0
6 203.7 -2722.6 179.2 0.0029 0.0033 0.0041 0
8 195.31 -2722.57 181.1 0.0892 0.0963 0.1062 0
1 189.45 -2722.42 179.1 0.9158 0.4045 0 0
12 181.62 -2722.51 180.5 0.68 0.68 0.6524 0
8 171.12 -2722.45 179.3 0.0017 0.0017 0.0023 0
4 156.31 -2722.53 181 0.2758 0.2932 0.3112 0
6 148.84 -2722.5 180.5 0.001 0.001 0.0012 0
8 141.1 -2722.42 180.3 0.0014 0.0023 0.0037 0
1 133.88 -2722.4 180.3 0.9158 0.4045 0 0
4 127.76 -2722.59 180.3 0.482 0.4936 0.5054 0
9 121.2 -2722.55 179 0.0029 0.0033 0.0041 0
6 114.22 -2722.52 179 0.4591 0.4045 0.2801 0
9 106.46 -2722.59 179.2 0.148 0.2428 0.3587 0
7 91.27 -2722.5 179.6 0.0242 0.0697 0.1975 0
9 84.43 -2722.48 178.9 0.0029 0.0033 0.0041 0
12 75.37 -2722.53 180.1 0.632 0.6121 0.5605 0
11 65.06 -2722.56 180.4 0.68 0.68 0.6524 0
6 58.15 -2722.46 180.3 0.001 0.001 0.0012 0
4 38.63 -2722.57 179.5 0.0399 0.0546 0.0781 0
8 32.72 -2722.56 179.6 0.0014 0.0023 0.0037 0
4 25.77 -2722.56 180.3 0.3392 0.3537 0.3736 0
1 241.15 -2692.52 90.3 0.9158 0.4045 0 1
7 240.85 -2703.74 90 0.148 0.2428 0.3587 0
5 240.81 -2675.64 88.9 0.0399 0.0546 0.0781 0
10 240.83 -2666.34 89.7 0.0023 0.0037 0.0055 0
7 240.81 -2659.24 89.9 0.1011 0.0029 0.0046 0
2 259.15 -2656.48 -89.9 0.9158 0.4045 0 0
7 259.16 -2670.44 -91.1 0.632 0.632 0.5989 0
8 259.18 -2684.15 -89.2 0.0399 0.0546 0.0781 0
6 259.23 -2697.33 -89.1 0.021 0.043 0.0231 0
6 409.93 -2722.43 179.9 0.0546 0.0915 0.0461 0
7 403.5 -2722.46 180.8 0.4045 0.4259 0.4479 0
9 391.05 -2722.6 180.7 0.0017 0.0017 0.0023 0
9 383.26 -2722.52 181 0.0014 0.0023 0.0037 0
7 369.21 -2722.42 180.7 0.2047 0.259 0.2801 0
9 363.11 -2722.58 179.6 0.0546 0.0915 0.0461 0
0 355.01 -2722.47 180.1 0.9158 0.4045 0 0
9 346.73 -2722.56 180.2 0.0014 0.0023 0.0037 0
6 338.83 -2722.54 181 0.001 0.001 0.0012 0
4 331.24 -2722.56 180.2 0.0023 0.0037 0.0055 0
5 316.79 -2722.47 179.4 0.0119 0.0385 0.1247 0
4 308.91 -2722.53 180.6 0.0041 0.0041 0.005 0
8 301.56 -2722.48 180.2 0.0014 0.0023 0.0037 0
9 293.18 -2722.42 179.6 0.0014 0.0023 0.0037 0
4 278.66 -2722.59 181 0.1542 0.1636 0.1768 0
7 420.74 -2696.66 90.1 0.0546 0.06 0.0677 0
6 420.8 -2673.91 88.9 0.1011 0.0029 0.0046 0
11 420.75 -2660.19 89.4 0.632 0.6121 0.5605 0
12 -438.15 -2595.78 90.8 0.68 0.68 0.6524 1
8 -439.13 -2618.8 90.6 0.0072 0.0189 0.0658 0
4 -439.2 -2612.64 89.5 0.0072 0.0078 0.0097 0
8 -439.11 -2606.27 89 0.0072 0.0189 0.0658 0
4 -439.28 -2585.83 89.8 0.148 0.2428 0.3587 0
1 -421.15 -2590 -89.6 0.9158 0.4045 0 1
12 -420.87 -2576.98 -90.8 0.68 0.68 0.6524 0
4 -420.89 -2608.48 -88.9 0.6941 0.6941 0.6661 0
9 -420.74 -2615.07 -91.1 0.001 0.001 0.0012 0
7 -420.89 -2621.82 -89.9 0.1573 0.0066 0.0066 0
1 -402.51 -2643.92 -0.2 0.9158 0.4045 0 0
6 -396.31 -2643.85 -0.4 0.001 0.001 0.0012 0
8 -389.91 -2643.89 0.9 0.0072 0.0189 0.0658 0
5 -382.08 -2643.92 -0.2 0.0072 0.0189 0.0658 0
2 -375.57 -2643.87 0.7 0.9158 0.4045 0 0
4 -367.25 -2643.82 -0.4 0.6941 0.6941 0.6661 0
5 -359.08 -2643.85 -0.1 0.1011 0.0029 0.0046 0
7 -351.83 -2643.95 1.1 0.3392 0.3537 0.3736 0
3 -336.08 -2643.88 0.3 0.9158 0.4045 0 0
9 -327.94 -2643.83 0.7 0.0017 0.0017 0.0023 0
10 -309.89 -2643.81 -1.1 0.2758 0.2932 0.3112 0
9 -295.34 -2643.91 -0.5 0.0029 0.0033 0.0041 0
6 -287.49 -2643.96 -0.5 0.0546 0.0915 0.0461 0
7 -280.4 -2643.83 0.8 0.259 0.0097 0.0097 0
9 -274.03 -2643.87 -0.2 0.0029 0.0033 0.0041 0
13 -241.2 -2613.52 -89.6 0.7818 0.7818 0.7519 0
8 -240.85 -2576.04 -89.4 0.259 0.0097 0.0097 0
9 -240.89 -2583.61 -90.8 0.0014 0.0023 0.0037 0
7 -240.74 -2591.55 -90.5 0.4591 0.4045 0.2801 0
8 -240.9 -2599.18 -89.6 0.3345 0.2801 0.1801 0
3 -137.53 -2636.45 -0.8 0.9158 0.4045 0 1
6 -229.78 -2636.04 -0.2 0.0029 0.0033 0.0041 0
4 -221.62 -2636.2 0 0.0023 0.0037 0.0055 0
6 -214.3 -2636.13 -0.4 0.0072 0.0189 0.0658 0
6 -199.68 -2636.07 0.9 0.0014 0.0023 0.0037 0
10 -163.44 -2636.16 0.5 0.0399 0.0546 0.0781 0
12 -154.56 -2636.14 1.1 0.68 0.68 0.6524 0
5 -145.58 -2636.02 -1 0.0189 0.022 0.029 0
5 -118.69 -2636.12 -0.8 0.482 0.4936 0.5054 0
4 -111.73 -2636.03 1 0.1573 0.0066 0.0066 0
7 -104.8 -2636.09 -0.1 0.0023 0.0037 0.0055 0
11 -95.38 -2636.08 -1 0.632 0.6121 0.5605 0
5 -88.5 -2636.15 0.8 0.0072 0.0189 0.0658 0
8 -82.5 -2636.12 0.9 0.0029 0.0033 0.0041 0
6 -76.16 -2636.02 -1.1 0.0029 0.0033 0.0041 0
4 -68.45 -2636.17 -0.6 0.0242 0.0697 0.1975 0
8 -61.99 -2636.12 0.9 0.1542 0.1636 0.1768 0
1 -54.58 -2636.08 0 0.9158 0.4045 0 0
4 -48.4 -2636.18 0.6 0.259 0.0097 0.0097 0
6 -41.93 -2636.03 -0.3 0.0029 0.0033 0.0041 0
10 -32.52 -2636.18 1.1 0.4591 0.4045 0.2801 0
6 -25.48 -2636.13 0.7 0.0546 0.06 0.0677 0
2 -166.05 -2643.55 0 0.9158 0.4045 0 1
9 -221.66 -2643.86 -0.6 0.0658 0.0385 0.021 0
9 -215.21 -2643.89 1 0.0014 0.0023 0.0037 0
11 -207.2 -2643.87 -0.8 0.7012 0.687 0.6388 0
8 -199.94 -2643.89 0.6 0.148 0.2428 0.3587 0
4 -192.91 -2643.93 0.2 0.0072 0.0189 0.0658 0
9 -185.16 -2643.89 -0.5 0.0029 0.0033 0.0041 0
4 -178.57 -2643.99 -0.3 0.4045 0.4259 0.4479 0
1 -157.84 -2643.91 -0.2 0.9158 0.4045 0 0
4 -149.62 -2643.88 -1 0.0041 0.0041 0.005 0
8 -143.57 -2643.9 0.8 0.0072 0.0189 0.0658 0
6 -136.56 -2643.82 -0.9 0.0029 0.0033 0.0041 0
9 -128.97 -2643.83 -0.5 0.0399 0.0546 0.0781 0
1 -123.08 -2643.99 0.8 0.9158 0.4045 0 0
4 -117.02 -2643.96 -0.2 0.7969 0.7742 0.7083 0
8 -108.87 -2643.83 1 0.482 0.4936 0.5054 0
4 -101.83 -2643.88 0.6 0.7667 0.7667 0.7445 0
11 -94.44 -2643.94 1.1 0.7012 0.687 0.6388 0
5 -85.88 -2643.84 -0.7 0.0892 0.0963 0.1062 0
9 -79.02 -2643.83 1.1 0.2047 0.259 0.2801 0
8 -72.2 -2643.94 -0.2 0.0014 0.0023 0.0037 0
5 -65.21 -2643.91 0.1 0.0017 0.0017 0.002 0
4 -57.39 -2643.95 1.1 0.3392 0.3537 0.3736 0
12 -42.34 -2643.81 0.3 0.7012 0.687 0.6388 0
10 -32.42 -2643.86 0.9 0.0072 0.0189 0.0658 0
6 -25.68 -2643.86 -0.3 0.0029 0.0033 0.0041 0
8 -9.27 -2601.16 90.5 0.0399 0.0546 0.0781 0
7 -9.21 -2594.57 89 0.259 0.0097 0.0097 0
11 -9.17 -2580.23 90.1 0.632 0.6121 0.5605 0
12 159.16 -2636.95 -1.1 0.5924 0.5924 0.5795 1
8 24.82 -2636.1 0.5 0.001 0.001 0.0012 0
9 32.67 -2636.07 0 0.0014 0.0023 0.0037 0
4 46.7 -2636.01 -0.3 0.3345 0.2801 0.1801 0
7 54.11 -2636.14 0.3 0.2047 0.259 0.2801 0
5 60.15 -2636.16 0.6 0.4045 0.4259 0.4479 0
5 75.59 -2636.09 0.7 0.148 0.2428 0.3587 0
9 81.99 -2636.17 1 0.4591 0.4045 0.2801 0
1 95.12 -2636.01 0.4 0.9158 0.4045 0 0
4 102.37 -2636.15 -0.9 0.482 0.4936 0.5054 0
4 110.3 -2636.01 0.6 0.7667 0.7667 0.7445 0
8 118.39 -2636.15 -0.8 0.0029 0.0033 0.0041 0
8 124.59 -2636.19 0.4 0.0029 0.0033 0.0041 0
1 132.79 -2636.07 -0.3 0.9158 0.4045 0 0
9 146.29 -2636.2 -0.4 0.0014 0.0023 0.0037 0
7 168.88 -2636.06 -0.1 0.4045 0.4259 0.4479 0
6 175.02 -2636.07 0.2 0.1011 0.0029 0.0046 0
5 181.38 -2636.03 0.8 0.7667 0.7667 0.7445 0
4 187.77 -2636 -0.4 0.0119 0.0385 0.1247 0
5 195.08 -2636.11 0.4 0.1573 0.0066 0.0066 0
8 202.71 -2636.14 0.5 0.0119 0.0385 0.1247 0
4 208.67 -2636.18 -0.2 0.0546 0.06 0.0677 0
6 215.11 -2636.08 0.7 0.0546 0.06 0.0677 0
4 223.37 -2636 -0.3 0.2047 0.259 0.2801 0
10 33.8 -2643.87 -0.4 0.632 0.632 0.5989 0
7 41.5 -2643.9 1.1 0.0189 0.022 0.029 0
8 49.69 -2643.89 0.7 0.0189 0.022 0.029 0
12 66.81 -2643.8 -1 0.7012 0.687 0.6388 0
7 77.69 -2643.9 0.6 0.259 0.0097 0.0097 0
6 85.05 -2643.91 -0.6 0.001 0.001 0.0012 0
10 92.37 -2643.93 -0.4 0.2047 0.259 0.2801 0
9 106.24 -2643.85 0.6 0.0017 0.0017 0.0023 0
2 120.47 -2643.97 -0.6 0.9158 0.4045 0 0
9 128.26 -2643.86 0 0.0029 0.0033 0.0041 0
5 135.15 -2643.83 0.6 0.632 0.632 0.5989 0
2 142.21 -2643.97 -0.7 0.9158 0.4045 0 0
11 150.54 -2643.99 -0.9 0.632 0.6121 0.5605 0
8 158.14 -2643.91 0.3 0.0546 0.06 0.0677 0
6 164.78 -2643.92 1 0.1573 0.0066 0.0066 0
8 180.21 -2643.85 -0.9 0.0892 0.0963 0.1062 0
6 187.83 -2643.95 0.8 0.0014 0.0023 0.0037 0
6 195.65 -2643.81 0.7 0.0029 0.0033 0.0041 0
4 203.53 -2643.89 0.4 0.1542 0.1636 0.1768 0
6 211.55 -2643.83 0.5 0.001 0.001 0.0012 0
0 240.78 -2622.39 91 0.9158 0.4045 0 0
5 240.89 -2615.08 90.9 0.148 0.2428 0.3587 0
2 240.76 -2600.2 89.6 0.9158 0.4045 0 0
4 240.71 -2586.14 90.5 0.6941 0.6941 0.6661 0
9 240.9 -2578.46 90.7 0.0029 0.0033 0.0041 0
1 292.81 -2636.45 -1.4 0.9158 0.4045 0 1
8 272.08 -2636.12 -0.9 0.0029 0.0033 0.0041 0
4 280.29 -2636.12 -0.5 0.0399 0.0546 0.0781 0
7 309.79 -2636 0.4 0.0242 0.0697 0.1975 0
8 316.03 -2636.17 -0.7 0.0546 0.06 0.0677 0
10 325.26 -2636.11 -0.3 0.0041 0.0041 0.005 0
6 333.59 -2636.12 0.8 0.0017 0.0017 0.0023 0
9 339.7 -2636 -0.3 0.0017 0.0017 0.0023 0
4 359.69 -2636.2 -0.1 0.0017 0.0017 0.002 0
6 367.64 -2636.13 -0.5 0.0014 0.0023 0.0037 0
12 375.83 -2636.11 0.4 0.5924 0.5924 0.5795 0
2 385.34 -2636.09 0.4 0.9158 0.4045 0 0
6 399.17 -2636.17 1.1 0.0029 0.0033 0.0041 0
7 405.89 -2636.08 -1 0.632 0.632 0.5989 0
4 281.6 -2643.9 -0.8 0.0546 0.0915 0.0461 0
9 288.82 -2643.81 -0.1 0.021 0.043 0.0231 0
5 294.98 -2643.95 0.1 0.0546 0.06 0.0677 0
5 302.87 -2643.83 -0.5 0.0017 0.0017 0.002 0
8 317.61 -2643.9 1.1 0.001 0.001 0.0012 0
7 324.77 -2643.89 0 0.3345 0.2801 0.1801 0
9 337.29 -2643.81 -0.4 0.0029 0.0033 0.0041 0
4 344.05 -2643.82 -0.7 0.4045 0.4259 0.4479 0
4 350.4 -2643.91 0.4 0.021 0.043 0.0231 0
10 358.53 -2643.94 0.3 0.2047 0.259 0.2801 0
7 374.47 -2643.97 -0.2 0.259 0.0097 0.0097 0
4 382.19 -2643.86 -0.1 0.2758 0.2932 0.3112 0
5 389.51 -2643.88 0.1 0.0041 0.0041 0.005 0
8 396.77 -2643.92 -0.1 0.0189 0.022 0.029 0
8 403.5 -2643.99 0 0.3392 0.3537 0.3736 0
6 420.75 -2621.26 89 0.0014 0.0023 0.0037 0
4 420.85 -2614.2 89.7 0.0658 0.0385 0.021 0
4 420.73 -2606.92 90.2 0.3345 0.2801 0.1801 0
7 420.83 -2599.58 90.6 0.0399 0.0546 0.0781 0
9 420.78 -2592.25 90.7 0.0017 0.0017 0.0023 0
4 420.86 -2585.28 90.6 0.0041 0.0041 0.005 0
10 420.84 -2576.9 90.5 0.482 0.4936 0.5054 0
8 439.27 -2574.58 -89.6 0.0017 0.0017 0.0023 0
5 439.26 -2595.55 -90.2 0.0072 0.0189 0.0658 0
7 439.26 -2601.67 -90.9 0.0189 0.022 0.029 0
5 439.17 -2609.64 -90.1 0.0189 0.022 0.029 0
0 439.27 -2617.72 -90.5 0.9158 0.4045 0 0
4 -439.22 -2544.32 90.8 0.0546 0.0915 0.0461 0
4 -439.12 -2537.82 90.7 0.0072 0.0189 0.0658 0
5 -439.22 -2524.2 89.5 0.2758 0.2932 0.3112 0
7 -439.21 -2509.03 89.4 0.3345 0.2801 0.1801 0
7 -439.23 -2502.43 89.1 0.6941 0.6941 0.6661 0
1 -312.21 -2563.55 181.2 0.9158 0.4045 0 1
4 -292.58 -2563.81 178.9 0.7667 0.7667 0.7445 0
11 -300.21 -2563.9 178.9 0.5924 0.5924 0.5795 0
4 -322.49 -2563.93 179.9 0.0072 0.0078 0.0097 0
8 -335.67 -2563.88 179.2 0.021 0.043 0.0231 0
4 -343.55 -2563.85 179.9 0.7667 0.7667 0.7445 0
5 -363.43 -2563.83 180 0.259 0.0097 0.0097 0
4 -381.72 -2563.95 179.7 0.259 0.0097 0.0097 0
4 -388.21 -2563.81 180 0.1573 0.0066 0.0066 0
4 -395.76 -2563.84 179.1 0.0242 0.0697 0.1975 0
6 -403.52 -2563.82 179.4 0.0017 0.0017 0.0023 0
3 -336.64 -2556.45 181.1 0.9158 0.4045 0 1
4 -272.65 -2556.06 180 0.0399 0.0546 0.0781 0
8 -279.28 -2556.06 180 0.148 0.2428 0.3587 0
5 -286.25 -2556.04 179.8 0.632 0.632 0.5989 0
10 -294.54 -2556.18 180 0.4045 0.4259 0.4479 0
1 -301.69 -2556.05 179 0.9158 0.4045 0 0
5 -308.32 -2556.05 179.2 0.1542 0.1636 0.1768 0
6 -316.5 -2556.01 179.4 0.0029 0.0033 0.0041 0
5 -322.67 -2556.18 181.1 0.0242 0.0697 0.1975 0
7 -329.6 -2556 179.1 0.6941 0.6941 0.6661 0
6 -343.99 -2556.07 181.1 0.0017 0.0017 0.0023 0
4 -350.1 -2556.07 180.3 0.0242 0.0697 0.1975 0
4 -357.56 -2556.18 180 0.1573 0.0066 0.0066 0
12 -364.98 -2556.11 179.6 0.5924 0.5924 0.5795 0
9 -374.92 -2556.07 179.9 0.148 0.2428 0.3587 0
4 -395.45 -2556.16 180.4 0.3392 0.3537 0.3736 0
2 -402.52 -2556.07 180.1 0.9158 0.4045 0 0
8 -240.72 -2509.06 -89.9 0.0546 0.06 0.0677 0
6 -240.77 -2515.72 -90.5 0.001 0.001 0.0012 0
9 -240.72 -2529.89 -90.1 0.0014 0.0023 0.0037 0
6 -22.85 -2563.82 179.9 0.0017 0.0017 0.0023 0
9 -30.9 -2563.85 179.5 0.4591 0.4045 0.2801 0
4 -39.1 -2563.87 179.6 0.0892 0.0963 0.1062 0
7 -46.95 -2563.81 179.3 0.0072 0.0078 0.0097 0
4 -53.94 -2563.8 180.9 0.0023 0.0037 0.0055 0
8 -62.25 -2563.94 179.2 0.3392 0.3537 0.3736 0
4 -78.08 -2563.91 180.1 0.1011 0.0029 0.0046 0
11 -86.62 -2563.87 180.9 0.7012 0.687 0.6388 0
8 -93.6 -2563.97 180.8 0.0399 0.0546 0.0781 0
12 -102.56 -2563.85 179.4 0.5924 0.5924 0.5795 0
8 -111.51 -2563.96 179.9 0.0658 0.0385 0.021 0
6 -117.93 -2563.87 180.3 0.0242 0.0697 0.1975 0
7 -125.84 -2563.99 180.8 0.4045 0.4259 0.4479 0
5 -133.38 -2563.96 179.8 0.632 0.632 0.5989 0
4 -153.19 -2563.99 181.1 0.0242 0.0697 0.1975 0
4 -159.36 -2563.96 180.5 0.0546 0.0915 0.0461 0
11 -167.17 -2563.9 180 0.7012 0.687 0.6388 0
4 -182.76 -2563.91 179.8 0.0189 0.022 0.029 0
9 -189.5 -2563.85 179.1 0.001 0.001 0.0012 0
4 -195.9 -2563.92 180.9 0.0119 0.0385 0.1247 0
3 -203.36 -2563.94 180 0.3297 0.4313 0.0697 0
9 -217.34 -2563.86 181 0.001 0.001 0.0012 0
6 -224.13 -2563.82 180.4 0.0029 0.0033 0.0041 0
2 -113.18 -2556.45 179.7 0.9158 0.4045 0 1
8 -21.07 -2556.07 181 0.0029 0.0033 0.0041 0
5 -34.42 -2556.09 178.9 0.4591 0.4045 0.2801 0
4 -41.57 -2556.11 179.5 0.0546 0.06 0.0677 0
8 -47.46 -2556.14 179.6 0.0242 0.0697 0.1975 0
4 -54.27 -2556.17 179.1 0.0399 0.0546 0.0781 0
4 -60.89 -2556 181 0.148 0.2428 0.3587 0
7 -76.56 -2556.04 180 0.1542 0.1636 0.1768 0
4 -82.9 -2556 179 0.3345 0.2801 0.1801 0
3 -91.17 -2556.11 181 0.9158 0.4045 0 0
7 -120.43 -2556.2 180.8 0.7667 0.7667 0.7445 0
6 -134.35 -2556.16 179.6 0.021 0.043 0.0231 0
8 -140.83 -2556.02 179.6 0.021 0.043 0.0231 0
1 -148.42 -2556.14 180.5 0.9158 0.4045 0 0
5 -155.49 -2556.08 181 0.0017 0.0017 0.002 0
7 -163.5 -2556.08 180.9 0.0658 0.0385 0.021 0
7 -171.49 -2556.05 179.2 0.1542 0.1636 0.1768 0
7 -178.53 -2556.03 179.8 0.0546 0.0915 0.0461 0
6 -186.59 -2556.18 178.9 0.0546 0.0915 0.0461 0
6 -192.91 -2556.09 179.3 0.001 0.001 0.0012 0
7 -200.31 -2556.08 180.2 0.1011 0.0029 0.0046 0
5 -208.5 -2556.07 179 0.0546 0.06 0.0677 0
6 -216.77 -2556.08 179.1 0.1573 0.0066 0.0066 0
8 -224.35 -2556.18 179.3 0.0658 0.0385 0.021 0
13 -8.8 -2506.73 91.4 0.7818 0.7818 0.7519 0
7 -9.14 -2542.36 89.4 0.0399 0.0546 0.0781 0
4 -9.2 -2529.01 90.5 0.2047 0.259 0.2801 0
3 8.85 -2516.16 -90.7 0.3297 0.4313 0.0697 1
1 9.27 -2500.81 -89.5 0.9158 0.4045 0 0
10 9.12 -2509.04 -90.2 0.0242 0.0697 0.1975 0
6 9.22 -2524.13 -90.9 0.0017 0.0017 0.0023 0
7 9.3 -2530.96 -89.6 0.632 0.632 0.5989 0
1 9.18 -2539.02 -89.3 0.9158 0.4045 0 0
7 227.01 -2563.83 180 0.632 0.632 0.5989 0
10 211.79 -2563.84 180.9 0.0072 0.0189 0.0658 0
12 195.07 -2563.94 180.3 0.68 0.68 0.6524 0
6 185.19 -2563.83 179.2 0.0892 0.0963 0.1062 0
0 176.92 -2563.86 180.3 0.9158 0.4045 0 0
7 170.65 -2563.91 180.2 0.0242 0.0697 0.1975 0
9 162.47 -2563.89 180.5 0.0029 0.0033 0.0041 0
7 148.55 -2563.96 179.4 0.021 0.043 0.0231 0
7 141.97 -2563.93 180.6 0.0023 0.0037 0.0055 0
12 134.67 -2563.92 180.6 0.632 0.6121 0.5605 0
8 124.81 -2563.84 180.6 0.0892 0.0963 0.1062 0
6 118.56 -2563.96 179 0.001 0.001 0.0012 0
5 111.76 -2564 179.3 0.021 0.043 0.0231 0
10 94.34 -2564 180.6 0.0546 0.0915 0.0461 0
4 80.76 -2563.81 181.1 0.2758 0.2932 0.3112 0
11 72.93 -2563.95 180.6 0.5924 0.5924 0.5795 0
4 65.35 -2563.84 180.7 0.0041 0.0041 0.005 0
8 58.9 -2563.87 179.9 0.0119 0.0385 0.1247 0
11 36.07 -2563.88 180.2 0.632 0.6121 0.5605 0
4 27.6 -2563.92 181.1 0.259 0.0097 0.0097 0
10 226.44 -2556.02 180.5 0.2047 0.259 0.2801 0
12 217.03 -2556.17 179.3 0.632 0.6121 0.5605 0
6 208.04 -2556.18 180.9 0.4591 0.4045 0.2801 0
1 201.73 -2556.01 181.1 0.9158 0.4045 0 0
6 195.01 -2556.08 179.6 0.0546 0.06 0.0677 0
11 185.68 -2556.17 179.2 0.5924 0.5924 0.5795 0
8 169.65 -2556.02 179.3 0.2758 0.2932 0.3112 0
5 162.9 -2556.09 180.3 0.4591 0.4045 0.2801 0
8 140.36 -2556.15 179.6 0.4591 0.4045 0.2801 0
8 126.23 -2556.14 180.4 0.0014 0.0023 0.0037 0
5 118.26 -2556.04 179.1 0.021 0.043 0.0231 0
5 110.61 -2556 179.5 0.1542 0.1636 0.1768 0
8 83.38 -2556.15 180.2 0.0546 0.06 0.0677 0
4 75.96 -2556.16 179.5 0.2758 0.2932 0.3112 0
4 68.14 -2556.09 180.2 0.0072 0.0078 0.0097 0
8 61.66 -2556.04 180 0.3392 0.3537 0.3736 0
10 52.85 -2556.06 180.9 0.0892 0.0963 0.1062 0
12 44.37 -2556.14 180 0.7012 0.687 0.6388 0
4 35.02 -2556.07 179.7 0.0072 0.0078 0.0097 0
10 27.2 -2556.02 180.9 0.6941 0.6941 0.6661 0
2 240.76 -2531.52 90 0.9158 0.4045 0 0
5 240.71 -2510.46 89.9 0.0119 0.0385 0.1247 0
2 258.85 -2535.26 -91.4 0.9158 0.4045 0 1
12 259.14 -2510.18 -89.4 0.632 0.6121 0.5605 0
9 259.2 -2520.52 -90.1 0.0017 0.0017 0.0023 0
8 259.24 -2527 -89.8 0.0014 0.0023 0.0037 0
12 344.38 -2563.05 181.4 0.68 0.68 0.6524 1
5 398.4 -2563.87 179.2 0.0546 0.0915 0.0461 0
8 384.96 -2563.93 180.7 0.1573 0.0066 0.0066 0
6 377.7 -2563.94 180.4 0.0546 0.0915 0.0461 0
5 370.22 -2563.92 180.6 0.1573 0.0066 0.0066 0
4 363.34 -2563.88 180.9 0.021 0.043 0.0231 0
9 355.27 -2563.99 180.1 0.0658 0.0385 0.021 0
0 331.6 -2563.82 180 0.9158 0.4045 0 0
7 317.7 -2563.97 179.3 0.0119 0.0385 0.1247 0
4 309.47 -2563.98 180.8 0.0892 0.0963 0.1062 0
12 300.19 -2563.93 180.1 0.7012 0.687 0.6388 0
7 284.43 -2563.8 181 0.259 0.0097 0.0097 0
12 392.53 -2557.15 179.1 0.7012 0.687 0.6388 1
9 408.73 -2556.08 181 0.0546 0.0915 0.0461 0
6 401.21 -2556.07 180.3 0.0399 0.0546 0.0781 0
4 379.22 -2556.17 180.4 0.2758 0.2932 0.3112 0
12 364.87 -2556.17 180.7 0.632 0.6121 0.5605 0
5 354.9 -2556.07 179.9 0.0017 0.0017 0.002 0
8 348.46 -2556.06 180.1 0.4591 0.4045 0.2801 0
6 341.75 -2556.02 179.8 0.2047 0.259 0.2801 0
7 335.05 -2556.01 179.4 0.0017 0.0017 0.002 0
9 328.35 -2556.04 181.1 0.001 0.001 0.0012 0
8 320.69 -2556.16 180 0.148 0.2428 0.3587 0
7 314.3 -2556.12 179.3 0.0017 0.0017 0.002 0
3 306.49 -2556.17 181 0.9158 0.4045 0 0
6 298.7 -2556.2 179.9 0.0029 0.0033 0.0041 0
4 291.06 -2556.1 178.9 0.3345 0.2801 0.1801 0
6 276.3 -2556.1 179.8 0.0017 0.0017 0.0023 0
6 420.74 -2543.01 90.8 0.0242 0.0697 0.1975 0
9 420.8 -2535.17 88.9 0.3345 0.2801 0.1801 0
7 420.85 -2507.48 89.3 0.0546 0.0915 0.0461 0
4 439.18 -2506.13 -90.4 0.1573 0.0066 0.0066 0
6 439.3 -2512.73 -89.9 0.021 0.043 0.0231 0
4 439.22 -2519.53 -90.2 0.7667 0.7667 0.7445 0
4 439.2 -2527.39 -90.8 0.1011 0.0029 0.0046 0
10 439.28 -2544.33 -90.8 0.632 0.632 0.5989 0
3 -438.85 -2425.15 90.8 0.9158 0.4045 0 1
6 -439.26 -2461.11 89.3 0.0014 0.0023 0.0037 0
9 -439.23 -2455 90.1 0.0017 0.0017 0.0023 0
6 -439.29 -2447.38 88.9 0.001 0.001 0.0012 0
7 -439.24 -2440.1 90.2 0.4591 0.4045 0.2801 0
12 -439.2 -2417.32 91.1 0.632 0.6121 0.5605 0
12 -421.85 -2449.28 -88.9 0.5924 0.5924 0.5795 1
8 -420.81 -2415.55 -89.2 0.0029 0.0033 0.0041 0
4 -420.83 -2421.57 -90 0.0189 0.022 0.029 0
12 -420.76 -2429.18 -89.2 0.632 0.6121 0.5605 0
13 -241.2 -2450.19 -88.9 0.7818 0.7818 0.7519 0
1 -240.76 -2416.32 -91 0.9158 0.4045 0 0
3 -240.88 -2423.58 -90 0.9158 0.4045 0 0
7 -240.72 -2430.36 -89.6 0.3345 0.2801 0.1801 0
6 -240.89 -2438.51 -89.3 0.4591 0.4045 0.2801 0
5 -226.68 -2472.11 -0.6 0.1011 0.0029 0.0046 0
7 -203.08 -2472.2 -0.1 0.7667 0.7667 0.7445 0
4 -196.62 -2472.18 -0.7 0.0072 0.0078 0.0097 0
9 -188.63 -2472.14 0.9 0.0029 0.0033 0.0041 0
10 -179.72 -2472.18 -0.1 0.1011 0.0029 0.0046 0
8 -171.53 -2472.14 0.5 0.3345 0.2801 0.1801 0
9 -158.17 -2472.23 -0.4 0.0014 0.0023 0.0037 0
2 -144.71 -2472.23 -0.3 0.9158 0.4045 0 0
7 -131.02 -2472.15 -0.2 0.0658 0.0385 0.021 0
10 -121.97 -2472.3 -0.7 0.0546 0.0915 0.0461 0
4 -94.36 -2472.26 0 0.6941 0.6941 0.6661 0
6 -87.16 -2472.26 0.6 0.0892 0.0963 0.1062 0
6 -80.38 -2472.2 -1.1 0.3345 0.2801 0.1801 0
1 -73.85 -2472.14 -0.4 0.9158 0.4045 0 0
4 -65.58 -2472.29 0.4 0.1573 0.0066 0.0066 0
7 -58.31 -2472.18 -0.3 0.0119 0.0385 0.1247 0
7 -52.11 -2472.13 1.1 0.0041 0.0041 0.005 0
4 -44.85 -2472.28 -1 0.0041 0.0041 0.005 0
9 -37.17 -2472.17 0.4 0.2047 0.259 0.2801 0
9 -29.01 -2472.24 -0.4 0.0014 0.0023 0.0037 0
13 -221.51 -2487.55 180.7 0.7818 0.7818 0.7519 0
0 -20.55 -2487.8 180.4 0.9158 0.4045 0 0
7 -27.24 -2487.77 179.2 0.0892 0.0963 0.1062 0
6 -35.43 -2487.77 179.7 0.1011 0.0029 0.0046 0
9 -50.43 -2487.87 180.9 0.0189 0.022 0.029 0
5 -71.02 -2487.81 179.6 0.2047 0.259 0.2801 0
4 -78.14 -2487.79 180.4 0.482 0.4936 0.5054 0
10 -108.38 -2487.82 180.7 0.1011 0.0029 0.0046 0
6 -116.63 -2487.72 180.2 0.3345 0.2801 0.1801 0
4 -124.73 -2487.74 180.1 0.4591 0.4045 0.2801 0
7 -138.89 -2487.78 180.7 0.2047 0.259 0.2801 0
3 -153.18 -2487.83 179.9 0.3297 0.4313 0.0697 0
1 -167.5 -2487.89 179.5 0.9158 0.4045 0 0
9 -183.56 -2487.71 180.6 0.148 0.2428 0.3587 0
6 -197.62 -2487.86 179.9 0.0017 0.0017 0.0023 0
5 -204.68 -2487.86 179.5 0.0399 0.0546 0.0781 0
0 -9.16 -2452.24 91.1 0.9158 0.4045 0 0
6 -9.24 -2445.98 89.9 0.0014 0.0023 0.0037 0
4 -9.12 -2438.25 89.7 0.482 0.4936 0.5054 0
4 -9.27 -2431.25 90.8 0.2758 0.2932 0.3112 0
4 -9.15 -2425.36 90 0.0242 0.0697 0.1975 0
5 -9.13 -2419.23 89.3 0.1011 0.0029 0.0046 0
12 9.27 -2423.11 -89.6 0.7012 0.687 0.6388 0
7 9.22 -2438.8 -89.7 0.2758 0.2932 0.3112 0
4 9.11 -2451.9 -89.9 0.0189 0.022 0.029 0
1 20.69 -2472.28 0.9 0.9158 0.4045 0 0
4 28.83 -2472.22 0.4 0.1542 0.1636 0.1768 0
11 38.12 -2472.2 -0.7 0.632 0.6121 0.5605 0
6 46.64 -2472.13 -0.2 0.259 0.0097 0.0097 0
9 54 -2472.25 0.7 0.001 0.001 0.0012 0
12 62.09 -2472.19 1.1 0.7012 0.687 0.6388 0
12 72.41 -2472.18 -0.5 0.5924 0.5924 0.5795 0
6 88.99 -2472.18 0.6 0.0017 0.0017 0.0023 0
5 95.23 -2472.13 0.6 0.0892 0.0963 0.1062 0
8 102.81 -2472.17 0 0.2047 0.259 0.2801 0
6 110.95 -2472.25 -1.1 0.0029 0.0033 0.0041 0
8 117.72 -2472.28 -0.8 0.001 0.001 0.0012 0
5 125 -2472.11 -1.1 0.2758 0.2932 0.3112 0
6 132.74 -2472.22 1 0.259 0.0097 0.0097 0
2 140.36 -2472.13 -0.7 0.9158 0.4045 0 0
5 177.97 -2472.28 0.5 0.3392 0.3537 0.3736 0
8 185.41 -2472.27 -0.6 0.0189 0.022 0.029 0
10 193.22 -2472.18 -1.1 0.259 0.0097 0.0097 0
0 216.34 -2472.14 0.2 0.9158 0.4045 0 0
4 224.25 -2472.11 -0.6 0.1011 0.0029 0.0046 0
5 222.08 -2487.85 180.8 0.7667 0.7667 0.7445 0
4 207.68 -2487.87 179 0.0546 0.06 0.0677 0
10 191.96 -2487.86 179.3 0.0546 0.06 0.0677 0
7 161.08 -2487.72 180 0.2758 0.2932 0.3112 0
6 152.95 -2487.78 180.1 0.1011 0.0029 0.0046 0
4 146.24 -2487.8 180.9 0.0242 0.0697 0.1975 0
8 139.21 -2487.81 180.7 0.3392 0.3537 0.3736 0
8 131.16 -2487.77 180.2 0.0658 0.0385 0.021 0
5 116.47 -2487.86 180.4 0.0546 0.0915 0.0461 0
5 102.5 -2487.74 179.3 0.3345 0.2801 0.1801 0
6 95.61 -2487.84 180.1 0.0029 0.0033 0.0041 0
7 89.57 -2487.75 180.2 0.482 0.4936 0.5054 0
4 82.89 -2487.75 178.9 0.0023 0.0037 0.0055 0
6 74.61 -2487.86 179.6 0.0029 0.0033 0.0041 0
4 67.43 -2487.77 179.8 0.3345 0.2801 0.1801 0
7 53.03 -2487.83 179.7 0.0892 0.0963 0.1062 0
4 45.28 -2487.76 178.9 0.482 0.4936 0.5054 0
5 38.85 -2487.78 179.8 0.021 0.043 0.0231 0
0 25.51 -2487.82 179.9 0.9158 0.4045 0 0
8 240.83 -2441.3 90 0.0119 0.0385 0.1247 0
5 240.74 -2434.92 90.5 0.2758 0.2932 0.3112 0
6 240.86 -2428.77 90 0.1573 0.0066 0.0066 0
9 240.8 -2421.3 90.5 0.0189 0.022 0.029 0
5 259.14 -2418.85 -89.6 0.6941 0.6941 0.6661 0
5 259.24 -2426.23 -89.6 0.0189 0.022 0.029 0
6 259.13 -2434.19 -89.2 0.0017 0.0017 0.0023 0
5 259.26 -2450.14 -89.6 0.0119 0.0385 0.1247 0
6 259.14 -2457.32 -89.9 0.001 0.001 0.0012 0
2 375.71 -2472.55 0.6 0.9158 0.4045 0 1
13 397.03 -2472.45 -1.1 0.7818 0.7818 0.7519 0
8 272.1 -2472.23 0.1 0.0119 0.0385 0.1247 0
9 293.16 -2472.21 -0.5 0.021 0.043 0.0231 0
12 301.23 -2472.12 0.7 0.68 0.68 0.6524 0
8 309.72 -2472.28 -0.1 0.0399 0.0546 0.0781 0
7 317.38 -2472.25 -0.4 0.7969 0.7742 0.7083 0
5 324.4 -2472.25 0.1 0.0072 0.0078 0.0097 0
5 330.49 -2472.11 0.3 0.0399 0.0546 0.0781 0
8 343.45 -2472.19 -0.4 0.148 0.2428 0.3587 0
10 359.11 -2472.17 -0.3 0.632 0.632 0.5989 0
11 368.04 -2472.29 1.1 0.7012 0.687 0.6388 0
12 383.97 -2472.2 0.7 0.7012 0.687 0.6388 0
4 407.03 -2472.22 0.2 0.3392 0.3537 0.3736 0
4 407.16 -2487.86 179.1 0.0546 0.06 0.0677 0
7 399.39 -2487.72 181.1 0.0242 0.0697 0.1975 0
4 391.82 -2487.86 179.8 0.0546 0.06 0.0677 0
1 385.15 -2487.76 179.3 0.9158 0.4045 0 0
11 370.77 -2487.75 179.7 0.632 0.6121 0.5605 0
9 363.15 -2487.86 180.7 0.001 0.001 0.0012 0
9 355.91 -2487.76 179 0.0546 0.0915 0.0461 0
6 348.41 -2487.73 181 0.3345 0.2801 0.1801 0
9 335.28 -2487.77 180.7 0.148 0.2428 0.3587 0
10 326.46 -2487.89 180.5 0.0023 0.0037 0.0055 0
6 319.69 -2487.73 180.8 0.0546 0.06 0.0677 0
6 312.48 -2487.86 179.3 0.0242 0.0697 0.1975 0
8 299.52 -2487.79 180 0.0014 0.0023 0.0037 0
8 291.52 -2487.88 180.6 0.3345 0.2801 0.1801 0
7 285.29 -2487.79 179 0.3392 0.3537 0.3736 0
0 277.81 -2487.71 179.7 0.9158 0.4045 0 0
1 438.85 -2416.61 -91.1 0.9158 0.4045 0 1
6 439.11 -2428.51 -90.5 0.0014 0.0023 0.0037 0
12 439.23 -2435.7 -89.6 0.7012 0.687 0.6388 0
6 439.16 -2444.77 -90.1 0.0014 0.0023 0.0037 0
4 439.18 -2451.87 -90.4 0.3345 0.2801 0.1801 0
12 -438.15 -2349.44 90.6 0.632 0.6121 0.5605 1
1 -421.15 -2365.16 -90.9 0.9158 0.4045 0 1
4 -420.89 -2333.83 -90.2 0.0189 0.022 0.029 0
4 -420.85 -2346.18 -89.7 0.0658 0.0385 0.021 0
6 -420.72 -2352.84 -90.1 0.0892 0.0963 0.1062 0
11 -420.89 -2360.34 -90.1 0.5924 0.5924 0.5795 0
0 -420.83 -2373.58 -89.1 0.9158 0.4045 0 0
8 -420.76 -2381.69 -90.2 0.001 0.001 0.0012 0
1 -393.11 -2403.55 179.1 0.9158 0.4045 0 1
5 -270.8 -2403.89 179.2 0.4045 0.4259 0.4479 0
8 -277.77 -2403.82 180.2 0.2047 0.259 0.2801 0
12 -285.09 -2403.85 179.6 0.5924 0.5924 0.5795 0
11 -295.92 -2403.94 179.9 0.7012 0.687 0.6388 0
8 -303.02 -2403.9 179.5 0.0017 0.0017 0.0023 0
5 -315.88 -2403.86 179.3 0.2047 0.259 0.2801 0
4 -322.75 -2403.92 179 0.1542 0.1636 0.1768 0
8 -330.44 -2403.92 179 0.259 0.0097 0.0097 0
4 -337.21 -2403.82 181.1 0.148 0.2428 0.3587 0
10 -345.26 -2403.85 179 0.3392 0.3537 0.3736 0
9 -360.89 -2403.89 179.8 0.001 0.001 0.0012 0
9 -368.03 -2403.91 180 0.0014 0.0023 0.0037 0
4 -374.01 -2403.82 180.3 0.0658 0.0385 0.021 0
7 -381.14 -2403.9 179.5 0.0658 0.0385 0.021 0
7 -272.53 -2396.12 179.1 0.4045 0.4259 0.4479 0
5 -280 -2396.04 179.5 0.0546 0.0915 0.0461 0
10 -287.27 -2396.09 179.2 0.3345 0.2801 0.1801 0
5 -295.03 -2396.02 179.1 0.0399 0.0546 0.0781 0
2 -302.39 -2396.04 180.8 0.9158 0.4045 0 0
2 -309.19 -2396.19 179.2 0.9158 0.4045 0 0
8 -315.24 -2396.14 179.5 0.0029 0.0033 0.0041 0
9 -322.18 -2396.12 179.3 0.021 0.043 0.0231 0
11 -331.23 -2396.06 180.4 0.68 0.68 0.6524 0
9 -337.9 -2396.06 180.2 0.0189 0.022 0.029 0
8 -354.08 -2396.14 179.1 0.0546 0.06 0.0677 0
6 -370.21 -2396.02 180.4 0.0017 0.0017 0.0023 0
10 -379.56 -2396.11 181.1 0.3392 0.3537 0.3736 0
4 -386.87 -2396.03 179.3 0.1542 0.1636 0.1768 0
9 -393.34 -2396.08 179.6 0.0017 0.0017 0.0023 0
9 -399.28 -2396.15 180.8 0.0017 0.0017 0.0023 0
4 -406.13 -2396.04 179.2 0.4591 0.4045 0.2801 0
1 -241.15 -2377.28 -90.5 0.9158 0.4045 0 1
9 -240.78 -2336.87 -91.1 0.0014 0.0023 0.0037 0
8 -240.85 -2343.95 -90.2 0.3392 0.3537 0.3736 0
9 -240.7 -2358.61 -89.4 0.0017 0.0017 0.0023 0
5 -240.89 -2365.03 -90.9 0.3392 0.3537 0.3736 0
3 -114.76 -2403.55 179.7 0.9158 0.4045 0 1
5 -23.55 -2403.86 180.8 0.259 0.0097 0.0097 0
3 -30.79 -2403.95 180.3 0.3297 0.4313 0.0697 0
6 -46.22 -2403.95 179.3 0.0029 0.0033 0.0041 0
4 -54.17 -2403.94 179.4 0.0072 0.0189 0.0658 0
6 -61.2 -2403.83 180.6 0.0017 0.0017 0.0023 0
6 -67.7 -2403.84 179.6 0.0546 0.06 0.0677 0
8 -75.92 -2403.99 179.8 0.1011 0.0029 0.0046 0
9 -83.72 -2403.88 181.1 0.0029 0.0033 0.0041 0
6 -90.53 -2403.89 179.1 0.001 0.001 0.0012 0
5 -97.05 -2403.98 179.7 0.0546 0.0915 0.0461 0
5 -103.39 -2403.81 179.8 0.2047 0.259 0.2801 0
5 -123.72 -2403.99 179.3 0.0072 0.0189 0.0658 0
8 -130.41 -2403.84 179.7 0.001 0.001 0.0012 0
4 -138.49 -2403.95 180.7 0.1542 0.1636 0.1768 0
9 -144.93 -2403.9 179.9 0.0189 0.022 0.029 0
9 -158.84 -2403.92 179.4 0.0029 0.0033 0.0041 0
4 -166.53 -2403.85 181.1 0.1542 0.1636 0.1768 0
7 -174.02 -2403.83 179.7 0.0546 0.0915 0.0461 0
7 -181.71 -2403.84 179.6 0.0892 0.0963 0.1062 0
8 -188.91 -2403.93 181.1 0.0017 0.0017 0.0023 0
9 -195.67 -2403.84 181.1 0.2047 0.259 0.2801 0
10 -203.74 -2403.9 180 0.0892 0.0963 0.1062 0
7 -210.56 -2403.97 180.4 0.2758 0.2932 0.3112 0
6 -217.11 -2403.94 179.9 0.0017 0.0017 0.0023 0
6 -223.65 -2403.85 178.9 0.148 0.2428 0.3587 0
9 -24.08 -2396.06 179.7 0.001 0.001 0.0012 0
4 -39.76 -2396.04 180.7 0.021 0.043 0.0231 0
5 -46.79 -2396.09 179.4 0.0242 0.0697 0.1975 0
6 -53.4 -2396.12 179.4 0.0029 0.0033 0.0041 0
7 -59.93 -2396.14 179.7 0.0242 0.0697 0.1975 0
6 -67.51 -2396.02 180.3 0.4591 0.4045 0.2801 0
4 -75.38 -2396.14 180.9 0.4045 0.4259 0.4479 0
8 -90.48 -2396.11 180.1 0.1011 0.0029 0.0046 0
5 -96.6 -2396.19 180.7 0.2758 0.2932 0.3112 0
6 -103.26 -2396.16 179.2 0.3345 0.2801 0.1801 0
6 -109.73 -2396.13 179 0.0119 0.0385 0.1247 0
11 -118.88 -2396.1 179.1 0.632 0.6121 0.5605 0
9 -127.09 -2396.14 179.3 0.4591 0.4045 0.2801 0
6 -134.19 -2396.01 180.1 0.0017 0.0017 0.0023 0
10 -142.14 -2396.05 180.4 0.1542 0.1636 0.1768 0
3 -155.49 -2396.07 178.9 0.9158 0.4045 0 0
6 -161.44 -2396.2 181 0.0399 0.0546 0.0781 0
6 -173.71 -2396.13 180.9 0.0014 0.0023 0.0037 0
6 -181.64 -2396.12 180.6 0.4591 0.4045 0.2801 0
4 -196.48 -2396.09 179.2 0.0041 0.0041 0.005 0
8 -203.13 -2396.08 179.2 0.0399 0.0546 0.0781 0
12 -8.15 -2382.66 88.7 0.632 0.6121 0.5605 1
1 -8.85 -2382.69 91.2 0.9158 0.4045 0 1
13 -8.8 -2343.72 90.3 0.7818 0.7818 0.7519 0
4 -9.24 -2370.13 90.3 0.0242 0.0697 0.1975 0
8 -9.2 -2363.02 90.7 0.1011 0.0029 0.0046 0
4 -9.12 -2355.07 89.7 0.6941 0.6941 0.6661 0
8 9.28 -2335.07 -90.3 0.001 0.001 0.0012 0
11 9.26 -2343.04 -90.8 0.5924 0.5924 0.5795 0
4 9.14 -2357.5 -89.8 0.0041 0.0041 0.005 0
4 9.21 -2364.39 -89.8 0.0072 0.0078 0.0097 0
9 9.27 -2378.38 -89.2 0.0014 0.0023 0.0037 0
12 201.43 -2403.05 179.1 0.68 0.68 0.6524 1
2 30.44 -2403.55 180.2 0.9158 0.4045 0 1
4 225.27 -2403.93 180.7 0.0072 0.0078 0.0097 0
3 217.55 -2403.97 180.9 0.9158 0.4045 0 0
2 210.68 -2403.82 180.4 0.9158 0.4045 0 0
5 189.71 -2403.99 179.8 0.0119 0.0385 0.1247 0
6 182.69 -2403.85 179.9 0.001 0.001 0.0012 0
5 162.26 -2403.83 179.6 0.0658 0.0385 0.021 0
4 156 -2403.95 179.3 0.3345 0.2801 0.1801 0
6 147.89 -2403.87 181 0.0029 0.0033 0.0041 0
8 140.16 -2403.85 179 0.0017 0.0017 0.0023 0
6 132.03 -2403.97 180.3 0.0029 0.0033 0.0041 0
4 126.04 -2403.92 180.2 0.2758 0.2932 0.3112 0
9 103.97 -2403.9 179.9 0.0017 0.0017 0.0023 0
7 97.5 -2403.84 180.2 0.2047 0.259 0.2801 0
7 90.36 -2403.91 179.4 0.6941 0.6941 0.6661 0
1 83.64 -2403.9 178.9 0.9158 0.4045 0 0
10 75.65 -2403.89 181 0.632 0.632 0.5989 0
6 59.08 -2403.97 181.1 0.1573 0.0066 0.0066 0
6 52.58 -2403.87 179.7 0.0399 0.0546 0.0781 0
3 46.33 -2403.95 179.1 0.3297 0.4313 0.0697 0
1 227.51 -2396.13 180.6 0.9158 0.4045 0 0
6 220.26 -2396.12 179.8 0.1011 0.0029 0.0046 0
9 212.69 -2396.18 181 0.2047 0.259 0.2801 0
9 206.4 -2396.11 180.1 0.0029 0.0033 0.0041 0
4 199.7 -2396.04 179.7 0.0023 0.0037 0.0055 0
6 193.03 -2396.04 180.4 0.148 0.2428 0.3587 0
1 185.85 -2396.19 180.4 0.9158 0.4045 0 0
4 179.94 -2396.14 180.6 0.259 0.0097 0.0097 0
1 173.42 -2396.03 179.1 0.9158 0.4045 0 0
5 165.7 -2396.02 180 0.0072 0.0078 0.0097 0
4 151.15 -2396.16 180.3 0.3345 0.2801 0.1801 0
10 141.85 -2396.11 180.6 0.0658 0.0385 0.021 0
4 133.68 -2396 178.9 0.3392 0.3537 0.3736 0
6 118.82 -2396.14 180.5 0.0072 0.0189 0.0658 0
0 106.03 -2396.16 180.4 0.9158 0.4045 0 0
6 99.39 -2396.14 179.2 0.0029 0.0033 0.0041 0
7 92.2 -2396.01 180.7 0.0189 0.022 0.029 0
5 73.13 -2396.18 179.9 0.4591 0.4045 0.2801 0
6 65.12 -2396.17 179.6 0.4591 0.4045 0.2801 0
6 57.49 -2396.19 180.5 0.4591 0.4045 0.2801 0
6 51.13 -2396.03 180.9 0.1542 0.1636 0.1768 0
8 43.95 -2396.14 179.9 0.1011 0.0029 0.0046 0
7 36.35 -2396.18 179.4 0.148 0.2428 0.3587 0
7 30.02 -2396.18 179.1 0.0399 0.0546 0.0781 0
0 240.8 -2383.8 89.5 0.9158 0.4045 0 0
12 240.8 -2339.48 88.9 0.68 0.68 0.6524 0
3 259.14 -2333.49 -89.9 0.9158 0.4045 0 0
8 259.16 -2341.5 -90.1 0.021 0.043 0.0231 0
9 259.26 -2348.6 -89.3 0.0014 0.0023 0.0037 0
11 259.15 -2357.53 -89.1 0.68 0.68 0.6524 0
6 259.28 -2365.15 -90.9 0.2047 0.259 0.2801 0
6 259.2 -2372.26 -90.5 0.0017 0.0017 0.0023 0
4 259.27 -2378.78 -90.3 0.0017 0.0017 0.002 0
1 395.8 -2403.55 179.5 0.9158 0.4045 0 1
1 407.18 -2403.95 180.2 0.9158 0.4045 0 0
4 384.87 -2403.94 179.4 0.0072 0.0189 0.0658 0
9 378.79 -2403.96 179.2 0.2047 0.259 0.2801 0
4 364.46 -2403.81 179.8 0.0023 0.0037 0.0055 0
6 357.02 -2403.99 180.4 0.4591 0.4045 0.2801 0
6 350.46 -2403.86 179.5 0.001 0.001 0.0012 0
8 342.92 -2403.99 180.4 0.4591 0.4045 0.2801 0
6 335.74 -2403.84 180 0.4591 0.4045 0.2801 0
9 329.69 -2403.94 179.5 0.0014 0.0023 0.0037 0
9 321.61 -2403.84 179.1 0.001 0.001 0.0012 0
12 312.14 -2403.95 179.8 0.7012 0.687 0.6388 0
6 301.92 -2403.96 180.1 0.021 0.043 0.0231 0
4 296 -2403.87 180.4 0.1542 0.1636 0.1768 0
5 287.69 -2403.93 178.9 0.6941 0.6941 0.6661 0
7 280.18 -2403.83 180.9 0.1542 0.1636 0.1768 0
8 273.1 -2403.9 180.6 0.2758 0.2932 0.3112 0
3 421.15 -2373.35 89 0.3297 0.4313 0.0697 1
6 420.78 -2382.01 89.5 0.0029 0.0033 0.0041 0
4 420.87 -2362.22 90.3 0.632 0.632 0.5989 0
3 420.86 -2354.79 91.1 0.3297 0.4313 0.0697 0
7 420.87 -2348.19 90.4 0.021 0.043 0.0231 0
10 420.78 -2339.26 89.7 0.1573 0.0066 0.0066 0
1 438.85 -2375.43 -90.2 0.9158 0.4045 0 1
4 439.28 -2332.83 -89.8 0.2758 0.2932 0.3112 0
1 439.11 -2340.24 -89.4 0.9158 0.4045 0 0
6 439.13 -2348.53 -89.8 0.0017 0.0017 0.0023 0
6 439.25 -2355.59 -90.3 0.0017 0.0017 0.0023 0
8 439.13 -2363.3 -89.5 0.148 0.2428 0.3587 0
1 537.97 -2403.55 179.4 0.9158 0.4045 0 1
5 587.59 -2403.96 181.1 0.1542 0.1636 0.1768 0
8 579.77 -2403.82 179.4 0.0014 0.0023 0.0037 0
8 572.14 -2403.87 180.5 0.0017 0.0017 0.0023 0
9 559.08 -2403.92 179.4 0.0017 0.0017 0.0023 0
5 552.93 -2403.97 179.4 0.4045 0.4259 0.4479 0
4 530.77 -2403.86 178.9 0.0072 0.0189 0.0658 0
3 523.77 -2403.94 179.6 0.9158 0.4045 0 0
5 515.82 -2403.9 179.9 0.0072 0.0078 0.0097 0
8 507.97 -2403.98 180 0.1573 0.0066 0.0066 0
2 500.8 -2403.98 179.8 0.9158 0.4045 0 0
8 486.45 -2403.8 181 0.0014 0.0023 0.0037 0
7 479.7 -2403.94 181.1 0.1573 0.0066 0.0066 0
4 472.38 -2403.95 180.6 0.4045 0.4259 0.4479 0
4 465.67 -2403.83 179.2 0.0546 0.06 0.0677 0
3 519.49 -2396.45 178.7 0.3297 0.4313 0.0697 1
7 587.93 -2396.1 179.2 0.0546 0.06 0.0677 0
7 581.05 -2396.08 179.2 0.482 0.4936 0.5054 0
10 573.11 -2396.06 179.2 0.148 0.2428 0.3587 0
9 553.1 -2396.18 180.5 0.0017 0.0017 0.0023 0
9 544.96 -2396.16 179.6 0.001 0.001 0.0012 0
11 528.15 -2396.18 180.3 0.68 0.68 0.6524 0
7 513.18 -2396.03 180.3 0.4591 0.4045 0.2801 0
7 505.3 -2396.17 179.6 0.1542 0.1636 0.1768 0
6 497.31 -2396.07 178.9 0.0017 0.0017 0.0023 0
8 490.95 -2396.13 180.4 0.0029 0.0033 0.0041 0
6 483.12 -2396.16 180.3 0.001 0.001 0.0012 0
4 475.79 -2396.17 179.3 0.0119 0.0385 0.1247 0
10 466.23 -2396.14 179.9 0.3392 0.3537 0.3736 0
12 458.44 -2396.12 181 0.632 0.6121 0.5605 0
2 -438.85 -2297.56 88.6 0.9158 0.4045 0 1
4 -439.14 -2304.35 90.6 0.4591 0.4045 0.2801 0
4 -439.13 -2290.1 91.1 0.6941 0.6941 0.6661 0
4 -439.17 -2277.17 89.1 0.0017 0.0017 0.002 0
8 -439.2 -2262.59 90.1 0.3392 0.3537 0.3736 0
1 -421.15 -2269.2 -88.6 0.9158 0.4045 0 1
9 -420.73 -2258.63 -89.4 0.4591 0.4045 0.2801 0
7 -420.73 -2280.21 -91.1 0.0892 0.0963 0.1062 0
9 -420.78 -2287.6 -88.9 0.0029 0.0033 0.0041 0
8 -420.76 -2293.57 -90.2 0.482 0.4936 0.5054 0
8 -420.79 -2299.64 -90.1 0.021 0.043 0.0231 0
6 -399.06 -2317.52 -0.6 0.0399 0.0546 0.0781 0
6 -384.95 -2317.55 0.3 0.3345 0.2801 0.1801 0
1 -377.29 -2317.59 -1.1 0.9158 0.4045 0 0
2 -364.07 -2317.44 0.5 0.9158 0.4045 0 0
9 -358.1 -2317.58 -0.2 0.4591 0.4045 0.2801 0
4 -350.13 -2317.58 1.1 0.7667 0.7667 0.7445 0
9 -336.01 -2317.47 -1 0.0014 0.0023 0.0037 0
12 -328.12 -2317.42 -0.3 0.7012 0.687 0.6388 0
12 -317.84 -2317.51 0 0.5924 0.5924 0.5795 0
7 -307.59 -2317.54 0.4 0.3392 0.3537 0.3736 0
5 -294.17 -2317.47 0.5 0.0892 0.0963 0.1062 0
4 -286.2 -2317.5 0.1 0.0023 0.0037 0.0055 0
8 -278.6 -2317.46 -0.3 0.021 0.043 0.0231 0
12 -241.85 -2260.82 -90.8 0.7012 0.687 0.6388 1
4 -240.7 -2270.28 -90.2 0.1542 0.1636 0.1768 0
5 -240.7 -2284.13 -90.2 0.4591 0.4045 0.2801 0
11 -240.77 -2292.55 -90.2 0.632 0.6121 0.5605 0
8 -240.7 -2300.73 -90 0.0014 0.0023 0.0037 0
9 -225.39 -2317.59 -0.7 0.0014 0.0023 0.0037 0
6 -218.27 -2317.45 -0.1 0.0658 0.0385 0.021 0
5 -212.11 -2317.46 -0.2 0.3345 0.2801 0.1801 0
0 -190.03 -2317.5 0 0.9158 0.4045 0 0
7 -183.43 -2317.4 -1.1 0.1011 0.0029 0.0046 0
5 -175.32 -2317.56 0 0.7969 0.7742 0.7083 0
6 -167.94 -2317.45 0.5 0.021 0.043 0.0231 0
6 -154 -2317.41 0.9 0.001 0.001 0.0012 0
2 -147.5 -2317.47 0.9 0.9158 0.4045 0 0
8 -141.02 -2317.44 1 0.2047 0.259 0.2801 0
9 -132.73 -2317.53 0.2 0.0029 0.0033 0.0041 0
11 -124.11 -2317.57 0.7 0.68 0.68 0.6524 0
6 -117.46 -2317.53 1.1 0.1011 0.0029 0.0046 0
0 -109.35 -2317.43 0 0.9158 0.4045 0 0
4 -94.24 -2317.49 0.9 0.148 0.2428 0.3587 0
6 -87.71 -2317.46 0.5 0.0242 0.0697 0.1975 0
4 -80.6 -2317.54 0.9 0.0399 0.0546 0.0781 0
10 -72.18 -2317.41 0.9 0.0658 0.0385 0.021 0
9 -64.18 -2317.52 -1.1 0.0017 0.0017 0.0023 0
12 -55.5 -2317.41 0 0.632 0.6121 0.5605 0
4 -45.56 -2317.58 -0.3 0.3345 0.2801 0.1801 0
6 -38.08 -2317.54 0 0.0029 0.0033 0.0041 0
11 -29.34 -2317.45 0.5 0.7012 0.687 0.6388 0
9 9.16 -2266.22 -90.4 0.0017 0.0017 0.0023 0
8 9.11 -2272.25 -89 0.2758 0.2932 0.3112 0
4 9.11 -2280.49 -90.5 0.0399 0.0546 0.0781 0
7 9.19 -2287.89 -90.2 0.148 0.2428 0.3587 0
9 9.28 -2294.44 -90.8 0.4591 0.4045 0.2801 0
0 9.29 -2301.13 -89.2 0.9158 0.4045 0 0
7 22.32 -2317.42 0.8 0.7969 0.7742 0.7083 0
4 29.84 -2317.44 -0.3 0.3392 0.3537 0.3736 0
1 37.05 -2317.51 -0.6 0.9158 0.4045 0 0
8 45.4 -2317.48 -0.9 0.0072 0.0189 0.0658 0
7 53.64 -2317.53 0.7 0.1542 0.1636 0.1768 0
6 61.09 -2317.53 -0.1 0.0014 0.0023 0.0037 0
1 67.28 -2317.51 -0.9 0.9158 0.4045 0 0
10 76.19 -2317.48 0 0.0892 0.0963 0.1062 0
12 85.65 -2317.45 1.1 0.68 0.68 0.6524 0
4 94.44 -2317.54 -0.7 0.0041 0.0041 0.005 0
5 100.8 -2317.52 -0.9 0.2758 0.2932 0.3112 0
6 107.62 -2317.47 -0.9 0.001 0.001 0.0012 0
2 115.4 -2317.54 0.9 0.9158 0.4045 0 0
8 123.41 -2317.44 0.5 0.3392 0.3537 0.3736 0
4 129.55 -2317.46 -0.3 0.0546 0.06 0.0677 0
7 136.46 -2317.57 0.5 0.6941 0.6941 0.6661 0
4 143.62 -2317.47 0.5 0.0041 0.0041 0.005 0
10 151.42 -2317.48 0.6 0.0546 0.06 0.0677 0
5 159.52 -2317.48 -0.4 0.0189 0.022 0.029 0
7 173.74 -2317.41 0.4 0.0546 0.0915 0.0461 0
7 180.83 -2317.54 0.5 0.1542 0.1636 0.1768 0
4 187.15 -2317.54 1 0.0023 0.0037 0.0055 0
6 193.9 -2317.5 0.6 0.0242 0.0697 0.1975 0
9 201.02 -2317.59 -0.5 0.0017 0.0017 0.0023 0
7 208.05 -2317.55 -0.4 0.482 0.4936 0.5054 0
3 214.94 -2317.56 0.9 0.9158 0.4045 0 0
13 241.2 -2267.62 90.2 0.7818 0.7818 0.7519 0
8 240.74 -2307.01 89.2 0.1542 0.1636 0.1768 0
9 240.88 -2300.93 90.1 0.0017 0.0017 0.0023 0
8 240.79 -2293.19 90.7 0.259 0.0097 0.0097 0
5 240.73 -2285.48 89.3 0.2047 0.259 0.2801 0
9 240.73 -2278.48 89.6 0.2047 0.259 0.2801 0
5 240.9 -2257.66 89 0.7969 0.7742 0.7083 0
4 259.21 -2255.75 -89 0.7969 0.7742 0.7083 0
9 259.29 -2262.17 -89 0.021 0.043 0.0231 0
11 259.19 -2269.41 -90.5 0.7012 0.687 0.6388 0
12 259.12 -2278.97 -89.9 0.7012 0.687 0.6388 0
5 259.29 -2300.89 -91 0.0546 0.06 0.0677 0
1 272.02 -2317.53 -0.9 0.9158 0.4045 0 0
9 280.17 -2317.46 -0.8 0.0017 0.0017 0.0023 0
7 287.06 -2317.44 -0.1 0.0546 0.06 0.0677 0
4 293.14 -2317.6 -0.4 0.2047 0.259 0.2801 0
8 299.23 -2317.47 -0.8 0.0658 0.0385 0.021 0
4 306.19 -2317.46 0.9 0.632 0.632 0.5989 0
11 314.15 -2317.55 -0.4 0.68 0.68 0.6524 0
7 321.65 -2317.59 0.4 0.0017 0.0017 0.002 0
8 329.85 -2317.45 0.6 0.0029 0.0033 0.0041 0
9 336.28 -2317.41 0.1 0.001 0.001 0.0012 0
4 343.72 -2317.44 -1 0.0189 0.022 0.029 0
6 351.36 -2317.42 0.6 0.0014 0.0023 0.0037 0
7 357.77 -2317.5 -0.5 0.0072 0.0078 0.0097 0
3 364.03 -2317.46 -0.7 0.3297 0.4313 0.0697 0
11 372.59 -2317.52 0.3 0.7012 0.687 0.6388 0
9 387.4 -2317.51 -0.7 0.3345 0.2801 0.1801 0
11 394.73 -2317.5 -0.3 0.7012 0.687 0.6388 0
4 401.52 -2317.6 0.4 0.4045 0.4259 0.4479 0
0 420.82 -2306.75 89.3 0.9158 0.4045 0 0
6 420.79 -2298.56 89.9 0.1573 0.0066 0.0066 0
6 420.82 -2292.11 90.7 0.0072 0.0189 0.0658 0
11 420.88 -2283.49 90.3 0.7012 0.687 0.6388 0
9 420.74 -2270.05 90.9 0.0017 0.0017 0.0023 0
1 438.85 -2294.53 -89.1 0.9158 0.4045 0 1
9 439.13 -2254.74 -90.8 0.001 0.001 0.0012 0
2 439.28 -2269.34 -90.4 0.9158 0.4045 0 0
8 453.01 -2317.47 -0.7 0.0119 0.0385 0.1247 0
7 466.25 -2317.47 0.9 0.3392 0.3537 0.3736 0
5 474.17 -2317.52 -0.7 0.632 0.632 0.5989 0
5 481.17 -2317.6 0 0.021 0.043 0.0231 0
5 489.32 -2317.42 -0.7 0.7969 0.7742 0.7083 0
4 504.13 -2317.41 -1 0.0041 0.0041 0.005 0
4 510.17 -2317.58 -0.2 0.2047 0.259 0.2801 0
9 518.35 -2317.45 0.3 0.0029 0.0033 0.0041 0
0 525.29 -2317.44 0 0.9158 0.4045 0 0
4 540.39 -2317.56 0.4 0.0119 0.0385 0.1247 0
12 549.22 -2317.59 0 0.632 0.6121 0.5605 0
9 558.23 -2317.49 -0.8 0.021 0.043 0.0231 0
5 566.36 -2317.51 0 0.482 0.4936 0.5054 0
3 573 -2317.58 -0.8 0.9158 0.4045 0 0
4 585.4 -2317.45 -0.9 0.4591 0.4045 0.2801 0
1 -438.85 -2204.4 91.4 0.9158 0.4045 0 1
10 -439.17 -2222.13 89.2 0.6941 0.6941 0.6661 0
8 -439.22 -2215.34 89.5 0.001 0.001 0.0012 0
10 -439.26 -2192.59 89.2 0.0546 0.06 0.0677 0
5 -439.17 -2183.75 89.2 0.7969 0.7742 0.7083 0
4 -420.82 -2176.55 -90.6 0.1011 0.0029 0.0046 0
3 -420.76 -2184.17 -89.9 0.9158 0.4045 0 0
7 -420.78 -2199.32 -89.8 0.0041 0.0041 0.005 0
8 -420.73 -2206.71 -89 0.482 0.4936 0.5054 0
0 -420.78 -2213.74 -90.6 0.9158 0.4045 0 0
1 -420.82 -2220.51 -89.4 0.9158 0.4045 0 0
6 -274.08 -2243.97 180.1 0.1573 0.0066 0.0066 0
9 -280.2 -2243.84 180.3 0.0014 0.0023 0.0037 0
1 -286.63 -2243.91 179.4 0.9158 0.4045 0 0
7 -292.85 -2243.95 180.2 0.0023 0.0037 0.0055 0
4 -301.25 -2243.85 179.6 0.482 0.4936 0.5054 0
9 -307.24 -2243.81 179.5 0.148 0.2428 0.3587 0
4 -321.01 -2243.88 179.1 0.148 0.2428 0.3587 0
9 -327.65 -2243.97 180.8 0.0017 0.0017 0.0023 0
8 -335.9 -2243.84 179.5 0.021 0.043 0.0231 0
4 -341.98 -2243.83 180.3 0.6941 0.6941 0.6661 0
9 -348.73 -2243.92 180.4 0.001 0.001 0.0012 0
4 -355.75 -2243.8 179.1 0.632 0.632 0.5989 0
6 -361.71 -2243.89 179.2 0.0658 0.0385 0.021 0
4 -375.7 -2243.91 179.6 0.632 0.632 0.5989 0
8 -381.49 -2243.83 180.6 0.1011 0.0029 0.0046 0
3 -387.66 -2243.83 179.5 0.3297 0.4313 0.0697 0
8 -393.85 -2243.8 180.3 0.2758 0.2932 0.3112 0
4 -401.4 -2243.9 179.4 0.0546 0.0915 0.0461 0
6 -274.26 -2236.11 179.5 0.0029 0.0033 0.0041 0
1 -287.69 -2236.04 179.4 0.9158 0.4045 0 0
6 -295.52 -2236.05 180.1 0.0017 0.0017 0.0023 0
6 -302.26 -2236.2 179.7 0.021 0.043 0.0231 0
7 -310.37 -2236.11 179.7 0.0399 0.0546 0.0781 0
7 -318.36 -2236.15 179.8 0.0546 0.0915 0.0461 0
7 -325.68 -2236.11 180.2 0.4045 0.4259 0.4479 0
9 -339.57 -2236.17 179.6 0.021 0.043 0.0231 0
8 -346.79 -2236.05 181.1 0.3345 0.2801 0.1801 0
11 -355.61 -2236.06 179.8 0.632 0.6121 0.5605 0
4 -362.18 -2236.07 178.9 0.6941 0.6941 0.6661 0
4 -377.36 -2236.12 180.3 0.021 0.043 0.0231 0
4 -393.42 -2236.05 180.4 0.0041 0.0041 0.005 0
5 -399.37 -2236.08 180.7 0.1542 0.1636 0.1768 0
7 -406.83 -2236.04 179.4 0.0658 0.0385 0.021 0
12 -241.85 -2200.94 -89.5 0.5924 0.5924 0.5795 1
2 -241.15 -2186.27 -89.4 0.9158 0.4045 0 1
6 -240.7 -2174.43 -89.9 0.0189 0.022 0.029 0
0 -240.71 -2211.34 -89 0.9158 0.4045 0 0
1 -191.01 -2236.45 180.4 0.9158 0.4045 0 1
9 -27.05 -2236.12 179 0.0029 0.0033 0.0041 0
8 -34.84 -2236.12 181 0.001 0.001 0.0012 0
9 -41.55 -2236.04 180.4 0.001 0.001 0.0012 0
2 -48.75 -2236.13 180.4 0.9158 0.4045 0 0
1 -54.87 -2236.05 179 0.9158 0.4045 0 0
12 -62.52 -2236.17 180.1 0.7012 0.687 0.6388 0
7 -71.7 -2236.12 180.7 0.1542 0.1636 0.1768 0
10 -79.23 -2236.15 179.1 0.3392 0.3537 0.3736 0
10 -87.46 -2236.08 179.8 0.0189 0.022 0.029 0
4 -109.86 -2236.15 180.7 0.0072 0.0189 0.0658 0
7 -116.88 -2236.13 180 0.0658 0.0385 0.021 0
4 -123.71 -2236.07 180.3 0.0017 0.0017 0.002 0
4 -129.97 -2236.1 179.9 0.2758 0.2932 0.3112 0
5 -137.38 -2236.19 180.4 0.4591 0.4045 0.2801 0
6 -152.77 -2236.02 179.7 0.0017 0.0017 0.0023 0
5 -160.68 -2236.09 180.3 0.632 0.632 0.5989 0
6 -166.7 -2236.19 180.7 0.0029 0.0033 0.0041 0
4 -174.36 -2236.05 179.5 0.0119 0.0385 0.1247 0
9 -180.23 -2236.08 180.2 0.0029 0.0033 0.0041 0
10 -213.16 -2236.14 179.9 0.0072 0.0078 0.0097 0
12 -9.17 -2223.2 90.1 0.5924 0.5924 0.5795 0
5 -9.27 -2213.72 90.4 0.4591 0.4045 0.2801 0
5 -9.18 -2199.96 90.6 0.1542 0.1636 0.1768 0
6 -9.25 -2191.75 89.2 0.4591 0.4045 0.2801 0
5 9.26 -2175.98 -90.3 0.4591 0.4045 0.2801 0
5 9.1 -2190.03 -90.9 0.0189 0.022 0.029 0
4 9.17 -2196.14 -89.3 0.0119 0.0385 0.1247 0
9 9.1 -2203.99 -89.7 0.001 0.001 0.0012 0
0 9.16 -2210.4 -90.9 0.9158 0.4045 0 0
12 139.52 -2243.05 179.1 0.7012 0.687 0.6388 1
1 98.9 -2243.55 179.8 0.9158 0.4045 0 1
7 227.81 -2243.88 180.8 0.0119 0.0385 0.1247 0
11 218.32 -2243.97 179.2 0.7012 0.687 0.6388 0
4 211.83 -2243.97 179.1 0.3345 0.2801 0.1801 0
5 204.03 -2243.98 180.5 0.0119 0.0385 0.1247 0
12 195.68 -2243.94 180.1 0.5924 0.5924 0.5795 0
10 184.83 -2243.89 179.7 0.7667 0.7667 0.7445 0
9 177.09 -2243.84 179.9 0.4591 0.4045 0.2801 0
7 169.5 -2243.91 179.4 0.0189 0.022 0.029 0
11 153.41 -2243.9 180.5 0.632 0.6121 0.5605 0
8 124.66 -2243.96 179.7 0.1542 0.1636 0.1768 0
6 118.71 -2243.84 178.9 0.2047 0.259 0.2801 0
10 111.34 -2243.88 181.1 0.0546 0.0915 0.0461 0
5 89.87 -2243.93 179.8 0.1573 0.0066 0.0066 0
7 82.51 -2243.94 179.7 0.1573 0.0066 0.0066 0
10 73.92 -2243.86 180.9 0.4045 0.4259 0.4479 0
5 66.96 -2243.98 180.2 0.0892 0.0963 0.1062 0
4 60.68 -2243.89 179.8 0.3345 0.2801 0.1801 0
0 54.67 -2243.92 179.4 0.9158 0.4045 0 0
2 41.03 -2244 180.3 0.9158 0.4045 0 0
4 33.87 -2243.93 180.9 0.482 0.4936 0.5054 0
1 25.63 -2243.81 180.9 0.9158 0.4045 0 0
7 220.12 -2236.2 180.6 0.3392 0.3537 0.3736 0
7 213.97 -2236.17 180 0.632 0.632 0.5989 0
8 197.46 -2236.18 180.7 0.001 0.001 0.0012 0
4 190.32 -2236.02 180.1 0.4045 0.4259 0.4479 0
6 183.47 -2236.19 180.4 0.0242 0.0697 0.1975 0
9 175.81 -2236.14 180.9 0.001 0.001 0.0012 0
8 168.15 -2236.1 180.2 0.0119 0.0385 0.1247 0
4 160.5 -2236.03 180.3 0.7667 0.7667 0.7445 0
8 146.91 -2236.05 180.9 0.0029 0.0033 0.0041 0
8 131.22 -2236.1 180.6 0.3392 0.3537 0.3736 0
4 117.3 -2236.18 179.4 0.0546 0.0915 0.0461 0
0 109.45 -2236.07 179.9 0.9158 0.4045 0 0
9 102.9 -2236.03 178.9 0.0014 0.0023 0.0037 0
6 94.92 -2236.15 179.4 0.0892 0.0963 0.1062 0
4 87.65 -2236.12 180 0.4591 0.4045 0.2801 0
8 79.46 -2236.11 180.6 0.1542 0.1636 0.1768 0
4 72.85 -2236.13 180.2 0.0546 0.0915 0.0461 0
7 66.55 -2236.18 180.4 0.4045 0.4259 0.4479 0
8 58.7 -2236.19 179.3 0.0014 0.0023 0.0037 0
4 50.73 -2236.13 179.6 0.1542 0.1636 0.1768 0
9 43.67 -2236.2 179.7 0.001 0.001 0.0012 0
12 241.85 -2200.74 88.6 0.5924 0.5924 0.5795 1
9 240.85 -2222.85 89.5 0.148 0.2428 0.3587 0
5 240.72 -2209.93 89.2 0.2758 0.2932 0.3112 0
5 240.85 -2187.96 90.9 0.4591 0.4045 0.2801 0
1 258.85 -2203.35 -89.3 0.9158 0.4045 0 1
7 259.1 -2178.4 -89.5 0.0041 0.0041 0.005 0
7 259.13 -2186.1 -90.2 0.0546 0.06 0.0677 0
6 259.16 -2193.39 -91.1 0.0029 0.0033 0.0041 0
6 259.28 -2216.39 -89.9 0.0029 0.0033 0.0041 0
12 390.99 -2243.05 179.4 0.632 0.6121 0.5605 1
3 316.68 -2243.55 180.4 0.9158 0.4045 0 1
4 405.24 -2243.98 181 0.1573 0.0066 0.0066 0
5 399.09 -2243.92 180.5 0.0072 0.0078 0.0097 0
4 371.69 -2243.86 180.5 0.2047 0.259 0.2801 0
5 364.08 -2243.81 179.3 0.6941 0.6941 0.6661 0
2 356.41 -2243.93 179.8 0.9158 0.4045 0 0
8 348.87 -2243.83 180.3 0.001 0.001 0.0012 0
7 334.83 -2243.99 180.3 0.021 0.043 0.0231 0
10 326.35 -2243.81 179.2 0.2758 0.2932 0.3112 0
5 305.51 -2243.93 179 0.148 0.2428 0.3587 0
7 289.64 -2243.91 180 0.632 0.632 0.5989 0
8 282.25 -2243.85 179.6 0.0014 0.0023 0.0037 0
4 275.21 -2243.86 178.9 0.1573 0.0066 0.0066 0
8 409.12 -2236.05 179.9 0.0014 0.0023 0.0037 0
6 401.89 -2236.1 180.5 0.0029 0.0033 0.0041 0
8 386.79 -2236.15 179.7 0.001 0.001 0.0012 0
7 379.45 -2236.08 179.3 0.2047 0.259 0.2801 0
9 371.7 -2236.07 179.9 0.0017 0.0017 0.0023 0
3 364.13 -2236.15 179 0.9158 0.4045 0 0
11 356.74 -2236.01 179.4 0.5924 0.5924 0.5795 0
1 343.46 -2236.08 179.4 0.9158 0.4045 0 0
11 333.92 -2236.1 180.3 0.7012 0.687 0.6388 0
7 325.89 -2236.16 179.3 0.7667 0.7667 0.7445 0
4 319.43 -2236.03 180.8 0.4045 0.4259 0.4479 0
4 312.03 -2236.08 180.4 0.482 0.4936 0.5054 0
1 304.89 -2236.01 179.9 0.9158 0.4045 0 0
5 289.83 -2236.11 179.4 0.1542 0.1636 0.1768 0
11 282.03 -2236.13 179.5 0.632 0.6121 0.5605 0
12 438.15 -2210.48 -91 0.7012 0.687 0.6388 1
5 439.26 -2174.64 -90 0.0119 0.0385 0.1247 0
5 439.19 -2189.21 -90.9 0.2047 0.259 0.2801 0
4 439.14 -2197.6 -91.1 0.7969 0.7742 0.7083 0
8 439.27 -2217.7 -89.3 0.2758 0.2932 0.3112 0
1 525.44 -2236.45 179.8 0.9158 0.4045 0 1
4 590.04 -2236 180.9 0.2758 0.2932 0.3112 0
4 582.04 -2236.11 179.8 0.0546 0.0915 0.0461 0
11 572.39 -2236.19 180.8 0.68 0.68 0.6524 0
4 564.29 -2236.12 179.9 0.0546 0.0915 0.0461 0
0 556.4 -2236.03 180 0.9158 0.4045 0 0
8 541.89 -2236.01 179.4 0.482 0.4936 0.5054 0
1 534.17 -2236.18 180.4 0.9158 0.4045 0 0
6 518.23 -2236.17 179.2 0.0014 0.0023 0.0037 0
6 502.45 -2236.11 180.8 0.0399 0.0546 0.0781 0
6 495.27 -2236.1 179.7 0.0892 0.0963 0.1062 0
8 488.02 -2236.1 179.4 0.0029 0.0033 0.0041 0
6 481.85 -2236.09 178.9 0.0014 0.0023 0.0037 0
4 475.25 -2236.05 179.2 0.3392 0.3537 0.3736 0
9 459.23 -2236.06 179.2 0.0189 0.022 0.029 0
7 600.75 -2222.11 90.1 0.0242 0.0697 0.1975 0
9 600.75 -2215.9 90.6 0.001 0.001 0.0012 0
5 600.76 -2209.21 90.9 0.0242 0.0697 0.1975 0
9 600.74 -2197.25 89.1 0.001 0.001 0.0012 0
8 600.85 -2183.97 90.9 0.0189 0.022 0.029 0
9 600.78 -2177.87 89.7 0.0029 0.0033 0.0041 0
9 -586.04 -2156.11 -1 0.0029 0.0033 0.0041 0
8 -579.39 -2156.16 1.1 0.0119 0.0385 0.1247 0
8 -572.4 -2156.14 0.4 0.1573 0.0066 0.0066 0
11 -563.17 -2156.18 1 0.5924 0.5924 0.5795 0
1 -554.62 -2156.12 -0.8 0.9158 0.4045 0 0
5 -546.99 -2156.14 -0.5 0.2047 0.259 0.2801 0
7 -538.98 -2156.05 0.5 0.0658 0.0385 0.021 0
8 -496.35 -2156.03 1.1 0.0072 0.0189 0.0658 0
9 -476.29 -2156.04 1 0.0029 0.0033 0.0041 0
5 -462.68 -2156.19 0.9 0.259 0.0097 0.0097 0
6 -454.63 -2156.03 0.7 0.0658 0.0385 0.021 0
1 -439.27 -2143.23 90.8 0.9158 0.4045 0 0
4 -439.11 -2135.96 89.7 0.0041 0.0041 0.005 0
8 -439.29 -2120.56 89.4 0.4591 0.4045 0.2801 0
1 -421.15 -2122.4 -90.9 0.9158 0.4045 0 1
8 -420.75 -2101.07 -89.5 0.0119 0.0385 0.1247 0
4 -420.82 -2107.04 -90 0.4591 0.4045 0.2801 0
6 -420.74 -2114.85 -89.3 0.0892 0.0963 0.1062 0
5 -420.73 -2137.83 -91.1 0.3345 0.2801 0.1801 0
1 -278.59 -2156.45 -1.3 0.9158 0.4045 0 1
8 -402.72 -2156.05 0.8 0.0189 0.022 0.029 0
5 -396.32 -2156.02 -0.7 0.0023 0.0037 0.0055 0
4 -390.09 -2156.09 -0.7 0.482 0.4936 0.5054 0
4 -376.68 -2156.02 0.1 0.4045 0.4259 0.4479 0
4 -369.87 -2156.18 0.2 0.0041 0.0041 0.005 0
5 -357.28 -2156.01 0.3 0.7667 0.7667 0.7445 0
5 -349.95 -2156.08 0.3 0.4591 0.4045 0.2801 0
5 -342.97 -2156.17 0.8 0.021 0.043 0.0231 0
6 -336.02 -2156.05 1 0.0029 0.0033 0.0041 0
7 -329.94 -2156.12 -0.9 0.1573 0.0066 0.0066 0
5 -322.15 -2156.07 -0.9 0.259 0.0097 0.0097 0
1 -314.9 -2156.13 0.2 0.9158 0.4045 0 0
5 -308.8 -2156.07 0 0.632 0.632 0.5989 0
8 -286.86 -2156.04 -0.8 0.2047 0.259 0.2801 0
7 -405.9 -2163.91 0.6 0.0072 0.0078 0.0097 0
7 -398.43 -2164 -0.5 0.0399 0.0546 0.0781 0
5 -391.45 -2163.8 0.3 0.0072 0.0189 0.0658 0
7 -383.94 -2163.88 0.7 0.2047 0.259 0.2801 0
6 -371.3 -2163.94 0.5 0.0017 0.0017 0.0023 0
8 -364.41 -2163.98 0 0.2047 0.259 0.2801 0
7 -356.18 -2163.87 -1 0.0546 0.0915 0.0461 0
4 -348.78 -2163.87 -0.1 0.259 0.0097 0.0097 0
5 -341.62 -2163.8 1 0.0189 0.022 0.029 0
6 -335.58 -2163.99 -0.4 0.0546 0.0915 0.0461 0
6 -322.32 -2163.89 0.8 0.001 0.001 0.0012 0
2 -314.87 -2163.93 0.8 0.9158 0.4045 0 0
6 -306.77 -2163.89 0.7 0.0546 0.0915 0.0461 0
0 -298.95 -2163.83 -0.7 0.9158 0.4045 0 0
1 -292.12 -2163.91 0.5 0.9158 0.4045 0 0
12 -284.09 -2163.83 1 0.5924 0.5924 0.5795 0
2 -275 -2163.91 0.1 0.9158 0.4045 0 0
4 -240.74 -2095.2 -89.5 0.0017 0.0017 0.002 0
7 -240.74 -2101.63 -89.2 0.632 0.632 0.5989 0
7 -240.76 -2108.54 -89.3 0.0017 0.0017 0.002 0
6 -240.89 -2114.46 -89.7 0.0546 0.06 0.0677 0
5 -240.78 -2122.46 -90.6 0.0041 0.0041 0.005 0
6 -240.72 -2136.32 -89.4 0.0029 0.0033 0.0041 0
9 -240.88 -2142.25 -90 0.3345 0.2801 0.1801 0
7 -226.28 -2156.05 -1.1 0.632 0.632 0.5989 0
10 -216.75 -2156.16 0.9 0.259 0.0097 0.0097 0
6 -209.73 -2156.14 -0.6 0.0189 0.022 0.029 0
11 -200.92 -2156.13 -0.5 0.632 0.6121 0.5605 0
10 -191.49 -2156.18 0.6 0.1011 0.0029 0.0046 0
5 -174.88 -2156.04 0 0.2758 0.2932 0.3112 0
10 -159.6 -2156.12 0.9 0.0189 0.022 0.029 0
4 -150.97 -2156.08 -0.4 0.0658 0.0385 0.021 0
9 -143.17 -2156.02 1.1 0.0014 0.0023 0.0037 0
6 -136.33 -2156.08 -0.8 0.0014 0.0023 0.0037 0
4 -128.02 -2156.13 0.8 0.0041 0.0041 0.005 0
8 -119.89 -2156.09 -0.9 0.259 0.0097 0.0097 0
4 -112.63 -2156.04 0.8 0.148 0.2428 0.3587 0
7 -99.19 -2156.06 -0.5 0.0041 0.0041 0.005 0
11 -89.45 -2156.13 0.6 0.5924 0.5924 0.5795 0
7 -66.39 -2156.17 -0.9 0.148 0.2428 0.3587 0
12 -58.95 -2156.12 0.8 0.5924 0.5924 0.5795 0
8 -43.34 -2156.2 -0.6 0.2047 0.259 0.2801 0
7 -37.05 -2156.05 0.2 0.0023 0.0037 0.0055 0
4 -30.21 -2156.2 -0.5 0.0041 0.0041 0.005 0
5 -23.46 -2156.16 -0.3 0.4045 0.4259 0.4479 0
2 -210.71 -2163.55 -0.5 0.9158 0.4045 0 1
5 -228.1 -2163.86 -1.1 0.0189 0.022 0.029 0
8 -220.7 -2163.98 -1 0.0017 0.0017 0.0023 0
5 -198.26 -2163.88 -1.1 0.3345 0.2801 0.1801 0
8 -185.07 -2163.87 1.1 0.0546 0.0915 0.0461 0
6 -178.45 -2163.84 -0.6 0.0242 0.0697 0.1975 0
5 -172.6 -2163.85 1.1 0.6941 0.6941 0.6661 0
9 -166.46 -2163.9 0.5 0.0017 0.0017 0.0023 0
9 -160.19 -2163.88 0 0.001 0.001 0.0012 0
0 -152.82 -2163.96 0.2 0.9158 0.4045 0 0
4 -146.34 -2163.82 -0.2 0.021 0.043 0.0231 0
8 -133.29 -2163.92 0 0.001 0.001 0.0012 0
11 -125.82 -2163.93 0.2 0.632 0.6121 0.5605 0
4 -117.77 -2163.91 -0.8 0.482 0.4936 0.5054 0
8 -111.56 -2163.86 0 0.0029 0.0033 0.0041 0
1 -103.41 -2163.95 0.5 0.9158 0.4045 0 0
4 -95.34 -2163.86 -0.6 0.148 0.2428 0.3587 0
6 -87.33 -2163.97 -1 0.3345 0.2801 0.1801 0
6 -72.11 -2163.8 -0.8 0.0189 0.022 0.029 0
4 -55.57 -2163.9 0.8 0.0546 0.06 0.0677 0
11 -46.39 -2163.85 -1 0.5924 0.5924 0.5795 0
7 -24.12 -2163.83 0.8 0.4045 0.4259 0.4479 0
7 31.82 -2156.05 -0.6 0.632 0.632 0.5989 0
4 38.66 -2156.03 0.2 0.0658 0.0385 0.021 0
7 45.19 -2156.2 -0.1 0.0119 0.0385 0.1247 0
0 53.1 -2156.02 0.2 0.9158 0.4045 0 0
4 67.64 -2156.01 -1.1 0.2758 0.2932 0.3112 0
7 73.52 -2156.01 0 0.1011 0.0029 0.0046 0
8 81.52 -2156.15 0.4 0.0189 0.022 0.029 0
3 89.39 -2156.11 0.6 0.9158 0.4045 0 0
4 97.42 -2156.06 -1 0.1542 0.1636 0.1768 0
8 104 -2156.13 1.1 0.0072 0.0189 0.0658 0
7 112.21 -2156.05 -0.6 0.0546 0.06 0.0677 0
6 119.06 -2156.11 0.4 0.2047 0.259 0.2801 0
9 125.66 -2156.19 0.1 0.0029 0.0033 0.0041 0
4 139.49 -2156 -0.9 0.0023 0.0037 0.0055 0
9 145.93 -2156.16 -0.4 0.021 0.043 0.0231 0
4 152.63 -2156.15 0.2 0.0017 0.0017 0.002 0
5 160.39 -2156.12 0.4 0.7667 0.7667 0.7445 0
5 167.35 -2156.12 -0.6 0.0658 0.0385 0.021 0
4 174.06 -2156 -0.8 0.0041 0.0041 0.005 0
6 182.23 -2156.14 -0.5 0.0029 0.0033 0.0041 0
4 189.77 -2156.18 -1 0.7969 0.7742 0.7083 0
7 202.16 -2156.14 0.4 0.3345 0.2801 0.1801 0
6 225.97 -2156.06 -0.6 0.0399 0.0546 0.0781 0
1 149.55 -2163.55 0.7 0.9158 0.4045 0 1
12 25.16 -2163.81 -1 0.7012 0.687 0.6388 0
6 41.23 -2163.94 -1 0.0029 0.0033 0.0041 0
7 47.96 -2163.84 -0.3 0.0023 0.0037 0.0055 0
6 54.51 -2163.97 -0.2 0.0072 0.0189 0.0658 0
8 61.47 -2163.92 -0.8 0.0119 0.0385 0.1247 0
6 68.9 -2163.87 0 0.2047 0.259 0.2801 0
5 75.85 -2163.82 0.9 0.0658 0.0385 0.021 0
7 82.8 -2164 0.6 0.632 0.632 0.5989 0
2 89.55 -2163.92 -0.5 0.9158 0.4045 0 0
1 103.63 -2163.84 -0.8 0.9158 0.4045 0 0
12 112.54 -2163.82 -1 0.68 0.68 0.6524 0
5 130.36 -2163.88 -0.5 0.4045 0.4259 0.4479 0
6 137.65 -2163.93 0.6 0.0072 0.0189 0.0658 0
8 161.3 -2163.81 -0.2 0.0017 0.0017 0.0023 0
8 169.25 -2163.84 0.9 0.3392 0.3537 0.3736 0
4 177.11 -2163.95 0.7 0.482 0.4936 0.5054 0
4 183.39 -2163.83 0 0.0546 0.0915 0.0461 0
7 190.56 -2163.92 0.5 0.259 0.0097 0.0097 0
8 196.62 -2163.84 -0.5 0.0014 0.0023 0.0037 0
9 204.07 -2163.98 -0.7 0.0399 0.0546 0.0781 0
7 211.8 -2163.81 0.5 0.259 0.0097 0.0097 0
8 219.98 -2163.88 -0.5 0.001 0.001 0.0012 0
1 241.15 -2117.83 90.6 0.9158 0.4045 0 1
8 240.81 -2141.25 90.5 0.0189 0.022 0.029 0
8 240.71 -2133.18 90.6 0.0029 0.0033 0.0041 0
4 240.7 -2125.52 90.1 0.0189 0.022 0.029 0
5 240.7 -2111.63 90.5 0.1573 0.0066 0.0066 0
8 240.75 -2105.32 89.4 0.1011 0.0029 0.0046 0
1 308.99 -2156.45 -0.8 0.9158 0.4045 0 1
6 272.9 -2156.05 0.4 0.0399 0.0546 0.0781 0
4 286.28 -2156.16 -0.8 0.0041 0.0041 0.005 0
0 293.96 -2156.08 0.5 0.9158 0.4045 0 0
4 300.47 -2156.03 0 0.0546 0.0915 0.0461 0
8 315.74 -2156.15 1 0.0014 0.0023 0.0037 0
8 323.03 -2156.08 0.9 0.0119 0.0385 0.1247 0
9 329.17 -2156.09 0.6 0.2047 0.259 0.2801 0
9 343.89 -2156.05 -0.1 0.0029 0.0033 0.0041 0
6 350.22 -2156.01 0.8 0.0242 0.0697 0.1975 0
5 356.5 -2156 -0.2 0.632 0.632 0.5989 0
1 364.16 -2156.18 0 0.9158 0.4045 0 0
6 371.4 -2156.14 -0.5 0.0546 0.06 0.0677 0
12 379.35 -2156.18 0.2 0.68 0.68 0.6524 0
7 387.89 -2156.13 -0.6 0.2047 0.259 0.2801 0
0 394.52 -2156.15 0.8 0.9158 0.4045 0 0
8 400.83 -2156.07 -0.5 0.001 0.001 0.0012 0
8 458.04 -2156.09 -1 0.0242 0.0697 0.1975 0
5 465.97 -2156.16 0.2 0.0023 0.0037 0.0055 0
5 482.09 -2156.1 0.2 0.7969 0.7742 0.7083 0
8 489.71 -2156.02 0.8 0.3392 0.3537 0.3736 0
1 503.82 -2156.11 -0.5 0.9158 0.4045 0 0
6 516.99 -2156.19 -0.8 0.1542 0.1636 0.1768 0
7 525.09 -2156.15 0.7 0.4045 0.4259 0.4479 0
1 533.09 -2156 -0.9 0.9158 0.4045 0 0
8 541.24 -2156.14 -0.1 0.1573 0.0066 0.0066 0
3 548.82 -2156.18 -0.3 0.9158 0.4045 0 0
10 556.79 -2156 -0.8 0.0072 0.0078 0.0097 0
6 564.39 -2156.07 -0.2 0.0029 0.0033 0.0041 0
4 572.04 -2156.13 1 0.0546 0.0915 0.0461 0
3 -536.42 -2083.55 179.2 0.9158 0.4045 0 1
6 -451.57 -2083.86 179.3 0.1542 0.1636 0.1768 0
6 -457.91 -2083.83 179 0.0014 0.0023 0.0037 0
0 -465.08 -2083.99 180.7 0.9158 0.4045 0 0
7 -471.95 -2083.95 179.1 0.0242 0.0697 0.1975 0
10 -481.34 -2083.93 179.4 0.0189 0.022 0.029 0
12 -489.86 -2083.85 179.9 0.7012 0.687 0.6388 0
11 -500.49 -2083.85 180 0.5924 0.5924 0.5795 0
12 -550.2 -2083.9 179.5 0.7012 0.687 0.6388 0
10 -561.37 -2083.89 178.9 0.0072 0.0078 0.0097 0
3 -569.22 -2083.83 179.7 0.3297 0.4313 0.0697 0
9 -576.97 -2083.84 179.3 0.0189 0.022 0.029 0
12 -438.15 -2053.45 89.8 0.7012 0.687 0.6388 1
6 -439.28 -2065.6 89.9 0.001 0.001 0.0012 0
4 -439.2 -2041.4 89.5 0.0072 0.0189 0.0658 0
5 -439.2 -2034.62 89.7 0.1011 0.0029 0.0046 0
4 -439.25 -2026.89 89.4 0.0546 0.06 0.0677 0
3 -421.15 -2018.42 -91.1 0.9158 0.4045 0 1
13 -421.2 -2056.47 -89.7 0.7818 0.7818 0.7519 0
6 -420.87 -2031.85 -89.2 0.0072 0.0189 0.0658 0
1 -420.73 -2044.52 -90.5 0.9158 0.4045 0 0
8 -279.63 -2083.97 179.3 0.1542 0.1636 0.1768 0
5 -286.09 -2083.81 180.9 0.7969 0.7742 0.7083 0
11 -307.7 -2083.91 179.4 0.5924 0.5924 0.5795 0
4 -316.24 -2083.83 180.3 0.482 0.4936 0.5054 0
9 -324.45 -2083.9 180 0.0017 0.0017 0.0023 0
9 -332.71 -2083.91 179.5 0.0014 0.0023 0.0037 0
8 -339.04 -2083.91 181 0.148 0.2428 0.3587 0
7 -345.67 -2083.82 179.1 0.3345 0.2801 0.1801 0
7 -352.34 -2083.96 179.1 0.4591 0.4045 0.2801 0
8 -373 -2083.85 179.7 0.2758 0.2932 0.3112 0
5 -378.91 -2083.82 180.4 0.7969 0.7742 0.7083 0
8 -400.79 -2083.91 179.9 0.0242 0.0697 0.1975 0
6 -406.75 -2083.88 179 0.0546 0.06 0.0677 0
4 -273.52 -2076.16 180 0.1573 0.0066 0.0066 0
8 -281.17 -2076.05 178.9 0.001 0.001 0.0012 0
5 -289.2 -2076.19 180.4 0.0546 0.0915 0.0461 0
1 -296.38 -2076.02 180.1 0.9158 0.4045 0 0
8 -303.4 -2076.06 180.7 0.1542 0.1636 0.1768 0
7 -310.38 -2076.03 180.6 0.0072 0.0078 0.0097 0
10 -324.16 -2076.2 179.1 0.0023 0.0037 0.0055 0
6 -331.71 -2076.14 179 0.0546 0.0915 0.0461 0
5 -338.01 -2076.01 180.1 0.6941 0.6941 0.6661 0
8 -350.82 -2076.12 179.9 0.0242 0.0697 0.1975 0
4 -358.02 -2076.06 179.1 0.0892 0.0963 0.1062 0
5 -365.97 -2076.17 181 0.7667 0.7667 0.7445 0
10 -373.34 -2076.02 180.6 0.3392 0.3537 0.3736 0
7 -381.79 -2076.12 180 0.0658 0.0385 0.021 0
4 -388.78 -2076.17 180.8 0.021 0.043 0.0231 0
4 -395.49 -2076.1 179.4 0.7969 0.7742 0.7083 0
6 -403.06 -2076.06 180.5 0.0017 0.0017 0.0023 0
1 241.15 -2041.15 90.8 0.9158 0.4045 0 1
6 240.8 -2058.13 89.9 0.0658 0.0385 0.021 0
6 240.89 -2028.77 89.3 0.0029 0.0033 0.0041 0
1 301.59 -2083.55 181.2 0.9158 0.4045 0 1
9 408.7 -2083.83 181 0.001 0.001 0.0012 0
8 400.66 -2083.8 181 0.0399 0.0546 0.0781 0
10 392.33 -2083.9 179.2 0.0072 0.0189 0.0658 0
6 383.52 -2083.85 179.8 0.001 0.001 0.0012 0
8 368.37 -2083.81 180.6 0.001 0.001 0.0012 0
6 361.4 -2083.83 178.9 0.0892 0.0963 0.1062 0
1 347.01 -2083.91 179.7 0.9158 0.4045 0 0
8 339.47 -2083.89 180.6 0.3345 0.2801 0.1801 0
11 331.05 -2083.92 179.1 0.7012 0.687 0.6388 0
5 322.91 -2083.8 180.3 0.0658 0.0385 0.021 0
9 315.92 -2083.89 180.7 0.001 0.001 0.0012 0
6 295.93 -2083.97 179.7 0.0119 0.0385 0.1247 0
7 288.59 -2083.95 180.1 0.0399 0.0546 0.0781 0
8 280.92 -2083.82 179 0.0017 0.0017 0.0023 0
4 273.47 -2083.92 180.8 0.482 0.4936 0.5054 0
11 406.97 -2076.18 180.5 0.68 0.68 0.6524 0
8 400.38 -2076 179.9 0.3392 0.3537 0.3736 0
8 384.85 -2076.18 179.6 0.0017 0.0017 0.0023 0
5 377.61 -2076.19 179.4 0.0546 0.0915 0.0461 0
4 369.39 -2076.19 179.5 0.0658 0.0385 0.021 0
6 362.12 -2076.12 180.2 0.0017 0.0017 0.0023 0
5 353.96 -2076.13 179.7 0.3392 0.3537 0.3736 0
0 334.75 -2076.17 180.8 0.9158 0.4045 0 0
6 327.08 -2076.01 180.8 0.0017 0.0017 0.0023 0
5 318.66 -2076.11 179.6 0.1011 0.0029 0.0046 0
10 311.29 -2076.15 179.7 0.0041 0.0041 0.005 0
8 302.5 -2076.2 179.7 0.0014 0.0023 0.0037 0
5 296.6 -2076.06 179.9 0.021 0.043 0.0231 0
10 288.22 -2076.01 180.1 0.0546 0.0915 0.0461 0
4 280.5 -2076.18 179.5 0.259 0.0097 0.0097 0
12 555.43 -2083.05 180.1 0.5924 0.5924 0.5795 1
7 585.56 -2083.85 179.4 0.0017 0.0017 0.002 0
7 578.81 -2083.97 179.3 0.4591 0.4045 0.2801 0
8 571.23 -2083.95 180.6 0.1542 0.1636 0.1768 0
8 563.52 -2083.86 179.8 0.0658 0.0385 0.021 0
6 542.47 -2083.91 180.9 0.0014 0.0023 0.0037 0
3 528.86 -2083.83 179.6 0.3297 0.4313 0.0697 0
12 519.62 -2083.81 180.3 0.632 0.6121 0.5605 0
7 501.11 -2083.95 180.9 0.148 0.2428 0.3587 0
4 494.86 -2083.81 179 0.0546 0.0915 0.0461 0
7 487.46 -2083.81 179.2 0.632 0.632 0.5989 0
9 480.84 -2083.91 179.3 0.001 0.001 0.0012 0
4 475.01 -2083.94 180.2 0.632 0.632 0.5989 0
6 467.79 -2083.82 180.9 0.148 0.2428 0.3587 0
6 459.51 -2083.9 180.6 0.0017 0.0017 0.0023 0
7 453.63 -2083.84 181 0.1011 0.0029 0.0046 0
6 587.82 -2076.19 179.8 0.0029 0.0033 0.0041 0
8 580.51 -2076.08 179.7 0.0658 0.0385 0.021 0
6 573.14 -2076.04 179.8 0.0242 0.0697 0.1975 0
7 558.3 -2076.07 179.2 0.0017 0.0017 0.002 0
6 544.09 -2076.08 180.1 0.0189 0.022 0.029 0
6 537.91 -2076.06 179.3 0.0399 0.0546 0.0781 0
4 529.73 -2076.18 180.6 0.4591 0.4045 0.2801 0
10 522.1 -2076.09 180.4 0.3345 0.2801 0.1801 0
12 513.17 -2076.06 180.3 0.632 0.6121 0.5605 0
7 503.53 -2076.07 179.2 0.148 0.2428 0.3587 0
4 496.4 -2076.13 178.9 0.0242 0.0697 0.1975 0
12 487.16 -2076.04 180.2 0.7012 0.687 0.6388 0
7 478.18 -2076.18 181 0.021 0.043 0.0231 0
2 471.03 -2076.1 180.1 0.9158 0.4045 0 0
6 455.07 -2076.05 179.7 0.0242 0.0697 0.1975 0
13 601.2 -2022.96 88.7 0.7818 0.7818 0.7519 0
9 600.85 -2057.06 89.8 0.3345 0.2801 0.1801 0
3 600.76 -2050.09 89.3 0.9158 0.4045 0 0
6 600.84 -2042.26 89.5 0.0014 0.0023 0.0037 0
12 600.86 -2033.67 89.3 0.5924 0.5924 0.5795 0
2 -589.24 -2003.81 0.3 0.9158 0.4045 0 0
7 -581.52 -2003.85 -0.8 0.4045 0.4259 0.4479 0
12 -558.58 -2003.83 -0.3 0.632 0.6121 0.5605 0
9 -543.47 -2003.93 -0.3 0.0029 0.0033 0.0041 0
9 -503.32 -2003.94 0.5 0.001 0.001 0.0012 0
9 -497.33 -2003.85 1 0.0546 0.0915 0.0461 0
6 -490 -2003.88 -0.5 0.0546 0.06 0.0677 0
5 -483.92 -2003.92 -1 0.021 0.043 0.0231 0
8 -476.21 -2003.83 0.2 0.482 0.4936 0.5054 0
4 -468.58 -2003.84 0.5 0.0546 0.06 0.0677 0
1 -438.85 -1984.85 89.6 0.9158 0.4045 0 1
1 -439.19 -1975.22 90.5 0.9158 0.4045 0 0
7 -439.25 -1967.38 89.6 0.1011 0.0029 0.0046 0
9 -439.25 -1959.66 91.1 0.0029 0.0033 0.0041 0
7 -439.3 -1953.38 90.3 0.0023 0.0037 0.0055 0
9 -439.28 -1947.45 89 0.0014 0.0023 0.0037 0
2 -290.97 -1996.45 -0.5 0.9158 0.4045 0 1
8 -407.88 -1996.17 1 0.0119 0.0385 0.1247 0
5 -400.47 -1996.15 0.9 0.7667 0.7667 0.7445 0
5 -392.41 -1996.1 1 0.7667 0.7667 0.7445 0
9 -386.28 -1996.17 -0.1 0.0399 0.0546 0.0781 0
4 -379.36 -1996.05 0.3 0.1011 0.0029 0.0046 0
12 -371.75 -1996.03 0.7 0.5924 0.5924 0.5795 0
4 -363.02 -1996.11 -0.6 0.3345 0.2801 0.1801 0
4 -355.26 -1996 0.4 0.0189 0.022 0.029 0
8 -347.04 -1996.05 1.1 0.0072 0.0189 0.0658 0
7 -340.43 -1996.19 -0.2 0.0072 0.0189 0.0658 0
2 -324.89 -1996.15 0.3 0.9158 0.4045 0 0
12 -317.6 -1996.12 0.8 0.5924 0.5924 0.5795 0
9 -307.94 -1996.08 -0.4 0.0189 0.022 0.029 0
4 -301.05 -1996.11 0.7 0.2758 0.2932 0.3112 0
7 -279.26 -1996.03 0.8 0.0072 0.0189 0.0658 0
9 -396.32 -2003.91 -0.1 0.0189 0.022 0.029 0
9 -390.08 -2003.93 -0.4 0.0546 0.0915 0.0461 0
9 -375.52 -2003.96 -0.6 0.021 0.043 0.0231 0
1 -367.38 -2003.95 -0.7 0.9158 0.4045 0 0
4 -360.59 -2003.86 -1 0.0242 0.0697 0.1975 0
8 -353.45 -2003.92 0.1 0.001 0.001 0.0012 0
1 -346.47 -2003.84 -0.3 0.9158 0.4045 0 0
8 -339.79 -2003.93 -0.9 0.0017 0.0017 0.0023 0
4 -331.59 -2003.9 -0.6 0.0546 0.06 0.0677 0
6 -325.07 -2003.95 0.8 0.259 0.0097 0.0097 0
5 -302.57 -2003.9 0 0.6941 0.6941 0.6661 0
1 -295.94 -2003.94 0 0.9158 0.4045 0 0
4 -288.11 -2003.98 -1.1 0.0242 0.0697 0.1975 0
4 -280.15 -2003.8 -0.5 0.482 0.4936 0.5054 0
5 -240.86 -1937.02 -90.2 0.3345 0.2801 0.1801 0
6 -240.71 -1943.01 -89.8 0.0119 0.0385 0.1247 0
6 -240.74 -1949.3 -89.5 0.001 0.001 0.0012 0
6 -240.87 -1956.32 -90.5 0.4591 0.4045 0.2801 0
6 -240.87 -1968.9 -89.3 0.0399 0.0546 0.0781 0
9 -240.89 -1975.41 -90.2 0.2047 0.259 0.2801 0
9 -240.86 -1982.46 -89.2 0.0658 0.0385 0.021 0
12 241.85 -1975.09 91.3 0.5924 0.5924 0.5795 1
7 240.89 -1983.2 89.7 0.021 0.043 0.0231 0
5 240.83 -1960.75 91.1 0.0892 0.0963 0.1062 0
10 240.85 -1952.39 90.6 0.4045 0.4259 0.4479 0
4 240.76 -1945.83 90.6 0.0023 0.0037 0.0055 0
4 259.21 -1936.08 -89.6 0.4591 0.4045 0.2801 0
4 259.28 -1944.39 -89.4 0.4591 0.4045 0.2801 0
12 259.15 -1951.92 -89.8 0.68 0.68 0.6524 0
12 259.14 -1963.67 -90.1 0.68 0.68 0.6524 0
4 259.19 -1972.15 -90.9 0.6941 0.6941 0.6661 0
8 272.12 -1996.17 0.2 0.0017 0.0017 0.0023 0
0 280.03 -1996.1 -0.3 0.9158 0.4045 0 0
7 287.1 -1996.2 0.3 0.3392 0.3537 0.3736 0
7 294.23 -1996.08 0.9 0.0658 0.0385 0.021 0
9 302.29 -1996 0.1 0.021 0.043 0.0231 0
12 311.43 -1996.11 0.7 0.7012 0.687 0.6388 0
4 335.52 -1996.2 1.1 0.0399 0.0546 0.0781 0
9 342.06 -1996.18 -0.9 0.0014 0.0023 0.0037 0
4 350.17 -1996.17 0.8 0.0546 0.0915 0.0461 0
4 358.22 -1996.04 0.7 0.0546 0.06 0.0677 0
7 371.33 -1996.03 -0.1 0.632 0.632 0.5989 0
5 377.35 -1996.11 0 0.0242 0.0697 0.1975 0
6 391.77 -1996.04 -1 0.0892 0.0963 0.1062 0
10 399.63 -1996.16 1.1 0.0546 0.06 0.0677 0
7 406.11 -1996.09 0.9 0.0119 0.0385 0.1247 0
8 270.84 -2004 -0.8 0.1573 0.0066 0.0066 0
9 277.27 -2003.82 -0.4 0.148 0.2428 0.3587 0
6 291.28 -2003.82 -0.3 0.1011 0.0029 0.0046 0
4 299.21 -2003.97 0.4 0.632 0.632 0.5989 0
9 306.11 -2003.84 0.9 0.0014 0.0023 0.0037 0
7 313.1 -2003.98 1.1 0.0658 0.0385 0.021 0
5 320.13 -2003.84 0.5 0.0119 0.0385 0.1247 0
2 334.15 -2003.9 0.8 0.9158 0.4045 0 0
4 340.54 -2003.81 0.9 0.0546 0.0915 0.0461 0
7 347.38 -2003.92 -0.7 0.0189 0.022 0.029 0
6 354.53 -2003.98 0.8 0.0017 0.0017 0.0023 0
6 361.81 -2003.92 -0.7 0.2047 0.259 0.2801 0
6 367.87 -2003.91 -0.6 0.0658 0.0385 0.021 0
9 375.45 -2003.87 -0.5 0.0014 0.0023 0.0037 0
5 381.97 -2003.93 0.7 0.0041 0.0041 0.005 0
10 396.14 -2003.9 0.7 0.1011 0.0029 0.0046 0
4 403.16 -2003.89 0.8 0.3392 0.3537 0.3736 0
8 451.29 -1996.15 0 0.0029 0.0033 0.0041 0
5 458.57 -1996.1 0.5 0.0546 0.06 0.0677 0
4 465.23 -1996.12 0.2 0.4591 0.4045 0.2801 0
6 473.42 -1996.15 -0.3 0.0072 0.0189 0.0658 0
5 480.3 -1996.11 0.1 0.021 0.043 0.0231 0
10 489.59 -1996.06 -0.4 0.0399 0.0546 0.0781 0
8 498.33 -1996.13 1 0.0546 0.06 0.0677 0
4 506.44 -1996.04 -0.2 0.0546 0.06 0.0677 0
2 526.54 -1996.06 -0.4 0.9158 0.4045 0 0
2 534.22 -1996.19 0.1 0.9158 0.4045 0 0
5 553.9 -1996.01 0.7 0.0119 0.0385 0.1247 0
9 567.99 -1996.12 -0.2 0.021 0.043 0.0231 0
9 574.06 -1996.01 -0.4 0.0029 0.0033 0.0041 0
4 581.61 -1996.05 0.7 0.021 0.043 0.0231 0
6 -439.2 -1907.17 90.5 0.0189 0.022 0.029 0
8 -439.19 -1900.62 90 0.0014 0.0023 0.0037 0
9 -439.21 -1893.37 90.6 0.0029 0.0033 0.0041 0
8 -439.28 -1873.37 91 0.0658 0.0385 0.021 0
4 -439.16 -1865.4 89.9 0.3392 0.3537 0.3736 0
12 -421.85 -1875.86 -91.1 0.7012 0.687 0.6388 1
3 -421.15 -1876.04 -89.9 0.9158 0.4045 0 1
8 -420.71 -1855.73 -89.6 0.2047 0.259 0.2801 0
10 -420.89 -1862.95 -89.7 0.0892 0.0963 0.1062 0
7 -420.74 -1884.13 -90.6 0.021 0.043 0.0231 0
10 -420.75 -1893.62 -89.1 0.0072 0.0078 0.0097 0
5 -420.71 -1901.81 -89.8 0.0041 0.0041 0.005 0
6 240.83 -1902.31 90.7 0.0189 0.022 0.029 0
1 240.73 -1889.18 88.9 0.9158 0.4045 0 0
4 240.82 -1881.12 90.3 0.0189 0.022 0.029 0
9 240.78 -1873.59 90.7 0.148 0.2428 0.3587 0
12 240.74 -1865.76 89.2 0.632 0.6121 0.5605 0
9 259.13 -1861.24 -90.6 0.0014 0.0023 0.0037 0
5 259.23 -1868.78 -90 0.0546 0.06 0.0677 0
9 259.22 -1875.31 -90.9 0.0014 0.0023 0.0037 0
7 259.24 -1881.83 -89 0.0041 0.0041 0.005 0
2 259.13 -1890.16 -90.1 0.9158 0.4045 0 0
1 259.13 -1898.39 -90.7 0.9158 0.4045 0 0
7 408.03 -1922.48 179.6 0.4591 0.4045 0.2801 0
4 391.98 -1922.53 179.9 0.7667 0.7667 0.7445 0
4 385.14 -1922.46 179.2 0.021 0.043 0.0231 0
4 377.49 -1922.44 179.1 0.0017 0.0017 0.002 0
10 361.85 -1922.57 180.6 0.021 0.043 0.0231 0
5 346.82 -1922.56 180.3 0.0892 0.0963 0.1062 0
10 337.33 -1922.42 179.5 0.6941 0.6941 0.6661 0
8 329.71 -1922.46 180.5 0.0399 0.0546 0.0781 0
5 323.23 -1922.42 179.5 0.0242 0.0697 0.1975 0
8 315.72 -1922.47 178.9 0.2047 0.259 0.2801 0
9 309.05 -1922.47 179.6 0.2047 0.259 0.2801 0
8 300.74 -1922.52 181 0.482 0.4936 0.5054 0
7 294.51 -1922.47 178.9 0.7969 0.7742 0.7083 0
9 286.71 -1922.5 179.5 0.148 0.2428 0.3587 0
9 280.52 -1922.52 180.4 0.0017 0.0017 0.0023 0
8 273.44 -1922.55 179.6 0.001 0.001 0.0012 0
12 601.85 -1897.32 90.7 0.5924 0.5924 0.5795 1
2 601.15 -1905.06 89.8 0.9158 0.4045 0 1
0 600.72 -1876.17 89.4 0.9158 0.4045 0 0
12 -480.83 -1836.95 -0.9 0.7012 0.687 0.6388 1
4 -587.27 -1836.07 -0.5 0.0072 0.0078 0.0097 0
7 -579.43 -1836.12 -1 0.259 0.0097 0.0097 0
6 -566.93 -1836.05 1.1 0.0189 0.022 0.029 0
6 -560.4 -1836.12 -0.2 0.0658 0.0385 0.021 0
5 -554.32 -1836.15 0.2 0.0242 0.0697 0.1975 0
10 -546.32 -1836.13 0.1 0.632 0.632 0.5989 0
8 -538.38 -1836.17 -0.4 0.0029 0.0033 0.0041 0
10 -503.05 -1836.18 -0.4 0.2047 0.259 0.2801 0
9 -489.48 -1836.14 -0.6 0.0017 0.0017 0.0023 0
8 -455.28 -1836.03 -0.9 0.259 0.0097 0.0097 0
2 -575.6 -1843.55 0.7 0.9158 0.4045 0 1
10 -583.99 -1843.82 0.6 0.0546 0.06 0.0677 0
10 -567.74 -1843.93 0.6 0.0399 0.0546 0.0781 0
7 -560.02 -1843.93 -0.6 0.7667 0.7667 0.7445 0
9 -545.38 -1843.8 0.6 0.4591 0.4045 0.2801 0
4 -498.98 -1843.82 -0.2 0.3392 0.3537 0.3736 0
7 -493.03 -1843.81 0.8 0.2047 0.259 0.2801 0
4 -486.51 -1843.91 0.5 0.482 0.4936 0.5054 0
6 -480.07 -1843.93 -0.8 0.0242 0.0697 0.1975 0
1 -473.94 -1843.89 -0.9 0.9158 0.4045 0 0
1 -467.5 -1843.89 -0.1 0.9158 0.4045 0 0
10 -459.3 -1844 0.5 0.7667 0.7667 0.7445 0
4 -439.15 -1823.18 88.9 0.6941 0.6941 0.6661 0
6 -439.11 -1815.69 89.1 0.0029 0.0033 0.0041 0
4 -439.18 -1801.05 90 0.3392 0.3537 0.3736 0
11 -439.11 -1791.92 90.4 0.5924 0.5924 0.5795 0
6 -439.17 -1776.63 90.9 0.0399 0.0546 0.0781 0
10 -405.24 -1836.03 0.2 0.0658 0.0385 0.021 0
0 -397.93 -1836.17 -0.3 0.9158 0.4045 0 0
8 -391.68 -1836.18 -0.7 0.2758 0.2932 0.3112 0
12 -368.35 -1836.2 -0.6 0.5924 0.5924 0.5795 0
4 -357.81 -1836.15 -0.3 0.0072 0.0189 0.0658 0
8 -351.29 -1836.17 -1.1 0.1542 0.1636 0.1768 0
2 -344.97 -1836.18 -0.5 0.9158 0.4045 0 0
8 -337.4 -1836.12 -0.9 0.0029 0.0033 0.0041 0
4 -329.25 -1836 0.3 0.6941 0.6941 0.6661 0
4 -321.81 -1836.05 0.8 0.2047 0.259 0.2801 0
4 -314.68 -1836.06 0.6 0.0658 0.0385 0.021 0
8 -308.13 -1836.07 0.1 0.0072 0.0189 0.0658 0
12 -300.66 -1836.08 0.7 0.7012 0.687 0.6388 0
9 -289.81 -1836.12 0.1 0.0658 0.0385 0.021 0
4 -283.7 -1836.19 -0.7 0.0023 0.0037 0.0055 0
5 -277.33 -1836.08 -0.9 0.148 0.2428 0.3587 0
1 -384.96 -1843.55 0.1 0.9158 0.4045 0 1
9 -402.12 -1843.87 -0.5 0.001 0.001 0.0012 0
6 -394.08 -1843.86 0.3 0.001 0.001 0.0012 0
7 -379.05 -1843.87 -0.5 0.0399 0.0546 0.0781 0
7 -372.83 -1843.91 0.9 0.3345 0.2801 0.1801 0
9 -366.12 -1843.94 0.8 0.0029 0.0033 0.0041 0
9 -358.78 -1843.87 0.1 0.0029 0.0033 0.0041 0
5 -351.27 -1843.98 -0.8 0.0189 0.022 0.029 0
10 -336.97 -1843.86 0.2 0.482 0.4936 0.5054 0
3 -328.35 -1843.81 0.5 0.9158 0.4045 0 0
4 -321.94 -1843.9 -0.1 0.0119 0.0385 0.1247 0
11 -313.79 -1843.97 -0.1 0.632 0.6121 0.5605 0
9 -306.04 -1843.97 0 0.0029 0.0033 0.0041 0
8 -298.45 -1843.82 -0.6 0.0658 0.0385 0.021 0
6 -291.66 -1843.84 -0.7 0.0014 0.0023 0.0037 0
8 -284.29 -1843.92 -0.2 0.0029 0.0033 0.0041 0
4 -277.2 -1843.92 0.5 0.0892 0.0963 0.1062 0
12 -241.85 -1794.97 -91.4 0.632 0.6121 0.5605 1
4 -240.7 -1777.21 -89.7 0.259 0.0097 0.0097 0
4 -240.8 -1784.31 -90.3 0.7969 0.7742 0.7083 0
8 -240.74 -1805.02 -89.5 0.0189 0.022 0.029 0
7 240.77 -1823.02 89.1 0.3345 0.2801 0.1801 0
4 240.87 -1807.54 89.9 0.0242 0.0697 0.1975 0
10 240.81 -1797.92 90.3 0.0892 0.0963 0.1062 0
5 240.81 -1789.77 89.1 0.4045 0.4259 0.4479 0
12 240.71 -1781.42 89.3 0.632 0.6121 0.5605 0
12 258.15 -1784.89 -89 0.7012 0.687 0.6388 1
2 258.85 -1796.85 -90.7 0.9158 0.4045 0 1
4 259.25 -1775.62 -90.9 0.3345 0.2801 0.1801 0
2 259.27 -1809.46 -90 0.9158 0.4045 0 0
10 259.15 -1824.3 -90.2 0.259 0.0097 0.0097 0
8 271.95 -1836.04 -0.2 0.1542 0.1636 0.1768 0
5 278.98 -1836.17 0.6 0.7969 0.7742 0.7083 0
4 285.86 -1836.06 -1.1 0.021 0.043 0.0231 0
5 292.08 -1836.06 -0.6 0.0546 0.0915 0.0461 0
7 300.1 -1836.11 0 0.148 0.2428 0.3587 0
7 306.21 -1836.1 -0.9 0.148 0.2428 0.3587 0
8 312.93 -1836.16 -0.8 0.0014 0.0023 0.0037 0
9 320.22 -1836.12 0.7 0.2047 0.259 0.2801 0
6 327.65 -1836.12 -1.1 0.0029 0.0033 0.0041 0
6 335.67 -1836.1 0.3 0.021 0.043 0.0231 0
5 350.92 -1836.03 1.1 0.0546 0.06 0.0677 0
10 359.56 -1836.16 -1.1 0.0399 0.0546 0.0781 0
7 367.09 -1836.07 1 0.0119 0.0385 0.1247 0
9 374.82 -1836.16 -0.8 0.021 0.043 0.0231 0
6 382.83 -1836.13 1.1 0.0029 0.0033 0.0041 0
4 396.44 -1836.09 1 0.3345 0.2801 0.1801 0
7 403.25 -1836.17 -0.3 0.0023 0.0037 0.0055 0
12 277.8 -1842.85 1.1 0.68 0.68 0.6524 1
11 289.46 -1843.89 0.5 0.632 0.6121 0.5605 0
5 298.24 -1843.86 -0.5 0.1011 0.0029 0.0046 0
5 305.17 -1843.96 0.9 0.0892 0.0963 0.1062 0
4 312.65 -1843.89 0.1 0.021 0.043 0.0231 0
8 320.52 -1843.91 -0.6 0.259 0.0097 0.0097 0
4 326.59 -1843.81 0.2 0.7667 0.7667 0.7445 0
7 334.05 -1843.93 0.4 0.0072 0.0078 0.0097 0
10 342.56 -1843.93 0.9 0.259 0.0097 0.0097 0
3 350.68 -1843.98 -1.1 0.3297 0.4313 0.0697 0
7 358.63 -1843.94 0.6 0.0072 0.0189 0.0658 0
4 374.01 -1843.87 0.9 0.0399 0.0546 0.0781 0
8 387.92 -1843.98 1 0.001 0.001 0.0012 0
10 395.11 -1843.8 -0.1 0.0658 0.0385 0.021 0
6 403.51 -1843.99 0.4 0.021 0.043 0.0231 0
6 453.74 -1836.16 -1 0.001 0.001 0.0012 0
12 461.6 -1836.08 0.4 0.7012 0.687 0.6388 0
8 472.06 -1836.14 0.3 0.0189 0.022 0.029 0
7 479.5 -1836.07 0.2 0.0399 0.0546 0.0781 0
9 486.74 -1836.1 0.5 0.0029 0.0033 0.0041 0
4 494.48 -1836.07 -1 0.0017 0.0017 0.002 0
5 502.56 -1836.06 0.8 0.3345 0.2801 0.1801 0
8 510.25 -1836.16 -0.6 0.0892 0.0963 0.1062 0
11 519.71 -1836.2 -1.1 0.7012 0.687 0.6388 0
8 527.05 -1836.03 -0.8 0.1542 0.1636 0.1768 0
7 533.9 -1836.09 0.5 0.7969 0.7742 0.7083 0
1 540.95 -1836.17 -0.1 0.9158 0.4045 0 0
11 549.78 -1836.16 0.7 0.7012 0.687 0.6388 0
6 557.16 -1836.18 0.2 0.148 0.2428 0.3587 0
4 563.96 -1836.05 -0.2 0.6941 0.6941 0.6661 0
5 571.52 -1836.06 1 0.0546 0.0915 0.0461 0
9 579.31 -1836.19 0 0.4591 0.4045 0.2801 0
12 506.62 -1842.85 1.4 0.632 0.6121 0.5605 1
7 451.84 -1843.89 1 0.4045 0.4259 0.4479 0
5 458.77 -1843.97 0.2 0.021 0.043 0.0231 0
8 465.94 -1843.83 -0.4 0.1542 0.1636 0.1768 0
8 487.06 -1843.95 -0.2 0.0029 0.0033 0.0041 0
5 493.61 -1843.93 0.8 0.6941 0.6941 0.6661 0
6 522.08 -1843.97 -0.8 0.4591 0.4045 0.2801 0
4 528.74 -1843.81 0.1 0.1573 0.0066 0.0066 0
4 550.78 -1843.84 -0.9 0.1542 0.1636 0.1768 0
5 563.65 -1843.93 -0.8 0.2047 0.259 0.2801 0
1 569.62 -1843.83 -0.4 0.9158 0.4045 0 0
8 577.57 -1843.8 0.4 0.001 0.001 0.0012 0
12 586.7 -1843.98 0.3 0.5924 0.5924 0.5795 0
8 -619.17 -1744.98 90.9 0.2758 0.2932 0.3112 0
12 -619.18 -1735.78 90.1 0.5924 0.5924 0.5795 0
9 -619.17 -1706.98 89.5 0.0017 0.0017 0.0023 0
1 -601.15 -1723.78 -91 0.9158 0.4045 0 1
8 -600.78 -1698.03 -89.4 0.4591 0.4045 0.2801 0
6 -600.87 -1705.96 -90.6 0.0892 0.0963 0.1062 0
7 -600.86 -1713.6 -91 0.3392 0.3537 0.3736 0
5 -600.86 -1736.05 -90.1 0.2047 0.259 0.2801 0
1 -462.26 -1762.49 180.3 0.9158 0.4045 0 0
6 -470.43 -1762.53 180 0.0119 0.0385 0.1247 0
5 -483.59 -1762.48 179.7 0.3392 0.3537 0.3736 0
8 -490.1 -1762.58 180.7 0.0029 0.0033 0.0041 0
9 -505.64 -1762.48 179.6 0.148 0.2428 0.3587 0
6 -535.78 -1762.44 181 0.0189 0.022 0.029 0
9 -542.21 -1762.43 180.3 0.0017 0.0017 0.0023 0
8 -549.09 -1762.55 179.8 0.1542 0.1636 0.1768 0
1 -563.33 -1762.53 179.9 0.9158 0.4045 0 0
4 -571.34 -1762.44 179.5 0.482 0.4936 0.5054 0
5 -578.92 -1762.58 181 0.6941 0.6941 0.6661 0
10 -587.45 -1762.49 179.5 0.0546 0.06 0.0677 0
12 -438.15 -1733.76 90.5 0.7012 0.687 0.6388 1
1 -438.85 -1720.15 90.1 0.9158 0.4045 0 1
4 -439.14 -1745.34 89.3 0.0892 0.0963 0.1062 0
0 -439.16 -1708.39 89 0.9158 0.4045 0 0
3 -421.15 -1721.13 -89.8 0.3297 0.4313 0.0697 1
5 -420.89 -1699.08 -90.8 0.0399 0.0546 0.0781 0
8 -420.78 -1712.67 -90.5 0.259 0.0097 0.0097 0
6 -420.74 -1734.16 -89.5 0.0017 0.0017 0.0023 0
9 -420.89 -1740.81 -89 0.0189 0.022 0.029 0
8 -240.79 -1698.46 -89.5 0.0242 0.0697 0.1975 0
8 -240.89 -1706.07 -90.6 0.482 0.4936 0.5054 0
8 -240.82 -1712.15 -90.2 0.2758 0.2932 0.3112 0
6 -240.71 -1736.09 -90.1 0.021 0.043 0.0231 0
8 240.71 -1746.34 90.3 0.0658 0.0385 0.021 0
8 240.71 -1738.82 90.5 0.1573 0.0066 0.0066 0
12 240.82 -1729.27 89 0.5924 0.5924 0.5795 0
11 240.73 -1712.36 90.3 0.5924 0.5924 0.5795 0
1 240.84 -1703.57 91.1 0.9158 0.4045 0 0
4 259.25 -1700.3 -90.4 0.0399 0.0546 0.0781 0
5 259.3 -1707.82 -88.9 0.0189 0.022 0.029 0
8 259.25 -1715.85 -89.4 0.0072 0.0189 0.0658 0
12 259.26 -1736.71 -89.4 0.5924 0.5924 0.5795 0
4 408.65 -1762.52 180.5 0.1542 0.1636 0.1768 0
5 401.45 -1762.48 180 0.021 0.043 0.0231 0
10 393.45 -1762.54 179.6 0.0546 0.0915 0.0461 0
9 386.78 -1762.44 181 0.0546 0.0915 0.0461 0
9 380.73 -1762.47 179.5 0.0014 0.0023 0.0037 0
8 372.66 -1762.59 180 0.1542 0.1636 0.1768 0
6 365.19 -1762.59 179.4 0.0014 0.0023 0.0037 0
7 351.2 -1762.5 179.3 0.0072 0.0189 0.0658 0
4 343.2 -1762.6 179.1 0.0023 0.0037 0.0055 0
8 336.21 -1762.44 179.6 0.4591 0.4045 0.2801 0
9 304.58 -1762.5 180.5 0.0017 0.0017 0.0023 0
4 291.44 -1762.54 180 0.021 0.043 0.0231 0
8 283.44 -1762.44 181 0.0014 0.0023 0.0037 0
6 276.93 -1762.47 181 0.0014 0.0023 0.0037 0
11 577.6 -1762.56 180.3 0.632 0.6121 0.5605 0
8 568.85 -1762.42 180.4 0.259 0.0097 0.0097 0
6 562.26 -1762.53 180 0.0119 0.0385 0.1247 0
5 554.63 -1762.5 181 0.3345 0.2801 0.1801 0
10 532.79 -1762.59 180.8 0.0242 0.0697 0.1975 0
5 525.09 -1762.54 180.7 0.0399 0.0546 0.0781 0
9 517.59 -1762.54 179 0.0029 0.0033 0.0041 0
8 505.42 -1762.5 180.9 0.148 0.2428 0.3587 0
9 483.96 -1762.5 179.7 0.0029 0.0033 0.0041 0
8 476.12 -1762.5 180 0.0658 0.0385 0.021 0
7 468.75 -1762.56 180.8 0.0546 0.0915 0.0461 0
8 462.43 -1762.41 179.3 0.482 0.4936 0.5054 0
5 454.6 -1762.5 180.4 0.021 0.043 0.0231 0
13 601.2 -1711.73 89 0.7818 0.7818 0.7519 0
2 600.75 -1737.5 89.2 0.9158 0.4045 0 0
8 600.86 -1729.86 89.1 0.0014 0.0023 0.0037 0
2 -618.85 -1647.82 90 0.9158 0.4045 0 1
8 -619.28 -1659.6 89.4 0.0546 0.0915 0.0461 0
5 -619.22 -1638.03 90.1 0.3392 0.3537 0.3736 0
4 -619.12 -1629.76 90.5 0.021 0.043 0.0231 0
8 -619.1 -1623.75 89.4 0.001 0.001 0.0012 0
12 -569.04 -1672.25 -1.1 0.7012 0.687 0.6388 0
6 -559.89 -1672.2 -0.6 0.0546 0.06 0.0677 0
8 -552.02 -1672.12 0.6 0.001 0.001 0.0012 0
4 -544.57 -1672.19 0.8 0.0072 0.0078 0.0097 0
4 -537.06 -1672.11 -0.4 0.7969 0.7742 0.7083 0
11 -499.13 -1672.21 0.7 0.632 0.6121 0.5605 0
4 -491.34 -1672.2 -0.6 0.1011 0.0029 0.0046 0
6 -483.18 -1672.15 0.5 0.0546 0.0915 0.0461 0
5 -476.08 -1672.29 1.1 0.2758 0.2932 0.3112 0
4 -469.14 -1672.13 0 0.021 0.043 0.0231 0
8 -462.89 -1672.21 -0.4 0.0014 0.0023 0.0037 0
7 -453.54 -1687.88 181.1 0.1542 0.1636 0.1768 0
12 -461.06 -1687.82 180.3 0.632 0.6121 0.5605 0
8 -470.38 -1687.85 178.9 0.3392 0.3537 0.3736 0
8 -477.7 -1687.8 180.8 0.0017 0.0017 0.0023 0
10 -485.43 -1687.87 180.1 0.2047 0.259 0.2801 0
4 -492.34 -1687.88 179.5 0.0023 0.0037 0.0055 0
11 -501.49 -1687.85 180.3 0.7012 0.687 0.6388 0
7 -535.99 -1687.89 179.7 0.3345 0.2801 0.1801 0
4 -542.81 -1687.85 180.5 0.0041 0.0041 0.005 0
5 -550.05 -1687.86 179.2 0.7969 0.7742 0.7083 0
9 -564.02 -1687.83 181.1 0.0017 0.0017 0.0023 0
6 -579.58 -1687.82 179.9 0.0242 0.0697 0.1975 0
4 -439.12 -1639.23 88.9 0.482 0.4936 0.5054 0
4 -439.25 -1627 89.2 0.0892 0.0963 0.1062 0
5 -439.19 -1619.74 89.2 0.0119 0.0385 0.1247 0
1 -307.98 -1672.55 -1 0.9158 0.4045 0 1
12 -405.67 -1672.11 1.1 0.5924 0.5924 0.5795 0
7 -395.84 -1672.26 0.2 0.4045 0.4259 0.4479 0
6 -389.74 -1672.18 0.2 0.1011 0.0029 0.0046 0
1 -383.74 -1672.16 -0.7 0.9158 0.4045 0 0
6 -376.24 -1672.18 -0.9 0.0029 0.0033 0.0041 0
5 -369.27 -1672.19 0.1 0.259 0.0097 0.0097 0
6 -362.31 -1672.27 0 0.0014 0.0023 0.0037 0
6 -348.05 -1672.17 -0.1 0.001 0.001 0.0012 0
4 -341.07 -1672.29 1.1 0.2047 0.259 0.2801 0
6 -327.28 -1672.29 -0.2 0.1011 0.0029 0.0046 0
4 -292.76 -1672.19 -0.3 0.7667 0.7667 0.7445 0
9 -286.43 -1672.17 0 0.0029 0.0033 0.0041 0
12 -374.27 -1687.35 179.5 0.7012 0.687 0.6388 1
9 -272.99 -1687.78 179.7 0.0017 0.0017 0.0023 0
4 -280.52 -1687.74 179.9 0.7667 0.7667 0.7445 0
4 -286.53 -1687.8 180.2 0.2047 0.259 0.2801 0
6 -294.66 -1687.87 179.4 0.148 0.2428 0.3587 0
6 -300.83 -1687.73 179.8 0.001 0.001 0.0012 0
8 -307.52 -1687.72 179.4 0.0242 0.0697 0.1975 0
12 -316.36 -1687.9 179.3 0.68 0.68 0.6524 0
8 -337.89 -1687.85 180 0.0072 0.0189 0.0658 0
8 -353.47 -1687.83 179.8 0.2047 0.259 0.2801 0
6 -360.59 -1687.88 179.1 0.0014 0.0023 0.0037 0
6 -381.27 -1687.71 180.8 0.0017 0.0017 0.0023 0
10 -388.86 -1687.75 179.8 0.021 0.043 0.0231 0
9 -405.24 -1687.9 180.4 0.2047 0.259 0.2801 0
1 -241.15 -1638.14 -89.1 0.9158 0.4045 0 1
8 -240.76 -1647.55 -89.2 0.0242 0.0697 0.1975 0
6 -240.73 -1654.02 -89 0.0017 0.0017 0.0023 0
2 241.15 -1638.74 91.2 0.9158 0.4045 0 1
6 240.86 -1660.5 88.9 0.1573 0.0066 0.0066 0
9 240.77 -1653.99 89.6 0.0399 0.0546 0.0781 0
7 240.71 -1645.88 89.4 0.1011 0.0029 0.0046 0
8 240.72 -1631.34 88.9 0.0658 0.0385 0.021 0
6 240.85 -1625.44 89.4 0.148 0.2428 0.3587 0
6 240.85 -1619.36 90.2 0.0029 0.0033 0.0041 0
1 278.18 -1672.55 1.4 0.9158 0.4045 0 1
4 289.22 -1672.28 -0.2 0.0658 0.0385 0.021 0
9 303.56 -1672.14 -0.2 0.001 0.001 0.0012 0
12 311.84 -1672.18 0.7 0.68 0.68 0.6524 0
12 323.41 -1672.14 -0.7 0.68 0.68 0.6524 0
9 340.95 -1672.28 0.2 0.0017 0.0017 0.0023 0
7 349.02 -1672.13 1 0.482 0.4936 0.5054 0
6 356.84 -1672.24 -0.9 0.0017 0.0017 0.0023 0
8 363.97 -1672.17 -0.2 0.001 0.001 0.0012 0
9 371.98 -1672.24 0.8 0.001 0.001 0.0012 0
7 379.3 -1672.15 1 0.3345 0.2801 0.1801 0
6 386.32 -1672.29 0.8 0.3345 0.2801 0.1801 0
8 392.9 -1672.23 0 0.3392 0.3537 0.3736 0
4 400.7 -1672.25 0.1 0.0892 0.0963 0.1062 0
7 407.14 -1687.77 179 0.259 0.0097 0.0097 0
9 400.78 -1687.88 180.3 0.0014 0.0023 0.0037 0
4 394.7 -1687.83 179.5 0.0017 0.0017 0.002 0
4 381.5 -1687.82 180.7 0.021 0.043 0.0231 0
4 375.11 -1687.77 179.1 0.1573 0.0066 0.0066 0
1 362.4 -1687.75 179.6 0.9158 0.4045 0 0
8 355.18 -1687.81 179.9 0.259 0.0097 0.0097 0
3 334.25 -1687.88 180.6 0.9158 0.4045 0 0
9 327.52 -1687.71 180.9 0.0014 0.0023 0.0037 0
4 319.94 -1687.76 179 0.2047 0.259 0.2801 0
6 305.57 -1687.71 180.7 0.148 0.2428 0.3587 0
9 297.84 -1687.73 179.8 0.021 0.043 0.0231 0
9 290.6 -1687.87 179.6 0.0017 0.0017 0.0023 0
6 283.06 -1687.74 180.6 0.0014 0.0023 0.0037 0
12 516.62 -1672.65 1 0.68 0.68 0.6524 1
1 531.35 -1672.55 -1.1 0.9158 0.4045 0 1
5 453.54 -1672.29 -0.2 0.4591 0.4045 0.2801 0
8 460.5 -1672.11 -0.4 0.0017 0.0017 0.0023 0
4 480.43 -1672.26 -1.1 0.4045 0.4259 0.4479 0
12 488.76 -1672.2 0.9 0.7012 0.687 0.6388 0
9 498.07 -1672.22 1.1 0.148 0.2428 0.3587 0
4 504.61 -1672.18 0.8 0.1011 0.0029 0.0046 0
6 539.97 -1672.23 -0.2 0.0029 0.0033 0.0041 0
8 548.37 -1672.29 -1 0.0017 0.0017 0.0023 0
4 569.04 -1672.27 -0.6 0.0119 0.0385 0.1247 0
12 576.4 -1672.21 0.9 0.632 0.6121 0.5605 0
9 600.72 -1642.64 90 0.0017 0.0017 0.0023 0
8 600.77 -1636.25 90.6 0.0014 0.0023 0.0037 0
8 600.86 -1620.9 90.1 0.1011 0.0029 0.0046 0
2 -618.85 -1564.22 88.7 0.9158 0.4045 0 1
8 -619.29 -1578.12 89.7 0.1573 0.0066 0.0066 0
5 -619.18 -1572.1 89.3 0.0072 0.0078 0.0097 0
6 -619.15 -1550.45 89.7 0.0029 0.0033 0.0041 0
8 -619.15 -1542.61 91 0.0546 0.0915 0.0461 0
7 -600.74 -1535.25 -88.9 0.3392 0.3537 0.3736 0
9 -600.78 -1541.23 -90.5 0.0546 0.0915 0.0461 0
9 -600.89 -1556.89 -89.6 0.021 0.043 0.0231 0
4 -600.9 -1563.38 -90.7 0.0546 0.0915 0.0461 0
5 -600.88 -1576.93 -89.8 0.0023 0.0037 0.0055 0
12 -553.07 -1603.05 179 0.7012 0.687 0.6388 1
5 -459.77 -1603.81 181.1 0.0242 0.0697 0.1975 0
4 -466.73 -1603.99 180.4 0.0546 0.0915 0.0461 0
7 -473.5 -1603.83 180.6 0.4045 0.4259 0.4479 0
4 -479.84 -1603.97 179.9 0.2047 0.259 0.2801 0
6 -493.2 -1603.98 179.8 0.4591 0.4045 0.2801 0
6 -535.21 -1603.95 179.2 0.0546 0.0915 0.0461 0
4 -541.86 -1603.97 180.1 0.0546 0.0915 0.0461 0
8 -562.28 -1603.95 180.9 0.0658 0.0385 0.021 0
8 -569.14 -1603.85 179.7 0.3345 0.2801 0.1801 0
8 -576.09 -1603.97 179.6 0.259 0.0097 0.0097 0
4 -583.32 -1603.85 180.5 0.4591 0.4045 0.2801 0
8 -439.2 -1584.89 90.6 0.4591 0.4045 0.2801 0
6 -439.25 -1569.71 90.1 0.0029 0.0033 0.0041 0
7 -439.12 -1561.31 90.9 0.482 0.4936 0.5054 0
4 -439.15 -1554.52 90.1 0.1011 0.0029 0.0046 0
6 -439.22 -1541.39 90.8 0.0399 0.0546 0.0781 0
9 -420.87 -1552.96 -89.7 0.148 0.2428 0.3587 0
0 -420.75 -1567.08 -90.4 0.9158 0.4045 0 0
4 -420.77 -1573.33 -89.6 0.259 0.0097 0.0097 0
6 -420.77 -1579.5 -91 0.0029 0.0033 0.0041 0
12 -305.73 -1597.15 178.7 0.5924 0.5924 0.5795 1
1 -369.61 -1596.45 180.1 0.9158 0.4045 0 1
7 -274.65 -1596.12 179.3 0.0023 0.0037 0.0055 0
7 -287.63 -1596.01 179.9 0.3392 0.3537 0.3736 0
5 -294.1 -1596.07 180.8 0.2047 0.259 0.2801 0
7 -315.39 -1596.04 180.1 0.1542 0.1636 0.1768 0
4 -322.51 -1596.08 179.7 0.259 0.0097 0.0097 0
5 -329.89 -1596.16 179.8 0.0072 0.0189 0.0658 0
1 -336.06 -1596.15 179 0.9158 0.4045 0 0
6 -343.4 -1596.06 181 0.0546 0.0915 0.0461 0
4 -351.37 -1596.16 179.6 0.0072 0.0189 0.0658 0
2 -357.42 -1596.05 181.1 0.9158 0.4045 0 0
4 -363.34 -1596.02 180.6 0.632 0.632 0.5989 0
9 -382.27 -1596.09 179.6 0.0014 0.0023 0.0037 0
10 -389.57 -1596.04 180.3 0.259 0.0097 0.0097 0
4 -398.16 -1596.07 181 0.0892 0.0963 0.1062 0
9 -404.28 -1596.15 180.4 0.001 0.001 0.0012 0
8 -240.83 -1535.36 -89.4 0.482 0.4936 0.5054 0
5 -240.75 -1541.35 -90.5 0.0017 0.0017 0.002 0
4 -240.87 -1549.55 -90.4 0.1573 0.0066 0.0066 0
6 -240.86 -1556.46 -89.2 0.0029 0.0033 0.0041 0
11 -240.88 -1563.73 -90.4 0.68 0.68 0.6524 0
8 -240.81 -1570.94 -89 0.4591 0.4045 0.2801 0
4 -240.86 -1579.07 -90.7 0.0041 0.0041 0.005 0
1 241.15 -1577.96 90 0.9158 0.4045 0 1
13 241.2 -1548.61 90.6 0.7818 0.7818 0.7519 0
6 240.85 -1585.84 90 0.001 0.001 0.0012 0
4 240.82 -1570.08 91.1 0.3392 0.3537 0.3736 0
6 240.72 -1562.26 89 0.1573 0.0066 0.0066 0
12 333.81 -1603.05 178.9 0.68 0.68 0.6524 1
1 321.99 -1603.55 179.8 0.9158 0.4045 0 1
8 401.25 -1603.88 179.3 0.001 0.001 0.0012 0
6 394.82 -1603.92 180.2 0.001 0.001 0.0012 0
12 387.14 -1603.94 179.5 0.68 0.68 0.6524 0
6 378.11 -1603.83 180.2 0.1542 0.1636 0.1768 0
10 353.2 -1603.9 180.1 0.4045 0.4259 0.4479 0
10 343.57 -1603.94 179.1 0.4045 0.4259 0.4479 0
8 313.02 -1603.91 180.7 0.0546 0.06 0.0677 0
4 306 -1603.97 180.1 0.1542 0.1636 0.1768 0
4 298.03 -1603.95 180.1 0.3345 0.2801 0.1801 0
6 290.14 -1603.88 180.4 0.0029 0.0033 0.0041 0
9 282 -1603.85 181 0.0014 0.0023 0.0037 0
8 274.38 -1603.85 181.1 0.0189 0.022 0.029 0
12 294.54 -1597.15 180.4 0.7012 0.687 0.6388 1
8 400.06 -1596.03 180.8 0.0029 0.0033 0.0041 0
0 393.02 -1596.1 179.4 0.9158 0.4045 0 0
5 385.32 -1596.15 179 0.7667 0.7667 0.7445 0
5 379.11 -1596.06 180.9 0.148 0.2428 0.3587 0
5 372.47 -1596.2 179 0.1542 0.1636 0.1768 0
7 366.53 -1596.08 179 0.021 0.043 0.0231 0
7 359.93 -1596.14 179.2 0.0658 0.0385 0.021 0
5 353.04 -1596.2 180.4 0.0119 0.0385 0.1247 0
5 346.87 -1596.18 180.6 0.0658 0.0385 0.021 0
6 339.83 -1596.15 180.1 0.0017 0.0017 0.0023 0
8 333.78 -1596.15 180.8 0.148 0.2428 0.3587 0
4 327.23 -1596.16 179.8 0.4045 0.4259 0.4479 0
6 312.71 -1596.1 181 0.1011 0.0029 0.0046 0
10 305.19 -1596.19 180.6 0.0546 0.0915 0.0461 0
12 281.7 -1596.01 179.8 0.632 0.6121 0.5605 0
8 587.42 -1603.97 180.2 0.001 0.001 0.0012 0
8 573.45 -1603.88 180.5 0.0892 0.0963 0.1062 0
4 565.53 -1603.97 180.9 0.1011 0.0029 0.0046 0
6 559.01 -1603.92 180.5 0.0546 0.06 0.0677 0
4 551.91 -1603.89 180.6 0.148 0.2428 0.3587 0
4 545.43 -1603.9 178.9 0.0041 0.0041 0.005 0
7 530.51 -1603.9 179.2 0.1542 0.1636 0.1768 0
11 522.93 -1603.9 179.3 0.5924 0.5924 0.5795 0
4 515.41 -1603.87 179.1 0.0119 0.0385 0.1247 0
5 507.65 -1603.89 180.3 0.0546 0.06 0.0677 0
4 493.51 -1603.82 180.7 0.0658 0.0385 0.021 0
10 483.96 -1603.93 180.1 0.3392 0.3537 0.3736 0
5 469.11 -1603.96 179.9 0.4045 0.4259 0.4479 0
10 460.85 -1603.9 179.9 0.259 0.0097 0.0097 0
6 588.17 -1596.12 178.9 0.1011 0.0029 0.0046 0
4 581.13 -1596.05 179.6 0.0242 0.0697 0.1975 0
7 574.5 -1596.17 179.3 0.2047 0.259 0.2801 0
5 551.75 -1596.06 179 0.0041 0.0041 0.005 0
5 544.26 -1596.04 179.2 0.0242 0.0697 0.1975 0
10 529.33 -1596.17 179.4 0.259 0.0097 0.0097 0
9 520.6 -1596.09 179.5 0.0014 0.0023 0.0037 0
8 514.65 -1596.08 180.8 0.0017 0.0017 0.0023 0
9 507.77 -1596.08 179.8 0.0014 0.0023 0.0037 0
7 501.04 -1596.06 180.2 0.0242 0.0697 0.1975 0
5 476.48 -1596.08 179.2 0.0189 0.022 0.029 0
5 468.64 -1596.03 180.8 0.0892 0.0963 0.1062 0
6 461.98 -1596.17 179.9 0.0072 0.0189 0.0658 0
4 454.94 -1596.09 180.3 0.482 0.4936 0.5054 0
5 600.8 -1582.34 90 0.3392 0.3537 0.3736 0
9 600.72 -1575.5 89.3 0.0399 0.0546 0.0781 0
3 600.86 -1568.61 90.9 0.9158 0.4045 0 0
4 600.85 -1560.96 89.7 0.021 0.043 0.0231 0
7 600.82 -1554.38 90.9 0.1573 0.0066 0.0066 0
6 600.73 -1546.71 90.1 0.0658 0.0385 0.021 0
5 600.73 -1538.34 90.7 0.0023 0.0037 0.0055 0
6 -619.11 -1501.39 91.1 0.0546 0.0915 0.0461 0
11 -619.26 -1485.2 90.4 0.5924 0.5924 0.5795 0
9 -619.28 -1470.18 88.9 0.0189 0.022 0.029 0
8 -619.2 -1462.18 88.9 0.0399 0.0546 0.0781 0
12 -581.95 -1516.95 0.9 0.7012 0.687 0.6388 1
5 -572.29 -1516.06 -0.9 0.3392 0.3537 0.3736 0
9 -564.25 -1516.15 -0.5 0.021 0.043 0.0231 0
12 -556.97 -1516.02 -0.5 0.7012 0.687 0.6388 0
4 -547.17 -1516.07 0.8 0.0017 0.0017 0.002 0
4 -540.84 -1516.15 1.1 0.0119 0.0385 0.1247 0
9 -501.56 -1516.09 0.8 0.001 0.001 0.0012 0
5 -494.91 -1516 0.4 0.1573 0.0066 0.0066 0
4 -487.34 -1516.16 0.9 0.0072 0.0078 0.0097 0
2 -480.15 -1516.18 0 0.9158 0.4045 0 0
8 -472.52 -1516.06 0.2 0.0189 0.022 0.029 0
1 -457.31 -1516.16 -1.1 0.9158 0.4045 0 0
7 -439.22 -1505.28 89.9 0.0399 0.0546 0.0781 0
9 -439.12 -1497.6 90.8 0.0029 0.0033 0.0041 0
5 -439.1 -1482.23 91 0.7969 0.7742 0.7083 0
4 -439.15 -1467.2 89.1 0.148 0.2428 0.3587 0
0 -439.21 -1459.95 88.9 0.9158 0.4045 0 0
12 -421.85 -1479.41 -89 0.632 0.6121 0.5605 1
5 -420.74 -1452.92 -89.5 0.632 0.632 0.5989 0
9 -420.77 -1458.9 -90.6 0.021 0.043 0.0231 0
5 -420.73 -1465.57 -89.3 0.2047 0.259 0.2801 0
6 -420.71 -1471.82 -90.6 0.0658 0.0385 0.021 0
9 -420.87 -1501.46 -89.7 0.0029 0.0033 0.0041 0
2 -401.74 -1516.45 0.6 0.9158 0.4045 0 1
9 -392.04 -1516.07 -1 0.001 0.001 0.0012 0
4 -377.41 -1516.05 -0.1 0.4591 0.4045 0.2801 0
9 -369.69 -1516.18 -0.8 0.0029 0.0033 0.0041 0
10 -362.07 -1516.1 0.2 0.7667 0.7667 0.7445 0
6 -354.58 -1516.18 -1.1 0.0014 0.0023 0.0037 0
7 -346.78 -1516.06 0.6 0.632 0.632 0.5989 0
1 -339.87 -1516.04 -1.1 0.9158 0.4045 0 0
7 -332.49 -1516.15 0.6 0.0072 0.0078 0.0097 0
9 -316.63 -1516.14 0.4 0.2047 0.259 0.2801 0
5 -309.68 -1516.14 0.2 0.0119 0.0385 0.1247 0
7 -302.22 -1516.15 0.8 0.259 0.0097 0.0097 0
4 -296.33 -1516.16 0.7 0.3392 0.3537 0.3736 0
8 -289.3 -1516.02 0.1 0.0072 0.0189 0.0658 0
7 -283.17 -1516.01 0.1 0.0072 0.0189 0.0658 0
7 -275.29 -1516.04 -1 0.0892 0.0963 0.1062 0
12 -348.15 -1522.85 1.1 0.7012 0.687 0.6388 1
7 -409.45 -1523.89 0.5 0.1542 0.1636 0.1768 0
1 -402.74 -1523.93 0.2 0.9158 0.4045 0 0
8 -395.7 -1523.91 0.2 0.0546 0.0915 0.0461 0
10 -386.98 -1523.87 0.5 0.7667 0.7667 0.7445 0
8 -378.5 -1523.99 0.2 0.0658 0.0385 0.021 0
10 -363.06 -1523.85 -0.6 0.6941 0.6941 0.6661 0
6 -356.59 -1523.96 0.9 0.0017 0.0017 0.0023 0
12 -318.61 -1523.89 -0.4 0.68 0.68 0.6524 0
6 -308.32 -1523.87 -1 0.2047 0.259 0.2801 0
4 -300.41 -1523.81 0.8 0.1542 0.1636 0.1768 0
10 -292.02 -1523.99 -0.8 0.148 0.2428 0.3587 0
9 -283.68 -1523.81 -1.1 0.0014 0.0023 0.0037 0
4 -277.41 -1523.88 0.8 0.259 0.0097 0.0097 0
2 -241.15 -1456.43 -88.6 0.9158 0.4045 0 1
4 -240.9 -1466.42 -90.8 0.0892 0.0963 0.1062 0
4 -240.82 -1474.04 -89.6 0.148 0.2428 0.3587 0
8 -240.88 -1480.22 -89.8 0.4591 0.4045 0.2801 0
4 -240.81 -1486.99 -90.1 0.0072 0.0078 0.0097 0
1 -240.89 -1493.66 -90.4 0.9158 0.4045 0 0
4 -240.75 -1501.35 -89.4 0.2047 0.259 0.2801 0
12 241.85 -1491.49 89 0.7012 0.687 0.6388 1
6 240.81 -1504.53 91 0.0029 0.0033 0.0041 0
7 240.9 -1482.46 89.5 0.1011 0.0029 0.0046 0
11 240.87 -1474.58 91 0.68 0.68 0.6524 0
9 285.8 -1516.18 1 0.001 0.001 0.0012 0
7 293.98 -1516.1 0.5 0.6941 0.6941 0.6661 0
9 314.64 -1516.11 1 0.2047 0.259 0.2801 0
6 321.17 -1516.06 0.5 0.001 0.001 0.0012 0
7 334.4 -1516.06 -0.5 0.7667 0.7667 0.7445 0
5 341.13 -1516.15 -0.1 0.1011 0.0029 0.0046 0
6 348.08 -1516.14 -0.6 0.0017 0.0017 0.0023 0
1 354.31 -1516.01 -0.6 0.9158 0.4045 0 0
5 360.39 -1516.09 -0.4 0.021 0.043 0.0231 0
6 368.53 -1516.19 -0.1 0.0546 0.0915 0.0461 0
6 376.09 -1516.14 -0.1 0.001 0.001 0.0012 0
8 383.51 -1516.18 -0.4 0.1542 0.1636 0.1768 0
9 391.03 -1516.16 0.5 0.0014 0.0023 0.0037 0
8 403.93 -1516.2 0.3 0.0029 0.0033 0.0041 0
9 452.05 -1523.9 1.1 0.0029 0.0033 0.0041 0
5 459.1 -1523.94 -0.9 0.482 0.4936 0.5054 0
6 473.92 -1523.83 1.1 0.0017 0.0017 0.0023 0
5 480.81 -1523.99 -0.7 0.3392 0.3537 0.3736 0
6 486.77 -1523.96 0.3 0.0017 0.0017 0.0023 0
4 492.74 -1523.98 0.9 0.0017 0.0017 0.002 0
4 500.62 -1523.99 -0.9 0.4591 0.4045 0.2801 0
4 515.01 -1523.83 1.1 0.3345 0.2801 0.1801 0
4 522.33 -1523.93 0.9 0.0399 0.0546 0.0781 0
9 528.53 -1523.94 0.1 0.2047 0.259 0.2801 0
6 534.73 -1523.99 -0.9 0.0014 0.0023 0.0037 0
11 542.08 -1523.98 0.6 0.68 0.68 0.6524 0
7 549.29 -1523.99 0.8 0.1542 0.1636 0.1768 0
3 557.65 -1523.87 -1.1 0.9158 0.4045 0 0
5 569.69 -1523.89 0.6 0.0242 0.0697 0.1975 0
8 577.19 -1523.86 0.9 0.1542 0.1636 0.1768 0
8 583.84 -1523.89 1.1 0.2047 0.259 0.2801 0
12 601.85 -1472.07 90.4 0.5924 0.5924 0.5795 1
13 601.2 -1466.75 90.6 0.7818 0.7818 0.7519 0
7 600.76 -1502.46 89.4 0.0658 0.0385 0.021 0
8 600.79 -1494.59 90.6 0.482 0.4936 0.5054 0
8 600.72 -1486.18 89.3 0.0189 0.022 0.029 0
4 600.89 -1480.22 91.1 0.1573 0.0066 0.0066 0
12 600.77 -1455.79 90 0.68 0.68 0.6524 0
1 -619.16 -1414.59 90.4 0.9158 0.4045 0 0
6 -619.12 -1398.28 89.2 0.3345 0.2801 0.1801 0
10 -619.19 -1383.41 89 0.0892 0.0963 0.1062 0
12 -601.85 -1389.73 -89.2 0.5924 0.5924 0.5795 1
8 -600.7 -1377.32 -88.9 0.021 0.043 0.0231 0
9 -600.74 -1398.44 -89.9 0.0399 0.0546 0.0781 0
4 -600.85 -1405 -90.6 0.1573 0.0066 0.0066 0
6 -600.73 -1413.14 -91 0.0546 0.0915 0.0461 0
4 -600.78 -1419.07 -91.1 0.0546 0.06 0.0677 0
1 -454.86 -1442.49 180.9 0.9158 0.4045 0 0
6 -462.59 -1442.46 179.6 0.0029 0.0033 0.0041 0
7 -468.93 -1442.43 180.7 0.0017 0.0017 0.002 0
9 -483.12 -1442.49 179.3 0.0029 0.0033 0.0041 0
6 -489.98 -1442.56 181.1 0.0072 0.0189 0.0658 0
4 -497.47 -1442.46 179.5 0.6941 0.6941 0.6661 0
4 -505.11 -1442.42 180.1 0.2047 0.259 0.2801 0
5 -544.03 -1442.48 179.5 0.1542 0.1636 0.1768 0
4 -551.85 -1442.47 178.9 0.2047 0.259 0.2801 0
1 -566.17 -1442.53 180.7 0.9158 0.4045 0 0
4 -572.36 -1442.48 179.1 0.482 0.4936 0.5054 0
12 -579.63 -1442.52 180.8 0.68 0.68 0.6524 0
3 -421.15 -1404.06 -89.4 0.3297 0.4313 0.0697 1
7 -420.81 -1384.8 -89 0.0546 0.06 0.0677 0
6 -420.86 -1418.93 -91 0.021 0.043 0.0231 0
6 -274.95 -1442.5 179.7 0.0017 0.0017 0.0023 0
4 -282.98 -1442.43 180 0.021 0.043 0.0231 0
8 -290.02 -1442.56 179.2 0.0029 0.0033 0.0041 0
9 -296.84 -1442.44 179.1 0.0017 0.0017 0.0023 0
11 -304.62 -1442.53 181.1 0.7012 0.687 0.6388 0
12 -313.5 -1442.48 179.1 0.5924 0.5924 0.5795 0
8 -323.9 -1442.46 180.6 0.1011 0.0029 0.0046 0
8 -330.1 -1442.48 180.4 0.2047 0.259 0.2801 0
9 -336.43 -1442.5 179 0.001 0.001 0.0012 0
4 -343.82 -1442.55 181 0.0119 0.0385 0.1247 0
5 -351.77 -1442.59 179.9 0.0189 0.022 0.029 0
5 -360.02 -1442.51 181 0.148 0.2428 0.3587 0
0 -367.76 -1442.49 179.8 0.9158 0.4045 0 0
9 -374.54 -1442.46 180.7 0.0014 0.0023 0.0037 0
4 -380.72 -1442.6 179.4 0.0892 0.0963 0.1062 0
6 -386.85 -1442.41 180.1 0.001 0.001 0.0012 0
9 -393.2 -1442.49 181 0.001 0.001 0.0012 0
8 -399.83 -1442.55 179.4 0.001 0.001 0.0012 0
4 -240.76 -1392.6 -90.7 0.0189 0.022 0.029 0
12 -240.73 -1401.46 -90.6 0.632 0.6121 0.5605 0
1 241.15 -1411.21 89 0.9158 0.4045 0 1
9 240.81 -1423.17 90.7 0.0658 0.0385 0.021 0
2 240.78 -1393.7 90.2 0.9158 0.4045 0 0
7 240.89 -1385.73 90.5 0.0119 0.0385 0.1247 0
6 240.77 -1379.42 90.3 0.0242 0.0697 0.1975 0
2 258.85 -1417.04 -90.5 0.9158 0.4045 0 1
10 259.26 -1391.6 -90.5 0.2047 0.259 0.2801 0
5 259.14 -1398.93 -90.3 0.7969 0.7742 0.7083 0
7 259.13 -1406.44 -89.9 0.0242 0.0697 0.1975 0
5 407.6 -1442.43 179.6 0.3392 0.3537 0.3736 0
6 401.36 -1442.54 179.6 0.0017 0.0017 0.0023 0
8 394.01 -1442.57 180.7 0.4591 0.4045 0.2801 0
7 387.9 -1442.42 179.7 0.6941 0.6941 0.6661 0
7 381.03 -1442.51 180.8 0.1542 0.1636 0.1768 0
6 366.91 -1442.45 178.9 0.1573 0.0066 0.0066 0
7 359.45 -1442.57 179.1 0.1542 0.1636 0.1768 0
11 350.2 -1442.57 180.1 0.7012 0.687 0.6388 0
9 335.35 -1442.4 179.8 0.001 0.001 0.0012 0
8 328.99 -1442.52 180.1 0.021 0.043 0.0231 0
11 313.86 -1442.42 179.8 0.632 0.6121 0.5605 0
9 305.52 -1442.44 180.7 0.2047 0.259 0.2801 0
4 290.47 -1442.43 179.9 0.259 0.0097 0.0097 0
5 585.4 -1442.48 179.1 0.1573 0.0066 0.0066 0
5 571.5 -1442.58 180.5 0.4591 0.4045 0.2801 0
4 564.43 -1442.59 179.7 0.0546 0.06 0.0677 0
4 557.16 -1442.55 179.7 0.0017 0.0017 0.002 0
6 549.68 -1442.58 180 0.0017 0.0017 0.0023 0
7 541.45 -1442.59 179.8 0.0658 0.0385 0.021 0
4 534.21 -1442.48 179.5 0.0023 0.0037 0.0055 0
8 526.53 -1442.42 181 0.0242 0.0697 0.1975 0
7 519.45 -1442.57 179.4 0.021 0.043 0.0231 0
5 512.85 -1442.54 179.8 0.0072 0.0189 0.0658 0
4 506.93 -1442.46 180.5 0.0399 0.0546 0.0781 0
4 499.29 -1442.48 180.6 0.0399 0.0546 0.0781 0
10 491.35 -1442.52 179.8 0.0242 0.0697 0.1975 0
7 483.78 -1442.4 179.3 0.2047 0.259 0.2801 0
10 474.59 -1442.6 179.5 0.0072 0.0189 0.0658 0
4 466.11 -1442.4 180.7 0.4591 0.4045 0.2801 0
8 459.51 -1442.41 179.3 0.2758 0.2932 0.3112 0
9 453.41 -1442.57 180.4 0.0189 0.022 0.029 0
4 600.76 -1425 89.1 0.0041 0.0041 0.005 0
10 600.84 -1417.35 90.2 0.6941 0.6941 0.6661 0
6 600.88 -1400.83 90.4 0.021 0.043 0.0231 0
10 600.84 -1383.61 90.4 0.4591 0.4045 0.2801 0
6 -619.14 -1339.28 90.3 0.0014 0.0023 0.0037 0
4 -619.3 -1332.37 91 0.3345 0.2801 0.1801 0
8 -619.2 -1325.6 91 0.0119 0.0385 0.1247 0
10 -619.13 -1318.12 91 0.0892 0.0963 0.1062 0
10 -619.27 -1301.48 90.7 0.0017 0.0017 0.002 0
13 -601.2 -1333.2 -90.8 0.7818 0.7818 0.7519 0
8 -600.84 -1295.67 -90.6 0.001 0.001 0.0012 0
2 -600.73 -1302.78 -89.8 0.9158 0.4045 0 0
4 -600.78 -1308.99 -91 0.1542 0.1636 0.1768 0
5 -600.87 -1315.73 -90.3 0.1573 0.0066 0.0066 0
4 -600.82 -1321.85 -90.8 0.4045 0.4259 0.4479 0
12 -483.67 -1356.95 -0.5 0.5924 0.5924 0.5795 1
12 -576.73 -1356.03 0.8 0.5924 0.5924 0.5795 0
1 -568.1 -1356.08 -0.8 0.9158 0.4045 0 0
12 -560.53 -1356.02 -0.4 0.5924 0.5924 0.5795 0
4 -550.9 -1356.1 1 0.1573 0.0066 0.0066 0
8 -500.51 -1356.12 -0.6 0.0014 0.0023 0.0037 0
9 -470.31 -1356.03 -1 0.2047 0.259 0.2801 0
6 -463.61 -1356.14 0.8 0.0029 0.0033 0.0041 0
2 -456.57 -1356.13 0.5 0.9158 0.4045 0 0
12 -472.45 -1362.85 -0.3 0.5924 0.5924 0.5795 1
8 -586.01 -1363.88 -0.7 0.0017 0.0017 0.0023 0
10 -578.22 -1363.82 -0.4 0.6941 0.6941 0.6661 0
8 -571.08 -1363.88 0.4 0.0072 0.0189 0.0658 0
5 -563.88 -1363.89 -0.1 0.2758 0.2932 0.3112 0
8 -557.54 -1363.95 1 0.1542 0.1636 0.1768 0
4 -551.54 -1363.83 0.9 0.0017 0.0017 0.002 0
7 -536.9 -1363.93 0.2 0.0658 0.0385 0.021 0
5 -503.84 -1363.97 -0.4 0.0658 0.0385 0.021 0
11 -488.48 -1363.91 -0.3 0.5924 0.5924 0.5795 0
5 -480.73 -1363.98 0.7 0.0023 0.0037 0.0055 0
6 -465.05 -1363.85 0.8 0.0892 0.0963 0.1062 0
1 -438.85 -1309.43 90.5 0.9158 0.4045 0 1
13 -438.8 -1306.02 91.4 0.7818 0.7818 0.7519 0
1 -439.15 -1344.18 90.6 0.9158 0.4045 0 0
4 -439.23 -1329.84 89.5 0.0658 0.0385 0.021 0
4 -439.25 -1322.27 89.7 0.0072 0.0078 0.0097 0
12 -421.85 -1323.4 -88.6 0.632 0.6121 0.5605 1
13 -421.2 -1330.48 -89.4 0.7818 0.7818 0.7519 0
5 -420.85 -1298.24 -88.9 0.0546 0.06 0.0677 0
4 -420.79 -1340.74 -90.1 0.0242 0.0697 0.1975 0
2 -397.81 -1356.45 -0.5 0.9158 0.4045 0 1
6 -385.9 -1356.08 -0.3 0.0017 0.0017 0.0023 0
2 -378.59 -1356.05 -0.5 0.9158 0.4045 0 0
9 -371.21 -1356.11 0.4 0.0029 0.0033 0.0041 0
8 -363.68 -1356.06 1 0.0017 0.0017 0.0023 0
7 -357.29 -1356.19 0.4 0.0399 0.0546 0.0781 0
6 -343.21 -1356.02 0.9 0.021 0.043 0.0231 0
6 -336.13 -1356.08 0.2 0.1011 0.0029 0.0046 0
4 -315.03 -1356.01 -0.7 0.021 0.043 0.0231 0
5 -308.19 -1356.16 -0.2 0.259 0.0097 0.0097 0
4 -289.71 -1356 1 0.0399 0.0546 0.0781 0
5 -275.17 -1356.14 0.8 0.148 0.2428 0.3587 0
2 -241.15 -1312.6 -90.9 0.9158 0.4045 0 1
11 -240.89 -1296.95 -90.4 0.68 0.68 0.6524 0
7 -240.72 -1304.77 -89.2 0.0023 0.0037 0.0055 0
7 -240.85 -1324.32 -90.3 0.6941 0.6941 0.6661 0
10 -240.74 -1333.67 -90.2 0.0546 0.06 0.0677 0
13 241.2 -1303.79 89.9 0.7818 0.7818 0.7519 0
4 240.74 -1343.68 90.2 0.3345 0.2801 0.1801 0
6 240.75 -1336.86 89.1 0.1011 0.0029 0.0046 0
9 240.72 -1329.75 90.1 0.021 0.043 0.0231 0
8 240.88 -1322.36 90.8 0.3392 0.3537 0.3736 0
10 240.73 -1314.43 90.1 0.1573 0.0066 0.0066 0
4 259.18 -1298.7 -89.1 0.7667 0.7667 0.7445 0
5 259.13 -1306.22 -90.5 0.1573 0.0066 0.0066 0
9 259.25 -1313.74 -90.4 0.4591 0.4045 0.2801 0
9 259.3 -1321.58 -90.1 0.0546 0.0915 0.0461 0
6 259.26 -1329.11 -90.3 0.0014 0.0023 0.0037 0
7 259.13 -1335.93 -90.1 0.4045 0.4259 0.4479 0
1 275.04 -1356.45 0.2 0.9158 0.4045 0 1
6 285.44 -1356.08 0.3 0.0029 0.0033 0.0041 0
5 291.72 -1356.14 0.9 0.7969 0.7742 0.7083 0
4 299.12 -1356.09 0.7 0.0119 0.0385 0.1247 0
6 306.57 -1356.17 0.2 0.148 0.2428 0.3587 0
5 314.45 -1356.05 -0.1 0.0041 0.0041 0.005 0
10 322.14 -1356.1 0.3 0.7667 0.7667 0.7445 0
6 329.07 -1356.04 -0.8 0.0014 0.0023 0.0037 0
5 335.88 -1356.01 0.2 0.7969 0.7742 0.7083 0
8 343.2 -1356.13 -0.3 0.001 0.001 0.0012 0
4 350.28 -1356.15 0 0.148 0.2428 0.3587 0
5 370.75 -1356.05 -0.4 0.1011 0.0029 0.0046 0
6 378.05 -1356.11 -0.5 0.0029 0.0033 0.0041 0
7 385.56 -1356.03 0.6 0.4045 0.4259 0.4479 0
5 393.08 -1356.04 1.1 0.1542 0.1636 0.1768 0
7 399.5 -1356.02 1 0.7667 0.7667 0.7445 0
1 336.21 -1363.55 0.5 0.9158 0.4045 0 1
11 273.11 -1363.86 0.3 0.632 0.6121 0.5605 0
5 280.56 -1363.87 -0.3 0.482 0.4936 0.5054 0
7 287.56 -1363.87 -0.7 0.482 0.4936 0.5054 0
3 293.91 -1363.97 -0.6 0.3297 0.4313 0.0697 0
10 301.61 -1363.82 -0.7 0.0242 0.0697 0.1975 0
4 316.5 -1363.97 -0.4 0.1011 0.0029 0.0046 0
10 323.75 -1363.98 -0.9 0.0041 0.0041 0.005 0
5 346.11 -1363.91 -0.5 0.0017 0.0017 0.002 0
5 353.08 -1363.97 0.1 0.0023 0.0037 0.0055 0
9 359.26 -1363.87 -1.1 0.0017 0.0017 0.0023 0
10 366.6 -1363.87 1.1 0.3345 0.2801 0.1801 0
2 374.6 -1363.84 -1.1 0.9158 0.4045 0 0
7 380.52 -1363.89 -0.1 0.482 0.4936 0.5054 0
8 394.01 -1363.93 0.3 0.021 0.043 0.0231 0
4 400.31 -1363.96 0.1 0.0546 0.06 0.0677 0
1 483.55 -1356.45 -0.2 0.9158 0.4045 0 1
6 454.12 -1356.02 -0.2 0.001 0.001 0.0012 0
4 461.19 -1356.18 0.9 0.6941 0.6941 0.6661 0
3 467.85 -1356.07 -0.4 0.3297 0.4313 0.0697 0
2 475.77 -1356.12 0.6 0.9158 0.4045 0 0
12 497.95 -1356.09 0.9 0.632 0.6121 0.5605 0
1 507.53 -1356.15 0.8 0.9158 0.4045 0 0
4 515.03 -1356.15 -1 0.632 0.632 0.5989 0
4 521.55 -1356.05 -0.7 0.7969 0.7742 0.7083 0
6 537.72 -1356.19 0.8 0.148 0.2428 0.3587 0
8 545.22 -1356.04 0.5 0.0014 0.0023 0.0037 0
9 551.8 -1356.02 0.1 0.001 0.001 0.0012 0
6 558.34 -1356.11 0 0.0119 0.0385 0.1247 0
4 566.09 -1356 -0.7 0.0892 0.0963 0.1062 0
1 574.17 -1356.01 0.6 0.9158 0.4045 0 0
4 581.78 -1356.06 0.3 0.4591 0.4045 0.2801 0
5 451.83 -1364 -0.9 0.0017 0.0017 0.002 0
9 459.47 -1363.89 -0.9 0.0029 0.0033 0.0041 0
12 481.6 -1364 -0.6 0.5924 0.5924 0.5795 0
8 497.88 -1363.92 -0.6 0.482 0.4936 0.5054 0
8 505.12 -1363.93 0.6 0.2047 0.259 0.2801 0
8 511.74 -1363.94 0 0.2047 0.259 0.2801 0
4 519.34 -1363.93 0.3 0.0189 0.022 0.029 0
9 527.11 -1363.94 -0.9 0.001 0.001 0.0012 0
7 542.59 -1363.97 -0.8 0.0546 0.0915 0.0461 0
8 556.59 -1363.96 0.3 0.021 0.043 0.0231 0
9 564.13 -1363.97 0 0.148 0.2428 0.3587 0
5 579.14 -1363.93 -0.2 0.632 0.632 0.5989 0
4 585.68 -1363.94 0.1 0.0072 0.0189 0.0658 0
2 601.15 -1331.29 90.7 0.9158 0.4045 0 1
4 600.77 -1342.48 89.2 0.3345 0.2801 0.1801 0
4 600.89 -1323.18 90.3 0.7667 0.7667 0.7445 0
5 600.86 -1315.17 89.5 0.482 0.4936 0.5054 0
8 600.71 -1307.06 90.5 0.0029 0.0033 0.0041 0
4 600.83 -1299.97 90.9 0.259 0.0097 0.0097 0
6 -619.24 -1248.32 90.2 0.0017 0.0017 0.0023 0
10 -619.12 -1241.04 90.4 0.7667 0.7667 0.7445 0
8 -619.18 -1232.32 89 0.148 0.2428 0.3587 0
1 -619.22 -1225.39 88.9 0.9158 0.4045 0 0
4 -600.79 -1226.2 -89.3 0.1573 0.0066 0.0066 0
9 -600.82 -1232.37 -89.1 0.0658 0.0385 0.021 0
11 -600.8 -1241.21 -89.1 0.5924 0.5924 0.5795 0
4 -600.89 -1256.02 -89.5 0.0892 0.0963 0.1062 0
4 -454.33 -1276.12 180.1 0.6941 0.6941 0.6661 0
6 -462.68 -1276.02 178.9 0.0546 0.0915 0.0461 0
4 -470.14 -1276.14 180.6 0.482 0.4936 0.5054 0
9 -477.68 -1276.09 181 0.0017 0.0017 0.0023 0
4 -484.58 -1276.1 181 0.0189 0.022 0.029 0
4 -529.1 -1276.12 178.9 0.482 0.4936 0.5054 0
7 -536.68 -1276.15 179.1 0.0892 0.0963 0.1062 0
9 -544.58 -1276.2 181 0.0017 0.0017 0.0023 0
4 -551.89 -1276 180.1 0.6941 0.6941 0.6661 0
4 -560.21 -1276.18 179.7 0.3345 0.2801 0.1801 0
4 -567.33 -1276.05 180.3 0.1542 0.1636 0.1768 0
10 -574.85 -1276.17 179.2 0.632 0.632 0.5989 0
12 -438.15 -1251.93 89.3 0.68 0.68 0.6524 1
6 -439.19 -1264.73 89.6 0.001 0.001 0.0012 0
6 -439.19 -1242.76 90.1 0.0017 0.0017 0.0023 0
4 -439.16 -1228.9 90.5 0.0072 0.0189 0.0658 0
6 -439.19 -1222.28 89.1 0.259 0.0097 0.0097 0
8 -420.82 -1218.16 -91 0.0546 0.0915 0.0461 0
7 -420.8 -1224.72 -89.2 0.1542 0.1636 0.1768 0
5 -420.72 -1239.21 -90.6 0.4045 0.4259 0.4479 0
6 -420.77 -1245.92 -88.9 0.0242 0.0697 0.1975 0
6 -420.85 -1258.52 -90.3 0.1573 0.0066 0.0066 0
12 -365.7 -1283.05 179.5 0.5924 0.5924 0.5795 1
5 -273.12 -1283.87 178.9 0.148 0.2428 0.3587 0
1 -286.88 -1283.96 180.5 0.9158 0.4045 0 0
5 -294.84 -1283.93 179.7 0.021 0.043 0.0231 0
7 -301.87 -1283.92 181 0.0119 0.0385 0.1247 0
5 -307.93 -1283.93 180.9 0.0017 0.0017 0.002 0
5 -315.25 -1283.84 180.9 0.3392 0.3537 0.3736 0
8 -323.25 -1283.92 179.4 0.001 0.001 0.0012 0
7 -331.42 -1283.91 180.8 0.6941 0.6941 0.6661 0
6 -345.48 -1283.86 179.6 0.2047 0.259 0.2801 0
7 -351.62 -1283.9 179.8 0.632 0.632 0.5989 0
7 -378.33 -1283.81 179.3 0.3392 0.3537 0.3736 0
4 -385.59 -1283.87 180.8 0.6941 0.6941 0.6661 0
4 -393.84 -1283.87 180.2 0.0072 0.0189 0.0658 0
1 -373.3 -1276.45 180.3 0.9158 0.4045 0 1
7 -279.14 -1276.19 180.9 0.7667 0.7667 0.7445 0
8 -285.38 -1276.2 180.1 0.0017 0.0017 0.0023 0
8 -292.27 -1276.13 178.9 0.0189 0.022 0.029 0
6 -298.54 -1276.09 179.5 0.1542 0.1636 0.1768 0
4 -306.56 -1276.13 179.9 0.0041 0.0041 0.005 0
4 -327.65 -1276.08 181.1 0.148 0.2428 0.3587 0
0 -335.75 -1276.19 181 0.9158 0.4045 0 0
5 -342.82 -1276.19 180.3 0.3392 0.3537 0.3736 0
4 -349.83 -1276.13 178.9 0.0072 0.0078 0.0097 0
9 -357.36 -1276 180.7 0.001 0.001 0.0012 0
9 -385.99 -1276.16 179.8 0.0017 0.0017 0.0023 0
0 -393.52 -1276.08 179.8 0.9158 0.4045 0 0
7 -399.71 -1276.05 179.5 0.7667 0.7667 0.7445 0
2 -241.15 -1245.21 -90 0.9158 0.4045 0 1
9 -240.87 -1226.04 -90.6 0.0014 0.0023 0.0037 0
7 -240.83 -1232.69 -90.1 0.0072 0.0189 0.0658 0
12 -240.73 -1262.55 -89.2 0.5924 0.5924 0.5795 0
13 241.2 -1226.98 88.8 0.7818 0.7818 0.7519 0
6 240.71 -1261.75 90.5 0.4591 0.4045 0.2801 0
4 240.75 -1254.42 91.1 0.4045 0.4259 0.4479 0
2 258.85 -1239.53 -90.4 0.9158 0.4045 0 1
8 259.14 -1218.5 -90 0.0658 0.0385 0.021 0
8 259.23 -1224.7 -90.2 0.3392 0.3537 0.3736 0
9 259.27 -1251.24 -89.3 0.3345 0.2801 0.1801 0
9 259.21 -1258.71 -90.8 0.0017 0.0017 0.0023 0
4 406.83 -1283.91 179.3 0.0546 0.06 0.0677 0
9 399.29 -1283.85 180.8 0.001 0.001 0.0012 0
9 391.49 -1283.99 180.4 0.001 0.001 0.0012 0
12 384.17 -1283.96 180.5 0.632 0.6121 0.5605 0
9 367.7 -1283.94 179.6 0.001 0.001 0.0012 0
6 345.06 -1283.92 179.6 0.0242 0.0697 0.1975 0
5 337.87 -1283.96 181 0.148 0.2428 0.3587 0
4 329.49 -1283.9 180.1 0.259 0.0097 0.0097 0
4 321.85 -1283.95 179.9 0.1573 0.0066 0.0066 0
6 315.21 -1283.96 179.2 0.0029 0.0033 0.0041 0
6 307.5 -1283.82 180.4 0.148 0.2428 0.3587 0
11 300.29 -1283.95 180.9 0.632 0.6121 0.5605 0
4 292.24 -1283.95 181 0.0119 0.0385 0.1247 0
12 335.88 -1277.15 178.9 0.7012 0.687 0.6388 1
1 384.16 -1276.45 181.1 0.9158 0.4045 0 1
3 407.92 -1276.08 180.2 0.9158 0.4045 0 0
8 399.86 -1276.03 180.7 0.0029 0.0033 0.0041 0
9 394.01 -1276.1 180.4 0.001 0.001 0.0012 0
9 373.88 -1276.1 180.3 0.0189 0.022 0.029 0
9 366.36 -1276.04 180.6 0.0014 0.0023 0.0037 0
10 359.24 -1276.13 179.9 0.259 0.0097 0.0097 0
4 344.17 -1276.17 179.1 0.1011 0.0029 0.0046 0
4 323.95 -1276.02 181.1 0.021 0.043 0.0231 0
4 317.78 -1276.12 179 0.021 0.043 0.0231 0
5 310.64 -1276.1 179.1 0.0119 0.0385 0.1247 0
6 304 -1276.1 179.1 0.0014 0.0023 0.0037 0
6 297.45 -1276.07 180.7 0.0658 0.0385 0.021 0
6 290.96 -1276.15 179.7 0.0029 0.0033 0.0041 0
9 283.14 -1276.01 180.6 0.0399 0.0546 0.0781 0
4 274.91 -1276.04 179.5 0.632 0.632 0.5989 0
3 579.17 -1276.45 180.7 0.3297 0.4313 0.0697 1
8 589 -1276.08 180.1 0.2047 0.259 0.2801 0
9 567.19 -1276.12 179.1 0.0189 0.022 0.029 0
9 550.98 -1276.2 179.6 0.2047 0.259 0.2801 0
5 543.56 -1276.19 180.5 0.0119 0.0385 0.1247 0
1 537.34 -1276.02 179.1 0.9158 0.4045 0 0
6 530.72 -1276.17 180.1 0.0029 0.0033 0.0041 0
6 522.99 -1276.14 181 0.0029 0.0033 0.0041 0
7 508.48 -1276.19 180.2 0.632 0.632 0.5989 0
10 499.83 -1276.08 180.1 0.6941 0.6941 0.6661 0
8 491.41 -1276.09 180.5 0.1573 0.0066 0.0066 0
4 484.01 -1276.04 179.1 0.0658 0.0385 0.021 0
8 476.64 -1276.16 180.9 0.0017 0.0017 0.0023 0
9 468.7 -1276.16 179.6 0.0029 0.0033 0.0041 0
9 461.02 -1276.12 180.5 0.0017 0.0017 0.0023 0
4 454.68 -1276.13 181.1 0.4591 0.4045 0.2801 0
13 601.2 -1227.81 89.9 0.7818 0.7818 0.7519 0
7 600.89 -1254.63 90 0.021 0.043 0.0231 0
8 600.8 -1246.82 90.5 0.1573 0.0066 0.0066 0
8 600.86 -1239.17 91.1 0.1011 0.0029 0.0046 0
12 -618.15 -1177.5 90.1 0.632 0.6121 0.5605 1
2 -618.85 -1169.63 89.4 0.9158 0.4045 0 1
1 -619.19 -1161.39 88.9 0.9158 0.4045 0 0
5 -619.15 -1154.57 89.7 0.0023 0.0037 0.0055 0
7 -619.11 -1148.47 90 0.0023 0.0037 0.0055 0
1 -619.12 -1140.82 89.4 0.9158 0.4045 0 0
1 -601.15 -1140.79 -88.8 0.9158 0.4045 0 1
7 -600.71 -1150.65 -90.2 0.148 0.2428 0.3587 0
4 -600.74 -1158.15 -90.5 0.0041 0.0041 0.005 0
6 -600.8 -1171.33 -90.2 0.4591 0.4045 0.2801 0
3 -600.8 -1177.27 -90.2 0.9158 0.4045 0 0
2 -589.51 -1192.24 -0.8 0.9158 0.4045 0 0
9 -583.34 -1192.12 0.9 0.4591 0.4045 0.2801 0
6 -569.1 -1192.23 -0.9 0.0546 0.0915 0.0461 0
6 -561.86 -1192.29 -0.1 0.0017 0.0017 0.0023 0
8 -555.95 -1192.25 0.4 0.0014 0.0023 0.0037 0
8 -549.65 -1192.12 0.6 0.021 0.043 0.0231 0
4 -543.1 -1192.17 0.1 0.2758 0.2932 0.3112 0
9 -535.26 -1192.11 -1 0.0029 0.0033 0.0041 0
7 -527.21 -1192.16 -0.1 0.4591 0.4045 0.2801 0
4 -520.5 -1192.28 0.5 0.4591 0.4045 0.2801 0
9 -470.93 -1192.27 -0.8 0.4591 0.4045 0.2801 0
4 -458.3 -1192.1 -0.3 0.0189 0.022 0.029 0
9 -450.9 -1207.72 180.8 0.0014 0.0023 0.0037 0
8 -464.94 -1207.85 180 0.0119 0.0385 0.1247 0
6 -507.9 -1207.73 180.1 0.3345 0.2801 0.1801 0
5 -515.58 -1207.86 180.8 0.4591 0.4045 0.2801 0
4 -522.52 -1207.87 178.9 0.0546 0.0915 0.0461 0
4 -528.69 -1207.7 180.2 0.0189 0.022 0.029 0
9 -535.49 -1207.83 180.1 0.0017 0.0017 0.0023 0
7 -550.13 -1207.73 180.9 0.0892 0.0963 0.1062 0
5 -556.62 -1207.7 180.4 0.3345 0.2801 0.1801 0
6 -563.16 -1207.8 179.9 0.0014 0.0023 0.0037 0
9 -571.08 -1207.83 179.8 0.001 0.001 0.0012 0
11 -579.88 -1207.86 179 0.632 0.6121 0.5605 0
9 -439.28 -1175.29 89.3 0.0017 0.0017 0.0023 0
4 -439.16 -1167.03 90.8 0.6941 0.6941 0.6661 0
7 -439.28 -1160.69 89 0.3345 0.2801 0.1801 0
6 -439.17 -1146.12 88.9 0.001 0.001 0.0012 0
2 -439.11 -1139.96 90.8 0.9158 0.4045 0 0
12 -372.18 -1192.65 -0.7 0.68 0.68 0.6524 1
13 -285.95 -1192.45 -0.8 0.7818 0.7818 0.7519 0
3 -389.61 -1192.12 -0.6 0.9158 0.4045 0 0
7 -339.88 -1192.27 0.5 0.4591 0.4045 0.2801 0
7 -333.37 -1192.29 -0.7 0.0023 0.0037 0.0055 0
8 -325.61 -1192.29 -1.1 0.0242 0.0697 0.1975 0
7 -317.86 -1192.11 -0.7 0.7667 0.7667 0.7445 0
8 -310.34 -1192.21 0.7 0.0119 0.0385 0.1247 0
1 -280.84 -1207.74 180.8 0.9158 0.4045 0 0
4 -289 -1207.79 179.6 0.148 0.2428 0.3587 0
1 -297.02 -1207.72 179.4 0.9158 0.4045 0 0
8 -305.1 -1207.84 179 0.0892 0.0963 0.1062 0
0 -312 -1207.84 181.1 0.9158 0.4045 0 0
7 -318.23 -1207.85 180.6 0.0072 0.0078 0.0097 0
6 -325.88 -1207.75 179.5 0.0072 0.0189 0.0658 0
2 -333.42 -1207.89 180.4 0.9158 0.4045 0 0
9 -340.17 -1207.88 180.2 0.148 0.2428 0.3587 0
1 -348.39 -1207.9 180.3 0.9158 0.4045 0 0
9 -356.28 -1207.78 178.9 0.3345 0.2801 0.1801 0
4 -371.32 -1207.75 179.6 0.259 0.0097 0.0097 0
1 -386.19 -1207.74 179.3 0.9158 0.4045 0 0
6 -392.68 -1207.79 180.1 0.0399 0.0546 0.0781 0
8 -398.56 -1207.72 180.1 0.0189 0.022 0.029 0
3 -406.16 -1207.73 179 0.9158 0.4045 0 0
12 -241.85 -1155.33 -89.1 0.68 0.68 0.6524 1
8 -240.8 -1136.54 -89.6 0.0029 0.0033 0.0041 0
4 -240.77 -1144.23 -89.7 0.0017 0.0017 0.002 0
10 -240.73 -1174.57 -90.1 0.259 0.0097 0.0097 0
12 241.85 -1177.34 90.5 0.7012 0.687 0.6388 1
4 240.8 -1157.75 89 0.3345 0.2801 0.1801 0
8 240.73 -1144.1 89.4 0.0014 0.0023 0.0037 0
5 240.75 -1138.27 90.7 0.2047 0.259 0.2801 0
1 258.85 -1165.38 -89.2 0.9158 0.4045 0 1
8 259.1 -1155.55 -90 0.0546 0.06 0.0677 0
3 259.16 -1175.97 -89.4 0.9158 0.4045 0 0
1 328.3 -1207.45 180 0.9158 0.4045 0 1
7 397.86 -1207.8 180 0.0399 0.0546 0.0781 0
8 390.66 -1207.86 179.3 0.0017 0.0017 0.0023 0
8 384.64 -1207.73 179.8 0.0029 0.0033 0.0041 0
8 371.14 -1207.81 180.3 0.148 0.2428 0.3587 0
8 363.8 -1207.71 179.4 0.021 0.043 0.0231 0
4 336.89 -1207.86 179 0.0017 0.0017 0.002 0
4 321.82 -1207.78 180 0.0658 0.0385 0.021 0
7 315.48 -1207.76 179.4 0.7969 0.7742 0.7083 0
7 308.92 -1207.74 181 0.0041 0.0041 0.005 0
5 301.36 -1207.72 178.9 0.0658 0.0385 0.021 0
11 285.42 -1207.73 179.5 0.5924 0.5924 0.5795 0
6 278.96 -1207.81 180.5 0.0189 0.022 0.029 0
10 460.52 -1192.11 1.1 0.7667 0.7667 0.7445 0
4 476.27 -1192.21 0 0.1573 0.0066 0.0066 0
4 498.37 -1192.12 -0.1 0.2758 0.2932 0.3112 0
8 505.07 -1192.16 0.3 0.2758 0.2932 0.3112 0
6 512.62 -1192.15 0.7 0.148 0.2428 0.3587 0
1 527.14 -1192.13 0.8 0.9158 0.4045 0 0
2 533.29 -1192.29 -0.1 0.9158 0.4045 0 0
9 539.19 -1192.14 -0.5 0.021 0.043 0.0231 0
8 546.52 -1192.14 -0.2 0.4591 0.4045 0.2801 0
6 554.35 -1192.18 -1.1 0.4591 0.4045 0.2801 0
4 560.71 -1192.26 0.8 0.632 0.632 0.5989 0
4 568.58 -1192.21 -0.3 0.0072 0.0189 0.0658 0
7 574.53 -1192.29 -0.4 0.0072 0.0078 0.0097 0
5 582.13 -1192.21 0.9 0.0658 0.0385 0.021 0
8 585.12 -1207.87 180.8 0.001 0.001 0.0012 0
6 577.05 -1207.84 179.7 0.0892 0.0963 0.1062 0
8 570.92 -1207.79 180.4 0.001 0.001 0.0012 0
12 561.99 -1207.8 180.5 0.632 0.6121 0.5605 0
5 551.86 -1207.78 179.9 0.7969 0.7742 0.7083 0
4 544.74 -1207.84 179.4 0.0072 0.0189 0.0658 0
9 538.03 -1207.81 180.9 0.001 0.001 0.0012 0
9 531.33 -1207.87 180.9 0.0189 0.022 0.029 0
9 524.93 -1207.78 179.6 0.001 0.001 0.0012 0
7 517.98 -1207.81 181.1 0.0399 0.0546 0.0781 0
8 511.55 -1207.79 180.9 0.3392 0.3537 0.3736 0
0 503.92 -1207.73 178.9 0.9158 0.4045 0 0
7 491.1 -1207.78 179.4 0.3345 0.2801 0.1801 0
10 473.73 -1207.75 179 0.0072 0.0078 0.0097 0
9 465.35 -1207.88 179.6 0.0029 0.0033 0.0041 0
4 459.4 -1207.83 179.8 0.7667 0.7667 0.7445 0
6 453.24 -1207.84 180.3 0.0014 0.0023 0.0037 0
8 600.78 -1179.38 89.8 0.259 0.0097 0.0097 0
7 600.8 -1172.42 90.5 0.1542 0.1636 0.1768 0
7 600.87 -1164.58 90 0.6941 0.6941 0.6661 0
8 600.79 -1156.93 89.4 0.2047 0.259 0.2801 0
6 600.81 -1148.88 89.8 0.0119 0.0385 0.1247 0
1 -601.15 -1082.58 -89.1 0.9158 0.4045 0 1
10 -600.84 -1093.93 -90.7 0.0119 0.0385 0.1247 0
5 -600.72 -1101.79 -89.7 0.1573 0.0066 0.0066 0
0 -454.69 -1123.89 180.7 0.9158 0.4045 0 0
6 -461.73 -1123.97 179.7 0.0658 0.0385 0.021 0
6 -498.42 -1123.94 179.2 0.0658 0.0385 0.021 0
6 -504.98 -1123.89 179.4 0.0029 0.0033 0.0041 0
10 -514.02 -1123.9 178.9 0.0023 0.0037 0.0055 0
7 -521.02 -1123.95 180.1 0.2047 0.259 0.2801 0
8 -527.51 -1123.8 179.5 0.3392 0.3537 0.3736 0
9 -533.48 -1123.82 179.3 0.001 0.001 0.0012 0
4 -548.71 -1123.84 180.8 0.1542 0.1636 0.1768 0
7 -555.74 -1123.81 179.9 0.482 0.4936 0.5054 0
3 -563.22 -1123.94 180.9 0.9158 0.4045 0 0
5 -569.54 -1123.9 180.2 0.0546 0.06 0.0677 0
4 -576.19 -1123.94 180.2 0.3392 0.3537 0.3736 0
9 -582.47 -1123.9 180.3 0.0399 0.0546 0.0781 0
9 -459.87 -1116.03 179.6 0.0029 0.0033 0.0041 0
6 -494.69 -1116.08 179.5 0.1011 0.0029 0.0046 0
5 -514.01 -1116.12 181.1 0.0119 0.0385 0.1247 0
8 -521.13 -1116.13 179.4 0.1542 0.1636 0.1768 0
8 -528.55 -1116.15 180.4 0.0029 0.0033 0.0041 0
4 -535.83 -1116.19 180.3 0.3392 0.3537 0.3736 0
5 -543.59 -1116.18 179.7 0.2758 0.2932 0.3112 0
12 -551.28 -1116.1 179.6 0.5924 0.5924 0.5795 0
12 -569.03 -1116.16 180.5 0.5924 0.5924 0.5795 0
9 -578.04 -1116.14 179.7 0.001 0.001 0.0012 0
0 -585 -1116.14 179.1 0.9158 0.4045 0 0
8 -439.19 -1102.44 90.1 0.0399 0.0546 0.0781 0
3 -439.3 -1094.88 90.6 0.3297 0.4313 0.0697 0
5 -439.29 -1087.38 90.5 0.2758 0.2932 0.3112 0
4 -439.15 -1081.02 91 0.2758 0.2932 0.3112 0
5 -439.18 -1074.19 90.9 0.0658 0.0385 0.021 0
4 -439.2 -1060.31 90.8 0.1011 0.0029 0.0046 0
3 -421.15 -1092.47 -88.7 0.9158 0.4045 0 1
2 -420.88 -1065.5 -89.8 0.9158 0.4045 0 0
8 -420.9 -1071.62 -89.7 0.1011 0.0029 0.0046 0
1 -420.78 -1078.71 -89.8 0.9158 0.4045 0 0
9 -420.89 -1085.4 -90.3 0.0017 0.0017 0.0023 0
1 -420.83 -1100.11 -91.1 0.9158 0.4045 0 0
12 -323.92 -1123.05 179.1 0.68 0.68 0.6524 1
6 -271.23 -1123.83 179 0.001 0.001 0.0012 0
9 -279.05 -1123.81 179.8 0.001 0.001 0.0012 0
10 -288.37 -1123.81 181.1 0.2047 0.259 0.2801 0
6 -294.77 -1123.84 179.6 0.0658 0.0385 0.021 0
1 -308.41 -1123.92 179.5 0.9158 0.4045 0 0
10 -336.64 -1124 180.1 0.3392 0.3537 0.3736 0
1 -344.53 -1123.93 179.3 0.9158 0.4045 0 0
3 -350.9 -1123.85 179 0.3297 0.4313 0.0697 0
4 -385.09 -1123.93 180.3 0.0399 0.0546 0.0781 0
7 -392.28 -1123.91 180.2 0.632 0.632 0.5989 0
6 -400.26 -1123.9 179.6 0.3345 0.2801 0.1801 0
5 -272.78 -1116.14 179.6 0.4045 0.4259 0.4479 0
4 -286.92 -1116.14 179.6 0.2758 0.2932 0.3112 0
4 -294.78 -1116.08 180.2 0.0023 0.0037 0.0055 0
4 -301.68 -1116.09 179.6 0.3345 0.2801 0.1801 0
4 -308.53 -1116.05 179.4 0.3345 0.2801 0.1801 0
4 -315.07 -1116.18 179.4 0.2047 0.259 0.2801 0
12 -324.34 -1116.11 179.2 0.7012 0.687 0.6388 0
7 -342.01 -1116.18 181 0.0017 0.0017 0.002 0
7 -349.71 -1116.12 179.9 0.0658 0.0385 0.021 0
4 -356.99 -1116.12 179.4 0.0658 0.0385 0.021 0
4 -370.79 -1116.2 179.5 0.0399 0.0546 0.0781 0
4 -400.6 -1116.11 180.4 0.0399 0.0546 0.0781 0
4 -240.86 -1071.9 -89.9 0.3345 0.2801 0.1801 0
2 -240.74 -1079.35 -90.5 0.9158 0.4045 0 0
10 -240.77 -1088.46 -90.4 0.0072 0.0189 0.0658 0
10 -240.71 -1097.22 -90.9 0.632 0.632 0.5989 0
12 258.15 -1078.87 -90.2 0.68 0.68 0.6524 1
2 258.85 -1059.36 -89.6 0.9158 0.4045 0 1
6 259.29 -1066.1 -91 0.0242 0.0697 0.1975 0
5 259.12 -1094.57 -89.5 0.0546 0.06 0.0677 0
1 407.03 -1123.95 179.3 0.9158 0.4045 0 0
7 400.74 -1123.95 179.4 0.0189 0.022 0.029 0
9 393.81 -1123.96 179.3 0.0014 0.0023 0.0037 0
6 387.55 -1123.9 180 0.0017 0.0017 0.0023 0
8 374.5 -1123.86 180.1 0.2758 0.2932 0.3112 0
9 366.85 -1123.92 181.1 0.0017 0.0017 0.0023 0
5 360.76 -1123.98 179.5 0.0242 0.0697 0.1975 0
6 354.04 -1123.9 179.1 0.2047 0.259 0.2801 0
12 339.86 -1123.99 181.1 0.68 0.68 0.6524 0
5 331.31 -1123.8 180.2 0.2047 0.259 0.2801 0
5 316.07 -1123.97 179.3 0.0041 0.0041 0.005 0
4 310.03 -1123.96 181.1 0.1542 0.1636 0.1768 0
6 303.87 -1123.83 178.9 0.0658 0.0385 0.021 0
8 289.07 -1123.82 179.8 0.2047 0.259 0.2801 0
4 276.29 -1123.89 179.7 0.7969 0.7742 0.7083 0
12 395.03 -1117.15 180.5 0.68 0.68 0.6524 1
5 406.86 -1116.11 179 0.0023 0.0037 0.0055 0
6 385.71 -1116.02 179.3 0.3345 0.2801 0.1801 0
4 371.2 -1116.08 180.4 0.4045 0.4259 0.4479 0
8 363.54 -1116.14 181.1 0.3392 0.3537 0.3736 0
6 355.44 -1116.09 179.2 0.0658 0.0385 0.021 0
4 347.66 -1116.13 180.6 0.3345 0.2801 0.1801 0
6 341.18 -1116.19 179.1 0.0014 0.0023 0.0037 0
5 333.89 -1116.11 179 0.0892 0.0963 0.1062 0
8 326.92 -1116.01 180 0.0658 0.0385 0.021 0
4 320.48 -1116.1 179.4 0.632 0.632 0.5989 0
8 313.53 -1116.09 179 0.001 0.001 0.0012 0
7 306.95 -1116.16 179.2 0.0546 0.0915 0.0461 0
9 299.33 -1116.08 180.8 0.0029 0.0033 0.0041 0
5 292.71 -1116.01 180.7 0.2047 0.259 0.2801 0
5 286.14 -1116.13 180.6 0.482 0.4936 0.5054 0
6 279.96 -1116.08 180.9 0.3345 0.2801 0.1801 0
12 584.19 -1123.05 180.8 0.7012 0.687 0.6388 1
8 570.06 -1123.85 179.8 0.0017 0.0017 0.0023 0
9 563.14 -1124 179.8 0.001 0.001 0.0012 0
7 555.46 -1123.92 180.9 0.148 0.2428 0.3587 0
2 549.19 -1123.84 179.4 0.9158 0.4045 0 0
5 542.69 -1123.94 179.5 0.0041 0.0041 0.005 0
4 535.24 -1123.92 181.1 0.0242 0.0697 0.1975 0
10 526.15 -1123.96 181 0.7969 0.7742 0.7083 0
5 503.13 -1123.84 181 0.0399 0.0546 0.0781 0
1 495.22 -1123.93 179.6 0.9158 0.4045 0 0
7 487 -1123.95 180 0.259 0.0097 0.0097 0
8 473.9 -1123.9 179.1 0.0119 0.0385 0.1247 0
8 466.35 -1123.86 179.9 0.0242 0.0697 0.1975 0
5 459.97 -1123.97 179.9 0.632 0.632 0.5989 0
12 560.63 -1117.15 180.1 0.632 0.6121 0.5605 1
0 582.02 -1116.12 180.2 0.9158 0.4045 0 0
9 576.17 -1116.14 179.5 0.0017 0.0017 0.0023 0
9 569.75 -1116.12 180.2 0.4591 0.4045 0.2801 0
5 550.9 -1116.04 180.6 0.0658 0.0385 0.021 0
9 544.03 -1116.19 180.4 0.148 0.2428 0.3587 0
12 536.76 -1116 180.6 0.5924 0.5924 0.5795 0
8 526.64 -1116.18 179.4 0.0242 0.0697 0.1975 0
4 511.65 -1116.14 179.1 0.0023 0.0037 0.0055 0
7 505.76 -1116.12 179.7 0.1011 0.0029 0.0046 0
7 491.63 -1116.11 180.6 0.0892 0.0963 0.1062 0
7 484.42 -1116.16 180.4 0.0072 0.0189 0.0658 0
12 475.36 -1116 180.7 0.5924 0.5924 0.5795 0
7 465.82 -1116.13 180.1 0.0399 0.0546 0.0781 0
6 458.91 -1116.17 180.3 0.0029 0.0033 0.0041 0
5 600.84 -1103.23 89.8 0.0189 0.022 0.029 0
2 600.71 -1095.24 89.5 0.9158 0.4045 0 0
6 600.74 -1088.29 90.9 0.0546 0.0915 0.0461 0
5 600.86 -1082.08 90 0.259 0.0097 0.0097 0
5 600.83 -1066.98 89.6 0.0072 0.0078 0.0097 0
4 -619.18 -1011.56 89.1 0.3392 0.3537 0.3736 0
12 -601.85 -1014.02 -91 0.68 0.68 0.6524 1
9 -600.81 -977.24 -90.1 0.0658 0.0385 0.021 0
9 -600.79 -992.44 -89.3 0.0014 0.0023 0.0037 0
7 -600.83 -999.54 -90.1 0.4045 0.4259 0.4479 0
4 -577.98 -1036.02 0.8 0.7969 0.7742 0.7083 0
2 -563.14 -1036.02 -0.9 0.9158 0.4045 0 0
8 -557.13 -1036.13 0.9 0.021 0.043 0.0231 0
8 -549.95 -1036.15 -0.7 0.482 0.4936 0.5054 0
5 -543.04 -1036.07 0.6 0.632 0.632 0.5989 0
7 -535.06 -1036.14 0 0.0546 0.0915 0.0461 0
8 -528.74 -1036.1 0.4 0.0119 0.0385 0.1247 0
9 -521.01 -1036.1 1.1 0.0017 0.0017 0.0023 0
7 -513.03 -1036.09 0 0.021 0.043 0.0231 0
7 -505.58 -1036.06 -0.3 0.259 0.0097 0.0097 0
5 -491.29 -1036.16 0.2 0.0242 0.0697 0.1975 0
5 -483.9 -1036.13 -0.6 0.0072 0.0189 0.0658 0
2 -476 -1036.16 0.7 0.9158 0.4045 0 0
12 -568.62 -1042.85 1 0.5924 0.5924 0.5795 1
9 -588.73 -1043.93 0 0.0014 0.0023 0.0037 0
5 -581.85 -1043.95 -0.9 0.0399 0.0546 0.0781 0
11 -551.22 -1044 0.5 0.632 0.6121 0.5605 0
7 -543.72 -1043.99 -1 0.482 0.4936 0.5054 0
10 -534.59 -1043.97 1.1 0.0399 0.0546 0.0781 0
9 -527.66 -1043.89 -0.8 0.001 0.001 0.0012 0
4 -520.84 -1043.94 0.4 0.148 0.2428 0.3587 0
6 -506.81 -1043.8 -0.9 0.0119 0.0385 0.1247 0
4 -499.21 -1043.99 -0.5 0.0189 0.022 0.029 0
11 -475.7 -1043.86 0.9 0.5924 0.5924 0.5795 0
9 -439.23 -1021.76 90.5 0.0014 0.0023 0.0037 0
4 -420.85 -974.51 -90.2 0.482 0.4936 0.5054 0
7 -420.82 -981.66 -90.3 0.3345 0.2801 0.1801 0
6 -420.85 -988.77 -89.5 0.001 0.001 0.0012 0
8 -420.71 -994.96 -90.3 0.3345 0.2801 0.1801 0
9 -420.71 -1001.68 -89.9 0.2047 0.259 0.2801 0
7 -420.87 -1014.68 -89.2 0.148 0.2428 0.3587 0
0 -420.79 -1021.93 -89.7 0.9158 0.4045 0 0
9 -407.37 -1036.05 1.1 0.0189 0.022 0.029 0
4 -399.1 -1036.2 1 0.7667 0.7667 0.7445 0
8 -391.65 -1036.14 1 0.3345 0.2801 0.1801 0
7 -384.82 -1036.11 -0.1 0.1542 0.1636 0.1768 0
4 -377.12 -1036.11 0.3 0.021 0.043 0.0231 0
7 -369.16 -1036.19 0.6 0.0017 0.0017 0.002 0
9 -361.17 -1036.07 0.3 0.2047 0.259 0.2801 0
4 -354.67 -1036.05 -0.6 0.0023 0.0037 0.0055 0
9 -348.6 -1036.07 0.9 0.3345 0.2801 0.1801 0
9 -340.93 -1036.03 1 0.001 0.001 0.0012 0
6 -334.65 -1036.14 0.8 0.0017 0.0017 0.0023 0
6 -328.51 -1036.03 -0.4 0.3345 0.2801 0.1801 0
6 -321.68 -1036.12 -0.6 0.0892 0.0963 0.1062 0
6 -314.42 -1036.03 1.1 0.1573 0.0066 0.0066 0
6 -298.73 -1036.09 1.1 0.1011 0.0029 0.0046 0
11 -289.8 -1036.04 1.1 0.5924 0.5924 0.5795 0
2 -281.38 -1036.09 1 0.9158 0.4045 0 0
1 -274.26 -1036.13 0.4 0.9158 0.4045 0 0
12 -287.03 -1042.85 -1.4 0.7012 0.687 0.6388 1
1 -365.9 -1043.55 -0.7 0.9158 0.4045 0 1
4 -405.93 -1043.98 1.1 0.1542 0.1636 0.1768 0
8 -399.15 -1043.85 -0.2 0.1011 0.0029 0.0046 0
4 -392.13 -1043.87 -1 0.021 0.043 0.0231 0
4 -385 -1043.98 0.3 0.148 0.2428 0.3587 0
9 -377.81 -1043.98 -1 0.001 0.001 0.0012 0
5 -356.99 -1043.88 -0.7 0.0189 0.022 0.029 0
8 -350.12 -1043.86 1 0.4591 0.4045 0.2801 0
5 -342.12 -1043.96 -0.2 0.632 0.632 0.5989 0
4 -334.34 -1043.95 0.4 0.3392 0.3537 0.3736 0
6 -318.46 -1043.82 0.4 0.021 0.043 0.0231 0
10 -309.41 -1043.84 0.4 0.0546 0.0915 0.0461 0
8 -301.39 -1043.95 0.5 0.001 0.001 0.0012 0
8 -294.15 -1043.87 -0.7 0.0892 0.0963 0.1062 0
2 -241.15 -1010 -90.8 0.9158 0.4045 0 1
10 -240.86 -979.67 -89.4 0.148 0.2428 0.3587 0
11 -240.78 -996.42 -90.2 0.7012 0.687 0.6388 0
5 -240.73 -1019.53 -89.6 0.0658 0.0385 0.021 0
1 241.15 -996.35 90.6 0.9158 0.4045 0 1
4 240.86 -1022.17 90.1 0.4591 0.4045 0.2801 0
11 240.71 -1006.63 89.7 0.5924 0.5924 0.5795 0
5 240.75 -986.2 90.7 0.0041 0.0041 0.005 0
8 240.76 -978.18 88.9 0.1573 0.0066 0.0066 0
6 259.21 -978.03 -89.9 0.0014 0.0023 0.0037 0
3 259.11 -985.03 -89.4 0.9158 0.4045 0 0
5 259.22 -990.88 -89.7 0.0072 0.0078 0.0097 0
11 259.24 -1014.63 -90.5 0.68 0.68 0.6524 0
6 259.27 -1022.85 -90.2 0.001 0.001 0.0012 0
1 328.3 -1036.45 -0.6 0.9158 0.4045 0 1
5 270.73 -1036.15 -0.8 0.482 0.4936 0.5054 0
9 285.79 -1036.09 0 0.148 0.2428 0.3587 0
7 294.01 -1036.01 0.4 0.0399 0.0546 0.0781 0
5 299.84 -1036.17 0.1 0.148 0.2428 0.3587 0
1 307.26 -1036.07 0.2 0.9158 0.4045 0 0
7 313.65 -1036.07 -0.9 0.1011 0.0029 0.0046 0
9 319.86 -1036.14 -0.6 0.3345 0.2801 0.1801 0
8 349.38 -1036.12 0.9 0.2047 0.259 0.2801 0
5 378.04 -1036.03 0.2 0.3345 0.2801 0.1801 0
9 385.18 -1036.09 -0.8 0.0029 0.0033 0.0041 0
4 392 -1036.1 -0.9 0.0119 0.0385 0.1247 0
10 399.96 -1036.13 -0.2 0.1573 0.0066 0.0066 0
5 272.38 -1043.95 0.4 0.2047 0.259 0.2801 0
8 278.48 -1043.84 -0.3 0.3345 0.2801 0.1801 0
9 286 -1043.82 -0.1 0.0017 0.0017 0.0023 0
4 293.02 -1043.99 0.9 0.0023 0.0037 0.0055 0
7 299.42 -1043.87 1 0.0399 0.0546 0.0781 0
4 321.53 -1043.88 -0.7 0.482 0.4936 0.5054 0
8 329.71 -1043.84 0.3 0.0017 0.0017 0.0023 0
4 344.52 -1043.87 0.6 0.148 0.2428 0.3587 0
5 350.84 -1043.99 -0.1 0.259 0.0097 0.0097 0
6 363.04 -1043.91 0.8 0.3345 0.2801 0.1801 0
6 369.39 -1043.94 0.4 0.001 0.001 0.0012 0
12 377.9 -1043.96 -0.2 0.68 0.68 0.6524 0
8 387.23 -1043.92 0.1 0.2758 0.2932 0.3112 0
4 393.85 -1043.91 0 0.148 0.2428 0.3587 0
8 400.53 -1043.87 0.6 0.2758 0.2932 0.3112 0
8 406.98 -1043.91 -0.5 0.1011 0.0029 0.0046 0
3 559.77 -1043.55 -0.6 0.9158 0.4045 0 1
5 451.27 -1043.92 0 0.148 0.2428 0.3587 0
10 459.37 -1043.99 0.5 0.4045 0.4259 0.4479 0
4 466.64 -1043.86 -0.9 0.0041 0.0041 0.005 0
5 474.18 -1043.82 -0.8 0.4045 0.4259 0.4479 0
8 480.6 -1043.98 -0.5 0.001 0.001 0.0012 0
9 487.46 -1044 -0.9 0.0014 0.0023 0.0037 0
7 502.56 -1043.9 0.1 0.0072 0.0189 0.0658 0
4 509.85 -1043.92 0.6 0.259 0.0097 0.0097 0
12 518.79 -1043.86 -0.5 0.68 0.68 0.6524 0
6 542.05 -1043.81 1.1 0.0119 0.0385 0.1247 0
9 550.24 -1043.88 1.1 0.0029 0.0033 0.0041 0
6 583.5 -1043.92 -0.7 0.0029 0.0033 0.0041 0
2 -618.85 -936.84 89.4 0.9158 0.4045 0 1
13 -618.8 -903.1 89.3 0.7818 0.7818 0.7519 0
4 -619.18 -944.35 91.1 0.4045 0.4259 0.4479 0
7 -619.3 -928.68 90.6 0.632 0.632 0.5989 0
1 -601.15 -929.88 -89.2 0.9158 0.4045 0 1
4 -600.77 -912.8 -89.2 0.1542 0.1636 0.1768 0
2 -573.4 -956.45 180.4 0.9158 0.4045 0 1
6 -476.8 -956 179.5 0.0546 0.0915 0.0461 0
9 -491.5 -956.06 180.4 0.001 0.001 0.0012 0
7 -498.88 -956.07 181 0.0546 0.0915 0.0461 0
6 -505.89 -956.17 180.9 0.4591 0.4045 0.2801 0
6 -513 -956.06 179.5 0.001 0.001 0.0012 0
7 -527.78 -956.13 179.3 0.259 0.0097 0.0097 0
1 -535.7 -956.01 179.6 0.9158 0.4045 0 0
1 -541.64 -956.06 179.8 0.9158 0.4045 0 0
4 -547.67 -956.16 180 0.4045 0.4259 0.4479 0
6 -553.95 -956.09 180.7 0.001 0.001 0.0012 0
5 -562.08 -956.16 179.3 0.021 0.043 0.0231 0
8 -584.99 -956.06 180 0.0242 0.0697 0.1975 0
4 -420.89 -905.33 -89.7 0.4591 0.4045 0.2801 0
4 -420.74 -919.7 -89.2 0.0072 0.0189 0.0658 0
1 -420.76 -926.44 -90.4 0.9158 0.4045 0 0
9 -420.82 -933.87 -90.8 0.2047 0.259 0.2801 0
5 -420.84 -941.34 -89.1 0.4591 0.4045 0.2801 0
12 -379.03 -963.05 181.3 0.632 0.6121 0.5605 1
2 -382.02 -963.55 178.9 0.9158 0.4045 0 1
8 -271.76 -963.89 179.5 0.0546 0.06 0.0677 0
5 -279.91 -963.94 179 0.0023 0.0037 0.0055 0
6 -287.98 -963.97 180.3 0.0189 0.022 0.029 0
4 -295.41 -963.93 179.1 0.2047 0.259 0.2801 0
6 -302.28 -963.88 179.5 0.2047 0.259 0.2801 0
6 -308.53 -963.96 180.8 0.0017 0.0017 0.0023 0
4 -314.73 -963.83 179.2 0.0546 0.06 0.0677 0
6 -321.27 -963.98 180.5 0.001 0.001 0.0012 0
5 -336.91 -963.96 179.4 0.3392 0.3537 0.3736 0
6 -345.15 -963.92 178.9 0.0029 0.0033 0.0041 0
4 -359.34 -963.88 180.1 0.0017 0.0017 0.002 0
4 -365.71 -963.87 180.6 0.0546 0.0915 0.0461 0
8 -393.11 -963.95 181.1 0.4591 0.4045 0.2801 0
6 -400.68 -963.97 180.4 0.1011 0.0029 0.0046 0
2 -241.15 -925.24 -89.1 0.9158 0.4045 0 1
8 -240.8 -898.22 -89.2 0.482 0.4936 0.5054 0
4 -240.76 -906.02 -88.9 0.0399 0.0546 0.0781 0
7 -240.83 -913.76 -89.5 0.4591 0.4045 0.2801 0
9 -240.79 -935.69 -90.7 0.0014 0.0023 0.0037 0
10 -240.79 -943.89 -89.9 0.482 0.4936 0.5054 0
1 241.15 -909.5 89.3 0.9158 0.4045 0 1
13 241.2 -902.46 88.8 0.7818 0.7818 0.7519 0
1 240.87 -942.55 90.4 0.9158 0.4045 0 0
9 240.78 -920.95 89.2 0.0014 0.0023 0.0037 0
12 355.51 -963.05 180.2 0.5924 0.5924 0.5795 1
5 405.19 -963.96 180.5 0.2758 0.2932 0.3112 0
9 398.94 -963.89 179.9 0.0029 0.0033 0.0041 0
4 390.64 -963.94 179.1 0.259 0.0097 0.0097 0
6 383.1 -963.83 180.5 0.0014 0.0023 0.0037 0
8 375.13 -963.86 179.6 0.0546 0.06 0.0677 0
5 368.32 -963.82 178.9 0.0017 0.0017 0.002 0
7 347.61 -963.89 179.3 0.259 0.0097 0.0097 0
6 340.2 -963.82 180.7 0.0546 0.0915 0.0461 0
6 332.41 -963.82 180.2 0.0189 0.022 0.029 0
8 325.73 -963.94 179 0.3392 0.3537 0.3736 0
9 318.63 -963.88 180.9 0.0014 0.0023 0.0037 0
3 312.02 -963.94 179.2 0.9158 0.4045 0 0
9 304.86 -963.85 180.6 0.0014 0.0023 0.0037 0
6 297.5 -963.85 179.8 0.0029 0.0033 0.0041 0
11 288.91 -963.94 180.8 0.632 0.6121 0.5605 0
5 279.95 -963.82 180.7 0.0189 0.022 0.029 0
4 273.19 -963.9 180.9 0.0546 0.06 0.0677 0
1 389.69 -956.45 181.1 0.9158 0.4045 0 1
9 407.33 -956.19 179.8 0.0658 0.0385 0.021 0
8 401.23 -956.15 179.6 0.259 0.0097 0.0097 0
9 379.79 -956.03 180 0.0014 0.0023 0.0037 0
3 373.53 -956.04 178.9 0.3297 0.4313 0.0697 0
4 367.3 -956.13 179.2 0.0189 0.022 0.029 0
8 359.49 -956 180.5 0.0242 0.0697 0.1975 0
3 345.18 -956.15 179.9 0.3297 0.4313 0.0697 0
4 338.33 -956.03 179.9 0.1573 0.0066 0.0066 0
10 330.16 -956.06 179.9 0.2047 0.259 0.2801 0
1 321.98 -956.06 181.1 0.9158 0.4045 0 0
6 313.82 -956.15 179.8 0.1542 0.1636 0.1768 0
6 307.28 -956.05 179.2 0.0399 0.0546 0.0781 0
10 299.71 -956.14 179.7 0.1542 0.1636 0.1768 0
12 290.54 -956.11 179 0.5924 0.5924 0.5795 0
2 281.29 -956.09 180.4 0.9158 0.4045 0 0
5 273.98 -956.13 179.5 0.0017 0.0017 0.002 0
8 585.89 -963.93 181.1 0.001 0.001 0.0012 0
6 572.27 -963.95 179.7 0.148 0.2428 0.3587 0
4 557.06 -963.94 181.1 0.7969 0.7742 0.7083 0
8 550.97 -963.84 180.2 0.0014 0.0023 0.0037 0
4 542.79 -963.81 179.3 0.148 0.2428 0.3587 0
1 534.91 -963.85 180.1 0.9158 0.4045 0 0
7 526.88 -963.93 179.3 0.2047 0.259 0.2801 0
9 518.62 -963.98 179.6 0.0029 0.0033 0.0041 0
2 511.74 -963.83 180.5 0.9158 0.4045 0 0
9 504.58 -963.89 181.1 0.001 0.001 0.0012 0
0 498.3 -963.93 179.1 0.9158 0.4045 0 0
4 491.55 -963.99 180.6 0.0399 0.0546 0.0781 0
8 483.3 -963.87 180.4 0.0546 0.0915 0.0461 0
4 468.65 -963.95 180.4 0.4045 0.4259 0.4479 0
3 460.61 -963.97 179.6 0.9158 0.4045 0 0
6 454.28 -963.97 179.7 0.1011 0.0029 0.0046 0
12 585.07 -957.15 178.9 0.5924 0.5924 0.5795 1
4 577.62 -956.1 180.9 0.632 0.632 0.5989 0
4 569.72 -956.13 178.9 0.148 0.2428 0.3587 0
5 562.15 -956.15 181.1 0.1542 0.1636 0.1768 0
9 539.98 -956.07 179.6 0.001 0.001 0.0012 0
5 532.38 -956.11 180.4 0.1573 0.0066 0.0066 0
8 526.34 -956.15 180.4 0.1573 0.0066 0.0066 0
6 512.66 -956.01 180.7 0.0014 0.0023 0.0037 0
4 504.99 -956.07 180 0.4591 0.4045 0.2801 0
9 496.94 -956.09 181 0.0029 0.0033 0.0041 0
8 489.5 -956.11 179.6 0.1542 0.1636 0.1768 0
10 480.89 -956.18 179.2 0.4591 0.4045 0.2801 0
3 473.38 -956.17 181 0.9158 0.4045 0 0
8 466.11 -956.05 180.7 0.482 0.4936 0.5054 0
1 458.23 -956.08 180.8 0.9158 0.4045 0 0
7 600.85 -944.99 90.2 0.0658 0.0385 0.021 0
6 600.74 -902.78 90.8 0.1573 0.0066 0.0066 0
12 -601.85 -826.36 -88.7 0.5924 0.5924 0.5795 1
7 -600.75 -816.05 -90.6 0.1573 0.0066 0.0066 0
5 -600.78 -837.54 -89.1 0.3392 0.3537 0.3736 0
11 -600.77 -844.78 -90 0.5924 0.5924 0.5795 0
6 -600.77 -861.1 -90.6 0.148 0.2428 0.3587 0
3 -575.32 -876.45 0.3 0.9158 0.4045 0 1
6 -589.98 -876.03 -0.8 0.0072 0.0189 0.0658 0
7 -582.52 -876.1 0.9 0.0546 0.0915 0.0461 0
9 -554.99 -876.19 1.1 0.0189 0.022 0.029 0
0 -547.88 -876.02 1.1 0.9158 0.4045 0 0
12 -531.9 -876.15 0.6 0.7012 0.687 0.6388 0
4 -521.48 -876 0.2 0.7969 0.7742 0.7083 0
7 -513.53 -876.13 0.3 0.259 0.0097 0.0097 0
8 -507.5 -876.06 -0.3 0.0892 0.0963 0.1062 0
5 -499.73 -876.01 -0.7 0.0892 0.0963 0.1062 0
5 -493.45 -876.17 -0.2 0.0017 0.0017 0.002 0
8 -485.68 -876.04 -0.9 0.0546 0.0915 0.0461 0
10 -477.54 -876.15 -0.3 0.1573 0.0066 0.0066 0
4 -468.89 -876.12 1.1 0.0017 0.0017 0.002 0
1 -461.95 -876.18 0 0.9158 0.4045 0 0
12 -584.76 -883.91 0 0.5924 0.5924 0.5795 0
8 -574.22 -883.81 -0.9 0.3345 0.2801 0.1801 0
11 -566.28 -883.98 1.1 0.5924 0.5924 0.5795 0
5 -558.86 -883.87 -0.6 0.7667 0.7667 0.7445 0
4 -546.6 -883.84 0.2 0.148 0.2428 0.3587 0
9 -532.48 -883.95 0 0.3345 0.2801 0.1801 0
7 -524.25 -883.82 -0.8 0.0072 0.0189 0.0658 0
9 -518.3 -883.99 -0.8 0.0014 0.0023 0.0037 0
11 -509.41 -883.85 0.4 0.632 0.6121 0.5605 0
7 -500.97 -883.83 0.1 0.3392 0.3537 0.3736 0
4 -494 -883.94 -0.7 0.3345 0.2801 0.1801 0
4 -472.25 -883.85 0.1 0.7969 0.7742 0.7083 0
8 -464.3 -884 0.1 0.0658 0.0385 0.021 0
5 -457.64 -883.82 0.4 0.0119 0.0385 0.1247 0
1 -438.85 -857.49 89.8 0.9158 0.4045 0 1
4 -439.15 -842.62 90.3 0.148 0.2428 0.3587 0
8 -439.22 -835.16 89 0.001 0.001 0.0012 0
4 -439.27 -828.83 90.8 0.0119 0.0385 0.1247 0
4 -420.75 -818.94 -89.4 0.3392 0.3537 0.3736 0
8 -420.87 -825.71 -90.2 0.0029 0.0033 0.0041 0
5 -420.8 -833.3 -90.2 0.2047 0.259 0.2801 0
8 -408.73 -876.13 0.8 0.0072 0.0189 0.0658 0
6 -394.63 -876.03 0.5 0.2047 0.259 0.2801 0
4 -380.78 -876.13 -0.6 0.0072 0.0078 0.0097 0
7 -373.92 -876.08 0.2 0.0017 0.0017 0.002 0
12 -365.15 -876.15 -0.6 0.632 0.6121 0.5605 0
8 -355.5 -876.05 0.9 0.4591 0.4045 0.2801 0
4 -348.75 -876.05 -0.6 0.632 0.632 0.5989 0
7 -341.34 -876.01 -0.1 0.148 0.2428 0.3587 0
9 -334.98 -876 -0.6 0.0014 0.0023 0.0037 0
5 -326.65 -876.02 -1 0.2758 0.2932 0.3112 0
7 -320.58 -876.06 0.8 0.148 0.2428 0.3587 0
8 -312.86 -876.12 0.5 0.3392 0.3537 0.3736 0
6 -296.9 -876.04 0.3 0.0029 0.0033 0.0041 0
4 -290 -876.18 -0.4 0.0658 0.0385 0.021 0
1 -283.96 -876.05 -0.9 0.9158 0.4045 0 0
12 -241.85 -820.17 -89.8 0.5924 0.5924 0.5795 1
9 -240.82 -831.32 -90.2 0.0017 0.0017 0.0023 0
4 -240.85 -838.52 -90.9 0.0189 0.022 0.029 0
5 -240.8 -845.88 -90.5 0.482 0.4936 0.5054 0
4 -240.76 -860.27 -89.5 0.0242 0.0697 0.1975 0
12 241.85 -841.6 89.4 0.7012 0.687 0.6388 1
11 240.7 -861.59 89.9 0.68 0.68 0.6524 0
10 240.8 -853.64 90.5 0.0119 0.0385 0.1247 0
7 240.77 -828.75 90.8 0.021 0.043 0.0231 0
1 289.17 -876.45 -0.6 0.9158 0.4045 0 1
5 279.49 -876.08 -0.9 0.0072 0.0078 0.0097 0
4 297.87 -876.04 -0.1 0.2047 0.259 0.2801 0
6 305.3 -876.13 0.4 0.0189 0.022 0.029 0
6 311.54 -876.2 0.9 0.1011 0.0029 0.0046 0
4 325.82 -876.03 -0.3 0.0658 0.0385 0.021 0
9 332.29 -876.08 0 0.4591 0.4045 0.2801 0
8 340.26 -876.07 0 0.0119 0.0385 0.1247 0
1 347.93 -876.16 0.5 0.9158 0.4045 0 0
4 362.66 -876.13 1 0.0546 0.0915 0.0461 0
5 370.69 -876.02 0.8 0.632 0.632 0.5989 0
7 383.99 -876.11 -1 0.0189 0.022 0.029 0
9 390.84 -876.03 -0.9 0.0029 0.0033 0.0041 0
6 397.59 -876.09 0.9 0.0029 0.0033 0.0041 0
9 404.18 -876.16 0.5 0.2047 0.259 0.2801 0
4 278.37 -883.93 0.9 0.0119 0.0385 0.1247 0
4 285.64 -883.9 1.1 0.632 0.632 0.5989 0
1 292.5 -883.93 -0.2 0.9158 0.4045 0 0
6 300.31 -884 0.5 0.4591 0.4045 0.2801 0
1 306.5 -883.92 -0.4 0.9158 0.4045 0 0
7 313.74 -883.89 1.1 0.259 0.0097 0.0097 0
9 320.4 -883.89 -0.6 0.0014 0.0023 0.0037 0
5 327.3 -883.81 -0.3 0.632 0.632 0.5989 0
5 333.93 -883.92 0.6 0.0892 0.0963 0.1062 0
4 341.89 -883.95 0.5 0.632 0.632 0.5989 0
7 348.54 -883.81 0.7 0.2047 0.259 0.2801 0
8 356.14 -883.94 0.7 0.4591 0.4045 0.2801 0
10 364.53 -883.85 0.5 0.0072 0.0078 0.0097 0
4 372.57 -883.85 0.2 0.2047 0.259 0.2801 0
6 379.1 -883.92 0.1 0.0014 0.0023 0.0037 0
4 385.58 -883.85 -0.1 0.1542 0.1636 0.1768 0
8 393.59 -883.87 0.8 0.0014 0.0023 0.0037 0
1 483.09 -876.45 -0.2 0.9158 0.4045 0 1
6 452.46 -876.08 -0.7 0.0014 0.0023 0.0037 0
5 458.97 -876.14 -0.7 0.148 0.2428 0.3587 0
4 466.77 -876.18 -0.4 0.021 0.043 0.0231 0
3 495.05 -876.12 -0.5 0.3297 0.4313 0.0697 0
6 502.58 -876.11 -0.7 0.1542 0.1636 0.1768 0
9 510.8 -876.05 0.1 0.0189 0.022 0.029 0
11 518.64 -876 -0.2 0.632 0.6121 0.5605 0
9 526.73 -876.14 -1.1 0.0017 0.0017 0.0023 0
6 541.04 -876.16 0.4 0.2047 0.259 0.2801 0
4 548.05 -876.1 -0.3 0.0546 0.0915 0.0461 0
10 556.53 -876.12 -0.8 0.7667 0.7667 0.7445 0
5 563.07 -876.09 0.3 0.0119 0.0385 0.1247 0
6 570.19 -876.01 0.2 0.0546 0.06 0.0677 0
5 578.16 -876.09 -0.3 0.148 0.2428 0.3587 0
8 584.33 -876.05 -0.3 0.001 0.001 0.0012 0
12 531.49 -882.85 0.1 0.7012 0.687 0.6388 1
8 451.31 -883.9 0.5 0.0546 0.06 0.0677 0
2 458.25 -883.88 -1 0.9158 0.4045 0 0
5 473.09 -883.88 0.3 0.0023 0.0037 0.0055 0
6 481.05 -883.86 -0.9 0.148 0.2428 0.3587 0
11 489.69 -883.91 -0.8 0.68 0.68 0.6524 0
12 497.8 -883.96 0.8 0.632 0.6121 0.5605 0
11 509.46 -883.94 0.3 0.5924 0.5924 0.5795 0
5 516.52 -883.93 -0.9 0.1542 0.1636 0.1768 0
4 522.9 -883.82 0.5 0.482 0.4936 0.5054 0
6 549.79 -883.87 0 0.021 0.043 0.0231 0
5 562.21 -883.95 0 0.4591 0.4045 0.2801 0
0 569.74 -883.84 -0.2 0.9158 0.4045 0 0
4 576.59 -884 0.4 0.0546 0.0915 0.0461 0
7 584.5 -883.95 0.3 0.7969 0.7742 0.7083 0
2 -618.85 -762.79 89.3 0.9158 0.4045 0 1
6 -619.21 -776.95 90.5 0.3345 0.2801 0.1801 0
5 -619.11 -771.07 89.7 0.7667 0.7667 0.7445 0
6 -619.13 -751.31 90.2 0.0242 0.0697 0.1975 0
8 -619.24 -745.17 89.9 0.0029 0.0033 0.0041 0
4 -619.18 -738.73 91 0.482 0.4936 0.5054 0
1 -601.15 -753.22 -89.2 0.9158 0.4045 0 1
6 -600.75 -743.34 -89.6 0.0029 0.0033 0.0041 0
4 -600.73 -774.31 -89.4 0.0017 0.0017 0.002 0
5 -600.86 -782.1 -91 0.6941 0.6941 0.6661 0
2 -453.91 -803.97 180.4 0.9158 0.4045 0 0
4 -460.46 -803.92 180.5 0.0892 0.0963 0.1062 0
2 -474.81 -803.85 181.1 0.9158 0.4045 0 0
7 -481.2 -803.92 180.4 0.6941 0.6941 0.6661 0
6 -489.18 -803.89 180.8 0.148 0.2428 0.3587 0
9 -497.21 -803.99 179 0.021 0.043 0.0231 0
5 -503.58 -803.89 179.9 0.0189 0.022 0.029 0
5 -510.06 -803.91 179.9 0.0242 0.0697 0.1975 0
6 -517.34 -803.96 179.4 0.001 0.001 0.0012 0
6 -523.69 -803.94 179.1 0.0658 0.0385 0.021 0
4 -530.94 -803.83 179.7 0.021 0.043 0.0231 0
4 -538.64 -803.83 180.8 0.7969 0.7742 0.7083 0
9 -551.16 -803.82 180.5 0.0017 0.0017 0.0023 0
4 -559.13 -803.95 178.9 0.148 0.2428 0.3587 0
5 -566.2 -803.8 179.2 0.6941 0.6941 0.6661 0
4 -579.36 -803.81 179.8 0.0546 0.0915 0.0461 0
12 -505.76 -797.15 179.3 0.632 0.6121 0.5605 1
8 -465.76 -796.17 179.2 0.0119 0.0385 0.1247 0
8 -473.45 -796.13 179.2 0.0029 0.0033 0.0041 0
5 -481.02 -796.09 180.3 0.1542 0.1636 0.1768 0
7 -487.11 -796.11 180.7 0.0017 0.0017 0.002 0
7 -494.27 -796.08 180 0.1573 0.0066 0.0066 0
8 -517.19 -796.02 178.9 0.0014 0.0023 0.0037 0
12 -525.31 -796.04 180.6 0.68 0.68 0.6524 0
6 -535.77 -796.09 180 0.1542 0.1636 0.1768 0
11 -544.86 -796.1 179.6 0.632 0.6121 0.5605 0
4 -552.54 -796.1 179.1 0.6941 0.6941 0.6661 0
5 -566.43 -796.16 179.7 0.482 0.4936 0.5054 0
4 -580.65 -796.08 178.9 0.2758 0.2932 0.3112 0
12 -438.15 -758.57 91.1 0.7012 0.687 0.6388 1
4 -439.13 -785.25 90.6 0.0658 0.0385 0.021 0
6 -439.16 -777.05 90.8 0.0119 0.0385 0.1247 0
7 -439.14 -770.41 90.8 0.7969 0.7742 0.7083 0
8 -439.24 -749.25 90.6 0.0658 0.0385 0.021 0
4 -439.2 -742.8 88.9 0.148 0.2428 0.3587 0
3 -421.15 -751.74 -90.2 0.9158 0.4045 0 1
9 -420.89 -738.31 -90.6 0.021 0.043 0.0231 0
0 -420.8 -745.11 -90.4 0.9158 0.4045 0 0
4 -420.85 -759.15 -89.7 0.0399 0.0546 0.0781 0
9 -420.77 -766.84 -90.4 0.0017 0.0017 0.0023 0
2 -420.8 -773.97 -90 0.9158 0.4045 0 0
4 -420.82 -780.53 -90.6 0.7969 0.7742 0.7083 0
7 -273.12 -796.01 180.3 0.0023 0.0037 0.0055 0
4 -280.93 -796.08 178.9 0.0041 0.0041 0.005 0
4 -288.91 -796.13 180.6 0.1542 0.1636 0.1768 0
9 -295.54 -796.04 179.7 0.0017 0.0017 0.0023 0
5 -301.53 -796.11 179.4 0.482 0.4936 0.5054 0
12 -308.87 -796.12 178.9 0.68 0.68 0.6524 0
4 -333.37 -796.18 179.9 0.0242 0.0697 0.1975 0
4 -347.6 -796.18 179.8 0.0546 0.06 0.0677 0
9 -353.56 -796.13 179.6 0.0029 0.0033 0.0041 0
7 -403 -796.04 180.6 0.1573 0.0066 0.0066 0
12 -241.85 -747.71 -90.1 0.632 0.6121 0.5605 1
2 -241.15 -778.65 -88.7 0.9158 0.4045 0 1
13 -241.2 -771.42 -89.8 0.7818 0.7818 0.7519 0
0 -240.8 -761.44 -90 0.9158 0.4045 0 0
8 240.82 -783.33 90.3 0.0017 0.0017 0.0023 0
1 240.75 -777.28 89.1 0.9158 0.4045 0 0
4 240.87 -769.84 89.6 0.0189 0.022 0.029 0
7 240.86 -762.93 89.6 0.0546 0.06 0.0677 0
10 240.72 -755.02 90.8 0.7667 0.7667 0.7445 0
9 240.84 -747.84 89.9 0.0399 0.0546 0.0781 0
9 240.88 -741.5 89.5 0.001 0.001 0.0012 0
12 327.4 -803.05 179.5 0.5924 0.5924 0.5795 1
4 409.21 -803.81 180.3 0.2758 0.2932 0.3112 0
6 402.81 -803.96 180.4 0.0029 0.0033 0.0041 0
12 389.04 -803.86 179.1 0.68 0.68 0.6524 0
9 371.2 -803.81 179.2 0.001 0.001 0.0012 0
11 364.04 -803.96 179.2 0.632 0.6121 0.5605 0
9 356.54 -803.9 179 0.0017 0.0017 0.0023 0
6 348.32 -803.9 181.1 0.0546 0.0915 0.0461 0
6 342.03 -803.89 181.1 0.0029 0.0033 0.0041 0
9 319.25 -803.85 180.5 0.0014 0.0023 0.0037 0
4 303.8 -803.85 179.2 0.7667 0.7667 0.7445 0
10 294.63 -803.87 180.9 0.2047 0.259 0.2801 0
7 287.9 -803.84 181 0.0023 0.0037 0.0055 0
4 274.54 -803.8 179.8 0.3345 0.2801 0.1801 0
9 406.45 -796.15 179.2 0.0014 0.0023 0.0037 0
11 396.97 -796.04 179.7 0.7012 0.687 0.6388 0
9 388.54 -796.15 180.6 0.0014 0.0023 0.0037 0
9 381.08 -796.1 179.7 0.001 0.001 0.0012 0
5 373.17 -796.12 179.7 0.1542 0.1636 0.1768 0
9 365.75 -796.05 180.2 0.021 0.043 0.0231 0
1 357.92 -796.11 179.1 0.9158 0.4045 0 0
4 349.87 -796.17 179.9 0.0242 0.0697 0.1975 0
8 342.68 -796.2 179.9 0.0242 0.0697 0.1975 0
5 336.7 -796.02 179.9 0.0072 0.0078 0.0097 0
4 324.05 -796.09 179.3 0.0546 0.06 0.0677 0
4 317.28 -796.06 179.9 0.0023 0.0037 0.0055 0
4 310.02 -796.06 180.7 0.6941 0.6941 0.6661 0
6 302.9 -796.11 180.8 0.1011 0.0029 0.0046 0
6 295.13 -796.1 179.1 0.4591 0.4045 0.2801 0
9 286.96 -796.03 179.1 0.148 0.2428 0.3587 0
3 279.58 -796.08 179.7 0.9158 0.4045 0 0
8 273.61 -796.12 179.1 0.0029 0.0033 0.0041 0
12 554.81 -803.05 179.6 0.68 0.68 0.6524 1
5 585.67 -804 180.9 0.0119 0.0385 0.1247 0
4 572.14 -803.91 179.2 0.0399 0.0546 0.0781 0
9 543.69 -803.91 180.7 0.0014 0.0023 0.0037 0
4 535.73 -803.97 179.9 0.0072 0.0078 0.0097 0
4 529.5 -803.88 180.7 0.0242 0.0697 0.1975 0
4 521.89 -803.98 181.1 0.0399 0.0546 0.0781 0
8 514.97 -803.9 179.7 0.001 0.001 0.0012 0
6 508.35 -803.96 180.7 0.0029 0.0033 0.0041 0
8 493.87 -803.84 180.6 0.0017 0.0017 0.0023 0
6 486.26 -803.85 179.9 0.0014 0.0023 0.0037 0
3 479.43 -803.85 180.4 0.9158 0.4045 0 0
4 472.98 -803.95 179 0.1542 0.1636 0.1768 0
6 465.29 -803.94 180.7 0.0017 0.0017 0.0023 0
4 458.6 -803.88 180.6 0.632 0.632 0.5989 0
12 538.93 -797.15 180.8 0.632 0.6121 0.5605 1
11 587.45 -796.17 179 0.632 0.6121 0.5605 0
11 578.36 -796.19 180.1 0.7012 0.687 0.6388 0
5 570.69 -796.18 179.8 0.0119 0.0385 0.1247 0
4 554.39 -796.18 179.5 0.259 0.0097 0.0097 0
4 546.59 -796.05 180.5 0.259 0.0097 0.0097 0
7 525.51 -796.13 178.9 0.632 0.632 0.5989 0
9 517.5 -796.01 179.8 0.0014 0.0023 0.0037 0
1 511.1 -796.03 181 0.9158 0.4045 0 0
8 505.13 -796.13 179.6 0.1011 0.0029 0.0046 0
7 492.84 -796.13 180.8 0.0658 0.0385 0.021 0
12 483.3 -796.01 179.9 0.632 0.6121 0.5605 0
11 459.92 -796.04 179.5 0.632 0.6121 0.5605 0
13 601.2 -744.52 89.6 0.7818 0.7818 0.7519 0
4 600.89 -781.39 89.7 0.0072 0.0078 0.0097 0
9 600.79 -774.34 90.7 0.4591 0.4045 0.2801 0
10 600.88 -766.78 90.3 0.0242 0.0697 0.1975 0
4 600.87 -760.2 88.9 0.0119 0.0385 0.1247 0
2 -618.85 -678.27 89.5 0.9158 0.4045 0 1
6 -619.29 -705.7 88.9 0.1573 0.0066 0.0066 0
4 -619.17 -699.88 90 0.482 0.4936 0.5054 0
4 -619.23 -685.86 89 0.0892 0.0963 0.1062 0
12 -619.26 -665.78 90.5 0.5924 0.5924 0.5795 0
4 -619.18 -657.14 90.4 0.482 0.4936 0.5054 0
1 -601.15 -691.54 -89.7 0.9158 0.4045 0 1
13 -601.2 -697.53 -90.4 0.7818 0.7818 0.7519 0
10 -585.55 -723.94 -0.2 0.021 0.043 0.0231 0
9 -579.15 -723.84 -0.4 0.0017 0.0017 0.0023 0
10 -570.66 -723.81 0.9 0.0072 0.0189 0.0658 0
8 -563.18 -723.97 0.5 0.001 0.001 0.0012 0
6 -547.86 -723.81 -1 0.001 0.001 0.0012 0
12 -540.48 -723.92 -0.5 0.7012 0.687 0.6388 0
4 -530.35 -723.96 -0.6 0.0041 0.0041 0.005 0
8 -523.09 -723.97 0.8 0.0072 0.0189 0.0658 0
1 -516.93 -723.81 -0.5 0.9158 0.4045 0 0
4 -510.15 -723.98 0.7 0.482 0.4936 0.5054 0
4 -503.33 -723.97 -1.1 0.2047 0.259 0.2801 0
4 -496.4 -723.8 0 0.482 0.4936 0.5054 0
7 -489.53 -723.83 -1 0.2047 0.259 0.2801 0
5 -458.42 -723.88 -0.9 0.482 0.4936 0.5054 0
1 -438.85 -693.4 90.9 0.9158 0.4045 0 1
8 -439.11 -701.62 91 0.0119 0.0385 0.1247 0
7 -439.14 -665.03 89.6 0.0658 0.0385 0.021 0
4 -439.22 -658.78 90 0.148 0.2428 0.3587 0
1 -420.82 -655.83 -90.1 0.9158 0.4045 0 0
8 -420.79 -677.98 -90.7 0.0242 0.0697 0.1975 0
7 -420.81 -684.08 -91 0.482 0.4936 0.5054 0
12 -299.18 -716.95 1 0.68 0.68 0.6524 1
4 -406.04 -716.05 -0.8 0.0072 0.0189 0.0658 0
6 -391.1 -716.13 0.3 0.001 0.001 0.0012 0
8 -383.11 -716.18 -0.1 0.1573 0.0066 0.0066 0
11 -375.46 -716.04 0 0.632 0.6121 0.5605 0
8 -367.3 -716 0.2 0.0546 0.06 0.0677 0
5 -359.83 -716.19 0.4 0.0041 0.0041 0.005 0
6 -353.68 -716.09 -1 0.0072 0.0189 0.0658 0
6 -321.65 -716.01 -1 0.259 0.0097 0.0097 0
7 -314.08 -716.09 0.7 0.3392 0.3537 0.3736 0
9 -285.36 -716.14 -0.2 0.001 0.001 0.0012 0
10 -276.48 -716.06 0.4 0.7969 0.7742 0.7083 0
12 -406.61 -723.89 0.3 0.5924 0.5924 0.5795 0
8 -398.11 -723.9 0.7 0.001 0.001 0.0012 0
5 -391.42 -723.81 0.2 0.0017 0.0017 0.002 0
6 -376.25 -723.97 0.8 0.0072 0.0189 0.0658 0
8 -370.25 -723.82 -0.8 0.0029 0.0033 0.0041 0
6 -363.97 -723.94 0.7 0.0189 0.022 0.029 0
6 -321.86 -723.92 0.6 0.1542 0.1636 0.1768 0
7 -315.63 -723.9 -1.1 0.7667 0.7667 0.7445 0
7 -309.28 -723.82 -0.6 0.482 0.4936 0.5054 0
4 -301.43 -723.92 0.9 0.7667 0.7667 0.7445 0
6 -240.74 -658.44 -89.3 0.001 0.001 0.0012 0
9 -240.84 -666.47 -90.3 0.4591 0.4045 0.2801 0
9 -240.77 -681.19 -90.5 0.001 0.001 0.0012 0
5 -240.89 -694.58 -89.8 0.6941 0.6941 0.6661 0
7 -240.73 -700.7 -89.9 0.0892 0.0963 0.1062 0
12 297.41 -716.95 -1.2 0.7012 0.687 0.6388 1
5 272.69 -716.18 -1 0.0017 0.0017 0.002 0
5 280.42 -716.12 0.7 0.259 0.0097 0.0097 0
6 288.33 -716.11 0.7 0.0658 0.0385 0.021 0
5 309.09 -716.02 -0.6 0.0546 0.06 0.0677 0
10 317.88 -716.09 -0.1 0.4045 0.4259 0.4479 0
4 325.8 -716.12 -0.3 0.0658 0.0385 0.021 0
8 332.54 -716.03 0.5 0.0242 0.0697 0.1975 0
12 340.11 -716.15 0 0.68 0.68 0.6524 0
7 349.3 -716.18 0.5 0.482 0.4936 0.5054 0
5 356.91 -716.11 0.7 0.0017 0.0017 0.002 0
8 362.93 -716.05 0.2 0.0119 0.0385 0.1247 0
9 370.33 -716.06 0.9 0.148 0.2428 0.3587 0
11 379.13 -716.12 0.7 0.632 0.6121 0.5605 0
9 386.72 -716.17 -0.5 0.0017 0.0017 0.0023 0
4 393.45 -716.07 -1 0.0189 0.022 0.029 0
4 400.59 -716.04 -0.8 0.0072 0.0078 0.0097 0
7 406.56 -716.1 0.3 0.0023 0.0037 0.0055 0
9 271.32 -723.81 0.2 0.0029 0.0033 0.0041 0
6 284.86 -723.85 -0.8 0.001 0.001 0.0012 0
5 292.17 -723.92 -0.4 0.0023 0.0037 0.0055 0
12 300.02 -723.92 -0.3 0.68 0.68 0.6524 0
9 308.62 -723.96 0.1 0.0017 0.0017 0.0023 0
9 316.03 -723.86 -0.5 0.0029 0.0033 0.0041 0
1 323.66 -723.87 0.7 0.9158 0.4045 0 0
4 330.98 -723.92 0.2 0.021 0.043 0.0231 0
8 337.99 -723.87 0.7 0.148 0.2428 0.3587 0
6 345.49 -723.93 1 0.0029 0.0033 0.0041 0
7 352.23 -723.91 1 0.0072 0.0078 0.0097 0
7 359.09 -723.94 -0.6 0.4591 0.4045 0.2801 0
8 365.86 -723.9 1.1 0.0017 0.0017 0.0023 0
5 372.91 -723.97 -0.7 0.7667 0.7667 0.7445 0
9 390.51 -723.98 0.4 0.0029 0.0033 0.0041 0
7 396.98 -723.92 1 0.0892 0.0963 0.1062 0
7 402.86 -723.95 -0.4 0.259 0.0097 0.0097 0
12 421.85 -681.82 90.4 0.68 0.68 0.6524 1
3 421.15 -677.97 88.8 0.3297 0.4313 0.0697 1
4 420.8 -704.26 88.9 0.0072 0.0078 0.0097 0
12 420.78 -695.32 90.9 0.68 0.68 0.6524 0
9 420.83 -671.85 90.5 0.0014 0.0023 0.0037 0
1 509.5 -716.45 0.3 0.9158 0.4045 0 1
4 472.54 -716.05 0.8 0.0041 0.0041 0.005 0
4 487.67 -716.07 -0.5 0.2758 0.2932 0.3112 0
9 502.49 -716.2 0.8 0.021 0.043 0.0231 0
8 518.52 -716.15 -0.9 0.1542 0.1636 0.1768 0
11 527.58 -716.07 1 0.68 0.68 0.6524 0
6 534.78 -716.02 0.3 0.3345 0.2801 0.1801 0
2 542.86 -716.03 -0.4 0.9158 0.4045 0 0
10 550.67 -716.16 1 0.0892 0.0963 0.1062 0
4 559.47 -716.04 0.9 0.3392 0.3537 0.3736 0
8 581.65 -716.03 -0.8 0.0119 0.0385 0.1247 0
12 575.27 -722.85 0.7 0.5924 0.5924 0.5795 1
0 454.12 -723.91 -0.4 0.9158 0.4045 0 0
5 461.68 -723.82 0.3 0.6941 0.6941 0.6661 0
11 470.33 -723.97 0.9 0.632 0.6121 0.5605 0
8 485.47 -723.96 1.1 0.2047 0.259 0.2801 0
4 491.42 -723.98 -0.5 0.632 0.632 0.5989 0
8 499.4 -723.84 -0.5 0.259 0.0097 0.0097 0
4 506.68 -723.9 0.8 0.4591 0.4045 0.2801 0
8 514.09 -723.82 1.1 0.0017 0.0017 0.0023 0
4 521.73 -723.81 -1 0.0658 0.0385 0.021 0
6 528.78 -723.94 1 0.0029 0.0033 0.0041 0
1 535.08 -723.91 0.9 0.9158 0.4045 0 0
8 541.32 -723.96 0.8 0.0546 0.06 0.0677 0
7 547.96 -723.83 0.4 0.0072 0.0189 0.0658 0
8 554.07 -723.97 0.6 0.1011 0.0029 0.0046 0
10 562.66 -724 0.4 0.0242 0.0697 0.1975 0
6 586.58 -723.97 -0.3 0.3345 0.2801 0.1801 0
7 600.84 -695.11 89.4 0.0546 0.0915 0.0461 0
5 600.7 -688.95 88.9 0.0546 0.0915 0.0461 0
11 600.76 -674.59 89.2 0.5924 0.5924 0.5795 0
7 600.71 -665.6 90.8 0.0119 0.0385 0.1247 0
4 600.8 -659.04 90.7 0.0242 0.0697 0.1975 0
3 -619.29 -606.13 91 0.9158 0.4045 0 0
4 -619.29 -598.12 91.1 0.0072 0.0189 0.0658 0
6 -619.12 -582.87 90.5 0.001 0.001 0.0012 0
1 -601.15 -595.44 -90.6 0.9158 0.4045 0 1
13 -601.2 -613.59 -89.9 0.7818 0.7818 0.7519 0
5 -600.8 -575.54 -89.8 0.0546 0.0915 0.0461 0
6 -600.82 -581.8 -89 0.0029 0.0033 0.0041 0
2 -600.82 -589.47 -89.9 0.9158 0.4045 0 0
5 -600.81 -601.88 -90 0.3345 0.2801 0.1801 0
3 -497.79 -643.55 181.3 0.3297 0.4313 0.0697 1
6 -454.13 -643.82 180.4 0.0399 0.0546 0.0781 0
4 -468.67 -643.84 180.3 0.3345 0.2801 0.1801 0
4 -483.52 -643.82 179.3 0.0189 0.022 0.029 0
9 -490.22 -643.89 179.8 0.0029 0.0033 0.0041 0
4 -505.25 -643.98 179.5 0.148 0.2428 0.3587 0
7 -512.2 -643.85 181.1 0.4591 0.4045 0.2801 0
4 -519.17 -643.91 180.1 0.4591 0.4045 0.2801 0
8 -526.56 -643.92 178.9 0.2758 0.2932 0.3112 0
8 -533.61 -643.94 180.2 0.0017 0.0017 0.0023 0
5 -555.66 -643.88 180.7 0.7667 0.7667 0.7445 0
6 -562.77 -643.87 179.2 0.259 0.0097 0.0097 0
2 -570.3 -643.89 179.9 0.9158 0.4045 0 0
4 -582.94 -643.84 180.5 0.6941 0.6941 0.6661 0
2 -479.81 -636.45 180.3 0.9158 0.4045 0 1
8 -453.49 -636.01 179.3 0.0014 0.0023 0.0037 0
8 -461.51 -636.15 181.1 0.0072 0.0189 0.0658 0
8 -468.16 -636.1 181.1 0.0029 0.0033 0.0041 0
6 -496.25 -636 179.4 0.1011 0.0029 0.0046 0
9 -504.05 -636.12 179.8 0.4591 0.4045 0.2801 0
9 -512.16 -636.11 180.6 0.0399 0.0546 0.0781 0
7 -519.95 -636.05 180.6 0.4591 0.4045 0.2801 0
4 -526.9 -636.02 180.2 0.632 0.632 0.5989 0
12 -535.29 -636.14 180.5 0.68 0.68 0.6524 0
7 -565.88 -636.09 180.7 0.0072 0.0189 0.0658 0
4 -572.42 -636.02 179 0.3345 0.2801 0.1801 0
2 -579.49 -636.19 180.8 0.9158 0.4045 0 0
8 -585.86 -636.04 180.6 0.0072 0.0189 0.0658 0
12 -421.85 -602.99 -90.3 0.632 0.6121 0.5605 1
3 -421.15 -577.64 -89.6 0.9158 0.4045 0 1
8 -420.81 -583.75 -89.6 0.3345 0.2801 0.1801 0
12 -420.85 -592.7 -89 0.68 0.68 0.6524 0
0 -420.81 -616.77 -89.7 0.9158 0.4045 0 0
10 -279.95 -643.83 179.6 0.7667 0.7667 0.7445 0
7 -319.5 -643.92 180.6 0.0072 0.0189 0.0658 0
1 -327.8 -643.83 180.7 0.9158 0.4045 0 0
3 -333.93 -643.96 179.6 0.9158 0.4045 0 0
8 -340.66 -643.83 180.2 0.0014 0.0023 0.0037 0
6 -347.99 -643.83 178.9 0.0029 0.0033 0.0041 0
6 -354.88 -643.99 181 0.1573 0.0066 0.0066 0
4 -363.15 -643.94 180.8 0.0242 0.0697 0.1975 0
7 -369.79 -643.99 179.7 0.0892 0.0963 0.1062 0
6 -376.83 -643.88 179.7 0.0119 0.0385 0.1247 0
10 -384.14 -643.91 180.4 0.0023 0.0037 0.0055 0
9 -392.97 -643.89 181.1 0.0189 0.022 0.029 0
4 -400.27 -643.98 179.4 0.0546 0.0915 0.0461 0
7 -272.15 -636.01 179.8 0.1542 0.1636 0.1768 0
8 -308.41 -636 180 0.1542 0.1636 0.1768 0
6 -323.55 -636.11 179.2 0.0014 0.0023 0.0037 0
3 -330.17 -636.11 179 0.9158 0.4045 0 0
4 -337.92 -636.11 179.7 0.632 0.632 0.5989 0
6 -344.78 -636.2 179.8 0.1573 0.0066 0.0066 0
10 -353.16 -636.02 179.4 0.148 0.2428 0.3587 0
10 -369.1 -636.16 180.3 0.0072 0.0189 0.0658 0
8 -386.08 -636 180.2 0.482 0.4936 0.5054 0
9 -392.55 -636.1 180.2 0.0029 0.0033 0.0041 0
1 -398.48 -636.19 180.5 0.9158 0.4045 0 0
7 -404.59 -636.06 180.1 0.1542 0.1636 0.1768 0
5 -240.78 -584.96 -90.3 0.0023 0.0037 0.0055 0
8 -240.73 -591.03 -89 0.0658 0.0385 0.021 0
7 -240.75 -597.77 -89 0.1573 0.0066 0.0066 0
4 -240.87 -605.61 -90.6 0.0399 0.0546 0.0781 0
9 240.83 -614.91 89 0.001 0.001 0.0012 0
8 240.89 -607.19 91.1 0.0892 0.0963 0.1062 0
4 240.79 -599.51 88.9 0.3392 0.3537 0.3736 0
6 240.72 -591.56 90.8 0.0189 0.022 0.029 0
6 240.8 -577.41 90.1 0.3345 0.2801 0.1801 0
12 258.15 -616.65 -90.5 0.5924 0.5924 0.5795 1
2 258.85 -603.86 -90.1 0.9158 0.4045 0 1
4 259.27 -574.64 -89.1 0.7969 0.7742 0.7083 0
7 259.28 -581.93 -90.7 0.7667 0.7667 0.7445 0
7 259.13 -588.6 -89 0.2758 0.2932 0.3112 0
5 259.15 -596.12 -89.5 0.2047 0.259 0.2801 0
12 317.55 -643.05 179.9 0.7012 0.687 0.6388 1
8 407.75 -643.89 180 0.0014 0.0023 0.0037 0
6 401.46 -643.83 180 0.0014 0.0023 0.0037 0
1 393.66 -643.92 180.7 0.9158 0.4045 0 0
4 386.83 -643.9 180.5 0.148 0.2428 0.3587 0
4 378.72 -643.96 180.2 0.7667 0.7667 0.7445 0
11 356.15 -643.99 180.6 0.68 0.68 0.6524 0
12 347.78 -643.81 179.5 0.7012 0.687 0.6388 0
10 337.47 -643.97 180.7 0.0041 0.0041 0.005 0
6 329.14 -643.83 179.4 0.0546 0.0915 0.0461 0
4 307.09 -643.89 180.6 0.2758 0.2932 0.3112 0
4 300.98 -643.8 179.4 0.482 0.4936 0.5054 0
7 294.59 -643.87 179.4 0.0892 0.0963 0.1062 0
5 286.55 -643.83 181 0.4591 0.4045 0.2801 0
5 278.94 -643.81 178.9 0.2047 0.259 0.2801 0
3 583.3 -643.88 178.9 0.3297 0.4313 0.0697 0
7 575.39 -643.83 180.1 0.482 0.4936 0.5054 0
4 567.64 -643.99 178.9 0.3345 0.2801 0.1801 0
6 560.89 -643.99 181 0.0017 0.0017 0.0023 0
8 552.46 -643.84 180.6 0.0658 0.0385 0.021 0
6 545.28 -643.98 180.5 0.0892 0.0963 0.1062 0
10 536.47 -643.96 179.5 0.2758 0.2932 0.3112 0
7 529.39 -643.84 180.9 0.0658 0.0385 0.021 0
5 522.45 -643.96 180.3 0.0119 0.0385 0.1247 0
6 507.52 -643.83 180.5 0.0029 0.0033 0.0041 0
6 501.4 -643.82 181 0.0546 0.06 0.0677 0
8 495.06 -643.91 180.9 0.0658 0.0385 0.021 0
5 487.77 -643.97 180 0.632 0.632 0.5989 0
9 465.92 -643.92 180.1 0.001 0.001 0.0012 0
7 458.93 -643.93 178.9 0.3392 0.3537 0.3736 0
7 588.96 -636.18 179.9 0.6941 0.6941 0.6661 0
8 582.22 -636.2 180.3 0.001 0.001 0.0012 0
10 574.2 -636.07 180.6 0.2047 0.259 0.2801 0
7 565.52 -636.08 181 0.6941 0.6941 0.6661 0
11 556.08 -636.07 180.7 0.68 0.68 0.6524 0
8 549.35 -636.17 179.7 0.0029 0.0033 0.0041 0
7 541.19 -636.14 180.4 0.3392 0.3537 0.3736 0
10 532.62 -636.16 180.6 0.259 0.0097 0.0097 0
1 524.94 -636.13 181 0.9158 0.4045 0 0
6 518.29 -636.01 179.2 0.0546 0.0915 0.0461 0
5 510.4 -636.09 180.8 0.0041 0.0041 0.005 0
1 502.14 -636.01 179.3 0.9158 0.4045 0 0
2 480.28 -636.13 181 0.9158 0.4045 0 0
5 474.22 -636.1 180.6 0.1542 0.1636 0.1768 0
6 467.57 -636.14 179.2 0.148 0.2428 0.3587 0
4 -600.88 -499.64 -89.2 0.0119 0.0385 0.1247 0
7 -600.78 -505.75 -89.9 0.3345 0.2801 0.1801 0
4 -600.71 -520.14 -89.1 0.4045 0.4259 0.4479 0
9 -600.79 -528.02 -91.1 0.0189 0.022 0.029 0
6 -600.81 -534.23 -89.7 0.2047 0.259 0.2801 0
1 -600.86 -541.88 -90.4 0.9158 0.4045 0 0
10 -583.64 -556.04 -0.7 0.2047 0.259 0.2801 0
6 -576.17 -556.12 0.5 0.021 0.043 0.0231 0
6 -569.58 -556.13 0.4 0.259 0.0097 0.0097 0
4 -562.22 -556.2 -0.1 0.2047 0.259 0.2801 0
6 -554.38 -556.15 -0.1 0.0029 0.0033 0.0041 0
9 -546.56 -556.09 0.2 0.001 0.001 0.0012 0
9 -531.82 -556.15 -0.1 0.0029 0.0033 0.0041 0
7 -524.04 -556.2 0.9 0.6941 0.6941 0.6661 0
4 -516.56 -556.11 -1 0.2758 0.2932 0.3112 0
10 -502.57 -556.12 0.9 0.259 0.0097 0.0097 0
4 -493.64 -556 0.4 0.0072 0.0078 0.0097 0
5 -485.92 -556.16 -0.4 0.148 0.2428 0.3587 0
2 -478.69 -556.15 1 0.9158 0.4045 0 0
6 -464.22 -556.06 1 0.0014 0.0023 0.0037 0
8 -457.85 -556.07 0.4 0.0017 0.0017 0.0023 0
7 -586.5 -563.82 -0.4 0.0399 0.0546 0.0781 0
5 -578.46 -563.97 0.5 0.6941 0.6941 0.6661 0
8 -570.35 -563.81 -0.6 0.1573 0.0066 0.0066 0
5 -562.26 -563.83 0.6 0.0546 0.06 0.0677 0
2 -555.71 -563.81 0 0.9158 0.4045 0 0
8 -547.59 -563.9 -1.1 0.259 0.0097 0.0097 0
5 -540.81 -563.84 -1 0.0119 0.0385 0.1247 0
5 -533.1 -563.88 -0.1 0.0242 0.0697 0.1975 0
0 -526.27 -563.82 -0.3 0.9158 0.4045 0 0
8 -505.79 -563.84 -0.3 0.001 0.001 0.0012 0
0 -499.58 -563.88 -0.8 0.9158 0.4045 0 0
0 -493.41 -563.98 -0.8 0.9158 0.4045 0 0
4 -487.11 -563.96 0.5 0.0546 0.06 0.0677 0
5 -481 -563.97 1.1 0.0546 0.06 0.0677 0
11 -471.77 -563.8 0.1 0.632 0.6121 0.5605 0
11 -463.86 -563.83 0.6 0.7012 0.687 0.6388 0
4 -456.09 -563.84 -0.4 0.7969 0.7742 0.7083 0
13 -438.8 -507.67 90.5 0.7818 0.7818 0.7519 0
7 -439.18 -543.77 91.1 0.0023 0.0037 0.0055 0
6 -439.11 -536.24 89.6 0.0014 0.0023 0.0037 0
7 -405.99 -556.14 0.5 0.0658 0.0385 0.021 0
9 -397.96 -556.16 0.2 0.0399 0.0546 0.0781 0
6 -391.82 -556.11 -1.1 0.0892 0.0963 0.1062 0
4 -385.09 -556.1 -1.1 0.0546 0.06 0.0677 0
8 -378.84 -556.16 -0.9 0.0546 0.06 0.0677 0
5 -372.9 -556.02 -0.9 0.4045 0.4259 0.4479 0
5 -358.93 -556.09 -0.3 0.0546 0.0915 0.0461 0
7 -351.61 -556.02 0.1 0.7969 0.7742 0.7083 0
7 -344.41 -556.17 -0.6 0.0189 0.022 0.029 0
4 -323.87 -556.14 0.3 0.4045 0.4259 0.4479 0
5 -316.77 -556.1 -0.9 0.3392 0.3537 0.3736 0
8 -309.37 -556.18 -0.4 0.0014 0.0023 0.0037 0
10 -294.54 -556.11 0.9 0.7667 0.7667 0.7445 0
6 -286.55 -556.19 -1 0.259 0.0097 0.0097 0
4 -279.86 -556.13 0.5 0.1542 0.1636 0.1768 0
6 -409 -563.82 0.5 0.021 0.043 0.0231 0
4 -403.09 -563.87 -0.1 0.0399 0.0546 0.0781 0
10 -394.48 -563.8 -0.2 0.259 0.0097 0.0097 0
8 -385.84 -563.84 0.3 0.0017 0.0017 0.0023 0
5 -358.99 -563.95 -0.7 0.4045 0.4259 0.4479 0
6 -351.38 -563.9 -0.5 0.001 0.001 0.0012 0
5 -343.76 -563.92 -0.8 0.1011 0.0029 0.0046 0
9 -336.64 -563.93 -0.1 0.0189 0.022 0.029 0
5 -329.05 -563.99 0.9 0.4045 0.4259 0.4479 0
12 -320.52 -563.85 -0.3 0.5924 0.5924 0.5795 0
6 -310.69 -563.83 0.3 0.001 0.001 0.0012 0
6 -304.62 -563.98 1.1 0.0014 0.0023 0.0037 0
9 -288.94 -563.9 -1.1 0.0014 0.0023 0.0037 0
12 -241.85 -527.32 -89.8 0.7012 0.687 0.6388 1
8 -240.73 -500.24 -90.4 0.001 0.001 0.0012 0
10 -240.85 -507.87 -89.2 0.259 0.0097 0.0097 0
12 -223.2 -556.18 0 0.632 0.6121 0.5605 0
6 -213.51 -556.06 0.6 0.3345 0.2801 0.1801 0
1 -206.62 -556.15 0.1 0.9158 0.4045 0 0
6 -177.82 -556.07 -0.2 0.001 0.001 0.0012 0
8 -171.08 -556.08 -0.4 0.1542 0.1636 0.1768 0
5 -157.99 -556.09 0.2 0.1573 0.0066 0.0066 0
4 -150.03 -556.07 -0.4 0.0017 0.0017 0.002 0
2 -142.52 -556.12 -0.2 0.9158 0.4045 0 0
6 -135.36 -556.18 -0.2 0.0546 0.06 0.0677 0
9 -129.23 -556.15 0 0.0029 0.0033 0.0041 0
4 -122.82 -556.06 -0.8 0.0399 0.0546 0.0781 0
4 -114.94 -556.01 -1 0.0658 0.0385 0.021 0
9 -99.24 -556.05 0.3 0.0017 0.0017 0.0023 0
4 -92.85 -556.14 0.1 0.1011 0.0029 0.0046 0
2 -86.13 -556.19 -0.4 0.9158 0.4045 0 0
4 -79.19 -556.13 -0.4 0.1573 0.0066 0.0066 0
9 -71.95 -556.04 -0.9 0.0029 0.0033 0.0041 0
10 -64.11 -556.17 -0.4 0.0892 0.0963 0.1062 0
6 -57.36 -556.2 0.6 0.0017 0.0017 0.0023 0
1 -50.92 -556.01 0.8 0.9158 0.4045 0 0
5 -43.27 -556.18 1.1 0.3345 0.2801 0.1801 0
5 -36.01 -556.16 -1.1 0.259 0.0097 0.0097 0
9 -28.8 -556.01 -1.1 0.021 0.043 0.0231 0
6 -224.09 -563.81 0.8 0.0546 0.0915 0.0461 0
0 -216.44 -563.95 0.8 0.9158 0.4045 0 0
9 -202.93 -563.82 0.8 0.0029 0.0033 0.0041 0
6 -188.7 -563.97 0.6 0.001 0.001 0.0012 0
9 -182.62 -563.92 -0.7 0.0029 0.0033 0.0041 0
4 -175.93 -563.98 -0.2 0.3392 0.3537 0.3736 0
6 -169.14 -563.96 -0.2 0.0029 0.0033 0.0041 0
4 -160.92 -563.82 1 0.1011 0.0029 0.0046 0
4 -154.85 -563.91 -0.8 0.632 0.632 0.5989 0
8 -147.23 -563.9 1 0.1011 0.0029 0.0046 0
4 -139.44 -563.85 -0.9 0.0658 0.0385 0.021 0
4 -125.9 -563.83 -0.2 0.632 0.632 0.5989 0
7 -118.87 -563.94 -0.6 0.0546 0.06 0.0677 0
4 -111.74 -563.93 -0.9 0.1542 0.1636 0.1768 0
5 -104.54 -563.83 -0.7 0.7969 0.7742 0.7083 0
6 -98.34 -563.9 1 0.0029 0.0033 0.0041 0
4 -91.04 -563.83 -0.8 0.4591 0.4045 0.2801 0
6 -84.93 -563.89 -0.6 0.001 0.001 0.0012 0
4 -78.83 -563.94 -0.4 0.0072 0.0189 0.0658 0
6 -65.06 -563.94 -0.8 0.001 0.001 0.0012 0
9 -57.19 -563.88 1 0.0017 0.0017 0.0023 0
6 -50.53 -563.92 1.1 0.0029 0.0033 0.0041 0
7 -43.59 -563.81 0.7 0.021 0.043 0.0231 0
5 -35.79 -563.91 -1 0.148 0.2428 0.3587 0
10 -28.44 -563.97 0.8 0.0658 0.0385 0.021 0
1 -9.29 -544.16 91.1 0.9158 0.4045 0 0
4 -9.21 -501.73 89 0.7969 0.7742 0.7083 0
1 8.85 -535.66 -90.4 0.9158 0.4045 0 1
4 9.29 -501.9 -89.2 0.0892 0.0963 0.1062 0
7 9.21 -508.1 -89.5 0.3345 0.2801 0.1801 0
6 9.14 -523.17 -89.2 0.0242 0.0697 0.1975 0
1 175.56 -556.45 -1 0.9158 0.4045 0 1
4 20.64 -556.01 -0.8 0.0242 0.0697 0.1975 0
6 32.77 -556.05 -0.7 0.1573 0.0066 0.0066 0
8 46.8 -556.15 0.2 0.0242 0.0697 0.1975 0
4 52.88 -556.17 0.2 0.0242 0.0697 0.1975 0
6 60.6 -556.11 -0.7 0.1011 0.0029 0.0046 0
8 67.14 -556.07 -1 0.1011 0.0029 0.0046 0
8 74.95 -556.09 0.9 0.021 0.043 0.0231 0
10 84.41 -556.09 -0.3 0.482 0.4936 0.5054 0
4 91.29 -556.17 -0.8 0.0546 0.0915 0.0461 0
4 104.61 -556.04 0.1 0.482 0.4936 0.5054 0
8 120.44 -556.03 -0.4 0.482 0.4936 0.5054 0
9 127.05 -556.03 0.9 0.0029 0.0033 0.0041 0
8 134.28 -556.03 -0.5 0.2047 0.259 0.2801 0
8 140.34 -556.06 0.4 0.0399 0.0546 0.0781 0
7 146.83 -556.06 0.8 0.4591 0.4045 0.2801 0
9 153.68 -556.16 -0.6 0.3345 0.2801 0.1801 0
9 161.14 -556.01 0.6 0.0017 0.0017 0.0023 0
9 169.46 -556.02 1.1 0.0014 0.0023 0.0037 0
10 185.88 -556.17 0.1 0.0658 0.0385 0.021 0
5 193.99 -556.14 0.7 0.1573 0.0066 0.0066 0
10 202.28 -556.07 -0.3 0.2047 0.259 0.2801 0
8 211.24 -556.02 0.9 0.0189 0.022 0.029 0
4 217.19 -556.19 0.2 0.0399 0.0546 0.0781 0
4 224.77 -556.1 0.4 0.4045 0.4259 0.4479 0
3 23.08 -563.55 -0.8 0.9158 0.4045 0 1
8 32.13 -563.82 -0.2 0.0029 0.0033 0.0041 0
6 39.02 -563.94 0.4 0.0399 0.0546 0.0781 0
7 46.77 -563.97 -0.4 0.2758 0.2932 0.3112 0
6 54.87 -563.87 0.8 0.0892 0.0963 0.1062 0
8 69.3 -563.93 -1 0.001 0.001 0.0012 0
8 76.88 -563.94 -0.2 0.148 0.2428 0.3587 0
8 84.13 -563.88 0.4 0.1573 0.0066 0.0066 0
4 90.48 -563.87 0.4 0.0189 0.022 0.029 0
8 105.42 -563.95 -0.1 0.001 0.001 0.0012 0
5 113.03 -563.96 -0.2 0.0892 0.0963 0.1062 0
4 121.29 -563.9 -0.7 0.0892 0.0963 0.1062 0
10 130.31 -564 1 0.0546 0.0915 0.0461 0
7 138.39 -563.93 -0.2 0.1573 0.0066 0.0066 0
3 151.92 -563.9 -0.4 0.9158 0.4045 0 0
6 158.89 -563.99 0.5 0.0546 0.0915 0.0461 0
9 166.05 -563.85 0.6 0.148 0.2428 0.3587 0
7 173.99 -563.97 -1.1 0.0041 0.0041 0.005 0
8 180.78 -563.84 0.2 0.001 0.001 0.0012 0
9 195.4 -563.89 -1 0.0029 0.0033 0.0041 0
3 203.13 -563.98 0 0.9158 0.4045 0 0
4 218.81 -563.82 -1 0.0041 0.0041 0.005 0
5 226.26 -563.83 -0.6 0.0017 0.0017 0.002 0
2 241.15 -515.68 89.6 0.9158 0.4045 0 1
7 240.83 -538.01 89.4 0.0892 0.0963 0.1062 0
11 240.8 -528.68 89.8 0.7012 0.687 0.6388 0
12 240.85 -520.75 89.2 0.5924 0.5924 0.5795 0
10 259.28 -507.61 -89.4 0.482 0.4936 0.5054 0
4 259.25 -520.73 -89.3 0.1542 0.1636 0.1768 0
7 259.11 -527.23 -89.4 0.259 0.0097 0.0097 0
11 259.17 -541.57 -91.1 0.5924 0.5924 0.5795 0
3 327.55 -556.45 -0.6 0.9158 0.4045 0 1
6 272.98 -556.18 0.7 0.0029 0.0033 0.0041 0
11 287.31 -556.12 -0.6 0.632 0.6121 0.5605 0
9 295.41 -556.13 -0.3 0.0017 0.0017 0.0023 0
5 301.44 -556.03 -0.3 0.482 0.4936 0.5054 0
5 309.74 -556.09 0.1 0.0546 0.06 0.0677 0
6 317.85 -556.18 -0.4 0.0892 0.0963 0.1062 0
3 340.12 -556.02 -0.8 0.3297 0.4313 0.0697 0
7 361.4 -556.08 -0.9 0.3345 0.2801 0.1801 0
4 377.62 -556.08 1.1 0.0041 0.0041 0.005 0
12 386.24 -556.03 -0.4 0.632 0.6121 0.5605 0
12 397.44 -556.05 0.5 0.632 0.6121 0.5605 0
6 280.55 -563.84 0.7 0.0017 0.0017 0.0023 0
4 288.3 -563.89 -0.8 0.7667 0.7667 0.7445 0
9 301.57 -563.94 -0.2 0.3345 0.2801 0.1801 0
7 309.63 -563.82 -1.1 0.0072 0.0078 0.0097 0
5 315.5 -563.95 -0.5 0.0546 0.06 0.0677 0
10 324.31 -563.96 0.7 0.0399 0.0546 0.0781 0
5 331.36 -563.87 -0.7 0.2047 0.259 0.2801 0
5 338.55 -563.87 -0.4 0.1542 0.1636 0.1768 0
6 346.28 -563.94 0.5 0.2047 0.259 0.2801 0
4 353.1 -564 1.1 0.7969 0.7742 0.7083 0
6 361.02 -563.96 1 0.0029 0.0033 0.0041 0
8 368.79 -563.86 0.5 0.001 0.001 0.0012 0
6 375.44 -563.82 -0.4 0.0546 0.0915 0.0461 0
7 381.36 -563.91 0.3 0.1542 0.1636 0.1768 0
8 388.56 -563.88 0.6 0.0119 0.0385 0.1247 0
8 396.75 -563.93 -0.1 0.148 0.2428 0.3587 0
2 559.1 -556.45 1.3 0.9158 0.4045 0 1
9 451.41 -556.14 0.5 0.0017 0.0017 0.0023 0
5 459.66 -556.16 0.4 0.0072 0.0078 0.0097 0
11 467.91 -556.05 1 0.5924 0.5924 0.5795 0
8 476.83 -556.11 0.3 0.001 0.001 0.0012 0
1 484.69 -556.04 -0.7 0.9158 0.4045 0 0
9 491.53 -556.13 -0.4 0.001 0.001 0.0012 0
0 499.15 -556.09 -1 0.9158 0.4045 0 0
8 506.86 -556.04 -0.1 0.3392 0.3537 0.3736 0
12 515.42 -556.15 0.5 0.5924 0.5924 0.5795 0
5 526.01 -556.18 -1.1 0.0017 0.0017 0.002 0
10 533.23 -556.02 0.7 0.0189 0.022 0.029 0
8 540.47 -556.06 -0.1 0.001 0.001 0.0012 0
8 569.94 -556.13 -1 0.001 0.001 0.0012 0
1 578.11 -556.09 0.3 0.9158 0.4045 0 0
5 585.32 -556.13 1.1 0.021 0.043 0.0231 0
7 450.2 -563.83 0 0.4591 0.4045 0.2801 0
4 456.8 -563.85 -0.3 0.0072 0.0189 0.0658 0
7 463.76 -563.85 0.8 0.632 0.632 0.5989 0
8 470.34 -563.82 -0.5 0.001 0.001 0.0012 0
5 478.23 -563.87 0 0.4045 0.4259 0.4479 0
8 485.35 -563.87 -0.4 0.0546 0.0915 0.0461 0
11 494.06 -563.91 -1 0.5924 0.5924 0.5795 0
8 500.69 -563.88 -0.3 0.0017 0.0017 0.0023 0
5 506.72 -563.82 0.5 0.3392 0.3537 0.3736 0
6 533.15 -563.92 0.4 0.148 0.2428 0.3587 0
3 540.87 -563.94 0.5 0.9158 0.4045 0 0
8 548.5 -563.82 0.8 0.0014 0.0023 0.0037 0
8 555.75 -563.89 -0.8 0.001 0.001 0.0012 0
8 562.87 -563.82 0.2 0.0119 0.0385 0.1247 0
8 575.07 -563.93 1 0.148 0.2428 0.3587 0
1 -618.85 -437 91.3 0.9158 0.4045 0 1
9 -619.28 -453.43 90.8 0.3345 0.2801 0.1801 0
8 -619.22 -447.49 89.7 0.3345 0.2801 0.1801 0
11 -619.25 -425.73 89.4 0.5924 0.5924 0.5795 0
4 -619.15 -417.03 88.9 0.0399 0.0546 0.0781 0
8 -600.74 -415.06 -90.8 0.482 0.4936 0.5054 0
9 -600.78 -423.06 -91 0.0029 0.0033 0.0041 0
8 -600.79 -430.39 -88.9 0.3345 0.2801 0.1801 0
5 -600.76 -443.55 -89.2 0.0041 0.0041 0.005 0
8 -600.85 -450.68 -89.8 0.0189 0.022 0.029 0
6 -600.82 -457.37 -90.1 0.0017 0.0017 0.0023 0
12 -576.98 -472.65 -1.1 0.632 0.6121 0.5605 1
3 -523.62 -472.55 1.4 0.9158 0.4045 0 1
3 -585.28 -472.3 -0.7 0.9158 0.4045 0 0
4 -563.2 -472.25 -0.4 0.0041 0.0041 0.005 0
8 -557.16 -472.17 -0.5 0.2047 0.259 0.2801 0
7 -549.53 -472.27 -0.3 0.7969 0.7742 0.7083 0
9 -543.58 -472.28 -0.4 0.0546 0.0915 0.0461 0
4 -536.55 -472.26 -0.2 0.0119 0.0385 0.1247 0
4 -529.65 -472.21 1.1 0.021 0.043 0.0231 0
5 -516.61 -472.29 0 0.6941 0.6941 0.6661 0
8 -510.36 -472.11 -0.2 0.0546 0.06 0.0677 0
4 -504.06 -472.15 -0.5 0.0892 0.0963 0.1062 0
12 -496.61 -472.13 0.3 0.7012 0.687 0.6388 0
5 -478.63 -472.17 -0.4 0.632 0.632 0.5989 0
7 -471.2 -472.13 0.9 0.0017 0.0017 0.002 0
6 -439.14 -461.49 89.2 0.259 0.0097 0.0097 0
8 -439.1 -447.55 89.2 0.0072 0.0189 0.0658 0
5 -439.29 -417.85 89.5 0.021 0.043 0.0231 0
12 -325.95 -472.65 0.6 0.7012 0.687 0.6388 1
7 -407.56 -472.11 -1.1 0.021 0.043 0.0231 0
9 -393.42 -472.18 -1.1 0.001 0.001 0.0012 0
9 -378.65 -472.29 -0.4 0.001 0.001 0.0012 0
7 -370.64 -472.1 0.8 0.0658 0.0385 0.021 0
4 -363.53 -472.13 0.6 0.4045 0.4259 0.4479 0
5 -357.06 -472.15 0.3 0.148 0.2428 0.3587 0
5 -336.1 -472.13 0.5 0.3392 0.3537 0.3736 0
6 -297.39 -472.21 -0.4 0.1542 0.1636 0.1768 0
5 -276.65 -472.3 0.1 0.2047 0.259 0.2801 0
2 -377.69 -487.45 179.5 0.9158 0.4045 0 1
5 -270.99 -487.73 179.7 0.6941 0.6941 0.6661 0
8 -277.14 -487.82 181 0.0014 0.0023 0.0037 0
4 -292.31 -487.85 178.9 0.148 0.2428 0.3587 0
6 -299.65 -487.88 180.1 0.0072 0.0189 0.0658 0
9 -315.5 -487.71 180.9 0.001 0.001 0.0012 0
8 -346.2 -487.89 179.6 0.1573 0.0066 0.0066 0
11 -360.32 -487.87 180.1 0.632 0.6121 0.5605 0
12 -368.18 -487.81 178.9 0.632 0.6121 0.5605 0
11 -392.68 -487.71 179.7 0.632 0.6121 0.5605 0
2 -401.57 -487.81 181 0.9158 0.4045 0 0
13 -241.2 -451.26 -89 0.7818 0.7818 0.7519 0
2 -240.75 -425.8 -89.1 0.9158 0.4045 0 0
4 -240.87 -433.95 -89 0.148 0.2428 0.3587 0
12 -183.75 -472.65 0.2 0.68 0.68 0.6524 1
7 -228.13 -472.26 -0.5 0.0017 0.0017 0.002 0
4 -221.77 -472.2 1.1 0.1011 0.0029 0.0046 0
5 -207.89 -472.21 0.7 0.0119 0.0385 0.1247 0
8 -199.79 -472.17 0.7 0.001 0.001 0.0012 0
4 -193.88 -472.11 -0.6 0.2758 0.2932 0.3112 0
7 -136.11 -472.15 0 0.0546 0.06 0.0677 0
9 -128.42 -472.11 -0.1 0.0017 0.0017 0.0023 0
5 -105.65 -472.21 -0.9 0.0041 0.0041 0.005 0
4 -98.8 -472.13 -1 0.0072 0.0189 0.0658 0
8 -85.06 -472.19 0.7 0.001 0.001 0.0012 0
6 -77.62 -472.14 0.2 0.1011 0.0029 0.0046 0
4 -63.2 -472.24 -1.1 0.0189 0.022 0.029 0
8 -55 -472.21 0.5 0.3392 0.3537 0.3736 0
7 -47.67 -472.29 0.8 0.6941 0.6941 0.6661 0
9 -39.57 -472.17 -0.8 0.0014 0.0023 0.0037 0
6 -25.08 -472.16 0.2 0.021 0.043 0.0231 0
2 -152.43 -487.45 179.6 0.9158 0.4045 0 1
13 -217.52 -487.55 178.9 0.7818 0.7818 0.7519 0
6 -24.76 -487.71 180.1 0.0029 0.0033 0.0041 0
4 -31.41 -487.86 179.9 0.021 0.043 0.0231 0
4 -39.2 -487.84 180.5 0.7969 0.7742 0.7083 0
12 -46.64 -487.78 179.7 0.632 0.6121 0.5605 0
4 -57.29 -487.79 180.5 0.482 0.4936 0.5054 0
2 -72.44 -487.75 180.4 0.9158 0.4045 0 0
9 -79.13 -487.7 180.9 0.001 0.001 0.0012 0
4 -85.62 -487.73 180.5 0.4591 0.4045 0.2801 0
6 -99.5 -487.87 180.5 0.0017 0.0017 0.0023 0
6 -107.69 -487.72 179.2 0.2047 0.259 0.2801 0
1 -115.98 -487.71 179.4 0.9158 0.4045 0 0
7 -123.71 -487.7 180.9 0.1542 0.1636 0.1768 0
5 -131.05 -487.83 180.1 0.0546 0.0915 0.0461 0
5 -143.94 -487.84 179.2 0.1011 0.0029 0.0046 0
7 -9.1 -461.57 89.3 0.7969 0.7742 0.7083 0
1 -9.16 -455.13 89.3 0.9158 0.4045 0 0
4 -9.24 -446.89 89.6 0.2047 0.259 0.2801 0
8 -9.29 -440.93 89.4 0.4591 0.4045 0.2801 0
5 -9.12 -433.99 89.3 0.148 0.2428 0.3587 0
7 -9.12 -427.75 91 0.0189 0.022 0.029 0
3 125.4 -472.55 0.1 0.9158 0.4045 0 1
1 27.42 -472.16 -0.8 0.9158 0.4045 0 0
7 35.31 -472.14 -0.5 0.0017 0.0017 0.002 0
5 41.26 -472.12 -0.4 0.0189 0.022 0.029 0
10 48.96 -472.13 -0.2 0.3392 0.3537 0.3736 0
12 59.17 -472.17 0.3 0.632 0.6121 0.5605 0
11 77.91 -472.16 -0.9 0.632 0.6121 0.5605 0
11 93.28 -472.16 -0.1 0.68 0.68 0.6524 0
7 100.75 -472.22 -0.9 0.148 0.2428 0.3587 0
8 115.16 -472.24 -0.6 0.3345 0.2801 0.1801 0
6 143.77 -472.29 0.5 0.3345 0.2801 0.1801 0
9 158.09 -472.26 -0.3 0.0029 0.0033 0.0041 0
4 171.47 -472.12 -0.4 0.2047 0.259 0.2801 0
5 184.69 -472.26 0.4 0.0546 0.0915 0.0461 0
8 191.56 -472.18 0.4 0.0017 0.0017 0.0023 0
5 198.89 -472.27 -0.2 0.0072 0.0078 0.0097 0
6 206.01 -472.11 0.6 0.2047 0.259 0.2801 0
5 221.17 -472.29 -0.6 0.0546 0.0915 0.0461 0
2 118.44 -487.45 181.2 0.9158 0.4045 0 1
9 219.03 -487.86 180.9 0.0029 0.0033 0.0041 0
8 211 -487.71 180.6 0.021 0.043 0.0231 0
8 195.65 -487.78 180.5 0.1011 0.0029 0.0046 0
5 189.55 -487.78 179.2 0.0041 0.0041 0.005 0
2 181.89 -487.77 180.2 0.9158 0.4045 0 0
5 175.38 -487.76 179.7 0.0072 0.0189 0.0658 0
4 160.44 -487.73 181.1 0.632 0.632 0.5989 0
5 152.14 -487.74 180.5 0.0041 0.0041 0.005 0
5 131.55 -487.72 181.1 0.0017 0.0017 0.002 0
8 125.42 -487.81 180.3 0.0546 0.06 0.0677 0
4 110.73 -487.77 179.4 0.1542 0.1636 0.1768 0
4 104.64 -487.72 180.6 0.6941 0.6941 0.6661 0
9 97.77 -487.78 179.8 0.001 0.001 0.0012 0
11 81.16 -487.75 180.8 0.68 0.68 0.6524 0
10 72.63 -487.74 179 0.0023 0.0037 0.0055 0
6 64.25 -487.86 179.5 0.0017 0.0017 0.0023 0
4 58.37 -487.78 180.7 0.0072 0.0078 0.0097 0
2 51.93 -487.89 180.6 0.9158 0.4045 0 0
11 37.55 -487.87 179.8 0.7012 0.687 0.6388 0
7 29.1 -487.82 180.1 0.1011 0.0029 0.0046 0
5 240.86 -461.7 90.3 0.259 0.0097 0.0097 0
5 240.84 -455.06 88.9 0.2758 0.2932 0.3112 0
3 240.71 -448.33 90.3 0.9158 0.4045 0 0
12 240.74 -439.1 90.1 0.5924 0.5924 0.5795 0
9 240.86 -429.39 90.7 0.0014 0.0023 0.0037 0
9 240.73 -423.35 90 0.001 0.001 0.0012 0
13 258.8 -450.61 -90 0.7818 0.7818 0.7519 0
9 259.28 -422.67 -89 0.0029 0.0033 0.0041 0
3 259.24 -438.1 -90.9 0.9158 0.4045 0 0
12 390.26 -472.65 0.9 0.68 0.68 0.6524 1
3 380.77 -472.55 0.4 0.9158 0.4045 0 1
7 279.43 -472.18 1.1 0.0546 0.06 0.0677 0
7 295.25 -472.29 1.1 0.0072 0.0189 0.0658 0
0 308.69 -472.11 0 0.9158 0.4045 0 0
5 316.34 -472.2 -0.3 0.0041 0.0041 0.005 0
9 328.62 -472.25 1 0.0189 0.022 0.029 0
9 342.65 -472.26 -0.3 0.0017 0.0017 0.0023 0
10 370.62 -472.28 -0.1 0.0546 0.0915 0.0461 0
12 398.95 -472.12 1.1 0.632 0.6121 0.5605 0
2 375.16 -487.45 180.6 0.9158 0.4045 0 1
7 408.09 -487.79 179.5 0.1011 0.0029 0.0046 0
8 400.16 -487.7 179 0.148 0.2428 0.3587 0
4 394.4 -487.72 179.5 0.482 0.4936 0.5054 0
8 388.07 -487.83 179.9 0.0017 0.0017 0.0023 0
3 381.97 -487.85 180.2 0.9158 0.4045 0 0
5 367.46 -487.7 180.4 0.4591 0.4045 0.2801 0
6 360.93 -487.88 179.1 0.021 0.043 0.0231 0
9 353.21 -487.73 181.1 0.0029 0.0033 0.0041 0
8 346.51 -487.76 180.9 0.1573 0.0066 0.0066 0
9 317.89 -487.81 179.5 0.2047 0.259 0.2801 0
6 310.6 -487.83 180 0.4591 0.4045 0.2801 0
1 302.98 -487.72 180.9 0.9158 0.4045 0 0
6 294.93 -487.82 178.9 0.0546 0.0915 0.0461 0
9 287.68 -487.88 180.2 0.0399 0.0546 0.0781 0
2 273.98 -487.71 179.7 0.9158 0.4045 0 0
4 452.36 -472.2 -0.8 0.0189 0.022 0.029 0
12 460.84 -472.26 0.1 0.68 0.68 0.6524 0
12 472.95 -472.19 -1 0.7012 0.687 0.6388 0
4 482.53 -472.15 -1.1 0.2047 0.259 0.2801 0
6 489.39 -472.26 -1 0.0017 0.0017 0.0023 0
12 519.99 -472.19 0.4 0.68 0.68 0.6524 0
7 537.03 -472.26 -0.4 0.3345 0.2801 0.1801 0
4 558.36 -472.14 -0.6 0.4045 0.4259 0.4479 0
6 571.97 -472.15 0.8 0.0014 0.0023 0.0037 0
1 578.75 -472.22 0.9 0.9158 0.4045 0 0
5 586.26 -472.24 0.2 0.0189 0.022 0.029 0
2 498.22 -487.45 178.9 0.9158 0.4045 0 1
7 585.33 -487.83 181 0.482 0.4936 0.5054 0
6 578.69 -487.75 179 0.148 0.2428 0.3587 0
4 572.48 -487.81 180.7 0.2758 0.2932 0.3112 0
4 565.66 -487.76 180.4 0.4045 0.4259 0.4479 0
9 552.37 -487.75 179.4 0.0017 0.0017 0.0023 0
4 529.62 -487.71 180.7 0.0242 0.0697 0.1975 0
4 485.73 -487.81 179.4 0.0546 0.0915 0.0461 0
8 478.24 -487.73 179.1 0.482 0.4936 0.5054 0
5 466 -487.76 178.9 0.0399 0.0546 0.0781 0
1 601.15 -425.34 90.5 0.9158 0.4045 0 1
8 600.71 -457.46 90.2 0.1573 0.0066 0.0066 0
9 600.8 -450.53 89.7 0.0014 0.0023 0.0037 0
1 600.79 -443.95 89.8 0.9158 0.4045 0 0
7 600.76 -436.26 89.1 0.632 0.632 0.5989 0
11 -619.26 -380.69 90.6 0.5924 0.5924 0.5795 0
12 -619.14 -370.84 91.1 0.5924 0.5924 0.5795 0
8 -619.14 -361.34 89.6 0.0242 0.0697 0.1975 0
11 -619.15 -346.33 90.8 0.68 0.68 0.6524 0
4 -619.1 -338.67 91.1 0.7969 0.7742 0.7083 0
6 -600.85 -340.51 -90 0.0014 0.0023 0.0037 0
6 -600.82 -370.07 -90.1 0.0017 0.0017 0.0023 0
4 -600.87 -377.35 -90.5 0.259 0.0097 0.0097 0
1 -557.47 -396.45 0.8 0.9158 0.4045 0 1
8 -582.61 -396.12 0.9 0.1542 0.1636 0.1768 0
5 -574.36 -396.14 0.9 0.259 0.0097 0.0097 0
1 -547.65 -396.04 -0.6 0.9158 0.4045 0 0
5 -541.48 -396.15 -0.8 0.0119 0.0385 0.1247 0
8 -534.16 -396 0.8 0.001 0.001 0.0012 0
7 -518.08 -396.08 -0.9 0.7969 0.7742 0.7083 0
8 -511.78 -396.03 -0.4 0.0017 0.0017 0.0023 0
8 -498.56 -396.12 -0.5 0.2758 0.2932 0.3112 0
10 -489.74 -396.12 -0.3 0.3345 0.2801 0.1801 0
5 -481.98 -396.06 0 0.0399 0.0546 0.0781 0
10 -473.78 -396.01 -0.8 0.632 0.632 0.5989 0
12 -465.28 -396.04 0.8 0.5924 0.5924 0.5795 0
9 -455.79 -396.06 0.6 0.0658 0.0385 0.021 0
4 -587.16 -403.85 -0.6 0.021 0.043 0.0231 0
10 -577.81 -403.88 0.4 0.1011 0.0029 0.0046 0
7 -569.15 -403.98 0.2 0.1573 0.0066 0.0066 0
6 -563.24 -403.88 0.6 0.001 0.001 0.0012 0
6 -555.96 -403.97 -0.7 0.0017 0.0017 0.0023 0
6 -548.02 -403.92 1 0.001 0.001 0.0012 0
8 -540.83 -403.85 -0.7 0.0017 0.0017 0.0023 0
4 -534.49 -403.86 0.4 0.3345 0.2801 0.1801 0
6 -526.78 -403.9 0.8 0.0017 0.0017 0.0023 0
3 -520.45 -403.95 -1 0.3297 0.4313 0.0697 0
6 -514.01 -403.81 -0.4 0.0399 0.0546 0.0781 0
10 -504.86 -403.82 -0.9 0.2047 0.259 0.2801 0
5 -496.36 -403.94 -0.3 0.0072 0.0078 0.0097 0
3 -490.22 -403.9 0.7 0.9158 0.4045 0 0
0 -482 -403.87 -0.2 0.9158 0.4045 0 0
7 -473.98 -403.97 0.2 0.7969 0.7742 0.7083 0
3 -466.53 -403.9 -0.1 0.3297 0.4313 0.0697 0
3 -438.85 -365.5 90.1 0.9158 0.4045 0 1
9 -439.18 -356.68 89.2 0.0029 0.0033 0.0041 0
3 -439.24 -342.16 91 0.9158 0.4045 0 0
6 -409.47 -396.13 -0.2 0.0014 0.0023 0.0037 0
4 -395.91 -396.18 0.7 0.3392 0.3537 0.3736 0
5 -387.95 -396.15 -0.1 0.482 0.4936 0.5054 0
6 -381.48 -396.06 1 0.2047 0.259 0.2801 0
8 -373.53 -396.07 1 0.482 0.4936 0.5054 0
5 -366.73 -396.04 1.1 0.7969 0.7742 0.7083 0
7 -359.67 -396.18 0.8 0.0242 0.0697 0.1975 0
9 -352.3 -396.13 -0.1 0.0189 0.022 0.029 0
6 -344.74 -396.06 -0.1 0.0658 0.0385 0.021 0
6 -337.56 -396.01 -0.5 0.259 0.0097 0.0097 0
4 -321.8 -396.14 -0.1 0.7969 0.7742 0.7083 0
11 -314.4 -396.05 -0.1 0.5924 0.5924 0.5795 0
5 -306.51 -396 -1.1 0.0658 0.0385 0.021 0
9 -299.69 -396.02 -0.9 0.0029 0.0033 0.0041 0
5 -292.01 -396.02 0.7 0.482 0.4936 0.5054 0
6 -283.65 -396.15 -0.5 0.0014 0.0023 0.0037 0
10 -274.21 -396 -1 0.0399 0.0546 0.0781 0
9 -405.6 -403.96 0.6 0.0017 0.0017 0.0023 0
1 -399.09 -403.96 0.3 0.9158 0.4045 0 0
2 -392.06 -403.89 0.5 0.9158 0.4045 0 0
4 -383.64 -403.88 0.9 0.6941 0.6941 0.6661 0
7 -376.34 -403.89 0.7 0.482 0.4936 0.5054 0
11 -367.87 -403.89 0 0.632 0.6121 0.5605 0
8 -358.83 -403.86 0.4 0.259 0.0097 0.0097 0
10 -349.38 -403.89 0.1 0.148 0.2428 0.3587 0
9 -342.48 -403.97 0.7 0.148 0.2428 0.3587 0
8 -335.87 -403.81 0.2 0.0072 0.0189 0.0658 0
7 -323.07 -403.8 -0.9 0.4045 0.4259 0.4479 0
9 -307.7 -403.96 0.3 0.0029 0.0033 0.0041 0
4 -300.96 -403.94 -0.4 0.2047 0.259 0.2801 0
8 -294.24 -403.9 -0.3 0.021 0.043 0.0231 0
4 -287.73 -403.87 -0.6 0.4591 0.4045 0.2801 0
4 -280.44 -403.92 0.8 0.2758 0.2932 0.3112 0
1 -241.15 -352.23 -89.8 0.9158 0.4045 0 1
5 -240.83 -337.1 -90.7 0.0041 0.0041 0.005 0
7 -240.72 -344.11 -90.8 0.2047 0.259 0.2801 0
11 -240.78 -359.64 -89.7 0.7012 0.687 0.6388 0
4 -240.88 -366.46 -90.9 0.0546 0.0915 0.0461 0
5 -240.84 -373.73 -90.3 0.7969 0.7742 0.7083 0
4 -240.75 -381.4 -90.4 0.148 0.2428 0.3587 0
12 -176.24 -396.95 -1.2 0.632 0.6121 0.5605 1
4 -225.93 -396.15 0.5 0.0119 0.0385 0.1247 0
8 -218.56 -396.12 -0.2 0.0029 0.0033 0.0041 0
2 -210.53 -396.19 -0.4 0.9158 0.4045 0 0
4 -203.37 -396.01 1 0.4045 0.4259 0.4479 0
6 -197.37 -396.11 0.9 0.0189 0.022 0.029 0
9 -190.48 -396.01 0.9 0.0014 0.0023 0.0037 0
4 -162.75 -396.06 0.1 0.2758 0.2932 0.3112 0
7 -156.38 -396.08 0.3 0.0399 0.0546 0.0781 0
8 -141.65 -396.17 -0.1 0.001 0.001 0.0012 0
5 -135.32 -396.1 -0.4 0.1542 0.1636 0.1768 0
4 -120.66 -396.17 -0.8 0.3345 0.2801 0.1801 0
7 -114.62 -396.14 0.8 0.0023 0.0037 0.0055 0
10 -106.51 -396 -0.2 0.2047 0.259 0.2801 0
4 -53.99 -396.17 0.6 0.2047 0.259 0.2801 0
4 -46.54 -396.04 -1 0.0658 0.0385 0.021 0
9 -40.38 -396.15 0.2 0.021 0.043 0.0231 0
5 -33.53 -396.09 0.9 0.2758 0.2932 0.3112 0
2 -117.02 -403.55 -0.9 0.9158 0.4045 0 1
0 -220.16 -403.9 0.7 0.9158 0.4045 0 0
4 -213.84 -403.97 -0.7 0.0242 0.0697 0.1975 0
4 -205.61 -403.92 0.9 0.0546 0.06 0.0677 0
7 -199.04 -403.91 0.8 0.0658 0.0385 0.021 0
5 -186.01 -403.87 0.8 0.0658 0.0385 0.021 0
7 -178.32 -403.85 0.9 0.6941 0.6941 0.6661 0
7 -170.22 -403.86 -0.7 0.3392 0.3537 0.3736 0
5 -163.92 -403.85 0.9 0.0041 0.0041 0.005 0
7 -157.21 -403.95 0.3 0.0041 0.0041 0.005 0
4 -142.32 -403.98 0.5 0.0072 0.0078 0.0097 0
10 -132.94 -403.99 -1 0.1542 0.1636 0.1768 0
7 -125.08 -403.91 1.1 0.0658 0.0385 0.021 0
5 -111.01 -403.92 -0.8 0.259 0.0097 0.0097 0
7 -67.51 -403.87 -0.5 0.0072 0.0078 0.0097 0
11 -58.94 -403.88 1.1 0.632 0.6121 0.5605 0
7 -52.25 -403.82 0.1 0.7667 0.7667 0.7445 0
5 -46.21 -403.98 0.9 0.259 0.0097 0.0097 0
8 -39.5 -403.9 0.1 0.0658 0.0385 0.021 0
7 -32.17 -403.95 0.8 0.1011 0.0029 0.0046 0
1 -25.2 -403.88 -0.4 0.9158 0.4045 0 0
6 -9.25 -375.53 89.3 0.0189 0.022 0.029 0
12 -9.13 -360.64 91.1 0.5924 0.5924 0.5795 0
7 -9.18 -352.1 91.1 0.2047 0.259 0.2801 0
2 220.07 -396.45 1.4 0.9158 0.4045 0 1
11 23.24 -396.06 -0.2 0.68 0.68 0.6524 0
5 30.35 -396.04 0.7 0.3345 0.2801 0.1801 0
6 37.24 -396.08 -0.5 0.1542 0.1636 0.1768 0
6 44.99 -396.08 0.9 0.0029 0.0033 0.0041 0
10 52.46 -396.15 -1 0.0658 0.0385 0.021 0
7 59.19 -396.12 0.7 0.0072 0.0078 0.0097 0
6 65.74 -396.2 -0.2 0.0017 0.0017 0.0023 0
8 73.76 -396.19 0.5 0.0399 0.0546 0.0781 0
5 81.56 -396.07 0.5 0.0041 0.0041 0.005 0
4 94.92 -396.11 -1.1 0.1573 0.0066 0.0066 0
9 102.76 -396.16 -0.1 0.021 0.043 0.0231 0
4 109.37 -396 -0.3 0.3392 0.3537 0.3736 0
4 117.24 -396.11 -0.3 0.0658 0.0385 0.021 0
7 131.83 -396.18 -0.2 0.0546 0.0915 0.0461 0
4 138.21 -396.16 -0.8 0.0189 0.022 0.029 0
5 144.65 -396.2 -0.4 0.259 0.0097 0.0097 0
9 152.31 -396.1 0.5 0.0014 0.0023 0.0037 0
4 160.53 -396.02 0.8 0.4045 0.4259 0.4479 0
8 167.89 -396.07 1.1 0.0072 0.0189 0.0658 0
10 175.52 -396.09 0.3 0.148 0.2428 0.3587 0
3 184.07 -396.09 0 0.9158 0.4045 0 0
4 190.77 -396.12 0.9 0.1542 0.1636 0.1768 0
11 205.15 -396.12 -0.9 0.7012 0.687 0.6388 0
6 213.12 -396.17 -1.1 0.1542 0.1636 0.1768 0
6 20.23 -403.95 -1 0.0546 0.0915 0.0461 0
8 26.83 -403.9 0 0.0017 0.0017 0.0023 0
9 33.14 -403.96 0.7 0.0189 0.022 0.029 0
4 39.48 -403.98 -0.8 0.0658 0.0385 0.021 0
6 46.2 -403.94 -0.8 0.0014 0.0023 0.0037 0
8 60.09 -403.94 -0.1 0.259 0.0097 0.0097 0
8 68.04 -403.83 0.3 0.0072 0.0189 0.0658 0
2 82.98 -403.96 0.6 0.9158 0.4045 0 0
0 89.92 -403.94 0.3 0.9158 0.4045 0 0
7 96.09 -403.83 -0.5 0.3392 0.3537 0.3736 0
4 102.92 -403.95 0.9 0.021 0.043 0.0231 0
6 110.56 -403.92 -0.6 0.021 0.043 0.0231 0
9 118.34 -403.84 -0.6 0.0017 0.0017 0.0023 0
8 139.99 -403.94 -0.3 0.2047 0.259 0.2801 0
12 147.36 -403.87 -0.3 0.7012 0.687 0.6388 0
6 156.82 -403.98 -0.9 0.148 0.2428 0.3587 0
4 182.52 -403.84 0.1 0.1011 0.0029 0.0046 0
9 190.67 -403.85 1.1 0.0014 0.0023 0.0037 0
3 197.72 -403.82 0.8 0.3297 0.4313 0.0697 0
4 211.83 -403.81 0.8 0.4591 0.4045 0.2801 0
3 218.34 -403.83 -0.6 0.9158 0.4045 0 0
10 226.12 -403.97 0.6 0.1011 0.0029 0.0046 0
6 259.12 -349.09 -90 0.021 0.043 0.0231 0
8 259.27 -371.05 -89.9 0.1573 0.0066 0.0066 0
8 259.21 -377.15 -90.2 0.3392 0.3537 0.3736 0
5 278.53 -396.14 -0.3 0.148 0.2428 0.3587 0
8 286.36 -396.19 -0.9 0.001 0.001 0.0012 0
8 292.73 -396.11 0.4 0.0242 0.0697 0.1975 0
8 300.23 -396.19 0.3 0.0546 0.06 0.0677 0
8 306.83 -396.15 0 0.0189 0.022 0.029 0
9 314.59 -396.19 -1.1 0.0029 0.0033 0.0041 0
6 322.53 -396.11 0 0.0029 0.0033 0.0041 0
1 329.56 -396.15 0.5 0.9158 0.4045 0 0
9 336.24 -396.01 0.7 0.021 0.043 0.0231 0
2 343.97 -396.12 0.1 0.9158 0.4045 0 0
9 349.85 -396.12 0.4 0.4591 0.4045 0.2801 0
4 356.07 -396.13 -1 0.0072 0.0078 0.0097 0
9 362.71 -396.13 0.6 0.0189 0.022 0.029 0
11 371.02 -396.15 1 0.7012 0.687 0.6388 0
5 393.39 -396.03 0.8 0.0017 0.0017 0.002 0
6 400.07 -396.17 0.8 0.0014 0.0023 0.0037 0
12 284.47 -402.85 0.5 0.7012 0.687 0.6388 1
6 274.67 -403.81 -0.6 0.0892 0.0963 0.1062 0
8 295.6 -403.93 0.3 0.021 0.043 0.0231 0
5 303.58 -403.94 -1 0.0072 0.0078 0.0097 0
5 316.24 -403.94 1.1 0.4591 0.4045 0.2801 0
5 322.53 -403.95 0 0.0546 0.06 0.0677 0
9 330.64 -403.96 0.3 0.2047 0.259 0.2801 0
5 338.3 -403.8 1 0.0072 0.0189 0.0658 0
6 346.23 -403.81 0.3 0.0399 0.0546 0.0781 0
1 360.89 -403.84 0.1 0.9158 0.4045 0 0
10 377.46 -403.96 -0.1 0.2047 0.259 0.2801 0
8 384.42 -403.89 0.6 0.0014 0.0023 0.0037 0
11 392.7 -403.87 -0.8 0.632 0.6121 0.5605 0
12 509.52 -396.95 -1.1 0.5924 0.5924 0.5795 1
8 452.2 -396.04 0.8 0.1542 0.1636 0.1768 0
4 459.48 -396.13 -0.4 0.3392 0.3537 0.3736 0
5 465.69 -396.05 -0.9 0.0546 0.0915 0.0461 0
11 479.55 -396.01 0.1 0.5924 0.5924 0.5795 0
6 487.01 -396.03 0.8 0.0017 0.0017 0.0023 0
8 494.5 -396.12 1.1 0.021 0.043 0.0231 0
5 501.27 -396.07 0.9 0.7667 0.7667 0.7445 0
4 523.06 -396.08 -0.3 0.3392 0.3537 0.3736 0
8 537.64 -396.08 0.7 0.2758 0.2932 0.3112 0
9 544.78 -396.14 1.1 0.001 0.001 0.0012 0
4 552.27 -396.15 -0.2 0.2758 0.2932 0.3112 0
6 560.29 -396.14 0.6 0.0029 0.0033 0.0041 0
10 569.41 -396.12 0 0.0189 0.022 0.029 0
9 578.37 -396.08 -1 0.001 0.001 0.0012 0
10 585.85 -396.1 0.1 0.482 0.4936 0.5054 0
3 480.78 -403.55 -1.4 0.3297 0.4313 0.0697 1
4 470.83 -403.93 -0.3 0.4045 0.4259 0.4479 0
12 495.75 -403.89 1 0.7012 0.687 0.6388 0
7 505.15 -403.83 -0.6 0.0072 0.0078 0.0097 0
9 511.1 -403.92 0.8 0.148 0.2428 0.3587 0
8 518.4 -403.89 -0.1 0.2047 0.259 0.2801 0
1 526.28 -403.85 0.1 0.9158 0.4045 0 0
7 533.99 -403.87 -0.2 0.0658 0.0385 0.021 0
11 541.41 -403.84 0 0.5924 0.5924 0.5795 0
11 558.19 -403.9 -0.5 0.5924 0.5924 0.5795 0
4 565.49 -403.85 0.2 0.021 0.043 0.0231 0
5 579.36 -403.93 -0.8 0.4591 0.4045 0.2801 0
7 585.74 -403.89 0.1 0.148 0.2428 0.3587 0
12 601.85 -356.58 91.3 0.632 0.6121 0.5605 1
2 601.15 -381.49 90.2 0.9158 0.4045 0 1
6 600.73 -373.46 90.3 0.0017 0.0017 0.0023 0
4 600.7 -367.06 89.4 0.4045 0.4259 0.4479 0
12 -618.15 -270.3 91 0.68 0.68 0.6524 1
13 -618.8 -268.65 88.9 0.7818 0.7818 0.7519 0
5 -619.17 -304.66 90.9 0.0072 0.0078 0.0097 0
7 -619.13 -296.99 88.9 0.7667 0.7667 0.7445 0
12 -619.17 -289.09 88.9 0.5924 0.5924 0.5795 0
9 -619.21 -258.47 89.3 0.001 0.001 0.0012 0
12 -601.85 -275.09 -89.3 0.632 0.6121 0.5605 1
6 -600.74 -254.63 -89.6 0.0017 0.0017 0.0023 0
8 -600.77 -284.85 -90.1 0.001 0.001 0.0012 0
8 -600.74 -290.82 -91 0.021 0.043 0.0231 0
4 -600.8 -297.29 -88.9 0.7667 0.7667 0.7445 0
9 -458.33 -323.96 180.6 0.0014 0.0023 0.0037 0
4 -472.1 -323.9 178.9 0.0041 0.0041 0.005 0
5 -479.32 -323.93 179.5 0.148 0.2428 0.3587 0
10 -487.6 -323.87 179 0.4045 0.4259 0.4479 0
6 -494.15 -323.88 179 0.0017 0.0017 0.0023 0
8 -501.12 -323.96 180.6 0.0029 0.0033 0.0041 0
12 -508.65 -323.96 181.1 0.68 0.68 0.6524 0
10 -520.55 -323.94 181.1 0.482 0.4936 0.5054 0
5 -528.13 -323.84 180.5 0.1542 0.1636 0.1768 0
6 -536.1 -323.81 179.9 0.0014 0.0023 0.0037 0
4 -544.25 -323.85 179.1 0.0546 0.06 0.0677 0
7 -551.26 -323.95 180.5 0.1542 0.1636 0.1768 0
7 -578.75 -323.8 180.5 0.0399 0.0546 0.0781 0
4 -585.11 -323.8 180.8 0.0041 0.0041 0.005 0
12 -454.38 -317.15 181 0.7012 0.687 0.6388 1
2 -551.79 -316.45 180.1 0.9158 0.4045 0 1
6 -466.75 -316.09 179.4 0.0014 0.0023 0.0037 0
5 -473.52 -316.02 179.2 0.6941 0.6941 0.6661 0
6 -487.46 -316.08 179.4 0.259 0.0097 0.0097 0
5 -494.06 -316.06 180 0.1011 0.0029 0.0046 0
6 -501.74 -316.02 180 0.0399 0.0546 0.0781 0
11 -509.26 -316.01 179.2 0.632 0.6121 0.5605 0
4 -517.56 -316.01 178.9 0.0399 0.0546 0.0781 0
8 -523.96 -316.17 180.8 0.021 0.043 0.0231 0
0 -532.35 -316.14 179.6 0.9158 0.4045 0 0
7 -539.23 -316.09 179.2 0.6941 0.6941 0.6661 0
9 -560.56 -316.02 180.3 0.0014 0.0023 0.0037 0
9 -567.09 -316.16 180.5 0.0014 0.0023 0.0037 0
7 -575.18 -316.15 179.3 0.0189 0.022 0.029 0
6 -583.45 -316.1 180.7 0.0029 0.0033 0.0041 0
8 -439.24 -305.48 89.8 0.0017 0.0017 0.0023 0
12 -439.21 -297.75 90.3 0.5924 0.5924 0.5795 0
10 -439.22 -286.97 89.5 0.3392 0.3537 0.3736 0
9 -439.11 -279.32 90.4 0.001 0.001 0.0012 0
4 -439.26 -272.6 90.3 0.0546 0.06 0.0677 0
6 -439.15 -266.07 91 0.1011 0.0029 0.0046 0
7 -271.99 -323.85 179.6 0.1542 0.1636 0.1768 0
12 -279.37 -323.88 180 0.7012 0.687 0.6388 0
8 -288.88 -323.86 180.5 0.4591 0.4045 0.2801 0
6 -296.29 -323.91 180.8 0.3345 0.2801 0.1801 0
7 -303.13 -323.95 181.1 0.0546 0.0915 0.0461 0
8 -311.14 -323.94 179.1 0.4591 0.4045 0.2801 0
8 -317.19 -323.86 179.3 0.0546 0.06 0.0677 0
9 -324.82 -323.87 180.4 0.0017 0.0017 0.0023 0
7 -331.84 -323.95 180.3 0.482 0.4936 0.5054 0
10 -348.41 -323.81 180 0.482 0.4936 0.5054 0
1 -356.85 -323.95 181 0.9158 0.4045 0 0
7 -365.08 -323.88 180.4 0.0892 0.0963 0.1062 0
4 -373.13 -323.89 179.2 0.1011 0.0029 0.0046 0
3 -381.2 -323.91 179.8 0.9158 0.4045 0 0
5 -387.33 -323.95 179.2 0.021 0.043 0.0231 0
7 -394.75 -323.93 180.7 0.0017 0.0017 0.002 0
5 -402.93 -323.88 179.2 0.0072 0.0189 0.0658 0
10 -274.67 -316.1 181.1 0.0892 0.0963 0.1062 0
12 -283.74 -316.08 179.1 0.68 0.68 0.6524 0
8 -293.72 -316.12 180.3 0.0546 0.0915 0.0461 0
10 -301.21 -316.07 181.1 0.1542 0.1636 0.1768 0
4 -316.99 -316.07 180.3 0.6941 0.6941 0.6661 0
8 -322.85 -316.03 180.3 0.482 0.4936 0.5054 0
9 -330.77 -316.18 178.9 0.001 0.001 0.0012 0
5 -345.81 -316.04 179.6 0.7969 0.7742 0.7083 0
2 -360.75 -316.1 179.9 0.9158 0.4045 0 0
5 -367.71 -316.04 180 0.1573 0.0066 0.0066 0
6 -381.36 -316.2 179 0.0017 0.0017 0.0023 0
5 -389.07 -316.05 180.9 0.0017 0.0017 0.002 0
5 -401.62 -316.09 180.6 0.1542 0.1636 0.1768 0
3 -23.88 -323.84 180.1 0.9158 0.4045 0 0
9 -31.87 -324 180.2 0.001 0.001 0.0012 0
7 -38.06 -323.9 179.2 0.2047 0.259 0.2801 0
4 -44.92 -323.87 179.8 0.0189 0.022 0.029 0
7 -52.48 -323.96 179.8 0.148 0.2428 0.3587 0
2 -68.6 -323.87 179.7 0.9158 0.4045 0 0
12 -77.62 -323.85 180.9 0.632 0.6121 0.5605 0
7 -88.35 -323.96 179.3 0.632 0.632 0.5989 0
7 -102.69 -323.97 181.1 0.3392 0.3537 0.3736 0
12 -110.66 -324 180 0.68 0.68 0.6524 0
6 -119.67 -323.87 179.5 0.0399 0.0546 0.0781 0
4 -125.49 -323.99 181.1 0.0017 0.0017 0.002 0
2 -131.69 -323.85 180.6 0.9158 0.4045 0 0
7 -138.51 -323.87 180.2 0.0892 0.0963 0.1062 0
8 -146.26 -323.92 179.9 0.0546 0.0915 0.0461 0
4 -153.18 -323.83 179.1 0.632 0.632 0.5989 0
6 -160.85 -323.96 180.8 0.0546 0.06 0.0677 0
4 -167.95 -323.98 179.4 0.482 0.4936 0.5054 0
6 -175.73 -323.9 180.4 0.0014 0.0023 0.0037 0
8 -182.7 -323.8 181 0.1573 0.0066 0.0066 0
5 -190.32 -323.8 180.2 0.0072 0.0189 0.0658 0
7 -198.6 -323.93 180.7 0.3345 0.2801 0.1801 0
10 -213.18 -323.93 179.4 0.0041 0.0041 0.005 0
4 -221.32 -323.96 180.9 0.0399 0.0546 0.0781 0
5 -22.27 -316.2 180.9 0.6941 0.6941 0.6661 0
2 -36.97 -316.08 179.6 0.9158 0.4045 0 0
6 -43.32 -316.03 180.7 0.0017 0.0017 0.0023 0
4 -58.25 -316.1 179.6 0.0242 0.0697 0.1975 0
8 -66.36 -316.08 179.7 0.1011 0.0029 0.0046 0
6 -80.97 -316.04 179.5 0.0017 0.0017 0.0023 0
7 -86.93 -316.01 179.3 0.148 0.2428 0.3587 0
2 -93.83 -316.14 180.2 0.9158 0.4045 0 0
8 -108.34 -316.12 180 0.0014 0.0023 0.0037 0
5 -115.87 -316.09 180.2 0.0189 0.022 0.029 0
12 -124.23 -316.16 179.1 0.5924 0.5924 0.5795 0
12 -135.27 -316.16 179.9 0.7012 0.687 0.6388 0
7 -144.51 -316.01 179.5 0.7667 0.7667 0.7445 0
7 -151.52 -316.15 179.7 0.259 0.0097 0.0097 0
6 -157.62 -316.17 180.6 0.0242 0.0697 0.1975 0
7 -165.82 -316.12 179.3 0.482 0.4936 0.5054 0
3 -172.17 -316.18 181 0.9158 0.4045 0 0
7 -179.43 -316.01 180.3 0.2758 0.2932 0.3112 0
6 -193.48 -316.08 179.2 0.0029 0.0033 0.0041 0
10 -201.97 -316.06 179.6 0.0189 0.022 0.029 0
4 -217.39 -316 180.2 0.1573 0.0066 0.0066 0
9 -223.69 -316.08 180.3 0.0029 0.0033 0.0041 0
12 8.15 -281.62 -89.9 0.5924 0.5924 0.5795 1
1 8.85 -281.11 -90.4 0.9158 0.4045 0 1
4 9.28 -257.54 -90 0.021 0.043 0.0231 0
8 9.13 -297.65 -89.9 0.1542 0.1636 0.1768 0
1 50.8 -323.55 180.7 0.9158 0.4045 0 1
7 228.11 -323.87 178.9 0.0041 0.0041 0.005 0
4 222.09 -323.95 179.7 0.0546 0.0915 0.0461 0
7 214.8 -323.96 179.1 0.0546 0.0915 0.0461 0
9 202.77 -323.9 179.9 0.0029 0.0033 0.0041 0
7 194.55 -323.99 178.9 0.021 0.043 0.0231 0
4 186.52 -323.96 180.6 0.0189 0.022 0.029 0
8 178.32 -323.8 181 0.259 0.0097 0.0097 0
6 170.54 -323.91 181.1 0.259 0.0097 0.0097 0
6 163.82 -323.93 179.3 0.0892 0.0963 0.1062 0
6 156.82 -324 181 0.0399 0.0546 0.0781 0
12 148.22 -323.84 180.9 0.632 0.6121 0.5605 0
5 138.45 -323.87 180 0.0546 0.06 0.0677 0
11 130.96 -323.91 180.5 0.68 0.68 0.6524 0
6 122.1 -323.92 180.7 0.0892 0.0963 0.1062 0
6 114.89 -323.88 179 0.0399 0.0546 0.0781 0
6 107.54 -323.99 180.9 0.1573 0.0066 0.0066 0
5 99.65 -323.95 179 0.0546 0.06 0.0677 0
9 69.06 -323.85 179.2 0.0017 0.0017 0.0023 0
9 62.76 -323.94 179.9 0.0029 0.0033 0.0041 0
2 42.21 -323.97 181.1 0.9158 0.4045 0 0
7 26.56 -323.82 180.5 0.1011 0.0029 0.0046 0
3 38.89 -316.45 181.4 0.9158 0.4045 0 1
6 219.23 -316.16 179.8 0.0014 0.0023 0.0037 0
8 212.18 -316.01 179.7 0.0029 0.0033 0.0041 0
3 197.11 -316.09 179.8 0.9158 0.4045 0 0
5 190.5 -316.16 179.5 0.7667 0.7667 0.7445 0
4 184.5 -316.04 180.7 0.3392 0.3537 0.3736 0
12 176.52 -316.09 180.9 0.68 0.68 0.6524 0
6 166.62 -316.01 179.9 0.0014 0.0023 0.0037 0
7 159.72 -316.04 180.3 0.0546 0.06 0.0677 0
6 151.53 -316.18 179.5 0.3345 0.2801 0.1801 0
6 145.51 -316.17 180.1 0.001 0.001 0.0012 0
4 137.3 -316.05 179.3 0.6941 0.6941 0.6661 0
8 129.38 -316.09 181 0.0014 0.0023 0.0037 0
7 123.14 -316.07 179.2 0.0242 0.0697 0.1975 0
9 107.69 -316.1 179.4 0.3345 0.2801 0.1801 0
6 99.56 -316.04 180.3 0.0242 0.0697 0.1975 0
1 92.34 -316.09 179.4 0.9158 0.4045 0 0
4 85.6 -316.03 180.2 0.0072 0.0078 0.0097 0
7 78.89 -316.14 179 0.0119 0.0385 0.1247 0
6 72.6 -316.01 179 0.021 0.043 0.0231 0
4 64.39 -316.03 179 0.0399 0.0546 0.0781 0
8 45.69 -316.09 179.3 0.0029 0.0033 0.0041 0
5 30.54 -316.06 180.4 0.148 0.2428 0.3587 0
9 240.89 -297.72 90.1 0.0017 0.0017 0.0023 0
7 240.81 -290.28 89.5 0.4591 0.4045 0.2801 0
4 240.79 -282.42 88.9 0.7667 0.7667 0.7445 0
2 240.87 -268.2 89.8 0.9158 0.4045 0 0
2 240.85 -260.93 89.5 0.9158 0.4045 0 0
1 258.85 -285.63 -89.1 0.9158 0.4045 0 1
6 259.29 -257.05 -89.7 0.001 0.001 0.0012 0
6 259.18 -264.4 -90.4 0.0029 0.0033 0.0041 0
6 259.23 -272.46 -89.3 0.001 0.001 0.0012 0
6 259.17 -294.46 -90.8 0.0029 0.0033 0.0041 0
7 259.24 -301.82 -89.9 0.0023 0.0037 0.0055 0
5 399.58 -323.89 180.5 0.1542 0.1636 0.1768 0
6 392.32 -323.86 179.2 0.0017 0.0017 0.0023 0
6 378.15 -323.81 179.1 0.0399 0.0546 0.0781 0
4 370.42 -323.98 179.8 0.0041 0.0041 0.005 0
4 363.41 -323.94 179.4 0.021 0.043 0.0231 0
7 357.43 -323.96 180.8 0.632 0.632 0.5989 0
0 351.35 -323.96 179.4 0.9158 0.4045 0 0
5 343.37 -323.93 181 0.0023 0.0037 0.0055 0
6 335.35 -323.87 180.6 0.148 0.2428 0.3587 0
6 321.34 -323.9 180.8 0.001 0.001 0.0012 0
6 307.85 -323.88 180.5 0.0546 0.0915 0.0461 0
6 299.97 -323.85 180.4 0.0014 0.0023 0.0037 0
11 283.59 -323.84 180 0.7012 0.687 0.6388 0
1 276.35 -323.95 179.5 0.9158 0.4045 0 0
8 397.71 -316.08 180.6 0.0029 0.0033 0.0041 0
4 389.92 -316.15 180.1 0.632 0.632 0.5989 0
7 382.27 -316.19 180.9 0.4591 0.4045 0.2801 0
6 374.43 -316.16 180.7 0.1011 0.0029 0.0046 0
3 366.35 -316.19 179.7 0.9158 0.4045 0 0
1 353.81 -316.15 180.3 0.9158 0.4045 0 0
10 345.55 -316.19 179.8 0.632 0.632 0.5989 0
9 338 -316.2 180.9 0.0017 0.0017 0.0023 0
6 330.85 -316.19 178.9 0.1542 0.1636 0.1768 0
6 324.81 -316.08 180.5 0.1573 0.0066 0.0066 0
9 309.32 -316.09 179.5 0.0029 0.0033 0.0041 0
8 302.04 -316.04 180.4 0.2047 0.259 0.2801 0
12 286.88 -316.19 179.6 0.5924 0.5924 0.5795 0
9 277.01 -316.13 179.6 0.4591 0.4045 0.2801 0
6 420.81 -304.53 90.9 0.0546 0.06 0.0677 0
4 420.88 -298.5 90 0.4045 0.4259 0.4479 0
4 420.72 -290.19 89.4 0.0546 0.06 0.0677 0
6 420.89 -275.59 89.1 0.0029 0.0033 0.0041 0
8 420.71 -260.13 90.4 0.1011 0.0029 0.0046 0
3 438.85 -277.24 -89.6 0.9158 0.4045 0 1
6 439.15 -286.16 -90.7 0.1542 0.1636 0.1768 0
7 439.28 -293.94 -89.9 0.3392 0.3537 0.3736 0
4 439.12 -301.55 -90.1 0.0023 0.0037 0.0055 0
12 487.7 -317.15 178.7 0.632 0.6121 0.5605 1
10 563.42 -316.12 180.7 0.0023 0.0037 0.0055 0
4 556.17 -316.14 180.5 0.2758 0.2932 0.3112 0
8 526.3 -316.17 180.8 0.001 0.001 0.0012 0
9 518.08 -316.14 179.7 0.001 0.001 0.0012 0
4 505.36 -316.14 179 0.632 0.632 0.5989 0
8 497.96 -316.02 179.9 0.021 0.043 0.0231 0
11 477.1 -316.02 179.4 0.5924 0.5924 0.5795 0
9 461.6 -316.11 179.1 0.0014 0.0023 0.0037 0
5 454.56 -316.05 180.8 0.0189 0.022 0.029 0
2 -601.15 -192.21 -91.2 0.9158 0.4045 0 1
7 -600.7 -174.95 -89.3 0.0072 0.0078 0.0097 0
5 -600.75 -181.74 -90.9 0.7969 0.7742 0.7083 0
8 -600.72 -205.31 -88.9 0.259 0.0097 0.0097 0
12 -600.82 -214.8 -88.9 0.7012 0.687 0.6388 0
4 -588.72 -236.13 -0.2 0.0546 0.0915 0.0461 0
8 -582.9 -236.05 -0.3 0.001 0.001 0.0012 0
7 -576 -236.05 0.9 0.7969 0.7742 0.7083 0
6 -560.97 -236.18 -1 0.1011 0.0029 0.0046 0
6 -545.97 -236.15 0.4 0.1573 0.0066 0.0066 0
4 -538.69 -236.05 -0.4 0.0189 0.022 0.029 0
9 -530.69 -236 1 0.0014 0.0023 0.0037 0
10 -521.79 -236.15 0.6 0.1011 0.0029 0.0046 0
4 -507.17 -236.14 0.4 0.6941 0.6941 0.6661 0
4 -499.76 -236.05 1.1 0.1011 0.0029 0.0046 0
5 -493.19 -236.11 0.6 0.4591 0.4045 0.2801 0
5 -485.17 -236.16 0.3 0.0072 0.0078 0.0097 0
4 -478.11 -236.01 0.4 0.4045 0.4259 0.4479 0
1 -469.97 -236.19 -0.3 0.9158 0.4045 0 0
13 -438.8 -182.65 88.8 0.7818 0.7818 0.7519 0
8 -439.14 -206.67 89.2 0.001 0.001 0.0012 0
7 -439.1 -200.29 90.9 0.7969 0.7742 0.7083 0
8 -439.29 -192.45 90.2 0.001 0.001 0.0012 0
2 -408.22 -236.16 0.9 0.9158 0.4045 0 0
4 -400.37 -236.16 -0.1 0.1011 0.0029 0.0046 0
5 -393.25 -236.02 0.4 0.6941 0.6941 0.6661 0
8 -387.17 -236.04 -0.6 0.0072 0.0189 0.0658 0
6 -380.99 -236.17 0.4 0.001 0.001 0.0012 0
4 -373.88 -236.13 -0.6 0.1011 0.0029 0.0046 0
8 -366.41 -236.05 -0.8 0.0029 0.0033 0.0041 0
4 -351.79 -236.16 -0.8 0.3392 0.3537 0.3736 0
9 -344.39 -236.19 -0.6 0.021 0.043 0.0231 0
9 -337.09 -236.11 0.6 0.0029 0.0033 0.0041 0
6 -330.96 -236.11 -1.1 0.3345 0.2801 0.1801 0
5 -323.33 -236.06 -1.1 0.0546 0.0915 0.0461 0
2 -309.95 -236.08 -0.3 0.9158 0.4045 0 0
4 -303.78 -236.08 0.4 0.3392 0.3537 0.3736 0
4 -296.1 -236.1 0.8 0.0242 0.0697 0.1975 0
7 -281.78 -236.14 0.8 0.0658 0.0385 0.021 0
6 -274.26 -236.19 -0.7 0.1011 0.0029 0.0046 0
3 -354.33 -243.55 0.7 0.9158 0.4045 0 1
7 -392.79 -243.83 -0.5 0.6941 0.6941 0.6661 0
6 -385.73 -243.81 0.2 0.0892 0.0963 0.1062 0
7 -378.35 -243.9 -0.2 0.0892 0.0963 0.1062 0
9 -371.47 -243.88 0.6 0.021 0.043 0.0231 0
10 -363.58 -243.91 0.6 0.0041 0.0041 0.005 0
12 -346.3 -243.87 -0.3 0.632 0.6121 0.5605 0
4 -337.1 -243.92 -0.4 0.1573 0.0066 0.0066 0
6 -329.72 -243.97 -0.9 0.0029 0.0033 0.0041 0
6 -322.64 -243.85 0.1 0.001 0.001 0.0012 0
4 -316.4 -243.93 0.3 0.0023 0.0037 0.0055 0
6 -300.38 -243.99 1.1 0.0029 0.0033 0.0041 0
8 -294.07 -243.97 0.8 0.021 0.043 0.0231 0
8 -286.81 -243.84 -1 0.482 0.4936 0.5054 0
4 -280.38 -243.96 -1.1 0.0658 0.0385 0.021 0
4 -240.83 -183.42 -90.5 0.1542 0.1636 0.1768 0
5 -240.87 -189.83 -89.5 0.0399 0.0546 0.0781 0
8 -240.88 -197.83 -89.4 0.0029 0.0033 0.0041 0
10 -240.88 -206.75 -89 0.0023 0.0037 0.0055 0
9 -240.89 -215.12 -89 0.0029 0.0033 0.0041 0
8 -240.81 -222.68 -91.1 0.0029 0.0033 0.0041 0
3 -188.65 -236.45 0.5 0.9158 0.4045 0 1
6 -228.02 -236.08 0.5 0.0014 0.0023 0.0037 0
12 -220.87 -236.05 -0.8 0.632 0.6121 0.5605 0
9 -210.05 -236 -0.9 0.0017 0.0017 0.0023 0
7 -203.72 -236.02 -0.9 0.6941 0.6941 0.6661 0
11 -195.5 -236.02 1 0.7012 0.687 0.6388 0
6 -174.67 -236.05 0.6 0.0017 0.0017 0.0023 0
8 -167.84 -236.14 1.1 0.0029 0.0033 0.0041 0
8 -161.77 -236.02 0.4 0.1542 0.1636 0.1768 0
4 -153.91 -236.17 -0.9 0.021 0.043 0.0231 0
4 -145.78 -236.02 -1 0.148 0.2428 0.3587 0
4 -138.2 -236.18 0 0.0546 0.0915 0.0461 0
9 -130.59 -236.05 0.8 0.021 0.043 0.0231 0
8 -124.63 -236.18 -0.2 0.0658 0.0385 0.021 0
6 -117.03 -236.01 -0.8 0.0014 0.0023 0.0037 0
4 -95.81 -236.12 1 0.0119 0.0385 0.1247 0
7 -87.5 -236.17 -0.9 0.2047 0.259 0.2801 0
4 -71.81 -236.16 0.8 0.2758 0.2932 0.3112 0
8 -64.27 -236.1 -0.1 0.0189 0.022 0.029 0
5 -57.35 -236.16 0.6 0.0072 0.0078 0.0097 0
11 -48.06 -236.07 -0.8 0.7012 0.687 0.6388 0
12 -38.68 -236.19 0 0.632 0.6121 0.5605 0
12 -208.48 -242.85 1 0.632 0.6121 0.5605 1
4 -229.8 -243.83 1.1 0.0041 0.0041 0.005 0
9 -222.29 -243.92 -0.7 0.0014 0.0023 0.0037 0
7 -199.68 -243.96 0.1 0.0546 0.06 0.0677 0
7 -184.67 -243.94 0.7 0.632 0.632 0.5989 0
6 -176.84 -243.86 -0.6 0.0017 0.0017 0.0023 0
9 -169.94 -243.97 -0.5 0.0029 0.0033 0.0041 0
5 -163.23 -243.99 -1 0.0119 0.0385 0.1247 0
5 -155.08 -243.9 -0.1 0.0119 0.0385 0.1247 0
4 -147.47 -243.99 -0.1 0.4591 0.4045 0.2801 0
6 -141.26 -243.97 -0.5 0.021 0.043 0.0231 0
7 -133.03 -243.87 0.8 0.0072 0.0189 0.0658 0
1 -125.4 -243.86 -0.6 0.9158 0.4045 0 0
2 -117.48 -243.89 -0.1 0.9158 0.4045 0 0
0 -109.34 -243.87 0.8 0.9158 0.4045 0 0
8 -103.31 -243.91 -0.9 0.001 0.001 0.0012 0
11 -93.69 -243.93 0.7 0.68 0.68 0.6524 0
4 -85.17 -243.88 0.3 0.259 0.0097 0.0097 0
5 -78.44 -243.91 0.4 0.0119 0.0385 0.1247 0
9 -71.79 -243.94 -0.7 0.3345 0.2801 0.1801 0
12 -64.16 -243.8 1.1 0.632 0.6121 0.5605 0
4 -48.84 -243.99 -0.5 0.3345 0.2801 0.1801 0
12 -40.72 -243.8 -0.3 0.632 0.6121 0.5605 0
7 -29.98 -243.9 -0.8 0.3392 0.3537 0.3736 0
13 -8.8 -184.38 91 0.7818 0.7818 0.7519 0
7 -9.22 -223.51 90.5 0.0041 0.0041 0.005 0
4 -9.19 -216.28 90.2 0.2047 0.259 0.2801 0
12 -9.28 -207.39 90.4 0.5924 0.5924 0.5795 0
13 8.8 -210.61 -90 0.7818 0.7818 0.7519 0
6 9.25 -176.45 -90.8 0.0014 0.0023 0.0037 0
9 9.29 -191.18 -90.3 0.0029 0.0033 0.0041 0
2 30.25 -236.45 -0.4 0.9158 0.4045 0 1
4 20.74 -236.09 1.1 0.1011 0.0029 0.0046 0
1 44.13 -236.05 0 0.9158 0.4045 0 0
6 51.44 -236.08 -0.1 0.0119 0.0385 0.1247 0
8 59.18 -236.09 0.4 0.1573 0.0066 0.0066 0
7 65.22 -236.08 -0.6 0.0023 0.0037 0.0055 0
8 72.84 -236.14 -0.4 0.0014 0.0023 0.0037 0
7 79.97 -236.08 1 0.7969 0.7742 0.7083 0
10 88.76 -236.17 1 0.2047 0.259 0.2801 0
7 96.43 -236.14 0.1 0.2047 0.259 0.2801 0
9 111.83 -236.05 0.1 0.0017 0.0017 0.0023 0
5 125.12 -236.03 0.2 0.0658 0.0385 0.021 0
6 132.24 -236.18 -1.1 0.0242 0.0697 0.1975 0
4 139.02 -236.14 0.9 0.6941 0.6941 0.6661 0
8 144.85 -236.06 0.3 0.3345 0.2801 0.1801 0
5 157.83 -236.12 -1.1 0.0189 0.022 0.029 0
9 164.48 -236.08 -0.4 0.0546 0.0915 0.0461 0
11 171.77 -236.11 0.6 0.632 0.6121 0.5605 0
5 178.56 -236.07 -0.6 0.0072 0.0078 0.0097 0
4 186.03 -236.14 -0.6 0.0072 0.0189 0.0658 0
6 200.19 -236.15 0.6 0.4591 0.4045 0.2801 0
5 206.14 -236.04 -0.5 0.0546 0.0915 0.0461 0
4 213.62 -236.06 0.4 0.1573 0.0066 0.0066 0
9 221.78 -236.01 0.7 0.0014 0.0023 0.0037 0
12 60.93 -242.85 1.2 0.632 0.6121 0.5605 1
4 23.16 -243.83 -0.6 0.7667 0.7667 0.7445 0
9 29.16 -243.97 0 0.148 0.2428 0.3587 0
1 43.72 -243.91 1 0.9158 0.4045 0 0
9 51.34 -243.95 -0.6 0.0017 0.0017 0.0023 0
10 82.8 -243.8 -1 0.1573 0.0066 0.0066 0
11 98.47 -243.87 -0.5 0.632 0.6121 0.5605 0
12 106.95 -243.87 0.9 0.7012 0.687 0.6388 0
7 116.69 -243.96 0.4 0.259 0.0097 0.0097 0
7 123.04 -243.82 0.5 0.1011 0.0029 0.0046 0
7 129.26 -243.98 0.5 0.482 0.4936 0.5054 0
11 138.03 -243.82 0.7 0.68 0.68 0.6524 0
8 146.74 -243.85 -1.1 0.0658 0.0385 0.021 0
5 154.32 -243.98 0.7 0.0399 0.0546 0.0781 0
4 160.55 -243.97 0.3 0.0072 0.0078 0.0097 0
10 177.49 -243.97 1 0.0023 0.0037 0.0055 0
5 184.67 -243.93 -0.3 0.7667 0.7667 0.7445 0
7 191.01 -243.83 0.4 0.6941 0.6941 0.6661 0
6 198.64 -243.88 -0.7 0.0072 0.0189 0.0658 0
9 204.87 -243.8 0.7 0.2047 0.259 0.2801 0
4 212 -243.84 0 0.0189 0.022 0.029 0
8 219.51 -243.82 -0.8 0.0029 0.0033 0.0041 0
5 226.04 -243.97 0.1 0.3392 0.3537 0.3736 0
4 240.89 -224.51 90.3 0.0658 0.0385 0.021 0
9 240.79 -217.47 89.3 0.0017 0.0017 0.0023 0
4 240.84 -211.56 89.5 0.021 0.043 0.0231 0
4 240.78 -204.35 90.6 0.0658 0.0385 0.021 0
4 240.72 -196.58 90 0.7969 0.7742 0.7083 0
5 240.85 -188.49 89.7 0.0017 0.0017 0.002 0
12 397.12 -236.95 0.9 0.632 0.6121 0.5605 1
8 270.77 -236.11 1 0.148 0.2428 0.3587 0
6 276.79 -236.06 -1.1 0.0017 0.0017 0.0023 0
11 305.13 -236.18 0.8 0.632 0.6121 0.5605 0
7 313.21 -236.19 -0.6 0.4591 0.4045 0.2801 0
7 326.71 -236.07 1.1 0.1011 0.0029 0.0046 0
7 333.03 -236.13 0.8 0.0546 0.06 0.0677 0
4 340.19 -236.05 0.3 0.148 0.2428 0.3587 0
7 347.83 -236.1 -0.9 0.0072 0.0078 0.0097 0
5 354.64 -236.1 -0.2 0.2758 0.2932 0.3112 0
5 361.61 -236.11 -1 0.1573 0.0066 0.0066 0
4 369.54 -236.14 0.9 0.148 0.2428 0.3587 0
6 376.03 -236.02 -1 0.001 0.001 0.0012 0
5 383.35 -236.11 -1 0.0119 0.0385 0.1247 0
7 405.03 -236.12 -0.2 0.4591 0.4045 0.2801 0
12 343.58 -242.85 0.2 0.7012 0.687 0.6388 1
1 318.25 -243.55 -0.9 0.9158 0.4045 0 1
4 281.88 -243.99 0.8 0.0658 0.0385 0.021 0
8 288.25 -243.85 -0.9 0.0242 0.0697 0.1975 0
4 296.66 -243.83 0.3 0.1542 0.1636 0.1768 0
7 303.08 -243.96 -0.7 0.7667 0.7667 0.7445 0
4 310.51 -243.87 -1.1 0.0546 0.06 0.0677 0
8 331.56 -243.95 -0.1 0.0014 0.0023 0.0037 0
4 351.8 -243.84 0.5 0.2047 0.259 0.2801 0
10 359.21 -243.86 -0.2 0.1542 0.1636 0.1768 0
9 373.82 -243.96 -0.4 0.0017 0.0017 0.0023 0
8 380.24 -243.9 0.1 0.0242 0.0697 0.1975 0
9 386.55 -243.93 0.4 0.4591 0.4045 0.2801 0
0 393.06 -243.99 0.6 0.9158 0.4045 0 0
5 399.2 -243.96 -0.1 0.7667 0.7667 0.7445 0
4 405.28 -243.87 -0.8 0.2758 0.2932 0.3112 0
3 421.15 -219.25 89.2 0.9158 0.4045 0 1
5 420.89 -203.36 90.4 0.632 0.632 0.5989 0
5 420.74 -187.55 90.4 0.0546 0.06 0.0677 0
7 420.86 -179.51 90.6 0.0658 0.0385 0.021 0
1 438.85 -215.95 -90.5 0.9158 0.4045 0 1
13 438.8 -212.53 -89 0.7818 0.7818 0.7519 0
9 439.26 -175.74 -89.9 0.001 0.001 0.0012 0
9 439.23 -182.38 -90 0.0014 0.0023 0.0037 0
1 439.22 -190.36 -89.1 0.9158 0.4045 0 0
9 439.29 -197.11 -90.4 0.0017 0.0017 0.0023 0
12 529.64 -236.95 -1.1 0.7012 0.687 0.6388 1
1 540.78 -236.45 -1.2 0.9158 0.4045 0 1
6 450.06 -236 1.1 0.0014 0.0023 0.0037 0
6 456.8 -236.01 0 0.0189 0.022 0.029 0
6 476.33 -236.03 0.8 0.0072 0.0189 0.0658 0
5 483.95 -236.13 0.5 0.0119 0.0385 0.1247 0
8 492.17 -236.09 -0.1 0.0189 0.022 0.029 0
9 499.87 -236.01 -0.9 0.0029 0.0033 0.0041 0
8 506.25 -236.04 -1.1 0.0017 0.0017 0.0023 0
0 514.15 -236.13 0.2 0.9158 0.4045 0 0
8 521.44 -236.18 -0.7 0.0119 0.0385 0.1247 0
8 551.41 -236.03 -0.7 0.0072 0.0189 0.0658 0
8 557.47 -236.05 -0.4 0.0072 0.0189 0.0658 0
6 564.17 -236.12 -0.3 0.0017 0.0017 0.0023 0
5 570.53 -236.07 -0.5 0.6941 0.6941 0.6661 0
8 577.52 -236.1 -0.3 0.0014 0.0023 0.0037 0
7 584.93 -236.11 0.3 0.3392 0.3537 0.3736 0
3 513.75 -243.55 0 0.9158 0.4045 0 1
5 452.08 -243.93 1 0.1573 0.0066 0.0066 0
6 460.41 -243.97 0.6 0.1542 0.1636 0.1768 0
7 468.1 -243.88 -0.8 0.7667 0.7667 0.7445 0
5 482.55 -243.85 0.3 0.0041 0.0041 0.005 0
3 489.05 -243.91 0.1 0.3297 0.4313 0.0697 0
9 497.14 -243.88 0.3 0.001 0.001 0.0012 0
6 503.7 -243.8 0.3 0.1573 0.0066 0.0066 0
8 522.13 -243.96 -0.7 0.001 0.001 0.0012 0
7 529.28 -243.95 1 0.1573 0.0066 0.0066 0
11 536.67 -243.93 0.9 0.632 0.6121 0.5605 0
5 544.6 -243.98 0.3 0.3345 0.2801 0.1801 0
6 552.08 -243.97 1 0.0119 0.0385 0.1247 0
9 560.12 -243.87 1 0.0014 0.0023 0.0037 0
9 566.75 -243.89 -0.7 0.001 0.001 0.0012 0
6 574.37 -243.83 0.2 0.0029 0.0033 0.0041 0
5 582.39 -243.84 -1 0.1542 0.1636 0.1768 0
9 600.71 -223.03 91 0.001 0.001 0.0012 0
9 600.79 -209.37 89.4 0.0029 0.0033 0.0041 0
6 600.72 -202.32 90.2 0.0029 0.0033 0.0041 0
2 600.88 -195.87 89.8 0.9158 0.4045 0 0
4 -619.25 -120.6 90.4 0.6941 0.6941 0.6661 0
7 -619.16 -112.35 90.7 0.6941 0.6941 0.6661 0
2 -619.12 -99.03 91.1 0.9158 0.4045 0 0
3 -581.99 -163.55 181.1 0.9158 0.4045 0 1
11 -453.25 -163.93 178.9 0.7012 0.687 0.6388 0
9 -467.5 -163.99 179.8 0.0546 0.0915 0.0461 0
4 -474.13 -163.97 180.1 0.0017 0.0017 0.002 0
5 -480.74 -163.85 179.7 0.2047 0.259 0.2801 0
8 -495.99 -163.8 181 0.1542 0.1636 0.1768 0
5 -501.89 -163.98 180.9 0.0072 0.0078 0.0097 0
8 -508.72 -163.91 179.6 0.148 0.2428 0.3587 0
4 -515.22 -163.98 180.3 0.259 0.0097 0.0097 0
10 -523.56 -163.89 180.2 0.2758 0.2932 0.3112 0
4 -541.48 -163.88 179.9 0.0892 0.0963 0.1062 0
6 -548.15 -163.8 179 0.3345 0.2801 0.1801 0
5 -556.38 -163.86 180.4 0.1011 0.0029 0.0046 0
8 -562.64 -163.82 179.8 0.2047 0.259 0.2801 0
10 -571.57 -163.92 180.7 0.1011 0.0029 0.0046 0
6 -454.84 -156.19 180.6 0.0014 0.0023 0.0037 0
6 -462.15 -156.11 180.3 0.0014 0.0023 0.0037 0
9 -467.93 -156.03 180.5 0.0658 0.0385 0.021 0
9 -474.77 -156.02 179.8 0.2047 0.259 0.2801 0
6 -481.22 -156.07 180.7 0.259 0.0097 0.0097 0
5 -488.59 -156.04 180 0.0072 0.0189 0.0658 0
4 -496.07 -156.11 180.7 0.4045 0.4259 0.4479 0
8 -503.55 -156.03 179.2 0.0399 0.0546 0.0781 0
6 -511.71 -156.04 179 0.0014 0.0023 0.0037 0
9 -519.28 -156.11 179.9 0.0017 0.0017 0.0023 0
7 -526.14 -156.06 178.9 0.6941 0.6941 0.6661 0
8 -532.42 -156.09 179 0.1011 0.0029 0.0046 0
9 -555.27 -156.07 179.9 0.0399 0.0546 0.0781 0
3 -561.29 -156.09 179.6 0.3297 0.4313 0.0697 0
4 -567.54 -156.04 179.3 0.6941 0.6941 0.6661 0
12 -583.16 -156.11 179.8 0.5924 0.5924 0.5795 0
12 -438.15 -112.14 89.1 0.7012 0.687 0.6388 1
9 -439.1 -143.43 89.9 0.0014 0.0023 0.0037 0
6 -439.17 -136.83 89.8 0.0014 0.0023 0.0037 0
4 -439.12 -128.79 89.1 0.0189 0.022 0.029 0
4 -439.24 -121.16 89.5 0.6941 0.6941 0.6661 0
10 -439.19 -96.56 90.8 0.2758 0.2932 0.3112 0
12 -380.74 -163.05 179.9 0.5924 0.5924 0.5795 1
6 -272.83 -163.89 179.7 0.0119 0.0385 0.1247 0
4 -279.62 -163.93 179.1 0.7667 0.7667 0.7445 0
9 -287.02 -163.84 179.2 0.0017 0.0017 0.0023 0
4 -292.99 -163.87 180.1 0.0041 0.0041 0.005 0
4 -299.42 -163.87 180.8 0.4591 0.4045 0.2801 0
9 -306.82 -163.93 180.1 0.0546 0.0915 0.0461 0
3 -314.49 -163.81 179.5 0.3297 0.4313 0.0697 0
10 -323.83 -163.97 180.6 0.148 0.2428 0.3587 0
10 -333.88 -163.94 180.5 0.0242 0.0697 0.1975 0
8 -341.48 -163.84 179.7 0.4591 0.4045 0.2801 0
8 -349 -163.81 179.2 0.1011 0.0029 0.0046 0
9 -356.6 -163.94 180.5 0.001 0.001 0.0012 0
9 -363.99 -163.89 180.2 0.148 0.2428 0.3587 0
4 -370.44 -163.96 180.4 0.0189 0.022 0.029 0
7 -390.67 -163.87 180.6 0.1011 0.0029 0.0046 0
9 -397.01 -163.91 180.2 0.001 0.001 0.0012 0
8 -405.21 -163.85 179.1 0.3345 0.2801 0.1801 0
8 -272.47 -156.08 179 0.001 0.001 0.0012 0
0 -278.88 -156.05 179 0.9158 0.4045 0 0
7 -287.09 -156.11 178.9 0.0119 0.0385 0.1247 0
4 -302.32 -156.07 180.9 0.0242 0.0697 0.1975 0
5 -309.38 -156.02 179.9 0.0892 0.0963 0.1062 0
12 -317.79 -156.13 180.5 0.7012 0.687 0.6388 0
8 -326.42 -156.11 181 0.0546 0.06 0.0677 0
8 -334.37 -156.18 179.9 0.3392 0.3537 0.3736 0
4 -341.29 -156.18 180.7 0.0892 0.0963 0.1062 0
4 -347.99 -156 180.6 0.3392 0.3537 0.3736 0
5 -355.58 -156.15 180.3 0.0189 0.022 0.029 0
6 -363.49 -156.01 180.4 0.0189 0.022 0.029 0
8 -370.08 -156.18 179.5 0.0072 0.0189 0.0658 0
6 -384.48 -156.06 179.8 0.1542 0.1636 0.1768 0
10 -392.18 -156.11 180.7 0.6941 0.6941 0.6661 0
9 -398.76 -156.06 180.4 0.0658 0.0385 0.021 0
1 -405.17 -156.08 178.9 0.9158 0.4045 0 0
6 -240.75 -97.34 -91.1 0.0072 0.0189 0.0658 0
2 -240.84 -113.19 -90.3 0.9158 0.4045 0 0
10 -240.9 -130.71 -91 0.148 0.2428 0.3587 0
1 -87.16 -163.55 180.1 0.9158 0.4045 0 1
7 -32.11 -163.95 178.9 0.0119 0.0385 0.1247 0
5 -38.37 -163.97 179.2 0.0072 0.0078 0.0097 0
4 -45.7 -164 179.1 0.0119 0.0385 0.1247 0
5 -52.62 -163.88 180.4 0.6941 0.6941 0.6661 0
4 -59.08 -163.92 180.3 0.0023 0.0037 0.0055 0
4 -73.22 -163.89 179.7 0.021 0.043 0.0231 0
5 -80.83 -163.95 179.3 0.0546 0.0915 0.0461 0
4 -96.46 -163.96 180.1 0.0072 0.0078 0.0097 0
5 -104.51 -163.82 179.7 0.0892 0.0963 0.1062 0
10 -113.64 -163.81 179.4 0.7969 0.7742 0.7083 0
7 -121.29 -163.94 179.7 0.4591 0.4045 0.2801 0
12 -128.55 -163.89 179.6 0.68 0.68 0.6524 0
0 -137.31 -163.96 179.6 0.9158 0.4045 0 0
8 -145.35 -163.85 180 0.4591 0.4045 0.2801 0
5 -153.62 -163.91 180.7 0.3392 0.3537 0.3736 0
1 -161.09 -163.81 180.6 0.9158 0.4045 0 0
8 -174.87 -163.96 179.7 0.001 0.001 0.0012 0
9 -182.67 -163.8 180.9 0.0029 0.0033 0.0041 0
0 -190.3 -163.98 181.1 0.9158 0.4045 0 0
5 -197.48 -163.84 179.4 0.0072 0.0078 0.0097 0
2 -205.62 -163.85 180.3 0.9158 0.4045 0 0
5 -220.5 -163.87 180.8 0.0892 0.0963 0.1062 0
6 -226.57 -163.94 180.5 0.2047 0.259 0.2801 0
12 -53.53 -157.15 180.1 0.5924 0.5924 0.5795 1
8 -29.33 -156.05 181.1 0.0658 0.0385 0.021 0
9 -67.07 -156.02 180.2 0.021 0.043 0.0231 0
4 -74.43 -156.05 179.8 0.1542 0.1636 0.1768 0
4 -88.83 -156.19 179.5 0.0017 0.0017 0.002 0
12 -96.1 -156.09 180.1 0.7012 0.687 0.6388 0
2 -105.4 -156.12 180.5 0.9158 0.4045 0 0
11 -121.09 -156.18 179.7 0.5924 0.5924 0.5795 0
8 -136.1 -156.19 180.8 0.0658 0.0385 0.021 0
4 -142.3 -156.16 181 0.0023 0.0037 0.0055 0
0 -150.14 -156.02 179.3 0.9158 0.4045 0 0
5 -157.79 -156.14 180.8 0.2047 0.259 0.2801 0
7 -164.24 -156.01 180.6 0.0041 0.0041 0.005 0
4 -170.1 -156.08 179.2 0.0546 0.06 0.0677 0
6 -185.16 -156.19 180.3 0.021 0.043 0.0231 0
7 -192.61 -156.14 179.7 0.4591 0.4045 0.2801 0
6 -200.55 -156.11 178.9 0.0029 0.0033 0.0041 0
0 -207.02 -156.09 179.5 0.9158 0.4045 0 0
7 -213.77 -156.01 179 0.482 0.4936 0.5054 0
8 -220.98 -156.08 180.5 0.0072 0.0189 0.0658 0
5 -226.76 -156.08 179.4 0.0189 0.022 0.029 0
12 -8.15 -112.34 88.7 0.632 0.6121 0.5605 1
13 -8.8 -102.19 90.1 0.7818 0.7818 0.7519 0
9 -9.2 -142.45 89.9 0.2047 0.259 0.2801 0
5 -9.16 -134.65 89.6 0.1573 0.0066 0.0066 0
5 -9.18 -127.42 90.3 0.7969 0.7742 0.7083 0
4 9.21 -94.96 -90.2 0.6941 0.6941 0.6661 0
6 9.23 -101.63 -90.3 0.0119 0.0385 0.1247 0
6 9.21 -115.38 -91.1 0.0399 0.0546 0.0781 0
4 9.3 -128.43 -90.5 0.4591 0.4045 0.2801 0
1 9.14 -134.42 -89.9 0.9158 0.4045 0 0
6 9.11 -141.42 -90.9 0.0072 0.0189 0.0658 0
1 193.95 -163.55 180.3 0.9158 0.4045 0 1
2 228.04 -163.92 181 0.9158 0.4045 0 0
9 222.06 -163.89 179.8 0.001 0.001 0.0012 0
12 205.52 -163.8 180 0.68 0.68 0.6524 0
5 180.78 -163.84 179 0.0072 0.0078 0.0097 0
7 159.73 -163.87 180.2 0.632 0.632 0.5989 0
9 152.47 -163.92 181.1 0.0546 0.0915 0.0461 0
7 145.33 -163.89 178.9 0.3392 0.3537 0.3736 0
8 129.41 -163.92 179.4 0.0546 0.06 0.0677 0
11 106.29 -163.87 180.5 0.5924 0.5924 0.5795 0
9 99.42 -163.89 179.2 0.3345 0.2801 0.1801 0
6 91.59 -163.93 181 0.4591 0.4045 0.2801 0
7 83.82 -163.82 180.7 0.0119 0.0385 0.1247 0
8 76.21 -163.93 180.6 0.259 0.0097 0.0097 0
1 69.71 -163.98 180.3 0.9158 0.4045 0 0
8 62.72 -163.96 179 0.0546 0.06 0.0677 0
5 55.39 -163.98 181 0.021 0.043 0.0231 0
9 48.29 -163.95 180.1 0.4591 0.4045 0.2801 0
6 40.48 -163.91 181.1 0.0017 0.0017 0.0023 0
5 32.24 -163.87 180.9 0.0023 0.0037 0.0055 0
4 25 -163.92 179.5 0.0041 0.0041 0.005 0
5 222.21 -156.02 179.5 0.4045 0.4259 0.4479 0
12 214.95 -156.14 180.3 0.68 0.68 0.6524 0
8 204.09 -156.18 179.1 0.0029 0.0033 0.0041 0
2 196.51 -156.13 178.9 0.9158 0.4045 0 0
6 183.15 -156.11 179.1 0.0242 0.0697 0.1975 0
11 174.69 -156 180.8 0.5924 0.5924 0.5795 0
4 167.84 -156.11 179.4 0.0658 0.0385 0.021 0
10 159.19 -156.02 181.1 0.148 0.2428 0.3587 0
4 150.52 -156 179.4 0.0242 0.0697 0.1975 0
8 137.24 -156.11 179.5 0.0399 0.0546 0.0781 0
8 129.13 -156.03 179.3 0.0017 0.0017 0.0023 0
9 121.2 -156.13 179 0.0029 0.0033 0.0041 0
4 114.95 -156.07 179.7 0.0546 0.06 0.0677 0
10 106.23 -156.1 181 0.632 0.632 0.5989 0
9 97.77 -156.16 179.5 0.0017 0.0017 0.0023 0
7 91.12 -156 180.4 0.0041 0.0041 0.005 0
9 84.52 -156.05 180.1 0.0014 0.0023 0.0037 0
4 76.76 -156.2 179.2 0.0017 0.0017 0.002 0
12 62.26 -156.17 180.8 0.5924 0.5924 0.5795 0
8 51.88 -156.16 180.8 0.3345 0.2801 0.1801 0
4 45.32 -156.16 181.1 0.3392 0.3537 0.3736 0
4 38.01 -156.18 180.4 0.021 0.043 0.0231 0
13 241.2 -108.05 88.8 0.7818 0.7818 0.7519 0
5 240.89 -145.12 89.4 0.4591 0.4045 0.2801 0
7 240.9 -139.09 90.8 0.1573 0.0066 0.0066 0
8 240.89 -119.28 90.6 0.0189 0.022 0.029 0
8 259.22 -94.91 -89.6 0.3392 0.3537 0.3736 0
12 259.14 -103.85 -90.4 0.632 0.6121 0.5605 0
12 259.11 -127.59 -89.1 0.5924 0.5924 0.5795 0
7 259.26 -135.95 -91 0.1542 0.1636 0.1768 0
12 310.92 -163.05 180.3 0.68 0.68 0.6524 1
6 401.19 -163.84 179.6 0.0014 0.0023 0.0037 0
9 387.19 -163.97 180.3 0.0029 0.0033 0.0041 0
8 380.4 -163.95 180.4 0.0029 0.0033 0.0041 0
7 373.32 -163.95 180.8 0.6941 0.6941 0.6661 0
9 365.55 -164 180.4 0.001 0.001 0.0012 0
6 359.05 -163.95 180.4 0.0072 0.0189 0.0658 0
6 350.99 -163.94 180 0.0072 0.0189 0.0658 0
8 343.68 -163.94 179.7 0.0014 0.0023 0.0037 0
4 337.05 -163.9 180.9 0.0399 0.0546 0.0781 0
7 329.82 -163.86 181.1 0.0023 0.0037 0.0055 0
6 321.84 -163.8 180.9 0.0546 0.06 0.0677 0
7 300.1 -163.87 181.1 0.6941 0.6941 0.6661 0
4 291.93 -163.94 179.3 0.3345 0.2801 0.1801 0
2 278.07 -163.8 179.6 0.9158 0.4045 0 0
12 304.36 -157.15 181.3 0.68 0.68 0.6524 1
2 373.14 -156.45 179.9 0.9158 0.4045 0 1
6 405.55 -156.16 179.3 0.0017 0.0017 0.0023 0
7 397.7 -156.02 180 0.4591 0.4045 0.2801 0
5 389.8 -156.04 179.6 0.632 0.632 0.5989 0
8 382.01 -156.05 179.3 0.0658 0.0385 0.021 0
4 360.44 -156.1 179.4 0.259 0.0097 0.0097 0
6 354.29 -156.18 179.6 0.0014 0.0023 0.0037 0
4 340.75 -156.11 178.9 0.0041 0.0041 0.005 0
5 334.78 -156.17 179.3 0.1573 0.0066 0.0066 0
4 327.45 -156.14 180.7 0.2047 0.259 0.2801 0
6 320.87 -156.11 180 0.0017 0.0017 0.0023 0
7 287.95 -156.07 179.6 0.4045 0.4259 0.4479 0
8 279.9 -156.03 180.5 0.2758 0.2932 0.3112 0
1 586.97 -163.87 180.4 0.9158 0.4045 0 0
4 579.1 -163.99 179.2 0.3345 0.2801 0.1801 0
5 572.69 -163.93 179.6 0.0658 0.0385 0.021 0
10 564.12 -163.97 179.6 0.4045 0.4259 0.4479 0
4 555.35 -163.82 179.3 0.0658 0.0385 0.021 0
5 542.61 -163.97 179.3 0.2047 0.259 0.2801 0
6 527.42 -163.96 180.9 0.4591 0.4045 0.2801 0
11 518.21 -163.81 179.5 0.7012 0.687 0.6388 0
1 502.4 -163.89 179.1 0.9158 0.4045 0 0
8 494.73 -163.85 180 0.001 0.001 0.0012 0
5 487.58 -163.99 179.1 0.7667 0.7667 0.7445 0
5 481.04 -163.87 180.4 0.0546 0.06 0.0677 0
6 474.75 -163.95 179.4 0.0029 0.0033 0.0041 0
8 461.01 -163.92 179.3 0.3345 0.2801 0.1801 0
6 454.29 -163.88 181 0.0119 0.0385 0.1247 0
1 518.44 -156.45 180.1 0.9158 0.4045 0 1
8 589.22 -156.12 180.1 0.0072 0.0189 0.0658 0
10 581.1 -156.04 178.9 0.259 0.0097 0.0097 0
8 572.62 -156.06 179.9 0.001 0.001 0.0012 0
4 565.28 -156.07 179.6 0.3392 0.3537 0.3736 0
7 557.96 -156.12 179.9 0.021 0.043 0.0231 0
8 551.64 -156.14 180.1 0.0014 0.0023 0.0037 0
4 544.14 -156.17 180.2 0.259 0.0097 0.0097 0
9 536.17 -156.04 181.1 0.0029 0.0033 0.0041 0
2 528.76 -156.02 180.5 0.9158 0.4045 0 0
10 511.2 -156.14 179.6 0.0119 0.0385 0.1247 0
8 503.52 -156.17 179.3 0.0014 0.0023 0.0037 0
5 475.41 -156.09 179.4 0.0242 0.0697 0.1975 0
6 461.35 -156.15 180.8 0.4591 0.4045 0.2801 0
4 454.28 -156.09 179.7 0.0119 0.0385 0.1247 0
1 601.15 -107.34 90.3 0.9158 0.4045 0 1
11 600.76 -143.63 90.7 0.632 0.6121 0.5605 0
7 600.79 -129.18 90.3 0.0072 0.0189 0.0658 0
12 600.77 -120.24 91.1 0.68 0.68 0.6524 0
7 -619.18 -65.69 89.2 0.0399 0.0546 0.0781 0
12 -619.22 -57.55 90 0.7012 0.687 0.6388 0
5 -619.14 -47.18 89 0.0041 0.0041 0.005 0
4 -619.26 -39.55 89.7 0.0023 0.0037 0.0055 0
12 -601.85 -18.71 -88.8 0.7012 0.687 0.6388 1
8 -600.9 -26.02 -89.5 0.0546 0.06 0.0677 0
8 -600.89 -32.86 -90.6 0.0017 0.0017 0.0023 0
4 -600.87 -38.7 -91.1 0.482 0.4936 0.5054 0
3 -600.74 -45.71 -91.1 0.9158 0.4045 0 0
8 -600.79 -60.11 -88.9 0.0546 0.0915 0.0461 0
1 -572.08 -76.45 1.3 0.9158 0.4045 0 1
1 -587.66 -76.11 -0.3 0.9158 0.4045 0 0
7 -581.73 -76.12 -0.6 0.1573 0.0066 0.0066 0
8 -559.62 -76.2 0.4 0.001 0.001 0.0012 0
9 -553.07 -76.06 0.6 0.0029 0.0033 0.0041 0
7 -545.15 -76.14 0.3 0.0119 0.0385 0.1247 0
5 -537.21 -76.09 0.4 0.0658 0.0385 0.021 0
4 -529.93 -76.15 0.1 0.0658 0.0385 0.021 0
9 -521.5 -76.13 -0.8 0.2047 0.259 0.2801 0
7 -514.09 -76.09 0.6 0.7667 0.7667 0.7445 0
9 -506.03 -76.16 -0.9 0.0017 0.0017 0.0023 0
2 -498.97 -76.06 -0.4 0.9158 0.4045 0 0
5 -492.4 -76.15 0.7 0.7969 0.7742 0.7083 0
5 -486.09 -76.08 0.3 0.482 0.4936 0.5054 0
9 -478.68 -76.1 -0.5 0.0029 0.0033 0.0041 0
7 -472.68 -76.14 -1 0.021 0.043 0.0231 0
9 -465.82 -76.15 -1.1 0.0189 0.022 0.029 0
4 -458.26 -76.06 0.5 0.0072 0.0189 0.0658 0
12 -529.42 -82.85 0.5 0.5924 0.5924 0.5795 1
2 -589.44 -83.89 0.6 0.9158 0.4045 0 0
4 -582.12 -83.96 0 0.0546 0.0915 0.0461 0
6 -574.39 -83.87 0.5 0.0892 0.0963 0.1062 0
3 -567.83 -83.81 1 0.9158 0.4045 0 0
5 -561.55 -83.9 -0.1 0.3345 0.2801 0.1801 0
8 -547.81 -83.89 0.3 0.0029 0.0033 0.0041 0
6 -519.05 -83.95 1.1 0.001 0.001 0.0012 0
8 -510.79 -83.85 0.2 0.001 0.001 0.0012 0
6 -497.37 -83.91 0.2 0.259 0.0097 0.0097 0
10 -489.16 -83.84 -0.7 0.2047 0.259 0.2801 0
11 -474.9 -83.82 -1 0.68 0.68 0.6524 0
6 -466.44 -83.98 -0.1 0.0546 0.06 0.0677 0
11 -458.83 -83.87 0.6 0.632 0.6121 0.5605 0
7 -439.22 -46.05 89.8 0.0546 0.0915 0.0461 0
8 -439.15 -39.45 89.1 0.0399 0.0546 0.0781 0
4 -439.11 -32.65 89.8 0.1011 0.0029 0.0046 0
5 -439.26 -26.57 89.9 0.3345 0.2801 0.1801 0
5 -439.25 -19.76 90.2 0.2758 0.2932 0.3112 0
4 -405.14 -76.11 -1 0.0546 0.06 0.0677 0
9 -390.76 -76.03 0.4 0.001 0.001 0.0012 0
8 -384.75 -76.01 0.3 0.001 0.001 0.0012 0
7 -370.48 -76.03 0.3 0.0399 0.0546 0.0781 0
6 -364.18 -76.01 -1 0.2047 0.259 0.2801 0
9 -356.13 -76.18 1.1 0.0029 0.0033 0.0041 0
1 -349.3 -76.17 0.5 0.9158 0.4045 0 0
3 -335.07 -76.18 -0.8 0.9158 0.4045 0 0
9 -327.07 -76.15 0.3 0.0017 0.0017 0.0023 0
9 -319.93 -76.05 0.4 0.0029 0.0033 0.0041 0
7 -312.58 -76.03 -0.4 0.0119 0.0385 0.1247 0
4 -304.73 -76.15 -0.8 0.0119 0.0385 0.1247 0
8 -298.44 -76.14 0.7 0.0892 0.0963 0.1062 0
9 -292.12 -76.11 -0.6 0.0014 0.0023 0.0037 0
5 -285.11 -76.09 -0.3 0.4591 0.4045 0.2801 0
9 -277.59 -76.02 0 0.001 0.001 0.0012 0
3 -336.81 -83.55 1.3 0.3297 0.4313 0.0697 1
7 -409.48 -83.93 0.3 0.0658 0.0385 0.021 0
7 -401.65 -83.85 0.4 0.482 0.4936 0.5054 0
6 -394.76 -83.93 0.5 0.1542 0.1636 0.1768 0
8 -379.96 -83.82 0.9 0.0017 0.0017 0.0023 0
7 -373.74 -83.84 -0.3 0.021 0.043 0.0231 0
7 -365.96 -83.95 1.1 0.0892 0.0963 0.1062 0
4 -359.43 -83.98 -0.8 0.3345 0.2801 0.1801 0
5 -352.45 -83.92 0.8 0.1542 0.1636 0.1768 0
3 -345.27 -83.87 -0.5 0.9158 0.4045 0 0
9 -330.62 -83.84 -0.7 0.0029 0.0033 0.0041 0
5 -323.23 -83.99 0.6 0.259 0.0097 0.0097 0
8 -308.98 -83.83 -0.4 0.0189 0.022 0.029 0
4 -301.65 -83.97 0.5 0.0242 0.0697 0.1975 0
8 -293.57 -83.81 0.6 0.0014 0.0023 0.0037 0
12 -279.57 -83.86 0.3 0.68 0.68 0.6524 0
7 -240.74 -18.02 -89.9 0.482 0.4936 0.5054 0
7 -240.72 -24.96 -90.7 0.1542 0.1636 0.1768 0
9 -240.75 -31.03 -91 0.001 0.001 0.0012 0
8 -240.77 -49.77 -88.9 0.2758 0.2932 0.3112 0
6 -240.73 -56.98 -90.5 0.001 0.001 0.0012 0
12 -62.16 -76.95 -0.7 0.7012 0.687 0.6388 1
2 -221.53 -76.12 0.2 0.9158 0.4045 0 0
8 -213.74 -76.14 -0.6 0.0658 0.0385 0.021 0
6 -206.36 -76.12 -0.8 0.0546 0.06 0.0677 0
6 -190.88 -76.06 -0.3 0.3345 0.2801 0.1801 0
6 -183.27 -76.09 0.6 0.0029 0.0033 0.0041 0
7 -169.68 -76.08 -1 0.0072 0.0189 0.0658 0
5 -162.35 -76.08 -0.3 0.1573 0.0066 0.0066 0
8 -155.65 -76.07 -0.4 0.3392 0.3537 0.3736 0
8 -141.68 -76.1 -0.7 0.0399 0.0546 0.0781 0
8 -135.07 -76 0.2 0.0242 0.0697 0.1975 0
8 -127.78 -76.09 -0.5 0.3345 0.2801 0.1801 0
9 -121.18 -76.19 -0.5 0.0017 0.0017 0.0023 0
5 -115.19 -76.1 0.6 0.0546 0.0915 0.0461 0
8 -107.28 -76.02 0.6 0.0399 0.0546 0.0781 0
8 -99.71 -76.14 0.4 0.0029 0.0033 0.0041 0
10 -90.82 -76.06 -1 0.0892 0.0963 0.1062 0
4 -76.77 -76.11 -0.8 0.3345 0.2801 0.1801 0
11 -47.54 -76.03 -0.8 0.7012 0.687 0.6388 0
4 -40.22 -76.15 0.2 0.0546 0.06 0.0677 0
4 -33.49 -76.11 -0.7 0.2758 0.2932 0.3112 0
4 -26.6 -76.18 0.7 0.0242 0.0697 0.1975 0
2 -217.12 -83.55 -0.2 0.9158 0.4045 0 1
6 -229.22 -83.86 0.4 0.0014 0.0023 0.0037 0
5 -209.1 -84 -0.1 0.259 0.0097 0.0097 0
8 -202.11 -83.86 0.3 0.1011 0.0029 0.0046 0
4 -186.64 -83.89 -1 0.2758 0.2932 0.3112 0
7 -171.48 -83.93 -0.7 0.7667 0.7667 0.7445 0
2 -158.76 -83.87 -0.6 0.9158 0.4045 0 0
9 -151.98 -83.95 0.5 0.0014 0.0023 0.0037 0
8 -146.22 -83.94 0.5 0.0017 0.0017 0.0023 0
6 -132.84 -83.91 0.9 0.001 0.001 0.0012 0
4 -124.53 -83.89 -0.1 0.021 0.043 0.0231 0
8 -117.25 -83.91 0.9 0.001 0.001 0.0012 0
6 -109.78 -83.88 0.1 0.001 0.001 0.0012 0
12 -101.68 -83.94 -0.8 0.68 0.68 0.6524 0
1 -85.35 -83.82 0.3 0.9158 0.4045 0 0
9 -78.84 -83.88 0.9 0.0017 0.0017 0.0023 0
7 -70.89 -83.91 0.7 0.0546 0.06 0.0677 0
8 -64.06 -84 -1.1 0.2758 0.2932 0.3112 0
12 -56.52 -83.95 -0.8 0.68 0.68 0.6524 0
7 -41.01 -83.86 -0.8 0.3345 0.2801 0.1801 0
9 -34.94 -83.82 0.1 0.0029 0.0033 0.0041 0
10 -26.83 -83.82 -0.6 0.3345 0.2801 0.1801 0
12 68.78 -76.95 0.6 0.632 0.6121 0.5605 1
7 22.21 -76.08 0.1 0.0399 0.0546 0.0781 0
10 29.98 -76.08 -0.9 0.0546 0.06 0.0677 0
4 38.78 -76.1 1.1 0.0658 0.0385 0.021 0
4 52.22 -76.14 0.2 0.2047 0.259 0.2801 0
8 82.82 -76.1 -1.1 0.1542 0.1636 0.1768 0
1 89.63 -76.14 1.1 0.9158 0.4045 0 0
5 96.51 -76.03 -1.1 0.7969 0.7742 0.7083 0
3 104.65 -76.2 1.1 0.9158 0.4045 0 0
11 113.53 -76.05 0.2 0.5924 0.5924 0.5795 0
10 123.14 -76.09 -0.4 0.0041 0.0041 0.005 0
4 130.51 -76.17 0.4 0.2047 0.259 0.2801 0
7 138.77 -76.15 0.4 0.3392 0.3537 0.3736 0
8 145.78 -76.18 -0.9 0.001 0.001 0.0012 0
5 167.79 -76.05 0.2 0.0119 0.0385 0.1247 0
1 174.62 -76.02 0.5 0.9158 0.4045 0 0
6 181.43 -76.01 -0.1 0.148 0.2428 0.3587 0
8 188.5 -76.18 -0.9 0.259 0.0097 0.0097 0
9 196.46 -76.14 0.3 0.0029 0.0033 0.0041 0
4 204.36 -76.12 1 0.148 0.2428 0.3587 0
8 211.01 -76.04 1.1 0.482 0.4936 0.5054 0
10 218.88 -76.16 0.1 0.7969 0.7742 0.7083 0
5 225.75 -76.08 -0.9 0.0546 0.0915 0.0461 0
1 241.15 -36.63 90.3 0.9158 0.4045 0 1
6 240.72 -64.23 90.4 0.1542 0.1636 0.1768 0
10 240.78 -48.08 90.4 0.021 0.043 0.0231 0
2 258.85 -37.49 -88.8 0.9158 0.4045 0 1
9 259.24 -26.01 -89.4 0.0017 0.0017 0.0023 0
4 259.26 -46.44 -91 0.0892 0.0963 0.1062 0
5 259.25 -53.77 -89.3 0.021 0.043 0.0231 0
8 259.29 -61.44 -90.5 0.001 0.001 0.0012 0
4 280.13 -76.19 0 0.0658 0.0385 0.021 0
12 288.34 -76.16 -0.4 0.68 0.68 0.6524 0
4 305.62 -76.19 0.1 0.0017 0.0017 0.002 0
7 313.11 -76.18 0.7 0.0242 0.0697 0.1975 0
9 320.03 -76.08 0 0.0029 0.0033 0.0041 0
4 327.78 -76.11 -1.1 0.0546 0.06 0.0677 0
12 342.58 -76.15 -1 0.632 0.6121 0.5605 0
7 351.16 -76 0.1 0.2047 0.259 0.2801 0
4 357.41 -76.1 -1 0.0017 0.0017 0.002 0
6 364.31 -76.19 -0.1 0.0658 0.0385 0.021 0
12 371.66 -76.05 -0.9 0.632 0.6121 0.5605 0
4 387.05 -76.01 0.5 0.7667 0.7667 0.7445 0
7 393.25 -76.09 -1 0.0017 0.0017 0.002 0
4 400.92 -76.02 0.2 0.0892 0.0963 0.1062 0
11 272.45 -83.95 -1.1 0.68 0.68 0.6524 0
4 279.08 -83.89 0.2 0.0242 0.0697 0.1975 0
5 286.68 -83.81 0.6 0.259 0.0097 0.0097 0
8 293.25 -83.9 0.3 0.0029 0.0033 0.0041 0
6 299.69 -83.88 -0.5 0.0892 0.0963 0.1062 0
6 306.09 -83.91 0.5 0.0072 0.0189 0.0658 0
5 312.64 -83.97 -1.1 0.0017 0.0017 0.002 0
10 320.03 -83.83 -1.1 0.2047 0.259 0.2801 0
4 327.06 -83.92 -0.9 0.021 0.043 0.0231 0
8 333.97 -83.88 -0.2 0.2758 0.2932 0.3112 0
5 347.24 -83.88 -1 0.1573 0.0066 0.0066 0
9 353.9 -83.88 0.4 0.3345 0.2801 0.1801 0
5 360.45 -83.86 -0.1 0.482 0.4936 0.5054 0
6 366.71 -83.97 -1 0.0546 0.06 0.0677 0
6 381.35 -83.98 -0.4 0.001 0.001 0.0012 0
8 387.39 -83.99 -1 0.0014 0.0023 0.0037 0
9 400.41 -83.81 -0.3 0.0399 0.0546 0.0781 0
12 421.85 -47.73 89.7 0.7012 0.687 0.6388 1
9 420.83 -63.28 89.3 0.001 0.001 0.0012 0
4 420.82 -34.43 89.7 0.0546 0.06 0.0677 0
8 420.83 -28.37 90.1 0.0029 0.0033 0.0041 0
10 420.78 -20.09 90.1 0.0546 0.0915 0.0461 0
1 438.85 -48.65 -89 0.9158 0.4045 0 1
5 439.17 -17.79 -89.1 0.2758 0.2932 0.3112 0
7 439.13 -24.81 -90.6 0.0546 0.0915 0.0461 0
9 439.13 -32.04 -90.5 0.001 0.001 0.0012 0
4 439.18 -39.98 -89.9 0.0658 0.0385 0.021 0
7 439.21 -60.76 -90.4 0.0399 0.0546 0.0781 0
6 454.19 -76.08 -0.3 0.4591 0.4045 0.2801 0
4 468.72 -76.17 1 0.0119 0.0385 0.1247 0
8 475.83 -76.11 0 0.259 0.0097 0.0097 0
9 497.53 -76.03 0.6 0.2047 0.259 0.2801 0
8 505.56 -76 1.1 0.0014 0.0023 0.0037 0
1 512.12 -76.04 1.1 0.9158 0.4045 0 0
0 519.49 -76.11 0.5 0.9158 0.4045 0 0
7 526.14 -76.18 -0.6 0.3392 0.3537 0.3736 0
6 541.27 -76.14 0.8 0.0892 0.0963 0.1062 0
2 547.48 -76.12 0.6 0.9158 0.4045 0 0
12 557.06 -76.07 1.1 0.5924 0.5924 0.5795 0
1 573.6 -76.02 0.3 0.9158 0.4045 0 0
6 579.77 -76.03 -0.7 0.0399 0.0546 0.0781 0
2 586.76 -76.11 0.7 0.9158 0.4045 0 0
3 494.39 -83.55 -0.5 0.3297 0.4313 0.0697 1
7 452.43 -83.82 0.1 0.2758 0.2932 0.3112 0
6 459.18 -83.82 0.5 0.1542 0.1636 0.1768 0
7 473 -83.9 0.7 0.6941 0.6941 0.6661 0
8 488.07 -83.95 -0.5 0.0189 0.022 0.029 0
9 502.64 -83.91 0.1 0.0014 0.0023 0.0037 0
7 509.14 -83.81 0.5 0.1011 0.0029 0.0046 0
8 516.46 -83.84 0.5 0.0014 0.0023 0.0037 0
3 522.59 -83.96 0.5 0.9158 0.4045 0 0
1 529.03 -83.82 -0.7 0.9158 0.4045 0 0
8 543.4 -83.93 -0.1 0.0658 0.0385 0.021 0
1 551.02 -83.96 0.2 0.9158 0.4045 0 0
8 557.44 -83.8 -0.1 0.482 0.4936 0.5054 0
6 579.65 -83.9 1.1 0.0119 0.0385 0.1247 0
8 586.4 -83.85 0.1 0.0242 0.0697 0.1975 0
8 600.79 -55 90.2 0.482 0.4936 0.5054 0
6 600.84 -35.7 90.1 0.001 0.001 0.0012 0
8 600.71 -22.53 90.4 0.021 0.043 0.0231 0
9 -619.17 23.68 90.7 0.001 0.001 0.0012 0
6 -619.18 37.17 89.6 0.0892 0.0963 0.1062 0
5 -619.26 50.66 90.2 0.0119 0.0385 0.1247 0
6 -619.11 57.93 90.2 0.0014 0.0023 0.0037 0
12 -601.85 26.79 -89.5 0.5924 0.5924 0.5795 1
7 -600.88 63.29 -90.8 0.1573 0.0066 0.0066 0
4 -600.83 47.12 -90.5 0.0017 0.0017 0.002 0
2 -600.9 17.72 -90.8 0.9158 0.4045 0 0
12 -545.37 -3.05 180.5 0.632 0.6121 0.5605 1
5 -466.58 -3.92 181 0.0072 0.0078 0.0097 0
9 -482.57 -3.99 179.8 0.3345 0.2801 0.1801 0
7 -490.34 -3.94 180.9 0.259 0.0097 0.0097 0
7 -497.32 -3.84 180.3 0.6941 0.6941 0.6661 0
8 -505.5 -3.96 181 0.1542 0.1636 0.1768 0
5 -511.43 -3.86 179.3 0.0072 0.0189 0.0658 0
10 -527.16 -3.85 180.7 0.4591 0.4045 0.2801 0
6 -557.44 -3.84 180 0.0014 0.0023 0.0037 0
7 -563.5 -3.92 179.1 0.0892 0.0963 0.1062 0
10 -572.88 -3.97 180.2 0.0546 0.0915 0.0461 0
7 -579.38 -3.83 180.8 0.0119 0.0385 0.1247 0
12 -544.79 2.85 179.7 0.632 0.6121 0.5605 1
2 -569.28 3.55 180.8 0.9158 0.4045 0 1
8 -451.95 3.91 180.8 0.0892 0.0963 0.1062 0
7 -458.22 3.81 180.2 0.7667 0.7667 0.7445 0
5 -465.9 3.98 180.3 0.0546 0.0915 0.0461 0
8 -481.19 3.8 180.1 0.1573 0.0066 0.0066 0
11 -488.85 3.82 179.2 0.5924 0.5924 0.5795 0
9 -496.13 3.84 179.2 0.001 0.001 0.0012 0
8 -502.81 3.93 180.9 0.0014 0.0023 0.0037 0
5 -510.42 3.97 179.4 0.6941 0.6941 0.6661 0
5 -517.66 3.98 180.5 0.1542 0.1636 0.1768 0
5 -524.56 3.82 180.4 0.0119 0.0385 0.1247 0
6 -537.43 3.87 179.8 0.1542 0.1636 0.1768 0
4 -556.74 3.85 180.9 0.1573 0.0066 0.0066 0
8 -578.65 3.86 179.6 0.001 0.001 0.0012 0
12 -585.88 3.85 180.3 0.5924 0.5924 0.5795 0
1 -438.85 22.99 89.2 0.9158 0.4045 0 1
10 -439.22 39.09 89.3 0.3392 0.3537 0.3736 0
5 -439.19 60.91 88.9 0.0119 0.0385 0.1247 0
8 -270.71 -3.84 179.4 0.001 0.001 0.0012 0
4 -277.22 -3.97 180.4 0.148 0.2428 0.3587 0
4 -290.33 -3.99 180.6 0.0119 0.0385 0.1247 0
6 -297.9 -3.94 179.6 0.2047 0.259 0.2801 0
8 -320.13 -3.82 179.5 0.2758 0.2932 0.3112 0
9 -328.39 -3.97 179.7 0.4591 0.4045 0.2801 0
1 -335.43 -3.83 179.9 0.9158 0.4045 0 0
7 -342.5 -3.88 179.2 0.1011 0.0029 0.0046 0
12 -359.04 -3.92 179.9 0.632 0.6121 0.5605 0
9 -368.63 -3.88 179.1 0.001 0.001 0.0012 0
7 -375.95 -3.81 179.2 0.148 0.2428 0.3587 0
8 -383.43 -3.82 179.1 0.2047 0.259 0.2801 0
9 -390.82 -3.84 180 0.0017 0.0017 0.0023 0
9 -398.72 -3.88 179.6 0.021 0.043 0.0231 0
4 -404.7 -4 180.9 0.0658 0.0385 0.021 0
1 -366.72 3.55 179.6 0.9158 0.4045 0 1
4 -277.96 3.87 179.4 0.0546 0.0915 0.0461 0
4 -285.26 3.89 180 0.1542 0.1636 0.1768 0
11 -292.83 3.87 179.3 0.5924 0.5924 0.5795 0
4 -301.53 3.94 178.9 0.1011 0.0029 0.0046 0
7 -308.84 3.81 179.4 0.482 0.4936 0.5054 0
4 -316.95 3.87 179.3 0.0242 0.0697 0.1975 0
1 -325.24 3.83 179.9 0.9158 0.4045 0 0
4 -332.76 3.82 179.5 0.0072 0.0078 0.0097 0
9 -339.05 3.88 180 0.2047 0.259 0.2801 0
1 -359.89 3.96 179.1 0.9158 0.4045 0 0
7 -373.74 3.86 180.6 0.7667 0.7667 0.7445 0
5 -388.08 3.88 180.4 0.0119 0.0385 0.1247 0
7 -403.1 3.99 179.1 0.0041 0.0041 0.005 0
2 -241.15 23.11 -89.1 0.9158 0.4045 0 1
9 -240.88 64.52 -89 0.0399 0.0546 0.0781 0
7 -240.83 56.3 -89.6 0.2758 0.2932 0.3112 0
8 -240.84 49.19 -90.2 0.001 0.001 0.0012 0
6 -240.83 41.63 -89.2 0.0658 0.0385 0.021 0
6 -240.74 33.49 -90.8 0.259 0.0097 0.0097 0
1 -119.64 -3.55 178.7 0.9158 0.4045 0 1
4 -22.26 -3.9 180.4 0.3345 0.2801 0.1801 0
11 -30.01 -3.83 181 0.68 0.68 0.6524 0
6 -38.75 -3.86 179.5 0.001 0.001 0.0012 0
4 -63.19 -3.81 179.4 0.0892 0.0963 0.1062 0
9 -71.29 -3.99 180.8 0.0029 0.0033 0.0041 0
5 -78.35 -3.84 179.7 0.0119 0.0385 0.1247 0
5 -85.61 -3.96 179.8 0.482 0.4936 0.5054 0
2 -93.52 -3.91 179.6 0.9158 0.4045 0 0
9 -101.11 -3.82 181 0.0017 0.0017 0.0023 0
7 -109.26 -3.86 179.2 0.4045 0.4259 0.4479 0
4 -125.6 -3.93 181.1 0.7969 0.7742 0.7083 0
4 -133.15 -3.81 179.8 0.0119 0.0385 0.1247 0
12 -141.21 -4 180.4 0.68 0.68 0.6524 0
4 -150.39 -3.88 180.2 0.7969 0.7742 0.7083 0
4 -164.07 -4 180.5 0.6941 0.6941 0.6661 0
2 -176.54 -3.86 179.2 0.9158 0.4045 0 0
4 -184.7 -3.97 179.8 0.0658 0.0385 0.021 0
10 -194.03 -3.94 181.1 0.259 0.0097 0.0097 0
6 -208.54 -3.86 179.5 0.4591 0.4045 0.2801 0
4 -215.75 -3.9 181 0.0546 0.06 0.0677 0
3 -8.85 55.07 91.3 0.9158 0.4045 0 1
9 -9.25 18.96 90.3 0.0029 0.0033 0.0041 0
1 -9.22 27.27 88.9 0.9158 0.4045 0 0
8 -9.13 34.49 90.7 0.0072 0.0189 0.0658 0
8 -9.28 41.33 89.7 0.3345 0.2801 0.1801 0
5 -9.19 61.91 89 0.2047 0.259 0.2801 0
12 8.15 50.37 -90 0.5924 0.5924 0.5795 1
1 8.85 66.04 -90.1 0.9158 0.4045 0 1
13 8.8 29.32 -88.8 0.7818 0.7818 0.7519 0
10 9.27 41.94 -90.8 0.7969 0.7742 0.7083 0
1 95.63 -3.55 179 0.9158 0.4045 0 1
4 227.11 -3.85 179.7 0.0072 0.0189 0.0658 0
5 220.87 -3.83 180.5 0.0023 0.0037 0.0055 0
11 212.45 -3.94 180.9 0.68 0.68 0.6524 0
9 197.18 -3.8 181.1 0.0017 0.0017 0.0023 0
12 188.5 -3.97 179.3 0.5924 0.5924 0.5795 0
8 178.7 -3.9 180.8 0.0029 0.0033 0.0041 0
7 163.41 -3.9 180.1 0.1542 0.1636 0.1768 0
6 156.68 -3.97 181 0.0119 0.0385 0.1247 0
7 148.78 -3.89 180.8 0.4591 0.4045 0.2801 0
12 140.36 -3.89 179.1 0.632 0.6121 0.5605 0
6 129.62 -3.82 180.1 0.259 0.0097 0.0097 0
9 122.79 -3.92 180.7 0.001 0.001 0.0012 0
8 116.57 -3.98 178.9 0.0399 0.0546 0.0781 0
7 109.3 -3.89 179.8 0.4045 0.4259 0.4479 0
7 103.19 -3.85 181 0.0546 0.0915 0.0461 0
8 86.96 -3.89 179.7 0.4591 0.4045 0.2801 0
8 74.24 -3.93 180.4 0.0546 0.0915 0.0461 0
2 45.78 -3.86 179.3 0.9158 0.4045 0 0
9 38.92 -3.97 180.9 0.0029 0.0033 0.0041 0
4 32.75 -3.81 180 0.4591 0.4045 0.2801 0
9 225.52 3.98 179 0.0014 0.0023 0.0037 0
4 218.84 3.9 179.1 0.1011 0.0029 0.0046 0
5 205.78 3.94 179.5 0.2047 0.259 0.2801 0
12 197.24 3.98 179.1 0.7012 0.687 0.6388 0
10 185.56 3.89 179.2 0.0242 0.0697 0.1975 0
9 177.61 3.93 180.7 0.0029 0.0033 0.0041 0
4 169.92 3.9 179.7 0.0041 0.0041 0.005 0
4 163.08 3.98 181 0.0399 0.0546 0.0781 0
7 155.94 3.84 180.5 0.0023 0.0037 0.0055 0
9 133.9 3.84 180.5 0.0014 0.0023 0.0037 0
8 127.36 3.83 180.9 0.0119 0.0385 0.1247 0
6 120.06 3.92 180.7 0.001 0.001 0.0012 0
10 104.84 3.95 179.7 0.0658 0.0385 0.021 0
7 97.46 3.84 180.3 0.4591 0.4045 0.2801 0
9 90.67 3.99 179.3 0.0014 0.0023 0.0037 0
5 83.79 3.81 180.5 0.0023 0.0037 0.0055 0
8 76.03 4 179.2 0.3345 0.2801 0.1801 0
4 69.21 3.83 179.2 0.4591 0.4045 0.2801 0
4 62.4 3.82 179.5 0.0023 0.0037 0.0055 0
4 54.18 3.88 179.5 0.6941 0.6941 0.6661 0
8 46.33 3.87 180.5 0.0029 0.0033 0.0041 0
4 38.74 3.94 180.9 0.0119 0.0385 0.1247 0
2 31.61 3.95 179.1 0.9158 0.4045 0 0
5 240.73 17.9 91 0.4045 0.4259 0.4479 0
12 240.72 26.44 91.1 0.68 0.68 0.6524 0
5 240.8 44.7 90.7 0.2758 0.2932 0.3112 0
7 240.7 51.72 90.2 0.0119 0.0385 0.1247 0
4 259.24 66.93 -89.8 0.7667 0.7667 0.7445 0
10 259.23 51.36 -90.2 0.1542 0.1636 0.1768 0
4 259.14 43.6 -90.8 0.6941 0.6941 0.6661 0
9 259.26 35.49 -89.3 0.0189 0.022 0.029 0
6 259.11 28.13 -89.3 0.001 0.001 0.0012 0
3 289.7 -3.55 178.9 0.9158 0.4045 0 1
5 406.53 -3.92 181 0.3345 0.2801 0.1801 0
8 392.22 -3.87 180.3 0.1011 0.0029 0.0046 0
5 386.26 -3.85 179.5 0.0017 0.0017 0.002 0
0 379.28 -3.91 179.5 0.9158 0.4045 0 0
5 371.48 -3.88 178.9 0.7969 0.7742 0.7083 0
5 365.38 -3.84 181 0.482 0.4936 0.5054 0
6 357.79 -3.94 178.9 0.0029 0.0033 0.0041 0
7 350.98 -3.83 180.2 0.0072 0.0078 0.0097 0
6 343.72 -3.97 179.2 0.0658 0.0385 0.021 0
8 336.24 -3.93 179 0.021 0.043 0.0231 0
8 329.03 -3.96 179.3 0.0242 0.0697 0.1975 0
9 322.51 -3.97 181 0.0014 0.0023 0.0037 0
5 315.81 -3.82 180.6 0.0399 0.0546 0.0781 0
8 307.72 -3.87 179.1 0.001 0.001 0.0012 0
7 300.06 -3.84 179.6 0.1573 0.0066 0.0066 0
1 278.8 -3.9 180.3 0.9158 0.4045 0 0
10 400.77 3.85 179.8 0.1011 0.0029 0.0046 0
9 392.67 3.95 180 0.0017 0.0017 0.0023 0
5 377.46 3.96 181 0.4045 0.4259 0.4479 0
5 369.49 3.89 180.4 0.2758 0.2932 0.3112 0
5 354.6 4 181 0.0119 0.0385 0.1247 0
9 347.77 3.89 181.1 0.021 0.043 0.0231 0
12 339.71 3.97 180.9 0.7012 0.687 0.6388 0
10 329.47 3.86 179.5 0.1542 0.1636 0.1768 0
4 322.71 3.93 180.3 0.0072 0.0078 0.0097 0
9 315.73 3.96 180.5 0.0017 0.0017 0.0023 0
4 307.5 3.98 179.3 0.0892 0.0963 0.1062 0
9 301.1 3.95 180.5 0.0029 0.0033 0.0041 0
12 291.55 3.95 180.7 0.5924 0.5924 0.5795 0
5 281.38 3.82 180.2 0.0189 0.022 0.029 0
4 275.32 3.91 180.8 0.7667 0.7667 0.7445 0
12 438.15 25.25 -91 0.632 0.6121 0.5605 1
3 438.85 59.17 -88.9 0.9158 0.4045 0 1
5 439.13 51.62 -91.1 0.0658 0.0385 0.021 0
6 439.23 44.73 -89.2 0.0029 0.0033 0.0041 0
12 439.21 36.23 -89 0.5924 0.5924 0.5795 0
4 585.41 -3.88 180.8 0.1011 0.0029 0.0046 0
1 577.34 -3.95 180 0.9158 0.4045 0 0
8 569.85 -3.87 180.7 0.0029 0.0033 0.0041 0
8 562.63 -3.95 180.8 0.0014 0.0023 0.0037 0
2 555.97 -3.81 179.6 0.9158 0.4045 0 0
6 549.28 -3.91 179.3 0.0014 0.0023 0.0037 0
8 535.04 -3.84 180.4 0.0119 0.0385 0.1247 0
8 521.3 -3.94 180.8 0.0242 0.0697 0.1975 0
7 514.08 -3.92 180.9 0.0017 0.0017 0.002 0
9 507.33 -3.99 180.7 0.0017 0.0017 0.0023 0
6 499.33 -3.89 179.2 0.0017 0.0017 0.0023 0
4 484.96 -3.97 180.9 0.021 0.043 0.0231 0
8 476.64 -3.8 180.4 0.0014 0.0023 0.0037 0
8 469.86 -3.9 179.1 0.0546 0.06 0.0677 0
12 462.67 -3.87 180 0.7012 0.687 0.6388 0
12 563.75 2.85 181 0.5924 0.5924 0.5795 1
5 589.75 3.92 180.5 0.632 0.632 0.5989 0
9 582.84 3.82 180.3 0.0029 0.0033 0.0041 0
8 575.24 3.98 180.3 0.482 0.4936 0.5054 0
1 545.75 3.94 180 0.9158 0.4045 0 0
4 531.61 3.88 180.2 0.1542 0.1636 0.1768 0
5 525.33 3.86 178.9 0.1573 0.0066 0.0066 0
4 511.5 3.83 179.7 0.3345 0.2801 0.1801 0
5 505.5 3.86 180.7 0.0041 0.0041 0.005 0
11 497.48 3.87 180.1 0.5924 0.5924 0.5795 0
8 489.27 3.8 180.7 0.001 0.001 0.0012 0
6 482.05 3.88 180.3 0.0189 0.022 0.029 0
12 474.52 3.9 179.6 0.68 0.68 0.6524 0
12 464.46 3.89 180 0.68 0.68 0.6524 0
13 601.2 57.53 91.2 0.7818 0.7818 0.7519 0
4 600.75 14.1 88.9 0.7667 0.7667 0.7445 0
10 600.86 22.68 90.7 0.0546 0.06 0.0677 0
12 -601.85 141.81 -89.5 0.632 0.6121 0.5605 1
2 -601.15 134.45 -90.1 0.9158 0.4045 0 1
7 -600.74 117.44 -90.8 0.0546 0.0915 0.0461 0
6 -600.7 110.69 -88.9 0.001 0.001 0.0012 0
11 -600.8 103.33 -90.2 0.68 0.68 0.6524 0
8 -585.63 82.51 -0.4 0.259 0.0097 0.0097 0
5 -577.36 82.41 -0.8 0.1011 0.0029 0.0046 0
4 -570.38 82.49 -0.9 0.0072 0.0189 0.0658 0
5 -563.4 82.48 -0.3 0.482 0.4936 0.5054 0
6 -555.78 82.6 -0.1 0.0546 0.06 0.0677 0
7 -548.04 82.58 0.6 0.7667 0.7667 0.7445 0
11 -540.72 82.45 1 0.632 0.6121 0.5605 0
3 -532.55 82.42 1.1 0.9158 0.4045 0 0
6 -525.34 82.42 -0.7 0.021 0.043 0.0231 0
8 -518.72 82.41 -0.8 0.4591 0.4045 0.2801 0
2 -511.29 82.43 0.6 0.9158 0.4045 0 0
6 -504.25 82.46 -0.2 0.0189 0.022 0.029 0
1 -497.15 82.4 -0.4 0.9158 0.4045 0 0
8 -489.88 82.46 -0.1 0.259 0.0097 0.0097 0
5 -482.01 82.44 0.4 0.7667 0.7667 0.7445 0
9 -473.93 82.43 0.1 0.0658 0.0385 0.021 0
11 -465.97 82.54 0.9 0.632 0.6121 0.5605 0
6 -457.51 82.52 -0.3 0.1573 0.0066 0.0066 0
3 -438.85 100.98 89.6 0.9158 0.4045 0 1
7 -439.22 129.63 90.3 0.0017 0.0017 0.002 0
5 -405.72 82.57 0.9 0.0546 0.0915 0.0461 0
5 -399.34 82.59 -1.1 0.0072 0.0078 0.0097 0
6 -393.05 82.47 -0.3 0.1011 0.0029 0.0046 0
6 -385.81 82.53 -0.7 0.021 0.043 0.0231 0
7 -378.26 82.52 -0.5 0.3345 0.2801 0.1801 0
5 -371.64 82.4 0.2 0.3392 0.3537 0.3736 0
4 -363.76 82.42 0.4 0.4045 0.4259 0.4479 0
12 -355.4 82.6 1 0.68 0.68 0.6524 0
6 -346.87 82.48 -0.7 0.001 0.001 0.0012 0
5 -340.4 82.44 0.7 0.6941 0.6941 0.6661 0
5 -332.94 82.56 0.6 0.1573 0.0066 0.0066 0
9 -320.26 82.48 -0.9 0.0658 0.0385 0.021 0
6 -305.83 82.57 -0.7 0.4591 0.4045 0.2801 0
0 -298.01 82.41 -0.6 0.9158 0.4045 0 0
11 -289.12 82.41 1 0.68 0.68 0.6524 0
6 -282.49 82.42 0.8 0.0892 0.0963 0.1062 0
1 -276.37 82.5 0.4 0.9158 0.4045 0 0
1 -241.15 131.95 -88.7 0.9158 0.4045 0 1
9 -240.75 142.18 -89 0.0029 0.0033 0.0041 0
4 -225.55 82.57 0.3 0.0072 0.0078 0.0097 0
9 -217.9 82.51 -0.5 0.001 0.001 0.0012 0
8 -204.22 82.49 0.2 0.4591 0.4045 0.2801 0
6 -196.18 82.44 -0.1 0.0189 0.022 0.029 0
2 -188.9 82.56 -0.2 0.9158 0.4045 0 0
8 -182.61 82.46 1 0.3392 0.3537 0.3736 0
9 -168.18 82.42 0.4 0.001 0.001 0.0012 0
8 -160.63 82.57 0.7 0.3392 0.3537 0.3736 0
9 -153.17 82.47 0.1 0.148 0.2428 0.3587 0
7 -146.74 82.48 1 0.0017 0.0017 0.002 0
7 -127.08 82.4 0.4 0.1573 0.0066 0.0066 0
6 -112.19 82.57 0.5 0.001 0.001 0.0012 0
4 -105.15 82.45 0.2 0.0242 0.0697 0.1975 0
9 -99.29 82.46 1 0.4591 0.4045 0.2801 0
6 -85.33 82.53 0.9 0.0017 0.0017 0.0023 0
6 -71.04 82.45 0.8 0.0029 0.0033 0.0041 0
4 -63.37 82.53 -0.5 0.1542 0.1636 0.1768 0
6 -56.74 82.44 -0.8 0.021 0.043 0.0231 0
10 -49.14 82.53 0.7 0.0546 0.0915 0.0461 0
6 -42.24 82.44 1.1 0.0892 0.0963 0.1062 0
7 -36.15 82.53 1 0.0658 0.0385 0.021 0
7 -28.08 82.55 -0.5 0.3392 0.3537 0.3736 0
1 -8.85 115.78 91.2 0.9158 0.4045 0 1
6 -9.26 100.33 90.3 0.0029 0.0033 0.0041 0
1 -9.23 107.11 89.8 0.9158 0.4045 0 0
4 -9.15 127.58 91 0.0658 0.0385 0.021 0
4 -9.22 135.5 89.8 0.0119 0.0385 0.1247 0
9 -9.27 142.88 89.4 0.0017 0.0017 0.0023 0
12 8.15 111.2 -90.3 0.632 0.6121 0.5605 1
3 8.85 138.95 -90.5 0.3297 0.4313 0.0697 1
7 9.16 129.84 -89.7 0.0119 0.0385 0.1247 0
6 9.3 122.45 -89.4 0.0014 0.0023 0.0037 0
0 9.17 103.74 -91.1 0.9158 0.4045 0 0
4 9.14 97.35 -90.4 0.4045 0.4259 0.4479 0
7 23.57 82.45 0.8 0.0399 0.0546 0.0781 0
6 36.48 82.45 -0.6 0.0399 0.0546 0.0781 0
10 46.13 82.59 0.8 0.2758 0.2932 0.3112 0
6 54.04 82.46 -1 0.001 0.001 0.0012 0
7 61.53 82.42 -0.6 0.021 0.043 0.0231 0
6 68.28 82.49 0 0.0017 0.0017 0.0023 0
11 75.78 82.43 -0.2 0.68 0.68 0.6524 0
2 82.83 82.59 -0.6 0.9158 0.4045 0 0
7 99.03 82.44 0.2 0.0242 0.0697 0.1975 0
5 106.55 82.46 -0.4 0.2047 0.259 0.2801 0
8 119.44 82.56 -0.3 0.3345 0.2801 0.1801 0
6 126.13 82.42 -1.1 0.0072 0.0189 0.0658 0
4 134.01 82.53 -0.9 0.6941 0.6941 0.6661 0
9 140.84 82.43 0.7 0.0017 0.0017 0.0023 0
4 147.79 82.42 0.2 0.1542 0.1636 0.1768 0
9 155.27 82.47 -0.9 0.001 0.001 0.0012 0
5 161.74 82.42 -1 0.7667 0.7667 0.7445 0
4 168.81 82.45 0.9 0.0041 0.0041 0.005 0
4 175.99 82.41 1 0.0072 0.0078 0.0097 0
4 183.14 82.58 -0.7 0.0189 0.022 0.029 0
8 197.85 82.58 -0.8 0.2047 0.259 0.2801 0
11 206.76 82.57 -1 0.632 0.6121 0.5605 0
4 213.89 82.5 0.7 0.1542 0.1636 0.1768 0
4 220.32 82.51 -0.7 0.0189 0.022 0.029 0
2 258.85 134.11 -89.2 0.9158 0.4045 0 1
8 259.15 144 -90.1 0.0546 0.06 0.0677 0
1 259.13 122.69 -88.9 0.9158 0.4045 0 0
4 259.14 115.23 -90.2 0.0119 0.0385 0.1247 0
7 259.24 95.94 -90.9 0.0546 0.0915 0.0461 0
11 273.89 82.41 -0.1 0.5924 0.5924 0.5795 0
7 281.65 82.47 -0.2 0.4045 0.4259 0.4479 0
4 287.71 82.57 -0.7 0.1542 0.1636 0.1768 0
4 300.93 82.4 -0.2 0.1542 0.1636 0.1768 0
8 307.92 82.55 -0.6 0.0017 0.0017 0.0023 0
9 315.32 82.6 0.5 0.0017 0.0017 0.0023 0
9 321.32 82.56 -0.9 0.4591 0.4045 0.2801 0
8 327.77 82.54 0.3 0.0072 0.0189 0.0658 0
9 335.29 82.57 0.6 0.0399 0.0546 0.0781 0
9 357.28 82.49 1.1 0.001 0.001 0.0012 0
8 364.92 82.44 -0.2 0.259 0.0097 0.0097 0
4 371.52 82.43 -0.6 0.0023 0.0037 0.0055 0
5 378.82 82.43 -0.3 0.1011 0.0029 0.0046 0
6 385.74 82.41 -1.1 0.0017 0.0017 0.0023 0
4 391.76 82.47 -0.3 0.0658 0.0385 0.021 0
6 398.73 82.45 0.3 0.001 0.001 0.0012 0
9 405.7 82.51 -0.9 0.148 0.2428 0.3587 0
8 450.64 82.59 -0.8 0.0119 0.0385 0.1247 0
6 456.91 82.41 0 0.0014 0.0023 0.0037 0
8 464.36 82.53 -1.1 0.2758 0.2932 0.3112 0
12 473.31 82.49 0.4 0.68 0.68 0.6524 0
9 481.8 82.58 0.2 0.001 0.001 0.0012 0
5 490.09 82.49 0.2 0.0017 0.0017 0.002 0
11 498.17 82.48 -0.5 0.68 0.68 0.6524 0
4 506.55 82.55 0.6 0.1573 0.0066 0.0066 0
10 521.5 82.59 0.2 0.1573 0.0066 0.0066 0
9 552.09 82.45 0.3 0.0029 0.0033 0.0041 0
4 558.96 82.55 -1.1 0.0892 0.0963 0.1062 0
9 564.86 82.4 -0.8 0.0014 0.0023 0.0037 0
7 578.52 82.56 -0.2 0.0119 0.0385 0.1247 0
2 -618.85 185.85 89.1 0.9158 0.4045 0 1
6 -619.14 175.62 89.9 0.0892 0.0963 0.1062 0
10 -619.12 211.71 90.7 0.2758 0.2932 0.3112 0
8 -619.15 219.88 89.8 0.0017 0.0017 0.0023 0
1 -601.15 200.18 -89.5 0.9158 0.4045 0 1
6 -600.85 222.51 -89 0.0017 0.0017 0.0023 0
10 -600.78 191.27 -90.9 0.0892 0.0963 0.1062 0
7 -600.79 177.99 -89.7 0.1011 0.0029 0.0046 0
6 -454.89 156.11 179.6 0.001 0.001 0.0012 0
4 -463.21 156.2 179.7 0.7667 0.7667 0.7445 0
6 -471.15 156.09 180.7 0.0189 0.022 0.029 0
10 -479.1 156.11 178.9 0.1011 0.0029 0.0046 0
7 -485.51 156.14 180 0.1573 0.0066 0.0066 0
5 -492.26 156.06 180.1 0.0072 0.0189 0.0658 0
4 -500.09 156.11 180.4 0.021 0.043 0.0231 0
6 -507.13 156.15 180.5 0.3345 0.2801 0.1801 0
1 -513.5 156.12 181.1 0.9158 0.4045 0 0
9 -521.46 156.19 180.7 0.001 0.001 0.0012 0
8 -535.61 156.09 181.1 0.0119 0.0385 0.1247 0
0 -542.29 156.1 179.8 0.9158 0.4045 0 0
0 -556.19 156.1 180 0.9158 0.4045 0 0
7 -564.16 156.17 180.5 0.632 0.632 0.5989 0
4 -570.54 156.16 179.2 0.0023 0.0037 0.0055 0
9 -577.82 156.09 180.6 0.0017 0.0017 0.0023 0
5 -583.84 156.14 180.9 0.0546 0.06 0.0677 0
2 -563.26 163.55 179.6 0.9158 0.4045 0 1
8 -466.73 163.82 179.2 0.0029 0.0033 0.0041 0
4 -473.49 163.92 180.5 0.0242 0.0697 0.1975 0
7 -480.88 163.9 179.8 0.0072 0.0078 0.0097 0
10 -488.82 163.86 179.8 0.3392 0.3537 0.3736 0
6 -495.44 163.86 180.4 0.4591 0.4045 0.2801 0
4 -501.32 163.84 180.2 0.0658 0.0385 0.021 0
8 -507.7 163.95 179.3 0.0892 0.0963 0.1062 0
8 -515.08 163.92 180.8 0.148 0.2428 0.3587 0
6 -533.49 163.9 179.5 0.0072 0.0189 0.0658 0
10 -541.08 163.85 179.6 0.148 0.2428 0.3587 0
9 -549.56 163.84 179.4 0.0014 0.0023 0.0037 0
9 -556.92 163.99 179.1 0.0017 0.0017 0.0023 0
5 -570.84 163.98 179.9 0.0017 0.0017 0.002 0
8 -578.33 163.99 180.1 0.021 0.043 0.0231 0
9 -439.2 178.43 90.4 0.0658 0.0385 0.021 0
9 -439.29 199.24 90.3 0.0017 0.0017 0.0023 0
8 -439.12 221.89 90.2 0.1011 0.0029 0.0046 0
12 -350.59 156.95 179.4 0.632 0.6121 0.5605 1
8 -270.57 156 180.7 0.0029 0.0033 0.0041 0
7 -277.01 156.14 179.5 0.3392 0.3537 0.3736 0
9 -284.84 156.13 181.1 0.2047 0.259 0.2801 0
6 -291.66 156.02 179 0.021 0.043 0.0231 0
4 -299.72 156.13 179.7 0.7969 0.7742 0.7083 0
5 -305.72 156.13 179.8 0.021 0.043 0.0231 0
4 -312.16 156.04 180.7 0.3392 0.3537 0.3736 0
8 -318.74 156.16 181.1 0.0017 0.0017 0.0023 0
12 -327.84 156.09 179.4 0.632 0.6121 0.5605 0
7 -338.5 156.1 179.7 0.021 0.043 0.0231 0
7 -361 156.13 179.5 0.4591 0.4045 0.2801 0
10 -370.61 156.06 180 0.259 0.0097 0.0097 0
4 -385.44 156.07 180.4 0.0072 0.0189 0.0658 0
7 -392.33 156.19 180.1 0.0658 0.0385 0.021 0
8 -399.77 156.19 179.6 0.0072 0.0189 0.0658 0
1 -325.97 163.55 180.2 0.9158 0.4045 0 1
6 -271.7 163.9 179.2 0.0892 0.0963 0.1062 0
7 -279 163.82 180.8 0.0546 0.06 0.0677 0
1 -286.34 163.98 180.6 0.9158 0.4045 0 0
11 -301 163.82 180.4 0.68 0.68 0.6524 0
9 -331.95 163.87 179.7 0.0658 0.0385 0.021 0
4 -338.18 163.95 179.4 0.0072 0.0189 0.0658 0
8 -344.2 163.86 180.2 0.1011 0.0029 0.0046 0
5 -352.27 163.97 180.7 0.0242 0.0697 0.1975 0
4 -359.43 163.97 179.9 0.0242 0.0697 0.1975 0
7 -374.85 163.96 181 0.6941 0.6941 0.6661 0
6 -391.07 163.91 181.1 0.0119 0.0385 0.1247 0
10 -399.97 163.84 179.4 0.0072 0.0078 0.0097 0
9 -23.15 156.18 181 0.0017 0.0017 0.0023 0
5 -29.63 156 179.2 0.482 0.4936 0.5054 0
6 -37.81 156.03 179.9 0.0017 0.0017 0.0023 0
10 -53.83 156.06 179.9 0.0189 0.022 0.029 0
7 -61.11 156.19 180.7 0.7667 0.7667 0.7445 0
12 -68.91 156.17 179.6 0.632 0.6121 0.5605 0
2 -77.5 156.1 179.7 0.9158 0.4045 0 0
4 -84.57 156.1 180.3 0.2758 0.2932 0.3112 0
6 -92.04 156.02 180.7 0.0189 0.022 0.029 0
10 -106.69 156.03 180.5 0.1573 0.0066 0.0066 0
4 -113.67 156.17 180.9 0.0072 0.0189 0.0658 0
2 -119.78 156.07 180.5 0.9158 0.4045 0 0
4 -126.58 156.03 179.7 0.148 0.2428 0.3587 0
4 -133.11 156.04 179.9 0.0189 0.022 0.029 0
7 -140.24 156.1 180.9 0.021 0.043 0.0231 0
9 -147.57 156.07 179 0.021 0.043 0.0231 0
9 -154.64 156.08 179.4 0.0017 0.0017 0.0023 0
4 -162.39 156.16 180.6 0.1542 0.1636 0.1768 0
11 -176.12 156.06 180 0.68 0.68 0.6524 0
9 -182.82 156.17 180.5 0.021 0.043 0.0231 0
6 -190.44 156.15 179.9 0.148 0.2428 0.3587 0
9 -198.34 156.02 180.6 0.3345 0.2801 0.1801 0
9 -204.31 156.04 180.8 0.001 0.001 0.0012 0
4 -211.87 156.09 180 0.148 0.2428 0.3587 0
6 -225.41 156 179.3 0.0029 0.0033 0.0041 0
1 -139.62 163.55 181 0.9158 0.4045 0 1
7 -28.85 163.93 180.8 0.0658 0.0385 0.021 0
4 -36.62 163.82 181.1 0.0072 0.0078 0.0097 0
4 -44.82 163.98 181.1 0.1542 0.1636 0.1768 0
9 -52.45 163.89 179.5 0.0658 0.0385 0.021 0
2 -59.98 163.95 179.6 0.9158 0.4045 0 0
8 -66.56 163.93 180.9 0.001 0.001 0.0012 0
1 -81.28 163.96 180.5 0.9158 0.4045 0 0
1 -87.4 163.93 180.1 0.9158 0.4045 0 0
6 -101.38 163.82 178.9 0.0546 0.0915 0.0461 0
10 -110.43 163.84 180.1 0.2758 0.2932 0.3112 0
12 -119.22 163.91 179.2 0.632 0.6121 0.5605 0
9 -128.18 163.84 180.6 0.0017 0.0017 0.0023 0
1 -148.96 163.94 180 0.9158 0.4045 0 0
8 -155.41 163.98 179.9 0.3392 0.3537 0.3736 0
3 -161.99 163.87 179.5 0.9158 0.4045 0 0
1 -169.62 163.87 180.1 0.9158 0.4045 0 0
6 -175.84 163.81 178.9 0.1573 0.0066 0.0066 0
0 -190.32 163.81 181 0.9158 0.4045 0 0
9 -198.55 163.84 180.8 0.0029 0.0033 0.0041 0
6 -206.29 163.98 180 0.0242 0.0697 0.1975 0
6 -220.53 163.95 180.6 0.0014 0.0023 0.0037 0
3 -8.85 180.18 89.5 0.9158 0.4045 0 1
13 -8.8 210.67 90.4 0.7818 0.7818 0.7519 0
1 -9.22 192.28 89.9 0.9158 0.4045 0 0
1 104.6 156.45 179.2 0.9158 0.4045 0 1
3 222.99 156.09 180.6 0.9158 0.4045 0 0
4 215.64 156.02 179.3 0.0546 0.06 0.0677 0
7 207.63 156.05 180 0.0658 0.0385 0.021 0
9 200.43 156.02 179.6 0.0029 0.0033 0.0041 0
4 193.33 156.06 179.9 0.1542 0.1636 0.1768 0
4 186.46 156.14 179 0.6941 0.6941 0.6661 0
6 178.31 156.02 180.6 0.001 0.001 0.0012 0
5 170.64 156 180.4 0.4591 0.4045 0.2801 0
7 162.87 156.1 180.5 0.7969 0.7742 0.7083 0
8 155.69 156.09 179.5 0.0014 0.0023 0.0037 0
4 148.66 156.08 180.7 0.0546 0.0915 0.0461 0
8 142.2 156.11 180 0.0399 0.0546 0.0781 0
8 135.21 156.1 179.6 0.1573 0.0066 0.0066 0
7 127.15 156.1 179.6 0.1011 0.0029 0.0046 0
8 120.5 156.05 180.6 0.0658 0.0385 0.021 0
8 112.71 156.12 179.3 0.0546 0.06 0.0677 0
4 98.17 156.06 180.5 0.4591 0.4045 0.2801 0
7 91.77 156.13 180.3 0.021 0.043 0.0231 0
6 70.71 156.17 179.1 0.0119 0.0385 0.1247 0
6 63.76 156.09 180.2 0.0546 0.0915 0.0461 0
7 56.06 156.05 180 0.0189 0.022 0.029 0
7 49.53 156.18 181.1 0.2047 0.259 0.2801 0
4 41.48 156.09 180.7 0.6941 0.6941 0.6661 0
6 34.8 156.04 179.4 0.1573 0.0066 0.0066 0
4 27.63 156.18 179.2 0.148 0.2428 0.3587 0
9 240.71 183.19 89.3 0.0014 0.0023 0.0037 0
10 240.88 190.51 89.6 0.482 0.4936 0.5054 0
8 240.88 199.42 90.9 0.0029 0.0033 0.0041 0
5 240.83 206.44 90.2 0.2758 0.2932 0.3112 0
4 240.75 213.16 90.3 0.0023 0.0037 0.0055 0
11 240.84 222.43 89.6 0.68 0.68 0.6524 0
4 259.23 222.9 -90 0.6941 0.6941 0.6661 0
5 259.19 215.05 -90.8 0.7969 0.7742 0.7083 0
4 259.22 202.3 -90.9 0.021 0.043 0.0231 0
5 259.24 196.48 -90 0.482 0.4936 0.5054 0
9 259.18 190.15 -89.4 0.0017 0.0017 0.0023 0
3 276.6 156.45 179.2 0.3297 0.4313 0.0697 1
0 406.64 156.11 179.3 0.9158 0.4045 0 0
8 400.47 156.05 180.6 0.0119 0.0385 0.1247 0
8 393.74 156.12 180.8 0.001 0.001 0.0012 0
8 386.4 156.1 181.1 0.1542 0.1636 0.1768 0
9 378.54 156.02 179.2 0.0014 0.0023 0.0037 0
7 372.19 156.15 180.8 0.632 0.632 0.5989 0
0 365.05 156.1 180.7 0.9158 0.4045 0 0
1 358.44 156.02 179.1 0.9158 0.4045 0 0
11 349.62 156.1 179.6 0.68 0.68 0.6524 0
8 333.89 156.09 180.2 0.0017 0.0017 0.0023 0
5 311.35 156.01 179.3 0.0546 0.06 0.0677 0
4 304.64 156.06 179.1 0.482 0.4936 0.5054 0
4 297.28 156.08 179 0.2047 0.259 0.2801 0
10 287.82 156.06 180.2 0.0017 0.0017 0.002 0
4 408.19 163.8 179.4 0.2047 0.259 0.2801 0
6 386.68 163.94 181.1 0.0546 0.0915 0.0461 0
4 379.69 163.9 180.1 0.0041 0.0041 0.005 0
10 372.47 163.91 179.8 0.2758 0.2932 0.3112 0
6 364.8 163.96 178.9 0.2047 0.259 0.2801 0
10 356.72 163.89 180.6 0.482 0.4936 0.5054 0
11 347.67 163.89 179 0.5924 0.5924 0.5795 0
4 340.64 163.92 180.6 0.0658 0.0385 0.021 0
9 334.08 163.84 179.1 0.001 0.001 0.0012 0
9 326.66 163.82 180 0.0017 0.0017 0.0023 0
1 319.86 163.89 179.2 0.9158 0.4045 0 0
9 313.19 163.81 179 0.0399 0.0546 0.0781 0
7 300.09 163.89 179.3 0.0072 0.0189 0.0658 0
8 285.7 163.82 178.9 0.2758 0.2932 0.3112 0
2 466.83 156.45 178.9 0.9158 0.4045 0 1
8 587.1 156.08 179.9 0.0014 0.0023 0.0037 0
4 579.49 156.12 179.2 0.2758 0.2932 0.3112 0
10 572.03 156.1 179 0.0546 0.06 0.0677 0
8 563.9 156.01 179 0.2047 0.259 0.2801 0
10 555.98 156.01 179.1 0.0041 0.0041 0.005 0
5 549.16 156.15 180.4 0.2758 0.2932 0.3112 0
1 542.59 156.12 181 0.9158 0.4045 0 0
4 536.78 156.16 179.3 0.0399 0.0546 0.0781 0
6 529.14 156.04 180.2 0.0399 0.0546 0.0781 0
4 523.06 156.18 180.4 0.4591 0.4045 0.2801 0
6 516.71 156.14 180.4 0.0399 0.0546 0.0781 0
4 509.14 156.02 179.1 0.0017 0.0017 0.002 0
6 501.18 156.02 180.7 0.1573 0.0066 0.0066 0
9 493.6 156.07 180.4 0.0014 0.0023 0.0037 0
1 486.61 156.05 179 0.9158 0.4045 0 0
9 478.43 156.1 179.8 0.001 0.001 0.0012 0
5 458.67 156.03 180.1 0.0072 0.0078 0.0097 0
1 601.15 182.7 88.8 0.9158 0.4045 0 1
9 600.75 206.69 90.1 0.0029 0.0033 0.0041 0
6 -619.2 261.97 90.7 0.0189 0.022 0.029 0
4 -619.12 268.36 90.3 0.0658 0.0385 0.021 0
4 -619.23 296.95 88.9 0.7667 0.7667 0.7445 0
4 -587.56 243.85 0.3 0.6941 0.6941 0.6661 0
4 -579.73 243.91 -1.1 0.6941 0.6941 0.6661 0
4 -573.1 243.94 0.9 0.3392 0.3537 0.3736 0
9 -566.23 243.89 -0.8 0.001 0.001 0.0012 0
10 -550.86 243.84 -1 0.021 0.043 0.0231 0
8 -537 243.95 0.5 0.0119 0.0385 0.1247 0
2 -529.16 243.88 0.8 0.9158 0.4045 0 0
8 -521.5 243.83 1.1 0.0658 0.0385 0.021 0
4 -502.2 243.88 0.9 0.6941 0.6941 0.6661 0
3 -488.57 243.84 0.9 0.3297 0.4313 0.0697 0
9 -481.58 243.91 0.8 0.021 0.043 0.0231 0
9 -475 243.98 1 0.0189 0.022 0.029 0
1 -467.2 243.85 -0.3 0.9158 0.4045 0 0
9 -460.32 243.87 0.5 0.001 0.001 0.0012 0
6 -572.03 236.15 -0.9 0.3345 0.2801 0.1801 0
4 -564.43 236.18 -0.4 0.0119 0.0385 0.1247 0
12 -555.74 236.1 -0.9 0.5924 0.5924 0.5795 0
6 -545.93 236.18 -0.4 0.0658 0.0385 0.021 0
6 -530.54 236.06 -1 0.3345 0.2801 0.1801 0
12 -521.39 236.18 0.7 0.5924 0.5924 0.5795 0
5 -511 236.01 0 0.7667 0.7667 0.7445 0
5 -502.89 236.06 0.4 0.3392 0.3537 0.3736 0
7 -495.98 236.11 0.3 0.3392 0.3537 0.3736 0
4 -487.74 236.04 0.1 0.3392 0.3537 0.3736 0
4 -474.04 236.06 -1 0.0023 0.0037 0.0055 0
7 -466.55 236.06 -0.6 0.0041 0.0041 0.005 0
9 -459.92 236.13 -1 0.148 0.2428 0.3587 0
8 -453.73 236.04 0.6 0.1011 0.0029 0.0046 0
12 -439.28 294.68 90.8 0.632 0.6121 0.5605 0
1 -386.78 243.55 0.6 0.9158 0.4045 0 1
4 -407.98 243.93 0.5 0.6941 0.6941 0.6661 0
8 -400.61 243.99 0 0.0119 0.0385 0.1247 0
7 -380.54 243.93 0.5 0.148 0.2428 0.3587 0
6 -373.87 244 -0.8 0.001 0.001 0.0012 0
12 -364.91 243.87 0.2 0.68 0.68 0.6524 0
5 -356.1 243.96 0.6 0.021 0.043 0.0231 0
6 -343.32 243.95 -1 0.4591 0.4045 0.2801 0
4 -336.21 243.91 -1 0.0242 0.0697 0.1975 0
10 -328.09 243.96 0.5 0.2047 0.259 0.2801 0
4 -321.32 243.84 0 0.2758 0.2932 0.3112 0
2 -314.2 243.88 0.5 0.9158 0.4045 0 0
5 -307.15 243.89 0.6 0.0546 0.06 0.0677 0
9 -292.45 243.8 0 0.148 0.2428 0.3587 0
4 -285.95 243.83 -0.4 0.0546 0.0915 0.0461 0
6 -279.76 243.83 -1 0.0014 0.0023 0.0037 0
7 -273.35 243.92 0.2 0.3392 0.3537 0.3736 0
12 -376.39 237.15 0.6 0.632 0.6121 0.5605 1
3 -290.63 236.45 -0.9 0.9158 0.4045 0 1
4 -408.2 236.09 -0.2 0.0242 0.0697 0.1975 0
0 -400.34 236.04 -1 0.9158 0.4045 0 0
8 -394.12 236.06 0.9 0.4591 0.4045 0.2801 0
4 -386.7 236.17 -0.1 0.2047 0.259 0.2801 0
4 -365.55 236.11 0.1 0.4045 0.4259 0.4479 0
9 -347.67 236.14 0.9 0.0017 0.0017 0.0023 0
8 -340.05 236.11 -1 0.001 0.001 0.0012 0
8 -333.98 236.08 0.6 0.148 0.2428 0.3587 0
4 -328.02 236.02 1.1 0.1011 0.0029 0.0046 0
5 -321.6 236.01 0.6 0.0546 0.0915 0.0461 0
12 -313.95 236.12 0.5 0.632 0.6121 0.5605 0
6 -297.76 236.09 -1.1 0.1011 0.0029 0.0046 0
7 -278.69 236.1 0.8 0.1011 0.0029 0.0046 0
1 -241.15 290.66 -89.1 0.9158 0.4045 0 1
13 -241.2 266.59 -90.5 0.7818 0.7818 0.7519 0
7 -240.86 302.28 -89.1 0.0041 0.0041 0.005 0
3 -146.27 243.55 -0.8 0.9158 0.4045 0 1
7 -210.95 243.92 -0.3 0.1011 0.0029 0.0046 0
6 -202.78 243.84 0.4 0.4591 0.4045 0.2801 0
8 -196.16 243.95 0.5 0.0546 0.06 0.0677 0
8 -189.92 243.83 -0.2 0.4591 0.4045 0.2801 0
5 -183.72 243.93 0 0.0119 0.0385 0.1247 0
7 -176.65 243.91 -0.9 0.1573 0.0066 0.0066 0
6 -168.51 243.93 1 0.148 0.2428 0.3587 0
8 -161.41 243.82 0.1 0.001 0.001 0.0012 0
4 -153.8 243.88 -1.1 0.0119 0.0385 0.1247 0
7 -139.21 243.9 -0.1 0.0658 0.0385 0.021 0
8 -131.71 243.86 0.6 0.0892 0.0963 0.1062 0
4 -124.14 243.97 0.3 0.0892 0.0963 0.1062 0
8 -115.93 243.87 -0.6 0.0017 0.0017 0.0023 0
10 -107.74 243.93 0.7 0.0242 0.0697 0.1975 0
12 -98.9 243.83 -0.9 0.68 0.68 0.6524 0
5 -82.73 243.8 1.1 0.0072 0.0189 0.0658 0
8 -74.64 243.93 -0.9 0.1542 0.1636 0.1768 0
8 -61.42 243.95 -0.9 0.1542 0.1636 0.1768 0
6 -53.93 243.92 0 0.0892 0.0963 0.1062 0
11 -46.68 243.95 -0.5 0.632 0.6121 0.5605 0
5 -38.62 243.92 -0.1 0.0041 0.0041 0.005 0
8 -32.42 243.96 -1 0.0658 0.0385 0.021 0
4 -24.85 243.89 0 0.259 0.0097 0.0097 0
12 -155.11 237.15 -0.9 0.5924 0.5924 0.5795 1
4 -226.57 236.15 1 0.0242 0.0697 0.1975 0
5 -220.43 236.06 0.2 0.0072 0.0189 0.0658 0
10 -212.27 236.09 -0.5 0.0023 0.0037 0.0055 0
8 -204.8 236.2 1 0.0546 0.0915 0.0461 0
8 -198.65 236.07 0.7 0.001 0.001 0.0012 0
12 -189.04 236.11 -0.3 0.632 0.6121 0.5605 0
12 -178.43 236.16 -1.1 0.7012 0.687 0.6388 0
10 -161.09 236.14 0.3 0.0041 0.0041 0.005 0
7 -145.63 236.02 -0.8 0.482 0.4936 0.5054 0
9 -131.57 236.04 0.9 0.001 0.001 0.0012 0
4 -125.63 236.1 0.2 0.7667 0.7667 0.7445 0
10 -117.76 236.19 0.3 0.0072 0.0078 0.0097 0
7 -94.52 236.12 -0.1 0.6941 0.6941 0.6661 0
7 -79.32 236.02 0.6 0.0072 0.0078 0.0097 0
8 -73.03 236.07 0.5 0.0029 0.0033 0.0041 0
9 -64.82 236.08 -0.1 0.0017 0.0017 0.0023 0
8 -58.13 236.18 0 0.0546 0.0915 0.0461 0
4 -50.64 236.1 -0.5 0.3392 0.3537 0.3736 0
2 -42.81 236.18 -1 0.9158 0.4045 0 0
0 -34.53 236.08 1 0.9158 0.4045 0 0
9 -26.65 236.01 -0.2 0.0399 0.0546 0.0781 0
5 9.18 301.11 -90 0.0242 0.0697 0.1975 0
4 9.19 293.44 -89.8 0.4591 0.4045 0.2801 0
4 9.24 286.2 -90.4 0.0119 0.0385 0.1247 0
9 9.15 280.03 -89.2 0.0029 0.0033 0.0041 0
9 9.19 272.42 -90.8 0.0017 0.0017 0.0023 0
7 9.18 264.92 -89.4 0.7667 0.7667 0.7445 0
9 9.15 258.01 -90.4 0.0014 0.0023 0.0037 0
12 130.2 243.05 -0.2 0.68 0.68 0.6524 1
2 107.32 243.55 -0.4 0.9158 0.4045 0 1
1 24.95 243.95 -0.7 0.9158 0.4045 0 0
8 32.76 243.99 0.3 0.0017 0.0017 0.0023 0
7 39.71 243.99 0.5 0.7667 0.7667 0.7445 0
7 54.4 243.82 -0.7 0.021 0.043 0.0231 0
9 61.72 243.81 0.5 0.0546 0.0915 0.0461 0
7 68.93 243.94 1.1 0.0399 0.0546 0.0781 0
5 76.88 243.81 0.5 0.2758 0.2932 0.3112 0
7 84.81 243.91 -0.4 0.0017 0.0017 0.002 0
8 92.52 243.82 -0.2 0.1542 0.1636 0.1768 0
5 120.34 243.89 -0.7 0.6941 0.6941 0.6661 0
7 141.27 243.92 -0.6 0.0041 0.0041 0.005 0
2 148.82 243.86 -0.6 0.9158 0.4045 0 0
3 155.44 243.96 0.1 0.9158 0.4045 0 0
6 162.53 243.85 0.7 0.1542 0.1636 0.1768 0
4 169.17 243.97 -0.7 0.0041 0.0041 0.005 0
5 176.71 243.98 -0.4 0.148 0.2428 0.3587 0
8 183.66 243.84 -0.6 0.0546 0.0915 0.0461 0
6 191.37 244 0.7 0.0546 0.06 0.0677 0
6 197.94 243.99 0.8 0.0017 0.0017 0.0023 0
7 204.08 243.88 1 0.7969 0.7742 0.7083 0
7 211 243.84 0 0.0892 0.0963 0.1062 0
3 218.89 243.88 -0.4 0.3297 0.4313 0.0697 0
11 228.06 243.98 0.5 0.632 0.6121 0.5605 0
1 241.15 267.3 89 0.9158 0.4045 0 1
13 241.2 297.73 89.1 0.7818 0.7818 0.7519 0
6 240.79 255.01 90 0.0014 0.0023 0.0037 0
12 240.76 262.78 90.3 0.5924 0.5924 0.5795 0
9 240.7 279.8 90.8 0.0029 0.0033 0.0041 0
6 240.84 286.96 90.7 0.0029 0.0033 0.0041 0
13 258.8 265.16 -88.8 0.7818 0.7818 0.7519 0
8 259.24 297.95 -89 0.0029 0.0033 0.0041 0
1 259.17 275.99 -90.8 0.9158 0.4045 0 0
12 485.06 243.05 1 0.68 0.68 0.6524 1
9 451.68 243.87 0.1 0.0017 0.0017 0.0023 0
9 457.72 243.89 0.8 0.0029 0.0033 0.0041 0
4 465.55 243.95 1 0.0041 0.0041 0.005 0
6 472.99 243.98 0 0.0017 0.0017 0.0023 0
9 493.86 243.88 0.1 0.021 0.043 0.0231 0
7 507.02 243.92 -0.9 0.3392 0.3537 0.3736 0
6 522.45 243.86 0.6 0.0014 0.0023 0.0037 0
4 529.31 243.97 -0.5 0.4591 0.4045 0.2801 0
4 535.62 243.88 0.8 0.0892 0.0963 0.1062 0
6 543.64 243.98 0.4 0.021 0.043 0.0231 0
8 551.07 243.83 -0.9 0.1011 0.0029 0.0046 0
12 558.92 243.88 0.9 0.7012 0.687 0.6388 0
5 567.41 243.82 0.3 0.482 0.4936 0.5054 0
4 575.51 243.84 0 0.0546 0.0915 0.0461 0
4 581.39 243.88 0.3 0.1542 0.1636 0.1768 0
3 481.13 236.45 0.4 0.3297 0.4313 0.0697 1
1 460.05 236.01 -0.2 0.9158 0.4045 0 0
4 467.16 236.04 0.1 0.2047 0.259 0.2801 0
4 474.22 236.01 0.1 0.3392 0.3537 0.3736 0
10 489.04 236.07 -0.4 0.0242 0.0697 0.1975 0
5 497.05 236.16 -0.6 0.0072 0.0189 0.0658 0
6 503.65 236.08 0.2 0.0242 0.0697 0.1975 0
9 510.9 236.19 0.8 0.3345 0.2801 0.1801 0
6 517.46 236 -1.1 0.0546 0.06 0.0677 0
6 524.91 236.03 -0.5 0.259 0.0097 0.0097 0
12 539.47 236.15 0.1 0.68 0.68 0.6524 0
6 548.88 236.12 -0.4 0.0017 0.0017 0.0023 0
4 571.41 236.07 -0.5 0.0658 0.0385 0.021 0
4 577.92 236.12 0.1 0.0546 0.0915 0.0461 0
11 587.46 236.01 0.7 0.68 0.68 0.6524 0
2 601.15 260.18 90.4 0.9158 0.4045 0 1
4 600.8 278.7 89 0.0023 0.0037 0.0055 0
11 600.9 293.07 90.2 0.5924 0.5924 0.5795 0
7 600.79 300.29 90.1 0.3345 0.2801 0.1801 0
12 -618.15 350.19 90.7 0.7012 0.687 0.6388 1
2 -618.85 367.97 90.3 0.9158 0.4045 0 1
8 -619.11 377.06 89.7 0.0242 0.0697 0.1975 0
1 -601.15 373.74 -90.1 0.9158 0.4045 0 1
4 -600.73 384.2 -90.4 0.3392 0.3537 0.3736 0
7 -600.88 364.5 -90.2 0.259 0.0097 0.0097 0
6 -600.77 357.27 -89.6 0.0189 0.022 0.029 0
4 -600.89 350.2 -90.3 0.0023 0.0037 0.0055 0
1 -600.79 343.83 -89.7 0.9158 0.4045 0 0
3 -465.03 316.45 181.1 0.9158 0.4045 0 1
6 -454.95 316.11 180.5 0.1573 0.0066 0.0066 0
0 -475.86 316.11 179.2 0.9158 0.4045 0 0
6 -483.75 316.2 180.3 0.259 0.0097 0.0097 0
7 -491.84 316.02 180.6 0.1542 0.1636 0.1768 0
10 -499.69 316.01 179.2 0.632 0.632 0.5989 0
6 -506.73 316.2 180.3 0.0014 0.0023 0.0037 0
12 -515.66 316.05 180.8 0.5924 0.5924 0.5795 0
10 -534.33 316.14 179 0.0041 0.0041 0.005 0
5 -541.12 316.11 180.7 0.0119 0.0385 0.1247 0
7 -548.93 316.08 179.4 0.7667 0.7667 0.7445 0
7 -555.93 316.01 180.2 0.2047 0.259 0.2801 0
4 -562.51 316.12 179.8 0.3392 0.3537 0.3736 0
9 -568.38 316.18 178.9 0.0017 0.0017 0.0023 0
9 -575 316.14 179.8 0.0014 0.0023 0.0037 0
7 -581.74 316.11 181 0.482 0.4936 0.5054 0
12 -523.75 322.85 179.4 0.5924 0.5924 0.5795 1
2 -461.37 323.55 178.6 0.9158 0.4045 0 1
8 -469.27 323.82 178.9 0.0189 0.022 0.029 0
9 -475.33 323.83 179.5 0.0658 0.0385 0.021 0
2 -481.97 323.97 179.8 0.9158 0.4045 0 0
4 -489.57 323.81 180.8 0.021 0.043 0.0231 0
9 -497.23 323.89 179.1 0.0658 0.0385 0.021 0
7 -511.08 323.97 179.9 0.0072 0.0189 0.0658 0
11 -533.17 323.81 180.2 0.632 0.6121 0.5605 0
10 -543.1 323.9 180.8 0.021 0.043 0.0231 0
6 -551.3 323.98 181 0.0017 0.0017 0.0023 0
9 -557.49 323.95 179.6 0.4591 0.4045 0.2801 0
7 -563.98 323.97 180.3 0.0546 0.06 0.0677 0
6 -569.98 323.9 179.4 0.0242 0.0697 0.1975 0
4 -576.76 323.82 180.8 0.0041 0.0041 0.005 0
6 -271.03 316.09 180.3 0.021 0.043 0.0231 0
4 -285.54 316.12 179.9 0.632 0.632 0.5989 0
7 -292.33 316.13 178.9 0.0119 0.0385 0.1247 0
4 -300.01 316.09 180.3 0.0072 0.0078 0.0097 0
9 -329.07 316.16 180.8 0.001 0.001 0.0012 0
9 -344.27 316.01 180.5 0.0017 0.0017 0.0023 0
12 -353.48 316.13 179.5 0.68 0.68 0.6524 0
4 -363.2 316.09 179.7 0.1573 0.0066 0.0066 0
6 -370.61 316.14 179.7 0.001 0.001 0.0012 0
6 -384.32 316.19 179.1 0.001 0.001 0.0012 0
4 -391.27 316.15 179.3 0.7969 0.7742 0.7083 0
5 -398.73 316.03 178.9 0.0041 0.0041 0.005 0
4 -405.51 316.13 180.5 0.0072 0.0078 0.0097 0
8 -270.6 323.96 181 0.1011 0.0029 0.0046 0
11 -278.03 323.97 179.6 0.632 0.6121 0.5605 0
0 -286.99 323.93 179.1 0.9158 0.4045 0 0
9 -293.25 323.83 178.9 0.021 0.043 0.0231 0
8 -300.39 323.92 178.9 0.259 0.0097 0.0097 0
4 -312.99 323.88 180 0.021 0.043 0.0231 0
5 -319.92 323.82 180.2 0.2047 0.259 0.2801 0
10 -343.05 323.81 179.8 0.148 0.2428 0.3587 0
5 -350.09 323.94 181.1 0.1011 0.0029 0.0046 0
12 -364.85 323.85 179.7 0.632 0.6121 0.5605 0
7 -374.68 323.98 180.4 0.4591 0.4045 0.2801 0
8 -381.06 323.94 179.4 0.001 0.001 0.0012 0
8 -387.98 323.82 179.1 0.4591 0.4045 0.2801 0
9 -395.06 323.96 180.7 0.0189 0.022 0.029 0
7 -401.1 324 180.5 0.7969 0.7742 0.7083 0
4 -240.79 368.62 -90.6 0.0023 0.0037 0.0055 0
3 -240.81 360.41 -90.7 0.9158 0.4045 0 0
6 -20.01 316.1 179.1 0.0017 0.0017 0.0023 0
4 -27.09 316.18 180.1 0.2047 0.259 0.2801 0
7 -47.89 316.1 180.5 0.259 0.0097 0.0097 0
4 -61.7 316.14 179.4 0.0399 0.0546 0.0781 0
9 -69.09 316.01 179.6 0.001 0.001 0.0012 0
12 -76.68 316.16 179 0.5924 0.5924 0.5795 0
4 -86.38 316.09 179.8 0.4591 0.4045 0.2801 0
10 -95.17 316.15 180.2 0.0072 0.0078 0.0097 0
9 -102.08 316.13 179.2 0.2047 0.259 0.2801 0
11 -109.7 316.2 180.1 0.5924 0.5924 0.5795 0
4 -116.56 316.16 179.4 0.0658 0.0385 0.021 0
6 -130.55 316.09 178.9 0.0029 0.0033 0.0041 0
6 -137.46 316.12 179.9 0.2047 0.259 0.2801 0
5 -145.06 316.16 180.9 0.7969 0.7742 0.7083 0
4 -152.19 316.12 180.2 0.259 0.0097 0.0097 0
10 -160.76 316.05 181.1 0.0892 0.0963 0.1062 0
4 -169.5 316.16 179.8 0.0892 0.0963 0.1062 0
10 -184.89 316.19 181 0.0399 0.0546 0.0781 0
4 -192.98 316.09 179.9 0.259 0.0097 0.0097 0
9 -201.17 316.01 179.8 0.0017 0.0017 0.0023 0
8 -213.71 316.13 179.6 0.2047 0.259 0.2801 0
7 -221.64 316.17 179.9 0.0399 0.0546 0.0781 0
12 -23.84 322.85 180.7 0.68 0.68 0.6524 1
6 -41.43 323.9 179.6 0.0072 0.0189 0.0658 0
9 -55.48 323.94 179.1 0.0014 0.0023 0.0037 0
9 -77.8 323.97 179.3 0.0014 0.0023 0.0037 0
6 -85.2 323.9 179.2 0.001 0.001 0.0012 0
12 -94.67 323.81 180.6 0.68 0.68 0.6524 0
4 -105.14 323.98 179.5 0.0658 0.0385 0.021 0
4 -111.29 323.84 179.7 0.259 0.0097 0.0097 0
4 -117.51 323.86 180.2 0.4045 0.4259 0.4479 0
4 -125.04 324 179.3 0.0017 0.0017 0.002 0
6 -139.04 323.82 180.4 0.0072 0.0189 0.0658 0
6 -146.87 323.81 179 0.0072 0.0189 0.0658 0
6 -154.85 323.95 179.5 0.148 0.2428 0.3587 0
3 -160.9 323.82 179.6 0.9158 0.4045 0 0
0 -167.1 323.83 180.5 0.9158 0.4045 0 0
5 -175.2 323.84 179 0.2047 0.259 0.2801 0
11 -183.84 323.83 180.9 0.5924 0.5924 0.5795 0
5 -198.13 323.98 179.8 0.1542 0.1636 0.1768 0
4 -213.48 323.84 180.4 0.0119 0.0385 0.1247 0
4 -221.21 323.97 179.9 0.0658 0.0385 0.021 0
3 -8.85 377.12 89.4 0.3297 0.4313 0.0697 1
7 -9.25 338.15 90.6 0.0072 0.0189 0.0658 0
7 -9.2 344.02 90.9 0.0242 0.0697 0.1975 0
4 -9.28 350.85 90.9 0.1011 0.0029 0.0046 0
11 -9.14 360 90.4 0.68 0.68 0.6524 0
8 9.19 378.86 -90 0.001 0.001 0.0012 0
6 9.21 372.36 -88.9 0.259 0.0097 0.0097 0
8 226.04 316.11 180.5 0.3345 0.2801 0.1801 0
9 217.73 316.1 180.8 0.0017 0.0017 0.0023 0
1 210.38 316.04 179.9 0.9158 0.4045 0 0
7 196.47 316.18 181 0.482 0.4936 0.5054 0
9 189.19 316.02 179.9 0.0017 0.0017 0.0023 0
6 175.44 316.09 180.8 0.0029 0.0033 0.0041 0
9 168.61 316.01 179 0.001 0.001 0.0012 0
9 154.46 316.18 179.8 0.0399 0.0546 0.0781 0
7 146.16 316 180.5 0.259 0.0097 0.0097 0
8 131.58 316.15 180.4 0.0029 0.0033 0.0041 0
6 124.89 316.07 180.5 0.0014 0.0023 0.0037 0
8 108.42 316.09 180.4 0.0119 0.0385 0.1247 0
0 101.94 316.14 180.1 0.9158 0.4045 0 0
10 92.52 316.04 180.2 0.0023 0.0037 0.0055 0
8 85.92 316.02 180.1 0.0119 0.0385 0.1247 0
9 66.51 316.02 180.6 0.0029 0.0033 0.0041 0
6 59.92 316.01 180.5 0.0014 0.0023 0.0037 0
12 52.15 316.06 180.9 0.7012 0.687 0.6388 0
9 41.75 316.13 179 0.0658 0.0385 0.021 0
6 35.17 316.02 180.3 0.001 0.001 0.0012 0
12 185.6 322.85 180.7 0.68 0.68 0.6524 1
3 81.58 323.55 181.1 0.9158 0.4045 0 1
9 222.69 323.82 180.2 0.0399 0.0546 0.0781 0
4 215.95 323.84 181.1 0.0892 0.0963 0.1062 0
10 200.95 323.81 179.6 0.7667 0.7667 0.7445 0
4 194.11 323.97 180.1 0.0072 0.0189 0.0658 0
4 164.98 323.81 181.1 0.0242 0.0697 0.1975 0
10 156.58 323.96 179.5 0.7969 0.7742 0.7083 0
1 135.94 323.83 180 0.9158 0.4045 0 0
9 129.68 323.96 179.2 0.0017 0.0017 0.0023 0
7 122.59 323.98 179 0.2758 0.2932 0.3112 0
4 106.24 323.82 179.5 0.1573 0.0066 0.0066 0
5 98.61 323.97 179 0.0072 0.0189 0.0658 0
8 91.79 323.93 180.1 0.0014 0.0023 0.0037 0
1 69.03 323.99 180.8 0.9158 0.4045 0 0
8 62.75 323.87 180.4 0.0189 0.022 0.029 0
6 47.73 323.96 178.9 0.0014 0.0023 0.0037 0
1 40.14 323.87 179.4 0.9158 0.4045 0 0
6 33.23 323.99 179.2 0.1573 0.0066 0.0066 0
6 26.44 323.9 181 0.0029 0.0033 0.0041 0
2 241.15 375.28 89 0.9158 0.4045 0 1
5 240.88 334.63 89.8 0.1573 0.0066 0.0066 0
7 240.84 349.21 90.6 0.1011 0.0029 0.0046 0
4 240.86 365.32 91 0.0546 0.0915 0.0461 0
12 258.15 357.2 -89.1 0.7012 0.687 0.6388 1
8 259.29 384.6 -90.3 0.0242 0.0697 0.1975 0
9 259.25 376.59 -89.2 0.021 0.043 0.0231 0
6 259.28 369.23 -90.4 0.1573 0.0066 0.0066 0
4 259.17 348.12 -89.5 0.0017 0.0017 0.002 0
3 384.76 316.45 179.9 0.3297 0.4313 0.0697 1
4 409.36 316.08 179.3 0.148 0.2428 0.3587 0
9 402.87 316.09 179.1 0.0017 0.0017 0.0023 0
8 395.23 316.04 180.1 0.0017 0.0017 0.0023 0
7 373.66 316.07 180 0.0041 0.0041 0.005 0
8 365.65 316.03 180.6 0.0189 0.022 0.029 0
12 357.05 316.19 179.9 0.7012 0.687 0.6388 0
7 340.94 316.01 180.4 0.3392 0.3537 0.3736 0
4 334.68 316.04 180.4 0.0072 0.0189 0.0658 0
9 315.26 316.15 180.5 0.0658 0.0385 0.021 0
5 309.04 316.15 179.2 0.632 0.632 0.5989 0
4 302.94 316.09 180.3 0.0017 0.0017 0.002 0
5 295.46 316 180.6 0.4591 0.4045 0.2801 0
9 282.65 316.05 179.3 0.001 0.001 0.0012 0
2 549.32 316.45 181.4 0.9158 0.4045 0 1
8 585.32 316.12 181 0.021 0.043 0.0231 0
5 577.04 316.01 180.9 0.0658 0.0385 0.021 0
6 569.34 316.11 180.2 0.001 0.001 0.0012 0
8 562.36 316.19 180.9 0.259 0.0097 0.0097 0
7 555.91 316.08 181.1 0.1573 0.0066 0.0066 0
0 542.89 316.07 179.1 0.9158 0.4045 0 0
9 535.96 316.19 180.2 0.0014 0.0023 0.0037 0
2 529.03 316.11 180.8 0.9158 0.4045 0 0
12 521.71 316.18 180.5 0.632 0.6121 0.5605 0
6 511.2 316.01 181.1 0.1542 0.1636 0.1768 0
8 503.07 316.18 179.3 0.0014 0.0023 0.0037 0
12 478.56 316.09 179.1 0.68 0.68 0.6524 0
6 457.6 316.18 180.9 0.0399 0.0546 0.0781 0
1 505.54 323.55 179.2 0.9158 0.4045 0 1
6 588.65 323.9 181.1 0.001 0.001 0.0012 0
8 580.52 323.87 178.9 0.0014 0.0023 0.0037 0
4 573.09 323.82 180.6 0.0072 0.0078 0.0097 0
5 564.97 323.95 179.3 0.1542 0.1636 0.1768 0
6 556.81 323.86 180.9 0.4591 0.4045 0.2801 0
4 549.2 323.99 180.5 0.0041 0.0041 0.005 0
3 543.09 323.98 179.2 0.3297 0.4313 0.0697 0
6 536.92 323.92 179.4 0.021 0.043 0.0231 0
5 528.78 323.81 179.2 0.0072 0.0189 0.0658 0
6 521.49 323.89 180.6 0.0014 0.0023 0.0037 0
7 513.75 323.99 180.7 0.7667 0.7667 0.7445 0
10 498.3 323.92 180.4 0.0658 0.0385 0.021 0
1 490.14 323.88 179.5 0.9158 0.4045 0 0
11 476.18 323.87 179 0.68 0.68 0.6524 0
5 469.35 323.99 179 0.1573 0.0066 0.0066 0
7 462.4 323.83 180.2 0.0546 0.0915 0.0461 0
3 454.55 323.89 180.3 0.9158 0.4045 0 0
12 601.85 367.53 90.1 0.5924 0.5924 0.5795 1
2 600.84 342.89 90.4 0.9158 0.4045 0 0
7 600.88 351.21 89.6 0.0399 0.0546 0.0781 0
9 600.83 358.14 89.8 0.0546 0.0915 0.0461 0
7 600.85 381.14 90.8 0.3392 0.3537 0.3736 0
1 -618.85 436.18 88.9 0.9158 0.4045 0 1
4 -619.21 418.18 89.5 0.3345 0.2801 0.1801 0
4 -619.15 425.3 89.6 0.1011 0.0029 0.0046 0
7 -619.26 444.95 89.8 0.0072 0.0078 0.0097 0
9 -619.23 452.01 88.9 0.0014 0.0023 0.0037 0
12 -571.72 403.05 0 0.5924 0.5924 0.5795 1
8 -588.29 403.88 0.8 0.0399 0.0546 0.0781 0
6 -580.49 403.93 0.5 0.0014 0.0023 0.0037 0
7 -564.28 403.82 0.9 0.6941 0.6941 0.6661 0
5 -557.93 403.9 0.5 0.4045 0.4259 0.4479 0
6 -542.87 403.85 1 0.0072 0.0189 0.0658 0
9 -523.27 403.82 -0.1 0.148 0.2428 0.3587 0
4 -516.31 403.98 1.1 0.259 0.0097 0.0097 0
5 -503.09 403.99 -0.7 0.0189 0.022 0.029 0
9 -495.94 403.83 0.1 0.001 0.001 0.0012 0
9 -489.43 403.87 -0.9 0.0017 0.0017 0.0023 0
11 -479.87 403.98 0 0.5924 0.5924 0.5795 0
6 -472.84 403.84 0.9 0.001 0.001 0.0012 0
9 -466.74 403.86 0.9 0.021 0.043 0.0231 0
4 -458.85 403.87 0.2 0.0119 0.0385 0.1247 0
1 -550.95 396.45 0.5 0.9158 0.4045 0 1
7 -581.3 396.09 0.1 0.0546 0.06 0.0677 0
11 -565.69 396.07 0.1 0.7012 0.687 0.6388 0
5 -557.87 396.01 -0.9 0.0892 0.0963 0.1062 0
8 -535.52 396.01 -0.7 0.0014 0.0023 0.0037 0
7 -527.67 396.03 0.3 0.0658 0.0385 0.021 0
2 -521.17 396.1 -0.9 0.9158 0.4045 0 0
5 -507.29 396.05 0.4 0.0546 0.06 0.0677 0
4 -499.56 396.15 0 0.1573 0.0066 0.0066 0
5 -492.21 396.04 -0.5 0.4045 0.4259 0.4479 0
4 -484.66 396.02 -0.7 0.0041 0.0041 0.005 0
6 -477.92 396.05 -0.4 0.2047 0.259 0.2801 0
5 -469.66 396.19 0.1 0.4591 0.4045 0.2801 0
8 -462.77 396.04 -0.8 0.482 0.4936 0.5054 0
6 -456.03 396.02 0.1 0.1011 0.0029 0.0046 0
8 -439.16 418.89 90.2 0.0014 0.0023 0.0037 0
5 -439.11 432.73 90.5 0.0189 0.022 0.029 0
4 -439.16 440.11 88.9 0.0892 0.0963 0.1062 0
9 -439.27 446.21 89 0.0189 0.022 0.029 0
1 -292.87 403.55 -1.3 0.9158 0.4045 0 1
7 -405.3 403.8 0.8 0.3392 0.3537 0.3736 0
10 -397.56 403.89 -0.7 0.3392 0.3537 0.3736 0
7 -376.42 403.99 0 0.2047 0.259 0.2801 0
8 -369.66 403.87 1.1 0.0017 0.0017 0.0023 0
3 -363.01 403.95 0.6 0.9158 0.4045 0 0
4 -357.01 403.82 0.6 0.0189 0.022 0.029 0
12 -347.8 403.98 -0.3 0.632 0.6121 0.5605 0
1 -337.93 403.97 0.9 0.9158 0.4045 0 0
4 -330.08 403.95 0.5 0.632 0.632 0.5989 0
8 -322.96 403.95 0 0.001 0.001 0.0012 0
10 -305.87 403.99 1 0.7667 0.7667 0.7445 0
9 -298.66 403.96 -0.1 0.0029 0.0033 0.0041 0
6 -277.34 403.85 0.5 0.0014 0.0023 0.0037 0
0 -405.83 396.12 -1 0.9158 0.4045 0 0
4 -398.02 396.03 0.7 0.7969 0.7742 0.7083 0
4 -391.76 396.16 -0.2 0.482 0.4936 0.5054 0
7 -384.19 396.08 1 0.0399 0.0546 0.0781 0
7 -377.72 396.13 0.4 0.3392 0.3537 0.3736 0
8 -369.38 396.14 -0.1 0.2758 0.2932 0.3112 0
10 -360.58 396.2 1.1 0.4591 0.4045 0.2801 0
10 -351.55 396.16 -0.4 0.7969 0.7742 0.7083 0
7 -343.07 396.06 0.4 0.3392 0.3537 0.3736 0
8 -336.37 396.04 0.8 0.001 0.001 0.0012 0
9 -328.77 396.07 0.6 0.001 0.001 0.0012 0
4 -313.67 396.15 -0.7 0.259 0.0097 0.0097 0
5 -307.68 396.09 -0.8 0.2047 0.259 0.2801 0
7 -299.68 396.13 0.9 0.632 0.632 0.5989 0
8 -293.17 396.08 0.9 0.0242 0.0697 0.1975 0
12 -275.66 396.05 0.5 0.5924 0.5924 0.5795 0
9 -240.72 462.91 -91.1 0.0029 0.0033 0.0041 0
7 -240.89 456.2 -89.3 0.0072 0.0078 0.0097 0
8 -240.82 443.93 -88.9 0.1542 0.1636 0.1768 0
4 -240.79 437.68 -90.3 0.4045 0.4259 0.4479 0
9 -240.79 431.18 -90.3 0.0014 0.0023 0.0037 0
4 -240.89 423.4 -89 0.0017 0.0017 0.002 0
12 -240.82 415.73 -89.7 0.68 0.68 0.6524 0
3 -161.86 403.55 0.7 0.3297 0.4313 0.0697 1
5 -227.01 403.89 -0.5 0.0242 0.0697 0.1975 0
11 -219.26 403.84 -0.5 0.632 0.6121 0.5605 0
6 -211.56 403.81 1.1 0.0189 0.022 0.029 0
4 -204.43 403.97 0.3 0.0072 0.0078 0.0097 0
7 -197.91 403.92 0.8 0.0242 0.0697 0.1975 0
8 -190.33 403.84 0.5 0.2047 0.259 0.2801 0
7 -183.88 403.84 1 0.7667 0.7667 0.7445 0
4 -175.98 403.88 -0.4 0.1011 0.0029 0.0046 0
2 -168.02 403.88 1.1 0.9158 0.4045 0 0
10 -152.66 403.84 0.3 0.7667 0.7667 0.7445 0
12 -143.66 403.96 -1 0.7012 0.687 0.6388 0
4 -134.47 403.89 1.1 0.0189 0.022 0.029 0
6 -127.6 403.94 -1.1 0.0399 0.0546 0.0781 0
6 -120.01 403.85 0.8 0.0017 0.0017 0.0023 0
12 -110.96 403.95 -0.3 0.68 0.68 0.6524 0
8 -100.26 403.9 0 0.148 0.2428 0.3587 0
4 -92.83 403.83 0.5 0.0023 0.0037 0.0055 0
10 -85.42 403.9 1.1 0.1011 0.0029 0.0046 0
4 -77.64 403.86 0.2 0.0242 0.0697 0.1975 0
6 -70.32 403.91 0.1 0.0546 0.06 0.0677 0
5 -51.31 403.91 0 0.0242 0.0697 0.1975 0
5 -45.37 403.86 -0.2 0.3392 0.3537 0.3736 0
4 -39.37 403.85 0.9 0.259 0.0097 0.0097 0
4 -32.98 403.8 -0.3 0.0242 0.0697 0.1975 0
8 -26.68 403.91 -1.1 0.4591 0.4045 0.2801 0
12 -199.38 397.15 0.4 0.5924 0.5924 0.5795 1
2 -221.25 396.45 0.8 0.9158 0.4045 0 1
6 -212.89 396.1 0.5 0.021 0.043 0.0231 0
6 -189.86 396.13 -0.6 0.1011 0.0029 0.0046 0
10 -182.19 396.16 1.1 0.7667 0.7667 0.7445 0
12 -173.05 396.01 0.9 0.5924 0.5924 0.5795 0
4 -155.97 396.18 -0.1 0.0072 0.0189 0.0658 0
3 -148.09 396.04 -0.8 0.9158 0.4045 0 0
6 -141.26 396.15 0.1 0.001 0.001 0.0012 0
4 -126.73 396.06 1.1 0.0072 0.0189 0.0658 0
7 -119.92 396.19 -0.6 0.0546 0.06 0.0677 0
8 -112.28 396.16 0.7 0.0119 0.0385 0.1247 0
11 -103.42 396.03 -1 0.68 0.68 0.6524 0
7 -94.76 396.04 -0.7 0.0041 0.0041 0.005 0
8 -80.74 396.01 0.7 0.482 0.4936 0.5054 0
8 -74.64 396.17 -1.1 0.482 0.4936 0.5054 0
8 -43.93 396.07 -0.3 0.3392 0.3537 0.3736 0
4 -35.69 396.18 -0.9 0.0119 0.0385 0.1247 0
1 -29.35 396.16 -0.1 0.9158 0.4045 0 0
1 -8.85 457.98 90.6 0.9158 0.4045 0 1
5 -9.11 443.19 88.9 0.0546 0.06 0.0677 0
6 9.15 463.8 -89 0.4591 0.4045 0.2801 0
6 9.13 456.28 -91 0.0017 0.0017 0.0023 0
6 9.27 441.15 -90.9 0.2047 0.259 0.2801 0
8 9.26 420.17 -90.6 0.2047 0.259 0.2801 0
12 160.72 403.05 -1 0.5924 0.5924 0.5795 1
10 26.01 403.81 -0.8 0.1011 0.0029 0.0046 0
7 69.98 403.96 -1 0.0017 0.0017 0.002 0
5 92.73 403.81 -1.1 0.0023 0.0037 0.0055 0
8 98.81 403.9 0.3 0.0072 0.0189 0.0658 0
4 106.18 403.88 -1 0.1573 0.0066 0.0066 0
8 119.53 403.98 0.4 0.0892 0.0963 0.1062 0
7 126.15 403.96 -0.2 0.4045 0.4259 0.4479 0
4 134.2 403.85 -0.8 0.0072 0.0189 0.0658 0
4 142.15 403.81 -1.1 0.0546 0.0915 0.0461 0
10 151.67 403.97 -0.8 0.1542 0.1636 0.1768 0
8 178.99 403.9 -0.6 0.2758 0.2932 0.3112 0
4 191.14 403.91 0.2 0.4045 0.4259 0.4479 0
4 198.24 403.96 -0.3 0.1573 0.0066 0.0066 0
1 206.58 403.86 0.7 0.9158 0.4045 0 0
6 222.49 403.83 1.1 0.3345 0.2801 0.1801 0
5 24.33 396.08 -0.6 0.148 0.2428 0.3587 0
7 65.31 396.04 -0.9 0.1542 0.1636 0.1768 0
12 74.43 396.11 -0.5 0.7012 0.687 0.6388 0
4 83.24 396.06 0.8 0.0546 0.0915 0.0461 0
7 97.86 396.18 -0.6 0.0399 0.0546 0.0781 0
4 104.21 396.1 1 0.1573 0.0066 0.0066 0
4 110.36 396.11 -0.3 0.482 0.4936 0.5054 0
4 118.03 396.18 0.1 0.632 0.632 0.5989 0
4 132.34 396.04 0.7 0.1542 0.1636 0.1768 0
7 140.29 396.08 0.8 0.0892 0.0963 0.1062 0
6 147.15 396.1 -0.1 0.2047 0.259 0.2801 0
6 154.55 396.16 0.1 0.001 0.001 0.0012 0
8 160.39 396.06 0.3 0.021 0.043 0.0231 0
10 168.76 396.17 -0.9 0.2047 0.259 0.2801 0
7 177.35 396.19 0.4 0.4045 0.4259 0.4479 0
4 184.19 396 -0.2 0.0119 0.0385 0.1247 0
6 192.02 396.11 1.1 0.0658 0.0385 0.021 0
10 201.22 396.04 0.4 0.0658 0.0385 0.021 0
5 208.1 396.11 0.3 0.0546 0.06 0.0677 0
6 215.75 396.18 0.5 0.259 0.0097 0.0097 0
7 221.66 396.15 0.2 0.0072 0.0078 0.0097 0
0 240.82 414.17 90.3 0.9158 0.4045 0 0
8 240.7 426.48 90.5 0.0189 0.022 0.029 0
12 240.75 434.78 89.6 0.7012 0.687 0.6388 0
0 240.76 443.44 90.3 0.9158 0.4045 0 0
6 240.71 456.26 90 0.0399 0.0546 0.0781 0
6 240.88 462.34 90.3 0.0017 0.0017 0.0023 0
1 397.92 403.55 1.3 0.9158 0.4045 0 1
9 270.11 403.81 -1 0.0014 0.0023 0.0037 0
3 277.42 403.94 -0.4 0.9158 0.4045 0 0
4 285.35 403.85 1.1 0.0072 0.0078 0.0097 0
8 293.19 403.97 0.5 0.1011 0.0029 0.0046 0
10 300.45 403.83 -0.8 0.259 0.0097 0.0097 0
6 308.39 403.94 -0.5 0.0014 0.0023 0.0037 0
9 315.04 403.99 -0.8 0.0658 0.0385 0.021 0
4 321.06 403.85 -0.3 0.0546 0.0915 0.0461 0
9 327.76 403.99 0.3 0.001 0.001 0.0012 0
4 335.22 403.96 -0.8 0.1011 0.0029 0.0046 0
4 350.48 403.99 -0.6 0.7667 0.7667 0.7445 0
4 371.87 403.9 0.4 0.0119 0.0385 0.1247 0
5 378.88 403.94 -0.1 0.632 0.632 0.5989 0
8 387.05 403.96 -1.1 0.0546 0.0915 0.0461 0
7 450.6 403.85 -0.8 0.2047 0.259 0.2801 0
4 457.51 403.9 0.1 0.0072 0.0189 0.0658 0
5 464.26 403.92 0.3 0.1573 0.0066 0.0066 0
11 471.72 403.89 -1.1 0.5924 0.5924 0.5795 0
9 493.8 403.82 0.7 0.0017 0.0017 0.0023 0
7 507.62 403.88 -0.2 0.1573 0.0066 0.0066 0
4 514.1 403.94 1.1 0.3392 0.3537 0.3736 0
2 521.67 403.83 -0.8 0.9158 0.4045 0 0
8 529.08 403.92 -1.1 0.021 0.043 0.0231 0
8 535.33 403.89 0.2 0.259 0.0097 0.0097 0
7 542.04 403.99 -0.9 0.632 0.632 0.5989 0
6 548.78 403.91 0.7 0.3345 0.2801 0.1801 0
5 555.89 403.96 0.1 0.3345 0.2801 0.1801 0
9 562.98 403.96 1 0.0014 0.0023 0.0037 0
5 577.16 403.96 0.6 0.0189 0.022 0.029 0
5 583.68 403.93 -0.6 0.6941 0.6941 0.6661 0
6 451.3 396.1 0.2 0.0014 0.0023 0.0037 0
9 459.4 396.02 0.7 0.0014 0.0023 0.0037 0
5 465.68 396.09 -0.5 0.0546 0.06 0.0677 0
7 473.82 396.08 -0.4 0.482 0.4936 0.5054 0
9 480.62 396.04 -0.7 0.0029 0.0033 0.0041 0
6 487.03 396.12 0.1 0.0546 0.06 0.0677 0
4 492.98 396.03 0.7 0.3345 0.2801 0.1801 0
4 500.9 396.14 -0.6 0.632 0.632 0.5989 0
6 514.61 396.18 1 0.0029 0.0033 0.0041 0
9 530.53 396.08 1 0.001 0.001 0.0012 0
8 538.14 396.18 0.5 0.0017 0.0017 0.0023 0
6 546 396.11 -0.5 0.259 0.0097 0.0097 0
7 552.31 396.02 -0.7 0.0658 0.0385 0.021 0
12 559.62 396.13 0.7 0.632 0.6121 0.5605 0
5 569.68 396.19 0.9 0.6941 0.6941 0.6661 0
6 576.7 396.16 -1.1 0.0014 0.0023 0.0037 0
9 583.43 396.02 -0.7 0.0658 0.0385 0.021 0
2 601.15 449 91.4 0.9158 0.4045 0 1
4 600.85 415.09 91 0.3392 0.3537 0.3736 0
4 600.85 429.06 89.8 0.0546 0.0915 0.0461 0
7 600.79 459.64 90.7 0.0399 0.0546 0.0781 0
2 -618.85 524.87 89.7 0.9158 0.4045 0 1
7 -619.17 501.49 90.8 0.1542 0.1636 0.1768 0
12 -619.22 516.46 90.8 0.632 0.6121 0.5605 0
12 -601.85 538.59 -89.4 0.68 0.68 0.6524 1
10 -600.8 520.35 -90.6 0.021 0.043 0.0231 0
8 -600.74 512.39 -89.7 0.0017 0.0017 0.0023 0
8 -600.88 505.06 -91 0.001 0.001 0.0012 0
0 -600.87 498.03 -90.5 0.9158 0.4045 0 0
3 -575.51 476.45 181.1 0.9158 0.4045 0 1
6 -450.82 476.07 179.8 0.0658 0.0385 0.021 0
6 -458.58 476.19 180.1 0.1011 0.0029 0.0046 0
4 -466.44 476.15 180.3 0.0072 0.0078 0.0097 0
4 -473.89 476.07 180.9 0.0072 0.0189 0.0658 0
6 -488.21 476.07 181.1 0.0399 0.0546 0.0781 0
6 -494.37 476.02 179.9 0.0029 0.0033 0.0041 0
5 -502.35 476.19 180 0.0658 0.0385 0.021 0
10 -510.65 476.01 180.8 0.0546 0.06 0.0677 0
7 -517.99 476.14 179.1 0.0189 0.022 0.029 0
11 -525.49 476.02 181 0.68 0.68 0.6524 0
12 -533.73 476.13 180.2 0.632 0.6121 0.5605 0
4 -542.2 476.09 178.9 0.0546 0.06 0.0677 0
5 -548.29 476.09 181.1 0.021 0.043 0.0231 0
9 -556.38 476 179.7 0.2047 0.259 0.2801 0
6 -562.21 476.01 179.6 0.0014 0.0023 0.0037 0
4 -568.97 476.07 181 0.0072 0.0078 0.0097 0
2 -545.94 483.55 180.5 0.9158 0.4045 0 1
5 -453.04 483.82 180.4 0.0072 0.0078 0.0097 0
5 -460.48 483.98 180.6 0.1573 0.0066 0.0066 0
7 -468.75 483.91 179.1 0.0023 0.0037 0.0055 0
6 -476.04 483.93 180.1 0.2047 0.259 0.2801 0
5 -483.24 483.91 180.6 0.2047 0.259 0.2801 0
10 -513 483.82 178.9 0.6941 0.6941 0.6661 0
10 -523.01 483.97 180.1 0.2758 0.2932 0.3112 0
4 -531.52 483.93 178.9 0.148 0.2428 0.3587 0
4 -539.54 483.95 180.2 0.0072 0.0078 0.0097 0
4 -554.48 483.92 179.6 0.0041 0.0041 0.005 0
2 -560.49 483.84 180.9 0.9158 0.4045 0 0
6 -568.42 483.95 180.5 0.0017 0.0017 0.0023 0
12 -577.66 483.87 178.9 0.68 0.68 0.6524 0
7 -586.96 483.96 179.6 0.1542 0.1636 0.1768 0
4 -273.72 476.17 180.4 0.482 0.4936 0.5054 0
10 -294.74 476.15 180.6 0.0189 0.022 0.029 0
9 -302.72 476.18 180 0.0017 0.0017 0.0023 0
8 -309.3 476.18 179.6 0.0014 0.0023 0.0037 0
6 -315.52 476.02 180.8 0.0029 0.0033 0.0041 0
5 -323.21 476.13 179.4 0.4045 0.4259 0.4479 0
8 -330.73 476.18 180.3 0.148 0.2428 0.3587 0
4 -338.1 476.07 179 0.0242 0.0697 0.1975 0
5 -344.22 476.18 181.1 0.4591 0.4045 0.2801 0
0 -350.37 476.19 180.9 0.9158 0.4045 0 0
3 -362.93 476.18 179.9 0.3297 0.4313 0.0697 0
6 -370.09 476.2 180.6 0.0072 0.0189 0.0658 0
9 -378.07 476.19 180.1 0.0014 0.0023 0.0037 0
4 -384.2 476.1 180.4 0.0119 0.0385 0.1247 0
6 -391.16 476.18 180.5 0.021 0.043 0.0231 0
0 -405.61 476.04 179.6 0.9158 0.4045 0 0
12 -364.14 482.85 179.1 0.5924 0.5924 0.5795 1
5 -271.89 483.83 180.7 0.0658 0.0385 0.021 0
4 -278.81 483.83 180.7 0.0023 0.0037 0.0055 0
0 -286.73 483.97 179.8 0.9158 0.4045 0 0
11 -295.74 483.97 179.9 0.7012 0.687 0.6388 0
6 -304.39 483.9 179.1 0.0546 0.0915 0.0461 0
6 -310.89 483.81 180.5 0.0546 0.0915 0.0461 0
6 -316.81 483.93 179.5 0.0029 0.0033 0.0041 0
1 -322.76 483.87 180.8 0.9158 0.4045 0 0
10 -337.18 483.9 181 0.1542 0.1636 0.1768 0
4 -345.34 483.92 180.4 0.0017 0.0017 0.002 0
4 -382.53 483.84 179.9 0.1573 0.0066 0.0066 0
10 -391.38 483.91 179.2 0.0017 0.0017 0.002 0
6 -405.57 483.87 179.3 0.0189 0.022 0.029 0
2 -241.15 518.27 -91 0.9158 0.4045 0 1
4 -240.73 535.61 -89.1 0.2758 0.2932 0.3112 0
8 -240.83 528.72 -90.3 0.0017 0.0017 0.0023 0
9 -22.31 476.1 180.2 0.148 0.2428 0.3587 0
7 -28.3 476.15 179 0.0072 0.0189 0.0658 0
8 -35.55 476.11 179.1 0.2758 0.2932 0.3112 0
4 -42.09 476.1 179.2 0.7969 0.7742 0.7083 0
8 -49.27 476.16 179.8 0.0658 0.0385 0.021 0
7 -56.26 476.1 180.1 0.0189 0.022 0.029 0
9 -62.75 476.05 179.3 0.0029 0.0033 0.0041 0
5 -70.2 476 179.8 0.0658 0.0385 0.021 0
4 -78.03 476.04 180.2 0.3345 0.2801 0.1801 0
7 -84.77 476.11 179.4 0.1011 0.0029 0.0046 0
5 -93.05 476.07 180.3 0.021 0.043 0.0231 0
8 -100.95 476.17 179.2 0.0017 0.0017 0.0023 0
4 -107.16 476.2 179.4 0.7969 0.7742 0.7083 0
6 -114.1 476.05 181 0.0399 0.0546 0.0781 0
4 -120.24 476.06 179.8 0.0242 0.0697 0.1975 0
7 -127.58 476.08 179.5 0.632 0.632 0.5989 0
10 -134.98 476.06 179 0.7667 0.7667 0.7445 0
8 -143.44 476.09 181.1 0.1542 0.1636 0.1768 0
1 -151.1 476.16 180.6 0.9158 0.4045 0 0
6 -158.81 476.06 179.9 0.0658 0.0385 0.021 0
4 -166.51 476.09 180.3 0.0119 0.0385 0.1247 0
9 -174 476.15 180.5 0.0399 0.0546 0.0781 0
4 -181.79 476.11 178.9 0.1011 0.0029 0.0046 0
4 -188.58 476.02 180.3 0.148 0.2428 0.3587 0
4 -195.93 476.1 179.9 0.0658 0.0385 0.021 0
6 -202.95 476.08 181 0.0017 0.0017 0.0023 0
4 -209.6 476.04 179 0.482 0.4936 0.5054 0
3 -217.56 476.15 179.9 0.9158 0.4045 0 0
4 -24.5 483.86 180.6 0.0399 0.0546 0.0781 0
4 -32.35 483.88 180 0.0546 0.0915 0.0461 0
4 -54.48 483.82 181.1 0.0242 0.0697 0.1975 0
8 -61.95 483.97 181 0.0119 0.0385 0.1247 0
6 -68.6 483.8 179.6 0.0546 0.0915 0.0461 0
10 -76.94 483.94 180.6 0.021 0.043 0.0231 0
8 -84.92 483.83 180.4 0.2047 0.259 0.2801 0
4 -92.54 483.86 180.9 0.2758 0.2932 0.3112 0
5 -115.57 483.91 180.4 0.6941 0.6941 0.6661 0
8 -122.82 483.88 180.6 0.0892 0.0963 0.1062 0
4 -129.78 483.88 179.3 0.021 0.043 0.0231 0
8 -136.77 483.87 179.7 0.482 0.4936 0.5054 0
8 -151.04 483.97 179.7 0.0014 0.0023 0.0037 0
7 -157.76 483.92 180.1 0.0017 0.0017 0.002 0
4 -164.44 483.87 181.1 0.0242 0.0697 0.1975 0
8 -177.69 483.82 179.7 0.0014 0.0023 0.0037 0
9 -184.15 483.91 179.5 0.0189 0.022 0.029 0
8 -190.55 483.95 180.2 0.0242 0.0697 0.1975 0
9 -196.78 483.97 180.9 0.0658 0.0385 0.021 0
8 -203.85 483.94 180.7 0.0189 0.022 0.029 0
12 -211.78 483.94 178.9 0.68 0.68 0.6524 0
8 -220.49 483.83 180.9 0.4591 0.4045 0.2801 0
6 -226.28 483.88 179.2 0.0014 0.0023 0.0037 0
4 -9.23 503.25 90.7 0.0189 0.022 0.029 0
5 -9.19 517.95 90.8 0.0017 0.0017 0.002 0
8 -9.16 524.08 89.3 0.0189 0.022 0.029 0
10 -9.23 533.27 90.2 0.2047 0.259 0.2801 0
1 8.85 520.72 -91.2 0.9158 0.4045 0 1
10 9.23 543.33 -90.2 0.259 0.0097 0.0097 0
7 9.18 536.36 -89.5 0.021 0.043 0.0231 0
6 9.3 528.27 -89.3 0.0242 0.0697 0.1975 0
0 9.2 507.39 -91.1 0.9158 0.4045 0 0
3 192.14 483.55 180.5 0.3297 0.4313 0.0697 1
6 225.62 483.82 179 0.0029 0.0033 0.0041 0
9 211.33 483.82 180 0.001 0.001 0.0012 0
12 202.76 483.82 180.2 0.5924 0.5924 0.5795 0
8 186.01 484 180.3 0.0892 0.0963 0.1062 0
4 178.82 483.93 180.8 0.4045 0.4259 0.4479 0
7 170.79 483.86 180.1 0.1542 0.1636 0.1768 0
5 163.98 483.94 178.9 0.0017 0.0017 0.002 0
5 156.02 483.86 180.9 0.4591 0.4045 0.2801 0
6 150.13 483.98 179.9 0.0546 0.0915 0.0461 0
6 143.61 483.86 180.5 0.001 0.001 0.0012 0
11 135.01 483.84 180.5 0.68 0.68 0.6524 0
6 120.48 484 180.9 0.0892 0.0963 0.1062 0
6 74.82 483.86 181 0.2047 0.259 0.2801 0
4 67.64 483.86 180.2 0.0023 0.0037 0.0055 0
9 60.64 483.85 179.6 0.001 0.001 0.0012 0
9 54.52 483.88 181 0.0017 0.0017 0.0023 0
4 47.25 483.99 180.6 0.0072 0.0189 0.0658 0
7 40.32 483.9 180.9 0.1573 0.0066 0.0066 0
8 32.15 483.83 179.2 0.0072 0.0189 0.0658 0
10 24.7 483.82 180.1 0.482 0.4936 0.5054 0
13 241.2 530.8 90.1 0.7818 0.7818 0.7519 0
8 240.8 498.42 89 0.0399 0.0546 0.0781 0
8 240.89 511.79 90.6 0.001 0.001 0.0012 0
9 240.78 519.51 90.3 0.0399 0.0546 0.0781 0
12 323.4 476.95 179.9 0.7012 0.687 0.6388 1
3 377.9 476.45 179.5 0.3297 0.4313 0.0697 1
4 407.11 476 180.9 0.0546 0.0915 0.0461 0
10 391.43 476.13 179.2 0.0119 0.0385 0.1247 0
7 384.04 476.01 180.8 0.0023 0.0037 0.0055 0
4 361.9 476.13 181.1 0.4591 0.4045 0.2801 0
8 347.56 476.02 180 0.001 0.001 0.0012 0
7 339.95 476.06 179.6 0.3345 0.2801 0.1801 0
7 332.39 476.11 179.9 0.1542 0.1636 0.1768 0
2 311.71 476.11 180.7 0.9158 0.4045 0 0
6 304.96 476.17 180.1 0.0189 0.022 0.029 0
9 296.86 476.17 179.7 0.0399 0.0546 0.0781 0
3 284.32 476.16 180.4 0.9158 0.4045 0 0
11 404.54 483.87 181 0.68 0.68 0.6524 0
8 390.16 483.98 180.6 0.0017 0.0017 0.0023 0
4 383.49 483.83 181 0.0399 0.0546 0.0781 0
5 369.15 483.9 180.7 0.0658 0.0385 0.021 0
8 354.53 483.97 179.1 0.021 0.043 0.0231 0
6 346.82 483.94 179.5 0.0658 0.0385 0.021 0
4 339.25 483.92 179.7 0.2758 0.2932 0.3112 0
5 331.74 483.87 179.8 0.1542 0.1636 0.1768 0
7 323.94 483.89 179.7 0.1011 0.0029 0.0046 0
4 317.44 483.94 181.1 0.0658 0.0385 0.021 0
9 309.16 483.82 180.4 0.3345 0.2801 0.1801 0
11 301.85 483.97 181 0.68 0.68 0.6524 0
10 292.42 483.97 179.6 0.0072 0.0078 0.0097 0
4 285.22 483.86 179.2 0.0399 0.0546 0.0781 0
5 278.37 483.87 180.7 0.0892 0.0963 0.1062 0
12 474.74 476.95 180.5 0.632 0.6121 0.5605 1
2 465.03 476.45 180 0.9158 0.4045 0 1
8 586.66 476.17 179 0.0014 0.0023 0.0037 0
7 580.74 476.16 180.3 0.1542 0.1636 0.1768 0
6 574.23 476.2 180.6 0.001 0.001 0.0012 0
4 567.8 476.01 180.9 0.0072 0.0078 0.0097 0
5 559.66 476.13 178.9 0.482 0.4936 0.5054 0
4 553.25 476.14 179.3 0.148 0.2428 0.3587 0
7 546.26 476.12 181 0.0242 0.0697 0.1975 0
9 538.16 476.14 179.6 0.0546 0.0915 0.0461 0
9 531.67 476.09 180.1 0.4591 0.4045 0.2801 0
3 525.16 476.06 179.2 0.9158 0.4045 0 0
4 518.56 476.09 179.9 0.2758 0.2932 0.3112 0
9 512.64 476.2 180.8 0.0017 0.0017 0.0023 0
6 498.7 476.14 178.9 0.0029 0.0033 0.0041 0
6 491.03 476.09 181.1 0.0014 0.0023 0.0037 0
8 589.4 483.83 180.2 0.259 0.0097 0.0097 0
4 573.61 483.87 180.5 0.0023 0.0037 0.0055 0
9 565.97 483.94 180.3 0.0399 0.0546 0.0781 0
4 537.13 483.91 179.5 0.632 0.632 0.5989 0
8 529.19 483.81 179.6 0.0014 0.0023 0.0037 0
8 521.74 483.84 180.5 0.0014 0.0023 0.0037 0
7 515.16 483.88 180 0.0023 0.0037 0.0055 0
9 508.53 483.99 179.7 0.3345 0.2801 0.1801 0
2 500.74 483.85 179.3 0.9158 0.4045 0 0
9 494.16 483.9 179.5 0.0014 0.0023 0.0037 0
6 487.56 483.84 179.6 0.001 0.001 0.0012 0
6 480.83 483.99 179.8 0.0017 0.0017 0.0023 0
4 474.34 483.83 180.6 0.1573 0.0066 0.0066 0
9 466.17 483.91 179.6 0.001 0.001 0.0012 0
12 457.26 483.85 179.7 0.7012 0.687 0.6388 0
1 601.15 531.3 89.3 0.9158 0.4045 0 1
9 600.78 502.04 89.5 0.001 0.001 0.0012 0
3 600.82 509.09 89.4 0.9158 0.4045 0 0
4 600.8 517.21 91 0.1573 0.0066 0.0066 0
8 600.85 524.44 90.6 0.148 0.2428 0.3587 0
5 600.8 538.82 89.2 0.0892 0.0963 0.1062 0
12 -619.24 575.88 89.2 0.632 0.6121 0.5605 0
6 -619.15 586.25 90.3 0.0029 0.0033 0.0041 0
2 -619.18 607.92 90.6 0.9158 0.4045 0 0
6 -619.29 622.35 90.3 0.1011 0.0029 0.0046 0
12 -601.85 612.76 -90.8 0.632 0.6121 0.5605 1
2 -601.15 603.02 -89.7 0.9158 0.4045 0 1
4 -600.74 621.64 -90.4 0.259 0.0097 0.0097 0
12 -600.81 594.39 -90 0.5924 0.5924 0.5795 0
5 -600.8 578.61 -90.4 0.259 0.0097 0.0097 0
12 -524.58 563.05 1.3 0.7012 0.687 0.6388 1
10 -587.29 563.99 0.3 0.1573 0.0066 0.0066 0
6 -578.49 563.87 0.3 0.0399 0.0546 0.0781 0
6 -570.62 563.99 -0.7 0.2047 0.259 0.2801 0
4 -562.41 563.99 -1 0.7667 0.7667 0.7445 0
9 -555.56 563.96 0.1 0.001 0.001 0.0012 0
4 -549.04 563.88 0.5 0.1011 0.0029 0.0046 0
4 -541.57 563.84 -0.8 0.1542 0.1636 0.1768 0
8 -535.02 563.96 0.5 0.001 0.001 0.0012 0
10 -513.53 563.93 0.8 0.6941 0.6941 0.6661 0
7 -505.55 563.89 -0.9 0.0072 0.0078 0.0097 0
4 -497.47 563.97 -0.6 0.148 0.2428 0.3587 0
8 -491.53 563.8 0.1 0.0014 0.0023 0.0037 0
6 -485.3 563.91 -0.9 0.0014 0.0023 0.0037 0
3 -478.49 563.87 -0.6 0.3297 0.4313 0.0697 0
9 -471.76 563.95 1 0.4591 0.4045 0.2801 0
12 -463.51 563.87 -1.1 0.5924 0.5924 0.5795 0
9 -453.53 563.98 -0.6 0.0658 0.0385 0.021 0
1 -529.13 556.45 0.1 0.9158 0.4045 0 1
8 -587.9 556.14 0.6 0.0017 0.0017 0.0023 0
9 -581.48 556.11 0.6 0.021 0.043 0.0231 0
7 -573.38 556.08 0.9 0.6941 0.6941 0.6661 0
1 -559.29 556.11 0 0.9158 0.4045 0 0
4 -553.18 556.04 -0.8 0.259 0.0097 0.0097 0
6 -545.58 556.12 -0.2 0.001 0.001 0.0012 0
5 -537.97 556.06 1 0.2758 0.2932 0.3112 0
4 -518.25 556.2 0.8 0.632 0.632 0.5989 0
9 -511.12 556.17 -0.7 0.001 0.001 0.0012 0
7 -503.06 556.05 -0.5 0.0017 0.0017 0.002 0
12 -494.9 556.07 -0.9 0.5924 0.5924 0.5795 0
6 -486.2 556.14 0.5 0.0029 0.0033 0.0041 0
7 -478.19 556.07 0.1 0.0119 0.0385 0.1247 0
6 -469.92 556.08 0.6 0.0399 0.0546 0.0781 0
7 -463.58 556.1 0.3 0.4045 0.4259 0.4479 0
6 -457.52 556.15 0.3 0.0546 0.06 0.0677 0
11 -439.27 576.09 90.4 0.5924 0.5924 0.5795 0
4 -439.18 590.57 90.9 0.0017 0.0017 0.002 0
9 -439.17 621.29 91 0.3345 0.2801 0.1801 0
3 -359.65 556.45 1.3 0.9158 0.4045 0 1
6 -408.8 556.16 -0.2 0.4591 0.4045 0.2801 0
9 -400.91 556.17 0.1 0.0017 0.0017 0.0023 0
4 -393.7 556.08 0.6 0.021 0.043 0.0231 0
7 -386.07 556.16 0.5 0.0119 0.0385 0.1247 0
6 -378.72 556.12 0.5 0.021 0.043 0.0231 0
8 -372.01 556.1 0 0.0017 0.0017 0.0023 0
12 -347.82 556.06 0.2 0.5924 0.5924 0.5795 0
9 -338.72 556.04 0 0.001 0.001 0.0012 0
6 -332.04 556.16 0.1 0.0014 0.0023 0.0037 0
0 -324.5 556.13 -1.1 0.9158 0.4045 0 0
1 -318.4 556.12 -0.2 0.9158 0.4045 0 0
8 -311.96 556.05 0.5 0.3392 0.3537 0.3736 0
4 -304.78 556.05 -0.5 0.0546 0.06 0.0677 0
9 -297.04 556.18 -1 0.0017 0.0017 0.0023 0
8 -291.06 556.07 0.9 0.0546 0.0915 0.0461 0
4 -283.48 556.09 -1.1 0.0072 0.0078 0.0097 0
7 -277.11 556.15 0.4 0.0399 0.0546 0.0781 0
1 8.85 602.21 -90 0.9158 0.4045 0 1
13 8.8 582.25 -90.1 0.7818 0.7818 0.7519 0
11 9.1 622.1 -91 0.7012 0.687 0.6388 0
4 9.21 613.75 -90.6 0.1542 0.1636 0.1768 0
10 9.12 591.81 -91 0.7667 0.7667 0.7445 0
3 198.65 563.55 -0.8 0.9158 0.4045 0 1
7 22.33 563.82 -0.7 0.148 0.2428 0.3587 0
10 30.64 563.9 1 0.0658 0.0385 0.021 0
6 44.55 563.99 -0.1 0.0014 0.0023 0.0037 0
7 50.47 563.84 0.3 0.0242 0.0697 0.1975 0
7 64.14 563.92 0.9 0.632 0.632 0.5989 0
4 71.46 563.86 0 0.0072 0.0078 0.0097 0
7 79.15 563.9 -0.5 0.148 0.2428 0.3587 0
10 88.22 563.82 0.5 0.4045 0.4259 0.4479 0
4 95.29 563.95 -1 0.3392 0.3537 0.3736 0
4 102.12 563.88 -0.8 0.148 0.2428 0.3587 0
6 116.33 563.89 1.1 0.2047 0.259 0.2801 0
8 171.37 563.83 0.8 0.0072 0.0189 0.0658 0
12 179.43 563.99 -0.6 0.7012 0.687 0.6388 0
9 187.78 563.8 1 0.021 0.043 0.0231 0
5 207.48 563.85 0.5 0.4045 0.4259 0.4479 0
12 109.59 557.15 0 0.68 0.68 0.6524 1
4 27.39 556.09 -1 0.2047 0.259 0.2801 0
4 34.84 556.18 0.7 0.7969 0.7742 0.7083 0
4 43.1 556.04 0.4 0.482 0.4936 0.5054 0
7 50.03 556.06 0.7 0.0017 0.0017 0.002 0
10 58.1 556.16 0.3 0.0023 0.0037 0.0055 0
4 65.47 556.09 -0.4 0.0658 0.0385 0.021 0
5 73.15 556.09 0.9 0.0399 0.0546 0.0781 0
6 87.36 556.09 0.1 0.0658 0.0385 0.021 0
8 94.53 556.19 -0.8 0.0242 0.0697 0.1975 0
5 102.37 556.13 0.8 0.7969 0.7742 0.7083 0
2 123.22 556.12 1.1 0.9158 0.4045 0 0
4 130.83 556.05 0.3 0.0041 0.0041 0.005 0
5 180.44 556.14 -1.1 0.0546 0.06 0.0677 0
6 188.5 556.04 0.3 0.0017 0.0017 0.0023 0
4 194.97 556.19 0 0.3345 0.2801 0.1801 0
9 201.47 556.18 0.4 0.0658 0.0385 0.021 0
4 209.11 556.12 -1.1 0.0119 0.0385 0.1247 0
6 215.9 556.02 0.1 0.1573 0.0066 0.0066 0
4 221.97 556.05 0 0.0242 0.0697 0.1975 0
12 325.88 563.05 0.7 0.7012 0.687 0.6388 1
4 273.74 563.82 1 0.0399 0.0546 0.0781 0
10 282.74 563.81 0.1 0.3392 0.3537 0.3736 0
7 289.97 563.96 -0.8 0.0017 0.0017 0.002 0
4 296.68 563.81 0.2 0.0242 0.0697 0.1975 0
8 303.62 563.93 0 0.0399 0.0546 0.0781 0
4 310.05 563.83 -0.1 0.1573 0.0066 0.0066 0
9 318.13 563.94 1.1 0.0029 0.0033 0.0041 0
7 346.23 563.98 0.8 0.3392 0.3537 0.3736 0
10 362.24 563.91 0.7 0.0072 0.0189 0.0658 0
3 369.93 563.87 -0.4 0.3297 0.4313 0.0697 0
7 376.52 563.83 -0.4 0.0017 0.0017 0.002 0
7 384.26 563.89 -1 0.3345 0.2801 0.1801 0
10 399.41 563.94 1.1 0.0023 0.0037 0.0055 0
7 274.02 556.04 0.6 0.632 0.632 0.5989 0
5 280.87 556.04 -1.1 0.0399 0.0546 0.0781 0
9 287.71 556.13 0.4 0.021 0.043 0.0231 0
11 296.93 556.15 0.2 0.632 0.6121 0.5605 0
4 305.25 556.02 0.9 0.0546 0.0915 0.0461 0
9 313.34 556.04 -0.2 0.0014 0.0023 0.0037 0
7 319.34 556.2 -0.4 0.0023 0.0037 0.0055 0
9 326.25 556.04 0.5 0.001 0.001 0.0012 0
10 334.63 556.14 0.6 0.7667 0.7667 0.7445 0
10 342.91 556.07 0.1 0.3392 0.3537 0.3736 0
8 351.18 556.19 0.1 0.0242 0.0697 0.1975 0
5 357.4 556.02 -0.6 0.2758 0.2932 0.3112 0
8 363.38 556.11 -0.2 0.0014 0.0023 0.0037 0
7 384.17 556.14 0.8 0.4591 0.4045 0.2801 0
8 391.31 556.15 0.7 0.0189 0.022 0.029 0
4 406.46 556.05 1.1 0.0892 0.0963 0.1062 0
11 455.47 563.93 1 0.632 0.6121 0.5605 0
11 463.68 563.91 0.4 0.5924 0.5924 0.5795 0
5 470.69 563.86 -0.8 0.0072 0.0078 0.0097 0
7 477.78 563.91 -0.3 0.0041 0.0041 0.005 0
4 485.36 563.92 -0.2 0.259 0.0097 0.0097 0
8 497.75 563.93 -0.5 0.3392 0.3537 0.3736 0
8 505.44 563.85 -0.8 0.0014 0.0023 0.0037 0
1 513.63 563.9 1 0.9158 0.4045 0 0
5 520.68 563.8 0.9 0.4591 0.4045 0.2801 0
8 526.8 563.95 -0.3 0.0029 0.0033 0.0041 0
8 533.23 563.94 0.5 0.3392 0.3537 0.3736 0
6 540.65 563.8 -0.5 0.0546 0.0915 0.0461 0
0 548.05 563.89 0.6 0.9158 0.4045 0 0
9 555.4 563.84 -1 0.4591 0.4045 0.2801 0
5 569.7 563.93 -0.4 0.0189 0.022 0.029 0
8 583.16 563.99 0.4 0.2758 0.2932 0.3112 0
7 454.23 556.19 0 0.6941 0.6941 0.6661 0
12 478.24 556.11 0 0.632 0.6121 0.5605 0
2 488.83 556.11 0.2 0.9158 0.4045 0 0
7 496.31 556.11 0.5 0.482 0.4936 0.5054 0
5 502.68 556.13 -1.1 0.148 0.2428 0.3587 0
11 519.14 556.16 -0.5 0.7012 0.687 0.6388 0
4 527.45 556.04 -1.1 0.1573 0.0066 0.0066 0
4 540.79 556.03 0.6 0.148 0.2428 0.3587 0
4 557.05 556.08 0.7 0.6941 0.6941 0.6661 0
8 564.36 556.15 0.5 0.2758 0.2932 0.3112 0
10 573.53 556.07 -0.6 0.0189 0.022 0.029 0
13 601.2 613.57 89.2 0.7818 0.7818 0.7519 0
5 600.81 576.84 90.9 0.0041 0.0041 0.005 0
10 600.73 591.87 90.1 0.7667 0.7667 0.7445 0
10 600.81 600.77 90.9 0.0242 0.0697 0.1975 0
4 -619.29 671.77 89.5 0.0892 0.0963 0.1062 0
5 -619.11 677.92 89.2 0.482 0.4936 0.5054 0
4 -619.19 684.52 90.4 0.0017 0.0017 0.002 0
4 -619.11 691.5 90.5 0.3392 0.3537 0.3736 0
7 -619.22 698.7 89.6 0.0892 0.0963 0.1062 0
4 -600.85 705.33 -88.9 0.4591 0.4045 0.2801 0
4 -600.72 698.3 -91 0.259 0.0097 0.0097 0
8 -600.74 685.07 -90.9 0.0189 0.022 0.029 0
7 -600.71 676.91 -89.1 0.3345 0.2801 0.1801 0
5 -600.86 663.71 -89.5 0.0658 0.0385 0.021 0
12 -494.49 636.95 181.1 0.5924 0.5924 0.5795 1
9 -457.2 636.07 179.8 0.0658 0.0385 0.021 0
7 -464.51 636.14 179.6 0.2047 0.259 0.2801 0
5 -471.6 636.07 180.2 0.0658 0.0385 0.021 0
9 -479.85 636.13 181.1 0.001 0.001 0.0012 0
9 -486.29 636.17 179.1 0.0029 0.0033 0.0041 0
9 -507.18 636.02 180.4 0.0029 0.0033 0.0041 0
6 -513.62 636.16 180.4 0.0014 0.0023 0.0037 0
6 -521.31 636.16 179.6 0.4591 0.4045 0.2801 0
5 -529.44 636.13 179.9 0.0119 0.0385 0.1247 0
5 -536.25 636.02 179.9 0.482 0.4936 0.5054 0
7 -542.23 636.15 180.7 0.0546 0.06 0.0677 0
7 -548.26 636.06 180.5 0.0041 0.0041 0.005 0
5 -556.52 636.01 180.3 0.021 0.043 0.0231 0
6 -563.46 636.05 179.1 0.0017 0.0017 0.0023 0
10 -572.92 636.03 180.8 0.632 0.632 0.5989 0
1 -581.73 636.16 179.1 0.9158 0.4045 0 0
12 -555.62 642.85 179.3 0.632 0.6121 0.5605 1
9 -451.1 643.87 179.2 0.0546 0.0915 0.0461 0
3 -458.09 643.93 179.8 0.9158 0.4045 0 0
5 -464.06 643.96 179.5 0.4591 0.4045 0.2801 0
4 -472.18 643.87 179 0.0658 0.0385 0.021 0
10 -480.3 643.82 179.7 0.0242 0.0697 0.1975 0
8 -487.47 643.87 179.1 0.0014 0.0023 0.0037 0
8 -495.55 644 180.9 0.4591 0.4045 0.2801 0
0 -501.95 643.89 180.8 0.9158 0.4045 0 0
8 -508.06 643.96 180.9 0.0029 0.0033 0.0041 0
6 -535.52 643.94 180.2 0.4591 0.4045 0.2801 0
8 -565.52 643.97 180.5 0.3392 0.3537 0.3736 0
5 -572.73 643.88 181.1 0.0242 0.0697 0.1975 0
7 -579.27 643.85 180.8 0.0546 0.0915 0.0461 0
12 -390.92 636.95 180.6 0.7012 0.687 0.6388 1
3 -311.22 636.45 180.3 0.3297 0.4313 0.0697 1
9 -274.18 636.18 181 0.0029 0.0033 0.0041 0
3 -281.53 636.2 179 0.3297 0.4313 0.0697 0
4 -288.63 636.15 179.8 0.1542 0.1636 0.1768 0
9 -295.36 636.2 179.2 0.0017 0.0017 0.0023 0
5 -328.53 636.07 181.1 0.0023 0.0037 0.0055 0
5 -336.38 636.12 180.3 0.4591 0.4045 0.2801 0
9 -343.27 636.07 181 0.0029 0.0033 0.0041 0
10 -352.34 636.11 179.6 0.0072 0.0078 0.0097 0
4 -359.08 636.16 181 0.482 0.4936 0.5054 0
11 -367.64 636.11 180.9 0.68 0.68 0.6524 0
4 -382.63 636.12 180.1 0.0658 0.0385 0.021 0
5 -403.35 636.07 181 0.0189 0.022 0.029 0
12 -371.35 642.85 181.4 0.632 0.6121 0.5605 1
4 -270.89 644 181.1 0.0072 0.0189 0.0658 0
6 -276.89 643.89 180.2 0.0017 0.0017 0.0023 0
4 -284.34 643.99 180.4 0.0546 0.06 0.0677 0
5 -292.07 643.89 180.7 0.7667 0.7667 0.7445 0
4 -298.86 643.85 180.7 0.482 0.4936 0.5054 0
0 -313.86 643.99 180.6 0.9158 0.4045 0 0
8 -319.95 643.82 178.9 0.0399 0.0546 0.0781 0
6 -328.19 643.9 179.1 0.0119 0.0385 0.1247 0
5 -334.19 643.83 179 0.1542 0.1636 0.1768 0
6 -341.27 643.91 180.7 0.0017 0.0017 0.0023 0
4 -347.65 643.89 180.5 0.4045 0.4259 0.4479 0
4 -353.56 643.87 180.4 0.4045 0.4259 0.4479 0
6 -390 643.96 180.5 0.0017 0.0017 0.0023 0
6 -398.22 643.91 179.2 0.2047 0.259 0.2801 0
6 -405.9 643.96 180.7 0.1011 0.0029 0.0046 0
2 -213.41 636.45 181.3 0.9158 0.4045 0 1
4 -20.33 636.19 181 0.3392 0.3537 0.3736 0
6 -33.48 636.12 181 0.4591 0.4045 0.2801 0
4 -41.6 636.15 179.3 0.0072 0.0189 0.0658 0
5 -48.68 636.01 179.2 0.2758 0.2932 0.3112 0
1 -55.42 636.19 179.9 0.9158 0.4045 0 0
6 -63.66 636.15 181 0.1542 0.1636 0.1768 0
7 -70.61 636.08 179.8 0.4045 0.4259 0.4479 0
7 -78.25 636.09 181.1 0.0041 0.0041 0.005 0
8 -84.96 636.02 179.1 0.0399 0.0546 0.0781 0
5 -91.62 636.16 181.1 0.0546 0.06 0.0677 0
4 -97.59 636.18 179.7 0.0892 0.0963 0.1062 0
5 -104.01 636.03 180.5 0.2047 0.259 0.2801 0
4 -110.93 636.08 180.9 0.0399 0.0546 0.0781 0
6 -119.24 636.07 181 0.0029 0.0033 0.0041 0
8 -125.76 636.01 180.5 0.001 0.001 0.0012 0
6 -131.77 636.14 180 0.0072 0.0189 0.0658 0
7 -138.81 636.08 180.6 0.3392 0.3537 0.3736 0
7 -145.56 636.16 180.6 0.0072 0.0189 0.0658 0
4 -152.17 636.13 180.1 0.632 0.632 0.5989 0
6 -159.46 636.07 179.5 0.021 0.043 0.0231 0
5 -167.07 636.05 179.3 0.4045 0.4259 0.4479 0
5 -173.81 636.15 180.2 0.0658 0.0385 0.021 0
9 -181.46 636.16 180.5 0.4591 0.4045 0.2801 0
9 -196.75 636.1 179.8 0.148 0.2428 0.3587 0
8 -203.84 636.07 180.4 0.1011 0.0029 0.0046 0
5 -223.75 636.11 179.8 0.0017 0.0017 0.002 0
1 -177.57 643.55 179.9 0.9158 0.4045 0 1
5 -21.6 643.86 180.7 0.0072 0.0078 0.0097 0
7 -27.93 643.81 180.3 0.1542 0.1636 0.1768 0
8 -34.63 643.94 180 0.0029 0.0033 0.0041 0
7 -42.82 643.99 179.1 0.0023 0.0037 0.0055 0
8 -49.04 643.99 179.8 0.1542 0.1636 0.1768 0
4 -64.15 643.89 180.1 0.7969 0.7742 0.7083 0
6 -77.15 643.93 181 0.1011 0.0029 0.0046 0
8 -91.02 643.88 178.9 0.148 0.2428 0.3587 0
6 -97.7 643.98 180.1 0.0029 0.0033 0.0041 0
5 -105.85 643.86 180.7 0.0189 0.022 0.029 0
12 -115.56 643.87 180.6 0.7012 0.687 0.6388 0
8 -124.73 643.86 179.9 0.0119 0.0385 0.1247 0
7 -131.48 643.98 181 0.0658 0.0385 0.021 0
6 -138.34 643.87 180.9 0.0399 0.0546 0.0781 0
4 -152.97 643.87 181 0.0189 0.022 0.029 0
12 -167.23 643.83 180.5 0.68 0.68 0.6524 0
9 -184.64 643.87 180.4 0.0017 0.0017 0.0023 0
9 -190.59 643.84 179.5 0.001 0.001 0.0012 0
1 -196.82 643.82 181 0.9158 0.4045 0 0
8 -204.46 643.95 180.7 0.001 0.001 0.0012 0
4 -211.74 643.96 178.9 0.3392 0.3537 0.3736 0
12 -221.46 643.82 181 0.7012 0.687 0.6388 0
13 -8.8 691.29 88.8 0.7818 0.7818 0.7519 0
6 -9.2 655.63 90.4 0.0242 0.0697 0.1975 0
7 -9.19 662.01 90 0.0017 0.0017 0.002 0
7 -9.18 668.59 89.3 0.4591 0.4045 0.2801 0
5 -9.2 676.06 90.8 0.0017 0.0017 0.002 0
4 9.25 705.31 -90.4 0.482 0.4936 0.5054 0
8 9.14 691.91 -89.4 0.2758 0.2932 0.3112 0
6 9.11 684.49 -90.2 0.4591 0.4045 0.2801 0
7 9.23 668.5 -90.8 0.1573 0.0066 0.0066 0
6 9.22 661.88 -90 0.0017 0.0017 0.0023 0
12 103.17 636.95 178.6 0.632 0.6121 0.5605 1
3 223.49 636.1 180.8 0.3297 0.4313 0.0697 0
6 215.9 636.09 180.6 0.0014 0.0023 0.0037 0
9 166.56 636.05 179.3 0.0014 0.0023 0.0037 0
6 158.61 636.03 181 0.0892 0.0963 0.1062 0
6 151.49 636.01 179.2 0.1011 0.0029 0.0046 0
5 143.63 636.14 180.5 0.482 0.4936 0.5054 0
4 136.8 636.17 178.9 0.021 0.043 0.0231 0
5 129.43 636.03 180.7 0.2758 0.2932 0.3112 0
7 122.99 636.1 181 0.482 0.4936 0.5054 0
10 115.62 636.01 180 0.148 0.2428 0.3587 0
5 94.66 636.13 179.1 0.0658 0.0385 0.021 0
6 88.59 636.18 180.5 0.1573 0.0066 0.0066 0
8 81.56 636.1 180.1 0.0242 0.0697 0.1975 0
4 74.2 636.14 180.6 0.1011 0.0029 0.0046 0
4 66.78 636.04 178.9 0.0546 0.06 0.0677 0
5 60.47 636.06 181 0.7969 0.7742 0.7083 0
7 52.88 636.01 179.2 0.0023 0.0037 0.0055 0
4 45.66 636.16 180.7 0.0546 0.06 0.0677 0
5 39.44 636.17 179.1 0.259 0.0097 0.0097 0
4 32.02 636.19 180.7 0.0242 0.0697 0.1975 0
6 25.19 636.2 181 0.021 0.043 0.0231 0
12 50.48 642.85 179.9 0.5924 0.5924 0.5795 1
1 71.79 643.55 179.3 0.9158 0.4045 0 1
9 226.64 643.9 179.4 0.0014 0.0023 0.0037 0
11 179.29 643.95 180.6 0.68 0.68 0.6524 0
4 156.96 643.83 181 0.632 0.632 0.5989 0
5 150.92 643.92 180.8 0.2758 0.2932 0.3112 0
7 143.88 643.89 179.1 0.6941 0.6941 0.6661 0
4 138.11 643.86 180.2 0.0546 0.0915 0.0461 0
1 125.64 643.9 181.1 0.9158 0.4045 0 0
4 117.96 643.89 180.1 0.2047 0.259 0.2801 0
4 110.17 643.96 180 0.259 0.0097 0.0097 0
5 94.4 643.94 179.3 0.4591 0.4045 0.2801 0
8 86.64 643.89 180 0.0546 0.06 0.0677 0
5 62.1 643.88 180.6 0.482 0.4936 0.5054 0
4 39.51 643.95 179.3 0.1573 0.0066 0.0066 0
4 32.06 643.88 179.3 0.0546 0.06 0.0677 0
4 24.14 643.81 179.9 0.0892 0.0963 0.1062 0
8 259.11 703.36 -91.1 0.1542 0.1636 0.1768 0
6 259.26 675.42 -89 0.259 0.0097 0.0097 0
6 259.26 668.88 -89.6 0.0189 0.022 0.029 0
4 259.11 662.4 -91.1 0.0041 0.0041 0.005 0
3 347.34 643.55 181.4 0.9158 0.4045 0 1
8 406.78 643.91 179 0.001 0.001 0.0012 0
5 392.72 643.82 181 0.7969 0.7742 0.7083 0
4 386.22 643.85 179.7 0.2047 0.259 0.2801 0
5 378.53 643.97 179.1 0.0658 0.0385 0.021 0
6 372.07 643.88 181 0.148 0.2428 0.3587 0
1 355.8 643.83 178.9 0.9158 0.4045 0 0
7 340.13 643.86 180.6 0.0546 0.06 0.0677 0
4 333.83 643.98 179.5 0.3345 0.2801 0.1801 0
12 325.82 643.89 181 0.7012 0.687 0.6388 0
6 310.38 643.83 179.6 0.001 0.001 0.0012 0
8 302.14 643.95 180.8 0.001 0.001 0.0012 0
6 293.8 643.92 180.5 0.0119 0.0385 0.1247 0
7 277.79 643.8 179 0.1573 0.0066 0.0066 0
3 520.33 636.45 179.6 0.9158 0.4045 0 1
6 588.28 636.18 179.8 0.0119 0.0385 0.1247 0
5 581.69 636.14 180.7 0.0242 0.0697 0.1975 0
7 575.35 636.04 180.6 0.7969 0.7742 0.7083 0
8 569.21 636.06 180.5 0.001 0.001 0.0012 0
7 556.13 636.06 179.5 0.4591 0.4045 0.2801 0
9 548.18 636.19 180.6 0.0017 0.0017 0.0023 0
7 540.72 636.04 179 0.482 0.4936 0.5054 0
9 533.37 636.11 180.2 0.0029 0.0033 0.0041 0
4 526.72 636.17 179 0.0658 0.0385 0.021 0
10 510.52 636.09 180.8 0.632 0.632 0.5989 0
4 501.7 636.15 179.5 0.6941 0.6941 0.6661 0
4 495.41 636.15 179.2 0.259 0.0097 0.0097 0
8 487.75 636.05 180.3 0.1573 0.0066 0.0066 0
6 481.71 636.08 179.8 0.0892 0.0963 0.1062 0
5 467.01 636.09 180.6 0.482 0.4936 0.5054 0
6 460.36 636.1 180.8 0.4591 0.4045 0.2801 0
11 576.44 643.91 179.1 0.5924 0.5924 0.5795 0
5 568.46 643.9 181.1 0.148 0.2428 0.3587 0
4 561.49 643.89 179.3 0.7667 0.7667 0.7445 0
6 555.28 643.85 179.1 0.0029 0.0033 0.0041 0
7 547.61 643.83 180.3 0.0041 0.0041 0.005 0
10 538.37 643.91 179.3 0.3345 0.2801 0.1801 0
2 523.42 643.83 180.5 0.9158 0.4045 0 0
9 515.63 643.8 179.9 0.0658 0.0385 0.021 0
6 508.36 643.86 179.2 0.001 0.001 0.0012 0
9 500.71 643.99 179.6 0.0029 0.0033 0.0041 0
7 487.31 643.8 180.7 0.2047 0.259 0.2801 0
4 479.08 643.84 179.2 0.0023 0.0037 0.0055 0
9 472.93 643.93 181 0.0189 0.022 0.029 0
6 465.74 643.94 179.3 0.1542 0.1636 0.1768 0
4 458.89 643.93 180 0.021 0.043 0.0231 0
3 -601.15 746.55 -91.2 0.9158 0.4045 0 1
9 -600.73 780.96 -91 0.0029 0.0033 0.0041 0
9 -600.73 773.32 -90.5 0.001 0.001 0.0012 0
1 -600.84 765.02 -89.5 0.9158 0.4045 0 0
12 -600.87 736.32 -90.4 0.5924 0.5924 0.5795 0
1 -8.85 746.01 89.9 0.9158 0.4045 0 1
12 -9.25 738.51 89.1 0.7012 0.687 0.6388 0
4 -9.15 756.25 90.5 0.0072 0.0189 0.0658 0
4 -9.13 764.08 90.2 0.1011 0.0029 0.0046 0
1 -9.28 770.38 89.5 0.9158 0.4045 0 0
13 8.8 748.06 -89.9 0.7818 0.7818 0.7519 0
6 9.23 783.95 -89.7 0.0014 0.0023 0.0037 0
5 9.18 776.26 -88.9 0.0892 0.0963 0.1062 0
12 9.15 768.44 -90 0.632 0.6121 0.5605 0
4 9.28 757.82 -88.9 0.2758 0.2932 0.3112 0
7 30.62 723.87 0 0.0242 0.0697 0.1975 0
8 37.58 723.89 0.5 0.0029 0.0033 0.0041 0
8 44.81 723.93 -0.1 0.0546 0.0915 0.0461 0
6 51.44 723.85 0.6 0.0546 0.0915 0.0461 0
7 64.56 723.96 0.7 0.482 0.4936 0.5054 0
4 71.59 723.89 -0.6 0.0242 0.0697 0.1975 0
7 79.09 723.93 0.4 0.0546 0.0915 0.0461 0
4 87.35 723.94 -0.5 0.0658 0.0385 0.021 0
5 101.85 723.84 -0.7 0.7667 0.7667 0.7445 0
6 109.97 723.88 -0.1 0.0119 0.0385 0.1247 0
10 119.59 723.84 0.8 0.0242 0.0697 0.1975 0
7 141.58 723.92 -0.2 0.0119 0.0385 0.1247 0
4 148.17 723.86 0 0.482 0.4936 0.5054 0
6 154.81 723.83 0.4 0.021 0.043 0.0231 0
7 163.03 723.8 1.1 0.148 0.2428 0.3587 0
10 171.3 724 0.3 0.0041 0.0041 0.005 0
5 179.73 723.8 0.8 0.3392 0.3537 0.3736 0
6 187.52 723.98 0.4 0.001 0.001 0.0012 0
10 195.5 723.84 -0.6 0.0023 0.0037 0.0055 0
7 209.71 723.97 1 0.2047 0.259 0.2801 0
2 216.03 723.92 -0.3 0.9158 0.4045 0 0
9 222.86 723.89 0.5 0.001 0.001 0.0012 0
1 40.61 716.45 0.6 0.9158 0.4045 0 1
4 24.16 716.16 -0.8 0.632 0.632 0.5989 0
5 31.75 716.06 -0.6 0.7667 0.7667 0.7445 0
7 54.14 716.19 0.2 0.0023 0.0037 0.0055 0
8 61.7 716.19 -1 0.0029 0.0033 0.0041 0
4 68.58 716.01 -0.6 0.0242 0.0697 0.1975 0
4 76.26 716.03 -0.4 0.3345 0.2801 0.1801 0
5 83.5 716.08 0.1 0.0072 0.0078 0.0097 0
4 90.29 716.19 0 0.0242 0.0697 0.1975 0
8 97.98 716.01 -0.5 0.0658 0.0385 0.021 0
6 113.77 716.14 -0.3 0.0119 0.0385 0.1247 0
2 134.72 716.09 0.4 0.9158 0.4045 0 0
8 141.35 716.06 -0.2 0.0399 0.0546 0.0781 0
11 149.18 716.2 -0.3 0.632 0.6121 0.5605 0
9 156.59 716.06 -0.1 0.001 0.001 0.0012 0
6 164.31 716.02 -0.5 0.4591 0.4045 0.2801 0
4 171.25 716.02 -1.1 0.7969 0.7742 0.7083 0
8 185.21 716.18 0.4 0.0072 0.0189 0.0658 0
4 199.61 716.01 0.7 0.0189 0.022 0.029 0
6 206.22 716.14 -0.9 0.4591 0.4045 0.2801 0
2 219.92 716.13 -0.9 0.9158 0.4045 0 0
7 226.05 716.13 0.6 0.6941 0.6941 0.6661 0
11 240.81 747.46 89.7 0.7012 0.687 0.6388 0
8 240.74 762.59 90 0.0242 0.0697 0.1975 0
5 240.88 770.21 89.8 0.1573 0.0066 0.0066 0
9 240.87 776.64 89.1 0.001 0.001 0.0012 0
2 258.85 774.49 -90.2 0.9158 0.4045 0 1
12 355.42 723.05 0.9 0.5924 0.5924 0.5795 1
1 347.67 723.55 -0.3 0.9158 0.4045 0 1
6 270.55 723.88 -0.2 0.3345 0.2801 0.1801 0
3 292.12 723.87 0.2 0.9158 0.4045 0 0
6 299.39 723.95 -0.9 0.0072 0.0189 0.0658 0
1 305.97 723.81 0.5 0.9158 0.4045 0 0
12 315.28 723.98 -0.5 0.68 0.68 0.6524 0
4 325.23 723.92 -1.1 0.0546 0.06 0.0677 0
7 331.89 723.98 0.5 0.021 0.043 0.0231 0
7 339.15 723.96 -0.5 0.0041 0.0041 0.005 0
4 383.06 723.89 0.7 0.021 0.043 0.0231 0
9 395.66 723.9 0.4 0.001 0.001 0.0012 0
4 401.99 723.8 0.7 0.7969 0.7742 0.7083 0
4 273.16 716 0.4 0.7969 0.7742 0.7083 0
4 281.16 716.08 -0.7 0.7969 0.7742 0.7083 0
9 289.08 716.16 -0.6 0.001 0.001 0.0012 0
1 297.23 716.01 0.2 0.9158 0.4045 0 0
6 305.24 716.06 0.7 0.0546 0.0915 0.0461 0
4 311.69 716.11 1.1 0.1542 0.1636 0.1768 0
11 320.08 716.03 0.2 0.68 0.68 0.6524 0
4 328.13 716.01 0.9 0.0546 0.0915 0.0461 0
10 336.37 716.14 0.4 0.7667 0.7667 0.7445 0
11 345.73 716.07 0.5 0.7012 0.687 0.6388 0
8 360.39 716.09 -0.9 0.021 0.043 0.0231 0
4 366.89 716.16 0.7 0.0658 0.0385 0.021 0
9 382.7 716.11 -0.8 0.0399 0.0546 0.0781 0
6 390.72 716.12 0 0.001 0.001 0.0012 0
7 398.6 716.09 0.4 0.0546 0.06 0.0677 0
8 405.07 716.15 0.1 0.0014 0.0023 0.0037 0
1 557.54 723.55 0.3 0.9158 0.4045 0 1
4 452.27 723.98 -0.5 0.1573 0.0066 0.0066 0
10 461.18 723.82 -1.1 0.482 0.4936 0.5054 0
9 468.9 724 -1 0.4591 0.4045 0.2801 0
6 481.88 723.87 0.2 0.021 0.043 0.0231 0
8 488.32 723.92 -1.1 0.0119 0.0385 0.1247 0
10 497.71 723.98 -0.3 0.0658 0.0385 0.021 0
6 505.54 723.93 0.4 0.0014 0.0023 0.0037 0
8 513.72 723.86 -0.2 0.0029 0.0033 0.0041 0
5 521.98 723.82 0.6 0.7969 0.7742 0.7083 0
4 529.99 723.94 0.3 0.7969 0.7742 0.7083 0
4 538.18 723.96 -0.9 0.0072 0.0189 0.0658 0
4 566.55 723.81 0.7 0.7969 0.7742 0.7083 0
7 572.54 723.88 -1.1 0.0892 0.0963 0.1062 0
9 579.33 723.94 0.3 0.0029 0.0033 0.0041 0
9 585.97 723.84 -0.2 0.0546 0.0915 0.0461 0
2 -618.85 845.78 90.6 0.9158 0.4045 0 1
6 -619.12 814.59 90.9 0.0017 0.0017 0.0023 0
7 -619.2 822.83 90.3 0.0658 0.0385 0.021 0
8 -619.22 829.24 89.1 0.0029 0.0033 0.0041 0
11 -619.25 859.77 89.3 0.68 0.68 0.6524 0
1 -601.15 849.53 -90.4 0.9158 0.4045 0 1
4 -600.8 863.34 -91.1 0.259 0.0097 0.0097 0
4 -600.74 855.85 -89.3 0.3392 0.3537 0.3736 0
7 -600.86 843.44 -88.9 0.0023 0.0037 0.0055 0
4 -600.83 836.57 -89.9 0.482 0.4936 0.5054 0
6 -600.73 829.86 -90 0.0017 0.0017 0.0023 0
2 -8.85 826.09 90.3 0.9158 0.4045 0 1
13 -8.8 857.01 88.7 0.7818 0.7818 0.7519 0
12 -9.27 817.67 90.9 0.68 0.68 0.6524 0
12 8.15 847.37 -90 0.5924 0.5924 0.5795 1
1 8.85 825.35 -88.8 0.9158 0.4045 0 1
11 9.28 862.41 -90.4 0.5924 0.5924 0.5795 0
9 9.11 855.89 -88.9 0.0017 0.0017 0.0023 0
12 178.55 796.95 178.9 0.68 0.68 0.6524 1
4 222.95 796.01 181.1 0.0546 0.06 0.0677 0
7 208.86 796.14 180.4 0.3392 0.3537 0.3736 0
5 201.23 796 179.9 0.0892 0.0963 0.1062 0
5 194.78 796.02 180.6 0.7667 0.7667 0.7445 0
4 164.56 796.18 179.3 0.3345 0.2801 0.1801 0
5 158.55 796.12 179.1 0.0072 0.0189 0.0658 0
9 152 796.19 179.2 0.0189 0.022 0.029 0
4 143.91 796.04 180.1 0.0017 0.0017 0.002 0
12 136.7 796.05 179.7 0.632 0.6121 0.5605 0
5 126.13 796.09 180.5 0.7667 0.7667 0.7445 0
6 110.93 796.02 179.4 0.0546 0.0915 0.0461 0
5 103.65 796.14 180.9 0.4045 0.4259 0.4479 0
4 97.45 796.05 180.6 0.0546 0.06 0.0677 0
10 89.58 796.19 179.7 0.148 0.2428 0.3587 0
8 81.03 796.04 180.6 0.0029 0.0033 0.0041 0
4 74.15 796.13 179.2 0.148 0.2428 0.3587 0
8 58.83 796.05 181 0.0072 0.0189 0.0658 0
6 51.72 796.09 181 0.0892 0.0963 0.1062 0
7 44.78 796.14 180.3 0.0546 0.06 0.0677 0
8 38.34 796.14 179.9 0.2758 0.2932 0.3112 0
4 31.46 796.04 179.2 0.259 0.0097 0.0097 0
10 23.17 796.09 179.7 0.3392 0.3537 0.3736 0
6 225.71 803.99 179.7 0.0399 0.0546 0.0781 0
6 217.35 803.95 178.9 0.0119 0.0385 0.1247 0
6 195.67 803.97 179.5 0.0546 0.0915 0.0461 0
9 189.37 803.94 179.8 0.021 0.043 0.0231 0
7 183.39 803.97 179.6 0.0546 0.06 0.0677 0
7 169.83 803.89 180.5 0.148 0.2428 0.3587 0
5 163.34 803.92 179 0.148 0.2428 0.3587 0
5 155.52 803.87 180.7 0.4591 0.4045 0.2801 0
5 148.43 803.97 180.3 0.0399 0.0546 0.0781 0
8 142.01 803.89 179 0.001 0.001 0.0012 0
8 134.83 803.8 180.9 0.3392 0.3537 0.3736 0
6 127.27 803.9 179 0.0546 0.06 0.0677 0
1 121.16 803.88 180.2 0.9158 0.4045 0 0
5 113.42 803.88 181 0.4591 0.4045 0.2801 0
4 106.9 803.88 180.7 0.4591 0.4045 0.2801 0
0 98.88 803.83 179.5 0.9158 0.4045 0 0
6 92.16 803.89 180.1 0.0242 0.0697 0.1975 0
4 84.71 803.85 179.7 0.0189 0.022 0.029 0
4 77.36 803.81 180.9 0.4045 0.4259 0.4479 0
8 69.24 803.81 179.2 0.2047 0.259 0.2801 0
1 61.77 803.83 180.3 0.9158 0.4045 0 0
11 53.55 803.97 180.9 0.632 0.6121 0.5605 0
10 35.53 803.83 179.8 0.0399 0.0546 0.0781 0
11 25.43 803.98 180.9 0.7012 0.687 0.6388 0
13 241.2 850.61 88.9 0.7818 0.7818 0.7519 0
4 240.75 818.01 90.7 0.0119 0.0385 0.1247 0
2 240.88 825.64 91 0.9158 0.4045 0 0
4 240.83 832.05 89.8 0.0189 0.022 0.029 0
4 240.73 838.44 89.5 0.0658 0.0385 0.021 0
9 240.81 861.74 89.1 0.0017 0.0017 0.0023 0
4 259.27 865.46 -89 0.0189 0.022 0.029 0
6 259.24 858.19 -89.6 0.0014 0.0023 0.0037 0
5 259.2 850.51 -90.2 0.0546 0.0915 0.0461 0
2 259.18 844.61 -90.5 0.9158 0.4045 0 0
4 259.3 830.16 -89.7 0.7667 0.7667 0.7445 0
2 400.15 796.45 179.4 0.9158 0.4045 0 1
5 406.44 796.14 180 0.0017 0.0017 0.002 0
9 391.19 796.13 179 0.0029 0.0033 0.0041 0
7 383.61 796.2 181.1 0.0041 0.0041 0.005 0
7 377.43 796.03 179.4 0.7667 0.7667 0.7445 0
12 369.15 796.07 180.6 0.5924 0.5924 0.5795 0
5 358.42 796 180.4 0.0072 0.0078 0.0097 0
8 351.36 796.02 179.2 0.0892 0.0963 0.1062 0
4 343.84 796.12 180.7 0.7969 0.7742 0.7083 0
8 337.64 796.04 180.8 0.0014 0.0023 0.0037 0
6 330.27 796.1 180.9 0.0242 0.0697 0.1975 0
4 322.18 796.12 180.8 0.1573 0.0066 0.0066 0
9 314.49 796.2 180.1 0.0014 0.0023 0.0037 0
7 273.16 796.03 180.2 0.0041 0.0041 0.005 0
5 406.46 803.94 179.8 0.148 0.2428 0.3587 0
4 398.49 803.92 179.8 0.0017 0.0017 0.002 0
8 391.37 803.81 179 0.2047 0.259 0.2801 0
7 377.39 803.88 179.6 0.4045 0.4259 0.4479 0
4 356.52 803.81 179.4 0.2047 0.259 0.2801 0
6 349.18 803.95 180.2 0.001 0.001 0.0012 0
7 341.69 803.81 178.9 0.0041 0.0041 0.005 0
12 332.69 803.98 179.4 0.68 0.68 0.6524 0
7 322.98 803.94 180.1 0.4045 0.4259 0.4479 0
1 314.87 803.95 180.8 0.9158 0.4045 0 0
1 277.77 803.99 180.5 0.9158 0.4045 0 0
1 467.25 796.45 180.3 0.9158 0.4045 0 1
8 573.2 796.03 180.3 0.4591 0.4045 0.2801 0
5 566.01 796.17 179.8 0.2047 0.259 0.2801 0
1 551.68 796.17 180.7 0.9158 0.4045 0 0
2 544.68 796.11 181 0.9158 0.4045 0 0
6 537.13 796.06 179.4 0.021 0.043 0.0231 0
7 529.63 796.16 181 0.7969 0.7742 0.7083 0
12 522.18 796.04 180.4 0.5924 0.5924 0.5795 0
1 512.57 796.01 181 0.9158 0.4045 0 0
5 505.83 796.16 180.8 0.4045 0.4259 0.4479 0
11 496.97 796.16 180.6 0.5924 0.5924 0.5795 0
7 490.56 796.04 179.4 0.148 0.2428 0.3587 0
7 484.37 796.09 180 0.1542 0.1636 0.1768 0
9 476.45 796.08 180.7 0.0029 0.0033 0.0041 0
4 455.13 796.12 180.5 0.1011 0.0029 0.0046 0
10 579.1 803.91 179.9 0.632 0.632 0.5989 0
8 563.8 803.85 179.4 0.259 0.0097 0.0097 0
4 556.89 803.97 180 0.1011 0.0029 0.0046 0
10 549.18 803.92 179.8 0.0119 0.0385 0.1247 0
7 540.37 803.99 179.6 0.3392 0.3537 0.3736 0
1 532.58 803.94 180.9 0.9158 0.4045 0 0
8 511.25 803.84 179.4 0.3345 0.2801 0.1801 0
4 503.99 803.95 180.6 0.6941 0.6941 0.6661 0
10 495.7 803.94 179.3 0.3392 0.3537 0.3736 0
7 487.3 803.92 180.6 0.259 0.0097 0.0097 0
8 479.75 803.86 179.7 0.0029 0.0033 0.0041 0
7 471.58 803.91 180.2 0.0041 0.0041 0.005 0
12 455.63 803.96 181.1 0.5924 0.5924 0.5795 0
13 -618.8 936.21 89 0.7818 0.7818 0.7519 0
5 -619.14 911.17 91.1 0.4591 0.4045 0.2801 0
11 -619.29 919.57 89.6 0.7012 0.687 0.6388 0
1 -601.15 915.96 -91.3 0.9158 0.4045 0 1
11 -600.78 933.86 -90 0.7012 0.687 0.6388 0
5 -600.75 926.57 -89.6 0.2047 0.259 0.2801 0
4 -600.78 904.95 -89.7 0.0399 0.0546 0.0781 0
5 9.24 945.32 -91.1 0.632 0.632 0.5989 0
1 9.26 930.04 -91 0.9158 0.4045 0 0
9 9.18 917.08 -90.5 0.3345 0.2801 0.1801 0
11 9.26 903.51 -91 0.5924 0.5924 0.5795 0
4 20.12 883.9 1 0.0072 0.0189 0.0658 0
8 27.7 883.83 0.6 0.0014 0.0023 0.0037 0
9 35.27 883.94 -0.8 0.0014 0.0023 0.0037 0
1 41.22 883.83 0.5 0.9158 0.4045 0 0
11 50.26 883.86 0 0.7012 0.687 0.6388 0
10 59.14 883.9 -0.7 0.0072 0.0189 0.0658 0
4 73.42 883.83 1.1 0.259 0.0097 0.0097 0
8 88.05 884 0.3 0.0546 0.0915 0.0461 0
6 95.13 883.98 0.2 0.2047 0.259 0.2801 0
10 103.4 883.96 0.3 0.148 0.2428 0.3587 0
10 112.84 883.91 0.7 0.7969 0.7742 0.7083 0
5 121.22 883.97 -0.6 0.3392 0.3537 0.3736 0
7 127.21 883.91 -0.5 0.0658 0.0385 0.021 0
11 136.61 883.97 0.3 0.632 0.6121 0.5605 0
7 144.36 883.94 1 0.7969 0.7742 0.7083 0
1 151.81 883.93 -0.9 0.9158 0.4045 0 0
6 166.48 883.97 -0.4 0.0242 0.0697 0.1975 0
10 174.99 883.87 0.4 0.3392 0.3537 0.3736 0
4 183.58 883.92 -0.2 0.1542 0.1636 0.1768 0
8 191.01 883.92 0.7 0.1573 0.0066 0.0066 0
5 198.2 883.88 0.9 0.021 0.043 0.0231 0
9 213.97 883.88 0.4 0.0029 0.0033 0.0041 0
12 241.85 899.23 91.3 0.632 0.6121 0.5605 1
7 240.79 910.9 89.5 0.3345 0.2801 0.1801 0
4 240.76 916.96 89.1 0.1542 0.1636 0.1768 0
9 240.72 924.76 90.8 0.0017 0.0017 0.0023 0
9 240.74 932.1 90.4 0.0399 0.0546 0.0781 0
1 240.72 938.06 90.7 0.9158 0.4045 0 0
4 259.15 934.75 -90.8 0.0023 0.0037 0.0055 0
4 259.13 927.45 -89.5 0.2758 0.2932 0.3112 0
6 259.18 920.52 -90.7 0.0029 0.0033 0.0041 0
4 259.21 913.88 -89.5 0.021 0.043 0.0231 0
4 259.21 907.44 -90.7 0.0546 0.06 0.0677 0
9 259.24 901.44 -90.4 0.0017 0.0017 0.0023 0
5 273.43 876.09 0.2 0.4591 0.4045 0.2801 0
10 281.4 876.16 0.4 0.0546 0.0915 0.0461 0
8 289.97 876.06 -0.5 0.0892 0.0963 0.1062 0
4 296.39 876.06 0.8 0.1573 0.0066 0.0066 0
6 304.32 876.01 -0.7 0.0029 0.0033 0.0041 0
9 318.48 876.15 -0.5 0.0014 0.0023 0.0037 0
4 355.9 876.03 0.9 0.3392 0.3537 0.3736 0
3 363.45 876.14 -1.1 0.9158 0.4045 0 0
8 370.98 876.03 0.8 0.1573 0.0066 0.0066 0
7 378.24 876.01 0.4 0.0546 0.0915 0.0461 0
7 391.04 876.13 0.2 0.0892 0.0963 0.1062 0
7 397.39 876.13 -0.1 0.7667 0.7667 0.7445 0
7 404.85 876.19 1 0.7667 0.7667 0.7445 0
2 486.39 883.55 -0.3 0.9158 0.4045 0 1
6 450.31 883.94 0.6 0.1542 0.1636 0.1768 0
5 457.25 883.89 0.6 0.482 0.4936 0.5054 0
7 464.6 883.93 0.7 0.0399 0.0546 0.0781 0
7 470.79 883.85 0.9 0.0546 0.0915 0.0461 0
4 477.02 883.88 1.1 0.0119 0.0385 0.1247 0
4 505.85 883.97 -1 0.0072 0.0078 0.0097 0
12 514.15 883.93 1 0.632 0.6121 0.5605 0
4 531.49 883.85 0.9 0.7969 0.7742 0.7083 0
6 537.98 883.99 0.4 0.4591 0.4045 0.2801 0
5 544.73 883.86 1.1 0.0119 0.0385 0.1247 0
5 552.32 883.99 -0.7 0.4045 0.4259 0.4479 0
10 561.38 883.93 1.1 0.0242 0.0697 0.1975 0
7 577.04 883.92 -0.7 0.1573 0.0066 0.0066 0
8 583.89 883.93 0.5 0.0119 0.0385 0.1247 0
12 455.5 877.15 0.2 0.5924 0.5924 0.5795 1
8 464.62 876.01 -1.1 0.0072 0.0189 0.0658 0
1 472.5 876.08 0.4 0.9158 0.4045 0 0
4 478.47 876.17 0.7 0.021 0.043 0.0231 0
4 485.39 876.14 -1.1 0.2758 0.2932 0.3112 0
7 492.61 876.18 -0.4 0.259 0.0097 0.0097 0
1 499.77 876.14 0.9 0.9158 0.4045 0 0
4 506.43 876.06 -0.5 0.0399 0.0546 0.0781 0
0 514.79 876.13 0.4 0.9158 0.4045 0 0
10 524.09 876.07 1 0.6941 0.6941 0.6661 0
7 532.51 876.15 0.7 0.0017 0.0017 0.002 0
4 539.97 876.05 -1.1 0.0892 0.0963 0.1062 0
3 552.76 876.15 -1.1 0.9158 0.4045 0 0
9 559.93 876.13 -0.4 0.0029 0.0033 0.0041 0
0 574.36 876.15 0.2 0.9158 0.4045 0 0
8 581.99 876.08 -0.4 0.2758 0.2932 0.3112 0
7 600.82 898.5 89 0.0546 0.06 0.0677 0
4 600.8 913.36 90.7 0.632 0.632 0.5989 0
5 600.89 919.44 89.9 0.0658 0.0385 0.021 0
5 600.78 940.12 89.6 0.7667 0.7667 0.7445 0
11 -619.25 976.57 89 0.5924 0.5924 0.5795 0
8 -619.29 984.99 89.2 0.3392 0.3537 0.3736 0
8 -619.2 992.32 90.6 0.0189 0.022 0.029 0
9 -619.14 999.03 88.9 0.0014 0.0023 0.0037 0
9 -619.26 1005.71 89.3 0.0029 0.0033 0.0041 0
6 -619.25 1012.81 90.1 0.0017 0.0017 0.0023 0
4 -619.15 1019.94 89.5 0.021 0.043 0.0231 0
6 -600.77 1021.51 -90.1 0.0014 0.0023 0.0037 0
4 -600.71 1014.7 -89.3 0.0119 0.0385 0.1247 0
7 -600.72 1006.87 -88.9 0.148 0.2428 0.3587 0
4 -600.75 1000.57 -90.7 0.0546 0.0915 0.0461 0
4 -600.78 986.88 -90.7 0.0072 0.0078 0.0097 0
8 -600.9 979.32 -90.2 0.0546 0.06 0.0677 0
12 -9.14 979.64 90.2 0.68 0.68 0.6524 0
7 -9.16 989.97 90.3 0.1573 0.0066 0.0066 0
11 -9.13 997.2 90.4 0.68 0.68 0.6524 0
8 -9.12 1005.81 89.8 0.1542 0.1636 0.1768 0
11 -9.14 1015.12 90.2 0.7012 0.687 0.6388 0
6 9.18 1022.44 -90.5 0.0017 0.0017 0.0023 0
12 182.37 956.95 179.2 0.68 0.68 0.6524 1
1 41.21 956.45 179.4 0.9158 0.4045 0 1
4 225.84 956.06 180.4 0.0189 0.022 0.029 0
5 219.49 956.09 180.6 0.3345 0.2801 0.1801 0
4 213.28 956.11 179.1 0.3345 0.2801 0.1801 0
6 207.37 956.17 180 0.3345 0.2801 0.1801 0
9 200.8 956.08 179.6 0.0017 0.0017 0.0023 0
6 193.85 956.11 179.1 0.0029 0.0033 0.0041 0
8 173.81 956.03 180.3 0.2047 0.259 0.2801 0
4 165.7 956.01 180.1 0.1542 0.1636 0.1768 0
6 159.47 956.05 179.1 0.1542 0.1636 0.1768 0
0 146.42 956.18 180.9 0.9158 0.4045 0 0
7 138.64 956.12 180.8 0.0017 0.0017 0.002 0
6 131.52 956.14 179.8 0.001 0.001 0.0012 0
9 124.57 956.12 179.8 0.0546 0.0915 0.0461 0
12 116.98 956.05 180.7 0.5924 0.5924 0.5795 0
7 107.27 956.17 179.7 0.0072 0.0189 0.0658 0
8 91.94 956.02 179 0.0029 0.0033 0.0041 0
5 83.63 956.09 180.3 0.2758 0.2932 0.3112 0
11 74.9 956.14 179.5 0.632 0.6121 0.5605 0
5 66.57 956.17 180.7 0.0892 0.0963 0.1062 0
4 58.83 956.19 179.3 0.0041 0.0041 0.005 0
10 49.97 956.01 179.2 0.2047 0.259 0.2801 0
1 173.64 963.55 181.1 0.9158 0.4045 0 1
4 227.13 963.81 180.2 0.0242 0.0697 0.1975 0
10 211.59 963.89 180.5 0.1542 0.1636 0.1768 0
6 197.13 963.8 180.7 0.259 0.0097 0.0097 0
4 189.43 963.98 179.6 0.0041 0.0041 0.005 0
4 182.41 963.93 179.1 0.0072 0.0078 0.0097 0
8 167.24 963.99 180.3 0.0072 0.0189 0.0658 0
9 160.82 963.89 180.5 0.0017 0.0017 0.0023 0
4 152.97 963.82 179.7 0.021 0.043 0.0231 0
5 137.3 963.99 179.6 0.1573 0.0066 0.0066 0
4 130.76 963.96 180.1 0.021 0.043 0.0231 0
4 123.69 963.91 180.8 0.6941 0.6941 0.6661 0
6 110.04 963.91 179.1 0.0014 0.0023 0.0037 0
4 101.96 963.98 179.5 0.0023 0.0037 0.0055 0
6 88.69 963.91 178.9 0.0072 0.0189 0.0658 0
9 81.59 963.95 179.1 0.0014 0.0023 0.0037 0
9 75.18 963.89 180.2 0.0029 0.0033 0.0041 0
0 68.33 963.92 179.4 0.9158 0.4045 0 0
4 60.06 963.98 179.2 0.7667 0.7667 0.7445 0
6 51.71 963.86 179.2 0.0029 0.0033 0.0041 0
12 43.41 963.84 180 0.632 0.6121 0.5605 0
4 34.78 963.99 181.1 0.2047 0.259 0.2801 0
8 26.63 963.82 180.7 0.482 0.4936 0.5054 0
12 241.85 989.03 89.6 0.68 0.68 0.6524 1
4 240.79 974.72 89.2 0.1011 0.0029 0.0046 0
5 240.76 996.9 90.9 0.148 0.2428 0.3587 0
12 240.75 1006 89.7 0.632 0.6121 0.5605 0
1 240.77 1016.58 90.1 0.9158 0.4045 0 0
4 259.12 1015.92 -89.6 0.7667 0.7667 0.7445 0
10 259.27 1006.47 -89.8 0.2047 0.259 0.2801 0
12 259.28 997.21 -89.3 0.5924 0.5924 0.5795 0
12 297.81 956.95 180.4 0.7012 0.687 0.6388 1
1 401 956.45 181.3 0.9158 0.4045 0 1
8 407.01 956.12 179.9 0.0119 0.0385 0.1247 0
8 352.63 956.02 180.7 0.0014 0.0023 0.0037 0
6 339.28 956.19 179.9 0.0017 0.0017 0.0023 0
7 333.42 956.07 180.8 0.7969 0.7742 0.7083 0
12 324.99 956.09 179.2 0.5924 0.5924 0.5795 0
4 309.21 956.15 180.3 0.1011 0.0029 0.0046 0
4 279.45 956.07 180.9 0.1573 0.0066 0.0066 0
8 420.72 975.77 89.4 0.4591 0.4045 0.2801 0
5 439.21 1014.5 -89.1 0.0242 0.0697 0.1975 0
8 439.18 992.89 -89.4 0.0189 0.022 0.029 0
9 439.23 977.09 -89.8 0.0017 0.0017 0.0023 0
6 582.32 956.09 179 0.0658 0.0385 0.021 0
5 575.67 956.08 180.4 0.2047 0.259 0.2801 0
8 567.63 956.04 180.5 0.148 0.2428 0.3587 0
8 560.3 956.12 181.1 0.0546 0.06 0.0677 0
7 554.13 956.02 179.2 0.4045 0.4259 0.4479 0
7 547.84 956.09 179.4 0.0017 0.0017 0.002 0
11 540.7 956.18 179.1 0.68 0.68 0.6524 0
10 532.67 956.17 180.4 0.2758 0.2932 0.3112 0
4 524.98 956.19 179.5 0.3392 0.3537 0.3736 0
9 516.83 956.1 179.5 0.0014 0.0023 0.0037 0
1 510.8 956.1 179.4 0.9158 0.4045 0 0
4 503.06 956.09 181 0.0017 0.0017 0.002 0
6 488.3 956.06 180 0.0014 0.0023 0.0037 0
2 480.92 956.08 180 0.9158 0.4045 0 0
4 472.78 956.18 179.7 0.0072 0.0078 0.0097 0
6 466.2 956.13 180.2 0.0546 0.06 0.0677 0
10 458.58 956.18 181.1 0.0023 0.0037 0.0055 0
2 553.56 963.55 179.6 0.9158 0.4045 0 1
6 571.27 963.85 180.9 0.0014 0.0023 0.0037 0
10 543.26 963.86 181.1 0.0399 0.0546 0.0781 0
5 534.71 963.88 179.9 0.4045 0.4259 0.4479 0
6 526.49 963.83 179.2 0.1011 0.0029 0.0046 0
7 519 963.81 179 0.0242 0.0697 0.1975 0
9 512.16 963.89 179.9 0.148 0.2428 0.3587 0
12 504.59 963.82 181.1 0.7012 0.687 0.6388 0
8 495.6 963.9 179.5 0.259 0.0097 0.0097 0
11 486.83 963.83 180 0.5924 0.5924 0.5795 0
4 478.47 963.83 178.9 0.0119 0.0385 0.1247 0
1 472.27 963.87 180.7 0.9158 0.4045 0 0
9 464.8 963.92 179.4 0.0017 0.0017 0.0023 0
5 600.72 977.16 90.6 0.0017 0.0017 0.002 0
4 600.8 983.89 89.1 0.0017 0.0017 0.002 0
0 600.89 991.74 89.6 0.9158 0.4045 0 0
5 600.74 999.22 89.4 0.0023 0.0037 0.0055 0
9 600.71 1014.16 90.9 0.0029 0.0033 0.0041 0
8 600.78 1020.91 90.4 0.0546 0.06 0.0677 0
13 -618.8 1094.36 89.1 0.7818 0.7818 0.7519 0
4 -619.23 1054.45 90.1 0.259 0.0097 0.0097 0
6 -619.2 1060.81 89 0.4591 0.4045 0.2801 0
9 -619.28 1067.63 90.9 0.001 0.001 0.0012 0
1 -619.21 1075.38 90 0.9158 0.4045 0 0
3 -601.15 1071.64 -89.4 0.3297 0.4313 0.0697 1
6 -600.76 1102.35 -90.2 0.0014 0.0023 0.0037 0
4 -600.78 1096.06 -89.9 0.2047 0.259 0.2801 0
4 -600.75 1061.39 -89 0.0017 0.0017 0.002 0
1 -8.85 1076.73 91.2 0.9158 0.4045 0 1
10 -9.26 1064.81 90.5 0.2758 0.2932 0.3112 0
8 -9.26 1086.63 89.5 0.0029 0.0033 0.0041 0
9 9.22 1105.4 -90.6 0.001 0.001 0.0012 0
10 9.17 1097.41 -90.9 0.0658 0.0385 0.021 0
7 9.21 1090.7 -88.9 0.0546 0.06 0.0677 0
8 9.22 1076.99 -89.2 0.0546 0.0915 0.0461 0
7 9.28 1070.92 -89.7 0.0072 0.0189 0.0658 0
2 9.16 1063.79 -91 0.9158 0.4045 0 0
12 37.57 1043.05 1.2 0.632 0.6121 0.5605 1
4 20.4 1043.89 -0.4 0.0023 0.0037 0.0055 0
8 27.74 1043.85 -0.6 0.0029 0.0033 0.0041 0
1 49.16 1043.97 0.5 0.9158 0.4045 0 0
5 57.12 1043.86 -0.8 0.4591 0.4045 0.2801 0
4 63.35 1043.85 -0.9 0.0399 0.0546 0.0781 0
5 77.14 1043.93 -0.3 0.0119 0.0385 0.1247 0
4 92.78 1043.95 -0.9 0.7667 0.7667 0.7445 0
8 100.67 1043.94 -1 0.0072 0.0189 0.0658 0
6 108.15 1043.85 -0.8 0.4591 0.4045 0.2801 0
4 128.1 1043.93 -1 0.0023 0.0037 0.0055 0
6 134.28 1043.95 -0.4 0.0029 0.0033 0.0041 0
5 141.38 1043.86 0.4 0.0072 0.0189 0.0658 0
4 149.39 1043.88 0.6 0.0072 0.0078 0.0097 0
8 156.07 1043.82 -0.1 0.0546 0.0915 0.0461 0
8 168.79 1043.9 -0.5 0.1542 0.1636 0.1768 0
4 175.37 1043.93 0.7 0.021 0.043 0.0231 0
9 182.76 1043.9 0 0.0029 0.0033 0.0041 0
4 189.27 1043.95 -1 0.148 0.2428 0.3587 0
4 204.66 1043.95 -1 0.4045 0.4259 0.4479 0
7 212.47 1043.81 0.1 0.4045 0.4259 0.4479 0
4 218.62 1043.81 -0.3 0.2047 0.259 0.2801 0
4 226.01 1043.89 0.9 0.3392 0.3537 0.3736 0
12 80.51 1037.15 0.9 0.7012 0.687 0.6388 1
4 24.69 1036.09 1 0.6941 0.6941 0.6661 0
5 31.39 1036.04 -0.7 0.7667 0.7667 0.7445 0
11 39.79 1036.13 -1 0.68 0.68 0.6524 0
7 46.83 1036.1 0.6 0.2758 0.2932 0.3112 0
4 53.96 1036.07 -1 0.632 0.632 0.5989 0
8 69.78 1036.04 0.6 0.0029 0.0033 0.0041 0
8 92.95 1036.19 -0.3 0.0014 0.0023 0.0037 0
12 100.91 1036.03 -0.9 0.7012 0.687 0.6388 0
9 110.21 1036.11 -0.2 0.0014 0.0023 0.0037 0
5 124.57 1036.07 0.6 0.0546 0.06 0.0677 0
5 131.18 1036.18 0.7 0.0072 0.0189 0.0658 0
12 140.55 1036.15 -0.9 0.632 0.6121 0.5605 0
7 150.64 1036.05 -0.8 0.0658 0.0385 0.021 0
6 156.99 1036.2 0.7 0.0017 0.0017 0.0023 0
7 169.95 1036.19 0.3 0.3345 0.2801 0.1801 0
9 178.22 1036.03 -0.3 0.0017 0.0017 0.0023 0
9 184.86 1036.02 -0.9 0.001 0.001 0.0012 0
9 192.23 1036.13 -0.7 0.0014 0.0023 0.0037 0
4 199.78 1036.2 1.1 0.4591 0.4045 0.2801 0
9 207.35 1036.08 -0.8 0.4591 0.4045 0.2801 0
7 214.39 1036.08 0.1 0.0546 0.0915 0.0461 0
4 220.43 1036.17 0.3 0.0023 0.0037 0.0055 0
4 259.12 1101.91 -89 0.0189 0.022 0.029 0
12 315.84 1043.05 -1 0.5924 0.5924 0.5795 1
7 271.94 1043.81 0.1 0.0189 0.022 0.029 0
5 278.21 1043.87 -0.4 0.4591 0.4045 0.2801 0
10 293.07 1043.9 0.4 0.0041 0.0041 0.005 0
2 301.52 1043.84 0.2 0.9158 0.4045 0 0
4 307.61 1043.92 -0.6 0.0242 0.0697 0.1975 0
4 327.95 1043.82 -0.7 0.3392 0.3537 0.3736 0
7 341.35 1043.88 -1.1 0.0892 0.0963 0.1062 0
4 347.69 1043.91 0.9 0.0072 0.0189 0.0658 0
8 355.03 1043.9 0.1 0.0014 0.0023 0.0037 0
4 361.35 1043.94 0.3 0.259 0.0097 0.0097 0
8 367.96 1043.97 -1.1 0.0242 0.0697 0.1975 0
5 374.09 1043.88 0.2 0.0546 0.0915 0.0461 0
1 380.61 1043.99 -1 0.9158 0.4045 0 0
2 388.04 1043.82 1 0.9158 0.4045 0 0
4 395.09 1043.85 -0.1 0.7969 0.7742 0.7083 0
6 274.06 1036.07 0.2 0.1011 0.0029 0.0046 0
9 282.12 1036.16 -1 0.3345 0.2801 0.1801 0
7 289.78 1036.1 -0.3 0.1011 0.0029 0.0046 0
8 297.39 1036.09 -1 0.0029 0.0033 0.0041 0
4 303.72 1036.05 0.9 0.2047 0.259 0.2801 0
8 310.28 1036.02 0.6 0.3345 0.2801 0.1801 0
4 318.52 1036.06 0.1 0.3345 0.2801 0.1801 0
8 324.87 1036.13 0.9 0.2047 0.259 0.2801 0
4 331.18 1036.09 0.1 0.4045 0.4259 0.4479 0
6 337.22 1036.05 -0.2 0.2047 0.259 0.2801 0
4 351.19 1036.02 -1.1 0.021 0.043 0.0231 0
6 365.58 1036.02 1.1 0.259 0.0097 0.0097 0
5 371.95 1036.13 -0.1 0.0546 0.06 0.0677 0
5 379.84 1036.18 0.3 0.0546 0.06 0.0677 0
9 387.93 1036.1 -1.1 0.4591 0.4045 0.2801 0
4 394.31 1036.06 -1.1 0.632 0.632 0.5989 0
9 400.44 1036.11 -0.2 0.0399 0.0546 0.0781 0
5 420.81 1088.23 90.3 0.7969 0.7742 0.7083 0
4 420.77 1096.01 89 0.0242 0.0697 0.1975 0
5 420.74 1102.13 91 0.0072 0.0189 0.0658 0
1 454.29 1043.55 -0.3 0.9158 0.4045 0 1
8 460.02 1043.86 -1.1 0.148 0.2428 0.3587 0
10 469.51 1043.84 -0.4 0.3392 0.3537 0.3736 0
11 478.82 1043.97 -1 0.632 0.6121 0.5605 0
5 487.08 1043.83 0.3 0.0072 0.0078 0.0097 0
5 494.56 1043.87 0.4 0.148 0.2428 0.3587 0
12 504.02 1043.89 -0.8 0.632 0.6121 0.5605 0
5 514.3 1043.86 -0.7 0.1011 0.0029 0.0046 0
5 521.35 1043.86 -0.5 0.4591 0.4045 0.2801 0
7 529.31 1043.96 0.3 0.148 0.2428 0.3587 0
9 543.99 1043.86 0.5 0.0014 0.0023 0.0037 0
11 551.59 1043.89 -0.1 0.5924 0.5924 0.5795 0
8 559.89 1043.9 -0.7 0.0546 0.0915 0.0461 0
9 566.86 1043.99 0.6 0.001 0.001 0.0012 0
7 572.88 1043.92 0.8 0.2047 0.259 0.2801 0
7 581.1 1043.9 0.5 0.021 0.043 0.0231 0
3 579.67 1036.45 0.2 0.3297 0.4313 0.0697 1
6 454.89 1036.09 0.1 0.0014 0.0023 0.0037 0
5 463.07 1036.15 -1 0.1573 0.0066 0.0066 0
12 471.9 1036.02 0.8 0.68 0.68 0.6524 0
12 481.69 1036.03 -0.1 0.68 0.68 0.6524 0
6 490.27 1036.12 0 0.0017 0.0017 0.0023 0
7 496.22 1036.07 0.6 0.0892 0.0963 0.1062 0
4 503.83 1036.07 -0.7 0.6941 0.6941 0.6661 0
6 510.28 1036.11 0.2 0.0399 0.0546 0.0781 0
4 523.63 1036.19 0.9 0.021 0.043 0.0231 0
8 530.4 1036.02 0.7 0.0029 0.0033 0.0041 0
4 536.88 1036.11 0.4 0.1542 0.1636 0.1768 0
8 543.97 1036.07 -0.4 0.482 0.4936 0.5054 0
4 551.56 1036.03 -0.6 0.0017 0.0017 0.002 0
6 558.84 1036.06 0.7 0.0399 0.0546 0.0781 0
1 565.45 1036.12 -0.9 0.9158 0.4045 0 0
6 571.83 1036.16 -0.1 0.1542 0.1636 0.1768 0
12 601.85 1085.5 88.8 0.7012 0.687 0.6388 1
2 601.15 1079.69 89 0.9158 0.4045 0 1
4 600.72 1057.05 89.3 0.0242 0.0697 0.1975 0
1 600.72 1064.75 89.6 0.9158 0.4045 0 0
7 600.8 1070.66 89.6 0.482 0.4936 0.5054 0
4 600.79 1093.19 89 0.0242 0.0697 0.1975 0
5 600.73 1100.3 89.8 0.4591 0.4045 0.2801 0
2 -618.85 1177.32 91.2 0.9158 0.4045 0 1
5 -619.11 1137.04 89.9 0.6941 0.6941 0.6661 0
7 -619.21 1144.36 89.4 0.6941 0.6941 0.6661 0
6 -619.25 1150.38 89.4 0.0017 0.0017 0.0023 0
4 -619.13 1157.8 89.3 0.1542 0.1636 0.1768 0
4 -619.23 1166.13 89.2 0.148 0.2428 0.3587 0
12 -601.85 1147.79 -91.1 0.632 0.6121 0.5605 1
1 -601.15 1166.61 -91 0.9158 0.4045 0 1
7 -600.71 1181.48 -88.9 0.0041 0.0041 0.005 0
4 -600.84 1159.57 -89.8 0.0189 0.022 0.029 0
10 -600.75 1137.12 -89.8 0.0023 0.0037 0.0055 0
2 -8.85 1177.05 90.6 0.9158 0.4045 0 1
12 -9.1 1150.96 89.4 0.632 0.6121 0.5605 0
9 -9.14 1159.94 89.9 0.0014 0.0023 0.0037 0
12 8.15 1172.49 -89.8 0.68 0.68 0.6524 1
1 8.85 1142.81 -90.6 0.9158 0.4045 0 1
6 9.14 1184.24 -89.9 0.0892 0.0963 0.1062 0
4 9.26 1162.44 -89 0.1011 0.0029 0.0046 0
8 215.49 1116.07 180.5 0.2758 0.2932 0.3112 0
5 208.9 1116.12 181 0.7969 0.7742 0.7083 0
5 201.94 1116.13 179.8 0.0072 0.0189 0.0658 0
4 194.34 1116.13 179.2 0.0189 0.022 0.029 0
8 186.54 1116.14 180.1 0.0658 0.0385 0.021 0
12 178.45 1116.13 179.5 0.5924 0.5924 0.5795 0
5 168.69 1116.14 179.8 0.148 0.2428 0.3587 0
4 155.23 1116 179.2 0.2758 0.2932 0.3112 0
7 147.1 1116.12 180.8 0.482 0.4936 0.5054 0
7 139.16 1116.03 179.6 0.4591 0.4045 0.2801 0
8 131.76 1116.04 180.1 0.0399 0.0546 0.0781 0
11 123.98 1116.04 180 0.68 0.68 0.6524 0
6 116.22 1116.16 179.6 0.0029 0.0033 0.0041 0
1 108.85 1116.06 179.8 0.9158 0.4045 0 0
10 100.1 1116.05 180 0.0017 0.0017 0.002 0
8 92.28 1116.14 180.4 0.0399 0.0546 0.0781 0
4 85.07 1116.05 179.6 0.0546 0.0915 0.0461 0
7 77.98 1116.07 179 0.4591 0.4045 0.2801 0
4 71.71 1116.19 179.3 0.2047 0.259 0.2801 0
8 57.12 1116.15 180.4 0.482 0.4936 0.5054 0
1 50.06 1116.11 180.6 0.9158 0.4045 0 0
8 42.25 1116.02 180.5 0.1573 0.0066 0.0066 0
9 34 1116.02 180.2 0.0017 0.0017 0.0023 0
8 27.43 1116.11 178.9 0.0029 0.0033 0.0041 0
5 226.65 1123.81 179.9 0.0189 0.022 0.029 0
4 218.68 1123.9 179.7 0.0399 0.0546 0.0781 0
6 203.83 1123.95 179.4 0.148 0.2428 0.3587 0
7 196.51 1123.95 179.4 0.148 0.2428 0.3587 0
4 189.88 1123.99 180.6 0.0399 0.0546 0.0781 0
5 181.83 1123.87 179 0.0119 0.0385 0.1247 0
11 173.43 1123.99 179.7 0.632 0.6121 0.5605 0
1 166.12 1123.97 179.8 0.9158 0.4045 0 0
4 158.6 1123.97 179.2 0.4591 0.4045 0.2801 0
5 151.64 1123.88 179.3 0.0072 0.0189 0.0658 0
2 143.25 1123.88 179.7 0.9158 0.4045 0 0
5 126.71 1123.81 181 0.1542 0.1636 0.1768 0
8 110.49 1123.82 179.5 0.0119 0.0385 0.1247 0
5 103.6 1123.85 179.4 0.0017 0.0017 0.002 0
7 96.49 1123.9 179.4 0.1011 0.0029 0.0046 0
9 90.18 1123.81 179.4 0.0014 0.0023 0.0037 0
5 82.13 1123.89 180.3 0.0041 0.0041 0.005 0
1 75.79 1123.85 180.6 0.9158 0.4045 0 0
7 68.88 1123.85 179.1 0.1573 0.0066 0.0066 0
12 61.58 1123.95 179.9 0.632 0.6121 0.5605 0
9 51.01 1123.96 180.9 0.0017 0.0017 0.0023 0
7 44.13 1123.98 179.6 0.0189 0.022 0.029 0
6 36.73 1123.96 180.5 0.0546 0.06 0.0677 0
9 28.74 1123.94 180.8 0.0017 0.0017 0.0023 0
1 241.15 1178.18 91.2 0.9158 0.4045 0 1
5 240.9 1135.6 90.8 0.6941 0.6941 0.6661 0
6 240.77 1164.09 91.1 0.1011 0.0029 0.0046 0
12 240.78 1171.53 90.2 0.68 0.68 0.6524 0
6 259.11 1181.2 -89 0.4591 0.4045 0.2801 0
5 259.27 1174.31 -89.3 0.2047 0.259 0.2801 0
7 259.2 1167.81 -90.3 0.0546 0.0915 0.0461 0
4 259.17 1160.96 -90 0.148 0.2428 0.3587 0
8 259.28 1152.94 -89 0.0014 0.0023 0.0037 0
3 259.21 1144.98 -89 0.9158 0.4045 0 0
2 367.95 1116.45 178.9 0.9158 0.4045 0 1
7 405.79 1116.01 180.6 0.3345 0.2801 0.1801 0
8 356.06 1116.12 179.6 0.0546 0.0915 0.0461 0
4 349.9 1116.05 181 0.1011 0.0029 0.0046 0
6 343.38 1116.03 179.9 0.0189 0.022 0.029 0
6 335.87 1116.09 180.9 0.0658 0.0385 0.021 0
7 328.61 1116.16 179.6 0.0072 0.0189 0.0658 0
4 292.29 1116.14 179.7 0.3345 0.2801 0.1801 0
6 278.37 1116.04 180.3 0.0029 0.0033 0.0041 0
4 406.8 1123.81 180.8 0.0189 0.022 0.029 0
8 400.53 1123.82 180 0.0892 0.0963 0.1062 0
9 365.4 1123.81 179.7 0.0546 0.0915 0.0461 0
9 358.72 1123.96 179.1 0.0658 0.0385 0.021 0
10 349.59 1123.87 180.5 0.1011 0.0029 0.0046 0
4 342.95 1123.95 179.4 0.0546 0.0915 0.0461 0
4 327.16 1123.93 180.6 0.4045 0.4259 0.4479 0
10 306.22 1123.91 180.6 0.2758 0.2932 0.3112 0
6 289.82 1123.9 179.4 0.1542 0.1636 0.1768 0
1 282.9 1123.94 179.2 0.9158 0.4045 0 0
6 276.42 1123.84 181.1 0.0072 0.0189 0.0658 0
1 421.15 1174.1 88.9 0.9158 0.4045 0 1
4 420.75 1138.19 89.6 0.0892 0.0963 0.1062 0
5 420.84 1152.47 89.8 0.259 0.0097 0.0097 0
12 420.87 1160.3 90.1 0.68 0.68 0.6524 0
2 438.85 1162.9 -88.9 0.9158 0.4045 0 1
8 439.15 1183.99 -90 0.001 0.001 0.0012 0
7 439.28 1177.12 -90.6 0.148 0.2428 0.3587 0
6 439.16 1170.37 -89.3 0.0014 0.0023 0.0037 0
8 439.14 1155.81 -89.5 0.3392 0.3537 0.3736 0
8 439.13 1148.08 -91.1 0.021 0.043 0.0231 0
6 439.15 1140.13 -91 0.001 0.001 0.0012 0
5 584.96 1116.06 180 0.259 0.0097 0.0097 0
11 576.23 1116.18 180.3 0.68 0.68 0.6524 0
4 569.45 1116.02 180.6 0.3392 0.3537 0.3736 0
11 553.62 1116.12 180.9 0.632 0.6121 0.5605 0
5 545.02 1116.06 179.4 0.6941 0.6941 0.6661 0
9 537.22 1116.11 179.4 0.001 0.001 0.0012 0
4 529.02 1116.12 180.5 0.0658 0.0385 0.021 0
6 516.23 1116.12 180.4 0.0892 0.0963 0.1062 0
3 510.32 1116.01 180.7 0.9158 0.4045 0 0
5 503.45 1116.02 179.6 0.0189 0.022 0.029 0
6 497.46 1116.13 180.9 0.0072 0.0189 0.0658 0
9 490.84 1116.01 179.8 0.001 0.001 0.0012 0
5 483.83 1116.03 181 0.0072 0.0078 0.0097 0
4 477.72 1116.05 179.1 0.0546 0.0915 0.0461 0
12 470.39 1116.17 180 0.7012 0.687 0.6388 0
11 460.03 1116.1 180.4 0.7012 0.687 0.6388 0
1 572.8 1123.55 179.8 0.9158 0.4045 0 1
5 585.64 1123.84 179.3 0.3392 0.3537 0.3736 0
7 564.55 1123.91 180.2 0.148 0.2428 0.3587 0
4 550.03 1123.94 178.9 0.4045 0.4259 0.4479 0
5 542.38 1123.9 180.4 0.0546 0.0915 0.0461 0
6 534.69 1123.88 179.9 0.0014 0.0023 0.0037 0
9 527.9 1123.83 180.6 0.3345 0.2801 0.1801 0
6 521.03 1123.85 179.5 0.0892 0.0963 0.1062 0
4 505.81 1123.82 179.7 0.7667 0.7667 0.7445 0
4 492.96 1123.91 179.9 0.3345 0.2801 0.1801 0
12 484.98 1123.9 180.8 0.5924 0.5924 0.5795 0
4 475.35 1123.83 180.2 0.4045 0.4259 0.4479 0
2 469.23 1123.85 179 0.9158 0.4045 0 0
9 454.82 1123.92 180.8 0.001 0.001 0.0012 0
9 600.88 1134.39 90.1 0.0014 0.0023 0.0037 0
12 600.8 1142.43 89.9 0.68 0.68 0.6524 0
10 600.71 1153.85 89.7 0.0658 0.0385 0.021 0
4 600.89 1161.98 90 0.0892 0.0963 0.1062 0
4 600.82 1170.17 91 0.0072 0.0189 0.0658 0
8 600.84 1177.22 89.6 0.1011 0.0029 0.0046 0
3 -618.85 1227.44 91.1 0.9158 0.4045 0 1
9 -619.12 1215.26 89.5 0.001 0.001 0.0012 0
9 -619.13 1236.55 89.1 0.0029 0.0033 0.0041 0
6 -619.12 1258.76 90.7 0.001 0.001 0.0012 0
6 -9.21 1216.12 90.5 0.3345 0.2801 0.1801 0
6 -9.17 1222.97 90.4 0.0399 0.0546 0.0781 0
5 -9.2 1231.29 91.1 0.632 0.632 0.5989 0
7 -9.22 1238.77 90.5 0.6941 0.6941 0.6661 0
7 -9.14 1259.06 90.1 0.0072 0.0189 0.0658 0
5 9.3 1264.64 -90.8 0.0119 0.0385 0.1247 0
6 9.27 1250.47 -89.5 0.0189 0.022 0.029 0
6 9.28 1242.35 -90.1 0.0892 0.0963 0.1062 0
5 9.13 1234.5 -89.6 0.4045 0.4259 0.4479 0
7 9.2 1227.26 -89 0.0072 0.0189 0.0658 0
8 9.28 1220.45 -90.7 0.4591 0.4045 0.2801 0
7 21.91 1196.02 0 0.0399 0.0546 0.0781 0
4 28.58 1196 -0.3 0.6941 0.6941 0.6661 0
6 36.73 1196.19 -0.1 0.3345 0.2801 0.1801 0
5 44.56 1196.01 0.2 0.0023 0.0037 0.0055 0
4 65.02 1196.06 -0.4 0.0546 0.0915 0.0461 0
10 79.54 1196.09 -1 0.0546 0.0915 0.0461 0
4 92.69 1196.1 1.1 0.0023 0.0037 0.0055 0
7 99.91 1196.07 0 0.1011 0.0029 0.0046 0
6 106.23 1196.18 0.6 0.0546 0.0915 0.0461 0
7 113.26 1196.13 0.9 0.0041 0.0041 0.005 0
4 119.29 1196.1 -0.7 0.148 0.2428 0.3587 0
10 127.61 1196.17 0.8 0.0546 0.06 0.0677 0
7 136.39 1196.16 -0.4 0.2047 0.259 0.2801 0
4 143.38 1196.11 -1.1 0.6941 0.6941 0.6661 0
5 149.42 1196.14 1.1 0.0119 0.0385 0.1247 0
11 157.15 1196.07 1.1 0.632 0.6121 0.5605 0
4 164.56 1196.09 1.1 0.0119 0.0385 0.1247 0
4 171.99 1196.03 -0.2 0.0119 0.0385 0.1247 0
9 180.18 1196.2 1.1 0.0017 0.0017 0.0023 0
4 186.73 1196.1 -0.9 0.0399 0.0546 0.0781 0
9 194.04 1196.09 -1.1 0.0017 0.0017 0.0023 0
5 200.67 1196.03 0 0.0041 0.0041 0.005 0
4 207.65 1196.16 -0.6 0.0189 0.022 0.029 0
7 214.85 1196.14 0.4 0.7667 0.7667 0.7445 0
4 221.1 1196.05 0 0.259 0.0097 0.0097 0
4 240.76 1257.06 89 0.0023 0.0037 0.0055 0
1 258.85 1234.46 -90.8 0.9158 0.4045 0 1
5 259.2 1258.61 -89.5 0.0072 0.0078 0.0097 0
6 259.15 1252.27 -90.7 0.0658 0.0385 0.021 0
4 259.29 1245.79 -90.9 0.0189 0.022 0.029 0
5 274.04 1203.82 1.1 0.0399 0.0546 0.0781 0
5 280.25 1203.89 0 0.2047 0.259 0.2801 0
4 288.46 1203.96 0.8 0.0023 0.0037 0.0055 0
10 304.6 1203.98 0.7 0.7969 0.7742 0.7083 0
6 311.53 1203.9 -0.3 0.148 0.2428 0.3587 0
6 317.93 1203.92 1.1 0.0014 0.0023 0.0037 0
7 361.74 1203.85 -0.9 0.4591 0.4045 0.2801 0
9 367.87 1203.92 -0.9 0.0014 0.0023 0.0037 0
9 374.21 1203.84 0.1 0.0029 0.0033 0.0041 0
7 382.24 1203.84 -1 0.021 0.043 0.0231 0
4 396.14 1203.84 -0.8 0.0658 0.0385 0.021 0
9 404.03 1203.98 -0.3 0.0029 0.0033 0.0041 0
8 277.28 1196.18 1.1 0.001 0.001 0.0012 0
4 285.23 1196.1 -0.3 0.0399 0.0546 0.0781 0
9 291.43 1196.12 0.6 0.021 0.043 0.0231 0
7 298.98 1196.06 -0.6 0.0119 0.0385 0.1247 0
4 305.37 1196.1 -1.1 0.4591 0.4045 0.2801 0
10 313.46 1196.2 0.2 0.259 0.0097 0.0097 0
10 323.73 1196.15 0.2 0.0189 0.022 0.029 0
8 357.87 1196.03 -1 0.1573 0.0066 0.0066 0
9 365.35 1196.11 1 0.0029 0.0033 0.0041 0
5 372.95 1196.05 -0.2 0.4591 0.4045 0.2801 0
8 379.67 1196.03 0.5 0.0017 0.0017 0.0023 0
6 386.68 1196.18 -0.7 0.0242 0.0697 0.1975 0
1 392.71 1196.15 -1 0.9158 0.4045 0 0
7 400.53 1196.16 0 0.0023 0.0037 0.0055 0
13 438.8 1229.4 -89.6 0.7818 0.7818 0.7519 0
7 439.29 1263.14 -89.6 0.482 0.4936 0.5054 0
9 439.23 1242.78 -89.8 0.0014 0.0023 0.0037 0
12 571.56 1203.05 -0.4 0.68 0.68 0.6524 1
6 458.79 1203.96 -0.5 0.0546 0.0915 0.0461 0
3 464.73 1203.83 0 0.9158 0.4045 0 0
4 471.54 1203.89 -1 0.2758 0.2932 0.3112 0
9 485.19 1203.93 -0.2 0.3345 0.2801 0.1801 0
4 491.15 1203.83 0.8 0.1542 0.1636 0.1768 0
5 498.19 1203.91 0.1 0.1542 0.1636 0.1768 0
12 505.69 1203.84 -0.5 0.7012 0.687 0.6388 0
6 520.18 1203.92 0.4 0.4591 0.4045 0.2801 0
4 527.44 1203.81 -0.9 0.0242 0.0697 0.1975 0
4 535.35 1203.82 1 0.0546 0.06 0.0677 0
6 543.5 1203.8 -1 0.1542 0.1636 0.1768 0
5 550.54 1203.93 0.2 0.0072 0.0189 0.0658 0
2 563.29 1203.88 1 0.9158 0.4045 0 0
6 585.87 1203.93 -0.1 0.1573 0.0066 0.0066 0
6 449.99 1196.16 -0.1 0.001 0.001 0.0012 0
1 457.09 1196.06 1.1 0.9158 0.4045 0 0
9 464.21 1196.07 -0.8 0.0546 0.0915 0.0461 0
6 470.08 1196.01 0.6 0.001 0.001 0.0012 0
5 477.69 1196.02 0.6 0.259 0.0097 0.0097 0
8 484.9 1196.06 0.2 0.0017 0.0017 0.0023 0
4 491.67 1196.02 -0.7 0.3392 0.3537 0.3736 0
10 499.04 1196.15 0.9 0.259 0.0097 0.0097 0
4 506.1 1196.15 -1 0.6941 0.6941 0.6661 0
3 520.67 1196.1 0.8 0.9158 0.4045 0 0
9 527.83 1196.18 0.6 0.001 0.001 0.0012 0
6 534.81 1196.2 -0.5 0.0892 0.0963 0.1062 0
7 556.98 1196.03 0.3 0.2047 0.259 0.2801 0
11 564.92 1196.1 -0.8 0.7012 0.687 0.6388 0
8 580.91 1196.06 0.4 0.0546 0.0915 0.0461 0
12 601.85 1218.2 90.6 0.5924 0.5924 0.5795 1
1 601.15 1244.58 89.6 0.9158 0.4045 0 1
8 600.85 1233.31 89.7 0.0658 0.0385 0.021 0
1 -618.85 1339.65 90.3 0.9158 0.4045 0 1
10 -619.23 1309.74 90.1 0.0399 0.0546 0.0781 0
9 -619.23 1316.69 91 0.0029 0.0033 0.0041 0
7 -600.82 1335.26 -90.1 0.7667 0.7667 0.7445 0
3 -600.7 1328.79 -89.5 0.3297 0.4313 0.0697 0
6 -600.75 1321.24 -90.1 0.3345 0.2801 0.1801 0
5 -600.72 1315.22 -90.8 0.3345 0.2801 0.1801 0
4 -600.84 1308.97 -89.6 0.1542 0.1636 0.1768 0
2 8.85 1341.41 -90.7 0.9158 0.4045 0 1
13 8.8 1303.44 -90.8 0.7818 0.7818 0.7519 0
9 9.16 1334.52 -89.8 0.4591 0.4045 0.2801 0
8 9.2 1328.4 -91 0.482 0.4936 0.5054 0
4 9.12 1314.7 -88.9 0.0041 0.0041 0.005 0
1 222.68 1283.55 180.9 0.9158 0.4045 0 1
6 210.56 1283.97 179.8 0.001 0.001 0.0012 0
12 201.23 1283.81 180.6 0.7012 0.687 0.6388 0
1 190.39 1283.9 180.1 0.9158 0.4045 0 0
10 183.08 1283.91 180.3 0.7969 0.7742 0.7083 0
8 174.71 1283.84 181 0.001 0.001 0.0012 0
8 162.36 1283.87 181 0.0546 0.0915 0.0461 0
5 154.81 1283.86 180.9 0.0072 0.0189 0.0658 0
4 146.7 1283.98 179.6 0.0072 0.0189 0.0658 0
4 140.57 1283.94 180.2 0.0189 0.022 0.029 0
12 131.06 1283.9 179.2 0.68 0.68 0.6524 0
12 119.37 1283.98 180 0.632 0.6121 0.5605 0
2 110.14 1283.82 180.3 0.9158 0.4045 0 0
12 94.58 1283.89 180.8 0.7012 0.687 0.6388 0
6 85.17 1283.85 181.1 0.0029 0.0033 0.0041 0
8 78.87 1283.84 179.7 0.0029 0.0033 0.0041 0
4 71.24 1283.9 179.1 0.482 0.4936 0.5054 0
4 57.41 1283.84 180.1 0.0546 0.06 0.0677 0
11 49.23 1283.99 180.1 0.7012 0.687 0.6388 0
8 42.03 1283.81 180.3 0.0546 0.06 0.0677 0
1 36.18 1283.88 180.3 0.9158 0.4045 0 0
6 27.84 1283.95 180 0.1542 0.1636 0.1768 0
4 240.86 1294.01 89 0.0546 0.06 0.0677 0
12 240.71 1303.09 89.9 0.5924 0.5924 0.5795 0
9 240.75 1313.87 88.9 0.2047 0.259 0.2801 0
4 240.85 1329.58 91 0.0189 0.022 0.029 0
9 240.8 1337.35 90.8 0.0546 0.0915 0.0461 0
6 259.24 1316.12 -91.1 0.0119 0.0385 0.1247 0
1 364.14 1276.45 179 0.9158 0.4045 0 1
5 406.95 1276.05 180.9 0.0546 0.06 0.0677 0
4 400.16 1276.12 180 0.0041 0.0041 0.005 0
6 385.64 1276.07 179 0.021 0.043 0.0231 0
4 379.36 1276.15 179.3 0.6941 0.6941 0.6661 0
5 371.7 1276.14 180.3 0.7667 0.7667 0.7445 0
7 357.11 1276.12 180.2 0.0399 0.0546 0.0781 0
8 350.54 1276.15 180.8 0.0029 0.0033 0.0041 0
4 344.4 1276.05 180.2 0.6941 0.6941 0.6661 0
8 335.97 1276.18 180.2 0.0029 0.0033 0.0041 0
9 329.75 1276.16 179.9 0.3345 0.2801 0.1801 0
10 274.77 1276.06 179.3 0.0041 0.0041 0.005 0
12 355.99 1282.85 180.6 0.68 0.68 0.6524 1
3 334.34 1283.55 179.3 0.3297 0.4313 0.0697 1
6 407.15 1283.89 180.9 0.1011 0.0029 0.0046 0
8 400.95 1283.91 179.9 0.0658 0.0385 0.021 0
5 379.77 1283.99 181.1 0.1573 0.0066 0.0066 0
4 372.78 1283.85 179.1 0.1011 0.0029 0.0046 0
8 342.37 1283.93 180.4 0.001 0.001 0.0012 0
4 327.98 1283.83 179.4 0.0658 0.0385 0.021 0
2 319.88 1283.89 180.7 0.9158 0.4045 0 0
12 312.29 1283.86 180.5 0.632 0.6121 0.5605 0
8 420.77 1302.22 90.4 0.2047 0.259 0.2801 0
4 420.79 1317.56 88.9 0.7667 0.7667 0.7445 0
12 420.85 1333.34 91 0.68 0.68 0.6524 0
3 484.57 1276.45 178.7 0.9158 0.4045 0 1
6 589.88 1276.18 179.3 0.001 0.001 0.0012 0
11 582.21 1276.11 180.6 0.68 0.68 0.6524 0
7 573.5 1276.08 179.3 0.0119 0.0385 0.1247 0
5 566.68 1276.02 179.5 0.3392 0.3537 0.3736 0
5 546.34 1276 179.7 0.7667 0.7667 0.7445 0
10 537.04 1276.01 180 0.1542 0.1636 0.1768 0
8 522.01 1276.11 179 0.4591 0.4045 0.2801 0
10 513.98 1276.16 180.3 0.0546 0.06 0.0677 0
10 504.89 1276.12 179.2 0.0546 0.06 0.0677 0
9 496.93 1276.15 180.3 0.001 0.001 0.0012 0
5 490.71 1276.1 179.2 0.632 0.632 0.5989 0
10 476.78 1276.15 179.4 0.1573 0.0066 0.0066 0
9 470.06 1276.13 180.1 0.148 0.2428 0.3587 0
6 462.51 1276.1 180.6 0.0029 0.0033 0.0041 0
3 581.43 1283.82 179.7 0.9158 0.4045 0 0
4 574.63 1283.92 181 0.482 0.4936 0.5054 0
7 567.62 1283.92 180.6 0.482 0.4936 0.5054 0
9 560.77 1283.92 179.6 0.3345 0.2801 0.1801 0
4 554.34 1283.89 180.4 0.0072 0.0078 0.0097 0
8 547.92 1283.82 179.1 0.0017 0.0017 0.0023 0
11 538.94 1283.94 180.4 0.5924 0.5924 0.5795 0
6 531.91 1283.93 180.7 0.021 0.043 0.0231 0
5 525.42 1283.82 180 0.6941 0.6941 0.6661 0
12 517.22 1283.97 180.5 0.632 0.6121 0.5605 0
6 508.57 1283.84 181 0.001 0.001 0.0012 0
10 500.29 1283.9 179.7 0.0399 0.0546 0.0781 0
9 493.64 1283.95 180.8 0.0029 0.0033 0.0041 0
10 485.91 1283.95 179.9 0.0041 0.0041 0.005 0
8 478.41 1283.99 180.2 0.2758 0.2932 0.3112 0
4 470.08 1283.82 180.1 0.0658 0.0385 0.021 0
9 464.24 1283.9 180.1 0.0014 0.0023 0.0037 0
9 456.54 1283.97 178.9 0.0017 0.0017 0.0023 0
12 601.85 1331.07 89.9 0.7012 0.687 0.6388 1
1 601.15 1329.87 90.4 0.9158 0.4045 0 1
4 600.83 1296.39 89.1 0.6941 0.6941 0.6661 0
5 600.83 1302.88 91 0.259 0.0097 0.0097 0
1 600.75 1310.06 89.1 0.9158 0.4045 0 0
4 600.76 1316.54 90.4 0.0017 0.0017 0.002 0
3 600.88 1323.32 89.5 0.3297 0.4313 0.0697 0
9 600.83 1338.26 89.6 0.2047 0.259 0.2801 0
12 -601.85 1407.14 -90.1 0.68 0.68 0.6524 1
13 -601.2 1382.52 -91.3 0.7818 0.7818 0.7519 0
5 -600.75 1421.75 -90.5 0.482 0.4936 0.5054 0
10 -600.78 1414.02 -91.1 0.6941 0.6941 0.6661 0
7 -600.8 1393.02 -89.4 0.0892 0.0963 0.1062 0
7 -583.6 1363.96 -0.5 0.2047 0.259 0.2801 0
8 -576.51 1363.99 -0.4 0.4591 0.4045 0.2801 0
12 -560.01 1363.87 0.8 0.5924 0.5924 0.5795 0
4 -550.44 1363.84 -1 0.0017 0.0017 0.002 0
5 -542.28 1363.95 0.6 0.7667 0.7667 0.7445 0
4 -535.6 1363.99 0.9 0.3392 0.3537 0.3736 0
5 -528.44 1363.85 0.6 0.0546 0.0915 0.0461 0
8 -521 1363.99 -0.8 0.0546 0.06 0.0677 0
5 -513.92 1363.89 0.6 0.0072 0.0189 0.0658 0
5 -505.87 1363.99 -0.8 0.6941 0.6941 0.6661 0
10 -497.53 1363.92 -1.1 0.0017 0.0017 0.002 0
4 -489.8 1363.85 0.8 0.0041 0.0041 0.005 0
11 -472.5 1363.84 -0.5 0.68 0.68 0.6524 0
9 -463.67 1363.86 -0.8 0.0029 0.0033 0.0041 0
6 -455.44 1363.95 -0.1 0.3345 0.2801 0.1801 0
1 -481.31 1356.45 0.8 0.9158 0.4045 0 1
4 -589.33 1356.19 0.8 0.7969 0.7742 0.7083 0
4 -583.02 1356.11 -1.1 0.3345 0.2801 0.1801 0
6 -569.28 1356.12 0.8 0.0017 0.0017 0.0023 0
7 -561.13 1356.09 -0.3 0.0189 0.022 0.029 0
4 -553.07 1356.08 1.1 0.1011 0.0029 0.0046 0
7 -545.2 1356.14 0 0.259 0.0097 0.0097 0
2 -537.59 1356.16 0.3 0.9158 0.4045 0 0
6 -530.47 1356.08 0 0.001 0.001 0.0012 0
6 -522.67 1356.15 -1.1 0.0014 0.0023 0.0037 0
4 -515.58 1356.04 1.1 0.1011 0.0029 0.0046 0
9 -501.82 1356.14 0.8 0.001 0.001 0.0012 0
8 -495.85 1356.13 -0.3 0.0892 0.0963 0.1062 0
6 -475.18 1356.16 -1.1 0.4591 0.4045 0.2801 0
7 -468.77 1356.15 -0.8 0.2047 0.259 0.2801 0
5 -462.1 1356.17 -0.9 0.1011 0.0029 0.0046 0
4 -439.13 1381.81 89.6 0.1011 0.0029 0.0046 0
1 -439.27 1389.84 89.6 0.9158 0.4045 0 0
7 -439.25 1396.36 90.3 0.4591 0.4045 0.2801 0
6 -439.16 1410.5 89.6 0.0029 0.0033 0.0041 0
8 -420.77 1422.2 -89.9 0.3392 0.3537 0.3736 0
9 -420.87 1414.09 -89.9 0.001 0.001 0.0012 0
11 -420.71 1390.74 -90.6 0.5924 0.5924 0.5795 0
1 -420.77 1382.82 -89.2 0.9158 0.4045 0 0
12 -370.51 1363.05 -0.7 0.5924 0.5924 0.5795 1
5 -398.41 1363.94 -1 0.148 0.2428 0.3587 0
4 -390.27 1363.99 -0.9 0.3345 0.2801 0.1801 0
5 -383.19 1363.91 0.5 0.0658 0.0385 0.021 0
9 -362.95 1363.95 0.3 0.001 0.001 0.0012 0
9 -355.51 1363.87 -0.9 0.0029 0.0033 0.0041 0
5 -348.84 1363.96 -1 0.0242 0.0697 0.1975 0
9 -341.97 1363.89 -0.5 0.0014 0.0023 0.0037 0
6 -335.74 1363.9 0 0.3345 0.2801 0.1801 0
7 -327.77 1363.82 -0.5 0.3345 0.2801 0.1801 0
5 -319.85 1363.93 0.6 0.0242 0.0697 0.1975 0
3 -313.77 1363.97 0.8 0.9158 0.4045 0 0
5 -305.88 1363.82 0.1 0.0399 0.0546 0.0781 0
4 -291.4 1363.86 0.9 0.0072 0.0189 0.0658 0
7 -283.35 1363.96 0 0.1573 0.0066 0.0066 0
8 -276.88 1363.99 -0.3 0.001 0.001 0.0012 0
10 -399.2 1356.04 1 0.0546 0.0915 0.0461 0
7 -390.59 1356.14 0.6 0.0023 0.0037 0.0055 0
5 -383.67 1356.1 0.9 0.0072 0.0078 0.0097 0
11 -375.04 1356.16 -1 0.5924 0.5924 0.5795 0
8 -361.03 1356 1.1 0.1011 0.0029 0.0046 0
3 -347.16 1356.1 -0.4 0.3297 0.4313 0.0697 0
8 -341.24 1356.13 -0.3 0.259 0.0097 0.0097 0
5 -335.13 1356.16 0.2 0.0399 0.0546 0.0781 0
6 -329.01 1356.07 -1.1 0.0119 0.0385 0.1247 0
4 -322.55 1356.1 -0.6 0.148 0.2428 0.3587 0
4 -310.46 1356.05 0.1 0.0017 0.0017 0.002 0
5 -287.04 1356.07 0.2 0.0119 0.0385 0.1247 0
9 -278.75 1356.16 0.1 0.001 0.001 0.0012 0
8 -240.83 1421.35 -89 0.0399 0.0546 0.0781 0
6 -240.83 1414.47 -91 0.0546 0.06 0.0677 0
6 -240.78 1407.85 -89.1 0.0014 0.0023 0.0037 0
7 -240.9 1392.74 -90.3 0.0546 0.0915 0.0461 0
11 -240.87 1385.62 -89 0.632 0.6121 0.5605 0
4 -240.83 1377.09 -90.5 0.0189 0.022 0.029 0
3 -195.59 1356.45 -0.1 0.9158 0.4045 0 1
4 -218.28 1356.1 -0.6 0.0072 0.0189 0.0658 0
10 -209.26 1356.15 -0.8 0.4045 0.4259 0.4479 0
8 -201.37 1356.02 -1.1 0.0892 0.0963 0.1062 0
4 -185.32 1356.04 0.2 0.2047 0.259 0.2801 0
9 -177 1356.18 -0.5 0.2047 0.259 0.2801 0
4 -169.57 1356.05 0.1 0.6941 0.6941 0.6661 0
4 -162.47 1356.08 1 0.1542 0.1636 0.1768 0
5 -154.56 1356.14 0.3 0.259 0.0097 0.0097 0
6 -148.32 1356.18 0.7 0.259 0.0097 0.0097 0
6 -141.13 1356.01 0.5 0.259 0.0097 0.0097 0
5 -132.89 1356.08 1 0.632 0.632 0.5989 0
6 -126.37 1356.01 0.1 0.001 0.001 0.0012 0
7 -119.91 1356.05 0.4 0.7969 0.7742 0.7083 0
10 -110.43 1356.15 0.4 0.1542 0.1636 0.1768 0
4 -103.57 1356.03 1.1 0.2758 0.2932 0.3112 0
4 -95.77 1356.13 0.3 0.0119 0.0385 0.1247 0
6 -88.95 1356.01 0 0.001 0.001 0.0012 0
10 -74.28 1356.04 0.3 0.0658 0.0385 0.021 0
6 -53.07 1356.12 -0.2 0.4591 0.4045 0.2801 0
10 -44.39 1356.1 0.7 0.0399 0.0546 0.0781 0
10 -27.31 1356.16 0.5 0.0041 0.0041 0.005 0
6 -9.22 1384.62 91 0.0119 0.0385 0.1247 0
10 -9.19 1400.94 89.1 0.0119 0.0385 0.1247 0
8 -9.2 1408.73 90.3 0.0119 0.0385 0.1247 0
1 8.85 1405.62 -91.4 0.9158 0.4045 0 1
9 9.28 1421.98 -89.6 0.021 0.043 0.0231 0
7 9.27 1413.79 -89.1 0.148 0.2428 0.3587 0
7 9.11 1393.65 -90 0.0072 0.0078 0.0097 0
11 9.3 1377.32 -90.7 0.68 0.68 0.6524 0
9 27.88 1363.81 -1 0.0017 0.0017 0.0023 0
6 35.16 1363.93 0.9 0.0029 0.0033 0.0041 0
4 42.96 1363.91 0.6 0.0072 0.0189 0.0658 0
12 50.5 1363.93 -0.9 0.632 0.6121 0.5605 0
7 68.35 1363.96 -0.5 0.2047 0.259 0.2801 0
5 74.3 1363.92 -0.1 0.3392 0.3537 0.3736 0
11 83.24 1363.9 0.3 0.68 0.68 0.6524 0
11 93.46 1363.87 -0.7 0.632 0.6121 0.5605 0
9 101.63 1363.81 -0.7 0.0658 0.0385 0.021 0
1 109.38 1363.99 0.9 0.9158 0.4045 0 0
9 116.73 1363.95 -0.9 0.0017 0.0017 0.0023 0
11 124.41 1363.92 0.5 0.632 0.6121 0.5605 0
11 133.55 1363.9 0.9 0.68 0.68 0.6524 0
7 141.62 1363.98 -0.5 0.0399 0.0546 0.0781 0
7 147.87 1363.9 -0.6 0.148 0.2428 0.3587 0
7 155.45 1363.85 -0.3 0.0189 0.022 0.029 0
12 163.18 1363.89 -0.8 0.7012 0.687 0.6388 0
9 172.41 1363.83 0.9 0.0014 0.0023 0.0037 0
9 178.85 1363.99 -0.8 0.0017 0.0017 0.0023 0
7 186.69 1363.8 -0.9 0.1573 0.0066 0.0066 0
11 202.12 1363.96 -1 0.7012 0.687 0.6388 0
4 217.69 1363.86 -1.1 0.482 0.4936 0.5054 0
2 224.83 1363.83 -0.7 0.9158 0.4045 0 0
4 20.55 1356.03 -0.4 0.4045 0.4259 0.4479 0
7 28.9 1356.18 -0.4 0.021 0.043 0.0231 0
10 36.54 1356.1 -0.8 0.482 0.4936 0.5054 0
9 56.95 1356.08 1.1 0.0017 0.0017 0.0023 0
11 64.55 1356.07 1 0.5924 0.5924 0.5795 0
10 73.55 1356.12 0.5 0.1542 0.1636 0.1768 0
7 82.01 1356.16 0.4 0.0072 0.0189 0.0658 0
8 88.22 1356.02 1.1 0.0029 0.0033 0.0041 0
9 94.31 1356.01 0.4 0.4591 0.4045 0.2801 0
7 100.3 1356.14 0.7 0.259 0.0097 0.0097 0
8 107.73 1356.1 1.1 0.1542 0.1636 0.1768 0
4 114.74 1356.03 0.5 0.0546 0.06 0.0677 0
7 122.06 1356.19 -0.8 0.0023 0.0037 0.0055 0
7 142.13 1356.16 -0.3 0.0242 0.0697 0.1975 0
10 149.53 1356.05 -0.9 0.0892 0.0963 0.1062 0
2 164.62 1356.01 -0.6 0.9158 0.4045 0 0
4 171.37 1356.05 0.1 0.0072 0.0078 0.0097 0
7 177.8 1356.12 0 0.3392 0.3537 0.3736 0
4 184.72 1356.18 0.8 0.7667 0.7667 0.7445 0
9 191.16 1356.01 -0.1 0.3345 0.2801 0.1801 0
4 198.87 1356.03 0.2 0.0072 0.0078 0.0097 0
7 207.14 1356.19 -0.3 0.7667 0.7667 0.7445 0
4 215.17 1356.05 0.9 0.0072 0.0189 0.0658 0
8 259.14 1416.76 -89.4 0.259 0.0097 0.0097 0
1 259.12 1408.57 -90.6 0.9158 0.4045 0 0
5 259.15 1400.8 -91.1 0.0017 0.0017 0.002 0
4 259.17 1393.09 -89 0.2758 0.2932 0.3112 0
7 259.28 1385.54 -89.2 0.0023 0.0037 0.0055 0
4 259.18 1377.95 -90.9 0.482 0.4936 0.5054 0
12 289.35 1363.05 -0.3 0.68 0.68 0.6524 1
2 400.71 1363.55 -1 0.9158 0.4045 0 1
5 274.81 1363.94 1 0.0546 0.06 0.0677 0
6 310.2 1363.92 -1 0.0546 0.06 0.0677 0
4 316.85 1363.89 0.8 0.148 0.2428 0.3587 0
5 324.77 1363.98 -0.6 0.0041 0.0041 0.005 0
6 332.39 1363.88 0.7 0.001 0.001 0.0012 0
3 347.11 1363.81 -0.8 0.9158 0.4045 0 0
7 354.57 1363.89 0.4 0.4045 0.4259 0.4479 0
6 368.22 1363.88 0.9 0.001 0.001 0.0012 0
12 382.48 1363.9 0.4 0.5924 0.5924 0.5795 0
4 392.06 1363.84 0.4 0.4591 0.4045 0.2801 0
12 335.67 1357.15 -1.4 0.7012 0.687 0.6388 1
1 348.9 1356.45 -0.3 0.9158 0.4045 0 1
11 274.25 1356.11 -1 0.7012 0.687 0.6388 0
9 281.23 1356.04 0.1 0.001 0.001 0.0012 0
10 290.7 1356.14 -0.3 0.0041 0.0041 0.005 0
6 297.98 1356.16 -1.1 0.021 0.043 0.0231 0
4 306.13 1356.13 0 0.0892 0.0963 0.1062 0
4 322.94 1356.07 0.9 0.148 0.2428 0.3587 0
4 343.1 1356.17 0.8 0.0017 0.0017 0.002 0
4 364.59 1356.02 1.1 0.259 0.0097 0.0097 0
9 370.68 1356.2 0.2 0.0029 0.0033 0.0041 0
9 378.21 1356.17 0.6 0.0017 0.0017 0.0023 0
5 384.32 1356.09 -0.9 0.4591 0.4045 0.2801 0
8 390.77 1356.01 -0.2 0.001 0.001 0.0012 0
4 398.76 1356.02 -0.9 0.3392 0.3537 0.3736 0
10 408.06 1356.08 -0.8 0.0658 0.0385 0.021 0
1 421.15 1402.2 91 0.9158 0.4045 0 1
6 420.83 1375.33 89.5 0.021 0.043 0.0231 0
6 420.85 1420.79 90.3 0.0014 0.0023 0.0037 0
2 438.85 1398.84 -89.4 0.9158 0.4045 0 1
5 439.17 1425.14 -89.6 0.7969 0.7742 0.7083 0
6 439.11 1417.77 -89.5 0.001 0.001 0.0012 0
7 439.16 1411.42 -89.5 0.0017 0.0017 0.002 0
7 439.11 1389.55 -90.7 0.4591 0.4045 0.2801 0
4 439.22 1383.58 -89.7 0.0189 0.022 0.029 0
9 451.13 1363.99 -1.1 0.0399 0.0546 0.0781 0
9 457.66 1363.81 0.8 0.001 0.001 0.0012 0
6 464.26 1363.82 0.2 0.001 0.001 0.0012 0
9 471.17 1363.95 0.8 0.0014 0.0023 0.0037 0
7 479.5 1363.9 0.4 0.4591 0.4045 0.2801 0
4 485.46 1363.94 -0.5 0.259 0.0097 0.0097 0
5 492.08 1363.92 0.3 0.0041 0.0041 0.005 0
7 498.06 1363.97 -0.6 0.3345 0.2801 0.1801 0
6 511.96 1363.87 -0.8 0.0017 0.0017 0.0023 0
6 518.71 1363.96 0.9 0.0189 0.022 0.029 0
2 524.64 1363.81 -0.6 0.9158 0.4045 0 0
0 531.34 1363.85 -0.9 0.9158 0.4045 0 0
7 546.27 1363.95 -0.1 0.0658 0.0385 0.021 0
8 554.45 1363.81 -1 0.0546 0.06 0.0677 0
9 560.82 1363.96 0.6 0.4591 0.4045 0.2801 0
7 568.78 1363.84 0.2 0.0546 0.06 0.0677 0
9 575.96 1363.82 0 0.3345 0.2801 0.1801 0
4 583.07 1363.82 1.1 0.0546 0.06 0.0677 0
12 503.43 1357.15 -0.3 0.7012 0.687 0.6388 1
7 460.29 1356.13 -0.5 0.4045 0.4259 0.4479 0
4 476.43 1356.13 0.9 0.0041 0.0041 0.005 0
7 483.21 1356.07 -0.3 0.0546 0.0915 0.0461 0
7 490.58 1356 -0.1 0.4045 0.4259 0.4479 0
6 511.74 1356.05 -1 0.2047 0.259 0.2801 0
6 518.47 1356.09 0.3 0.001 0.001 0.0012 0
9 525.91 1356.18 0.2 0.0029 0.0033 0.0041 0
12 534.81 1356.08 0.7 0.68 0.68 0.6524 0
12 546.41 1356.1 -1.1 0.5924 0.5924 0.5795 0
8 562.02 1356.19 1 0.0029 0.0033 0.0041 0
9 569.91 1356.16 0.1 0.148 0.2428 0.3587 0
6 577.81 1356.2 0.4 0.1542 0.1636 0.1768 0
6 585.61 1356.08 0.7 0.0017 0.0017 0.0023 0
3 601.15 1417.95 88.9 0.3297 0.4313 0.0697 1
12 -618.15 1475.28 88.9 0.632 0.6121 0.5605 1
6 -619.17 1456.91 89 0.0017 0.0017 0.0023 0
12 -619.16 1485.91 90.3 0.5924 0.5924 0.5795 0
6 -600.74 1503.15 -89.1 0.001 0.001 0.0012 0
4 -600.81 1494.93 -90.6 0.0189 0.022 0.029 0
10 -600.8 1479.19 -90.1 0.1011 0.0029 0.0046 0
10 -600.88 1471.42 -88.9 0.2047 0.259 0.2801 0
9 -600.73 1463.47 -91 0.0014 0.0023 0.0037 0
12 -489.31 1436.95 178.7 0.7012 0.687 0.6388 1
8 -450.27 1436.17 180.3 0.0658 0.0385 0.021 0
7 -458.55 1436.04 179.5 0.0892 0.0963 0.1062 0
8 -472.54 1436.15 180.5 0.0546 0.0915 0.0461 0
5 -509.16 1436.09 178.9 0.2047 0.259 0.2801 0
6 -516.3 1436.14 180.8 0.0017 0.0017 0.0023 0
5 -523.51 1436.11 180.5 0.482 0.4936 0.5054 0
11 -547.24 1436.01 179.3 0.7012 0.687 0.6388 0
4 -556.16 1436 180.3 0.0546 0.0915 0.0461 0
9 -571.89 1436.11 180.9 0.001 0.001 0.0012 0
6 -578.21 1436.02 179.7 0.021 0.043 0.0231 0
7 -584.55 1436.16 180.6 0.0023 0.0037 0.0055 0
3 -462.09 1443.55 180.6 0.9158 0.4045 0 1
7 -451.29 1443.91 180.7 0.148 0.2428 0.3587 0
5 -470.47 1443.83 180.4 0.0658 0.0385 0.021 0
5 -477.3 1443.85 180.9 0.0189 0.022 0.029 0
5 -483.38 1443.94 179.4 0.0546 0.0915 0.0461 0
5 -489.43 1443.87 180.7 0.3345 0.2801 0.1801 0
12 -497.91 1443.93 178.9 0.5924 0.5924 0.5795 0
11 -507.88 1443.93 180.2 0.632 0.6121 0.5605 0
0 -516.58 1443.82 180 0.9158 0.4045 0 0
8 -523.4 1443.92 179.5 0.1542 0.1636 0.1768 0
6 -529.69 1443.9 179.6 0.0014 0.0023 0.0037 0
5 -537.81 1443.93 180 0.0546 0.06 0.0677 0
9 -544.02 1443.92 179.1 0.0029 0.0033 0.0041 0
5 -551.67 1443.9 180.1 0.1011 0.0029 0.0046 0
8 -558.71 1443.81 180.6 0.0546 0.0915 0.0461 0
7 -564.87 1443.92 180.2 0.0892 0.0963 0.1062 0
9 -579.54 1443.83 179.2 0.148 0.2428 0.3587 0
2 -438.85 1486.8 90.9 0.9158 0.4045 0 1
5 -439.21 1458.31 90.4 0.0399 0.0546 0.0781 0
9 -439.13 1465.14 89.2 0.0658 0.0385 0.021 0
9 -439.29 1477.33 89.2 0.0017 0.0017 0.0023 0
12 -421.85 1480.87 -89.3 0.7012 0.687 0.6388 1
7 -420.74 1505 -89.8 0.259 0.0097 0.0097 0
5 -420.89 1497.04 -90.1 0.1573 0.0066 0.0066 0
7 -420.85 1488.87 -91.1 0.1573 0.0066 0.0066 0
9 -420.72 1468.7 -90.1 0.0029 0.0033 0.0041 0
4 -420.87 1461.01 -89 0.0023 0.0037 0.0055 0
9 -274.42 1436.08 179.2 0.3345 0.2801 0.1801 0
8 -281.62 1436.16 180.7 0.1011 0.0029 0.0046 0
11 -289.61 1436.12 180.7 0.7012 0.687 0.6388 0
8 -304.91 1436.03 180.3 0.0029 0.0033 0.0041 0
9 -319.04 1436.08 178.9 0.0014 0.0023 0.0037 0
7 -325.66 1436.03 180 0.3392 0.3537 0.3736 0
9 -332.01 1436.14 180.3 0.0029 0.0033 0.0041 0
10 -341.54 1436.13 178.9 0.0189 0.022 0.029 0
4 -349.38 1436.19 179.4 0.3392 0.3537 0.3736 0
9 -356.71 1436.03 179.3 0.2047 0.259 0.2801 0
6 -369.23 1436.04 179.7 0.0892 0.0963 0.1062 0
8 -383.57 1436.05 178.9 0.0029 0.0033 0.0041 0
1 -390.59 1436.07 180 0.9158 0.4045 0 0
12 -398.58 1436.13 179.7 0.5924 0.5924 0.5795 0
12 -383.3 1442.85 179.3 0.5924 0.5924 0.5795 1
4 -270.7 1443.92 179.8 0.1573 0.0066 0.0066 0
0 -278.36 1443.82 180.1 0.9158 0.4045 0 0
7 -284.51 1443.9 180 0.0072 0.0189 0.0658 0
4 -292.14 1443.99 179.7 0.7969 0.7742 0.7083 0
4 -300.39 1443.81 179.8 0.148 0.2428 0.3587 0
4 -306.5 1443.81 179.3 0.0072 0.0189 0.0658 0
11 -313.96 1443.96 180.8 0.5924 0.5924 0.5795 0
4 -322.76 1443.95 180.8 0.3345 0.2801 0.1801 0
4 -328.64 1443.92 179.1 0.7969 0.7742 0.7083 0
8 -335.64 1443.93 179 0.4591 0.4045 0.2801 0
6 -342.78 1443.97 179.3 0.0189 0.022 0.029 0
10 -351.69 1443.94 180.1 0.259 0.0097 0.0097 0
4 -359.35 1443.96 180.6 0.0189 0.022 0.029 0
9 -366.12 1443.94 180.6 0.4591 0.4045 0.2801 0
12 -374.16 1443.91 180.5 0.632 0.6121 0.5605 0
6 -396.83 1443.87 180.3 0.1011 0.0029 0.0046 0
12 -241.85 1501.47 -88.7 0.68 0.68 0.6524 1
13 -241.2 1464.5 -88.9 0.7818 0.7818 0.7519 0
8 -240.77 1491.93 -89.1 0.1011 0.0029 0.0046 0
7 -240.87 1476.74 -90.9 0.021 0.043 0.0231 0
12 -79.02 1436.95 180.5 0.7012 0.687 0.6388 1
4 -24.88 1436.03 180.8 0.0546 0.0915 0.0461 0
6 -40.09 1436.17 181 0.2047 0.259 0.2801 0
4 -48.36 1436.19 180.4 0.0189 0.022 0.029 0
7 -55.83 1436.07 179.4 0.0023 0.0037 0.0055 0
9 -62.84 1436.04 181.1 0.2047 0.259 0.2801 0
8 -69.96 1436.14 180.8 0.0029 0.0033 0.0041 0
9 -97.81 1436.05 180.8 0.148 0.2428 0.3587 0
6 -104.01 1436.1 180.8 0.3345 0.2801 0.1801 0
7 -110.77 1436.03 179.9 0.2047 0.259 0.2801 0
6 -125.66 1436.03 179.7 0.4591 0.4045 0.2801 0
7 -132.77 1436.12 180.3 0.0017 0.0017 0.002 0
4 -141.03 1436.17 180.1 0.0892 0.0963 0.1062 0
7 -148.07 1436.01 179.1 0.0041 0.0041 0.005 0
4 -161.86 1436.13 181.1 0.1011 0.0029 0.0046 0
3 -169.43 1436.08 179.9 0.9158 0.4045 0 0
8 -189.28 1436.02 180.6 0.1542 0.1636 0.1768 0
8 -196.41 1436.13 181.1 0.1011 0.0029 0.0046 0
4 -210.54 1436.13 179.7 0.0017 0.0017 0.002 0
9 -218.54 1436.01 181 0.0029 0.0033 0.0041 0
4 -225.47 1436.13 181 0.1542 0.1636 0.1768 0
8 -34.17 1443.94 179.7 0.0119 0.0385 0.1247 0
6 -53.64 1443.98 180.6 0.0242 0.0697 0.1975 0
8 -60.73 1443.9 181.1 0.0014 0.0023 0.0037 0
10 -69.5 1443.91 180 0.2047 0.259 0.2801 0
6 -77.89 1443.84 180.3 0.4591 0.4045 0.2801 0
4 -84.85 1443.91 179.3 0.0023 0.0037 0.0055 0
6 -90.93 1443.96 179.9 0.0892 0.0963 0.1062 0
4 -98.36 1443.94 179.4 0.0189 0.022 0.029 0
4 -105.42 1443.83 179.2 0.3345 0.2801 0.1801 0
5 -118.02 1443.98 178.9 0.0023 0.0037 0.0055 0
6 -140.08 1443.9 180.5 0.0658 0.0385 0.021 0
9 -147.14 1443.95 179.2 0.0017 0.0017 0.0023 0
4 -155.12 1443.93 180.5 0.0546 0.06 0.0677 0
9 -163.32 1443.87 180.1 0.0017 0.0017 0.0023 0
2 -170.22 1443.99 179 0.9158 0.4045 0 0
4 -177.45 1443.84 180.6 0.0546 0.0915 0.0461 0
9 -183.62 1443.96 179.7 0.2047 0.259 0.2801 0
11 -206.03 1443.98 179.2 0.68 0.68 0.6524 0
1 -213.15 1443.89 178.9 0.9158 0.4045 0 0
2 -9.16 1502.15 89.8 0.9158 0.4045 0 0
2 8.85 1493.08 -89.3 0.9158 0.4045 0 1
6 9.28 1466.96 -91 0.001 0.001 0.0012 0
6 9.17 1460.34 -90.8 0.4591 0.4045 0.2801 0
12 65.26 1436.95 179 0.5924 0.5924 0.5795 1
5 210.59 1436.04 180.6 0.6941 0.6941 0.6661 0
4 204.26 1436.12 179.4 0.0546 0.06 0.0677 0
4 198.21 1436.08 180.9 0.3392 0.3537 0.3736 0
10 190.47 1436.02 180.7 0.7969 0.7742 0.7083 0
10 180.48 1436.19 179.9 0.0017 0.0017 0.002 0
8 172.59 1436.13 178.9 0.3392 0.3537 0.3736 0
12 164.66 1436.03 180 0.5924 0.5924 0.5795 0
8 154.08 1436.19 179.3 0.0119 0.0385 0.1247 0
4 145.95 1436.16 178.9 0.0189 0.022 0.029 0
4 138.26 1436.11 179.1 0.259 0.0097 0.0097 0
4 130.07 1436.07 179.6 0.0546 0.06 0.0677 0
9 108.11 1436.15 181 0.2047 0.259 0.2801 0
9 100.38 1436.14 180.6 0.0017 0.0017 0.0023 0
3 94.2 1436.11 181 0.3297 0.4313 0.0697 0
11 85.06 1436.11 178.9 0.5924 0.5924 0.5795 0
1 78.38 1436.01 180.7 0.9158 0.4045 0 0
11 56.32 1436.18 181 0.7012 0.687 0.6388 0
4 49.53 1436.02 179.6 0.7969 0.7742 0.7083 0
6 43.21 1436.02 180.4 0.0546 0.06 0.0677 0
8 36.46 1436.12 179.1 0.0014 0.0023 0.0037 0
8 28.6 1436.14 181.1 0.001 0.001 0.0012 0
12 185.27 1442.85 178.6 0.5924 0.5924 0.5795 1
9 205.65 1443.89 180 0.2047 0.259 0.2801 0
5 197.92 1443.86 180.9 0.3392 0.3537 0.3736 0
9 177.61 1443.85 180.9 0.0014 0.0023 0.0037 0
10 170.16 1443.98 179.7 0.1573 0.0066 0.0066 0
8 156.81 1444 180.4 0.1542 0.1636 0.1768 0
4 149.78 1443.86 180.1 0.7667 0.7667 0.7445 0
4 141.79 1443.91 180.9 0.0546 0.06 0.0677 0
7 135.4 1443.94 180.6 0.2758 0.2932 0.3112 0
7 129.31 1443.83 178.9 0.0242 0.0697 0.1975 0
7 122.29 1443.99 179.9 0.3345 0.2801 0.1801 0
5 114.05 1443.82 180 0.2758 0.2932 0.3112 0
4 100.22 1443.87 180.2 0.7667 0.7667 0.7445 0
9 93.23 1443.94 180.2 0.0189 0.022 0.029 0
3 85.78 1443.92 180.6 0.3297 0.4313 0.0697 0
7 78.46 1443.89 180.3 0.7969 0.7742 0.7083 0
8 71.98 1443.84 179.6 0.0017 0.0017 0.0023 0
10 62.64 1443.92 180.4 0.2047 0.259 0.2801 0
10 44.43 1443.97 179 0.1573 0.0066 0.0066 0
8 37.66 1443.9 180.6 0.4591 0.4045 0.2801 0
6 29.47 1443.94 179.6 0.0014 0.0023 0.0037 0
3 241.15 1453.37 88.9 0.3297 0.4313 0.0697 1
12 279.06 1436.95 179.8 0.7012 0.687 0.6388 1
1 287.77 1436.45 181.1 0.9158 0.4045 0 1
6 407.08 1436.13 179.8 0.1011 0.0029 0.0046 0
12 398.38 1436.16 180.7 0.632 0.6121 0.5605 0
2 387.8 1436.19 180.6 0.9158 0.4045 0 0
7 379.77 1436.2 180.6 0.259 0.0097 0.0097 0
8 371.62 1436.02 180.6 0.0029 0.0033 0.0041 0
4 363.84 1436.08 179.1 0.0892 0.0963 0.1062 0
6 357.32 1436.09 180.5 0.1011 0.0029 0.0046 0
5 343.09 1436.01 179.1 0.6941 0.6941 0.6661 0
4 337.24 1436.12 179.7 0.4591 0.4045 0.2801 0
4 329.8 1436.01 181.1 0.6941 0.6941 0.6661 0
2 322.28 1436.13 180.7 0.9158 0.4045 0 0
11 313.69 1436.05 180.4 0.632 0.6121 0.5605 0
7 307.11 1436.13 180.1 0.0546 0.06 0.0677 0
5 301.02 1436.16 179.6 0.021 0.043 0.0231 0
3 385.76 1443.55 180.9 0.9158 0.4045 0 1
12 398.42 1443.87 179.2 0.68 0.68 0.6524 0
4 368.8 1443.86 180.1 0.4045 0.4259 0.4479 0
9 361.61 1443.99 181.1 0.4591 0.4045 0.2801 0
4 353.74 1443.94 180.5 0.6941 0.6941 0.6661 0
1 346.74 1443.93 180.1 0.9158 0.4045 0 0
9 333.29 1443.9 180.7 0.001 0.001 0.0012 0
4 325.34 1443.92 179.9 0.0189 0.022 0.029 0
6 319.17 1443.87 179.6 0.001 0.001 0.0012 0
5 313.14 1443.99 179.6 0.0119 0.0385 0.1247 0
4 307.05 1443.82 180.8 0.0658 0.0385 0.021 0
8 298.89 1443.87 179.8 0.3345 0.2801 0.1801 0
8 292.17 1443.95 180.9 0.0119 0.0385 0.1247 0
8 284.61 1443.89 179.4 0.0546 0.06 0.0677 0
9 277.98 1443.92 179.2 0.0014 0.0023 0.0037 0
13 421.2 1493.01 88.7 0.7818 0.7818 0.7519 0
7 420.81 1457.21 89.9 0.1542 0.1636 0.1768 0
4 420.82 1464.87 89.5 0.0017 0.0017 0.002 0
8 439.29 1504.79 -89 0.0546 0.0915 0.0461 0
4 439.23 1497.56 -90.2 0.0242 0.0697 0.1975 0
8 439.17 1459.39 -89.9 0.259 0.0097 0.0097 0
3 563.96 1436.45 179.9 0.3297 0.4313 0.0697 1
9 589.34 1436.12 179.3 0.001 0.001 0.0012 0
9 581.49 1436.2 179.9 0.0017 0.0017 0.0023 0
4 575.37 1436.2 179 0.0072 0.0078 0.0097 0
4 547.7 1436.18 179.9 0.0072 0.0078 0.0097 0
4 541.21 1436.07 180.9 0.632 0.632 0.5989 0
0 527.01 1436.1 178.9 0.9158 0.4045 0 0
8 520.22 1436.04 180.4 0.0014 0.0023 0.0037 0
4 512.62 1436.03 181 0.148 0.2428 0.3587 0
5 505.85 1436.07 179.1 0.0017 0.0017 0.002 0
5 498.12 1436.19 179.4 0.3392 0.3537 0.3736 0
6 489.88 1436.09 181 0.0399 0.0546 0.0781 0
4 482.53 1436.08 179.6 0.482 0.4936 0.5054 0
4 474.88 1436.13 180.1 0.0017 0.0017 0.002 0
6 468.47 1436 180.4 0.4591 0.4045 0.2801 0
4 461.91 1436.03 179.2 0.2758 0.2932 0.3112 0
6 453.65 1436.07 179.5 0.4591 0.4045 0.2801 0
4 600.72 1471.1 89.8 0.3345 0.2801 0.1801 0
7 600.72 1478.2 90.4 0.2758 0.2932 0.3112 0
6 600.73 1485.31 89.4 0.2047 0.259 0.2801 0
9 600.88 1491.31 89.2 0.0029 0.0033 0.0041 0
8 600.77 1498.86 91.1 0.148 0.2428 0.3587 0
5 -600.76 1585.76 -90.5 0.0399 0.0546 0.0781 0
8 -600.88 1572.45 -89.4 0.3392 0.3537 0.3736 0
6 -600.77 1565.87 -89.6 0.0017 0.0017 0.0023 0
9 -600.83 1559.7 -89.7 0.001 0.001 0.0012 0
2 -600.89 1551.79 -89.8 0.9158 0.4045 0 0
3 -600.73 1543.62 -90.2 0.9158 0.4045 0 0
1 -531.87 1516.45 -0.2 0.9158 0.4045 0 1
4 -586.43 1516.15 0.8 0.148 0.2428 0.3587 0
7 -579.44 1516.05 -0.8 0.0119 0.0385 0.1247 0
6 -563.94 1516.13 1 0.0014 0.0023 0.0037 0
7 -556.92 1516.06 0.5 0.1573 0.0066 0.0066 0
4 -549.2 1516.08 1 0.6941 0.6941 0.6661 0
4 -541.2 1516.16 -0.3 0.0023 0.0037 0.0055 0
9 -522.33 1516.09 0.7 0.001 0.001 0.0012 0
8 -514.56 1516.16 -0.9 0.0017 0.0017 0.0023 0
9 -507.5 1516.05 0.8 0.148 0.2428 0.3587 0
0 -493.45 1516.18 -0.4 0.9158 0.4045 0 0
6 -486.76 1516 -0.9 0.0014 0.0023 0.0037 0
9 -480.3 1516.13 -0.6 0.0546 0.0915 0.0461 0
5 -464.41 1516.03 -0.4 0.2047 0.259 0.2801 0
9 -457.95 1516.12 -0.1 0.0014 0.0023 0.0037 0
1 -438.85 1581.11 91.2 0.9158 0.4045 0 1
6 -439.18 1538.03 89.2 0.001 0.001 0.0012 0
6 -439.15 1546.25 89.2 0.0017 0.0017 0.0023 0
11 -439.11 1554.92 90.8 0.632 0.6121 0.5605 0
7 -439.16 1562.61 89.5 0.4591 0.4045 0.2801 0
4 -439.26 1570.3 90.4 0.3345 0.2801 0.1801 0
5 -420.81 1582.69 -91 0.2758 0.2932 0.3112 0
4 -420.73 1569.17 -91.1 0.2758 0.2932 0.3112 0
9 -420.71 1563.05 -90.4 0.0658 0.0385 0.021 0
8 -420.82 1549.69 -89.8 0.001 0.001 0.0012 0
12 -310.7 1517.15 -1.4 0.68 0.68 0.6524 1
1 -342.5 1516.45 -1.4 0.9158 0.4045 0 1
6 -405.27 1516.03 0.2 0.0658 0.0385 0.021 0
5 -399.15 1516.19 0.5 0.148 0.2428 0.3587 0
5 -392.39 1516.03 -0.5 0.6941 0.6941 0.6661 0
9 -385.79 1516.02 -0.6 0.001 0.001 0.0012 0
4 -378.39 1516.04 1.1 0.1011 0.0029 0.0046 0
9 -372.47 1516.03 1.1 0.0658 0.0385 0.021 0
6 -365.87 1516.11 -0.5 0.4591 0.4045 0.2801 0
4 -358.53 1516.03 -0.4 0.259 0.0097 0.0097 0
9 -351.09 1516.11 -0.6 0.021 0.043 0.0231 0
6 -329.1 1516.06 -0.2 0.0014 0.0023 0.0037 0
6 -321.44 1516.07 0.7 0.0072 0.0189 0.0658 0
8 -300.88 1516.11 -0.1 0.0658 0.0385 0.021 0
10 -292.64 1516.05 -0.8 0.6941 0.6941 0.6661 0
0 -285.89 1516.05 -0.5 0.9158 0.4045 0 0
9 -278.68 1516.03 -0.9 0.0017 0.0017 0.0023 0
1 -241.15 1561.98 -91.3 0.9158 0.4045 0 1
7 -240.87 1580.08 -91.1 0.4591 0.4045 0.2801 0
6 -240.74 1571.96 -90 0.0189 0.022 0.029 0
8 -240.86 1549.27 -89.8 0.148 0.2428 0.3587 0
8 -240.77 1541.77 -89.2 0.0072 0.0189 0.0658 0
1 -216.02 1523.55 0.7 0.9158 0.4045 0 1
6 -226.52 1523.93 -0.3 0.021 0.043 0.0231 0
4 -205.46 1523.9 0.3 0.1011 0.0029 0.0046 0
10 -196.4 1523.91 0.7 0.632 0.632 0.5989 0
3 -187.57 1523.93 0.5 0.9158 0.4045 0 0
12 -179.27 1523.91 -1 0.7012 0.687 0.6388 0
10 -169.36 1523.81 0.4 0.0119 0.0385 0.1247 0
4 -162.14 1523.97 1 0.021 0.043 0.0231 0
0 -154.11 1523.88 0.3 0.9158 0.4045 0 0
6 -147.74 1523.82 0.7 0.148 0.2428 0.3587 0
5 -140.16 1523.99 0.6 0.0072 0.0078 0.0097 0
2 -132 1523.98 -0.1 0.9158 0.4045 0 0
5 -124.4 1523.97 0 0.3345 0.2801 0.1801 0
7 -117.42 1523.87 -0.9 0.0658 0.0385 0.021 0
7 -109.25 1523.98 0.4 0.7969 0.7742 0.7083 0
5 -101.7 1523.9 0.2 0.0399 0.0546 0.0781 0
5 -88.08 1523.84 0.7 0.259 0.0097 0.0097 0
4 -73.22 1523.9 -0.8 0.2758 0.2932 0.3112 0
4 -65.36 1523.97 0.2 0.482 0.4936 0.5054 0
6 -35.4 1523.83 0.5 0.0242 0.0697 0.1975 0
8 -29.25 1523.81 0.9 0.0014 0.0023 0.0037 0
8 -227.72 1516.19 -0.2 0.0119 0.0385 0.1247 0
4 -220.22 1516.1 0.7 0.632 0.632 0.5989 0
4 -213.87 1516.06 -0.1 0.021 0.043 0.0231 0
10 -204.85 1516.19 -0.6 0.0189 0.022 0.029 0
12 -195.12 1516.01 0.1 0.68 0.68 0.6524 0
5 -185.38 1516.04 1.1 0.0041 0.0041 0.005 0
6 -170.75 1516.03 -0.8 0.1542 0.1636 0.1768 0
6 -156.69 1516.04 0.1 0.0546 0.06 0.0677 0
5 -150.58 1516.05 0.7 0.0017 0.0017 0.002 0
6 -143.62 1516.02 1 0.0029 0.0033 0.0041 0
9 -136.58 1516.14 -1.1 0.0399 0.0546 0.0781 0
9 -128.74 1516.09 1.1 0.0658 0.0385 0.021 0
9 -121.91 1516.04 0.7 0.0017 0.0017 0.0023 0
4 -115.24 1516.15 -0.5 0.3392 0.3537 0.3736 0
8 -101.63 1516.12 0.5 0.0017 0.0017 0.0023 0
5 -94.57 1516.19 1 0.7667 0.7667 0.7445 0
5 -87.37 1516.02 1.1 0.0242 0.0697 0.1975 0
7 -79.84 1516.06 0.9 0.0119 0.0385 0.1247 0
4 -72.66 1516.01 0.2 0.0189 0.022 0.029 0
6 -57.52 1516.1 0.1 0.0014 0.0023 0.0037 0
5 -51.25 1516.17 -0.6 0.259 0.0097 0.0097 0
4 -43.16 1516.18 -1.1 0.0189 0.022 0.029 0
6 -35.57 1516.08 -0.6 0.0029 0.0033 0.0041 0
9 -28.57 1516.04 -0.1 0.0029 0.0033 0.0041 0
4 -9.27 1538.27 89.9 0.0119 0.0385 0.1247 0
0 -9.26 1546.04 89.2 0.9158 0.4045 0 0
7 -9.22 1566.94 90.6 0.0546 0.0915 0.0461 0
7 -9.2 1573.56 89.2 0.482 0.4936 0.5054 0
7 9.1 1579.79 -90.7 0.0072 0.0078 0.0097 0
6 9.16 1573.72 -90.7 0.1573 0.0066 0.0066 0
4 9.26 1567.5 -90.1 0.3345 0.2801 0.1801 0
4 9.11 1552.61 -89 0.482 0.4936 0.5054 0
3 148.25 1523.55 0.5 0.9158 0.4045 0 1
4 24.67 1524 0.4 0.2047 0.259 0.2801 0
8 31.54 1523.93 0.4 0.259 0.0097 0.0097 0
5 38.7 1523.91 0.8 0.0072 0.0189 0.0658 0
8 45.3 1523.86 -1.1 0.0014 0.0023 0.0037 0
5 58.89 1523.86 1.1 0.0017 0.0017 0.002 0
9 73.69 1524 0.8 0.0014 0.0023 0.0037 0
6 81.39 1523.97 0.3 0.1011 0.0029 0.0046 0
4 89.17 1523.92 0.7 0.0546 0.06 0.0677 0
7 96.71 1523.82 -0.7 0.3345 0.2801 0.1801 0
2 103.48 1523.8 -0.3 0.9158 0.4045 0 0
5 109.93 1523.86 -0.3 0.0658 0.0385 0.021 0
5 118.23 1523.91 -0.5 0.148 0.2428 0.3587 0
5 126.46 1523.8 -1 0.2758 0.2932 0.3112 0
0 132.52 1523.9 -0.2 0.9158 0.4045 0 0
9 139.43 1523.84 -0.5 0.021 0.043 0.0231 0
5 159.63 1523.91 0.5 0.632 0.632 0.5989 0
5 167.11 1523.98 0 0.0658 0.0385 0.021 0
8 174.46 1523.9 1.1 0.0546 0.06 0.0677 0
7 214.93 1523.81 -0.1 0.0119 0.0385 0.1247 0
6 221.19 1523.94 0.5 0.259 0.0097 0.0097 0
6 32.62 1516.17 0.5 0.0892 0.0963 0.1062 0
6 46.86 1516.11 -0.6 0.021 0.043 0.0231 0
8 54.9 1516.07 0.7 0.2758 0.2932 0.3112 0
5 61.67 1516.14 0.6 0.0023 0.0037 0.0055 0
11 69.95 1516.03 0.4 0.7012 0.687 0.6388 0
6 85.29 1516.09 -0.7 0.0546 0.0915 0.0461 0
7 91.4 1516.07 -0.2 0.0546 0.06 0.0677 0
9 99.48 1516 0.3 0.0189 0.022 0.029 0
4 105.98 1516.04 0.4 0.0658 0.0385 0.021 0
1 112.22 1516.14 0.2 0.9158 0.4045 0 0
3 118.45 1516.1 1 0.3297 0.4313 0.0697 0
4 125.98 1516.1 0.6 0.0546 0.06 0.0677 0
6 141.21 1516.01 -1 0.0029 0.0033 0.0041 0
4 149.37 1516.18 -0.6 0.0023 0.0037 0.0055 0
6 157.16 1516.05 -0.3 0.001 0.001 0.0012 0
10 165.18 1516.05 0 0.148 0.2428 0.3587 0
4 172.3 1516.02 -0.2 0.7969 0.7742 0.7083 0
7 179.76 1516.04 0.5 0.0041 0.0041 0.005 0
7 186.21 1516.17 0.1 0.0242 0.0697 0.1975 0
9 220.26 1516.11 1 0.0029 0.0033 0.0041 0
7 226.38 1516.1 -0.2 0.0658 0.0385 0.021 0
12 241.85 1546.17 91.1 0.632 0.6121 0.5605 1
1 241.15 1541.67 90.8 0.9158 0.4045 0 1
4 240.77 1553.54 90.6 0.3392 0.3537 0.3736 0
9 240.89 1559.48 90.8 0.0017 0.0017 0.0023 0
9 240.73 1574.78 89.4 0.0017 0.0017 0.0023 0
7 240.82 1581.44 89.3 0.1542 0.1636 0.1768 0
2 390.76 1523.55 -1.1 0.9158 0.4045 0 1
4 276.21 1523.88 -0.5 0.1011 0.0029 0.0046 0
4 283.58 1523.92 0 0.7667 0.7667 0.7445 0
5 289.99 1523.87 -1 0.7969 0.7742 0.7083 0
0 296.56 1523.87 -0.8 0.9158 0.4045 0 0
7 303.78 1523.95 1.1 0.7667 0.7667 0.7445 0
9 310.55 1523.89 0.5 0.001 0.001 0.0012 0
10 319.69 1523.98 0.6 0.0023 0.0037 0.0055 0
7 326.84 1523.93 -0.9 0.2047 0.259 0.2801 0
4 334.86 1524 0.1 0.0189 0.022 0.029 0
8 342.28 1523.96 1.1 0.0014 0.0023 0.0037 0
4 354.65 1523.86 -0.6 0.4045 0.4259 0.4479 0
6 362.36 1523.8 -0.3 0.001 0.001 0.0012 0
6 376.65 1523.93 0.1 0.0014 0.0023 0.0037 0
7 384.07 1523.8 0.6 0.632 0.632 0.5989 0
7 403.2 1523.84 0.2 0.148 0.2428 0.3587 0
1 381.92 1516.45 0.7 0.9158 0.4045 0 1
9 273.16 1516.11 -0.6 0.0399 0.0546 0.0781 0
5 279.43 1516.13 0.8 0.021 0.043 0.0231 0
8 286.49 1516.07 0.2 0.0072 0.0189 0.0658 0
10 296.06 1516.16 -0.2 0.7969 0.7742 0.7083 0
5 310.96 1516.06 0.9 0.0546 0.0915 0.0461 0
9 318.37 1516.03 0.9 0.0399 0.0546 0.0781 0
12 327.74 1516.07 -0.9 0.632 0.6121 0.5605 0
4 336.49 1516.1 0 0.0119 0.0385 0.1247 0
12 345.97 1516.04 1.1 0.7012 0.687 0.6388 0
9 355.94 1516.05 0.2 0.001 0.001 0.0012 0
6 363.28 1516.17 0.7 0.001 0.001 0.0012 0
9 370.96 1516.11 0.6 0.0029 0.0033 0.0041 0
6 389.74 1516.08 -0.8 0.001 0.001 0.0012 0
4 397.66 1516.06 0.6 0.6941 0.6941 0.6661 0
9 405.73 1516.08 1 0.0546 0.0915 0.0461 0
12 421.85 1546.7 89 0.5924 0.5924 0.5795 1
1 421.15 1555.84 89.2 0.9158 0.4045 0 1
4 420.82 1534.16 90.9 0.021 0.043 0.0231 0
5 420.86 1576.86 91.1 0.7667 0.7667 0.7445 0
10 420.8 1584.77 90.1 0.259 0.0097 0.0097 0
10 439.16 1581.05 -89.1 0.0242 0.0697 0.1975 0
12 439.11 1571.68 -91.1 0.5924 0.5924 0.5795 0
12 576.73 1523.05 0.5 0.7012 0.687 0.6388 1
9 457.76 1523.99 -1 0.0014 0.0023 0.0037 0
6 463.86 1523.82 -0.3 0.001 0.001 0.0012 0
5 470.54 1523.83 -1.1 0.7969 0.7742 0.7083 0
0 477.91 1523.88 0.7 0.9158 0.4045 0 0
8 484.52 1523.88 -0.7 0.2047 0.259 0.2801 0
7 490.53 1523.95 1.1 0.0189 0.022 0.029 0
7 504.48 1523.93 -0.1 0.0399 0.0546 0.0781 0
4 510.46 1523.95 -1.1 0.7969 0.7742 0.7083 0
6 523.69 1523.81 1 0.1542 0.1636 0.1768 0
11 539.62 1523.81 -0.2 0.7012 0.687 0.6388 0
4 547.92 1523.96 0 0.1573 0.0066 0.0066 0
6 554.78 1523.98 -1 0.0189 0.022 0.029 0
4 562.17 1523.92 1 0.2047 0.259 0.2801 0
7 569.65 1523.8 -1.1 0.0041 0.0041 0.005 0
8 585.51 1523.81 1.1 0.259 0.0097 0.0097 0
11 -619.14 1614.24 90.6 0.5924 0.5924 0.5795 0
8 -619.2 1621.18 89.8 0.0119 0.0385 0.1247 0
4 -619.15 1628.28 90.9 0.3392 0.3537 0.3736 0
7 -619.18 1641.34 90.6 0.1542 0.1636 0.1768 0
11 -619.16 1655.02 91.1 0.632 0.6121 0.5605 0
6 -619.17 1662.54 89.4 0.0546 0.0915 0.0461 0
1 -601.15 1659.25 -89.6 0.9158 0.4045 0 1
7 -600.78 1652.67 -90 0.1011 0.0029 0.0046 0
8 -600.89 1645.46 -89.4 0.001 0.001 0.0012 0
4 -600.85 1631.92 -90.6 0.4045 0.4259 0.4479 0
4 -600.82 1625.57 -90.4 0.4591 0.4045 0.2801 0
4 -600.8 1618.87 -89.8 0.0546 0.06 0.0677 0
4 -454.91 1597.52 180.4 0.1542 0.1636 0.1768 0
11 -464.44 1597.51 179.4 0.632 0.6121 0.5605 0
4 -472.73 1597.55 179.9 0.0072 0.0189 0.0658 0
7 -479.25 1597.46 180.5 0.3392 0.3537 0.3736 0
1 -485.51 1597.45 180.4 0.9158 0.4045 0 0
10 -505.36 1597.41 180.3 0.0546 0.06 0.0677 0
8 -512.45 1597.47 180.5 0.1542 0.1636 0.1768 0
10 -534.43 1597.48 181 0.0072 0.0189 0.0658 0
12 -543.94 1597.48 180.6 0.7012 0.687 0.6388 0
5 -552.82 1597.43 180.2 0.021 0.043 0.0231 0
3 -559.28 1597.58 180.7 0.3297 0.4313 0.0697 0
1 -567.25 1597.57 180.7 0.9158 0.4045 0 0
5 -575.17 1597.42 179.9 0.259 0.0097 0.0097 0
1 -582.43 1597.44 181.1 0.9158 0.4045 0 0
12 -438.15 1645.14 90.3 0.5924 0.5924 0.5795 1
2 -438.85 1647.92 89.7 0.9158 0.4045 0 1
13 -438.8 1653.39 90.2 0.7818 0.7818 0.7519 0
9 -439.11 1617.18 88.9 0.001 0.001 0.0012 0
4 -439.15 1623.69 90.6 0.0017 0.0017 0.002 0
13 -421.2 1622.56 -89 0.7818 0.7818 0.7519 0
6 -420.85 1664.44 -90.3 0.001 0.001 0.0012 0
7 -420.89 1657.89 -89.3 0.0023 0.0037 0.0055 0
6 -420.85 1636.94 -90.9 0.1573 0.0066 0.0066 0
4 -240.87 1658.52 -90.4 0.1573 0.0066 0.0066 0
1 -240.89 1650.41 -90.8 0.9158 0.4045 0 0
8 -240.74 1635.54 -89.4 0.0119 0.0385 0.1247 0
9 -240.84 1628.51 -89.9 0.0017 0.0017 0.0023 0
4 -240.77 1622.44 -90.1 0.482 0.4936 0.5054 0
6 -22.98 1597.4 180.5 0.0014 0.0023 0.0037 0
8 -31.15 1597.59 180.1 0.0658 0.0385 0.021 0
6 -38.11 1597.55 180.5 0.0546 0.0915 0.0461 0
6 -43.96 1597.51 180.2 0.0546 0.0915 0.0461 0
8 -50.18 1597.55 179 0.0399 0.0546 0.0781 0
9 -56.23 1597.45 179.9 0.0017 0.0017 0.0023 0
10 -76.42 1597.57 179.6 0.2758 0.2932 0.3112 0
5 -83.77 1597.43 179.9 0.2758 0.2932 0.3112 0
8 -90.97 1597.49 179.2 0.0242 0.0697 0.1975 0
5 -97.79 1597.58 180.5 0.0546 0.06 0.0677 0
8 -104.17 1597.59 179.1 0.2758 0.2932 0.3112 0
5 -110.25 1597.58 179.6 0.3345 0.2801 0.1801 0
5 -118.47 1597.57 179.9 0.2758 0.2932 0.3112 0
4 -124.98 1597.58 179.5 0.259 0.0097 0.0097 0
5 -132.58 1597.44 179.9 0.0072 0.0189 0.0658 0
5 -138.88 1597.52 179.5 0.0546 0.0915 0.0461 0
7 -146.08 1597.45 179.5 0.4045 0.4259 0.4479 0
7 -160.11 1597.51 180.5 0.3392 0.3537 0.3736 0
5 -167.64 1597.58 179.4 0.0023 0.0037 0.0055 0
1 -197.31 1597.51 180.1 0.9158 0.4045 0 0
7 -210.42 1597.41 180.4 0.0119 0.0385 0.1247 0
8 -217.12 1597.43 178.9 0.1573 0.0066 0.0066 0
5 -224.53 1597.42 180.7 0.4591 0.4045 0.2801 0
12 8.15 1641.94 -90.3 0.632 0.6121 0.5605 1
2 8.85 1663.41 -88.6 0.9158 0.4045 0 1
9 9.26 1655.86 -89.3 0.3345 0.2801 0.1801 0
8 9.27 1649.39 -89.6 0.001 0.001 0.0012 0
6 9.12 1628.18 -89.5 0.0189 0.022 0.029 0
6 9.15 1620.2 -89 0.0017 0.0017 0.0023 0
4 220.44 1597.4 181.1 0.0399 0.0546 0.0781 0
6 212.93 1597.46 179.4 0.148 0.2428 0.3587 0
4 197.22 1597.57 180.8 0.0072 0.0189 0.0658 0
7 190.48 1597.59 179.6 0.0546 0.0915 0.0461 0
3 155.77 1597.59 179.8 0.9158 0.4045 0 0
7 147.75 1597.47 179.3 0.0072 0.0189 0.0658 0
4 140.44 1597.5 179.7 0.3345 0.2801 0.1801 0
8 126.43 1597.56 179 0.0242 0.0697 0.1975 0
9 119.33 1597.45 181 0.4591 0.4045 0.2801 0
3 113.27 1597.51 180.4 0.9158 0.4045 0 0
4 107.2 1597.51 179.4 0.632 0.632 0.5989 0
8 99.62 1597.58 180.1 0.0242 0.0697 0.1975 0
5 92.67 1597.57 179.2 0.259 0.0097 0.0097 0
1 86.66 1597.41 179.1 0.9158 0.4045 0 0
9 72.4 1597.48 180 0.0014 0.0023 0.0037 0
6 57.89 1597.57 178.9 0.0014 0.0023 0.0037 0
7 50.4 1597.57 181 0.2047 0.259 0.2801 0
4 43.51 1597.56 180.9 0.0023 0.0037 0.0055 0
6 37.15 1597.44 180.1 0.0017 0.0017 0.0023 0
10 27.74 1597.59 180.9 0.148 0.2428 0.3587 0
6 240.83 1616.24 90.4 0.259 0.0097 0.0097 0
9 240.8 1623.93 90.8 0.0017 0.0017 0.0023 0
11 240.89 1633.05 90.7 0.68 0.68 0.6524 0
7 240.89 1641.15 90.5 0.2758 0.2932 0.3112 0
4 240.75 1648.11 90 0.2758 0.2932 0.3112 0
6 240.86 1656.14 90.9 0.0546 0.0915 0.0461 0
12 258.15 1622.87 -89 0.68 0.68 0.6524 1
1 258.85 1646.89 -89.2 0.9158 0.4045 0 1
4 259.1 1657.2 -89.6 0.021 0.043 0.0231 0
7 259.3 1635.25 -90.8 0.632 0.632 0.5989 0
7 398.47 1597.56 180.6 0.0892 0.0963 0.1062 0
9 390.82 1597.47 178.9 0.021 0.043 0.0231 0
8 384.63 1597.43 179.7 0.0546 0.06 0.0677 0
6 364.55 1597.52 180.7 0.259 0.0097 0.0097 0
12 334.8 1597.42 180.4 0.5924 0.5924 0.5795 0
4 324.41 1597.53 180.3 0.0546 0.0915 0.0461 0
6 299.94 1597.58 179.1 0.021 0.043 0.0231 0
5 284.46 1597.41 178.9 0.1542 0.1636 0.1768 0
12 438.15 1656.52 -91.4 0.7012 0.687 0.6388 1
6 439.17 1642.55 -89.9 0.2047 0.259 0.2801 0
5 439.24 1635.79 -90.9 0.0546 0.0915 0.0461 0
10 439.29 1619.79 -90.8 0.259 0.0097 0.0097 0
10 576.3 1597.57 180 0.0017 0.0017 0.002 0
11 566.13 1597.4 181 0.7012 0.687 0.6388 0
8 558.29 1597.58 179.9 0.148 0.2428 0.3587 0
8 551.28 1597.41 180.2 0.0658 0.0385 0.021 0
5 544.98 1597.56 179.3 0.632 0.632 0.5989 0
0 537.09 1597.53 180.2 0.9158 0.4045 0 0
6 530.88 1597.43 179.4 0.001 0.001 0.0012 0
4 523.1 1597.5 179.7 0.0658 0.0385 0.021 0
5 515.93 1597.5 181 0.0189 0.022 0.029 0
4 509.31 1597.58 179.9 0.0119 0.0385 0.1247 0
9 501.7 1597.41 179.7 0.2047 0.259 0.2801 0
9 495.78 1597.49 178.9 0.148 0.2428 0.3587 0
12 486.86 1597.55 179.2 0.632 0.6121 0.5605 0
8 476.46 1597.45 181 0.3392 0.3537 0.3736 0
8 469.13 1597.5 181.1 0.0119 0.0385 0.1247 0
5 461.86 1597.48 180.3 0.2758 0.2932 0.3112 0
10 453.72 1597.46 179.9 0.148 0.2428 0.3587 0
1 601.15 1631.92 89.9 0.9158 0.4045 0 1
4 600.73 1623.28 90.3 0.4045 0.4259 0.4479 0
4 600.84 1642.91 90.6 0.1542 0.1636 0.1768 0
4 600.8 1649.22 90.1 0.6941 0.6941 0.6661 0
4 600.8 1655.4 91 0.6941 0.6941 0.6661 0
6 -619.29 1698.79 89.4 0.0072 0.0189 0.0658 0
4 -619.11 1706.8 91.1 0.0399 0.0546 0.0781 0
4 -619.11 1720.38 88.9 0.2047 0.259 0.2801 0
1 -619.1 1726.2 88.9 0.9158 0.4045 0 0
4 -619.11 1740.6 90.7 0.0072 0.0078 0.0097 0
4 -600.86 1743.33 -89.9 0.3392 0.3537 0.3736 0
9 -600.88 1729 -90.7 0.3345 0.2801 0.1801 0
1 -600.8 1715.18 -89 0.9158 0.4045 0 0
9 -600.83 1699.99 -89 0.0546 0.0915 0.0461 0
8 -580.63 1676.08 0.4 0.2758 0.2932 0.3112 0
9 -560.22 1676.02 -0.6 0.4591 0.4045 0.2801 0
3 -546.85 1676.19 0.6 0.3297 0.4313 0.0697 0
8 -533.01 1676.14 -0.5 0.001 0.001 0.0012 0
1 -525.46 1676.18 -0.8 0.9158 0.4045 0 0
9 -518.06 1676.05 0.5 0.0014 0.0023 0.0037 0
8 -510.04 1676.06 1 0.001 0.001 0.0012 0
9 -502.59 1676.04 0 0.001 0.001 0.0012 0
6 -487.57 1676.14 -1 0.0014 0.0023 0.0037 0
8 -479.47 1676.18 -0.6 0.482 0.4936 0.5054 0
4 -458.24 1676.11 1.1 0.0023 0.0037 0.0055 0
1 -438.85 1724.02 90 0.9158 0.4045 0 1
6 -439.26 1694.32 90.9 0.1542 0.1636 0.1768 0
8 -439.15 1700.3 90.4 0.3345 0.2801 0.1801 0
8 -439.27 1715.64 88.9 0.0119 0.0385 0.1247 0
3 -439.29 1730.38 91.1 0.3297 0.4313 0.0697 0
7 -420.81 1745.95 -90.2 0.1573 0.0066 0.0066 0
6 -420.87 1731.61 -89.8 0.0029 0.0033 0.0041 0
7 -420.78 1724.2 -90.9 0.1011 0.0029 0.0046 0
7 -420.86 1717.47 -90.7 0.6941 0.6941 0.6661 0
7 -420.77 1709.65 -89.3 0.1011 0.0029 0.0046 0
7 -420.8 1703.46 -90.2 0.2758 0.2932 0.3112 0
12 -311.74 1683.05 0.4 0.5924 0.5924 0.5795 1
4 -409.39 1683.82 1 0.1573 0.0066 0.0066 0
8 -402.8 1683.95 -0.7 0.4591 0.4045 0.2801 0
9 -395.13 1683.91 -0.6 0.001 0.001 0.0012 0
10 -387.37 1683.89 -0.7 0.0119 0.0385 0.1247 0
12 -379.27 1683.82 0.9 0.68 0.68 0.6524 0
7 -369.94 1683.85 -0.4 0.021 0.043 0.0231 0
7 -363.84 1683.82 0.4 0.0041 0.0041 0.005 0
3 -356.58 1683.85 0.3 0.3297 0.4313 0.0697 0
6 -349.09 1684 0.9 0.0029 0.0033 0.0041 0
7 -341.58 1683.95 1.1 0.2047 0.259 0.2801 0
4 -334.14 1683.97 -0.8 0.1573 0.0066 0.0066 0
6 -290.87 1683.83 1 0.1011 0.0029 0.0046 0
11 -276.18 1683.9 0.1 0.5924 0.5924 0.5795 0
1 -241.15 1711.96 -90.2 0.9158 0.4045 0 1
0 -240.86 1744.87 -89.1 0.9158 0.4045 0 0
10 -240.88 1729.95 -90.9 0.0072 0.0078 0.0097 0
7 -240.89 1699.23 -91.1 0.6941 0.6941 0.6661 0
12 -213.09 1677.15 0.4 0.7012 0.687 0.6388 1
3 -130.93 1676.45 -0.5 0.9158 0.4045 0 1
9 -228.92 1676.04 0.6 0.0014 0.0023 0.0037 0
4 -222.98 1676.14 -0.8 0.148 0.2428 0.3587 0
7 -200.6 1676.2 -0.2 0.3392 0.3537 0.3736 0
5 -186.11 1676.08 0.7 0.0546 0.0915 0.0461 0
9 -179.59 1676 -0.2 0.001 0.001 0.0012 0
6 -172.56 1676.01 -0.7 0.3345 0.2801 0.1801 0
8 -164.84 1676.13 1.1 0.4591 0.4045 0.2801 0
4 -148.78 1676.04 -0.4 0.7969 0.7742 0.7083 0
4 -142.05 1676.15 1 0.7667 0.7667 0.7445 0
6 -119.39 1676.02 -0.8 0.2047 0.259 0.2801 0
4 -111.72 1676.04 -0.7 0.0892 0.0963 0.1062 0
12 -104.11 1676.09 0.8 0.7012 0.687 0.6388 0
11 -92.27 1676.04 -0.6 0.5924 0.5924 0.5795 0
9 -85.72 1676.01 1.1 0.0014 0.0023 0.0037 0
1 -77.84 1676.1 -1 0.9158 0.4045 0 0
8 -71.35 1676.1 0.5 0.0014 0.0023 0.0037 0
7 -64.04 1676.09 1 0.0399 0.0546 0.0781 0
6 -57.22 1676.03 -0.6 0.0029 0.0033 0.0041 0
4 -50.82 1676.18 -0.6 0.259 0.0097 0.0097 0
7 -43.68 1676.01 0.8 0.1011 0.0029 0.0046 0
9 -37.28 1676.16 1.1 0.0017 0.0017 0.0023 0
8 -30.01 1676.07 0.5 0.0546 0.0915 0.0461 0
12 -9.1 1696.49 90.9 0.7012 0.687 0.6388 0
3 -9.25 1706.54 90.5 0.9158 0.4045 0 0
1 -9.12 1714.64 89.2 0.9158 0.4045 0 0
3 -9.18 1722.63 90.3 0.9158 0.4045 0 0
6 -9.14 1728.75 90.5 0.0892 0.0963 0.1062 0
11 -9.22 1738.11 90.7 0.68 0.68 0.6524 0
12 9.25 1739.14 -90.6 0.68 0.68 0.6524 0
7 9.2 1730.82 -88.9 0.6941 0.6941 0.6661 0
7 9.21 1724.6 -90.8 0.0023 0.0037 0.0055 0
9 9.15 1716.99 -89.9 0.0029 0.0033 0.0041 0
6 9.11 1708.87 -90.4 0.001 0.001 0.0012 0
4 9.23 1701.32 -89.5 0.0546 0.06 0.0677 0
3 185.27 1683.55 0.6 0.3297 0.4313 0.0697 1
6 22.97 1683.93 0.6 0.0242 0.0697 0.1975 0
6 28.83 1683.94 -0.8 0.0119 0.0385 0.1247 0
9 35.35 1683.91 -0.3 0.0017 0.0017 0.0023 0
9 43.36 1683.81 0.4 0.0014 0.0023 0.0037 0
4 51.15 1683.86 -0.3 0.0546 0.06 0.0677 0
5 57.06 1683.83 -0.4 0.7667 0.7667 0.7445 0
11 65.61 1683.94 -0.1 0.68 0.68 0.6524 0
6 73.37 1683.86 0 0.0014 0.0023 0.0037 0
8 81.06 1683.82 0.3 0.0546 0.0915 0.0461 0
5 102.47 1683.93 0.8 0.0017 0.0017 0.002 0
5 116.69 1683.89 1 0.0023 0.0037 0.0055 0
8 132.25 1683.96 0 0.148 0.2428 0.3587 0
4 162.89 1683.97 0.1 0.482 0.4936 0.5054 0
8 176.97 1683.99 0.8 0.4591 0.4045 0.2801 0
5 196.9 1683.92 -0.3 0.7667 0.7667 0.7445 0
5 204.42 1683.94 0.8 0.0242 0.0697 0.1975 0
4 212.74 1683.89 0.8 0.2758 0.2932 0.3112 0
10 220.83 1683.93 -0.2 0.0546 0.0915 0.0461 0
4 23.28 1676.16 0.9 0.0023 0.0037 0.0055 0
10 32.36 1676.07 -0.6 0.2758 0.2932 0.3112 0
1 40.19 1676.02 -0.9 0.9158 0.4045 0 0
7 46.59 1676.13 0.6 0.632 0.632 0.5989 0
11 54.42 1676.05 0.6 0.632 0.6121 0.5605 0
2 61.7 1676.09 0.4 0.9158 0.4045 0 0
9 69.53 1676.11 -0.2 0.0399 0.0546 0.0781 0
8 76.79 1676.16 -1.1 0.0029 0.0033 0.0041 0
2 91.19 1676.01 1 0.9158 0.4045 0 0
6 97.75 1676.09 -0.3 0.3345 0.2801 0.1801 0
5 111.31 1676.16 -0.2 0.148 0.2428 0.3587 0
9 125.08 1676.15 0 0.0189 0.022 0.029 0
7 130.96 1676.08 0.5 0.3392 0.3537 0.3736 0
11 173.64 1676.05 -0.7 0.68 0.68 0.6524 0
5 181.34 1676.14 0.2 0.1542 0.1636 0.1768 0
6 187.6 1676.15 1.1 0.1573 0.0066 0.0066 0
8 193.78 1676.02 0.6 0.1573 0.0066 0.0066 0
11 202.68 1676.08 -0.8 0.632 0.6121 0.5605 0
4 209.77 1676.02 1 0.021 0.043 0.0231 0
8 223.26 1676.03 0.9 0.0029 0.0033 0.0041 0
1 241.15 1726.12 90.8 0.9158 0.4045 0 1
11 240.87 1704.44 90.9 0.7012 0.687 0.6388 0
6 240.78 1719.46 89.8 0.0189 0.022 0.029 0
3 258.85 1701.87 -90.2 0.9158 0.4045 0 1
13 258.8 1703.57 -90 0.7818 0.7818 0.7519 0
11 259.17 1742.03 -89.1 0.5924 0.5924 0.5795 0
4 259.19 1734.25 -90.3 0.0399 0.0546 0.0781 0
7 259.24 1728.1 -91.1 0.4045 0.4259 0.4479 0
4 259.22 1721.01 -89.3 0.0546 0.0915 0.0461 0
6 259.16 1713.94 -91.1 0.0189 0.022 0.029 0
2 344.26 1683.55 -0.3 0.9158 0.4045 0 1
5 274.61 1683.83 0.1 0.021 0.043 0.0231 0
4 282.29 1683.97 0.3 0.3392 0.3537 0.3736 0
12 304.55 1683.99 1.1 0.7012 0.687 0.6388 0
7 314.21 1683.95 1.1 0.6941 0.6941 0.6661 0
1 321.01 1683.88 0 0.9158 0.4045 0 0
10 330.22 1683.88 -0.7 0.0072 0.0078 0.0097 0
7 336.76 1683.85 0.7 0.2758 0.2932 0.3112 0
8 351.7 1683.97 0 0.2047 0.259 0.2801 0
10 359.82 1683.87 0.4 0.3345 0.2801 0.1801 0
9 368.28 1683.88 -1.1 0.0014 0.0023 0.0037 0
8 380.7 1683.83 0.6 0.0017 0.0017 0.0023 0
1 393.72 1683.83 0.6 0.9158 0.4045 0 0
5 401.18 1683.93 0.1 0.0658 0.0385 0.021 0
4 282.49 1676.09 -0.7 0.021 0.043 0.0231 0
4 288.7 1676.1 -1.1 0.1573 0.0066 0.0066 0
7 296.74 1676.19 0.5 0.259 0.0097 0.0097 0
8 303.84 1676.07 0.8 0.0017 0.0017 0.0023 0
2 310.47 1676.05 0.8 0.9158 0.4045 0 0
4 316.53 1676.07 1.1 0.0072 0.0189 0.0658 0
4 330.1 1676.05 -1 0.021 0.043 0.0231 0
4 337.25 1676.12 -0.8 0.1573 0.0066 0.0066 0
10 345.87 1676.02 -1 0.6941 0.6941 0.6661 0
2 353.09 1676.06 1 0.9158 0.4045 0 0
5 359.59 1676.19 0.4 0.0017 0.0017 0.002 0
5 367 1676.06 -0.2 0.0892 0.0963 0.1062 0
9 372.89 1676.01 0.8 0.0017 0.0017 0.0023 0
10 382.28 1676.19 -1 0.0017 0.0017 0.002 0
8 390.19 1676 0.8 0.0242 0.0697 0.1975 0
7 396.8 1676.12 -0.9 0.0119 0.0385 0.1247 0
2 404.03 1676.08 0.8 0.9158 0.4045 0 0
12 421.85 1712.87 89 0.7012 0.687 0.6388 1
11 420.76 1695.89 89 0.632 0.6121 0.5605 0
8 420.73 1703.94 90.8 0.0072 0.0189 0.0658 0
5 420.72 1726.24 89.4 0.7969 0.7742 0.7083 0
8 420.72 1738.51 90.7 0.148 0.2428 0.3587 0
12 438.15 1743.26 -90.5 0.7012 0.687 0.6388 1
12 439.15 1728.44 -91 0.7012 0.687 0.6388 0
3 439.23 1704.49 -89 0.9158 0.4045 0 0
4 439.19 1697.42 -89.6 0.1573 0.0066 0.0066 0
12 526.76 1683.05 0.5 0.7012 0.687 0.6388 1
1 503.96 1683.55 0.4 0.9158 0.4045 0 1
7 453.36 1683.88 0.5 0.632 0.632 0.5989 0
7 460.53 1683.81 1.1 0.259 0.0097 0.0097 0
5 482.72 1683.88 -0.7 0.021 0.043 0.0231 0
4 490.8 1683.83 0.9 0.4045 0.4259 0.4479 0
12 499.16 1683.89 1.1 0.68 0.68 0.6524 0
11 515.73 1683.96 -0.6 0.7012 0.687 0.6388 0
6 544.22 1683.81 0.9 0.259 0.0097 0.0097 0
6 551.61 1683.88 0.7 0.0399 0.0546 0.0781 0
8 559.56 1683.94 0 0.0242 0.0697 0.1975 0
11 567.15 1683.86 1.1 0.5924 0.5924 0.5795 0
6 582.24 1683.97 0 0.001 0.001 0.0012 0
6 452.46 1676.14 0.3 0.0072 0.0189 0.0658 0
4 466.05 1676.08 0.8 0.148 0.2428 0.3587 0
8 481.01 1676.05 0.9 0.0119 0.0385 0.1247 0
4 488.05 1676.1 0.9 0.021 0.043 0.0231 0
4 493.87 1676.07 -0.6 0.1011 0.0029 0.0046 0
7 522.86 1676 0.7 0.1011 0.0029 0.0046 0
8 530.44 1676.12 0.6 0.0017 0.0017 0.0023 0
3 538.16 1676.09 -0.1 0.9158 0.4045 0 0
6 546.15 1676.04 -0.8 0.0029 0.0033 0.0041 0
4 553.72 1676.03 1 0.7667 0.7667 0.7445 0
9 559.85 1676.03 -0.7 0.0029 0.0033 0.0041 0
12 567.66 1676.15 0.4 0.5924 0.5924 0.5795 0
5 576.52 1676.04 0 0.632 0.632 0.5989 0
6 583.32 1676 0 0.4591 0.4045 0.2801 0
12 -618.15 1801.43 90.3 0.68 0.68 0.6524 1
3 -618.85 1795.39 89.8 0.3297 0.4313 0.0697 1
13 -618.8 1812.02 89.7 0.7818 0.7818 0.7519 0
6 -619.23 1777.31 90 0.1542 0.1636 0.1768 0
1 -601.15 1813.35 -89.9 0.9158 0.4045 0 1
5 -600.78 1822.85 -89.9 0.4591 0.4045 0.2801 0
6 -600.73 1779.9 -90 0.0029 0.0033 0.0041 0
4 -454.1 1757.57 181 0.6941 0.6941 0.6661 0
7 -462.18 1757.41 179.2 0.482 0.4936 0.5054 0
12 -469.82 1757.55 178.9 0.68 0.68 0.6524 0
8 -478.75 1757.44 180.2 0.0119 0.0385 0.1247 0
8 -485.01 1757.41 180.1 0.021 0.043 0.0231 0
12 -493.18 1757.44 180.9 0.68 0.68 0.6524 0
5 -503.58 1757.4 179.9 0.4591 0.4045 0.2801 0
8 -509.75 1757.51 181 0.0658 0.0385 0.021 0
8 -515.64 1757.57 180.2 0.2047 0.259 0.2801 0
4 -522.86 1757.57 178.9 0.6941 0.6941 0.6661 0
7 -529.25 1757.5 180.1 0.0189 0.022 0.029 0
2 -536.55 1757.57 179.4 0.9158 0.4045 0 0
6 -542.97 1757.48 179.2 0.2047 0.259 0.2801 0
4 -549.1 1757.53 180.5 0.4591 0.4045 0.2801 0
5 -555.09 1757.43 179.5 0.1573 0.0066 0.0066 0
5 -577.28 1757.56 179.9 0.0242 0.0697 0.1975 0
11 -584.65 1757.58 179.4 0.68 0.68 0.6524 0
13 -438.8 1812.34 89 0.7818 0.7818 0.7519 0
5 -439.22 1783.01 90.5 0.0892 0.0963 0.1062 0
5 -439.16 1796.98 90 0.0658 0.0385 0.021 0
8 -420.89 1825.56 -90.3 0.0399 0.0546 0.0781 0
4 -420.85 1818.06 -90.3 0.2758 0.2932 0.3112 0
7 -420.76 1811.11 -89.5 0.1542 0.1636 0.1768 0
4 -420.8 1802.93 -90.8 0.2047 0.259 0.2801 0
7 -420.82 1796.78 -89.1 0.148 0.2428 0.3587 0
1 -273.1 1757.41 179 0.9158 0.4045 0 0
5 -279.71 1757.56 179 0.0017 0.0017 0.002 0
5 -286.57 1757.45 179.1 0.259 0.0097 0.0097 0
6 -293.5 1757.52 179.5 0.0546 0.06 0.0677 0
4 -300.63 1757.59 179.8 0.6941 0.6941 0.6661 0
6 -307.35 1757.5 180.8 0.3345 0.2801 0.1801 0
6 -315 1757.46 180.7 0.001 0.001 0.0012 0
4 -321.18 1757.58 180.1 0.2758 0.2932 0.3112 0
10 -336.54 1757.43 181.1 0.482 0.4936 0.5054 0
7 -344.27 1757.41 178.9 0.0546 0.06 0.0677 0
3 -351.57 1757.54 180.1 0.9158 0.4045 0 0
7 -358.45 1757.49 180.8 0.0119 0.0385 0.1247 0
5 -365.14 1757.46 181 0.0023 0.0037 0.0055 0
4 -372.8 1757.51 180.3 0.4591 0.4045 0.2801 0
6 -394.46 1757.55 179.6 0.2047 0.259 0.2801 0
8 -402.24 1757.52 180.6 0.1011 0.0029 0.0046 0
12 -241.85 1790.1 -89.3 0.632 0.6121 0.5605 1
7 -240.85 1809.3 -89.8 0.1011 0.0029 0.0046 0
5 -240.81 1801.5 -90.2 0.0072 0.0189 0.0658 0
9 -21.87 1757.49 180.6 0.0017 0.0017 0.0023 0
8 -29.6 1757.51 180.5 0.259 0.0097 0.0097 0
4 -36.62 1757.59 179.6 0.7969 0.7742 0.7083 0
7 -44.5 1757.59 180.5 0.0189 0.022 0.029 0
4 -51.24 1757.52 180 0.7667 0.7667 0.7445 0
4 -57.53 1757.5 179.6 0.0041 0.0041 0.005 0
5 -72.5 1757.46 179 0.1011 0.0029 0.0046 0
5 -80.45 1757.55 179.1 0.0023 0.0037 0.0055 0
4 -86.46 1757.51 179.7 0.3345 0.2801 0.1801 0
5 -94.57 1757.48 179.2 0.1011 0.0029 0.0046 0
10 -118.67 1757.53 179.8 0.0189 0.022 0.029 0
4 -126.86 1757.58 180.4 0.148 0.2428 0.3587 0
6 -134.21 1757.58 178.9 0.3345 0.2801 0.1801 0
8 -140.8 1757.4 180.4 0.148 0.2428 0.3587 0
6 -147.18 1757.41 180.1 0.3345 0.2801 0.1801 0
8 -153.19 1757.45 181 0.3392 0.3537 0.3736 0
9 -161.57 1757.54 180.2 0.0017 0.0017 0.0023 0
5 -169.42 1757.47 179.8 0.7969 0.7742 0.7083 0
8 -189.81 1757.54 180.8 0.3392 0.3537 0.3736 0
8 -219.76 1757.54 180.1 0.1011 0.0029 0.0046 0
1 -226.76 1757.41 179.5 0.9158 0.4045 0 0
1 -8.85 1798.12 89.2 0.9158 0.4045 0 1
11 -9.15 1778.74 90.8 0.632 0.6121 0.5605 0
11 -9.17 1818.15 90 0.68 0.68 0.6524 0
9 9.17 1825.6 -89.1 0.3345 0.2801 0.1801 0
9 9.18 1817.61 -90 0.001 0.001 0.0012 0
7 9.26 1809.59 -91 0.6941 0.6941 0.6661 0
11 9.11 1800.98 -89.6 0.68 0.68 0.6524 0
10 9.17 1785.9 -90.5 0.6941 0.6941 0.6661 0
6 9.21 1777.28 -90.1 0.0399 0.0546 0.0781 0
6 226.83 1757.6 181.1 0.0017 0.0017 0.0023 0
0 220.6 1757.49 180.6 0.9158 0.4045 0 0
5 214.45 1757.42 179.1 0.0017 0.0017 0.002 0
8 199.7 1757.55 180.6 0.259 0.0097 0.0097 0
5 193.05 1757.55 180.6 0.1542 0.1636 0.1768 0
4 185.68 1757.46 179.4 0.0892 0.0963 0.1062 0
7 178.04 1757.47 179.2 0.0658 0.0385 0.021 0
6 171.87 1757.48 180.5 0.1011 0.0029 0.0046 0
5 157.57 1757.49 180.3 0.3345 0.2801 0.1801 0
4 151.02 1757.48 179.3 0.2047 0.259 0.2801 0
6 142.68 1757.58 179.2 0.0014 0.0023 0.0037 0
7 108.5 1757.44 180.1 0.7969 0.7742 0.7083 0
4 102.4 1757.43 179 0.3345 0.2801 0.1801 0
2 96.39 1757.52 179.3 0.9158 0.4045 0 0
8 90.4 1757.53 179.8 0.2758 0.2932 0.3112 0
7 82.2 1757.42 179.9 0.3345 0.2801 0.1801 0
6 66.3 1757.46 181.1 0.0014 0.0023 0.0037 0
9 59.98 1757.47 179 0.0029 0.0033 0.0041 0
11 52.33 1757.54 180.2 0.68 0.68 0.6524 0
11 43.67 1757.43 180.2 0.5924 0.5924 0.5795 0
4 37.03 1757.48 180.3 0.4045 0.4259 0.4479 0
12 241.85 1816.65 91.2 0.632 0.6121 0.5605 1
10 240.87 1776.58 89.7 0.148 0.2428 0.3587 0
4 240.89 1783.23 90.4 0.0119 0.0385 0.1247 0
7 240.71 1789.36 90.5 0.0017 0.0017 0.002 0
2 240.8 1802.16 89.4 0.9158 0.4045 0 0
9 240.75 1808.53 89.4 0.0029 0.0033 0.0041 0
1 258.85 1797.55 -91.2 0.9158 0.4045 0 1
9 259.22 1823.67 -89.7 0.0014 0.0023 0.0037 0
7 259.29 1815.46 -90.7 0.3345 0.2801 0.1801 0
2 259.29 1808.18 -89.3 0.9158 0.4045 0 0
1 259.1 1778.85 -89.9 0.9158 0.4045 0 0
3 401.53 1757.56 179.4 0.9158 0.4045 0 0
7 393.26 1757.57 179.3 0.0892 0.0963 0.1062 0
4 387.38 1757.53 179.1 0.4045 0.4259 0.4479 0
7 379.37 1757.44 179.7 0.2047 0.259 0.2801 0
7 357.38 1757.47 180.7 0.6941 0.6941 0.6661 0
9 350.81 1757.49 179.4 0.001 0.001 0.0012 0
11 342.86 1757.53 180.1 0.68 0.68 0.6524 0
10 333.74 1757.51 180.6 0.1573 0.0066 0.0066 0
9 320.55 1757.45 179.3 0.148 0.2428 0.3587 0
8 312.6 1757.5 180.6 0.3392 0.3537 0.3736 0
12 296.94 1757.54 179.6 0.68 0.68 0.6524 0
9 287.9 1757.48 179.2 0.0017 0.0017 0.0023 0
4 281.4 1757.4 179.2 0.482 0.4936 0.5054 0
6 274.27 1757.6 180 0.0242 0.0697 0.1975 0
6 420.84 1777.64 91.1 0.4591 0.4045 0.2801 0
6 420.86 1791.63 90.3 0.0017 0.0017 0.0023 0
6 420.76 1799.32 89.5 0.148 0.2428 0.3587 0
4 420.72 1805.87 89.3 0.482 0.4936 0.5054 0
9 420.87 1818.86 89.6 0.0014 0.0023 0.0037 0
5 439.12 1808.4 -90.8 0.2758 0.2932 0.3112 0
1 439.28 1801.28 -89.7 0.9158 0.4045 0 0
4 439.26 1785.64 -90.5 0.0892 0.0963 0.1062 0
4 439.19 1779.83 -90.7 0.2047 0.259 0.2801 0
7 585.66 1757.51 180 0.1011 0.0029 0.0046 0
8 578.44 1757.53 180.9 0.001 0.001 0.0012 0
9 570.67 1757.45 180 0.0014 0.0023 0.0037 0
7 562.93 1757.55 181 0.7667 0.7667 0.7445 0
6 555.77 1757.43 180.9 0.0658 0.0385 0.021 0
7 547.44 1757.42 180.7 0.0072 0.0189 0.0658 0
8 540.88 1757.46 180.1 0.0017 0.0017 0.0023 0
10 532.86 1757.56 180.3 0.3392 0.3537 0.3736 0
6 525.46 1757.6 180 0.4591 0.4045 0.2801 0
7 510.67 1757.43 179.2 0.3392 0.3537 0.3736 0
6 504.58 1757.51 181 0.148 0.2428 0.3587 0
5 497.99 1757.41 181.1 0.148 0.2428 0.3587 0
8 491.71 1757.46 180.1 0.0658 0.0385 0.021 0
5 483.35 1757.57 180.7 0.0119 0.0385 0.1247 0
6 475.14 1757.58 180.6 0.0546 0.0915 0.0461 0
4 468.71 1757.58 180.7 0.1542 0.1636 0.1768 0
6 461.29 1757.58 179.7 0.0029 0.0033 0.0041 0
8 453.65 1757.43 180.5 0.1542 0.1636 0.1768 0
13 601.2 1810.47 89.6 0.7818 0.7818 0.7519 0
6 600.85 1775.74 91 0.0014 0.0023 0.0037 0
6 600.88 1782.16 89.1 0.0399 0.0546 0.0781 0
9 600.74 1788.64 90.1 0.001 0.001 0.0012 0
6 600.83 1795.18 89.6 0.0014 0.0023 0.0037 0
12 -618.15 1861.9 90 0.632 0.6121 0.5605 1
7 -619.22 1871.22 89.7 0.0546 0.06 0.0677 0
9 -619.18 1879.15 90.5 0.0014 0.0023 0.0037 0
9 -600.73 1905.9 -90.8 0.0017 0.0017 0.0023 0
9 -600.8 1899.11 -90.8 0.0017 0.0017 0.0023 0
9 -600.86 1882.96 -89.4 0.4591 0.4045 0.2801 0
9 -600.72 1876 -90.7 0.0017 0.0017 0.0023 0
7 -600.84 1868.4 -90.5 0.2047 0.259 0.2801 0
5 -586.1 1843.88 0.9 0.0119 0.0385 0.1247 0
8 -579.68 1843.85 -0.3 0.0017 0.0017 0.0023 0
3 -572.89 1843.93 0.3 0.9158 0.4045 0 0
9 -565.78 1843.99 0.6 0.0029 0.0033 0.0041 0
1 -557.39 1843.99 -0.9 0.9158 0.4045 0 0
12 -549.34 1843.99 -0.8 0.7012 0.687 0.6388 0
4 -532.77 1843.99 0 0.2047 0.259 0.2801 0
7 -525.11 1843.9 0.4 0.3345 0.2801 0.1801 0
2 -517.95 1843.88 -0.1 0.9158 0.4045 0 0
4 -504.28 1843.88 -1.1 0.0892 0.0963 0.1062 0
4 -497.71 1843.98 0.8 0.0242 0.0697 0.1975 0
9 -490.64 1843.82 0 0.0399 0.0546 0.0781 0
3 -484.67 1843.85 -0.7 0.9158 0.4045 0 0
9 -476.74 1843.98 0.5 0.0029 0.0033 0.0041 0
7 -470.85 1843.82 -0.6 0.0189 0.022 0.029 0
7 -456.34 1843.93 0 0.0023 0.0037 0.0055 0
1 -512.96 1836.45 0.2 0.9158 0.4045 0 1
8 -585.56 1836.06 0.4 0.1573 0.0066 0.0066 0
9 -578.01 1836.04 0.9 0.0014 0.0023 0.0037 0
4 -572.11 1836.19 -0.2 0.0546 0.06 0.0677 0
7 -565.82 1836.09 -0.6 0.259 0.0097 0.0097 0
6 -559.67 1836.1 1 0.1011 0.0029 0.0046 0
5 -551.9 1836.03 -0.7 0.3392 0.3537 0.3736 0
4 -537.9 1836.18 -0.7 0.7969 0.7742 0.7083 0
8 -531.56 1836.17 -0.3 0.0399 0.0546 0.0781 0
9 -523.52 1836.11 0.3 0.021 0.043 0.0231 0
6 -486.88 1836.17 -0.3 0.0014 0.0023 0.0037 0
4 -472.38 1836.01 0.1 0.0119 0.0385 0.1247 0
0 -464.52 1836.07 0.3 0.9158 0.4045 0 0
9 -456.69 1836.11 0.9 0.0017 0.0017 0.0023 0
7 -439.2 1861.87 90.1 0.4045 0.4259 0.4479 0
4 -439.17 1869.01 89.2 0.4045 0.4259 0.4479 0
2 -421.15 1885.69 -90.1 0.9158 0.4045 0 1
6 -420.89 1903.31 -90.7 0.0014 0.0023 0.0037 0
12 -420.8 1893.7 -89.5 0.632 0.6121 0.5605 0
7 -420.71 1876.37 -89.9 0.0189 0.022 0.029 0
9 -420.8 1870.1 -89.1 0.0014 0.0023 0.0037 0
1 -332.63 1843.55 -0.6 0.9158 0.4045 0 1
6 -406.02 1843.81 0.2 0.0017 0.0017 0.0023 0
6 -398.48 1843.97 -0.7 0.0072 0.0189 0.0658 0
4 -391.92 1843.82 0 0.3345 0.2801 0.1801 0
6 -384.81 1844 0 0.3345 0.2801 0.1801 0
4 -371.36 1843.81 0.2 0.0072 0.0189 0.0658 0
6 -356.9 1843.87 -0.9 0.0658 0.0385 0.021 0
11 -341.4 1843.93 0.6 0.5924 0.5924 0.5795 0
10 -318.4 1843.99 -0.5 0.0189 0.022 0.029 0
1 -303.87 1843.91 -0.7 0.9158 0.4045 0 0
12 -294.41 1843.83 -0.4 0.5924 0.5924 0.5795 0
4 -279.23 1843.85 -0.3 0.259 0.0097 0.0097 0
1 -350.23 1836.45 -0.4 0.9158 0.4045 0 1
10 -394.15 1836 0.8 0.632 0.632 0.5989 0
4 -386.62 1836.09 1 0.0041 0.0041 0.005 0
12 -377.04 1836.11 0.8 0.68 0.68 0.6524 0
6 -360.7 1836.03 -0.7 0.0029 0.0033 0.0041 0
7 -338.08 1836.12 -1 0.6941 0.6941 0.6661 0
8 -323.58 1836.08 -0.3 0.482 0.4936 0.5054 0
6 -315.93 1836.12 -0.6 0.0029 0.0033 0.0041 0
7 -309.1 1836.2 1 0.482 0.4936 0.5054 0
5 -301.97 1836.02 0 0.4591 0.4045 0.2801 0
8 -294.74 1836.1 -0.9 0.0658 0.0385 0.021 0
4 -287.96 1836.12 1.1 0.4045 0.4259 0.4479 0
6 -274.06 1836.03 -0.7 0.0119 0.0385 0.1247 0
12 -241.85 1875.09 -90.2 0.68 0.68 0.6524 1
9 -240.85 1901.2 -89.7 0.001 0.001 0.0012 0
6 -240.72 1895.16 -88.9 0.021 0.043 0.0231 0
8 -240.78 1887.12 -90.4 0.0242 0.0697 0.1975 0
9 -240.85 1862.32 -88.9 0.001 0.001 0.0012 0
6 -213.02 1843.89 0.6 0.1542 0.1636 0.1768 0
1 -197.77 1843.8 0.8 0.9158 0.4045 0 0
10 -189.62 1843.81 0.7 0.0189 0.022 0.029 0
7 -181.09 1843.83 -0.3 0.0072 0.0189 0.0658 0
5 -174.11 1843.91 -0.2 0.1011 0.0029 0.0046 0
8 -166.85 1843.85 -0.8 0.0014 0.0023 0.0037 0
11 -157.71 1843.94 -0.7 0.632 0.6121 0.5605 0
6 -142.23 1843.81 0.1 0.1542 0.1636 0.1768 0
6 -134.79 1843.86 -0.9 0.0029 0.0033 0.0041 0
4 -127.7 1843.95 -0.1 0.0399 0.0546 0.0781 0
5 -121.36 1843.93 0.3 0.0546 0.06 0.0677 0
4 -114.19 1843.97 0.8 0.632 0.632 0.5989 0
2 -107.19 1843.94 1 0.9158 0.4045 0 0
4 -99.73 1843.98 -0.4 0.7969 0.7742 0.7083 0
10 -78.16 1843.86 -0.1 0.0546 0.0915 0.0461 0
5 -71.29 1843.92 -0.9 0.0119 0.0385 0.1247 0
7 -64.14 1843.92 0.9 0.2047 0.259 0.2801 0
8 -49.45 1843.87 -0.3 0.0892 0.0963 0.1062 0
9 -42.08 1843.87 -0.1 0.0658 0.0385 0.021 0
6 -35.05 1843.81 0.2 0.0014 0.0023 0.0037 0
8 -28.58 1843.98 -0.3 0.021 0.043 0.0231 0
12 -191.65 1837.15 -0.6 0.632 0.6121 0.5605 1
11 -224.44 1836.15 0.5 0.632 0.6121 0.5605 0
5 -215.77 1836.19 -0.9 0.1542 0.1636 0.1768 0
0 -208.74 1836.1 1.1 0.9158 0.4045 0 0
11 -178.69 1836.03 -0.2 0.68 0.68 0.6524 0
2 -170.95 1836.17 -0.6 0.9158 0.4045 0 0
4 -158.06 1836.04 -0.1 0.0242 0.0697 0.1975 0
7 -144.17 1836.17 -1 0.148 0.2428 0.3587 0
4 -128.91 1836.1 -0.1 0.1573 0.0066 0.0066 0
9 -121.28 1836.02 0.3 0.0014 0.0023 0.0037 0
4 -114.16 1836.17 -0.6 0.021 0.043 0.0231 0
7 -106.36 1836.01 -1 0.0023 0.0037 0.0055 0
9 -99.89 1836.1 0 0.0014 0.0023 0.0037 0
7 -93.7 1836.04 1.1 0.2758 0.2932 0.3112 0
4 -86.55 1836.11 -0.8 0.0892 0.0963 0.1062 0
9 -79.88 1836.19 -1 0.3345 0.2801 0.1801 0
8 -72.19 1836.07 -0.3 0.0017 0.0017 0.0023 0
5 -63.95 1836.06 -0.6 0.1542 0.1636 0.1768 0
5 -57.06 1836.1 0.3 0.0072 0.0189 0.0658 0
9 -50.87 1836.03 -0.4 0.001 0.001 0.0012 0
4 -36.08 1836.05 -0.9 0.0023 0.0037 0.0055 0
4 -28.5 1836.09 -0.8 0.4045 0.4259 0.4479 0
5 -9.26 1887.89 90.6 0.3345 0.2801 0.1801 0
5 -9.25 1894.39 90.2 0.0892 0.0963 0.1062 0
8 -9.13 1901.21 90.2 0.0546 0.06 0.0677 0
1 8.85 1864 -90.1 0.9158 0.4045 0 1
2 9.25 1903.67 -90.2 0.9158 0.4045 0 0
5 9.27 1895.58 -89.2 0.6941 0.6941 0.6661 0
8 9.14 1889.59 -90.9 0.001 0.001 0.0012 0
8 9.22 1875.27 -89.7 0.0017 0.0017 0.0023 0
3 171.56 1843.55 -0.6 0.9158 0.4045 0 1
7 37.01 1843.97 0 0.1573 0.0066 0.0066 0
4 43.55 1843.89 1 0.0017 0.0017 0.002 0
5 56.77 1843.84 -0.1 0.3392 0.3537 0.3736 0
8 64.62 1843.86 -0.6 0.001 0.001 0.0012 0
10 73.83 1843.87 0.5 0.0546 0.0915 0.0461 0
8 82.47 1843.93 0 0.0658 0.0385 0.021 0
8 118.31 1843.96 0.2 0.0546 0.06 0.0677 0
10 134.54 1843.87 -1 0.0242 0.0697 0.1975 0
7 142.14 1843.95 -0.9 0.0189 0.022 0.029 0
4 149.43 1843.98 0.9 0.632 0.632 0.5989 0
9 156.62 1843.88 -0.8 0.0014 0.0023 0.0037 0
7 184.68 1843.82 -0.4 0.148 0.2428 0.3587 0
10 191.96 1843.87 0.8 0.0892 0.0963 0.1062 0
5 200.29 1843.95 0.6 0.0041 0.0041 0.005 0
7 207.2 1843.98 1.1 0.0892 0.0963 0.1062 0
0 215.4 1843.89 0.5 0.9158 0.4045 0 0
10 223.92 1843.92 -0.2 0.6941 0.6941 0.6661 0
8 24.44 1836.16 0 0.0242 0.0697 0.1975 0
6 32.48 1836.09 0.5 0.1573 0.0066 0.0066 0
5 40.18 1836.12 0 0.4591 0.4045 0.2801 0
11 48.73 1836.07 1.1 0.68 0.68 0.6524 0
9 55.67 1836.04 -0.3 0.021 0.043 0.0231 0
4 61.89 1836.11 1.1 0.3345 0.2801 0.1801 0
5 69.2 1836.18 0.7 0.1542 0.1636 0.1768 0
4 76.29 1836.03 0.2 0.482 0.4936 0.5054 0
4 84.27 1836.07 -1.1 0.7667 0.7667 0.7445 0
7 123.79 1836.14 0.3 0.148 0.2428 0.3587 0
4 130.13 1836.03 -0.3 0.0023 0.0037 0.0055 0
4 144.13 1836.11 0 0.0072 0.0189 0.0658 0
5 159.38 1836.13 0.4 0.6941 0.6941 0.6661 0
2 167.62 1836.18 0.5 0.9158 0.4045 0 0
6 181.97 1836.02 -0.5 0.2047 0.259 0.2801 0
3 189.51 1836.03 -0.6 0.9158 0.4045 0 0
5 196.63 1836.19 0.8 0.7667 0.7667 0.7445 0
5 204.45 1836.1 -0.3 0.482 0.4936 0.5054 0
8 212.17 1836.17 -1 0.0014 0.0023 0.0037 0
12 221.34 1836.03 -0.6 0.632 0.6121 0.5605 0
8 240.83 1857.38 91.1 0.0014 0.0023 0.0037 0
8 240.83 1863.37 89.1 0.0189 0.022 0.029 0
4 240.7 1869.81 89.7 0.148 0.2428 0.3587 0
5 240.88 1876.68 90 0.0546 0.06 0.0677 0
9 240.75 1883.12 89.7 0.001 0.001 0.0012 0
4 240.77 1890.08 89.3 0.0189 0.022 0.029 0
6 259.16 1905.28 -90.4 0.0658 0.0385 0.021 0
4 259.15 1898.19 -90.3 0.0189 0.022 0.029 0
7 259.29 1882.3 -91 0.1011 0.0029 0.0046 0
8 259.28 1874.13 -91 0.0892 0.0963 0.1062 0
4 259.13 1867.16 -90.9 0.0072 0.0189 0.0658 0
9 272.58 1836.13 -1.1 0.0189 0.022 0.029 0
9 279.95 1836.06 -0.3 0.0399 0.0546 0.0781 0
4 286.66 1836.01 0.7 0.0072 0.0078 0.0097 0
1 306.67 1836.03 -0.8 0.9158 0.4045 0 0
6 313.42 1836.06 -0.4 0.0014 0.0023 0.0037 0
7 333.34 1836 0.4 0.4591 0.4045 0.2801 0
9 340.36 1836.02 0 0.0014 0.0023 0.0037 0
2 347.54 1836.17 -0.9 0.9158 0.4045 0 0
4 354.82 1836.08 0.3 0.4591 0.4045 0.2801 0
4 376.75 1836.12 -0.2 0.0072 0.0189 0.0658 0
9 385.04 1836.1 -0.9 0.0189 0.022 0.029 0
8 392.6 1836.13 -0.6 0.2758 0.2932 0.3112 0
7 405.33 1836.04 -1.1 0.1573 0.0066 0.0066 0
8 420.88 1854.5 90.9 0.0546 0.0915 0.0461 0
4 420.86 1862.67 91.1 0.7969 0.7742 0.7083 0
6 420.75 1870.24 90.6 0.0189 0.022 0.029 0
5 420.77 1877.44 89.5 0.259 0.0097 0.0097 0
7 420.74 1885.86 90.4 0.1542 0.1636 0.1768 0
9 420.7 1893.73 89.5 0.0546 0.0915 0.0461 0
4 420.73 1901.2 90.9 0.0072 0.0078 0.0097 0
12 438.15 1880.93 -90.4 0.5924 0.5924 0.5795 1
10 439.18 1904.43 -89.5 0.0072 0.0078 0.0097 0
12 439.17 1872.12 -90.1 0.632 0.6121 0.5605 0
7 454.26 1843.91 -0.1 0.1542 0.1636 0.1768 0
7 462.25 1843.83 0.8 0.148 0.2428 0.3587 0
6 468.6 1843.8 0.8 0.0014 0.0023 0.0037 0
4 476.28 1843.84 1 0.0119 0.0385 0.1247 0
4 489 1843.92 -0.3 0.1573 0.0066 0.0066 0
8 496.8 1843.92 0.3 0.3392 0.3537 0.3736 0
4 502.79 1843.82 0.8 0.021 0.043 0.0231 0
5 509.48 1843.89 0.6 0.021 0.043 0.0231 0
4 516.28 1843.97 1.1 0.0242 0.0697 0.1975 0
9 523.42 1843.86 0.6 0.0017 0.0017 0.0023 0
8 530.44 1843.91 -0.3 0.0029 0.0033 0.0041 0
6 537.53 1843.88 -0.1 0.0189 0.022 0.029 0
5 551.85 1843.89 -0.6 0.0072 0.0078 0.0097 0
9 559.48 1843.91 0 0.0399 0.0546 0.0781 0
8 567.38 1843.8 -1 0.0072 0.0189 0.0658 0
12 575.47 1843.96 -0.7 0.68 0.68 0.6524 0
1 491.59 1836.45 0.8 0.9158 0.4045 0 1
11 454.5 1836.04 -0.9 0.7012 0.687 0.6388 0
8 462.87 1836.04 0.2 0.3345 0.2801 0.1801 0
6 476.42 1836.1 -0.9 0.3345 0.2801 0.1801 0
4 503.06 1836.12 -0.5 0.4045 0.4259 0.4479 0
6 509.7 1836.09 -0.8 0.0029 0.0033 0.0041 0
5 525.08 1836.02 0 0.2758 0.2932 0.3112 0
5 531.96 1836.04 0 0.021 0.043 0.0231 0
7 538.37 1836.02 -0.7 0.0399 0.0546 0.0781 0
4 546.27 1836.12 0.4 0.1573 0.0066 0.0066 0
8 553.34 1836.12 0.2 0.1542 0.1636 0.1768 0
8 567.89 1836.13 -0.2 0.2047 0.259 0.2801 0
6 575.3 1836.11 -0.6 0.0546 0.06 0.0677 0
5 582.91 1836.08 -0.5 0.7969 0.7742 0.7083 0
5 600.73 1858.14 89.1 0.2758 0.2932 0.3112 0
12 600.8 1867.11 88.9 0.68 0.68 0.6524 0
12 600.82 1884.33 89.3 0.7012 0.687 0.6388 0
6 600.78 1902 89.8 0.4591 0.4045 0.2801 0
9 -458.54 1916.07 180.3 0.0017 0.0017 0.0023 0
11 -494.25 1916.12 179.3 0.632 0.6121 0.5605 0
8 -519.22 1916.16 179 0.0892 0.0963 0.1062 0
7 -525.82 1916.03 180.6 0.4045 0.4259 0.4479 0
9 -532.92 1916.08 179.2 0.0399 0.0546 0.0781 0
8 -540.02 1916.17 180.8 0.0892 0.0963 0.1062 0
9 -547.05 1916.02 180.7 0.0017 0.0017 0.0023 0
4 -555.06 1916.05 179.5 0.3345 0.2801 0.1801 0
8 -568.13 1916.05 179.9 0.0546 0.0915 0.0461 0
4 -575.76 1916.1 179 0.3345 0.2801 0.1801 0
4 -583.58 1916.07 180 0.7667 0.7667 0.7445 0
8 -452.3 1923.83 179 0.0658 0.0385 0.021 0
9 -458.32 1923.93 179.2 0.3345 0.2801 0.1801 0
12 -473.96 1923.86 180.4 0.68 0.68 0.6524 0
7 -482.49 1923.83 180.1 0.0072 0.0189 0.0658 0
6 -495.72 1923.87 179.6 0.021 0.043 0.0231 0
4 -502.03 1923.99 179.4 0.021 0.043 0.0231 0
9 -509.25 1923.9 179.1 0.0017 0.0017 0.0023 0
7 -523.39 1923.86 179.9 0.0658 0.0385 0.021 0
9 -529.53 1923.82 179.8 0.0546 0.0915 0.0461 0
4 -535.56 1923.94 180.9 0.1011 0.0029 0.0046 0
8 -579.5 1924 180.4 0.3392 0.3537 0.3736 0
8 -439.15 1942.23 89.4 0.1011 0.0029 0.0046 0
5 -439.29 1948.56 89.3 0.021 0.043 0.0231 0
7 -439.28 1956.29 89.6 0.0041 0.0041 0.005 0
10 -439.3 1971.63 89.6 0.0072 0.0189 0.0658 0
6 -439.27 1978.49 89.5 0.3345 0.2801 0.1801 0
12 -421.85 1977.58 -88.9 0.68 0.68 0.6524 1
13 -421.2 1946.72 -91 0.7818 0.7818 0.7519 0
8 -420.76 1984.85 -89.4 0.0029 0.0033 0.0041 0
6 -420.86 1969.54 -91.1 0.1573 0.0066 0.0066 0
8 -420.74 1962.97 -89.2 0.1573 0.0066 0.0066 0
10 -420.7 1955.47 -89.3 0.632 0.632 0.5989 0
11 -274.94 1916.2 180.5 0.68 0.68 0.6524 0
5 -283.82 1916.12 179.1 0.632 0.632 0.5989 0
6 -297.58 1916.12 179.2 0.0014 0.0023 0.0037 0
9 -312.02 1916.13 180.1 0.0014 0.0023 0.0037 0
8 -318.02 1916.02 179.5 0.0029 0.0033 0.0041 0
6 -323.93 1916.17 179.1 0.1011 0.0029 0.0046 0
6 -331.05 1916.11 179.4 0.0399 0.0546 0.0781 0
9 -337.43 1916.07 179.1 0.0029 0.0033 0.0041 0
4 -345.06 1916.13 180.7 0.4591 0.4045 0.2801 0
4 -351.37 1916.11 179.5 0.7667 0.7667 0.7445 0
5 -357.82 1916.18 180.2 0.259 0.0097 0.0097 0
4 -373.39 1916.03 179.4 0.7969 0.7742 0.7083 0
4 -379.73 1916.1 179.7 0.3345 0.2801 0.1801 0
4 -385.89 1916.17 180.2 0.7969 0.7742 0.7083 0
9 -393.1 1916.16 179 0.0546 0.0915 0.0461 0
7 -399.96 1916.19 180.6 0.3392 0.3537 0.3736 0
4 -406.21 1916.02 179.7 0.0119 0.0385 0.1247 0
12 -334.31 1922.85 180.7 0.5924 0.5924 0.5795 1
7 -271.03 1923.83 179.5 0.259 0.0097 0.0097 0
6 -284.58 1923.96 180.1 0.1542 0.1636 0.1768 0
10 -292.76 1923.93 179 0.482 0.4936 0.5054 0
8 -301.56 1923.93 179 0.4591 0.4045 0.2801 0
4 -308.06 1923.9 180.6 0.0072 0.0189 0.0658 0
10 -317.34 1923.9 181.1 0.021 0.043 0.0231 0
5 -324.89 1923.84 180.8 0.3392 0.3537 0.3736 0
9 -346.78 1923.94 179.1 0.0017 0.0017 0.0023 0
1 -353.94 1923.98 181.1 0.9158 0.4045 0 0
9 -360.7 1923.81 180.9 0.001 0.001 0.0012 0
12 -369.14 1923.99 179.8 0.7012 0.687 0.6388 0
12 -394.88 1923.81 180.3 0.68 0.68 0.6524 0
12 -241.85 1956.43 -89.3 0.632 0.6121 0.5605 1
3 -241.15 1980.03 -88.9 0.3297 0.4313 0.0697 1
5 -240.84 1969.73 -90.7 0.0242 0.0697 0.1975 0
10 -240.7 1946.6 -90 0.0072 0.0189 0.0658 0
12 -240.89 1938.58 -90.9 0.68 0.68 0.6524 0
12 -150.57 1916.95 181 0.5924 0.5924 0.5795 1
5 -27.61 1916.11 179.7 0.021 0.043 0.0231 0
6 -34.47 1916.13 181 0.0029 0.0033 0.0041 0
10 -41.88 1916.08 180 0.2047 0.259 0.2801 0
4 -48.95 1916.02 179.1 0.0399 0.0546 0.0781 0
4 -55.77 1916.08 181 0.4045 0.4259 0.4479 0
12 -65.08 1916.17 180.2 0.68 0.68 0.6524 0
4 -75.12 1916.09 179.4 0.0242 0.0697 0.1975 0
11 -83.95 1916.1 179.8 0.632 0.6121 0.5605 0
8 -91.15 1916.17 180.3 0.0119 0.0385 0.1247 0
5 -99.45 1916.12 180.7 0.632 0.632 0.5989 0
4 -107.16 1916.2 180 0.0041 0.0041 0.005 0
4 -115.07 1916.09 180.2 0.7667 0.7667 0.7445 0
5 -121.81 1916.11 179.3 0.021 0.043 0.0231 0
12 -136.13 1916.07 179.4 0.68 0.68 0.6524 0
5 -168.06 1916.19 179.3 0.0546 0.06 0.0677 0
5 -175.95 1916.08 178.9 0.0023 0.0037 0.0055 0
6 -184.21 1916.01 180.2 0.0546 0.0915 0.0461 0
8 -191.89 1916.07 180.5 0.4591 0.4045 0.2801 0
8 -199.96 1916.1 179.1 0.1011 0.0029 0.0046 0
5 -208.05 1916.11 179.7 0.0072 0.0078 0.0097 0
5 -214.81 1916.15 180.9 0.4045 0.4259 0.4479 0
8 -221.43 1916.03 181 0.0072 0.0189 0.0658 0
12 -136.98 1922.85 180.8 0.5924 0.5924 0.5795 1
10 -31.81 1923.95 179.7 0.0072 0.0078 0.0097 0
6 -39.74 1923.97 180 0.0119 0.0385 0.1247 0
8 -52.37 1923.98 180.9 0.0014 0.0023 0.0037 0
5 -59.17 1923.82 179.6 0.2047 0.259 0.2801 0
7 -67.39 1923.95 180.5 0.2047 0.259 0.2801 0
5 -75.06 1923.97 180.8 0.7667 0.7667 0.7445 0
10 -89.11 1923.9 178.9 0.1011 0.0029 0.0046 0
9 -95.83 1923.91 180.9 0.0029 0.0033 0.0041 0
6 -101.9 1923.93 179.9 0.0399 0.0546 0.0781 0
1 -109.25 1923.87 181.1 0.9158 0.4045 0 0
7 -117.09 1923.98 179.2 0.7969 0.7742 0.7083 0
6 -124.61 1923.89 178.9 0.1573 0.0066 0.0066 0
5 -148.06 1923.9 179.6 0.0189 0.022 0.029 0
6 -162.31 1923.87 178.9 0.0017 0.0017 0.0023 0
12 -170.24 1923.94 179.2 0.7012 0.687 0.6388 0
7 -179.23 1923.89 178.9 0.2758 0.2932 0.3112 0
8 -185.85 1923.96 180.2 0.1011 0.0029 0.0046 0
6 -193.99 1923.89 179.6 0.0189 0.022 0.029 0
12 -202.63 1923.95 179.3 0.68 0.68 0.6524 0
8 -212.91 1923.92 181 0.0029 0.0033 0.0041 0
9 -220.03 1923.85 179 0.0014 0.0023 0.0037 0
1 -8.85 1958.59 90.5 0.9158 0.4045 0 1
13 -8.8 1977.92 91.3 0.7818 0.7818 0.7519 0
4 -9.13 1938.46 89.6 0.0892 0.0963 0.1062 0
4 -9.23 1944.8 90.4 0.7667 0.7667 0.7445 0
3 -9.14 1965.19 90.7 0.9158 0.4045 0 0
9 9.17 1981.47 -89.5 0.0029 0.0033 0.0041 0
6 9.21 1974.2 -90 0.0029 0.0033 0.0041 0
7 9.19 1960.67 -90.4 0.632 0.632 0.5989 0
2 9.2 1953.24 -89.6 0.9158 0.4045 0 0
6 9.12 1946.71 -88.9 0.001 0.001 0.0012 0
3 225.27 1916.1 179.8 0.9158 0.4045 0 0
7 219.43 1916.13 180.9 0.0242 0.0697 0.1975 0
8 204.94 1916.04 178.9 0.0658 0.0385 0.021 0
9 198.99 1916.2 180.1 0.0014 0.0023 0.0037 0
7 192.12 1916.12 180 0.7969 0.7742 0.7083 0
12 182.49 1916.04 180.2 0.632 0.6121 0.5605 0
5 166.64 1916.04 178.9 0.259 0.0097 0.0097 0
4 159.35 1916.18 180.6 0.1542 0.1636 0.1768 0
9 153.52 1916.08 180.3 0.148 0.2428 0.3587 0
5 147.37 1916.15 179.9 0.1542 0.1636 0.1768 0
4 139.48 1916.02 179.1 0.2758 0.2932 0.3112 0
0 131.77 1916.19 179.8 0.9158 0.4045 0 0
6 123.67 1916.16 179.9 0.0546 0.06 0.0677 0
4 115.45 1916.16 180 0.259 0.0097 0.0097 0
4 108.67 1916.15 180.1 0.021 0.043 0.0231 0
4 101.44 1916.19 180.2 0.1573 0.0066 0.0066 0
5 93.39 1916 180.4 0.1542 0.1636 0.1768 0
4 58.5 1916.18 180.2 0.0189 0.022 0.029 0
8 51.61 1916.02 180 0.0014 0.0023 0.0037 0
10 42.74 1916.01 179.7 0.2047 0.259 0.2801 0
3 34.63 1916.01 180.4 0.9158 0.4045 0 0
10 218.67 1923.85 180.2 0.0892 0.0963 0.1062 0
6 210.43 1923.87 180.5 0.0017 0.0017 0.0023 0
9 203.34 1923.89 180.7 0.0014 0.0023 0.0037 0
11 195.47 1923.88 179.9 0.68 0.68 0.6524 0
9 187.77 1923.84 181 0.0014 0.0023 0.0037 0
7 179.84 1923.84 180 0.3392 0.3537 0.3736 0
6 164.28 1923.81 179.6 0.0017 0.0017 0.0023 0
4 157.03 1923.83 179.9 0.0017 0.0017 0.002 0
6 149.09 1923.97 179.9 0.0017 0.0017 0.0023 0
8 143.01 1923.96 179.6 0.001 0.001 0.0012 0
8 136.58 1923.97 180.2 0.2047 0.259 0.2801 0
6 129.86 1923.83 179.6 0.259 0.0097 0.0097 0
8 123.16 1923.97 179.8 0.001 0.001 0.0012 0
6 116.31 1923.96 178.9 0.0017 0.0017 0.0023 0
4 109.7 1923.83 181.1 0.3392 0.3537 0.3736 0
4 103.63 1923.89 180.9 0.3345 0.2801 0.1801 0
6 97.85 1923.93 179.4 0.0014 0.0023 0.0037 0
5 34.65 1923.8 179.2 0.1011 0.0029 0.0046 0
4 27.74 1923.96 179.2 0.7667 0.7667 0.7445 0
3 241.15 1971.43 91.4 0.9158 0.4045 0 1
7 240.74 1942.72 89.1 0.3345 0.2801 0.1801 0
8 240.78 1949.29 90 0.0658 0.0385 0.021 0
3 240.81 1956.44 90.1 0.3297 0.4313 0.0697 0
9 240.71 1963.47 91.1 0.0029 0.0033 0.0041 0
6 240.87 1982.71 89.4 0.1573 0.0066 0.0066 0
1 258.85 1964.56 -89.3 0.9158 0.4045 0 1
4 259.28 1983.05 -90.3 0.4045 0.4259 0.4479 0
12 259.2 1948.68 -88.9 0.68 0.68 0.6524 0
1 350.84 1916.45 181.4 0.9158 0.4045 0 1
6 406.02 1916.18 180.3 0.0029 0.0033 0.0041 0
7 398.21 1916.09 179.5 0.259 0.0097 0.0097 0
5 390.25 1916.11 180.5 0.0892 0.0963 0.1062 0
0 382.59 1916.19 179.9 0.9158 0.4045 0 0
4 361.88 1916.13 179.5 0.1011 0.0029 0.0046 0
6 341.03 1916.14 180.5 0.2047 0.259 0.2801 0
7 333.33 1916.06 180.4 0.2047 0.259 0.2801 0
4 326.02 1916.01 179.7 0.0023 0.0037 0.0055 0
9 319.32 1916.08 181 0.021 0.043 0.0231 0
3 313.06 1916 179.2 0.9158 0.4045 0 0
6 300.06 1916.12 180.3 0.021 0.043 0.0231 0
12 291.29 1916.15 179.4 0.632 0.6121 0.5605 0
6 282.86 1916.1 181 0.0072 0.0189 0.0658 0
6 275.55 1916.07 180.4 0.001 0.001 0.0012 0
7 405.22 1923.99 179.1 0.0658 0.0385 0.021 0
4 397.1 1923.84 179.6 0.482 0.4936 0.5054 0
10 389.17 1923.96 179.4 0.1542 0.1636 0.1768 0
4 381.79 1923.9 180.6 0.148 0.2428 0.3587 0
0 373.9 1923.86 180.3 0.9158 0.4045 0 0
6 366.98 1923.97 181.1 0.0892 0.0963 0.1062 0
8 360.71 1923.91 179.9 0.148 0.2428 0.3587 0
11 352.64 1923.88 179.5 0.5924 0.5924 0.5795 0
4 344.39 1923.85 179.3 0.0658 0.0385 0.021 0
1 324.13 1923.82 180.9 0.9158 0.4045 0 0
4 317.67 1923.85 180.5 0.1573 0.0066 0.0066 0
5 311.1 1923.81 180.3 0.0072 0.0189 0.0658 0
8 304.9 1923.9 180.5 0.0546 0.0915 0.0461 0
3 289.58 1923.85 180.5 0.9158 0.4045 0 0
10 280.83 1923.99 179.4 0.1573 0.0066 0.0066 0
8 273.22 1923.99 180.5 0.0892 0.0963 0.1062 0
2 421.15 1948.61 89.7 0.9158 0.4045 0 1
8 420.81 1935.44 90.5 0.259 0.0097 0.0097 0
5 420.71 1957.94 90.3 0.3345 0.2801 0.1801 0
8 420.88 1965.38 89.8 0.0399 0.0546 0.0781 0
4 420.72 1979.52 90.9 0.0072 0.0189 0.0658 0
10 580.27 1923.98 179.8 0.0119 0.0385 0.1247 0
4 571.93 1923.84 179 0.0892 0.0963 0.1062 0
5 564.42 1923.99 180.5 0.0658 0.0385 0.021 0
9 551.33 1923.91 179.5 0.0014 0.0023 0.0037 0
1 543.12 1923.93 179.8 0.9158 0.4045 0 0
4 528.68 1923.98 179.5 0.0072 0.0078 0.0097 0
4 521.36 1923.85 179 0.021 0.043 0.0231 0
4 515.19 1923.85 179.9 0.148 0.2428 0.3587 0
4 507.59 1923.81 179.6 0.259 0.0097 0.0097 0
10 499.13 1923.82 179.3 0.7969 0.7742 0.7083 0
1 490.54 1923.92 181 0.9158 0.4045 0 0
4 483.48 1923.93 179.8 0.482 0.4936 0.5054 0
4 475.85 1923.87 180.2 0.0072 0.0189 0.0658 0
4 462.27 1923.97 180.1 0.1011 0.0029 0.0046 0
4 -587.64 2003.98 0.2 0.482 0.4936 0.5054 0
10 -579.86 2003.88 -0.9 0.1011 0.0029 0.0046 0
11 -571.23 2003.81 0.9 0.5924 0.5924 0.5795 0
5 -562.28 2003.86 0.8 0.4045 0.4259 0.4479 0
8 -555.06 2003.87 0.1 0.1542 0.1636 0.1768 0
11 -547.12 2003.85 1.1 0.632 0.6121 0.5605 0
5 -538.48 2003.94 0.3 0.7969 0.7742 0.7083 0
9 -516.65 2003.85 -0.3 0.0014 0.0023 0.0037 0
5 -510.09 2003.96 -0.7 0.1542 0.1636 0.1768 0
7 -503.98 2003.95 -0.6 0.2047 0.259 0.2801 0
8 -497.58 2003.81 0.8 0.0017 0.0017 0.0023 0
10 -483.44 2003.82 0.7 0.0399 0.0546 0.0781 0
3 -474.66 2003.89 1.1 0.9158 0.4045 0 0
10 -466.2 2003.88 0.1 0.2758 0.2932 0.3112 0
12 -457.36 2003.96 0.4 0.632 0.6121 0.5605 0
1 -528.36 1996.45 0.4 0.9158 0.4045 0 1
12 -578.84 1996.13 -0.5 0.5924 0.5924 0.5795 0
5 -563.91 1996.15 -0.2 0.0189 0.022 0.029 0
0 -556.94 1996.04 -1.1 0.9158 0.4045 0 0
5 -549.33 1996.07 -0.5 0.1542 0.1636 0.1768 0
6 -543.39 1996.19 -1.1 0.0658 0.0385 0.021 0
0 -536.58 1996.14 -0.5 0.9158 0.4045 0 0
4 -521.79 1996.15 1 0.3392 0.3537 0.3736 0
8 -513.59 1996.18 -1 0.1573 0.0066 0.0066 0
8 -506.86 1996.13 -0.3 0.0017 0.0017 0.0023 0
6 -500.26 1996.15 0.6 0.001 0.001 0.0012 0
6 -494.27 1996.06 -0.7 0.0892 0.0963 0.1062 0
6 -488.19 1996.02 0.4 0.0546 0.0915 0.0461 0
3 -481.49 1996.04 0.8 0.9158 0.4045 0 0
7 -475.28 1996.13 -0.1 0.4045 0.4259 0.4479 0
11 -467.68 1996.09 -1.1 0.5924 0.5924 0.5795 0
7 -453.99 1996.16 -1 0.4045 0.4259 0.4479 0
1 -439.16 2017.25 91.1 0.9158 0.4045 0 0
4 -439.14 2032.61 90.2 0.0892 0.0963 0.1062 0
10 -439.18 2041.71 90.7 0.7969 0.7742 0.7083 0
7 -439.19 2050.26 91 0.1542 0.1636 0.1768 0
4 -420.88 2061.4 -90.8 0.021 0.043 0.0231 0
5 -420.9 2046.3 -89.8 0.6941 0.6941 0.6661 0
6 -420.89 2032.89 -89.3 0.0546 0.06 0.0677 0
4 -420.73 2025.15 -89.7 0.482 0.4936 0.5054 0
10 -420.74 2016.67 -90.7 0.021 0.043 0.0231 0
1 -293.17 2003.55 0.6 0.9158 0.4045 0 1
8 -408.3 2003.86 -0.3 0.259 0.0097 0.0097 0
8 -394.59 2004 -0.5 0.0014 0.0023 0.0037 0
6 -388.17 2003.83 0.2 0.0029 0.0033 0.0041 0
2 -380.77 2003.97 -0.7 0.9158 0.4045 0 0
4 -374.81 2003.95 -0.4 0.259 0.0097 0.0097 0
9 -368.5 2003.83 -0.9 0.0014 0.0023 0.0037 0
4 -361.96 2003.88 -1 0.0072 0.0078 0.0097 0
6 -354.27 2003.86 -0.6 0.1573 0.0066 0.0066 0
5 -346.52 2003.85 -0.2 0.0072 0.0078 0.0097 0
4 -338.16 2003.92 -1.1 0.0072 0.0189 0.0658 0
6 -332.07 2003.96 -0.5 0.0014 0.0023 0.0037 0
5 -326.09 2003.89 0.7 0.0017 0.0017 0.002 0
0 -282.79 2003.86 -0.7 0.9158 0.4045 0 0
7 -274.98 2003.89 1 0.0399 0.0546 0.0781 0
7 -409.6 1996.01 1.1 0.0017 0.0017 0.002 0
9 -402.46 1996.05 -1 0.0014 0.0023 0.0037 0
11 -379.25 1996.11 0.2 0.5924 0.5924 0.5795 0
12 -370.13 1996.07 1 0.5924 0.5924 0.5795 0
8 -360.21 1996.03 -0.9 0.0119 0.0385 0.1247 0
6 -354.22 1996.08 1.1 0.0546 0.06 0.0677 0
0 -346.08 1996.06 1 0.9158 0.4045 0 0
6 -339.05 1996.08 -1.1 0.1542 0.1636 0.1768 0
8 -332.24 1996.09 -0.5 0.0892 0.0963 0.1062 0
9 -324.81 1996.05 0.7 0.0029 0.0033 0.0041 0
10 -317.32 1996.13 -0.9 0.6941 0.6941 0.6661 0
8 -308.87 1996.16 0.7 0.1573 0.0066 0.0066 0
12 -300.97 1996.17 0.6 0.7012 0.687 0.6388 0
6 -291.37 1996.04 -0.4 0.1011 0.0029 0.0046 0
7 -284.66 1996.11 1.1 0.4591 0.4045 0.2801 0
5 -277.56 1996.12 -0.4 0.148 0.2428 0.3587 0
4 -240.85 2057.55 -89.9 0.021 0.043 0.0231 0
4 -240.83 2050.68 -90.7 0.1011 0.0029 0.0046 0
5 -240.74 2043.72 -89.3 0.6941 0.6941 0.6661 0
11 -240.71 2035.18 -89.4 0.5924 0.5924 0.5795 0
4 -240.89 2026.59 -91 0.0017 0.0017 0.002 0
12 -69.99 2003.05 0.2 0.7012 0.687 0.6388 1
5 -227.81 2003.93 -0.3 0.1542 0.1636 0.1768 0
8 -219.58 2003.95 0.8 0.001 0.001 0.0012 0
4 -213.44 2003.99 0.1 0.632 0.632 0.5989 0
9 -200.34 2003.89 -0.2 0.0029 0.0033 0.0041 0
4 -184.9 2003.99 -0.6 0.3345 0.2801 0.1801 0
9 -177.15 2003.87 -1.1 0.0017 0.0017 0.0023 0
4 -169.98 2003.8 -0.9 0.0658 0.0385 0.021 0
4 -163.29 2003.99 0 0.0658 0.0385 0.021 0
4 -156.04 2003.97 -0.3 0.259 0.0097 0.0097 0
4 -149.37 2003.84 -0.6 0.0041 0.0041 0.005 0
8 -135.04 2003.96 -1 0.0029 0.0033 0.0041 0
10 -125.64 2003.98 -0.7 0.4591 0.4045 0.2801 0
4 -117.75 2003.97 -0.9 0.0242 0.0697 0.1975 0
7 -111.56 2003.96 -0.3 0.632 0.632 0.5989 0
6 -104.2 2003.98 -0.2 0.001 0.001 0.0012 0
8 -97.91 2003.92 0.5 0.4591 0.4045 0.2801 0
11 -89.26 2003.99 -0.5 0.68 0.68 0.6524 0
1 -80.43 2003.86 0.8 0.9158 0.4045 0 0
6 -58.73 2003.92 -0.8 0.4591 0.4045 0.2801 0
4 -51.17 2004 0 0.148 0.2428 0.3587 0
12 -41.53 2003.82 0.2 0.632 0.6121 0.5605 0
8 -24.91 2003.91 -1.1 0.0242 0.0697 0.1975 0
3 -116.35 1996.45 0.4 0.9158 0.4045 0 1
6 -227.33 1996.09 1.1 0.0029 0.0033 0.0041 0
5 -219.97 1996.03 -0.9 0.0546 0.06 0.0677 0
4 -213.72 1996.08 -0.5 0.4045 0.4259 0.4479 0
9 -207.46 1996.06 -0.9 0.021 0.043 0.0231 0
5 -193.74 1996.16 0.4 0.2047 0.259 0.2801 0
8 -186.61 1996.09 0.7 0.148 0.2428 0.3587 0
12 -177.09 1996.1 0.5 0.68 0.68 0.6524 0
5 -166.41 1996.18 -0.4 0.148 0.2428 0.3587 0
5 -160.11 1996.14 -0.8 0.259 0.0097 0.0097 0
7 -152.35 1996.13 0.1 0.0072 0.0189 0.0658 0
4 -138.84 1996.03 1.1 0.0189 0.022 0.029 0
9 -131.48 1996.06 -0.1 0.001 0.001 0.0012 0
4 -123.53 1996.09 0.9 0.482 0.4936 0.5054 0
9 -107.38 1996.12 -1 0.0017 0.0017 0.0023 0
12 -99.36 1996.16 0.6 0.632 0.6121 0.5605 0
4 -89.57 1996.18 0.1 0.2047 0.259 0.2801 0
8 -83.47 1996.09 -0.1 0.0029 0.0033 0.0041 0
10 -75 1996.13 -1 0.0189 0.022 0.029 0
6 -68.02 1996.06 0.5 0.3345 0.2801 0.1801 0
5 -54.79 1996.19 -0.6 0.632 0.632 0.5989 0
11 -47.12 1996 0.8 0.68 0.68 0.6524 0
8 -40.28 1996.15 0.8 0.2758 0.2932 0.3112 0
2 -33.48 1996.05 -0.3 0.9158 0.4045 0 0
12 -9.14 2017.86 90.4 0.68 0.68 0.6524 0
6 -9.16 2027.58 89.8 0.1573 0.0066 0.0066 0
6 -9.23 2035.43 90.6 0.0072 0.0189 0.0658 0
8 -9.2 2043.62 89.2 0.0017 0.0017 0.0023 0
4 -9.21 2051.66 89.3 0.2758 0.2932 0.3112 0
12 8.15 2051.34 -89.2 0.5924 0.5924 0.5795 1
1 8.85 2020.25 -90.4 0.9158 0.4045 0 1
9 9.18 2062.07 -89.5 0.0014 0.0023 0.0037 0
7 9.19 2041.22 -88.9 0.2758 0.2932 0.3112 0
3 9.21 2033.55 -89.6 0.9158 0.4045 0 0
12 165.98 2003.05 1.2 0.7012 0.687 0.6388 1
6 27.77 2003.82 1 0.0546 0.06 0.0677 0
8 34.29 2003.86 1 0.0892 0.0963 0.1062 0
9 67.48 2003.89 0.3 0.148 0.2428 0.3587 0
10 76.3 2003.9 1.1 0.0119 0.0385 0.1247 0
9 83.69 2003.94 -0.5 0.0029 0.0033 0.0041 0
2 89.79 2003.91 -0.9 0.9158 0.4045 0 0
1 96 2003.84 -0.6 0.9158 0.4045 0 0
9 102.96 2003.9 -0.4 0.4591 0.4045 0.2801 0
7 117.49 2003.85 -1 0.0658 0.0385 0.021 0
2 130.98 2003.89 0 0.9158 0.4045 0 0
8 138.89 2003.82 1.1 0.0072 0.0189 0.0658 0
8 155.2 2003.84 -0.9 0.0017 0.0017 0.0023 0
8 175.75 2003.86 0.3 0.0119 0.0385 0.1247 0
8 182.06 2003.82 -1.1 0.0546 0.06 0.0677 0
6 188.72 2003.81 0.1 0.001 0.001 0.0012 0
12 196.32 2003.9 -0.8 0.68 0.68 0.6524 0
5 206.98 2003.98 0.6 0.6941 0.6941 0.6661 0
9 212.99 2003.99 -0.7 0.0029 0.0033 0.0041 0
2 30.77 1996.45 0.3 0.9158 0.4045 0 1
4 24.25 1996.07 0.2 0.2758 0.2932 0.3112 0
4 68.76 1996.15 0.8 0.0546 0.06 0.0677 0
6 75.59 1996.05 -0.6 0.1011 0.0029 0.0046 0
9 83.77 1996.15 -1.1 0.0029 0.0033 0.0041 0
12 93.12 1996.11 0.7 0.7012 0.687 0.6388 0
7 103.9 1996.18 -1.1 0.0072 0.0189 0.0658 0
2 109.91 1996.02 0.4 0.9158 0.4045 0 0
4 116.17 1996.11 -0.7 0.0017 0.0017 0.002 0
7 123.69 1996.14 -0.8 0.0041 0.0041 0.005 0
6 129.94 1996.01 -0.8 0.0029 0.0033 0.0041 0
2 136.55 1996.09 -0.8 0.9158 0.4045 0 0
5 143.03 1996.16 0.5 0.0119 0.0385 0.1247 0
8 149.43 1996.07 1.1 0.3345 0.2801 0.1801 0
7 164.4 1996.16 0.6 0.2758 0.2932 0.3112 0
5 171.19 1996.03 -0.6 0.0658 0.0385 0.021 0
9 178.61 1996.18 0.3 0.0014 0.0023 0.0037 0
6 190.98 1996.11 0.3 0.0014 0.0023 0.0037 0
4 198.14 1996.03 0.2 0.0892 0.0963 0.1062 0
5 204.45 1996.12 0.8 0.4045 0.4259 0.4479 0
6 212.2 1996.15 0.2 0.1573 0.0066 0.0066 0
4 219.72 1996.15 0.9 0.0072 0.0078 0.0097 0
9 226.93 1996.05 0.1 0.0014 0.0023 0.0037 0
10 240.79 2016.35 90.8 0.2758 0.2932 0.3112 0
10 240.9 2024.8 90.7 0.1573 0.0066 0.0066 0
5 240.78 2041.28 89.5 0.0023 0.0037 0.0055 0
12 258.15 2052.81 -91.3 0.5924 0.5924 0.5795 1
6 259.2 2063.22 -89.4 0.0546 0.0915 0.0461 0
6 259.26 2034.68 -90.8 0.0017 0.0017 0.0023 0
2 259.23 2028.13 -91.1 0.9158 0.4045 0 0
1 372.6 1996.45 -1 0.9158 0.4045 0 1
7 277.7 1996.18 1.1 0.3345 0.2801 0.1801 0
9 291.53 1996.02 1 0.0029 0.0033 0.0041 0
7 298.47 1996.08 -0.1 0.0658 0.0385 0.021 0
8 306.51 1996.04 -0.9 0.0029 0.0033 0.0041 0
5 314.86 1996.04 -0.7 0.2758 0.2932 0.3112 0
8 321.3 1996.09 0.9 0.0892 0.0963 0.1062 0
4 327.66 1996.1 0.9 0.6941 0.6941 0.6661 0
7 335.84 1996.09 -1 0.0546 0.0915 0.0461 0
5 341.79 1996.11 1.1 0.0892 0.0963 0.1062 0
9 349.28 1996.03 0.4 0.0017 0.0017 0.0023 0
9 363.54 1996.11 0.7 0.2047 0.259 0.2801 0
9 380.07 1996.05 0.9 0.0029 0.0033 0.0041 0
4 392.1 1996.01 1 0.0072 0.0189 0.0658 0
6 399.56 1996.07 -1.1 0.0399 0.0546 0.0781 0
6 406.18 1996.05 -0.1 0.0546 0.0915 0.0461 0
1 421.15 2016.88 91.1 0.9158 0.4045 0 1
10 420.74 2031.94 90.9 0.2047 0.259 0.2801 0
8 420.81 2039.3 90.6 0.0014 0.0023 0.0037 0
4 420.82 2053.45 91 0.482 0.4936 0.5054 0
7 420.9 2060.18 91.1 0.2047 0.259 0.2801 0
2 438.85 2033.06 -90.7 0.9158 0.4045 0 1
7 439.2 2065.76 -90.9 0.148 0.2428 0.3587 0
8 439.24 2058.19 -89 0.0029 0.0033 0.0041 0
4 439.27 2022.16 -90.2 0.0072 0.0189 0.0658 0
12 512.9 2003.05 1.1 0.68 0.68 0.6524 1
1 497.71 2003.55 -0.4 0.9158 0.4045 0 1
6 459.23 2003.8 -0.8 0.0014 0.0023 0.0037 0
7 465.72 2003.98 0.4 0.0658 0.0385 0.021 0
9 479.68 2003.81 0.1 0.0014 0.0023 0.0037 0
5 486.41 2003.95 0.9 0.0399 0.0546 0.0781 0
10 532.01 2003.8 -0.1 0.4045 0.4259 0.4479 0
9 539.53 2003.83 0.9 0.148 0.2428 0.3587 0
5 546.1 2003.81 -0.5 0.482 0.4936 0.5054 0
6 552.56 2003.99 1.1 0.259 0.0097 0.0097 0
8 560.08 2003.87 -0.3 0.3345 0.2801 0.1801 0
9 566.88 2003.88 0.6 0.0017 0.0017 0.0023 0
4 573.77 2003.82 -0.4 0.021 0.043 0.0231 0
8 579.77 2003.83 0 0.148 0.2428 0.3587 0
1 502.97 1996.45 -1.2 0.9158 0.4045 0 1
6 452.48 1996.12 -0.2 0.001 0.001 0.0012 0
8 459.09 1996.09 0.5 0.0017 0.0017 0.0023 0
4 466.74 1996.17 -0.6 0.0658 0.0385 0.021 0
4 473.71 1996 0.8 0.4045 0.4259 0.4479 0
6 481.52 1996.15 -1 0.021 0.043 0.0231 0
4 489.06 1996.02 1.1 0.0189 0.022 0.029 0
4 495.62 1996.1 -1.1 0.1573 0.0066 0.0066 0
9 514.64 1996.02 -1.1 0.0014 0.0023 0.0037 0
5 530.19 1996.04 -0.3 0.259 0.0097 0.0097 0
4 537.68 1996.02 0.4 0.0658 0.0385 0.021 0
10 545.97 1996.17 0.2 0.148 0.2428 0.3587 0
4 554.54 1996.01 -0.1 0.0242 0.0697 0.1975 0
4 568.72 1996.17 -0.1 0.0189 0.022 0.029 0
10 576.73 1996.09 0.7 0.4045 0.4259 0.4479 0
2 585.15 1996.1 0.5 0.9158 0.4045 0 0
7 600.8 2016.13 90.2 0.0242 0.0697 0.1975 0
9 600.89 2024.31 89.6 0.0017 0.0017 0.0023 0
6 600.79 2032.3 91 0.1011 0.0029 0.0046 0
3 600.89 2038.63 89.4 0.3297 0.4313 0.0697 0
7 600.77 2058.82 90.2 0.1573 0.0066 0.0066 0
6 -451.02 2076.17 179.3 0.0017 0.0017 0.0023 0
12 -460.2 2076.15 179.9 0.5924 0.5924 0.5795 0
7 -470.07 2076.17 180.8 0.0546 0.0915 0.0461 0
6 -477.11 2076.15 179.6 0.021 0.043 0.0231 0
8 -483.84 2076.14 179 0.001 0.001 0.0012 0
5 -491.2 2076.18 181.1 0.2758 0.2932 0.3112 0
4 -498.46 2076.1 179.9 0.4045 0.4259 0.4479 0
7 -505.36 2076.12 180.1 0.482 0.4936 0.5054 0
12 -514.85 2076.14 180.9 0.5924 0.5924 0.5795 0
0 -524.9 2076.14 179 0.9158 0.4045 0 0
12 -533.19 2076.09 180.1 0.7012 0.687 0.6388 0
8 -543.7 2076.12 180.9 0.2047 0.259 0.2801 0
4 -549.72 2076.19 180.3 0.0399 0.0546 0.0781 0
8 -556.38 2076.17 180.2 0.001 0.001 0.0012 0
8 -568.61 2076.1 180.8 0.021 0.043 0.0231 0
7 -576.48 2076.09 180.6 0.632 0.632 0.5989 0
9 -457.96 2083.87 181 0.0029 0.0033 0.0041 0
8 -464.5 2083.89 179.3 0.0242 0.0697 0.1975 0
4 -472.28 2083.84 179.5 0.3392 0.3537 0.3736 0
6 -479.04 2083.81 180.5 0.1011 0.0029 0.0046 0
2 -485.79 2083.87 179.7 0.9158 0.4045 0 0
2 -491.72 2083.98 179.3 0.9158 0.4045 0 0
8 -499.69 2083.9 179 0.0242 0.0697 0.1975 0
4 -506.66 2083.9 180.3 0.0017 0.0017 0.002 0
9 -513.31 2083.88 179.3 0.0546 0.0915 0.0461 0
6 -521.31 2083.99 180.4 0.0658 0.0385 0.021 0
9 -528.72 2083.89 180.8 0.001 0.001 0.0012 0
8 -534.81 2083.99 181.1 0.0017 0.0017 0.0023 0
6 -541.41 2083.88 179.4 0.001 0.001 0.0012 0
8 -547.37 2083.87 179.6 0.2047 0.259 0.2801 0
7 -553.93 2083.85 179 0.0546 0.0915 0.0461 0
4 -561.66 2083.89 180.6 0.632 0.632 0.5989 0
8 -581.52 2083.87 179.8 0.001 0.001 0.0012 0
2 -438.85 2135.87 88.8 0.9158 0.4045 0 1
11 -439.16 2095.81 90.7 0.5924 0.5924 0.5795 0
8 -439.1 2111.1 90.5 0.0119 0.0385 0.1247 0
1 -421.15 2128.26 -89.8 0.9158 0.4045 0 1
12 -420.77 2140.8 -89.5 0.632 0.6121 0.5605 0
6 -420.75 2117.55 -91 0.0029 0.0033 0.0041 0
3 -369.23 2076.45 181 0.3297 0.4313 0.0697 1
9 -279.11 2076.05 178.9 0.4591 0.4045 0.2801 0
8 -285.02 2076.09 179.7 0.0892 0.0963 0.1062 0
7 -293.07 2076.16 179 0.0658 0.0385 0.021 0
6 -300.58 2076.14 179 0.2047 0.259 0.2801 0
4 -308.4 2076.07 180.1 0.3392 0.3537 0.3736 0
9 -315.94 2076 179.3 0.0658 0.0385 0.021 0
1 -324.18 2076.01 179.8 0.9158 0.4045 0 0
5 -332.27 2076.06 179 0.4591 0.4045 0.2801 0
11 -339.55 2076.06 179.9 0.5924 0.5924 0.5795 0
6 -347.91 2076 180.6 0.0546 0.0915 0.0461 0
12 -355.78 2076.16 179 0.7012 0.687 0.6388 0
11 -380.67 2076.06 179.8 0.5924 0.5924 0.5795 0
6 -388.2 2076.19 180.1 0.0014 0.0023 0.0037 0
10 -397.25 2076.08 179.4 0.6941 0.6941 0.6661 0
2 -321.16 2083.55 180.1 0.9158 0.4045 0 1
7 -278.63 2083.83 180.8 0.632 0.632 0.5989 0
8 -286.15 2083.88 180.2 0.0014 0.0023 0.0037 0
6 -298.27 2083.98 179.5 0.0072 0.0189 0.0658 0
8 -305.19 2083.97 179.9 0.1573 0.0066 0.0066 0
6 -313.4 2083.83 180.2 0.0014 0.0023 0.0037 0
4 -328.42 2083.98 180.5 0.021 0.043 0.0231 0
9 -341.41 2083.98 179.3 0.001 0.001 0.0012 0
6 -348.57 2083.97 179.4 0.148 0.2428 0.3587 0
7 -354.37 2083.87 180.5 0.148 0.2428 0.3587 0
6 -360.79 2083.81 180.6 0.0658 0.0385 0.021 0
6 -368.56 2083.9 179.2 0.0119 0.0385 0.1247 0
8 -374.61 2083.91 180.3 0.2758 0.2932 0.3112 0
8 -382.83 2083.94 180.5 0.1011 0.0029 0.0046 0
4 -389.69 2083.94 178.9 0.0546 0.06 0.0677 0
10 -404.83 2083.9 180.8 0.6941 0.6941 0.6661 0
12 -241.85 2142.2 -90.6 0.632 0.6121 0.5605 1
4 -240.75 2134.36 -90.9 0.7969 0.7742 0.7083 0
6 -240.79 2127.61 -89.3 0.0546 0.06 0.0677 0
4 -240.89 2121.25 -90 0.0072 0.0078 0.0097 0
8 -240.73 2113.92 -89.5 0.0072 0.0189 0.0658 0
5 -240.85 2106.86 -89.7 0.3392 0.3537 0.3736 0
8 -21.37 2076.06 180.7 0.0546 0.0915 0.0461 0
8 -29.53 2076.13 180.8 0.1573 0.0066 0.0066 0
6 -36.71 2076.01 180.3 0.0014 0.0023 0.0037 0
7 -52.52 2076.14 179.9 0.632 0.632 0.5989 0
7 -65.72 2076.17 179.6 0.0242 0.0697 0.1975 0
5 -73.95 2076.09 179.4 0.0399 0.0546 0.0781 0
4 -81.58 2076.11 180.6 0.0242 0.0697 0.1975 0
7 -96.39 2076.04 179.9 0.4045 0.4259 0.4479 0
5 -102.64 2076.12 179.2 0.0658 0.0385 0.021 0
4 -110.33 2076.11 180.1 0.4045 0.4259 0.4479 0
1 -117.62 2076.19 179.1 0.9158 0.4045 0 0
6 -124.48 2076.09 180.1 0.0892 0.0963 0.1062 0
3 -136.32 2076.07 180 0.9158 0.4045 0 0
9 -144.02 2076.04 179.6 0.001 0.001 0.0012 0
5 -150.1 2076.16 180.1 0.0546 0.06 0.0677 0
5 -164.13 2076.03 179.1 0.0399 0.0546 0.0781 0
8 -170.6 2076.15 179.5 0.0189 0.022 0.029 0
8 -178.02 2076.15 179.5 0.0014 0.0023 0.0037 0
4 -184.92 2076.06 180.8 0.1573 0.0066 0.0066 0
12 -193.78 2076.19 179.2 0.68 0.68 0.6524 0
6 -202.25 2076.12 180.3 0.2047 0.259 0.2801 0
6 -209.78 2076.01 180.5 0.1011 0.0029 0.0046 0
6 -223.52 2076.08 180.7 0.1011 0.0029 0.0046 0
4 -9.22 2098.83 89.5 0.4045 0.4259 0.4479 0
6 -9.28 2106.02 89.8 0.0014 0.0023 0.0037 0
8 -9.18 2138.45 91.1 0.0029 0.0033 0.0041 0
1 229.34 2076.14 180.7 0.9158 0.4045 0 0
8 223.18 2076.13 180.4 0.3345 0.2801 0.1801 0
6 214.92 2076.03 179.6 0.0029 0.0033 0.0041 0
10 205.88 2076.03 179.1 0.0072 0.0078 0.0097 0
4 198.3 2076.08 179.9 0.1542 0.1636 0.1768 0
5 190.93 2076.12 180.6 0.1573 0.0066 0.0066 0
5 183.75 2076 180.5 0.021 0.043 0.0231 0
12 176.19 2076.16 179.6 0.5924 0.5924 0.5795 0
6 167.78 2076.04 180.2 0.2047 0.259 0.2801 0
4 160.92 2076.13 180.2 0.2047 0.259 0.2801 0
1 145.73 2076.08 179.9 0.9158 0.4045 0 0
5 138.83 2076.16 179.7 0.0546 0.0915 0.0461 0
6 132.01 2076.13 180.6 0.0014 0.0023 0.0037 0
4 124.97 2076.16 180 0.1573 0.0066 0.0066 0
11 111.43 2076.18 180.6 0.5924 0.5924 0.5795 0
7 104.08 2076.16 180.4 0.0658 0.0385 0.021 0
7 97.73 2076.06 180.5 0.0242 0.0697 0.1975 0
6 90.87 2076.15 180.8 0.0119 0.0385 0.1247 0
6 77.12 2076.01 179.4 0.0014 0.0023 0.0037 0
6 69.68 2076.12 180.3 0.1011 0.0029 0.0046 0
2 55.52 2076.02 180.7 0.9158 0.4045 0 0
6 48.48 2076.01 181 0.001 0.001 0.0012 0
1 122.43 2083.55 180.3 0.9158 0.4045 0 1
9 222.54 2083.95 179.3 0.0014 0.0023 0.0037 0
8 216.39 2083.9 178.9 0.0242 0.0697 0.1975 0
9 208.32 2084 180.1 0.0029 0.0033 0.0041 0
9 200.42 2083.98 181.1 0.0017 0.0017 0.0023 0
5 187.75 2083.86 180.5 0.0546 0.06 0.0677 0
5 180.02 2083.97 180.3 0.7969 0.7742 0.7083 0
8 171.76 2083.96 178.9 0.0029 0.0033 0.0041 0
5 164.14 2083.89 179.6 0.3345 0.2801 0.1801 0
6 141.29 2083.86 178.9 0.0017 0.0017 0.0023 0
7 133.28 2083.89 179.4 0.3345 0.2801 0.1801 0
5 110.43 2083.81 179 0.0119 0.0385 0.1247 0
12 101.96 2083.91 181 0.5924 0.5924 0.5795 0
5 91.48 2083.98 179.2 0.3345 0.2801 0.1801 0
4 84.28 2083.88 179.8 0.632 0.632 0.5989 0
7 76.1 2083.86 179.8 0.148 0.2428 0.3587 0
9 68.39 2083.92 179.9 0.4591 0.4045 0.2801 0
4 61.23 2083.81 179.3 0.259 0.0097 0.0097 0
7 54.08 2083.94 181.1 0.482 0.4936 0.5054 0
1 40.19 2083.91 180.4 0.9158 0.4045 0 0
1 259.27 2141.31 -90.5 0.9158 0.4045 0 0
4 259.21 2127.16 -89.2 0.1573 0.0066 0.0066 0
8 259.17 2121 -89.9 0.001 0.001 0.0012 0
8 259.2 2114.66 -90.2 0.001 0.001 0.0012 0
9 259.11 2108.55 -91 0.0014 0.0023 0.0037 0
9 406.24 2076.11 180.5 0.001 0.001 0.0012 0
1 399.64 2076.09 178.9 0.9158 0.4045 0 0
4 392.69 2076.09 180.4 0.1011 0.0029 0.0046 0
1 379.87 2076.05 181 0.9158 0.4045 0 0
1 373.04 2076.12 179.9 0.9158 0.4045 0 0
4 365.22 2076.17 179.3 0.0023 0.0037 0.0055 0
4 358.32 2076.11 179.9 0.632 0.632 0.5989 0
6 351.44 2076.06 180.8 0.0017 0.0017 0.0023 0
8 343.78 2076.08 179.2 0.0017 0.0017 0.0023 0
3 337.76 2076.09 180.7 0.3297 0.4313 0.0697 0
12 323.9 2076.08 181 0.5924 0.5924 0.5795 0
4 314.77 2076.06 178.9 0.0546 0.0915 0.0461 0
4 308.24 2076.02 179.6 0.0017 0.0017 0.002 0
5 293.97 2076.05 179.5 0.2047 0.259 0.2801 0
7 279.75 2076.11 179.6 0.2047 0.259 0.2801 0
3 403.16 2083.55 179.3 0.3297 0.4313 0.0697 1
5 392.27 2083.95 180.2 0.0189 0.022 0.029 0
9 384.19 2083.83 178.9 0.001 0.001 0.0012 0
9 377.05 2083.91 179.1 0.0546 0.0915 0.0461 0
2 368.96 2083.85 180.7 0.9158 0.4045 0 0
9 362.47 2083.89 179.6 0.3345 0.2801 0.1801 0
7 355.33 2083.82 181.1 0.0242 0.0697 0.1975 0
4 347.75 2083.96 179.8 0.632 0.632 0.5989 0
7 340.16 2083.96 181 0.1011 0.0029 0.0046 0
4 325.21 2083.94 179.5 0.0072 0.0078 0.0097 0
2 318.8 2083.98 178.9 0.9158 0.4045 0 0
7 311.55 2083.83 181 0.0072 0.0078 0.0097 0
6 303.48 2083.94 181.1 0.148 0.2428 0.3587 0
8 296.17 2083.83 180 0.0017 0.0017 0.0023 0
10 281.38 2083.95 180.7 0.0072 0.0189 0.0658 0
1 438.85 2127.75 -91.4 0.9158 0.4045 0 1
9 439.28 2143.84 -90.6 0.001 0.001 0.0012 0
12 439.17 2135.21 -89.6 0.632 0.6121 0.5605 0
4 439.22 2102.43 -89.3 0.0041 0.0041 0.005 0
7 600.73 2095.37 89.3 0.4591 0.4045 0.2801 0
8 600.82 2102.52 89.3 0.0029 0.0033 0.0041 0
5 600.82 2109.18 89.1 0.1011 0.0029 0.0046 0
12 600.73 2124.27 90.9 0.68 0.68 0.6524 0
5 600.75 2140.92 89.1 0.3345 0.2801 0.1801 0
4 -439.23 2220.34 90.4 0.482 0.4936 0.5054 0
12 -421.85 2211.06 -89.5 0.5924 0.5924 0.5795 1
3 -421.15 2211.15 -91.3 0.9158 0.4045 0 1
8 -420.82 2199.39 -90.2 0.0072 0.0189 0.0658 0
2 -420.88 2192.47 -89.6 0.9158 0.4045 0 0
4 -420.73 2186.06 -89.6 0.0546 0.06 0.0677 0
7 -420.72 2178.54 -90.6 0.259 0.0097 0.0097 0
5 -407.44 2163.93 0.2 0.3392 0.3537 0.3736 0
10 -393.97 2163.85 -0.1 0.0242 0.0697 0.1975 0
4 -387.26 2163.84 -0.4 0.0023 0.0037 0.0055 0
8 -380.22 2163.9 0.3 0.1542 0.1636 0.1768 0
3 -374.21 2163.91 -0.6 0.9158 0.4045 0 0
8 -361.28 2163.89 0.6 0.0017 0.0017 0.0023 0
8 -353.13 2163.92 -0.7 0.2047 0.259 0.2801 0
4 -346.72 2163.95 0.7 0.148 0.2428 0.3587 0
9 -331.61 2163.99 0.3 0.0658 0.0385 0.021 0
1 -324.2 2163.99 -0.7 0.9158 0.4045 0 0
12 -310.69 2163.96 -0.1 0.7012 0.687 0.6388 0
7 -301.87 2163.87 -0.4 0.0072 0.0078 0.0097 0
7 -294.54 2163.81 -0.7 0.0242 0.0697 0.1975 0
1 -286.54 2163.91 0 0.9158 0.4045 0 0
11 -278.17 2163.94 0.7 0.632 0.6121 0.5605 0
4 -407.75 2156.11 -0.4 0.0892 0.0963 0.1062 0
6 -400.67 2156.12 -0.7 0.0029 0.0033 0.0041 0
4 -392.74 2156.16 -1 0.0041 0.0041 0.005 0
5 -386.89 2156.18 -1.1 0.7667 0.7667 0.7445 0
4 -379.75 2156.14 1.1 0.021 0.043 0.0231 0
9 -364.94 2156 0.8 0.001 0.001 0.0012 0
5 -357.51 2156.03 0.9 0.0892 0.0963 0.1062 0
5 -350.39 2156.15 1.1 0.482 0.4936 0.5054 0
8 -335.68 2156.03 -0.9 0.148 0.2428 0.3587 0
5 -328.39 2156.08 0.1 0.1011 0.0029 0.0046 0
2 -313.49 2156.18 1 0.9158 0.4045 0 0
4 -299.76 2156.07 0.9 0.3345 0.2801 0.1801 0
4 -293.44 2156.07 -0.3 0.0242 0.0697 0.1975 0
6 -285.54 2156.14 0 0.2047 0.259 0.2801 0
4 -278.15 2156.12 -1.1 0.482 0.4936 0.5054 0
2 -241.15 2187.37 -90.3 0.9158 0.4045 0 1
3 -240.79 2216.31 -90.7 0.9158 0.4045 0 0
9 -240.73 2208.1 -90.3 0.0017 0.0017 0.0023 0
12 -240.81 2176.66 -90.7 0.632 0.6121 0.5605 0
1 -134.44 2163.55 1 0.9158 0.4045 0 1
6 -229.1 2163.89 -0.5 0.0029 0.0033 0.0041 0
5 -215.2 2163.95 -0.6 0.2047 0.259 0.2801 0
6 -207.68 2163.86 0.7 0.0029 0.0033 0.0041 0
5 -200.98 2163.96 -0.9 0.2758 0.2932 0.3112 0
9 -193.03 2163.92 0.4 0.0189 0.022 0.029 0
7 -185.03 2163.81 -0.5 0.0072 0.0078 0.0097 0
1 -177.78 2163.91 -0.5 0.9158 0.4045 0 0
8 -171.73 2163.85 -0.9 0.0017 0.0017 0.0023 0
9 -165.23 2163.93 -0.8 0.001 0.001 0.0012 0
7 -157.35 2163.88 0.9 0.3345 0.2801 0.1801 0
4 -149.91 2163.99 -1 0.0041 0.0041 0.005 0
9 -142.21 2163.89 -1 0.4591 0.4045 0.2801 0
8 -126.85 2163.93 0.6 0.1542 0.1636 0.1768 0
6 -119.42 2163.83 -0.9 0.1542 0.1636 0.1768 0
4 -111.31 2163.91 -0.3 0.0072 0.0078 0.0097 0
5 -104.55 2163.84 0.3 0.4045 0.4259 0.4479 0
5 -90.04 2163.96 0.2 0.7969 0.7742 0.7083 0
8 -83.79 2163.94 0.1 0.0014 0.0023 0.0037 0
4 -76.92 2163.98 -0.4 0.3392 0.3537 0.3736 0
6 -70.08 2163.96 0.5 0.4591 0.4045 0.2801 0
7 -63.32 2163.94 -0.6 0.0189 0.022 0.029 0
7 -57.25 2163.92 -0.5 0.0242 0.0697 0.1975 0
9 -50.52 2163.8 0.1 0.0029 0.0033 0.0041 0
5 -44.1 2163.91 -0.1 0.0072 0.0189 0.0658 0
11 -36.82 2163.82 0.4 0.68 0.68 0.6524 0
7 -29.4 2163.88 0.8 0.0546 0.0915 0.0461 0
1 -225.86 2156.45 -0.2 0.9158 0.4045 0 1
9 -219.56 2156.15 -0.7 0.0017 0.0017 0.0023 0
9 -211.46 2156.18 -0.1 0.0014 0.0023 0.0037 0
5 -204.22 2156.13 1.1 0.0119 0.0385 0.1247 0
5 -190.24 2156.19 -0.3 0.4591 0.4045 0.2801 0
4 -182.14 2156.01 0.9 0.0072 0.0078 0.0097 0
4 -169.29 2156.19 -1.1 0.0017 0.0017 0.002 0
4 -161.67 2156.03 -0.8 0.4591 0.4045 0.2801 0
8 -155.35 2156.17 0.1 0.3345 0.2801 0.1801 0
5 -148.76 2156.18 0.1 0.0242 0.0697 0.1975 0
11 -139.88 2156.05 0.8 0.5924 0.5924 0.5795 0
11 -130.04 2156.13 0.6 0.68 0.68 0.6524 0
10 -121.61 2156.17 0.8 0.1011 0.0029 0.0046 0
5 -114.55 2156.1 0.3 0.7969 0.7742 0.7083 0
5 -101.6 2156.14 -0.9 0.0892 0.0963 0.1062 0
10 -93.34 2156.08 1 0.632 0.632 0.5989 0
6 -76.57 2156.09 -0.9 0.259 0.0097 0.0097 0
4 -70.33 2156.13 -0.7 0.021 0.043 0.0231 0
11 -61.91 2156.04 0.7 0.7012 0.687 0.6388 0
1 -55.04 2156.03 0.2 0.9158 0.4045 0 0
7 -31.82 2156.17 -1.1 0.0023 0.0037 0.0055 0
13 -8.8 2212 89.1 0.7818 0.7818 0.7519 0
6 -9.19 2182.9 89.6 0.0029 0.0033 0.0041 0
12 8.15 2188.15 -89.5 0.68 0.68 0.6524 1
1 8.85 2210.07 -90.3 0.9158 0.4045 0 1
10 9.27 2223.54 -91 0.4591 0.4045 0.2801 0
6 9.26 2197.13 -89 0.0017 0.0017 0.0023 0
1 61.65 2163.55 0.9 0.9158 0.4045 0 1
4 20.89 2163.98 0.7 0.3392 0.3537 0.3736 0
1 27.05 2163.87 -0.4 0.9158 0.4045 0 0
4 34.46 2163.81 -0.7 0.0546 0.0915 0.0461 0
7 41.89 2164 -0.1 0.0017 0.0017 0.002 0
8 49.99 2163.96 0.7 0.0029 0.0033 0.0041 0
12 73.01 2163.82 -0.8 0.5924 0.5924 0.5795 0
9 83.12 2163.96 -0.5 0.2047 0.259 0.2801 0
12 90.77 2163.94 0.2 0.7012 0.687 0.6388 0
8 106.75 2163.93 -0.6 0.0119 0.0385 0.1247 0
11 114.8 2163.88 -0.3 0.68 0.68 0.6524 0
4 123.61 2163.87 0 0.1542 0.1636 0.1768 0
4 130.56 2163.97 0.1 0.0041 0.0041 0.005 0
4 137.28 2163.81 -0.5 0.2047 0.259 0.2801 0
5 144.41 2163.86 0.2 0.7969 0.7742 0.7083 0
12 153.65 2163.99 -0.7 0.5924 0.5924 0.5795 0
5 163.45 2163.98 -0.9 0.2758 0.2932 0.3112 0
9 171.07 2163.84 0.2 0.0014 0.0023 0.0037 0
9 186.49 2163.85 -0.2 0.0658 0.0385 0.021 0
4 193 2163.96 0.3 0.0189 0.022 0.029 0
8 201.03 2163.94 -0.9 0.2047 0.259 0.2801 0
7 208.06 2163.89 -0.3 0.0658 0.0385 0.021 0
9 214.6 2163.98 0.9 0.0029 0.0033 0.0041 0
3 220.8 2163.98 0.3 0.9158 0.4045 0 0
5 21.87 2156.19 0.6 0.632 0.632 0.5989 0
4 29.75 2156.15 -0.3 0.021 0.043 0.0231 0
4 36.55 2156.06 0 0.0399 0.0546 0.0781 0
8 43.11 2156.17 -0.4 0.0892 0.0963 0.1062 0
6 50.84 2156.19 0.9 0.1542 0.1636 0.1768 0
3 56.82 2156.12 0 0.9158 0.4045 0 0
6 78.29 2156.01 0.6 0.3345 0.2801 0.1801 0
9 85.35 2156.02 0.5 0.0029 0.0033 0.0041 0
4 92.97 2156.02 -0.8 0.1542 0.1636 0.1768 0
7 100.36 2156.06 -0.9 0.0072 0.0078 0.0097 0
9 107.23 2156.11 0.6 0.0017 0.0017 0.0023 0
7 113.31 2156.2 -1 0.482 0.4936 0.5054 0
3 119.64 2156.18 0.7 0.9158 0.4045 0 0
4 127.02 2156.09 -1.1 0.021 0.043 0.0231 0
12 135.29 2156.14 -0.6 0.68 0.68 0.6524 0
3 145.78 2156.03 -0.4 0.9158 0.4045 0 0
6 153.99 2156.06 0 0.0014 0.0023 0.0037 0
7 161.24 2156.15 -0.4 0.1011 0.0029 0.0046 0
7 167.42 2156.12 0 0.482 0.4936 0.5054 0
6 191.2 2156.18 1.1 0.0119 0.0385 0.1247 0
7 198.33 2156.05 0.8 0.021 0.043 0.0231 0
4 204.33 2156.01 0.5 0.2047 0.259 0.2801 0
7 210.56 2156.13 -0.5 0.2047 0.259 0.2801 0
8 217.32 2156.13 0.6 0.0029 0.0033 0.0041 0
8 223.68 2156.2 0.7 0.0242 0.0697 0.1975 0
2 241.15 2210.35 89.7 0.9158 0.4045 0 1
7 240.72 2174.67 90.2 0.0041 0.0041 0.005 0
10 240.77 2182.63 90.3 0.0072 0.0078 0.0097 0
6 240.77 2189.45 89.6 0.0014 0.0023 0.0037 0
7 240.74 2195.68 90 0.4591 0.4045 0.2801 0
4 240.82 2202.12 90 0.3345 0.2801 0.1801 0
4 284.7 2163.94 -0.6 0.482 0.4936 0.5054 0
10 301.97 2163.89 0.9 0.0017 0.0017 0.002 0
12 311.65 2163.94 -1 0.632 0.6121 0.5605 0
7 328.09 2163.82 0.9 0.2758 0.2932 0.3112 0
9 341.14 2163.8 -0.9 0.0014 0.0023 0.0037 0
8 348.47 2163.95 -0.7 0.1542 0.1636 0.1768 0
1 356.82 2163.96 0 0.9158 0.4045 0 0
6 364.62 2163.92 0.1 0.001 0.001 0.0012 0
6 378.71 2163.84 -0.6 0.0189 0.022 0.029 0
9 386.58 2163.85 0 0.0029 0.0033 0.0041 0
5 393.17 2163.83 0.3 0.2758 0.2932 0.3112 0
6 399.86 2163.93 -0.9 0.0546 0.0915 0.0461 0
12 332.46 2157.15 0 0.632 0.6121 0.5605 1
2 335.92 2156.45 1.3 0.9158 0.4045 0 1
9 272.15 2156.08 -0.6 0.0014 0.0023 0.0037 0
5 279.5 2156.17 -0.8 0.0119 0.0385 0.1247 0
6 285.96 2156.03 -0.7 0.0546 0.06 0.0677 0
7 293.73 2156.1 -0.3 0.148 0.2428 0.3587 0
7 308.1 2156.02 -0.1 0.0242 0.0697 0.1975 0
9 314.55 2156.06 -0.2 0.0014 0.0023 0.0037 0
5 320.99 2156.11 0.9 0.7969 0.7742 0.7083 0
4 342.78 2156.16 -1 0.259 0.0097 0.0097 0
8 349.33 2156.06 -0.2 0.0017 0.0017 0.0023 0
4 363.99 2156.15 -0.6 0.1011 0.0029 0.0046 0
4 378.36 2156.06 0.8 0.0072 0.0078 0.0097 0
3 384.63 2156.11 1.1 0.9158 0.4045 0 0
4 391.36 2156.02 0.6 0.1011 0.0029 0.0046 0
7 397.33 2156.15 -1.1 0.2047 0.259 0.2801 0
1 405.22 2156.16 -0.8 0.9158 0.4045 0 0
7 439.25 2223.51 -91 0.0017 0.0017 0.002 0
12 520.21 2163.05 1.4 0.632 0.6121 0.5605 1
12 452.73 2163.91 0.4 0.5924 0.5924 0.5795 0
6 463.49 2163.95 -0.9 0.2047 0.259 0.2801 0
5 470.19 2163.88 0.2 0.0023 0.0037 0.0055 0
8 484.53 2163.87 -0.8 0.1542 0.1636 0.1768 0
7 491.38 2163.95 0.7 0.4591 0.4045 0.2801 0
7 499.52 2164 -0.2 0.0242 0.0697 0.1975 0
7 506.26 2163.84 0.7 0.2758 0.2932 0.3112 0
7 530.14 2163.93 0.7 0.1011 0.0029 0.0046 0
7 537.81 2163.8 0.8 0.259 0.0097 0.0097 0
9 544.32 2163.81 -0.9 0.0017 0.0017 0.0023 0
7 551.78 2163.89 1.1 0.4045 0.4259 0.4479 0
8 567.52 2164 -0.9 0.0546 0.0915 0.0461 0
10 575.28 2163.98 -0.9 0.0072 0.0078 0.0097 0
4 581.89 2163.87 0.8 0.259 0.0097 0.0097 0
1 450.67 2156.14 0.7 0.9158 0.4045 0 0
5 457.49 2156.06 -0.2 0.6941 0.6941 0.6661 0
8 472.55 2156.1 0.6 0.1542 0.1636 0.1768 0
0 480.53 2156.03 -0.3 0.9158 0.4045 0 0
1 486.85 2156.11 -0.2 0.9158 0.4045 0 0
4 493.94 2156.07 0.4 0.4591 0.4045 0.2801 0
8 499.75 2156.09 -0.6 0.3392 0.3537 0.3736 0
8 506.09 2156.04 0 0.0242 0.0697 0.1975 0
9 512.47 2156.18 -0.3 0.2047 0.259 0.2801 0
5 519.73 2156.2 -0.2 0.0189 0.022 0.029 0
7 527.53 2156.14 0.4 0.2047 0.259 0.2801 0
9 534.72 2156.14 0.8 0.0014 0.0023 0.0037 0
8 542.46 2156 1 0.0029 0.0033 0.0041 0
7 550.71 2156.19 1.1 0.0399 0.0546 0.0781 0
7 557.81 2156.14 0.7 0.0072 0.0078 0.0097 0
4 563.83 2156.09 0.6 0.0189 0.022 0.029 0
5 571.05 2156.11 0.8 0.1011 0.0029 0.0046 0
1 579.05 2156.13 0.5 0.9158 0.4045 0 0
10 587.17 2156.1 -1 0.4591 0.4045 0.2801 0
1 601.15 2219.31 89 0.9158 0.4045 0 1
5 600.87 2175.89 90.3 0.148 0.2428 0.3587 0
7 600.88 2184.22 89 0.7969 0.7742 0.7083 0
4 600.89 2191 90.2 0.0017 0.0017 0.002 0
8 600.75 2204.7 89.7 0.3392 0.3537 0.3736 0
6 -270.62 2243.9 181.1 0.0399 0.0546 0.0781 0
3 -277.54 2243.92 181 0.9158 0.4045 0 0
1 -284.95 2243.95 179.4 0.9158 0.4045 0 0
8 -292.58 2243.9 179.5 0.3392 0.3537 0.3736 0
6 -299.52 2243.81 180.5 0.0029 0.0033 0.0041 0
7 -305.41 2243.96 179.9 0.2758 0.2932 0.3112 0
5 -318.54 2243.94 180.7 0.2758 0.2932 0.3112 0
10 -327.43 2243.86 180.4 0.0017 0.0017 0.002 0
4 -341.57 2243.97 179.9 0.148 0.2428 0.3587 0
0 -348.55 2243.89 179.6 0.9158 0.4045 0 0
11 -357.61 2243.88 179.7 0.7012 0.687 0.6388 0
6 -365.63 2243.87 179.9 0.1542 0.1636 0.1768 0
1 -371.51 2243.8 180.4 0.9158 0.4045 0 0
7 -379.54 2243.94 178.9 0.0017 0.0017 0.002 0
7 -387.38 2243.92 179.7 0.0546 0.06 0.0677 0
9 -393.91 2243.97 180 0.4591 0.4045 0.2801 0
3 -400.17 2243.85 180.4 0.9158 0.4045 0 0
12 -241.85 2265.67 -91.2 0.5924 0.5924 0.5795 1
8 -240.89 2305.36 -91 0.0546 0.06 0.0677 0
4 -240.76 2297.65 -90 0.0017 0.0017 0.002 0
8 -240.71 2274.8 -90 0.0014 0.0023 0.0037 0
4 -24.29 2236.14 179.5 0.4591 0.4045 0.2801 0
8 -32.27 2236.18 179.5 0.0014 0.0023 0.0037 0
8 -39.92 2236.12 180.7 0.0072 0.0189 0.0658 0
9 -46.7 2236.01 180.7 0.0017 0.0017 0.0023 0
6 -53.57 2236.17 180.4 0.259 0.0097 0.0097 0
9 -60.37 2236.02 180.9 0.0017 0.0017 0.0023 0
4 -75.15 2236.01 179.1 0.0017 0.0017 0.002 0
5 -82.46 2236.13 180.1 0.4045 0.4259 0.4479 0
9 -95.22 2236.14 180.3 0.0014 0.0023 0.0037 0
4 -109.71 2236.1 179.4 0.0892 0.0963 0.1062 0
5 -124.37 2236.04 179.6 0.0658 0.0385 0.021 0
9 -138.76 2236.02 180.3 0.0017 0.0017 0.0023 0
4 -146.23 2236.03 179 0.0072 0.0078 0.0097 0
6 -153.59 2236.07 180 0.148 0.2428 0.3587 0
6 -161.17 2236.13 180.1 0.0014 0.0023 0.0037 0
6 -169.04 2236.06 180.7 0.259 0.0097 0.0097 0
9 -176.32 2236.02 179.9 0.001 0.001 0.0012 0
3 -182.67 2236.13 179.6 0.9158 0.4045 0 0
7 -188.7 2236.12 179.6 0.4591 0.4045 0.2801 0
3 -196.53 2236.15 180.4 0.9158 0.4045 0 0
6 -203.06 2236.17 180.5 0.0546 0.0915 0.0461 0
6 -209.77 2236 179.8 0.0017 0.0017 0.0023 0
12 -217.66 2236.18 180.5 0.5924 0.5924 0.5795 0
4 -226.68 2236.05 180.7 0.4591 0.4045 0.2801 0
3 -38.01 2243.55 181.1 0.3297 0.4313 0.0697 1
4 -23.94 2243.82 179.4 0.0023 0.0037 0.0055 0
7 -45.06 2243.94 179.9 0.2758 0.2932 0.3112 0
4 -52.71 2243.89 180.2 0.1573 0.0066 0.0066 0
6 -58.89 2243.84 180.3 0.259 0.0097 0.0097 0
6 -66.39 2243.88 178.9 0.001 0.001 0.0012 0
7 -81 2243.81 179.4 0.0399 0.0546 0.0781 0
8 -87.62 2243.81 180 0.3345 0.2801 0.1801 0
4 -107.75 2243.93 180.3 0.7667 0.7667 0.7445 0
8 -115.69 2243.81 180.6 0.001 0.001 0.0012 0
3 -123.05 2243.98 180.5 0.9158 0.4045 0 0
12 -130.23 2243.84 179.5 0.7012 0.687 0.6388 0
9 -148.98 2243.96 180.4 0.0029 0.0033 0.0041 0
9 -155.6 2243.91 180.8 0.0014 0.0023 0.0037 0
6 -161.84 2243.95 180.1 0.0017 0.0017 0.0023 0
5 -176.93 2243.97 179.3 0.1011 0.0029 0.0046 0
9 -190.48 2243.81 179 0.0014 0.0023 0.0037 0
7 -197.58 2243.91 180.3 0.0072 0.0189 0.0658 0
4 -204.17 2243.92 179.4 0.0546 0.06 0.0677 0
9 -210.25 2243.86 179.1 0.0017 0.0017 0.0023 0
6 -225.82 2243.99 179.3 0.0029 0.0033 0.0041 0
4 228.13 2236.19 179.6 0.0119 0.0385 0.1247 0
7 221.54 2236.16 180.5 0.0072 0.0189 0.0658 0
5 215.52 2236.04 179.3 0.2047 0.259 0.2801 0
5 202.82 2236.02 179.6 0.0658 0.0385 0.021 0
8 196.11 2236.16 179.5 0.0658 0.0385 0.021 0
5 190.36 2236.13 180.1 0.0892 0.0963 0.1062 0
8 183.89 2236.02 180.4 0.0892 0.0963 0.1062 0
4 177.51 2236.07 179.5 0.7969 0.7742 0.7083 0
8 169.49 2236.17 180.2 0.0017 0.0017 0.0023 0
4 161.88 2236.16 178.9 0.0399 0.0546 0.0781 0
9 154 2236.2 179.3 0.0029 0.0033 0.0041 0
7 146.09 2236.04 180.9 0.0072 0.0078 0.0097 0
12 137.29 2236.04 180.4 0.632 0.6121 0.5605 0
2 120.12 2236.02 180.5 0.9158 0.4045 0 0
5 98.63 2236.17 180 0.0892 0.0963 0.1062 0
9 90.63 2236.13 178.9 0.0014 0.0023 0.0037 0
11 81.68 2236.14 180.7 0.632 0.6121 0.5605 0
2 74.97 2236.06 179.2 0.9158 0.4045 0 0
4 60.71 2236.15 179.4 0.148 0.2428 0.3587 0
5 53.07 2236.15 180.8 0.7667 0.7667 0.7445 0
8 47.1 2236.06 179.8 0.1542 0.1636 0.1768 0
1 39.09 2236.08 179.8 0.9158 0.4045 0 0
7 30.95 2236.11 180.5 0.4045 0.4259 0.4479 0
10 22.38 2236.02 179 0.0072 0.0078 0.0097 0
12 181.22 2242.85 180.8 0.7012 0.687 0.6388 1
2 220.55 2243.55 179.1 0.9158 0.4045 0 1
6 227.82 2243.85 179.5 0.0119 0.0385 0.1247 0
4 214.45 2243.8 179.1 0.0072 0.0189 0.0658 0
8 207.99 2244 179.4 0.4591 0.4045 0.2801 0
9 201.37 2243.89 179 0.0029 0.0033 0.0041 0
1 195.5 2243.86 179.5 0.9158 0.4045 0 0
6 188.46 2243.97 180.9 0.001 0.001 0.0012 0
2 174.24 2243.83 180.2 0.9158 0.4045 0 0
10 165.7 2243.81 180.2 0.0658 0.0385 0.021 0
8 157.4 2243.84 180.6 0.0546 0.0915 0.0461 0
12 141.52 2243.99 179 0.68 0.68 0.6524 0
5 132.07 2243.86 179.7 0.1573 0.0066 0.0066 0
5 124.28 2243.89 180.9 0.259 0.0097 0.0097 0
4 117.13 2243.98 181 0.2758 0.2932 0.3112 0
8 103.34 2243.87 179.2 0.0399 0.0546 0.0781 0
8 89.42 2243.81 178.9 0.021 0.043 0.0231 0
6 82.61 2243.98 180 0.1542 0.1636 0.1768 0
10 73.75 2243.99 180.2 0.0041 0.0041 0.005 0
7 66.2 2243.98 180.5 0.482 0.4936 0.5054 0
8 59.31 2243.98 179 0.0014 0.0023 0.0037 0
5 45.55 2243.94 179.9 0.0119 0.0385 0.1247 0
7 37.53 2243.88 180.6 0.3392 0.3537 0.3736 0
6 29.18 2243.86 179.9 0.1542 0.1636 0.1768 0
12 241.85 2270.41 89.9 0.632 0.6121 0.5605 1
13 241.2 2290.99 88.7 0.7818 0.7818 0.7519 0
9 240.77 2262.56 89.9 0.001 0.001 0.0012 0
10 259.13 2303.71 -90.6 0.3345 0.2801 0.1801 0
7 259.15 2295.08 -89.7 0.7969 0.7742 0.7083 0
6 259.29 2288.71 -90 0.0029 0.0033 0.0041 0
4 259.25 2266.18 -90.9 0.0189 0.022 0.029 0
2 259.3 2258.01 -89.1 0.9158 0.4045 0 0
1 406.84 2236.06 180.4 0.9158 0.4045 0 0
4 392.51 2236.17 180.7 0.4045 0.4259 0.4479 0
8 371.5 2236.06 180 0.0399 0.0546 0.0781 0
4 356.15 2236.14 180.8 0.259 0.0097 0.0097 0
2 349.56 2236.05 180.9 0.9158 0.4045 0 0
9 334.6 2236.16 180.1 0.2047 0.259 0.2801 0
8 326.47 2236.05 179.7 0.259 0.0097 0.0097 0
0 311.28 2236.03 179.8 0.9158 0.4045 0 0
4 303.77 2236.18 180.1 0.0189 0.022 0.029 0
4 289.15 2236.15 179.8 0.2758 0.2932 0.3112 0
8 274.97 2236.18 180.2 0.1573 0.0066 0.0066 0
1 346.51 2243.55 178.7 0.9158 0.4045 0 1
6 407.46 2243.87 179.6 0.0892 0.0963 0.1062 0
12 398.02 2243.87 180.2 0.68 0.68 0.6524 0
1 387.97 2243.82 179.2 0.9158 0.4045 0 0
3 381.02 2243.82 179 0.9158 0.4045 0 0
8 374.43 2243.81 180 0.1573 0.0066 0.0066 0
1 368.1 2243.81 179.5 0.9158 0.4045 0 0
4 362.1 2244 180.3 0.0546 0.06 0.0677 0
5 355.39 2243.88 179.4 0.0242 0.0697 0.1975 0
4 333.98 2243.97 179.3 0.1573 0.0066 0.0066 0
4 325.99 2243.93 179.6 0.148 0.2428 0.3587 0
6 318.64 2243.96 180.9 0.0546 0.0915 0.0461 0
4 310.78 2243.87 181.1 0.021 0.043 0.0231 0
7 303.64 2243.92 180.3 0.632 0.632 0.5989 0
5 295.39 2243.83 179.3 0.4591 0.4045 0.2801 0
4 287.44 2243.93 179.6 0.0041 0.0041 0.005 0
10 279.97 2243.95 179.4 0.0892 0.0963 0.1062 0
9 420.84 2255.36 90.1 0.0029 0.0033 0.0041 0
2 420.8 2262.2 91 0.9158 0.4045 0 0
7 420.86 2269.18 89.9 0.1542 0.1636 0.1768 0
9 420.85 2276.82 90.8 0.0014 0.0023 0.0037 0
12 438.15 2294.97 -89.3 0.7012 0.687 0.6388 1
2 438.85 2297.84 -91 0.9158 0.4045 0 1
7 439.17 2304.08 -91 0.482 0.4936 0.5054 0
6 439.16 2267.58 -90.1 0.1573 0.0066 0.0066 0
9 589.06 2236.06 180.8 0.0017 0.0017 0.0023 0
6 581.49 2236.19 179.4 0.0119 0.0385 0.1247 0
4 575.27 2236.01 179 0.7667 0.7667 0.7445 0
4 567.76 2236.11 181 0.0119 0.0385 0.1247 0
9 561.82 2236.17 179.6 0.0014 0.0023 0.0037 0
6 555.76 2236.16 179.8 0.0546 0.0915 0.0461 0
5 548.74 2236.1 180.2 0.3345 0.2801 0.1801 0
4 541.61 2236.12 179.1 0.4045 0.4259 0.4479 0
5 535.08 2236.16 180.3 0.0041 0.0041 0.005 0
10 525.64 2236.2 180.7 0.0189 0.022 0.029 0
4 516.93 2236.05 179 0.0041 0.0041 0.005 0
5 510.27 2236.1 180.1 0.0189 0.022 0.029 0
0 502.95 2236.01 179.1 0.9158 0.4045 0 0
9 496.13 2236.08 179.3 0.0029 0.0033 0.0041 0
8 488.01 2236.03 180.7 0.148 0.2428 0.3587 0
6 481.1 2236.04 181 0.0017 0.0017 0.0023 0
5 473.35 2236.17 179.2 0.0546 0.06 0.0677 0
4 466.26 2236.09 180.7 0.0546 0.0915 0.0461 0
4 459.39 2236.08 179.8 0.7969 0.7742 0.7083 0
4 580.95 2243.91 178.9 0.0041 0.0041 0.005 0
6 573.83 2243.82 180.5 0.0546 0.0915 0.0461 0
4 567.62 2243.88 180.6 0.0892 0.0963 0.1062 0
8 559.79 2244 179 0.482 0.4936 0.5054 0
8 553.25 2243.87 180.1 0.0658 0.0385 0.021 0
9 546.94 2243.94 180.9 0.0014 0.0023 0.0037 0
8 540.91 2243.98 180.8 0.0119 0.0385 0.1247 0
7 534.31 2243.82 180.5 0.0546 0.0915 0.0461 0
6 527.28 2243.87 180.5 0.0017 0.0017 0.0023 0
5 512.1 2243.83 179 0.4591 0.4045 0.2801 0
5 506.04 2243.93 178.9 0.021 0.043 0.0231 0
10 498.66 2243.84 179.3 0.148 0.2428 0.3587 0
8 482.95 2243.8 180.1 0.4591 0.4045 0.2801 0
1 475.3 2243.96 180.4 0.9158 0.4045 0 0
10 466 2243.85 179.2 0.3345 0.2801 0.1801 0
5 457.61 2243.91 179.7 0.0119 0.0385 0.1247 0
4 600.85 2260.82 90 0.7667 0.7667 0.7445 0
10 600.73 2268.55 89.5 0.0546 0.06 0.0677 0
4 600.78 2275.97 90.8 0.3345 0.2801 0.1801 0
12 600.85 2293.09 90.9 0.632 0.6121 0.5605 0
6 600.78 2301.98 89.1 0.0119 0.0385 0.1247 0
4 -439.2 2337.43 89.6 0.0658 0.0385 0.021 0
5 -439.14 2345.43 90.1 0.1573 0.0066 0.0066 0
8 -439.28 2353.06 91 0.2047 0.259 0.2801 0
4 -439.13 2359.8 90.4 0.0072 0.0189 0.0658 0
9 -439.23 2368.03 89.1 0.3345 0.2801 0.1801 0
4 -420.83 2382.88 -89.6 0.0189 0.022 0.029 0
5 -420.82 2375.27 -90.5 0.4045 0.4259 0.4479 0
12 -420.87 2367.35 -89.7 0.68 0.68 0.6524 0
4 -420.73 2358.38 -89.3 0.0072 0.0189 0.0658 0
1 -339.49 2323.55 -1.3 0.9158 0.4045 0 1
10 -397.56 2323.85 0 0.0072 0.0078 0.0097 0
8 -388.81 2323.89 -0.7 0.0399 0.0546 0.0781 0
8 -382.49 2323.93 0.3 0.0029 0.0033 0.0041 0
4 -374.69 2323.92 -1 0.0658 0.0385 0.021 0
6 -366.55 2323.82 0 0.148 0.2428 0.3587 0
4 -358.85 2323.82 -1.1 0.6941 0.6941 0.6661 0
8 -352.36 2323.81 -1.1 0.482 0.4936 0.5054 0
7 -329.83 2323.9 -0.6 0.0399 0.0546 0.0781 0
8 -322.99 2323.87 -0.8 0.0189 0.022 0.029 0
11 -314.39 2323.89 -1.1 0.5924 0.5924 0.5795 0
9 -306.71 2323.9 -0.9 0.0014 0.0023 0.0037 0
5 -300.06 2323.87 -0.2 0.0072 0.0189 0.0658 0
5 -294.21 2323.96 -0.8 0.4045 0.4259 0.4479 0
5 -279.97 2323.83 0.5 0.0119 0.0385 0.1247 0
11 -408.39 2316.15 -0.4 0.632 0.6121 0.5605 0
10 -378.6 2316.19 -0.8 0.148 0.2428 0.3587 0
5 -363.45 2316.08 -0.7 0.6941 0.6941 0.6661 0
1 -356.86 2316.01 -0.1 0.9158 0.4045 0 0
11 -341.91 2316.1 -0.1 0.68 0.68 0.6524 0
5 -334.25 2316.01 0.3 0.259 0.0097 0.0097 0
8 -326.18 2316.17 -0.8 0.001 0.001 0.0012 0
12 -317.94 2316 -0.8 0.7012 0.687 0.6388 0
7 -308.95 2316.13 -0.2 0.0242 0.0697 0.1975 0
4 -301.02 2316.16 0.5 0.0072 0.0189 0.0658 0
12 -286.76 2316.15 0.5 0.632 0.6121 0.5605 0
11 -240.85 2337.54 -89.1 0.7012 0.687 0.6388 0
3 -85.37 2323.55 0.3 0.9158 0.4045 0 1
6 -229.73 2323.86 -0.1 0.0399 0.0546 0.0781 0
9 -223.58 2324 0.1 0.148 0.2428 0.3587 0
4 -209.79 2323.86 0.7 0.0041 0.0041 0.005 0
2 -195.84 2323.97 -0.6 0.9158 0.4045 0 0
8 -188.17 2323.83 -1.1 0.0017 0.0017 0.0023 0
8 -180.3 2323.99 -0.5 0.0014 0.0023 0.0037 0
8 -172.22 2323.9 -0.4 0.2758 0.2932 0.3112 0
9 -164.81 2323.86 0.5 0.148 0.2428 0.3587 0
4 -156.81 2323.89 -0.8 0.7667 0.7667 0.7445 0
11 -147.65 2323.84 0.2 0.5924 0.5924 0.5795 0
8 -140.08 2323.87 1 0.0399 0.0546 0.0781 0
4 -133.54 2323.97 0.2 0.0072 0.0078 0.0097 0
6 -110.54 2323.99 1.1 0.0017 0.0017 0.0023 0
10 -102.26 2323.86 0 0.1573 0.0066 0.0066 0
4 -94.91 2323.91 1 0.0072 0.0078 0.0097 0
8 -74.3 2323.96 0.1 0.0546 0.06 0.0677 0
6 -68.19 2323.94 -0.1 0.001 0.001 0.0012 0
5 -60.55 2323.89 0.5 0.0017 0.0017 0.002 0
9 -45.03 2323.8 -0.5 0.0017 0.0017 0.0023 0
4 -37 2323.86 0.4 0.482 0.4936 0.5054 0
6 -29.64 2323.92 -0.8 0.0546 0.06 0.0677 0
9 -23.41 2323.91 -0.6 0.0029 0.0033 0.0041 0
12 -159.22 2317.15 0.7 0.7012 0.687 0.6388 1
6 -218.89 2316.1 0.8 0.0014 0.0023 0.0037 0
5 -212.54 2316.02 0.6 0.4045 0.4259 0.4479 0
10 -203.8 2316.03 -1.1 0.0072 0.0078 0.0097 0
8 -195.81 2316.19 -0.4 0.2047 0.259 0.2801 0
6 -187.4 2316.05 -1.1 0.3345 0.2801 0.1801 0
9 -148.34 2316.19 1.1 0.0014 0.0023 0.0037 0
8 -134.13 2316.18 0.6 0.0119 0.0385 0.1247 0
5 -127.85 2316.08 -0.5 0.7667 0.7667 0.7445 0
5 -120.58 2316.19 -0.4 0.2758 0.2932 0.3112 0
12 -112.11 2316.02 -0.6 0.632 0.6121 0.5605 0
1 -103.13 2316.08 1.1 0.9158 0.4045 0 0
4 -95.95 2316.13 -0.1 0.482 0.4936 0.5054 0
8 -89.7 2316.14 -0.8 0.0892 0.0963 0.1062 0
5 -83.32 2316.08 0.9 0.148 0.2428 0.3587 0
9 -75.31 2316.18 1 0.0017 0.0017 0.0023 0
4 -67.38 2316.19 0.5 0.2758 0.2932 0.3112 0
9 -59.19 2316.14 -0.2 0.0017 0.0017 0.0023 0
7 -52.99 2316.07 -0.2 0.3392 0.3537 0.3736 0
5 -46.37 2316.14 0.6 0.0017 0.0017 0.002 0
6 -38.19 2316.14 -0.2 0.1011 0.0029 0.0046 0
9 -30.65 2316.18 -0.7 0.0658 0.0385 0.021 0
8 -23.65 2316.15 -0.1 0.0242 0.0697 0.1975 0
9 -9.22 2338.81 90.6 0.0017 0.0017 0.0023 0
4 -9.22 2345.3 88.9 0.2758 0.2932 0.3112 0
1 -9.17 2351.35 90.1 0.9158 0.4045 0 0
5 -9.23 2357.43 90.4 0.1542 0.1636 0.1768 0
9 -9.18 2379.95 89.2 0.0029 0.0033 0.0041 0
12 108.01 2317.15 0.1 0.68 0.68 0.6524 1
8 23.82 2316.15 0.8 0.2758 0.2932 0.3112 0
4 30.69 2316.1 0.5 0.0546 0.0915 0.0461 0
8 44.55 2316.04 1.1 0.3345 0.2801 0.1801 0
4 50.71 2316.1 -0.4 0.1542 0.1636 0.1768 0
8 58.75 2316.02 -0.3 0.2758 0.2932 0.3112 0
8 66.15 2316.02 0 0.0029 0.0033 0.0041 0
6 72.52 2316.05 -1.1 0.0242 0.0697 0.1975 0
6 80.37 2316.04 0.8 0.0014 0.0023 0.0037 0
5 87.82 2316.13 -1.1 0.4045 0.4259 0.4479 0
7 95.03 2316.11 -0.1 0.0072 0.0078 0.0097 0
6 115.21 2316.18 0.4 0.0017 0.0017 0.0023 0
9 136.42 2316.1 0.7 0.0014 0.0023 0.0037 0
7 143.22 2316.11 -0.1 0.0658 0.0385 0.021 0
11 151.4 2316.14 0.1 0.68 0.68 0.6524 0
10 160.92 2316.08 -1 0.2758 0.2932 0.3112 0
9 168.44 2316.04 -0.8 0.001 0.001 0.0012 0
9 175.75 2316.19 -0.6 0.0399 0.0546 0.0781 0
4 183.91 2316.01 -0.7 0.6941 0.6941 0.6661 0
4 197.68 2316.16 0 0.0023 0.0037 0.0055 0
9 205.77 2316.09 -0.7 0.0014 0.0023 0.0037 0
8 213.93 2316.05 -0.6 0.0189 0.022 0.029 0
9 220.32 2316 1 0.0189 0.022 0.029 0
1 241.15 2378.32 91.3 0.9158 0.4045 0 1
0 240.84 2335.95 90.4 0.9158 0.4045 0 0
4 240.89 2348.37 89.5 0.0017 0.0017 0.002 0
8 240.73 2354.34 90.9 0.0546 0.0915 0.0461 0
7 240.85 2361.6 90.7 0.0546 0.0915 0.0461 0
8 274.1 2323.88 -0.2 0.1542 0.1636 0.1768 0
8 280.6 2323.89 -0.7 0.3392 0.3537 0.3736 0
4 295.9 2323.89 -0.5 0.0041 0.0041 0.005 0
8 309.61 2323.84 1 0.0017 0.0017 0.0023 0
3 317.84 2323.84 1.1 0.9158 0.4045 0 0
11 325.82 2323.9 0.9 0.68 0.68 0.6524 0
6 333.42 2323.92 -0.3 0.0029 0.0033 0.0041 0
9 346.61 2323.84 -0.2 0.0189 0.022 0.029 0
7 353.63 2323.83 -0.3 0.0399 0.0546 0.0781 0
9 361.42 2323.87 -0.1 0.001 0.001 0.0012 0
9 367.78 2323.84 0.3 0.0014 0.0023 0.0037 0
4 375.97 2323.89 1.1 0.0023 0.0037 0.0055 0
8 390.71 2323.89 0.2 0.148 0.2428 0.3587 0
9 397.72 2323.8 0.3 0.001 0.001 0.0012 0
6 404.95 2323.99 0.4 0.0014 0.0023 0.0037 0
4 280.79 2316.09 0.4 0.2758 0.2932 0.3112 0
9 293.23 2316.12 0.2 0.0189 0.022 0.029 0
9 300.35 2316.01 1 0.0014 0.0023 0.0037 0
8 312.85 2316.18 -0.2 0.0546 0.06 0.0677 0
5 318.88 2316.04 1.1 0.3345 0.2801 0.1801 0
5 325.83 2316.12 -0.9 0.632 0.632 0.5989 0
4 333.38 2316.18 0.4 0.6941 0.6941 0.6661 0
11 349.7 2316.2 -0.8 0.632 0.6121 0.5605 0
12 359.65 2316.09 0.6 0.632 0.6121 0.5605 0
6 370.42 2316.14 0.4 0.001 0.001 0.0012 0
8 377.65 2316.17 0.4 0.0029 0.0033 0.0041 0
8 391.9 2316.16 1.1 0.1011 0.0029 0.0046 0
5 398.32 2316.04 -0.6 0.0072 0.0189 0.0658 0
7 406.32 2316.11 -0.4 0.632 0.632 0.5989 0
4 420.7 2346.3 90.7 0.1542 0.1636 0.1768 0
5 420.83 2354.35 90.8 0.259 0.0097 0.0097 0
4 420.79 2373.9 89.3 0.7969 0.7742 0.7083 0
6 420.76 2382 89.1 0.4591 0.4045 0.2801 0
1 438.85 2357.49 -90.1 0.9158 0.4045 0 1
5 439.21 2374.88 -89.4 0.482 0.4936 0.5054 0
6 439.22 2367.57 -90.7 0.2047 0.259 0.2801 0
4 439.15 2347.56 -90.1 0.4045 0.4259 0.4479 0
6 439.23 2340.27 -89.5 0.001 0.001 0.0012 0
1 573.32 2323.55 0.9 0.9158 0.4045 0 1
6 451.29 2323.9 -0.2 0.0029 0.0033 0.0041 0
10 459.33 2323.82 -0.1 0.0399 0.0546 0.0781 0
4 467.8 2324 1 0.4045 0.4259 0.4479 0
2 475.94 2323.86 0.2 0.9158 0.4045 0 0
5 481.88 2323.81 0.4 0.0242 0.0697 0.1975 0
4 489.83 2323.95 0.6 0.021 0.043 0.0231 0
7 497.86 2323.88 -0.2 0.0658 0.0385 0.021 0
6 504.22 2323.89 -0.5 0.1573 0.0066 0.0066 0
7 518.82 2323.92 -0.1 0.7667 0.7667 0.7445 0
12 528.15 2323.83 -0.1 0.7012 0.687 0.6388 0
6 537.13 2323.88 0.4 0.001 0.001 0.0012 0
5 543.13 2323.93 0.6 0.0546 0.0915 0.0461 0
9 550.59 2323.86 -0.9 0.0014 0.0023 0.0037 0
4 558.1 2323.81 -0.3 0.2047 0.259 0.2801 0
4 564.66 2323.86 -0.8 0.0023 0.0037 0.0055 0
5 583.74 2323.86 -1 0.6941 0.6941 0.6661 0
3 548.53 2316.45 -1.2 0.9158 0.4045 0 1
4 451.66 2316.02 0.8 0.1573 0.0066 0.0066 0
6 458.03 2316.12 -1.1 0.1573 0.0066 0.0066 0
8 465.6 2316.04 -1 0.4591 0.4045 0.2801 0
7 473.38 2316.09 0.9 0.0041 0.0041 0.005 0
3 481.25 2316.02 0 0.9158 0.4045 0 0
7 488.85 2316.08 -0.1 0.0017 0.0017 0.002 0
8 495 2316.03 -0.2 0.0892 0.0963 0.1062 0
4 502.54 2316.02 0 0.3392 0.3537 0.3736 0
4 509.42 2316.2 0.1 0.148 0.2428 0.3587 0
5 522.7 2316.06 -0.7 0.0189 0.022 0.029 0
9 529.19 2316.09 0 0.001 0.001 0.0012 0
8 559.68 2316.08 0.4 0.0892 0.0963 0.1062 0
4 573.92 2316.13 0.1 0.0041 0.0041 0.005 0
6 -271.48 2403.97 180.8 0.001 0.001 0.0012 0
6 -278.37 2403.99 180.4 0.0399 0.0546 0.0781 0
7 -285.31 2403.99 180.4 0.0892 0.0963 0.1062 0
6 -298.73 2403.82 179.6 0.1542 0.1636 0.1768 0
7 -306.79 2403.83 179.4 0.259 0.0097 0.0097 0
9 -313 2403.81 180.4 0.0017 0.0017 0.0023 0
0 -320.47 2403.86 180.2 0.9158 0.4045 0 0
4 -327.34 2403.94 180.7 0.0892 0.0963 0.1062 0
9 -333.64 2403.82 180.8 0.001 0.001 0.0012 0
5 -340.87 2403.93 179.1 0.1011 0.0029 0.0046 0
0 -347.85 2403.96 179.4 0.9158 0.4045 0 0
7 -355.25 2403.9 181 0.259 0.0097 0.0097 0
9 -363.42 2403.93 179.1 0.0029 0.0033 0.0041 0
4 -370.24 2403.9 180.4 0.0658 0.0385 0.021 0
12 -385.76 2403.83 180.1 0.5924 0.5924 0.5795 0
8 -394.84 2403.96 180.6 0.001 0.001 0.0012 0
7 -400.88 2403.89 179.9 0.1011 0.0029 0.0046 0
9 -24.07 2396.08 180.9 0.001 0.001 0.0012 0
6 -30.74 2396.11 180.8 0.0189 0.022 0.029 0
4 -37.88 2396 178.9 0.4591 0.4045 0.2801 0
6 -43.73 2396.1 180.1 0.0242 0.0697 0.1975 0
5 -50.56 2396.05 179.8 0.0546 0.0915 0.0461 0
11 -65.53 2396.11 180.7 0.5924 0.5924 0.5795 0
4 -72.21 2396.1 180.7 0.2047 0.259 0.2801 0
9 -79.72 2396.02 180 0.0658 0.0385 0.021 0
5 -87.95 2396.05 181.1 0.482 0.4936 0.5054 0
7 -94.71 2396.09 180.5 0.6941 0.6941 0.6661 0
9 -100.58 2396.13 180 0.0017 0.0017 0.0023 0
7 -107.68 2396.02 179 0.0546 0.06 0.0677 0
6 -113.54 2396.04 180.8 0.0892 0.0963 0.1062 0
2 -120.18 2396.16 179 0.9158 0.4045 0 0
3 -134.73 2396.03 180.9 0.9158 0.4045 0 0
8 -142.81 2396.1 180.9 0.1573 0.0066 0.0066 0
5 -149.7 2396.07 180.4 0.0017 0.0017 0.002 0
8 -156.99 2396.14 179.7 0.0189 0.022 0.029 0
4 -164.03 2396.11 180 0.0242 0.0697 0.1975 0
9 -170.74 2396.13 179.9 0.0029 0.0033 0.0041 0
6 -177.11 2396.15 180.8 0.0546 0.06 0.0677 0
4 -184.5 2396.01 178.9 0.7667 0.7667 0.7445 0
6 -192.87 2396.13 179.1 0.001 0.001 0.0012 0
10 -201.07 2396.16 179.3 0.3345 0.2801 0.1801 0
1 -207.75 2396.13 178.9 0.9158 0.4045 0 0
8 -215.86 2396.2 179.5 0.2047 0.259 0.2801 0
5 -221.76 2396.04 180.9 0.1011 0.0029 0.0046 0
4 -22.35 2403.87 180.5 0.2758 0.2932 0.3112 0
7 -29.11 2403.89 180.3 0.2047 0.259 0.2801 0
7 -35.13 2403.8 179.8 0.3392 0.3537 0.3736 0
9 -48.28 2403.91 180.7 0.2047 0.259 0.2801 0
7 -56.06 2403.87 180.4 0.0041 0.0041 0.005 0
11 -71.95 2403.97 180.9 0.5924 0.5924 0.5795 0
12 -80.34 2404 179.6 0.68 0.68 0.6524 0
11 -91.53 2403.84 179.2 0.5924 0.5924 0.5795 0
5 -100.1 2403.85 179.5 0.4591 0.4045 0.2801 0
6 -107.5 2403.9 178.9 0.0658 0.0385 0.021 0
6 -137.34 2403.88 179.5 0.0017 0.0017 0.0023 0
6 -151.8 2403.92 179.9 0.001 0.001 0.0012 0
4 -157.9 2403.97 180.2 0.0242 0.0697 0.1975 0
5 -165.22 2403.85 180.6 0.2758 0.2932 0.3112 0
10 -174.78 2403.99 180.8 0.021 0.043 0.0231 0
5 -183.53 2403.94 180.5 0.7969 0.7742 0.7083 0
8 -190.11 2403.88 180.1 0.1573 0.0066 0.0066 0
4 -204.85 2403.88 180.7 0.259 0.0097 0.0097 0
7 -211.54 2403.93 180.1 0.2047 0.259 0.2801 0
4 -219.98 2403.99 180.3 0.7667 0.7667 0.7445 0
10 -227.86 2403.89 179.5 0.1573 0.0066 0.0066 0
12 70.53 2396.95 179 0.632 0.6121 0.5605 1
1 71.73 2396.45 178.7 0.9158 0.4045 0 1
4 226.82 2396.04 180.6 0.1573 0.0066 0.0066 0
8 212.6 2396.08 179.5 0.1573 0.0066 0.0066 0
4 204.38 2396.03 179.5 0.0546 0.06 0.0677 0
12 195.69 2396.07 179.8 0.68 0.68 0.6524 0
4 185.78 2396.04 179.5 0.0072 0.0078 0.0097 0
10 177.7 2396.09 181.1 0.0189 0.022 0.029 0
4 161.75 2396.18 181 0.4591 0.4045 0.2801 0
4 147.26 2396.18 179.7 0.0041 0.0041 0.005 0
4 133.23 2396.12 180.5 0.1011 0.0029 0.0046 0
7 103.38 2396.03 180 0.1011 0.0029 0.0046 0
7 96.28 2396.02 180.1 0.0546 0.06 0.0677 0
10 89.09 2396.12 179.6 0.0658 0.0385 0.021 0
11 58.1 2396.11 180.1 0.632 0.6121 0.5605 0
7 51.25 2396.02 179.7 0.0399 0.0546 0.0781 0
0 43.66 2396.07 180.8 0.9158 0.4045 0 0
8 37.54 2396.13 180.3 0.0017 0.0017 0.0023 0
1 136.17 2403.55 179.6 0.9158 0.4045 0 1
9 229.07 2403.97 179.5 0.001 0.001 0.0012 0
8 220.77 2403.92 180.4 0.0014 0.0023 0.0037 0
7 212.65 2403.94 180.7 0.482 0.4936 0.5054 0
1 205.36 2403.97 180.4 0.9158 0.4045 0 0
4 191.77 2403.86 180 0.0242 0.0697 0.1975 0
5 183.6 2403.94 179.8 0.4591 0.4045 0.2801 0
7 176.39 2403.97 180.1 0.1011 0.0029 0.0046 0
6 168.88 2403.85 179.1 0.0029 0.0033 0.0041 0
7 160.93 2404 179.2 0.482 0.4936 0.5054 0
6 152.73 2403.9 179 0.0014 0.0023 0.0037 0
8 144.99 2403.92 179.2 0.0189 0.022 0.029 0
5 129 2403.91 180.9 0.0399 0.0546 0.0781 0
6 121.83 2403.87 180.6 0.0029 0.0033 0.0041 0
9 106.94 2403.98 180.7 0.0017 0.0017 0.0023 0
9 92.34 2403.95 179.5 0.0014 0.0023 0.0037 0
4 84.82 2403.92 180.4 0.7969 0.7742 0.7083 0
7 78.5 2403.99 180.3 0.0242 0.0697 0.1975 0
4 70.77 2403.87 180.1 0.1573 0.0066 0.0066 0
5 64.09 2403.96 180.5 0.6941 0.6941 0.6661 0
12 56.03 2403.85 179.4 0.68 0.68 0.6524 0
8 39.4 2403.85 179.9 0.2758 0.2932 0.3112 0
1 32.72 2403.82 180.8 0.9158 0.4045 0 0
4 25.98 2403.94 179.7 0.0119 0.0385 0.1247 0
8 400.7 2396.18 179.6 0.021 0.043 0.0231 0
7 394.42 2396.05 180.4 0.0546 0.0915 0.0461 0
7 388.26 2396.15 180 0.4591 0.4045 0.2801 0
5 381.37 2396.03 180.5 0.021 0.043 0.0231 0
8 374.85 2396.04 179.4 0.4591 0.4045 0.2801 0
0 368.29 2396.03 181 0.9158 0.4045 0 0
4 362.4 2396.07 179.3 0.0892 0.0963 0.1062 0
4 355.46 2396.15 179.2 0.0119 0.0385 0.1247 0
4 347.38 2396.03 179.1 0.0041 0.0041 0.005 0
8 340.71 2396.05 179 0.0242 0.0697 0.1975 0
4 332.34 2396.1 179.7 0.0041 0.0041 0.005 0
4 324.97 2396.06 179.1 0.632 0.632 0.5989 0
10 317.48 2396.06 179.4 0.482 0.4936 0.5054 0
4 309.26 2396.02 180.9 0.0023 0.0037 0.0055 0
6 303.08 2396.11 181 0.0546 0.06 0.0677 0
4 296.12 2396.07 179.4 0.0072 0.0078 0.0097 0
7 282.26 2396.1 180.3 0.021 0.043 0.0231 0
5 275.01 2396.03 179.4 0.4045 0.4259 0.4479 0
12 344.78 2402.85 180.8 0.5924 0.5924 0.5795 1
3 368.31 2403.55 179.8 0.9158 0.4045 0 1
7 405.85 2403.82 180.8 0.1573 0.0066 0.0066 0
7 398.89 2403.89 179.3 0.2758 0.2932 0.3112 0
12 391.12 2403.86 179.5 0.5924 0.5924 0.5795 0
7 382.65 2403.98 179.5 0.0658 0.0385 0.021 0
8 376.74 2403.84 180.7 0.001 0.001 0.0012 0
7 360.82 2403.94 181 0.6941 0.6941 0.6661 0
6 354.79 2403.96 180.3 0.0029 0.0033 0.0041 0
4 332.34 2403.84 180.9 0.482 0.4936 0.5054 0
7 313.3 2403.87 179.1 0.3345 0.2801 0.1801 0
4 298.61 2403.92 179.5 0.2758 0.2932 0.3112 0
4 291.42 2403.89 179.7 0.1011 0.0029 0.0046 0
12 281.96 2403.9 180.1 0.632 0.6121 0.5605 0
3 537.05 2396.45 181.1 0.9158 0.4045 0 1
9 588.59 2396.13 180.3 0.0546 0.0915 0.0461 0
6 580.66 2396.07 179.4 0.0029 0.0033 0.0041 0
5 574.28 2396.04 180.3 0.4045 0.4259 0.4479 0
9 558.33 2396.06 179.6 0.4591 0.4045 0.2801 0
9 551.65 2396.03 179.6 0.001 0.001 0.0012 0
6 543.79 2396.07 179.9 0.148 0.2428 0.3587 0
9 515.49 2396.08 179.7 0.0017 0.0017 0.0023 0
2 507.99 2396.14 180.7 0.9158 0.4045 0 0
6 499.91 2396.05 181.1 0.0119 0.0385 0.1247 0
5 483.38 2396.1 179.4 0.0072 0.0078 0.0097 0
8 470.12 2396.2 180.1 0.1542 0.1636 0.1768 0
5 458.07 2396.11 179.2 0.148 0.2428 0.3587 0
12 -8.15 2304.7 88.9 0.5924 0.5924 0.5795 1
3 258.85 -702.69 -90.6 0.3297 0.4313 0.0697 1
1 -8.85 -2978.81 89.5 0.9158 0.4045 0 1
3 8.85 -3021.36 -90.7 0.9158 0.4045 0 1
