t,walker,ox,oy,oz,lx,ly,lz,rx,ry,rz,rootspeed
10.008,0,23699.6,15033.0,15.0,23717.1,15051.8,22.8,23689.5,14984.7,39.0,1.3
10.008,1,23632.5,14892.3,15.0,23649.1,14903.8,23.0,23620.4,14842.9,43.7,1.3
10.008,2,23669.6,14697.9,15.0,23653.6,14691.6,23.4,23685.4,14751.1,55.9,1.3
10.008,3,23646.3,14609.9,15.0,23629.9,14597.8,22.7,23658.3,14658.3,43.5,1.0
10.008,4,23548.9,15142.1,15.0,23551.4,15127.0,26.4,23529.4,15149.7,23.2,1.0
10.008,5,23562.5,14740.8,15.0,23548.9,14768.2,38.0,23573.9,14742.6,22.5,1.2
10.008,6,23591.3,14643.5,15.0,23609.0,14656.9,23.4,23578.9,14591.3,44.7,1.3
10.008,7,23682.5,14427.8,15.0,23666.9,14420.6,23.0,23696.6,14477.2,49.8,1.2
10.008,8,23472.2,15119.9,15.0,23479.9,15103.2,22.6,23457.4,15117.7,26.6,1.2
10.008,9,23681.3,14260.4,15.0,23668.5,14262.4,23.4,23697.2,14294.1,43.9,1.0
10.008,10,23495.6,14581.3,15.0,23485.0,14633.3,42.2,23513.4,14566.4,23.4,1.5
10.008,11,23348.8,15151.6,15.0,23373.1,15133.6,23.2,23300.7,15161.2,37.0,0.9
10.008,12,23586.0,14213.1,15.0,23600.7,14178.2,43.7,23573.7,14213.8,22.4,1.2
10.008,13,23321.8,15293.1,15.0,23323.6,15277.7,26.7,23302.1,15300.9,23.4,1.0
10.034,0,23699.6,15036.2,15.0,23716.9,15051.2,23.0,23688.4,14986.2,42.4,1.3
10.034,1,23632.5,14895.5,15.0,23648.6,14904.7,23.0,23619.4,14846.3,45.7,1.3
10.034,2,23669.6,14694.6,15.0,23654.4,14690.0,23.2,23685.8,14744.7,55.3,1.3
10.034,3,23646.3,14607.3,15.0,23630.4,14597.9,22.7,23659.2,14655.2,45.4,1.0
10.034,4,23551.6,15142.1,15.0,23564.9,15127.2,24.5,23528.2,15149.1,23.2,1.0
10.034,5,23562.4,14737.8,15.0,23548.7,14758.3,33.5,23572.9,14742.6,22.4,1.2
10.034,6,23591.3,14646.7,15.0,23608.5,14657.2,23.4,23577.9,14594.7,46.1,1.3
10.034,7,23682.5,14424.8,15.0,23667.6,14419.5,22.9,23697.5,14474.4,54.0,1.2
10.034,8,23472.2,15122.9,15.0,23479.2,15102.2,22.6,23457.6,15131.1,24.3,1.2
10.034,9,23681.4,14257.9,15.0,23669.6,14262.6,23.4,23696.8,14282.3,37.7,1.0
10.034,10,23495.5,14577.6,15.0,23483.8,14630.7,44.8,23513.1,14565.5,23.6,1.5
10.034,11,23351.0,15151.6,15.0,23372.2,15133.5,23.2,23300.6,15162.1,40.8,0.9
10.034,12,23586.0,14216.2,15.0,23600.4,14189.7,37.3,23574.7,14214.3,22.4,1.2
10.034,13,23324.4,15293.1,15.0,23337.3,15277.9,24.7,23300.9,15300.3,23.3,1.0
10.060,0,23699.6,15039.6,15.0,23716.6,15051.4,23.1,23687.3,14989.3,44.1,1.3
10.060,1,23632.5,14898.9,15.0,23648.1,14906.2,22.9,23618.5,14849.8,49.0,1.3
10.060,2,23669.6,14691.3,15.0,23655.4,14688.8,23.1,23685.8,14735.0,50.3,1.3
10.060,3,23646.3,14604.5,15.0,23631.0,14597.5,22.8,23660.0,14652.1,48.4,1.0
10.060,4,23554.3,15142.1,15.0,23577.1,15127.1,23.9,23527.4,15148.8,23.2,1.0
10.060,5,23562.4,14734.7,15.0,23548.4,14750.4,30.7,23571.8,14742.9,22.4,1.2
10.060,6,23591.3,14650.1,15.0,23608.0,14658.6,23.4,23576.9,14598.4,49.1,1.3
10.060,7,23682.5,14421.6,15.0,23668.4,14418.1,22.8,23697.8,14467.9,53.0,1.2
10.060,8,23472.2,15126.0,15.0,23478.8,15101.6,22.6,23457.6,15144.4,23.2,1.2
10.060,9,23681.4,14255.2,15.0,23670.7,14263.2,23.4,23696.9,14274.2,34.1,1.0
10.060,10,23495.4,14573.8,15.0,23482.6,14627.0,46.6,23512.6,14563.8,23.7,1.5
10.060,11,23353.2,15151.6,15.0,23370.8,15133.7,23.2,23301.7,15163.1,43.5,0.9
10.060,12,23586.0,14219.5,15.0,23600.3,14199.4,33.1,23575.8,14214.5,22.3,1.2
10.060,13,23327.2,15293.1,15.0,23350.1,15277.9,24.1,23300.0,15299.9,23.4,1.0
10.086,0,23699.6,15042.8,15.0,23716.0,15052.1,23.1,23686.3,14992.7,46.2,1.3
10.086,1,23632.5,14902.1,15.0,23647.3,14907.6,22.8,23617.6,14852.7,53.5,1.3
10.086,2,23669.6,14688.0,15.0,23656.5,14688.0,23.0,23685.6,14722.5,42.9,1.3
10.086,3,23646.3,14601.8,15.0,23631.8,14597.0,22.8,23660.8,14649.7,52.9,1.0
10.086,4,23556.9,15142.1,15.0,23585.9,15126.7,23.8,23526.7,15148.7,23.3,1.0
10.086,5,23562.3,14731.6,15.0,23548.1,14742.1,28.7,23570.8,14744.0,22.4,1.2
10.086,6,23591.3,14653.3,15.0,23607.2,14660.0,23.3,23575.9,14601.2,53.7,1.3
10.086,7,23682.5,14418.5,15.0,23669.4,14417.3,22.8,23697.7,14457.9,47.2,1.2
10.086,8,23472.2,15129.1,15.0,23478.6,15101.0,22.7,23457.3,15154.3,22.9,1.2
10.086,9,23681.4,14252.6,15.0,23671.8,14264.4,23.4,23697.0,14266.2,31.3,1.0
10.086,10,23495.4,14570.1,15.0,23481.5,14623.1,49.8,23512.0,14561.5,23.5,1.5
10.086,11,23355.4,15151.6,15.0,23369.7,15134.0,23.2,23303.7,15163.9,45.0,0.9
10.086,12,23586.0,14222.6,15.0,23600.4,14207.5,30.4,23576.9,14213.9,22.3,1.2
10.086,13,23329.8,15293.1,15.0,23359.3,15277.5,24.0,23299.2,15299.8,23.4,1.0
10.111,0,23699.6,15046.0,15.0,23715.4,15053.5,23.0,23685.4,14996.0,49.6,1.3
10.111,1,23632.5,14905.2,15.0,23646.5,14909.1,22.7,23617.3,14859.1,52.5,1.3
10.111,2,23669.6,14684.8,15.0,23657.7,14687.9,22.9,23685.3,14709.9,36.7,1.3
10.111,3,23646.3,14599.2,15.0,23632.6,14596.4,22.7,23661.2,14644.1,52.3,1.0
10.111,4,23559.5,15142.1,15.0,23589.3,15126.1,23.4,23526.7,15148.9,23.6,1.0
10.111,5,23562.2,14728.7,15.0,23547.9,14730.3,26.1,23570.0,14745.1,22.4,1.2
10.111,6,23591.3,14656.5,15.0,23606.4,14661.5,23.1,23575.3,14606.3,55.0,1.3
10.111,7,23682.5,14415.5,15.0,23670.4,14416.8,22.7,23697.5,14446.2,40.5,1.2
10.111,8,23472.2,15132.0,15.0,23478.8,15101.2,23.1,23456.6,15158.2,22.4,1.2
10.111,9,23681.4,14250.1,15.0,23672.7,14265.8,23.4,23697.1,14257.8,29.3,1.0
10.111,10,23495.3,14566.5,15.0,23480.4,14620.3,54.6,23511.3,14558.8,23.2,1.5
10.111,11,23357.5,15151.6,15.0,23368.9,15134.4,23.3,23306.2,15164.7,45.9,0.9
10.111,12,23586.0,14225.7,15.0,23600.5,14215.9,28.4,23577.9,14213.0,22.2,1.2
10.111,13,23332.5,15293.1,15.0,23362.8,15276.8,23.5,23299.2,15300.0,23.8,1.0
10.136,0,23699.6,15049.2,15.0,23714.7,15055.0,22.9,23684.5,14998.8,54.1,1.3
10.136,1,23632.5,14908.4,15.0,23645.6,14910.3,22.6,23617.3,14868.7,47.1,1.3
10.136,2,23669.6,14681.5,15.0,23658.8,14688.3,22.9,23685.5,14701.8,33.3,1.3
10.136,3,23646.3,14596.6,15.0,23633.5,14595.9,22.7,23661.2,14636.0,48.2,1.0
10.136,4,23562.1,15142.1,15.0,23591.8,15125.4,23.2,23526.2,15149.2,25.1,1.0
10.136,5,23562.1,14725.7,15.0,23547.7,14717.1,23.9,23569.4,14745.9,22.4,1.2
10.136,6,23591.3,14659.7,15.0,23605.5,14662.8,23.0,23575.2,14614.2,52.0,1.3
10.136,7,23682.5,14412.5,15.0,23671.5,14416.7,22.7,23697.2,14434.8,35.1,1.2
10.136,8,23472.2,15135.0,15.0,23479.1,15100.8,24.7,23456.0,15161.2,22.4,1.2
10.136,9,23681.4,14247.5,15.0,23673.5,14267.2,23.4,23696.9,14245.9,26.8,1.0
10.136,10,23495.3,14562.8,15.0,23479.7,14614.1,54.9,23510.5,14556.6,23.0,1.5
10.136,11,23359.7,15151.6,15.0,23369.0,15134.8,23.3,23308.8,15165.4,48.1,0.9
10.136,12,23586.0,14228.8,15.0,23600.3,14227.9,25.9,23578.7,14212.1,22.2,1.2
10.136,13,23335.1,15293.1,15.0,23365.3,15276.1,23.4,23298.6,15300.3,25.3,1.0
10.162,0,23699.6,15052.5,15.0,23713.9,15056.6,22.8,23684.1,15005.3,53.2,1.3
10.162,1,23632.5,14911.7,15.0,23644.6,14911.2,22.5,23617.6,14880.3,40.6,1.3
10.162,2,23669.6,14678.2,15.0,23660.0,14689.2,22.8,23685.6,14693.1,31.0,1.3
10.162,3,23646.3,14593.8,15.0,23634.4,14595.4,22.8,23660.9,14625.4,42.1,1.0
10.162,4,23564.8,15142.1,15.0,23593.6,15124.8,23.2,23525.1,15149.8,27.8,1.0
10.162,5,23562.0,14722.6,15.0,23547.4,14704.5,23.0,23569.0,14746.5,22.4,1.2
10.162,6,23591.3,14663.0,15.0,23604.5,14663.8,22.9,23575.4,14625.9,45.2,1.3
10.162,7,23682.5,14409.4,15.0,23672.6,14417.0,22.6,23697.4,14426.9,31.9,1.2
10.162,8,23472.2,15138.1,15.0,23479.7,15099.7,27.6,23455.5,15163.5,22.5,1.2
10.162,9,23681.4,14244.9,15.0,23674.1,14268.4,23.4,23696.7,14232.5,24.8,1.0
10.162,10,23495.2,14559.1,15.0,23479.5,14604.8,50.6,23509.6,14554.3,22.8,1.5
10.162,11,23361.8,15151.6,15.0,23369.2,15135.4,23.3,23311.1,15166.1,50.9,0.9
10.162,12,23586.0,14232.0,15.0,23600.2,14241.5,23.6,23579.3,14211.4,22.2,1.2
10.162,13,23337.8,15293.1,15.0,23367.1,15275.5,23.4,23297.4,15300.9,28.0,1.0
10.187,0,23699.6,15055.7,15.0,23713.0,15057.7,22.7,23684.2,15015.0,47.9,1.3
10.187,1,23632.5,14914.8,15.0,23643.5,14911.4,22.4,23617.8,14892.0,35.0,1.3
10.187,2,23669.6,14675.0,15.0,23661.0,14690.5,22.8,23685.5,14682.0,28.3,1.3
10.187,3,23646.3,14591.2,15.0,23635.5,14595.5,22.8,23660.6,14613.7,36.0,1.0
10.187,4,23567.4,15142.1,15.0,23594.7,15124.4,23.2,23522.9,15150.7,32.3,1.0
10.187,5,23562.0,14719.7,15.0,23546.9,14695.4,22.6,23568.9,14746.9,22.5,1.2
10.187,6,23591.3,14666.2,15.0,23603.4,14664.1,22.9,23575.7,14638.7,38.2,1.3
10.187,7,23682.5,14406.4,15.0,23673.7,14418.1,22.6,23697.5,14418.7,29.8,1.2
10.187,8,23472.2,15141.1,15.0,23480.7,15097.8,32.3,23455.1,15164.9,22.6,1.2
10.187,9,23681.4,14242.4,15.0,23674.5,14269.6,23.4,23696.7,14219.7,24.2,1.0
10.187,10,23495.2,14555.4,15.0,23479.5,14592.4,43.5,23508.5,14553.2,22.7,1.5
10.187,11,23364.0,15151.6,15.0,23369.5,15136.0,23.3,23313.0,15166.9,54.6,0.9
10.187,12,23586.0,14235.0,15.0,23600.2,14253.5,22.7,23579.6,14210.8,22.3,1.2
10.187,13,23340.4,15293.1,15.0,23368.2,15275.1,23.4,23295.1,15301.9,32.6,1.0
10.212,0,23699.6,15058.8,15.0,23712.0,15058.5,22.6,23684.4,15026.5,41.2,1.3
10.212,1,23632.5,14918.0,15.0,23642.4,14911.1,22.4,23617.7,14899.8,31.8,1.3
10.212,2,23669.6,14671.8,15.0,23661.8,14691.7,22.8,23685.3,14668.4,25.6,1.3
10.212,3,23646.3,14588.6,15.0,23636.5,14596.0,22.7,23660.6,14605.9,32.5,1.0
10.212,4,23570.0,15142.1,15.0,23593.8,15124.1,23.2,23521.6,15151.8,37.5,1.0
10.212,5,23561.9,14716.7,15.0,23546.1,14691.6,22.2,23569.0,14746.6,22.9,1.2
10.212,6,23591.3,14669.4,15.0,23602.2,14663.9,22.8,23575.7,14647.9,34.1,1.3
10.212,7,23682.5,14403.4,15.0,23674.6,14419.1,22.6,23697.4,14408.0,27.2,1.2
10.212,8,23472.2,15144.0,15.0,23481.8,15096.9,37.7,23454.9,15164.6,22.7,1.2
10.212,9,23681.4,14239.9,15.0,23674.6,14270.3,23.4,23697.0,14210.8,24.0,1.0
10.212,10,23495.1,14551.8,15.0,23479.6,14579.4,37.0,23507.4,14552.4,22.5,1.5
10.212,11,23366.1,15151.6,15.0,23369.8,15136.7,23.2,23317.0,15167.2,55.1,0.9
10.212,12,23586.0,14238.1,15.0,23600.6,14261.7,22.3,23579.7,14210.6,22.4,1.2
10.212,13,23343.0,15293.1,15.0,23367.2,15274.8,23.3,23293.8,15303.0,38.0,1.0
10.237,0,23699.6,15062.0,15.0,23710.9,15058.9,22.6,23684.7,15038.5,35.6,1.3
10.237,1,23632.5,14921.2,15.0,23641.4,14910.4,22.3,23617.6,14908.0,29.8,1.3
10.237,2,23669.6,14668.5,15.0,23662.3,14692.8,22.9,23685.2,14653.2,23.8,1.3
10.237,3,23646.3,14585.9,15.0,23637.5,14596.7,22.7,23660.7,14598.4,30.0,1.0
10.237,4,23572.6,15142.1,15.0,23592.5,15124.1,23.2,23522.0,15152.9,41.7,1.0
10.237,5,23561.8,14713.7,15.0,23545.5,14688.6,22.2,23569.4,14746.8,24.5,1.2
10.237,6,23591.3,14672.6,15.0,23601.1,14663.2,22.7,23575.6,14656.2,31.5,1.3
10.237,7,23682.5,14400.4,15.0,23675.3,14420.1,22.6,23697.2,14395.0,24.9,1.2
10.237,8,23472.2,15147.1,15.0,23483.0,15097.9,41.4,23455.0,15163.7,22.9,1.2
10.237,9,23681.4,14237.3,15.0,23674.5,14270.3,23.8,23697.7,14206.9,23.7,1.0
10.237,10,23495.0,14548.1,15.0,23479.4,14571.1,33.7,23506.2,14552.5,22.4,1.5
10.237,11,23368.3,15151.6,15.0,23370.3,15137.4,23.3,23322.0,15167.5,54.3,0.9
10.237,12,23586.0,14241.2,15.0,23601.2,14265.8,21.9,23579.6,14211.1,22.9,1.2
10.237,13,23345.7,15293.1,15.0,23365.8,15274.8,23.3,23294.2,15304.2,42.2,1.0
10.266,0,23699.6,15065.7,15.0,23709.8,15059.0,22.5,23684.5,15046.9,32.3,1.3
10.266,1,23632.5,14924.8,15.0,23640.4,14909.9,22.3,23617.7,14919.2,27.2,1.3
10.266,2,23669.6,14664.8,15.0,23662.6,14692.9,22.9,23685.5,14642.5,22.9,1.3
10.266,3,23646.3,14582.9,15.0,23638.4,14597.4,22.7,23660.7,14589.8,28.1,1.0
10.266,4,23575.6,15142.1,15.0,23591.3,15124.4,23.2,23523.9,15154.0,44.5,1.0
10.266,5,23561.7,14710.3,15.0,23544.9,14686.0,22.3,23570.0,14747.5,27.4,1.2
10.266,6,23591.3,14676.3,15.0,23600.0,14662.6,22.7,23575.5,14666.0,29.3,1.3
10.266,7,23682.5,14396.9,15.0,23675.8,14420.6,22.6,23697.1,14380.1,23.5,1.2
10.266,8,23472.2,15150.5,15.0,23484.0,15100.8,43.6,23455.3,15163.5,23.0,1.2
10.266,9,23681.4,14234.3,15.0,23674.2,14270.4,24.9,23698.3,14203.8,23.4,1.0
10.266,10,23495.0,14543.9,15.0,23479.1,14561.9,31.5,23505.0,14552.6,22.3,1.5
10.266,11,23370.7,15151.6,15.0,23370.8,15138.2,23.2,23330.8,15167.3,48.6,0.9
10.266,12,23586.0,14244.8,15.0,23601.8,14269.2,22.0,23579.2,14211.1,24.8,1.2
10.266,13,23348.7,15293.1,15.0,23364.5,15275.1,23.4,23296.2,15305.3,45.0,1.0
10.298,0,23699.6,15069.7,15.0,23708.5,15058.4,22.4,23684.4,15056.7,29.9,1.3
10.298,1,23632.5,14928.8,15.0,23639.6,14909.2,22.3,23617.9,14934.7,24.4,1.3
10.298,2,23669.6,14660.8,15.0,23662.5,14692.7,23.4,23686.2,14635.6,22.5,1.3
10.298,3,23646.3,14579.6,15.0,23639.3,14598.5,22.8,23660.5,14576.1,25.5,1.0
10.298,4,23578.8,15142.1,15.0,23590.4,15124.9,23.2,23527.6,15155.1,45.7,1.0
10.298,5,23561.7,14706.6,15.0,23544.5,14684.3,22.4,23571.1,14749.0,32.7,1.2
10.298,6,23591.3,14680.3,15.0,23599.0,14661.5,22.7,23575.7,14681.3,26.2,1.3
10.298,7,23682.5,14393.1,15.0,23676.0,14420.8,22.7,23697.5,14368.8,22.8,1.2
10.298,8,23472.2,15154.2,15.0,23485.1,15104.9,45.5,23455.9,15164.0,23.0,1.2
10.298,9,23681.4,14231.2,15.0,23673.5,14271.4,27.7,23699.0,14201.5,23.4,1.0
10.298,10,23494.9,14539.4,15.0,23479.0,14548.6,28.4,23503.8,14553.3,22.2,1.5
10.298,11,23373.4,15151.6,15.0,23371.1,15139.2,23.2,23341.5,15167.0,42.5,0.9
10.298,12,23586.0,14248.6,15.0,23602.4,14272.0,22.1,23578.3,14209.8,28.8,1.2
10.298,13,23352.0,15293.1,15.0,23363.6,15275.6,23.4,23299.9,15306.4,46.3,1.0
10.323,0,23699.6,15073.0,15.0,23707.4,15056.5,22.4,23684.6,15070.3,26.6,1.3
10.323,1,23632.5,14932.0,15.0,23639.1,14907.7,22.4,23617.9,14949.7,22.8,1.3
10.323,2,23669.6,14657.5,15.0,23662.0,14694.0,25.5,23687.0,14632.0,22.4,1.3
10.323,3,23646.3,14576.9,15.0,23639.9,14600.2,22.7,23660.3,14560.0,23.6,1.0
10.323,4,23581.5,15142.1,15.0,23589.9,15125.6,23.2,23531.0,15156.2,49.0,1.0
10.323,5,23561.6,14703.5,15.0,23544.4,14685.4,22.6,23572.5,14750.1,38.8,1.2
10.323,6,23591.3,14683.6,15.0,23598.4,14659.6,22.8,23575.9,14699.1,23.7,1.3
10.323,7,23682.5,14390.0,15.0,23675.9,14421.3,23.2,23698.3,14364.0,22.4,1.2
10.323,8,23472.2,15157.3,15.0,23486.3,15108.2,49.5,23456.6,15164.4,22.9,1.2
10.323,9,23681.4,14228.6,15.0,23672.4,14274.6,33.2,23699.6,14200.8,23.4,1.0
10.323,10,23494.9,14535.6,15.0,23479.0,14531.8,24.7,23502.9,14555.3,22.3,1.5
10.323,11,23375.6,15151.6,15.0,23370.5,15140.3,23.3,23353.1,15166.7,36.4,0.9
10.323,12,23586.0,14251.8,15.0,23602.7,14272.3,22.4,23577.1,14207.6,34.8,1.2
10.323,13,23354.7,15293.1,15.0,23363.1,15276.4,23.4,23303.3,15307.5,49.8,1.0
10.349,0,23699.6,15076.2,15.0,23706.7,15055.4,22.4,23684.8,15084.5,24.1,1.3
10.349,1,23632.5,14935.2,15.0,23639.0,14907.4,22.6,23617.5,14958.6,22.4,1.3
10.349,2,23669.6,14654.3,15.0,23661.3,14695.7,29.1,23687.5,14629.5,22.6,1.3
10.349,3,23646.3,14574.2,15.0,23640.1,14600.9,22.7,23660.5,14550.1,23.2,1.0
10.349,4,23584.1,15142.1,15.0,23590.3,15126.3,23.2,23533.3,15157.1,53.2,1.0
10.349,5,23561.5,14700.5,15.0,23544.6,14686.4,22.7,23573.5,14748.6,42.1,1.2
10.349,6,23591.3,14686.8,15.0,23598.1,14659.0,22.8,23575.6,14709.3,22.8,1.3
10.349,7,23682.5,14387.0,15.0,23675.5,14421.8,25.0,23698.9,14361.0,22.4,1.2
10.349,8,23472.2,15160.3,15.0,23487.1,15111.0,53.8,23457.4,15165.5,22.9,1.2
10.349,9,23681.4,14226.0,15.0,23671.3,14275.9,38.6,23699.8,14201.9,23.4,1.0
10.349,10,23494.8,14532.0,15.0,23478.8,14518.2,22.9,23502.4,14556.1,22.4,1.5
10.349,11,23377.7,15151.6,15.0,23369.8,15141.2,23.2,23359.3,15166.8,33.6,0.9
10.349,12,23586.0,14254.9,15.0,23602.7,14271.9,22.5,23575.9,14207.9,39.4,1.2
10.349,13,23357.3,15293.1,15.0,23363.4,15277.1,23.4,23305.7,15308.4,54.2,1.0
10.374,0,23699.6,15079.3,15.0,23706.4,15054.7,22.5,23684.7,15097.1,22.9,1.3
10.374,1,23632.5,14938.4,15.0,23639.1,14907.7,23.0,23616.9,14962.8,21.9,1.3
10.374,2,23669.6,14651.1,15.0,23660.2,14697.7,34.3,23687.9,14628.1,22.9,1.3
10.374,3,23646.3,14571.6,15.0,23640.1,14601.0,22.9,23661.0,14544.0,23.1,1.0
10.374,4,23586.7,15142.1,15.0,23590.6,15127.2,23.2,23537.4,15157.7,55.1,1.0
10.374,5,23561.5,14697.6,15.0,23545.0,14686.6,22.7,23574.4,14745.4,43.2,1.2
10.374,6,23591.3,14690.0,15.0,23598.2,14658.9,23.2,23575.0,14714.9,22.5,1.3
10.374,7,23682.5,14384.0,15.0,23674.8,14423.3,28.3,23699.4,14358.9,22.5,1.2
10.374,8,23472.2,15163.2,15.0,23487.5,15117.3,52.8,23458.2,15166.5,22.8,1.2
10.374,9,23681.4,14223.5,15.0,23670.1,14275.5,42.6,23699.8,14203.5,23.4,1.0
10.374,10,23494.8,14528.3,15.0,23478.3,14508.8,22.1,23502.2,14556.5,22.7,1.5
10.374,11,23379.9,15151.6,15.0,23369.0,15142.0,23.2,23365.6,15166.9,31.4,0.9
10.374,12,23586.0,14258.0,15.0,23602.5,14271.4,22.7,23574.8,14209.7,42.3,1.2
10.374,13,23359.9,15293.1,15.0,23363.7,15278.0,23.4,23310.1,15309.0,55.7,1.0
10.399,0,23699.6,15082.6,15.0,23706.2,15054.5,22.7,23684.4,15106.2,22.5,1.3
10.399,1,23632.5,14941.6,15.0,23639.5,14907.4,24.9,23616.3,14965.9,22.0,1.3
10.399,2,23669.6,14647.7,15.0,23659.0,14698.6,40.1,23688.0,14628.0,23.2,1.3
10.399,3,23646.3,14568.9,15.0,23639.9,14600.8,23.4,23661.6,14540.6,22.8,1.0
10.399,4,23589.4,15142.1,15.0,23591.2,15128.0,23.2,23543.7,15157.9,53.7,1.0
10.399,5,23561.4,14694.5,15.0,23545.5,14686.0,22.7,23575.2,14742.0,45.3,1.2
10.399,6,23591.3,14693.3,15.0,23598.5,14658.8,24.5,23574.4,14718.7,22.3,1.3
10.399,7,23682.5,14380.9,15.0,23673.8,14424.8,33.0,23699.8,14357.6,22.6,1.2
10.399,8,23472.2,15166.3,15.0,23487.4,15126.8,47.5,23459.1,15167.6,22.7,1.2
10.399,9,23681.4,14220.9,15.0,23669.1,14273.8,45.3,23699.5,14205.0,23.4,1.0
10.399,10,23494.7,14524.6,15.0,23477.6,14503.7,21.7,23502.4,14556.1,23.3,1.5
10.399,11,23382.1,15151.6,15.0,23368.0,15142.8,23.2,23372.1,15167.0,29.8,0.9
10.399,12,23586.0,14261.2,15.0,23602.1,14271.6,22.8,23573.9,14213.1,43.3,1.2
10.399,13,23362.6,15293.1,15.0,23364.3,15278.9,23.4,23316.9,15309.2,53.6,1.0
10.424,0,23699.6,15085.8,15.0,23706.4,15054.6,23.2,23683.7,15110.3,22.0,1.3
10.424,1,23632.5,14944.7,15.0,23640.3,14905.7,28.4,23615.8,14968.2,22.2,1.3
10.424,2,23669.6,14644.6,15.0,23657.7,14697.3,43.8,23687.9,14628.9,23.5,1.3
10.424,3,23646.3,14566.3,15.0,23639.4,14601.5,25.4,23662.2,14538.6,22.8,1.0
10.424,4,23591.9,15142.1,15.0,23591.4,15129.0,23.2,23554.2,15157.7,46.9,1.0
10.424,5,23561.3,14691.6,15.0,23546.1,14685.1,22.7,23576.0,14739.0,48.8,1.2
10.424,6,23591.3,14696.4,15.0,23599.1,14657.6,27.3,23573.8,14721.4,22.5,1.3
10.424,7,23682.5,14377.9,15.0,23672.6,14425.8,38.7,23699.9,14358.0,22.8,1.2
10.424,8,23472.2,15169.2,15.0,23487.1,15138.4,40.8,23460.2,15168.0,22.7,1.2
10.424,9,23681.4,14218.4,15.0,23668.1,14270.9,46.3,23699.1,14206.2,23.4,1.0
10.424,10,23494.7,14521.0,15.0,23477.0,14500.0,21.9,23502.8,14556.9,25.6,1.5
10.424,11,23384.2,15151.6,15.0,23366.8,15143.6,23.2,23381.1,15166.9,27.6,0.9
10.424,12,23586.0,14264.2,15.0,23601.5,14272.5,22.7,23573.0,14216.5,45.9,1.2
10.424,13,23365.2,15293.1,15.0,23364.4,15279.9,23.4,23327.9,15309.0,46.7,1.0
10.449,0,23699.6,15088.9,15.0,23706.8,15054.2,25.0,23683.1,15113.5,22.1,1.3
10.449,1,23632.5,14947.9,15.0,23641.2,14904.3,33.1,23615.5,14969.7,22.4,1.3
10.449,2,23669.6,14641.4,15.0,23656.7,14694.4,45.6,23687.5,14628.9,23.6,1.3
10.449,3,23646.3,14563.6,15.0,23638.7,14603.1,28.8,23662.7,14537.1,22.8,1.0
10.449,4,23594.5,15142.1,15.0,23591.5,15130.0,23.2,23565.3,15157.4,40.5,1.0
10.449,5,23561.3,14688.6,15.0,23546.8,14683.9,22.6,23576.8,14736.1,52.7,1.2
10.449,6,23591.3,14699.6,15.0,23600.0,14655.6,31.8,23573.4,14723.5,22.7,1.3
10.449,7,23682.5,14374.9,15.0,23671.5,14424.5,42.0,23699.8,14358.9,22.9,1.2
10.449,8,23472.2,15172.2,15.0,23486.9,15149.9,35.2,23461.2,15168.2,22.7,1.2
10.449,9,23681.4,14215.8,15.0,23667.2,14267.8,48.8,23698.5,14206.2,23.4,1.0
10.449,10,23494.7,14517.4,15.0,23476.6,14496.8,22.2,23503.6,14558.6,29.4,1.5
10.449,11,23386.3,15151.6,15.0,23365.8,15144.2,23.3,23391.0,15166.8,26.0,0.9
10.449,12,23586.0,14267.3,15.0,23600.9,14273.8,22.7,23572.1,14219.4,49.5,1.2
10.449,13,23367.8,15293.1,15.0,23364.4,15281.0,23.4,23339.4,15308.6,40.1,1.0
10.475,0,23699.6,15092.2,15.0,23707.5,15052.9,28.4,23682.6,15116.1,22.3,1.3
10.475,1,23632.5,14951.2,15.0,23642.4,14903.7,38.5,23615.3,14969.8,22.7,1.3
10.475,2,23669.6,14638.0,15.0,23655.6,14690.9,47.7,23687.0,14628.1,23.6,1.3
10.475,3,23646.3,14560.9,15.0,23637.8,14604.5,33.4,23663.1,14536.6,22.7,1.0
10.475,4,23597.2,15142.1,15.0,23591.2,15131.1,23.2,23576.1,15157.2,35.4,1.0
10.475,5,23561.2,14685.6,15.0,23547.6,14682.6,22.6,23576.9,14729.8,51.7,1.2
10.475,6,23591.3,14702.9,15.0,23601.2,14654.4,37.4,23573.2,14723.7,23.0,1.3
10.475,7,23682.5,14371.8,15.0,23670.5,14421.7,43.9,23699.4,14359.2,23.0,1.2
10.475,8,23472.2,15175.3,15.0,23487.0,15157.7,32.0,23462.3,15167.9,22.6,1.2
10.475,9,23681.4,14213.2,15.0,23666.4,14265.1,52.3,23697.8,14206.0,23.4,1.0
10.475,10,23494.6,14513.6,15.0,23476.3,14494.7,22.7,23504.7,14560.1,34.8,1.5
10.475,11,23388.5,15151.6,15.0,23364.9,15144.6,23.2,23402.6,15166.6,24.4,0.9
10.475,12,23586.0,14270.5,15.0,23600.2,14275.3,22.6,23571.4,14223.3,52.3,1.2
10.475,13,23370.6,15293.1,15.0,23364.0,15282.1,23.4,23349.7,15308.5,35.3,1.0
10.500,0,23699.6,15095.4,15.0,23708.5,15051.1,33.3,23682.3,15117.4,22.5,1.3
10.500,1,23632.5,14954.3,15.0,23643.6,14905.1,42.0,23615.5,14969.1,22.9,1.3
10.500,2,23669.6,14634.8,15.0,23654.6,14687.5,51.1,23686.4,14626.8,23.5,1.3
10.500,3,23646.3,14558.3,15.0,23636.6,14605.3,38.6,23663.2,14537.5,22.8,1.0
10.500,4,23599.8,15142.1,15.0,23590.4,15132.2,23.2,23583.7,15157.4,32.1,1.0
10.500,5,23561.2,14682.6,15.0,23548.5,14681.8,22.5,23576.6,14720.3,46.3,1.2
10.500,6,23591.3,14706.1,15.0,23602.4,14654.9,42.0,23573.2,14723.1,23.2,1.3
10.500,7,23682.5,14368.8,15.0,23669.5,14418.4,45.7,23698.9,14359.1,23.0,1.2
10.500,8,23472.2,15178.3,15.0,23487.1,15165.9,29.8,23463.4,15166.8,22.6,1.2
10.500,9,23681.4,14210.7,15.0,23665.5,14262.6,56.5,23697.0,14205.7,23.4,1.0
10.500,10,23494.6,14510.0,15.0,23476.2,14494.0,23.2,23506.0,14560.6,40.4,1.5
10.500,11,23390.6,15151.6,15.0,23364.0,15144.9,23.2,23412.8,15166.6,24.0,0.9
10.500,12,23586.0,14273.5,15.0,23599.4,14276.6,22.5,23571.1,14229.8,51.2,1.2
10.500,13,23373.2,15293.1,15.0,23363.0,15283.2,23.4,23357.6,15308.7,32.1,1.0
10.525,0,23699.6,15098.6,15.0,23709.7,15050.3,38.9,23682.1,15117.5,22.8,1.3
10.525,1,23632.5,14957.5,15.0,23644.6,14908.1,43.6,23615.9,14969.2,23.0,1.3
10.525,2,23669.6,14631.6,15.0,23653.7,14684.8,55.9,23685.6,14625.3,23.4,1.3
10.525,3,23646.3,14555.7,15.0,23635.6,14604.0,41.6,23663.1,14538.9,22.7,1.0
10.525,4,23602.4,15142.1,15.0,23589.1,15133.2,23.2,23591.4,15157.4,30.1,1.0
10.525,5,23561.1,14679.6,15.0,23549.5,14681.1,22.5,23576.1,14709.2,39.9,1.2
10.525,6,23591.3,14709.3,15.0,23603.6,14657.0,44.7,23573.5,14722.7,23.4,1.3
10.525,7,23682.5,14365.8,15.0,23668.6,14415.0,48.6,23698.3,14358.2,23.0,1.2
10.525,8,23472.2,15181.3,15.0,23487.0,15176.3,27.3,23464.3,15165.8,22.6,1.2
10.525,9,23681.4,14208.1,15.0,23665.2,14256.7,55.5,23696.2,14205.3,23.4,1.0
10.525,10,23494.5,14506.3,15.0,23476.4,14493.6,23.6,23507.2,14559.0,44.1,1.5
10.525,11,23392.8,15151.6,15.0,23363.5,15145.0,23.2,23420.2,15166.9,23.8,0.9
10.525,12,23586.0,14276.6,15.0,23598.4,14277.6,22.4,23571.3,14240.3,44.7,1.2
10.525,13,23375.8,15293.1,15.0,23361.7,15284.2,23.4,23365.5,15308.7,30.1,1.0
10.550,0,23699.6,15101.8,15.0,23710.8,15051.8,42.3,23682.3,15116.9,23.0,1.3
10.550,1,23632.5,14960.6,15.0,23645.5,14911.4,45.5,23616.4,14969.9,23.0,1.3
10.550,2,23669.6,14628.4,15.0,23653.3,14678.4,55.3,23684.8,14623.9,23.2,1.3
10.550,3,23646.3,14553.0,15.0,23634.7,14601.5,43.2,23662.8,14539.9,22.7,1.0
10.550,4,23605.0,15142.1,15.0,23587.8,15134.1,23.2,23601.6,15157.4,27.7,1.0
10.550,5,23561.0,14676.7,15.0,23550.5,14680.9,22.4,23575.7,14697.9,34.6,1.2
10.550,6,23591.3,14712.4,15.0,23604.6,14660.4,46.0,23574.0,14723.0,23.5,1.3
10.550,7,23682.5,14362.8,15.0,23667.7,14412.5,53.1,23697.6,14357.0,22.9,1.2
10.550,8,23472.2,15184.2,15.0,23486.8,15189.1,25.0,23465.0,15164.7,22.6,1.2
10.550,9,23681.4,14205.6,15.0,23665.2,14248.2,50.8,23695.2,14205.0,23.4,1.0
10.550,10,23494.5,14502.7,15.0,23476.8,14492.3,23.7,23508.2,14555.5,45.5,1.5
10.550,11,23394.9,15151.6,15.0,23363.3,15144.9,23.5,23424.4,15167.4,23.6,0.9
10.550,12,23586.0,14279.7,15.0,23597.5,14278.2,22.3,23571.6,14251.7,38.3,1.2
10.550,13,23378.4,15293.1,15.0,23360.3,15285.1,23.3,23376.6,15308.6,27.5,1.0
10.575,0,23699.6,15104.9,15.0,23711.8,15054.6,44.0,23682.7,15116.9,23.1,1.3
10.575,1,23632.5,14963.8,15.0,23646.4,14914.8,48.6,23616.9,14971.3,22.9,1.3
10.575,2,23669.6,14625.2,15.0,23653.3,14669.0,50.3,23683.8,14622.6,23.1,1.3
10.575,3,23646.3,14550.4,15.0,23633.8,14598.5,44.7,23662.3,14540.4,22.8,1.0
10.575,4,23607.6,15142.1,15.0,23586.5,15134.8,23.2,23614.0,15157.2,25.6,1.0
10.575,5,23561.0,14673.7,15.0,23551.6,14681.2,22.4,23575.7,14690.4,31.4,1.2
10.575,6,23591.3,14715.6,15.0,23605.6,14663.9,49.0,23574.5,14724.2,23.4,1.3
10.575,7,23682.5,14359.8,15.0,23667.2,14406.9,53.2,23696.8,14355.9,22.8,1.2
10.575,8,23472.2,15187.2,15.0,23486.7,15203.4,23.5,23465.5,15163.8,22.6,1.2
10.575,9,23681.4,14203.1,15.0,23665.5,14237.4,44.5,23694.3,14204.8,23.4,1.0
10.575,10,23494.4,14499.1,15.0,23477.3,14490.2,23.6,23509.3,14551.9,48.1,1.5
10.575,11,23397.0,15151.6,15.0,23363.4,15144.8,23.8,23427.1,15167.9,23.3,0.9
10.575,12,23586.0,14282.8,15.0,23596.4,14278.3,22.3,23571.7,14261.9,33.7,1.2
10.575,13,23381.0,15293.1,15.0,23358.9,15285.7,23.4,23389.6,15308.4,25.3,1.0
10.601,0,23699.6,15108.1,15.0,23712.8,15058.0,45.9,23683.1,15117.6,23.1,1.3
10.601,1,23632.5,14967.0,15.0,23647.3,14917.5,53.1,23617.6,14972.8,22.8,1.3
10.601,2,23669.6,14622.0,15.0,23653.5,14657.0,43.4,23682.8,14621.9,23.0,1.3
10.601,3,23646.3,14547.8,15.0,23632.9,14595.3,47.3,23661.7,14540.1,22.8,1.0
10.601,4,23610.1,15142.1,15.0,23585.4,15135.3,23.2,23627.9,15157.0,24.2,1.0
10.601,5,23560.9,14670.7,15.0,23552.6,14682.0,22.4,23575.6,14682.5,29.4,1.2
10.601,6,23591.3,14718.8,15.0,23606.5,14666.7,53.3,23575.2,14725.7,23.3,1.3
10.601,7,23682.5,14356.8,15.0,23667.2,14398.6,49.4,23695.9,14354.8,22.8,1.2
10.601,8,23472.2,15190.2,15.0,23487.0,15213.1,22.9,23465.7,15163.4,22.6,1.2
10.601,9,23681.4,14200.5,15.0,23665.8,14225.7,38.2,23693.2,14205.0,23.4,1.0
10.601,10,23494.4,14495.4,15.0,23477.8,14487.7,23.4,23510.2,14548.5,52.0,1.5
10.601,11,23399.2,15151.6,15.0,23362.8,15144.4,25.4,23428.8,15168.4,23.3,0.9
10.601,12,23586.0,14285.9,15.0,23595.4,14278.1,22.3,23571.6,14269.7,30.8,1.2
10.601,13,23383.6,15293.1,15.0,23357.7,15286.2,23.4,23404.0,15308.3,24.3,1.0
10.626,0,23699.6,15111.4,15.0,23713.8,15061.5,49.0,23683.7,15119.0,23.0,1.3
10.626,1,23632.5,14970.2,15.0,23647.7,14923.6,52.6,23618.4,14974.3,22.7,1.3
10.626,2,23669.6,14618.7,15.0,23653.9,14644.1,37.0,23681.6,14621.5,23.0,1.3
10.626,3,23646.2,14545.1,15.0,23632.1,14592.9,51.5,23661.0,14539.5,22.8,1.0
10.626,4,23612.8,15142.1,15.0,23584.7,15135.5,23.2,23638.0,15157.2,23.8,1.0
10.626,5,23560.9,14667.7,15.0,23553.5,14682.9,22.4,23575.3,14672.3,27.0,1.2
10.626,6,23591.3,14722.1,15.0,23607.2,14671.5,55.1,23576.0,14727.2,23.1,1.3
10.626,7,23682.5,14353.7,15.0,23667.4,14387.3,42.9,23694.9,14354.0,22.7,1.2
10.626,8,23472.2,15193.2,15.0,23487.5,15219.0,22.6,23465.7,15163.4,23.0,1.2
10.626,9,23681.4,14197.9,15.0,23665.8,14217.3,34.3,23692.1,14205.6,23.4,1.0
10.626,10,23494.4,14491.7,15.0,23478.5,14485.1,23.2,23511.0,14544.5,55.5,1.5
10.626,11,23401.3,15151.6,15.0,23361.8,15143.9,27.6,23430.3,15168.9,23.3,0.9
10.626,12,23586.0,14289.0,15.0,23594.4,14277.3,22.2,23571.5,14277.7,29.0,1.2
10.626,13,23386.3,15293.1,15.0,23357.1,15286.4,23.4,23413.3,15308.6,23.9,1.0
10.651,0,23699.6,15114.5,15.0,23714.7,15064.2,53.7,23684.4,15120.6,22.9,1.3
10.651,1,23632.5,14973.4,15.0,23647.7,14932.7,47.9,23619.3,14975.6,22.6,1.3
10.651,2,23669.6,14615.5,15.0,23653.7,14635.9,33.5,23680.4,14622.1,22.9,1.3
10.651,3,23646.2,14542.5,15.0,23631.6,14588.4,52.6,23660.2,14539.0,22.7,1.0
10.651,4,23615.4,15142.1,15.0,23584.3,15135.5,23.4,23644.7,15157.7,23.7,1.0
10.651,5,23560.8,14664.8,15.0,23554.2,14683.9,22.4,23574.9,14659.6,24.7,1.2
10.651,6,23591.3,14725.3,15.0,23607.4,14679.1,52.6,23576.9,14728.5,23.0,1.3
10.651,7,23682.5,14350.7,15.0,23667.8,14375.0,36.4,23693.9,14353.8,22.7,1.2
10.651,8,23472.2,15196.2,15.0,23488.2,15222.5,22.3,23465.4,15163.3,24.0,1.2
10.651,9,23681.4,14195.4,15.0,23665.7,14209.6,31.6,23691.1,14206.7,23.4,1.0
10.651,10,23494.3,14488.1,15.0,23479.3,14482.9,22.9,23511.3,14537.5,54.4,1.5
10.651,11,23403.5,15151.6,15.0,23359.9,15143.2,31.2,23431.2,15169.3,23.3,0.9
10.651,12,23586.0,14292.1,15.0,23593.5,14276.3,22.2,23571.7,14289.2,26.3,1.2
10.651,13,23388.9,15293.1,15.0,23356.7,15286.4,23.6,23418.9,15309.1,23.7,1.0
10.680,0,23699.6,15118.2,15.0,23715.1,15070.7,53.3,23685.2,15122.5,22.8,1.3
10.680,1,23632.5,14977.0,15.0,23647.5,14944.5,41.5,23620.3,14976.8,22.5,1.3
10.680,2,23669.6,14611.8,15.0,23653.6,14627.0,31.2,23679.3,14622.5,22.8,1.3
10.680,3,23646.2,14539.4,15.0,23631.4,14581.3,50.4,23659.3,14538.0,22.8,1.0
10.680,4,23618.4,15142.1,15.0,23584.7,15135.3,23.8,23648.4,15158.4,23.2,1.0
10.680,5,23560.8,14661.3,15.0,23554.7,14684.2,22.4,23574.6,14645.2,23.3,1.2
10.680,6,23591.3,14728.9,15.0,23607.2,14691.1,45.8,23577.9,14730.0,22.9,1.3
10.680,7,23682.5,14347.2,15.0,23667.7,14366.3,32.9,23692.8,14353.7,22.6,1.2
10.680,8,23472.2,15199.6,15.0,23488.7,15225.5,22.4,23464.9,15163.2,26.1,1.2
10.680,9,23681.4,14192.5,15.0,23665.6,14201.5,29.8,23690.1,14207.7,23.4,1.0
10.680,10,23494.3,14483.9,15.0,23480.3,14480.7,22.8,23511.0,14525.4,47.4,1.5
10.680,11,23405.9,15151.6,15.0,23359.0,15142.4,35.2,23431.4,15169.6,23.2,0.9
10.680,12,23586.0,14295.6,15.0,23592.9,14276.0,22.2,23571.8,14302.7,24.0,1.2
10.680,13,23391.9,15293.1,15.0,23356.9,15286.1,24.4,23422.4,15309.8,23.4,1.0
10.712,0,23699.6,15122.2,15.0,23715.1,15081.6,47.8,23686.3,15124.3,22.7,1.3
10.712,1,23632.5,14981.0,15.0,23647.2,14958.2,35.0,23621.5,14977.6,22.4,1.3
10.712,2,23669.6,14607.7,15.0,23653.7,14614.1,28.1,23678.2,14623.5,22.8,1.3
10.712,3,23646.2,14536.1,15.0,23631.7,14569.2,43.4,23658.3,14537.2,22.8,1.0
10.712,4,23621.6,15142.1,15.0,23584.2,15134.8,26.1,23651.0,15159.1,23.2,1.0
10.712,5,23560.7,14657.6,15.0,23554.9,14684.3,22.4,23574.7,14634.1,22.6,1.2
10.712,6,23591.3,14733.0,15.0,23606.8,14705.7,38.0,23579.2,14730.8,22.9,1.3
10.712,7,23682.5,14343.4,15.0,23667.6,14356.8,30.2,23691.5,14354.3,22.6,1.2
10.712,8,23472.2,15203.4,15.0,23489.2,15227.8,22.6,23463.9,15161.2,31.1,1.2
10.712,9,23681.4,14189.3,15.0,23665.8,14187.6,26.8,23689.2,14209.0,23.4,1.0
10.712,10,23494.3,14479.3,15.0,23481.5,14479.0,22.6,23510.5,14510.6,39.4,1.5
10.712,11,23408.6,15151.6,15.0,23358.5,15141.3,40.2,23430.6,15169.7,23.3,0.9
10.712,12,23586.0,14299.5,15.0,23592.4,14275.6,22.3,23571.8,14317.3,22.7,1.2
10.712,13,23395.2,15293.1,15.0,23356.3,15285.5,26.9,23425.0,15310.6,23.4,1.0
10.738,0,23699.6,15125.5,15.0,23714.7,15095.7,39.5,23687.6,15124.4,22.6,1.3
10.738,1,23632.5,14984.2,15.0,23647.4,14967.3,31.2,23622.9,14976.5,22.4,1.3
10.738,2,23669.7,14604.4,15.0,23654.0,14597.2,24.8,23677.2,14625.7,22.8,1.3
10.738,3,23646.2,14533.4,15.0,23632.0,14555.5,35.7,23657.0,14537.8,22.8,1.0
10.738,4,23624.3,15142.1,15.0,23581.1,15133.8,30.9,23652.1,15159.7,23.2,1.0
10.738,5,23560.7,14654.5,15.0,23554.8,14684.7,22.9,23575.4,14628.8,22.2,1.2
10.738,6,23591.3,14736.3,15.0,23606.9,14716.2,33.2,23580.6,14729.7,22.8,1.3
10.738,7,23682.5,14340.3,15.0,23667.7,14344.4,27.1,23690.4,14356.3,22.6,1.2
10.738,8,23472.2,15206.5,15.0,23489.5,15226.9,22.8,23462.5,15159.3,37.8,1.2
10.738,9,23681.4,14186.6,15.0,23666.0,14171.2,24.5,23688.5,14211.1,23.4,1.0
10.738,10,23494.2,14475.6,15.0,23483.0,14479.6,22.4,23510.4,14499.0,34.2,1.5
10.738,11,23410.8,15151.6,15.0,23359.3,15140.1,43.5,23428.4,15169.5,23.2,0.9
10.738,12,23586.0,14302.7,15.0,23592.3,14274.8,22.5,23571.3,14326.4,22.3,1.2
10.738,13,23398.0,15293.1,15.0,23352.9,15284.4,32.4,23425.8,15311.2,23.4,1.0
10.763,0,23699.6,15128.8,15.0,23714.6,15106.7,34.4,23688.7,15124.5,22.5,1.3
10.763,1,23632.5,14987.5,15.0,23647.4,14975.7,29.3,23624.0,14975.6,22.3,1.3
10.763,2,23669.7,14601.1,15.0,23654.0,14583.2,23.4,23676.8,14626.7,22.9,1.3
10.763,3,23646.2,14530.7,15.0,23631.9,14547.7,32.2,23656.0,14538.3,22.7,1.0
10.763,4,23627.0,15142.1,15.0,23579.6,15132.7,36.1,23651.8,15160.1,23.2,1.0
10.763,5,23560.6,14651.5,15.0,23554.4,14685.0,24.6,23575.9,14625.8,22.2,1.2
10.763,6,23591.3,14739.6,15.0,23607.0,14724.9,30.8,23581.8,14728.8,22.7,1.3
10.763,7,23682.5,14337.2,15.0,23667.8,14330.8,24.6,23689.7,14357.3,22.6,1.2
10.763,8,23472.2,15209.5,15.0,23489.4,15226.0,22.9,23461.3,15160.3,41.6,1.2
10.763,9,23681.4,14184.0,15.0,23665.9,14159.6,24.0,23688.2,14212.1,23.4,1.0
10.763,10,23494.2,14471.8,15.0,23484.2,14480.1,22.3,23510.4,14490.1,31.7,1.5
10.763,11,23413.0,15151.6,15.0,23361.4,15139.3,45.0,23427.3,15169.2,23.2,0.9
10.763,12,23586.0,14305.9,15.0,23592.5,14275.1,23.1,23570.7,14330.5,21.9,1.2
10.763,13,23400.7,15293.1,15.0,23351.5,15283.2,37.9,23424.9,15311.4,23.3,1.0
10.788,0,23699.6,15131.9,15.0,23714.7,15114.7,31.5,23689.9,15124.0,22.5,1.3
10.788,1,23632.5,14990.6,15.0,23647.3,14987.8,26.5,23624.8,14974.5,22.3,1.3
10.788,2,23669.7,14597.9,15.0,23653.6,14573.5,22.8,23676.6,14627.3,23.0,1.3
10.788,3,23646.2,14528.1,15.0,23631.8,14540.1,29.8,23655.0,14539.3,22.7,1.0
10.788,4,23629.5,15142.1,15.0,23579.3,15131.5,40.9,23650.4,15160.1,23.2,1.0
10.788,5,23560.6,14648.5,15.0,23553.7,14686.4,27.7,23576.4,14623.6,22.3,1.2
10.788,6,23591.3,14742.7,15.0,23606.9,14735.7,28.2,23582.8,14727.5,22.7,1.3
10.788,7,23682.5,14334.2,15.0,23667.9,14316.7,23.3,23689.2,14358.3,22.6,1.2
10.788,8,23472.2,15212.5,15.0,23489.0,15225.3,23.0,23460.3,15162.8,43.7,1.2
10.788,9,23681.4,14181.5,15.0,23665.5,14151.7,24.0,23688.1,14212.8,23.5,1.0
10.788,10,23494.2,14468.2,15.0,23485.3,14481.2,22.2,23510.3,14479.5,29.2,1.5
10.788,11,23415.1,15151.6,15.0,23363.8,15138.5,45.9,23426.5,15168.8,23.3,0.9
10.788,12,23586.0,14308.9,15.0,23593.0,14274.6,25.2,23570.1,14333.3,22.0,1.2
10.788,13,23403.3,15293.1,15.0,23351.7,15282.1,42.3,23423.3,15311.4,23.3,1.0
10.815,0,23699.6,15135.3,15.0,23714.8,15123.1,29.6,23690.9,15123.3,22.4,1.3
10.815,1,23632.5,14994.0,15.0,23647.1,15001.4,24.1,23625.5,14973.8,22.3,1.3
10.815,2,23669.7,14594.5,15.0,23652.9,14569.0,22.4,23676.7,14627.0,23.5,1.3
10.815,3,23646.2,14525.3,15.0,23631.8,14531.4,27.8,23654.1,14540.2,22.7,1.0
10.815,4,23632.3,15142.1,15.0,23580.6,15130.5,44.1,23648.9,15159.9,23.2,1.0
10.815,5,23560.5,14645.4,15.0,23552.8,14687.8,32.1,23576.8,14622.1,22.4,1.2
10.815,6,23591.3,14746.1,15.0,23606.7,14749.1,25.6,23583.6,14726.6,22.7,1.3
10.815,7,23682.5,14331.1,15.0,23667.6,14307.1,22.8,23689.0,14358.6,22.7,1.2
10.815,8,23472.2,15215.6,15.0,23488.6,15225.6,23.0,23459.3,15166.3,45.2,1.2
10.815,9,23681.4,14178.8,15.0,23664.8,14148.2,23.5,23688.3,14212.6,23.9,1.0
10.815,10,23494.1,14464.4,15.0,23486.2,14481.9,22.3,23510.0,14466.0,26.3,1.5
10.815,11,23417.4,15151.6,15.0,23366.5,15137.8,48.1,23426.7,15168.4,23.3,0.9
10.815,12,23586.0,14312.2,15.0,23593.7,14273.1,28.9,23569.6,14335.5,22.2,1.2
10.815,13,23406.0,15293.1,15.0,23353.5,15281.0,45.0,23421.9,15311.1,23.4,1.0
10.840,0,23699.6,15138.5,15.0,23714.6,15135.6,26.7,23691.8,15122.1,22.4,1.3
10.840,1,23632.5,14997.2,15.0,23647.1,15014.6,22.9,23625.9,14973.0,22.4,1.3
10.840,2,23669.7,14591.2,15.0,23652.3,14565.7,22.4,23677.2,14627.8,25.5,1.3
10.840,3,23646.2,14522.6,15.0,23632.0,14519.2,25.5,23653.3,14541.5,22.8,1.0
10.840,4,23634.9,15142.1,15.0,23583.6,15129.5,45.3,23647.7,15159.5,23.2,1.0
10.840,5,23560.5,14642.4,15.0,23551.7,14688.7,37.7,23577.0,14622.5,22.6,1.2
10.840,6,23591.3,14749.3,15.0,23606.6,14764.8,23.7,23584.2,14725.4,22.8,1.3
10.840,7,23682.5,14328.0,15.0,23667.0,14302.2,22.4,23689.1,14358.6,23.1,1.2
10.840,8,23472.2,15218.6,15.0,23488.0,15226.4,23.0,23458.4,15169.7,48.3,1.2
10.840,9,23681.4,14176.3,15.0,23664.2,14145.9,23.4,23688.7,14213.4,25.6,1.0
10.840,10,23494.1,14460.7,15.0,23486.8,14483.0,22.3,23509.8,14450.1,23.7,1.5
10.840,11,23419.5,15151.6,15.0,23368.8,15137.0,51.1,23426.8,15167.8,23.3,0.9
10.840,12,23586.0,14315.3,15.0,23594.8,14271.7,34.0,23569.3,14336.3,22.3,1.2
10.840,13,23408.7,15293.1,15.0,23356.6,15280.0,46.1,23420.7,15310.7,23.4,1.0
10.866,0,23699.6,15141.7,15.0,23714.5,15149.5,24.2,23692.5,15121.2,22.4,1.3
10.866,1,23632.5,15000.4,15.0,23647.5,15023.7,22.4,23626.0,14972.7,22.5,1.3
10.866,2,23669.7,14588.0,15.0,23651.8,14563.2,22.6,23677.9,14629.5,29.1,1.3
10.866,3,23646.2,14520.0,15.0,23632.1,14505.7,23.8,23652.8,14542.4,22.7,1.0
10.866,4,23637.5,15142.1,15.0,23586.6,15128.5,47.4,23647.5,15159.0,23.2,1.0
10.866,5,23560.4,14639.4,15.0,23550.5,14687.4,41.1,23576.9,14623.4,22.6,1.2
10.866,6,23591.3,14752.6,15.0,23606.9,14774.9,22.9,23584.4,14724.8,22.8,1.3
10.866,7,23682.5,14325.0,15.0,23666.4,14298.9,22.3,23689.4,14358.8,24.5,1.2
10.866,8,23472.2,15221.7,15.0,23487.2,15227.4,22.9,23457.5,15172.3,52.7,1.2
10.866,9,23681.4,14173.7,15.0,23663.6,14144.3,23.4,23689.3,14214.9,28.5,1.0
10.866,10,23494.1,14457.0,15.0,23487.1,14483.4,22.5,23510.0,14439.4,22.4,1.5
10.866,11,23421.7,15151.6,15.0,23370.7,15136.3,54.7,23427.1,15167.2,23.3,0.9
10.866,12,23586.0,14318.4,15.0,23595.9,14271.7,38.8,23569.3,14336.1,22.5,1.2
10.866,13,23411.3,15293.1,15.0,23359.8,15279.0,48.8,23420.6,15310.1,23.4,1.0
10.890,0,23699.6,15144.8,15.0,23714.5,15162.3,23.0,23692.9,15120.3,22.5,1.3
10.890,1,23632.5,15003.4,15.0,23648.1,15027.8,22.0,23625.9,14972.9,23.0,1.3
10.890,2,23669.7,14584.9,15.0,23651.4,14561.9,22.9,23679.0,14631.5,34.3,1.3
10.890,3,23646.2,14517.4,15.0,23632.0,14494.9,23.3,23652.5,14543.2,22.7,1.0
10.890,4,23640.0,15141.8,15.0,23588.2,15133.0,50.6,23649.2,15157.1,23.2,1.0
10.890,5,23560.4,14636.5,15.0,23549.5,14684.9,42.9,23576.5,14624.0,22.7,1.2
10.890,6,23591.3,14755.7,15.0,23607.5,14780.6,22.5,23584.3,14724.7,23.2,1.3
10.890,7,23682.5,14322.0,15.0,23665.8,14296.6,22.4,23690.0,14360.0,27.2,1.2
10.890,8,23472.2,15224.6,15.0,23486.4,15228.5,22.8,23457.0,15177.6,53.1,1.2
10.890,9,23681.4,14171.2,15.0,23663.1,14143.3,23.4,23690.2,14217.1,33.0,1.0
10.890,10,23494.0,14453.5,15.0,23487.1,14483.5,23.0,23510.5,14432.9,21.9,1.5
10.890,11,23423.7,15151.6,15.0,23374.8,15135.9,55.1,23427.4,15166.5,23.2,0.9
10.890,12,23586.0,14321.4,15.0,23597.0,14273.1,42.1,23569.5,14335.3,22.7,1.2
10.890,13,23413.9,15293.1,15.0,23362.3,15278.1,52.6,23420.7,15309.4,23.4,1.0
10.916,0,23699.6,15148.1,15.0,23714.9,15171.5,22.5,23693.0,15120.1,22.6,1.3
10.916,1,23632.5,15006.7,15.0,23648.7,15031.0,22.0,23625.5,14972.7,24.7,1.3
10.916,2,23669.7,14581.6,15.0,23651.3,14561.8,23.2,23680.2,14632.3,40.0,1.3
10.916,3,23646.2,14514.7,15.0,23631.6,14487.3,23.3,23652.4,14543.4,22.8,1.0
10.916,4,23642.6,15141.2,15.0,23589.6,15137.7,54.8,23651.3,15155.2,23.2,1.0
10.916,5,23560.3,14633.5,15.0,23548.5,14681.6,44.4,23576.1,14623.6,22.7,1.2
10.916,6,23591.3,14758.9,15.0,23608.1,14784.4,22.3,23584.1,14724.6,24.4,1.3
10.916,7,23682.5,14319.0,15.0,23665.4,14294.8,22.6,23690.9,14361.7,31.6,1.2
10.916,8,23472.2,15227.6,15.0,23485.6,15229.5,22.8,23456.9,15185.5,49.7,1.2
10.916,9,23681.4,14168.6,15.0,23662.9,14144.2,23.4,23691.3,14218.2,38.1,1.0
10.916,10,23494.0,14449.8,15.0,23486.9,14483.5,24.3,23511.0,14428.5,21.8,1.5
10.916,11,23425.9,15151.6,15.0,23379.8,15135.7,54.2,23427.9,15165.8,23.3,0.9
10.916,12,23586.0,14324.6,15.0,23597.9,14276.5,43.1,23569.9,14335.6,22.8,1.2
10.916,13,23416.6,15293.1,15.0,23365.4,15277.4,56.1,23421.2,15308.6,23.4,1.0
10.940,0,23699.6,15151.2,15.0,23715.5,15175.8,22.1,23692.9,15120.3,23.1,1.3
10.940,1,23632.5,15009.8,15.0,23649.2,15033.4,22.2,23624.9,14971.3,28.0,1.3
10.940,2,23669.7,14578.4,15.0,23651.4,14562.6,23.4,23681.4,14631.1,43.7,1.3
10.940,3,23646.2,14512.1,15.0,23631.0,14484.0,22.8,23652.6,14543.3,23.2,1.0
10.940,4,23645.0,15140.4,15.0,23594.5,15141.4,54.7,23652.8,15153.2,23.2,1.0
10.940,5,23560.3,14630.6,15.0,23547.6,14678.2,47.3,23575.5,14622.9,22.7,1.2
10.940,6,23591.3,14762.1,15.0,23608.7,14787.1,22.5,23583.5,14723.6,27.0,1.3
10.940,7,23682.5,14316.0,15.0,23665.2,14295.1,22.7,23692.1,14362.9,37.0,1.2
10.940,8,23472.2,15230.5,15.0,23484.6,15230.2,22.7,23457.2,15196.8,43.1,1.2
10.940,9,23681.4,14166.1,15.0,23662.9,14145.8,23.4,23692.5,14218.0,42.3,1.0
10.940,10,23494.0,14446.2,15.0,23486.3,14484.7,27.2,23511.5,14424.9,22.0,1.5
10.940,11,23428.0,15151.6,15.0,23388.3,15135.9,48.5,23428.1,15165.0,23.2,0.9
10.940,12,23586.0,14327.6,15.0,23598.9,14279.8,45.4,23570.4,14336.3,22.7,1.2
10.940,13,23419.1,15293.1,15.0,23371.5,15277.1,55.1,23421.6,15307.7,23.4,1.0
10.966,0,23699.6,15154.5,15.0,23716.1,15179.1,22.1,23692.5,15120.1,24.9,1.3
10.966,1,23632.5,15013.1,15.0,23649.5,15035.1,22.4,23623.9,14969.9,32.6,1.3
10.966,2,23669.7,14575.0,15.0,23651.8,14562.5,23.6,23682.5,14628.1,45.6,1.3
10.966,3,23646.2,14509.4,15.0,23630.4,14481.5,22.8,23653.0,14543.6,24.8,1.0
10.966,4,23647.5,15139.2,15.0,23602.0,15143.9,51.1,23654.4,15151.1,23.2,1.0
10.966,5,23560.2,14627.5,15.0,23546.6,14675.6,51.5,23574.8,14621.6,22.7,1.2
10.966,6,23591.3,14765.4,15.0,23609.1,14789.4,22.7,23582.6,14721.6,31.6,1.3
10.966,7,23682.5,14312.9,15.0,23665.2,14295.7,22.9,23693.2,14362.0,41.0,1.2
10.966,8,23472.2,15233.6,15.0,23483.5,15230.6,22.7,23457.5,15208.8,36.8,1.2
10.966,9,23681.4,14163.5,15.0,23663.2,14147.2,23.4,23693.5,14216.4,45.2,1.0
10.966,10,23494.0,14442.4,15.0,23485.3,14486.5,31.9,23511.8,14421.8,22.4,1.5
10.966,11,23430.3,15151.6,15.0,23397.3,15136.1,43.3,23428.3,15164.1,23.3,0.9
10.966,12,23586.0,14330.8,15.0,23599.7,14283.0,48.7,23570.9,14337.7,22.7,1.2
10.966,13,23421.9,15293.1,15.0,23381.0,15277.2,49.3,23422.1,15306.7,23.4,1.0
10.991,0,23699.6,15157.7,15.0,23716.6,15181.5,22.3,23691.8,15118.5,28.2,1.3
10.991,1,23632.5,15016.2,15.0,23649.7,15035.0,22.7,23622.7,14968.9,38.3,1.3
10.991,2,23669.7,14571.9,15.0,23652.3,14562.0,23.6,23683.6,14624.7,47.7,1.3
10.991,3,23646.2,14506.8,15.0,23629.8,14479.9,22.8,23653.6,14545.0,27.8,1.0
10.991,4,23649.6,15137.9,15.0,23612.3,15143.2,44.5,23655.2,15149.3,23.2,1.0
10.991,5,23560.2,14624.5,15.0,23546.1,14670.3,52.0,23574.0,14620.6,22.6,1.2
10.991,6,23591.3,14768.5,15.0,23609.3,14789.4,23.0,23581.4,14720.1,37.3,1.3
10.991,7,23682.5,14309.9,15.0,23665.5,14296.5,23.0,23694.3,14359.9,43.6,1.2
10.991,8,23472.2,15236.6,15.0,23482.4,15230.1,22.6,23457.4,15217.6,32.9,1.2
10.991,9,23681.4,14161.0,15.0,23663.6,14148.5,23.4,23694.5,14213.5,46.2,1.0
10.991,10,23493.9,14438.8,15.0,23484.1,14487.9,37.9,23512.0,14421.0,23.0,1.5
10.991,11,23432.4,15151.6,15.0,23407.3,15136.4,37.9,23428.1,15163.2,23.3,0.9
10.991,12,23586.0,14333.8,15.0,23600.6,14286.2,52.5,23571.7,14339.0,22.6,1.2
10.991,13,23424.5,15293.1,15.0,23392.7,15277.5,42.4,23422.0,15305.6,23.4,1.0
11.017,0,23699.6,15160.9,15.0,23716.9,15183.2,22.5,23690.9,15117.0,32.9,1.3
11.017,1,23632.5,15019.5,15.0,23649.5,15034.6,22.8,23621.6,14970.4,41.6,1.3
11.017,2,23669.7,14568.6,15.0,23652.9,14560.5,23.5,23684.6,14621.2,51.0,1.3
11.017,3,23646.2,14504.1,15.0,23629.4,14478.8,22.7,23654.5,14546.6,32.0,1.0
11.017,4,23651.7,15136.2,15.0,23622.3,15140.5,38.2,23655.8,15147.8,23.2,1.0
11.017,5,23560.2,14621.5,15.0,23545.9,14662.4,48.5,23573.1,14619.5,22.5,1.2
11.017,6,23591.3,14771.8,15.0,23609.3,14789.1,23.2,23580.2,14720.7,41.7,1.3
11.017,7,23682.5,14306.8,15.0,23666.0,14296.5,23.0,23695.3,14356.5,44.8,1.2
11.017,8,23472.2,15239.6,15.0,23481.3,15229.5,22.6,23457.3,15225.5,30.4,1.2
11.017,9,23681.4,14158.4,15.0,23664.2,14148.5,23.4,23695.4,14210.4,48.5,1.0
11.017,10,23493.9,14435.1,15.0,23482.8,14487.0,42.2,23511.9,14420.4,23.4,1.5
11.017,11,23434.5,15151.6,15.0,23414.5,15136.4,34.6,23427.7,15162.4,23.2,0.9
11.017,12,23586.0,14337.0,15.0,23600.9,14292.5,51.5,23572.5,14340.4,22.5,1.2
11.017,13,23427.1,15293.1,15.0,23404.5,15277.8,36.6,23421.9,15304.6,23.4,1.0
11.042,0,23699.6,15164.2,15.0,23717.1,15183.2,22.8,23689.6,15116.1,38.6,1.3
11.042,1,23632.5,15022.7,15.0,23649.2,15034.6,23.0,23620.5,14973.2,43.5,1.3
11.042,2,23669.7,14565.3,15.0,23653.7,14559.0,23.4,23685.6,14618.5,55.8,1.3
11.042,3,23646.2,14501.4,15.0,23629.2,14479.6,22.7,23655.6,14547.5,37.2,1.0
11.042,4,23653.5,15134.3,15.0,23629.3,15137.4,34.0,23656.0,15146.9,23.2,1.0
11.042,5,23560.1,14618.5,15.0,23546.0,14651.2,42.1,23572.1,14618.8,22.5,1.2
11.042,6,23591.3,14775.1,15.0,23609.0,14788.7,23.4,23579.0,14722.8,44.6,1.3
11.042,7,23682.5,14303.7,15.0,23666.6,14295.5,23.0,23696.2,14353.0,47.7,1.2
11.042,8,23472.2,15242.7,15.0,23480.4,15228.4,22.6,23457.3,15234.9,28.2,1.2
11.042,9,23681.4,14155.8,15.0,23664.8,14148.4,23.4,23696.3,14207.7,52.0,1.0
11.042,10,23493.9,14431.4,15.0,23481.6,14484.4,44.8,23511.5,14419.5,23.7,1.5
11.042,11,23436.7,15151.6,15.0,23420.9,15136.3,32.0,23427.0,15161.5,23.3,0.9
11.042,12,23586.0,14340.1,15.0,23600.7,14302.4,45.7,23573.4,14341.6,22.4,1.2
11.042,13,23429.8,15293.1,15.0,23412.2,15277.6,33.1,23421.0,15303.5,23.4,1.0
11.068,0,23699.6,15167.4,15.0,23716.9,15182.6,23.0,23688.5,15117.4,42.2,1.3
11.068,1,23632.5,15025.8,15.0,23648.7,15035.2,23.0,23619.6,14976.6,45.4,1.3
11.068,2,23669.7,14562.1,15.0,23654.5,14557.5,23.2,23686.0,14612.1,55.3,1.3
11.068,3,23646.2,14498.7,15.0,23629.3,14481.0,22.7,23656.7,14546.7,40.8,1.0
11.068,4,23655.1,15132.2,15.0,23634.4,15134.0,31.3,23655.9,15146.7,23.2,1.0
11.068,5,23560.1,14615.5,15.0,23546.1,14639.2,35.9,23571.1,14618.5,22.5,1.2
11.068,6,23591.3,14778.3,15.0,23608.5,14788.8,23.5,23578.0,14726.2,45.9,1.3
11.068,7,23682.5,14300.7,15.0,23667.3,14294.5,22.9,23697.1,14350.4,52.0,1.2
11.068,8,23472.2,15245.7,15.0,23479.5,15227.3,22.6,23457.5,15247.4,25.8,1.2
11.068,9,23681.4,14153.2,15.0,23665.6,14148.1,23.4,23697.1,14205.4,56.5,1.0
11.068,10,23493.9,14427.7,15.0,23480.4,14480.8,46.7,23511.1,14417.9,23.7,1.5
11.068,11,23438.9,15151.6,15.0,23427.4,15136.2,30.3,23425.9,15160.6,23.2,0.9
11.068,12,23586.0,14343.2,15.0,23600.5,14313.9,39.3,23574.4,14342.2,22.4,1.2
11.068,13,23432.5,15293.1,15.0,23420.2,15277.5,30.7,23419.8,15302.4,23.3,1.0
11.096,0,23699.6,15171.0,15.0,23716.6,15183.1,23.1,23687.4,15120.7,44.0,1.3
11.096,1,23632.5,15029.5,15.0,23648.1,15037.0,22.9,23618.6,14980.5,48.4,1.3
11.096,2,23669.7,14558.4,15.0,23655.5,14555.9,23.1,23686.0,14602.0,50.2,1.3
11.096,3,23646.2,14495.7,15.0,23629.6,14481.8,22.7,23657.7,14544.3,43.0,1.0
11.096,4,23656.6,15129.7,15.0,23638.9,15129.5,29.4,23656.5,15146.8,23.2,1.0
11.096,5,23560.0,14612.1,15.0,23545.9,14630.6,32.3,23570.0,14618.3,22.4,1.2
11.096,6,23591.3,14781.9,15.0,23608.0,14790.6,23.4,23577.0,14730.2,48.9,1.3
11.096,7,23682.5,14297.3,15.0,23668.0,14292.9,22.9,23697.7,14345.2,53.5,1.2
11.096,8,23472.2,15249.1,15.0,23479.0,15226.8,22.6,23457.7,15262.0,23.7,1.2
11.096,9,23681.4,14150.3,15.0,23666.5,14147.3,23.4,23697.5,14199.2,55.6,1.0
11.096,10,23493.8,14423.5,15.0,23479.4,14476.4,49.8,23510.6,14415.1,23.5,1.5
11.096,11,23441.3,15151.6,15.0,23435.4,15136.2,28.5,23425.2,15159.9,23.2,0.9
11.096,12,23586.0,14346.8,15.0,23600.3,14325.3,34.2,23575.4,14342.9,22.3,1.2
11.096,13,23435.5,15293.1,15.0,23430.2,15277.6,28.4,23418.8,15301.5,23.3,1.0
11.128,0,23699.6,15175.0,15.0,23716.0,15184.3,23.1,23686.3,15125.0,46.3,1.3
11.128,1,23632.5,15033.5,15.0,23647.4,15039.1,22.8,23617.6,14984.0,53.5,1.3
11.128,2,23669.7,14554.3,15.0,23656.7,14554.7,23.0,23685.7,14587.8,42.1,1.3
11.128,3,23646.2,14492.4,15.0,23630.1,14482.1,22.8,23658.7,14540.5,44.4,1.0
11.128,4,23657.9,15126.7,15.0,23644.6,15119.2,26.5,23657.6,15147.4,23.2,1.0
11.128,5,23560.0,14608.3,15.0,23545.7,14621.3,29.7,23568.8,14618.8,22.4,1.2
11.128,6,23591.3,14785.9,15.0,23607.2,14792.6,23.3,23575.9,14733.8,53.9,1.3
11.128,7,23682.5,14293.5,15.0,23669.1,14291.4,22.8,23697.9,14336.1,50.1,1.2
11.128,8,23472.2,15252.8,15.0,23478.7,15226.5,22.6,23457.5,15274.8,22.9,1.2
11.128,9,23681.4,14147.1,15.0,23667.5,14146.7,23.4,23697.4,14189.2,50.3,1.0
11.128,10,23493.8,14419.0,15.0,23478.2,14472.7,55.2,23509.8,14411.6,23.2,1.5
11.128,11,23444.0,15151.6,15.0,23447.0,15136.4,26.3,23424.1,15159.2,23.3,0.9
11.128,12,23586.0,14350.7,15.0,23600.4,14334.4,30.8,23576.7,14342.8,22.3,1.2
11.128,13,23438.8,15293.1,15.0,23445.0,15277.8,25.8,23417.5,15300.6,23.4,1.0
11.154,0,23699.6,15178.3,15.0,23715.3,15185.4,23.0,23685.1,15128.2,50.7,1.3
11.154,1,23632.5,15036.7,15.0,23646.3,15040.2,22.7,23617.2,14991.3,52.3,1.3
11.154,2,23669.7,14551.0,15.0,23658.2,14555.4,22.9,23685.5,14574.4,35.5,1.3
11.154,3,23646.2,14489.7,15.0,23630.8,14482.4,22.8,23659.7,14537.2,47.9,1.0
11.154,4,23658.6,15124.1,15.0,23648.4,15105.0,24.3,23658.8,15149.1,23.2,1.0
11.154,5,23560.0,14605.3,15.0,23545.7,14609.3,26.7,23567.7,14620.6,22.4,1.2
11.154,6,23591.3,14789.3,15.0,23606.2,14793.8,23.1,23575.2,14740.0,54.7,1.3
11.154,7,23682.5,14290.4,15.0,23670.3,14291.1,22.7,23697.6,14322.6,41.8,1.2
11.154,8,23472.2,15255.9,15.0,23478.7,15225.8,23.0,23456.8,15281.8,22.5,1.2
11.154,9,23681.4,14144.5,15.0,23668.8,14147.2,23.4,23697.1,14175.9,42.2,1.0
11.154,10,23493.8,14415.2,15.0,23477.6,14465.1,54.5,23508.8,14409.7,23.0,1.5
11.154,11,23446.2,15151.6,15.0,23460.7,15136.6,24.4,23422.4,15158.6,23.2,0.9
11.154,12,23586.0,14353.8,15.0,23600.5,14344.1,28.4,23577.9,14341.2,22.2,1.2
11.154,13,23441.5,15293.1,15.0,23462.2,15278.0,24.3,23415.4,15300.0,23.4,1.0
11.180,0,23699.6,15181.6,15.0,23714.5,15186.9,22.9,23684.4,15132.1,53.9,1.3
11.180,1,23632.5,15040.0,15.0,23645.4,15041.3,22.6,23617.4,15002.3,45.5,1.3
11.180,2,23669.7,14547.7,15.0,23659.4,14556.1,22.8,23685.6,14565.9,32.3,1.3
11.180,3,23646.2,14487.0,15.0,23631.6,14481.9,22.8,23660.6,14534.9,52.3,1.0
11.180,4,23659.0,15121.5,15.0,23647.9,15095.2,23.8,23661.3,15149.7,23.2,1.0
11.180,5,23559.9,14602.2,15.0,23545.7,14596.2,24.4,23567.0,14621.6,22.4,1.2
11.180,6,23591.3,14792.5,15.0,23605.2,14794.8,23.0,23575.2,14749.6,49.7,1.3
11.180,7,23682.5,14287.3,15.0,23671.4,14291.0,22.7,23697.3,14310.2,35.6,1.2
11.180,8,23472.2,15259.0,15.0,23479.0,15225.6,24.2,23456.1,15285.2,22.4,1.2
11.180,9,23681.4,14141.9,15.0,23669.9,14147.5,23.4,23696.8,14164.3,36.5,1.0
11.180,10,23493.8,14411.5,15.0,23477.7,14453.6,47.7,23507.8,14407.7,22.7,1.5
11.180,11,23448.4,15151.6,15.0,23470.8,15136.6,23.9,23421.6,15158.3,23.2,0.9
11.180,12,23586.0,14357.0,15.0,23600.3,14356.5,25.8,23578.7,14340.2,22.2,1.2
11.180,13,23444.1,15293.1,15.0,23471.7,15277.6,23.9,23414.6,15299.8,23.4,1.0
11.205,0,23699.6,15184.8,15.0,23713.7,15188.3,22.8,23684.0,15138.7,52.9,1.3
11.205,1,23632.5,15043.1,15.0,23644.3,15042.0,22.5,23617.7,15014.2,38.9,1.3
11.205,2,23669.7,14544.5,15.0,23660.5,14557.2,22.8,23685.7,14557.2,30.3,1.3
11.205,3,23646.2,14484.3,15.0,23632.4,14481.3,22.7,23661.0,14529.7,52.4,1.0
11.205,4,23659.1,15118.8,15.0,23644.9,15089.0,23.7,23664.4,15149.8,23.3,1.0
11.205,5,23559.9,14599.2,15.0,23545.6,14582.4,23.2,23566.6,14622.4,22.4,1.2
11.205,6,23591.3,14795.7,15.0,23604.1,14795.6,22.9,23575.5,14761.7,42.6,1.3
11.205,7,23682.5,14284.3,15.0,23672.5,14291.4,22.6,23697.4,14302.4,32.3,1.2
11.205,8,23471.8,15261.9,15.0,23483.4,15225.7,26.8,23452.4,15285.6,22.4,1.2
11.205,9,23681.4,14139.3,15.0,23671.0,14148.4,23.4,23697.0,14156.8,33.1,1.0
11.205,10,23493.7,14407.8,15.0,23477.9,14440.9,40.6,23506.7,14406.8,22.6,1.5
11.205,11,23450.5,15151.6,15.0,23478.3,15136.3,23.8,23421.1,15158.2,23.3,0.9
11.205,12,23586.0,14360.1,15.0,23600.2,14370.3,23.5,23579.3,14339.4,22.2,1.2
11.205,13,23446.8,15293.1,15.0,23476.8,15277.0,23.7,23414.4,15299.9,23.6,1.0
11.229,0,23699.6,15187.9,15.0,23712.7,15189.3,22.7,23684.2,15149.6,46.0,1.3
11.229,1,23632.5,15046.2,15.0,23643.2,15042.0,22.4,23617.8,15024.5,34.1,1.3
11.229,2,23669.7,14541.3,15.0,23661.4,14558.6,22.8,23685.5,14544.5,27.3,1.3
11.229,3,23646.2,14481.8,15.0,23633.3,14480.8,22.7,23661.1,14522.2,49.0,1.0
11.229,4,23659.0,15116.3,15.0,23640.8,15087.5,23.3,23667.9,15149.0,23.7,1.0
11.229,5,23559.9,14596.4,15.0,23545.2,14573.2,22.6,23566.4,14622.9,22.5,1.2
11.229,6,23591.3,14798.8,15.0,23603.0,14795.8,22.8,23575.8,14774.1,36.5,1.3
11.229,7,23682.5,14281.3,15.0,23673.6,14292.4,22.6,23697.5,14294.3,30.0,1.2
11.229,8,23471.2,15264.8,15.0,23488.7,15225.4,31.2,23449.2,15284.8,22.6,1.2
11.229,9,23681.4,14136.9,15.0,23672.0,14149.7,23.4,23697.0,14149.1,30.8,1.0
11.229,10,23493.7,14404.3,15.0,23477.9,14429.8,35.5,23505.5,14406.5,22.4,1.5
11.229,11,23452.6,15151.6,15.0,23482.1,15135.8,23.6,23420.9,15158.3,23.5,0.9
11.229,12,23586.0,14363.1,15.0,23600.3,14381.9,22.6,23579.6,14338.7,22.3,1.2
11.229,13,23449.3,15293.1,15.0,23479.7,15276.3,23.4,23414.0,15300.2,24.6,1.0
11.255,0,23699.6,15191.2,15.0,23711.7,15190.1,22.6,23684.5,15161.3,39.5,1.3
11.255,1,23632.5,15049.5,15.0,23642.2,15041.8,22.4,23617.7,15032.4,31.3,1.3
11.255,2,23669.7,14538.0,15.0,23662.1,14559.5,22.8,23685.4,14530.3,24.7,1.3
11.255,3,23646.2,14479.1,15.0,23634.2,14480.3,22.8,23660.8,14511.9,43.2,1.0
11.255,4,23658.5,15113.7,15.0,23636.6,15087.6,23.2,23672.1,15148.2,25.4,1.0
11.255,5,23559.8,14593.3,15.0,23544.6,14568.2,22.3,23566.5,14622.6,22.8,1.2
11.255,6,23591.3,14802.1,15.0,23601.9,14795.5,22.8,23575.6,14782.1,33.2,1.3
11.255,7,23682.6,14278.2,15.0,23674.5,14293.3,22.6,23697.5,14284.4,27.7,1.2
11.255,8,23470.2,15267.7,15.0,23494.4,15227.2,36.3,23446.8,15282.0,22.7,1.2
11.255,9,23681.4,14134.3,15.0,23672.9,14150.9,23.4,23697.0,14140.0,28.7,1.0
11.255,10,23493.7,14400.5,15.0,23477.7,14421.4,32.7,23504.3,14406.6,22.4,1.5
11.255,11,23454.8,15151.6,15.0,23484.9,15135.3,23.3,23421.0,15158.4,23.9,0.9
11.255,12,23586.0,14366.3,15.0,23600.6,14389.9,22.3,23579.7,14338.8,22.5,1.2
11.255,13,23452.0,15293.1,15.0,23481.9,15275.7,23.4,23413.4,15300.7,26.6,1.0
11.280,0,23699.6,15194.3,15.0,23710.5,15190.1,22.5,23684.6,15172.1,34.5,1.3
11.280,1,23632.5,15052.6,15.0,23641.1,15040.9,22.3,23617.6,15040.7,29.4,1.3
11.280,2,23669.7,14534.8,15.0,23662.6,14560.5,22.9,23685.4,14516.8,23.4,1.3
11.280,3,23646.2,14476.4,15.0,23635.2,14480.3,22.7,23660.5,14500.5,36.8,1.0
11.280,4,23657.7,15111.2,15.0,23632.8,15088.9,23.2,23677.0,15147.8,28.6,1.0
11.280,5,23559.8,14590.4,15.0,23543.9,14565.0,22.2,23566.8,14622.7,24.0,1.2
11.280,6,23591.3,14805.3,15.0,23600.7,14794.5,22.7,23575.5,14790.6,30.8,1.3
11.280,7,23682.6,14275.2,15.0,23675.3,14294.4,22.6,23697.3,14271.4,25.2,1.2
11.280,8,23468.9,15270.3,15.0,23499.7,15231.1,40.7,23445.7,15278.6,22.8,1.2
11.280,9,23681.4,14131.7,15.0,23673.7,14152.4,23.4,23696.9,14127.7,26.4,1.0
11.280,10,23493.7,14396.9,15.0,23477.6,14412.6,30.7,23503.2,14407.5,22.3,1.5
11.280,11,23456.9,15151.6,15.0,23486.6,15134.7,23.3,23420.3,15158.8,25.5,0.9
11.280,12,23586.0,14369.3,15.0,23601.3,14393.9,21.9,23579.6,14339.1,22.9,1.2
11.280,13,23454.7,15293.1,15.0,23483.0,15275.2,23.4,23411.0,15301.5,30.9,1.0
11.305,0,23699.6,15197.4,15.0,23709.4,15189.7,22.5,23684.5,15180.0,31.5,1.3
11.305,1,23632.5,15055.7,15.0,23640.2,15039.9,22.3,23617.8,15052.2,26.7,1.3
11.305,2,23669.7,14531.7,15.0,23662.7,14561.1,23.0,23685.8,14507.3,22.8,1.3
11.305,3,23646.2,14473.9,15.0,23636.2,14480.7,22.7,23660.5,14492.0,33.0,1.0
11.305,4,23656.7,15108.9,15.0,23629.8,15091.2,23.2,23682.6,15146.9,33.0,1.0
11.305,5,23559.8,14587.4,15.0,23543.4,14562.6,22.2,23567.3,14623.5,26.4,1.2
11.305,6,23591.3,14808.4,15.0,23599.8,14793.4,22.7,23575.6,14801.1,28.3,1.3
11.305,7,23682.6,14272.3,15.0,23675.8,14295.4,22.6,23697.2,14257.1,23.6,1.2
11.305,8,23467.3,15272.8,15.0,23503.7,15236.9,43.3,23445.6,15275.4,23.0,1.2
11.305,9,23681.4,14129.2,15.0,23674.2,14153.6,23.4,23696.7,14114.0,24.6,1.0
11.305,10,23493.6,14393.3,15.0,23477.7,14400.0,27.7,23502.2,14408.5,22.2,1.5
11.305,11,23459.0,15151.6,15.0,23487.9,15134.3,23.3,23419.2,15159.3,27.8,0.9
11.305,12,23586.0,14372.4,15.0,23601.8,14396.7,22.0,23579.1,14338.6,24.8,1.2
11.305,13,23457.2,15293.1,15.0,23482.7,15274.9,23.3,23409.4,15302.6,36.0,1.0
11.331,0,23699.6,15200.7,15.0,23708.4,15188.9,22.4,23684.4,15188.3,29.7,1.3
11.331,1,23632.5,15059.0,15.0,23639.6,15039.1,22.3,23617.9,15065.5,24.3,1.3
11.331,2,23669.7,14528.4,15.0,23662.6,14560.8,23.5,23686.4,14502.9,22.4,1.3
11.331,3,23646.2,14471.1,15.0,23637.2,14481.3,22.7,23660.6,14484.6,30.4,1.0
11.331,4,23655.4,15106.6,15.0,23628.1,15095.3,23.2,23688.3,15144.0,38.2,1.0
11.331,5,23559.7,14584.4,15.0,23542.9,14560.7,22.3,23568.2,14625.1,30.5,1.2
11.331,6,23591.3,14811.7,15.0,23599.0,14792.4,22.7,23575.8,14814.2,25.7,1.3
11.331,7,23682.6,14269.2,15.0,23676.0,14295.7,22.6,23697.4,14247.1,22.9,1.2
11.331,8,23465.4,15275.2,15.0,23506.3,15244.6,44.4,23445.8,15273.1,23.0,1.2
11.331,9,23681.4,14126.6,15.0,23674.5,14154.4,23.4,23696.8,14102.7,24.1,1.0
11.331,10,23493.6,14389.6,15.0,23477.8,14385.8,24.8,23501.5,14409.3,22.3,1.5
11.331,11,23461.2,15151.6,15.0,23488.9,15133.9,23.3,23417.5,15160.0,31.3,0.9
11.331,12,23586.0,14375.5,15.0,23602.3,14399.1,22.1,23578.5,14337.4,28.1,1.2
11.331,13,23459.9,15293.1,15.0,23481.7,15274.8,23.3,23409.0,15303.7,41.0,1.0
11.355,0,23699.6,15203.8,15.0,23707.5,15187.7,22.4,23684.6,15200.1,26.9,1.3
11.355,1,23632.5,15062.0,15.0,23639.2,15038.3,22.4,23617.9,15078.7,23.0,1.3
11.355,2,23669.7,14525.2,15.0,23662.2,14561.6,25.5,23687.1,14499.7,22.4,1.3
11.355,3,23646.2,14468.6,15.0,23638.2,14482.5,22.8,23660.7,14476.9,28.6,1.0
11.355,4,23653.9,15104.5,15.0,23628.1,15099.6,23.2,23692.8,15139.1,42.2,1.0
11.355,5,23559.7,14581.5,15.0,23542.7,14560.9,22.5,23569.3,14626.3,35.7,1.2
11.355,6,23591.3,14814.8,15.0,23598.4,14791.2,22.8,23575.9,14829.4,23.8,1.3
11.355,7,23682.6,14266.3,15.0,23676.0,14296.0,22.9,23697.9,14240.7,22.6,1.2
11.355,8,23463.4,15277.2,15.0,23507.7,15252.2,47.2,23446.1,15271.8,23.0,1.2
11.355,9,23681.4,14124.2,15.0,23674.6,14155.2,23.5,23697.1,14094.4,24.0,1.0
11.355,10,23493.6,14386.1,15.0,23477.7,14372.3,22.9,23501.0,14410.2,22.4,1.5
11.355,11,23463.3,15151.6,15.0,23488.5,15133.6,23.2,23416.2,15160.9,35.5,0.9
11.355,12,23586.0,14378.5,15.0,23602.6,14400.2,22.3,23577.5,14335.7,32.9,1.2
11.355,13,23462.5,15293.1,15.0,23479.7,15275.0,23.4,23410.0,15304.9,44.4,1.0
11.381,0,23699.6,15207.1,15.0,23706.8,15187.1,22.4,23684.7,15213.5,24.5,1.3
11.381,1,23632.5,15065.4,15.0,23639.0,15038.2,22.5,23617.6,15088.4,22.5,1.3
11.381,2,23669.7,14521.9,15.0,23661.5,14562.9,28.8,23687.6,14497.0,22.6,1.3
11.381,3,23646.2,14465.8,15.0,23638.9,14483.4,22.7,23660.5,14465.5,26.1,1.0
11.381,4,23652.1,15102.6,15.0,23628.7,15103.4,23.2,23696.0,15132.1,44.6,1.0
11.381,5,23559.7,14578.4,15.0,23542.7,14561.3,22.6,23570.3,14625.5,39.8,1.2
11.381,6,23591.3,14818.2,15.0,23598.2,14790.9,22.8,23575.7,14839.7,22.9,1.3
11.381,7,23682.6,14263.1,15.0,23675.8,14295.7,23.8,23698.5,14237.0,22.3,1.2
11.381,8,23460.9,15279.1,15.0,23508.6,15260.1,51.0,23446.3,15271.1,22.9,1.2
11.381,9,23681.4,14121.5,15.0,23674.5,14155.0,23.8,23697.8,14091.0,23.6,1.0
11.381,10,23493.6,14382.2,15.0,23477.3,14362.7,22.1,23500.8,14410.2,22.6,1.5
11.381,11,23465.5,15151.6,15.0,23487.9,15133.5,23.3,23415.6,15161.8,39.9,0.9
11.381,12,23586.0,14381.8,15.0,23602.8,14400.4,22.5,23576.4,14335.5,38.0,1.2
11.381,13,23465.2,15293.1,15.0,23478.8,15275.4,23.3,23412.9,15305.8,45.7,1.0
11.405,0,23699.6,15210.2,15.0,23706.4,15186.0,22.5,23684.8,15227.1,23.1,1.3
11.405,1,23632.5,15068.4,15.0,23639.1,15038.2,23.0,23617.0,15092.6,22.0,1.3
11.405,2,23669.7,14518.8,15.0,23660.4,14565.2,34.0,23688.0,14495.6,22.9,1.3
11.405,3,23646.2,14463.3,15.0,23639.5,14484.7,22.7,23660.3,14452.4,24.1,1.0
11.405,4,23650.2,15100.9,15.0,23630.1,15106.1,23.2,23697.1,15125.1,45.7,1.0
11.405,5,23559.6,14575.5,15.0,23543.0,14562.2,22.7,23571.4,14623.7,42.5,1.2
11.405,6,23591.3,14821.3,15.0,23598.2,14790.5,23.2,23575.1,14846.1,22.5,1.3
11.405,7,23682.6,14260.2,15.0,23675.3,14296.5,26.0,23699.2,14234.4,22.4,1.2
11.405,8,23458.4,15280.7,15.0,23507.3,15268.1,53.5,23446.9,15270.7,22.8,1.2
11.405,9,23681.4,14119.0,15.0,23674.1,14155.8,25.4,23698.5,14088.6,23.4,1.0
11.405,10,23493.6,14378.7,15.0,23476.6,14357.7,21.7,23501.0,14410.3,23.3,1.5
11.405,11,23467.6,15151.6,15.0,23486.3,15133.6,23.2,23416.4,15162.8,42.7,0.9
11.405,12,23586.0,14384.7,15.0,23602.6,14399.4,22.7,23575.2,14336.8,41.4,1.2
11.405,13,23467.8,15293.1,15.0,23478.1,15275.9,23.4,23415.9,15306.8,47.6,1.0
11.431,0,23699.6,15213.4,15.0,23706.2,15185.8,22.6,23684.4,15236.7,22.5,1.3
11.431,1,23632.5,15071.6,15.0,23639.4,15038.1,24.5,23616.4,15096.0,22.0,1.3
11.431,2,23669.7,14515.5,15.0,23659.2,14566.1,39.7,23688.1,14495.5,23.2,1.3
11.431,3,23646.2,14460.6,15.0,23639.9,14485.4,22.7,23660.2,14440.3,23.5,1.0
11.431,4,23648.2,15099.1,15.0,23630.3,15105.5,23.2,23695.3,15122.6,48.2,1.0
11.431,5,23559.6,14572.5,15.0,23543.4,14562.3,22.8,23572.3,14620.4,43.5,1.2
11.431,6,23591.3,14824.5,15.0,23598.4,14790.5,24.3,23574.5,14849.9,22.3,1.3
11.431,7,23682.6,14257.1,15.0,23674.5,14298.4,30.1,23699.6,14232.6,22.5,1.2
11.431,8,23455.7,15281.9,15.0,23502.6,15276.8,52.1,23447.4,15270.7,22.8,1.2
11.431,9,23681.4,14116.5,15.0,23673.5,14156.9,27.9,23699.0,14086.8,23.4,1.0
11.431,10,23493.6,14375.0,15.0,23476.1,14353.9,21.9,23501.4,14410.7,25.4,1.5
11.431,11,23469.7,15151.6,15.0,23485.2,15133.8,23.2,23418.0,15163.6,44.7,0.9
11.431,12,23586.0,14387.9,15.0,23602.3,14399.5,22.7,23574.3,14339.7,42.9,1.2
11.431,13,23470.4,15293.1,15.0,23478.3,15276.5,23.4,23419.1,15307.7,50.6,1.0
11.456,0,23699.6,15216.6,15.0,23706.3,15186.0,23.1,23683.8,15241.0,22.1,1.3
11.456,1,23632.5,15074.8,15.0,23640.1,15036.9,27.5,23615.9,15098.5,22.2,1.3
11.456,2,23669.7,14512.3,15.0,23658.0,14564.9,43.5,23688.0,14496.3,23.4,1.3
11.456,3,23646.2,14458.0,15.0,23640.0,14485.9,22.8,23660.6,14431.5,23.3,1.0
11.456,4,23646.3,15097.4,15.0,23630.6,15104.7,23.2,23693.8,15120.5,51.9,1.0
11.456,5,23559.6,14569.6,15.0,23544.0,14561.5,22.7,23573.1,14617.1,46.2,1.2
11.456,6,23591.3,14827.6,15.0,23599.0,14789.6,26.6,23573.9,14852.8,22.4,1.3
11.456,7,23682.6,14254.2,15.0,23673.4,14299.8,35.2,23699.9,14232.2,22.7,1.2
11.456,8,23452.9,15282.9,15.0,23492.6,15285.3,45.4,23448.3,15271.0,22.7,1.2
11.456,9,23681.4,14114.0,15.0,23672.6,14159.1,32.3,23699.5,14085.8,23.4,1.0
11.456,10,23493.5,14371.5,15.0,23475.6,14350.7,22.2,23502.1,14412.5,29.3,1.5
11.456,11,23471.8,15151.6,15.0,23484.4,15134.2,23.2,23420.4,15164.4,45.5,0.9
11.456,12,23586.0,14390.9,15.0,23601.8,14400.0,22.7,23573.3,14343.0,44.8,1.2
11.456,13,23473.0,15293.1,15.0,23478.6,15277.3,23.4,23421.3,15308.6,55.1,1.0
11.482,0,23699.6,15219.9,15.0,23706.7,15185.9,24.6,23683.2,15244.5,22.1,1.3
11.482,1,23632.5,15078.1,15.0,23641.0,15035.4,32.0,23615.5,15100.5,22.3,1.3
11.482,2,23669.7,14508.9,15.0,23656.9,14562.0,45.5,23687.6,14496.2,23.6,1.3
11.482,3,23646.2,14455.2,15.0,23639.9,14485.6,23.1,23661.1,14427.3,23.0,1.0
11.482,4,23644.3,15095.6,15.0,23630.6,15103.7,23.2,23691.9,15118.1,55.4,1.0
11.482,5,23559.5,14566.5,15.0,23544.6,14560.2,22.7,23573.9,14614.1,49.9,1.2
11.482,6,23591.3,14831.0,15.0,23599.8,14787.7,31.1,23573.4,14855.0,22.7,1.3
11.482,7,23682.6,14251.0,15.0,23672.2,14299.6,40.0,23699.9,14232.5,22.8,1.2
11.482,8,23449.8,15283.5,15.0,23480.5,15292.2,38.9,23449.4,15271.7,22.7,1.2
11.482,9,23681.4,14111.3,15.0,23671.6,14160.3,37.3,23699.8,14086.4,23.4,1.0
11.482,10,23493.5,14367.6,15.0,23475.3,14348.4,22.7,23503.2,14414.0,34.5,1.5
11.482,11,23474.1,15151.6,15.0,23484.3,15134.6,23.3,23423.0,15165.1,47.2,0.9
11.482,12,23586.0,14394.2,15.0,23601.2,14401.4,22.7,23572.5,14346.5,47.7,1.2
11.482,13,23475.8,15293.1,15.0,23479.2,15278.1,23.4,23426.5,15309.0,55.5,1.0
11.511,0,23699.6,15223.6,15.0,23707.4,15184.9,27.9,23682.7,15247.6,22.3,1.3
11.511,1,23632.5,15081.8,15.0,23642.2,15034.9,37.7,23615.3,15100.9,22.6,1.3
11.511,2,23669.7,14505.2,15.0,23655.8,14558.1,47.6,23687.1,14495.2,23.6,1.3
11.511,3,23646.2,14452.2,15.0,23639.6,14485.5,24.3,23661.8,14424.2,22.8,1.0
11.511,4,23642.1,15093.5,15.0,23630.6,15102.4,23.2,23687.2,15113.7,54.4,1.0
11.511,5,23559.5,14563.0,15.0,23545.4,14558.7,22.6,23574.6,14609.6,52.3,1.2
11.511,6,23591.3,14834.7,15.0,23601.1,14786.6,36.9,23573.2,14855.8,22.9,1.3
11.511,7,23682.6,14247.5,15.0,23671.0,14297.5,43.2,23699.7,14233.1,23.0,1.2
11.511,8,23446.4,15283.8,15.0,23468.1,15296.9,34.0,23450.8,15272.9,22.6,1.2
11.511,9,23681.4,14108.3,15.0,23670.4,14160.1,42.0,23699.8,14087.5,23.4,1.0
11.511,10,23493.5,14363.4,15.0,23475.3,14347.2,23.2,23504.5,14414.0,40.3,1.5
11.511,11,23476.6,15151.6,15.0,23484.6,15135.2,23.3,23426.0,15165.9,49.6,0.9
11.511,12,23586.0,14397.7,15.0,23600.5,14403.2,22.6,23571.6,14349.7,52.3,1.2
11.511,13,23478.8,15293.1,15.0,23479.9,15279.1,23.4,23435.0,15309.1,51.9,1.0
11.543,0,23699.6,15227.7,15.0,23708.5,15183.3,33.4,23682.3,15249.7,22.5,1.3
11.543,1,23632.5,15085.8,15.0,23643.5,15036.6,41.9,23615.5,15100.7,22.9,1.3
11.543,2,23669.7,14501.1,15.0,23654.6,14553.8,51.6,23686.4,14493.3,23.5,1.3
11.543,3,23646.2,14448.8,15.0,23638.9,14486.4,27.2,23662.4,14421.7,22.8,1.0
11.543,4,23639.7,15091.3,15.0,23630.9,15101.1,23.2,23678.5,15106.3,47.6,1.0
11.543,5,23559.5,14559.2,15.0,23546.3,14557.2,22.6,23574.7,14601.1,49.8,1.2
11.543,6,23591.3,14838.8,15.0,23602.5,14787.5,42.1,23573.3,14855.6,23.2,1.3
11.543,7,23682.6,14243.7,15.0,23669.9,14293.4,44.5,23699.2,14233.0,23.0,1.2
11.543,8,23442.6,15283.6,15.0,23456.6,15299.4,30.8,23452.7,15274.9,22.6,1.2
11.543,9,23681.4,14105.1,15.0,23669.1,14158.0,45.3,23699.5,14089.2,23.4,1.0
11.543,10,23493.5,14358.8,15.0,23475.5,14346.2,23.6,23506.0,14411.6,44.3,1.5
11.543,11,23479.3,15151.6,15.0,23485.2,15135.9,23.3,23428.3,15166.7,53.8,0.9
11.543,12,23586.0,14401.7,15.0,23599.6,14405.1,22.5,23571.2,14357.0,51.6,1.2
11.543,13,23482.1,15293.1,15.0,23480.4,15280.3,23.4,23448.1,15308.8,44.2,1.0
11.569,0,23699.6,15231.0,15.0,23710.0,15182.2,39.8,23682.2,15248.8,22.8,1.3
11.569,1,23632.5,15089.1,15.0,23644.8,15039.7,43.9,23616.0,15100.1,23.0,1.3
11.569,2,23669.7,14497.8,15.0,23653.6,14550.0,56.0,23685.4,14492.1,23.3,1.3
11.569,3,23646.2,14446.1,15.0,23637.8,14489.1,32.6,23663.0,14421.3,22.7,1.0
11.569,4,23637.8,15089.4,15.0,23632.1,15100.5,23.2,23668.3,15097.4,39.4,1.0
11.569,5,23559.5,14556.2,15.0,23547.5,14556.9,22.5,23574.3,14588.1,41.7,1.2
11.569,6,23591.3,14842.1,15.0,23603.9,14789.9,45.0,23573.7,14854.6,23.4,1.3
11.569,7,23682.6,14240.6,15.0,23668.8,14289.8,48.0,23698.5,14232.6,23.0,1.2
11.569,8,23439.6,15283.0,15.0,23443.9,15298.9,28.0,23455.3,15277.7,22.6,1.2
11.569,9,23681.4,14102.5,15.0,23667.9,14154.9,46.7,23698.9,14090.9,23.4,1.0
11.569,10,23493.5,14355.0,15.0,23476.1,14345.3,23.7,23507.3,14407.9,46.3,1.5
11.569,11,23481.5,15151.6,15.0,23485.1,15136.7,23.2,23432.5,15167.3,55.1,0.9
11.569,12,23586.0,14404.8,15.0,23598.4,14405.7,22.4,23571.3,14368.8,44.5,1.2
11.569,13,23484.8,15293.1,15.0,23479.5,15281.7,23.4,23462.4,15308.5,36.5,1.0
11.594,0,23699.6,15234.2,15.0,23711.2,15183.8,43.2,23682.4,15248.2,23.1,1.3
11.594,1,23632.5,15092.3,15.0,23645.8,15043.1,46.3,23616.5,15101.0,23.0,1.3
11.594,2,23669.7,14494.5,15.0,23653.2,14543.0,54.7,23684.5,14490.7,23.2,1.3
11.594,3,23646.2,14443.4,15.0,23636.7,14490.0,38.0,23663.1,14422.1,22.8,1.0
11.594,4,23635.9,15087.6,15.0,23633.2,15100.0,23.2,23660.9,15090.7,34.7,1.0
11.594,5,23559.4,14553.2,15.0,23548.6,14556.6,22.5,23573.9,14575.9,35.5,1.2
11.594,6,23591.3,14845.3,15.0,23604.9,14793.3,47.0,23574.2,14855.2,23.4,1.3
11.594,7,23682.6,14237.5,15.0,23667.8,14287.2,52.5,23697.8,14231.5,22.9,1.2
11.594,8,23436.7,15282.1,15.0,23429.9,15295.4,25.6,23456.7,15280.6,22.6,1.2
11.594,9,23681.4,14099.9,15.0,23667.0,14151.8,49.5,23698.3,14091.0,23.4,1.0
11.594,10,23493.5,14351.3,15.0,23476.6,14342.8,23.5,23508.4,14404.1,49.5,1.5
11.594,11,23483.6,15151.6,15.0,23485.5,15137.5,23.3,23437.8,15167.5,53.8,0.9
11.594,12,23586.0,14408.0,15.0,23597.4,14406.3,22.3,23571.6,14380.6,37.9,1.2
11.594,13,23487.5,15293.1,15.0,23478.6,15282.8,23.4,23470.1,15308.6,33.0,1.0
11.994,0,23699.6,15246.9,15.0,23712.2,15196.6,44.4,23682.8,15257.9,23.1,1.3
11.994,1,23632.5,15104.9,15.0,23646.7,15055.7,49.9,23617.1,15111.8,22.9,1.3
11.994,2,23669.7,14481.7,15.0,23653.5,14521.9,47.5,23683.5,14480.1,23.1,1.3
11.994,3,23646.2,14432.9,15.0,23635.6,14481.1,41.2,23663.0,14415.7,22.7,1.0
11.994,4,23628.5,15080.4,15.0,23628.9,15094.4,23.2,23650.0,15080.0,31.7,1.0
11.994,5,23559.3,14541.3,15.0,23549.6,14548.1,22.4,23573.8,14559.2,32.1,1.2
11.994,6,23591.3,14858.0,15.0,23605.9,14806.3,50.3,23574.8,14866.0,23.3,1.3
11.994,7,23682.6,14225.5,15.0,23667.3,14273.0,53.3,23697.0,14221.4,22.8,1.2
11.994,8,23425.5,15278.3,15.0,23407.5,15287.4,23.6,23449.1,15279.3,22.6,1.2
11.994,9,23681.4,14089.8,15.0,23666.1,14141.8,53.5,23697.6,14083.2,23.4,1.0
11.994,10,23493.4,14336.8,15.0,23477.2,14329.5,23.3,23509.3,14390.2,54.1,1.5
11.994,11,23492.1,15151.6,15.0,23492.1,15138.3,23.2,23452.7,15167.3,48.2,0.9
11.994,12,23586.0,14420.2,15.0,23596.3,14415.6,22.3,23571.7,14399.7,33.4,1.2
11.994,13,23497.9,15293.1,15.0,23485.1,15283.9,23.3,23485.9,15308.7,30.7,1.0
12.001,0,23699.6,15247.7,15.0,23716.5,15271.9,22.2,23692.1,15210.2,26.9,1.3
12.001,1,23632.5,15105.7,15.0,23649.7,15125.6,22.6,23623.1,15059.7,36.3,1.3
12.001,2,23669.7,14480.8,15.0,23652.3,14470.5,23.6,23683.4,14533.7,47.0,1.3
12.001,3,23646.2,14432.2,15.0,23631.4,14404.6,23.1,23652.4,14461.6,22.9,1.0
12.001,4,23628.0,15079.9,15.0,23652.9,15126.6,53.1,23634.9,15064.4,23.2,1.0
12.001,5,23559.3,14540.5,15.0,23545.3,14588.6,52.3,23573.8,14535.1,22.7,1.2
12.001,6,23591.3,14858.9,15.0,23609.3,14880.7,22.9,23581.7,14811.6,35.7,1.3
12.001,7,23682.6,14224.7,15.0,23665.3,14208.7,22.9,23693.6,14274.3,42.0,1.2
12.001,8,23424.7,15278.0,15.0,23424.8,15289.7,22.7,23451.0,15271.0,35.7,1.2
12.001,9,23681.4,14089.1,15.0,23663.3,14060.7,23.4,23689.9,14133.3,31.3,1.0
12.001,10,23493.4,14335.8,15.0,23482.3,14387.3,41.6,23511.4,14320.6,23.3,1.5
12.001,11,23492.7,15151.6,15.0,23447.4,15142.8,33.2,23519.6,15169.5,23.3,0.9
12.001,12,23586.0,14421.1,15.0,23600.2,14373.1,50.8,23571.3,14427.2,22.6,1.2
12.001,13,23498.6,15293.1,15.0,23447.7,15277.4,56.0,23503.2,15308.5,23.4,1.0
12.011,0,23699.6,15249.0,15.0,23716.6,15272.9,22.3,23691.9,15210.1,28.1,1.3
12.011,1,23632.5,15107.0,15.0,23649.7,15126.1,22.6,23622.8,15060.0,37.8,1.3
12.011,2,23669.7,14479.5,15.0,23652.4,14469.7,23.6,23683.7,14532.4,47.8,1.3
12.011,3,23646.2,14431.2,15.0,23631.2,14403.4,23.0,23652.5,14461.2,23.0,1.0
12.011,4,23627.2,15079.2,15.0,23651.9,15126.1,54.2,23634.5,15064.2,23.2,1.0
12.011,5,23559.3,14539.3,15.0,23545.1,14586.9,52.6,23573.6,14534.4,22.6,1.2
12.011,6,23591.3,14860.2,15.0,23609.3,14881.1,22.9,23581.4,14811.8,37.3,1.3
12.011,7,23682.6,14223.5,15.0,23665.4,14208.5,23.0,23693.9,14273.5,42.9,1.2
12.011,8,23423.6,15277.6,15.0,23424.6,15289.3,22.6,23448.7,15270.2,34.7,1.2
12.011,9,23681.4,14088.1,15.0,23663.2,14060.0,23.4,23690.1,14133.5,32.5,1.0
12.011,10,23493.4,14334.4,15.0,23482.0,14386.4,42.6,23511.4,14320.0,23.5,1.5
12.011,11,23493.6,15151.6,15.0,23447.4,15142.5,34.3,23519.6,15169.5,23.2,0.9
12.011,12,23586.0,14422.3,15.0,23600.4,14374.2,51.9,23571.4,14428.0,22.6,1.2
12.011,13,23499.7,15293.1,15.0,23449.7,15277.3,55.7,23503.6,15308.3,23.4,1.0
12.045,0,23699.6,15253.3,15.0,23716.7,15276.7,22.4,23691.5,15212.2,29.9,1.3
12.045,1,23632.5,15111.2,15.0,23649.7,15128.8,22.7,23622.3,15063.3,39.4,1.3
12.045,2,23669.7,14475.3,15.0,23652.6,14466.2,23.5,23684.1,14527.9,49.1,1.3
12.045,3,23646.2,14427.7,15.0,23631.0,14399.6,22.9,23652.5,14458.7,23.2,1.0
12.045,4,23624.8,15076.7,15.0,23649.0,15123.7,55.5,23632.5,15062.6,23.2,1.0
12.045,5,23559.3,14535.4,15.0,23545.0,14581.7,52.2,23573.2,14531.2,22.6,1.2
12.045,6,23591.3,14864.4,15.0,23609.4,14884.0,23.1,23580.9,14814.5,39.7,1.3
12.045,7,23682.6,14219.5,15.0,23665.5,14205.9,23.0,23694.3,14269.5,43.5,1.2
12.045,8,23419.8,15276.4,15.0,23422.3,15288.1,22.6,23443.1,15268.4,33.4,1.2
12.045,9,23681.4,14084.7,15.0,23663.1,14057.9,23.4,23690.6,14131.7,34.5,1.0
12.045,10,23493.4,14329.5,15.0,23481.5,14382.4,44.0,23511.3,14316.5,23.6,1.5
12.045,11,23496.4,15151.6,15.0,23448.9,15142.2,36.1,23521.3,15169.6,23.2,0.9
12.045,12,23586.0,14426.4,15.0,23600.6,14379.1,52.4,23571.8,14431.3,22.6,1.2
12.045,13,23503.2,15293.1,15.0,23454.6,15277.1,55.3,23506.3,15307.9,23.4,1.0
12.071,0,23699.6,15256.6,15.0,23717.1,15276.6,22.7,23690.0,15209.7,36.8,1.3
12.071,1,23632.5,15114.5,15.0,23649.3,15127.5,22.9,23620.9,15065.0,43.1,1.3
12.071,2,23669.7,14471.9,15.0,23653.5,14465.2,23.4,23685.4,14525.0,54.7,1.3
12.071,3,23646.2,14424.9,15.0,23630.2,14397.2,22.8,23653.1,14460.0,25.3,1.0
12.071,4,23623.0,15074.7,15.0,23643.3,15118.8,53.9,23631.8,15063.6,23.2,1.0
12.071,5,23559.3,14532.3,15.0,23544.8,14571.9,47.5,23572.1,14530.7,22.5,1.2
12.071,6,23591.3,14867.8,15.0,23609.1,14882.2,23.4,23579.3,14815.5,44.3,1.3
12.071,7,23682.6,14216.3,15.0,23666.2,14206.5,23.0,23695.6,14266.0,45.6,1.2
12.071,8,23416.8,15275.5,15.0,23424.6,15287.3,22.6,23433.8,15265.2,30.1,1.2
12.071,9,23681.4,14082.1,15.0,23662.9,14060.1,23.4,23692.1,14133.4,41.2,1.0
12.071,10,23493.4,14325.7,15.0,23480.0,14378.8,46.0,23510.7,14315.8,23.7,1.5
12.071,11,23498.6,15151.6,15.0,23448.1,15140.9,41.2,23519.3,15169.7,23.2,0.9
12.071,12,23586.0,14429.6,15.0,23600.9,14387.7,49.4,23572.9,14432.2,22.5,1.2
12.071,13,23505.9,15293.1,15.0,23465.8,15277.2,48.8,23506.0,15306.6,23.4,1.0
12.096,0,23699.6,15259.8,15.0,23717.0,15276.1,22.9,23688.8,15210.3,41.2,1.3
12.096,1,23632.5,15117.7,15.0,23648.9,15127.7,23.0,23619.9,15068.4,44.4,1.3
12.096,2,23669.7,14468.7,15.0,23654.4,14463.7,23.2,23686.0,14519.4,55.5,1.3
12.096,3,23646.2,14422.3,15.0,23629.7,14395.8,22.8,23653.8,14461.8,28.9,1.0
12.096,4,23621.2,15072.8,15.0,23635.8,15111.0,47.0,23631.0,15064.2,23.2,1.0
12.096,5,23559.2,14529.3,15.0,23544.9,14560.5,40.9,23571.0,14530.1,22.5,1.2
12.096,6,23591.3,14871.0,15.0,23608.7,14882.2,23.4,23578.2,14818.8,45.5,1.3
12.096,7,23682.6,14213.3,15.0,23666.8,14205.7,23.0,23696.5,14262.6,48.7,1.2
12.096,8,23414.0,15274.7,15.0,23426.1,15286.7,22.6,23423.9,15262.2,27.6,1.2
12.096,9,23681.4,14079.5,15.0,23663.1,14062.1,23.4,23693.2,14132.3,44.6,1.0
12.096,10,23493.3,14322.1,15.0,23478.9,14375.0,49.2,23510.2,14313.5,23.5,1.5
12.096,11,23500.8,15151.6,15.0,23449.1,15140.0,44.0,23517.8,15169.5,23.2,0.9
12.096,12,23586.0,14432.7,15.0,23600.6,14398.9,42.9,23573.8,14433.1,22.4,1.2
12.096,13,23508.6,15293.1,15.0,23477.5,15277.5,41.9,23505.9,15305.6,23.4,1.0
12.122,0,23699.2,15263.0,15.0,23714.7,15277.8,23.1,23693.2,15211.6,43.7,1.3
12.122,1,23632.5,15120.9,15.0,23648.3,15129.1,22.9,23618.9,15071.9,47.3,1.3
12.122,2,23669.7,14465.4,15.0,23655.3,14462.5,23.1,23686.1,14510.7,51.6,1.3
12.122,3,23646.2,14419.6,15.0,23629.3,14395.3,22.7,23654.7,14463.2,33.5,1.0
12.122,4,23619.4,15070.9,15.0,23628.1,15102.7,40.5,23630.3,15064.9,23.2,1.0
12.122,5,23559.2,14526.3,15.0,23545.2,14548.5,35.0,23570.0,14529.8,22.5,1.2
12.122,6,23591.3,14874.2,15.0,23608.1,14883.4,23.4,23577.2,14822.4,48.1,1.3
12.122,7,23682.6,14210.2,15.0,23667.5,14204.5,22.9,23697.4,14259.9,53.2,1.2
12.122,8,23411.0,15273.8,15.0,23427.3,15286.2,22.6,23411.6,15258.7,25.3,1.2
12.122,9,23681.4,14076.9,15.0,23663.5,14063.2,23.4,23694.2,14129.6,45.9,1.0
12.122,10,23493.3,14318.3,15.0,23477.9,14371.9,53.7,23509.6,14310.8,23.3,1.5
12.122,11,23503.0,15151.6,15.0,23451.4,15139.2,45.1,23516.9,15169.2,23.2,0.9
12.122,12,23586.0,14435.9,15.0,23600.3,14410.7,36.6,23574.9,14433.6,22.3,1.2
12.122,13,23511.3,15293.1,15.0,23489.1,15277.8,36.3,23505.7,15304.5,23.4,1.0
12.148,0,23698.5,15266.2,15.0,23712.3,15279.8,23.1,23697.5,15214.4,45.1,1.3
12.148,1,23632.5,15124.2,15.0,23647.7,15130.6,22.8,23618.0,15074.9,51.5,1.3
12.148,2,23669.7,14462.0,15.0,23656.4,14461.5,23.0,23685.8,14498.4,44.5,1.3
12.148,3,23646.2,14416.8,15.0,23629.2,14396.1,22.8,23655.9,14463.8,38.6,1.0
12.148,4,23617.5,15068.9,15.0,23620.7,15094.6,35.3,23629.7,15065.9,23.2,1.0
12.148,5,23559.2,14523.2,15.0,23545.0,14540.7,31.8,23568.9,14530.1,22.4,1.2
12.148,6,23591.3,14877.6,15.0,23607.5,14884.9,23.3,23576.2,14825.6,52.1,1.3
12.148,7,23682.6,14207.1,15.0,23668.3,14203.2,22.8,23697.8,14254.1,53.2,1.2
12.148,8,23408.1,15272.9,15.0,23428.4,15285.9,22.6,23397.4,15254.7,23.5,1.2
12.148,9,23681.4,14074.3,15.0,23664.0,14063.7,23.4,23695.1,14126.5,47.7,1.0
12.148,10,23493.3,14314.6,15.0,23477.2,14366.2,55.0,23508.8,14308.3,23.1,1.5
12.148,11,23505.2,15151.6,15.0,23453.9,15138.4,46.2,23516.3,15168.8,23.3,0.9
12.148,12,23586.0,14439.1,15.0,23600.3,14419.7,32.6,23576.0,14433.6,22.3,1.2
12.148,13,23514.0,15293.1,15.0,23496.9,15277.6,32.8,23504.9,15303.4,23.4,1.0
12.173,0,23697.4,15269.2,15.0,23709.8,15282.3,23.1,23701.2,15217.6,48.1,1.3
12.173,1,23632.5,15127.3,15.0,23646.9,15132.0,22.7,23617.4,15079.7,52.9,1.3
12.173,2,23669.7,14458.8,15.0,23657.6,14461.3,23.0,23685.5,14485.2,37.6,1.3
12.173,3,23646.2,14414.2,15.0,23629.3,14397.8,22.7,23657.0,14462.6,41.8,1.0
12.173,4,23615.8,15067.0,15.0,23615.3,15089.1,32.0,23629.5,15067.4,23.2,1.0
12.173,5,23559.2,14520.2,15.0,23544.8,14532.7,29.5,23567.9,14531.0,22.4,1.2
12.173,6,23591.3,14880.7,15.0,23606.7,14886.2,23.2,23575.4,14829.4,55.3,1.3
12.173,7,23682.6,14204.1,15.0,23669.3,14202.4,22.8,23697.9,14245.3,48.8,1.2
12.173,8,23405.2,15272.1,15.0,23429.1,15285.7,22.6,23387.5,15251.6,22.9,1.2
12.173,9,23681.4,14071.7,15.0,23664.6,14063.7,23.4,23696.0,14123.5,50.7,1.0
12.173,10,23493.3,14310.9,15.0,23477.0,14357.5,51.5,23507.9,14306.2,22.8,1.5
12.173,11,23507.3,15151.6,15.0,23456.5,15137.6,48.5,23516.3,15168.3,23.3,0.9
12.173,12,23586.0,14442.2,15.0,23600.5,14427.8,30.1,23577.0,14432.9,22.2,1.2
12.173,13,23516.6,15293.1,15.0,23505.0,15277.5,30.5,23503.4,15302.3,23.3,1.0
12.198,0,23696.0,15272.1,15.0,23706.9,15284.7,23.0,23705.0,15220.5,52.4,1.3
12.198,1,23632.5,15130.5,15.0,23646.0,15133.4,22.6,23617.3,15087.3,50.3,1.3
12.198,2,23669.7,14455.6,15.0,23658.8,14461.6,22.9,23685.6,14476.8,33.9,1.3
12.198,3,23646.2,14411.6,15.0,23629.7,14398.7,22.7,23657.9,14460.0,43.3,1.0
12.198,4,23614.0,15065.1,15.0,23609.9,15083.3,30.1,23629.6,15069.0,23.2,1.0
12.198,5,23559.2,14517.2,15.0,23544.8,14522.9,27.2,23567.0,14531.9,22.4,1.2
12.198,6,23591.3,14883.9,15.0,23605.8,14887.7,23.1,23575.1,14836.1,54.3,1.3
12.198,7,23682.6,14201.1,15.0,23670.2,14201.6,22.7,23697.6,14234.0,42.3,1.2
12.198,8,23402.3,15271.3,15.0,23429.2,15285.6,22.9,23381.7,15249.6,22.6,1.2
12.198,9,23681.4,14069.2,15.0,23665.4,14063.4,23.4,23696.9,14121.3,55.1,1.0
12.198,10,23493.3,14307.3,15.0,23477.2,14345.5,44.7,23506.9,14304.7,22.7,1.5
12.198,11,23509.5,15151.6,15.0,23458.7,15136.9,51.5,23516.5,15167.7,23.3,0.9
12.198,12,23586.0,14445.3,15.0,23600.5,14436.5,28.1,23578.0,14432.2,22.2,1.2
12.198,13,23519.2,15293.1,15.0,23515.1,15277.6,28.1,23502.1,15301.4,23.3,1.0
12.224,0,23694.2,15274.8,15.0,23703.9,15286.8,22.8,23707.6,15225.8,53.5,1.3
12.224,1,23632.5,15133.8,15.0,23645.1,15134.5,22.6,23617.5,15098.5,43.8,1.3
12.224,2,23669.7,14452.3,15.0,23659.9,14462.5,22.8,23685.7,14468.2,31.4,1.3
12.224,3,23646.2,14408.9,15.0,23630.2,14399.0,22.8,23658.8,14456.9,44.9,1.0
12.224,4,23612.3,15063.1,15.0,23602.9,15075.5,27.6,23629.8,15070.7,23.2,1.0
12.224,5,23559.1,14514.2,15.0,23544.9,14510.4,24.9,23566.3,14532.8,22.4,1.2
12.224,6,23591.3,14887.2,15.0,23604.8,14888.7,23.0,23575.3,14847.4,47.2,1.3
12.224,7,23682.6,14198.0,15.0,23671.3,14201.3,22.7,23697.3,14221.6,36.0,1.2
12.224,8,23399.4,15270.5,15.0,23429.1,15285.7,23.9,23378.3,15248.1,22.3,1.2
12.224,9,23681.4,14066.6,15.0,23666.2,14062.9,23.4,23697.4,14116.5,55.9,1.0
12.224,10,23493.3,14303.6,15.0,23477.5,14332.3,37.8,23505.7,14303.9,22.6,1.5
12.224,11,23511.6,15151.6,15.0,23460.6,15136.2,55.2,23516.9,15167.1,23.3,0.9
12.224,12,23586.0,14448.4,15.0,23600.3,14448.7,25.6,23578.8,14431.3,22.2,1.2
12.224,13,23521.9,15293.1,15.0,23527.8,15277.8,25.9,23500.7,15300.6,23.4,1.0
12.249,0,23692.2,15277.2,15.0,23701.0,15288.1,22.7,23707.8,15233.7,50.4,1.3
12.249,1,23632.5,15136.9,15.0,23644.0,15134.9,22.5,23617.8,15110.6,37.2,1.3
12.249,2,23669.7,14449.1,15.0,23661.0,14463.8,22.8,23685.7,14458.0,28.9,1.3
12.249,3,23646.2,14406.3,15.0,23630.7,14398.8,22.8,23659.6,14453.8,47.6,1.0
12.249,4,23610.6,15061.2,15.0,23594.6,15065.8,25.4,23630.1,15072.3,23.2,1.0
12.249,5,23559.1,14511.3,15.0,23544.9,14496.2,23.3,23565.8,14533.8,22.4,1.2
12.249,6,23591.3,14890.3,15.0,23603.7,14889.2,22.9,23575.6,14859.7,40.2,1.3
12.249,7,23682.6,14195.0,15.0,23672.4,14201.8,22.6,23697.4,14213.7,32.6,1.2
12.249,8,23396.6,15269.7,15.0,23429.7,15286.2,26.1,23375.9,15246.9,22.4,1.2
12.249,9,23681.4,14064.1,15.0,23667.1,14062.6,23.4,23697.5,14109.4,53.2,1.0
12.249,10,23493.3,14300.0,15.0,23477.3,14323.4,34.1,23504.5,14304.0,22.4,1.5
12.249,11,23513.7,15151.6,15.0,23465.1,15135.9,55.0,23517.2,15166.4,23.2,0.9
12.249,12,23586.0,14451.5,15.0,23600.1,14462.6,23.4,23579.3,14430.4,22.2,1.2
12.249,13,23524.5,15293.1,15.0,23542.3,15277.9,24.3,23499.4,15300.1,23.4,1.0
12.278,0,23689.5,15279.8,15.0,23697.7,15289.6,22.7,23705.0,15244.3,44.0,1.3
12.278,1,23632.5,15140.6,15.0,23642.9,15135.4,22.4,23617.8,15120.1,33.3,1.3
12.278,2,23669.7,14445.4,15.0,23661.8,14464.4,22.8,23685.5,14444.4,26.3,1.3
12.278,3,23646.2,14403.2,15.0,23631.4,14397.8,22.8,23660.4,14451.1,51.8,1.0
12.278,4,23608.6,15058.9,15.0,23585.4,15054.9,24.2,23630.1,15073.2,23.2,1.0
12.278,5,23559.1,14507.8,15.0,23544.6,14486.1,22.7,23565.5,14533.6,22.4,1.2
12.278,6,23591.3,14894.1,15.0,23602.6,14889.8,22.8,23575.7,14870.9,35.3,1.3
12.278,7,23682.6,14191.5,15.0,23673.5,14202.1,22.6,23697.5,14205.2,30.3,1.2
12.278,8,23393.2,15268.8,15.0,23431.0,15287.3,30.3,23373.8,15246.0,22.5,1.2
12.278,9,23681.4,14061.1,15.0,23668.1,14061.9,23.4,23697.3,14098.6,46.9,1.0
12.278,10,23493.3,14295.7,15.0,23477.2,14314.3,31.8,23503.4,14303.9,22.3,1.5
12.278,11,23516.2,15151.6,15.0,23470.8,15135.7,53.4,23517.9,15165.7,23.3,0.9
12.278,12,23586.0,14455.0,15.0,23600.3,14474.2,22.6,23579.6,14430.5,22.3,1.2
12.278,13,23527.5,15293.1,15.0,23553.0,15277.7,23.9,23499.1,15299.9,23.4,1.0
12.309,0,23686.3,15282.1,15.0,23694.9,15290.1,22.6,23698.2,15255.4,36.5,1.3
12.309,1,23632.5,15144.5,15.0,23641.7,15135.0,22.3,23617.6,15129.7,30.4,1.3
12.309,2,23669.7,14441.4,15.0,23662.5,14465.4,22.9,23685.3,14426.6,23.9,1.3
12.309,3,23646.1,14399.9,15.0,23632.4,14396.9,22.7,23660.9,14445.2,52.4,1.0
12.309,4,23606.5,15056.4,15.0,23577.7,15046.2,23.8,23630.2,15074.0,23.2,1.0
12.309,5,23559.1,14504.1,15.0,23544.0,14479.0,22.4,23565.6,14533.3,22.8,1.2
12.309,6,23591.3,14898.0,15.0,23601.3,14889.4,22.7,23575.6,14880.7,31.8,1.3
12.309,7,23682.6,14187.8,15.0,23674.6,14203.1,22.6,23697.5,14193.3,27.5,1.2
12.309,8,23389.6,15267.9,15.0,23431.9,15288.6,36.2,23373.3,15245.7,22.7,1.2
12.309,9,23681.4,14058.0,15.0,23669.3,14061.9,23.4,23696.9,14085.1,39.3,1.0
12.309,10,23493.2,14291.2,15.0,23477.2,14301.6,28.8,23502.1,14304.6,22.2,1.5
12.309,11,23518.9,15151.6,15.0,23481.0,15136.0,47.1,23518.4,15164.7,23.3,0.9
12.309,12,23586.0,14458.9,15.0,23600.8,14482.7,22.2,23579.7,14430.7,22.6,1.2
12.309,13,23530.8,15293.1,15.0,23560.7,15277.2,23.7,23498.9,15299.9,23.6,1.0
12.335,0,23683.4,15283.6,15.0,23694.1,15289.3,22.5,23692.7,15261.4,32.2,1.3
12.335,1,23632.5,15147.8,15.0,23640.5,15133.3,22.3,23617.7,15141.3,27.5,1.3
12.335,2,23669.7,14438.0,15.0,23662.7,14466.8,23.0,23685.7,14414.4,22.9,1.3
12.335,3,23646.1,14397.2,15.0,23633.5,14396.8,22.7,23660.9,14435.7,47.4,1.0
12.335,4,23604.8,15054.4,15.0,23573.5,15042.0,23.5,23630.6,15074.7,23.5,1.0
12.335,5,23559.0,14501.1,15.0,23543.2,14475.7,22.2,23566.0,14534.1,24.3,1.2
12.335,6,23591.3,14901.3,15.0,23600.0,14887.4,22.7,23575.6,14891.6,29.1,1.3
12.335,7,23682.6,14184.7,15.0,23675.5,14205.0,22.6,23697.3,14177.7,24.5,1.2
12.335,8,23386.6,15267.1,15.0,23431.5,15289.7,41.3,23374.7,15246.3,22.9,1.2
12.335,9,23681.4,14055.3,15.0,23670.6,14063.2,23.4,23696.9,14074.5,34.2,1.0
12.335,10,23493.2,14287.4,15.0,23477.4,14285.2,25.1,23501.1,14306.5,22.3,1.5
12.335,11,23521.1,15151.6,15.0,23492.1,15136.3,40.4,23518.0,15163.7,23.2,0.9
12.335,12,23586.0,14462.1,15.0,23601.5,14486.6,21.9,23579.4,14430.2,23.8,1.2
12.335,13,23533.5,15293.1,15.0,23563.9,15276.3,23.4,23498.0,15300.2,24.7,1.0
12.361,0,23680.3,15284.8,15.0,23693.8,15289.2,22.4,23687.3,15265.7,30.1,1.3
12.361,1,23632.5,15151.0,15.0,23639.7,15132.3,22.3,23617.9,15154.6,24.9,1.3
12.361,2,23669.7,14434.7,15.0,23662.6,14466.8,23.5,23686.4,14409.4,22.5,1.3
12.361,3,23646.1,14394.5,15.0,23634.5,14396.5,22.7,23660.7,14424.7,41.0,1.0
12.361,4,23603.1,15052.3,15.0,23571.3,15040.1,23.2,23631.0,15074.9,24.7,1.0
12.361,5,23559.0,14498.0,15.0,23542.7,14473.3,22.3,23566.6,14535.1,27.2,1.2
12.361,6,23591.3,14904.6,15.0,23599.1,14886.1,22.7,23575.7,14904.9,26.4,1.3
12.361,7,23682.6,14181.6,15.0,23675.9,14205.8,22.6,23697.2,14163.7,23.3,1.2
12.361,8,23383.7,15266.4,15.0,23429.0,15289.9,43.6,23375.1,15246.8,23.0,1.2
12.361,9,23681.4,14052.7,15.0,23671.7,14064.3,23.4,23697.0,14066.7,31.5,1.0
12.361,10,23493.2,14283.7,15.0,23477.4,14270.8,23.1,23500.6,14307.3,22.4,1.5
12.361,11,23523.3,15151.6,15.0,23501.5,15136.5,35.9,23517.7,15162.8,23.3,0.9
12.361,12,23586.0,14465.2,15.0,23602.1,14489.3,22.0,23578.8,14429.5,26.2,1.2
12.361,13,23536.2,15293.1,15.0,23565.9,15275.7,23.4,23497.0,15300.8,27.1,1.0
12.385,0,23677.4,15285.7,15.0,23694.1,15289.4,22.4,23678.9,15269.6,27.4,1.3
12.385,1,23632.5,15154.1,15.0,23639.2,15131.3,22.4,23618.0,15169.1,23.3,1.3
12.385,2,23669.7,14431.6,15.0,23662.3,14467.4,25.2,23687.0,14406.0,22.4,1.3
12.385,3,23646.1,14391.9,15.0,23635.5,14396.7,22.8,23660.4,14413.0,35.2,1.0
12.385,4,23601.5,15050.4,15.0,23569.7,15038.8,23.2,23632.0,15075.6,27.1,1.0
12.385,5,23559.0,14495.1,15.0,23542.2,14471.9,22.4,23567.5,14537.0,31.8,1.2
12.385,6,23591.3,14907.7,15.0,23598.5,14884.9,22.7,23575.9,14920.1,23.9,1.3
12.385,7,23682.6,14178.6,15.0,23676.1,14206.5,22.7,23697.5,14154.1,22.8,1.2
12.385,8,23380.8,15265.7,15.0,23425.7,15289.9,45.2,23375.0,15247.3,23.0,1.2
12.385,9,23681.4,14050.2,15.0,23672.7,14065.8,23.4,23697.1,14058.5,29.5,1.0
12.385,10,23493.2,14280.2,15.0,23477.0,14260.6,22.1,23500.4,14307.9,22.6,1.5
12.385,11,23525.4,15151.6,15.0,23507.6,15136.3,33.1,23516.9,15161.9,23.2,0.9
12.385,12,23586.0,14468.3,15.0,23602.5,14491.2,22.2,23578.0,14427.5,30.6,1.2
12.385,13,23538.8,15293.1,15.0,23566.9,15275.2,23.4,23494.5,15301.7,31.5,1.0
12.410,0,23674.2,15286.2,15.0,23694.3,15290.4,22.4,23668.0,15272.1,25.0,1.3
12.410,1,23632.5,15157.3,15.0,23639.0,15131.0,22.4,23617.7,15178.6,22.5,1.3
12.410,2,23669.7,14428.4,15.0,23661.6,14468.7,28.2,23687.6,14403.3,22.6,1.3
12.410,3,23646.1,14389.3,15.0,23636.5,14397.1,22.7,23660.5,14406.0,32.1,1.0
12.410,4,23599.8,15048.4,15.0,23568.7,15038.0,23.2,23633.7,15076.8,31.2,1.0
12.410,5,23559.0,14492.1,15.0,23542.1,14472.1,22.5,23568.6,14537.7,36.9,1.2
12.410,6,23591.3,14911.0,15.0,23598.2,14884.4,22.8,23575.7,14931.2,23.0,1.3
12.410,7,23682.6,14175.6,15.0,23676.0,14206.2,23.1,23698.1,14149.8,22.4,1.2
12.410,8,23377.9,15265.0,15.0,23422.3,15289.8,47.9,23374.0,15247.7,23.0,1.2
12.410,9,23681.4,14047.7,15.0,23673.5,14067.1,23.4,23696.9,14046.8,27.0,1.0
12.410,10,23493.2,14276.5,15.0,23476.4,14255.6,21.7,23500.5,14307.6,23.2,1.5
12.410,11,23527.5,15151.6,15.0,23513.9,15136.3,31.1,23516.2,15161.0,23.2,0.9
12.410,12,23586.0,14471.3,15.0,23602.7,14491.4,22.4,23576.9,14426.6,35.6,1.2
12.410,13,23541.4,15293.1,15.0,23566.6,15274.9,23.3,23493.1,15302.7,36.6,1.0
12.436,0,23671.0,15286.3,15.0,23694.5,15292.1,22.5,23655.2,15272.2,23.4,1.3
12.436,1,23632.5,15160.5,15.0,23639.1,15131.1,22.8,23617.2,15184.4,22.1,1.3
12.436,2,23669.7,14425.1,15.0,23660.6,14470.8,33.1,23688.0,14401.5,22.8,1.3
12.436,3,23646.1,14386.6,15.0,23637.5,14398.0,22.7,23660.6,14398.4,29.8,1.0
12.436,4,23598.2,15046.3,15.0,23568.7,15038.3,23.2,23635.3,15077.5,36.3,1.0
12.436,5,23559.0,14489.1,15.0,23542.2,14472.9,22.6,23569.7,14536.7,40.5,1.2
12.436,6,23591.3,14914.2,15.0,23598.1,14884.1,23.1,23575.2,14938.8,22.6,1.3
12.436,7,23682.6,14172.6,15.0,23675.6,14206.4,24.5,23698.8,14146.5,22.3,1.2
12.436,8,23375.0,15264.3,15.0,23419.7,15289.9,52.2,23372.6,15248.1,22.9,1.2
12.436,9,23681.4,14045.1,15.0,23674.1,14068.4,23.4,23696.7,14033.5,24.9,1.0
12.436,10,23493.2,14272.8,15.0,23475.8,14251.6,21.9,23500.9,14308.1,25.2,1.5
12.436,11,23529.6,15151.6,15.0,23520.4,15136.2,29.6,23515.1,15160.2,23.3,0.9
12.436,12,23586.0,14474.5,15.0,23602.7,14491.0,22.6,23575.8,14427.3,39.7,1.2
12.436,13,23544.1,15293.1,15.0,23565.3,15274.8,23.3,23492.9,15303.9,41.4,1.0
12.461,0,23667.8,15286.1,15.0,23694.1,15294.6,22.6,23647.1,15269.5,22.6,1.3
12.461,1,23632.5,15163.7,15.0,23639.3,15131.1,23.9,23616.6,15188.0,22.0,1.3
12.461,2,23669.7,14421.9,15.0,23659.4,14471.9,38.9,23688.1,14401.5,23.1,1.3
12.461,3,23646.1,14384.0,15.0,23638.4,14399.1,22.7,23660.6,14389.6,27.7,1.0
12.461,4,23596.6,15044.3,15.0,23569.5,15039.1,23.2,23636.1,15077.1,41.0,1.0
12.461,5,23559.0,14486.1,15.0,23542.5,14473.4,22.7,23570.7,14534.3,42.7,1.2
12.461,6,23591.3,14917.4,15.0,23598.3,14884.2,23.8,23574.6,14942.9,22.3,1.3
12.461,7,23682.6,14169.5,15.0,23675.0,14207.5,27.2,23699.3,14144.1,22.4,1.2
12.461,8,23372.1,15263.6,15.0,23414.8,15289.1,53.2,23371.3,15248.7,22.8,1.2
12.461,9,23681.4,14042.6,15.0,23674.5,14069.5,23.4,23696.7,14020.6,24.2,1.0
12.461,10,23493.2,14269.2,15.0,23475.4,14248.3,22.2,23501.6,14309.7,28.8,1.5
12.461,11,23531.8,15151.6,15.0,23529.8,15136.3,27.4,23514.0,15159.6,23.2,0.9
12.461,12,23586.0,14477.6,15.0,23602.4,14490.6,22.7,23574.7,14429.3,42.4,1.2
12.461,13,23546.7,15293.1,15.0,23563.5,15275.0,23.4,23494.1,15305.0,44.7,1.0
12.486,0,23664.7,15285.5,15.0,23692.9,15297.5,22.9,23643.8,15265.7,22.2,1.3
12.486,1,23632.5,15166.8,15.0,23639.9,15130.4,26.3,23616.0,15190.9,22.1,1.3
12.486,2,23669.7,14418.7,15.0,23658.2,14471.0,43.0,23688.0,14402.1,23.4,1.3
12.486,3,23646.1,14381.4,15.0,23639.1,14400.2,22.8,23660.4,14377.9,25.5,1.0
12.486,4,23595.0,15042.2,15.0,23570.8,15040.2,23.2,23636.0,15075.8,44.2,1.0
12.486,5,23558.9,14483.2,15.0,23542.9,14473.4,22.8,23571.6,14531.1,44.1,1.2
12.486,6,23591.3,14920.6,15.0,23598.8,14883.4,26.1,23574.0,14945.9,22.4,1.3
12.486,7,23682.6,14166.5,15.0,23674.1,14209.4,31.7,23699.8,14142.4,22.6,1.2
12.486,8,23369.2,15262.9,15.0,23407.4,15287.3,50.2,23370.1,15249.3,22.8,1.2
12.486,9,23681.4,14040.1,15.0,23674.6,14070.2,23.4,23697.0,14011.6,24.0,1.0
12.486,10,23493.2,14265.5,15.0,23475.0,14246.1,22.6,23502.7,14311.5,33.9,1.5
12.486,11,23533.9,15151.6,15.0,23540.1,15136.5,25.7,23512.9,15159.0,23.3,0.9
12.486,12,23586.0,14480.6,15.0,23602.0,14490.7,22.8,23573.8,14432.6,43.5,1.2
12.486,13,23549.3,15293.1,15.0,23562.4,15275.4,23.4,23497.1,15306.0,45.8,1.0
12.511,0,23661.6,15284.6,15.0,23691.4,15300.9,24.2,23642.9,15261.8,22.1,1.3
12.511,1,23632.5,15170.0,15.0,23640.7,15128.5,30.7,23615.6,15192.9,22.3,1.3
12.511,2,23669.7,14415.4,15.0,23657.0,14468.5,45.3,23687.7,14402.3,23.5,1.3
12.511,3,23646.1,14378.7,15.0,23639.6,14401.2,22.7,23660.2,14364.6,23.8,1.0
12.511,4,23593.4,15040.2,15.0,23571.7,15040.6,23.2,23634.7,15073.1,45.3,1.0
12.511,5,23558.9,14480.2,15.0,23543.5,14472.5,22.7,23572.5,14527.7,46.8,1.2
12.511,6,23591.3,14923.8,15.0,23599.7,14881.4,30.2,23573.5,14948.0,22.6,1.3
12.511,7,23682.6,14163.5,15.0,23673.0,14210.4,37.1,23699.9,14142.7,22.7,1.2
12.511,8,23366.3,15262.3,15.0,23396.8,15284.5,43.9,23369.1,15250.1,22.7,1.2
12.511,9,23681.4,14037.5,15.0,23674.5,14070.3,23.7,23697.6,14007.2,23.7,1.0
12.511,10,23493.2,14261.9,15.0,23475.0,14245.2,23.2,23503.9,14312.2,39.7,1.5
12.511,11,23536.1,15151.6,15.0,23551.6,15136.6,24.3,23512.0,15158.6,23.2,0.9
12.511,12,23586.0,14483.7,15.0,23601.5,14491.9,22.7,23572.9,14436.0,46.2,1.2
12.511,13,23551.9,15293.1,15.0,23562.0,15276.0,23.4,23500.2,15306.9,47.9,1.0
12.537,0,23658.6,15283.2,15.0,23689.8,15305.1,26.7,23643.2,15258.1,22.2,1.3
12.537,1,23632.5,15173.2,15.0,23641.8,15127.5,35.9,23615.4,15193.4,22.5,1.3
12.537,2,23669.7,14412.1,15.0,23656.0,14465.1,47.0,23687.2,14401.8,23.6,1.3
12.537,3,23646.1,14376.0,15.0,23639.9,14401.8,22.7,23660.3,14353.6,23.3,1.0
12.537,4,23591.8,15038.1,15.0,23572.3,15040.3,23.2,23633.4,15070.3,47.3,1.0
12.537,5,23558.9,14477.2,15.0,23544.1,14471.3,22.7,23573.3,14525.0,50.9,1.2
12.537,6,23591.3,14927.0,15.0,23600.8,14880.0,35.5,23573.2,14949.0,22.8,1.3
12.537,7,23682.6,14160.4,15.0,23671.9,14209.6,41.1,23699.9,14143.4,22.9,1.2
12.537,8,23363.3,15261.6,15.0,23385.2,15281.5,37.3,23368.5,15251.0,22.7,1.2
12.537,9,23681.4,14034.9,15.0,23674.2,14070.6,24.7,23698.3,14004.3,23.4,1.0
12.537,10,23493.2,14258.2,15.0,23475.2,14244.7,23.5,23505.2,14310.6,43.5,1.5
12.537,11,23538.2,15151.6,15.0,23561.1,15136.5,23.9,23511.3,15158.3,23.2,0.9
12.537,12,23586.0,14486.9,15.0,23600.9,14493.2,22.7,23572.0,14439.0,50.0,1.2
12.537,13,23554.6,15293.1,15.0,23562.2,15276.6,23.4,23503.2,15307.8,51.1,1.0
12.562,0,23655.9,15281.7,15.0,23688.5,15310.3,31.3,23644.6,15255.2,22.4,1.3
12.562,1,23632.5,15176.4,15.0,23643.0,15128.0,40.3,23615.4,15193.0,22.8,1.3
12.562,2,23669.7,14408.9,15.0,23655.0,14461.4,50.1,23686.6,14400.6,23.5,1.3
12.562,3,23646.1,14373.4,15.0,23639.9,14402.2,22.8,23660.7,14346.0,23.2,1.0
12.562,4,23590.2,15036.0,15.0,23572.7,15039.7,23.2,23632.1,15067.7,50.5,1.0
12.562,5,23558.9,14474.2,15.0,23544.9,14470.2,22.6,23573.8,14520.2,52.1,1.2
12.562,6,23591.3,14930.2,15.0,23602.0,14879.6,40.8,23573.2,14948.6,23.1,1.3
12.562,7,23682.6,14157.4,15.0,23670.8,14207.4,43.6,23699.6,14144.1,23.0,1.2
12.562,8,23360.4,15261.0,15.0,23376.3,15279.5,33.2,23368.5,15252.2,22.6,1.2
12.562,9,23681.4,14032.4,15.0,23673.7,14071.4,26.8,23698.9,14002.3,23.4,1.0
12.562,10,23493.2,14254.5,15.0,23475.5,14243.7,23.7,23506.3,14307.5,45.3,1.5
12.562,11,23540.4,15151.6,15.0,23568.6,15136.3,23.8,23510.7,15158.2,23.3,0.9
12.562,12,23586.0,14490.0,15.0,23600.1,14494.6,22.6,23571.4,14443.2,52.2,1.2
12.562,13,23557.2,15293.1,15.0,23562.5,15277.4,23.4,23505.5,15308.7,55.8,1.0
12.587,0,23653.2,15279.9,15.0,23686.9,15313.8,36.7,23646.2,15254.2,22.7,1.3
12.587,1,23632.5,15179.5,15.0,23644.1,15130.0,43.0,23615.7,15192.7,22.9,1.3
12.587,2,23669.7,14405.7,15.0,23654.0,14458.8,54.8,23685.9,14399.0,23.4,1.3
12.587,3,23646.1,14370.7,15.0,23639.8,14401.9,23.2,23661.3,14342.6,22.8,1.0
12.587,4,23588.7,15033.9,15.0,23573.1,15038.9,23.2,23631.2,15065.6,54.8,1.0
12.587,5,23558.9,14471.2,15.0,23545.8,14469.2,22.5,23573.9,14512.9,49.5,1.2
12.587,6,23591.3,14933.4,15.0,23603.2,14881.1,44.2,23573.4,14947.9,23.4,1.3
12.587,7,23682.6,14154.4,15.0,23669.8,14204.1,44.9,23699.1,14144.1,23.0,1.2
12.587,8,23357.5,15260.3,15.0,23368.7,15277.9,30.6,23368.9,15253.3,22.6,1.2
12.587,9,23681.4,14029.8,15.0,23672.9,14073.7,31.0,23699.4,14001.3,23.4,1.0
12.587,10,23493.1,14250.9,15.0,23476.0,14241.7,23.6,23507.4,14303.8,47.7,1.5
12.587,11,23542.5,15151.6,15.0,23572.1,15135.8,23.6,23510.6,15158.3,23.5,0.9
12.587,12,23586.0,14493.0,15.0,23599.3,14495.9,22.5,23571.1,14450.0,50.5,1.2
12.587,13,23559.9,15293.1,15.0,23563.0,15278.3,23.4,23511.2,15309.1,55.4,1.0
12.612,0,23650.6,15278.1,15.0,23686.0,15314.2,40.9,23646.3,15254.5,22.9,1.3
12.612,1,23632.5,15182.7,15.0,23645.1,15133.4,44.2,23616.1,15192.9,23.0,1.3
12.612,2,23669.7,14402.5,15.0,23653.5,14453.3,55.5,23685.1,14397.6,23.2,1.3
12.612,3,23646.1,14368.1,15.0,23639.4,14402.4,24.8,23661.9,14340.2,22.8,1.0
12.612,4,23587.1,15031.8,15.0,23573.4,15037.9,23.2,23628.2,15061.4,54.7,1.0
12.612,5,23558.9,14468.3,15.0,23546.7,14468.4,22.5,23573.7,14502.1,43.2,1.2
12.612,6,23591.3,14936.6,15.0,23604.2,14884.5,45.5,23573.8,14948.1,23.4,1.3
12.612,7,23682.6,14151.4,15.0,23668.9,14200.7,47.7,23698.6,14143.2,23.0,1.2
12.612,8,23354.6,15259.7,15.0,23360.2,15276.2,28.6,23369.7,15254.5,22.6,1.2
12.612,9,23681.4,14027.3,15.0,23671.9,14075.3,35.9,23699.7,14001.4,23.4,1.0
12.612,10,23493.1,14247.3,15.0,23476.5,14239.2,23.4,23508.4,14300.3,51.3,1.5
12.612,11,23544.6,15151.6,15.0,23574.7,15135.2,23.3,23510.6,15158.5,24.0,0.9
12.612,12,23586.0,14496.1,15.0,23598.4,14496.9,22.4,23571.3,14460.6,44.1,1.2
12.612,13,23562.5,15293.1,15.0,23563.3,15279.2,23.4,23519.4,15309.1,51.2,1.0
12.637,0,23648.0,15276.4,15.0,23683.9,15313.7,43.6,23646.2,15255.0,23.1,1.3
12.637,1,23632.5,15185.8,15.0,23646.0,15136.8,47.0,23616.6,15194.1,22.9,1.3
12.637,2,23669.7,14399.3,15.0,23653.3,14444.9,51.9,23684.1,14396.3,23.1,1.3
12.637,3,23646.1,14365.5,15.0,23638.8,14403.7,27.7,23662.5,14338.6,22.8,1.0
12.637,4,23585.6,15029.8,15.0,23573.9,15037.0,23.2,23623.6,15055.4,51.1,1.0
12.637,5,23558.8,14465.4,15.0,23547.7,14468.0,22.5,23573.3,14490.6,36.9,1.2
12.637,6,23591.3,14939.7,15.0,23605.2,14887.9,47.9,23574.4,14949.0,23.4,1.3
12.637,7,23682.6,14148.4,15.0,23668.0,14198.1,51.9,23697.9,14142.1,22.9,1.2
12.637,8,23351.7,15259.2,15.0,23348.4,15273.5,26.0,23370.6,15255.4,22.6,1.2
12.637,9,23681.4,14024.8,15.0,23670.7,14076.0,41.0,23699.8,14002.6,23.4,1.0
12.637,10,23493.1,14243.7,15.0,23477.2,14236.8,23.2,23509.3,14297.0,55.6,1.5
12.637,11,23546.7,15151.6,15.0,23576.4,15134.7,23.3,23509.9,15158.8,25.6,0.9
12.637,12,23586.0,14499.2,15.0,23597.4,14497.4,22.3,23571.6,14472.1,37.7,1.2
12.637,13,23565.1,15293.1,15.0,23563.5,15280.2,23.4,23530.4,15308.9,44.7,1.0
12.662,0,23645.2,15274.7,15.0,23680.8,15312.5,44.8,23645.5,15255.1,23.2,1.3
12.662,1,23632.5,15189.0,15.0,23646.9,15139.7,50.8,23617.3,15195.7,22.8,1.3
12.662,2,23669.7,14396.1,15.0,23653.6,14433.2,45.1,23683.1,14395.4,23.0,1.3
12.662,3,23646.1,14362.9,15.0,23637.9,14405.3,31.9,23662.9,14337.5,22.8,1.0
12.662,4,23584.1,15027.6,15.0,23574.5,15036.1,23.2,23617.1,15047.1,45.0,1.0
12.662,5,23558.8,14462.4,15.0,23548.8,14468.1,22.4,23573.2,14481.6,33.0,1.2
12.662,6,23591.3,14943.0,15.0,23606.2,14891.0,51.6,23575.0,14950.4,23.3,1.3
12.662,7,23682.6,14145.4,15.0,23667.4,14193.5,53.5,23697.1,14141.0,22.9,1.2
12.662,8,23348.7,15258.6,15.0,23335.0,15270.6,23.9,23371.3,15256.1,22.6,1.2
12.662,9,23681.4,14022.2,15.0,23669.6,14074.9,44.1,23699.7,14004.3,23.4,1.0
12.662,10,23493.1,14240.0,15.0,23478.0,14234.3,23.0,23509.7,14290.1,54.6,1.5
12.662,11,23548.9,15151.6,15.0,23577.7,15134.2,23.3,23508.8,15159.4,28.0,0.9
12.662,12,23586.0,14502.3,15.0,23596.3,14497.5,22.3,23571.7,14481.8,33.4,1.2
12.662,13,23567.7,15293.1,15.0,23563.4,15281.3,23.4,23542.2,15308.5,38.3,1.0
12.690,0,23642.2,15272.8,15.0,23677.2,15310.9,47.7,23643.6,15254.7,23.1,1.3
12.690,1,23632.5,15192.6,15.0,23647.5,15144.4,53.1,23618.0,15197.5,22.7,1.3
12.690,2,23669.7,14392.5,15.0,23653.9,14419.9,38.2,23682.0,14394.6,23.0,1.3
12.690,3,23646.1,14359.9,15.0,23636.8,14405.9,37.0,23663.1,14337.9,22.7,1.0
12.690,4,23582.4,15025.2,15.0,23575.1,15035.2,23.2,23609.8,15037.7,38.4,1.0
12.690,5,23558.8,14459.0,15.0,23549.8,14468.3,22.4,23573.3,14473.4,30.3,1.2
12.690,6,23591.3,14946.6,15.0,23607.0,14894.8,55.5,23575.7,14952.3,23.2,1.3
12.690,7,23682.6,14142.0,15.0,23667.2,14186.0,51.3,23696.2,14139.5,22.8,1.2
12.690,8,23345.4,15257.9,15.0,23322.9,15268.4,23.1,23371.6,15256.4,22.6,1.2
12.690,9,23681.4,14019.4,15.0,23668.7,14072.1,45.8,23699.3,14005.2,23.4,1.0
12.690,10,23493.1,14235.9,15.0,23478.9,14232.2,22.8,23509.6,14279.0,48.6,1.5
12.690,11,23551.3,15151.6,15.0,23578.9,15133.9,23.3,23507.4,15160.1,31.6,0.9
12.690,12,23586.0,14505.7,15.0,23595.3,14497.6,22.3,23571.6,14490.0,30.6,1.2
12.690,13,23570.7,15293.1,15.0,23563.1,15282.4,23.3,23551.4,15308.6,34.2,1.0
12.722,0,23638.8,15270.8,15.0,23674.0,15309.6,52.3,23641.3,15254.2,23.0,1.3
12.722,1,23632.5,15196.5,15.0,23647.8,15153.0,50.5,23619.0,15199.5,22.6,1.3
12.722,2,23669.7,14388.4,15.0,23653.8,14409.5,33.8,23680.7,14394.6,22.9,1.3
12.722,3,23646.1,14356.6,15.0,23635.6,14404.7,41.0,23663.0,14339.1,22.7,1.0
12.722,4,23580.6,15022.6,15.0,23576.3,15034.8,23.2,23603.8,15029.5,33.8,1.0
12.722,5,23558.8,14455.3,15.0,23550.9,14468.9,22.4,23573.3,14463.3,28.0,1.2
12.722,6,23591.3,14950.6,15.0,23607.4,14902.7,54.3,23576.7,14954.3,23.1,1.3
12.722,7,23682.6,14138.3,15.0,23667.4,14173.1,44.0,23695.1,14138.2,22.7,1.2
12.722,8,23341.8,15257.2,15.0,23313.9,15267.2,22.7,23371.5,15256.4,22.8,1.2
12.722,9,23681.4,14016.2,15.0,23667.6,14068.4,47.6,23698.7,14005.6,23.4,1.0
12.722,10,23493.1,14231.4,15.0,23480.1,14230.3,22.6,23509.2,14264.5,40.6,1.5
12.722,11,23553.9,15151.6,15.0,23578.7,15133.6,23.2,23506.3,15161.1,36.4,0.9
12.722,12,23586.0,14509.6,15.0,23594.2,14497.0,22.3,23571.5,14499.6,28.5,1.2
12.722,13,23573.9,15293.1,15.0,23562.2,15283.6,23.3,23560.5,15308.7,31.2,1.0
12.748,0,23635.9,15269.0,15.0,23668.9,15306.8,53.3,23639.6,15254.4,22.8,1.3
12.748,1,23632.5,15199.8,15.0,23647.5,15166.2,42.4,23620.2,15200.1,22.5,1.3
12.748,2,23669.7,14385.1,15.0,23653.7,14399.6,30.9,23679.3,14396.4,22.8,1.3
12.748,3,23646.1,14353.8,15.0,23634.4,14402.3,43.3,23662.6,14340.9,22.7,1.0
12.748,4,23579.1,15020.3,15.0,23578.2,15035.5,23.2,23598.8,15022.1,30.7,1.0
12.748,5,23558.8,14452.2,15.0,23551.8,14470.7,22.4,23573.0,14448.7,25.0,1.2
12.748,6,23591.3,14953.9,15.0,23607.2,14916.1,45.7,23577.9,14955.0,22.9,1.3
12.748,7,23682.6,14135.1,15.0,23667.8,14158.6,36.0,23693.8,14138.5,22.7,1.2
12.748,8,23338.7,15256.6,15.0,23309.9,15267.4,22.3,23372.0,15256.1,23.8,1.2
12.748,9,23681.4,14013.5,15.0,23666.5,14065.3,51.5,23697.9,14005.9,23.4,1.0
12.748,10,23493.1,14227.5,15.0,23481.6,14230.7,22.4,23509.1,14252.0,34.8,1.5
12.748,11,23556.2,15151.6,15.0,23577.0,15133.5,23.2,23505.7,15162.2,41.1,0.9
12.748,12,23586.0,14512.8,15.0,23593.2,14495.3,22.3,23571.7,14514.0,25.4,1.2
12.748,13,23576.7,15293.1,15.0,23559.9,15284.8,23.3,23571.6,15308.7,28.4,1.0
12.774,0,23633.1,15267.4,15.0,23661.2,15301.9,48.7,23637.9,15254.6,22.7,1.3
12.774,1,23632.5,15203.1,15.0,23647.2,15179.0,35.9,23621.3,15200.5,22.5,1.3
12.774,2,23669.7,14381.8,15.0,23653.8,14387.7,28.0,23678.2,14397.8,22.8,1.3
12.774,3,23646.1,14351.1,15.0,23633.5,14399.1,45.0,23662.1,14341.4,22.7,1.0
12.774,4,23577.6,15018.1,15.0,23579.7,15036.1,23.2,23593.5,15014.4,28.4,1.0
12.774,5,23558.8,14449.2,15.0,23552.4,14471.6,22.4,23572.8,14434.2,23.3,1.2
12.774,6,23591.3,14957.2,15.0,23606.8,14929.1,38.5,23579.1,14955.3,22.9,1.3
12.774,7,23682.6,14132.0,15.0,23667.7,14150.5,32.5,23692.7,14139.0,22.6,1.2
12.774,8,23335.7,15256.1,15.0,23307.2,15267.6,22.4,23372.8,15255.6,26.0,1.2
12.774,9,23681.4,14010.9,15.0,23665.6,14063.1,56.2,23697.2,14005.7,23.4,1.0
12.774,10,23493.1,14223.8,15.0,23482.8,14231.2,22.3,23509.2,14243.2,32.1,1.5
12.774,11,23558.4,15151.6,15.0,23575.5,15133.7,23.2,23506.7,15163.2,43.9,0.9
12.774,12,23586.0,14516.0,15.0,23592.6,14494.4,22.3,23571.9,14528.5,23.3,1.2
12.774,13,23579.4,15293.1,15.0,23558.4,15285.6,23.4,23584.6,15308.5,26.0,1.0
12.798,0,23630.4,15265.8,15.0,23651.5,15295.6,42.0,23636.7,15255.1,22.6,1.3
12.798,1,23632.5,15206.2,15.0,23647.3,15187.0,32.5,23622.4,15200.1,22.4,1.3
12.798,2,23669.7,14378.6,15.0,23654.0,14373.8,25.3,23677.4,14399.1,22.8,1.3
12.798,3,23646.1,14348.6,15.0,23632.7,14396.1,47.8,23661.5,14341.2,22.8,1.0
12.798,4,23576.2,15016.0,15.0,23581.1,15036.9,23.2,23586.6,15004.4,26.1,1.0
12.798,5,23558.8,14446.2,15.0,23552.6,14472.2,22.4,23573.0,14424.2,22.7,1.2
12.798,6,23591.3,14960.3,15.0,23606.8,14938.7,34.2,23580.3,14954.9,22.8,1.3
12.798,7,23682.6,14129.1,15.0,23667.6,14142.4,30.1,23691.6,14139.9,22.6,1.2
12.798,8,23332.8,15255.5,15.0,23305.6,15267.8,22.5,23375.1,15255.0,30.4,1.2
12.798,9,23681.4,14008.4,15.0,23665.3,14057.5,55.6,23696.3,14005.3,23.4,1.0
12.798,10,23493.1,14220.3,15.0,23484.0,14232.2,22.3,23509.2,14233.4,29.8,1.5
12.798,11,23560.5,15151.6,15.0,23574.4,15134.0,23.2,23508.9,15164.0,45.1,0.9
12.798,12,23586.0,14519.0,15.0,23592.3,14493.9,22.3,23571.7,14539.1,22.5,1.2
12.798,13,23581.9,15293.1,15.0,23557.1,15286.1,23.4,23599.1,15308.3,24.4,1.0
12.824,0,23627.6,15264.2,15.0,23641.2,15289.1,35.9,23635.7,15255.7,22.6,1.3
12.824,1,23632.5,15209.4,15.0,23647.4,15195.0,30.2,23623.4,15199.6,22.3,1.3
12.824,2,23669.7,14375.3,15.0,23654.1,14359.2,23.7,23676.9,14400.0,22.9,1.3
12.824,3,23646.1,14345.9,15.0,23631.9,14393.8,52.0,23660.8,14340.6,22.8,1.0
12.824,4,23574.7,15013.8,15.0,23581.9,15037.5,23.2,23579.1,14993.2,24.3,1.0
12.824,5,23558.7,14443.2,15.0,23552.6,14472.0,22.7,23573.5,14418.1,22.4,1.2
12.824,6,23591.3,14963.6,15.0,23607.0,14946.9,31.6,23581.4,14954.4,22.7,1.3
12.824,7,23682.6,14126.0,15.0,23667.6,14132.6,27.8,23690.7,14140.8,22.6,1.2
12.824,8,23329.9,15255.0,15.0,23305.3,15268.1,22.7,23376.4,15254.0,35.4,1.2
12.824,9,23681.4,14005.9,15.0,23665.2,14049.6,51.8,23695.4,14004.9,23.4,1.0
12.824,10,23493.1,14216.5,15.0,23484.9,14233.1,22.3,23509.0,14220.6,27.0,1.5
12.824,11,23562.6,15151.6,15.0,23573.9,15134.4,23.3,23511.4,15164.8,46.1,0.9
12.824,12,23586.0,14522.1,15.0,23592.3,14494.0,22.5,23571.2,14546.0,22.2,1.2
12.824,13,23584.6,15293.1,15.0,23556.3,15286.4,23.4,23609.7,15308.5,23.9,1.0
12.848,0,23624.9,15262.7,15.0,23634.5,15285.3,32.6,23635.4,15256.8,22.5,1.3
12.848,1,23632.5,15212.5,15.0,23647.4,15204.7,27.9,23624.4,15198.5,22.3,1.3
12.848,2,23669.7,14372.2,15.0,23653.8,14349.1,22.9,23676.7,14400.7,22.9,1.3
12.848,3,23646.1,14343.3,15.0,23631.4,14388.9,52.5,23660.0,14340.1,22.7,1.0
12.848,4,23573.4,15011.7,15.0,23582.6,15038.3,23.2,23573.2,14983.6,23.8,1.0
12.848,5,23558.7,14440.3,15.0,23552.3,14472.1,23.6,23574.1,14414.7,22.1,1.2
12.848,6,23591.3,14966.6,15.0,23607.0,14956.0,29.4,23582.5,14953.1,22.7,1.3
12.848,7,23682.6,14123.1,15.0,23667.8,14119.9,25.4,23689.9,14142.1,22.6,1.2
12.848,8,23327.0,15254.5,15.0,23306.1,15268.4,22.8,23376.6,15252.7,40.1,1.2
12.848,9,23681.4,14003.4,15.0,23665.5,14038.8,45.3,23694.4,14004.8,23.4,1.0
12.848,10,23493.1,14213.0,15.0,23485.5,14234.2,22.3,23508.8,14205.4,24.1,1.5
12.848,11,23564.7,15151.6,15.0,23573.8,15134.9,23.3,23513.9,15165.5,48.4,0.9
12.848,12,23586.0,14525.1,15.0,23592.5,14494.1,23.3,23570.6,14549.7,21.9,1.2
12.848,13,23587.2,15293.1,15.0,23555.7,15286.4,23.5,23616.9,15308.9,23.8,1.0
12.874,0,23622.1,15261.2,15.0,23627.5,15281.4,30.4,23635.4,15257.9,22.4,1.3
12.874,1,23632.5,15215.7,15.0,23647.2,15217.0,25.5,23625.2,15197.8,22.3,1.3
12.874,2,23669.7,14368.9,15.0,23653.2,14343.8,22.5,23676.8,14400.5,23.4,1.3
12.874,3,23646.1,14340.6,15.0,23631.3,14381.9,49.8,23659.2,14339.4,22.7,1.0
12.874,4,23571.9,15009.4,15.0,23582.7,15038.6,23.3,23569.3,14976.7,23.8,1.0
12.874,5,23558.7,14437.3,15.0,23551.9,14472.3,25.5,23574.6,14411.9,22.2,1.2
12.874,6,23591.3,14969.9,15.0,23606.8,14968.5,26.7,23583.3,14952.2,22.7,1.3
12.874,7,23682.6,14120.0,15.0,23668.0,14105.8,23.6,23689.4,14142.8,22.6,1.2
12.874,8,23324.0,15254.0,15.0,23306.9,15268.3,23.0,23375.0,15251.2,43.1,1.2
12.874,9,23681.4,14000.8,15.0,23665.8,14027.4,39.0,23693.4,14004.9,23.4,1.0
12.874,10,23493.1,14209.3,15.0,23485.9,14234.5,22.4,23509.0,14193.8,22.6,1.5
12.874,11,23566.9,15151.6,15.0,23574.1,15135.4,23.3,23516.1,15166.2,51.1,0.9
12.874,12,23586.0,14528.3,15.0,23593.0,14493.8,25.2,23570.1,14552.6,22.0,1.2
12.874,13,23589.8,15293.1,15.0,23555.9,15286.2,23.9,23620.3,15309.6,23.4,1.0
12.898,0,23619.4,15259.7,15.0,23618.8,15276.5,28.0,23635.9,15259.3,22.4,1.3
12.898,1,23632.5,15218.8,15.0,23647.1,15231.4,23.4,23625.7,15196.8,22.4,1.3
12.898,2,23669.7,14365.8,15.0,23652.5,14340.2,22.4,23677.1,14401.1,24.8,1.3
12.898,3,23646.1,14338.1,15.0,23631.5,14371.5,43.6,23658.2,14339.1,22.8,1.0
12.898,4,23570.6,15007.3,15.0,23582.4,15038.8,23.7,23568.4,14973.5,23.3,1.0
12.898,5,23558.7,14434.4,15.0,23551.1,14474.3,29.6,23575.1,14410.3,22.3,1.2
12.898,6,23591.3,14973.0,15.0,23606.6,14983.2,24.2,23583.9,14950.9,22.7,1.3
12.898,7,23682.6,14117.1,15.0,23667.8,14095.2,22.9,23689.1,14143.5,22.6,1.2
12.898,8,23321.2,15253.5,15.0,23307.4,15268.0,23.0,23372.1,15249.5,44.2,1.2
12.898,9,23681.4,13998.3,15.0,23665.8,14018.4,34.8,23692.3,14005.6,23.4,1.0
12.898,10,23493.1,14205.8,15.0,23486.0,14234.9,22.8,23509.4,14185.7,22.0,1.5
12.898,11,23569.0,15151.6,15.0,23574.3,15136.1,23.3,23518.0,15166.9,54.9,0.9
12.898,12,23586.0,14531.3,15.0,23593.7,14492.0,29.2,23569.6,14554.5,22.2,1.2
12.898,13,23592.4,15293.1,15.0,23555.0,15285.8,25.9,23622.4,15310.3,23.4,1.0
12.924,0,23616.5,15258.2,15.0,23607.9,15270.5,25.5,23636.2,15260.2,22.4,1.3
12.924,1,23632.5,15222.0,15.0,23647.2,15241.8,22.6,23626.0,15196.5,22.4,1.3
12.924,2,23669.7,14362.5,15.0,23652.0,14337.3,22.6,23677.7,14402.0,27.5,1.3
12.924,3,23646.1,14335.4,15.0,23631.8,14360.6,37.5,23657.2,14338.9,22.7,1.0
12.924,4,23569.2,15005.1,15.0,23582.1,15039.4,25.2,23567.8,14971.1,23.2,1.0
12.924,5,23558.7,14431.4,15.0,23550.1,14475.4,34.3,23575.3,14409.7,22.4,1.2
12.924,6,23591.3,14976.3,15.0,23606.7,14995.3,23.1,23584.3,14950.4,22.8,1.3
12.924,7,23682.6,14114.0,15.0,23667.3,14088.6,22.6,23689.1,14143.4,22.9,1.2
12.924,8,23318.2,15253.0,15.0,23306.7,15267.4,23.0,23368.9,15247.9,46.6,1.2
12.924,9,23681.4,13995.7,15.0,23665.7,14010.9,32.0,23691.3,14006.4,23.4,1.0
12.924,10,23493.1,14202.1,15.0,23485.8,14234.6,23.7,23510.0,14180.9,21.7,1.5
12.924,11,23571.1,15151.6,15.0,23574.8,15136.7,23.2,23522.1,15167.3,55.1,0.9
12.924,12,23586.0,14534.4,15.0,23594.7,14490.9,33.8,23569.3,14555.5,22.3,1.2
12.924,13,23595.1,15293.1,15.0,23553.4,15285.1,29.1,23624.0,15310.8,23.4,1.0
12.949,0,23613.7,15256.7,15.0,23595.0,15263.7,23.5,23636.9,15261.0,22.5,1.3
12.949,1,23632.5,15225.1,15.0,23647.7,15248.8,22.2,23626.0,15196.4,22.7,1.3
12.949,2,23669.7,14359.4,15.0,23651.6,14335.3,22.8,23678.7,14404.4,32.3,1.3
12.949,3,23646.1,14332.8,15.0,23631.9,14351.4,33.3,23656.2,14339.3,22.7,1.0
12.949,4,23567.9,15002.9,15.0,23582.1,15041.0,28.0,23567.7,14969.3,23.2,1.0
12.949,5,23558.7,14428.5,15.0,23548.9,14475.4,39.1,23575.4,14410.3,22.6,1.2
12.949,6,23591.3,14979.4,15.0,23607.2,15003.8,22.7,23584.4,14949.9,23.0,1.3
12.949,7,23682.6,14111.1,15.0,23666.6,14084.9,22.3,23689.3,14143.5,23.7,1.2
12.949,8,23315.3,15252.5,15.0,23306.0,15266.7,22.9,23366.1,15246.4,50.3,1.2
12.949,9,23681.4,13993.2,15.0,23665.6,14003.1,30.0,23690.2,14007.8,23.4,1.0
12.949,10,23493.1,14198.5,15.0,23485.3,14235.4,26.1,23510.5,14177.1,21.9,1.5
12.949,11,23573.2,15151.6,15.0,23575.1,15137.5,23.3,23527.3,15167.5,53.9,0.9
12.949,12,23586.0,14537.4,15.0,23595.9,14490.8,38.7,23569.3,14555.2,22.5,1.2
12.949,13,23597.6,15293.1,15.0,23551.4,15284.1,33.8,23624.6,15311.3,23.4,1.0
12.974,0,23610.8,15255.3,15.0,23585.7,15259.3,22.7,23637.1,15261.2,22.5,1.3
12.974,1,23632.5,15228.3,15.0,23648.3,15252.8,21.9,23625.8,15196.6,23.5,1.3
12.974,2,23669.7,14356.1,15.0,23651.4,14335.2,23.1,23679.8,14405.5,38.0,1.3
12.974,3,23646.1,14330.1,15.0,23631.7,14344.0,30.6,23655.2,14339.9,22.7,1.0
12.974,4,23566.5,15000.6,15.0,23582.1,15043.2,32.3,23567.6,14968.1,23.2,1.0
12.974,5,23558.7,14425.5,15.0,23547.8,14473.9,42.2,23575.2,14411.1,22.7,1.2
12.974,6,23591.3,14982.7,15.0,23607.8,15008.2,22.2,23584.3,14950.2,23.5,1.3
12.974,7,23682.6,14108.0,15.0,23666.0,14082.2,22.4,23689.8,14143.9,25.7,1.2
12.974,8,23312.3,15252.1,15.0,23305.0,15265.8,22.9,23362.9,15245.0,53.7,1.2
12.974,9,23681.4,13990.7,15.0,23665.8,13992.0,27.5,23689.4,14009.1,23.4,1.0
12.974,10,23493.0,14194.8,15.0,23484.5,14237.3,30.5,23510.9,14174.2,22.3,1.5
12.974,11,23575.4,15151.6,15.0,23575.4,15138.2,23.2,23535.7,15167.3,48.5,0.9
12.974,12,23586.0,14540.6,15.0,23597.0,14492.4,41.9,23569.5,14554.6,22.7,1.2
12.974,13,23600.3,15293.1,15.0,23550.3,15283.0,39.2,23623.7,15311.5,23.4,1.0
12.999,0,23608.0,15253.8,15.0,23579.6,15257.0,22.3,23637.2,15261.1,22.9,1.3
12.999,1,23632.5,15231.5,15.0,23648.9,15255.7,22.1,23625.3,15196.1,25.6,1.3
12.999,2,23669.7,14352.9,15.0,23651.4,14335.7,23.3,23681.1,14404.9,42.5,1.3
12.999,3,23646.1,14327.5,15.0,23631.7,14336.3,28.7,23654.3,14341.0,22.7,1.0
12.999,4,23565.2,14998.4,15.0,23581.5,15045.0,37.6,23568.5,14968.8,23.2,1.0
12.999,5,23558.7,14422.5,15.0,23546.9,14470.6,43.3,23574.8,14411.3,22.7,1.2
12.999,6,23591.3,14985.9,15.0,23608.4,15011.2,22.4,23583.8,14949.5,25.6,1.3
12.999,7,23682.6,14105.0,15.0,23665.6,14080.3,22.5,23690.6,14145.9,29.8,1.2
12.999,8,23309.3,15251.6,15.0,23304.1,15264.8,22.8,23356.7,15243.5,52.7,1.2
12.999,9,23681.4,13988.1,15.0,23666.0,13979.0,25.3,23688.8,14010.5,23.4,1.0
12.999,10,23493.0,14191.1,15.0,23483.3,14238.8,36.1,23511.1,14172.6,22.8,1.5
12.999,11,23577.5,15151.6,15.0,23575.5,15139.1,23.2,23544.8,15167.1,43.1,0.9
12.999,12,23586.0,14543.7,15.0,23597.9,14495.6,43.1,23569.8,14554.7,22.8,1.2
12.999,13,23602.9,15293.1,15.0,23551.1,15281.8,43.0,23622.0,15311.4,23.3,1.0
13.025,0,23605.0,15252.4,15.0,23575.8,15256.0,22.0,23637.3,15260.6,23.8,1.3
13.025,1,23632.5,15234.7,15.0,23649.4,15257.9,22.3,23624.5,15194.3,29.7,1.3
13.025,2,23669.7,14349.6,15.0,23651.7,14336.0,23.5,23682.3,14402.7,45.2,1.3
13.025,3,23646.1,14324.8,15.0,23631.8,14325.1,26.3,23653.5,14342.1,22.7,1.0
13.025,4,23563.8,14996.1,15.0,23580.1,15045.3,41.8,23569.4,14970.0,23.2,1.0
13.025,5,23558.7,14419.4,15.0,23545.9,14467.2,45.6,23574.3,14410.6,22.7,1.2
13.025,6,23591.3,14989.1,15.0,23608.9,15013.6,22.6,23583.0,14947.7,29.4,1.3
13.025,7,23682.6,14101.9,15.0,23665.3,14079.7,22.7,23691.7,14147.2,34.9,1.2
13.025,8,23306.3,15251.1,15.0,23303.4,15263.8,22.7,23346.5,15242.0,46.6,1.2
13.025,9,23681.4,13985.5,15.0,23666.1,13964.9,24.4,23688.3,14011.7,23.4,1.0
13.025,10,23493.0,14187.4,15.0,23482.0,14238.6,41.1,23511.1,14171.9,23.3,1.5
13.025,11,23579.7,15151.6,15.0,23575.5,15140.0,23.3,23554.7,15166.8,37.9,0.9
13.025,12,23586.0,14546.8,15.0,23598.9,14499.0,45.3,23570.3,14555.6,22.7,1.2
13.025,13,23605.6,15293.1,15.0,23553.2,15280.7,45.3,23620.6,15311.0,23.4,1.0
13.050,0,23602.2,15251.0,15.0,23572.9,15255.4,22.2,23638.2,15260.2,26.1,1.3
13.050,1,23632.5,15237.9,15.0,23649.6,15258.6,22.5,23623.4,15192.9,34.9,1.3
13.050,2,23669.7,14346.4,15.0,23652.2,14335.8,23.6,23683.3,14399.3,46.7,1.3
13.050,3,23646.1,14322.2,15.0,23632.0,14312.4,24.2,23652.9,14343.2,22.7,1.0
13.050,4,23562.6,14993.9,15.0,23578.0,15044.6,44.5,23570.1,14971.6,23.2,1.0
13.050,5,23558.6,14416.5,15.0,23545.0,14464.3,49.0,23573.7,14409.7,22.7,1.2
13.050,6,23591.3,14992.3,15.0,23609.3,15014.7,22.8,23582.0,14945.8,34.6,1.3
13.050,7,23682.6,14098.9,15.0,23665.2,14080.3,22.8,23692.9,14147.4,39.8,1.2
13.050,8,23303.4,15250.7,15.0,23303.2,15262.7,22.7,23335.0,15240.4,39.9,1.2
13.050,9,23681.4,13983.0,15.0,23665.8,13955.9,24.0,23688.1,14012.5,23.4,1.0
13.050,10,23493.0,14183.8,15.0,23480.8,14236.7,44.4,23510.9,14171.4,23.6,1.5
13.050,11,23581.8,15151.6,15.0,23574.9,15140.9,23.2,23562.0,15166.8,34.5,0.9
13.050,12,23586.0,14549.9,15.0,23599.8,14502.1,48.8,23571.0,14556.7,22.7,1.2
13.050,13,23608.2,15293.1,15.0,23556.2,15279.8,46.5,23619.6,15310.6,23.4,1.0
13.074,0,23599.5,15249.7,15.0,23571.0,15255.2,22.4,23640.5,15260.1,30.3,1.3
13.074,1,23632.5,15240.9,15.0,23649.7,15258.3,22.7,23622.3,15192.9,39.6,1.3
13.074,2,23669.7,14343.3,15.0,23652.8,14334.6,23.5,23684.3,14395.9,49.6,1.3
13.074,3,23646.1,14319.7,15.0,23632.1,14299.8,23.5,23652.5,14344.2,22.8,1.0
13.074,4,23561.3,14991.7,15.0,23575.5,15042.6,45.5,23570.4,14972.7,23.2,1.0
13.074,5,23558.6,14413.7,15.0,23544.3,14461.3,52.6,23572.9,14408.7,22.6,1.2
13.074,6,23591.3,14995.3,15.0,23609.4,15014.5,23.1,23580.7,14945.1,40.1,1.3
13.074,7,23682.6,14096.0,15.0,23665.4,14081.3,23.0,23694.0,14146.1,43.1,1.2
13.074,8,23300.6,15250.3,15.0,23303.5,15261.6,22.6,23324.2,15238.9,34.8,1.2
13.074,9,23681.4,13980.6,15.0,23665.3,13950.5,23.8,23688.2,14012.8,23.6,1.0
13.074,10,23493.0,14180.3,15.0,23479.7,14233.3,45.8,23510.5,14170.2,23.7,1.5
13.074,11,23583.9,15151.6,15.0,23574.2,15141.7,23.3,23568.0,15166.9,32.0,0.9
13.074,12,23586.0,14552.8,15.0,23600.5,14505.0,52.5,23571.6,14558.0,22.6,1.2
13.074,13,23610.7,15293.1,15.0,23559.3,15278.9,49.3,23619.6,15310.0,23.4,1.0
13.103,0,23596.1,15248.1,15.0,23569.8,15255.0,22.6,23641.5,15259.1,35.3,1.3
13.103,1,23632.5,15244.6,15.0,23649.5,15258.5,22.9,23621.2,15195.1,42.7,1.3
13.103,2,23669.7,14339.5,15.0,23653.4,14332.5,23.4,23685.3,14392.6,53.9,1.3
13.103,3,23646.1,14316.6,15.0,23631.8,14290.9,23.3,23652.3,14344.0,22.7,1.0
13.103,4,23559.8,14989.1,15.0,23572.7,15040.1,47.8,23569.8,14972.6,23.2,1.0
13.103,5,23558.6,14410.2,15.0,23543.9,14454.7,51.7,23572.2,14407.0,22.6,1.2
13.103,6,23591.3,14999.1,15.0,23609.2,15014.5,23.3,23579.6,14947.2,43.5,1.3
13.103,7,23682.6,14092.5,15.0,23665.8,14080.8,23.0,23694.9,14142.3,44.2,1.2
13.103,8,23297.1,15249.8,15.0,23303.4,15260.6,22.6,23316.2,15237.6,31.7,1.2
13.103,9,23681.4,13977.6,15.0,23664.6,13946.9,23.4,23688.4,14012.4,24.2,1.0
13.103,10,23493.0,14176.1,15.0,23478.7,14229.0,48.6,23510.0,14167.2,23.6,1.5
13.103,11,23586.4,15151.6,15.0,23573.7,15142.5,23.2,23574.6,15167.0,30.4,0.9
13.103,12,23586.0,14556.4,15.0,23600.8,14511.7,51.6,23572.4,14559.9,22.5,1.2
13.103,13,23613.8,15293.1,15.0,23562.2,15278.0,53.2,23620.4,15309.3,23.4,1.0
13.134,0,23592.5,15246.5,15.0,23569.9,15255.3,22.9,23641.7,15257.3,40.7,1.3
13.134,1,23632.5,15248.5,15.0,23649.0,15259.0,23.0,23620.1,15199.2,44.1,1.3
13.134,2,23669.7,14335.6,15.0,23654.4,14330.5,23.2,23686.0,14386.4,55.5,1.3
13.134,3,23646.1,14313.3,15.0,23631.1,14285.4,22.9,23652.4,14343.8,23.1,1.0
13.134,4,23558.3,14986.3,15.0,23569.9,15037.8,52.0,23569.0,14972.7,23.2,1.0
13.134,5,23558.6,14406.5,15.0,23544.0,14443.3,45.3,23571.1,14405.7,22.5,1.2
13.134,6,23591.3,15003.0,15.0,23608.7,15014.7,23.4,23578.3,14950.9,45.4,1.3
13.134,7,23682.6,14088.8,15.0,23666.4,14080.0,23.0,23696.0,14138.2,46.9,1.2
13.134,8,23293.5,15249.2,15.0,23304.5,15259.5,22.6,23306.6,15236.1,29.4,1.2
13.134,9,23681.4,13974.5,15.0,23663.9,13944.4,23.4,23688.9,14013.2,26.6,1.0
13.134,10,23493.0,14171.6,15.0,23477.5,14225.0,53.6,23509.3,14164.0,23.3,1.5
13.134,11,23589.0,15151.6,15.0,23572.5,15143.4,23.2,23583.9,15166.9,28.2,0.9
13.134,12,23586.0,14560.3,15.0,23600.7,14523.2,45.3,23573.5,14561.5,22.4,1.2
13.134,13,23617.0,15293.1,15.0,23567.0,15277.3,55.7,23621.0,15308.3,23.4,1.0
13.160,0,23589.5,15245.1,15.0,23571.0,15255.5,23.1,23640.4,15254.7,43.8,1.3
13.160,1,23632.5,15251.8,15.0,23648.3,15259.9,22.9,23618.9,15202.8,47.4,1.3
13.160,2,23669.7,14332.2,15.0,23655.5,14329.7,23.1,23686.1,14376.0,50.3,1.3
13.160,3,23646.1,14310.6,15.0,23630.3,14282.7,22.8,23652.9,14344.7,24.7,1.0
13.160,4,23557.0,14983.9,15.0,23566.9,15034.8,55.1,23568.3,14973.2,23.2,1.0
13.160,5,23558.6,14403.4,15.0,23544.3,14429.8,37.5,23569.8,14405.8,22.5,1.2
13.160,6,23591.3,15006.3,15.0,23608.1,15015.3,23.4,23577.1,14954.5,48.5,1.3
13.160,7,23682.6,14085.7,15.0,23667.2,14079.3,22.9,23697.1,14135.3,51.6,1.2
13.160,8,23290.4,15248.8,15.0,23306.6,15258.7,22.6,23293.0,15234.3,26.2,1.2
13.160,9,23681.4,13971.8,15.0,23663.3,13943.4,23.4,23689.9,14016.3,31.5,1.0
13.160,10,23493.0,14167.8,15.0,23476.7,14218.8,54.8,23508.3,14161.8,23.0,1.5
13.160,11,23591.2,15151.6,15.0,23570.8,15144.1,23.3,23595.8,15166.8,26.0,0.9
13.160,12,23586.0,14563.4,15.0,23600.4,14536.7,37.5,23574.7,14561.6,22.4,1.2
13.160,13,23619.8,15293.1,15.0,23575.4,15277.1,52.4,23621.0,15307.2,23.4,1.0
13.186,0,23586.5,15243.8,15.0,23570.9,15255.1,23.1,23637.7,15252.1,45.4,1.3
13.186,1,23632.5,15255.0,15.0,23647.6,15261.3,22.8,23618.0,15205.6,51.7,1.3
13.186,2,23669.7,14329.0,15.0,23656.6,14329.0,23.0,23685.8,14363.7,43.1,1.3
13.186,3,23646.1,14307.9,15.0,23629.8,14281.0,22.8,23653.5,14346.0,27.6,1.0
13.186,4,23555.8,14981.6,15.0,23563.4,15029.4,53.7,23567.3,14973.3,23.2,1.0
13.186,5,23558.6,14400.4,15.0,23544.4,14420.0,33.1,23568.8,14405.9,22.4,1.2
13.186,6,23591.3,15009.6,15.0,23607.4,15016.6,23.3,23576.1,14957.5,52.7,1.3
13.186,7,23682.6,14082.6,15.0,23668.0,14078.1,22.9,23697.7,14130.7,53.5,1.2
13.186,8,23287.4,15248.4,15.0,23307.8,15258.2,22.6,23278.9,15232.6,24.0,1.2
13.186,9,23681.4,13969.3,15.0,23663.0,13943.9,23.4,23691.0,14017.9,36.7,1.0
13.186,10,23493.0,14164.1,15.0,23476.7,14209.2,50.1,23507.4,14159.7,22.8,1.5
13.186,11,23593.4,15151.6,15.0,23569.7,15144.6,23.2,23607.6,15166.6,24.4,0.9
13.186,12,23586.0,14566.6,15.0,23600.3,14546.5,33.1,23575.8,14561.6,22.3,1.2
13.186,13,23622.4,15293.1,15.0,23586.7,15277.3,45.6,23621.2,15306.1,23.4,1.0
13.211,0,23583.6,15242.6,15.0,23569.9,15254.1,23.1,23634.8,15249.4,48.3,1.3
13.211,1,23632.5,15258.2,15.0,23646.9,15262.8,22.7,23617.4,15210.6,52.9,1.3
13.211,2,23669.7,14325.7,15.0,23657.8,14328.7,22.9,23685.5,14350.9,36.8,1.3
13.211,3,23646.1,14305.2,15.0,23629.4,14279.9,22.8,23654.4,14347.7,31.9,1.0
13.211,4,23554.6,14979.3,15.0,23558.4,15020.0,47.0,23566.4,14973.6,23.2,1.0
13.211,5,23558.6,14397.4,15.0,23544.2,14412.2,30.4,23567.7,14406.4,22.4,1.2
13.211,6,23591.3,15012.8,15.0,23606.6,15018.2,23.2,23575.4,14961.8,55.2,1.3
13.211,7,23682.6,14079.6,15.0,23668.9,14077.0,22.8,23698.0,14123.5,51.3,1.2
13.211,8,23284.4,15248.0,15.0,23308.5,15257.9,22.6,23266.8,15230.9,23.1,1.2
13.211,9,23681.4,13966.7,15.0,23662.9,13945.2,23.4,23692.2,14018.2,41.5,1.0
13.211,10,23493.0,14160.4,15.0,23476.9,14196.8,43.2,23506.4,14158.5,22.7,1.5
13.211,11,23595.5,15151.6,15.0,23568.9,15144.9,23.2,23617.7,15166.6,24.0,0.9
13.211,12,23586.0,14569.7,15.0,23600.4,14554.4,30.4,23576.9,14561.1,22.3,1.2
13.211,13,23625.1,15293.1,15.0,23598.6,15277.7,38.9,23621.0,15305.0,23.4,1.0
13.237,0,23580.5,15241.3,15.0,23568.8,15252.9,23.0,23632.7,15247.1,52.8,1.3
13.237,1,23632.1,15261.5,15.0,23645.2,15265.8,22.6,23622.0,15217.0,50.0,1.3
13.237,2,23669.7,14322.4,15.0,23659.0,14329.1,22.9,23685.7,14342.6,33.3,1.3
13.237,3,23646.1,14302.5,15.0,23629.2,14280.6,22.7,23655.5,14348.5,37.0,1.0
13.237,4,23553.3,14976.9,15.0,23553.1,15009.7,40.4,23565.4,14974.0,23.2,1.0
13.237,5,23558.6,14394.3,15.0,23544.1,14403.9,28.6,23566.7,14407.2,22.4,1.2
13.237,6,23591.3,15016.1,15.0,23605.7,15019.6,23.1,23575.1,14969.1,53.5,1.3
13.237,7,23682.6,14076.4,15.0,23669.9,14076.1,22.7,23697.7,14112.2,44.7,1.2
13.237,8,23281.3,15247.6,15.0,23308.8,15257.7,22.8,23258.2,15229.4,22.8,1.2
13.237,9,23681.4,13964.0,15.0,23663.1,13946.9,23.4,23693.3,14016.9,44.8,1.0
13.237,10,23493.0,14156.6,15.0,23477.2,14183.8,36.8,23505.2,14157.6,22.5,1.5
13.237,11,23597.8,15151.6,15.0,23568.5,15145.0,23.2,23625.3,15166.9,23.8,0.9
13.237,12,23586.0,14572.9,15.0,23600.5,14562.8,28.6,23577.8,14560.4,22.3,1.2
13.237,13,23627.8,15293.1,15.0,23608.0,15277.7,34.5,23620.5,15303.9,23.3,1.0
13.262,0,23577.7,15240.1,15.0,23567.9,15251.7,22.8,23627.9,15244.2,53.4,1.3
13.262,1,23631.4,15264.5,15.0,23643.5,15267.8,22.5,23624.6,15227.4,43.2,1.3
13.262,2,23669.7,14319.2,15.0,23660.2,14330.3,22.8,23685.7,14334.0,31.0,1.3
13.262,3,23646.1,14299.9,15.0,23629.2,14282.1,22.7,23656.6,14347.9,40.8,1.0
13.262,4,23552.2,14974.6,15.0,23548.2,15000.1,35.2,23564.7,14975.1,23.2,1.0
13.262,5,23558.6,14391.4,15.0,23544.3,14391.7,25.8,23565.9,14408.5,22.4,1.2
13.262,6,23591.3,15019.3,15.0,23604.7,15020.4,23.0,23575.3,14980.8,46.2,1.3
13.262,7,23682.6,14073.5,15.0,23671.0,14076.0,22.7,23697.4,14100.1,37.8,1.2
13.262,8,23278.5,15247.2,15.0,23308.8,15257.8,23.2,23254.4,15228.3,22.3,1.2
13.262,9,23681.4,13961.5,15.0,23663.5,13948.2,23.4,23694.3,14014.2,46.0,1.0
13.262,10,23493.0,14153.1,15.0,23477.0,14175.4,33.4,23503.9,14158.0,22.4,1.5
13.262,11,23599.8,15151.6,15.0,23568.2,15144.9,23.5,23629.4,15167.4,23.6,0.9
13.262,12,23586.0,14575.9,15.0,23600.3,14575.1,25.9,23578.7,14559.3,22.2,1.2
13.262,13,23630.4,15293.1,15.0,23616.0,15277.6,31.6,23619.3,15302.8,23.4,1.0
13.287,0,23574.6,15238.9,15.0,23567.0,15250.5,22.7,23620.3,15240.7,49.9,1.3
13.287,1,23630.3,15267.5,15.0,23641.8,15269.4,22.5,23625.2,15238.1,37.0,1.3
13.287,2,23669.7,14315.9,15.0,23661.1,14331.3,22.8,23685.7,14323.1,28.4,1.3
13.287,3,23646.1,14297.2,15.0,23629.5,14283.1,22.7,23657.5,14345.8,43.0,1.0
13.287,4,23551.0,14972.2,15.0,23544.6,14993.5,32.1,23564.1,14976.2,23.2,1.0
13.287,5,23558.5,14388.4,15.0,23544.4,14378.4,23.7,23565.3,14409.1,22.4,1.2
13.287,6,23591.3,15022.5,15.0,23603.6,15021.1,22.9,23575.6,14992.9,39.5,1.3
13.287,7,23682.6,14070.4,15.0,23672.1,14076.0,22.6,23697.4,14090.7,33.7,1.2
13.287,8,23275.4,15246.8,15.0,23309.1,15258.2,25.1,23251.6,15227.4,22.4,1.2
13.287,9,23681.4,13958.9,15.0,23664.0,13948.5,23.4,23695.2,14011.1,47.9,1.0
13.287,10,23493.0,14149.3,15.0,23476.9,14166.8,31.3,23502.8,14158.4,22.3,1.5
13.287,11,23602.0,15151.6,15.0,23568.3,15144.8,23.8,23632.1,15167.9,23.3,0.9
13.287,12,23586.0,14579.1,15.0,23600.2,14588.3,23.7,23579.3,14558.7,22.2,1.2
13.287,13,23633.0,15293.1,15.0,23623.9,15277.5,29.7,23618.1,15301.8,23.4,1.0
13.312,0,23571.8,15237.7,15.0,23566.7,15249.3,22.6,23609.5,15236.3,43.1,1.3
13.312,1,23629.0,15270.3,15.0,23640.7,15269.9,22.4,23624.5,15245.7,33.1,1.3
13.312,2,23669.7,14312.8,15.0,23662.0,14332.7,22.8,23685.5,14309.4,25.6,1.3
13.312,3,23646.1,14294.7,15.0,23629.9,14284.0,22.8,23658.4,14342.8,44.0,1.0
13.312,4,23549.8,14970.0,15.0,23540.9,14986.5,30.1,23563.7,14978.0,23.2,1.0
13.312,5,23558.5,14385.5,15.0,23544.3,14366.4,22.9,23565.0,14409.9,22.4,1.2
13.312,6,23591.3,15025.6,15.0,23602.4,15020.8,22.8,23575.7,15003.2,34.8,1.3
13.312,7,23682.6,14067.5,15.0,23673.2,14076.8,22.6,23697.5,14082.8,30.9,1.2
13.312,8,23272.6,15246.5,15.0,23310.7,15259.0,28.5,23249.7,15226.7,22.5,1.2
13.312,9,23681.4,13956.5,15.0,23664.7,13948.6,23.4,23696.1,14008.2,50.9,1.0
13.312,10,23493.0,14145.8,15.0,23477.0,14155.4,28.6,23501.8,14159.6,22.2,1.5
13.312,11,23604.1,15151.6,15.0,23567.6,15144.4,25.5,23633.8,15168.5,23.3,0.9
13.312,12,23586.0,14582.1,15.0,23600.2,14600.4,22.7,23579.6,14557.9,22.3,1.2
13.312,13,23635.6,15293.1,15.0,23636.1,15277.7,27.0,23616.5,15301.0,23.3,1.0
13.337,0,23568.8,15236.5,15.0,23566.7,15248.2,22.6,23598.2,15232.0,36.9,1.3
13.337,1,23627.3,15273.0,15.0,23640.0,15270.4,22.3,23623.0,15252.0,30.6,1.3
13.337,2,23669.7,14309.6,15.0,23662.5,14333.7,22.9,23685.4,14294.5,23.9,1.3
13.337,3,23646.1,14292.0,15.0,23630.5,14283.7,22.8,23659.3,14339.7,46.6,1.0
13.337,4,23548.7,14967.7,15.0,23536.5,14977.5,27.7,23563.5,14979.5,23.2,1.0
13.337,5,23558.5,14382.5,15.0,23543.9,14357.9,22.6,23564.9,14410.1,22.5,1.2
13.337,6,23591.3,15028.8,15.0,23601.3,15020.4,22.7,23575.6,15011.3,31.9,1.3
13.337,7,23682.6,14064.5,15.0,23674.1,14077.7,22.6,23697.6,14074.7,29.1,1.2
13.337,8,23269.6,15246.1,15.0,23312.1,15260.1,33.1,23248.5,15226.3,22.6,1.2
13.337,9,23681.4,13953.9,15.0,23665.4,13948.2,23.4,23696.9,14006.0,55.2,1.0
13.337,10,23493.0,14142.2,15.0,23477.1,14142.0,25.7,23501.0,14160.4,22.3,1.5
13.337,11,23606.2,15151.6,15.0,23566.6,15143.9,27.7,23635.2,15168.9,23.3,0.9
13.337,12,23586.0,14585.1,15.0,23600.6,14608.7,22.3,23579.7,14557.8,22.4,1.2
13.337,13,23638.2,15292.8,15.0,23647.4,15276.4,24.9,23616.3,15302.6,23.3,1.0
13.362,0,23565.8,15235.4,15.0,23567.3,15247.2,22.5,23590.2,15228.7,33.2,1.3
13.362,1,23625.3,15275.4,15.0,23640.0,15270.5,22.3,23619.9,15258.5,28.6,1.3
13.362,2,23669.7,14306.4,15.0,23662.7,14334.3,22.9,23685.7,14284.3,23.0,1.3
13.362,3,23646.1,14289.4,15.0,23631.1,14283.3,22.7,23660.1,14337.2,50.2,1.0
13.362,4,23547.6,14965.3,15.0,23531.2,14966.2,25.6,23563.3,14981.1,23.2,1.0
13.362,5,23558.5,14379.6,15.0,23543.3,14354.1,22.2,23565.0,14409.8,22.9,1.2
13.362,6,23591.3,15032.0,15.0,23600.2,15019.3,22.7,23575.5,15019.7,30.0,1.3
13.362,7,23682.6,14061.5,15.0,23675.0,14078.7,22.6,23697.4,14062.4,26.3,1.2
13.362,8,23266.7,15245.8,15.0,23312.8,15261.2,38.5,23248.8,15226.2,22.8,1.2
13.362,9,23681.4,13951.4,15.0,23666.2,13947.8,23.4,23697.4,14001.2,55.9,1.0
13.362,10,23493.0,14138.6,15.0,23477.2,14127.2,23.5,23500.4,14161.3,22.4,1.5
13.362,11,23608.4,15151.6,15.0,23564.8,15143.2,31.2,23636.1,15169.3,23.3,0.9
13.362,12,23586.0,14588.2,15.0,23601.2,14612.7,21.9,23579.6,14558.2,22.9,1.2
13.362,13,23640.7,15292.2,15.0,23658.5,15272.6,24.2,23616.3,15304.9,23.4,1.0
13.387,0,23562.8,15234.3,15.0,23568.3,15246.4,22.4,23582.6,15225.6,30.7,1.3
13.387,1,23623.1,15277.6,15.0,23640.5,15271.0,22.3,23613.2,15266.7,26.0,1.3
13.387,2,23669.7,14303.1,15.0,23662.7,14334.4,23.3,23686.2,14278.1,22.6,1.3
13.387,3,23646.1,14286.8,15.0,23631.9,14282.7,22.8,23660.7,14333.8,52.9,1.0
13.387,4,23546.5,14963.0,15.0,23525.4,14953.5,24.2,23563.3,14982.3,23.2,1.0
13.387,5,23558.5,14376.6,15.0,23542.7,14351.2,22.2,23565.4,14410.1,24.6,1.2
13.387,6,23591.3,15035.2,15.0,23599.4,15018.2,22.7,23575.7,15032.2,27.1,1.3
13.387,7,23682.6,14058.4,15.0,23675.6,14079.7,22.6,23697.2,14048.7,24.1,1.2
13.387,8,23263.7,15245.4,15.0,23311.4,15262.1,41.9,23249.7,15226.5,22.9,1.2
13.387,9,23681.4,13948.9,15.0,23667.1,13947.4,23.4,23697.5,13994.3,53.3,1.0
13.387,10,23493.0,14134.9,15.0,23476.9,14116.6,22.3,23500.1,14161.7,22.5,1.5
13.387,11,23610.5,15151.6,15.0,23563.6,15142.3,35.3,23636.0,15169.6,23.2,0.9
13.387,12,23586.0,14591.3,15.0,23601.8,14615.7,22.0,23579.2,14557.9,24.6,1.2
13.387,13,23643.2,15291.4,15.0,23664.7,15267.3,23.9,23617.2,15307.6,23.4,1.0
13.412,0,23559.9,15233.2,15.0,23569.7,15245.7,22.4,23573.8,15222.2,28.5,1.3
13.412,1,23620.6,15279.6,15.0,23641.5,15272.0,22.3,23603.5,15274.5,23.7,1.3
13.412,2,23669.7,14299.9,15.0,23662.4,14334.6,24.5,23686.9,14274.3,22.4,1.3
13.412,3,23646.1,14284.1,15.0,23632.7,14282.1,22.8,23661.0,14327.9,52.0,1.0
13.412,4,23545.4,14960.6,15.0,23521.0,14944.3,23.8,23563.3,14983.2,23.2,1.0
13.412,5,23558.5,14373.6,15.0,23542.2,14349.0,22.3,23566.0,14411.3,27.6,1.2
13.412,6,23591.3,15038.4,15.0,23598.7,15017.1,22.7,23575.9,15046.5,24.5,1.3
13.412,7,23682.6,14055.4,15.0,23676.0,14080.4,22.6,23697.3,14036.2,23.1,1.2
13.412,8,23260.7,15245.1,15.0,23308.7,15262.7,43.7,23250.1,15226.9,23.0,1.2
13.412,9,23681.4,13946.3,15.0,23668.1,13947.1,23.4,23697.3,13983.7,46.8,1.0
13.412,10,23493.0,14131.2,15.0,23476.3,14110.7,21.8,23500.2,14161.6,23.0,1.5
13.412,11,23612.6,15151.6,15.0,23562.8,15141.4,39.8,23635.1,15169.7,23.3,0.9
13.412,12,23586.0,14594.4,15.0,23602.3,14618.0,22.1,23578.5,14556.6,27.8,1.2
13.412,13,23645.6,15290.2,15.0,23665.6,15262.5,23.6,23619.2,15310.6,23.7,1.0
13.437,0,23556.9,15232.1,15.0,23571.0,15245.2,22.4,23561.9,15218.0,26.0,1.3
13.437,1,23617.9,15281.3,15.0,23642.5,15273.8,22.4,23594.3,15278.5,22.7,1.3
13.437,2,23669.7,14296.7,15.0,23661.9,14335.5,27.0,23687.4,14271.3,22.5,1.3
13.437,3,23646.1,14281.5,15.0,23633.6,14281.6,22.7,23660.8,14318.2,46.0,1.0
13.437,4,23544.3,14958.3,15.0,23517.8,14938.2,23.7,23563.3,14983.7,23.4,1.0
13.437,5,23558.5,14370.6,15.0,23541.8,14347.7,22.4,23566.9,14412.9,32.1,1.2
13.437,6,23591.3,15041.6,15.0,23598.3,15016.2,22.8,23575.8,15059.6,23.3,1.3
13.437,7,23682.6,14052.4,15.0,23676.1,14080.8,22.7,23697.6,14027.3,22.8,1.2
13.437,8,23257.7,15244.7,15.0,23305.3,15263.2,45.4,23249.9,15227.4,23.0,1.2
13.437,9,23681.4,13943.8,15.0,23669.1,13947.3,23.4,23697.0,13972.4,40.3,1.0
13.437,10,23493.0,14127.6,15.0,23475.7,14106.4,21.8,23500.5,14161.8,24.6,1.5
13.437,11,23614.8,15151.6,15.0,23563.7,15140.5,42.5,23633.8,15169.6,23.2,0.9
13.437,12,23586.0,14597.5,15.0,23602.6,14619.5,22.3,23577.6,14555.2,32.4,1.2
13.437,13,23647.8,15288.8,15.0,23664.4,15258.4,23.4,23621.5,15313.9,24.8,1.0
13.463,0,23553.8,15231.0,15.0,23572.0,15244.9,22.5,23548.1,15213.2,23.7,1.3
13.463,1,23615.0,15282.6,15.0,23643.2,15276.6,22.6,23587.3,15278.9,22.3,1.3
13.463,2,23669.7,14293.4,15.0,23660.9,14337.8,31.7,23687.9,14269.3,22.8,1.3
13.463,3,23646.1,14278.8,15.0,23634.6,14281.4,22.7,23660.6,14307.4,39.8,1.0
13.463,4,23543.2,14955.9,15.0,23515.9,14935.3,23.2,23563.3,14983.6,23.8,1.0
13.463,5,23558.5,14367.6,15.0,23541.6,14347.9,22.5,23568.1,14413.6,37.4,1.2
13.463,6,23591.3,15044.9,15.0,23598.1,15015.8,22.9,23575.4,15069.1,22.8,1.3
13.463,7,23682.6,14049.3,15.0,23675.9,14080.5,23.2,23698.3,14023.3,22.4,1.2
13.463,8,23254.7,15244.4,15.0,23301.9,15263.6,48.4,23248.9,15227.9,23.0,1.2
13.463,9,23681.4,13941.2,15.0,23670.2,13947.7,23.4,23696.9,13962.3,35.5,1.0
13.463,10,23493.0,14123.9,15.0,23475.3,14102.9,22.1,23501.1,14163.0,27.7,1.5
13.463,11,23616.9,15151.6,15.0,23565.2,15139.6,44.6,23632.6,15169.4,23.2,0.9
13.463,12,23586.0,14600.6,15.0,23602.8,14619.5,22.5,23576.5,14554.5,37.7,1.2
13.463,13,23649.9,15287.1,15.0,23662.0,15254.9,23.4,23624.2,15317.7,27.0,1.0
13.488,0,23550.9,15229.9,15.0,23572.8,15244.7,22.5,23537.4,15209.4,22.7,1.3
13.488,1,23612.0,15283.6,15.0,23643.6,15280.0,23.2,23583.8,15276.6,21.9,1.3
13.488,2,23669.7,14290.2,15.0,23659.8,14339.3,37.4,23688.1,14269.0,23.0,1.3
13.488,3,23646.1,14276.2,15.0,23635.6,14281.5,22.7,23660.3,14296.5,34.6,1.0
13.488,4,23542.1,14953.5,15.0,23514.6,14933.5,23.2,23563.9,14984.3,25.8,1.0
13.488,5,23558.5,14364.7,15.0,23541.7,14348.8,22.6,23569.2,14412.5,40.9,1.2
13.488,6,23591.3,15048.0,15.0,23598.2,15015.9,23.4,23574.8,15073.4,22.3,1.3
13.488,7,23682.6,14046.4,15.0,23675.6,14081.0,25.0,23698.9,14020.4,22.4,1.2
13.488,8,23251.8,15244.1,15.0,23299.4,15264.1,52.9,23247.7,15228.5,22.9,1.2
13.488,9,23681.4,13938.7,15.0,23671.3,13948.6,23.4,23697.0,13954.8,32.3,1.0
13.488,10,23493.0,14120.3,15.0,23474.9,14100.2,22.5,23502.1,14165.1,32.6,1.5
13.488,11,23619.1,15151.6,15.0,23567.6,15138.8,45.5,23631.7,15169.0,23.2,0.9
13.488,12,23586.0,14603.7,15.0,23602.6,14618.7,22.6,23575.4,14555.8,41.1,1.2
13.488,13,23651.7,15285.3,15.0,23658.7,15252.6,23.4,23626.7,15322.7,31.4,1.0
13.516,0,23547.4,15228.8,15.0,23572.6,15244.4,22.8,23529.9,15206.4,22.4,1.3
13.516,1,23608.5,15284.3,15.0,23643.9,15284.4,25.2,23581.5,15273.1,22.0,1.3
13.516,2,23669.7,14286.6,15.0,23658.5,14338.5,42.0,23688.1,14269.0,23.3,1.3
13.516,3,23646.1,14273.2,15.0,23636.6,14281.7,22.7,23660.5,14289.0,31.5,1.0
13.516,4,23540.9,14950.8,15.0,23513.5,14931.9,23.2,23564.9,14985.3,29.1,1.0
13.516,5,23558.5,14361.3,15.0,23542.1,14348.9,22.7,23570.1,14409.5,42.8,1.2
13.516,6,23591.3,15051.6,15.0,23598.6,15015.8,25.3,23574.2,15077.0,22.4,1.3
13.516,7,23682.6,14043.0,15.0,23674.9,14082.0,28.1,23699.4,14017.8,22.5,1.2
13.516,8,23248.5,15243.7,15.0,23293.6,15263.8,53.1,23246.1,15229.2,22.8,1.2
13.516,9,23681.4,13935.8,15.0,23672.3,13949.6,23.4,23697.1,13946.8,30.4,1.0
13.516,10,23493.0,14116.2,15.0,23474.8,14098.8,23.0,23503.3,14165.6,38.4,1.5
13.516,11,23621.5,15151.6,15.0,23570.4,15138.1,47.1,23631.7,15168.6,23.3,0.9
13.516,12,23586.0,14607.2,15.0,23602.3,14619.1,22.7,23574.4,14559.0,42.8,1.2
13.516,13,23653.5,15282.9,15.0,23654.2,15251.9,23.3,23631.9,15327.1,36.5,1.0
13.547,0,23543.7,15227.5,15.0,23572.2,15244.3,23.7,23525.4,15204.3,22.0,1.3
13.547,1,23604.5,15284.6,15.0,23645.0,15290.2,29.4,23580.4,15269.1,22.2,1.3
13.547,2,23669.7,14282.6,15.0,23657.2,14335.7,45.2,23687.8,14269.0,23.5,1.3
13.547,3,23646.1,14269.9,15.0,23637.7,14282.5,22.7,23660.6,14280.1,29.2,1.0
13.547,4,23539.6,14947.9,15.0,23512.9,14931.2,23.2,23566.3,14986.6,34.4,1.0
13.547,5,23558.5,14357.6,15.0,23542.6,14348.2,22.7,23571.2,14405.5,44.7,1.2
13.547,6,23591.3,15055.6,15.0,23599.5,15014.4,29.3,23573.6,15080.1,22.6,1.3
13.547,7,23682.6,14039.2,15.0,23673.8,14083.5,33.4,23699.8,14016.1,22.6,1.2
13.547,8,23244.8,15243.3,15.0,23283.8,15262.7,48.6,23244.5,15230.0,22.7,1.2
13.547,9,23681.4,13932.6,15.0,23673.2,13950.8,23.4,23696.9,13934.6,27.6,1.0
13.547,10,23492.9,14111.6,15.0,23474.9,14097.8,23.5,23504.7,14163.9,43.0,1.5
13.547,11,23624.1,15151.6,15.0,23573.6,15137.3,49.7,23632.1,15168.0,23.3,0.9
13.547,12,23586.0,14611.0,15.0,23601.8,14620.1,22.7,23573.3,14563.1,44.8,1.2
13.547,13,23655.1,15280.1,15.0,23649.2,15253.1,23.3,23639.6,15330.2,41.8,1.0
13.574,0,23540.5,15226.5,15.0,23573.7,15245.3,26.8,23522.7,15202.9,22.2,1.3
13.574,1,23601.2,15284.4,15.0,23646.2,15296.4,35.7,23582.1,15266.0,22.5,1.3
13.574,2,23669.7,14279.2,15.0,23655.9,14332.1,47.4,23687.2,14269.1,23.6,1.3
13.574,3,23646.1,14267.2,15.0,23638.8,14284.4,22.7,23660.4,14267.7,26.3,1.0
13.574,4,23538.6,14945.4,15.0,23513.6,14932.8,23.2,23567.9,14987.4,40.6,1.0
13.574,5,23558.5,14354.5,15.0,23543.3,14347.7,22.7,23572.3,14402.2,48.7,1.2
13.574,6,23591.3,15058.9,15.0,23600.8,15011.6,35.8,23573.2,15080.7,22.9,1.3
13.574,7,23682.6,14036.1,15.0,23672.3,14084.5,39.7,23699.9,14017.3,22.8,1.2
13.574,8,23241.7,15243.0,15.0,23270.3,15260.9,40.4,23244.3,15231.3,22.7,1.2
13.574,9,23681.4,13930.0,15.0,23674.0,13953.0,23.4,23696.7,13919.0,25.0,1.0
13.574,10,23492.9,14107.9,15.0,23475.4,14097.2,23.7,23506.2,14160.8,45.5,1.5
13.574,11,23626.4,15151.6,15.0,23575.4,15136.4,54.3,23632.0,15167.2,23.3,0.9
13.574,12,23586.0,14614.2,15.0,23601.0,14621.0,22.7,23572.2,14566.4,49.0,1.2
13.574,13,23656.1,15277.5,15.0,23645.4,15256.4,23.4,23647.4,15330.7,45.2,1.0
13.599,0,23537.5,15225.5,15.0,23575.6,15246.6,31.5,23520.8,15202.0,22.4,1.3
13.599,1,23598.1,15283.8,15.0,23644.0,15302.5,40.3,23584.7,15264.1,22.8,1.3
13.599,2,23669.7,14276.0,15.0,23654.9,14328.6,50.7,23686.5,14267.9,23.5,1.3
13.599,3,23646.1,14264.6,15.0,23639.4,14285.6,22.7,23660.2,14254.8,24.3,1.0
13.599,4,23537.6,14943.0,15.0,23514.6,14934.3,23.2,23568.2,14986.1,43.9,1.0
13.599,5,23558.4,14351.6,15.0,23544.1,14346.7,22.6,23573.1,14399.2,52.7,1.2
13.599,6,23591.3,15062.1,15.0,23602.1,15011.4,41.0,23573.2,15080.3,23.1,1.3
13.599,7,23682.6,14033.1,15.0,23671.2,14083.1,43.1,23699.7,14018.4,23.0,1.2
13.599,8,23238.7,15242.7,15.0,23258.9,15259.5,34.8,23244.2,15232.4,22.6,1.2
13.599,9,23681.4,13927.4,15.0,23674.5,13954.3,23.4,23696.7,13905.5,24.2,1.0
13.599,10,23492.9,14104.2,15.0,23475.9,14095.2,23.6,23507.3,14157.1,48.1,1.5
13.599,11,23628.5,15151.6,15.0,23579.2,15136.0,55.1,23632.3,15166.5,23.3,0.9
13.599,12,23586.0,14617.3,15.0,23600.3,14622.3,22.6,23571.4,14569.9,52.4,1.2
13.599,13,23656.9,15275.0,15.0,23643.3,15259.0,23.4,23655.2,15328.7,46.3,1.0
13.622,0,23534.6,15224.6,15.0,23576.5,15247.9,36.9,23520.8,15201.9,22.7,1.3
13.622,1,23595.3,15283.0,15.0,23639.6,15307.8,43.0,23587.3,15263.1,22.9,1.3
13.622,2,23669.7,14273.0,15.0,23653.9,14326.1,55.4,23685.8,14266.4,23.4,1.3
13.622,3,23646.1,14262.1,15.0,23639.8,14286.6,22.8,23660.2,14242.1,23.5,1.0
13.622,4,23536.6,14940.7,15.0,23515.5,14935.1,23.2,23567.9,14983.4,45.2,1.0
13.622,5,23558.4,14348.7,15.0,23544.9,14345.6,22.6,23573.4,14393.2,51.7,1.2
13.622,6,23591.3,15065.2,15.0,23603.3,15012.9,44.3,23573.4,15079.5,23.4,1.3
13.622,7,23682.6,14030.2,15.0,23670.2,14080.0,44.3,23699.3,14018.7,23.0,1.2
13.622,8,23235.9,15242.4,15.0,23251.4,15258.9,31.7,23244.7,15233.5,22.6,1.2
13.622,9,23681.4,13925.0,15.0,23674.6,13955.1,23.4,23697.0,13896.7,24.0,1.0
13.622,10,23492.9,14100.8,15.0,23476.4,14092.9,23.4,23508.3,14154.0,52.0,1.5
13.622,11,23630.5,15151.6,15.0,23584.1,15135.7,54.4,23632.6,15165.8,23.3,0.9
13.622,12,23586.0,14620.2,15.0,23599.5,14623.5,22.5,23571.1,14576.0,51.5,1.2
13.622,13,23657.3,15272.6,15.0,23642.2,15260.7,23.4,23662.4,15325.8,49.0,1.0
13.648,0,23531.5,15223.6,15.0,23575.4,15248.5,40.9,23520.8,15202.1,22.9,1.3
13.648,1,23592.3,15281.8,15.0,23633.4,15311.7,44.1,23588.7,15262.7,23.0,1.3
13.648,2,23669.7,14269.7,15.0,23653.5,14320.2,55.4,23685.0,14264.9,23.2,1.3
13.648,3,23646.1,14259.4,15.0,23639.9,14286.8,22.7,23660.5,14233.7,23.3,1.0
13.648,4,23535.7,14938.3,15.0,23516.0,14935.1,23.2,23567.3,14980.4,46.9,1.0
13.648,5,23558.4,14345.7,15.0,23545.7,14344.6,22.5,23573.3,14384.1,46.6,1.2
13.648,6,23591.3,15068.4,15.0,23604.3,15016.3,45.5,23573.8,15079.9,23.4,1.3
13.648,7,23682.6,14027.1,15.0,23669.3,14076.6,46.4,23698.8,14018.0,23.0,1.2
13.648,8,23232.9,15242.2,15.0,23243.6,15258.2,29.7,23245.2,15234.5,22.6,1.2
13.648,9,23681.4,13922.4,15.0,23674.5,13955.1,23.7,23697.6,13892.2,23.7,1.0
13.648,10,23492.9,14097.0,15.0,23477.1,14090.3,23.2,23509.1,14150.1,55.5,1.5
13.648,11,23632.7,15151.6,15.0,23592.0,15135.9,49.2,23633.0,15165.1,23.2,0.9
13.648,12,23586.0,14623.4,15.0,23598.6,14624.7,22.4,23571.3,14585.7,45.7,1.2
13.648,13,23657.5,15269.9,15.0,23641.6,15262.2,23.4,23669.5,15322.2,52.7,1.0
13.673,0,23528.5,15222.7,15.0,23573.3,15248.7,43.6,23521.0,15202.5,23.1,1.3
13.673,1,23589.4,15280.6,15.0,23630.1,15311.1,46.8,23587.4,15262.8,22.9,1.3
13.673,2,23669.7,14266.5,15.0,23653.4,14311.3,51.2,23684.1,14263.7,23.1,1.3
13.673,3,23646.1,14256.8,15.0,23639.8,14286.9,23.0,23661.0,14229.0,23.0,1.0
13.673,4,23534.7,14935.9,15.0,23516.6,14934.7,23.2,23566.8,14977.4,49.8,1.0
13.673,5,23558.4,14342.8,15.0,23546.7,14344.0,22.5,23573.0,14372.9,40.2,1.2
13.673,6,23591.3,15071.6,15.0,23605.3,15019.7,48.0,23574.4,15080.8,23.4,1.3
13.673,7,23682.6,14024.2,15.0,23668.4,14073.6,49.9,23698.2,14017.1,23.0,1.2
13.673,8,23230.0,15241.9,15.0,23233.0,15257.0,27.2,23246.3,15235.5,22.6,1.2
13.673,9,23681.4,13919.9,15.0,23674.3,13955.4,24.6,23698.2,13889.3,23.4,1.0
13.673,10,23492.9,14093.5,15.0,23477.9,14088.0,22.9,23509.5,14143.1,54.5,1.5
13.673,11,23634.8,15151.6,15.0,23601.1,15136.1,43.9,23633.1,15164.2,23.3,0.9
13.673,12,23586.0,14626.4,15.0,23597.6,14625.3,22.4,23571.5,14597.1,39.2,1.2
13.673,13,23657.3,15267.3,15.0,23641.7,15263.6,23.4,23675.8,15317.3,56.0,1.0
13.698,0,23525.4,15221.8,15.0,23569.9,15248.4,44.8,23520.4,15202.9,23.2,1.3
13.698,1,23586.4,15279.5,15.0,23627.2,15310.6,50.6,23585.6,15262.8,22.8,1.3
13.698,2,23669.8,14263.3,15.0,23653.6,14299.5,44.4,23683.0,14262.8,23.0,1.3
13.698,3,23646.1,14254.1,15.0,23639.6,14286.9,23.9,23661.6,14226.0,22.8,1.0
13.698,4,23533.7,14933.5,15.0,23517.1,14933.9,23.2,23566.5,14975.2,54.2,1.0
13.698,5,23558.4,14339.8,15.0,23547.8,14343.7,22.5,23572.7,14361.5,34.7,1.2
13.698,6,23591.3,15074.8,15.0,23606.2,15022.8,51.7,23575.0,15082.2,23.3,1.3
13.698,7,23682.6,14021.1,15.0,23667.5,14070.7,54.0,23697.5,14015.8,22.9,1.2
13.698,8,23227.0,15241.6,15.0,23220.3,15255.7,24.9,23247.2,15236.3,22.6,1.2
13.698,9,23681.4,13917.4,15.0,23673.8,13956.1,26.6,23698.8,13887.3,23.4,1.0
13.698,10,23492.9,14089.8,15.0,23478.9,14086.3,22.8,23509.3,14131.9,47.7,1.5
13.698,11,23636.9,15151.6,15.0,23610.5,15136.3,38.7,23633.1,15163.4,23.2,0.9
13.698,12,23586.0,14629.5,15.0,23596.6,14625.6,22.3,23571.7,14608.0,34.2,1.2
13.698,13,23656.9,15264.7,15.0,23642.1,15264.8,23.4,23680.7,15308.9,55.1,1.0
13.723,0,23522.4,15220.9,15.0,23566.4,15248.1,47.7,23518.9,15203.1,23.1,1.3
13.723,1,23583.4,15278.4,15.0,23623.3,15309.5,53.1,23583.9,15263.0,22.7,1.3
13.723,2,23669.8,14260.0,15.0,23654.0,14286.4,37.6,23681.9,14262.5,23.0,1.3
13.723,3,23646.1,14251.5,15.0,23639.1,14287.5,25.9,23662.2,14223.9,22.8,1.0
13.723,4,23532.8,14931.0,15.0,23517.8,14933.1,23.2,23565.0,14970.6,54.9,1.0
13.723,5,23558.4,14336.8,15.0,23548.8,14344.1,22.4,23572.8,14353.9,31.5,1.2
13.723,6,23591.3,15078.0,15.0,23607.1,15026.3,55.4,23575.7,15083.7,23.2,1.3
13.723,7,23682.6,14018.1,15.0,23667.2,14064.3,53.0,23696.6,14014.7,22.8,1.2
13.723,8,23224.0,15241.3,15.0,23206.0,15254.2,23.5,23248.1,15236.8,22.6,1.2
13.723,9,23681.4,13914.8,15.0,23673.0,13958.3,30.6,23699.3,13886.1,23.4,1.0
13.723,10,23492.9,14086.1,15.0,23480.0,14085.1,22.6,23509.0,14119.3,40.6,1.5
13.723,11,23639.1,15151.4,15.0,23616.9,15138.6,35.0,23633.9,15162.9,23.2,0.9
13.723,12,23586.0,14632.6,15.0,23595.5,14625.4,22.3,23571.6,14615.7,31.1,1.2
13.723,13,23656.1,15262.2,15.0,23643.1,15265.9,23.4,23682.6,15296.5,48.9,1.0
13.748,0,23519.3,15220.0,15.0,23563.6,15248.0,51.8,23517.2,15203.3,23.0,1.3
13.748,1,23580.5,15277.3,15.0,23617.1,15307.2,51.7,23582.2,15263.3,22.7,1.3
13.748,2,23669.8,14256.9,15.0,23653.9,14278.0,33.9,23680.7,14262.9,22.9,1.3
13.748,3,23646.1,14248.9,15.0,23638.3,14289.5,30.0,23662.7,14222.7,22.8,1.0
13.748,4,23531.9,14928.6,15.0,23518.5,14932.4,23.2,23562.4,14964.1,52.1,1.0
13.748,5,23558.4,14333.9,15.0,23549.8,14344.9,22.4,23572.9,14346.0,29.4,1.2
13.748,6,23591.3,15081.1,15.0,23607.4,15032.9,54.4,23576.6,15085.0,23.1,1.3
13.748,7,23682.6,14015.1,15.0,23667.3,14054.7,47.4,23695.7,14013.8,22.7,1.2
13.748,8,23221.1,15241.1,15.0,23196.6,15253.7,22.9,23248.6,15237.0,22.7,1.2
13.748,9,23681.4,13912.3,15.0,23672.0,13960.1,35.5,23699.7,13886.2,23.4,1.0
13.748,10,23492.9,14082.6,15.0,23481.1,14084.8,22.5,23508.9,14108.1,35.6,1.5
13.748,11,23641.1,15150.9,15.0,23621.6,15139.6,32.4,23634.4,15162.7,23.3,0.9
13.748,12,23586.0,14635.7,15.0,23594.5,14624.5,22.2,23571.5,14623.6,29.2,1.2
13.748,13,23655.1,15259.8,15.0,23644.6,15266.9,23.4,23681.7,15283.0,42.3,1.0
13.773,0,23516.3,15219.2,15.0,23559.2,15247.2,53.7,23515.5,15203.6,22.9,1.3
13.773,1,23577.5,15276.2,15.0,23607.3,15303.1,45.2,23580.7,15263.8,22.6,1.3
13.773,2,23669.8,14253.7,15.0,23653.8,14269.7,31.5,23679.6,14263.8,22.8,1.3
13.773,3,23646.1,14246.3,15.0,23637.3,14290.7,34.6,23663.0,14222.8,22.7,1.0
13.773,4,23531.0,14926.2,15.0,23519.2,14931.7,23.2,23558.3,14954.5,45.8,1.0
13.773,5,23558.4,14331.0,15.0,23550.7,14345.8,22.4,23572.8,14336.2,27.1,1.2
13.773,6,23591.3,15084.3,15.0,23607.3,15043.4,48.0,23577.6,15086.2,23.0,1.3
13.773,7,23682.6,14012.2,15.0,23667.6,14043.4,41.0,23694.7,14013.3,22.7,1.2
13.773,8,23218.1,15240.8,15.0,23191.1,15253.8,22.6,23248.5,15236.9,23.0,1.2
13.773,9,23681.4,13909.8,15.0,23670.8,13960.9,40.7,23699.8,13887.2,23.4,1.0
13.773,10,23492.9,14079.0,15.0,23482.3,14085.0,22.3,23509.0,14099.8,32.7,1.5
13.773,11,23643.1,15150.2,15.0,23626.4,15139.8,30.6,23634.6,15162.9,23.2,0.9
13.773,12,23586.0,14638.7,15.0,23593.6,14623.7,22.2,23571.6,14634.1,26.8,1.2
13.773,13,23653.9,15257.5,15.0,23646.5,15267.7,23.4,23678.2,15269.8,36.5,1.0
13.798,0,23513.3,15218.3,15.0,23552.5,15245.3,51.8,23513.9,15204.1,22.8,1.3
13.798,1,23574.6,15275.2,15.0,23596.7,15298.8,38.7,23579.8,15264.5,22.5,1.3
13.798,2,23669.8,14250.5,15.0,23653.8,14259.9,29.1,23678.6,14264.9,22.8,1.3
13.798,3,23646.1,14243.7,15.0,23636.2,14290.9,39.2,23663.1,14223.7,22.7,1.0
13.798,4,23530.1,14923.8,15.0,23520.2,14931.3,23.2,23553.9,14944.3,39.3,1.0
13.798,5,23558.4,14328.0,15.0,23551.4,14346.8,22.4,23572.6,14323.9,24.9,1.2
13.798,6,23591.3,15087.4,15.0,23607.0,15055.4,41.2,23578.6,15086.7,22.9,1.3
13.798,7,23682.6,14009.2,15.0,23667.8,14031.8,35.3,23693.6,14013.1,22.7,1.2
13.798,8,23215.2,15240.5,15.0,23187.6,15254.2,22.3,23248.6,15236.6,24.0,1.2
13.798,9,23681.4,13907.3,15.0,23669.7,13959.8,43.8,23699.7,13888.9,23.4,1.0
13.798,10,23492.9,14075.4,15.0,23483.4,14085.8,22.3,23509.1,14091.2,30.8,1.5
13.798,11,23645.0,15149.3,15.0,23631.5,15138.7,29.0,23634.8,15163.6,23.3,0.9
13.798,12,23586.0,14641.7,15.0,23593.0,14622.8,22.2,23571.8,14646.7,24.4,1.2
13.798,13,23652.4,15255.4,15.0,23649.0,15268.5,23.4,23675.2,15260.9,33.2,1.0
13.822,0,23510.3,15217.5,15.0,23542.1,15242.1,45.2,23512.5,15204.7,22.7,1.3
13.822,1,23571.7,15274.1,15.0,23587.2,15295.2,34.1,23579.2,15265.5,22.4,1.3
13.822,2,23669.8,14247.3,15.0,23654.0,14247.0,26.5,23677.7,14266.2,22.8,1.3
13.822,3,23646.1,14241.1,15.0,23635.2,14289.7,42.2,23662.9,14225.2,22.7,1.0
13.822,4,23529.2,14921.5,15.0,23521.3,14931.3,23.2,23550.4,14935.3,34.8,1.0
13.822,5,23558.4,14325.1,15.0,23551.9,14347.6,22.4,23572.4,14310.2,23.3,1.2
13.822,6,23591.3,15090.6,15.0,23606.8,15066.8,35.7,23579.7,15086.8,22.8,1.3
13.822,7,23682.6,14006.2,15.0,23667.7,14024.2,32.1,23692.5,14013.5,22.6,1.2
13.822,8,23212.3,15240.3,15.0,23185.1,15254.6,22.4,23249.2,15236.1,26.1,1.2
13.822,9,23681.4,13904.8,15.0,23668.8,13957.6,45.7,23699.4,13890.2,23.4,1.0
13.822,10,23492.9,14071.8,15.0,23484.4,14086.7,22.2,23508.9,14079.0,27.8,1.5
13.822,11,23646.8,15148.2,15.0,23638.8,15135.2,26.9,23635.1,15164.7,23.2,0.9
13.822,12,23586.0,14644.8,15.0,23592.5,14622.1,22.3,23571.9,14660.3,23.1,1.2
13.822,13,23650.7,15253.5,15.0,23652.0,15269.0,23.3,23670.6,15252.5,30.8,1.0
13.847,0,23507.2,15216.7,15.0,23530.9,15238.6,38.7,23511.7,15205.6,22.6,1.3
13.847,1,23568.7,15273.1,15.0,23580.0,15292.7,31.3,23579.1,15266.5,22.4,1.3
13.847,2,23669.8,14244.1,15.0,23654.1,14232.2,24.1,23677.1,14267.1,22.8,1.3
13.847,3,23646.1,14238.5,15.0,23634.3,14286.8,43.4,23662.5,14226.0,22.7,1.0
13.847,4,23528.3,14919.0,15.0,23522.5,14931.6,23.2,23548.0,14928.4,31.8,1.0
13.847,5,23558.4,14322.2,15.0,23552.1,14347.9,22.4,23572.6,14300.4,22.7,1.2
13.847,6,23591.3,15093.8,15.0,23606.9,15074.7,32.6,23580.9,15086.4,22.8,1.3
13.847,7,23682.6,14003.2,15.0,23667.6,14016.2,30.0,23691.5,14014.3,22.6,1.2
13.847,8,23209.3,15240.1,15.0,23183.3,15254.9,22.5,23251.2,15235.4,30.3,1.2
13.847,9,23681.4,13902.3,15.0,23667.8,13954.6,46.9,23698.9,13891.0,23.4,1.0
13.847,10,23492.9,14068.2,15.0,23485.1,14087.6,22.3,23508.7,14064.9,24.9,1.5
13.847,11,23648.4,15146.8,15.0,23645.6,15129.8,25.2,23635.9,15166.1,23.2,0.9
13.847,12,23586.0,14647.8,15.0,23592.3,14621.9,22.3,23571.6,14669.6,22.4,1.2
13.847,13,23648.8,15251.6,15.0,23654.5,15269.2,23.4,23664.0,15244.8,28.6,1.0
13.873,0,23504.1,15215.9,15.0,23521.3,15235.9,34.1,23511.2,15206.6,22.5,1.3
13.873,1,23565.6,15272.1,15.0,23572.3,15290.1,29.4,23579.5,15267.7,22.3,1.3
13.873,2,23669.8,14240.8,15.0,23653.9,14220.5,23.1,23676.8,14267.8,22.9,1.3
13.873,3,23646.1,14235.8,15.0,23633.4,14283.7,45.2,23662.0,14226.1,22.7,1.0
13.873,4,23527.4,14916.5,15.0,23523.7,14932.4,23.2,23545.3,14921.1,29.9,1.0
13.873,5,23558.4,14319.1,15.0,23552.1,14347.8,22.7,23573.1,14294.0,22.4,1.2
13.873,6,23591.3,15097.0,15.0,23607.0,15083.2,30.5,23582.0,15085.5,22.7,1.3
13.873,7,23682.6,14000.1,15.0,23667.7,14005.9,27.6,23690.6,14015.3,22.6,1.2
13.873,8,23206.3,15239.8,15.0,23183.0,15255.2,22.7,23252.5,15234.4,35.4,1.2
13.873,9,23681.4,13899.7,15.0,23667.0,13951.5,49.7,23698.3,13890.9,23.4,1.0
13.873,10,23492.9,14064.4,15.0,23485.6,14088.2,22.4,23508.8,14051.3,23.1,1.5
13.873,11,23650.0,15145.3,15.0,23651.9,15122.2,24.2,23637.4,15167.7,23.2,0.9
13.873,12,23586.0,14651.0,15.0,23592.4,14622.1,22.7,23571.1,14675.1,22.1,1.2
13.873,13,23647.0,15249.7,15.0,23655.9,15269.6,23.4,23655.2,15236.2,26.3,1.0
13.898,0,23501.0,15215.1,15.0,23513.5,15233.9,31.3,23511.5,15207.8,22.5,1.3
13.898,1,23562.7,15271.1,15.0,23561.2,15286.2,26.6,23580.2,15268.8,22.3,1.3
13.898,2,23669.8,14237.7,15.0,23653.4,14212.9,22.7,23676.8,14268.2,23.2,1.3
13.898,3,23646.1,14233.2,15.0,23632.6,14280.7,48.1,23661.4,14226.0,22.8,1.0
13.898,4,23526.6,14914.1,15.0,23525.0,14933.5,23.2,23541.6,14911.0,27.3,1.0
13.898,5,23558.4,14316.2,15.0,23551.9,14347.8,23.5,23573.8,14290.6,22.1,1.2
13.898,6,23591.3,15100.1,15.0,23606.9,15094.7,27.7,23583.0,15084.2,22.7,1.3
13.898,7,23682.6,13997.2,15.0,23667.8,13993.0,25.1,23689.8,14016.5,22.6,1.2
13.898,8,23203.4,15239.6,15.0,23183.8,15255.3,22.8,23252.5,15233.1,40.1,1.2
13.898,9,23681.4,13897.2,15.0,23666.1,13949.2,53.8,23697.6,13890.7,23.4,1.0
13.898,10,23492.9,14060.9,15.0,23485.8,14088.8,22.6,23509.1,14041.2,22.1,1.5
13.898,11,23651.3,15143.7,15.0,23654.6,15115.3,23.8,23639.3,15169.4,23.2,0.9
13.898,12,23586.0,14654.0,15.0,23592.6,14622.0,23.8,23570.5,14678.5,21.9,1.2
13.898,13,23645.2,15247.9,15.0,23657.1,15270.3,23.3,23645.1,15226.1,24.4,1.0
13.926,0,23497.6,15214.2,15.0,23505.3,15231.9,29.5,23511.6,15208.8,22.5,1.3
13.926,1,23559.3,15270.0,15.0,23548.5,15281.8,24.3,23580.4,15269.4,22.3,1.3
13.926,2,23669.8,14234.1,15.0,23652.8,14208.4,22.3,23677.0,14267.8,24.0,1.3
13.926,3,23646.1,14230.2,15.0,23631.8,14278.1,52.2,23660.7,14225.1,22.8,1.0
13.926,4,23525.7,14911.4,15.0,23525.8,14934.1,23.2,23537.3,14899.1,25.3,1.0
13.926,5,23558.4,14312.9,15.0,23551.4,14347.9,25.5,23574.3,14287.6,22.2,1.2
13.926,6,23591.3,15103.7,15.0,23606.7,15108.5,25.2,23583.7,15083.6,22.7,1.3
13.926,7,23682.6,13993.8,15.0,23668.0,13978.5,23.6,23689.3,14017.0,22.6,1.2
13.926,8,23200.0,15239.3,15.0,23184.4,15255.2,23.0,23250.6,15231.8,43.1,1.2
13.926,9,23681.4,13894.4,15.0,23665.4,13945.3,56.2,23696.8,13890.0,23.4,1.0
13.926,10,23492.9,14056.8,15.0,23485.7,14088.0,23.2,23509.7,14035.9,21.7,1.5
13.926,11,23652.5,15141.6,15.0,23654.5,15108.8,23.9,23642.4,15170.9,23.3,0.9
13.926,12,23586.0,14657.5,15.0,23593.1,14621.8,26.1,23569.9,14681.6,22.0,1.2
13.926,13,23643.1,15245.8,15.0,23657.6,15270.5,23.4,23637.4,15217.7,24.0,1.0
13.957,0,23493.7,15213.3,15.0,23491.7,15228.2,26.4,23512.0,15209.9,22.4,1.3
13.957,1,23555.5,15268.8,15.0,23534.6,15277.5,22.9,23580.5,15269.8,22.4,1.3
13.957,2,23669.8,14230.0,15.0,23652.1,14204.6,22.5,23677.5,14268.1,26.5,1.3
13.957,3,23646.1,14226.9,15.0,23631.3,14272.0,52.4,23659.8,14224.0,22.7,1.0
13.957,4,23524.6,14908.3,15.0,23526.4,14934.7,23.2,23532.2,14884.2,24.1,1.0
13.957,5,23558.4,14309.1,15.0,23550.6,14349.4,30.0,23574.8,14285.1,22.3,1.2
13.957,6,23591.3,15107.8,15.0,23606.7,15124.6,23.4,23584.2,15083.0,22.8,1.3
13.957,7,23682.6,13990.0,15.0,23667.7,13966.9,22.8,23689.1,14017.1,22.7,1.2
13.957,8,23196.3,15239.0,15.0,23184.2,15254.7,23.0,23246.6,15230.4,44.3,1.2
13.957,9,23681.4,13891.2,15.0,23665.1,13938.2,54.9,23695.8,13889.2,23.4,1.0
13.957,10,23492.9,14052.2,15.0,23485.3,14088.1,25.5,23510.3,14030.9,21.9,1.5
13.957,11,23653.6,15139.2,15.0,23650.6,15105.5,23.4,23647.0,15171.7,23.6,0.9
13.957,12,23586.0,14661.4,15.0,23594.1,14620.3,30.9,23569.5,14684.2,22.2,1.2
13.957,13,23640.9,15243.4,15.0,23657.6,15270.7,23.5,23631.8,15211.0,23.9,1.0
13.983,0,23490.5,15212.5,15.0,23475.1,15224.1,23.6,23513.7,15210.9,22.5,1.3
13.983,1,23552.4,15267.8,15.0,23525.5,15275.3,22.3,23581.4,15270.0,22.6,1.3
13.983,2,23669.8,14226.7,15.0,23651.6,14202.7,22.8,23678.7,14271.7,32.3,1.3
13.983,3,23646.1,14224.2,15.0,23631.4,14262.1,46.9,23658.7,14224.0,22.7,1.0
13.983,4,23523.8,14905.7,15.0,23526.9,14936.0,23.2,23529.3,14874.0,23.8,1.0
13.983,5,23558.4,14306.1,15.0,23549.2,14351.4,36.3,23575.1,14285.6,22.5,1.2
13.983,6,23591.3,15111.0,15.0,23607.1,15135.4,22.7,23584.4,15081.7,23.0,1.3
13.983,7,23682.6,13986.9,15.0,23667.0,13961.0,22.4,23689.2,14017.7,23.1,1.2
13.983,8,23193.2,15238.8,15.0,23184.0,15254.0,23.0,23243.1,15228.8,47.7,1.2
13.983,9,23681.4,13888.5,15.0,23665.4,13925.6,46.6,23694.6,13889.5,23.4,1.0
13.983,10,23492.9,14048.5,15.0,23484.2,14091.3,30.7,23510.8,14027.9,22.3,1.5
13.983,11,23654.2,15137.1,15.0,23646.7,15103.7,23.3,23650.8,15173.3,25.0,0.9
13.983,12,23586.0,14664.5,15.0,23595.5,14618.6,37.5,23569.2,14683.5,22.5,1.2
13.983,13,23639.0,15241.4,15.0,23657.7,15271.6,24.3,23630.3,15207.8,23.4,1.0
14.008,0,23487.4,15211.8,15.0,23464.3,15221.8,22.7,23514.2,15211.2,22.5,1.3
14.008,1,23549.4,15266.9,15.0,23521.3,15274.8,21.9,23581.3,15269.6,23.3,1.3
14.008,2,23669.8,14223.5,15.0,23651.4,14202.7,23.1,23679.9,14273.1,38.2,1.3
14.008,3,23646.1,14221.5,15.0,23631.6,14251.2,40.5,23657.7,14223.8,22.7,1.0
14.008,4,23523.0,14903.3,15.0,23526.6,14936.1,23.6,23528.9,14870.1,23.4,1.0
14.008,5,23558.3,14303.1,15.0,23548.1,14350.6,40.3,23575.0,14286.5,22.6,1.2
14.008,6,23591.3,15114.3,15.0,23607.8,15139.7,22.3,23584.3,15081.8,23.5,1.3
14.008,7,23682.6,13983.9,15.0,23666.3,13957.9,22.3,23689.5,14018.1,24.7,1.2
14.008,8,23190.2,15238.6,15.0,23183.1,15253.2,22.9,23240.6,15227.7,52.1,1.2
14.008,9,23681.4,13886.0,15.0,23665.7,13913.9,39.8,23693.5,13889.7,23.4,1.0
14.008,10,23492.9,14044.8,15.0,23483.0,14092.8,36.4,23511.0,14026.4,22.8,1.5
14.008,11,23654.6,15134.9,15.0,23642.7,15103.1,23.3,23655.3,15174.3,26.8,0.9
14.008,12,23586.0,14667.6,15.0,23596.6,14619.9,40.9,23569.4,14682.8,22.6,1.2
14.008,13,23637.2,15239.5,15.0,23657.7,15272.7,26.4,23629.6,15205.8,23.4,1.0
14.033,0,23484.3,15211.1,15.0,23457.6,15220.8,22.3,23514.3,15211.2,22.8,1.3
14.033,1,23546.4,15266.0,15.0,23518.5,15274.7,22.1,23582.0,15269.2,25.4,1.3
14.033,2,23669.8,14220.3,15.0,23651.4,14203.3,23.3,23681.2,14272.4,42.6,1.3
14.033,3,23646.1,14219.0,15.0,23631.9,14239.8,35.0,23656.7,14223.8,22.8,1.0
14.033,4,23522.2,14900.8,15.0,23526.3,14936.7,24.8,23528.9,14867.4,23.2,1.0
14.033,5,23558.3,14300.2,15.0,23547.0,14348.5,42.7,23574.8,14287.1,22.7,1.2
14.033,6,23591.3,15117.4,15.0,23608.4,15142.7,22.4,23583.8,15081.1,25.6,1.3
14.033,7,23682.6,13980.9,15.0,23665.8,13955.6,22.5,23690.2,14019.4,27.6,1.2
14.033,8,23187.3,15238.3,15.0,23182.1,15252.4,22.8,23235.7,15226.7,53.2,1.2
14.033,9,23681.4,13883.5,15.0,23665.8,13904.2,35.3,23692.4,13890.2,23.4,1.0
14.033,10,23492.9,14041.2,15.0,23481.8,14092.5,41.4,23511.0,14025.9,23.3,1.5
14.033,11,23654.7,15132.8,15.0,23638.9,15103.7,23.3,23660.2,15175.9,30.3,0.9
14.033,12,23586.0,14670.7,15.0,23597.6,14622.5,42.8,23569.7,14682.6,22.7,1.2
14.033,13,23635.5,15237.6,15.0,23658.4,15275.0,30.4,23629.4,15204.5,23.4,1.0
14.058,0,23481.3,15210.4,15.0,23453.6,15220.7,22.0,23514.3,15210.8,23.7,1.3
14.058,1,23543.4,15265.1,15.0,23516.3,15274.6,22.2,23583.8,15268.8,29.1,1.3
14.058,2,23669.8,14217.1,15.0,23651.7,14203.6,23.5,23682.3,14270.3,45.2,1.3
14.058,3,23646.1,14216.4,15.0,23631.8,14232.8,31.9,23655.7,14224.4,22.7,1.0
14.058,4,23521.4,14898.4,15.0,23525.9,14937.8,27.1,23529.0,14865.5,23.2,1.0
14.058,5,23558.3,14297.3,15.0,23546.1,14345.3,43.9,23574.3,14287.2,22.8,1.2
14.058,6,23591.3,15120.5,15.0,23608.9,15145.1,22.6,23583.1,15079.4,29.2,1.3
14.058,7,23682.6,13978.0,15.0,23665.4,13954.1,22.6,23691.1,14021.2,32.1,1.2
14.058,8,23184.4,15238.1,15.0,23181.2,15251.4,22.8,23228.4,15226.0,50.5,1.2
14.058,9,23681.4,13881.0,15.0,23665.7,13896.8,32.2,23691.4,13891.1,23.4,1.0
14.058,10,23492.9,14037.6,15.0,23480.6,14090.5,44.5,23510.7,14025.3,23.6,1.5
14.058,11,23654.6,15130.7,15.0,23635.5,15105.4,23.2,23665.8,15176.4,34.2,0.9
14.058,12,23586.0,14673.7,15.0,23598.6,14625.8,44.4,23570.2,14683.1,22.8,1.2
14.058,13,23633.7,15235.7,15.0,23658.6,15277.0,35.3,23629.8,15204.2,23.3,1.0
14.083,0,23478.1,15209.7,15.0,23450.6,15220.7,22.2,23514.8,15210.3,25.7,1.3
14.083,1,23540.3,15264.2,15.0,23515.2,15274.8,22.4,23585.3,15268.0,34.0,1.3
14.083,2,23669.8,14213.9,15.0,23652.2,14203.3,23.6,23683.3,14266.8,46.6,1.3
14.083,3,23646.1,14213.7,15.0,23631.7,14225.3,29.7,23654.7,14225.2,22.7,1.0
14.083,4,23520.6,14895.9,15.0,23525.6,14940.0,31.3,23529.3,14864.3,23.2,1.0
14.083,5,23558.3,14294.3,15.0,23545.2,14341.9,46.5,23573.8,14286.2,22.7,1.2
14.083,6,23591.3,15123.8,15.0,23609.2,15146.5,22.8,23582.1,15077.7,34.1,1.3
14.083,7,23682.6,13974.9,15.0,23665.2,13954.3,22.8,23692.2,14022.1,37.4,1.2
14.083,8,23181.4,15237.9,15.0,23180.4,15250.4,22.7,23217.5,15225.4,44.2,1.2
14.083,9,23681.4,13878.4,15.0,23665.6,13889.2,30.3,23690.4,13892.3,23.4,1.0
14.083,10,23492.9,14034.0,15.0,23479.5,14086.9,45.8,23510.3,14023.9,23.7,1.5
14.083,11,23654.3,15128.6,15.0,23632.7,15108.5,23.2,23672.0,15175.4,38.5,0.9
14.083,12,23586.0,14676.8,15.0,23599.4,14629.3,47.2,23570.7,14684.3,22.7,1.2
14.083,13,23632.0,15233.7,15.0,23658.0,15278.5,40.6,23630.8,15204.8,23.4,1.0
14.108,0,23475.1,15209.0,15.0,23448.6,15220.8,22.4,23517.0,15209.8,29.9,1.3
14.108,1,23537.4,15263.4,15.0,23515.4,15275.0,22.7,23586.1,15266.7,39.1,1.3
14.108,2,23669.8,14210.8,15.0,23652.8,14202.1,23.5,23684.3,14263.4,49.6,1.3
14.108,3,23646.1,14211.1,15.0,23631.7,14216.4,27.6,23653.9,14226.4,22.7,1.0
14.108,4,23519.9,14893.5,15.0,23524.8,14941.8,36.4,23529.8,14864.7,23.2,1.0
14.108,5,23558.3,14291.4,15.0,23544.3,14339.3,50.5,23573.1,14285.2,22.7,1.2
14.108,6,23591.3,15126.9,15.0,23609.4,15146.3,23.1,23580.8,15076.8,39.9,1.3
14.108,7,23682.6,13972.0,15.0,23665.3,13955.2,22.9,23693.4,14021.3,41.3,1.2
14.108,8,23178.5,15237.7,15.0,23180.3,15249.4,22.7,23205.6,15224.8,37.6,1.2
14.108,9,23681.4,13875.9,15.0,23665.7,13878.7,27.8,23689.5,13893.8,23.4,1.0
14.108,10,23492.9,14030.4,15.0,23478.4,14083.3,48.9,23509.8,14021.7,23.5,1.5
14.108,11,23653.7,15126.6,15.0,23631.0,15112.3,23.2,23677.8,15172.6,41.8,0.9
14.108,12,23586.0,14679.8,15.0,23600.3,14631.8,51.5,23571.4,14685.6,22.6,1.2
14.108,13,23630.3,15231.8,15.0,23656.1,15278.6,43.9,23632.1,15206.3,23.3,1.0
14.133,0,23471.9,15208.4,15.0,23447.6,15221.0,22.6,23518.3,15208.9,34.9,1.3
14.133,1,23534.2,15262.5,15.0,23515.8,15275.0,22.9,23584.8,15265.0,42.3,1.3
14.133,2,23669.8,14207.4,15.0,23653.5,14200.5,23.4,23685.3,14260.5,53.9,1.3
14.133,3,23646.1,14208.4,15.0,23631.9,14204.9,25.5,23653.2,14227.4,22.8,1.0
14.133,4,23519.1,14890.9,15.0,23523.5,14942.1,41.0,23530.3,14865.7,23.2,1.0
14.133,5,23558.3,14288.3,15.0,23543.8,14334.9,52.3,23572.4,14284.0,22.6,1.2
14.133,6,23591.3,15130.2,15.0,23609.2,15145.8,23.3,23579.7,15078.3,43.3,1.3
14.133,7,23682.6,13968.9,15.0,23665.6,13955.6,23.0,23694.4,14018.9,43.6,1.2
14.133,8,23175.4,15237.5,15.0,23180.5,15248.3,22.6,23196.4,15224.2,33.6,1.2
14.133,9,23681.4,13873.3,15.0,23665.9,13866.4,25.8,23688.9,13895.0,23.4,1.0
14.133,10,23492.9,14026.7,15.0,23477.4,14080.0,53.0,23509.3,14019.0,23.3,1.5
14.133,11,23652.9,15124.6,15.0,23630.1,15116.1,23.3,23683.4,15168.1,44.3,0.9
14.133,12,23586.0,14683.0,15.0,23600.7,14637.2,51.9,23572.1,14687.1,22.5,1.2
14.133,13,23628.5,15229.7,15.0,23653.4,15277.5,45.5,23632.7,15207.4,23.3,1.0
14.158,0,23468.8,15207.7,15.0,23447.9,15221.2,22.8,23518.7,15207.5,39.9,1.3
14.158,1,23531.2,15261.7,15.0,23516.0,15274.8,23.0,23582.1,15262.9,43.8,1.3
14.158,2,23669.8,14204.3,15.0,23654.3,14199.0,23.3,23685.9,14255.6,55.7,1.3
14.158,3,23646.1,14205.8,15.0,23632.0,14191.2,23.7,23652.6,14228.4,22.7,1.0
14.158,4,23518.4,14888.5,15.0,23521.9,14941.4,44.3,23530.8,14867.6,23.2,1.0
14.158,5,23558.3,14285.4,15.0,23543.5,14327.9,50.3,23571.5,14283.0,22.6,1.2
14.158,6,23591.3,15133.3,15.0,23608.8,15145.6,23.4,23578.5,15081.1,45.2,1.3
14.158,7,23682.6,13965.9,15.0,23666.1,13955.7,23.0,23695.4,14015.6,45.0,1.2
14.158,8,23172.5,15237.3,15.0,23181.3,15247.3,22.6,23188.4,15223.5,30.8,1.2
14.158,9,23681.4,13870.8,15.0,23666.1,13852.2,24.4,23688.4,13896.3,23.4,1.0
14.158,10,23492.9,14023.1,15.0,23476.7,14075.2,55.2,23508.5,14016.7,23.1,1.5
14.158,11,23652.1,15122.6,15.0,23630.8,15116.9,23.2,23683.3,15165.5,45.2,0.9
14.158,12,23586.0,14686.0,15.0,23600.8,14645.3,48.3,23573.0,14688.2,22.5,1.2
14.158,13,23626.8,15227.8,15.0,23650.4,15276.0,47.2,23632.9,15208.3,23.4,1.0
14.183,0,23465.8,15207.1,15.0,23448.6,15221.1,23.1,23517.5,15205.9,43.2,1.3
14.183,1,23528.2,15260.9,15.0,23515.3,15274.1,23.0,23579.1,15260.9,45.9,1.3
14.183,2,23669.8,14201.1,15.0,23655.2,14197.8,23.2,23686.2,14248.0,53.1,1.3
14.183,3,23646.1,14203.2,15.0,23631.9,14180.7,23.3,23652.4,14229.1,22.7,1.0
14.183,4,23517.7,14886.0,15.0,23520.0,14938.9,45.3,23530.7,14868.7,23.2,1.0
14.183,5,23558.3,14282.5,15.0,23543.7,14317.5,44.0,23570.6,14282.2,22.5,1.2
14.183,6,23591.3,15136.4,15.0,23608.3,15146.2,23.4,23577.5,15084.5,47.1,1.3
14.183,7,23682.6,13963.0,15.0,23666.6,13954.8,23.0,23696.3,14012.3,47.8,1.2
14.183,8,23169.6,15237.1,15.0,23182.4,15246.3,22.6,23180.2,15222.9,28.9,1.2
14.183,9,23681.4,13868.3,15.0,23665.9,13842.5,24.0,23688.1,13897.1,23.4,1.0
14.183,10,23492.9,14019.5,15.0,23476.4,14067.6,53.0,23507.7,14014.5,22.9,1.5
14.183,11,23651.3,15120.7,15.0,23631.4,15117.1,23.3,23682.9,15163.1,46.5,0.9
14.183,12,23586.0,14689.1,15.0,23600.6,14656.1,42.1,23574.0,14689.1,22.4,1.2
14.183,13,23625.2,15225.8,15.0,23647.4,15274.3,50.0,23632.5,15208.7,23.4,1.0
14.208,0,23462.7,15206.5,15.0,23448.4,15220.8,23.1,23514.4,15204.1,44.4,1.3
14.208,1,23525.2,15260.1,15.0,23514.2,15273.3,22.9,23576.2,15259.0,49.1,1.3
14.208,2,23669.8,14197.9,15.0,23656.2,14196.7,23.1,23685.9,14236.5,46.3,1.3
14.208,3,23646.1,14200.6,15.0,23631.5,14173.2,23.2,23652.3,14229.4,22.8,1.0
14.208,4,23516.9,14883.6,15.0,23518.1,14936.2,47.2,23530.4,14869.2,23.2,1.0
14.208,5,23558.3,14279.5,15.0,23544.0,14306.2,37.7,23569.6,14281.7,22.5,1.2
14.208,6,23591.3,15139.6,15.0,23607.7,15147.6,23.3,23576.6,15087.9,50.4,1.3
14.208,7,23682.6,13960.0,15.0,23667.3,13953.7,22.9,23697.2,14009.6,51.9,1.2
14.208,8,23166.6,15237.0,15.0,23183.5,15245.6,22.6,23168.2,15222.3,26.3,1.2
14.208,9,23681.4,13865.8,15.0,23665.4,13835.8,23.9,23688.1,13897.5,23.6,1.0
14.208,10,23492.9,14015.9,15.0,23476.6,14055.9,46.2,23506.7,14012.8,22.7,1.5
14.208,11,23650.5,15118.7,15.0,23631.8,15116.7,23.3,23682.4,15160.6,48.7,0.9
14.208,12,23586.0,14692.1,15.0,23600.3,14667.8,36.1,23575.0,14689.6,22.3,1.2
14.208,13,23623.5,15223.8,15.0,23645.0,15273.3,54.3,23631.8,15209.0,23.4,1.0
14.232,0,23459.6,15205.9,15.0,23447.7,15220.1,23.1,23511.3,15202.3,46.7,1.3
14.232,1,23522.2,15259.4,15.0,23513.1,15272.3,22.8,23573.8,15257.2,53.5,1.3
14.232,2,23669.8,14194.8,15.0,23657.3,14196.4,23.0,23685.6,14224.1,39.3,1.3
14.232,3,23646.1,14198.1,15.0,23630.9,14169.9,22.8,23652.5,14229.2,23.2,1.0
14.232,4,23516.3,14881.2,15.0,23516.2,14933.7,50.3,23529.8,14869.4,23.2,1.0
14.232,5,23558.3,14276.6,15.0,23544.1,14296.6,33.4,23568.5,14281.9,22.4,1.2
14.232,6,23591.3,15142.7,15.0,23607.0,15148.9,23.2,23575.7,15090.5,55.0,1.3
14.232,7,23682.6,13957.1,15.0,23668.1,13952.6,22.9,23697.8,14005.1,53.5,1.2
14.232,8,23163.8,15236.8,15.0,23184.6,15245.0,22.6,23154.6,15221.6,24.0,1.2
14.232,9,23681.4,13863.4,15.0,23664.7,13832.6,23.5,23688.3,13897.6,24.0,1.0
14.232,10,23492.9,14012.4,15.0,23476.9,14043.3,39.2,23505.6,14012.1,22.6,1.5
14.232,11,23649.8,15116.8,15.0,23632.3,15116.3,23.3,23682.2,15158.6,51.8,0.9
14.232,12,23586.0,14695.1,15.0,23600.4,14676.0,32.4,23576.0,14689.4,22.3,1.2
14.232,13,23621.9,15221.9,15.0,23641.4,15270.3,55.7,23631.1,15209.3,23.4,1.0
14.258,0,23456.4,15205.2,15.0,23446.2,15219.3,23.0,23508.2,15200.6,50.2,1.3
14.258,1,23519.0,15258.5,15.0,23511.6,15271.2,22.7,23567.7,15255.1,52.6,1.3
14.258,2,23669.8,14191.4,15.0,23658.4,14196.3,22.9,23685.6,14214.2,35.0,1.3
14.258,3,23646.1,14195.3,15.0,23630.3,14167.4,22.8,23652.8,14229.4,24.7,1.0
14.258,4,23515.5,14878.5,15.0,23514.6,14931.6,54.5,23529.0,14869.0,23.2,1.0
14.258,5,23558.3,14273.5,15.0,23543.9,14288.9,30.7,23567.5,14282.0,22.4,1.2
14.258,6,23591.3,15146.1,15.0,23606.2,15150.7,23.1,23575.2,15096.6,54.7,1.3
14.258,7,23682.6,13953.9,15.0,23668.9,13951.4,22.8,23698.0,13998.0,51.4,1.2
14.258,8,23160.6,15236.6,15.0,23185.0,15244.7,22.6,23142.4,15220.8,23.1,1.2
14.258,9,23681.4,13860.7,15.0,23664.1,13830.4,23.4,23688.7,13898.1,25.8,1.0
14.258,10,23492.9,14008.6,15.0,23476.9,14033.3,35.0,23504.5,14011.5,22.4,1.5
14.258,11,23648.9,15114.7,15.0,23632.6,15115.6,23.3,23681.9,15156.6,55.3,0.9
14.258,12,23586.0,14698.3,15.0,23600.5,14683.9,30.1,23577.0,14689.1,22.2,1.2
14.258,13,23620.1,15219.7,15.0,23636.7,15265.4,53.7,23630.1,15209.4,23.4,1.0
14.283,0,23453.3,15204.6,15.0,23445.1,15218.3,22.9,23505.1,15199.0,54.0,1.3
14.283,1,23516.0,15257.8,15.0,23511.0,15270.0,22.6,23558.3,15252.6,47.2,1.3
14.283,2,23669.8,14188.3,15.0,23659.6,14197.2,22.8,23685.7,14205.6,32.0,1.3
14.283,3,23646.1,14192.7,15.0,23629.8,14165.8,22.8,23653.5,14230.9,27.7,1.0
14.283,4,23514.8,14876.1,15.0,23512.5,14926.7,54.8,23528.1,14869.0,23.2,1.0
14.283,5,23558.3,14270.6,15.0,23543.8,14280.7,28.7,23566.5,14283.2,22.4,1.2
14.283,6,23591.3,15149.2,15.0,23605.2,15151.6,23.0,23575.2,15106.0,49.9,1.3
14.283,7,23682.6,13950.9,15.0,23669.9,13950.7,22.7,23697.7,13986.6,44.5,1.2
14.283,8,23157.7,15236.4,15.0,23185.6,15244.5,22.7,23133.3,15219.9,22.8,1.2
14.283,9,23681.4,13858.2,15.0,23663.5,13829.0,23.4,23689.4,13900.0,29.1,1.0
14.283,10,23492.9,14005.0,15.0,23476.8,14024.6,32.2,23503.2,14012.2,22.3,1.5
14.283,11,23648.2,15112.8,15.0,23633.2,15115.0,23.2,23680.3,15152.3,54.9,0.9
14.283,12,23586.0,14701.4,15.0,23600.5,14693.0,27.9,23578.0,14688.1,22.2,1.2
14.283,13,23618.5,15217.7,15.0,23629.6,15256.7,46.7,23629.2,15210.1,23.4,1.0
14.308,0,23450.2,15204.1,15.0,23443.9,15217.3,22.8,23498.9,15197.3,53.1,1.3
14.308,1,23513.0,15257.1,15.0,23510.5,15268.9,22.5,23547.2,15250.0,40.8,1.3
14.308,2,23669.8,14185.1,15.0,23660.7,14198.4,22.8,23685.8,14197.0,30.0,1.3
14.308,3,23646.1,14190.1,15.0,23629.3,14164.8,22.8,23654.3,14232.6,31.9,1.0
14.308,4,23514.2,14873.6,15.0,23510.3,14919.5,51.4,23527.2,14868.9,23.2,1.0
14.308,5,23558.3,14267.7,15.0,23544.0,14269.3,26.2,23565.7,14284.2,22.4,1.2
14.308,6,23591.3,15152.3,15.0,23604.2,15152.4,22.9,23575.5,15117.6,43.2,1.3
14.308,7,23682.6,13948.0,15.0,23671.0,13950.4,22.7,23697.4,13975.0,38.0,1.2
14.308,8,23154.8,15236.2,15.0,23185.4,15244.6,23.2,23129.5,15219.1,22.4,1.2
14.308,9,23681.4,13855.7,15.0,23663.1,13828.2,23.4,23690.3,13902.0,33.5,1.0
14.308,10,23492.9,14001.4,15.0,23476.8,14015.4,30.1,23502.1,14013.0,22.3,1.5
14.308,11,23647.4,15110.8,15.0,23633.8,15114.3,23.3,23678.3,15147.2,53.0,0.9
14.308,12,23586.0,14704.4,15.0,23600.3,14704.9,25.6,23578.8,14687.2,22.2,1.2
14.308,13,23616.9,15215.7,15.0,23622.5,15247.6,40.1,23628.5,15210.9,23.4,1.0
14.336,0,23446.7,15203.4,15.0,23442.5,15216.1,22.7,23488.6,15195.4,47.1,1.3
14.336,1,23509.5,15256.2,15.0,23510.0,15267.7,22.5,23535.4,15247.3,35.3,1.3
14.336,2,23669.8,14181.5,15.0,23661.6,14199.1,22.8,23685.6,14183.9,27.1,1.3
14.336,3,23646.1,14187.2,15.0,23629.1,14165.1,22.7,23655.4,14233.1,36.9,1.0
14.336,4,23513.4,14870.8,15.0,23507.5,14908.9,45.3,23526.1,14868.6,23.2,1.0
14.336,5,23558.3,14264.3,15.0,23544.1,14256.0,24.0,23565.1,14284.6,22.4,1.2
14.336,6,23591.3,15155.9,15.0,23603.1,15153.2,22.9,23575.8,15130.6,36.9,1.3
14.336,7,23682.6,13944.6,15.0,23672.0,13950.1,22.6,23697.4,13965.1,33.8,1.2
14.336,8,23151.4,15236.0,15.0,23185.4,15245.0,24.8,23126.3,15218.3,22.4,1.2
14.336,9,23681.4,13852.8,15.0,23662.9,13828.8,23.4,23691.4,13902.8,38.7,1.0
14.336,10,23492.9,13997.3,15.0,23476.9,14002.2,27.2,23501.2,14013.4,22.3,1.5
14.336,11,23646.6,15108.6,15.0,23634.3,15113.5,23.2,23674.9,15139.3,47.7,0.9
14.336,12,23586.0,14707.9,15.0,23600.2,14718.8,23.5,23579.3,14686.9,22.2,1.2
14.336,13,23615.1,15213.4,15.0,23615.9,15239.4,35.3,23627.8,15211.6,23.4,1.0
14.367,0,23442.8,15202.8,15.0,23441.7,15214.8,22.6,23475.1,15193.1,39.6,1.3
14.367,1,23505.7,15255.4,15.0,23510.3,15266.5,22.4,23526.6,15245.0,31.7,1.3
14.367,2,23669.8,14177.5,15.0,23662.3,14200.0,22.8,23685.4,14167.0,24.3,1.3
14.367,3,23646.1,14183.9,15.0,23629.2,14166.3,22.7,23656.6,14232.0,41.0,1.0
14.367,4,23512.6,14867.7,15.0,23504.3,14896.0,38.0,23524.9,14868.8,23.2,1.0
14.367,5,23558.3,14260.7,15.0,23544.1,14241.8,22.9,23564.7,14285.0,22.4,1.2
14.367,6,23591.3,15159.9,15.0,23601.8,15153.1,22.8,23575.6,15140.1,33.0,1.3
14.367,7,23682.6,13940.9,15.0,23673.2,13950.5,22.6,23697.5,13955.8,30.7,1.2
14.367,8,23147.8,15235.8,15.0,23186.6,15245.8,28.4,23123.6,15217.6,22.5,1.2
14.367,9,23681.4,13849.7,15.0,23663.0,13830.3,23.4,23692.7,13901.9,43.1,1.0
14.367,10,23492.9,13992.8,15.0,23477.1,13985.0,24.0,23500.4,14014.0,22.3,1.5
14.367,11,23645.7,15106.1,15.0,23635.1,15112.8,23.2,23670.9,15129.6,41.6,0.9
14.367,12,23586.0,14711.7,15.0,23600.3,14731.6,22.5,23579.7,14686.7,22.3,1.2
14.367,13,23613.1,15210.9,15.0,23610.1,15232.4,31.9,23627.3,15213.1,23.4,1.0
14.393,0,23439.6,15202.2,15.0,23442.5,15213.6,22.5,23463.3,15191.1,33.9,1.3
14.393,1,23502.5,15254.6,15.0,23512.2,15265.6,22.3,23517.4,15242.7,29.3,1.3
14.393,2,23669.8,14174.2,15.0,23662.7,14201.6,22.9,23685.6,14153.2,23.0,1.3
14.393,3,23646.1,14181.2,15.0,23629.6,14168.2,22.7,23657.8,14229.7,43.3,1.0
14.393,4,23512.0,14865.1,15.0,23501.7,14886.4,33.3,23524.0,14870.4,23.2,1.0
14.393,5,23558.3,14257.6,15.0,23543.6,14232.8,22.5,23564.6,14285.8,22.6,1.2
14.393,6,23591.3,15163.1,15.0,23600.5,15151.3,22.7,23575.5,15149.8,30.4,1.3
14.393,7,23682.6,13937.8,15.0,23674.4,13952.3,22.6,23697.5,13945.0,28.1,1.2
14.393,8,23144.7,15235.7,15.0,23189.0,15247.1,34.4,23123.2,15217.2,22.6,1.2
14.393,9,23681.4,13847.1,15.0,23663.3,13832.5,23.4,23694.0,13899.9,45.6,1.0
14.393,10,23492.9,13989.1,15.0,23476.8,13971.6,22.4,23500.0,14015.5,22.5,1.5
14.393,11,23644.9,15104.1,15.0,23636.2,15113.0,23.3,23666.7,15119.4,36.0,0.9
14.393,12,23586.0,14714.8,15.0,23600.9,14738.8,22.1,23579.7,14686.1,22.6,1.2
14.393,13,23611.4,15208.7,15.0,23604.1,15224.9,29.5,23627.6,15215.7,23.4,1.0
14.418,0,23436.4,15201.6,15.0,23443.3,15212.6,22.5,23455.1,15189.5,31.1,1.3
14.418,1,23499.4,15253.9,15.0,23513.4,15264.9,22.3,23505.5,15240.2,26.5,1.3
14.418,2,23669.8,14170.9,15.0,23662.7,14201.8,23.2,23686.2,14146.0,22.6,1.3
14.418,3,23646.1,14178.5,15.0,23630.1,14168.6,22.8,23658.7,14226.6,44.8,1.0
14.418,4,23511.3,14862.6,15.0,23499.6,14878.7,30.8,23523.2,14871.8,23.2,1.0
14.418,5,23558.3,14254.6,15.0,23542.9,14228.9,22.1,23564.8,14285.5,23.1,1.2
14.418,6,23591.3,15166.4,15.0,23599.5,15150.1,22.7,23575.7,15161.7,27.5,1.3
14.418,7,23682.6,13934.7,15.0,23675.2,13953.5,22.6,23697.4,13932.2,25.6,1.2
14.418,8,23141.7,15235.5,15.0,23189.2,15248.2,39.5,23123.7,15217.2,22.8,1.2
14.418,9,23681.4,13844.5,15.0,23663.9,13833.3,23.4,23694.9,13896.8,47.1,1.0
14.418,10,23492.9,13985.4,15.0,23476.3,13965.0,21.9,23500.0,14015.4,23.0,1.5
14.418,11,23644.2,15102.0,15.0,23637.3,15113.3,23.2,23664.6,15113.7,33.2,0.9
14.418,12,23586.0,14718.0,15.0,23601.5,14742.5,21.9,23579.4,14686.2,23.7,1.2
14.418,13,23609.8,15206.6,15.0,23596.6,15214.6,26.8,23627.8,15217.5,23.4,1.0
14.443,0,23433.3,15201.1,15.0,23444.5,15211.7,22.5,23446.5,15187.9,29.2,1.3
14.443,1,23496.3,15253.3,15.0,23514.5,15264.4,22.3,23492.0,15237.4,24.1,1.3
14.443,2,23669.8,14167.7,15.0,23662.5,14202.0,24.3,23686.8,14142.1,22.4,1.3
14.443,3,23646.1,14175.9,15.0,23630.7,14168.4,22.8,23659.5,14223.4,47.5,1.0
14.443,4,23510.7,14860.0,15.0,23497.4,14870.1,28.7,23522.6,14873.4,23.2,1.0
14.443,5,23558.3,14251.6,15.0,23542.3,14226.3,22.2,23565.2,14286.0,25.1,1.2
14.443,6,23591.3,15169.6,15.0,23598.8,15148.9,22.7,23575.8,15175.8,24.9,1.3
14.443,7,23682.6,13931.7,15.0,23675.8,13954.5,22.6,23697.2,13917.6,23.6,1.2
14.443,8,23138.7,15235.3,15.0,23187.8,15249.3,42.9,23124.7,15217.5,22.9,1.2
14.443,9,23681.4,13842.0,15.0,23664.5,13833.3,23.4,23695.8,13893.7,49.9,1.0
14.443,10,23492.9,13981.7,15.0,23475.7,13960.5,21.8,23500.3,14015.7,24.5,1.5
14.443,11,23643.5,15100.0,15.0,23638.4,15113.8,23.2,23662.5,15107.7,31.1,0.9
14.443,12,23586.0,14721.1,15.0,23602.1,14745.2,22.0,23578.9,14685.5,26.0,1.2
14.443,13,23608.3,15204.5,15.0,23588.4,15203.3,24.7,23628.0,15219.0,23.3,1.0
14.468,0,23430.2,15200.6,15.0,23445.7,15211.0,22.4,23434.3,15186.1,26.4,1.3
14.468,1,23493.3,15252.6,15.0,23515.4,15264.1,22.4,23479.6,15234.7,22.9,1.3
14.468,2,23669.8,14164.6,15.0,23662.0,14202.9,26.6,23687.4,14139.1,22.5,1.3
14.468,3,23646.1,14173.3,15.0,23631.4,14168.0,22.8,23660.4,14221.2,51.7,1.0
14.468,4,23510.1,14857.6,15.0,23494.7,14858.3,26.3,23522.1,14875.0,23.2,1.0
14.468,5,23558.3,14248.8,15.0,23541.9,14224.5,22.3,23565.9,14287.7,28.8,1.2
14.468,6,23591.3,15172.7,15.0,23598.3,15147.9,22.8,23575.9,15189.6,23.4,1.3
14.468,7,23682.6,13928.8,15.0,23676.0,13955.1,22.6,23697.4,13907.2,22.9,1.2
14.468,8,23135.8,15235.2,15.0,23184.7,15250.0,44.1,23125.1,15217.9,23.0,1.2
14.468,9,23681.4,13839.5,15.0,23665.2,13833.2,23.4,23696.7,13891.5,54.0,1.0
14.468,10,23492.9,13978.2,15.0,23475.2,13957.1,22.1,23500.9,14016.9,27.4,1.5
14.468,11,23642.8,15098.0,15.0,23639.4,15114.6,23.3,23660.4,15101.7,29.6,0.9
14.468,12,23586.0,14724.0,15.0,23602.5,14747.0,22.2,23578.0,14683.6,30.3,1.2
14.468,13,23606.8,15202.4,15.0,23581.0,15193.1,24.1,23628.3,15220.3,23.4,1.0
14.494,0,23426.9,15200.1,15.0,23446.5,15210.4,22.4,23420.5,15184.0,24.0,1.3
14.494,1,23490.0,15251.9,15.0,23515.5,15263.9,22.5,23470.4,15232.5,22.4,1.3
14.494,2,23669.8,14161.2,15.0,23661.1,14204.8,31.1,23687.8,14136.9,22.7,1.3
14.494,3,23646.1,14170.6,15.0,23632.1,14167.2,22.7,23660.8,14216.5,52.6,1.0
14.494,4,23509.4,14854.9,15.0,23491.7,14845.3,24.4,23521.8,14876.0,23.2,1.0
14.494,5,23558.3,14245.6,15.0,23541.5,14223.4,22.4,23566.9,14288.8,33.3,1.2
14.494,6,23591.3,15176.1,15.0,23598.1,15147.7,22.8,23575.5,15199.6,22.8,1.3
14.494,7,23682.6,13925.6,15.0,23676.1,13955.0,22.9,23697.9,13900.2,22.6,1.2
14.494,8,23132.7,15235.0,15.0,23181.2,15250.7,46.2,23124.3,15218.4,23.0,1.2
14.494,9,23681.4,13836.8,15.0,23666.0,13832.6,23.4,23697.3,13887.7,56.2,1.0
14.494,10,23492.9,13974.4,15.0,23474.8,13953.9,22.4,23501.8,14018.6,32.0,1.5
14.494,11,23642.0,15095.9,15.0,23640.3,15115.2,23.2,23657.2,15093.1,27.5,0.9
14.494,12,23586.0,14727.3,15.0,23602.7,14747.6,22.4,23577.0,14682.9,35.1,1.2
14.494,13,23605.1,15200.2,15.0,23575.5,15185.8,24.0,23628.4,15220.8,23.4,1.0
14.519,0,23423.8,15199.6,15.0,23447.4,15210.1,22.5,23408.0,15182.0,22.9,1.3
14.519,1,23486.9,15251.3,15.0,23515.4,15263.9,23.0,23466.3,15231.1,22.0,1.3
14.519,2,23669.8,14158.0,15.0,23659.9,14206.6,36.8,23688.1,14136.4,23.0,1.3
14.519,3,23646.1,14167.9,15.0,23633.1,14166.7,22.7,23661.0,14209.3,49.9,1.0
14.519,4,23508.8,14852.4,15.0,23488.9,14833.3,23.9,23521.6,14877.2,23.2,1.0
14.519,5,23558.3,14242.7,15.0,23541.4,14223.9,22.6,23568.1,14289.3,38.6,1.2
14.519,6,23591.3,15179.3,15.0,23598.2,15147.6,23.3,23574.9,15204.4,22.4,1.3
14.519,7,23682.6,13922.6,15.0,23675.8,13955.0,23.7,23698.5,13896.5,22.3,1.2
14.519,8,23129.7,15234.9,15.0,23178.1,15251.5,49.7,23123.4,15219.0,22.9,1.2
14.519,9,23681.4,13834.3,15.0,23666.9,13832.3,23.4,23697.6,13881.4,55.0,1.0
14.519,10,23492.9,13970.7,15.0,23474.7,13953.2,23.0,23503.1,14020.0,38.2,1.5
14.519,11,23641.3,15093.9,15.0,23641.2,15116.2,23.2,23653.6,15083.1,25.6,0.9
14.519,12,23586.0,14730.4,15.0,23602.7,14747.1,22.6,23575.8,14683.2,39.6,1.2
14.519,13,23603.6,15198.0,15.0,23572.8,15182.9,23.5,23628.4,15221.0,23.8,1.0
14.544,0,23420.7,15199.1,15.0,23447.8,15210.0,22.7,23399.7,15180.4,22.4,1.3
14.544,1,23483.9,15250.7,15.0,23515.8,15264.2,24.7,23463.3,15230.0,22.0,1.3
14.544,2,23669.8,14154.8,15.0,23658.6,14206.5,41.7,23688.1,14136.9,23.3,1.3
14.544,3,23646.1,14165.4,15.0,23634.0,14166.3,22.8,23660.7,14199.0,43.8,1.0
14.544,4,23508.3,14849.9,15.0,23486.7,14825.2,23.8,23521.6,14877.9,23.3,1.0
14.544,5,23558.3,14239.8,15.0,23541.6,14224.9,22.7,23569.2,14287.9,41.8,1.2
14.544,6,23591.3,15182.4,15.0,23598.6,15147.1,25.0,23574.3,15207.8,22.3,1.3
14.544,7,23682.6,13919.7,15.0,23675.4,13955.7,25.8,23699.1,13893.8,22.4,1.2
14.544,8,23126.8,15234.7,15.0,23175.2,15252.1,53.8,23122.4,15219.7,22.9,1.2
14.544,9,23681.4,13831.8,15.0,23667.9,13832.1,23.4,23697.4,13871.2,48.3,1.0
14.544,10,23492.9,13967.2,15.0,23474.8,13952.8,23.4,23504.4,14019.1,42.4,1.5
14.544,11,23640.7,15091.9,15.0,23641.8,15117.0,23.2,23649.8,15072.3,24.3,0.9
14.544,12,23586.0,14733.4,15.0,23602.5,14746.5,22.7,23574.8,14685.1,42.4,1.2
14.544,13,23602.1,15195.9,15.0,23570.9,15181.0,23.4,23628.9,15221.5,25.2,1.0
14.569,0,23417.5,15198.6,15.0,23447.4,15210.0,23.2,23395.5,15179.2,22.0,1.3
14.569,1,23480.8,15250.1,15.0,23516.8,15265.0,27.8,23460.8,15229.1,22.2,1.3
14.569,2,23669.8,14151.6,15.0,23657.5,14204.7,44.9,23687.9,14137.3,23.5,1.3
14.569,3,23646.1,14162.7,15.0,23635.0,14166.1,22.7,23660.4,14188.1,37.7,1.0
14.569,4,23507.7,14847.4,15.0,23485.4,14821.9,23.4,23521.6,14877.8,23.6,1.0
14.569,5,23558.3,14236.8,15.0,23542.0,14225.1,22.7,23570.1,14284.9,43.1,1.2
14.569,6,23591.3,15185.6,15.0,23599.2,15145.9,27.9,23573.7,15210.5,22.5,1.3
14.569,7,23682.6,13916.6,15.0,23674.6,13957.5,29.7,23699.6,13891.9,22.5,1.2
14.569,8,23123.8,15234.6,15.0,23169.0,15252.1,52.8,23121.1,15220.4,22.8,1.2
14.569,9,23681.4,13829.2,15.0,23668.8,13832.0,23.4,23697.1,13860.3,42.0,1.0
14.569,10,23492.9,13963.5,15.0,23475.1,13951.8,23.7,23505.6,14016.4,44.9,1.5
14.569,11,23640.0,15089.9,15.0,23642.2,15117.5,23.2,23647.0,15063.5,23.9,0.9
14.569,12,23586.0,14736.5,15.0,23602.0,14746.8,22.8,23573.8,14688.5,43.4,1.2
14.569,13,23600.6,15193.8,15.0,23569.4,15179.6,23.4,23629.8,15222.1,27.7,1.0
14.593,0,23414.5,15198.2,15.0,23448.0,15210.4,25.2,23392.6,15178.2,22.1,1.3
14.593,1,23477.8,15249.5,15.0,23518.4,15266.1,32.4,23459.3,15228.5,22.4,1.3
14.593,2,23669.8,14148.5,15.0,23656.4,14201.5,46.1,23687.4,14137.3,23.6,1.3
14.593,3,23646.1,14160.1,15.0,23636.0,14166.6,22.7,23660.4,14178.9,33.4,1.0
14.593,4,23507.1,14844.9,15.0,23484.3,14819.7,23.2,23522.0,14878.4,25.1,1.0
14.593,5,23558.2,14233.9,15.0,23542.5,14224.8,22.7,23571.0,14281.7,45.1,1.2
14.593,6,23591.3,15188.7,15.0,23600.2,15143.8,32.8,23573.3,15212.2,22.7,1.3
14.593,7,23682.6,13913.7,15.0,23673.5,13959.0,34.8,23699.9,13891.5,22.6,1.2
14.593,8,23120.9,15234.4,15.0,23159.6,15251.5,47.4,23120.3,15221.3,22.7,1.2
14.593,9,23681.4,13826.8,15.0,23669.9,13832.4,23.4,23696.8,13849.1,36.4,1.0
14.593,10,23492.9,13960.0,15.0,23475.6,13950.4,23.7,23506.6,14012.9,46.7,1.5
14.593,11,23639.3,15087.9,15.0,23642.4,15118.1,23.3,23645.1,15056.5,23.8,0.9
14.593,12,23586.0,14739.5,15.0,23601.5,14747.7,22.7,23572.9,14691.8,46.0,1.2
14.593,13,23599.2,15191.7,15.0,23568.5,15178.9,23.4,23631.7,15223.8,32.1,1.0
14.619,0,23411.3,15197.7,15.0,23449.3,15211.2,28.5,23390.2,15177.5,22.3,1.3
14.619,1,23474.6,15248.9,15.0,23518.9,15267.2,37.7,23459.0,15228.4,22.6,1.3
14.619,2,23669.8,14145.2,15.0,23655.4,14197.9,48.8,23686.9,14136.0,23.5,1.3
14.619,3,23646.1,14157.5,15.0,23637.0,14167.1,22.7,23660.5,14171.7,30.7,1.0
14.619,4,23506.6,14842.4,15.0,23483.4,14817.9,23.2,23522.6,14879.2,27.6,1.0
14.619,5,23558.2,14230.9,15.0,23543.0,14223.7,22.7,23571.9,14278.5,48.0,1.2
14.619,6,23591.3,15191.9,15.0,23601.3,15142.9,38.2,23573.2,15212.3,23.0,1.3
14.619,7,23682.6,13910.7,15.0,23672.4,13959.1,39.6,23700.0,13891.8,22.8,1.2
14.619,8,23117.9,15234.3,15.0,23148.5,15250.7,41.2,23119.6,15222.3,22.7,1.2
14.619,9,23681.4,13824.2,15.0,23670.9,13833.1,23.4,23697.0,13841.9,33.2,1.0
14.619,10,23492.9,13956.3,15.0,23476.0,13947.8,23.5,23507.6,14009.1,49.7,1.5
14.619,11,23638.7,15085.9,15.0,23642.2,15118.1,23.5,23644.5,15052.9,23.6,0.9
14.619,12,23586.0,14742.6,15.0,23600.9,14749.1,22.7,23572.1,14694.7,49.6,1.2
14.619,13,23597.7,15189.5,15.0,23568.7,15179.3,23.3,23633.1,15224.4,37.2,1.0
14.643,0,23408.3,15197.3,15.0,23451.0,15212.3,33.4,23389.0,15177.0,22.5,1.3
14.643,1,23471.6,15248.3,15.0,23517.7,15268.0,41.4,23459.6,15228.7,22.8,1.3
14.643,2,23669.8,14142.1,15.0,23654.4,14195.1,52.9,23686.2,14134.8,23.4,1.3
14.643,3,23646.1,14155.0,15.0,23637.9,14168.3,22.7,23660.6,14164.1,28.8,1.0
14.643,4,23506.0,14840.0,15.0,23482.8,14817.0,23.2,23523.8,14881.3,32.0,1.0
14.643,5,23558.2,14228.1,15.0,23543.7,14222.8,22.7,23572.7,14276.0,52.4,1.2
14.643,6,23591.3,15195.0,15.0,23602.6,15143.5,42.4,23573.3,15211.5,23.2,1.3
14.643,7,23682.6,13907.8,15.0,23671.2,13957.8,43.0,23699.8,13892.9,23.0,1.2
14.643,8,23115.1,15234.2,15.0,23136.8,15249.8,35.3,23119.5,15223.4,22.7,1.2
14.643,9,23681.4,13821.8,15.0,23672.0,13834.5,23.4,23697.0,13834.2,30.9,1.0
14.643,10,23492.9,13952.8,15.0,23476.7,13945.5,23.3,23508.7,14006.3,54.4,1.5
14.643,11,23638.0,15083.9,15.0,23641.9,15118.3,24.0,23644.4,15050.3,23.3,0.9
14.643,12,23586.0,14745.6,15.0,23600.2,14750.3,22.6,23571.4,14698.5,52.3,1.2
14.643,13,23596.3,15187.4,15.0,23569.6,15180.4,23.3,23633.9,15224.0,41.8,1.0
14.959,0,23395.7,15195.5,15.0,23442.0,15212.1,38.8,23379.3,15175.6,22.8,1.3
14.959,1,23459.3,15246.1,15.0,23505.8,15266.6,43.3,23450.1,15227.4,22.9,1.3
14.959,2,23669.8,14129.3,15.0,23653.7,14181.7,56.0,23685.5,14123.6,23.3,1.3
14.959,3,23646.1,14144.5,15.0,23638.7,14161.4,22.7,23660.4,14145.9,26.5,1.0
14.959,4,23503.8,14829.9,15.0,23481.2,14809.9,23.2,23523.3,14874.7,36.9,1.0
14.959,5,23558.2,14216.2,15.0,23544.5,14212.7,22.6,23573.0,14261.4,51.9,1.2
14.959,6,23591.3,15207.7,15.0,23603.6,15155.5,44.8,23573.6,15220.9,23.4,1.3
14.959,7,23682.6,13895.8,15.0,23670.3,13945.6,44.1,23699.4,13884.0,23.0,1.2
14.959,8,23103.2,15233.6,15.0,23120.5,15249.2,32.2,23110.8,15224.0,22.6,1.2
14.959,9,23681.4,13811.7,15.0,23672.9,13828.0,23.4,23697.0,13818.0,28.9,1.0
14.959,10,23492.9,13938.3,15.0,23477.4,13932.1,23.0,23509.2,13989.7,55.0,1.5
14.959,11,23635.5,15075.8,15.0,23639.7,15112.8,25.5,23642.5,15042.5,23.3,0.9
14.959,12,23586.0,14757.8,15.0,23599.4,14761.0,22.5,23571.1,14713.8,51.4,1.2
14.959,13,23590.6,15178.7,15.0,23566.4,15174.9,23.4,23629.5,15216.0,44.9,1.0
14.965,0,23394.9,15195.4,15.0,23395.6,15210.7,26.6,23412.3,15189.8,22.4,1.3
14.965,1,23458.4,15245.9,15.0,23439.9,15257.6,23.0,23482.8,15243.3,22.4,1.3
14.965,2,23669.8,14128.5,15.0,23652.1,14103.0,22.5,23677.5,14166.4,26.4,1.3
14.965,3,23646.1,14143.8,15.0,23633.0,14191.4,46.6,23661.7,14135.5,22.8,1.0
14.965,4,23503.7,14829.2,15.0,23497.6,14843.9,23.2,23520.9,14836.9,30.1,1.0
14.965,5,23558.2,14215.4,15.0,23550.9,14252.6,27.2,23574.4,14190.6,22.3,1.2
14.965,6,23591.3,15208.5,15.0,23606.6,15224.8,23.5,23584.2,15184.1,22.8,1.3
14.965,7,23682.6,13895.0,15.0,23667.9,13875.5,23.1,23689.2,13920.2,22.6,1.2
14.965,8,23102.4,15233.6,15.0,23088.9,15249.9,23.0,23152.5,15223.8,43.7,1.2
14.965,9,23681.4,13811.0,15.0,23667.9,13863.4,46.7,23698.9,13799.5,23.4,1.0
14.965,10,23492.9,13937.4,15.0,23484.4,13978.7,29.5,23510.7,13916.6,22.2,1.5
14.965,11,23635.3,15075.3,15.0,23633.3,15123.5,53.5,23648.3,15069.5,23.3,0.9
14.965,12,23586.0,14758.7,15.0,23593.8,14719.3,29.2,23569.6,14781.9,22.2,1.2
14.965,13,23590.2,15178.1,15.0,23595.4,15200.5,23.4,23599.1,15163.4,25.5,1.0
14.970,0,23394.2,15195.4,15.0,23392.4,15210.2,26.1,23412.7,15190.1,22.4,1.3
14.970,1,23457.8,15245.8,15.0,23437.6,15257.3,22.8,23483.0,15243.4,22.4,1.3
14.970,2,23669.8,14127.8,15.0,23652.0,14102.6,22.6,23677.7,14167.3,27.5,1.3
14.970,3,23646.1,14143.2,15.0,23632.7,14190.7,47.3,23661.6,14135.6,22.8,1.0
14.970,4,23503.6,14828.7,15.0,23497.9,14844.3,23.2,23520.6,14835.0,29.7,1.0
14.970,5,23558.2,14214.8,15.0,23550.7,14253.3,28.3,23574.5,14190.4,22.3,1.2
14.970,6,23591.3,15209.2,15.0,23606.7,15227.3,23.2,23584.3,15183.8,22.8,1.3
14.970,7,23682.6,13894.4,15.0,23667.8,13873.1,22.9,23689.1,13920.5,22.6,1.2
14.970,8,23101.8,15233.6,15.0,23089.1,15249.8,23.0,23151.9,15223.5,44.0,1.2
14.970,9,23681.4,13810.5,15.0,23667.7,13862.7,47.5,23698.8,13799.7,23.4,1.0
14.970,10,23492.9,13936.6,15.0,23484.2,13979.5,30.8,23510.8,13916.1,22.4,1.5
14.970,11,23635.2,15074.9,15.0,23632.7,15121.5,52.0,23648.1,15069.7,23.3,0.9
14.970,12,23586.0,14759.3,15.0,23594.0,14718.7,30.4,23569.5,14782.2,22.2,1.2
14.970,13,23589.9,15177.6,15.0,23595.8,15200.9,23.3,23597.2,15160.4,24.9,1.0
14.992,0,23391.5,15195.0,15.0,23387.6,15209.6,25.5,23410.8,15190.0,22.4,1.3
14.992,1,23455.1,15245.4,15.0,23433.6,15256.7,22.6,23481.1,15243.1,22.4,1.3
14.992,2,23669.8,14125.1,15.0,23651.9,14100.1,22.6,23677.9,14165.7,28.4,1.3
14.992,3,23646.1,14141.0,15.0,23632.6,14188.5,48.1,23661.4,14133.8,22.8,1.0
14.992,4,23503.2,14826.5,15.0,23497.8,14842.9,23.2,23519.9,14831.7,29.3,1.0
14.992,5,23558.2,14212.3,15.0,23550.6,14251.7,29.1,23574.6,14188.1,22.3,1.2
14.992,6,23591.3,15211.9,15.0,23606.8,15231.4,23.1,23584.3,15185.7,22.8,1.3
14.992,7,23682.6,13891.8,15.0,23667.7,13869.2,22.9,23689.1,13918.6,22.7,1.2
14.992,8,23099.3,15233.5,15.0,23087.2,15249.6,23.0,23149.3,15223.2,44.2,1.2
14.992,9,23681.4,13808.3,15.0,23667.5,13860.5,48.0,23698.7,13798.0,23.4,1.0
14.992,10,23492.9,13933.5,15.0,23484.0,13977.5,31.8,23510.9,13913.1,22.4,1.5
14.992,11,23634.6,15073.1,15.0,23631.8,15118.5,50.8,23647.5,15068.4,23.2,0.9
14.992,12,23586.0,14761.9,15.0,23594.2,14720.4,31.3,23569.4,14784.5,22.2,1.2
14.992,13,23588.7,15175.7,15.0,23595.1,15199.6,23.3,23594.7,15156.5,24.7,1.0
15.022,0,23387.7,15194.5,15.0,23374.3,15207.8,23.7,23410.3,15190.3,22.5,1.3
15.022,1,23451.3,15244.7,15.0,23425.8,15255.8,22.3,23480.0,15242.9,22.6,1.3
15.022,2,23669.8,14121.1,15.0,23651.6,14097.1,22.8,23678.7,14166.3,32.5,1.3
15.022,3,23646.1,14137.8,15.0,23631.9,14185.6,51.7,23660.8,14132.3,22.8,1.0
15.022,4,23502.6,14823.4,15.0,23498.5,14842.9,23.2,23517.6,14820.9,27.0,1.0
15.022,5,23558.2,14208.7,15.0,23549.7,14251.8,33.2,23574.9,14186.3,22.4,1.2
15.022,6,23591.3,15215.8,15.0,23607.1,15240.1,22.7,23584.4,15186.6,22.9,1.3
15.022,7,23682.6,13888.1,15.0,23667.3,13862.7,22.6,23689.1,13917.6,22.9,1.2
15.022,8,23095.6,15233.3,15.0,23085.7,15249.1,23.0,23145.4,15222.2,46.1,1.2
15.022,9,23681.4,13805.2,15.0,23666.8,13856.9,50.4,23698.1,13797.0,23.4,1.0
15.022,10,23492.9,13929.1,15.0,23482.9,13977.2,36.6,23511.0,13910.8,22.9,1.5
15.022,11,23633.9,15070.6,15.0,23629.5,15110.5,46.4,23646.6,15067.6,23.3,0.9
15.022,12,23586.0,14765.7,15.0,23595.1,14720.8,35.8,23569.3,14785.6,22.4,1.2
15.022,13,23587.1,15173.0,15.0,23595.2,15199.4,23.4,23588.6,15146.3,24.1,1.0
15.048,0,23384.4,15194.1,15.0,23361.7,15206.5,22.6,23411.5,15190.8,22.5,1.3
15.048,1,23448.1,15244.2,15.0,23421.4,15255.9,21.9,23480.4,15242.6,23.5,1.3
15.048,2,23669.8,14117.8,15.0,23651.4,14097.8,23.2,23680.2,14168.3,39.6,1.3
15.048,3,23646.1,14135.1,15.0,23631.3,14180.2,52.4,23659.9,14132.1,22.7,1.0
15.048,4,23502.0,14820.8,15.0,23499.5,14844.7,23.2,23514.4,14805.8,24.6,1.0
15.048,5,23558.2,14205.6,15.0,23548.3,14252.5,39.0,23575.0,14187.4,22.6,1.2
15.048,6,23591.3,15219.1,15.0,23607.9,15244.6,22.2,23584.2,15186.1,23.7,1.3
15.048,7,23682.6,13885.0,15.0,23666.5,13858.9,22.3,23689.4,13918.2,24.1,1.2
15.048,8,23092.6,15233.2,15.0,23085.2,15248.3,22.9,23142.3,15220.9,50.4,1.2
15.048,9,23681.4,13802.6,15.0,23665.7,13854.7,55.8,23697.2,13797.1,23.4,1.0
15.048,10,23492.9,13925.3,15.0,23481.4,13977.2,42.3,23510.9,13910.8,23.4,1.5
15.048,11,23633.3,15068.5,15.0,23626.5,15099.9,39.8,23645.7,15068.4,23.2,0.9
15.048,12,23586.0,14768.9,15.0,23596.5,14721.2,40.6,23569.4,14784.5,22.6,1.2
15.048,13,23585.7,15170.7,15.0,23595.8,15200.5,23.4,23583.9,15137.3,24.0,1.0
15.072,0,23381.4,15193.8,15.0,23355.6,15206.4,22.2,23411.7,15190.7,22.9,1.3
15.072,1,23445.1,15243.7,15.0,23418.6,15256.2,22.1,23481.2,15242.1,25.6,1.3
15.072,2,23669.8,14114.7,15.0,23651.5,14098.7,23.4,23681.5,14167.3,43.5,1.3
15.072,3,23646.1,14132.5,15.0,23631.3,14172.4,48.5,23658.9,14131.8,22.7,1.0
15.072,4,23501.6,14818.3,15.0,23500.0,14845.8,23.2,23512.1,14793.5,23.9,1.0
15.072,5,23558.2,14202.8,15.0,23547.2,14251.1,42.2,23574.8,14188.5,22.7,1.2
15.072,6,23591.3,15222.2,15.0,23608.5,15247.4,22.4,23583.7,15185.2,26.0,1.3
15.072,7,23682.6,13882.2,15.0,23665.9,13856.5,22.4,23690.0,13919.2,26.5,1.2
15.072,8,23089.7,15233.1,15.0,23084.3,15247.5,22.9,23138.9,15220.0,53.6,1.2
15.072,9,23681.4,13800.2,15.0,23665.3,13849.5,55.7,23696.4,13796.9,23.4,1.0
15.072,10,23492.9,13921.8,15.0,23480.2,13974.8,44.9,23510.6,13910.2,23.7,1.5
15.072,11,23632.7,15066.6,15.0,23624.1,15091.3,35.6,23645.0,15069.1,23.2,0.9
15.072,12,23586.0,14771.8,15.0,23597.5,14723.6,42.7,23569.7,14784.0,22.7,1.2
15.072,13,23584.4,15168.5,15.0,23595.5,15200.8,23.8,23583.0,15134.1,23.5,1.0
15.097,0,23378.3,15193.4,15.0,23351.9,15206.6,22.0,23411.7,15190.4,23.9,1.3
15.097,1,23442.0,15243.3,15.0,23416.5,15256.3,22.2,23483.0,15241.5,29.5,1.3
15.097,2,23669.8,14111.6,15.0,23651.8,14098.8,23.6,23682.5,14164.7,45.5,1.3
15.097,3,23646.1,14129.9,15.0,23631.5,14162.3,42.7,23658.0,14131.3,22.8,1.0
15.097,4,23501.1,14815.8,15.0,23500.2,14846.3,23.2,23510.9,14785.0,23.8,1.0
15.097,5,23558.2,14199.9,15.0,23546.3,14248.0,43.3,23574.4,14188.6,22.7,1.2
15.097,6,23591.3,15225.3,15.0,23609.0,15249.6,22.6,23582.9,15183.3,29.9,1.3
15.097,7,23682.6,13879.2,15.0,23665.5,13854.7,22.5,23690.8,13921.0,30.6,1.2
15.097,8,23086.8,15233.0,15.0,23083.2,15246.7,22.8,23132.8,15219.4,52.7,1.2
15.097,9,23681.4,13797.7,15.0,23665.2,13842.2,52.5,23695.5,13796.5,23.4,1.0
15.097,10,23492.9,13918.3,15.0,23479.1,13971.3,46.6,23510.2,13908.6,23.7,1.5
15.097,11,23632.1,15064.6,15.0,23622.3,15085.6,33.0,23644.3,15069.9,23.2,0.9
15.097,12,23586.0,14774.8,15.0,23598.4,14726.9,44.1,23570.1,14784.5,22.8,1.2
15.097,13,23583.1,15166.3,15.0,23595.3,15201.5,25.3,23582.5,15131.7,23.4,1.0
15.122,0,23375.2,15193.0,15.0,23349.0,15206.9,22.2,23412.3,15189.9,26.1,1.3
15.122,1,23438.9,15242.8,15.0,23415.6,15256.5,22.5,23484.4,15240.6,34.4,1.3
15.122,2,23669.8,14108.4,15.0,23652.3,14098.2,23.6,23683.6,14161.3,47.2,1.3
15.122,3,23646.1,14127.4,15.0,23631.8,14151.2,36.7,23657.1,14131.3,22.7,1.0
15.122,4,23500.6,14813.3,15.0,23499.9,14846.3,23.6,23510.9,14781.2,23.4,1.0
15.122,5,23558.2,14196.9,15.0,23545.4,14244.7,45.4,23573.9,14188.0,22.7,1.2
15.122,6,23591.3,15228.4,15.0,23609.3,15250.6,22.8,23581.9,15181.7,35.0,1.3
15.122,7,23682.6,13876.2,15.0,23665.3,13854.6,22.7,23691.9,13922.2,35.7,1.2
15.122,8,23083.8,15232.9,15.0,23082.4,15245.7,22.7,23122.8,15219.2,46.6,1.2
15.122,9,23681.4,13795.2,15.0,23665.4,13831.7,46.3,23694.5,13796.2,23.4,1.0
15.122,10,23492.8,13914.7,15.0,23478.1,13967.5,49.6,23509.7,13906.3,23.5,1.5
15.122,11,23631.6,15062.5,15.0,23620.4,15079.6,31.0,23643.7,15071.0,23.2,0.9
15.122,12,23586.0,14777.9,15.0,23599.3,14730.3,46.8,23570.6,14785.6,22.7,1.2
15.122,13,23581.8,15164.1,15.0,23595.2,15202.9,28.0,23582.4,15129.9,23.4,1.0
15.147,0,23372.0,15192.7,15.0,23346.9,15207.1,22.4,23414.3,15189.2,30.4,1.3
15.147,1,23435.8,15242.3,15.0,23415.8,15256.7,22.7,23484.7,15239.4,39.3,1.3
15.147,2,23669.8,14105.2,15.0,23652.9,14096.9,23.5,23684.5,14157.8,50.3,1.3
15.147,3,23646.1,14124.7,15.0,23631.8,14142.8,32.9,23656.1,14131.6,22.7,1.0
15.147,4,23500.2,14810.8,15.0,23499.6,14846.7,24.7,23511.2,14778.5,23.2,1.0
15.147,5,23558.2,14194.0,15.0,23544.6,14241.7,48.6,23573.3,14187.1,22.7,1.2
15.147,6,23591.3,15231.6,15.0,23609.4,15250.5,23.1,23580.7,15181.3,40.3,1.3
15.147,7,23682.6,13873.2,15.0,23665.2,13855.1,22.8,23693.0,13922.0,40.2,1.2
15.147,8,23080.9,15232.8,15.0,23081.9,15244.7,22.7,23111.4,15219.0,40.1,1.2
15.147,9,23681.4,13792.6,15.0,23665.7,13820.5,39.8,23693.5,13796.4,23.4,1.0
15.147,10,23492.8,13911.1,15.0,23477.1,13964.6,54.2,23509.0,13903.6,23.3,1.5
15.147,11,23631.0,15060.5,15.0,23618.6,15073.5,29.6,23643.2,15072.2,23.3,0.9
15.147,12,23586.0,14780.9,15.0,23600.2,14732.9,50.9,23571.3,14787.0,22.6,1.2
15.147,13,23580.5,15161.8,15.0,23595.2,15205.3,32.4,23582.4,15128.7,23.4,1.0
15.170,0,23369.0,15192.3,15.0,23346.5,15207.4,22.6,23415.8,15188.2,35.6,1.3
15.170,1,23432.9,15241.9,15.0,23416.5,15256.6,22.9,23483.5,15237.9,42.6,1.3
15.170,2,23669.8,14102.2,15.0,23653.6,14095.5,23.4,23685.5,14155.3,55.0,1.3
15.170,3,23646.1,14122.2,15.0,23631.7,14135.5,30.3,23655.1,14132.5,22.7,1.0
15.170,4,23499.7,14808.3,15.0,23499.2,14847.7,26.9,23511.5,14776.6,23.2,1.0
15.170,5,23558.2,14191.2,15.0,23543.7,14239.1,52.7,23572.6,14186.1,22.6,1.2
15.170,6,23591.3,15234.6,15.0,23609.2,15249.7,23.4,23579.5,15182.5,43.8,1.3
15.170,7,23682.6,13870.4,15.0,23665.5,13856.1,23.0,23694.1,13920.4,43.3,1.2
15.170,8,23078.1,15232.6,15.0,23082.1,15243.7,22.7,23100.4,15218.8,34.9,1.2
15.170,9,23681.4,13790.2,15.0,23665.8,13811.0,35.3,23692.4,13797.0,23.4,1.0
15.170,10,23492.8,13907.6,15.0,23476.6,13959.0,55.0,23508.3,13901.5,23.1,1.5
15.170,11,23630.5,15058.5,15.0,23616.3,15064.4,27.4,23642.8,15073.6,23.2,0.9
15.170,12,23586.0,14783.9,15.0,23600.7,14737.6,52.0,23572.0,14788.2,22.5,1.2
15.170,13,23579.3,15159.6,15.0,23594.7,15207.2,37.7,23583.3,15129.4,23.3,1.0
15.195,0,23365.9,15192.0,15.0,23346.6,15207.4,22.9,23415.6,15186.9,40.1,1.3
15.195,1,23429.7,15241.5,15.0,23416.3,15256.3,23.0,23480.4,15236.4,43.8,1.3
15.195,2,23669.8,14099.0,15.0,23654.4,14093.9,23.2,23686.0,14149.8,55.5,1.3
15.195,3,23646.1,14119.6,15.0,23631.6,14128.1,28.7,23654.2,14133.4,22.8,1.0
15.195,4,23499.3,14805.8,15.0,23498.6,14849.8,31.0,23511.8,14775.4,23.2,1.0
15.195,5,23558.2,14188.2,15.0,23543.4,14233.0,51.8,23571.8,14184.9,22.6,1.2
15.195,6,23591.3,15237.8,15.0,23608.8,15249.8,23.4,23578.5,15185.7,45.3,1.3
15.195,7,23682.6,13867.4,15.0,23665.9,13856.1,23.0,23695.0,13917.2,44.3,1.2
15.195,8,23075.1,15232.5,15.0,23082.4,15242.6,22.6,23092.9,15218.4,31.8,1.2
15.195,9,23681.4,13787.7,15.0,23665.7,13803.8,32.3,23691.4,13797.7,23.4,1.0
15.195,10,23492.8,13904.0,15.0,23476.4,13950.6,51.6,23507.5,13899.3,22.8,1.5
15.195,11,23629.9,15056.5,15.0,23613.8,15054.9,25.8,23642.5,15074.7,23.3,0.9
15.195,12,23586.0,14786.9,15.0,23600.9,14744.7,49.7,23572.8,14789.5,22.5,1.2
15.195,13,23578.0,15157.3,15.0,23593.3,15207.6,41.9,23584.1,15130.5,23.3,1.0
15.220,0,23362.8,15191.7,15.0,23347.2,15207.3,23.1,23414.2,15185.5,43.3,1.3
15.220,1,23426.7,15241.0,15.0,23415.5,15255.7,23.0,23477.2,15234.8,45.9,1.3
15.220,2,23669.8,14095.8,15.0,23655.3,14092.8,23.1,23686.1,14141.6,52.0,1.3
15.220,3,23646.1,14117.0,15.0,23631.8,14117.0,26.2,23653.4,14134.5,22.7,1.0
15.220,4,23498.9,14803.3,15.0,23497.7,14851.5,35.9,23512.3,14775.7,23.2,1.0
15.220,5,23558.2,14185.3,15.0,23543.5,14224.2,47.0,23570.9,14184.0,22.5,1.2
15.220,6,23591.3,15240.9,15.0,23608.3,15250.5,23.4,23577.5,15189.0,47.4,1.3
15.220,7,23682.6,13864.5,15.0,23666.4,13855.5,23.0,23696.0,13913.9,46.7,1.2
15.220,8,23072.2,15232.4,15.0,23083.4,15241.6,22.6,23085.0,15218.0,29.8,1.2
15.220,9,23681.4,13785.2,15.0,23665.6,13796.1,30.4,23690.4,13799.0,23.4,1.0
15.220,10,23492.8,13900.5,15.0,23476.6,13938.7,44.8,23506.4,13897.9,22.7,1.5
15.220,11,23629.4,15054.5,15.0,23611.0,15043.8,24.3,23642.3,15075.8,23.2,0.9
15.220,12,23586.0,14789.9,15.0,23600.7,14755.4,43.4,23573.8,14790.5,22.4,1.2
15.220,13,23576.8,15155.1,15.0,23591.4,15207.0,44.9,23584.9,15132.2,23.4,1.0
15.245,0,23359.7,15191.3,15.0,23347.0,15206.9,23.1,23410.9,15184.1,44.4,1.3
15.245,1,23423.6,15240.6,15.0,23414.3,15255.0,22.9,23474.1,15233.4,49.1,1.3
15.245,2,23669.8,14092.6,15.0,23656.3,14091.8,23.1,23685.9,14130.0,45.4,1.3
15.245,3,23646.1,14114.4,15.0,23632.0,14104.7,24.3,23652.8,14135.5,22.7,1.0
15.245,4,23498.4,14800.8,15.0,23496.6,14852.0,40.6,23512.6,14776.8,23.2,1.0
15.245,5,23558.2,14182.4,15.0,23543.7,14213.4,40.9,23570.0,14183.3,22.5,1.2
15.245,6,23591.3,15244.1,15.0,23607.7,15251.9,23.3,23576.5,15192.3,50.7,1.3
15.245,7,23682.6,13861.5,15.0,23667.0,13854.5,23.0,23696.9,13910.9,50.2,1.2
15.245,8,23069.2,15232.3,15.0,23084.4,15240.8,22.6,23074.8,15217.7,27.4,1.2
15.245,9,23681.4,13782.7,15.0,23665.7,13786.0,28.0,23689.6,13800.3,23.4,1.0
15.245,10,23492.8,13896.8,15.0,23476.9,13926.1,38.1,23505.3,13897.0,22.6,1.5
15.245,11,23628.8,15052.4,15.0,23608.6,15034.6,23.9,23642.2,15076.6,23.2,0.9
15.245,12,23586.0,14793.0,15.0,23600.4,14766.7,37.2,23574.8,14791.0,22.4,1.2
15.245,13,23575.6,15152.8,15.0,23588.9,15204.9,45.9,23585.1,15133.3,23.4,1.0
15.269,0,23356.6,15191.0,15.0,23346.1,15206.3,23.1,23407.7,15182.7,46.9,1.3
15.269,1,23420.5,15240.2,15.0,23413.0,15254.1,22.8,23471.6,15232.0,53.5,1.3
15.269,2,23669.8,14089.5,15.0,23657.4,14091.5,23.0,23685.6,14117.5,38.5,1.3
15.269,3,23646.1,14111.9,15.0,23632.0,14092.0,23.5,23652.4,14136.4,22.8,1.0
15.269,4,23498.0,14798.3,15.0,23495.2,14851.0,43.8,23512.8,14778.5,23.2,1.0
15.269,5,23558.2,14179.5,15.0,23544.0,14201.6,35.0,23569.0,14183.1,22.5,1.2
15.269,6,23591.3,15247.2,15.0,23607.0,15253.3,23.2,23575.6,15195.0,55.3,1.3
15.269,7,23682.6,13858.5,15.0,23667.7,13853.4,22.9,23697.6,13907.8,53.9,1.2
15.269,8,23066.3,15232.2,15.0,23085.5,15240.1,22.6,23062.1,15217.4,25.0,1.2
15.269,9,23681.4,13780.2,15.0,23665.9,13773.8,25.9,23688.9,13801.7,23.4,1.0
15.269,10,23492.8,13893.3,15.0,23476.9,13917.0,34.3,23504.2,13897.0,22.4,1.5
15.269,11,23628.3,15050.4,15.0,23606.5,15027.6,23.8,23642.1,15077.2,23.3,0.9
15.269,12,23586.0,14796.0,15.0,23600.3,14776.0,33.1,23575.8,14791.0,22.3,1.2
15.269,13,23574.4,15150.6,15.0,23586.3,15202.7,48.2,23584.9,15133.8,23.4,1.0
15.295,0,23353.4,15190.7,15.0,23344.7,15205.6,23.0,23404.6,15181.4,50.4,1.3
15.295,1,23417.4,15239.8,15.0,23411.5,15253.2,22.7,23465.3,15230.8,52.6,1.3
15.295,2,23669.8,14086.2,15.0,23658.6,14091.7,22.9,23685.6,14108.3,34.5,1.3
15.295,3,23646.1,14109.2,15.0,23631.7,14083.4,23.3,23652.3,14136.7,22.7,1.0
15.295,4,23497.6,14795.7,15.0,23493.7,14848.5,45.1,23512.6,14779.6,23.2,1.0
15.295,5,23558.2,14176.5,15.0,23543.9,14194.2,31.9,23567.9,14183.3,22.4,1.2
15.295,6,23591.3,15250.4,15.0,23606.2,15254.9,23.1,23575.2,15201.3,54.7,1.3
15.295,7,23682.6,13855.5,15.0,23668.6,13852.1,22.8,23698.0,13901.6,52.9,1.2
15.295,8,23063.3,15232.1,15.0,23086.3,15239.6,22.6,23048.1,15217.1,23.5,1.2
15.295,9,23681.4,13777.7,15.0,23666.1,13760.2,24.4,23688.4,13802.8,23.4,1.0
15.295,10,23492.8,13889.6,15.0,23476.8,13908.6,31.9,23503.0,13897.4,22.3,1.5
15.295,11,23627.8,15048.3,15.0,23605.1,15023.7,23.6,23642.1,15077.3,23.5,0.9
15.295,12,23586.0,14799.1,15.0,23600.4,14783.7,30.5,23576.8,14790.7,22.3,1.2
15.295,13,23573.2,15148.2,15.0,23583.9,15200.6,51.4,23584.3,15134.0,23.4,1.0
15.320,0,23350.1,15190.4,15.0,23343.2,15204.7,22.9,23401.2,15180.1,54.0,1.3
15.320,1,23414.2,15239.4,15.0,23410.5,15252.1,22.6,23455.9,15229.5,47.5,1.3
15.320,2,23669.8,14083.0,15.0,23659.8,14092.4,22.8,23685.7,14099.8,31.8,1.3
15.320,3,23646.1,14106.5,15.0,23631.2,14078.7,23.0,23652.4,14136.7,23.0,1.0
15.320,4,23497.2,14793.1,15.0,23492.1,14845.6,46.9,23512.2,14780.2,23.2,1.0
15.320,5,23558.2,14173.5,15.0,23543.8,14186.3,29.7,23566.9,14184.0,22.4,1.2
15.320,6,23591.3,15253.7,15.0,23605.2,15256.0,23.0,23575.2,15210.8,49.7,1.3
15.320,7,23682.6,13852.4,15.0,23669.5,13851.2,22.8,23697.8,13891.6,47.2,1.2
15.320,8,23060.3,15232.0,15.0,23086.8,15239.4,22.6,23038.1,15216.5,22.9,1.2
15.320,9,23681.4,13775.1,15.0,23665.9,13749.7,24.0,23688.2,13803.6,23.4,1.0
15.320,10,23492.8,13885.9,15.0,23476.8,13898.5,29.6,23501.9,13898.2,22.2,1.5
15.320,11,23627.2,15046.2,15.0,23604.0,15021.1,23.3,23642.2,15077.2,23.8,0.9
15.320,12,23586.0,14802.2,15.0,23600.5,14791.8,28.7,23577.8,14789.9,22.3,1.2
15.320,13,23571.9,15145.8,15.0,23581.7,15199.0,56.0,23583.5,15134.1,23.4,1.0
15.345,0,23347.0,15190.1,15.0,23341.9,15203.8,22.8,23394.8,15179.1,53.0,1.3
15.345,1,23411.1,15239.0,15.0,23409.9,15251.0,22.5,23444.4,15228.2,40.8,1.3
15.345,2,23669.8,14079.8,15.0,23660.8,14093.7,22.8,23685.8,14090.4,29.5,1.3
15.345,3,23646.1,14103.9,15.0,23630.5,14075.9,22.8,23652.7,14136.9,24.0,1.0
15.345,4,23496.8,14790.6,15.0,23490.6,14842.7,49.8,23511.6,14780.3,23.2,1.0
15.345,5,23558.2,14170.5,15.0,23543.8,14176.6,27.4,23566.0,14185.0,22.4,1.2
15.345,6,23591.3,15256.8,15.0,23604.1,15256.7,22.9,23575.5,15222.7,42.7,1.3
15.345,7,23682.6,13849.5,15.0,23670.5,13850.7,22.7,23697.6,13880.0,40.5,1.2
15.345,8,23057.4,15231.9,15.0,23086.9,15239.4,22.9,23032.1,15215.8,22.6,1.2
15.345,9,23681.4,13772.6,15.0,23665.4,13742.6,23.9,23688.1,13804.2,23.6,1.0
15.345,10,23492.8,13882.3,15.0,23476.9,13885.3,26.7,23501.0,13899.3,22.3,1.5
15.345,11,23626.7,15044.2,15.0,23603.1,15019.5,23.3,23642.6,15077.9,25.5,0.9
15.345,12,23586.0,14805.3,15.0,23600.3,14803.9,26.0,23578.6,14788.9,22.2,1.2
15.345,13,23570.8,15143.5,15.0,23578.4,15194.0,55.3,23582.6,15134.2,23.4,1.0
15.369,0,23344.0,15189.8,15.0,23341.1,15202.8,22.7,23384.6,15178.2,46.8,1.3
15.369,1,23408.1,15238.6,15.0,23409.8,15250.0,22.5,23432.9,15226.9,35.2,1.3
15.369,2,23669.8,14076.7,15.0,23661.7,14095.0,22.8,23685.6,14077.7,26.8,1.3
15.369,3,23646.1,14101.4,15.0,23630.0,14073.9,22.8,23653.1,14137.5,26.0,1.0
15.369,4,23496.4,14788.1,15.0,23489.3,14840.7,54.2,23510.9,14780.1,23.2,1.0
15.369,5,23558.2,14167.7,15.0,23543.9,14164.7,25.1,23565.3,14186.1,22.4,1.2
15.369,6,23591.3,15259.9,15.0,23603.0,15256.9,22.8,23575.8,15235.0,36.6,1.3
15.369,7,23682.6,13846.6,15.0,23671.6,13850.7,22.7,23697.3,13868.9,35.1,1.2
15.369,8,23054.5,15231.9,15.0,23087.0,15239.6,23.9,23028.8,15215.1,22.3,1.2
15.369,9,23681.4,13770.2,15.0,23664.8,13739.5,23.5,23688.3,13804.3,23.9,1.0
15.369,10,23492.8,13878.9,15.0,23477.1,13870.5,23.9,23500.4,13900.3,22.3,1.5
15.369,11,23626.2,15042.2,15.0,23602.4,15018.3,23.3,23643.2,15078.9,27.7,0.9
15.369,12,23586.0,14808.2,15.0,23600.2,14816.9,23.7,23579.2,14788.0,22.2,1.2
15.369,13,23569.7,15141.3,15.0,23574.4,15186.6,50.8,23581.7,15134.5,23.4,1.0
15.398,0,23340.3,15189.5,15.0,23339.8,15201.7,22.6,23372.8,15177.3,40.4,1.3
15.398,1,23404.5,15238.1,15.0,23409.6,15248.9,22.4,23424.9,15225.7,32.2,1.3
15.398,2,23669.8,14073.0,15.0,23662.3,14095.4,22.8,23685.4,14062.9,24.3,1.3
15.398,3,23646.1,14098.4,15.0,23629.5,14072.2,22.8,23653.9,14138.8,29.8,1.0
15.398,4,23495.9,14785.2,15.0,23488.0,14835.8,54.9,23510.0,14779.3,23.2,1.0
15.398,5,23558.2,14164.3,15.0,23544.1,14150.8,23.4,23564.8,14186.2,22.4,1.2
15.398,6,23590.8,15263.5,15.0,23602.2,15258.6,22.8,23577.9,15241.4,33.3,1.3
15.398,7,23682.6,13843.1,15.0,23672.7,13850.5,22.6,23697.5,13860.8,32.0,1.2
15.398,8,23051.1,15231.8,15.0,23086.9,15240.1,25.9,23025.6,15214.5,22.4,1.2
15.398,9,23681.4,13767.2,15.0,23664.2,13736.9,23.4,23688.7,13804.5,25.7,1.0
15.398,10,23492.8,13874.6,15.0,23476.9,13858.7,22.6,23500.0,13900.1,22.4,1.5
15.398,11,23625.6,15039.8,15.0,23601.8,15017.0,23.3,23644.1,15079.9,31.0,0.9
15.398,12,23586.0,14811.8,15.0,23600.2,14829.3,22.8,23579.6,14788.1,22.3,1.2
15.398,13,23568.3,15138.6,15.0,23569.5,15176.5,44.6,23580.5,15134.3,23.4,1.0
15.428,0,23336.5,15189.1,15.0,23339.7,15200.4,22.5,23360.1,15176.2,34.6,1.3
15.428,1,23400.7,15237.7,15.0,23410.5,15247.7,22.3,23415.4,15224.5,29.7,1.3
15.428,2,23669.8,14069.2,15.0,23662.7,14096.1,22.9,23685.6,14048.8,23.1,1.3
15.428,3,23646.1,14095.2,15.0,23629.2,14072.2,22.7,23655.1,14140.2,35.3,1.0
15.428,4,23495.4,14782.1,15.0,23486.4,14827.2,51.4,23508.9,14778.9,23.2,1.0
15.428,5,23558.2,14160.7,15.0,23543.8,14138.7,22.7,23564.5,14186.6,22.4,1.2
15.428,6,23589.8,15267.2,15.0,23601.8,15258.9,22.7,23578.3,15249.3,30.7,1.3
15.428,7,23682.6,13839.5,15.0,23673.9,13851.5,22.6,23697.6,13851.3,29.6,1.2
15.428,8,23047.5,15231.6,15.0,23089.1,15241.1,30.8,23023.5,15213.9,22.6,1.2
15.428,9,23681.4,13764.2,15.0,23663.5,13735.0,23.4,23689.5,13806.2,29.3,1.0
15.428,10,23492.8,13870.3,15.0,23476.3,13850.0,21.9,23500.0,13900.0,22.9,1.5
15.428,11,23625.0,15037.3,15.0,23601.7,15017.2,23.2,23645.2,15081.1,35.8,0.9
15.428,12,23586.0,14815.5,15.0,23600.6,14839.1,22.3,23579.7,14788.0,22.5,1.2
15.428,13,23566.9,15135.7,15.0,23563.4,15163.6,37.2,23579.5,15135.0,23.4,1.0
15.454,0,23333.2,15188.8,15.0,23340.9,15199.2,22.5,23351.0,15175.2,31.2,1.3
15.454,1,23397.4,15237.3,15.0,23412.2,15246.8,22.3,23402.8,15223.1,26.7,1.3
15.454,2,23669.8,14065.8,15.0,23662.7,14096.9,23.3,23686.2,14040.8,22.6,1.3
15.454,3,23646.1,14092.5,15.0,23629.2,14074.0,22.7,23656.3,14140.2,40.3,1.0
15.454,4,23495.0,14779.4,15.0,23484.7,14814.9,43.7,23507.7,14779.3,23.2,1.0
15.454,5,23558.2,14157.6,15.0,23543.2,14132.4,22.3,23564.5,14187.0,22.8,1.2
15.454,6,23588.5,15270.3,15.0,23602.3,15258.3,22.7,23575.8,15260.2,27.5,1.3
15.454,7,23682.6,13836.4,15.0,23674.9,13853.2,22.6,23697.4,13838.3,26.6,1.2
15.454,8,23044.4,15231.6,15.0,23090.8,15242.4,37.0,23024.0,15213.7,22.7,1.2
15.454,9,23681.4,13761.5,15.0,23663.0,13734.9,23.4,23690.6,13808.8,34.8,1.0
15.454,10,23492.8,13866.5,15.0,23475.6,13845.3,21.8,23500.3,13900.8,24.6,1.5
15.454,11,23624.5,15035.2,15.0,23602.0,15018.5,23.2,23646.3,15081.7,40.6,0.9
15.454,12,23586.0,14818.7,15.0,23601.4,14843.3,21.9,23579.5,14787.9,23.2,1.2
15.454,13,23565.8,15133.3,15.0,23559.3,15155.7,33.0,23578.9,15136.9,23.4,1.0
15.478,0,23330.2,15188.6,15.0,23342.2,15198.2,22.5,23342.4,15174.4,29.2,1.3
15.478,1,23394.4,15237.0,15.0,23413.5,15246.3,22.3,23389.1,15221.7,24.2,1.3
15.478,2,23669.8,14062.7,15.0,23662.5,14097.4,24.5,23686.9,14037.1,22.4,1.3
15.478,3,23646.1,14089.9,15.0,23629.4,14075.5,22.7,23657.4,14138.5,42.9,1.0
15.478,4,23494.7,14777.0,15.0,23483.2,14802.9,37.3,23506.7,14779.8,23.2,1.0
15.478,5,23558.2,14154.8,15.0,23542.6,14129.2,22.2,23564.8,14187.3,24.0,1.2
15.478,6,23587.1,15273.0,15.0,23603.5,15258.2,22.7,23570.4,15271.5,24.8,1.3
15.478,7,23682.6,13833.5,15.0,23675.6,13854.5,22.6,23697.2,13824.5,24.2,1.2
15.478,8,23041.6,15231.5,15.0,23090.2,15243.6,41.1,23025.1,15213.8,22.8,1.2
15.478,9,23681.4,13759.1,15.0,23662.9,13736.2,23.4,23691.8,13810.1,40.5,1.0
15.478,10,23492.8,13863.0,15.0,23475.1,13842.0,22.1,23501.0,13902.4,27.9,1.5
15.478,11,23624.1,15033.2,15.0,23602.5,15020.0,23.2,23646.9,15080.7,43.4,0.9
15.478,12,23586.0,14821.6,15.0,23602.0,14846.0,22.0,23579.0,14787.2,25.3,1.2
15.478,13,23564.7,15131.0,15.0,23555.6,15148.4,30.6,23578.5,15138.8,23.3,1.0
15.503,0,23327.0,15188.3,15.0,23343.1,15197.4,22.4,23330.4,15173.5,26.5,1.3
15.503,1,23391.3,15236.6,15.0,23414.1,15245.9,22.4,23376.5,15220.3,23.0,1.3
15.503,2,23669.8,14059.5,15.0,23661.9,14098.1,26.8,23687.4,14034.1,22.5,1.3
15.503,3,23646.1,14087.3,15.0,23629.8,14076.1,22.8,23658.2,14135.6,43.8,1.0
15.503,4,23494.3,14774.4,15.0,23482.0,14795.1,33.7,23505.8,14780.5,23.2,1.0
15.503,5,23558.2,14151.8,15.0,23542.0,14126.8,22.2,23565.3,14187.9,26.3,1.2
15.503,6,23585.3,15275.6,15.0,23605.1,15259.3,22.8,23563.1,15280.7,23.5,1.3
15.503,7,23682.6,13830.5,15.0,23676.0,13855.1,22.6,23697.3,13812.0,23.2,1.2
15.503,8,23038.6,15231.4,15.0,23088.0,15244.5,43.4,23025.6,15214.1,22.9,1.2
15.503,9,23681.4,13756.6,15.0,23663.0,13737.8,23.4,23692.9,13809.0,43.5,1.0
15.503,10,23492.8,13859.4,15.0,23474.8,13839.2,22.5,23501.9,13904.2,32.6,1.5
15.503,11,23623.6,15031.1,15.0,23603.0,15020.8,23.2,23647.1,15078.7,44.9,0.9
15.503,12,23586.0,14824.7,15.0,23602.4,14848.0,22.1,23578.3,14785.7,28.9,1.2
15.503,13,23563.6,15128.6,15.0,23551.6,15139.8,28.4,23578.2,15140.3,23.3,1.0
15.528,0,23323.8,15188.0,15.0,23344.1,15196.8,22.4,23316.5,15172.5,24.1,1.3
15.528,1,23388.1,15236.3,15.0,23414.4,15245.7,22.5,23366.9,15218.9,22.5,1.3
15.528,2,23669.8,14056.3,15.0,23661.0,14100.3,31.4,23687.9,14032.0,22.8,1.3
15.528,3,23646.1,14084.7,15.0,23630.4,14076.0,22.7,23659.1,14132.4,46.2,1.0
15.528,4,23493.9,14771.8,15.0,23480.7,14787.6,31.1,23504.9,14781.6,23.2,1.0
15.528,5,23558.2,14148.8,15.0,23541.6,14125.0,22.3,23566.2,14189.6,30.5,1.2
15.528,6,23583.2,15278.0,15.0,23607.0,15261.1,22.8,23555.8,15285.5,22.8,1.3
15.528,7,23682.6,13827.4,15.0,23676.1,13855.5,22.7,23697.6,13802.5,22.8,1.2
15.528,8,23035.6,15231.3,15.0,23084.7,15245.3,44.7,23025.7,15214.5,23.0,1.2
15.528,9,23681.4,13754.0,15.0,23663.3,13739.1,23.4,23693.9,13806.8,45.6,1.0
15.528,10,23492.8,13855.7,15.0,23474.7,13838.3,23.0,23503.2,13905.2,38.4,1.5
15.528,11,23623.1,15029.0,15.0,23603.6,15021.4,23.3,23647.2,15076.2,45.7,0.9
15.528,12,23586.0,14827.8,15.0,23602.7,14849.0,22.3,23577.3,14784.5,33.7,1.2
15.528,13,23562.5,15126.2,15.0,23546.6,15128.4,26.2,23578.0,15142.0,23.4,1.0
15.552,0,23320.9,15187.8,15.0,23345.0,15196.5,22.5,23304.2,15171.5,22.9,1.3
15.552,1,23385.2,15235.9,15.0,23414.4,15245.7,22.9,23362.8,15217.9,22.0,1.3
15.552,2,23669.8,14053.2,15.0,23659.9,14102.0,37.0,23688.1,14031.8,23.0,1.3
15.552,3,23646.1,14082.2,15.0,23631.0,14075.7,22.7,23659.9,14129.9,49.6,1.0
15.552,4,23493.6,14769.4,15.0,23479.5,14779.7,29.2,23504.1,14783.2,23.2,1.0
15.552,5,23558.2,14146.0,15.0,23541.4,14125.2,22.5,23567.3,14190.9,35.6,1.2
15.552,6,23581.0,15280.1,15.0,23608.8,15263.8,23.3,23551.4,15285.2,22.4,1.3
15.552,7,23682.6,13824.6,15.0,23676.0,13855.5,23.1,23698.2,13798.7,22.4,1.2
15.552,8,23032.8,15231.2,15.0,23081.4,15246.2,47.5,23025.0,15215.1,23.0,1.2
15.552,9,23681.4,13751.6,15.0,23663.8,13740.2,23.4,23694.8,13804.0,46.8,1.0
15.552,10,23492.8,13852.3,15.0,23474.8,13838.1,23.4,23504.4,13904.3,42.6,1.5
15.552,11,23622.7,15027.1,15.0,23604.1,15021.4,23.3,23647.3,15073.8,47.8,0.9
15.552,12,23586.0,14830.7,15.0,23602.7,14848.6,22.5,23576.2,14784.1,38.6,1.2
15.552,13,23561.5,15124.0,15.0,23541.0,15115.3,24.4,23578.0,15143.6,23.4,1.0
15.576,0,23317.8,15187.5,15.0,23345.3,15196.4,22.6,23295.6,15170.4,22.5,1.3
15.576,1,23382.1,15235.6,15.0,23414.5,15246.0,24.4,23359.6,15217.1,22.0,1.3
15.576,2,23669.8,14050.1,15.0,23658.7,14101.8,41.6,23688.1,14032.1,23.3,1.3
15.576,3,23646.1,14079.7,15.0,23631.7,14075.2,22.8,23660.6,14127.3,53.1,1.0
15.576,4,23493.3,14766.9,15.0,23478.1,14768.4,26.7,23503.5,14784.5,23.2,1.0
15.576,5,23558.2,14143.2,15.0,23541.4,14125.7,22.6,23568.3,14190.4,39.6,1.2
15.576,6,23578.5,15281.9,15.0,23610.8,15267.0,24.8,23548.0,15283.4,22.3,1.3
15.576,7,23682.6,13821.7,15.0,23675.6,13855.7,24.6,23698.8,13795.7,22.3,1.2
15.576,8,23029.9,15231.2,15.0,23078.8,15246.9,51.3,23023.9,15215.7,22.9,1.2
15.576,9,23681.4,13749.2,15.0,23664.3,13740.1,23.4,23695.7,13801.1,49.4,1.0
15.576,10,23492.8,13848.8,15.0,23475.1,13837.2,23.7,23505.5,13901.7,44.9,1.5
15.576,11,23622.2,15025.1,15.0,23604.6,15021.1,23.3,23647.3,15071.4,50.2,0.9
15.576,12,23586.0,14833.7,15.0,23602.6,14848.1,22.7,23575.1,14785.6,41.7,1.2
15.576,13,23560.5,15121.7,15.0,23536.6,15105.6,24.0,23578.0,15144.5,23.4,1.0
15.601,0,23314.7,15187.3,15.0,23344.9,15196.4,23.1,23291.5,15169.6,22.1,1.3
15.601,1,23379.0,15235.3,15.0,23415.3,15246.6,27.0,23357.0,15216.3,22.1,1.3
15.601,2,23669.8,14047.0,15.0,23657.5,14100.1,44.8,23687.9,14032.6,23.5,1.3
15.601,3,23646.1,14077.0,15.0,23632.5,14074.5,22.8,23660.9,14121.6,52.2,1.0
15.601,4,23492.9,14764.4,15.0,23476.6,14755.8,24.8,23503.0,14785.7,23.2,1.0
15.601,5,23558.2,14140.2,15.0,23541.6,14126.4,22.7,23569.3,14188.6,42.4,1.2
15.601,6,23575.8,15283.5,15.0,23613.4,15270.7,27.4,23545.4,15280.9,22.5,1.3
15.601,7,23682.6,13818.7,15.0,23675.1,13856.7,27.2,23699.3,13793.3,22.4,1.2
15.601,8,23027.0,15231.1,15.0,23074.7,15247.4,53.5,23022.8,15216.4,22.8,1.2
15.601,9,23681.4,13746.7,15.0,23665.0,13739.8,23.4,23696.5,13798.6,53.0,1.0
15.601,10,23492.8,13845.2,15.0,23475.5,13835.5,23.7,23506.6,13898.2,46.6,1.5
15.601,11,23621.8,15023.0,15.0,23605.1,15020.5,23.3,23647.4,15069.5,53.6,0.9
15.601,12,23586.0,14836.7,15.0,23602.2,14848.2,22.7,23574.2,14788.6,43.0,1.2
15.601,13,23559.5,15119.3,15.0,23533.2,15098.4,23.9,23578.0,15145.0,23.4,1.0
15.625,0,23311.6,15187.1,15.0,23345.4,15196.8,24.8,23288.4,15168.8,22.1,1.3
15.625,1,23376.0,15235.0,15.0,23417.1,15247.6,31.4,23355.1,15215.8,22.3,1.3
15.625,2,23669.8,14043.9,15.0,23656.5,14096.9,46.1,23687.5,14032.5,23.6,1.3
15.625,3,23646.1,14074.5,15.0,23633.4,14074.1,22.7,23660.9,14113.2,47.5,1.0
15.625,4,23492.6,14761.9,15.0,23475.0,14742.9,24.0,23502.7,14786.9,23.2,1.0
15.625,5,23558.2,14137.4,15.0,23542.0,14126.6,22.8,23570.3,14185.4,43.4,1.2
15.625,6,23572.9,15284.7,15.0,23617.0,15274.8,32.1,23543.9,15278.0,22.7,1.3
15.625,7,23682.6,13815.8,15.0,23674.2,13858.6,31.6,23699.8,13791.7,22.6,1.2
15.625,8,23024.1,15231.0,15.0,23068.3,15247.5,52.1,23021.8,15217.2,22.8,1.2
15.625,9,23681.4,13744.2,15.0,23665.8,13739.5,23.4,23697.2,13795.7,56.4,1.0
15.625,10,23492.8,13841.7,15.0,23476.0,13833.2,23.5,23507.6,13894.5,49.7,1.5
15.625,11,23621.3,15021.0,15.0,23605.7,15020.1,23.3,23647.1,15066.4,55.3,0.9
15.625,12,23586.0,14839.7,15.0,23601.7,14848.7,22.7,23573.3,14791.8,44.9,1.2
15.625,13,23558.5,15117.0,15.0,23531.4,15095.5,23.5,23578.0,15145.1,23.8,1.0
15.649,0,23308.5,15186.8,15.0,23346.5,15197.4,27.8,23285.9,15168.1,22.3,1.3
15.649,1,23372.9,15234.7,15.0,23417.9,15248.7,36.5,23354.9,15215.7,22.6,1.3
15.649,2,23669.8,14040.7,15.0,23655.5,14093.5,48.6,23686.9,14031.4,23.5,1.3
15.649,3,23646.1,14072.0,15.0,23634.3,14073.7,22.7,23660.6,14103.0,41.6,1.0
15.649,4,23492.2,14759.4,15.0,23473.6,14734.3,23.8,23502.6,14787.5,23.2,1.0
15.649,5,23558.2,14134.5,15.0,23542.5,14125.9,22.7,23571.1,14182.2,45.7,1.2
15.649,6,23570.0,15285.7,15.0,23619.2,15280.4,37.4,23544.7,15274.8,23.0,1.3
15.649,7,23682.6,13812.9,15.0,23673.1,13859.6,36.8,23699.9,13791.9,22.7,1.2
15.649,8,23021.2,15230.9,15.0,23058.0,15247.0,45.7,23020.9,15218.1,22.7,1.2
15.649,9,23681.4,13741.7,15.0,23666.6,13739.1,23.4,23697.5,13790.0,55.4,1.0
15.649,10,23492.8,13838.2,15.0,23476.6,13830.8,23.3,23508.6,13891.6,54.1,1.5
15.649,11,23620.9,15019.0,15.0,23606.3,15019.5,23.3,23646.2,15061.8,54.6,0.9
15.649,12,23586.0,14842.7,15.0,23601.2,14849.9,22.7,23572.4,14795.0,47.9,1.2
15.649,13,23557.5,15114.6,15.0,23530.0,15093.5,23.4,23578.4,15145.6,25.4,1.0
15.674,0,23305.4,15186.6,15.0,23348.1,15198.4,32.4,23284.1,15167.6,22.5,1.3
15.674,1,23369.8,15234.4,15.0,23417.0,15249.6,40.5,23355.2,15215.8,22.8,1.3
15.674,2,23669.8,14037.5,15.0,23654.5,14090.4,52.3,23686.3,14029.9,23.4,1.3
15.674,3,23646.1,14069.3,15.0,23635.3,14073.6,22.8,23660.3,14091.7,35.9,1.0
15.674,4,23491.9,14756.9,15.0,23472.4,14729.6,23.5,23502.6,14787.6,23.5,1.0
15.674,5,23558.2,14131.5,15.0,23543.1,14124.9,22.7,23572.0,14179.3,49.1,1.2
15.674,6,23566.9,15286.3,15.0,23619.1,15287.3,41.8,23546.4,15272.0,23.2,1.3
15.674,7,23682.6,13809.9,15.0,23672.0,13858.9,40.8,23699.9,13792.5,22.9,1.2
15.674,8,23018.2,15230.9,15.0,23046.6,15246.4,39.3,23020.4,15219.1,22.7,1.2
15.674,9,23681.4,13739.2,15.0,23667.5,13738.7,23.4,23697.4,13781.3,50.4,1.0
15.674,10,23492.8,13834.5,15.0,23477.4,13828.2,23.0,23509.1,13886.0,55.0,1.5
15.674,11,23620.4,15016.9,15.0,23606.9,15019.0,23.2,23644.6,15055.0,50.5,0.9
15.674,12,23586.0,14845.8,15.0,23600.5,14851.3,22.6,23571.6,14797.7,52.0,1.2
15.674,13,23556.5,15112.2,15.0,23529.0,15091.9,23.4,23579.3,15146.7,28.2,1.0
15.699,0,23302.3,15186.4,15.0,23349.0,15199.6,37.9,23284.1,15167.5,22.7,1.3
15.699,1,23366.7,15234.1,15.0,23414.9,15250.4,43.1,23355.4,15216.1,22.9,1.3
15.699,2,23669.8,14034.4,15.0,23653.7,14087.0,56.1,23685.6,14028.5,23.3,1.3
15.699,3,23646.1,14066.8,15.0,23636.3,14074.2,22.7,23660.4,14084.1,32.4,1.0
15.699,4,23491.6,14754.3,15.0,23471.5,14726.8,23.2,23502.9,14787.8,24.4,1.0
15.699,5,23558.2,14128.6,15.0,23543.9,14123.8,22.6,23572.7,14176.1,52.6,1.2
15.699,6,23563.8,15286.9,15.0,23617.4,15289.1,44.6,23547.1,15272.0,23.4,1.3
15.699,7,23682.6,13807.0,15.0,23670.9,13857.0,43.5,23699.6,13793.3,23.0,1.2
15.699,8,23015.3,15230.8,15.0,23036.1,15246.0,34.4,23020.5,15220.2,22.6,1.2
15.699,9,23681.4,13736.7,15.0,23668.5,13738.7,23.4,23697.2,13770.5,44.0,1.0
15.699,10,23492.8,13831.0,15.0,23478.2,13826.4,22.9,23509.3,13877.5,51.5,1.5
15.699,11,23620.0,15014.9,15.0,23607.7,15018.6,23.3,23642.5,15046.4,45.4,0.9
15.699,12,23586.0,14848.8,15.0,23599.8,14852.7,22.5,23571.2,14803.4,51.8,1.2
15.699,13,23555.5,15109.8,15.0,23528.2,15091.0,23.4,23580.8,15148.5,32.7,1.0
15.723,0,23299.2,15186.1,15.0,23347.9,15200.6,41.6,23284.6,15167.7,23.0,1.3
15.723,1,23363.7,15233.8,15.0,23411.6,15250.9,44.3,23355.1,15216.5,23.0,1.3
15.723,2,23669.8,14031.3,15.0,23653.4,14080.5,55.1,23684.7,14027.1,23.2,1.3
15.723,3,23646.1,14064.2,15.0,23637.3,14075.0,22.7,23660.5,14076.8,30.1,1.0
15.723,4,23491.3,14751.8,15.0,23470.7,14724.8,23.2,23503.3,14788.5,26.3,1.0
15.723,5,23558.2,14125.8,15.0,23544.6,14122.7,22.6,23573.0,14170.1,51.7,1.2
15.723,6,23560.8,15287.5,15.0,23614.4,15290.9,45.8,23547.0,15272.4,23.5,1.3
15.723,7,23682.6,13804.0,15.0,23669.9,13853.8,44.6,23699.2,13793.4,23.0,1.2
15.723,8,23012.4,15230.7,15.0,23028.6,15245.9,31.4,23020.9,15221.3,22.6,1.2
15.723,9,23681.4,13734.3,15.0,23669.6,13738.9,23.4,23696.9,13758.9,37.9,1.0
15.723,10,23492.8,13827.4,15.0,23479.2,13824.9,22.7,23509.1,13865.7,44.8,1.5
15.723,11,23619.6,15012.8,15.0,23608.5,15018.5,23.2,23640.4,15037.6,40.0,0.9
15.723,12,23586.0,14851.8,15.0,23598.9,14853.7,22.5,23571.2,14811.7,47.7,1.2
15.723,13,23554.5,15107.5,15.0,23528.5,15091.9,23.3,23582.1,15149.4,37.9,1.0
15.748,0,23296.1,15185.9,15.0,23345.5,15201.4,43.8,23284.6,15168.0,23.1,1.3
15.748,1,23360.6,15233.5,15.0,23408.1,15251.5,47.0,23353.8,15216.9,22.9,1.3
15.748,2,23669.8,14028.1,15.0,23653.5,14070.2,48.9,23683.8,14026.0,23.1,1.3
15.748,3,23646.1,14061.6,15.0,23638.2,14076.0,22.8,23660.5,14069.0,28.3,1.0
15.748,4,23491.0,14749.3,15.0,23470.1,14723.7,23.2,23504.3,14790.4,30.2,1.0
15.748,5,23558.2,14122.9,15.0,23545.5,14121.9,22.5,23572.9,14160.7,46.2,1.2
15.748,6,23557.7,15288.0,15.0,23611.2,15292.6,48.6,23546.0,15273.1,23.4,1.3
15.748,7,23682.6,13801.1,15.0,23669.0,13850.5,47.2,23698.7,13792.6,23.0,1.2
15.748,8,23009.5,15230.6,15.0,23020.7,15245.8,29.5,23021.8,15222.3,22.6,1.2
15.748,9,23681.4,13731.8,15.0,23670.6,13739.6,23.4,23696.9,13751.1,34.3,1.0
15.748,10,23492.8,13823.9,15.0,23480.3,13824.1,22.6,23508.8,13853.2,38.2,1.5
15.748,11,23619.2,15010.8,15.0,23609.3,15018.5,23.3,23638.4,15029.1,35.9,0.9
15.748,12,23586.0,14854.8,15.0,23598.0,14854.6,22.4,23571.4,14822.5,41.6,1.2
15.748,13,23553.6,15105.1,15.0,23529.1,15093.0,23.3,23582.8,15148.8,42.1,1.0
15.772,0,23293.0,15185.7,15.0,23342.2,15202.1,45.2,23284.2,15168.5,23.1,1.3
15.772,1,23357.6,15233.2,15.0,23405.4,15252.0,50.8,23352.3,15217.4,22.8,1.3
15.772,2,23669.8,14025.0,15.0,23653.8,14058.4,42.1,23682.7,14025.5,23.0,1.3
15.772,3,23646.1,14059.1,15.0,23638.9,14077.1,22.7,23660.4,14057.7,25.9,1.0
15.772,4,23490.7,14746.9,15.0,23469.8,14723.6,23.2,23505.4,14791.9,34.9,1.0
15.772,5,23558.2,14120.0,15.0,23546.5,14121.3,22.5,23572.7,14149.9,40.0,1.2
15.772,6,23554.7,15288.6,15.0,23608.6,15294.2,52.6,23544.8,15274.0,23.3,1.3
15.772,7,23682.6,13798.2,15.0,23668.2,13847.8,51.0,23698.0,13791.6,22.9,1.2
15.772,8,23006.7,15230.6,15.0,23010.0,15245.4,27.0,23022.9,15223.2,22.6,1.2
15.772,9,23681.4,13729.4,15.0,23671.6,13740.6,23.4,23697.0,13743.7,31.6,1.0
15.772,10,23492.8,13820.4,15.0,23481.5,13824.0,22.4,23508.8,13844.3,34.4,1.5
15.772,11,23618.8,15008.8,15.0,23610.3,15018.9,23.2,23637.3,15023.3,33.2,0.9
15.772,12,23586.0,14857.7,15.0,23597.0,14855.0,22.3,23571.7,14834.0,35.7,1.2
15.772,13,23552.7,15102.8,15.0,23530.0,15094.4,23.4,23583.1,15147.3,45.0,1.0
15.800,0,23289.5,15185.5,15.0,23338.3,15202.6,47.9,23282.4,15168.9,23.1,1.3
15.800,1,23354.0,15232.9,15.0,23400.9,15252.2,53.2,23350.3,15218.0,22.7,1.3
15.800,2,23669.8,14021.4,15.0,23654.0,14046.2,36.5,23681.6,14024.8,22.9,1.3
15.800,3,23646.1,14056.1,15.0,23639.4,14077.7,22.7,23660.2,14044.9,24.1,1.0
15.800,4,23490.3,14744.0,15.0,23469.8,14724.1,23.2,23506.4,14792.2,40.0,1.0
15.800,5,23558.2,14116.7,15.0,23547.5,14120.6,22.5,23572.4,14138.4,34.7,1.2
15.800,6,23551.2,15289.2,15.0,23604.3,15295.9,55.3,23543.1,15275.0,23.2,1.3
15.800,7,23682.6,13794.8,15.0,23667.5,13843.7,53.7,23697.3,13790.0,22.9,1.2
15.800,8,23003.3,15230.5,15.0,22997.1,15245.0,24.8,23023.4,15223.8,22.6,1.2
15.800,9,23681.4,13726.5,15.0,23672.6,13741.4,23.4,23697.1,13735.8,29.9,1.0
15.800,10,23492.8,13816.3,15.0,23482.6,13823.9,22.3,23508.9,13835.5,32.0,1.5
15.800,11,23618.3,15006.4,15.0,23611.2,15019.2,23.2,23636.1,15017.1,31.2,0.9
15.800,12,23586.0,14861.2,15.0,23596.0,14855.4,22.3,23571.6,14842.3,32.4,1.2
15.800,13,23551.6,15100.0,15.0,23530.6,15094.6,23.4,23582.5,15144.0,46.0,1.0
15.830,0,23285.7,15185.2,15.0,23334.9,15203.4,52.7,23280.4,15169.5,22.9,1.3
15.830,1,23350.3,15232.6,15.0,23392.8,15251.6,51.0,23348.4,15218.8,22.6,1.3
15.830,2,23669.8,14017.6,15.0,23653.8,14036.8,32.7,23680.3,14025.1,22.9,1.3
15.830,3,23646.1,14053.0,15.0,23639.8,14078.3,22.7,23660.2,14031.5,23.4,1.0
15.830,4,23490.0,14740.9,15.0,23470.2,14725.7,23.2,23507.4,14790.6,43.6,1.0
15.830,5,23558.2,14113.1,15.0,23548.7,14120.7,22.4,23572.5,14129.7,31.2,1.2
15.830,6,23547.4,15289.8,15.0,23596.2,15297.8,53.1,23541.6,15276.2,23.0,1.3
15.830,7,23682.6,13791.2,15.0,23667.2,13835.9,52.0,23696.3,13788.5,22.8,1.2
15.830,8,22999.8,15230.4,15.0,22981.6,15244.6,23.3,23024.1,15224.3,22.6,1.2
15.830,9,23681.4,13723.5,15.0,23673.5,13742.8,23.4,23696.9,13722.6,27.0,1.0
15.830,10,23492.8,13812.0,15.0,23483.8,13824.6,22.2,23508.9,13824.0,29.4,1.5
15.830,11,23617.8,15003.9,15.0,23612.2,15020.0,23.3,23634.7,15009.8,29.5,0.9
15.830,12,23586.0,14864.9,15.0,23594.8,14855.0,22.2,23571.5,14851.4,29.8,1.2
15.830,13,23550.5,15097.1,15.0,23531.3,15094.3,23.4,23581.9,15140.3,48.6,1.0
15.857,0,23282.3,15185.0,15.0,23328.7,15203.5,53.3,23279.0,15170.4,22.8,1.3
15.857,1,23346.9,15232.3,15.0,23380.1,15250.2,43.2,23347.4,15219.8,22.5,1.3
15.857,2,23669.8,14014.2,15.0,23653.7,14027.0,30.3,23679.0,14026.8,22.8,1.3
15.857,3,23646.1,14050.2,15.0,23639.9,14079.0,22.8,23660.7,14022.7,23.2,1.0
15.857,4,23489.6,14738.1,15.0,23470.9,14727.3,23.2,23508.1,14787.7,45.3,1.0
15.857,5,23558.1,14110.0,15.0,23549.9,14122.2,22.4,23572.6,14120.6,28.9,1.2
15.857,6,23544.0,15290.4,15.0,23582.9,15299.9,44.9,23541.1,15277.5,22.9,1.3
15.857,7,23682.6,13788.0,15.0,23667.4,13823.2,44.2,23695.2,13787.9,22.7,1.2
15.857,8,22996.6,15230.3,15.0,22971.0,15244.7,22.8,23024.9,15224.5,22.7,1.2
15.857,9,23681.4,13720.8,15.0,23674.2,13744.7,23.4,23696.7,13707.0,24.7,1.0
15.857,10,23492.8,13808.1,15.0,23484.8,13826.2,22.2,23508.7,13808.2,25.8,1.5
15.857,11,23617.4,15001.7,15.0,23613.2,15021.4,23.2,23632.4,14998.9,26.9,0.9
15.857,12,23586.0,14868.2,15.0,23593.7,14853.5,22.2,23571.6,14862.8,27.0,1.2
15.857,13,23549.5,15094.5,15.0,23532.1,15093.9,23.4,23581.7,15137.5,53.2,1.0
15.879,0,23279.4,15184.8,15.0,23319.6,15202.9,48.3,23278.0,15171.3,22.7,1.3
15.879,1,23344.1,15232.1,15.0,23367.8,15248.8,36.4,23347.4,15221.0,22.5,1.3
15.879,2,23669.8,14011.3,15.0,23653.9,14014.1,27.2,23678.0,14028.6,22.8,1.3
15.879,3,23646.1,14047.8,15.0,23639.7,14079.2,23.2,23661.4,14019.6,22.8,1.0
15.879,4,23489.4,14735.8,15.0,23471.5,14727.9,23.2,23508.6,14784.8,47.4,1.0
15.879,5,23558.1,14107.3,15.0,23550.7,14123.7,22.4,23572.5,14109.1,26.2,1.2
15.879,6,23541.2,15290.9,15.0,23570.1,15301.8,37.7,23541.5,15278.7,22.9,1.3
15.879,7,23682.6,13785.3,15.0,23667.8,13810.9,37.2,23694.1,13788.1,22.7,1.2
15.879,8,22993.9,15230.3,15.0,22967.3,15245.4,22.4,23025.2,15224.4,23.2,1.2
15.879,9,23681.4,13718.5,15.0,23674.5,13746.1,23.4,23696.7,13694.9,24.1,1.0
15.879,10,23492.8,13804.8,15.0,23485.5,13827.7,22.4,23508.6,13793.2,23.4,1.5
15.879,11,23617.0,14999.8,15.0,23614.0,15022.7,23.2,23630.2,14988.2,25.1,0.9
15.879,12,23586.0,14871.0,15.0,23593.0,14852.1,22.2,23571.8,14875.8,24.5,1.2
15.879,13,23548.7,15092.2,15.0,23532.9,15093.6,23.4,23580.9,15134.2,55.9,1.0
15.904,0,23276.4,15184.6,15.0,23309.1,15201.9,42.4,23277.0,15172.1,22.6,1.3
15.904,1,23341.0,15231.8,15.0,23360.0,15248.2,33.1,23347.2,15221.9,22.4,1.3
15.904,2,23669.8,14008.1,15.0,23654.1,14001.0,24.8,23677.4,14029.4,22.8,1.3
15.904,3,23646.1,14045.3,15.0,23639.3,14079.5,24.8,23661.9,14017.4,22.8,1.0
15.904,4,23489.1,14733.3,15.0,23472.1,14727.5,23.2,23509.0,14781.9,50.2,1.0
15.904,5,23558.1,14104.4,15.0,23551.3,14124.3,22.4,23572.3,14097.1,24.2,1.2
15.904,6,23538.1,15291.4,15.0,23562.0,15303.3,34.2,23541.7,15279.7,22.8,1.3
15.904,7,23682.6,13782.4,15.0,23667.8,13802.6,33.6,23693.1,13788.1,22.6,1.2
15.904,8,22991.0,15230.2,15.0,22964.5,15245.9,22.4,23025.3,15224.0,24.7,1.2
15.904,9,23681.4,13716.0,15.0,23674.6,13746.6,23.4,23697.0,13686.7,24.1,1.0
15.904,10,23492.8,13801.3,15.0,23485.7,13827.8,22.5,23508.9,13783.4,22.3,1.5
15.904,11,23616.7,14997.8,15.0,23614.4,15023.3,23.2,23628.1,14977.9,24.2,0.9
15.904,12,23586.0,14873.9,15.0,23592.5,14851.7,22.3,23571.9,14888.6,23.2,1.2
15.904,13,23547.8,15089.9,15.0,23533.5,15092.7,23.4,23579.1,15128.9,55.0,1.0
15.928,0,23273.2,15184.4,15.0,23297.0,15200.8,36.3,23276.5,15173.1,22.6,1.3
15.928,1,23337.9,15231.6,15.0,23352.3,15247.6,30.7,23347.5,15223.0,22.3,1.3
15.928,2,23669.8,14005.0,15.0,23654.1,13987.6,23.5,23676.9,14030.3,22.9,1.3
15.928,3,23646.1,14042.7,15.0,23638.7,14080.7,27.6,23662.4,14015.7,22.8,1.0
15.928,4,23488.8,14730.8,15.0,23472.8,14727.0,23.2,23509.5,14779.7,54.4,1.0
15.928,5,23558.1,14101.5,15.0,23551.7,14124.9,22.4,23572.2,14084.2,23.1,1.2
15.928,6,23535.1,15291.9,15.0,23554.0,15304.7,31.6,23542.6,15280.7,22.7,1.3
15.928,7,23682.6,13779.5,15.0,23667.6,13794.9,31.0,23692.0,13788.6,22.6,1.2
15.928,8,22988.1,15230.2,15.0,22962.3,15246.3,22.5,23026.5,15223.4,27.5,1.2
15.928,9,23681.4,13713.5,15.0,23674.5,13746.6,23.8,23697.7,13683.1,23.7,1.0
15.928,10,23492.8,13797.7,15.0,23485.7,13827.7,23.0,23509.4,13777.3,21.9,1.5
15.928,11,23616.3,14995.7,15.0,23614.7,15023.9,23.2,23626.8,14969.6,23.8,0.9
15.928,12,23586.0,14877.0,15.0,23592.3,14851.4,22.3,23571.6,14898.0,22.5,1.2
15.928,13,23547.0,15087.4,15.0,23534.2,15092.0,23.4,23575.4,15119.9,48.8,1.0
15.952,0,23270.2,15184.3,15.0,23289.2,15200.5,32.9,23276.7,15174.2,22.5,1.3
15.952,1,23334.9,15231.3,15.0,23343.9,15247.0,28.7,23348.3,15224.0,22.3,1.3
15.952,2,23669.8,14001.9,15.0,23653.7,13977.7,22.9,23676.7,14030.9,23.0,1.3
15.952,3,23646.1,14040.2,15.0,23637.9,14082.4,31.7,23662.8,14014.7,22.8,1.0
15.952,4,23488.6,14728.3,15.0,23473.5,14726.5,23.2,23509.3,14774.8,54.8,1.0
15.952,5,23558.1,14098.7,15.0,23551.9,14125.3,22.5,23572.5,14075.2,22.6,1.2
15.952,6,23532.0,15292.3,15.0,23545.4,15306.2,29.6,23543.8,15281.5,22.7,1.3
15.952,7,23682.6,13776.6,15.0,23667.6,13787.0,29.2,23691.0,13789.6,22.6,1.2
15.952,8,22985.2,15230.1,15.0,22960.8,15246.7,22.6,23028.3,15222.6,31.9,1.2
15.952,9,23681.4,13711.1,15.0,23674.2,13747.1,24.9,23698.3,13680.6,23.4,1.0
15.952,10,23492.8,13794.2,15.0,23485.4,13828.0,24.3,23510.0,13773.1,21.8,1.5
15.952,11,23615.9,14993.7,15.0,23614.8,15024.4,23.3,23625.8,14962.6,23.9,0.9
15.952,12,23586.0,14879.9,15.0,23592.3,14851.4,22.6,23571.1,14903.9,22.2,1.2
15.952,13,23546.1,15085.1,15.0,23535.2,15091.6,23.4,23571.4,15109.7,42.3,1.0
15.978,0,23267.0,15184.1,15.0,23281.2,15200.1,30.7,23277.1,15175.3,22.4,1.3
15.978,1,23331.7,15231.1,15.0,23332.0,15245.9,26.2,23349.0,15224.8,22.3,1.3
15.978,2,23669.8,13998.6,15.0,23653.1,13973.3,22.5,23676.8,14030.7,23.4,1.3
15.978,3,23646.1,14037.5,15.0,23636.9,14083.2,36.5,23663.0,14015.3,22.7,1.0
15.978,4,23488.3,14725.7,15.0,23474.3,14725.8,23.2,23508.6,14767.9,52.2,1.0
15.978,5,23558.1,14095.7,15.0,23551.8,14125.0,22.8,23573.1,14070.4,22.3,1.2
15.978,6,23528.8,15292.8,15.0,23533.1,15307.9,26.8,23544.9,15282.3,22.7,1.3
15.978,7,23682.6,13773.5,15.0,23667.8,13775.0,26.5,23690.2,13790.6,22.6,1.2
15.978,8,22982.2,15230.1,15.0,22961.0,15246.9,22.7,23029.1,15221.5,37.1,1.2
15.978,9,23681.4,13708.5,15.0,23673.7,13747.7,26.9,23698.9,13678.5,23.4,1.0
15.978,10,23492.8,13790.5,15.0,23484.9,13828.7,27.0,23510.4,13769.3,22.0,1.5
15.978,11,23615.5,14991.6,15.0,23614.6,15024.3,23.5,23625.9,14959.6,23.5,0.9
15.978,12,23586.0,14883.0,15.0,23592.6,14851.7,23.4,23570.6,14907.6,21.9,1.2
15.978,13,23545.3,15082.6,15.0,23536.1,15091.3,23.4,23567.2,15098.9,36.6,1.0
16.001,0,23264.0,15183.9,15.0,23271.8,15199.5,28.4,23278.2,15176.4,22.4,1.3
16.001,1,23328.7,15230.9,15.0,23318.3,15244.7,23.8,23350.0,15225.5,22.3,1.3
16.001,2,23669.8,13995.6,15.0,23652.5,13970.0,22.4,23677.2,14031.4,25.1,1.3
16.001,3,23646.1,14035.0,15.0,23635.8,14082.8,40.4,23663.0,14016.7,22.7,1.0
16.001,4,23488.0,14723.3,15.0,23475.3,14725.6,23.2,23507.2,14757.5,45.7,1.0
16.001,5,23558.1,14092.9,15.0,23551.5,14125.3,24.0,23573.7,14067.3,22.2,1.2
16.001,6,23525.9,15293.3,15.0,23518.8,15309.9,24.3,23546.3,15282.8,22.7,1.3
16.001,7,23682.6,13770.7,15.0,23667.9,13761.5,24.2,23689.6,13791.8,22.6,1.2
16.001,8,22979.4,15230.0,15.0,22962.0,15246.9,22.8,23028.6,15220.3,41.1,1.2
16.001,9,23681.4,13706.1,15.0,23672.9,13750.2,31.1,23699.4,13677.6,23.4,1.0
16.001,10,23492.8,13787.1,15.0,23483.9,13831.1,31.8,23510.8,13766.7,22.4,1.5
16.001,11,23615.2,14989.6,15.0,23614.4,15024.6,24.2,23626.1,14957.2,23.3,0.9
16.001,12,23586.0,14885.9,15.0,23593.0,14851.1,25.5,23570.0,14910.2,22.0,1.2
16.001,13,23544.5,15080.2,15.0,23537.5,15091.8,23.4,23564.8,15092.0,33.2,1.0
16.025,0,23260.9,15183.7,15.0,23260.1,15198.7,26.0,23279.1,15177.2,22.5,1.3
16.025,1,23325.7,15230.6,15.0,23306.9,15243.9,22.8,23350.5,15225.9,22.4,1.3
16.025,2,23669.8,13992.5,15.0,23652.0,13967.4,22.6,23677.8,14032.5,27.9,1.3
16.025,3,23646.1,14032.5,15.0,23634.8,14081.1,42.8,23662.8,14017.8,22.7,1.0
16.025,4,23487.8,14720.8,15.0,23476.3,14725.5,23.2,23505.8,14746.9,39.5,1.0
16.025,5,23558.1,14090.0,15.0,23551.0,14125.8,26.1,23574.2,14064.9,22.2,1.2
16.025,6,23522.8,15293.7,15.0,23506.9,15311.7,23.2,23547.1,15283.1,22.8,1.3
16.025,7,23682.6,13767.8,15.0,23667.9,13749.3,23.2,23689.2,13792.4,22.6,1.2
16.025,8,22976.6,15229.9,15.0,22962.6,15246.6,23.0,23026.5,15219.2,43.4,1.2
16.025,9,23681.4,13703.7,15.0,23671.9,13751.7,35.8,23699.7,13677.7,23.4,1.0
16.025,10,23492.8,13783.6,15.0,23482.8,13832.1,37.1,23511.0,13765.6,22.9,1.5
16.025,11,23614.8,14987.6,15.0,23614.1,15025.2,25.7,23626.4,14955.5,23.3,0.9
16.025,12,23586.0,14888.9,15.0,23593.8,14849.4,29.3,23569.6,14912.1,22.2,1.2
16.025,13,23543.7,15077.8,15.0,23538.7,15092.5,23.3,23562.5,15084.9,30.9,1.0
16.051,0,23257.8,15183.6,15.0,23246.3,15197.8,23.8,23279.7,15177.7,22.4,1.3
16.051,1,23322.6,15230.4,15.0,23298.2,15243.7,22.4,23350.6,15226.0,22.5,1.3
16.051,2,23669.8,13989.3,15.0,23651.6,13965.3,22.8,23678.7,14034.5,32.5,1.3
16.051,3,23646.1,14029.8,15.0,23634.0,14078.1,43.7,23662.4,14018.5,22.7,1.0
16.051,4,23487.5,14718.2,15.0,23477.3,14725.6,23.2,23504.6,14737.2,35.0,1.0
16.051,5,23558.1,14087.0,15.0,23550.2,14127.5,30.1,23574.6,14063.1,22.3,1.2
16.051,6,23519.7,15294.2,15.0,23497.9,15313.3,22.8,23547.4,15283.3,22.9,1.3
16.051,7,23682.6,13764.8,15.0,23667.6,13740.1,22.8,23689.1,13792.7,22.7,1.2
16.051,8,22973.6,15229.9,15.0,22962.7,15246.2,23.0,23023.3,15218.2,44.5,1.2
16.051,9,23681.4,13701.1,15.0,23670.8,13752.3,40.8,23699.8,13678.7,23.4,1.0
16.051,10,23492.8,13780.0,15.0,23481.6,13831.5,41.6,23510.9,13764.9,23.4,1.5
16.051,11,23614.5,14985.5,15.0,23613.7,15026.4,28.1,23626.6,14954.1,23.3,0.9
16.051,12,23586.0,14892.0,15.0,23594.8,14848.4,34.0,23569.3,14913.0,22.3,1.2
16.051,13,23542.9,15075.3,15.0,23539.9,15093.3,23.4,23559.7,15076.7,28.9,1.0
16.076,0,23254.5,15183.4,15.0,23234.7,15197.3,22.8,23280.3,15178.1,22.5,1.3
16.076,1,23319.4,15230.2,15.0,23294.0,15244.0,22.0,23350.3,15225.8,23.0,1.3
16.076,2,23669.8,13986.1,15.0,23651.4,13965.3,23.1,23679.9,14035.7,38.3,1.3
16.076,3,23646.1,14027.2,15.0,23633.1,14075.0,46.0,23661.8,14018.4,22.7,1.0
16.076,4,23487.2,14715.6,15.0,23478.4,14726.3,23.2,23504.0,14729.7,31.9,1.0
16.076,5,23558.1,14084.0,15.0,23549.2,14128.5,35.1,23574.9,14062.9,22.4,1.2
16.076,6,23516.5,15294.6,15.0,23493.7,15314.5,22.3,23547.3,15283.2,23.4,1.3
16.076,7,23682.6,13761.7,15.0,23667.0,13735.8,22.4,23689.2,13792.5,23.1,1.2
16.076,8,22970.6,15229.8,15.0,22961.9,15245.6,23.0,23019.9,15217.2,47.2,1.2
16.076,9,23681.4,13698.6,15.0,23669.7,13751.2,44.0,23699.7,13680.4,23.4,1.0
16.076,10,23492.8,13776.3,15.0,23480.4,13829.2,44.6,23510.6,13764.2,23.6,1.5
16.076,11,23614.1,14983.4,15.0,23613.2,15028.1,31.7,23626.9,14953.1,23.3,0.9
16.076,12,23586.0,14895.1,15.0,23595.9,14848.4,38.8,23569.3,14912.8,22.5,1.2
16.076,13,23542.0,15072.8,15.0,23541.0,15094.4,23.4,23555.7,15065.1,26.5,1.0
16.102,0,23251.3,15183.2,15.0,23226.8,15197.3,22.4,23280.4,15178.1,22.8,1.3
16.102,1,23316.1,15230.0,15.0,23290.8,15244.4,22.0,23350.6,15225.4,24.8,1.3
16.102,2,23669.8,13982.8,15.0,23651.5,13965.8,23.4,23681.2,14034.9,42.6,1.3
16.102,3,23646.1,14024.5,15.0,23632.3,14072.2,49.4,23661.2,14018.0,22.7,1.0
16.102,4,23487.0,14713.0,15.0,23479.5,14727.4,23.2,23503.3,14721.9,29.9,1.0
16.102,5,23558.1,14081.0,15.0,23548.1,14128.2,39.5,23574.9,14063.4,22.6,1.2
16.102,6,23513.2,15295.1,15.0,23490.5,15315.5,22.4,23547.8,15282.8,25.3,1.3
16.102,7,23682.6,13758.7,15.0,23666.4,13732.7,22.3,23689.5,13792.8,24.6,1.2
16.102,8,22967.5,15229.8,15.0,22960.8,15245.0,22.9,23017.1,15216.2,51.2,1.2
16.102,9,23681.4,13696.0,15.0,23668.7,13748.7,45.7,23699.3,13681.7,23.4,1.0
16.102,10,23492.8,13772.6,15.0,23479.3,13825.6,46.1,23510.2,13762.7,23.7,1.5
16.102,11,23613.7,14981.2,15.0,23612.4,15029.4,35.9,23627.3,14953.5,23.2,0.9
16.102,12,23586.0,14898.2,15.0,23597.0,14850.0,42.1,23569.5,14912.2,22.7,1.2
16.102,13,23541.2,15070.3,15.0,23541.8,15095.4,23.3,23551.2,15051.7,24.5,1.0
16.126,0,23248.2,15183.1,15.0,23222.7,15197.8,22.0,23280.3,15177.9,23.4,1.3
16.126,1,23313.1,15229.7,15.0,23288.4,15244.8,22.2,23352.2,15224.7,28.1,1.3
16.126,2,23669.8,13979.6,15.0,23651.8,13966.3,23.6,23682.4,14032.7,45.3,1.3
16.126,3,23646.1,14021.9,15.0,23631.5,14069.4,53.1,23660.4,14017.5,22.8,1.0
16.126,4,23486.7,14710.5,15.0,23480.5,14728.8,23.2,23502.1,14711.3,27.4,1.0
16.126,5,23558.1,14078.1,15.0,23547.0,14126.4,42.4,23574.7,14064.3,22.7,1.2
16.126,6,23510.2,15295.5,15.0,23488.2,15316.3,22.5,23549.4,15282.0,28.8,1.3
16.126,7,23682.6,13755.7,15.0,23665.8,13730.4,22.4,23690.2,13794.1,27.6,1.2
16.126,8,22964.6,15229.7,15.0,22959.9,15244.2,22.8,23012.9,15215.5,53.4,1.2
16.126,9,23681.4,13693.5,15.0,23667.7,13745.8,47.2,23698.8,13682.5,23.4,1.0
16.126,10,23492.8,13769.0,15.0,23478.2,13821.9,49.2,23509.7,13760.5,23.5,1.5
16.126,11,23613.4,14979.2,15.0,23611.4,15030.2,40.2,23627.6,14954.5,23.3,0.9
16.126,12,23586.0,14901.3,15.0,23598.0,14853.2,43.2,23569.9,14912.2,22.8,1.2
16.126,13,23540.5,15067.8,15.0,23542.3,15096.3,23.4,23547.9,15040.4,24.0,1.0
16.152,0,23245.0,15182.9,15.0,23219.7,15198.2,22.1,23280.7,15177.5,25.5,1.3
16.152,1,23309.9,15229.5,15.0,23286.8,15245.1,22.4,23353.7,15223.8,32.7,1.3
16.152,2,23669.8,13976.4,15.0,23652.2,13965.8,23.6,23683.4,14029.3,46.7,1.3
16.152,3,23646.1,14019.2,15.0,23631.3,14063.6,52.2,23659.6,14016.8,22.8,1.0
16.152,4,23486.5,14707.9,15.0,23481.3,14729.8,23.2,23500.8,14699.0,25.3,1.0
16.152,5,23558.1,14075.1,15.0,23546.1,14123.2,43.4,23574.2,14064.4,22.8,1.2
16.152,6,23506.9,15295.9,15.0,23486.6,15316.8,22.8,23551.0,15280.9,33.7,1.3
16.152,7,23682.6,13752.7,15.0,23665.4,13728.7,22.6,23691.1,13795.8,32.0,1.2
16.152,8,22961.6,15229.7,15.0,22958.7,15243.3,22.8,23006.3,15215.1,51.9,1.2
16.152,9,23681.4,13690.9,15.0,23666.9,13742.7,49.9,23698.2,13682.4,23.4,1.0
16.152,10,23492.8,13765.4,15.0,23477.2,13818.8,53.6,23509.1,13757.8,23.3,1.5
16.152,11,23613.0,14977.0,15.0,23610.3,15029.4,42.8,23627.8,14955.8,23.2,0.9
16.152,12,23586.0,14904.4,15.0,23598.9,14856.6,45.3,23570.4,14913.1,22.7,1.2
16.152,13,23539.7,15065.3,15.0,23542.4,15096.8,23.4,23545.9,15032.4,23.9,1.0
16.175,0,23242.0,15182.7,15.0,23217.6,15198.6,22.3,23282.8,15176.7,29.3,1.3
16.175,1,23306.9,15229.3,15.0,23287.0,15245.2,22.7,23354.7,15222.7,38.3,1.3
16.175,2,23669.8,13973.3,15.0,23652.8,13964.7,23.5,23684.4,14025.9,49.8,1.3
16.175,3,23646.1,14016.8,15.0,23631.3,14054.9,47.0,23658.7,14016.5,22.7,1.0
16.175,4,23486.3,14705.4,15.0,23481.8,14731.1,23.2,23499.3,14685.1,24.2,1.0
16.175,5,23558.1,14072.3,15.0,23545.1,14120.0,45.9,23573.7,14063.8,22.7,1.2
16.175,6,23504.0,15296.3,15.0,23486.8,15316.9,23.1,23552.1,15279.6,39.6,1.3
16.175,7,23682.6,13749.8,15.0,23665.2,13729.2,22.8,23692.2,13797.0,37.5,1.2
16.175,8,22958.8,15229.6,15.0,22958.2,15242.3,22.7,22995.5,15215.1,45.2,1.2
16.175,9,23681.4,13688.5,15.0,23666.0,13740.6,54.2,23697.5,13682.2,23.4,1.0
16.175,10,23492.8,13761.9,15.0,23476.6,13813.6,55.1,23508.3,13755.6,23.1,1.5
16.175,11,23612.7,14975.0,15.0,23609.1,15028.0,44.7,23627.8,14957.2,23.2,0.9
16.175,12,23586.0,14907.3,15.0,23599.8,14859.5,48.8,23571.0,14914.2,22.7,1.2
16.175,13,23538.9,15062.9,15.0,23542.2,15097.0,23.8,23545.7,15029.1,23.5,1.0
16.204,0,23238.3,15182.6,15.0,23215.9,15198.9,22.5,23283.6,15175.8,34.1,1.3
16.204,1,23303.3,15229.1,15.0,23286.9,15245.1,22.8,23352.9,15221.4,41.5,1.3
16.204,2,23669.8,13969.7,15.0,23653.5,13962.7,23.4,23685.3,14022.7,54.0,1.3
16.204,3,23646.1,14013.8,15.0,23631.6,14044.3,41.2,23657.8,14015.7,22.7,1.0
16.204,4,23486.0,14702.5,15.0,23482.0,14731.2,23.2,23498.7,14675.7,23.8,1.0
16.204,5,23558.1,14068.9,15.0,23544.3,14116.7,49.3,23573.1,14062.3,22.7,1.2
16.204,6,23500.3,15296.8,15.0,23486.8,15316.7,23.3,23550.1,15278.8,42.9,1.3
16.204,7,23682.6,13746.4,15.0,23665.3,13729.4,22.9,23693.3,13795.6,41.1,1.2
16.204,8,22955.4,15229.6,15.0,22957.2,15241.3,22.7,22983.9,15215.2,38.9,1.2
16.204,9,23681.4,13685.6,15.0,23665.4,13736.4,56.2,23696.8,13681.4,23.4,1.0
16.204,10,23492.8,13757.8,15.0,23476.4,13805.2,52.4,23507.5,13752.9,22.9,1.5
16.204,11,23612.3,14972.6,15.0,23607.8,15025.4,45.5,23627.5,14957.6,23.2,0.9
16.204,12,23586.0,14910.8,15.0,23600.5,14862.9,52.6,23571.6,14916.1,22.6,1.2
16.204,13,23538.1,15060.1,15.0,23541.7,15097.2,25.3,23545.7,15026.3,23.4,1.0
16.235,0,23234.4,15182.4,15.0,23215.7,15198.9,22.8,23283.6,15174.4,39.8,1.3
16.235,1,23299.4,15228.9,15.0,23286.7,15244.7,23.0,23349.5,15219.9,43.6,1.3
16.235,2,23669.8,13965.7,15.0,23654.4,13960.6,23.2,23686.0,14016.6,55.6,1.3
16.235,3,23646.1,14010.5,15.0,23631.9,14031.3,34.9,23656.7,14015.4,22.8,1.0
16.235,4,23485.7,14699.3,15.0,23481.9,14731.3,23.4,23498.7,14668.6,23.6,1.0
16.235,5,23558.1,14065.2,15.0,23543.5,14112.1,52.4,23572.3,14060.7,22.6,1.2
16.235,6,23496.4,15297.3,15.0,23486.5,15316.2,23.4,23546.6,15278.2,45.2,1.3
16.235,7,23682.6,13742.7,15.0,23665.6,13729.7,23.0,23694.5,13792.6,43.7,1.2
16.235,8,22951.7,15229.5,15.0,22957.1,15240.1,22.6,22972.2,15215.1,33.7,1.2
16.235,9,23681.4,13682.5,15.0,23665.1,13729.0,54.4,23695.7,13680.7,23.4,1.0
16.235,10,23492.8,13753.3,15.0,23476.6,13791.2,44.5,23506.4,13750.8,22.7,1.5
16.235,11,23611.9,14970.0,15.0,23606.4,15022.5,47.6,23627.0,14957.7,23.3,0.9
16.235,12,23586.0,14914.6,15.0,23600.9,14870.3,51.5,23572.5,14917.9,22.5,1.2
16.235,13,23537.2,15056.9,15.0,23541.2,15098.7,28.7,23545.9,15024.1,23.4,1.0
16.261,0,23231.1,15182.2,15.0,23216.9,15198.7,23.1,23282.0,15172.8,43.5,1.3
16.261,1,23296.1,15228.7,15.0,23286.3,15244.1,23.0,23345.9,15218.5,46.2,1.3
16.261,2,23669.8,13962.3,15.0,23655.6,13959.8,23.1,23686.1,14006.1,50.3,1.3
16.261,3,23646.1,14007.7,15.0,23631.7,14022.8,31.1,23655.4,14016.7,22.8,1.0
16.261,4,23485.5,14696.6,15.0,23481.6,14732.1,24.6,23499.3,14665.4,23.2,1.0
16.261,5,23558.1,14062.1,15.0,23543.3,14104.0,49.6,23571.2,14060.0,22.5,1.2
16.261,6,23493.1,15297.7,15.0,23485.9,15315.6,23.4,23542.9,15277.5,47.9,1.3
16.261,7,23682.6,13739.5,15.0,23666.2,13730.0,23.0,23695.7,13789.1,45.9,1.2
16.261,8,22948.6,15229.5,15.0,22958.5,15238.8,22.6,22963.0,15214.8,30.5,1.2
16.261,9,23681.4,13679.8,15.0,23665.4,13716.5,46.3,23694.5,13680.9,23.4,1.0
16.261,10,23492.8,13749.5,15.0,23476.9,13776.4,36.6,23505.0,13750.6,22.5,1.5
16.261,11,23611.6,14967.8,15.0,23605.0,15020.2,50.9,23626.5,14958.1,23.3,0.9
16.261,12,23586.0,14917.9,15.0,23600.7,14882.4,44.0,23573.7,14918.6,22.4,1.2
16.261,13,23536.4,15054.3,15.0,23540.6,15101.9,34.6,23546.5,15023.8,23.3,1.0
16.287,0,23227.8,15182.1,15.0,23216.8,15198.3,23.2,23278.6,15171.6,44.7,1.3
16.287,1,23292.8,15228.5,15.0,23284.9,15243.4,22.9,23342.8,15217.3,49.9,1.3
16.287,2,23669.8,13959.0,15.0,23656.7,13959.0,23.0,23685.8,13993.6,43.0,1.3
16.287,3,23646.1,14005.0,15.0,23631.6,14014.9,29.1,23654.4,14017.8,22.7,1.0
16.287,4,23485.2,14693.9,15.0,23481.1,14733.1,26.9,23499.8,14663.4,23.2,1.0
16.287,5,23558.1,14059.1,15.0,23543.5,14092.8,43.1,23570.3,14059.2,22.5,1.2
16.287,6,23489.9,15298.1,15.0,23484.5,15315.1,23.3,23539.7,15277.0,51.9,1.3
16.287,7,23682.6,13736.4,15.0,23666.9,13729.0,23.0,23696.7,13785.8,49.2,1.2
16.287,8,22945.5,15229.4,15.0,22959.6,15237.8,22.6,22953.5,15214.7,28.2,1.2
16.287,9,23681.4,13677.2,15.0,23665.8,13704.6,39.5,23693.4,13681.1,23.4,1.0
16.287,10,23492.8,13745.7,15.0,23476.8,13767.8,33.3,23503.7,13750.8,22.4,1.5
16.287,11,23611.2,14965.7,15.0,23603.9,15018.4,54.7,23625.8,14957.9,23.3,0.9
16.287,12,23586.0,14921.0,15.0,23600.4,14894.4,37.4,23574.7,14919.1,22.4,1.2
16.287,13,23535.7,15051.7,15.0,23539.5,15103.3,40.4,23547.1,15024.9,23.4,1.0
16.312,0,23224.7,15181.9,15.0,23215.5,15197.7,23.1,23275.1,15170.4,47.6,1.3
16.312,1,23289.7,15228.3,15.0,23283.6,15242.6,22.8,23339.3,15216.2,53.3,1.3
16.312,2,23669.8,13955.8,15.0,23657.8,13958.9,22.9,23685.5,13980.9,36.7,1.3
16.312,3,23646.1,14002.4,15.0,23631.8,14004.5,26.7,23653.6,14019.0,22.7,1.0
16.312,4,23485.0,14691.4,15.0,23480.4,14735.4,31.3,23500.2,14662.3,23.2,1.0
16.312,5,23558.1,14056.1,15.0,23543.8,14081.0,36.6,23569.2,14058.9,22.5,1.2
16.312,6,23486.7,15298.5,15.0,23482.9,15314.5,23.2,23536.0,15276.7,55.4,1.3
16.312,7,23682.6,13733.4,15.0,23667.6,13728.0,22.9,23697.6,13783.2,53.8,1.2
16.312,8,22942.6,15229.4,15.0,22960.9,15237.0,22.6,22941.0,15214.6,25.8,1.2
16.312,9,23681.4,13674.7,15.0,23665.8,13695.1,35.0,23692.4,13681.7,23.4,1.0
16.312,10,23492.8,13742.1,15.0,23476.7,13759.0,31.2,23502.5,13751.6,22.3,1.5
16.312,11,23610.9,14963.6,15.0,23602.8,15014.3,55.1,23625.1,14957.7,23.2,0.9
16.312,12,23586.0,14924.1,15.0,23600.3,14904.0,33.1,23575.8,14919.0,22.3,1.2
16.312,13,23535.0,15049.2,15.0,23537.9,15102.6,43.7,23547.6,15026.9,23.3,1.0
16.337,0,23221.5,15181.8,15.0,23214.1,15197.0,23.0,23272.3,15169.3,51.6,1.3
16.337,1,23286.6,15228.1,15.0,23282.2,15241.7,22.7,23333.0,15215.5,52.4,1.3
16.337,2,23669.8,13952.6,15.0,23659.0,13959.4,22.9,23685.7,13972.9,33.3,1.3
16.337,3,23646.1,13999.8,15.0,23631.9,13992.4,24.7,23652.9,14020.1,22.7,1.0
16.337,4,23484.8,14688.8,15.0,23479.4,14736.9,36.3,23500.6,14662.7,23.2,1.0
16.337,5,23558.1,14053.2,15.0,23543.8,14072.2,32.8,23568.2,14059.1,22.4,1.2
16.337,6,23483.6,15298.8,15.0,23481.4,15313.8,23.1,23529.5,15277.3,54.4,1.3
16.337,7,23682.6,13730.5,15.0,23668.4,13726.8,22.8,23697.9,13777.1,53.1,1.2
16.337,8,22939.6,15229.3,15.0,22961.8,15236.5,22.6,22926.9,15214.6,23.7,1.2
16.337,9,23681.4,13672.2,15.0,23665.7,13687.6,32.1,23691.3,13682.6,23.4,1.0
16.337,10,23492.8,13738.5,15.0,23476.8,13747.6,28.4,23501.5,13752.6,22.2,1.5
16.337,11,23610.6,14961.5,15.0,23601.7,15009.3,54.0,23624.3,14957.5,23.3,0.9
16.337,12,23586.0,14927.1,15.0,23600.4,14911.7,30.5,23576.8,14918.6,22.3,1.2
16.337,13,23534.3,15046.7,15.0,23536.1,15100.5,45.5,23547.7,15028.2,23.3,1.0
16.361,0,23218.4,15181.7,15.0,23212.7,15196.2,22.9,23268.0,15168.5,53.7,1.3
16.361,1,23283.5,15227.9,15.0,23281.2,15240.7,22.6,23322.8,15215.0,46.2,1.3
16.361,2,23669.8,13949.5,15.0,23660.1,13960.4,22.8,23685.8,13964.5,31.1,1.3
16.361,3,23646.1,13997.3,15.0,23632.1,13979.1,23.6,23652.5,14021.0,22.8,1.0
16.361,4,23484.6,14686.3,15.0,23478.2,14737.2,40.9,23500.8,14663.9,23.2,1.0
16.361,5,23558.1,14050.3,15.0,23543.7,14064.6,30.2,23567.1,14059.7,22.4,1.2
16.361,6,23480.5,15299.2,15.0,23480.3,15312.9,23.0,23519.0,15278.7,47.8,1.3
16.361,7,23682.6,13727.5,15.0,23669.3,13725.9,22.8,23697.9,13768.3,48.4,1.2
16.361,8,22936.7,15229.3,15.0,22962.4,15236.2,22.6,22916.0,15214.3,23.0,1.2
16.361,9,23681.4,13669.7,15.0,23665.6,13680.0,30.2,23690.3,13684.0,23.4,1.0
16.361,10,23492.8,13735.0,15.0,23477.0,13733.9,25.5,23500.7,13753.5,22.3,1.5
16.361,11,23610.3,14959.4,15.0,23600.6,15001.1,48.5,23623.5,14957.4,23.2,0.9
16.361,12,23586.0,14930.1,15.0,23600.5,14919.6,28.7,23577.8,14917.8,22.3,1.2
16.361,13,23533.6,15044.3,15.0,23534.2,15097.9,47.0,23547.5,15029.1,23.4,1.0
16.385,0,23215.4,15181.5,15.0,23211.5,15195.3,22.8,23261.3,15167.9,52.1,1.3
16.385,1,23280.5,15227.7,15.0,23280.6,15239.7,22.5,23311.6,15214.6,39.8,1.3
16.385,2,23669.8,13946.4,15.0,23661.1,13961.6,22.8,23685.7,13954.1,28.6,1.3
16.385,3,23646.1,13994.7,15.0,23631.8,13970.3,23.2,23652.3,14021.6,22.7,1.0
16.385,4,23484.4,14683.8,15.0,23477.0,14736.2,44.0,23500.8,14665.7,23.2,1.0
16.385,5,23558.1,14047.5,15.0,23543.6,14056.6,28.4,23566.2,14060.6,22.4,1.2
16.385,6,23477.4,15299.5,15.0,23479.6,15312.0,22.9,23507.4,15280.4,41.0,1.3
16.385,7,23682.6,13724.6,15.0,23670.3,13725.3,22.7,23697.6,13757.3,42.0,1.2
16.385,8,22933.9,15229.2,15.0,22962.7,15236.1,22.8,22908.6,15213.7,22.7,1.2
16.385,9,23681.4,13667.3,15.0,23665.8,13669.5,27.7,23689.5,13685.4,23.4,1.0
16.385,10,23492.8,13731.5,15.0,23477.0,13719.7,23.4,23500.2,13754.4,22.4,1.5
16.385,11,23610.0,14957.4,15.0,23599.4,14992.3,43.4,23622.7,14957.5,23.3,0.9
16.385,12,23586.0,14933.1,15.0,23600.3,14931.2,26.1,23578.6,14916.8,22.2,1.2
16.385,13,23533.0,15041.8,15.0,23532.3,15095.2,49.7,23546.9,15029.4,23.4,1.0
16.409,0,23212.4,15181.4,15.0,23210.5,15194.4,22.7,23250.8,15167.6,45.6,1.3
16.409,1,23277.5,15227.6,15.0,23280.5,15238.7,22.4,23300.8,15214.2,34.8,1.3
16.409,2,23669.8,13943.4,15.0,23661.9,13962.8,22.8,23685.5,13941.4,26.0,1.3
16.409,3,23646.1,13992.2,15.0,23631.3,13964.6,23.1,23652.3,14021.7,22.9,1.0
16.409,4,23484.2,14681.4,15.0,23475.8,14733.6,45.2,23500.5,14666.7,23.2,1.0
16.409,5,23558.1,14044.7,15.0,23543.8,14045.2,25.9,23565.4,14061.6,22.4,1.2
16.409,6,23474.4,15299.8,15.0,23479.4,15310.9,22.8,23496.5,15281.8,35.8,1.3
16.409,7,23682.6,13721.8,15.0,23671.3,13725.1,22.7,23697.3,13745.5,36.1,1.2
16.409,8,22931.1,15229.2,15.0,22962.5,15236.3,23.3,22904.9,15213.1,22.3,1.2
16.409,9,23681.4,13664.9,15.0,23665.9,13657.5,25.7,23688.8,13686.7,23.4,1.0
16.409,10,23492.8,13728.0,15.0,23476.7,13709.7,22.3,23499.9,13754.9,22.5,1.5
16.409,11,23609.7,14955.4,15.0,23598.3,14983.2,38.4,23621.9,14957.7,23.2,0.9
16.409,12,23586.0,14936.0,15.0,23600.2,14943.9,23.9,23579.2,14916.1,22.2,1.2
16.409,13,23532.3,15039.4,15.0,23530.7,15093.3,53.9,23546.2,15029.3,23.4,1.0
16.433,0,23209.3,15181.3,15.0,23209.9,15193.3,22.6,23239.5,15167.4,39.3,1.3
16.433,1,23274.4,15227.4,15.0,23280.7,15237.7,22.4,23293.4,15213.6,31.8,1.3
16.433,2,23669.8,13940.3,15.0,23662.4,13963.7,22.8,23685.4,13927.0,24.0,1.3
16.433,3,23646.1,13989.7,15.0,23630.7,13961.5,22.8,23652.5,14021.5,23.4,1.0
16.433,4,23484.0,14678.9,15.0,23474.6,14730.8,46.9,23500.1,14667.2,23.2,1.0
16.433,5,23558.1,14041.8,15.0,23544.0,14032.5,23.8,23564.9,14062.3,22.4,1.2
16.433,6,23471.4,15300.2,15.0,23479.6,15309.8,22.8,23488.9,15282.5,32.7,1.3
16.433,7,23682.6,13718.9,15.0,23672.4,13725.4,22.6,23697.4,13738.0,32.9,1.2
16.433,8,22928.2,15229.2,15.0,22963.0,15236.7,25.1,22902.3,15212.5,22.4,1.2
16.433,9,23681.4,13662.4,15.0,23666.1,13644.3,24.4,23688.4,13687.8,23.4,1.0
16.433,10,23492.8,13724.5,15.0,23476.2,13704.1,21.8,23500.0,13754.7,23.0,1.5
16.433,11,23609.4,14953.4,15.0,23597.3,14975.9,35.0,23621.1,14958.2,23.2,0.9
16.433,12,23586.0,14939.0,15.0,23600.2,14956.0,22.8,23579.6,14915.5,22.3,1.2
16.433,13,23531.7,15037.0,15.0,23529.0,15089.7,55.8,23545.4,15029.2,23.4,1.0
16.456,0,23206.3,15181.2,15.0,23210.0,15192.3,22.5,23229.3,15167.1,34.7,1.3
16.456,1,23271.5,15227.3,15.0,23281.6,15236.7,22.3,23285.7,15213.1,29.9,1.3
16.456,2,23669.8,13937.3,15.0,23662.7,13964.5,22.9,23685.6,13916.5,23.0,1.3
16.456,3,23646.1,13987.2,15.0,23630.2,13959.5,22.8,23652.9,14022.1,25.2,1.0
16.456,4,23483.8,14676.5,15.0,23473.5,14727.8,49.5,23499.5,14667.2,23.2,1.0
16.456,5,23558.1,14039.0,15.0,23544.0,14020.6,23.0,23564.5,14063.0,22.4,1.2
16.456,6,23468.4,15300.5,15.0,23480.5,15308.6,22.7,23480.9,15283.4,30.7,1.3
16.456,7,23682.6,13716.1,15.0,23673.4,13726.2,22.6,23697.5,13730.3,30.5,1.2
16.456,8,22925.4,15229.1,15.0,22964.5,15237.4,28.3,22900.4,15212.0,22.5,1.2
16.456,9,23681.4,13660.1,15.0,23665.9,13634.7,24.0,23688.2,13688.7,23.4,1.0
16.456,10,23492.8,13721.1,15.0,23475.7,13699.9,21.8,23500.3,13755.0,24.4,1.5
16.456,11,23609.2,14951.4,15.0,23596.3,14970.0,32.5,23620.4,14959.0,23.3,0.9
16.456,12,23586.0,14941.8,15.0,23600.5,14964.9,22.4,23579.7,14915.2,22.4,1.2
16.456,13,23531.1,15034.6,15.0,23527.1,15084.1,54.9,23544.5,15029.1,23.4,1.0
16.481,0,23203.2,15181.0,15.0,23210.2,15191.3,22.5,23221.7,15166.6,31.7,1.3
16.481,1,23268.4,15227.1,15.0,23282.4,15235.9,22.3,23275.9,15212.7,27.6,1.3
16.481,2,23669.8,13934.1,15.0,23662.8,13964.6,23.2,23686.1,13909.4,22.7,1.3
16.481,3,23646.1,13984.7,15.0,23629.7,13957.9,22.8,23653.6,14023.4,28.2,1.0
16.481,4,23483.6,14673.9,15.0,23472.5,14725.8,53.6,23498.8,14666.8,23.2,1.0
16.481,5,23558.1,14036.1,15.0,23543.7,14011.8,22.7,23564.4,14063.3,22.5,1.2
16.481,6,23465.3,15300.8,15.0,23481.3,15307.7,22.7,23470.8,15284.5,28.2,1.3
16.481,7,23682.6,13713.2,15.0,23674.3,13727.0,22.6,23697.6,13721.8,28.5,1.2
16.481,8,22922.5,15229.1,15.0,22965.9,15238.3,32.7,22899.1,15211.6,22.6,1.2
16.481,9,23681.4,13657.6,15.0,23665.5,13627.7,24.0,23688.1,13689.0,23.5,1.0
16.481,10,23492.8,13717.6,15.0,23475.2,13696.5,22.0,23500.8,13755.8,27.0,1.5
16.481,11,23608.9,14949.3,15.0,23595.4,14964.0,30.8,23619.7,14960.0,23.2,0.9
16.481,12,23586.0,14944.8,15.0,23601.0,14969.1,22.0,23579.6,14915.6,22.7,1.2
16.481,13,23530.5,15032.1,15.0,23524.7,15074.4,48.4,23543.5,15029.0,23.4,1.0
16.505,0,23200.2,15180.9,15.0,23211.2,15190.3,22.4,23213.8,15166.3,29.9,1.3
16.505,1,23265.4,15227.0,15.0,23283.4,15235.2,22.3,23263.6,15212.2,25.2,1.3
16.505,2,23669.8,13931.1,15.0,23662.6,13964.7,23.9,23686.7,13905.4,22.3,1.3
16.505,3,23646.1,13982.2,15.0,23629.3,13957.2,22.7,23654.4,14025.0,32.5,1.0
16.505,4,23483.4,14671.5,15.0,23471.6,14721.6,55.0,23498.0,14666.6,23.2,1.0
16.505,5,23558.1,14033.3,15.0,23543.1,14007.9,22.3,23564.5,14063.1,22.9,1.2
16.505,6,23462.3,15301.1,15.0,23482.4,15306.8,22.7,23458.1,15286.0,25.7,1.3
16.505,7,23682.6,13710.3,15.0,23675.1,13728.2,22.6,23697.4,13709.9,26.1,1.2
16.505,8,22919.7,15229.0,15.0,22966.9,15239.4,38.0,22899.5,15211.5,22.8,1.2
16.505,9,23681.4,13655.2,15.0,23664.8,13624.6,23.5,23688.3,13689.1,23.9,1.0
16.505,10,23492.8,13714.2,15.0,23474.8,13693.7,22.4,23501.7,13757.9,31.6,1.5
16.505,11,23608.6,14947.3,15.0,23594.5,14957.7,29.3,23619.1,14961.2,23.3,0.9
16.505,12,23586.0,14947.8,15.0,23601.6,14972.2,21.9,23579.3,14915.4,24.0,1.2
16.505,13,23529.9,15029.7,15.0,23522.2,15063.7,42.0,23542.6,15029.3,23.4,1.0
16.529,0,23197.1,15180.8,15.0,23212.1,15189.4,22.4,23203.2,15166.0,27.4,1.3
16.529,1,23262.4,15226.8,15.0,23284.2,15234.7,22.4,23250.0,15211.6,23.4,1.3
16.529,2,23669.8,13928.0,15.0,23662.1,13965.3,26.0,23687.3,13902.5,22.5,1.3
16.529,3,23646.1,13979.6,15.0,23629.1,13957.9,22.7,23655.5,14025.8,37.3,1.0
16.529,4,23483.2,14669.0,15.0,23470.8,14715.6,53.6,23497.1,14666.1,23.2,1.0
16.529,5,23558.1,14030.5,15.0,23542.5,14004.9,22.2,23564.8,14063.1,24.1,1.2
16.529,6,23459.2,15301.4,15.0,23483.2,15306.2,22.7,23443.9,15287.5,23.8,1.3
16.529,7,23682.6,13707.4,15.0,23675.6,13729.0,22.6,23697.2,13696.6,23.9,1.2
16.529,8,22916.8,15229.0,15.0,22965.7,15240.4,41.4,22900.3,15211.6,22.9,1.2
16.529,9,23681.4,13652.7,15.0,23664.2,13622.4,23.4,23688.7,13689.7,25.5,1.0
16.529,10,23492.8,13710.6,15.0,23474.7,13692.6,22.9,23502.8,13759.1,37.0,1.5
16.529,11,23608.3,14945.3,15.0,23593.4,14948.4,27.2,23618.6,14962.2,23.2,0.9
16.529,12,23586.0,14950.7,15.0,23602.1,14974.8,22.1,23578.8,14914.8,26.4,1.2
16.529,13,23529.3,15027.3,15.0,23519.7,15052.7,36.5,23541.6,15029.8,23.4,1.0
16.554,0,23193.9,15180.7,15.0,23212.9,15188.7,22.4,23190.3,15165.6,24.9,1.3
16.554,1,23259.2,15226.6,15.0,23284.5,15234.4,22.4,23239.8,15210.9,22.6,1.3
16.554,2,23669.8,13924.7,15.0,23661.3,13967.1,29.9,23687.7,13900.1,22.7,1.3
16.554,3,23646.1,13977.0,15.0,23629.2,13959.0,22.7,23656.5,14024.9,40.7,1.0
16.554,4,23483.0,14666.4,15.0,23470.3,14705.5,47.2,23496.2,14665.8,23.2,1.0
16.554,5,23558.1,14027.4,15.0,23542.0,14002.5,22.2,23565.3,14063.8,26.5,1.2
16.554,6,23456.0,15301.7,15.0,23483.6,15306.0,22.8,23433.5,15288.2,22.9,1.3
16.554,7,23682.6,13704.3,15.0,23676.0,13729.5,22.6,23697.3,13684.8,23.1,1.2
16.554,8,22913.8,15229.0,15.0,22963.3,15241.4,43.5,22900.8,15211.9,23.0,1.2
16.554,9,23681.4,13650.2,15.0,23663.7,13620.6,23.4,23689.2,13690.8,28.1,1.0
16.554,10,23492.8,13706.9,15.0,23474.7,13691.8,23.3,23504.1,13758.4,41.6,1.5
16.554,11,23608.0,14943.2,15.0,23592.1,14938.3,25.5,23618.1,14963.3,23.2,0.9
16.554,12,23586.0,14953.9,15.0,23602.5,14976.8,22.2,23578.0,14913.2,30.5,1.2
16.554,13,23528.6,15024.7,15.0,23517.7,15045.5,33.2,23540.8,15030.7,23.4,1.0
16.578,0,23191.0,15180.6,15.0,23214.1,15188.2,22.5,23176.1,15165.2,23.3,1.3
16.578,1,23256.2,15226.5,15.0,23284.7,15234.4,22.7,23233.2,15210.2,22.2,1.3
16.578,2,23669.8,13921.7,15.0,23660.2,13969.1,35.2,23688.1,13899.3,22.9,1.3
16.578,3,23646.1,13974.5,15.0,23629.5,13960.4,22.7,23657.5,14023.1,43.0,1.0
16.578,4,23482.9,14663.9,15.0,23469.7,14694.3,40.6,23495.1,14666.1,23.2,1.0
16.578,5,23558.1,14024.7,15.0,23541.5,14000.9,22.4,23566.2,14065.8,30.8,1.2
16.578,6,23453.1,15302.0,15.0,23484.0,15306.0,23.1,23426.9,15288.3,22.5,1.3
16.578,7,23682.6,13701.5,15.0,23676.1,13730.1,22.8,23697.7,13676.4,22.8,1.2
16.578,8,22911.0,15228.9,15.0,22960.3,15242.3,45.0,22901.0,15212.4,23.0,1.2
16.578,9,23681.4,13647.8,15.0,23663.2,13619.7,23.4,23690.1,13693.2,32.5,1.0
16.578,10,23492.8,13703.5,15.0,23475.0,13691.4,23.7,23505.3,13756.5,44.6,1.5
16.578,11,23607.8,14941.2,15.0,23590.8,14926.9,24.3,23617.8,14964.4,23.2,0.9
16.578,12,23586.0,14956.7,15.0,23602.7,14976.8,22.4,23576.9,14912.0,35.6,1.2
16.578,13,23528.1,15022.3,15.0,23515.8,15037.9,30.8,23540.0,15032.4,23.3,1.0
16.606,0,23187.4,15180.5,15.0,23213.8,15188.0,22.5,23166.4,15164.6,22.6,1.3
16.606,1,23252.7,15226.3,15.0,23283.9,15234.5,23.5,23229.0,15209.4,21.9,1.3
16.606,2,23669.8,13918.1,15.0,23659.1,13969.1,40.5,23688.2,13898.8,23.2,1.3
16.606,3,23646.1,13971.5,15.0,23629.9,13960.6,22.8,23658.3,14019.7,43.9,1.0
16.606,4,23482.7,14661.0,15.0,23469.1,14683.6,35.7,23494.1,14665.9,23.2,1.0
16.606,5,23558.1,14021.3,15.0,23541.3,14000.5,22.5,23567.2,14066.2,35.6,1.2
16.606,6,23449.5,15302.3,15.0,23483.4,15306.3,24.0,23422.6,15288.1,22.3,1.3
16.606,7,23682.6,13698.1,15.0,23676.0,13729.3,23.2,23698.3,13672.1,22.4,1.2
16.606,8,22907.6,15228.9,15.0,22956.5,15243.1,47.6,22899.7,15212.9,23.0,1.2
16.606,9,23681.4,13644.9,15.0,23662.9,13620.0,23.4,23691.1,13694.0,37.3,1.0
16.606,10,23492.8,13699.4,15.0,23475.4,13689.5,23.7,23506.3,13752.4,45.9,1.5
16.606,11,23607.5,14938.8,15.0,23589.6,14917.9,23.9,23617.6,14964.7,23.2,0.9
16.606,12,23586.0,14960.2,15.0,23602.7,14977.0,22.6,23575.9,14913.1,39.6,1.2
16.606,13,23527.4,15019.4,15.0,23513.6,15028.9,28.7,23539.3,15033.4,23.4,1.0
16.636,0,23183.6,15180.3,15.0,23213.5,15188.1,23.0,23159.9,15163.8,22.2,1.3
16.636,1,23248.9,15226.2,15.0,23284.3,15235.0,25.8,23225.4,15208.6,22.1,1.3
16.636,2,23669.8,13914.2,15.0,23657.7,13967.3,44.6,23687.9,13899.4,23.5,1.3
16.636,3,23646.1,13968.4,15.0,23630.5,13960.2,22.8,23659.3,14016.0,46.8,1.0
16.636,4,23482.4,14657.9,15.0,23468.3,14675.0,32.1,23493.0,14666.7,23.2,1.0
16.636,5,23558.1,14017.8,15.0,23541.4,14001.0,22.6,23568.4,14065.2,40.2,1.2
16.636,6,23445.7,15302.7,15.0,23484.1,15306.9,26.6,23419.0,15287.7,22.4,1.3
16.636,7,23682.6,13694.5,15.0,23675.5,13729.6,25.2,23699.0,13668.6,22.4,1.2
16.636,8,22904.1,15228.8,15.0,22953.3,15244.1,52.3,22898.2,15213.6,22.9,1.2
16.636,9,23681.4,13641.9,15.0,23662.9,13621.4,23.4,23692.4,13693.7,42.2,1.0
16.636,10,23492.8,13695.1,15.0,23475.9,13686.5,23.5,23507.5,13747.9,49.4,1.5
16.636,11,23607.1,14936.3,15.0,23588.2,14909.6,23.9,23617.5,14965.2,23.3,0.9
16.636,12,23586.0,14963.9,15.0,23602.4,14976.8,22.7,23574.7,14915.7,42.5,1.2
16.636,13,23526.7,15016.4,15.0,23510.6,15015.0,26.1,23538.7,15035.0,23.4,1.0
16.662,0,23180.3,15180.2,15.0,23214.4,15188.5,24.8,23156.3,15163.0,22.1,1.3
16.662,1,23245.7,15226.0,15.0,23287.1,15236.2,31.0,23223.6,15208.1,22.3,1.3
16.662,2,23669.8,13910.9,15.0,23656.4,13963.9,46.1,23687.4,13899.7,23.6,1.3
16.662,3,23646.1,13965.7,15.0,23631.3,13960.1,22.7,23660.3,14013.5,51.4,1.0
16.662,4,23482.3,14655.3,15.0,23467.6,14666.2,29.8,23491.9,14668.7,23.2,1.0
16.662,5,23558.1,14014.7,15.0,23541.7,14002.2,22.7,23569.7,14063.0,42.8,1.2
16.662,6,23442.4,15303.0,15.0,23487.3,15307.8,32.1,23417.1,15287.3,22.7,1.3
16.662,7,23682.6,13691.5,15.0,23674.6,13732.0,29.5,23699.6,13666.7,22.5,1.2
16.662,8,22901.0,15228.8,15.0,22947.5,15244.6,53.0,22897.5,15214.6,22.8,1.2
16.662,9,23681.4,13639.3,15.0,23663.2,13623.7,23.4,23693.7,13692.2,45.4,1.0
16.662,10,23492.8,13691.4,15.0,23476.7,13684.2,23.3,23508.7,13744.9,54.8,1.5
16.662,11,23606.9,14934.1,15.0,23587.3,14906.5,23.4,23617.6,14965.6,23.6,0.9
16.662,12,23586.0,14967.1,15.0,23601.9,14976.6,22.8,23573.6,14919.1,44.2,1.2
16.662,13,23526.1,15013.7,15.0,23507.2,14998.7,24.3,23538.5,15037.0,23.4,1.0
16.685,0,23177.4,15180.1,15.0,23216.0,15189.2,28.0,23154.0,15162.4,22.3,1.3
16.685,1,23242.8,15225.9,15.0,23288.4,15237.3,36.4,23223.7,15207.9,22.6,1.3
16.685,2,23669.8,13908.0,15.0,23655.4,13960.7,49.0,23686.9,13898.9,23.5,1.3
16.685,3,23646.1,13963.3,15.0,23632.1,13959.8,22.7,23660.8,14009.3,52.6,1.0
16.685,4,23482.1,14652.9,15.0,23467.0,14655.2,27.2,23491.2,14670.4,23.2,1.0
16.685,5,23558.1,14012.0,15.0,23542.2,14002.4,22.7,23570.6,14060.0,44.4,1.2
16.685,6,23439.5,15303.2,15.0,23488.9,15308.9,37.8,23417.4,15287.0,23.0,1.3
16.685,7,23682.6,13688.7,15.0,23673.6,13733.8,34.6,23699.9,13666.3,22.6,1.2
16.685,8,22898.3,15228.8,15.0,22939.2,15244.5,48.8,22896.8,15215.5,22.7,1.2
16.685,9,23681.4,13637.0,15.0,23663.7,13625.0,23.4,23694.6,13689.4,46.4,1.0
16.685,10,23492.8,13688.0,15.0,23477.5,13682.0,23.0,23509.2,13739.0,54.8,1.5
16.685,11,23606.6,14932.2,15.0,23586.5,14904.5,23.3,23617.9,14966.1,24.6,0.9
16.685,12,23586.0,14969.9,15.0,23601.3,14977.5,22.7,23572.6,14922.3,47.0,1.2
16.685,13,23525.6,15011.4,15.0,23504.9,14989.1,23.9,23538.4,15038.2,23.4,1.0
16.709,0,23174.3,15180.0,15.0,23217.4,15190.1,32.3,23152.2,15162.0,22.5,1.3
16.709,1,23239.7,15225.8,15.0,23287.6,15238.3,40.3,23223.8,15208.0,22.8,1.3
16.709,2,23669.8,13904.9,15.0,23654.5,13957.7,52.6,23686.3,13897.4,23.4,1.3
16.709,3,23646.1,13960.7,15.0,23632.9,13959.1,22.8,23661.0,14003.3,51.0,1.0
16.709,4,23481.9,14650.4,15.0,23466.4,14643.4,25.2,23490.6,14671.5,23.2,1.0
16.709,5,23558.1,14009.1,15.0,23542.7,14001.4,22.7,23571.4,14056.7,46.9,1.2
16.709,6,23436.4,15303.5,15.0,23488.3,15310.2,41.8,23417.7,15287.0,23.2,1.3
16.709,7,23682.6,13685.8,15.0,23672.5,13734.0,39.3,23700.0,13666.5,22.8,1.2
16.709,8,22895.4,15228.7,15.0,22928.8,15244.1,42.9,22896.0,15216.4,22.7,1.2
16.709,9,23681.4,13634.5,15.0,23664.2,13624.9,23.4,23695.5,13686.5,48.8,1.0
16.709,10,23492.8,13684.5,15.0,23478.3,13680.1,22.8,23509.2,13730.2,50.8,1.5
16.709,11,23606.4,14930.1,15.0,23585.9,14902.9,23.3,23618.2,14966.4,26.1,0.9
16.709,12,23586.0,14972.9,15.0,23600.7,14978.9,22.6,23571.8,14924.9,50.8,1.2
16.709,13,23525.1,15008.9,15.0,23503.2,14983.2,23.8,23538.4,15038.4,23.5,1.0
16.733,0,23171.2,15179.9,15.0,23218.3,15191.2,37.6,23152.2,15161.9,22.7,1.3
16.733,1,23236.6,15225.6,15.0,23285.6,15239.3,43.0,23224.1,15208.2,22.9,1.3
16.733,2,23669.8,13901.7,15.0,23653.7,13954.2,56.0,23685.5,13896.0,23.3,1.3
16.733,3,23646.1,13958.2,15.0,23633.8,13958.7,22.8,23660.8,13993.5,44.9,1.0
16.733,4,23481.8,14647.9,15.0,23465.7,14629.8,24.2,23490.2,14672.6,23.2,1.0
16.733,5,23558.1,14006.3,15.0,23543.4,14000.4,22.7,23572.3,14054.2,50.9,1.2
16.733,6,23433.3,15303.7,15.0,23486.4,15311.6,44.6,23418.2,15287.2,23.4,1.3
16.733,7,23682.6,13682.8,15.0,23671.4,13732.7,42.6,23699.8,13667.5,23.0,1.2
16.733,8,22892.5,15228.7,15.0,22917.0,15243.7,36.7,22895.7,15217.4,22.7,1.2
16.733,9,23681.4,13632.0,15.0,23664.9,13624.7,23.4,23696.3,13683.9,52.1,1.0
16.733,10,23492.8,13681.0,15.0,23479.3,13678.7,22.7,23509.0,13718.4,44.0,1.5
16.733,11,23606.1,14928.1,15.0,23585.4,14901.8,23.3,23618.9,14967.9,28.9,0.9
16.733,12,23586.0,14975.9,15.0,23600.0,14980.2,22.5,23571.3,14929.6,52.0,1.2
16.733,13,23524.5,15006.4,15.0,23502.0,14980.0,23.4,23538.5,15038.4,24.0,1.0
16.757,0,23168.2,15179.8,15.0,23217.4,15192.3,41.4,23152.7,15162.0,22.9,1.3
16.757,1,23233.6,15225.5,15.0,23282.4,15240.0,44.1,23223.9,15208.6,23.0,1.3
16.757,2,23669.8,13898.7,15.0,23653.3,13947.8,55.0,23684.7,13894.6,23.2,1.3
16.757,3,23646.1,13955.7,15.0,23634.7,13958.6,22.7,23660.5,13983.0,38.9,1.0
16.757,4,23481.6,14645.4,15.0,23464.8,14620.7,23.8,23490.0,14673.3,23.2,1.0
16.757,5,23558.1,14003.4,15.0,23544.1,13999.3,22.6,23572.8,14049.7,52.2,1.2
16.757,6,23430.3,15304.0,15.0,23483.3,15312.9,45.8,23418.1,15287.6,23.5,1.3
16.757,7,23682.6,13680.0,15.0,23670.4,13729.9,44.0,23699.4,13667.8,23.0,1.2
16.757,8,22889.7,15228.7,15.0,22908.8,15243.6,33.1,22896.0,15218.5,22.6,1.2
16.757,9,23681.4,13629.6,15.0,23665.6,13624.5,23.4,23697.1,13681.7,56.4,1.0
16.757,10,23492.8,13677.5,15.0,23480.4,13678.0,22.6,23508.7,13705.8,37.6,1.5
16.757,11,23605.9,14926.0,15.0,23585.0,14901.0,23.3,23619.8,14969.4,32.5,0.9
16.757,12,23586.0,14978.8,15.0,23599.2,14981.4,22.5,23571.1,14936.5,49.7,1.2
16.757,13,23524.0,15004.0,15.0,23501.0,14978.1,23.4,23539.0,15039.2,25.9,1.0
16.780,0,23165.3,15179.7,15.0,23215.3,15193.2,43.7,23153.0,15162.3,23.1,1.3
16.780,1,23230.7,15225.4,15.0,23279.2,15240.8,46.6,23222.9,15209.1,22.9,1.3
16.780,2,23669.8,13895.8,15.0,23653.5,13937.7,48.8,23683.7,13893.6,23.1,1.3
16.780,3,23646.1,13953.3,15.0,23635.7,13958.8,22.7,23660.3,13973.2,34.3,1.0
16.780,4,23481.5,14643.1,15.0,23464.0,14614.8,23.7,23490.0,14673.8,23.4,1.0
16.780,5,23558.1,14000.7,15.0,23544.9,13998.4,22.6,23573.0,14043.2,50.2,1.2
16.780,6,23427.4,15304.2,15.0,23480.2,15314.2,48.5,23417.2,15288.2,23.4,1.3
16.780,7,23682.6,13677.3,15.0,23669.5,13726.9,45.8,23699.0,13667.6,23.0,1.2
16.780,8,22887.0,15228.6,15.0,22901.4,15243.7,30.6,22896.8,15219.5,22.6,1.2
16.780,9,23681.4,13627.3,15.0,23666.4,13624.2,23.4,23697.4,13676.4,55.7,1.0
16.780,10,23492.8,13674.2,15.0,23481.6,13678.1,22.4,23508.8,13697.7,34.2,1.5
16.780,11,23605.7,14924.1,15.0,23584.9,14901.8,23.2,23620.7,14970.4,36.5,0.9
16.780,12,23586.0,14981.6,15.0,23598.3,14982.2,22.4,23571.3,14946.6,43.7,1.2
16.780,13,23523.5,15001.7,15.0,23500.3,14976.9,23.4,23539.9,15040.8,29.1,1.0
16.804,0,23162.3,15179.7,15.0,23212.1,15194.0,44.8,23152.5,15162.7,23.2,1.3
16.804,1,23227.8,15225.3,15.0,23276.3,15241.4,50.0,23221.4,15209.6,22.9,1.3
16.804,2,23669.8,13892.7,15.0,23653.7,13926.6,42.5,23682.8,13893.0,23.0,1.3
16.804,3,23646.1,13950.8,15.0,23636.6,13959.2,22.7,23660.4,13966.6,31.5,1.0
16.804,4,23481.3,14640.6,15.0,23463.2,14611.7,23.3,23490.2,14673.6,23.8,1.0
16.804,5,23558.1,13997.9,15.0,23545.8,13997.5,22.5,23572.8,14033.5,44.4,1.2
16.804,6,23424.4,15304.5,15.0,23477.4,15315.4,52.1,23415.8,15288.9,23.3,1.3
16.804,7,23682.6,13674.4,15.0,23668.7,13723.6,48.4,23698.4,13666.7,23.0,1.2
16.804,8,22884.1,15228.6,15.0,22893.7,15243.6,28.9,22897.6,15220.4,22.6,1.2
16.804,9,23681.4,13624.9,15.0,23667.2,13623.8,23.4,23697.5,13669.3,52.4,1.0
16.804,10,23492.8,13670.8,15.0,23482.6,13678.4,22.3,23508.9,13689.8,31.9,1.5
16.804,11,23605.4,14922.1,15.0,23584.9,14902.5,23.2,23621.5,14970.7,40.3,0.9
16.804,12,23586.0,14984.5,15.0,23597.4,14982.9,22.3,23571.6,14957.2,37.9,1.2
16.804,13,23523.0,14999.2,15.0,23499.8,14976.1,23.4,23540.9,15042.4,33.3,1.0
16.828,0,23159.3,15179.6,15.0,23208.8,15194.8,47.5,23151.3,15163.2,23.1,1.3
16.828,1,23224.8,15225.2,15.0,23273.2,15242.0,53.4,23220.0,15210.2,22.8,1.3
16.828,2,23669.8,13889.7,15.0,23654.0,13914.7,36.7,23681.7,13892.8,22.9,1.3
16.828,3,23646.1,13948.3,15.0,23637.5,13960.2,22.7,23660.5,13959.4,29.5,1.0
16.828,4,23481.2,14638.2,15.0,23462.5,14609.7,23.2,23490.6,14674.3,25.5,1.0
16.828,5,23558.1,13995.1,15.0,23546.7,13997.1,22.5,23572.5,14022.8,38.4,1.2
16.828,6,23421.4,15304.7,15.0,23474.1,15316.4,55.4,23414.5,15289.7,23.2,1.3
16.828,7,23682.6,13671.6,15.0,23667.8,13721.2,52.7,23697.8,13665.6,22.9,1.2
16.828,8,22881.3,15228.6,15.0,22882.2,15243.3,26.3,22898.6,15221.2,22.6,1.2
16.828,9,23681.4,13622.5,15.0,23668.2,13623.5,23.4,23697.3,13659.2,46.4,1.0
16.828,10,23492.8,13667.3,15.0,23483.7,13679.2,22.3,23508.9,13680.7,29.9,1.5
16.828,11,23605.2,14920.1,15.0,23585.2,14903.8,23.2,23622.2,14969.7,42.8,0.9
16.828,12,23586.0,14987.4,15.0,23596.4,14982.9,22.3,23571.7,14966.7,33.6,1.2
16.828,13,23522.5,14996.8,15.0,23499.9,14977.0,23.4,23542.1,15043.4,38.5,1.0
16.852,0,23156.2,15179.5,15.0,23205.9,15195.5,51.3,23149.7,15163.7,23.0,1.3
16.852,1,23221.7,15225.0,15.0,23267.0,15242.0,52.4,23218.4,15211.0,22.7,1.3
16.852,2,23669.8,13886.5,15.0,23653.9,13907.0,33.5,23680.6,13893.1,22.9,1.3
16.852,3,23646.1,13945.7,15.0,23638.4,13961.1,22.7,23660.5,13950.7,27.5,1.0
16.852,4,23481.0,14635.6,15.0,23462.0,14608.1,23.2,23491.2,14675.5,28.4,1.0
16.852,5,23558.1,13992.2,15.0,23547.7,13996.9,22.4,23572.4,14012.8,33.9,1.2
16.852,6,23418.3,15304.9,15.0,23467.7,15317.3,54.4,23413.2,15290.6,23.1,1.3
16.852,7,23682.6,13668.6,15.0,23667.4,13716.2,53.4,23697.0,13664.4,22.8,1.2
16.852,8,22878.4,15228.6,15.0,22869.3,15243.0,24.2,22899.4,15221.8,22.6,1.2
16.852,9,23681.4,13620.0,15.0,23669.1,13623.6,23.4,23697.0,13648.4,40.1,1.0
16.852,10,23492.8,13663.7,15.0,23484.5,13680.0,22.3,23508.8,13668.3,27.1,1.5
16.852,11,23605.0,14918.0,15.0,23585.6,14904.7,23.2,23622.8,14968.1,44.7,0.9
16.852,12,23586.0,14990.5,15.0,23595.4,14982.8,22.3,23571.6,14974.1,30.9,1.2
16.852,13,23522.0,14994.3,15.0,23500.2,14978.2,23.3,23542.9,15042.7,42.3,1.0
16.876,0,23153.2,15179.4,15.0,23202.0,15196.1,53.8,23148.4,15164.4,22.9,1.3
16.876,1,23218.7,15224.9,15.0,23257.5,15241.6,46.9,23217.3,15211.8,22.6,1.3
16.876,2,23669.8,13883.5,15.0,23653.8,13898.8,31.2,23679.4,13894.2,22.8,1.3
16.876,3,23646.1,13943.2,15.0,23639.1,13962.3,22.8,23660.3,13939.3,25.4,1.0
16.876,4,23480.9,14633.2,15.0,23461.5,14607.3,23.2,23492.2,14677.5,32.8,1.0
16.876,5,23558.1,13989.4,15.0,23548.7,13997.4,22.4,23572.5,14005.5,30.9,1.2
16.876,6,23415.3,15305.2,15.0,23457.6,15318.0,48.3,23412.2,15291.6,23.0,1.3
16.876,7,23682.6,13665.8,15.0,23667.2,13708.9,50.5,23696.1,13663.5,22.8,1.2
16.876,8,22875.6,15228.5,15.0,22856.7,15242.9,23.2,22900.3,15222.2,22.6,1.2
16.876,9,23681.4,13617.6,15.0,23670.2,13624.1,23.4,23696.9,13638.7,35.5,1.0
16.876,10,23492.8,13660.3,15.0,23485.2,13681.0,22.3,23508.6,13653.8,24.2,1.5
16.876,11,23604.7,14916.0,15.0,23586.1,14905.5,23.2,23623.2,14965.7,45.5,0.9
16.876,12,23586.0,14993.4,15.0,23594.4,14981.9,22.2,23571.5,14981.8,29.1,1.2
16.876,13,23521.6,14991.8,15.0,23500.8,14979.8,23.4,23543.6,15041.0,45.0,1.0
16.900,0,23150.1,15179.3,15.0,23195.8,15196.2,52.9,23147.0,15165.2,22.8,1.3
16.900,1,23215.7,15224.8,15.0,23246.7,15240.9,40.8,23216.5,15212.7,22.5,1.3
16.900,2,23669.8,13880.4,15.0,23653.8,13888.9,28.8,23678.5,13895.2,22.8,1.3
16.900,3,23646.1,13940.7,15.0,23639.5,13963.2,22.7,23660.2,13926.6,23.8,1.0
16.900,4,23480.7,14630.7,15.0,23461.4,14608.1,23.2,23493.3,14678.6,37.7,1.0
16.900,5,23558.1,13986.6,15.0,23549.7,13998.2,22.4,23572.6,13998.0,29.2,1.2
16.900,6,23412.2,15305.4,15.0,23446.3,15318.7,41.8,23411.8,15292.7,22.9,1.3
16.900,7,23682.6,13662.9,15.0,23667.4,13698.4,44.4,23695.2,13662.7,22.7,1.2
16.900,8,22872.8,15228.5,15.0,22847.8,15243.1,22.9,22900.7,15222.3,22.7,1.2
16.900,9,23681.4,13615.2,15.0,23671.2,13624.9,23.4,23697.0,13631.7,32.5,1.0
16.900,10,23492.8,13656.9,15.0,23485.6,13681.6,22.4,23508.7,13642.2,22.8,1.5
16.900,11,23604.5,14914.0,15.0,23586.5,14905.7,23.3,23623.6,14963.3,47.1,0.9
16.900,12,23586.0,14996.3,15.0,23593.6,14981.1,22.2,23571.6,14992.2,26.6,1.2
16.900,13,23521.1,14989.4,15.0,23501.5,14980.6,23.4,23543.8,15038.1,46.0,1.0
16.923,0,23147.1,15179.2,15.0,23185.6,15195.7,46.5,23145.8,15166.0,22.7,1.3
16.923,1,23212.7,15224.7,15.0,23235.4,15240.2,35.3,23216.1,15213.7,22.5,1.3
16.923,2,23669.8,13877.4,15.0,23654.0,13876.4,26.3,23677.7,13896.4,22.8,1.3
16.923,3,23646.1,13938.2,15.0,23639.8,13963.8,22.7,23660.2,13916.2,23.3,1.0
16.923,4,23480.6,14628.3,15.0,23461.5,14609.4,23.2,23494.3,14678.2,41.6,1.0
16.923,5,23558.1,13983.8,15.0,23550.5,13999.1,22.4,23572.5,13987.9,26.8,1.2
16.923,6,23409.2,15305.6,15.0,23434.7,15319.3,36.2,23411.7,15293.7,22.8,1.3
16.923,7,23682.6,13660.1,15.0,23667.7,13687.1,38.1,23694.2,13662.4,22.7,1.2
16.923,8,22869.9,15228.5,15.0,22843.8,15243.7,22.5,22900.5,15222.2,23.1,1.2
16.923,9,23681.4,13612.8,15.0,23672.2,13626.2,23.4,23697.1,13624.3,30.6,1.0
16.923,10,23492.8,13653.4,15.0,23485.7,13681.9,22.7,23509.1,13633.6,22.1,1.5
16.923,11,23604.3,14912.0,15.0,23587.0,14905.5,23.3,23623.9,14960.8,49.3,0.9
16.923,12,23586.0,14999.2,15.0,23593.0,14980.2,22.2,23571.8,15004.4,24.4,1.2
16.923,13,23520.6,14987.0,15.0,23502.1,14980.6,23.4,23543.9,15035.1,48.3,1.0
16.947,0,23144.1,15179.1,15.0,23174.5,15195.1,40.2,23145.2,15167.0,22.6,1.3
16.947,1,23209.7,15224.6,15.0,23228.0,15240.1,32.3,23216.3,15214.8,22.4,1.3
16.947,2,23669.8,13874.3,15.0,23654.1,13862.1,24.1,23677.1,13897.4,22.8,1.3
16.947,3,23646.1,13935.7,15.0,23639.9,13964.2,22.8,23660.6,13908.4,23.3,1.0
16.947,4,23480.4,14625.8,15.0,23461.8,14610.9,23.2,23495.2,14676.7,44.4,1.0
16.947,5,23558.1,13980.9,15.0,23551.1,14000.0,22.4,23572.3,13976.0,24.7,1.2
16.947,6,23406.2,15305.8,15.0,23427.1,15320.0,33.1,23412.1,15294.8,22.8,1.3
16.947,7,23682.6,13657.2,15.0,23667.8,13677.9,34.0,23693.2,13662.5,22.6,1.2
16.947,8,22867.1,15228.4,15.0,22840.7,15244.3,22.4,22900.7,15221.9,24.3,1.2
16.947,9,23681.4,13610.4,15.0,23673.0,13627.4,23.4,23697.0,13615.1,28.4,1.0
16.947,10,23492.8,13649.9,15.0,23485.6,13681.6,23.3,23509.7,13628.9,21.7,1.5
16.947,11,23604.1,14910.0,15.0,23587.5,14905.2,23.3,23624.3,14959.0,52.5,0.9
16.947,12,23586.0,15002.2,15.0,23592.5,14979.6,22.3,23571.9,15017.6,23.1,1.2
16.947,13,23520.2,14984.5,15.0,23502.7,14980.2,23.4,23544.1,15032.4,51.5,1.0
16.971,0,23141.1,15179.1,15.0,23163.7,15194.6,35.1,23145.0,15168.0,22.5,1.3
16.971,1,23206.7,15224.5,15.0,23220.4,15239.9,30.2,23217.0,15215.8,22.3,1.3
16.971,2,23669.8,13871.3,15.0,23654.0,13851.1,23.1,23676.8,13898.2,22.9,1.3
16.971,3,23646.1,13933.2,15.0,23639.8,13964.0,23.1,23661.2,13905.2,22.9,1.0
16.971,4,23480.3,14623.4,15.0,23462.3,14611.8,23.2,23495.9,14673.9,45.4,1.0
16.971,5,23558.1,13978.2,15.0,23551.6,14000.8,22.4,23572.2,13962.7,23.3,1.2
16.971,6,23403.2,15306.0,15.0,23419.1,15320.7,30.9,23413.1,15295.8,22.7,1.3
16.971,7,23682.6,13654.4,15.0,23667.7,13670.4,31.2,23692.2,13663.1,22.6,1.2
16.971,8,22864.3,15228.4,15.0,22838.4,15244.8,22.4,22901.6,15221.4,26.7,1.2
16.971,9,23681.4,13608.0,15.0,23673.7,13628.8,23.4,23696.8,13603.6,26.3,1.0
16.971,10,23492.8,13646.5,15.0,23485.2,13682.3,25.4,23510.2,13625.3,21.9,1.5
16.971,11,23603.9,14908.0,15.0,23588.1,14904.8,23.3,23624.7,14956.9,55.6,0.9
16.971,12,23586.0,15005.0,15.0,23592.3,14979.2,22.3,23571.6,15026.5,22.4,1.2
16.971,13,23519.7,14982.1,15.0,23503.4,14979.8,23.4,23544.4,15030.1,55.9,1.0
16.998,0,23137.7,15179.0,15.0,23155.9,15194.5,32.1,23144.8,15169.1,22.5,1.3
16.998,1,23203.3,15224.4,15.0,23210.9,15239.5,28.0,23217.3,15216.7,22.3,1.3
16.998,2,23669.8,13867.8,15.0,23653.5,13843.2,22.7,23676.7,13898.0,23.1,1.3
16.998,3,23646.1,13930.4,15.0,23639.4,13963.9,24.4,23661.8,13902.4,22.8,1.0
16.998,4,23480.1,14620.6,15.0,23462.8,14611.6,23.2,23496.5,14670.7,47.4,1.0
16.998,5,23558.1,13975.0,15.0,23551.8,14000.7,22.4,23572.4,13953.2,22.7,1.2
16.998,6,23399.8,15306.3,15.0,23409.1,15321.3,28.6,23413.8,15296.7,22.7,1.3
16.998,7,23682.6,13651.1,15.0,23667.6,13662.4,29.4,23691.2,13663.5,22.6,1.2
16.998,8,22861.1,15228.4,15.0,22836.4,15245.2,22.5,22903.0,15220.6,30.7,1.2
16.998,9,23681.4,13605.3,15.0,23674.2,13629.6,23.4,23696.7,13590.3,24.6,1.0
16.998,10,23492.8,13642.6,15.0,23484.5,13683.3,29.0,23510.6,13621.8,22.2,1.5
16.998,11,23603.6,14905.7,15.0,23588.7,14904.1,23.2,23624.3,14952.0,54.9,0.9
16.998,12,23586.0,15008.4,15.0,23592.3,14979.8,22.6,23571.1,15032.4,22.2,1.2
16.998,13,23519.2,14979.3,15.0,23504.0,14978.8,23.4,23543.6,15024.5,55.4,1.0
17.028,0,23133.9,15178.9,15.0,23146.7,15194.4,29.9,23145.3,15170.2,22.4,1.3
17.028,1,23199.5,15224.2,15.0,23197.1,15238.8,25.3,23218.0,15217.5,22.3,1.3
17.028,2,23669.8,13864.0,15.0,23652.8,13838.3,22.3,23677.0,13897.6,23.9,1.3
17.028,3,23646.1,13927.3,15.0,23638.8,13964.7,27.1,23662.4,13900.1,22.8,1.0
17.028,4,23480.0,14617.5,15.0,23463.5,14611.1,23.2,23497.2,14667.3,50.9,1.0
17.028,5,23558.1,13971.4,15.0,23551.8,14000.4,22.7,23572.9,13946.3,22.4,1.2
17.028,6,23396.0,15306.5,15.0,23394.5,15322.1,25.7,23414.7,15297.5,22.7,1.3
17.028,7,23682.6,13647.5,15.0,23667.8,13649.5,26.6,23690.3,13664.4,22.6,1.2
17.028,8,22857.5,15228.4,15.0,22836.1,15245.4,22.7,22903.9,15219.4,36.4,1.2
17.028,9,23681.4,13602.2,15.0,23674.5,13630.3,23.4,23696.8,13577.9,24.0,1.0
17.028,10,23492.8,13638.3,15.0,23483.3,13684.8,34.6,23510.9,13619.1,22.7,1.5
17.028,11,23603.4,14903.2,15.0,23589.4,14903.3,23.3,23623.6,14945.2,52.0,0.9
17.028,12,23586.0,15012.0,15.0,23592.6,14980.2,23.7,23570.5,15036.5,21.9,1.2
17.028,13,23518.7,14976.2,15.0,23504.9,14977.9,23.4,23541.9,15015.6,51.0,1.0
17.053,0,23130.8,15178.8,15.0,23133.8,15193.9,26.8,23147.1,15171.3,22.4,1.3
17.053,1,23196.4,15224.1,15.0,23180.9,15238.2,23.2,23219.5,15218.2,22.4,1.3
17.053,2,23669.8,13860.8,15.0,23652.1,13835.4,22.5,23677.6,13899.2,26.7,1.3
17.053,3,23646.1,13924.7,15.0,23637.8,13967.3,32.1,23662.9,13899.5,22.7,1.0
17.053,4,23479.8,14615.0,15.0,23464.4,14611.1,23.2,23498.0,14664.6,55.5,1.0
17.053,5,23558.1,13968.5,15.0,23551.5,14001.0,24.0,23573.7,13943.0,22.2,1.2
17.053,6,23392.8,15306.7,15.0,23377.8,15323.1,23.6,23416.6,15298.1,22.8,1.3
17.053,7,23682.6,13644.6,15.0,23667.9,13633.9,23.9,23689.5,13666.1,22.6,1.2
17.053,8,22854.6,15228.3,15.0,22837.6,15245.4,22.8,22903.7,15218.0,41.2,1.2
17.053,9,23681.4,13599.7,15.0,23674.6,13631.4,23.6,23697.3,13569.8,23.9,1.0
17.053,10,23492.8,13634.7,15.0,23481.8,13685.7,40.9,23510.9,13618.9,23.3,1.5
17.053,11,23603.2,14901.1,15.0,23590.4,14903.4,23.3,23622.3,14935.4,45.8,0.9
17.053,12,23586.0,15015.1,15.0,23593.3,14978.7,26.7,23569.9,15039.0,22.1,1.2
17.053,13,23518.2,14973.7,15.0,23506.2,14978.0,23.4,23539.3,15003.2,43.1,1.0
17.076,0,23127.8,15178.7,15.0,23120.6,15193.4,24.4,23148.2,15172.0,22.4,1.3
17.076,1,23193.4,15224.1,15.0,23171.5,15238.2,22.5,23220.0,15218.4,22.4,1.3
17.076,2,23669.8,13857.8,15.0,23651.7,13833.5,22.7,23678.5,13901.7,31.3,1.3
17.076,3,23646.1,13922.2,15.0,23636.7,13968.3,37.1,23663.1,13900.3,22.7,1.0
17.076,4,23479.7,14612.5,15.0,23465.2,14610.7,23.2,23497.9,14658.8,54.5,1.0
17.076,5,23558.1,13965.7,15.0,23550.9,14001.9,26.4,23574.2,13940.7,22.2,1.2
17.076,6,23389.8,15306.9,15.0,23368.1,15324.0,22.8,23417.3,15298.3,22.8,1.3
17.076,7,23682.6,13641.7,15.0,23667.9,13622.1,23.1,23689.2,13667.0,22.6,1.2
17.076,8,22851.8,15228.3,15.0,22838.4,15245.1,23.0,22901.6,15217.0,43.5,1.2
17.076,9,23681.4,13597.3,15.0,23674.4,13631.5,24.0,23698.0,13566.6,23.5,1.0
17.076,10,23492.8,13631.3,15.0,23480.6,13684.1,44.3,23510.7,13618.6,23.6,1.5
17.076,11,23602.9,14899.1,15.0,23591.2,14903.4,23.2,23621.1,14926.4,40.4,0.9
17.076,12,23586.0,15018.0,15.0,23594.1,14976.8,31.0,23569.5,15040.8,22.2,1.2
17.076,13,23517.8,14971.2,15.0,23507.3,14978.1,23.4,23536.9,14991.5,37.0,1.0
17.100,0,23124.7,15178.7,15.0,23107.9,15193.1,23.1,23148.8,15172.4,22.5,1.3
17.100,1,23190.4,15224.0,15.0,23166.1,15238.5,22.2,23219.8,15218.3,22.8,1.3
17.100,2,23669.8,13854.7,15.0,23651.4,13833.0,23.0,23679.5,13903.0,36.4,1.3
17.100,3,23646.1,13919.7,15.0,23635.7,13967.5,40.5,23663.0,13901.5,22.7,1.0
17.100,4,23479.6,14610.1,15.0,23466.1,14610.2,23.2,23497.4,14650.5,49.7,1.0
17.100,5,23558.1,13962.9,15.0,23550.2,14003.5,30.3,23574.6,13939.0,22.3,1.2
17.100,6,23386.8,15307.1,15.0,23362.9,15324.9,22.5,23417.2,15298.3,23.2,1.3
17.100,7,23682.6,13638.8,15.0,23667.5,13613.8,22.8,23689.1,13667.3,22.7,1.2
17.100,8,22849.0,15228.3,15.0,22838.4,15244.7,23.0,22898.5,15216.0,44.7,1.2
17.100,9,23681.4,13594.9,15.0,23674.0,13632.2,25.7,23698.6,13564.6,23.4,1.0
17.100,10,23492.8,13627.8,15.0,23479.6,13680.8,45.6,23510.3,13617.3,23.7,1.5
17.100,11,23602.7,14897.1,15.0,23592.1,14903.5,23.3,23620.0,14917.6,36.2,0.9
17.100,12,23586.0,15020.9,15.0,23595.1,14976.0,35.8,23569.3,15040.9,22.4,1.2
17.100,13,23517.4,14968.8,15.0,23508.4,14978.6,23.4,23535.7,14984.4,33.7,1.0
17.123,0,23121.8,15178.6,15.0,23098.7,15193.2,22.6,23149.3,15172.6,22.6,1.3
17.123,1,23187.5,15223.9,15.0,23162.6,15239.0,22.0,23219.9,15218.1,23.8,1.3
17.123,2,23669.8,13851.7,15.0,23651.4,13833.3,23.3,23680.7,13903.2,41.3,1.3
17.123,3,23646.1,13917.2,15.0,23634.8,13965.8,42.9,23662.8,13902.8,22.7,1.0
17.123,4,23479.5,14607.7,15.0,23467.0,14610.0,23.2,23496.6,14640.2,43.7,1.0
17.123,5,23558.1,13960.1,15.0,23549.1,14004.6,35.1,23574.8,13939.0,22.5,1.2
17.123,6,23383.8,15307.3,15.0,23359.4,15325.6,22.3,23417.5,15298.0,24.4,1.3
17.123,7,23682.6,13636.1,15.0,23666.9,13610.0,22.4,23689.2,13667.1,23.2,1.2
17.123,8,22846.2,15228.3,15.0,22837.7,15244.1,23.0,22895.4,15215.1,47.3,1.2
17.123,9,23681.4,13592.6,15.0,23673.4,13633.6,28.4,23699.1,13563.1,23.4,1.0
17.123,10,23492.8,13624.4,15.0,23478.6,13677.3,48.1,23509.9,13615.4,23.6,1.5
17.123,11,23602.6,14895.1,15.0,23593.0,14904.0,23.2,23619.5,14911.9,33.5,0.9
17.123,12,23586.0,15023.8,15.0,23596.2,14976.6,39.7,23569.3,15040.4,22.6,1.2
17.123,13,23517.0,14966.4,15.0,23509.5,14979.5,23.3,23534.6,14977.1,31.2,1.0
17.147,0,23118.8,15178.5,15.0,23094.2,15193.7,22.2,23149.0,15172.5,23.0,1.3
17.147,1,23184.5,15223.8,15.0,23159.8,15239.5,22.1,23220.3,15217.6,25.7,1.3
17.147,2,23669.8,13848.7,15.0,23651.6,13833.9,23.5,23681.9,13901.8,44.7,1.3
17.147,3,23646.1,13914.7,15.0,23634.0,13963.0,43.8,23662.4,13903.4,22.7,1.0
17.147,4,23479.3,14605.2,15.0,23468.0,14610.1,23.2,23495.7,14629.3,37.8,1.0
17.147,5,23558.1,13957.3,15.0,23548.1,14004.3,39.3,23574.9,13939.4,22.6,1.2
17.147,6,23380.8,15307.5,15.0,23356.7,15326.3,22.4,23418.1,15297.5,26.5,1.3
17.147,7,23682.6,13633.2,15.0,23666.3,13607.2,22.3,23689.6,13667.4,24.7,1.2
17.147,8,22843.4,15228.2,15.0,22836.7,15243.5,22.9,22892.8,15214.3,51.0,1.2
17.147,9,23681.4,13590.2,15.0,23672.6,13635.5,32.5,23699.5,13562.1,23.4,1.0
17.147,10,23492.8,13621.0,15.0,23477.6,13674.1,51.7,23509.4,13613.0,23.4,1.5
17.147,11,23602.4,14893.1,15.0,23593.8,14904.6,23.2,23619.0,14906.1,31.5,0.9
17.147,12,23586.0,15026.7,15.0,23597.2,14978.4,42.3,23569.5,15040.0,22.7,1.2
17.147,13,23516.6,14963.9,15.0,23510.6,14980.5,23.4,23533.4,14969.5,29.4,1.0
17.170,0,23115.9,15178.5,15.0,23090.9,15194.2,22.1,23149.3,15172.2,24.2,1.3
17.170,1,23181.6,15223.7,15.0,23157.9,15239.8,22.3,23222.2,15216.9,29.6,1.3
17.170,2,23669.8,13845.8,15.0,23652.0,13833.9,23.6,23682.9,13898.8,45.9,1.3
17.170,3,23646.1,13912.3,15.0,23633.2,13960.2,46.0,23661.9,13903.4,22.7,1.0
17.170,4,23479.2,14602.9,15.0,23469.0,14610.6,23.2,23495.3,14621.4,34.1,1.0
17.170,5,23558.1,13954.6,15.0,23547.1,14003.0,42.2,23574.7,13940.4,22.7,1.2
17.170,6,23377.9,15307.6,15.0,23354.9,15326.8,22.6,23420.3,15296.6,30.8,1.3
17.170,7,23682.6,13630.5,15.0,23665.8,13605.1,22.4,23690.1,13668.6,27.4,1.2
17.170,8,22840.7,15228.2,15.0,22835.8,15242.8,22.8,22889.3,15213.6,53.6,1.2
17.170,9,23681.4,13587.9,15.0,23671.6,13636.9,37.4,23699.8,13563.0,23.4,1.0
17.170,10,23492.8,13617.7,15.0,23476.7,13671.0,55.6,23508.7,13610.7,23.2,1.5
17.170,11,23602.2,14891.2,15.0,23594.7,14905.6,23.2,23618.5,14900.1,30.0,0.9
17.170,12,23586.0,15029.5,15.0,23598.1,14981.4,43.3,23569.9,15040.0,22.8,1.2
17.170,13,23516.2,14961.6,15.0,23511.6,14981.8,23.3,23531.3,14958.3,26.9,1.0
17.194,0,23112.8,15178.4,15.0,23088.1,15194.6,22.2,23149.8,15171.8,26.4,1.3
17.194,1,23178.6,15223.6,15.0,23157.0,15240.1,22.4,23223.3,15216.0,34.2,1.3
17.194,2,23669.8,13842.7,15.0,23652.5,13833.0,23.6,23683.8,13895.5,47.9,1.3
17.194,3,23646.1,13909.8,15.0,23632.4,13957.5,48.9,23661.3,13903.0,22.8,1.0
17.194,4,23479.1,14600.4,15.0,23470.0,14611.3,23.2,23495.1,14614.4,31.5,1.0
17.194,5,23558.1,13951.8,15.0,23546.2,13999.9,43.2,23574.3,13940.4,22.7,1.2
17.194,6,23374.9,15307.8,15.0,23354.2,15327.1,22.9,23421.5,15295.6,35.7,1.3
17.194,7,23682.6,13627.6,15.0,23665.4,13603.4,22.6,23690.9,13670.2,31.4,1.2
17.194,8,22837.8,15228.2,15.0,22834.7,15242.0,22.8,22883.4,15213.2,52.7,1.2
17.194,9,23681.4,13585.4,15.0,23670.5,13637.0,41.6,23699.8,13564.0,23.4,1.0
17.194,10,23492.8,13614.2,15.0,23476.4,13664.5,54.6,23508.0,13608.6,23.0,1.5
17.194,11,23602.0,14889.1,15.0,23595.4,14906.4,23.2,23617.7,14892.5,28.2,0.9
17.194,12,23586.0,15032.4,15.0,23598.9,14984.6,45.5,23570.4,15041.0,22.7,1.2
17.194,13,23515.8,14959.1,15.0,23512.2,14982.7,23.3,23529.2,14946.1,25.0,1.0
17.217,0,23109.9,15178.3,15.0,23086.2,15195.0,22.4,23151.8,15171.0,30.5,1.3
17.217,1,23175.7,15223.5,15.0,23157.2,15240.1,22.7,23223.7,15214.8,39.0,1.3
17.217,2,23669.8,13839.7,15.0,23653.0,13831.7,23.5,23684.8,13892.4,51.2,1.3
17.217,3,23646.1,13907.4,15.0,23631.6,13955.3,52.9,23660.6,13902.6,22.8,1.0
17.217,4,23479.0,14598.0,15.0,23471.0,14612.5,23.2,23494.8,14607.0,29.7,1.0
17.217,5,23558.1,13949.1,15.0,23545.4,13996.9,45.2,23573.8,13940.0,22.7,1.2
17.217,6,23371.9,15308.0,15.0,23354.4,15327.1,23.1,23421.7,15294.4,40.6,1.3
17.217,7,23682.6,13624.8,15.0,23665.2,13603.6,22.7,23692.0,13671.3,36.5,1.2
17.217,8,22835.1,15228.2,15.0,22834.0,15241.1,22.7,22873.8,15213.3,46.8,1.2
17.217,9,23681.4,13583.1,15.0,23669.5,13635.9,44.6,23699.6,13565.8,23.4,1.0
17.217,10,23492.8,13610.9,15.0,23476.4,13654.9,49.3,23507.1,13606.6,22.8,1.5
17.217,11,23601.8,14887.2,15.0,23596.1,14907.5,23.2,23616.7,14883.2,26.4,0.9
17.217,12,23586.0,15035.3,15.0,23599.8,14987.5,48.8,23571.0,15042.1,22.7,1.2
17.217,13,23515.5,14956.7,15.0,23512.8,14983.8,23.4,23527.2,14933.4,24.2,1.0
17.241,0,23106.9,15178.3,15.0,23085.7,15195.2,22.6,23153.0,15170.0,35.4,1.3
17.241,1,23172.7,15223.4,15.0,23157.7,15240.0,22.9,23222.3,15213.7,42.1,1.3
17.241,2,23669.8,13836.7,15.0,23653.7,13830.3,23.4,23685.6,13889.9,55.6,1.3
17.241,3,23646.1,13904.9,15.0,23631.3,13950.1,52.4,23659.9,13902.0,22.7,1.0
17.241,4,23478.9,14595.6,15.0,23471.8,14613.6,23.2,23494.2,14596.9,27.3,1.0
17.241,5,23558.1,13946.3,15.0,23544.5,13993.9,48.0,23573.3,13939.1,22.7,1.2
17.241,6,23368.9,15308.1,15.0,23355.0,15326.9,23.4,23420.3,15293.4,43.9,1.3
17.241,7,23682.6,13622.0,15.0,23665.3,13604.2,22.8,23693.1,13670.8,40.5,1.2
17.241,8,22832.3,15228.1,15.0,22833.5,15240.2,22.7,22863.2,15213.5,40.7,1.2
17.241,9,23681.4,13580.7,15.0,23668.6,13633.4,45.8,23699.3,13566.8,23.4,1.0
17.241,10,23492.8,13607.4,15.0,23476.7,13643.5,42.9,23506.1,13605.6,22.6,1.5
17.241,11,23601.6,14885.2,15.0,23596.6,14908.3,23.2,23615.6,14873.0,24.8,0.9
17.241,12,23586.0,15038.2,15.0,23600.5,14990.2,52.6,23571.6,15043.4,22.6,1.2
17.241,13,23515.1,14954.3,15.0,23512.9,14984.4,23.4,23526.2,14924.9,23.9,1.0
17.264,0,23103.9,15178.2,15.0,23085.9,15195.3,22.8,23152.9,15168.8,39.9,1.3
17.264,1,23169.8,15223.3,15.0,23157.6,15239.7,23.0,23219.5,15212.7,43.6,1.3
17.264,2,23669.8,13833.7,15.0,23654.5,13828.9,23.2,23686.0,13884.1,55.4,1.3
17.264,3,23646.1,13902.5,15.0,23631.3,13943.0,49.1,23659.0,13901.5,22.7,1.0
17.264,4,23478.8,14593.1,15.0,23472.5,14614.8,23.2,23493.5,14585.0,25.4,1.0
17.264,5,23558.1,13943.5,15.0,23543.7,13991.4,52.1,23572.6,13938.0,22.7,1.2
17.264,6,23366.0,15308.3,15.0,23354.9,15326.5,23.4,23417.3,15292.7,45.2,1.3
17.264,7,23682.6,13619.2,15.0,23665.5,13604.9,23.0,23694.1,13669.2,43.3,1.2
17.264,8,22829.5,15228.1,15.0,22833.3,15239.2,22.7,22852.1,15213.6,35.4,1.2
17.264,9,23681.4,13578.3,15.0,23667.7,13630.6,47.3,23698.8,13567.4,23.4,1.0
17.264,10,23492.8,13604.0,15.0,23477.0,13631.3,36.9,23505.1,13604.9,22.5,1.5
17.264,11,23601.4,14883.2,15.0,23597.0,14909.1,23.3,23614.5,14862.3,24.2,0.9
17.264,12,23586.0,15041.1,15.0,23600.8,14996.1,51.6,23572.4,15044.7,22.5,1.2
17.264,13,23514.7,14951.8,15.0,23512.9,14984.6,23.6,23526.1,14919.9,23.7,1.0
17.288,0,23100.9,15178.1,15.0,23086.4,15195.1,23.1,23151.5,15167.7,43.1,1.3
17.288,1,23166.8,15223.3,15.0,23156.9,15239.2,23.0,23216.3,15211.7,45.3,1.3
17.288,2,23669.8,13830.7,15.0,23655.4,13827.8,23.1,23686.1,13875.9,51.6,1.3
17.288,3,23646.1,13900.0,15.0,23631.5,13933.2,43.5,23658.2,13901.0,22.8,1.0
17.288,4,23478.7,14590.7,15.0,23472.9,14615.8,23.2,23492.7,14571.9,24.2,1.0
17.288,5,23558.1,13940.7,15.0,23543.4,13986.2,52.0,23571.9,13937.0,22.6,1.2
17.288,6,23362.9,15308.5,15.0,23354.1,15326.0,23.4,23414.1,15292.0,47.2,1.3
17.288,7,23682.6,13616.3,15.0,23665.9,13605.1,23.0,23695.0,13666.1,44.3,1.2
17.288,8,22826.7,15228.1,15.0,22833.7,15238.1,22.6,22844.9,15213.4,32.3,1.2
17.288,9,23681.4,13575.9,15.0,23666.9,13627.7,49.9,23698.2,13567.3,23.4,1.0
17.288,10,23492.8,13600.6,15.0,23476.8,13623.5,33.8,23503.9,13605.0,22.4,1.5
17.288,11,23601.3,14881.2,15.0,23597.1,14909.6,23.2,23614.1,14855.1,23.8,0.9
17.288,12,23586.0,15044.0,15.0,23600.8,15004.5,47.2,23573.2,15045.8,22.4,1.2
17.288,13,23514.4,14949.4,15.0,23512.6,14984.8,24.3,23526.3,14916.8,23.4,1.0
17.312,0,23097.9,15178.1,15.0,23086.2,15194.7,23.1,23148.4,15166.7,44.3,1.3
17.312,1,23163.8,15223.2,15.0,23155.7,15238.7,22.9,23213.1,15210.7,48.1,1.3
17.312,2,23669.8,13827.6,15.0,23656.4,13826.9,23.0,23685.9,13864.7,45.1,1.3
17.312,3,23646.1,13897.5,15.0,23631.7,13922.8,37.6,23657.2,13901.0,22.7,1.0
17.312,4,23478.5,14588.2,15.0,23473.2,14616.5,23.2,23492.5,14562.6,23.8,1.0
17.312,5,23558.1,13937.9,15.0,23543.3,13978.7,48.7,23571.1,13936.0,22.5,1.2
17.312,6,23359.9,15308.6,15.0,23352.8,15325.5,23.3,23410.8,15291.3,50.3,1.3
17.312,7,23682.6,13613.5,15.0,23666.4,13604.5,23.0,23695.9,13663.0,46.6,1.2
17.312,8,22823.9,15228.1,15.0,22834.5,15237.2,22.6,22837.3,15213.3,30.1,1.2
17.312,9,23681.4,13573.5,15.0,23666.1,13625.6,53.8,23697.6,13567.1,23.4,1.0
17.312,10,23492.8,13597.2,15.0,23476.7,13615.4,31.7,23502.8,13605.5,22.3,1.5
17.312,11,23601.1,14879.2,15.0,23597.2,14910.0,23.3,23613.9,14848.8,23.8,0.9
17.312,12,23586.0,15046.9,15.0,23600.6,15015.0,41.3,23574.1,15046.6,22.4,1.2
17.312,13,23514.0,14947.0,15.0,23512.2,14985.6,26.2,23526.7,14914.8,23.4,1.0
17.335,0,23094.9,15178.0,15.0,23085.3,15194.2,23.1,23145.2,15165.7,46.3,1.3
17.335,1,23160.8,15223.1,15.0,23154.3,15238.0,22.8,23210.6,15209.8,52.2,1.3
17.335,2,23669.8,13824.6,15.0,23657.4,13826.5,23.0,23685.6,13852.7,38.6,1.3
17.335,3,23646.1,13895.0,15.0,23631.8,13914.0,33.6,23656.3,13901.2,22.7,1.0
17.335,4,23478.4,14585.8,15.0,23473.2,14616.9,23.3,23492.7,14555.9,23.7,1.0
17.335,5,23558.1,13935.0,15.0,23543.5,13968.5,42.9,23570.2,13935.2,22.5,1.2
17.335,6,23356.9,15308.8,15.0,23351.4,15324.9,23.2,23408.2,15290.6,54.7,1.3
17.335,7,23682.6,13610.6,15.0,23667.0,13603.5,23.0,23696.8,13660.1,49.9,1.2
17.335,8,22821.0,15228.1,15.0,22835.5,15236.3,22.6,22828.3,15213.3,28.0,1.2
17.335,9,23681.4,13571.1,15.0,23665.5,13622.2,56.3,23696.8,13566.7,23.4,1.0
17.335,10,23492.8,13593.7,15.0,23476.7,13605.6,29.3,23501.8,13606.3,22.2,1.5
17.335,11,23600.9,14877.2,15.0,23597.0,14910.0,23.6,23614.2,14846.1,23.5,0.9
17.335,12,23586.0,15049.8,15.0,23600.3,15026.3,35.6,23575.1,15047.0,22.4,1.2
17.335,13,23513.6,14944.5,15.0,23511.6,14987.5,29.6,23527.1,14913.5,23.4,1.0
17.358,0,23092.0,15178.0,15.0,23084.2,15193.7,23.0,23142.2,15164.7,49.5,1.3
17.358,1,23157.9,15223.0,15.0,23153.0,15237.2,22.7,23205.6,15209.1,52.8,1.3
17.358,2,23669.8,13821.7,15.0,23658.5,13826.9,22.9,23685.6,13843.9,34.6,1.3
17.358,3,23646.1,13892.6,15.0,23631.7,13907.1,30.8,23655.3,13901.9,22.8,1.0
17.358,4,23478.3,14583.4,15.0,23473.0,14616.9,23.7,23493.2,14552.8,23.3,1.0
17.358,5,23558.1,13932.4,15.0,23543.8,13957.5,36.8,23569.2,13935.0,22.5,1.2
17.358,6,23354.0,15308.9,15.0,23350.1,15324.2,23.1,23402.9,15290.4,54.8,1.3
17.358,7,23682.6,13607.9,15.0,23667.7,13602.6,22.9,23697.6,13657.6,54.0,1.2
17.358,8,22818.3,15228.0,15.0,22836.6,15235.5,22.6,22816.7,15213.3,25.8,1.2
17.358,9,23681.4,13568.8,15.0,23665.2,13616.7,55.3,23696.0,13566.4,23.4,1.0
17.358,10,23492.8,13590.4,15.0,23476.9,13593.3,26.7,23501.0,13607.4,22.3,1.5
17.358,11,23600.7,14875.2,15.0,23596.8,14910.3,24.3,23614.6,14844.0,23.3,0.9
17.358,12,23586.0,15052.6,15.0,23600.4,15033.7,32.3,23576.1,15046.7,22.3,1.2
17.358,13,23513.3,14942.1,15.0,23510.9,14989.5,34.2,23527.5,14913.1,23.4,1.0
17.385,0,23088.6,15177.9,15.0,23082.3,15193.0,22.9,23139.2,15163.8,53.5,1.3
17.385,1,23154.5,15223.0,15.0,23151.3,15236.4,22.6,23198.2,15208.8,50.3,1.3
17.385,2,23669.8,13818.2,15.0,23659.6,13827.0,22.8,23685.7,13835.8,32.1,1.3
17.385,3,23646.1,13889.8,15.0,23631.6,13899.8,29.1,23654.4,13902.4,22.7,1.0
17.385,4,23478.2,14580.7,15.0,23472.6,14617.1,25.3,23493.7,14550.3,23.2,1.0
17.385,5,23558.1,13929.2,15.0,23543.8,13948.8,33.2,23568.3,13934.6,22.4,1.2
17.385,6,23350.6,15309.1,15.0,23348.4,15323.4,23.0,23394.8,15290.8,51.6,1.3
17.385,7,23682.6,13604.7,15.0,23668.4,13600.9,22.8,23697.9,13651.4,53.1,1.2
17.385,8,22815.1,15228.0,15.0,22837.0,15235.0,22.6,22803.5,15213.4,23.8,1.2
17.385,9,23681.4,13566.1,15.0,23665.3,13607.8,50.0,23695.1,13565.7,23.4,1.0
17.385,10,23492.8,13586.5,15.0,23477.0,13579.0,24.1,23500.4,13607.6,22.3,1.5
17.385,11,23600.5,14872.9,15.0,23596.4,14910.5,25.8,23614.9,14842.0,23.3,0.9
17.385,12,23586.0,15055.9,15.0,23600.5,15041.4,30.1,23577.0,15046.8,22.2,1.2
17.385,13,23512.9,14939.3,15.0,23509.8,14990.2,39.1,23527.8,14913.6,23.4,1.0
17.415,0,23084.9,15177.8,15.0,23080.3,15192.1,22.8,23132.5,15163.2,53.2,1.3
17.415,1,23150.8,15222.9,15.0,23150.0,15235.3,22.5,23185.9,15208.7,43.3,1.3
17.415,2,23669.8,13814.4,15.0,23660.8,13827.9,22.8,23685.8,13825.8,29.8,1.3
17.415,3,23646.1,13886.7,15.0,23631.8,13888.5,26.6,23653.6,13903.4,22.7,1.0
17.415,4,23478.1,14577.6,15.0,23472.0,14618.4,28.4,23494.2,14548.3,23.2,1.0
17.415,5,23558.1,13925.7,15.0,23543.7,13940.2,30.3,23567.1,13934.9,22.4,1.2
17.415,6,23346.8,15309.3,15.0,23347.0,15322.4,22.9,23382.0,15291.7,44.2,1.3
17.415,7,23682.6,13601.1,15.0,23669.4,13599.7,22.8,23697.9,13641.3,48.0,1.2
17.415,8,22811.6,15228.0,15.0,22837.4,15234.7,22.6,22790.9,15213.2,23.0,1.2
17.415,9,23681.4,13563.1,15.0,23665.6,13595.7,43.1,23694.0,13565.4,23.4,1.0
17.415,10,23492.8,13582.2,15.0,23476.8,13565.9,22.5,23500.0,13607.8,22.4,1.5
17.415,11,23600.3,14870.5,15.0,23595.9,14911.8,28.7,23615.3,14840.5,23.3,0.9
17.415,12,23586.0,15059.5,15.0,23600.5,15051.2,27.9,23578.0,15046.2,22.2,1.2
17.415,13,23512.5,14936.3,15.0,23508.3,14989.3,43.1,23528.0,14915.1,23.3,1.0
17.439,0,23081.8,15177.8,15.0,23079.8,15191.0,22.7,23122.0,15163.1,47.2,1.3
17.439,1,23147.8,15222.8,15.0,23150.1,15234.1,22.5,23172.3,15208.7,35.9,1.3
17.439,2,23669.8,13811.3,15.0,23661.8,13830.0,22.8,23685.6,13811.2,26.6,1.3
17.439,3,23646.1,13884.2,15.0,23632.0,13874.5,24.3,23652.8,13905.2,22.7,1.0
17.439,4,23478.0,14575.1,15.0,23471.0,14621.2,33.8,23494.7,14548.1,23.2,1.0
17.439,5,23558.1,13922.8,15.0,23543.7,13930.6,27.9,23566.0,13936.6,22.4,1.2
17.439,6,23343.8,15309.4,15.0,23347.3,15321.1,22.9,23368.0,15292.8,36.7,1.3
17.439,7,23682.6,13598.3,15.0,23670.6,13599.6,22.7,23697.6,13628.5,40.2,1.2
17.439,8,22808.8,15228.0,15.0,22838.2,15234.7,22.9,22783.2,15212.6,22.6,1.2
17.439,9,23681.4,13560.7,15.0,23665.9,13583.0,36.5,23692.8,13566.3,23.4,1.0
17.439,10,23492.8,13578.7,15.0,23476.3,13558.4,21.9,23500.0,13608.6,23.0,1.5
17.439,11,23600.2,14868.4,15.0,23595.2,14914.2,33.0,23615.7,14840.1,23.3,0.9
17.439,12,23586.0,15062.5,15.0,23600.3,15065.0,25.1,23578.9,15044.5,22.2,1.2
17.439,13,23512.2,14933.8,15.0,23506.7,14987.4,45.5,23527.9,14917.3,23.3,1.0
17.462,0,23078.8,15177.7,15.0,23079.0,15190.0,22.6,23110.9,15163.1,40.9,1.3
17.462,1,23144.8,15222.7,15.0,23150.4,15233.1,22.4,23164.7,15208.4,32.7,1.3
17.462,2,23669.8,13808.3,15.0,23662.4,13831.1,22.8,23685.4,13796.9,24.2,1.3
17.462,3,23646.1,13881.7,15.0,23632.0,13862.1,23.6,23652.4,13906.0,22.8,1.0
17.462,4,23477.9,14572.7,15.0,23469.9,14622.2,38.9,23495.0,14549.0,23.2,1.0
17.462,5,23558.1,13920.0,15.0,23543.8,13919.1,25.6,23565.3,13937.6,22.4,1.2
17.462,6,23340.8,15309.6,15.0,23347.6,15320.0,22.8,23360.4,15293.0,33.4,1.3
17.462,7,23682.6,13595.4,15.0,23671.6,13599.6,22.7,23697.3,13617.7,35.1,1.2
17.462,8,22806.0,15228.0,15.0,22838.1,15234.9,23.6,22779.7,15211.9,22.3,1.2
17.462,9,23681.4,13558.3,15.0,23665.8,13576.0,33.3,23691.8,13567.1,23.4,1.0
17.462,10,23492.8,13575.3,15.0,23475.7,13554.1,21.7,23500.2,13608.8,24.2,1.5
17.462,11,23600.0,14866.4,15.0,23594.3,14915.2,37.2,23616.0,14840.8,23.2,0.9
17.462,12,23586.0,15065.4,15.0,23600.1,15078.3,23.3,23579.4,15043.7,22.3,1.2
17.462,13,23511.8,14931.4,15.0,23505.3,14984.6,46.9,23527.6,14918.2,23.4,1.0
17.486,0,23075.8,15177.7,15.0,23078.8,15189.0,22.6,23099.6,15163.1,35.5,1.3
17.486,1,23141.8,15222.6,15.0,23151.0,15232.1,22.3,23157.1,15208.1,30.4,1.3
17.486,2,23669.8,13805.3,15.0,23662.7,13831.8,22.9,23685.6,13785.7,23.2,1.3
17.486,3,23646.1,13879.2,15.0,23631.8,13853.8,23.3,23652.3,13906.5,22.7,1.0
17.486,4,23477.8,14570.2,15.0,23468.8,14621.5,42.3,23495.0,14550.5,23.2,1.0
17.486,5,23558.1,13917.2,15.0,23544.0,13906.2,23.6,23564.8,13938.4,22.4,1.2
17.486,6,23337.8,15309.7,15.0,23348.4,15318.9,22.7,23352.5,15293.3,31.1,1.3
17.486,7,23682.6,13592.6,15.0,23672.7,13600.0,22.6,23697.5,13610.3,32.0,1.2
17.486,8,22803.2,15227.9,15.0,22838.7,15235.3,25.5,22777.2,15211.4,22.4,1.2
17.486,9,23681.4,13555.9,15.0,23665.7,13568.8,31.1,23690.8,13568.2,23.4,1.0
17.486,10,23492.8,13571.9,15.0,23475.2,13550.7,22.0,23500.7,13609.6,26.7,1.5
17.486,11,23599.8,14864.4,15.0,23593.4,14915.4,40.8,23616.1,14841.8,23.2,0.9
17.486,12,23586.0,15068.3,15.0,23600.3,15088.1,22.5,23579.7,15043.3,22.3,1.2
17.486,13,23511.5,14928.9,15.0,23504.0,14981.7,49.6,23527.0,14918.2,23.4,1.0
17.508,0,23073.0,15177.6,15.0,23079.2,15187.9,22.5,23092.4,15162.9,32.5,1.3
17.508,1,23139.0,15222.6,15.0,23152.0,15231.2,22.3,23148.8,15207.9,28.5,1.3
17.508,2,23669.8,13802.4,15.0,23662.8,13832.3,23.1,23686.0,13777.8,22.8,1.3
17.508,3,23646.1,13876.8,15.0,23631.3,13849.1,23.1,23652.4,13906.6,23.0,1.0
17.508,4,23477.7,14567.9,15.0,23467.7,14619.9,44.6,23494.8,14552.0,23.2,1.0
17.508,5,23558.1,13914.6,15.0,23543.9,13895.3,22.9,23564.4,13939.1,22.4,1.2
17.508,6,23334.9,15309.8,15.0,23349.5,15317.9,22.7,23343.4,15293.7,28.9,1.3
17.508,7,23682.6,13589.9,15.0,23673.6,13601.0,22.6,23697.6,13602.9,30.0,1.2
17.508,8,22800.5,15227.9,15.0,22840.4,15236.0,29.0,22775.6,15210.9,22.5,1.2
17.508,9,23681.4,13553.6,15.0,23665.6,13560.8,29.2,23689.9,13569.6,23.4,1.0
17.508,10,23492.8,13568.6,15.0,23474.9,13548.0,22.4,23501.6,13611.8,31.1,1.5
17.508,11,23599.7,14862.5,15.0,23592.4,14914.7,43.3,23616.1,14843.2,23.2,0.9
17.508,12,23586.0,15071.1,15.0,23600.7,15094.8,22.3,23579.7,15043.2,22.5,1.2
17.508,13,23511.2,14926.6,15.0,23502.8,14979.7,53.5,23526.3,14918.2,23.4,1.0
17.532,0,23069.9,15177.6,15.0,23079.8,15187.0,22.4,23084.9,15162.7,30.5,1.3
17.532,1,23136.0,15222.5,15.0,23152.7,15230.4,22.3,23137.6,15207.8,26.1,1.3
17.532,2,23669.8,13799.3,15.0,23662.6,13832.1,23.6,23686.6,13773.8,22.4,1.3
17.532,3,23646.1,13874.3,15.0,23630.7,13846.1,22.8,23652.5,13906.4,23.5,1.0
17.532,4,23477.6,14565.5,15.0,23466.7,14617.2,45.5,23494.4,14552.8,23.2,1.0
17.532,5,23558.1,13911.8,15.0,23543.6,13887.2,22.6,23564.3,13939.2,22.5,1.2
17.532,6,23331.9,15310.0,15.0,23350.3,15317.1,22.7,23331.8,15294.4,26.6,1.3
17.532,7,23682.6,13587.0,15.0,23674.5,13601.7,22.6,23697.5,13593.8,27.9,1.2
17.532,8,22797.7,15227.9,15.0,22841.7,15236.9,33.3,22774.6,15210.6,22.6,1.2
17.532,9,23681.4,13551.2,15.0,23665.8,13550.0,26.9,23689.2,13570.7,23.4,1.0
17.532,10,23492.8,13565.2,15.0,23474.7,13546.7,22.8,23502.6,13612.9,36.1,1.5
17.532,11,23599.5,14860.5,15.0,23591.5,14913.0,44.8,23616.0,14844.1,23.2,0.9
17.532,12,23586.0,15074.0,15.0,23601.3,15098.6,21.9,23579.6,15043.7,22.9,1.2
17.532,13,23510.9,14924.1,15.0,23501.6,14976.4,56.0,23525.6,14917.8,23.4,1.0
17.555,0,23067.0,15177.5,15.0,23080.7,15186.1,22.4,23075.7,15162.5,28.3,1.3
17.555,1,23133.1,15222.4,15.0,23153.6,15229.9,22.3,23124.5,15207.7,23.9,1.3
17.555,2,23669.8,13796.3,15.0,23662.2,13832.7,25.5,23687.1,13770.8,22.4,1.3
17.555,3,23646.1,13871.9,15.0,23630.1,13844.1,22.8,23653.0,13907.0,25.3,1.0
17.555,4,23477.5,14563.1,15.0,23465.7,14614.3,47.8,23493.9,14552.9,23.2,1.0
17.555,5,23558.1,13909.0,15.0,23543.0,13883.6,22.2,23564.5,13938.9,22.9,1.2
17.555,6,23328.9,15310.1,15.0,23351.3,15316.5,22.7,23318.0,15295.2,24.2,1.3
17.555,7,23682.6,13584.2,15.0,23675.2,13602.8,22.6,23697.4,13582.1,25.7,1.2
17.555,8,22794.9,15227.9,15.0,22842.5,15238.0,38.5,22775.0,15210.4,22.8,1.2
17.555,9,23681.4,13548.8,15.0,23666.0,13537.5,25.0,23688.7,13572.0,23.4,1.0
17.555,10,23492.8,13561.8,15.0,23474.7,13546.1,23.3,23503.8,13612.8,40.9,1.5
17.555,11,23599.4,14858.5,15.0,23590.5,14910.8,45.6,23615.7,14845.0,23.2,0.9
17.555,12,23586.0,15076.9,15.0,23601.8,15101.2,22.0,23579.2,15043.2,24.8,1.2
17.555,13,23510.6,14921.7,15.0,23500.5,14970.8,55.0,23524.7,14917.6,23.4,1.0
17.580,0,23063.9,15177.5,15.0,23081.6,15185.3,22.4,23064.0,15162.5,26.0,1.3
17.580,1,23130.0,15222.4,15.0,23154.0,15229.5,22.4,23112.9,15207.4,22.9,1.3
17.580,2,23669.8,13793.2,15.0,23661.6,13834.1,28.6,23687.6,13768.3,22.6,1.3
17.580,3,23646.1,13869.3,15.0,23629.7,13842.7,22.8,23653.6,13908.4,28.5,1.0
17.580,4,23477.4,14560.6,15.0,23464.8,14611.7,50.9,23493.3,14552.7,23.2,1.0
17.580,5,23558.1,13906.1,15.0,23542.4,13880.6,22.2,23564.8,13939.0,24.2,1.2
17.580,6,23325.9,15310.2,15.0,23351.9,15316.1,22.8,23306.5,15295.6,23.2,1.3
17.580,7,23682.6,13581.3,15.0,23675.7,13603.6,22.6,23697.2,13568.7,23.7,1.2
17.580,8,22792.0,15227.9,15.0,22841.2,15239.0,41.7,22775.8,15210.6,22.9,1.2
17.580,9,23681.4,13546.4,15.0,23666.1,13525.0,24.3,23688.3,13572.9,23.4,1.0
17.580,10,23492.8,13558.3,15.0,23474.9,13545.5,23.6,23505.0,13611.1,44.3,1.5
17.580,11,23599.2,14856.5,15.0,23589.6,14908.4,47.3,23615.3,14845.1,23.3,0.9
17.580,12,23586.0,15079.8,15.0,23602.3,15103.5,22.1,23578.5,15042.1,27.8,1.2
17.580,13,23510.3,14919.2,15.0,23499.5,14961.6,49.3,23523.8,14917.3,23.4,1.0
17.603,0,23061.0,15177.4,15.0,23082.6,15184.8,22.4,23050.2,15162.4,23.7,1.3
17.603,1,23127.1,15222.3,15.0,23154.5,15229.4,22.5,23104.2,15206.9,22.4,1.3
17.603,2,23669.8,13790.3,15.0,23660.6,13836.2,33.4,23688.0,13766.8,22.8,1.3
17.603,3,23646.1,13866.9,15.0,23629.3,13842.2,22.7,23654.5,13910.0,32.7,1.0
17.603,4,23477.3,14558.2,15.0,23463.9,14609.6,55.2,23492.6,14552.5,23.2,1.0
17.603,5,23558.1,13903.4,15.0,23541.9,13878.5,22.3,23565.3,13940.0,26.7,1.2
17.603,6,23323.0,15310.4,15.0,23352.5,15316.0,22.9,23298.0,15295.5,22.7,1.3
17.603,7,23682.6,13578.6,15.0,23676.0,13604.3,22.6,23697.3,13558.0,23.0,1.2
17.603,8,22789.3,15227.9,15.0,22838.9,15240.0,43.6,22776.5,15210.9,23.0,1.2
17.603,9,23681.4,13544.1,15.0,23665.8,13516.5,24.0,23688.1,13573.8,23.4,1.0
17.603,10,23492.8,13554.9,15.0,23475.3,13544.5,23.7,23506.1,13607.9,45.6,1.5
17.603,11,23599.1,14854.5,15.0,23588.7,14906.0,49.5,23614.8,14845.2,23.3,0.9
17.603,12,23586.0,15082.6,15.0,23602.6,15104.7,22.3,23577.6,15040.5,32.1,1.2
17.603,13,23510.0,14916.8,15.0,23498.4,14950.9,42.9,23522.8,14917.5,23.4,1.0
17.625,0,23058.2,15177.4,15.0,23083.2,15184.5,22.5,23039.8,15162.1,22.8,1.3
17.625,1,23124.3,15222.3,15.0,23154.3,15229.5,22.9,23100.5,15206.2,22.0,1.3
17.625,2,23669.8,13787.4,15.0,23659.5,13837.3,38.7,23688.2,13766.9,23.1,1.3
17.625,3,23646.1,13864.6,15.0,23629.1,13842.9,22.7,23655.5,13910.8,37.4,1.0
17.625,4,23477.2,14555.9,15.0,23463.3,14604.6,54.8,23491.8,14552.1,23.2,1.0
17.625,5,23558.1,13900.8,15.0,23541.5,13877.0,22.4,23566.1,13941.7,30.6,1.2
17.625,6,23320.1,15310.5,15.0,23352.4,15316.1,23.4,23294.1,15295.1,22.3,1.3
17.625,7,23682.6,13575.9,15.0,23676.1,13604.6,22.8,23697.7,13550.7,22.7,1.2
17.625,8,22786.6,15227.8,15.0,22836.0,15240.9,44.9,22776.5,15211.3,23.0,1.2
17.625,9,23681.4,13541.8,15.0,23665.3,13511.7,23.8,23688.2,13574.0,23.6,1.0
17.625,10,23492.8,13551.7,15.0,23475.7,13542.6,23.6,23507.0,13604.6,48.0,1.5
17.625,11,23598.9,14852.6,15.0,23587.9,14904.5,52.7,23614.3,14845.0,23.3,0.9
17.625,12,23586.0,15085.4,15.0,23602.8,15104.7,22.5,23576.6,15039.7,37.0,1.2
17.625,13,23509.7,14914.5,15.0,23497.3,14939.8,37.3,23521.8,14917.9,23.4,1.0
17.649,0,23055.1,15177.3,15.0,23083.2,15184.4,22.7,23031.7,15161.7,22.5,1.3
17.649,1,23121.2,15222.2,15.0,23154.2,15229.8,24.3,23097.2,15205.7,22.0,1.3
17.649,2,23669.8,13784.3,15.0,23658.4,13836.4,42.5,23688.1,13767.2,23.4,1.3
17.649,3,23646.1,13862.0,15.0,23629.2,13843.9,22.7,23656.4,13909.9,40.5,1.0
17.649,4,23477.2,14553.4,15.0,23463.0,14597.8,52.0,23490.9,14551.6,23.2,1.0
17.649,5,23558.1,13897.9,15.0,23541.3,13876.8,22.5,23567.1,13942.4,35.1,1.2
17.649,6,23317.0,15310.6,15.0,23352.6,15316.5,25.0,23291.0,15294.6,22.3,1.3
17.649,7,23682.6,13573.0,15.0,23676.0,13604.2,23.2,23698.3,13546.9,22.4,1.2
17.649,8,22783.8,15227.8,15.0,22832.7,15241.7,47.4,22775.6,15211.8,23.0,1.2
17.649,9,23681.4,13539.4,15.0,23664.7,13508.6,23.4,23688.3,13573.9,24.1,1.0
17.649,10,23492.8,13548.2,15.0,23476.2,13540.1,23.4,23507.9,13601.3,51.3,1.5
17.649,11,23598.8,14850.6,15.0,23587.1,14902.4,55.6,23613.7,14844.6,23.3,0.9
17.649,12,23586.0,15088.4,15.0,23602.7,15104.4,22.6,23575.6,15040.9,40.2,1.2
17.649,13,23509.4,14912.0,15.0,23496.3,14932.6,34.0,23520.9,14918.5,23.3,1.0
17.673,0,23052.1,15177.3,15.0,23083.0,15184.5,23.1,23027.8,15161.0,22.1,1.3
17.673,1,23118.3,15222.1,15.0,23155.2,15230.3,26.8,23094.7,15205.1,22.1,1.3
17.673,2,23669.8,13781.3,15.0,23657.3,13834.4,45.1,23687.8,13767.6,23.5,1.3
17.673,3,23646.1,13859.6,15.0,23629.4,13845.1,22.7,23657.4,13908.1,42.9,1.0
17.673,4,23477.1,14550.9,15.0,23462.8,14587.6,45.8,23490.0,14551.4,23.2,1.0
17.673,5,23558.1,13895.1,15.0,23541.3,13877.4,22.6,23568.1,13942.2,39.4,1.2
17.673,6,23314.0,15310.7,15.0,23354.0,15317.1,28.0,23288.5,15294.2,22.5,1.3
17.673,7,23682.6,13570.1,15.0,23675.6,13604.7,24.9,23698.9,13544.2,22.4,1.2
17.673,8,22781.0,15227.8,15.0,22830.2,15242.5,51.3,22774.6,15212.5,22.9,1.2
17.673,9,23681.4,13537.0,15.0,23664.1,13506.7,23.4,23688.8,13574.7,26.0,1.0
17.673,10,23492.8,13544.8,15.0,23476.9,13537.8,23.2,23508.9,13598.3,55.7,1.5
17.673,11,23598.6,14848.6,15.0,23586.5,14897.7,54.8,23613.0,14844.3,23.3,0.9
17.673,12,23586.0,15091.3,15.0,23602.4,15104.0,22.7,23574.6,15043.0,42.5,1.2
17.673,13,23509.1,14909.5,15.0,23495.3,14925.2,31.4,23520.0,14919.7,23.3,1.0
17.696,0,23049.1,15177.2,15.0,23083.5,15184.9,24.9,23024.8,15160.4,22.1,1.3
17.696,1,23115.3,15222.1,15.0,23156.9,15231.2,31.0,23092.8,15204.7,22.3,1.3
17.696,2,23669.8,13778.3,15.0,23656.3,13831.2,46.3,23687.4,13767.4,23.6,1.3
17.696,3,23646.1,13857.1,15.0,23629.8,13845.9,22.8,23658.2,13905.3,43.8,1.0
17.696,4,23477.0,14548.5,15.0,23462.7,14576.9,39.7,23489.0,14551.5,23.2,1.0
17.696,5,23558.1,13892.3,15.0,23541.5,13878.2,22.7,23569.2,13940.7,42.3,1.2
17.696,6,23311.0,15310.8,15.0,23355.9,15317.9,32.4,23286.6,15293.8,22.7,1.3
17.696,7,23682.6,13567.3,15.0,23675.0,13605.9,27.8,23699.4,13542.0,22.5,1.2
17.696,8,22778.2,15227.8,15.0,22826.4,15243.1,53.5,22773.6,15213.2,22.8,1.2
17.696,9,23681.4,13534.6,15.0,23663.5,13505.3,23.4,23689.4,13576.3,29.0,1.0
17.696,10,23492.8,13541.3,15.0,23477.6,13535.4,23.0,23509.2,13591.8,54.7,1.5
17.696,11,23598.5,14846.6,15.0,23585.9,14892.2,52.7,23612.3,14844.1,23.3,0.9
17.696,12,23586.0,15094.2,15.0,23602.0,15104.2,22.8,23573.7,15046.2,43.6,1.2
17.696,13,23508.9,14907.1,15.0,23494.3,14917.7,29.6,23519.2,14921.1,23.4,1.0
17.720,0,23046.1,15177.2,15.0,23084.6,15185.5,27.8,23022.4,15159.9,22.3,1.3
17.720,1,23112.3,15222.0,15.0,23157.8,15232.2,35.9,23092.5,15204.5,22.5,1.3
17.720,2,23669.8,13775.2,15.0,23655.3,13827.9,49.1,23686.8,13766.2,23.5,1.3
17.720,3,23646.1,13854.6,15.0,23630.3,13845.7,22.7,23659.0,13902.4,46.0,1.0
17.720,4,23476.9,14546.0,15.0,23462.5,14567.3,35.2,23488.0,14551.9,23.2,1.0
17.720,5,23558.1,13889.5,15.0,23541.9,13878.3,22.7,23570.0,13937.6,43.3,1.2
17.720,6,23308.0,15310.9,15.0,23357.0,15319.1,37.7,23286.6,15293.7,23.0,1.3
17.720,7,23682.6,13564.4,15.0,23674.1,13607.6,32.0,23699.8,13540.5,22.6,1.2
17.720,8,22775.3,15227.8,15.0,22820.4,15243.4,52.6,22772.6,15214.0,22.8,1.2
17.720,9,23681.4,13532.2,15.0,23663.1,13504.5,23.4,23690.3,13578.2,33.2,1.0
17.720,10,23492.8,13537.9,15.0,23478.5,13533.8,22.8,23509.2,13582.2,49.6,1.5
17.720,11,23598.3,14844.5,15.0,23585.4,14884.1,47.6,23611.5,14843.9,23.3,0.9
17.720,12,23586.0,15097.1,15.0,23601.5,15105.3,22.7,23572.9,15049.4,46.1,1.2
17.720,13,23508.6,14904.6,15.0,23493.2,14906.2,27.1,23518.5,14922.5,23.3,1.0
17.743,0,23043.3,15177.2,15.0,23086.5,15186.4,32.2,23020.8,15159.5,22.5,1.3
17.743,1,23109.5,15222.0,15.0,23157.6,15233.3,40.1,23092.9,15204.5,22.7,1.3
17.743,2,23669.8,13772.3,15.0,23654.4,13825.3,53.0,23686.2,13765.0,23.4,1.3
17.743,3,23646.1,13852.2,15.0,23630.9,13845.5,22.8,23659.8,13899.9,49.1,1.0
17.743,4,23476.8,14543.7,15.0,23462.1,14560.4,32.2,23487.1,14552.8,23.2,1.0
17.743,5,23558.1,13886.9,15.0,23542.4,13878.0,22.7,23570.9,13934.7,45.3,1.2
17.743,6,23305.1,15311.1,15.0,23356.7,15320.3,41.9,23287.3,15293.7,23.2,1.3
17.743,7,23682.6,13561.8,15.0,23673.0,13608.7,37.1,23700.0,13540.9,22.7,1.2
17.743,8,22772.7,15227.8,15.0,22810.6,15243.1,46.3,22771.9,15214.9,22.7,1.2
17.743,9,23681.4,13529.9,15.0,23662.9,13505.6,23.4,23691.3,13579.5,38.2,1.0
17.743,10,23492.8,13534.6,15.0,23479.5,13532.7,22.6,23509.0,13570.8,42.9,1.5
17.743,11,23598.2,14842.6,15.0,23585.0,14875.6,42.5,23610.7,14844.0,23.2,0.9
17.743,12,23586.0,15099.8,15.0,23600.9,15106.3,22.7,23572.1,15051.9,49.7,1.2
17.743,13,23508.3,14902.3,15.0,23492.0,14893.7,25.0,23518.1,14924.0,23.3,1.0
17.769,0,23039.9,15177.1,15.0,23086.8,15187.4,37.1,23020.2,15159.4,22.7,1.3
17.769,1,23106.1,15221.9,15.0,23155.4,15234.2,42.8,23092.8,15204.8,22.9,1.3
17.769,2,23669.8,13768.9,15.0,23653.7,13821.4,56.1,23685.5,13763.1,23.3,1.3
17.769,3,23646.1,13849.4,15.0,23631.6,13844.6,22.8,23660.6,13897.3,52.9,1.0
17.769,4,23476.7,14541.0,15.0,23461.8,14553.0,30.3,23486.2,14553.5,23.2,1.0
17.769,5,23558.1,13883.7,15.0,23542.9,13876.6,22.7,23571.7,13931.4,48.1,1.2
17.769,6,23301.8,15311.2,15.0,23354.4,15321.4,44.5,23287.2,15293.9,23.4,1.3
17.769,7,23682.6,13558.6,15.0,23672.0,13607.6,40.8,23699.9,13541.1,22.9,1.2
17.769,8,22769.5,15227.7,15.0,22799.8,15242.8,40.4,22771.0,15215.8,22.7,1.2
17.769,9,23681.4,13527.2,15.0,23662.9,13506.4,23.4,23692.3,13578.9,42.0,1.0
17.769,10,23492.8,13530.8,15.0,23480.5,13531.4,22.6,23508.7,13558.5,37.2,1.5
17.769,11,23598.0,14840.4,15.0,23584.6,14866.5,38.0,23610.0,14843.8,23.3,0.9
17.769,12,23586.0,15103.1,15.0,23600.3,15108.1,22.6,23571.4,15055.7,52.4,1.2
17.769,13,23508.0,14899.5,15.0,23490.7,14880.7,24.3,23517.7,14924.6,23.4,1.0
17.799,0,23036.1,15177.1,15.0,23085.5,15188.6,41.4,23020.2,15159.5,22.9,1.3
17.799,1,23102.3,15221.8,15.0,23151.5,15235.2,44.0,23092.1,15205.2,23.0,1.3
17.799,2,23669.8,13765.1,15.0,23653.3,13813.9,55.0,23684.6,13761.2,23.2,1.3
17.799,3,23646.1,13846.3,15.0,23632.4,13843.6,22.7,23660.9,13891.0,52.3,1.0
17.799,4,23476.6,14537.9,15.0,23461.5,14542.3,27.9,23485.3,14554.5,23.2,1.0
17.799,5,23558.1,13880.2,15.0,23543.6,13875.0,22.7,23572.6,13928.2,52.7,1.2
17.799,6,23297.9,15311.3,15.0,23350.5,15322.7,45.8,23286.6,15294.4,23.5,1.3
17.799,7,23682.6,13555.0,15.0,23670.8,13605.0,43.5,23699.6,13541.4,23.0,1.2
17.799,8,22766.0,15227.7,15.0,22787.6,15242.5,34.8,22770.5,15216.9,22.6,1.2
17.799,9,23681.4,13524.2,15.0,23663.1,13507.8,23.4,23693.5,13577.1,45.2,1.0
17.799,10,23492.8,13526.4,15.0,23481.8,13531.0,22.4,23508.8,13549.2,33.7,1.5
17.799,11,23597.9,14837.8,15.0,23584.0,14858.6,34.4,23609.0,14844.1,23.2,0.9
17.799,12,23586.0,15106.8,15.0,23599.4,15109.9,22.5,23571.1,15062.8,51.4,1.2
17.799,13,23507.7,14896.4,15.0,23489.3,14870.7,23.9,23517.5,14925.1,23.4,1.0
17.824,0,23033.0,15177.0,15.0,23083.1,15189.9,44.0,23021.0,15159.9,23.1,1.3
17.824,1,23099.2,15221.8,15.0,23148.0,15236.2,47.2,23091.4,15205.8,22.9,1.3
17.824,2,23669.8,13761.9,15.0,23653.6,13800.9,46.6,23683.4,13760.6,23.1,1.3
17.824,3,23646.1,13843.7,15.0,23633.5,13843.6,22.7,23660.8,13881.3,46.7,1.0
17.824,4,23476.5,14535.3,15.0,23461.3,14527.8,25.2,23484.5,14556.7,23.2,1.0
17.824,5,23558.1,13877.3,15.0,23544.6,13874.3,22.6,23572.9,13921.5,51.6,1.2
17.824,6,23294.8,15311.4,15.0,23347.0,15324.0,49.3,23285.9,15295.1,23.4,1.3
17.824,7,23682.6,13552.0,15.0,23669.7,13601.7,45.3,23699.1,13542.0,23.0,1.2
17.824,8,22763.0,15227.7,15.0,22778.9,15242.6,31.2,22771.8,15218.2,22.6,1.2
17.824,9,23681.4,13521.7,15.0,23663.7,13509.6,23.4,23694.6,13574.2,46.4,1.0
17.824,10,23492.8,13522.9,15.0,23483.1,13532.6,22.3,23508.9,13539.6,31.1,1.5
17.824,11,23597.7,14835.8,15.0,23583.4,14851.6,31.6,23608.1,14845.5,23.2,0.9
17.824,12,23586.0,15109.8,15.0,23598.3,15110.4,22.4,23571.3,15074.8,43.8,1.2
17.824,13,23507.4,14893.8,15.0,23488.1,14865.5,23.6,23517.6,14925.8,23.7,1.0
17.848,0,23029.9,15177.0,15.0,23079.9,15190.8,45.7,23020.4,15160.3,23.1,1.3
17.848,1,23096.2,15221.7,15.0,23145.3,15237.0,51.2,23089.9,15206.4,22.8,1.3
17.848,2,23669.8,13758.8,15.0,23653.9,13788.8,39.7,23682.3,13760.3,23.0,1.3
17.848,3,23646.1,13841.2,15.0,23634.5,13843.3,22.7,23660.6,13870.9,40.6,1.0
17.848,4,23476.5,14532.8,15.0,23461.0,14514.2,24.2,23484.1,14557.8,23.2,1.0
17.848,5,23558.1,13874.4,15.0,23545.5,13873.5,22.5,23572.8,13911.9,45.8,1.2
17.848,6,23291.7,15311.5,15.0,23344.4,15325.1,53.7,23284.5,15295.8,23.2,1.3
17.848,7,23682.6,13549.1,15.0,23668.8,13598.4,48.0,23698.5,13541.2,23.0,1.2
17.848,8,22760.2,15227.7,15.0,22771.1,15242.7,29.3,22772.7,15219.2,22.6,1.2
17.848,9,23681.4,13519.2,15.0,23664.2,13509.7,23.4,23695.5,13571.2,48.9,1.0
17.848,10,23492.8,13519.4,15.0,23484.1,13533.5,22.2,23508.8,13528.2,28.3,1.5
17.848,11,23597.6,14833.7,15.0,23582.9,14845.3,30.0,23607.3,14846.6,23.2,0.9
17.848,12,23586.0,15112.8,15.0,23597.3,15111.0,22.3,23571.6,15086.0,37.5,1.2
17.848,13,23507.1,14891.3,15.0,23487.3,14862.9,23.4,23517.9,14926.3,24.9,1.0
17.870,0,23027.1,15176.9,15.0,23076.7,15191.6,48.5,23019.4,15160.9,23.1,1.3
17.870,1,23093.4,15221.7,15.0,23141.2,15237.5,53.1,23088.7,15207.1,22.7,1.3
17.870,2,23669.8,13756.0,15.0,23653.9,13779.0,35.2,23681.2,13760.6,22.9,1.3
17.870,3,23646.1,13838.8,15.0,23635.4,13843.5,22.8,23660.3,13860.0,35.2,1.0
17.870,4,23476.4,14530.5,15.0,23460.5,14505.3,23.8,23483.9,14558.7,23.2,1.0
17.870,5,23558.1,13871.8,15.0,23546.5,13873.1,22.5,23572.6,13901.3,39.7,1.2
17.870,6,23288.9,15311.6,15.0,23339.8,15325.8,55.0,23283.4,15296.6,23.1,1.3
17.870,7,23682.6,13546.4,15.0,23667.9,13596.1,52.2,23697.8,13540.3,22.9,1.2
17.870,8,22757.5,15227.7,15.0,22760.2,15242.5,26.7,22774.0,15220.1,22.6,1.2
17.870,9,23681.4,13517.0,15.0,23664.9,13509.7,23.4,23696.3,13568.9,52.2,1.0
17.870,10,23492.8,13516.1,15.0,23484.9,13534.7,22.2,23508.7,13515.0,25.4,1.5
17.870,11,23597.5,14831.8,15.0,23582.5,14837.5,28.1,23606.7,14847.9,23.2,0.9
17.870,12,23586.0,15115.5,15.0,23596.3,15110.8,22.3,23571.7,15095.1,33.4,1.2
17.870,13,23506.9,14889.0,15.0,23486.5,14861.3,23.4,23518.5,14927.3,27.1,1.0
17.894,0,23024.0,15176.9,15.0,23074.2,15192.4,52.5,23017.8,15161.5,23.0,1.3
17.894,1,23090.4,15221.6,15.0,23135.2,15237.7,52.1,23087.3,15207.8,22.7,1.3
17.894,2,23669.8,13752.9,15.0,23653.8,13771.5,32.5,23680.1,13761.0,22.9,1.3
17.894,3,23646.1,13836.3,15.0,23636.3,13843.9,22.7,23660.4,13853.5,32.3,1.0
17.894,4,23476.3,14528.1,15.0,23459.9,14499.3,23.7,23483.9,14558.8,23.4,1.0
17.894,5,23558.1,13869.0,15.0,23547.4,13872.8,22.5,23572.3,13890.8,34.8,1.2
17.894,6,23285.9,15311.7,15.0,23333.1,15326.3,53.1,23282.0,15297.4,23.0,1.3
17.894,7,23682.6,13543.6,15.0,23667.4,13591.8,53.5,23697.1,13539.1,22.9,1.2
17.894,8,22754.7,15227.7,15.0,22748.3,15242.3,24.7,22774.7,15220.7,22.6,1.2
17.894,9,23681.4,13514.6,15.0,23665.5,13509.3,23.4,23697.1,13566.7,56.2,1.0
17.894,10,23492.8,13512.7,15.0,23485.4,13535.3,22.4,23508.6,13501.5,23.5,1.5
17.894,11,23597.3,14829.8,15.0,23582.0,14828.6,26.5,23606.2,14848.8,23.2,0.9
17.894,12,23586.0,15118.4,15.0,23595.4,15110.7,22.3,23571.6,15102.2,30.8,1.2
17.894,13,23506.7,14886.5,15.0,23486.0,14860.2,23.4,23519.4,14929.1,31.0,1.0
17.918,0,23021.0,15176.9,15.0,23069.3,15192.8,53.6,23016.4,15162.2,22.8,1.3
17.918,1,23087.4,15221.6,15.0,23125.0,15237.3,45.7,23086.1,15208.7,22.6,1.3
17.918,2,23669.8,13749.9,15.0,23653.7,13763.4,30.6,23679.1,13762.0,22.8,1.3
17.918,3,23646.1,13833.8,15.0,23637.3,13844.6,22.7,23660.5,13846.4,30.0,1.0
17.918,4,23476.2,14525.6,15.0,23459.1,14496.1,23.3,23484.0,14558.8,23.7,1.0
17.918,5,23558.1,13866.1,15.0,23548.4,13873.1,22.4,23572.4,13883.7,31.8,1.2
17.918,6,23282.9,15311.8,15.0,23322.3,15326.5,46.6,23281.0,15298.4,22.9,1.3
17.918,7,23682.6,13540.7,15.0,23667.2,13585.3,51.9,23696.3,13538.0,22.8,1.2
17.918,8,22751.9,15227.7,15.0,22734.9,15242.1,23.5,22775.6,15221.1,22.6,1.2
17.918,9,23681.4,13512.2,15.0,23666.4,13508.9,23.4,23697.4,13561.4,55.7,1.0
17.918,10,23492.8,13509.2,15.0,23485.7,13535.7,22.5,23508.9,13491.5,22.4,1.5
17.918,11,23597.2,14827.8,15.0,23581.5,14818.2,24.8,23605.8,14849.7,23.2,0.9
17.918,12,23586.0,15121.4,15.0,23594.4,15109.9,22.2,23571.5,15109.8,29.1,1.2
17.918,13,23506.4,14884.1,15.0,23485.8,14860.3,23.3,23520.5,14930.6,35.7,1.0
17.941,0,23018.1,15176.8,15.0,23062.3,15192.9,51.2,23015.2,15163.0,22.8,1.3
17.941,1,23084.5,15221.5,15.0,23114.1,15236.9,39.5,23085.7,15209.7,22.5,1.3
17.941,2,23669.8,13747.0,15.0,23653.9,13752.1,27.8,23678.2,13763.3,22.8,1.3
17.941,3,23646.1,13831.4,15.0,23638.1,13845.8,22.8,23660.5,13838.9,28.3,1.0
17.941,4,23476.2,14523.3,15.0,23458.5,14494.2,23.2,23484.4,14559.5,25.5,1.0
17.941,5,23558.1,13863.4,15.0,23549.4,13873.9,22.4,23572.5,13876.3,29.7,1.2
17.941,6,23280.0,15311.9,15.0,23310.8,15326.6,40.0,23280.8,15299.5,22.9,1.3
17.941,7,23682.6,13538.0,15.0,23667.4,13575.1,45.6,23695.4,13537.3,22.7,1.2
17.941,8,22749.2,15227.6,15.0,22726.0,15242.3,22.9,22776.1,15221.3,22.6,1.2
17.941,9,23681.4,13509.9,15.0,23667.2,13508.7,23.4,23697.5,13554.4,52.5,1.0
17.941,10,23492.8,13505.9,15.0,23485.7,13535.8,23.0,23509.4,13485.5,21.9,1.5
17.941,11,23597.1,14825.9,15.0,23580.9,14807.3,24.2,23605.5,14850.8,23.3,0.9
17.941,12,23586.0,15124.2,15.0,23593.6,15109.0,22.2,23571.6,15120.0,26.7,1.2
17.941,13,23506.2,14881.7,15.0,23485.8,14861.5,23.4,23521.6,14931.3,40.7,1.0
17.964,0,23015.1,15176.8,15.0,23052.1,15192.6,45.2,23014.1,15163.8,22.7,1.3
17.964,1,23081.5,15221.5,15.0,23103.9,15236.5,34.8,23085.3,15210.6,22.4,1.3
17.964,2,23669.8,13743.9,15.0,23654.0,13739.5,25.4,23677.5,13764.2,22.8,1.3
17.964,3,23646.1,13829.0,15.0,23638.8,13846.7,22.7,23660.4,13828.3,26.0,1.0
17.964,4,23476.1,14520.8,15.0,23457.9,14492.6,23.2,23485.0,14560.7,28.1,1.0
17.964,5,23558.1,13860.7,15.0,23550.2,13874.6,22.4,23572.5,13867.9,27.8,1.2
17.964,6,23277.0,15312.0,15.0,23300.8,15326.8,35.4,23280.7,15300.5,22.8,1.3
17.964,7,23682.6,13535.2,15.0,23667.6,13564.5,39.6,23694.5,13536.9,22.7,1.2
17.964,8,22746.4,15227.6,15.0,22720.6,15242.8,22.6,22776.0,15221.3,22.9,1.2
17.964,9,23681.4,13507.5,15.0,23668.1,13508.3,23.4,23697.3,13544.7,46.7,1.0
17.964,10,23492.8,13502.5,15.0,23485.4,13535.7,24.1,23509.9,13481.4,21.7,1.5
17.964,11,23596.9,14823.8,15.0,23580.3,14800.3,23.8,23605.3,14851.2,23.2,0.9
17.964,12,23586.0,15127.1,15.0,23593.0,15108.3,22.2,23571.8,15131.7,24.5,1.2
17.964,13,23506.0,14879.2,15.0,23486.1,14862.9,23.3,23522.4,14930.0,43.7,1.0
17.987,0,23012.3,15176.8,15.0,23041.1,15192.2,38.9,23013.8,15164.8,22.6,1.3
17.987,1,23078.7,15221.4,15.0,23096.7,15236.6,31.8,23085.7,15211.7,22.4,1.3
17.987,2,23669.8,13741.1,15.0,23654.1,13725.5,23.8,23677.0,13765.4,22.9,1.3
17.987,3,23646.1,13826.6,15.0,23639.4,13847.8,22.7,23660.2,13816.5,24.2,1.0
17.987,4,23476.0,14518.5,15.0,23457.5,14491.7,23.2,23485.9,14562.7,32.3,1.0
17.987,5,23558.1,13858.0,15.0,23550.9,13875.7,22.4,23572.4,13856.7,25.5,1.2
17.987,6,23274.1,15312.1,15.0,23293.3,15327.2,32.4,23281.4,15301.6,22.8,1.3
17.987,7,23682.6,13532.5,15.0,23667.8,13554.3,34.7,23693.5,13537.0,22.6,1.2
17.987,8,22743.7,15227.6,15.0,22717.3,15243.4,22.3,22776.1,15221.1,23.7,1.2
17.987,9,23681.4,13505.2,15.0,23669.1,13508.6,23.4,23697.0,13534.2,40.5,1.0
17.987,10,23492.8,13499.3,15.0,23485.0,13536.6,26.4,23510.4,13478.0,22.0,1.5
17.987,11,23596.8,14822.0,15.0,23579.6,14793.9,23.8,23605.3,14851.8,23.3,0.9
17.987,12,23586.0,15129.8,15.0,23592.5,15107.4,22.3,23571.9,15144.7,23.2,1.2
17.987,13,23505.7,14876.9,15.0,23486.6,14864.2,23.3,23523.1,14927.9,45.4,1.0
18.010,0,23009.4,15176.7,15.0,23031.6,15192.0,34.6,23013.5,15165.8,22.5,1.3
18.010,1,23075.8,15221.4,15.0,23089.4,15236.5,30.0,23086.2,15212.6,22.3,1.3
18.010,2,23669.8,13738.1,15.0,23653.9,13716.4,23.0,23676.8,13765.8,22.9,1.3
18.010,3,23646.1,13824.2,15.0,23639.7,13848.5,22.8,23660.1,13804.8,23.6,1.0
18.010,4,23476.0,14516.1,15.0,23457.3,14492.4,23.2,23486.9,14563.7,36.9,1.0
18.010,5,23558.1,13855.3,15.0,23551.4,13876.3,22.4,23572.2,13844.4,23.6,1.2
18.010,6,23271.2,15312.2,15.0,23285.7,15327.5,30.6,23282.2,15302.5,22.7,1.3
18.010,7,23682.6,13529.7,15.0,23667.7,13547.3,31.9,23692.5,13537.3,22.6,1.2
18.010,8,22741.0,15227.6,15.0,22714.9,15243.9,22.4,22776.5,15220.6,25.5,1.2
18.010,9,23681.4,13502.9,15.0,23670.0,13508.9,23.4,23696.8,13524.7,36.1,1.0
18.010,10,23492.8,13495.9,15.0,23484.2,13538.4,30.5,23510.7,13475.3,22.3,1.5
18.010,11,23596.7,14820.0,15.0,23579.0,14791.4,23.5,23605.4,14851.7,23.6,0.9
18.010,12,23586.0,15132.7,15.0,23592.3,15107.3,22.3,23571.7,15153.3,22.5,1.2
18.010,13,23505.5,14874.5,15.0,23487.1,14864.8,23.4,23523.6,14925.0,46.6,1.0
18.035,0,23006.2,15176.7,15.0,23024.0,15192.0,31.8,23013.6,15166.8,22.5,1.3
18.035,1,23072.6,15221.4,15.0,23079.9,15236.3,27.8,23086.8,15213.5,22.3,1.3
18.035,2,23669.8,13734.8,15.0,23653.4,13710.0,22.6,23676.8,13765.7,23.2,1.3
18.035,3,23646.1,13821.5,15.0,23639.9,13848.7,22.7,23660.4,13796.5,23.2,1.0
18.035,4,23475.9,14513.5,15.0,23457.3,14493.3,23.2,23487.9,14563.5,41.1,1.0
18.035,5,23558.1,13852.3,15.0,23551.7,13876.6,22.4,23572.3,13833.2,22.9,1.2
18.035,6,23267.9,15312.3,15.0,23275.3,15327.7,28.1,23283.0,15303.4,22.7,1.3
18.035,7,23682.6,13526.7,15.0,23667.6,13539.6,30.0,23691.5,13537.8,22.6,1.2
18.035,8,22737.9,15227.6,15.0,22712.8,15244.3,22.5,22777.9,15219.9,28.9,1.2
18.035,9,23681.4,13500.3,15.0,23671.0,13509.4,23.4,23697.0,13517.7,33.0,1.0
18.035,10,23492.8,13492.2,15.0,23483.1,13539.5,35.5,23510.9,13473.5,22.7,1.5
18.035,11,23596.6,14817.8,15.0,23578.4,14788.9,23.3,23605.5,14851.6,24.1,0.9
18.035,12,23586.0,15135.8,15.0,23592.3,15107.6,22.6,23571.2,15159.6,22.2,1.2
18.035,13,23505.3,14871.9,15.0,23487.6,14864.5,23.4,23524.1,14921.8,49.2,1.0
18.055,0,23003.6,15176.7,15.0,23016.3,15192.0,29.8,23015.1,15167.9,22.4,1.3
18.055,1,23070.1,15221.3,15.0,23067.9,15236.0,25.3,23088.4,15214.3,22.3,1.3
18.055,2,23669.8,13732.3,15.0,23652.7,13706.6,22.4,23677.0,13766.5,24.2,1.3
18.055,3,23646.1,13819.4,15.0,23639.8,13849.3,23.0,23660.9,13791.7,23.1,1.0
18.055,4,23475.8,14511.4,15.0,23457.6,14495.6,23.2,23489.0,14562.8,44.3,1.0
18.055,5,23558.1,13849.9,15.0,23551.8,13877.5,22.5,23572.6,13825.2,22.6,1.2
18.055,6,23265.4,15312.4,15.0,23262.4,15327.9,25.5,23284.8,15304.1,22.7,1.3
18.055,7,23682.6,13524.3,15.0,23667.7,13529.8,27.5,23690.6,13539.5,22.6,1.2
18.055,8,22735.6,15227.6,15.0,22712.6,15244.7,22.6,22780.0,15218.9,33.8,1.2
18.055,9,23681.4,13498.3,15.0,23672.0,13511.2,23.4,23697.1,13510.4,30.8,1.0
18.055,10,23492.8,13489.3,15.0,23481.8,13540.3,40.8,23510.9,13473.5,23.3,1.5
18.055,11,23596.5,14816.1,15.0,23577.8,14787.6,23.3,23605.9,14852.6,25.8,0.9
18.055,12,23586.0,15138.2,15.0,23592.5,15107.1,23.3,23570.6,15162.8,21.9,1.2
18.055,13,23505.1,14869.8,15.0,23488.4,14864.7,23.4,23524.8,14919.8,53.2,1.0
18.078,0,23000.7,15176.6,15.0,23007.1,15191.8,27.7,23015.5,15168.7,22.4,1.3
18.078,1,23067.2,15221.3,15.0,23056.1,15235.7,23.6,23088.6,15214.7,22.3,1.3
18.078,2,23669.8,13729.3,15.0,23652.2,13703.8,22.5,23677.4,13766.7,26.0,1.3
18.078,3,23646.1,13817.0,15.0,23639.7,13848.8,23.4,23661.4,13788.8,22.8,1.0
18.078,4,23475.8,14509.0,15.0,23457.9,14496.0,23.2,23489.6,14560.1,45.1,1.0
18.078,5,23558.1,13847.2,15.0,23551.7,13876.9,22.9,23573.1,13821.8,22.3,1.2
18.078,6,23262.5,15312.4,15.0,23250.1,15328.2,23.9,23285.3,15304.6,22.7,1.3
18.078,7,23682.6,13521.5,15.0,23667.8,13519.5,25.7,23690.0,13540.0,22.6,1.2
18.078,8,22732.8,15227.6,15.0,22712.5,15244.8,22.8,22780.3,15218.0,38.2,1.2
18.078,9,23681.4,13495.9,15.0,23672.8,13511.9,23.4,23697.1,13503.1,29.1,1.0
18.078,10,23492.8,13486.0,15.0,23480.8,13538.6,43.8,23510.8,13472.8,23.6,1.5
18.078,11,23596.4,14814.2,15.0,23577.4,14786.3,23.3,23606.4,14853.3,27.7,0.9
18.078,12,23586.0,15141.1,15.0,23592.9,15107.2,24.9,23570.2,15165.4,22.0,1.2
18.078,13,23504.9,14867.4,15.0,23489.0,14864.0,23.4,23525.1,14917.1,56.2,1.0
18.102,0,22997.7,15176.6,15.0,22995.2,15191.5,25.4,23016.4,15169.4,22.4,1.3
18.102,1,23064.2,15221.2,15.0,23045.5,15235.6,22.7,23089.1,15215.0,22.4,1.3
18.102,2,23669.8,13726.3,15.0,23651.8,13701.6,22.7,23678.2,13768.5,29.7,1.3
18.102,3,23646.1,13814.5,15.0,23639.3,13849.3,25.1,23662.0,13786.7,22.8,1.0
18.102,4,23475.7,14506.6,15.0,23458.4,14496.4,23.2,23490.4,14557.3,46.6,1.0
18.102,5,23558.1,13844.4,15.0,23551.4,13877.0,24.1,23573.7,13818.8,22.2,1.2
18.102,6,23259.5,15312.5,15.0,23239.7,15328.6,23.0,23285.8,15304.9,22.8,1.3
18.102,7,23682.6,13518.7,15.0,23668.0,13506.3,23.8,23689.5,13540.8,22.6,1.2
18.102,8,22730.0,15227.6,15.0,22713.3,15244.7,22.9,22779.2,15217.0,41.4,1.2
18.102,9,23681.4,13493.5,15.0,23673.5,13513.2,23.4,23696.9,13492.0,26.9,1.0
18.102,10,23492.8,13482.5,15.0,23479.8,13535.5,45.3,23510.4,13471.6,23.7,1.5
18.102,11,23596.2,14812.2,15.0,23577.0,14785.4,23.3,23607.1,14854.8,30.9,0.9
18.102,12,23586.0,15144.0,15.0,23593.5,15105.9,28.1,23569.7,15167.5,22.1,1.2
18.102,13,23504.6,14864.9,15.0,23489.8,14863.4,23.4,23524.8,14911.5,55.2,1.0
18.124,0,22994.9,15176.6,15.0,22981.8,15191.2,23.5,23017.3,15169.9,22.5,1.3
18.124,1,23061.4,15221.2,15.0,23037.8,15235.9,22.4,23089.4,15215.1,22.6,1.3
18.124,2,23669.8,13723.4,15.0,23651.5,13700.6,22.9,23679.2,13770.3,34.6,1.3
18.124,3,23646.1,13812.2,15.0,23638.6,13850.8,28.1,23662.5,13785.4,22.8,1.0
18.124,4,23475.6,14504.3,15.0,23459.0,14496.5,23.2,23491.1,14554.4,49.2,1.0
18.124,5,23558.1,13841.7,15.0,23550.9,13877.8,26.3,23574.2,13816.7,22.2,1.2
18.124,6,23256.6,15312.6,15.0,23232.6,15329.3,22.6,23286.2,15304.9,23.0,1.3
18.124,7,23682.6,13516.0,15.0,23667.8,13495.7,23.0,23689.2,13541.6,22.6,1.2
18.124,8,22727.4,15227.6,15.0,22714.1,15244.4,23.0,22777.1,15216.0,43.5,1.2
18.124,9,23681.4,13491.3,15.0,23674.1,13514.5,23.4,23696.7,13479.7,24.9,1.0
18.124,10,23492.8,13479.3,15.0,23478.8,13532.3,47.4,23510.0,13470.0,23.6,1.5
18.124,11,23596.1,14810.3,15.0,23576.7,14785.5,23.2,23607.9,14856.1,34.7,0.9
18.124,12,23586.0,15146.7,15.0,23594.4,15104.4,32.4,23569.4,15168.7,22.3,1.2
18.124,13,23504.4,14862.6,15.0,23490.7,14863.2,23.4,23524.0,14903.4,50.6,1.0
18.151,0,22991.4,15176.5,15.0,22971.7,15191.3,22.7,23017.2,15170.1,22.5,1.3
18.151,1,23058.0,15221.1,15.0,23033.5,15236.4,22.0,23088.5,15215.0,23.0,1.3
18.151,2,23669.8,13720.0,15.0,23651.4,13700.1,23.2,23680.3,13770.6,39.8,1.3
18.151,3,23646.1,13809.3,15.0,23637.9,13851.8,31.9,23662.8,13784.0,22.8,1.0
18.151,4,23475.6,14501.5,15.0,23459.6,14495.6,23.2,23491.8,14551.9,52.9,1.0
18.151,5,23558.1,13838.5,15.0,23550.2,13878.9,30.0,23574.6,13814.6,22.3,1.2
18.151,6,23253.2,15312.7,15.0,23228.1,15329.9,22.3,23285.5,15304.8,23.5,1.3
18.151,7,23682.6,13512.8,15.0,23667.5,13487.6,22.8,23689.1,13541.3,22.8,1.2
18.151,8,22724.2,15227.5,15.0,22713.6,15244.0,23.0,22773.7,15215.1,44.6,1.2
18.151,9,23681.4,13488.6,15.0,23674.4,13515.0,23.4,23696.6,13467.3,24.3,1.0
18.151,10,23492.8,13475.4,15.0,23477.9,13528.3,50.3,23509.5,13467.2,23.5,1.5
18.151,11,23596.0,14808.0,15.0,23576.6,14785.8,23.2,23608.7,14856.4,38.6,0.9
18.151,12,23586.0,15150.0,15.0,23595.4,15104.3,37.0,23569.3,15169.3,22.5,1.2
18.151,13,23504.2,14859.8,15.0,23491.5,14862.4,23.4,23522.9,14893.2,44.9,1.0
18.180,0,22987.8,15176.5,15.0,22963.7,15191.8,22.3,23017.0,15170.2,22.8,1.3
18.180,1,23054.3,15221.1,15.0,23029.8,15237.0,22.0,23088.7,15214.5,24.9,1.3
18.180,2,23669.8,13716.3,15.0,23651.5,13700.6,23.4,23681.6,13769.0,43.8,1.3
18.180,3,23646.1,13806.3,15.0,23636.7,13852.5,37.4,23663.1,13784.6,22.7,1.0
18.180,4,23475.5,14498.5,15.0,23460.4,14494.9,23.2,23492.3,14547.4,55.1,1.0
18.180,5,23558.1,13835.1,15.0,23549.1,13879.8,35.4,23574.8,13814.2,22.5,1.2
18.180,6,23249.5,15312.8,15.0,23224.7,15330.7,22.4,23285.9,15304.3,25.8,1.3
18.180,7,23682.6,13509.3,15.0,23666.8,13483.1,22.3,23689.2,13540.8,23.2,1.2
18.180,8,22720.7,15227.5,15.0,22712.5,15243.4,23.0,22769.8,15214.1,47.6,1.2
18.180,9,23681.4,13485.6,15.0,23674.6,13515.6,23.4,23697.0,13457.5,24.0,1.0
18.180,10,23492.8,13471.2,15.0,23476.8,13524.8,55.5,23508.8,13464.1,23.2,1.5
18.180,11,23595.9,14805.5,15.0,23576.8,14786.9,23.2,23609.6,14855.7,42.0,0.9
18.180,12,23586.0,15153.6,15.0,23596.6,15105.8,40.9,23569.4,15168.8,22.6,1.2
18.180,13,23504.0,14856.8,15.0,23492.6,14862.2,23.4,23521.4,14880.2,37.9,1.0
18.209,0,22984.1,15176.5,15.0,22959.2,15192.4,22.0,23017.0,15169.9,24.0,1.3
18.209,1,23050.7,15221.1,15.0,23027.1,15237.5,22.2,23090.3,15213.7,28.9,1.3
18.209,2,23669.8,13712.5,15.0,23652.0,13700.6,23.6,23682.8,13765.5,45.8,1.3
18.209,3,23646.1,13803.3,15.0,23635.5,13851.4,41.3,23663.0,13786.1,22.7,1.0
18.209,4,23475.4,14495.5,15.0,23461.5,14494.4,23.2,23492.3,14539.7,52.6,1.0
18.209,5,23558.1,13831.7,15.0,23547.8,13879.1,40.2,23574.8,13814.9,22.6,1.2
18.209,6,23245.8,15312.9,15.0,23222.0,15331.3,22.6,23288.1,15303.4,30.4,1.3
18.209,7,23682.6,13505.8,15.0,23666.1,13479.9,22.4,23689.7,13541.4,25.5,1.2
18.209,8,22717.3,15227.5,15.0,22711.3,15242.6,22.9,22766.7,15213.0,52.4,1.2
18.209,9,23681.4,13482.7,15.0,23674.5,13515.7,23.8,23697.7,13452.3,23.7,1.0
18.209,10,23492.8,13467.0,15.0,23476.4,13516.9,54.6,23507.9,13461.5,23.0,1.5
18.209,11,23595.7,14803.1,15.0,23577.1,14788.4,23.2,23610.5,14854.1,44.6,0.9
18.209,12,23586.0,15157.2,15.0,23597.7,15109.0,42.9,23569.8,15168.7,22.7,1.2
18.209,13,23503.7,14853.7,15.0,23493.9,14862.9,23.4,23520.6,14870.6,33.5,1.0
18.228,0,22981.7,15176.4,15.0,22957.3,15193.1,22.2,23019.3,15169.2,26.9,1.3
18.228,1,23048.3,15221.0,15.0,23027.2,15237.8,22.5,23093.2,15212.6,34.7,1.3
18.228,2,23669.8,13710.1,15.0,23652.6,13700.7,23.5,23684.0,13762.8,48.6,1.3
18.228,3,23646.1,13801.2,15.0,23634.4,13849.7,43.3,23662.6,13788.4,22.7,1.0
18.228,4,23475.4,14493.5,15.0,23462.6,14495.0,23.2,23491.8,14528.4,45.2,1.0
18.228,5,23558.1,13829.4,15.0,23546.6,13877.7,42.8,23574.5,13816.7,22.7,1.2
18.228,6,23243.4,15313.0,15.0,23222.6,15331.5,22.9,23291.0,15302.0,36.6,1.3
18.228,7,23682.6,13503.5,15.0,23665.6,13478.9,22.5,23690.7,13544.6,30.0,1.2
18.228,8,22715.0,15227.5,15.0,22711.2,15241.7,22.8,22761.8,15212.5,53.0,1.2
18.228,9,23681.4,13480.7,15.0,23674.1,13517.3,25.2,23698.4,13450.3,23.4,1.0
18.228,10,23492.8,13464.2,15.0,23476.5,13505.6,47.2,23506.8,13460.7,22.7,1.5
18.228,11,23595.6,14801.4,15.0,23577.6,14790.1,23.2,23611.3,14852.1,45.6,0.9
18.228,12,23586.0,15159.5,15.0,23598.8,15111.7,45.2,23570.3,15168.3,22.7,1.2
18.228,13,23503.5,14851.7,15.0,23495.3,14865.2,23.3,23520.0,14862.6,30.7,1.0
18.251,0,22978.7,15176.4,15.0,22955.2,15193.4,22.4,23020.3,15168.6,30.3,1.3
18.251,1,23045.4,15221.0,15.0,23026.7,15237.9,22.7,23093.0,15211.6,38.7,1.3
18.251,2,23669.8,13707.1,15.0,23653.1,13699.2,23.5,23684.8,13759.8,51.4,1.3
18.251,3,23646.1,13798.8,15.0,23633.7,13847.0,44.3,23662.2,13788.4,22.8,1.0
18.251,4,23475.3,14491.2,15.0,23463.4,14494.7,23.2,23491.3,14519.4,40.1,1.0
18.251,5,23558.1,13826.7,15.0,23545.9,13874.7,43.6,23574.1,13816.4,22.8,1.2
18.251,6,23240.4,15313.0,15.0,23222.2,15331.6,23.1,23290.6,15301.1,40.5,1.3
18.251,7,23682.6,13500.7,15.0,23665.3,13477.9,22.6,23691.4,13545.3,33.8,1.2
18.251,8,22712.3,15227.5,15.0,22710.0,15241.0,22.8,22755.4,15212.4,50.6,1.2
18.251,9,23681.4,13478.4,15.0,23673.7,13517.5,26.8,23698.9,13448.4,23.4,1.0
18.251,10,23492.8,13460.9,15.0,23476.7,13495.6,41.9,23506.0,13459.4,22.6,1.5
18.251,11,23595.5,14799.5,15.0,23578.0,14789.9,23.3,23611.7,14849.8,46.8,0.9
18.251,12,23586.0,15162.3,15.0,23599.5,15114.7,47.5,23570.8,15169.7,22.7,1.2
18.251,13,23503.4,14849.3,15.0,23496.1,14865.8,23.4,23519.5,14855.4,29.1,1.0
18.274,0,22975.9,15176.4,15.0,22954.7,15193.6,22.6,23021.6,15167.6,35.1,1.3
18.274,1,23042.5,15220.9,15.0,23027.3,15237.8,22.9,23091.8,15210.6,41.8,1.3
18.274,2,23669.8,13704.2,15.0,23653.7,13697.9,23.4,23685.7,13757.4,55.7,1.3
18.274,3,23646.1,13796.5,15.0,23632.9,13844.1,46.7,23661.7,13788.2,22.8,1.0
18.274,4,23475.3,14488.8,15.0,23464.4,14495.0,23.2,23490.9,14509.7,35.5,1.0
18.274,5,23558.1,13824.0,15.0,23545.1,13871.7,46.0,23573.6,13815.6,22.7,1.2
18.274,6,23237.6,15313.1,15.0,23222.9,15331.4,23.3,23289.3,15300.1,43.8,1.3
18.274,7,23682.6,13498.0,15.0,23665.2,13478.2,22.8,23692.5,13546.0,38.8,1.2
18.274,8,22709.6,15227.5,15.0,22709.3,15240.1,22.7,22745.4,15212.5,44.6,1.2
18.274,9,23681.4,13476.1,15.0,23673.0,13519.6,30.6,23699.3,13447.4,23.4,1.0
18.274,10,23492.8,13457.6,15.0,23476.9,13484.3,36.4,23504.9,13458.9,22.5,1.5
18.274,11,23595.4,14797.6,15.0,23578.4,14789.8,23.3,23612.2,14847.5,48.9,0.9
18.274,12,23586.0,15165.1,15.0,23600.3,15117.1,51.4,23571.4,15170.9,22.6,1.2
18.274,13,23503.2,14847.0,15.0,23496.9,14867.0,23.4,23518.4,14844.3,26.8,1.0
18.297,0,22973.0,15176.4,15.0,22954.7,15193.6,22.8,23021.7,15166.5,39.6,1.3
18.297,1,23039.7,15220.9,15.0,23027.3,15237.5,23.0,23089.3,15209.6,43.4,1.3
18.297,2,23669.8,13701.3,15.0,23654.5,13696.5,23.2,23686.0,13751.8,55.4,1.3
18.297,3,23646.1,13794.1,15.0,23632.2,13841.8,50.0,23661.1,13787.8,22.7,1.0
18.297,4,23475.2,14486.5,15.0,23465.3,14495.6,23.2,23490.8,14503.0,32.6,1.0
18.297,5,23558.1,13821.3,15.0,23544.3,13869.1,49.2,23573.1,13814.7,22.7,1.2
18.297,6,23234.7,15313.2,15.0,23222.9,15331.0,23.4,23286.5,15299.2,45.2,1.3
18.297,7,23682.6,13495.3,15.0,23665.3,13479.1,22.9,23693.5,13544.8,41.8,1.2
18.297,8,22706.9,15227.5,15.0,22709.0,15239.2,22.7,22734.8,15212.8,38.7,1.2
18.297,9,23681.4,13473.8,15.0,23672.1,13521.2,34.9,23699.7,13447.3,23.4,1.0
18.297,10,23492.8,13454.3,15.0,23476.8,13476.8,33.6,23503.8,13459.0,22.4,1.5
18.297,11,23595.3,14795.6,15.0,23578.9,14789.6,23.3,23612.7,14845.6,51.8,0.9
18.297,12,23586.0,15167.9,15.0,23600.7,15121.8,52.0,23572.1,15172.1,22.5,1.2
18.297,13,23503.0,14844.6,15.0,23497.5,14868.1,23.3,23517.3,14832.1,24.9,1.0
18.319,0,22970.1,15176.3,15.0,22955.3,15193.5,23.0,23020.4,15165.5,42.7,1.3
18.319,1,23036.8,15220.9,15.0,23026.8,15237.1,23.0,23086.2,15208.7,44.8,1.3
18.319,2,23669.8,13698.4,15.0,23655.4,13695.4,23.1,23686.1,13743.9,51.9,1.3
18.319,3,23646.1,13791.7,15.0,23631.5,13839.1,53.1,23660.4,13787.3,22.8,1.0
18.319,4,23475.2,14484.1,15.0,23466.3,14496.6,23.2,23490.7,14496.0,30.6,1.0
18.319,5,23558.1,13818.6,15.0,23543.6,13866.3,52.7,23572.4,13813.7,22.6,1.2
18.319,6,23231.8,15313.2,15.0,23222.2,15330.6,23.4,23283.4,15298.4,46.9,1.3
18.319,7,23682.6,13492.6,15.0,23665.6,13479.5,23.0,23694.5,13542.5,43.7,1.2
18.319,8,22704.2,15227.5,15.0,22709.0,15238.2,22.6,22725.4,15212.8,34.4,1.2
18.319,9,23681.4,13471.5,15.0,23671.0,13522.1,39.8,23699.8,13448.2,23.4,1.0
18.319,10,23492.8,13451.0,15.0,23476.7,13469.0,31.6,23502.8,13459.6,22.3,1.5
18.319,11,23595.2,14793.7,15.0,23579.5,14789.3,23.3,23613.2,14843.8,55.1,0.9
18.319,12,23586.0,15170.7,15.0,23600.9,15128.4,49.7,23572.8,15173.3,22.5,1.2
18.319,13,23502.8,14842.3,15.0,23498.0,14869.1,23.4,23516.3,14819.8,24.2,1.0
18.343,0,22967.2,15176.3,15.0,22955.2,15193.1,23.1,23017.6,15164.5,44.1,1.3
18.343,1,23033.9,15220.8,15.0,23025.6,15236.6,22.9,23083.0,15207.8,47.4,1.3
18.343,2,23669.8,13695.4,15.0,23656.3,13694.5,23.1,23685.9,13733.2,45.7,1.3
18.343,3,23646.1,13789.3,15.0,23631.3,13833.8,52.2,23659.7,13786.7,22.8,1.0
18.343,4,23475.1,14481.7,15.0,23467.1,14497.7,23.2,23490.6,14487.9,28.7,1.0
18.343,5,23558.1,13815.9,15.0,23543.3,13860.7,51.8,23571.7,13812.6,22.6,1.2
18.343,6,23228.8,15313.3,15.0,23221.0,15330.1,23.4,23280.1,15297.6,49.7,1.3
18.343,7,23682.6,13489.8,15.0,23666.0,13479.5,23.0,23695.4,13539.5,44.9,1.2
18.343,8,22701.4,15227.5,15.0,22709.4,15237.2,22.6,22718.3,15212.7,31.5,1.2
18.343,9,23681.4,13469.2,15.0,23670.0,13521.3,43.0,23699.8,13449.7,23.4,1.0
18.343,10,23492.8,13447.6,15.0,23476.7,13459.5,29.3,23501.8,13460.3,22.2,1.5
18.343,11,23595.1,14791.7,15.0,23580.1,14788.8,23.2,23613.3,14839.9,55.1,0.9
18.343,12,23586.0,15173.5,15.0,23600.7,15138.2,44.0,23573.7,15174.3,22.4,1.2
18.343,13,23502.6,14839.8,15.0,23498.1,14869.7,23.4,23516.0,14811.5,23.9,1.0
18.365,0,22964.3,15176.3,15.0,22954.6,15192.7,23.1,23014.6,15163.6,45.8,1.3
18.365,1,23031.1,15220.8,15.0,23024.4,15235.9,22.8,23080.5,15206.9,51.2,1.3
18.365,2,23669.8,13692.6,15.0,23657.3,13694.2,23.0,23685.6,13721.7,39.2,1.3
18.365,3,23646.1,13786.9,15.0,23631.3,13826.2,48.0,23658.9,13786.3,22.7,1.0
18.365,4,23475.0,14479.4,15.0,23467.9,14499.0,23.2,23490.1,14477.0,26.4,1.0
18.365,5,23558.1,13813.3,15.0,23543.3,13852.6,47.3,23570.9,13811.8,22.5,1.2
18.365,6,23226.0,15313.4,15.0,23219.8,15329.4,23.3,23277.8,15296.8,53.9,1.3
18.365,7,23682.6,13487.1,15.0,23666.6,13478.7,23.0,23696.2,13536.4,47.5,1.2
18.365,8,22698.8,15227.5,15.0,22710.4,15236.3,22.6,22711.0,15212.6,29.7,1.2
18.365,9,23681.4,13466.9,15.0,23669.1,13519.8,45.3,23699.5,13451.2,23.4,1.0
18.365,10,23492.8,13444.4,15.0,23476.9,13447.5,26.7,23501.0,13461.3,22.3,1.5
18.365,11,23595.0,14789.8,15.0,23580.7,14788.5,23.3,23613.2,14835.4,54.4,0.9
18.365,12,23586.0,15176.3,15.0,23600.4,15148.7,38.1,23574.6,15174.7,22.4,1.2
18.365,13,23502.5,14837.5,15.0,23498.1,14870.0,23.6,23516.2,14806.5,23.7,1.0
18.392,0,22960.8,15176.3,15.0,22952.8,15192.2,23.1,23010.7,15162.7,48.4,1.3
18.392,1,23027.6,15220.8,15.0,23022.4,15235.3,22.7,23076.1,15206.3,53.1,1.3
18.392,2,23669.8,13689.0,15.0,23658.4,13693.7,22.9,23685.6,13712.1,35.2,1.3
18.392,3,23646.1,13784.0,15.0,23631.5,13816.3,42.6,23658.0,13785.4,22.8,1.0
18.392,4,23475.0,14476.6,15.0,23468.4,14499.5,23.2,23489.7,14464.5,24.6,1.0
18.392,5,23558.1,13810.0,15.0,23543.5,13842.2,41.8,23570.0,13810.6,22.5,1.2
18.392,6,23222.5,15313.4,15.0,23217.7,15328.8,23.1,23272.6,15296.4,55.0,1.3
18.392,7,23682.6,13483.8,15.0,23667.1,13477.2,22.9,23697.0,13533.4,51.0,1.2
18.392,8,22695.5,15227.4,15.0,22710.7,15235.4,22.6,22701.1,15212.6,27.5,1.2
18.392,9,23681.4,13464.1,15.0,23668.2,13516.7,46.2,23699.1,13451.6,23.4,1.0
18.392,10,23492.8,13440.4,15.0,23477.0,13433.4,24.1,23500.4,13461.4,22.3,1.5
18.392,11,23594.9,14787.5,15.0,23581.4,14787.8,23.2,23612.7,14827.7,49.5,0.9
18.392,12,23586.0,15179.7,15.0,23600.3,15158.5,33.9,23575.5,15175.5,22.3,1.2
18.392,13,23502.3,14834.7,15.0,23497.8,14869.5,24.1,23516.6,14803.0,23.4,1.0
18.411,0,22958.5,15176.2,15.0,22952.3,15191.4,22.9,23008.9,15161.7,53.3,1.3
18.411,1,23025.2,15220.7,15.0,23022.0,15234.3,22.6,23069.5,15205.9,51.1,1.3
18.411,2,23669.8,13686.7,15.0,23659.6,13695.6,22.8,23685.7,13704.1,32.0,1.3
18.411,3,23646.1,13782.1,15.0,23631.8,13804.8,36.1,23656.9,13786.3,22.8,1.0
18.411,4,23474.9,14474.7,15.0,23468.8,14501.5,23.2,23489.4,14451.9,23.9,1.0
18.411,5,23558.1,13807.8,15.0,23543.9,13830.2,35.2,23568.9,13811.3,22.5,1.2
18.411,6,23220.1,15313.5,15.0,23217.5,15327.8,23.0,23265.1,15296.4,51.8,1.3
18.411,7,23682.6,13481.6,15.0,23668.0,13477.0,22.9,23697.7,13530.0,53.6,1.2
18.411,8,22693.3,15227.4,15.0,22712.9,15234.7,22.6,22688.1,15212.8,24.9,1.2
18.411,9,23681.4,13462.3,15.0,23667.2,13514.3,48.8,23698.5,13452.7,23.4,1.0
18.411,10,23492.8,13437.7,15.0,23476.8,13421.6,22.5,23500.0,13463.3,22.4,1.5
18.411,11,23594.8,14785.9,15.0,23582.3,14788.3,23.3,23612.0,14818.7,43.8,0.9
18.411,12,23586.0,15181.9,15.0,23600.4,15165.8,30.8,23576.7,15174.0,22.3,1.2
18.411,13,23502.1,14832.7,15.0,23497.4,14871.4,26.3,23517.2,14801.7,23.4,1.0
18.434,0,22955.6,15176.2,15.0,22950.6,15190.8,22.8,23004.3,15161.3,53.6,1.3
18.434,1,23022.4,15220.7,15.0,23020.7,15233.6,22.6,23060.9,15206.0,46.1,1.3
18.434,2,23669.8,13683.7,15.0,23660.4,13695.9,22.8,23685.8,13697.2,30.6,1.3
18.434,3,23646.1,13779.7,15.0,23631.8,13798.3,33.3,23656.2,13786.2,22.7,1.0
18.434,4,23474.9,14472.3,15.0,23468.9,14501.5,23.2,23489.5,14444.9,23.8,1.0
18.434,5,23558.1,13805.1,15.0,23543.8,13824.1,32.7,23568.1,13811.0,22.4,1.2
18.434,6,23217.2,15313.6,15.0,23216.2,15327.1,23.0,23256.0,15296.8,46.7,1.3
18.434,7,23682.6,13478.8,15.0,23668.6,13475.6,22.8,23698.0,13524.7,52.9,1.2
18.434,8,22690.6,15227.4,15.0,22713.1,15234.3,22.6,22677.0,15212.9,23.6,1.2
18.434,9,23681.4,13459.9,15.0,23666.6,13511.7,51.2,23698.0,13452.1,23.4,1.0
18.434,10,23492.8,13434.4,15.0,23476.5,13414.6,22.1,23499.9,13462.8,22.7,1.5
18.434,11,23594.7,14784.0,15.0,23583.0,14788.0,23.2,23611.4,14811.3,39.8,0.9
18.434,12,23586.0,15184.8,15.0,23600.5,15172.3,29.4,23577.4,15174.0,22.2,1.2
18.434,13,23501.9,14830.3,15.0,23496.9,14872.4,29.1,23517.6,14800.2,23.4,1.0
18.457,0,22952.7,15176.2,15.0,22949.4,15190.0,22.8,22997.8,15161.0,51.7,1.3
18.457,1,23019.5,15220.7,15.0,23020.0,15232.7,22.5,23050.4,15206.1,40.1,1.3
18.457,2,23669.8,13680.8,15.0,23661.3,13697.0,22.8,23685.7,13686.3,27.9,1.3
18.457,3,23646.1,13777.3,15.0,23631.7,13791.6,30.7,23655.3,13786.8,22.7,1.0
18.457,4,23474.8,14470.0,15.0,23468.9,14501.7,23.5,23490.0,14440.2,23.6,1.0
18.457,5,23558.1,13802.4,15.0,23543.7,13817.0,30.4,23567.2,13811.5,22.4,1.2
18.457,6,23214.3,15313.6,15.0,23215.6,15326.1,22.9,23245.0,15297.3,40.4,1.3
18.457,7,23682.6,13476.1,15.0,23669.5,13474.8,22.8,23697.9,13515.7,47.4,1.2
18.457,8,22687.9,15227.4,15.0,22713.7,15234.0,22.6,22667.1,15212.7,23.0,1.2
18.457,9,23681.4,13457.6,15.0,23665.8,13509.7,55.2,23697.3,13451.9,23.4,1.0
18.457,10,23492.8,13431.1,15.0,23476.0,13410.0,21.7,23500.0,13462.6,23.3,1.5
18.457,11,23594.7,14782.1,15.0,23583.8,14788.2,23.3,23610.8,14803.1,35.9,0.9
18.457,12,23586.0,15187.5,15.0,23600.4,15181.6,27.2,23578.2,15173.2,22.2,1.2
18.457,13,23501.8,14828.0,15.0,23496.1,14874.3,33.3,23517.9,14799.4,23.4,1.0
18.480,0,22949.8,15176.2,15.0,22948.4,15189.2,22.7,22987.7,15161.1,45.7,1.3
18.480,1,23016.6,15220.7,15.0,23019.7,15231.7,22.5,23039.8,15206.2,35.2,1.3
18.480,2,23669.8,13677.8,15.0,23662.0,13698.0,22.8,23685.5,13673.8,25.5,1.3
18.480,3,23646.1,13774.9,15.0,23631.6,13784.7,29.1,23654.4,13787.7,22.7,1.0
18.480,4,23474.8,14467.6,15.0,23468.6,14501.7,24.0,23490.5,14437.3,23.2,1.0
18.480,5,23558.1,13799.7,15.0,23543.6,13809.8,28.7,23566.3,13812.2,22.4,1.2
18.480,6,23211.4,15313.7,15.0,23215.5,15325.1,22.8,23234.7,15297.7,35.7,1.3
18.480,7,23682.6,13473.3,15.0,23670.4,13474.2,22.7,23697.6,13505.3,41.5,1.2
18.480,8,22685.2,15227.4,15.0,22713.8,15233.9,22.8,22659.8,15212.3,22.8,1.2
18.480,9,23681.4,13455.3,15.0,23665.4,13505.5,56.0,23696.6,13451.5,23.4,1.0
18.480,10,23492.8,13427.8,15.0,23475.5,13406.5,21.9,23500.4,13463.1,25.2,1.5
18.480,11,23594.6,14780.1,15.0,23584.6,14788.7,23.2,23610.7,14797.6,33.4,0.9
18.480,12,23586.0,15190.4,15.0,23600.3,15192.8,25.1,23578.9,15172.4,22.2,1.2
18.480,13,23501.6,14825.5,15.0,23495.1,14875.5,38.2,23518.2,14800.3,23.3,1.0
18.503,0,22946.8,15176.1,15.0,22947.8,15188.2,22.6,22976.8,15161.3,39.5,1.3
18.503,1,23013.7,15220.6,15.0,23019.9,15230.7,22.4,23032.6,15206.0,32.2,1.3
18.503,2,23669.8,13674.9,15.0,23662.5,13699.0,22.9,23685.4,13659.8,23.9,1.3
18.503,3,23646.1,13772.4,15.0,23631.7,13775.3,26.9,23653.6,13788.7,22.7,1.0
18.503,4,23474.7,14465.2,15.0,23468.2,14502.4,25.9,23491.1,14435.4,23.2,1.0
18.503,5,23558.1,13796.9,15.0,23543.8,13799.0,26.3,23565.5,13813.2,22.4,1.2
18.503,6,23208.5,15313.7,15.0,23215.9,15324.0,22.8,23227.3,15297.7,32.6,1.3
18.503,7,23682.6,13470.6,15.0,23671.4,13474.0,22.7,23697.3,13493.9,35.9,1.2
18.503,8,22682.4,15227.4,15.0,22713.6,15234.1,23.2,22656.2,15211.7,22.4,1.2
18.503,9,23681.4,13453.0,15.0,23665.1,13499.7,54.5,23695.8,13451.1,23.4,1.0
18.503,10,23492.8,13424.4,15.0,23475.1,13403.5,22.2,23501.1,13464.5,28.4,1.5
18.503,11,23594.5,14778.1,15.0,23585.4,14789.4,23.2,23610.5,14791.8,31.4,0.9
18.503,12,23586.0,15193.2,15.0,23600.1,15205.7,23.3,23579.4,15171.7,22.3,1.2
18.503,13,23501.5,14823.1,15.0,23493.9,14875.2,42.1,23518.3,14801.7,23.3,1.0
18.530,0,22943.4,15176.1,15.0,22947.1,15187.2,22.5,22966.2,15161.3,34.9,1.3
18.530,1,23010.2,15220.6,15.0,23020.1,15229.7,22.3,23024.6,15205.9,30.2,1.3
18.530,2,23669.8,13671.4,15.0,23662.7,13699.0,22.9,23685.6,13649.8,23.0,1.3
18.530,3,23646.1,13769.6,15.0,23631.9,13763.8,25.0,23653.0,13789.3,22.7,1.0
18.530,4,23474.7,14462.4,15.0,23467.6,14503.6,28.9,23491.5,14433.6,23.2,1.0
18.530,5,23558.1,13793.7,15.0,23543.9,13786.6,24.2,23564.9,13813.5,22.4,1.2
18.530,6,23205.0,15313.8,15.0,23216.2,15323.0,22.7,23219.0,15297.8,30.7,1.3
18.530,7,23682.6,13467.3,15.0,23672.4,13473.8,22.6,23697.4,13486.3,32.8,1.2
18.530,8,22679.2,15227.4,15.0,22713.5,15234.5,24.8,22653.1,15211.1,22.4,1.2
18.530,9,23681.4,13450.2,15.0,23665.3,13489.8,48.4,23694.9,13450.4,23.4,1.0
18.530,10,23492.8,13420.4,15.0,23474.7,13400.5,22.5,23502.0,13465.6,33.1,1.5
18.530,11,23594.4,14775.8,15.0,23586.2,14789.9,23.2,23610.2,14785.5,30.0,0.9
18.530,12,23586.0,15196.6,15.0,23600.3,15216.0,22.6,23579.6,15171.8,22.3,1.2
18.530,13,23501.3,14820.3,15.0,23492.7,14873.5,44.9,23518.2,14802.9,23.4,1.0
18.558,0,22939.8,15176.1,15.0,22947.5,15186.0,22.5,22957.4,15161.1,31.6,1.3
18.558,1,23006.7,15220.6,15.0,23021.0,15228.7,22.3,23013.7,15205.8,27.6,1.3
18.558,2,23669.8,13667.8,15.0,23662.7,13699.1,23.3,23686.2,13642.7,22.6,1.3
18.558,3,23646.1,13766.6,15.0,23632.1,13749.1,23.6,23652.5,13790.2,22.7,1.0
18.558,4,23474.6,14459.5,15.0,23466.6,14505.5,34.0,23492.0,14432.9,23.2,1.0
18.558,5,23558.1,13790.4,15.0,23543.9,13772.5,23.0,23564.5,13814.2,22.4,1.2
18.558,6,23201.4,15313.9,15.0,23217.4,15321.9,22.7,23206.9,15298.1,27.8,1.3
18.558,7,23682.6,13463.9,15.0,23673.5,13474.6,22.6,23697.5,13477.5,30.2,1.2
18.558,8,22675.9,15227.4,15.0,22714.9,15235.2,28.3,22650.7,15210.5,22.5,1.2
18.558,9,23681.4,13447.4,15.0,23665.7,13477.6,41.3,23693.8,13450.4,23.4,1.0
18.558,10,23492.8,13416.4,15.0,23474.6,13399.4,23.1,23503.4,13466.6,39.5,1.5
18.558,11,23594.2,14773.5,15.0,23587.0,14791.0,23.2,23609.7,14776.1,27.7,0.9
18.558,12,23586.0,15200.0,15.0,23600.8,15223.8,22.2,23579.7,15171.9,22.5,1.2
18.558,13,23501.1,14817.4,15.0,23491.4,14870.3,46.0,23517.8,14804.0,23.4,1.0
18.584,0,22936.6,15176.1,15.0,22948.7,15184.8,22.5,22948.5,15161.0,29.5,1.3
18.584,1,23003.5,15220.5,15.0,23022.3,15227.9,22.3,22999.7,15205.8,24.8,1.3
18.584,2,23669.8,13664.5,15.0,23662.4,13699.7,24.8,23687.0,13638.9,22.4,1.3
18.584,3,23646.1,13763.9,15.0,23631.8,13739.0,23.2,23652.3,13791.0,22.7,1.0
18.584,4,23474.6,14456.8,15.0,23465.3,14506.8,39.9,23492.2,14434.2,23.2,1.0
18.584,5,23558.1,13787.4,15.0,23543.6,13762.8,22.6,23564.3,13814.8,22.5,1.2
18.584,6,23198.2,15313.9,15.0,23218.8,15321.1,22.7,23192.0,15298.6,24.9,1.3
18.584,7,23682.6,13460.8,15.0,23674.6,13476.0,22.6,23697.5,13466.6,27.6,1.2
18.584,8,22672.8,15227.4,15.0,22717.0,15236.3,33.5,22649.8,15210.1,22.6,1.2
18.584,9,23681.4,13444.8,15.0,23665.9,13466.2,35.7,23692.6,13451.1,23.4,1.0
18.584,10,23492.8,13412.7,15.0,23474.8,13399.3,23.6,23504.7,13465.2,43.6,1.5
18.584,11,23594.1,14771.3,15.0,23587.7,14792.4,23.3,23609.0,14765.1,25.8,0.9
18.584,12,23586.0,15203.2,15.0,23601.5,15227.7,21.9,23579.5,15171.8,23.5,1.2
18.584,13,23500.9,14814.7,15.0,23490.1,14867.1,48.8,23517.2,14804.4,23.4,1.0
18.605,0,22933.8,15176.0,15.0,22950.3,15184.0,22.4,22936.6,15161.1,26.6,1.3
18.605,1,23000.7,15220.5,15.0,23023.6,15227.4,22.4,22985.7,15205.8,23.2,1.3
18.605,2,23669.8,13661.7,15.0,23661.8,13701.4,27.7,23687.5,13636.5,22.6,1.3
18.605,3,23646.1,13761.7,15.0,23631.2,13733.9,23.1,23652.4,13791.5,23.0,1.0
18.605,4,23474.5,14454.6,15.0,23464.2,14506.1,43.2,23492.1,14436.4,23.2,1.0
18.605,5,23558.1,13784.8,15.0,23542.9,13759.3,22.2,23564.5,13814.9,22.9,1.2
18.605,6,23195.4,15314.0,15.0,23220.3,15320.6,22.8,23178.2,15298.9,23.4,1.3
18.605,7,23682.6,13458.3,15.0,23675.3,13477.6,22.6,23697.3,13454.0,25.1,1.2
18.605,8,22670.2,15227.4,15.0,22718.1,15237.5,39.0,22650.7,15210.0,22.8,1.2
18.605,9,23681.4,13442.6,15.0,23665.7,13458.9,32.5,23691.5,13452.3,23.4,1.0
18.605,10,23492.8,13409.5,15.0,23475.2,13398.7,23.7,23505.9,13462.5,45.4,1.5
18.605,11,23594.1,14769.4,15.0,23588.2,14793.7,23.2,23608.4,14753.7,24.3,0.9
18.605,12,23586.0,15205.8,15.0,23602.0,15230.1,22.0,23579.0,15170.9,25.6,1.2
18.605,13,23500.8,14812.4,15.0,23489.0,14864.9,52.7,23516.5,14804.6,23.4,1.0
18.628,0,22931.0,15176.0,15.0,22951.0,15183.4,22.4,22924.6,15161.1,24.4,1.3
18.628,1,22997.9,15220.5,15.0,23023.8,15227.2,22.4,22977.3,15205.5,22.5,1.3
18.628,2,23669.8,13658.8,15.0,23661.0,13703.2,31.8,23687.9,13634.7,22.8,1.3
18.628,3,23646.1,13759.3,15.0,23630.7,13731.1,22.8,23652.5,13791.3,23.5,1.0
18.628,4,23474.5,14452.2,15.0,23463.3,14504.0,44.8,23491.8,14437.4,23.2,1.0
18.628,5,23558.1,13782.1,15.0,23542.4,13756.6,22.2,23564.8,13815.1,24.3,1.2
18.628,6,23192.5,15314.0,15.0,23220.6,15320.4,22.8,23169.5,15298.8,22.8,1.3
18.628,7,23682.6,13455.5,15.0,23675.8,13478.3,22.6,23697.2,13441.5,23.6,1.2
18.628,8,22667.5,15227.4,15.0,22716.8,15238.4,41.8,22651.4,15210.1,22.9,1.2
18.628,9,23681.4,13440.3,15.0,23665.7,13452.2,30.7,23690.6,13453.4,23.4,1.0
18.628,10,23492.8,13406.2,15.0,23475.6,13396.9,23.6,23506.8,13459.2,47.4,1.5
18.628,11,23594.0,14767.5,15.0,23588.4,14794.2,23.2,23608.0,14745.0,24.0,0.9
18.628,12,23586.0,15208.6,15.0,23602.4,15231.9,22.2,23578.3,15169.4,29.1,1.2
18.628,13,23500.6,14810.1,15.0,23488.1,14862.4,56.2,23515.8,14804.3,23.4,1.0
18.922,0,22918.3,15175.9,15.0,22941.9,15182.9,22.5,22902.4,15161.0,23.2,1.3
18.922,1,22985.3,15220.4,15.0,23014.0,15227.1,22.7,22961.7,15204.9,22.2,1.3
18.922,2,23669.8,13646.0,15.0,23659.9,13694.6,36.8,23688.1,13624.4,23.0,1.3
18.922,3,23646.1,13748.8,15.0,23630.2,13721.0,22.8,23652.9,13783.7,25.2,1.0
18.922,4,23474.3,14441.9,15.0,23462.2,14493.3,45.8,23491.3,14430.2,23.2,1.0
18.922,5,23558.1,13770.3,15.0,23541.9,13745.3,22.2,23565.3,13806.7,26.5,1.2
18.922,6,23179.8,15314.3,15.0,23210.8,15320.6,23.2,23154.6,15298.5,22.5,1.3
18.922,7,23682.6,13443.5,15.0,23676.0,13469.5,22.6,23697.4,13422.6,22.9,1.2
18.922,8,22655.7,15227.3,15.0,22705.3,15239.3,43.6,22642.7,15210.4,23.0,1.2
18.922,9,23681.4,13430.2,15.0,23665.7,13436.0,28.7,23689.8,13446.8,23.4,1.0
18.922,10,23492.8,13391.7,15.0,23476.1,13383.5,23.5,23507.7,13444.7,50.4,1.5
18.922,11,23593.6,14759.0,15.0,23588.3,14788.1,23.2,23607.7,14731.7,23.8,0.9
18.922,12,23586.0,15220.9,15.0,23602.7,15242.2,22.3,23577.4,15177.7,33.4,1.2
18.922,13,23500.0,14799.7,15.0,23487.0,14848.9,55.3,23514.5,14795.9,23.4,1.0
18.928,0,22917.5,15175.9,15.0,22966.9,15191.5,53.9,22912.3,15161.0,22.9,1.3
18.928,1,22984.5,15220.3,15.0,23025.1,15235.9,48.0,22982.4,15207.1,22.6,1.3
18.928,2,23669.8,13645.2,15.0,23653.8,13659.9,31.0,23679.3,13656.4,22.8,1.3
18.928,3,23646.1,13748.2,15.0,23634.5,13750.5,22.7,23660.6,13777.6,40.4,1.0
18.928,4,23474.3,14441.3,15.0,23459.1,14429.8,24.6,23481.8,14464.0,23.2,1.0
18.928,5,23558.1,13769.6,15.0,23547.5,13773.7,22.4,23572.3,13791.0,34.5,1.2
18.928,6,23179.1,15314.3,15.0,23220.7,15329.6,48.4,23176.8,15300.6,23.0,1.3
18.928,7,23682.6,13442.8,15.0,23667.4,13490.3,53.3,23697.0,13438.7,22.8,1.2
18.928,8,22655.0,15227.3,15.0,22647.3,15241.9,24.4,22675.5,15220.3,22.6,1.2
18.928,9,23681.4,13429.6,15.0,23663.4,13415.3,23.4,23694.0,13482.3,45.7,1.0
18.928,10,23492.8,13390.9,15.0,23485.7,13420.3,22.9,23509.3,13370.7,21.9,1.5
18.928,11,23593.6,14758.5,15.0,23581.8,14809.9,48.3,23609.9,14748.7,23.3,0.9
18.928,12,23586.0,15221.6,15.0,23595.0,15212.3,22.2,23571.6,15207.2,30.1,1.2
18.928,13,23499.9,14799.0,15.0,23481.5,14769.7,23.4,23509.0,14833.9,24.6,1.0
18.933,0,22916.9,15175.9,15.0,22965.5,15191.6,53.6,22912.1,15161.2,22.9,1.3
18.933,1,22983.9,15220.3,15.0,23022.7,15235.8,46.5,22982.3,15207.3,22.6,1.3
18.933,2,23669.8,13644.6,15.0,23653.7,13658.0,30.5,23679.1,13656.8,22.8,1.3
18.933,3,23646.1,13747.6,15.0,23634.7,13750.5,22.7,23660.5,13775.1,39.0,1.0
18.933,4,23474.3,14440.8,15.0,23459.1,14426.7,24.4,23481.7,14464.3,23.2,1.0
18.933,5,23558.1,13769.0,15.0,23547.7,13773.9,22.4,23572.3,13789.4,33.7,1.2
18.933,6,23178.4,15314.3,15.0,23218.0,15329.6,46.9,23176.7,15300.8,22.9,1.3
18.933,7,23682.6,13442.2,15.0,23667.3,13489.0,53.1,23696.8,13438.5,22.8,1.2
18.933,8,22654.4,15227.3,15.0,22644.1,15241.9,24.0,22675.8,15220.5,22.6,1.2
18.933,9,23681.4,13429.1,15.0,23663.5,13415.6,23.4,23694.3,13481.7,46.0,1.0
18.933,10,23492.8,13390.2,15.0,23485.6,13420.4,23.0,23509.4,13369.6,21.8,1.5
18.933,11,23593.6,14758.1,15.0,23581.6,14809.4,48.8,23609.8,14748.7,23.3,0.9
18.933,12,23586.0,15222.2,15.0,23594.7,15212.1,22.2,23571.5,15209.0,29.6,1.2
18.933,13,23499.9,14798.5,15.0,23481.3,14769.3,23.4,23509.1,14834.2,25.1,1.0
18.947,0,22915.1,15175.9,15.0,22963.1,15191.6,53.4,22910.6,15161.4,22.8,1.3
18.947,1,22982.1,15220.3,15.0,23019.2,15235.7,45.2,22980.9,15207.5,22.6,1.3
18.947,2,23669.8,13642.8,15.0,23653.7,13655.0,30.1,23678.9,13655.8,22.8,1.3
18.947,3,23646.1,13746.2,15.0,23634.9,13749.6,22.7,23660.4,13771.8,37.8,1.0
18.947,4,23474.2,14439.3,15.0,23459.0,14422.9,24.2,23481.6,14463.6,23.2,1.0
18.947,5,23558.1,13767.3,15.0,23547.9,13772.9,22.4,23572.4,13786.8,33.1,1.2
18.947,6,23176.6,15314.3,15.0,23214.4,15329.6,45.6,23175.4,15301.0,22.9,1.3
18.947,7,23682.6,13440.5,15.0,23667.2,13486.6,52.9,23696.6,13437.2,22.8,1.2
18.947,8,22652.7,15227.3,15.0,22640.1,15241.8,23.7,22674.9,15220.6,22.6,1.2
18.947,9,23681.4,13427.6,15.0,23663.6,13414.9,23.4,23694.4,13480.2,46.2,1.0
18.947,10,23492.8,13388.1,15.0,23485.6,13419.0,23.1,23509.5,13367.3,21.7,1.5
18.947,11,23593.5,14756.9,15.0,23581.4,14808.1,49.3,23609.7,14747.9,23.3,0.9
18.947,12,23586.0,15224.0,15.0,23594.5,15213.0,22.2,23571.5,15211.7,29.3,1.2
18.947,13,23499.8,14797.0,15.0,23481.1,14767.9,23.4,23509.2,14833.4,25.5,1.0
18.969,0,22912.3,15175.9,15.0,22958.4,15191.8,52.9,22908.8,15161.8,22.8,1.3
18.969,1,22979.4,15220.3,15.0,23011.8,15235.5,41.5,22979.6,15208.1,22.5,1.3
18.969,2,23669.8,13640.0,15.0,23653.9,13646.8,28.3,23678.3,13655.5,22.8,1.3
18.969,3,23646.1,13743.9,15.0,23635.5,13748.8,22.8,23660.3,13764.7,35.0,1.0
18.969,4,23474.2,14437.0,15.0,23458.9,14415.5,24.0,23481.4,14463.3,23.2,1.0
18.969,5,23558.1,13764.7,15.0,23548.5,13772.1,22.4,23572.5,13781.6,31.4,1.2
18.969,6,23173.8,15314.4,15.0,23206.6,15329.6,41.6,23174.2,15301.7,22.9,1.3
18.969,7,23682.6,13437.9,15.0,23667.2,13480.6,50.1,23696.1,13435.7,22.8,1.2
18.969,8,22650.1,15227.3,15.0,22632.0,15241.8,23.3,22674.4,15220.8,22.6,1.2
18.969,9,23681.4,13425.4,15.0,23663.9,13414.4,23.4,23695.0,13477.7,47.2,1.0
18.969,10,23492.8,13384.9,15.0,23485.5,13418.0,24.0,23509.9,13363.8,21.7,1.5
18.969,11,23593.4,14755.0,15.0,23580.9,14806.3,51.2,23609.3,14747.1,23.3,0.9
18.969,12,23586.0,15226.7,15.0,23594.0,15213.5,22.2,23571.5,15218.0,28.1,1.2
18.969,13,23499.7,14794.7,15.0,23480.7,14765.9,23.4,23509.4,14832.9,26.7,1.0
18.995,0,22909.1,15175.9,15.0,22948.5,15191.5,47.0,22907.3,15162.6,22.7,1.3
18.995,1,22976.2,15220.3,15.0,23000.5,15235.2,36.1,22978.8,15209.0,22.5,1.3
18.995,2,23669.8,13636.7,15.0,23654.0,13634.6,26.0,23677.6,13656.2,22.8,1.3
18.995,3,23646.1,13741.2,15.0,23636.4,13748.9,22.7,23660.4,13758.1,32.2,1.0
18.995,4,23474.2,14434.4,15.0,23458.5,14407.3,23.8,23481.2,14463.5,23.2,1.0
18.995,5,23558.1,13761.7,15.0,23549.4,13772.5,22.4,23572.5,13774.2,29.6,1.2
18.995,6,23170.6,15314.4,15.0,23195.4,15329.5,36.3,23173.6,15302.7,22.8,1.3
18.995,7,23682.6,13434.9,15.0,23667.4,13470.4,44.5,23695.2,13434.6,22.7,1.2
18.995,8,22647.1,15227.3,15.0,22623.3,15242.1,22.9,22674.4,15220.9,22.7,1.2
18.995,9,23681.4,13422.8,15.0,23664.4,13414.0,23.4,23695.7,13474.7,49.7,1.0
18.995,10,23492.8,13381.3,15.0,23485.0,13418.1,26.1,23510.3,13359.9,21.9,1.5
18.995,11,23593.4,14752.9,15.0,23580.2,14804.4,54.4,23608.8,14746.6,23.3,0.9
18.995,12,23586.0,15229.8,15.0,23593.3,15213.1,22.2,23571.7,15229.0,25.8,1.2
18.995,13,23499.6,14792.1,15.0,23480.2,14764.6,23.4,23510.2,14834.6,30.3,1.0
19.016,0,22906.3,15175.9,15.0,22937.2,15191.2,40.3,22907.1,15163.7,22.6,1.3
19.016,1,22973.4,15220.3,15.0,22992.8,15235.2,32.6,22979.4,15210.1,22.4,1.3
19.016,2,23669.8,13633.9,15.0,23654.1,13619.7,23.9,23677.0,13657.7,22.8,1.3
19.016,3,23646.1,13738.9,15.0,23637.4,13750.2,22.7,23660.5,13750.9,29.8,1.0
19.016,4,23474.1,14432.2,15.0,23457.8,14402.9,23.5,23481.3,14464.0,23.5,1.0
19.016,5,23558.1,13759.2,15.0,23550.3,13773.8,22.4,23572.5,13764.8,27.3,1.2
19.016,6,23167.8,15314.5,15.0,23187.7,15329.8,33.0,23174.5,15303.8,22.8,1.3
19.016,7,23682.6,13432.2,15.0,23667.7,13458.9,37.8,23694.2,13434.7,22.7,1.2
19.016,8,22644.5,15227.3,15.0,22618.6,15242.6,22.5,22674.7,15220.8,23.0,1.2
19.016,9,23681.4,13420.6,15.0,23665.1,13414.1,23.4,23696.6,13472.7,53.7,1.0
19.016,10,23492.8,13378.1,15.0,23484.1,13420.7,30.6,23510.7,13357.5,22.3,1.5
19.016,11,23593.3,14751.0,15.0,23579.6,14800.9,55.1,23608.1,14746.6,23.3,0.9
19.016,12,23586.0,15232.5,15.0,23592.7,15211.9,22.2,23571.8,15242.2,23.6,1.2
19.016,13,23499.4,14789.8,15.0,23479.8,14764.9,23.3,23511.3,14836.7,35.3,1.0
19.039,0,22903.4,15175.9,15.0,22926.8,15190.9,35.4,22906.7,15164.6,22.6,1.3
19.039,1,22970.5,15220.2,15.0,22985.7,15235.2,30.5,22979.8,15211.0,22.3,1.3
19.039,2,23669.8,13631.0,15.0,23653.9,13610.3,23.1,23676.8,13658.2,22.9,1.3
19.039,3,23646.1,13736.5,15.0,23638.2,13751.0,22.7,23660.5,13743.7,28.2,1.0
19.039,4,23474.1,14429.8,15.0,23457.2,14400.2,23.2,23481.5,14464.0,24.2,1.0
19.039,5,23558.1,13756.5,15.0,23551.0,13774.5,22.4,23572.3,13754.2,25.4,1.2
19.039,6,23164.9,15314.5,15.0,23180.4,15330.0,31.0,23175.2,15304.8,22.7,1.3
19.039,7,23682.6,13429.5,15.0,23667.8,13450.4,34.0,23693.2,13434.7,22.6,1.2
19.039,8,22641.8,15227.3,15.0,22615.5,15243.2,22.3,22674.6,15220.6,23.9,1.2
19.039,9,23681.4,13418.3,15.0,23665.8,13413.7,23.4,23697.2,13469.8,56.4,1.0
19.039,10,23492.8,13374.8,15.0,23483.2,13421.9,35.3,23510.9,13355.9,22.7,1.5
19.039,11,23593.2,14749.1,15.0,23579.2,14796.5,54.5,23607.4,14746.2,23.3,0.9
19.039,12,23586.0,15235.3,15.0,23592.4,15211.5,22.3,23571.8,15252.8,22.8,1.2
19.039,13,23499.3,14787.5,15.0,23479.7,14765.7,23.4,23512.4,14837.4,40.2,1.0
19.062,0,22900.5,15175.8,15.0,22919.7,15191.0,32.5,22907.0,15165.6,22.5,1.3
19.062,1,22967.7,15220.2,15.0,22977.8,15235.2,28.8,22980.5,15211.9,22.3,1.3
19.062,2,23669.8,13628.1,15.0,23653.5,13603.4,22.7,23676.8,13658.4,23.2,1.3
19.062,3,23646.1,13734.1,15.0,23638.8,13752.0,22.7,23660.4,13733.1,26.0,1.0
19.062,4,23474.0,14427.5,15.0,23456.6,14398.3,23.2,23482.0,14464.7,26.0,1.0
19.062,5,23558.1,13753.8,15.0,23551.5,13775.3,22.4,23572.2,13741.6,23.5,1.2
19.062,6,23162.0,15314.6,15.0,23171.3,15330.1,28.8,23176.2,15305.7,22.7,1.3
19.062,7,23682.6,13426.8,15.0,23667.7,13443.2,31.4,23692.2,13435.2,22.6,1.2
19.062,8,22639.1,15227.3,15.0,22613.1,15243.7,22.4,22675.1,15220.2,25.8,1.2
19.062,9,23681.4,13416.0,15.0,23666.6,13413.3,23.4,23697.5,13464.4,55.5,1.0
19.062,10,23492.8,13371.5,15.0,23482.0,13422.1,40.3,23511.0,13355.2,23.2,1.5
19.062,11,23593.1,14747.1,15.0,23579.0,14789.6,50.2,23606.7,14746.0,23.2,0.9
19.062,12,23586.0,15238.1,15.0,23592.3,15211.3,22.4,23571.5,15261.3,22.4,1.2
19.062,13,23499.2,14785.1,15.0,23480.0,14767.2,23.3,23513.3,14836.3,43.2,1.0
19.085,0,22897.6,15175.8,15.0,22912.2,15191.0,30.5,22907.6,15166.6,22.4,1.3
19.085,1,22964.7,15220.2,15.0,22966.6,15234.9,26.3,22981.4,15212.7,22.3,1.3
19.085,2,23669.8,13625.1,15.0,23652.9,13599.4,22.3,23676.9,13658.2,23.7,1.3
19.085,3,23646.1,13731.7,15.0,23639.4,13752.9,22.7,23660.2,13721.4,24.2,1.0
19.085,4,23474.0,14425.1,15.0,23456.1,14397.0,23.2,23482.7,14466.3,29.3,1.0
19.085,5,23558.1,13751.0,15.0,23551.7,13775.7,22.4,23572.3,13731.3,22.8,1.2
19.085,6,23159.1,15314.6,15.0,23159.5,15330.1,26.5,23177.2,15306.5,22.7,1.3
19.085,7,23682.6,13424.0,15.0,23667.6,13435.8,29.6,23691.3,13436.0,22.6,1.2
19.085,8,22636.3,15227.3,15.0,22611.4,15244.1,22.5,22676.9,15219.4,29.5,1.2
19.085,9,23681.4,13413.7,15.0,23667.4,13413.0,23.4,23697.5,13456.4,50.9,1.0
19.085,10,23492.8,13368.1,15.0,23480.9,13420.7,43.7,23510.8,13354.8,23.6,1.5
19.085,11,23593.1,14745.2,15.0,23578.9,14781.4,45.5,23606.0,14745.7,23.3,0.9
19.085,12,23586.0,15240.9,15.0,23592.4,15211.6,22.7,23571.0,15265.2,22.0,1.2
19.085,13,23499.0,14782.6,15.0,23480.3,14768.5,23.4,23514.1,14834.4,45.2,1.0
19.108,0,22894.7,15175.8,15.0,22903.3,15191.0,28.4,22908.5,15167.5,22.4,1.3
19.108,1,22961.9,15220.2,15.0,22954.0,15234.7,24.1,22982.2,15213.3,22.3,1.3
19.108,2,23669.8,13622.2,15.0,23652.3,13596.7,22.5,23677.3,13659.0,25.7,1.3
19.108,3,23646.1,13729.3,15.0,23639.7,13753.7,22.8,23660.1,13709.6,23.5,1.0
19.108,4,23474.0,14422.7,15.0,23455.7,14396.5,23.2,23483.6,14468.1,33.5,1.0
19.108,5,23558.1,13748.3,15.0,23551.8,13776.0,22.5,23572.6,13723.6,22.6,1.2
19.108,6,23156.2,15314.6,15.0,23146.0,15330.2,24.2,23178.2,15307.0,22.7,1.3
19.108,7,23682.6,13421.3,15.0,23667.7,13425.6,27.2,23690.5,13437.1,22.6,1.2
19.108,8,22633.6,15227.3,15.0,22610.9,15244.4,22.6,22678.3,15218.5,34.1,1.2
19.108,9,23681.4,13411.4,15.0,23668.4,13412.9,23.4,23697.2,13446.5,45.1,1.0
19.108,10,23492.8,13364.8,15.0,23479.8,13417.8,45.3,23510.4,13353.8,23.7,1.5
19.108,11,23593.0,14743.2,15.0,23578.8,14772.9,40.4,23605.2,14745.9,23.2,0.9
19.108,12,23586.0,15243.7,15.0,23592.7,15211.5,23.9,23570.4,15268.2,21.9,1.2
19.108,13,23498.9,14780.3,15.0,23480.8,14769.4,23.4,23514.8,14831.6,46.2,1.0
19.135,0,22891.3,15175.8,15.0,22891.4,15190.8,26.1,22909.0,15168.3,22.4,1.3
19.135,1,22958.5,15220.1,15.0,22941.7,15234.6,23.0,22982.3,15213.7,22.4,1.3
19.135,2,23669.8,13618.7,15.0,23651.9,13593.9,22.6,23678.0,13660.1,29.0,1.3
19.135,3,23646.1,13726.5,15.0,23639.9,13753.7,22.7,23660.4,13701.2,23.2,1.0
19.135,4,23473.9,14419.9,15.0,23455.6,14396.9,23.2,23484.6,14468.6,38.3,1.0
19.135,5,23558.1,13745.1,15.0,23551.7,13775.2,22.9,23573.2,13719.6,22.2,1.2
19.135,6,23152.8,15314.7,15.0,23134.3,15330.4,23.2,23178.4,15307.4,22.8,1.3
19.135,7,23682.6,13418.0,15.0,23667.9,13413.4,25.0,23689.8,13437.5,22.6,1.2
19.135,8,22630.4,15227.3,15.0,22610.7,15244.5,22.8,22678.3,15217.4,38.9,1.2
19.135,9,23681.4,13408.6,15.0,23669.3,13412.6,23.4,23696.9,13435.6,39.2,1.0
19.135,10,23492.8,13360.9,15.0,23478.9,13413.9,47.3,23510.0,13351.5,23.6,1.5
19.135,11,23592.9,14740.9,15.0,23578.6,14763.8,36.3,23604.4,14745.7,23.3,0.9
19.135,12,23586.0,15247.0,15.0,23593.1,15211.4,26.0,23569.9,15271.2,22.0,1.2
19.135,13,23498.8,14777.5,15.0,23481.4,14768.9,23.4,23515.4,14828.3,48.7,1.0
19.164,0,22887.6,15175.8,15.0,22875.9,15190.5,23.7,22909.6,15168.9,22.5,1.3
19.164,1,22954.9,15220.1,15.0,22931.5,15234.9,22.4,22982.4,15213.8,22.5,1.3
19.164,2,23669.8,13615.0,15.0,23651.5,13592.2,22.9,23679.1,13661.9,34.5,1.3
19.164,3,23646.1,13723.4,15.0,23639.8,13753.5,23.0,23661.0,13695.6,23.0,1.0
19.164,4,23473.9,14417.0,15.0,23455.6,14398.3,23.2,23485.7,14467.7,42.4,1.0
19.164,5,23558.1,13741.7,15.0,23551.3,13775.3,24.6,23573.8,13716.3,22.2,1.2
19.164,6,23149.1,15314.7,15.0,23124.9,15331.0,22.7,23178.5,15307.5,23.0,1.3
19.164,7,23682.6,13414.6,15.0,23668.0,13397.9,23.5,23689.3,13438.3,22.6,1.2
19.164,8,22627.0,15227.3,15.0,22611.6,15244.4,22.9,22676.6,15216.2,42.5,1.2
19.164,9,23681.4,13405.7,15.0,23670.5,13413.1,23.4,23696.9,13425.7,34.7,1.0
19.164,10,23492.8,13356.7,15.0,23477.8,13409.8,50.9,23509.4,13348.6,23.4,1.5
19.164,11,23592.8,14738.5,15.0,23578.2,14757.2,33.4,23603.5,14746.3,23.2,0.9
19.164,12,23586.0,15250.6,15.0,23594.0,15209.8,30.6,23569.5,15273.4,22.2,1.2
19.164,13,23498.6,14774.5,15.0,23482.1,14768.5,23.4,23516.2,14825.2,52.7,1.0
19.188,0,22884.6,15175.7,15.0,22863.9,15190.7,22.6,22910.8,15169.2,22.5,1.3
19.188,1,22951.8,15220.1,15.0,22927.3,15235.6,21.9,22982.6,15213.7,23.0,1.3
19.188,2,23669.8,13611.9,15.0,23651.4,13593.0,23.2,23680.6,13663.1,40.8,1.3
19.188,3,23646.1,13720.9,15.0,23639.5,13754.1,24.2,23661.7,13692.9,22.8,1.0
19.188,4,23473.8,14414.5,15.0,23456.0,14400.3,23.2,23486.9,14465.8,44.9,1.0
19.188,5,23558.1,13738.9,15.0,23550.5,13777.4,28.3,23574.4,13714.4,22.3,1.2
19.188,6,23146.0,15314.8,15.0,23120.7,15331.8,22.3,23179.0,15307.3,23.8,1.3
19.188,7,23682.6,13411.7,15.0,23667.6,13387.5,22.8,23689.1,13439.3,22.7,1.2
19.188,8,22624.1,15227.3,15.0,22612.5,15243.9,23.0,22673.7,15215.1,44.1,1.2
19.188,9,23681.4,13403.3,15.0,23671.7,13414.7,23.4,23697.0,13417.4,31.6,1.0
19.188,10,23492.8,13353.2,15.0,23476.7,13406.4,55.5,23508.7,13346.4,23.2,1.5
19.188,11,23592.7,14736.5,15.0,23577.9,14750.3,31.0,23602.5,14747.7,23.2,0.9
19.188,12,23586.0,15253.5,15.0,23595.3,15208.2,36.5,23569.3,15273.1,22.4,1.2
19.188,13,23498.5,14771.9,15.0,23483.0,14768.4,23.4,23516.8,14821.6,55.9,1.0
19.211,0,22881.7,15175.7,15.0,22857.7,15191.1,22.3,22911.0,15169.2,22.8,1.3
19.211,1,22948.9,15220.1,15.0,22924.5,15236.1,22.0,22983.1,15213.3,24.9,1.3
19.211,2,23669.8,13609.0,15.0,23651.6,13593.8,23.5,23681.7,13661.9,44.2,1.3
19.211,3,23646.1,13718.5,15.0,23639.0,13755.0,26.3,23662.3,13691.1,22.8,1.0
19.211,4,23473.8,14412.1,15.0,23456.5,14401.2,23.2,23487.7,14463.0,46.0,1.0
19.211,5,23558.1,13736.2,15.0,23549.6,13778.9,32.7,23574.7,13713.5,22.4,1.2
19.211,6,23143.1,15314.8,15.0,23118.0,15332.4,22.4,23179.8,15306.8,25.9,1.3
19.211,7,23682.6,13408.9,15.0,23667.1,13383.1,22.5,23689.2,13439.3,23.1,1.2
19.211,8,22621.4,15227.2,15.0,22612.2,15243.4,23.0,22670.7,15214.2,46.2,1.2
19.211,9,23681.4,13401.0,15.0,23672.6,13416.1,23.4,23697.1,13410.0,29.8,1.0
19.211,10,23492.8,13349.9,15.0,23476.4,13399.8,54.5,23507.9,13344.4,23.0,1.5
19.211,11,23592.7,14734.5,15.0,23577.6,14744.2,29.5,23601.8,14748.8,23.3,0.9
19.211,12,23586.0,15256.3,15.0,23596.4,15208.9,40.2,23569.3,15272.4,22.6,1.2
19.211,13,23498.4,14769.5,15.0,23483.9,14768.1,23.4,23516.7,14815.9,55.0,1.0
19.234,0,22878.7,15175.7,15.0,22853.9,15191.7,22.0,22910.8,15169.0,23.6,1.3
19.234,1,22945.9,15220.1,15.0,22922.2,15236.6,22.2,22984.3,15212.7,27.8,1.3
19.234,2,23669.8,13606.0,15.0,23651.9,13593.7,23.6,23682.7,13659.0,45.7,1.3
19.234,3,23646.1,13716.0,15.0,23638.2,13756.6,30.0,23662.7,13689.9,22.8,1.0
19.234,4,23473.8,14409.6,15.0,23457.0,14401.0,23.2,23488.5,14460.1,48.5,1.0
19.234,5,23558.1,13733.4,15.0,23548.6,13779.5,37.6,23574.9,13713.7,22.6,1.2
19.234,6,23140.1,15314.9,15.0,23115.9,15332.9,22.6,23181.5,15306.1,29.6,1.3
19.234,7,23682.6,13406.1,15.0,23666.5,13380.0,22.3,23689.4,13439.4,24.2,1.2
19.234,8,22618.6,15227.2,15.0,22611.3,15242.9,22.9,22667.7,15213.3,49.2,1.2
19.234,9,23681.4,13398.6,15.0,23673.3,13417.3,23.4,23696.9,13399.2,27.3,1.0
19.234,10,23492.8,13346.5,15.0,23476.4,13389.9,48.8,23507.0,13342.4,22.8,1.5
19.234,11,23592.6,14732.5,15.0,23577.4,14735.4,27.5,23601.2,14749.8,23.2,0.9
19.234,12,23586.0,15259.3,15.0,23597.3,15211.0,42.4,23569.6,15272.2,22.7,1.2
19.234,13,23498.3,14767.1,15.0,23484.8,14767.7,23.4,23516.1,14806.5,48.9,1.0
19.256,0,22875.9,15175.7,15.0,22851.3,15192.2,22.2,22911.6,15168.6,25.6,1.3
19.256,1,22943.2,15220.0,15.0,22920.8,15236.9,22.4,22986.1,15211.8,32.2,1.3
19.256,2,23669.8,13603.2,15.0,23652.4,13593.2,23.6,23683.7,13656.0,47.6,1.3
19.256,3,23646.1,13713.7,15.0,23637.3,13758.1,34.4,23663.0,13690.1,22.7,1.0
19.256,4,23473.7,14407.4,15.0,23457.7,14400.9,23.2,23489.2,14457.9,52.1,1.0
19.256,5,23558.1,13730.8,15.0,23547.6,13778.5,40.8,23574.8,13714.7,22.6,1.2
19.256,6,23137.3,15314.9,15.0,23115.0,15333.2,22.8,23183.4,15305.0,34.4,1.3
19.256,7,23682.6,13403.5,15.0,23665.9,13377.8,22.4,23689.9,13440.3,26.3,1.2
19.256,8,22616.0,15227.2,15.0,22610.5,15242.2,22.9,22665.5,15212.5,53.4,1.2
19.256,9,23681.4,13396.4,15.0,23673.9,13418.7,23.4,23696.8,13387.3,25.3,1.0
19.256,10,23492.8,13343.3,15.0,23476.7,13378.5,42.3,23506.0,13341.7,22.6,1.5
19.256,11,23592.5,14730.6,15.0,23577.2,14726.1,25.9,23600.7,14751.0,23.3,0.9
19.256,12,23585.7,15261.9,15.0,23602.6,15215.3,43.5,23568.8,15270.4,22.8,1.2
19.256,13,23498.2,14764.8,15.0,23485.7,14767.7,23.4,23515.3,14796.1,42.7,1.0
19.279,0,22873.0,15175.7,15.0,22849.2,15192.6,22.3,22913.0,15168.0,28.9,1.3
19.279,1,22940.3,15220.0,15.0,22920.6,15237.0,22.6,22986.8,15210.8,36.9,1.3
19.279,2,23669.8,13600.2,15.0,23652.9,13591.9,23.5,23684.6,13652.8,50.3,1.3
19.279,3,23646.1,13711.3,15.0,23636.4,13758.3,38.7,23663.1,13690.7,22.7,1.0
19.279,4,23473.7,14405.0,15.0,23458.4,14400.5,23.2,23489.9,14455.4,55.5,1.0
19.279,5,23558.1,13728.1,15.0,23546.7,13776.4,42.7,23574.5,13715.1,22.7,1.2
19.279,6,23134.4,15314.9,15.0,23114.9,15333.3,23.1,23184.1,15304.0,39.4,1.3
19.279,7,23682.6,13400.7,15.0,23665.6,13376.1,22.5,23690.7,13441.9,30.0,1.2
19.279,8,22613.3,15227.2,15.0,22609.4,15241.5,22.8,22660.3,15212.1,53.1,1.2
19.279,9,23681.4,13394.1,15.0,23674.4,13419.7,23.4,23696.6,13375.1,24.4,1.0
19.279,10,23492.8,13340.0,15.0,23476.9,13367.2,36.9,23505.0,13341.0,22.5,1.5
19.279,11,23592.5,14728.7,15.0,23577.0,14716.1,24.5,23600.3,14751.8,23.2,0.9
19.279,12,23585.2,15264.7,15.0,23607.4,15220.4,45.8,23568.2,15269.8,22.7,1.2
19.279,13,23498.1,14762.4,15.0,23486.7,14767.7,23.4,23514.5,14785.4,37.3,1.0
19.302,0,22870.1,15175.7,15.0,22848.0,15192.9,22.5,22914.5,15167.0,33.3,1.3
19.302,1,22937.5,15220.0,15.0,22921.0,15237.0,22.8,22986.0,15209.8,40.5,1.3
19.302,2,23669.8,13597.3,15.0,23653.6,13590.6,23.4,23685.4,13650.4,54.6,1.3
19.302,3,23646.1,13709.0,15.0,23635.4,13757.2,41.5,23662.9,13692.1,22.7,1.0
19.302,4,23473.7,14402.7,15.0,23459.1,14400.0,23.2,23490.1,14450.0,54.6,1.0
19.302,5,23558.1,13725.4,15.0,23545.8,13773.4,43.7,23574.1,13715.2,22.8,1.2
19.302,6,23131.5,15315.0,15.0,23115.5,15333.1,23.3,23182.9,15302.9,42.7,1.3
19.302,7,23682.6,13398.0,15.0,23665.3,13375.7,22.6,23691.6,13443.2,34.6,1.2
19.302,8,22610.6,15227.2,15.0,22608.5,15240.7,22.8,22653.1,15212.0,50.1,1.2
19.302,9,23681.4,13391.8,15.0,23674.6,13420.4,23.4,23696.8,13366.3,24.0,1.0
19.302,10,23492.8,13336.7,15.0,23476.8,13359.7,33.8,23503.9,13341.0,22.4,1.5
19.302,11,23592.4,14726.8,15.0,23576.7,14706.3,24.1,23600.0,14752.6,23.3,0.9
19.302,12,23584.4,15267.3,15.0,23611.8,15225.8,48.9,23568.0,15269.3,22.7,1.2
19.302,13,23498.0,14760.1,15.0,23487.7,14768.4,23.4,23514.2,14778.3,34.0,1.0
19.324,0,22867.3,15175.7,15.0,22848.0,15193.0,22.8,22915.2,15166.0,38.3,1.3
19.324,1,22934.6,15220.0,15.0,22921.3,15236.8,22.9,22984.2,15208.8,43.0,1.3
19.324,2,23669.8,13594.4,15.0,23654.3,13589.2,23.3,23686.0,13645.7,55.7,1.3
19.324,3,23646.1,13706.6,15.0,23634.6,13755.1,43.1,23662.7,13693.0,22.7,1.0
19.324,4,23473.6,14400.3,15.0,23460.0,14399.7,23.2,23490.0,14442.6,50.7,1.0
19.324,5,23558.1,13722.7,15.0,23545.0,13770.4,46.1,23573.6,13714.4,22.7,1.2
19.324,6,23128.6,15315.0,15.0,23115.7,15332.8,23.4,23180.7,15301.9,44.8,1.3
19.324,7,23682.6,13395.3,15.0,23665.2,13376.0,22.8,23692.7,13443.5,39.3,1.2
19.324,8,22607.9,15227.2,15.0,22607.8,15239.8,22.7,22643.1,15212.2,44.3,1.2
19.324,9,23681.4,13389.5,15.0,23674.6,13420.9,23.5,23697.2,13359.6,24.0,1.0
19.324,10,23492.8,13333.4,15.0,23476.7,13352.0,31.8,23502.9,13341.5,22.3,1.5
19.324,11,23592.3,14724.8,15.0,23576.3,14699.6,23.8,23599.9,14753.1,23.2,0.9
19.324,12,23583.3,15269.9,15.0,23615.5,15231.5,52.6,23568.0,15269.0,22.6,1.2
19.324,13,23497.9,14757.7,15.0,23488.7,14769.3,23.3,23514.0,14771.2,31.5,1.0
19.347,0,22864.4,15175.6,15.0,22848.4,15192.9,22.9,22914.1,15164.9,41.6,1.3
19.347,1,22931.7,15220.0,15.0,22921.0,15236.4,23.0,22981.1,15207.8,44.0,1.3
19.347,2,23669.8,13591.5,15.0,23655.1,13588.0,23.2,23686.2,13638.9,53.6,1.3
19.347,3,23646.1,13704.2,15.0,23633.8,13752.3,44.1,23662.2,13693.6,22.8,1.0
19.347,4,23473.6,14398.0,15.0,23460.8,14399.4,23.2,23489.6,14432.9,45.1,1.0
19.347,5,23558.1,13720.0,15.0,23544.2,13767.8,49.4,23573.0,13713.5,22.7,1.2
19.347,6,23125.7,15315.0,15.0,23115.5,15332.4,23.4,23177.6,15301.1,46.1,1.3
19.347,7,23682.6,13392.6,15.0,23665.4,13376.9,22.9,23693.7,13442.3,42.3,1.2
19.347,8,22605.2,15227.2,15.0,22607.5,15238.8,22.7,22632.5,15212.5,38.3,1.2
19.347,9,23681.4,13387.2,15.0,23674.4,13420.8,23.9,23697.8,13356.6,23.6,1.0
19.347,10,23492.8,13330.1,15.0,23476.7,13342.9,29.7,23501.9,13342.3,22.2,1.5
19.347,11,23592.3,14722.9,15.0,23575.8,14694.2,23.8,23599.9,14753.4,23.3,0.9
19.347,12,23581.9,15272.3,15.0,23616.7,15240.1,51.7,23568.2,15268.9,22.5,1.2
19.347,13,23497.7,14755.3,15.0,23489.6,14770.4,23.4,23513.8,14764.0,29.8,1.0
19.370,0,22861.4,15175.6,15.0,22848.5,15192.7,23.1,22911.8,15163.9,43.7,1.3
19.370,1,22928.8,15219.9,15.0,22919.9,15235.9,22.9,22978.0,15207.0,46.3,1.3
19.370,2,23669.8,13588.5,15.0,23656.0,13587.1,23.1,23686.0,13628.4,47.2,1.3
19.370,3,23646.1,13701.7,15.0,23633.0,13749.4,46.5,23661.7,13693.3,22.8,1.0
19.370,4,23473.6,14395.6,15.0,23461.8,14399.4,23.2,23489.2,14422.5,39.1,1.0
19.370,5,23558.1,13717.3,15.0,23543.5,13764.8,52.6,23572.4,13712.4,22.6,1.2
19.370,6,23122.8,15315.1,15.0,23114.2,15331.9,23.4,23174.4,15300.2,48.7,1.3
19.370,7,23682.6,13389.8,15.0,23665.7,13377.2,23.0,23694.6,13439.7,43.9,1.2
19.370,8,22602.4,15227.2,15.0,22607.6,15237.8,22.6,22623.3,15212.5,34.2,1.2
19.370,9,23681.4,13384.8,15.0,23674.1,13421.3,25.2,23698.4,13354.4,23.4,1.0
19.370,10,23492.8,13326.8,15.0,23476.9,13331.0,27.1,23501.1,13343.1,22.3,1.5
19.370,11,23592.2,14720.9,15.0,23575.2,14691.7,23.4,23600.0,14753.3,23.6,0.9
19.370,12,23580.3,15274.7,15.0,23615.3,15250.5,47.5,23568.6,15268.9,22.4,1.2
19.370,13,23497.6,14752.9,15.0,23490.4,14771.6,23.3,23513.1,14753.3,27.3,1.0
19.393,0,22858.6,15175.6,15.0,22848.3,15192.2,23.1,22908.8,15163.0,44.9,1.3
19.393,1,22926.0,15219.9,15.0,22918.8,15235.3,22.9,22975.2,15206.1,49.6,1.3
19.393,2,23669.8,13585.6,15.0,23657.1,13586.6,23.0,23685.7,13617.0,40.6,1.3
19.393,3,23646.1,13699.4,15.0,23632.2,13747.1,49.8,23661.1,13693.0,22.7,1.0
19.393,4,23473.6,14393.3,15.0,23462.8,14399.9,23.2,23489.0,14413.5,34.9,1.0
19.393,5,23558.1,13714.6,15.0,23543.3,13759.2,51.7,23571.6,13711.4,22.6,1.2
19.393,6,23119.9,15315.1,15.0,23113.0,15331.3,23.3,23171.8,15299.4,52.6,1.3
19.393,7,23682.6,13387.1,15.0,23666.1,13377.1,23.0,23695.5,13436.7,45.4,1.2
19.393,8,22599.8,15227.2,15.0,22608.1,15236.8,22.6,22616.2,15212.4,31.3,1.2
19.393,9,23681.4,13382.5,15.0,23673.6,13422.4,27.4,23699.0,13352.7,23.4,1.0
19.393,10,23492.8,13323.5,15.0,23477.0,13317.4,24.3,23500.4,13344.1,22.3,1.5
19.393,11,23592.1,14719.0,15.0,23574.7,14689.6,23.3,23600.2,14753.6,24.5,0.9
19.393,12,23578.5,15276.8,15.0,23610.7,15261.7,41.7,23569.5,15268.8,22.4,1.2
19.393,13,23497.5,14750.5,15.0,23491.1,14772.9,23.4,23512.5,14741.3,25.3,1.0
19.416,0,22855.7,15175.6,15.0,22847.1,15191.8,23.1,22905.6,15162.1,47.5,1.3
19.416,1,22923.1,15219.9,15.0,22917.4,15234.7,22.8,22972.6,15205.3,53.5,1.3
19.416,2,23669.8,13582.7,15.0,23658.1,13586.6,22.9,23685.5,13606.8,36.0,1.3
19.416,3,23646.1,13697.0,15.0,23631.5,13744.6,53.1,23660.5,13692.5,22.8,1.0
19.416,4,23473.5,14390.9,15.0,23463.7,14400.5,23.2,23489.0,14406.7,32.1,1.0
19.416,5,23558.1,13711.9,15.0,23543.3,13751.0,47.1,23570.8,13710.5,22.5,1.2
19.416,6,23117.0,15315.1,15.0,23111.6,15330.7,23.2,23168.3,15298.7,55.3,1.3
19.416,7,23682.6,13384.3,15.0,23666.6,13376.2,23.0,23696.3,13433.6,47.9,1.2
19.416,8,22597.1,15227.2,15.0,22608.9,15235.9,22.6,22608.9,15212.3,29.6,1.2
19.416,9,23681.4,13380.2,15.0,23672.8,13424.3,31.2,23699.4,13351.7,23.4,1.0
19.416,10,23492.8,13320.2,15.0,23476.9,13305.9,22.9,23500.1,13344.6,22.4,1.5
19.416,11,23592.1,14717.1,15.0,23574.2,14688.1,23.3,23600.6,14754.1,25.9,0.9
19.416,12,23576.4,15278.7,15.0,23604.1,15272.2,36.2,23570.6,15268.9,22.3,1.2
19.416,13,23497.4,14748.1,15.0,23491.6,14773.9,23.4,23511.8,14728.4,24.3,1.0
19.439,0,22852.7,15175.6,15.0,22845.7,15191.2,23.0,22902.9,15161.3,51.1,1.3
19.439,1,22920.1,15219.9,15.0,22915.9,15234.0,22.7,22966.7,15205.0,52.6,1.3
19.439,2,23669.8,13579.7,15.0,23659.2,13587.0,22.9,23685.7,13599.3,32.9,1.3
19.439,3,23646.1,13694.5,15.0,23631.3,13739.2,52.3,23659.7,13691.9,22.7,1.0
19.439,4,23473.5,14388.5,15.0,23464.7,14401.6,23.2,23489.0,14399.6,30.2,1.0
19.439,5,23558.1,13709.2,15.0,23543.5,13740.9,41.4,23570.0,13709.9,22.5,1.2
19.439,6,23114.1,15315.2,15.0,23110.2,15329.9,23.1,23162.2,15298.5,54.4,1.3
19.439,7,23682.6,13381.5,15.0,23667.3,13375.2,22.9,23697.2,13431.2,51.8,1.2
19.439,8,22594.3,15227.2,15.0,22609.9,15235.1,22.6,22599.1,15212.4,27.3,1.2
19.439,9,23681.4,13377.9,15.0,23671.9,13425.8,35.7,23699.7,13351.9,23.4,1.0
19.439,10,23492.8,13316.8,15.0,23476.6,13297.2,22.1,23499.9,13344.8,22.6,1.5
19.439,11,23592.0,14715.1,15.0,23573.7,14686.9,23.3,23601.1,14755.3,28.4,0.9
19.439,12,23574.1,15280.4,15.0,23598.4,15280.0,32.8,23572.3,15269.1,22.3,1.2
19.439,13,23497.3,14745.7,15.0,23491.8,14774.6,23.4,23511.6,14719.4,23.9,1.0
19.462,0,22849.8,15175.6,15.0,22844.4,15190.5,22.9,22899.5,15160.5,53.9,1.3
19.462,1,22917.3,15219.9,15.0,22914.9,15233.1,22.6,22958.6,15204.9,48.4,1.3
19.462,2,23669.8,13576.8,15.0,23660.2,13588.0,22.8,23685.8,13591.5,31.0,1.3
19.462,3,23646.1,13692.2,15.0,23631.3,13731.7,48.3,23658.9,13691.5,22.7,1.0
19.462,4,23473.5,14386.2,15.0,23465.5,14402.8,23.2,23488.8,14390.7,28.1,1.0
19.462,5,23558.1,13706.5,15.0,23543.8,13729.9,35.8,23569.0,13709.6,22.5,1.2
19.462,6,23111.2,15315.2,15.0,23109.3,15329.0,23.0,23152.6,15298.7,48.6,1.3
19.462,7,23682.6,13378.8,15.0,23668.0,13374.2,22.9,23697.7,13427.2,53.6,1.2
19.462,8,22591.6,15227.2,15.0,22610.9,15234.4,22.6,22587.4,15212.5,25.1,1.2
19.462,9,23681.4,13375.6,15.0,23670.8,13426.6,40.6,23699.8,13352.9,23.4,1.0
19.462,10,23492.8,13313.5,15.0,23476.0,13292.6,21.7,23500.0,13344.7,23.2,1.5
19.462,11,23592.0,14713.2,15.0,23573.4,14686.1,23.3,23601.8,14756.9,31.7,0.9
19.462,12,23571.7,15281.9,15.0,23592.3,15286.3,30.4,23574.3,15269.6,22.3,1.2
19.462,13,23497.2,14743.3,15.0,23491.8,14775.0,23.5,23511.9,14713.0,23.8,1.0
19.485,0,22846.9,15175.6,15.0,22843.0,15189.7,22.8,22893.6,15160.2,53.1,1.3
19.485,1,22914.4,15219.9,15.0,22914.0,15232.2,22.5,22948.3,15205.1,42.6,1.3
19.485,2,23669.8,13573.9,15.0,23661.1,13589.1,22.8,23685.7,13581.6,28.6,1.3
19.485,3,23646.1,13689.8,15.0,23631.5,13722.2,42.8,23658.0,13691.1,22.8,1.0
19.485,4,23473.4,14383.8,15.0,23466.2,14404.0,23.2,23488.5,14379.7,26.1,1.0
19.485,5,23558.1,13703.8,15.0,23543.8,13722.5,32.6,23568.0,13709.8,22.4,1.2
19.485,6,23108.3,15315.2,15.0,23108.6,15328.1,22.9,23141.7,15299.1,42.3,1.3
19.485,7,23682.6,13376.1,15.0,23668.8,13373.1,22.8,23698.0,13421.3,52.6,1.2
19.485,8,22588.9,15227.2,15.0,22611.7,15234.0,22.6,22574.4,15212.6,23.6,1.2
19.485,9,23681.4,13373.3,15.0,23669.9,13425.6,43.5,23699.7,13354.5,23.4,1.0
19.485,10,23492.8,13310.2,15.0,23475.5,13289.0,21.8,23500.4,13345.1,25.0,1.5
19.485,11,23591.9,14711.2,15.0,23573.2,14686.5,23.2,23602.6,14758.0,35.4,0.9
19.485,12,23569.2,15283.1,15.0,23585.2,15291.5,28.8,23576.6,15270.4,22.2,1.2
19.485,13,23497.1,14741.0,15.0,23491.6,14775.0,23.9,23512.4,14709.9,23.4,1.0
19.511,0,22843.6,15175.6,15.0,22841.6,15188.9,22.7,22884.0,15160.3,47.6,1.3
19.511,1,22911.1,15219.8,15.0,22913.2,15231.3,22.5,22936.9,15205.3,36.8,1.3
19.511,2,23669.8,13570.5,15.0,23661.9,13589.7,22.8,23685.5,13569.0,26.2,1.3
19.511,3,23646.1,13687.0,15.0,23631.8,13711.6,37.2,23657.1,13690.7,22.7,1.0
19.511,4,23473.4,14381.1,15.0,23466.7,14404.7,23.2,23488.2,14366.9,24.4,1.0
19.511,5,23558.1,13700.6,15.0,23543.7,13715.0,30.3,23567.1,13709.9,22.4,1.2
19.511,6,23104.9,15315.3,15.0,23107.9,15327.0,22.9,23129.7,15299.5,36.7,1.3
19.511,7,23682.6,13372.9,15.0,23669.6,13372.0,22.8,23697.8,13411.2,46.4,1.2
19.511,8,22585.8,15227.2,15.0,22611.8,15233.7,22.6,22564.4,15212.4,22.9,1.2
19.511,9,23681.4,13370.6,15.0,23668.9,13423.4,45.5,23699.4,13355.4,23.4,1.0
19.511,10,23492.8,13306.4,15.0,23475.1,13285.4,22.1,23501.0,13345.8,27.9,1.5
19.511,11,23591.8,14709.0,15.0,23573.1,14686.9,23.3,23603.5,14758.3,39.5,0.9
19.511,12,23566.2,15284.1,15.0,23573.5,15296.8,26.3,23578.7,15272.0,22.2,1.2
19.511,13,23497.0,14738.2,15.0,23491.2,14775.3,25.5,23512.9,14707.4,23.4,1.0
19.540,0,22839.9,15175.5,15.0,22840.4,15187.8,22.6,22871.4,15160.5,40.6,1.3
19.540,1,22907.4,15219.8,15.0,22912.9,15230.1,22.4,22927.4,15205.2,32.9,1.3
19.540,2,23669.8,13566.8,15.0,23662.5,13590.5,22.8,23685.4,13552.8,23.9,1.3
19.540,3,23646.1,13683.9,15.0,23631.8,13702.1,33.0,23656.1,13690.8,22.7,1.0
19.540,4,23473.4,14378.1,15.0,23467.0,14405.3,23.2,23488.1,14354.4,23.8,1.0
19.540,5,23558.1,13697.2,15.0,23543.6,13705.8,28.2,23566.1,13710.5,22.4,1.2
19.540,6,23101.2,15315.3,15.0,23107.9,15325.8,22.8,23120.9,15299.5,33.1,1.3
19.540,7,23682.6,13369.4,15.0,23670.7,13371.1,22.7,23697.5,13398.6,39.5,1.2
19.540,8,22582.3,15227.2,15.0,22611.6,15233.7,22.9,22556.7,15211.9,22.7,1.2
19.540,9,23681.4,13367.6,15.0,23667.9,13420.0,46.7,23698.9,13356.1,23.4,1.0
19.540,10,23492.8,13302.1,15.0,23474.7,13282.2,22.5,23502.0,13347.4,33.2,1.5
19.540,11,23591.8,14706.5,15.0,23573.2,14688.1,23.2,23604.4,14757.2,42.5,0.9
19.540,12,23562.6,15284.8,15.0,23557.9,15300.2,23.9,23580.8,15274.3,22.2,1.2
19.540,13,23496.9,14735.2,15.0,23490.6,14776.6,28.7,23513.4,14705.4,23.4,1.0
19.565,0,22836.8,15175.5,15.0,22840.8,15186.5,22.5,22859.3,15160.7,34.7,1.3
19.565,1,22904.3,15219.8,15.0,22914.3,15228.9,22.3,22918.6,15205.0,30.1,1.3
19.565,2,23669.8,13563.6,15.0,23662.8,13591.8,22.9,23685.7,13541.0,22.9,1.3
19.565,3,23646.1,13681.4,15.0,23631.7,13693.9,30.1,23654.9,13692.2,22.7,1.0
19.565,4,23473.3,14375.5,15.0,23467.1,14406.4,23.3,23488.5,14346.2,23.7,1.0
19.565,5,23558.1,13694.3,15.0,23543.8,13692.4,25.4,23565.2,13712.2,22.4,1.2
19.565,6,23098.1,15315.3,15.0,23109.6,15324.5,22.7,23111.8,15299.5,30.5,1.3
19.565,7,23682.6,13366.5,15.0,23672.0,13371.7,22.6,23697.4,13387.3,34.0,1.2
19.565,8,22579.4,15227.2,15.0,22612.1,15234.0,23.9,22553.2,15211.2,22.3,1.2
19.565,9,23681.4,13365.2,15.0,23666.9,13416.9,49.9,23698.3,13356.5,23.4,1.0
19.565,10,23492.8,13298.6,15.0,23474.6,13282.0,23.2,23503.5,13349.0,39.9,1.5
19.565,11,23591.7,14704.4,15.0,23573.5,14689.8,23.2,23605.3,14755.8,44.7,0.9
19.565,12,23559.6,15285.1,15.0,23542.7,15300.8,22.7,23583.1,15276.6,22.3,1.2
19.565,13,23496.8,14732.6,15.0,23489.5,14779.4,34.1,23513.9,14705.1,23.4,1.0
19.586,0,22834.0,15175.5,15.0,22841.5,15185.4,22.5,22851.9,15160.5,31.7,1.3
19.586,1,22901.6,15219.8,15.0,22915.4,15228.0,22.3,22909.4,15205.0,27.9,1.3
19.586,2,23669.8,13560.8,15.0,23662.7,13592.2,23.3,23686.3,13535.7,22.5,1.3
19.586,3,23646.1,13679.1,15.0,23631.6,13686.4,28.2,23654.0,13693.5,22.8,1.0
19.586,4,23473.3,14373.3,15.0,23466.9,14406.6,23.7,23489.1,14343.2,23.3,1.0
19.586,5,23558.1,13691.7,15.0,23544.0,13679.3,23.5,23564.7,13713.3,22.4,1.2
19.586,6,23095.3,15315.4,15.0,23111.0,15323.6,22.7,23101.2,15299.7,27.9,1.3
19.586,7,23682.6,13363.8,15.0,23673.0,13372.6,22.6,23697.5,13379.9,31.2,1.2
19.586,8,22576.8,15227.2,15.0,22613.0,15234.5,25.9,22550.9,15210.6,22.4,1.2
19.586,9,23681.4,13362.9,15.0,23666.1,13415.0,53.8,23697.6,13356.5,23.4,1.0
19.586,10,23492.8,13295.4,15.0,23474.8,13281.9,23.5,23504.7,13347.9,43.5,1.5
19.586,11,23591.6,14702.6,15.0,23573.9,14690.8,23.2,23606.0,14753.6,45.6,0.9
19.586,12,23557.0,15285.0,15.0,23533.2,15299.3,22.4,23584.3,15279.1,22.4,1.2
19.586,13,23496.7,14730.3,15.0,23488.4,14780.8,39.5,23514.2,14706.4,23.4,1.0
19.609,0,22831.1,15175.5,15.0,22842.1,15184.5,22.4,22844.5,15160.4,30.0,1.3
19.609,1,22898.7,15219.8,15.0,22916.1,15227.3,22.3,22898.5,15205.1,25.8,1.3
19.609,2,23669.8,13557.9,15.0,23662.5,13592.3,24.3,23686.8,13532.3,22.4,1.3
19.609,3,23646.1,13676.7,15.0,23631.8,13676.2,26.1,23653.4,13694.3,22.7,1.0
19.609,4,23473.3,14370.9,15.0,23466.6,14407.0,25.2,23489.7,14341.1,23.2,1.0
19.609,5,23558.1,13689.0,15.0,23543.9,13669.4,22.8,23564.4,13713.7,22.4,1.2
19.609,6,23092.4,15315.4,15.0,23111.9,15322.9,22.7,23089.4,15299.9,25.7,1.3
19.609,7,23682.6,13361.1,15.0,23673.9,13373.3,22.6,23697.6,13372.7,29.5,1.2
19.609,8,22574.1,15227.2,15.0,22614.6,15235.2,29.6,22549.3,15210.2,22.5,1.2
19.609,9,23681.4,13360.6,15.0,23665.5,13411.9,56.3,23696.9,13356.1,23.4,1.0
19.609,10,23492.8,13292.1,15.0,23475.1,13280.9,23.7,23505.7,13345.1,45.1,1.5
19.609,11,23591.6,14700.6,15.0,23574.3,14690.9,23.3,23606.6,14751.3,47.1,0.9
19.609,12,23554.2,15284.7,15.0,23528.2,15296.9,22.0,23584.3,15281.8,22.8,1.2
19.609,13,23496.7,14727.9,15.0,23487.4,14780.0,42.7,23514.2,14707.8,23.3,1.0
19.632,0,22828.2,15175.5,15.0,22843.0,15183.7,22.4,22834.7,15160.4,27.6,1.3
19.632,1,22895.8,15219.8,15.0,22916.9,15226.8,22.3,22885.6,15205.2,23.7,1.3
19.632,2,23669.8,13555.0,15.0,23662.0,13592.9,26.4,23687.4,13529.5,22.5,1.3
19.632,3,23646.1,13674.3,15.0,23632.0,13664.6,24.3,23652.8,13695.3,22.7,1.0
19.632,4,23473.3,14368.5,15.0,23466.0,14408.1,27.6,23490.2,14339.4,23.2,1.0
19.632,5,23558.1,13686.3,15.0,23543.5,13661.6,22.6,23564.3,13713.9,22.5,1.2
19.632,6,23089.5,15315.4,15.0,23112.8,15322.4,22.7,23075.8,15300.2,23.8,1.3
19.632,7,23682.6,13358.3,15.0,23674.7,13374.3,22.6,23697.5,13362.4,27.1,1.2
19.632,8,22571.4,15227.2,15.0,22616.0,15236.1,34.0,22548.6,15209.9,22.6,1.2
19.632,9,23681.4,13358.3,15.0,23665.2,13406.5,55.4,23696.1,13355.7,23.4,1.0
19.632,10,23492.8,13288.8,15.0,23475.5,13279.3,23.6,23506.7,13341.8,46.9,1.5
19.632,11,23591.5,14698.7,15.0,23574.8,14690.8,23.3,23607.1,14748.9,49.2,0.9
19.632,12,23551.4,15284.1,15.0,23524.1,15294.0,22.0,23584.7,15284.6,24.2,1.2
19.632,13,23496.6,14725.5,15.0,23486.3,14778.4,45.1,23514.0,14709.2,23.4,1.0
19.655,0,22825.3,15175.5,15.0,22843.9,15183.0,22.4,22822.9,15160.6,25.4,1.3
19.655,1,22892.9,15219.8,15.0,22917.4,15226.5,22.4,22874.9,15205.0,22.8,1.3
19.655,2,23669.8,13552.0,15.0,23661.2,13595.0,30.4,23687.8,13527.6,22.7,1.3
19.655,3,23646.1,13671.9,15.0,23632.0,13652.6,23.6,23652.4,13696.1,22.8,1.0
19.655,4,23473.2,14366.2,15.0,23465.3,14410.0,31.5,23490.6,14338.4,23.2,1.0
19.655,5,23558.1,13683.6,15.0,23543.0,13658.1,22.2,23564.4,13713.6,22.9,1.2
19.655,6,23086.6,15315.5,15.0,23113.4,15322.1,22.8,23065.9,15300.1,23.0,1.3
19.655,7,23682.6,13355.6,15.0,23675.4,13375.2,22.6,23697.3,13350.6,24.9,1.2
19.655,8,22568.7,15227.2,15.0,22616.5,15237.2,38.9,22549.0,15209.8,22.8,1.2
19.655,9,23681.4,13356.0,15.0,23665.3,13398.4,50.6,23695.2,13355.4,23.4,1.0
19.655,10,23492.8,13285.5,15.0,23476.0,13277.1,23.5,23507.6,13338.3,49.8,1.5
19.655,11,23591.5,14696.8,15.0,23575.3,14690.5,23.3,23607.7,14747.2,52.2,0.9
19.655,12,23548.8,15283.2,15.0,23520.9,15290.9,22.1,23585.4,15287.8,26.5,1.2
19.655,13,23496.5,14723.2,15.0,23485.3,14775.7,46.0,23513.6,14710.2,23.4,1.0
19.681,0,22822.1,15175.5,15.0,22844.4,15182.5,22.5,22809.4,15160.6,23.6,1.3
19.681,1,22889.7,15219.7,15.0,22917.3,15226.3,22.5,22866.5,15204.6,22.4,1.3
19.681,2,23669.8,13548.8,15.0,23660.2,13596.2,35.2,23688.1,13526.3,22.9,1.3
19.681,3,23646.1,13669.2,15.0,23631.8,13644.4,23.2,23652.3,13696.2,22.7,1.0
19.681,4,23473.2,14363.6,15.0,23464.3,14411.0,36.1,23490.9,14338.6,23.2,1.0
19.681,5,23558.1,13680.6,15.0,23542.4,13655.1,22.2,23564.8,13713.5,24.3,1.2
19.681,6,23083.3,15315.5,15.0,23113.3,15322.1,23.0,23058.6,15299.7,22.6,1.3
19.681,7,23682.6,13352.6,15.0,23675.8,13375.8,22.6,23697.2,13337.2,23.6,1.2
19.681,8,22565.6,15227.2,15.0,22615.0,15238.2,41.9,22549.6,15210.0,22.9,1.2
19.681,9,23681.4,13353.4,15.0,23665.5,13388.3,44.9,23694.3,13355.0,23.4,1.0
19.681,10,23492.8,13281.8,15.0,23476.6,13274.4,23.3,23508.5,13335.3,54.0,1.5
19.681,11,23591.4,14694.6,15.0,23575.9,14690.0,23.3,23608.3,14745.2,55.6,0.9
19.681,12,23545.9,15281.9,15.0,23518.1,15287.1,22.2,23586.1,15291.8,30.4,1.2
19.681,13,23496.4,14720.5,15.0,23484.3,14772.7,48.2,23513.1,14710.1,23.4,1.0
19.701,0,22819.4,15175.5,15.0,22845.5,15182.2,22.5,22799.2,15160.4,22.7,1.3
19.701,1,22887.1,15219.7,15.0,22917.6,15226.5,23.0,22862.8,15204.0,22.0,1.3
19.701,2,23669.8,13546.1,15.0,23659.0,13597.3,40.8,23688.2,13527.1,23.3,1.3
19.701,3,23646.1,13667.0,15.0,23631.3,13639.3,23.1,23652.3,13696.8,23.0,1.0
19.701,4,23473.2,14361.4,15.0,23463.1,14411.8,40.9,23491.0,14340.3,23.2,1.0
19.701,5,23558.1,13678.1,15.0,23541.9,13653.3,22.3,23565.4,13715.1,27.0,1.2
19.701,6,23080.7,15315.5,15.0,23113.8,15322.3,23.7,23055.0,15299.1,22.3,1.3
19.701,7,23682.6,13350.1,15.0,23676.1,13376.8,22.6,23697.4,13327.6,22.9,1.2
19.701,8,22563.2,15227.2,15.0,22612.8,15239.2,43.8,22550.6,15210.3,23.0,1.2
19.701,9,23681.4,13351.3,15.0,23665.8,13377.0,38.4,23693.3,13355.7,23.4,1.0
19.701,10,23492.8,13278.8,15.0,23477.3,13272.5,23.0,23509.1,13330.2,55.0,1.5
19.701,11,23591.4,14692.8,15.0,23576.6,14690.0,23.2,23608.4,14740.7,54.9,0.9
19.701,12,23543.7,15280.6,15.0,23518.0,15284.9,22.4,23586.9,15295.4,35.6,1.2
19.701,13,23496.3,14718.3,15.0,23483.3,14770.3,51.7,23512.4,14710.4,23.4,1.0
19.723,0,22816.6,15175.5,15.0,22845.4,15182.2,22.8,22792.9,15160.0,22.4,1.3
19.723,1,22884.3,15219.7,15.0,22917.7,15226.8,24.5,22860.0,15203.5,22.0,1.3
19.723,2,23669.8,13543.3,15.0,23657.9,13596.0,43.8,23688.0,13527.6,23.5,1.3
19.723,3,23646.1,13664.7,15.0,23630.7,13636.5,22.8,23652.5,13696.5,23.4,1.0
19.723,4,23473.2,14359.1,15.0,23462.2,14410.7,43.6,23490.8,14341.6,23.2,1.0
19.723,5,23558.1,13675.5,15.0,23541.5,13651.7,22.4,23566.1,13716.4,30.6,1.2
19.723,6,23077.9,15315.5,15.0,23114.2,15322.7,25.5,23052.4,15298.6,22.4,1.3
19.723,7,23682.6,13347.4,15.0,23676.1,13376.7,22.9,23697.9,13322.0,22.6,1.2
19.723,8,22560.5,15227.1,15.0,22609.9,15240.0,45.0,22550.4,15210.7,23.0,1.2
19.723,9,23681.4,13349.1,15.0,23665.8,13369.5,35.1,23692.4,13356.1,23.4,1.0
19.723,10,23492.8,13275.6,15.0,23478.1,13270.7,22.9,23509.3,13323.2,52.6,1.5
19.723,11,23591.3,14691.0,15.0,23577.2,14689.5,23.3,23608.4,14736.2,53.7,0.9
19.723,12,23541.4,15279.1,15.0,23517.9,15284.2,22.5,23586.5,15295.6,39.2,1.2
19.723,13,23496.2,14716.0,15.0,23482.5,14768.3,55.4,23511.8,14710.0,23.4,1.0
19.747,0,22813.7,15175.5,15.0,22845.0,15182.3,23.2,22789.1,15159.4,22.0,1.3
19.747,1,22881.4,15219.7,15.0,22918.4,15227.3,26.9,22857.5,15203.0,22.1,1.3
19.747,2,23669.8,13540.3,15.0,23657.0,13593.4,45.5,23687.7,13527.5,23.5,1.3
19.747,3,23646.1,13662.3,15.0,23630.2,13634.5,22.8,23652.9,13696.9,25.0,1.0
19.747,4,23473.1,14356.7,15.0,23461.3,14408.3,45.0,23490.5,14342.5,23.2,1.0
19.747,5,23558.1,13672.8,15.0,23541.3,13651.5,22.4,23567.0,13717.2,35.0,1.2
19.747,6,23074.9,15315.6,15.0,23115.5,15323.3,28.7,23050.1,15298.2,22.5,1.3
19.747,7,23682.6,13344.6,15.0,23675.9,13376.4,23.3,23698.4,13318.4,22.3,1.2
19.747,8,22557.8,15227.1,15.0,22606.8,15240.8,47.5,22549.6,15211.2,23.0,1.2
19.747,9,23681.4,13346.7,15.0,23665.7,13362.8,32.3,23691.4,13356.7,23.4,1.0
19.747,10,23492.8,13272.2,15.0,23479.0,13269.1,22.7,23509.1,13312.6,46.4,1.5
19.747,11,23591.3,14689.0,15.0,23577.9,14689.2,23.2,23608.0,14728.7,48.8,0.9
19.747,12,23539.0,15277.6,15.0,23518.4,15284.4,22.7,23585.8,15293.7,42.0,1.2
19.747,13,23496.1,14713.6,15.0,23481.9,14763.5,55.5,23511.0,14709.6,23.4,1.0
19.769,0,22810.9,15175.4,15.0,22845.6,15182.7,25.1,22786.4,15158.9,22.1,1.3
19.769,1,22878.5,15219.7,15.0,22920.2,15228.1,30.9,22855.7,15202.6,22.3,1.3
19.769,2,23669.8,13537.4,15.0,23656.0,13590.3,47.1,23687.2,13527.1,23.6,1.3
19.769,3,23646.1,13659.9,15.0,23629.7,13633.0,22.8,23653.5,13698.2,27.8,1.0
19.769,4,23473.1,14354.4,15.0,23460.4,14405.6,46.2,23490.1,14343.2,23.2,1.0
19.769,5,23558.1,13670.1,15.0,23541.3,13652.1,22.6,23568.0,13717.1,39.2,1.2
19.769,6,23072.1,15315.6,15.0,23117.4,15324.2,33.2,23048.6,15297.8,22.7,1.3
19.769,7,23682.6,13341.9,15.0,23675.5,13377.0,25.2,23699.0,13316.0,22.4,1.2
19.769,8,22555.1,15227.1,15.0,22604.4,15241.6,51.2,22548.7,15211.8,22.9,1.2
19.769,9,23681.4,13344.5,15.0,23665.6,13355.7,30.5,23690.5,13358.0,23.4,1.0
19.769,10,23492.8,13269.0,15.0,23480.0,13268.2,22.6,23508.8,13301.1,39.9,1.5
19.769,11,23591.2,14687.1,15.0,23578.6,14689.1,23.3,23607.6,14720.5,44.0,0.9
19.769,12,23536.6,15276.2,15.0,23518.7,15284.2,22.8,23583.9,15291.1,43.1,1.2
19.769,13,23496.1,14711.3,15.0,23481.5,14756.9,53.1,23510.2,14709.3,23.4,1.0
19.792,0,22807.9,15175.4,15.0,22846.8,15183.3,28.0,22784.1,15158.4,22.3,1.3
19.792,1,22875.6,15219.7,15.0,22921.1,15229.1,35.6,22855.4,15202.5,22.5,1.3
19.792,2,23669.8,13534.4,15.0,23655.1,13587.0,49.8,23686.7,13525.9,23.5,1.3
19.792,3,23646.1,13657.5,15.0,23629.3,13632.0,22.8,23654.3,13699.7,31.7,1.0
19.792,4,23473.1,14352.0,15.0,23459.6,14402.8,48.6,23489.6,14343.1,23.2,1.0
19.792,5,23558.1,13667.4,15.0,23541.5,13652.9,22.7,23569.0,13715.7,42.1,1.2
19.792,6,23069.1,15315.6,15.0,23118.3,15325.3,38.3,23048.6,15297.7,23.0,1.3
19.792,7,23682.6,13339.2,15.0,23674.9,13378.3,28.2,23699.4,13314.0,22.5,1.2
19.792,8,22552.4,15227.1,15.0,22600.8,15242.2,53.6,22547.6,15212.5,22.8,1.2
19.792,9,23681.4,13342.1,15.0,23665.7,13346.9,28.4,23689.7,13359.2,23.4,1.0
19.792,10,23492.8,13265.6,15.0,23481.0,13267.9,22.5,23508.7,13291.2,35.6,1.5
19.792,11,23591.2,14685.1,15.0,23579.4,14689.1,23.2,23607.2,14711.9,39.2,0.9
19.792,12,23534.2,15274.8,15.0,23518.3,15283.6,22.7,23581.8,15288.5,44.9,1.2
19.792,13,23496.0,14708.8,15.0,23481.4,14747.2,47.1,23509.3,14709.0,23.4,1.0
19.815,0,22805.1,15175.4,15.0,22848.5,15184.2,32.3,22782.5,15158.1,22.5,1.3
19.815,1,22872.8,15219.7,15.0,22920.9,15230.2,39.8,22855.7,15202.5,22.7,1.3
19.815,2,23669.8,13531.6,15.0,23654.2,13584.6,53.9,23686.1,13524.5,23.4,1.3
19.815,3,23646.1,13655.1,15.0,23629.1,13632.7,22.7,23655.2,13700.7,36.3,1.0
19.815,4,23473.1,14349.7,15.0,23458.8,14400.6,52.2,23488.9,14342.9,23.2,1.0
19.815,5,23558.1,13664.7,15.0,23541.8,13653.1,22.7,23569.9,13712.9,43.1,1.2
19.815,6,23066.3,15315.6,15.0,23117.6,15326.4,42.1,23049.2,15297.8,23.2,1.3
19.815,7,23682.6,13336.5,15.0,23674.0,13380.0,32.5,23699.8,13312.8,22.6,1.2
19.815,8,22549.7,15227.1,15.0,22595.1,15242.5,52.7,22546.7,15213.3,22.8,1.2
19.815,9,23681.4,13339.9,15.0,23665.9,13335.8,26.4,23689.0,13360.5,23.4,1.0
19.815,10,23492.8,13262.4,15.0,23482.1,13268.1,22.4,23508.9,13283.6,32.8,1.5
19.815,11,23591.1,14683.2,15.0,23580.2,14689.4,23.2,23606.8,14704.1,35.6,0.9
19.815,12,23531.8,15273.4,15.0,23517.8,15282.7,22.7,23579.7,15285.9,47.6,1.2
19.815,13,23495.9,14706.5,15.0,23481.3,14736.7,41.0,23508.3,14709.2,23.4,1.0
19.837,0,22802.2,15175.4,15.0,22849.3,15185.2,37.2,22782.4,15157.9,22.7,1.3
19.837,1,22869.9,15219.7,15.0,22919.4,15231.2,42.7,22856.1,15202.7,22.9,1.3
19.837,2,23669.8,13528.6,15.0,23653.6,13580.5,55.8,23685.4,13523.2,23.3,1.3
19.837,3,23646.1,13652.7,15.0,23629.1,13633.7,22.7,23656.2,13700.3,39.9,1.0
19.837,4,23473.0,14347.3,15.0,23458.1,14397.9,55.5,23488.2,14342.5,23.2,1.0
19.837,5,23558.1,13662.0,15.0,23542.3,13652.7,22.7,23570.7,13709.9,44.8,1.2
19.837,6,23063.4,15315.7,15.0,23115.7,15327.5,44.6,23049.5,15298.0,23.4,1.3
19.837,7,23682.6,13333.7,15.0,23673.0,13380.8,37.3,23700.0,13313.0,22.7,1.2
19.837,8,22547.0,15227.1,15.0,22586.0,15242.4,47.1,22545.9,15214.1,22.7,1.2
19.837,9,23681.4,13337.5,15.0,23666.0,13323.5,24.7,23688.5,13361.6,23.4,1.0
19.837,10,23492.8,13259.0,15.0,23483.1,13268.8,22.3,23508.9,13275.7,31.1,1.5
19.837,11,23591.1,14681.3,15.0,23581.0,14689.9,23.2,23606.8,14698.6,33.1,0.9
19.837,12,23529.4,15271.9,15.0,23517.1,15281.7,22.6,23578.1,15283.7,51.4,1.2
19.837,13,23495.8,14704.1,15.0,23481.2,14726.6,36.1,23507.3,14709.5,23.4,1.0
19.861,0,22799.3,15175.4,15.0,22848.6,15186.3,40.9,22782.7,15158.0,22.9,1.3
19.861,1,22867.0,15219.6,15.0,22916.4,15232.0,43.8,22855.9,15203.0,23.0,1.3
19.861,2,23669.8,13525.7,15.0,23653.3,13574.2,54.8,23684.6,13521.9,23.2,1.3
19.861,3,23646.1,13650.3,15.0,23629.3,13635.0,22.8,23657.2,13699.0,42.6,1.0
19.861,4,23473.0,14344.9,15.0,23457.7,14392.5,54.6,23487.4,14342.0,23.2,1.0
19.861,5,23558.1,13659.3,15.0,23542.8,13651.9,22.7,23571.5,13706.8,47.4,1.2
19.861,6,23060.4,15315.7,15.0,23112.6,15328.4,45.7,23049.3,15298.4,23.4,1.3
19.861,7,23682.6,13331.0,15.0,23671.9,13380.0,40.9,23699.9,13313.7,22.9,1.2
19.861,8,22544.3,15227.1,15.0,22575.6,15242.1,41.2,22545.4,15215.0,22.7,1.2
19.861,9,23681.4,13335.2,15.0,23666.0,13312.4,24.2,23688.2,13362.4,23.4,1.0
19.861,10,23492.8,13255.7,15.0,23484.1,13269.6,22.2,23508.8,13265.1,28.5,1.5
19.861,11,23591.0,14679.3,15.0,23581.8,14690.6,23.2,23606.7,14692.9,31.2,0.9
19.861,12,23526.9,15270.5,15.0,23516.3,15280.5,22.5,23574.2,15280.7,52.0,1.2
19.861,13,23495.8,14701.7,15.0,23480.8,14719.7,33.1,23506.4,14710.2,23.4,1.0
19.887,0,22795.9,15175.4,15.0,22846.2,15187.3,43.5,22782.6,15158.2,23.1,1.3
19.887,1,22863.6,15219.6,15.0,22912.8,15232.9,45.8,22854.6,15203.5,23.0,1.3
19.887,2,23669.8,13522.3,15.0,23653.5,13563.3,48.1,23683.6,13520.4,23.1,1.3
19.887,3,23646.1,13647.5,15.0,23629.7,13635.3,22.7,23658.0,13695.8,43.5,1.0
19.887,4,23473.0,14342.2,15.0,23457.7,14384.4,50.3,23486.6,14341.3,23.2,1.0
19.887,5,23558.1,13656.1,15.0,23543.4,13650.4,22.7,23572.3,13704.1,51.4,1.2
19.887,6,23057.0,15315.7,15.0,23109.0,15329.4,48.2,23047.8,15298.9,23.4,1.3
19.887,7,23682.6,13327.8,15.0,23670.9,13377.8,43.4,23699.7,13313.9,23.0,1.2
19.887,8,22541.1,15227.1,15.0,22563.9,15241.8,35.7,22544.7,15216.0,22.7,1.2
19.887,9,23681.4,13332.5,15.0,23665.7,13303.9,24.0,23688.1,13362.7,23.4,1.0
19.887,10,23492.8,13251.8,15.0,23484.8,13269.9,22.2,23508.7,13252.0,25.8,1.5
19.887,11,23591.0,14677.0,15.0,23582.5,14691.3,23.2,23606.6,14686.6,29.8,0.9
19.887,12,23524.1,15268.9,15.0,23515.4,15279.1,22.5,23568.1,15276.7,49.6,1.2
19.887,13,23495.7,14698.9,15.0,23480.5,14712.0,30.9,23505.4,14711.0,23.3,1.0
19.916,0,22792.3,15175.4,15.0,22842.5,15188.4,44.8,22782.1,15158.7,23.2,1.3
19.916,1,22860.1,15219.6,15.0,22909.1,15233.9,49.3,22852.9,15204.1,22.9,1.3
19.916,2,23669.8,13518.6,15.0,23653.8,13550.0,40.7,23682.5,13519.7,23.0,1.3
19.916,3,23646.1,13644.5,15.0,23630.2,13635.3,22.7,23658.9,13692.4,45.6,1.0
19.916,4,23473.0,14339.3,15.0,23457.8,14372.7,43.5,23485.5,14340.9,23.2,1.0
19.916,5,23558.1,13652.8,15.0,23544.2,13649.0,22.6,23572.8,13698.4,52.0,1.2
19.916,6,23053.4,15315.7,15.0,23105.6,15330.4,52.4,23046.1,15299.6,23.3,1.3
19.916,7,23682.6,13324.4,15.0,23669.9,13374.1,44.6,23699.2,13313.9,23.0,1.2
19.916,8,22537.7,15227.1,15.0,22555.6,15241.9,32.2,22545.0,15217.2,22.6,1.2
19.916,9,23681.4,13329.6,15.0,23665.0,13299.3,23.7,23688.2,13362.7,23.8,1.0
19.916,10,23492.8,13247.7,15.0,23485.4,13270.6,22.4,23508.6,13236.1,23.4,1.5
19.916,11,23590.9,14674.6,15.0,23583.3,14692.3,23.2,23606.2,14677.0,27.6,0.9
19.916,12,23521.0,15267.2,15.0,23514.9,15277.7,22.4,23557.7,15270.8,42.9,1.2
19.916,13,23495.6,14696.0,15.0,23480.2,14701.8,28.5,23504.4,14712.3,23.3,1.0
19.939,0,22789.3,15175.4,15.0,22839.1,15189.4,48.0,22781.2,15159.3,23.1,1.3
19.939,1,22857.1,15219.6,15.0,22906.0,15234.7,53.3,22851.8,15204.9,22.8,1.3
19.939,2,23669.8,13515.6,15.0,23653.9,13538.6,35.1,23681.2,13520.4,22.9,1.3
19.939,3,23646.1,13642.1,15.0,23630.9,13635.4,22.8,23659.8,13689.7,49.2,1.0
19.939,4,23472.9,14336.8,15.0,23458.1,14359.7,36.6,23484.4,14341.6,23.2,1.0
19.939,5,23558.1,13650.0,15.0,23545.2,13648.5,22.5,23572.9,13689.7,47.7,1.2
19.939,6,23050.5,15315.8,15.0,23101.3,15331.3,55.1,23045.1,15300.5,23.2,1.3
19.939,7,23682.6,13321.6,15.0,23668.9,13370.8,47.8,23698.6,13313.4,23.0,1.2
19.939,8,22534.9,15227.1,15.0,22547.1,15242.0,29.7,22546.6,15218.4,22.6,1.2
19.939,9,23681.4,13327.3,15.0,23664.3,13296.8,23.4,23688.6,13363.7,25.2,1.0
19.939,10,23492.8,13244.3,15.0,23485.7,13271.8,22.5,23508.9,13224.8,22.2,1.5
19.939,11,23590.8,14672.6,15.0,23584.0,14693.9,23.2,23605.8,14665.9,25.6,0.9
19.939,12,23518.5,15265.9,15.0,23515.6,15276.8,22.3,23546.5,15264.8,35.9,1.2
19.939,13,23495.5,14693.5,15.0,23480.0,14688.2,25.9,23503.6,14714.4,23.4,1.0
19.962,0,22786.3,15175.4,15.0,22836.6,15190.3,52.0,22779.8,15159.9,23.0,1.3
19.962,1,22854.2,15219.6,15.0,22900.0,15235.0,52.4,22850.5,15205.6,22.7,1.3
19.962,2,23669.8,13512.6,15.0,23653.8,13530.9,32.3,23680.1,13520.9,22.8,1.3
19.962,3,23646.1,13639.6,15.0,23631.6,13634.9,22.8,23660.6,13687.5,53.1,1.0
19.962,4,23472.9,14334.4,15.0,23457.9,14352.8,33.5,23483.4,14342.3,23.2,1.0
19.962,5,23558.1,13647.3,15.0,23546.1,13647.8,22.5,23572.6,13679.5,41.9,1.2
19.962,6,23047.5,15315.8,15.0,23094.8,15331.6,53.6,23043.9,15301.3,23.1,1.3
19.962,7,23682.6,13318.8,15.0,23668.0,13368.4,51.7,23697.9,13312.4,22.9,1.2
19.962,8,22532.2,15227.1,15.0,22537.4,15241.9,27.4,22547.5,15219.2,22.6,1.2
19.962,9,23681.4,13324.9,15.0,23663.7,13295.0,23.4,23689.1,13364.6,27.3,1.0
19.962,10,23492.8,13240.9,15.0,23485.6,13271.6,23.1,23509.5,13220.2,21.8,1.5
19.962,11,23590.8,14670.6,15.0,23584.4,14694.7,23.2,23605.4,14655.2,24.3,0.9
19.962,12,23516.0,15264.5,15.0,23516.2,15276.0,22.3,23539.7,15260.9,32.6,1.2
19.962,13,23495.4,14691.1,15.0,23479.8,14674.9,24.4,23503.2,14715.6,23.4,1.0
19.985,0,22783.4,15175.4,15.0,22832.3,15190.8,53.7,22778.4,15160.6,22.9,1.3
19.985,1,22851.3,15219.6,15.0,22891.0,15234.9,47.2,22849.3,15206.5,22.6,1.3
19.985,2,23669.8,13509.7,15.0,23653.7,13522.9,30.5,23679.0,13522.0,22.8,1.3
19.985,3,23646.1,13637.2,15.0,23632.4,13634.4,22.7,23660.9,13682.2,52.3,1.0
19.985,4,23472.9,14332.0,15.0,23457.7,14345.7,31.1,23482.4,14343.3,23.2,1.0
19.985,5,23558.1,13644.5,15.0,23547.1,13647.5,22.5,23572.3,13668.5,36.1,1.2
19.985,6,23044.5,15315.8,15.0,23084.3,15331.5,47.1,23042.9,15302.3,22.9,1.3
19.985,7,23682.6,13316.0,15.0,23667.4,13364.4,53.6,23697.2,13311.4,22.9,1.2
19.985,8,22529.4,15227.1,15.0,22525.6,15241.8,25.3,22548.6,15219.9,22.6,1.2
19.985,9,23681.4,13322.6,15.0,23663.3,13294.1,23.4,23689.9,13366.7,31.2,1.0
19.985,10,23492.8,13237.6,15.0,23485.3,13272.0,24.7,23510.0,13216.4,21.8,1.5
19.985,11,23590.8,14668.7,15.0,23584.7,14695.5,23.2,23605.2,14646.1,24.0,0.9
19.985,12,23513.5,15263.2,15.0,23517.2,15275.4,22.2,23533.3,15257.3,30.2,1.2
19.985,13,23495.4,14688.7,15.0,23479.4,14664.7,24.0,23502.9,14716.4,23.4,1.0
20.008,0,22780.6,15175.4,15.0,22826.1,15191.1,52.3,22777.3,15161.4,22.8,1.3
20.008,1,22848.5,15219.6,15.0,22880.6,15234.6,41.2,22848.8,15207.4,22.5,1.3
20.008,2,23669.8,13506.8,15.0,23653.9,13511.9,27.8,23678.2,13523.2,22.8,1.3
20.008,3,23646.1,13634.9,15.0,23633.2,13634.0,22.7,23660.9,13675.1,48.9,1.0
20.008,4,23472.9,14329.7,15.0,23457.6,14338.6,29.4,23481.5,14344.5,23.2,1.0
20.008,5,23558.1,13641.9,15.0,23548.1,13647.8,22.4,23572.4,13660.9,32.7,1.2
20.008,6,23041.7,15315.8,15.0,23073.2,15331.3,40.7,23042.6,15303.3,22.9,1.3
20.008,7,23682.6,13313.3,15.0,23667.2,13358.5,52.6,23696.4,13310.4,22.8,1.2
20.008,8,22526.8,15227.1,15.0,22512.6,15241.6,23.6,22549.5,15220.4,22.6,1.2
20.008,9,23681.4,13320.3,15.0,23663.0,13294.4,23.4,23690.8,13368.3,35.8,1.0
20.008,10,23492.8,13234.4,15.0,23484.8,13273.1,27.4,23510.5,13213.2,22.1,1.5
20.008,11,23590.7,14666.8,15.0,23584.8,14696.0,23.2,23605.3,14639.4,23.8,0.9
20.008,12,23511.1,15261.9,15.0,23518.4,15274.9,22.3,23526.7,15253.7,28.6,1.2
20.008,13,23495.3,14686.3,15.0,23478.8,14657.2,23.9,23502.9,14717.1,23.4,1.0
20.030,0,22777.7,15175.3,15.0,22816.4,15190.8,46.3,22776.1,15162.2,22.7,1.3
20.030,1,22845.6,15219.6,15.0,22869.5,15234.3,35.8,22848.3,15208.3,22.5,1.3
20.030,2,23669.8,13503.9,15.0,23654.0,13499.6,25.4,23677.5,13524.2,22.8,1.3
20.030,3,23646.1,13632.5,15.0,23634.0,13633.5,22.8,23660.7,13665.8,43.6,1.0
20.030,4,23472.9,14327.4,15.0,23457.7,14328.0,27.0,23480.8,14345.7,23.2,1.0
20.030,5,23558.1,13639.2,15.0,23549.0,13648.2,22.4,23572.5,13653.9,30.4,1.2
20.030,6,23038.8,15315.8,15.0,23062.9,15331.2,35.9,23042.4,15304.3,22.8,1.3
20.030,7,23682.6,13310.6,15.0,23667.3,13349.0,46.5,23695.6,13309.5,22.7,1.2
20.030,8,22524.1,15227.1,15.0,22503.0,15241.8,23.0,22549.9,15220.6,22.6,1.2
20.030,9,23681.4,13318.0,15.0,23662.9,13295.2,23.4,23691.8,13369.0,40.6,1.0
20.030,10,23492.8,13231.1,15.0,23483.9,13274.9,31.6,23510.8,13210.6,22.4,1.5
20.030,11,23590.7,14664.9,15.0,23584.8,14696.2,23.4,23605.6,14635.2,23.7,0.9
20.030,12,23508.6,15260.7,15.0,23519.5,15274.6,22.2,23517.1,15248.9,26.2,1.2
20.030,13,23495.2,14684.0,15.0,23478.1,14654.1,23.5,23503.0,14717.0,23.8,1.0
20.053,0,22774.8,15175.3,15.0,22805.7,15190.6,40.3,22775.6,15163.2,22.6,1.3
20.053,1,22842.7,15219.5,15.0,22862.4,15234.4,32.8,22848.5,15209.3,22.4,1.3
20.053,2,23669.8,13501.0,15.0,23654.2,13485.7,23.9,23677.0,13525.2,22.9,1.3
20.053,3,23646.1,13630.1,15.0,23634.9,13633.5,22.7,23660.4,13655.8,37.8,1.0
20.053,4,23472.8,14325.0,15.0,23457.7,14316.3,25.1,23480.2,14346.8,23.2,1.0
20.053,5,23558.1,13636.5,15.0,23549.9,13649.0,22.4,23572.6,13646.7,28.8,1.2
20.053,6,23035.9,15315.9,15.0,23055.6,15331.4,32.9,23042.8,15305.3,22.8,1.3
20.053,7,23682.6,13307.9,15.0,23667.6,13338.5,40.6,23694.6,13309.1,22.7,1.2
20.053,8,22521.4,15227.1,15.0,22495.9,15242.1,22.8,22550.2,15220.7,22.8,1.2
20.053,9,23681.4,13315.7,15.0,23663.0,13296.8,23.4,23692.8,13368.1,43.5,1.0
20.053,10,23492.8,13227.8,15.0,23482.8,13276.0,36.8,23511.0,13209.6,22.9,1.5
20.053,11,23590.6,14662.9,15.0,23584.6,14696.1,23.7,23606.1,14632.6,23.4,0.9
20.053,12,23506.1,15259.4,15.0,23520.5,15274.3,22.2,23506.2,15243.6,24.0,1.2
20.053,13,23495.2,14681.6,15.0,23477.4,14651.8,23.4,23503.3,14717.5,25.0,1.0
20.077,0,22771.8,15175.3,15.0,22795.1,15190.3,35.3,22775.2,15164.1,22.5,1.3
20.077,1,22839.8,15219.5,15.0,22855.0,15234.5,30.6,22848.9,15210.3,22.3,1.3
20.077,2,23669.8,13498.0,15.0,23653.9,13476.4,23.0,23676.8,13525.6,22.9,1.3
20.077,3,23646.1,13627.6,15.0,23635.8,13633.6,22.7,23660.3,13647.0,33.8,1.0
20.077,4,23472.8,14322.6,15.0,23457.7,14303.6,24.2,23479.8,14347.8,23.2,1.0
20.077,5,23558.1,13633.7,15.0,23550.6,13649.8,22.4,23572.4,13636.2,26.4,1.2
20.077,6,23032.9,15315.9,15.0,23047.9,15331.5,30.9,23043.5,15306.3,22.7,1.3
20.077,7,23682.6,13305.0,15.0,23667.8,13327.7,35.4,23693.7,13308.9,22.7,1.2
20.077,8,22518.6,15227.1,15.0,22492.3,15242.7,22.4,22549.8,15220.5,23.2,1.2
20.077,9,23681.4,13313.3,15.0,23663.3,13298.0,23.4,23693.8,13366.2,45.5,1.0
20.077,10,23492.8,13224.3,15.0,23481.7,13275.6,41.2,23510.9,13208.9,23.3,1.5
20.077,11,23590.6,14660.9,15.0,23584.3,14696.5,24.8,23606.5,14630.7,23.3,0.9
20.077,12,23503.5,15258.1,15.0,23521.2,15274.1,22.3,23495.2,15238.3,23.0,1.2
20.077,13,23495.1,14679.1,15.0,23476.8,14650.0,23.4,23503.8,14718.2,27.2,1.0
20.098,0,22769.1,15175.3,15.0,22787.9,15190.5,32.3,22775.8,15165.2,22.5,1.3
20.098,1,22837.0,15219.5,15.0,22847.0,15234.5,28.7,22849.9,15211.2,22.3,1.3
20.098,2,23669.8,13495.2,15.0,23653.4,13470.3,22.6,23676.8,13526.0,23.2,1.3
20.098,3,23646.1,13625.3,15.0,23636.8,13634.3,22.8,23660.5,13640.3,31.0,1.0
20.098,4,23472.8,14320.4,15.0,23457.4,14294.9,23.8,23479.6,14348.6,23.2,1.0
20.098,5,23558.1,13631.2,15.0,23551.2,13650.9,22.4,23572.2,13624.2,24.2,1.2
20.098,6,23030.2,15315.9,15.0,23038.4,15331.5,28.5,23044.8,15307.2,22.7,1.3
20.098,7,23682.6,13302.4,15.0,23667.7,13320.7,32.3,23692.6,13309.5,22.6,1.2
20.098,8,22516.0,15227.1,15.0,22489.9,15243.3,22.4,22550.5,15220.2,24.9,1.2
20.098,9,23681.4,13311.1,15.0,23663.7,13299.2,23.4,23694.6,13363.6,46.4,1.0
20.098,10,23492.8,13221.2,15.0,23480.5,13274.1,44.4,23510.7,13208.7,23.6,1.5
20.098,11,23590.5,14659.1,15.0,23584.0,14697.2,26.4,23607.0,14629.3,23.3,0.9
20.098,12,23501.1,15257.0,15.0,23521.9,15274.1,22.3,23487.5,15234.3,22.4,1.2
20.098,13,23495.0,14676.9,15.0,23476.4,14649.1,23.4,23504.7,14720.5,31.2,1.0
20.122,0,22766.1,15175.3,15.0,22780.7,15190.5,30.4,22776.2,15166.1,22.4,1.3
20.122,1,22834.1,15219.5,15.0,22836.2,15234.3,26.3,22850.6,15212.0,22.3,1.3
20.122,2,23669.8,13492.2,15.0,23652.8,13466.5,22.3,23677.0,13525.8,23.9,1.3
20.122,3,23646.1,13622.9,15.0,23637.6,13635.1,22.7,23660.5,13633.6,29.4,1.0
20.122,4,23472.8,14317.9,15.0,23457.0,14288.9,23.7,23479.6,14348.7,23.4,1.0
20.122,5,23558.1,13628.4,15.0,23551.6,13651.4,22.4,23572.1,13612.0,23.3,1.2
20.122,6,23027.2,15315.9,15.0,23027.0,15331.4,26.4,23045.6,15308.0,22.7,1.3
20.122,7,23682.6,13299.6,15.0,23667.6,13313.5,30.4,23691.7,13310.0,22.6,1.2
20.122,8,22513.2,15227.1,15.0,22487.7,15243.8,22.5,22551.3,15219.6,27.4,1.2
20.122,9,23681.4,13308.8,15.0,23664.2,13299.0,23.4,23695.4,13360.8,48.6,1.0
20.122,10,23492.8,13217.8,15.0,23479.6,13270.8,45.6,23510.3,13207.3,23.7,1.5
20.122,11,23590.5,14657.1,15.0,23583.4,14698.5,29.1,23607.3,14628.2,23.3,0.9
20.122,12,23498.5,15255.7,15.0,23521.6,15273.8,22.6,23483.3,15231.9,22.1,1.2
20.122,13,23495.0,14674.4,15.0,23476.1,14649.1,23.3,23505.6,14721.7,35.6,1.0
20.144,0,22763.3,15175.3,15.0,22771.6,15190.5,28.3,22777.2,15167.0,22.4,1.3
20.144,1,22831.3,15219.5,15.0,22823.7,15234.1,24.1,22851.5,15212.5,22.3,1.3
20.144,2,23669.8,13489.3,15.0,23652.3,13463.8,22.5,23677.4,13526.6,26.0,1.3
20.144,3,23646.1,13620.5,15.0,23638.4,13636.2,22.7,23660.5,13624.9,27.3,1.0
20.144,4,23472.8,14315.6,15.0,23456.3,14285.8,23.3,23479.8,14348.8,23.7,1.0
20.144,5,23558.1,13625.7,15.0,23551.8,13651.8,22.4,23572.4,13603.5,22.7,1.2
20.144,6,23024.3,15315.9,15.0,23013.3,15331.4,24.1,23046.7,15308.5,22.7,1.3
20.144,7,23682.6,13296.9,15.0,23667.6,13305.0,28.3,23690.8,13311.1,22.6,1.2
20.144,8,22510.6,15227.1,15.0,22486.2,15244.2,22.6,22553.2,15218.8,31.6,1.2
20.144,9,23681.4,13306.5,15.0,23664.8,13299.0,23.4,23696.2,13358.3,51.8,1.0
20.144,10,23492.8,13214.6,15.0,23478.6,13267.5,48.0,23509.9,13205.5,23.6,1.5
20.144,11,23590.5,14655.2,15.0,23582.8,14700.1,32.5,23607.7,14627.5,23.3,0.9
20.144,12,23496.0,15254.5,15.0,23521.6,15273.9,23.5,23480.4,15230.1,21.9,1.2
20.144,13,23494.9,14672.1,15.0,23476.0,14650.3,23.4,23506.7,14722.5,40.6,1.0
20.167,0,22760.4,15175.3,15.0,22760.5,15190.3,26.1,22778.1,15167.8,22.4,1.3
20.167,1,22828.4,15219.5,15.0,22812.0,15234.0,23.0,22852.1,15212.9,22.4,1.3
20.167,2,23669.8,13486.4,15.0,23651.8,13461.7,22.7,23678.1,13528.3,29.5,1.3
20.167,3,23646.1,13618.2,15.0,23639.1,13637.2,22.8,23660.3,13614.4,25.5,1.0
20.167,4,23472.7,14313.3,15.0,23455.8,14283.8,23.2,23480.1,14349.3,25.2,1.0
20.167,5,23558.1,13623.1,15.0,23551.8,13651.7,22.7,23572.9,13598.0,22.4,1.2
20.167,6,23021.5,15315.9,15.0,23002.6,15331.6,23.1,23047.3,15308.8,22.8,1.3
20.167,7,23682.6,13294.2,15.0,23667.8,13294.0,26.1,23690.1,13312.0,22.6,1.2
20.167,8,22507.9,15227.1,15.0,22486.5,15244.3,22.7,22554.1,15217.8,36.3,1.2
20.167,9,23681.4,13304.2,15.0,23665.5,13298.7,23.4,23697.0,13356.3,55.7,1.0
20.167,10,23492.8,13211.3,15.0,23477.7,13264.4,51.3,23509.4,13203.3,23.4,1.5
20.167,11,23590.4,14653.3,15.0,23582.0,14701.1,36.3,23607.9,14628.1,23.2,0.9
20.167,12,23493.5,15253.4,15.0,23521.9,15274.3,25.3,23478.1,15228.7,22.0,1.2
20.167,13,23494.9,14669.7,15.0,23476.2,14651.8,23.3,23507.7,14721.5,43.5,1.0
20.190,0,22757.5,15175.3,15.0,22747.6,15190.1,23.9,22778.8,15168.3,22.4,1.3
20.190,1,22825.5,15219.5,15.0,22803.3,15234.3,22.5,22852.3,15213.1,22.5,1.3
20.190,2,23669.8,13483.5,15.0,23651.5,13460.4,22.9,23679.1,13530.0,34.1,1.3
20.190,3,23646.1,13615.7,15.0,23639.5,13638.0,22.7,23660.2,13602.4,23.8,1.0
20.190,4,23472.7,14310.9,15.0,23455.2,14282.1,23.2,23480.7,14350.4,27.6,1.0
20.190,5,23558.1,13620.3,15.0,23551.6,13651.5,23.3,23573.4,13594.7,22.1,1.2
20.190,6,23018.5,15316.0,15.0,22994.4,15332.0,22.7,23047.6,15308.9,22.9,1.3
20.190,7,23682.6,13291.5,15.0,23667.9,13281.5,24.0,23689.6,13312.8,22.6,1.2
20.190,8,22505.2,15227.1,15.0,22487.1,15244.3,22.8,22553.7,15216.7,40.2,1.2
20.190,9,23681.4,13301.9,15.0,23666.2,13298.3,23.4,23697.4,13351.7,55.9,1.0
20.190,10,23492.8,13208.0,15.0,23476.8,13261.6,55.6,23508.8,13200.8,23.2,1.5
20.190,11,23590.4,14651.3,15.0,23581.1,14701.5,40.2,23608.0,14628.9,23.3,0.9
20.190,12,23490.9,15252.2,15.0,23523.1,15275.3,28.8,23476.4,15227.6,22.1,1.2
20.190,13,23494.8,14667.3,15.0,23476.5,14653.0,23.3,23508.5,14719.4,45.3,1.0
20.212,0,22754.6,15175.3,15.0,22736.5,15190.2,22.9,22779.5,15168.6,22.5,1.3
20.212,1,22822.7,15219.5,15.0,22798.7,15234.8,22.1,22852.2,15213.0,22.8,1.3
20.212,2,23669.8,13480.6,15.0,23651.4,13460.5,23.2,23680.2,13531.0,39.5,1.3
20.212,3,23646.1,13613.4,15.0,23639.8,13638.7,22.7,23660.2,13591.9,23.4,1.0
20.212,4,23472.7,14308.6,15.0,23454.8,14281.2,23.2,23481.5,14352.3,31.6,1.0
20.212,5,23558.1,13617.7,15.0,23551.2,13652.0,25.1,23574.0,13592.3,22.2,1.2
20.212,6,23015.7,15316.0,15.0,22990.5,15332.6,22.3,23047.5,15308.8,23.4,1.3
20.212,7,23682.6,13288.7,15.0,23667.9,13269.9,23.2,23689.2,13313.5,22.6,1.2
20.212,8,22502.5,15227.1,15.0,22488.0,15244.1,23.0,22552.3,15215.7,43.1,1.2
20.212,9,23681.4,13299.6,15.0,23667.0,13298.0,23.4,23697.5,13345.5,53.8,1.0
20.212,10,23492.8,13204.7,15.0,23476.4,13255.4,54.8,23508.1,13198.8,23.0,1.5
20.212,11,23590.3,14649.4,15.0,23580.3,14700.7,42.6,23607.9,14630.2,23.2,0.9
20.212,12,23488.4,15251.1,15.0,23524.0,15276.5,33.1,23475.6,15227.1,22.3,1.2
20.212,13,23494.7,14665.0,15.0,23477.0,14653.9,23.4,23509.3,14716.6,46.4,1.0
20.235,0,22751.7,15175.3,15.0,22728.2,15190.5,22.5,22779.8,15168.8,22.6,1.3
20.235,1,22819.8,15219.5,15.0,22795.3,15235.3,22.0,22852.2,15212.8,23.8,1.3
20.235,2,23669.8,13477.7,15.0,23651.5,13461.0,23.4,23681.3,13530.0,42.9,1.3
20.235,3,23646.1,13611.0,15.0,23639.9,13639.1,22.8,23660.5,13584.1,23.3,1.0
20.235,4,23472.7,14306.2,15.0,23454.5,14281.6,23.2,23482.5,14353.6,36.1,1.0
20.235,5,23558.1,13615.0,15.0,23550.6,13653.3,28.2,23574.4,13590.5,22.3,1.2
20.235,6,23012.8,15316.0,15.0,22987.5,15333.1,22.3,23048.0,15308.5,25.0,1.3
20.235,7,23682.6,13286.0,15.0,23667.6,13261.4,22.8,23689.1,13313.9,22.7,1.2
20.235,8,22499.8,15227.1,15.0,22488.2,15243.8,23.0,22549.4,15214.8,44.1,1.2
20.235,9,23681.4,13297.3,15.0,23667.9,13297.7,23.4,23697.3,13336.1,47.9,1.0
20.235,10,23492.8,13201.4,15.0,23476.4,13246.8,50.5,23507.3,13196.9,22.8,1.5
20.235,11,23590.3,14647.5,15.0,23579.4,14699.5,44.6,23607.8,14631.3,23.3,0.9
20.235,12,23485.8,15249.9,15.0,23524.2,15277.4,37.9,23475.5,15227.0,22.5,1.2
20.235,13,23494.7,14662.6,15.0,23477.5,14653.8,23.4,23510.1,14713.8,48.9,1.0
20.262,0,22748.4,15175.3,15.0,22723.9,15191.0,22.1,22779.0,15168.6,23.1,1.3
20.262,1,22816.4,15219.5,15.0,22792.2,15235.8,22.1,22852.1,15212.3,25.8,1.3
20.262,2,23669.8,13474.2,15.0,23651.8,13460.8,23.5,23682.3,13527.4,45.2,1.3
20.262,3,23646.1,13608.2,15.0,23639.8,13638.5,23.0,23661.1,13580.3,23.0,1.0
20.262,4,23472.7,14303.5,15.0,23454.5,14282.2,23.2,23483.5,14353.5,40.6,1.0
20.262,5,23558.1,13611.8,15.0,23549.7,13654.2,32.3,23574.7,13588.9,22.4,1.2
20.262,6,23009.4,15316.0,15.0,22984.6,15333.6,22.5,23048.6,15307.9,27.6,1.3
20.262,7,23682.6,13282.8,15.0,23667.0,13257.0,22.5,23689.2,13313.3,23.1,1.2
20.262,8,22496.6,15227.1,15.0,22487.3,15243.3,23.0,22545.9,15214.0,46.0,1.2
20.262,9,23681.4,13294.6,15.0,23668.8,13297.4,23.4,23697.1,13325.7,41.9,1.0
20.262,10,23492.8,13197.5,15.0,23476.6,13235.2,44.3,23506.3,13195.1,22.7,1.5
20.262,11,23590.2,14645.2,15.0,23578.7,14697.0,45.3,23607.5,14631.7,23.2,0.9
20.262,12,23482.8,15248.6,15.0,23522.4,15277.4,40.8,23475.4,15227.3,22.6,1.2
20.262,13,23494.6,14659.8,15.0,23478.2,14653.2,23.4,23510.8,14711.0,52.3,1.0
20.291,0,22744.7,15175.3,15.0,22720.1,15191.7,22.1,22779.1,15168.2,24.8,1.3
20.291,1,22812.8,15219.5,15.0,22789.7,15236.3,22.3,22853.9,15211.5,30.3,1.3
20.291,2,23669.8,13470.5,15.0,23652.3,13460.1,23.6,23683.4,13523.4,46.9,1.3
20.291,3,23646.1,13605.1,15.0,23639.5,13638.5,24.2,23661.7,13577.1,22.8,1.0
20.291,4,23472.6,14300.5,15.0,23454.7,14283.8,23.2,23484.6,14352.0,44.0,1.0
20.291,5,23558.1,13608.4,15.0,23548.5,13654.7,37.9,23574.9,13588.9,22.6,1.2
20.291,6,23005.7,15316.0,15.0,22982.2,15334.1,22.7,23050.4,15306.9,32.6,1.3
20.291,7,23682.6,13279.3,15.0,23666.4,13253.3,22.3,23689.5,13313.2,24.5,1.2
20.291,8,22493.2,15227.1,15.0,22486.0,15242.6,22.9,22542.3,15213.0,49.6,1.2
20.291,9,23681.4,13291.7,15.0,23670.0,13297.5,23.4,23696.8,13313.7,36.2,1.0
20.291,10,23492.8,13193.3,15.0,23476.9,13221.0,37.2,23505.1,13194.0,22.5,1.5
20.291,11,23590.2,14642.7,15.0,23577.8,14694.1,46.9,23607.0,14631.9,23.3,0.9
20.291,12,23479.5,15247.2,15.0,23519.3,15276.9,42.8,23475.0,15227.6,22.7,1.2
20.291,13,23494.5,14656.8,15.0,23479.0,14652.5,23.4,23511.5,14707.5,56.1,1.0
20.315,0,22741.6,15175.3,15.0,22717.9,15192.2,22.3,22781.3,15167.5,28.7,1.3
20.315,1,22809.8,15219.4,15.0,22789.8,15236.5,22.6,22855.8,15210.2,36.3,1.3
20.315,2,23669.8,13467.4,15.0,23652.9,13459.2,23.5,23684.6,13520.0,50.5,1.3
20.315,3,23646.1,13602.6,15.0,23638.8,13640.1,27.1,23662.4,13575.5,22.8,1.0
20.315,4,23472.6,14298.0,15.0,23455.2,14285.5,23.2,23485.7,14349.2,45.4,1.0
20.315,5,23558.1,13605.6,15.0,23547.3,13653.7,41.7,23574.7,13590.6,22.7,1.2
20.315,6,23002.6,15316.1,15.0,22982.9,15334.3,23.1,23052.3,15305.5,39.3,1.3
20.315,7,23682.6,13276.5,15.0,23665.8,13251.2,22.5,23690.2,13315.2,27.9,1.2
20.315,8,22490.3,15227.1,15.0,22485.4,15241.8,22.9,22539.2,15212.1,53.7,1.2
20.315,9,23681.4,13289.2,15.0,23671.2,13298.9,23.4,23697.0,13305.7,32.5,1.0
20.315,10,23492.8,13189.8,15.0,23476.8,13212.1,33.4,23503.7,13194.8,22.4,1.5
20.315,11,23590.2,14640.7,15.0,23576.9,14691.5,49.5,23606.4,14632.3,23.3,0.9
20.315,12,23476.8,15246.1,15.0,23516.1,15276.3,44.9,23474.6,15228.1,22.7,1.2
20.315,13,23494.5,14654.3,15.0,23480.0,14652.5,23.4,23511.7,14701.0,55.0,1.0
20.338,0,22738.8,15175.3,15.0,22716.7,15192.6,22.5,22783.0,15166.5,33.3,1.3
20.338,1,22806.9,15219.4,15.0,22790.3,15236.5,22.8,22855.3,15209.1,40.3,1.3
20.338,2,23669.8,13464.5,15.0,23653.6,13457.9,23.4,23685.5,13517.6,55.0,1.3
20.338,3,23646.1,13600.2,15.0,23638.0,13642.0,31.1,23662.8,13574.4,22.8,1.0
20.338,4,23472.6,14295.6,15.0,23455.7,14285.8,23.2,23486.5,14346.4,47.4,1.0
20.338,5,23558.1,13602.9,15.0,23546.3,13651.0,43.0,23574.4,13591.0,22.7,1.2
20.338,6,22999.7,15316.1,15.0,22983.7,15334.1,23.3,23051.3,15304.4,42.8,1.3
20.338,7,23682.6,13273.7,15.0,23665.4,13249.9,22.6,23691.1,13317.1,32.3,1.2
20.338,8,22487.6,15227.1,15.0,22484.4,15241.0,22.8,22533.3,15211.8,52.8,1.2
20.338,9,23681.4,13286.9,15.0,23672.2,13300.3,23.4,23697.1,13298.4,30.6,1.0
20.338,10,23492.8,13186.5,15.0,23476.7,13204.0,31.4,23502.6,13195.6,22.3,1.5
20.338,11,23590.1,14638.8,15.0,23576.2,14690.0,52.9,23605.9,14632.1,23.3,0.9
20.338,12,23474.2,15245.0,15.0,23513.2,15275.7,47.8,23473.3,15228.2,22.7,1.2
20.338,13,23494.4,14651.9,15.0,23481.0,14652.3,23.4,23511.2,14691.3,48.5,1.0
20.360,0,22735.9,15175.3,15.0,22716.7,15192.7,22.8,22783.8,15165.4,38.4,1.3
20.360,1,22804.1,15219.4,15.0,22790.6,15236.3,22.9,22853.6,15208.1,42.9,1.3
20.360,2,23669.8,13461.6,15.0,23654.4,13456.6,23.2,23686.0,13512.6,55.6,1.3
20.360,3,23646.1,13597.9,15.0,23637.1,13643.0,35.6,23663.0,13575.0,22.7,1.0
20.360,4,23472.6,14293.3,15.0,23456.2,14285.7,23.2,23487.3,14343.7,50.1,1.0
20.360,5,23558.1,13600.2,15.0,23545.5,13648.1,44.6,23573.9,13590.7,22.7,1.2
20.360,6,22996.9,15316.1,15.0,22983.9,15333.8,23.4,23049.0,15303.4,44.9,1.3
20.360,7,23682.6,13271.0,15.0,23665.2,13250.3,22.7,23692.2,13318.0,37.2,1.2
20.360,8,22484.9,15227.1,15.0,22483.7,15240.1,22.7,22524.4,15211.9,47.5,1.2
20.360,9,23681.4,13284.6,15.0,23673.0,13301.6,23.4,23697.0,13289.7,28.5,1.0
20.360,10,23492.8,13183.3,15.0,23476.8,13194.0,28.9,23501.7,13196.5,22.2,1.5
20.360,11,23590.1,14636.8,15.0,23575.6,14687.7,55.6,23605.3,14631.9,23.3,0.9
20.360,12,23471.7,15244.0,15.0,23510.9,15275.3,51.8,23471.9,15228.3,22.6,1.2
20.360,13,23494.4,14649.5,15.0,23481.9,14652.2,23.4,23510.7,14681.1,42.5,1.0
20.383,0,22733.0,15175.2,15.0,22717.1,15192.6,22.9,22782.7,15164.4,41.6,1.3
20.383,1,22801.2,15219.4,15.0,22790.4,15235.9,23.0,22850.6,15207.2,44.0,1.3
20.383,2,23669.8,13458.7,15.0,23655.2,13455.4,23.2,23686.2,13505.4,53.0,1.3
20.383,3,23646.1,13595.4,15.0,23636.1,13642.8,39.5,23663.0,13575.9,22.7,1.0
20.383,4,23472.6,14290.9,15.0,23456.9,14285.3,23.2,23488.1,14341.7,54.0,1.0
20.383,5,23558.1,13597.5,15.0,23544.7,13645.0,47.1,23573.4,13589.9,22.7,1.2
20.383,6,22993.9,15316.1,15.0,22983.6,15333.4,23.4,23045.9,15302.5,46.1,1.3
20.383,7,23682.6,13268.3,15.0,23665.3,13250.9,22.9,23693.2,13317.3,40.8,1.2
20.383,8,22482.2,15227.1,15.0,22483.1,15239.2,22.7,22514.2,15212.1,41.6,1.2
20.383,9,23681.4,13282.3,15.0,23673.7,13302.8,23.4,23696.9,13278.8,26.5,1.0
20.383,10,23492.8,13179.9,15.0,23476.9,13182.0,26.4,23500.9,13197.3,22.3,1.5
20.383,11,23590.0,14634.9,15.0,23575.2,14683.3,54.8,23604.6,14631.5,23.3,0.9
20.383,12,23469.0,15243.0,15.0,23506.2,15273.6,51.9,23470.3,15228.5,22.5,1.2
20.383,13,23494.3,14647.1,15.0,23482.9,14652.3,23.4,23510.2,14670.0,37.0,1.0
20.406,0,22730.1,15175.2,15.0,22717.3,15192.3,23.1,22780.5,15163.4,43.7,1.3
20.406,1,22798.3,15219.4,15.0,22789.4,15235.4,23.0,22847.5,15206.3,46.2,1.3
20.406,2,23669.8,13455.8,15.0,23656.1,13454.5,23.1,23686.0,13494.8,46.6,1.3
20.406,3,23646.1,13593.1,15.0,23635.1,13641.7,42.3,23662.9,13577.3,22.7,1.0
20.406,4,23472.6,14288.6,15.0,23457.7,14285.0,23.2,23488.5,14337.5,55.0,1.0
20.406,5,23558.1,13594.8,15.0,23543.9,13642.7,51.0,23572.8,13588.9,22.7,1.2
20.406,6,22991.1,15316.1,15.0,22982.5,15332.9,23.4,23042.7,15301.6,48.8,1.3
20.406,7,23682.6,13265.6,15.0,23665.5,13251.6,23.0,23694.2,13315.6,43.4,1.2
20.406,8,22479.5,15227.1,15.0,22482.9,15238.3,22.7,22503.0,15212.4,36.0,1.2
20.406,9,23681.4,13280.0,15.0,23674.2,13304.0,23.4,23696.7,13266.3,24.7,1.0
20.406,10,23492.8,13176.7,15.0,23477.0,13168.2,23.9,23500.3,13198.1,22.3,1.5
20.406,11,23590.0,14633.0,15.0,23575.0,14678.0,52.7,23603.9,14631.2,23.3,0.9
20.406,12,23466.5,15241.9,15.0,23499.9,15271.0,49.2,23469.0,15228.8,22.5,1.2
20.406,13,23494.3,14644.8,15.0,23483.9,14653.1,23.4,23510.1,14663.1,33.8,1.0
20.429,0,22727.2,15175.2,15.0,22717.0,15191.9,23.1,22777.4,15162.5,44.8,1.3
20.429,1,22795.4,15219.4,15.0,22788.1,15234.9,22.9,22844.6,15205.5,49.3,1.3
20.429,2,23669.8,13452.8,15.0,23657.1,13454.0,23.0,23685.7,13483.6,40.2,1.3
20.429,3,23646.1,13590.7,15.0,23634.3,13639.1,43.4,23662.5,13578.0,22.7,1.0
20.429,4,23472.5,14286.2,15.0,23458.4,14284.5,23.2,23488.7,14331.8,53.7,1.0
20.429,5,23558.1,13592.1,15.0,23543.4,13638.5,52.3,23572.1,13587.9,22.6,1.2
20.429,6,22988.1,15316.1,15.0,22981.1,15332.3,23.3,23040.1,15300.7,52.6,1.3
20.429,7,23682.6,13262.8,15.0,23665.9,13251.7,23.0,23695.1,13312.6,44.4,1.2
20.429,8,22476.8,15227.1,15.0,22483.2,15237.3,22.6,22495.9,15212.3,32.9,1.2
20.429,9,23681.4,13277.7,15.0,23674.5,13304.8,23.4,23696.7,13255.2,24.2,1.0
20.429,10,23492.8,13173.3,15.0,23476.9,13157.7,22.6,23500.0,13198.6,22.4,1.5
20.429,11,23590.0,14631.0,15.0,23575.0,14670.2,47.8,23603.2,14630.9,23.2,0.9
20.429,12,23463.8,15240.9,15.0,23491.0,15267.1,43.6,23467.7,15229.3,22.4,1.2
20.429,13,23494.2,14642.4,15.0,23484.9,14653.9,23.3,23510.1,14656.0,31.4,1.0
20.451,0,22724.3,15175.2,15.0,22715.8,15191.4,23.1,22774.3,15161.6,47.5,1.3
20.451,1,22792.5,15219.4,15.0,22786.8,15234.3,22.8,22842.0,15204.7,53.3,1.3
20.451,2,23669.8,13449.9,15.0,23658.2,13454.1,22.9,23685.6,13473.6,35.7,1.3
20.451,3,23646.1,13588.3,15.0,23633.5,13636.3,44.8,23662.1,13578.3,22.8,1.0
20.451,4,23472.5,14283.9,15.0,23459.3,14284.2,23.2,23488.4,14322.4,47.6,1.0
20.451,5,23558.1,13589.4,15.0,23543.2,13632.5,50.8,23571.3,13586.9,22.6,1.2
20.451,6,22985.2,15316.1,15.0,22979.8,15331.6,23.2,23036.5,15300.1,55.3,1.3
20.451,7,23682.6,13260.1,15.0,23666.4,13251.1,23.0,23695.9,13309.5,46.6,1.2
20.451,8,22474.1,15227.1,15.0,22483.9,15236.3,22.6,22488.6,15212.2,30.6,1.2
20.451,9,23681.4,13275.4,15.0,23674.6,13305.5,23.4,23697.0,13247.0,24.0,1.0
20.451,10,23492.8,13170.0,15.0,23476.4,13150.1,22.0,23499.9,13198.7,22.8,1.5
20.451,11,23589.9,14629.1,15.0,23575.1,14661.9,43.0,23602.5,14630.9,23.2,0.9
20.451,12,23461.2,15239.9,15.0,23481.3,15262.9,37.7,23466.9,15230.0,22.4,1.2
20.451,13,23494.2,14640.0,15.0,23485.8,14655.2,23.4,23510.0,14648.6,29.7,1.0
20.474,0,22721.4,15175.2,15.0,22714.5,15190.8,23.0,22771.6,15160.8,51.0,1.3
20.474,1,22789.7,15219.4,15.0,22785.4,15233.5,22.7,22836.4,15204.3,52.7,1.3
20.474,2,23669.8,13447.0,15.0,23659.3,13454.6,22.9,23685.7,13466.2,32.7,1.3
20.474,3,23646.1,13585.9,15.0,23632.8,13633.4,47.2,23661.6,13578.1,22.8,1.0
20.474,4,23472.5,14281.5,15.0,23460.3,14284.2,23.2,23488.1,14312.3,41.7,1.0
20.474,5,23558.1,13586.7,15.0,23543.4,13623.0,44.9,23570.5,13586.1,22.5,1.2
20.474,6,22982.4,15316.2,15.0,22978.5,15330.8,23.1,23030.5,15299.8,54.4,1.3
20.474,7,23682.6,13257.4,15.0,23667.0,13250.2,23.0,23696.8,13306.8,49.8,1.2
20.474,8,22471.4,15227.1,15.0,22484.8,15235.4,22.6,22481.0,15212.1,28.9,1.2
20.474,9,23681.4,13273.1,15.0,23674.5,13305.7,23.7,23697.5,13242.9,23.8,1.0
20.474,10,23492.8,13166.7,15.0,23475.9,13145.6,21.6,23500.1,13198.6,23.4,1.5
20.474,11,23589.9,14627.2,15.0,23575.1,14653.1,38.3,23601.7,14631.0,23.2,0.9
20.474,12,23458.6,15239.0,15.0,23473.0,15259.6,33.6,23466.4,15230.8,22.3,1.2
20.474,13,23494.1,14637.6,15.0,23486.6,14656.5,23.3,23509.6,14637.7,27.2,1.0
20.496,0,22718.6,15175.2,15.0,22713.2,15190.2,22.9,22768.4,15160.1,54.0,1.3
20.496,1,22786.9,15219.4,15.0,22784.4,15232.7,22.6,22828.7,15204.3,48.9,1.3
20.496,2,23669.8,13444.2,15.0,23660.3,13455.6,22.8,23685.8,13458.5,30.9,1.3
20.496,3,23646.1,13583.5,15.0,23632.0,13631.4,50.8,23661.0,13577.7,22.7,1.0
20.496,4,23472.5,14279.2,15.0,23461.2,14284.3,23.2,23487.7,14301.6,36.4,1.0
20.496,5,23558.1,13584.1,15.0,23543.6,13612.8,39.2,23569.6,13585.7,22.5,1.2
20.496,6,22979.5,15316.2,15.0,22977.6,15330.0,23.0,23021.1,15300.0,48.6,1.3
20.496,7,23682.6,13254.7,15.0,23667.6,13249.2,22.9,23697.6,13304.4,53.8,1.2
20.496,8,22468.7,15227.1,15.0,22485.8,15234.7,22.6,22470.0,15212.3,26.4,1.2
20.496,9,23681.4,13270.9,15.0,23674.3,13305.8,24.3,23698.1,13240.2,23.4,1.0
20.496,10,23492.8,13163.5,15.0,23475.4,13142.3,21.9,23500.5,13199.2,25.4,1.5
20.496,11,23589.9,14625.3,15.0,23575.1,14646.2,35.1,23600.9,14631.4,23.2,0.9
20.496,12,23456.0,15238.0,15.0,23466.6,15257.3,31.0,23466.3,15231.8,22.3,1.2
20.496,13,23494.1,14635.3,15.0,23487.2,14657.7,23.3,23509.2,14625.8,25.2,1.0
20.520,0,22715.6,15175.2,15.0,22711.7,15189.4,22.8,22762.5,15159.8,53.1,1.3
20.520,1,22783.9,15219.4,15.0,22783.4,15231.9,22.5,22818.6,15204.4,43.3,1.3
20.520,2,23669.8,13441.1,15.0,23661.2,13456.5,22.8,23685.7,13448.4,28.4,1.3
20.520,3,23646.1,13581.1,15.0,23631.5,13628.0,52.9,23660.3,13577.1,22.8,1.0
20.520,4,23472.5,14276.8,15.0,23462.2,14284.9,23.2,23487.8,14295.0,33.4,1.0
20.520,5,23558.1,13581.3,15.0,23543.8,13602.7,34.5,23568.7,13585.4,22.4,1.2
20.520,6,22976.5,15316.2,15.0,22976.8,15329.0,22.9,23010.3,15300.3,42.5,1.3
20.520,7,23682.6,13251.9,15.0,23668.3,13248.0,22.8,23697.9,13298.8,53.2,1.2
20.520,8,22466.0,15227.0,15.0,22486.6,15234.1,22.6,22457.9,15212.5,24.3,1.2
20.520,9,23681.4,13268.5,15.0,23673.9,13306.5,26.1,23698.7,13238.3,23.4,1.0
20.520,10,23492.8,13160.1,15.0,23475.0,13139.2,22.2,23501.1,13200.5,28.7,1.5
20.520,11,23589.8,14623.3,15.0,23574.9,14640.6,32.7,23600.1,14631.9,23.2,0.9
20.520,12,23453.3,15237.0,15.0,23459.9,15254.8,29.3,23466.5,15232.7,22.2,1.2
20.520,13,23494.0,14632.8,15.0,23487.6,14658.6,23.4,23508.8,14613.0,24.3,1.0
20.542,0,22712.8,15175.2,15.0,22710.8,15188.5,22.7,22753.4,15159.8,47.8,1.3
20.542,1,22781.1,15219.4,15.0,22783.0,15230.9,22.5,22807.5,15204.7,37.2,1.3
20.542,2,23669.8,13438.3,15.0,23661.9,13457.8,22.8,23685.5,13436.1,26.0,1.3
20.542,3,23646.1,13578.8,15.0,23631.2,13622.6,52.0,23659.5,13576.6,22.8,1.0
20.542,4,23472.5,14274.5,15.0,23463.1,14285.9,23.2,23487.8,14287.9,31.0,1.0
20.542,5,23558.1,13578.7,15.0,23543.7,13595.8,31.6,23567.7,13585.9,22.4,1.2
20.542,6,22973.7,15316.2,15.0,22976.6,15328.0,22.9,22998.6,15300.6,36.7,1.3
20.542,7,23682.6,13249.2,15.0,23669.2,13247.2,22.8,23697.9,13291.2,49.5,1.2
20.542,8,22463.3,15227.0,15.0,22487.5,15233.7,22.6,22445.5,15212.5,23.3,1.2
20.542,9,23681.4,13266.2,15.0,23673.2,13308.2,29.2,23699.2,13237.1,23.4,1.0
20.542,10,23492.8,13156.9,15.0,23474.7,13137.1,22.6,23502.1,13202.4,33.5,1.5
20.542,11,23589.8,14621.4,15.0,23574.7,14634.8,30.9,23599.4,14632.9,23.2,0.9
20.542,12,23450.7,15236.1,15.0,23451.0,15251.5,27.0,23467.1,15233.8,22.2,1.2
20.542,13,23494.0,14630.5,15.0,23487.8,14659.4,23.4,23508.9,14604.1,23.9,1.0
20.565,0,22709.9,15175.2,15.0,22709.9,15187.6,22.6,22743.0,15160.0,41.9,1.3
20.565,1,22778.2,15219.4,15.0,22783.0,15229.9,22.4,22799.2,15204.7,33.6,1.3
20.565,2,23669.8,13435.3,15.0,23662.4,13458.6,22.8,23685.4,13422.5,24.0,1.3
20.565,3,23646.1,13576.3,15.0,23631.3,13614.2,46.9,23658.7,13576.1,22.7,1.0
20.565,4,23472.4,14272.1,15.0,23464.0,14286.9,23.2,23487.9,14280.9,29.4,1.0
20.565,5,23558.1,13575.9,15.0,23543.6,13588.7,29.7,23566.8,13586.4,22.4,1.2
20.565,6,22970.8,15316.2,15.0,22976.9,15327.0,22.8,22991.4,15300.5,33.6,1.3
20.565,7,23682.6,13246.4,15.0,23670.1,13246.4,22.7,23697.7,13281.1,43.8,1.2
20.565,8,22460.6,15227.0,15.0,22487.8,15233.5,22.7,22437.0,15212.2,22.9,1.2
20.565,9,23681.4,13263.9,15.0,23672.4,13309.9,33.2,23699.6,13236.2,23.4,1.0
20.565,10,23492.8,13153.5,15.0,23474.6,13136.2,23.1,23503.2,13203.2,38.7,1.5
20.565,11,23589.8,14619.4,15.0,23574.5,14629.0,29.6,23598.7,14633.8,23.3,0.9
20.565,12,23448.1,15235.2,15.0,23440.6,15247.7,24.9,23467.5,15234.5,22.2,1.2
20.565,13,23493.9,14628.1,15.0,23487.8,14659.7,23.5,23509.2,14598.1,23.8,1.0
20.588,0,22707.0,15175.2,15.0,22709.6,15186.7,22.6,22731.5,15160.3,36.2,1.3
20.588,1,22775.3,15219.4,15.0,22783.4,15228.9,22.4,22791.9,15204.5,31.0,1.3
20.588,2,23669.8,13432.4,15.0,23662.7,13459.3,22.9,23685.6,13412.2,23.1,1.3
20.588,3,23646.1,13573.9,15.0,23631.6,13604.5,41.2,23657.8,13575.9,22.7,1.0
20.588,4,23472.4,14269.8,15.0,23464.7,14288.2,23.2,23487.6,14270.1,27.0,1.0
20.588,5,23558.1,13573.2,15.0,23543.6,13580.2,27.7,23565.9,13587.3,22.4,1.2
20.588,6,22967.9,15316.2,15.0,22977.7,15325.9,22.7,22983.8,15300.5,31.3,1.3
20.588,7,23682.6,13243.7,15.0,23671.0,13246.2,22.7,23697.4,13270.1,37.7,1.2
20.588,8,22457.9,15227.0,15.0,22487.8,15233.6,23.0,22432.1,15211.7,22.6,1.2
20.588,9,23681.4,13261.6,15.0,23671.4,13311.1,38.1,23699.8,13237.1,23.4,1.0
20.588,10,23492.8,13150.2,15.0,23474.8,13135.8,23.4,23504.3,13202.1,42.4,1.5
20.588,11,23589.7,14617.5,15.0,23574.5,14620.4,27.6,23598.0,14634.8,23.2,0.9
20.588,12,23445.4,15234.3,15.0,23428.6,15243.4,23.3,23468.1,15235.1,22.3,1.2
20.588,13,23493.9,14625.7,15.0,23487.6,14659.7,23.9,23509.8,14594.9,23.4,1.0
20.611,0,22704.1,15175.2,15.0,22709.8,15185.6,22.5,22724.3,15160.2,33.1,1.3
20.611,1,22772.5,15219.4,15.0,22784.2,15228.0,22.3,22784.6,15204.5,29.4,1.3
20.611,2,23669.8,13429.5,15.0,23662.8,13459.7,23.1,23686.0,13404.9,22.7,1.3
20.611,3,23646.1,13571.6,15.0,23631.8,13594.0,35.9,23656.9,13575.9,22.8,1.0
20.611,4,23472.4,14267.4,15.0,23465.3,14289.3,23.2,23487.4,14258.4,25.1,1.0
20.611,5,23558.1,13570.6,15.0,23543.8,13569.3,25.6,23565.2,13588.2,22.4,1.2
20.611,6,22965.0,15316.2,15.0,22978.7,15325.0,22.7,22975.4,15300.5,29.4,1.3
20.611,7,23682.6,13241.0,15.0,23672.0,13246.4,22.6,23697.4,13261.6,33.9,1.2
20.611,8,22455.2,15227.0,15.0,22487.8,15233.8,23.8,22428.9,15211.1,22.3,1.2
20.611,9,23681.4,13259.3,15.0,23670.4,13311.0,42.0,23699.8,13238.4,23.4,1.0
20.611,10,23492.8,13146.9,15.0,23475.0,13135.1,23.7,23505.4,13199.9,44.8,1.5
20.611,11,23589.7,14615.6,15.0,23574.5,14611.4,26.1,23597.5,14635.9,23.3,0.9
20.611,12,23442.8,15233.4,15.0,23419.6,15240.7,22.5,23468.4,15235.3,22.3,1.2
20.611,13,23493.8,14623.4,15.0,23487.3,14660.4,25.6,23510.3,14592.9,23.4,1.0
20.637,0,22700.7,15175.2,15.0,22709.9,15184.7,22.4,22716.5,15160.1,30.9,1.3
20.637,1,22769.1,15219.3,15.0,22784.5,15227.2,22.3,22773.7,15204.6,26.9,1.3
20.637,2,23669.8,13426.1,15.0,23662.6,13459.0,23.6,23686.6,13400.5,22.3,1.3
20.637,3,23646.1,13568.8,15.0,23631.8,13586.6,32.8,23656.0,13575.9,22.7,1.0
20.637,4,23472.4,14264.7,15.0,23465.7,14289.9,23.2,23487.2,14245.5,24.2,1.0
20.637,5,23558.1,13567.4,15.0,23543.9,13556.6,23.6,23564.7,13588.5,22.4,1.2
20.637,6,22961.6,15316.3,15.0,22979.2,15324.2,22.7,22963.4,15300.7,26.8,1.3
20.637,7,23682.6,13237.8,15.0,23673.0,13246.3,22.6,23697.5,13254.0,31.3,1.2
20.637,8,22452.0,15227.0,15.0,22487.8,15234.2,25.7,22426.0,15210.6,22.4,1.2
20.637,9,23681.4,13256.6,15.0,23669.4,13309.5,44.9,23699.6,13239.6,23.4,1.0
20.637,10,23492.8,13143.1,15.0,23475.4,13133.2,23.7,23506.4,13196.0,46.1,1.5
20.637,11,23589.7,14613.3,15.0,23574.4,14600.8,24.5,23597.1,14636.4,23.2,0.9
20.637,12,23439.7,15232.4,15.0,23412.6,15238.8,22.3,23467.9,15235.1,22.5,1.2
20.637,13,23493.8,14620.6,15.0,23486.7,14661.3,28.2,23510.8,14591.0,23.4,1.0
20.666,0,22697.1,15175.2,15.0,22710.6,15183.6,22.4,22706.4,15160.1,28.6,1.3
20.666,1,22765.5,15219.3,15.0,22785.2,15226.5,22.3,22759.3,15204.7,24.3,1.3
20.666,2,23669.8,13422.4,15.0,23662.1,13459.5,25.9,23687.2,13396.8,22.5,1.3
20.666,3,23646.1,13565.7,15.0,23631.7,13578.4,30.1,23654.9,13576.5,22.7,1.0
20.666,4,23472.4,14261.7,15.0,23465.9,14290.4,23.2,23487.4,14235.2,23.8,1.0
20.666,5,23558.1,13564.0,15.0,23543.8,13544.0,22.8,23564.4,13588.8,22.4,1.2
20.666,6,22957.9,15316.3,15.0,22980.0,15323.5,22.7,22947.7,15300.9,24.2,1.3
20.666,7,23682.6,13234.3,15.0,23674.1,13247.1,22.6,23697.6,13245.0,29.3,1.2
20.666,8,22448.6,15227.0,15.0,22489.5,15235.1,29.9,22423.8,15210.1,22.5,1.2
20.666,9,23681.4,13253.7,15.0,23668.4,13306.3,46.0,23699.2,13240.5,23.4,1.0
20.666,10,23492.8,13138.9,15.0,23476.0,13130.3,23.5,23507.5,13191.7,49.4,1.5
20.666,11,23589.6,14610.8,15.0,23574.3,14589.4,24.0,23596.8,14637.1,23.2,0.9
20.666,12,23436.3,15231.3,15.0,23408.1,15238.2,21.9,23467.4,15234.6,23.1,1.2
20.666,13,23493.7,14617.5,15.0,23485.7,14663.3,33.0,23511.3,14589.6,23.4,1.0
20.690,0,22694.1,15175.2,15.0,22712.4,15182.7,22.4,22692.4,15160.2,25.6,1.3
20.690,1,22762.5,15219.3,15.0,22786.6,15226.0,22.4,22745.2,15204.7,22.9,1.3
20.690,2,23669.8,13419.3,15.0,23661.2,13462.4,30.5,23687.8,13394.9,22.7,1.3
20.690,3,23646.1,13563.2,15.0,23631.7,13569.1,27.8,23653.9,13578.3,22.7,1.0
20.690,4,23472.4,14259.2,15.0,23465.9,14291.2,23.5,23488.0,14229.6,23.5,1.0
20.690,5,23558.1,13561.2,15.0,23543.3,13536.3,22.5,23564.3,13589.6,22.6,1.2
20.690,6,22954.9,15316.3,15.0,22981.5,15323.1,22.8,22934.6,15300.8,23.0,1.3
20.690,7,23682.6,13231.5,15.0,23675.0,13249.0,22.6,23697.4,13231.7,26.2,1.2
20.690,8,22445.8,15227.0,15.0,22491.6,15236.3,35.8,22424.1,15209.8,22.7,1.2
20.690,9,23681.4,13251.3,15.0,23667.3,13303.3,48.5,23698.6,13241.4,23.4,1.0
20.690,10,23492.8,13135.4,15.0,23476.7,13128.2,23.3,23508.6,13189.0,54.7,1.5
20.690,11,23589.6,14608.8,15.0,23573.8,14581.3,23.8,23596.7,14638.1,23.3,0.9
20.690,12,23433.5,15230.4,15.0,23405.5,15238.2,22.0,23468.7,15234.2,25.4,1.2
20.690,13,23493.7,14615.1,15.0,23484.4,14665.3,39.3,23511.6,14591.4,23.4,1.0
20.713,0,22691.2,15175.2,15.0,22713.3,15182.2,22.5,22678.8,15160.3,23.6,1.3
20.713,1,22759.6,15219.3,15.0,22787.0,15225.8,22.5,22736.4,15204.3,22.4,1.3
20.713,2,23669.8,13416.4,15.0,23660.2,13464.1,35.5,23688.1,13394.2,22.9,1.3
20.713,3,23646.1,13560.8,15.0,23631.8,13558.2,25.7,23653.2,13579.4,22.7,1.0
20.713,4,23472.4,14256.9,15.0,23465.6,14291.5,24.3,23488.6,14226.9,23.2,1.0
20.713,5,23558.1,13558.5,15.0,23542.7,13532.8,22.1,23564.5,13589.4,23.1,1.2
20.713,6,22952.0,15316.3,15.0,22981.9,15323.0,23.0,22927.4,15300.4,22.6,1.3
20.713,7,23682.6,13228.7,15.0,23675.6,13250.0,22.6,23697.2,13218.8,24.0,1.2
20.713,8,22443.1,15227.0,15.0,22491.5,15237.4,40.1,22424.8,15209.7,22.8,1.2
20.713,9,23681.4,13248.9,15.0,23666.5,13300.8,51.6,23697.9,13241.4,23.4,1.0
20.713,10,23492.8,13132.1,15.0,23477.4,13125.9,23.0,23509.1,13183.3,54.9,1.5
20.713,11,23589.6,14606.9,15.0,23573.3,14577.6,23.6,23596.7,14638.3,23.5,0.9
20.713,12,23430.8,15229.5,15.0,23403.7,15238.2,22.2,23470.6,15233.9,29.1,1.2
20.713,13,23493.6,14612.7,15.0,23483.3,14664.6,42.8,23511.6,14593.0,23.3,1.0
20.736,0,22688.2,15175.2,15.0,22713.8,15181.9,22.5,22668.8,15160.2,22.7,1.3
20.736,1,22756.7,15219.3,15.0,22786.7,15226.0,22.9,22732.5,15203.8,22.0,1.3
20.736,2,23669.8,13413.4,15.0,23659.0,13464.5,40.6,23688.2,13394.2,23.2,1.3
20.736,3,23646.1,13558.4,15.0,23632.0,13546.1,23.9,23652.7,13580.2,22.7,1.0
20.736,4,23472.3,14254.5,15.0,23465.2,14292.1,26.2,23489.2,14225.0,23.2,1.0
20.736,5,23558.1,13555.7,15.0,23542.2,13530.3,22.2,23564.9,13589.8,24.9,1.2
20.736,6,22949.0,15316.3,15.0,22981.6,15323.2,23.5,22923.4,15299.8,22.2,1.3
20.736,7,23682.6,13225.9,15.0,23676.0,13250.7,22.6,23697.3,13207.2,23.2,1.2
20.736,8,22440.3,15227.0,15.0,22490.1,15238.4,43.0,22425.6,15209.9,23.0,1.2
20.736,9,23681.4,13246.6,15.0,23665.7,13298.7,55.6,23697.3,13241.0,23.4,1.0
20.736,10,23492.8,13128.7,15.0,23478.2,13124.2,22.9,23509.2,13175.2,51.4,1.5
20.736,11,23589.5,14604.9,15.0,23572.8,14575.1,23.3,23596.9,14638.2,23.8,0.9
20.736,12,23428.1,15228.7,15.0,23402.9,15238.4,22.3,23471.9,15233.1,33.5,1.2
20.736,13,23493.6,14610.2,15.0,23482.3,14662.9,45.1,23511.3,14594.4,23.4,1.0
20.758,0,22685.4,15175.2,15.0,22714.1,15181.8,22.7,22661.7,15159.7,22.4,1.3
20.758,1,22753.9,15219.3,15.0,22787.0,15226.3,24.3,22729.6,15203.2,22.0,1.3
20.758,2,23669.8,13410.6,15.0,23657.9,13463.4,44.0,23688.0,13395.1,23.5,1.3
20.758,3,23646.1,13556.1,15.0,23632.0,13535.2,23.4,23652.4,13581.1,22.7,1.0
20.758,4,23472.3,14252.2,15.0,23464.5,14294.0,29.6,23489.7,14223.9,23.2,1.0
20.758,5,23558.1,13553.1,15.0,23541.8,13528.6,22.3,23565.5,13591.3,28.0,1.2
20.758,6,22946.2,15316.3,15.0,22982.5,15323.6,25.5,22920.8,15299.3,22.4,1.3
20.758,7,23682.6,13223.3,15.0,23676.1,13251.2,22.7,23697.6,13198.5,22.8,1.2
20.758,8,22437.7,15227.0,15.0,22487.3,15239.3,44.1,22426.0,15210.3,23.0,1.2
20.758,9,23681.4,13244.4,15.0,23665.3,13294.1,55.9,23696.5,13240.8,23.4,1.0
20.758,10,23492.8,13125.6,15.0,23479.2,13122.9,22.7,23509.0,13164.2,45.0,1.5
20.758,11,23589.5,14603.0,15.0,23572.3,14573.5,23.3,23597.2,14638.9,25.1,0.9
20.758,12,23425.5,15227.9,15.0,23403.1,15238.7,22.5,23472.8,15232.1,38.2,1.2
20.758,13,23493.6,14608.0,15.0,23481.4,14660.3,46.1,23510.9,14595.5,23.4,1.0
20.782,0,22682.4,15175.2,15.0,22713.6,15182.0,23.2,22657.8,15159.2,22.0,1.3
20.782,1,22750.9,15219.3,15.0,22787.5,15226.7,26.5,22726.9,15202.7,22.1,1.3
20.782,2,23669.8,13407.6,15.0,23656.9,13460.7,45.5,23687.7,13394.9,23.6,1.3
20.782,3,23646.1,13553.6,15.0,23631.7,13527.5,23.3,23652.3,13581.3,22.7,1.0
20.782,4,23472.3,14249.8,15.0,23463.7,14295.4,33.7,23490.0,14223.2,23.2,1.0
20.782,5,23558.1,13550.3,15.0,23541.4,13527.2,22.4,23566.4,13592.4,31.9,1.2
20.782,6,22943.3,15316.3,15.0,22983.7,15324.2,28.6,22918.5,15298.8,22.5,1.3
20.782,7,23682.6,13220.5,15.0,23676.0,13250.9,23.1,23698.1,13194.7,22.5,1.2
20.782,8,22434.9,15227.0,15.0,22484.2,15240.1,45.9,22425.5,15210.8,23.0,1.2
20.782,9,23681.4,13242.0,15.0,23665.2,13288.2,54.1,23695.7,13240.3,23.4,1.0
20.782,10,23492.8,13122.2,15.0,23480.1,13121.9,22.6,23508.8,13152.8,39.0,1.5
20.782,11,23589.5,14601.0,15.0,23571.8,14571.9,23.3,23597.5,14639.3,26.6,0.9
20.782,12,23422.8,15227.1,15.0,23403.6,15238.7,22.6,23471.6,15230.5,41.0,1.2
20.782,13,23493.5,14605.5,15.0,23480.5,14657.4,48.2,23510.4,14595.4,23.4,1.0
20.804,0,22679.6,15175.2,15.0,22714.3,15182.3,25.0,22655.1,15158.6,22.1,1.3
20.804,1,22748.1,15219.3,15.0,22789.4,15227.5,30.5,22725.2,15202.4,22.3,1.3
20.804,2,23669.8,13404.7,15.0,23656.0,13457.7,47.2,23687.2,13394.5,23.6,1.3
20.804,3,23646.1,13551.3,15.0,23631.2,13523.5,23.0,23652.4,13581.4,23.0,1.0
20.804,4,23472.3,14247.5,15.0,23462.6,14296.6,38.7,23490.2,14224.3,23.2,1.0
20.804,5,23558.1,13547.7,15.0,23541.3,13527.6,22.5,23567.4,13593.4,36.8,1.2
20.804,6,22940.4,15316.3,15.0,22985.6,15325.2,33.1,22917.1,15298.5,22.7,1.3
20.804,7,23682.6,13217.8,15.0,23675.7,13251.2,24.2,23698.7,13191.7,22.3,1.2
20.804,8,22432.3,15227.0,15.0,22481.3,15241.0,48.8,22424.8,15211.3,22.9,1.2
20.804,9,23681.4,13239.7,15.0,23665.4,13278.6,47.9,23694.8,13240.2,23.4,1.0
20.804,10,23492.8,13118.9,15.0,23481.2,13121.9,22.4,23508.8,13143.6,35.0,1.5
20.804,11,23589.4,14599.1,15.0,23571.4,14571.2,23.3,23598.2,14641.1,29.8,0.9
20.804,12,23420.1,15226.3,15.0,23404.0,15238.6,22.7,23469.6,15228.7,42.8,1.2
20.804,13,23493.5,14603.2,15.0,23479.6,14654.9,51.4,23509.8,14595.4,23.4,1.0
20.826,0,22676.8,15175.2,15.0,22715.4,15182.9,27.8,22652.8,15158.2,22.3,1.3
20.826,1,22745.3,15219.3,15.0,22790.4,15228.5,35.1,22724.7,15202.1,22.5,1.3
20.826,2,23669.8,13401.9,15.0,23655.1,13454.4,49.9,23686.7,13393.4,23.5,1.3
20.826,3,23646.1,13548.9,15.0,23630.6,13520.8,22.8,23652.6,13581.4,23.7,1.0
20.826,4,23472.3,14245.2,15.0,23461.6,14296.0,42.0,23490.2,14225.6,23.2,1.0
20.826,5,23558.1,13545.1,15.0,23541.3,13528.2,22.6,23568.4,13592.5,40.1,1.2
20.826,6,22937.6,15316.3,15.0,22986.6,15326.2,38.2,22917.1,15298.3,23.0,1.3
20.826,7,23682.6,13215.1,15.0,23675.3,13251.7,26.2,23699.2,13189.4,22.4,1.2
20.826,8,22429.6,15227.0,15.0,22479.0,15241.8,52.7,22423.8,15212.0,22.9,1.2
20.826,9,23681.4,13237.5,15.0,23665.6,13268.8,42.1,23693.9,13240.2,23.4,1.0
20.826,10,23492.8,13115.7,15.0,23482.3,13122.1,22.3,23508.9,13136.1,32.5,1.5
20.826,11,23589.4,14597.2,15.0,23571.1,14570.6,23.3,23598.9,14642.4,33.2,0.9
20.826,12,23417.5,15225.6,15.0,23403.8,15238.2,22.8,23467.0,15226.9,44.0,1.2
20.826,13,23493.4,14600.8,15.0,23478.8,14652.8,55.4,23509.1,14595.1,23.4,1.0
20.849,0,22673.9,15175.1,15.0,22717.0,15183.8,31.9,22651.1,15157.8,22.4,1.3
20.849,1,22742.5,15219.3,15.0,22790.4,15229.5,39.4,22724.8,15202.1,22.7,1.3
20.849,2,23669.8,13399.0,15.0,23654.2,13452.0,54.0,23686.1,13392.0,23.4,1.3
20.849,3,23646.1,13546.6,15.0,23630.1,13518.9,22.8,23653.0,13581.8,25.5,1.0
20.849,4,23472.3,14242.8,15.0,23460.7,14294.5,44.5,23490.0,14227.0,23.2,1.0
20.849,5,23558.1,13542.4,15.0,23541.6,13528.8,22.7,23569.3,13590.7,42.5,1.2
20.849,6,22934.7,15316.4,15.0,22985.9,15327.3,41.9,22917.5,15298.4,23.2,1.3
20.849,7,23682.6,13212.4,15.0,23674.5,13253.5,30.0,23699.6,13187.8,22.5,1.2
20.849,8,22426.9,15227.0,15.0,22474.3,15242.2,53.2,22422.8,15212.7,22.8,1.2
20.849,9,23681.4,13235.2,15.0,23665.9,13258.1,36.9,23693.0,13240.4,23.4,1.0
20.849,10,23492.8,13112.4,15.0,23483.3,13122.8,22.3,23509.0,13128.3,30.8,1.5
20.849,11,23589.4,14595.3,15.0,23571.0,14571.3,23.2,23599.7,14643.3,37.0,0.9
20.849,12,23414.8,15224.8,15.0,23403.0,15237.5,22.7,23464.3,15225.1,46.5,1.2
20.849,13,23493.4,14598.5,15.0,23478.3,14648.1,55.5,23508.3,14594.7,23.4,1.0
20.872,0,22671.0,15175.1,15.0,22717.9,15184.8,36.8,22651.0,15157.7,22.7,1.3
20.872,1,22739.6,15219.3,15.0,22789.0,15230.6,42.4,22725.3,15202.3,22.9,1.3
20.872,2,23669.8,13396.1,15.0,23653.6,13447.8,55.8,23685.3,13390.6,23.3,1.3
20.872,3,23646.1,13544.2,15.0,23629.6,13517.6,22.8,23653.6,13583.4,28.6,1.0
20.872,4,23472.3,14240.5,15.0,23459.8,14291.8,45.4,23489.6,14227.8,23.2,1.0
20.872,5,23558.1,13539.7,15.0,23541.9,13529.0,22.8,23570.2,13587.8,43.4,1.2
20.872,6,22931.8,15316.4,15.0,22984.1,15328.4,44.5,22917.9,15298.6,23.4,1.3
20.872,7,23682.6,13209.7,15.0,23673.6,13254.8,34.5,23699.9,13187.3,22.6,1.2
20.872,8,22424.2,15227.0,15.0,22467.7,15242.4,51.0,22421.9,15213.5,22.8,1.2
20.872,9,23681.4,13232.9,15.0,23665.8,13251.6,33.9,23692.0,13241.1,23.4,1.0
20.872,10,23492.8,13109.1,15.0,23484.2,13123.6,22.2,23508.8,13117.2,28.1,1.5
20.872,11,23589.3,14593.4,15.0,23571.0,14572.2,23.2,23600.6,14643.5,40.6,0.9
20.872,12,23412.1,15224.1,15.0,23402.0,15236.7,22.7,23462.1,15223.4,50.1,1.2
20.872,13,23493.4,14596.1,15.0,23478.0,14641.6,53.2,23507.5,14594.4,23.4,1.0
20.894,0,22668.2,15175.1,15.0,22717.4,15185.9,40.7,22651.3,15157.7,22.9,1.3
20.894,1,22736.7,15219.3,15.0,22786.1,15231.5,43.6,22725.2,15202.6,23.0,1.3
20.894,2,23669.8,13393.1,15.0,23653.3,13441.5,54.6,23684.5,13389.4,23.2,1.3
20.894,3,23646.1,13541.8,15.0,23629.3,13516.9,22.7,23654.5,13584.8,32.6,1.0
20.894,4,23472.3,14238.1,15.0,23459.0,14289.1,47.3,23489.1,14228.1,23.2,1.0
20.894,5,23558.1,13537.0,15.0,23542.4,13528.3,22.7,23571.0,13584.8,45.6,1.2
20.894,6,22928.9,15316.4,15.0,22981.1,15329.3,45.6,22917.8,15299.0,23.4,1.3
20.894,7,23682.6,13206.9,15.0,23672.5,13255.2,39.2,23700.0,13187.6,22.8,1.2
20.894,8,22421.5,15227.0,15.0,22457.9,15242.1,45.1,22421.1,15214.3,22.7,1.2
20.894,9,23681.4,13230.6,15.0,23665.7,13244.7,31.5,23691.0,13242.1,23.4,1.0
20.894,10,23492.8,13105.8,15.0,23484.9,13124.5,22.2,23508.6,13104.4,25.4,1.5
20.894,11,23589.3,14591.5,15.0,23571.1,14573.5,23.2,23601.4,14642.6,43.0,0.9
20.894,12,23409.4,15223.3,15.0,23401.1,15235.8,22.6,23458.7,15221.7,52.3,1.2
20.894,13,23493.3,14593.7,15.0,23478.1,14631.9,47.2,23506.6,14594.1,23.4,1.0
20.917,0,22665.2,15175.1,15.0,22715.6,15186.9,43.4,22651.7,15157.9,23.1,1.3
20.917,1,22733.8,15219.3,15.0,22783.0,15232.3,45.4,22724.5,15203.1,23.0,1.3
20.917,2,23669.8,13390.2,15.0,23653.5,13431.2,48.1,23683.6,13388.3,23.1,1.3
20.917,3,23646.1,13539.4,15.0,23629.1,13517.6,22.7,23655.4,13585.5,37.2,1.0
20.917,4,23472.3,14235.7,15.0,23458.2,14286.3,50.0,23488.5,14227.9,23.2,1.0
20.917,5,23558.1,13534.3,15.0,23543.0,13527.4,22.7,23571.8,13582.0,48.6,1.2
20.917,6,22926.0,15316.4,15.0,22977.9,15330.2,48.1,22916.7,15299.5,23.4,1.3
20.917,7,23682.6,13204.2,15.0,23671.5,13253.9,42.3,23699.8,13188.5,22.9,1.2
20.917,8,22418.8,15227.0,15.0,22447.3,15241.9,39.1,22420.8,15215.3,22.7,1.2
20.917,9,23681.4,13228.3,15.0,23665.6,13237.6,29.9,23690.2,13243.2,23.4,1.0
20.917,10,23492.8,13102.5,15.0,23485.4,13125.2,22.4,23508.6,13091.0,23.5,1.5
20.917,11,23589.3,14589.5,15.0,23571.3,14574.5,23.2,23602.1,14641.1,44.7,0.9
20.917,12,23406.7,15222.6,15.0,23400.1,15234.8,22.5,23453.3,15219.7,51.5,1.2
20.917,13,23493.3,14591.3,15.0,23478.2,14621.5,41.1,23505.6,14594.2,23.4,1.0
20.940,0,22662.3,15175.1,15.0,22712.6,15187.8,44.5,22651.5,15158.3,23.1,1.3
20.940,1,22731.0,15219.3,15.0,22779.9,15233.2,48.1,22723.3,15203.6,22.9,1.3
20.940,2,23669.8,13387.3,15.0,23653.8,13420.0,41.6,23682.6,13387.9,23.0,1.3
20.940,3,23646.1,13537.0,15.0,23629.2,13518.8,22.7,23656.4,13584.8,40.5,1.0
20.940,4,23472.2,14233.4,15.0,23457.3,14284.3,54.0,23487.8,14227.6,23.2,1.0
20.940,5,23558.1,13531.6,15.0,23543.6,13526.4,22.7,23572.5,13579.6,52.6,1.2
20.940,6,22923.1,15316.4,15.0,22975.0,15331.1,51.5,22915.5,15300.1,23.3,1.3
20.940,7,23682.6,13201.5,15.0,23670.6,13251.4,43.9,23699.5,13188.9,23.0,1.2
20.940,8,22416.1,15227.0,15.0,22437.5,15241.7,34.5,22420.8,15216.3,22.6,1.2
20.940,9,23681.4,13226.0,15.0,23665.8,13227.0,27.4,23689.4,13244.6,23.4,1.0
20.940,10,23492.8,13099.2,15.0,23485.7,13125.7,22.5,23508.9,13081.4,22.3,1.5
20.940,11,23589.3,14587.6,15.0,23571.7,14575.2,23.2,23602.8,14638.8,45.5,0.9
20.940,12,23404.0,15221.9,15.0,23399.5,15233.7,22.4,23444.3,15217.3,45.8,1.2
20.940,13,23493.3,14588.9,15.0,23478.2,14611.1,36.1,23504.7,14594.5,23.4,1.0
20.963,0,22659.4,15175.1,15.0,22709.4,15188.7,46.7,22650.5,15158.8,23.1,1.3
20.963,1,22728.1,15219.3,15.0,22777.5,15234.0,52.1,22721.9,15204.2,22.8,1.3
20.963,2,23669.8,13384.3,15.0,23654.0,13409.1,36.4,23681.6,13387.7,22.9,1.3
20.963,3,23646.1,13534.6,15.0,23629.4,13519.9,22.7,23657.3,13583.2,42.8,1.0
20.963,4,23472.2,14231.0,15.0,23456.9,14280.1,55.0,23487.1,14227.2,23.2,1.0
20.963,5,23558.1,13528.9,15.0,23544.3,13525.3,22.6,23572.8,13574.1,51.9,1.2
20.963,6,22920.2,15316.4,15.0,22972.4,15332.0,55.6,22914.1,15300.8,23.2,1.3
20.963,7,23682.6,13198.7,15.0,23669.7,13248.4,45.3,23699.1,13188.7,23.0,1.2
20.963,8,22413.4,15227.0,15.0,22430.5,15241.9,31.7,22421.2,15217.2,22.6,1.2
20.963,9,23681.4,13223.6,15.0,23665.9,13215.5,25.5,23688.8,13245.7,23.4,1.0
20.963,10,23492.8,13095.8,15.0,23485.7,13125.6,22.9,23509.3,13075.5,21.9,1.5
20.963,11,23589.2,14585.6,15.0,23572.1,14575.4,23.3,23603.4,14636.5,46.9,0.9
20.963,12,23401.3,15221.2,15.0,23399.0,15232.7,22.4,23434.4,15214.8,40.0,1.2
20.963,13,23493.2,14586.5,15.0,23478.0,14604.3,33.1,23503.7,14595.2,23.4,1.0
20.987,0,22656.4,15175.1,15.0,22706.4,15189.5,49.9,22649.1,15159.3,23.0,1.3
20.987,1,22725.1,15219.3,15.0,22772.6,15234.4,52.9,22720.5,15204.9,22.7,1.3
20.987,2,23669.8,13381.3,15.0,23653.8,13401.5,33.3,23680.5,13388.0,22.9,1.3
20.987,3,23646.1,13532.1,15.0,23629.8,13520.5,22.7,23658.1,13580.3,43.7,1.0
20.987,4,23472.2,14228.6,15.0,23456.6,14274.3,53.7,23486.3,14226.6,23.2,1.0
20.987,5,23558.1,13526.1,15.0,23545.1,13524.4,22.5,23572.9,13566.4,48.3,1.2
20.987,6,22917.1,15316.4,15.0,22966.3,15332.3,54.6,22912.7,15301.6,23.1,1.3
20.987,7,23682.6,13195.8,15.0,23668.8,13245.1,47.9,23698.5,13187.8,23.0,1.2
20.987,8,22410.5,15227.0,15.0,22423.0,15241.9,29.8,22421.9,15218.2,22.6,1.2
20.987,9,23681.4,13221.2,15.0,23666.1,13202.6,24.4,23688.4,13246.7,23.4,1.0
20.987,10,23492.8,13092.4,15.0,23485.4,13125.5,24.0,23509.9,13071.3,21.7,1.5
20.987,11,23589.2,14583.6,15.0,23572.5,14575.3,23.3,23604.0,14634.1,49.0,0.9
20.987,12,23398.4,15220.5,15.0,23398.9,15231.7,22.3,23423.7,15212.2,34.9,1.2
20.987,13,23493.2,14584.1,15.0,23477.8,14596.9,30.9,23502.7,14596.3,23.3,1.0
21.013,0,22653.1,15175.1,15.0,22703.4,15190.3,54.2,22647.3,15160.0,22.9,1.3
21.013,1,22721.7,15219.3,15.0,22765.3,15234.6,50.5,22718.8,15205.7,22.6,1.3
21.013,2,23669.8,13377.9,15.0,23653.8,13393.1,31.2,23679.4,13388.6,22.8,1.3
21.013,3,23646.1,13529.3,15.0,23630.3,13520.3,22.7,23659.0,13577.2,45.8,1.0
21.013,4,23472.2,14225.8,15.0,23456.8,14264.2,47.4,23485.4,14226.1,23.2,1.0
21.013,5,23558.1,13522.9,15.0,23546.1,13523.3,22.5,23572.6,13555.7,42.3,1.2
21.013,6,22913.8,15316.4,15.0,22957.1,15332.3,49.9,22911.2,15302.5,23.0,1.3
21.013,7,23682.6,13192.7,15.0,23668.0,13242.3,51.9,23697.9,13186.4,22.9,1.2
21.013,8,22407.4,15227.0,15.0,22413.0,15241.8,27.5,22422.6,15219.1,22.6,1.2
21.013,9,23681.4,13218.5,15.0,23665.9,13193.0,24.0,23688.2,13247.2,23.4,1.0
21.013,10,23492.8,13088.6,15.0,23485.0,13125.8,26.3,23510.4,13067.2,22.0,1.5
21.013,11,23589.2,14581.3,15.0,23573.1,14574.8,23.3,23604.7,14632.0,52.1,0.9
21.013,12,23395.3,15219.7,15.0,23399.1,15230.7,22.3,23416.4,15210.1,31.9,1.2
21.013,13,23493.1,14581.3,15.0,23477.7,14588.1,28.8,23501.8,14597.3,23.4,1.0
21.042,0,22649.4,15175.1,15.0,22696.4,15190.7,53.1,22645.5,15160.9,22.8,1.3
21.042,1,22718.1,15219.2,15.0,22753.3,15234.3,43.8,22717.4,15206.7,22.6,1.3
21.042,2,23669.8,13374.2,15.0,23653.8,13381.5,28.4,23678.4,13389.6,22.8,1.3
21.042,3,23646.1,13526.3,15.0,23630.9,13519.7,22.8,23659.9,13574.0,49.2,1.0
21.042,4,23472.2,14222.9,15.0,23457.0,14252.2,40.6,23484.3,14225.8,23.2,1.0
21.042,5,23558.1,13519.6,15.0,23547.1,13522.7,22.5,23572.3,13543.1,35.8,1.2
21.042,6,22910.1,15316.4,15.0,22944.3,15332.1,42.8,22910.2,15303.6,22.9,1.3
21.042,7,23682.6,13189.3,15.0,23667.4,13237.1,53.4,23697.1,13184.9,22.9,1.2
21.042,8,22404.0,15227.0,15.0,22399.3,15241.7,25.0,22423.5,15219.8,22.6,1.2
21.042,9,23681.4,13215.7,15.0,23665.4,13185.7,23.9,23688.1,13247.5,23.6,1.0
21.042,10,23492.8,13084.4,15.0,23484.0,13127.8,31.2,23510.8,13064.0,22.4,1.5
21.042,11,23589.1,14578.9,15.0,23573.7,14574.3,23.3,23605.3,14629.5,55.6,0.9
21.042,12,23391.9,15218.8,15.0,23399.8,15229.7,22.2,23408.0,15207.9,29.6,1.2
21.042,13,23493.1,14578.3,15.0,23477.7,14574.8,26.4,23501.0,14598.6,23.4,1.0
21.066,0,22646.4,15175.1,15.0,22685.6,15190.6,46.7,22644.6,15161.9,22.7,1.3
21.066,1,22715.1,15219.2,15.0,22740.2,15234.0,36.5,22717.4,15207.9,22.5,1.3
21.066,2,23669.8,13371.1,15.0,23654.0,13366.6,25.4,23677.5,13391.5,22.8,1.3
21.066,3,23646.1,13523.8,15.0,23631.8,13519.5,22.8,23660.7,13571.1,53.0,1.0
21.066,4,23472.2,14220.4,15.0,23457.1,14241.0,35.0,23483.1,14226.7,23.2,1.0
21.066,5,23558.1,13516.7,15.0,23548.3,13523.5,22.4,23572.4,13534.4,31.9,1.2
21.066,6,22907.1,15316.5,15.0,22931.3,15331.9,36.0,22910.5,15304.8,22.8,1.3
21.066,7,23682.6,13186.4,15.0,23667.2,13228.8,49.9,23696.1,13184.2,22.8,1.2
21.066,8,22401.1,15227.0,15.0,22383.9,15241.5,23.4,22425.0,15220.4,22.6,1.2
21.066,9,23681.4,13213.2,15.0,23664.6,13182.5,23.4,23688.4,13248.0,24.2,1.0
21.066,10,23492.8,13080.9,15.0,23482.6,13129.8,37.7,23511.0,13063.1,22.9,1.5
21.066,11,23589.1,14576.9,15.0,23574.5,14574.2,23.3,23605.5,14624.3,54.7,0.9
21.066,12,23389.0,15218.1,15.0,23401.6,15229.1,22.2,23397.3,15205.3,26.9,1.2
21.066,13,23493.1,14575.8,15.0,23477.6,14559.3,24.4,23500.4,14600.4,23.4,1.0
21.088,0,22643.5,15175.1,15.0,22674.6,15190.3,40.4,22644.3,15162.9,22.6,1.3
21.088,1,22712.3,15219.2,15.0,22732.2,15234.0,33.0,22717.8,15208.9,22.4,1.3
21.088,2,23669.8,13368.3,15.0,23654.1,13352.4,23.8,23677.0,13392.7,22.9,1.3
21.088,3,23646.1,13521.4,15.0,23632.6,13519.1,22.8,23660.9,13565.6,52.1,1.0
21.088,4,23472.2,14218.1,15.0,23457.0,14234.0,32.0,23482.1,14227.6,23.2,1.0
21.088,5,23558.1,13514.1,15.0,23549.3,13524.4,22.4,23572.5,13527.1,29.7,1.2
21.088,6,22904.2,15316.5,15.0,22923.7,15332.1,32.8,22911.2,15306.0,22.8,1.3
21.088,7,23682.6,13183.7,15.0,23667.5,13218.2,43.7,23695.1,13183.7,22.7,1.2
21.088,8,22398.5,15227.0,15.0,22375.0,15241.8,22.9,22425.6,15220.6,22.7,1.2
21.088,9,23681.4,13211.0,15.0,23664.0,13180.7,23.4,23688.8,13249.0,26.1,1.0
21.088,10,23492.8,13077.7,15.0,23481.4,13129.4,42.0,23510.9,13062.9,23.4,1.5
21.088,11,23589.1,14575.0,15.0,23575.3,14574.0,23.2,23605.5,14618.2,51.6,0.9
21.088,12,23386.3,15217.5,15.0,23402.8,15228.6,22.2,23385.6,15202.7,24.7,1.2
21.088,13,23493.0,14573.4,15.0,23477.4,14548.9,23.9,23500.2,14601.5,23.4,1.0
21.111,0,22640.7,15175.1,15.0,22664.1,15190.1,35.4,22644.0,15163.9,22.6,1.3
21.111,1,22709.5,15219.2,15.0,22725.1,15234.1,30.7,22718.3,15209.9,22.3,1.3
21.111,2,23669.8,13365.4,15.0,23653.9,13343.4,23.0,23676.8,13393.3,22.9,1.3
21.111,3,23646.1,13519.1,15.0,23633.4,13518.7,22.7,23660.9,13557.7,47.5,1.0
21.111,4,23472.2,14215.8,15.0,23456.9,14227.0,30.2,23481.2,14228.8,23.2,1.0
21.111,5,23558.1,13511.4,15.0,23550.1,13525.2,22.4,23572.5,13519.0,27.9,1.2
21.111,6,22901.4,15316.5,15.0,22916.3,15332.1,30.9,22912.0,15306.9,22.7,1.3
21.111,7,23682.6,13181.0,15.0,23667.7,13207.6,37.8,23694.2,13183.5,22.7,1.2
21.111,8,22395.8,15227.0,15.0,22370.1,15242.3,22.6,22425.6,15220.5,22.9,1.2
21.111,9,23681.4,13208.7,15.0,23663.5,13179.5,23.4,23689.4,13250.6,29.1,1.0
21.111,10,23492.8,13074.4,15.0,23480.4,13127.3,44.6,23510.6,13062.3,23.6,1.5
21.111,11,23589.1,14573.1,15.0,23576.0,14573.8,23.3,23605.2,14610.4,46.8,0.9
21.111,12,23383.7,15216.9,15.0,23403.6,15228.2,22.3,23373.4,15200.0,23.2,1.2
21.111,13,23493.0,14571.1,15.0,23476.9,14541.8,23.9,23500.1,14602.0,23.4,1.0
21.133,0,22637.8,15175.1,15.0,22657.1,15190.2,32.5,22644.2,15164.9,22.5,1.3
21.133,1,22706.6,15219.2,15.0,22717.8,15234.2,29.1,22718.9,15210.8,22.3,1.3
21.133,2,23669.8,13362.5,15.0,23653.4,13337.6,22.6,23676.8,13393.3,23.2,1.3
21.133,3,23646.1,13516.7,15.0,23634.2,13518.3,22.8,23660.6,13548.3,42.1,1.0
21.133,4,23472.2,14213.4,15.0,23456.9,14218.4,28.2,23480.4,14229.9,23.2,1.0
21.133,5,23558.1,13508.7,15.0,23550.8,13526.0,22.4,23572.4,13508.3,25.7,1.2
21.133,6,22898.5,15316.5,15.0,22907.1,15332.1,28.7,22912.9,15307.8,22.7,1.3
21.133,7,23682.6,13178.3,15.0,23667.8,13199.0,34.0,23693.2,13183.5,22.6,1.2
21.133,8,22393.1,15227.0,15.0,22366.8,15242.9,22.3,22425.5,15220.3,23.7,1.2
21.133,9,23681.4,13206.4,15.0,23663.1,13178.6,23.4,23690.3,13252.3,33.1,1.0
21.133,10,23492.8,13071.1,15.0,23479.4,13124.1,45.8,23510.3,13061.0,23.7,1.5
21.133,11,23589.0,14571.1,15.0,23576.7,14573.7,23.2,23604.9,14602.3,42.1,0.9
21.133,12,23380.9,15216.3,15.0,23403.9,15228.0,22.3,23364.6,15197.8,22.5,1.2
21.133,13,23493.0,14568.7,15.0,23476.2,14538.7,23.5,23500.3,14601.9,23.8,1.0
21.156,0,22634.9,15175.1,15.0,22649.6,15190.3,30.5,22644.9,15165.9,22.4,1.3
21.156,1,22703.7,15219.2,15.0,22706.7,15234.0,26.5,22719.8,15211.6,22.3,1.3
21.156,2,23669.8,13359.5,15.0,23652.8,13333.8,22.3,23677.0,13393.4,24.0,1.3
21.156,3,23646.1,13514.3,15.0,23635.1,13518.2,22.7,23660.4,13538.0,36.6,1.0
21.156,4,23472.1,14211.0,15.0,23457.0,14207.4,26.2,23479.7,14231.1,23.2,1.0
21.156,5,23558.1,13506.0,15.0,23551.4,13526.8,22.4,23572.2,13496.0,23.7,1.2
21.156,6,22895.6,15316.5,15.0,22895.4,15332.0,26.4,22914.0,15308.6,22.7,1.3
21.156,7,23682.6,13175.5,15.0,23667.7,13191.8,31.3,23692.2,13184.0,22.6,1.2
21.156,8,22390.4,15227.0,15.0,22364.4,15243.4,22.4,22426.0,15219.9,25.5,1.2
21.156,9,23681.4,13204.1,15.0,23662.9,13179.5,23.4,23691.3,13253.5,37.8,1.0
21.156,10,23492.8,13067.8,15.0,23478.4,13120.7,48.5,23509.8,13058.9,23.6,1.5
21.156,11,23589.0,14569.2,15.0,23577.5,14573.8,23.3,23604.5,14593.3,37.5,0.9
21.156,12,23378.2,15215.6,15.0,23404.0,15227.9,22.5,23358.2,15196.1,22.3,1.2
21.156,13,23492.9,14566.3,15.0,23475.6,14536.3,23.4,23500.6,14602.4,25.1,1.0
21.179,0,22632.1,15175.1,15.0,22640.9,15190.2,28.4,22645.8,15166.8,22.4,1.3
21.179,1,22700.9,15219.2,15.0,22694.5,15233.8,24.3,22720.7,15212.2,22.3,1.3
21.179,2,23669.8,13356.7,15.0,23652.2,13331.2,22.5,23677.4,13394.1,26.1,1.3
21.179,3,23646.1,13511.9,15.0,23636.1,13518.7,22.7,23660.4,13530.3,33.1,1.0
21.179,4,23472.1,14208.7,15.0,23457.1,14194.9,24.4,23479.2,14232.2,23.2,1.0
21.179,5,23558.1,13503.4,15.0,23551.7,13527.4,22.4,23572.2,13484.9,22.9,1.2
21.179,6,22892.7,15316.5,15.0,22882.0,15331.9,24.1,22915.0,15309.1,22.7,1.3
21.179,7,23682.6,13172.8,15.0,23667.6,13184.5,29.6,23691.3,13185.0,22.6,1.2
21.179,8,22387.7,15227.0,15.0,22362.7,15243.8,22.5,22427.6,15219.2,29.0,1.2
21.179,9,23681.4,13201.8,15.0,23662.9,13180.8,23.4,23692.3,13253.5,41.9,1.0
21.179,10,23492.8,13064.6,15.0,23477.5,13117.8,52.1,23509.3,13056.7,23.4,1.5
21.179,11,23589.0,14567.3,15.0,23578.3,14574.3,23.2,23604.4,14587.0,34.6,0.9
21.179,12,23375.5,15215.0,15.0,23403.7,15227.9,22.9,23354.8,15194.8,21.9,1.2
21.179,13,23492.9,14564.0,15.0,23475.0,14534.6,23.4,23501.1,14603.4,27.3,1.0
21.201,0,22629.2,15175.1,15.0,22629.7,15190.1,26.2,22646.7,15167.5,22.4,1.3
21.201,1,22698.0,15219.2,15.0,22682.2,15233.8,23.1,22721.3,15212.6,22.4,1.3
21.201,2,23669.8,13353.7,15.0,23651.8,13329.1,22.7,23678.1,13395.9,29.7,1.3
21.201,3,23646.1,13509.5,15.0,23637.0,13519.2,22.7,23660.5,13523.6,30.6,1.0
21.201,4,23472.1,14206.4,15.0,23457.0,14184.1,23.9,23478.9,14233.0,23.2,1.0
21.201,5,23558.1,13500.7,15.0,23551.8,13527.7,22.5,23572.5,13476.6,22.7,1.2
21.201,6,22889.8,15316.5,15.0,22871.0,15332.0,23.2,22915.6,15309.5,22.8,1.3
21.201,7,23682.6,13170.1,15.0,23667.7,13174.5,27.2,23690.5,13185.9,22.6,1.2
21.201,8,22385.0,15227.0,15.0,22361.8,15244.2,22.6,22429.0,15218.3,33.2,1.2
21.201,9,23681.4,13199.5,15.0,23663.1,13182.3,23.4,23693.3,13252.4,44.8,1.0
21.201,10,23492.8,13061.3,15.0,23476.7,13114.4,55.6,23508.7,13054.4,23.2,1.5
21.201,11,23589.0,14565.3,15.0,23579.1,14574.8,23.3,23604.5,14581.5,32.3,0.9
21.201,12,23372.8,15214.4,15.0,23404.0,15228.2,24.7,23352.3,15193.8,22.0,1.2
21.201,13,23492.9,14561.6,15.0,23474.6,14533.6,23.4,23501.9,14605.3,31.1,1.0
21.224,0,22626.3,15175.1,15.0,22616.9,15189.9,23.9,22647.5,15168.0,22.4,1.3
21.224,1,22695.2,15219.2,15.0,22673.5,15234.0,22.5,22721.6,15212.8,22.4,1.3
21.224,2,23669.8,13350.9,15.0,23651.5,13327.9,22.9,23679.1,13397.6,34.4,1.3
21.224,3,23646.1,13507.2,15.0,23637.8,13520.2,22.7,23660.5,13516.7,29.0,1.0
21.224,4,23472.1,14204.0,15.0,23456.7,14176.0,23.8,23478.8,14233.6,23.2,1.0
21.224,5,23558.1,13498.0,15.0,23551.7,13527.5,22.8,23573.1,13472.7,22.3,1.2
21.224,6,22887.0,15316.5,15.0,22862.7,15332.4,22.7,22916.0,15309.6,22.9,1.3
21.224,7,23682.6,13167.4,15.0,23667.9,13162.8,25.1,23689.8,13186.8,22.6,1.2
21.224,8,22382.4,15227.0,15.0,22362.1,15244.3,22.8,22429.8,15217.3,38.2,1.2
21.224,9,23681.4,13197.2,15.0,23663.4,13183.3,23.4,23694.1,13249.9,45.9,1.0
21.224,10,23492.8,13058.0,15.0,23476.4,13108.1,54.6,23507.9,13052.4,23.0,1.5
21.224,11,23588.9,14563.4,15.0,23579.9,14575.7,23.2,23604.4,14575.7,30.7,0.9
21.224,12,23370.0,15213.9,15.0,23405.1,15228.9,27.5,23350.2,15193.0,22.1,1.2
21.224,13,23492.8,14559.3,15.0,23474.3,14533.8,23.3,23502.9,14606.8,35.7,1.0
21.248,0,22623.3,15175.1,15.0,22605.6,15190.0,22.9,22647.9,15168.4,22.5,1.3
21.248,1,22692.2,15219.2,15.0,22668.3,15234.5,22.2,22721.3,15212.7,22.8,1.3
21.248,2,23669.8,13347.8,15.0,23651.4,13327.8,23.2,23680.2,13398.3,39.7,1.3
21.248,3,23646.1,13504.7,15.0,23638.6,13521.0,22.7,23660.4,13507.3,26.8,1.0
21.248,4,23472.1,14201.6,15.0,23456.2,14172.1,23.5,23478.9,14233.5,23.5,1.0
21.248,5,23558.1,13495.2,15.0,23551.5,13527.4,23.8,23573.6,13469.6,22.2,1.2
21.248,6,22883.9,15316.5,15.0,22858.7,15333.0,22.3,22915.7,15309.5,23.4,1.3
21.248,7,23682.6,13164.5,15.0,23668.0,13149.7,23.6,23689.4,13187.5,22.6,1.2
21.248,8,22379.5,15227.0,15.0,22362.8,15244.2,22.8,22428.6,15216.3,41.3,1.2
21.248,9,23681.4,13194.8,15.0,23663.9,13183.8,23.4,23695.0,13247.1,47.3,1.0
21.248,10,23492.8,13054.5,15.0,23476.4,13098.6,49.3,23507.1,13050.3,22.8,1.5
21.248,11,23588.9,14561.4,15.0,23580.6,14576.5,23.3,23604.4,14569.6,29.3,0.9
21.248,12,23367.2,15213.3,15.0,23406.2,15229.9,31.5,23348.5,15192.4,22.2,1.2
21.248,13,23492.8,14556.8,15.0,23474.2,14534.6,23.4,23503.9,14607.4,40.5,1.0
21.271,0,22620.4,15175.1,15.0,22596.9,15190.3,22.5,22648.3,15168.5,22.6,1.3
21.271,1,22689.2,15219.2,15.0,22664.8,15235.1,22.0,22721.4,15212.5,23.7,1.3
21.271,2,23669.8,13344.8,15.0,23651.5,13328.5,23.4,23681.4,13397.3,43.2,1.3
21.271,3,23646.1,13502.2,15.0,23639.2,13522.2,22.7,23660.3,13495.9,24.9,1.0
21.271,4,23472.1,14199.2,15.0,23455.5,14169.4,23.2,23479.2,14233.8,24.4,1.0
21.271,5,23558.1,13492.4,15.0,23551.0,13528.0,25.9,23574.1,13467.2,22.2,1.2
21.271,6,22881.0,15316.5,15.0,22855.6,15333.6,22.3,22916.3,15309.1,25.0,1.3
21.271,7,23682.6,13161.7,15.0,23667.8,13140.0,22.9,23689.1,13188.1,22.6,1.2
21.271,8,22376.8,15227.0,15.0,22363.5,15243.9,23.0,22426.5,15215.2,43.5,1.2
21.271,9,23681.4,13192.5,15.0,23664.5,13183.9,23.4,23695.8,13244.2,49.9,1.0
21.271,10,23492.8,13051.2,15.0,23476.7,13087.1,42.8,23506.1,13049.4,22.6,1.5
21.271,11,23588.9,14559.4,15.0,23581.2,14577.7,23.2,23604.2,14560.4,27.2,0.9
21.271,12,23364.4,15212.7,15.0,23406.9,15230.9,36.5,23348.6,15192.4,22.4,1.2
21.271,13,23492.8,14554.4,15.0,23474.4,14536.4,23.3,23505.0,14606.4,43.7,1.0
21.293,0,22617.6,15175.1,15.0,22593.1,15190.9,22.1,22648.2,15168.4,23.1,1.3
21.293,1,22686.5,15219.2,15.0,22662.2,15235.6,22.1,22722.0,15212.0,25.7,1.3
21.293,2,23669.8,13342.0,15.0,23651.8,13328.9,23.6,23682.4,13395.1,45.3,1.3
21.293,3,23646.1,13499.9,15.0,23639.6,13523.1,22.7,23660.1,13483.6,23.7,1.0
21.293,4,23472.1,14196.9,15.0,23454.9,14167.6,23.2,23479.6,14234.6,26.2,1.0
21.293,5,23558.1,13489.8,15.0,23550.2,13529.9,29.7,23574.5,13465.8,22.3,1.2
21.293,6,22878.2,15316.5,15.0,22853.3,15334.1,22.5,22917.5,15308.5,27.7,1.3
21.293,7,23682.6,13159.1,15.0,23667.3,13133.7,22.7,23689.1,13188.3,22.9,1.2
21.293,8,22374.2,15227.0,15.0,22363.7,15243.5,23.0,22423.6,15214.4,44.6,1.2
21.293,9,23681.4,13190.2,15.0,23665.1,13183.7,23.4,23696.6,13242.2,53.7,1.0
21.293,10,23492.8,13048.0,15.0,23476.9,13075.3,36.9,23505.1,13048.9,22.5,1.5
21.293,11,23588.9,14557.6,15.0,23581.8,14578.7,23.2,23603.9,14551.0,25.6,0.9
21.293,12,23361.7,15212.2,15.0,23406.1,15231.6,40.0,23349.1,15192.6,22.6,1.2
21.293,13,23492.8,14552.1,15.0,23474.7,14537.7,23.3,23505.9,14604.3,45.4,1.0
21.316,0,22614.7,15175.1,15.0,22590.1,15191.4,22.1,22648.4,15168.1,24.4,1.3
21.316,1,22683.6,15219.2,15.0,22660.3,15236.0,22.2,22723.6,15211.3,29.2,1.3
21.316,2,23669.8,13339.1,15.0,23652.2,13328.5,23.6,23683.4,13392.0,46.6,1.3
21.316,3,23646.1,13497.6,15.0,23639.8,13523.6,22.7,23660.3,13474.7,23.3,1.0
21.316,4,23472.1,14194.6,15.0,23454.5,14166.4,23.2,23480.3,14236.3,29.5,1.0
21.316,5,23558.1,13487.2,15.0,23549.3,13530.8,34.0,23574.8,13465.3,22.4,1.2
21.316,6,22875.3,15316.5,15.0,22851.4,15334.5,22.7,22919.3,15307.7,31.8,1.3
21.316,7,23682.6,13156.4,15.0,23666.8,13130.2,22.3,23689.3,13188.0,23.3,1.2
21.316,8,22371.5,15227.0,15.0,22362.9,15243.0,23.0,22420.6,15213.6,47.1,1.2
21.316,9,23681.4,13187.9,15.0,23665.8,13183.3,23.4,23697.2,13239.3,56.4,1.0
21.316,10,23492.8,13044.7,15.0,23476.8,13068.0,34.0,23504.0,13048.8,22.4,1.5
21.316,11,23588.9,14555.6,15.0,23582.1,14579.5,23.2,23603.7,14540.9,24.4,0.9
21.316,12,23359.0,15211.6,15.0,23404.1,15232.0,42.3,23349.3,15192.9,22.7,1.2
21.316,13,23492.7,14549.7,15.0,23475.1,14538.5,23.4,23506.7,14601.5,46.5,1.0
21.339,0,22611.7,15175.1,15.0,22587.5,15191.9,22.2,22649.1,15167.6,26.8,1.3
21.339,1,22680.6,15219.2,15.0,22659.2,15236.2,22.4,22724.7,15210.4,33.7,1.3
21.339,2,23669.8,13336.1,15.0,23652.7,13327.2,23.5,23684.3,13388.7,49.3,1.3
21.339,3,23646.1,13495.1,15.0,23639.9,13523.8,22.8,23660.6,13467.7,23.3,1.0
21.339,4,23472.1,14192.1,15.0,23454.1,14165.8,23.2,23481.2,14237.8,33.7,1.0
21.339,5,23558.1,13484.4,15.0,23548.3,13531.0,38.5,23574.9,13465.5,22.6,1.2
21.339,6,22872.3,15316.5,15.0,22851.2,15334.7,22.9,22920.4,15306.6,36.9,1.3
21.339,7,23682.6,13153.6,15.0,23666.2,13127.6,22.4,23689.6,13188.5,25.1,1.2
21.339,8,22368.7,15227.0,15.0,22361.9,15242.4,22.9,22417.9,15212.7,50.5,1.2
21.339,9,23681.4,13185.6,15.0,23666.6,13182.9,23.4,23697.5,13233.9,55.5,1.0
21.339,10,23492.8,13041.3,15.0,23476.7,13060.1,31.9,23502.9,13049.2,22.3,1.5
21.339,11,23588.8,14553.6,15.0,23582.4,14580.1,23.2,23603.6,14531.6,24.0,0.9
21.339,12,23356.2,15211.1,15.0,23401.0,15232.1,43.3,23348.9,15193.3,22.8,1.2
21.339,13,23492.7,14547.2,15.0,23475.7,14538.3,23.4,23507.4,14598.6,49.0,1.0
21.361,0,22608.9,15175.1,15.0,22585.7,15192.3,22.4,22651.2,15166.8,31.0,1.3
21.361,1,22677.9,15219.2,15.0,22659.4,15236.3,22.7,22725.4,15209.3,38.7,1.3
21.361,2,23669.8,13333.3,15.0,23653.4,13326.1,23.4,23685.2,13386.2,53.3,1.3
21.361,3,23646.1,13492.8,15.0,23639.7,13523.7,23.2,23661.2,13464.7,22.9,1.0
21.361,4,23472.1,14189.9,15.0,23454.0,14166.9,23.2,23482.2,14238.9,38.7,1.0
21.361,5,23558.1,13481.8,15.0,23547.3,13529.9,41.5,23574.7,13466.6,22.7,1.2
21.361,6,22869.5,15316.6,15.0,22851.7,15334.6,23.2,22920.3,15305.5,41.3,1.3
21.361,7,23682.6,13150.9,15.0,23665.7,13125.8,22.5,23690.3,13190.0,28.2,1.2
21.361,8,22366.1,15227.0,15.0,22361.1,15241.7,22.9,22415.0,15212.0,53.7,1.2
21.361,9,23681.4,13183.3,15.0,23667.5,13182.7,23.4,23697.5,13225.9,50.8,1.0
21.361,10,23492.8,13038.1,15.0,23476.7,13051.1,29.7,23501.9,13050.2,22.2,1.5
21.361,11,23588.8,14551.8,15.0,23582.5,14580.8,23.2,23603.7,14524.9,23.8,0.9
21.361,12,23353.5,15210.6,15.0,23398.0,15232.3,45.6,23348.1,15193.6,22.7,1.2
21.361,13,23492.7,14544.9,15.0,23476.3,14538.3,23.4,23508.3,14596.3,52.6,1.0
21.388,0,22605.5,15175.1,15.0,22584.8,15192.5,22.6,22651.6,15165.8,35.6,1.3
21.388,1,22674.5,15219.2,15.0,22659.3,15236.2,22.8,22723.5,15208.3,41.6,1.3
21.388,2,23669.8,13329.8,15.0,23654.0,13324.1,23.3,23685.9,13382.2,56.0,1.3
21.388,3,23646.1,13490.0,15.0,23639.4,13523.5,24.4,23661.8,13462.0,22.8,1.0
21.388,4,23472.1,14187.1,15.0,23454.0,14167.7,23.2,23483.2,14237.8,42.0,1.0
21.388,5,23558.1,13478.6,15.0,23546.4,13526.8,42.9,23574.4,13466.3,22.7,1.2
21.388,6,22866.1,15316.6,15.0,22851.7,15334.4,23.4,22918.3,15304.5,44.3,1.3
21.388,7,23682.6,13147.7,15.0,23665.4,13123.9,22.6,23691.1,13191.0,32.2,1.2
21.388,8,22362.9,15227.0,15.0,22359.5,15241.0,22.8,22408.9,15211.7,52.8,1.2
21.388,9,23681.4,13180.6,15.0,23668.3,13182.1,23.4,23697.2,13216.0,45.3,1.0
21.388,10,23492.8,13034.2,15.0,23476.9,13039.0,27.2,23501.1,13050.4,22.3,1.5
21.388,11,23588.8,14549.5,15.0,23582.5,14580.6,23.4,23604.1,14520.0,23.7,0.9
21.388,12,23350.3,15209.9,15.0,23394.7,15232.3,48.5,23346.3,15193.8,22.7,1.2
21.388,13,23492.6,14542.1,15.0,23477.0,14537.4,23.4,23508.9,14593.5,56.2,1.0
21.418,0,22601.8,15175.1,15.0,22584.7,15192.5,22.9,22650.9,15164.5,40.5,1.3
21.418,1,22670.8,15219.2,15.0,22659.0,15235.8,23.0,22720.2,15207.2,43.6,1.3
21.418,2,23669.8,13326.0,15.0,23655.0,13322.2,23.2,23686.2,13374.5,54.7,1.3
21.418,3,23646.1,13486.9,15.0,23638.8,13524.3,27.1,23662.4,13459.7,22.8,1.0
21.418,4,23472.0,14184.0,15.0,23454.3,14169.0,23.2,23484.3,14235.6,44.7,1.0
21.418,5,23558.1,13475.1,15.0,23545.5,13523.0,44.7,23573.9,13465.7,22.7,1.2
21.418,6,22862.3,15316.6,15.0,22851.2,15334.0,23.4,22914.4,15303.4,45.6,1.3
21.418,7,23682.6,13144.2,15.0,23665.2,13123.8,22.8,23692.3,13191.7,38.0,1.2
21.418,8,22359.4,15227.0,15.0,22358.3,15240.0,22.7,22398.4,15211.8,47.1,1.2
21.418,9,23681.4,13177.6,15.0,23669.5,13182.0,23.4,23696.9,13203.2,38.4,1.0
21.418,10,23492.8,13029.9,15.0,23477.0,13022.8,24.1,23500.4,13050.9,22.3,1.5
21.418,11,23588.8,14547.0,15.0,23582.3,14580.3,23.7,23604.6,14516.8,23.3,0.9
21.418,12,23346.7,15209.3,15.0,23391.0,15232.3,52.5,23344.3,15194.2,22.6,1.2
21.418,13,23492.6,14539.0,15.0,23478.0,14536.6,23.4,23509.2,14586.7,55.1,1.0
21.442,0,22598.7,15175.1,15.0,22585.8,15192.1,23.1,22649.1,15163.2,43.7,1.3
21.442,1,22667.7,15219.2,15.0,22658.7,15235.3,23.0,22716.9,15206.1,45.9,1.3
21.442,2,23669.8,13323.0,15.0,23656.2,13321.8,23.1,23685.9,13361.6,46.4,1.3
21.442,3,23646.1,13484.3,15.0,23637.8,13526.9,32.1,23662.9,13459.1,22.7,1.0
21.442,4,23472.0,14181.5,15.0,23454.9,14170.5,23.2,23485.4,14232.6,46.1,1.0
21.442,5,23558.1,13472.2,15.0,23544.4,13519.9,48.4,23573.2,13465.3,22.7,1.2
21.442,6,22859.3,15316.6,15.0,22850.5,15333.4,23.4,22911.0,15302.2,48.8,1.3
21.442,7,23682.6,13141.3,15.0,23665.4,13125.5,22.9,23693.7,13190.9,42.2,1.2
21.442,8,22356.5,15227.0,15.0,22358.3,15238.8,22.7,22385.4,15212.1,39.4,1.2
21.442,9,23681.4,13175.2,15.0,23670.7,13183.3,23.4,23696.9,13193.9,33.9,1.0
21.442,10,23492.8,13026.4,15.0,23476.8,13009.6,22.5,23500.0,13052.4,22.5,1.5
21.442,11,23588.7,14544.9,15.0,23582.0,14581.4,25.4,23605.2,14515.0,23.3,0.9
21.442,12,23343.8,15208.8,15.0,23384.3,15231.2,51.3,23343.2,15195.0,22.5,1.2
21.442,13,23492.6,14536.5,15.0,23479.1,14536.8,23.4,23508.9,14576.0,48.5,1.0
21.464,0,22595.8,15175.1,15.0,22585.6,15191.7,23.1,22646.0,15162.3,44.9,1.3
21.464,1,22664.9,15219.2,15.0,22657.6,15234.7,22.9,22714.0,15205.2,49.1,1.3
21.464,2,23669.8,13320.0,15.0,23657.2,13321.5,23.0,23685.6,13349.8,39.6,1.3
21.464,3,23646.1,13481.9,15.0,23636.8,13527.9,37.0,23663.0,13460.0,22.7,1.0
21.464,4,23472.0,14179.2,15.0,23455.4,14170.5,23.2,23486.2,14229.8,48.7,1.0
21.464,5,23558.1,13469.6,15.0,23543.6,13517.6,52.6,23572.5,13464.3,22.7,1.2
21.464,6,22856.4,15316.6,15.0,22849.4,15332.7,23.3,22908.4,15301.3,52.7,1.3
21.464,7,23682.6,13138.5,15.0,23665.7,13126.1,23.0,23694.7,13188.4,43.9,1.2
21.464,8,22353.8,15227.0,15.0,22358.5,15237.8,22.6,22375.3,15212.3,34.6,1.2
21.464,9,23681.4,13172.9,15.0,23671.7,13184.5,23.4,23697.0,13186.7,31.4,1.0
21.464,10,23492.8,13023.1,15.0,23476.3,13003.0,21.9,23499.9,13052.6,22.9,1.5
21.464,11,23588.7,14543.0,15.0,23581.5,14582.4,27.4,23605.7,14513.7,23.3,0.9
21.464,12,23341.1,15208.3,15.0,23374.7,15229.2,45.0,23342.1,15195.8,22.4,1.2
21.464,13,23492.5,14534.2,15.0,23480.1,14536.9,23.4,23508.5,14565.3,42.1,1.0
21.487,0,22593.0,15175.1,15.0,22584.4,15191.2,23.1,22642.9,15161.4,47.5,1.3
21.487,1,22662.0,15219.2,15.0,22656.2,15234.1,22.8,22711.5,15204.4,53.1,1.3
21.487,2,23669.8,13317.1,15.0,23658.3,13321.6,22.9,23685.6,13340.4,35.4,1.3
21.487,3,23646.1,13479.6,15.0,23635.8,13527.3,40.3,23663.0,13461.1,22.7,1.0
21.487,4,23472.0,14176.8,15.0,23456.1,14170.3,23.2,23487.0,14227.5,52.2,1.0
21.487,5,23558.1,13466.9,15.0,23543.3,13512.1,51.9,23571.8,13463.3,22.6,1.2
21.487,6,22853.5,15316.6,15.0,22848.0,15332.0,23.2,22904.7,15300.6,55.3,1.3
21.487,7,23682.6,13135.8,15.0,23666.1,13125.9,23.0,23695.5,13185.5,45.4,1.2
21.487,8,22351.1,15227.0,15.0,22358.9,15236.8,22.6,22368.3,15212.2,31.7,1.2
21.487,9,23681.4,13170.6,15.0,23672.6,13185.7,23.4,23697.1,13179.7,29.8,1.0
21.487,10,23492.8,13019.8,15.0,23475.8,12998.7,21.7,23500.1,13052.6,23.8,1.5
21.487,11,23588.7,14541.1,15.0,23580.9,14584.0,30.6,23606.0,14512.9,23.3,0.9
21.487,12,23338.3,15207.8,15.0,23364.7,15227.1,39.2,23341.4,15196.6,22.4,1.2
21.487,13,23492.5,14531.8,15.0,23481.1,14537.1,23.4,23508.1,14554.4,36.7,1.0
21.511,0,22590.0,15175.1,15.0,22583.0,15190.7,23.0,22640.1,15160.5,51.0,1.3
21.511,1,22659.1,15219.2,15.0,22654.7,15233.4,22.7,22705.9,15204.1,52.7,1.3
21.511,2,23669.8,13314.1,15.0,23659.4,13322.0,22.9,23685.7,13332.8,32.5,1.3
21.511,3,23646.1,13477.1,15.0,23634.9,13525.7,42.8,23662.8,13462.2,22.7,1.0
21.511,4,23472.0,14174.4,15.0,23456.8,14169.8,23.2,23487.6,14224.8,55.4,1.0
21.511,5,23558.1,13464.1,15.0,23543.3,13504.7,48.4,23571.0,13462.3,22.5,1.2
21.511,6,22850.5,15316.6,15.0,22846.6,15331.2,23.1,22898.6,15300.3,54.4,1.3
21.511,7,23682.6,13133.0,15.0,23666.7,13125.0,23.0,23696.4,13182.3,48.0,1.2
21.511,8,22348.3,15227.0,15.0,22359.7,15235.8,22.6,22360.9,15212.1,29.9,1.2
21.511,9,23681.4,13168.2,15.0,23673.3,13186.9,23.4,23696.9,13169.0,27.3,1.0
21.511,10,23492.8,13016.4,15.0,23475.3,12995.2,21.9,23500.6,13053.0,25.9,1.5
21.511,11,23588.7,14539.1,15.0,23580.1,14585.2,34.1,23606.3,14512.7,23.2,0.9
21.511,12,23335.5,15207.3,15.0,23354.6,15225.1,34.5,23340.8,15197.4,22.3,1.2
21.511,13,23492.5,14529.3,15.0,23482.1,14537.7,23.4,23508.2,14547.5,33.6,1.0
21.533,0,22587.1,15175.1,15.0,22581.7,15190.0,22.9,22636.7,15159.8,53.9,1.3
21.533,1,22656.2,15219.2,15.0,22653.7,15232.5,22.6,22698.2,15204.0,49.1,1.3
21.533,2,23669.8,13311.2,15.0,23660.4,13323.1,22.8,23685.8,13324.9,30.6,1.3
21.533,3,23646.1,13474.7,15.0,23634.1,13523.0,43.6,23662.4,13463.0,22.7,1.0
21.533,4,23472.0,14172.1,15.0,23457.6,14169.4,23.2,23487.9,14219.3,54.5,1.0
21.533,5,23558.1,13461.4,15.0,23543.5,13494.5,42.6,23570.1,13461.6,22.5,1.2
21.533,6,22847.6,15316.6,15.0,22845.7,15330.3,23.0,22888.7,15300.5,48.2,1.3
21.533,7,23682.6,13130.2,15.0,23667.3,13124.0,22.9,23697.2,13179.9,52.0,1.2
21.533,8,22345.6,15227.0,15.0,22360.7,15235.0,22.6,22351.5,15212.2,27.6,1.2
21.533,9,23681.4,13165.9,15.0,23673.9,13188.2,23.4,23696.8,13157.1,25.4,1.0
21.533,10,23492.8,13013.1,15.0,23474.9,12992.4,22.3,23501.4,13055.0,29.9,1.5
21.533,11,23588.7,14537.1,15.0,23579.3,14586.1,38.3,23606.5,14513.5,23.2,0.9
21.533,12,23332.7,15206.8,15.0,23347.7,15224.0,31.6,23340.9,15198.4,22.3,1.2
21.533,13,23492.5,14526.9,15.0,23483.1,14538.8,23.3,23508.2,14540.2,31.2,1.0
21.557,0,22584.1,15175.1,15.0,22580.3,15189.2,22.8,22630.8,15159.5,53.1,1.3
21.557,1,22653.2,15219.2,15.0,22652.7,15231.6,22.5,22687.9,15204.2,43.3,1.3
21.557,2,23669.8,13308.2,15.0,23661.3,13324.2,22.8,23685.7,13314.2,28.0,1.3
21.557,3,23646.1,13472.3,15.0,23633.3,13520.1,45.6,23661.9,13463.0,22.7,1.0
21.557,4,23472.0,14169.7,15.0,23458.4,14169.0,23.2,23487.8,14211.3,50.1,1.0
21.557,5,23558.1,13458.6,15.0,23543.8,13483.8,36.8,23569.2,13461.3,22.5,1.2
21.557,6,22844.6,15316.6,15.0,22845.0,15329.4,22.9,22877.7,15300.8,41.9,1.3
21.557,7,23682.6,13127.5,15.0,23668.0,13122.9,22.9,23697.7,13175.7,53.6,1.2
21.557,8,22342.9,15227.0,15.0,22361.7,15234.3,22.6,22340.0,15212.3,25.5,1.2
21.557,9,23681.4,13163.5,15.0,23674.4,13189.3,23.4,23696.6,13144.3,24.4,1.0
21.557,10,23492.8,13009.8,15.0,23474.7,12990.7,22.7,23502.4,13056.5,34.8,1.5
21.557,11,23588.6,14535.1,15.0,23578.4,14585.8,41.4,23606.5,14514.5,23.2,0.9
21.557,12,23329.9,15206.4,15.0,23340.6,15222.8,29.7,23341.3,15199.4,22.2,1.2
21.557,13,23492.4,14524.5,15.0,23484.0,14540.0,23.4,23508.2,14532.6,29.4,1.0
21.580,0,22581.2,15175.1,15.0,22579.2,15188.3,22.7,22621.4,15159.6,47.5,1.3
21.580,1,22650.3,15219.2,15.0,22652.2,15230.7,22.5,22676.8,15204.4,37.3,1.3
21.580,2,23669.8,13305.2,15.0,23662.0,13325.3,22.8,23685.5,13301.5,25.6,1.3
21.580,3,23646.1,13469.8,15.0,23632.5,13517.4,48.3,23661.4,13462.7,22.8,1.0
21.580,4,23472.0,14167.2,15.0,23459.3,14168.8,23.2,23487.6,14201.3,44.3,1.0
21.580,5,23558.1,13455.9,15.0,23543.8,13475.4,33.1,23568.2,13461.4,22.4,1.2
21.580,6,22841.6,15316.6,15.0,22844.8,15328.3,22.8,22866.3,15301.1,36.4,1.3
21.580,7,23682.6,13124.7,15.0,23668.8,13121.8,22.8,23698.0,13169.6,52.3,1.2
21.580,8,22340.1,15227.0,15.0,22362.5,15233.8,22.6,22326.8,15212.5,23.7,1.2
21.580,9,23681.4,13161.2,15.0,23674.6,13190.0,23.4,23696.8,13135.4,24.0,1.0
21.580,10,23492.8,13006.4,15.0,23474.6,12989.9,23.2,23503.5,13056.9,40.0,1.5
21.580,11,23588.6,14533.2,15.0,23577.6,14584.9,43.8,23606.4,14515.8,23.2,0.9
21.580,12,23327.0,15205.9,15.0,23331.9,15221.3,27.6,23341.9,15200.3,22.2,1.2
21.580,13,23492.4,14522.1,15.0,23484.8,14541.3,23.3,23507.8,14521.3,26.9,1.0
21.603,0,22578.3,15175.0,15.0,22578.5,15187.4,22.6,22610.6,15159.9,41.3,1.3
21.603,1,22647.4,15219.2,15.0,22652.3,15229.7,22.4,22668.2,15204.4,33.5,1.3
21.603,2,23669.8,13302.3,15.0,23662.5,13326.3,22.9,23685.4,13287.3,23.9,1.3
21.603,3,23646.1,13467.4,15.0,23631.7,13515.3,52.3,23660.7,13462.3,22.8,1.0
21.603,4,23472.0,14164.9,15.0,23460.3,14169.0,23.2,23487.2,14190.5,38.3,1.0
21.603,5,23558.1,13453.2,15.0,23543.7,13468.3,30.6,23567.2,13461.9,22.4,1.2
21.603,6,22838.7,15316.6,15.0,22845.2,15327.2,22.8,22858.9,15300.9,33.2,1.3
21.603,7,23682.6,13121.9,15.0,23669.7,13121.2,22.8,23697.8,13159.6,46.0,1.2
21.603,8,22337.4,15227.0,15.0,22363.1,15233.5,22.6,22316.6,15212.3,23.0,1.2
21.603,9,23681.4,13158.9,15.0,23674.6,13190.4,23.6,23697.3,13129.0,23.9,1.0
21.603,10,23492.8,13003.1,15.0,23474.8,12989.6,23.5,23504.7,13055.6,43.5,1.5
21.603,11,23588.6,14531.2,15.0,23576.8,14583.0,45.0,23606.1,14516.7,23.2,0.9
21.603,12,23324.3,15205.5,15.0,23320.9,15219.4,25.4,23342.7,15201.2,22.3,1.2
21.603,13,23492.4,14519.7,15.0,23485.4,14542.5,23.3,23507.5,14508.8,25.0,1.0
21.626,0,22575.3,15175.0,15.0,22578.1,15186.4,22.6,22599.3,15160.1,35.9,1.3
21.626,1,22644.4,15219.2,15.0,22652.6,15228.7,22.4,22660.9,15204.3,31.0,1.3
21.626,2,23669.8,13299.3,15.0,23662.7,13326.8,22.9,23685.6,13277.9,23.0,1.3
21.626,3,23646.1,13464.9,15.0,23631.4,13510.6,52.5,23660.0,13461.7,22.7,1.0
21.626,4,23472.0,14162.4,15.0,23461.3,14169.4,23.2,23487.2,14182.2,34.5,1.0
21.626,5,23558.1,13450.4,15.0,23543.6,13461.0,28.9,23566.4,13462.6,22.4,1.2
21.626,6,22835.7,15316.6,15.0,22845.9,15326.2,22.7,22851.2,15300.9,31.1,1.3
21.626,7,23682.6,13119.1,15.0,23670.6,13120.6,22.7,23697.6,13149.0,39.9,1.2
21.626,8,22334.6,15227.0,15.0,22363.3,15233.4,22.8,22309.2,15211.9,22.8,1.2
21.626,9,23681.4,13156.5,15.0,23674.4,13190.4,23.9,23697.9,13125.9,23.5,1.0
21.626,10,23492.8,12999.6,15.0,23475.2,12988.5,23.7,23505.7,13052.6,45.2,1.5
21.626,11,23588.6,14529.2,15.0,23576.1,14580.7,45.7,23605.7,14517.4,23.3,0.9
21.626,12,23321.4,15205.0,15.0,23308.4,15217.3,23.5,23343.2,15201.7,22.2,1.2
21.626,13,23492.4,14517.2,15.0,23485.8,14543.5,23.4,23507.3,14496.1,24.3,1.0
21.649,0,22572.4,15175.0,15.0,22578.5,15185.4,22.5,22592.1,15160.0,32.8,1.3
21.649,1,22641.6,15219.2,15.0,22653.5,15227.7,22.3,22653.3,15204.2,29.3,1.3
21.649,2,23669.8,13296.3,15.0,23662.8,13327.1,23.2,23686.1,13271.5,22.6,1.3
21.649,3,23646.1,13462.5,15.0,23631.2,13504.3,50.2,23659.2,13461.2,22.8,1.0
21.649,4,23472.0,14160.1,15.0,23462.3,14170.2,23.2,23487.3,14175.2,31.7,1.0
21.649,5,23558.1,13447.7,15.0,23543.7,13450.5,26.5,23565.6,13463.6,22.4,1.2
21.649,6,22832.9,15316.6,15.0,22847.1,15325.3,22.7,22842.1,15300.9,28.9,1.3
21.649,7,23682.6,13116.4,15.0,23671.6,13120.6,22.7,23697.4,13138.5,35.0,1.2
21.649,8,22331.9,15227.0,15.0,22363.1,15233.6,23.2,22305.6,15211.3,22.4,1.2
21.649,9,23681.4,13154.2,15.0,23674.1,13191.1,25.4,23698.5,13123.8,23.4,1.0
21.649,10,23492.8,12996.3,15.0,23475.6,12986.9,23.6,23506.7,13049.3,47.2,1.5
21.649,11,23588.6,14527.3,15.0,23575.3,14578.4,47.7,23605.3,14517.4,23.3,0.9
21.649,12,23318.7,15204.6,15.0,23298.0,15215.8,22.6,23343.7,15202.0,22.3,1.2
21.649,13,23492.3,14514.8,15.0,23485.9,14544.3,23.4,23507.5,14487.6,23.9,1.0
21.673,0,22569.4,15175.0,15.0,22579.0,15184.4,22.4,22584.6,15159.9,30.6,1.3
21.673,1,22638.6,15219.2,15.0,22654.3,15226.9,22.3,22642.6,15204.4,26.8,1.3
21.673,2,23669.8,13293.3,15.0,23662.6,13327.0,24.0,23686.7,13267.7,22.3,1.3
21.673,3,23646.1,13460.1,15.0,23631.4,13494.9,44.6,23658.3,13460.7,22.8,1.0
21.673,4,23472.0,14157.7,15.0,23463.2,14171.3,23.2,23487.3,14168.1,30.0,1.0
21.673,5,23558.1,13444.9,15.0,23543.9,13438.8,24.4,23565.0,13464.4,22.4,1.2
21.673,6,22829.9,15316.6,15.0,22848.0,15324.5,22.7,22830.3,15301.1,26.5,1.3
21.673,7,23682.6,13113.6,15.0,23672.6,13120.9,22.6,23697.5,13131.4,32.1,1.2
21.673,8,22329.1,15227.0,15.0,22363.5,15233.9,24.8,22303.0,15210.8,22.4,1.2
21.673,9,23681.4,13151.8,15.0,23673.5,13192.1,27.8,23699.0,13122.1,23.4,1.0
21.673,10,23492.8,12992.9,15.0,23476.0,12984.6,23.5,23507.7,13045.8,50.1,1.5
21.673,11,23588.5,14525.3,15.0,23574.7,14576.0,49.9,23604.8,14517.3,23.3,0.9
21.673,12,23315.8,15204.2,15.0,23290.4,15215.1,22.3,23343.8,15202.0,22.4,1.2
21.673,13,23492.3,14512.4,15.0,23485.9,14544.4,23.6,23508.0,14482.4,23.7,1.0
21.696,0,22566.5,15175.0,15.0,22579.9,15183.5,22.4,22575.9,15159.9,28.6,1.3
21.696,1,22635.7,15219.1,15.0,22655.1,15226.3,22.3,22630.3,15204.5,24.5,1.3
21.696,2,23669.8,13290.4,15.0,23662.1,13327.7,26.0,23687.3,13264.8,22.5,1.3
21.696,3,23646.1,13457.6,15.0,23631.7,13484.8,38.8,23657.4,13460.6,22.7,1.0
21.696,4,23471.9,14155.3,15.0,23464.0,14172.5,23.2,23487.2,14158.4,27.6,1.0
21.696,5,23558.1,13442.2,15.0,23544.0,13425.8,23.3,23564.5,13465.1,22.4,1.2
21.696,6,22826.9,15316.6,15.0,22849.0,15323.9,22.7,22816.7,15301.3,24.2,1.3
21.696,7,23682.6,13110.8,15.0,23673.6,13121.8,22.6,23697.6,13123.9,30.1,1.2
21.696,8,22326.3,15227.0,15.0,22364.6,15234.5,27.6,22300.9,15210.3,22.5,1.2
21.696,9,23681.4,13149.5,15.0,23672.7,13194.1,31.8,23699.5,13121.2,23.4,1.0
21.696,10,23492.8,12989.6,15.0,23476.7,12982.3,23.3,23508.6,13043.1,54.5,1.5
21.696,11,23588.5,14523.3,15.0,23574.0,14574.4,53.3,23604.3,14517.0,23.3,0.9
21.696,12,23313.0,15203.7,15.0,23286.6,15215.1,22.0,23343.4,15201.8,22.8,1.2
21.696,13,23492.3,14510.0,15.0,23485.7,14544.5,24.1,23508.6,14479.3,23.4,1.0
21.720,0,22563.5,15175.0,15.0,22580.8,15182.7,22.4,22564.3,15160.0,26.2,1.3
21.720,1,22632.7,15219.1,15.0,22655.8,15225.9,22.4,22617.3,15204.6,23.2,1.3
21.720,2,23669.8,13287.3,15.0,23661.4,13329.5,29.8,23687.7,13262.7,22.7,1.3
21.720,3,23646.1,13455.1,15.0,23631.9,13475.1,34.3,23656.5,13460.7,22.7,1.0
21.720,4,23471.9,14152.8,15.0,23464.6,14173.7,23.2,23487.0,14146.9,25.7,1.0
21.720,5,23558.1,13439.4,15.0,23543.7,13417.1,22.7,23564.3,13465.4,22.4,1.2
21.720,6,22823.9,15316.6,15.0,22849.6,15323.6,22.8,22805.2,15301.2,23.2,1.3
21.720,7,23682.6,13107.9,15.0,23674.5,13122.7,22.6,23697.5,13114.6,27.9,1.2
21.720,8,22323.5,15227.0,15.0,22366.3,15235.4,31.7,22299.3,15209.9,22.6,1.2
21.720,9,23681.4,13147.0,15.0,23671.8,13195.5,36.4,23699.7,13121.5,23.4,1.0
21.720,10,23492.8,12986.1,15.0,23477.4,12979.9,23.0,23509.1,13037.5,55.0,1.5
21.720,11,23588.5,14521.3,15.0,23573.4,14571.7,55.5,23603.7,14516.7,23.3,0.9
21.720,12,23310.1,15203.3,15.0,23283.6,15215.3,22.0,23343.7,15201.4,24.4,1.2
21.720,13,23492.3,14507.5,15.0,23485.2,14545.2,26.0,23509.2,14477.3,23.4,1.0
21.742,0,22560.6,15175.0,15.0,22581.8,15182.1,22.4,22551.0,15160.2,23.9,1.3
21.742,1,22629.9,15219.1,15.0,22656.3,15225.7,22.4,22608.3,15204.3,22.5,1.3
21.742,2,23669.8,13284.4,15.0,23660.3,13331.4,34.7,23688.1,13261.7,22.9,1.3
21.742,3,23646.1,13452.8,15.0,23631.7,13468.4,31.4,23655.5,13461.4,22.8,1.0
21.742,4,23471.9,14150.5,15.0,23465.1,14174.9,23.2,23486.8,14133.8,24.2,1.0
21.742,5,23558.1,13436.7,15.0,23543.2,13411.6,22.4,23564.4,13465.5,22.7,1.2
21.742,6,22821.0,15316.6,15.0,22850.2,15323.4,22.9,22796.7,15300.8,22.7,1.3
21.742,7,23682.6,13105.2,15.0,23675.2,13123.9,22.6,23697.4,13102.9,25.6,1.2
21.742,8,22320.8,15227.0,15.0,22367.4,15236.5,36.8,22299.8,15209.7,22.7,1.2
21.742,9,23681.4,13144.8,15.0,23670.7,13196.1,41.1,23699.8,13122.8,23.4,1.0
21.742,10,23492.8,12982.9,15.0,23478.2,12978.2,22.9,23509.2,13029.5,51.7,1.5
21.742,11,23588.5,14519.4,15.0,23573.1,14567.2,54.7,23603.0,14516.4,23.3,0.9
21.742,12,23307.4,15202.9,15.0,23281.5,15215.5,22.1,23344.9,15200.9,27.0,1.2
21.742,13,23492.3,14505.1,15.0,23484.6,14547.1,29.3,23509.7,14476.1,23.4,1.0
21.769,0,22557.2,15175.0,15.0,22581.8,15181.8,22.5,22539.5,15160.1,22.9,1.3
21.769,1,22626.4,15219.1,15.0,22655.6,15225.7,22.8,22602.6,15203.8,22.2,1.3
21.769,2,23669.8,13280.9,15.0,23659.2,13331.7,40.0,23688.2,13261.1,23.2,1.3
21.769,3,23646.1,13449.9,15.0,23631.7,13461.1,29.5,23654.7,13461.8,22.7,1.0
21.769,4,23471.9,14147.7,15.0,23465.3,14175.1,23.2,23486.9,14123.8,23.8,1.0
21.769,5,23558.1,13433.5,15.0,23542.7,13407.8,22.1,23564.6,13464.8,23.3,1.2
21.769,6,22817.6,15316.7,15.0,22849.5,15323.6,23.4,22792.3,15300.3,22.3,1.3
21.769,7,23682.6,13102.0,15.0,23675.7,13124.1,22.6,23697.2,13089.6,23.8,1.2
21.769,8,22317.6,15227.0,15.0,22366.3,15237.5,40.5,22299.9,15209.7,22.8,1.2
21.769,9,23681.4,13142.0,15.0,23669.7,13194.6,44.0,23699.7,13123.9,23.4,1.0
21.769,10,23492.8,12978.9,15.0,23479.1,12976.1,22.7,23509.1,13018.1,45.5,1.5
21.769,11,23588.5,14517.1,15.0,23573.0,14561.0,51.9,23602.3,14515.7,23.3,0.9
21.769,12,23304.1,15202.4,15.0,23279.1,15215.6,22.2,23345.9,15200.2,30.9,1.2
21.769,13,23492.2,14502.3,15.0,23483.7,14548.4,33.5,23510.1,14474.9,23.4,1.0
21.798,0,22553.6,15175.0,15.0,22582.0,15181.7,22.7,22529.9,15159.7,22.4,1.3
21.798,1,22622.9,15219.1,15.0,22655.4,15226.0,24.0,22598.5,15203.2,22.0,1.3
21.798,2,23669.8,13277.3,15.0,23657.9,13330.1,43.9,23688.0,13261.7,23.5,1.3
21.798,3,23646.1,13447.0,15.0,23631.7,13450.8,27.2,23653.7,13462.8,22.7,1.0
21.798,4,23471.9,14144.8,15.0,23465.4,14175.5,23.3,23487.4,14115.5,23.7,1.0
21.798,5,23558.1,13430.1,15.0,23542.1,13404.8,22.2,23565.1,13465.1,25.5,1.2
21.798,6,22814.0,15316.7,15.0,22849.9,15324.0,25.3,22788.6,15299.6,22.4,1.3
21.798,7,23682.6,13098.6,15.0,23676.0,13124.6,22.6,23697.4,13077.4,22.9,1.2
21.798,8,22314.2,15227.0,15.0,22364.0,15238.6,43.4,22300.6,15210.0,22.9,1.2
21.798,9,23681.4,13139.2,15.0,23668.6,13191.9,45.8,23699.3,13125.1,23.4,1.0
21.798,10,23492.8,12974.8,15.0,23480.3,12975.0,22.6,23508.7,13004.0,38.1,1.5
21.798,11,23588.4,14514.7,15.0,23573.2,14551.4,46.2,23601.4,14515.4,23.3,0.9
21.798,12,23300.6,15202.0,15.0,23279.0,15215.9,22.4,23346.8,15199.0,36.5,1.2
21.798,13,23492.2,14499.3,15.0,23482.5,14549.5,39.4,23510.3,14475.9,23.4,1.0
21.822,0,22550.5,15175.0,15.0,22582.2,15181.8,23.4,22525.8,15159.0,22.0,1.3
21.822,1,22619.8,15219.1,15.0,22656.9,15226.6,26.9,22595.9,15202.6,22.1,1.3
21.822,2,23669.8,13274.2,15.0,23656.7,13327.2,45.8,23687.5,13262.2,23.6,1.3
21.822,3,23646.1,13444.4,15.0,23631.9,13437.7,24.8,23653.0,13464.5,22.7,1.0
21.822,4,23471.9,14142.2,15.0,23465.2,14175.9,23.8,23488.1,14112.2,23.2,1.0
21.822,5,23558.1,13427.3,15.0,23541.6,13403.3,22.3,23566.0,13467.6,30.1,1.2
21.822,6,22810.9,15316.7,15.0,22852.3,15324.8,29.4,22786.4,15299.0,22.6,1.3
21.822,7,23682.6,13095.6,15.0,23676.1,13125.2,22.9,23697.9,13070.1,22.6,1.2
21.822,8,22311.4,15227.0,15.0,22360.8,15239.7,44.9,22301.1,15210.5,23.0,1.2
21.822,9,23681.4,13136.7,15.0,23667.6,13188.9,47.7,23698.7,13126.2,23.4,1.0
21.822,10,23492.8,12971.3,15.0,23481.6,12975.5,22.4,23508.8,12994.4,33.9,1.5
21.822,11,23588.4,14512.6,15.0,23573.3,14541.3,40.1,23600.5,14515.8,23.2,0.9
21.822,12,23297.6,15201.6,15.0,23280.1,15216.0,22.6,23346.3,15197.5,40.7,1.2
21.822,13,23492.2,14496.8,15.0,23481.2,14549.0,43.5,23510.2,14478.2,23.3,1.0
21.844,0,22547.7,15175.0,15.0,22583.0,15182.3,25.4,22523.2,15158.4,22.1,1.3
21.844,1,22617.0,15219.1,15.0,22659.0,15227.5,31.2,22594.2,15202.2,22.3,1.3
21.844,2,23669.8,13271.4,15.0,23655.7,13324.2,48.1,23687.0,13261.7,23.6,1.3
21.844,3,23646.1,13442.1,15.0,23632.0,13424.8,23.6,23652.5,13465.6,22.7,1.0
21.844,4,23471.9,14140.0,15.0,23464.8,14176.8,25.7,23488.7,14110.4,23.2,1.0
21.844,5,23558.1,13424.7,15.0,23541.3,13403.4,22.4,23567.0,13469.0,34.9,1.2
21.844,6,22808.1,15316.7,15.0,22854.2,15325.8,34.3,22785.4,15298.7,22.8,1.3
21.844,7,23682.6,13093.0,15.0,23675.8,13125.5,23.7,23698.6,13066.9,22.3,1.2
21.844,8,22308.7,15227.0,15.0,22357.8,15240.6,47.6,22300.6,15211.1,23.0,1.2
21.844,9,23681.4,13134.5,15.0,23666.7,13186.2,50.5,23698.1,13126.3,23.4,1.0
21.844,10,23492.8,12968.1,15.0,23482.8,12976.4,22.3,23508.9,12986.4,31.7,1.5
21.844,11,23588.4,14510.7,15.0,23573.5,14532.6,35.9,23599.6,14516.2,23.3,0.9
21.844,12,23295.0,15201.2,15.0,23280.7,15215.8,22.7,23344.3,15196.1,42.7,1.2
21.844,13,23492.2,14494.5,15.0,23480.1,14547.0,45.4,23509.9,14479.8,23.3,1.0
21.867,0,22544.8,15175.0,15.0,22584.3,15182.9,28.6,22521.0,15158.0,22.3,1.3
21.867,1,22614.1,15219.1,15.0,22659.7,15228.4,35.8,22593.9,15202.0,22.5,1.3
21.867,2,23669.8,13268.4,15.0,23654.8,13321.1,51.0,23686.5,13260.4,23.5,1.3
21.867,3,23646.1,13439.7,15.0,23631.9,13416.3,23.3,23652.3,13466.0,22.7,1.0
21.867,4,23471.9,14137.6,15.0,23464.2,14178.1,28.5,23489.2,14108.9,23.2,1.0
21.867,5,23558.1,13421.9,15.0,23541.3,13403.6,22.6,23568.0,13468.8,39.0,1.2
21.867,6,22805.1,15316.7,15.0,22854.9,15326.9,39.4,22785.3,15298.6,23.1,1.3
21.867,7,23682.6,13090.2,15.0,23675.4,13125.8,25.5,23699.1,13064.3,22.4,1.2
21.867,8,22306.0,15227.0,15.0,22355.3,15241.4,51.2,22299.5,15211.7,22.9,1.2
21.867,9,23681.4,13132.1,15.0,23666.0,13184.2,54.3,23697.5,13125.9,23.4,1.0
21.867,10,23492.8,12964.7,15.0,23483.7,12977.0,22.2,23508.9,12977.4,29.6,1.5
21.867,11,23588.4,14508.8,15.0,23573.3,14527.2,33.5,23598.9,14516.6,23.2,0.9
21.867,12,23292.1,15200.8,15.0,23280.4,15215.4,22.8,23341.3,15194.8,43.8,1.2
21.867,13,23492.1,14492.1,15.0,23479.3,14544.2,46.4,23509.5,14480.5,23.4,1.0
21.890,0,22541.9,15175.0,15.0,22585.9,15183.8,33.0,22519.7,15157.7,22.5,1.3
21.890,1,22611.2,15219.1,15.0,22659.4,15229.5,39.9,22594.2,15202.0,22.7,1.3
21.890,2,23669.8,13265.5,15.0,23653.9,13318.6,55.4,23685.8,13259.0,23.4,1.3
21.890,3,23646.1,13437.3,15.0,23631.5,13409.8,23.2,23652.3,13466.2,22.9,1.0
21.890,4,23471.9,14135.2,15.0,23463.3,14180.0,32.5,23489.6,14108.0,23.2,1.0
21.890,5,23558.1,13419.2,15.0,23541.4,13404.5,22.7,23569.0,13467.5,41.9,1.2
21.890,6,22802.2,15316.7,15.0,22853.8,15328.0,42.7,22786.0,15298.7,23.3,1.3
21.890,7,23682.6,13087.5,15.0,23674.7,13127.5,29.0,23699.5,13062.6,22.5,1.2
21.890,8,22303.3,15227.0,15.0,22351.7,15242.0,53.5,22298.6,15212.4,22.8,1.2
21.890,9,23681.4,13129.8,15.0,23665.4,13180.6,56.1,23696.7,13125.6,23.4,1.0
21.890,10,23492.8,12961.4,15.0,23484.6,12978.0,22.3,23508.7,12965.4,27.0,1.5
21.890,11,23588.4,14506.8,15.0,23573.2,14521.5,31.5,23598.1,14517.4,23.2,0.9
21.890,12,23289.4,15200.5,15.0,23279.4,15214.8,22.7,23338.3,15193.5,46.4,1.2
21.890,13,23492.1,14489.7,15.0,23478.4,14541.3,49.0,23509.0,14480.4,23.4,1.0
21.912,0,22539.1,15175.0,15.0,22586.8,15184.9,38.1,22519.7,15157.5,22.8,1.3
21.912,1,22608.5,15219.1,15.0,22658.0,15230.5,42.8,22594.8,15202.2,22.9,1.3
21.912,2,23669.8,13262.7,15.0,23653.5,13313.4,55.5,23685.1,13257.8,23.2,1.3
21.912,3,23646.1,13435.0,15.0,23630.9,13406.8,22.8,23652.4,13466.1,23.2,1.0
21.912,4,23471.9,14133.0,15.0,23462.3,14181.2,37.3,23489.8,14108.9,23.2,1.0
21.912,5,23558.1,13416.6,15.0,23541.8,13404.9,22.7,23569.8,13464.8,43.1,1.2
21.912,6,22799.4,15316.7,15.0,22851.7,15329.0,44.8,22786.3,15299.0,23.4,1.3
21.912,7,23682.6,13084.9,15.0,23673.8,13129.0,33.3,23699.8,13061.7,22.6,1.2
21.912,8,22300.7,15227.0,15.0,22346.1,15242.3,52.7,22297.7,15213.1,22.8,1.2
21.912,9,23681.4,13127.6,15.0,23665.2,13175.3,55.3,23695.9,13125.3,23.4,1.0
21.912,10,23492.8,12958.3,15.0,23485.2,12978.9,22.3,23508.6,12951.9,24.3,1.5
21.912,11,23588.4,14505.0,15.0,23573.1,14515.7,30.0,23597.3,14518.5,23.2,0.9
21.912,12,23286.7,15200.2,15.0,23278.5,15214.1,22.7,23336.0,15192.3,49.9,1.2
21.912,13,23492.1,14487.4,15.0,23477.6,14539.1,52.5,23508.3,14480.3,23.4,1.0
21.935,0,22536.2,15175.0,15.0,22585.7,15185.9,41.3,22520.0,15157.6,22.9,1.3
21.935,1,22605.6,15219.1,15.0,22655.0,15231.4,43.8,22594.4,15202.5,23.0,1.3
21.935,2,23669.8,13259.8,15.0,23653.4,13306.1,52.6,23684.3,13256.5,23.1,1.3
21.935,3,23646.1,13432.6,15.0,23630.4,13404.7,22.8,23652.8,13466.4,24.5,1.0
21.935,4,23471.9,14130.6,15.0,23461.4,14181.0,41.1,23489.8,14110.0,23.2,1.0
21.935,5,23558.1,13413.9,15.0,23542.2,13404.5,22.7,23570.6,13461.8,44.6,1.2
21.935,6,22796.5,15316.7,15.0,22848.6,15329.9,46.0,22786.0,15299.4,23.5,1.3
21.935,7,23682.6,13082.1,15.0,23672.8,13129.7,38.1,23700.0,13061.9,22.8,1.2
21.935,8,22298.0,15227.0,15.0,22337.2,15242.2,47.2,22296.8,15213.9,22.7,1.2
21.935,9,23681.4,13125.3,15.0,23665.3,13166.8,49.9,23695.1,13125.0,23.4,1.0
21.935,10,23492.8,12955.0,15.0,23485.5,12979.3,22.4,23508.7,12940.9,22.9,1.5
21.935,11,23588.3,14503.0,15.0,23573.0,14508.5,28.3,23596.7,14519.3,23.2,0.9
21.935,12,23283.9,15199.8,15.0,23277.3,15213.3,22.6,23332.7,15191.2,52.4,1.2
21.935,13,23492.1,14485.0,15.0,23476.8,14536.8,56.3,23507.6,14479.9,23.4,1.0
21.958,0,22533.2,15175.0,15.0,22583.6,15186.9,43.6,22520.2,15157.9,23.1,1.3
21.958,1,22602.7,15219.1,15.0,22651.8,15232.2,45.7,22593.5,15203.0,23.0,1.3
21.958,2,23669.8,13256.8,15.0,23653.6,13295.4,46.3,23683.4,13255.5,23.1,1.3
21.958,3,23646.1,13430.1,15.0,23629.8,13402.9,22.8,23653.3,13467.2,26.7,1.0
21.958,4,23471.9,14128.2,15.0,23460.4,14179.8,44.1,23489.7,14111.4,23.2,1.0
21.958,5,23558.1,13411.2,15.0,23542.7,13403.6,22.7,23571.4,13458.7,47.1,1.2
21.958,6,22793.6,15316.7,15.0,22845.4,15330.8,48.7,22784.8,15299.9,23.4,1.3
21.958,7,23682.6,13079.3,15.0,23671.8,13128.6,41.4,23699.9,13062.6,22.9,1.2
21.958,8,22295.2,15227.0,15.0,22326.8,15241.9,41.3,22296.3,15214.9,22.7,1.2
21.958,9,23681.4,13122.9,15.0,23665.5,13156.8,44.1,23694.2,13124.8,23.4,1.0
21.958,10,23492.8,12951.6,15.0,23485.7,12979.6,22.6,23509.0,12931.9,22.1,1.5
21.958,11,23588.3,14501.0,15.0,23573.1,14499.5,26.6,23596.1,14520.3,23.2,0.9
21.958,12,23281.1,15199.5,15.0,23276.1,15212.5,22.5,23327.0,15190.1,51.5,1.2
21.958,13,23492.1,14482.6,15.0,23476.5,14531.2,55.3,23506.8,14479.5,23.4,1.0
21.980,0,22530.5,15175.0,15.0,22580.7,15187.8,44.7,22520.1,15158.3,23.2,1.3
21.980,1,22599.9,15219.1,15.0,22648.9,15233.1,48.7,22592.5,15203.5,22.9,1.3
21.980,2,23669.8,13253.9,15.0,23653.9,13283.9,39.8,23682.3,13255.4,23.0,1.3
21.980,3,23646.1,13427.8,15.0,23629.4,13401.9,22.8,23654.0,13469.0,30.6,1.0
21.980,4,23471.9,14125.9,15.0,23459.5,14177.3,45.2,23489.3,14112.5,23.2,1.0
21.980,5,23558.1,13408.6,15.0,23543.4,13402.7,22.7,23572.2,13456.5,51.1,1.2
21.980,6,22790.8,15316.7,15.0,22842.8,15331.7,52.5,22783.6,15300.6,23.3,1.3
21.980,7,23682.6,13076.7,15.0,23670.8,13126.7,43.6,23699.6,13063.3,23.0,1.2
21.980,8,22292.6,15227.0,15.0,22315.5,15241.6,35.7,22296.2,15215.8,22.7,1.2
21.980,9,23681.4,13120.7,15.0,23665.8,13146.0,38.2,23693.2,13125.2,23.4,1.0
21.980,10,23492.8,12948.4,15.0,23485.6,12979.5,23.2,23509.6,12927.5,21.7,1.5
21.980,11,23588.3,14499.2,15.0,23573.2,14489.5,24.9,23595.7,14521.3,23.2,0.9
21.980,12,23278.4,15199.1,15.0,23275.4,15211.6,22.4,23318.1,15189.0,46.2,1.2
21.980,13,23492.1,14480.3,15.0,23476.4,14523.7,51.4,23505.9,14479.3,23.4,1.0
