t,walker,ox,oy,oz,lx,ly,lz,rx,ry,rz,rootspeed
5.000,0,23556.2,14843.3,15.0,23571.4,14834.7,28.1,23547.9,14829.6,22.2,1.3
5.000,1,23667.0,15131.2,15.0,23680.7,15081.8,47.4,23651.1,15139.3,23.0,1.3
5.000,2,23667.0,15152.1,15.0,23683.6,15164.7,22.8,23655.8,15103.6,42.2,1.3
5.000,3,23530.1,15205.0,15.0,23541.3,15199.1,23.3,23514.9,15183.5,35.7,0.9
5.000,4,23589.8,14060.2,15.0,23575.3,14058.5,26.0,23597.2,14078.6,22.9,0.9
5.000,5,23643.6,13998.3,15.0,23629.6,13994.4,22.7,23658.9,14044.4,52.5,1.3
5.000,6,23547.5,13994.5,15.0,23530.6,13971.9,22.7,23556.5,14039.5,35.8,1.0
5.000,7,23452.7,15279.4,15.0,23488.3,15253.9,31.0,23425.8,15282.2,22.3,1.5
5.000,8,23358.8,15183.2,15.0,23307.7,15169.3,48.3,23368.1,15200.0,23.3,1.0
5.000,9,23543.2,13959.0,15.0,23527.9,13931.6,22.6,23549.7,13990.8,23.5,1.1
5.000,10,23522.9,13847.6,15.0,23538.2,13830.9,32.5,23512.9,13838.5,23.3,1.0
5.000,11,23604.0,13731.9,15.0,23610.8,13710.4,22.7,23589.7,13742.6,24.1,1.1
5.000,12,23485.3,13765.8,15.0,23501.6,13726.6,45.6,23471.6,13768.6,22.7,1.5
5.000,13,23608.1,13632.4,15.0,23616.2,13618.3,22.6,23593.3,13624.4,28.3,1.2
5.017,0,23556.2,14845.6,15.0,23571.3,14843.1,26.5,23548.4,14829.0,22.3,1.3
5.017,1,23667.0,15133.4,15.0,23681.4,15083.7,50.1,23651.5,15140.6,22.9,1.3
5.017,2,23667.0,15154.3,15.0,23683.3,15165.2,22.9,23655.1,15105.8,43.0,1.3
5.017,3,23530.1,15206.4,15.0,23540.7,15198.7,23.3,23514.8,15187.5,33.9,0.9
5.017,4,23589.8,14058.7,15.0,23575.4,14051.6,24.9,23596.8,14079.2,22.9,0.9
5.017,5,23643.6,13996.2,15.0,23630.2,13993.7,22.6,23658.9,14038.0,48.8,1.3
5.017,6,23547.5,13992.7,15.0,23530.6,13972.5,22.7,23557.2,14039.6,38.8,1.0
5.017,7,23450.9,15281.1,15.0,23491.4,15256.6,34.6,23424.8,15280.7,22.6,1.5
5.017,8,23360.5,15183.2,15.0,23309.7,15168.7,50.4,23368.2,15199.5,23.3,1.0
5.017,9,23543.2,13957.1,15.0,23527.5,13930.0,22.6,23550.0,13991.1,24.8,1.1
5.017,10,23522.9,13849.3,15.0,23538.3,13836.0,31.0,23513.5,13837.7,23.2,1.0
5.017,11,23604.0,13733.7,15.0,23610.5,13709.8,22.7,23589.8,13752.0,23.6,1.1
5.017,12,23485.3,13768.2,15.0,23501.4,13735.0,40.8,23472.3,13769.2,22.6,1.5
5.017,13,23608.1,13634.4,15.0,23615.7,13617.6,22.6,23593.4,13632.5,26.6,1.2
5.033,0,23556.2,14847.8,15.0,23571.2,14852.3,24.6,23548.9,14828.4,22.3,1.3
5.033,1,23667.0,15135.6,15.0,23682.0,15085.6,53.1,23652.0,15141.9,22.8,1.3
5.033,2,23667.0,15156.6,15.0,23683.0,15165.9,22.9,23654.5,15108.1,44.1,1.3
5.033,3,23530.1,15207.8,15.0,23540.1,15198.2,23.3,23514.7,15191.6,32.2,0.9
5.033,4,23589.8,14057.3,15.0,23575.5,14044.3,24.0,23596.6,14079.8,22.9,0.9
5.033,5,23643.6,13994.1,15.0,23630.8,13992.9,22.6,23658.7,14030.5,44.6,1.3
5.033,6,23547.5,13991.0,15.0,23530.7,13973.5,22.7,23557.9,14038.8,40.8,1.0
5.033,7,23449.0,15282.6,15.0,23494.0,15260.0,38.6,23424.3,15279.1,23.0,1.5
5.033,8,23362.2,15183.2,15.0,23311.2,15168.1,53.3,23368.4,15199.0,23.3,1.0
5.033,9,23543.2,13955.3,15.0,23527.1,13928.6,22.6,23550.4,13991.7,26.4,1.1
5.033,10,23522.9,13851.0,15.0,23538.4,13841.1,29.8,23514.2,13836.9,23.3,1.0
5.033,11,23604.0,13735.6,15.0,23610.4,13709.5,22.7,23589.6,13758.1,23.2,1.1
5.033,12,23485.3,13770.6,15.0,23501.2,13743.5,36.8,23473.1,13769.6,22.5,1.5
5.033,13,23608.1,13636.3,15.0,23615.2,13616.9,22.6,23593.5,13641.0,25.1,1.2
5.050,0,23556.2,14850.0,15.0,23571.1,14862.1,23.4,23549.2,14827.9,22.3,1.3
5.050,1,23667.0,15137.9,15.0,23682.2,15089.5,53.0,23652.5,15143.0,22.7,1.3
5.050,2,23667.0,15158.8,15.0,23682.7,15167.1,22.8,23653.9,15110.5,46.0,1.3
5.050,3,23530.1,15209.2,15.0,23539.6,15197.5,23.3,23514.7,15195.9,31.1,0.9
5.050,4,23589.8,14055.9,15.0,23575.5,14036.9,23.8,23596.3,14080.3,22.9,0.9
5.050,5,23643.6,13991.9,15.0,23631.5,13992.4,22.5,23658.6,14022.8,40.1,1.3
5.050,6,23547.5,13989.3,15.0,23530.8,13974.3,22.7,23558.6,14037.7,42.6,1.0
5.050,7,23447.0,15283.9,15.0,23495.5,15264.5,41.3,23424.5,15277.5,23.3,1.5
5.050,8,23364.0,15183.2,15.0,23313.2,15167.6,55.7,23368.7,15198.5,23.3,1.0
5.050,9,23543.2,13953.4,15.0,23526.8,13927.7,22.6,23550.9,13993.0,29.2,1.1
5.050,10,23522.9,13852.7,15.0,23538.3,13848.1,28.1,23514.8,13836.0,23.2,1.0
5.050,11,23604.0,13737.4,15.0,23610.3,13709.2,22.8,23589.4,13764.1,23.2,1.1
5.050,12,23485.3,13773.0,15.0,23501.3,13748.9,34.6,23473.9,13769.6,22.4,1.5
5.050,13,23608.1,13638.2,15.0,23614.9,13616.2,22.6,23593.6,13650.4,23.8,1.2
5.067,0,23556.2,14852.2,15.0,23571.3,14869.2,22.7,23549.4,14827.6,22.4,1.3
5.067,1,23667.0,15140.1,15.0,23682.5,15093.9,52.4,23653.0,15144.2,22.6,1.3
5.067,2,23667.0,15161.0,15.0,23682.3,15168.3,22.7,23653.3,15112.7,48.2,1.3
5.067,3,23530.1,15210.6,15.0,23539.0,15196.8,23.3,23514.7,15200.2,30.0,0.9
5.067,4,23589.8,14054.5,15.0,23575.4,14032.0,23.5,23596.2,14080.6,22.9,0.9
5.067,5,23643.6,13989.8,15.0,23632.2,13992.2,22.5,23658.3,14014.5,36.1,1.3
5.067,6,23547.5,13987.5,15.0,23531.1,13974.8,22.7,23559.1,14035.7,43.2,1.0
5.067,7,23444.9,15285.1,15.0,23496.3,15269.5,43.8,23424.8,15276.1,23.5,1.5
5.067,8,23365.7,15183.2,15.0,23317.2,15167.4,55.0,23369.0,15197.9,23.3,1.0
5.067,9,23543.2,13951.6,15.0,23526.6,13927.1,22.6,23551.5,13994.0,32.2,1.1
5.067,10,23522.9,13854.4,15.0,23538.2,13856.0,26.6,23515.3,13835.1,23.2,1.0
5.067,11,23604.0,13739.3,15.0,23610.4,13709.3,23.0,23589.0,13766.5,22.9,1.1
5.067,12,23485.3,13775.4,15.0,23501.4,13754.5,32.7,23474.7,13769.4,22.4,1.5
5.067,13,23608.1,13640.2,15.0,23614.6,13615.7,22.7,23593.6,13658.8,23.3,1.2
5.083,0,23556.2,14854.4,15.0,23571.5,14875.9,22.3,23549.5,14827.4,22.5,1.3
5.083,1,23667.0,15142.3,15.0,23682.4,15100.7,48.2,23653.6,15145.3,22.5,1.3
5.083,2,23667.0,15163.2,15.0,23681.9,15169.5,22.6,23652.7,15114.5,51.1,1.3
5.083,3,23530.1,15212.0,15.0,23538.5,15196.1,23.3,23514.7,15205.4,28.8,0.9
5.083,4,23589.8,14053.1,15.0,23575.2,14027.3,23.4,23596.2,14080.9,22.9,0.9
5.083,5,23643.6,13987.7,15.0,23633.0,13992.3,22.4,23658.4,14009.0,33.8,1.3
5.083,6,23547.5,13985.8,15.0,23531.4,13975.2,22.7,23559.7,14033.7,43.9,1.0
5.083,7,23442.7,15286.2,15.0,23495.6,15275.0,44.8,23424.9,15275.2,23.6,1.5
5.083,8,23367.5,15183.2,15.0,23321.4,15167.2,54.0,23369.3,15197.3,23.3,1.0
5.083,9,23543.2,13949.7,15.0,23526.4,13927.6,22.6,23552.3,13994.7,35.6,1.1
5.083,10,23522.9,13856.1,15.0,23538.0,13864.6,25.2,23515.7,13834.3,23.2,1.0
5.083,11,23604.0,13741.2,15.0,23610.5,13709.4,23.3,23588.5,13768.9,22.6,1.1
5.083,12,23485.3,13777.9,15.0,23501.4,13760.3,31.4,23475.4,13768.9,22.3,1.5
5.083,13,23608.1,13642.1,15.0,23614.5,13615.4,22.7,23593.4,13665.1,23.0,1.2
5.100,0,23556.2,14856.7,15.0,23571.9,14879.1,22.0,23549.5,14827.5,22.8,1.3
5.100,1,23667.0,15144.5,15.0,23682.2,15108.3,44.1,23654.3,15146.1,22.5,1.3
5.100,2,23667.0,15165.4,15.0,23681.4,15170.8,22.5,23652.3,15117.6,52.3,1.3
5.100,3,23530.1,15213.5,15.0,23538.1,15195.4,23.3,23514.8,15212.0,27.3,0.9
5.100,4,23589.8,14051.7,15.0,23575.0,14023.7,23.4,23596.2,14081.0,23.0,0.9
5.100,5,23643.6,13985.5,15.0,23633.7,13992.4,22.4,23658.5,14003.7,31.7,1.3
5.100,6,23547.5,13984.1,15.0,23531.7,13975.1,22.7,23560.3,14031.7,45.6,1.0
5.100,7,23440.5,15287.1,15.0,23494.3,15280.5,45.7,23425.0,15274.5,23.6,1.5
5.100,8,23369.2,15183.2,15.0,23328.3,15167.4,49.4,23369.5,15196.7,23.3,1.0
5.100,9,23543.2,13947.9,15.0,23526.4,13928.1,22.7,23553.0,13994.7,38.8,1.1
5.100,10,23522.9,13857.8,15.0,23537.9,13873.9,24.3,23516.0,13833.6,23.2,1.0
5.100,11,23604.0,13743.0,15.0,23610.8,13709.0,24.6,23588.1,13770.4,22.6,1.1
5.100,12,23485.3,13780.3,15.0,23501.4,13767.1,29.8,23476.2,13768.3,22.3,1.5
5.100,13,23608.1,13644.1,15.0,23614.5,13615.3,22.8,23593.1,13669.9,22.9,1.2
5.117,0,23556.2,14858.9,15.0,23572.3,14882.1,21.7,23549.4,14827.7,23.1,1.3
5.117,1,23667.0,15146.7,15.0,23682.0,15116.2,39.5,23655.0,15146.5,22.4,1.3
5.117,2,23667.0,15167.6,15.0,23680.9,15172.1,22.4,23652.1,15121.9,51.7,1.3
5.117,3,23530.1,15214.9,15.0,23537.7,15194.6,23.3,23514.9,15218.7,26.2,0.9
5.117,4,23589.8,14050.2,15.0,23574.6,14021.9,23.2,23596.2,14080.9,23.2,0.9
5.117,5,23643.6,13983.4,15.0,23634.4,13992.9,22.3,23658.6,13998.3,30.4,1.3
5.117,6,23547.5,13982.3,15.0,23532.1,13974.9,22.7,23560.8,14029.6,47.4,1.0
5.117,7,23438.2,15287.8,15.0,23492.5,15285.9,47.7,23424.6,15274.2,23.5,1.5
5.117,8,23370.9,15183.2,15.0,23335.6,15167.5,45.3,23369.7,15196.0,23.3,1.0
5.117,9,23543.2,13946.0,15.0,23526.5,13929.0,22.7,23553.7,13993.8,40.9,1.1
5.117,10,23522.9,13859.5,15.0,23538.0,13881.6,24.0,23516.2,13833.0,23.3,1.0
5.117,11,23604.0,13744.9,15.0,23611.1,13708.7,26.0,23587.7,13772.0,22.7,1.1
5.117,12,23485.3,13782.7,15.0,23501.3,13775.7,27.8,23476.8,13767.6,22.2,1.5
5.117,13,23608.1,13646.0,15.0,23614.6,13615.5,23.1,23592.7,13672.5,22.6,1.2
5.133,0,23556.2,14861.1,15.0,23572.7,14884.2,21.9,23549.1,14827.4,24.5,1.3
5.133,1,23667.0,15149.0,15.0,23681.8,15124.5,35.7,23655.7,15146.9,22.3,1.3
5.133,2,23667.0,15169.9,15.0,23680.3,15173.1,22.4,23652.0,15127.7,48.9,1.3
5.133,3,23530.1,15216.3,15.0,23537.4,15194.0,23.3,23515.0,15226.1,25.0,0.9
5.133,4,23589.8,14048.8,15.0,23574.3,14020.1,22.9,23596.3,14080.8,23.4,0.9
5.133,5,23643.6,13981.3,15.0,23635.1,13993.5,22.3,23658.6,13992.8,29.2,1.3
5.133,6,23547.5,13980.6,15.0,23532.6,13974.5,22.7,23561.4,14028.1,50.1,1.0
5.133,7,23435.8,15288.3,15.0,23490.2,15291.2,49.9,23424.2,15273.9,23.4,1.5
5.133,8,23372.7,15183.2,15.0,23343.2,15167.8,40.7,23369.6,15195.3,23.3,1.0
5.133,9,23543.2,13944.2,15.0,23526.6,13929.7,22.7,23554.4,13992.6,42.6,1.1
5.133,10,23522.9,13861.2,15.0,23538.2,13887.5,23.8,23516.3,13832.5,23.2,1.0
5.133,11,23604.0,13746.7,15.0,23611.7,13707.3,28.7,23587.4,13772.9,22.7,1.1
5.133,12,23485.3,13785.1,15.0,23501.2,13784.9,25.8,23477.3,13767.0,22.3,1.5
5.133,13,23608.1,13647.9,15.0,23614.7,13615.4,23.8,23592.3,13674.7,22.4,1.2
5.150,0,23556.2,14863.3,15.0,23573.0,14886.3,22.0,23548.7,14827.0,26.1,1.3
5.150,1,23667.0,15151.2,15.0,23681.9,15129.7,33.5,23656.4,15146.8,22.3,1.3
5.150,2,23667.0,15172.1,15.0,23679.7,15174.0,22.3,23652.2,15135.0,44.6,1.3
5.150,3,23530.1,15217.7,15.0,23537.1,15193.3,23.3,23515.1,15233.8,24.3,0.9
5.150,4,23589.8,14047.4,15.0,23573.9,14018.8,22.9,23596.5,14081.1,24.3,0.9
5.150,5,23643.6,13979.2,15.0,23635.6,13994.1,22.3,23658.5,13984.7,27.2,1.3
5.150,6,23547.5,13978.9,15.0,23533.1,13974.2,22.7,23561.9,14026.5,52.9,1.0
5.150,7,23433.4,15288.6,15.0,23488.1,15296.2,53.1,23423.6,15273.7,23.2,1.5
5.150,8,23374.4,15183.2,15.0,23351.4,15168.0,36.8,23369.5,15194.6,23.3,1.0
5.150,9,23543.2,13942.3,15.0,23526.9,13930.1,22.7,23555.0,13990.5,43.3,1.1
5.150,10,23522.9,13863.0,15.0,23538.5,13892.2,23.8,23516.3,13832.3,23.3,1.0
5.150,11,23604.0,13748.6,15.0,23612.3,13706.1,31.7,23587.1,13773.7,22.7,1.1
5.150,12,23485.3,13787.5,15.0,23501.1,13795.0,24.1,23477.7,13766.4,22.3,1.5
5.150,13,23608.1,13649.9,15.0,23615.0,13615.0,25.1,23591.9,13676.4,22.5,1.2
5.167,0,23556.2,14865.5,15.0,23573.3,14887.9,22.2,23548.2,14825.6,29.0,1.3
5.167,1,23667.0,15153.4,15.0,23682.0,15135.0,31.6,23657.2,15146.7,22.2,1.3
5.167,2,23667.0,15174.3,15.0,23679.1,15174.7,22.2,23652.3,15142.6,40.3,1.3
5.167,3,23530.1,15219.1,15.0,23536.9,15192.8,23.3,23515.1,15240.6,24.1,0.9
5.167,4,23589.8,14046.0,15.0,23573.6,14017.7,22.9,23596.8,14081.4,25.3,0.9
5.167,5,23643.6,13977.0,15.0,23636.2,13994.8,22.3,23658.4,13976.3,25.7,1.3
5.167,6,23547.5,13977.1,15.0,23533.6,13973.8,22.7,23562.1,14022.8,52.4,1.0
5.167,7,23431.0,15288.8,15.0,23484.7,15301.0,55.2,23423.2,15273.6,23.1,1.5
5.167,8,23376.1,15183.2,15.0,23356.4,15167.9,34.4,23369.1,15193.9,23.3,1.0
5.167,9,23543.2,13940.5,15.0,23527.2,13930.3,22.7,23555.6,13988.4,44.2,1.1
5.167,10,23522.9,13864.7,15.0,23538.9,13894.4,23.5,23516.2,13832.3,23.6,1.0
5.167,11,23604.0,13750.5,15.0,23613.0,13705.4,35.1,23587.0,13773.3,22.7,1.1
5.167,12,23485.3,13789.9,15.0,23501.2,13803.4,23.0,23478.0,13766.0,22.4,1.5
5.167,13,23608.1,13651.8,15.0,23615.5,13614.2,27.0,23591.5,13677.8,22.5,1.2
5.183,0,23556.2,14867.8,15.0,23573.5,14889.3,22.3,23547.5,14824.5,32.1,1.3
5.183,1,23667.0,15155.6,15.0,23682.1,15140.5,30.3,23657.9,15146.2,22.2,1.3
5.183,2,23667.0,15176.5,15.0,23678.4,15175.1,22.2,23652.6,15150.7,36.3,1.3
5.183,3,23530.1,15220.5,15.0,23536.8,15192.4,23.3,23514.9,15245.5,23.8,0.9
5.183,4,23589.8,14044.6,15.0,23573.3,14016.7,22.9,23597.1,14082.0,26.7,0.9
5.183,5,23643.6,13974.9,15.0,23636.5,13995.3,22.3,23658.3,13966.9,24.0,1.3
5.183,6,23547.5,13975.4,15.0,23534.1,13973.4,22.7,23562.3,14019.0,51.8,1.0
5.183,7,23428.6,15288.8,15.0,23479.0,15305.2,54.5,23422.8,15273.6,23.0,1.5
5.183,8,23377.9,15183.2,15.0,23361.5,15167.8,32.3,23368.5,15193.2,23.3,1.0
5.183,9,23543.2,13938.6,15.0,23527.6,13930.0,22.7,23556.2,13986.2,46.0,1.1
5.183,10,23522.9,13866.4,15.0,23539.4,13896.4,23.3,23516.1,13832.2,24.1,1.0
5.183,11,23604.0,13752.3,15.0,23613.8,13705.0,38.7,23586.9,13772.9,22.8,1.1
5.183,12,23485.3,13792.4,15.0,23501.4,13810.4,22.3,23478.2,13765.7,22.5,1.5
5.183,13,23608.1,13653.7,15.0,23616.0,13612.9,29.9,23591.2,13678.8,22.6,1.2
5.200,0,23556.2,14870.0,15.0,23573.6,14889.5,22.6,23546.8,14823.8,35.8,1.3
5.200,1,23667.0,15157.8,15.0,23682.1,15146.5,28.9,23658.5,15145.7,22.2,1.3
5.200,2,23667.0,15178.7,15.0,23677.6,15175.2,22.1,23652.6,15156.7,33.8,1.3
5.200,3,23530.1,15222.0,15.0,23536.8,15192.1,23.3,23514.7,15250.4,23.9,0.9
5.200,4,23589.8,14043.2,15.0,23573.1,14016.1,22.9,23597.5,14083.1,28.9,0.9
5.200,5,23643.6,13972.8,15.0,23636.9,13995.8,22.4,23658.2,13957.7,23.2,1.3
5.200,6,23547.5,13973.7,15.0,23534.7,13973.0,22.7,23562.2,14012.9,48.0,1.0
5.200,7,23426.2,15288.6,15.0,23472.0,15308.6,52.3,23422.5,15273.7,22.8,1.5
5.200,8,23379.6,15183.2,15.0,23366.7,15167.8,30.9,23367.7,15192.5,23.2,1.0
5.200,9,23543.2,13936.8,15.0,23528.0,13929.7,22.7,23556.8,13984.2,48.1,1.1
5.200,10,23522.9,13868.1,15.0,23539.8,13897.8,23.3,23515.8,13831.7,25.4,1.0
5.200,11,23604.0,13754.2,15.0,23614.5,13705.9,40.8,23587.0,13772.0,22.8,1.1
5.200,12,23485.3,13794.8,15.0,23501.7,13814.8,22.0,23478.2,13765.7,22.8,1.5
5.200,13,23608.1,13655.7,15.0,23616.7,13611.9,33.1,23591.0,13679.3,22.6,1.2
5.217,0,23556.2,14872.2,15.0,23573.7,14889.7,22.8,23546.0,14823.7,39.2,1.3
5.217,1,23667.0,15160.1,15.0,23682.0,15154.7,27.0,23659.1,15145.1,22.1,1.3
5.217,2,23667.0,15181.0,15.0,23676.9,15175.2,22.1,23652.4,15162.0,31.7,1.3
5.217,3,23530.1,15223.4,15.0,23536.8,15192.0,23.5,23514.4,15252.9,23.7,0.9
5.217,4,23589.8,14041.7,15.0,23572.8,14015.4,22.9,23598.0,14084.1,31.2,0.9
5.217,5,23643.6,13970.6,15.0,23637.0,13996.0,22.4,23658.4,13951.3,22.6,1.3
5.217,6,23547.5,13971.9,15.0,23535.3,13972.7,22.7,23562.0,14006.1,44.1,1.0
5.217,7,23423.8,15288.2,15.0,23462.8,15310.7,47.6,23422.3,15273.9,22.7,1.5
5.217,8,23381.4,15183.2,15.0,23372.0,15167.7,29.7,23366.8,15191.8,23.3,1.0
5.217,9,23543.2,13934.9,15.0,23528.5,13929.2,22.7,23557.4,13982.6,51.0,1.1
5.217,10,23522.9,13869.8,15.0,23540.2,13899.1,23.3,23515.4,13831.1,26.9,1.0
5.217,11,23604.0,13756.1,15.0,23615.2,13706.9,42.8,23587.1,13771.1,22.8,1.1
5.217,12,23485.3,13797.2,15.0,23502.1,13818.2,21.7,23478.1,13765.9,23.2,1.5
5.217,13,23608.1,13657.6,15.0,23617.4,13611.3,36.6,23590.8,13679.0,22.7,1.2
5.233,0,23556.2,14874.4,15.0,23573.6,14889.6,23.0,23545.2,14824.7,41.5,1.3
5.233,1,23667.0,15162.3,15.0,23681.9,15163.3,25.3,23659.6,15144.5,22.2,1.3
5.233,2,23667.0,15183.2,15.0,23676.2,15174.9,22.0,23652.4,15167.3,30.3,1.3
5.233,3,23530.1,15224.8,15.0,23536.9,15192.0,23.7,23514.0,15254.7,23.5,0.9
5.233,4,23589.8,14040.3,15.0,23572.7,14015.6,22.9,23598.6,14084.8,33.8,0.9
5.233,5,23643.6,13968.5,15.0,23637.1,13996.2,22.5,23658.7,13945.5,22.3,1.3
5.233,6,23547.5,13970.2,15.0,23536.0,13972.6,22.7,23561.9,13999.0,39.9,1.0
5.233,7,23421.4,15287.8,15.0,23454.2,15310.0,43.1,23421.8,15274.4,22.6,1.5
5.233,8,23383.1,15183.2,15.0,23379.5,15167.8,27.8,23365.9,15191.3,23.2,1.0
5.233,9,23543.2,13933.1,15.0,23529.0,13928.7,22.7,23557.8,13980.2,52.8,1.1
5.233,10,23522.9,13871.5,15.0,23540.5,13899.8,23.3,23514.9,13829.6,29.6,1.0
5.233,11,23604.0,13757.9,15.0,23615.8,13709.0,43.5,23587.4,13770.7,22.8,1.1
5.233,12,23485.3,13799.6,15.0,23502.5,13820.8,21.8,23477.8,13765.6,24.5,1.5
5.233,13,23608.1,13659.6,15.0,23618.2,13611.5,39.6,23590.8,13678.5,22.8,1.2
5.250,0,23556.2,14876.7,15.0,23573.4,14889.6,23.2,23544.4,14826.1,43.4,1.3
5.250,1,23667.0,15164.5,15.0,23681.8,15172.8,23.7,23660.0,15144.1,22.2,1.3
5.250,2,23667.0,15185.4,15.0,23675.6,15174.5,22.0,23652.3,15172.7,29.2,1.3
5.250,3,23530.1,15226.2,15.0,23537.0,15191.9,24.1,23513.7,15256.4,23.3,0.9
5.250,4,23589.8,14038.9,15.0,23572.6,14016.1,22.9,23599.2,14085.3,36.6,0.9
5.250,5,23643.6,13966.4,15.0,23637.0,13996.0,22.8,23659.1,13942.7,22.1,1.3
5.250,6,23547.5,13968.5,15.0,23536.6,13972.6,22.7,23561.7,13991.4,36.1,1.0
5.250,7,23419.0,15287.4,15.0,23445.8,15308.2,38.6,23421.2,15275.0,22.5,1.5
5.250,8,23384.8,15183.2,15.0,23387.6,15167.9,26.4,23365.0,15190.8,23.3,1.0
5.250,9,23543.2,13931.2,15.0,23529.6,13928.2,22.7,23558.0,13976.2,52.1,1.1
5.250,10,23522.9,13873.2,15.0,23540.8,13900.5,23.3,23514.3,13828.4,32.5,1.0
5.250,11,23604.0,13759.8,15.0,23616.5,13711.1,44.3,23587.7,13770.4,22.9,1.1
5.250,12,23485.3,13802.0,15.0,23502.8,13823.3,22.0,23477.5,13765.2,26.1,1.5
5.250,13,23608.1,13661.5,15.0,23618.9,13612.4,41.8,23591.0,13677.8,22.8,1.2
5.267,0,23556.2,14878.9,15.0,23573.1,14890.0,23.2,23543.8,14828.3,44.2,1.3
5.267,1,23667.0,15166.7,15.0,23681.8,15181.4,22.9,23660.3,15143.7,22.2,1.3
5.267,2,23667.0,15187.6,15.0,23675.0,15174.0,22.0,23652.5,15180.3,27.3,1.3
5.267,3,23530.1,15227.6,15.0,23537.3,15191.5,25.2,23513.3,15257.5,23.3,0.9
5.267,4,23589.8,14037.5,15.0,23572.5,14016.6,22.9,23599.8,14085.4,39.2,0.9
5.267,5,23643.6,13964.2,15.0,23636.8,13995.9,23.5,23659.5,13940.1,21.9,1.3
5.267,6,23547.5,13966.8,15.0,23537.3,13972.8,22.7,23561.6,13985.8,33.6,1.0
5.267,7,23416.7,15287.0,15.0,23439.1,15306.9,35.5,23420.7,15275.8,22.4,1.5
5.267,8,23386.6,15183.2,15.0,23396.6,15168.1,24.9,23364.2,15190.4,23.3,1.0
5.267,9,23543.2,13929.4,15.0,23530.2,13927.7,22.7,23558.1,13971.3,50.2,1.1
5.267,10,23522.9,13874.9,15.0,23540.9,13899.9,23.2,23513.5,13827.5,36.0,1.0
5.267,11,23604.0,13761.6,15.0,23617.1,13713.2,46.1,23588.1,13770.7,22.8,1.1
5.267,12,23485.3,13804.4,15.0,23503.1,13825.3,22.2,23477.0,13763.7,28.9,1.5
5.267,13,23608.1,13663.4,15.0,23619.6,13613.9,43.3,23591.2,13677.3,22.9,1.2
5.283,0,23556.2,14881.1,15.0,23572.8,14890.7,23.2,23543.1,14830.7,45.4,1.3
5.283,1,23667.0,15168.9,15.0,23682.0,15187.9,22.3,23660.4,15143.4,22.3,1.3
5.283,2,23667.0,15189.8,15.0,23674.4,15173.5,22.0,23652.5,15188.5,25.8,1.3
5.283,3,23530.1,15229.0,15.0,23537.6,15191.1,26.3,23513.0,15258.7,23.3,0.9
5.283,4,23589.8,14036.1,15.0,23572.6,14017.4,22.8,23600.3,14084.7,40.9,0.9
5.283,5,23643.6,13962.1,15.0,23636.5,13996.2,24.8,23659.9,13938.1,22.0,1.3
5.283,6,23547.5,13965.0,15.0,23538.0,13973.2,22.7,23561.7,13981.1,31.6,1.0
5.283,7,23414.3,15286.6,15.0,23433.7,15306.1,33.5,23420.7,15276.5,22.3,1.5
5.283,8,23388.3,15183.2,15.0,23406.0,15168.2,24.2,23363.5,15190.1,23.3,1.0
5.283,9,23543.2,13927.5,15.0,23530.8,13927.4,22.7,23557.9,13964.5,45.9,1.1
5.283,10,23522.9,13876.6,15.0,23541.0,13899.3,23.3,23512.8,13826.9,39.6,1.0
5.283,11,23604.0,13763.5,15.0,23617.6,13715.4,48.0,23588.5,13771.0,22.8,1.1
5.283,12,23485.3,13806.9,15.0,23503.4,13827.3,22.4,23476.3,13762.4,32.2,1.5
5.283,13,23608.1,13665.4,15.0,23620.3,13616.1,44.0,23591.4,13677.1,22.9,1.2
5.300,0,23556.2,14883.3,15.0,23572.5,14891.9,23.1,23542.5,14833.0,47.4,1.3
5.300,1,23667.0,15171.2,15.0,23682.3,15192.9,22.0,23660.4,15143.4,22.5,1.3
5.300,2,23667.0,15192.0,15.0,23674.0,15173.0,22.0,23652.7,15197.7,24.0,1.3
5.300,3,23530.1,15230.5,15.0,23537.9,15190.1,28.2,23512.7,15259.4,23.3,0.9
5.300,4,23589.8,14034.7,15.0,23572.7,14018.3,22.9,23600.9,14084.0,42.6,0.9
5.300,5,23643.6,13960.0,15.0,23636.1,13996.9,26.7,23660.2,13936.3,22.1,1.3
5.300,6,23547.5,13963.3,15.0,23538.6,13973.8,22.7,23561.8,13976.1,30.1,1.0
5.300,7,23411.9,15286.1,15.0,23428.2,15305.1,32.0,23420.9,15277.3,22.3,1.5
5.300,8,23390.0,15183.2,15.0,23413.2,15168.1,23.9,23362.9,15189.9,23.3,1.0
5.300,9,23543.2,13925.7,15.0,23531.4,13927.1,22.7,23557.8,13957.2,41.8,1.1
5.300,10,23522.9,13878.3,15.0,23541.0,13898.2,23.2,23512.1,13827.5,41.8,1.0
5.300,11,23604.0,13765.4,15.0,23618.2,13716.9,50.9,23588.9,13771.5,22.8,1.1
5.300,12,23485.3,13809.3,15.0,23503.4,13827.8,22.8,23475.5,13761.6,36.0,1.5
5.300,13,23608.1,13667.3,15.0,23620.9,13618.2,45.3,23591.8,13677.2,22.9,1.2
5.317,0,23556.2,14885.5,15.0,23572.1,14893.1,23.1,23541.8,14835.2,49.8,1.3
5.317,1,23667.0,15173.4,15.0,23682.7,15195.9,21.8,23660.4,15143.7,22.8,1.3
5.317,2,23667.0,15194.3,15.0,23673.7,15172.6,22.1,23652.7,15207.1,23.0,1.3
5.317,3,23530.1,15231.9,15.0,23538.4,15188.9,30.5,23512.4,15260.0,23.3,0.9
5.317,4,23589.8,14033.2,15.0,23572.9,14018.8,22.9,23601.4,14082.7,43.5,0.9
5.317,5,23643.6,13957.8,15.0,23635.6,13998.2,29.6,23660.5,13934.9,22.2,1.3
5.317,6,23547.5,13961.6,15.0,23539.2,13974.5,22.7,23561.8,13971.1,28.9,1.0
5.317,7,23409.5,15285.7,15.0,23422.5,15304.2,30.7,23421.2,15278.1,22.2,1.5
5.317,8,23391.8,15183.2,15.0,23419.2,15167.8,23.8,23362.5,15189.8,23.3,1.0
5.317,9,23543.2,13923.8,15.0,23532.1,13927.0,22.6,23557.6,13949.5,37.6,1.1
5.317,10,23522.9,13880.0,15.0,23540.9,13897.1,23.3,23511.3,13828.3,44.0,1.0
5.317,11,23604.0,13767.2,15.0,23618.7,13718.9,53.5,23589.4,13772.0,22.8,1.1
5.317,12,23485.3,13811.7,15.0,23503.5,13828.4,23.2,23474.6,13761.3,39.8,1.5
5.317,13,23608.1,13669.3,15.0,23621.5,13620.5,47.1,23592.2,13677.7,22.9,1.2
5.333,0,23556.2,14887.8,15.0,23571.6,14894.3,23.0,23541.2,14837.0,52.8,1.3
5.333,1,23667.0,15175.6,15.0,23683.1,15198.4,21.7,23660.2,15143.6,23.7,1.3
5.333,2,23667.0,15196.5,15.0,23673.5,15172.4,22.1,23652.5,15213.5,22.3,1.3
5.333,3,23530.1,15233.3,15.0,23538.9,15187.9,33.1,23512.2,15260.4,23.3,0.9
5.333,4,23589.8,14031.8,15.0,23573.1,14019.3,22.9,23601.9,14081.1,44.0,0.9
5.333,5,23643.6,13955.7,15.0,23634.9,13999.2,32.8,23660.7,13934.0,22.4,1.3
5.333,6,23547.5,13959.8,15.0,23539.8,13975.2,22.7,23561.8,13964.7,27.4,1.0
5.333,7,23407.1,15285.3,15.0,23414.7,15302.7,28.7,23421.7,15278.9,22.2,1.5
5.333,8,23393.5,15183.2,15.0,23423.0,15167.5,23.7,23362.3,15189.8,23.4,1.0
5.333,9,23543.2,13922.0,15.0,23532.8,13927.0,22.6,23557.4,13942.5,34.4,1.1
5.333,10,23522.9,13881.7,15.0,23540.6,13896.3,23.2,23510.7,13830.0,44.9,1.0
5.333,11,23604.0,13769.1,15.0,23618.9,13723.0,52.8,23590.0,13772.5,22.8,1.1
5.333,12,23485.3,13814.1,15.0,23503.4,13828.6,23.4,23473.8,13762.2,42.3,1.5
5.333,13,23608.1,13671.2,15.0,23622.1,13622.4,49.5,23592.6,13678.2,22.9,1.2
5.350,0,23556.2,14890.0,15.0,23571.1,14895.6,22.9,23540.8,14840.3,53.8,1.3
5.350,1,23667.0,15177.8,15.0,23683.4,15200.6,21.8,23659.9,15143.3,25.1,1.3
5.350,2,23667.0,15198.7,15.0,23673.5,15172.3,22.2,23652.3,15219.7,22.0,1.3
5.350,3,23530.1,15234.7,15.0,23539.5,15187.2,35.9,23512.1,15259.9,23.3,0.9
5.350,4,23589.8,14030.4,15.0,23573.4,14019.6,22.9,23602.4,14079.4,44.7,0.9
5.350,5,23643.6,13953.6,15.0,23634.2,13999.8,36.4,23660.8,13933.9,22.6,1.3
5.350,6,23547.5,13958.1,15.0,23540.3,13975.9,22.7,23561.7,13957.1,25.9,1.0
5.350,7,23404.7,15285.0,15.0,23406.2,15301.2,27.0,23422.2,15279.5,22.2,1.5
5.350,8,23395.3,15183.2,15.0,23425.2,15167.0,23.4,23362.3,15189.9,23.7,1.0
5.350,9,23543.2,13920.2,15.0,23533.5,13927.4,22.6,23557.5,13937.5,32.2,1.1
5.350,10,23522.9,13883.4,15.0,23540.3,13895.7,23.3,23510.1,13832.0,45.6,1.0
5.350,11,23604.0,13770.9,15.0,23619.1,13727.4,51.7,23590.6,13773.0,22.8,1.1
5.350,12,23485.3,13816.5,15.0,23503.2,13829.0,23.6,23473.0,13763.6,44.4,1.5
5.350,13,23608.1,13673.1,15.0,23622.7,13624.1,52.5,23593.1,13678.9,22.9,1.2
5.367,0,23556.2,14892.2,15.0,23570.6,14896.8,22.7,23540.6,14844.7,53.2,1.3
5.367,1,23667.0,15180.1,15.0,23683.7,15202.4,22.0,23659.4,15142.4,27.3,1.3
5.367,2,23667.0,15200.9,15.0,23673.5,15172.6,22.5,23651.9,15222.6,21.7,1.3
5.367,3,23530.1,15236.1,15.0,23540.2,15186.7,38.9,23512.0,15259.4,23.3,0.9
5.367,4,23589.8,14029.0,15.0,23573.7,14019.5,22.9,23602.9,14077.8,46.1,0.9
5.367,5,23643.6,13951.4,15.0,23633.4,13999.6,39.5,23660.8,13934.0,22.7,1.3
5.367,6,23547.5,13956.4,15.0,23540.7,13976.6,22.7,23561.6,13948.9,24.6,1.0
5.367,7,23402.4,15284.6,15.0,23396.7,15299.6,24.8,23422.6,15280.0,22.2,1.5
5.367,8,23397.0,15183.2,15.0,23427.0,15166.6,23.3,23362.1,15190.1,24.5,1.0
5.367,9,23543.2,13918.3,15.0,23534.2,13927.8,22.6,23557.6,13932.4,30.5,1.1
5.367,10,23522.9,13885.1,15.0,23540.0,13895.5,23.3,23509.5,13834.0,47.0,1.0
5.367,11,23604.0,13772.8,15.0,23619.0,13734.2,47.2,23591.2,13773.4,22.8,1.1
5.367,12,23485.3,13818.9,15.0,23502.9,13829.9,23.7,23472.3,13766.0,45.3,1.5
5.367,13,23608.1,13675.1,15.0,23623.0,13627.2,53.3,23593.6,13679.5,22.8,1.2
5.383,0,23556.2,14894.4,15.0,23570.0,14897.7,22.7,23540.6,14850.8,50.0,1.3
5.383,1,23667.0,15182.3,15.0,23684.0,15204.0,22.1,23658.8,15141.2,30.3,1.3
5.383,2,23667.0,15203.1,15.0,23673.7,15172.8,23.0,23651.5,15225.4,21.5,1.3
5.383,3,23530.1,15237.5,15.0,23540.8,15186.9,41.1,23512.0,15258.6,23.3,0.9
5.383,4,23589.8,14027.6,15.0,23574.0,14019.4,22.9,23603.3,14076.0,47.5,0.9
5.383,5,23643.6,13949.3,15.0,23632.6,13998.6,41.7,23660.7,13934.3,22.9,1.3
5.383,6,23547.5,13954.6,15.0,23541.0,13977.2,22.7,23561.5,13940.1,23.7,1.0
5.383,7,23400.0,15284.2,15.0,23386.8,15297.9,23.5,23423.1,15280.4,22.3,1.5
5.383,8,23398.7,15183.2,15.0,23428.4,15166.2,23.3,23361.6,15190.5,25.8,1.0
5.383,9,23543.2,13916.5,15.0,23534.8,13928.5,22.6,23557.6,13927.2,29.2,1.1
5.383,10,23522.9,13886.8,15.0,23539.6,13895.6,23.3,23508.9,13836.1,48.8,1.0
5.383,11,23604.0,13774.7,15.0,23618.8,13741.6,43.1,23591.9,13773.7,22.8,1.1
5.383,12,23485.3,13821.4,15.0,23502.6,13831.0,23.7,23471.6,13768.4,46.6,1.5
5.383,13,23608.1,13677.0,15.0,23623.2,13631.3,52.7,23594.2,13680.2,22.8,1.2
5.400,0,23556.2,14896.7,15.0,23569.3,14898.6,22.6,23540.7,14858.3,45.6,1.3
5.400,1,23667.0,15184.5,15.0,23684.2,15204.7,22.3,23658.1,15140.3,33.7,1.3
5.400,2,23667.0,15205.4,15.0,23673.9,15172.5,24.4,23651.2,15227.6,21.6,1.3
5.400,3,23530.1,15239.0,15.0,23541.4,15187.5,42.9,23512.1,15257.6,23.2,0.9
5.400,4,23589.8,14026.2,15.0,23574.3,14019.2,22.9,23603.8,14074.7,49.5,0.9
5.400,5,23643.6,13947.2,15.0,23631.9,13996.9,43.2,23660.5,13934.3,23.0,1.3
5.400,6,23547.5,13952.9,15.0,23541.2,13977.6,22.7,23561.5,13932.4,23.4,1.0
5.400,7,23397.6,15283.8,15.0,23379.9,15297.1,22.6,23423.4,15280.6,22.4,1.5
5.400,8,23400.5,15183.2,15.0,23429.5,15165.8,23.3,23360.6,15190.9,27.8,1.0
5.400,9,23543.2,13914.6,15.0,23535.4,13929.2,22.6,23557.6,13921.0,27.8,1.1
5.400,10,23522.9,13888.6,15.0,23539.1,13895.8,23.3,23508.3,13837.8,51.2,1.0
5.400,11,23604.0,13776.5,15.0,23618.6,13749.2,38.7,23592.6,13773.8,22.7,1.1
5.400,12,23485.3,13823.8,15.0,23502.3,13832.6,23.6,23470.9,13770.9,48.7,1.5
5.400,13,23608.1,13679.0,15.0,23623.2,13637.0,49.7,23594.8,13680.7,22.8,1.2
5.417,0,23556.2,14898.9,15.0,23568.7,14899.2,22.5,23540.9,14866.2,41.1,1.3
5.417,1,23667.0,15186.7,15.0,23684.2,15205.0,22.6,23657.3,15139.9,37.4,1.3
5.417,2,23667.0,15207.6,15.0,23674.3,15172.0,26.1,23650.9,15229.6,21.7,1.3
5.417,3,23530.1,15240.4,15.0,23542.0,15188.3,44.6,23512.2,15256.7,23.3,0.9
5.417,4,23589.8,14024.7,15.0,23574.7,14018.9,22.9,23604.2,14073.4,51.8,0.9
5.417,5,23643.6,13945.1,15.0,23631.3,13994.7,44.0,23660.2,13934.1,23.0,1.3
5.417,6,23547.5,13951.2,15.0,23541.3,13977.9,22.7,23561.7,13926.7,23.2,1.0
5.417,7,23395.2,15283.5,15.0,23373.6,15296.4,22.1,23423.5,15280.7,22.5,1.5
5.417,8,23402.2,15183.2,15.0,23430.2,15165.5,23.3,23359.1,15191.5,30.7,1.0
5.417,9,23543.2,13912.8,15.0,23535.9,13929.9,22.6,23557.5,13913.1,26.1,1.1
5.417,10,23522.9,13890.3,15.0,23538.6,13896.0,23.3,23507.7,13839.2,54.2,1.0
5.417,11,23604.0,13778.4,15.0,23618.4,13756.9,35.1,23593.3,13773.8,22.7,1.1
5.417,12,23485.3,13826.2,15.0,23501.9,13834.3,23.4,23470.2,13773.1,51.2,1.5
5.417,13,23608.1,13680.9,15.0,23623.1,13644.2,45.4,23595.4,13681.2,22.7,1.2
5.433,0,23556.2,14901.1,15.0,23567.9,14899.6,22.5,23541.1,14874.6,37.0,1.3
5.433,1,23667.0,15188.9,15.0,23684.2,15205.0,22.8,23656.6,15140.5,40.0,1.3
5.433,2,23667.0,15209.8,15.0,23674.8,15170.8,28.9,23650.6,15231.2,21.9,1.3
5.433,3,23530.1,15241.8,15.0,23542.5,15189.9,45.1,23512.4,15256.2,23.3,0.9
5.433,4,23589.8,14023.3,15.0,23575.1,14018.7,22.9,23604.6,14072.0,53.9,0.9
5.433,5,23643.6,13942.9,15.0,23630.6,13992.4,45.4,23659.9,13933.5,23.0,1.3
5.433,6,23547.5,13949.4,15.0,23541.3,13978.1,22.8,23562.0,13922.2,23.2,1.0
5.433,7,23392.8,15283.1,15.0,23370.3,15296.3,21.8,23423.4,15280.5,22.9,1.5
5.433,8,23404.0,15183.2,15.0,23430.4,15165.2,23.3,23358.0,15192.1,33.9,1.0
5.433,9,23543.2,13910.9,15.0,23536.4,13930.6,22.6,23557.4,13904.7,24.7,1.1
5.433,10,23522.9,13892.0,15.0,23538.1,13896.3,23.3,23507.4,13841.9,55.4,1.0
5.433,11,23604.0,13780.3,15.0,23618.5,13761.9,32.9,23594.0,13773.5,22.7,1.1
5.433,12,23485.3,13828.6,15.0,23501.5,13835.9,23.3,23469.5,13775.1,54.4,1.5
5.433,13,23608.1,13682.8,15.0,23622.9,13651.8,41.1,23596.1,13681.5,22.7,1.2
5.450,0,23556.2,14903.3,15.0,23567.2,14899.6,22.4,23541.1,14880.6,34.4,1.3
5.450,1,23667.0,15191.2,15.0,23684.1,15204.9,23.0,23655.8,15141.5,42.3,1.3
5.450,2,23667.0,15212.0,15.0,23675.5,15169.9,32.0,23650.4,15232.4,22.1,1.3
5.450,3,23530.1,15243.2,15.0,23543.0,15191.5,45.7,23512.7,15255.7,23.3,0.9
5.450,4,23589.8,14021.9,15.0,23575.6,14018.4,22.9,23604.8,14068.8,53.3,0.9
5.450,5,23643.6,13940.8,15.0,23630.0,13990.1,47.2,23659.5,13932.5,23.0,1.3
5.450,6,23547.5,13947.7,15.0,23541.2,13977.9,23.0,23562.4,13919.9,22.9,1.0
5.450,7,23390.4,15282.7,15.0,23367.1,15296.3,21.6,23423.4,15280.3,23.6,1.5
5.450,8,23405.7,15183.2,15.0,23429.8,15165.1,23.2,23357.2,15192.9,37.5,1.0
5.450,9,23543.2,13909.1,15.0,23536.7,13931.2,22.6,23557.3,13895.5,23.7,1.1
5.450,10,23522.9,13893.7,15.0,23537.5,13896.6,23.3,23507.2,13845.8,54.8,1.0
5.450,11,23604.0,13782.1,15.0,23618.6,13767.0,31.0,23594.7,13773.0,22.7,1.1
5.450,12,23485.3,13831.0,15.0,23501.0,13837.6,23.1,23469.1,13778.6,55.3,1.5
5.450,13,23608.1,13684.8,15.0,23622.7,13659.9,36.9,23596.8,13681.6,22.7,1.2
5.467,0,23556.2,14905.5,15.0,23566.4,14899.5,22.4,23541.0,14885.9,32.3,1.3
5.467,1,23667.0,15193.4,15.0,23683.8,15205.2,23.1,23655.1,15143.6,43.4,1.3
5.467,2,23667.0,15214.2,15.0,23676.2,15169.4,35.5,23650.3,15232.7,22.3,1.3
5.467,3,23530.1,15244.6,15.0,23543.5,15193.2,46.7,23513.0,15255.4,23.3,0.9
5.467,4,23589.8,14020.5,15.0,23576.0,14018.0,22.9,23604.9,14065.6,52.8,0.9
5.467,5,23643.6,13938.7,15.0,23629.4,13988.1,49.8,23659.1,13931.5,22.9,1.3
5.467,6,23547.5,13946.0,15.0,23541.0,13977.9,23.5,23562.8,13917.9,22.7,1.0
5.467,7,23388.0,15282.4,15.0,23364.7,15296.3,21.8,23423.8,15280.0,25.1,1.5
5.467,8,23407.4,15183.2,15.0,23429.0,15165.0,23.3,23357.1,15193.7,40.7,1.0
5.467,9,23543.2,13907.2,15.0,23536.9,13931.7,22.6,23557.3,13887.5,23.3,1.1
5.467,10,23522.9,13895.4,15.0,23536.9,13896.9,23.3,23507.1,13850.7,52.8,1.0
5.467,11,23604.0,13784.0,15.0,23618.6,13772.3,29.7,23595.3,13772.3,22.7,1.1
5.467,12,23485.3,13833.4,15.0,23500.5,13839.2,23.0,23468.9,13783.2,54.7,1.5
5.467,13,23608.1,13686.7,15.0,23622.7,13666.1,34.2,23597.5,13681.5,22.7,1.2
5.483,0,23556.2,14907.8,15.0,23565.7,14899.0,22.3,23540.9,14891.4,30.9,1.3
5.483,1,23667.0,15195.6,15.0,23683.5,15205.7,23.1,23654.5,15145.9,44.2,1.3
5.483,2,23667.0,15216.4,15.0,23677.0,15169.6,38.6,23650.3,15232.9,22.5,1.3
5.483,3,23530.1,15246.0,15.0,23544.0,15194.9,48.2,23513.3,15255.5,23.3,0.9
5.483,4,23589.8,14019.1,15.0,23576.5,14017.8,22.9,23605.0,14061.3,50.6,0.9
5.483,5,23643.6,13936.5,15.0,23628.8,13986.3,52.7,23658.7,13930.4,22.8,1.3
5.483,6,23547.5,13944.2,15.0,23540.8,13978.3,24.7,23563.2,13916.5,22.7,1.0
5.483,7,23385.6,15282.0,15.0,23362.4,15296.4,22.0,23424.6,15279.6,27.2,1.5
5.483,8,23409.2,15183.2,15.0,23427.8,15165.1,23.2,23357.8,15194.4,42.8,1.0
5.483,9,23543.2,13905.4,15.0,23537.0,13932.0,22.6,23557.5,13881.5,23.0,1.1
5.483,10,23522.9,13897.1,15.0,23536.3,13897.1,23.3,23507.2,13857.5,48.4,1.0
5.483,11,23604.0,13785.8,15.0,23618.7,13778.0,28.4,23596.0,13771.6,22.7,1.1
5.483,12,23485.3,13835.9,15.0,23499.8,13840.3,22.9,23468.9,13789.9,51.0,1.5
5.483,13,23608.1,13688.6,15.0,23622.8,13671.2,32.1,23598.2,13681.2,22.7,1.2
5.500,0,23556.2,14910.0,15.0,23565.0,14898.4,22.3,23540.9,14897.0,29.7,1.3
5.500,1,23667.0,15197.8,15.0,23683.2,15206.8,23.0,23653.8,15148.2,45.9,1.3
5.500,2,23667.0,15218.7,15.0,23677.7,15170.7,40.9,23650.4,15232.8,22.7,1.3
5.500,3,23530.1,15247.5,15.0,23544.5,15196.6,49.8,23513.6,15255.5,23.3,0.9
5.500,4,23589.8,14017.7,15.0,23577.0,14017.6,22.9,23604.8,14055.9,47.2,0.9
5.500,5,23643.6,13934.4,15.0,23628.5,13982.7,53.2,23658.1,13929.4,22.8,1.3
5.500,6,23547.5,13942.5,15.0,23540.4,13978.7,26.2,23563.6,13915.2,22.7,1.0
5.500,7,23383.2,15281.7,15.0,23360.4,15296.4,22.2,23426.1,15279.2,30.3,1.5
5.500,8,23410.9,15183.2,15.0,23426.8,15165.3,23.3,23359.0,15195.1,44.6,1.0
5.500,9,23543.2,13903.5,15.0,23537.0,13932.1,22.7,23557.8,13876.9,23.0,1.1
5.500,10,23522.9,13898.8,15.0,23535.6,13897.2,23.3,23507.4,13864.7,44.2,1.0
5.500,11,23604.0,13787.7,15.0,23618.5,13786.0,26.6,23596.5,13770.9,22.7,1.1
5.500,12,23485.3,13838.3,15.0,23499.2,13841.4,22.8,23469.0,13797.8,46.5,1.5
5.500,13,23608.1,13690.6,15.0,23622.8,13676.4,30.5,23598.9,13680.6,22.6,1.2
5.517,0,23556.2,14912.2,15.0,23564.4,14897.8,22.2,23541.0,14905.0,27.7,1.3
5.517,1,23667.0,15200.0,15.0,23682.9,15207.9,23.0,23653.2,15150.7,47.9,1.3
5.517,2,23667.0,15220.9,15.0,23678.5,15172.3,42.4,23650.6,15233.1,22.8,1.3
5.517,3,23530.1,15248.9,15.0,23545.0,15197.8,52.2,23514.0,15255.7,23.3,0.9
5.517,4,23589.8,14016.2,15.0,23577.5,14017.3,22.9,23604.7,14050.1,44.0,0.9
5.517,5,23643.6,13932.3,15.0,23628.2,13978.4,52.6,23657.6,13928.4,22.7,1.3
5.517,6,23547.5,13940.8,15.0,23539.9,13980.0,28.8,23563.9,13914.4,22.7,1.0
5.517,7,23380.8,15281.4,15.0,23359.2,15296.4,22.5,23427.3,15278.5,33.8,1.5
5.517,8,23412.6,15183.2,15.0,23426.2,15165.6,23.3,23361.0,15195.7,45.3,1.0
5.517,9,23543.2,13901.7,15.0,23536.9,13931.9,23.0,23558.2,13874.5,22.7,1.1
5.517,10,23522.9,13900.5,15.0,23534.9,13897.1,23.2,23507.6,13872.3,39.9,1.0
5.517,11,23604.0,13789.6,15.0,23618.4,13794.3,25.2,23597.0,13770.1,22.7,1.1
5.517,12,23485.3,13840.7,15.0,23498.5,13842.2,22.6,23469.2,13806.1,41.7,1.5
5.517,13,23608.1,13692.5,15.0,23622.9,13681.8,29.3,23599.6,13679.9,22.6,1.2
5.533,0,23556.2,14914.4,15.0,23563.9,14897.2,22.3,23541.1,14913.4,26.1,1.3
5.533,1,23667.0,15202.3,15.0,23682.4,15209.2,22.9,23652.6,15152.5,50.8,1.3
5.533,2,23667.0,15223.1,15.0,23679.1,15174.6,43.2,23650.9,15233.6,22.9,1.3
5.533,3,23530.1,15250.3,15.0,23545.4,15199.1,54.6,23514.4,15255.9,23.3,0.9
5.533,4,23589.8,14014.8,15.0,23578.1,14017.3,22.9,23604.6,14044.2,40.4,0.9
5.533,5,23643.6,13930.1,15.0,23628.3,13972.1,48.9,23657.0,13927.5,22.6,1.3
5.533,6,23547.5,13939.1,15.0,23539.3,13981.1,31.6,23564.1,13913.7,22.7,1.0
5.533,7,23378.5,15281.0,15.0,23358.6,15296.5,22.9,23428.0,15277.7,37.7,1.5
5.533,8,23414.4,15183.2,15.0,23425.6,15165.9,23.3,23363.0,15196.4,46.2,1.0
5.533,9,23543.2,13899.8,15.0,23536.8,13931.9,23.7,23558.7,13872.5,22.6,1.1
5.533,10,23522.9,13902.2,15.0,23534.3,13897.0,23.3,23507.8,13879.9,36.3,1.0
5.533,11,23604.0,13791.4,15.0,23618.3,13803.6,23.9,23597.3,13769.5,22.7,1.1
5.533,12,23485.3,13843.1,15.0,23497.7,13842.6,22.6,23469.4,13814.9,37.5,1.5
5.533,13,23608.1,13694.5,15.0,23622.8,13689.0,27.5,23600.1,13679.2,22.6,1.2
5.550,0,23556.2,14916.6,15.0,23563.5,14896.7,22.3,23541.2,14923.0,24.2,1.3
5.550,1,23667.0,15204.5,15.0,23682.0,15210.4,22.8,23652.0,15154.6,53.5,1.3
5.550,2,23667.0,15225.3,15.0,23679.7,15176.9,44.5,23651.2,15234.4,22.9,1.3
5.550,3,23530.1,15251.7,15.0,23545.8,15201.3,55.6,23514.9,15256.2,23.3,0.9
5.550,4,23589.8,14013.4,15.0,23578.6,14017.3,22.9,23604.4,14037.9,37.2,0.9
5.550,5,23643.6,13928.0,15.0,23628.4,13964.6,44.7,23656.4,13926.8,22.6,1.3
5.550,6,23547.5,13937.3,15.0,23538.6,13981.8,34.9,23564.3,13914.2,22.7,1.0
5.550,7,23376.1,15280.7,15.0,23358.2,15296.4,23.2,23427.8,15276.7,40.7,1.5
5.550,8,23416.1,15183.2,15.0,23425.7,15166.3,23.3,23365.0,15197.0,48.0,1.0
5.550,9,23543.2,13898.0,15.0,23536.5,13932.3,25.0,23559.1,13870.9,22.6,1.1
5.550,10,23522.9,13903.9,15.0,23533.5,13896.5,23.2,23507.7,13884.7,34.1,1.0
5.550,11,23604.0,13793.3,15.0,23618.3,13812.3,23.5,23597.6,13768.9,22.7,1.1
5.550,12,23485.3,13845.5,15.0,23496.9,13842.6,22.4,23469.3,13820.7,35.1,1.5
5.550,13,23608.1,13696.4,15.0,23622.7,13697.1,26.0,23600.7,13678.5,22.6,1.2
5.567,0,23556.2,14918.9,15.0,23563.1,14896.1,22.3,23541.3,14932.5,23.3,1.3
5.567,1,23667.0,15206.7,15.0,23681.5,15211.7,22.7,23651.8,15158.9,52.9,1.3
5.567,2,23667.0,15227.5,15.0,23680.3,15179.3,46.4,23651.5,15235.6,22.8,1.3
5.567,3,23530.1,15253.1,15.0,23545.9,15204.5,55.1,23515.3,15256.4,23.3,0.9
5.567,4,23589.8,14012.0,15.0,23579.2,14017.5,22.9,23604.3,14032.6,34.8,0.9
5.567,5,23643.6,13925.9,15.0,23628.6,13956.9,40.2,23655.7,13926.4,22.5,1.3
5.567,6,23547.5,13935.6,15.0,23537.9,13982.2,38.3,23564.4,13914.7,22.7,1.0
5.567,7,23373.7,15280.4,15.0,23358.0,15296.3,23.5,23426.8,15275.6,43.2,1.5
5.567,8,23417.9,15183.2,15.0,23425.8,15166.7,23.3,23367.1,15197.5,50.0,1.0
5.567,9,23543.2,13896.1,15.0,23536.0,13933.1,26.8,23559.4,13869.6,22.6,1.1
5.567,10,23522.9,13905.6,15.0,23532.8,13896.0,23.3,23507.6,13889.7,32.0,1.0
5.567,11,23604.0,13795.2,15.0,23618.5,13818.4,23.1,23597.7,13768.6,22.7,1.1
5.567,12,23485.3,13847.9,15.0,23496.1,13842.6,22.4,23469.2,13826.3,33.0,1.5
5.567,13,23608.1,13698.3,15.0,23622.6,13706.2,24.4,23601.1,13677.8,22.6,1.2
5.583,0,23556.2,14921.1,15.0,23563.0,14895.9,22.4,23541.1,14939.1,22.6,1.3
5.583,1,23667.0,15208.9,15.0,23680.9,15212.8,22.6,23651.6,15163.6,51.7,1.3
5.583,2,23667.0,15229.7,15.0,23680.9,15181.3,48.8,23651.9,15236.8,22.7,1.3
5.583,3,23530.1,15254.5,15.0,23546.1,15207.8,54.6,23515.8,15256.7,23.3,0.9
5.583,4,23589.8,14010.6,15.0,23579.7,14017.8,22.9,23604.4,14028.7,33.1,0.9
5.583,5,23643.6,13923.7,15.0,23628.8,13948.6,36.2,23655.0,13926.1,22.5,1.3
5.583,6,23547.5,13933.9,15.0,23537.2,13981.4,40.3,23564.3,13915.6,22.7,1.0
5.583,7,23371.3,15280.1,15.0,23357.4,15296.0,23.6,23425.0,15274.5,44.6,1.5
5.583,8,23419.6,15183.2,15.0,23426.0,15167.2,23.3,23368.6,15198.1,52.9,1.0
5.583,9,23543.2,13894.3,15.0,23535.5,13934.3,29.6,23559.7,13868.7,22.6,1.1
5.583,10,23522.9,13907.3,15.0,23532.2,13895.1,23.2,23507.6,13894.8,30.7,1.0
5.583,11,23604.0,13797.0,15.0,23618.7,13823.7,23.1,23597.7,13768.4,22.8,1.1
5.583,12,23485.3,13850.4,15.0,23495.3,13842.0,22.3,23469.2,13832.1,31.7,1.5
5.583,13,23608.1,13700.3,15.0,23622.5,13715.6,23.6,23601.4,13677.2,22.6,1.2
5.600,0,23556.2,14923.3,15.0,23562.9,14895.7,22.5,23540.8,14945.2,22.2,1.3
5.600,1,23667.0,15211.1,15.0,23680.3,15213.7,22.5,23651.7,15170.8,47.2,1.3
5.600,2,23667.0,15232.0,15.0,23681.5,15183.2,51.8,23652.3,15238.2,22.6,1.3
5.600,3,23530.1,15256.0,15.0,23546.0,15213.1,51.0,23516.4,15256.8,23.3,0.9
5.600,4,23589.8,14009.2,15.0,23580.3,14018.2,22.9,23604.5,14024.6,31.4,0.9
5.600,5,23643.6,13921.6,15.0,23628.8,13943.0,33.8,23654.2,13926.1,22.4,1.3
5.600,6,23547.5,13932.1,15.0,23536.5,13980.5,42.3,23564.2,13916.6,22.7,1.0
5.600,7,23368.9,15279.8,15.0,23356.6,15295.6,23.6,23422.7,15273.4,45.5,1.5
5.600,8,23421.3,15183.2,15.0,23426.3,15167.7,23.3,23370.2,15198.7,55.8,1.0
5.600,9,23543.2,13892.4,15.0,23534.8,13935.3,32.7,23560.0,13868.3,22.6,1.1
5.600,10,23522.9,13909.0,15.0,23531.5,13894.3,23.3,23507.5,13900.0,29.5,1.0
5.600,11,23604.0,13798.9,15.0,23619.2,13826.2,22.8,23597.6,13768.6,23.0,1.1
5.600,12,23485.3,13852.8,15.0,23494.6,13841.5,22.3,23469.2,13838.2,30.4,1.5
5.600,13,23608.1,13702.2,15.0,23622.6,13722.7,23.1,23601.6,13676.8,22.6,1.2
5.617,0,23556.2,14925.5,15.0,23563.0,14895.9,22.9,23540.4,14948.2,21.9,1.3
5.617,1,23667.0,15213.4,15.0,23679.6,15214.5,22.4,23651.9,15178.5,42.9,1.3
5.617,2,23667.0,15234.2,15.0,23681.9,15186.8,52.2,23652.8,15239.4,22.5,1.3
5.617,3,23530.1,15257.4,15.0,23545.9,15219.0,47.5,23516.9,15257.0,23.3,0.9
5.617,4,23589.8,14007.7,15.0,23580.8,14018.7,22.9,23604.5,14020.5,30.3,0.9
5.617,5,23643.6,13919.5,15.0,23628.7,13937.8,31.8,23653.5,13926.3,22.4,1.3
5.617,6,23547.5,13930.4,15.0,23535.9,13978.6,43.0,23563.9,13917.1,22.7,1.0
5.617,7,23366.5,15279.4,15.0,23355.2,15295.2,23.5,23420.4,15272.3,47.3,1.5
5.617,8,23423.1,15183.2,15.0,23426.6,15168.3,23.3,23374.2,15198.9,55.1,1.0
5.617,9,23543.2,13890.6,15.0,23534.1,13935.9,36.1,23560.1,13868.7,22.6,1.1
5.617,10,23522.9,13910.7,15.0,23531.0,13893.4,23.2,23507.6,13907.6,27.7,1.0
5.617,11,23604.0,13800.7,15.0,23619.6,13828.4,22.6,23597.5,13768.6,23.5,1.1
5.617,12,23485.3,13855.2,15.0,23494.0,13840.9,22.2,23469.3,13846.7,28.2,1.5
5.617,13,23608.1,13704.2,15.0,23622.8,13728.9,22.9,23601.7,13676.5,22.7,1.2
5.633,0,23556.2,14927.8,15.0,23563.1,14896.0,23.5,23540.0,14950.9,21.8,1.3
5.633,1,23667.0,15215.6,15.0,23678.9,15215.0,22.4,23652.1,15186.5,38.5,1.3
5.633,2,23667.0,15236.4,15.0,23682.1,15191.1,51.5,23653.3,15240.5,22.4,1.3
5.633,3,23530.0,15258.8,15.0,23548.1,15226.3,44.0,23517.5,15256.1,23.3,0.9
5.633,4,23589.8,14006.3,15.0,23581.3,14019.3,22.9,23604.5,14016.4,29.3,0.9
5.633,5,23643.6,13917.4,15.0,23628.6,13932.3,30.4,23652.8,13926.8,22.3,1.3
5.633,6,23547.5,13928.7,15.0,23535.4,13976.7,43.7,23563.6,13917.6,22.7,1.0
5.633,7,23364.1,15279.1,15.0,23353.6,15294.7,23.4,23417.9,15271.2,49.3,1.5
5.633,8,23424.8,15183.2,15.0,23426.9,15168.9,23.3,23378.2,15199.1,54.5,1.0
5.633,9,23543.2,13888.7,15.0,23533.4,13935.7,39.1,23560.1,13869.4,22.7,1.1
5.633,10,23522.9,13912.4,15.0,23530.5,13892.5,23.3,23507.8,13915.6,26.3,1.0
5.633,11,23604.0,13802.6,15.0,23620.0,13829.9,22.6,23597.2,13768.2,24.8,1.1
5.633,12,23485.3,13857.6,15.0,23493.4,13840.2,22.3,23469.4,13855.7,26.3,1.5
5.633,13,23608.1,13706.1,15.0,23623.2,13732.2,22.7,23601.6,13676.6,22.9,1.2
5.650,0,23556.2,14930.0,15.0,23563.4,14895.6,24.9,23539.7,14953.1,21.9,1.3
5.650,1,23667.0,15217.8,15.0,23678.2,15215.2,22.3,23652.2,15194.0,35.2,1.3
5.650,2,23667.0,15238.6,15.0,23682.0,15197.5,47.9,23653.9,15241.7,22.3,1.3
5.650,3,23529.8,15260.2,15.0,23549.4,15233.9,40.4,23518.3,15255.2,23.3,0.9
5.650,4,23589.8,14004.9,15.0,23581.8,14020.0,22.9,23604.5,14011.4,28.2,0.9
5.650,5,23643.6,13915.2,15.0,23628.6,13926.9,29.3,23652.1,13927.3,22.3,1.3
5.650,6,23547.5,13926.9,15.0,23534.8,13974.6,45.2,23563.3,13917.5,22.7,1.0
5.650,7,23361.7,15278.8,15.0,23352.1,15294.1,23.3,23416.1,15270.2,52.3,1.5
5.650,8,23426.6,15183.2,15.0,23427.1,15169.5,23.3,23384.9,15199.0,50.0,1.0
5.650,9,23543.2,13886.9,15.0,23532.7,13934.8,41.2,23560.0,13870.2,22.7,1.1
5.650,10,23522.9,13914.2,15.0,23530.1,13891.7,23.2,23507.9,13924.5,24.9,1.0
5.650,11,23604.0,13804.5,15.0,23620.4,13831.4,22.7,23596.8,13767.6,26.5,1.1
5.650,12,23485.3,13860.0,15.0,23493.0,13839.6,22.3,23469.5,13865.8,24.4,1.5
5.650,13,23608.1,13708.0,15.0,23623.6,13734.8,22.5,23601.5,13676.8,23.2,1.2
5.667,0,23556.2,14932.2,15.0,23563.8,14895.0,26.8,23539.3,14955.1,22.0,1.3
5.667,1,23667.0,15220.0,15.0,23677.5,15215.1,22.3,23652.1,15199.2,33.0,1.3
5.667,2,23667.0,15240.8,15.0,23681.9,15204.9,43.8,23654.5,15242.5,22.3,1.3
5.667,3,23529.5,15261.6,15.0,23549.6,15241.9,37.2,23519.3,15254.4,23.3,0.9
5.667,4,23589.8,14003.5,15.0,23582.2,14020.6,22.9,23604.4,14005.1,26.8,0.9
5.667,5,23643.6,13913.1,15.0,23628.7,13918.8,27.3,23651.6,13928.0,22.3,1.3
5.667,6,23547.5,13925.2,15.0,23534.2,13972.5,46.9,23562.9,13917.3,22.7,1.0
5.667,7,23359.3,15278.6,15.0,23350.5,15293.4,23.2,23414.0,15269.2,55.4,1.5
5.667,8,23428.3,15183.2,15.0,23427.3,15170.2,23.3,23392.2,15198.8,45.8,1.0
5.667,9,23543.2,13885.0,15.0,23532.0,13933.4,42.7,23559.8,13870.9,22.7,1.1
5.667,10,23522.9,13915.9,15.0,23529.8,13891.0,23.3,23508.0,13933.7,24.2,1.0
5.667,11,23604.0,13806.3,15.0,23620.7,13832.3,22.7,23596.2,13766.3,29.3,1.1
5.667,12,23485.3,13862.4,15.0,23492.6,13839.1,22.4,23469.5,13874.8,23.3,1.5
5.667,13,23608.1,13710.0,15.0,23624.0,13736.6,22.4,23601.3,13676.5,24.3,1.2
5.683,0,23556.2,14934.4,15.0,23564.4,14893.6,29.7,23539.1,14956.6,22.2,1.3
5.683,1,23667.0,15222.3,15.0,23676.8,15214.9,22.2,23652.0,15204.6,31.2,1.3
5.683,2,23667.0,15243.1,15.0,23681.7,15212.6,39.4,23655.2,15243.0,22.2,1.3
5.683,3,23529.1,15262.9,15.0,23549.7,15247.7,35.1,23520.5,15253.5,23.3,0.9
5.683,4,23589.8,14002.1,15.0,23582.6,14021.2,22.9,23604.3,13998.7,25.7,0.9
5.683,5,23643.6,13911.0,15.0,23628.8,13910.4,25.7,23651.0,13928.6,22.3,1.3
5.683,6,23547.5,13923.5,15.0,23533.7,13970.9,49.4,23562.5,13917.0,22.7,1.0
5.683,7,23356.9,15278.3,15.0,23348.9,15292.7,23.0,23409.4,15268.3,54.7,1.5
5.683,8,23430.0,15183.2,15.0,23427.3,15170.9,23.3,23399.7,15198.6,41.3,1.0
5.683,9,23543.2,13883.2,15.0,23531.4,13931.3,43.4,23559.5,13871.3,22.7,1.1
5.683,10,23522.9,13917.6,15.0,23529.6,13890.5,23.2,23507.9,13940.7,23.9,1.0
5.683,11,23604.0,13808.2,15.0,23621.0,13832.9,22.7,23595.6,13765.2,32.3,1.1
5.683,12,23485.3,13864.9,15.0,23492.5,13838.8,22.5,23469.3,13881.8,22.4,1.5
5.683,13,23608.1,13711.9,15.0,23624.4,13738.3,22.5,23600.9,13676.1,25.7,1.2
5.700,0,23556.2,14936.6,15.0,23565.0,14892.6,33.0,23538.8,14957.7,22.4,1.3
5.700,1,23667.0,15224.5,15.0,23676.1,15214.4,22.2,23652.0,15210.1,30.0,1.3
5.700,2,23667.0,15245.3,15.0,23681.5,15220.8,35.5,23655.9,15243.5,22.2,1.3
5.700,3,23528.6,15264.2,15.0,23549.4,15253.1,33.3,23522.0,15252.7,23.3,0.9
5.700,4,23589.8,14000.7,15.0,23582.9,14021.8,22.9,23604.2,13991.5,24.6,0.9
5.700,5,23643.6,13908.8,15.0,23628.9,13901.0,24.0,23650.6,13929.2,22.3,1.3
5.700,6,23547.5,13921.7,15.0,23533.2,13969.4,52.2,23562.0,13916.7,22.7,1.0
5.700,7,23354.5,15278.0,15.0,23347.6,15292.0,22.9,23404.5,15267.4,53.4,1.5
5.700,8,23431.8,15183.2,15.0,23427.2,15171.6,23.3,23407.8,15198.4,37.3,1.0
5.700,9,23543.2,13881.3,15.0,23530.8,13929.2,44.5,23559.2,13871.4,22.7,1.1
5.700,10,23522.9,13919.3,15.0,23529.6,13890.0,23.3,23507.7,13946.6,23.8,1.0
5.700,11,23604.0,13810.0,15.0,23621.1,13832.5,22.7,23594.9,13764.5,35.8,1.1
5.700,12,23485.3,13867.3,15.0,23492.4,13838.7,22.7,23469.0,13887.2,22.0,1.5
5.700,13,23608.1,13713.9,15.0,23624.8,13739.5,22.5,23600.4,13674.9,28.2,1.2
5.717,0,23556.2,14938.9,15.0,23565.8,14892.0,36.6,23538.7,14958.0,22.6,1.3
5.717,1,23667.0,15226.7,15.0,23675.4,15213.9,22.2,23652.0,15216.7,28.5,1.3
5.717,2,23667.0,15247.5,15.0,23681.6,15226.2,33.3,23656.6,15243.5,22.1,1.3
5.717,3,23527.9,15265.5,15.0,23548.4,15258.5,31.8,23523.6,15252.0,23.3,0.9
5.717,4,23589.8,13999.2,15.0,23583.2,14022.3,22.9,23604.1,13984.2,23.9,0.9
5.717,5,23643.6,13906.7,15.0,23629.0,13891.7,23.2,23650.3,13929.7,22.4,1.3
5.717,6,23547.5,13920.0,15.0,23532.9,13966.2,52.6,23561.5,13916.3,22.7,1.0
5.717,7,23352.1,15277.7,15.0,23346.7,15291.3,22.7,23396.8,15266.6,48.6,1.5
5.717,8,23433.5,15183.2,15.0,23426.7,15172.3,23.3,23413.3,15198.4,34.7,1.0
5.717,9,23543.2,13879.5,15.0,23530.2,13927.0,46.3,23558.8,13871.1,22.7,1.1
5.717,10,23522.9,13921.0,15.0,23529.6,13889.9,23.4,23507.3,13950.3,23.7,1.0
5.717,11,23604.0,13811.9,15.0,23621.1,13831.9,22.8,23594.1,13764.4,39.1,1.1
5.717,12,23485.3,13869.7,15.0,23492.5,13838.9,23.1,23468.6,13890.5,21.8,1.5
5.717,13,23608.1,13715.8,15.0,23625.0,13740.5,22.6,23599.8,13673.7,31.1,1.2
5.733,0,23556.2,14941.1,15.0,23566.6,14892.2,39.8,23538.8,14958.0,22.9,1.3
5.733,1,23667.0,15228.9,15.0,23674.8,15213.3,22.1,23652.1,15224.9,26.6,1.3
5.733,2,23667.0,15249.7,15.0,23681.7,15231.4,31.3,23657.3,15243.5,22.1,1.3
5.733,3,23527.2,15266.7,15.0,23546.8,15263.8,30.7,23525.4,15251.4,23.3,0.9
5.733,4,23589.8,13997.8,15.0,23583.4,14022.8,22.9,23604.1,13977.5,23.7,0.9
5.733,5,23643.6,13904.6,15.0,23628.8,13885.3,22.6,23650.2,13929.9,22.4,1.3
5.733,6,23547.5,13918.3,15.0,23532.7,13962.4,52.0,23560.9,13915.9,22.7,1.0
5.733,7,23349.7,15277.4,15.0,23345.8,15290.5,22.6,23388.8,15265.8,44.1,1.5
5.733,8,23435.2,15183.2,15.0,23426.2,15173.0,23.3,23418.4,15198.5,32.6,1.0
5.733,9,23543.2,13877.6,15.0,23529.6,13925.1,48.6,23558.4,13870.7,22.7,1.1
5.733,10,23522.9,13922.7,15.0,23529.7,13889.9,23.7,23506.9,13952.6,23.4,1.0
5.733,11,23604.0,13813.8,15.0,23621.1,13831.0,22.8,23593.4,13765.3,41.2,1.1
5.733,12,23485.3,13872.1,15.0,23492.7,13838.7,24.2,23468.2,13893.3,21.7,1.5
5.733,13,23608.1,13717.7,15.0,23625.2,13740.4,22.6,23599.1,13672.9,34.5,1.2
5.750,0,23556.2,14943.3,15.0,23567.4,14893.2,42.1,23538.9,14957.9,23.0,1.3
5.750,1,23667.0,15231.1,15.0,23674.4,15212.8,22.2,23652.2,15233.8,24.9,1.3
5.750,2,23667.0,15251.9,15.0,23681.7,15236.8,30.1,23658.0,15243.1,22.0,1.3
5.750,3,23526.4,15267.9,15.0,23544.5,15268.9,29.7,23527.4,15251.0,23.3,0.9
5.750,4,23589.8,13996.4,15.0,23583.5,14023.1,22.9,23604.3,13972.8,23.4,0.9
5.750,5,23643.6,13902.4,15.0,23628.5,13879.5,22.3,23650.1,13930.1,22.5,1.3
5.750,6,23547.5,13916.5,15.0,23532.7,13957.1,49.1,23560.4,13915.5,22.7,1.0
5.750,7,23347.3,15277.1,15.0,23345.3,15289.7,22.5,23380.3,15264.9,39.5,1.5
5.750,8,23437.0,15183.2,15.0,23425.4,15173.7,23.2,23423.6,15198.5,31.1,1.0
5.750,9,23543.2,13875.8,15.0,23529.1,13923.5,51.4,23557.9,13870.3,22.7,1.1
5.750,10,23522.9,13924.4,15.0,23529.9,13889.7,24.4,23506.4,13954.4,23.3,1.0
5.750,11,23604.0,13815.6,15.0,23620.9,13830.3,22.8,23592.7,13766.5,43.0,1.1
5.750,12,23485.3,13874.5,15.0,23493.0,13838.3,25.7,23467.8,13895.8,21.9,1.5
5.750,13,23608.1,13719.7,15.0,23625.3,13740.2,22.8,23598.3,13672.4,38.2,1.2
5.767,0,23556.2,14945.5,15.0,23568.1,14895.0,43.6,23539.1,14958.1,23.2,1.3
5.767,1,23667.0,15233.4,15.0,23674.0,15212.3,22.2,23652.3,15243.4,23.5,1.3
5.767,2,23667.0,15254.1,15.0,23681.8,15242.4,28.9,23658.7,15242.6,22.0,1.3
5.767,3,23525.5,15269.0,15.0,23540.6,15274.8,28.2,23529.5,15250.9,23.3,0.9
5.767,4,23589.8,13995.0,15.0,23583.5,14023.3,22.9,23604.5,13968.0,23.4,0.9
5.767,5,23643.6,13900.3,15.0,23628.1,13876.7,22.1,23650.2,13929.8,22.8,1.3
5.767,6,23547.5,13914.8,15.0,23532.8,13950.4,45.1,23559.8,13915.2,22.7,1.0
5.767,7,23344.9,15276.9,15.0,23345.1,15288.9,22.4,23372.7,15264.1,36.1,1.5
5.767,8,23438.7,15183.2,15.0,23424.6,15174.4,23.3,23428.9,15198.6,29.8,1.0
5.767,9,23543.2,13874.0,15.0,23528.7,13920.7,52.7,23557.4,13869.8,22.7,1.1
5.767,10,23522.9,13926.1,15.0,23530.2,13889.2,25.7,23506.0,13955.7,23.3,1.0
5.767,11,23604.0,13817.5,15.0,23620.6,13829.9,22.8,23592.1,13768.6,43.7,1.1
5.767,12,23485.3,13876.9,15.0,23493.5,13837.1,28.3,23467.6,13897.9,22.1,1.5
5.767,13,23608.1,13721.6,15.0,23625.2,13739.5,22.8,23597.6,13673.1,40.5,1.2
5.783,0,23556.2,14947.7,15.0,23568.8,14897.2,44.4,23539.4,14958.5,23.2,1.3
5.783,1,23667.0,15235.6,15.0,23673.8,15212.0,22.2,23652.2,15251.2,22.7,1.3
5.783,2,23667.0,15256.4,15.0,23681.6,15250.4,26.9,23659.2,15242.1,22.0,1.3
5.783,3,23524.6,15270.1,15.0,23535.6,15280.7,26.9,23531.7,15251.0,23.3,0.9
5.783,4,23589.8,13993.6,15.0,23583.5,14023.4,23.0,23604.8,13965.5,23.3,0.9
5.783,5,23643.6,13898.2,15.0,23627.7,13874.0,21.9,23650.3,13929.8,23.4,1.3
5.783,6,23547.5,13913.1,15.0,23533.0,13943.4,41.0,23559.1,13915.0,22.7,1.0
5.783,7,23342.5,15276.6,15.0,23345.2,15288.1,22.3,23367.3,15263.4,33.9,1.5
5.783,8,23440.5,15183.2,15.0,23423.7,15175.0,23.2,23436.0,15198.5,28.1,1.0
5.783,9,23543.2,13872.1,15.0,23528.5,13916.7,52.0,23556.8,13869.3,22.7,1.1
5.783,10,23522.9,13927.8,15.0,23530.6,13888.3,27.5,23505.6,13956.9,23.3,1.0
5.783,11,23604.0,13819.4,15.0,23620.3,13829.7,22.9,23591.5,13770.7,44.6,1.1
5.783,12,23485.3,13879.4,15.0,23494.2,13835.7,31.5,23467.3,13899.8,22.4,1.5
5.783,13,23608.1,13723.5,15.0,23625.1,13738.7,22.9,23596.9,13674.1,42.7,1.2
5.800,0,23556.2,14950.0,15.0,23569.5,14899.5,45.9,23539.7,14959.4,23.2,1.3
5.800,1,23667.0,15237.8,15.0,23673.6,15211.7,22.3,23652.0,15257.8,22.2,1.3
5.800,2,23667.0,15258.6,15.0,23681.5,15258.7,25.3,23659.8,15241.6,22.0,1.3
5.800,3,23523.5,15271.0,15.0,23529.6,15286.1,25.8,23533.9,15251.3,23.3,0.9
5.800,4,23589.8,13992.2,15.0,23583.4,14023.3,23.2,23605.1,13963.7,23.1,0.9
5.800,5,23643.6,13896.0,15.0,23627.3,13872.0,22.0,23650.6,13930.1,24.8,1.3
5.800,6,23547.5,13911.4,15.0,23533.2,13935.9,37.1,23558.5,13915.0,22.7,1.0
5.800,7,23340.1,15276.3,15.0,23345.6,15287.4,22.3,23361.6,15262.6,32.2,1.5
5.800,8,23442.2,15183.2,15.0,23422.8,15175.5,23.3,23444.1,15198.4,26.6,1.0
5.800,9,23543.2,13870.3,15.0,23528.4,13911.5,49.6,23556.2,13868.8,22.7,1.1
5.800,10,23522.9,13929.5,15.0,23531.2,13886.9,30.3,23505.3,13957.6,23.3,1.0
5.800,11,23604.0,13821.2,15.0,23619.9,13830.0,22.8,23590.9,13772.9,46.4,1.1
5.800,12,23485.3,13881.8,15.0,23494.9,13834.8,35.1,23467.2,13900.7,22.7,1.5
5.800,13,23608.1,13725.5,15.0,23624.9,13738.4,22.9,23596.2,13676.1,43.6,1.2
5.817,0,23556.2,14952.2,15.0,23570.1,14902.0,47.8,23540.0,14960.5,23.1,1.3
5.817,1,23667.0,15240.0,15.0,23673.6,15211.8,22.6,23651.7,15262.0,22.0,1.3
5.817,2,23666.9,15260.8,15.0,23680.7,15269.0,23.7,23661.5,15240.7,22.0,1.3
5.817,3,23522.4,15271.9,15.0,23522.4,15291.2,24.7,23536.0,15252.0,23.3,0.9
5.817,4,23589.8,13990.7,15.0,23583.3,14023.3,23.6,23605.5,13962.0,22.9,0.9
5.817,5,23643.6,13893.9,15.0,23627.0,13870.2,22.1,23651.0,13930.7,26.6,1.3
5.817,6,23547.5,13909.6,15.0,23533.3,13929.5,34.2,23557.8,13915.2,22.7,1.0
5.817,7,23337.7,15276.1,15.0,23346.2,15286.7,22.2,23355.9,15262.0,31.0,1.5
5.817,8,23443.9,15183.2,15.0,23421.9,15175.9,23.3,23452.9,15198.3,25.1,1.0
5.817,9,23543.2,13868.4,15.0,23528.6,13904.5,45.3,23555.6,13868.4,22.7,1.1
5.817,10,23522.9,13931.2,15.0,23531.8,13885.7,33.4,23505.1,13958.0,23.3,1.0
5.817,11,23604.0,13823.1,15.0,23619.5,13830.3,22.8,23590.3,13774.9,48.6,1.1
5.817,12,23485.3,13884.2,15.0,23495.8,13834.2,39.1,23467.1,13901.4,23.1,1.5
5.817,13,23608.1,13727.4,15.0,23624.5,13738.2,22.9,23595.6,13678.2,44.3,1.2
5.833,0,23556.2,14954.4,15.0,23570.7,14903.9,50.5,23540.4,14961.7,23.0,1.3
5.833,1,23667.0,15242.2,15.0,23673.7,15212.1,22.9,23651.3,15264.9,21.7,1.3
5.833,2,23666.6,15263.0,15.0,23678.7,15278.8,22.8,23663.3,15240.0,22.1,1.3
5.833,3,23521.3,15272.7,15.0,23514.6,15295.4,24.2,23538.1,15252.9,23.3,0.9
5.833,4,23589.8,13989.3,15.0,23583.0,14023.6,24.6,23605.8,13960.8,22.9,0.9
5.833,5,23643.6,13891.8,15.0,23626.7,13868.8,22.2,23651.6,13932.0,29.5,1.3
5.833,6,23547.5,13907.9,15.0,23533.2,13924.8,32.1,23557.1,13915.5,22.7,1.0
5.833,7,23335.3,15275.8,15.0,23346.8,15286.0,22.2,23348.6,15261.2,29.2,1.5
5.833,8,23445.7,15183.2,15.0,23421.2,15176.2,23.3,23462.3,15198.2,24.3,1.0
5.833,9,23543.2,13866.6,15.0,23528.8,13897.2,41.1,23555.0,13868.2,22.6,1.1
5.833,10,23522.9,13932.9,15.0,23532.5,13884.9,36.8,23504.9,13957.4,23.2,1.0
5.833,11,23604.0,13824.9,15.0,23619.0,13830.8,22.8,23589.7,13776.5,51.5,1.1
5.833,12,23485.3,13886.6,15.0,23496.6,13835.0,41.8,23467.2,13901.6,23.4,1.5
5.833,13,23608.1,13729.4,15.0,23624.2,13738.6,22.9,23595.0,13680.4,46.0,1.2
5.850,0,23556.2,14956.6,15.0,23571.3,14905.8,53.5,23540.9,14963.0,22.9,1.3
5.850,1,23667.0,15244.5,15.0,23674.0,15211.9,24.0,23650.9,15267.2,21.7,1.3
5.850,2,23666.1,15265.1,15.0,23676.2,15286.0,22.2,23665.2,15239.7,22.1,1.3
5.850,3,23520.0,15273.4,15.0,23507.9,15297.8,24.0,23540.0,15254.1,23.3,0.9
5.850,4,23589.8,13987.9,15.0,23582.8,14023.9,25.7,23606.1,13959.7,22.9,0.9
5.850,5,23643.6,13889.6,15.0,23626.5,13867.8,22.4,23652.2,13933.0,32.7,1.3
5.850,6,23547.5,13906.2,15.0,23533.1,13919.9,30.5,23556.5,13916.0,22.7,1.0
5.850,7,23332.9,15275.6,15.0,23347.5,15285.5,22.2,23340.1,15260.4,27.3,1.5
5.850,8,23447.4,15183.2,15.0,23420.6,15176.4,23.3,23470.0,15198.2,24.0,1.0
5.850,9,23543.2,13864.7,15.0,23529.0,13889.4,37.0,23554.3,13868.1,22.6,1.1
5.850,10,23522.9,13934.6,15.0,23533.3,13884.5,40.2,23504.8,13956.6,23.3,1.0
5.850,11,23604.0,13826.8,15.0,23618.5,13831.3,22.8,23589.3,13778.9,53.3,1.1
5.850,12,23485.3,13889.0,15.0,23497.4,13836.1,44.2,23467.4,13901.9,23.6,1.5
5.850,13,23608.1,13731.3,15.0,23623.8,13739.1,22.9,23594.4,13682.7,47.9,1.2
5.867,0,23556.2,14958.9,15.0,23571.6,14909.7,53.6,23541.4,14964.2,22.8,1.3
5.867,1,23667.0,15246.7,15.0,23674.3,15211.6,25.5,23650.6,15269.4,21.8,1.3
5.867,2,23665.4,15267.3,15.0,23673.3,15291.8,21.9,23667.2,15239.8,22.3,1.3
5.867,3,23518.8,15274.0,15.0,23501.7,15299.1,23.8,23541.8,15255.6,23.3,0.9
5.867,4,23589.8,13986.5,15.0,23582.4,14024.8,27.5,23606.4,13958.9,22.9,0.9
5.867,5,23643.6,13887.5,15.0,23626.4,13867.8,22.6,23653.0,13933.6,36.3,1.3
5.867,6,23547.5,13904.4,15.0,23533.1,13914.9,29.2,23555.9,13916.7,22.7,1.0
5.867,7,23330.5,15275.3,15.0,23348.2,15285.0,22.2,23330.5,15259.6,25.2,1.5
5.867,8,23449.1,15183.2,15.0,23420.1,15176.5,23.3,23476.0,15198.4,23.8,1.0
5.867,9,23543.2,13862.9,15.0,23529.0,13882.9,34.1,23553.6,13868.2,22.6,1.1
5.867,10,23522.9,13936.3,15.0,23534.0,13885.3,42.3,23504.9,13955.5,23.2,1.0
5.867,11,23604.0,13828.7,15.0,23617.9,13831.8,22.8,23589.1,13783.0,52.7,1.1
5.867,12,23485.3,13891.4,15.0,23498.2,13838.5,45.1,23467.6,13902.8,23.7,1.5
5.867,13,23608.1,13733.2,15.0,23623.3,13739.7,22.9,23593.8,13684.3,50.7,1.2
5.883,0,23556.2,14961.1,15.0,23571.9,14914.1,53.0,23542.0,14965.3,22.7,1.3
5.883,1,23667.0,15248.9,15.0,23674.8,15210.4,28.0,23650.3,15271.1,22.0,1.3
5.883,2,23664.6,15269.3,15.0,23670.7,15295.3,21.6,23669.1,15240.2,22.6,1.3
5.883,3,23517.4,15274.5,15.0,23495.8,15299.6,23.9,23543.4,15257.3,23.3,0.9
5.883,4,23589.8,13985.1,15.0,23582.0,14025.9,29.7,23606.6,13958.2,22.9,0.9
5.883,5,23643.6,13885.4,15.0,23626.4,13867.8,22.7,23653.8,13933.5,39.4,1.3
5.883,6,23547.5,13902.7,15.0,23533.1,13909.2,27.9,23555.3,13917.4,22.7,1.0
5.883,7,23328.1,15275.1,15.0,23348.8,15284.7,22.3,23320.5,15258.6,23.7,1.5
5.883,8,23450.9,15183.2,15.0,23419.9,15176.5,23.4,23480.2,15198.8,23.8,1.0
5.883,9,23543.2,13861.0,15.0,23529.0,13877.9,31.9,23552.9,13868.6,22.6,1.1
5.883,10,23522.9,13938.0,15.0,23534.7,13886.1,44.4,23505.1,13954.4,23.3,1.0
5.883,11,23604.0,13830.5,15.0,23617.3,13832.3,22.8,23589.0,13787.8,50.8,1.1
5.883,12,23485.3,13893.9,15.0,23498.9,13840.8,46.2,23467.9,13903.7,23.7,1.5
5.883,13,23608.1,13735.2,15.0,23622.8,13740.3,22.9,23593.2,13686.1,53.7,1.2
5.900,0,23556.2,14963.3,15.0,23571.8,14920.8,48.9,23542.6,14966.4,22.6,1.3
5.900,1,23667.0,15251.1,15.0,23675.4,15209.3,31.0,23650.0,15272.7,22.2,1.3
5.900,2,23663.6,15271.3,15.0,23667.9,15298.2,21.5,23671.1,15240.6,23.3,1.3
5.900,3,23516.1,15274.9,15.0,23492.3,15298.8,23.6,23544.6,15259.2,23.5,0.9
5.900,4,23589.8,13983.7,15.0,23581.5,14026.8,32.1,23606.9,13957.7,22.9,0.9
5.900,5,23643.6,13883.3,15.0,23626.5,13868.2,22.9,23654.5,13932.5,41.6,1.3
5.900,6,23547.5,13901.0,15.0,23533.2,13901.6,26.3,23554.8,13918.1,22.7,1.0
5.900,7,23325.7,15274.9,15.0,23349.2,15284.4,22.3,23313.0,15257.8,22.8,1.5
5.900,8,23452.6,15183.2,15.0,23419.9,15176.4,23.6,23482.5,15199.2,23.5,1.0
5.900,9,23543.2,13859.2,15.0,23528.9,13872.8,30.3,23552.2,13869.1,22.6,1.1
5.900,10,23522.9,13939.7,15.0,23535.3,13888.1,45.1,23505.3,13953.8,23.2,1.0
5.900,11,23604.0,13832.4,15.0,23616.7,13832.7,22.8,23589.1,13794.8,46.4,1.1
5.900,12,23485.3,13896.3,15.0,23499.6,13843.3,48.2,23468.2,13905.3,23.6,1.5
5.900,13,23608.1,13737.1,15.0,23622.3,13741.0,22.8,23593.0,13690.1,53.1,1.2
5.917,0,23556.2,14965.5,15.0,23571.6,14928.5,44.7,23543.2,14967.2,22.6,1.3
5.917,1,23667.0,15253.3,15.0,23676.1,15208.5,34.5,23649.9,15273.1,22.4,1.3
5.917,2,23662.5,15273.2,15.0,23665.2,15300.5,21.6,23673.2,15240.9,24.7,1.3
5.917,3,23514.7,15275.2,15.0,23488.9,15297.7,23.4,23545.6,15261.3,23.7,0.9
5.917,4,23589.8,13982.2,15.0,23580.9,14027.4,34.8,23607.0,13958.2,22.9,0.9
5.917,5,23643.6,13881.1,15.0,23626.7,13868.2,23.0,23655.3,13930.9,43.2,1.3
5.917,6,23547.5,13899.2,15.0,23533.3,13893.6,25.0,23554.4,13918.8,22.7,1.0
5.917,7,23323.2,15274.6,15.0,23349.5,15284.3,22.5,23305.9,15256.9,22.2,1.5
5.917,8,23454.4,15183.2,15.0,23419.7,15176.2,24.3,23484.4,15199.7,23.3,1.0
5.917,9,23543.2,13857.3,15.0,23528.8,13867.6,29.1,23551.6,13869.7,22.6,1.1
5.917,10,23522.9,13941.5,15.0,23536.0,13890.1,45.8,23505.6,13953.1,23.3,1.0
5.917,11,23604.0,13834.3,15.0,23616.0,13833.0,22.8,23589.3,13802.2,42.2,1.1
5.917,12,23485.3,13898.7,15.0,23500.3,13845.7,50.5,23468.6,13906.9,23.5,1.5
5.917,13,23608.1,13739.1,15.0,23621.7,13741.7,22.8,23592.8,13694.3,52.4,1.2
5.933,0,23556.2,14967.7,15.0,23571.5,14936.4,40.1,23543.9,14967.6,22.5,1.3
5.933,1,23667.0,15255.6,15.0,23676.9,15208.1,38.3,23649.8,15273.4,22.7,1.3
5.933,2,23661.3,15275.1,15.0,23662.3,15302.3,21.8,23675.7,15241.0,26.7,1.3
5.933,3,23513.3,15275.5,15.0,23485.9,15296.2,23.3,23546.8,15263.5,24.5,0.9
5.933,4,23589.8,13980.8,15.0,23580.3,14027.8,37.6,23607.1,13958.6,22.9,0.9
5.933,5,23643.6,13879.0,15.0,23627.0,13868.0,23.0,23655.9,13928.6,43.9,1.3
5.933,6,23547.5,13897.5,15.0,23533.4,13884.9,23.8,23554.0,13919.4,22.7,1.0
5.933,7,23320.8,15274.4,15.0,23349.4,15284.3,22.8,23302.4,15256.2,21.9,1.5
5.933,8,23456.1,15183.2,15.0,23419.2,15175.9,25.6,23485.8,15200.1,23.3,1.0
5.933,9,23543.2,13855.5,15.0,23528.9,13861.0,27.5,23551.0,13870.4,22.6,1.1
5.933,10,23522.9,13943.2,15.0,23536.6,13892.1,47.4,23506.0,13953.2,23.3,1.0
5.933,11,23604.0,13836.1,15.0,23615.3,13833.0,22.7,23589.5,13809.9,38.0,1.1
5.933,12,23485.3,13901.1,15.0,23500.9,13847.6,53.7,23469.0,13908.7,23.3,1.5
5.933,13,23608.1,13741.0,15.0,23621.1,13742.2,22.7,23592.9,13701.2,47.9,1.2
5.950,0,23556.2,14970.0,15.0,23571.2,14945.0,36.1,23544.6,14968.0,22.5,1.3
5.950,1,23667.0,15257.8,15.0,23677.7,15209.1,40.6,23649.9,15273.3,22.8,1.3
5.950,2,23659.9,15276.8,15.0,23659.4,15303.8,21.9,23678.5,15240.9,29.5,1.3
5.950,3,23511.9,15275.6,15.0,23484.7,15296.5,23.3,23547.3,15263.4,25.5,0.9
5.950,4,23589.8,13979.4,15.0,23579.7,14027.6,39.8,23607.1,13959.3,22.9,0.9
5.950,5,23643.6,13876.9,15.0,23627.3,13867.4,23.0,23656.6,13926.4,45.3,1.3
5.950,6,23547.5,13895.8,15.0,23533.5,13876.4,23.5,23553.8,13919.9,22.7,1.0
5.950,7,23318.4,15274.2,15.0,23349.2,15284.3,23.3,23299.2,15255.5,21.6,1.5
5.950,8,23457.8,15183.2,15.0,23418.4,15175.5,27.4,23487.0,15200.5,23.3,1.0
5.950,9,23543.2,13853.6,15.0,23529.0,13853.1,25.9,23550.5,13871.2,22.6,1.1
5.950,10,23522.9,13944.9,15.0,23537.1,13894.2,49.3,23506.4,13953.2,23.3,1.0
5.950,11,23604.0,13838.0,15.0,23614.6,13833.0,22.7,23589.6,13817.1,34.7,1.1
5.950,12,23485.3,13903.5,15.0,23501.4,13850.6,55.5,23469.5,13910.3,23.2,1.5
5.950,13,23608.1,13742.9,15.0,23620.4,13742.6,22.7,23593.1,13708.6,43.7,1.2
5.967,0,23556.2,14972.2,15.0,23571.3,14950.2,33.9,23545.4,14967.9,22.4,1.3
5.967,1,23666.9,15260.0,15.0,23682.0,15211.2,42.8,23649.0,15271.9,23.0,1.3
5.967,2,23658.4,15278.4,15.0,23656.9,15304.4,22.1,23681.2,15241.3,32.8,1.3
5.967,3,23510.5,15275.8,15.0,23483.6,15297.0,23.3,23547.7,15263.1,26.7,0.9
5.967,4,23589.8,13978.0,15.0,23579.1,14026.9,41.5,23607.0,13960.1,22.8,0.9
5.967,5,23643.6,13874.7,15.0,23627.6,13866.4,23.0,23657.2,13924.0,47.2,1.3
5.967,6,23547.5,13894.0,15.0,23533.3,13870.7,23.2,23553.7,13920.2,22.7,1.0
5.967,7,23316.0,15273.9,15.0,23349.6,15284.6,24.8,23296.7,15254.9,21.8,1.5
5.967,8,23459.6,15183.2,15.0,23416.9,15174.9,30.3,23487.7,15200.8,23.3,1.0
5.967,9,23543.2,13851.8,15.0,23529.1,13844.5,24.5,23550.1,13871.8,22.6,1.1
5.967,10,23522.9,13946.6,15.0,23537.7,13895.7,52.0,23506.9,13953.4,23.3,1.0
5.967,11,23604.0,13839.8,15.0,23613.9,13832.6,22.7,23589.5,13822.1,32.5,1.1
5.967,12,23485.3,13905.9,15.0,23501.7,13855.3,54.8,23470.0,13911.8,23.0,1.5
5.967,13,23608.1,13744.9,15.0,23619.8,13742.8,22.7,23593.3,13716.3,39.2,1.2
5.983,0,23556.2,14974.4,15.0,23571.4,14955.5,31.9,23546.1,14967.7,22.4,1.3
5.983,1,23666.5,15262.2,15.0,23685.9,15214.8,43.6,23648.3,15271.0,23.1,1.3
5.983,2,23656.7,15279.9,15.0,23654.8,15304.5,22.4,23683.7,15242.3,36.4,1.3
5.983,3,23509.1,15276.0,15.0,23483.0,15297.3,23.3,23548.9,15262.5,29.0,0.9
5.983,4,23589.8,13976.6,15.0,23578.6,14026.2,43.1,23606.9,13960.9,22.9,0.9
5.983,5,23643.6,13872.6,15.0,23628.1,13865.4,22.9,23657.8,13922.0,49.7,1.3
5.983,6,23547.5,13892.3,15.0,23533.1,13865.2,23.3,23553.6,13920.5,22.7,1.0
5.983,7,23313.6,15273.7,15.0,23350.1,15285.0,26.5,23294.2,15254.4,21.9,1.5
5.983,8,23461.3,15183.2,15.0,23415.7,15174.3,33.4,23488.1,15201.1,23.3,1.0
5.983,9,23543.2,13849.9,15.0,23529.2,13835.3,23.6,23549.8,13872.4,22.6,1.1
5.983,10,23522.9,13948.3,15.0,23538.3,13897.2,54.9,23507.4,13953.7,23.3,1.0
5.983,11,23604.0,13841.7,15.0,23613.2,13832.1,22.7,23589.4,13827.2,30.7,1.1
5.983,12,23485.3,13908.4,15.0,23501.8,13861.2,52.1,23470.6,13913.2,22.9,1.5
5.983,13,23608.1,13746.8,15.0,23619.1,13742.9,22.7,23593.5,13724.4,35.5,1.2
6.000,0,23556.2,14976.6,15.0,23571.5,14961.1,30.6,23546.9,14967.2,22.3,1.3
6.000,1,23666.0,15264.4,15.0,23689.6,15218.8,44.5,23647.8,15270.2,23.1,1.3
6.000,2,23655.0,15281.3,15.0,23652.9,15304.4,22.6,23685.6,15244.1,39.1,1.3
6.000,3,23507.7,15276.2,15.0,23482.4,15297.6,23.3,23550.0,15262.0,31.4,0.9
6.000,4,23589.8,13975.2,15.0,23578.1,14024.5,43.6,23606.7,13961.4,22.9,0.9
6.000,5,23643.6,13870.5,15.0,23628.5,13864.4,22.8,23658.4,13920.2,52.7,1.3
6.000,6,23547.5,13890.6,15.0,23532.7,13862.9,23.0,23553.7,13920.4,23.0,1.0
6.000,7,23311.2,15273.5,15.0,23351.6,15285.6,29.6,23292.3,15254.0,22.2,1.5
6.000,8,23463.1,15183.2,15.0,23414.9,15173.5,36.9,23487.5,15201.2,23.2,1.0
6.000,9,23543.2,13848.1,15.0,23529.2,13827.7,23.2,23549.5,13872.9,22.6,1.1
6.000,10,23522.9,13950.0,15.0,23538.6,13900.5,55.2,23507.9,13954.0,23.3,1.0
6.000,11,23604.0,13843.6,15.0,23612.6,13831.4,22.7,23589.4,13832.5,29.5,1.1
6.000,12,23485.3,13910.8,15.0,23501.6,13869.0,47.5,23471.3,13914.4,22.7,1.5
6.000,13,23608.1,13748.8,15.0,23618.3,13742.6,22.6,23593.4,13729.4,33.3,1.2
6.017,0,23556.2,14978.9,15.0,23571.5,14967.0,29.3,23547.5,14966.7,22.3,1.3
6.017,1,23665.4,15266.5,15.0,23692.8,15223.1,46.4,23647.4,15270.0,23.0,1.3
6.017,2,23653.2,15282.6,15.0,23651.1,15304.0,22.8,23687.0,15246.5,41.3,1.3
6.017,3,23506.3,15276.4,15.0,23482.4,15297.8,23.3,23550.8,15261.3,34.0,0.9
6.017,4,23589.8,13973.7,15.0,23577.6,14022.9,44.2,23606.4,13961.8,22.9,0.9
6.017,5,23643.6,13868.3,15.0,23629.0,13863.3,22.8,23658.7,13916.7,53.2,1.3
6.017,6,23547.5,13888.8,15.0,23532.2,13860.7,22.7,23553.8,13920.2,23.2,1.0
6.017,7,23308.8,15273.3,15.0,23352.7,15286.3,32.9,23290.7,15253.7,22.5,1.5
6.017,8,23464.8,15183.2,15.0,23414.6,15172.8,40.4,23486.7,15201.3,23.3,1.0
6.017,9,23543.2,13846.2,15.0,23528.9,13821.7,23.0,23549.4,13873.1,22.6,1.1
6.017,10,23522.9,13951.7,15.0,23538.8,13904.4,54.6,23508.5,13954.3,23.3,1.0
6.017,11,23604.0,13845.4,15.0,23612.0,13830.7,22.7,23589.4,13838.7,28.0,1.1
6.017,12,23485.3,13913.2,15.0,23501.4,13877.2,42.9,23472.0,13915.0,22.7,1.5
6.017,13,23608.1,13750.7,15.0,23617.6,13742.2,22.7,23593.3,13734.6,31.3,1.2
6.033,0,23556.2,14981.1,15.0,23571.4,14975.3,27.3,23548.1,14966.0,22.2,1.3
6.033,1,23664.6,15268.6,15.0,23695.7,15227.7,48.5,23647.1,15269.9,23.0,1.3
6.033,2,23651.2,15283.7,15.0,23649.2,15303.8,22.9,23687.6,15249.5,42.6,1.3
6.033,3,23504.9,15276.6,15.0,23482.9,15297.8,23.3,23551.4,15260.7,36.9,0.9
6.033,4,23589.8,13972.3,15.0,23577.1,14021.3,45.1,23606.2,13962.0,22.9,0.9
6.033,5,23643.6,13866.2,15.0,23629.6,13862.3,22.7,23658.9,13912.4,52.6,1.3
6.033,6,23547.5,13887.1,15.0,23531.8,13859.3,22.7,23554.1,13920.6,24.4,1.0
6.033,7,23306.4,15273.1,15.0,23353.3,15287.2,36.7,23290.1,15253.6,22.8,1.5
6.033,8,23466.5,15183.2,15.0,23415.3,15172.0,42.5,23485.6,15201.2,23.2,1.0
6.033,9,23543.2,13844.4,15.0,23528.6,13817.7,23.0,23549.5,13873.2,22.8,1.1
6.033,10,23522.9,13953.4,15.0,23538.8,13909.9,51.6,23509.1,13954.5,23.3,1.0
6.033,11,23604.0,13847.3,15.0,23611.5,13830.0,22.7,23589.5,13846.7,26.3,1.1
6.033,12,23485.3,13915.6,15.0,23501.2,13885.9,38.4,23472.7,13915.5,22.6,1.5
6.033,13,23608.1,13752.6,15.0,23616.9,13741.6,22.6,23593.3,13739.9,30.0,1.2
6.050,0,23556.2,14983.3,15.0,23571.3,14983.9,25.6,23548.6,14965.4,22.3,1.3
6.050,1,23663.6,15270.6,15.0,23698.5,15232.0,51.4,23646.9,15270.0,22.9,1.3
6.050,2,23649.2,15284.6,15.0,23647.1,15303.5,22.9,23687.7,15252.7,43.3,1.3
6.050,3,23503.5,15276.8,15.0,23483.5,15297.8,23.3,23551.8,15260.0,40.0,0.9
6.050,4,23589.8,13970.9,15.0,23576.6,14019.6,46.6,23605.9,13961.9,22.9,0.9
6.050,5,23643.6,13864.1,15.0,23630.2,13861.5,22.6,23658.9,13906.1,49.0,1.3
6.050,6,23547.5,13885.4,15.0,23531.5,13857.9,22.7,23554.4,13920.9,25.7,1.0
6.050,7,23304.0,15272.9,15.0,23353.2,15287.9,40.2,23289.5,15253.5,23.2,1.5
6.050,8,23468.3,15183.2,15.0,23416.3,15171.3,44.5,23484.5,15201.0,23.3,1.0
6.050,9,23543.2,13842.5,15.0,23528.2,13815.3,22.7,23549.6,13873.0,23.0,1.1
6.050,10,23522.9,13955.1,15.0,23538.6,13916.8,47.3,23509.8,13954.7,23.3,1.0
6.050,11,23604.0,13849.1,15.0,23611.0,13829.2,22.7,23589.6,13855.3,24.9,1.1
6.050,12,23485.3,13918.0,15.0,23501.2,13892.5,35.5,23473.5,13915.7,22.4,1.5
6.050,13,23608.1,13754.6,15.0,23616.3,13740.9,22.6,23593.2,13745.6,28.7,1.2
6.067,0,23556.2,14985.5,15.0,23571.2,14993.5,23.9,23549.0,14964.9,22.3,1.3
6.067,1,23662.5,15272.5,15.0,23700.3,15237.2,53.4,23646.8,15270.0,22.8,1.3
6.067,2,23647.2,15285.4,15.0,23644.6,15303.4,22.8,23687.6,15255.9,44.9,1.3
6.067,3,23502.1,15277.0,15.0,23484.4,15297.6,23.2,23551.2,15259.6,41.7,0.9
6.067,4,23589.8,13969.5,15.0,23576.2,14017.9,48.0,23605.5,13961.8,22.9,0.9
6.067,5,23643.6,13861.9,15.0,23630.8,13860.7,22.6,23658.8,13898.7,44.8,1.3
6.067,6,23547.5,13883.6,15.0,23531.1,13857.0,22.7,23554.9,13922.1,28.1,1.0
6.067,7,23301.6,15272.7,15.0,23352.2,15288.6,42.6,23289.3,15253.7,23.4,1.5
6.067,8,23470.0,15183.2,15.0,23418.3,15170.7,45.2,23483.8,15200.8,23.3,1.0
6.067,9,23543.2,13840.7,15.0,23527.8,13813.4,22.6,23549.8,13873.1,23.8,1.1
6.067,10,23522.9,13956.8,15.0,23538.4,13924.1,43.1,23510.4,13954.8,23.3,1.0
6.067,11,23604.0,13851.0,15.0,23610.7,13828.6,22.7,23589.8,13864.6,23.8,1.1
6.067,12,23485.3,13920.4,15.0,23501.3,13898.1,33.5,23474.3,13915.6,22.4,1.5
6.067,13,23608.1,13756.5,15.0,23615.8,13740.2,22.6,23593.4,13753.6,26.8,1.2
6.083,0,23556.2,14987.7,15.0,23571.2,15002.4,23.1,23549.3,14964.4,22.3,1.3
6.083,1,23661.2,15274.3,15.0,23700.6,15243.9,52.7,23646.8,15270.1,22.7,1.3
6.083,2,23645.0,15286.1,15.0,23642.1,15303.2,22.8,23687.2,15259.2,46.8,1.3
6.083,3,23500.7,15277.1,15.0,23485.3,15297.3,23.3,23550.5,15259.1,43.5,0.9
6.083,4,23589.8,13968.1,15.0,23575.7,14016.7,50.3,23605.2,13961.5,22.9,0.9
6.083,5,23643.6,13859.8,15.0,23631.5,13860.2,22.5,23658.6,13890.9,40.3,1.3
6.083,6,23547.5,13881.9,15.0,23530.9,13856.2,22.7,23555.4,13923.2,30.8,1.0
6.083,7,23299.2,15272.5,15.0,23350.4,15289.2,44.4,23288.7,15253.8,23.6,1.5
6.083,8,23471.7,15183.2,15.0,23420.3,15170.0,45.9,23483.2,15200.5,23.3,1.0
6.083,9,23543.2,13838.8,15.0,23527.4,13811.8,22.6,23550.1,13873.5,25.1,1.1
6.083,10,23522.9,13958.5,15.0,23538.2,13931.8,38.9,23511.1,13954.7,23.3,1.0
6.083,11,23604.0,13852.9,15.0,23610.4,13828.1,22.7,23589.7,13872.7,23.4,1.1
6.083,12,23485.3,13922.9,15.0,23501.4,13903.8,32.0,23475.1,13915.2,22.3,1.5
6.083,13,23608.1,13758.4,15.0,23615.3,13739.4,22.6,23593.5,13762.0,25.4,1.2
6.100,0,23556.2,14990.0,15.0,23571.4,15009.0,22.4,23549.5,14964.2,22.4,1.3
6.100,1,23659.9,15276.0,15.0,23699.5,15251.1,50.6,23646.9,15270.3,22.6,1.3
6.100,2,23642.9,15286.6,15.0,23639.5,15302.8,22.7,23687.1,15262.2,49.5,1.3
6.100,3,23499.2,15277.3,15.0,23486.0,15297.1,23.3,23549.3,15258.8,44.8,0.9
6.100,4,23589.8,13966.7,15.0,23575.3,14015.4,52.6,23604.8,13961.2,22.9,0.9
6.100,5,23643.6,13857.7,15.0,23632.2,13859.9,22.5,23658.4,13882.6,36.3,1.3
6.100,6,23547.5,13880.2,15.0,23530.7,13856.4,22.7,23556.1,13924.0,34.0,1.0
6.100,7,23296.8,15272.3,15.0,23348.1,15289.6,45.3,23287.7,15254.0,23.6,1.5
6.100,8,23473.5,15183.2,15.0,23422.3,15169.4,47.7,23483.3,15200.1,23.3,1.0
6.100,9,23543.2,13837.0,15.0,23527.0,13810.6,22.6,23550.5,13874.4,27.2,1.1
6.100,10,23522.9,13960.2,15.0,23538.1,13938.7,35.7,23511.8,13954.5,23.3,1.0
6.100,11,23604.0,13854.7,15.0,23610.3,13827.8,22.7,23589.5,13878.8,23.1,1.1
6.100,12,23485.3,13925.3,15.0,23501.5,13909.6,30.8,23475.8,13914.7,22.3,1.5
6.100,13,23608.1,13760.4,15.0,23614.9,13738.8,22.6,23593.6,13771.3,24.0,1.2
6.117,0,23556.2,14992.2,15.0,23571.7,15014.2,22.2,23549.5,14964.1,22.6,1.3
6.117,1,23658.3,15277.7,15.0,23696.2,15259.4,46.2,23647.1,15270.5,22.5,1.3
6.117,2,23640.7,15286.9,15.0,23637.0,15302.2,22.6,23686.8,15265.3,52.4,1.3
6.117,3,23497.8,15277.5,15.0,23486.5,15296.7,23.3,23547.7,15258.5,45.3,0.9
6.117,4,23589.8,13965.2,15.0,23575.0,14013.3,53.7,23604.3,13961.0,22.9,0.9
6.117,5,23643.6,13855.5,15.0,23632.9,13860.0,22.4,23658.4,13877.0,33.9,1.3
6.117,6,23547.5,13878.5,15.0,23530.6,13856.9,22.7,23556.8,13924.5,37.4,1.0
6.117,7,23294.4,15272.1,15.0,23345.6,15290.1,46.8,23286.4,15254.2,23.6,1.5
6.117,8,23475.2,15183.2,15.0,23424.5,15168.9,49.6,23483.3,15199.7,23.3,1.0
6.117,9,23543.2,13835.1,15.0,23526.7,13809.7,22.6,23551.1,13875.6,30.0,1.1
6.117,10,23522.9,13961.9,15.0,23538.2,13943.6,33.5,23512.5,13954.0,23.2,1.0
6.117,11,23604.0,13856.6,15.0,23610.3,13827.7,22.8,23589.2,13883.4,23.1,1.1
6.117,12,23485.3,13927.7,15.0,23501.3,13917.8,28.7,23476.5,13914.0,22.2,1.5
6.117,13,23608.1,13762.3,15.0,23614.6,13738.3,22.7,23593.6,13780.3,23.4,1.2
6.133,0,23556.2,14994.4,15.0,23572.1,15017.2,21.9,23549.4,14964.3,22.9,1.3
6.133,1,23656.7,15279.2,15.0,23691.7,15267.5,41.9,23647.7,15270.5,22.4,1.3
6.133,2,23638.5,15287.0,15.0,23634.5,15301.5,22.5,23684.2,15268.9,52.0,1.3
6.133,3,23496.4,15277.7,15.0,23486.9,15296.4,23.3,23546.0,15258.3,45.9,0.9
6.133,4,23589.8,13963.8,15.0,23574.8,14010.1,53.2,23603.9,13960.6,22.9,0.9
6.133,5,23643.6,13853.4,15.0,23633.7,13860.2,22.4,23658.5,13871.8,31.8,1.3
6.133,6,23547.5,13876.7,15.0,23530.6,13857.8,22.7,23557.5,13924.0,39.7,1.0
6.133,7,23291.9,15271.9,15.0,23343.1,15290.5,48.8,23284.8,15254.5,23.5,1.5
6.133,8,23477.0,15183.2,15.0,23425.9,15168.3,52.5,23483.6,15199.2,23.3,1.0
6.133,9,23543.2,13833.3,15.0,23526.5,13809.5,22.6,23551.7,13876.5,33.2,1.1
6.133,10,23522.9,13963.6,15.0,23538.3,13948.6,31.7,23513.2,13953.4,23.3,1.0
6.133,11,23604.0,13858.5,15.0,23610.4,13827.8,23.1,23588.8,13885.8,22.8,1.1
6.133,12,23485.3,13930.1,15.0,23501.2,13926.5,26.9,23477.1,13913.4,22.3,1.5
6.133,13,23608.1,13764.3,15.0,23614.5,13738.0,22.7,23593.4,13786.5,23.0,1.2
6.150,0,23556.2,14996.6,15.0,23572.5,15019.8,21.8,23549.2,14964.3,23.8,1.3
6.150,1,23655.0,15280.6,15.0,23685.9,15275.0,37.6,23648.5,15270.7,22.4,1.3
6.150,2,23636.3,15287.1,15.0,23632.6,15300.8,22.4,23680.7,15270.9,51.4,1.3
6.150,3,23495.0,15277.9,15.0,23486.9,15296.1,23.3,23544.3,15258.0,47.2,0.9
6.150,4,23589.8,13962.4,15.0,23574.6,14006.9,52.7,23603.4,13960.3,22.9,0.9
6.150,5,23643.6,13851.3,15.0,23634.4,13860.7,22.3,23658.5,13866.4,30.4,1.3
6.150,6,23547.5,13875.0,15.0,23530.7,13858.7,22.7,23558.2,13923.2,41.8,1.0
6.150,7,23289.5,15271.7,15.0,23341.0,15290.9,51.6,23283.0,15254.7,23.3,1.5
6.150,8,23478.7,15183.2,15.0,23427.5,15167.7,55.5,23483.8,15198.7,23.3,1.0
6.150,9,23543.2,13831.4,15.0,23526.4,13809.9,22.6,23552.5,13877.1,36.7,1.1
6.150,10,23522.9,13965.3,15.0,23538.3,13953.7,30.4,23513.9,13952.5,23.2,1.0
6.150,11,23604.0,13860.3,15.0,23610.6,13827.7,23.8,23588.4,13887.9,22.6,1.1
6.150,12,23485.3,13932.5,15.0,23501.1,13936.4,24.8,23477.5,13912.8,22.3,1.5
6.150,13,23608.1,13766.2,15.0,23614.4,13737.7,22.8,23593.2,13792.0,22.9,1.2
6.167,0,23556.2,14998.8,15.0,23572.8,15021.9,21.9,23548.9,14963.9,25.2,1.3
6.167,1,23653.1,15281.8,15.0,23680.6,15281.1,34.6,23649.5,15271.0,22.3,1.3
6.167,2,23634.0,15287.1,15.0,23631.7,15300.2,22.3,23673.7,15271.2,46.9,1.3
6.167,3,23493.6,15278.0,15.0,23486.8,15295.8,23.3,23542.6,15257.8,48.8,0.9
6.167,4,23589.8,13961.0,15.0,23574.7,14001.9,49.4,23602.9,13960.1,22.9,0.9
6.167,5,23643.6,13849.2,15.0,23635.0,13861.2,22.3,23658.6,13860.9,29.3,1.3
6.167,6,23547.5,13873.3,15.0,23530.9,13859.4,22.7,23558.8,13921.6,42.9,1.0
6.167,7,23287.1,15271.5,15.0,23338.9,15291.4,54.8,23281.2,15255.0,23.2,1.5
6.167,8,23480.4,15183.2,15.0,23431.3,15167.5,55.2,23484.1,15198.1,23.3,1.0
6.167,9,23543.2,13829.6,15.0,23526.4,13810.6,22.6,23553.2,13876.8,39.4,1.1
6.167,10,23522.9,13967.1,15.0,23538.3,13959.3,29.1,23514.5,13951.7,23.3,1.0
6.167,11,23604.0,13862.2,15.0,23610.9,13827.4,25.1,23588.0,13889.5,22.6,1.1
6.167,12,23485.3,13934.9,15.0,23501.1,13946.3,23.5,23477.9,13912.2,22.4,1.5
6.167,13,23608.1,13768.1,15.0,23614.5,13737.9,23.0,23592.7,13794.5,22.6,1.2
6.183,0,23556.2,15001.1,15.0,23573.1,15023.8,22.1,23548.5,14963.0,27.4,1.3
6.183,1,23651.2,15282.9,15.0,23676.1,15285.9,32.5,23650.8,15271.3,22.3,1.3
6.183,2,23631.8,15287.2,15.0,23630.8,15299.6,22.3,23666.2,15271.6,42.8,1.3
6.183,3,23492.2,15278.2,15.0,23486.6,15295.4,23.3,23541.0,15257.6,50.6,0.9
6.183,4,23589.8,13959.6,15.0,23574.8,13996.3,46.0,23602.4,13959.9,22.9,0.9
6.183,5,23643.6,13847.0,15.0,23635.6,13861.9,22.3,23658.5,13852.9,27.3,1.3
6.183,6,23547.5,13871.5,15.0,23531.2,13859.8,22.7,23559.4,13919.6,43.5,1.0
6.183,7,23284.7,15271.3,15.0,23334.8,15291.3,54.8,23279.7,15255.4,23.0,1.5
6.183,8,23482.2,15183.2,15.0,23435.3,15167.3,54.6,23484.5,15197.5,23.3,1.0
6.183,9,23543.2,13827.8,15.0,23526.5,13811.5,22.7,23553.9,13875.8,41.5,1.1
6.183,10,23522.9,13968.8,15.0,23538.2,13967.2,27.3,23515.0,13950.8,23.2,1.0
6.183,11,23604.0,13864.0,15.0,23611.3,13826.6,27.0,23587.6,13890.8,22.7,1.1
6.183,12,23485.3,13937.4,15.0,23501.3,13953.3,22.6,23478.1,13911.9,22.4,1.5
6.183,13,23608.1,13770.1,15.0,23614.7,13738.0,23.5,23592.3,13796.9,22.4,1.2
6.200,0,23556.2,15003.3,15.0,23573.4,15025.4,22.2,23547.9,14961.7,30.4,1.3
6.200,1,23649.2,15283.9,15.0,23670.9,15290.1,31.0,23652.3,15271.8,22.2,1.3
6.200,2,23629.6,15287.2,15.0,23630.3,15298.9,22.2,23658.4,15271.9,38.4,1.3
6.200,3,23490.8,15278.4,15.0,23486.4,15295.0,23.3,23539.8,15257.3,53.0,0.9
6.200,4,23589.8,13958.2,15.0,23575.0,13990.5,42.7,23601.9,13959.7,22.9,0.9
6.200,5,23643.6,13844.9,15.0,23636.1,13862.5,22.3,23658.4,13844.6,25.8,1.3
6.200,6,23547.5,13869.8,15.0,23531.5,13859.9,22.7,23560.0,13917.6,44.7,1.0
6.200,7,23282.3,15271.1,15.0,23330.2,15291.1,54.2,23278.1,15255.9,22.9,1.5
6.200,8,23483.9,15183.2,15.0,23441.5,15167.3,50.6,23484.7,15196.9,23.3,1.0
6.200,9,23543.2,13825.9,15.0,23526.7,13812.1,22.7,23554.6,13874.2,42.8,1.1
6.200,10,23522.9,13970.5,15.0,23538.1,13975.2,26.0,23515.5,13949.9,23.3,1.0
6.200,11,23604.0,13865.9,15.0,23611.9,13825.3,29.8,23587.3,13891.7,22.7,1.1
6.200,12,23485.3,13939.8,15.0,23501.5,13959.4,22.1,23478.2,13911.8,22.6,1.5
6.200,13,23608.1,13772.0,15.0,23615.0,13737.6,24.9,23591.9,13798.5,22.5,1.2
6.217,0,23556.2,15005.5,15.0,23573.6,15026.1,22.4,23547.2,14960.8,33.8,1.3
6.217,1,23647.1,15284.7,15.0,23665.3,15293.8,29.8,23653.8,15272.6,22.2,1.3
6.217,2,23627.4,15287.3,15.0,23629.9,15298.2,22.2,23650.6,15272.3,35.0,1.3
6.217,3,23489.4,15278.6,15.0,23486.1,15294.6,23.3,23538.4,15257.1,55.4,0.9
6.217,4,23589.8,13956.7,15.0,23575.1,13984.5,39.3,23601.4,13959.7,22.9,0.9
6.217,5,23643.6,13842.8,15.0,23636.5,13863.0,22.3,23658.3,13835.1,24.0,1.3
6.217,6,23547.5,13868.1,15.0,23531.9,13859.8,22.7,23560.5,13915.5,46.4,1.0
6.217,7,23279.9,15270.9,15.0,23323.0,15290.5,49.7,23276.6,15256.4,22.7,1.5
6.217,8,23485.6,15183.2,15.0,23448.7,15167.5,46.4,23484.9,15196.2,23.3,1.0
6.217,9,23543.2,13824.1,15.0,23527.0,13812.5,22.7,23555.2,13872.2,43.4,1.1
6.217,10,23522.9,13972.2,15.0,23538.0,13984.4,24.6,23515.8,13949.2,23.2,1.0
6.217,11,23604.0,13867.8,15.0,23612.6,13824.3,33.0,23587.0,13892.1,22.7,1.1
6.217,12,23485.3,13942.2,15.0,23501.9,13962.7,21.8,23478.1,13911.9,23.0,1.5
6.217,13,23608.1,13774.0,15.0,23615.4,13737.0,26.6,23591.5,13800.1,22.5,1.2
6.233,0,23556.2,15007.7,15.0,23573.7,15026.4,22.7,23546.4,14960.3,37.5,1.3
6.233,1,23645.0,15285.3,15.0,23657.6,15297.2,28.0,23655.5,15273.5,22.1,1.3
6.233,2,23625.2,15287.3,15.0,23629.9,15297.5,22.1,23645.5,15272.3,32.8,1.3
6.233,3,23488.0,15278.7,15.0,23485.8,15294.2,23.3,23535.6,15257.2,55.4,0.9
6.233,4,23589.8,13955.3,15.0,23575.3,13978.0,36.2,23600.8,13959.7,22.9,0.9
6.233,5,23643.6,13840.6,15.0,23636.8,13863.5,22.4,23658.2,13825.8,23.2,1.3
6.233,6,23547.5,13866.3,15.0,23532.3,13859.5,22.7,23561.1,13913.7,48.7,1.0
6.233,7,23277.5,15270.8,15.0,23315.0,15289.7,45.3,23275.7,15257.0,22.7,1.5
6.233,8,23487.4,15183.2,15.0,23456.2,15167.7,41.9,23484.9,15195.5,23.3,1.0
6.233,9,23543.2,13822.2,15.0,23527.3,13812.5,22.7,23555.8,13870.0,44.8,1.1
6.233,10,23522.9,13973.9,15.0,23537.9,13993.6,24.2,23516.1,13948.4,23.3,1.0
6.233,11,23604.0,13869.6,15.0,23613.3,13823.6,36.5,23586.9,13891.6,22.7,1.1
6.233,12,23485.3,13944.6,15.0,23502.3,13965.8,21.7,23478.0,13911.9,23.8,1.5
6.233,13,23608.1,13775.9,15.0,23615.9,13735.6,29.4,23591.2,13801.1,22.6,1.2
6.250,0,23556.2,15010.0,15.0,23573.6,15026.4,22.9,23545.6,14960.8,40.3,1.3
6.250,1,23642.8,15285.8,15.0,23648.6,15299.8,26.3,23657.0,15274.8,22.2,1.3
6.250,2,23623.0,15287.4,15.0,23630.0,15296.8,22.0,23640.2,15272.4,31.0,1.3
6.250,3,23486.6,15278.9,15.0,23485.5,15293.7,23.3,23532.3,15257.5,54.9,0.9
6.250,4,23589.8,13953.9,15.0,23575.3,13973.6,34.2,23600.3,13960.0,22.9,0.9
6.250,5,23643.6,13838.5,15.0,23637.0,13863.8,22.4,23658.4,13819.4,22.6,1.3
6.250,6,23547.5,13864.6,15.0,23532.8,13859.2,22.7,23561.6,13912.2,51.4,1.0
6.250,7,23275.1,15270.6,15.0,23306.8,15288.8,40.6,23275.1,15257.7,22.5,1.5
6.250,8,23489.1,15183.2,15.0,23464.3,15167.9,37.8,23484.8,15194.8,23.3,1.0
6.250,9,23543.2,13820.4,15.0,23527.7,13812.2,22.7,23556.4,13867.9,46.5,1.1
6.250,10,23522.9,13975.6,15.0,23538.1,13999.8,23.8,23516.3,13948.0,23.2,1.0
6.250,11,23604.0,13871.5,15.0,23614.1,13823.8,39.5,23586.9,13891.0,22.8,1.1
6.250,12,23485.3,13947.0,15.0,23502.7,13968.3,21.9,23477.7,13911.4,25.3,1.5
6.250,13,23608.1,13777.8,15.0,23616.6,13734.5,32.5,23591.0,13801.8,22.6,1.2
6.267,0,23556.2,15012.2,15.0,23573.5,15026.2,23.1,23544.8,14961.9,42.6,1.3
6.267,1,23640.6,15286.1,15.0,23638.5,15301.4,24.5,23658.4,15276.2,22.2,1.3
6.267,2,23620.7,15287.4,15.0,23630.4,15296.1,22.0,23634.8,15272.5,29.8,1.3
6.267,3,23485.2,15279.1,15.0,23485.1,15293.3,23.3,23528.5,15257.9,53.5,0.9
6.267,4,23589.8,13952.5,15.0,23575.2,13969.7,32.5,23599.7,13960.3,22.9,0.9
6.267,5,23643.6,13836.4,15.0,23637.1,13863.9,22.5,23658.7,13813.4,22.4,1.3
6.267,6,23547.5,13862.9,15.0,23533.3,13858.8,22.7,23562.0,13909.7,52.8,1.0
6.267,7,23272.7,15270.4,15.0,23298.4,15288.0,36.6,23274.5,15258.4,22.5,1.5
6.267,8,23490.9,15183.2,15.0,23470.3,15167.9,35.1,23484.4,15194.1,23.3,1.0
6.267,9,23543.2,13818.5,15.0,23528.2,13811.8,22.7,23557.0,13866.1,49.0,1.1
6.267,10,23522.9,13977.3,15.0,23538.3,14005.6,23.8,23516.3,13947.5,23.3,1.0
6.267,11,23604.0,13873.3,15.0,23614.8,13824.7,41.6,23587.0,13890.1,22.8,1.1
6.267,12,23485.3,13949.4,15.0,23503.0,13970.5,22.1,23477.2,13910.5,27.5,1.5
6.267,13,23608.1,13779.8,15.0,23617.3,13733.9,36.0,23590.9,13801.6,22.7,1.2
6.283,0,23556.2,15014.4,15.0,23573.3,15026.5,23.2,23544.1,14963.8,43.8,1.3
6.283,1,23638.4,15286.3,15.0,23627.7,15301.8,23.3,23659.6,15277.9,22.2,1.3
6.283,2,23618.5,15287.5,15.0,23630.8,15295.5,22.0,23628.7,15272.6,28.4,1.3
6.283,3,23483.8,15279.2,15.0,23484.9,15292.8,23.3,23523.0,15258.7,49.8,0.9
6.283,4,23589.8,13951.1,15.0,23575.2,13965.6,31.0,23599.1,13960.7,22.9,0.9
6.283,5,23643.6,13834.2,15.0,23637.0,13863.7,22.8,23659.1,13810.6,22.1,1.3
6.283,6,23547.5,13861.1,15.0,23533.8,13858.4,22.7,23562.2,13905.8,52.1,1.0
6.283,7,23270.3,15270.3,15.0,23293.0,15287.7,34.4,23274.5,15259.2,22.4,1.5
6.283,8,23492.6,15183.2,15.0,23475.3,15167.8,32.9,23483.9,15193.4,23.3,1.0
6.283,9,23543.2,13816.7,15.0,23528.6,13811.3,22.7,23557.5,13864.4,51.8,1.1
6.283,10,23522.9,13979.0,15.0,23538.7,14008.5,23.6,23516.3,13947.5,23.5,1.0
6.283,11,23604.0,13875.2,15.0,23615.5,13826.1,43.1,23587.2,13889.4,22.8,1.1
6.283,12,23485.3,13951.9,15.0,23503.2,13972.5,22.3,23476.6,13909.1,30.7,1.5
6.283,13,23608.1,13781.7,15.0,23618.1,13733.8,39.3,23590.8,13801.1,22.8,1.2
6.300,0,23556.2,15016.6,15.0,23573.0,15026.9,23.2,23543.5,14966.1,44.6,1.3
6.300,1,23636.2,15286.3,15.0,23619.5,15301.0,22.6,23660.4,15279.7,22.2,1.3
6.300,2,23616.3,15287.5,15.0,23631.3,15294.9,22.0,23620.7,15272.9,26.6,1.3
6.300,3,23482.4,15279.4,15.0,23484.7,15292.3,23.3,23517.2,15259.6,46.4,0.9
6.300,4,23589.8,13949.7,15.0,23575.1,13961.5,30.0,23598.6,13961.3,22.9,0.9
6.300,5,23643.6,13832.1,15.0,23636.9,13863.6,23.4,23659.5,13808.0,21.9,1.3
6.300,6,23547.5,13859.4,15.0,23534.4,13858.0,22.7,23562.3,13901.2,50.3,1.0
6.300,7,23267.8,15270.1,15.0,23287.4,15287.4,32.6,23274.6,15260.0,22.3,1.5
6.300,8,23494.3,15183.2,15.0,23480.5,15167.8,31.2,23483.1,15192.7,23.3,1.0
6.300,9,23543.2,13814.8,15.0,23529.2,13810.8,22.7,23557.8,13861.3,52.6,1.1
6.300,10,23522.9,13980.7,15.0,23539.1,14010.7,23.4,23516.2,13947.5,23.7,1.0
6.300,11,23604.0,13877.1,15.0,23616.1,13828.2,43.8,23587.5,13889.0,22.8,1.1
6.300,12,23485.3,13954.3,15.0,23503.4,13973.7,22.6,23475.9,13908.0,34.3,1.5
6.300,13,23608.1,13783.7,15.0,23618.8,13734.7,41.4,23590.9,13800.4,22.8,1.2
6.317,0,23556.2,15018.8,15.0,23572.6,15028.0,23.2,23542.8,14968.5,46.3,1.3
6.317,1,23634.0,15286.1,15.0,23611.9,15299.4,22.2,23661.0,15281.7,22.3,1.3
6.317,2,23614.1,15287.6,15.0,23631.8,15294.4,22.0,23612.1,15273.2,24.9,1.3
6.317,3,23481.0,15279.5,15.0,23484.6,15291.7,23.3,23511.2,15260.4,42.7,0.9
6.317,4,23589.8,13948.2,15.0,23575.1,13957.3,29.0,23598.1,13962.0,22.9,0.9
6.317,5,23643.6,13830.0,15.0,23636.6,13864.0,24.8,23659.8,13806.0,22.0,1.3
6.317,6,23547.5,13857.7,15.0,23535.0,13857.7,22.7,23562.1,13894.6,46.1,1.0
6.317,7,23265.4,15269.9,15.0,23281.7,15287.1,31.3,23275.0,15260.8,22.2,1.5
6.317,8,23496.1,15183.2,15.0,23485.7,15167.7,30.0,23482.3,15192.0,23.3,1.0
6.317,9,23543.2,13813.0,15.0,23529.7,13810.3,22.7,23558.0,13857.3,51.9,1.1
6.317,10,23522.9,13982.4,15.0,23539.6,14012.3,23.3,23515.9,13947.2,24.7,1.0
6.317,11,23604.0,13878.9,15.0,23616.7,13830.3,45.0,23587.8,13889.0,22.8,1.1
6.317,12,23485.3,13956.7,15.0,23503.5,13974.2,23.0,23475.0,13907.4,38.2,1.5
6.317,13,23608.1,13785.6,15.0,23619.5,13736.1,43.2,23591.1,13799.8,22.9,1.2
6.333,0,23556.2,15021.1,15.0,23572.3,15029.1,23.1,23542.2,14970.9,48.3,1.3
6.333,1,23631.8,15285.8,15.0,23607.6,15297.6,21.9,23661.1,15283.6,22.6,1.3
6.333,2,23611.9,15287.6,15.0,23632.2,15294.1,22.0,23602.7,15273.5,23.4,1.3
6.333,3,23479.6,15279.7,15.0,23484.6,15291.1,23.3,23504.8,15261.4,39.2,0.9
6.333,4,23589.8,13946.8,15.0,23575.2,13951.7,27.6,23597.7,13962.6,22.9,0.9
6.333,5,23643.6,13827.8,15.0,23636.2,13864.6,26.6,23660.2,13804.1,22.1,1.3
6.333,6,23547.5,13855.9,15.0,23535.6,13857.5,22.7,23562.0,13887.7,42.2,1.0
6.333,7,23263.0,15269.8,15.0,23275.0,15286.6,29.7,23275.5,15261.5,22.2,1.5
6.333,8,23497.8,15183.2,15.0,23492.5,15167.8,28.3,23481.4,15191.4,23.3,1.0
6.333,9,23543.2,13811.1,15.0,23530.3,13809.9,22.7,23558.0,13851.7,48.9,1.1
6.333,10,23522.9,13984.1,15.0,23540.0,14013.7,23.3,23515.6,13946.7,26.0,1.0
6.333,11,23604.0,13880.8,15.0,23617.3,13832.5,46.8,23588.2,13889.3,22.8,1.1
6.333,12,23485.3,13959.1,15.0,23503.4,13974.6,23.3,23474.2,13907.9,41.2,1.5
6.333,13,23608.1,13787.5,15.0,23620.2,13738.2,43.9,23591.4,13799.6,22.9,1.2
6.350,0,23556.2,15023.3,15.0,23571.9,15030.4,23.0,23541.5,14972.7,51.2,1.3
6.350,1,23629.6,15285.3,15.0,23603.8,15295.5,21.6,23661.0,15285.7,23.0,1.3
6.350,2,23609.7,15287.7,15.0,23632.5,15293.8,22.1,23594.6,15273.6,22.6,1.3
6.350,3,23478.2,15279.9,15.0,23484.7,15290.5,23.3,23498.6,15262.3,36.3,0.9
6.350,4,23589.8,13945.4,15.0,23575.2,13945.3,26.4,23597.3,13963.2,22.9,0.9
6.350,5,23643.6,13825.7,15.0,23635.6,13865.9,29.4,23660.5,13802.7,22.2,1.3
6.350,6,23547.5,13854.2,15.0,23536.3,13857.4,22.7,23561.8,13880.4,38.1,1.0
6.350,7,23260.6,15269.6,15.0,23266.5,15285.9,27.7,23276.1,15262.2,22.2,1.5
6.350,8,23499.6,15183.2,15.0,23500.5,15167.9,26.7,23480.5,15190.9,23.3,1.0
6.350,9,23543.2,13809.3,15.0,23531.0,13809.5,22.7,23557.9,13844.6,44.7,1.1
6.350,10,23522.9,13985.8,15.0,23540.3,14014.7,23.3,23515.2,13945.6,28.2,1.0
6.350,11,23604.0,13882.7,15.0,23617.9,13834.4,49.1,23588.6,13889.6,22.8,1.1
6.350,12,23485.3,13961.5,15.0,23503.3,13974.9,23.6,23473.4,13908.9,43.6,1.5
6.350,13,23608.1,13789.5,15.0,23620.8,13740.3,45.0,23591.7,13799.6,22.9,1.2
6.367,0,23556.2,15025.5,15.0,23571.4,15031.6,22.9,23540.9,14974.7,54.2,1.3
6.367,1,23627.5,15284.6,15.0,23600.9,15293.2,21.8,23661.2,15287.8,24.3,1.3
6.367,2,23607.4,15287.7,15.0,23632.7,15293.7,22.1,23588.2,15273.5,22.1,1.3
6.367,3,23476.7,15280.0,15.0,23485.0,15289.9,23.3,23494.7,15262.6,34.5,0.9
6.367,4,23589.8,13944.0,15.0,23575.3,13938.8,25.3,23596.9,13963.8,22.9,0.9
6.367,5,23643.6,13823.6,15.0,23635.0,13866.9,32.6,23660.7,13801.7,22.4,1.3
6.367,6,23547.5,13852.5,15.0,23536.9,13857.5,22.7,23561.6,13873.1,34.8,1.0
6.367,7,23258.2,15269.4,15.0,23257.4,15285.2,25.7,23276.6,15262.7,22.2,1.5
6.367,8,23501.3,15183.2,15.0,23509.2,15168.0,25.3,23479.6,15190.5,23.3,1.0
6.367,9,23543.2,13807.4,15.0,23531.6,13809.3,22.6,23557.7,13837.3,40.5,1.1
6.367,10,23522.9,13987.5,15.0,23540.6,14015.4,23.3,23514.6,13944.2,31.0,1.0
6.367,11,23604.0,13884.5,15.0,23618.4,13836.0,52.0,23589.1,13890.1,22.8,1.1
6.367,12,23485.3,13963.9,15.0,23503.1,13975.6,23.7,23472.6,13911.0,44.9,1.5
6.367,13,23608.1,13791.4,15.0,23621.4,13742.6,46.8,23592.1,13800.0,22.9,1.2
6.383,0,23556.2,15027.7,15.0,23570.9,15032.9,22.8,23540.7,14979.0,53.5,1.3
6.383,1,23625.4,15283.8,15.0,23598.3,15290.8,21.9,23661.3,15290.2,25.9,1.3
6.383,2,23605.2,15287.8,15.0,23632.6,15293.7,22.3,23583.6,15273.3,21.8,1.3
6.383,3,23475.3,15280.2,15.0,23485.4,15289.3,23.3,23490.6,15263.0,32.7,0.9
6.383,4,23589.8,13942.6,15.0,23575.4,13931.4,24.3,23596.6,13964.4,22.9,0.9
6.383,5,23643.6,13821.4,15.0,23634.2,13867.5,36.2,23660.8,13801.6,22.6,1.3
6.383,6,23547.5,13850.8,15.0,23537.6,13857.8,22.7,23561.7,13868.5,32.7,1.0
6.383,7,23255.8,15269.3,15.0,23247.4,15284.4,24.0,23277.1,15263.1,22.2,1.5
6.383,8,23503.0,15183.2,15.0,23518.6,15168.1,24.3,23478.9,15190.1,23.3,1.0
6.383,9,23543.2,13805.6,15.0,23532.3,13809.2,22.6,23557.5,13829.4,36.5,1.1
6.383,10,23522.9,13989.2,15.0,23540.9,14015.4,23.2,23513.9,13943.1,34.2,1.0
6.383,11,23604.0,13886.4,15.0,23618.8,13838.9,53.2,23589.7,13890.6,22.8,1.1
6.383,12,23485.3,13966.4,15.0,23502.8,13976.5,23.7,23471.9,13913.4,45.8,1.5
6.383,13,23608.1,13793.3,15.0,23622.0,13744.6,49.0,23592.5,13800.6,22.9,1.2
6.400,0,23556.2,15029.9,15.0,23570.3,15034.0,22.7,23540.5,14983.7,52.5,1.3
6.400,1,23623.5,15282.8,15.0,23596.2,15288.2,22.0,23662.2,15292.9,28.7,1.3
6.400,2,23603.0,15287.8,15.0,23632.3,15293.8,22.7,23580.7,15273.0,21.6,1.3
6.400,3,23473.9,15280.3,15.0,23485.9,15288.7,23.3,23486.4,15263.5,31.4,0.9
6.400,4,23589.8,13941.2,15.0,23575.5,13924.0,23.8,23596.4,13964.9,22.9,0.9
6.400,5,23643.6,13819.3,15.0,23633.4,13867.4,39.3,23660.8,13801.7,22.7,1.3
6.400,6,23547.5,13849.0,15.0,23538.3,13858.2,22.7,23561.8,13863.6,30.8,1.0
6.400,7,23253.4,15269.1,15.0,23239.1,15284.0,23.0,23277.5,15263.4,22.3,1.5
6.400,8,23504.8,15183.2,15.0,23526.7,15168.1,24.0,23478.2,15189.9,23.3,1.0
6.400,9,23543.2,13803.7,15.0,23533.0,13809.4,22.6,23557.5,13823.3,33.7,1.1
6.400,10,23522.9,13990.9,15.0,23541.0,14014.8,23.2,23513.2,13942.4,37.7,1.0
6.400,11,23604.0,13888.2,15.0,23619.0,13843.0,52.5,23590.2,13891.1,22.8,1.1
6.400,12,23485.3,13968.8,15.0,23502.5,13978.0,23.6,23471.2,13915.8,47.7,1.5
6.400,13,23608.1,13795.3,15.0,23622.6,13746.2,52.0,23593.0,13801.2,22.9,1.2
6.417,0,23556.2,15032.2,15.0,23569.7,15034.8,22.6,23540.6,14990.9,47.9,1.3
6.417,1,23621.5,15281.8,15.0,23594.9,15287.9,22.2,23663.5,15292.7,31.8,1.3
6.417,2,23600.8,15287.9,15.0,23632.3,15294.0,23.6,23578.2,15272.6,21.6,1.3
6.417,3,23472.5,15280.5,15.0,23486.5,15288.1,23.3,23482.1,15263.9,30.3,0.9
6.417,4,23589.8,13939.7,15.0,23575.4,13918.3,23.6,23596.2,13965.3,22.9,0.9
6.417,5,23643.6,13817.2,15.0,23632.7,13866.4,41.6,23660.7,13802.0,22.9,1.3
6.417,6,23547.5,13847.3,15.0,23538.9,13858.9,22.7,23561.8,13858.6,29.5,1.0
6.417,7,23251.0,15269.0,15.0,23232.1,15283.8,22.3,23277.8,15263.6,22.4,1.5
6.417,8,23506.5,15183.2,15.0,23532.8,15167.9,23.8,23477.8,15189.8,23.3,1.0
6.417,9,23543.2,13801.9,15.0,23533.7,13809.7,22.6,23557.5,13818.3,31.7,1.1
6.417,10,23522.9,13992.7,15.0,23541.0,14014.0,23.2,23512.4,13942.3,40.8,1.0
6.417,11,23604.0,13890.1,15.0,23619.0,13848.3,50.0,23590.8,13891.6,22.8,1.1
6.417,12,23485.3,13971.2,15.0,23502.1,13979.6,23.5,23470.5,13918.3,49.8,1.5
6.417,13,23608.1,13797.2,15.0,23623.0,13749.0,53.5,23593.5,13801.9,22.8,1.2
6.433,0,23556.2,15034.4,15.0,23569.0,15035.6,22.6,23540.8,14998.7,43.6,1.3
6.433,1,23619.4,15280.9,15.0,23594.6,15288.0,22.5,23664.4,15292.1,35.4,1.3
6.433,2,23598.6,15287.9,15.0,23632.6,15294.3,25.0,23576.0,15272.3,21.7,1.3
6.433,3,23471.1,15280.6,15.0,23487.2,15287.5,23.3,23477.6,15264.4,29.3,0.9
6.433,4,23589.8,13938.3,15.0,23575.3,13913.6,23.4,23596.2,13965.6,22.9,0.9
6.433,5,23643.6,13815.1,15.0,23631.9,13864.8,43.2,23660.5,13802.1,23.0,1.3
6.433,6,23547.5,13845.6,15.0,23539.5,13859.6,22.7,23561.9,13853.6,28.4,1.0
6.433,7,23248.6,15268.8,15.0,23227.8,15283.9,21.9,23277.7,15263.5,22.7,1.5
6.433,8,23508.2,15183.2,15.0,23537.5,15167.6,23.8,23477.5,15189.8,23.4,1.0
6.433,9,23543.2,13800.0,15.0,23534.4,13810.3,22.6,23557.6,13813.2,30.1,1.1
6.433,10,23522.9,13994.4,15.0,23540.9,14012.8,23.2,23511.7,13943.1,42.9,1.0
6.433,11,23604.0,13892.0,15.0,23618.9,13855.4,45.7,23591.5,13892.0,22.8,1.1
6.433,12,23485.3,13973.6,15.0,23501.7,13981.3,23.3,23469.8,13920.2,52.9,1.5
6.433,13,23608.1,13799.2,15.0,23623.2,13753.1,52.8,23594.1,13802.5,22.8,1.2
6.450,0,23556.2,15036.6,15.0,23568.3,15036.1,22.5,23541.0,15006.7,39.1,1.3
6.450,1,23617.4,15279.9,15.0,23594.4,15288.1,22.7,23664.9,15291.2,38.8,1.3
6.450,2,23596.3,15287.9,15.0,23633.6,15294.7,27.3,23574.3,15272.1,21.8,1.3
6.450,3,23469.7,15280.8,15.0,23487.9,15287.0,23.3,23471.2,15265.2,27.7,0.9
6.450,4,23589.8,13936.9,15.0,23575.1,13909.1,23.5,23596.1,13965.8,22.9,0.9
6.450,5,23643.6,13812.9,15.0,23631.3,13862.6,43.9,23660.2,13801.9,23.0,1.3
6.450,6,23547.5,13843.8,15.0,23540.0,13860.3,22.7,23561.7,13846.0,26.7,1.0
6.450,7,23246.1,15268.7,15.0,23224.4,15284.1,21.6,23277.6,15263.4,23.2,1.5
6.450,8,23510.0,15183.2,15.0,23539.8,15167.1,23.5,23477.5,15189.9,23.6,1.0
6.450,9,23543.2,13798.2,15.0,23535.0,13811.0,22.6,23557.7,13808.0,28.9,1.1
6.450,10,23522.9,13996.1,15.0,23540.8,14011.9,23.3,23511.0,13944.2,44.6,1.0
6.450,11,23604.0,13893.8,15.0,23618.7,13862.8,41.4,23592.1,13892.2,22.7,1.1
6.450,12,23485.3,13976.0,15.0,23501.2,13982.9,23.2,23469.2,13922.6,55.6,1.5
6.450,13,23608.1,13801.1,15.0,23623.3,13758.4,50.5,23594.7,13803.1,22.8,1.2
6.467,0,23556.2,15038.8,15.0,23567.6,15036.3,22.4,23541.1,15014.5,35.6,1.3
6.467,1,23615.4,15279.0,15.0,23594.6,15288.1,22.9,23664.4,15289.9,41.1,1.3
6.467,2,23594.1,15288.0,15.0,23634.7,15295.3,30.2,23572.7,15271.8,22.0,1.3
6.467,3,23468.3,15280.9,15.0,23488.6,15286.5,23.3,23464.6,15266.0,26.5,0.9
6.467,4,23589.8,13935.5,15.0,23574.7,13907.3,23.2,23596.2,13965.7,23.1,0.9
6.467,5,23643.6,13810.8,15.0,23630.6,13860.3,45.3,23659.9,13801.3,23.0,1.3
6.467,6,23547.5,13842.1,15.0,23540.5,13861.0,22.7,23561.6,13838.3,25.4,1.0
6.467,7,23243.7,15268.6,15.0,23221.7,15284.3,21.7,23277.9,15263.2,24.4,1.5
6.467,8,23511.7,15183.2,15.0,23541.8,15166.7,23.3,23477.4,15190.1,24.1,1.0
6.467,9,23543.2,13796.3,15.0,23535.6,13811.7,22.6,23557.6,13801.0,27.2,1.1
6.467,10,23522.9,13997.8,15.0,23540.5,14011.2,23.2,23510.4,13946.2,45.3,1.0
6.467,11,23604.0,13895.7,15.0,23618.5,13870.7,37.2,23592.8,13892.3,22.7,1.1
6.467,12,23485.3,13978.4,15.0,23500.7,13984.6,23.0,23469.0,13927.2,54.9,1.5
6.467,13,23608.1,13803.0,15.0,23623.1,13765.5,46.1,23595.3,13803.6,22.7,1.2
6.483,0,23556.2,15041.1,15.0,23566.8,15036.2,22.4,23541.0,15019.8,33.4,1.3
6.483,1,23613.4,15278.0,15.0,23594.7,15288.0,23.0,23663.5,15288.4,43.0,1.3
6.483,2,23591.9,15288.0,15.0,23635.4,15296.0,33.6,23572.0,15271.7,22.2,1.3
6.483,3,23466.9,15281.1,15.0,23489.2,15286.1,23.3,23457.5,15266.8,25.4,0.9
6.483,4,23589.8,13934.1,15.0,23574.4,13905.5,23.0,23596.3,13965.6,23.3,0.9
6.483,5,23643.6,13808.7,15.0,23630.0,13857.9,47.1,23659.5,13800.4,23.0,1.3
6.483,6,23547.5,13840.4,15.0,23540.8,13861.6,22.7,23561.5,13829.6,24.1,1.0
6.483,7,23241.3,15268.4,15.0,23219.3,15284.5,21.9,23278.3,15262.8,26.0,1.5
6.483,8,23513.5,15183.2,15.0,23543.2,15166.3,23.3,23476.9,15190.4,25.5,1.0
6.483,9,23543.2,13794.5,15.0,23536.1,13812.4,22.6,23557.5,13793.1,25.7,1.1
6.483,10,23522.9,13999.5,15.0,23540.2,14010.7,23.3,23509.8,13948.2,46.1,1.0
6.483,11,23604.0,13897.6,15.0,23618.4,13877.2,34.3,23593.5,13892.1,22.7,1.1
6.483,12,23485.3,13980.9,15.0,23500.1,13985.9,22.9,23468.8,13932.5,53.3,1.5
6.483,13,23608.1,13805.0,15.0,23622.9,13773.0,41.8,23596.0,13803.9,22.7,1.2
6.500,0,23556.2,15043.3,15.0,23566.1,15036.0,22.3,23541.0,15025.2,31.6,1.3
6.500,1,23611.4,15277.1,15.0,23594.5,15287.7,23.1,23661.7,15286.6,43.7,1.3
6.500,2,23589.7,15288.1,15.0,23635.8,15296.8,37.2,23571.7,15271.6,22.4,1.3
6.500,3,23465.5,15281.2,15.0,23489.8,15285.8,23.3,23449.9,15267.7,24.5,0.9
6.500,4,23589.8,13932.7,15.0,23574.0,13904.0,22.9,23596.4,13965.8,24.0,0.9
6.500,5,23643.6,13806.5,15.0,23629.4,13856.0,49.6,23659.1,13799.3,22.9,1.3
6.500,6,23547.5,13838.6,15.0,23541.1,13862.2,22.7,23561.4,13820.8,23.6,1.0
6.500,7,23238.9,15268.3,15.0,23217.2,15284.7,22.1,23279.7,15262.3,28.8,1.5
6.500,8,23515.2,15183.2,15.0,23544.5,15165.9,23.3,23476.2,15190.7,27.1,1.0
6.500,9,23543.2,13792.6,15.0,23536.5,13813.0,22.6,23557.3,13784.3,24.3,1.1
6.500,10,23522.9,14001.2,15.0,23539.8,14010.8,23.3,23509.2,13950.2,47.9,1.0
6.500,11,23604.0,13899.4,15.0,23618.5,13882.2,32.1,23594.2,13891.8,22.7,1.1
6.500,12,23485.3,13983.3,15.0,23499.5,13987.0,22.8,23468.9,13940.2,48.5,1.5
6.500,13,23608.1,13806.9,15.0,23622.7,13780.9,37.6,23596.7,13804.1,22.7,1.2
6.517,0,23556.2,15045.5,15.0,23565.4,15035.4,22.3,23540.9,15030.7,30.3,1.3
6.517,1,23609.4,15276.2,15.0,23594.0,15287.2,23.1,23660.0,15284.8,44.9,1.3
6.517,2,23587.5,15288.1,15.0,23635.0,15297.5,39.6,23571.7,15271.7,22.6,1.3
6.517,3,23464.1,15281.4,15.0,23490.4,15285.5,23.3,23442.3,15268.5,24.2,0.9
6.517,4,23589.8,13931.2,15.0,23573.7,13902.9,22.9,23596.7,13966.1,25.0,0.9
6.517,5,23643.6,13804.4,15.0,23628.8,13854.1,52.6,23658.7,13798.2,22.8,1.3
6.517,6,23547.5,13836.9,15.0,23541.2,13862.6,22.7,23561.6,13814.6,23.3,1.0
6.517,7,23236.5,15268.1,15.0,23215.3,15284.9,22.4,23281.0,15261.7,32.1,1.5
6.517,8,23516.9,15183.2,15.0,23545.2,15165.6,23.3,23474.7,15191.3,29.9,1.0
6.517,9,23543.2,13790.8,15.0,23536.8,13813.6,22.6,23557.3,13775.1,23.5,1.1
6.517,10,23522.9,14002.9,15.0,23539.4,14010.8,23.3,23508.6,13952.3,49.8,1.0
6.517,11,23604.0,13901.3,15.0,23618.6,13887.4,30.5,23594.9,13891.2,22.7,1.1
6.517,12,23485.3,13985.7,15.0,23498.8,13988.0,22.7,23469.1,13948.4,43.9,1.5
6.517,13,23608.1,13808.9,15.0,23622.6,13787.7,34.5,23597.4,13804.0,22.7,1.2
6.533,0,23556.2,15047.7,15.0,23564.7,15034.9,22.3,23540.9,15037.3,28.8,1.3
6.533,1,23607.3,15275.3,15.0,23593.1,15286.5,23.0,23658.1,15283.1,46.8,1.3
6.533,2,23585.3,15288.1,15.0,23633.9,15298.3,41.8,23571.8,15271.8,22.8,1.3
6.533,3,23462.7,15281.5,15.0,23490.7,15285.4,23.3,23437.4,15268.9,23.9,0.9
6.533,4,23589.8,13929.8,15.0,23573.4,13901.7,22.9,23597.0,13966.4,26.1,0.9
6.533,5,23643.6,13802.3,15.0,23628.5,13850.7,53.2,23658.2,13797.2,22.8,1.3
6.533,6,23547.5,13835.2,15.0,23541.3,13862.9,22.7,23561.8,13808.9,23.2,1.0
6.533,7,23234.1,15268.0,15.0,23214.7,15284.9,22.7,23281.9,15260.9,35.9,1.5
6.533,8,23518.7,15183.2,15.0,23545.8,15165.3,23.3,23473.5,15191.9,32.9,1.0
6.533,9,23543.2,13788.9,15.0,23536.9,13814.0,22.6,23557.3,13768.0,23.2,1.1
6.533,10,23522.9,14004.6,15.0,23538.9,14011.1,23.3,23508.0,13953.7,52.7,1.0
6.533,11,23604.0,13903.1,15.0,23618.7,13892.7,29.2,23595.6,13890.5,22.7,1.1
6.533,12,23485.3,13988.1,15.0,23498.0,13988.5,22.6,23469.3,13956.9,39.3,1.5
6.533,13,23608.1,13810.8,15.0,23622.7,13792.8,32.4,23598.1,13803.7,22.6,1.2
6.550,0,23556.2,15049.9,15.0,23564.2,15034.3,22.2,23541.1,15045.6,26.9,1.3
6.550,1,23605.3,15274.4,15.0,23592.2,15285.7,22.9,23656.4,15281.4,49.2,1.3
6.550,2,23583.0,15288.2,15.0,23631.8,15299.0,42.7,23571.3,15272.0,22.8,1.3
6.550,3,23461.2,15281.7,15.0,23491.1,15285.3,23.3,23432.5,15269.2,23.8,0.9
6.550,4,23589.8,13928.4,15.0,23573.1,13901.1,22.9,23597.4,13967.6,28.2,0.9
6.550,5,23643.6,13800.1,15.0,23628.3,13846.4,52.6,23657.6,13796.2,22.7,1.3
6.550,6,23547.5,13833.4,15.0,23541.2,13862.8,22.9,23562.1,13805.9,23.1,1.0
6.550,7,23231.7,15267.9,15.0,23214.2,15285.0,23.1,23282.2,15260.0,39.6,1.5
6.550,8,23520.4,15183.2,15.0,23545.2,15165.1,23.2,23472.6,15192.7,36.4,1.0
6.550,9,23543.2,13787.1,15.0,23537.0,13814.3,22.6,23557.6,13762.0,23.1,1.1
6.550,10,23522.9,14006.3,15.0,23538.4,14011.3,23.3,23507.5,13955.2,55.6,1.0
6.550,11,23604.0,13905.0,15.0,23618.6,13899.4,27.6,23596.2,13889.8,22.7,1.1
6.550,12,23485.3,13990.5,15.0,23497.3,13988.7,22.5,23469.4,13964.3,36.1,1.5
6.550,13,23608.1,13812.7,15.0,23622.8,13798.0,30.7,23598.8,13803.2,22.6,1.2
6.567,0,23556.2,15052.2,15.0,23563.7,15033.7,22.3,23541.2,15054.5,25.1,1.3
6.567,1,23603.3,15273.5,15.0,23591.3,15284.9,22.8,23655.0,15279.8,52.1,1.3
6.567,2,23580.8,15288.2,15.0,23629.5,15299.7,43.5,23570.9,15272.3,22.9,1.3
6.567,3,23459.8,15281.8,15.0,23491.3,15285.3,23.4,23429.0,15269.2,23.8,0.9
6.567,4,23589.8,13927.0,15.0,23572.9,13900.4,22.9,23597.8,13968.6,30.5,0.9
6.567,5,23643.6,13798.0,15.0,23628.3,13840.2,49.1,23657.0,13795.3,22.6,1.3
6.567,6,23547.5,13831.7,15.0,23541.1,13862.7,23.1,23562.6,13803.7,22.8,1.0
6.567,7,23229.3,15267.7,15.0,23213.9,15284.8,23.3,23281.2,15259.1,42.1,1.5
6.567,8,23522.2,15183.2,15.0,23544.5,15165.0,23.3,23472.1,15193.5,40.1,1.0
6.567,9,23543.2,13785.2,15.0,23537.0,13814.3,22.8,23557.9,13758.5,22.9,1.1
6.567,10,23522.9,14008.0,15.0,23537.8,14011.6,23.3,23507.3,13959.0,55.1,1.0
6.567,11,23604.0,13906.9,15.0,23618.5,13907.5,26.0,23596.7,13889.0,22.7,1.1
6.567,12,23485.3,13992.9,15.0,23496.5,13988.7,22.4,23469.3,13969.8,33.9,1.5
6.567,13,23608.1,13814.7,15.0,23622.9,13803.4,29.5,23599.5,13802.5,22.6,1.2
6.583,0,23556.2,15054.4,15.0,23563.3,15033.1,22.3,23541.3,15064.2,23.7,1.3
6.583,1,23601.2,15272.7,15.0,23590.4,15284.0,22.7,23652.2,15278.0,53.2,1.3
6.583,2,23578.6,15288.3,15.0,23627.2,15300.4,45.3,23569.7,15272.7,22.8,1.3
6.583,3,23458.4,15281.9,15.0,23491.2,15285.4,23.6,23427.2,15269.0,23.6,0.9
6.583,4,23589.8,13925.6,15.0,23572.7,13900.3,22.9,23598.4,13969.4,33.0,0.9
6.583,5,23643.6,13795.9,15.0,23628.4,13832.8,44.9,23656.4,13794.6,22.6,1.3
6.583,6,23547.5,13830.0,15.0,23540.9,13862.9,24.0,23563.0,13802.1,22.7,1.0
6.583,7,23226.8,15267.6,15.0,23213.5,15284.7,23.6,23279.9,15258.2,44.2,1.5
6.583,8,23523.9,15183.2,15.0,23543.4,15165.1,23.2,23472.8,15194.2,42.2,1.0
6.583,9,23543.2,13783.4,15.0,23536.9,13814.1,23.1,23558.4,13756.1,22.6,1.1
6.583,10,23522.9,14009.7,15.0,23537.2,14012.0,23.3,23507.1,13963.0,54.5,1.0
6.583,11,23604.0,13908.7,15.0,23618.4,13916.2,24.6,23597.1,13888.4,22.7,1.1
6.583,12,23485.3,13995.4,15.0,23495.7,13988.4,22.3,23469.2,13975.5,32.2,1.5
6.583,13,23608.1,13816.6,15.0,23622.8,13810.1,27.8,23600.1,13801.8,22.6,1.2
6.600,0,23556.2,15056.6,15.0,23563.0,15032.7,22.4,23541.2,15072.3,22.9,1.3
6.600,1,23599.2,15271.8,15.0,23589.5,15283.1,22.6,23648.3,15275.8,52.6,1.3
6.600,2,23576.4,15288.3,15.0,23624.8,15301.0,47.3,23568.6,15273.0,22.8,1.3
6.600,3,23457.0,15282.1,15.0,23491.2,15285.6,23.8,23425.3,15268.8,23.3,0.9
6.600,4,23589.8,13924.2,15.0,23572.6,13900.7,22.9,23598.9,13969.9,35.7,0.9
6.600,5,23643.6,13793.7,15.0,23628.6,13825.0,40.4,23655.7,13794.2,22.5,1.3
6.600,6,23547.5,13828.2,15.0,23540.6,13863.2,25.3,23563.4,13800.7,22.7,1.0
6.600,7,23224.4,15267.5,15.0,23212.7,15284.4,23.6,23277.6,15257.3,45.1,1.5
6.600,8,23525.6,15183.2,15.0,23542.2,15165.2,23.3,23473.6,15194.9,44.4,1.0
6.600,9,23543.2,13781.6,15.0,23536.7,13814.3,24.0,23558.8,13754.3,22.6,1.1
6.600,10,23522.9,14011.4,15.0,23536.6,14012.2,23.3,23507.2,13969.2,50.5,1.0
6.600,11,23604.0,13910.6,15.0,23618.3,13925.6,23.7,23597.4,13887.7,22.7,1.1
6.600,12,23485.3,13997.8,15.0,23494.9,13987.8,22.3,23469.2,13981.3,31.0,1.5
6.600,13,23608.1,13818.5,15.0,23622.7,13818.2,26.2,23600.6,13801.1,22.6,1.2
6.617,0,23556.2,15058.8,15.0,23562.9,15032.5,22.4,23541.0,15078.9,22.4,1.3
6.617,1,23597.1,15270.9,15.0,23588.9,15282.2,22.6,23642.8,15273.3,49.6,1.3
6.617,2,23574.2,15288.3,15.0,23623.0,15301.7,50.1,23567.2,15273.5,22.7,1.3
6.617,3,23455.6,15282.2,15.0,23491.7,15285.8,24.8,23424.1,15268.5,23.3,0.9
6.617,4,23589.8,13922.7,15.0,23572.5,13901.2,22.9,23599.6,13970.3,38.6,0.9
6.617,5,23643.6,13791.6,15.0,23628.8,13816.7,36.4,23655.0,13793.8,22.5,1.3
6.617,6,23547.5,13826.5,15.0,23540.2,13864.2,27.4,23563.7,13799.6,22.7,1.0
6.617,7,23222.0,15267.4,15.0,23211.6,15284.0,23.6,23275.2,15256.5,46.4,1.5
6.617,8,23527.4,15183.2,15.0,23541.5,15165.5,23.3,23475.6,15195.6,45.1,1.0
6.617,9,23543.2,13779.7,15.0,23536.3,13814.7,25.3,23559.2,13752.7,22.6,1.1
6.617,10,23522.9,14013.1,15.0,23536.0,14012.4,23.3,23507.3,13976.2,46.4,1.0
6.617,11,23604.0,13912.4,15.0,23618.3,13933.1,23.3,23597.6,13887.3,22.7,1.1
6.617,12,23485.3,14000.2,15.0,23494.2,13987.2,22.2,23469.2,13988.9,29.1,1.5
6.617,13,23608.1,13820.5,15.0,23622.6,13827.1,24.7,23601.0,13800.4,22.6,1.2
6.633,0,23556.2,15061.1,15.0,23562.9,15032.5,22.7,23540.6,15083.3,22.1,1.3
6.633,1,23595.1,15270.1,15.0,23588.4,15281.4,22.5,23635.9,15270.4,45.2,1.3
6.633,2,23572.0,15288.4,15.0,23620.7,15302.3,52.5,23566.0,15273.9,22.6,1.3
6.633,3,23454.2,15282.4,15.0,23492.1,15286.0,25.9,23423.0,15268.2,23.3,0.9
6.633,4,23589.8,13921.3,15.0,23572.5,13902.0,22.8,23600.1,13969.8,40.4,0.9
6.633,5,23643.6,13789.5,15.0,23628.8,13811.0,33.9,23654.3,13793.9,22.4,1.3
6.633,6,23547.5,13824.8,15.0,23539.6,13865.4,30.1,23564.0,13798.8,22.7,1.0
6.633,7,23219.6,15267.2,15.0,23210.0,15283.6,23.5,23272.7,15255.6,48.4,1.5
6.633,8,23529.1,15183.2,15.0,23540.9,15165.8,23.3,23477.6,15196.2,45.8,1.0
6.633,9,23543.2,13777.9,15.0,23535.9,13815.7,27.6,23559.5,13751.6,22.6,1.1
6.633,10,23522.9,14014.8,15.0,23535.3,14012.4,23.2,23507.5,13983.6,42.0,1.0
6.633,11,23604.0,13914.3,15.0,23618.5,13939.2,23.1,23597.7,13887.0,22.7,1.1
6.633,12,23485.3,14002.6,15.0,23493.6,13986.6,22.2,23469.3,13997.5,27.3,1.5
6.633,13,23608.1,13822.4,15.0,23622.5,13836.5,23.7,23601.3,13799.8,22.6,1.2
6.650,0,23556.2,15063.3,15.0,23563.0,15032.7,23.0,23540.2,15086.2,21.8,1.3
6.650,1,23593.0,15269.3,15.0,23588.1,15280.5,22.4,23628.6,15267.5,40.8,1.3
6.650,2,23569.7,15288.4,15.0,23616.4,15302.6,51.9,23564.8,15274.5,22.5,1.3
6.650,3,23452.8,15282.5,15.0,23492.9,15286.4,27.5,23422.0,15268.0,23.3,0.9
6.650,4,23589.8,13919.9,15.0,23572.6,13902.8,22.9,23600.7,13969.1,42.1,0.9
6.650,5,23643.6,13787.4,15.0,23628.7,13805.8,31.9,23653.5,13794.1,22.4,1.3
6.650,6,23547.5,13823.1,15.0,23539.0,13866.2,33.1,23564.2,13798.7,22.7,1.0
6.650,7,23217.2,15267.1,15.0,23208.3,15283.2,23.4,23270.5,15254.8,50.9,1.5
6.650,8,23530.8,15183.2,15.0,23540.9,15166.2,23.3,23479.7,15196.8,47.5,1.0
6.650,9,23543.2,13776.0,15.0,23535.3,13816.9,30.4,23559.8,13750.7,22.6,1.1
6.650,10,23522.9,14016.5,15.0,23534.6,14012.3,23.3,23507.7,13991.4,38.0,1.0
6.650,11,23604.0,13916.2,15.0,23618.9,13943.1,23.0,23597.7,13886.9,22.9,1.1
6.650,12,23485.3,14005.0,15.0,23493.2,13986.0,22.3,23469.5,14007.2,25.2,1.5
6.650,13,23608.1,13824.4,15.0,23622.6,13844.1,23.2,23601.6,13799.4,22.6,1.2
6.667,0,23556.2,15065.5,15.0,23563.2,15032.5,24.1,23539.9,15088.6,21.8,1.3
6.667,1,23591.0,15268.4,15.0,23588.0,15279.7,22.4,23620.8,15264.4,36.7,1.3
6.667,2,23567.5,15288.4,15.0,23611.5,15302.8,50.4,23563.6,15275.0,22.4,1.3
6.667,3,23451.4,15282.6,15.0,23494.1,15286.7,29.8,23421.4,15267.8,23.3,0.9
6.667,4,23589.8,13918.5,15.0,23572.8,13903.5,22.9,23601.2,13968.0,43.3,0.9
6.667,5,23643.6,13785.2,15.0,23628.6,13800.4,30.5,23652.8,13794.6,22.3,1.3
6.667,6,23547.5,13821.3,15.0,23538.3,13866.8,36.4,23564.3,13799.2,22.7,1.0
6.667,7,23214.8,15267.0,15.0,23206.7,15282.7,23.2,23268.6,15254.0,54.0,1.5
6.667,8,23532.6,15183.2,15.0,23540.9,15166.6,23.3,23481.8,15197.4,49.4,1.0
6.667,9,23543.2,13774.2,15.0,23534.6,13817.7,33.7,23560.0,13750.7,22.6,1.1
6.667,10,23522.9,14018.2,15.0,23533.9,14011.9,23.2,23507.8,13997.5,35.2,1.0
6.667,11,23604.0,13918.0,15.0,23619.3,13945.5,22.7,23597.6,13887.1,23.2,1.1
6.667,12,23485.3,14007.4,15.0,23492.8,13985.4,22.3,23469.5,14017.4,23.7,1.5
6.667,13,23608.1,13826.3,15.0,23622.8,13850.3,22.9,23601.7,13799.1,22.7,1.2
6.683,0,23556.2,15067.7,15.0,23563.5,15032.2,25.6,23539.5,15090.8,21.9,1.3
6.683,1,23588.9,15267.6,15.0,23588.3,15279.0,22.3,23615.2,15262.0,34.1,1.3
6.683,2,23565.3,15288.5,15.0,23604.4,15302.8,46.0,23562.6,15275.6,22.3,1.3
6.683,3,23450.0,15282.8,15.0,23495.2,15287.2,32.2,23420.8,15267.6,23.3,0.9
6.683,4,23589.8,13917.1,15.0,23573.0,13903.9,22.9,23601.7,13966.4,43.8,0.9
6.683,5,23643.6,13783.1,15.0,23628.6,13794.9,29.3,23652.2,13795.1,22.3,1.3
6.683,6,23547.5,13819.6,15.0,23537.6,13866.7,39.2,23564.3,13799.9,22.7,1.0
6.683,7,23212.4,15266.9,15.0,23205.1,15282.1,23.0,23265.1,15253.4,55.0,1.5
6.683,8,23534.3,15183.2,15.0,23541.1,15167.1,23.3,23483.3,15198.0,52.1,1.0
6.683,9,23543.2,13772.3,15.0,23533.9,13818.3,37.2,23560.1,13751.1,22.7,1.1
6.683,10,23522.9,14020.0,15.0,23533.2,14011.4,23.2,23507.7,14002.4,33.0,1.0
6.683,11,23604.0,13919.9,15.0,23619.8,13947.4,22.6,23597.4,13886.9,24.0,1.1
6.683,12,23485.3,14009.9,15.0,23492.5,13985.1,22.4,23469.4,14024.6,22.8,1.5
6.683,13,23608.1,13828.2,15.0,23623.1,13854.3,22.8,23601.6,13799.1,22.9,1.2
6.700,0,23556.2,15069.9,15.0,23564.0,15031.0,28.1,23539.2,15092.5,22.1,1.3
6.700,1,23586.8,15266.8,15.0,23588.7,15278.4,22.2,23610.3,15259.9,32.1,1.3
6.700,2,23563.1,15288.5,15.0,23596.9,15302.8,41.9,23562.0,15276.3,22.3,1.3
6.700,3,23448.6,15282.9,15.0,23496.1,15287.7,35.0,23421.2,15267.3,23.3,0.9
6.700,4,23589.8,13915.7,15.0,23573.3,13904.4,22.9,23602.2,13964.8,44.4,0.9
6.700,5,23643.6,13781.0,15.0,23628.7,13786.9,27.3,23651.6,13795.7,22.3,1.3
6.700,6,23547.5,13817.9,15.0,23536.9,13865.8,41.2,23564.2,13800.8,22.7,1.0
6.700,7,23209.9,15266.8,15.0,23203.5,15281.5,22.9,23260.5,15252.9,54.3,1.5
6.700,8,23536.1,15183.2,15.0,23541.4,15167.6,23.3,23484.9,15198.5,55.1,1.0
6.700,9,23543.2,13770.5,15.0,23533.2,13817.8,39.7,23560.1,13751.9,22.6,1.1
6.700,10,23522.9,14021.7,15.0,23532.5,14010.8,23.2,23507.6,14007.4,31.4,1.0
6.700,11,23604.0,13921.8,15.0,23620.2,13949.0,22.6,23597.1,13886.5,25.4,1.1
6.700,12,23485.3,14012.3,15.0,23492.4,13984.8,22.5,23469.2,14031.8,22.2,1.5
6.700,13,23608.1,13830.2,15.0,23623.6,13856.8,22.5,23601.5,13799.2,23.1,1.2
6.717,0,23556.2,15072.2,15.0,23564.7,15029.8,31.1,23538.9,15094.1,22.3,1.3
6.717,1,23584.7,15266.0,15.0,23589.4,15277.9,22.2,23605.2,15257.8,30.7,1.3
6.717,2,23560.9,15288.5,15.0,23589.0,15302.7,37.6,23561.5,15277.0,22.2,1.3
6.717,3,23447.1,15283.0,15.0,23496.7,15288.3,37.9,23421.7,15267.2,23.3,0.9
6.717,4,23589.8,13914.2,15.0,23573.5,13904.3,22.9,23602.7,13963.1,45.6,0.9
6.717,5,23643.6,13778.8,15.0,23628.8,13778.7,25.8,23651.0,13796.4,22.3,1.3
6.717,6,23547.5,13816.1,15.0,23536.2,13864.5,42.7,23564.1,13801.6,22.7,1.0
6.717,7,23207.5,15266.7,15.0,23202.5,15280.8,22.8,23253.9,15252.5,50.7,1.5
6.717,8,23537.8,15183.2,15.0,23541.7,15168.2,23.3,23488.3,15198.8,55.3,1.0
6.717,9,23543.2,13768.6,15.0,23532.4,13816.8,41.8,23560.0,13752.8,22.7,1.1
6.717,10,23522.9,14023.4,15.0,23531.9,14009.9,23.2,23507.6,14012.6,30.1,1.0
6.717,11,23604.0,13923.6,15.0,23620.5,13950.2,22.7,23596.6,13885.5,27.5,1.1
6.717,12,23485.3,14014.7,15.0,23492.5,13984.9,22.9,23468.8,14035.1,21.9,1.5
6.717,13,23608.1,13832.1,15.0,23624.0,13858.8,22.4,23601.3,13799.0,24.1,1.2
6.733,0,23556.2,15074.4,15.0,23565.4,15029.0,34.6,23538.8,15094.5,22.5,1.3
6.733,1,23582.7,15265.2,15.0,23590.1,15277.4,22.2,23600.1,15255.7,29.5,1.3
6.733,2,23558.6,15288.6,15.0,23581.8,15302.7,34.4,23561.2,15277.7,22.1,1.3
6.733,3,23445.7,15283.2,15.0,23496.9,15289.0,40.6,23422.4,15267.0,23.3,0.9
6.733,4,23589.8,13912.8,15.0,23573.9,13904.2,22.9,23603.2,13961.4,47.1,0.9
6.733,5,23643.6,13776.7,15.0,23628.9,13769.2,24.1,23650.7,13796.9,22.3,1.3
6.733,6,23547.5,13814.4,15.0,23535.7,13862.5,43.3,23563.8,13802.1,22.7,1.0
6.733,7,23205.1,15266.5,15.0,23201.4,15280.1,22.7,23245.9,15252.3,46.2,1.5
6.733,8,23539.5,15183.2,15.0,23542.0,15168.7,23.3,23492.3,15199.0,54.7,1.0
6.733,9,23543.2,13766.8,15.0,23531.8,13815.1,42.9,23559.7,13753.3,22.7,1.1
6.733,10,23522.9,14025.1,15.0,23531.3,14009.1,23.2,23507.6,14018.8,28.6,1.0
6.733,11,23604.0,13925.5,15.0,23620.8,13951.1,22.7,23596.0,13884.3,30.4,1.1
6.733,12,23485.3,14017.1,15.0,23492.6,13985.0,23.5,23468.4,14038.2,21.7,1.5
6.733,13,23608.1,13834.1,15.0,23624.4,13860.5,22.5,23601.0,13798.7,25.4,1.2
6.750,0,23556.2,15076.6,15.0,23566.2,15028.5,38.4,23538.7,15094.8,22.8,1.3
6.750,1,23580.6,15264.4,15.0,23590.9,15277.0,22.1,23592.6,15253.0,27.6,1.3
6.750,2,23556.4,15288.6,15.0,23576.7,15302.9,32.4,23561.3,15278.4,22.1,1.3
6.750,3,23444.3,15283.3,15.0,23496.3,15289.7,42.3,23423.3,15267.0,23.2,0.9
6.750,4,23589.8,13911.4,15.0,23574.2,13904.1,22.9,23603.6,13959.8,48.8,0.9
6.750,5,23643.6,13774.6,15.0,23629.0,13759.8,23.2,23650.3,13797.4,22.4,1.3
6.750,6,23547.5,13812.7,15.0,23535.1,13860.5,44.3,23563.5,13802.4,22.7,1.0
6.750,7,23202.7,15266.4,15.0,23200.6,15279.4,22.5,23237.7,15252.0,41.4,1.5
6.750,8,23541.3,15183.2,15.0,23542.3,15169.4,23.3,23498.2,15199.0,51.2,1.0
6.750,9,23543.2,13764.9,15.0,23531.2,13813.0,43.5,23559.4,13753.7,22.7,1.1
6.750,10,23522.9,14026.8,15.0,23530.7,14008.2,23.2,23507.7,14026.8,26.9,1.0
6.750,11,23604.0,13927.3,15.0,23621.0,13951.2,22.7,23595.3,13883.4,33.6,1.1
6.750,12,23485.3,14019.5,15.0,23492.9,13984.6,25.0,23468.0,14040.8,21.8,1.5
6.750,13,23608.1,13836.0,15.0,23624.7,13861.8,22.5,23600.5,13797.6,27.7,1.2
6.767,0,23556.2,15078.8,15.0,23567.0,15029.4,40.9,23538.8,15094.7,22.9,1.3
6.767,1,23578.5,15263.7,15.0,23591.7,15276.6,22.2,23584.8,15250.1,26.0,1.3
6.767,2,23554.2,15288.6,15.0,23571.4,15303.0,30.8,23561.5,15279.1,22.0,1.3
6.767,3,23442.9,15283.4,15.0,23495.7,15290.4,44.1,23424.3,15267.0,23.3,0.9
6.767,4,23589.8,13910.0,15.0,23574.6,13903.8,22.9,23604.1,13958.6,51.1,0.9
6.767,5,23643.6,13772.4,15.0,23628.8,13753.4,22.6,23650.2,13797.7,22.4,1.3
6.767,6,23547.5,13810.9,15.0,23534.5,13858.5,46.0,23563.1,13802.2,22.7,1.0
6.767,7,23200.3,15266.3,15.0,23200.2,15278.6,22.5,23228.9,15251.8,37.3,1.5
6.767,8,23543.0,15183.2,15.0,23542.5,15170.0,23.3,23505.3,15198.8,46.9,1.0
6.767,9,23543.2,13763.1,15.0,23530.6,13810.9,45.0,23559.1,13753.6,22.7,1.1
6.767,10,23522.9,14028.5,15.0,23530.3,14007.3,23.3,23507.8,14035.1,25.6,1.0
6.767,11,23604.0,13929.2,15.0,23621.1,13950.8,22.7,23594.6,13882.8,37.2,1.1
6.767,12,23485.3,14021.9,15.0,23493.3,13983.9,26.9,23467.7,14043.2,22.0,1.5
6.767,13,23608.1,13837.9,15.0,23625.0,13862.8,22.6,23599.9,13796.3,30.6,1.2
6.783,0,23556.2,15081.0,15.0,23567.8,15030.5,43.1,23539.0,15094.6,23.2,1.3
6.783,1,23576.4,15262.9,15.0,23592.4,15276.4,22.2,23575.8,15247.0,24.1,1.3
6.783,2,23552.0,15288.7,15.0,23565.9,15303.2,29.6,23561.9,15279.8,22.0,1.3
6.783,3,23441.5,15283.5,15.0,23494.3,15291.1,45.0,23425.0,15267.2,23.3,0.9
6.783,4,23589.8,13908.6,15.0,23575.0,13903.6,22.9,23604.5,13957.3,53.4,0.9
6.783,5,23643.6,13770.3,15.0,23628.5,13747.4,22.4,23650.1,13797.8,22.5,1.3
6.783,6,23547.5,13809.2,15.0,23534.0,13856.5,47.9,23562.7,13802.0,22.7,1.0
6.783,7,23197.9,15266.2,15.0,23200.3,15277.8,22.4,23223.2,15251.5,34.9,1.5
6.783,8,23544.7,15183.2,15.0,23542.5,15170.7,23.3,23512.8,15198.6,42.5,1.0
6.783,9,23543.2,13761.2,15.0,23530.0,13808.7,46.8,23558.7,13753.3,22.7,1.1
6.783,10,23522.9,14030.2,15.0,23530.0,14006.6,23.2,23507.9,14044.3,24.4,1.0
6.783,11,23604.0,13931.1,15.0,23621.1,13950.1,22.8,23593.8,13883.2,39.9,1.1
6.783,12,23485.3,14024.4,15.0,23493.8,13982.4,30.0,23467.4,14045.1,22.3,1.5
6.783,13,23608.1,13839.9,15.0,23625.2,13863.0,22.6,23599.2,13795.5,33.9,1.2
6.800,0,23556.2,15083.3,15.0,23568.4,15032.7,44.0,23539.2,15095.0,23.2,1.3
6.800,1,23574.3,15262.2,15.0,23593.0,15276.2,22.2,23566.8,15243.8,23.2,1.3
6.800,2,23549.8,15288.7,15.0,23559.2,15303.2,27.9,23562.4,15280.4,22.0,1.3
6.800,3,23440.1,15283.7,15.0,23492.8,15291.8,45.5,23425.5,15267.3,23.3,0.9
6.800,4,23589.8,13907.2,15.0,23575.4,13903.3,22.9,23604.7,13954.6,53.5,0.9
6.800,5,23643.6,13768.2,15.0,23628.1,13744.6,22.1,23650.2,13797.6,22.8,1.3
6.800,6,23547.5,13807.5,15.0,23533.4,13855.0,50.7,23562.3,13801.7,22.7,1.0
6.800,7,23195.5,15266.1,15.0,23200.3,15277.0,22.3,23217.6,15251.1,32.8,1.5
6.800,8,23546.5,15183.2,15.0,23542.4,15171.4,23.3,23520.7,15198.4,38.3,1.0
6.800,9,23543.2,13759.4,15.0,23529.4,13807.0,49.4,23558.2,13752.9,22.7,1.1
6.800,10,23522.9,14031.9,15.0,23529.7,14005.9,23.3,23508.0,14052.9,24.1,1.0
6.800,11,23604.0,13932.9,15.0,23621.0,13949.2,22.8,23593.1,13884.1,42.0,1.1
6.800,12,23485.3,14026.8,15.0,23494.6,13981.3,33.4,23467.2,14046.6,22.6,1.5
6.800,13,23608.1,13841.8,15.0,23625.3,13862.7,22.7,23598.5,13794.9,37.6,1.2
6.817,0,23556.2,15085.5,15.0,23569.1,15035.0,44.9,23539.5,15095.5,23.2,1.3
6.817,1,23572.2,15261.4,15.0,23593.3,15276.0,22.3,23560.6,15241.5,22.4,1.3
6.817,2,23547.6,15288.7,15.0,23551.1,15303.2,26.2,23562.9,15281.0,22.0,1.3
6.817,3,23438.7,15283.8,15.0,23491.2,15292.5,46.3,23426.0,15267.6,23.3,0.9
6.817,4,23589.8,13905.7,15.0,23575.9,13902.9,22.9,23604.9,13951.4,53.0,0.9
6.817,5,23643.6,13766.0,15.0,23627.7,13741.9,21.9,23650.3,13797.5,23.4,1.3
6.817,6,23547.5,13805.7,15.0,23533.0,13853.1,52.9,23561.8,13801.3,22.7,1.0
6.817,7,23193.0,15266.0,15.0,23200.9,15276.3,22.2,23211.9,15250.8,31.5,1.5
6.817,8,23548.2,15183.2,15.0,23542.1,15172.1,23.3,23527.2,15198.4,35.4,1.0
6.817,9,23543.2,13757.5,15.0,23528.9,13805.3,52.3,23557.8,13752.4,22.7,1.1
6.817,10,23522.9,14033.6,15.0,23529.6,14005.4,23.2,23507.8,14058.8,23.8,1.0
6.817,11,23604.0,13934.8,15.0,23620.8,13948.6,22.8,23592.5,13885.7,43.2,1.1
6.817,12,23485.3,14029.2,15.0,23495.4,13980.6,37.3,23467.1,14047.2,22.9,1.5
6.817,13,23608.1,13843.8,15.0,23625.3,13862.1,22.8,23597.7,13795.4,40.2,1.2
6.833,0,23556.2,15087.7,15.0,23569.8,15037.4,46.8,23539.8,15096.6,23.2,1.3
6.833,1,23570.1,15260.7,15.0,23593.6,15275.9,22.4,23554.8,15239.3,22.1,1.3
6.833,2,23545.3,15288.8,15.0,23542.3,15303.2,24.5,23563.4,15281.4,22.0,1.3
6.833,3,23437.3,15283.9,15.0,23489.5,15293.1,47.8,23426.0,15267.9,23.3,0.9
6.833,4,23589.8,13904.3,15.0,23576.3,13902.6,22.9,23605.0,13947.8,51.8,0.9
6.833,5,23643.6,13763.9,15.0,23627.3,13739.9,22.0,23650.6,13797.9,24.7,1.3
6.833,6,23547.5,13804.0,15.0,23532.8,13849.3,52.3,23561.2,13800.9,22.7,1.0
6.833,7,23190.6,15265.9,15.0,23201.4,15275.6,22.2,23205.8,15250.5,30.2,1.5
6.833,8,23550.0,15183.2,15.0,23541.5,15172.8,23.3,23532.2,15198.5,33.2,1.0
6.833,9,23543.2,13755.7,15.0,23528.6,13801.8,52.5,23557.2,13751.9,22.7,1.1
6.833,10,23522.9,14035.3,15.0,23529.5,14005.1,23.3,23507.5,14064.4,23.9,1.0
6.833,11,23604.0,13936.7,15.0,23620.5,13948.2,22.8,23591.8,13887.8,43.9,1.1
6.833,12,23485.3,14031.6,15.0,23496.2,13980.7,40.6,23467.2,14047.6,23.2,1.5
6.833,13,23608.1,13845.7,15.0,23625.1,13861.3,22.9,23597.0,13796.4,42.3,1.2
6.850,0,23556.2,15089.9,15.0,23570.4,15039.7,48.9,23540.2,15097.7,23.1,1.3
6.850,1,23568.0,15259.9,15.0,23593.4,15275.8,22.7,23552.1,15238.0,21.8,1.3
6.850,2,23543.1,15288.8,15.0,23532.9,15303.3,23.2,23563.8,15281.8,22.0,1.3
6.850,3,23435.9,15284.0,15.0,23487.8,15293.8,49.3,23426.0,15268.2,23.3,0.9
6.850,4,23589.8,13902.9,15.0,23576.8,13902.4,22.9,23604.9,13942.4,48.2,0.9
6.850,5,23643.6,13761.8,15.0,23627.0,13738.1,22.1,23651.0,13798.4,26.5,1.3
6.850,6,23547.5,13802.3,15.0,23532.6,13845.3,51.5,23560.7,13800.5,22.7,1.0
6.850,7,23188.2,15265.8,15.0,23202.1,15275.0,22.2,23197.3,15250.3,28.1,1.5
6.850,8,23551.7,15183.2,15.0,23540.9,15173.5,23.3,23537.3,15198.5,31.4,1.0
6.850,9,23543.2,13753.8,15.0,23528.4,13797.8,51.9,23556.7,13751.4,22.7,1.1
6.850,10,23522.9,14037.0,15.0,23529.6,14005.1,23.5,23507.1,14066.6,23.6,1.0
6.850,11,23604.0,13938.5,15.0,23620.1,13948.2,22.8,23591.2,13890.0,45.3,1.1
6.850,12,23485.3,14034.0,15.0,23497.1,13981.7,43.1,23467.3,14047.8,23.5,1.5
6.850,13,23608.1,13847.6,15.0,23624.9,13860.9,22.9,23596.3,13798.2,43.5,1.2
6.867,0,23556.2,15092.2,15.0,23571.0,15041.5,51.9,23540.6,15099.0,23.0,1.3
6.867,1,23565.9,15259.2,15.0,23593.3,15275.7,23.3,23549.5,15236.8,21.7,1.3
6.867,2,23540.9,15288.8,15.0,23525.4,15303.5,22.5,23564.1,15282.0,22.1,1.3
6.867,3,23434.4,15284.1,15.0,23486.5,15294.4,51.4,23425.8,15268.6,23.3,0.9
6.867,4,23589.8,13901.5,15.0,23577.4,13902.2,22.9,23604.7,13936.7,45.0,0.9
6.867,5,23643.6,13759.6,15.0,23626.7,13736.6,22.2,23651.6,13799.7,29.3,1.3
6.867,6,23547.5,13800.5,15.0,23532.8,13838.8,47.2,23560.1,13800.2,22.7,1.0
6.867,7,23185.8,15265.7,15.0,23202.7,15274.4,22.2,23188.3,15250.0,26.2,1.5
6.867,8,23553.4,15183.2,15.0,23540.0,15174.2,23.3,23542.6,15198.6,30.1,1.0
6.867,9,23543.2,13752.0,15.0,23528.5,13791.8,48.3,23556.1,13751.0,22.7,1.1
6.867,10,23522.9,14038.7,15.0,23529.8,14005.1,23.8,23506.6,14068.9,23.3,1.0
6.867,11,23604.0,13940.4,15.0,23619.7,13948.5,22.8,23590.6,13892.2,47.1,1.1
6.867,12,23485.3,14036.4,15.0,23497.8,13983.5,44.7,23467.5,14048.5,23.7,1.5
6.867,13,23608.1,13849.6,15.0,23624.6,13860.7,22.9,23595.7,13800.3,44.2,1.2
6.883,0,23556.2,15094.4,15.0,23571.5,15044.0,54.0,23541.1,15100.3,22.9,1.3
6.883,1,23563.8,15258.5,15.0,23593.6,15276.0,24.7,23547.5,15235.8,21.8,1.3
6.883,2,23538.7,15288.9,15.0,23519.0,15303.8,22.0,23564.2,15282.1,22.2,1.3
6.883,3,23433.0,15284.3,15.0,23485.3,15295.0,53.8,23425.7,15269.0,23.3,0.9
6.883,4,23589.8,13900.1,15.0,23577.9,13902.1,22.9,23604.6,13930.9,41.5,0.9
6.883,5,23643.6,13757.5,15.0,23626.5,13735.6,22.4,23652.2,13800.8,32.5,1.3
6.883,6,23547.5,13798.8,15.0,23532.9,13831.9,43.4,23559.5,13799.9,22.7,1.0
6.883,7,23183.4,15265.6,15.0,23203.3,15274.0,22.2,23178.4,15249.7,24.3,1.5
6.883,8,23555.2,15183.2,15.0,23539.1,15174.8,23.3,23549.0,15198.6,28.6,1.0
6.883,9,23543.2,13750.1,15.0,23528.6,13784.7,44.2,23555.4,13750.6,22.7,1.1
6.883,10,23522.9,14040.4,15.0,23530.0,14004.6,25.0,23506.2,14070.2,23.3,1.0
6.883,11,23604.0,13942.2,15.0,23619.3,13949.0,22.8,23590.1,13893.9,49.6,1.1
6.883,12,23485.3,14038.9,15.0,23498.6,13985.9,45.6,23467.8,14049.3,23.7,1.5
6.883,13,23608.1,13851.5,15.0,23624.2,13861.0,22.9,23595.1,13802.5,45.7,1.2
6.900,0,23556.2,15096.6,15.0,23571.7,15048.4,53.3,23541.7,15101.4,22.8,1.3
6.900,1,23561.7,15257.8,15.0,23594.1,15276.5,26.5,23545.6,15234.9,21.9,1.3
6.900,2,23536.5,15288.9,15.0,23515.2,15304.2,21.8,23564.0,15282.1,22.4,1.3
6.900,3,23431.6,15284.4,15.0,23483.7,15295.6,55.8,23425.5,15269.4,23.3,0.9
6.900,4,23589.8,13898.7,15.0,23578.4,13902.1,22.9,23604.4,13924.7,38.2,0.9
6.900,5,23643.6,13755.4,15.0,23626.4,13735.6,22.6,23653.0,13801.4,36.1,1.3
6.900,6,23547.5,13797.1,15.0,23533.1,13824.8,39.1,23558.8,13799.8,22.7,1.0
6.900,7,23181.0,15265.5,15.0,23203.8,15273.7,22.3,23169.4,15249.3,23.2,1.5
6.900,8,23556.9,15183.2,15.0,23538.2,15175.3,23.2,23557.0,15198.4,26.9,1.0
6.900,9,23543.2,13748.3,15.0,23528.8,13777.3,39.9,23554.8,13750.4,22.6,1.1
6.900,10,23522.9,14042.1,15.0,23530.4,14004.2,26.4,23505.8,14071.6,23.3,1.0
6.900,11,23604.0,13944.1,15.0,23618.8,13949.4,22.8,23589.5,13895.6,52.6,1.1
6.900,12,23485.3,14041.3,15.0,23499.3,13988.3,47.3,23468.1,14050.7,23.6,1.5
6.900,13,23608.1,13853.4,15.0,23623.9,13861.5,22.9,23594.5,13804.8,47.6,1.2
6.917,0,23556.2,15098.8,15.0,23571.9,15053.7,51.4,23542.2,15102.5,22.7,1.3
6.917,1,23559.6,15257.1,15.0,23595.2,15277.3,29.4,23544.1,15234.2,22.1,1.3
6.917,2,23534.3,15288.9,15.0,23512.2,15304.6,21.5,23563.8,15282.0,22.8,1.3
6.917,3,23430.2,15284.5,15.0,23480.5,15296.1,55.2,23425.3,15269.9,23.3,0.9
6.917,4,23589.8,13897.2,15.0,23579.0,13902.2,22.9,23604.3,13918.6,35.4,0.9
6.917,5,23643.6,13753.3,15.0,23626.4,13735.6,22.7,23653.8,13801.3,39.3,1.3
6.917,6,23547.5,13795.4,15.0,23533.3,13817.1,35.5,23558.2,13799.8,22.7,1.0
6.917,7,23178.6,15265.4,15.0,23204.1,15273.5,22.4,23162.4,15248.9,22.4,1.5
6.917,8,23558.7,15183.2,15.0,23537.3,15175.8,23.3,23565.6,15198.3,25.5,1.0
6.917,9,23543.2,13746.4,15.0,23529.0,13769.3,35.9,23554.1,13750.3,22.6,1.1
6.917,10,23522.9,14043.8,15.0,23530.9,14002.8,28.9,23505.5,14072.4,23.3,1.0
6.917,11,23604.0,13946.0,15.0,23618.3,13950.0,22.8,23589.2,13898.9,53.1,1.1
6.917,12,23485.3,14043.7,15.0,23500.0,13990.8,49.3,23468.4,14052.3,23.5,1.5
6.917,13,23608.1,13855.4,15.0,23623.4,13862.1,22.9,23593.9,13806.5,50.3,1.2
6.933,0,23556.2,15101.0,15.0,23571.7,15061.0,46.9,23542.9,15103.5,22.6,1.3
6.933,1,23557.5,15256.4,15.0,23596.0,15278.1,32.6,23543.0,15233.8,22.3,1.3
6.933,2,23532.0,15288.9,15.0,23510.0,15305.0,21.6,23563.9,15281.8,23.9,1.3
6.933,3,23428.8,15284.6,15.0,23477.3,15296.6,54.7,23425.1,15270.4,23.3,0.9
6.933,4,23589.8,13895.8,15.0,23579.5,13902.5,22.9,23604.3,13914.7,33.6,0.9
6.933,5,23643.6,13751.1,15.0,23626.5,13735.9,22.9,23654.5,13800.3,41.5,1.3
6.933,6,23547.5,13793.6,15.0,23533.3,13812.1,33.2,23557.5,13800.1,22.7,1.0
6.933,7,23176.1,15265.3,15.0,23204.2,15273.5,22.7,23157.0,15248.4,22.0,1.5
6.933,8,23560.4,15183.2,15.0,23536.6,15176.1,23.3,23574.9,15198.2,24.4,1.0
6.933,9,23543.2,13744.6,15.0,23529.0,13763.7,33.4,23553.4,13750.6,22.6,1.1
6.933,10,23522.9,14045.6,15.0,23531.5,14001.5,31.8,23505.2,14073.2,23.3,1.0
6.933,11,23604.0,13947.8,15.0,23617.7,13950.5,22.8,23589.0,13903.0,52.4,1.1
6.933,12,23485.3,14046.1,15.0,23500.6,13992.8,52.2,23468.8,14054.0,23.4,1.5
6.933,13,23608.1,13857.3,15.0,23622.9,13862.7,22.9,23593.3,13808.2,53.2,1.2
6.950,0,23556.2,15103.3,15.0,23571.6,15068.8,42.5,23543.5,15104.1,22.5,1.3
6.950,1,23555.4,15255.8,15.0,23596.4,15278.8,36.2,23542.7,15233.6,22.5,1.3
6.950,2,23529.8,15289.0,15.0,23507.8,15305.3,21.7,23564.1,15281.4,25.3,1.3
6.950,3,23427.4,15284.7,15.0,23472.7,15297.0,52.2,23425.0,15270.9,23.3,0.9
6.950,4,23589.8,13894.4,15.0,23580.1,13902.9,22.9,23604.4,13910.7,31.9,0.9
6.950,5,23643.6,13749.0,15.0,23626.7,13736.0,23.0,23655.2,13798.7,43.1,1.3
6.950,6,23547.5,13791.9,15.0,23533.2,13807.3,31.3,23556.8,13800.5,22.7,1.0
6.950,7,23173.7,15265.2,15.0,23204.0,15273.5,23.1,23153.8,15247.9,21.7,1.5
6.950,8,23562.1,15183.2,15.0,23535.9,15176.4,23.3,23583.5,15198.2,24.1,1.0
6.950,9,23543.2,13742.7,15.0,23528.9,13758.7,31.4,23552.7,13750.9,22.6,1.1
6.950,10,23522.9,14047.3,15.0,23532.2,14000.5,35.1,23505.0,14072.9,23.2,1.0
6.950,11,23604.0,13949.7,15.0,23617.1,13950.9,22.8,23589.0,13908.8,49.1,1.1
6.950,12,23485.3,14048.5,15.0,23501.3,13994.9,55.4,23469.3,14055.7,23.2,1.5
6.950,13,23608.1,13859.3,15.0,23622.4,13863.4,22.8,23593.0,13811.9,53.2,1.2
6.967,0,23556.2,15105.5,15.0,23571.4,15077.0,38.2,23544.3,15104.5,22.5,1.3
6.967,1,23553.3,15255.1,15.0,23596.0,15279.3,39.3,23542.5,15233.6,22.7,1.3
6.967,2,23527.6,15289.0,15.0,23506.2,15305.6,21.9,23565.3,15280.9,27.9,1.3
6.967,3,23426.0,15284.9,15.0,23467.0,15297.3,48.6,23424.9,15271.5,23.3,0.9
6.967,4,23589.8,13893.0,15.0,23580.6,13903.4,22.9,23604.5,13906.6,30.7,0.9
6.967,5,23643.6,13746.9,15.0,23627.0,13735.8,23.0,23655.9,13796.5,43.9,1.3
6.967,6,23547.5,13790.2,15.0,23533.1,13802.4,29.9,23556.2,13801.1,22.7,1.0
6.967,7,23171.3,15265.1,15.0,23204.1,15273.7,24.1,23151.0,15247.4,21.7,1.5
6.967,8,23563.9,15183.2,15.0,23535.4,15176.5,23.3,23589.5,15198.4,23.8,1.0
6.967,9,23543.2,13740.9,15.0,23528.9,13753.6,29.9,23552.0,13751.5,22.6,1.1
6.967,10,23522.9,14049.0,15.0,23532.9,13999.8,38.6,23504.9,14072.2,23.2,1.0
6.967,11,23604.0,13951.5,15.0,23616.5,13951.3,22.8,23589.2,13916.0,44.9,1.1
6.967,12,23485.3,14050.9,15.0,23501.6,13999.2,55.1,23469.8,14057.2,23.1,1.5
6.967,13,23608.1,13861.2,15.0,23621.8,13864.0,22.8,23592.8,13816.1,52.6,1.2
6.983,0,23556.2,15107.7,15.0,23571.3,15084.1,35.0,23545.0,15104.7,22.4,1.3
6.983,1,23551.2,15254.4,15.0,23594.9,15279.6,41.6,23542.5,15233.8,22.9,1.3
6.983,2,23525.4,15289.0,15.0,23504.5,15305.9,22.0,23566.4,15280.3,30.9,1.3
6.983,3,23424.6,15285.0,15.0,23461.0,15297.7,45.2,23424.8,15272.0,23.3,0.9
6.983,4,23589.8,13891.6,15.0,23581.2,13904.0,22.9,23604.5,13902.5,29.6,0.9
6.983,5,23643.6,13744.7,15.0,23627.3,13735.2,23.0,23656.5,13794.2,45.2,1.3
6.983,6,23547.5,13788.4,15.0,23533.1,13797.4,28.7,23555.6,13801.8,22.7,1.0
6.983,7,23168.9,15265.0,15.0,23204.5,15274.0,25.6,23148.4,15247.0,21.8,1.5
6.983,8,23565.6,15183.2,15.0,23535.1,15176.5,23.3,23594.8,15198.7,23.8,1.0
6.983,9,23543.2,13739.0,15.0,23528.8,13748.3,28.7,23551.4,13752.2,22.6,1.1
6.983,10,23522.9,14050.7,15.0,23533.6,14000.1,41.3,23504.9,14071.3,23.2,1.0
6.983,11,23604.0,13953.4,15.0,23615.8,13951.5,22.7,23589.4,13923.5,40.5,1.1
6.983,12,23485.3,14053.4,15.0,23501.8,14003.9,54.4,23470.3,14058.7,23.0,1.5
6.983,13,23608.1,13863.1,15.0,23621.2,13864.5,22.8,23592.9,13822.5,48.6,1.2
7.000,0,23556.2,15109.9,15.0,23571.4,15089.4,32.9,23545.7,15104.5,22.4,1.3
7.000,1,23549.0,15253.8,15.0,23593.2,15279.6,43.1,23542.2,15234.0,23.0,1.3
7.000,2,23523.2,15289.1,15.0,23504.2,15306.0,22.2,23567.0,15279.6,34.3,1.3
7.000,3,23423.1,15285.1,15.0,23454.8,15298.1,41.5,23424.9,15272.6,23.3,0.9
7.000,4,23589.8,13890.2,15.0,23581.7,13904.6,22.9,23604.5,13898.2,28.7,0.9
7.000,5,23643.6,13742.6,15.0,23627.6,13734.2,23.0,23657.1,13791.9,47.1,1.3
7.000,6,23547.5,13786.7,15.0,23533.2,13790.5,27.1,23555.1,13802.5,22.7,1.0
7.000,7,23166.5,15265.0,15.0,23205.7,15274.5,28.1,23146.3,15246.6,22.1,1.5
7.000,8,23567.3,15183.2,15.0,23535.1,15176.4,23.6,23597.1,15199.1,23.5,1.0
7.000,9,23543.2,13737.2,15.0,23528.9,13741.0,27.0,23550.8,13752.9,22.6,1.1
7.000,10,23522.9,14052.4,15.0,23534.4,14000.9,43.4,23505.0,14070.2,23.2,1.0
7.000,11,23604.0,13955.3,15.0,23615.1,13951.5,22.7,23589.6,13931.5,36.5,1.1
7.000,12,23485.3,14055.8,15.0,23501.7,14011.4,49.6,23471.0,14060.1,22.8,1.5
7.000,13,23608.1,13865.1,15.0,23620.6,13865.0,22.7,23593.1,13829.8,44.4,1.2
7.017,0,23556.2,15112.2,15.0,23571.5,15094.8,31.3,23546.5,15104.2,22.3,1.3
7.017,1,23546.9,15253.1,15.0,23590.9,15279.4,43.9,23541.6,15234.2,23.1,1.3
7.017,2,23521.0,15289.1,15.0,23503.9,15306.1,22.5,23567.2,15278.8,37.9,1.3
7.017,3,23421.7,15285.2,15.0,23448.2,15298.4,38.1,23425.0,15273.2,23.3,0.9
7.017,4,23589.8,13888.7,15.0,23582.1,13905.2,22.9,23604.4,13891.9,27.2,0.9
7.017,5,23643.6,13740.5,15.0,23628.0,13733.2,22.9,23657.8,13789.9,49.6,1.3
7.017,6,23547.5,13785.0,15.0,23533.3,13782.8,25.7,23554.6,13803.2,22.7,1.0
7.017,7,23164.1,15264.9,15.0,23207.0,15275.2,31.3,23144.4,15246.3,22.3,1.5
7.017,8,23569.1,15183.2,15.0,23535.1,15176.3,24.0,23599.2,15199.6,23.3,1.0
7.017,9,23543.2,13735.4,15.0,23529.0,13733.0,25.6,23550.3,13753.6,22.6,1.1
7.017,10,23522.9,14054.1,15.0,23535.0,14002.3,44.8,23505.2,14069.3,23.2,1.0
7.017,11,23604.0,13957.1,15.0,23614.4,13951.3,22.7,23589.6,13937.4,33.9,1.1
7.017,12,23485.3,14058.2,15.0,23501.5,14019.5,45.1,23471.6,14060.9,22.7,1.5
7.017,13,23608.1,13867.0,15.0,23619.9,13865.2,22.7,23593.3,13837.5,39.9,1.2
7.033,0,23556.2,15114.4,15.0,23571.5,15100.4,30.1,23547.2,15103.7,22.3,1.3
7.033,1,23544.8,15252.5,15.0,23588.6,15279.2,45.4,23540.6,15234.2,23.1,1.3
7.033,2,23518.7,15289.1,15.0,23504.0,15306.0,22.6,23566.2,15278.1,40.1,1.3
7.033,3,23420.3,15285.3,15.0,23442.9,15298.8,35.7,23425.3,15273.7,23.3,0.9
7.033,4,23589.8,13887.3,15.0,23582.5,13905.8,22.9,23604.3,13885.5,26.0,0.9
7.033,5,23643.6,13738.3,15.0,23628.5,13732.2,22.8,23658.4,13788.0,52.5,1.3
7.033,6,23547.5,13783.2,15.0,23533.4,13774.4,24.3,23554.2,13803.9,22.7,1.0
7.033,7,23161.7,15264.8,15.0,23207.9,15276.0,35.0,23143.5,15246.2,22.6,1.5
7.033,8,23570.8,15183.2,15.0,23534.6,15176.0,25.3,23600.6,15200.0,23.3,1.0
7.033,9,23543.2,13733.5,15.0,23529.1,13724.1,24.1,23550.0,13754.3,22.6,1.1
7.033,10,23522.9,14055.8,15.0,23535.7,14004.3,45.4,23505.5,14068.7,23.2,1.0
7.033,11,23604.0,13959.0,15.0,23613.7,13950.9,22.7,23589.5,13942.4,31.8,1.1
7.033,12,23485.3,14060.6,15.0,23501.3,14027.9,40.4,23472.4,14061.4,22.6,1.5
7.033,13,23608.1,13869.0,15.0,23619.2,13865.4,22.7,23593.5,13845.7,36.0,1.2
7.050,0,23556.2,15116.6,15.0,23571.4,15107.6,28.3,23547.8,15103.1,22.2,1.3
7.050,1,23542.7,15251.9,15.0,23586.2,15279.0,47.2,23539.3,15234.3,23.0,1.3
7.050,2,23516.5,15289.1,15.0,23503.9,15305.8,22.8,23565.0,15277.4,42.1,1.3
7.050,3,23418.9,15285.4,15.0,23438.9,15299.2,33.9,23425.8,15274.3,23.3,0.9
7.050,4,23589.8,13885.9,15.0,23582.8,13906.4,22.9,23604.2,13878.7,24.9,0.9
7.050,5,23643.6,13736.2,15.0,23629.0,13731.1,22.8,23658.7,13784.7,53.2,1.3
7.050,6,23547.5,13781.5,15.0,23533.5,13765.6,23.6,23553.9,13804.5,22.7,1.0
7.050,7,23159.2,15264.7,15.0,23208.4,15276.8,38.9,23142.8,15246.1,23.0,1.5
7.050,8,23572.6,15183.2,15.0,23534.1,15175.6,26.7,23602.0,15200.4,23.3,1.0
7.050,9,23543.2,13731.7,15.0,23529.2,13714.8,23.5,23549.7,13754.9,22.6,1.1
7.050,10,23522.9,14057.5,15.0,23536.3,14006.3,46.5,23505.8,14068.3,23.3,1.0
7.050,11,23604.0,13960.9,15.0,23613.0,13950.3,22.7,23589.4,13947.6,30.2,1.1
7.050,12,23485.3,14063.0,15.0,23501.2,14036.1,36.6,23473.2,14061.8,22.5,1.5
7.050,13,23608.1,13870.9,15.0,23618.5,13865.1,22.7,23593.4,13851.0,33.6,1.2
7.067,0,23556.2,15118.8,15.0,23571.3,15115.9,26.6,23548.4,15102.4,22.3,1.3
7.067,1,23540.5,15251.2,15.0,23584.2,15278.9,49.8,23537.9,15234.3,22.9,1.3
7.067,2,23514.3,15289.2,15.0,23503.5,15305.6,22.9,23562.7,15276.8,42.9,1.3
7.067,3,23417.5,15285.5,15.0,23434.7,15299.6,32.2,23426.3,15274.8,23.3,0.9
7.067,4,23589.8,13884.5,15.0,23583.1,13907.0,22.9,23604.1,13871.3,24.0,0.9
7.067,5,23643.6,13734.1,15.0,23629.5,13730.1,22.7,23658.9,13780.4,52.6,1.3
7.067,6,23547.5,13779.8,15.0,23533.4,13758.5,23.3,23553.7,13804.9,22.7,1.0
7.067,7,23156.8,15264.6,15.0,23207.6,15277.6,41.5,23142.6,15246.2,23.3,1.5
7.067,8,23574.3,15183.2,15.0,23532.5,15175.1,29.5,23602.7,15200.7,23.3,1.0
7.067,9,23543.2,13729.8,15.0,23529.1,13708.2,23.1,23549.5,13755.2,22.6,1.1
7.067,10,23522.9,14059.2,15.0,23536.8,14008.3,48.3,23506.2,14068.4,23.3,1.0
7.067,11,23604.0,13962.7,15.0,23612.3,13949.6,22.7,23589.4,13952.9,29.0,1.1
7.067,12,23485.3,14065.4,15.0,23501.3,14041.6,34.4,23474.0,14061.8,22.4,1.5
7.067,13,23608.1,13872.8,15.0,23617.7,13864.8,22.7,23593.3,13856.2,31.6,1.2
7.083,0,23556.2,15121.0,15.0,23571.2,15125.1,24.7,23548.8,15101.9,22.3,1.3
7.083,1,23538.4,15250.6,15.0,23582.3,15278.8,52.8,23536.5,15234.4,22.8,1.3
7.083,2,23512.1,15289.2,15.0,23502.8,15305.3,22.9,23560.4,15276.2,43.9,1.3
7.083,3,23416.1,15285.6,15.0,23430.5,15300.0,31.0,23427.1,15275.4,23.3,0.9
7.083,4,23589.8,13883.1,15.0,23583.3,13907.5,22.9,23604.1,13863.9,23.8,0.9
7.083,5,23643.6,13731.9,15.0,23630.1,13729.3,22.6,23658.9,13774.2,49.2,1.3
7.083,6,23547.5,13778.0,15.0,23533.2,13752.8,23.2,23553.6,13805.2,22.7,1.0
7.083,7,23154.4,15264.5,15.0,23206.4,15278.3,43.9,23142.3,15246.3,23.6,1.5
7.083,8,23576.0,15183.2,15.0,23531.2,15174.5,32.5,23603.5,15201.0,23.3,1.0
7.083,9,23543.2,13728.0,15.0,23528.9,13702.3,23.1,23549.4,13755.5,22.6,1.1
7.083,10,23522.9,14060.9,15.0,23537.4,14010.2,50.5,23506.6,14068.5,23.3,1.0
7.083,11,23604.0,13964.6,15.0,23611.8,13948.9,22.7,23589.5,13960.2,27.3,1.1
7.083,12,23485.3,14067.9,15.0,23501.4,14047.2,32.6,23474.7,14061.5,22.4,1.5
7.083,13,23608.1,13874.8,15.0,23617.1,13864.1,22.6,23593.3,13861.5,30.2,1.2
7.100,0,23556.2,15123.3,15.0,23571.1,15134.8,23.5,23549.2,15101.3,22.3,1.3
7.100,1,23536.2,15250.0,15.0,23578.7,15277.9,53.1,23535.2,15234.5,22.7,1.3
7.100,2,23509.9,15289.2,15.0,23501.6,15305.0,22.8,23558.0,15275.6,45.7,1.3
7.100,3,23414.7,15285.7,15.0,23426.2,15300.4,30.0,23427.8,15275.8,23.3,0.9
7.100,4,23589.8,13881.7,15.0,23583.4,13907.8,22.9,23604.2,13859.1,23.5,0.9
7.100,5,23643.6,13729.8,15.0,23630.8,13728.5,22.6,23658.8,13766.8,44.9,1.3
7.100,6,23547.5,13776.3,15.0,23532.9,13748.9,23.1,23553.6,13805.2,22.8,1.0
7.100,7,23152.0,15264.5,15.0,23204.1,15279.0,44.9,23141.4,15246.6,23.6,1.5
7.100,8,23577.8,15183.2,15.0,23530.3,15173.7,36.0,23602.9,15201.2,23.2,1.0
7.100,9,23543.2,13726.1,15.0,23528.5,13699.3,22.9,23549.5,13755.4,22.8,1.1
7.100,10,23522.9,14062.6,15.0,23538.0,14011.6,53.4,23507.1,14068.7,23.3,1.0
7.100,11,23604.0,13966.4,15.0,23611.3,13948.1,22.7,23589.6,13968.2,25.8,1.1
7.100,12,23485.3,14070.3,15.0,23501.4,14053.0,31.3,23475.5,14061.0,22.3,1.5
7.100,13,23608.1,13876.7,15.0,23616.4,13863.5,22.6,23593.2,13866.8,29.0,1.2
7.117,0,23556.2,15125.5,15.0,23571.3,15142.2,22.7,23549.4,15101.0,22.4,1.3
7.117,1,23534.1,15249.4,15.0,23574.5,15276.8,52.4,23533.8,15234.7,22.6,1.3
7.117,2,23507.6,15289.2,15.0,23500.4,15304.6,22.7,23555.8,15275.0,47.9,1.3
7.117,3,23413.3,15285.8,15.0,23420.9,15300.7,28.7,23428.6,15276.3,23.3,0.9
7.117,4,23589.8,13880.2,15.0,23583.5,13908.1,22.9,23604.4,13854.3,23.4,0.9
7.117,5,23643.6,13727.7,15.0,23631.5,13728.0,22.5,23658.6,13759.1,40.5,1.3
7.117,6,23547.5,13774.6,15.0,23532.5,13746.7,22.9,23553.8,13805.1,23.1,1.0
7.117,7,23149.6,15264.4,15.0,23201.7,15279.6,45.9,23140.4,15246.8,23.6,1.5
7.117,8,23579.5,15183.2,15.0,23529.7,15173.0,39.6,23602.2,15201.3,23.3,1.0
7.117,9,23543.2,13724.3,15.0,23528.0,13696.9,22.6,23549.6,13755.2,23.1,1.1
7.117,10,23522.9,14064.3,15.0,23538.5,14013.7,55.6,23507.6,14069.0,23.3,1.0
7.117,11,23604.0,13968.3,15.0,23610.9,13947.5,22.7,23589.7,13977.2,24.3,1.1
7.117,12,23485.3,14072.7,15.0,23501.4,14060.0,29.6,23476.2,14060.5,22.2,1.5
7.117,13,23608.1,13878.7,15.0,23615.8,13862.7,22.6,23593.4,13874.7,27.1,1.2
7.133,0,23556.2,15127.7,15.0,23571.5,15148.8,22.3,23549.5,15100.8,22.5,1.3
7.133,1,23532.0,15248.8,15.0,23568.3,15274.8,48.5,23532.6,15235.0,22.5,1.3
7.133,2,23505.4,15289.3,15.0,23499.1,15304.2,22.7,23553.9,15274.4,50.8,1.3
7.133,3,23411.8,15285.9,15.0,23414.3,15301.1,27.3,23429.4,15276.7,23.3,0.9
7.133,4,23589.8,13878.8,15.0,23583.5,13908.2,23.0,23604.6,13850.9,23.4,0.9
7.133,5,23643.6,13725.5,15.0,23632.2,13727.7,22.5,23658.4,13750.8,36.5,1.3
7.133,6,23547.5,13772.8,15.0,23532.0,13744.8,22.7,23553.9,13805.2,23.7,1.0
7.133,7,23147.2,15264.3,15.0,23199.2,15280.1,47.9,23138.8,15247.1,23.5,1.5
7.133,8,23581.2,15183.2,15.0,23530.3,15172.2,41.9,23601.1,15201.2,23.2,1.0
7.133,9,23543.2,13722.4,15.0,23527.6,13695.2,22.6,23549.9,13755.5,24.2,1.1
7.133,10,23522.9,14066.0,15.0,23538.7,14017.6,54.9,23508.2,14069.3,23.3,1.0
7.133,11,23604.0,13970.2,15.0,23610.6,13946.8,22.7,23589.8,13986.6,23.6,1.1
7.133,12,23485.3,14075.1,15.0,23501.3,14068.6,27.6,23476.8,14059.8,22.2,1.5
7.133,13,23608.1,13880.6,15.0,23615.3,13862.0,22.6,23593.5,13882.9,25.7,1.2
7.150,0,23556.2,15129.9,15.0,23571.9,15152.3,22.0,23549.5,15100.9,22.8,1.3
7.150,1,23529.8,15248.2,15.0,23561.1,15272.5,44.3,23531.6,15235.4,22.5,1.3
7.150,2,23503.2,15289.3,15.0,23497.9,15303.8,22.6,23551.1,15274.0,52.4,1.3
7.150,3,23410.4,15286.0,15.0,23407.7,15301.5,26.2,23430.1,15277.0,23.3,0.9
7.150,4,23589.8,13877.4,15.0,23583.4,13908.1,23.2,23605.0,13849.1,23.2,0.9
7.150,5,23643.6,13723.4,15.0,23632.9,13727.8,22.4,23658.4,13745.0,34.0,1.3
7.150,6,23547.5,13771.1,15.0,23531.7,13743.4,22.7,23554.2,13805.5,25.0,1.0
7.150,7,23144.7,15264.2,15.0,23196.8,15280.7,50.2,23137.1,15247.4,23.4,1.5
7.150,8,23583.0,15183.2,15.0,23531.1,15171.5,44.1,23600.0,15201.1,23.3,1.0
7.150,9,23543.2,13720.6,15.0,23527.2,13693.6,22.6,23550.2,13755.8,25.5,1.1
7.150,10,23522.9,14067.7,15.0,23538.8,14021.8,54.0,23508.8,14069.6,23.3,1.0
7.150,11,23604.0,13972.0,15.0,23610.4,13946.5,22.7,23589.7,13993.5,23.2,1.1
7.150,12,23485.3,14077.5,15.0,23501.2,14078.0,25.6,23477.3,14059.2,22.3,1.5
7.150,13,23608.1,13882.5,15.0,23615.0,13861.4,22.6,23593.6,13892.2,24.1,1.2
7.167,0,23556.2,15132.1,15.0,23572.3,15155.3,21.8,23549.4,15101.1,23.1,1.3
7.167,1,23527.7,15247.7,15.0,23553.7,15270.2,39.8,23530.9,15236.0,22.4,1.3
7.167,2,23501.0,15289.3,15.0,23496.5,15303.3,22.5,23546.8,15273.9,51.8,1.3
7.167,3,23409.0,15286.2,15.0,23400.2,15302.0,25.0,23430.8,15277.3,23.3,0.9
7.167,4,23589.8,13876.0,15.0,23583.3,13908.0,23.4,23605.4,13847.2,22.9,0.9
7.167,5,23643.6,13721.3,15.0,23633.6,13727.9,22.4,23658.5,13739.8,31.9,1.3
7.167,6,23547.5,13769.4,15.0,23531.3,13742.2,22.7,23554.6,13806.2,26.7,1.0
7.167,7,23142.3,15264.1,15.0,23194.8,15281.3,53.3,23135.3,15247.8,23.2,1.5
7.167,8,23584.7,15183.2,15.0,23532.9,15170.8,45.0,23599.2,15200.9,23.3,1.0
7.167,9,23543.2,13718.7,15.0,23526.9,13692.6,22.6,23550.7,13757.0,28.0,1.1
7.167,10,23522.9,14069.4,15.0,23538.7,14028.5,49.5,23509.4,14069.8,23.3,1.0
7.167,11,23604.0,13973.9,15.0,23610.3,13946.1,22.7,23589.4,13999.5,23.1,1.1
7.167,12,23485.3,14079.9,15.0,23501.1,14088.1,24.0,23477.8,14058.6,22.3,1.5
7.167,13,23608.1,13884.5,15.0,23614.7,13860.8,22.7,23593.7,13901.7,23.5,1.2
7.183,0,23556.2,15134.4,15.0,23572.6,15157.5,21.9,23549.1,15100.8,24.4,1.3
7.183,1,23525.5,15247.1,15.0,23545.7,15267.8,35.9,23530.3,15236.5,22.4,1.3
7.183,2,23498.8,15289.3,15.0,23495.5,15302.7,22.4,23541.4,15273.9,49.4,1.3
7.183,3,23407.6,15286.3,15.0,23392.5,15302.4,24.3,23431.5,15277.5,23.3,0.9
7.183,4,23589.8,13874.6,15.0,23583.1,13908.3,24.3,23605.7,13846.0,22.9,0.9
7.183,5,23643.6,13719.2,15.0,23634.3,13728.4,22.3,23658.5,13734.4,30.5,1.3
7.183,6,23547.5,13767.6,15.0,23531.0,13741.4,22.7,23555.1,13807.5,29.3,1.0
7.183,7,23139.9,15264.1,15.0,23191.9,15281.7,55.1,23133.7,15248.2,23.1,1.5
7.183,8,23586.5,15183.2,15.0,23534.9,15170.2,45.7,23598.6,15200.5,23.3,1.0
7.183,9,23543.2,13716.9,15.0,23526.6,13691.7,22.6,23551.3,13758.2,30.9,1.1
7.183,10,23522.9,14071.2,15.0,23538.5,14035.6,45.4,23510.1,14070.0,23.3,1.0
7.183,11,23604.0,13975.8,15.0,23610.4,13946.2,22.9,23589.1,14002.8,23.0,1.1
7.183,12,23485.3,14082.4,15.0,23501.2,14096.2,22.9,23478.0,14058.2,22.4,1.5
7.183,13,23608.1,13886.4,15.0,23614.5,13860.5,22.7,23593.5,13907.9,23.0,1.2
7.200,0,23556.2,15136.6,15.0,23573.0,15159.6,22.0,23548.8,15100.5,25.9,1.3
7.200,1,23523.4,15246.5,15.0,23540.6,15266.4,33.6,23530.1,15237.3,22.3,1.3
7.200,2,23496.6,15289.3,15.0,23494.6,15302.1,22.3,23534.1,15274.1,45.1,1.3
7.200,3,23406.2,15286.4,15.0,23385.8,15302.9,24.1,23432.0,15277.7,23.3,0.9
7.200,4,23589.8,13873.2,15.0,23582.8,13908.6,25.3,23606.0,13844.9,22.9,0.9
7.200,5,23643.6,13717.0,15.0,23635.0,13729.0,22.3,23658.6,13728.9,29.3,1.3
7.200,6,23547.5,13765.9,15.0,23530.8,13741.0,22.7,23555.7,13808.5,32.2,1.0
7.200,7,23137.5,15264.0,15.0,23187.3,15281.8,54.4,23132.2,15248.7,22.9,1.5
7.200,8,23588.2,15183.2,15.0,23537.0,15169.6,47.2,23598.5,15200.2,23.3,1.0
7.200,9,23543.2,13715.0,15.0,23526.5,13691.9,22.6,23552.0,13759.0,34.2,1.1
7.200,10,23522.9,14072.9,15.0,23538.3,14043.0,40.9,23510.8,14070.0,23.2,1.0
7.200,11,23604.0,13977.6,15.0,23610.5,13946.3,23.2,23588.6,14005.2,22.7,1.1
7.200,12,23485.3,14084.8,15.0,23501.4,14103.2,22.3,23478.2,14057.9,22.5,1.5
7.200,13,23608.1,13888.3,15.0,23614.4,13860.2,22.7,23593.2,13914.0,23.0,1.2
7.217,0,23556.2,15138.8,15.0,23573.3,15161.2,22.1,23548.2,15099.1,28.8,1.3
7.217,1,23521.2,15246.0,15.0,23535.5,15265.2,31.7,23530.0,15238.0,22.3,1.3
7.217,2,23494.3,15289.4,15.0,23493.9,15301.5,22.2,23526.5,15274.3,40.8,1.3
7.217,3,23404.8,15286.5,15.0,23380.9,15303.4,23.8,23432.4,15277.8,23.3,0.9
7.217,4,23589.8,13871.7,15.0,23582.5,13909.2,26.8,23606.3,13843.9,22.9,0.9
7.217,5,23643.6,13714.9,15.0,23635.6,13729.6,22.3,23658.5,13721.0,27.4,1.3
7.217,6,23547.5,13764.2,15.0,23530.6,13741.5,22.7,23556.4,13809.1,35.5,1.0
7.217,7,23135.1,15263.9,15.0,23181.4,15281.6,51.8,23130.7,15249.2,22.8,1.5
7.217,8,23589.9,15183.2,15.0,23539.1,15169.0,49.1,23598.5,15199.8,23.3,1.0
7.217,9,23543.2,13713.2,15.0,23526.4,13692.3,22.7,23552.7,13759.5,37.7,1.1
7.217,10,23522.9,14074.6,15.0,23538.1,14051.1,37.1,23511.5,14069.9,23.3,1.0
7.217,11,23604.0,13979.5,15.0,23610.7,13946.1,24.3,23588.2,14006.9,22.6,1.1
7.217,12,23485.3,14087.2,15.0,23501.8,14107.3,22.0,23478.2,14058.0,22.8,1.5
7.217,13,23608.1,13890.3,15.0,23614.5,13860.3,23.0,23592.8,13916.6,22.7,1.2
7.233,0,23556.2,15141.0,15.0,23573.5,15162.7,22.3,23547.6,15097.9,31.9,1.3
7.233,1,23519.1,15245.4,15.0,23530.3,15263.8,30.4,23530.3,15238.8,22.2,1.3
7.233,2,23492.1,15289.4,15.0,23493.4,15300.8,22.2,23518.5,15274.6,36.7,1.3
7.233,3,23403.4,15286.6,15.0,23376.0,15303.9,23.9,23432.8,15277.8,23.3,0.9
7.233,4,23589.8,13870.3,15.0,23582.1,13910.3,29.0,23606.6,13843.2,22.9,0.9
7.233,5,23643.6,13712.8,15.0,23636.1,13730.2,22.3,23658.4,13712.8,25.9,1.3
7.233,6,23547.5,13762.5,15.0,23530.6,13742.0,22.7,23557.2,13809.3,38.7,1.0
7.233,7,23132.7,15263.9,15.0,23173.6,15281.3,47.2,23129.5,15249.8,22.7,1.5
7.233,8,23591.7,15183.2,15.0,23540.7,15168.4,51.7,23598.7,15199.3,23.3,1.0
7.233,9,23543.2,13711.3,15.0,23526.4,13693.1,22.6,23553.4,13758.8,40.0,1.1
7.233,10,23522.9,14076.3,15.0,23538.1,14056.3,34.6,23512.2,14069.4,23.2,1.0
7.233,11,23604.0,13981.3,15.0,23611.0,13945.7,25.6,23587.8,14008.5,22.6,1.1
7.233,12,23485.3,14089.6,15.0,23502.2,14110.7,21.7,23478.1,14058.1,23.3,1.5
7.233,13,23608.1,13892.2,15.0,23614.7,13860.5,23.3,23592.4,13919.0,22.4,1.2
7.250,0,23556.2,15143.3,15.0,23573.6,15162.9,22.6,23546.8,15097.2,35.5,1.3
7.250,1,23516.9,15244.9,15.0,23524.7,15262.4,29.1,23530.6,15239.5,22.2,1.3
7.250,2,23489.9,15289.4,15.0,23493.3,15300.1,22.1,23512.1,15274.7,34.0,1.3
7.250,3,23402.0,15286.7,15.0,23373.6,15304.4,23.7,23432.8,15277.8,23.5,0.9
7.250,4,23589.8,13868.9,15.0,23581.6,13911.3,31.3,23606.8,13842.6,22.9,0.9
7.250,5,23643.6,13710.6,15.0,23636.5,13730.8,22.3,23658.3,13703.3,24.1,1.3
7.250,6,23547.5,13760.7,15.0,23530.6,13743.0,22.7,23557.8,13808.4,40.7,1.0
7.250,7,23130.3,15263.8,15.0,23165.5,15280.8,42.7,23128.8,15250.5,22.6,1.5
7.250,8,23593.4,15183.2,15.0,23542.3,15167.9,54.7,23599.0,15198.8,23.3,1.0
7.250,9,23543.2,13709.5,15.0,23526.5,13694.0,22.7,23554.1,13757.8,42.1,1.1
7.250,10,23522.9,14078.0,15.0,23538.2,14061.2,32.5,23512.9,14068.9,23.3,1.0
7.250,11,23604.0,13983.2,15.0,23611.5,13944.5,28.0,23587.5,14009.6,22.7,1.1
7.250,12,23485.3,14092.0,15.0,23502.5,14113.3,21.8,23477.8,14057.7,24.6,1.5
7.250,13,23608.1,13894.2,15.0,23614.9,13860.1,24.6,23592.0,13920.7,22.5,1.2
7.267,0,23556.2,15145.5,15.0,23573.7,15163.1,22.8,23546.0,15097.0,39.1,1.3
7.267,1,23514.8,15244.3,15.0,23516.8,15260.2,27.1,23531.0,15240.2,22.1,1.3
7.267,2,23487.7,15289.4,15.0,23493.3,15299.3,22.1,23506.9,15274.7,32.0,1.3
7.267,3,23400.5,15286.8,15.0,23371.8,15304.9,23.5,23432.8,15277.7,23.7,0.9
7.267,4,23589.8,13867.5,15.0,23581.1,13912.0,33.9,23606.9,13842.8,22.9,0.9
7.267,5,23643.6,13708.5,15.0,23636.8,13731.3,22.4,23658.2,13693.8,23.3,1.3
7.267,6,23547.5,13759.0,15.0,23530.8,13743.9,22.7,23558.5,13807.4,42.5,1.0
7.267,7,23127.8,15263.7,15.0,23156.8,15280.4,38.2,23128.3,15251.3,22.5,1.5
7.267,8,23595.2,15183.2,15.0,23545.4,15167.5,55.4,23599.3,15198.2,23.3,1.0
7.267,9,23543.2,13707.6,15.0,23526.8,13694.5,22.7,23554.8,13755.9,43.0,1.1
7.267,10,23522.9,14079.7,15.0,23538.3,14066.3,31.0,23513.5,14068.2,23.2,1.0
7.267,11,23604.0,13985.1,15.0,23612.1,13943.3,30.9,23587.2,14010.5,22.7,1.1
7.267,12,23485.3,14094.4,15.0,23502.9,14115.7,22.0,23477.5,14057.4,26.2,1.5
7.267,13,23608.1,13896.1,15.0,23615.3,13859.7,26.1,23591.6,13922.4,22.5,1.2
7.283,0,23556.2,15147.7,15.0,23573.6,15163.0,23.0,23545.2,15098.0,41.4,1.3
7.283,1,23512.6,15243.8,15.0,23508.6,15258.1,25.5,23531.4,15240.7,22.2,1.3
7.283,2,23485.5,15289.5,15.0,23493.5,15298.6,22.0,23501.5,15274.7,30.5,1.3
7.283,3,23399.1,15286.8,15.0,23370.1,15305.4,23.3,23432.9,15277.6,24.1,0.9
7.283,4,23589.8,13866.1,15.0,23580.5,13912.5,36.7,23607.1,13843.3,22.9,0.9
7.283,5,23643.6,13706.4,15.0,23637.0,13731.5,22.4,23658.4,13687.4,22.6,1.3
7.283,6,23547.5,13757.3,15.0,23531.0,13744.4,22.7,23559.1,13805.4,43.2,1.0
7.283,7,23125.4,15263.6,15.0,23150.3,15280.2,35.3,23128.0,15252.0,22.4,1.5
7.283,8,23596.9,15183.2,15.0,23549.4,15167.3,54.7,23599.6,15197.7,23.3,1.0
7.283,9,23543.2,13705.8,15.0,23527.1,13694.9,22.7,23555.4,13753.8,43.6,1.1
7.283,10,23522.9,14081.4,15.0,23538.4,14071.5,29.8,23514.2,14067.3,23.2,1.0
7.283,11,23604.0,13986.9,15.0,23612.8,13942.5,34.3,23587.0,14010.4,22.7,1.1
7.283,12,23485.3,14096.9,15.0,23503.1,14117.7,22.2,23476.9,14055.8,29.2,1.5
7.283,13,23608.1,13898.0,15.0,23615.8,13858.3,28.9,23591.3,13923.4,22.6,1.2
7.300,0,23556.2,15149.9,15.0,23573.4,15163.0,23.2,23544.5,15099.3,43.3,1.3
7.300,1,23510.5,15243.3,15.0,23499.5,15255.8,23.8,23531.8,15241.2,22.2,1.3
7.300,2,23483.2,15289.5,15.0,23494.0,15298.0,22.0,23496.1,15274.7,29.3,1.3
7.300,3,23397.7,15286.9,15.0,23369.0,15305.8,23.3,23433.3,15277.4,25.2,0.9
7.300,4,23589.8,13864.7,15.0,23579.9,13912.6,39.3,23607.1,13843.8,22.9,0.9
7.300,5,23643.6,13704.2,15.0,23637.1,13731.7,22.5,23658.6,13681.3,22.4,1.3
7.300,6,23547.5,13755.5,15.0,23531.3,13744.8,22.7,23559.7,13803.5,43.8,1.0
7.300,7,23123.0,15263.6,15.0,23144.8,15280.1,33.3,23128.1,15252.8,22.3,1.5
7.300,8,23598.6,15183.2,15.0,23554.8,15167.3,51.9,23599.8,15197.0,23.3,1.0
7.300,9,23543.2,13703.9,15.0,23527.4,13694.7,22.7,23556.0,13751.7,45.3,1.1
7.300,10,23522.9,14083.1,15.0,23538.3,14078.4,28.1,23514.8,14066.4,23.2,1.0
7.300,11,23604.0,13988.8,15.0,23613.6,13941.9,37.9,23586.9,14009.9,22.8,1.1
7.300,12,23485.3,14099.3,15.0,23503.4,14119.5,22.5,23476.2,14054.5,32.5,1.5
7.300,13,23608.1,13900.0,15.0,23616.5,13857.1,31.9,23591.0,13924.4,22.6,1.2
7.317,0,23556.2,15152.1,15.0,23573.1,15163.4,23.2,23543.8,15101.6,44.2,1.3
7.317,1,23508.3,15242.8,15.0,23490.9,15253.8,23.0,23532.1,15241.5,22.2,1.3
7.317,2,23481.0,15289.5,15.0,23494.4,15297.4,22.0,23488.8,15274.8,27.5,1.3
7.317,3,23396.3,15287.0,15.0,23367.9,15306.2,23.3,23433.7,15277.1,26.3,0.9
7.317,4,23589.8,13863.2,15.0,23579.3,13911.9,40.9,23607.0,13844.7,22.8,0.9
7.317,5,23643.6,13702.1,15.0,23637.0,13731.5,22.8,23659.0,13678.5,22.1,1.3
7.317,6,23547.5,13753.8,15.0,23531.7,13744.7,22.7,23560.2,13801.4,45.5,1.0
7.317,7,23120.6,15263.5,15.0,23139.1,15280.0,31.8,23128.5,15253.6,22.2,1.5
7.317,8,23600.4,15183.2,15.0,23561.9,15167.5,47.5,23600.0,15196.4,23.3,1.0
7.317,9,23543.2,13702.1,15.0,23527.8,13694.4,22.7,23556.5,13749.5,47.1,1.1
7.317,10,23522.9,14084.8,15.0,23538.2,14086.3,26.6,23515.3,14065.6,23.2,1.0
7.317,11,23604.0,13990.6,15.0,23614.3,13942.6,40.3,23586.9,14009.1,22.8,1.1
7.317,12,23485.3,14101.7,15.0,23503.5,14120.1,22.8,23475.4,14053.7,36.4,1.5
7.317,13,23608.1,13901.9,15.0,23617.2,13856.4,35.4,23590.9,13924.1,22.7,1.2
7.333,0,23556.2,15154.4,15.0,23572.8,15164.1,23.2,23543.1,15103.9,45.3,1.3
7.333,1,23506.1,15242.3,15.0,23484.6,15252.5,22.3,23532.3,15241.6,22.3,1.3
7.333,2,23478.8,15289.5,15.0,23494.9,15296.8,22.0,23480.7,15275.0,25.9,1.3
7.333,3,23394.9,15287.1,15.0,23367.2,15306.5,23.3,23434.7,15276.6,28.2,0.9
7.333,4,23589.8,13861.8,15.0,23578.7,13911.2,42.6,23606.9,13845.5,22.9,0.9
7.333,5,23643.6,13700.0,15.0,23636.9,13731.4,23.3,23659.5,13675.9,21.9,1.3
7.333,6,23547.5,13752.1,15.0,23532.1,13744.5,22.7,23560.8,13799.3,47.2,1.0
7.333,7,23118.2,15263.5,15.0,23133.3,15279.9,30.6,23128.9,15254.4,22.2,1.5
7.333,8,23602.1,15183.2,15.0,23569.3,15167.6,43.2,23600.1,15195.7,23.3,1.0
7.333,9,23543.2,13700.2,15.0,23528.3,13693.9,22.7,23557.1,13747.9,49.8,1.1
7.333,10,23522.9,14086.5,15.0,23538.0,14094.9,25.2,23515.7,14064.7,23.2,1.0
7.333,11,23604.0,13992.5,15.0,23615.1,13943.5,42.4,23587.1,14008.2,22.8,1.1
7.333,12,23485.3,14104.1,15.0,23503.5,14120.6,23.2,23474.6,14053.6,40.1,1.5
7.333,13,23608.1,13903.9,15.0,23618.0,13856.1,38.9,23590.8,13923.7,22.8,1.2
7.350,0,23556.2,15156.6,15.0,23572.5,15165.2,23.1,23542.5,15106.3,47.2,1.3
7.350,1,23504.0,15241.8,15.0,23479.4,15251.7,22.1,23532.3,15241.6,22.5,1.3
7.350,2,23476.6,15289.5,15.0,23495.4,15296.4,22.0,23471.6,15275.2,24.1,1.3
7.350,3,23393.5,15287.2,15.0,23366.6,15306.8,23.3,23435.9,15276.1,30.6,0.9
7.350,4,23589.8,13860.4,15.0,23578.2,13909.9,43.5,23606.7,13846.0,22.9,0.9
7.350,5,23643.6,13697.8,15.0,23636.6,13731.7,24.7,23659.8,13673.8,22.0,1.3
7.350,6,23547.5,13750.3,15.0,23532.5,13744.2,22.7,23561.3,13797.9,49.9,1.0
7.350,7,23115.8,15263.4,15.0,23125.1,15279.5,28.5,23129.5,15255.0,22.2,1.5
7.350,8,23603.8,15183.2,15.0,23577.2,15167.9,38.9,23600.0,15195.0,23.3,1.0
7.350,9,23543.2,13698.4,15.0,23528.8,13693.5,22.7,23557.7,13746.2,52.7,1.1
7.350,10,23522.9,14088.2,15.0,23537.9,14104.1,24.3,23516.0,14064.0,23.2,1.0
7.350,11,23604.0,13994.4,15.0,23615.7,13945.4,43.4,23587.3,14007.7,22.8,1.1
7.350,12,23485.3,14106.5,15.0,23503.4,14120.9,23.4,23473.7,14054.5,42.5,1.5
7.350,13,23608.1,13905.8,15.0,23618.7,13857.0,41.1,23590.9,13923.0,22.8,1.2
7.367,0,23556.2,15158.8,15.0,23572.1,15166.4,23.1,23541.9,15108.5,49.6,1.3
7.367,1,23501.8,15241.3,15.0,23476.5,15251.5,21.8,23532.1,15241.4,22.8,1.3
7.367,2,23474.4,15289.6,15.0,23495.8,15296.1,22.0,23462.1,15275.3,23.1,1.3
7.367,3,23392.1,15287.3,15.0,23366.2,15307.0,23.3,23436.8,15275.5,33.1,0.9
7.367,4,23589.8,13859.0,15.0,23577.7,13908.2,44.0,23606.5,13846.5,22.9,0.9
7.367,5,23643.6,13695.7,15.0,23636.2,13732.3,26.4,23660.2,13671.9,22.1,1.3
7.367,6,23547.5,13748.6,15.0,23533.0,13743.8,22.7,23561.8,13796.3,52.7,1.0
7.367,7,23113.3,15263.3,15.0,23116.5,15279.2,26.8,23130.1,15255.6,22.2,1.5
7.367,8,23605.6,15183.2,15.0,23584.1,15168.0,35.7,23599.7,15194.3,23.3,1.0
7.367,9,23543.2,13696.5,15.0,23529.3,13693.0,22.7,23557.9,13742.4,52.4,1.1
7.367,10,23522.9,14089.9,15.0,23538.0,14112.0,24.0,23516.2,14063.4,23.3,1.0
7.367,11,23604.0,13996.2,15.0,23616.3,13947.5,44.0,23587.6,14007.3,22.8,1.1
7.367,12,23485.3,14108.9,15.0,23503.2,14121.3,23.7,23472.9,14056.0,44.5,1.5
7.367,13,23608.1,13907.7,15.0,23619.4,13858.2,43.0,23591.1,13922.3,22.9,1.2
7.383,0,23556.2,15161.0,15.0,23571.6,15167.6,23.0,23541.3,15110.3,52.6,1.3
7.383,1,23499.6,15240.8,15.0,23473.8,15251.4,21.7,23532.2,15241.1,23.6,1.3
7.383,2,23472.2,15289.6,15.0,23496.0,15295.9,22.1,23455.5,15275.2,22.4,1.3
7.383,3,23390.7,15287.4,15.0,23366.7,15307.1,23.3,23437.5,15274.9,36.0,0.9
7.383,4,23589.8,13857.6,15.0,23577.2,13906.6,44.7,23606.2,13846.8,22.9,0.9
7.383,5,23643.6,13693.6,15.0,23635.6,13733.6,29.3,23660.5,13670.6,22.2,1.3
7.383,6,23547.5,13746.9,15.0,23533.5,13743.4,22.7,23562.1,13792.7,52.5,1.0
7.383,7,23110.9,15263.3,15.0,23106.7,15278.8,24.7,23130.7,15256.1,22.2,1.5
7.383,8,23607.3,15183.2,15.0,23589.1,15167.9,33.5,23599.2,15193.6,23.3,1.0
7.383,9,23543.2,13694.7,15.0,23529.9,13692.4,22.7,23558.1,13738.4,51.8,1.1
7.383,10,23522.9,14091.6,15.0,23538.2,14117.9,23.8,23516.3,14062.9,23.2,1.0
7.383,11,23604.0,13998.1,15.0,23616.9,13949.6,45.6,23588.0,14007.5,22.8,1.1
7.383,12,23485.3,14111.4,15.0,23502.9,14122.2,23.7,23472.2,14058.4,45.4,1.5
7.383,13,23608.1,13909.7,15.0,23620.1,13860.3,43.7,23591.3,13922.1,22.9,1.2
7.400,0,23556.2,15163.2,15.0,23571.2,15168.9,22.9,23540.8,15113.4,53.8,1.3
7.400,1,23497.5,15240.3,15.0,23471.7,15251.3,21.8,23532.5,15240.8,25.0,1.3
7.400,2,23469.9,15289.6,15.0,23496.2,15295.8,22.2,23449.0,15275.1,22.0,1.3
7.400,3,23389.2,15287.5,15.0,23367.3,15307.1,23.3,23438.0,15274.3,39.0,0.9
7.400,4,23589.8,13856.2,15.0,23576.8,13904.9,46.1,23605.9,13846.7,22.9,0.9
7.400,5,23643.6,13691.4,15.0,23635.0,13734.6,32.4,23660.7,13669.5,22.4,1.3
7.400,6,23547.5,13745.1,15.0,23534.1,13743.0,22.7,23562.3,13788.9,51.9,1.0
7.400,7,23108.5,15263.2,15.0,23096.9,15278.6,23.4,23131.2,15256.4,22.3,1.5
7.400,8,23609.1,15183.2,15.0,23594.2,15167.8,31.6,23598.6,15192.9,23.3,1.0
7.400,9,23543.2,13692.8,15.0,23530.5,13692.0,22.7,23558.0,13731.9,47.7,1.1
7.400,10,23522.9,14093.3,15.0,23538.5,14122.6,23.8,23516.3,14062.7,23.3,1.0
7.400,11,23604.0,14000.0,15.0,23617.5,13951.8,47.5,23588.4,14007.8,22.8,1.1
7.400,12,23485.3,14113.8,15.0,23502.6,14123.4,23.7,23471.5,14060.8,46.8,1.5
7.400,13,23608.1,13911.6,15.0,23620.7,13862.4,44.7,23591.7,13922.0,22.9,1.2
7.417,0,23556.2,15165.5,15.0,23570.6,15170.2,22.8,23540.6,15117.8,53.2,1.3
7.417,1,23495.3,15239.8,15.0,23469.9,15251.3,22.0,23533.4,15240.4,27.1,1.3
7.417,2,23467.7,15289.6,15.0,23495.9,15295.8,22.5,23445.9,15274.7,21.7,1.3
7.417,3,23387.8,15287.6,15.0,23368.0,15307.1,23.3,23437.7,15273.7,41.2,0.9
7.417,4,23589.8,13854.7,15.0,23576.3,13903.2,47.6,23605.6,13846.6,22.9,0.9
7.417,5,23643.6,13689.3,15.0,23634.2,13735.2,36.0,23660.8,13669.4,22.5,1.3
7.417,6,23547.5,13743.4,15.0,23534.7,13742.7,22.7,23562.2,13783.0,48.3,1.0
7.417,7,23106.1,15263.1,15.0,23089.9,15278.6,22.5,23131.5,15256.6,22.4,1.5
7.417,8,23610.8,15183.2,15.0,23599.5,15167.7,30.3,23597.7,15192.2,23.2,1.0
7.417,9,23543.2,13691.0,15.0,23531.1,13691.7,22.7,23557.8,13724.7,43.6,1.1
7.417,10,23522.9,14095.0,15.0,23538.9,14124.8,23.5,23516.2,14062.7,23.6,1.0
7.417,11,23604.0,14001.8,15.0,23618.1,13953.5,50.2,23588.8,14008.3,22.8,1.1
7.417,12,23485.3,14116.2,15.0,23502.3,14125.0,23.5,23470.8,14063.3,48.9,1.5
7.417,13,23608.1,13913.6,15.0,23621.3,13864.7,46.5,23592.0,13922.4,22.9,1.2
7.433,0,23556.2,15167.7,15.0,23570.0,15171.1,22.7,23540.6,15123.7,50.3,1.3
7.433,1,23493.1,15239.4,15.0,23468.3,15251.3,22.1,23534.8,15240.0,30.1,1.3
7.433,2,23465.5,15289.6,15.0,23495.6,15296.0,22.9,23443.1,15274.3,21.5,1.3
7.433,3,23386.4,15287.7,15.0,23369.0,15306.9,23.2,23437.1,15273.2,42.9,0.9
7.433,4,23589.8,13853.3,15.0,23575.8,13901.8,49.5,23605.3,13846.4,22.9,0.9
7.433,5,23643.6,13687.2,15.0,23633.4,13735.2,39.2,23660.8,13669.5,22.7,1.3
7.433,6,23547.5,13741.7,15.0,23535.3,13742.3,22.7,23562.0,13776.2,44.4,1.0
7.433,7,23103.7,15263.1,15.0,23083.8,15278.7,22.1,23131.6,15256.7,22.6,1.5
7.433,8,23612.5,15183.2,15.0,23605.5,15167.7,28.9,23596.8,15191.6,23.3,1.0
7.433,9,23543.2,13689.2,15.0,23531.8,13691.5,22.6,23557.6,13717.3,39.2,1.1
7.433,10,23522.9,14096.7,15.0,23539.4,14126.8,23.3,23516.1,14062.6,24.1,1.0
7.433,11,23604.0,14003.7,15.0,23618.6,13955.2,53.1,23589.3,14008.8,22.8,1.1
7.433,12,23485.3,14118.6,15.0,23501.9,14126.6,23.4,23470.1,14065.5,51.5,1.5
7.433,13,23608.1,13915.5,15.0,23621.9,13866.8,48.6,23592.4,13922.9,22.9,1.2
7.450,0,23556.2,15169.9,15.0,23569.4,15171.9,22.6,23540.7,15131.2,45.9,1.3
7.450,1,23491.0,15238.9,15.0,23467.5,15251.4,22.3,23535.8,15239.4,33.4,1.3
7.450,2,23463.3,15289.7,15.0,23495.9,15296.2,24.2,23440.9,15274.0,21.6,1.3
7.450,3,23385.0,15287.8,15.0,23369.8,15306.7,23.3,23436.2,15272.7,44.6,0.9
7.450,4,23589.8,13851.9,15.0,23575.4,13900.6,51.8,23604.9,13846.1,22.9,0.9
7.450,5,23643.6,13685.1,15.0,23632.7,13734.2,41.5,23660.7,13669.8,22.9,1.3
7.450,6,23547.5,13739.9,15.0,23535.9,13742.2,22.7,23561.9,13769.2,40.2,1.0
7.450,7,23101.3,15263.0,15.0,23080.5,15279.0,21.8,23131.5,15256.6,23.0,1.5
7.450,8,23614.3,15183.2,15.0,23613.5,15167.9,27.1,23595.9,15191.0,23.2,1.0
7.450,9,23543.2,13687.3,15.0,23532.5,13691.5,22.7,23557.4,13709.3,35.4,1.1
7.450,10,23522.9,14098.5,15.0,23539.8,14128.2,23.3,23515.8,14062.1,25.3,1.0
7.450,11,23604.0,14005.5,15.0,23618.9,13958.9,52.9,23589.9,14009.3,22.8,1.1
7.450,12,23485.3,14121.0,15.0,23501.4,14128.3,23.3,23469.5,14067.5,54.6,1.5
7.450,13,23608.1,13917.4,15.0,23622.5,13868.4,51.5,23592.9,13923.6,22.9,1.2
7.467,0,23556.2,15172.1,15.0,23568.7,15172.6,22.5,23540.9,15139.1,41.4,1.3
7.467,1,23488.8,15238.4,15.0,23467.2,15251.5,22.6,23536.4,15238.6,37.1,1.3
7.467,2,23461.1,15289.7,15.0,23496.3,15296.6,25.8,23438.8,15273.7,21.7,1.3
7.467,3,23383.6,15287.9,15.0,23370.4,15306.4,23.3,23434.6,15272.3,45.1,0.9
7.467,4,23589.8,13850.5,15.0,23575.0,13899.1,53.9,23604.5,13845.9,22.9,0.9
7.467,5,23643.6,13682.9,15.0,23632.0,13732.7,43.1,23660.5,13669.9,23.0,1.3
7.467,6,23547.5,13738.2,15.0,23536.6,13742.2,22.7,23561.7,13761.6,36.4,1.0
7.467,7,23098.8,15263.0,15.0,23077.4,15279.3,21.6,23131.5,15256.5,23.7,1.5
7.467,8,23616.0,15183.2,15.0,23621.9,15168.0,25.8,23595.1,15190.6,23.3,1.0
7.467,9,23543.2,13685.5,15.0,23533.2,13691.8,22.6,23557.5,13704.2,33.1,1.1
7.467,10,23522.9,14100.2,15.0,23540.2,14129.5,23.3,23515.4,14061.5,26.8,1.0
7.467,11,23604.0,14007.4,15.0,23619.1,13963.0,52.3,23590.4,14009.8,22.8,1.1
7.467,12,23485.3,14123.4,15.0,23501.0,14129.9,23.1,23469.1,14071.2,55.2,1.5
7.467,13,23608.1,13919.4,15.0,23623.0,13870.8,53.6,23593.4,13924.2,22.8,1.2
7.483,0,23556.2,15174.4,15.0,23568.0,15172.9,22.5,23541.1,15147.4,37.2,1.3
7.483,1,23486.6,15238.0,15.0,23467.2,15251.5,22.8,23536.1,15237.6,39.9,1.3
7.483,2,23458.9,15289.7,15.0,23497.5,15297.1,28.6,23437.2,15273.4,21.9,1.3
7.483,3,23382.2,15287.9,15.0,23370.9,15306.1,23.3,23432.9,15271.9,45.7,0.9
7.483,4,23589.8,13849.1,15.0,23574.8,13895.9,53.3,23604.0,13845.5,22.9,0.9
7.483,5,23643.6,13680.8,15.0,23631.3,13730.4,43.9,23660.2,13669.6,23.0,1.3
7.483,6,23547.5,13736.5,15.0,23537.2,13742.4,22.7,23561.6,13755.8,33.8,1.0
7.483,7,23096.4,15262.9,15.0,23075.0,15279.6,21.8,23131.9,15256.2,25.3,1.5
7.483,8,23617.8,15183.2,15.0,23631.2,15168.1,24.5,23594.3,15190.2,23.2,1.0
7.483,9,23543.2,13683.6,15.0,23533.9,13692.1,22.6,23557.6,13699.1,31.1,1.1
7.483,10,23522.9,14101.9,15.0,23540.5,14130.2,23.3,23514.9,14060.0,29.6,1.0
7.483,11,23604.0,14009.3,15.0,23619.0,13969.4,48.3,23591.1,14010.2,22.8,1.1
7.483,12,23485.3,14125.9,15.0,23500.4,14131.5,23.0,23468.8,14075.9,54.6,1.5
7.483,13,23608.1,13921.3,15.0,23623.2,13874.9,52.9,23594.0,13924.9,22.8,1.2
7.500,0,23556.2,15176.6,15.0,23567.2,15173.0,22.4,23541.1,15153.6,34.5,1.3
7.500,1,23484.4,15237.5,15.0,23467.4,15251.4,23.0,23535.2,15236.5,42.1,1.3
7.500,2,23456.6,15289.7,15.0,23498.4,15297.7,31.6,23435.9,15273.2,22.1,1.3
7.500,3,23380.8,15288.0,15.0,23371.0,15305.8,23.3,23431.3,15271.5,46.8,0.9
7.500,4,23589.8,13847.7,15.0,23574.7,13892.8,52.8,23603.6,13845.2,22.9,0.9
7.500,5,23643.6,13678.7,15.0,23630.7,13728.2,45.2,23659.9,13669.1,23.0,1.3
7.500,6,23547.5,13734.8,15.0,23537.9,13742.8,22.7,23561.7,13751.0,31.8,1.0
7.500,7,23094.0,15262.9,15.0,23072.7,15279.9,22.0,23132.8,15255.7,27.4,1.5
7.500,8,23619.5,15183.2,15.0,23640.3,15168.2,24.2,23593.6,15190.0,23.3,1.0
7.500,9,23543.2,13681.8,15.0,23534.5,13692.8,22.6,23557.6,13693.9,29.7,1.1
7.500,10,23522.9,14103.6,15.0,23540.8,14130.9,23.3,23514.3,14058.8,32.5,1.0
7.500,11,23604.0,14011.1,15.0,23618.8,13976.6,44.2,23591.7,14010.6,22.8,1.1
7.500,12,23485.3,14128.3,15.0,23499.8,14132.6,22.8,23468.9,14082.7,50.6,1.5
7.500,13,23608.1,13923.2,15.0,23623.3,13879.7,51.3,23594.5,13925.5,22.8,1.2
7.517,0,23556.2,15178.8,15.0,23566.5,15172.9,22.4,23541.0,15159.0,32.4,1.3
7.517,1,23482.3,15237.1,15.0,23467.2,15251.2,23.1,23533.4,15235.3,43.3,1.3
7.517,2,23454.4,15289.7,15.0,23499.0,15298.5,35.1,23435.6,15273.1,22.3,1.3
7.517,3,23379.3,15288.1,15.0,23371.0,15305.5,23.3,23429.6,15271.2,48.3,0.9
7.517,4,23589.8,13846.2,15.0,23574.7,13888.4,50.6,23603.1,13845.0,22.9,0.9
7.517,5,23643.6,13676.5,15.0,23630.1,13725.8,47.0,23659.6,13668.2,23.0,1.3
7.517,6,23547.5,13733.0,15.0,23538.6,13743.3,22.7,23561.8,13746.1,30.2,1.0
7.517,7,23091.6,15262.8,15.0,23070.7,15280.1,22.3,23134.2,15255.1,30.5,1.5
7.517,8,23621.2,15183.2,15.0,23646.3,15168.0,23.8,23593.1,15189.8,23.3,1.0
7.517,9,23543.2,13679.9,15.0,23535.2,13693.4,22.6,23557.7,13688.7,28.6,1.1
7.517,10,23522.9,14105.3,15.0,23540.9,14130.3,23.2,23513.5,14057.9,35.9,1.0
7.517,11,23604.0,14013.0,15.0,23618.6,13984.1,39.8,23592.4,14010.7,22.7,1.1
7.517,12,23485.3,14130.7,15.0,23499.1,14133.7,22.7,23469.0,14090.8,46.1,1.5
7.517,13,23608.1,13925.2,15.0,23623.1,13886.7,46.8,23595.2,13926.0,22.7,1.2
7.533,0,23556.2,15181.0,15.0,23565.8,15172.4,22.3,23540.9,15164.5,31.0,1.3
7.533,1,23480.1,15236.7,15.0,23466.8,15250.9,23.1,23531.3,15234.1,44.1,1.3
7.533,2,23452.2,15289.7,15.0,23499.0,15299.2,38.4,23435.3,15273.1,22.5,1.3
7.533,3,23377.9,15288.2,15.0,23370.9,15305.2,23.3,23427.8,15270.8,49.8,0.9
7.533,4,23589.8,13844.8,15.0,23574.8,13882.9,47.1,23602.6,13844.7,22.9,0.9
7.533,5,23643.6,13674.4,15.0,23629.4,13723.8,49.5,23659.2,13667.2,22.9,1.3
7.533,6,23547.5,13731.3,15.0,23539.2,13744.0,22.7,23561.8,13741.1,29.0,1.0
7.533,7,23089.2,15262.7,15.0,23069.6,15280.3,22.6,23135.2,15254.4,34.1,1.5
7.533,8,23623.0,15183.2,15.0,23652.1,15167.7,23.9,23592.7,15189.8,23.3,1.0
7.533,9,23543.2,13678.1,15.0,23535.7,13694.2,22.6,23557.5,13681.0,26.7,1.1
7.533,10,23522.9,14107.0,15.0,23541.0,14129.7,23.3,23512.8,14057.3,39.5,1.0
7.533,11,23604.0,14014.8,15.0,23618.4,13992.3,35.9,23593.1,14010.8,22.7,1.1
7.533,12,23485.3,14133.1,15.0,23498.4,14134.4,22.6,23469.2,14099.1,41.3,1.5
7.533,13,23608.1,13927.1,15.0,23623.0,13894.2,42.6,23595.8,13926.4,22.7,1.2
7.550,0,23556.2,15183.2,15.0,23565.1,15171.9,22.3,23540.9,15170.0,29.8,1.3
7.550,1,23477.9,15236.2,15.0,23465.9,15250.4,23.0,23529.1,15232.9,45.8,1.3
7.550,2,23450.0,15289.8,15.0,23497.9,15300.0,40.6,23435.4,15273.2,22.7,1.3
7.550,3,23376.5,15288.3,15.0,23370.7,15304.8,23.3,23426.6,15270.4,52.2,0.9
7.550,4,23589.8,13843.4,15.0,23574.9,13877.1,43.9,23602.1,13844.5,22.9,0.9
7.550,5,23643.6,13672.3,15.0,23628.8,13722.0,52.5,23658.7,13666.0,22.8,1.3
7.550,6,23547.5,13729.6,15.0,23539.7,13744.7,22.7,23561.8,13734.9,27.5,1.0
7.550,7,23086.8,15262.7,15.0,23069.0,15280.3,23.0,23135.9,15253.6,38.0,1.5
7.550,8,23624.7,15183.2,15.0,23654.4,15167.3,23.6,23592.7,15189.9,23.5,1.0
7.550,9,23543.2,13676.2,15.0,23536.2,13694.9,22.6,23557.4,13673.0,25.4,1.1
7.550,10,23522.9,14108.7,15.0,23541.0,14128.6,23.2,23512.1,14057.9,41.8,1.0
7.550,11,23604.0,14016.7,15.0,23618.5,13997.5,33.5,23593.8,14010.5,22.7,1.1
7.550,12,23485.3,14135.5,15.0,23497.6,14134.9,22.6,23469.4,14107.9,37.2,1.5
7.550,13,23608.1,13929.1,15.0,23622.8,13902.0,38.2,23596.5,13926.5,22.7,1.2
7.567,0,23556.2,15185.5,15.0,23564.5,15171.3,22.2,23541.0,15177.8,27.8,1.3
7.567,1,23475.7,15235.8,15.0,23464.9,15249.8,23.0,23526.9,15231.7,47.7,1.3
7.567,2,23447.8,15289.8,15.0,23496.4,15300.7,42.3,23435.3,15273.4,22.8,1.3
7.567,3,23375.1,15288.4,15.0,23370.4,15304.4,23.3,23425.3,15270.1,54.7,0.9
7.567,4,23589.8,13842.0,15.0,23575.1,13871.2,40.3,23601.5,13844.5,22.9,0.9
7.567,5,23643.6,13670.1,15.0,23628.5,13718.7,53.2,23658.2,13665.0,22.8,1.3
7.567,6,23547.5,13727.8,15.0,23540.2,13745.4,22.7,23561.7,13727.3,26.0,1.0
7.567,7,23084.3,15262.6,15.0,23068.6,15280.3,23.2,23135.4,15252.7,40.9,1.5
7.567,8,23626.4,15183.2,15.0,23656.6,15166.8,23.3,23592.8,15190.0,23.8,1.0
7.567,9,23543.2,13674.4,15.0,23536.6,13695.5,22.6,23557.3,13663.9,24.0,1.1
7.567,10,23522.9,14110.4,15.0,23540.9,14127.5,23.3,23511.3,14058.7,43.9,1.0
7.567,11,23604.0,14018.6,15.0,23618.6,14002.6,31.4,23594.5,14010.1,22.7,1.1
7.567,12,23485.3,14137.9,15.0,23496.8,14134.8,22.4,23469.3,14113.4,34.9,1.5
7.567,13,23608.1,13931.0,15.0,23622.6,13909.3,34.9,23597.2,13926.5,22.7,1.2
7.583,0,23556.2,15187.7,15.0,23563.9,15170.7,22.3,23541.1,15186.2,26.2,1.3
7.583,1,23473.5,15235.4,15.0,23463.8,15249.2,22.9,23525.1,15230.6,50.5,1.3
7.583,2,23445.5,15289.8,15.0,23494.1,15301.4,43.1,23434.8,15273.6,22.9,1.3
7.583,3,23373.7,15288.5,15.0,23370.2,15303.9,23.3,23423.1,15269.9,55.6,0.9
7.583,4,23589.8,13840.6,15.0,23575.2,13864.9,37.1,23601.0,13844.5,22.9,0.9
7.583,5,23643.6,13668.0,15.0,23628.3,13714.4,52.6,23657.7,13664.0,22.7,1.3
7.583,6,23547.5,13726.1,15.0,23540.6,13746.1,22.7,23561.6,13719.2,24.7,1.0
7.583,7,23081.9,15262.6,15.0,23068.3,15280.1,23.5,23134.3,15251.9,43.4,1.5
7.583,8,23628.2,15183.2,15.0,23658.0,15166.4,23.3,23592.2,15190.3,25.1,1.0
7.583,9,23543.2,13672.5,15.0,23536.8,13696.1,22.6,23557.2,13654.6,23.5,1.1
7.583,10,23522.9,14112.1,15.0,23540.6,14126.7,23.2,23510.7,14060.4,44.9,1.0
7.583,11,23604.0,14020.4,15.0,23618.6,14007.9,30.0,23595.2,14009.4,22.7,1.1
7.583,12,23485.3,14140.4,15.0,23496.0,14134.7,22.4,23469.2,14119.0,32.9,1.5
7.583,13,23608.1,13932.9,15.0,23622.7,13914.4,32.7,23598.0,13926.2,22.6,1.2
7.600,0,23556.2,15189.9,15.0,23563.5,15170.1,22.3,23541.2,15195.7,24.3,1.3
7.600,1,23471.4,15235.0,15.0,23462.7,15248.6,22.8,23523.3,15229.5,53.5,1.3
7.600,2,23443.3,15289.8,15.0,23491.9,15302.1,44.3,23434.0,15273.9,22.9,1.3
7.600,3,23372.3,15288.5,15.0,23369.9,15303.5,23.3,23419.8,15270.0,55.1,0.9
7.600,4,23589.8,13839.2,15.0,23575.3,13859.7,34.8,23600.4,13844.7,22.9,0.9
7.600,5,23643.6,13665.9,15.0,23628.3,13708.3,49.3,23657.1,13663.1,22.6,1.3
7.600,6,23547.5,13724.4,15.0,23540.9,13746.7,22.7,23561.5,13710.3,23.7,1.0
7.600,7,23079.5,15262.5,15.0,23067.6,15279.9,23.6,23132.3,15251.0,44.7,1.5
7.600,8,23629.9,15183.2,15.0,23659.4,15166.0,23.3,23591.8,15190.6,26.5,1.0
7.600,9,23543.2,13670.7,15.0,23537.0,13696.4,22.6,23557.4,13648.5,23.1,1.1
7.600,10,23522.9,14113.8,15.0,23540.3,14126.1,23.3,23510.1,14062.4,45.6,1.0
7.600,11,23604.0,14022.3,15.0,23618.7,14013.2,28.8,23595.8,14008.7,22.7,1.1
7.600,12,23485.3,14142.8,15.0,23495.3,14134.2,22.3,23469.2,14124.8,31.6,1.5
7.600,13,23608.1,13934.9,15.0,23622.8,13919.6,30.9,23598.7,13925.8,22.6,1.2
7.617,0,23556.2,15192.1,15.0,23563.1,15169.6,22.3,23541.3,15205.5,23.3,1.3
7.617,1,23469.2,15234.6,15.0,23461.5,15247.9,22.7,23519.1,15228.4,52.9,1.3
7.617,2,23441.1,15289.8,15.0,23489.5,15302.7,46.2,23432.8,15274.3,22.8,1.3
7.617,3,23370.9,15288.6,15.0,23369.6,15303.0,23.3,23416.5,15270.0,54.6,0.9
7.617,4,23589.8,13837.7,15.0,23575.2,13855.8,33.0,23599.9,13845.0,22.9,0.9
7.617,5,23643.6,13663.7,15.0,23628.4,13700.9,45.1,23656.4,13662.4,22.6,1.3
7.617,6,23547.5,13722.6,15.0,23541.2,13747.2,22.7,23561.5,13702.5,23.4,1.0
7.617,7,23077.1,15262.5,15.0,23066.7,15279.6,23.6,23129.9,15250.3,45.6,1.5
7.617,8,23631.7,15183.2,15.0,23660.2,15165.6,23.3,23590.3,15191.1,29.1,1.0
7.617,9,23543.2,13668.8,15.0,23537.1,13696.7,22.7,23557.6,13642.5,23.1,1.1
7.617,10,23522.9,14115.5,15.0,23540.0,14125.9,23.3,23509.5,14064.4,47.0,1.0
7.617,11,23604.0,14024.2,15.0,23618.5,14020.9,27.0,23596.4,14008.0,22.7,1.1
7.617,12,23485.3,14145.2,15.0,23494.5,14133.6,22.3,23469.2,14131.1,30.2,1.5
7.617,13,23608.1,13936.8,15.0,23622.9,13924.9,29.7,23599.3,13925.1,22.6,1.2
7.633,0,23556.2,15194.4,15.0,23563.0,15169.3,22.4,23541.1,15212.0,22.6,1.3
7.633,1,23467.0,15234.2,15.0,23460.6,15247.1,22.6,23514.7,15227.2,52.1,1.3
7.633,2,23438.9,15289.8,15.0,23487.4,15303.3,48.5,23431.6,15274.7,22.7,1.3
7.633,3,23369.4,15288.7,15.0,23369.4,15302.5,23.3,23411.2,15270.4,50.9,0.9
7.633,4,23589.8,13836.3,15.0,23575.2,13851.7,31.4,23599.3,13845.4,22.9,0.9
7.633,5,23643.6,13661.6,15.0,23628.6,13693.2,40.7,23655.7,13662.0,22.5,1.3
7.633,6,23547.5,13720.9,15.0,23541.3,13747.5,22.7,23561.7,13696.8,23.2,1.0
7.633,7,23074.7,15262.4,15.0,23065.2,15279.3,23.5,23127.5,15249.5,47.4,1.5
7.633,8,23633.4,15183.2,15.0,23661.0,15165.3,23.3,23589.0,15191.7,32.1,1.0
7.633,9,23543.2,13667.0,15.0,23537.0,13696.5,22.9,23558.0,13640.0,22.8,1.1
7.633,10,23522.9,14117.2,15.0,23539.6,14126.0,23.3,23508.9,14066.4,48.8,1.0
7.633,11,23604.0,14026.0,15.0,23618.4,14029.0,25.6,23596.9,14007.2,22.7,1.1
7.633,12,23485.3,14147.6,15.0,23493.9,14133.0,22.2,23469.3,14139.7,28.1,1.5
7.633,13,23608.1,13938.8,15.0,23622.8,13931.3,28.2,23600.0,13924.4,22.6,1.2
7.650,0,23556.2,15196.6,15.0,23562.9,15169.1,22.5,23540.9,15218.4,22.3,1.3
7.650,1,23464.8,15233.8,15.0,23459.8,15246.4,22.5,23507.6,15226.0,47.5,1.3
7.650,2,23436.7,15289.9,15.0,23485.5,15303.9,51.4,23430.3,15275.1,22.6,1.3
7.650,3,23368.0,15288.8,15.0,23369.2,15302.0,23.3,23405.4,15270.9,47.4,0.9
7.650,4,23589.8,13834.9,15.0,23575.1,13847.6,30.3,23598.8,13846.0,22.9,0.9
7.650,5,23643.6,13659.5,15.0,23628.8,13684.9,36.6,23655.0,13661.6,22.5,1.3
7.650,6,23547.5,13719.2,15.0,23541.3,13747.7,22.8,23561.9,13691.9,23.2,1.0
7.650,7,23072.3,15262.4,15.0,23063.6,15278.9,23.4,23125.0,15248.8,49.5,1.5
7.650,8,23635.1,15183.2,15.0,23660.6,15165.1,23.2,23588.0,15192.5,35.5,1.0
7.650,9,23543.2,13665.1,15.0,23536.8,13696.3,23.2,23558.5,13637.7,22.6,1.1
7.650,10,23522.9,14118.9,15.0,23539.1,14126.2,23.3,23508.3,14068.1,51.2,1.0
7.650,11,23604.0,14027.9,15.0,23618.3,14038.2,24.1,23597.2,14006.6,22.7,1.1
7.650,12,23485.3,14150.0,15.0,23493.4,14132.4,22.3,23469.4,14148.8,26.1,1.5
7.650,13,23608.1,13940.7,15.0,23622.7,13939.4,26.4,23600.5,13923.7,22.6,1.2
7.667,0,23556.2,15198.8,15.0,23562.9,15169.3,22.8,23540.5,15221.4,22.0,1.3
7.667,1,23462.6,15233.4,15.0,23459.2,15245.6,22.5,23500.0,15224.7,43.3,1.3
7.667,2,23434.5,15289.9,15.0,23482.2,15304.3,52.2,23429.1,15275.6,22.5,1.3
7.667,3,23366.6,15288.9,15.0,23369.1,15301.4,23.3,23399.4,15271.4,43.9,0.9
7.667,4,23589.8,13833.5,15.0,23575.1,13843.5,29.3,23598.3,13846.6,22.9,0.9
7.667,5,23643.6,13657.4,15.0,23628.8,13679.0,34.0,23654.3,13661.6,22.4,1.3
7.667,6,23547.5,13717.4,15.0,23541.2,13747.5,23.0,23562.3,13689.7,22.9,1.0
7.667,7,23069.9,15262.3,15.0,23061.9,15278.4,23.3,23123.1,15248.0,52.6,1.5
7.667,8,23636.9,15183.0,15.0,23658.5,15163.2,23.3,23588.2,15196.8,39.1,1.0
7.667,9,23543.2,13663.3,15.0,23536.6,13696.7,24.4,23558.9,13636.1,22.6,1.1
7.667,10,23522.9,14120.6,15.0,23538.6,14126.4,23.3,23507.8,14069.6,54.1,1.0
7.667,11,23604.0,14029.7,15.0,23618.2,14047.5,23.6,23597.5,14006.0,22.7,1.1
7.667,12,23485.3,14152.4,15.0,23492.9,14131.8,22.3,23469.5,14158.8,24.3,1.5
7.667,13,23608.1,13942.6,15.0,23622.6,13948.0,24.9,23601.0,13923.0,22.6,1.2
7.683,0,23556.2,15201.0,15.0,23563.1,15169.5,23.4,23540.0,15224.2,21.8,1.3
7.683,1,23460.4,15233.0,15.0,23458.8,15244.8,22.4,23492.2,15223.4,38.8,1.3
7.683,2,23432.2,15289.9,15.0,23477.8,15304.6,51.6,23427.9,15276.1,22.5,1.3
7.683,3,23365.2,15288.9,15.0,23369.1,15300.8,23.3,23393.1,15272.0,40.3,0.9
7.683,4,23589.8,13832.1,15.0,23575.1,13838.5,28.1,23597.8,13847.2,22.9,0.9
7.683,5,23643.6,13655.2,15.0,23628.7,13673.8,32.0,23653.6,13661.8,22.4,1.3
7.683,6,23547.5,13715.7,15.0,23541.0,13747.5,23.4,23562.8,13687.6,22.7,1.0
7.683,7,23067.4,15262.3,15.0,23060.3,15277.9,23.1,23120.7,15247.4,55.3,1.5
7.683,8,23638.6,15182.8,15.0,23655.9,15161.8,23.2,23590.0,15201.1,41.6,1.0
7.683,9,23543.2,13661.4,15.0,23536.2,13697.0,25.7,23559.3,13634.5,22.6,1.1
7.683,10,23522.9,14122.3,15.0,23538.1,14126.7,23.3,23507.4,14072.3,55.4,1.0
7.683,11,23604.0,14031.6,15.0,23618.4,14053.8,23.2,23597.7,14005.6,22.7,1.1
7.683,12,23485.3,14154.9,15.0,23492.6,14131.3,22.4,23469.5,14167.6,23.2,1.5
7.683,13,23608.1,13944.6,15.0,23622.5,13957.4,23.8,23601.3,13922.4,22.6,1.2
7.700,0,23556.2,15203.2,15.0,23563.4,15169.1,24.8,23539.7,15226.4,21.9,1.3
7.700,1,23458.2,15232.6,15.0,23458.7,15244.1,22.3,23484.5,15222.1,35.3,1.3
7.700,2,23430.0,15289.9,15.0,23471.8,15304.6,48.4,23426.8,15276.7,22.3,1.3
7.700,3,23363.8,15289.0,15.0,23369.2,15300.3,23.3,23386.4,15272.5,37.1,0.9
7.700,4,23589.8,13830.7,15.0,23575.2,13832.2,26.7,23597.4,13847.8,22.9,0.9
7.700,5,23643.6,13653.1,15.0,23628.6,13668.4,30.5,23652.9,13662.3,22.3,1.3
7.700,6,23547.5,13714.0,15.0,23540.8,13747.8,24.6,23563.1,13686.2,22.7,1.0
7.700,7,23065.0,15262.2,15.0,23058.6,15277.4,23.0,23116.1,15247.0,54.6,1.5
7.700,8,23640.3,15182.4,15.0,23653.2,15161.0,23.3,23592.4,15205.2,43.8,1.0
7.700,9,23543.2,13659.6,15.0,23535.7,13698.4,28.4,23559.6,13633.6,22.6,1.1
7.700,10,23522.9,14124.1,15.0,23537.5,14127.0,23.3,23507.2,14076.2,54.8,1.0
7.700,11,23604.0,14033.5,15.0,23618.6,14059.9,23.2,23597.7,14005.3,22.8,1.1
7.700,12,23485.3,14157.3,15.0,23492.5,14131.0,22.5,23469.3,14174.6,22.4,1.5
7.700,13,23608.1,13946.5,15.0,23622.5,13965.5,23.3,23601.5,13921.9,22.7,1.2
7.717,0,23556.2,15205.5,15.0,23563.8,15168.5,26.6,23539.3,15228.4,22.0,1.3
7.717,1,23456.1,15232.2,15.0,23458.9,15243.4,22.3,23479.3,15221.1,33.2,1.3
7.717,2,23427.8,15289.9,15.0,23464.4,15304.5,44.2,23425.9,15277.3,22.3,1.3
7.717,3,23362.4,15289.1,15.0,23369.5,15299.7,23.3,23382.1,15272.7,35.0,0.9
7.717,4,23589.8,13829.2,15.0,23575.3,13825.7,25.7,23597.0,13848.5,22.9,0.9
7.717,5,23643.6,13651.0,15.0,23628.6,13662.9,29.4,23652.2,13662.8,22.3,1.3
7.717,6,23547.5,13712.2,15.0,23540.4,13748.2,26.0,23563.5,13684.9,22.7,1.0
7.717,7,23062.6,15262.2,15.0,23057.3,15276.8,22.8,23110.9,15246.8,53.0,1.5
7.717,8,23641.9,15181.9,15.0,23650.9,15160.5,23.3,23596.0,15208.9,44.9,1.0
7.717,9,23543.2,13657.7,15.0,23535.1,13699.5,31.3,23559.9,13632.7,22.6,1.1
7.717,10,23522.9,14125.8,15.0,23536.9,14127.3,23.3,23507.1,14081.0,52.8,1.0
7.717,11,23604.0,14035.3,15.0,23619.1,14062.5,22.9,23597.7,14005.4,23.0,1.1
7.717,12,23485.3,14159.7,15.0,23492.4,14131.0,22.7,23468.9,14179.7,22.0,1.5
7.717,13,23608.1,13948.5,15.0,23622.7,13971.8,23.0,23601.6,13921.6,22.7,1.2
7.733,0,23556.2,15207.7,15.0,23564.3,15167.1,29.5,23539.1,15229.9,22.2,1.3
7.733,1,23453.9,15231.9,15.0,23459.2,15242.7,22.2,23474.0,15220.1,31.3,1.3
7.733,2,23425.6,15289.9,15.0,23456.8,15304.4,39.9,23425.3,15278.0,22.2,1.3
7.733,3,23361.0,15289.2,15.0,23369.9,15299.0,23.3,23378.0,15272.9,33.3,0.9
7.733,4,23589.8,13827.8,15.0,23575.4,13818.6,24.5,23596.7,13849.0,22.9,0.9
7.733,5,23643.6,13648.8,15.0,23628.7,13655.1,27.4,23651.6,13663.5,22.3,1.3
7.733,6,23547.5,13710.5,15.0,23539.9,13749.5,28.6,23563.8,13684.0,22.7,1.0
7.733,7,23060.2,15262.2,15.0,23056.2,15276.1,22.7,23103.2,15246.7,48.2,1.5
7.733,8,23643.6,15181.2,15.0,23648.7,15160.5,23.3,23600.3,15212.1,45.6,1.0
7.733,9,23543.2,13655.9,15.0,23534.4,13700.2,34.7,23560.0,13633.1,22.6,1.1
7.733,10,23522.9,14127.5,15.0,23536.3,14127.5,23.3,23507.2,14087.8,48.4,1.0
7.733,11,23604.0,14037.2,15.0,23619.5,14064.9,22.6,23597.5,14005.6,23.3,1.1
7.733,12,23485.3,14162.1,15.0,23492.5,14131.1,23.2,23468.5,14182.9,21.7,1.5
7.733,13,23608.1,13950.4,15.0,23623.1,13976.3,22.8,23601.7,13921.5,22.8,1.2
7.750,0,23556.2,15209.9,15.0,23565.0,15166.1,32.7,23538.9,15231.1,22.4,1.3
7.750,1,23451.7,15231.5,15.0,23459.9,15242.1,22.2,23468.6,15219.1,30.1,1.3
7.750,2,23423.4,15289.9,15.0,23448.6,15304.3,35.9,23424.9,15278.7,22.2,1.3
7.750,3,23359.5,15289.2,15.0,23370.4,15298.5,23.3,23373.8,15273.1,31.8,0.9
7.750,4,23589.8,13826.4,15.0,23575.5,13811.2,23.9,23596.4,13849.6,22.9,0.9
7.750,5,23643.6,13646.7,15.0,23628.8,13646.8,25.9,23651.1,13664.1,22.3,1.3
7.750,6,23547.5,13708.8,15.0,23539.4,13750.6,31.4,23564.1,13683.3,22.7,1.0
7.750,7,23057.8,15262.1,15.0,23055.3,15275.4,22.6,23095.1,15246.7,43.6,1.5
7.750,8,23645.1,15180.5,15.0,23647.1,15160.5,23.3,23604.8,15214.9,47.0,1.0
7.750,9,23543.2,13654.0,15.0,23533.7,13700.6,38.2,23560.1,13633.5,22.7,1.1
7.750,10,23522.9,14129.2,15.0,23535.6,14127.6,23.3,23507.4,14095.0,44.3,1.0
7.750,11,23604.0,14039.1,15.0,23619.9,14066.5,22.6,23597.3,14005.2,24.5,1.1
7.750,12,23485.3,14164.5,15.0,23492.7,14130.9,24.3,23468.2,14185.7,21.8,1.5
7.750,13,23608.1,13952.3,15.0,23623.5,13978.9,22.6,23601.6,13921.7,23.1,1.2
7.767,0,23556.2,15212.1,15.0,23565.8,15165.5,36.4,23538.8,15231.4,22.6,1.3
7.767,1,23449.5,15231.1,15.0,23460.5,15241.5,22.2,23462.2,15218.0,28.6,1.3
7.767,2,23421.2,15290.0,15.0,23442.9,15304.3,33.5,23424.8,15279.4,22.1,1.3
7.767,3,23358.1,15289.3,15.0,23371.0,15297.9,23.3,23369.6,15273.3,30.7,0.9
7.767,4,23589.8,13825.0,15.0,23575.5,13804.6,23.7,23596.3,13850.0,22.9,0.9
7.767,5,23643.6,13644.6,15.0,23628.9,13637.5,24.1,23650.7,13664.6,22.3,1.3
7.767,6,23547.5,13707.1,15.0,23538.7,13751.3,34.6,23564.3,13683.7,22.7,1.0
7.767,7,23055.4,15262.1,15.0,23054.7,15274.7,22.5,23086.6,15246.8,39.1,1.5
7.767,8,23646.6,15179.6,15.0,23645.9,15160.8,23.3,23609.6,15217.3,48.8,1.0
7.767,9,23543.2,13652.2,15.0,23532.9,13699.8,40.3,23560.1,13634.4,22.6,1.1
7.767,10,23522.9,14130.9,15.0,23535.0,14127.5,23.2,23507.6,14102.6,39.9,1.0
7.767,11,23604.0,14040.9,15.0,23620.3,14068.0,22.7,23596.9,14004.9,25.9,1.1
7.767,12,23485.3,14166.9,15.0,23493.1,14130.4,25.9,23467.8,14188.3,21.9,1.5
7.767,13,23608.1,13954.3,15.0,23623.9,13981.0,22.4,23601.4,13921.6,23.9,1.2
7.783,0,23556.2,15214.3,15.0,23566.6,15165.6,39.6,23538.7,15231.5,22.8,1.3
7.783,1,23447.3,15230.8,15.0,23461.2,15241.0,22.1,23454.1,15216.8,26.8,1.3
7.783,2,23418.9,15290.0,15.0,23437.7,15304.5,31.5,23424.9,15280.1,22.1,1.3
7.783,3,23356.7,15289.4,15.0,23371.7,15297.3,23.3,23365.2,15273.4,29.7,0.9
7.783,4,23589.8,13823.6,15.0,23575.3,13799.9,23.4,23596.2,13850.3,22.9,0.9
7.783,5,23643.6,13642.4,15.0,23629.0,13627.9,23.3,23650.4,13665.2,22.4,1.3
7.783,6,23547.5,13705.3,15.0,23537.9,13751.8,38.0,23564.4,13684.2,22.7,1.0
7.783,7,23052.9,15262.0,15.0,23054.5,15273.9,22.4,23079.2,15246.7,35.9,1.5
7.783,8,23648.1,15178.6,15.0,23644.9,15161.2,23.3,23614.3,15219.5,51.3,1.0
7.783,9,23543.2,13650.3,15.0,23532.2,13698.8,42.4,23559.9,13635.3,22.7,1.1
7.783,10,23522.9,14132.6,15.0,23534.3,14127.4,23.3,23507.8,14110.3,36.3,1.0
7.783,11,23604.0,14042.8,15.0,23620.6,14069.0,22.7,23596.4,14003.5,28.5,1.1
7.783,12,23485.3,14169.4,15.0,23493.6,14129.2,28.5,23467.5,14190.3,22.2,1.5
7.783,13,23608.1,13956.2,15.0,23624.3,13982.7,22.5,23601.1,13921.2,25.2,1.2
7.800,0,23556.2,15216.6,15.0,23567.3,15166.6,41.9,23538.9,15231.3,23.0,1.3
7.800,1,23445.1,15230.4,15.0,23461.9,15240.6,22.2,23445.3,15215.5,25.0,1.3
7.800,2,23416.7,15290.0,15.0,23432.3,15304.5,30.2,23425.2,15280.8,22.0,1.3
7.800,3,23355.3,15289.5,15.0,23372.4,15296.8,23.3,23359.2,15273.8,28.2,0.9
7.800,4,23589.8,13822.2,15.0,23575.1,13795.1,23.4,23596.1,13850.6,22.9,0.9
7.800,5,23643.6,13640.3,15.0,23628.8,13621.4,22.6,23650.2,13665.4,22.4,1.3
7.800,6,23547.5,13703.6,15.0,23537.3,13751.1,40.1,23564.3,13685.1,22.7,1.0
7.800,7,23050.5,15262.0,15.0,23054.5,15273.1,22.3,23073.7,15246.5,33.8,1.5
7.800,8,23649.4,15177.5,15.0,23644.1,15161.7,23.3,23619.0,15221.4,54.3,1.0
7.800,9,23543.2,13648.5,15.0,23531.6,13696.7,43.1,23559.6,13635.7,22.7,1.1
7.800,10,23522.9,14134.3,15.0,23533.5,14126.9,23.2,23507.7,14115.1,34.1,1.0
7.800,11,23604.0,14044.6,15.0,23620.9,14069.9,22.7,23595.8,14002.3,31.5,1.1
7.800,12,23485.3,14171.8,15.0,23494.2,14127.8,31.8,23467.3,14192.2,22.4,1.5
7.800,13,23608.1,13958.1,15.0,23624.7,13984.0,22.5,23600.6,13920.3,27.2,1.2
7.817,0,23556.2,15218.8,15.0,23568.1,15168.2,43.5,23539.1,15231.5,23.2,1.3
7.817,1,23442.9,15230.1,15.0,23462.4,15240.3,22.2,23435.8,15214.1,23.6,1.3
7.817,2,23414.5,15290.0,15.0,23426.9,15304.6,29.1,23425.6,15281.5,22.0,1.3
7.817,3,23353.9,15289.5,15.0,23373.1,15296.4,23.3,23352.6,15274.3,26.9,0.9
7.817,4,23589.8,13820.7,15.0,23574.8,13792.7,23.3,23596.1,13850.5,23.0,0.9
7.817,5,23643.6,13638.2,15.0,23628.6,13615.3,22.4,23650.1,13665.6,22.5,1.3
7.817,6,23547.5,13701.9,15.0,23536.6,13750.2,42.1,23564.2,13686.1,22.7,1.0
7.817,7,23048.1,15261.9,15.0,23054.8,15272.4,22.3,23068.1,15246.3,32.1,1.5
7.817,8,23650.7,15176.3,15.0,23643.5,15162.3,23.3,23624.7,15221.9,55.5,1.0
7.817,9,23543.2,13646.6,15.0,23531.0,13694.6,43.8,23559.3,13636.1,22.7,1.1
7.817,10,23522.9,14136.0,15.0,23532.9,14126.4,23.3,23507.6,14120.1,32.1,1.0
7.817,11,23604.0,14046.5,15.0,23621.1,14069.5,22.7,23595.1,14001.6,34.9,1.1
7.817,12,23485.3,14174.2,15.0,23495.0,14127.0,35.5,23467.2,14193.0,22.7,1.5
7.817,13,23608.1,13960.1,15.0,23624.9,13985.1,22.6,23600.0,13919.0,30.1,1.2
7.833,0,23556.2,15221.0,15.0,23568.8,15170.5,44.3,23539.3,15231.9,23.2,1.3
7.833,1,23440.7,15229.7,15.0,23462.8,15240.0,22.2,23427.9,15212.8,22.8,1.3
7.833,2,23412.3,15290.0,15.0,23419.0,15304.6,27.1,23426.2,15282.1,22.0,1.3
7.833,3,23352.5,15289.6,15.0,23373.8,15296.0,23.3,23345.8,15274.7,25.8,0.9
7.833,4,23589.8,13819.3,15.0,23574.5,13790.8,23.1,23596.2,13850.5,23.2,0.9
7.833,5,23643.6,13636.0,15.0,23628.1,13612.5,22.1,23650.2,13665.4,22.8,1.3
7.833,6,23547.5,13700.1,15.0,23536.0,13748.4,43.0,23563.9,13686.6,22.7,1.0
7.833,7,23045.7,15261.9,15.0,23055.4,15271.6,22.2,23062.3,15246.2,30.9,1.5
7.833,8,23651.9,15175.1,15.0,23643.1,15163.1,23.3,23631.0,15220.9,54.8,1.0
7.833,9,23543.2,13644.8,15.0,23530.4,13692.5,45.5,23559.0,13635.8,22.7,1.1
7.833,10,23522.9,14137.7,15.0,23532.2,14125.5,23.2,23507.6,14125.2,30.7,1.0
7.833,11,23604.0,14048.4,15.0,23621.2,14069.1,22.8,23594.3,14001.1,38.5,1.1
7.833,12,23485.3,14176.6,15.0,23495.9,14126.4,39.5,23467.1,14193.6,23.1,1.5
7.833,13,23608.1,13962.0,15.0,23625.2,13985.5,22.6,23599.4,13918.0,33.4,1.2
7.850,0,23556.2,15223.2,15.0,23569.4,15172.8,45.8,23539.7,15232.7,23.2,1.3
7.850,1,23438.5,15229.4,15.0,23463.1,15239.9,22.3,23421.4,15211.6,22.3,1.3
7.850,2,23410.1,15290.0,15.0,23410.8,15304.5,25.6,23426.7,15282.6,22.0,1.3
7.850,3,23351.0,15289.7,15.0,23374.5,15295.6,23.3,23338.2,15275.2,24.7,0.9
7.850,4,23589.8,13817.9,15.0,23574.1,13789.2,22.9,23596.4,13850.5,23.6,0.9
7.850,5,23643.6,13633.9,15.0,23627.7,13609.7,21.9,23650.3,13665.3,23.3,1.3
7.850,6,23547.5,13698.4,15.0,23535.4,13746.4,43.6,23563.7,13687.1,22.7,1.0
7.850,7,23043.3,15261.9,15.0,23056.0,15270.9,22.2,23054.8,15246.1,29.0,1.5
7.850,8,23653.0,15173.7,15.0,23642.9,15163.9,23.3,23637.7,15218.4,52.5,1.0
7.850,9,23543.2,13643.0,15.0,23529.9,13690.3,47.4,23558.6,13635.5,22.7,1.1
7.850,10,23522.9,14139.4,15.0,23531.6,14124.7,23.3,23507.5,14130.4,29.5,1.0
7.850,11,23604.0,14050.2,15.0,23621.1,14068.2,22.8,23593.6,14001.9,40.7,1.1
7.850,12,23485.3,14179.0,15.0,23496.7,14127.3,42.0,23467.2,14193.8,23.4,1.5
7.850,13,23608.1,13964.0,15.0,23625.3,13985.2,22.7,23598.6,13917.4,36.9,1.2
7.867,0,23556.2,15225.5,15.0,23570.0,15175.2,47.7,23540.0,15233.8,23.1,1.3
7.867,1,23436.3,15229.1,15.0,23463.1,15239.8,22.5,23417.0,15210.7,22.0,1.3
7.867,2,23407.8,15290.0,15.0,23401.5,15304.5,23.8,23427.1,15283.0,22.0,1.3
7.867,3,23349.6,15289.8,15.0,23375.1,15295.4,23.3,23330.5,15275.7,24.2,0.9
7.867,4,23589.8,13816.5,15.0,23573.8,13788.0,22.9,23596.6,13850.8,24.6,0.9
7.867,5,23643.6,13631.8,15.0,23627.4,13607.8,22.0,23650.6,13665.6,24.6,1.3
7.867,6,23547.5,13696.7,15.0,23534.8,13744.4,45.0,23563.3,13687.1,22.7,1.0
7.867,7,23040.9,15261.8,15.0,23056.6,15270.3,22.2,23046.2,15246.1,27.2,1.5
7.867,8,23653.9,15172.3,15.0,23642.8,15164.9,23.3,23644.9,15213.6,48.1,1.0
7.867,9,23543.2,13641.1,15.0,23529.3,13688.8,50.2,23558.1,13635.0,22.7,1.1
7.867,10,23522.9,14141.1,15.0,23531.0,14123.8,23.2,23507.6,14137.9,27.7,1.0
7.867,11,23604.0,14052.1,15.0,23620.9,14067.3,22.8,23592.8,14002.9,42.8,1.1
7.867,12,23485.3,14181.4,15.0,23497.5,14128.6,44.3,23467.4,14194.2,23.6,1.5
7.867,13,23608.1,13965.9,15.0,23625.3,13984.6,22.8,23597.9,13917.7,39.8,1.2
7.883,0,23556.2,15227.7,15.0,23570.7,15177.2,50.3,23540.4,15235.1,23.0,1.3
7.883,1,23434.1,15228.7,15.0,23462.8,15239.8,22.9,23414.1,15209.9,21.7,1.3
7.883,2,23405.6,15290.0,15.0,23392.4,15304.5,22.9,23427.5,15283.3,22.1,1.3
7.883,3,23348.2,15289.8,15.0,23375.5,15295.2,23.3,23324.7,15275.9,24.0,0.9
7.883,4,23589.8,13815.1,15.0,23573.5,13786.9,22.9,23596.9,13851.1,25.7,0.9
7.883,5,23643.6,13629.6,15.0,23627.0,13605.9,22.1,23651.0,13666.1,26.3,1.3
7.883,6,23547.5,13694.9,15.0,23534.3,13742.3,46.8,23562.9,13686.9,22.7,1.0
7.883,7,23038.4,15261.8,15.0,23057.2,15269.9,22.2,23036.5,15246.0,25.1,1.5
7.883,8,23654.8,15170.8,15.0,23642.9,15166.0,23.3,23651.6,15207.6,43.8,1.0
7.883,9,23543.2,13639.3,15.0,23528.8,13686.9,53.0,23557.6,13634.5,22.7,1.1
7.883,10,23522.9,14142.8,15.0,23530.5,14122.9,23.3,23507.8,14145.9,26.3,1.0
7.883,11,23604.0,14053.9,15.0,23620.7,14066.9,22.8,23592.2,14005.0,43.5,1.1
7.883,12,23485.3,14183.9,15.0,23498.2,14130.9,45.2,23467.6,14195.0,23.7,1.5
7.883,13,23608.1,13967.8,15.0,23625.2,13983.9,22.8,23597.1,13918.7,42.0,1.2
7.900,0,23556.2,15229.9,15.0,23571.3,15179.1,53.3,23540.9,15236.4,22.9,1.3
7.900,1,23431.9,15228.4,15.0,23463.0,15240.0,23.9,23411.7,15209.2,21.7,1.3
7.900,2,23403.4,15290.1,15.0,23385.9,15304.7,22.2,23427.7,15283.4,22.1,1.3
7.900,3,23346.8,15289.9,15.0,23375.9,15295.1,23.3,23319.8,15275.9,23.8,0.9
7.900,4,23589.8,13813.7,15.0,23573.2,13786.1,22.9,23597.2,13852.0,27.5,0.9
7.900,5,23643.6,13627.5,15.0,23626.7,13604.5,22.2,23651.5,13667.5,29.2,1.3
7.900,6,23547.5,13693.2,15.0,23533.7,13740.7,49.2,23562.5,13686.6,22.7,1.0
7.900,7,23036.0,15261.7,15.0,23057.8,15269.5,22.3,23026.4,15245.9,23.7,1.5
7.900,8,23655.5,15169.2,15.0,23643.2,15167.3,23.3,23657.5,15200.6,39.4,1.0
7.900,9,23543.2,13637.4,15.0,23528.6,13682.9,52.3,23557.1,13634.0,22.7,1.1
7.900,10,23522.9,14144.5,15.0,23530.1,14122.1,23.2,23507.9,14154.8,24.9,1.0
7.900,11,23604.0,14055.8,15.0,23620.4,14066.5,22.9,23591.6,14007.1,44.2,1.1
7.900,12,23485.3,14186.3,15.0,23499.0,14133.3,46.4,23467.9,14196.1,23.7,1.5
7.900,13,23608.1,13969.8,15.0,23624.9,13983.4,22.9,23596.4,13920.3,43.3,1.2
7.917,0,23556.2,15232.1,15.0,23571.6,15182.8,53.7,23541.4,15237.5,22.8,1.3
7.917,1,23429.7,15228.1,15.0,23463.2,15240.3,25.4,23409.6,15208.5,21.8,1.3
7.917,2,23401.2,15290.1,15.0,23380.2,15305.0,21.9,23427.7,15283.5,22.2,1.3
7.917,3,23345.4,15290.0,15.0,23376.1,15295.1,23.3,23315.4,15275.9,23.9,0.9
7.917,4,23589.8,13812.2,15.0,23572.9,13785.4,22.9,23597.7,13853.1,29.7,0.9
7.917,5,23643.6,13625.4,15.0,23626.5,13603.4,22.4,23652.2,13668.5,32.4,1.3
7.917,6,23547.5,13691.5,15.0,23533.2,13739.1,51.9,23562.0,13686.3,22.7,1.0
7.917,7,23033.6,15261.7,15.0,23058.1,15269.3,22.3,23019.2,15245.7,22.7,1.5
7.917,8,23656.2,15167.6,15.0,23643.7,15168.7,23.3,23662.4,15193.5,36.0,1.0
7.917,9,23543.2,13635.6,15.0,23528.4,13678.8,51.5,23556.5,13633.5,22.7,1.1
7.917,10,23522.9,14146.2,15.0,23529.8,14121.4,23.3,23508.0,14164.0,24.2,1.0
7.917,11,23604.0,14057.7,15.0,23620.0,14066.8,22.8,23591.0,14009.2,46.0,1.1
7.917,12,23485.3,14188.7,15.0,23499.6,14135.8,48.4,23468.3,14197.6,23.6,1.5
7.917,13,23608.1,13971.7,15.0,23624.7,13983.2,22.9,23595.8,13922.4,44.0,1.2
7.933,0,23556.2,15234.3,15.0,23571.9,15187.2,53.0,23541.9,15238.7,22.8,1.3
7.933,1,23427.5,15227.8,15.0,23464.3,15240.8,27.8,23407.9,15208.1,22.0,1.3
7.933,2,23399.0,15290.1,15.0,23377.3,15305.4,21.7,23427.5,15283.4,22.6,1.3
7.933,3,23344.0,15290.0,15.0,23376.1,15295.2,23.5,23313.6,15275.6,23.6,0.9
7.933,4,23589.8,13810.8,15.0,23572.7,13785.0,22.9,23598.2,13854.0,32.1,0.9
7.933,5,23643.6,13623.3,15.0,23626.4,13603.3,22.5,23652.9,13669.1,35.9,1.3
7.933,6,23547.5,13689.7,15.0,23532.9,13736.1,52.6,23561.5,13685.9,22.7,1.0
7.933,7,23031.2,15261.7,15.0,23058.4,15269.1,22.5,23012.1,15245.4,22.1,1.5
7.933,8,23656.7,15165.9,15.0,23644.4,15170.3,23.3,23665.8,15188.3,33.8,1.0
7.933,9,23543.2,13633.7,15.0,23528.5,13672.1,47.0,23555.9,13633.1,22.7,1.1
7.933,10,23522.9,14147.9,15.0,23529.6,14120.9,23.2,23507.9,14171.0,23.9,1.0
7.933,11,23604.0,14059.5,15.0,23619.6,14067.1,22.8,23590.4,14011.5,47.9,1.1
7.933,12,23485.3,14191.1,15.0,23500.3,14138.1,50.8,23468.6,14199.3,23.4,1.5
7.933,13,23608.1,13973.7,15.0,23624.3,13983.4,22.9,23595.2,13924.6,45.4,1.2
7.950,0,23556.2,15236.6,15.0,23571.8,15193.7,49.2,23542.5,15239.7,22.6,1.3
7.950,1,23425.3,15227.5,15.0,23465.4,15241.5,30.8,23406.3,15207.6,22.2,1.3
7.950,2,23396.8,15290.1,15.0,23374.5,15305.8,21.5,23427.3,15283.3,23.2,1.3
7.950,3,23342.6,15290.1,15.0,23376.1,15295.3,23.7,23311.7,15275.3,23.4,0.9
7.950,4,23589.8,13809.4,15.0,23572.6,13785.4,22.9,23598.7,13854.6,34.8,0.9
7.950,5,23643.6,13621.1,15.0,23626.4,13603.3,22.7,23653.7,13669.1,39.2,1.3
7.950,6,23547.5,13688.0,15.0,23532.7,13732.3,52.0,23561.0,13685.5,22.7,1.0
7.950,7,23028.8,15261.6,15.0,23058.2,15269.2,22.9,23008.8,15244.9,21.8,1.5
7.950,8,23657.1,15164.2,15.0,23645.3,15171.9,23.3,23668.7,15182.5,31.8,1.0
7.950,9,23543.2,13631.9,15.0,23528.7,13664.8,43.0,23555.2,13632.7,22.7,1.1
7.950,10,23522.9,14149.7,15.0,23529.6,14120.4,23.3,23507.7,14176.9,23.8,1.0
7.950,11,23604.0,14061.4,15.0,23619.1,14067.6,22.8,23589.8,14013.0,50.7,1.1
7.950,12,23485.3,14193.5,15.0,23501.0,14140.0,53.9,23469.1,14201.0,23.3,1.5
7.950,13,23608.1,13975.6,15.0,23623.9,13983.9,22.9,23594.6,13926.8,47.3,1.2
7.967,0,23556.2,15238.8,15.0,23571.7,15201.4,45.0,23543.2,15240.5,22.6,1.3
7.967,1,23423.1,15227.2,15.0,23466.0,15242.3,34.2,23405.8,15207.4,22.4,1.3
7.967,2,23394.5,15290.1,15.0,23372.4,15306.1,21.6,23427.6,15283.0,24.5,1.3
7.967,3,23341.1,15290.2,15.0,23376.4,15295.5,24.5,23310.3,15275.0,23.3,0.9
7.967,4,23589.8,13808.0,15.0,23572.5,13785.8,22.9,23599.3,13855.0,37.7,0.9
7.967,5,23643.6,13619.0,15.0,23626.5,13603.7,22.9,23654.5,13668.1,41.4,1.3
7.967,6,23547.5,13686.3,15.0,23532.7,13727.2,49.4,23560.4,13685.1,22.7,1.0
7.967,7,23026.4,15261.6,15.0,23058.1,15269.3,23.4,23005.7,15244.5,21.6,1.5
7.967,8,23657.3,15162.5,15.0,23646.4,15173.8,23.2,23670.8,15176.4,30.5,1.0
7.967,9,23543.2,13630.0,15.0,23528.9,13657.3,38.7,23554.6,13632.7,22.6,1.1
7.967,10,23522.9,14151.4,15.0,23529.6,14120.3,23.4,23507.3,14180.7,23.7,1.0
7.967,11,23604.0,14063.3,15.0,23618.6,14068.1,22.8,23589.3,14014.8,53.5,1.1
7.967,12,23485.3,14195.9,15.0,23501.5,14143.2,55.4,23469.5,14202.6,23.1,1.5
7.967,13,23608.1,13977.5,15.0,23623.5,13984.5,22.9,23594.0,13928.7,49.8,1.2
7.983,0,23556.2,15241.0,15.0,23571.5,15209.3,40.4,23543.9,15241.0,22.5,1.3
7.983,1,23420.9,15226.9,15.0,23466.4,15243.0,38.0,23405.5,15207.4,22.6,1.3
7.983,2,23392.3,15290.1,15.0,23370.4,15306.5,21.8,23428.2,15282.6,26.4,1.3
7.983,3,23339.7,15290.2,15.0,23376.8,15295.7,25.6,23309.2,15274.7,23.3,0.9
7.983,4,23589.8,13806.6,15.0,23572.5,13786.5,22.9,23599.9,13854.8,39.8,0.9
7.983,5,23643.6,13616.9,15.0,23626.7,13603.8,23.0,23655.2,13666.6,43.1,1.3
7.983,6,23547.5,13684.5,15.0,23532.8,13720.5,45.4,23559.8,13684.8,22.7,1.0
7.983,7,23023.9,15261.6,15.0,23058.5,15269.6,24.9,23003.1,15244.1,21.8,1.5
7.983,8,23657.4,15160.8,15.0,23647.9,15175.4,23.3,23672.3,15169.8,29.2,1.0
7.983,9,23543.2,13628.2,15.0,23529.1,13649.4,35.0,23553.9,13632.6,22.7,1.1
7.983,10,23522.9,14153.1,15.0,23529.7,14120.3,23.6,23506.9,14182.9,23.4,1.0
7.983,11,23604.0,14065.1,15.0,23618.1,14068.6,22.8,23589.1,14018.9,52.8,1.1
7.983,12,23485.3,14198.4,15.0,23501.7,14147.9,54.7,23470.1,14204.1,23.0,1.5
7.983,13,23608.1,13979.5,15.0,23623.0,13985.1,22.9,23593.4,13930.4,52.7,1.2
8.000,0,23556.2,15243.2,15.0,23571.3,15217.8,36.4,23544.6,15241.4,22.5,1.3
8.000,1,23418.7,15226.6,15.0,23465.5,15243.6,40.4,23405.5,15207.5,22.8,1.3
8.000,2,23390.1,15290.1,15.0,23368.8,15306.7,21.9,23429.4,15282.1,29.2,1.3
8.000,3,23338.3,15290.3,15.0,23377.3,15296.0,26.8,23308.1,15274.4,23.3,0.9
8.000,4,23589.8,13805.2,15.0,23572.6,13787.3,22.8,23600.5,13854.1,41.5,0.9
8.000,5,23643.6,13614.7,15.0,23626.9,13603.5,23.0,23655.9,13664.4,43.9,1.3
8.000,6,23547.5,13682.8,15.0,23533.0,13713.5,41.4,23559.2,13684.6,22.7,1.0
8.000,7,23021.5,15261.5,15.0,23059.1,15270.0,26.8,23000.7,15243.7,22.0,1.5
8.000,8,23657.4,15159.0,15.0,23649.6,15177.0,23.2,23672.7,15160.6,27.3,1.0
8.000,9,23543.2,13626.3,15.0,23529.0,13644.6,32.8,23553.2,13632.9,22.6,1.1
8.000,10,23522.9,14154.8,15.0,23529.9,14120.1,24.4,23506.4,14184.8,23.3,1.0
8.000,11,23604.0,14067.0,15.0,23617.5,14069.1,22.8,23588.9,14023.1,52.0,1.1
8.000,12,23485.3,14200.8,15.0,23501.8,14154.0,51.7,23470.7,14205.5,22.9,1.5
8.000,13,23608.1,13981.4,15.0,23622.5,13985.7,22.8,23593.1,13933.7,53.3,1.2
8.017,0,23556.2,15245.4,15.0,23571.3,15223.2,34.0,23545.3,15241.3,22.4,1.3
8.017,1,23416.5,15226.3,15.0,23464.4,15244.1,42.7,23405.5,15207.7,23.0,1.3
8.017,2,23387.9,15290.1,15.0,23367.8,15306.9,22.1,23430.2,15281.4,32.4,1.3
8.017,3,23336.9,15290.4,15.0,23378.6,15296.4,29.0,23307.4,15274.2,23.3,0.9
8.017,4,23589.8,13803.7,15.0,23572.7,13788.1,22.9,23601.1,13853.3,43.1,0.9
8.017,5,23643.6,13612.6,15.0,23627.3,13603.0,23.0,23656.5,13662.1,45.1,1.3
8.017,6,23547.5,13681.1,15.0,23533.2,13706.1,37.4,23558.5,13684.6,22.7,1.0
8.017,7,23019.1,15261.5,15.0,23060.6,15270.6,29.8,22998.8,15243.5,22.2,1.5
8.017,8,23657.3,15157.3,15.0,23651.5,15178.4,23.3,23672.1,15151.3,26.0,1.0
8.017,9,23543.2,13624.5,15.0,23528.9,13639.5,30.9,23552.5,13633.3,22.6,1.1
8.017,10,23522.9,14156.5,15.0,23530.2,14119.6,25.7,23506.0,14186.1,23.3,1.0
8.017,11,23604.0,14068.8,15.0,23616.9,14069.5,22.8,23589.1,14029.9,47.5,1.1
8.017,12,23485.3,14203.2,15.0,23501.6,14161.9,47.1,23471.3,14206.7,22.7,1.5
8.017,13,23608.1,13983.4,15.0,23621.9,13986.4,22.8,23592.9,13937.8,52.7,1.2
8.033,0,23556.2,15247.7,15.0,23571.4,15228.6,32.0,23546.1,15241.2,22.4,1.3
8.033,1,23414.3,15226.0,15.0,23462.1,15244.4,43.5,23405.0,15207.9,23.1,1.3
8.033,2,23385.7,15290.2,15.0,23367.5,15307.0,22.4,23430.7,15280.7,36.0,1.3
8.033,3,23335.5,15290.4,15.0,23379.7,15296.9,31.4,23306.8,15273.9,23.3,0.9
8.033,4,23589.8,13802.3,15.0,23572.9,13788.6,22.9,23601.6,13851.7,43.7,0.9
8.033,5,23643.6,13610.5,15.0,23627.6,13602.0,23.0,23657.1,13659.8,47.0,1.3
8.033,6,23547.5,13679.4,15.0,23533.3,13699.5,34.4,23557.8,13684.7,22.7,1.0
8.033,7,23016.7,15261.5,15.0,23061.7,15271.3,33.2,22997.3,15243.2,22.5,1.5
8.033,8,23657.0,15155.6,15.0,23653.5,15179.5,23.2,23670.0,15141.0,24.6,1.0
8.033,9,23543.2,13622.6,15.0,23528.9,13634.3,29.6,23551.8,13634.0,22.6,1.1
8.033,10,23522.9,14158.2,15.0,23530.6,14118.8,27.5,23505.6,14187.3,23.3,1.0
8.033,11,23604.0,14070.7,15.0,23616.2,14069.9,22.8,23589.2,14037.2,43.4,1.1
8.033,12,23485.3,14205.6,15.0,23501.4,14170.1,42.5,23472.1,14207.3,22.6,1.5
8.033,13,23608.1,13985.3,15.0,23621.3,13986.9,22.8,23592.9,13943.8,49.3,1.2
8.050,0,23556.2,15249.9,15.0,23571.5,15234.1,30.7,23546.8,15240.7,22.3,1.3
8.050,1,23412.1,15225.7,15.0,23459.8,15244.7,44.4,23404.5,15208.1,23.1,1.3
8.050,2,23383.4,15290.2,15.0,23367.3,15307.0,22.5,23430.3,15279.9,38.9,1.3
8.050,3,23334.1,15290.5,15.0,23380.6,15297.4,34.1,23306.8,15273.7,23.3,0.9
8.050,4,23589.8,13800.9,15.0,23573.2,13789.0,22.9,23602.0,13850.1,44.2,0.9
8.050,5,23643.6,13608.3,15.0,23628.0,13601.0,22.9,23657.7,13657.7,49.4,1.3
8.050,6,23547.5,13677.6,15.0,23533.2,13694.7,32.3,23557.2,13685.1,22.7,1.0
8.050,7,23014.3,15261.4,15.0,23062.4,15272.1,37.1,22996.7,15243.2,22.8,1.5
8.050,8,23656.6,15153.9,15.0,23655.8,15180.4,23.3,23666.6,15130.9,24.2,1.0
8.050,9,23543.2,13620.8,15.0,23528.8,13628.8,28.3,23551.2,13634.7,22.6,1.1
8.050,10,23522.9,14159.9,15.0,23531.2,14117.3,30.3,23505.3,14188.0,23.3,1.0
8.050,11,23604.0,14072.6,15.0,23615.5,14070.0,22.7,23589.4,14044.8,39.0,1.1
8.050,12,23485.3,14208.0,15.0,23501.2,14178.9,38.1,23472.8,14207.8,22.6,1.5
8.050,13,23608.1,13987.2,15.0,23620.7,13987.4,22.7,23593.0,13951.1,45.1,1.2
8.067,0,23556.2,15252.1,15.0,23571.5,15239.9,29.4,23547.5,15240.1,22.3,1.3
8.067,1,23409.9,15225.4,15.0,23457.4,15244.9,46.2,23403.3,15208.3,23.0,1.3
8.067,2,23381.2,15290.2,15.0,23367.4,15306.9,22.7,23429.3,15279.2,41.1,1.3
8.067,3,23332.7,15290.6,15.0,23381.3,15298.0,37.0,23307.4,15273.6,23.3,0.9
8.067,4,23589.8,13799.5,15.0,23573.4,13789.2,22.9,23602.5,13848.4,45.2,0.9
8.067,5,23643.6,13606.2,15.0,23628.5,13600.0,22.8,23658.3,13655.9,52.4,1.3
8.067,6,23547.5,13675.9,15.0,23533.1,13689.9,30.5,23556.5,13685.5,22.7,1.0
8.067,7,23011.9,15261.4,15.0,23062.2,15272.9,40.4,22996.2,15243.2,23.2,1.5
8.067,8,23656.1,15152.2,15.0,23658.1,15180.8,23.3,23663.2,15124.3,23.8,1.0
8.067,9,23543.2,13618.9,15.0,23528.9,13621.0,26.5,23550.7,13635.4,22.6,1.1
8.067,10,23522.9,14161.6,15.0,23531.8,14116.1,33.3,23505.1,14188.4,23.3,1.0
8.067,11,23604.0,14074.4,15.0,23614.8,14070.0,22.7,23589.6,14052.8,35.3,1.1
8.067,12,23485.3,14210.4,15.0,23501.2,14185.2,35.3,23473.6,14207.9,22.4,1.5
8.067,13,23608.1,13989.2,15.0,23620.0,13987.7,22.7,23593.2,13958.6,40.7,1.2
8.083,0,23556.2,15254.3,15.0,23571.4,15248.1,27.4,23548.1,15239.5,22.2,1.3
8.083,1,23407.7,15225.1,15.0,23455.0,15245.2,48.3,23402.0,15208.5,23.0,1.3
8.083,2,23379.0,15290.2,15.0,23367.1,15306.7,22.8,23427.5,15278.5,42.5,1.3
8.083,3,23331.2,15290.6,15.0,23381.8,15298.7,40.0,23307.9,15273.5,23.3,0.9
8.083,4,23589.8,13798.1,15.0,23573.8,13789.1,22.9,23603.0,13846.8,46.6,0.9
8.083,5,23643.6,13604.1,15.0,23629.0,13598.9,22.8,23658.7,13652.6,53.3,1.3
8.083,6,23547.5,13674.2,15.0,23533.1,13684.9,29.3,23555.9,13686.2,22.7,1.0
8.083,7,23009.4,15261.4,15.0,23061.2,15273.7,42.9,22996.0,15243.3,23.4,1.5
8.083,8,23655.5,15150.6,15.0,23660.4,15180.9,23.3,23659.1,15118.2,23.9,1.0
8.083,9,23543.2,13617.1,15.0,23529.0,13612.8,25.2,23550.2,13636.1,22.6,1.1
8.083,10,23522.9,14163.3,15.0,23532.5,14115.3,36.8,23504.9,14187.8,23.2,1.0
8.083,11,23604.0,14076.3,15.0,23614.1,14069.6,22.7,23589.5,14057.7,33.1,1.1
8.083,12,23485.3,14212.9,15.0,23501.4,14190.7,33.3,23474.4,14207.8,22.4,1.5
8.083,13,23608.1,13991.1,15.0,23619.3,13987.8,22.7,23593.4,13966.7,36.6,1.2
8.100,0,23556.2,15256.6,15.0,23571.3,15256.7,25.8,23548.6,15238.9,22.3,1.3
8.100,1,23405.5,15224.9,15.0,23453.2,15245.5,51.2,23400.7,15208.8,22.9,1.3
8.100,2,23376.8,15290.2,15.0,23366.6,15306.4,22.9,23425.2,15277.8,43.3,1.3
8.100,3,23329.8,15290.7,15.0,23381.2,15299.3,41.8,23308.9,15273.5,23.2,0.9
8.100,4,23589.8,13796.7,15.0,23574.1,13789.0,22.9,23603.4,13845.0,48.1,0.9
8.100,5,23643.6,13601.9,15.0,23629.5,13597.9,22.7,23658.9,13648.4,52.6,1.3
8.100,6,23547.5,13672.4,15.0,23533.1,13679.3,28.0,23555.3,13686.9,22.7,1.0
8.100,7,23007.0,15261.3,15.0,23059.3,15274.4,44.4,22995.4,15243.5,23.6,1.5
8.100,8,23654.7,15149.0,15.0,23662.6,15180.5,23.5,23655.9,15115.5,23.6,1.0
8.100,9,23543.2,13615.2,15.0,23529.2,13603.7,23.9,23549.9,13636.7,22.6,1.1
8.100,10,23522.9,14165.0,15.0,23533.3,14114.9,40.2,23504.8,14187.1,23.3,1.0
8.100,11,23604.0,14078.2,15.0,23613.4,14069.2,22.7,23589.4,14062.8,31.1,1.1
8.100,12,23485.3,14215.3,15.0,23501.4,14196.5,31.9,23475.2,14207.4,22.3,1.5
8.100,13,23608.1,13993.0,15.0,23618.6,13987.6,22.7,23593.4,13972.6,34.0,1.2
8.117,0,23556.2,15258.8,15.0,23571.2,15266.3,24.0,23549.0,15238.4,22.3,1.3
8.117,1,23403.3,15224.6,15.0,23450.7,15245.6,53.4,23399.3,15209.1,22.8,1.3
8.117,2,23374.6,15290.2,15.0,23365.7,15306.1,22.9,23422.9,15277.2,44.7,1.3
8.117,3,23328.4,15290.7,15.0,23380.6,15299.9,43.6,23309.8,15273.5,23.3,0.9
8.117,4,23589.8,13795.2,15.0,23574.5,13788.7,22.9,23603.9,13843.8,50.3,0.9
8.117,5,23643.6,13599.8,15.0,23630.1,13597.1,22.6,23658.9,13642.4,49.4,1.3
8.117,6,23547.5,13670.7,15.0,23533.2,13671.7,26.4,23554.8,13687.6,22.7,1.0
8.117,7,23004.6,15261.3,15.0,23057.0,15275.1,45.4,22994.5,15243.8,23.6,1.5
8.117,8,23653.8,15147.5,15.0,23664.8,15179.9,23.8,23652.7,15113.3,23.3,1.0
8.117,9,23543.2,13613.4,15.0,23529.2,13594.8,23.4,23549.6,13637.3,22.6,1.1
8.117,10,23522.9,14166.7,15.0,23534.0,14115.7,42.3,23504.9,14185.9,23.2,1.0
8.117,11,23604.0,14080.0,15.0,23612.7,14068.5,22.7,23589.4,14068.1,29.8,1.1
8.117,12,23485.3,14217.7,15.0,23501.5,14202.3,30.7,23475.9,14206.9,22.3,1.5
8.117,13,23608.1,13995.0,15.0,23617.9,13987.3,22.7,23593.3,13977.8,31.9,1.2
8.133,0,23556.0,15261.0,15.0,23569.9,15276.4,23.1,23550.9,15237.4,22.3,1.3
8.133,1,23401.1,15224.3,15.0,23446.4,15245.2,52.8,23398.1,15209.5,22.7,1.3
8.133,2,23372.4,15290.2,15.0,23364.5,15305.8,22.8,23420.5,15276.6,46.6,1.3
8.133,3,23327.0,15290.8,15.0,23379.5,15300.6,44.8,23310.6,15273.6,23.3,0.9
8.133,4,23589.8,13793.8,15.0,23574.8,13788.4,22.9,23604.4,13842.6,52.6,0.9
8.133,5,23643.6,13597.7,15.0,23630.7,13596.3,22.6,23658.8,13634.9,45.1,1.3
8.133,6,23547.5,13669.0,15.0,23533.3,13663.9,25.1,23554.4,13688.3,22.7,1.0
8.133,7,23002.2,15261.3,15.0,23054.6,15275.8,47.0,22993.1,15244.1,23.6,1.5
8.133,8,23652.8,15146.1,15.0,23667.3,15179.5,24.9,23649.6,15112.0,23.3,1.0
8.133,9,23543.2,13611.5,15.0,23529.0,13588.8,23.1,23549.5,13637.6,22.6,1.1
8.133,10,23522.9,14168.4,15.0,23534.7,14116.5,44.4,23505.1,14184.8,23.3,1.0
8.133,11,23604.0,14081.9,15.0,23612.1,14067.8,22.7,23589.4,14073.7,28.5,1.1
8.133,12,23485.3,14220.1,15.0,23501.3,14210.8,28.5,23476.6,14206.2,22.2,1.5
8.133,13,23608.1,13996.9,15.0,23617.2,13986.7,22.6,23593.3,13983.1,30.4,1.2
8.150,0,23555.7,15263.2,15.0,23567.9,15284.0,22.5,23552.9,15236.9,22.4,1.3
8.150,1,23398.9,15224.1,15.0,23441.3,15244.7,51.0,23396.9,15209.9,22.6,1.3
8.150,2,23370.1,15290.2,15.0,23363.2,15305.4,22.7,23418.6,15276.0,49.2,1.3
8.150,3,23325.6,15290.9,15.0,23377.9,15301.2,45.3,23311.1,15273.8,23.3,0.9
8.150,4,23589.8,13792.4,15.0,23575.3,13788.2,22.9,23604.7,13840.4,53.7,0.9
8.150,5,23643.6,13595.5,15.0,23631.4,13595.8,22.5,23658.6,13627.2,40.7,1.3
8.150,6,23547.5,13667.2,15.0,23533.4,13655.1,23.9,23554.1,13689.0,22.7,1.0
8.150,7,22999.8,15261.2,15.0,23052.0,15276.4,49.0,22991.5,15244.4,23.5,1.5
8.150,8,23651.7,15144.8,15.0,23669.8,15178.9,26.3,23646.5,15111.0,23.3,1.0
8.150,9,23543.2,13609.7,15.0,23528.8,13583.2,23.1,23549.4,13637.8,22.7,1.1
8.150,10,23522.9,14170.1,15.0,23535.3,14118.5,45.1,23505.3,14184.2,23.2,1.0
8.150,11,23604.0,14083.7,15.0,23611.6,14067.1,22.7,23589.5,14081.6,26.7,1.1
8.150,12,23485.3,14222.5,15.0,23501.2,14219.6,26.7,23477.1,14205.5,22.3,1.5
8.150,13,23608.1,13998.9,15.0,23616.5,13986.1,22.6,23593.2,13988.4,29.2,1.2
8.167,0,23555.2,15265.4,15.0,23565.4,15290.2,22.2,23554.9,15236.7,22.6,1.3
8.167,1,23396.7,15223.8,15.0,23434.2,15243.6,46.5,23395.8,15210.4,22.5,1.3
8.167,2,23367.9,15290.2,15.0,23362.0,15304.9,22.6,23416.6,15275.5,52.1,1.3
8.167,3,23324.2,15290.9,15.0,23376.3,15301.8,45.9,23311.7,15274.1,23.3,0.9
8.167,4,23589.8,13791.0,15.0,23575.7,13787.8,22.9,23604.8,13837.2,53.1,0.9
8.167,5,23643.6,13593.4,15.0,23632.1,13595.5,22.5,23658.4,13619.0,36.6,1.3
8.167,6,23547.5,13665.5,15.0,23533.5,13646.4,23.6,23553.8,13689.5,22.7,1.0
8.167,7,22997.4,15261.2,15.0,23050.0,15277.1,51.9,22989.8,15244.8,23.3,1.5
8.167,8,23650.6,15143.4,15.0,23671.4,15179.6,28.7,23645.1,15110.3,23.3,1.0
8.167,9,23543.2,13607.8,15.0,23528.4,13580.8,22.8,23549.5,13637.6,22.9,1.1
8.167,10,23522.9,14171.8,15.0,23536.0,14120.5,45.7,23505.6,14183.5,23.3,1.0
8.167,11,23604.0,14085.6,15.0,23611.1,14066.3,22.7,23589.6,14089.9,25.3,1.1
8.167,12,23485.3,14224.9,15.0,23501.1,14229.5,24.6,23477.6,14205.0,22.3,1.5
8.167,13,23608.1,14000.8,15.0,23615.9,13985.3,22.6,23593.3,13995.8,27.4,1.2
8.183,0,23554.6,15267.5,15.0,23563.0,15293.9,21.9,23556.9,15236.9,22.9,1.3
8.183,1,23394.5,15223.5,15.0,23426.6,15242.5,42.2,23395.1,15211.0,22.4,1.3
8.183,2,23365.7,15290.2,15.0,23360.7,15304.5,22.5,23412.8,15275.2,52.1,1.3
8.183,3,23322.7,15291.0,15.0,23374.6,15302.4,47.3,23311.7,15274.4,23.3,0.9
8.183,4,23589.8,13789.6,15.0,23576.2,13787.5,22.9,23605.0,13834.1,52.7,0.9
8.183,5,23643.6,13591.3,15.0,23632.9,13595.5,22.4,23658.4,13613.0,34.1,1.3
8.183,6,23547.5,13663.8,15.0,23533.3,13640.7,23.2,23553.7,13689.8,22.7,1.0
8.183,7,22994.9,15261.2,15.0,23048.0,15277.7,55.1,22988.0,15245.2,23.2,1.5
8.183,8,23649.5,15142.1,15.0,23671.7,15181.1,31.6,23645.0,15109.5,23.3,1.0
8.183,9,23543.2,13606.0,15.0,23527.9,13578.5,22.6,23549.7,13637.5,23.3,1.1
8.183,10,23522.9,14173.5,15.0,23536.6,14122.5,47.4,23506.0,14183.6,23.3,1.0
8.183,11,23604.0,14087.5,15.0,23610.8,14065.7,22.7,23589.7,14099.1,24.0,1.1
8.183,12,23485.3,14227.4,15.0,23501.1,14239.1,23.4,23477.9,14204.4,22.4,1.5
8.183,13,23608.1,14002.7,15.0,23615.4,13984.6,22.6,23593.4,14004.0,25.9,1.2
8.200,0,23553.7,15269.5,15.0,23560.4,15297.1,21.8,23559.1,15237.1,23.7,1.3
8.200,1,23392.3,15223.3,15.0,23418.6,15241.3,37.9,23394.6,15211.7,22.4,1.3
8.200,2,23363.5,15290.3,15.0,23359.5,15303.9,22.4,23408.5,15275.0,51.5,1.3
8.200,3,23321.3,15291.1,15.0,23372.9,15302.9,48.8,23311.7,15274.7,23.3,0.9
8.200,4,23589.8,13788.2,15.0,23576.7,13787.3,22.9,23604.9,13829.0,49.3,0.9
8.200,5,23643.6,13589.2,15.0,23633.6,13595.7,22.4,23658.5,13607.8,32.0,1.3
8.200,6,23547.5,13662.0,15.0,23533.1,13635.0,23.3,23553.6,13690.1,22.7,1.0
8.200,7,22992.5,15261.1,15.0,23043.6,15277.9,54.7,22986.5,15245.7,23.0,1.5
8.200,8,23648.4,15140.8,15.0,23671.6,15182.4,35.0,23645.4,15109.5,23.2,1.0
8.200,9,23543.2,13604.1,15.0,23527.5,13577.0,22.6,23549.9,13637.9,24.6,1.1
8.200,10,23522.9,14175.2,15.0,23537.1,14124.6,49.3,23506.4,14183.6,23.3,1.0
8.200,11,23604.0,14089.3,15.0,23610.5,14065.1,22.7,23589.8,14108.1,23.5,1.1
8.200,12,23485.3,14229.8,15.0,23501.3,14246.1,22.5,23478.1,14204.1,22.4,1.5
8.200,13,23608.1,14004.7,15.0,23615.0,13984.0,22.6,23593.6,14013.1,24.3,1.2
8.217,0,23552.8,15271.5,15.0,23557.7,15299.6,21.9,23561.4,15237.1,25.1,1.3
8.217,1,23390.1,15223.0,15.0,23411.6,15240.4,34.8,23394.2,15212.4,22.3,1.3
8.217,2,23361.3,15290.3,15.0,23358.5,15303.3,22.3,23401.8,15275.1,47.4,1.3
8.217,3,23319.9,15291.1,15.0,23371.4,15303.5,50.6,23311.6,15275.1,23.3,0.9
8.217,4,23589.8,13786.7,15.0,23577.2,13787.1,22.9,23604.8,13823.4,46.0,0.9
8.217,5,23643.6,13587.0,15.0,23634.3,13596.2,22.3,23658.5,13602.4,30.6,1.3
8.217,6,23547.5,13660.3,15.0,23532.7,13632.7,23.0,23553.7,13690.0,22.9,1.0
8.217,7,22990.1,15261.1,15.0,23039.0,15278.1,54.1,22985.0,15246.2,22.9,1.5
8.217,8,23647.2,15139.5,15.0,23671.3,15183.5,38.6,23646.0,15109.9,23.3,1.0
8.217,9,23543.2,13602.3,15.0,23527.1,13575.5,22.6,23550.3,13638.3,26.1,1.1
8.217,10,23522.9,14177.0,15.0,23537.7,14126.1,51.9,23506.9,14183.8,23.3,1.0
8.217,11,23604.0,14091.2,15.0,23610.4,14064.8,22.7,23589.6,14114.2,23.1,1.1
8.217,12,23485.3,14232.2,15.0,23501.6,14251.9,22.1,23478.2,14204.0,22.7,1.5
8.217,13,23608.1,14006.6,15.0,23614.7,13983.3,22.6,23593.7,14022.6,23.6,1.2
8.233,0,23551.7,15273.5,15.0,23554.9,15301.6,22.1,23564.0,15236.9,27.2,1.3
8.233,1,23387.9,15222.8,15.0,23406.4,15239.9,32.7,23394.2,15213.1,22.3,1.3
8.233,2,23359.1,15290.3,15.0,23357.7,15302.7,22.3,23394.3,15275.3,43.3,1.3
8.233,3,23318.5,15291.2,15.0,23370.2,15304.1,53.1,23311.4,15275.5,23.3,0.9
8.233,4,23589.8,13785.3,15.0,23577.7,13786.9,22.9,23604.6,13817.6,42.7,0.9
8.233,5,23643.6,13584.9,15.0,23635.0,13596.7,22.3,23658.6,13596.9,29.4,1.3
8.233,6,23547.5,13658.6,15.0,23532.3,13630.5,22.8,23553.8,13689.8,23.2,1.0
8.233,7,22987.7,15261.1,15.0,23031.5,15277.9,49.3,22983.6,15246.8,22.7,1.5
8.233,8,23646.1,15138.1,15.0,23670.4,15183.9,41.3,23646.8,15110.7,23.2,1.0
8.233,9,23543.2,13600.4,15.0,23526.8,13574.6,22.6,23550.8,13639.7,28.8,1.1
8.233,10,23522.9,14178.7,15.0,23538.3,14127.6,54.8,23507.4,14184.1,23.3,1.0
8.233,11,23604.0,14093.0,15.0,23610.3,14064.6,22.8,23589.3,14119.7,23.1,1.1
8.233,12,23485.3,14234.6,15.0,23502.0,14255.2,21.8,23478.1,14204.1,23.1,1.5
8.233,13,23608.1,14008.6,15.0,23614.5,13983.0,22.6,23593.5,14029.4,23.1,1.2
8.250,0,23550.4,15275.3,15.0,23552.1,15303.3,22.2,23566.9,15236.5,30.2,1.3
8.250,1,23385.7,15222.5,15.0,23401.1,15239.3,31.1,23394.4,15213.8,22.2,1.3
8.250,2,23356.8,15290.3,15.0,23357.1,15302.1,22.2,23386.6,15275.5,38.9,1.3
8.250,3,23317.1,15291.2,15.0,23368.9,15304.6,55.5,23311.3,15275.9,23.3,0.9
8.250,4,23589.8,13783.9,15.0,23578.3,13786.9,22.9,23604.5,13811.5,39.2,0.9
8.250,5,23643.6,13582.8,15.0,23635.6,13597.3,22.3,23658.5,13589.2,27.5,1.3
8.250,6,23547.5,13656.8,15.0,23531.9,13629.0,22.7,23554.1,13690.1,24.3,1.0
8.250,7,22985.3,15261.0,15.0,23023.4,15277.6,44.9,22982.8,15247.5,22.6,1.5
8.250,8,23645.0,15136.8,15.0,23669.1,15183.9,43.5,23647.5,15111.6,23.2,1.0
8.250,9,23543.2,13598.6,15.0,23526.6,13573.9,22.6,23551.4,13640.7,31.8,1.1
8.250,10,23522.9,14180.4,15.0,23538.6,14130.8,55.3,23507.9,14184.4,23.3,1.0
8.250,11,23604.0,14094.9,15.0,23610.4,14064.7,23.0,23588.9,14122.1,22.8,1.1
8.250,12,23485.3,14237.0,15.0,23502.4,14258.2,21.7,23477.9,14204.0,23.9,1.5
8.250,13,23608.1,14010.5,15.0,23614.4,13982.7,22.7,23593.3,14035.6,23.0,1.2
8.267,0,23549.0,15277.0,15.0,23549.6,15304.1,22.4,23569.8,15236.7,33.6,1.3
8.267,1,23383.4,15222.3,15.0,23395.6,15238.8,29.9,23394.8,15214.6,22.2,1.3
8.267,2,23354.6,15290.3,15.0,23356.7,15301.4,22.2,23378.4,15275.8,35.2,1.3
8.267,3,23315.7,15291.3,15.0,23366.0,15304.9,55.4,23311.0,15276.4,23.3,0.9
8.267,4,23589.8,13782.5,15.0,23578.8,13786.9,22.9,23604.3,13805.1,36.1,0.9
8.267,5,23643.6,13580.6,15.0,23636.1,13598.0,22.3,23658.4,13580.9,25.9,1.3
8.267,6,23547.5,13655.1,15.0,23531.5,13627.6,22.7,23554.4,13690.5,25.6,1.0
8.267,7,22982.9,15261.0,15.0,23015.1,15277.3,40.2,22982.2,15248.2,22.5,1.5
8.267,8,23643.9,15135.5,15.0,23667.4,15183.2,44.8,23648.0,15112.5,23.3,1.0
8.267,9,23543.2,13596.8,15.0,23526.4,13574.3,22.6,23552.2,13641.4,35.2,1.1
8.267,10,23522.9,14182.1,15.0,23538.8,14134.8,54.6,23508.5,14184.7,23.3,1.0
8.267,11,23604.0,14096.8,15.0,23610.5,14064.8,23.5,23588.5,14124.4,22.6,1.1
8.267,12,23485.3,14239.4,15.0,23502.7,14260.7,21.9,23477.6,14203.6,25.5,1.5
8.267,13,23608.1,14012.4,15.0,23614.5,13982.8,22.9,23592.9,14038.6,22.7,1.2
8.283,0,23547.5,15278.7,15.0,23547.5,15304.3,22.7,23572.6,15237.4,37.3,1.3
8.283,1,23381.2,15222.1,15.0,23388.6,15237.9,28.1,23395.3,15215.2,22.1,1.3
8.283,2,23352.4,15290.3,15.0,23356.7,15300.6,22.1,23373.4,15275.7,33.1,1.3
8.283,3,23314.3,15291.3,15.0,23362.8,15305.3,54.9,23310.8,15276.9,23.3,0.9
8.283,4,23589.8,13781.1,15.0,23579.4,13787.2,22.9,23604.3,13800.7,34.2,0.9
8.283,5,23643.6,13578.5,15.0,23636.5,13598.5,22.3,23658.3,13571.5,24.2,1.3
8.283,6,23547.5,13653.4,15.0,23531.2,13626.7,22.7,23554.8,13691.6,27.9,1.0
8.283,7,22980.4,15261.0,15.0,23006.9,15277.0,36.4,22981.8,15249.0,22.4,1.5
8.283,8,23642.8,15134.1,15.0,23665.5,15182.2,45.5,23648.3,15113.2,23.3,1.0
8.283,9,23543.2,13594.9,15.0,23526.3,13574.8,22.7,23552.9,13641.6,38.5,1.1
8.283,10,23522.9,14183.8,15.0,23538.8,14140.2,51.7,23509.1,14184.9,23.3,1.0
8.283,11,23604.0,14098.6,15.0,23610.8,14064.4,24.8,23588.1,14126.0,22.6,1.1
8.283,12,23485.3,14241.9,15.0,23503.0,14262.9,22.1,23477.2,14202.6,27.8,1.5
8.283,13,23608.1,14014.4,15.0,23614.6,13983.0,23.2,23592.5,14041.1,22.4,1.2
8.300,0,23545.9,15280.2,15.0,23545.5,15304.2,22.9,23574.7,15239.1,40.1,1.3
8.300,1,23379.0,15221.8,15.0,23380.5,15237.0,26.4,23395.8,15215.8,22.2,1.3
8.300,2,23350.2,15290.3,15.0,23356.7,15299.9,22.1,23368.1,15275.6,31.2,1.3
8.300,3,23312.8,15291.4,15.0,23358.9,15305.5,53.4,23310.6,15277.4,23.3,0.9
8.300,4,23589.8,13779.7,15.0,23579.9,13787.5,22.9,23604.4,13796.8,32.4,0.9
8.300,5,23643.6,13576.4,15.0,23636.8,13599.1,22.4,23658.2,13561.9,23.3,1.3
8.300,6,23547.5,13651.6,15.0,23530.9,13625.9,22.7,23555.4,13692.8,30.6,1.0
8.300,7,22978.0,15261.0,15.0,23001.5,15277.1,34.2,22981.8,15249.8,22.4,1.5
8.300,8,23641.7,15132.8,15.0,23663.6,15181.1,46.7,23648.3,15113.7,23.3,1.0
8.300,9,23543.2,13593.1,15.0,23526.4,13575.7,22.6,23553.6,13640.8,40.6,1.1
8.300,10,23522.9,14185.5,15.0,23538.6,14147.2,47.4,23509.7,14185.1,23.3,1.0
8.300,11,23604.0,14100.5,15.0,23611.2,14063.9,26.3,23587.7,14127.5,22.7,1.1
8.300,12,23485.3,14244.3,15.0,23503.3,14264.9,22.4,23476.6,14201.2,31.0,1.5
8.300,13,23608.1,14016.3,15.0,23614.9,13982.6,24.4,23592.1,14042.9,22.4,1.2
8.317,0,23544.1,15281.6,15.0,23543.7,15303.9,23.1,23576.4,15241.4,42.4,1.3
8.317,1,23376.8,15221.6,15.0,23371.5,15235.9,24.6,23396.3,15216.3,22.2,1.3
8.317,2,23348.0,15290.3,15.0,23357.2,15299.2,22.0,23362.7,15275.6,29.9,1.3
8.317,3,23311.4,15291.5,15.0,23353.3,15305.6,49.7,23310.5,15277.9,23.3,0.9
8.317,4,23589.8,13778.2,15.0,23580.5,13788.0,22.9,23604.4,13792.7,31.0,0.9
8.317,5,23643.6,13574.2,15.0,23637.0,13599.3,22.4,23658.4,13555.5,22.6,1.3
8.317,6,23547.5,13649.9,15.0,23530.7,13626.0,22.7,23556.1,13693.6,33.7,1.0
8.317,7,22975.6,15260.9,15.0,22995.9,15277.1,32.4,22982.0,15250.5,22.3,1.5
8.317,8,23640.6,15131.4,15.0,23661.6,15179.9,48.6,23648.0,15113.9,23.3,1.0
8.317,9,23543.2,13591.2,15.0,23526.6,13576.5,22.7,23554.3,13639.6,42.5,1.1
8.317,10,23522.9,14187.2,15.0,23538.4,14154.4,43.1,23510.4,14185.2,23.3,1.0
8.317,11,23604.0,14102.4,15.0,23611.7,14062.5,29.1,23587.4,14128.4,22.7,1.1
8.317,12,23485.3,14246.7,15.0,23503.4,14265.9,22.7,23475.8,14200.2,34.6,1.5
8.317,13,23608.1,14018.2,15.0,23615.2,13982.3,25.8,23591.7,14044.6,22.5,1.2
8.333,0,23542.3,15282.8,15.0,23541.7,15303.8,23.2,23577.4,15244.5,43.7,1.3
8.333,1,23374.6,15221.4,15.0,23362.0,15234.9,23.4,23396.7,15216.7,22.2,1.3
8.333,2,23345.7,15290.3,15.0,23357.6,15298.6,22.0,23356.8,15275.6,28.6,1.3
8.333,3,23310.0,15291.5,15.0,23347.3,15305.7,46.3,23310.3,15278.4,23.3,0.9
8.333,4,23589.8,13776.8,15.0,23581.0,13788.6,22.9,23604.5,13788.6,30.0,0.9
8.333,5,23643.6,13572.1,15.0,23637.1,13599.5,22.5,23658.6,13549.2,22.4,1.3
8.333,6,23547.5,13648.2,15.0,23530.6,13626.5,22.7,23556.8,13694.1,37.1,1.0
8.333,7,22973.2,15260.9,15.0,22990.2,15277.1,31.2,22982.5,15251.3,22.2,1.5
8.333,8,23639.5,15130.0,15.0,23659.8,15178.9,50.9,23647.7,15114.1,23.3,1.0
8.333,9,23543.2,13589.4,15.0,23526.9,13576.9,22.7,23554.9,13637.6,43.2,1.1
8.333,10,23522.9,14188.9,15.0,23538.2,14162.1,38.9,23511.1,14185.1,23.3,1.0
8.333,11,23604.0,14104.2,15.0,23612.4,14061.4,32.1,23587.1,14129.1,22.7,1.1
8.333,12,23485.3,14249.1,15.0,23503.5,14266.5,23.1,23474.9,14199.6,38.6,1.5
8.333,13,23608.1,14020.2,15.0,23615.7,13981.0,28.4,23591.3,14045.7,22.5,1.2
8.350,0,23540.4,15283.9,15.0,23539.7,15303.7,23.2,23577.8,15247.8,44.5,1.3
8.350,1,23372.4,15221.1,15.0,23354.7,15234.2,22.6,23397.0,15216.9,22.2,1.3
8.350,2,23343.5,15290.3,15.0,23358.1,15298.0,22.0,23348.8,15275.8,26.7,1.3
8.350,3,23308.6,15291.6,15.0,23341.2,15305.8,42.6,23310.4,15279.0,23.3,0.9
8.350,4,23589.8,13775.4,15.0,23581.5,13789.2,22.9,23604.5,13784.4,29.0,0.9
8.350,5,23643.6,13570.0,15.0,23637.0,13599.3,22.8,23659.0,13546.4,22.1,1.3
8.350,6,23547.5,13646.5,15.0,23530.6,13627.3,22.7,23557.5,13693.7,39.6,1.0
8.350,7,22970.8,15260.9,15.0,22983.2,15277.0,29.5,22983.0,15252.0,22.2,1.5
8.350,8,23638.5,15128.7,15.0,23658.2,15178.2,53.9,23647.2,15114.2,23.3,1.0
8.350,9,23543.2,13587.5,15.0,23527.2,13577.2,22.7,23555.5,13635.5,44.0,1.1
8.350,10,23522.9,14190.6,15.0,23538.1,14169.0,35.8,23511.8,14184.9,23.3,1.0
8.350,11,23604.0,14106.1,15.0,23613.1,14060.7,35.6,23586.9,14128.7,22.7,1.1
8.350,12,23485.3,14251.5,15.0,23503.4,14266.9,23.3,23474.1,14200.2,41.4,1.5
8.350,13,23608.1,14022.1,15.0,23616.3,13979.8,31.4,23591.1,14046.8,22.6,1.2
8.367,0,23538.4,15284.9,15.0,23537.1,15303.7,23.2,23578.1,15251.1,46.2,1.3
8.367,1,23370.2,15220.9,15.0,23348.1,15233.8,22.2,23397.2,15217.0,22.3,1.3
8.367,2,23341.3,15290.3,15.0,23358.6,15297.5,22.0,23340.4,15275.9,25.1,1.3
8.367,3,23307.2,15291.6,15.0,23334.8,15305.9,39.1,23310.5,15279.6,23.3,0.9
8.367,4,23589.8,13774.0,15.0,23581.9,13789.8,22.9,23604.4,13778.7,27.6,0.9
8.367,5,23643.6,13567.8,15.0,23636.9,13599.1,23.3,23659.4,13543.7,21.9,1.3
8.367,6,23547.5,13644.7,15.0,23530.7,13628.2,22.7,23558.2,13692.8,41.6,1.0
8.367,7,22968.4,15260.9,15.0,22974.6,15276.8,27.5,22983.7,15252.6,22.2,1.5
8.367,8,23637.4,15127.3,15.0,23656.1,15176.6,55.6,23646.7,15114.4,23.3,1.0
8.367,9,23543.2,13585.7,15.0,23527.6,13576.9,22.7,23556.1,13633.3,45.8,1.1
8.367,10,23522.9,14192.3,15.0,23538.2,14173.9,33.6,23512.5,14184.4,23.2,1.0
8.367,11,23604.0,14107.9,15.0,23613.9,14060.5,38.9,23586.9,14128.1,22.8,1.1
8.367,12,23485.3,14253.9,15.0,23503.3,14267.1,23.6,23473.3,14201.2,43.9,1.5
8.367,13,23608.1,14024.1,15.0,23617.1,13979.0,34.8,23590.9,14046.6,22.7,1.2
8.383,0,23536.3,15285.7,15.0,23534.5,15303.6,23.1,23578.0,15254.4,48.1,1.3
8.383,1,23368.0,15220.7,15.0,23344.6,15233.9,21.9,23397.0,15216.9,22.6,1.3
8.383,2,23339.1,15290.4,15.0,23359.0,15297.2,22.0,23331.0,15276.0,23.5,1.3
8.383,3,23305.8,15291.7,15.0,23328.6,15306.0,36.3,23310.7,15280.2,23.3,0.9
8.383,4,23589.8,13772.6,15.0,23582.4,13790.4,22.9,23604.3,13772.4,26.3,0.9
8.383,5,23643.6,13565.7,15.0,23636.6,13599.5,24.6,23659.8,13541.7,22.0,1.3
8.383,6,23547.5,13643.0,15.0,23530.9,13628.9,22.7,23558.8,13691.3,42.8,1.0
8.383,7,22965.9,15260.8,15.0,22965.4,15276.6,25.6,22984.2,15253.1,22.2,1.5
8.383,8,23636.3,15125.9,15.0,23653.3,15173.7,54.9,23646.1,15114.5,23.3,1.0
8.383,9,23543.2,13583.8,15.0,23528.0,13576.5,22.7,23556.7,13631.2,47.8,1.1
8.383,10,23522.9,14194.0,15.0,23538.3,14178.9,31.7,23513.2,14183.8,23.3,1.0
8.383,11,23604.0,14109.8,15.0,23614.6,14061.3,41.1,23587.0,14127.3,22.8,1.1
8.383,12,23485.3,14256.4,15.0,23503.0,14267.9,23.7,23472.5,14203.4,45.0,1.5
8.383,13,23608.1,14026.0,15.0,23617.8,13978.5,38.5,23590.8,14046.3,22.8,1.2
8.400,0,23534.2,15286.3,15.0,23531.9,15303.4,23.0,23578.2,15257.6,51.0,1.3
8.400,1,23365.8,15220.5,15.0,23341.5,15234.0,21.7,23396.8,15216.8,23.0,1.3
8.400,2,23336.9,15290.4,15.0,23359.4,15296.9,22.1,23322.6,15276.0,22.7,1.3
8.400,3,23304.3,15291.7,15.0,23324.6,15306.3,34.4,23311.1,15280.7,23.3,0.9
8.400,4,23589.8,13771.2,15.0,23582.7,13791.1,22.9,23604.3,13765.8,25.3,0.9
8.400,5,23643.6,13563.6,15.0,23636.2,13600.0,26.3,23660.2,13539.8,22.1,1.3
8.400,6,23547.5,13641.3,15.0,23531.2,13629.4,22.7,23559.4,13689.3,43.4,1.0
8.400,7,22963.5,15260.8,15.0,22955.3,15276.4,23.9,22984.8,15253.5,22.2,1.5
8.400,8,23635.3,15124.6,15.0,23650.2,15170.1,53.2,23645.4,15114.7,23.3,1.0
8.400,9,23543.2,13582.0,15.0,23528.4,13576.1,22.7,23557.3,13629.7,50.6,1.1
8.400,10,23522.9,14195.7,15.0,23538.3,14184.1,30.4,23513.9,14182.9,23.2,1.0
8.400,11,23604.0,14111.7,15.0,23615.3,14062.5,42.9,23587.1,14126.5,22.8,1.1
8.400,12,23485.3,14258.8,15.0,23502.7,14268.7,23.7,23471.8,14205.8,45.9,1.5
8.400,13,23608.1,14027.9,15.0,23618.6,13979.3,40.7,23590.9,14045.6,22.8,1.2
8.417,0,23532.0,15286.8,15.0,23529.3,15303.0,22.9,23578.2,15260.8,54.0,1.3
8.417,1,23363.6,15220.3,15.0,23339.3,15234.2,21.7,23397.0,15216.5,24.2,1.3
8.417,2,23334.7,15290.4,15.0,23359.5,15296.7,22.1,23316.1,15275.9,22.1,1.3
8.417,3,23302.9,15291.8,15.0,23320.5,15306.5,32.7,23311.5,15281.3,23.3,0.9
8.417,4,23589.8,13769.7,15.0,23583.0,13791.6,22.9,23604.2,13758.5,24.2,0.9
8.417,5,23643.6,13561.4,15.0,23635.7,13601.3,29.1,23660.4,13538.4,22.2,1.3
8.417,6,23547.5,13639.5,15.0,23531.5,13629.6,22.7,23559.9,13687.3,44.6,1.0
8.417,7,22961.1,15260.8,15.0,22947.2,15276.4,22.9,22985.2,15253.8,22.3,1.5
8.417,8,23634.2,15123.2,15.0,23645.9,15164.5,48.7,23644.8,15115.0,23.3,1.0
8.417,9,23543.2,13580.1,15.0,23528.9,13575.6,22.7,23557.7,13627.5,52.8,1.1
8.417,10,23522.9,14197.4,15.0,23538.4,14189.6,29.1,23514.5,14182.1,23.3,1.0
8.417,11,23604.0,14113.5,15.0,23615.9,14064.6,43.6,23587.4,14126.1,22.8,1.1
8.417,12,23485.3,14261.2,15.0,23502.4,14270.4,23.6,23471.1,14208.2,47.9,1.5
8.417,13,23608.1,14029.9,15.0,23619.3,13980.3,42.9,23591.0,14044.8,22.9,1.2
8.433,0,23529.8,15287.1,15.0,23526.8,15302.4,22.8,23575.9,15264.7,53.5,1.3
8.433,1,23361.3,15220.1,15.0,23337.2,15234.4,21.9,23397.3,15216.1,25.7,1.3
8.433,2,23332.4,15290.4,15.0,23359.5,15296.7,22.3,23311.1,15275.6,21.9,1.3
8.433,3,23301.5,15291.8,15.0,23316.2,15306.7,31.4,23312.2,15281.8,23.3,0.9
8.433,4,23589.8,13768.3,15.0,23583.2,13792.1,22.9,23604.1,13751.1,23.8,0.9
8.433,5,23643.6,13559.3,15.0,23635.0,13602.4,32.3,23660.7,13537.3,22.4,1.3
8.433,6,23547.5,13637.8,15.0,23531.9,13629.4,22.7,23560.5,13685.3,46.3,1.0
8.433,7,22958.7,15260.8,15.0,22940.3,15276.5,22.2,22985.4,15254.0,22.4,1.5
8.433,8,23633.2,15121.8,15.0,23641.4,15158.6,44.4,23644.3,15115.3,23.3,1.0
8.433,9,23543.2,13578.3,15.0,23529.5,13575.1,22.7,23557.9,13623.5,52.2,1.1
8.433,10,23522.9,14199.1,15.0,23538.2,14197.5,27.3,23515.0,14181.2,23.2,1.0
8.433,11,23604.0,14115.4,15.0,23616.5,14066.7,44.5,23587.7,14125.8,22.9,1.1
8.433,12,23485.3,14263.6,15.0,23502.1,14272.0,23.5,23470.4,14210.7,50.1,1.5
8.433,13,23608.1,14031.8,15.0,23620.0,13982.4,43.6,23591.3,14044.6,22.9,1.2
8.450,0,23527.6,15287.4,15.0,23525.3,15302.0,22.7,23571.9,15266.0,52.9,1.3
8.450,1,23359.1,15219.9,15.0,23335.6,15234.5,22.0,23398.7,15215.7,28.5,1.3
8.450,2,23330.2,15290.4,15.0,23359.2,15296.8,22.6,23308.2,15275.2,21.6,1.3
8.450,3,23300.1,15291.9,15.0,23311.9,15306.9,30.3,23312.9,15282.4,23.3,0.9
8.450,4,23589.8,13766.9,15.0,23583.4,13792.5,22.9,23604.2,13745.4,23.5,0.9
8.450,5,23643.6,13557.2,15.0,23634.3,13603.0,35.8,23660.8,13537.2,22.5,1.3
8.450,6,23547.5,13636.1,15.0,23532.3,13629.1,22.7,23561.0,13683.4,48.5,1.0
8.450,7,22956.3,15260.7,15.0,22936.2,15276.9,21.9,22985.3,15254.0,22.8,1.5
8.450,8,23632.1,15120.4,15.0,23636.8,15152.3,40.0,23643.8,15115.9,23.3,1.0
8.450,9,23543.2,13576.4,15.0,23530.1,13574.6,22.7,23558.1,13619.0,50.8,1.1
8.450,10,23522.9,14200.8,15.0,23538.1,14205.5,26.0,23515.5,14180.3,23.3,1.0
8.450,11,23604.0,14117.2,15.0,23617.1,14068.9,46.3,23588.1,14126.1,22.8,1.1
8.450,12,23485.3,14266.0,15.0,23501.6,14273.6,23.3,23469.8,14212.6,53.2,1.5
8.450,13,23608.1,14033.8,15.0,23620.6,13984.6,44.4,23591.6,14044.4,23.0,1.2
8.467,0,23525.4,15287.7,15.0,23524.3,15301.4,22.6,23564.7,15267.1,48.2,1.3
8.467,1,23356.9,15219.7,15.0,23334.0,15234.7,22.2,23399.9,15215.1,31.5,1.3
8.467,2,23328.0,15290.4,15.0,23359.2,15297.0,23.5,23305.7,15274.8,21.5,1.3
8.467,3,23298.7,15291.9,15.0,23307.3,15307.1,29.3,23313.6,15282.9,23.3,0.9
8.467,4,23589.8,13765.5,15.0,23583.5,13792.8,22.9,23604.3,13740.6,23.4,0.9
8.467,5,23643.6,13555.1,15.0,23633.5,13603.0,39.1,23660.8,13537.2,22.7,1.3
8.467,6,23547.5,13634.3,15.0,23532.8,13628.8,22.7,23561.6,13681.9,51.2,1.0
8.467,7,22953.9,15260.7,15.0,22932.8,15277.2,21.6,22985.2,15253.9,23.2,1.5
8.467,8,23631.1,15119.0,15.0,23632.2,15146.0,36.3,23643.3,15116.4,23.3,1.0
8.467,9,23543.2,13574.6,15.0,23530.7,13574.2,22.7,23557.9,13612.2,46.4,1.1
8.467,10,23522.9,14202.6,15.0,23538.0,14214.7,24.6,23515.8,14179.6,23.2,1.0
8.467,11,23604.0,14119.1,15.0,23617.7,14071.0,48.4,23588.5,14126.4,22.8,1.1
8.467,12,23485.3,14268.4,15.0,23501.2,14275.3,23.2,23469.2,14215.2,55.6,1.5
8.467,13,23608.1,14035.7,15.0,23621.2,13986.8,46.2,23592.0,14044.8,22.9,1.2
8.483,0,23523.2,15287.9,15.0,23523.4,15300.9,22.6,23557.1,15268.2,43.9,1.3
8.483,1,23354.7,15219.5,15.0,23333.8,15234.8,22.4,23400.6,15214.4,35.1,1.3
8.483,2,23325.8,15290.4,15.0,23359.4,15297.3,24.9,23303.5,15274.5,21.7,1.3
8.483,3,23297.3,15292.0,15.0,23300.8,15307.2,27.7,23314.4,15283.3,23.3,0.9
8.483,4,23589.8,13764.1,15.0,23583.5,13793.0,22.9,23604.5,13736.3,23.5,0.9
8.483,5,23643.6,13552.9,15.0,23632.7,13602.0,41.4,23660.7,13537.6,22.9,1.3
8.483,6,23547.5,13632.6,15.0,23533.2,13628.4,22.7,23562.0,13679.6,52.8,1.0
8.483,7,22951.4,15260.7,15.0,22930.2,15277.6,21.7,22985.5,15253.6,24.5,1.5
8.483,8,23630.1,15117.6,15.0,23629.1,15142.1,34.1,23643.1,15117.3,23.3,1.0
8.483,9,23543.2,13572.7,15.0,23531.3,13573.9,22.7,23557.8,13604.9,42.4,1.1
8.483,10,23522.9,14204.3,15.0,23537.9,14223.9,24.2,23516.1,14178.8,23.3,1.0
8.483,11,23604.0,14121.0,15.0,23618.3,14072.5,51.3,23589.0,14126.9,22.8,1.1
8.483,12,23485.3,14270.9,15.0,23500.7,14277.0,23.0,23468.9,14219.8,54.9,1.5
8.483,13,23608.1,14037.6,15.0,23621.8,13989.0,48.1,23592.4,14045.3,22.9,1.2
8.500,0,23521.0,15288.2,15.0,23522.8,15300.3,22.5,23549.2,15269.5,39.4,1.3
8.500,1,23352.5,15219.3,15.0,23333.6,15234.8,22.7,23400.9,15213.5,38.7,1.3
8.500,2,23323.6,15290.4,15.0,23360.3,15297.7,27.0,23301.6,15274.2,21.8,1.3
8.500,3,23295.9,15292.0,15.0,23294.2,15307.4,26.5,23315.2,15283.7,23.3,0.9
8.500,4,23589.8,13762.7,15.0,23583.4,13792.9,23.1,23604.9,13734.4,23.2,0.9
8.500,5,23643.6,13550.8,15.0,23632.0,13600.5,43.1,23660.5,13537.7,23.0,1.3
8.500,6,23547.5,13630.9,15.0,23533.8,13628.0,22.7,23562.2,13675.7,52.2,1.0
8.500,7,22949.0,15260.7,15.0,22927.8,15277.9,21.9,22985.9,15253.3,26.1,1.5
8.500,8,23629.1,15116.2,15.0,23625.9,15138.0,32.0,23642.8,15118.2,23.3,1.0
8.500,9,23543.2,13570.9,15.0,23532.0,13573.8,22.6,23557.6,13597.3,38.1,1.1
8.500,10,23522.9,14206.0,15.0,23538.1,14230.1,23.8,23516.3,14178.4,23.2,1.0
8.500,11,23604.0,14122.8,15.0,23618.8,14074.8,53.4,23589.5,14127.4,22.8,1.1
8.500,12,23485.3,14273.3,15.0,23500.1,14278.2,22.9,23468.8,14225.4,52.9,1.5
8.500,13,23608.1,14039.6,15.0,23622.4,13990.6,51.0,23592.8,14046.0,22.9,1.2
8.517,0,23518.8,15288.5,15.0,23522.5,15299.6,22.4,23541.3,15270.6,35.7,1.3
8.517,1,23350.3,15219.1,15.0,23333.7,15234.8,22.8,23399.9,15212.6,40.9,1.3
8.517,2,23321.3,15290.4,15.0,23361.4,15298.3,29.9,23300.1,15274.0,22.0,1.3
8.517,3,23294.4,15292.1,15.0,23287.0,15307.5,25.3,23315.9,15284.0,23.3,0.9
8.517,4,23589.8,13761.2,15.0,23583.3,13792.8,23.3,23605.2,13732.6,23.0,0.9
8.517,5,23643.6,13548.7,15.0,23631.3,13598.3,43.9,23660.2,13537.4,23.0,1.3
8.517,6,23547.5,13629.1,15.0,23534.4,13627.6,22.7,23562.3,13671.3,50.6,1.0
8.517,7,22946.6,15260.7,15.0,22925.8,15278.1,22.2,22987.4,15252.7,29.1,1.5
8.517,8,23628.0,15114.8,15.0,23622.8,15133.8,30.7,23642.7,15119.4,23.2,1.0
8.517,9,23543.2,13569.0,15.0,23532.7,13573.8,22.6,23557.4,13589.9,34.7,1.1
8.517,10,23522.9,14207.7,15.0,23538.3,14236.0,23.8,23516.3,14177.9,23.3,1.0
8.517,11,23604.0,14124.7,15.0,23619.0,14078.9,52.7,23590.1,14127.9,22.8,1.1
8.517,12,23485.3,14275.7,15.0,23499.4,14279.3,22.8,23469.0,14233.1,48.1,1.5
8.517,13,23608.1,14041.5,15.0,23622.9,13992.5,53.7,23593.3,14046.6,22.8,1.2
8.533,0,23516.6,15288.7,15.0,23522.5,15298.8,22.4,23536.2,15271.2,33.5,1.3
8.533,1,23348.1,15218.9,15.0,23333.7,15234.6,23.0,23398.7,15211.7,42.9,1.3
8.533,2,23319.1,15290.4,15.0,23362.2,15299.0,33.2,23299.3,15273.8,22.2,1.3
8.533,3,23293.0,15292.1,15.0,23279.3,15307.7,24.5,23316.5,15284.3,23.3,0.9
8.533,4,23589.8,13759.8,15.0,23583.2,13793.0,24.0,23605.6,13731.2,22.9,0.9
8.533,5,23643.6,13546.5,15.0,23630.7,13596.1,45.1,23659.9,13536.9,23.0,1.3
8.533,6,23547.5,13627.4,15.0,23535.0,13627.3,22.7,23562.1,13664.7,46.4,1.0
8.533,7,22944.2,15260.6,15.0,22924.0,15278.4,22.4,22988.6,15252.0,32.4,1.5
8.533,8,23627.0,15113.4,15.0,23619.5,15129.5,29.5,23642.7,15120.5,23.3,1.0
8.533,9,23543.2,13567.2,15.0,23533.4,13574.1,22.6,23557.5,13585.0,32.5,1.1
8.533,10,23522.9,14209.4,15.0,23538.7,14238.9,23.6,23516.3,14177.9,23.5,1.0
8.533,11,23604.0,14126.6,15.0,23619.1,14083.5,51.1,23590.7,14128.4,22.8,1.1
8.533,12,23485.3,14278.1,15.0,23498.7,14280.2,22.7,23469.1,14241.3,43.5,1.5
8.533,13,23608.1,14043.5,15.0,23623.1,13996.7,53.0,23593.9,14047.2,22.8,1.2
8.550,0,23514.4,15289.0,15.0,23522.6,15298.1,22.3,23530.8,15271.7,31.7,1.3
8.550,1,23345.9,15218.7,15.0,23333.3,15234.3,23.1,23396.5,15210.8,43.7,1.3
8.550,2,23316.9,15290.4,15.0,23362.6,15299.7,36.8,23299.0,15273.7,22.4,1.3
8.550,3,23291.6,15292.2,15.0,23271.7,15307.9,24.2,23317.1,15284.5,23.3,0.9
8.550,4,23589.8,13758.4,15.0,23582.9,13793.3,25.0,23605.9,13730.0,22.9,0.9
8.550,5,23643.6,13544.4,15.0,23630.1,13593.7,47.0,23659.6,13536.0,23.0,1.3
8.550,6,23547.5,13625.7,15.0,23535.6,13627.1,22.7,23562.0,13657.8,42.5,1.0
8.550,7,22941.8,15260.6,15.0,22923.4,15278.4,22.8,22989.4,15251.2,36.2,1.5
8.550,8,23626.0,15111.9,15.0,23615.0,15122.9,27.6,23642.7,15121.7,23.2,1.0
8.550,9,23543.2,13565.3,15.0,23534.1,13574.5,22.6,23557.6,13579.9,30.7,1.1
8.550,10,23522.9,14211.1,15.0,23539.1,14241.1,23.4,23516.2,14177.9,23.7,1.0
8.550,11,23604.0,14128.4,15.0,23618.9,14090.5,46.7,23591.3,14128.8,22.8,1.1
8.550,12,23485.3,14280.5,15.0,23498.0,14280.8,22.6,23469.3,14249.9,39.0,1.5
8.550,13,23608.1,14045.4,15.0,23623.3,14001.1,52.0,23594.4,14047.9,22.8,1.2
8.567,0,23512.2,15289.3,15.0,23523.0,15297.3,22.3,23525.3,15272.4,30.4,1.3
8.567,1,23343.6,15218.5,15.0,23332.7,15234.0,23.1,23394.2,15209.9,44.8,1.3
8.567,2,23314.7,15290.4,15.0,23362.0,15300.5,39.4,23298.9,15273.8,22.6,1.3
8.567,3,23290.2,15292.2,15.0,23266.8,15308.2,23.9,23317.5,15284.6,23.3,0.9
8.567,4,23589.8,13757.0,15.0,23582.6,13793.6,26.1,23606.2,13728.9,22.9,0.9
8.567,5,23643.6,13542.3,15.0,23629.5,13591.6,49.4,23659.2,13535.0,22.9,1.3
8.567,6,23547.5,13623.9,15.0,23536.2,13627.0,22.7,23561.8,13650.5,38.4,1.0
8.567,7,22939.4,15260.6,15.0,22922.8,15278.5,23.1,22989.6,15250.4,39.8,1.5
8.567,8,23625.0,15110.5,15.0,23610.3,15116.1,26.2,23642.8,15122.8,23.3,1.0
8.567,9,23543.2,13563.5,15.0,23534.7,13575.2,22.6,23557.6,13574.7,29.4,1.1
8.567,10,23522.9,14212.8,15.0,23539.6,14242.7,23.3,23515.9,14177.6,24.7,1.0
8.567,11,23604.0,14130.3,15.0,23618.8,14097.8,42.5,23592.0,14129.1,22.8,1.1
8.567,12,23485.3,14282.9,15.0,23497.2,14280.9,22.5,23469.4,14257.0,35.9,1.5
8.567,13,23608.1,14047.3,15.0,23623.2,14008.0,47.5,23595.1,14048.4,22.7,1.2
8.583,0,23509.9,15289.5,15.0,23523.5,15296.6,22.3,23519.0,15273.1,28.9,1.3
8.583,1,23341.4,15218.3,15.0,23331.6,15233.6,23.0,23391.9,15209.0,46.7,1.3
8.583,2,23312.5,15290.4,15.0,23360.9,15301.2,41.6,23299.0,15273.9,22.8,1.3
8.583,3,23288.8,15292.3,15.0,23261.9,15308.6,23.8,23317.9,15284.6,23.3,0.9
8.583,4,23589.8,13755.6,15.0,23582.2,13794.8,28.2,23606.5,13728.3,22.9,0.9
8.583,5,23643.6,13540.1,15.0,23628.9,13589.9,52.3,23658.7,13533.9,22.8,1.3
8.583,6,23547.5,13622.2,15.0,23536.9,13627.0,22.7,23561.6,13643.1,34.9,1.0
8.583,7,22936.9,15260.6,15.0,22922.6,15278.3,23.4,22988.6,15249.5,42.3,1.5
8.583,8,23624.0,15109.1,15.0,23605.2,15108.4,24.7,23642.9,15123.7,23.2,1.0
8.583,9,23543.2,13561.6,15.0,23535.3,13575.9,22.6,23557.6,13568.8,28.0,1.1
8.583,10,23522.9,14214.5,15.0,23540.0,14244.1,23.3,23515.6,14177.1,26.0,1.0
8.583,11,23604.0,14132.1,15.0,23618.6,14105.6,38.2,23592.6,14129.2,22.7,1.1
8.583,12,23485.3,14285.4,15.0,23496.4,14280.9,22.4,23469.3,14262.5,33.7,1.5
8.583,13,23608.1,14049.3,15.0,23623.0,14015.4,43.4,23595.7,14048.8,22.7,1.2
8.600,0,23507.7,15289.7,15.0,23524.0,15296.0,22.2,23510.8,15274.2,27.0,1.3
8.600,1,23339.2,15218.1,15.0,23330.4,15233.1,22.9,23389.8,15208.1,49.0,1.3
8.600,2,23310.3,15290.5,15.0,23358.8,15301.9,42.7,23298.6,15274.1,22.8,1.3
8.600,3,23287.4,15292.3,15.0,23258.5,15309.0,23.8,23318.1,15284.6,23.4,0.9
8.600,4,23589.8,13754.2,15.0,23581.8,13795.8,30.5,23606.7,13727.6,22.9,0.9
8.600,5,23643.6,13538.0,15.0,23628.5,13586.6,53.3,23658.2,13532.9,22.8,1.3
8.600,6,23547.5,13620.5,15.0,23537.6,13627.4,22.7,23561.7,13638.4,32.8,1.0
8.600,7,22934.5,15260.5,15.0,22922.1,15278.2,23.6,22987.1,15248.7,44.3,1.5
8.600,8,23623.0,15107.7,15.0,23599.9,15100.5,24.2,23643.0,15124.6,23.3,1.0
8.600,9,23543.2,13559.8,15.0,23535.9,13576.6,22.6,23557.5,13560.9,26.3,1.1
8.600,10,23522.9,14216.2,15.0,23540.3,14245.0,23.3,23515.2,14176.0,28.2,1.0
8.600,11,23604.0,14134.0,15.0,23618.4,14112.9,34.9,23593.3,14129.1,22.7,1.1
8.600,12,23485.3,14287.8,15.0,23495.6,14280.6,22.3,23469.2,14268.2,32.1,1.5
8.600,13,23608.1,14051.2,15.0,23622.8,14023.2,38.9,23596.4,14049.0,22.7,1.2
8.617,0,23505.5,15290.0,15.0,23524.6,15295.4,22.3,23502.1,15275.2,25.3,1.3
8.617,1,23337.0,15218.0,15.0,23329.3,15232.6,22.8,23388.0,15207.3,51.9,1.3
8.617,2,23308.0,15290.5,15.0,23356.6,15302.6,43.4,23298.1,15274.4,22.9,1.3
8.617,3,23285.9,15292.4,15.0,23256.7,15309.4,23.6,23318.0,15284.6,23.6,0.9
8.617,4,23589.8,13752.7,15.0,23581.2,13796.6,33.0,23606.9,13727.5,22.9,0.9
8.617,5,23643.6,13535.9,15.0,23628.3,13582.3,52.6,23657.7,13531.9,22.7,1.3
8.617,6,23547.5,13618.8,15.0,23538.2,13627.8,22.7,23561.8,13633.6,30.9,1.0
8.617,7,22932.1,15260.5,15.0,22921.3,15277.9,23.6,22984.8,15248.0,45.2,1.5
8.617,8,23622.1,15106.2,15.0,23596.1,15095.1,23.9,23643.1,15125.2,23.3,1.0
8.617,9,23543.2,13557.9,15.0,23536.3,13577.3,22.6,23557.4,13552.7,24.9,1.1
8.617,10,23522.9,14217.9,15.0,23540.6,14245.8,23.3,23514.6,14174.6,31.0,1.0
8.617,11,23604.0,14135.9,15.0,23618.5,14117.9,32.7,23594.1,14128.8,22.7,1.1
8.617,12,23485.3,14290.2,15.0,23494.9,14280.0,22.3,23469.2,14274.0,30.9,1.5
8.617,13,23608.1,14053.1,15.0,23622.6,14031.0,35.3,23597.1,14049.0,22.7,1.2
8.633,0,23503.3,15290.2,15.0,23525.1,15295.0,22.3,23492.5,15276.4,23.8,1.3
8.633,1,23334.8,15217.8,15.0,23328.0,15232.0,22.7,23385.0,15206.6,53.3,1.3
8.633,2,23305.8,15290.5,15.0,23354.2,15303.2,45.1,23297.0,15274.7,22.8,1.3
8.633,3,23284.5,15292.4,15.0,23254.8,15309.8,23.3,23318.0,15284.5,23.8,0.9
8.633,4,23589.8,13751.3,15.0,23580.6,13797.2,35.8,23607.0,13727.9,22.9,0.9
8.633,5,23643.6,13533.7,15.0,23628.3,13576.4,49.6,23657.1,13530.9,22.6,1.3
8.633,6,23547.5,13617.0,15.0,23538.8,13628.4,22.7,23561.8,13628.6,29.6,1.0
8.633,7,22929.7,15260.5,15.0,22920.1,15277.6,23.6,22982.4,15247.2,46.5,1.5
8.633,8,23621.1,15104.8,15.0,23592.6,15090.1,23.8,23643.2,15125.7,23.3,1.0
8.633,9,23543.2,13556.1,15.0,23536.6,13577.9,22.6,23557.3,13543.5,23.7,1.1
8.633,10,23522.9,14219.6,15.0,23540.9,14245.8,23.2,23513.9,14173.5,34.2,1.0
8.633,11,23604.0,14137.7,15.0,23618.6,14123.0,30.8,23594.7,14128.3,22.7,1.1
8.633,12,23485.3,14292.6,15.0,23494.2,14279.4,22.2,23469.3,14281.8,29.0,1.5
8.633,13,23608.1,14055.1,15.0,23622.7,14036.0,33.1,23597.8,14048.7,22.6,1.2
8.650,0,23501.1,15290.5,15.0,23525.4,15294.8,22.3,23484.3,15277.2,22.9,1.3
8.650,1,23332.6,15217.6,15.0,23326.8,15231.4,22.6,23380.6,15206.0,52.6,1.3
8.650,2,23303.6,15290.5,15.0,23351.8,15303.8,47.0,23295.9,15275.1,22.8,1.3
8.650,3,23283.1,15292.5,15.0,23253.7,15310.2,23.3,23318.4,15284.2,24.8,0.9
8.650,4,23589.8,13749.9,15.0,23580.0,13797.5,38.7,23607.1,13728.4,22.9,0.9
8.650,5,23643.6,13531.6,15.0,23628.4,13569.0,45.3,23656.5,13530.2,22.6,1.3
8.650,6,23547.5,13615.3,15.0,23539.4,13629.1,22.7,23561.9,13623.6,28.5,1.0
8.650,7,22927.3,15260.5,15.0,22918.4,15277.2,23.5,22979.9,15246.5,48.6,1.5
8.650,8,23620.1,15103.4,15.0,23590.6,15087.6,23.7,23643.2,15125.8,23.5,1.0
8.650,9,23543.2,13554.2,15.0,23536.9,13578.4,22.6,23557.3,13535.0,23.4,1.1
8.650,10,23522.9,14221.3,15.0,23541.0,14245.2,23.2,23513.2,14172.8,37.7,1.0
8.650,11,23604.0,14139.6,15.0,23618.6,14128.3,29.5,23595.4,14127.6,22.7,1.1
8.650,12,23485.3,14295.0,15.0,23493.6,14278.8,22.3,23469.4,14290.5,27.1,1.5
8.650,13,23608.1,14057.0,15.0,23622.8,14041.2,31.2,23598.6,14048.3,22.7,1.2
8.667,0,23498.9,15290.7,15.0,23525.6,15294.6,22.4,23477.7,15277.7,22.4,1.3
8.667,1,23330.4,15217.4,15.0,23326.0,15230.8,22.6,23374.9,15205.5,49.9,1.3
8.667,2,23301.4,15290.5,15.0,23350.0,15304.4,49.8,23294.6,15275.5,22.7,1.3
8.667,3,23281.7,15292.5,15.0,23252.6,15310.5,23.3,23318.8,15284.0,25.9,0.9
8.667,4,23589.8,13748.5,15.0,23579.5,13796.9,40.4,23607.0,13729.2,22.8,0.9
8.667,5,23643.6,13529.5,15.0,23628.6,13561.3,40.9,23655.8,13529.7,22.5,1.3
8.667,6,23547.5,13613.6,15.0,23540.0,13629.8,22.7,23561.7,13616.2,26.8,1.0
8.667,7,22924.9,15260.5,15.0,22916.8,15276.8,23.3,22977.7,15245.8,51.2,1.5
8.667,8,23619.1,15101.9,15.0,23589.0,15085.9,23.4,23643.2,15125.8,23.7,1.0
8.667,9,23543.2,13552.4,15.0,23537.0,13578.7,22.6,23557.5,13529.0,23.1,1.1
8.667,10,23522.9,14223.0,15.0,23541.0,14244.4,23.2,23512.4,14172.7,40.7,1.0
8.667,11,23604.0,14141.5,15.0,23618.6,14134.4,28.1,23596.0,14126.9,22.7,1.1
8.667,12,23485.3,14297.4,15.0,23493.1,14278.1,22.3,23469.5,14300.3,25.0,1.5
8.667,13,23608.1,14059.0,15.0,23622.8,14046.5,29.9,23599.2,14047.7,22.6,1.2
8.683,0,23496.7,15290.9,15.0,23525.6,15294.7,22.6,23473.0,15277.8,22.1,1.3
8.683,1,23328.1,15217.3,15.0,23325.1,15230.1,22.5,23367.5,15205.0,45.5,1.3
8.683,2,23299.2,15290.5,15.0,23348.0,15305.0,52.6,23293.3,15275.9,22.6,1.3
8.683,3,23280.3,15292.6,15.0,23251.7,15310.9,23.3,23319.6,15283.6,27.5,0.9
8.683,4,23589.8,13747.1,15.0,23578.9,13796.3,42.1,23607.0,13730.0,22.9,0.9
8.683,5,23643.6,13527.4,15.0,23628.8,13553.1,36.7,23655.1,13529.4,22.5,1.3
8.683,6,23547.5,13611.8,15.0,23540.4,13630.6,22.7,23561.6,13608.5,25.5,1.0
8.683,7,22922.4,15260.4,15.0,22915.1,15276.4,23.2,22975.7,15245.2,54.3,1.5
8.683,8,23618.2,15100.5,15.0,23587.8,15084.6,23.3,23643.5,15126.1,24.7,1.0
8.683,9,23543.2,13550.6,15.0,23537.0,13578.9,22.7,23557.7,13524.0,23.0,1.1
8.683,10,23522.9,14224.7,15.0,23540.9,14243.3,23.2,23511.7,14173.5,42.8,1.0
8.683,11,23604.0,14143.3,15.0,23618.5,14142.4,26.4,23596.5,14126.2,22.7,1.1
8.683,12,23485.3,14299.9,15.0,23492.7,14277.5,22.4,23469.5,14310.5,23.7,1.5
8.683,13,23608.1,14060.9,15.0,23622.9,14052.4,28.5,23599.9,14047.0,22.6,1.2
8.700,0,23494.5,15291.2,15.0,23525.4,15294.8,23.0,23470.1,15277.6,21.8,1.3
8.700,1,23325.9,15217.1,15.0,23324.5,15229.4,22.4,23359.7,15204.5,41.1,1.3
8.700,2,23297.0,15290.5,15.0,23343.7,15305.2,51.9,23292.1,15276.4,22.5,1.3
8.700,3,23278.9,15292.6,15.0,23251.1,15311.2,23.3,23320.8,15283.1,29.8,0.9
8.700,4,23589.8,13745.7,15.0,23578.3,13795.2,43.3,23606.8,13730.7,22.9,0.9
8.700,5,23643.6,13525.2,15.0,23628.8,13547.0,34.1,23654.3,13529.4,22.4,1.3
8.700,6,23547.5,13610.1,15.0,23540.8,13631.2,22.7,23561.5,13599.9,24.1,1.0
8.700,7,22920.0,15260.4,15.0,22913.5,15275.9,23.0,22971.9,15244.8,54.9,1.5
8.700,8,23617.2,15099.0,15.0,23586.7,15083.6,23.3,23643.9,15126.4,26.1,1.0
8.700,9,23543.2,13548.7,15.0,23536.9,13578.7,23.0,23558.2,13521.6,22.7,1.1
8.700,10,23522.9,14226.4,15.0,23540.8,14242.3,23.3,23511.0,14174.6,44.6,1.0
8.700,11,23604.0,14145.2,15.0,23618.4,14150.8,25.0,23597.0,14125.4,22.7,1.1
8.700,12,23485.3,14302.3,15.0,23492.5,14277.3,22.4,23469.4,14317.5,22.7,1.5
8.700,13,23608.1,14062.8,15.0,23622.7,14060.5,26.7,23600.4,14046.3,22.6,1.2
8.717,0,23492.3,15291.4,15.0,23525.6,15295.0,24.0,23467.6,15277.5,21.8,1.3
8.717,1,23323.7,15216.9,15.0,23324.2,15228.6,22.4,23351.5,15204.1,37.0,1.3
8.717,2,23294.7,15290.5,15.0,23339.1,15305.4,50.9,23290.9,15277.0,22.4,1.3
8.717,3,23277.4,15292.7,15.0,23250.5,15311.4,23.3,23321.9,15282.6,32.3,0.9
8.717,4,23589.8,13744.2,15.0,23577.9,13793.5,43.8,23606.6,13731.1,22.9,0.9
8.717,5,23643.6,13523.1,15.0,23628.7,13541.8,32.1,23653.6,13529.6,22.4,1.3
8.717,6,23547.5,13608.4,15.0,23541.1,13631.8,22.7,23561.4,13591.0,23.6,1.0
8.717,7,22917.6,15260.4,15.0,22911.9,15275.4,22.9,22967.3,15244.5,54.3,1.5
8.717,8,23616.3,15097.5,15.0,23586.0,15082.8,23.3,23644.9,15127.2,28.3,1.0
8.717,9,23543.2,13546.9,15.0,23536.8,13578.7,23.5,23558.6,13519.5,22.6,1.1
8.717,10,23522.9,14228.2,15.0,23540.5,14241.6,23.2,23510.4,14176.6,45.2,1.0
8.717,11,23604.0,14147.0,15.0,23618.3,14160.1,23.8,23597.3,14124.8,22.7,1.1
8.717,12,23485.3,14304.7,15.0,23492.4,14277.0,22.6,23469.1,14324.3,22.2,1.5
8.717,13,23608.1,14064.8,15.0,23622.6,14068.9,25.2,23600.9,14045.6,22.6,1.2
8.733,0,23490.1,15291.6,15.0,23526.0,15295.4,25.5,23465.4,15277.3,21.9,1.3
8.733,1,23321.5,15216.8,15.0,23324.2,15227.9,22.3,23345.2,15203.6,34.3,1.3
8.733,2,23292.5,15290.5,15.0,23332.0,15305.3,46.5,23289.8,15277.6,22.3,1.3
8.733,3,23276.0,15292.7,15.0,23250.8,15311.5,23.3,23322.6,15282.0,35.1,0.9
8.733,4,23589.8,13742.8,15.0,23577.4,13791.9,44.4,23606.3,13731.6,22.9,0.9
8.733,5,23643.6,13521.0,15.0,23628.6,13536.4,30.6,23652.9,13530.0,22.3,1.3
8.733,6,23547.5,13606.6,15.0,23541.2,13632.1,22.7,23561.5,13584.6,23.3,1.0
8.733,7,22915.2,15260.4,15.0,22910.8,15274.7,22.8,22960.5,15244.5,50.3,1.5
8.733,8,23615.4,15096.1,15.0,23585.4,15082.2,23.3,23646.0,15128.2,31.2,1.0
8.733,9,23543.2,13545.0,15.0,23536.5,13579.1,24.8,23559.0,13517.9,22.6,1.1
8.733,10,23522.9,14229.9,15.0,23540.2,14241.1,23.3,23509.8,14178.5,46.1,1.0
8.733,11,23604.0,14148.9,15.0,23618.3,14168.5,23.4,23597.6,14124.3,22.7,1.1
8.733,12,23485.3,14307.1,15.0,23492.5,14277.1,23.0,23468.7,14327.6,21.9,1.5
8.733,13,23608.1,14066.7,15.0,23622.5,14078.3,23.9,23601.2,14044.9,22.6,1.2
8.750,0,23487.9,15291.8,15.0,23527.1,15295.8,27.9,23463.7,15277.1,22.1,1.3
8.750,1,23319.3,15216.6,15.0,23324.3,15227.2,22.2,23339.9,15203.1,32.2,1.3
8.750,2,23290.3,15290.5,15.0,23324.5,15305.2,42.4,23289.1,15278.2,22.3,1.3
8.750,3,23274.6,15292.7,15.0,23251.4,15311.6,23.3,23323.2,15281.4,38.0,0.9
8.750,4,23589.8,13741.4,15.0,23576.9,13790.3,45.7,23606.0,13731.5,22.9,0.9
8.750,5,23643.6,13518.8,15.0,23628.6,13531.0,29.4,23652.2,13530.6,22.3,1.3
8.750,6,23547.5,13604.9,15.0,23541.3,13632.4,22.7,23561.8,13578.9,23.2,1.0
8.750,7,22912.8,15260.4,15.0,22909.7,15274.1,22.7,22952.5,15244.5,45.9,1.5
8.750,8,23614.4,15094.6,15.0,23585.3,15082.3,23.3,23647.0,15128.9,34.5,1.0
8.750,9,23543.2,13543.2,15.0,23536.1,13579.7,26.5,23559.4,13516.5,22.6,1.1
8.750,10,23522.9,14231.6,15.0,23539.8,14241.2,23.3,23509.2,14180.6,47.9,1.0
8.750,11,23604.0,14150.8,15.0,23618.5,14174.6,23.1,23597.7,14124.0,22.7,1.1
8.750,12,23485.3,14309.5,15.0,23492.6,14277.2,23.6,23468.3,14330.6,21.7,1.5
8.750,13,23608.1,14068.7,15.0,23622.5,14087.0,23.4,23601.5,14044.4,22.7,1.2
8.767,0,23485.6,15292.0,15.0,23528.4,15296.3,30.9,23462.1,15277.0,22.3,1.3
8.767,1,23317.1,15216.4,15.0,23324.8,15226.5,22.2,23334.5,15202.6,30.8,1.3
8.767,2,23288.1,15290.5,15.0,23316.7,15305.0,38.1,23288.7,15278.9,22.2,1.3
8.767,3,23273.2,15292.8,15.0,23252.0,15311.6,23.3,23323.3,15280.7,40.6,0.9
8.767,4,23589.8,13740.0,15.0,23576.4,13788.6,47.1,23605.7,13731.4,22.9,0.9
8.767,5,23643.6,13516.7,15.0,23628.7,13523.2,27.5,23651.6,13531.2,22.3,1.3
8.767,6,23547.5,13603.2,15.0,23541.2,13632.4,22.9,23562.1,13575.7,23.1,1.0
8.767,7,22910.4,15260.4,15.0,22908.9,15273.3,22.5,22944.3,15244.7,41.1,1.5
8.767,8,23613.5,15093.1,15.0,23585.5,15082.8,23.3,23647.9,15129.2,38.1,1.0
8.767,9,23543.2,13541.3,15.0,23535.6,13581.0,29.2,23559.7,13515.6,22.6,1.1
8.767,10,23522.9,14233.3,15.0,23539.4,14241.2,23.3,23508.6,14182.6,49.8,1.0
8.767,11,23604.0,14152.6,15.0,23618.8,14179.4,23.1,23597.7,14123.8,22.8,1.1
8.767,12,23485.3,14311.9,15.0,23492.9,14276.7,25.1,23468.0,14333.2,21.8,1.5
8.767,13,23608.1,14070.6,15.0,23622.7,14093.2,23.0,23601.6,14044.1,22.7,1.2
8.783,0,23483.4,15292.2,15.0,23529.3,15297.0,34.4,23461.6,15276.9,22.5,1.3
8.783,1,23314.9,15216.3,15.0,23325.3,15225.8,22.2,23329.0,15202.2,29.6,1.3
8.783,2,23285.9,15290.5,15.0,23309.2,15304.9,34.7,23288.3,15279.6,22.1,1.3
8.783,3,23271.8,15292.8,15.0,23253.0,15311.5,23.2,23322.6,15280.2,42.4,0.9
8.783,4,23589.8,13738.6,15.0,23576.0,13787.0,48.8,23605.4,13731.3,22.9,0.9
8.783,5,23643.6,13514.6,15.0,23628.8,13515.0,26.0,23651.1,13531.9,22.3,1.3
8.783,6,23547.5,13601.4,15.0,23541.1,13632.3,23.1,23562.5,13573.5,22.8,1.0
8.783,7,22907.9,15260.3,15.0,22908.5,15272.6,22.5,22935.4,15244.8,37.0,1.5
8.783,8,23612.6,15091.7,15.0,23586.0,15083.4,23.2,23648.4,15128.9,41.0,1.0
8.783,9,23543.2,13539.5,15.0,23534.9,13582.0,32.3,23559.9,13515.1,22.6,1.1
8.783,10,23522.9,14235.0,15.0,23538.9,14241.5,23.3,23508.0,14184.1,52.6,1.0
8.783,11,23604.0,14154.5,15.0,23619.2,14181.8,22.8,23597.6,14124.0,23.1,1.1
8.783,12,23485.3,14314.4,15.0,23493.3,14276.0,27.1,23467.7,14335.6,22.0,1.5
8.783,13,23608.1,14072.5,15.0,23623.0,14098.4,22.9,23601.7,14043.9,22.8,1.2
8.800,0,23481.2,15292.5,15.0,23529.8,15297.9,38.2,23461.3,15276.8,22.8,1.3
8.800,1,23312.6,15216.1,15.0,23325.9,15225.2,22.1,23321.4,15201.7,27.7,1.3
8.800,2,23283.6,15290.5,15.0,23304.0,15305.0,32.6,23288.3,15280.3,22.1,1.3
8.800,3,23270.4,15292.9,15.0,23253.9,15311.4,23.3,23322.0,15279.6,44.2,0.9
8.800,4,23589.8,13737.2,15.0,23575.5,13785.8,51.1,23605.0,13731.0,22.9,0.9
8.800,5,23643.6,13512.4,15.0,23628.9,13505.7,24.2,23650.7,13532.4,22.3,1.3
8.800,6,23547.5,13599.7,15.0,23540.9,13632.4,24.0,23562.9,13571.8,22.7,1.0
8.800,7,22905.5,15260.3,15.0,22908.6,15271.8,22.4,22930.0,15244.7,34.7,1.5
8.800,8,23611.7,15090.2,15.0,23586.8,15084.2,23.2,23648.4,15128.0,43.2,1.0
8.800,9,23543.2,13537.6,15.0,23534.2,13582.6,35.7,23560.1,13515.5,22.6,1.1
8.800,10,23522.9,14236.7,15.0,23538.4,14241.7,23.3,23507.5,14185.6,55.6,1.0
8.800,11,23604.0,14156.3,15.0,23619.6,14184.0,22.6,23597.4,14123.9,23.7,1.1
8.800,12,23485.3,14316.8,15.0,23493.9,14274.5,30.2,23467.4,14337.4,22.3,1.5
8.800,13,23608.1,14074.5,15.0,23623.4,14100.9,22.6,23601.6,14044.1,23.0,1.2
8.817,0,23479.0,15292.7,15.0,23529.1,15298.8,40.7,23461.5,15276.8,22.9,1.3
8.817,1,23310.4,15216.0,15.0,23326.5,15224.7,22.2,23313.1,15201.2,26.1,1.3
8.817,2,23281.4,15290.5,15.0,23298.7,15305.1,30.9,23288.5,15281.0,22.0,1.3
8.817,3,23268.9,15292.9,15.0,23254.5,15311.2,23.3,23320.5,15279.1,45.0,0.9
8.817,4,23589.8,13735.7,15.0,23575.1,13784.5,53.4,23604.6,13730.7,22.9,0.9
8.817,5,23643.6,13510.3,15.0,23629.0,13496.0,23.3,23650.4,13532.9,22.4,1.3
8.817,6,23547.5,13598.0,15.0,23540.6,13632.8,25.2,23563.3,13570.4,22.7,1.0
8.817,7,22903.1,15260.3,15.0,22908.6,15271.0,22.3,22924.4,15244.5,32.7,1.5
8.817,8,23610.7,15088.7,15.0,23587.5,15084.8,23.3,23648.2,15126.7,44.8,1.0
8.817,9,23543.2,13535.8,15.0,23533.5,13582.6,38.8,23560.1,13516.0,22.7,1.1
8.817,10,23522.9,14238.4,15.0,23537.8,14242.0,23.3,23507.3,14189.4,55.1,1.0
8.817,11,23604.0,14158.2,15.0,23620.1,14185.5,22.6,23597.1,14123.5,25.0,1.1
8.817,12,23485.3,14319.2,15.0,23494.6,14273.4,33.7,23467.2,14338.8,22.6,1.5
8.817,13,23608.1,14076.4,15.0,23623.8,14103.2,22.4,23601.4,14044.1,23.6,1.2
8.833,0,23476.8,15292.9,15.0,23528.1,15299.7,43.0,23461.6,15276.9,23.1,1.3
8.833,1,23308.2,15215.8,15.0,23327.1,15224.3,22.2,23303.7,15200.7,24.2,1.3
8.833,2,23279.2,15290.5,15.0,23293.3,15305.2,29.7,23288.9,15281.7,22.0,1.3
8.833,3,23267.5,15293.0,15.0,23255.0,15310.9,23.3,23318.9,15278.7,45.5,0.9
8.833,4,23589.8,13734.3,15.0,23574.9,13781.7,53.5,23604.2,13730.4,22.9,0.9
8.833,5,23643.6,13508.2,15.0,23628.8,13489.5,22.6,23650.2,13533.2,22.4,1.3
8.833,6,23547.5,13596.2,15.0,23540.2,13633.7,27.2,23563.7,13569.3,22.7,1.0
8.833,7,22900.7,15260.3,15.0,22909.1,15270.2,22.2,22918.7,15244.4,31.4,1.5
8.833,8,23609.8,15087.2,15.0,23588.1,15085.1,23.3,23647.5,15124.8,45.4,1.0
8.833,9,23543.2,13533.9,15.0,23532.7,13581.8,40.9,23560.0,13516.9,22.7,1.1
8.833,10,23522.9,14240.1,15.0,23537.2,14242.4,23.3,23507.1,14193.3,54.5,1.0
8.833,11,23604.0,14160.1,15.0,23620.4,14186.9,22.7,23596.7,14122.8,26.8,1.1
8.833,12,23485.3,14321.6,15.0,23495.5,14272.7,37.6,23467.1,14339.5,22.9,1.5
8.833,13,23608.1,14078.4,15.0,23624.2,14104.9,22.5,23601.1,14043.7,25.0,1.2
8.850,0,23474.6,15293.1,15.0,23526.0,15300.6,43.9,23461.3,15277.2,23.2,1.3
8.850,1,23306.0,15215.7,15.0,23327.6,15224.0,22.2,23294.0,15200.2,23.2,1.3
8.850,2,23277.0,15290.5,15.0,23286.9,15305.2,28.2,23289.4,15282.3,22.0,1.3
8.850,3,23266.1,15293.0,15.0,23255.4,15310.6,23.3,23317.2,15278.2,46.3,0.9
8.850,4,23589.8,13732.9,15.0,23574.7,13778.6,53.0,23603.7,13730.1,22.9,0.9
8.850,5,23643.6,13506.0,15.0,23628.6,13483.2,22.4,23650.1,13533.4,22.5,1.3
8.850,6,23547.5,13594.5,15.0,23539.7,13634.9,29.8,23564.0,13568.5,22.7,1.0
8.850,7,22898.3,15260.3,15.0,22909.7,15269.5,22.2,22912.3,15244.4,30.0,1.5
8.850,8,23609.0,15085.7,15.0,23588.6,15085.2,23.3,23646.8,15122.9,46.5,1.0
8.850,9,23543.2,13532.1,15.0,23532.1,13580.5,42.6,23559.8,13517.7,22.7,1.1
8.850,10,23522.9,14241.8,15.0,23536.6,14242.6,23.3,23507.2,14199.5,50.6,1.0
8.850,11,23604.0,14161.9,15.0,23620.7,14187.8,22.7,23596.2,14121.5,29.6,1.1
8.850,12,23485.3,14324.0,15.0,23496.3,14273.0,40.8,23467.2,14339.8,23.3,1.5
8.850,13,23608.1,14080.3,15.0,23624.6,14106.3,22.5,23600.7,14043.0,26.8,1.2
8.867,0,23472.4,15293.3,15.0,23523.8,15301.6,44.7,23460.9,15277.5,23.2,1.3
8.867,1,23303.8,15215.5,15.0,23327.8,15223.8,22.3,23287.5,15199.6,22.5,1.3
8.867,2,23274.8,15290.6,15.0,23278.8,15305.1,26.4,23289.9,15282.9,22.0,1.3
8.867,3,23264.7,15293.0,15.0,23255.4,15310.3,23.3,23315.5,15277.8,47.8,0.9
8.867,4,23589.8,13731.5,15.0,23574.6,13774.9,51.7,23603.2,13729.8,22.9,0.9
8.867,5,23643.6,13503.9,15.0,23628.2,13480.4,22.1,23650.2,13533.2,22.8,1.3
8.867,6,23547.5,13592.8,15.0,23539.0,13635.8,32.8,23564.2,13568.3,22.7,1.0
8.867,7,22895.9,15260.3,15.0,22910.3,15268.9,22.2,22903.9,15244.4,28.0,1.5
8.867,8,23608.1,15084.2,15.0,23588.9,15084.9,23.3,23646.1,15120.9,48.3,1.0
8.867,9,23543.2,13530.2,15.0,23531.4,13578.4,43.3,23559.6,13518.1,22.7,1.1
8.867,10,23522.9,14243.5,15.0,23536.0,14242.8,23.3,23507.3,14206.5,46.4,1.0
8.867,11,23604.0,14163.8,15.0,23621.0,14188.2,22.7,23595.5,14120.5,32.7,1.1
8.867,12,23485.3,14326.4,15.0,23497.1,14274.0,43.3,23467.3,14340.1,23.5,1.5
8.867,13,23608.1,14082.2,15.0,23624.9,14107.4,22.6,23600.1,14041.7,29.6,1.2
8.883,0,23470.2,15293.5,15.0,23521.5,15302.5,46.6,23459.8,15277.9,23.2,1.3
8.883,1,23301.6,15215.4,15.0,23328.1,15223.7,22.4,23281.1,15198.9,22.2,1.3
8.883,2,23272.6,15290.6,15.0,23270.1,15305.0,24.7,23290.4,15283.4,22.0,1.3
8.883,3,23263.3,15293.1,15.0,23255.3,15309.9,23.3,23313.8,15277.4,49.3,0.9
8.883,4,23589.8,13730.1,15.0,23574.7,13769.5,48.2,23602.7,13729.6,22.9,0.9
8.883,5,23643.6,13501.8,15.0,23627.8,13477.6,21.9,23650.3,13533.0,23.2,1.3
8.883,6,23547.5,13591.1,15.0,23538.3,13636.4,36.2,23564.3,13568.8,22.7,1.0
8.883,7,22893.5,15260.2,15.0,22910.9,15268.3,22.2,22894.8,15244.5,26.0,1.5
8.883,8,23607.2,15082.7,15.0,23589.2,15084.5,23.3,23645.5,15119.1,50.5,1.0
8.883,9,23543.2,13528.4,15.0,23530.8,13576.3,44.3,23559.2,13518.2,22.7,1.1
8.883,10,23522.9,14245.2,15.0,23535.3,14242.8,23.2,23507.5,14213.9,42.1,1.0
8.883,11,23604.0,14165.7,15.0,23621.1,14187.8,22.7,23594.8,14119.8,36.3,1.1
8.883,12,23485.3,14328.9,15.0,23497.9,14275.9,44.8,23467.5,14340.7,23.7,1.5
8.883,13,23608.1,14084.2,15.0,23625.1,14108.0,22.6,23599.5,14040.6,32.8,1.2
8.900,0,23467.9,15293.7,15.0,23519.2,15303.4,48.7,23458.7,15278.4,23.1,1.3
8.900,1,23299.3,15215.3,15.0,23327.8,15223.7,22.7,23278.2,15198.4,21.9,1.3
8.900,2,23270.3,15290.6,15.0,23260.7,15304.9,23.3,23290.8,15283.7,22.0,1.3
8.900,3,23261.9,15293.1,15.0,23255.1,15309.6,23.3,23312.4,15277.0,51.5,0.9
8.900,4,23589.8,13728.7,15.0,23574.9,13763.8,44.9,23602.2,13729.4,22.9,0.9
8.900,5,23643.6,13499.6,15.0,23627.4,13475.6,22.0,23650.6,13533.4,24.6,1.3
8.900,6,23547.5,13589.3,15.0,23537.6,13636.3,39.1,23564.3,13569.4,22.7,1.0
8.900,7,22891.0,15260.2,15.0,22911.5,15267.9,22.2,22884.8,15244.5,24.2,1.5
8.900,8,23606.3,15081.2,15.0,23589.5,15083.9,23.3,23645.1,15117.7,53.4,1.0
8.900,9,23543.2,13526.5,15.0,23530.3,13574.1,46.0,23558.9,13518.0,22.7,1.1
8.900,10,23522.9,14246.9,15.0,23534.6,14242.7,23.3,23507.7,14221.7,38.0,1.0
8.900,11,23604.0,14167.5,15.0,23621.1,14187.2,22.8,23594.0,14119.9,39.3,1.1
8.900,12,23485.3,14331.3,15.0,23498.6,14278.3,45.7,23467.8,14341.6,23.7,1.5
8.900,13,23608.1,14086.1,15.0,23625.3,14107.7,22.7,23598.7,14040.0,36.3,1.2
8.917,0,23465.7,15293.8,15.0,23517.4,15304.2,51.7,23457.5,15278.9,23.0,1.3
8.917,1,23297.1,15215.1,15.0,23327.6,15223.8,23.2,23275.4,15197.8,21.7,1.3
8.917,2,23268.1,15290.6,15.0,23252.9,15305.0,22.6,23291.1,15283.9,22.1,1.3
8.917,3,23260.5,15293.2,15.0,23254.9,15309.2,23.3,23311.2,15276.5,53.9,0.9
8.917,4,23589.8,13727.2,15.0,23575.0,13758.0,41.4,23601.7,13729.3,22.9,0.9
8.917,5,23643.6,13497.5,15.0,23627.0,13473.7,22.1,23650.9,13533.8,26.2,1.3
8.917,6,23547.5,13587.6,15.0,23536.9,13635.5,41.1,23564.3,13570.4,22.7,1.0
8.917,7,22888.6,15260.2,15.0,22911.9,15267.6,22.3,22876.1,15244.4,23.1,1.5
8.917,8,23605.4,15079.7,15.0,23589.8,15083.4,23.3,23644.3,15115.8,55.7,1.0
8.917,9,23543.2,13524.7,15.0,23529.7,13572.1,48.2,23558.4,13517.6,22.7,1.1
8.917,10,23522.9,14248.6,15.0,23533.9,14242.3,23.2,23507.8,14227.8,35.2,1.0
8.917,11,23604.0,14169.4,15.0,23621.0,14186.3,22.8,23593.3,14120.8,41.5,1.1
8.917,12,23485.3,14333.7,15.0,23499.3,14280.7,47.5,23468.1,14343.0,23.6,1.5
8.917,13,23608.1,14088.0,15.0,23625.3,14107.2,22.8,23598.0,14040.1,39.4,1.2
8.933,0,23463.5,15294.0,15.0,23515.1,15305.0,54.1,23456.3,15279.5,22.9,1.3
8.933,1,23294.9,15215.0,15.0,23328.0,15224.1,24.6,23273.2,15197.3,21.8,1.3
8.933,2,23265.9,15290.6,15.0,23246.5,15305.2,22.1,23291.3,15284.1,22.1,1.3
8.933,3,23259.0,15293.2,15.0,23254.7,15308.7,23.3,23309.5,15276.2,55.8,0.9
8.933,4,23589.8,13725.8,15.0,23575.2,13751.8,38.1,23601.1,13729.3,22.9,0.9
8.933,5,23643.6,13495.4,15.0,23626.7,13472.3,22.2,23651.5,13535.2,29.0,1.3
8.933,6,23547.5,13585.9,15.0,23536.3,13634.2,42.6,23564.1,13571.2,22.7,1.0
8.933,7,22886.2,15260.2,15.0,22912.2,15267.5,22.4,22869.1,15244.2,22.3,1.5
8.933,8,23604.6,15078.2,15.0,23590.1,15082.7,23.3,23642.4,15112.4,55.0,1.0
8.933,9,23543.2,13522.8,15.0,23529.1,13570.5,51.1,23558.0,13517.1,22.7,1.1
8.933,10,23522.9,14250.3,15.0,23533.2,14241.8,23.2,23507.7,14232.7,33.1,1.0
8.933,11,23604.0,14171.2,15.0,23620.8,14185.6,22.8,23592.6,14122.1,43.1,1.1
8.933,12,23485.3,14336.1,15.0,23500.0,14283.3,49.5,23468.5,14344.6,23.5,1.5
8.933,13,23608.1,14090.0,15.0,23625.2,14106.5,22.8,23597.2,14041.0,41.6,1.2
8.950,0,23461.3,15294.2,15.0,23510.7,15305.7,53.4,23455.2,15280.1,22.8,1.3
8.950,1,23292.7,15214.8,15.0,23328.5,15224.5,26.3,23271.1,15196.9,21.9,1.3
8.950,2,23263.7,15290.6,15.0,23242.4,15305.6,21.8,23291.1,15284.1,22.4,1.3
8.950,3,23257.6,15293.3,15.0,23254.4,15308.3,23.3,23306.3,15276.1,55.2,0.9
8.950,4,23589.8,13724.4,15.0,23575.3,13745.7,35.3,23600.6,13729.4,22.9,0.9
8.950,5,23643.6,13493.3,15.0,23626.5,13471.2,22.3,23652.1,13536.2,32.2,1.3
8.950,6,23547.5,13584.1,15.0,23535.7,13632.3,43.3,23563.8,13571.7,22.7,1.0
8.950,7,22883.8,15260.2,15.0,22912.2,15267.4,22.7,22864.1,15243.8,22.0,1.5
8.950,8,23603.7,15076.7,15.0,23590.5,15082.1,23.3,23640.2,15108.7,53.8,1.0
8.950,9,23543.2,13521.0,15.0,23528.7,13568.1,52.7,23557.5,13516.6,22.7,1.1
8.950,10,23522.9,14252.0,15.0,23532.5,14241.2,23.2,23507.6,14237.8,31.4,1.0
8.950,11,23604.0,14173.1,15.0,23620.6,14185.2,22.8,23592.0,14124.2,43.7,1.1
8.950,12,23485.3,14338.5,15.0,23500.7,14285.2,52.5,23468.9,14346.3,23.4,1.5
8.950,13,23608.1,14091.9,15.0,23625.0,14106.0,22.9,23596.5,14042.4,43.2,1.2
8.967,0,23459.1,15294.4,15.0,23505.7,15306.3,51.7,23454.1,15280.7,22.7,1.3
8.967,1,23290.5,15214.7,15.0,23329.7,15225.1,29.2,23269.6,15196.5,22.1,1.3
8.967,2,23261.5,15290.6,15.0,23239.4,15306.0,21.6,23290.8,15284.0,22.7,1.3
8.967,3,23256.2,15293.3,15.0,23254.1,15307.8,23.3,23303.0,15276.1,54.7,0.9
8.967,4,23589.8,13723.0,15.0,23575.3,13741.8,33.6,23600.0,13729.7,22.9,0.9
8.967,5,23643.6,13491.1,15.0,23626.4,13471.1,22.5,23652.9,13536.9,35.8,1.3
8.967,6,23547.5,13582.4,15.0,23535.1,13630.3,44.1,23563.5,13572.0,22.7,1.0
8.967,7,22881.4,15260.2,15.0,22912.1,15267.5,23.1,22860.8,15243.4,21.7,1.5
8.967,8,23602.8,15075.2,15.0,23590.9,15081.6,23.3,23636.6,15102.9,49.2,1.0
8.967,9,23543.2,13519.1,15.0,23528.5,13564.0,52.1,23556.9,13516.1,22.7,1.1
8.967,10,23522.9,14253.7,15.0,23531.9,14240.3,23.2,23507.6,14242.9,30.1,1.0
8.967,11,23604.0,14175.0,15.0,23620.2,14185.1,22.8,23591.4,14126.3,44.8,1.1
8.967,12,23485.3,14340.9,15.0,23501.3,14287.3,55.7,23469.3,14348.0,23.2,1.5
8.967,13,23608.1,14093.9,15.0,23624.7,14105.7,22.9,23595.9,14044.5,43.9,1.2
8.983,0,23456.9,15294.6,15.0,23498.4,15306.8,47.2,23453.2,15281.4,22.6,1.3
8.983,1,23288.3,15214.6,15.0,23330.7,15225.8,32.3,23268.4,15196.3,22.3,1.3
8.983,2,23259.3,15290.6,15.0,23237.0,15306.3,21.6,23290.9,15283.8,23.8,1.3
8.983,3,23254.8,15293.3,15.0,23253.9,15307.3,23.3,23298.4,15276.2,52.1,0.9
8.983,4,23589.8,13721.6,15.0,23575.2,13737.8,31.9,23599.5,13730.1,22.9,0.9
8.983,5,23643.6,13489.0,15.0,23626.4,13471.1,22.7,23653.7,13536.9,39.1,1.3
8.983,6,23547.5,13580.7,15.0,23534.6,13628.2,45.8,23563.1,13571.8,22.7,1.0
8.983,7,22879.0,15260.2,15.0,22912.3,15267.7,24.2,22858.1,15243.0,21.7,1.5
8.983,8,23602.0,15073.7,15.0,23591.4,15081.0,23.3,23632.7,15096.8,45.1,1.0
8.983,9,23543.2,13517.3,15.0,23528.4,13559.1,50.1,23556.3,13515.7,22.7,1.1
8.983,10,23522.9,14255.5,15.0,23531.3,14239.5,23.2,23507.6,14249.2,28.6,1.0
8.983,11,23604.0,14176.8,15.0,23619.8,14185.4,22.8,23590.8,14128.5,46.7,1.1
8.983,12,23485.3,14343.4,15.0,23501.6,14291.8,55.0,23469.8,14349.5,23.1,1.5
8.983,13,23608.1,14095.8,15.0,23624.4,14105.8,22.9,23595.3,14046.7,45.1,1.2
9.000,0,23454.7,15294.8,15.0,23490.6,15307.3,42.9,23452.7,15282.2,22.5,1.3
9.000,1,23286.0,15214.4,15.0,23331.3,15226.5,35.9,23268.1,15196.2,22.5,1.3
9.000,2,23257.0,15290.6,15.0,23234.9,15306.7,21.7,23291.2,15283.5,25.2,1.3
9.000,3,23253.4,15293.4,15.0,23253.7,15306.8,23.3,23292.7,15276.5,48.5,0.9
9.000,4,23589.8,13720.2,15.0,23575.1,13733.7,30.6,23598.9,13730.6,22.9,0.9
9.000,5,23643.6,13486.9,15.0,23626.5,13471.4,22.9,23654.4,13535.9,41.3,1.3
9.000,6,23547.5,13578.9,15.0,23534.0,13626.2,47.7,23562.7,13571.6,22.7,1.0
9.000,7,22876.5,15260.1,15.0,22912.7,15268.0,25.8,22855.5,15242.7,21.9,1.5
9.000,8,23601.2,15072.2,15.0,23592.0,15080.7,23.3,23628.8,15090.3,40.6,1.0
9.000,9,23543.2,13515.4,15.0,23528.6,13552.3,45.8,23555.7,13515.3,22.7,1.1
9.000,10,23522.9,14257.2,15.0,23530.8,14238.6,23.2,23507.7,14257.1,26.9,1.0
9.000,11,23604.0,14178.7,15.0,23619.4,14185.8,22.8,23590.2,14130.5,48.9,1.1
9.000,12,23485.3,14345.8,15.0,23501.8,14296.7,54.0,23470.4,14351.0,22.9,1.5
9.000,13,23608.1,14097.7,15.0,23624.0,14106.3,22.9,23594.7,14048.9,46.9,1.2
9.017,0,23452.4,15294.9,15.0,23482.4,15307.8,38.5,23452.4,15282.9,22.5,1.3
9.017,1,23283.8,15214.3,15.0,23331.1,15227.3,39.2,23267.9,15196.2,22.7,1.3
9.017,2,23254.8,15290.6,15.0,23233.1,15307.0,21.8,23292.2,15283.0,27.6,1.3
9.017,3,23252.0,15293.4,15.0,23253.6,15306.2,23.3,23286.7,15276.8,45.1,0.9
9.017,4,23589.8,13718.7,15.0,23575.1,13729.6,29.6,23598.4,13731.2,22.9,0.9
9.017,5,23643.6,13484.7,15.0,23626.7,13471.5,23.0,23655.2,13534.5,43.1,1.3
9.017,6,23547.5,13577.2,15.0,23533.5,13624.8,50.5,23562.3,13571.3,22.7,1.0
9.017,7,22874.1,15260.1,15.0,22913.9,15268.5,28.4,22853.5,15242.4,22.1,1.5
9.017,8,23600.3,15070.6,15.0,23592.7,15080.4,23.3,23624.6,15083.3,36.7,1.0
9.017,9,23543.2,13513.6,15.0,23528.7,13545.0,41.7,23555.0,13515.0,22.7,1.1
9.017,10,23522.9,14258.9,15.0,23530.3,14237.7,23.3,23507.8,14265.4,25.6,1.0
9.017,11,23604.0,14180.6,15.0,23618.9,14186.2,22.8,23589.6,14132.1,51.8,1.1
9.017,12,23485.3,14348.2,15.0,23501.7,14304.3,49.2,23471.0,14352.4,22.8,1.5
9.017,13,23608.1,14099.7,15.0,23623.6,14106.8,22.9,23594.1,14050.9,49.3,1.2
9.033,0,23450.2,15295.1,15.0,23475.1,15308.3,35.2,23452.2,15283.6,22.4,1.3
9.033,1,23281.6,15214.2,15.0,23330.1,15227.9,41.4,23268.0,15196.3,22.9,1.3
9.033,2,23252.6,15290.6,15.0,23231.5,15307.2,22.0,23293.3,15282.4,30.5,1.3
9.033,3,23250.5,15293.4,15.0,23253.6,15305.6,23.3,23280.5,15277.2,41.4,0.9
9.033,4,23589.8,13717.3,15.0,23575.1,13725.2,28.7,23597.9,13731.8,22.9,0.9
9.033,5,23643.6,13482.6,15.0,23626.9,13471.3,23.0,23655.8,13532.2,43.8,1.3
9.033,6,23547.5,13575.5,15.0,23533.0,13623.0,53.0,23561.8,13570.9,22.7,1.0
9.033,7,22871.7,15260.1,15.0,22915.2,15269.2,31.6,22851.5,15242.1,22.4,1.5
9.033,8,23599.5,15069.1,15.0,23593.5,15080.5,23.3,23622.2,15079.1,34.4,1.0
9.033,9,23543.2,13511.7,15.0,23528.9,13537.3,37.5,23554.4,13514.9,22.6,1.1
9.033,10,23522.9,14260.6,15.0,23530.0,14237.0,23.2,23507.9,14274.6,24.4,1.0
9.033,11,23604.0,14182.4,15.0,23618.4,14186.7,22.8,23589.2,14134.8,53.2,1.1
9.033,12,23485.3,14350.6,15.0,23501.5,14312.4,44.7,23471.7,14353.1,22.7,1.5
9.033,13,23608.1,14101.6,15.0,23623.1,14107.4,22.9,23593.5,14052.6,52.2,1.2
9.050,0,23448.0,15295.3,15.0,23469.9,15308.8,33.0,23452.4,15284.4,22.4,1.3
9.050,1,23279.4,15214.1,15.0,23328.4,15228.5,43.1,23267.8,15196.5,23.0,1.3
9.050,2,23250.4,15290.6,15.0,23231.1,15307.4,22.2,23294.0,15281.7,34.0,1.3
9.050,3,23249.1,15293.5,15.0,23253.7,15305.1,23.3,23273.9,15277.5,38.1,0.9
9.050,4,23589.8,13715.9,15.0,23575.2,13719.0,27.1,23597.5,13732.4,22.9,0.9
9.050,5,23643.6,13480.5,15.0,23627.2,13470.8,23.0,23656.5,13530.0,45.0,1.3
9.050,6,23547.5,13573.7,15.0,23532.8,13619.2,52.3,23561.3,13570.5,22.7,1.0
9.050,7,22869.3,15260.1,15.0,22916.1,15270.0,35.3,22850.7,15242.0,22.7,1.5
9.050,8,23598.7,15067.6,15.0,23594.3,15080.6,23.3,23619.9,15074.7,32.3,1.0
9.050,9,23543.2,13509.9,15.0,23529.0,13530.3,34.3,23553.7,13515.0,22.6,1.1
9.050,10,23522.9,14262.3,15.0,23529.7,14236.3,23.3,23508.0,14283.2,24.1,1.0
9.050,11,23604.0,14184.3,15.0,23617.9,14187.3,22.8,23589.0,14138.8,52.6,1.1
9.050,12,23485.3,14353.0,15.0,23501.3,14320.9,40.0,23472.5,14353.7,22.6,1.5
9.050,13,23608.1,14103.6,15.0,23622.6,14108.1,22.8,23593.1,14055.5,53.4,1.2
9.067,0,23445.8,15295.4,15.0,23464.5,15309.3,31.4,23452.8,15285.1,22.3,1.3
9.067,1,23277.2,15213.9,15.0,23326.2,15229.0,43.9,23267.3,15196.7,23.1,1.3
9.067,2,23248.2,15290.6,15.0,23230.7,15307.4,22.5,23294.3,15280.9,37.6,1.3
9.067,3,23247.7,15293.5,15.0,23254.0,15304.5,23.3,23268.7,15277.7,35.6,0.9
9.067,4,23589.8,13714.5,15.0,23575.3,13712.6,26.0,23597.1,13733.1,22.9,0.9
9.067,5,23643.6,13478.3,15.0,23627.6,13469.9,23.0,23657.1,13527.7,46.9,1.3
9.067,6,23547.5,13572.0,15.0,23532.6,13615.3,51.8,23560.7,13570.1,22.7,1.0
9.067,7,22866.9,15260.1,15.0,22916.6,15270.8,39.3,22850.1,15242.0,23.1,1.5
9.067,8,23597.9,15066.0,15.0,23595.3,15081.0,23.2,23617.5,15070.1,30.8,1.0
9.067,9,23543.2,13508.0,15.0,23529.0,13525.4,32.2,23553.0,13515.3,22.6,1.1
9.067,10,23522.9,14264.0,15.0,23529.6,14235.9,23.2,23507.8,14289.1,23.8,1.0
9.067,11,23604.0,14186.1,15.0,23617.3,14187.7,22.8,23589.0,14144.0,50.3,1.1
9.067,12,23485.3,14355.4,15.0,23501.2,14328.8,36.4,23473.2,14354.0,22.5,1.5
9.067,13,23608.1,14105.5,15.0,23622.0,14108.8,22.8,23592.9,14059.6,52.8,1.2
9.083,0,23443.6,15295.6,15.0,23458.9,15309.8,30.1,23453.4,15285.8,22.3,1.3
9.083,1,23275.0,15213.8,15.0,23323.8,15229.5,45.2,23266.5,15197.0,23.1,1.3
9.083,2,23245.9,15290.6,15.0,23230.8,15307.4,22.6,23293.4,15280.2,39.9,1.3
9.083,3,23246.3,15293.6,15.0,23254.4,15303.9,23.3,23264.6,15277.8,33.8,0.9
9.083,4,23589.8,13713.1,15.0,23575.4,13705.7,24.9,23596.8,13733.6,22.9,0.9
9.083,5,23643.6,13476.2,15.0,23628.0,13468.9,22.9,23657.7,13525.6,49.3,1.3
9.083,6,23547.5,13570.3,15.0,23532.7,13608.9,47.5,23560.1,13569.8,22.7,1.0
9.083,7,22864.5,15260.1,15.0,22915.7,15271.6,41.7,22849.9,15242.1,23.3,1.5
9.083,8,23597.0,15064.5,15.0,23596.2,15081.5,23.3,23615.0,15065.5,29.6,1.0
9.083,9,23543.2,13506.2,15.0,23528.9,13520.3,30.5,23552.3,13515.8,22.6,1.1
9.083,10,23522.9,14265.7,15.0,23529.5,14235.5,23.3,23507.5,14294.8,23.9,1.0
9.083,11,23604.0,14188.0,15.0,23616.6,14188.1,22.8,23589.1,14151.1,45.9,1.1
9.083,12,23485.3,14357.9,15.0,23501.3,14334.3,34.2,23474.0,14354.0,22.4,1.5
9.083,13,23608.1,14107.4,15.0,23621.4,14109.3,22.8,23592.9,14065.1,50.1,1.2
9.100,0,23441.4,15295.8,15.0,23451.9,15310.3,28.4,23454.0,15286.4,22.2,1.3
9.100,1,23272.7,15213.7,15.0,23321.4,15230.0,47.1,23265.3,15197.3,23.0,1.3
9.100,2,23243.7,15290.6,15.0,23230.8,15307.2,22.8,23292.3,15279.4,42.1,1.3
9.100,3,23244.9,15293.6,15.0,23254.8,15303.3,23.3,23260.5,15277.8,32.1,0.9
9.100,4,23589.8,13711.7,15.0,23575.4,13698.3,24.0,23596.5,13734.2,22.9,0.9
9.100,5,23643.6,13474.1,15.0,23628.5,13467.8,22.8,23658.3,13523.8,52.2,1.3
9.100,6,23547.5,13568.5,15.0,23532.9,13602.1,43.6,23559.5,13569.5,22.7,1.0
9.100,7,22862.0,15260.1,15.0,22914.4,15272.4,44.0,22849.5,15242.2,23.6,1.5
9.100,8,23596.2,15063.0,15.0,23597.0,15082.0,23.2,23611.4,15058.9,27.8,1.0
9.100,9,23543.2,13504.4,15.0,23528.8,13515.1,29.2,23551.6,13516.4,22.6,1.1
9.100,10,23522.9,14267.4,15.0,23529.6,14235.5,23.5,23507.1,14297.0,23.6,1.0
9.100,11,23604.0,14189.9,15.0,23616.0,14188.4,22.7,23589.3,14158.5,41.7,1.1
9.100,12,23485.3,14360.3,15.0,23501.4,14339.9,32.5,23474.8,14353.7,22.3,1.5
9.100,13,23608.1,14109.4,15.0,23620.8,14109.8,22.7,23593.0,14072.3,45.8,1.2
9.117,0,23439.1,15295.9,15.0,23443.6,15310.8,26.7,23454.7,15286.9,22.3,1.3
9.117,1,23270.5,15213.6,15.0,23319.3,15230.4,49.6,23264.1,15197.6,22.9,1.3
9.117,2,23241.5,15290.6,15.0,23230.3,15307.0,22.9,23290.0,15278.8,42.8,1.3
9.117,3,23243.5,15293.6,15.0,23255.5,15302.7,23.3,23256.2,15277.9,31.0,0.9
9.117,4,23589.8,13710.2,15.0,23575.5,13690.9,23.8,23596.3,13734.7,22.9,0.9
9.117,5,23643.6,13471.9,15.0,23628.9,13466.8,22.8,23658.7,13520.6,53.3,1.3
9.117,6,23547.5,13566.8,15.0,23533.1,13595.0,39.4,23558.9,13569.4,22.7,1.0
9.117,7,22859.6,15260.0,15.0,22912.1,15273.1,44.9,22848.6,15242.5,23.6,1.5
9.117,8,23595.4,15061.4,15.0,23597.8,15082.6,23.3,23607.6,15051.8,26.4,1.0
9.117,9,23543.2,13502.5,15.0,23528.9,13508.8,27.7,23551.1,13517.1,22.6,1.1
9.117,10,23522.9,14269.1,15.0,23529.8,14235.5,23.8,23506.6,14299.2,23.3,1.0
9.117,11,23604.0,14191.7,15.0,23615.3,14188.4,22.7,23589.5,14166.3,37.5,1.1
9.117,12,23485.3,14362.7,15.0,23501.4,14345.7,31.2,23475.6,14353.2,22.3,1.5
9.117,13,23608.1,14111.3,15.0,23620.1,14110.1,22.7,23593.2,14079.8,41.4,1.2
9.133,0,23436.9,15296.1,15.0,23434.5,15311.3,24.8,23455.3,15287.3,22.3,1.3
9.133,1,23268.3,15213.5,15.0,23317.4,15230.9,52.6,23262.7,15198.0,22.8,1.3
9.133,2,23239.3,15290.6,15.0,23229.8,15306.7,22.9,23287.7,15278.1,43.7,1.3
9.133,3,23242.0,15293.7,15.0,23256.1,15302.2,23.3,23251.9,15277.9,30.0,0.9
9.133,4,23589.8,13708.8,15.0,23575.4,13686.2,23.5,23596.2,13735.0,22.9,0.9
9.133,5,23643.6,13469.8,15.0,23629.5,13465.7,22.7,23658.9,13516.3,52.7,1.3
9.133,6,23547.5,13565.1,15.0,23533.3,13587.3,35.7,23558.2,13569.4,22.7,1.0
9.133,7,22857.2,15260.0,15.0,22909.7,15273.8,46.1,22847.6,15242.8,23.6,1.5
9.133,8,23594.7,15059.9,15.0,23598.5,15083.1,23.2,23603.4,15043.8,24.9,1.0
9.133,9,23543.2,13500.7,15.0,23529.0,13500.9,26.1,23550.5,13517.9,22.6,1.1
9.133,10,23522.9,14270.8,15.0,23530.0,14235.0,25.0,23506.2,14300.6,23.3,1.0
9.133,11,23604.0,14193.6,15.0,23614.6,14188.3,22.7,23589.6,14173.1,34.4,1.1
9.133,12,23485.3,14365.1,15.0,23501.4,14352.9,29.4,23476.3,14352.6,22.2,1.5
9.133,13,23608.1,14113.3,15.0,23619.4,14110.3,22.7,23593.4,14087.8,37.3,1.2
9.150,0,23434.7,15296.2,15.0,23424.7,15311.9,23.5,23455.9,15287.7,22.3,1.3
9.150,1,23266.1,15213.3,15.0,23313.9,15231.0,53.1,23261.5,15198.5,22.7,1.3
9.150,2,23237.1,15290.6,15.0,23228.6,15306.4,22.8,23285.4,15277.5,45.5,1.3
9.150,3,23240.6,15293.7,15.0,23256.9,15301.7,23.3,23246.6,15278.1,28.7,0.9
9.150,4,23589.8,13707.4,15.0,23575.2,13681.4,23.4,23596.1,13735.3,22.9,0.9
9.150,5,23643.6,13467.7,15.0,23630.1,13464.9,22.6,23658.9,13510.5,49.7,1.3
9.150,6,23547.5,13563.4,15.0,23533.3,13582.1,33.4,23557.5,13569.7,22.7,1.0
9.150,7,22854.8,15260.0,15.0,22907.2,15274.5,48.1,22846.0,15243.1,23.5,1.5
9.150,8,23593.9,15058.3,15.0,23599.0,15083.7,23.3,23599.1,15035.5,24.2,1.0
9.150,9,23543.2,13498.8,15.0,23529.1,13492.5,24.7,23550.1,13518.5,22.6,1.1
9.150,10,23522.9,14272.5,15.0,23530.4,14234.6,26.4,23505.8,14302.0,23.3,1.0
9.150,11,23604.0,14195.4,15.0,23613.9,14188.0,22.7,23589.5,14178.1,32.3,1.1
9.150,12,23485.3,14367.5,15.0,23501.3,14361.6,27.5,23476.9,14351.9,22.2,1.5
9.150,13,23608.1,14115.2,15.0,23618.7,14110.1,22.7,23593.5,14094.3,34.4,1.2
9.167,0,23432.5,15296.4,15.0,23417.2,15312.5,22.8,23456.3,15287.9,22.4,1.3
9.167,1,23263.9,15213.2,15.0,23309.5,15231.0,52.5,23260.3,15198.9,22.6,1.3
9.167,2,23234.9,15290.6,15.0,23227.4,15306.0,22.8,23283.1,15276.9,47.6,1.3
9.167,3,23239.2,15293.7,15.0,23257.6,15301.2,23.3,23240.0,15278.4,27.2,0.9
9.167,4,23589.8,13706.0,15.0,23574.9,13678.0,23.4,23596.1,13735.4,23.0,0.9
9.167,5,23643.6,13465.5,15.0,23630.7,13464.1,22.6,23658.8,13503.1,45.3,1.3
9.167,6,23547.5,13561.6,15.0,23533.2,13577.3,31.4,23556.9,13570.1,22.7,1.0
9.167,7,22852.4,15260.0,15.0,22904.9,15275.2,50.5,22844.4,15243.4,23.4,1.5
9.167,8,23593.1,15056.8,15.0,23599.3,15084.1,23.3,23596.1,15029.2,23.9,1.0
9.167,9,23543.2,13497.0,15.0,23529.2,13483.3,23.6,23549.8,13519.1,22.6,1.1
9.167,10,23522.9,14274.2,15.0,23530.9,14233.2,28.8,23505.5,14302.8,23.3,1.0
9.167,11,23604.0,14197.3,15.0,23613.2,14187.4,22.7,23589.4,14183.2,30.6,1.1
9.167,12,23485.3,14369.9,15.0,23501.2,14371.0,25.5,23477.4,14351.3,22.3,1.5
9.167,13,23608.1,14117.1,15.0,23618.0,14109.8,22.7,23593.4,14099.4,32.2,1.2
9.183,0,23430.3,15296.5,15.0,23410.6,15313.2,22.3,23456.5,15288.0,22.4,1.3
9.183,1,23261.6,15213.1,15.0,23303.1,15230.6,48.9,23259.2,15199.5,22.5,1.3
9.183,2,23232.6,15290.6,15.0,23226.1,15305.6,22.7,23281.2,15276.3,50.4,1.3
9.183,3,23237.8,15293.8,15.0,23258.3,15300.8,23.3,23233.4,15278.6,26.2,0.9
9.183,4,23589.8,13704.6,15.0,23574.6,13676.2,23.1,23596.2,13735.3,23.2,0.9
9.183,5,23643.6,13463.4,15.0,23631.4,13463.6,22.5,23658.6,13495.4,40.9,1.3
9.183,6,23547.5,13559.9,15.0,23533.1,13572.4,30.0,23556.2,13570.7,22.7,1.0
9.183,7,22850.0,15260.0,15.0,22902.9,15275.8,53.6,22842.6,15243.8,23.2,1.5
9.183,8,23592.3,15055.2,15.0,23599.5,15084.5,23.3,23593.8,15023.7,23.8,1.0
9.183,9,23543.2,13495.1,15.0,23529.2,13475.3,23.3,23549.6,13519.6,22.6,1.1
9.183,10,23522.9,14275.9,15.0,23531.5,14231.9,31.7,23505.2,14303.6,23.3,1.0
9.183,11,23604.0,14199.2,15.0,23612.5,14186.7,22.7,23589.4,14188.5,29.3,1.1
9.183,12,23485.3,14372.4,15.0,23501.1,14381.2,23.9,23477.8,14350.8,22.3,1.5
9.183,13,23608.1,14119.1,15.0,23617.3,14109.3,22.6,23593.3,14104.6,30.6,1.2
9.200,0,23428.1,15296.7,15.0,23406.9,15313.8,22.1,23456.4,15288.0,22.7,1.3
9.200,1,23259.4,15213.0,15.0,23295.6,15230.1,44.6,23258.3,15200.1,22.5,1.3
9.200,2,23230.4,15290.7,15.0,23224.8,15305.1,22.6,23278.7,15275.9,52.4,1.3
9.200,3,23236.4,15293.8,15.0,23259.0,15300.5,23.3,23225.9,15278.9,25.0,0.9
9.200,4,23589.8,13703.2,15.0,23574.2,13674.4,22.9,23596.3,13735.2,23.4,0.9
9.200,5,23643.6,13461.3,15.0,23632.1,13463.3,22.5,23658.4,13487.2,36.8,1.3
9.200,6,23547.5,13558.2,15.0,23533.1,13567.4,28.8,23555.6,13571.3,22.7,1.0
9.200,7,22847.5,15260.0,15.0,22899.7,15276.3,55.1,22841.0,15244.3,23.1,1.5
9.200,8,23591.5,15053.7,15.0,23599.4,15084.7,23.4,23592.6,15020.3,23.7,1.0
9.200,9,23543.2,13493.3,15.0,23529.0,13469.3,23.0,23549.5,13519.9,22.6,1.1
9.200,10,23522.9,14277.6,15.0,23532.1,14230.9,35.0,23505.0,14303.3,23.2,1.0
9.200,11,23604.0,14201.0,15.0,23611.9,14186.0,22.7,23589.4,14195.1,27.8,1.1
9.200,12,23485.3,14374.8,15.0,23501.2,14389.0,22.9,23478.0,14350.4,22.4,1.5
9.200,13,23608.1,14121.0,15.0,23616.6,14108.6,22.6,23593.3,14110.0,29.4,1.2
9.217,0,23425.9,15296.8,15.0,23403.9,15314.4,21.8,23456.2,15288.0,23.1,1.3
9.217,1,23257.2,15212.9,15.0,23287.9,15229.5,40.2,23257.8,15200.7,22.4,1.3
9.217,2,23228.2,15290.7,15.0,23223.5,15304.6,22.5,23274.4,15275.6,51.8,1.3
9.217,3,23235.0,15293.8,15.0,23259.6,15300.2,23.3,23218.2,15279.2,24.3,0.9
9.217,4,23589.8,13701.7,15.0,23573.9,13673.2,22.9,23596.5,13735.5,24.3,0.9
9.217,5,23643.6,13459.2,15.0,23632.8,13463.3,22.4,23658.4,13481.1,34.2,1.3
9.217,6,23547.5,13556.4,15.0,23533.1,13560.6,27.2,23555.1,13572.1,22.7,1.0
9.217,7,22845.1,15260.0,15.0,22895.1,15276.5,54.4,22839.5,15244.9,22.9,1.5
9.217,8,23590.8,15052.1,15.0,23599.1,15084.7,23.7,23592.2,15018.1,23.4,1.0
9.217,9,23543.2,13491.4,15.0,23528.7,13464.8,23.0,23549.4,13520.0,22.7,1.1
9.217,10,23522.9,14279.3,15.0,23532.9,14230.2,38.6,23504.9,14302.6,23.2,1.0
9.217,11,23604.0,14202.9,15.0,23611.4,14185.3,22.7,23589.5,14203.1,26.1,1.1
9.217,12,23485.3,14377.2,15.0,23501.4,14396.0,22.2,23478.2,14350.1,22.5,1.5
9.217,13,23608.1,14122.9,15.0,23616.0,14107.9,22.6,23593.3,14117.0,27.7,1.2
9.233,0,23423.6,15297.0,15.0,23401.6,15314.9,21.8,23456.5,15287.7,24.3,1.3
9.233,1,23255.0,15212.8,15.0,23279.5,15228.8,36.1,23257.3,15201.4,22.4,1.3
9.233,2,23226.0,15290.7,15.0,23222.5,15304.1,22.4,23269.2,15275.5,49.9,1.3
9.233,3,23233.5,15293.9,15.0,23260.1,15300.0,23.3,23211.5,15279.3,24.1,0.9
9.233,4,23589.8,13700.3,15.0,23573.6,13672.0,22.9,23596.8,13735.8,25.4,0.9
9.233,5,23643.6,13457.0,15.0,23633.6,13463.5,22.4,23658.5,13475.8,32.1,1.3
9.233,6,23547.5,13554.7,15.0,23533.3,13553.0,25.8,23554.6,13572.8,22.7,1.0
9.233,7,22842.7,15260.0,15.0,22889.0,15276.5,51.4,22838.1,15245.4,22.8,1.5
9.233,8,23590.0,15050.5,15.0,23598.9,15085.1,24.5,23591.9,15016.3,23.3,1.0
9.233,9,23543.2,13489.6,15.0,23528.2,13462.4,22.7,23549.5,13519.8,23.0,1.1
9.233,10,23522.9,14281.1,15.0,23533.6,14230.5,41.3,23504.9,14301.7,23.2,1.0
9.233,11,23604.0,14204.8,15.0,23611.0,14184.6,22.7,23589.7,14211.8,24.7,1.1
9.233,12,23485.3,14379.6,15.0,23501.8,14399.8,21.9,23478.2,14350.2,22.9,1.5
9.233,13,23608.1,14124.9,15.0,23615.5,14107.2,22.6,23593.4,14125.1,26.1,1.2
9.250,0,23421.4,15297.1,15.0,23399.5,15315.4,22.0,23456.8,15287.4,25.8,1.3
9.250,1,23252.8,15212.7,15.0,23274.0,15228.6,33.8,23257.3,15202.2,22.3,1.3
9.250,2,23223.8,15290.7,15.0,23221.6,15303.5,22.3,23262.0,15275.7,45.5,1.3
9.250,3,23232.1,15293.9,15.0,23260.5,15299.9,23.3,23206.6,15279.3,23.8,0.9
9.250,4,23589.8,13698.9,15.0,23573.3,13671.1,22.9,23597.1,13736.4,26.8,0.9
9.250,5,23643.6,13454.9,15.0,23634.3,13463.9,22.3,23658.5,13470.4,30.6,1.3
9.250,6,23547.5,13553.0,15.0,23533.4,13544.7,24.4,23554.2,13573.4,22.7,1.0
9.250,7,22840.3,15260.0,15.0,22881.2,15276.3,46.9,22836.9,15246.1,22.7,1.5
9.250,8,23589.3,15049.0,15.0,23598.7,15085.7,25.9,23591.8,15014.9,23.3,1.0
9.250,9,23543.2,13487.7,15.0,23527.8,13460.4,22.6,23549.7,13519.9,23.7,1.1
9.250,10,23522.9,14282.8,15.0,23534.4,14231.3,43.4,23505.0,14300.6,23.2,1.0
9.250,11,23604.0,14206.6,15.0,23610.6,14183.9,22.7,23589.8,14221.1,23.7,1.1
9.250,12,23485.3,14382.0,15.0,23502.2,14403.2,21.6,23478.1,14350.3,23.3,1.5
9.250,13,23608.1,14126.8,15.0,23615.1,14106.5,22.6,23593.6,14134.0,24.5,1.2
9.267,0,23419.2,15297.3,15.0,23397.9,15315.7,22.1,23458.1,15286.8,28.5,1.3
9.267,1,23250.6,15212.6,15.0,23268.7,15228.4,31.8,23257.3,15202.9,22.3,1.3
9.267,2,23221.5,15290.7,15.0,23220.8,15302.8,22.2,23254.5,15275.9,41.3,1.3
9.267,3,23230.7,15293.9,15.0,23260.8,15299.9,23.3,23201.7,15279.2,23.9,0.9
9.267,4,23589.8,13697.5,15.0,23573.0,13670.4,22.9,23597.5,13737.6,29.0,0.9
9.267,5,23643.6,13452.8,15.0,23634.9,13464.5,22.3,23658.6,13465.0,29.4,1.3
9.267,6,23547.5,13551.2,15.0,23533.5,13535.8,23.6,23553.9,13574.0,22.7,1.0
9.267,7,22837.9,15259.9,15.0,22873.0,15276.1,42.2,22836.3,15246.8,22.6,1.5
9.267,8,23588.5,15047.4,15.0,23598.6,15086.9,27.9,23591.9,15013.7,23.3,1.0
9.267,9,23543.2,13485.9,15.0,23527.4,13458.8,22.6,23550.0,13520.2,25.0,1.1
9.267,10,23522.9,14284.5,15.0,23535.0,14232.7,44.7,23505.2,14299.7,23.2,1.0
9.267,11,23604.0,14208.5,15.0,23610.4,14183.5,22.7,23589.7,14228.8,23.3,1.1
9.267,12,23485.3,14384.4,15.0,23502.5,14405.7,21.8,23477.8,14349.9,24.8,1.5
9.267,13,23608.1,14128.8,15.0,23614.8,14105.9,22.6,23593.6,14143.5,23.6,1.2
9.283,0,23417.0,15297.4,15.0,23396.3,15316.1,22.3,23459.2,15286.2,31.7,1.3
9.283,1,23248.3,15212.5,15.0,23263.3,15228.2,30.5,23257.8,15203.6,22.2,1.3
9.283,2,23219.3,15290.7,15.0,23220.3,15302.1,22.2,23246.5,15276.1,37.2,1.3
9.283,3,23229.3,15294.0,15.0,23260.9,15299.9,23.5,23199.4,15278.9,23.7,0.9
9.283,4,23589.8,13696.1,15.0,23572.8,13669.8,22.9,23598.0,13738.5,31.3,0.9
9.283,5,23643.6,13450.6,15.0,23635.5,13465.1,22.3,23658.5,13457.3,27.6,1.3
9.283,6,23547.5,13549.5,15.0,23533.4,13528.6,23.4,23553.7,13574.5,22.7,1.0
9.283,7,22835.5,15259.9,15.0,22864.3,15275.8,37.9,22835.7,15247.5,22.5,1.5
9.283,8,23587.8,15045.8,15.0,23598.6,15088.5,30.8,23591.9,15013.0,23.3,1.0
9.283,9,23543.2,13484.0,15.0,23527.0,13457.5,22.6,23550.4,13521.0,26.9,1.1
9.283,10,23522.9,14286.2,15.0,23535.6,14234.7,45.4,23505.5,14299.1,23.2,1.0
9.283,11,23604.0,14210.3,15.0,23610.3,14183.1,22.7,23589.5,14234.9,23.1,1.1
9.283,12,23485.3,14386.9,15.0,23502.9,14408.1,22.0,23477.4,14349.4,26.5,1.5
9.283,13,23608.1,14130.7,15.0,23614.6,14105.5,22.6,23593.5,14150.8,23.1,1.2
9.300,0,23414.8,15297.6,15.0,23396.1,15316.2,22.5,23459.9,15285.4,35.3,1.3
9.300,1,23246.1,15212.4,15.0,23257.6,15228.0,29.3,23258.2,15204.3,22.2,1.3
9.300,2,23217.1,15290.7,15.0,23220.1,15301.4,22.1,23239.7,15276.2,34.2,1.3
9.300,3,23227.9,15294.0,15.0,23260.8,15300.0,23.7,23197.5,15278.6,23.5,0.9
9.300,4,23589.8,13694.7,15.0,23572.6,13670.0,22.9,23598.6,13739.2,34.0,0.9
9.300,5,23643.6,13448.5,15.0,23636.1,13465.7,22.3,23658.4,13449.1,26.0,1.3
9.300,6,23547.5,13547.8,15.0,23533.2,13522.9,23.2,23553.6,13574.8,22.7,1.0
9.300,7,22833.0,15259.9,15.0,22858.0,15275.8,35.2,22835.6,15248.3,22.4,1.5
9.300,8,23587.1,15044.2,15.0,23598.3,15089.8,34.0,23592.2,15012.7,23.3,1.0
9.300,9,23543.2,13482.2,15.0,23526.7,13456.6,22.6,23551.0,13522.3,29.6,1.1
9.300,10,23522.9,14287.9,15.0,23536.3,14236.6,46.5,23505.8,14298.7,23.3,1.0
9.300,11,23604.0,14212.2,15.0,23610.3,14183.1,22.9,23589.2,14239.1,23.0,1.1
9.300,12,23485.3,14389.3,15.0,23503.2,14410.1,22.2,23476.8,14347.9,29.5,1.5
9.300,13,23608.1,14132.6,15.0,23614.5,14105.2,22.7,23593.3,14157.0,22.9,1.2
9.317,0,23412.5,15297.7,15.0,23395.8,15316.2,22.8,23460.2,15284.6,38.9,1.3
9.317,1,23243.9,15212.3,15.0,23249.5,15227.5,27.3,23258.8,15204.9,22.1,1.3
9.317,2,23214.9,15290.7,15.0,23220.1,15300.7,22.1,23234.6,15276.1,32.2,1.3
9.317,3,23226.5,15294.0,15.0,23261.0,15300.2,24.1,23195.9,15278.3,23.3,0.9
9.317,4,23589.8,13693.2,15.0,23572.5,13670.5,22.9,23599.1,13739.7,36.8,0.9
9.317,5,23643.6,13446.4,15.0,23636.5,13466.3,22.3,23658.3,13439.8,24.2,1.3
9.317,6,23547.5,13546.0,15.0,23532.9,13518.7,23.2,23553.6,13574.9,22.8,1.0
9.317,7,22830.6,15259.9,15.0,22852.5,15275.9,33.1,22835.7,15249.1,22.3,1.5
9.317,8,23586.3,15042.7,15.0,23597.8,15090.9,37.6,23592.8,15013.3,23.3,1.0
9.317,9,23543.2,13480.3,15.0,23526.5,13456.3,22.6,23551.6,13523.2,32.7,1.1
9.317,10,23522.9,14289.6,15.0,23536.8,14238.7,48.3,23506.2,14298.8,23.3,1.0
9.317,11,23604.0,14214.1,15.0,23610.4,14183.2,23.1,23588.7,14241.5,22.7,1.1
9.317,12,23485.3,14391.7,15.0,23503.4,14411.8,22.5,23476.2,14346.7,32.9,1.5
9.317,13,23608.1,14134.6,15.0,23614.5,14105.2,22.9,23593.0,14160.7,22.8,1.2
9.333,0,23410.3,15297.8,15.0,23395.9,15316.1,23.0,23459.2,15283.9,41.2,1.3
9.333,1,23241.7,15212.2,15.0,23241.1,15227.0,25.7,23259.3,15205.5,22.2,1.3
9.333,2,23212.7,15290.7,15.0,23220.4,15300.0,22.0,23229.2,15276.0,30.6,1.3
9.333,3,23225.0,15294.1,15.0,23261.4,15300.4,25.2,23194.8,15277.9,23.3,0.9
9.333,4,23589.8,13691.8,15.0,23572.5,13671.0,22.9,23599.7,13739.8,39.3,0.9
9.333,5,23643.6,13444.2,15.0,23636.8,13466.8,22.4,23658.2,13430.1,23.3,1.3
9.333,6,23547.5,13544.3,15.0,23532.5,13516.5,22.9,23553.7,13574.7,23.0,1.0
9.333,7,22828.2,15259.9,15.0,22846.8,15275.9,31.7,22836.1,15249.9,22.2,1.5
9.333,8,23585.6,15041.1,15.0,23596.9,15091.3,40.7,23593.2,15014.0,23.3,1.0
9.333,9,23543.2,13478.5,15.0,23526.4,13456.7,22.6,23552.4,13523.8,36.2,1.1
9.333,10,23522.9,14291.3,15.0,23537.4,14240.6,50.5,23506.6,14298.9,23.3,1.0
9.333,11,23604.0,14215.9,15.0,23610.6,14183.1,23.9,23588.3,14243.5,22.6,1.1
9.333,12,23485.3,14394.1,15.0,23503.5,14412.3,22.9,23475.3,14345.9,36.7,1.5
9.333,13,23608.1,14136.5,15.0,23614.6,14105.4,23.2,23592.5,14163.2,22.5,1.2
9.350,0,23408.1,15298.0,15.0,23395.9,15315.9,23.2,23457.9,15283.3,43.3,1.3
9.350,1,23239.5,15212.1,15.0,23231.7,15226.5,23.9,23259.8,15205.9,22.2,1.3
9.350,2,23210.5,15290.7,15.0,23220.8,15299.3,22.0,23223.8,15276.0,29.4,1.3
9.350,3,23223.6,15294.1,15.0,23261.8,15300.7,26.3,23193.6,15277.6,23.3,0.9
9.350,4,23589.8,13690.4,15.0,23572.6,13671.9,22.8,23600.3,13739.1,41.0,0.9
9.350,5,23643.6,13442.1,15.0,23637.0,13467.0,22.4,23658.4,13423.6,22.7,1.3
9.350,6,23547.5,13542.6,15.0,23532.1,13514.6,22.7,23553.9,13574.7,23.6,1.0
9.350,7,22825.8,15259.9,15.0,22841.0,15276.0,30.5,22836.5,15250.6,22.2,1.5
9.350,8,23584.9,15039.5,15.0,23595.7,15091.0,42.9,23593.7,15015.2,23.2,1.0
9.350,9,23543.2,13476.6,15.0,23526.4,13457.3,22.7,23553.1,13523.7,39.1,1.1
9.350,10,23522.9,14293.0,15.0,23538.0,14242.0,53.4,23507.1,14299.1,23.3,1.0
9.350,11,23604.0,14217.8,15.0,23611.0,14182.7,25.3,23587.9,14245.0,22.6,1.1
9.350,12,23485.3,14396.5,15.0,23503.5,14412.8,23.2,23474.5,14345.8,40.3,1.5
9.350,13,23608.1,14138.5,15.0,23614.8,14105.2,24.2,23592.1,14165.1,22.4,1.2
9.367,0,23405.9,15298.1,15.0,23395.5,15315.7,23.2,23455.6,15282.8,44.1,1.3
9.367,1,23237.2,15212.0,15.0,23222.6,15226.1,23.0,23260.2,15206.2,22.2,1.3
9.367,2,23208.2,15290.7,15.0,23221.3,15298.7,22.0,23216.8,15276.1,27.7,1.3
9.367,3,23222.2,15294.1,15.0,23262.9,15301.1,28.3,23192.9,15277.3,23.3,0.9
9.367,4,23589.8,13689.0,15.0,23572.7,13672.7,22.9,23600.9,13738.4,42.7,0.9
9.367,5,23643.6,13440.0,15.0,23637.1,13467.3,22.5,23658.6,13417.1,22.4,1.3
9.367,6,23547.5,13540.8,15.0,23531.7,13513.1,22.7,23554.2,13575.1,24.9,1.0
9.367,7,22823.4,15259.9,15.0,22832.6,15275.8,28.4,22837.2,15251.3,22.2,1.5
9.367,8,23584.2,15037.9,15.0,23594.4,15090.2,44.7,23594.1,15016.2,23.3,1.0
9.367,9,23543.2,13474.8,15.0,23526.5,13458.2,22.7,23553.8,13522.8,41.2,1.1
9.367,10,23522.9,14294.7,15.0,23538.5,14244.1,55.6,23507.6,14299.4,23.3,1.0
9.367,11,23604.0,14219.7,15.0,23611.4,14181.8,27.3,23587.6,14246.3,22.7,1.1
9.367,12,23485.3,14398.9,15.0,23503.3,14413.1,23.5,23473.7,14346.8,42.7,1.5
9.367,13,23608.1,14140.4,15.0,23615.2,14104.8,25.6,23591.7,14166.8,22.5,1.2
9.383,0,23403.7,15298.2,15.0,23394.9,15315.4,23.2,23453.3,15282.3,45.2,1.3
9.383,1,23235.0,15211.9,15.0,23216.1,15226.0,22.4,23260.4,15206.3,22.3,1.3
9.383,2,23206.0,15290.7,15.0,23221.8,15298.2,22.0,23208.7,15276.2,26.1,1.3
9.383,3,23220.8,15294.2,15.0,23264.1,15301.5,30.6,23192.3,15277.1,23.3,0.9
9.383,4,23589.8,13687.6,15.0,23572.9,13673.2,22.9,23601.4,13737.0,43.5,0.9
9.383,5,23643.6,13437.8,15.0,23637.0,13467.1,22.8,23659.0,13414.3,22.1,1.3
9.383,6,23547.5,13539.1,15.0,23531.3,13511.9,22.7,23554.6,13575.7,26.5,1.0
9.383,7,22821.0,15259.9,15.0,22823.8,15275.7,26.6,22837.8,15251.8,22.2,1.5
9.383,8,23583.5,15036.3,15.0,23592.8,15088.7,45.3,23594.1,15016.9,23.3,1.0
9.383,9,23543.2,13472.9,15.0,23526.7,13458.9,22.7,23554.5,13521.3,42.7,1.1
9.383,10,23522.9,14296.4,15.0,23538.7,14248.0,54.9,23508.2,14299.7,23.3,1.0
9.383,11,23604.0,14221.5,15.0,23612.0,14180.5,30.2,23587.3,14247.2,22.7,1.1
9.383,12,23485.3,14401.4,15.0,23503.1,14413.6,23.7,23472.9,14348.4,44.6,1.5
9.383,13,23608.1,14142.3,15.0,23615.6,14103.7,27.9,23591.4,14168.0,22.5,1.2
9.400,0,23401.5,15298.3,15.0,23393.7,15315.1,23.1,23450.9,15281.8,47.1,1.3
9.400,1,23232.8,15211.8,15.0,23210.6,15226.1,22.1,23260.5,15206.4,22.4,1.3
9.400,2,23203.8,15290.7,15.0,23222.3,15297.7,22.0,23199.7,15276.3,24.3,1.3
9.400,3,23219.4,15294.2,15.0,23265.1,15302.0,33.2,23191.9,15276.9,23.3,0.9
9.400,4,23589.8,13686.2,15.0,23573.1,13673.7,22.9,23601.9,13735.4,44.0,0.9
9.400,5,23643.6,13435.7,15.0,23636.9,13466.9,23.2,23659.4,13411.6,21.9,1.3
9.400,6,23547.5,13537.4,15.0,23531.0,13511.1,22.7,23555.1,13577.0,29.1,1.0
9.400,7,22818.5,15259.9,15.0,22814.0,15275.5,24.5,22838.4,15252.3,22.2,1.5
9.400,8,23582.8,15034.7,15.0,23591.3,15087.1,46.2,23594.1,15017.6,23.3,1.0
9.400,9,23543.2,13471.1,15.0,23526.9,13459.3,22.7,23555.1,13519.2,43.4,1.1
9.400,10,23522.9,14298.1,15.0,23538.8,14252.1,54.0,23508.8,14300.0,23.3,1.0
9.400,11,23604.0,14223.4,15.0,23612.6,14179.6,33.4,23587.0,14247.4,22.7,1.1
9.400,12,23485.3,14403.8,15.0,23502.9,14414.4,23.7,23472.1,14350.8,45.5,1.5
9.400,13,23608.1,14144.3,15.0,23616.2,14102.4,30.9,23591.1,14169.1,22.6,1.2
9.417,0,23399.2,15298.5,15.0,23392.5,15314.8,23.1,23448.7,15281.4,49.4,1.3
9.417,1,23230.6,15211.7,15.0,23207.6,15226.3,21.8,23260.2,15206.3,22.8,1.3
9.417,2,23201.6,15290.7,15.0,23222.7,15297.4,22.0,23190.3,15276.4,23.1,1.3
9.417,3,23218.0,15294.2,15.0,23265.8,15302.6,36.1,23192.5,15276.7,23.3,0.9
9.417,4,23589.8,13684.7,15.0,23573.3,13674.0,22.9,23602.4,13733.8,44.7,0.9
9.417,5,23643.6,13433.6,15.0,23636.6,13467.2,24.6,23659.8,13409.6,22.0,1.3
9.417,6,23547.5,13535.6,15.0,23530.8,13510.5,22.7,23555.7,13578.0,32.0,1.0
9.417,7,22816.1,15259.8,15.0,22804.4,15275.5,23.3,22838.9,15252.6,22.3,1.5
9.417,8,23582.1,15033.1,15.0,23589.7,15085.5,48.1,23593.8,15017.7,23.3,1.0
9.417,9,23543.2,13469.2,15.0,23527.3,13459.3,22.7,23555.7,13517.1,44.5,1.1
9.417,10,23522.9,14299.8,15.0,23538.7,14258.8,49.5,23509.4,14300.2,23.3,1.0
9.417,11,23604.0,14225.2,15.0,23613.4,14179.0,36.9,23586.9,14247.0,22.7,1.1
9.417,12,23485.3,14406.2,15.0,23502.6,14415.7,23.6,23471.4,14353.2,47.0,1.5
9.417,13,23608.1,14146.2,15.0,23616.9,14101.6,34.2,23590.9,14169.1,22.6,1.2
9.433,0,23397.0,15298.6,15.0,23391.2,15314.4,23.0,23446.8,15280.9,52.4,1.3
9.433,1,23228.4,15211.6,15.0,23204.9,15226.6,21.7,23260.2,15206.1,23.5,1.3
9.433,2,23199.4,15290.7,15.0,23222.9,15297.2,22.1,23183.3,15276.3,22.4,1.3
9.433,3,23216.5,15294.3,15.0,23266.3,15303.3,39.1,23193.0,15276.6,23.3,0.9
9.433,4,23589.8,13683.3,15.0,23573.6,13673.9,22.9,23602.8,13732.1,46.1,0.9
9.433,5,23643.6,13431.4,15.0,23636.2,13467.7,26.2,23660.2,13407.6,22.1,1.3
9.433,6,23547.5,13533.9,15.0,23530.6,13511.0,22.7,23556.4,13578.7,35.3,1.0
9.433,7,22813.7,15259.8,15.0,22797.5,15275.6,22.5,22839.2,15252.8,22.4,1.5
9.433,8,23581.4,15031.5,15.0,23588.2,15083.9,50.1,23593.4,15017.9,23.3,1.0
9.433,9,23543.2,13467.4,15.0,23527.7,13459.0,22.7,23556.3,13514.9,46.3,1.1
9.433,10,23522.9,14301.5,15.0,23538.5,14266.0,45.5,23510.1,14300.4,23.3,1.0
9.433,11,23604.0,14227.1,15.0,23614.1,14179.3,39.7,23586.9,14246.3,22.8,1.1
9.433,12,23485.3,14408.6,15.0,23502.2,14417.3,23.5,23470.7,14355.7,49.0,1.5
9.433,13,23608.1,14148.2,15.0,23617.7,14101.0,37.9,23590.8,14168.8,22.8,1.2
9.450,0,23394.8,15298.7,15.0,23389.9,15314.0,22.9,23443.9,15280.6,53.9,1.3
9.450,1,23226.1,15211.5,15.0,23202.7,15226.9,21.8,23260.5,15205.8,24.9,1.3
9.450,2,23197.2,15290.7,15.0,23223.1,15297.1,22.2,23176.7,15276.1,22.0,1.3
9.450,3,23215.1,15294.3,15.0,23266.1,15303.9,41.2,23193.8,15276.6,23.3,0.9
9.450,4,23589.8,13681.9,15.0,23574.0,13673.8,22.9,23603.3,13730.4,47.6,0.9
9.450,5,23643.6,13429.3,15.0,23635.7,13469.0,29.0,23660.4,13406.2,22.2,1.3
9.450,6,23547.5,13532.2,15.0,23530.6,13511.6,22.7,23557.1,13578.9,38.5,1.0
9.450,7,22811.3,15259.8,15.0,22791.7,15275.9,22.0,22839.3,15252.9,22.6,1.5
9.450,8,23580.7,15029.9,15.0,23586.9,15082.8,53.0,23592.9,15017.9,23.3,1.0
9.450,9,23543.2,13465.5,15.0,23528.1,13458.7,22.7,23556.9,13513.0,48.6,1.1
9.450,10,23522.9,14303.2,15.0,23538.3,14273.4,41.0,23510.8,14300.4,23.2,1.0
9.450,11,23604.0,14229.0,15.0,23614.9,14180.2,41.9,23587.0,14245.4,22.8,1.1
9.450,12,23485.3,14411.0,15.0,23501.8,14419.0,23.4,23470.1,14357.8,51.8,1.5
9.450,13,23608.1,14150.1,15.0,23618.5,14101.7,40.3,23590.9,14168.2,22.8,1.2
9.467,0,23392.6,15298.8,15.0,23388.6,15313.5,22.8,23439.5,15280.7,53.2,1.3
9.467,1,23223.9,15211.4,15.0,23200.8,15227.2,21.9,23261.3,15205.4,26.9,1.3
9.467,2,23194.9,15290.7,15.0,23222.8,15297.1,22.4,23173.3,15275.7,21.8,1.3
9.467,3,23213.7,15294.3,15.0,23265.4,15304.5,43.0,23194.8,15276.7,23.2,0.9
9.467,4,23589.8,13680.5,15.0,23574.3,13673.6,22.9,23603.8,13729.0,49.6,0.9
9.467,5,23643.6,13427.2,15.0,23635.1,13470.1,32.1,23660.7,13405.1,22.3,1.3
9.467,6,23547.5,13530.5,15.0,23530.6,13512.5,22.7,23557.8,13578.1,40.5,1.0
9.467,7,22808.9,15259.8,15.0,22788.4,15276.3,21.7,22839.1,15252.8,23.0,1.5
9.467,8,23580.1,15028.3,15.0,23585.5,15081.4,55.8,23592.4,15017.9,23.3,1.0
9.467,9,23543.2,13463.7,15.0,23528.6,13458.2,22.7,23557.4,13511.4,51.5,1.1
9.467,10,23522.9,14304.9,15.0,23538.1,14281.4,37.1,23511.4,14300.3,23.3,1.0
9.467,11,23604.0,14230.8,15.0,23615.5,14181.8,43.2,23587.2,14244.8,22.8,1.1
9.467,12,23485.3,14413.4,15.0,23501.4,14420.6,23.3,23469.4,14359.9,54.9,1.5
9.467,13,23608.1,14152.0,15.0,23619.2,14102.6,42.5,23591.0,14167.4,22.9,1.2
9.483,0,23390.4,15298.9,15.0,23387.6,15313.0,22.7,23433.8,15281.0,50.6,1.3
9.483,1,23221.7,15211.3,15.0,23199.2,15227.4,22.1,23262.6,15204.8,29.8,1.3
9.483,2,23192.7,15290.7,15.0,23222.5,15297.2,22.8,23170.4,15275.3,21.5,1.3
9.483,3,23212.3,15294.4,15.0,23264.6,15305.1,44.6,23195.7,15276.8,23.3,0.9
9.483,4,23589.8,13679.1,15.0,23574.7,13673.3,22.9,23604.2,13727.8,51.9,0.9
9.483,5,23643.6,13425.1,15.0,23634.3,13470.7,35.7,23660.8,13405.0,22.5,1.3
9.483,6,23547.5,13528.7,15.0,23530.8,13513.5,22.7,23558.5,13577.2,42.5,1.0
9.483,7,22806.5,15259.8,15.0,22785.4,15276.6,21.7,22839.2,15252.6,23.9,1.5
9.483,8,23579.4,15026.7,15.0,23583.6,15077.8,55.1,23591.8,15017.8,23.3,1.0
9.483,9,23543.2,13461.8,15.0,23529.1,13457.7,22.7,23557.8,13508.6,52.6,1.1
9.483,10,23522.9,14306.7,15.0,23538.1,14286.6,34.6,23512.2,14299.8,23.2,1.0
9.483,11,23604.0,14232.7,15.0,23616.2,14183.9,43.9,23587.5,14244.4,22.8,1.1
9.483,12,23485.3,14415.9,15.0,23500.9,14422.3,23.1,23469.1,14363.8,55.2,1.5
9.483,13,23608.1,14154.0,15.0,23619.9,14104.5,43.5,23591.2,14167.1,22.9,1.2
9.500,0,23388.1,15299.1,15.0,23386.7,15312.4,22.6,23426.4,15281.5,46.2,1.3
9.500,1,23219.5,15211.3,15.0,23198.3,15227.6,22.3,23263.5,15204.2,33.2,1.3
9.500,2,23190.5,15290.7,15.0,23222.8,15297.5,24.1,23168.2,15275.0,21.6,1.3
9.500,3,23210.9,15294.4,15.0,23263.0,15305.7,45.2,23196.2,15277.0,23.3,0.9
9.500,4,23589.8,13677.7,15.0,23575.1,13673.1,22.9,23604.6,13726.2,53.9,0.9
9.500,5,23643.6,13422.9,15.0,23633.5,13470.8,39.0,23660.8,13405.0,22.7,1.3
9.500,6,23547.5,13527.0,15.0,23531.0,13513.9,22.7,23559.0,13575.2,43.1,1.0
9.500,7,22804.0,15259.8,15.0,22782.9,15277.0,21.8,22839.6,15252.3,25.4,1.5
9.500,8,23578.7,15025.1,15.0,23581.7,15074.2,54.5,23591.1,15017.8,23.3,1.0
9.500,9,23543.2,13460.0,15.0,23529.6,13457.2,22.7,23558.0,13504.6,52.0,1.1
9.500,10,23522.9,14308.4,15.0,23538.2,14291.6,32.6,23512.9,14299.3,23.3,1.0
9.500,11,23604.0,14234.5,15.0,23616.8,14186.0,45.2,23587.9,14244.4,22.8,1.1
9.500,12,23485.3,14418.3,15.0,23500.4,14423.8,23.0,23468.8,14368.5,54.5,1.5
9.500,13,23608.1,14155.9,15.0,23620.5,14106.7,44.2,23591.5,14166.9,22.9,1.2
9.517,0,23385.9,15299.2,15.0,23386.0,15311.7,22.5,23418.6,15282.1,41.7,1.3
9.517,1,23217.3,15211.2,15.0,23198.1,15227.7,22.6,23264.1,15203.4,36.8,1.3
9.517,2,23188.3,15290.7,15.0,23223.0,15297.8,25.5,23166.0,15274.6,21.7,1.3
9.517,3,23209.5,15294.4,15.0,23261.4,15306.3,45.7,23196.8,15277.2,23.3,0.9
9.517,4,23589.8,13676.2,15.0,23575.6,13672.7,22.9,23604.8,13723.1,53.3,0.9
9.517,5,23643.6,13420.8,15.0,23632.8,13469.8,41.3,23660.7,13405.3,22.9,1.3
9.517,6,23547.5,13525.3,15.0,23531.3,13514.4,22.7,23559.6,13573.2,43.7,1.0
9.517,7,22801.6,15259.8,15.0,22780.7,15277.3,22.0,22840.6,15251.9,27.7,1.5
9.517,8,23578.1,15023.5,15.0,23579.1,15067.9,49.8,23590.5,15017.9,23.3,1.0
9.517,9,23543.2,13458.2,15.0,23530.2,13456.7,22.7,23558.0,13499.3,49.5,1.1
9.517,10,23522.9,14310.1,15.0,23538.3,14296.7,31.0,23513.5,14298.6,23.2,1.0
9.517,11,23604.0,14236.4,15.0,23617.4,14188.2,47.0,23588.3,14244.7,22.8,1.1
9.517,12,23485.3,14420.7,15.0,23499.7,14424.9,22.8,23468.9,14375.6,50.2,1.5
9.517,13,23608.1,14157.8,15.0,23621.1,14108.9,45.9,23591.9,14167.2,22.9,1.2
9.533,0,23383.7,15299.3,15.0,23385.6,15311.1,22.5,23410.3,15282.8,37.5,1.3
9.533,1,23215.0,15211.1,15.0,23198.0,15227.6,22.8,23263.7,15202.6,39.7,1.3
9.533,2,23186.1,15290.7,15.0,23224.3,15298.3,28.3,23164.5,15274.4,21.9,1.3
9.533,3,23208.1,15294.4,15.0,23259.7,15306.8,46.8,23197.0,15277.5,23.3,0.9
9.533,4,23589.8,13674.8,15.0,23576.0,13672.4,22.9,23604.9,13719.9,52.8,0.9
9.533,5,23643.6,13418.7,15.0,23632.0,13468.4,43.0,23660.5,13405.4,23.0,1.3
9.533,6,23547.5,13523.5,15.0,23531.7,13514.3,22.7,23560.2,13571.2,45.4,1.0
9.533,7,22799.2,15259.8,15.0,22778.7,15277.5,22.3,22842.0,15251.3,30.8,1.5
9.533,8,23577.4,15021.9,15.0,23576.4,15061.0,45.7,23589.8,15018.0,23.3,1.0
9.533,9,23543.2,13456.3,15.0,23530.9,13456.4,22.7,23557.9,13492.3,45.2,1.1
9.533,10,23522.9,14311.8,15.0,23538.3,14301.8,29.8,23514.2,14297.7,23.2,1.0
9.533,11,23604.0,14238.3,15.0,23617.9,14190.0,49.5,23588.7,14245.1,22.8,1.1
9.533,12,23485.3,14423.1,15.0,23499.1,14426.0,22.7,23469.0,14383.7,45.7,1.5
9.533,13,23608.1,14159.8,15.0,23621.7,14111.1,47.7,23592.3,14167.7,22.9,1.2
9.550,0,23381.5,15299.4,15.0,23385.5,15310.3,22.4,23403.9,15283.2,34.7,1.3
9.550,1,23212.8,15211.0,15.0,23198.1,15227.5,22.9,23262.6,15201.7,42.0,1.3
9.550,2,23183.8,15290.7,15.0,23225.3,15298.9,31.3,23163.0,15274.1,22.0,1.3
9.550,3,23206.6,15294.5,15.0,23258.0,15307.3,48.3,23196.9,15277.8,23.3,0.9
9.550,4,23589.8,13673.4,15.0,23576.5,13672.2,22.9,23604.9,13715.5,50.5,0.9
9.550,5,23643.6,13416.5,15.0,23631.4,13466.2,43.8,23660.3,13405.2,23.0,1.3
9.550,6,23547.5,13521.8,15.0,23532.1,13514.1,22.7,23560.7,13569.1,47.1,1.0
9.550,7,22796.8,15259.8,15.0,22777.7,15277.7,22.6,22843.0,15250.5,34.4,1.5
9.550,8,23576.8,15020.3,15.0,23573.6,15054.0,41.2,23589.2,15018.4,23.3,1.0
9.550,9,23543.2,13454.5,15.0,23531.5,13456.1,22.6,23557.7,13485.0,41.0,1.1
9.550,10,23522.9,14313.5,15.0,23538.3,14308.7,28.2,23514.7,14296.9,23.2,1.0
9.550,11,23604.0,14240.1,15.0,23618.5,14191.6,52.4,23589.2,14245.6,22.8,1.1
9.550,12,23485.3,14425.5,15.0,23498.3,14426.7,22.6,23469.2,14392.0,40.9,1.5
9.550,13,23608.1,14161.7,15.0,23622.3,14112.8,50.5,23592.7,14168.3,22.9,1.2
9.567,0,23379.3,15299.5,15.0,23385.5,15309.6,22.4,23398.5,15283.3,32.6,1.3
9.567,1,23210.6,15210.9,15.0,23197.9,15227.3,23.1,23260.8,15200.9,43.3,1.3
9.567,2,23181.6,15290.7,15.0,23225.9,15299.7,34.7,23162.7,15274.0,22.3,1.3
9.567,3,23205.2,15294.5,15.0,23256.3,15307.9,49.9,23196.9,15278.2,23.3,0.9
9.567,4,23589.8,13672.0,15.0,23577.0,13671.9,22.9,23604.8,13710.0,47.0,0.9
9.567,5,23643.6,13414.4,15.0,23630.7,13463.9,45.0,23659.9,13404.7,23.0,1.3
9.567,6,23547.5,13520.1,15.0,23532.5,13513.8,22.7,23561.3,13567.6,49.7,1.0
9.567,7,22794.4,15259.8,15.0,22777.1,15277.7,23.0,22843.6,15249.7,38.4,1.5
9.567,8,23576.2,15018.7,15.0,23570.7,15046.3,37.2,23588.6,15018.8,23.3,1.0
9.567,9,23543.2,13452.6,15.0,23532.2,13456.0,22.6,23557.5,13477.2,37.0,1.1
9.567,10,23522.9,14315.2,15.0,23538.2,14316.6,26.6,23515.3,14296.0,23.2,1.0
9.567,11,23604.0,14242.0,15.0,23618.8,14194.8,53.1,23589.7,14246.1,22.8,1.1
9.567,12,23485.3,14427.9,15.0,23497.6,14427.1,22.5,23469.4,14400.6,37.0,1.5
9.567,13,23608.1,14163.7,15.0,23622.9,14114.5,53.5,23593.2,14169.0,22.9,1.2
9.583,0,23377.1,15299.6,15.0,23385.9,15308.8,22.3,23393.1,15283.6,31.1,1.3
9.583,1,23208.4,15210.8,15.0,23197.5,15227.0,23.1,23258.5,15200.2,44.1,1.3
9.583,2,23179.4,15290.7,15.0,23226.0,15300.5,38.2,23162.4,15274.0,22.5,1.3
9.583,3,23203.8,15294.5,15.0,23255.2,15308.4,52.3,23196.7,15278.6,23.3,0.9
9.583,4,23589.8,13670.6,15.0,23577.5,13671.7,22.9,23604.7,13704.2,43.8,0.9
9.583,5,23643.6,13412.3,15.0,23630.1,13461.6,46.9,23659.6,13403.8,23.0,1.3
9.583,6,23547.5,13518.3,15.0,23533.0,13513.4,22.7,23561.8,13566.0,52.5,1.0
9.583,7,22792.0,15259.8,15.0,22776.7,15277.7,23.2,22842.9,15248.8,41.2,1.5
9.583,8,23575.5,15017.0,15.0,23568.6,15041.3,34.7,23588.1,15019.5,23.3,1.0
9.583,9,23543.2,13450.8,15.0,23532.9,13456.2,22.6,23557.4,13470.7,34.0,1.1
9.583,10,23522.9,14316.9,15.0,23538.0,14325.2,25.2,23515.7,14295.1,23.2,1.0
9.583,11,23604.0,14243.9,15.0,23619.0,14198.8,52.5,23590.3,14246.6,22.8,1.1
9.583,12,23485.3,14430.4,15.0,23496.8,14427.0,22.4,23469.3,14406.1,34.7,1.5
9.583,13,23608.1,14165.6,15.0,23623.1,14118.4,53.1,23593.8,14169.6,22.8,1.2
9.600,0,23374.8,15299.7,15.0,23386.4,15308.1,22.3,23387.5,15283.8,29.9,1.3
9.600,1,23206.2,15210.8,15.0,23196.5,15226.7,23.0,23256.2,15199.4,45.6,1.3
9.600,2,23177.2,15290.7,15.0,23225.0,15301.2,40.4,23162.5,15274.1,22.7,1.3
9.600,3,23202.4,15294.6,15.0,23253.9,15308.9,54.7,23196.5,15279.0,23.3,0.9
9.600,4,23589.8,13669.2,15.0,23578.1,13671.7,22.9,23604.5,13698.3,40.3,0.9
9.600,5,23643.6,13410.1,15.0,23629.5,13459.5,49.2,23659.2,13402.8,22.9,1.3
9.600,6,23547.5,13516.6,15.0,23533.5,13513.0,22.7,23562.1,13562.6,52.5,1.0
9.600,7,22789.5,15259.7,15.0,22776.4,15277.5,23.5,22841.9,15248.0,43.6,1.5
9.600,8,23574.9,15015.4,15.0,23566.6,15036.6,32.5,23587.6,15020.3,23.3,1.0
9.600,9,23543.2,13448.9,15.0,23533.6,13456.5,22.6,23557.5,13465.8,31.9,1.1
9.600,10,23522.9,14318.6,15.0,23537.9,14334.4,24.3,23516.0,14294.4,23.2,1.0
9.600,11,23604.0,14245.7,15.0,23619.0,14204.5,49.4,23590.9,14247.0,22.8,1.1
9.600,12,23485.3,14432.8,15.0,23496.0,14426.9,22.4,23469.2,14411.7,32.7,1.5
9.600,13,23608.1,14167.5,15.0,23623.3,14122.6,52.5,23594.3,14170.3,22.8,1.2
9.617,0,23372.6,15299.8,15.0,23387.0,15307.5,22.2,23379.9,15284.3,28.0,1.3
9.617,1,23203.9,15210.7,15.0,23195.3,15226.3,23.0,23253.8,15198.7,47.6,1.3
9.617,2,23175.0,15290.7,15.0,23223.5,15301.9,42.2,23162.4,15274.3,22.8,1.3
9.617,3,23201.0,15294.6,15.0,23251.6,15309.2,55.6,23196.3,15279.4,23.3,0.9
9.617,4,23589.8,13667.7,15.0,23578.6,13671.7,22.9,23604.3,13692.0,37.1,0.9
9.617,5,23643.6,13408.0,15.0,23628.9,13457.7,52.2,23658.7,13401.7,22.8,1.3
9.617,6,23547.5,13514.9,15.0,23534.0,13512.6,22.7,23562.2,13558.8,51.9,1.0
9.617,7,22787.1,15259.7,15.0,22775.6,15277.3,23.6,22839.7,15247.3,44.8,1.5
9.617,8,23574.3,15013.8,15.0,23564.7,15031.7,31.0,23587.2,15021.3,23.2,1.0
9.617,9,23543.2,13447.1,15.0,23534.3,13457.0,22.6,23557.6,13460.6,30.3,1.1
9.617,10,23522.9,14320.3,15.0,23538.0,14342.3,24.0,23516.2,14293.8,23.3,1.0
9.617,11,23604.0,14247.6,15.0,23618.9,14211.7,45.2,23591.5,14247.4,22.8,1.1
9.617,12,23485.3,14435.2,15.0,23495.2,14426.4,22.3,23469.2,14417.5,31.5,1.5
9.617,13,23608.1,14169.5,15.0,23623.2,14129.3,48.2,23595.0,14170.8,22.7,1.2
9.633,0,23370.4,15299.9,15.0,23387.6,15306.9,22.3,23371.6,15284.8,26.3,1.3
9.633,1,23201.7,15210.6,15.0,23194.1,15225.8,22.9,23251.9,15198.0,50.3,1.3
9.633,2,23172.8,15290.7,15.0,23221.3,15302.6,43.0,23161.9,15274.5,22.9,1.3
9.633,3,23199.6,15294.6,15.0,23248.3,15309.5,55.1,23196.0,15279.9,23.3,0.9
9.633,4,23589.8,13666.3,15.0,23579.2,13671.9,22.9,23604.3,13686.8,34.7,0.9
9.633,5,23643.6,13405.9,15.0,23628.5,13454.6,53.3,23658.2,13400.7,22.8,1.3
9.633,6,23547.5,13513.1,15.0,23534.6,13512.3,22.7,23562.2,13553.1,48.6,1.0
9.633,7,22784.7,15259.7,15.0,22774.8,15277.0,23.6,22837.3,15246.5,45.6,1.5
9.633,8,23573.7,15012.2,15.0,23562.7,15026.8,29.8,23586.9,15022.4,23.3,1.0
9.633,9,23543.2,13445.2,15.0,23534.9,13457.7,22.6,23557.6,13455.4,29.0,1.1
9.633,10,23522.9,14322.0,15.0,23538.2,14348.2,23.8,23516.3,14293.3,23.2,1.0
9.633,11,23604.0,14249.4,15.0,23618.7,14219.1,40.8,23592.2,14247.6,22.7,1.1
9.633,12,23485.3,14437.6,15.0,23494.5,14425.8,22.3,23469.2,14424.1,30.0,1.5
9.633,13,23608.1,14171.4,15.0,23623.0,14136.7,44.1,23595.6,14171.3,22.7,1.2
9.650,0,23368.2,15300.0,15.0,23388.1,15306.4,22.3,23362.2,15285.3,24.4,1.3
9.650,1,23199.5,15210.5,15.0,23192.9,15225.3,22.8,23250.0,15197.3,53.3,1.3
9.650,2,23170.5,15290.7,15.0,23219.0,15303.2,44.1,23161.2,15274.8,22.9,1.3
9.650,3,23198.1,15294.6,15.0,23245.1,15309.7,54.6,23195.8,15280.4,23.3,0.9
9.650,4,23589.8,13664.9,15.0,23579.7,13672.2,22.9,23604.4,13682.9,33.0,0.9
9.650,5,23643.6,13403.7,15.0,23628.3,13450.3,52.7,23657.7,13399.7,22.7,1.3
9.650,6,23547.5,13511.4,15.0,23535.2,13512.0,22.7,23562.1,13546.4,44.6,1.0
9.650,7,22782.3,15259.7,15.0,22773.2,15276.7,23.5,22834.9,15245.8,47.6,1.5
9.650,8,23573.0,15010.5,15.0,23560.2,15019.9,28.0,23586.6,15023.5,23.2,1.0
9.650,9,23543.2,13443.4,15.0,23535.5,13458.4,22.6,23557.6,13448.8,27.5,1.1
9.650,10,23522.9,14323.7,15.0,23538.5,14352.9,23.8,23516.3,14293.1,23.3,1.0
9.650,11,23604.0,14251.3,15.0,23618.5,14227.1,36.8,23592.9,14247.7,22.7,1.1
9.650,12,23485.3,14440.0,15.0,23493.9,14425.2,22.2,23469.3,14432.6,27.9,1.5
9.650,13,23608.1,14173.4,15.0,23622.8,14144.3,39.6,23596.3,14171.4,22.7,1.2
9.667,0,23366.0,15300.1,15.0,23388.6,15306.1,22.3,23352.4,15285.8,23.4,1.3
9.667,1,23197.3,15210.5,15.0,23191.6,15224.8,22.7,23245.9,15196.9,53.0,1.3
9.667,2,23168.3,15290.7,15.0,23216.6,15303.8,45.9,23160.0,15275.1,22.8,1.3
9.667,3,23196.7,15294.7,15.0,23239.6,15309.7,50.8,23195.6,15280.9,23.3,0.9
9.667,4,23589.8,13663.5,15.0,23580.3,13672.6,22.9,23604.4,13678.8,31.4,0.9
9.667,5,23643.6,13401.6,15.0,23628.3,13444.5,49.8,23657.1,13398.7,22.6,1.3
9.667,6,23547.5,13509.7,15.0,23535.9,13511.8,22.7,23561.9,13539.3,40.5,1.0
9.667,7,22779.9,15259.7,15.0,22771.5,15276.3,23.4,22832.4,15245.1,49.8,1.5
9.667,8,23572.4,15008.9,15.0,23557.4,15012.3,26.5,23586.4,15024.6,23.3,1.0
9.667,9,23543.2,13441.5,15.0,23536.0,13459.1,22.6,23557.5,13440.9,25.9,1.1
9.667,10,23522.9,14325.4,15.0,23538.9,14355.2,23.5,23516.2,14293.1,23.6,1.0
9.667,11,23604.0,14253.2,15.0,23618.5,14233.2,34.0,23593.6,14247.5,22.7,1.1
9.667,12,23485.3,14442.4,15.0,23493.3,14424.5,22.3,23469.4,14441.8,25.9,1.5
9.667,13,23608.1,14175.3,15.0,23622.6,14152.6,35.7,23597.0,14171.5,22.7,1.2
9.683,0,23363.7,15300.2,15.0,23388.9,15305.9,22.4,23345.7,15286.0,22.6,1.3
9.683,1,23195.1,15210.4,15.0,23190.5,15224.2,22.6,23241.5,15196.5,52.4,1.3
9.683,2,23166.1,15290.8,15.0,23214.4,15304.5,48.2,23158.8,15275.5,22.7,1.3
9.683,3,23195.3,15294.7,15.0,23233.8,15309.7,47.3,23195.5,15281.5,23.3,0.9
9.683,4,23589.8,13662.1,15.0,23580.8,13673.2,22.9,23604.5,13674.7,30.3,0.9
9.683,5,23643.6,13399.5,15.0,23628.4,13437.2,45.5,23656.5,13398.0,22.6,1.3
9.683,6,23547.5,13507.9,15.0,23536.5,13511.8,22.7,23561.7,13531.8,36.7,1.0
9.683,7,22777.5,15259.7,15.0,22769.9,15275.9,23.3,22830.5,15244.5,52.9,1.5
9.683,8,23571.8,15007.3,15.0,23554.5,15003.8,25.1,23586.3,15025.5,23.3,1.0
9.683,9,23543.2,13439.7,15.0,23536.4,13459.8,22.6,23557.4,13432.3,24.5,1.1
9.683,10,23522.9,14327.1,15.0,23539.3,14357.2,23.3,23516.1,14293.0,24.0,1.0
9.683,11,23604.0,14255.0,15.0,23618.5,14238.2,31.9,23594.3,14247.1,22.7,1.1
9.683,12,23485.3,14444.9,15.0,23492.9,14423.9,22.3,23469.5,14451.9,24.2,1.5
9.683,13,23608.1,14177.2,15.0,23622.7,14157.6,33.4,23597.7,14171.2,22.6,1.2
9.700,0,23361.5,15300.3,15.0,23389.1,15305.8,22.5,23339.1,15286.0,22.3,1.3
9.700,1,23192.8,15210.3,15.0,23189.7,15223.6,22.5,23234.5,15196.3,47.8,1.3
9.700,2,23163.9,15290.8,15.0,23212.6,15305.1,51.1,23157.5,15275.9,22.6,1.3
9.700,3,23193.9,15294.7,15.0,23227.8,15309.7,43.8,23195.4,15282.0,23.3,0.9
9.700,4,23589.8,13660.7,15.0,23581.3,13673.8,22.9,23604.5,13670.6,29.3,0.9
9.700,5,23643.6,13397.4,15.0,23628.6,13429.5,41.1,23655.8,13397.5,22.5,1.3
9.700,6,23547.5,13506.2,15.0,23537.2,13512.0,22.7,23561.6,13525.8,33.9,1.0
9.700,7,22775.0,15259.7,15.0,22768.2,15275.4,23.1,22827.9,15243.9,55.2,1.5
9.700,8,23571.2,15005.7,15.0,23551.3,14994.9,24.3,23586.2,15026.4,23.3,1.0
9.700,9,23543.2,13437.8,15.0,23536.7,13460.4,22.6,23557.3,13423.0,23.6,1.1
9.700,10,23522.9,14328.8,15.0,23539.8,14358.6,23.3,23515.8,14292.5,25.3,1.0
9.700,11,23604.0,14256.9,15.0,23618.6,14243.4,30.3,23595.0,14246.5,22.7,1.1
9.700,12,23485.3,14447.3,15.0,23492.6,14423.5,22.4,23469.4,14460.4,23.1,1.5
9.700,13,23608.1,14179.2,15.0,23622.8,14162.8,31.4,23598.4,14170.9,22.7,1.2
9.717,0,23359.3,15300.4,15.0,23388.9,15305.9,22.8,23336.1,15285.7,22.0,1.3
9.717,1,23190.6,15210.2,15.0,23188.9,15222.9,22.5,23226.8,15196.2,43.6,1.3
9.717,2,23161.7,15290.8,15.0,23209.5,15305.5,52.3,23156.2,15276.4,22.5,1.3
9.717,3,23192.5,15294.8,15.0,23221.4,15309.6,40.2,23195.5,15282.6,23.3,0.9
9.717,4,23589.8,13659.2,15.0,23581.8,13674.4,22.9,23604.5,13665.5,28.1,0.9
9.717,5,23643.6,13395.2,15.0,23628.8,13421.2,36.9,23655.1,13397.2,22.5,1.3
9.717,6,23547.5,13504.5,15.0,23537.9,13512.4,22.7,23561.7,13521.0,31.9,1.0
9.717,7,22772.6,15259.7,15.0,22766.5,15274.9,22.9,22823.3,15243.6,54.6,1.5
9.717,8,23570.7,15004.0,15.0,23548.8,14987.8,23.9,23586.1,15027.1,23.3,1.0
9.717,9,23543.2,13436.0,15.0,23536.9,13460.8,22.6,23557.3,13415.5,23.2,1.1
9.717,10,23522.9,14330.5,15.0,23540.2,14359.9,23.3,23515.4,14292.0,26.8,1.0
9.717,11,23604.0,14258.7,15.0,23618.7,14248.7,29.1,23595.6,14245.8,22.7,1.1
9.717,12,23485.3,14449.7,15.0,23492.4,14423.2,22.5,23469.2,14467.5,22.3,1.5
9.717,13,23608.1,14181.1,15.0,23622.8,14168.1,30.1,23599.1,14170.3,22.6,1.2
9.733,0,23357.1,15300.5,15.0,23388.7,15306.0,23.3,23333.2,15285.4,21.8,1.3
9.733,1,23188.4,15210.2,15.0,23188.4,15222.2,22.4,23218.9,15196.1,39.1,1.3
9.733,2,23159.4,15290.8,15.0,23205.2,15305.7,51.7,23155.1,15276.9,22.5,1.3
9.733,3,23191.1,15294.8,15.0,23214.7,15309.6,37.0,23195.6,15283.2,23.3,0.9
9.733,4,23589.8,13657.8,15.0,23582.2,13675.0,22.9,23604.4,13659.2,26.7,0.9
9.733,5,23643.6,13393.1,15.0,23628.8,13415.0,34.2,23654.4,13397.2,22.4,1.3
9.733,6,23547.5,13502.8,15.0,23538.5,13512.9,22.7,23561.8,13516.1,30.3,1.0
9.733,7,22770.2,15259.7,15.0,22765.3,15274.3,22.8,22817.8,15243.5,52.5,1.5
9.733,8,23570.1,15002.4,15.0,23546.6,14982.1,23.8,23586.1,15027.6,23.3,1.0
9.733,9,23543.2,13434.1,15.0,23537.0,13461.1,22.6,23557.5,13409.5,23.0,1.1
9.733,10,23522.9,14332.2,15.0,23540.5,14360.6,23.3,23514.9,14290.5,29.5,1.0
9.733,11,23604.0,14260.6,15.0,23618.6,14255.8,27.4,23596.2,14245.1,22.7,1.1
9.733,12,23485.3,14452.1,15.0,23492.4,14423.2,22.8,23468.9,14472.2,22.0,1.5
9.733,13,23608.1,14183.1,15.0,23622.9,14173.5,28.9,23599.8,14169.6,22.6,1.2
9.750,0,23354.9,15300.6,15.0,23389.1,15306.3,24.7,23331.1,15285.1,21.9,1.3
9.750,1,23186.2,15210.1,15.0,23188.1,15221.5,22.3,23210.9,15196.1,35.5,1.3
9.750,2,23157.2,15290.8,15.0,23199.5,15305.7,48.9,23153.9,15277.5,22.4,1.3
9.750,3,23189.6,15294.8,15.0,23210.4,15309.7,35.0,23196.0,15283.8,23.3,0.9
9.750,4,23589.8,13656.4,15.0,23582.6,13675.7,22.9,23604.3,13652.8,25.7,0.9
9.750,5,23643.6,13391.0,15.0,23628.7,13409.8,32.1,23653.6,13397.3,22.4,1.3
9.750,6,23547.5,13501.0,15.0,23539.1,13513.6,22.7,23561.8,13511.1,29.1,1.0
9.750,7,22767.8,15259.7,15.0,22764.2,15273.7,22.7,22810.0,15243.6,47.8,1.5
9.750,8,23569.5,15000.7,15.0,23545.0,14978.3,23.8,23586.1,15027.8,23.4,1.0
9.750,9,23543.2,13432.3,15.0,23537.0,13461.1,22.8,23557.9,13405.6,23.0,1.1
9.750,10,23522.9,14334.0,15.0,23540.8,14361.3,23.3,23514.3,14289.2,32.5,1.0
9.750,11,23604.0,14262.5,15.0,23618.5,14263.9,25.9,23596.7,14244.3,22.7,1.1
9.750,12,23485.3,14454.5,15.0,23492.5,14423.3,23.2,23468.5,14475.4,21.7,1.5
9.750,13,23608.1,14185.0,15.0,23622.7,14181.6,26.9,23600.3,14168.9,22.6,1.2
9.767,0,23352.6,15300.7,15.0,23389.6,15306.7,26.4,23329.0,15284.9,22.0,1.3
9.767,1,23184.0,15210.0,15.0,23188.2,15220.7,22.3,23205.7,15195.8,33.3,1.3
9.767,2,23155.0,15290.8,15.0,23192.2,15305.6,44.7,23153.0,15278.1,22.3,1.3
9.767,3,23188.2,15294.8,15.0,23206.3,15309.8,33.2,23196.5,15284.3,23.3,0.9
9.767,4,23589.8,13655.0,15.0,23582.9,13676.2,22.9,23604.2,13645.6,24.5,0.9
9.767,5,23643.6,13388.8,15.0,23628.6,13404.4,30.7,23652.9,13397.8,22.3,1.3
9.767,6,23547.5,13499.3,15.0,23539.7,13514.3,22.7,23561.8,13505.1,27.7,1.0
9.767,7,22765.4,15259.7,15.0,22763.2,15273.0,22.6,22801.9,15243.7,43.2,1.5
9.767,8,23568.9,14999.1,15.0,23543.9,14976.2,23.5,23586.1,15027.8,23.7,1.0
9.767,9,23543.2,13430.4,15.0,23536.9,13460.9,23.0,23558.3,13403.2,22.7,1.1
9.767,10,23522.9,14335.7,15.0,23540.9,14360.7,23.2,23513.6,14288.3,35.9,1.0
9.767,11,23604.0,14264.3,15.0,23618.3,14272.7,24.4,23597.1,14243.7,22.7,1.1
9.767,12,23485.3,14456.9,15.0,23492.7,14423.0,24.4,23468.1,14478.1,21.8,1.5
9.767,13,23608.1,14186.9,15.0,23622.6,14189.8,25.5,23600.8,14168.1,22.6,1.2
9.783,0,23350.4,15300.8,15.0,23391.0,15307.2,29.3,23327.4,15284.6,22.2,1.3
9.783,1,23181.7,15210.0,15.0,23188.4,15220.0,22.2,23200.3,15195.5,31.4,1.3
9.783,2,23152.8,15290.8,15.0,23184.6,15305.4,40.4,23152.4,15278.8,22.2,1.3
9.783,3,23186.8,15294.9,15.0,23202.1,15310.0,31.7,23197.0,15284.9,23.3,0.9
9.783,4,23589.8,13653.6,15.0,23583.1,13676.8,22.9,23604.1,13638.2,23.9,0.9
9.783,5,23643.6,13386.7,15.0,23628.6,13399.0,29.5,23652.3,13398.3,22.3,1.3
9.783,6,23547.5,13497.6,15.0,23540.2,13515.0,22.7,23561.7,13497.5,26.1,1.0
9.783,7,22763.0,15259.7,15.0,22762.7,15272.2,22.5,22793.4,15243.9,38.8,1.5
9.783,8,23568.4,14997.5,15.0,23542.9,14974.5,23.3,23586.3,15028.0,24.4,1.0
9.783,9,23543.2,13428.6,15.0,23536.7,13461.1,23.9,23558.7,13401.3,22.6,1.1
9.783,10,23522.9,14337.4,15.0,23541.0,14360.1,23.3,23512.8,14287.7,39.5,1.0
9.783,11,23604.0,14266.2,15.0,23618.3,14282.1,23.6,23597.4,14243.0,22.7,1.1
9.783,12,23485.3,14459.4,15.0,23493.1,14422.6,26.0,23467.8,14480.7,21.9,1.5
9.783,13,23608.1,14188.9,15.0,23622.5,14199.2,24.0,23601.2,14167.5,22.6,1.2
9.800,0,23348.2,15300.9,15.0,23392.1,15307.9,32.5,23326.2,15284.5,22.4,1.3
9.800,1,23179.5,15209.9,15.0,23188.9,15219.3,22.2,23194.9,15195.3,30.2,1.3
9.800,2,23150.6,15290.8,15.0,23176.4,15305.2,36.3,23152.0,15279.5,22.2,1.3
9.800,3,23185.4,15294.9,15.0,23197.9,15310.1,30.6,23197.7,15285.5,23.3,0.9
9.800,4,23589.8,13652.2,15.0,23583.3,13677.2,22.9,23604.1,13631.7,23.7,0.9
9.800,5,23643.6,13384.6,15.0,23628.7,13391.4,27.6,23651.7,13398.9,22.3,1.3
9.800,6,23547.5,13495.8,15.0,23540.6,13515.7,22.7,23561.6,13489.4,24.8,1.0
9.800,7,22760.5,15259.7,15.0,22762.5,15271.5,22.4,22786.3,15243.9,35.7,1.5
9.800,8,23567.8,14995.8,15.0,23542.1,14973.2,23.3,23586.6,15028.4,25.7,1.0
9.800,9,23543.2,13426.7,15.0,23536.4,13461.4,25.2,23559.1,13399.7,22.6,1.1
9.800,10,23522.9,14339.1,15.0,23541.0,14359.0,23.2,23512.1,14288.3,41.8,1.0
9.800,11,23604.0,14268.1,15.0,23618.4,14289.2,23.3,23597.6,14242.6,22.7,1.1
9.800,12,23485.3,14461.8,15.0,23493.6,14421.2,28.8,23467.5,14482.7,22.2,1.5
9.800,13,23608.1,14190.8,15.0,23622.5,14208.4,23.5,23601.5,14166.9,22.7,1.2
9.817,0,23346.0,15301.0,15.0,23392.8,15308.6,36.1,23325.9,15284.4,22.6,1.3
9.817,1,23177.3,15209.8,15.0,23189.4,15218.7,22.2,23188.6,15195.1,28.8,1.3
9.817,2,23148.4,15290.8,15.0,23170.3,15305.2,33.7,23151.8,15280.2,22.1,1.3
9.817,3,23184.0,15294.9,15.0,23193.5,15310.2,29.7,23198.4,15286.0,23.3,0.9
9.817,4,23589.8,13650.7,15.0,23583.4,13677.5,22.9,23604.3,13627.0,23.4,0.9
9.817,5,23643.6,13382.4,15.0,23628.8,13383.2,26.0,23651.1,13399.6,22.3,1.3
9.817,6,23547.5,13494.1,15.0,23540.9,13516.3,22.7,23561.5,13480.6,23.8,1.0
9.817,7,22758.1,15259.7,15.0,22762.5,15270.7,22.3,22780.8,15243.8,33.6,1.5
9.817,8,23567.2,14994.2,15.0,23541.5,14972.1,23.3,23587.2,15029.2,27.5,1.0
9.817,9,23543.2,13424.9,15.0,23535.9,13462.3,27.2,23559.5,13398.5,22.6,1.1
9.817,10,23522.9,14340.8,15.0,23540.9,14357.9,23.2,23511.3,14289.1,43.9,1.0
9.817,11,23604.0,14269.9,15.0,23618.6,14295.3,23.1,23597.7,14242.3,22.7,1.1
9.817,12,23485.3,14464.2,15.0,23494.3,14419.9,32.0,23467.3,14484.6,22.4,1.5
9.817,13,23608.1,14192.7,15.0,23622.7,14214.6,23.0,23601.6,14166.6,22.7,1.2
9.833,0,23343.8,15301.1,15.0,23392.8,15309.5,39.5,23325.8,15284.3,22.8,1.3
9.833,1,23175.1,15209.8,15.0,23190.0,15218.1,22.1,23180.4,15195.0,26.9,1.3
9.833,2,23146.1,15290.8,15.0,23165.2,15305.4,31.7,23151.9,15280.9,22.1,1.3
9.833,3,23182.6,15294.9,15.0,23187.5,15310.2,28.2,23199.2,15286.4,23.3,0.9
9.833,4,23589.8,13649.3,15.0,23583.5,13677.8,22.9,23604.5,13622.2,23.5,0.9
9.833,5,23643.6,13380.3,15.0,23628.9,13373.9,24.3,23650.7,13400.1,22.3,1.3
9.833,6,23547.5,13492.4,15.0,23541.1,13516.8,22.7,23561.4,13472.5,23.5,1.0
9.833,7,22755.7,15259.6,15.0,22762.8,15269.9,22.3,22775.1,15243.7,32.0,1.5
9.833,8,23566.7,14992.5,15.0,23541.0,14971.5,23.3,23588.1,15030.4,30.4,1.0
9.833,9,23543.2,13423.0,15.0,23535.4,13463.6,30.1,23559.8,13397.6,22.6,1.1
9.833,10,23522.9,14342.5,15.0,23540.6,14357.2,23.2,23510.7,14290.8,44.9,1.0
9.833,11,23604.0,14271.8,15.0,23618.9,14298.8,23.0,23597.7,14242.3,22.9,1.1
9.833,12,23485.3,14466.6,15.0,23495.1,14419.1,35.8,23467.2,14485.3,22.8,1.5
9.833,13,23608.1,14194.7,15.0,23622.9,14220.4,22.9,23601.7,14166.4,22.7,1.2
9.850,0,23341.5,15301.2,15.0,23391.8,15310.3,41.8,23326.0,15284.4,23.0,1.3
9.850,1,23172.9,15209.7,15.0,23190.6,15217.6,22.2,23171.7,15194.8,25.2,1.3
9.850,2,23143.9,15290.8,15.0,23159.8,15305.4,30.3,23152.2,15281.6,22.0,1.3
9.850,3,23181.1,15295.0,15.0,23180.8,15310.3,26.8,23199.9,15286.8,23.3,0.9
9.850,4,23589.8,13647.9,15.0,23583.4,13677.7,23.0,23604.8,13619.8,23.3,0.9
9.850,5,23643.6,13378.2,15.0,23629.0,13364.3,23.3,23650.4,13400.7,22.4,1.3
9.850,6,23547.5,13490.6,15.0,23541.3,13517.1,22.7,23561.6,13466.8,23.2,1.0
9.850,7,22753.3,15259.6,15.0,22763.4,15269.1,22.2,22769.4,15243.7,30.8,1.5
9.850,8,23566.1,14990.9,15.0,23540.7,14971.1,23.3,23589.0,15031.4,33.5,1.0
9.850,9,23543.2,13421.2,15.0,23534.7,13464.5,33.2,23560.0,13397.5,22.6,1.1
9.850,10,23522.9,14344.2,15.0,23540.3,14356.5,23.3,23510.1,14292.7,45.6,1.0
9.850,11,23604.0,14273.6,15.0,23619.4,14301.2,22.7,23597.6,14242.5,23.2,1.1
9.850,12,23485.3,14469.0,15.0,23495.9,14418.7,39.7,23467.1,14485.9,23.2,1.5
9.850,13,23608.1,14196.6,15.0,23623.3,14222.9,22.6,23601.6,14166.5,23.0,1.2
9.867,0,23339.3,15301.3,15.0,23390.3,15311.1,43.5,23325.9,15284.6,23.2,1.3
9.867,1,23170.6,15209.6,15.0,23191.1,15217.3,22.2,23162.1,15194.7,23.7,1.3
9.867,2,23141.7,15290.8,15.0,23154.4,15305.5,29.2,23152.6,15282.3,22.0,1.3
9.867,3,23179.7,15295.0,15.0,23173.9,15310.3,25.7,23200.7,15287.2,23.3,0.9
9.867,4,23589.8,13646.5,15.0,23583.4,13677.7,23.2,23605.1,13618.0,23.1,0.9
9.867,5,23643.6,13376.0,15.0,23628.8,13357.6,22.7,23650.2,13400.9,22.4,1.3
9.867,6,23547.5,13488.9,15.0,23541.3,13517.3,22.8,23561.9,13461.7,23.2,1.0
9.867,7,22750.9,15259.6,15.0,22763.9,15268.5,22.2,22761.6,15243.7,28.8,1.5
9.867,8,23565.6,14989.2,15.0,23540.8,14971.7,23.2,23589.8,15032.0,37.1,1.0
9.867,9,23543.2,13419.3,15.0,23534.0,13465.0,36.7,23560.1,13397.9,22.6,1.1
9.867,10,23522.9,14345.9,15.0,23540.0,14356.3,23.3,23509.5,14294.7,47.0,1.0
9.867,11,23604.0,14275.5,15.0,23619.8,14303.0,22.6,23597.3,14242.2,24.2,1.1
9.867,12,23485.3,14471.4,15.0,23496.8,14419.6,42.2,23467.2,14486.1,23.4,1.5
9.867,13,23608.1,14198.6,15.0,23623.8,14225.4,22.4,23601.4,14166.6,23.4,1.2
9.883,0,23337.1,15301.3,15.0,23388.1,15311.9,44.3,23325.5,15284.9,23.2,1.3
9.883,1,23168.4,15209.6,15.0,23191.5,15217.0,22.2,23153.9,15194.4,22.8,1.3
9.883,2,23139.5,15290.8,15.0,23146.8,15305.4,27.3,23153.1,15282.8,22.0,1.3
9.883,3,23178.3,15295.0,15.0,23166.3,15310.3,24.7,23201.3,15287.5,23.3,0.9
9.883,4,23589.8,13645.1,15.0,23583.2,13677.7,23.7,23605.5,13616.3,22.9,0.9
9.883,5,23643.6,13373.9,15.0,23628.6,13351.1,22.4,23650.1,13401.2,22.5,1.3
9.883,6,23547.5,13487.2,15.0,23541.2,13517.1,23.0,23562.3,13459.5,23.0,1.0
9.883,7,22748.5,15259.6,15.0,22764.6,15267.9,22.2,22753.0,15243.8,27.0,1.5
9.883,8,23565.0,14987.6,15.0,23541.0,14972.4,23.3,23590.5,15032.1,40.5,1.0
9.883,9,23543.2,13417.5,15.0,23533.2,13464.7,39.4,23560.1,13398.6,22.6,1.1
9.883,10,23522.9,14347.6,15.0,23539.6,14356.4,23.3,23508.9,14296.8,48.8,1.0
9.883,11,23604.0,14277.4,15.0,23620.2,14304.6,22.6,23597.0,14241.9,25.5,1.1
9.883,12,23485.3,14473.9,15.0,23497.6,14421.0,44.4,23467.4,14486.5,23.6,1.5
9.883,13,23608.1,14200.5,15.0,23624.2,14227.1,22.5,23601.2,14166.2,24.7,1.2
9.900,0,23334.9,15301.4,15.0,23385.8,15312.7,45.6,23324.7,15285.2,23.2,1.3
9.900,1,23166.2,15209.5,15.0,23191.7,15216.8,22.3,23147.3,15194.0,22.3,1.3
9.900,2,23137.3,15290.8,15.0,23138.6,15305.3,25.8,23153.7,15283.4,22.0,1.3
9.900,3,23176.9,15295.0,15.0,23158.6,15310.4,24.2,23201.9,15287.7,23.3,0.9
9.900,4,23589.8,13643.7,15.0,23583.0,13678.0,24.7,23605.8,13615.2,22.9,0.9
9.900,5,23643.6,13371.8,15.0,23628.2,13348.3,22.1,23650.2,13401.0,22.8,1.3
9.900,6,23547.5,13485.4,15.0,23541.1,13517.0,23.3,23562.7,13457.3,22.7,1.0
9.900,7,22746.0,15259.6,15.0,22765.2,15267.4,22.2,22743.2,15243.9,24.9,1.5
9.900,8,23564.5,14985.9,15.0,23541.5,14973.4,23.2,23590.8,15031.3,42.6,1.0
9.900,9,23543.2,13415.6,15.0,23532.5,13463.8,41.5,23560.0,13399.5,22.7,1.1
9.900,10,23522.9,14349.3,15.0,23539.1,14356.6,23.3,23508.3,14298.5,51.2,1.0
9.900,11,23604.0,14279.2,15.0,23620.5,14305.7,22.7,23596.5,14240.8,27.8,1.1
9.900,12,23485.3,14476.3,15.0,23498.3,14423.3,45.3,23467.7,14487.3,23.7,1.5
9.900,13,23608.1,14202.4,15.0,23624.5,14228.6,22.5,23600.8,14165.7,26.3,1.2
9.917,0,23332.7,15301.5,15.0,23383.4,15313.4,47.5,23323.6,15285.6,23.1,1.3
9.917,1,23164.0,15209.5,15.0,23191.7,15216.8,22.5,23142.6,15193.6,22.0,1.3
9.917,2,23135.1,15290.8,15.0,23129.5,15305.2,24.0,23154.1,15283.8,22.0,1.3
9.917,3,23175.5,15295.1,15.0,23152.9,15310.6,24.0,23202.4,15287.9,23.3,0.9
9.917,4,23589.8,13642.2,15.0,23582.7,13678.3,25.7,23606.1,13614.0,22.9,0.9
9.917,5,23643.6,13369.6,15.0,23627.8,13345.5,21.9,23650.3,13400.8,23.2,1.3
9.917,6,23547.5,13483.7,15.0,23540.8,13517.4,24.5,23563.1,13455.9,22.7,1.0
9.917,7,22743.6,15259.6,15.0,22765.7,15267.0,22.3,22733.1,15244.0,23.6,1.5
9.917,8,23564.0,14984.3,15.0,23542.0,14974.3,23.3,23591.1,15030.2,44.6,1.0
9.917,9,23543.2,13413.8,15.0,23531.9,13462.1,42.8,23559.8,13400.0,22.7,1.1
9.917,10,23522.9,14351.0,15.0,23538.6,14356.8,23.3,23507.8,14300.0,54.1,1.0
9.917,11,23604.0,14281.1,15.0,23620.8,14306.6,22.7,23596.0,14239.5,30.7,1.1
9.917,12,23485.3,14478.7,15.0,23499.0,14425.7,46.5,23468.0,14488.4,23.7,1.5
9.917,13,23608.1,14204.4,15.0,23624.8,14229.7,22.6,23600.2,14164.4,29.1,1.2
9.933,0,23330.4,15301.6,15.0,23381.3,15314.2,50.0,23322.4,15286.1,23.0,1.3
9.933,1,23161.8,15209.4,15.0,23191.5,15216.9,22.9,23139.7,15193.1,21.7,1.3
9.933,2,23132.8,15290.8,15.0,23120.0,15305.1,23.0,23154.5,15284.1,22.1,1.3
9.933,3,23174.1,15295.1,15.0,23148.0,15310.8,23.8,23202.7,15287.9,23.3,0.9
9.933,4,23589.8,13640.8,15.0,23582.4,13679.2,27.6,23606.4,13613.3,22.9,0.9
9.933,5,23643.6,13367.5,15.0,23627.4,13343.5,22.0,23650.6,13401.1,24.5,1.3
9.933,6,23547.5,13482.0,15.0,23540.5,13517.7,25.8,23563.5,13454.5,22.7,1.0
9.933,7,22741.2,15259.6,15.0,22766.0,15266.8,22.4,22726.2,15243.8,22.6,1.5
9.933,8,23563.5,14982.6,15.0,23542.5,14974.8,23.3,23590.9,15028.2,45.2,1.0
9.933,9,23543.2,13412.0,15.0,23531.3,13460.0,43.5,23559.5,13400.4,22.7,1.1
9.933,10,23522.9,14352.7,15.0,23538.1,14357.1,23.3,23507.4,14302.6,55.4,1.0
9.933,11,23604.0,14283.0,15.0,23621.0,14306.5,22.7,23595.3,14238.7,34.0,1.1
9.933,12,23485.3,14481.1,15.0,23499.7,14428.2,48.5,23468.3,14490.0,23.6,1.5
9.933,13,23608.1,14206.3,15.0,23625.1,14230.5,22.6,23599.6,14163.3,32.2,1.2
9.950,0,23328.2,15301.7,15.0,23379.5,15314.9,53.1,23321.1,15286.5,22.9,1.3
9.950,1,23159.5,15209.3,15.0,23191.5,15217.1,23.8,23137.2,15192.7,21.7,1.3
9.950,2,23130.6,15290.8,15.0,23113.5,15305.3,22.3,23154.7,15284.3,22.1,1.3
9.950,3,23172.6,15295.1,15.0,23143.7,15311.1,23.9,23203.0,15288.0,23.3,0.9
9.950,4,23589.8,13639.4,15.0,23581.9,13680.3,29.8,23606.6,13612.6,22.9,0.9
9.950,5,23643.6,13365.4,15.0,23627.0,13341.6,22.1,23650.9,13401.5,26.1,1.3
9.950,6,23547.5,13480.2,15.0,23540.0,13519.1,28.4,23563.8,13453.7,22.7,1.0
9.950,7,22738.8,15259.6,15.0,22766.2,15266.7,22.5,22719.4,15243.5,22.1,1.5
9.950,8,23562.9,14980.9,15.0,23543.1,14975.2,23.3,23590.8,15026.1,46.0,1.0
9.950,9,23543.2,13410.1,15.0,23530.7,13457.9,44.8,23559.1,13400.4,22.7,1.1
9.950,10,23522.9,14354.4,15.0,23537.5,14357.4,23.3,23507.2,14306.5,54.8,1.0
9.950,11,23604.0,14284.8,15.0,23621.1,14306.1,22.8,23594.5,14238.1,37.6,1.1
9.950,12,23485.3,14483.5,15.0,23500.4,14430.5,51.0,23468.7,14491.6,23.4,1.5
9.950,13,23608.1,14208.3,15.0,23625.2,14230.2,22.7,23598.9,14162.6,35.7,1.2
9.967,0,23326.0,15301.8,15.0,23376.0,15315.4,53.7,23320.0,15287.1,22.8,1.3
9.967,1,23157.3,15209.3,15.0,23191.9,15217.4,25.3,23135.0,15192.3,21.8,1.3
9.967,2,23128.4,15290.8,15.0,23107.4,15305.5,22.0,23154.8,15284.4,22.2,1.3
9.967,3,23171.2,15295.1,15.0,23141.8,15311.5,23.6,23203.0,15287.9,23.5,0.9
9.967,4,23589.8,13638.0,15.0,23581.4,13681.2,32.2,23606.9,13612.2,22.9,0.9
9.967,5,23643.6,13363.3,15.0,23626.8,13340.1,22.2,23651.5,13402.9,28.9,1.3
9.967,6,23547.5,13478.5,15.0,23539.4,13520.2,31.2,23564.1,13452.9,22.7,1.0
9.967,7,22736.4,15259.6,15.0,22766.1,15266.8,22.9,22716.1,15243.1,21.8,1.5
9.967,8,23562.4,14979.3,15.0,23543.4,14975.0,23.3,23590.6,15024.1,47.8,1.0
9.967,9,23543.2,13408.3,15.0,23530.1,13455.7,46.6,23558.7,13400.1,22.7,1.1
9.967,10,23522.9,14356.1,15.0,23536.9,14357.7,23.3,23507.1,14311.3,52.9,1.0
9.967,11,23604.0,14286.7,15.0,23621.1,14305.3,22.8,23593.8,14238.6,40.1,1.1
9.967,12,23485.3,14485.9,15.0,23501.0,14432.4,54.2,23469.1,14493.4,23.3,1.5
9.967,13,23608.1,14210.2,15.0,23625.3,14229.8,22.8,23598.1,14162.4,39.1,1.2
9.983,0,23323.8,15301.8,15.0,23371.6,15315.8,53.1,23318.9,15287.7,22.8,1.3
9.983,1,23155.1,15209.2,15.0,23192.9,15217.9,27.6,23133.2,15191.9,22.0,1.3
9.983,2,23126.2,15290.8,15.0,23104.5,15305.9,21.7,23154.5,15284.3,22.5,1.3
9.983,3,23169.8,15295.1,15.0,23140.0,15311.9,23.4,23203.0,15287.8,23.8,0.9
9.983,4,23589.8,13636.6,15.0,23580.8,13681.8,34.9,23607.0,13612.6,22.9,0.9
9.983,5,23643.6,13361.1,15.0,23626.5,13338.9,22.3,23652.1,13404.0,32.0,1.3
9.983,6,23547.5,13476.8,15.0,23538.7,13520.9,34.4,23564.3,13453.3,22.7,1.0
9.983,7,22734.0,15259.6,15.0,22766.0,15266.9,23.6,22713.1,15242.7,21.6,1.5
9.983,8,23561.9,14977.6,15.0,23543.8,14974.7,23.3,23590.4,15021.9,49.7,1.0
9.983,9,23543.2,13406.4,15.0,23529.5,13454.0,49.0,23558.3,13399.7,22.7,1.1
9.983,10,23522.9,14357.8,15.0,23536.3,14357.9,23.3,23507.2,14318.1,48.5,1.0
9.983,11,23604.0,14288.5,15.0,23621.0,14304.4,22.8,23593.0,14239.6,42.3,1.1
9.983,12,23485.3,14488.4,15.0,23501.5,14435.8,55.3,23469.6,14495.0,23.1,1.5
9.983,13,23608.1,14212.1,15.0,23625.2,14229.1,22.8,23597.4,14163.3,41.2,1.2
10.000,0,23321.6,15301.9,15.0,23365.3,15316.0,49.6,23317.8,15288.3,22.6,1.3
10.000,1,23152.9,15209.2,15.0,23194.0,15218.5,30.6,23131.7,15191.6,22.2,1.3
10.000,2,23124.0,15290.8,15.0,23101.6,15306.3,21.5,23154.3,15284.2,23.0,1.3
10.000,3,23168.4,15295.2,15.0,23138.6,15312.3,23.3,23203.3,15287.6,24.5,0.9
10.000,4,23589.8,13635.2,15.0,23580.2,13682.2,37.8,23607.1,13613.0,22.9,0.9
10.000,5,23643.6,13359.0,15.0,23626.4,13338.9,22.5,23652.9,13404.6,35.6,1.3
10.000,6,23547.5,13475.1,15.0,23538.0,13521.4,37.8,23564.4,13453.8,22.7,1.0
10.000,7,22731.5,15259.6,15.0,22766.4,15267.2,25.0,22710.5,15242.4,21.8,1.5
10.000,8,23561.4,14976.0,15.0,23544.2,14974.3,23.3,23590.5,15020.5,52.6,1.0
10.000,9,23543.2,13404.6,15.0,23529.0,13452.3,51.9,23557.8,13399.3,22.7,1.1
10.000,10,23522.9,14359.6,15.0,23535.6,14358.0,23.3,23507.4,14325.3,44.3,1.0
10.000,11,23604.0,14290.4,15.0,23620.7,14303.9,22.8,23592.4,14241.4,43.3,1.1
10.000,12,23485.3,14490.8,15.0,23501.7,14440.5,54.7,23470.1,14496.4,23.0,1.5
10.000,13,23608.1,14214.1,15.0,23625.0,14228.5,22.9,23596.6,14164.5,43.1,1.2
10.017,0,23319.3,15302.0,15.0,23357.7,15316.2,45.3,23317.0,15289.0,22.6,1.3
10.017,1,23150.7,15209.1,15.0,23194.8,15219.2,34.0,23131.0,15191.5,22.4,1.3
10.017,2,23121.7,15290.8,15.0,23099.5,15306.7,21.6,23154.5,15283.9,24.4,1.3
10.017,3,23167.0,15295.2,15.0,23137.4,15312.6,23.3,23203.7,15287.4,25.6,0.9
10.017,4,23589.8,13633.7,15.0,23579.6,13682.0,39.9,23607.1,13613.7,22.9,0.9
10.017,5,23643.6,13356.9,15.0,23626.4,13338.8,22.7,23653.6,13404.7,39.0,1.3
10.017,6,23547.5,13473.3,15.0,23537.3,13520.7,40.0,23564.3,13454.7,22.7,1.0
10.017,7,22729.1,15259.6,15.0,22767.2,15267.6,27.0,22708.2,15242.0,22.0,1.5
10.017,8,23560.9,14974.3,15.0,23544.6,14973.9,23.3,23590.4,15018.9,55.6,1.0
10.017,9,23543.2,13402.7,15.0,23528.6,13449.2,52.5,23557.3,13398.8,22.7,1.1
10.017,10,23522.9,14361.3,15.0,23535.0,14357.9,23.2,23507.6,14332.9,40.0,1.0
10.017,11,23604.0,14292.3,15.0,23620.4,14303.5,22.8,23591.8,14243.5,44.0,1.1
10.017,12,23485.3,14493.2,15.0,23501.7,14446.9,51.3,23470.7,14497.9,22.8,1.5
10.017,13,23608.1,14216.0,15.0,23624.8,14228.2,22.9,23596.0,14166.7,43.8,1.2
10.033,0,23317.1,15302.1,15.0,23349.8,15316.2,40.7,23316.6,15289.7,22.5,1.3
10.033,1,23148.4,15209.1,15.0,23195.3,15220.0,37.7,23130.7,15191.4,22.6,1.3
10.033,2,23119.5,15290.8,15.0,23097.5,15307.0,21.7,23155.0,15283.5,26.1,1.3
10.033,3,23165.6,15295.2,15.0,23136.4,15313.0,23.3,23204.1,15287.1,26.8,0.9
10.033,4,23589.8,13632.3,15.0,23579.1,13681.3,41.6,23607.0,13614.6,22.8,0.9
10.033,5,23643.6,13354.7,15.0,23626.5,13339.2,22.8,23654.4,13403.7,41.2,1.3
10.033,6,23547.5,13471.6,15.0,23536.6,13519.9,42.0,23564.2,13455.6,22.7,1.0
10.033,7,22726.7,15259.6,15.0,22768.6,15268.2,30.1,22706.3,15241.8,22.2,1.5
10.033,8,23560.4,14972.6,15.0,23545.1,14973.3,23.3,23589.4,15015.2,55.2,1.0
10.033,9,23543.2,13400.9,15.0,23528.4,13445.1,51.9,23556.7,13398.3,22.7,1.1
10.033,10,23522.9,14363.0,15.0,23534.3,14357.8,23.3,23507.8,14340.6,36.4,1.0
10.033,11,23604.0,14294.1,15.0,23620.1,14303.7,22.8,23591.2,14245.6,45.5,1.1
10.033,12,23485.3,14495.6,15.0,23501.6,14454.8,46.8,23471.4,14498.9,22.7,1.5
10.033,13,23608.1,14217.9,15.0,23624.4,14228.2,22.9,23595.4,14168.8,44.8,1.2
10.050,0,23314.9,15302.1,15.0,23341.3,15316.3,36.6,23316.2,15290.4,22.5,1.3
10.050,1,23146.2,15209.0,15.0,23194.5,15220.7,40.2,23130.8,15191.5,22.8,1.3
10.050,2,23117.3,15290.8,15.0,23095.9,15307.3,21.9,23156.2,15283.0,28.9,1.3
10.050,3,23164.1,15295.2,15.0,23135.8,15313.2,23.3,23205.4,15286.6,29.1,0.9
10.050,4,23589.8,13630.9,15.0,23578.5,13680.5,43.1,23606.9,13615.4,22.9,0.9
10.050,5,23643.6,13352.6,15.0,23626.7,13339.3,23.0,23655.1,13402.4,43.0,1.3
10.050,6,23547.5,13469.9,15.0,23536.0,13518.1,42.9,23564.0,13456.2,22.7,1.0
10.050,7,22724.3,15259.6,15.0,22769.7,15268.9,33.6,22704.9,15241.6,22.5,1.5
10.050,8,23559.9,14971.0,15.0,23545.6,14972.8,23.3,23588.4,15011.4,54.6,1.0
10.050,9,23543.2,13399.0,15.0,23528.5,13439.5,48.8,23556.1,13397.8,22.7,1.1
10.050,10,23522.9,14364.7,15.0,23533.6,14357.3,23.2,23507.7,14345.4,34.1,1.0
10.050,11,23604.0,14296.0,15.0,23619.7,14304.0,22.8,23590.6,14247.8,47.3,1.1
10.050,12,23485.3,14498.0,15.0,23501.4,14463.1,42.1,23472.1,14499.5,22.6,1.5
10.050,13,23608.1,14219.9,15.0,23624.1,14228.7,22.9,23594.8,14171.0,46.6,1.2
10.067,0,23312.7,15302.2,15.0,23335.6,15316.6,34.1,23316.3,15291.2,22.4,1.3
10.067,1,23144.0,15209.0,15.0,23193.4,15221.4,42.5,23130.9,15191.6,23.0,1.3
10.067,2,23115.1,15290.8,15.0,23094.7,15307.5,22.1,23157.1,15282.3,32.0,1.3
10.067,3,23162.7,15295.3,15.0,23135.2,15313.5,23.3,23206.5,15286.1,31.5,0.9
10.067,4,23589.8,13629.5,15.0,23578.0,13678.9,43.7,23606.6,13615.8,22.9,0.9
10.067,5,23643.6,13350.5,15.0,23626.9,13339.1,23.0,23655.8,13400.1,43.8,1.3
10.067,6,23547.5,13468.1,15.0,23535.4,13516.2,43.6,23563.7,13456.7,22.7,1.0
10.067,7,22721.9,15259.6,15.0,22770.3,15269.7,37.4,22704.2,15241.5,22.9,1.5
10.067,8,23559.5,14969.3,15.0,23546.1,14972.4,23.3,23586.4,15005.4,50.5,1.0
10.067,9,23543.2,13397.2,15.0,23528.6,13432.4,44.7,23555.5,13397.4,22.7,1.1
10.067,10,23522.9,14366.4,15.0,23532.9,14356.8,23.3,23507.6,14350.4,32.1,1.0
10.067,11,23604.0,14297.8,15.0,23619.2,14304.4,22.8,23590.0,14249.5,50.0,1.1
10.067,12,23485.3,14500.4,15.0,23501.2,14471.9,37.7,23472.9,14500.1,22.6,1.5
10.067,13,23608.1,14221.8,15.0,23623.6,14229.2,22.9,23594.2,14173.1,48.8,1.2
10.083,0,23310.5,15302.3,15.0,23330.3,15316.9,32.1,23316.5,15291.9,22.4,1.3
10.083,1,23141.8,15208.9,15.0,23191.3,15222.1,43.4,23130.5,15191.9,23.0,1.3
10.083,2,23112.9,15290.8,15.0,23094.4,15307.6,22.3,23157.7,15281.6,35.6,1.3
10.083,3,23161.3,15295.3,15.0,23135.2,15313.7,23.3,23207.4,15285.5,34.2,0.9
10.083,4,23589.8,13628.1,15.0,23577.5,13677.2,44.2,23606.4,13616.2,22.9,0.9
10.083,5,23643.6,13348.3,15.0,23627.2,13338.6,23.0,23656.4,13397.9,44.9,1.3
10.083,6,23547.5,13466.4,15.0,23534.9,13514.1,44.9,23563.3,13456.7,22.7,1.0
10.083,7,22719.5,15259.6,15.0,22770.0,15270.6,40.6,22703.8,15241.5,23.2,1.5
10.083,8,23559.0,14967.6,15.0,23546.7,14972.0,23.3,23584.1,14998.6,46.2,1.0
10.083,9,23543.2,13395.3,15.0,23528.8,13425.1,40.4,23554.8,13397.2,22.6,1.1
10.083,10,23522.9,14368.1,15.0,23532.2,14356.0,23.2,23507.6,14355.5,30.7,1.0
10.083,11,23604.0,14299.7,15.0,23618.7,14304.9,22.8,23589.4,14251.2,52.9,1.1
10.083,12,23485.3,14502.9,15.0,23501.3,14477.9,35.1,23473.7,14500.1,22.4,1.5
10.083,13,23608.1,14223.8,15.0,23623.2,14229.8,22.9,23593.6,14174.7,51.7,1.2
10.100,0,23308.2,15302.3,15.0,23324.7,15317.1,30.8,23317.0,15292.6,22.3,1.3
10.100,1,23139.6,15208.8,15.0,23189.0,15222.6,44.2,23130.0,15192.1,23.1,1.3
10.100,2,23110.7,15290.8,15.0,23094.2,15307.6,22.5,23157.5,15280.8,38.6,1.3
10.100,3,23159.9,15295.3,15.0,23135.7,15313.8,23.3,23208.0,15284.9,37.1,0.9
10.100,4,23589.8,13626.7,15.0,23577.0,13675.6,45.2,23606.1,13616.4,22.9,0.9
10.100,5,23643.6,13346.2,15.0,23627.6,13337.7,23.0,23657.1,13395.5,46.8,1.3
10.100,6,23547.5,13464.7,15.0,23534.3,13512.1,46.6,23563.0,13456.6,22.7,1.0
10.100,7,22717.0,15259.6,15.0,22769.0,15271.4,43.1,22703.6,15241.7,23.5,1.5
10.100,8,23558.5,14965.9,15.0,23547.4,14971.8,23.3,23581.8,14991.5,41.8,1.0
10.100,9,23543.2,13393.5,15.0,23529.0,13417.2,36.4,23554.2,13397.1,22.6,1.1
10.100,10,23522.9,14369.8,15.0,23531.6,14355.1,23.3,23507.5,14360.7,29.6,1.0
10.100,11,23604.0,14301.6,15.0,23618.2,14305.4,22.8,23589.2,14254.8,53.0,1.1
10.100,12,23485.3,14505.3,15.0,23501.4,14483.4,33.1,23474.5,14500.0,22.4,1.5
10.100,13,23608.1,14225.7,15.0,23622.7,14230.5,22.8,23593.1,14177.3,53.5,1.2
10.117,0,23306.0,15302.4,15.0,23319.1,15317.3,29.6,23317.5,15293.3,22.3,1.3
10.117,1,23137.3,15208.8,15.0,23186.6,15223.2,46.1,23128.9,15192.4,23.0,1.3
10.117,2,23108.4,15290.8,15.0,23094.2,15307.5,22.7,23156.4,15280.1,40.8,1.3
10.117,3,23158.5,15295.3,15.0,23136.3,15313.9,23.3,23208.5,15284.3,40.1,0.9
10.117,4,23589.8,13625.2,15.0,23576.6,13673.9,46.6,23605.8,13616.3,22.9,0.9
10.117,5,23643.6,13344.1,15.0,23628.0,13336.7,22.9,23657.7,13393.4,49.2,1.3
10.117,6,23547.5,13462.9,15.0,23533.8,13510.4,49.0,23562.5,13456.3,22.7,1.0
10.117,7,22714.6,15259.5,15.0,22767.1,15272.2,44.5,22702.9,15241.9,23.6,1.5
10.117,8,23558.0,14964.3,15.0,23548.0,14971.7,23.3,23579.4,14983.8,37.7,1.0
10.117,9,23543.2,13391.6,15.0,23529.0,13411.2,33.7,23553.5,13397.3,22.6,1.1
10.117,10,23522.9,14371.5,15.0,23531.0,14354.2,23.2,23507.6,14368.2,27.7,1.0
10.117,11,23604.0,14303.4,15.0,23617.6,14305.9,22.8,23589.0,14258.8,52.4,1.1
10.117,12,23485.3,14507.7,15.0,23501.4,14489.2,31.8,23475.2,14499.5,22.3,1.5
10.117,13,23608.1,14227.6,15.0,23622.1,14231.1,22.8,23592.9,14181.4,52.9,1.2
10.133,0,23303.8,15302.5,15.0,23310.9,15317.5,27.5,23318.2,15293.9,22.2,1.3
10.133,1,23135.1,15208.7,15.0,23184.2,15223.8,48.0,23127.7,15192.8,23.0,1.3
10.133,2,23106.2,15290.8,15.0,23094.0,15307.3,22.8,23154.8,15279.4,42.4,1.3
10.133,3,23157.1,15295.3,15.0,23137.2,15313.8,23.2,23207.9,15283.7,41.8,0.9
10.133,4,23589.8,13623.8,15.0,23576.1,13672.2,48.1,23605.5,13616.1,22.9,0.9
10.133,5,23643.6,13341.9,15.0,23628.4,13335.6,22.9,23658.3,13391.6,52.1,1.3
10.133,6,23547.5,13461.2,15.0,23533.2,13508.8,51.7,23562.1,13455.9,22.7,1.0
10.133,7,22712.2,15259.5,15.0,22764.7,15272.9,45.4,22702.0,15242.2,23.6,1.5
10.133,8,23557.6,14962.6,15.0,23548.8,14971.8,23.3,23577.7,14978.2,35.0,1.0
10.133,9,23543.2,13389.8,15.0,23528.9,13406.2,31.6,23552.8,13397.7,22.6,1.1
10.133,10,23522.9,14373.2,15.0,23530.5,14353.3,23.3,23507.8,14376.2,26.3,1.0
10.133,11,23604.0,14305.3,15.0,23617.0,14306.3,22.8,23589.0,14265.1,48.6,1.1
10.133,12,23485.3,14510.1,15.0,23501.5,14495.2,30.5,23476.0,14499.0,22.3,1.5
10.133,13,23608.1,14229.6,15.0,23621.5,14231.7,22.8,23592.9,14186.4,50.9,1.2
10.150,0,23301.6,15302.6,15.0,23302.4,15317.6,25.9,23318.8,15294.4,22.3,1.3
10.150,1,23132.9,15208.7,15.0,23182.4,15224.3,51.0,23126.4,15193.2,22.9,1.3
10.150,2,23104.0,15290.8,15.0,23093.6,15307.0,22.9,23152.5,15278.7,43.2,1.3
10.150,3,23155.6,15295.4,15.0,23138.2,15313.7,23.3,23207.2,15283.1,43.6,0.9
10.150,4,23589.8,13622.4,15.0,23575.7,13671.0,50.4,23605.1,13615.9,22.9,0.9
10.150,5,23643.6,13339.8,15.0,23628.9,13334.6,22.8,23658.7,13388.6,53.3,1.3
10.150,6,23547.5,13459.5,15.0,23532.9,13506.0,52.7,23561.6,13455.5,22.7,1.0
10.150,7,22709.8,15259.5,15.0,22762.3,15273.6,47.2,22700.6,15242.5,23.6,1.5
10.150,8,23557.1,14960.9,15.0,23549.6,14972.1,23.3,23576.4,14973.4,32.8,1.0
10.150,9,23543.2,13387.9,15.0,23528.9,13401.0,30.1,23552.1,13398.2,22.6,1.1
10.150,10,23522.9,14374.9,15.0,23530.1,14352.6,23.2,23507.9,14385.1,24.9,1.0
10.150,11,23604.0,14307.2,15.0,23616.4,14306.7,22.8,23589.2,14272.3,44.4,1.1
10.150,12,23485.3,14512.5,15.0,23501.3,14503.7,28.3,23476.6,14498.3,22.2,1.5
10.150,13,23608.1,14231.5,15.0,23620.9,14232.2,22.7,23593.0,14193.5,46.4,1.2
10.167,0,23299.4,15302.6,15.0,23292.8,15317.8,24.1,23319.4,15294.8,22.3,1.3
10.167,1,23130.7,15208.6,15.0,23180.1,15224.8,53.5,23125.1,15193.6,22.8,1.3
10.167,2,23101.8,15290.8,15.0,23092.7,15306.7,22.9,23150.2,15278.1,44.5,1.3
10.167,3,23154.2,15295.4,15.0,23138.9,15313.5,23.3,23206.1,15282.6,44.8,0.9
10.167,4,23589.8,13621.0,15.0,23575.2,13669.7,52.7,23604.7,13615.6,22.9,0.9
10.167,5,23643.6,13337.7,15.0,23629.5,13333.5,22.7,23658.9,13384.3,52.7,1.3
10.167,6,23547.5,13457.7,15.0,23532.7,13502.2,52.1,23561.0,13455.1,22.7,1.0
10.167,7,22707.4,15259.5,15.0,22759.7,15274.2,49.2,22699.0,15242.8,23.4,1.5
10.167,8,23556.7,14959.2,15.0,23550.5,14972.6,23.3,23575.1,14968.5,31.2,1.0
10.167,9,23543.2,13386.1,15.0,23528.8,13395.8,28.9,23551.5,13398.9,22.6,1.1
10.167,10,23522.9,14376.6,15.0,23529.8,14351.8,23.3,23508.0,14394.3,24.2,1.0
10.167,11,23604.0,14309.0,15.0,23615.7,14306.9,22.7,23589.4,14279.8,40.0,1.1
10.167,12,23485.3,14514.9,15.0,23501.2,14512.6,26.5,23477.2,14497.7,22.3,1.5
10.167,13,23608.1,14233.5,15.0,23620.2,14232.6,22.7,23593.2,14201.0,42.2,1.2
10.183,0,23297.1,15302.7,15.0,23283.5,15318.0,23.2,23319.9,15295.1,22.3,1.3
10.183,1,23128.5,15208.6,15.0,23175.8,15224.9,52.8,23123.9,15194.1,22.7,1.3
10.183,2,23099.6,15290.8,15.0,23091.5,15306.4,22.8,23147.8,15277.5,46.4,1.3
10.183,3,23152.8,15295.4,15.0,23139.4,15313.2,23.3,23204.4,15282.1,45.3,0.9
10.183,4,23589.8,13619.6,15.0,23574.9,13667.5,53.7,23604.3,13615.3,22.9,0.9
10.183,5,23643.6,13335.5,15.0,23630.1,13332.7,22.6,23658.9,13378.6,49.9,1.3
10.183,6,23547.5,13456.0,15.0,23532.7,13497.3,49.8,23560.4,13454.8,22.7,1.0
10.183,7,22705.0,15259.5,15.0,22757.8,15274.9,52.2,22697.2,15243.2,23.3,1.5
10.183,8,23556.2,14957.6,15.0,23551.3,14973.3,23.3,23573.8,14963.4,29.9,1.0
10.183,9,23543.2,13384.2,15.0,23528.9,13388.8,27.2,23550.9,13399.6,22.6,1.1
10.183,10,23522.9,14378.3,15.0,23529.7,14351.3,23.2,23507.9,14401.4,23.9,1.0
10.183,11,23604.0,14310.9,15.0,23615.0,14306.9,22.7,23589.6,14287.9,36.1,1.1
10.183,12,23485.3,14517.4,15.0,23501.1,14522.6,24.5,23477.6,14497.1,22.3,1.5
10.183,13,23608.1,14235.4,15.0,23619.5,14232.7,22.7,23593.4,14208.9,37.9,1.2
10.200,0,23294.9,15302.8,15.0,23276.9,15318.4,22.5,23320.1,15295.3,22.4,1.3
10.200,1,23126.2,15208.5,15.0,23170.8,15224.9,51.3,23122.8,15194.6,22.6,1.3
10.200,2,23097.3,15290.8,15.0,23090.3,15306.0,22.7,23145.8,15276.9,48.9,1.3
10.200,3,23151.4,15295.4,15.0,23140.0,15313.0,23.3,23202.8,15281.6,45.9,0.9
10.200,4,23589.8,13618.2,15.0,23574.8,13664.4,53.1,23603.9,13615.0,22.9,0.9
10.200,5,23643.6,13333.4,15.0,23630.7,13331.9,22.6,23658.8,13371.2,45.5,1.3
10.200,6,23547.5,13454.3,15.0,23532.8,13490.6,45.7,23559.8,13454.5,22.7,1.0
10.200,7,22702.5,15259.5,15.0,22755.7,15275.5,55.3,22695.5,15243.6,23.1,1.5
10.200,8,23555.8,14955.9,15.0,23552.0,14974.0,23.3,23571.9,14956.9,28.3,1.0
10.200,9,23543.2,13382.4,15.0,23529.0,13380.8,25.7,23550.4,13400.3,22.6,1.1
10.200,10,23522.9,14380.0,15.0,23529.6,14350.8,23.3,23507.7,14407.3,23.8,1.0
10.200,11,23604.0,14312.7,15.0,23614.3,14306.6,22.7,23589.6,14293.4,33.6,1.1
10.200,12,23485.3,14519.8,15.0,23501.1,14531.9,23.3,23477.9,14496.6,22.4,1.5
10.200,13,23608.1,14237.3,15.0,23618.8,14232.7,22.7,23593.5,14215.9,34.7,1.2
10.217,0,23292.7,15302.8,15.0,23271.2,15318.9,22.2,23320.3,15295.3,22.6,1.3
10.217,1,23124.0,15208.5,15.0,23163.6,15224.7,46.8,23121.7,15195.2,22.5,1.3
10.217,2,23095.1,15290.8,15.0,23089.0,15305.6,22.6,23143.9,15276.3,51.7,1.3
10.217,3,23150.0,15295.5,15.0,23139.9,15312.6,23.3,23201.1,15281.1,47.3,0.9
10.217,4,23589.8,13616.7,15.0,23574.6,13661.2,52.7,23603.4,13614.7,22.9,0.9
10.217,5,23643.6,13331.3,15.0,23631.4,13331.4,22.5,23658.6,13363.5,41.1,1.3
10.217,6,23547.5,13452.5,15.0,23533.0,13483.6,41.7,23559.2,13454.2,22.7,1.0
10.217,7,22700.1,15259.5,15.0,22751.2,15275.8,54.7,22694.0,15244.2,23.0,1.5
10.217,8,23555.3,14954.2,15.0,23552.7,14974.7,23.3,23569.7,14949.1,26.7,1.0
10.217,9,23543.2,13380.5,15.0,23529.1,13372.1,24.3,23550.0,13401.0,22.6,1.1
10.217,10,23522.9,14381.7,15.0,23529.6,14350.7,23.4,23507.3,14411.1,23.7,1.0
10.217,11,23604.0,14314.6,15.0,23613.6,14306.3,22.7,23589.5,14298.4,31.5,1.1
10.217,12,23485.3,14522.2,15.0,23501.3,14538.9,22.5,23478.1,14496.3,22.5,1.5
10.217,13,23608.1,14239.3,15.0,23618.1,14232.4,22.6,23593.4,14221.0,32.6,1.2
10.233,0,23290.5,15302.9,15.0,23268.3,15319.3,21.9,23320.1,15295.3,22.9,1.3
10.233,1,23121.8,15208.5,15.0,23155.9,15224.3,42.6,23121.1,15195.9,22.4,1.3
10.233,2,23092.9,15290.8,15.0,23087.7,15305.1,22.5,23140.3,15276.0,52.2,1.3
10.233,3,23148.6,15295.5,15.0,23139.9,15312.3,23.3,23199.4,15280.7,48.8,0.9
10.233,4,23589.8,13615.3,15.0,23574.7,13656.1,49.3,23602.9,13614.5,22.9,0.9
10.233,5,23643.6,13329.2,15.0,23632.1,13331.1,22.5,23658.4,13355.3,37.0,1.3
10.233,6,23547.5,13450.8,15.0,23533.2,13476.3,37.6,23558.6,13454.2,22.7,1.0
10.233,7,22697.7,15259.5,15.0,22746.3,15276.0,53.7,22692.5,15244.7,22.9,1.5
10.233,8,23554.9,14952.5,15.0,23553.3,14975.4,23.3,23567.4,14940.7,25.3,1.0
10.233,9,23543.2,13378.7,15.0,23529.2,13362.8,23.5,23549.7,13401.6,22.6,1.1
10.233,10,23522.9,14383.4,15.0,23529.7,14350.7,23.6,23506.9,14413.3,23.4,1.0
10.233,11,23604.0,14316.5,15.0,23612.9,14305.6,22.7,23589.4,14303.7,30.1,1.1
10.233,12,23485.3,14524.6,15.0,23501.6,14544.4,22.1,23478.2,14496.2,22.7,1.5
10.233,13,23608.1,14241.2,15.0,23617.4,14231.9,22.6,23593.3,14226.2,30.8,1.2
10.250,0,23288.3,15302.9,15.0,23265.5,15319.8,21.8,23320.0,15295.1,23.6,1.3
10.250,1,23119.6,15208.4,15.0,23147.9,15223.9,38.2,23120.6,15196.6,22.4,1.3
10.250,2,23090.7,15290.8,15.0,23086.5,15304.6,22.4,23136.0,15275.8,51.6,1.3
10.250,3,23147.1,15295.5,15.0,23139.8,15312.0,23.3,23197.9,15280.2,50.7,0.9
10.250,4,23589.8,13613.9,15.0,23574.8,13650.5,45.9,23602.4,13614.3,22.9,0.9
10.250,5,23643.6,13327.0,15.0,23632.8,13331.1,22.4,23658.4,13349.1,34.3,1.3
10.250,6,23547.5,13449.1,15.0,23533.3,13469.4,34.5,23557.9,13454.3,22.7,1.0
10.250,7,22695.3,15259.5,15.0,22738.8,15275.8,48.9,22691.2,15245.3,22.7,1.5
10.250,8,23554.4,14950.8,15.0,23553.7,14976.1,23.3,23565.0,14931.7,24.3,1.0
10.250,9,23543.2,13376.8,15.0,23529.1,13355.8,23.2,23549.5,13402.0,22.6,1.1
10.250,10,23522.9,14385.2,15.0,23529.9,14350.5,24.4,23506.4,14415.1,23.3,1.0
10.250,11,23604.0,14318.3,15.0,23612.3,14304.9,22.7,23589.4,14309.0,28.9,1.1
10.250,12,23485.3,14527.0,15.0,23502.0,14547.7,21.8,23478.1,14496.4,23.1,1.5
10.250,13,23608.1,14243.2,15.0,23616.7,14231.2,22.6,23593.3,14231.6,29.6,1.2
10.267,0,23286.0,15303.0,15.0,23263.4,15320.2,21.9,23320.4,15294.8,25.0,1.3
10.267,1,23117.4,15208.4,15.0,23140.6,15223.7,34.9,23120.3,15197.3,22.3,1.3
10.267,2,23088.5,15290.8,15.0,23085.6,15304.0,22.4,23129.6,15275.8,47.9,1.3
10.267,3,23145.7,15295.5,15.0,23139.6,15311.6,23.3,23196.7,15279.8,53.1,0.9
10.267,4,23589.8,13612.5,15.0,23575.0,13644.6,42.6,23601.9,13614.1,22.9,0.9
10.267,5,23643.6,13324.9,15.0,23633.5,13331.2,22.4,23658.5,13343.8,32.2,1.3
10.267,6,23547.5,13447.4,15.0,23533.2,13464.7,32.4,23557.2,13454.7,22.7,1.0
10.267,7,22692.9,15259.5,15.0,22730.7,15275.7,44.4,22690.4,15246.0,22.6,1.5
10.267,8,23554.0,14949.2,15.0,23554.1,14976.6,23.3,23563.1,14924.0,24.0,1.0
10.267,9,23543.2,13375.0,15.0,23528.9,13349.8,23.1,23549.4,13402.2,22.6,1.1
10.267,10,23522.9,14386.9,15.0,23530.2,14350.0,25.7,23506.0,14416.5,23.3,1.0
10.267,11,23604.0,14320.2,15.0,23611.7,14304.2,22.7,23589.5,14316.5,27.1,1.1
10.267,12,23485.3,14529.4,15.0,23502.4,14550.7,21.7,23477.9,14496.2,24.1,1.5
10.267,13,23608.1,14245.1,15.0,23616.1,14230.5,22.6,23593.3,14238.1,28.0,1.2
10.283,0,23283.8,15303.1,15.0,23261.5,15320.6,22.0,23321.1,15294.4,27.0,1.3
10.283,1,23115.1,15208.3,15.0,23135.4,15223.7,32.8,23120.4,15198.0,22.3,1.3
10.283,2,23086.3,15290.8,15.0,23084.7,15303.3,22.3,23122.2,15276.0,43.8,1.3
10.283,3,23144.3,15295.5,15.0,23139.4,15311.1,23.3,23195.4,15279.3,55.6,0.9
10.283,4,23589.8,13611.1,15.0,23575.1,13638.6,39.1,23601.3,13614.1,22.9,0.9
10.283,5,23643.6,13322.8,15.0,23634.2,13331.6,22.3,23658.5,13338.5,30.7,1.3
10.283,6,23547.5,13445.6,15.0,23533.1,13459.8,30.6,23556.6,13455.1,22.7,1.0
10.283,7,22690.5,15259.5,15.0,22722.3,15275.4,39.8,22689.8,15246.8,22.5,1.5
10.283,8,23553.6,14947.5,15.0,23554.2,14977.0,23.3,23561.9,14918.1,23.8,1.0
10.283,9,23543.2,13373.1,15.0,23528.5,13346.4,22.9,23549.5,13402.2,22.8,1.1
10.283,10,23522.9,14388.6,15.0,23530.6,14349.2,27.5,23505.6,14417.7,23.3,1.0
10.283,11,23604.0,14322.1,15.0,23611.2,14303.4,22.7,23589.6,14324.6,25.7,1.1
10.283,12,23485.3,14531.9,15.0,23502.7,14553.1,21.9,23477.6,14495.8,25.6,1.5
10.283,13,23608.1,14247.0,15.0,23615.6,14229.8,22.6,23593.4,14246.2,26.3,1.2
10.300,0,23281.6,15303.1,15.0,23259.9,15320.9,22.2,23322.4,15293.8,30.0,1.3
10.300,1,23112.9,15208.3,15.0,23130.0,15223.6,31.2,23120.7,15198.8,22.2,1.3
10.300,2,23084.0,15290.8,15.0,23084.0,15302.7,22.2,23114.5,15276.2,39.4,1.3
10.300,3,23142.9,15295.5,15.0,23139.1,15310.7,23.3,23192.4,15279.2,55.4,0.9
10.300,4,23589.8,13609.7,15.0,23575.3,13632.1,36.1,23600.8,13614.1,22.9,0.9
10.300,5,23643.6,13320.6,15.0,23634.9,13332.2,22.3,23658.6,13333.0,29.5,1.3
10.300,6,23547.5,13443.9,15.0,23533.1,13454.9,29.4,23555.9,13455.8,22.7,1.0
10.300,7,22688.0,15259.5,15.0,22714.4,15275.3,36.2,22689.4,15247.5,22.4,1.5
10.300,8,23553.2,14945.8,15.0,23554.2,14977.3,23.4,23561.2,14913.6,23.8,1.0
10.300,9,23543.2,13371.3,15.0,23528.1,13344.0,22.6,23549.6,13402.0,23.1,1.1
10.300,10,23522.9,14390.3,15.0,23531.1,14347.7,30.2,23505.3,14418.4,23.3,1.0
10.300,11,23604.0,14323.9,15.0,23610.8,14302.8,22.7,23589.7,14333.7,24.2,1.1
10.300,12,23485.3,14534.3,15.0,23503.0,14555.3,22.1,23477.1,14494.7,28.1,1.5
10.300,13,23608.1,14249.0,15.0,23615.1,14229.1,22.6,23593.5,14254.9,24.8,1.2
10.317,0,23279.4,15303.2,15.0,23258.9,15321.1,22.4,23323.4,15293.1,33.3,1.3
10.317,1,23110.7,15208.2,15.0,23124.5,15223.6,29.9,23121.1,15199.5,22.2,1.3
10.317,2,23081.8,15290.8,15.0,23083.6,15302.0,22.2,23106.3,15276.4,35.5,1.3
10.317,3,23141.5,15295.6,15.0,23138.8,15310.2,23.3,23189.1,15279.1,54.9,0.9
10.317,4,23589.8,13608.2,15.0,23575.3,13627.9,34.1,23600.2,13614.4,22.9,0.9
10.317,5,23643.6,13318.5,15.0,23635.5,13332.8,22.3,23658.5,13325.5,27.6,1.3
10.317,6,23547.5,13442.2,15.0,23533.1,13449.5,28.2,23555.4,13456.5,22.7,1.0
10.317,7,22685.6,15259.5,15.0,22709.0,15275.4,34.0,22689.5,15248.3,22.3,1.5
10.317,8,23552.7,14944.1,15.0,23554.0,14977.3,23.6,23561.1,14911.3,23.5,1.0
10.317,9,23543.2,13369.4,15.0,23527.7,13342.2,22.6,23549.8,13402.3,24.0,1.1
10.317,10,23522.9,14392.0,15.0,23531.8,14346.5,33.3,23505.1,14418.8,23.3,1.0
10.317,11,23604.0,14325.8,15.0,23610.5,14302.2,22.7,23589.8,14343.1,23.6,1.1
10.317,12,23485.3,14536.7,15.0,23503.3,14557.3,22.4,23476.5,14493.3,31.3,1.5
10.317,13,23608.1,14250.9,15.0,23614.8,14228.5,22.6,23593.6,14264.4,23.7,1.2
10.333,0,23277.1,15303.2,15.0,23258.7,15321.2,22.7,23324.0,15292.3,37.0,1.3
10.333,1,23108.5,15208.2,15.0,23117.7,15223.4,28.3,23121.6,15200.1,22.1,1.3
10.333,2,23079.6,15290.8,15.0,23083.6,15301.3,22.1,23100.9,15276.3,33.3,1.3
10.333,3,23140.1,15295.6,15.0,23138.6,15309.7,23.3,23185.2,15279.0,53.3,0.9
10.333,4,23589.8,13606.8,15.0,23575.2,13623.9,32.4,23599.6,13614.8,22.9,0.9
10.333,5,23643.6,13316.4,15.0,23636.1,13333.4,22.3,23658.4,13317.2,26.1,1.3
10.333,6,23547.5,13440.4,15.0,23533.2,13441.9,26.5,23554.9,13457.2,22.7,1.0
10.333,7,22683.2,15259.5,15.0,22703.3,15275.5,32.3,22689.7,15249.1,22.3,1.5
10.333,8,23552.3,14942.4,15.0,23553.8,14977.4,24.2,23561.2,14909.2,23.3,1.0
10.333,9,23543.2,13367.6,15.0,23527.3,13340.6,22.6,23550.1,13402.6,25.4,1.1
10.333,10,23522.9,14393.7,15.0,23532.5,14345.7,36.7,23504.9,14418.2,23.2,1.0
10.333,11,23604.0,14327.6,15.0,23610.4,14301.8,22.7,23589.6,14349.6,23.2,1.1
10.333,12,23485.3,14539.1,15.0,23503.4,14558.2,22.7,23475.7,14492.3,34.9,1.5
10.333,13,23608.1,14252.8,15.0,23614.6,14228.0,22.7,23593.6,14272.2,23.2,1.2
10.350,0,23274.9,15303.3,15.0,23258.6,15321.2,22.9,23323.6,15291.5,40.0,1.3
10.350,1,23106.3,15208.1,15.0,23109.5,15223.1,26.5,23122.2,15200.7,22.1,1.3
10.350,2,23077.4,15290.8,15.0,23083.6,15300.6,22.1,23095.7,15276.2,31.3,1.3
10.350,3,23138.6,15295.6,15.0,23138.4,15309.2,23.3,23179.6,15279.2,49.6,0.9
10.350,4,23589.8,13605.4,15.0,23575.1,13619.8,31.0,23599.1,13615.2,22.9,0.9
10.350,5,23643.6,13314.2,15.0,23636.5,13334.0,22.3,23658.3,13308.0,24.3,1.3
10.350,6,23547.5,13438.7,15.0,23533.3,13434.2,25.3,23554.4,13457.9,22.7,1.0
10.350,7,22680.8,15259.5,15.0,22697.6,15275.5,31.1,22690.2,15249.8,22.2,1.5
10.350,8,23551.9,14940.7,15.0,23553.5,14978.0,25.5,23561.3,14907.8,23.3,1.0
10.350,9,23543.2,13365.8,15.0,23527.0,13339.5,22.6,23550.6,13403.7,27.6,1.1
10.350,10,23522.9,14395.4,15.0,23533.3,14345.3,40.2,23504.8,14417.5,23.3,1.0
10.350,11,23604.0,14329.5,15.0,23610.3,14301.5,22.7,23589.4,14355.6,23.2,1.1
10.350,12,23485.3,14541.5,15.0,23503.5,14558.8,23.1,23474.9,14491.7,38.9,1.5
10.350,13,23608.1,14254.8,15.0,23614.5,14227.7,22.7,23593.4,14278.4,22.9,1.2
10.367,0,23272.7,15303.4,15.0,23258.8,15321.0,23.1,23322.6,15290.8,42.3,1.3
10.367,1,23104.0,15208.1,15.0,23100.5,15222.8,24.8,23122.8,15201.1,22.2,1.3
10.367,2,23075.2,15290.8,15.0,23084.0,15299.9,22.0,23090.3,15276.2,30.1,1.3
10.367,3,23137.2,15295.6,15.0,23138.3,15308.6,23.3,23173.6,15279.5,46.2,0.9
10.367,4,23589.8,13604.0,15.0,23575.1,13615.7,29.9,23598.6,13615.8,22.9,0.9
10.367,5,23643.6,13312.1,15.0,23636.8,13334.5,22.4,23658.2,13298.4,23.3,1.3
10.367,6,23547.5,13437.0,15.0,23533.4,13425.4,24.0,23554.1,13458.5,22.7,1.0
10.367,7,22678.4,15259.5,15.0,22690.4,15275.4,29.3,22690.8,15250.5,22.2,1.5
10.367,8,23551.5,14939.0,15.0,23553.2,14978.8,27.2,23561.5,14906.5,23.3,1.0
10.367,9,23543.2,13363.9,15.0,23526.7,13338.6,22.6,23551.2,13404.9,30.5,1.1
10.367,10,23522.9,14397.1,15.0,23534.0,14346.1,42.3,23504.9,14416.4,23.2,1.0
10.367,11,23604.0,14331.4,15.0,23610.4,14301.6,23.0,23589.0,14358.5,22.9,1.1
10.367,12,23485.3,14543.9,15.0,23503.4,14559.1,23.3,23474.0,14492.5,41.6,1.5
10.367,13,23608.1,14256.7,15.0,23614.5,14227.7,22.8,23593.0,14282.7,22.8,1.2
10.383,0,23270.5,15303.4,15.0,23258.6,15320.8,23.2,23320.7,15290.2,43.7,1.3
10.383,1,23101.8,15208.1,15.0,23090.9,15222.6,23.4,23123.2,15201.5,22.2,1.3
10.383,2,23073.0,15290.8,15.0,23084.5,15299.2,22.0,23084.7,15276.1,28.9,1.3
10.383,3,23135.8,15295.6,15.0,23138.3,15308.1,23.3,23167.6,15279.7,42.5,0.9
10.383,4,23589.8,13602.6,15.0,23575.1,13611.5,29.0,23598.1,13616.4,22.9,0.9
10.383,5,23643.6,13310.0,15.0,23637.0,13334.8,22.4,23658.4,13291.7,22.7,1.3
10.383,6,23547.5,13435.2,15.0,23533.5,13416.5,23.6,23553.8,13459.1,22.7,1.0
10.383,7,22676.0,15259.5,15.0,22681.8,15275.3,27.4,22691.4,15251.2,22.2,1.5
10.383,8,23551.1,14937.3,15.0,23552.9,14980.4,30.0,23561.7,14905.8,23.3,1.0
10.383,9,23543.2,13362.1,15.0,23526.5,13338.7,22.6,23551.9,13405.7,33.7,1.1
10.383,10,23522.9,14398.8,15.0,23534.7,14346.9,44.4,23505.1,14415.2,23.3,1.0
10.383,11,23604.0,14333.2,15.0,23610.5,14301.7,23.2,23588.6,14360.9,22.6,1.1
10.383,12,23485.3,14546.4,15.0,23503.3,14559.4,23.6,23473.2,14493.5,44.1,1.5
10.383,13,23608.1,14258.7,15.0,23614.6,14227.8,23.1,23592.6,14285.2,22.5,1.2
10.400,0,23268.3,15303.5,15.0,23258.1,15320.5,23.2,23318.4,15289.6,44.5,1.3
10.400,1,23099.6,15208.0,15.0,23083.3,15222.5,22.7,23123.5,15201.7,22.2,1.3
10.400,2,23070.7,15290.8,15.0,23085.0,15298.6,22.0,23076.7,15276.3,26.9,1.3
10.400,3,23134.4,15295.7,15.0,23138.3,15307.5,23.3,23161.1,15280.0,39.1,0.9
10.400,4,23589.8,13601.2,15.0,23575.1,13605.8,27.6,23597.6,13617.0,22.9,0.9
10.400,5,23643.6,13307.8,15.0,23637.1,13335.0,22.5,23658.6,13285.2,22.4,1.3
10.400,6,23547.5,13433.5,15.0,23533.3,13410.7,23.2,23553.7,13459.4,22.7,1.0
10.400,7,22673.5,15259.5,15.0,22672.4,15275.2,25.4,22692.0,15251.7,22.2,1.5
10.400,8,23550.7,14935.6,15.0,23552.5,14981.8,33.1,23562.0,14905.2,23.3,1.0
10.400,9,23543.2,13360.2,15.0,23526.4,13339.1,22.7,23552.6,13406.2,37.3,1.1
10.400,10,23522.9,14400.5,15.0,23535.3,14348.9,45.1,23505.3,14414.6,23.2,1.0
10.400,11,23604.0,14335.1,15.0,23610.8,14301.4,24.4,23588.2,14362.5,22.6,1.1
10.400,12,23485.3,14548.8,15.0,23503.0,14560.2,23.7,23472.5,14495.8,45.1,1.5
10.400,13,23608.1,14260.6,15.0,23614.8,14227.7,24.0,23592.2,14287.3,22.4,1.2
10.417,0,23266.0,15303.5,15.0,23257.2,15320.2,23.2,23316.1,15289.0,46.0,1.3
10.417,1,23097.4,15208.0,15.0,23076.8,15222.6,22.2,23123.7,15201.9,22.3,1.3
10.417,2,23068.5,15290.8,15.0,23085.5,15298.1,22.0,23068.4,15276.4,25.3,1.3
10.417,3,23133.0,15295.7,15.0,23138.5,15306.9,23.3,23155.0,15280.2,36.3,0.9
10.417,4,23589.8,13599.7,15.0,23575.2,13599.4,26.3,23597.2,13617.7,22.9,0.9
10.417,5,23643.6,13305.7,15.0,23637.0,13334.9,22.8,23659.0,13282.2,22.1,1.3
10.417,6,23547.5,13431.8,15.0,23533.1,13405.0,23.3,23553.6,13459.7,22.7,1.0
10.417,7,22671.1,15259.5,15.0,22662.4,15275.1,23.8,22692.6,15252.1,22.3,1.5
10.417,8,23550.3,14933.9,15.0,23551.9,14982.8,36.6,23562.3,14905.8,23.2,1.0
10.417,9,23543.2,13358.4,15.0,23526.4,13339.8,22.6,23553.3,13405.7,39.7,1.1
10.417,10,23522.9,14402.2,15.0,23535.9,14350.8,45.7,23505.6,14414.0,23.3,1.0
10.417,11,23604.0,14336.9,15.0,23611.1,14301.0,25.8,23587.8,14364.1,22.7,1.1
10.417,12,23485.3,14551.2,15.0,23502.7,14561.1,23.7,23471.8,14498.2,46.0,1.5
10.417,13,23608.1,14262.5,15.0,23615.1,14227.3,25.3,23591.8,14289.0,22.5,1.2
10.433,0,23263.8,15303.6,15.0,23256.0,15319.9,23.1,23313.7,15288.4,48.0,1.3
10.433,1,23095.2,15207.9,15.0,23072.9,15222.9,22.0,23123.6,15201.8,22.6,1.3
10.433,2,23066.3,15290.8,15.0,23085.9,15297.7,22.0,23059.1,15276.5,23.7,1.3
10.433,3,23131.6,15295.7,15.0,23138.9,15306.3,23.3,23151.0,15280.2,34.4,0.9
10.433,4,23589.8,13598.3,15.0,23575.3,13592.8,25.3,23596.9,13618.3,22.9,0.9
10.433,5,23643.6,13303.6,15.0,23636.9,13334.6,23.1,23659.4,13279.4,21.9,1.3
10.433,6,23547.5,13430.0,15.0,23532.7,13402.5,23.0,23553.7,13459.6,22.9,1.0
10.433,7,22668.7,15259.5,15.0,22654.6,15275.2,22.8,22692.9,15252.3,22.3,1.5
10.433,8,23549.9,14932.3,15.0,23551.1,14983.4,40.2,23562.6,14906.5,23.3,1.0
10.433,9,23543.2,13356.5,15.0,23526.5,13340.7,22.7,23554.0,13404.7,41.8,1.1
10.433,10,23522.9,14403.9,15.0,23536.5,14352.8,47.4,23506.0,14413.9,23.3,1.0
10.433,11,23604.0,14338.8,15.0,23611.6,14299.7,28.4,23587.4,14365.1,22.7,1.1
10.433,12,23485.3,14553.6,15.0,23502.4,14562.7,23.6,23471.1,14500.7,48.1,1.5
10.433,13,23608.1,14264.5,15.0,23615.5,14226.4,27.5,23591.4,14290.3,22.5,1.2
10.450,0,23261.6,15303.6,15.0,23254.8,15319.5,23.0,23311.8,15287.8,50.7,1.3
10.450,1,23092.9,15207.9,15.0,23069.9,15223.3,21.7,23123.4,15201.7,23.0,1.3
10.450,2,23064.1,15290.8,15.0,23086.3,15297.5,22.1,23050.3,15276.5,22.8,1.3
10.450,3,23130.1,15295.7,15.0,23139.3,15305.7,23.3,23146.8,15280.1,32.6,0.9
10.450,4,23589.8,13596.9,15.0,23575.4,13585.5,24.2,23596.6,13618.8,22.9,0.9
10.450,5,23643.6,13301.4,15.0,23636.6,13335.0,24.5,23659.8,13277.4,22.0,1.3
10.450,6,23547.5,13428.3,15.0,23532.3,13400.3,22.8,23553.8,13459.4,23.2,1.0
10.450,7,22666.3,15259.5,15.0,22647.6,15275.4,22.2,22693.2,15252.4,22.5,1.5
10.450,8,23549.5,14930.6,15.0,23550.1,14982.9,42.3,23562.9,14907.7,23.2,1.0
10.450,9,23543.2,13354.7,15.0,23526.7,13341.2,22.7,23554.7,13403.0,42.9,1.1
10.450,10,23522.9,14405.6,15.0,23537.1,14354.9,49.2,23506.4,14414.0,23.3,1.0
10.450,11,23604.0,14340.7,15.0,23612.2,14298.5,31.3,23587.1,14366.0,22.7,1.1
10.450,12,23485.3,14556.0,15.0,23502.0,14564.4,23.5,23470.4,14503.1,50.4,1.5
10.450,13,23608.1,14266.4,15.0,23616.1,14225.1,30.4,23591.2,14291.4,22.6,1.2
10.467,0,23259.4,15303.7,15.0,23253.5,15319.1,22.9,23309.8,15287.3,53.8,1.3
10.467,1,23090.7,15207.9,15.0,23067.6,15223.6,21.7,23123.6,15201.5,24.1,1.3
10.467,2,23061.9,15290.8,15.0,23086.4,15297.3,22.1,23043.9,15276.3,22.2,1.3
10.467,3,23128.7,15295.7,15.0,23139.9,15305.2,23.3,23142.6,15280.2,31.3,0.9
10.467,4,23589.8,13595.5,15.0,23575.5,13578.1,23.8,23596.4,13619.3,22.9,0.9
10.467,5,23643.6,13299.3,15.0,23636.3,13335.4,26.0,23660.1,13275.4,22.1,1.3
10.467,6,23547.5,13426.6,15.0,23531.9,13398.7,22.7,23554.0,13459.7,24.2,1.0
10.467,7,22663.9,15259.5,15.0,22643.8,15275.8,21.9,22693.1,15252.4,22.8,1.5
10.467,8,23549.2,14928.9,15.0,23549.1,14982.2,44.5,23563.0,14908.9,23.3,1.0
10.467,9,23543.2,13352.8,15.0,23527.0,13341.6,22.7,23555.3,13400.9,43.6,1.1
10.467,10,23522.9,14407.3,15.0,23537.7,14356.5,51.9,23506.9,14414.2,23.3,1.0
10.467,11,23604.0,14342.5,15.0,23612.9,14297.8,34.7,23587.0,14365.7,22.7,1.1
10.467,12,23485.3,14558.4,15.0,23501.6,14566.0,23.3,23469.7,14505.0,53.5,1.5
10.467,13,23608.1,14268.4,15.0,23616.8,14224.2,33.6,23590.9,14291.6,22.6,1.2
10.483,0,23257.2,15303.7,15.0,23252.2,15318.6,22.8,23305.8,15287.1,53.6,1.3
10.483,1,23088.5,15207.8,15.0,23065.5,15223.9,21.9,23123.9,15201.2,25.6,1.3
10.483,2,23059.6,15290.8,15.0,23086.5,15297.2,22.3,23038.4,15276.0,21.9,1.3
10.483,3,23127.3,15295.8,15.0,23140.6,15304.6,23.3,23138.3,15280.2,30.3,0.9
10.483,4,23589.8,13594.1,15.0,23575.4,13572.5,23.5,23596.2,13619.7,22.9,0.9
10.483,5,23643.6,13297.2,15.0,23635.7,13336.7,28.8,23660.4,13274.1,22.2,1.3
10.483,6,23547.5,13424.8,15.0,23531.5,13397.3,22.7,23554.3,13460.0,25.5,1.0
10.483,7,22661.5,15259.5,15.0,22640.4,15276.2,21.6,22692.9,15252.3,23.2,1.5
10.483,8,23548.8,14927.2,15.0,23547.9,14980.4,45.1,23563.0,14909.6,23.3,1.0
10.483,9,23543.2,13351.0,15.0,23527.4,13341.5,22.7,23555.9,13398.8,45.0,1.1
10.483,10,23522.9,14409.0,15.0,23538.3,14358.0,54.8,23507.4,14414.5,23.3,1.0
10.483,11,23604.0,14344.4,15.0,23613.7,14297.3,38.3,23586.9,14365.3,22.8,1.1
10.483,12,23485.3,14560.9,15.0,23501.1,14567.6,23.2,23469.2,14507.8,55.5,1.5
10.483,13,23608.1,14270.3,15.0,23617.6,14223.6,37.2,23590.8,14291.3,22.7,1.2
10.500,0,23254.9,15303.8,15.0,23251.1,15318.1,22.7,23301.4,15287.0,53.0,1.3
10.500,1,23086.3,15207.8,15.0,23063.8,15224.2,22.0,23125.1,15200.7,28.2,1.3
10.500,2,23057.4,15290.9,15.0,23086.2,15297.3,22.6,23035.5,15275.7,21.6,1.3
10.500,3,23125.9,15295.8,15.0,23141.3,15304.1,23.3,23133.7,15280.2,29.2,0.9
10.500,4,23589.8,13592.7,15.0,23575.2,13567.7,23.4,23596.1,13620.0,22.9,0.9
10.500,5,23643.6,13295.1,15.0,23635.1,13337.8,31.9,23660.7,13272.8,22.3,1.3
10.500,6,23547.5,13423.1,15.0,23531.2,13396.3,22.7,23554.8,13461.1,27.7,1.0
10.500,7,22659.0,15259.4,15.0,22638.0,15276.5,21.8,22693.3,15252.1,24.7,1.5
10.500,8,23548.4,14925.5,15.0,23546.7,14978.6,45.8,23562.8,14910.3,23.3,1.0
10.500,9,23543.2,13349.1,15.0,23527.8,13341.2,22.7,23556.5,13396.5,46.8,1.1
10.500,10,23522.9,14410.7,15.0,23538.6,14361.2,55.3,23507.9,14414.8,23.3,1.0
10.500,11,23604.0,14346.3,15.0,23614.4,14298.0,40.5,23586.9,14364.4,22.8,1.1
10.500,12,23485.3,14563.3,15.0,23500.6,14569.3,23.0,23468.9,14512.4,54.8,1.5
10.500,13,23608.1,14272.2,15.0,23618.3,14224.0,40.0,23590.9,14290.8,22.8,1.2
10.517,0,23252.7,15303.8,15.0,23250.2,15317.5,22.6,23294.3,15287.3,48.5,1.3
10.517,1,23084.0,15207.8,15.0,23062.2,15224.4,22.2,23126.3,15200.0,31.3,1.3
10.517,2,23055.2,15290.9,15.0,23086.1,15297.5,23.3,23032.9,15275.3,21.5,1.3
10.517,3,23124.5,15295.8,15.0,23142.1,15303.6,23.3,23127.2,15280.4,27.7,0.9
10.517,4,23589.8,13591.2,15.0,23575.0,13563.4,23.5,23596.1,13620.2,22.9,0.9
10.517,5,23643.6,13292.9,15.0,23634.3,13338.5,35.5,23660.8,13272.7,22.5,1.3
10.517,6,23547.5,13421.4,15.0,23530.9,13395.5,22.7,23555.4,13462.3,30.4,1.0
10.517,7,22656.6,15259.4,15.0,22635.5,15276.9,21.9,22693.8,15251.7,26.4,1.5
10.517,8,23548.0,14923.8,15.0,23545.6,14976.7,47.6,23562.5,14910.4,23.3,1.0
10.517,9,23543.2,13347.3,15.0,23528.2,13340.8,22.7,23557.0,13394.9,49.4,1.1
10.517,10,23522.9,14412.5,15.0,23538.8,14365.1,54.6,23508.5,14415.1,23.3,1.0
10.517,11,23604.0,14348.1,15.0,23615.1,14299.0,42.7,23587.1,14363.5,22.8,1.1
10.517,12,23485.3,14565.7,15.0,23500.0,14570.5,22.9,23468.8,14518.2,52.4,1.5
10.517,13,23608.1,14274.2,15.0,23619.1,14224.9,42.2,23591.0,14290.0,22.9,1.2
10.533,0,23250.5,15303.9,15.0,23249.3,15316.8,22.6,23286.6,15287.6,44.3,1.3
10.533,1,23081.8,15207.7,15.0,23062.0,15224.6,22.4,23127.0,15199.3,34.8,1.3
10.533,2,23053.0,15290.9,15.0,23086.4,15297.8,24.7,23030.7,15274.9,21.6,1.3
10.533,3,23123.1,15295.8,15.0,23142.8,15303.2,23.3,23120.5,15280.6,26.5,0.9
10.533,4,23589.8,13589.8,15.0,23574.7,13561.6,23.2,23596.2,13620.1,23.1,0.9
10.533,5,23643.6,13290.8,15.0,23633.6,13338.6,38.9,23660.8,13272.7,22.7,1.3
10.533,6,23547.5,13419.6,15.0,23530.7,13395.6,22.7,23556.0,13463.1,33.5,1.0
10.533,7,22654.2,15259.4,15.0,22633.6,15277.1,22.2,22695.3,15251.1,29.4,1.5
10.533,8,23547.7,14922.1,15.0,23544.5,14974.7,49.4,23562.1,14910.5,23.3,1.0
10.533,9,23543.2,13345.4,15.0,23528.7,13340.3,22.7,23557.6,13393.2,52.3,1.1
10.533,10,23522.9,14414.2,15.0,23538.8,14370.5,51.7,23509.1,14415.3,23.3,1.0
10.533,11,23604.0,14350.0,15.0,23615.8,14301.0,43.4,23587.3,14363.1,22.8,1.1
10.533,12,23485.3,14568.1,15.0,23499.4,14571.6,22.8,23469.0,14526.0,47.7,1.5
10.533,13,23608.1,14276.1,15.0,23619.7,14226.7,43.4,23591.2,14289.6,22.9,1.2
10.550,0,23248.3,15303.9,15.0,23248.8,15316.1,22.5,23278.7,15288.0,39.6,1.3
10.550,1,23079.6,15207.7,15.0,23061.7,15224.6,22.7,23127.3,15198.5,38.5,1.3
10.550,2,23050.8,15290.9,15.0,23087.1,15298.2,26.7,23028.8,15274.6,21.8,1.3
10.550,3,23121.6,15295.8,15.0,23143.5,15302.9,23.3,23113.3,15280.8,25.3,0.9
10.550,4,23589.8,13588.4,15.0,23574.3,13559.8,23.0,23596.3,13620.0,23.3,0.9
10.550,5,23643.6,13288.7,15.0,23632.8,13337.7,41.2,23660.7,13273.1,22.8,1.3
10.550,6,23547.5,13417.9,15.0,23530.6,13396.1,22.7,23556.7,13463.7,36.8,1.0
10.550,7,22651.8,15259.4,15.0,22631.8,15277.3,22.4,22696.5,15250.4,32.7,1.5
10.550,8,23547.3,14920.4,15.0,23543.4,14973.3,52.2,23561.6,14910.4,23.3,1.0
10.550,9,23543.2,13343.6,15.0,23529.2,13339.8,22.7,23557.9,13389.7,52.4,1.1
10.550,10,23522.9,14415.9,15.0,23538.6,14377.5,47.4,23509.7,14415.5,23.3,1.0
10.550,11,23604.0,14351.8,15.0,23616.4,14303.1,44.1,23587.7,14362.7,22.9,1.1
10.550,12,23485.3,14570.5,15.0,23498.7,14572.5,22.6,23469.1,14534.2,43.0,1.5
10.550,13,23608.1,14278.1,15.0,23620.4,14228.8,44.1,23591.5,14289.4,22.9,1.2
10.567,0,23246.1,15304.0,15.0,23248.5,15315.4,22.5,23270.5,15288.4,35.9,1.3
10.567,1,23077.4,15207.6,15.0,23061.8,15224.5,22.8,23126.4,15197.7,40.7,1.3
10.567,2,23048.6,15290.9,15.0,23088.2,15298.8,29.6,23027.3,15274.4,22.0,1.3
10.567,3,23120.2,15295.8,15.0,23144.1,15302.6,23.3,23105.6,15280.9,24.4,0.9
10.567,4,23589.8,13587.0,15.0,23574.0,13558.3,22.9,23596.4,13620.2,24.0,0.9
10.567,5,23643.6,13286.5,15.0,23632.1,13336.3,43.0,23660.5,13273.2,23.0,1.3
10.567,6,23547.5,13416.2,15.0,23530.6,13396.8,22.7,23557.4,13463.4,39.4,1.0
10.567,7,22649.4,15259.4,15.0,22631.3,15277.4,22.8,22697.2,15249.6,36.5,1.5
10.567,8,23547.0,14918.7,15.0,23542.4,14971.9,55.2,23561.1,14910.3,23.3,1.0
10.567,9,23543.2,13341.7,15.0,23529.8,13339.3,22.7,23558.1,13385.7,51.8,1.1
10.567,10,23522.9,14417.6,15.0,23538.4,14384.7,43.2,23510.4,14415.6,23.3,1.0
10.567,11,23604.0,14353.7,15.0,23617.0,14305.2,45.9,23588.0,14363.0,22.8,1.1
10.567,12,23485.3,14572.9,15.0,23497.9,14573.0,22.6,23469.4,14542.9,38.6,1.5
10.567,13,23608.1,14280.0,15.0,23621.0,14230.9,45.6,23591.8,14289.6,22.9,1.2
10.583,0,23243.8,15304.0,15.0,23248.6,15314.7,22.4,23265.2,15288.4,33.7,1.3
10.583,1,23075.2,15207.6,15.0,23061.8,15224.4,23.0,23125.1,15196.9,42.8,1.3
10.583,2,23046.3,15290.9,15.0,23089.0,15299.4,32.8,23026.3,15274.2,22.1,1.3
10.583,3,23118.8,15295.9,15.0,23144.7,15302.4,23.3,23098.1,15281.1,24.2,0.9
10.583,4,23589.8,13585.6,15.0,23573.7,13557.2,22.9,23596.7,13620.5,25.0,0.9
10.583,5,23643.6,13284.4,15.0,23631.4,13334.1,43.8,23660.3,13273.0,23.0,1.3
10.583,6,23547.5,13414.5,15.0,23530.7,13397.8,22.7,23558.1,13462.5,41.4,1.0
10.583,7,22647.0,15259.4,15.0,22630.7,15277.4,23.1,22697.2,15248.8,40.0,1.5
10.583,8,23546.6,14917.0,15.0,23541.3,14968.5,55.3,23560.5,14910.1,23.3,1.0
10.583,9,23543.2,13339.9,15.0,23530.4,13338.9,22.7,23558.0,13379.6,48.2,1.1
10.583,10,23522.9,14419.3,15.0,23538.2,14392.4,39.0,23511.1,14415.5,23.3,1.0
10.583,11,23604.0,14355.6,15.0,23617.6,14307.5,47.7,23588.4,14363.2,22.8,1.1
10.583,12,23485.3,14575.4,15.0,23497.1,14573.1,22.5,23469.4,14549.7,35.7,1.5
10.583,13,23608.1,14281.9,15.0,23621.6,14233.2,47.4,23592.2,14290.1,22.9,1.2
10.600,0,23241.6,15304.1,15.0,23248.7,15313.9,22.3,23259.8,15288.4,31.8,1.3
10.600,1,23072.9,15207.6,15.0,23061.4,15224.1,23.1,23122.9,15196.2,43.6,1.3
10.600,2,23044.1,15290.9,15.0,23089.5,15300.2,36.3,23026.0,15274.1,22.4,1.3
10.600,3,23117.4,15295.9,15.0,23145.1,15302.3,23.3,23093.2,15281.0,23.9,0.9
10.600,4,23589.8,13584.2,15.0,23573.4,13556.1,22.9,23597.0,13620.9,26.2,0.9
10.600,5,23643.6,13282.3,15.0,23630.8,13331.8,44.9,23660.0,13272.5,23.0,1.3
10.600,6,23547.5,13412.7,15.0,23530.9,13398.5,22.7,23558.7,13461.1,42.8,1.0
10.600,7,22644.5,15259.4,15.0,22630.5,15277.3,23.4,22696.2,15248.0,42.5,1.5
10.600,8,23546.3,14915.3,15.0,23540.2,14964.6,54.6,23559.9,14910.0,23.3,1.0
10.600,9,23543.2,13338.0,15.0,23531.1,13338.5,22.7,23557.8,13372.5,44.1,1.1
10.600,10,23522.9,14421.0,15.0,23538.1,14399.4,35.8,23511.8,14415.3,23.3,1.0
10.600,11,23604.0,14357.4,15.0,23618.2,14309.0,50.5,23588.9,14363.7,22.8,1.1
10.600,12,23485.3,14577.8,15.0,23496.3,14573.1,22.4,23469.3,14555.2,33.6,1.5
10.600,13,23608.1,14283.9,15.0,23622.2,14235.0,50.0,23592.7,14290.7,22.9,1.2
10.617,0,23239.4,15304.1,15.0,23249.3,15313.2,22.3,23254.3,15288.5,30.5,1.3
10.617,1,23070.7,15207.5,15.0,23060.8,15223.8,23.1,23120.6,15195.5,44.6,1.3
10.617,2,23041.9,15290.9,15.0,23089.0,15300.9,39.1,23025.9,15274.1,22.6,1.3
10.617,3,23116.0,15295.9,15.0,23145.5,15302.2,23.3,23088.3,15280.9,23.8,0.9
10.617,4,23589.8,13582.7,15.0,23573.1,13555.4,22.9,23597.4,13622.0,28.3,0.9
10.617,5,23643.6,13280.1,15.0,23630.1,13329.5,46.8,23659.6,13271.6,23.0,1.3
10.617,6,23547.5,13411.0,15.0,23531.2,13399.0,22.7,23559.3,13459.1,43.4,1.0
10.617,7,22642.1,15259.4,15.0,22630.0,15277.1,23.6,22694.6,15247.2,44.3,1.5
10.617,8,23545.9,14913.6,15.0,23539.0,14958.8,51.1,23559.2,14909.9,23.3,1.0
10.617,9,23543.2,13336.2,15.0,23531.7,13338.3,22.6,23557.7,13365.1,39.8,1.1
10.617,10,23522.9,14422.7,15.0,23538.2,14404.2,33.6,23512.5,14414.8,23.2,1.0
10.617,11,23604.0,14359.3,15.0,23618.7,14310.8,53.5,23589.4,14364.2,22.8,1.1
10.617,12,23485.3,14580.2,15.0,23495.6,14572.7,22.3,23469.2,14560.9,32.0,1.5
10.617,13,23608.1,14285.8,15.0,23622.8,14236.7,53.0,23593.1,14291.3,22.9,1.2
10.633,0,23237.2,15304.2,15.0,23249.8,15312.5,22.3,23248.1,15288.6,29.1,1.3
10.633,1,23068.5,15207.5,15.0,23059.6,15223.4,23.0,23118.2,15194.8,46.5,1.3
10.633,2,23039.7,15290.9,15.0,23087.9,15301.7,41.3,23026.0,15274.3,22.8,1.3
10.633,3,23114.6,15295.9,15.0,23145.6,15302.2,23.4,23085.0,15280.6,23.8,0.9
10.633,4,23589.8,13581.3,15.0,23572.9,13554.8,22.9,23597.8,13623.0,30.6,0.9
10.633,5,23643.6,13278.0,15.0,23629.5,13327.3,49.1,23659.2,13270.6,22.9,1.3
10.633,6,23547.5,13409.3,15.0,23531.5,13399.2,22.7,23559.9,13457.1,44.5,1.0
10.633,7,22639.7,15259.4,15.0,22629.1,15276.8,23.6,22692.3,15246.4,45.2,1.5
10.633,8,23545.6,14911.9,15.0,23537.6,14951.7,46.8,23558.5,14909.9,23.3,1.0
10.633,9,23543.2,13334.3,15.0,23532.4,13338.3,22.6,23557.4,13357.1,35.9,1.1
10.633,10,23522.9,14424.4,15.0,23538.3,14409.3,31.7,23513.2,14414.2,23.3,1.0
10.633,11,23604.0,14361.1,15.0,23618.9,14314.8,52.9,23589.9,14364.7,22.8,1.1
10.633,12,23485.3,14582.6,15.0,23494.8,14572.2,22.3,23469.1,14566.7,30.8,1.5
10.633,13,23608.1,14287.7,15.0,23623.1,14240.2,53.2,23593.7,14292.0,22.8,1.2
10.650,0,23234.9,15304.2,15.0,23250.4,15311.9,22.2,23239.9,15288.9,27.1,1.3
10.650,1,23066.3,15207.5,15.0,23058.4,15223.1,22.9,23116.0,15194.2,48.7,1.3
10.650,2,23037.5,15290.9,15.0,23086.0,15302.4,42.6,23025.7,15274.5,22.8,1.3
10.650,3,23113.1,15295.9,15.0,23145.6,15302.3,23.6,23083.1,15280.3,23.5,0.9
10.650,4,23589.8,13579.9,15.0,23572.7,13554.7,22.9,23598.4,13623.8,33.1,0.9
10.650,5,23643.6,13275.9,15.0,23628.9,13325.6,52.0,23658.8,13269.5,22.8,1.3
10.650,6,23547.5,13407.5,15.0,23531.8,13399.0,22.7,23560.4,13455.0,46.2,1.0
10.650,7,22637.3,15259.4,15.0,22627.8,15276.5,23.6,22689.9,15245.7,46.7,1.5
10.650,8,23545.2,14910.2,15.0,23536.3,14944.3,42.4,23557.9,14910.0,23.3,1.0
10.650,9,23543.2,13332.5,15.0,23533.1,13338.5,22.6,23557.5,13351.6,33.4,1.1
10.650,10,23522.9,14426.1,15.0,23538.3,14414.4,30.4,23513.9,14413.3,23.2,1.0
10.650,11,23604.0,14363.0,15.0,23619.1,14318.8,52.3,23590.5,14365.2,22.8,1.1
10.650,12,23485.3,14585.0,15.0,23494.1,14571.6,22.2,23469.3,14574.8,28.8,1.5
10.650,13,23608.1,14289.7,15.0,23623.3,14244.4,52.6,23594.2,14292.6,22.8,1.2
10.667,0,23232.7,15304.2,15.0,23251.0,15311.4,22.3,23231.1,15289.2,25.4,1.3
10.667,1,23064.1,15207.4,15.0,23057.2,15222.6,22.9,23114.2,15193.5,51.7,1.3
10.667,2,23035.2,15290.9,15.0,23083.7,15303.0,43.4,23025.2,15274.7,22.9,1.3
10.667,3,23111.7,15295.9,15.0,23145.6,15302.4,23.8,23081.3,15279.9,23.3,0.9
10.667,4,23589.8,13578.5,15.0,23572.6,13555.1,22.9,23599.0,13624.4,35.9,0.9
10.667,5,23643.6,13273.7,15.0,23628.5,13322.6,53.3,23658.3,13268.5,22.8,1.3
10.667,6,23547.5,13405.8,15.0,23532.3,13398.8,22.7,23561.0,13453.2,48.2,1.0
10.667,7,22634.9,15259.4,15.0,22626.2,15276.2,23.5,22687.4,15245.0,48.7,1.5
10.667,8,23544.9,14908.5,15.0,23534.9,14936.4,38.2,23557.2,14910.3,23.3,1.0
10.667,9,23543.2,13330.6,15.0,23533.8,13338.8,22.6,23557.6,13346.6,31.3,1.1
10.667,10,23522.9,14427.8,15.0,23538.4,14419.9,29.1,23514.5,14412.5,23.3,1.0
10.667,11,23604.0,14364.9,15.0,23619.0,14325.6,47.8,23591.1,14365.7,22.8,1.1
10.667,12,23485.3,14587.4,15.0,23493.5,14570.9,22.3,23469.4,14583.5,27.0,1.5
10.667,13,23608.1,14291.6,15.0,23623.2,14250.6,49.0,23594.9,14293.2,22.7,1.2
10.683,0,23230.5,15304.3,15.0,23251.5,15311.0,22.3,23221.4,15289.5,23.8,1.3
10.683,1,23061.8,15207.4,15.0,23056.0,15222.1,22.8,23111.3,15193.0,53.3,1.3
10.683,2,23033.0,15290.9,15.0,23081.4,15303.7,44.9,23024.2,15275.1,22.9,1.3
10.683,3,23110.3,15296.0,15.0,23146.0,15302.6,24.9,23080.1,15279.6,23.3,0.9
10.683,4,23589.8,13577.1,15.0,23572.5,13555.6,22.9,23599.6,13624.7,38.8,0.9
10.683,5,23643.6,13271.6,15.0,23628.3,13318.3,52.7,23657.7,13267.5,22.7,1.3
10.683,6,23547.5,13404.1,15.0,23532.7,13398.4,22.7,23561.5,13451.7,51.0,1.0
10.683,7,22632.5,15259.4,15.0,22624.5,15275.8,23.3,22685.2,15244.4,51.5,1.5
10.683,8,23544.5,14906.7,15.0,23533.6,14930.2,35.3,23556.5,14910.8,23.3,1.0
10.683,9,23543.2,13328.8,15.0,23534.5,13339.5,22.6,23557.6,13341.4,29.9,1.1
10.683,10,23522.9,14429.5,15.0,23538.2,14427.8,27.3,23515.0,14411.6,23.2,1.0
10.683,11,23604.0,14366.7,15.0,23618.8,14332.9,43.7,23591.8,14366.0,22.8,1.1
10.683,12,23485.3,14589.9,15.0,23493.1,14570.3,22.3,23469.5,14593.4,24.9,1.5
10.683,13,23608.1,14293.6,15.0,23623.1,14257.9,44.8,23595.5,14293.7,22.7,1.2
10.700,0,23228.3,15304.3,15.0,23251.9,15310.7,22.3,23212.9,15289.6,23.0,1.3
10.700,1,23059.6,15207.4,15.0,23054.7,15221.6,22.6,23107.0,15192.7,52.7,1.3
10.700,2,23030.8,15290.9,15.0,23079.0,15304.3,46.8,23023.0,15275.4,22.8,1.3
10.700,3,23108.9,15296.0,15.0,23146.4,15302.9,26.0,23079.0,15279.2,23.3,0.9
10.700,4,23589.8,13575.7,15.0,23572.5,13556.4,22.8,23600.1,13624.1,40.4,0.9
10.700,5,23643.6,13269.5,15.0,23628.3,13312.6,50.0,23657.1,13266.5,22.6,1.3
10.700,6,23547.5,13402.3,15.0,23533.2,13398.0,22.7,23562.0,13449.5,52.9,1.0
10.700,7,22630.0,15259.4,15.0,22622.9,15275.4,23.2,22683.2,15243.7,54.6,1.5
10.700,8,23544.2,14905.0,15.0,23532.5,14925.3,33.1,23555.9,14911.4,23.3,1.0
10.700,9,23543.2,13326.9,15.0,23535.1,13340.1,22.6,23557.7,13336.2,28.7,1.1
10.700,10,23522.9,14431.2,15.0,23538.1,14435.8,26.0,23515.5,14410.7,23.3,1.0
10.700,11,23604.0,14368.6,15.0,23618.6,14340.5,39.2,23592.5,14366.1,22.7,1.1
10.700,12,23485.3,14592.3,15.0,23492.7,14569.7,22.4,23469.5,14603.4,23.6,1.5
10.700,13,23608.1,14295.5,15.0,23622.9,14265.4,40.3,23596.2,14293.9,22.7,1.2
10.717,0,23226.1,15304.4,15.0,23252.2,15310.6,22.4,23206.3,15289.6,22.4,1.3
10.717,1,23057.4,15207.4,15.0,23053.7,15221.0,22.6,23101.4,15192.6,50.3,1.3
10.717,2,23028.6,15290.9,15.0,23077.1,15304.9,49.5,23021.7,15275.8,22.7,1.3
10.717,3,23107.5,15296.0,15.0,23147.2,15303.2,27.6,23078.1,15278.9,23.3,0.9
10.717,4,23589.8,13574.2,15.0,23572.6,13557.2,22.9,23600.7,13623.4,42.1,0.9
10.717,5,23643.6,13267.3,15.0,23628.4,13305.3,45.6,23656.5,13265.8,22.6,1.3
10.717,6,23547.5,13400.6,15.0,23533.7,13397.6,22.7,23562.1,13445.6,52.2,1.0
10.717,7,22627.6,15259.4,15.0,22621.2,15274.9,23.0,22679.2,15243.4,54.9,1.5
10.717,8,23543.9,14903.3,15.0,23531.5,14920.2,31.4,23555.4,14912.3,23.3,1.0
10.717,9,23543.2,13325.1,15.0,23535.6,13340.9,22.6,23557.6,13328.8,27.0,1.1
10.717,10,23522.9,14432.9,15.0,23538.0,14445.0,24.6,23515.8,14410.0,23.2,1.0
10.717,11,23604.0,14370.5,15.0,23618.4,14348.6,35.4,23593.2,14366.2,22.7,1.1
10.717,12,23485.3,14594.7,15.0,23492.5,14569.4,22.4,23469.3,14610.3,22.6,1.5
10.717,13,23608.1,14297.4,15.0,23622.7,14273.6,36.3,23596.9,14294.0,22.7,1.2
10.733,0,23223.8,15304.4,15.0,23252.2,15310.6,22.6,23201.4,15289.3,22.1,1.3
10.733,1,23055.2,15207.3,15.0,23052.9,15220.3,22.5,23094.1,15192.6,45.8,1.3
10.733,2,23026.4,15290.9,15.0,23075.2,15305.5,52.4,23020.4,15276.2,22.6,1.3
10.733,3,23106.1,15296.0,15.0,23148.4,15303.7,29.9,23077.5,15278.7,23.3,0.9
10.733,4,23589.8,13572.8,15.0,23572.8,13557.9,22.9,23601.2,13622.3,43.3,0.9
10.733,5,23643.6,13265.2,15.0,23628.6,13297.6,41.3,23655.8,13265.3,22.5,1.3
10.733,6,23547.5,13398.9,15.0,23534.3,13397.2,22.7,23562.3,13441.3,50.9,1.0
10.733,7,22625.2,15259.4,15.0,22619.7,15274.3,22.9,22674.6,15243.1,54.2,1.5
10.733,8,23543.6,14901.6,15.0,23530.4,14915.0,30.1,23554.9,14913.3,23.3,1.0
10.733,9,23543.2,13323.2,15.0,23536.1,13341.6,22.6,23557.4,13320.8,25.6,1.1
10.733,10,23522.9,14434.6,15.0,23537.9,14454.2,24.2,23516.1,14409.2,23.3,1.0
10.733,11,23604.0,14372.3,15.0,23618.5,14353.5,33.2,23593.9,14365.8,22.7,1.1
10.733,12,23485.3,14597.1,15.0,23492.4,14569.2,22.6,23469.1,14616.8,22.1,1.5
10.733,13,23608.1,14299.4,15.0,23622.7,14279.3,33.8,23597.6,14293.8,22.7,1.2
10.750,0,23221.6,15304.5,15.0,23252.0,15310.7,23.0,23198.5,15289.0,21.9,1.3
10.750,1,23053.0,15207.3,15.0,23052.2,15219.7,22.4,23086.3,15192.6,41.5,1.3
10.750,2,23024.2,15290.9,15.0,23071.1,15305.7,52.0,23019.2,15276.7,22.5,1.3
10.750,3,23104.6,15296.0,15.0,23149.5,15304.2,32.3,23076.9,15278.4,23.3,0.9
10.750,4,23589.8,13571.4,15.0,23573.0,13558.3,22.9,23601.7,13620.7,43.8,0.9
10.750,5,23643.6,13263.1,15.0,23628.8,13289.4,37.1,23655.1,13265.0,22.5,1.3
10.750,6,23547.5,13397.1,15.0,23534.9,13396.9,22.7,23562.1,13434.9,46.7,1.0
10.750,7,22622.8,15259.4,15.0,22618.6,15273.7,22.8,22667.5,15243.2,49.9,1.5
10.750,8,23543.2,14899.9,15.0,23529.2,14908.7,28.5,23554.4,14914.3,23.3,1.0
10.750,9,23543.2,13321.4,15.0,23536.5,13342.2,22.6,23557.3,13311.9,24.1,1.1
10.750,10,23522.9,14436.3,15.0,23538.1,14460.4,23.8,23516.3,14408.8,23.2,1.0
10.750,11,23604.0,14374.2,15.0,23618.6,14358.6,31.2,23594.6,14365.4,22.7,1.1
10.750,12,23485.3,14599.5,15.0,23492.5,14569.4,23.0,23468.7,14620.0,21.8,1.5
10.750,13,23608.1,14301.3,15.0,23622.8,14284.4,31.7,23598.3,14293.5,22.7,1.2
10.767,0,23219.4,15304.5,15.0,23252.1,15310.9,23.9,23196.0,15288.6,21.8,1.3
10.767,1,23050.7,15207.3,15.0,23051.8,15219.0,22.4,23078.1,15192.7,37.3,1.3
10.767,2,23021.9,15290.9,15.0,23066.7,15305.9,51.4,23018.0,15277.3,22.4,1.3
10.767,3,23103.2,15296.0,15.0,23150.3,15304.8,35.1,23077.3,15278.3,23.3,0.9
10.767,4,23589.8,13570.0,15.0,23573.3,13558.8,22.9,23602.2,13619.1,44.4,0.9
10.767,5,23643.6,13261.0,15.0,23628.8,13283.1,34.3,23654.4,13264.9,22.4,1.3
10.767,6,23547.5,13395.4,15.0,23535.5,13396.7,22.7,23562.0,13427.9,42.9,1.0
10.767,7,22620.4,15259.4,15.0,22617.5,15273.0,22.7,22659.5,15243.3,45.5,1.5
10.767,8,23542.9,14898.2,15.0,23527.9,14900.7,26.9,23554.0,14915.3,23.2,1.0
10.767,9,23543.2,13319.6,15.0,23536.8,13342.8,22.6,23557.2,13302.6,23.5,1.1
10.767,10,23522.9,14438.1,15.0,23538.3,14466.3,23.8,23516.3,14408.3,23.3,1.0
10.767,11,23604.0,14376.0,15.0,23618.6,14363.9,29.9,23595.2,14364.7,22.7,1.1
10.767,12,23485.3,14601.9,15.0,23492.6,14569.4,23.8,23468.3,14623.1,21.7,1.5
10.767,13,23608.1,14303.3,15.0,23622.8,14289.7,30.3,23599.0,14292.8,22.6,1.2
10.783,0,23217.2,15304.5,15.0,23252.5,15311.2,25.4,23193.8,15288.3,21.9,1.3
10.783,1,23048.5,15207.2,15.0,23051.7,15218.2,22.3,23071.6,15192.7,34.5,1.3
10.783,2,23019.7,15290.9,15.0,23059.8,15305.8,46.9,23016.9,15277.9,22.3,1.3
10.783,3,23101.8,15296.0,15.0,23150.9,15305.4,38.1,23077.8,15278.2,23.3,0.9
10.783,4,23589.8,13568.6,15.0,23573.5,13558.7,22.9,23602.7,13617.4,45.7,0.9
10.783,5,23643.6,13258.8,15.0,23628.7,13277.9,32.2,23653.7,13265.1,22.4,1.3
10.783,6,23547.5,13393.7,15.0,23536.2,13396.6,22.7,23561.8,13420.7,38.7,1.0
10.783,7,22618.0,15259.4,15.0,22616.8,15272.3,22.5,22651.2,15243.5,40.7,1.5
10.783,8,23542.6,14896.5,15.0,23526.4,14892.2,25.5,23553.7,14916.2,23.3,1.0
10.783,9,23543.2,13317.7,15.0,23537.0,13343.1,22.6,23557.4,13296.1,23.1,1.1
10.783,10,23522.9,14439.8,15.0,23538.7,14469.2,23.6,23516.3,14408.3,23.5,1.0
10.783,11,23604.0,14377.9,15.0,23618.7,14369.3,28.7,23595.9,14364.0,22.7,1.1
10.783,12,23485.3,14604.4,15.0,23492.9,14568.9,25.3,23467.9,14625.6,21.9,1.5
10.783,13,23608.1,14305.2,15.0,23622.9,14295.0,29.1,23599.7,14292.2,22.6,1.2
10.800,0,23215.0,15304.6,15.0,23253.5,15311.7,27.7,23192.0,15288.0,22.1,1.3
10.800,1,23046.3,15207.2,15.0,23051.8,15217.5,22.2,23066.3,15192.5,32.4,1.3
10.800,2,23017.5,15290.9,15.0,23052.3,15305.7,42.9,23016.2,15278.5,22.3,1.3
10.800,3,23100.4,15296.1,15.0,23151.0,15306.0,40.7,23078.5,15278.1,23.3,0.9
10.800,4,23589.8,13567.2,15.0,23573.9,13558.6,22.9,23603.2,13615.7,47.1,0.9
10.800,5,23643.6,13256.7,15.0,23628.6,13272.5,30.7,23653.0,13265.5,22.3,1.3
10.800,6,23547.5,13391.9,15.0,23536.8,13396.6,22.7,23561.6,13413.0,35.1,1.0
10.800,7,22615.5,15259.4,15.0,22616.4,15271.5,22.5,22642.7,15243.7,36.8,1.5
10.800,8,23542.3,14894.8,15.0,23524.9,14882.9,24.4,23553.5,14917.1,23.3,1.0
10.800,9,23543.2,13315.9,15.0,23537.0,13343.4,22.6,23557.6,13290.1,23.1,1.1
10.800,10,23522.9,14441.5,15.0,23539.1,14471.5,23.4,23516.2,14408.3,23.7,1.0
10.800,11,23604.0,14379.8,15.0,23618.5,14377.2,26.8,23596.4,14363.3,22.7,1.1
10.800,12,23485.3,14606.8,15.0,23493.4,14568.0,27.4,23467.6,14627.9,22.1,1.5
10.800,13,23608.1,14307.1,15.0,23622.8,14302.7,27.2,23600.2,14291.4,22.6,1.2
10.817,0,23212.7,15304.6,15.0,23254.8,15312.2,30.7,23190.4,15287.8,22.3,1.3
10.817,1,23044.1,15207.2,15.0,23052.1,15216.8,22.2,23060.9,15192.4,30.9,1.3
10.817,2,23015.3,15290.9,15.0,23044.5,15305.5,38.5,23015.7,15279.2,22.2,1.3
10.817,3,23099.0,15296.1,15.0,23150.3,15306.6,42.4,23079.5,15278.2,23.2,0.9
10.817,4,23589.8,13565.7,15.0,23574.2,13558.5,22.9,23603.6,13614.2,48.9,0.9
10.817,5,23643.6,13254.6,15.0,23628.6,13267.0,29.5,23652.3,13266.1,22.3,1.3
10.817,6,23547.5,13390.2,15.0,23537.5,13397.0,22.7,23561.7,13408.4,33.0,1.0
10.817,7,22613.1,15259.4,15.0,22616.4,15270.8,22.4,22637.2,15243.6,34.5,1.5
10.817,8,23542.0,14893.1,15.0,23523.4,14874.6,24.1,23553.3,14917.8,23.3,1.0
10.817,9,23543.2,13314.0,15.0,23537.0,13343.3,22.9,23558.0,13287.1,22.9,1.1
10.817,10,23522.9,14443.2,15.0,23539.6,14473.1,23.3,23515.9,14408.0,24.7,1.0
10.817,11,23604.0,14381.6,15.0,23618.4,14385.4,25.4,23596.9,14362.5,22.7,1.1
10.817,12,23485.3,14609.2,15.0,23494.0,14566.6,30.5,23467.4,14629.8,22.3,1.5
10.817,13,23608.1,14309.1,15.0,23622.7,14310.9,25.8,23600.7,14290.7,22.6,1.2
10.833,0,23210.5,15304.7,15.0,23255.6,15313.0,34.1,23189.8,15287.6,22.5,1.3
10.833,1,23041.9,15207.1,15.0,23052.6,15216.1,22.2,23055.4,15192.2,29.7,1.3
10.833,2,23013.1,15290.9,15.0,23036.6,15305.3,34.9,23015.3,15279.9,22.2,1.3
10.833,3,23097.6,15296.1,15.0,23149.7,15307.3,44.2,23080.4,15278.3,23.3,0.9
10.833,4,23589.8,13564.3,15.0,23574.6,13558.2,22.9,23604.1,13613.0,51.2,0.9
10.833,5,23643.6,13252.4,15.0,23628.7,13259.6,27.7,23651.7,13266.7,22.3,1.3
10.833,6,23547.5,13388.5,15.0,23538.2,13397.3,22.7,23561.8,13403.6,31.0,1.0
10.833,7,22610.7,15259.4,15.0,22616.5,15270.0,22.3,22631.6,15243.5,32.6,1.5
10.833,8,23541.7,14891.4,15.0,23522.2,14868.6,23.8,23553.2,14918.3,23.3,1.0
10.833,9,23543.2,13312.2,15.0,23536.9,13343.1,23.1,23558.4,13284.8,22.6,1.1
10.833,10,23522.9,14444.9,15.0,23540.0,14474.4,23.3,23515.6,14407.5,26.0,1.0
10.833,11,23604.0,14383.5,15.0,23618.3,14394.7,24.0,23597.3,14361.9,22.7,1.1
10.833,12,23485.3,14611.6,15.0,23494.7,14565.5,34.0,23467.2,14631.1,22.6,1.5
10.833,13,23608.1,14311.0,15.0,23622.5,14320.1,24.2,23601.1,14290.1,22.6,1.2
10.850,0,23208.3,15304.7,15.0,23256.2,15313.8,37.9,23189.5,15287.5,22.7,1.3
10.850,1,23039.6,15207.1,15.0,23053.2,15215.5,22.1,23048.0,15192.2,27.8,1.3
10.850,2,23010.9,15290.9,15.0,23031.5,15305.4,32.8,23015.3,15280.6,22.1,1.3
10.850,3,23096.1,15296.1,15.0,23148.2,15307.8,45.0,23081.0,15278.5,23.3,0.9
10.850,4,23589.8,13562.9,15.0,23575.0,13557.9,22.9,23604.5,13611.7,53.5,0.9
10.850,5,23643.6,13250.3,15.0,23628.8,13251.3,26.1,23651.1,13267.3,22.3,1.3
10.850,6,23547.5,13386.8,15.0,23538.8,13398.0,22.7,23561.8,13398.6,29.7,1.0
10.850,7,22608.3,15259.4,15.0,22617.0,15269.2,22.2,22625.9,15243.4,31.3,1.5
10.850,8,23541.4,14889.7,15.0,23521.0,14863.6,23.8,23553.2,14918.6,23.3,1.0
10.850,9,23543.2,13310.3,15.0,23536.6,13343.4,24.2,23558.8,13283.1,22.6,1.1
10.850,10,23522.9,14446.6,15.0,23540.3,14475.4,23.3,23515.2,14406.4,28.1,1.0
10.850,11,23604.0,14385.4,15.0,23618.2,14403.9,23.6,23597.5,14361.3,22.7,1.1
10.850,12,23485.3,14614.0,15.0,23495.5,14564.9,38.0,23467.1,14631.7,23.0,1.5
10.850,13,23608.1,14313.0,15.0,23622.5,14329.6,23.5,23601.4,14289.5,22.7,1.2
10.867,0,23206.1,15304.7,15.0,23255.5,15314.6,40.5,23189.6,15287.6,22.9,1.3
10.867,1,23037.4,15207.1,15.0,23053.8,15214.9,22.2,23039.7,15192.2,26.2,1.3
10.867,2,23008.6,15290.9,15.0,23026.3,15305.5,31.0,23015.5,15281.3,22.1,1.3
10.867,3,23094.7,15296.1,15.0,23146.6,15308.3,45.5,23081.6,15278.7,23.3,0.9
10.867,4,23589.8,13561.5,15.0,23575.4,13557.6,22.9,23604.7,13608.9,53.5,0.9
10.867,5,23643.6,13248.2,15.0,23628.9,13242.1,24.3,23650.7,13267.9,22.3,1.3
10.867,6,23547.5,13385.0,15.0,23539.4,13398.7,22.7,23561.9,13393.6,28.6,1.0
10.867,7,22605.9,15259.4,15.0,22617.6,15268.5,22.2,22619.3,15243.4,29.8,1.5
10.867,8,23541.1,14887.9,15.0,23520.3,14861.4,23.5,23553.2,14918.6,23.6,1.0
10.867,9,23543.2,13308.5,15.0,23536.3,13343.8,25.6,23559.2,13281.5,22.6,1.1
10.867,10,23522.9,14448.3,15.0,23540.6,14476.2,23.3,23514.6,14405.0,31.0,1.0
10.867,11,23604.0,14387.2,15.0,23618.4,14409.9,23.2,23597.7,14361.0,22.7,1.1
10.867,12,23485.3,14616.4,15.0,23496.4,14565.3,41.0,23467.2,14632.1,23.3,1.5
10.867,13,23608.1,14314.9,15.0,23622.6,14336.1,23.1,23601.6,14289.1,22.7,1.2
10.883,0,23203.9,15304.8,15.0,23254.5,15315.4,42.8,23189.7,15287.7,23.1,1.3
10.883,1,23035.2,15207.1,15.0,23054.3,15214.5,22.2,23030.4,15192.2,24.4,1.3
10.883,2,23006.4,15290.9,15.0,23020.9,15305.5,29.8,23015.9,15282.0,22.0,1.3
10.883,3,23093.3,15296.1,15.0,23145.0,15308.9,46.3,23082.0,15279.0,23.3,0.9
10.883,4,23589.8,13560.1,15.0,23575.9,13557.3,22.9,23604.9,13605.7,53.0,0.9
10.883,5,23643.6,13246.0,15.0,23629.0,13232.5,23.3,23650.4,13268.4,22.4,1.3
10.883,6,23547.5,13383.3,15.0,23539.9,13399.4,22.7,23561.7,13386.4,26.9,1.0
10.883,7,22603.5,15259.4,15.0,22618.2,15267.9,22.2,22610.8,15243.5,27.8,1.5
10.883,8,23540.8,14886.2,15.0,23519.5,14859.3,23.3,23553.4,14918.6,24.0,1.0
10.883,9,23543.2,13306.6,15.0,23535.8,13345.0,28.0,23559.6,13280.5,22.6,1.1
10.883,10,23522.9,14450.0,15.0,23540.9,14476.2,23.2,23513.9,14403.9,34.1,1.0
10.883,11,23604.0,14389.1,15.0,23618.7,14415.7,23.2,23597.7,14360.7,22.8,1.1
10.883,12,23485.3,14618.9,15.0,23497.2,14566.3,43.5,23467.3,14632.3,23.6,1.5
10.883,13,23608.1,14316.8,15.0,23622.9,14342.3,23.0,23601.7,14288.9,22.7,1.2
10.900,0,23201.6,15304.8,15.0,23252.4,15316.1,43.8,23189.4,15288.0,23.2,1.3
10.900,1,23033.0,15207.0,15.0,23054.8,15214.2,22.2,23020.7,15192.2,23.3,1.3
10.900,2,23004.2,15290.9,15.0,23014.7,15305.5,28.4,23016.3,15282.6,22.0,1.3
10.900,3,23091.9,15296.1,15.0,23143.3,15309.4,47.8,23081.9,15279.3,23.3,0.9
10.900,4,23589.8,13558.7,15.0,23576.3,13557.0,22.9,23605.0,13602.0,51.6,0.9
10.900,5,23643.6,13243.9,15.0,23628.8,13225.7,22.7,23650.2,13268.7,22.4,1.3
10.900,6,23547.5,13381.6,15.0,23540.4,13400.1,22.7,23561.6,13378.7,25.6,1.0
10.900,7,22601.0,15259.4,15.0,22618.8,15267.3,22.2,22601.7,15243.6,25.8,1.5
10.900,8,23540.5,14884.5,15.0,23518.9,14858.0,23.3,23553.7,14919.1,25.3,1.0
10.900,9,23543.2,13304.8,15.0,23535.2,13346.1,30.9,23559.8,13279.6,22.6,1.1
10.900,10,23522.9,14451.7,15.0,23541.0,14475.6,23.2,23513.2,14403.2,37.6,1.0
10.900,11,23604.0,14390.9,15.0,23619.1,14418.1,22.9,23597.6,14360.8,23.0,1.1
10.900,12,23485.3,14621.3,15.0,23498.0,14568.3,44.9,23467.5,14633.0,23.7,1.5
10.900,13,23608.1,14318.8,15.0,23623.3,14345.0,22.7,23601.6,14289.0,23.0,1.2
10.917,0,23199.4,15304.8,15.0,23250.1,15316.8,44.7,23189.0,15288.3,23.2,1.3
10.917,1,23030.7,15207.0,15.0,23055.0,15214.0,22.3,23014.0,15192.0,22.5,1.3
10.917,2,23002.0,15290.9,15.0,23006.6,15305.4,26.6,23016.8,15283.2,22.0,1.3
10.917,3,23090.5,15296.2,15.0,23141.5,15309.9,49.4,23081.9,15279.6,23.3,0.9
10.917,4,23589.8,13557.2,15.0,23576.9,13556.8,22.9,23604.8,13596.6,48.1,0.9
10.917,5,23643.6,13241.8,15.0,23628.6,13219.2,22.4,23650.1,13268.9,22.5,1.3
10.917,6,23547.5,13379.8,15.0,23540.7,13400.7,22.7,23561.5,13370.2,24.2,1.0
10.917,7,22598.6,15259.4,15.0,22619.4,15266.9,22.2,22591.6,15243.7,24.1,1.5
10.917,8,23540.2,14882.8,15.0,23518.3,14856.7,23.3,23554.1,14919.6,26.8,1.0
10.917,9,23543.2,13302.9,15.0,23534.5,13346.9,34.2,23560.0,13279.8,22.6,1.1
10.917,10,23522.9,14453.4,15.0,23541.0,14474.8,23.2,23512.4,14403.1,40.7,1.0
10.917,11,23604.0,14392.8,15.0,23619.5,14420.5,22.6,23597.5,14361.0,23.4,1.1
10.917,12,23485.3,14623.7,15.0,23498.7,14570.7,45.8,23467.8,14633.9,23.7,1.5
10.917,13,23608.1,14320.7,15.0,23623.7,14347.5,22.4,23601.5,14289.2,23.3,1.2
10.933,0,23197.2,15304.9,15.0,23247.8,15317.5,46.5,23187.9,15288.6,23.2,1.3
10.933,1,23028.5,15207.0,15.0,23055.3,15213.9,22.4,23007.3,15191.7,22.2,1.3
10.933,2,22999.8,15290.9,15.0,22998.1,15305.3,24.9,23017.3,15283.7,22.0,1.3
10.933,3,23089.1,15296.2,15.0,23140.2,15310.4,51.5,23081.7,15280.0,23.3,0.9
10.933,4,23589.8,13555.8,15.0,23577.4,13556.6,22.9,23604.7,13590.9,44.8,0.9
10.933,5,23643.6,13239.6,15.0,23628.2,13216.2,22.1,23650.2,13268.7,22.8,1.3
10.933,6,23547.5,13378.1,15.0,23541.0,13401.3,22.7,23561.4,13361.3,23.6,1.0
10.933,7,22596.2,15259.4,15.0,22619.8,15266.6,22.3,22583.2,15243.6,23.0,1.5
10.933,8,23539.9,14881.1,15.0,23517.9,14856.0,23.3,23554.8,14921.1,29.6,1.0
10.933,9,23543.2,13301.1,15.0,23533.8,13347.4,37.8,23560.1,13280.3,22.7,1.1
10.933,10,23522.9,14455.1,15.0,23540.9,14473.7,23.2,23511.7,14403.9,42.8,1.0
10.933,11,23604.0,14394.7,15.0,23620.0,14422.0,22.6,23597.2,14360.6,24.7,1.1
10.933,12,23485.3,14626.1,15.0,23499.4,14573.1,47.6,23468.1,14635.4,23.6,1.5
10.933,13,23608.1,14322.6,15.0,23624.1,14349.2,22.5,23601.2,14288.8,24.5,1.2
10.950,0,23195.0,15304.9,15.0,23245.3,15318.2,48.5,23186.8,15289.0,23.1,1.3
10.950,1,23026.3,15207.0,15.0,23055.0,15213.9,22.7,23004.3,15191.2,21.9,1.3
10.950,2,22997.5,15290.9,15.0,22988.7,15305.2,23.4,23017.7,15284.0,22.0,1.3
10.950,3,23087.6,15296.2,15.0,23139.0,15310.9,53.9,23081.5,15280.4,23.3,0.9
10.950,4,23589.8,13554.4,15.0,23577.9,13556.5,22.9,23604.6,13585.0,41.3,0.9
10.950,5,23643.6,13237.5,15.0,23627.8,13213.3,21.9,23650.3,13268.5,23.1,1.3
10.950,6,23547.5,13376.4,15.0,23541.2,13401.7,22.7,23561.5,13354.7,23.3,1.0
10.950,7,22593.8,15259.4,15.0,22620.1,15266.5,22.4,22576.2,15243.4,22.3,1.5
10.950,8,23539.6,14879.4,15.0,23517.6,14855.2,23.3,23555.5,14922.3,32.6,1.0
10.950,9,23543.2,13299.2,15.0,23533.0,13346.7,40.0,23560.1,13281.1,22.6,1.1
10.950,10,23522.9,14456.8,15.0,23540.8,14472.7,23.3,23511.0,14405.0,44.6,1.0
10.950,11,23604.0,14396.5,15.0,23620.3,14423.5,22.7,23596.9,14360.1,26.2,1.1
10.950,12,23485.3,14628.5,15.0,23500.1,14575.7,49.7,23468.5,14636.9,23.5,1.5
10.950,13,23608.1,14324.6,15.0,23624.5,14350.9,22.5,23600.9,14288.4,25.9,1.2
10.967,0,23192.7,15304.9,15.0,23243.6,15318.9,51.4,23185.5,15289.4,23.0,1.3
10.967,1,23024.1,15206.9,15.0,23054.8,15214.0,23.1,23001.4,15190.8,21.6,1.3
10.967,2,22995.3,15290.9,15.0,22980.6,15305.3,22.6,23018.1,15284.3,22.1,1.3
10.967,3,23086.2,15296.2,15.0,23137.3,15311.3,55.8,23081.3,15280.9,23.3,0.9
10.967,4,23589.8,13553.0,15.0,23578.4,13556.5,22.9,23604.4,13578.8,38.0,0.9
10.967,5,23643.6,13235.4,15.0,23627.4,13211.3,22.0,23650.6,13268.9,24.4,1.3
10.967,6,23547.5,13374.6,15.0,23541.3,13402.0,22.7,23561.7,13349.0,23.2,1.0
10.967,7,22591.4,15259.4,15.0,22620.1,15266.5,22.7,22571.5,15243.1,21.9,1.5
10.967,8,23539.4,14877.7,15.0,23517.5,14855.9,23.2,23556.3,14923.1,36.1,1.0
10.967,9,23543.2,13297.4,15.0,23532.3,13345.7,42.2,23559.9,13282.0,22.7,1.1
10.967,10,23522.9,14458.5,15.0,23540.5,14472.0,23.2,23510.4,14406.9,45.2,1.0
10.967,11,23604.0,14398.4,15.0,23620.7,14424.5,22.7,23596.3,14358.7,28.9,1.1
10.967,12,23485.3,14630.9,15.0,23500.7,14577.6,52.7,23468.9,14638.7,23.3,1.5
10.967,13,23608.1,14326.5,15.0,23624.8,14352.0,22.5,23600.3,14287.0,28.6,1.2
10.983,0,23190.5,15305.0,15.0,23241.4,15319.5,54.1,23184.3,15289.9,22.9,1.3
10.983,1,23021.9,15206.9,15.0,23055.2,15214.3,24.5,22999.3,15190.4,21.8,1.3
10.983,2,22993.1,15290.9,15.0,22974.2,15305.5,22.1,23018.2,15284.4,22.1,1.3
10.983,3,23084.8,15296.2,15.0,23134.0,15311.5,55.2,23081.1,15281.3,23.3,0.9
10.983,4,23589.8,13551.6,15.0,23579.0,13556.6,22.9,23604.3,13572.8,35.3,0.9
10.983,5,23643.6,13233.3,15.0,23627.1,13209.4,22.1,23650.9,13269.2,26.0,1.3
10.983,6,23547.5,13372.9,15.0,23541.3,13402.0,22.9,23562.1,13345.5,23.1,1.0
10.983,7,22589.0,15259.4,15.0,22619.9,15266.5,23.1,22568.2,15242.7,21.7,1.5
10.983,8,23539.1,14875.9,15.0,23517.6,14856.5,23.3,23557.1,14923.6,39.8,1.0
10.983,9,23543.2,13295.5,15.0,23531.7,13343.8,43.0,23559.7,13282.4,22.7,1.1
10.983,10,23522.9,14460.2,15.0,23540.2,14471.5,23.3,23509.8,14408.9,46.1,1.0
10.983,11,23604.0,14400.2,15.0,23620.9,14425.3,22.7,23595.7,14357.6,31.9,1.1
10.983,12,23485.3,14633.4,15.0,23501.4,14579.8,55.7,23469.3,14640.4,23.2,1.5
10.983,13,23608.1,14328.5,15.0,23625.1,14353.0,22.6,23599.7,14285.9,31.6,1.2
11.000,0,23188.3,15305.0,15.0,23237.0,15319.8,53.4,23183.1,15290.5,22.8,1.3
11.000,1,23019.6,15206.9,15.0,23055.6,15214.7,26.1,22997.2,15190.1,21.9,1.3
11.000,2,22990.9,15290.9,15.0,22969.6,15305.8,21.9,23018.1,15284.4,22.3,1.3
11.000,3,23083.4,15296.2,15.0,23130.8,15311.7,54.7,23080.8,15281.8,23.3,0.9
11.000,4,23589.8,13550.2,15.0,23579.6,13556.9,22.9,23604.3,13568.9,33.5,0.9
11.000,5,23643.6,13231.1,15.0,23626.8,13208.0,22.2,23651.4,13270.6,28.8,1.3
11.000,6,23547.5,13371.2,15.0,23541.1,13401.9,23.1,23562.5,13343.3,22.8,1.0
11.000,7,22586.5,15259.4,15.0,22620.1,15266.8,24.3,22565.6,15242.3,21.7,1.5
11.000,8,23538.8,14874.2,15.0,23517.8,14857.6,23.2,23557.7,14922.8,42.0,1.0
11.000,9,23543.2,13293.7,15.0,23531.1,13341.7,43.7,23559.4,13282.8,22.7,1.1
11.000,10,23522.9,14461.9,15.0,23539.8,14471.6,23.3,23509.2,14410.9,47.9,1.0
11.000,11,23604.0,14402.1,15.0,23621.1,14424.8,22.7,23595.0,14356.9,35.3,1.1
11.000,12,23485.3,14635.8,15.0,23501.6,14584.4,55.0,23469.9,14641.9,23.1,1.5
11.000,13,23608.1,14330.4,15.0,23625.2,14352.7,22.7,23599.0,14285.1,35.1,1.2
11.017,0,23186.1,15305.0,15.0,23232.1,15320.0,52.1,23182.0,15291.0,22.7,1.3
11.017,1,23017.4,15206.9,15.0,23056.9,15215.2,28.9,22995.6,15189.8,22.1,1.3
11.017,2,22988.7,15290.9,15.0,22966.6,15306.2,21.6,23017.8,15284.4,22.7,1.3
11.017,3,23082.0,15296.2,15.0,23126.1,15311.7,52.0,23080.6,15282.3,23.3,0.9
11.017,4,23589.8,13548.7,15.0,23580.1,13557.3,22.9,23604.4,13564.9,31.9,0.9
11.017,5,23643.6,13229.0,15.0,23626.5,13206.7,22.3,23652.1,13271.7,31.9,1.3
11.017,6,23547.5,13369.4,15.0,23540.9,13402.0,23.9,23562.9,13341.5,22.7,1.0
11.017,7,22584.1,15259.4,15.0,22620.5,15267.1,25.9,22563.0,15242.0,21.9,1.5
11.017,8,23538.5,14872.5,15.0,23518.2,14858.6,23.3,23558.2,14921.9,44.2,1.0
11.017,9,23543.2,13291.8,15.0,23530.5,13339.6,45.3,23559.0,13282.6,22.7,1.1
11.017,10,23522.9,14463.7,15.0,23539.4,14471.6,23.3,23508.6,14413.0,49.7,1.0
11.017,11,23604.0,14404.0,15.0,23621.2,14424.4,22.8,23594.2,14356.6,38.8,1.1
11.017,12,23485.3,14638.2,15.0,23501.8,14589.6,53.6,23470.4,14643.3,22.9,1.5
11.017,13,23608.1,14332.3,15.0,23625.3,14352.4,22.8,23598.2,14284.7,38.7,1.2
11.033,0,23183.9,15305.1,15.0,23224.8,15320.0,47.5,23181.0,15291.7,22.6,1.3
11.033,1,23015.2,15206.8,15.0,23057.9,15215.9,32.1,22994.3,15189.5,22.2,1.3
11.033,2,22986.5,15290.9,15.0,22964.2,15306.6,21.5,23017.9,15284.2,23.6,1.3
11.033,3,23080.6,15296.3,15.0,23120.4,15311.7,48.4,23080.5,15282.9,23.3,0.9
11.033,4,23589.8,13547.3,15.0,23580.7,13557.8,22.9,23604.4,13560.8,30.6,0.9
11.033,5,23643.6,13226.9,15.0,23626.4,13206.6,22.5,23652.8,13272.4,35.4,1.3
11.033,6,23547.5,13367.7,15.0,23540.6,13402.4,25.1,23563.3,13340.1,22.7,1.0
11.033,7,22581.7,15259.4,15.0,22621.9,15267.6,28.7,22561.0,15241.7,22.1,1.5
11.033,8,23538.3,14870.8,15.0,23518.6,14859.3,23.3,23558.5,14920.1,45.1,1.0
11.033,9,23543.2,13290.0,15.0,23529.9,13337.4,47.1,23558.6,13282.3,22.7,1.1
11.033,10,23522.9,14465.4,15.0,23538.9,14471.9,23.3,23508.0,14414.4,52.6,1.0
11.033,11,23604.0,14405.8,15.0,23621.1,14423.5,22.8,23593.5,14357.4,40.9,1.1
11.033,12,23485.3,14640.6,15.0,23501.7,14597.2,48.8,23471.1,14644.7,22.8,1.5
11.033,13,23608.1,14334.3,15.0,23625.2,14351.7,22.8,23597.5,14285.6,40.9,1.2
11.050,0,23181.6,15305.1,15.0,23217.1,15320.0,43.2,23180.4,15292.4,22.6,1.3
11.050,1,23013.0,15206.8,15.0,23058.5,15216.6,35.7,22994.0,15189.4,22.5,1.3
11.050,2,22984.2,15290.9,15.0,22962.0,15306.9,21.7,23018.1,15283.9,25.0,1.3
11.050,3,23079.1,15296.3,15.0,23114.3,15311.6,45.0,23080.3,15283.4,23.3,0.9
11.050,4,23589.8,13545.9,15.0,23581.2,13558.4,22.9,23604.5,13556.7,29.6,0.9
11.050,5,23643.6,13224.7,15.0,23626.4,13206.6,22.7,23653.6,13272.5,38.9,1.3
11.050,6,23547.5,13366.0,15.0,23540.2,13403.2,27.0,23563.6,13338.9,22.7,1.0
11.050,7,22579.3,15259.4,15.0,22623.2,15268.3,31.9,22559.1,15241.5,22.4,1.5
11.050,8,23538.0,14869.1,15.0,23519.0,14859.8,23.3,23558.7,14918.0,45.7,1.0
11.050,9,23543.2,13288.1,15.0,23529.3,13335.8,49.8,23558.2,13281.9,22.7,1.1
11.050,10,23522.9,14467.1,15.0,23538.4,14472.1,23.3,23507.5,14416.0,55.5,1.0
11.050,11,23604.0,14407.7,15.0,23620.9,14422.6,22.8,23592.8,14358.5,42.9,1.1
11.050,12,23485.3,14643.0,15.0,23501.5,14605.4,44.3,23471.8,14645.4,22.7,1.5
11.050,13,23608.1,14336.2,15.0,23625.1,14351.0,22.9,23596.7,14286.6,43.0,1.2
11.067,0,23179.4,15305.1,15.0,23208.9,15319.9,38.7,23180.0,15293.1,22.5,1.3
11.067,1,23010.8,15206.8,15.0,23058.5,15217.4,39.0,22993.8,15189.4,22.7,1.3
11.067,2,22982.0,15290.9,15.0,22960.3,15307.2,21.8,23019.1,15283.4,27.3,1.3
11.067,3,23077.7,15296.3,15.0,23108.1,15311.5,41.3,23080.4,15284.0,23.3,0.9
11.067,4,23589.8,13544.5,15.0,23581.7,13559.0,22.9,23604.5,13552.3,28.6,0.9
11.067,5,23643.6,13222.6,15.0,23626.5,13206.9,22.8,23654.4,13271.6,41.1,1.3
11.067,6,23547.5,13364.2,15.0,23539.7,13404.4,29.6,23563.9,13338.1,22.7,1.0
11.067,7,22576.9,15259.4,15.0,22624.0,15269.1,35.6,22558.4,15241.3,22.7,1.5
11.067,8,23537.8,14867.4,15.0,23519.4,14859.8,23.3,23558.9,14915.9,47.3,1.0
11.067,9,23543.2,13286.3,15.0,23528.8,13334.1,52.7,23557.7,13281.4,22.7,1.1
11.067,10,23522.9,14468.8,15.0,23537.8,14472.4,23.3,23507.3,14419.8,55.1,1.0
11.067,11,23604.0,14409.6,15.0,23620.6,14422.2,22.8,23592.1,14360.6,43.6,1.1
11.067,12,23485.3,14645.4,15.0,23501.3,14613.9,39.6,23472.5,14645.9,22.6,1.5
11.067,13,23608.1,14338.2,15.0,23624.8,14350.7,22.9,23596.1,14288.8,43.7,1.2
11.083,0,23177.2,15305.2,15.0,23201.4,15319.9,35.3,23179.7,15293.8,22.4,1.3
11.083,1,23008.5,15206.8,15.0,23057.5,15218.2,41.3,22994.0,15189.5,22.9,1.3
11.083,2,22979.8,15290.9,15.0,22958.6,15307.5,22.0,23020.2,15282.8,30.2,1.3
11.083,3,23076.3,15296.3,15.0,23101.5,15311.3,38.0,23080.5,15284.6,23.3,0.9
11.083,4,23589.8,13543.1,15.0,23582.1,13559.6,22.9,23604.4,13546.0,27.1,0.9
11.083,5,23643.6,13220.5,15.0,23626.6,13207.1,23.0,23655.1,13270.2,43.0,1.3
11.083,6,23547.5,13362.5,15.0,23539.1,13405.3,32.6,23564.2,13337.8,22.7,1.0
11.083,7,22574.5,15259.4,15.0,22624.4,15269.9,39.5,22557.8,15241.3,23.1,1.5
11.083,8,23537.5,14865.6,15.0,23519.8,14859.7,23.3,23559.1,14913.8,49.2,1.0
11.083,9,23543.2,13284.4,15.0,23528.6,13330.3,52.4,23557.1,13280.9,22.7,1.1
11.083,10,23522.9,14470.5,15.0,23537.3,14472.8,23.3,23507.1,14423.7,54.5,1.0
11.083,11,23604.0,14411.4,15.0,23620.3,14421.9,22.9,23591.5,14362.7,44.4,1.1
11.083,12,23485.3,14647.9,15.0,23501.2,14621.5,36.2,23473.3,14646.3,22.5,1.5
11.083,13,23608.1,14340.1,15.0,23624.5,14350.6,22.9,23595.5,14290.9,44.5,1.2
11.100,0,23175.0,15305.2,15.0,23196.2,15320.1,33.2,23179.9,15294.6,22.4,1.3
11.100,1,23006.3,15206.7,15.0,23056.0,15218.9,43.0,22993.8,15189.7,23.0,1.3
11.100,2,22977.6,15290.9,15.0,22958.0,15307.6,22.2,23020.9,15282.1,33.6,1.3
11.100,3,23074.9,15296.3,15.0,23096.4,15311.3,35.6,23080.8,15285.1,23.3,0.9
11.100,4,23589.8,13541.7,15.0,23582.5,13560.3,22.9,23604.3,13539.6,26.0,0.9
11.100,5,23643.6,13218.3,15.0,23626.9,13206.9,23.0,23655.8,13268.0,43.8,1.3
11.100,6,23547.5,13360.8,15.0,23538.4,13405.9,35.9,23564.3,13338.3,22.7,1.0
11.100,7,22572.0,15259.4,15.0,22623.4,15270.7,42.0,22557.6,15241.4,23.3,1.5
11.100,8,23537.2,14863.9,15.0,23520.3,14859.4,23.3,23559.4,14912.1,51.8,1.0
11.100,9,23543.2,13282.6,15.0,23528.4,13326.2,51.8,23556.6,13280.4,22.7,1.1
11.100,10,23522.9,14472.2,15.0,23536.6,14473.0,23.3,23507.2,14429.8,50.6,1.0
11.100,11,23604.0,14413.3,15.0,23619.9,14422.2,22.8,23590.9,14364.9,46.2,1.1
11.100,12,23485.3,14650.3,15.0,23501.3,14627.0,34.0,23474.1,14646.2,22.4,1.5
11.100,13,23608.1,14342.0,15.0,23624.1,14351.1,22.9,23594.9,14293.1,46.3,1.2
11.117,0,23172.8,15305.2,15.0,23190.8,15320.2,31.5,23180.2,15295.3,22.3,1.3
11.117,1,23004.1,15206.7,15.0,23053.7,15219.5,43.8,22993.4,15190.0,23.1,1.3
11.117,2,22975.4,15290.9,15.0,22957.7,15307.7,22.4,23021.3,15281.3,37.2,1.3
11.117,3,23073.5,15296.3,15.0,23092.3,15311.5,33.8,23081.2,15285.7,23.3,0.9
11.117,4,23589.8,13540.2,15.0,23582.8,13560.9,22.9,23604.2,13532.7,24.8,0.9
11.117,5,23643.6,13216.2,15.0,23627.2,13206.4,23.0,23656.4,13265.7,44.9,1.3
11.117,6,23547.5,13359.1,15.0,23537.7,13406.0,38.9,23564.3,13339.0,22.7,1.0
11.117,7,22569.6,15259.3,15.0,22622.1,15271.6,44.1,22557.1,15241.6,23.6,1.5
11.117,8,23537.0,14862.2,15.0,23520.7,14859.1,23.3,23559.6,14910.5,54.8,1.0
11.117,9,23543.2,13280.7,15.0,23528.5,13319.7,47.6,23556.0,13279.9,22.7,1.1
11.117,10,23522.9,14473.9,15.0,23536.0,14473.2,23.3,23507.3,14436.9,46.5,1.0
11.117,11,23604.0,14415.1,15.0,23619.5,14422.6,22.8,23590.4,14367.0,48.2,1.1
11.117,12,23485.3,14652.7,15.0,23501.4,14632.7,32.4,23474.9,14645.9,22.3,1.5
11.117,13,23608.1,14344.0,15.0,23623.7,14351.5,22.9,23594.3,14295.3,48.3,1.2
11.133,0,23170.5,15305.3,15.0,23185.2,15320.4,30.2,23180.7,15296.0,22.3,1.3
11.133,1,23001.9,15206.7,15.0,23051.4,15220.1,45.1,22992.6,15190.3,23.1,1.3
11.133,2,22973.1,15290.9,15.0,22957.7,15307.6,22.6,23020.5,15280.6,39.6,1.3
11.133,3,23072.1,15296.3,15.0,23088.1,15311.6,32.1,23081.7,15286.3,23.3,0.9
11.133,4,23589.8,13538.8,15.0,23583.1,13561.4,22.9,23604.1,13525.4,24.0,0.9
11.133,5,23643.6,13214.1,15.0,23627.6,13205.5,23.0,23657.0,13263.4,46.7,1.3
11.133,6,23547.5,13357.3,15.0,23537.0,13405.1,40.9,23564.3,13339.9,22.7,1.0
11.133,7,22567.2,15259.3,15.0,22619.7,15272.3,45.0,22556.3,15241.8,23.6,1.5
11.133,8,23536.7,14860.5,15.0,23521.2,14858.7,23.3,23559.4,14907.4,55.4,1.0
11.133,9,23543.2,13278.9,15.0,23528.6,13312.5,43.6,23555.3,13279.6,22.7,1.1
11.133,10,23522.9,14475.6,15.0,23535.3,14473.2,23.3,23507.5,14444.2,42.1,1.0
11.133,11,23604.0,14417.0,15.0,23619.1,14423.0,22.8,23589.8,14368.6,51.1,1.1
11.133,12,23485.3,14655.1,15.0,23501.4,14638.4,31.1,23475.6,14645.4,22.3,1.5
11.133,13,23608.1,14345.9,15.0,23623.3,14352.2,22.9,23593.7,14296.9,51.2,1.2
11.150,0,23168.3,15305.3,15.0,23178.4,15320.4,28.6,23181.3,15296.6,22.3,1.3
11.150,1,22999.7,15206.7,15.0,23049.0,15220.7,47.0,22991.5,15190.6,23.0,1.3
11.150,2,22970.9,15290.9,15.0,22957.7,15307.5,22.8,23019.4,15279.8,41.8,1.3
11.150,3,23070.6,15296.3,15.0,23083.9,15311.6,31.0,23082.4,15286.9,23.3,0.9
11.150,4,23589.8,13537.4,15.0,23583.3,13561.9,22.9,23604.1,13518.0,23.8,0.9
11.150,5,23643.6,13211.9,15.0,23628.0,13204.5,22.9,23657.6,13261.3,49.0,1.3
11.150,6,23547.5,13355.6,15.0,23536.3,13404.0,42.6,23564.1,13340.7,22.7,1.0
11.150,7,22564.8,15259.3,15.0,22617.4,15273.0,46.3,22555.1,15242.1,23.6,1.5
11.150,8,23536.5,14858.8,15.0,23521.8,14858.2,23.3,23559.0,14903.4,54.7,1.0
11.150,9,23543.2,13277.0,15.0,23528.8,13305.1,39.2,23554.6,13279.5,22.6,1.1
11.150,10,23522.9,14477.3,15.0,23534.6,14473.1,23.3,23507.7,14452.0,38.0,1.0
11.150,11,23604.0,14418.9,15.0,23618.6,14423.5,22.8,23589.3,14370.7,53.4,1.1
11.150,12,23485.3,14657.5,15.0,23501.4,14645.9,29.2,23476.3,14644.8,22.2,1.5
11.150,13,23608.1,14347.9,15.0,23622.8,14352.8,22.8,23593.2,14299.1,53.6,1.2
11.167,0,23166.1,15305.3,15.0,23170.1,15320.4,26.8,23182.0,15297.2,22.3,1.3
11.167,1,22997.4,15206.7,15.0,23046.9,15221.3,49.4,22990.2,15191.0,22.9,1.3
11.167,2,22968.7,15290.9,15.0,22957.3,15307.2,22.9,23017.3,15279.2,42.8,1.3
11.167,3,23069.2,15296.4,15.0,23079.6,15311.7,30.0,23083.1,15287.4,23.3,0.9
11.167,4,23589.8,13536.0,15.0,23583.4,13562.2,22.9,23604.2,13513.3,23.5,0.9
11.167,5,23643.6,13209.8,15.0,23628.4,13203.5,22.9,23658.2,13259.5,52.0,1.3
11.167,6,23547.5,13353.9,15.0,23535.7,13402.0,43.2,23563.8,13341.2,22.7,1.0
11.167,7,22562.4,15259.3,15.0,22614.8,15273.7,48.3,22553.6,15242.5,23.5,1.5
11.167,8,23536.2,14857.0,15.0,23522.4,14857.9,23.3,23558.1,14898.0,51.7,1.0
11.167,9,23543.2,13275.2,15.0,23529.1,13297.1,35.4,23554.0,13279.4,22.7,1.1
11.167,10,23522.9,14479.0,15.0,23533.9,14472.8,23.2,23507.8,14458.2,35.2,1.0
11.167,11,23604.0,14420.7,15.0,23618.0,14424.1,22.8,23589.1,14374.7,52.7,1.1
11.167,12,23485.3,14659.9,15.0,23501.3,14654.5,27.4,23476.9,14644.1,22.3,1.5
11.167,13,23608.1,14349.8,15.0,23622.2,14353.5,22.8,23593.0,14303.2,53.0,1.2
11.183,0,23163.9,15305.3,15.0,23161.0,15320.4,25.0,23182.5,15297.7,22.3,1.3
11.183,1,22995.2,15206.6,15.0,23045.0,15221.9,52.4,22988.9,15191.4,22.8,1.3
11.183,2,22966.5,15290.9,15.0,22956.8,15307.0,22.9,23015.0,15278.5,43.5,1.3
11.183,3,23067.8,15296.4,15.0,23074.2,15311.7,28.7,23083.8,15287.9,23.3,0.9
11.183,4,23589.8,13534.6,15.0,23583.5,13562.5,22.9,23604.4,13508.5,23.4,0.9
11.183,5,23643.6,13207.7,15.0,23628.9,13202.4,22.8,23658.7,13256.5,53.4,1.3
11.183,6,23547.5,13352.1,15.0,23535.2,13400.0,44.0,23563.5,13341.6,22.7,1.0
11.183,7,22560.0,15259.3,15.0,22612.6,15274.3,50.7,22551.9,15242.8,23.4,1.5
11.183,8,23536.0,14855.3,15.0,23523.0,14857.6,23.3,23556.9,14891.0,47.4,1.0
11.183,9,23543.2,13273.4,15.0,23529.0,13292.0,33.1,23553.3,13279.7,22.6,1.1
11.183,10,23522.9,14480.7,15.0,23533.2,14472.3,23.2,23507.7,14463.1,33.1,1.0
11.183,11,23604.0,14422.6,15.0,23617.4,14424.6,22.8,23588.9,14379.3,51.4,1.1
11.183,12,23485.3,14662.4,15.0,23501.2,14664.1,25.3,23477.4,14643.5,22.3,1.5
11.183,13,23608.1,14351.7,15.0,23621.6,14354.1,22.8,23592.8,14307.8,51.6,1.2
11.200,0,23161.6,15305.4,15.0,23151.3,15320.4,23.6,23183.1,15298.0,22.3,1.3
11.200,1,22993.0,15206.6,15.0,23041.6,15222.2,53.2,22987.7,15191.9,22.7,1.3
11.200,2,22964.3,15290.9,15.0,22955.6,15306.6,22.8,23012.6,15277.9,45.3,1.3
11.200,3,23066.4,15296.4,15.0,23067.6,15311.7,27.2,23084.6,15288.3,23.3,0.9
11.200,4,23589.8,13533.2,15.0,23583.5,13562.6,23.0,23604.7,13505.2,23.4,0.9
11.200,5,23643.6,13205.5,15.0,23629.4,13201.3,22.7,23658.9,13252.3,52.7,1.3
11.200,6,23547.5,13350.4,15.0,23534.6,13398.0,45.7,23563.2,13341.4,22.7,1.0
11.200,7,22557.5,15259.3,15.0,22610.6,15275.0,53.9,22550.2,15243.3,23.2,1.5
11.200,8,23535.7,14853.6,15.0,23523.6,14857.4,23.3,23555.6,14883.7,43.0,1.0
11.200,9,23543.2,13271.5,15.0,23528.9,13287.0,31.1,23552.6,13280.0,22.6,1.1
11.200,10,23522.9,14482.4,15.0,23532.5,14471.6,23.2,23507.6,14468.1,31.4,1.0
11.200,11,23604.0,14424.5,15.0,23616.8,14424.9,22.8,23589.1,14386.2,47.0,1.1
11.200,12,23485.3,14664.8,15.0,23501.1,14674.3,23.8,23477.8,14642.9,22.3,1.5
11.200,13,23608.1,14353.7,15.0,23621.0,14354.6,22.7,23593.0,14314.8,47.1,1.2
11.217,0,23159.4,15305.4,15.0,23143.5,15320.6,22.8,23183.5,15298.3,22.4,1.3
11.217,1,22990.8,15206.6,15.0,23037.3,15222.4,52.5,22986.5,15192.4,22.6,1.3
11.217,2,22962.1,15290.9,15.0,22954.4,15306.3,22.8,23010.2,15277.3,47.3,1.3
11.217,3,23065.0,15296.4,15.0,23060.9,15311.7,26.2,23085.3,15288.7,23.3,0.9
11.217,4,23589.8,13531.7,15.0,23583.4,13562.5,23.2,23605.0,13503.4,23.1,0.9
11.217,5,23643.6,13203.4,15.0,23630.0,13200.5,22.6,23658.9,13246.7,50.1,1.3
11.217,6,23547.5,13348.7,15.0,23534.1,13395.9,47.5,23562.8,13341.3,22.7,1.0
11.217,7,22555.1,15259.3,15.0,22607.2,15275.4,55.0,22548.6,15243.7,23.1,1.5
11.217,8,23535.5,14851.9,15.0,23524.3,14857.4,23.3,23554.3,14875.9,38.7,1.0
11.217,9,23543.2,13269.7,15.0,23528.9,13281.8,29.7,23551.9,13280.7,22.6,1.1
11.217,10,23522.9,14484.1,15.0,23531.9,14470.7,23.2,23507.6,14473.3,30.1,1.0
11.217,11,23604.0,14426.3,15.0,23616.1,14425.3,22.8,23589.3,14393.5,42.8,1.1
11.217,12,23485.3,14667.2,15.0,23501.2,14681.8,22.8,23478.1,14642.5,22.4,1.5
11.217,13,23608.1,14355.6,15.0,23620.3,14355.0,22.7,23593.1,14322.2,43.0,1.2
11.233,0,23157.2,15305.4,15.0,23136.9,15320.9,22.3,23183.7,15298.4,22.4,1.3
11.233,1,22988.5,15206.6,15.0,23031.1,15222.3,49.2,22985.4,15193.0,22.5,1.3
11.233,2,22959.8,15290.9,15.0,22953.2,15305.9,22.7,23008.4,15276.7,50.1,1.3
11.233,3,23063.6,15296.4,15.0,23053.4,15311.6,24.9,23086.0,15289.0,23.3,0.9
11.233,4,23589.8,13530.3,15.0,23583.3,13562.4,23.4,23605.4,13501.5,22.9,0.9
11.233,5,23643.6,13201.3,15.0,23630.7,13199.7,22.6,23658.8,13239.3,45.7,1.3
11.233,6,23547.5,13346.9,15.0,23533.5,13394.5,50.2,23562.3,13340.9,22.7,1.0
11.233,7,22552.7,15259.3,15.0,22602.6,15275.7,54.3,22547.1,15244.3,22.9,1.5
11.233,8,23535.3,14850.1,15.0,23525.1,14857.5,23.3,23553.2,14869.2,35.6,1.0
11.233,9,23543.2,13267.8,15.0,23528.8,13276.5,28.6,23551.3,13281.4,22.6,1.1
11.233,10,23522.9,14485.8,15.0,23531.3,14469.9,23.2,23507.6,14479.5,28.6,1.0
11.233,11,23604.0,14428.2,15.0,23615.4,14425.3,22.7,23589.5,14401.2,38.5,1.1
11.233,12,23485.3,14669.6,15.0,23501.4,14688.9,22.2,23478.2,14642.3,22.5,1.5
11.233,13,23608.1,14357.5,15.0,23619.6,14355.2,22.7,23593.3,14330.0,38.6,1.2
11.250,0,23155.0,15305.5,15.0,23132.9,15321.3,22.1,23183.6,15298.4,22.7,1.3
11.250,1,22986.3,15206.6,15.0,23023.6,15222.1,44.9,22984.6,15193.6,22.5,1.3
11.250,2,22957.6,15290.9,15.0,22951.9,15305.4,22.6,23006.1,15276.2,52.5,1.3
11.250,3,23062.1,15296.4,15.0,23045.7,15311.6,24.3,23086.6,15289.3,23.3,0.9
11.250,4,23589.8,13528.9,15.0,23583.1,13562.7,24.3,23605.7,13500.4,22.9,0.9
11.250,5,23643.6,13199.2,15.0,23631.3,13199.2,22.5,23658.6,13231.7,41.3,1.3
11.250,6,23547.5,13345.2,15.0,23533.0,13392.9,53.0,23561.8,13340.6,22.7,1.0
11.250,7,22550.3,15259.3,15.0,22596.2,15275.7,51.0,22545.7,15244.9,22.8,1.5
11.250,8,23535.0,14848.4,15.0,23525.8,14857.9,23.3,23552.6,14864.3,33.4,1.0
11.250,9,23543.2,13266.0,15.0,23528.9,13268.8,26.7,23550.7,13282.1,22.6,1.1
11.250,10,23522.9,14487.5,15.0,23530.8,14469.0,23.2,23507.7,14487.4,27.0,1.0
11.250,11,23604.0,14430.0,15.0,23614.7,14425.3,22.7,23589.6,14408.7,35.0,1.1
11.250,12,23485.3,14672.0,15.0,23501.8,14692.3,21.9,23478.2,14642.4,22.9,1.5
11.250,13,23608.1,14359.5,15.0,23618.9,14355.2,22.7,23593.5,14337.6,35.1,1.2
11.267,0,23152.8,15305.5,15.0,23129.9,15321.8,21.8,23183.4,15298.3,23.1,1.3
11.267,1,22984.1,15206.5,15.0,23015.8,15221.9,40.5,22984.0,15194.3,22.4,1.3
11.267,2,22955.4,15290.9,15.0,22950.6,15304.9,22.5,23001.9,15276.0,51.9,1.3
11.267,3,23060.7,15296.4,15.0,23039.1,15311.7,24.1,23087.1,15289.4,23.3,0.9
11.267,4,23589.8,13527.5,15.0,23582.8,13563.0,25.4,23606.0,13499.2,22.9,0.9
11.267,5,23643.6,13197.0,15.0,23632.0,13198.8,22.5,23658.4,13223.5,37.2,1.3
11.267,6,23547.5,13343.5,15.0,23532.8,13389.1,52.4,23561.3,13340.1,22.7,1.0
11.267,7,22547.9,15259.3,15.0,22588.3,15275.5,46.5,22544.6,15245.5,22.7,1.5
11.267,8,23534.8,14846.7,15.0,23526.6,14858.5,23.3,23552.0,14859.2,31.6,1.0
11.267,9,23543.2,13264.1,15.0,23529.0,13260.8,25.4,23550.3,13282.8,22.6,1.1
11.267,10,23522.9,14489.2,15.0,23530.3,14468.1,23.3,23507.8,14495.7,25.6,1.0
11.267,11,23604.0,14431.9,15.0,23614.0,14425.0,22.7,23589.5,14413.7,32.8,1.1
11.267,12,23485.3,14674.4,15.0,23502.2,14695.6,21.6,23478.0,14642.5,23.4,1.5
11.267,13,23608.1,14361.4,15.0,23618.2,14354.9,22.6,23593.4,14342.6,32.9,1.2
11.283,0,23150.5,15305.5,15.0,23127.6,15322.2,21.8,23183.6,15298.1,24.2,1.3
11.283,1,22981.9,15206.5,15.0,23007.5,15221.6,36.4,22983.6,15195.0,22.4,1.3
11.283,2,22953.2,15290.9,15.0,22949.5,15304.4,22.4,22997.0,15275.8,50.4,1.3
11.283,3,23059.3,15296.4,15.0,23034.2,15311.9,23.8,23087.5,15289.5,23.3,0.9
11.283,4,23589.8,13526.1,15.0,23582.5,13563.7,26.9,23606.3,13498.3,22.9,0.9
11.283,5,23643.6,13194.9,15.0,23632.8,13198.8,22.4,23658.4,13217.1,34.4,1.3
11.283,6,23547.5,13341.7,15.0,23532.6,13385.2,51.8,23560.8,13339.7,22.7,1.0
11.283,7,22545.5,15259.3,15.0,22580.1,15275.3,41.8,22544.0,15246.3,22.6,1.5
11.283,8,23534.6,14845.0,15.0,23527.4,14859.2,23.2,23551.3,14854.1,30.3,1.0
11.283,9,23543.2,13262.3,15.0,23529.2,13251.7,24.0,23549.9,13283.4,22.6,1.1
11.283,10,23522.9,14491.0,15.0,23530.0,14467.4,23.2,23507.9,14504.8,24.4,1.0
11.283,11,23604.0,14433.8,15.0,23613.3,14424.5,22.7,23589.4,14418.8,30.9,1.1
11.283,12,23485.3,14676.9,15.0,23502.6,14698.1,21.8,23477.8,14642.1,24.9,1.5
11.283,13,23608.1,14363.4,15.0,23617.5,14354.5,22.6,23593.3,14347.8,31.0,1.2
11.300,0,23148.3,15305.5,15.0,23125.4,15322.5,22.0,23184.0,15297.7,25.7,1.3
11.300,1,22979.7,15206.5,15.0,23001.7,15221.6,33.9,22983.6,15195.8,22.3,1.3
11.300,2,22951.0,15290.9,15.0,22948.6,15303.8,22.3,22989.8,15276.0,46.0,1.3
11.300,3,23057.9,15296.5,15.0,23029.3,15312.1,23.9,23087.9,15289.6,23.3,0.9
11.300,4,23589.8,13524.7,15.0,23582.1,13564.8,29.1,23606.6,13497.6,22.9,0.9
11.300,5,23643.6,13192.8,15.0,23633.5,13199.0,22.4,23658.5,13211.9,32.3,1.3
11.300,6,23547.5,13340.0,15.0,23532.7,13379.0,47.8,23560.2,13339.4,22.7,1.0
11.300,7,22543.0,15259.3,15.0,22571.4,15275.1,37.5,22543.4,15247.0,22.5,1.5
11.300,8,23534.4,14843.3,15.0,23528.1,14860.0,23.3,23550.5,14848.1,28.8,1.0
11.300,9,23543.2,13260.4,15.0,23529.2,13242.4,23.5,23549.6,13284.0,22.6,1.1
11.300,10,23522.9,14492.7,15.0,23529.7,14466.7,23.3,23508.0,14513.6,24.1,1.0
11.300,11,23604.0,14435.6,15.0,23612.7,14423.8,22.7,23589.4,14424.1,29.6,1.1
11.300,12,23485.3,14679.3,15.0,23502.9,14700.5,22.0,23477.4,14641.5,26.7,1.5
11.300,13,23608.1,14365.3,15.0,23616.8,14353.8,22.6,23593.3,14353.1,29.8,1.2
11.317,0,23146.1,15305.6,15.0,23123.8,15322.8,22.1,23185.2,15297.2,28.3,1.3
11.317,1,22977.4,15206.5,15.0,22996.4,15221.6,31.9,22983.7,15196.5,22.3,1.3
11.317,2,22948.8,15290.9,15.0,22947.8,15303.1,22.3,22982.3,15276.1,41.8,1.3
11.317,3,23056.5,15296.5,15.0,23027.1,15312.5,23.7,23087.9,15289.5,23.5,0.9
11.317,4,23589.8,13523.2,15.0,23581.6,13565.7,31.4,23606.8,13497.0,22.9,0.9
11.317,5,23643.6,13190.6,15.0,23634.2,13199.4,22.3,23658.5,13206.5,30.7,1.3
11.317,6,23547.5,13338.3,15.0,23532.9,13372.2,43.9,23559.6,13339.1,22.7,1.0
11.317,7,22540.6,15259.3,15.0,22565.4,15275.2,35.0,22543.3,15247.8,22.4,1.5
11.317,8,23534.1,14841.5,15.0,23528.7,14860.8,23.2,23549.3,14840.1,27.1,1.0
11.317,9,23543.2,13258.6,15.0,23529.1,13236.3,23.1,23549.5,13284.3,22.6,1.1
11.317,10,23522.9,14494.4,15.0,23529.6,14466.3,23.2,23507.8,14519.5,23.8,1.0
11.317,11,23604.0,14437.5,15.0,23612.1,14423.1,22.7,23589.4,14430.0,28.3,1.1
11.317,12,23485.3,14681.7,15.0,23503.2,14702.5,22.3,23476.8,14640.0,29.8,1.5
11.317,13,23608.1,14367.2,15.0,23616.2,14353.1,22.6,23593.3,14359.2,28.3,1.2
11.333,0,23143.9,15305.6,15.0,23122.2,15323.1,22.3,23186.4,15296.6,31.4,1.3
11.333,1,22975.2,15206.5,15.0,22991.0,15221.6,30.6,22984.1,15197.2,22.2,1.3
11.333,2,22946.5,15290.9,15.0,22947.3,15302.4,22.2,22974.4,15276.3,37.6,1.3
11.333,3,23055.1,15296.5,15.0,23025.2,15312.8,23.5,23087.9,15289.4,23.7,0.9
11.333,4,23589.8,13521.8,15.0,23581.0,13566.4,34.0,23606.9,13497.3,22.9,0.9
11.333,5,23643.6,13188.5,15.0,23634.9,13199.9,22.3,23658.6,13201.0,29.6,1.3
11.333,6,23547.5,13336.5,15.0,23533.1,13365.1,39.7,23558.9,13339.0,22.7,1.0
11.333,7,22538.2,15259.3,15.0,22559.9,15275.3,33.0,22543.4,15248.6,22.3,1.5
11.333,8,23533.9,14839.8,15.0,23529.3,14861.6,23.3,23548.2,14831.8,25.7,1.0
11.333,9,23543.2,13256.7,15.0,23528.8,13230.3,23.1,23549.4,13284.6,22.7,1.1
11.333,10,23522.9,14496.1,15.0,23529.5,14465.9,23.3,23507.5,14525.2,23.9,1.0
11.333,11,23604.0,14439.3,15.0,23611.5,14422.4,22.7,23589.5,14438.0,26.5,1.1
11.333,12,23485.3,14684.1,15.0,23503.4,14704.0,22.5,23476.1,14638.8,33.2,1.5
11.333,13,23608.1,14369.2,15.0,23615.7,14352.4,22.6,23593.4,14367.3,26.6,1.2
11.350,0,23141.7,15305.6,15.0,23121.9,15323.2,22.5,23187.2,15295.8,35.0,1.3
11.350,1,22973.0,15206.4,15.0,22985.5,15221.6,29.4,22984.6,15197.9,22.2,1.3
11.350,2,22944.3,15290.9,15.0,22947.1,15301.7,22.1,22967.3,15276.4,34.5,1.3
11.350,3,23053.6,15296.5,15.0,23023.6,15313.2,23.3,23088.0,15289.3,24.2,0.9
11.350,4,23589.8,13520.4,15.0,23580.4,13566.9,36.8,23607.0,13497.7,22.9,0.9
11.350,5,23643.6,13186.4,15.0,23635.5,13200.6,22.3,23658.5,13193.6,27.7,1.3
11.350,6,23547.5,13334.8,15.0,23533.3,13357.5,36.0,23558.3,13339.0,22.7,1.0
11.350,7,22535.8,15259.3,15.0,22554.1,15275.3,31.6,22543.9,15249.3,22.2,1.5
11.350,8,23533.7,14838.1,15.0,23529.7,14862.3,23.2,23546.9,14822.5,24.5,1.0
11.350,9,23543.2,13254.9,15.0,23528.4,13227.9,22.8,23549.5,13284.4,22.9,1.1
11.350,10,23522.9,14497.8,15.0,23529.6,14465.9,23.5,23507.1,14527.4,23.6,1.0
11.350,11,23604.0,14441.2,15.0,23611.1,14421.6,22.7,23589.6,14446.4,25.1,1.1
11.350,12,23485.3,14686.5,15.0,23503.5,14704.6,22.9,23475.3,14638.0,37.1,1.5
11.350,13,23608.1,14371.1,15.0,23615.2,14351.7,22.6,23593.5,14375.9,25.1,1.2
11.367,0,23139.4,15305.6,15.0,23121.6,15323.3,22.8,23187.6,15295.0,38.8,1.3
11.367,1,22970.8,15206.4,15.0,22977.4,15221.4,27.4,22985.2,15198.5,22.1,1.3
11.367,2,22942.1,15290.9,15.0,22947.1,15301.0,22.1,22962.1,15276.3,32.4,1.3
11.367,3,23052.2,15296.5,15.0,23022.5,15313.6,23.3,23088.4,15289.0,25.2,0.9
11.367,4,23589.8,13519.0,15.0,23579.8,13567.0,39.4,23607.1,13498.3,22.9,0.9
11.367,5,23643.6,13184.2,15.0,23636.0,13201.2,22.3,23658.4,13185.4,26.1,1.3
11.367,6,23547.5,13333.1,15.0,23533.3,13352.1,33.5,23557.6,13339.3,22.7,1.0
11.367,7,22533.4,15259.3,15.0,22548.2,15275.4,30.4,22544.4,15250.1,22.2,1.5
11.367,8,23533.5,14836.4,15.0,23530.0,14863.0,23.3,23545.7,14813.7,24.1,1.0
11.367,9,23543.2,13253.0,15.0,23528.0,13225.5,22.6,23549.6,13284.3,23.2,1.1
11.367,10,23522.9,14499.5,15.0,23529.8,14465.9,23.8,23506.6,14529.6,23.3,1.0
11.367,11,23604.0,14443.1,15.0,23610.7,14421.0,22.7,23589.7,14455.7,23.9,1.1
11.367,12,23485.3,14688.9,15.0,23503.5,14705.1,23.2,23474.4,14638.1,40.5,1.5
11.367,13,23608.1,14373.1,15.0,23614.9,14351.1,22.6,23593.6,14385.3,23.8,1.2
11.383,0,23137.2,15305.7,15.0,23121.8,15323.2,22.9,23186.6,15294.3,41.0,1.3
11.383,1,22968.6,15206.4,15.0,22969.0,15221.3,25.8,22985.7,15199.0,22.2,1.3
11.383,2,22939.9,15290.9,15.0,22947.3,15300.3,22.0,22956.8,15276.3,30.7,1.3
11.383,3,23050.8,15296.5,15.0,23021.3,15313.9,23.3,23088.8,15288.8,26.4,0.9
11.383,4,23589.8,13517.6,15.0,23579.3,13566.3,41.0,23607.0,13499.1,22.8,0.9
11.383,5,23643.6,13182.1,15.0,23636.4,13201.8,22.3,23658.3,13176.2,24.4,1.3
11.383,6,23547.5,13331.4,15.0,23533.2,13347.3,31.5,23556.9,13339.6,22.7,1.0
11.383,7,22531.0,15259.3,15.0,22539.7,15275.2,28.2,22545.0,15250.7,22.2,1.5
11.383,8,23533.3,14834.6,15.0,23530.1,14863.4,23.3,23545.2,14807.7,23.8,1.0
11.383,9,23543.2,13251.2,15.0,23527.6,13224.0,22.6,23549.9,13284.6,24.4,1.1
11.383,10,23522.9,14501.2,15.0,23530.0,14465.4,25.0,23506.2,14531.0,23.3,1.0
11.383,11,23604.0,14444.9,15.0,23610.5,14420.5,22.7,23589.8,14464.2,23.5,1.1
11.383,12,23485.3,14691.4,15.0,23503.3,14705.3,23.5,23473.6,14639.1,42.9,1.5
11.383,13,23608.1,14375.0,15.0,23614.6,14350.6,22.7,23593.6,14393.7,23.3,1.2
11.400,0,23135.0,15305.7,15.0,23121.8,15323.0,23.2,23185.4,15293.5,43.2,1.3
11.400,1,22966.3,15206.4,15.0,22959.6,15221.1,24.0,22986.2,15199.4,22.2,1.3
11.400,2,22937.7,15290.9,15.0,22947.7,15299.6,22.0,22951.4,15276.2,29.6,1.3
11.400,3,23049.4,15296.5,15.0,23020.6,15314.2,23.3,23089.9,15288.4,28.3,0.9
11.400,4,23589.8,13516.2,15.0,23578.7,13565.6,42.7,23606.9,13499.9,22.9,0.9
11.400,5,23643.6,13180.0,15.0,23636.8,13202.3,22.4,23658.2,13166.6,23.4,1.3
11.400,6,23547.5,13329.6,15.0,23533.1,13342.3,30.1,23556.3,13340.2,22.7,1.0
11.400,7,22528.5,15259.3,15.0,22530.8,15275.1,26.4,22545.6,15251.3,22.2,1.5
11.400,8,23533.0,14832.9,15.0,23530.2,14863.8,23.3,23544.8,14802.1,23.9,1.0
11.400,9,23543.2,13249.3,15.0,23527.2,13222.5,22.6,23550.2,13284.9,25.8,1.1
11.400,10,23522.9,14502.9,15.0,23530.4,14465.0,26.3,23505.8,14532.4,23.3,1.0
11.400,11,23604.0,14446.8,15.0,23610.3,14420.1,22.7,23589.6,14470.3,23.1,1.1
11.400,12,23485.3,14693.8,15.0,23503.1,14705.9,23.7,23472.8,14640.8,44.7,1.5
11.400,13,23608.1,14376.9,15.0,23614.5,14350.3,22.7,23593.4,14399.9,23.0,1.2
11.417,0,23132.8,15305.7,15.0,23121.4,15322.8,23.2,23183.2,15292.9,44.1,1.3
11.417,1,22964.1,15206.4,15.0,22950.3,15221.0,23.1,22986.7,15199.7,22.2,1.3
11.417,2,22935.4,15290.9,15.0,22948.2,15299.0,22.0,22944.7,15276.3,28.0,1.3
11.417,3,23048.0,15296.5,15.0,23020.0,15314.5,23.3,23091.1,15287.9,30.7,0.9
11.417,4,23589.8,13514.7,15.0,23578.2,13564.2,43.5,23606.7,13500.5,22.9,0.9
11.417,5,23643.6,13177.8,15.0,23637.0,13202.6,22.4,23658.4,13159.7,22.7,1.3
11.417,6,23547.5,13327.9,15.0,23533.1,13337.3,28.9,23555.7,13340.9,22.7,1.0
11.417,7,22526.1,15259.3,15.0,22521.0,15275.0,24.4,22546.2,15251.7,22.2,1.5
11.417,8,23532.8,14831.2,15.0,23530.1,14863.8,23.5,23545.0,14799.8,23.6,1.0
11.417,9,23543.2,13247.5,15.0,23526.9,13221.5,22.6,23550.8,13286.3,28.4,1.1
11.417,10,23522.9,14504.6,15.0,23530.9,14463.6,28.8,23505.5,14533.2,23.3,1.0
11.417,11,23604.0,14448.7,15.0,23610.3,14420.0,22.8,23589.3,14475.4,23.1,1.1
11.417,12,23485.3,14696.2,15.0,23502.9,14706.7,23.7,23472.1,14643.2,45.6,1.5
11.417,13,23608.1,14378.9,15.0,23614.5,14350.1,22.8,23593.1,14404.8,22.9,1.2
11.433,0,23130.5,15305.7,15.0,23120.9,15322.5,23.2,23180.9,15292.2,45.0,1.3
11.433,1,22961.9,15206.4,15.0,22943.8,15221.1,22.4,22986.9,15199.9,22.3,1.3
11.433,2,22933.2,15290.9,15.0,22948.7,15298.5,22.0,22936.6,15276.4,26.2,1.3
11.433,3,23046.6,15296.5,15.0,23019.7,15314.7,23.3,23092.0,15287.3,33.3,0.9
11.433,4,23589.8,13513.3,15.0,23577.7,13562.6,44.0,23606.5,13500.9,22.9,0.9
11.433,5,23643.6,13175.7,15.0,23637.1,13202.8,22.5,23658.6,13153.2,22.4,1.3
11.433,6,23547.5,13326.2,15.0,23533.1,13330.8,27.3,23555.1,13341.6,22.7,1.0
11.433,7,22523.7,15259.3,15.0,22511.7,15275.0,23.2,22546.7,15252.0,22.3,1.5
11.433,8,23532.6,14829.5,15.0,23529.9,14863.8,23.8,23545.3,14797.5,23.3,1.0
11.433,9,23543.2,13245.6,15.0,23526.6,13220.6,22.6,23551.4,13287.4,31.4,1.1
11.433,10,23522.9,14506.3,15.0,23531.4,14462.3,31.7,23505.2,14533.9,23.3,1.0
11.433,11,23604.0,14450.5,15.0,23610.4,14420.1,23.1,23588.8,14477.8,22.8,1.1
11.433,12,23485.3,14698.6,15.0,23502.5,14708.1,23.6,23471.4,14645.6,47.1,1.5
11.433,13,23608.1,14380.8,15.0,23614.6,14350.3,23.1,23592.7,14407.3,22.6,1.2
11.450,0,23128.3,15305.7,15.0,23119.7,15322.2,23.1,23178.5,15291.6,46.9,1.3
11.450,1,22959.7,15206.3,15.0,22938.0,15221.3,22.1,22987.0,15200.0,22.4,1.3
11.450,2,22931.0,15290.9,15.0,22949.2,15298.0,22.0,22927.8,15276.5,24.5,1.3
11.450,3,23045.1,15296.5,15.0,23020.2,15314.8,23.3,23092.7,15286.7,36.1,0.9
11.450,4,23589.8,13511.9,15.0,23577.2,13560.9,44.8,23606.2,13501.2,22.9,0.9
11.450,5,23643.6,13173.6,15.0,23637.0,13202.6,22.7,23659.0,13150.1,22.1,1.3
11.450,6,23547.5,13324.4,15.0,23533.3,13323.2,25.9,23554.6,13342.3,22.7,1.0
11.450,7,22521.3,15259.3,15.0,22504.7,15275.2,22.4,22547.0,15252.2,22.4,1.5
11.450,8,23532.4,14827.7,15.0,23529.6,14864.3,25.1,23545.6,14796.1,23.3,1.0
11.450,9,23543.2,13243.8,15.0,23526.4,13221.0,22.6,23552.1,13288.1,34.7,1.1
11.450,10,23522.9,14508.0,15.0,23532.1,14461.3,35.0,23505.0,14533.7,23.2,1.0
11.450,11,23604.0,14452.4,15.0,23610.6,14420.1,23.6,23588.4,14480.0,22.6,1.1
11.450,12,23485.3,14701.0,15.0,23502.2,14709.7,23.5,23470.7,14648.1,49.2,1.5
11.450,13,23608.1,14382.8,15.0,23614.7,14350.2,23.8,23592.3,14409.5,22.4,1.2
11.467,0,23126.1,15305.8,15.0,23118.5,15321.8,23.1,23176.2,15291.0,49.2,1.3
11.467,1,22957.5,15206.3,15.0,22935.0,15221.7,21.8,22986.8,15199.9,22.8,1.3
11.467,2,22928.8,15290.9,15.0,22949.6,15297.7,22.0,22918.3,15276.6,23.2,1.3
11.467,3,23043.7,15296.6,15.0,23020.8,15314.9,23.3,23093.3,15286.1,39.1,0.9
11.467,4,23589.8,13510.5,15.0,23576.7,13559.3,46.2,23605.9,13501.1,22.9,0.9
11.467,5,23643.6,13171.4,15.0,23636.9,13202.4,23.1,23659.4,13147.3,21.9,1.3
11.467,6,23547.5,13322.7,15.0,23533.4,13314.9,24.5,23554.2,13343.0,22.7,1.0
11.467,7,22518.9,15259.3,15.0,22499.2,15275.5,22.0,22547.0,15252.3,22.6,1.5
11.467,8,23532.2,14826.0,15.0,23529.3,14864.8,26.5,23545.8,14794.7,23.3,1.0
11.467,9,23543.2,13241.9,15.0,23526.3,13221.5,22.7,23552.8,13288.5,38.3,1.1
11.467,10,23522.9,14509.7,15.0,23532.9,14460.6,38.5,23504.9,14533.1,23.2,1.0
11.467,11,23604.0,14454.2,15.0,23610.9,14419.7,24.9,23588.0,14481.6,22.6,1.1
11.467,12,23485.3,14703.4,15.0,23501.8,14711.3,23.4,23470.0,14650.2,52.0,1.5
11.467,13,23608.1,14384.7,15.0,23615.0,14349.9,25.1,23591.9,14411.2,22.5,1.2
11.483,0,23123.9,15305.8,15.0,23117.3,15321.4,23.0,23174.4,15290.4,52.1,1.3
11.483,1,22955.2,15206.3,15.0,22932.3,15222.1,21.7,22986.7,15199.7,23.4,1.3
11.483,2,22926.6,15290.9,15.0,22949.8,15297.5,22.1,22910.9,15276.5,22.5,1.3
11.483,3,23042.3,15296.6,15.0,23021.6,15314.9,23.3,23093.0,15285.5,41.3,0.9
11.483,4,23589.8,13509.1,15.0,23576.3,13557.5,47.6,23605.6,13501.0,22.9,0.9
11.483,5,23643.6,13169.3,15.0,23636.6,13202.7,24.4,23659.8,13145.3,22.0,1.3
11.483,6,23547.5,13321.0,15.0,23533.5,13306.1,23.7,23553.9,13343.6,22.7,1.0
11.483,7,22516.5,15259.3,15.0,22495.9,15275.9,21.7,22546.9,15252.2,23.0,1.5
11.483,8,23532.0,14824.3,15.0,23528.9,14866.4,29.2,23546.1,14793.9,23.3,1.0
11.483,9,23543.2,13240.1,15.0,23526.4,13222.4,22.6,23553.5,13287.7,40.3,1.1
11.483,10,23522.9,14511.4,15.0,23533.6,14460.9,41.2,23504.9,14532.1,23.2,1.0
11.483,11,23604.0,14456.1,15.0,23611.3,14419.1,26.6,23587.6,14482.9,22.7,1.1
11.483,12,23485.3,14705.9,15.0,23501.4,14713.0,23.2,23469.4,14652.3,55.2,1.5
11.483,13,23608.1,14386.6,15.0,23615.5,14349.1,27.0,23591.5,14412.6,22.5,1.2
11.500,0,23121.7,15305.8,15.0,23116.0,15320.9,22.9,23171.6,15290.0,53.9,1.3
11.500,1,22953.0,15206.3,15.0,22930.1,15222.4,21.8,22987.0,15199.4,24.8,1.3
11.500,2,22924.4,15290.9,15.0,22950.0,15297.3,22.1,22904.4,15276.3,22.0,1.3
11.500,3,23040.9,15296.6,15.0,23022.5,15314.8,23.2,23092.3,15284.9,43.0,0.9
11.500,4,23589.8,13507.7,15.0,23575.8,13556.2,49.6,23605.2,13500.8,22.9,0.9
11.500,5,23643.6,13167.2,15.0,23636.3,13203.1,25.9,23660.1,13143.3,22.0,1.3
11.500,6,23547.5,13319.2,15.0,23533.4,13298.6,23.4,23553.7,13344.0,22.7,1.0
11.500,7,22514.0,15259.3,15.0,22493.0,15276.2,21.7,22547.0,15252.0,24.0,1.5
11.500,8,23531.8,14822.6,15.0,23528.4,14867.8,32.2,23546.4,14793.1,23.3,1.0
11.500,9,23543.2,13238.2,15.0,23526.6,13223.2,22.7,23554.2,13286.7,42.4,1.1
11.500,10,23522.9,14513.1,15.0,23534.4,14461.7,43.3,23505.0,14531.0,23.2,1.0
11.500,11,23604.0,14458.0,15.0,23611.8,14417.7,29.4,23587.3,14483.9,22.7,1.1
11.500,12,23485.3,14708.3,15.0,23500.9,14714.7,23.1,23469.0,14656.4,55.1,1.5
11.500,13,23608.1,14388.6,15.0,23616.0,14347.7,29.9,23591.2,14413.7,22.6,1.2
11.517,0,23119.4,15305.8,15.0,23114.7,15320.4,22.8,23167.3,15289.8,53.3,1.3
11.517,1,22950.8,15206.3,15.0,22928.2,15222.8,21.9,22987.7,15199.0,26.7,1.3
11.517,2,22922.1,15290.9,15.0,22949.8,15297.3,22.4,22900.6,15275.9,21.8,1.3
11.517,3,23039.5,15296.6,15.0,23023.4,15314.6,23.3,23091.5,15284.3,44.6,0.9
11.517,4,23589.8,13506.2,15.0,23575.4,13555.0,52.0,23604.9,13500.5,22.9,0.9
11.517,5,23643.6,13165.1,15.0,23635.8,13204.5,28.7,23660.4,13141.9,22.2,1.3
11.517,6,23547.5,13317.5,15.0,23533.2,13292.9,23.2,23553.6,13344.3,22.7,1.0
11.517,7,22511.6,15259.3,15.0,22490.5,15276.6,21.8,22547.4,15251.7,25.5,1.5
11.517,8,23531.6,14820.8,15.0,23527.7,14868.8,35.6,23546.6,14793.6,23.2,1.0
11.517,9,23543.2,13236.4,15.0,23526.8,13223.6,22.7,23554.9,13284.6,43.1,1.1
11.517,10,23522.9,14514.8,15.0,23535.0,14463.1,44.7,23505.2,14530.1,23.2,1.0
11.517,11,23604.0,14459.8,15.0,23612.5,14416.7,32.5,23587.1,14484.4,22.7,1.1
11.517,12,23485.3,14710.7,15.0,23500.3,14716.1,23.0,23468.8,14661.1,54.5,1.5
11.517,13,23608.1,14390.5,15.0,23616.7,14346.8,33.1,23591.0,14414.1,22.6,1.2
11.533,0,23117.2,15305.9,15.0,23113.8,15319.8,22.7,23161.8,15289.8,51.0,1.3
11.533,1,22948.6,15206.3,15.0,22926.6,15223.0,22.1,22989.0,15198.5,29.6,1.3
11.533,2,22919.9,15290.9,15.0,22949.5,15297.4,22.8,22897.7,15275.5,21.5,1.3
11.533,3,23038.1,15296.6,15.0,23023.9,15314.4,23.3,23089.9,15283.8,45.2,0.9
11.533,4,23589.8,13504.8,15.0,23575.0,13553.3,53.8,23604.4,13500.2,22.9,0.9
11.533,5,23643.6,13162.9,15.0,23635.1,13205.5,31.8,23660.7,13140.6,22.3,1.3
11.533,6,23547.5,13315.8,15.0,23532.9,13288.5,23.2,23553.6,13344.5,22.8,1.0
11.533,7,22509.2,15259.3,15.0,22488.4,15276.9,22.1,22548.5,15251.2,27.9,1.5
11.533,8,23531.4,14819.1,15.0,23526.9,14869.5,39.2,23546.9,14794.3,23.3,1.0
11.533,9,23543.2,13234.5,15.0,23527.1,13224.0,22.7,23555.5,13282.5,43.8,1.1
11.533,10,23522.9,14516.6,15.0,23535.6,14465.0,45.4,23505.5,14529.5,23.2,1.0
11.533,11,23604.0,14461.7,15.0,23613.2,14416.0,36.0,23586.9,14484.0,22.7,1.1
11.533,12,23485.3,14713.1,15.0,23499.7,14717.2,22.8,23468.9,14668.5,49.8,1.5
11.533,13,23608.1,14392.4,15.0,23617.4,14346.1,36.6,23590.8,14413.9,22.7,1.2
11.550,0,23115.0,15305.9,15.0,23112.9,15319.2,22.6,23154.3,15290.0,46.5,1.3
11.550,1,22946.3,15206.2,15.0,22925.6,15223.2,22.3,22989.9,15197.8,32.9,1.3
11.550,2,22917.7,15290.9,15.0,22949.7,15297.7,23.9,22895.4,15275.2,21.6,1.3
11.550,3,23036.6,15296.6,15.0,23024.5,15314.1,23.3,23088.2,15283.3,45.7,0.9
11.550,4,23589.8,13503.4,15.0,23574.8,13550.2,53.3,23604.0,13499.9,22.9,0.9
11.550,5,23643.6,13160.8,15.0,23634.4,13206.2,35.3,23660.8,13140.5,22.5,1.3
11.550,6,23547.5,13314.0,15.0,23532.5,13286.2,22.9,23553.7,13344.3,23.0,1.0
11.550,7,22506.8,15259.3,15.0,22486.4,15277.1,22.3,22549.8,15250.6,31.1,1.5
11.550,8,23531.2,14817.4,15.0,23526.1,14869.1,41.7,23547.0,14795.3,23.2,1.0
11.550,9,23543.2,13232.7,15.0,23527.5,13223.7,22.7,23556.1,13280.4,45.6,1.1
11.550,10,23522.9,14518.3,15.0,23536.2,14467.0,46.5,23505.8,14529.1,23.3,1.0
11.550,11,23604.0,14463.6,15.0,23614.0,14416.0,39.2,23586.9,14483.4,22.8,1.1
11.550,12,23485.3,14715.5,15.0,23499.0,14718.3,22.7,23469.1,14676.6,45.3,1.5
11.550,13,23608.1,14394.4,15.0,23618.2,14346.3,39.6,23590.8,14413.4,22.8,1.2
11.567,0,23112.8,15305.9,15.0,23112.2,15318.5,22.5,23146.5,15290.2,42.0,1.3
11.567,1,22944.1,15206.2,15.0,22925.3,15223.3,22.5,22990.5,15197.0,36.5,1.3
11.567,2,22915.5,15290.9,15.0,22949.9,15298.0,25.3,22893.2,15274.8,21.7,1.3
11.567,3,23035.2,15296.6,15.0,23024.6,15313.8,23.3,23086.6,15282.8,46.8,0.9
11.567,4,23589.8,13502.0,15.0,23574.7,13547.0,52.8,23603.5,13499.6,22.9,0.9
11.567,5,23643.6,13158.7,15.0,23633.6,13206.4,38.8,23660.8,13140.5,22.7,1.3
11.567,6,23547.5,13312.3,15.0,23532.1,13284.3,22.7,23553.9,13344.3,23.5,1.0
11.567,7,22504.4,15259.3,15.0,22485.5,15277.3,22.6,22550.8,15249.8,34.8,1.5
11.567,8,23531.0,14815.6,15.0,23525.2,14868.4,43.9,23547.0,14796.5,23.3,1.0
11.567,9,23543.2,13230.8,15.0,23527.9,13223.4,22.7,23556.6,13278.2,47.4,1.1
11.567,10,23522.9,14520.0,15.0,23536.8,14469.1,48.3,23506.2,14529.2,23.3,1.0
11.567,11,23604.0,14465.4,15.0,23614.7,14416.8,41.3,23587.0,14482.5,22.8,1.1
11.567,12,23485.3,14717.9,15.0,23498.3,14718.9,22.6,23469.3,14684.9,40.5,1.5
11.567,13,23608.1,14396.3,15.0,23618.9,14347.2,41.8,23591.0,14412.6,22.8,1.2
11.583,0,23110.5,15305.9,15.0,23111.8,15317.8,22.5,23138.2,15290.5,37.8,1.3
11.583,1,22941.9,15206.2,15.0,22925.2,15223.3,22.7,22990.1,15196.2,39.5,1.3
11.583,2,22913.3,15290.9,15.0,22951.1,15298.5,27.9,22891.6,15274.6,21.9,1.3
11.583,3,23033.8,15296.6,15.0,23024.6,15313.5,23.3,23084.9,15282.4,48.3,0.9
11.583,4,23589.8,13500.6,15.0,23574.7,13542.6,50.4,23603.1,13499.4,22.9,0.9
11.583,5,23643.6,13156.5,15.0,23632.8,13205.5,41.1,23660.7,13140.8,22.8,1.3
11.583,6,23547.5,13310.6,15.0,23531.7,13282.8,22.7,23554.2,13344.7,24.8,1.0
11.583,7,22502.0,15259.3,15.0,22484.8,15277.3,23.0,22551.3,15249.0,38.7,1.5
11.583,8,23530.8,14813.9,15.0,23524.3,14866.8,45.0,23546.9,14797.3,23.3,1.0
11.583,9,23543.2,13229.0,15.0,23528.4,13222.9,22.7,23557.2,13276.7,50.3,1.1
11.583,10,23522.9,14521.7,15.0,23537.4,14471.0,50.4,23506.6,14529.3,23.3,1.0
11.583,11,23604.0,14467.3,15.0,23615.4,14418.2,43.0,23587.2,14481.8,22.8,1.1
11.583,12,23485.3,14720.4,15.0,23497.5,14719.3,22.5,23469.4,14693.3,36.8,1.5
11.583,13,23608.1,14398.3,15.0,23619.6,14348.8,43.3,23591.2,14412.1,22.9,1.2
11.600,0,23108.3,15305.9,15.0,23111.7,15317.1,22.4,23131.5,15290.6,34.8,1.3
11.600,1,22939.7,15206.2,15.0,22925.3,15223.2,22.9,22989.1,15195.5,41.8,1.3
11.600,2,22911.1,15290.9,15.0,22952.1,15299.1,30.9,22890.0,15274.3,22.0,1.3
11.600,3,23032.4,15296.6,15.0,23024.5,15313.2,23.3,23083.1,15281.9,49.9,0.9
11.600,4,23589.8,13499.2,15.0,23574.8,13537.1,46.9,23602.5,13499.1,22.9,0.9
11.600,5,23643.6,13154.4,15.0,23632.1,13204.2,43.0,23660.5,13141.0,23.0,1.3
11.600,6,23547.5,13308.8,15.0,23531.3,13281.6,22.7,23554.5,13345.2,26.3,1.0
11.600,7,22499.5,15259.3,15.0,22484.5,15277.2,23.3,22550.6,15248.2,41.4,1.5
11.600,8,23530.7,14812.2,15.0,23523.4,14864.8,45.6,23546.7,14798.0,23.3,1.0
11.600,9,23543.2,13227.2,15.0,23528.9,13222.5,22.7,23557.7,13274.8,52.9,1.1
11.600,10,23522.9,14523.4,15.0,23538.0,14472.4,53.3,23507.1,14529.5,23.3,1.0
11.600,11,23604.0,14469.1,15.0,23616.0,14420.2,43.7,23587.5,14481.4,22.8,1.1
11.600,12,23485.3,14722.8,15.0,23496.7,14719.2,22.4,23469.3,14698.7,34.5,1.5
11.600,13,23608.1,14400.2,15.0,23620.3,14350.9,44.0,23591.4,14411.9,22.9,1.2
11.617,0,23106.1,15306.0,15.0,23111.8,15316.3,22.4,23126.2,15290.6,32.7,1.3
11.617,1,22937.5,15206.2,15.0,22925.1,15222.9,23.0,22987.3,15194.7,43.2,1.3
11.617,2,22908.8,15290.9,15.0,22952.8,15299.8,34.3,22889.7,15274.2,22.2,1.3
11.617,3,23031.0,15296.6,15.0,23024.3,15312.8,23.3,23082.0,15281.4,52.3,0.9
11.617,4,23589.8,13497.7,15.0,23574.9,13531.3,43.7,23602.0,13498.9,22.9,0.9
11.617,5,23643.6,13152.3,15.0,23631.4,13201.9,43.7,23660.3,13140.8,23.0,1.3
11.617,6,23547.5,13307.1,15.0,23531.0,13280.8,22.7,23555.0,13346.5,28.9,1.0
11.617,7,22497.1,15259.3,15.0,22484.2,15277.1,23.5,22549.5,15247.3,43.8,1.5
11.617,8,23530.5,14810.5,15.0,23522.5,14862.9,47.1,23546.3,14798.3,23.3,1.0
11.617,9,23543.2,13225.3,15.0,23529.4,13221.9,22.7,23557.9,13270.8,52.3,1.1
11.617,10,23522.9,14525.1,15.0,23538.5,14474.4,55.6,23507.6,14529.8,23.3,1.0
11.617,11,23604.0,14471.0,15.0,23616.6,14422.3,44.7,23587.8,14481.2,22.9,1.1
11.617,12,23485.3,14725.2,15.0,23495.9,14719.1,22.3,23469.2,14704.4,32.6,1.5
11.617,13,23608.1,14402.1,15.0,23620.9,14353.1,45.3,23591.8,14412.0,22.9,1.2
11.633,0,23103.9,15306.0,15.0,23112.2,15315.6,22.3,23120.8,15290.6,31.1,1.3
11.633,1,22935.2,15206.2,15.0,22924.7,15222.7,23.1,22985.1,15194.1,44.0,1.3
11.633,2,22906.6,15290.9,15.0,22953.0,15300.6,37.9,22889.4,15274.1,22.5,1.3
11.633,3,23029.6,15296.7,15.0,23024.1,15312.4,23.3,23080.7,15281.0,54.8,0.9
11.633,4,23589.8,13496.3,15.0,23575.1,13525.3,40.2,23601.5,13498.9,22.9,0.9
11.633,5,23643.6,13150.1,15.0,23630.8,13199.7,44.8,23660.0,13140.3,23.0,1.3
11.633,6,23547.5,13305.4,15.0,23530.8,13280.1,22.7,23555.6,13347.5,31.7,1.0
11.633,7,22494.7,15259.3,15.0,22483.4,15276.8,23.6,22547.2,15246.6,44.8,1.5
11.633,8,23530.3,14808.7,15.0,23521.6,14860.8,48.9,23545.9,14798.3,23.3,1.0
11.633,9,23543.2,13223.5,15.0,23530.0,13221.4,22.7,23558.1,13266.6,51.4,1.1
11.633,10,23522.9,14526.8,15.0,23538.7,14478.3,54.9,23508.2,14530.1,23.3,1.0
11.633,11,23604.0,14472.9,15.0,23617.2,14424.5,46.5,23588.2,14481.5,22.8,1.1
11.633,12,23485.3,14727.6,15.0,23495.1,14718.5,22.3,23469.2,14710.2,31.4,1.5
11.633,13,23608.1,14404.1,15.0,23621.5,14355.3,47.1,23592.2,14412.5,22.9,1.2
11.650,0,23101.7,15306.0,15.0,23112.7,15314.9,22.3,23115.2,15290.6,29.9,1.3
11.650,1,22933.0,15206.2,15.0,22923.7,15222.3,23.1,22982.7,15193.4,45.5,1.3
11.650,2,22904.4,15290.9,15.0,22952.0,15301.3,40.1,22889.5,15274.2,22.7,1.3
11.650,3,23028.1,15296.7,15.0,23023.9,15311.9,23.3,23078.3,15280.7,55.6,0.9
11.650,4,23589.8,13494.9,15.0,23575.2,13519.0,37.0,23600.9,13498.9,22.9,0.9
11.650,5,23643.6,13148.0,15.0,23630.2,13197.4,46.7,23659.6,13139.4,23.0,1.3
11.650,6,23547.5,13303.6,15.0,23530.6,13280.6,22.7,23556.3,13348.2,35.0,1.0
11.650,7,22492.3,15259.3,15.0,22482.5,15276.6,23.6,22544.8,15245.9,45.8,1.5
11.650,8,23530.1,14807.0,15.0,23520.8,14859.2,51.4,23545.5,14798.2,23.3,1.0
11.650,9,23543.2,13221.6,15.0,23530.6,13221.0,22.7,23558.0,13259.9,47.0,1.1
11.650,10,23522.9,14528.5,15.0,23538.8,14482.4,54.1,23508.8,14530.4,23.3,1.0
11.650,11,23604.0,14474.7,15.0,23617.8,14426.5,48.7,23588.6,14481.9,22.8,1.1
11.650,12,23485.3,14730.0,15.0,23494.4,14717.9,22.3,23469.2,14717.0,29.8,1.5
11.650,13,23608.1,14406.0,15.0,23622.1,14357.2,49.5,23592.6,14413.0,22.9,1.2
11.667,0,23099.4,15306.0,15.0,23113.3,15314.2,22.2,23107.8,15290.7,28.1,1.3
11.667,1,22930.8,15206.1,15.0,22922.6,15222.0,23.0,22980.3,15192.7,47.4,1.3
11.667,2,22902.2,15290.9,15.0,22950.7,15302.1,42.1,22889.4,15274.4,22.8,1.3
11.667,3,23026.7,15296.7,15.0,23023.6,15311.4,23.3,23075.1,15280.6,55.0,0.9
11.667,4,23589.8,13493.5,15.0,23575.3,13513.9,34.7,23600.4,13499.1,22.9,0.9
11.667,5,23643.6,13145.9,15.0,23629.6,13195.2,48.9,23659.2,13138.4,22.9,1.3
11.667,6,23547.5,13301.9,15.0,23530.5,13281.1,22.7,23557.0,13348.6,38.4,1.0
11.667,7,22489.9,15259.3,15.0,22480.8,15276.2,23.5,22542.4,15245.2,47.8,1.5
11.667,8,23529.9,14805.3,15.0,23520.0,14857.7,54.4,23545.0,14798.0,23.3,1.0
11.667,9,23543.2,13219.8,15.0,23531.2,13220.7,22.7,23557.8,13252.6,42.9,1.1
11.667,10,23522.9,14530.2,15.0,23538.7,14489.1,49.6,23509.4,14530.6,23.3,1.0
11.667,11,23604.0,14476.6,15.0,23618.4,14428.1,51.6,23589.1,14482.4,22.8,1.1
11.667,12,23485.3,14732.4,15.0,23493.8,14717.3,22.2,23469.3,14725.6,27.8,1.5
11.667,13,23608.1,14408.0,15.0,23622.7,14358.9,52.5,23593.1,14413.7,22.9,1.2
11.683,0,23097.2,15306.0,15.0,23113.9,15313.7,22.3,23099.4,15290.9,26.4,1.3
11.683,1,22928.6,15206.1,15.0,22921.3,15221.6,22.9,22978.4,15192.1,50.1,1.3
11.683,2,22900.0,15290.9,15.0,22948.5,15302.7,42.9,22888.9,15274.6,22.9,1.3
11.683,3,23025.3,15296.7,15.0,23023.4,15311.0,23.3,23071.8,15280.4,54.6,0.9
11.683,4,23589.8,13492.1,15.0,23575.2,13510.0,32.9,23599.8,13499.4,22.9,0.9
11.683,5,23643.6,13143.7,15.0,23628.9,13193.4,51.9,23658.8,13137.3,22.9,1.3
11.683,6,23547.5,13300.2,15.0,23530.6,13282.0,22.7,23557.7,13347.8,40.4,1.0
11.683,7,22487.5,15259.3,15.0,22479.2,15275.9,23.4,22540.0,15244.5,50.1,1.5
11.683,8,23529.8,14803.5,15.0,23519.3,14854.9,55.5,23544.4,14797.8,23.3,1.0
11.683,9,23543.2,13217.9,15.0,23531.9,13220.6,22.6,23557.6,13245.1,38.6,1.1
11.683,10,23522.9,14531.9,15.0,23538.5,14496.3,45.5,23510.1,14530.8,23.3,1.0
11.683,11,23604.0,14478.4,15.0,23618.8,14430.7,53.3,23589.6,14482.9,22.8,1.1
11.683,12,23485.3,14734.9,15.0,23493.3,14716.7,22.3,23469.4,14734.9,25.7,1.5
11.683,13,23608.1,14409.9,15.0,23623.0,14362.0,53.3,23593.6,14414.3,22.8,1.2
11.700,0,23095.0,15306.1,15.0,23114.5,15313.2,22.3,23090.1,15291.1,24.6,1.3
11.700,1,22926.4,15206.1,15.0,22920.1,15221.1,22.8,22976.5,15191.5,53.1,1.3
11.700,2,22897.7,15290.9,15.0,22946.2,15303.4,43.9,22888.3,15274.9,22.9,1.3
11.700,3,23023.9,15296.7,15.0,23023.2,15310.4,23.3,23066.3,15280.6,50.8,0.9
11.700,4,23589.8,13490.7,15.0,23575.1,13505.9,31.3,23599.3,13499.8,22.9,0.9
11.700,5,23643.6,13141.6,15.0,23628.5,13190.5,53.4,23658.3,13136.3,22.8,1.3
11.700,6,23547.5,13298.5,15.0,23530.8,13283.0,22.7,23558.4,13346.9,42.4,1.0
11.700,7,22485.0,15259.3,15.0,22477.6,15275.5,23.2,22538.0,15243.9,53.1,1.5
11.700,8,23529.6,14801.8,15.0,23518.7,14850.9,54.8,23543.8,14797.5,23.3,1.0
11.700,9,23543.2,13216.1,15.0,23532.6,13220.5,22.6,23557.4,13237.3,35.0,1.1
11.700,10,23522.9,14533.6,15.0,23538.3,14503.7,41.0,23510.7,14530.8,23.2,1.0
11.700,11,23604.0,14480.3,15.0,23619.0,14434.7,52.6,23590.1,14483.4,22.8,1.1
11.700,12,23485.3,14737.3,15.0,23492.9,14716.1,22.3,23469.5,14745.0,24.0,1.5
11.700,13,23608.1,14411.8,15.0,23623.2,14366.2,52.7,23594.2,14415.0,22.8,1.2
11.717,0,23092.8,15306.1,15.0,23115.0,15312.9,22.3,23080.3,15291.2,23.4,1.3
11.717,1,22924.1,15206.1,15.0,22918.8,15220.6,22.7,22972.5,15191.2,53.0,1.3
11.717,2,22895.5,15290.9,15.0,22943.8,15304.0,45.7,22887.1,15275.3,22.8,1.3
11.717,3,23022.5,15296.7,15.0,23023.0,15309.9,23.3,23060.5,15280.7,47.2,0.9
11.717,4,23589.8,13489.2,15.0,23575.1,13501.8,30.2,23598.7,13500.4,22.9,0.9
11.717,5,23643.6,13139.5,15.0,23628.3,13186.2,52.7,23657.8,13135.3,22.7,1.3
11.717,6,23547.5,13296.7,15.0,23531.0,13283.5,22.7,23559.0,13344.9,43.1,1.0
11.717,7,22482.6,15259.3,15.0,22475.9,15275.0,23.1,22535.2,15243.3,55.2,1.5
11.717,8,23529.4,14800.1,15.0,23518.0,14845.8,52.4,23543.2,14797.4,23.3,1.0
11.717,9,23543.2,13214.2,15.0,23533.3,13220.9,22.6,23557.5,13232.4,32.8,1.1
11.717,10,23522.9,14535.3,15.0,23538.1,14511.7,37.1,23511.4,14530.7,23.3,1.0
11.717,11,23604.0,14482.2,15.0,23619.1,14439.7,50.6,23590.7,14483.9,22.8,1.1
11.717,12,23485.3,14739.7,15.0,23492.6,14715.7,22.4,23469.4,14753.2,23.0,1.5
11.717,13,23608.1,14413.8,15.0,23623.2,14371.9,49.7,23594.8,14415.6,22.8,1.2
11.733,0,23090.6,15306.1,15.0,23115.3,15312.7,22.4,23073.4,15291.2,22.7,1.3
11.733,1,22921.9,15206.1,15.0,22917.7,15220.1,22.6,22968.2,15190.9,52.4,1.3
11.733,2,22893.3,15290.9,15.0,22941.6,15304.6,47.9,22885.9,15275.6,22.8,1.3
11.733,3,23021.1,15296.7,15.0,23023.0,15309.3,23.3,23054.4,15280.9,43.7,0.9
11.733,4,23589.8,13487.8,15.0,23575.1,13497.7,29.3,23598.2,13501.0,22.9,0.9
11.733,5,23643.6,13137.3,15.0,23628.2,13180.7,50.2,23657.2,13134.3,22.6,1.3
11.733,6,23547.5,13295.0,15.0,23531.3,13284.0,22.7,23559.6,13343.0,43.7,1.0
11.733,7,22480.2,15259.3,15.0,22474.2,15274.5,22.9,22530.6,15243.1,54.5,1.5
11.733,8,23529.2,14798.4,15.0,23517.4,14838.7,47.9,23542.5,14797.2,23.3,1.0
11.733,9,23543.2,13212.4,15.0,23534.0,13221.2,22.6,23557.6,13227.3,30.8,1.1
11.733,10,23522.9,14537.0,15.0,23538.1,14517.0,34.7,23512.1,14530.2,23.2,1.0
11.733,11,23604.0,14484.0,15.0,23618.9,14446.7,46.2,23591.4,14484.3,22.8,1.1
11.733,12,23485.3,14742.1,15.0,23492.4,14715.4,22.5,23469.2,14760.3,22.3,1.5
11.733,13,23608.1,14415.7,15.0,23623.1,14379.1,45.4,23595.4,14416.0,22.7,1.2
11.750,0,23088.3,15306.1,15.0,23115.5,15312.6,22.5,23066.7,15291.0,22.3,1.3
11.750,1,22919.7,15206.1,15.0,22916.8,15219.4,22.5,22961.3,15191.0,48.2,1.3
11.750,2,22891.1,15290.9,15.0,22939.8,15305.2,50.8,22884.6,15276.0,22.6,1.3
11.750,3,23019.6,15296.7,15.0,23023.0,15308.8,23.3,23048.1,15281.1,40.1,0.9
11.750,4,23589.8,13486.4,15.0,23575.1,13492.6,28.1,23597.8,13501.6,22.9,0.9
11.750,5,23643.6,13135.2,15.0,23628.4,13173.4,45.8,23656.6,13133.6,22.6,1.3
11.750,6,23547.5,13293.3,15.0,23531.6,13283.9,22.7,23560.1,13341.0,45.2,1.0
11.750,7,22477.8,15259.3,15.0,22473.0,15273.9,22.8,22524.9,15243.0,52.1,1.5
11.750,8,23529.1,14796.6,15.0,23516.9,14831.3,43.6,23541.8,14797.2,23.3,1.0
11.750,9,23543.2,13210.5,15.0,23534.6,13221.9,22.6,23557.6,13222.1,29.5,1.1
11.750,10,23522.9,14538.7,15.0,23538.2,14521.9,32.6,23512.8,14529.7,23.3,1.0
11.750,11,23604.0,14485.9,15.0,23618.7,14454.1,42.0,23592.0,14484.5,22.7,1.1
11.750,12,23485.3,14744.5,15.0,23492.4,14715.4,22.8,23468.9,14764.7,22.0,1.5
11.750,13,23608.1,14417.6,15.0,23622.9,14386.6,41.1,23596.1,14416.3,22.7,1.2
11.767,0,23086.1,15306.1,15.0,23115.4,15312.6,22.8,23063.5,15290.6,22.0,1.3
11.767,1,22917.5,15206.1,15.0,22915.9,15218.8,22.5,22953.7,15191.1,44.0,1.3
11.767,2,22888.9,15290.9,15.0,22936.9,15305.6,52.4,22883.4,15276.5,22.6,1.3
11.767,3,23018.2,15296.7,15.0,23023.1,15308.2,23.3,23041.4,15281.4,37.0,0.9
11.767,4,23589.8,13485.0,15.0,23575.2,13486.3,26.7,23597.3,13502.3,22.9,0.9
11.767,5,23643.6,13133.1,15.0,23628.6,13165.7,41.5,23655.9,13133.1,22.5,1.3
11.767,6,23547.5,13291.5,15.0,23532.0,13283.7,22.7,23560.7,13338.8,47.0,1.0
11.767,7,22475.4,15259.3,15.0,22471.9,15273.2,22.7,22517.1,15243.1,47.5,1.5
11.767,8,23528.9,14794.9,15.0,23516.3,14823.5,39.3,23541.1,14797.4,23.3,1.0
11.767,9,23543.2,13208.7,15.0,23535.3,13222.6,22.6,23557.7,13216.6,28.3,1.1
11.767,10,23522.9,14540.4,15.0,23538.3,14527.0,31.1,23513.5,14529.0,23.2,1.0
11.767,11,23604.0,14487.8,15.0,23618.5,14461.9,37.7,23592.7,14484.6,22.7,1.1
11.767,12,23485.3,14746.9,15.0,23492.5,14715.6,23.3,23468.5,14767.9,21.7,1.5
11.767,13,23608.1,14419.6,15.0,23622.7,14394.7,36.9,23596.8,14416.4,22.7,1.2
11.783,0,23083.9,15306.1,15.0,23115.1,15312.7,23.2,23060.6,15290.2,21.7,1.3
11.783,1,22915.3,15206.1,15.0,22915.4,15218.1,22.4,22945.8,15191.2,39.4,1.3
11.783,2,22886.7,15290.9,15.0,22932.6,15305.9,51.7,22882.2,15277.0,22.5,1.3
11.783,3,23016.8,15296.7,15.0,23023.5,15307.6,23.3,23037.2,15281.4,35.0,0.9
11.783,4,23589.8,13483.6,15.0,23575.3,13479.8,25.7,23597.0,13502.9,22.9,0.9
11.783,5,23643.6,13131.0,15.0,23628.8,13157.6,37.3,23655.2,13132.8,22.5,1.3
11.783,6,23547.5,13289.8,15.0,23532.5,13283.4,22.7,23561.2,13337.3,49.5,1.0
11.783,7,22473.0,15259.3,15.0,22471.0,15272.5,22.6,22509.0,15243.3,42.8,1.5
11.783,8,23528.7,14793.2,15.0,23515.7,14816.3,35.9,23540.4,14797.7,23.3,1.0
11.783,9,23543.2,13206.8,15.0,23535.8,13223.3,22.6,23557.5,13208.8,26.5,1.1
11.783,10,23522.9,14542.2,15.0,23538.3,14532.2,29.8,23514.2,14528.1,23.2,1.0
11.783,11,23604.0,14489.6,15.0,23618.4,14468.9,34.6,23593.4,14484.5,22.7,1.1
11.783,12,23485.3,14749.4,15.0,23492.8,14715.2,24.6,23468.1,14770.6,21.8,1.5
11.783,13,23608.1,14421.5,15.0,23622.7,14400.9,34.2,23597.5,14416.3,22.7,1.2
11.800,0,23081.7,15306.2,15.0,23115.5,15313.0,24.6,23058.4,15289.9,21.9,1.3
11.800,1,22913.0,15206.0,15.0,22915.1,15217.4,22.3,22937.6,15191.4,35.7,1.3
11.800,2,22884.4,15290.9,15.0,22927.2,15305.9,49.4,22881.0,15277.6,22.4,1.3
11.800,3,23015.4,15296.7,15.0,23023.9,15307.0,23.3,23033.1,15281.3,33.2,0.9
11.800,4,23589.8,13482.2,15.0,23575.4,13472.6,24.5,23596.7,13503.4,22.9,0.9
11.800,5,23643.6,13128.8,15.0,23628.8,13151.1,34.4,23654.4,13132.7,22.4,1.3
11.800,6,23547.5,13288.1,15.0,23532.9,13283.1,22.7,23561.8,13335.7,52.3,1.0
11.800,7,22470.5,15259.3,15.0,22470.5,15271.8,22.5,22500.4,15243.5,38.4,1.5
11.800,8,23528.6,14791.4,15.0,23515.1,14811.4,33.7,23539.7,14798.3,23.3,1.0
11.800,9,23543.2,13205.0,15.0,23536.3,13224.0,22.6,23557.4,13200.6,25.2,1.1
11.800,10,23522.9,14543.9,15.0,23538.3,14539.0,28.2,23514.7,14527.3,23.2,1.0
11.800,11,23604.0,14491.5,15.0,23618.5,14473.9,32.4,23594.1,14484.1,22.7,1.1
11.800,12,23485.3,14751.8,15.0,23493.1,14714.8,26.1,23467.8,14773.1,21.9,1.5
11.800,13,23608.1,14423.5,15.0,23622.8,14406.0,32.1,23598.2,14416.0,22.7,1.2
11.817,0,23079.4,15306.2,15.0,23116.0,15313.4,26.2,23056.3,15289.5,22.0,1.3
11.817,1,22910.8,15206.0,15.0,22915.1,15216.7,22.3,22932.4,15191.2,33.5,1.3
11.817,2,22882.2,15290.9,15.0,22920.0,15305.8,45.1,22880.0,15278.2,22.3,1.3
11.817,3,23014.0,15296.8,15.0,23024.5,15306.4,23.3,23028.9,15281.3,31.7,0.9
11.817,4,23589.8,13480.7,15.0,23575.5,13465.2,23.9,23596.4,13504.0,22.9,0.9
11.817,5,23643.6,13126.7,15.0,23628.7,13145.9,32.3,23653.7,13132.9,22.4,1.3
11.817,6,23547.5,13286.3,15.0,23533.5,13282.7,22.7,23562.0,13332.5,52.6,1.0
11.817,7,22468.1,15259.3,15.0,22470.3,15271.0,22.4,22493.6,15243.5,35.6,1.5
11.817,8,23528.4,14789.7,15.0,23514.5,14806.3,31.8,23539.1,14799.0,23.3,1.0
11.817,9,23543.2,13203.1,15.0,23536.6,13224.6,22.6,23557.3,13191.4,23.8,1.1
11.817,10,23522.9,14545.6,15.0,23538.2,14546.9,26.6,23515.2,14526.4,23.2,1.0
11.817,11,23604.0,14493.3,15.0,23618.6,14479.0,30.7,23594.8,14483.6,22.7,1.1
11.817,12,23485.3,14754.2,15.0,23493.7,14713.3,29.1,23467.5,14775.0,22.2,1.5
11.817,13,23608.1,14425.4,15.0,23622.8,14411.3,30.5,23598.9,14415.4,22.6,1.2
11.833,0,23077.2,15306.2,15.0,23117.4,15313.9,29.1,23054.7,15289.3,22.2,1.3
11.833,1,22908.6,15206.0,15.0,22915.2,15215.9,22.2,22927.1,15191.1,31.6,1.3
11.833,2,22880.0,15290.9,15.0,22912.4,15305.6,40.9,22879.4,15278.8,22.2,1.3
11.833,3,23012.6,15296.8,15.0,23025.2,15305.9,23.3,23024.6,15281.3,30.6,0.9
11.833,4,23589.8,13479.3,15.0,23575.5,13458.8,23.6,23596.2,13504.4,22.9,0.9
11.833,5,23643.6,13124.6,15.0,23628.6,13140.5,30.8,23653.0,13133.3,22.3,1.3
11.833,6,23547.5,13284.6,15.0,23534.0,13282.2,22.7,23562.2,13328.7,52.0,1.0
11.833,7,22465.7,15259.3,15.0,22470.3,15270.2,22.3,22488.1,15243.4,33.4,1.5
11.833,8,23528.2,14788.0,15.0,23514.0,14801.0,30.4,23538.5,14799.9,23.2,1.0
11.833,9,23543.2,13201.3,15.0,23536.9,13225.2,22.6,23557.2,13182.6,23.4,1.1
11.833,10,23522.9,14547.3,15.0,23538.0,14555.5,25.2,23515.7,14525.6,23.2,1.0
11.833,11,23604.0,14495.2,15.0,23618.6,14484.3,29.4,23595.5,14482.9,22.7,1.1
11.833,12,23485.3,14756.6,15.0,23494.3,14712.1,32.3,23467.3,14776.9,22.5,1.5
11.833,13,23608.1,14427.3,15.0,23622.9,14416.6,29.3,23599.6,14414.8,22.6,1.2
11.850,0,23075.0,15306.2,15.0,23118.4,15314.6,32.2,23053.4,15289.0,22.3,1.3
11.850,1,22906.4,15206.0,15.0,22915.7,15215.2,22.2,22921.6,15191.0,30.3,1.3
11.850,2,22877.8,15290.9,15.0,22904.3,15305.4,36.8,22879.0,15279.5,22.2,1.3
11.850,3,23011.1,15296.8,15.0,23025.9,15305.4,23.3,23020.3,15281.2,29.6,0.9
11.850,4,23589.8,13477.9,15.0,23575.3,13454.0,23.4,23596.1,13504.7,22.9,0.9
11.850,5,23643.6,13122.4,15.0,23628.6,13135.0,29.6,23652.3,13133.8,22.3,1.3
11.850,6,23547.5,13282.9,15.0,23534.6,13281.9,22.7,23562.2,13323.2,48.9,1.0
11.850,7,22463.3,15259.3,15.0,22470.7,15269.5,22.2,22482.4,15243.3,31.9,1.5
11.850,8,23528.1,14786.2,15.0,23513.4,14795.3,29.1,23537.9,14800.8,23.3,1.0
11.850,9,23543.2,13199.4,15.0,23537.0,13225.5,22.6,23557.4,13176.6,23.1,1.1
11.850,10,23522.9,14549.0,15.0,23537.9,14564.7,24.3,23516.0,14524.8,23.2,1.0
11.850,11,23604.0,14497.1,15.0,23618.6,14490.7,27.9,23596.1,14482.2,22.7,1.1
11.850,12,23485.3,14759.0,15.0,23495.1,14711.3,36.1,23467.2,14777.5,22.8,1.5
11.850,13,23608.1,14429.3,15.0,23622.8,14423.8,27.5,23600.1,14414.0,22.6,1.2
11.867,0,23072.8,15306.2,15.0,23119.1,15315.3,35.9,23053.1,15288.9,22.6,1.3
11.867,1,22904.1,15206.0,15.0,22916.3,15214.6,22.2,22915.5,15191.0,28.9,1.3
11.867,2,22875.6,15290.9,15.0,22897.9,15305.4,33.9,22878.8,15280.2,22.1,1.3
11.867,3,23009.7,15296.8,15.0,23026.6,15304.9,23.3,23014.1,15281.4,28.1,0.9
11.867,4,23589.8,13476.5,15.0,23575.1,13449.3,23.5,23596.1,13505.0,22.9,0.9
11.867,5,23643.6,13120.3,15.0,23628.7,13127.7,27.8,23651.7,13134.4,22.3,1.3
11.867,6,23547.5,13281.1,15.0,23535.2,13281.6,22.7,23562.1,13316.5,44.9,1.0
11.867,7,22460.9,15259.3,15.0,22471.2,15268.7,22.2,22476.6,15243.3,30.7,1.5
11.867,8,23527.9,14784.5,15.0,23512.8,14787.3,27.3,23537.5,14801.8,23.2,1.0
11.867,9,23543.2,13197.6,15.0,23537.0,13225.7,22.7,23557.7,13171.1,23.1,1.1
11.867,10,23522.9,14550.7,15.0,23538.0,14572.6,24.0,23516.2,14524.2,23.3,1.0
11.867,11,23604.0,14498.9,15.0,23618.5,14498.7,26.2,23596.6,14481.4,22.7,1.1
11.867,12,23485.3,14761.4,15.0,23496.0,14711.0,39.9,23467.1,14778.1,23.2,1.5
11.867,13,23608.1,14431.2,15.0,23622.7,14432.0,26.0,23600.7,14413.3,22.6,1.2
11.883,0,23070.6,15306.2,15.0,23119.2,15316.2,39.3,23053.0,15288.9,22.8,1.3
11.883,1,22901.9,15206.0,15.0,22916.8,15214.0,22.1,22907.4,15191.1,27.0,1.3
11.883,2,22873.3,15290.9,15.0,22892.7,15305.5,32.0,22878.8,15281.0,22.1,1.3
11.883,3,23008.3,15296.8,15.0,23027.3,15304.5,23.3,23007.5,15281.5,26.8,0.9
11.883,4,23589.8,13475.1,15.0,23574.8,13447.0,23.3,23596.1,13504.9,23.1,0.9
11.883,5,23643.6,13118.2,15.0,23628.8,13119.5,26.1,23651.2,13135.1,22.3,1.3
11.883,6,23547.5,13279.4,15.0,23535.8,13281.4,22.7,23561.9,13309.5,40.9,1.0
11.883,7,22458.5,15259.3,15.0,22471.8,15268.1,22.2,22468.6,15243.4,28.7,1.5
11.883,8,23527.8,14782.8,15.0,23512.2,14779.1,25.9,23537.0,14802.7,23.3,1.0
11.883,9,23543.2,13195.7,15.0,23537.0,13225.5,22.9,23558.1,13168.7,22.8,1.1
11.883,10,23522.9,14552.4,15.0,23538.2,14578.5,23.8,23516.3,14523.8,23.2,1.0
11.883,11,23604.0,14500.8,15.0,23618.4,14507.3,24.8,23597.0,14480.7,22.7,1.1
11.883,12,23485.3,14763.9,15.0,23496.8,14711.9,42.4,23467.2,14778.3,23.4,1.5
11.883,13,23608.1,14433.2,15.0,23622.6,14441.0,24.4,23601.1,14412.7,22.6,1.2
11.900,0,23068.3,15306.3,15.0,23118.2,15316.9,41.6,23053.2,15289.0,23.0,1.3
11.900,1,22899.7,15206.0,15.0,22917.4,15213.5,22.2,22898.7,15191.1,25.3,1.3
11.900,2,22871.1,15290.9,15.0,22887.4,15305.6,30.5,22879.1,15281.7,22.0,1.3
11.900,3,23006.9,15296.8,15.0,23028.1,15304.1,23.3,23000.6,15281.6,25.7,0.9
11.900,4,23589.8,13473.7,15.0,23574.4,13445.1,23.1,23596.2,13504.9,23.2,0.9
11.900,5,23643.6,13116.0,15.0,23628.9,13110.3,24.4,23650.7,13135.6,22.3,1.3
11.900,6,23547.5,13277.7,15.0,23536.5,13281.4,22.7,23561.7,13302.0,36.9,1.0
11.900,7,22456.0,15259.3,15.0,22472.4,15267.5,22.2,22460.0,15243.5,26.9,1.5
11.900,8,23527.6,14781.0,15.0,23511.5,14769.7,24.6,23536.8,14803.5,23.2,1.0
11.900,9,23543.2,13193.9,15.0,23536.8,13225.4,23.3,23558.5,13166.4,22.6,1.1
11.900,10,23522.9,14554.1,15.0,23538.5,14583.3,23.8,23516.3,14523.5,23.3,1.0
11.900,11,23604.0,14502.6,15.0,23618.3,14516.6,23.7,23597.4,14480.1,22.7,1.1
11.900,12,23485.3,14766.3,15.0,23497.6,14713.4,44.4,23467.4,14778.7,23.6,1.5
11.900,13,23608.1,14435.1,15.0,23622.5,14450.4,23.6,23601.4,14412.0,22.6,1.2
11.917,0,23066.1,15306.3,15.0,23116.8,15317.7,43.4,23053.1,15289.2,23.2,1.3
11.917,1,22897.5,15206.0,15.0,22917.9,15213.1,22.2,22889.2,15191.2,23.7,1.3
11.917,2,22868.9,15290.9,15.0,22881.9,15305.6,29.3,22879.5,15282.3,22.0,1.3
11.917,3,23005.5,15296.8,15.0,23028.7,15303.8,23.3,22993.0,15281.8,24.6,0.9
11.917,4,23589.8,13472.2,15.0,23574.1,13443.5,22.9,23596.4,13504.9,23.7,0.9
11.917,5,23643.6,13113.9,15.0,23629.0,13100.7,23.4,23650.4,13136.2,22.4,1.3
11.917,6,23547.5,13275.9,15.0,23537.1,13281.6,22.7,23561.6,13295.7,34.1,1.0
11.917,7,22453.6,15259.3,15.0,22473.0,15267.0,22.2,22450.1,15243.6,24.8,1.5
11.917,8,23527.5,14779.3,15.0,23510.8,14760.4,24.2,23536.5,14804.3,23.3,1.0
11.917,9,23543.2,13192.0,15.0,23536.5,13225.8,24.6,23558.9,13164.9,22.6,1.1
11.917,10,23522.9,14555.8,15.0,23538.9,14585.5,23.5,23516.2,14523.5,23.6,1.0
11.917,11,23604.0,14504.5,15.0,23618.3,14524.6,23.4,23597.6,14479.6,22.7,1.1
11.917,12,23485.3,14768.7,15.0,23498.4,14715.7,45.4,23467.7,14779.6,23.7,1.5
11.917,13,23608.1,14437.0,15.0,23622.6,14457.5,23.1,23601.6,14411.7,22.6,1.2
11.933,0,23063.9,15306.3,15.0,23114.5,15318.4,44.2,23052.7,15289.5,23.2,1.3
11.933,1,22895.3,15205.9,15.0,22918.3,15212.8,22.2,22880.7,15191.1,22.9,1.3
11.933,2,22866.7,15290.9,15.0,22874.6,15305.5,27.5,22880.0,15282.9,22.0,1.3
11.933,3,23004.1,15296.8,15.0,23029.3,15303.6,23.3,22985.3,15281.9,24.2,0.9
11.933,4,23589.8,13470.8,15.0,23573.8,13442.4,22.9,23596.6,13505.2,24.7,0.9
11.933,5,23643.6,13111.8,15.0,23628.8,13093.7,22.7,23650.2,13136.4,22.4,1.3
11.933,6,23547.5,13274.2,15.0,23537.8,13281.9,22.7,23561.7,13291.0,32.0,1.0
11.933,7,22451.2,15259.3,15.0,22473.6,15266.6,22.3,22440.2,15243.6,23.5,1.5
11.933,8,23527.3,14777.6,15.0,23510.1,14754.4,23.8,23536.4,14804.8,23.3,1.0
11.933,9,23543.2,13190.2,15.0,23536.2,13226.3,26.1,23559.3,13163.5,22.6,1.1
11.933,10,23522.9,14557.5,15.0,23539.3,14587.6,23.3,23516.1,14523.4,24.0,1.0
11.933,11,23604.0,14506.4,15.0,23618.5,14530.7,23.1,23597.7,14479.3,22.7,1.1
11.933,12,23485.3,14771.1,15.0,23499.1,14718.1,46.7,23468.0,14780.8,23.7,1.5
11.933,13,23608.1,14439.0,15.0,23622.8,14463.7,22.9,23601.7,14411.4,22.7,1.2
11.950,0,23061.7,15306.3,15.0,23112.2,15319.1,45.5,23051.9,15289.8,23.2,1.3
11.950,1,22893.0,15205.9,15.0,22918.5,15212.7,22.3,22874.1,15190.9,22.3,1.3
11.950,2,22864.5,15290.9,15.0,22866.5,15305.4,25.9,22880.6,15283.5,22.0,1.3
11.950,3,23002.6,15296.8,15.0,23029.8,15303.4,23.3,22979.6,15281.8,24.0,0.9
11.950,4,23589.8,13469.4,15.0,23573.4,13441.2,22.9,23596.9,13505.5,25.8,0.9
11.950,5,23643.6,13109.6,15.0,23628.6,13087.3,22.4,23650.1,13136.7,22.5,1.3
11.950,6,23547.5,13272.5,15.0,23538.5,13282.4,22.7,23561.8,13286.1,30.4,1.0
11.950,7,22448.8,15259.3,15.0,22473.8,15266.4,22.4,22433.3,15243.4,22.6,1.5
11.950,8,23527.2,14775.9,15.0,23509.3,14748.4,23.9,23536.3,14805.2,23.3,1.0
11.950,9,23543.2,13188.3,15.0,23535.6,13227.6,28.8,23559.6,13162.5,22.6,1.1
11.950,10,23522.9,14559.2,15.0,23539.8,14589.0,23.3,23515.8,14522.9,25.3,1.0
11.950,11,23604.0,14508.2,15.0,23618.8,14535.1,23.0,23597.7,14479.2,22.9,1.1
11.950,12,23485.3,14773.5,15.0,23499.8,14720.6,48.7,23468.3,14782.3,23.6,1.5
11.950,13,23608.1,14440.9,15.0,23623.2,14467.0,22.7,23601.6,14411.4,22.9,1.2
11.967,0,23059.5,15306.3,15.0,23109.8,15319.7,47.4,23050.8,15290.1,23.1,1.3
11.967,1,22890.8,15205.9,15.0,22918.5,15212.6,22.5,22869.1,15190.6,22.0,1.3
11.967,2,22862.3,15290.9,15.0,22857.5,15305.3,24.1,22881.0,15283.9,22.0,1.3
11.967,3,23001.2,15296.8,15.0,23030.1,15303.3,23.3,22974.7,15281.7,23.8,0.9
11.967,4,23589.8,13468.0,15.0,23573.2,13440.4,22.9,23597.2,13506.5,27.6,0.9
11.967,5,23643.6,13107.5,15.0,23628.2,13084.1,22.1,23650.2,13136.5,22.7,1.3
11.967,6,23547.5,13270.8,15.0,23539.1,13283.1,22.7,23561.8,13281.1,29.2,1.0
11.967,7,22446.4,15259.3,15.0,22474.0,15266.3,22.5,22426.9,15243.2,22.1,1.5
11.967,8,23527.0,14774.1,15.0,23508.7,14746.0,23.6,23536.4,14805.2,23.5,1.0
11.967,9,23543.2,13186.5,15.0,23535.0,13228.7,31.8,23559.9,13161.8,22.6,1.1
11.967,10,23522.9,14560.9,15.0,23540.2,14590.3,23.3,23515.4,14522.4,26.8,1.0
11.967,11,23604.0,14510.1,15.0,23619.3,14537.5,22.8,23597.6,14479.4,23.1,1.1
11.967,12,23485.3,14775.9,15.0,23500.4,14722.8,51.3,23468.7,14784.0,23.4,1.5
11.967,13,23608.1,14442.9,15.0,23623.6,14469.6,22.5,23601.5,14411.6,23.2,1.2
11.983,0,23057.2,15306.3,15.0,23107.7,15320.4,49.8,23049.6,15290.5,23.0,1.3
11.983,1,22888.6,15205.9,15.0,22918.3,15212.7,22.8,22866.2,15190.2,21.8,1.3
11.983,2,22860.0,15290.9,15.0,22848.0,15305.3,23.1,22881.4,15284.2,22.0,1.3
11.983,3,22999.8,15296.8,15.0,23030.4,15303.3,23.3,22970.5,15281.5,23.9,0.9
11.983,4,23589.8,13466.6,15.0,23572.9,13439.8,22.9,23597.7,13507.5,29.8,0.9
11.983,5,23643.6,13105.4,15.0,23627.8,13081.2,21.9,23650.3,13136.3,23.1,1.3
11.983,6,23547.5,13269.0,15.0,23539.6,13283.8,22.7,23561.8,13275.2,27.8,1.0
11.983,7,22444.0,15259.3,15.0,22473.9,15266.4,22.9,22423.6,15242.8,21.8,1.5
11.983,8,23526.9,14772.4,15.0,23508.1,14743.7,23.3,23536.5,14805.2,23.8,1.0
11.983,9,23543.2,13184.6,15.0,23534.3,13229.3,35.2,23560.1,13162.2,22.6,1.1
11.983,10,23522.9,14562.6,15.0,23540.5,14591.0,23.3,23514.9,14520.9,29.5,1.0
11.983,11,23604.0,14512.0,15.0,23619.7,14539.5,22.6,23597.4,14479.3,23.8,1.1
11.983,12,23485.3,14778.4,15.0,23501.1,14724.8,54.5,23469.1,14785.8,23.3,1.5
11.983,13,23608.1,14444.8,15.0,23624.0,14471.4,22.4,23601.3,14411.3,24.3,1.2
12.000,0,23055.0,15306.3,15.0,23105.9,15321.0,52.9,23048.3,15291.0,22.9,1.3
12.000,1,22886.4,15205.9,15.0,22918.3,15212.9,23.7,22863.7,15189.8,21.7,1.3
12.000,2,22857.8,15290.9,15.0,22841.2,15305.4,22.3,22881.6,15284.4,22.1,1.3
12.000,3,22998.4,15296.8,15.0,23030.4,15303.4,23.5,22968.6,15281.1,23.6,0.9
12.000,4,23589.8,13465.2,15.0,23572.7,13439.4,22.9,23598.2,13508.4,32.3,0.9
12.000,5,23643.6,13103.3,15.0,23627.4,13079.2,22.0,23650.5,13136.6,24.4,1.3
12.000,6,23547.5,13267.3,15.0,23540.1,13284.5,22.7,23561.7,13267.6,26.2,1.0
12.000,7,22441.5,15259.3,15.0,22473.8,15266.5,23.7,22420.6,15242.4,21.6,1.5
12.000,8,23526.7,14770.7,15.0,23507.6,14742.2,23.3,23536.8,14805.7,24.9,1.0
12.000,9,23543.2,13182.8,15.0,23533.5,13229.6,38.6,23560.1,13162.7,22.7,1.1
12.000,10,23522.9,14564.3,15.0,23540.8,14591.7,23.3,23514.3,14519.6,32.4,1.0
12.000,11,23604.0,14513.8,15.0,23620.1,14541.1,22.6,23597.1,14478.9,25.2,1.1
12.000,12,23485.3,14780.8,15.0,23501.5,14728.4,55.3,23469.6,14787.3,23.1,1.5
12.000,13,23608.1,14446.7,15.0,23624.4,14473.1,22.5,23600.9,14411.0,25.7,1.2
12.017,0,23052.8,15306.4,15.0,23102.5,15321.4,53.8,23047.1,15291.5,22.9,1.3
12.017,1,22884.2,15205.9,15.0,22918.7,15213.2,25.1,22861.5,15189.4,21.8,1.3
12.017,2,22855.6,15290.9,15.0,22834.8,15305.6,22.0,22881.8,15284.5,22.2,1.3
12.017,3,22997.0,15296.9,15.0,23030.3,15303.5,23.8,22966.8,15280.8,23.4,0.9
12.017,4,23589.8,13463.7,15.0,23572.6,13439.8,22.9,23598.8,13509.0,35.0,0.9
12.017,5,23643.6,13101.1,15.0,23627.1,13077.2,22.0,23650.9,13136.9,25.8,1.3
12.017,6,23547.5,13265.6,15.0,23540.6,13285.2,22.7,23561.6,13259.7,24.9,1.0
12.017,7,22439.1,15259.3,15.0,22474.3,15266.8,25.2,22418.0,15242.1,21.8,1.5
12.017,8,23526.6,14768.9,15.0,23507.1,14740.9,23.3,23537.1,14806.1,26.3,1.0
12.017,9,23543.2,13181.0,15.0,23532.8,13228.7,40.7,23560.0,13163.6,22.7,1.1
12.017,10,23522.9,14566.0,15.0,23540.9,14591.1,23.2,23513.6,14518.7,35.8,1.0
12.017,11,23604.0,14515.7,15.0,23620.5,14542.3,22.7,23596.7,14478.0,27.1,1.1
12.017,12,23485.3,14783.2,15.0,23501.7,14733.1,54.6,23470.2,14788.8,23.0,1.5
12.017,13,23608.1,14448.7,15.0,23624.8,14474.3,22.5,23600.4,14409.7,28.2,1.2
12.033,0,23050.6,15306.4,15.0,23098.1,15321.7,53.1,23046.0,15292.0,22.8,1.3
12.033,1,22881.9,15205.9,15.0,22919.6,15213.7,27.4,22859.7,15189.1,22.0,1.3
12.033,2,22853.4,15290.9,15.0,22831.8,15306.0,21.7,22881.5,15284.5,22.5,1.3
12.033,3,22995.6,15296.9,15.0,23030.6,15303.7,24.5,22965.4,15280.4,23.3,0.9
12.033,4,23589.8,13462.3,15.0,23572.5,13440.3,22.9,23599.4,13509.4,37.8,0.9
12.033,5,23643.6,13099.0,15.0,23626.8,13075.8,22.2,23651.4,13138.3,28.6,1.3
12.033,6,23547.5,13263.8,15.0,23540.9,13285.8,22.7,23561.5,13250.9,23.8,1.0
12.033,7,22436.7,15259.3,15.0,22475.1,15267.3,27.3,22415.7,15241.7,22.0,1.5
12.033,8,23526.5,14767.2,15.0,23506.7,14740.0,23.3,23537.7,14807.4,28.8,1.0
12.033,9,23543.2,13179.1,15.0,23532.1,13227.5,42.5,23559.9,13164.4,22.7,1.1
12.033,10,23522.9,14567.7,15.0,23541.0,14590.5,23.3,23512.8,14518.1,39.4,1.0
12.033,11,23604.0,14517.5,15.0,23620.8,14543.3,22.7,23596.1,14476.7,30.0,1.1
12.033,12,23485.3,14785.6,15.0,23501.7,14739.7,50.9,23470.8,14790.2,22.8,1.5
12.033,13,23608.1,14450.6,15.0,23625.0,14475.4,22.6,23599.8,14408.5,31.1,1.2
12.050,0,23048.3,15306.4,15.0,23092.0,15321.7,49.9,23044.9,15292.6,22.7,1.3
12.050,1,22879.7,15205.9,15.0,22920.8,15214.3,30.3,22858.1,15188.8,22.1,1.3
12.050,2,22851.2,15290.9,15.0,22828.8,15306.4,21.5,22881.2,15284.3,22.9,1.3
12.050,3,22994.1,15296.9,15.0,23031.0,15303.9,25.6,22964.3,15280.1,23.3,0.9
12.050,4,23589.8,13460.9,15.0,23572.5,13440.9,22.9,23599.9,13509.1,39.9,0.9
12.050,5,23643.6,13096.9,15.0,23626.5,13074.5,22.3,23652.0,13139.4,31.7,1.3
12.050,6,23547.5,13262.1,15.0,23541.1,13286.4,22.7,23561.4,13242.6,23.5,1.0
12.050,7,22434.3,15259.3,15.0,22476.5,15267.9,30.4,22413.9,15241.5,22.3,1.5
12.050,8,23526.3,14765.5,15.0,23506.3,14739.3,23.3,23538.3,14808.8,31.7,1.0
12.050,9,23543.2,13177.3,15.0,23531.5,13225.4,43.2,23559.6,13164.8,22.7,1.1
12.050,10,23522.9,14569.5,15.0,23541.0,14589.4,23.2,23512.1,14518.7,41.7,1.0
12.050,11,23604.0,14519.4,15.0,23621.0,14543.6,22.7,23595.4,14475.8,33.2,1.1
12.050,12,23485.3,14788.0,15.0,23501.6,14747.7,46.4,23471.4,14791.2,22.7,1.5
12.050,13,23608.1,14452.5,15.0,23625.2,14475.3,22.6,23599.1,14407.7,34.5,1.2
12.067,0,23046.1,15306.4,15.0,23084.4,15321.6,45.5,23044.1,15293.3,22.6,1.3
12.067,1,22877.5,15205.9,15.0,22921.6,15215.0,33.7,22857.4,15188.6,22.3,1.3
12.067,2,22849.0,15290.9,15.0,22826.7,15306.8,21.6,22881.5,15284.1,24.2,1.3
12.067,3,22992.7,15296.9,15.0,23031.5,15304.2,26.9,22963.2,15279.7,23.3,0.9
12.067,4,23589.8,13459.5,15.0,23572.6,13441.8,22.8,23600.5,13508.5,41.6,0.9
12.067,5,23643.6,13094.7,15.0,23626.4,13074.4,22.5,23652.8,13140.1,35.2,1.3
12.067,6,23547.5,13260.4,15.0,23541.2,13286.7,22.7,23561.6,13236.8,23.2,1.0
12.067,7,22431.9,15259.3,15.0,22477.5,15268.6,33.9,22412.6,15241.3,22.6,1.5
12.067,8,23526.2,14763.7,15.0,23506.2,14739.6,23.2,23539.1,14809.7,35.1,1.0
12.067,9,23543.2,13175.4,15.0,23530.9,13223.4,44.1,23559.3,13165.1,22.7,1.1
12.067,10,23522.9,14571.2,15.0,23540.9,14588.3,23.2,23511.4,14519.5,43.9,1.0
12.067,11,23604.0,14521.3,15.0,23621.1,14543.1,22.7,23594.7,14475.1,36.7,1.1
12.067,12,23485.3,14790.4,15.0,23501.4,14756.0,41.7,23472.2,14791.8,22.6,1.5
12.067,13,23608.1,14454.5,15.0,23625.3,14475.0,22.8,23598.3,14407.2,38.2,1.2
12.083,0,23043.9,15306.4,15.0,23076.5,15321.5,41.0,23043.6,15294.0,22.5,1.3
12.083,1,22875.3,15205.9,15.0,22922.1,15215.8,37.4,22857.1,15188.6,22.6,1.3
12.083,2,22846.7,15290.9,15.0,22824.6,15307.1,21.7,22881.8,15283.7,25.8,1.3
12.083,3,22991.3,15296.9,15.0,23032.8,15304.7,29.1,22962.6,15279.5,23.3,0.9
12.083,4,23589.8,13458.1,15.0,23572.7,13442.6,22.9,23601.1,13507.6,43.2,0.9
12.083,5,23643.6,13092.6,15.0,23626.4,13074.4,22.7,23653.6,13140.3,38.8,1.3
12.083,6,23547.5,13258.6,15.0,23541.3,13286.9,22.7,23561.9,13231.5,23.3,1.0
12.083,7,22429.5,15259.3,15.0,22478.2,15269.4,37.8,22411.9,15241.2,22.9,1.5
12.083,8,23526.0,14762.0,15.0,23506.1,14740.2,23.3,23539.9,14810.3,38.7,1.0
12.083,9,23543.2,13173.6,15.0,23530.3,13221.2,45.8,23558.9,13164.8,22.7,1.1
12.083,10,23522.9,14572.9,15.0,23540.6,14587.6,23.2,23510.7,14521.1,44.9,1.0
12.083,11,23604.0,14523.1,15.0,23621.1,14542.5,22.8,23593.9,14475.4,39.6,1.1
12.083,12,23485.3,14792.9,15.0,23501.2,14764.9,37.4,23472.9,14792.3,22.6,1.5
12.083,13,23608.1,14456.4,15.0,23625.2,14474.3,22.8,23597.6,14407.9,40.5,1.2
12.100,0,23041.7,15306.4,15.0,23068.1,15321.4,36.9,23043.2,15294.7,22.5,1.3
12.100,1,22873.1,15205.8,15.0,22921.5,15216.5,40.1,22857.1,15188.6,22.8,1.3
12.100,2,22844.5,15290.9,15.0,22823.0,15307.4,21.9,22883.1,15283.2,28.6,1.3
12.100,3,22989.9,15296.9,15.0,23033.9,15305.2,31.5,22962.0,15279.2,23.3,0.9
12.100,4,23589.8,13456.7,15.0,23572.9,13443.0,22.9,23601.6,13506.0,43.7,0.9
12.100,5,23643.6,13090.5,15.0,23626.5,13074.7,22.8,23654.3,13139.4,41.0,1.3
12.100,6,23547.5,13256.9,15.0,23541.2,13286.8,23.0,23562.3,13229.2,23.0,1.0
12.100,7,22427.0,15259.3,15.0,22477.8,15270.3,40.8,22411.6,15241.3,23.2,1.5
12.100,8,23525.9,14760.3,15.0,23506.2,14741.2,23.2,23540.6,14810.0,41.4,1.0
12.100,9,23543.2,13171.7,15.0,23529.8,13219.1,47.8,23558.5,13164.5,22.7,1.1
12.100,10,23522.9,14574.6,15.0,23540.3,14586.9,23.3,23510.1,14523.1,45.6,1.0
12.100,11,23604.0,14525.0,15.0,23621.0,14541.6,22.8,23593.2,14476.2,41.7,1.1
12.100,12,23485.3,14795.3,15.0,23501.3,14770.6,35.0,23473.7,14792.3,22.4,1.5
12.100,13,23608.1,14458.4,15.0,23625.1,14473.5,22.9,23596.9,14408.9,42.7,1.2
12.117,0,23039.5,15306.4,15.0,23062.2,15321.4,34.3,23043.2,15295.4,22.4,1.3
12.117,1,22870.8,15205.8,15.0,22920.4,15217.3,42.3,22857.2,15188.8,23.0,1.3
12.117,2,22842.3,15290.9,15.0,22821.7,15307.6,22.1,22884.0,15282.6,31.6,1.3
12.117,3,22988.5,15296.9,15.0,23034.8,15305.7,34.2,22962.0,15279.0,23.3,0.9
12.117,4,23589.8,13455.2,15.0,23573.2,13443.4,22.9,23602.1,13504.4,44.2,0.9
12.117,5,23643.6,13088.3,15.0,23626.6,13074.9,23.0,23655.1,13138.1,43.0,1.3
12.117,6,23547.5,13255.2,15.0,23541.1,13286.6,23.2,23562.7,13227.0,22.7,1.0
12.117,7,22424.6,15259.3,15.0,22476.7,15271.1,43.3,22411.3,15241.4,23.5,1.5
12.117,8,23525.8,14758.5,15.0,23506.5,14742.3,23.2,23541.2,14809.1,43.6,1.0
12.117,9,23543.2,13169.9,15.0,23529.2,13217.6,50.7,23558.0,13164.0,22.7,1.1
12.117,10,23522.9,14576.3,15.0,23540.0,14586.7,23.3,23509.5,14525.1,46.9,1.0
12.117,11,23604.0,14526.9,15.0,23620.8,14540.9,22.8,23592.5,14477.8,43.1,1.1
12.117,12,23485.3,14797.7,15.0,23501.4,14776.1,33.0,23474.5,14792.2,22.4,1.5
12.117,13,23608.1,14460.3,15.0,23624.9,14473.2,22.9,23596.2,14410.9,43.6,1.2
12.133,0,23037.2,15306.5,15.0,23056.9,15321.6,32.3,23043.3,15296.2,22.4,1.3
12.133,1,22868.6,15205.8,15.0,22918.3,15218.0,43.4,22856.8,15189.0,23.0,1.3
12.133,2,22840.1,15290.9,15.0,22821.4,15307.7,22.3,22884.6,15281.8,35.1,1.3
12.133,3,22987.1,15296.9,15.0,23035.5,15306.3,37.1,22962.6,15278.9,23.3,0.9
12.133,4,23589.8,13453.8,15.0,23573.5,13443.6,22.9,23602.5,13502.8,45.2,0.9
12.133,5,23643.6,13086.2,15.0,23626.9,13074.7,23.0,23655.7,13135.9,43.7,1.3
12.133,6,23547.5,13253.4,15.0,23540.8,13287.0,24.4,23563.1,13225.6,22.7,1.0
12.133,7,22422.2,15259.3,15.0,22474.7,15271.8,44.6,22410.6,15241.6,23.6,1.5
12.133,8,23525.6,14756.8,15.0,23506.8,14743.1,23.3,23541.7,14807.6,44.9,1.0
12.133,9,23543.2,13168.0,15.0,23528.7,13215.4,52.8,23557.5,13163.5,22.7,1.1
12.133,10,23522.9,14578.0,15.0,23539.6,14586.8,23.3,23508.9,14527.2,48.8,1.0
12.133,11,23604.0,14528.7,15.0,23620.5,14540.5,22.8,23591.9,14479.9,43.8,1.1
12.133,12,23485.3,14800.1,15.0,23501.4,14781.9,31.7,23475.3,14791.7,22.3,1.5
12.133,13,23608.1,14462.2,15.0,23624.5,14473.0,22.9,23595.6,14413.0,44.3,1.2
12.150,0,23035.0,15306.5,15.0,23051.4,15321.6,30.9,23043.8,15296.9,22.3,1.3
12.150,1,22866.4,15205.8,15.0,22916.1,15218.6,44.2,22856.4,15189.3,23.1,1.3
12.150,2,22837.9,15290.9,15.0,22821.1,15307.7,22.5,22884.5,15281.1,38.4,1.3
12.150,3,22985.6,15296.9,15.0,23035.9,15307.0,40.1,22963.1,15278.8,23.3,0.9
12.150,4,23589.8,13452.4,15.0,23573.8,13443.5,22.9,23603.0,13501.1,46.7,0.9
12.150,5,23643.6,13084.1,15.0,23627.2,13074.2,23.0,23656.4,13133.6,44.8,1.3
12.150,6,23547.5,13251.7,15.0,23540.5,13287.3,25.7,23563.5,13224.2,22.7,1.0
12.150,7,22419.8,15259.3,15.0,22472.3,15272.6,45.5,22409.7,15241.9,23.6,1.5
12.150,8,23525.5,14755.1,15.0,23507.1,14743.7,23.3,23542.1,14805.5,45.5,1.0
12.150,9,23543.2,13166.2,15.0,23528.5,13211.3,52.2,23557.0,13163.0,22.7,1.1
12.150,10,23522.9,14579.7,15.0,23539.1,14587.0,23.3,23508.3,14528.9,51.1,1.0
12.150,11,23604.0,14530.6,15.0,23620.2,14540.5,22.8,23591.3,14482.0,45.1,1.1
12.150,12,23485.3,14802.5,15.0,23501.4,14788.1,30.3,23476.0,14791.2,22.3,1.5
12.150,13,23608.1,14464.2,15.0,23624.2,14473.4,22.9,23595.0,14415.2,46.0,1.2
12.167,0,23032.8,15306.5,15.0,23045.8,15321.7,29.7,23044.3,15297.6,22.3,1.3
12.167,1,22864.2,15205.8,15.0,22913.7,15219.2,45.9,22855.3,15189.6,23.0,1.3
12.167,2,22835.6,15290.9,15.0,22821.2,15307.6,22.7,22883.5,15280.3,40.6,1.3
12.167,3,22984.2,15296.9,15.0,23035.3,15307.6,41.9,22964.1,15278.9,23.2,0.9
12.167,4,23589.8,13451.0,15.0,23574.1,13443.3,22.9,23603.5,13499.3,48.2,0.9
12.167,5,23643.6,13081.9,15.0,23627.5,13073.3,23.0,23657.0,13131.3,46.6,1.3
12.167,6,23547.5,13250.0,15.0,23540.0,13288.6,28.2,23563.8,13223.4,22.7,1.0
12.167,7,22417.4,15259.3,15.0,22469.9,15273.3,47.4,22408.2,15242.2,23.5,1.5
12.167,8,23525.4,14753.3,15.0,23507.5,14744.0,23.3,23542.6,14803.5,46.8,1.0
12.167,9,23543.2,13164.3,15.0,23528.4,13206.8,50.7,23556.4,13162.5,22.7,1.1
12.167,10,23522.9,14581.4,15.0,23538.6,14587.2,23.3,23507.8,14530.4,54.1,1.0
12.167,11,23604.0,14532.4,15.0,23619.8,14540.8,22.8,23590.7,14484.2,46.9,1.1
12.167,12,23485.3,14804.9,15.0,23501.3,14796.7,28.2,23476.7,14790.5,22.2,1.5
12.167,13,23608.1,14466.1,15.0,23623.8,14473.9,22.9,23594.4,14417.5,47.9,1.2
12.183,0,23030.6,15306.5,15.0,23037.7,15321.6,27.7,23045.0,15298.2,22.2,1.3
12.183,1,22861.9,15205.8,15.0,22911.3,15219.8,47.8,22854.2,15189.9,23.0,1.3
12.183,2,22833.4,15290.9,15.0,22821.0,15307.4,22.8,22882.0,15279.6,42.3,1.3
12.183,3,22982.8,15296.9,15.0,23034.6,15308.2,43.6,22965.0,15279.0,23.3,0.9
12.183,4,23589.8,13449.6,15.0,23574.5,13443.1,22.9,23603.9,13498.2,50.4,0.9
12.183,5,23643.6,13079.8,15.0,23627.9,13072.3,22.9,23657.6,13129.1,48.9,1.3
12.183,6,23547.5,13248.2,15.0,23539.4,13289.7,30.9,23564.1,13222.6,22.7,1.0
12.183,7,22415.0,15259.3,15.0,22467.3,15273.9,49.4,22406.6,15242.6,23.4,1.5
12.183,8,23525.2,14751.6,15.0,23507.9,14743.9,23.3,23543.0,14801.4,48.7,1.0
12.183,9,23543.2,13162.5,15.0,23528.5,13200.0,46.4,23555.8,13162.1,22.7,1.1
12.183,10,23522.9,14583.1,15.0,23538.1,14587.5,23.3,23507.4,14533.0,55.4,1.0
12.183,11,23604.0,14534.3,15.0,23619.4,14541.2,22.8,23590.1,14486.0,49.3,1.1
12.183,12,23485.3,14807.4,15.0,23501.2,14805.7,26.3,23477.2,14789.9,22.3,1.5
12.183,13,23608.1,14468.1,15.0,23623.3,14474.5,22.9,23593.8,14419.1,50.7,1.2
12.200,0,23028.4,15306.5,15.0,23029.3,15321.6,26.1,23045.6,15298.8,22.3,1.3
12.200,1,22859.7,15205.8,15.0,22909.5,15220.5,50.8,22852.8,15190.4,22.9,1.3
12.200,2,22831.2,15290.9,15.0,22820.6,15307.2,22.9,22879.7,15278.9,43.1,1.3
12.200,3,22981.4,15296.9,15.0,23033.5,15308.8,44.8,22965.8,15279.2,23.3,0.9
12.200,4,23589.8,13448.2,15.0,23574.9,13442.8,22.9,23604.4,13496.9,52.7,0.9
12.200,5,23643.6,13077.7,15.0,23628.4,13071.3,22.9,23658.2,13127.3,51.8,1.3
12.200,6,23547.5,13246.5,15.0,23538.8,13290.5,34.1,23564.2,13222.9,22.7,1.0
12.200,7,22412.5,15259.3,15.0,22465.4,15274.6,52.4,22404.9,15243.0,23.3,1.5
12.200,8,23525.1,14749.9,15.0,23508.4,14743.7,23.3,23543.4,14799.5,51.0,1.0
12.200,9,23543.2,13160.6,15.0,23528.7,13192.7,42.3,23555.1,13161.8,22.7,1.1
12.200,10,23522.9,14584.8,15.0,23537.5,14587.8,23.3,23507.2,14536.9,54.8,1.0
12.200,11,23604.0,14536.2,15.0,23618.9,14541.7,22.8,23589.6,14487.7,52.2,1.1
12.200,12,23485.3,14809.8,15.0,23501.1,14815.7,24.4,23477.6,14789.3,22.3,1.5
12.200,13,23608.1,14470.0,15.0,23622.8,14475.2,22.9,23593.2,14420.9,53.7,1.2
12.217,0,23026.1,15306.5,15.0,23019.7,15321.5,24.2,23046.1,15299.2,22.3,1.3
12.217,1,22857.5,15205.8,15.0,22907.4,15221.0,53.5,22851.6,15190.8,22.8,1.3
12.217,2,22829.0,15290.9,15.0,22819.8,15306.9,22.9,22877.4,15278.3,44.3,1.3
12.217,3,22980.0,15296.9,15.0,23031.8,15309.3,45.4,22966.3,15279.4,23.3,0.9
12.217,4,23589.8,13446.7,15.0,23575.3,13442.5,22.9,23604.7,13494.7,53.6,0.9
12.217,5,23643.6,13075.5,15.0,23628.9,13070.2,22.8,23658.7,13124.5,53.4,1.3
12.217,6,23547.5,13244.8,15.0,23538.1,13290.9,37.5,23564.3,13223.3,22.7,1.0
12.217,7,22410.1,15259.3,15.0,22463.2,15275.2,55.4,22403.2,15243.4,23.1,1.5
12.217,8,23525.0,14748.1,15.0,23508.8,14743.4,23.3,23543.8,14798.0,54.0,1.0
12.217,9,23543.2,13158.8,15.0,23528.9,13185.1,38.0,23554.4,13161.7,22.6,1.1
12.217,10,23522.9,14586.5,15.0,23536.9,14588.1,23.3,23507.1,14541.6,52.9,1.0
12.217,11,23604.0,14538.0,15.0,23618.3,14542.2,22.8,23589.2,14490.7,53.1,1.1
12.217,12,23485.3,14812.2,15.0,23501.1,14824.7,23.2,23478.0,14788.8,22.4,1.5
12.217,13,23608.1,14471.9,15.0,23622.3,14475.9,22.8,23593.0,14425.0,53.1,1.2
12.233,0,23023.9,15306.5,15.0,23010.2,15321.5,23.2,23046.7,15299.5,22.3,1.3
12.233,1,22855.3,15205.8,15.0,22903.0,15221.2,52.9,22850.4,15191.3,22.7,1.3
12.233,2,22826.8,15290.9,15.0,22818.6,15306.5,22.8,22875.0,15277.7,46.2,1.3
12.233,3,22978.6,15297.0,15.0,23030.2,15309.8,45.9,22966.8,15279.7,23.3,0.9
12.233,4,23589.8,13445.3,15.0,23575.7,13442.2,22.9,23604.8,13491.5,53.1,0.9
12.233,5,23643.6,13073.4,15.0,23629.4,13069.1,22.7,23658.9,13120.2,52.7,1.3
12.233,6,23547.5,13243.1,15.0,23537.4,13290.4,39.8,23564.3,13224.2,22.7,1.0
12.233,7,22407.7,15259.3,15.0,22458.6,15275.5,54.6,22401.7,15244.0,23.0,1.5
12.233,8,23524.9,14746.4,15.0,23509.4,14743.1,23.3,23544.0,14795.5,55.5,1.0
12.233,9,23543.2,13156.9,15.0,23529.1,13177.7,34.6,23553.8,13161.7,22.6,1.1
12.233,10,23522.9,14588.2,15.0,23536.3,14588.3,23.3,23507.2,14548.4,48.5,1.0
12.233,11,23604.0,14539.9,15.0,23617.8,14542.7,22.8,23589.0,14494.7,52.5,1.1
12.233,12,23485.3,14814.6,15.0,23501.3,14831.7,22.4,23478.1,14788.5,22.5,1.5
12.233,13,23608.1,14473.9,15.0,23621.7,14476.5,22.8,23592.8,14429.1,52.4,1.2
12.250,0,23021.7,15306.5,15.0,23003.6,15321.8,22.5,23046.9,15299.6,22.4,1.3
12.250,1,22853.1,15205.8,15.0,22898.3,15221.4,51.7,22849.2,15191.9,22.6,1.3
12.250,2,22824.6,15290.9,15.0,22817.4,15306.1,22.7,22872.9,15277.1,48.5,1.3
12.250,3,22977.1,15297.0,15.0,23028.5,15310.3,47.3,22966.8,15280.0,23.3,0.9
12.250,4,23589.8,13443.9,15.0,23576.2,13441.9,22.9,23605.0,13488.3,52.7,0.9
12.250,5,23643.6,13071.3,15.0,23630.0,13068.3,22.6,23658.9,13114.8,50.3,1.3
12.250,6,23547.5,13241.3,15.0,23536.7,13289.5,41.8,23564.2,13225.1,22.7,1.0
12.250,7,22405.3,15259.3,15.0,22453.5,15275.6,53.2,22400.2,15244.5,22.9,1.5
12.250,8,23524.7,14744.7,15.0,23509.9,14742.7,23.3,23543.9,14791.5,54.9,1.0
12.250,9,23543.2,13155.1,15.0,23529.0,13172.8,32.5,23553.1,13162.1,22.6,1.1
12.250,10,23522.9,14589.9,15.0,23535.7,14588.4,23.3,23507.4,14555.7,44.4,1.0
12.250,11,23604.0,14541.7,15.0,23617.2,14543.2,22.8,23589.0,14500.2,49.7,1.1
12.250,12,23485.3,14817.0,15.0,23501.6,14836.9,22.1,23478.2,14788.4,22.7,1.5
12.250,13,23608.1,14475.8,15.0,23621.1,14477.0,22.7,23592.9,14436.0,47.9,1.2
12.267,0,23019.5,15306.6,15.0,22997.7,15322.0,22.2,23047.1,15299.7,22.5,1.3
12.267,1,22850.8,15205.8,15.0,22891.1,15221.2,47.1,22848.2,15192.5,22.5,1.3
12.267,2,22822.3,15290.9,15.0,22816.1,15305.7,22.6,22871.0,15276.5,51.4,1.3
12.267,3,22975.7,15297.0,15.0,23026.8,15310.8,48.9,22966.8,15280.3,23.3,0.9
12.267,4,23589.8,13442.5,15.0,23576.7,13441.7,22.9,23604.9,13483.1,49.2,0.9
12.267,5,23643.6,13069.2,15.0,23630.6,13067.6,22.6,23658.8,13107.5,45.9,1.3
12.267,6,23547.5,13239.6,15.0,23536.1,13287.9,42.9,23564.0,13225.8,22.7,1.0
12.267,7,22402.9,15259.3,15.0,22445.9,15275.5,48.5,22398.9,15245.1,22.7,1.5
12.267,8,23524.6,14742.9,15.0,23510.5,14742.3,23.3,23543.6,14786.7,53.0,1.0
12.267,9,23543.2,13153.2,15.0,23528.9,13167.7,30.6,23552.4,13162.5,22.6,1.1
12.267,10,23522.9,14591.6,15.0,23535.0,14588.3,23.2,23507.6,14563.2,40.0,1.0
12.267,11,23604.0,14543.6,15.0,23616.5,14543.5,22.8,23589.1,14507.3,45.4,1.1
12.267,12,23485.3,14819.4,15.0,23502.0,14840.2,21.7,23478.1,14788.6,23.1,1.5
12.267,13,23608.1,14477.8,15.0,23620.4,14477.4,22.7,23593.1,14443.5,43.7,1.2
12.283,0,23017.2,15306.6,15.0,22994.7,15322.5,21.9,23046.9,15299.7,22.9,1.3
12.283,1,22848.6,15205.7,15.0,22883.4,15221.0,42.9,22847.5,15193.1,22.4,1.3
12.283,2,22820.1,15290.9,15.0,22814.8,15305.2,22.5,22867.7,15276.1,52.2,1.3
12.283,3,22974.3,15297.0,15.0,23025.3,15311.3,50.8,22966.7,15280.7,23.3,0.9
12.283,4,23589.8,13441.1,15.0,23577.2,13441.5,22.9,23604.8,13477.5,45.8,0.9
12.283,5,23643.6,13067.0,15.0,23631.3,13067.0,22.5,23658.6,13099.8,41.5,1.3
12.283,6,23547.5,13237.9,15.0,23535.5,13285.9,43.5,23563.7,13226.3,22.7,1.0
12.283,7,22400.5,15259.3,15.0,22437.8,15275.3,44.0,22398.1,15245.8,22.6,1.5
12.283,8,23524.5,14741.2,15.0,23511.2,14742.1,23.3,23543.0,14779.8,48.5,1.0
12.283,9,23543.2,13151.4,15.0,23528.8,13162.5,29.4,23551.7,13163.2,22.6,1.1
12.283,10,23522.9,14593.3,15.0,23534.3,14588.2,23.3,23507.8,14571.0,36.4,1.0
12.283,11,23604.0,14545.5,15.0,23615.9,14543.8,22.7,23589.3,14514.8,41.1,1.1
12.283,12,23485.3,14821.9,15.0,23502.4,14843.1,21.7,23477.9,14788.4,24.2,1.5
12.283,13,23608.1,14479.7,15.0,23619.8,14477.6,22.7,23593.3,14451.1,39.2,1.2
12.300,0,23015.0,15306.6,15.0,22991.9,15322.9,21.8,23046.8,15299.5,23.5,1.3
12.300,1,22846.4,15205.7,15.0,22875.4,15220.8,38.5,22847.1,15193.8,22.4,1.3
12.300,2,22817.9,15290.9,15.0,22813.5,15304.7,22.4,22863.4,15275.9,51.6,1.3
12.300,3,22972.9,15297.0,15.0,23024.1,15311.8,53.2,22966.5,15281.1,23.3,0.9
12.300,4,23589.8,13439.7,15.0,23577.7,13441.3,22.9,23604.6,13471.7,42.5,0.9
12.300,5,23643.6,13064.9,15.0,23632.0,13066.6,22.5,23658.4,13091.7,37.4,1.3
12.300,6,23547.5,13236.1,15.0,23534.9,13283.9,44.8,23563.4,13226.3,22.7,1.0
12.300,7,22398.0,15259.3,15.0,22429.3,15275.1,39.4,22397.6,15246.6,22.5,1.5
12.300,8,23524.4,14739.5,15.0,23511.8,14741.9,23.3,23542.3,14772.5,44.3,1.0
12.300,9,23543.2,13149.5,15.0,23528.8,13156.6,28.0,23551.1,13163.8,22.6,1.1
12.300,10,23522.9,14595.1,15.0,23533.6,14587.7,23.2,23507.7,14575.8,34.1,1.0
12.300,11,23604.0,14547.3,15.0,23615.2,14543.8,22.7,23589.5,14522.7,37.0,1.1
12.300,12,23485.3,14824.3,15.0,23502.8,14845.5,21.9,23477.6,14788.0,25.8,1.5
12.300,13,23608.1,14481.6,15.0,23619.1,14477.7,22.7,23593.5,14459.2,35.5,1.2
12.317,0,23012.8,15306.6,15.0,22989.8,15323.3,21.9,23047.1,15299.2,24.9,1.3
12.317,1,22844.2,15205.7,15.0,22867.9,15220.6,35.1,22846.8,15194.6,22.3,1.3
12.317,2,22815.7,15290.9,15.0,22812.6,15304.1,22.4,22857.4,15275.9,48.4,1.3
12.317,3,22971.5,15297.0,15.0,23022.8,15312.2,55.6,22966.3,15281.5,23.3,0.9
12.317,4,23589.8,13438.2,15.0,23578.3,13441.3,22.9,23604.4,13465.6,39.0,0.9
12.317,5,23643.6,13062.8,15.0,23632.7,13066.6,22.4,23658.4,13085.1,34.5,1.3
12.317,6,23547.5,13234.4,15.0,23534.4,13281.8,46.5,23563.0,13226.2,22.7,1.0
12.317,7,22395.6,15259.3,15.0,22421.8,15275.0,36.0,22397.2,15247.3,22.4,1.5
12.317,8,23524.3,14737.7,15.0,23512.5,14741.9,23.3,23541.5,14764.8,39.8,1.0
12.317,9,23543.2,13147.7,15.0,23529.0,13148.7,26.3,23550.6,13164.6,22.6,1.1
12.317,10,23522.9,14596.8,15.0,23532.9,14587.2,23.3,23507.6,14580.7,32.1,1.0
12.317,11,23604.0,14549.2,15.0,23614.5,14543.7,22.7,23589.6,14529.0,34.2,1.1
12.317,12,23485.3,14826.7,15.0,23503.1,14847.7,22.1,23477.1,14786.7,28.3,1.5
12.317,13,23608.1,14483.6,15.0,23618.3,14477.4,22.6,23593.4,14464.2,33.3,1.2
12.333,0,23010.6,15306.6,15.0,22987.8,15323.6,22.0,23047.8,15298.8,26.8,1.3
12.333,1,22842.0,15205.7,15.0,22862.7,15220.7,33.0,22846.9,15195.3,22.3,1.3
12.333,2,22813.5,15290.9,15.0,22811.7,15303.5,22.3,22850.0,15276.1,44.2,1.3
12.333,3,22970.1,15297.0,15.0,23019.8,15312.5,55.4,22966.0,15281.9,23.3,0.9
12.333,4,23589.8,13436.8,15.0,23578.8,13441.3,22.9,23604.3,13459.2,36.0,0.9
12.333,5,23643.6,13060.6,15.0,23633.5,13066.7,22.4,23658.5,13079.9,32.4,1.3
12.333,6,23547.5,13232.7,15.0,23533.8,13280.1,48.8,23562.6,13225.9,22.7,1.0
12.333,7,22393.2,15259.3,15.0,22416.3,15275.1,33.9,22397.3,15248.1,22.3,1.5
12.333,8,23524.2,14736.0,15.0,23513.2,14742.0,23.3,23540.8,14757.1,36.3,1.0
12.333,9,23543.2,13145.8,15.0,23529.1,13140.4,24.9,23550.2,13165.3,22.6,1.1
12.333,10,23522.9,14598.5,15.0,23532.2,14586.4,23.2,23507.6,14585.9,30.7,1.0
12.333,11,23604.0,14551.1,15.0,23613.8,14543.3,22.7,23589.5,14534.1,32.0,1.1
12.333,12,23485.3,14829.1,15.0,23503.3,14849.6,22.4,23476.4,14785.4,31.5,1.5
12.333,13,23608.1,14485.5,15.0,23617.6,14477.1,22.7,23593.3,14469.4,31.3,1.2
12.350,0,23008.4,15306.6,15.0,22986.2,15323.9,22.2,23049.2,15298.2,29.7,1.3
12.350,1,22839.7,15205.7,15.0,22857.3,15220.8,31.3,22847.1,15196.0,22.2,1.3
12.350,2,22811.2,15290.9,15.0,22811.0,15302.9,22.2,22842.3,15276.2,39.8,1.3
12.350,3,22968.6,15297.0,15.0,23016.5,15312.6,54.9,22965.8,15282.4,23.3,0.9
12.350,4,23589.8,13435.4,15.0,23579.4,13441.6,22.9,23604.3,13455.0,34.1,0.9
12.350,5,23643.6,13058.5,15.0,23634.2,13067.1,22.3,23658.5,13074.5,30.8,1.3
12.350,6,23547.5,13230.9,15.0,23533.3,13278.6,51.5,23562.1,13225.5,22.7,1.0
12.350,7,22390.8,15259.3,15.0,22410.7,15275.2,32.2,22397.6,15248.9,22.3,1.5
12.350,8,23524.0,14734.3,15.0,23514.0,14742.5,23.3,23540.5,14752.2,34.0,1.0
12.350,9,23543.2,13144.0,15.0,23529.2,13131.2,23.7,23549.8,13165.9,22.6,1.1
12.350,10,23522.9,14600.2,15.0,23531.6,14585.5,23.3,23507.5,14591.0,29.6,1.0
12.350,11,23604.0,14552.9,15.0,23613.1,14542.7,22.7,23589.4,14539.3,30.4,1.1
12.350,12,23485.3,14831.5,15.0,23503.4,14850.4,22.7,23475.7,14784.5,35.3,1.5
12.350,13,23608.1,14487.4,15.0,23616.9,14476.4,22.6,23593.3,14474.7,30.0,1.2
12.367,0,23006.1,15306.6,15.0,22985.2,15324.1,22.4,23050.2,15297.5,33.1,1.3
12.367,1,22837.5,15205.7,15.0,22851.8,15220.8,30.0,22847.6,15196.7,22.2,1.3
12.367,2,22809.0,15290.9,15.0,22810.6,15302.2,22.2,22834.2,15276.5,35.9,1.3
12.367,3,22967.2,15297.0,15.0,23012.6,15312.7,53.2,22965.6,15282.9,23.3,0.9
12.367,4,23589.8,13434.0,15.0,23579.9,13442.0,22.9,23604.4,13451.0,32.4,0.9
12.367,5,23643.6,13056.4,15.0,23634.9,13067.7,22.3,23658.6,13069.0,29.6,1.3
12.367,6,23547.5,13229.2,15.0,23532.9,13275.9,52.7,23561.6,13225.2,22.7,1.0
12.367,7,22388.4,15259.3,15.0,22404.9,15275.3,31.0,22398.0,15249.7,22.2,1.5
12.367,8,23523.9,14732.5,15.0,23514.7,14743.0,23.3,23540.3,14747.2,32.0,1.0
12.367,9,23543.2,13142.1,15.0,23529.2,13122.8,23.3,23549.6,13166.4,22.6,1.1
12.367,10,23522.9,14601.9,15.0,23531.0,14584.6,23.2,23507.6,14598.5,27.7,1.0
12.367,11,23604.0,14554.8,15.0,23612.4,14542.0,22.7,23589.4,14544.5,29.2,1.1
12.367,12,23485.3,14833.9,15.0,23503.5,14851.0,23.1,23474.8,14783.9,39.3,1.5
12.367,13,23608.1,14489.4,15.0,23616.3,14475.7,22.6,23593.2,14480.4,28.7,1.2
12.383,0,23003.9,15306.6,15.0,22985.0,15324.2,22.7,23050.8,15296.8,36.8,1.3
12.383,1,22835.3,15205.7,15.0,22845.2,15220.8,28.4,22848.1,15197.4,22.1,1.3
12.383,2,22806.8,15290.9,15.0,22810.6,15301.4,22.1,22828.5,15276.4,33.5,1.3
12.383,3,22965.8,15297.0,15.0,23006.9,15312.6,49.5,22965.4,15283.5,23.3,0.9
12.383,4,23589.8,13432.6,15.0,23580.5,13442.4,22.9,23604.4,13446.9,30.9,0.9
12.383,5,23643.6,13054.2,15.0,23635.5,13068.3,22.3,23658.5,13061.8,27.8,1.3
12.383,6,23547.5,13227.5,15.0,23532.7,13272.1,52.1,23561.1,13224.8,22.7,1.0
12.383,7,22386.0,15259.3,15.0,22397.5,15275.2,29.1,22398.6,15250.4,22.2,1.5
12.383,8,23523.8,14730.8,15.0,23515.4,14743.8,23.2,23540.0,14741.9,30.6,1.0
12.383,9,23543.2,13140.3,15.0,23529.0,13116.8,23.1,23549.5,13166.7,22.6,1.1
12.383,10,23522.9,14603.6,15.0,23530.5,14583.8,23.3,23507.8,14606.5,26.3,1.0
12.383,11,23604.0,14556.6,15.0,23611.8,14541.3,22.7,23589.4,14551.4,27.5,1.1
12.383,12,23485.3,14836.4,15.0,23503.4,14851.3,23.4,23474.0,14784.8,41.8,1.5
12.383,13,23608.1,14491.3,15.0,23615.8,14475.0,22.6,23593.4,14488.4,26.8,1.2
12.400,0,23001.7,15306.6,15.0,22984.9,15324.2,22.9,23050.5,15296.0,39.8,1.3
12.400,1,22833.1,15205.7,15.0,22837.0,15220.6,26.6,22848.7,15197.9,22.1,1.3
12.400,2,22804.6,15290.9,15.0,22810.6,15300.7,22.1,22823.3,15276.3,31.5,1.3
12.400,3,22964.4,15297.0,15.0,23001.0,15312.5,46.1,22965.2,15284.0,23.3,0.9
12.400,4,23589.8,13431.2,15.0,23581.0,13443.0,22.9,23604.5,13442.8,29.9,0.9
12.400,5,23643.6,13052.1,15.0,23636.0,13068.9,22.3,23658.4,13053.6,26.2,1.3
12.400,6,23547.5,13225.7,15.0,23532.7,13267.3,50.1,23560.5,13224.4,22.7,1.0
12.400,7,22383.5,15259.3,15.0,22388.9,15275.1,27.3,22399.3,15251.0,22.2,1.5
12.400,8,23523.7,14729.0,15.0,23516.1,14744.6,23.3,23539.7,14736.6,29.4,1.0
12.400,9,23543.2,13138.4,15.0,23528.7,13111.9,23.0,23549.4,13166.8,22.7,1.1
12.400,10,23522.9,14605.3,15.0,23530.1,14583.0,23.2,23507.9,14615.4,24.9,1.0
12.400,11,23604.0,14558.5,15.0,23611.3,14540.5,22.7,23589.6,14559.5,26.0,1.1
12.400,12,23485.3,14838.8,15.0,23503.2,14851.6,23.6,23473.1,14785.9,44.2,1.5
12.400,13,23608.1,14493.3,15.0,23615.3,14474.3,22.6,23593.5,14496.8,25.4,1.2
12.417,0,22999.5,15306.6,15.0,22985.0,15324.0,23.0,23049.5,15295.2,42.1,1.3
12.417,1,22830.9,15205.7,15.0,22828.1,15220.5,24.9,22849.3,15198.4,22.2,1.3
12.417,2,22802.4,15290.9,15.0,22810.9,15300.0,22.0,22817.9,15276.3,30.2,1.3
12.417,3,22963.0,15297.0,15.0,22994.9,15312.4,42.4,22965.3,15284.6,23.3,0.9
12.417,4,23589.8,13429.7,15.0,23581.5,13443.6,22.9,23604.5,13438.6,29.0,0.9
12.417,5,23643.6,13050.0,15.0,23636.4,13069.5,22.3,23658.3,13044.4,24.4,1.3
12.417,6,23547.5,13224.0,15.0,23532.8,13260.7,46.0,23559.9,13224.1,22.7,1.0
12.417,7,22381.1,15259.3,15.0,22379.4,15275.0,25.2,22399.8,15251.4,22.2,1.5
12.417,8,23523.6,14727.3,15.0,23516.7,14745.5,23.2,23539.0,14728.6,27.5,1.0
12.417,9,23543.2,13136.6,15.0,23528.3,13109.5,22.7,23549.5,13166.6,23.0,1.1
12.417,10,23522.9,14607.0,15.0,23529.8,14582.2,23.3,23508.0,14624.6,24.2,1.0
12.417,11,23604.0,14560.4,15.0,23610.9,14539.9,22.7,23589.7,14568.3,24.5,1.1
12.417,12,23485.3,14841.2,15.0,23503.0,14852.4,23.7,23472.4,14788.2,45.2,1.5
12.417,13,23608.1,14495.2,15.0,23614.9,14473.6,22.6,23593.6,14506.2,24.0,1.2
12.433,0,22997.2,15306.7,15.0,22984.8,15323.8,23.2,23047.8,15294.5,43.6,1.3
12.433,1,22828.6,15205.7,15.0,22818.5,15220.4,23.5,22849.7,15198.8,22.2,1.3
12.433,2,22800.2,15290.9,15.0,22811.4,15299.4,22.0,22812.4,15276.2,29.1,1.3
12.433,3,22961.6,15297.0,15.0,22988.4,15312.3,39.0,22965.3,15285.1,23.3,0.9
12.433,4,23589.8,13428.3,15.0,23582.0,13444.2,22.9,23604.4,13432.8,27.5,0.9
12.433,5,23643.6,13047.8,15.0,23636.8,13070.0,22.4,23658.2,13034.8,23.4,1.3
12.433,6,23547.5,13222.3,15.0,23533.0,13253.8,42.0,23559.3,13223.8,22.7,1.0
12.433,7,22378.7,15259.3,15.0,22369.3,15274.9,23.7,22400.4,15251.8,22.3,1.5
12.433,8,23523.5,14725.6,15.0,23517.3,14746.4,23.3,23538.4,14720.5,26.2,1.0
12.433,9,23543.2,13134.8,15.0,23527.9,13107.4,22.6,23549.7,13166.6,23.5,1.1
12.433,10,23522.9,14608.7,15.0,23529.7,14581.7,23.2,23507.9,14631.7,23.9,1.0
12.433,11,23604.0,14562.2,15.0,23610.6,14539.2,22.7,23589.8,14577.6,23.7,1.1
12.433,12,23485.3,14843.6,15.0,23502.7,14853.4,23.7,23471.7,14790.6,46.2,1.5
12.433,13,23608.1,14497.1,15.0,23614.6,14473.1,22.7,23593.6,14515.1,23.4,1.2
12.450,0,22995.0,15306.7,15.0,22984.4,15323.5,23.2,23045.5,15293.8,44.4,1.3
12.450,1,22826.4,15205.7,15.0,22810.7,15220.4,22.7,22850.1,15199.0,22.2,1.3
12.450,2,22797.9,15290.9,15.0,22811.9,15298.8,22.0,22804.6,15276.3,27.1,1.3
12.450,3,22960.2,15297.0,15.0,22982.3,15312.2,36.2,22965.5,15285.7,23.3,0.9
12.450,4,23589.8,13426.9,15.0,23582.4,13444.9,22.9,23604.3,13426.5,26.3,0.9
12.450,5,23643.6,13045.7,15.0,23637.0,13070.3,22.4,23658.3,13027.8,22.7,1.3
12.450,6,23547.5,13220.5,15.0,23533.2,13246.5,37.9,23558.6,13223.8,22.7,1.0
12.450,7,22376.3,15259.3,15.0,22361.8,15275.0,22.7,22400.7,15252.1,22.3,1.5
12.450,8,23523.4,14723.8,15.0,23517.7,14747.1,23.2,23537.7,14711.3,24.7,1.0
12.450,9,23543.2,13132.9,15.0,23527.5,13105.8,22.6,23550.0,13167.0,24.8,1.1
12.450,10,23522.9,14610.4,15.0,23529.6,14581.2,23.3,23507.7,14637.6,23.8,1.0
12.450,11,23604.0,14564.1,15.0,23610.4,14538.8,22.7,23589.7,14585.0,23.3,1.1
12.450,12,23485.3,14846.0,15.0,23502.4,14855.1,23.6,23471.0,14793.1,48.3,1.5
12.450,13,23608.1,14499.1,15.0,23614.5,14472.8,22.7,23593.4,14521.3,23.0,1.2
12.467,0,22992.8,15306.7,15.0,22983.5,15323.2,23.2,23043.2,15293.2,45.9,1.3
12.467,1,22824.2,15205.7,15.0,22804.1,15220.6,22.2,22850.3,15199.1,22.3,1.3
12.467,2,22795.7,15290.9,15.0,22812.4,15298.3,22.0,22796.4,15276.4,25.6,1.3
12.467,3,22958.7,15297.0,15.0,22978.3,15312.2,34.3,22965.9,15286.3,23.3,0.9
12.467,4,23589.8,13425.5,15.0,23582.7,13445.5,22.9,23604.3,13419.8,25.2,0.9
12.467,5,23643.6,13043.6,15.0,23637.1,13070.6,22.5,23658.6,13021.3,22.4,1.3
12.467,6,23547.5,13218.8,15.0,23533.3,13239.3,34.7,23557.9,13223.9,22.7,1.0
12.467,7,22373.9,15259.3,15.0,22354.8,15275.2,22.2,22401.0,15252.2,22.5,1.5
12.467,8,23523.3,14722.1,15.0,23518.0,14747.9,23.3,23537.0,14701.9,24.2,1.0
12.467,9,23543.2,13131.1,15.0,23527.1,13104.5,22.6,23550.4,13167.6,26.5,1.1
12.467,10,23522.9,14612.1,15.0,23529.6,14581.1,23.4,23507.3,14641.5,23.7,1.0
12.467,11,23604.0,14566.0,15.0,23610.3,14538.5,22.7,23589.5,14591.0,23.1,1.1
12.467,12,23485.3,14848.4,15.0,23502.0,14856.7,23.5,23470.3,14795.4,50.6,1.5
12.467,13,23608.1,14501.0,15.0,23614.4,14472.6,22.8,23593.2,14526.8,22.9,1.2
12.483,0,22990.6,15306.7,15.0,22982.4,15322.9,23.1,23040.7,15292.6,47.9,1.3
12.483,1,22822.0,15205.7,15.0,22800.0,15220.9,22.0,22850.2,15199.1,22.6,1.3
12.483,2,22793.5,15290.9,15.0,22812.8,15297.9,22.0,22787.1,15276.6,23.8,1.3
12.483,3,22957.3,15297.0,15.0,22974.2,15312.3,32.6,22966.4,15286.9,23.3,0.9
12.483,4,23589.8,13424.1,15.0,23583.0,13446.0,22.9,23604.2,13412.5,24.2,0.9
12.483,5,23643.6,13041.4,15.0,23637.0,13070.4,22.7,23658.9,13018.0,22.1,1.3
12.483,6,23547.5,13217.1,15.0,23533.2,13234.7,32.6,23557.3,13224.2,22.7,1.0
12.483,7,22371.5,15259.3,15.0,22351.4,15275.6,21.9,22400.8,15252.2,22.8,1.5
12.483,8,23523.2,14720.4,15.0,23518.2,14748.3,23.3,23536.8,14695.5,23.9,1.0
12.483,9,23543.2,13129.2,15.0,23526.8,13103.5,22.6,23550.9,13168.9,29.3,1.1
12.483,10,23522.9,14613.8,15.0,23529.7,14581.1,23.6,23506.9,14643.7,23.4,1.0
12.483,11,23604.0,14567.8,15.0,23610.3,14538.5,22.9,23589.1,14594.8,23.0,1.1
12.483,12,23485.3,14850.9,15.0,23501.6,14858.3,23.3,23469.7,14797.4,53.7,1.5
12.483,13,23608.1,14503.0,15.0,23614.5,14472.7,23.0,23592.7,14529.3,22.6,1.2
12.500,0,22988.4,15306.7,15.0,22981.1,15322.5,23.0,23038.8,15291.9,50.5,1.3
12.500,1,22819.7,15205.6,15.0,22797.0,15221.3,21.7,22849.9,15199.0,22.9,1.3
12.500,2,22791.3,15290.9,15.0,22813.2,15297.6,22.1,22777.9,15276.6,22.9,1.3
12.500,3,22955.9,15297.1,15.0,22970.0,15312.4,31.3,22967.0,15287.4,23.3,0.9
12.500,4,23589.8,13422.7,15.0,23583.2,13446.6,22.9,23604.1,13405.1,23.8,0.9
12.500,5,23643.6,13039.3,15.0,23636.9,13070.2,23.1,23659.4,13015.2,21.9,1.3
12.500,6,23547.5,13215.4,15.0,23533.1,13229.8,30.8,23556.6,13224.6,22.7,1.0
12.500,7,22369.0,15259.3,15.0,22348.0,15276.0,21.6,22400.7,15252.1,23.3,1.5
12.500,8,23523.1,14718.6,15.0,23518.2,14748.8,23.3,23536.7,14689.5,23.9,1.0
12.500,9,23543.2,13127.4,15.0,23526.5,13103.0,22.6,23551.6,13169.9,32.3,1.1
12.500,10,23522.9,14615.5,15.0,23529.9,14580.9,24.3,23506.4,14645.5,23.3,1.0
12.500,11,23604.0,14569.7,15.0,23610.5,14538.6,23.2,23588.7,14597.2,22.7,1.1
12.500,12,23485.3,14853.3,15.0,23501.1,14860.0,23.2,23469.2,14800.4,55.4,1.5
12.500,13,23608.1,14504.9,15.0,23614.7,14472.8,23.5,23592.3,14531.7,22.4,1.2
12.517,0,22986.1,15306.7,15.0,22979.9,15322.0,22.9,23036.9,15291.4,53.6,1.3
12.517,1,22817.5,15205.6,15.0,22794.7,15221.7,21.7,22850.1,15198.8,24.0,1.3
12.517,2,22789.1,15290.9,15.0,22813.4,15297.4,22.1,22771.6,15276.4,22.2,1.3
12.517,3,22954.5,15297.1,15.0,22965.7,15312.5,30.3,22967.7,15288.0,23.3,0.9
12.517,4,23589.8,13421.2,15.0,23583.4,13446.9,22.9,23604.2,13399.6,23.5,0.9
12.517,5,23643.6,13037.2,15.0,23636.7,13070.5,24.4,23659.7,13013.2,21.9,1.3
12.517,6,23547.5,13213.6,15.0,23533.1,13224.8,29.5,23556.0,13225.3,22.7,1.0
12.517,7,22366.6,15259.3,15.0,22345.6,15276.4,21.8,22401.1,15251.8,24.8,1.5
12.517,8,23523.0,14716.9,15.0,23518.2,14748.8,23.5,23537.0,14686.5,23.7,1.0
12.517,9,23543.2,13125.5,15.0,23526.4,13103.4,22.6,23552.3,13170.6,35.8,1.1
12.517,10,23522.9,14617.2,15.0,23530.2,14580.4,25.6,23506.0,14646.9,23.3,1.0
12.517,11,23604.0,14571.5,15.0,23610.7,14538.4,24.1,23588.3,14599.0,22.6,1.1
12.517,12,23485.3,14855.7,15.0,23500.6,14861.7,23.0,23468.9,14805.0,54.8,1.5
12.517,13,23608.1,14506.8,15.0,23615.0,14472.4,24.9,23591.9,14533.4,22.5,1.2
12.533,0,22983.9,15306.7,15.0,22978.6,15321.5,22.8,23033.0,15291.1,53.6,1.3
12.533,1,22815.3,15205.6,15.0,22792.5,15222.0,21.8,22850.4,15198.5,25.5,1.3
12.533,2,22786.9,15290.9,15.0,22813.4,15297.3,22.2,22765.7,15276.2,21.9,1.3
12.533,3,22953.1,15297.1,15.0,22961.0,15312.5,29.2,22968.4,15288.5,23.3,0.9
12.533,4,23589.8,13419.8,15.0,23583.4,13447.2,22.9,23604.3,13394.8,23.4,0.9
12.533,5,23643.6,13035.1,15.0,23636.3,13070.8,25.8,23660.1,13011.1,22.0,1.3
12.533,6,23547.5,13211.9,15.0,23533.1,13219.7,28.3,23555.4,13226.0,22.7,1.0
12.533,7,22364.2,15259.3,15.0,22343.2,15276.7,22.0,22401.7,15251.4,26.6,1.5
12.533,8,23522.9,14715.2,15.0,23518.0,14748.8,23.7,23537.3,14684.2,23.4,1.0
12.533,9,23543.2,13123.7,15.0,23526.4,13104.0,22.7,23553.0,13170.6,38.9,1.1
12.533,10,23522.9,14618.9,15.0,23530.6,14579.6,27.4,23505.6,14648.0,23.3,1.0
12.533,11,23604.0,14573.4,15.0,23611.0,14538.1,25.4,23587.9,14600.6,22.6,1.1
12.533,12,23485.3,14858.1,15.0,23500.0,14862.8,22.9,23468.8,14811.1,52.0,1.5
12.533,13,23608.1,14508.8,15.0,23615.4,14471.8,26.6,23591.5,14534.9,22.5,1.2
12.550,0,22981.7,15306.7,15.0,22977.5,15321.0,22.7,23028.6,15290.9,53.0,1.3
12.550,1,22813.1,15205.6,15.0,22790.8,15222.3,22.0,22851.6,15198.0,28.0,1.3
12.550,2,22784.6,15290.9,15.0,22813.2,15297.4,22.6,22762.8,15275.8,21.7,1.3
12.550,3,22951.7,15297.1,15.0,22954.5,15312.4,27.6,22969.2,15288.9,23.3,0.9
12.550,4,23589.8,13418.4,15.0,23583.5,13447.4,22.9,23604.5,13390.6,23.5,0.9
12.550,5,23643.6,13032.9,15.0,23635.8,13072.2,28.6,23660.4,13009.7,22.2,1.3
12.550,6,23547.5,13210.2,15.0,23533.2,13212.1,26.6,23554.9,13226.7,22.7,1.0
12.550,8,23522.8,14713.4,15.0,23517.8,14749.2,24.8,23537.7,14682.6,23.3,1.0
12.550,9,23543.2,13121.8,15.0,23526.5,13104.9,22.7,23553.7,13169.7,41.0,1.1
12.550,10,23522.9,14620.7,15.0,23531.1,14578.1,30.2,23505.3,14648.8,23.3,1.0
12.550,11,23604.0,14575.3,15.0,23611.5,14537.0,27.7,23587.5,14601.8,22.7,1.1
12.550,12,23485.3,14860.5,15.0,23499.3,14863.9,22.8,23469.0,14818.9,47.3,1.5
12.550,13,23608.1,14510.7,15.0,23615.9,14470.4,29.4,23591.2,14536.0,22.6,1.2
12.567,0,22979.5,15306.7,15.0,22976.6,15320.4,22.6,23021.7,15291.0,48.8,1.3
12.567,1,22810.9,15205.6,15.0,22789.2,15222.6,22.2,22852.8,15197.4,31.0,1.3
12.567,2,22782.4,15290.9,15.0,22813.0,15297.6,23.2,22760.1,15275.4,21.5,1.3
12.567,3,22950.2,15297.1,15.0,22947.8,15312.3,26.5,22969.9,15289.4,23.3,0.9
12.567,4,23589.8,13417.0,15.0,23583.4,13447.3,23.1,23604.9,13388.7,23.2,0.9
12.567,5,23643.6,13030.8,15.0,23635.2,13073.3,31.6,23660.6,13008.4,22.3,1.3
12.567,6,23547.5,13208.4,15.0,23533.3,13204.4,25.4,23554.4,13227.5,22.7,1.0
12.567,8,23522.7,14711.7,15.0,23517.5,14749.7,26.1,23538.0,14681.2,23.3,1.0
12.567,9,23543.2,13120.0,15.0,23526.6,13105.6,22.7,23554.4,13168.4,42.6,1.1
12.567,10,23522.9,14622.4,15.0,23531.8,14576.9,33.3,23505.1,14649.2,23.3,1.0
12.567,11,23604.0,14577.1,15.0,23612.0,14535.7,30.5,23587.2,14602.7,22.7,1.1
12.567,12,23485.3,14862.9,15.0,23498.6,14864.8,22.6,23469.2,14827.1,42.6,1.5
12.567,13,23608.1,14512.7,15.0,23616.6,14469.4,32.5,23591.0,14536.7,22.6,1.2
12.583,0,22977.3,15306.7,15.0,22975.8,15319.7,22.6,23014.0,15291.2,44.6,1.3
12.583,1,22808.6,15205.6,15.0,22788.9,15222.7,22.4,22853.5,15196.6,34.6,1.3
12.583,2,22780.2,15290.9,15.0,22813.3,15297.8,24.5,22757.9,15275.0,21.6,1.3
12.583,3,22948.8,15297.1,15.0,22940.6,15312.3,25.3,22970.6,15289.7,23.3,0.9
12.583,4,23589.8,13415.6,15.0,23583.3,13447.2,23.3,23605.2,13386.9,23.0,0.9
12.583,5,23643.6,13028.7,15.0,23634.4,13074.0,35.1,23660.8,13008.3,22.5,1.3
12.583,6,23547.5,13206.7,15.0,23533.4,13195.7,24.0,23554.1,13228.1,22.7,1.0
12.583,8,23522.6,14710.0,15.0,23517.0,14750.9,28.4,23538.3,14680.2,23.3,1.0
12.583,9,23543.2,13118.1,15.0,23526.9,13106.0,22.7,23555.0,13166.3,43.3,1.1
12.583,10,23522.9,14624.1,15.0,23532.5,14576.1,36.7,23504.9,14648.6,23.2,1.0
12.583,11,23604.0,14579.0,15.0,23612.7,14534.9,33.8,23587.0,14602.7,22.7,1.1
12.583,12,23485.3,14865.4,15.0,23497.8,14865.3,22.6,23469.4,14835.9,38.3,1.5
12.583,13,23608.1,14514.6,15.0,23617.3,14468.7,36.0,23590.9,14536.4,22.7,1.2
12.600,0,22975.0,15306.8,15.0,22975.2,15319.0,22.5,23006.1,15291.4,39.9,1.3
12.600,1,22806.4,15205.6,15.0,22788.6,15222.8,22.7,22853.9,15195.8,38.3,1.3
12.600,2,22778.0,15290.9,15.0,22813.9,15298.2,26.4,22756.0,15274.7,21.8,1.3
12.600,3,22947.4,15297.1,15.0,22932.9,15312.2,24.4,22971.2,15290.0,23.3,0.9
12.600,4,23589.8,13414.2,15.0,23583.1,13447.4,24.0,23605.6,13385.5,22.9,0.9
12.600,5,23643.6,13026.5,15.0,23633.6,13074.2,38.7,23660.8,13008.2,22.7,1.3
12.600,6,23547.5,13205.0,15.0,23533.5,13186.8,23.6,23553.8,13228.7,22.7,1.0
12.600,8,23522.5,14708.2,15.0,23516.5,14752.3,31.3,23538.6,14679.5,23.3,1.0
12.600,9,23543.2,13116.3,15.0,23527.2,13106.2,22.7,23555.6,13164.2,44.3,1.1
12.600,10,23522.9,14625.8,15.0,23533.3,14575.7,40.2,23504.8,14647.9,23.3,1.0
12.600,11,23604.0,14580.8,15.0,23613.5,14534.3,37.4,23586.9,14602.3,22.7,1.1
12.600,12,23485.3,14867.8,15.0,23497.1,14865.4,22.5,23469.4,14842.3,35.5,1.5
12.600,13,23608.1,14516.5,15.0,23618.1,14468.6,39.3,23590.8,14536.0,22.8,1.2
12.617,0,22972.8,15306.8,15.0,22974.9,15318.3,22.5,22997.7,15291.6,36.1,1.3
12.617,1,22804.2,15205.6,15.0,22788.7,15222.7,22.8,22853.0,15195.1,40.6,1.3
12.617,2,22775.8,15290.9,15.0,22815.1,15298.8,29.2,22754.4,15274.5,21.9,1.3
12.617,3,22946.0,15297.1,15.0,22925.4,15312.2,24.2,22971.8,15290.2,23.3,0.9
12.617,4,23589.8,13412.7,15.0,23582.9,13447.7,25.1,23605.9,13384.4,22.9,0.9
12.617,5,23643.6,13024.4,15.0,23632.9,13073.3,40.9,23660.7,13008.6,22.8,1.3
12.617,6,23547.5,13203.2,15.0,23533.3,13180.8,23.2,23553.7,13229.0,22.7,1.0
12.617,8,23522.4,14706.5,15.0,23515.8,14753.4,34.6,23538.9,14679.5,23.3,1.0
12.617,9,23543.2,13114.4,15.0,23527.6,13105.9,22.7,23556.2,13162.0,46.1,1.1
12.617,10,23522.9,14627.5,15.0,23534.0,14576.5,42.3,23504.9,14646.8,23.2,1.0
12.617,11,23604.0,14582.7,15.0,23614.2,14534.7,40.0,23586.9,14601.6,22.8,1.1
12.617,12,23485.3,14870.2,15.0,23496.3,14865.3,22.4,23469.3,14847.9,33.4,1.5
12.617,13,23608.1,14518.5,15.0,23618.8,14469.5,41.4,23590.9,14535.2,22.8,1.2
12.633,0,22970.6,15306.8,15.0,22975.0,15317.5,22.4,22992.5,15291.6,33.8,1.3
12.633,1,22802.0,15205.6,15.0,22788.7,15222.5,23.0,22851.8,15194.3,42.8,1.3
12.633,2,22773.5,15290.9,15.0,22815.9,15299.4,32.4,22753.3,15274.3,22.1,1.3
12.633,3,22944.6,15297.1,15.0,22920.5,15312.4,23.9,22972.2,15290.3,23.3,0.9
12.633,4,23589.8,13411.3,15.0,23582.6,13448.1,26.2,23606.2,13383.3,22.9,0.9
12.633,5,23643.6,13022.3,15.0,23632.1,13072.0,42.9,23660.6,13008.8,23.0,1.3
12.633,6,23547.5,13201.5,15.0,23533.1,13175.1,23.3,23553.6,13229.3,22.7,1.0
12.633,8,23522.3,14704.8,15.0,23515.1,14754.2,38.2,23539.1,14680.2,23.3,1.0
12.633,9,23543.2,13112.6,15.0,23528.0,13105.5,22.7,23556.8,13160.0,48.2,1.1
12.633,10,23522.9,14629.2,15.0,23534.7,14577.3,44.4,23505.1,14645.6,23.3,1.0
12.633,11,23604.0,14584.6,15.0,23615.0,14535.7,42.1,23587.0,14600.7,22.8,1.1
12.633,12,23485.3,14872.6,15.0,23495.5,14864.9,22.3,23469.2,14853.6,31.9,1.5
12.633,13,23608.1,14520.4,15.0,23619.5,14470.9,43.2,23591.1,14534.6,22.9,1.2
12.650,0,22968.4,15306.8,15.0,22975.1,15316.8,22.3,22987.1,15291.5,31.9,1.3
12.650,1,22799.8,15205.6,15.0,22788.3,15222.3,23.1,22849.6,15193.6,43.6,1.3
12.650,2,22771.3,15290.9,15.0,22816.4,15300.2,35.9,22753.0,15274.2,22.3,1.3
12.650,3,22943.2,15297.1,15.0,22915.6,15312.6,23.8,22972.6,15290.4,23.3,0.9
12.650,4,23589.8,13409.9,15.0,23582.2,13449.2,28.3,23606.5,13382.6,22.9,0.9
12.650,5,23643.6,13020.1,15.0,23631.5,13069.8,43.7,23660.3,13008.5,23.0,1.3
12.650,6,23547.5,13199.8,15.0,23532.7,13172.2,23.1,23553.7,13229.2,22.9,1.0
12.650,8,23522.2,14703.0,15.0,23514.3,14754.1,41.1,23539.1,14681.1,23.2,1.0
12.650,9,23543.2,13110.7,15.0,23528.5,13105.1,22.7,23557.4,13158.4,51.1,1.1
12.650,10,23522.9,14630.9,15.0,23535.3,14579.2,45.1,23505.3,14645.0,23.2,1.0
12.650,11,23604.0,14586.4,15.0,23615.6,14537.4,43.3,23587.3,14600.1,22.8,1.1
12.650,12,23485.3,14875.0,15.0,23494.7,14864.3,22.3,23469.1,14859.4,30.8,1.5
12.650,13,23608.1,14522.3,15.0,23620.2,14473.0,43.9,23591.4,14534.4,22.9,1.2
12.667,0,22966.1,15306.8,15.0,22975.7,15316.1,22.3,22981.6,15291.5,30.6,1.3
12.667,1,22797.5,15205.6,15.0,22787.7,15222.0,23.1,22847.3,15193.0,44.5,1.3
12.667,2,22769.1,15290.9,15.0,22816.1,15301.0,38.9,22752.9,15274.2,22.6,1.3
12.667,3,22941.7,15297.1,15.0,22912.4,15312.9,23.8,22972.7,15290.3,23.4,0.9
12.667,4,23589.8,13408.5,15.0,23581.7,13450.2,30.6,23606.7,13382.0,22.9,0.9
12.667,5,23643.6,13018.0,15.0,23630.8,13067.6,44.7,23660.0,13008.1,23.0,1.3
12.667,6,23547.5,13198.0,15.0,23532.3,13170.0,22.8,23553.8,13229.0,23.1,1.0
12.667,8,23522.1,14701.3,15.0,23513.5,14753.4,43.3,23539.1,14682.3,23.2,1.0
12.667,9,23543.2,13108.9,15.0,23529.0,13104.6,22.7,23557.8,13155.9,52.7,1.1
12.667,10,23522.9,14632.6,15.0,23535.9,14581.2,45.7,23505.6,14644.4,23.3,1.0
12.667,11,23604.0,14588.3,15.0,23616.2,14539.5,43.9,23587.6,14599.7,22.8,1.1
12.667,12,23485.3,14877.4,15.0,23494.1,14863.7,22.2,23469.3,14867.7,28.6,1.5
12.667,13,23608.1,14524.3,15.0,23620.8,14475.2,45.0,23591.7,14534.4,22.9,1.2
12.683,0,22963.9,15306.8,15.0,22976.2,15315.4,22.3,22975.5,15291.5,29.2,1.3
12.683,1,22795.3,15205.6,15.0,22786.6,15221.6,23.0,22844.9,15192.3,46.4,1.3
12.683,2,22766.9,15290.9,15.0,22815.0,15301.7,41.1,22752.9,15274.3,22.7,1.3
12.683,3,22940.3,15297.1,15.0,22910.5,15313.2,23.5,22972.7,15290.3,23.6,0.9
12.683,4,23589.8,13407.1,15.0,23581.2,13451.0,33.2,23606.9,13381.9,22.9,0.9
12.683,5,23643.6,13015.9,15.0,23630.2,13065.2,46.6,23659.6,13007.2,23.0,1.3
12.683,6,23547.5,13196.3,15.0,23531.9,13168.4,22.7,23554.0,13229.3,24.1,1.0
12.683,8,23522.0,14699.6,15.0,23512.7,14752.0,44.8,23538.9,14683.2,23.3,1.0
12.683,9,23543.2,13107.0,15.0,23529.6,13104.0,22.7,23558.0,13151.9,52.1,1.1
12.683,10,23522.9,14634.3,15.0,23536.5,14583.2,47.4,23506.0,14644.3,23.3,1.0
12.683,11,23604.0,14590.2,15.0,23616.8,14541.6,45.4,23587.9,14599.8,22.8,1.1
12.683,12,23485.3,14879.9,15.0,23493.5,14863.1,22.3,23469.4,14876.5,26.8,1.5
12.683,13,23608.1,14526.2,15.0,23621.4,14477.4,46.8,23592.1,14534.9,22.9,1.2
12.700,0,22961.7,15306.8,15.0,22976.8,15314.8,22.2,22967.3,15291.6,27.3,1.3
12.700,1,22793.1,15205.6,15.0,22785.4,15221.3,23.0,22842.6,15191.7,48.5,1.3
12.700,2,22764.7,15290.9,15.0,22813.2,15302.4,42.5,22752.7,15274.5,22.8,1.3
12.700,3,22938.9,15297.1,15.0,22908.7,15313.6,23.3,22972.7,15290.1,23.8,0.9
12.700,4,23589.8,13405.7,15.0,23580.6,13451.6,35.9,23607.0,13382.4,22.9,0.9
12.700,5,23643.6,13013.7,15.0,23629.6,13063.0,48.8,23659.3,13006.3,22.9,1.3
12.700,6,23547.5,13194.6,15.0,23531.5,13167.0,22.7,23554.3,13229.6,25.4,1.0
12.700,8,23521.9,14697.8,15.0,23511.9,14750.0,45.4,23538.7,14683.9,23.3,1.0
12.700,9,23543.2,13105.2,15.0,23530.2,13103.6,22.7,23558.1,13147.0,50.1,1.1
12.700,10,23522.9,14636.0,15.0,23537.1,14585.3,49.2,23506.4,14644.4,23.3,1.0
12.700,11,23604.0,14592.0,15.0,23617.4,14543.8,47.2,23588.3,14600.1,22.8,1.1
12.700,12,23485.3,14882.3,15.0,23493.1,14862.5,22.3,23469.5,14886.5,24.7,1.5
12.700,13,23608.1,14528.2,15.0,23622.0,14479.4,49.0,23592.5,14535.4,22.9,1.2
12.717,0,22959.5,15306.8,15.0,22977.4,15314.3,22.3,22958.6,15291.7,25.6,1.3
12.717,1,22790.9,15205.6,15.0,22784.1,15220.8,22.9,22840.8,15191.1,51.5,1.3
12.717,2,22762.5,15290.9,15.0,22811.0,15303.0,43.3,22752.2,15274.8,22.9,1.3
12.717,3,22937.5,15297.1,15.0,22907.6,15314.0,23.3,22973.1,15289.9,24.9,0.9
12.717,4,23589.8,13404.2,15.0,23580.0,13452.0,38.8,23607.1,13382.8,22.9,0.9
12.717,5,23643.6,13011.6,15.0,23629.0,13061.3,51.8,23658.8,13005.1,22.9,1.3
12.717,6,23547.5,13192.8,15.0,23531.2,13166.0,22.7,23554.8,13230.6,27.5,1.0
12.717,8,23521.8,14696.1,15.0,23511.2,14748.1,46.6,23538.4,14684.3,23.3,1.0
12.717,9,23543.2,13103.3,15.0,23530.8,13103.2,22.7,23557.9,13140.1,45.8,1.1
12.717,10,23522.9,14637.7,15.0,23537.7,14586.9,51.9,23506.9,14644.6,23.3,1.0
12.717,11,23604.0,14593.9,15.0,23618.0,14545.6,49.8,23588.8,14600.5,22.8,1.1
12.717,12,23485.3,14884.7,15.0,23492.7,14861.9,22.4,23469.5,14896.2,23.5,1.5
12.717,13,23608.1,14530.1,15.0,23622.6,14481.1,52.0,23593.0,14536.1,22.9,1.2
12.733,0,22957.3,15306.8,15.0,22978.0,15313.9,22.3,22948.9,15291.9,23.9,1.3
12.733,1,22788.7,15205.6,15.0,22782.9,15220.4,22.8,22838.1,15190.6,53.4,1.3
12.733,2,22760.2,15290.9,15.0,22808.7,15303.7,44.7,22751.2,15275.1,22.9,1.3
12.733,3,22936.1,15297.1,15.0,22906.4,15314.3,23.3,22973.5,15289.6,26.0,0.9
12.733,4,23589.8,13402.8,15.0,23579.4,13451.3,40.5,23607.0,13383.6,22.8,0.9
12.733,5,23643.6,13009.5,15.0,23628.5,13058.5,53.4,23658.3,13004.1,22.8,1.3
12.733,6,23547.5,13191.1,15.0,23530.9,13165.2,22.7,23555.3,13231.8,30.2,1.0
12.733,8,23521.7,14694.3,15.0,23510.4,14746.0,48.4,23538.0,14684.3,23.3,1.0
12.733,9,23543.2,13101.5,15.0,23531.4,13102.9,22.7,23557.7,13132.8,41.6,1.1
12.733,10,23522.9,14639.4,15.0,23538.3,14588.4,54.8,23507.4,14644.9,23.3,1.0
12.733,11,23604.0,14595.7,15.0,23618.6,14547.2,52.7,23589.2,14601.0,22.8,1.1
12.733,12,23485.3,14887.1,15.0,23492.5,14861.6,22.4,23469.3,14903.1,22.6,1.5
12.733,13,23608.1,14532.0,15.0,23623.0,14483.8,53.5,23593.5,14536.7,22.8,1.2
12.750,0,22955.0,15306.8,15.0,22978.4,15313.6,22.3,22940.2,15291.9,23.0,1.3
12.750,1,22786.4,15205.6,15.0,22781.6,15219.8,22.6,22833.8,15190.3,52.7,1.3
12.750,2,22758.0,15290.9,15.0,22806.2,15304.3,46.6,22750.1,15275.4,22.8,1.3
12.750,3,22934.7,15297.1,15.0,22905.5,15314.6,23.3,22974.3,15289.3,27.6,0.9
12.750,4,23589.8,13401.4,15.0,23578.9,13450.6,42.2,23606.9,13384.5,22.9,0.9
12.750,5,23643.6,13007.3,15.0,23628.3,13054.2,52.7,23657.8,13003.1,22.7,1.3
12.750,6,23547.5,13189.4,15.0,23530.7,13165.1,22.7,23555.9,13232.7,33.2,1.0
12.750,8,23521.6,14692.6,15.0,23509.7,14744.1,50.6,23537.5,14684.2,23.3,1.0
12.750,9,23543.2,13099.6,15.0,23532.1,13102.8,22.6,23557.5,13125.1,37.4,1.1
12.750,10,23522.9,14641.1,15.0,23538.6,14591.5,55.3,23507.9,14645.2,23.3,1.0
12.750,11,23604.0,14597.6,15.0,23618.9,14550.7,53.0,23589.8,14601.5,22.8,1.1
12.750,12,23485.3,14889.5,15.0,23492.4,14861.4,22.6,23469.1,14909.3,22.1,1.5
12.750,13,23608.1,14534.0,15.0,23623.2,14487.9,52.8,23594.1,14537.3,22.8,1.2
12.767,0,22952.8,15306.8,15.0,22978.7,15313.5,22.4,22933.6,15291.7,22.4,1.3
12.767,1,22784.2,15205.5,15.0,22780.6,15219.3,22.6,22828.4,15190.2,50.6,1.3
12.767,2,22755.8,15290.9,15.0,22804.3,15304.9,49.2,22748.8,15275.8,22.7,1.3
12.767,3,22933.2,15297.1,15.0,22904.9,15314.9,23.3,22975.5,15288.8,29.9,0.9
12.767,4,23589.8,13400.0,15.0,23578.3,13449.5,43.3,23606.8,13385.1,22.9,0.9
12.767,5,23643.6,13005.2,15.0,23628.2,13048.8,50.4,23657.2,13002.2,22.6,1.3
12.767,6,23547.5,13187.6,15.0,23530.6,13165.6,22.7,23556.7,13233.2,36.6,1.0
12.767,8,23521.5,14690.9,15.0,23509.0,14742.7,53.6,23537.0,14684.0,23.3,1.0
12.767,9,23543.2,13097.8,15.0,23532.8,13102.9,22.6,23557.4,13118.2,34.3,1.1
12.767,10,23522.9,14642.8,15.0,23538.8,14595.5,54.6,23508.5,14645.5,23.3,1.0
12.767,11,23604.0,14599.5,15.0,23619.1,14554.7,52.4,23590.4,14602.0,22.8,1.1
12.767,12,23485.3,14891.9,15.0,23492.5,14861.6,23.0,23468.7,14912.5,21.8,1.5
12.767,13,23608.1,14535.9,15.0,23623.3,14493.2,50.5,23594.7,14537.9,22.8,1.2
12.783,0,22950.6,15306.8,15.0,22978.7,15313.4,22.6,22928.5,15291.4,22.2,1.3
12.783,1,22782.0,15205.5,15.0,22779.7,15218.6,22.5,22821.1,15190.4,46.2,1.3
12.783,2,22753.6,15290.9,15.0,22802.4,15305.5,52.1,22747.5,15276.2,22.6,1.3
12.783,3,22931.8,15297.1,15.0,22904.3,15315.1,23.3,22976.6,15288.3,32.4,0.9
12.783,4,23589.8,13398.6,15.0,23577.8,13447.9,43.9,23606.6,13385.6,22.9,0.9
12.783,5,23643.6,13003.1,15.0,23628.4,13041.5,46.0,23656.6,13001.3,22.6,1.3
12.783,6,23547.5,13185.9,15.0,23530.6,13166.3,22.7,23557.4,13233.0,39.3,1.0
12.783,8,23521.5,14689.1,15.0,23508.4,14740.5,55.6,23536.5,14683.7,23.3,1.0
12.783,9,23543.2,13095.9,15.0,23533.5,13103.2,22.6,23557.5,13113.2,32.2,1.1
12.783,10,23522.9,14644.5,15.0,23538.8,14600.9,51.8,23509.1,14645.7,23.3,1.0
12.783,11,23604.0,14601.3,15.0,23619.0,14560.8,48.9,23591.0,14602.5,22.8,1.1
12.783,12,23485.3,14894.4,15.0,23492.6,14861.5,23.9,23468.3,14915.5,21.7,1.5
12.783,13,23608.1,14537.9,15.0,23623.1,14500.3,46.1,23595.3,14538.4,22.7,1.2
12.800,0,22948.4,15306.8,15.0,22978.5,15313.5,23.0,22925.5,15291.0,21.9,1.3
12.800,1,22779.8,15205.5,15.0,22779.0,15218.0,22.4,22813.4,15190.5,41.8,1.3
12.800,2,22751.4,15290.9,15.0,22798.5,15305.8,52.1,22746.3,15276.8,22.5,1.3
12.800,3,22930.4,15297.2,15.0,22904.8,15315.3,23.3,22977.4,15287.7,35.2,0.9
12.800,4,23589.8,13397.2,15.0,23577.3,13446.2,44.4,23606.3,13386.0,22.9,0.9
12.800,5,23643.6,13001.0,15.0,23628.6,13033.9,41.7,23655.9,13000.9,22.5,1.3
12.800,6,23547.5,13184.2,15.0,23530.7,13167.3,22.7,23558.0,13232.2,41.3,1.0
12.800,8,23521.4,14687.4,15.0,23508.0,14736.5,55.0,23535.9,14683.5,23.3,1.0
12.800,9,23543.2,13094.1,15.0,23534.2,13103.7,22.6,23557.6,13108.1,30.4,1.1
12.800,10,23522.9,14646.2,15.0,23538.6,14607.8,47.5,23509.7,14645.9,23.3,1.0
12.800,11,23604.0,14603.2,15.0,23618.9,14567.9,44.7,23591.6,14602.9,22.8,1.1
12.800,12,23485.3,14896.8,15.0,23492.9,14861.1,25.4,23467.9,14918.1,21.9,1.5
12.800,13,23608.1,14539.8,15.0,23622.9,14507.8,41.8,23596.0,14538.7,22.7,1.2
12.817,0,22946.2,15306.9,15.0,22978.6,15313.7,23.8,22923.0,15290.7,21.8,1.3
12.817,1,22777.5,15205.5,15.0,22778.6,15217.3,22.4,22805.2,15190.7,37.6,1.3
12.817,2,22749.1,15290.9,15.0,22794.2,15306.0,51.5,22745.1,15277.3,22.4,1.3
12.817,3,22929.0,15297.2,15.0,22905.3,15315.4,23.3,22978.0,15287.1,38.2,0.9
12.817,4,23589.8,13395.7,15.0,23576.9,13444.6,45.7,23606.0,13385.9,22.9,0.9
12.817,5,23643.6,12998.8,15.0,23628.8,13025.8,37.5,23655.2,13000.5,22.5,1.3
12.817,6,23547.5,13182.5,15.0,23530.9,13168.0,22.7,23558.7,13230.8,42.7,1.0
12.817,8,23521.3,14685.7,15.0,23507.6,14732.0,53.7,23535.3,14683.2,23.3,1.0
12.817,9,23543.2,13092.2,15.0,23534.8,13104.4,22.6,23557.6,13102.9,29.2,1.1
12.817,10,23522.9,14648.0,15.0,23538.4,14615.1,43.3,23510.4,14646.0,23.3,1.0
12.817,11,23604.0,14605.0,15.0,23618.7,14575.4,40.3,23592.3,14603.0,22.7,1.1
12.817,12,23485.3,14899.2,15.0,23493.4,14860.1,27.7,23467.6,14920.3,22.1,1.5
12.817,13,23608.1,14541.7,15.0,23622.7,14515.8,37.6,23596.7,14538.9,22.7,1.2
12.833,0,22943.9,15306.9,15.0,22978.9,15314.0,25.3,22920.8,15290.3,21.9,1.3
12.833,1,22775.3,15205.5,15.0,22778.4,15216.5,22.3,22798.5,15190.7,34.6,1.3
12.833,2,22746.9,15290.9,15.0,22787.5,15305.9,47.4,22744.0,15277.9,22.3,1.3
12.833,3,22927.6,15297.2,15.0,22906.0,15315.4,23.3,22978.0,15286.5,40.7,0.9
12.833,4,23589.8,13394.3,15.0,23576.4,13442.9,47.2,23605.7,13385.8,22.9,0.9
12.833,5,23643.6,12996.7,15.0,23628.8,13019.1,34.5,23654.5,13000.4,22.4,1.3
12.833,6,23547.5,13180.7,15.0,23531.1,13168.5,22.7,23559.3,13228.8,43.3,1.0
12.833,8,23521.2,14683.9,15.0,23507.4,14725.2,49.1,23534.6,14683.0,23.3,1.0
12.833,9,23543.2,13090.4,15.0,23535.4,13105.1,22.6,23557.6,13096.6,27.7,1.1
12.833,10,23522.9,14649.7,15.0,23538.2,14622.7,39.0,23511.1,14645.9,23.3,1.0
12.833,11,23604.0,14606.9,15.0,23618.5,14583.5,36.3,23593.0,14603.1,22.7,1.1
12.833,12,23485.3,14901.6,15.0,23494.0,14858.7,30.8,23467.4,14922.2,22.4,1.5
12.833,13,23608.1,14543.7,15.0,23622.6,14522.5,34.5,23597.4,14538.8,22.7,1.2
12.850,0,22941.7,15306.9,15.0,22979.9,15314.5,27.5,22918.9,15290.0,22.1,1.3
12.850,1,22773.1,15205.5,15.0,22778.5,15215.8,22.2,22793.2,15190.6,32.5,1.3
12.850,2,22744.7,15290.9,15.0,22780.1,15305.8,43.4,22743.2,15278.5,22.3,1.3
12.850,3,22926.2,15297.2,15.0,22907.0,15315.3,23.2,22977.4,15285.9,42.5,0.9
12.850,4,23589.8,13392.9,15.0,23576.0,13441.4,48.9,23605.4,13385.7,22.9,0.9
12.850,5,23643.6,12994.6,15.0,23628.7,13013.9,32.4,23653.7,13000.6,22.4,1.3
12.850,6,23547.5,13179.0,15.0,23531.5,13168.8,22.7,23559.8,13226.8,44.3,1.0
12.850,8,23521.1,14682.2,15.0,23507.2,14717.8,44.9,23534.0,14682.9,23.3,1.0
12.850,9,23543.2,13088.6,15.0,23535.9,13105.8,22.6,23557.5,13088.7,26.1,1.1
12.850,10,23522.9,14651.4,15.0,23538.1,14629.7,35.8,23511.8,14645.7,23.3,1.0
12.850,11,23604.0,14608.8,15.0,23618.5,14589.2,33.7,23593.7,14602.8,22.7,1.1
12.850,12,23485.3,14904.0,15.0,23494.8,14857.7,34.4,23467.2,14923.4,22.6,1.5
12.850,13,23608.1,14545.6,15.0,23622.7,14527.6,32.4,23598.1,14538.5,22.6,1.2
12.867,0,22939.5,15306.9,15.0,22981.2,15315.1,30.5,22917.4,15289.7,22.3,1.3
12.867,1,22770.9,15205.5,15.0,22778.8,15215.1,22.2,22787.8,15190.5,30.9,1.3
12.867,2,22742.5,15290.9,15.0,22772.3,15305.6,39.0,22742.7,15279.2,22.2,1.3
12.867,3,22924.7,15297.2,15.0,22907.9,15315.2,23.3,22976.7,15285.3,44.2,0.9
12.867,4,23589.8,13391.5,15.0,23575.5,13440.2,51.2,23605.0,13385.4,22.9,0.9
12.867,5,23643.6,12992.4,15.0,23628.6,13008.5,30.8,23653.0,13001.0,22.3,1.3
12.867,6,23547.5,13177.3,15.0,23531.8,13168.6,22.7,23560.4,13224.8,46.0,1.0
12.867,8,23521.0,14680.5,15.0,23507.0,14710.2,40.4,23533.3,14683.0,23.3,1.0
12.867,9,23543.2,13086.7,15.0,23536.4,13106.5,22.6,23557.4,13080.2,24.7,1.1
12.867,10,23522.9,14653.1,15.0,23538.2,14634.6,33.6,23512.5,14645.2,23.2,1.0
12.867,11,23604.0,14610.6,15.0,23618.6,14594.3,31.7,23594.4,14602.5,22.7,1.1
12.867,12,23485.3,14906.4,15.0,23495.6,14857.1,38.3,23467.1,14924.0,23.0,1.5
12.867,13,23608.1,14547.6,15.0,23622.8,14532.8,30.7,23598.8,14538.0,22.6,1.2
12.883,0,22937.3,15306.9,15.0,22982.1,15315.8,33.9,22916.6,15289.6,22.4,1.3
12.883,1,22768.7,15205.5,15.0,22779.3,15214.4,22.2,22782.3,15190.5,29.8,1.3
12.883,2,22740.3,15290.9,15.0,22764.2,15305.4,35.2,22742.3,15279.9,22.2,1.3
12.883,3,22923.3,15297.2,15.0,22908.5,15315.0,23.3,22975.2,15284.7,45.0,0.9
12.883,4,23589.8,13390.1,15.0,23575.1,13438.8,53.5,23604.6,13385.1,22.9,0.9
12.883,5,23643.6,12990.3,15.0,23628.6,13003.1,29.6,23652.3,13001.5,22.3,1.3
12.883,6,23547.5,13175.5,15.0,23532.2,13168.4,22.7,23560.9,13222.9,48.0,1.0
12.883,8,23521.0,14678.7,15.0,23506.9,14702.0,36.6,23532.6,14683.2,23.3,1.0
12.883,9,23543.2,13084.9,15.0,23536.7,13107.1,22.6,23557.3,13071.0,23.6,1.1
12.883,10,23522.9,14654.8,15.0,23538.3,14639.6,31.7,23513.2,14644.6,23.3,1.0
12.883,11,23604.0,14612.5,15.0,23618.6,14599.5,30.2,23595.1,14601.8,22.7,1.1
12.883,12,23485.3,14908.9,15.0,23496.4,14857.6,41.3,23467.2,14924.3,23.3,1.5
12.883,13,23608.1,14549.5,15.0,23622.9,14538.2,29.5,23599.5,14537.3,22.6,1.2
12.900,0,22935.0,15306.9,15.0,22982.6,15316.6,37.6,22916.4,15289.5,22.7,1.3
12.900,1,22766.4,15205.5,15.0,22779.9,15213.8,22.1,22775.1,15190.5,28.0,1.3
12.900,2,22738.1,15290.9,15.0,22759.1,15305.5,33.0,22742.3,15280.6,22.1,1.3
12.900,3,22921.9,15297.2,15.0,22909.0,15314.8,23.3,22973.6,15284.2,45.5,0.9
12.900,4,23589.8,13388.7,15.0,23574.9,13436.0,53.5,23604.1,13384.8,22.9,0.9
12.900,5,23643.6,12988.2,15.0,23628.7,12995.9,27.9,23651.7,13002.2,22.3,1.3
12.900,6,23547.5,13173.8,15.0,23532.7,13168.0,22.7,23561.5,13221.4,50.8,1.0
12.900,8,23520.9,14677.0,15.0,23506.5,14697.1,34.3,23531.9,14683.7,23.3,1.0
12.900,9,23543.2,13083.0,15.0,23536.9,13107.5,22.6,23557.3,13063.1,23.3,1.1
12.900,10,23522.9,14656.5,15.0,23538.3,14644.7,30.4,23513.8,14643.8,23.2,1.0
12.900,11,23604.0,14614.4,15.0,23618.7,14604.8,29.0,23595.7,14601.1,22.7,1.1
12.900,12,23485.3,14911.3,15.0,23497.3,14858.6,43.7,23467.3,14924.6,23.6,1.5
12.900,13,23608.1,14551.4,15.0,23622.8,14544.9,27.8,23600.1,14536.6,22.6,1.2
12.917,0,22932.8,15306.9,15.0,22982.0,15317.4,40.4,22916.4,15289.5,22.9,1.3
12.917,1,22764.2,15205.5,15.0,22780.5,15213.2,22.1,22766.8,15190.6,26.3,1.3
12.917,2,22735.8,15290.9,15.0,22753.8,15305.6,31.2,22742.4,15281.3,22.1,1.3
12.917,3,22920.5,15297.2,15.0,22909.4,15314.5,23.3,22971.9,15283.7,46.4,0.9
12.917,4,23589.8,13387.2,15.0,23574.7,13432.8,53.0,23603.7,13384.5,22.9,0.9
12.917,5,23643.6,12986.0,15.0,23628.8,12987.6,26.2,23651.2,13002.8,22.3,1.3
12.917,6,23547.5,13172.1,15.0,23533.2,13167.7,22.7,23561.9,13219.3,52.9,1.0
12.917,8,23520.8,14675.2,15.0,23506.2,14692.1,32.2,23531.2,14684.3,23.3,1.0
12.917,9,23543.2,13081.2,15.0,23537.0,13107.8,22.6,23557.5,13057.1,23.0,1.1
12.917,10,23522.9,14658.2,15.0,23538.4,14650.2,29.2,23514.5,14642.9,23.3,1.0
12.917,11,23604.0,14616.2,15.0,23618.6,14612.1,27.2,23596.3,14600.4,22.7,1.1
12.917,12,23485.3,14913.7,15.0,23498.0,14860.8,44.9,23467.6,14925.3,23.7,1.5
12.917,13,23608.1,14553.4,15.0,23622.7,14553.1,26.2,23600.6,14535.9,22.6,1.2
12.933,0,22930.6,15306.9,15.0,22981.0,15318.1,42.7,22916.6,15289.7,23.1,1.3
12.933,1,22762.0,15205.5,15.0,22781.0,15212.8,22.2,22757.6,15190.7,24.5,1.3
12.933,2,22733.6,15290.9,15.0,22748.4,15305.6,29.9,22742.8,15282.0,22.0,1.3
12.933,3,22919.1,15297.2,15.0,22909.3,15314.2,23.3,22970.3,15283.3,47.9,0.9
12.933,4,23589.8,13385.8,15.0,23574.6,13429.0,51.6,23603.2,13384.2,22.9,0.9
12.933,5,23643.6,12983.9,15.0,23628.9,12978.6,24.5,23650.8,13003.4,22.3,1.3
12.933,6,23547.5,13170.3,15.0,23533.7,13167.3,22.7,23562.1,13215.5,52.3,1.0
12.933,8,23520.7,14673.5,15.0,23505.9,14686.9,30.8,23530.5,14685.2,23.2,1.0
12.933,9,23543.2,13079.3,15.0,23537.0,13107.9,22.8,23557.8,13052.7,23.0,1.1
12.933,10,23522.9,14659.9,15.0,23538.2,14658.1,27.3,23515.0,14642.0,23.2,1.0
12.933,11,23604.0,14618.1,15.0,23618.5,14620.2,25.8,23596.8,14599.6,22.7,1.1
12.933,12,23485.3,14916.1,15.0,23498.7,14863.1,45.9,23467.8,14926.2,23.7,1.5
12.933,13,23608.1,14555.3,15.0,23622.6,14561.9,24.7,23601.0,14535.2,22.6,1.2
12.950,0,22928.4,15306.9,15.0,22979.0,15318.9,43.8,22916.3,15289.9,23.2,1.3
12.950,1,22759.8,15205.5,15.0,22781.5,15212.4,22.2,22748.0,15190.8,23.3,1.3
12.950,2,22731.4,15290.9,15.0,22742.5,15305.6,28.6,22743.2,15282.6,22.0,1.3
12.950,3,22917.7,15297.2,15.0,22909.3,15313.8,23.3,22968.5,15282.8,49.4,0.9
12.950,4,23589.8,13384.4,15.0,23574.7,13423.7,48.0,23602.7,13384.0,22.9,0.9
12.950,5,23643.6,12981.8,15.0,23629.0,12968.9,23.4,23650.4,13003.9,22.3,1.3
12.950,6,23547.5,13168.6,15.0,23534.3,13166.9,22.7,23562.3,13211.4,51.3,1.0
12.950,8,23520.6,14671.8,15.0,23505.6,14681.6,29.6,23529.9,14686.1,23.3,1.0
12.950,9,23543.2,13077.5,15.0,23536.9,13107.8,23.0,23558.2,13050.3,22.7,1.1
12.950,10,23522.9,14661.6,15.0,23538.1,14666.1,26.1,23515.5,14641.1,23.3,1.0
12.950,11,23604.0,14619.9,15.0,23618.3,14629.2,24.3,23597.2,14599.0,22.7,1.1
12.950,12,23485.3,14918.5,15.0,23499.5,14865.5,47.8,23468.2,14927.7,23.6,1.5
12.950,13,23608.1,14557.2,15.0,23622.5,14571.3,23.7,23601.3,14534.6,22.6,1.2
12.967,0,22926.2,15306.9,15.0,22976.7,15319.5,44.6,22915.8,15290.2,23.2,1.3
12.967,1,22757.6,15205.5,15.0,22781.7,15212.2,22.3,22741.0,15190.6,22.6,1.3
12.967,2,22729.2,15290.9,15.0,22734.5,15305.5,26.7,22743.7,15283.2,22.0,1.3
12.967,3,22916.2,15297.2,15.0,22909.1,15313.4,23.3,22967.2,15282.3,51.6,0.9
12.967,4,23589.8,13383.0,15.0,23574.9,13417.9,44.8,23602.2,13383.8,22.9,0.9
12.967,5,23643.6,12979.6,15.0,23628.8,12961.8,22.7,23650.2,13004.2,22.4,1.3
12.967,6,23547.5,13166.9,15.0,23534.9,13166.6,22.7,23562.2,13205.0,47.0,1.0
12.967,8,23520.6,14670.0,15.0,23505.4,14673.9,27.7,23529.4,14687.0,23.2,1.0
12.967,9,23543.2,13075.6,15.0,23536.7,13107.8,23.7,23558.7,13048.3,22.6,1.1
12.967,10,23522.9,14663.3,15.0,23538.0,14675.3,24.6,23515.8,14640.4,23.2,1.0
12.967,11,23604.0,14621.8,15.0,23618.2,14638.6,23.6,23597.5,14598.3,22.7,1.1
12.967,12,23485.3,14920.9,15.0,23500.1,14868.1,49.9,23468.5,14929.3,23.5,1.5
12.967,13,23608.1,14559.2,15.0,23622.6,14578.9,23.2,23601.6,14534.2,22.6,1.2
12.983,0,22923.9,15306.9,15.0,22974.4,15320.2,46.4,22914.8,15290.5,23.2,1.3
12.983,1,22755.3,15205.5,15.0,22782.0,15212.1,22.3,22734.3,15190.4,22.2,1.3
12.983,2,22727.0,15290.9,15.0,22726.1,15305.4,25.1,22744.2,15283.7,22.0,1.3
12.983,3,22914.8,15297.2,15.0,22908.9,15313.0,23.3,22966.0,15281.8,54.0,0.9
12.983,4,23589.8,13381.6,15.0,23575.0,13412.1,41.3,23601.7,13383.7,22.9,0.9
12.983,5,23643.6,12977.5,15.0,23628.6,12955.4,22.4,23650.1,13004.4,22.5,1.3
12.983,6,23547.5,13165.1,15.0,23535.5,13166.3,22.7,23562.0,13198.0,43.2,1.0
12.983,8,23520.5,14668.3,15.0,23505.1,14665.7,26.3,23528.9,14687.9,23.3,1.0
12.983,9,23543.2,13073.8,15.0,23536.4,13108.2,25.0,23559.1,13046.7,22.6,1.1
12.983,10,23522.9,14665.0,15.0,23537.9,14684.5,24.2,23516.1,14639.6,23.3,1.0
12.983,11,23604.0,14623.7,15.0,23618.4,14645.3,23.2,23597.6,14598.0,22.7,1.1
12.983,12,23485.3,14923.4,15.0,23500.8,14870.0,53.0,23468.9,14931.1,23.3,1.5
12.983,13,23608.1,14561.1,15.0,23622.8,14585.1,22.9,23601.7,14533.9,22.7,1.2
13.000,0,22921.7,15306.9,15.0,22971.9,15320.8,48.3,22913.7,15290.9,23.1,1.3
13.000,1,22753.1,15205.5,15.0,22781.8,15212.2,22.6,22731.0,15190.0,21.9,1.3
13.000,2,22724.8,15290.9,15.0,22716.8,15305.3,23.6,22744.7,15284.1,22.0,1.3
13.000,3,22913.4,15297.2,15.0,22908.7,15312.6,23.3,22964.2,15281.5,55.8,0.9
13.000,4,23589.8,13380.2,15.0,23575.2,13405.9,38.0,23601.1,13383.7,22.9,0.9
13.000,5,23643.6,12975.4,15.0,23628.2,12952.0,22.2,23650.2,13004.3,22.7,1.3
13.000,6,23547.5,13163.4,15.0,23536.1,13166.2,22.7,23561.8,13190.9,39.0,1.0
13.000,8,23520.4,14666.6,15.0,23504.9,14656.6,24.9,23528.6,14688.8,23.2,1.0
13.000,9,23543.2,13071.9,15.0,23536.0,13109.0,26.9,23559.4,13045.4,22.6,1.1
13.000,10,23522.9,14666.7,15.0,23538.1,14690.8,23.8,23516.3,14639.2,23.2,1.0
13.000,11,23604.0,14625.5,15.0,23618.6,14651.4,23.2,23597.7,14597.7,22.7,1.1
13.000,12,23485.3,14925.8,15.0,23501.4,14872.4,55.6,23469.4,14932.7,23.2,1.5
13.000,13,23608.1,14563.1,15.0,23623.1,14589.1,22.8,23601.6,14533.9,22.9,1.2
13.017,0,22919.5,15306.9,15.0,22970.1,15321.5,51.2,22912.4,15291.3,23.0,1.3
13.017,1,22750.9,15205.5,15.0,22781.5,15212.3,23.0,22728.1,15189.6,21.6,1.3
13.017,2,22722.5,15290.9,15.0,22708.3,15305.3,22.7,22745.0,15284.3,22.1,1.3
13.017,3,22912.0,15297.2,15.0,22908.5,15312.1,23.3,22961.0,15281.3,55.2,0.9
13.017,4,23589.8,13378.7,15.0,23575.3,13399.9,35.3,23600.6,13383.8,22.9,0.9
13.017,5,23643.6,12973.3,15.0,23627.8,12949.1,21.9,23650.3,13004.1,23.1,1.3
13.017,6,23547.5,13161.7,15.0,23536.8,13166.2,22.7,23561.6,13183.1,35.3,1.0
13.017,8,23520.3,14664.8,15.0,23504.6,14647.2,24.2,23528.3,14689.5,23.3,1.0
13.017,9,23543.2,13070.1,15.0,23535.5,13110.2,29.7,23559.7,13044.5,22.6,1.1
13.017,10,23522.9,14668.4,15.0,23538.3,14696.6,23.8,23516.3,14638.7,23.3,1.0
13.017,11,23604.0,14627.4,15.0,23619.0,14654.5,22.9,23597.7,14597.7,22.9,1.1
13.017,12,23485.3,14928.2,15.0,23501.6,14877.1,54.9,23469.9,14934.2,23.0,1.5
13.017,13,23608.1,14565.0,15.0,23623.6,14591.6,22.5,23601.5,14534.0,23.1,1.2
13.033,0,22917.3,15306.9,15.0,22968.1,15322.1,54.2,22911.1,15291.8,22.9,1.3
13.033,1,22748.7,15205.5,15.0,22781.8,15212.5,24.4,22725.9,15189.2,21.8,1.3
13.033,2,22720.3,15290.9,15.0,22701.8,15305.5,22.1,22745.2,15284.5,22.1,1.3
13.033,3,22910.6,15297.2,15.0,22908.2,15311.6,23.3,22957.7,15281.2,54.7,0.9
13.033,4,23589.8,13377.3,15.0,23575.2,13396.0,33.5,23600.0,13384.1,22.9,0.9
13.033,5,23643.6,12971.1,15.0,23627.5,12947.1,21.9,23650.5,13004.4,24.3,1.3
13.033,6,23547.5,13159.9,15.0,23537.5,13166.5,22.7,23561.7,13178.3,33.1,1.0
13.033,8,23520.3,14663.1,15.0,23504.2,14640.3,23.9,23528.1,14690.1,23.3,1.0
13.033,9,23543.2,13068.2,15.0,23534.8,13111.2,32.8,23560.0,13044.2,22.6,1.1
13.033,10,23522.9,14670.1,15.0,23538.7,14699.6,23.6,23516.3,14638.7,23.5,1.0
13.033,11,23604.0,14629.3,15.0,23619.4,14656.9,22.7,23597.5,14597.9,23.2,1.1
13.033,12,23485.3,14930.6,15.0,23501.8,14882.4,53.1,23470.5,14935.7,22.9,1.5
13.033,13,23608.1,14566.9,15.0,23624.0,14593.6,22.4,23601.3,14533.8,24.1,1.2
13.050,0,22915.0,15306.9,15.0,22963.7,15322.3,53.5,22910.0,15292.3,22.8,1.3
13.050,1,22746.4,15205.5,15.0,22782.2,15212.9,25.9,22723.8,15188.9,21.9,1.3
13.050,2,22718.1,15290.9,15.0,22696.9,15305.8,21.9,22745.1,15284.5,22.3,1.3
13.050,3,22909.2,15297.2,15.0,22908.0,15311.1,23.3,22953.0,15281.2,51.9,0.9
13.050,4,23589.8,13375.9,15.0,23575.2,13392.0,31.8,23599.4,13384.5,22.9,0.9
13.050,5,23643.6,12969.0,15.0,23627.1,12945.1,22.0,23650.9,13004.7,25.8,1.3
13.050,6,23547.5,13158.2,15.0,23538.1,13166.9,22.7,23561.8,13173.5,31.2,1.0
13.050,8,23520.2,14661.4,15.0,23503.7,14634.3,23.8,23528.0,14690.5,23.3,1.0
13.050,9,23543.2,13066.4,15.0,23534.1,13111.8,36.3,23560.1,13044.6,22.6,1.1
13.050,10,23522.9,14671.8,15.0,23539.1,14701.8,23.4,23516.2,14638.7,23.7,1.0
13.050,11,23604.0,14631.1,15.0,23619.9,14658.6,22.6,23597.3,14597.6,24.3,1.1
13.050,12,23485.3,14933.0,15.0,23501.7,14890.1,48.4,23471.1,14936.9,22.8,1.5
13.050,13,23608.1,14568.9,15.0,23624.4,14595.3,22.5,23601.0,14533.5,25.4,1.2
13.067,0,22912.8,15307.0,15.0,22959.0,15322.5,52.4,22908.8,15292.9,22.7,1.3
13.067,1,22744.2,15205.5,15.0,22783.5,15213.4,28.7,22722.2,15188.6,22.1,1.3
13.067,2,22715.9,15290.9,15.0,22693.9,15306.2,21.6,22744.8,15284.4,22.6,1.3
13.067,3,22907.7,15297.2,15.0,22907.8,15310.6,23.3,22947.2,15281.3,48.3,0.9
13.067,4,23589.8,13374.5,15.0,23575.1,13387.9,30.6,23598.9,13385.0,22.9,0.9
13.067,5,23643.6,12966.9,15.0,23626.8,12943.6,22.2,23651.4,13006.0,28.5,1.3
13.067,6,23547.5,13156.5,15.0,23538.7,13167.5,22.7,23561.8,13168.6,29.8,1.0
13.067,8,23520.1,14659.6,15.0,23503.2,14630.8,23.7,23528.1,14690.7,23.4,1.0
13.067,9,23543.2,13064.5,15.0,23533.3,13111.6,39.2,23560.1,13045.3,22.7,1.1
13.067,10,23522.9,14673.6,15.0,23539.5,14703.5,23.3,23515.9,14638.4,24.7,1.0
13.067,11,23604.0,14633.0,15.0,23620.3,14660.1,22.7,23597.0,14597.2,25.7,1.1
13.067,12,23485.3,14935.4,15.0,23501.5,14898.3,43.8,23471.8,14937.7,22.7,1.5
13.067,13,23608.1,14570.8,15.0,23624.7,14596.6,22.5,23600.5,14532.4,27.7,1.2
13.083,0,22910.6,15307.0,15.0,22951.8,15322.4,47.8,22907.8,15293.5,22.6,1.3
13.083,1,22742.0,15205.5,15.0,22784.6,15214.1,31.8,22720.8,15188.4,22.2,1.3
13.083,2,22713.7,15290.9,15.0,22691.4,15306.6,21.5,22744.8,15284.3,23.5,1.3
13.083,3,22906.3,15297.2,15.0,22907.7,15310.1,23.3,22941.2,15281.5,44.9,0.9
13.083,4,23589.8,13373.1,15.0,23575.1,13383.8,29.6,23598.4,13385.6,22.9,0.9
13.083,5,23643.6,12964.7,15.0,23626.5,12942.2,22.3,23652.0,13007.1,31.5,1.3
13.083,6,23547.5,13154.8,15.0,23539.4,13168.2,22.7,23561.8,13163.6,28.7,1.0
13.083,8,23520.0,14657.9,15.0,23502.7,14628.6,23.4,23528.2,14690.6,23.7,1.0
13.083,9,23543.2,13062.7,15.0,23532.6,13110.7,41.3,23560.0,13046.1,22.7,1.1
13.083,10,23522.9,14675.3,15.0,23540.0,14704.8,23.3,23515.6,14637.9,26.0,1.0
13.083,11,23604.0,14634.8,15.0,23620.6,14661.2,22.7,23596.5,14596.0,28.2,1.1
13.083,12,23485.3,14937.9,15.0,23501.3,14906.8,39.3,23472.6,14938.2,22.6,1.5
13.083,13,23608.1,14572.8,15.0,23625.0,14597.6,22.6,23599.9,14531.2,30.6,1.2
13.100,0,22908.4,15307.0,15.0,22944.0,15322.3,43.5,22907.1,15294.1,22.6,1.3
13.100,1,22739.8,15205.4,15.0,22785.2,15214.8,35.4,22720.5,15188.2,22.5,1.3
13.100,2,22711.4,15290.9,15.0,22689.2,15306.9,21.7,22745.1,15284.0,24.8,1.3
13.100,3,22904.9,15297.2,15.0,22907.8,15309.5,23.3,22935.0,15281.7,41.2,0.9
13.100,4,23589.8,13371.7,15.0,23575.1,13379.4,28.6,23597.9,13386.2,22.9,0.9
13.100,5,23643.6,12962.6,15.0,23626.4,12942.2,22.5,23652.8,13007.8,35.1,1.3
13.100,6,23547.5,13153.0,15.0,23539.9,13168.9,22.7,23561.7,13156.6,27.0,1.0
13.100,8,23520.0,14656.1,15.0,23502.2,14626.8,23.3,23528.4,14690.9,24.6,1.0
13.100,9,23543.2,13060.8,15.0,23531.9,13109.2,42.7,23559.8,13046.8,22.7,1.1
13.100,10,23522.9,14677.0,15.0,23540.3,14705.8,23.3,23515.2,14636.8,28.1,1.0
13.100,11,23604.0,14636.7,15.0,23620.9,14662.1,22.7,23595.9,14594.8,31.1,1.1
13.100,12,23485.3,14940.3,15.0,23501.2,14914.2,36.0,23473.4,14938.5,22.5,1.5
13.100,13,23608.1,14574.7,15.0,23625.2,14597.8,22.6,23599.2,14530.3,33.9,1.2
13.117,0,22906.2,15307.0,15.0,22935.9,15322.1,39.0,22906.7,15294.9,22.5,1.3
13.117,1,22737.6,15205.4,15.0,22785.3,15215.6,38.8,22720.3,15188.2,22.7,1.3
13.117,2,22709.2,15290.9,15.0,22687.4,15307.2,21.8,22745.9,15283.5,27.0,1.3
13.117,3,22903.5,15297.2,15.0,22907.9,15308.9,23.3,22928.4,15281.9,37.9,0.9
13.117,4,23589.8,13370.2,15.0,23575.2,13373.1,27.1,23597.5,13386.9,22.9,0.9
13.117,5,23643.6,12960.5,15.0,23626.4,12942.1,22.7,23653.5,13008.1,38.7,1.3
13.117,6,23547.5,13151.3,15.0,23540.4,13169.7,22.7,23561.6,13148.9,25.6,1.0
13.117,8,23519.9,14654.4,15.0,23501.7,14625.5,23.3,23528.7,14691.4,25.9,1.0
13.117,9,23543.2,13059.0,15.0,23531.3,13107.1,43.4,23559.5,13047.2,22.7,1.1
13.117,10,23522.9,14678.7,15.0,23540.6,14706.6,23.3,23514.6,14635.4,30.9,1.0
13.117,11,23604.0,14638.6,15.0,23621.0,14661.9,22.7,23595.2,14594.0,34.5,1.1
13.117,12,23485.3,14942.7,15.0,23501.3,14919.7,33.9,23474.2,14938.4,22.4,1.5
13.117,13,23608.1,14576.6,15.0,23625.3,14597.5,22.7,23598.5,14529.7,37.6,1.2
13.133,0,22903.9,15307.0,15.0,22928.2,15322.0,35.5,22906.5,15295.6,22.4,1.3
13.133,1,22735.3,15205.4,15.0,22784.3,15216.4,41.1,22720.4,15188.3,22.9,1.3
13.133,2,22707.0,15290.9,15.0,22685.8,15307.5,22.0,22747.0,15282.9,29.9,1.3
13.133,3,22902.1,15297.2,15.0,22908.1,15308.3,23.3,22923.3,15281.9,35.5,0.9
13.133,4,23589.8,13368.8,15.0,23575.3,13366.7,26.0,23597.1,13387.5,22.9,0.9
13.133,5,23643.6,12958.3,15.0,23626.5,12942.4,22.8,23654.3,13007.2,40.9,1.3
13.133,6,23547.5,13149.6,15.0,23540.7,13170.3,22.7,23561.5,13140.4,24.3,1.0
13.133,8,23519.8,14652.7,15.0,23501.3,14624.4,23.3,23529.2,14692.5,28.0,1.0
13.133,9,23543.2,13057.1,15.0,23530.7,13105.0,44.6,23559.2,13047.3,22.7,1.1
13.133,10,23522.9,14680.4,15.0,23540.9,14706.7,23.2,23513.9,14634.3,34.1,1.0
13.133,11,23604.0,14640.4,15.0,23621.2,14661.4,22.8,23594.4,14593.5,38.1,1.1
13.133,12,23485.3,14945.1,15.0,23501.4,14925.4,32.2,23474.9,14938.0,22.3,1.5
13.133,13,23608.1,14578.6,15.0,23625.3,14596.9,22.8,23597.7,14530.2,40.2,1.2
13.150,0,22901.7,15307.0,15.0,22923.0,15322.1,33.3,22906.6,15296.3,22.4,1.3
13.150,1,22733.1,15205.4,15.0,22782.9,15217.1,42.9,22720.4,15188.5,23.0,1.3
13.150,2,22704.8,15290.9,15.0,22685.0,15307.6,22.2,22747.8,15282.3,33.2,1.3
13.150,3,22900.7,15297.3,15.0,22908.6,15307.7,23.3,22919.2,15281.9,33.7,0.9
13.150,4,23589.8,13367.4,15.0,23575.4,13359.8,24.8,23596.8,13388.1,22.9,0.9
13.150,5,23643.6,12956.2,15.0,23626.6,12942.6,23.0,23655.0,13006.0,42.9,1.3
13.150,6,23547.5,13147.8,15.0,23541.0,13170.9,22.7,23561.4,13131.6,23.6,1.0
13.150,8,23519.8,14650.9,15.0,23501.0,14623.7,23.3,23529.8,14693.9,30.9,1.0
13.150,9,23543.2,13055.3,15.0,23530.2,13102.8,46.3,23558.8,13047.0,22.7,1.1
13.150,10,23522.9,14682.1,15.0,23541.0,14706.0,23.2,23513.2,14633.6,37.6,1.0
13.150,11,23604.0,14642.3,15.0,23621.1,14660.6,22.8,23593.7,14594.1,40.4,1.1
13.150,12,23485.3,14947.5,15.0,23501.5,14931.1,31.0,23475.7,14937.6,22.3,1.5
13.150,13,23608.1,14580.5,15.0,23625.1,14596.1,22.9,23597.0,14531.2,42.3,1.2
13.167,0,22899.5,15307.0,15.0,22917.6,15322.2,31.6,22906.9,15297.1,22.3,1.3
13.167,1,22730.9,15205.4,15.0,22780.6,15217.8,43.7,22719.9,15188.8,23.1,1.3
13.167,2,22702.6,15290.9,15.0,22684.7,15307.7,22.4,22748.2,15281.5,36.8,1.3
13.167,3,22899.2,15297.3,15.0,22909.0,15307.2,23.3,22915.1,15281.8,32.1,0.9
13.167,4,23589.8,13366.0,15.0,23575.4,13352.4,24.0,23596.5,13388.6,22.9,0.9
13.167,5,23643.6,12954.1,15.0,23626.9,12942.4,23.0,23655.7,13003.7,43.7,1.3
13.167,6,23547.5,13146.1,15.0,23541.2,13171.3,22.7,23561.5,13124.7,23.3,1.0
13.167,8,23519.7,14649.2,15.0,23500.7,14623.6,23.3,23530.5,14695.0,34.1,1.0
13.167,9,23543.2,13053.4,15.0,23529.6,13100.9,48.7,23558.4,13046.6,22.7,1.1
13.167,10,23522.9,14683.8,15.0,23541.0,14705.2,23.2,23512.4,14633.5,40.7,1.0
13.167,11,23604.0,14644.1,15.0,23621.0,14659.7,22.8,23592.9,14595.1,42.5,1.1
13.167,12,23485.3,14949.9,15.0,23501.4,14938.8,29.1,23476.4,14936.9,22.2,1.5
13.167,13,23608.1,14582.5,15.0,23624.9,14595.8,22.9,23596.3,14533.0,43.5,1.2
13.183,0,22897.3,15307.0,15.0,22912.0,15322.2,30.3,22907.4,15297.8,22.3,1.3
13.183,1,22728.7,15205.4,15.0,22778.4,15218.4,45.0,22719.2,15189.1,23.1,1.3
13.183,2,22700.4,15290.9,15.0,22684.6,15307.7,22.6,22747.6,15280.7,39.4,1.3
13.183,3,22897.8,15297.3,15.0,22909.7,15306.6,23.3,22910.8,15281.8,31.0,0.9
13.183,4,23589.8,13364.6,15.0,23575.5,13345.1,23.8,23596.3,13389.1,22.9,0.9
13.183,5,23643.6,12951.9,15.0,23627.2,12942.1,23.0,23656.3,13001.5,44.7,1.3
13.183,6,23547.5,13144.4,15.0,23541.3,13171.6,22.7,23561.7,13119.0,23.2,1.0
13.183,8,23519.6,14647.5,15.0,23500.6,14624.2,23.3,23531.3,14695.7,37.7,1.0
13.183,9,23543.2,13051.6,15.0,23529.0,13099.3,51.5,23557.9,13046.1,22.7,1.1
13.183,10,23522.9,14685.5,15.0,23540.9,14704.1,23.2,23511.7,14634.2,42.8,1.0
13.183,11,23604.0,14646.0,15.0,23620.7,14659.3,22.8,23592.3,14597.0,43.4,1.1
13.183,12,23485.3,14952.4,15.0,23501.3,14947.5,27.2,23477.0,14936.2,22.3,1.5
13.183,13,23608.1,14584.4,15.0,23624.6,14595.5,22.9,23595.7,14535.1,44.2,1.2
13.200,0,22895.1,15307.0,15.0,22905.4,15322.2,28.7,22907.9,15298.4,22.3,1.3
13.200,1,22726.5,15205.4,15.0,22775.9,15219.0,46.8,22718.1,15189.4,23.0,1.3
13.200,2,22698.1,15290.9,15.0,22684.7,15307.5,22.8,22746.5,15280.0,41.6,1.3
13.200,3,22896.4,15297.3,15.0,22910.4,15306.1,23.3,22906.5,15281.8,29.9,0.9
13.200,4,23589.8,13363.2,15.0,23575.4,13340.4,23.5,23596.2,13389.4,22.9,0.9
13.200,5,23643.6,12949.8,15.0,23627.5,12941.1,23.0,23657.0,12999.2,46.6,1.3
13.200,6,23547.5,13142.6,15.0,23541.3,13171.6,22.8,23562.0,13115.2,23.1,1.0
13.200,8,23519.6,14645.7,15.0,23500.6,14625.1,23.3,23532.0,14695.7,40.8,1.0
13.200,9,23543.2,13049.7,15.0,23528.7,13096.5,52.6,23557.4,13045.6,22.7,1.1
13.200,10,23522.9,14687.2,15.0,23540.8,14703.1,23.3,23511.0,14635.4,44.6,1.0
13.200,11,23604.0,14647.9,15.0,23620.4,14658.9,22.9,23591.7,14599.1,44.1,1.1
13.200,12,23485.3,14954.8,15.0,23501.1,14957.2,25.1,23477.5,14935.7,22.3,1.5
13.200,13,23608.1,14586.3,15.0,23624.2,14595.8,22.9,23595.1,14537.3,45.7,1.2
13.217,0,22892.8,15307.0,15.0,22897.1,15322.1,26.9,22908.6,15299.0,22.3,1.3
13.217,1,22724.2,15205.4,15.0,22773.8,15219.6,49.2,22716.8,15189.8,22.9,1.3
13.217,2,22695.9,15290.9,15.0,22684.3,15307.3,22.9,22744.5,15279.3,42.7,1.3
13.217,3,22895.0,15297.3,15.0,22911.1,15305.6,23.3,22901.1,15281.8,28.6,0.9
13.217,4,23589.8,13361.7,15.0,23575.2,13335.6,23.4,23596.1,13389.7,22.9,0.9
13.217,5,23643.6,12947.7,15.0,23627.9,12940.1,22.9,23657.6,12997.0,48.7,1.3
13.217,6,23547.5,13140.9,15.0,23541.2,13171.5,23.1,23562.5,13113.0,22.9,1.0
13.217,8,23519.5,14644.0,15.0,23500.8,14626.2,23.2,23532.7,14694.9,43.0,1.0
13.217,9,23543.2,13047.9,15.0,23528.5,13092.4,52.0,23556.8,13045.1,22.7,1.1
13.217,10,23522.9,14688.9,15.0,23540.5,14702.4,23.2,23510.4,14637.3,45.2,1.0
13.217,11,23604.0,14649.7,15.0,23620.0,14659.1,22.8,23591.1,14601.3,45.7,1.1
13.217,12,23485.3,14957.2,15.0,23501.1,14967.4,23.7,23477.9,14935.1,22.3,1.5
13.217,13,23608.1,14588.3,15.0,23623.9,14596.3,22.9,23594.5,14539.6,47.6,1.2
13.233,0,22890.6,15307.0,15.0,22888.1,15322.0,25.1,22909.2,15299.5,22.3,1.3
13.233,1,22722.0,15205.4,15.0,22772.0,15220.3,52.2,22715.5,15190.2,22.8,1.3
13.233,2,22693.7,15290.9,15.0,22683.8,15307.0,22.9,22742.2,15278.7,43.4,1.3
13.233,3,22893.6,15297.3,15.0,22911.9,15305.1,23.3,22894.5,15282.0,27.2,0.9
13.233,4,23589.8,13360.3,15.0,23574.9,13332.4,23.4,23596.1,13389.8,23.0,0.9
13.233,5,23643.6,12945.5,15.0,23628.4,12939.1,22.9,23658.2,12995.2,51.7,1.3
13.233,6,23547.5,13139.2,15.0,23541.0,13171.6,23.8,23562.9,13111.2,22.7,1.0
13.233,8,23519.4,14642.2,15.0,23501.0,14627.2,23.3,23533.3,14693.7,44.7,1.0
13.233,9,23543.2,13046.0,15.0,23528.4,13087.1,49.4,23556.2,13044.7,22.7,1.1
13.233,10,23522.9,14690.6,15.0,23540.2,14701.9,23.3,23509.8,14639.3,46.0,1.0
13.233,11,23604.0,14651.6,15.0,23619.6,14659.4,22.8,23590.5,14603.5,47.6,1.1
13.233,12,23485.3,14959.6,15.0,23501.2,14974.6,22.7,23478.1,14934.7,22.4,1.5
13.233,13,23608.1,14590.2,15.0,23623.4,14596.9,22.9,23593.9,14541.3,50.3,1.2
13.250,0,22888.4,15307.0,15.0,22878.4,15322.0,23.7,22909.7,15299.9,22.3,1.3
13.250,1,22719.8,15205.4,15.0,22768.7,15220.6,53.2,22714.3,15190.7,22.7,1.3
13.250,2,22691.5,15290.9,15.0,22682.7,15306.7,22.8,22739.9,15278.1,45.1,1.3
13.250,3,22892.2,15297.3,15.0,22912.6,15304.7,23.3,22887.8,15282.1,26.2,0.9
13.250,4,23589.8,13358.9,15.0,23574.6,13330.5,23.1,23596.2,13389.7,23.2,0.9
13.250,5,23643.6,12943.4,15.0,23628.8,12938.0,22.8,23658.6,12992.5,53.4,1.3
13.250,6,23547.5,13137.4,15.0,23540.7,13171.9,25.0,23563.3,13109.8,22.7,1.0
13.250,8,23519.4,14640.5,15.0,23501.3,14627.8,23.3,23533.9,14691.7,45.4,1.0
13.250,9,23543.2,13044.2,15.0,23528.6,13080.1,45.2,23555.6,13044.3,22.7,1.1
13.250,10,23522.9,14692.3,15.0,23539.8,14702.0,23.3,23509.2,14641.3,47.8,1.0
13.250,11,23604.0,14653.5,15.0,23619.2,14659.8,22.8,23589.9,14605.1,50.4,1.1
13.250,12,23485.3,14962.0,15.0,23501.5,14981.5,22.2,23478.2,14934.5,22.6,1.5
13.250,13,23608.1,14592.1,15.0,23622.9,14597.5,22.9,23593.3,14543.0,53.2,1.2
13.267,0,22886.2,15307.0,15.0,22870.4,15322.1,22.9,22910.1,15300.1,22.3,1.3
13.267,1,22717.6,15205.4,15.0,22764.3,15220.9,52.6,22713.1,15191.2,22.6,1.3
13.267,2,22689.3,15290.9,15.0,22681.5,15306.4,22.8,22737.4,15277.4,47.0,1.3
13.267,3,22890.7,15297.3,15.0,22913.3,15304.4,23.3,22880.3,15282.2,24.9,0.9
13.267,4,23589.8,13357.5,15.0,23574.2,13328.7,22.9,23596.3,13389.6,23.4,0.9
13.267,5,23643.6,12941.3,15.0,23629.4,12936.9,22.7,23658.9,12988.2,52.8,1.3
13.267,6,23547.5,13135.7,15.0,23540.3,13172.7,26.8,23563.6,13108.6,22.7,1.0
13.267,8,23519.3,14638.8,15.0,23501.7,14628.3,23.3,23534.4,14689.7,46.3,1.0
13.267,9,23543.2,13042.4,15.0,23528.8,13072.8,41.0,23554.9,13044.0,22.6,1.1
13.267,10,23522.9,14694.0,15.0,23539.4,14702.0,23.3,23508.6,14643.4,49.7,1.0
13.267,11,23604.0,14655.3,15.0,23618.7,14660.3,22.8,23589.4,14606.8,53.3,1.1
13.267,12,23485.3,14964.4,15.0,23501.9,14984.8,21.9,23478.2,14934.6,22.9,1.5
13.267,13,23608.1,14594.1,15.0,23622.4,14598.2,22.8,23593.0,14546.7,53.2,1.2
13.283,0,22883.9,15307.0,15.0,22863.8,15322.3,22.4,22910.3,15300.3,22.4,1.3
13.283,1,22715.4,15205.4,15.0,22758.4,15220.9,49.5,22712.0,15191.8,22.5,1.3
13.283,2,22687.0,15290.9,15.0,22680.3,15306.0,22.7,22735.6,15276.8,49.8,1.3
13.283,3,22889.3,15297.3,15.0,22913.9,15304.2,23.3,22872.6,15282.3,24.3,0.9
13.283,4,23589.8,13356.1,15.0,23573.9,13327.5,22.9,23596.5,13389.9,24.4,0.9
13.283,5,23643.6,12939.2,15.0,23630.0,12936.1,22.6,23658.9,12982.9,50.5,1.3
13.283,6,23547.5,13134.0,15.0,23539.8,13173.9,29.4,23563.9,13107.8,22.7,1.0
13.283,8,23519.2,14637.0,15.0,23502.1,14628.2,23.3,23534.9,14687.6,48.1,1.0
13.283,9,23543.2,13040.5,15.0,23529.0,13065.0,36.9,23554.2,13044.0,22.6,1.1
13.283,10,23522.9,14695.7,15.0,23538.9,14702.3,23.3,23508.0,14644.8,52.6,1.0
13.283,11,23604.0,14657.2,15.0,23618.1,14660.9,22.8,23589.1,14610.6,52.9,1.1
13.283,12,23485.3,14966.9,15.0,23502.3,14988.1,21.7,23478.0,14934.7,23.5,1.5
13.283,13,23608.1,14596.0,15.0,23621.8,14598.9,22.8,23592.8,14550.9,52.6,1.2
13.300,0,22881.7,15307.0,15.0,22859.6,15322.6,22.1,22910.3,15300.3,22.7,1.3
13.300,1,22713.1,15205.4,15.0,22751.0,15220.7,45.2,22711.2,15192.4,22.5,1.3
13.300,2,22684.8,15290.9,15.0,22679.0,15305.5,22.6,22733.6,15276.3,52.6,1.3
13.300,3,22887.9,15297.3,15.0,22914.4,15304.0,23.3,22866.1,15282.3,24.1,0.9
13.300,4,23589.8,13354.7,15.0,23573.6,13326.4,22.9,23596.8,13390.2,25.4,0.9
13.300,5,23643.6,12937.0,15.0,23630.6,12935.4,22.6,23658.8,12975.6,46.1,1.3
13.300,6,23547.5,13132.2,15.0,23539.1,13174.9,32.4,23564.2,13107.4,22.7,1.0
13.300,8,23519.2,14635.3,15.0,23502.5,14628.1,23.3,23535.4,14685.5,50.2,1.0
13.300,9,23543.2,13038.7,15.0,23529.0,13058.6,34.0,23553.6,13044.1,22.6,1.1
13.300,10,23522.9,14697.4,15.0,23538.4,14702.5,23.3,23507.5,14646.4,55.5,1.0
13.300,11,23604.0,14659.0,15.0,23617.6,14661.4,22.8,23588.9,14614.7,52.3,1.1
13.300,12,23485.3,14969.3,15.0,23502.6,14990.5,21.8,23477.7,14934.3,25.0,1.5
13.300,13,23608.1,14598.0,15.0,23621.2,14599.4,22.8,23592.9,14557.3,48.6,1.2
13.317,0,22879.5,15307.0,15.0,22856.5,15323.1,21.8,22910.1,15300.2,23.0,1.3
13.317,1,22710.9,15205.4,15.0,22743.2,15220.5,40.8,22710.6,15193.1,22.4,1.3
13.317,2,22682.6,15290.9,15.0,22677.7,15305.0,22.5,22729.3,15276.1,52.0,1.3
13.317,3,22886.5,15297.3,15.0,22914.8,15303.9,23.3,22861.1,15282.1,23.8,0.9
13.317,4,23589.8,13353.2,15.0,23573.3,13325.4,22.9,23597.1,13390.9,26.9,0.9
13.317,5,23643.6,12934.9,15.0,23631.3,12934.7,22.5,23658.6,12967.9,41.8,1.3
13.317,6,23547.5,13130.5,15.0,23538.4,13175.5,35.7,23564.3,13107.9,22.7,1.0
13.317,8,23519.1,14633.6,15.0,23503.0,14627.8,23.3,23535.9,14684.1,53.1,1.0
13.317,9,23543.2,13036.8,15.0,23528.9,13053.6,31.9,23552.9,13044.4,22.6,1.1
13.317,10,23522.9,14699.2,15.0,23537.8,14702.8,23.3,23507.3,14650.1,55.1,1.0
13.317,11,23604.0,14660.9,15.0,23616.9,14661.8,22.8,23589.0,14621.3,48.0,1.1
13.317,12,23485.3,14971.7,15.0,23502.9,14992.9,22.0,23477.3,14933.6,27.0,1.5
13.317,13,23608.1,14599.9,15.0,23620.6,14599.8,22.7,23593.1,14564.7,44.4,1.2
13.333,0,22877.3,15307.0,15.0,22854.2,15323.4,21.8,22910.3,15299.9,24.1,1.3
13.333,1,22708.7,15205.4,15.0,22734.9,15220.3,36.7,22710.2,15193.8,22.4,1.3
13.333,2,22680.4,15290.9,15.0,22676.6,15304.5,22.4,22724.7,15275.9,50.9,1.3
13.333,3,22885.1,15297.3,15.0,22915.1,15303.8,23.3,22856.2,15281.9,23.9,0.9
13.333,4,23589.8,13351.8,15.0,23573.0,13324.8,22.9,23597.5,13392.0,29.1,0.9
13.333,5,23643.6,12932.8,15.0,23632.0,12934.4,22.5,23658.4,12959.8,37.5,1.3
13.333,6,23547.5,13128.8,15.0,23537.7,13175.6,38.8,23564.4,13108.5,22.7,1.0
13.333,8,23519.1,14631.8,15.0,23503.5,14627.5,23.3,23536.4,14682.2,55.8,1.0
13.333,9,23543.2,13035.0,15.0,23528.9,13048.5,30.3,23552.2,13044.9,22.6,1.1
13.333,10,23522.9,14700.9,15.0,23537.3,14703.1,23.3,23507.1,14654.0,54.5,1.0
13.333,11,23604.0,14662.8,15.0,23616.3,14662.1,22.8,23589.2,14628.6,44.0,1.1
13.333,12,23485.3,14974.1,15.0,23503.2,14994.8,22.3,23476.7,14932.1,30.0,1.5
13.333,13,23608.1,14601.8,15.0,23619.9,14600.1,22.7,23593.3,14572.3,39.9,1.2
13.350,0,22875.1,15307.0,15.0,22852.0,15323.8,22.0,22910.6,15299.6,25.6,1.3
13.350,1,22706.5,15205.4,15.0,22728.9,15220.3,34.1,22710.1,15194.6,22.3,1.3
13.350,2,22678.2,15290.9,15.0,22675.7,15303.9,22.3,22717.6,15276.0,46.5,1.3
13.350,3,22883.7,15297.3,15.0,22915.2,15303.9,23.5,22854.1,15281.6,23.7,0.9
13.350,4,23589.8,13350.4,15.0,23572.8,13324.2,22.9,23598.0,13393.0,31.5,0.9
13.350,5,23643.6,12930.6,15.0,23632.7,12934.4,22.4,23658.4,12953.1,34.6,1.3
13.350,6,23547.5,13127.1,15.0,23537.0,13174.8,40.7,23564.3,13109.4,22.7,1.0
13.350,8,23519.0,14630.1,15.0,23504.1,14627.2,23.3,23536.4,14678.2,55.1,1.0
13.350,9,23543.2,13033.1,15.0,23528.8,13043.3,29.0,23551.5,13045.6,22.6,1.1
13.350,10,23522.9,14702.6,15.0,23536.6,14703.4,23.3,23507.2,14660.1,50.7,1.0
13.350,11,23604.0,14664.6,15.0,23615.6,14662.3,22.7,23589.4,14636.1,39.5,1.1
13.350,12,23485.3,14976.5,15.0,23503.4,14996.3,22.6,23476.0,14930.9,33.5,1.5
13.350,13,23608.1,14603.8,15.0,23619.2,14600.2,22.7,23593.5,14580.5,36.0,1.2
13.367,0,22872.8,15307.0,15.0,22850.3,15324.1,22.1,22911.8,15299.1,28.1,1.3
13.367,1,22704.2,15205.4,15.0,22723.6,15220.4,32.1,22710.2,15195.3,22.3,1.3
13.367,2,22676.0,15290.9,15.0,22674.8,15303.2,22.3,22710.1,15276.2,42.3,1.3
13.367,3,22882.2,15297.3,15.0,22915.1,15304.0,23.7,22852.2,15281.2,23.5,0.9
13.367,4,23589.8,13349.0,15.0,23572.6,13324.5,22.9,23598.6,13393.6,34.1,0.9
13.367,5,23643.6,12928.5,15.0,23633.4,12934.5,22.4,23658.5,12947.9,32.5,1.3
13.367,6,23547.5,13125.3,15.0,23536.4,13173.7,42.6,23564.1,13110.3,22.7,1.0
13.367,8,23518.9,14628.4,15.0,23504.7,14626.9,23.3,23536.4,14674.1,54.3,1.0
13.367,9,23543.2,13031.3,15.0,23528.9,13036.6,27.4,23551.0,13046.3,22.6,1.1
13.367,10,23522.9,14704.3,15.0,23536.0,14703.6,23.3,23507.3,14667.2,46.5,1.0
13.367,11,23604.0,14666.5,15.0,23614.9,14662.3,22.7,23589.6,14644.3,35.7,1.1
13.367,12,23485.3,14978.9,15.0,23503.5,14996.8,22.9,23475.2,14930.2,37.4,1.5
13.367,13,23608.1,14605.7,15.0,23618.5,14599.9,22.7,23593.4,14585.8,33.6,1.2
13.383,0,22870.6,15307.0,15.0,22848.7,15324.4,22.3,22913.0,15298.5,31.2,1.3
13.383,1,22702.0,15205.4,15.0,22718.1,15220.4,30.7,22710.6,15196.0,22.2,1.3
13.383,2,22673.7,15290.9,15.0,22674.3,15302.6,22.2,22702.3,15276.3,38.0,1.3
13.383,3,22880.8,15297.3,15.0,22915.3,15304.1,24.2,22850.6,15280.9,23.3,0.9
13.383,4,23589.8,13347.6,15.0,23572.5,13324.9,22.9,23599.2,13394.1,36.9,0.9
13.383,5,23643.6,12926.4,15.0,23634.1,12934.9,22.3,23658.5,12942.5,30.9,1.3
13.383,6,23547.5,13123.6,15.0,23535.8,13171.8,43.2,23563.9,13110.8,22.7,1.0
13.383,8,23518.9,14626.6,15.0,23505.3,14626.6,23.3,23536.1,14667.3,49.7,1.0
13.383,9,23543.2,13029.4,15.0,23529.0,13028.7,25.9,23550.5,13047.0,22.6,1.1
13.383,10,23522.9,14706.0,15.0,23535.3,14703.6,23.3,23507.5,14674.5,42.2,1.0
13.383,11,23604.0,14668.4,15.0,23614.2,14662.0,22.7,23589.6,14649.4,33.3,1.1
13.383,12,23485.3,14981.4,15.0,23503.4,14997.3,23.2,23474.4,14930.4,40.7,1.5
13.383,13,23608.1,14607.7,15.0,23617.7,14599.6,22.7,23593.3,14591.0,31.6,1.2
13.400,0,22868.4,15307.1,15.0,22848.3,15324.5,22.5,22913.8,15297.7,34.8,1.3
13.400,1,22699.8,15205.4,15.0,22712.6,15220.5,29.5,22711.1,15196.7,22.2,1.3
13.400,2,22671.5,15290.9,15.0,22674.0,15301.9,22.1,22694.8,15276.5,34.7,1.3
13.400,3,22879.4,15297.3,15.0,22915.7,15304.4,25.3,22849.5,15280.5,23.3,0.9
13.400,4,23589.8,13346.2,15.0,23572.5,13325.5,22.9,23599.8,13394.1,39.4,0.9
13.400,5,23643.6,12924.2,15.0,23634.8,12935.4,22.3,23658.6,12937.1,29.7,1.3
13.400,6,23547.5,13121.9,15.0,23535.2,13169.8,43.9,23563.6,13111.2,22.7,1.0
13.400,8,23518.8,14624.9,15.0,23506.0,14626.4,23.3,23535.6,14660.0,45.6,1.0
13.400,9,23543.2,13027.6,15.0,23529.1,13020.0,24.5,23550.0,13047.7,22.6,1.1
13.400,10,23522.9,14707.7,15.0,23534.6,14703.5,23.3,23507.7,14682.3,38.1,1.0
13.400,11,23604.0,14670.2,15.0,23613.5,14661.6,22.7,23589.5,14654.4,31.3,1.1
13.400,12,23485.3,14983.8,15.0,23503.3,14997.6,23.5,23473.5,14931.4,43.1,1.5
13.400,13,23608.1,14609.6,15.0,23617.1,14599.0,22.6,23593.3,14596.3,30.2,1.2
13.417,0,22866.2,15307.1,15.0,22848.1,15324.6,22.8,22914.3,15296.9,38.5,1.3
13.417,1,22697.6,15205.4,15.0,22704.8,15220.4,27.5,22711.7,15197.3,22.1,1.3
13.417,2,22669.3,15290.9,15.0,22674.0,15301.1,22.1,22689.7,15276.4,32.6,1.3
13.417,3,22878.0,15297.3,15.0,22916.1,15304.7,26.4,22848.3,15280.2,23.3,0.9
13.417,4,23589.8,13344.7,15.0,23572.6,13326.3,22.8,23600.3,13393.5,41.1,0.9
13.417,5,23643.6,12922.1,15.0,23635.4,12936.0,22.3,23658.5,12930.0,27.9,1.3
13.417,6,23547.5,13120.1,15.0,23534.7,13167.8,45.6,23563.2,13111.1,22.7,1.0
13.417,8,23518.8,14623.1,15.0,23506.7,14626.4,23.3,23535.2,14652.5,41.0,1.0
13.417,9,23543.2,13025.7,15.0,23529.2,13010.8,23.6,23549.7,13048.3,22.6,1.1
13.417,10,23522.9,14709.4,15.0,23533.9,14703.2,23.2,23507.8,14688.5,35.2,1.0
13.417,11,23604.0,14672.1,15.0,23612.8,14660.9,22.7,23589.4,14659.7,29.9,1.1
13.417,12,23485.3,14986.2,15.0,23503.1,14998.2,23.7,23472.7,14933.2,44.8,1.5
13.417,13,23608.1,14611.5,15.0,23616.4,14598.3,22.6,23593.2,14601.7,29.0,1.2
13.433,0,22864.0,15307.1,15.0,22848.2,15324.5,22.9,22913.4,15296.2,40.9,1.3
13.433,1,22695.4,15205.4,15.0,22696.5,15220.2,26.0,22712.3,15197.8,22.2,1.3
13.433,2,22667.1,15290.9,15.0,22674.2,15300.4,22.0,22684.4,15276.3,30.9,1.3
13.433,3,22876.6,15297.3,15.0,22917.2,15305.1,28.4,22847.6,15279.9,23.3,0.9
13.433,4,23589.8,13343.3,15.0,23572.7,13327.1,22.9,23600.9,13392.8,42.8,0.9
13.433,5,23643.6,12920.0,15.0,23636.0,12936.7,22.3,23658.4,12921.7,26.2,1.3
13.433,6,23547.5,13118.4,15.0,23534.1,13165.6,47.3,23562.8,13110.9,22.7,1.0
13.433,8,23518.7,14621.4,15.0,23507.4,14626.5,23.3,23534.7,14644.3,37.1,1.0
13.433,9,23543.2,13023.9,15.0,23529.1,13003.4,23.2,23549.5,13048.7,22.6,1.1
13.433,10,23522.9,14711.1,15.0,23533.2,14702.7,23.2,23507.7,14693.4,33.1,1.0
13.433,11,23604.0,14673.9,15.0,23612.2,14660.2,22.7,23589.4,14665.0,28.8,1.1
13.433,12,23485.3,14988.6,15.0,23502.8,14999.0,23.7,23472.0,14935.6,45.6,1.5
13.433,13,23608.1,14613.5,15.0,23615.8,14597.6,22.6,23593.4,14609.5,27.1,1.2
13.450,0,22861.7,15307.1,15.0,22848.3,15324.3,23.2,22912.3,15295.4,43.2,1.3
13.450,1,22693.1,15205.4,15.0,22687.1,15220.1,24.1,22712.8,15198.2,22.2,1.3
13.450,2,22664.9,15290.9,15.0,22674.6,15299.7,22.0,22679.0,15276.3,29.7,1.3
13.450,3,22875.2,15297.3,15.0,22918.4,15305.5,30.8,22847.0,15279.7,23.3,0.9
13.450,4,23589.8,13341.9,15.0,23572.9,13327.7,22.9,23601.4,13391.3,43.5,0.9
13.450,5,23643.6,12917.8,15.0,23636.4,12937.2,22.3,23658.3,12912.6,24.5,1.3
13.450,6,23547.5,13116.7,15.0,23533.6,13164.2,50.0,23562.4,13110.5,22.7,1.0
13.450,8,23518.7,14619.7,15.0,23508.1,14626.9,23.3,23534.5,14639.1,34.6,1.0
13.450,9,23543.2,13022.0,15.0,23528.9,12997.4,23.1,23549.4,13049.0,22.6,1.1
13.450,10,23522.9,14712.8,15.0,23532.5,14702.0,23.2,23507.6,14698.5,31.4,1.0
13.450,11,23604.0,14675.8,15.0,23611.7,14659.5,22.7,23589.5,14672.9,26.9,1.1
13.450,12,23485.3,14991.0,15.0,23502.5,15000.4,23.6,23471.3,14938.0,47.3,1.5
13.450,13,23608.1,14615.4,15.0,23615.3,14596.8,22.6,23593.5,14617.7,25.7,1.2
13.467,0,22859.5,15307.1,15.0,22847.9,15324.1,23.2,22910.0,15294.7,44.0,1.3
13.467,1,22690.9,15205.4,15.0,22677.5,15220.1,23.2,22713.3,15198.6,22.2,1.3
13.467,2,22662.7,15290.9,15.0,22675.1,15299.1,22.0,22672.5,15276.3,28.2,1.3
13.467,3,22873.7,15297.3,15.0,22919.4,15306.1,33.3,22846.7,15279.4,23.3,0.9
13.467,4,23589.8,13340.5,15.0,23573.1,13328.1,22.9,23601.9,13389.7,44.0,0.9
13.467,5,23643.6,12915.7,15.0,23636.8,12937.8,22.3,23658.2,12903.1,23.4,1.3
13.467,6,23547.5,13114.9,15.0,23533.0,13162.6,52.8,23561.9,13110.2,22.7,1.0
13.467,8,23518.6,14617.9,15.0,23508.8,14627.4,23.3,23534.5,14634.0,32.5,1.0
13.467,9,23543.2,13020.2,15.0,23528.6,12993.5,22.9,23549.5,13049.0,22.8,1.1
13.467,10,23522.9,14714.5,15.0,23531.9,14701.2,23.2,23507.6,14703.6,30.1,1.0
13.467,11,23604.0,14677.7,15.0,23611.2,14658.7,22.7,23589.6,14681.0,25.6,1.1
13.467,12,23485.3,14993.4,15.0,23502.2,15002.0,23.5,23470.6,14940.6,49.4,1.5
13.467,13,23608.1,14617.3,15.0,23615.0,14596.2,22.6,23593.6,14627.0,24.1,1.2
13.483,0,22857.3,15307.1,15.0,22847.4,15323.8,23.2,22907.7,15294.1,44.9,1.3
13.483,1,22688.7,15205.4,15.0,22671.0,15220.2,22.4,22713.5,15198.7,22.3,1.3
13.483,2,22660.4,15290.9,15.0,22675.6,15298.6,22.0,22664.5,15276.4,26.4,1.3
13.483,3,22872.3,15297.3,15.0,22920.1,15306.7,36.2,22847.3,15279.3,23.3,0.9
13.483,4,23589.8,13339.1,15.0,23573.4,13328.4,22.9,23602.4,13388.1,44.8,0.9
13.483,5,23643.6,12913.6,15.0,23637.0,12938.1,22.4,23658.3,12895.9,22.7,1.3
13.483,6,23547.5,13113.2,15.0,23532.8,13159.0,52.4,23561.3,13109.8,22.7,1.0
13.483,8,23518.5,14616.2,15.0,23509.5,14628.2,23.2,23534.3,14628.9,31.0,1.0
13.483,9,23543.2,13018.3,15.0,23528.2,12991.1,22.7,23549.6,13048.9,23.0,1.1
13.483,10,23522.9,14716.2,15.0,23531.3,14700.3,23.2,23507.6,14709.8,28.7,1.0
13.483,11,23604.0,14679.5,15.0,23610.8,14658.1,22.7,23589.7,14690.2,24.1,1.1
13.483,12,23485.3,14995.9,15.0,23501.8,15003.7,23.4,23470.0,14942.6,52.3,1.5
13.483,13,23608.1,14619.3,15.0,23614.7,14595.6,22.7,23593.7,14636.5,23.5,1.2
13.500,0,22855.1,15307.1,15.0,22846.2,15323.4,23.1,22905.4,15293.4,46.8,1.3
13.500,1,22686.5,15205.4,15.0,22664.9,15220.5,22.1,22713.6,15198.8,22.4,1.3
13.500,2,22658.2,15290.9,15.0,22676.1,15298.1,22.0,22655.8,15276.5,24.7,1.3
13.500,3,22870.9,15297.3,15.0,22920.6,15307.3,39.2,22847.8,15279.2,23.3,0.9
13.500,4,23589.8,13337.7,15.0,23573.7,13328.3,22.9,23602.9,13386.4,46.2,0.9
13.500,5,23643.6,12911.4,15.0,23637.1,12938.3,22.5,23658.5,12889.4,22.4,1.3
13.500,6,23547.5,13111.5,15.0,23532.6,13155.1,51.9,23560.8,13109.4,22.7,1.0
13.500,8,23518.5,14614.5,15.0,23510.2,14629.1,23.3,23534.2,14623.6,29.7,1.0
13.500,9,23543.2,13016.5,15.0,23527.7,12989.2,22.6,23549.8,13049.0,23.9,1.1
13.500,10,23522.9,14717.9,15.0,23530.8,14699.4,23.2,23507.7,14717.7,27.0,1.0
13.500,11,23604.0,14681.4,15.0,23610.5,14657.5,22.7,23589.8,14699.6,23.6,1.1
13.500,12,23485.3,14998.3,15.0,23501.3,15005.3,23.2,23469.3,14944.6,55.5,1.5
13.500,13,23608.1,14621.2,15.0,23614.5,14595.3,22.7,23593.5,14642.7,23.0,1.2
13.517,0,22852.8,15307.1,15.0,22845.0,15323.1,23.1,22903.1,15292.8,49.0,1.3
13.517,1,22684.3,15205.4,15.0,22662.0,15220.9,21.8,22713.4,15198.8,22.7,1.3
13.517,2,22656.0,15290.9,15.0,22676.5,15297.7,22.0,22646.3,15276.6,23.3,1.3
13.517,3,22869.5,15297.3,15.0,22920.3,15307.9,41.3,22848.6,15279.2,23.3,0.9
13.517,4,23589.8,13336.2,15.0,23574.0,13328.2,22.9,23603.3,13384.7,47.7,0.9
13.517,5,23643.6,12909.3,15.0,23637.0,12938.2,22.7,23658.9,12885.9,22.2,1.3
13.517,6,23547.5,13109.7,15.0,23532.7,13149.2,48.1,23560.2,13109.0,22.7,1.0
13.517,8,23518.4,14612.7,15.0,23510.8,14629.9,23.2,23533.9,14616.3,28.0,1.0
13.517,9,23543.2,13014.6,15.0,23527.3,12987.6,22.6,23550.1,13049.3,25.2,1.1
13.517,10,23522.9,14719.6,15.0,23530.3,14698.6,23.3,23507.8,14726.0,25.6,1.0
13.517,11,23604.0,14683.2,15.0,23610.4,14657.1,22.7,23589.6,14705.7,23.2,1.1
13.517,12,23485.3,15000.7,15.0,23500.8,15007.0,23.1,23469.0,14949.0,55.1,1.5
13.517,13,23608.1,14623.2,15.0,23614.4,14595.0,22.7,23593.2,14648.9,23.0,1.2
13.533,0,22850.6,15307.1,15.0,22843.8,15322.6,23.0,22901.2,15292.2,51.9,1.3
13.533,1,22682.0,15205.4,15.0,22659.2,15221.2,21.7,22713.3,15198.6,23.3,1.3
13.533,2,22653.8,15290.9,15.0,22676.8,15297.5,22.1,22638.6,15276.5,22.6,1.3
13.533,3,22868.1,15297.3,15.0,22919.6,15308.5,43.1,22849.6,15279.3,23.3,0.9
13.533,4,23589.8,13334.8,15.0,23574.3,13328.0,22.9,23603.8,13383.4,49.7,0.9
13.533,5,23643.6,12907.2,15.0,23636.9,12938.0,23.1,23659.3,12883.1,21.9,1.3
13.533,6,23547.5,13108.0,15.0,23532.9,13142.3,44.2,23559.6,13108.7,22.7,1.0
13.533,8,23518.4,14611.0,15.0,23511.4,14630.8,23.3,23533.5,14608.2,26.5,1.0
13.533,9,23543.2,13012.8,15.0,23527.0,12986.4,22.6,23550.5,13050.3,27.3,1.1
13.533,10,23522.9,14721.3,15.0,23530.0,14697.8,23.2,23507.9,14735.1,24.4,1.0
13.533,11,23604.0,14685.1,15.0,23610.3,14656.8,22.8,23589.4,14711.7,23.2,1.1
13.533,12,23485.3,15003.1,15.0,23500.3,15008.4,22.9,23468.8,14953.8,54.3,1.5
13.533,13,23608.1,14625.1,15.0,23614.5,14595.2,23.0,23592.8,14651.4,22.7,1.2
13.550,0,22848.4,15307.1,15.0,22842.6,15322.2,22.9,22898.6,15291.7,54.0,1.3
13.550,1,22679.8,15205.4,15.0,22657.0,15221.6,21.8,22713.6,15198.3,24.7,1.3
13.550,2,22651.6,15290.9,15.0,22676.9,15297.4,22.1,22632.1,15276.3,22.1,1.3
13.550,3,22866.7,15297.3,15.0,22918.8,15309.1,44.6,22850.4,15279.5,23.3,0.9
13.550,4,23589.8,13333.4,15.0,23574.7,13327.7,22.9,23604.2,13382.1,52.0,0.9
13.550,5,23643.6,12905.1,15.0,23636.7,12938.2,24.3,23659.7,12881.0,21.9,1.3
13.550,6,23547.5,13106.3,15.0,23533.1,13135.3,40.1,23559.0,13108.6,22.7,1.0
13.550,8,23518.3,14609.2,15.0,23511.8,14631.6,23.3,23533.1,14599.3,25.0,1.0
13.550,9,23543.2,13010.9,15.0,23526.7,12985.5,22.6,23551.1,13051.5,30.1,1.1
13.550,10,23522.9,14723.0,15.0,23529.7,14697.1,23.3,23508.0,14743.9,24.1,1.0
13.550,11,23604.0,14687.0,15.0,23610.4,14657.0,23.0,23589.0,14714.1,22.9,1.1
13.550,12,23485.3,15005.5,15.0,23499.6,15009.5,22.8,23468.9,14961.4,49.4,1.5
13.550,13,23608.1,14627.0,15.0,23614.7,14595.3,23.3,23592.4,14653.9,22.4,1.2
13.567,0,22846.2,15307.1,15.0,22841.3,15321.6,22.8,22894.3,15291.5,53.3,1.3
13.567,1,22677.6,15205.4,15.0,22655.0,15221.9,21.9,22714.2,15197.9,26.5,1.3
13.567,2,22649.3,15290.9,15.0,22676.8,15297.4,22.4,22627.9,15276.0,21.8,1.3
13.567,3,22865.2,15297.3,15.0,22917.1,15309.6,45.2,22851.0,15279.7,23.3,0.9
13.567,4,23589.8,13332.0,15.0,23575.1,13327.4,22.9,23604.6,13380.5,53.8,0.9
13.567,5,23643.6,12902.9,15.0,23636.3,12938.6,25.7,23660.1,12879.0,22.0,1.3
13.567,6,23547.5,13104.5,15.0,23533.3,13127.7,36.3,23558.3,13108.6,22.7,1.0
13.567,8,23518.3,14607.5,15.0,23512.1,14632.4,23.3,23532.8,14589.9,24.3,1.0
13.567,9,23543.2,13009.1,15.0,23526.5,12985.4,22.6,23551.8,13052.4,33.3,1.1
13.567,10,23522.9,14724.7,15.0,23529.6,14696.7,23.2,23507.8,14749.8,23.8,1.0
13.567,11,23604.0,14688.8,15.0,23610.5,14657.1,23.3,23588.5,14716.5,22.6,1.1
13.567,12,23485.3,15007.9,15.0,23498.9,15010.5,22.7,23469.1,14969.5,44.9,1.5
13.567,13,23608.1,14629.0,15.0,23614.9,14594.9,24.6,23592.0,14655.6,22.5,1.2
13.583,0,22844.0,15307.1,15.0,22840.3,15321.1,22.7,22889.0,15291.4,51.3,1.3
13.583,1,22675.4,15205.3,15.0,22653.4,15222.2,22.1,22715.5,15197.4,29.4,1.3
13.583,2,22647.1,15290.9,15.0,22676.5,15297.5,22.7,22625.0,15275.6,21.6,1.3
13.583,3,22863.8,15297.3,15.0,22915.5,15310.2,45.7,22851.5,15279.9,23.3,0.9
13.583,4,23589.8,13330.6,15.0,23575.6,13327.1,22.9,23604.8,13377.3,53.3,0.9
13.583,5,23643.6,12900.8,15.0,23635.8,12939.9,28.4,23660.4,12877.6,22.2,1.3
13.583,6,23547.5,13102.8,15.0,23533.3,13122.0,33.7,23557.6,13108.8,22.7,1.0
13.583,8,23518.2,14605.8,15.0,23512.3,14633.0,23.3,23532.6,14582.5,23.9,1.0
13.583,9,23543.2,13007.2,15.0,23526.4,12985.8,22.6,23552.5,13052.9,36.8,1.1
13.583,10,23522.9,14726.5,15.0,23529.5,14696.3,23.3,23507.5,14755.5,23.9,1.0
13.583,11,23604.0,14690.7,15.0,23610.8,14656.7,24.6,23588.1,14718.1,22.6,1.1
13.583,12,23485.3,15010.4,15.0,23498.2,15011.2,22.6,23469.3,14977.9,40.2,1.5
13.583,13,23608.1,14630.9,15.0,23615.3,14594.5,26.1,23591.6,14657.2,22.5,1.2
13.600,0,22841.7,15307.1,15.0,22839.5,15320.4,22.6,22881.6,15291.5,46.8,1.3
13.600,1,22673.2,15205.3,15.0,22652.3,15222.4,22.3,22716.4,15196.7,32.6,1.3
13.600,2,22644.9,15290.9,15.0,22676.6,15297.7,23.8,22622.6,15275.2,21.6,1.3
13.600,3,22862.4,15297.4,15.0,22913.8,15310.7,46.9,22851.7,15280.2,23.3,0.9
13.600,4,23589.8,13329.2,15.0,23576.0,13326.8,22.9,23604.9,13374.1,52.8,0.9
13.600,5,23643.6,12898.7,15.0,23635.2,12941.0,31.5,23660.6,12876.1,22.3,1.3
13.600,6,23547.5,13101.1,15.0,23533.2,13117.2,31.7,23557.0,13109.2,22.7,1.0
13.600,8,23518.2,14604.0,15.0,23512.4,14633.4,23.3,23532.7,14576.5,23.8,1.0
13.600,9,23543.2,13005.4,15.0,23526.4,12986.5,22.6,23553.2,13052.6,39.5,1.1
13.600,10,23522.9,14728.2,15.0,23529.6,14696.3,23.5,23507.1,14757.8,23.6,1.0
13.600,11,23604.0,14692.6,15.0,23611.1,14656.4,26.0,23587.7,14719.6,22.7,1.1
13.600,12,23485.3,15012.8,15.0,23497.4,15011.5,22.5,23469.4,14986.0,36.6,1.5
13.600,13,23608.1,14632.9,15.0,23615.8,14593.1,28.9,23591.3,14658.3,22.6,1.2
13.617,0,22839.5,15307.1,15.0,22838.7,15319.8,22.5,22873.8,15291.7,42.3,1.3
13.617,1,22670.9,15205.3,15.0,22652.1,15222.5,22.5,22717.0,15195.9,36.3,1.3
13.617,2,22642.7,15290.9,15.0,22676.9,15298.0,25.2,22620.4,15274.9,21.7,1.3
13.617,3,22861.0,15297.4,15.0,22912.1,15311.2,48.4,22851.6,15280.6,23.3,0.9
13.617,4,23589.8,13327.7,15.0,23576.5,13326.6,22.9,23604.9,13369.6,50.3,0.9
13.617,5,23643.6,12896.5,15.0,23634.4,12941.7,35.0,23660.8,12876.0,22.5,1.3
13.617,6,23547.5,13099.4,15.0,23533.1,13112.3,30.2,23556.3,13109.8,22.7,1.0
13.617,8,23518.1,14602.3,15.0,23512.4,14633.6,23.4,23532.9,14572.5,23.7,1.0
13.617,9,23543.2,13003.5,15.0,23526.5,12987.4,22.7,23553.9,13051.7,41.6,1.1
13.617,10,23522.9,14729.9,15.0,23529.8,14696.3,23.8,23506.7,14760.0,23.3,1.0
13.617,11,23604.0,14694.4,15.0,23611.7,14655.0,28.7,23587.4,14720.6,22.7,1.1
13.617,12,23485.3,15015.2,15.0,23496.6,15011.4,22.4,23469.3,14991.4,34.3,1.5
13.617,13,23608.1,14634.8,15.0,23616.5,14592.0,31.9,23591.0,14659.2,22.6,1.2
13.633,0,22837.3,15307.1,15.0,22838.3,15319.0,22.5,22865.5,15291.9,38.0,1.3
13.633,1,22668.7,15205.3,15.0,22651.9,15222.5,22.7,22716.8,15195.2,39.3,1.3
13.633,2,22640.5,15290.9,15.0,22677.9,15298.5,27.6,22618.8,15274.6,21.8,1.3
13.633,3,22859.6,15297.4,15.0,22910.4,15311.6,50.0,22851.6,15280.9,23.3,0.9
13.633,4,23589.8,13326.3,15.0,23577.0,13326.3,22.9,23604.8,13364.1,46.9,0.9
13.633,5,23643.6,12894.4,15.0,23633.7,12942.0,38.6,23660.8,12876.0,22.7,1.3
13.633,6,23547.5,13097.6,15.0,23533.1,13107.3,29.0,23555.7,13110.4,22.7,1.0
13.633,8,23518.1,14600.6,15.0,23512.3,14633.5,23.7,23533.3,14570.2,23.4,1.0
13.633,9,23543.2,13001.7,15.0,23526.7,12988.0,22.7,23554.6,13050.0,42.8,1.1
13.633,10,23522.9,14731.6,15.0,23530.0,14695.9,25.0,23506.2,14761.4,23.3,1.0
13.633,11,23604.0,14696.3,15.0,23612.3,14653.8,31.7,23587.1,14721.4,22.7,1.1
13.633,12,23485.3,15017.6,15.0,23495.8,15011.2,22.3,23469.2,14997.1,32.5,1.5
13.633,13,23608.1,14636.7,15.0,23617.2,14591.2,35.4,23590.9,14658.9,22.7,1.2
13.650,0,22835.1,15307.1,15.0,22838.2,15318.3,22.4,22858.6,15292.0,35.0,1.3
13.650,1,22666.5,15205.3,15.0,22652.0,15222.4,22.9,22715.8,15194.4,41.6,1.3
13.650,2,22638.3,15290.9,15.0,22679.0,15299.1,30.6,22617.2,15274.4,22.0,1.3
13.650,3,22858.2,15297.4,15.0,22909.3,15312.1,52.4,22851.4,15281.3,23.3,0.9
13.650,4,23589.8,13324.9,15.0,23577.6,13326.1,22.9,23604.7,13358.3,43.7,0.9
13.650,5,23643.6,12892.3,15.0,23632.9,12941.1,40.8,23660.7,12876.3,22.8,1.3
13.650,6,23547.5,13095.9,15.0,23533.1,13101.0,27.5,23555.2,13111.1,22.7,1.0
13.650,8,23518.0,14598.8,15.0,23512.1,14633.8,24.4,23533.7,14568.3,23.3,1.0
13.650,9,23543.2,12999.8,15.0,23527.0,12988.4,22.7,23555.2,13047.9,43.5,1.1
13.650,10,23522.9,14733.3,15.0,23530.4,14695.4,26.3,23505.8,14762.8,23.3,1.0
13.650,11,23604.0,14698.1,15.0,23613.0,14653.1,35.1,23587.0,14721.0,22.7,1.1
13.650,12,23485.3,15020.0,15.0,23495.1,15010.7,22.3,23469.2,15002.9,31.3,1.5
13.650,13,23608.1,14638.7,15.0,23618.0,14591.0,38.9,23590.8,14658.5,22.8,1.2
13.667,0,22832.8,15307.1,15.0,22838.3,15317.6,22.4,22853.3,15291.9,32.9,1.3
13.667,1,22664.3,15205.3,15.0,22651.9,15222.2,23.0,22714.1,15193.7,43.1,1.3
13.667,2,22636.0,15290.9,15.0,22679.7,15299.8,33.9,22616.7,15274.2,22.2,1.3
13.667,3,22856.7,15297.4,15.0,22908.0,15312.6,54.8,22851.2,15281.7,23.3,0.9
13.667,4,23589.8,13323.5,15.0,23578.1,13326.1,22.9,23604.5,13352.4,40.1,0.9
13.667,5,23643.6,12890.1,15.0,23632.2,12939.9,42.9,23660.6,12876.5,23.0,1.3
13.667,6,23547.5,13094.2,15.0,23533.2,13093.4,26.0,23554.7,13111.9,22.7,1.0
13.667,8,23518.0,14597.1,15.0,23511.7,14634.3,25.7,23534.1,14566.9,23.3,1.0
13.667,9,23543.2,12998.0,15.0,23527.3,12988.3,22.7,23555.8,13045.8,44.8,1.1
13.667,10,23522.9,14735.0,15.0,23530.9,14694.0,28.8,23505.5,14763.6,23.3,1.0
13.667,11,23604.0,14700.0,15.0,23613.8,14652.7,38.7,23586.9,14720.6,22.8,1.1
13.667,12,23485.3,15022.4,15.0,23494.4,15010.1,22.3,23469.2,15009.9,29.6,1.5
13.667,13,23608.1,14640.6,15.0,23618.7,14591.8,41.1,23590.9,14657.8,22.8,1.2
13.683,0,22830.6,15307.1,15.0,22838.6,15316.8,22.3,22847.9,15291.8,31.2,1.3
13.683,1,22662.0,15205.3,15.0,22651.4,15221.9,23.1,22711.8,15193.0,43.9,1.3
13.683,2,22633.8,15290.9,15.0,22680.0,15300.6,37.6,22616.3,15274.2,22.5,1.3
13.683,3,22855.3,15297.4,15.0,22905.6,15312.9,55.6,22850.9,15282.2,23.3,0.9
13.683,4,23589.8,13322.1,15.0,23578.6,13326.1,22.9,23604.3,13346.1,36.9,0.9
13.683,5,23643.6,12888.0,15.0,23631.5,12937.7,43.7,23660.3,12876.3,23.0,1.3
13.683,6,23547.5,13092.4,15.0,23533.4,13085.2,24.6,23554.3,13112.5,22.7,1.0
13.683,8,23517.9,14595.3,15.0,23511.3,14635.2,27.6,23534.5,14565.8,23.3,1.0
13.683,9,23543.2,12996.1,15.0,23527.7,12988.1,22.7,23556.4,13043.6,46.6,1.1
13.683,10,23522.9,14736.7,15.0,23531.4,14692.7,31.7,23505.2,14764.3,23.3,1.0
13.683,11,23604.0,14701.9,15.0,23614.5,14653.5,40.8,23587.0,14719.7,22.8,1.1
13.683,12,23485.3,15024.9,15.0,23493.8,15009.5,22.2,23469.3,15018.5,27.6,1.5
13.683,13,23608.1,14642.6,15.0,23619.4,14593.0,43.0,23591.1,14657.1,22.9,1.2
13.700,0,22828.4,15307.1,15.0,22839.2,15316.1,22.3,22842.3,15291.8,30.0,1.3
13.700,1,22659.8,15205.3,15.0,22650.5,15221.6,23.1,22709.5,15192.3,45.4,1.3
13.700,2,22631.6,15290.9,15.0,22679.1,15301.3,39.9,22616.4,15274.2,22.6,1.3
13.700,3,22853.9,15297.4,15.0,22902.3,15313.1,55.0,22850.7,15282.6,23.3,0.9
13.700,4,23589.8,13320.7,15.0,23579.2,13326.3,22.9,23604.3,13341.0,34.6,0.9
13.700,5,23643.6,12885.9,15.0,23630.9,12935.4,44.7,23660.0,12875.9,23.0,1.3
13.700,6,23547.5,13090.7,15.0,23533.5,13076.4,23.7,23554.0,13113.1,22.7,1.0
13.700,8,23517.9,14593.6,15.0,23510.8,14636.7,30.5,23534.8,14565.0,23.3,1.0
13.700,9,23543.2,12994.3,15.0,23528.2,12987.7,22.7,23557.0,13041.9,49.1,1.1
13.700,10,23522.9,14738.4,15.0,23532.1,14691.7,34.9,23505.0,14764.1,23.2,1.0
13.700,11,23604.0,14703.7,15.0,23615.2,14654.6,42.8,23587.1,14718.8,22.8,1.1
13.700,12,23485.3,15027.3,15.0,23493.2,15008.8,22.3,23469.4,15028.0,25.6,1.5
13.700,13,23608.1,14644.5,15.0,23620.1,14595.1,43.7,23591.3,14656.9,22.9,1.2
13.717,0,22826.2,15307.1,15.0,22839.8,15315.5,22.2,22835.1,15291.9,28.2,1.3
13.717,1,22657.6,15205.3,15.0,22649.4,15221.3,23.0,22707.1,15191.7,47.3,1.3
13.717,2,22629.4,15290.9,15.0,22678.0,15302.1,42.0,22616.4,15274.4,22.8,1.3
13.717,3,22852.5,15297.4,15.0,22899.0,15313.2,54.5,22850.4,15283.1,23.3,0.9
13.717,4,23589.8,13319.2,15.0,23579.8,13326.7,22.9,23604.4,13337.1,32.9,0.9
13.717,5,23643.6,12883.7,15.0,23630.2,12933.1,46.5,23659.7,12875.0,23.0,1.3
13.717,6,23547.5,13089.0,15.0,23533.4,13068.6,23.4,23553.8,13113.6,22.7,1.0
13.717,8,23517.8,14591.9,15.0,23510.2,14637.9,33.7,23535.0,14564.7,23.3,1.0
13.717,9,23543.2,12992.5,15.0,23528.6,12987.2,22.7,23557.5,13040.2,51.9,1.1
13.717,10,23522.9,14740.1,15.0,23532.9,14691.0,38.5,23504.9,14763.5,23.2,1.0
13.717,11,23604.0,14705.6,15.0,23615.8,14656.6,43.5,23587.4,14718.4,22.8,1.1
13.717,12,23485.3,15029.7,15.0,23492.8,15008.2,22.3,23469.5,15038.1,23.9,1.5
13.717,13,23608.1,14646.4,15.0,23620.7,14597.3,44.7,23591.7,14656.8,22.9,1.2
13.733,0,22824.0,15307.1,15.0,22840.4,15314.9,22.3,22826.7,15292.0,26.5,1.3
13.733,1,22655.4,15205.3,15.0,22648.1,15220.8,22.9,22705.1,15191.1,49.9,1.3
13.733,2,22627.2,15290.9,15.0,22675.7,15302.7,42.8,22615.9,15274.6,22.9,1.3
13.733,3,22851.1,15297.4,15.0,22893.5,15313.1,50.7,22850.3,15283.7,23.3,0.9
13.733,4,23589.8,13317.8,15.0,23580.3,13327.0,22.9,23604.4,13333.1,31.3,0.9
13.733,5,23643.6,12881.6,15.0,23629.6,12930.9,48.7,23659.3,12874.1,22.9,1.3
13.733,6,23547.5,13087.2,15.0,23533.3,13062.9,23.2,23553.7,13113.9,22.7,1.0
13.733,8,23517.8,14590.1,15.0,23509.4,14638.7,37.2,23535.2,14565.4,23.2,1.0
13.733,9,23543.2,12990.6,15.0,23529.2,12986.7,22.7,23557.8,13037.0,52.5,1.1
13.733,10,23522.9,14741.8,15.0,23533.6,14691.3,41.2,23504.9,14762.5,23.2,1.0
13.733,11,23604.0,14707.5,15.0,23616.5,14658.7,44.3,23587.7,14718.1,22.9,1.1
13.733,12,23485.3,15032.1,15.0,23492.6,15007.9,22.4,23469.4,15046.0,22.9,1.5
13.733,13,23608.1,14648.4,15.0,23621.3,14599.5,46.5,23592.0,14657.3,22.9,1.2
13.750,0,22821.7,15307.1,15.0,22841.0,15314.5,22.3,22817.5,15292.1,24.7,1.3
13.750,1,22653.2,15205.3,15.0,22646.9,15220.4,22.8,22703.2,15190.5,52.8,1.3
13.750,2,22624.9,15290.9,15.0,22673.4,15303.3,43.7,22615.4,15274.9,22.9,1.3
13.750,3,22849.7,15297.4,15.0,22887.7,15313.0,47.2,22850.1,15284.2,23.3,0.9
13.750,4,23589.8,13316.4,15.0,23580.8,13327.6,22.9,23604.5,13328.9,30.2,0.9
13.750,5,23643.6,12879.5,15.0,23629.0,12929.1,51.6,23658.8,12873.0,22.9,1.3
13.750,6,23547.5,13085.5,15.0,23533.0,13058.2,23.2,23553.6,13114.1,22.8,1.0
13.750,8,23517.7,14588.4,15.0,23508.6,14639.0,40.5,23535.3,14566.2,23.3,1.0
13.750,9,23543.2,12988.8,15.0,23529.7,12986.2,22.7,23558.0,13033.0,51.9,1.1
13.750,10,23522.9,14743.5,15.0,23534.3,14692.0,43.3,23505.0,14761.4,23.2,1.0
13.750,11,23604.0,14709.3,15.0,23617.1,14660.9,46.1,23588.1,14718.4,22.8,1.1
13.750,12,23485.3,15034.5,15.0,23492.4,15007.6,22.5,23469.2,15053.1,22.3,1.5
13.750,13,23608.1,14650.3,15.0,23621.9,14601.6,48.6,23592.4,14657.8,22.9,1.2
13.767,0,22819.5,15307.1,15.0,22841.5,15314.1,22.3,22807.7,15292.2,23.5,1.3
13.767,1,22650.9,15205.3,15.0,22645.6,15219.9,22.7,22699.4,15190.2,53.1,1.3
13.767,2,22622.7,15290.9,15.0,22671.1,15304.0,45.5,22614.2,15275.2,22.8,1.3
13.767,3,22848.2,15297.4,15.0,22881.6,15312.9,43.6,22850.1,15284.7,23.3,0.9
13.767,4,23589.8,13315.0,15.0,23581.4,13328.2,22.9,23604.5,13324.8,29.3,0.9
13.767,5,23643.6,12877.3,15.0,23628.5,12926.5,53.4,23658.4,12871.9,22.8,1.3
13.767,6,23547.5,13083.8,15.0,23532.6,13056.0,22.9,23553.7,13113.9,23.0,1.0
13.767,8,23517.7,14586.7,15.0,23507.9,14638.2,42.7,23535.2,14567.3,23.2,1.0
13.767,9,23543.2,12986.9,15.0,23530.3,12985.7,22.7,23558.0,13027.3,48.8,1.1
13.767,10,23522.9,14745.2,15.0,23535.0,14693.4,44.7,23505.2,14760.5,23.2,1.0
13.767,11,23604.0,14711.2,15.0,23617.6,14663.1,48.0,23588.5,14718.7,22.8,1.1
13.767,12,23485.3,15036.9,15.0,23492.4,15007.6,22.9,23468.8,15057.1,21.9,1.5
13.767,13,23608.1,14652.2,15.0,23622.5,14603.2,51.5,23592.9,14658.4,22.9,1.2
13.783,0,22817.3,15307.1,15.0,22841.8,15313.9,22.4,22800.5,15292.1,22.7,1.3
13.783,1,22648.7,15205.3,15.0,22644.4,15219.4,22.6,22695.1,15189.9,52.5,1.3
13.783,2,22620.5,15290.9,15.0,22668.7,15304.6,47.6,22613.0,15275.6,22.8,1.3
13.783,3,22846.8,15297.4,15.0,22875.3,15312.7,40.0,22850.1,15285.3,23.3,0.9
13.783,4,23589.8,13313.6,15.0,23581.8,13328.8,22.9,23604.5,13319.6,28.0,0.9
13.783,5,23643.6,12875.2,15.0,23628.3,12922.2,52.8,23657.8,12870.9,22.7,1.3
13.783,6,23547.5,13082.0,15.0,23532.1,13054.0,22.7,23553.9,13113.9,23.5,1.0
13.783,8,23517.7,14584.9,15.0,23507.1,14637.2,44.6,23535.1,14568.4,23.3,1.0
13.783,9,23543.2,12985.1,15.0,23531.0,12985.3,22.7,23557.9,13020.2,44.6,1.1
13.783,10,23522.9,14746.9,15.0,23535.6,14695.4,45.4,23505.5,14759.9,23.2,1.0
13.783,11,23604.0,14713.0,15.0,23618.2,14664.6,50.9,23588.9,14719.2,22.8,1.1
13.783,12,23485.3,15039.4,15.0,23492.5,15007.8,23.3,23468.4,15060.4,21.7,1.5
13.783,13,23608.1,14654.2,15.0,23623.0,14605.6,53.6,23593.4,14659.1,22.8,1.2
13.800,0,22815.1,15307.1,15.0,22842.1,15313.8,22.5,22793.8,15291.9,22.3,1.3
13.800,1,22646.5,15205.3,15.0,22643.5,15218.7,22.5,22688.4,15190.0,48.5,1.3
13.800,2,22618.3,15290.9,15.0,22666.9,15305.2,50.5,22611.7,15276.0,22.7,1.3
13.800,3,22845.4,15297.4,15.0,22868.5,15312.5,36.9,22850.2,15285.9,23.3,0.9
13.800,4,23589.8,13312.2,15.0,23582.2,13329.5,22.9,23604.4,13313.3,26.7,0.9
13.800,5,23643.6,12873.1,15.0,23628.2,12916.9,50.6,23657.2,12870.0,22.6,1.3
13.800,6,23547.5,13080.3,15.0,23531.7,13052.6,22.7,23554.2,13114.2,24.7,1.0
13.800,8,23517.6,14583.2,15.0,23506.4,14635.2,45.3,23534.9,14569.1,23.3,1.0
13.800,9,23543.2,12983.2,15.0,23531.6,12985.2,22.6,23557.7,13012.9,40.3,1.1
13.800,10,23522.9,14748.6,15.0,23536.2,14697.4,46.5,23505.8,14759.5,23.3,1.0
13.800,11,23604.0,14714.9,15.0,23618.7,14666.6,53.5,23589.4,14719.7,22.8,1.1
13.800,12,23485.3,15041.8,15.0,23492.8,15007.4,24.7,23468.1,15063.0,21.8,1.5
13.800,13,23608.1,14656.1,15.0,23623.2,14609.7,52.9,23594.0,14659.7,22.8,1.2
13.817,0,22812.9,15307.1,15.0,22841.9,15313.8,22.8,22790.4,15291.5,22.0,1.3
13.817,1,22644.3,15205.3,15.0,22642.7,15218.1,22.5,22680.8,15190.1,44.3,1.3
13.817,2,22616.1,15290.9,15.0,22664.4,15305.7,52.5,22610.4,15276.5,22.6,1.3
13.817,3,22844.0,15297.4,15.0,22864.4,15312.6,34.9,22850.6,15286.5,23.3,0.9
13.817,4,23589.8,13310.7,15.0,23582.6,13330.1,22.9,23604.3,13306.9,25.7,0.9
13.817,5,23643.6,12871.0,15.0,23628.4,12909.7,46.2,23656.6,12869.1,22.6,1.3
13.817,6,23547.5,13078.6,15.0,23531.4,13051.2,22.7,23554.5,13114.7,26.1,1.0
13.817,8,23517.6,14581.4,15.0,23505.7,14633.2,46.1,23534.5,14569.7,23.3,1.0
13.817,9,23543.2,12981.4,15.0,23532.3,12985.1,22.6,23557.5,13005.0,36.3,1.1
13.817,10,23522.9,14750.3,15.0,23536.8,14699.4,48.3,23506.2,14759.6,23.3,1.0
13.817,11,23604.0,14716.8,15.0,23618.9,14670.6,52.8,23590.0,14720.2,22.8,1.1
13.817,12,23485.3,15044.2,15.0,23493.2,15006.9,26.3,23467.7,15065.5,22.0,1.5
13.817,13,23608.1,14658.1,15.0,23623.3,14614.5,51.2,23594.5,14660.3,22.8,1.2
13.833,0,22810.6,15307.1,15.0,22841.7,15313.9,23.1,22787.5,15291.1,21.8,1.3
13.833,1,22642.1,15205.3,15.0,22642.1,15217.4,22.4,22673.0,15190.3,39.7,1.3
13.833,2,22613.9,15290.9,15.0,22660.1,15305.9,51.8,22609.3,15277.0,22.5,1.3
13.833,3,22842.6,15297.4,15.0,22860.3,15312.7,33.1,22851.1,15287.1,23.3,0.9
13.833,4,23589.8,13309.3,15.0,23582.9,13330.7,22.9,23604.2,13299.7,24.5,0.9
13.833,5,23643.6,12868.8,15.0,23628.5,12902.0,41.9,23655.9,12868.7,22.5,1.3
13.833,6,23547.5,13076.8,15.0,23531.1,13050.4,22.7,23555.0,13116.0,28.7,1.0
13.833,8,23517.5,14579.7,15.0,23505.1,14631.1,47.9,23534.2,14569.6,23.3,1.0
13.833,9,23543.2,12979.5,15.0,23533.0,12985.3,22.6,23557.4,12999.0,33.7,1.1
13.833,10,23522.9,14752.1,15.0,23537.4,14701.3,50.4,23506.6,14759.7,23.3,1.0
13.833,11,23604.0,14718.6,15.0,23619.1,14675.0,51.7,23590.6,14720.7,22.8,1.1
13.833,12,23485.3,15046.6,15.0,23493.7,15005.4,29.3,23467.5,15067.4,22.2,1.5
13.833,13,23608.1,14660.0,15.0,23623.1,14621.5,46.8,23595.2,14660.8,22.7,1.2
13.850,0,22808.4,15307.2,15.0,22842.0,15314.2,24.5,22785.3,15290.7,21.9,1.3
13.850,1,22639.8,15205.3,15.0,22641.7,15216.7,22.4,22664.6,15190.5,35.9,1.3
13.850,2,22611.6,15290.9,15.0,22654.9,15306.0,49.9,22608.1,15277.5,22.4,1.3
13.850,3,22841.2,15297.4,15.0,22856.1,15312.8,31.7,22851.6,15287.6,23.3,0.9
13.850,4,23589.8,13307.9,15.0,23583.2,13331.2,22.9,23604.1,13292.3,23.9,0.9
13.850,5,23643.6,12866.7,15.0,23628.7,12893.9,37.7,23655.2,12868.3,22.5,1.3
13.850,6,23547.5,13075.1,15.0,23530.8,13049.7,22.7,23555.6,13117.1,31.5,1.0
13.850,8,23517.5,14578.0,15.0,23504.4,14629.0,49.8,23533.7,14569.6,23.3,1.0
13.850,9,23543.2,12977.7,15.0,23533.7,12985.6,22.6,23557.5,12994.0,31.6,1.1
13.850,10,23522.9,14753.8,15.0,23538.0,14702.8,53.3,23507.1,14759.9,23.3,1.0
13.850,11,23604.0,14720.5,15.0,23619.0,14681.8,47.2,23591.2,14721.1,22.8,1.1
13.850,12,23485.3,15049.0,15.0,23494.4,15004.2,32.7,23467.2,15069.2,22.5,1.5
13.850,13,23608.1,14661.9,15.0,23623.0,14629.0,42.6,23595.8,14661.2,22.7,1.2
13.867,0,22806.2,15307.2,15.0,22842.4,15314.5,26.0,22783.1,15290.4,22.0,1.3
13.867,1,22637.6,15205.3,15.0,22641.8,15216.0,22.3,22659.4,15190.4,33.6,1.3
13.867,2,22609.4,15290.9,15.0,22647.8,15305.9,45.6,22607.1,15278.1,22.3,1.3
13.867,3,22839.7,15297.4,15.0,22851.8,15312.8,30.6,22852.3,15288.2,23.3,0.9
13.867,4,23589.8,13306.5,15.0,23583.3,13331.6,22.9,23604.1,13285.9,23.6,0.9
13.867,5,23643.6,12864.6,15.0,23628.8,12887.1,34.6,23654.5,12868.2,22.4,1.3
13.867,6,23547.5,13073.4,15.0,23530.6,13050.2,22.7,23556.3,13117.8,34.7,1.0
13.867,8,23517.4,14576.2,15.0,23503.8,14627.6,52.7,23533.2,14569.3,23.3,1.0
13.867,9,23543.2,12975.8,15.0,23534.4,12986.2,22.6,23557.6,12988.9,30.1,1.1
13.867,10,23522.9,14755.5,15.0,23538.5,14704.8,55.6,23507.6,14760.2,23.3,1.0
13.867,11,23604.0,14722.3,15.0,23618.8,14689.2,43.1,23591.9,14721.4,22.8,1.1
13.867,12,23485.3,15051.4,15.0,23495.2,15003.4,36.5,23467.1,15069.8,22.8,1.5
13.867,13,23608.1,14663.9,15.0,23622.8,14636.9,38.2,23596.5,14661.3,22.7,1.2
13.883,0,22804.0,15307.2,15.0,22843.8,15315.1,28.8,22781.5,15290.1,22.2,1.3
13.883,1,22635.4,15205.3,15.0,22641.9,15215.2,22.2,22654.0,15190.3,31.7,1.3
13.883,3,22838.3,15297.4,15.0,22847.5,15312.9,29.6,22853.0,15288.7,23.3,0.9
13.883,4,23589.8,13305.1,15.0,23583.4,13331.9,22.9,23604.3,13281.1,23.4,0.9
13.883,5,23643.6,12862.4,15.0,23628.7,12881.9,32.5,23653.8,12868.4,22.4,1.3
13.883,6,23547.5,13071.6,15.0,23530.5,13050.6,22.7,23557.0,13118.2,38.2,1.0
13.883,8,23517.4,14574.5,15.0,23503.1,14626.0,55.7,23532.7,14569.1,23.3,1.0
13.883,9,23543.2,12974.0,15.0,23535.0,12986.8,22.6,23557.6,12983.6,28.9,1.1
13.883,10,23522.9,14757.2,15.0,23538.7,14708.7,54.9,23508.2,14760.5,23.3,1.0
13.883,11,23604.0,14724.2,15.0,23618.6,14696.8,38.7,23592.6,14721.5,22.7,1.1
13.883,12,23485.3,15053.9,15.0,23496.1,15003.3,40.1,23467.1,15070.3,23.2,1.5
13.883,13,23608.1,14665.8,15.0,23622.6,14644.2,34.9,23597.2,14661.3,22.7,1.2
13.900,0,22801.7,15307.2,15.0,22844.9,15315.7,32.0,22780.1,15289.9,22.3,1.3
13.900,1,22633.2,15205.3,15.0,22642.4,15214.5,22.2,22648.6,15190.3,30.4,1.3
13.900,3,22836.9,15297.4,15.0,22841.3,15312.8,28.1,22853.8,15289.2,23.3,0.9
13.900,4,23589.8,13303.7,15.0,23583.5,13332.2,22.9,23604.5,13276.4,23.5,0.9
13.900,5,23643.6,12860.3,15.0,23628.6,12876.6,30.9,23653.1,12868.8,22.3,1.3
13.900,6,23547.5,13069.9,15.0,23530.6,13051.6,22.7,23557.7,13117.4,40.2,1.0
13.900,8,23517.4,14572.8,15.0,23502.8,14622.1,55.1,23532.2,14568.8,23.3,1.0
13.900,9,23543.2,12972.1,15.0,23535.6,12987.6,22.6,23557.6,12976.6,27.2,1.1
13.900,10,23522.9,14758.9,15.0,23538.8,14712.8,54.1,23508.8,14760.8,23.3,1.0
13.900,11,23604.0,14726.1,15.0,23618.4,14704.6,35.2,23593.2,14721.5,22.7,1.1
13.900,12,23485.3,15056.3,15.0,23496.9,15004.2,42.6,23467.3,15070.5,23.5,1.5
13.900,13,23608.1,14667.8,15.0,23622.7,14649.2,32.7,23598.0,14661.0,22.6,1.2
13.917,0,22799.5,15307.2,15.0,22845.6,15316.5,35.6,22779.8,15289.8,22.6,1.3
13.917,1,22631.0,15205.3,15.0,22642.9,15213.9,22.2,22642.7,15190.2,29.1,1.3
13.917,3,22835.5,15297.4,15.0,22834.7,15312.7,26.8,22854.5,15289.6,23.3,0.9
13.917,4,23589.8,13302.2,15.0,23583.4,13332.1,23.1,23604.8,13274.1,23.3,0.9
13.917,5,23643.6,12858.2,15.0,23628.6,12871.1,29.7,23652.4,12869.3,22.3,1.3
13.917,6,23547.5,13068.2,15.0,23530.7,13052.5,22.7,23558.4,13116.6,42.2,1.0
13.917,8,23517.3,14571.0,15.0,23502.5,14618.1,54.5,23531.6,14568.5,23.3,1.0
13.917,9,23543.2,12970.3,15.0,23536.1,12988.3,22.6,23557.5,12968.6,25.7,1.1
13.917,10,23522.9,14760.6,15.0,23538.7,14719.4,49.6,23509.4,14761.0,23.3,1.0
13.917,11,23604.0,14727.9,15.0,23618.5,14709.5,32.9,23594.0,14721.1,22.7,1.1
13.917,12,23485.3,15058.7,15.0,23497.7,15005.8,44.5,23467.4,15071.0,23.6,1.5
13.917,13,23608.1,14669.7,15.0,23622.8,14654.4,30.9,23598.7,14660.6,22.6,1.2
13.933,0,22797.3,15307.2,15.0,22845.8,15317.3,39.1,22779.7,15289.7,22.8,1.3
13.933,1,22628.7,15205.3,15.0,22643.5,15213.3,22.1,22634.6,15190.4,27.1,1.3
13.933,3,22834.1,15297.4,15.0,22827.7,15312.6,25.7,22855.2,15290.0,23.3,0.9
13.933,4,23589.8,13300.8,15.0,23583.3,13332.1,23.3,23605.1,13272.3,23.1,0.9
13.933,5,23643.6,12856.0,15.0,23628.7,12864.0,28.0,23651.8,12869.9,22.3,1.3
13.933,6,23547.5,13066.5,15.0,23531.0,13053.1,22.7,23559.0,13114.7,43.0,1.0
13.933,8,23517.3,14569.3,15.0,23502.5,14611.6,50.3,23530.9,14568.3,23.3,1.0
13.933,9,23543.2,12968.4,15.0,23536.5,12988.9,22.6,23557.3,12959.8,24.3,1.1
13.933,10,23522.9,14762.3,15.0,23538.5,14726.6,45.6,23510.1,14761.2,23.3,1.0
13.933,11,23604.0,14729.8,15.0,23618.6,14714.6,31.0,23594.7,14720.7,22.7,1.1
13.933,12,23485.3,15061.1,15.0,23498.4,15008.1,45.4,23467.7,15071.9,23.7,1.5
13.933,13,23608.1,14671.6,15.0,23622.9,14659.8,29.7,23599.3,14659.9,22.6,1.2
13.950,0,22795.1,15307.2,15.0,22844.8,15318.1,41.4,22779.8,15289.8,23.0,1.3
13.950,1,22626.5,15205.3,15.0,22644.0,15212.8,22.2,22626.0,15190.5,25.5,1.3
13.950,3,22832.7,15297.4,15.0,22820.1,15312.5,24.6,22855.9,15290.2,23.3,0.9
13.950,4,23589.8,13299.4,15.0,23583.2,13332.1,23.7,23605.5,13270.7,22.9,0.9
13.950,5,23643.6,12853.9,15.0,23628.8,12855.8,26.3,23651.2,12870.5,22.3,1.3
13.950,6,23547.5,13064.7,15.0,23531.3,13053.6,22.7,23559.5,13112.7,43.6,1.0
13.950,8,23517.2,14567.5,15.0,23502.4,14604.4,46.1,23530.2,14568.1,23.3,1.0
13.950,9,23543.2,12966.6,15.0,23536.8,12989.5,22.6,23557.2,12950.6,23.5,1.1
13.950,10,23522.9,14764.0,15.0,23538.3,14734.0,41.1,23510.7,14761.2,23.2,1.0
13.950,11,23604.0,14731.7,15.0,23618.6,14719.9,29.7,23595.3,14720.0,22.7,1.1
13.950,12,23485.3,15063.5,15.0,23499.1,15010.5,46.9,23468.0,15073.1,23.7,1.5
13.950,13,23608.1,14673.6,15.0,23622.8,14666.1,28.2,23600.0,14659.2,22.6,1.2
13.967,0,22792.9,15307.2,15.0,22843.4,15318.8,43.4,22779.8,15290.0,23.2,1.3
13.967,1,22624.3,15205.3,15.0,22644.6,15212.4,22.2,22616.5,15190.6,23.8,1.3
13.967,3,22831.2,15297.4,15.0,22812.4,15312.5,24.2,22856.5,15290.5,23.3,0.9
13.967,4,23589.8,13298.0,15.0,23583.0,13332.4,24.7,23605.8,13269.5,22.9,0.9
13.967,5,23643.6,12851.8,15.0,23628.9,12846.8,24.6,23650.8,12871.1,22.3,1.3
13.967,6,23547.5,13063.0,15.0,23531.6,13053.5,22.7,23560.1,13110.7,45.1,1.0
13.967,8,23517.2,14565.8,15.0,23502.5,14596.9,41.6,23529.6,14568.2,23.3,1.0
13.967,9,23543.2,12964.7,15.0,23536.9,12989.9,22.6,23557.4,12943.6,23.2,1.1
13.967,10,23522.9,14765.7,15.0,23538.1,14742.0,37.2,23511.4,14761.1,23.3,1.0
13.967,11,23604.0,14733.5,15.0,23618.7,14725.6,28.4,23595.9,14719.3,22.7,1.1
13.967,12,23485.3,15065.9,15.0,23499.8,15013.0,48.9,23468.4,15074.7,23.6,1.5
13.967,13,23608.1,14675.5,15.0,23622.7,14674.2,26.4,23600.5,14658.5,22.6,1.2
13.983,0,22790.6,15307.2,15.0,22841.2,15319.5,44.2,22779.4,15290.3,23.2,1.3
13.983,1,22622.1,15205.3,15.0,22645.0,15212.1,22.2,22607.7,15190.5,23.0,1.3
13.983,3,22829.8,15297.4,15.0,22806.8,15312.6,23.9,22856.9,15290.6,23.3,0.9
13.983,4,23589.8,13296.6,15.0,23582.7,13332.7,25.8,23606.1,13268.4,22.9,0.9
13.983,5,23643.6,12849.6,15.0,23629.0,12837.2,23.4,23650.4,12871.6,22.3,1.3
13.983,6,23547.5,13061.3,15.0,23532.0,13053.3,22.7,23560.7,13108.6,46.8,1.0
13.983,8,23517.2,14564.1,15.0,23502.5,14588.8,37.6,23528.9,14568.3,23.3,1.0
13.983,9,23543.2,12962.9,15.0,23537.0,12990.2,22.6,23557.6,12937.6,23.1,1.1
13.983,10,23522.9,14767.4,15.0,23538.1,14747.3,34.7,23512.1,14760.6,23.2,1.0
13.983,11,23604.0,14735.4,15.0,23618.5,14733.6,26.6,23596.5,14718.6,22.7,1.1
13.983,12,23485.3,15068.4,15.0,23500.5,15015.2,51.6,23468.7,15076.4,23.4,1.5
13.983,13,23608.1,14677.5,15.0,23622.6,14682.8,24.9,23601.0,14657.8,22.6,1.2
14.000,0,22788.4,15307.2,15.0,22838.9,15320.2,45.4,22778.7,15290.6,23.2,1.3
14.000,1,22619.8,15205.3,15.0,22645.2,15211.9,22.3,22601.2,15190.3,22.3,1.3
14.000,3,22828.4,15297.4,15.0,22801.9,15312.8,23.8,22857.3,15290.7,23.3,0.9
14.000,4,23589.8,13295.2,15.0,23582.3,13333.7,27.7,23606.4,13267.6,22.9,0.9
14.000,5,23643.6,12847.5,15.0,23628.9,12829.9,22.8,23650.2,12872.0,22.4,1.3
14.000,6,23547.5,13059.5,15.0,23532.4,13053.0,22.7,23561.2,13107.0,49.3,1.0
14.000,8,23517.1,14562.3,15.0,23502.3,14583.0,34.9,23528.1,14568.7,23.3,1.0
14.000,9,23543.2,12961.0,15.0,23537.0,12990.1,22.8,23557.9,12934.2,22.9,1.1
14.000,10,23522.9,14769.1,15.0,23538.2,14752.2,32.6,23512.8,14760.1,23.3,1.0
14.000,11,23604.0,14737.2,15.0,23618.4,14741.9,25.2,23597.0,14717.8,22.7,1.1
14.000,12,23485.3,15070.8,15.0,23501.2,15017.2,54.8,23469.2,15078.1,23.2,1.5
14.000,13,23608.1,14679.4,15.0,23622.5,14692.2,23.8,23601.3,14657.2,22.6,1.2
14.017,0,22786.2,15307.2,15.0,22836.5,15320.8,47.3,22777.6,15290.9,23.1,1.3
14.017,1,22617.6,15205.3,15.0,22645.2,15211.9,22.5,22595.9,15190.1,22.1,1.3
14.017,3,22827.0,15297.4,15.0,22797.7,15313.0,23.9,22857.5,15290.7,23.4,0.9
14.017,4,23589.8,13293.7,15.0,23581.9,13334.7,29.9,23606.6,13267.0,22.9,0.9
14.017,5,23643.6,12845.4,15.0,23628.6,12823.4,22.4,23650.1,12872.2,22.5,1.3
14.017,6,23547.5,13057.8,15.0,23532.9,13052.7,22.7,23561.7,13105.4,52.1,1.0
14.017,8,23517.1,14560.6,15.0,23502.1,14578.0,32.7,23527.4,14569.2,23.3,1.0
14.017,9,23543.2,12959.2,15.0,23536.9,12990.0,23.1,23558.4,12931.9,22.6,1.1
14.017,10,23522.9,14770.8,15.0,23538.3,14757.3,31.1,23513.5,14759.4,23.2,1.0
14.017,11,23604.0,14739.1,15.0,23618.3,14751.2,23.9,23597.3,14717.2,22.7,1.1
14.017,12,23485.3,15073.2,15.0,23501.5,15021.0,55.2,23469.7,15079.6,23.1,1.5
14.017,13,23608.1,14681.3,15.0,23622.5,14700.4,23.3,23601.5,14656.7,22.7,1.2
14.033,0,22784.0,15307.2,15.0,22834.3,15321.5,49.6,22776.4,15291.3,23.1,1.3
14.033,1,22615.4,15205.3,15.0,22645.0,15212.0,22.8,22593.0,15189.6,21.8,1.3
14.033,3,22825.6,15297.4,15.0,22795.9,15313.4,23.6,22857.5,15290.7,23.5,0.9
14.033,4,23589.8,13292.3,15.0,23581.4,13335.6,32.3,23606.9,13266.6,22.9,0.9
14.033,5,23643.6,12843.3,15.0,23628.3,12819.9,22.2,23650.2,12872.1,22.7,1.3
14.033,6,23547.5,13056.1,15.0,23533.4,13052.3,22.7,23562.0,13102.4,52.6,1.0
14.033,8,23517.0,14558.8,15.0,23502.0,14572.8,31.2,23526.8,14570.0,23.3,1.0
14.033,9,23543.2,12957.3,15.0,23536.6,12990.2,24.1,23558.8,12930.1,22.6,1.1
14.033,10,23522.9,14772.5,15.0,23538.3,14762.5,29.9,23514.2,14758.5,23.2,1.0
14.033,11,23604.0,14741.0,15.0,23618.3,14760.0,23.5,23597.6,14716.6,22.7,1.1
14.033,12,23485.3,15075.6,15.0,23501.8,15025.7,54.6,23470.2,15081.1,23.0,1.5
14.033,13,23608.1,14683.3,15.0,23622.7,14706.6,23.0,23601.6,14656.4,22.7,1.2
14.050,0,22781.8,15307.2,15.0,22832.5,15322.1,52.7,22775.1,15291.7,23.0,1.3
14.050,1,22613.2,15205.3,15.0,22645.0,15212.2,23.6,22590.4,15189.3,21.7,1.3
14.050,3,22824.2,15297.4,15.0,22794.0,15313.8,23.4,22857.5,15290.6,23.8,0.9
14.050,4,23589.8,13290.9,15.0,23580.8,13336.2,35.0,23607.0,13267.0,22.9,0.9
14.050,5,23643.6,12841.1,15.0,23627.9,12817.0,21.9,23650.3,12871.9,23.0,1.3
14.050,6,23547.5,13054.3,15.0,23534.0,13051.9,22.7,23562.2,13098.5,52.0,1.0
14.050,8,23517.0,14557.1,15.0,23501.8,14567.6,29.9,23526.1,14570.9,23.3,1.0
14.050,9,23543.2,12955.5,15.0,23536.3,12990.5,25.4,23559.2,12928.5,22.6,1.1
14.050,10,23522.9,14774.2,15.0,23538.3,14769.3,28.2,23514.7,14757.7,23.2,1.0
14.050,11,23604.0,14742.8,15.0,23618.5,14766.1,23.1,23597.7,14716.3,22.7,1.1
14.050,12,23485.3,15078.0,15.0,23501.7,15032.6,50.5,23470.8,15082.5,22.8,1.5
14.050,13,23608.1,14685.2,15.0,23623.1,14711.1,22.8,23601.7,14656.3,22.8,1.2
14.067,0,22779.5,15307.2,15.0,22829.3,15322.5,53.8,22773.9,15292.2,22.9,1.3
14.067,1,22611.0,15205.3,15.0,22645.3,15212.5,25.0,22588.2,15188.9,21.8,1.3
14.067,3,22822.7,15297.4,15.0,22792.7,15314.1,23.3,22857.8,15290.4,24.6,0.9
14.067,4,23589.8,13289.5,15.0,23580.2,13336.7,37.9,23607.1,13267.5,22.9,0.9
14.067,5,23643.6,12839.0,15.0,23627.5,12814.9,21.9,23650.5,12872.1,24.3,1.3
14.067,6,23547.5,13052.6,15.0,23534.5,13051.5,22.7,23562.2,13093.3,49.3,1.0
14.067,8,23517.0,14555.4,15.0,23501.7,14560.6,28.2,23525.5,14571.8,23.3,1.0
14.067,9,23543.2,12953.6,15.0,23535.9,12991.6,27.7,23559.5,12927.4,22.6,1.1
14.067,10,23522.9,14775.9,15.0,23538.2,14777.3,26.6,23515.2,14756.8,23.2,1.0
14.067,11,23604.0,14744.7,15.0,23618.7,14771.4,23.1,23597.7,14716.1,22.8,1.1
14.067,12,23485.3,15080.4,15.0,23501.6,15040.6,46.1,23471.5,15083.5,22.7,1.5
14.067,13,23608.1,14687.1,15.0,23623.5,14713.7,22.6,23601.6,14656.5,23.1,1.2
14.083,0,22777.3,15307.2,15.0,22824.9,15322.7,53.2,22772.7,15292.8,22.8,1.3
14.083,1,22608.7,15205.3,15.0,22646.2,15212.9,27.2,22586.3,15188.6,22.0,1.3
14.083,3,22821.3,15297.4,15.0,22791.6,15314.5,23.3,22858.2,15290.1,25.6,0.9
14.083,4,23589.8,13288.1,15.0,23579.6,13336.3,40.0,23607.1,13268.2,22.9,0.9
14.083,5,23643.6,12836.9,15.0,23627.1,12812.9,22.0,23650.8,12872.4,25.7,1.3
14.083,6,23547.5,13050.9,15.0,23535.1,13051.2,22.7,23562.1,13086.6,45.2,1.0
14.083,8,23516.9,14553.6,15.0,23501.7,14552.5,26.6,23525.0,14572.7,23.3,1.0
14.083,9,23543.2,12951.8,15.0,23535.3,12992.8,30.5,23559.8,12926.5,22.6,1.1
14.083,10,23522.9,14777.7,15.0,23538.0,14785.8,25.2,23515.7,14756.0,23.2,1.0
14.083,11,23604.0,14746.5,15.0,23619.2,14773.8,22.8,23597.6,14716.2,23.0,1.1
14.083,12,23485.3,15082.9,15.0,23501.4,15048.9,41.3,23472.2,15084.0,22.6,1.5
14.083,13,23608.1,14689.1,15.0,23623.9,14715.8,22.4,23601.4,14656.4,23.9,1.2
14.100,0,22775.1,15307.2,15.0,22819.0,15322.8,50.2,22771.6,15293.4,22.7,1.3
14.100,1,22606.5,15205.3,15.0,22647.4,15213.5,30.1,22584.8,15188.3,22.1,1.3
14.100,3,22819.9,15297.4,15.0,22790.5,15314.8,23.3,22858.7,15289.8,26.9,0.9
14.100,4,23589.8,13286.7,15.0,23579.0,13335.7,41.6,23607.0,13269.0,22.8,0.9
14.100,5,23643.6,12834.7,15.0,23626.8,12811.5,22.2,23651.4,12873.7,28.3,1.3
14.100,6,23547.5,13049.1,15.0,23535.8,13051.0,22.7,23561.9,13079.6,41.2,1.0
14.100,8,23516.9,14551.9,15.0,23501.6,14543.7,25.2,23524.6,14573.6,23.3,1.0
14.100,9,23543.2,12949.9,15.0,23534.6,12993.6,33.8,23560.0,12926.6,22.6,1.1
14.100,10,23522.9,14779.4,15.0,23537.9,14795.0,24.3,23516.0,14755.2,23.2,1.0
14.100,11,23604.0,14748.4,15.0,23619.6,14776.1,22.6,23597.5,14716.3,23.5,1.1
14.100,12,23485.3,15085.3,15.0,23501.2,15057.8,37.1,23473.0,15084.5,22.5,1.5
14.100,13,23608.1,14691.0,15.0,23624.3,14717.5,22.5,23601.1,14656.0,25.2,1.2
14.117,0,22772.9,15307.2,15.0,22811.5,15322.6,45.8,22770.8,15294.0,22.6,1.3
14.117,1,22604.3,15205.3,15.0,22648.2,15214.2,33.4,22584.0,15188.1,22.3,1.3
14.117,3,22818.5,15297.4,15.0,22789.9,15315.1,23.3,22860.0,15289.4,29.2,0.9
14.117,4,23589.8,13285.2,15.0,23578.5,13334.8,43.2,23606.8,13269.8,22.9,0.9
14.117,5,23643.6,12832.6,15.0,23626.5,12810.0,22.3,23652.0,12874.9,31.4,1.3
14.117,6,23547.5,13047.4,15.0,23536.4,13051.0,22.7,23561.7,13072.2,37.2,1.0
14.117,8,23516.9,14550.2,15.0,23501.5,14534.3,24.3,23524.3,14574.4,23.3,1.0
14.117,9,23543.2,12948.1,15.0,23533.9,12994.1,37.3,23560.1,12927.0,22.7,1.1
14.117,10,23522.9,14781.1,15.0,23538.0,14803.0,24.0,23516.2,14754.6,23.3,1.0
14.117,11,23604.0,14750.3,15.0,23620.0,14777.6,22.6,23597.2,14715.9,24.8,1.1
14.117,12,23485.3,15087.7,15.0,23501.3,15063.2,34.8,23473.8,15084.5,22.4,1.5
14.117,13,23608.1,14693.0,15.0,23624.7,14718.9,22.5,23600.6,14655.1,27.2,1.2
14.133,0,22770.6,15307.2,15.0,22803.6,15322.5,41.4,22770.3,15294.7,22.5,1.3
14.133,1,22602.1,15205.3,15.0,22648.8,15215.0,37.1,22583.7,15188.1,22.6,1.3
14.133,3,22817.1,15297.4,15.0,22789.3,15315.3,23.3,22861.1,15288.9,31.6,0.9
14.133,4,23589.8,13283.8,15.0,23578.0,13333.2,43.7,23606.6,13270.2,22.9,0.9
14.133,5,23643.6,12830.5,15.0,23626.4,12809.9,22.5,23652.7,12875.6,34.9,1.3
14.133,6,23547.5,13045.7,15.0,23537.1,13051.1,22.7,23561.6,13065.7,34.3,1.0
14.133,8,23516.8,14548.4,15.0,23501.3,14526.5,24.0,23524.1,14575.0,23.3,1.0
14.133,9,23543.2,12946.3,15.0,23533.1,12993.6,39.8,23560.1,12927.8,22.6,1.1
14.133,10,23522.9,14782.8,15.0,23538.2,14808.9,23.8,23516.3,14754.2,23.2,1.0
14.133,11,23604.0,14752.1,15.0,23620.4,14779.0,22.7,23596.8,14715.3,26.5,1.1
14.133,12,23485.3,15090.1,15.0,23501.4,15068.8,32.9,23474.6,15084.4,22.4,1.5
14.133,13,23608.1,14694.9,15.0,23624.9,14719.9,22.6,23600.0,14653.8,30.1,1.2
14.150,0,22768.4,15307.2,15.0,22795.2,15322.3,37.1,22769.9,15295.4,22.5,1.3
14.150,3,22815.7,15297.4,15.0,22789.4,15315.5,23.3,22862.0,15288.3,34.3,0.9
14.150,4,23589.8,13282.4,15.0,23577.5,13331.6,44.2,23606.4,13270.7,22.9,0.9
14.150,5,23643.6,12828.3,15.0,23626.4,12809.9,22.7,23653.5,12875.9,38.6,1.3
14.150,6,23547.5,13043.9,15.0,23537.8,13051.5,22.7,23561.7,13060.9,32.2,1.0
14.150,8,23516.8,14546.7,15.0,23501.0,14520.4,23.8,23524.0,14575.4,23.3,1.0
14.150,9,23543.2,12944.4,15.0,23532.4,12992.7,41.9,23559.9,12928.7,22.7,1.1
14.150,10,23522.9,14784.5,15.0,23538.5,14813.7,23.8,23516.3,14753.9,23.3,1.0
14.150,11,23604.0,14754.0,15.0,23620.7,14780.0,22.7,23596.3,14714.0,29.2,1.1
14.150,12,23485.3,15092.5,15.0,23501.4,15074.6,31.5,23475.4,15083.9,22.3,1.5
14.150,13,23608.1,14696.8,15.0,23625.2,14720.3,22.6,23599.4,14652.9,33.4,1.2
14.167,0,22766.2,15307.2,15.0,22789.1,15322.3,34.4,22769.8,15296.2,22.4,1.3
14.167,3,22814.2,15297.5,15.0,22789.9,15315.6,23.3,22862.6,15287.7,37.2,0.9
14.167,4,23589.8,13281.0,15.0,23577.0,13329.9,45.3,23606.1,13270.8,22.9,0.9
14.167,5,23643.6,12826.2,15.0,23626.4,12810.2,22.8,23654.3,12875.0,40.8,1.3
14.167,6,23547.5,13042.2,15.0,23538.4,13052.0,22.7,23561.8,13056.1,30.5,1.0
14.167,8,23516.7,14544.9,15.0,23500.6,14515.9,23.8,23524.0,14575.7,23.4,1.0
14.167,9,23543.2,12942.6,15.0,23531.8,12990.8,42.9,23559.7,12929.2,22.7,1.1
14.167,10,23522.9,14786.2,15.0,23538.9,14815.9,23.5,23516.2,14753.9,23.6,1.0
14.167,11,23604.0,14755.9,15.0,23621.0,14780.6,22.7,23595.6,14712.9,32.3,1.1
14.167,12,23485.3,15094.9,15.0,23501.4,15081.0,30.1,23476.1,15083.3,22.3,1.5
14.167,13,23608.1,14698.8,15.0,23625.3,14720.0,22.7,23598.6,14652.3,36.9,1.2
14.183,0,22764.0,15307.2,15.0,22783.7,15322.4,32.4,22770.0,15296.9,22.4,1.3
14.183,3,22812.8,15297.5,15.0,22790.5,15315.7,23.3,22863.0,15287.0,40.2,0.9
14.183,4,23589.8,13279.6,15.0,23576.6,13328.2,46.7,23605.8,13270.7,22.9,0.9
14.183,5,23643.6,12824.1,15.0,23626.6,12810.4,23.0,23655.0,12873.8,42.9,1.3
14.183,6,23547.5,13040.5,15.0,23539.0,13052.7,22.7,23561.8,13051.1,29.3,1.0
14.183,8,23516.7,14543.2,15.0,23500.1,14513.7,23.5,23524.1,14575.6,23.6,1.0
14.183,9,23543.2,12940.7,15.0,23531.2,12988.8,43.6,23559.4,12929.6,22.7,1.1
14.183,10,23522.9,14787.9,15.0,23539.3,14818.0,23.3,23516.1,14753.8,24.0,1.0
14.183,11,23604.0,14757.7,15.0,23621.1,14780.2,22.7,23594.9,14712.2,35.8,1.1
14.183,12,23485.3,15097.4,15.0,23501.3,15089.6,28.0,23476.7,15082.7,22.2,1.5
14.183,13,23608.1,14700.7,15.0,23625.3,14719.5,22.8,23597.8,14652.6,39.8,1.2
14.200,0,22761.8,15307.2,15.0,22778.3,15322.4,31.0,22770.4,15297.7,22.3,1.3
14.200,3,22811.4,15297.5,15.0,22791.4,15315.6,23.2,22862.4,15286.4,41.9,0.9
14.200,4,23589.8,13278.2,15.0,23576.1,13326.5,48.2,23605.5,13270.5,22.9,0.9
14.200,5,23643.6,12821.9,15.0,23626.9,12810.2,23.0,23655.7,12871.6,43.7,1.3
14.200,6,23547.5,13038.8,15.0,23539.6,13053.3,22.7,23561.8,13045.4,28.0,1.0
14.200,8,23516.7,14541.5,15.0,23499.6,14511.7,23.3,23524.3,14575.8,24.2,1.0
14.200,9,23543.2,12938.9,15.0,23530.6,12986.6,45.1,23559.1,12929.4,22.7,1.1
14.200,10,23522.9,14789.6,15.0,23539.8,14819.3,23.3,23515.8,14753.3,25.3,1.0
14.200,11,23604.0,14759.6,15.0,23621.1,14779.6,22.8,23594.1,14712.1,39.1,1.1
14.200,12,23485.3,15099.8,15.0,23501.2,15098.7,26.1,23477.3,15082.0,22.3,1.5
14.200,13,23608.1,14702.7,15.0,23625.2,14718.7,22.8,23597.1,14653.5,42.0,1.2
14.217,0,22759.5,15307.2,15.0,22772.7,15322.5,29.8,22770.9,15298.3,22.3,1.3
14.217,3,22810.0,15297.5,15.0,22792.4,15315.5,23.3,22861.7,15285.8,43.7,0.9
14.217,4,23589.8,13276.7,15.0,23575.6,13325.4,50.5,23605.1,13270.3,22.9,0.9
14.217,5,23643.6,12819.8,15.0,23627.2,12809.9,23.0,23656.3,12869.4,44.6,1.3
14.217,6,23547.5,13037.0,15.0,23540.1,13054.1,22.7,23561.7,13037.8,26.3,1.0
14.217,8,23516.6,14539.7,15.0,23499.2,14510.3,23.3,23524.6,14576.3,25.6,1.0
14.217,9,23543.2,12937.0,15.0,23530.0,12984.4,46.9,23558.7,12929.1,22.7,1.1
14.217,10,23522.9,14791.3,15.0,23540.2,14820.7,23.3,23515.4,14752.8,26.8,1.0
14.217,11,23604.0,14761.4,15.0,23621.1,14778.7,22.8,23593.4,14712.9,41.2,1.1
14.217,12,23485.3,15102.2,15.0,23501.1,15108.8,24.2,23477.7,15081.5,22.3,1.5
14.217,13,23608.1,14704.6,15.0,23624.9,14718.3,22.9,23596.4,14655.1,43.3,1.2
14.233,0,22757.3,15307.2,15.0,22764.8,15322.4,27.8,22771.6,15299.0,22.2,1.3
14.233,3,22808.6,15297.5,15.0,22793.1,15315.3,23.3,22860.6,15285.3,44.8,0.9
14.233,4,23589.8,13275.3,15.0,23575.2,13324.1,52.8,23604.7,13270.0,22.9,0.9
14.233,5,23643.6,12817.7,15.0,23627.5,12808.9,23.0,23656.9,12867.1,46.5,1.3
14.233,6,23547.5,13035.3,15.0,23540.5,13054.8,22.7,23561.6,13029.9,25.1,1.0
14.233,8,23516.6,14538.0,15.0,23498.7,14509.1,23.3,23525.0,14577.0,27.3,1.0
14.233,9,23543.2,12935.2,15.0,23529.4,12982.8,49.5,23558.2,12928.7,22.7,1.1
14.233,10,23522.9,14793.0,15.0,23540.5,14821.4,23.3,23514.9,14751.3,29.5,1.0
14.233,11,23604.0,14763.3,15.0,23620.9,14778.0,22.8,23592.7,14714.2,43.0,1.1
14.233,12,23485.3,15104.6,15.0,23501.1,15117.5,23.1,23478.0,15081.0,22.4,1.5
14.233,13,23608.1,14706.5,15.0,23624.7,14718.0,22.9,23595.8,14657.3,44.0,1.2
14.250,0,22755.1,15307.2,15.0,22756.4,15322.3,26.2,22772.2,15299.5,22.3,1.3
14.250,3,22807.2,15297.5,15.0,22793.6,15315.1,23.3,22858.9,15284.8,45.4,0.9
14.250,4,23589.8,13273.9,15.0,23574.9,13321.8,53.6,23604.3,13269.7,22.9,0.9
14.250,5,23643.6,12815.5,15.0,23627.9,12807.9,22.9,23657.6,12864.8,48.6,1.3
14.250,6,23547.5,13033.6,15.0,23540.9,13055.4,22.7,23561.5,13021.2,23.9,1.0
14.250,8,23516.6,14536.3,15.0,23498.4,14508.4,23.3,23525.6,14578.5,30.1,1.0
14.250,9,23543.2,12933.3,15.0,23528.9,12981.1,52.4,23557.7,12928.2,22.7,1.1
14.250,10,23522.9,14794.7,15.0,23540.8,14822.1,23.3,23514.3,14750.0,32.4,1.0
14.250,11,23604.0,14765.2,15.0,23620.6,14777.6,22.8,23592.1,14716.3,43.6,1.1
14.250,12,23485.3,15107.0,15.0,23501.3,15124.5,22.4,23478.2,15080.7,22.5,1.5
14.250,13,23608.1,14708.5,15.0,23624.3,14718.2,22.9,23595.2,14659.4,45.4,1.2
14.267,0,22752.9,15307.2,15.0,22746.9,15322.2,24.3,22772.7,15299.9,22.3,1.3
14.267,3,22805.7,15297.5,15.0,22794.2,15314.8,23.3,22857.3,15284.3,45.9,0.9
14.267,4,23589.8,13272.5,15.0,23574.8,13318.6,53.1,23603.8,13269.4,22.9,0.9
14.267,5,23643.6,12813.4,15.0,23628.3,12806.9,22.9,23658.2,12863.1,51.5,1.3
14.267,6,23547.5,13031.8,15.0,23541.1,13055.9,22.7,23561.4,13012.6,23.5,1.0
14.267,8,23516.5,14534.5,15.0,23498.1,14507.9,23.3,23526.2,14579.8,33.2,1.0
14.267,9,23543.2,12931.5,15.0,23528.6,12977.6,52.4,23557.2,12927.7,22.7,1.1
14.267,10,23522.9,14796.4,15.0,23540.9,14821.5,23.2,23513.6,14749.1,35.8,1.0
14.267,11,23604.0,14767.0,15.0,23620.3,14777.4,22.9,23591.5,14718.4,44.6,1.1
14.267,12,23485.3,15109.4,15.0,23501.7,15129.4,22.0,23478.2,15080.7,22.8,1.5
14.267,13,23608.1,14710.4,15.0,23623.9,14718.7,22.9,23594.6,14661.7,47.3,1.2
14.283,0,22750.6,15307.2,15.0,22737.2,15322.2,23.3,22773.3,15300.3,22.3,1.3
14.283,3,22804.3,15297.5,15.0,22794.1,15314.5,23.3,22855.6,15283.8,47.4,0.9
14.283,4,23589.8,13271.1,15.0,23574.6,13315.4,52.7,23603.4,13269.1,22.9,0.9
14.283,5,23643.6,12811.3,15.0,23628.8,12805.9,22.8,23658.6,12860.5,53.5,1.3
14.283,6,23547.5,13030.1,15.0,23541.2,13056.2,22.7,23561.6,13006.9,23.2,1.0
14.283,8,23516.5,14532.8,15.0,23498.0,14508.5,23.2,23527.0,14580.6,36.7,1.0
14.283,9,23543.2,12929.6,15.0,23528.4,12973.5,51.8,23556.6,12927.2,22.7,1.1
14.283,10,23522.9,14798.1,15.0,23541.0,14820.9,23.3,23512.8,14748.5,39.4,1.0
14.283,11,23604.0,14768.9,15.0,23619.9,14777.7,22.8,23590.9,14720.5,46.4,1.1
14.283,12,23485.3,15111.9,15.0,23502.1,15132.7,21.7,23478.1,15080.8,23.2,1.5
14.283,13,23608.1,14712.4,15.0,23623.5,14719.3,22.9,23594.0,14663.5,49.8,1.2
14.300,0,22748.4,15307.2,15.0,22730.6,15322.3,22.6,22773.5,15300.4,22.4,1.3
14.300,3,22802.9,15297.5,15.0,22794.1,15314.2,23.3,22853.9,15283.3,48.9,0.9
14.300,4,23589.8,13269.7,15.0,23574.7,13310.2,49.1,23602.9,13268.9,22.9,0.9
14.300,5,23643.6,12809.2,15.0,23629.4,12804.7,22.7,23658.9,12856.2,52.8,1.3
14.300,6,23547.5,13028.4,15.0,23541.3,13056.5,22.7,23561.8,13001.2,23.3,1.0
14.300,8,23516.5,14531.0,15.0,23497.9,14509.2,23.3,23527.8,14581.0,40.2,1.0
14.300,9,23543.2,12927.8,15.0,23528.5,12967.4,48.1,23556.0,12926.8,22.7,1.1
14.300,10,23522.9,14799.8,15.0,23541.0,14819.9,23.2,23512.1,14749.1,41.7,1.0
14.300,11,23604.0,14770.8,15.0,23619.5,14778.0,22.8,23590.3,14722.6,48.5,1.1
14.300,12,23485.3,15114.3,15.0,23502.4,15135.5,21.8,23477.9,15080.5,24.3,1.5
14.300,13,23608.1,14714.3,15.0,23623.0,14719.9,22.9,23593.4,14665.2,52.7,1.2
14.317,0,22746.2,15307.2,15.0,22724.4,15322.6,22.2,22773.7,15300.5,22.5,1.3
14.317,3,22801.5,15297.5,15.0,22794.0,15313.8,23.3,22852.4,15282.8,50.8,0.9
14.317,4,23589.8,13268.2,15.0,23574.8,13304.6,45.7,23602.4,13268.7,22.9,0.9
14.317,5,23643.6,12807.0,15.0,23629.9,12803.9,22.6,23659.0,12851.0,50.8,1.3
14.317,6,23547.5,13026.6,15.0,23541.2,13056.4,22.9,23562.2,12999.0,23.0,1.0
14.317,8,23516.4,14529.3,15.0,23498.0,14510.4,23.2,23528.5,14580.2,42.4,1.0
14.317,9,23543.2,12925.9,15.0,23528.6,12960.3,44.0,23555.4,12926.4,22.7,1.1
14.317,10,23522.9,14801.5,15.0,23540.9,14818.7,23.2,23511.4,14749.9,43.9,1.0
14.317,11,23604.0,14772.6,15.0,23619.0,14778.5,22.8,23589.7,14724.2,51.4,1.1
14.317,12,23485.3,15116.7,15.0,23502.8,15138.0,21.9,23477.5,15080.2,25.9,1.5
14.317,13,23608.1,14716.2,15.0,23622.5,14720.6,22.8,23593.1,14668.5,53.3,1.2
14.333,0,22744.0,15307.2,15.0,22721.4,15323.0,22.0,22773.5,15300.5,22.8,1.3
14.333,3,22800.1,15297.5,15.0,22793.8,15313.4,23.3,22851.2,15282.3,53.2,0.9
14.333,4,23589.8,13266.8,15.0,23575.0,13298.8,42.4,23601.8,13268.5,22.9,0.9
14.333,5,23643.6,12804.9,15.0,23630.6,12803.2,22.6,23658.8,12843.7,46.3,1.3
14.333,6,23547.5,13024.9,15.0,23541.1,13056.2,23.2,23562.7,12996.8,22.7,1.0
14.333,8,23516.4,14527.6,15.0,23498.2,14511.5,23.3,23529.2,14579.3,44.5,1.0
14.333,9,23543.2,12924.1,15.0,23528.8,12952.9,39.7,23554.7,12926.3,22.6,1.1
14.333,10,23522.9,14803.2,15.0,23540.6,14818.0,23.2,23510.7,14751.5,44.9,1.0
14.333,11,23604.0,14774.5,15.0,23618.5,14779.0,22.8,23589.3,14726.6,53.3,1.1
14.333,12,23485.3,15119.1,15.0,23503.1,15140.0,22.2,23477.0,15078.8,28.6,1.5
14.333,13,23608.1,14718.2,15.0,23621.9,14721.2,22.8,23592.9,14672.7,52.7,1.2
14.350,0,22741.8,15307.2,15.0,22718.6,15323.4,21.8,22773.4,15300.3,23.4,1.3
14.350,3,22798.7,15297.5,15.0,22793.6,15313.0,23.3,22849.9,15281.9,55.7,0.9
14.350,4,23589.8,13265.4,15.0,23575.1,13292.7,39.0,23601.3,13268.5,22.9,0.9
14.350,5,23643.6,12802.8,15.0,23631.2,12802.5,22.5,23658.6,12836.1,42.0,1.3
14.350,6,23547.5,13023.2,15.0,23540.8,13056.6,24.3,23563.1,12995.3,22.7,1.0
14.350,8,23516.4,14525.8,15.0,23498.5,14512.1,23.3,23529.8,14577.3,45.2,1.0
14.350,9,23543.2,12922.2,15.0,23529.0,12944.9,35.8,23554.1,12926.2,22.6,1.1
14.350,10,23522.9,14805.0,15.0,23540.3,14817.3,23.3,23510.1,14753.5,45.6,1.0
14.350,11,23604.0,14776.3,15.0,23617.9,14779.5,22.8,23589.1,14730.6,52.7,1.1
14.350,12,23485.3,15121.5,15.0,23503.3,15142.0,22.4,23476.4,15077.5,31.8,1.5
14.350,13,23608.1,14720.1,15.0,23621.3,14721.8,22.8,23592.9,14678.6,49.3,1.2
14.367,0,22739.5,15307.2,15.0,22716.4,15323.8,21.9,22773.7,15300.0,24.8,1.3
14.367,3,22797.2,15297.5,15.0,22793.3,15312.5,23.3,22846.8,15281.7,55.4,0.9
14.367,4,23589.8,13264.0,15.0,23575.3,13286.2,36.0,23600.7,13268.5,22.9,0.9
14.367,5,23643.6,12800.6,15.0,23631.9,12802.2,22.5,23658.4,12828.0,37.7,1.3
14.367,6,23547.5,13021.4,15.0,23540.5,13056.9,25.6,23563.4,12993.9,22.7,1.0
14.367,8,23516.4,14524.1,15.0,23498.8,14512.8,23.3,23530.3,14575.3,45.8,1.0
14.367,9,23543.2,12920.4,15.0,23529.0,12939.4,33.3,23553.4,12926.4,22.6,1.1
14.367,10,23522.9,14806.7,15.0,23540.0,14817.1,23.3,23509.5,14755.5,46.9,1.0
14.367,11,23604.0,14778.2,15.0,23617.3,14780.0,22.8,23589.0,14735.5,50.9,1.1
14.367,12,23485.3,15123.9,15.0,23503.4,15142.7,22.8,23475.6,15076.6,35.6,1.5
14.367,13,23608.1,14722.0,15.0,23620.7,14722.2,22.7,23593.0,14685.9,45.1,1.2
14.383,0,22737.3,15307.2,15.0,22714.4,15324.1,22.0,22774.4,15299.6,26.6,1.3
14.383,3,22795.8,15297.5,15.0,22793.1,15312.1,23.3,22843.6,15281.5,54.9,0.9
14.383,4,23589.8,13262.6,15.0,23575.3,13282.1,34.0,23600.2,13268.8,22.9,0.9
14.383,5,23643.6,12798.5,15.0,23632.7,12802.1,22.4,23658.4,12821.1,34.7,1.3
14.383,6,23547.5,13019.7,15.0,23540.0,13058.1,28.0,23563.8,12993.0,22.7,1.0
14.383,8,23516.3,14522.4,15.0,23499.2,14512.7,23.3,23530.9,14573.3,47.6,1.0
14.383,9,23543.2,12918.5,15.0,23528.9,12934.4,31.3,23552.7,12926.8,22.6,1.1
14.383,10,23522.9,14808.4,15.0,23539.6,14817.2,23.3,23508.9,14757.6,48.7,1.0
14.383,11,23604.0,14780.1,15.0,23616.7,14780.4,22.8,23589.1,14742.4,46.5,1.1
14.383,12,23485.3,15126.4,15.0,23503.5,15143.3,23.1,23474.7,15076.1,39.6,1.5
14.383,13,23608.1,14724.0,15.0,23620.0,14722.5,22.7,23593.2,14693.4,40.7,1.2
14.400,0,22735.1,15307.2,15.0,22712.8,15324.4,22.2,22775.7,15299.1,29.5,1.3
14.400,3,22794.4,15297.5,15.0,22792.8,15311.6,23.3,22839.5,15281.5,53.1,0.9
14.400,4,23589.8,13261.2,15.0,23575.2,13278.1,32.3,23599.6,13269.2,22.9,0.9
14.400,5,23643.6,12796.4,15.0,23633.4,12802.3,22.4,23658.5,12815.9,32.6,1.3
14.400,6,23547.5,13018.0,15.0,23539.5,13059.2,30.7,23564.0,12992.2,22.7,1.0
14.400,8,23516.3,14520.6,15.0,23499.6,14512.7,23.3,23531.4,14571.1,49.5,1.0
14.400,9,23543.2,12916.7,15.0,23528.9,12929.2,29.9,23552.0,12927.4,22.6,1.1
14.400,10,23522.9,14810.1,15.0,23539.1,14817.4,23.3,23508.3,14759.3,51.1,1.0
14.400,11,23604.0,14781.9,15.0,23616.0,14780.7,22.8,23589.3,14749.8,42.3,1.1
14.400,12,23485.3,15128.8,15.0,23503.4,15143.5,23.4,23473.9,15077.1,42.0,1.5
14.400,13,23608.1,14725.9,15.0,23619.3,14722.6,22.7,23593.4,14701.6,36.6,1.2
14.417,3,22793.0,15297.5,15.0,22792.7,15311.0,23.3,22833.9,15281.6,49.4,0.9
14.417,4,23589.8,13259.7,15.0,23575.1,13274.1,30.9,23599.1,13269.6,22.9,0.9
14.417,5,23643.6,12794.2,15.0,23634.1,12802.6,22.3,23658.5,12810.6,30.9,1.3
14.417,6,23547.5,13016.2,15.0,23538.8,13060.0,33.9,23564.2,12992.4,22.7,1.0
14.417,7,23338.2,7322.2,15.0,23337.6,7307.5,26.6,23320.5,7329.7,22.9,1.5
14.417,8,23516.3,14518.9,15.0,23500.1,14512.4,23.3,23532.0,14569.6,52.3,1.0
14.417,9,23543.2,12914.8,15.0,23528.8,12924.0,28.7,23551.4,12928.1,22.6,1.1
14.417,10,23522.9,14811.8,15.0,23538.7,14817.6,23.3,23507.8,14760.8,54.0,1.0
14.417,11,23604.0,14783.8,15.0,23615.4,14780.7,22.7,23589.5,14757.6,38.0,1.1
14.417,12,23485.3,15131.2,15.0,23503.2,15143.9,23.6,23473.1,15078.3,44.3,1.5
14.417,13,23608.1,14727.9,15.0,23618.6,14722.4,22.7,23593.4,14707.5,34.0,1.2
14.433,3,22791.6,15297.5,15.0,22792.5,15310.5,23.3,22827.9,15281.8,46.1,0.9
14.433,4,23589.8,13258.3,15.0,23575.1,13269.9,29.9,23598.5,13270.2,22.9,0.9
14.433,5,23643.6,12792.1,15.0,23634.8,12803.2,22.3,23658.6,12805.1,29.7,1.3
14.433,6,23547.5,13014.5,15.0,23538.1,13060.5,37.2,23564.3,12992.9,22.7,1.0
14.433,7,23339.6,7322.2,15.0,23344.1,7307.6,25.6,23319.8,7329.4,23.0,1.5
14.433,8,23516.2,14517.1,15.0,23500.6,14512.2,23.3,23532.5,14568.0,55.3,1.0
14.433,9,23543.2,12913.0,15.0,23528.9,12916.6,26.9,23550.8,12928.8,22.6,1.1
14.433,10,23522.9,14813.5,15.0,23538.1,14817.9,23.3,23507.4,14763.3,55.4,1.0
14.433,11,23604.0,14785.6,15.0,23614.7,14780.7,22.7,23589.6,14764.7,34.7,1.1
14.433,12,23485.3,15133.6,15.0,23503.0,15144.7,23.7,23472.4,15080.6,45.2,1.5
14.433,13,23608.1,14729.8,15.0,23617.9,14722.1,22.7,23593.3,14712.6,31.9,1.2
14.450,3,22790.2,15297.5,15.0,22792.5,15309.9,23.3,22821.9,15281.9,42.4,0.9
14.450,4,23589.8,13256.9,15.0,23575.1,13265.7,29.0,23598.0,13270.8,22.9,0.9
14.450,5,23643.6,12790.0,15.0,23635.4,12803.8,22.3,23658.5,12798.1,28.0,1.3
14.450,6,23547.5,13012.8,15.0,23537.4,13060.1,39.7,23564.3,12993.7,22.7,1.0
14.450,7,23341.0,7322.2,15.0,23351.4,7307.7,24.4,23319.3,7329.1,22.9,1.5
14.450,8,23516.2,14515.4,15.0,23501.2,14511.9,23.3,23532.7,14564.4,55.2,1.0
14.450,9,23543.2,12911.1,15.0,23529.0,12908.6,25.5,23550.3,12929.5,22.6,1.1
14.450,10,23522.9,14815.2,15.0,23537.6,14818.2,23.3,23507.2,14767.3,54.8,1.0
14.450,11,23604.0,14787.5,15.0,23613.9,14780.3,22.7,23589.5,14769.7,32.5,1.1
14.450,12,23485.3,15136.0,15.0,23502.7,15145.8,23.7,23471.6,15083.0,46.4,1.5
14.450,13,23608.1,14731.7,15.0,23617.2,14721.5,22.6,23593.3,14717.9,30.4,1.2
14.467,3,22788.7,15297.5,15.0,22792.6,15309.3,23.3,22815.4,15282.1,38.9,0.9
14.467,4,23589.8,13255.5,15.0,23575.1,13259.9,27.5,23597.6,13271.4,22.9,0.9
14.467,5,23643.6,12787.8,15.0,23636.0,12804.4,22.3,23658.4,12789.9,26.3,1.3
14.467,6,23547.5,13011.1,15.0,23536.7,13059.2,41.7,23564.2,12994.7,22.7,1.0
14.467,7,23342.4,7322.2,15.0,23358.9,7307.8,23.9,23318.7,7328.8,22.9,1.5
14.467,8,23516.2,14513.7,15.0,23501.8,14511.5,23.3,23532.8,14560.4,54.6,1.0
14.467,9,23543.2,12909.3,15.0,23529.1,12899.6,24.1,23550.0,12930.1,22.6,1.1
14.467,10,23522.9,14816.9,15.0,23537.0,14818.5,23.3,23507.1,14772.0,53.0,1.0
14.467,11,23604.0,14789.4,15.0,23613.3,14779.8,22.7,23589.4,14774.9,30.8,1.1
14.467,12,23485.3,15138.4,15.0,23502.3,15147.4,23.6,23470.9,15085.5,48.4,1.5
14.467,13,23608.1,14733.7,15.0,23616.5,14720.9,22.6,23593.2,14723.2,29.2,1.2
14.483,3,22787.3,15297.5,15.0,22792.8,15308.8,23.3,22809.4,15282.2,36.2,0.9
14.483,4,23589.8,13254.1,15.0,23575.2,13253.5,26.3,23597.2,13272.1,22.9,0.9
14.483,5,23643.6,12785.7,15.0,23636.4,12805.0,22.3,23658.3,12780.9,24.6,1.3
14.483,6,23547.5,13009.3,15.0,23536.1,13057.6,42.8,23564.0,12995.3,22.7,1.0
14.483,7,23343.8,7322.2,15.0,23365.0,7307.7,23.7,23318.3,7328.7,22.9,1.5
14.483,8,23516.1,14511.9,15.0,23502.4,14511.3,23.3,23532.7,14554.4,50.9,1.0
14.483,9,23543.2,12907.4,15.0,23529.2,12890.4,23.5,23549.7,12930.7,22.6,1.1
14.483,10,23522.9,14818.6,15.0,23536.3,14818.7,23.3,23507.2,14778.7,48.6,1.0
14.483,11,23604.0,14791.2,15.0,23612.6,14779.1,22.7,23589.4,14780.1,29.5,1.1
14.483,12,23485.3,15140.9,15.0,23502.0,15149.0,23.4,23470.3,15087.8,50.9,1.5
14.483,13,23608.1,14735.6,15.0,23615.9,14720.2,22.6,23593.3,14730.7,27.4,1.2
14.500,3,22785.9,15297.5,15.0,22793.2,15308.2,23.3,22805.4,15282.2,34.3,0.9
14.500,4,23589.8,13252.7,15.0,23575.3,13246.9,25.2,23596.8,13272.7,22.9,0.9
14.500,5,23643.6,12783.6,15.0,23636.7,12805.5,22.3,23658.2,12771.3,23.4,1.3
14.500,6,23547.5,13007.6,15.0,23535.5,13055.7,43.5,23563.7,12995.8,22.7,1.0
14.500,7,23345.3,7322.2,15.0,23369.8,7307.6,23.5,23318.0,7328.6,22.9,1.5
14.500,8,23516.1,14510.2,15.0,23503.0,14511.1,23.3,23532.4,14547.2,46.6,1.0
14.500,9,23543.2,12905.6,15.0,23529.1,12883.9,23.1,23549.5,12931.1,22.6,1.1
14.500,10,23522.9,14820.3,15.0,23535.7,14818.8,23.3,23507.4,14786.0,44.4,1.0
14.500,11,23604.0,14793.1,15.0,23612.0,14778.4,22.7,23589.4,14786.3,28.0,1.1
14.500,12,23485.3,15143.3,15.0,23501.5,15150.7,23.3,23469.6,15089.8,54.0,1.5
14.500,13,23608.1,14737.6,15.0,23615.4,14719.4,22.6,23593.4,14738.8,25.9,1.2
14.517,3,22784.5,15297.5,15.0,22793.6,15307.6,23.3,22801.2,15282.1,32.6,0.9
14.517,4,23589.8,13251.2,15.0,23575.4,13239.5,24.2,23596.6,13273.2,22.9,0.9
14.517,5,23643.6,12781.4,15.0,23636.9,12805.8,22.4,23658.3,12764.0,22.8,1.3
14.517,6,23547.5,13005.9,15.0,23535.0,13053.7,44.7,23563.4,12996.0,22.7,1.0
14.517,7,23346.7,7322.2,15.0,23374.5,7307.4,23.5,23317.7,7328.5,23.0,1.5
14.517,8,23516.1,14508.5,15.0,23503.7,14511.0,23.3,23532.1,14539.7,42.2,1.0
14.517,9,23543.2,12903.7,15.0,23528.9,12877.9,23.1,23549.4,12931.3,22.6,1.1
14.517,10,23522.9,14822.0,15.0,23535.0,14818.7,23.2,23507.6,14793.5,40.1,1.0
14.517,11,23604.0,14795.0,15.0,23611.5,14777.7,22.7,23589.5,14794.3,26.3,1.1
14.517,12,23485.3,15145.7,15.0,23501.1,15152.3,23.1,23469.1,15093.0,55.4,1.5
14.517,13,23608.1,14739.5,15.0,23615.0,14718.8,22.6,23593.6,14747.9,24.3,1.2
14.533,3,22783.1,15297.5,15.0,22794.3,15307.0,23.3,22797.0,15282.1,31.3,0.9
14.533,4,23589.8,13249.8,15.0,23575.5,13232.1,23.8,23596.3,13273.8,22.9,0.9
14.533,5,23643.6,12779.3,15.0,23637.1,12806.1,22.4,23658.5,12757.5,22.4,1.3
14.533,6,23547.5,13004.1,15.0,23534.4,13051.6,46.4,23563.0,12995.8,22.7,1.0
14.533,7,23348.1,7322.2,15.0,23376.5,7307.0,23.3,23317.8,7328.6,23.1,1.5
14.533,8,23516.1,14506.7,15.0,23504.4,14511.1,23.3,23531.7,14531.8,38.1,1.0
14.533,9,23543.2,12901.9,15.0,23528.5,12875.0,22.9,23549.5,12931.2,22.9,1.1
14.533,10,23522.9,14823.7,15.0,23534.3,14818.6,23.3,23507.8,14801.3,36.4,1.0
14.533,11,23604.0,14796.8,15.0,23611.0,14776.9,22.7,23589.6,14802.9,24.9,1.1
14.533,12,23485.3,15148.1,15.0,23500.5,15154.0,23.0,23468.9,15097.6,54.7,1.5
14.533,13,23608.1,14741.4,15.0,23614.7,14718.2,22.6,23593.7,14757.4,23.6,1.2
14.550,3,22781.7,15297.5,15.0,22795.0,15306.5,23.3,22792.7,15282.0,30.2,0.9
14.550,4,23589.8,13248.4,15.0,23575.4,13226.7,23.5,23596.2,13274.1,22.9,0.9
14.550,5,23643.6,12777.2,15.0,23637.0,12806.0,22.7,23658.9,12753.8,22.2,1.3
14.550,6,23547.5,13002.4,15.0,23533.9,13049.8,48.6,23562.6,12995.5,22.7,1.0
14.550,7,23349.5,7322.2,15.0,23378.3,7306.7,23.1,23317.9,7328.7,23.3,1.5
14.550,8,23516.0,14505.0,15.0,23505.2,14511.5,23.3,23531.6,14525.5,35.2,1.0
14.550,9,23543.2,12900.1,15.0,23528.0,12872.6,22.6,23549.6,12931.1,23.1,1.1
14.550,10,23522.9,14825.4,15.0,23533.6,14818.1,23.2,23507.7,14806.1,34.2,1.0
14.550,11,23604.0,14798.7,15.0,23610.7,14776.3,22.7,23589.8,14812.2,23.8,1.1
14.550,12,23485.3,15150.5,15.0,23499.9,15155.1,22.9,23468.9,15103.9,51.6,1.5
14.550,13,23608.1,14743.4,15.0,23614.5,14717.8,22.6,23593.5,14764.2,23.1,1.2
14.567,3,22780.2,15297.5,15.0,22795.7,15306.0,23.3,22788.0,15282.0,29.1,0.9
14.567,4,23589.8,13247.0,15.0,23575.2,13221.9,23.4,23596.1,13274.4,22.9,0.9
14.567,5,23643.6,12775.1,15.0,23636.9,12805.7,23.0,23659.3,12751.0,21.9,1.3
14.567,6,23547.5,13000.7,15.0,23533.3,13048.3,51.3,23562.1,12995.2,22.7,1.0
14.567,7,23350.9,7322.2,15.0,23379.8,7306.3,23.0,23317.8,7328.8,23.9,1.5
14.567,8,23516.0,14503.2,15.0,23505.9,14512.0,23.3,23531.6,14520.5,33.0,1.0
14.567,9,23543.2,12898.2,15.0,23527.6,12871.0,22.6,23549.9,12931.4,24.3,1.1
14.567,10,23522.9,14827.1,15.0,23532.9,14817.6,23.3,23507.6,14811.1,32.1,1.0
14.567,11,23604.0,14800.5,15.0,23610.4,14775.8,22.7,23589.7,14820.3,23.4,1.1
14.567,12,23485.3,15152.9,15.0,23499.2,15156.2,22.8,23469.0,15111.8,47.0,1.5
14.567,13,23608.1,14745.3,15.0,23614.4,14717.5,22.7,23593.3,14770.4,23.0,1.2
14.583,3,22778.8,15297.5,15.0,22796.4,15305.5,23.3,22781.4,15282.2,27.6,0.9
14.583,4,23589.8,13245.6,15.0,23575.0,13217.7,23.4,23596.1,13274.6,22.9,0.9
14.583,5,23643.6,12772.9,15.0,23636.7,12806.0,24.2,23659.7,12748.9,21.9,1.3
14.583,6,23547.5,12998.9,15.0,23532.9,13045.8,52.8,23561.6,12994.8,22.7,1.0
14.583,7,23352.3,7322.2,15.0,23381.0,7306.0,23.0,23317.4,7329.1,24.9,1.5
14.583,8,23516.0,14501.5,15.0,23506.6,14512.7,23.3,23531.6,14515.4,31.3,1.0
14.583,9,23543.2,12896.4,15.0,23527.2,12869.4,22.6,23550.2,12931.7,25.6,1.1
14.583,10,23522.9,14828.8,15.0,23532.2,14816.8,23.2,23507.6,14816.2,30.8,1.0
14.583,11,23604.0,14802.4,15.0,23610.3,14775.5,22.7,23589.5,14826.4,23.1,1.1
14.583,12,23485.3,15155.4,15.0,23498.5,15157.1,22.6,23469.2,15120.1,42.2,1.5
14.583,13,23608.1,14747.3,15.0,23614.5,14717.6,22.9,23592.9,14773.4,22.7,1.2
14.600,3,22777.4,15297.5,15.0,22797.2,15305.1,23.3,22774.8,15282.3,26.4,0.9
14.600,4,23589.8,13244.2,15.0,23574.7,13215.9,23.2,23596.2,13274.5,23.1,0.9
14.600,5,23643.6,12770.8,15.0,23636.4,12806.3,25.7,23660.1,12746.8,22.0,1.3
14.600,6,23547.5,12997.2,15.0,23532.7,13042.0,52.2,23561.1,12994.4,22.7,1.0
14.600,7,23353.8,7322.2,15.0,23382.1,7305.7,23.0,23317.1,7329.3,26.0,1.5
14.600,8,23516.0,14499.8,15.0,23507.3,14513.5,23.3,23531.5,14510.1,30.1,1.0
14.600,9,23543.2,12894.5,15.0,23526.9,12868.4,22.6,23550.7,12932.9,28.1,1.1
14.600,10,23522.9,14830.6,15.0,23531.6,14815.9,23.3,23507.5,14821.4,29.6,1.0
14.600,11,23604.0,14804.3,15.0,23610.3,14775.4,22.8,23589.2,14831.1,23.1,1.1
14.600,12,23485.3,15157.8,15.0,23497.8,15157.5,22.6,23469.4,15128.8,38.0,1.5
14.600,13,23608.1,14749.2,15.0,23614.6,14717.8,23.2,23592.5,14776.0,22.4,1.2
14.617,3,22776.0,15297.5,15.0,22797.9,15304.8,23.3,22767.5,15282.4,25.2,0.9
14.617,4,23589.8,13242.7,15.0,23574.3,13214.1,23.0,23596.3,13274.4,23.3,0.9
14.617,5,23643.6,12768.7,15.0,23635.8,12807.6,28.3,23660.4,12745.4,22.2,1.3
14.617,6,23547.5,12995.5,15.0,23532.7,13037.4,50.4,23560.5,12994.0,22.7,1.0
14.617,7,23355.2,7322.2,15.0,23382.8,7305.4,23.0,23316.0,7329.7,28.0,1.5
14.617,8,23515.9,14498.0,15.0,23507.9,14514.4,23.3,23531.4,14503.6,28.5,1.0
14.617,9,23543.2,12892.7,15.0,23526.6,12867.5,22.6,23551.3,12934.1,31.0,1.1
14.617,10,23522.9,14832.3,15.0,23531.0,14815.1,23.2,23507.6,14828.9,27.8,1.0
14.617,11,23604.0,14806.1,15.0,23610.4,14775.5,23.1,23588.8,14833.5,22.8,1.1
14.617,12,23485.3,15160.2,15.0,23497.0,15157.6,22.5,23469.4,15135.0,35.3,1.5
14.617,13,23608.1,14751.1,15.0,23614.9,14717.4,24.4,23592.1,14777.7,22.4,1.2
14.633,3,22774.6,15297.5,15.0,22798.5,15304.5,23.3,22759.8,15282.5,24.4,0.9
14.633,4,23589.8,13241.3,15.0,23574.0,13212.7,22.9,23596.4,13274.6,24.0,0.9
14.633,5,23643.6,12766.5,15.0,23635.2,12808.7,31.3,23660.6,12744.0,22.3,1.3
14.633,6,23547.5,12993.7,15.0,23532.8,13030.9,46.3,23559.9,12993.7,22.7,1.0
14.633,7,23356.6,7322.2,15.0,23383.5,7305.2,23.0,23315.0,7330.2,30.3,1.5
14.633,8,23515.9,14496.3,15.0,23508.4,14515.3,23.3,23531.2,14495.5,26.8,1.0
14.633,9,23543.2,12890.8,15.0,23526.4,12867.8,22.6,23552.0,12934.9,34.3,1.1
14.633,10,23522.9,14834.0,15.0,23530.5,14814.2,23.3,23507.8,14836.8,26.4,1.0
14.633,11,23604.0,14808.0,15.0,23610.6,14775.4,23.8,23588.4,14835.6,22.6,1.1
14.633,12,23485.3,15162.6,15.0,23496.2,15157.5,22.4,23469.2,15140.6,33.2,1.5
14.633,13,23608.1,14753.1,15.0,23615.2,14717.1,25.8,23591.7,14779.4,22.5,1.2
14.650,3,22773.2,15297.5,15.0,22799.1,15304.3,23.3,22752.4,15282.5,24.2,0.9
14.650,4,23589.8,13239.9,15.0,23573.7,13211.5,22.9,23596.7,13274.9,25.1,0.9
14.650,5,23643.6,12764.4,15.0,23634.5,12809.4,34.8,23660.8,12743.8,22.5,1.3
14.650,6,23547.5,12992.0,15.0,23532.9,13023.9,42.3,23559.3,12993.5,22.7,1.0
14.650,7,23358.0,7322.2,15.0,23383.7,7305.0,22.9,23314.1,7330.7,32.8,1.5
14.650,8,23515.9,14494.5,15.0,23508.9,14516.1,23.3,23530.9,14486.9,25.4,1.0
14.650,9,23543.2,12889.0,15.0,23526.3,12868.2,22.7,23552.7,12935.3,37.8,1.1
14.650,10,23522.9,14835.7,15.0,23530.1,14813.4,23.2,23507.9,14845.7,24.9,1.0
14.650,11,23604.0,14809.9,15.0,23610.9,14775.1,25.1,23588.0,14837.1,22.6,1.1
14.650,12,23485.3,15165.0,15.0,23495.4,15157.1,22.3,23469.2,15146.3,31.8,1.5
14.650,13,23608.1,14755.0,15.0,23615.7,14715.8,28.4,23591.3,14780.5,22.5,1.2
14.667,3,22771.7,15297.5,15.0,22799.5,15304.2,23.3,22747.5,15282.4,23.9,0.9
14.667,4,23589.8,13238.5,15.0,23573.3,13210.5,22.9,23597.0,13275.3,26.3,0.9
14.667,5,23643.6,12762.3,15.0,23633.7,12809.8,38.5,23660.8,12743.7,22.7,1.3
14.667,6,23547.5,12990.3,15.0,23533.1,13016.6,38.2,23558.7,12993.4,22.7,1.0
14.667,7,23359.4,7322.2,15.0,23383.3,7304.8,22.9,23313.5,7331.3,35.5,1.5
14.667,8,23515.9,14492.8,15.0,23509.2,14516.9,23.3,23530.7,14477.5,24.4,1.0
14.667,9,23543.2,12887.1,15.0,23526.4,12869.0,22.6,23553.4,12934.6,40.1,1.1
14.667,10,23522.9,14837.4,15.0,23529.8,14812.6,23.3,23508.0,14854.9,24.2,1.0
14.667,11,23604.0,14811.7,15.0,23611.3,14774.3,27.0,23587.6,14838.4,22.7,1.1
14.667,12,23485.3,15167.4,15.0,23494.7,15156.5,22.3,23469.1,15152.2,30.6,1.5
14.667,13,23608.1,14756.9,15.0,23616.3,14714.6,31.4,23591.1,14781.6,22.6,1.2
14.683,4,23589.8,13237.1,15.0,23573.1,13209.8,22.9,23597.4,13276.5,28.4,0.9
14.683,5,23643.6,12760.1,15.0,23632.9,12808.9,40.7,23660.7,12744.1,22.8,1.3
14.683,6,23547.5,12988.5,15.0,23533.3,13009.3,34.9,23558.0,12993.4,22.7,1.0
14.683,7,23360.8,7322.2,15.0,23382.8,7304.7,23.0,23313.1,7331.9,38.4,1.5
14.683,8,23515.8,14491.1,15.0,23509.4,14517.6,23.3,23530.6,14469.2,24.0,1.0
14.683,9,23543.2,12885.3,15.0,23526.5,12869.9,22.7,23554.2,12933.6,42.2,1.1
14.683,10,23522.9,14839.1,15.0,23529.7,14812.1,23.2,23507.9,14862.0,23.9,1.0
14.683,11,23604.0,14813.6,15.0,23611.9,14773.0,29.8,23587.3,14839.4,22.7,1.1
14.683,12,23485.3,15169.9,15.0,23494.0,15155.9,22.2,23469.3,15160.7,28.4,1.5
14.683,13,23608.1,14758.9,15.0,23617.1,14713.8,34.8,23590.9,14781.4,22.7,1.2
14.700,4,23589.8,13235.7,15.0,23572.8,13209.2,22.9,23597.9,13277.5,30.7,0.9
14.700,5,23643.6,12758.0,15.0,23632.2,12807.8,42.9,23660.6,12744.3,23.0,1.3
14.700,6,23547.5,12986.8,15.0,23533.2,13004.6,32.7,23557.3,12993.8,22.7,1.0
14.700,7,23362.3,7322.2,15.0,23382.1,7304.8,22.9,23313.5,7332.5,40.3,1.5
14.700,8,23515.8,14489.3,15.0,23509.6,14518.0,23.3,23530.7,14463.2,23.8,1.0
14.700,9,23543.2,12883.4,15.0,23526.8,12870.4,22.7,23554.8,12931.7,43.0,1.1
14.700,10,23522.9,14840.8,15.0,23529.6,14811.7,23.3,23507.7,14867.9,23.8,1.0
14.700,11,23604.0,14815.4,15.0,23612.5,14772.0,32.9,23587.1,14839.7,22.7,1.1
14.700,12,23485.3,15172.3,15.0,23493.5,15155.2,22.3,23469.4,15169.5,26.6,1.5
14.700,13,23608.1,14760.8,15.0,23617.8,14713.3,38.5,23590.8,14781.1,22.8,1.2
14.717,4,23589.8,13234.2,15.0,23572.7,13209.1,22.9,23598.4,13278.2,33.2,0.9
14.717,5,23643.6,12755.9,15.0,23631.5,12805.5,43.6,23660.3,12744.1,23.0,1.3
14.717,6,23547.5,12985.1,15.0,23533.1,12999.8,30.9,23556.7,12994.2,22.7,1.0
14.717,7,23363.7,7322.2,15.0,23381.2,7304.9,22.9,23314.2,7333.1,42.0,1.5
14.717,8,23515.8,14487.6,15.0,23509.6,14518.3,23.3,23530.9,14458.1,23.8,1.0
14.717,9,23543.2,12881.6,15.0,23527.1,12870.8,22.7,23555.4,12929.6,43.7,1.1
14.717,10,23522.9,14842.5,15.0,23529.6,14811.5,23.4,23507.3,14871.8,23.7,1.0
14.717,11,23604.0,14817.3,15.0,23613.3,14771.3,36.5,23586.9,14839.3,22.7,1.1
14.717,12,23485.3,15174.7,15.0,23493.0,15154.6,22.3,23469.5,15179.5,24.6,1.5
14.717,13,23608.1,14762.8,15.0,23618.6,14714.2,40.7,23590.9,14780.4,22.8,1.2
14.733,4,23589.8,13232.8,15.0,23572.6,13209.6,22.9,23599.0,13278.8,36.0,0.9
14.733,5,23643.6,12753.7,15.0,23630.9,12803.3,44.6,23660.0,12743.8,23.0,1.3
14.733,6,23547.5,12983.4,15.0,23533.1,12994.8,29.6,23556.0,12994.9,22.7,1.0
14.733,7,23365.1,7322.2,15.0,23380.5,7305.0,23.0,23315.2,7333.6,43.5,1.5
14.733,8,23515.8,14485.9,15.0,23509.5,14518.3,23.6,23531.3,14455.9,23.5,1.0
14.733,9,23543.2,12879.7,15.0,23527.5,12870.5,22.7,23556.0,12927.5,45.3,1.1
14.733,10,23522.9,14844.2,15.0,23529.7,14811.5,23.6,23506.9,14874.1,23.4,1.0
14.733,11,23604.0,14819.2,15.0,23614.0,14771.5,39.5,23586.9,14838.7,22.8,1.1
14.733,12,23485.3,15177.1,15.0,23492.7,15154.1,22.4,23469.5,15189.0,23.4,1.5
14.733,13,23608.1,14764.7,15.0,23619.3,14715.1,42.9,23591.0,14779.6,22.9,1.2
14.750,4,23589.8,13231.4,15.0,23572.5,13210.0,22.9,23599.6,13279.1,38.9,0.9
14.750,5,23643.6,12751.6,15.0,23630.3,12801.0,46.4,23659.7,12742.8,23.0,1.3
14.750,6,23547.5,12981.6,15.0,23533.0,12989.8,28.5,23555.4,12995.5,22.7,1.0
14.750,7,23366.5,7322.2,15.0,23380.0,7305.2,22.9,23316.8,7334.1,44.0,1.5
14.750,8,23515.7,14484.1,15.0,23509.3,14518.4,24.1,23531.8,14453.8,23.3,1.0
14.750,9,23543.2,12877.9,15.0,23527.8,12870.2,22.7,23556.5,12925.2,47.1,1.1
14.750,10,23522.9,14845.9,15.0,23529.9,14811.3,24.3,23506.4,14875.9,23.3,1.0
14.750,11,23604.0,14821.0,15.0,23614.8,14772.3,41.6,23587.0,14837.8,22.8,1.1
14.750,12,23485.3,15179.5,15.0,23492.5,15153.8,22.4,23469.3,15195.9,22.5,1.5
14.750,13,23608.1,14766.6,15.0,23620.0,14717.2,43.6,23591.3,14779.4,22.9,1.2
14.767,4,23589.8,13230.0,15.0,23572.5,13210.8,22.8,23600.2,13278.5,40.5,0.9
14.767,5,23643.6,12749.5,15.0,23629.6,12798.7,48.5,23659.3,12741.9,22.9,1.3
14.767,6,23547.5,12979.9,15.0,23533.2,12982.3,26.7,23554.9,12996.3,22.7,1.0
14.767,7,23367.9,7322.2,15.0,23379.5,7305.5,23.0,23318.4,7334.6,44.5,1.5
14.767,8,23515.7,14482.4,15.0,23509.0,14518.9,25.4,23532.2,14452.4,23.3,1.0
14.767,9,23543.2,12876.0,15.0,23528.3,12869.8,22.7,23557.1,12923.7,49.9,1.1
14.767,10,23522.9,14847.6,15.0,23530.2,14810.8,25.6,23506.0,14877.3,23.3,1.0
14.767,11,23604.0,14822.9,15.0,23615.5,14773.8,43.1,23587.2,14837.1,22.8,1.1
14.767,12,23485.3,15181.9,15.0,23492.4,15153.7,22.7,23469.0,15201.8,22.1,1.5
14.767,13,23608.1,14768.6,15.0,23620.6,14719.4,44.4,23591.6,14779.2,23.0,1.2
14.783,4,23589.8,13228.6,15.0,23572.6,13211.7,22.9,23600.7,13277.8,42.2,0.9
14.783,5,23643.6,12747.3,15.0,23629.0,12797.0,51.5,23658.9,12740.8,22.9,1.3
14.783,6,23547.5,12978.2,15.0,23533.3,12974.6,25.4,23554.5,12997.0,22.7,1.0
14.783,7,23369.3,7322.2,15.0,23379.5,7305.8,23.0,23320.0,7335.1,45.7,1.5
14.783,8,23515.7,14480.6,15.0,23508.7,14519.5,26.9,23532.6,14451.0,23.3,1.0
14.783,9,23543.2,12874.2,15.0,23528.8,12869.3,22.7,23557.7,12922.0,52.8,1.1
14.783,10,23522.9,14849.3,15.0,23530.6,14810.0,27.4,23505.7,14878.4,23.3,1.0
14.783,11,23604.0,14824.7,15.0,23616.1,14775.9,43.8,23587.5,14836.7,22.8,1.1
14.783,12,23485.3,15184.4,15.0,23492.5,15153.8,23.1,23468.6,15205.0,21.8,1.5
14.783,13,23608.1,14770.5,15.0,23621.2,14721.6,46.2,23592.0,14779.7,22.9,1.2
14.800,4,23589.8,13227.2,15.0,23572.8,13212.3,22.9,23601.3,13276.7,43.3,0.9
14.800,5,23643.6,12745.2,15.0,23628.6,12794.4,53.5,23658.4,12739.7,22.8,1.3
14.800,6,23547.5,12976.4,15.0,23533.4,12965.9,24.1,23554.1,12997.6,22.7,1.0
14.800,7,23370.8,7322.2,15.0,23379.6,7306.1,23.0,23321.7,7335.6,47.1,1.5
14.800,8,23515.7,14478.9,15.0,23508.1,14521.0,29.7,23532.9,14450.3,23.3,1.0
14.800,9,23543.2,12872.3,15.0,23529.3,12868.8,22.7,23557.9,12918.1,52.3,1.1
14.800,10,23522.9,14851.0,15.0,23531.1,14808.6,30.2,23505.3,14879.2,23.3,1.0
14.800,11,23604.0,14826.6,15.0,23616.7,14778.0,44.9,23587.8,14836.6,22.8,1.1
14.800,12,23485.3,15186.8,15.0,23492.7,15153.7,24.0,23468.2,15207.9,21.7,1.5
14.800,13,23608.1,14772.5,15.0,23621.8,14723.8,48.1,23592.4,14780.1,22.9,1.2
14.817,4,23589.8,13225.7,15.0,23573.0,13212.8,22.9,23601.8,13275.0,43.9,0.9
14.817,5,23643.6,12743.1,15.0,23628.3,12790.2,52.8,23657.8,12738.7,22.7,1.3
14.817,6,23547.5,12974.7,15.0,23533.5,12957.1,23.6,23553.8,12998.2,22.7,1.0
14.817,7,23372.2,7322.2,15.0,23379.7,7306.4,23.0,23323.4,7336.0,48.7,1.5
14.817,8,23515.6,14477.2,15.0,23507.5,14522.3,32.7,23533.2,14449.6,23.3,1.0
14.817,9,23543.2,12870.5,15.0,23529.9,12868.3,22.7,23558.1,12914.1,51.8,1.1
14.817,10,23522.9,14852.7,15.0,23531.8,14807.4,33.2,23505.1,14879.6,23.3,1.0
14.817,11,23604.0,14828.5,15.0,23617.3,14780.2,46.8,23588.2,14836.9,22.8,1.1
14.817,12,23485.3,15189.2,15.0,23493.0,15153.3,25.5,23467.9,15210.5,21.9,1.5
14.817,13,23608.1,14774.4,15.0,23622.4,14725.4,51.0,23592.8,14780.8,22.9,1.2
14.833,4,23589.8,13224.3,15.0,23573.3,13213.2,22.9,23602.2,13273.4,44.4,0.9
14.833,5,23643.6,12741.0,15.0,23628.2,12785.0,50.9,23657.3,12737.8,22.6,1.3
14.833,6,23547.5,12973.0,15.0,23533.4,12950.8,23.3,23553.7,12998.6,22.7,1.0
14.833,7,23373.6,7322.2,15.0,23380.0,7306.8,23.0,23324.6,7336.5,51.0,1.5
14.833,8,23515.6,14475.4,15.0,23506.8,14523.2,36.2,23533.3,14450.3,23.2,1.0
14.833,9,23543.2,12868.6,15.0,23530.5,12867.9,22.7,23558.0,12907.5,47.5,1.1
14.833,10,23522.9,14854.4,15.0,23532.5,14806.5,36.7,23504.9,14879.0,23.2,1.0
14.833,11,23604.0,14830.3,15.0,23617.9,14782.1,49.1,23588.6,14837.3,22.8,1.1
14.833,12,23485.3,15191.6,15.0,23493.4,15152.2,27.9,23467.6,15212.7,22.1,1.5
14.833,13,23608.1,14776.3,15.0,23622.9,14727.4,53.7,23593.3,14781.4,22.8,1.2
14.850,4,23589.8,13222.9,15.0,23573.6,13213.1,22.9,23602.7,13271.8,45.8,0.9
14.850,5,23643.6,12738.8,15.0,23628.4,12777.8,46.4,23656.6,12736.9,22.6,1.3
14.850,6,23547.5,12971.2,15.0,23533.1,12945.1,23.2,23553.6,12998.8,22.7,1.0
14.850,7,23375.0,7322.2,15.0,23380.2,7307.2,23.0,23325.9,7336.9,53.4,1.5
14.850,8,23515.6,14473.7,15.0,23506.0,14523.8,39.9,23533.5,14450.9,23.3,1.0
14.850,9,23543.2,12866.8,15.0,23531.2,12867.5,22.7,23557.8,12900.3,43.5,1.1
14.850,10,23522.9,14856.2,15.0,23533.3,14806.1,40.1,23504.8,14878.3,23.3,1.0
14.850,11,23604.0,14832.2,15.0,23618.4,14783.7,52.0,23589.1,14837.8,22.8,1.1
14.850,12,23485.3,15194.0,15.0,23494.1,15150.8,31.1,23467.3,15214.5,22.4,1.5
14.850,13,23608.1,14778.3,15.0,23623.1,14731.5,53.0,23593.9,14782.1,22.8,1.2
14.867,4,23589.8,13221.5,15.0,23573.9,13213.0,22.9,23603.2,13270.0,47.2,0.9
14.867,5,23643.6,12736.7,15.0,23628.5,12770.1,42.1,23656.0,12736.4,22.5,1.3
14.867,6,23547.5,12969.5,15.0,23532.8,12942.0,23.1,23553.7,12998.8,22.9,1.0
14.867,7,23376.4,7322.2,15.0,23380.5,7307.6,23.0,23328.4,7337.2,53.9,1.5
14.867,8,23515.6,14472.0,15.0,23505.2,14523.1,42.1,23533.4,14452.1,23.2,1.0
14.867,9,23543.2,12864.9,15.0,23531.8,12867.4,22.6,23557.6,12892.9,39.1,1.1
14.867,10,23522.9,14857.9,15.0,23534.0,14806.8,42.2,23504.9,14877.2,23.2,1.0
14.867,11,23604.0,14834.1,15.0,23618.8,14786.6,53.2,23589.7,14838.3,22.8,1.1
14.867,12,23485.3,15196.4,15.0,23494.8,15149.8,34.7,23467.2,15215.6,22.7,1.5
14.867,13,23608.1,14780.2,15.0,23623.3,14735.9,52.0,23594.4,14782.7,22.8,1.2
14.883,4,23589.8,13220.1,15.0,23574.2,13212.8,22.9,23603.6,13268.5,49.0,0.9
14.883,5,23643.6,12734.6,15.0,23628.7,12762.1,37.8,23655.3,12736.1,22.5,1.3
14.883,6,23547.5,12967.8,15.0,23532.4,12939.8,22.8,23553.8,12998.7,23.1,1.0
14.883,7,23377.8,7322.2,15.0,23380.8,7308.1,23.0,23331.5,7337.3,53.4,1.5
14.883,8,23515.6,14470.2,15.0,23504.5,14522.3,44.3,23533.3,14453.2,23.3,1.0
14.883,9,23543.2,12863.1,15.0,23532.5,12867.3,22.7,23557.4,12884.8,35.3,1.1
14.883,10,23522.9,14859.6,15.0,23534.7,14807.7,44.4,23505.1,14876.1,23.3,1.0
14.883,11,23604.0,14835.9,15.0,23619.0,14790.6,52.6,23590.2,14838.8,22.8,1.1
14.883,12,23485.3,15198.9,15.0,23495.7,15149.2,38.7,23467.1,15216.2,23.0,1.5
14.883,13,23608.1,14782.2,15.0,23623.2,14742.8,47.5,23595.1,14783.2,22.7,1.2
14.900,4,23589.8,13218.7,15.0,23574.6,13212.6,22.9,23604.1,13267.3,51.3,0.9
14.900,5,23643.6,12732.4,15.0,23628.8,12755.1,34.7,23654.6,12736.0,22.4,1.3
14.900,6,23547.5,12966.0,15.0,23532.0,12938.1,22.7,23554.0,12998.9,24.0,1.0
14.900,7,23379.3,7322.2,15.0,23381.1,7308.5,23.0,23334.9,7337.5,52.6,1.5
14.900,8,23515.5,14468.5,15.0,23503.8,14520.4,45.1,23533.0,14453.9,23.3,1.0
14.900,9,23543.2,12861.2,15.0,23533.2,12867.6,22.6,23557.5,12879.8,33.0,1.1
14.900,10,23522.9,14861.3,15.0,23535.3,14809.6,45.1,23505.3,14875.4,23.2,1.0
14.900,11,23604.0,14837.8,15.0,23619.0,14795.9,50.0,23590.8,14839.3,22.8,1.1
14.900,12,23485.3,15201.3,15.0,23496.5,15149.9,41.5,23467.2,15216.5,23.3,1.5
14.900,13,23608.1,14784.1,15.0,23623.0,14750.2,43.4,23595.7,14783.6,22.7,1.2
14.917,4,23589.8,13217.2,15.0,23575.0,13212.3,22.9,23604.5,13266.0,53.6,0.9
14.917,5,23643.6,12730.3,15.0,23628.7,12749.9,32.6,23653.8,12736.1,22.4,1.3
14.917,6,23547.5,12964.3,15.0,23531.6,12936.7,22.7,23554.3,12999.2,25.3,1.0
14.917,7,23380.7,7322.2,15.0,23381.3,7309.1,22.9,23340.3,7337.4,49.0,1.5
14.917,8,23515.5,14466.7,15.0,23503.2,14518.4,45.8,23532.7,14454.6,23.3,1.0
14.917,9,23543.2,12859.4,15.0,23533.9,12868.0,22.6,23557.6,12874.8,31.0,1.1
14.917,10,23522.9,14863.0,15.0,23535.9,14811.6,45.7,23505.6,14874.8,23.3,1.0
14.917,11,23604.0,14839.6,15.0,23618.9,14803.0,45.7,23591.5,14839.7,22.8,1.1
14.917,12,23485.3,15203.7,15.0,23497.3,15150.9,43.9,23467.3,15216.8,23.6,1.5
14.917,13,23608.1,14786.0,15.0,23622.8,14758.0,38.9,23596.4,14783.8,22.7,1.2
14.933,4,23589.8,13215.8,15.0,23575.4,13212.0,22.9,23604.7,13263.1,53.5,0.9
14.933,5,23643.6,12728.2,15.0,23628.7,12744.6,31.0,23653.1,12736.5,22.3,1.3
14.933,6,23547.5,12962.6,15.0,23531.2,12935.7,22.7,23554.7,13000.1,27.3,1.0
14.933,7,23382.1,7322.2,15.0,23381.5,7309.6,23.0,23346.0,7337.2,45.6,1.5
14.933,8,23515.5,14465.0,15.0,23502.5,14516.4,47.4,23532.4,14454.7,23.3,1.0
14.933,9,23543.2,12857.5,15.0,23534.6,12868.6,22.6,23557.6,12869.6,29.7,1.1
14.933,10,23522.9,14864.7,15.0,23536.5,14813.6,47.4,23506.0,14874.7,23.3,1.0
14.933,11,23604.0,14841.5,15.0,23618.7,14810.4,41.4,23592.1,14839.9,22.7,1.1
14.933,12,23485.3,15206.1,15.0,23498.1,15153.2,45.0,23467.6,15217.6,23.7,1.5
14.933,13,23608.1,14788.0,15.0,23622.6,14765.8,35.3,23597.1,14783.8,22.7,1.2
14.950,4,23589.8,13214.4,15.0,23575.9,13211.7,22.9,23604.9,13259.9,52.9,0.9
14.950,5,23643.6,12726.0,15.0,23628.6,12739.1,29.7,23652.4,12737.0,22.3,1.3
14.950,6,23547.5,12960.8,15.0,23530.9,12934.8,22.7,23555.3,13001.3,30.0,1.0
14.950,7,23383.5,7322.2,15.0,23381.6,7310.1,22.9,23351.8,7337.1,42.2,1.5
14.950,8,23515.5,14463.3,15.0,23501.9,14514.2,49.2,23531.9,14454.6,23.3,1.0
14.950,9,23543.2,12855.7,15.0,23535.2,12869.3,22.6,23557.7,12864.4,28.5,1.1
14.950,10,23522.9,14866.4,15.0,23537.1,14815.7,49.2,23506.4,14874.8,23.3,1.0
14.950,11,23604.0,14843.4,15.0,23618.5,14818.3,37.3,23592.8,14840.0,22.7,1.1
14.950,12,23485.3,15208.5,15.0,23498.8,15155.5,46.0,23467.9,15218.5,23.7,1.5
14.950,13,23608.1,14789.9,15.0,23622.7,14770.8,33.1,23597.8,14783.5,22.6,1.2
14.967,4,23589.8,13213.0,15.0,23576.4,13211.4,22.9,23604.9,13256.1,51.5,0.9
14.967,5,23643.6,12723.9,15.0,23628.7,12732.2,28.0,23651.8,12737.6,22.3,1.3
14.967,6,23547.5,12959.1,15.0,23530.7,12934.7,22.7,23555.9,13002.2,33.0,1.0
14.967,7,23384.9,7322.2,15.0,23381.6,7310.7,22.9,23358.0,7336.9,38.8,1.5
14.967,8,23515.4,14461.5,15.0,23501.3,14512.7,51.9,23531.5,14454.4,23.3,1.0
14.967,9,23543.2,12853.9,15.0,23535.7,12870.0,22.6,23557.5,12856.6,26.7,1.1
14.967,10,23522.9,14868.1,15.0,23537.7,14817.2,51.8,23506.9,14875.0,23.3,1.0
14.967,11,23604.0,14845.2,15.0,23618.4,14824.9,34.3,23593.5,14839.8,22.7,1.1
14.967,12,23485.3,15210.9,15.0,23499.5,15158.0,48.0,23468.2,15220.1,23.6,1.5
14.967,13,23608.1,14791.8,15.0,23622.8,14776.0,31.2,23598.6,14783.2,22.7,1.2
14.983,4,23589.8,13211.6,15.0,23576.9,13211.2,22.9,23604.8,13250.7,47.9,0.9
14.983,5,23643.6,12721.8,15.0,23628.8,12724.0,26.3,23651.2,12738.3,22.3,1.3
14.983,6,23547.5,12957.4,15.0,23530.6,12935.2,22.7,23556.6,13002.8,36.3,1.0
14.983,7,23386.3,7322.2,15.0,23381.6,7311.2,23.0,23364.5,7336.7,35.8,1.5
14.983,8,23515.4,14459.8,15.0,23500.7,14511.1,54.9,23531.0,14454.2,23.3,1.0
14.983,9,23543.2,12852.0,15.0,23536.2,12870.8,22.6,23557.4,12848.5,25.4,1.1
14.983,10,23522.9,14869.8,15.0,23538.2,14818.8,54.7,23507.4,14875.3,23.3,1.0
14.983,11,23604.0,14847.1,15.0,23618.5,14829.9,32.2,23594.2,14839.5,22.7,1.1
14.983,12,23485.3,15213.4,15.0,23500.2,15160.5,50.1,23468.5,15221.6,23.5,1.5
14.983,13,23608.1,14793.8,15.0,23622.8,14781.3,29.9,23599.2,14782.5,22.6,1.2
15.000,4,23589.8,13210.2,15.0,23577.4,13211.0,22.9,23604.7,13245.0,44.7,0.9
15.000,5,23643.6,12719.6,15.0,23628.9,12715.0,24.6,23650.8,12738.8,22.3,1.3
15.000,6,23547.5,12955.6,15.0,23530.6,12935.9,22.7,23557.3,13002.7,39.1,1.0
15.000,7,23387.8,7322.2,15.0,23381.2,7311.8,22.9,23368.4,7336.8,34.0,1.5
15.000,8,23515.4,14458.0,15.0,23500.3,14507.8,55.3,23530.4,14453.9,23.3,1.0
15.000,9,23543.2,12850.2,15.0,23536.6,12871.4,22.6,23557.3,12839.4,24.0,1.1
15.000,10,23522.9,14871.5,15.0,23538.6,14821.9,55.3,23507.9,14875.6,23.3,1.0
15.000,11,23604.0,14848.9,15.0,23618.6,14835.1,30.5,23594.9,14838.9,22.7,1.1
15.000,12,23485.3,15215.8,15.0,23500.9,15162.4,53.3,23469.0,15223.4,23.3,1.5
15.000,13,23608.1,14795.7,15.0,23622.9,14787.2,28.5,23599.9,14781.8,22.6,1.2
15.017,4,23589.8,13208.7,15.0,23577.9,13210.9,22.9,23604.6,13239.1,41.2,0.9
15.017,5,23643.6,12717.5,15.0,23629.0,12705.4,23.5,23650.5,12739.4,22.3,1.3
15.017,6,23547.5,12953.9,15.0,23530.7,12936.8,22.7,23558.0,13001.8,41.1,1.0
15.017,7,23389.2,7322.2,15.0,23380.9,7312.3,22.9,23372.4,7336.9,32.3,1.5
15.017,8,23515.4,14456.3,15.0,23500.1,14503.8,54.7,23529.8,14453.6,23.3,1.0
15.017,9,23543.2,12848.3,15.0,23536.9,12872.0,22.6,23557.2,12830.2,23.5,1.1
15.017,10,23522.9,14873.2,15.0,23538.8,14825.8,54.6,23508.5,14875.9,23.3,1.0
15.017,11,23604.0,14850.8,15.0,23618.6,14840.3,29.3,23595.6,14838.2,22.7,1.1
15.017,12,23485.3,15218.2,15.0,23501.4,15165.0,55.6,23469.4,15225.0,23.2,1.5
15.017,13,23608.1,14797.7,15.0,23622.7,14795.3,26.7,23600.4,14781.1,22.6,1.2
15.033,4,23589.8,13207.3,15.0,23578.5,13210.9,22.9,23604.4,13232.9,37.9,0.9
15.033,5,23643.6,12715.4,15.0,23628.9,12698.0,22.8,23650.2,12739.7,22.4,1.3
15.033,6,23547.5,12952.2,15.0,23530.8,12937.6,22.7,23558.6,13000.6,42.7,1.0
15.033,7,23390.6,7322.2,15.0,23380.4,7312.9,22.9,23376.5,7336.9,30.9,1.5
15.033,8,23515.4,14454.6,15.0,23500.0,14498.2,51.6,23529.2,14453.3,23.3,1.0
15.033,9,23543.2,12846.5,15.0,23537.0,12872.2,22.6,23557.4,12824.1,23.1,1.1
15.033,10,23522.9,14874.9,15.0,23538.8,14831.2,51.8,23509.1,14876.1,23.3,1.0
15.033,11,23604.0,14852.7,15.0,23618.6,14847.0,27.7,23596.2,14837.5,22.7,1.1
15.033,12,23485.3,15220.6,15.0,23501.7,15169.7,54.9,23470.0,15226.5,23.0,1.5
15.033,13,23608.1,14799.6,15.0,23622.6,14803.7,25.2,23600.9,14780.4,22.6,1.2
15.050,4,23589.8,13205.9,15.0,23579.0,13211.0,22.9,23604.3,13227.0,35.2,0.9
15.050,5,23643.6,12713.3,15.0,23628.6,12691.5,22.4,23650.1,12740.0,22.4,1.3
15.050,6,23547.5,12950.5,15.0,23531.1,12938.1,22.7,23559.2,12998.6,43.3,1.0
15.050,7,23392.0,7322.2,15.0,23379.8,7313.4,22.9,23380.6,7337.0,29.9,1.5
15.050,8,23515.3,14452.8,15.0,23500.1,14491.1,47.2,23528.5,14453.1,23.3,1.0
15.050,9,23543.2,12844.6,15.0,23537.1,12872.5,22.7,23557.6,12818.2,23.1,1.1
15.050,10,23522.9,14876.6,15.0,23538.6,14838.1,47.5,23509.7,14876.3,23.3,1.0
15.050,11,23604.0,14854.5,15.0,23618.5,14855.1,26.1,23596.7,14836.7,22.7,1.1
15.050,12,23485.3,15223.0,15.0,23501.8,15175.2,52.7,23470.5,15228.0,22.9,1.5
15.050,13,23608.1,14801.5,15.0,23622.5,14813.1,23.9,23601.2,14779.8,22.6,1.2
15.067,4,23589.8,13204.5,15.0,23579.6,13211.4,22.9,23604.3,13223.1,33.4,0.9
15.067,5,23643.6,12711.1,15.0,23628.3,12687.8,22.2,23650.1,12739.8,22.7,1.3
15.067,6,23547.5,12948.7,15.0,23531.4,12938.4,22.7,23559.8,12996.6,44.2,1.0
15.067,7,23393.4,7322.2,15.0,23379.2,7313.9,23.0,23384.8,7337.0,29.0,1.5
15.067,8,23515.3,14451.1,15.0,23500.2,14483.6,42.8,23527.8,14453.1,23.3,1.0
15.067,9,23543.2,12842.8,15.0,23537.0,12872.4,22.9,23558.1,12815.8,22.8,1.1
15.067,10,23522.9,14878.3,15.0,23538.4,14845.4,43.3,23510.4,14876.4,23.3,1.0
15.067,11,23604.0,14856.4,15.0,23618.4,14863.8,24.6,23597.1,14836.1,22.7,1.1
15.067,12,23485.3,15225.4,15.0,23501.7,15183.0,48.0,23471.2,15229.2,22.7,1.5
15.067,13,23608.1,14803.5,15.0,23622.5,14821.8,23.4,23601.5,14779.2,22.7,1.2
15.083,4,23589.8,13203.1,15.0,23580.1,13211.7,22.9,23604.4,13219.1,31.8,0.9
15.083,5,23643.6,12709.0,15.0,23627.9,12684.9,21.9,23650.3,12739.6,23.0,1.3
15.083,6,23547.5,12947.0,15.0,23531.8,12938.2,22.7,23560.4,12994.5,45.9,1.0
15.083,7,23394.8,7322.2,15.0,23378.5,7314.3,22.9,23391.0,7336.9,27.4,1.5
15.083,8,23515.3,14449.4,15.0,23500.3,14475.7,38.6,23527.1,14453.2,23.3,1.0
15.083,9,23543.2,12840.9,15.0,23536.8,12872.2,23.2,23558.5,12813.4,22.6,1.1
15.083,10,23522.9,14880.0,15.0,23538.2,14853.1,39.1,23511.1,14876.3,23.3,1.0
15.083,11,23604.0,14858.3,15.0,23618.3,14873.2,23.7,23597.4,14835.4,22.7,1.1
15.083,12,23485.3,15227.9,15.0,23501.5,15191.2,43.4,23471.9,15229.9,22.7,1.5
15.083,13,23608.1,14805.4,15.0,23622.7,14828.0,23.0,23601.6,14778.9,22.7,1.2
15.100,4,23589.8,13201.7,15.0,23580.7,13212.2,22.9,23604.4,13215.0,30.6,0.9
15.100,5,23643.6,12706.9,15.0,23627.5,12682.8,21.9,23650.5,12739.9,24.2,1.3
15.100,6,23547.5,12945.3,15.0,23532.2,12938.0,22.7,23560.9,12992.6,47.8,1.0
15.100,7,23396.3,7322.2,15.0,23377.9,7314.8,22.9,23397.4,7336.8,26.2,1.5
15.100,8,23515.3,14447.6,15.0,23500.3,14469.0,35.5,23526.4,14453.5,23.3,1.0
15.100,9,23543.2,12839.1,15.0,23536.6,12872.6,24.4,23558.9,12811.9,22.6,1.1
15.100,10,23522.9,14881.7,15.0,23538.1,14860.1,35.8,23511.8,14876.1,23.3,1.0
15.100,11,23604.0,14860.1,15.0,23618.3,14880.7,23.3,23597.6,14835.0,22.7,1.1
15.100,12,23485.3,15230.3,15.0,23501.3,15199.8,38.9,23472.7,15230.4,22.6,1.5
15.100,13,23608.1,14807.4,15.0,23623.0,14833.2,22.9,23601.7,14778.8,22.8,1.2
15.117,4,23589.8,13200.2,15.0,23581.2,13212.8,22.9,23604.5,13210.9,29.6,0.9
15.117,5,23643.6,12704.7,15.0,23627.1,12680.8,22.0,23650.8,12740.2,25.6,1.3
15.117,6,23547.5,12943.5,15.0,23532.6,12937.7,22.7,23561.5,12991.1,50.6,1.0
15.117,7,23397.7,7322.2,15.0,23377.2,7315.1,22.9,23404.2,7336.7,25.1,1.5
15.117,8,23515.3,14445.9,15.0,23500.2,14464.1,33.3,23525.7,14454.0,23.3,1.0
15.117,9,23543.2,12837.2,15.0,23536.2,12872.9,25.8,23559.3,12810.4,22.6,1.1
15.117,10,23522.9,14883.5,15.0,23538.2,14864.9,33.6,23512.5,14875.6,23.2,1.0
15.117,11,23604.0,14862.0,15.0,23618.5,14886.8,23.1,23597.7,14834.7,22.7,1.1
15.117,12,23485.3,15232.7,15.0,23501.2,15206.8,35.8,23473.4,15230.7,22.5,1.5
15.117,13,23608.1,14809.3,15.0,23623.4,14835.7,22.6,23601.6,14778.9,23.0,1.2
15.133,4,23589.8,13198.8,15.0,23581.7,13213.4,22.9,23604.5,13206.4,28.5,0.9
15.133,5,23643.6,12702.6,15.0,23626.8,12679.3,22.2,23651.3,12741.4,28.2,1.3
15.133,6,23547.5,12941.8,15.0,23533.1,12937.3,22.7,23561.9,12989.2,53.0,1.0
15.133,7,23399.1,7322.2,15.0,23376.7,7315.4,22.9,23411.6,7336.6,24.2,1.5
15.133,8,23515.3,14444.1,15.0,23500.0,14458.9,31.5,23525.0,14454.7,23.3,1.0
15.133,9,23543.2,12835.4,15.0,23535.7,12874.2,28.5,23559.6,12809.4,22.6,1.1
15.133,10,23522.9,14885.2,15.0,23538.3,14869.9,31.8,23513.2,14875.0,23.3,1.0
15.133,11,23604.0,14863.8,15.0,23618.9,14890.8,23.0,23597.7,14834.6,22.9,1.1
15.133,12,23485.3,15235.1,15.0,23501.3,15212.4,33.7,23474.2,15230.6,22.4,1.5
15.133,13,23608.1,14811.2,15.0,23623.8,14838.0,22.4,23601.4,14778.9,23.6,1.2
15.150,4,23589.8,13197.4,15.0,23582.1,13214.1,22.9,23604.4,13200.1,27.0,0.9
15.150,5,23643.6,12700.5,15.0,23626.6,12677.9,22.3,23651.9,12742.6,31.2,1.3
15.150,6,23547.5,12940.1,15.0,23533.7,12936.9,22.7,23562.1,12985.4,52.3,1.0
15.150,7,23400.5,7322.2,15.0,23376.1,7315.6,23.0,23419.0,7336.6,23.9,1.5
15.150,8,23515.2,14442.4,15.0,23499.9,14453.7,30.2,23524.4,14455.6,23.3,1.0
15.150,9,23543.2,12833.5,15.0,23535.1,12875.4,31.4,23559.9,12808.6,22.6,1.1
15.150,10,23522.9,14886.9,15.0,23538.3,14875.1,30.4,23513.8,14874.2,23.2,1.0
15.150,11,23604.0,14865.7,15.0,23619.3,14893.2,22.7,23597.6,14834.8,23.2,1.1
15.150,12,23485.3,15237.5,15.0,23501.4,15218.1,32.1,23475.0,15230.2,22.3,1.5
15.150,13,23608.1,14813.2,15.0,23624.2,14839.7,22.5,23601.1,14778.5,25.0,1.2
15.167,4,23589.8,13196.0,15.0,23582.5,13214.7,22.9,23604.3,13193.7,25.9,0.9
15.167,5,23643.6,12698.3,15.0,23626.4,12677.7,22.5,23652.7,12743.3,34.7,1.3
15.167,6,23547.5,12938.3,15.0,23534.2,12936.5,22.7,23562.3,12981.5,51.6,1.0
15.167,7,23401.9,7322.2,15.0,23375.8,7315.7,22.9,23424.2,7336.7,23.6,1.5
15.167,8,23515.2,14440.7,15.0,23499.9,14447.5,28.8,23523.8,14456.5,23.3,1.0
15.167,9,23543.2,12831.7,15.0,23534.4,12876.1,34.8,23560.0,12809.0,22.6,1.1
15.167,10,23522.9,14888.6,15.0,23538.4,14880.6,29.2,23514.5,14873.3,23.3,1.0
15.167,11,23604.0,14867.6,15.0,23619.7,14895.1,22.6,23597.4,14834.6,24.0,1.1
15.167,12,23485.3,15239.9,15.0,23501.5,15223.8,30.9,23475.8,15229.7,22.3,1.5
15.167,13,23608.1,14815.1,15.0,23624.6,14841.2,22.5,23600.7,14777.8,26.8,1.2
15.183,4,23589.8,13194.6,15.0,23582.8,13215.3,22.9,23604.2,13186.8,24.8,0.9
15.183,5,23643.6,12696.2,15.0,23626.3,12677.6,22.7,23653.5,12743.7,38.4,1.3
15.183,6,23547.5,12936.6,15.0,23534.8,12936.2,22.7,23562.2,12975.1,47.3,1.0
15.183,7,23403.3,7322.2,15.0,23375.5,7315.8,22.9,23429.0,7336.9,23.5,1.5
15.183,8,23515.2,14438.9,15.0,23499.9,14439.4,27.0,23523.2,14457.4,23.2,1.0
15.183,9,23543.2,12829.8,15.0,23533.6,12876.5,38.3,23560.1,12809.4,22.7,1.1
15.183,10,23522.9,14890.3,15.0,23538.2,14888.4,27.4,23515.0,14872.4,23.2,1.0
15.183,11,23604.0,14869.4,15.0,23620.2,14896.7,22.6,23597.1,14834.2,25.3,1.1
15.183,12,23485.3,15242.4,15.0,23501.4,15231.8,28.9,23476.4,15229.1,22.2,1.5
15.183,13,23608.1,14817.0,15.0,23624.9,14842.2,22.6,23600.1,14776.5,29.6,1.2
15.200,4,23589.8,13193.2,15.0,23583.1,13215.8,22.9,23604.1,13179.4,24.0,0.9
15.200,5,23643.6,12694.1,15.0,23626.4,12677.9,22.8,23654.2,12742.8,40.7,1.3
15.200,6,23547.5,12934.9,15.0,23535.4,12935.9,22.7,23562.0,12968.2,43.5,1.0
15.200,7,23404.8,7322.2,15.0,23375.3,7315.8,23.0,23432.9,7337.1,23.5,1.5
15.200,8,23515.2,14437.2,15.0,23500.0,14430.9,25.6,23522.8,14458.2,23.3,1.0
15.200,9,23543.2,12828.0,15.0,23532.9,12875.6,40.4,23560.0,12810.3,22.6,1.1
15.200,10,23522.9,14892.0,15.0,23538.1,14896.4,26.1,23515.5,14871.6,23.3,1.0
15.200,11,23604.0,14871.3,15.0,23620.5,14897.8,22.7,23596.6,14833.2,27.5,1.1
15.200,12,23485.3,15244.8,15.0,23501.2,15240.5,27.1,23477.0,15228.4,22.3,1.5
15.200,13,23608.1,14819.0,15.0,23625.1,14842.8,22.6,23599.5,14775.5,32.8,1.2
15.217,4,23589.8,13191.7,15.0,23583.3,13216.3,22.9,23604.1,13172.2,23.8,0.9
15.217,5,23643.6,12691.9,15.0,23626.6,12678.2,23.0,23655.0,12741.7,42.8,1.3
15.217,6,23547.5,12933.1,15.0,23536.1,12935.8,22.7,23561.8,12961.0,39.3,1.0
15.217,7,23406.2,7322.2,15.0,23375.4,7315.7,23.2,23434.7,7337.4,23.2,1.5
15.217,8,23515.2,14435.5,15.0,23500.0,14421.6,24.4,23522.4,14459.0,23.2,1.0
15.217,9,23543.2,12826.1,15.0,23532.2,12874.6,42.4,23559.9,12811.2,22.7,1.1
15.217,10,23522.9,14893.7,15.0,23538.0,14905.6,24.7,23515.8,14870.8,23.2,1.0
15.217,11,23604.0,14873.2,15.0,23620.8,14898.8,22.7,23596.0,14832.0,30.3,1.1
15.217,12,23485.3,15247.2,15.0,23501.1,15250.2,25.0,23477.5,15227.8,22.3,1.5
15.217,13,23608.1,14820.9,15.0,23625.3,14842.5,22.7,23598.7,14774.8,36.3,1.2
15.233,4,23589.8,13190.3,15.0,23583.4,13216.6,22.9,23604.2,13167.4,23.4,0.9
15.233,5,23643.6,12689.8,15.0,23626.9,12678.0,23.0,23655.6,12739.5,43.6,1.3
15.233,6,23547.5,12931.4,15.0,23536.7,12935.8,22.7,23561.6,12953.4,35.6,1.0
15.233,7,23407.6,7322.2,15.0,23375.5,7315.6,23.4,23436.5,7337.8,23.0,1.5
15.233,8,23515.1,14433.7,15.0,23499.9,14412.8,24.1,23522.2,14459.7,23.3,1.0
15.233,9,23543.2,12824.3,15.0,23531.6,12872.5,43.1,23559.6,12811.6,22.7,1.1
15.233,10,23522.9,14895.4,15.0,23537.9,14914.8,24.2,23516.1,14870.0,23.3,1.0
15.233,11,23604.0,14875.0,15.0,23621.0,14898.9,22.7,23595.4,14831.1,33.6,1.1
15.233,12,23485.3,15249.6,15.0,23501.1,15260.5,23.6,23477.9,15227.2,22.4,1.5
15.233,13,23608.1,14822.9,15.0,23625.3,14842.1,22.8,23598.0,14774.9,39.4,1.2
15.250,4,23589.8,13188.9,15.0,23583.5,13216.9,22.9,23604.4,13162.7,23.4,0.9
15.250,5,23643.6,12687.7,15.0,23627.1,12677.7,23.0,23656.3,12737.2,44.5,1.3
15.250,6,23547.5,12929.7,15.0,23537.4,12936.1,22.7,23561.7,12948.3,33.3,1.0
15.250,7,23409.0,7322.2,15.0,23375.2,7315.4,24.2,23437.8,7338.1,23.0,1.5
15.250,8,23515.1,14432.0,15.0,23499.7,14406.8,23.8,23522.1,14460.2,23.3,1.0
15.250,9,23543.2,12822.4,15.0,23531.0,12870.4,43.8,23559.3,12811.9,22.7,1.1
15.250,10,23522.9,14897.1,15.0,23538.1,14921.1,23.8,23516.3,14869.6,23.2,1.0
15.250,11,23604.0,14876.9,15.0,23621.1,14898.5,22.7,23594.6,14830.5,37.1,1.1
15.250,12,23485.3,15252.0,15.0,23501.2,15267.4,22.7,23478.1,15226.9,22.4,1.5
15.250,13,23608.1,14824.8,15.0,23625.2,14841.3,22.8,23597.2,14775.8,41.6,1.2
15.267,4,23589.8,13187.5,15.0,23583.5,13217.0,23.0,23604.7,13159.5,23.4,0.9
15.267,5,23643.6,12685.5,15.0,23627.5,12676.7,23.0,23656.9,12734.9,46.4,1.3
15.267,6,23547.5,12927.9,15.0,23538.1,12936.5,22.7,23561.7,12943.5,31.3,1.0
15.267,7,23410.4,7322.2,15.0,23374.9,7315.2,25.3,23439.0,7338.5,23.0,1.5
15.267,8,23515.1,14430.2,15.0,23499.4,14401.2,23.9,23522.0,14460.6,23.3,1.0
15.267,9,23543.2,12820.6,15.0,23530.4,12868.3,45.6,23559.0,12811.6,22.7,1.1
15.267,10,23522.9,14898.8,15.0,23538.3,14927.0,23.8,23516.3,14869.1,23.3,1.0
15.267,11,23604.0,14878.7,15.0,23621.1,14897.8,22.8,23593.9,14830.8,39.8,1.1
15.267,12,23485.3,15254.4,15.0,23501.5,15274.0,22.2,23478.2,15226.7,22.6,1.5
15.267,13,23608.1,14826.7,15.0,23625.0,14840.8,22.9,23596.5,14777.2,43.2,1.2
15.283,4,23589.8,13186.1,15.0,23583.4,13216.9,23.2,23605.0,13157.7,23.1,0.9
15.283,5,23643.6,12683.4,15.0,23627.9,12675.8,22.9,23657.5,12732.7,48.5,1.3
15.283,6,23547.5,12926.2,15.0,23538.7,12937.1,22.7,23561.8,12938.6,29.9,1.0
15.283,7,23411.8,7322.2,15.0,23374.4,7314.9,26.6,23440.0,7338.8,23.0,1.5
15.283,8,23515.1,14428.5,15.0,23498.9,14399.0,23.6,23522.1,14460.5,23.6,1.0
15.283,9,23543.2,12818.7,15.0,23529.8,12866.1,47.5,23558.6,12811.3,22.7,1.1
15.283,10,23522.9,14900.5,15.0,23538.7,14930.0,23.7,23516.3,14869.1,23.4,1.0
15.283,11,23604.0,14880.6,15.0,23621.0,14896.9,22.8,23593.1,14831.7,42.0,1.1
15.283,12,23485.3,15256.9,15.0,23501.9,15277.3,21.9,23478.1,15226.8,23.0,1.5
15.283,13,23608.1,14828.7,15.0,23624.7,14840.5,22.9,23595.9,14779.4,43.9,1.2
15.300,4,23589.8,13184.7,15.0,23583.3,13216.8,23.4,23605.4,13155.9,22.9,0.9
15.300,5,23643.6,12681.3,15.0,23628.3,12674.7,22.9,23658.1,12730.9,51.4,1.3
15.300,6,23547.5,12924.5,15.0,23539.3,12937.8,22.7,23561.8,12933.5,28.8,1.0
15.300,7,23413.3,7322.2,15.0,23373.3,7314.5,28.8,23440.6,7339.0,23.0,1.5
15.300,8,23515.1,14426.8,15.0,23498.4,14396.7,23.3,23522.3,14460.5,23.9,1.0
15.300,9,23543.2,12816.9,15.0,23529.3,12864.6,50.3,23558.1,12810.8,22.7,1.1
15.300,10,23522.9,14902.2,15.0,23539.1,14932.2,23.4,23516.2,14869.1,23.7,1.0
15.300,11,23604.0,14882.5,15.0,23620.8,14896.3,22.8,23592.5,14833.4,43.2,1.1
15.300,12,23485.3,15259.3,15.0,23502.3,15280.5,21.7,23478.0,15226.9,23.7,1.5
15.300,13,23608.1,14830.6,15.0,23624.4,14840.6,22.9,23595.3,14781.5,45.1,1.2
15.317,4,23589.8,13183.2,15.0,23583.0,13217.1,24.4,23605.7,13154.7,22.9,0.9
15.317,5,23643.6,12679.2,15.0,23628.8,12673.7,22.8,23658.6,12728.4,53.5,1.3
15.317,6,23547.5,12922.8,15.0,23539.8,12938.5,22.7,23561.8,12926.7,27.1,1.0
15.317,7,23414.7,7322.2,15.0,23372.3,7314.0,31.1,23441.3,7339.3,23.0,1.5
15.317,8,23515.1,14425.0,15.0,23498.0,14395.3,23.3,23522.5,14461.1,25.2,1.0
15.317,9,23543.2,12815.0,15.0,23528.7,12862.7,52.9,23557.6,12810.4,22.7,1.1
15.317,10,23522.9,14903.9,15.0,23539.5,14933.8,23.3,23515.9,14868.8,24.6,1.0
15.317,11,23604.0,14884.3,15.0,23620.5,14895.9,22.8,23591.8,14835.5,43.9,1.1
15.317,12,23485.1,15261.7,15.0,23500.8,15284.2,21.9,23480.2,15226.0,25.2,1.5
15.317,13,23608.1,14832.6,15.0,23624.0,14841.1,22.9,23594.7,14783.8,46.9,1.2
15.333,4,23589.8,13181.8,15.0,23582.8,13217.4,25.4,23606.0,13153.6,22.9,0.9
15.333,5,23643.6,12677.0,15.0,23629.3,12672.6,22.7,23658.8,12724.2,52.8,1.3
15.333,6,23547.5,12921.0,15.0,23540.3,12939.2,22.7,23561.6,12919.1,25.7,1.0
15.333,7,23416.1,7322.2,15.0,23371.5,7313.4,33.7,23441.2,7339.4,22.9,1.5
15.333,8,23515.0,14423.3,15.0,23497.6,14394.0,23.3,23522.9,14461.5,26.6,1.0
15.333,9,23543.2,12813.2,15.0,23528.5,12858.7,52.3,23557.0,12809.9,22.7,1.1
15.333,10,23522.9,14905.6,15.0,23540.0,14935.2,23.3,23515.6,14868.3,26.0,1.0
15.333,11,23604.0,14886.2,15.0,23620.1,14895.9,22.8,23591.2,14837.6,45.3,1.1
15.333,12,23484.8,15264.1,15.0,23499.1,15287.6,22.1,23482.6,15224.8,27.2,1.5
15.333,13,23608.1,14834.5,15.0,23623.6,14841.6,22.9,23594.1,14785.7,49.3,1.2
15.350,4,23589.8,13180.4,15.0,23582.5,13218.1,27.0,23606.3,13152.6,22.9,0.9
15.350,5,23643.6,12674.9,15.0,23629.9,12671.7,22.6,23659.0,12719.1,51.0,1.3
15.350,6,23547.5,12919.3,15.0,23540.7,12939.9,22.7,23561.5,12910.7,24.4,1.0
15.350,7,23417.5,7322.2,15.0,23371.0,7312.8,36.5,23440.7,7339.6,22.9,1.5
15.350,8,23515.0,14421.5,15.0,23497.2,14393.2,23.3,23523.4,14463.0,29.3,1.0
15.350,9,23543.2,12811.3,15.0,23528.4,12854.4,51.3,23556.5,12809.4,22.7,1.1
15.350,10,23522.9,14907.3,15.0,23540.3,14936.2,23.3,23515.2,14867.2,28.1,1.0
15.350,11,23604.0,14888.0,15.0,23619.7,14896.2,22.8,23590.7,14839.8,47.1,1.1
15.350,12,23484.2,15266.4,15.0,23497.1,15290.6,22.3,23485.3,15223.2,30.3,1.5
15.350,13,23608.1,14836.4,15.0,23623.1,14842.3,22.9,23593.5,14787.4,52.2,1.2
15.367,4,23589.8,13179.0,15.0,23582.0,13219.2,29.2,23606.6,13152.0,22.9,0.9
15.367,5,23643.6,12672.8,15.0,23630.5,12671.0,22.6,23658.8,12711.8,46.5,1.3
15.367,6,23547.5,12917.6,15.0,23541.0,12940.4,22.7,23561.4,12901.9,23.6,1.0
15.367,7,23418.9,7322.2,15.0,23370.7,7312.2,39.2,23440.2,7339.6,23.0,1.5
15.367,8,23515.0,14419.8,15.0,23496.9,14392.5,23.3,23524.1,14464.4,32.3,1.0
15.367,9,23543.2,12809.5,15.0,23528.5,12847.7,46.9,23555.9,12808.9,22.7,1.1
15.367,10,23522.9,14909.1,15.0,23540.6,14936.9,23.3,23514.6,14865.8,30.9,1.0
15.367,11,23604.0,14889.9,15.0,23619.3,14896.7,22.8,23590.1,14841.6,49.6,1.1
15.367,12,23483.5,15268.7,15.0,23495.0,15292.8,22.6,23488.1,15222.1,33.8,1.5
15.367,13,23608.1,14838.4,15.0,23622.6,14842.9,22.8,23593.1,14790.3,53.4,1.2
15.383,4,23589.8,13177.6,15.0,23581.5,13220.2,31.5,23606.8,13151.4,22.9,0.9
15.383,5,23643.6,12670.6,15.0,23631.2,12670.3,22.5,23658.7,12704.2,42.2,1.3
15.383,6,23547.5,12915.8,15.0,23541.2,12940.9,22.7,23561.5,12894.7,23.3,1.0
15.383,7,23420.3,7322.2,15.0,23371.4,7311.7,40.9,23439.4,7339.6,22.9,1.5
15.383,8,23515.0,14418.1,15.0,23496.7,14393.0,23.2,23524.8,14465.3,35.7,1.0
15.383,9,23543.2,12807.7,15.0,23528.7,12840.4,42.9,23555.2,12808.6,22.7,1.1
15.383,10,23522.9,14910.8,15.0,23540.9,14937.1,23.2,23513.9,14864.7,34.0,1.0
15.383,11,23604.0,14891.8,15.0,23618.8,14897.1,22.8,23589.5,14843.3,52.5,1.1
15.383,12,23482.6,15271.0,15.0,23493.0,15294.2,23.0,23491.1,15221.7,37.8,1.5
15.383,13,23608.1,14840.3,15.0,23622.0,14843.6,22.8,23592.9,14794.4,52.8,1.2
15.400,4,23589.8,13176.2,15.0,23581.0,13220.8,34.2,23606.9,13151.7,22.9,0.9
15.400,5,23643.6,12668.5,15.0,23631.9,12670.0,22.5,23658.5,12696.2,37.9,1.3
15.400,6,23547.5,12914.1,15.0,23541.3,12941.2,22.7,23561.7,12889.0,23.2,1.0
15.400,7,23421.8,7322.2,15.0,23372.1,7311.1,42.6,23438.5,7339.5,22.9,1.5
15.400,8,23515.0,14416.3,15.0,23496.6,14393.6,23.3,23525.6,14465.9,39.4,1.0
15.400,9,23543.2,12805.8,15.0,23528.9,12832.9,38.5,23554.5,12808.5,22.6,1.1
15.400,10,23522.9,14912.5,15.0,23541.0,14936.4,23.2,23513.2,14864.0,37.6,1.0
15.400,11,23604.0,14893.6,15.0,23618.3,14897.6,22.8,23589.2,14846.5,53.1,1.1
15.400,12,23481.6,15273.2,15.0,23491.0,15295.2,23.3,23493.9,15222.4,40.9,1.5
15.400,13,23608.1,14842.3,15.0,23621.4,14844.1,22.8,23592.9,14799.9,50.1,1.2
15.417,4,23589.8,13174.7,15.0,23580.4,13221.3,37.0,23607.0,13152.1,22.9,0.9
15.417,5,23643.6,12666.4,15.0,23632.6,12669.9,22.4,23658.4,12689.1,34.8,1.3
15.417,6,23547.5,12912.4,15.0,23541.3,12941.2,22.8,23562.0,12885.0,23.2,1.0
15.417,7,23423.2,7322.2,15.0,23373.3,7310.6,43.6,23437.9,7339.3,22.9,1.5
15.417,8,23515.0,14414.6,15.0,23496.7,14394.7,23.2,23526.3,14465.4,41.8,1.0
15.417,9,23543.2,12804.0,15.0,23529.1,12825.1,34.9,23553.9,12808.5,22.6,1.1
15.417,10,23522.9,14914.2,15.0,23541.0,14935.6,23.2,23512.5,14863.9,40.7,1.0
15.417,11,23604.0,14895.5,15.0,23617.7,14898.2,22.8,23589.0,14850.6,52.4,1.1
15.417,12,23480.4,15275.3,15.0,23489.1,15296.1,23.5,23496.4,15223.9,43.4,1.5
15.417,13,23608.1,14844.2,15.0,23620.8,14844.6,22.7,23593.0,14807.1,45.7,1.2
15.433,4,23589.8,13173.3,15.0,23579.8,13221.3,39.4,23607.1,13152.7,22.9,0.9
15.433,5,23643.6,12664.2,15.0,23633.3,12670.0,22.4,23658.5,12683.9,32.7,1.3
15.433,6,23547.5,12910.6,15.0,23541.2,12941.1,23.1,23562.4,12882.8,22.9,1.0
15.433,7,23424.6,7322.2,15.0,23374.9,7310.1,44.2,23437.4,7339.0,22.9,1.5
15.433,8,23514.9,14412.9,15.0,23496.8,14395.8,23.3,23527.0,14464.6,44.0,1.0
15.433,9,23543.2,12802.1,15.0,23529.0,12820.2,32.7,23553.2,12808.8,22.6,1.1
15.433,10,23522.9,14915.9,15.0,23540.9,14934.5,23.2,23511.7,14864.6,42.8,1.0
15.433,11,23604.0,14897.4,15.0,23617.1,14898.6,22.8,23589.0,14856.5,49.2,1.1
15.433,12,23479.0,15277.3,15.0,23487.0,15297.1,23.7,23498.5,15226.4,44.8,1.5
15.433,13,23608.1,14846.1,15.0,23620.1,14844.9,22.7,23593.2,14814.6,41.4,1.2
15.450,4,23589.8,13171.9,15.0,23579.2,13220.7,41.1,23607.0,13153.5,22.8,0.9
15.450,5,23643.6,12662.1,15.0,23634.1,12670.3,22.3,23658.5,12678.6,31.0,1.3
15.450,6,23547.5,12908.9,15.0,23541.0,12941.2,23.7,23562.8,12880.9,22.7,1.0
15.450,7,23426.0,7322.2,15.0,23376.6,7309.6,44.7,23437.0,7338.8,23.0,1.5
15.450,8,23514.9,14411.1,15.0,23497.1,14396.6,23.3,23527.7,14462.8,45.0,1.0
15.450,9,23543.2,12800.3,15.0,23528.9,12815.2,30.8,23552.5,12809.2,22.6,1.1
15.450,10,23522.9,14917.6,15.0,23540.8,14933.5,23.3,23511.0,14865.7,44.6,1.0
15.450,11,23604.0,14899.2,15.0,23616.5,14899.0,22.8,23589.2,14863.6,44.9,1.1
15.450,12,23477.5,15279.1,15.0,23484.7,15298.1,23.7,23500.2,15229.4,45.7,1.5
15.450,13,23608.1,14848.1,15.0,23619.4,14845.1,22.7,23593.4,14822.6,37.3,1.2
15.467,4,23589.8,13170.5,15.0,23578.6,13220.0,42.8,23606.9,13154.4,22.9,0.9
15.467,5,23643.6,12660.0,15.0,23634.8,12670.9,22.3,23658.6,12673.1,29.8,1.3
15.467,6,23547.5,12907.2,15.0,23540.7,12941.5,24.9,23563.2,12879.5,22.7,1.0
15.467,7,23427.4,7322.2,15.0,23378.2,7309.1,46.2,23437.1,7338.5,23.0,1.5
15.467,8,23514.9,14409.4,15.0,23497.4,14397.3,23.3,23528.3,14460.8,45.7,1.0
15.467,9,23543.2,12798.4,15.0,23528.8,12810.0,29.5,23551.8,12809.9,22.6,1.1
15.467,10,23522.9,14919.3,15.0,23540.5,14932.8,23.2,23510.4,14867.7,45.2,1.0
15.467,11,23604.0,14901.1,15.0,23615.8,14899.2,22.7,23589.4,14871.1,40.6,1.1
15.467,12,23475.8,15280.9,15.0,23482.1,15299.4,23.6,23501.7,15232.6,47.5,1.5
15.467,13,23608.1,14850.0,15.0,23618.7,14845.0,22.7,23593.5,14829.1,34.4,1.2
15.483,4,23589.8,13169.1,15.0,23578.1,13218.5,43.5,23606.7,13154.9,22.9,0.9
15.483,5,23643.6,12657.8,15.0,23635.4,12671.5,22.3,23658.5,12666.3,28.1,1.3
15.483,6,23547.5,12905.4,15.0,23540.3,12942.2,26.6,23563.6,12878.3,22.7,1.0
15.483,7,23428.8,7322.2,15.0,23379.9,7308.6,47.6,23437.2,7338.2,23.0,1.5
15.483,8,23514.9,14407.6,15.0,23497.8,14397.4,23.3,23528.9,14458.8,47.1,1.0
15.483,9,23543.2,12796.6,15.0,23528.8,12804.4,28.3,23551.2,12810.5,22.6,1.1
15.483,10,23522.9,14921.0,15.0,23540.2,14932.3,23.3,23509.8,14869.7,46.0,1.0
15.483,11,23604.0,14902.9,15.0,23615.1,14899.2,22.7,23589.6,14879.1,36.6,1.1
15.483,12,23474.1,15282.6,15.0,23479.2,15300.7,23.5,23502.9,15235.9,49.6,1.5
15.483,13,23608.1,14851.9,15.0,23618.0,14844.6,22.7,23593.4,14834.2,32.2,1.2
15.500,4,23589.8,13167.7,15.0,23577.7,13216.9,44.1,23606.5,13155.3,22.9,0.9
15.500,5,23643.6,12655.7,15.0,23635.9,12672.1,22.3,23658.4,12658.1,26.4,1.3
15.500,6,23547.5,12903.7,15.0,23539.8,12943.4,29.2,23563.9,12877.5,22.7,1.0
15.500,7,23430.3,7322.2,15.0,23381.4,7308.2,49.5,23437.4,7337.8,23.0,1.5
15.500,8,23514.9,14405.9,15.0,23498.2,14397.4,23.3,23529.4,14456.7,49.0,1.0
15.500,9,23543.2,12794.7,15.0,23529.0,12796.5,26.5,23550.7,12811.3,22.6,1.1
15.500,10,23522.9,14922.7,15.0,23539.8,14932.4,23.3,23509.2,14871.7,47.8,1.0
15.500,11,23604.0,14904.8,15.0,23614.4,14899.0,22.7,23589.6,14885.0,33.9,1.1
15.500,12,23472.2,15284.1,15.0,23476.3,15301.7,23.4,23504.4,15238.8,52.6,1.5
15.500,13,23608.1,14853.9,15.0,23617.3,14844.1,22.6,23593.3,14839.5,30.6,1.2
15.517,4,23589.8,13166.2,15.0,23577.2,13215.2,44.8,23606.2,13155.6,22.9,0.9
15.517,5,23643.6,12653.6,15.0,23636.4,12672.7,22.3,23658.3,12649.1,24.7,1.3
15.517,6,23547.5,12902.0,15.0,23539.2,12944.4,32.1,23564.1,12877.0,22.7,1.0
15.517,7,23431.7,7322.2,15.0,23382.6,7307.7,51.8,23437.7,7337.4,23.0,1.5
15.517,8,23514.9,14404.2,15.0,23498.6,14397.2,23.3,23530.0,14455.0,51.5,1.0
15.517,9,23543.2,12792.9,15.0,23529.1,12788.4,25.1,23550.2,12812.0,22.6,1.1
15.517,10,23522.9,14924.4,15.0,23539.4,14932.4,23.3,23508.6,14873.8,49.7,1.0
15.517,11,23604.0,14906.7,15.0,23613.7,14898.6,22.7,23589.5,14890.1,31.8,1.1
15.517,12,23470.2,15285.4,15.0,23473.4,15302.5,23.2,23505.6,15242.0,55.7,1.5
15.517,13,23608.1,14855.8,15.0,23616.6,14843.5,22.6,23593.3,14844.8,29.4,1.2
15.533,4,23589.8,13164.8,15.0,23576.7,13213.6,46.2,23605.9,13155.5,22.9,0.9
15.533,5,23643.6,12651.4,15.0,23636.7,12673.3,22.3,23658.2,12639.5,23.5,1.3
15.533,6,23547.5,12900.2,15.0,23538.5,12945.1,35.4,23564.3,12877.4,22.7,1.0
15.533,7,23433.1,7322.2,15.0,23383.9,7307.3,54.2,23437.9,7337.0,23.0,1.5
15.533,8,23514.9,14402.4,15.0,23499.1,14396.9,23.3,23530.6,14453.4,54.5,1.0
15.533,9,23543.2,12791.0,15.0,23529.2,12779.2,23.8,23549.9,12812.6,22.6,1.1
15.533,10,23522.9,14926.1,15.0,23538.9,14932.7,23.3,23508.1,14875.2,52.5,1.0
15.533,11,23604.0,14908.5,15.0,23613.0,14898.0,22.7,23589.4,14895.3,30.3,1.1
15.533,12,23468.1,15286.6,15.0,23470.3,15303.1,23.0,23504.6,15246.9,55.0,1.5
15.533,13,23608.1,14857.8,15.0,23616.0,14842.7,22.6,23593.3,14851.8,27.7,1.2
15.550,4,23589.8,13163.4,15.0,23576.2,13211.8,47.7,23605.6,13155.4,22.9,0.9
15.550,5,23643.6,12649.3,15.0,23636.9,12673.6,22.4,23658.3,12632.0,22.8,1.3
15.550,6,23547.5,12898.5,15.0,23537.8,12945.3,38.6,23564.4,12878.0,22.7,1.0
15.550,7,23434.5,7322.2,15.0,23387.0,7307.1,53.7,23438.2,7336.6,23.0,1.5
15.550,8,23514.8,14400.7,15.0,23499.7,14396.6,23.3,23530.9,14450.5,55.4,1.0
15.550,9,23543.2,12789.2,15.0,23529.2,12770.4,23.4,23549.6,12813.1,22.6,1.1
15.550,10,23522.9,14927.8,15.0,23538.4,14932.9,23.3,23507.5,14876.8,55.5,1.0
15.550,11,23604.0,14910.4,15.0,23612.4,14897.3,22.7,23589.4,14900.6,29.0,1.1
15.550,12,23465.9,15287.7,15.0,23467.6,15303.3,22.9,23502.9,15251.7,53.9,1.5
15.550,13,23608.1,14859.7,15.0,23615.5,14842.0,22.6,23593.4,14859.9,26.1,1.2
15.567,4,23589.8,13162.0,15.0,23575.8,13210.5,49.8,23605.2,13155.2,22.9,0.9
15.567,5,23643.6,12647.2,15.0,23637.1,12673.8,22.4,23658.5,12625.5,22.4,1.3
15.567,6,23547.5,12896.8,15.0,23537.1,12944.5,40.6,23564.3,12879.0,22.7,1.0
15.567,7,23435.9,7322.2,15.0,23390.2,7307.0,53.2,23438.5,7336.1,23.0,1.5
15.567,8,23514.8,14399.0,15.0,23500.3,14396.3,23.3,23531.0,14446.5,54.8,1.0
15.567,9,23543.2,12787.3,15.0,23529.0,12764.4,23.1,23549.5,12813.4,22.6,1.1
15.567,10,23522.9,14929.5,15.0,23537.8,14933.2,23.3,23507.3,14880.5,55.1,1.0
15.567,11,23604.0,14912.3,15.0,23611.8,14896.6,22.7,23589.5,14907.8,27.3,1.1
15.567,12,23463.6,15288.5,15.0,23465.2,15303.2,22.8,23498.4,15257.4,49.0,1.5
15.567,13,23608.1,14861.6,15.0,23615.1,14841.3,22.6,23593.6,14868.8,24.5,1.2
15.583,4,23589.8,13160.6,15.0,23575.3,13209.3,52.1,23604.8,13154.9,22.9,0.9
15.583,5,23643.6,12645.1,15.0,23637.0,12673.7,22.7,23658.9,12621.7,22.2,1.3
15.583,6,23547.5,12895.1,15.0,23536.4,12943.5,42.5,23564.1,12879.9,22.7,1.0
15.583,7,23437.3,7322.2,15.0,23394.3,7306.9,51.3,23438.8,7335.6,23.0,1.5
15.583,8,23514.8,14397.2,15.0,23500.9,14396.0,23.3,23531.0,14441.2,52.2,1.0
15.583,9,23543.2,12785.5,15.0,23528.8,12759.0,23.1,23549.4,12813.6,22.7,1.1
15.583,10,23522.9,14931.2,15.0,23537.3,14933.5,23.3,23507.1,14884.4,54.5,1.0
15.583,11,23604.0,14914.1,15.0,23611.3,14895.8,22.7,23589.6,14915.8,25.8,1.1
15.583,12,23461.3,15289.2,15.0,23462.9,15302.9,22.7,23492.9,15262.7,44.5,1.5
15.583,13,23608.1,14863.6,15.0,23614.8,14840.7,22.6,23593.6,14878.3,23.6,1.2
15.600,4,23589.8,13159.2,15.0,23575.0,13207.6,53.8,23604.4,13154.6,22.9,0.9
15.600,5,23643.6,12642.9,15.0,23636.9,12673.5,23.0,23659.3,12618.9,21.9,1.3
15.600,6,23547.5,12893.3,15.0,23535.8,12941.5,43.1,23563.9,12880.4,22.7,1.0
15.600,7,23438.8,7322.2,15.0,23399.8,7307.0,47.8,23439.0,7335.1,22.9,1.5
15.600,8,23514.8,14395.5,15.0,23501.5,14395.8,23.3,23530.8,14434.2,47.8,1.0
15.600,9,23543.2,12783.6,15.0,23528.3,12756.6,22.8,23549.5,12813.5,22.9,1.1
15.600,10,23522.9,14932.9,15.0,23536.6,14933.8,23.3,23507.2,14890.4,50.7,1.0
15.600,11,23604.0,14916.0,15.0,23610.9,14895.2,22.7,23589.7,14924.8,24.4,1.1
15.600,12,23459.0,15289.8,15.0,23461.2,15302.4,22.6,23486.6,15267.2,39.8,1.5
15.600,13,23608.1,14865.5,15.0,23614.6,14840.3,22.6,23593.5,14885.6,23.1,1.2
15.617,4,23589.8,13157.7,15.0,23574.8,13204.4,53.3,23604.0,13154.3,22.9,0.9
15.617,5,23643.6,12640.8,15.0,23636.7,12673.8,24.2,23659.7,12616.7,21.9,1.3
15.617,6,23547.5,12891.6,15.0,23535.3,12939.5,43.8,23563.6,12880.8,22.7,1.0
15.617,7,23440.2,7322.2,15.0,23405.6,7307.2,44.6,23439.2,7334.6,23.0,1.5
15.617,8,23514.8,14393.7,15.0,23502.2,14395.7,23.3,23530.6,14426.8,43.5,1.0
15.617,9,23543.2,12781.8,15.0,23527.9,12754.3,22.6,23549.7,12813.4,23.4,1.1
15.617,10,23522.9,14934.7,15.0,23536.0,14934.0,23.3,23507.3,14897.5,46.6,1.0
15.617,11,23604.0,14917.8,15.0,23610.6,14894.5,22.7,23589.8,14934.2,23.6,1.1
15.617,12,23456.6,15290.1,15.0,23459.8,15301.8,22.5,23480.6,15270.5,36.4,1.5
15.617,13,23608.1,14867.5,15.0,23614.5,14840.0,22.7,23593.3,14891.8,22.9,1.2
15.633,4,23589.8,13156.3,15.0,23574.6,13201.3,52.8,23603.5,13154.0,22.9,0.9
15.633,5,23643.6,12638.7,15.0,23636.4,12674.1,25.6,23660.1,12614.7,22.0,1.3
15.633,6,23547.5,12889.9,15.0,23534.7,12937.5,45.4,23563.2,12880.7,22.7,1.0
15.633,7,23441.6,7322.2,15.0,23411.5,7307.3,41.0,23439.2,7334.1,22.9,1.5
15.633,8,23514.8,14392.0,15.0,23502.9,14395.8,23.3,23530.3,14419.0,39.1,1.0
15.633,9,23543.2,12779.9,15.0,23527.5,12752.8,22.6,23549.9,12813.7,24.6,1.1
15.633,10,23522.9,14936.4,15.0,23535.3,14934.0,23.3,23507.5,14904.8,42.2,1.0
15.633,11,23604.0,14919.7,15.0,23610.4,14894.1,22.7,23589.7,14941.1,23.2,1.1
15.633,12,23454.2,15290.3,15.0,23458.9,15301.2,22.4,23476.5,15272.7,34.2,1.5
15.633,13,23608.1,14869.4,15.0,23614.5,14840.1,22.9,23593.0,14895.5,22.8,1.2
15.650,4,23589.8,13154.9,15.0,23574.7,13196.7,50.2,23603.0,13153.7,22.9,0.9
15.650,5,23643.6,12636.5,15.0,23635.9,12675.3,28.2,23660.4,12613.2,22.2,1.3
15.650,6,23547.5,12888.1,15.0,23534.2,12935.4,47.2,23562.8,12880.5,22.7,1.0
15.650,7,23443.0,7322.2,15.0,23417.8,7307.5,37.7,23439.2,7333.5,22.9,1.5
15.650,8,23514.8,14390.3,15.0,23503.6,14396.0,23.3,23530.1,14411.8,35.8,1.0
15.650,9,23543.2,12778.1,15.0,23527.1,12751.4,22.6,23550.3,12814.2,26.2,1.1
15.650,10,23522.9,14938.1,15.0,23534.6,14933.9,23.3,23507.7,14912.6,38.1,1.0
15.650,11,23604.0,14921.6,15.0,23610.3,14893.8,22.7,23589.4,14947.2,23.1,1.1
15.650,12,23451.8,15290.3,15.0,23458.3,15300.8,22.3,23472.0,15274.3,32.4,1.5
15.650,13,23608.1,14871.3,15.0,23614.6,14840.2,23.2,23592.5,14898.0,22.5,1.2
15.667,4,23589.8,13153.5,15.0,23574.8,13191.2,46.8,23602.5,13153.5,22.9,0.9
15.667,5,23643.6,12634.4,15.0,23635.3,12676.4,31.2,23660.6,12611.8,22.3,1.3
15.667,6,23547.5,12886.4,15.0,23533.6,12933.9,49.8,23562.4,12880.2,22.7,1.0
15.667,7,23444.4,7322.2,15.0,23423.4,7307.6,35.2,23439.1,7333.0,23.0,1.5
15.667,8,23514.8,14388.5,15.0,23504.4,14396.6,23.3,23530.2,14406.9,33.6,1.0
15.667,9,23543.2,12776.2,15.0,23526.8,12750.4,22.6,23550.8,12815.6,28.9,1.1
15.667,10,23522.9,14939.8,15.0,23533.9,14933.6,23.2,23507.8,14918.9,35.3,1.0
15.667,11,23604.0,14923.4,15.0,23610.4,14893.9,22.9,23589.1,14950.5,23.0,1.1
15.667,12,23449.3,15290.1,15.0,23458.1,15300.5,22.3,23467.4,15275.3,31.2,1.5
15.667,13,23608.1,14873.3,15.0,23614.8,14840.0,24.2,23592.1,14899.9,22.4,1.2
15.683,4,23589.8,13152.1,15.0,23574.9,13185.4,43.6,23602.0,13153.3,22.9,0.9
15.683,5,23643.6,12632.3,15.0,23634.5,12677.2,34.6,23660.8,12611.6,22.5,1.3
15.683,6,23547.5,12884.7,15.0,23533.1,12932.3,52.6,23561.9,12879.8,22.7,1.0
15.683,7,23445.8,7322.2,15.0,23427.3,7307.5,33.4,23438.7,7332.4,22.9,1.5
15.683,8,23514.7,14386.8,15.0,23505.1,14397.2,23.3,23530.2,14401.7,31.7,1.0
15.683,9,23543.2,12774.4,15.0,23526.6,12749.8,22.6,23551.5,12816.6,31.9,1.1
15.683,10,23522.9,14941.5,15.0,23533.2,14933.1,23.2,23507.7,14923.7,33.1,1.0
15.683,11,23604.0,14925.3,15.0,23610.5,14894.0,23.2,23588.6,14952.9,22.7,1.1
15.683,12,23447.0,15289.7,15.0,23458.0,15300.6,22.2,23461.3,15275.7,29.4,1.5
15.683,13,23608.1,14875.2,15.0,23615.2,14839.6,25.6,23591.7,14901.6,22.5,1.2
15.700,4,23589.8,13150.7,15.0,23575.1,13179.5,40.0,23601.5,13153.3,22.9,0.9
15.700,5,23643.6,12630.1,15.0,23633.7,12677.6,38.4,23660.8,12611.5,22.7,1.3
15.700,6,23547.5,12882.9,15.0,23532.8,12928.8,52.5,23561.4,12879.4,22.7,1.0
15.700,7,23447.3,7322.2,15.0,23431.4,7307.4,31.7,23438.4,7331.8,23.0,1.5
15.700,8,23514.7,14385.0,15.0,23505.7,14398.0,23.2,23530.2,14396.5,30.4,1.0
15.700,9,23543.2,12772.5,15.0,23526.4,12750.2,22.6,23552.2,12817.3,35.3,1.1
15.700,10,23522.9,14943.2,15.0,23532.5,14932.4,23.2,23507.6,14928.8,31.4,1.0
15.700,11,23604.0,14927.1,15.0,23610.7,14893.8,24.2,23588.2,14954.6,22.6,1.1
15.700,12,23444.6,15289.2,15.0,23458.3,15300.6,22.2,23453.4,15274.7,27.5,1.5
15.700,13,23608.1,14877.2,15.0,23615.6,14838.5,27.9,23591.4,14902.8,22.5,1.2
15.717,4,23589.8,13149.2,15.0,23575.2,13173.1,36.9,23600.9,13153.3,22.9,0.9
15.717,5,23643.6,12628.0,15.0,23633.0,12676.7,40.6,23660.7,12611.8,22.8,1.3
15.717,6,23547.5,12881.2,15.0,23532.7,12925.0,51.9,23560.8,12879.0,22.7,1.0
15.717,7,23448.7,7322.2,15.0,23435.5,7307.4,30.6,23437.8,7331.3,22.9,1.5
15.717,8,23514.7,14383.3,15.0,23506.4,14398.9,23.3,23530.2,14390.7,29.0,1.0
15.717,9,23543.2,12770.7,15.0,23526.3,12750.7,22.7,23552.9,12817.5,38.6,1.1
15.717,10,23522.9,14944.9,15.0,23531.9,14931.6,23.2,23507.6,14934.0,30.2,1.0
15.717,11,23604.0,14929.0,15.0,23611.0,14893.4,25.6,23587.8,14956.2,22.6,1.1
15.717,12,23442.2,15288.8,15.0,23459.0,15300.2,22.3,23444.0,15273.0,25.4,1.5
15.717,13,23608.1,14879.1,15.0,23616.2,14837.2,30.9,23591.1,14903.9,22.6,1.2
15.733,4,23589.8,13147.8,15.0,23575.3,13168.1,34.6,23600.4,13153.5,22.9,0.9
15.733,5,23643.6,12625.9,15.0,23632.2,12675.6,42.8,23660.6,12612.1,23.0,1.3
15.733,6,23547.5,12879.5,15.0,23532.7,12919.2,48.4,23560.3,12878.7,22.7,1.0
15.733,7,23450.1,7322.2,15.0,23439.7,7307.4,29.6,23437.2,7330.8,22.9,1.5
15.733,8,23514.7,14381.6,15.0,23506.9,14399.8,23.2,23530.0,14382.7,27.2,1.0
15.733,9,23543.2,12768.8,15.0,23526.4,12751.6,22.7,23553.6,12816.6,40.7,1.1
15.733,10,23522.9,14946.6,15.0,23531.3,14930.7,23.2,23507.6,14940.1,28.7,1.0
15.733,11,23604.0,14930.9,15.0,23611.5,14892.2,28.0,23587.5,14957.3,22.7,1.1
15.733,12,23439.8,15288.3,15.0,23459.7,15299.8,22.3,23434.0,15271.1,23.8,1.5
15.733,13,23608.1,14881.0,15.0,23616.9,14836.4,34.2,23590.9,14903.9,22.6,1.2
15.750,4,23589.8,13146.4,15.0,23575.2,13164.2,32.9,23599.8,13153.9,22.9,0.9
15.750,5,23643.6,12623.7,15.0,23631.6,12673.4,43.6,23660.3,12611.9,23.0,1.3
15.750,6,23547.5,12877.7,15.0,23532.9,12912.5,44.5,23559.6,12878.4,22.7,1.0
15.750,7,23451.5,7322.2,15.0,23444.4,7307.4,28.4,23436.5,7330.3,23.0,1.5
15.750,8,23514.7,14379.8,15.0,23507.4,14400.7,23.3,23529.8,14374.4,25.9,1.0
15.750,9,23543.2,12767.0,15.0,23526.6,12752.3,22.7,23554.3,12815.4,42.5,1.1
15.750,10,23522.9,14948.3,15.0,23530.8,14929.8,23.2,23507.7,14948.0,27.0,1.0
15.750,11,23604.0,14932.7,15.0,23612.1,14891.0,30.9,23587.2,14958.2,22.7,1.1
15.750,12,23437.5,15287.9,15.0,23460.1,15299.6,22.4,23426.5,15269.5,22.9,1.5
15.750,13,23608.1,14883.0,15.0,23617.7,14835.9,37.9,23590.8,14903.6,22.8,1.2
15.767,4,23589.8,13145.0,15.0,23575.1,13160.2,31.3,23599.2,13154.2,22.9,0.9
15.767,5,23643.6,12621.6,15.0,23630.9,12671.2,44.5,23660.0,12611.6,23.1,1.3
15.767,6,23547.5,12876.0,15.0,23533.0,12905.4,40.4,23559.0,12878.2,22.7,1.0
15.767,7,23452.9,7322.2,15.0,23450.8,7307.5,27.0,23435.9,7329.9,22.9,1.5
15.767,8,23514.7,14378.1,15.0,23507.8,14401.4,23.2,23529.6,14365.0,24.6,1.0
15.767,9,23543.2,12765.1,15.0,23526.9,12752.7,22.7,23555.0,12813.3,43.2,1.1
15.767,10,23522.9,14950.0,15.0,23530.3,14929.0,23.3,23507.8,14956.3,25.6,1.0
15.767,11,23604.0,14934.6,15.0,23612.8,14890.2,34.2,23587.0,14958.1,22.7,1.1
15.767,12,23435.1,15287.4,15.0,23460.5,15299.4,22.5,23419.4,15268.0,22.2,1.5
15.767,13,23608.1,14884.9,15.0,23618.5,14836.5,40.4,23590.9,14903.0,22.8,1.2
15.783,4,23589.8,13143.6,15.0,23575.1,13156.0,30.2,23598.7,13154.8,22.9,0.9
15.783,5,23643.6,12619.5,15.0,23630.3,12668.9,46.3,23659.7,12610.7,23.0,1.3
15.783,6,23547.5,12874.3,15.0,23533.2,12897.9,36.5,23558.4,12878.2,22.7,1.0
15.783,7,23454.3,7322.2,15.0,23457.2,7307.6,25.9,23435.2,7329.5,22.9,1.5
15.783,8,23514.7,14376.4,15.0,23508.0,14402.2,23.3,23529.5,14355.8,24.2,1.0
15.783,9,23543.2,12763.3,15.0,23527.2,12753.0,22.7,23555.6,12811.2,44.1,1.1
15.783,10,23522.9,14951.7,15.0,23530.0,14928.2,23.2,23507.9,14965.4,24.5,1.0
15.783,11,23604.0,14936.5,15.0,23613.6,14889.6,37.8,23586.9,14957.6,22.8,1.1
15.783,12,23432.7,15287.0,15.0,23460.4,15299.4,22.9,23415.8,15267.0,21.9,1.5
15.783,13,23608.1,14886.8,15.0,23619.2,14837.4,42.5,23591.0,14902.2,22.9,1.2
15.800,4,23589.8,13142.2,15.0,23575.1,13151.9,29.2,23598.2,13155.4,22.9,0.9
15.800,5,23643.6,12617.3,15.0,23629.7,12666.6,48.4,23659.3,12609.7,23.0,1.3
15.800,6,23547.5,12872.5,15.0,23533.3,12892.0,33.9,23557.7,12878.4,22.7,1.0
15.800,7,23455.8,7322.2,15.0,23464.3,7307.7,24.7,23434.7,7329.2,22.9,1.5
15.800,8,23514.7,14374.6,15.0,23508.2,14402.6,23.3,23529.7,14349.7,23.8,1.0
15.800,9,23543.2,12761.5,15.0,23527.6,12752.7,22.7,23556.1,12809.1,45.8,1.1
15.800,10,23522.9,14953.4,15.0,23529.7,14927.5,23.3,23508.0,14974.2,24.1,1.0
15.800,11,23604.0,14938.3,15.0,23614.3,14890.2,40.2,23586.9,14956.8,22.8,1.1
15.800,12,23430.3,15286.5,15.0,23460.3,15299.4,23.3,23412.6,15266.1,21.6,1.5
15.800,13,23608.1,14888.8,15.0,23619.9,14839.4,43.5,23591.2,14901.9,22.9,1.2
15.817,4,23589.8,13140.7,15.0,23575.1,13146.7,28.0,23597.7,13156.0,22.9,0.9
15.817,5,23643.6,12615.2,15.0,23629.1,12664.8,51.3,23658.9,12608.6,22.9,1.3
15.817,6,23547.5,12870.8,15.0,23533.2,12887.2,31.8,23557.0,12878.8,22.7,1.0
15.817,7,23457.2,7322.2,15.0,23471.7,7307.7,24.0,23434.1,7328.9,22.9,1.5
15.817,8,23514.6,14372.9,15.0,23508.2,14403.1,23.3,23529.9,14343.7,23.9,1.0
15.817,9,23543.2,12759.6,15.0,23528.0,12752.4,22.7,23556.7,12807.0,47.9,1.1
15.817,10,23522.9,14955.1,15.0,23529.6,14927.1,23.2,23507.8,14980.1,23.8,1.0
15.817,11,23604.0,14940.2,15.0,23615.0,14891.2,42.4,23587.1,14955.9,22.8,1.1
15.817,12,23428.0,15286.1,15.0,23460.7,15299.7,24.8,23410.2,15265.3,21.8,1.5
15.817,13,23608.1,14890.7,15.0,23620.5,14841.5,44.2,23591.5,14901.7,22.9,1.2
15.833,4,23589.8,13139.3,15.0,23575.2,13140.4,26.6,23597.3,13156.7,22.9,0.9
15.833,5,23643.6,12613.1,15.0,23628.6,12662.4,53.5,23658.4,12607.6,22.8,1.3
15.833,6,23547.5,12869.1,15.0,23533.1,12882.3,30.2,23556.4,12879.3,22.7,1.0
15.833,7,23458.6,7322.2,15.0,23478.7,7307.8,23.8,23433.6,7328.7,23.0,1.5
15.833,8,23514.6,14371.1,15.0,23508.2,14403.1,23.5,23530.3,14341.4,23.6,1.0
15.833,9,23543.2,12757.8,15.0,23528.4,12751.9,22.7,23557.3,12805.4,50.7,1.1
15.833,10,23522.9,14956.8,15.0,23529.5,14926.7,23.3,23507.5,14985.9,23.9,1.0
15.833,11,23604.0,14942.0,15.0,23615.7,14893.0,43.3,23587.3,14955.4,22.8,1.1
15.833,12,23425.6,15285.7,15.0,23461.2,15300.0,26.6,23407.7,15264.6,22.0,1.5
15.833,13,23608.1,14892.7,15.0,23621.1,14843.7,45.9,23591.9,14902.0,22.9,1.2
15.850,4,23589.8,13137.9,15.0,23575.3,13133.9,25.6,23596.9,13157.3,22.9,0.9
15.850,5,23643.6,12611.0,15.0,23628.3,12658.1,52.8,23657.9,12606.6,22.7,1.3
15.850,6,23547.5,12867.4,15.0,23533.1,12877.3,29.1,23555.8,12880.0,22.7,1.0
15.850,7,23460.0,7322.2,15.0,23483.5,7307.6,23.5,23433.3,7328.6,22.9,1.5
15.850,8,23514.6,14369.4,15.0,23508.0,14403.0,23.8,23530.7,14339.1,23.3,1.0
15.850,9,23543.2,12755.9,15.0,23528.9,12751.4,22.7,23557.7,12803.2,52.8,1.1
15.850,10,23522.9,14958.5,15.0,23529.6,14926.7,23.5,23507.1,14988.1,23.6,1.0
15.850,11,23604.0,14943.9,15.0,23616.3,14895.1,44.0,23587.6,14955.0,22.8,1.1
15.850,12,23423.2,15285.3,15.0,23462.6,15300.8,29.6,23405.8,15264.1,22.3,1.5
15.850,13,23608.1,14894.6,15.0,23621.7,14846.0,47.7,23592.3,14902.5,22.9,1.2
15.867,4,23589.8,13136.5,15.0,23575.4,13126.7,24.4,23596.7,13157.9,22.9,0.9
15.867,5,23643.6,12608.8,15.0,23628.2,12653.1,51.1,23657.3,12605.6,22.6,1.3
15.867,6,23547.5,12865.6,15.0,23533.1,12871.2,27.6,23555.2,12880.7,22.7,1.0
15.867,7,23461.4,7322.2,15.0,23488.2,7307.4,23.5,23433.0,7328.5,23.0,1.5
15.867,8,23514.6,14367.7,15.0,23507.7,14403.5,25.0,23531.1,14337.7,23.3,1.0
15.867,9,23543.2,12754.1,15.0,23529.5,12750.9,22.7,23557.9,12799.2,52.2,1.1
15.867,10,23522.9,14960.2,15.0,23529.8,14926.7,23.8,23506.7,14990.3,23.3,1.0
15.867,11,23604.0,14945.8,15.0,23616.9,14897.3,45.6,23588.0,14955.2,22.8,1.1
15.867,12,23420.8,15284.8,15.0,23463.7,15301.6,33.0,23404.2,15263.6,22.5,1.5
15.867,13,23608.1,14896.5,15.0,23622.3,14847.6,50.5,23592.7,14903.1,22.9,1.2
15.883,4,23589.8,13135.1,15.0,23575.5,13119.3,23.8,23596.4,13158.4,22.9,0.9
15.883,5,23643.6,12606.7,15.0,23628.4,12645.9,46.6,23656.7,12604.7,22.6,1.3
15.883,6,23547.5,12863.9,15.0,23533.2,12863.5,26.1,23554.7,12881.4,22.7,1.0
15.883,7,23462.8,7322.2,15.0,23491.1,7307.1,23.4,23433.0,7328.6,23.1,1.5
15.883,8,23514.6,14365.9,15.0,23507.4,14404.0,26.4,23531.6,14336.3,23.3,1.0
15.883,9,23543.2,12752.2,15.0,23530.1,12750.4,22.7,23558.1,12794.6,50.7,1.1
15.883,10,23522.9,14962.0,15.0,23530.0,14926.3,25.0,23506.2,14991.8,23.3,1.0
15.883,11,23604.0,14947.6,15.0,23617.5,14899.5,47.5,23588.4,14955.5,22.8,1.1
15.883,12,23418.4,15284.4,15.0,23464.4,15302.4,36.8,23403.6,15263.5,22.9,1.5
15.883,13,23608.1,14898.5,15.0,23622.9,14849.4,53.5,23593.2,14903.8,22.9,1.2
15.900,4,23589.8,13133.7,15.0,23575.4,13113.0,23.6,23596.2,13158.8,22.9,0.9
15.900,5,23643.6,12604.6,15.0,23628.5,12638.3,42.4,23656.0,12604.2,22.5,1.3
15.900,6,23547.5,12862.2,15.0,23533.3,12855.5,24.8,23554.3,12882.1,22.7,1.0
15.900,7,23464.3,7322.2,15.0,23492.9,7306.8,23.2,23433.0,7328.6,23.3,1.5
15.900,8,23514.6,14364.2,15.0,23506.9,14405.4,28.9,23531.9,14335.4,23.3,1.0
15.900,9,23543.2,12750.4,15.0,23530.7,12750.0,22.7,23557.9,12787.8,46.3,1.1
15.900,10,23522.9,14963.7,15.0,23530.4,14925.8,26.3,23505.8,14993.1,23.3,1.0
15.900,11,23604.0,14949.5,15.0,23618.1,14901.1,50.2,23588.8,14956.0,22.8,1.1
15.900,12,23416.1,15284.0,15.0,23464.3,15303.1,40.3,23403.0,15263.4,23.2,1.5
15.900,13,23608.1,14900.4,15.0,23623.1,14853.3,53.1,23593.8,14904.4,22.8,1.2
15.917,4,23589.8,13132.2,15.0,23575.3,13108.2,23.4,23596.1,13159.1,22.9,0.9
15.917,5,23643.6,12602.4,15.0,23628.7,12630.3,38.0,23655.3,12603.9,22.5,1.3
15.917,6,23547.5,12860.4,15.0,23533.5,12846.6,23.7,23554.0,12882.7,22.7,1.0
15.917,7,23465.7,7322.2,15.0,23494.7,7306.4,23.0,23433.1,7328.8,23.6,1.5
15.917,8,23514.6,14362.5,15.0,23506.3,14406.7,31.8,23532.2,14334.7,23.3,1.0
15.917,9,23543.2,12748.5,15.0,23531.3,12749.7,22.7,23557.8,12780.5,42.2,1.1
15.917,10,23522.9,14965.4,15.0,23530.8,14924.5,28.7,23505.5,14994.0,23.3,1.0
15.917,11,23604.0,14951.4,15.0,23618.6,14902.8,53.1,23589.3,14956.5,22.8,1.1
15.917,12,23413.7,15283.6,15.0,23463.2,15303.7,42.8,23402.7,15263.6,23.5,1.5
15.917,13,23608.1,14902.4,15.0,23623.3,14857.4,52.5,23594.3,14905.1,22.8,1.2
15.933,4,23589.8,13130.8,15.0,23575.1,13103.5,23.5,23596.1,13159.4,22.9,0.9
15.933,5,23643.6,12600.3,15.0,23628.8,12623.1,34.8,23654.6,12603.7,22.4,1.3
15.933,6,23547.5,12858.7,15.0,23533.5,12838.7,23.4,23553.8,12883.2,22.7,1.0
15.933,7,23467.1,7322.2,15.0,23495.8,7306.1,23.0,23432.7,7329.0,24.6,1.5
15.933,8,23514.6,14360.7,15.0,23505.6,14407.7,35.2,23532.4,14335.0,23.2,1.0
15.933,9,23543.2,12746.7,15.0,23532.0,12749.6,22.6,23557.6,12772.9,37.9,1.1
15.933,10,23522.9,14967.1,15.0,23531.4,14923.1,31.6,23505.2,14994.7,23.3,1.0
15.933,11,23604.0,14953.2,15.0,23618.9,14906.5,52.9,23589.9,14957.0,22.8,1.1
15.933,12,23411.3,15283.3,15.0,23461.5,15304.0,44.6,23402.1,15263.7,23.6,1.5
15.933,13,23608.1,14904.3,15.0,23623.2,14864.1,48.2,23595.0,14905.6,22.7,1.2
15.950,4,23589.8,13129.4,15.0,23574.8,13101.3,23.3,23596.1,13159.3,23.1,0.9
15.950,5,23643.6,12598.2,15.0,23628.7,12617.9,32.7,23653.8,12603.9,22.4,1.3
15.950,6,23547.5,12857.0,15.0,23533.3,12833.0,23.2,23553.7,12883.5,22.7,1.0
15.950,7,23468.5,7322.2,15.0,23497.0,7305.8,23.0,23432.4,7329.3,25.7,1.5
15.950,8,23514.5,14359.0,15.0,23504.8,14408.4,38.9,23532.5,14335.7,23.3,1.0
15.950,9,23543.2,12744.8,15.0,23532.7,12749.7,22.6,23557.4,12765.6,34.6,1.1
15.950,10,23522.9,14968.8,15.0,23532.1,14922.1,34.9,23505.0,14994.5,23.2,1.0
15.950,11,23604.0,14955.1,15.0,23619.1,14910.6,52.3,23590.4,14957.5,22.8,1.1
15.950,12,23408.9,15282.9,15.0,23459.1,15304.3,45.5,23401.2,15263.8,23.7,1.5
15.950,13,23608.1,14906.2,15.0,23623.0,14871.5,44.1,23595.6,14906.1,22.7,1.2
15.967,4,23589.8,13128.0,15.0,23574.4,13099.5,23.1,23596.2,13159.3,23.3,0.9
15.967,5,23643.6,12596.0,15.0,23628.7,12612.6,31.0,23653.1,12604.2,22.3,1.3
15.967,6,23547.5,12855.2,15.0,23533.0,12828.0,23.2,23553.6,12883.7,22.8,1.0
15.967,7,23469.9,7322.2,15.0,23497.8,7305.5,23.0,23431.6,7329.6,27.3,1.5
15.967,8,23514.5,14357.2,15.0,23504.1,14408.1,41.5,23532.5,14336.7,23.2,1.0
15.967,9,23543.2,12743.0,15.0,23533.4,12750.0,22.6,23557.5,12760.7,32.4,1.1
15.967,10,23522.9,14970.5,15.0,23532.9,14921.4,38.4,23504.9,14993.9,23.2,1.0
15.967,11,23604.0,14956.9,15.0,23619.0,14917.0,48.3,23591.1,14957.9,22.8,1.1
15.967,12,23406.5,15282.5,15.0,23456.7,15304.5,47.1,23399.8,15264.0,23.7,1.5
15.967,13,23608.1,14908.2,15.0,23622.8,14879.1,39.6,23596.3,14906.2,22.7,1.2
15.983,4,23589.8,13126.6,15.0,23574.1,13097.9,22.9,23596.4,13159.3,23.7,0.9
15.983,5,23643.6,12593.9,15.0,23628.6,12607.2,29.8,23652.4,12604.8,22.3,1.3
15.983,6,23547.5,12853.5,15.0,23532.6,12825.8,23.0,23553.7,12883.5,23.0,1.0
15.983,7,23471.3,7322.2,15.0,23498.5,7305.2,23.0,23430.5,7330.1,29.5,1.5
15.983,8,23514.5,14355.5,15.0,23503.3,14407.3,43.7,23532.4,14337.8,23.3,1.0
15.983,9,23543.2,12741.1,15.0,23534.1,12750.4,22.6,23557.6,12755.6,30.6,1.1
15.983,10,23522.9,14972.2,15.0,23533.6,14921.7,41.2,23504.9,14992.9,23.2,1.0
15.983,11,23604.0,14958.8,15.0,23618.8,14924.2,44.2,23591.7,14958.3,22.8,1.1
15.983,12,23404.1,15282.1,15.0,23454.1,15304.7,49.1,23398.2,15264.1,23.5,1.5
15.983,13,23608.1,14910.1,15.0,23622.6,14887.4,35.7,23597.0,14906.4,22.7,1.2
16.000,4,23589.8,13125.2,15.0,23573.8,13096.7,22.9,23596.6,13159.6,24.7,0.9
16.000,5,23643.6,12591.8,15.0,23628.6,12600.3,28.1,23651.8,12605.4,22.3,1.3
16.000,6,23547.5,12851.8,15.0,23532.2,12823.7,22.7,23553.9,12883.5,23.4,1.0
16.000,7,23472.8,7322.2,15.0,23499.1,7305.0,23.0,23429.6,7330.5,31.9,1.5
16.000,8,23514.5,14353.8,15.0,23502.6,14405.7,44.9,23532.2,14338.7,23.3,1.0
16.000,9,23543.2,12739.3,15.0,23534.7,12751.1,22.6,23557.6,12750.4,29.3,1.1
16.000,10,23522.9,14973.9,15.0,23534.3,14922.4,43.3,23505.0,14991.8,23.2,1.0
16.000,11,23604.0,14960.7,15.0,23618.6,14931.8,39.8,23592.4,14958.4,22.7,1.1
16.000,12,23401.7,15281.8,15.0,23452.0,15304.9,51.8,23396.4,15264.2,23.4,1.5
16.000,13,23608.1,14912.1,15.0,23622.7,14892.4,33.4,23597.7,14906.1,22.6,1.2
16.017,4,23589.8,13123.7,15.0,23573.4,13095.6,22.9,23596.9,13159.9,25.8,0.9
16.017,5,23643.6,12589.6,15.0,23628.8,12592.1,26.4,23651.3,12606.0,22.3,1.3
16.017,6,23547.5,12850.0,15.0,23531.8,12822.3,22.7,23554.1,12883.8,24.6,1.0
16.017,7,23474.2,7322.2,15.0,23498.6,7304.9,22.9,23428.9,7331.1,34.6,1.5
16.017,8,23514.5,14352.0,15.0,23502.0,14403.7,45.6,23531.9,14339.3,23.3,1.0
16.017,9,23543.2,12737.4,15.0,23535.4,12751.8,22.6,23557.6,12744.4,28.0,1.1
16.017,10,23522.9,14975.6,15.0,23535.0,14923.8,44.7,23505.2,14990.9,23.2,1.0
16.017,11,23604.0,14962.5,15.0,23618.4,14939.9,35.9,23593.1,14958.5,22.7,1.1
16.017,12,23399.3,15281.4,15.0,23450.0,15305.1,55.0,23394.6,15264.4,23.2,1.5
16.017,13,23608.1,14914.0,15.0,23622.8,14897.6,31.4,23598.4,14905.7,22.7,1.2
16.033,4,23589.8,13122.3,15.0,23573.2,13094.8,22.9,23597.3,13160.9,27.7,0.9
16.033,5,23643.6,12587.5,15.0,23628.9,12583.2,24.7,23650.8,12606.6,22.3,1.3
16.033,6,23547.5,12848.3,15.0,23531.4,12820.9,22.7,23554.5,12884.2,25.9,1.0
16.033,7,23475.6,7322.2,15.0,23498.2,7304.8,22.9,23428.4,7331.7,37.5,1.5
16.033,8,23514.5,14350.3,15.0,23501.4,14401.7,46.9,23531.5,14339.6,23.3,1.0
16.033,9,23543.2,12735.6,15.0,23535.9,12752.5,22.6,23557.5,12736.5,26.3,1.1
16.033,10,23522.9,14977.3,15.0,23535.6,14925.8,45.4,23505.5,14990.3,23.2,1.0
16.033,11,23604.0,14964.4,15.0,23618.5,14945.2,33.5,23593.8,14958.2,22.7,1.1
16.033,12,23397.0,15281.0,15.0,23446.0,15304.7,55.2,23393.0,15264.7,23.1,1.5
16.033,13,23608.1,14915.9,15.0,23622.8,14902.9,30.1,23599.1,14905.1,22.6,1.2
16.050,4,23589.8,13120.9,15.0,23572.9,13094.2,22.9,23597.7,13162.0,29.9,0.9
16.050,5,23643.6,12585.4,15.0,23629.0,12573.6,23.5,23650.5,12607.1,22.3,1.3
16.050,6,23547.5,12846.6,15.0,23531.1,12820.1,22.7,23555.0,12885.5,28.5,1.0
16.050,7,23477.0,7322.2,15.0,23497.5,7304.8,22.9,23428.5,7332.3,39.8,1.5
16.050,8,23514.5,14348.5,15.0,23500.8,14399.6,48.7,23531.1,14339.5,23.3,1.0
16.050,9,23543.2,12733.7,15.0,23536.3,12753.2,22.6,23557.4,12728.2,24.9,1.1
16.050,10,23522.9,14979.0,15.0,23536.2,14927.8,46.5,23505.8,14989.9,23.3,1.0
16.050,11,23604.0,14966.2,15.0,23618.6,14950.3,31.4,23594.5,14957.8,22.7,1.1
16.050,12,23394.6,15280.7,15.0,23441.4,15304.2,54.5,23391.4,15265.0,23.0,1.5
16.050,13,23608.1,14917.9,15.0,23622.9,14908.4,28.9,23599.8,14904.4,22.6,1.2
16.067,4,23589.8,13119.5,15.0,23572.7,13093.8,22.9,23598.2,13162.8,32.4,0.9
16.067,5,23643.6,12583.3,15.0,23628.9,12566.0,22.8,23650.2,12607.5,22.4,1.3
16.067,6,23547.5,12844.8,15.0,23530.8,12819.3,22.7,23555.5,12886.6,31.3,1.0
16.067,7,23478.4,7322.2,15.0,23496.7,7304.8,22.9,23429.2,7332.9,41.5,1.5
16.067,8,23514.5,14346.8,15.0,23500.2,14397.8,51.1,23530.7,14339.4,23.3,1.0
16.067,9,23543.2,12731.9,15.0,23536.6,12753.8,22.6,23557.3,12719.0,23.7,1.1
16.067,10,23522.9,14980.7,15.0,23536.8,14929.8,48.3,23506.2,14990.0,23.3,1.0
16.067,11,23604.0,14968.1,15.0,23618.6,14955.5,30.0,23595.2,14957.1,22.7,1.1
16.067,12,23392.2,15280.3,15.0,23434.3,15303.0,50.1,23389.9,15265.4,22.8,1.5
16.067,13,23608.1,14919.8,15.0,23622.7,14916.4,26.9,23600.3,14903.7,22.6,1.2
16.083,4,23589.8,13118.1,15.0,23572.6,13094.2,22.9,23598.8,13163.4,35.1,0.9
16.083,5,23643.6,12581.1,15.0,23628.7,12559.6,22.4,23650.1,12607.7,22.4,1.3
16.083,6,23547.5,12843.1,15.0,23530.7,12819.7,22.7,23556.2,12887.3,34.5,1.0
16.083,7,23479.8,7322.2,15.0,23495.8,7304.9,23.0,23429.9,7333.5,43.2,1.5
16.083,8,23514.5,14345.1,15.0,23499.6,14396.3,54.1,23530.2,14339.1,23.3,1.0
16.083,9,23543.2,12730.0,15.0,23536.9,12754.3,22.6,23557.3,12710.7,23.3,1.1
16.083,10,23522.9,14982.4,15.0,23537.4,14931.7,50.4,23506.6,14990.1,23.3,1.0
16.083,11,23604.0,14970.0,15.0,23618.7,14960.8,28.8,23595.8,14956.4,22.7,1.1
16.083,12,23389.8,15280.0,15.0,23426.4,15301.6,45.7,23388.8,15266.0,22.7,1.5
16.083,13,23608.1,14921.7,15.0,23622.6,14924.7,25.5,23600.8,14902.9,22.6,1.2
16.100,4,23589.8,13116.7,15.0,23572.5,13094.7,22.9,23599.4,13163.9,38.0,0.9
16.100,5,23643.6,12579.0,15.0,23628.3,12555.7,22.2,23650.1,12607.6,22.7,1.3
16.100,6,23547.5,12841.4,15.0,23530.6,12820.2,22.7,23556.9,12887.8,37.9,1.0
16.100,7,23481.3,7322.2,15.0,23495.3,7305.2,22.9,23431.5,7334.0,43.8,1.5
16.100,8,23514.5,14343.3,15.0,23499.1,14393.7,55.5,23529.6,14338.9,23.3,1.0
16.100,9,23543.2,12728.2,15.0,23537.0,12754.6,22.6,23557.5,12704.7,23.1,1.1
16.100,10,23522.9,14984.1,15.0,23538.0,14933.2,53.3,23507.1,14990.3,23.3,1.0
16.100,11,23604.0,14971.8,15.0,23618.5,14968.5,27.0,23596.3,14955.7,22.7,1.1
16.100,12,23387.4,15279.7,15.0,23418.2,15300.2,40.9,23388.2,15266.7,22.6,1.5
16.100,13,23608.1,14923.7,15.0,23622.5,14934.0,24.0,23601.2,14902.3,22.6,1.2
16.117,4,23589.8,13115.2,15.0,23572.5,13095.4,22.9,23600.0,13163.5,40.0,0.9
16.117,5,23643.6,12576.9,15.0,23627.9,12552.9,21.9,23650.2,12607.4,23.0,1.3
16.117,6,23547.5,12839.6,15.0,23530.6,12821.1,22.7,23557.6,12887.1,40.1,1.0
16.117,7,23482.7,7322.2,15.0,23494.9,7305.4,22.9,23433.1,7334.5,44.3,1.5
16.117,8,23514.4,14341.6,15.0,23498.9,14389.7,54.9,23529.1,14338.5,23.3,1.0
16.117,9,23543.2,12726.3,15.0,23537.0,12754.7,22.7,23557.8,12699.8,23.0,1.1
16.117,10,23522.9,14985.8,15.0,23538.5,14935.1,55.6,23507.6,14990.6,23.3,1.0
16.117,11,23604.0,14973.7,15.0,23618.4,14976.6,25.6,23596.8,14954.9,22.7,1.1
16.117,12,23385.0,15279.3,15.0,23409.8,15298.8,36.9,23387.6,15267.3,22.5,1.5
16.117,13,23608.1,14925.6,15.0,23622.5,14943.2,23.5,23601.5,14901.7,22.7,1.2
16.133,4,23589.8,13113.8,15.0,23572.6,13096.2,22.9,23600.5,13162.8,41.7,0.9
16.133,5,23643.6,12574.7,15.0,23627.5,12550.7,21.9,23650.5,12607.6,24.1,1.3
16.133,6,23547.5,12837.9,15.0,23530.7,12822.1,22.7,23558.3,12886.2,42.1,1.0
16.133,7,23484.1,7322.2,15.0,23494.7,7305.7,23.0,23434.7,7334.9,45.2,1.5
16.133,8,23514.4,14339.9,15.0,23498.8,14384.8,52.8,23528.4,14338.3,23.3,1.0
16.133,9,23543.2,12724.5,15.0,23536.9,12754.6,23.0,23558.2,12697.4,22.7,1.1
16.133,10,23522.9,14987.6,15.0,23538.7,14939.0,55.0,23508.2,14990.9,23.3,1.0
16.133,11,23604.0,14975.6,15.0,23618.3,14985.8,24.1,23597.2,14954.3,22.7,1.1
16.133,12,23382.6,15279.0,15.0,23404.4,15298.1,34.6,23387.5,15268.1,22.4,1.5
16.133,13,23608.1,14927.6,15.0,23622.7,14949.4,23.0,23601.6,14901.4,22.7,1.2
16.150,4,23589.8,13112.4,15.0,23572.7,13097.0,22.9,23601.1,13162.0,43.2,0.9
16.150,5,23643.6,12572.6,15.0,23627.1,12548.7,22.0,23650.8,12607.9,25.5,1.3
16.150,6,23547.5,12836.2,15.0,23531.0,12822.6,22.7,23558.9,12884.4,43.0,1.0
16.150,7,23485.5,7322.2,15.0,23494.8,7306.0,23.0,23436.4,7335.4,46.6,1.5
16.150,8,23514.4,14338.1,15.0,23498.9,14377.8,48.4,23527.8,14338.1,23.3,1.0
16.150,9,23543.2,12722.6,15.0,23536.8,12754.6,23.5,23558.6,12695.3,22.6,1.1
16.150,10,23522.9,14989.3,15.0,23538.8,14943.1,54.2,23508.8,14991.2,23.3,1.0
16.150,11,23604.0,14977.4,15.0,23618.2,14995.1,23.6,23597.5,14953.7,22.7,1.1
16.150,12,23380.2,15278.7,15.0,23398.9,15297.4,32.7,23387.6,15268.9,22.4,1.5
16.150,13,23608.1,14929.5,15.0,23622.9,14955.2,22.9,23601.7,14901.2,22.7,1.2
16.167,4,23589.8,13111.0,15.0,23572.9,13097.4,22.9,23601.6,13160.3,43.7,0.9
16.167,5,23643.6,12570.5,15.0,23626.8,12547.1,22.2,23651.3,12609.1,28.1,1.3
16.167,6,23547.5,12834.5,15.0,23531.2,12823.1,22.7,23559.5,12882.5,43.6,1.0
16.167,7,23486.9,7322.2,15.0,23494.9,7306.3,23.0,23438.1,7335.9,48.1,1.5
16.167,8,23514.4,14336.4,15.0,23499.0,14370.4,44.1,23527.1,14338.0,23.3,1.0
16.167,9,23543.2,12720.8,15.0,23536.5,12754.9,24.8,23559.0,12693.7,22.6,1.1
16.167,10,23522.9,14991.0,15.0,23538.7,14949.7,49.7,23509.4,14991.4,23.3,1.0
16.167,11,23604.0,14979.3,15.0,23618.4,15001.5,23.2,23597.7,14953.3,22.7,1.1
16.167,12,23377.8,15278.4,15.0,23393.2,15296.7,31.4,23387.9,15269.7,22.3,1.5
16.167,13,23608.1,14931.4,15.0,23623.3,14957.8,22.6,23601.6,14901.4,23.0,1.2
16.183,4,23589.8,13109.6,15.0,23573.2,13097.9,22.9,23602.1,13158.7,44.2,0.9
16.183,5,23643.6,12568.3,15.0,23626.6,12545.7,22.3,23651.9,12610.3,31.1,1.3
16.183,6,23547.5,12832.7,15.0,23531.6,12823.1,22.7,23560.1,12880.5,45.0,1.0
16.183,7,23488.3,7322.2,15.0,23495.1,7306.7,23.0,23439.4,7336.3,50.3,1.5
16.183,8,23514.4,14334.6,15.0,23499.2,14362.7,39.7,23526.4,14338.0,23.3,1.0
16.183,9,23543.2,12718.9,15.0,23536.1,12755.6,26.6,23559.4,12692.4,22.6,1.1
16.183,10,23522.9,14992.7,15.0,23538.5,14956.9,45.6,23510.0,14991.6,23.3,1.0
16.183,11,23604.0,14981.1,15.0,23618.6,15007.5,23.2,23597.7,14953.0,22.8,1.1
16.183,12,23375.4,15278.1,15.0,23386.6,15295.8,29.9,23388.4,15270.5,22.3,1.5
16.183,13,23608.1,14933.4,15.0,23623.8,14960.2,22.4,23601.4,14901.4,23.4,1.2
16.200,4,23589.8,13108.2,15.0,23573.5,13098.0,22.9,23602.6,13157.1,45.3,0.9
16.200,5,23643.6,12566.2,15.0,23626.4,12545.5,22.5,23652.6,12611.1,34.6,1.3
16.200,6,23547.5,12831.0,15.0,23532.0,12822.9,22.7,23560.6,12878.4,46.7,1.0
16.200,7,23489.8,7322.2,15.0,23495.3,7307.1,23.0,23440.6,7336.8,52.6,1.5
16.200,8,23514.4,14332.9,15.0,23499.3,14355.1,36.2,23525.7,14338.2,23.3,1.0
16.200,9,23543.2,12717.1,15.0,23535.5,12756.9,29.3,23559.7,12691.4,22.6,1.1
16.200,10,23522.9,14994.4,15.0,23538.3,14964.3,41.1,23510.7,14991.6,23.2,1.0
16.200,11,23604.0,14983.0,15.0,23619.1,15010.1,22.9,23597.7,14953.1,23.0,1.1
16.200,12,23373.0,15277.8,15.0,23378.1,15294.5,27.8,23389.0,15271.2,22.2,1.5
16.200,13,23608.1,14935.3,15.0,23624.2,14961.9,22.5,23601.2,14901.1,24.8,1.2
16.217,4,23589.8,13106.7,15.0,23573.8,13097.9,22.9,23603.0,13155.4,46.7,0.9
16.217,5,23643.6,12564.1,15.0,23626.4,12545.4,22.7,23653.4,12611.5,38.3,1.3
16.217,6,23547.5,12829.3,15.0,23532.4,12822.7,22.7,23561.2,12876.7,49.1,1.0
16.217,7,23491.2,7322.2,15.0,23495.6,7307.5,23.0,23442.6,7337.1,54.1,1.5
16.217,8,23514.4,14331.2,15.0,23499.2,14350.2,33.9,23525.0,14338.7,23.3,1.0
16.217,9,23543.2,12715.3,15.0,23534.9,12757.9,32.4,23559.9,12690.9,22.6,1.1
16.217,10,23522.9,14996.1,15.0,23538.1,14972.3,37.2,23511.4,14991.5,23.3,1.0
16.217,11,23604.0,14984.9,15.0,23619.5,15012.5,22.6,23597.5,14953.3,23.3,1.1
16.217,12,23370.6,15277.5,15.0,23369.0,15293.3,25.9,23389.5,15271.8,22.3,1.5
16.217,13,23608.1,14937.3,15.0,23624.5,14963.4,22.5,23600.8,14900.5,26.3,1.2
16.233,4,23589.8,13105.3,15.0,23574.1,13097.7,22.9,23603.5,13153.7,48.3,0.9
16.233,5,23643.6,12561.9,15.0,23626.4,12545.7,22.8,23654.2,12610.6,40.6,1.3
16.233,6,23547.5,12827.5,15.0,23532.9,12822.3,22.7,23561.7,12875.2,51.9,1.0
16.233,7,23492.6,7322.2,15.0,23495.9,7307.9,22.9,23445.7,7337.3,53.5,1.5
16.233,8,23514.4,14329.4,15.0,23499.1,14345.1,31.9,23524.3,14339.3,23.3,1.0
16.233,9,23543.2,12713.4,15.0,23534.2,12758.5,35.8,23560.1,12691.4,22.6,1.1
16.233,10,23522.9,14997.8,15.0,23538.1,14977.6,34.7,23512.1,14991.0,23.2,1.0
16.233,11,23604.0,14986.7,15.0,23619.9,15014.1,22.6,23597.3,14952.9,24.5,1.1
16.233,12,23368.2,15277.2,15.0,23359.1,15291.9,24.1,23390.0,15272.2,22.3,1.5
16.233,13,23608.1,14939.2,15.0,23624.8,14964.5,22.6,23600.2,14899.2,29.1,1.2
16.250,4,23589.8,13103.9,15.0,23574.5,13097.5,22.9,23603.9,13152.5,50.5,0.9
16.250,5,23643.6,12559.8,15.0,23626.6,12546.0,23.0,23655.0,12609.6,42.8,1.3
16.250,6,23547.5,12825.8,15.0,23533.4,12821.9,22.7,23562.0,12872.3,52.6,1.0
16.250,7,23494.0,7322.2,15.0,23496.2,7308.4,23.0,23448.9,7337.5,53.0,1.5
16.250,8,23514.4,14327.7,15.0,23499.0,14339.8,30.6,23523.6,14340.2,23.2,1.0
16.250,9,23543.2,12711.6,15.0,23533.4,12758.5,38.9,23560.1,12691.9,22.7,1.1
16.250,10,23522.9,14999.5,15.0,23538.2,14982.6,32.6,23512.8,14990.5,23.3,1.0
16.250,11,23604.0,14988.6,15.0,23620.3,15015.7,22.7,23596.9,14952.6,25.9,1.1
16.250,12,23365.8,15276.9,15.0,23350.7,15291.0,23.1,23390.4,15272.5,22.4,1.5
16.250,13,23608.1,14941.1,15.0,23625.1,14965.3,22.6,23599.6,14898.1,32.2,1.2
16.267,4,23589.8,13102.5,15.0,23574.9,13097.2,22.9,23604.4,13151.2,52.9,0.9
16.267,5,23643.6,12557.7,15.0,23626.8,12545.8,23.0,23655.6,12607.4,43.6,1.3
16.267,6,23547.5,12824.1,15.0,23533.9,12821.5,22.7,23562.2,12868.4,52.0,1.0
16.267,7,23495.4,7322.2,15.0,23496.4,7308.9,22.9,23453.7,7337.4,50.1,1.5
16.267,8,23514.4,14325.9,15.0,23499.0,14334.4,29.3,23523.0,14341.0,23.3,1.0
16.267,9,23543.2,12709.7,15.0,23532.7,12757.6,41.0,23560.0,12692.8,22.7,1.1
16.267,10,23522.9,15001.2,15.0,23538.3,14987.7,31.1,23513.5,14989.8,23.2,1.0
16.267,11,23604.0,14990.4,15.0,23620.6,15016.7,22.7,23596.4,14951.2,28.5,1.1
16.267,12,23363.4,15276.6,15.0,23343.7,15290.4,22.3,23390.7,15272.7,22.5,1.5
16.267,13,23608.1,14943.1,15.0,23625.2,14965.0,22.7,23598.9,14897.4,35.7,1.2
16.283,4,23589.8,13101.1,15.0,23575.3,13096.9,22.9,23604.7,13148.9,53.6,0.9
16.283,5,23643.6,12555.5,15.0,23627.1,12545.5,23.1,23656.3,12605.1,44.4,1.3
16.283,6,23547.5,12822.3,15.0,23534.5,12821.1,22.7,23562.2,12863.4,49.6,1.0
16.283,7,23496.8,7322.2,15.0,23496.7,7309.4,22.9,23459.3,7337.3,46.6,1.5
16.283,8,23514.4,14324.2,15.0,23499.1,14326.4,27.4,23522.4,14342.0,23.2,1.0
16.283,9,23543.2,12707.9,15.0,23532.0,12756.2,42.6,23559.8,12693.5,22.7,1.1
16.283,10,23522.9,15002.9,15.0,23538.3,14992.8,29.9,23514.2,14989.0,23.2,1.0
16.283,11,23604.0,14992.3,15.0,23620.9,15017.6,22.7,23595.8,14950.0,31.5,1.1
16.283,12,23361.0,15276.3,15.0,23339.2,15290.2,22.0,23390.6,15272.6,22.8,1.5
16.283,13,23608.1,14945.0,15.0,23625.3,14964.7,22.8,23598.1,14897.2,39.1,1.2
16.300,4,23589.8,13099.7,15.0,23575.8,13096.6,22.9,23604.8,13145.7,53.1,0.9
16.300,5,23643.6,12553.4,15.0,23627.5,12544.5,23.0,23656.9,12602.8,46.3,1.3
16.300,6,23547.5,12820.6,15.0,23535.1,12820.8,22.7,23562.1,12856.7,45.5,1.0
16.300,7,23498.3,7322.2,15.0,23496.8,7309.9,23.0,23465.2,7337.1,43.4,1.5
16.300,8,23514.3,14322.5,15.0,23499.1,14318.2,26.1,23521.9,14342.9,23.3,1.0
16.300,9,23543.2,12706.0,15.0,23531.4,12754.2,43.3,23559.5,12693.9,22.7,1.1
16.300,10,23522.9,15004.6,15.0,23538.3,14999.6,28.2,23514.7,14988.1,23.2,1.0
16.300,11,23604.0,14994.2,15.0,23621.1,15017.2,22.7,23595.1,14949.3,34.9,1.1
16.300,12,23358.6,15276.0,15.0,23335.8,15290.3,21.7,23390.5,15272.5,23.2,1.5
16.300,13,23608.1,14947.0,15.0,23625.2,14963.9,22.8,23597.4,14898.1,41.3,1.2
16.317,4,23589.8,13098.2,15.0,23576.2,13096.3,22.9,23605.0,13142.6,52.6,0.9
16.317,5,23643.6,12551.3,15.0,23627.8,12543.6,23.0,23657.5,12600.5,48.3,1.3
16.317,6,23547.5,12818.9,15.0,23535.7,12820.6,22.7,23561.9,12849.7,41.5,1.0
16.317,7,23499.7,7322.2,15.0,23496.8,7310.5,22.9,23471.2,7337.0,39.8,1.5
16.317,8,23514.3,14320.7,15.0,23499.2,14308.9,24.7,23521.6,14343.7,23.2,1.0
16.317,9,23543.2,12704.2,15.0,23530.8,12752.1,44.3,23559.2,12694.1,22.7,1.1
16.317,10,23522.9,15006.3,15.0,23538.2,15007.6,26.7,23515.2,14987.2,23.2,1.0
16.317,11,23604.0,14996.0,15.0,23621.2,15016.8,22.8,23594.3,14948.8,38.5,1.1
16.317,12,23356.2,15275.7,15.0,23333.2,15290.4,21.8,23390.8,15272.2,24.5,1.5
16.317,13,23608.1,14948.9,15.0,23625.0,14963.3,22.9,23596.6,14899.3,43.1,1.2
16.333,4,23589.8,13096.8,15.0,23576.7,13096.1,22.9,23604.9,13137.3,49.0,0.9
16.333,5,23643.6,12549.2,15.0,23628.3,12542.5,22.9,23658.1,12598.8,51.3,1.3
16.333,6,23547.5,12817.1,15.0,23536.4,12820.6,22.7,23561.7,12842.4,37.5,1.0
16.333,7,23501.1,7322.2,15.0,23496.8,7311.0,23.0,23477.6,7336.8,36.7,1.5
16.333,8,23514.3,14319.0,15.0,23499.2,14299.5,24.2,23521.3,14344.4,23.3,1.0
16.333,9,23543.2,12702.3,15.0,23530.2,12749.9,46.1,23558.8,12693.8,22.7,1.1
16.333,10,23522.9,15008.0,15.0,23538.0,15016.1,25.3,23515.7,14986.4,23.2,1.0
16.333,11,23604.0,14997.9,15.0,23621.1,15015.9,22.8,23593.6,14949.6,40.6,1.1
16.333,12,23353.8,15275.5,15.0,23330.7,15290.5,22.0,23391.2,15271.9,26.0,1.5
16.333,13,23608.1,14950.8,15.0,23624.8,14963.0,22.9,23596.0,14901.5,43.8,1.2
16.350,4,23589.8,13095.4,15.0,23577.2,13095.8,22.9,23604.7,13131.6,45.7,0.9
16.350,5,23643.6,12547.0,15.0,23628.8,12541.5,22.8,23658.6,12596.4,53.5,1.3
16.350,6,23547.5,12815.4,15.0,23537.0,12820.7,22.7,23561.6,12835.6,34.4,1.0
16.350,7,23502.5,7322.2,15.0,23496.5,7311.6,22.9,23482.3,7336.8,34.5,1.5
16.350,8,23514.3,14317.3,15.0,23499.1,14293.1,23.9,23521.1,14344.9,23.3,1.0
16.350,9,23543.2,12700.5,15.0,23529.7,12747.9,48.3,23558.4,12693.4,22.7,1.1
16.350,10,23522.9,15009.7,15.0,23537.9,15025.3,24.3,23516.0,14985.6,23.2,1.0
16.350,11,23604.0,14999.8,15.0,23620.9,15015.0,22.8,23592.9,14950.6,42.8,1.1
16.350,12,23351.4,15275.2,15.0,23328.7,15290.6,22.2,23392.7,15271.4,28.9,1.5
16.350,13,23608.1,14952.8,15.0,23624.4,14963.0,22.9,23595.4,14903.6,44.8,1.2
16.367,4,23589.8,13094.0,15.0,23577.8,13095.7,22.9,23604.6,13125.8,42.3,0.9
16.367,5,23643.6,12544.9,15.0,23629.3,12540.4,22.7,23658.8,12592.1,52.9,1.3
16.367,6,23547.5,12813.7,15.0,23537.7,12821.1,22.7,23561.7,12830.9,32.3,1.0
16.367,7,23503.9,7322.2,15.0,23496.2,7312.2,22.9,23486.3,7336.9,32.8,1.5
16.367,8,23514.3,14315.5,15.0,23498.8,14287.1,23.9,23521.1,14345.3,23.3,1.0
16.367,9,23543.2,12698.6,15.0,23529.1,12746.3,51.2,23558.0,12693.0,22.7,1.1
16.367,10,23522.9,15011.4,15.0,23538.0,15033.3,24.0,23516.2,14985.0,23.3,1.0
16.367,11,23604.0,15001.6,15.0,23620.7,15014.6,22.8,23592.2,14952.7,43.5,1.1
16.367,12,23349.0,15274.9,15.0,23326.7,15290.6,22.4,23394.1,15270.8,32.1,1.5
16.367,13,23608.1,14954.7,15.0,23624.1,14963.5,22.9,23594.8,14905.8,46.6,1.2
16.383,4,23589.8,13092.6,15.0,23578.3,13095.7,22.9,23604.4,13119.7,38.9,0.9
16.383,5,23643.6,12542.8,15.0,23629.9,12539.5,22.7,23659.0,12587.2,51.2,1.3
16.383,6,23547.5,12811.9,15.0,23538.4,12821.5,22.7,23561.8,12826.0,30.6,1.0
16.383,7,23505.3,7322.2,15.0,23495.8,7312.7,23.0,23490.4,7336.9,31.3,1.5
16.383,8,23514.3,14313.8,15.0,23498.4,14284.3,23.6,23521.1,14345.4,23.5,1.0
16.383,9,23543.2,12696.8,15.0,23528.7,12743.8,52.7,23557.4,12692.5,22.7,1.1
16.383,10,23522.9,15013.2,15.0,23538.2,15039.2,23.8,23516.3,14984.6,23.2,1.0
16.383,11,23604.0,15003.5,15.0,23620.4,15014.2,22.9,23591.6,14954.8,44.2,1.1
16.383,12,23346.6,15274.7,15.0,23326.2,15290.7,22.8,23395.0,15270.1,35.9,1.5
16.383,13,23608.1,14956.6,15.0,23623.6,14964.0,22.9,23594.2,14907.9,48.8,1.2
16.400,4,23589.8,13091.2,15.0,23578.8,13095.7,22.9,23604.3,13113.3,35.9,0.9
16.400,5,23643.6,12540.6,15.0,23630.5,12538.8,22.6,23658.8,12580.0,46.7,1.3
16.400,6,23547.5,12810.2,15.0,23539.0,12822.2,22.7,23561.8,12821.0,29.4,1.0
16.400,7,23506.8,7322.2,15.0,23495.2,7313.2,22.9,23494.5,7337.0,30.2,1.5
16.400,8,23514.3,14312.0,15.0,23497.9,14282.0,23.4,23521.3,14345.3,23.8,1.0
16.400,9,23543.2,12694.9,15.0,23528.5,12739.8,52.1,23556.9,12692.0,22.7,1.1
16.400,10,23522.9,15014.9,15.0,23538.5,15044.1,23.8,23516.3,14984.3,23.3,1.0
16.400,11,23604.0,15005.3,15.0,23620.0,15014.5,22.8,23591.0,14956.9,46.0,1.1
16.400,12,23344.2,15274.4,15.0,23325.6,15290.7,23.2,23395.4,15269.2,39.8,1.5
16.400,13,23608.1,14958.6,15.0,23623.2,14964.6,22.9,23593.6,14909.6,51.7,1.2
16.417,4,23589.8,13089.7,15.0,23579.4,13096.0,22.9,23604.3,13109.2,34.0,0.9
16.417,5,23643.6,12538.5,15.0,23631.2,12538.1,22.5,23658.7,12572.3,42.4,1.3
16.417,6,23547.5,12808.5,15.0,23539.6,12822.9,22.7,23561.8,12815.6,28.1,1.0
16.417,7,23508.2,7322.2,15.0,23494.6,7313.8,22.9,23498.7,7337.0,29.2,1.5
16.417,8,23514.3,14310.3,15.0,23497.5,14280.4,23.3,23521.5,14345.7,24.8,1.0
16.417,9,23543.2,12693.1,15.0,23528.4,12734.8,50.0,23556.3,12691.5,22.7,1.1
16.417,10,23522.9,15016.6,15.0,23538.9,15046.3,23.5,23516.2,14984.3,23.6,1.0
16.417,11,23604.0,15007.2,15.0,23619.6,15014.8,22.8,23590.4,14959.1,47.8,1.1
16.417,12,23341.8,15274.2,15.0,23325.4,15290.6,23.4,23394.6,15268.2,42.2,1.5
16.417,13,23608.1,14960.5,15.0,23622.7,14965.3,22.8,23593.1,14912.1,53.5,1.2
16.433,4,23589.8,13088.3,15.0,23580.0,13096.4,22.9,23604.4,13105.2,32.3,0.9
16.433,5,23643.6,12536.4,15.0,23631.9,12537.8,22.5,23658.5,12564.3,38.1,1.3
16.433,6,23547.5,12806.8,15.0,23540.1,12823.6,22.7,23561.7,12808.0,26.4,1.0
16.433,7,23509.6,7322.2,15.0,23493.9,7314.2,22.9,23504.2,7337.0,27.9,1.5
16.433,8,23514.3,14308.6,15.0,23497.0,14279.1,23.3,23521.8,14346.2,26.2,1.0
16.433,9,23543.2,12691.2,15.0,23528.6,12727.9,45.7,23555.7,12691.1,22.7,1.1
16.433,10,23522.9,15018.3,15.0,23539.3,15048.4,23.3,23516.1,14984.2,24.0,1.0
16.433,11,23604.0,15009.1,15.0,23619.1,15015.3,22.8,23589.9,14960.7,50.7,1.1
16.433,12,23339.4,15273.9,15.0,23325.1,15290.4,23.6,23393.3,15267.1,44.4,1.5
16.433,13,23608.1,14962.5,15.0,23622.1,14966.0,22.8,23592.9,14916.2,52.9,1.2
16.450,4,23589.8,13086.9,15.0,23580.5,13096.8,22.9,23604.4,13101.2,30.9,0.9
16.450,5,23643.6,12534.2,15.0,23632.6,12537.6,22.4,23658.4,12557.1,34.9,1.3
16.450,6,23547.5,12805.0,15.0,23540.5,12824.3,22.7,23561.6,12800.2,25.2,1.0
16.450,7,23511.0,7322.2,15.0,23493.3,7314.6,22.9,23510.5,7336.9,26.6,1.5
16.450,8,23514.3,14306.8,15.0,23496.7,14278.1,23.3,23522.3,14347.5,28.5,1.0
16.450,9,23543.2,12689.4,15.0,23528.7,12720.6,41.5,23555.0,12690.8,22.7,1.1
16.450,10,23522.9,15020.0,15.0,23539.7,15049.7,23.3,23515.8,14983.7,25.3,1.0
16.450,11,23604.0,15010.9,15.0,23618.6,15015.8,22.8,23589.3,14962.5,53.5,1.1
16.450,12,23337.0,15273.7,15.0,23324.3,15290.1,23.7,23391.0,15266.1,45.3,1.5
16.450,13,23608.1,14964.4,15.0,23621.5,14966.5,22.8,23592.9,14921.3,50.9,1.2
16.467,4,23589.8,13085.5,15.0,23581.0,13097.4,22.9,23604.5,13097.0,29.9,0.9
16.467,5,23643.6,12532.1,15.0,23633.3,12537.8,22.4,23658.5,12552.0,32.8,1.3
16.467,6,23547.5,12803.3,15.0,23540.8,12824.9,22.7,23561.5,12791.4,23.9,1.0
16.467,7,23512.4,7322.2,15.0,23492.6,7315.0,23.0,23517.1,7336.8,25.6,1.5
16.467,8,23514.3,14305.1,15.0,23496.4,14277.4,23.3,23522.9,14348.9,31.4,1.0
16.467,9,23543.2,12687.5,15.0,23528.9,12712.8,37.4,23554.3,12690.8,22.6,1.1
16.467,10,23522.9,15021.7,15.0,23540.1,15051.0,23.3,23515.4,14983.2,26.7,1.0
16.467,11,23604.0,15012.8,15.0,23618.1,15016.3,22.8,23589.1,14966.5,52.8,1.1
16.467,12,23334.6,15273.4,15.0,23323.2,15289.7,23.7,23388.7,15265.1,46.6,1.5
16.467,13,23608.1,14966.3,15.0,23620.9,14967.0,22.7,23593.0,14928.3,46.4,1.2
16.483,4,23589.8,13084.1,15.0,23581.5,13098.0,22.9,23604.5,13092.8,28.9,0.9
16.483,5,23643.6,12530.0,15.0,23634.0,12538.1,22.3,23658.5,12546.6,31.0,1.3
16.483,6,23547.5,12801.6,15.0,23541.1,12825.5,22.7,23561.4,12782.6,23.6,1.0
16.483,7,23513.8,7322.2,15.0,23492.1,7315.3,22.9,23524.4,7336.7,24.4,1.5
16.483,8,23514.3,14303.4,15.0,23496.2,14277.5,23.3,23523.6,14349.9,34.7,1.0
16.483,9,23543.2,12685.7,15.0,23529.0,12706.0,34.3,23553.6,12690.8,22.6,1.1
16.483,10,23522.9,15023.4,15.0,23540.5,15051.8,23.3,23514.9,14981.7,29.4,1.0
16.483,11,23604.0,15014.7,15.0,23617.5,15016.8,22.8,23588.9,14970.7,52.0,1.1
16.483,12,23332.2,15273.2,15.0,23321.7,15289.2,23.6,23386.3,15264.1,48.6,1.5
16.483,13,23608.1,14968.3,15.0,23620.2,14967.4,22.7,23593.2,14935.8,42.2,1.2
16.500,4,23589.8,13082.7,15.0,23582.0,13098.7,22.9,23604.4,13086.9,27.5,0.9
16.500,5,23643.6,12527.8,15.0,23634.7,12538.7,22.3,23658.6,12541.2,29.8,1.3
16.500,6,23547.5,12799.8,15.0,23541.2,12825.8,22.7,23561.6,12776.9,23.2,1.0
16.500,7,23515.3,7322.2,15.0,23491.5,7315.5,22.9,23531.8,7336.6,23.9,1.5
16.500,8,23514.2,14301.6,15.0,23496.0,14278.2,23.3,23524.4,14350.6,38.3,1.0
16.500,9,23543.2,12683.8,15.0,23528.9,12701.1,32.1,23552.9,12691.2,22.6,1.1
16.500,10,23522.9,15025.1,15.0,23540.8,15052.5,23.3,23514.3,14980.4,32.4,1.0
16.500,11,23604.0,15016.5,15.0,23616.9,15017.2,22.8,23589.1,14977.5,47.5,1.1
16.500,12,23329.8,15273.0,15.0,23320.1,15288.7,23.4,23384.1,15263.1,51.1,1.5
16.500,13,23608.1,14970.2,15.0,23619.5,14967.5,22.7,23593.4,14943.7,37.9,1.2
16.517,4,23589.8,13081.2,15.0,23582.4,13099.3,22.9,23604.3,13080.6,26.2,0.9
16.517,5,23643.6,12525.7,15.0,23635.3,12539.2,22.3,23658.5,12534.4,28.2,1.3
16.517,6,23547.5,12798.1,15.0,23541.3,12826.1,22.7,23561.8,12771.2,23.3,1.0
16.517,7,23516.7,7322.2,15.0,23491.1,7315.7,22.9,23537.9,7336.6,23.7,1.5
16.517,8,23514.2,14299.9,15.0,23496.0,14279.1,23.2,23525.1,14350.4,41.2,1.0
16.517,9,23543.2,12682.0,15.0,23528.9,12695.9,30.4,23552.3,12691.6,22.6,1.1
16.517,10,23522.9,15026.8,15.0,23540.9,15052.0,23.2,23513.6,14979.5,35.8,1.0
16.517,11,23604.0,15018.4,15.0,23616.2,15017.6,22.8,23589.2,14984.9,43.4,1.1
16.517,12,23327.4,15272.7,15.0,23318.5,15288.1,23.3,23382.2,15262.2,54.3,1.5
16.517,13,23608.1,14972.2,15.0,23618.8,14967.5,22.7,23593.5,14950.7,34.7,1.2
16.533,4,23589.8,13079.8,15.0,23582.7,13099.9,22.9,23604.2,13073.9,25.2,0.9
16.533,5,23643.6,12523.6,15.0,23635.9,12539.9,22.3,23658.4,12526.2,26.4,1.3
16.533,6,23547.5,12796.4,15.0,23541.2,12826.0,22.9,23562.2,12768.8,23.0,1.0
16.533,7,23518.1,7322.2,15.0,23490.8,7315.8,22.9,23542.7,7336.8,23.5,1.5
16.533,8,23514.2,14298.1,15.0,23496.2,14280.3,23.2,23525.9,14349.7,43.4,1.0
16.533,9,23543.2,12680.1,15.0,23528.8,12690.7,29.2,23551.6,12692.3,22.6,1.1
16.533,10,23522.9,15028.5,15.0,23541.0,15051.3,23.3,23512.8,14978.9,39.4,1.0
16.533,11,23604.0,15020.2,15.0,23615.5,15017.6,22.7,23589.4,14992.5,39.0,1.1
16.533,12,23325.0,15272.5,15.0,23316.9,15287.5,23.1,23378.7,15261.3,55.3,1.5
16.533,13,23608.1,14974.1,15.0,23618.1,14967.2,22.6,23593.4,14955.8,32.6,1.2
16.550,4,23589.8,13078.4,15.0,23583.0,13100.5,22.9,23604.1,13066.6,24.2,0.9
16.550,5,23643.6,12521.4,15.0,23636.4,12540.5,22.3,23658.3,12517.3,24.7,1.3
16.550,6,23547.5,12794.6,15.0,23541.1,12825.8,23.2,23562.6,12766.6,22.8,1.0
16.550,7,23519.5,7322.2,15.0,23490.5,7315.8,23.0,23547.4,7337.0,23.6,1.5
16.550,8,23514.2,14296.4,15.0,23496.4,14281.2,23.3,23526.5,14348.2,44.8,1.0
16.550,9,23543.2,12678.3,15.0,23528.9,12684.4,27.7,23551.0,12693.0,22.6,1.1
16.550,10,23522.9,15030.2,15.0,23541.0,15050.3,23.2,23512.1,14979.4,41.7,1.0
16.550,11,23604.0,15022.1,15.0,23614.8,15017.7,22.7,23589.6,15000.4,35.3,1.1
16.550,13,23608.1,14976.0,15.0,23617.4,14966.7,22.6,23593.3,14961.0,30.8,1.2
16.567,4,23589.8,13077.0,15.0,23583.2,13101.0,22.9,23604.1,13059.2,23.8,0.9
16.567,5,23643.6,12519.3,15.0,23636.7,12541.0,22.3,23658.2,12507.7,23.5,1.3
16.567,6,23547.5,12792.9,15.0,23540.9,12826.1,24.2,23563.0,12765.0,22.7,1.0
16.567,7,23520.9,7322.2,15.0,23490.6,7315.8,23.1,23549.3,7337.3,23.3,1.5
16.567,8,23514.2,14294.7,15.0,23496.7,14281.8,23.3,23527.2,14346.2,45.5,1.0
16.567,9,23543.2,12676.4,15.0,23529.0,12676.5,26.0,23550.5,12693.7,22.6,1.1
16.567,10,23522.9,15031.9,15.0,23540.9,15049.1,23.2,23511.4,14980.2,43.8,1.0
16.567,11,23604.0,15024.0,15.0,23614.1,15017.3,22.7,23589.5,15005.3,33.1,1.1
16.567,13,23608.1,14978.0,15.0,23616.7,14966.0,22.6,23593.3,14966.4,29.6,1.2
16.583,4,23589.8,13075.6,15.0,23583.4,13101.3,22.9,23604.2,13053.8,23.5,0.9
16.583,5,23643.6,12517.2,15.0,23636.9,12541.3,22.4,23658.3,12500.1,22.8,1.3
16.583,6,23547.5,12791.2,15.0,23540.5,12826.5,25.5,23563.4,12763.6,22.7,1.0
16.583,7,23522.3,7322.2,15.0,23490.7,7315.7,23.3,23551.1,7337.7,23.1,1.5
16.583,8,23514.2,14292.9,15.0,23497.0,14282.2,23.3,23527.8,14344.2,46.6,1.0
16.583,9,23543.2,12674.6,15.0,23529.1,12668.0,24.6,23550.1,12694.4,22.6,1.1
16.583,10,23522.9,15033.6,15.0,23540.6,15048.4,23.2,23510.7,14981.9,44.9,1.0
16.583,11,23604.0,15025.8,15.0,23613.4,15016.9,22.7,23589.4,15010.5,31.1,1.1
16.583,13,23608.1,14979.9,15.0,23616.1,14965.3,22.6,23593.3,14972.9,28.0,1.2
16.600,4,23589.8,13074.2,15.0,23583.4,13101.6,22.9,23604.3,13049.0,23.4,0.9
16.600,5,23643.6,12515.1,15.0,23637.1,12541.6,22.4,23658.5,12493.6,22.4,1.3
16.600,6,23547.5,12789.4,15.0,23540.1,12827.6,27.8,23563.7,12762.7,22.7,1.0
16.600,7,23523.8,7322.2,15.0,23490.6,7315.5,23.9,23552.7,7338.0,23.0,1.5
16.600,8,23514.2,14291.2,15.0,23497.4,14282.1,23.3,23528.4,14342.1,48.5,1.0
16.600,9,23543.2,12672.7,15.0,23529.2,12658.8,23.6,23549.8,12695.0,22.6,1.1
16.600,10,23522.9,15035.3,15.0,23540.3,15047.7,23.3,23510.1,14983.9,45.6,1.0
16.600,11,23604.0,15027.7,15.0,23612.8,15016.2,22.7,23589.4,15015.7,29.8,1.1
16.600,13,23608.1,14981.9,15.0,23615.6,14964.6,22.6,23593.4,14981.0,26.3,1.2
16.617,4,23589.8,13072.7,15.0,23583.5,13101.8,22.9,23604.6,13044.9,23.4,0.9
16.617,5,23643.6,12512.9,15.0,23637.0,12541.5,22.7,23658.9,12489.6,22.2,1.3
16.617,6,23547.5,12787.7,15.0,23539.5,12828.7,30.5,23564.0,12761.9,22.7,1.0
16.617,7,23525.2,7322.2,15.0,23490.2,7315.3,24.9,23553.8,7338.4,23.0,1.5
16.617,8,23514.2,14289.4,15.0,23497.9,14282.0,23.3,23528.9,14340.2,50.7,1.0
16.617,9,23543.2,12670.9,15.0,23529.2,12650.9,23.3,23549.6,12695.5,22.6,1.1
16.617,10,23522.9,15037.0,15.0,23540.0,15047.5,23.3,23509.5,14985.9,46.9,1.0
16.617,11,23604.0,15029.5,15.0,23612.1,15015.5,22.7,23589.4,15021.3,28.5,1.1
16.617,13,23608.1,14983.8,15.0,23615.1,14963.9,22.6,23593.5,14989.8,24.8,1.2
16.633,4,23589.8,13071.3,15.0,23583.4,13101.7,23.1,23604.9,13043.1,23.2,0.9
16.633,5,23643.6,12510.8,15.0,23636.9,12541.3,23.0,23659.3,12486.8,21.9,1.3
16.633,6,23547.5,12786.0,15.0,23538.9,12829.6,33.6,23564.2,12762.0,22.7,1.0
16.633,7,23526.6,7322.2,15.0,23489.9,7315.0,26.0,23554.9,7338.7,23.0,1.5
16.633,8,23514.2,14287.7,15.0,23498.4,14281.7,23.3,23529.5,14338.7,53.7,1.0
16.633,9,23543.2,12669.1,15.0,23529.0,12644.9,23.0,23549.4,12695.8,22.6,1.1
16.633,10,23522.9,15038.7,15.0,23539.6,15047.6,23.3,23508.9,14987.9,48.7,1.0
16.633,11,23604.0,15031.4,15.0,23611.6,15014.8,22.7,23589.5,15029.2,26.7,1.1
16.633,13,23608.1,14985.7,15.0,23614.8,14963.3,22.6,23593.6,14999.2,23.7,1.2
16.650,4,23589.8,13069.9,15.0,23583.3,13101.6,23.3,23605.3,13041.2,23.0,0.9
16.650,5,23643.6,12508.7,15.0,23636.7,12541.5,24.1,23659.7,12484.6,21.9,1.3
16.650,6,23547.5,12784.2,15.0,23538.2,12830.1,37.0,23564.3,12762.5,22.7,1.0
16.650,7,23528.0,7322.2,15.0,23488.8,7314.6,28.1,23555.6,7339.0,23.0,1.5
16.650,8,23514.2,14286.0,15.0,23498.9,14281.4,23.3,23530.0,14336.5,55.6,1.0
16.650,9,23543.2,12667.2,15.0,23528.6,12640.6,23.0,23549.4,12695.8,22.8,1.1
16.650,10,23522.9,15040.5,15.0,23539.1,15047.8,23.3,23508.3,14989.7,51.1,1.0
16.650,11,23604.0,15033.3,15.0,23611.1,15014.0,22.7,23589.6,15037.5,25.3,1.1
16.650,13,23608.1,14987.7,15.0,23614.6,14962.9,22.7,23593.6,15007.0,23.2,1.2
16.667,4,23589.8,13068.5,15.0,23583.1,13101.8,24.1,23605.6,13039.9,22.9,0.9
16.667,5,23643.6,12506.5,15.0,23636.4,12541.8,25.5,23660.0,12482.6,22.0,1.3
16.667,6,23547.5,12782.5,15.0,23537.5,12829.7,39.5,23564.3,12763.2,22.7,1.0
16.667,7,23529.4,7322.2,15.0,23487.8,7314.1,30.3,23556.3,7339.2,23.0,1.5
16.667,8,23514.2,14284.2,15.0,23499.5,14281.1,23.3,23530.1,14332.5,54.9,1.0
16.667,9,23543.2,12665.4,15.0,23528.2,12638.2,22.7,23549.5,12695.7,23.0,1.1
16.667,10,23522.9,15042.2,15.0,23538.7,15048.0,23.3,23507.8,14991.2,54.0,1.0
16.667,11,23604.0,15035.1,15.0,23610.8,15013.4,22.7,23589.7,15046.7,24.0,1.1
16.667,13,23608.1,14989.6,15.0,23614.5,14962.6,22.7,23593.4,15013.3,22.9,1.2
16.683,4,23589.8,13067.1,15.0,23582.9,13102.1,25.1,23605.9,13038.7,22.9,0.9
16.683,5,23643.6,12504.4,15.0,23635.9,12543.0,28.0,23660.3,12481.1,22.2,1.3
16.683,6,23547.5,12780.8,15.0,23536.8,12828.9,41.5,23564.2,12764.2,22.7,1.0
16.683,7,23530.8,7322.2,15.0,23486.9,7313.6,32.8,23556.5,7339.4,22.9,1.5
16.683,8,23514.2,14282.5,15.0,23500.1,14280.8,23.3,23530.3,14327.9,53.5,1.0
16.683,9,23543.2,12663.5,15.0,23527.8,12636.2,22.6,23549.7,12695.7,23.7,1.1
16.683,10,23522.9,15043.9,15.0,23538.1,15048.3,23.3,23507.4,14993.7,55.5,1.0
16.683,11,23604.0,15037.0,15.0,23610.5,15012.8,22.7,23589.8,15055.7,23.5,1.1
16.683,13,23608.1,14991.5,15.0,23614.5,14962.5,22.8,23593.0,15017.5,22.8,1.2
16.700,4,23589.8,13065.7,15.0,23582.6,13102.6,26.3,23606.2,13037.6,22.9,0.9
16.700,5,23643.6,12502.3,15.0,23635.3,12544.2,31.0,23660.6,12479.7,22.3,1.3
16.700,6,23547.5,12779.1,15.0,23536.2,12827.4,42.8,23564.0,12764.9,22.7,1.0
16.700,7,23532.3,7322.2,15.0,23486.3,7313.0,35.6,23556.1,7339.5,22.9,1.5
16.700,8,23514.2,14280.8,15.0,23500.7,14280.6,23.3,23530.1,14321.0,48.9,1.0
16.700,9,23543.2,12661.7,15.0,23527.4,12634.6,22.6,23550.0,12696.1,25.0,1.1
16.700,10,23522.9,15045.6,15.0,23537.6,15048.6,23.3,23507.2,14997.6,54.8,1.0
16.700,11,23604.0,15038.9,15.0,23610.4,15012.5,22.7,23589.6,15061.8,23.1,1.1
16.700,13,23608.1,14993.5,15.0,23614.6,14962.7,23.1,23592.6,15020.1,22.5,1.2
16.717,4,23589.8,13064.2,15.0,23582.2,13103.7,28.5,23606.5,13037.0,22.9,0.9
16.717,5,23643.6,12500.1,15.0,23634.6,12544.9,34.5,23660.8,12479.4,22.5,1.3
16.717,6,23547.5,12777.3,15.0,23535.6,12825.4,43.4,23563.7,12765.4,22.7,1.0
16.717,7,23533.7,7322.2,15.0,23485.9,7312.4,38.5,23555.6,7339.6,23.0,1.5
16.717,8,23514.2,14279.0,15.0,23501.4,14280.5,23.3,23529.9,14313.7,44.8,1.0
16.717,9,23543.2,12659.8,15.0,23527.0,12633.4,22.6,23550.5,12696.9,26.9,1.1
16.717,10,23522.9,15047.3,15.0,23537.0,15048.9,23.3,23507.1,15002.3,53.0,1.0
16.717,11,23604.0,15040.7,15.0,23610.3,15012.2,22.8,23589.3,15067.4,23.1,1.1
16.717,13,23608.1,14995.4,15.0,23614.8,14962.5,24.0,23592.2,15022.1,22.4,1.2
16.733,4,23589.8,13062.8,15.0,23581.7,13104.7,30.7,23606.7,13036.4,22.9,0.9
16.733,5,23643.6,12498.0,15.0,23633.8,12545.4,38.2,23660.8,12479.3,22.7,1.3
16.733,6,23547.5,12775.6,15.0,23535.0,12823.4,44.5,23563.4,12765.6,22.7,1.0
16.733,7,23535.1,7322.2,15.0,23486.4,7311.8,40.4,23554.8,7339.6,22.9,1.5
16.733,8,23514.2,14277.3,15.0,23502.1,14280.5,23.3,23529.6,14306.0,40.3,1.0
16.733,9,23543.2,12658.0,15.0,23526.7,12632.4,22.6,23551.0,12698.2,29.7,1.1
16.733,10,23522.9,15049.0,15.0,23536.3,15049.1,23.3,23507.2,15009.1,48.6,1.0
16.733,11,23604.0,15042.6,15.0,23610.4,15012.4,23.0,23588.9,15069.8,22.9,1.1
16.733,13,23608.1,14997.4,15.0,23615.1,14962.1,25.3,23591.8,15023.8,22.5,1.2
16.750,4,23589.8,13061.4,15.0,23581.2,13105.5,33.3,23606.9,13036.3,22.9,0.9
16.750,5,23643.6,12495.9,15.0,23633.0,12544.5,40.5,23660.8,12479.6,22.8,1.3
16.750,6,23547.5,12773.9,15.0,23534.4,12821.3,46.2,23563.0,12765.4,22.7,1.0
16.750,7,23536.5,7322.2,15.0,23487.0,7311.3,42.1,23554.0,7339.5,22.9,1.5
16.750,8,23514.1,14275.5,15.0,23502.8,14280.7,23.3,23529.4,14298.0,36.5,1.0
16.750,9,23543.2,12656.1,15.0,23526.5,12632.1,22.6,23551.7,12699.1,32.9,1.1
16.750,10,23522.9,15050.7,15.0,23535.7,15049.2,23.3,23507.4,15016.3,44.5,1.0
16.750,11,23604.0,15044.4,15.0,23610.5,15012.5,23.5,23588.5,15072.1,22.6,1.1
16.750,13,23608.1,14999.3,15.0,23615.5,14961.2,27.5,23591.4,15025.1,22.5,1.2
16.767,4,23589.8,13060.0,15.0,23580.6,13106.0,36.1,23607.0,13036.8,22.9,0.9
16.767,5,23643.6,12493.7,15.0,23632.3,12543.5,42.8,23660.6,12479.9,23.0,1.3
16.767,6,23547.5,12772.1,15.0,23533.9,12819.5,48.4,23562.6,12765.2,22.7,1.0
16.767,7,23537.9,7322.2,15.0,23488.0,7310.7,43.5,23553.2,7339.3,23.0,1.5
16.767,8,23514.1,14273.8,15.0,23503.5,14281.2,23.3,23529.5,14293.1,34.2,1.0
16.767,9,23543.2,12654.3,15.0,23526.4,12632.6,22.6,23552.4,12699.7,36.3,1.1
16.767,10,23522.9,15052.4,15.0,23535.0,15049.1,23.2,23507.6,15023.8,40.1,1.0
16.767,11,23604.0,15046.3,15.0,23610.8,15012.1,24.7,23588.1,15073.7,22.6,1.1
16.767,13,23608.1,15001.2,15.0,23616.1,14959.9,30.4,23591.2,15026.2,22.6,1.2
16.783,4,23589.8,13058.6,15.0,23580.0,13106.3,38.9,23607.1,13037.2,22.9,0.9
16.783,5,23643.6,12491.6,15.0,23631.6,12541.3,43.6,23660.4,12479.7,23.0,1.3
16.783,6,23547.5,12770.4,15.0,23533.4,12818.0,51.1,23562.2,12764.8,22.7,1.0
16.783,7,23539.3,7322.2,15.0,23489.6,7310.2,44.0,23552.8,7339.1,22.9,1.5
16.783,8,23514.1,14272.1,15.0,23504.2,14281.7,23.3,23529.6,14288.0,32.1,1.0
16.783,9,23543.2,12652.4,15.0,23526.4,12633.2,22.6,23553.1,12699.5,39.2,1.1
16.783,10,23522.9,15054.1,15.0,23534.3,15049.0,23.3,23507.8,15031.7,36.4,1.0
16.783,11,23604.0,15048.2,15.0,23611.2,15011.6,26.3,23587.7,15075.1,22.7,1.1
16.783,13,23608.1,15003.2,15.0,23616.8,14959.0,33.7,23590.9,15026.4,22.6,1.2
16.800,4,23589.8,13057.2,15.0,23579.4,13105.7,40.6,23607.0,13038.1,22.8,0.9
16.800,5,23643.6,12489.5,15.0,23630.9,12539.1,44.4,23660.1,12479.4,23.1,1.3
16.800,6,23547.5,12768.7,15.0,23532.9,12815.7,52.8,23561.7,12764.4,22.7,1.0
16.800,7,23540.8,7322.2,15.0,23491.2,7309.7,44.5,23552.3,7338.9,23.0,1.5
16.800,8,23514.1,14270.3,15.0,23504.9,14282.5,23.2,23529.6,14282.8,30.7,1.0
16.800,9,23543.2,12650.6,15.0,23526.5,12634.1,22.7,23553.9,12698.6,41.3,1.1
16.800,10,23522.9,15055.8,15.0,23533.6,15048.5,23.2,23507.7,15036.5,34.2,1.0
16.800,11,23604.0,15050.0,15.0,23611.7,15010.2,29.1,23587.4,15076.1,22.7,1.1
16.800,13,23608.1,15005.1,15.0,23617.6,14958.4,37.3,23590.8,15026.2,22.7,1.2
16.817,4,23589.8,13055.7,15.0,23578.8,13105.0,42.3,23606.9,13038.9,22.9,0.9
16.817,5,23643.6,12487.3,15.0,23630.3,12536.8,46.2,23659.7,12478.5,23.0,1.3
16.817,6,23547.5,12766.9,15.0,23532.8,12811.9,52.2,23561.1,12764.0,22.7,1.0
16.817,7,23542.2,7322.2,15.0,23492.9,7309.2,45.7,23552.3,7338.6,23.0,1.5
16.817,8,23514.1,14268.6,15.0,23505.6,14283.4,23.3,23529.6,14277.5,29.5,1.0
16.817,9,23543.2,12648.7,15.0,23526.7,12634.7,22.7,23554.5,12697.1,42.7,1.1
16.817,10,23522.9,15057.5,15.0,23532.9,15048.0,23.3,23507.6,15041.4,32.1,1.0
16.817,11,23604.0,15051.9,15.0,23612.4,15009.1,32.1,23587.1,15076.8,22.7,1.1
16.817,13,23608.1,15007.1,15.0,23618.3,14958.8,40.0,23590.9,15025.6,22.8,1.2
16.833,4,23589.8,13054.3,15.0,23578.3,13103.8,43.4,23606.8,13039.5,22.9,0.9
16.833,5,23643.6,12485.2,15.0,23629.7,12534.4,48.2,23659.3,12477.5,23.0,1.3
16.833,6,23547.5,12765.2,15.0,23532.6,12807.5,50.8,23560.6,12763.6,22.7,1.0
16.833,7,23543.6,7322.2,15.0,23494.6,7308.8,47.1,23552.4,7338.3,23.0,1.5
16.833,8,23514.1,14266.9,15.0,23506.1,14284.3,23.2,23529.4,14269.8,27.7,1.0
16.833,9,23543.2,12646.9,15.0,23527.0,12635.1,22.7,23555.1,12695.0,43.4,1.1
16.833,10,23522.9,15059.2,15.0,23532.2,15047.2,23.2,23507.6,15046.5,30.8,1.0
16.833,11,23604.0,15053.8,15.0,23613.1,15008.4,35.5,23586.9,15076.4,22.7,1.1
16.833,13,23608.1,15009.0,15.0,23619.1,14959.7,42.2,23591.0,15024.8,22.9,1.2
16.850,4,23589.8,13052.9,15.0,23577.8,13102.2,43.9,23606.5,13040.0,22.9,0.9
16.850,5,23643.6,12483.1,15.0,23629.1,12532.7,51.2,23658.9,12476.4,22.9,1.3
16.850,6,23547.5,12763.5,15.0,23532.8,12801.0,46.6,23560.0,12763.3,22.7,1.0
16.850,7,23545.0,7322.2,15.0,23496.2,7308.3,48.8,23552.5,7337.9,23.0,1.5
16.850,8,23514.1,14265.1,15.0,23506.6,14285.2,23.3,23529.3,14261.6,26.3,1.0
16.850,9,23543.2,12645.0,15.0,23527.3,12635.2,22.7,23555.7,12692.9,44.6,1.1
16.850,10,23522.9,15060.9,15.0,23531.6,15046.3,23.3,23507.5,15051.7,29.6,1.0
16.850,11,23604.0,15055.6,15.0,23613.9,15008.2,38.9,23586.9,15075.8,22.8,1.1
16.850,13,23608.1,15010.9,15.0,23619.7,14961.5,43.4,23591.2,15024.4,22.9,1.2
16.867,4,23589.8,13051.5,15.0,23577.3,13100.6,44.4,23606.3,13040.4,22.9,0.9
16.867,5,23643.6,12481.0,15.0,23628.6,12530.4,53.5,23658.4,12475.4,22.8,1.3
16.867,6,23547.5,12761.7,15.0,23532.9,12794.0,42.7,23559.4,12763.1,22.7,1.0
16.867,7,23546.4,7322.2,15.0,23497.4,7307.9,51.1,23552.8,7337.6,23.0,1.5
16.867,8,23514.1,14263.4,15.0,23507.0,14286.0,23.2,23529.1,14252.5,24.8,1.0
16.867,9,23543.2,12643.2,15.0,23527.7,12634.9,22.7,23556.3,12690.7,46.4,1.1
16.867,10,23522.9,15062.6,15.0,23531.0,15045.5,23.2,23507.6,15059.2,27.8,1.0
16.867,11,23604.0,15057.5,15.0,23614.6,15009.0,41.0,23587.0,15075.0,22.8,1.1
16.867,13,23608.1,15012.9,15.0,23620.4,14963.6,44.1,23591.5,15024.2,22.9,1.2
16.883,4,23589.8,13050.1,15.0,23576.8,13098.9,45.8,23606.0,13040.3,22.9,0.9
16.883,5,23643.6,12478.8,15.0,23628.4,12526.1,52.9,23657.9,12474.4,22.7,1.3
16.883,6,23547.5,12760.0,15.0,23533.1,12786.8,38.5,23558.7,12763.0,22.7,1.0
16.883,7,23547.8,7322.2,15.0,23498.7,7307.4,53.4,23553.0,7337.2,23.0,1.5
16.883,8,23514.1,14261.6,15.0,23507.3,14286.8,23.3,23529.0,14243.0,24.2,1.0
16.883,9,23543.2,12641.3,15.0,23528.1,12634.5,22.7,23556.9,12688.8,48.7,1.1
16.883,10,23522.9,15064.3,15.0,23530.5,15044.6,23.3,23507.7,15067.1,26.4,1.0
16.883,11,23604.0,15059.3,15.0,23615.3,15010.2,42.9,23587.1,15074.2,22.8,1.1
16.883,13,23608.1,15014.8,15.0,23621.0,14965.8,45.6,23591.8,15024.4,22.9,1.2
16.900,4,23589.8,13048.7,15.0,23576.4,13097.2,47.2,23605.7,13040.2,22.9,0.9
16.900,5,23643.6,12476.7,15.0,23628.2,12521.2,51.3,23657.3,12473.4,22.7,1.3
16.900,6,23547.5,12758.3,15.0,23533.3,12779.2,35.0,23558.1,12763.0,22.7,1.0
16.900,7,23549.3,7322.2,15.0,23501.2,7307.2,53.9,23553.3,7336.7,23.0,1.5
16.900,8,23514.1,14259.9,15.0,23507.5,14287.3,23.3,23529.1,14236.2,23.9,1.0
16.900,9,23543.2,12639.5,15.0,23528.6,12634.0,22.7,23557.4,12687.2,51.6,1.1
16.900,10,23522.9,15066.1,15.0,23530.1,15043.8,23.2,23507.9,15076.0,24.9,1.0
16.900,11,23604.0,15061.2,15.0,23615.9,15012.3,43.6,23587.4,15073.8,22.8,1.1
16.900,13,23608.1,15016.8,15.0,23621.6,14968.0,47.4,23592.2,15024.9,22.9,1.2
16.917,4,23589.8,13047.2,15.0,23575.9,13095.7,49.0,23605.3,13040.0,22.9,0.9
16.917,5,23643.6,12474.6,15.0,23628.3,12514.0,46.8,23656.7,12472.5,22.6,1.3
16.917,6,23547.5,12756.5,15.0,23533.2,12774.6,32.9,23557.4,12763.4,22.7,1.0
16.917,7,23550.7,7322.2,15.0,23504.4,7307.0,53.3,23553.6,7336.3,23.0,1.5
16.917,8,23514.1,14258.2,15.0,23507.6,14287.7,23.3,23529.3,14230.2,23.8,1.0
16.917,9,23543.2,12637.6,15.0,23529.1,12633.5,22.7,23557.8,12684.3,52.6,1.1
16.917,10,23522.9,15067.8,15.0,23529.8,15043.0,23.2,23508.0,15085.2,24.2,1.0
16.917,11,23604.0,15063.1,15.0,23616.5,15014.4,44.5,23587.7,15073.5,22.9,1.1
16.917,13,23608.1,15018.7,15.0,23622.2,14969.8,50.0,23592.7,15025.5,22.9,1.2
16.933,4,23589.8,13045.8,15.0,23575.5,13094.5,51.3,23605.0,13039.8,22.9,0.9
16.933,5,23643.6,12472.4,15.0,23628.5,12506.4,42.6,23656.0,12472.0,22.5,1.3
16.933,6,23547.5,12754.8,15.0,23533.1,12769.8,31.0,23556.7,12763.7,22.7,1.0
16.933,7,23552.1,7322.2,15.0,23507.8,7306.9,52.5,23553.9,7335.8,23.0,1.5
16.933,8,23514.1,14256.4,15.0,23507.5,14287.8,23.5,23529.7,14226.9,23.7,1.0
16.933,9,23543.2,12635.8,15.0,23529.7,12633.0,22.7,23558.0,12680.3,52.0,1.1
16.933,10,23522.9,15069.5,15.0,23529.7,15042.5,23.2,23507.9,15092.3,23.9,1.0
16.933,11,23604.0,15064.9,15.0,23617.1,15016.5,46.3,23588.1,15073.8,22.8,1.1
16.933,13,23608.1,15020.6,15.0,23622.8,14971.5,53.0,23593.1,15026.1,22.9,1.2
16.950,4,23589.8,13044.4,15.0,23575.0,13093.2,53.7,23604.6,13039.5,22.9,0.9
16.950,5,23643.6,12470.3,15.0,23628.7,12498.4,38.2,23655.3,12471.7,22.5,1.3
16.950,6,23547.5,12753.1,15.0,23533.1,12764.8,29.7,23556.1,12764.4,22.7,1.0
16.950,7,23553.5,7322.2,15.0,23513.2,7307.0,48.9,23554.1,7335.3,22.9,1.5
16.950,8,23514.1,14254.7,15.0,23507.4,14287.8,23.7,23530.2,14224.6,23.4,1.0
16.950,9,23543.2,12633.9,15.0,23530.3,12632.6,22.7,23558.0,12674.9,49.3,1.1
16.950,10,23522.9,15071.2,15.0,23529.6,15042.1,23.3,23507.7,15098.3,23.8,1.0
16.950,11,23604.0,15066.8,15.0,23617.7,15018.6,48.4,23588.5,15074.1,22.8,1.1
16.950,13,23608.1,15022.6,15.0,23623.1,14975.0,53.2,23593.7,15026.8,22.8,1.2
16.967,4,23589.8,13043.0,15.0,23574.9,13090.2,53.4,23604.1,13039.2,22.9,0.9
16.967,5,23643.6,12468.2,15.0,23628.8,12491.1,34.9,23654.6,12471.5,22.4,1.3
16.967,6,23547.5,12751.4,15.0,23533.1,12759.8,28.6,23555.5,12765.1,22.7,1.0
16.967,7,23554.9,7322.2,15.0,23518.9,7307.1,45.5,23554.3,7334.8,23.0,1.5
16.967,8,23514.1,14252.9,15.0,23507.2,14288.1,24.6,23530.6,14222.9,23.3,1.0
16.967,9,23543.2,12632.1,15.0,23530.9,12632.2,22.7,23557.9,12667.9,45.1,1.1
16.967,10,23522.9,15072.9,15.0,23529.6,15041.9,23.4,23507.3,15102.2,23.7,1.0
16.967,11,23604.0,15068.6,15.0,23618.3,15020.2,51.3,23589.0,15074.6,22.8,1.1
16.967,13,23608.1,15024.5,15.0,23623.3,14979.2,52.6,23594.2,15027.4,22.8,1.2
16.983,4,23589.8,13041.6,15.0,23574.7,13087.1,52.9,23603.7,13038.9,22.9,0.9
16.983,5,23643.6,12466.0,15.0,23628.7,12486.0,32.8,23653.9,12471.7,22.4,1.3
16.983,6,23547.5,12749.6,15.0,23533.2,12752.5,26.8,23555.0,12765.8,22.7,1.0
16.983,7,23556.3,7322.2,15.0,23524.8,7307.3,42.1,23554.4,7334.2,22.9,1.5
16.983,8,23514.1,14251.2,15.0,23506.8,14288.6,26.0,23531.0,14221.5,23.3,1.0
16.983,9,23543.2,12630.2,15.0,23531.5,12632.0,22.6,23557.7,12660.6,40.9,1.1
16.983,10,23522.9,15074.6,15.0,23529.7,15041.9,23.6,23506.9,15104.4,23.4,1.0
16.983,11,23604.0,15070.5,15.0,23618.8,15022.5,53.4,23589.5,15075.1,22.8,1.1
16.983,13,23608.1,15026.4,15.0,23623.2,14985.4,49.0,23594.9,15028.0,22.7,1.2
17.000,4,23589.8,13040.2,15.0,23574.6,13083.2,51.4,23603.2,13038.6,22.9,0.9
17.000,5,23643.6,12463.9,15.0,23628.7,12480.6,31.1,23653.2,12472.0,22.3,1.3
17.000,6,23547.5,12747.9,15.0,23533.3,12744.8,25.5,23554.5,12766.5,22.7,1.0
17.000,7,23557.8,7322.2,15.0,23530.9,7307.4,38.7,23554.4,7333.7,22.9,1.5
17.000,8,23514.1,14249.5,15.0,23506.4,14289.7,28.1,23531.4,14220.5,23.3,1.0
17.000,9,23543.2,12628.4,15.0,23532.2,12631.9,22.6,23557.5,12652.8,36.8,1.1
17.000,10,23522.9,15076.3,15.0,23529.9,15041.7,24.3,23506.4,15106.3,23.3,1.0
17.000,11,23604.0,15072.4,15.0,23619.0,15026.5,52.7,23590.1,15075.6,22.8,1.1
17.000,13,23608.1,15028.4,15.0,23623.1,14992.7,44.8,23595.5,15028.5,22.7,1.2
